-3, 292, 9, -10, 399, -10, -13, 1139, 37;
0, 292, 10, 18, 401, -8, -3, 1142, 40;
2, 294, 12, 51, 405, -2, 10, 1148, 47;
1, 291, 9, 69, 394, -11, 5, 1136, 36;
8, 296, 14, 112, 407, 5, 33, 1156, 57;
6, 292, 10, 126, 390, -7, 23, 1139, 41;
12, 296, 15, 168, 401, 8, 50, 1157, 61;
9, 291, 10, 178, 380, -6, 37, 1136, 42;
17, 296, 16, 222, 392, 11, 66, 1156, 65;
13, 290, 11, 231, 369, -4, 53, 1134, 45;
14, 289, 11, 254, 359, -6, 57, 1128, 43;
20, 293, 15, 292, 364, 8, 80, 1142, 60;
16, 286, 10, 298, 336, -9, 64, 1117, 39;
23, 291, 15, 337, 343, 8, 92, 1135, 60;
19, 284, 10, 342, 314, -9, 75, 1108, 39;
26, 289, 16, 382, 321, 10, 105, 1128, 63;
23, 283, 11, 388, 294, -4, 92, 1106, 45;
23, 280, 10, 402, 275, -9, 90, 1094, 39;
30, 285, 16, 441, 281, 10, 120, 1114, 64;
32, 284, 16, 459, 268, 12, 126, 1110, 65;
29, 279, 12, 463, 240, 0, 115, 1089, 50;
31, 278, 13, 481, 227, 2, 122, 1086, 53;
28, 273, 10, 484, 199, -9, 110, 1065, 39;
29, 272, 10, 499, 184, -7, 116, 1061, 41;
30, 270, 10, 509, 164, -9, 117, 1053, 39;
37, 274, 16, 541, 167, 11, 145, 1072, 64;
32, 267, 11, 534, 133, -5, 127, 1045, 44;
37, 270, 15, 556, 128, 7, 146, 1054, 60;
33, 264, 11, 551, 97, -4, 132, 1032, 45;
34, 262, 11, 557, 78, -4, 134, 1025, 45;
35, 262, 12, 565, 62, -1, 139, 1022, 49;
34, 259, 11, 565, 40, -4, 135, 1010, 44;
37, 259, 13, 574, 27, 1, 144, 1011, 53;
35, 256, 12, 570, 3, -2, 139, 998, 47;
35, 253, 11, 569, -17, -4, 137, 989, 45;
39, 255, 15, 579, -24, 7, 152, 997, 60;
40, 255, 16, 581, -39, 12, 156, 995, 66;
37, 250, 14, 568, -67, 3, 144, 977, 55;
33, 245, 10, 551, -97, -8, 128, 956, 40;
36, 246, 13, 556, -105, 2, 140, 962, 54;
32, 242, 11, 540, -132, -5, 128, 945, 43;
31, 240, 10, 529, -152, -7, 124, 936, 41;
31, 238, 10, 520, -169, -6, 122, 931, 42;
33, 239, 13, 516, -179, 0, 129, 933, 51;
31, 236, 12, 500, -199, -2, 122, 923, 48;
32, 236, 14, 492, -210, 3, 125, 924, 54;
32, 236, 15, 481, -223, 7, 127, 923, 60;
32, 235, 16, 468, -236, 9, 126, 920, 62;
25, 228, 10, 434, -268, -7, 100, 892, 41;
30, 233, 16, 434, -265, 10, 118, 909, 63;
26, 229, 13, 408, -287, 2, 103, 894, 54;
24, 227, 13, 386, -302, 0, 96, 887, 51;
25, 228, 15, 372, -309, 6, 99, 890, 59;
18, 221, 9, 334, -338, -10, 72, 864, 38;
23, 226, 15, 331, -330, 8, 91, 884, 61;
15, 219, 9, 289, -359, -10, 62, 857, 38;
20, 225, 16, 286, -349, 9, 81, 878, 63;
13, 218, 10, 243, -377, -9, 51, 851, 39;
12, 218, 11, 222, -381, -5, 49, 852, 43;
15, 222, 15, 210, -375, 7, 59, 866, 60;
12, 220, 14, 181, -385, 3, 49, 859, 55;
12, 221, 16, 161, -385, 10, 50, 865, 63;
8, 218, 13, 125, -399, 0, 31, 851, 51;
4, 216, 11, 93, -409, -5, 17, 842, 44;
5, 218, 14, 75, -403, 3, 21, 852, 54;
0, 214, 10, 35, -417, -9, 0, 836, 39;
-1, 214, 10, 8, -419, -9, -7, 835, 39;
0, 217, 13, -9, -409, 0, -2, 846, 50;
0, 219, 14, -30, -403, 5, -2, 854, 57;
-5, 215, 11, -68, -412, -5, -22, 841, 43;
-3, 219, 14, -83, -398, 5, -15, 856, 58;
-4, 220, 15, -108, -393, 8, -18, 860, 61;
-12, 215, 10, -152, -406, -9, -47, 840, 39;
-12, 217, 11, -172, -395, -4, -46, 848, 45;
-13, 218, 12, -196, -387, -1, -50, 853, 48;
-13, 221, 13, -216, -375, 2, -51, 862, 54;
-18, 218, 10, -252, -378, -7, -70, 852, 41;
-17, 221, 13, -268, -361, 0, -66, 865, 51;
-17, 224, 14, -287, -348, 4, -67, 873, 56;
-18, 225, 14, -309, -336, 5, -71, 879, 58;
-21, 224, 13, -336, -330, 0, -82, 877, 52;
-22, 225, 13, -358, -319, 0, -88, 881, 51;
-26, 224, 10, -386, -314, -7, -103, 876, 41;
-21, 232, 16, -387, -282, 12, -84, 905, 65;
-24, 232, 15, -410, -272, 8, -93, 905, 61;
-26, 231, 13, -433, -263, 2, -105, 904, 54;
-26, 234, 15, -446, -244, 6, -104, 914, 59;
-31, 232, 11, -473, -239, -4, -122, 906, 45;
-31, 234, 12, -486, -221, -2, -123, 915, 48;
-31, 237, 13, -497, -201, 1, -122, 925, 52;
-29, 241, 16, -501, -176, 9, -115, 942, 62;
-32, 241, 14, -518, -164, 4, -125, 942, 55;
-33, 242, 13, -531, -148, 2, -129, 946, 53;
-33, 245, 14, -538, -128, 4, -129, 955, 56;
-34, 246, 13, -549, -112, 1, -134, 959, 53;
-34, 248, 14, -553, -90, 4, -132, 970, 56;
-37, 247, 11, -568, -81, -4, -145, 965, 45;
-37, 249, 11, -573, -63, -5, -147, 971, 44;
-33, 256, 16, -560, -27, 10, -128, 998, 64;
-33, 257, 15, -564, -10, 9, -131, 1004, 62;
-36, 256, 13, -572, 1, 1, -141, 1001, 52;
-34, 260, 15, -565, 26, 7, -133, 1016, 60;
-36, 260, 13, -569, 39, 1, -140, 1015, 52;
-37, 261, 12, -570, 54, -2, -144, 1018, 47;
-32, 267, 16, -553, 87, 10, -127, 1041, 64;
-36, 264, 11, -561, 91, -4, -143, 1030, 45;
-36, 266, 11, -555, 110, -4, -142, 1037, 45;
-33, 270, 14, -538, 137, 4, -129, 1055, 56;
-32, 272, 14, -529, 154, 3, -127, 1061, 55;
-29, 276, 16, -510, 180, 12, -114, 1078, 66;
-36, 270, 9, -522, 174, -11, -141, 1055, 37;
-33, 274, 11, -503, 198, -4, -129, 1070, 45;
-33, 275, 10, -491, 212, -6, -128, 1073, 42;
-29, 279, 13, -468, 236, 1, -115, 1089, 52;
-27, 281, 14, -449, 255, 4, -107, 1099, 56;
-28, 281, 12, -437, 265, 0, -109, 1098, 49;
-27, 282, 12, -421, 277, -2, -107, 1100, 47;
-23, 286, 14, -394, 298, 4, -93, 1115, 56;
-27, 282, 9, -389, 297, -10, -107, 1101, 38;
-25, 284, 10, -366, 312, -7, -98, 1109, 41;
-20, 289, 14, -333, 335, 3, -79, 1128, 55;
-22, 286, 10, -322, 334, -7, -87, 1118, 41;
-22, 286, 9, -304, 340, -12, -87, 1116, 35;
-17, 290, 12, -270, 359, -2, -69, 1132, 48;
-17, 289, 10, -251, 363, -6, -69, 1129, 42;
-14, 292, 12, -220, 377, -1, -56, 1139, 49;
-15, 290, 9, -204, 375, -10, -60, 1131, 38;
-8, 295, 15, -162, 397, 6, -34, 1153, 58;
-8, 294, 13, -141, 398, 1, -33, 1149, 52;
-3, 298, 16, -104, 413, 12, -13, 1164, 66;
-6, 294, 12, -91, 403, -1, -23, 1149, 49;
-7, 291, 9, -73, 396, -10, -28, 1138, 37;
0, 297, 15, -28, 416, 7, 0, 1161, 59;
0, 295, 12, -9, 409, 0, -3, 1152, 50;
-1, 292, 10, 9, 400, -8, -6, 1141, 39;
0, 293, 11, 39, 402, -5, 3, 1145, 43;
2, 293, 10, 65, 399, -6, 9, 1143, 42;
8, 297, 15, 104, 409, 6, 32, 1158, 58;
8, 295, 13, 127, 402, 2, 34, 1152, 54;
7, 292, 11, 145, 389, -5, 30, 1140, 43;
12, 294, 14, 181, 393, 3, 49, 1150, 55;
16, 296, 16, 215, 395, 12, 65, 1158, 66;
10, 288, 9, 216, 364, -11, 42, 1125, 36;
16, 292, 13, 254, 370, 2, 65, 1140, 53;
19, 292, 15, 282, 365, 6, 76, 1141, 58;
15, 286, 9, 288, 337, -11, 60, 1116, 36;
21, 290, 14, 326, 342, 3, 84, 1131, 55;
18, 283, 9, 332, 315, -12, 70, 1107, 35;
21, 284, 10, 358, 308, -7, 82, 1109, 42;
24, 285, 12, 385, 302, -1, 94, 1111, 49;
23, 281, 10, 398, 282, -7, 91, 1098, 41;
29, 285, 15, 431, 282, 7, 114, 1111, 59;
31, 284, 16, 453, 272, 11, 123, 1111, 64;
31, 282, 15, 466, 254, 8, 124, 1101, 61;
29, 277, 12, 471, 227, -2, 114, 1082, 47;
32, 278, 14, 494, 219, 5, 128, 1086, 57;
32, 275, 13, 504, 198, 1, 126, 1075, 52;
36, 277, 16, 526, 191, 11, 142, 1081, 65;
30, 268, 9, 516, 152, -9, 118, 1048, 38;
31, 268, 10, 529, 137, -7, 124, 1045, 42;
37, 270, 15, 552, 133, 6, 144, 1055, 59;
35, 267, 13, 555, 110, 2, 140, 1042, 53;
39, 268, 16, 570, 100, 10, 152, 1046, 64;
38, 266, 15, 574, 79, 8, 151, 1037, 62;
36, 261, 12, 568, 50, 0, 140, 1018, 50;
38, 261, 15, 579, 39, 7, 151, 1020, 59;
37, 258, 14, 577, 16, 3, 147, 1009, 55;
38, 257, 15, 580, 0, 6, 150, 1005, 58;
36, 253, 12, 571, -27, -1, 140, 988, 49;
39, 255, 16, 580, -35, 9, 154, 995, 63;
38, 252, 15, 573, -57, 7, 149, 984, 59;
37, 249, 14, 565, -79, 3, 144, 973, 55;
39, 250, 16, 567, -90, 11, 152, 976, 65;
32, 242, 10, 540, -128, -8, 126, 945, 41;
32, 241, 11, 534, -144, -5, 127, 941, 44;
32, 239, 11, 524, -162, -5, 125, 935, 44;
36, 242, 16, 528, -165, 9, 140, 946, 62;
30, 235, 10, 499, -198, -7, 117, 919, 42;
30, 235, 12, 490, -211, -2, 119, 918, 47;
31, 236, 14, 483, -220, 4, 124, 921, 56;
29, 233, 13, 464, -240, 0, 115, 910, 51;
26, 229, 10, 440, -263, -6, 102, 895, 42;
29, 232, 15, 437, -263, 7, 116, 908, 60;
22, 225, 9, 400, -296, -11, 88, 879, 36;
23, 225, 11, 386, -304, -5, 90, 881, 43;
25, 227, 14, 376, -307, 4, 97, 888, 56;
25, 228, 16, 362, -313, 10, 100, 892, 63;
24, 227, 16, 340, -324, 10, 95, 888, 64;
22, 226, 16, 317, -336, 9, 88, 882, 63;
21, 226, 16, 295, -344, 11, 85, 881, 65;
18, 223, 14, 265, -359, 5, 71, 870, 57;
15, 221, 13, 237, -372, 1, 60, 862, 52;
9, 216, 9, 199, -392, -11, 38, 843, 36;
13, 221, 14, 191, -382, 5, 53, 862, 57;
12, 221, 15, 168, -385, 7, 49, 863, 60;
6, 216, 11, 127, -404, -6, 25, 843, 43;
5, 216, 11, 103, -406, -3, 22, 845, 46;
4, 217, 12, 79, -406, -1, 18, 847, 49;
6, 220, 15, 62, -399, 8, 24, 858, 62;
-1, 214, 9, 17, -419, -9, -5, 835, 38;
-2, 214, 10, -8, -418, -8, -10, 836, 40;
2, 221, 16, -14, -397, 12, 8, 862, 66;
-2, 217, 13, -52, -406, 1, -11, 850, 53;
-4, 218, 13, -78, -403, 2, -16, 851, 54;
-8, 216, 11, -111, -406, -4, -31, 844, 45;
-4, 222, 16, -121, -386, 12, -18, 866, 65;
-7, 221, 15, -152, -385, 7, -29, 863, 60;
-14, 216, 10, -193, -395, -7, -55, 846, 41;
-12, 220, 13, -208, -378, 2, -49, 860, 53;
-17, 217, 10, -244, -382, -8, -69, 849, 40;
-16, 221, 12, -261, -366, -1, -66, 862, 49;
-17, 223, 14, -281, -352, 3, -66, 871, 54;
-21, 221, 11, -312, -351, -5, -82, 864, 44;
-20, 225, 13, -327, -332, 2, -78, 878, 54;
-25, 222, 10, -360, -332, -8, -98, 868, 39;
-27, 222, 9, -384, -323, -12, -107, 868, 35;
-27, 224, 10, -401, -307, -9, -108, 877, 39;
-24, 230, 14, -407, -280, 4, -96, 899, 56;
-30, 227, 10, -438, -279, -8, -117, 888, 40;
-25, 235, 16, -437, -246, 9, -99, 916, 63;
-29, 233, 13, -463, -240, 0, -114, 911, 52;
-33, 232, 10, -487, -232, -7, -128, 906, 41;
-31, 236, 13, -493, -208, 0, -122, 922, 51;
-32, 237, 12, -508, -192, 0, -127, 927, 49;
-34, 238, 11, -523, -179, -4, -135, 928, 45;
-33, 241, 13, -528, -155, 1, -129, 943, 52;
-34, 243, 13, -538, -137, 1, -132, 949, 52;
-37, 241, 10, -557, -129, -9, -147, 943, 39;
-32, 249, 15, -547, -93, 8, -127, 972, 61;
-33, 250, 15, -555, -76, 6, -131, 977, 59;
-39, 247, 10, -575, -73, -9, -152, 964, 39;
-35, 253, 14, -566, -41, 3, -137, 987, 55;
-35, 254, 13, -570, -24, 1, -140, 992, 53;
-40, 251, 9, -585, -18, -12, -157, 982, 35;
-35, 259, 14, -568, 17, 4, -136, 1010, 56;
-38, 257, 11, -577, 26, -5, -149, 1004, 43;
-33, 264, 16, -559, 61, 9, -129, 1031, 63;
-38, 260, 10, -573, 62, -8, -151, 1015, 40;
-34, 266, 14, -556, 93, 3, -134, 1038, 55;
-36, 265, 11, -558, 103, -5, -143, 1034, 44;
-33, 269, 13, -542, 129, 2, -132, 1050, 54;
-36, 267, 10, -545, 136, -8, -143, 1043, 40;
-29, 275, 16, -514, 174, 12, -115, 1075, 66;
-32, 274, 13, -513, 181, 1, -126, 1069, 52;
-32, 275, 13, -502, 197, 0, -125, 1073, 50;
-28, 280, 16, -479, 223, 9, -109, 1092, 63;
-27, 281, 15, -465, 239, 8, -106, 1097, 62;
-31, 277, 10, -465, 239, -6, -122, 1083, 42;
-30, 279, 11, -447, 255, -5, -117, 1090, 43;
-29, 280, 10, -431, 268, -7, -114, 1093, 41;
-25, 284, 13, -405, 289, 0, -101, 1107, 50;
-26, 283, 10, -392, 296, -6, -104, 1104, 42;
-23, 286, 13, -365, 316, 0, -90, 1118, 51;
-24, 284, 10, -353, 318, -9, -97, 1110, 39;
-20, 289, 13, -321, 339, 0, -79, 1127, 52;
-20, 288, 11, -303, 345, -3, -78, 1126, 46;
-14, 294, 16, -265, 370, 11, -54, 1148, 65;
-18, 289, 10, -258, 361, -6, -70, 1129, 42;
-13, 293, 14, -224, 379, 3, -52, 1144, 55;
-9, 296, 16, -191, 394, 11, -36, 1156, 64;
-14, 290, 9, -187, 379, -9, -56, 1133, 38;
-12, 291, 10, -160, 386, -8, -48, 1136, 39;
-11, 291, 9, -135, 389, -10, -44, 1135, 37;
-6, 294, 12, -98, 403, 0, -24, 1150, 50;
-1, 297, 15, -63, 414, 8, -7, 1161, 61;
-1, 296, 14, -40, 413, 4, -5, 1158, 56;
-1, 295, 13, -17, 409, 0, -4, 1152, 51;
-1, 293, 11, 3, 403, -5, -4, 1145, 43;
5, 299, 16, 47, 420, 11, 23, 1166, 65;
6, 297, 15, 69, 413, 6, 23, 1159, 58;
2, 292, 10, 80, 395, -8, 11, 1139, 39;
10, 298, 16, 127, 411, 10, 42, 1162, 64;
10, 295, 14, 147, 401, 4, 40, 1153, 56;
11, 294, 13, 170, 393, 1, 43, 1148, 52;
11, 292, 11, 190, 381, -3, 43, 1139, 46;
14, 293, 13, 220, 379, 1, 56, 1142, 52;
12, 289, 10, 235, 362, -8, 50, 1127, 40;
14, 288, 10, 260, 354, -7, 56, 1125, 41;
18, 289, 12, 291, 352, 0, 71, 1130, 50;
20, 289, 13, 317, 344, 2, 81, 1130, 53;
23, 290, 15, 344, 338, 7, 92, 1132, 59;
22, 286, 12, 358, 319, 0, 88, 1118, 50;
27, 289, 16, 390, 318, 10, 107, 1128, 64;
27, 286, 15, 405, 300, 6, 107, 1117, 58;
29, 285, 15, 426, 289, 8, 114, 1115, 61;
28, 282, 13, 437, 267, 1, 110, 1100, 52;
31, 283, 15, 462, 259, 8, 123, 1104, 61;
27, 276, 10, 461, 227, -7, 106, 1078, 41;
33, 280, 16, 493, 229, 9, 132, 1093, 62;
29, 273, 10, 491, 196, -7, 115, 1067, 42;
30, 271, 10, 503, 178, -7, 117, 1060, 41;
35, 274, 14, 528, 173, 5, 136, 1069, 57;
34, 271, 13, 534, 151, 1, 133, 1057, 52;
34, 268, 12, 540, 130, -1, 132, 1047, 48;
37, 269, 15, 559, 122, 8, 147, 1052, 61;
33, 263, 11, 552, 90, -5, 132, 1029, 44;
37, 265, 14, 568, 82, 5, 146, 1035, 57;
32, 258, 9, 556, 46, -11, 127, 1007, 36;
33, 257, 10, 562, 30, -8, 131, 1003, 40;
38, 260, 15, 580, 26, 7, 152, 1016, 60;
34, 254, 10, 567, -6, -6, 134, 991, 42;
39, 257, 16, 583, -8, 10, 155, 1005, 64;
39, 255, 16, 581, -28, 10, 154, 998, 63;
33, 247, 10, 558, -67, -9, 129, 966, 39;
36, 249, 13, 566, -73, 2, 143, 974, 54;
35, 246, 12, 556, -96, -1, 137, 962, 49;
35, 245, 13, 550, -114, 0, 137, 957, 50;
32, 241, 10, 535, -140, -7, 125, 940, 41;
31, 239, 10, 524, -159, -8, 121, 932, 40;
32, 239, 11, 519, -172, -3, 125, 932, 46;
36, 242, 16, 521, -175, 10, 140, 943, 64;
33, 238, 14, 502, -199, 3, 128, 929, 55;
29, 233, 11, 478, -225, -5, 113, 910, 43;
27, 231, 10, 461, -243, -7, 107, 902, 41;
30, 233, 14, 457, -246, 4, 118, 911, 56;
26, 229, 11, 432, -269, -3, 103, 896, 46;
26, 229, 12, 417, -281, -1, 102, 893, 49;
28, 231, 16, 410, -283, 10, 112, 903, 64;
27, 230, 16, 388, -298, 9, 106, 897, 62;
23, 226, 14, 361, -316, 3, 93, 884, 54;
17, 221, 9, 326, -342, -11, 70, 862, 37;
19, 223, 12, 313, -344, -1, 76, 869, 48;
19, 223, 14, 295, -349, 3, 76, 872, 54;
16, 220, 12, 265, -365, -2, 63, 861, 47;
17, 223, 15, 251, -363, 7, 69, 870, 60;
15, 222, 15, 225, -372, 6, 62, 866, 58;
10, 217, 11, 189, -390, -5, 41, 849, 44;
7, 215, 9, 157, -402, -10, 28, 840, 37;
10, 220, 14, 148, -391, 5, 42, 859, 58;
4, 214, 9, 106, -411, -10, 16, 837, 38;
3, 215, 11, 83, -410, -5, 14, 841, 43;
3, 216, 12, 60, -409, -2, 13, 845, 48;
3, 218, 14, 39, -405, 3, 13, 851, 55;
2, 218, 14, 14, -404, 4, 8, 853, 57;
-1, 216, 12, -19, -410, -1, -6, 845, 49;
0, 220, 16, -34, -398, 10, 1, 860, 63;
-4, 217, 13, -70, -405, 1, -16, 849, 52;
-7, 216, 11, -102, -407, -3, -28, 845, 46;
-4, 221, 16, -113, -388, 11, -16, 865, 65;
-7, 220, 15, -144, -388, 6, -29, 860, 59;
-11, 219, 13, -176, -389, 0, -43, 855, 51;
-16, 215, 9, -214, -395, -11, -65, 842, 36;
-16, 218, 11, -234, -382, -6, -64, 851, 43;
-19, 217, 9, -262, -378, -10, -75, 850, 38;
-18, 221, 12, -279, -362, -2, -72, 862, 47;
-16, 225, 15, -290, -340, 8, -63, 880, 62;
-20, 223, 12, -323, -339, -1, -81, 872, 49;
-24, 222, 10, -352, -335, -8, -95, 867, 40;
-19, 229, 16, -355, -305, 10, -77, 895, 63;
-21, 230, 16, -376, -293, 9, -84, 898, 62;
-27, 227, 11, -410, -294, -5, -107, 885, 44;
-30, 226, 9, -435, -287, -11, -119, 883, 36;
-26, 232, 14, -437, -256, 4, -104, 908, 56;
-30, 231, 11, -463, -250, -4, -119, 902, 45;
-28, 236, 14, -468, -224, 5, -110, 921, 58;
-27, 239, 16, -478, -203, 10, -108, 933, 64;
-33, 235, 11, -507, -202, -4, -131, 920, 44;
-32, 239, 13, -513, -178, 2, -125, 935, 53;
-36, 237, 9, -536, -172, -9, -143, 927, 38;
-30, 245, 16, -526, -134, 10, -120, 958, 63;
-38, 241, 9, -555, -136, -10, -148, 940, 38;
-35, 245, 12, -555, -109, -1, -139, 957, 48;
-33, 250, 15, -551, -81, 7, -129, 976, 60;
-33, 252, 16, -555, -61, 9, -128, 985, 62;
-37, 250, 12, -572, -54, -3, -145, 976, 46;
-32, 256, 16, -560, -20, 11, -128, 1001, 64;
-34, 256, 14, -567, -7, 5, -135, 1002, 58;
-34, 258, 14, -567, 12, 5, -135, 1009, 58;
-33, 262, 16, -562, 35, 10, -129, 1022, 63;
-40, 257, 9, -581, 33, -11, -156, 1002, 36;
-39, 259, 9, -577, 53, -10, -154, 1010, 37;
-34, 265, 14, -557, 87, 4, -134, 1036, 56;
-38, 263, 10, -565, 92, -9, -150, 1026, 39;
-35, 267, 12, -550, 118, -1, -138, 1042, 48;
-33, 270, 13, -537, 140, 2, -131, 1054, 53;
-35, 269, 11, -536, 150, -6, -139, 1050, 43;
-36, 269, 9, -529, 164, -9, -141, 1052, 38;
-31, 276, 14, -502, 195, 4, -121, 1076, 56;
-29, 278, 15, -486, 216, 7, -113, 1087, 60;
-30, 278, 13, -478, 226, 1, -117, 1085, 52;
-27, 281, 14, -458, 246, 5, -108, 1097, 58;
-26, 282, 14, -441, 262, 5, -104, 1102, 58;
-24, 285, 16, -421, 280, 9, -95, 1112, 62;
-27, 282, 12, -414, 282, -2, -105, 1103, 48;
-28, 281, 9, -404, 286, -11, -112, 1096, 36;
-20, 289, 16, -361, 323, 11, -78, 1130, 65;
-24, 285, 11, -356, 318, -5, -93, 1114, 44;
-18, 290, 15, -322, 342, 7, -72, 1134, 60;
-22, 286, 9, -317, 335, -10, -89, 1116, 38;
-16, 291, 14, -279, 360, 4, -64, 1138, 56;
-19, 288, 9, -270, 355, -10, -77, 1123, 38;
-11, 295, 16, -224, 385, 11, -43, 1154, 65;
-16, 290, 10, -219, 372, -8, -62, 1131, 40;
-12, 292, 11, -189, 384, -3, -50, 1140, 46;
-13, 290, 9, -171, 381, -11, -54, 1132, 36;
-11, 291, 10, -142, 389, -8, -44, 1137, 40;
-3, 298, 16, -96, 413, 10, -13, 1163, 64;
-1, 298, 16, -69, 416, 11, -6, 1165, 64;
-1, 297, 14, -48, 413, 5, -6, 1158, 57;
-5, 291, 9, -38, 398, -11, -20, 1138, 36;
3, 299, 16, 12, 422, 12, 15, 1168, 66;
4, 298, 16, 37, 419, 10, 19, 1165, 63;
6, 298, 16, 63, 417, 9, 25, 1163, 62;
5, 295, 13, 81, 405, 0, 20, 1151, 51;
7, 295, 13, 108, 403, 0, 27, 1151, 52;
9, 295, 13, 136, 400, 2, 35, 1151, 53;
8, 291, 10, 153, 386, -6, 31, 1138, 42;
13, 295, 15, 192, 394, 6, 54, 1152, 58;
12, 291, 12, 208, 378, -2, 49, 1138, 47;
11, 288, 9, 225, 363, -10, 46, 1126, 38;
16, 291, 13, 261, 366, 1, 66, 1137, 52;
19, 291, 14, 287, 359, 3, 74, 1137, 55;
21, 291, 15, 314, 352, 6, 84, 1137, 59;
21, 289, 13, 332, 337, 2, 85, 1128, 53;
18, 283, 9, 340, 312, -11, 73, 1106, 36;
20, 282, 9, 362, 301, -10, 80, 1103, 38;
27, 287, 15, 400, 306, 8, 107, 1121, 60;
24, 282, 11, 407, 280, -4, 97, 1101, 45;
24, 279, 10, 422, 263, -7, 97, 1091, 41;
29, 282, 14, 452, 260, 4, 116, 1100, 56;
28, 278, 11, 460, 236, -4, 110, 1084, 45;
31, 279, 14, 483, 228, 3, 123, 1088, 55;
35, 280, 16, 505, 220, 11, 137, 1092, 65;
34, 277, 15, 515, 200, 8, 136, 1081, 61;
35, 275, 15, 527, 182, 8, 139, 1075, 61;
33, 271, 12, 529, 156, 0, 131, 1057, 50;
32, 267, 11, 534, 133, -5, 127, 1044, 43;
31, 264, 9, 536, 108, -11, 121, 1030, 36;
39, 270, 16, 567, 114, 12, 153, 1053, 66;
34, 263, 12, 558, 80, -2, 136, 1027, 47;
39, 265, 16, 575, 73, 9, 152, 1035, 62;
39, 263, 15, 579, 53, 8, 152, 1027, 61;
37, 260, 14, 576, 29, 3, 147, 1014, 55;
36, 257, 13, 573, 6, 0, 143, 1002, 51;
39, 258, 16, 583, -2, 9, 155, 1007, 63;
33, 250, 10, 564, -40, -7, 132, 978, 41;
34, 249, 11, 564, -56, -4, 135, 974, 44;
34, 248, 11, 560, -75, -5, 134, 967, 44;
32, 244, 10, 550, -98, -9, 127, 955, 39;
37, 247, 14, 558, -102, 5, 144, 966, 57;
34, 244, 13, 546, -126, 0, 136, 953, 51;
32, 241, 11, 532, -148, -3, 128, 941, 46;
30, 237, 9, 516, -172, -10, 118, 926, 38;
29, 236, 9, 505, -190, -9, 116, 920, 38;
33, 238, 14, 506, -193, 3, 129, 931, 55;
32, 237, 14, 492, -210, 3, 126, 924, 55;
29, 234, 12, 473, -231, 0, 116, 913, 49;
30, 234, 14, 463, -241, 4, 119, 913, 56;
25, 228, 10, 432, -270, -9, 98, 890, 39;
27, 230, 13, 425, -274, 0, 106, 898, 52;
26, 229, 13, 407, -287, 1, 103, 894, 53;
21, 224, 10, 376, -312, -9, 84, 875, 39;
23, 225, 12, 364, -316, 0, 89, 881, 49;
20, 223, 11, 340, -332, -4, 80, 872, 45;
23, 227, 16, 333, -328, 10, 93, 886, 64;
22, 226, 16, 310, -338, 10, 88, 883, 64;
17, 222, 13, 277, -358, 1, 70, 867, 52;
17, 222, 14, 256, -363, 4, 68, 868, 56;
14, 220, 12, 227, -376, 0, 55, 858, 50;
10, 217, 10, 196, -390, -6, 42, 848, 42;
10, 218, 12, 174, -392, -2, 40, 851, 47;
6, 214, 9, 140, -406, -11, 23, 838, 36;
7, 217, 12, 122, -402, -2, 27, 847, 47;
4, 216, 11, 94, -408, -4, 18, 843, 45;
7, 220, 16, 81, -396, 10, 30, 860, 63;
0, 215, 10, 38, -415, -6, 2, 839, 42;
4, 220, 16, 27, -400, 9, 16, 859, 62;
0, 217, 12, -9, -410, 0, -3, 846, 50;
-1, 217, 13, -35, -408, 0, -7, 848, 52;
-4, 216, 12, -65, -410, -2, -19, 844, 47;
-4, 218, 13, -86, -401, 2, -18, 852, 54;
-4, 221, 16, -106, -391, 9, -17, 861, 62;
-6, 220, 15, -136, -390, 6, -27, 860, 59;
-11, 218, 12, -171, -394, -2, -45, 850, 47;
-9, 222, 16, -185, -376, 9, -36, 867, 62;
-14, 219, 12, -221, -380, -1, -56, 856, 48;
-14, 221, 13, -241, -368, 2, -57, 865, 54;
-16, 222, 13, -267, -360, 1, -65, 866, 52;
-17, 223, 14, -288, -348, 3, -67, 873, 55;
-20, 222, 12, -317, -344, -2, -81, 869, 48;
-23, 223, 11, -342, -336, -5, -90, 870, 44;
-25, 223, 10, -366, -327, -7, -98, 871, 41;
-22, 228, 14, -375, -303, 4, -88, 890, 56;
-21, 232, 16, -387, -282, 12, -84, 905, 66;
-30, 225, 9, -429, -292, -11, -118, 880, 36;
-26, 232, 14, -432, -262, 3, -104, 904, 55;
-29, 231, 12, -456, -254, -3, -116, 902, 46;
-26, 237, 16, -459, -225, 10, -103, 924, 63;
-31, 234, 12, -486, -221, -2, -123, 915, 48;
-31, 236, 12, -498, -203, 0, -124, 923, 50;
-31, 239, 14, -507, -182, 3, -122, 935, 55;
-31, 242, 15, -515, -161, 7, -121, 945, 59;
-30, 245, 16, -521, -139, 11, -117, 958, 65;
-36, 241, 11, -548, -138, -6, -142, 942, 43;
-37, 243, 10, -558, -121, -7, -145, 948, 42;
-38, 244, 10, -566, -104, -8, -149, 953, 40;
-34, 250, 14, -559, -72, 4, -134, 976, 56;
-36, 250, 13, -567, -57, 0, -141, 978, 51;
-33, 256, 16, -560, -27, 10, -128, 998, 64;
-38, 252, 11, -579, -25, -6, -150, 985, 43;
-39, 253, 9, -584, -10, -10, -155, 987, 38;
-39, 255, 10, -581, 11, -8, -152, 997, 40;
-40, 256, 9, -582, 27, -11, -156, 1000, 36;
-36, 261, 13, -568, 57, 0, -141, 1021, 50;
-34, 265, 14, -559, 80, 4, -135, 1033, 56;
-31, 269, 16, -546, 107, 11, -124, 1049, 65;
-34, 268, 14, -547, 117, 3, -132, 1046, 55;
-37, 266, 10, -551, 124, -8, -145, 1038, 40;
-34, 269, 12, -536, 147, -2, -136, 1052, 47;
-31, 274, 14, -517, 173, 5, -123, 1069, 57;
-29, 277, 16, -501, 195, 9, -114, 1081, 63;
-32, 275, 12, -499, 202, -1, -125, 1074, 49;
-30, 278, 13, -481, 222, 2, -117, 1085, 54;
-28, 280, 14, -465, 239, 3, -112, 1092, 55;
-27, 281, 14, -448, 255, 4, -107, 1099, 56;
-28, 281, 12, -437, 265, 0, -109, 1098, 49;
-27, 282, 11, -422, 276, -3, -108, 1099, 46;
-22, 287, 15, -390, 302, 8, -88, 1120, 61;
-25, 284, 11, -384, 302, -4, -100, 1108, 45;
-26, 283, 9, -369, 309, -10, -102, 1106, 38;
-20, 288, 13, -335, 333, 2, -81, 1126, 53;
-20, 289, 12, -315, 342, 0, -78, 1127, 50;
-17, 290, 13, -289, 354, 2, -69, 1134, 53;
-17, 290, 12, -270, 359, -2, -69, 1132, 48;
-11, 295, 16, -232, 382, 11, -46, 1152, 65;
-17, 289, 9, -229, 368, -9, -66, 1129, 38;
-10, 295, 15, -187, 392, 6, -40, 1151, 59;
-11, 293, 12, -170, 389, -1, -44, 1143, 48;
-12, 291, 10, -151, 387, -9, -47, 1136, 39;
-10, 291, 9, -126, 391, -9, -41, 1137, 38;
-4, 296, 14, -84, 410, 5, -15, 1157, 57;
-7, 292, 9, -73, 397, -10, -28, 1139, 38;
0, 297, 14, -31, 413, 4, -2, 1158, 57;
1, 297, 15, -2, 416, 6, 6, 1161, 59;
2, 296, 14, 21, 413, 3, 9, 1157, 55;
4, 296, 14, 49, 413, 4, 16, 1158, 56;
2, 293, 11, 66, 401, -5, 11, 1145, 44;
10, 298, 16, 110, 416, 12, 39, 1165, 66;
8, 295, 14, 128, 402, 2, 34, 1152, 54;
7, 292, 11, 145, 389, -6, 29, 1139, 43;
10, 293, 12, 175, 388, -1, 42, 1143, 49;
16, 296, 16, 214, 394, 11, 64, 1157, 65;
12, 290, 10, 220, 368, -7, 47, 1131, 41;
14, 290, 11, 248, 364, -3, 58, 1132, 46;
14, 287, 9, 265, 347, -11, 54, 1119, 36;
16, 286, 9, 290, 339, -9, 62, 1118, 38;
20, 288, 12, 321, 338, 0, 79, 1125, 50;
22, 288, 13, 347, 330, 2, 88, 1125, 54;
24, 288, 14, 370, 320, 4, 97, 1124, 57;
20, 281, 9, 374, 290, -12, 80, 1097, 35;
25, 283, 12, 403, 287, -2, 97, 1104, 47;
24, 280, 10, 416, 267, -8, 95, 1092, 40;
31, 284, 16, 452, 272, 10, 123, 1111, 64;
26, 277, 10, 449, 236, -9, 102, 1080, 39;
29, 278, 12, 473, 229, -1, 116, 1084, 49;
29, 275, 11, 485, 210, -3, 116, 1075, 46;
29, 272, 10, 495, 190, -7, 115, 1064, 41;
34, 274, 14, 519, 184, 3, 132, 1072, 55;
32, 270, 11, 522, 158, -3, 126, 1055, 46;
35, 271, 14, 541, 149, 4, 139, 1059, 56;
37, 271, 15, 553, 134, 8, 146, 1057, 61;
38, 269, 15, 562, 116, 8, 148, 1051, 61;
38, 267, 15, 567, 97, 7, 148, 1042, 60;
38, 265, 15, 573, 78, 8, 151, 1036, 61;
37, 262, 13, 571, 53, 2, 144, 1021, 53;
36, 259, 13, 572, 32, 0, 142, 1012, 51;
33, 255, 10, 565, 4, -8, 132, 994, 40;
35, 254, 11, 569, -10, -4, 137, 992, 45;
39, 257, 16, 582, -16, 9, 154, 1002, 62;
39, 255, 16, 581, -33, 11, 155, 997, 64;
35, 249, 12, 565, -65, -1, 139, 974, 49;
38, 251, 15, 569, -75, 8, 149, 978, 60;
39, 250, 16, 567, -89, 11, 153, 976, 65;
35, 245, 13, 549, -119, 1, 137, 956, 52;
35, 243, 13, 542, -136, 2, 137, 951, 54;
34, 241, 13, 530, -155, 0, 132, 942, 52;
31, 238, 11, 515, -178, -3, 124, 930, 46;
34, 240, 15, 513, -185, 6, 133, 936, 58;
34, 239, 15, 502, -200, 8, 133, 932, 61;
27, 232, 10, 471, -233, -8, 109, 905, 40;
29, 233, 13, 465, -239, 0, 116, 911, 52;
30, 234, 15, 454, -249, 6, 119, 912, 59;
30, 233, 16, 440, -261, 9, 119, 911, 63;
25, 228, 11, 408, -288, -3, 98, 889, 46;
27, 230, 15, 400, -290, 8, 107, 898, 61;
26, 228, 15, 380, -304, 7, 101, 892, 60;
19, 222, 10, 343, -332, -8, 77, 868, 40;
19, 222, 11, 325, -339, -4, 76, 869, 45;
16, 220, 10, 298, -355, -9, 65, 859, 39;
14, 218, 9, 272, -367, -11, 56, 852, 36;
14, 219, 10, 253, -372, -7, 55, 854, 41;
13, 219, 11, 232, -376, -3, 54, 856, 46;
15, 221, 14, 216, -376, 4, 58, 864, 57;
13, 220, 14, 191, -382, 5, 52, 861, 57;
6, 215, 9, 149, -404, -10, 26, 839, 37;
10, 219, 14, 139, -393, 5, 39, 857, 57;
3, 214, 9, 96, -413, -11, 12, 835, 36;
8, 221, 16, 91, -394, 10, 33, 862, 64;
3, 217, 13, 54, -407, 0, 13, 848, 51;
0, 215, 10, 20, -416, -6, -1, 838, 42;
-2, 214, 10, -8, -418, -8, -11, 836, 39;
-2, 216, 12, -29, -411, -2, -9, 844, 48;
-2, 218, 14, -50, -404, 3, -9, 851, 54;
-4, 218, 13, -79, -404, 1, -18, 850, 52;
-4, 220, 15, -100, -395, 7, -17, 858, 59;
-5, 221, 16, -124, -389, 9, -21, 863, 62;
-13, 215, 9, -169, -403, -9, -52, 840, 38;
-12, 218, 12, -188, -389, -2, -48, 852, 48;
-14, 218, 11, -214, -384, -3, -57, 853, 46;
-16, 219, 12, -239, -376, -3, -62, 856, 47;
-20, 217, 9, -272, -377, -11, -79, 848, 36;
-19, 220, 11, -289, -361, -5, -77, 860, 44;
-16, 226, 16, -296, -335, 11, -62, 884, 64;
-20, 225, 14, -326, -332, 3, -78, 878, 54;
-19, 228, 16, -342, -314, 9, -75, 890, 62;
-21, 229, 15, -364, -303, 7, -82, 893, 60;
-21, 230, 16, -382, -288, 9, -85, 900, 63;
-25, 230, 14, -408, -281, 3, -97, 898, 55;
-29, 228, 10, -437, -277, -6, -115, 890, 42;
-32, 228, 9, -458, -267, -11, -125, 890, 37;
-32, 230, 9, -474, -250, -10, -127, 897, 38;
-33, 232, 10, -487, -233, -8, -129, 905, 40;
-30, 237, 14, -489, -204, 4, -117, 927, 56;
-30, 239, 14, -502, -187, 4, -120, 933, 56;
-34, 238, 11, -523, -179, -4, -134, 929, 45;
-30, 244, 16, -520, -147, 9, -120, 953, 62;
-32, 245, 15, -533, -132, 6, -125, 956, 59;
-37, 242, 10, -556, -128, -8, -146, 944, 40;
-33, 248, 14, -551, -97, 4, -132, 967, 56;
-38, 245, 10, -571, -92, -9, -151, 957, 39;
-35, 251, 13, -564, -61, 2, -138, 978, 53;
-39, 249, 10, -578, -53, -8, -152, 972, 40;
-33, 257, 16, -562, -15, 9, -130, 1002, 63;
-32, 259, 16, -562, 5, 11, -128, 1012, 65;
-38, 255, 11, -578, 7, -5, -149, 998, 44;
-36, 259, 12, -573, 30, -1, -144, 1010, 49;
-34, 262, 14, -565, 55, 4, -136, 1024, 56;
-39, 259, 9, -576, 59, -11, -154, 1012, 36;
-38, 261, 10, -569, 79, -9, -151, 1021, 39;
-34, 267, 13, -551, 109, 1, -135, 1042, 52;
-33, 270, 14, -540, 131, 5, -129, 1053, 57;
-35, 268, 11, -541, 140, -4, -138, 1048, 45;
-37, 268, 9, -537, 151, -11, -145, 1046, 36;
-36, 270, 9, -526, 169, -11, -142, 1053, 36;
-30, 277, 14, -497, 202, 5, -118, 1080, 57;
-27, 280, 16, -478, 225, 10, -108, 1093, 64;
-27, 281, 15, -465, 239, 8, -106, 1097, 62;
-32, 276, 9, -468, 236, -9, -126, 1079, 38;
-26, 282, 14, -437, 265, 4, -104, 1102, 56;
-28, 280, 11, -430, 269, -5, -112, 1095, 43;
-23, 286, 15, -399, 295, 6, -93, 1115, 58;
-21, 288, 16, -376, 312, 9, -84, 1124, 62;
-22, 287, 13, -364, 317, 1, -89, 1119, 52;
-20, 289, 14, -339, 333, 5, -78, 1129, 57;
-21, 287, 11, -326, 335, -3, -84, 1121, 46;
-20, 288, 11, -304, 345, -4, -79, 1124, 45;
-13, 294, 16, -264, 370, 11, -54, 1148, 65;
-15, 292, 13, -250, 369, 1, -60, 1139, 53;
-11, 295, 15, -219, 384, 8, -46, 1150, 61;
-14, 291, 11, -208, 377, -5, -57, 1136, 44;
-15, 289, 9, -188, 378, -11, -58, 1130, 36;
-9, 294, 13, -149, 397, 1, -35, 1149, 53;
-5, 297, 16, -115, 409, 9, -19, 1160, 62;
-4, 296, 14, -93, 409, 5, -17, 1157, 57;
-5, 294, 11, -75, 402, -3, -22, 1147, 46;
-4, 294, 11, -49, 404, -4, -16, 1147, 45;
1, 298, 15, -9, 418, 8, 6, 1163, 62;
-2, 293, 10, 0, 401, -8, -7, 1142, 40;
0, 293, 11, 30, 403, -5, 1, 1145, 43;
3, 294, 12, 61, 405, -1, 13, 1149, 48;
6, 295, 13, 92, 407, 2, 25, 1154, 54;
8, 295, 13, 119, 404, 2, 32, 1153, 54;
12, 297, 16, 153, 407, 10, 48, 1161, 63;
10, 293, 12, 168, 391, 0, 41, 1145, 50;
14, 294, 14, 199, 390, 5, 54, 1150, 57;
12, 291, 11, 216, 375, -3, 50, 1137, 46;
19, 295, 16, 256, 383, 12, 76, 1153, 66;
19, 293, 15, 277, 370, 8, 77, 1145, 61;
19, 291, 14, 296, 356, 4, 77, 1136, 56;
21, 290, 14, 318, 345, 3, 82, 1131, 54;
24, 291, 16, 347, 341, 9, 96, 1135, 63;
19, 283, 9, 346, 308, -11, 74, 1104, 36;
23, 285, 12, 377, 304, -2, 91, 1111, 47;
29, 288, 16, 411, 306, 11, 113, 1124, 65;
28, 284, 14, 423, 285, 5, 110, 1110, 57;
30, 284, 15, 445, 275, 9, 119, 1110, 62;
31, 282, 15, 460, 258, 7, 122, 1102, 60;
27, 276, 11, 463, 229, -6, 108, 1079, 43;
33, 279, 15, 492, 227, 7, 130, 1091, 60;
33, 277, 14, 503, 207, 4, 129, 1081, 56;
31, 273, 12, 508, 183, -2, 123, 1066, 47;
32, 272, 12, 521, 167, -1, 128, 1061, 49;
30, 266, 9, 521, 138, -12, 117, 1041, 35;
32, 266, 10, 534, 124, -8, 124, 1039, 40;
32, 264, 10, 541, 105, -9, 125, 1031, 39;
31, 261, 9, 546, 84, -11, 124, 1021, 36;
38, 266, 16, 573, 86, 9, 151, 1040, 62;
38, 263, 15, 574, 63, 6, 149, 1029, 58;
33, 256, 9, 561, 28, -10, 129, 1001, 38;
38, 260, 15, 579, 26, 6, 151, 1015, 59;
38, 258, 14, 578, 5, 5, 149, 1006, 57;
39, 257, 15, 582, -10, 8, 153, 1003, 62;
33, 249, 10, 561, -48, -9, 130, 973, 39;
37, 252, 14, 572, -53, 3, 146, 983, 55;
39, 252, 16, 574, -65, 10, 153, 984, 64;
31, 243, 9, 546, -107, -11, 124, 950, 36;
36, 246, 14, 554, -111, 3, 141, 961, 54;
31, 240, 9, 532, -143, -10, 121, 937, 37;
30, 238, 9, 522, -161, -11, 118, 929, 37;
30, 237, 9, 513, -178, -9, 117, 924, 38;
32, 238, 13, 512, -184, 1, 128, 932, 52;
35, 240, 16, 509, -191, 11, 138, 938, 65;
32, 236, 14, 488, -215, 3, 125, 922, 55;
26, 229, 9, 457, -247, -12, 101, 896, 35;
29, 233, 13, 456, -248, 2, 116, 909, 54;
26, 229, 11, 431, -270, -4, 102, 894, 45;
23, 225, 9, 406, -291, -11, 89, 881, 36;
25, 228, 13, 400, -293, 1, 100, 891, 52;
25, 228, 14, 384, -302, 4, 100, 891, 56;
24, 227, 14, 364, -314, 5, 96, 887, 57;
22, 226, 14, 341, -327, 4, 89, 881, 56;
20, 223, 13, 315, -341, 0, 79, 873, 52;
19, 223, 13, 294, -350, 1, 75, 870, 53;
19, 223, 15, 275, -355, 6, 75, 873, 59;
17, 222, 14, 249, -365, 5, 67, 868, 57;
15, 221, 14, 223, -374, 4, 60, 864, 56;
14, 221, 14, 199, -380, 5, 54, 862, 57;
12, 220, 14, 174, -386, 5, 48, 860, 57;
5, 214, 9, 131, -408, -11, 21, 837, 36;
10, 221, 16, 127, -390, 10, 42, 863, 64;
4, 216, 11, 85, -408, -4, 17, 843, 45;
7, 220, 16, 72, -397, 9, 28, 860, 63;
-1, 213, 9, 25, -419, -10, -4, 833, 37;
-2, 214, 10, 0, -418, -9, -9, 835, 39;
2, 220, 16, -8, -399, 9, 7, 859, 63;
-3, 216, 12, -47, -410, -2, -13, 845, 48;
-4, 218, 13, -70, -404, 1, -15, 850, 53;
-5, 218, 13, -97, -402, 1, -22, 851, 52;
-11, 215, 9, -135, -409, -9, -43, 838, 38;
-11, 216, 11, -157, -401, -6, -45, 844, 43;
-7, 222, 16, -166, -378, 11, -30, 868, 64;
-11, 220, 14, -198, -379, 3, -45, 861, 55;
-15, 219, 11, -231, -379, -3, -61, 855, 46;
-14, 222, 14, -247, -363, 4, -56, 868, 56;
-16, 222, 13, -274, -356, 2, -65, 868, 53;
-19, 222, 12, -301, -351, -1, -76, 867, 48;
-18, 225, 14, -316, -333, 5, -73, 880, 57;
-21, 225, 13, -341, -324, 2, -82, 881, 54;
-24, 225, 12, -368, -318, -2, -94, 878, 47;
-23, 228, 13, -383, -300, 2, -93, 889, 53;
-25, 228, 13, -404, -288, 0, -99, 893, 52;
-29, 227, 10, -433, -284, -8, -116, 886, 40;
-25, 234, 15, -433, -253, 8, -99, 912, 61;
-30, 231, 11, -463, -251, -5, -120, 901, 44;
-26, 238, 16, -462, -218, 12, -103, 929, 65;
-34, 232, 10, -498, -223, -9, -133, 908, 39;
-31, 238, 13, -499, -194, 2, -121, 929, 54;
-30, 241, 15, -508, -173, 6, -120, 940, 58;
-30, 243, 15, -518, -154, 8, -120, 949, 61;
-32, 244, 14, -531, -139, 5, -126, 952, 57;
-32, 246, 15, -539, -120, 6, -127, 960, 58;
-32, 248, 15, -544, -98, 9, -126, 971, 62;
-35, 248, 13, -559, -88, 0, -138, 967, 51;
-37, 248, 11, -569, -75, -4, -146, 967, 45;
-33, 254, 16, -559, -41, 10, -129, 993, 63;
-38, 251, 10, -578, -38, -6, -150, 979, 42;
-35, 255, 13, -571, -10, 2, -139, 998, 53;
-36, 256, 12, -574, 5, 0, -143, 1001, 50;
-33, 261, 15, -564, 34, 8, -132, 1019, 61;
-34, 262, 15, -563, 51, 6, -133, 1025, 59;
-38, 260, 10, -573, 57, -6, -149, 1015, 42;
-38, 261, 10, -570, 74, -8, -150, 1020, 40;
-34, 267, 14, -551, 106, 4, -132, 1043, 56;
-33, 269, 14, -543, 124, 4, -130, 1050, 56;
-37, 266, 9, -550, 127, -11, -148, 1038, 37;
-33, 272, 13, -527, 159, 2, -129, 1061, 53;
-30, 275, 15, -510, 182, 8, -118, 1075, 61;
-30, 276, 14, -501, 197, 5, -118, 1078, 58;
-32, 275, 11, -497, 204, -3, -127, 1073, 46;
-29, 278, 14, -476, 228, 3, -115, 1087, 54;
-29, 279, 13, -462, 242, 1, -113, 1091, 52;
-31, 277, 10, -457, 246, -9, -122, 1084, 39;
-28, 280, 11, -435, 266, -4, -113, 1095, 44;
-27, 282, 12, -414, 282, -2, -105, 1103, 47;
-27, 282, 10, -399, 291, -7, -106, 1102, 42;
-25, 284, 11, -377, 306, -4, -98, 1110, 44;
-26, 283, 9, -363, 312, -11, -102, 1106, 36;
-24, 284, 9, -340, 324, -10, -95, 1111, 37;
-18, 290, 13, -305, 348, 1, -73, 1131, 53;
-16, 292, 14, -278, 361, 5, -64, 1139, 57;
-19, 288, 10, -268, 356, -8, -75, 1125, 40;
-13, 293, 14, -231, 378, 4, -53, 1144, 56;
-15, 290, 10, -218, 374, -6, -61, 1133, 42;
-13, 291, 11, -191, 381, -5, -53, 1137, 43;
-9, 295, 14, -156, 397, 3, -35, 1151, 55;
-10, 292, 11, -139, 392, -5, -40, 1141, 43;
-5, 296, 14, -102, 407, 4, -20, 1155, 56;
-2, 298, 15, -72, 414, 8, -9, 1162, 61;
-6, 291, 9, -65, 396, -11, -27, 1138, 37;
2, 299, 16, -14, 421, 12, 8, 1167, 66;
19, 0, 6, 2577, 2771, 2853, 75, 3, 26;
10, 24, 4, 4104, 3307, 2147, 40, 95, 18;
18, 17, 5, 4239, 1996, 2686, 70, 67, 22;
14, 9, 1, 2699, 3447, 2621, 55, 38, 6;
19, 24, 6, 2417, 5175, 1029, 76, 96, 25;
10, 0, 1, 3141, 2615, 2598, 41, 0, 7;
3, 9, 0, 4206, 4582, 1729, 14, 35, 1;
13, 15, 12, 1917, 2844, 2220, 53, 59, 49;
14, 0, 0, 2436, 4531, 2193, 55, 2, 0;
10, 0, 1, 1718, 1824, 2066, 41, 0, 7;
6, 17, 12, 2708, 5099, 2772, 26, 68, 48;
19, 19, 2, 1657, 5235, 2281, 76, 77, 11;
1, 16, 4, 3907, 4118, 2305, 6, 62, 19;
9, 9, 7, 2211, 4408, 1623, 35, 35, 28;
15, 10, 7, 2514, 5144, 2599, 59, 42, 27;
18, 14, 8, 2850, 5129, 2282, 71, 55, 33;
10, 3, 0, 1933, 5193, 1985, 39, 13, 0;
8, 25, 2, 3322, 2533, 2537, 31, 99, 11;
10, 7, 0, 3870, 2680, 2685, 40, 29, 3;
20, 1, 4, 1820, 4716, 2591, 80, 4, 19;
2, 12, 9, 3607, 4332, 1225, 11, 48, 35;
1, 24, 8, 3327, 3722, 1554, 4, 97, 33;
15, 14, 11, 2465, 5232, 1006, 60, 55, 43;
6, 12, 3, 1491, 2750, 2507, 25, 46, 13;
14, 20, 4, 3714, 4452, 2074, 56, 79, 16;
2, 20, 2, 4196, 3887, 1969, 7, 78, 10;
19, 4, 9, 1738, 2358, 2934, 75, 18, 36;
11, 9, 4, 4297, 2433, 1746, 46, 38, 15;
17, 16, 10, 2920, 1984, 1492, 69, 65, 41;
2, 22, 6, 3561, 4983, 1552, 8, 87, 27;
15, 12, 9, 3919, 4705, 2765, 61, 49, 37;
18, 22, 5, 4219, 4870, 2196, 70, 88, 21;
18, 0, 4, 2445, 2016, 1651, 71, 0, 16;
2, 22, 6, 2371, 4193, 1626, 9, 86, 25;
18, 5, 11, 2324, 2461, 1993, 71, 19, 44;
14, 27, 4, 3725, 3245, 1541, 55, 105, 18;
6, 4, 0, 3564, 5076, 2361, 25, 15, 3;
15, 23, 8, 2388, 4833, 2012, 60, 92, 32;
5, 16, 2, 3132, 3018, 2056, 19, 63, 10;
0, 5, 2, 2044, 2029, 2707, 2, 22, 11;
18, 2, 7, 3930, 2076, 983, 72, 11, 27;
8, 7, 12, 2873, 2494, 2885, 31, 29, 49;
5, 5, 7, 3346, 4448, 2334, 20, 20, 31;
13, 3, 3, 3970, 2394, 1437, 54, 11, 14;
10, 1, 5, 3225, 4215, 2256, 40, 4, 21;
14, 30, 8, 2672, 3166, 1442, 58, 120, 32;
6, 11, 9, 2884, 4352, 2744, 25, 45, 36;
1, 22, 3, 2649, 3636, 1254, 6, 86, 14;
19, 23, 8, 2139, 4526, 2008, 75, 93, 31;
11, 15, 4, 3257, 5249, 1789, 43, 59, 19;
16, 12, 10, 4058, 4495, 2760, 63, 48, 39;
2, 10, 0, 3963, 2779, 2117, 9, 42, 1;
4, 26, 11, 3481, 1871, 1039, 18, 102, 43;
14, 9, 12, 3557, 5287, 2076, 56, 38, 47;
20, 20, 1, 3145, 1847, 1621, 81, 78, 6;
16, 2, 11, 1767, 2876, 1041, 63, 11, 44;
6, 30, 1, 3448, 2947, 1222, 26, 118, 5;
20, 10, 0, 3671, 3197, 2384, 80, 40, 3;
5, 14, 9, 2847, 4411, 1511, 21, 55, 36;
6, 5, 0, 3574, 2115, 994, 26, 21, 3;
19, 23, 0, 1757, 3193, 1759, 75, 91, 0;
1, 17, 6, 2305, 1874, 1401, 4, 70, 26;
2, 27, 3, 1658, 3446, 2396, 7, 107, 14;
2, 19, 11, 3710, 3339, 1352, 8, 76, 43;
16, 14, 1, 2080, 5331, 2095, 63, 54, 7;
13, 14, 11, 4417, 4993, 1372, 54, 55, 43;
13, 17, 5, 3812, 4935, 2700, 53, 67, 20;
6, 28, 11, 2675, 4455, 1150, 26, 111, 46;
13, 1, 11, 2602, 5298, 1474, 54, 6, 46;
7, 13, 4, 2654, 5185, 2521, 28, 53, 17;
17, 19, 12, 4135, 5160, 2826, 70, 77, 49;
14, 22, 5, 1781, 3101, 2647, 58, 86, 19;
8, 27, 8, 4356, 4910, 2738, 33, 108, 31;
14, 13, 12, 1835, 3989, 1098, 58, 54, 49;
10, 17, 9, 1692, 2750, 2020, 42, 70, 35;
19, 9, 0, 3428, 3558, 1454, 74, 37, 0;
20, 19, 10, 2140, 4043, 1094, 80, 76, 40;
9, 21, 0, 3302, 3542, 1734, 35, 85, 1;
12, 6, 12, 4057, 2087, 2929, 50, 25, 50;
20, 23, 11, 2759, 2218, 2647, 79, 90, 44;
748, 816, 463, 5231, 4575, 3099, 2917, 3183, 1808;
606, 998, 478, 5048, 4417, 3000, 2363, 3892, 1866;
599, 918, 452, 4848, 4243, 2881, 2338, 3582, 1765;
689, 709, 365, 4657, 4075, 2767, 2688, 2766, 1424;
601, 840, 385, 4464, 3906, 2648, 2347, 3276, 1502;
474, 746, 404, 4271, 3734, 2526, 1851, 2910, 1576;
527, 658, 307, 4140, 3624, 2463, 2057, 2569, 1197;
541, 844, 325, 3985, 3490, 2375, 2113, 3293, 1270;
439, 786, 312, 3821, 3345, 2274, 1712, 3066, 1219;
513, 628, 319, 3636, 3179, 2149, 2004, 2449, 1244;
399, 765, 279, 3514, 3075, 2086, 1559, 2984, 1088;
373, 759, 291, 3379, 2956, 2006, 1457, 2960, 1135;
485, 668, 313, 3256, 2851, 1938, 1894, 2606, 1223;
382, 689, 250, 3113, 2723, 1846, 1492, 2689, 978;
418, 549, 279, 3002, 2628, 1785, 1630, 2142, 1089;
426, 668, 223, 2877, 2517, 1708, 1664, 2608, 870;
378, 655, 235, 2750, 2405, 1627, 1475, 2557, 919;
330, 623, 243, 2666, 2334, 1586, 1290, 2432, 948;
338, 562, 250, 2541, 2222, 1503, 1321, 2192, 978;
335, 608, 170, 2442, 2135, 1445, 1309, 2374, 665;
277, 607, 224, 2372, 2077, 1414, 1081, 2369, 876;
309, 509, 214, 2252, 1969, 1332, 1206, 1985, 836;
248, 491, 183, 2162, 1890, 1278, 970, 1918, 714;
302, 524, 143, 2073, 1812, 1224, 1180, 2045, 561;
286, 551, 152, 1997, 1746, 1181, 1117, 2149, 595;
275, 455, 179, 1918, 1677, 1134, 1076, 1777, 701;
221, 477, 159, 1835, 1603, 1082, 863, 1861, 622;
232, 503, 168, 1774, 1551, 1050, 907, 1964, 657;
213, 507, 117, 1701, 1487, 1006, 833, 1979, 459;
200, 454, 137, 1659, 1454, 991, 780, 1772, 536;
178, 463, 126, 1572, 1375, 930, 696, 1806, 491;
174, 448, 117, 1532, 1342, 916, 678, 1750, 456;
199, 459, 143, 1482, 1299, 889, 777, 1791, 560;
201, 389, 103, 1378, 1203, 808, 785, 1519, 404;
195, 438, 123, 1348, 1180, 801, 760, 1709, 482;
178, 404, 104, 1293, 1131, 768, 697, 1577, 409;
139, 373, 88, 1237, 1082, 732, 544, 1457, 344;
160, 393, 110, 1189, 1040, 704, 624, 1534, 429;
129, 367, 110, 1150, 1006, 683, 504, 1432, 431;
154, 415, 105, 1085, 947, 637, 601, 1620, 412;
123, 396, 101, 1055, 922, 624, 481, 1547, 394;
119, 399, 86, 1017, 890, 604, 466, 1559, 335;
125, 382, 99, 989, 867, 592, 489, 1493, 386;
134, 368, 85, 925, 807, 543, 524, 1438, 333;
106, 346, 64, 886, 773, 519, 416, 1352, 251;
120, 380, 83, 852, 744, 500, 470, 1483, 326;
113, 343, 58, 817, 713, 479, 442, 1340, 226;
105, 335, 62, 821, 721, 496, 410, 1306, 241;
96, 332, 57, 750, 654, 437, 374, 1296, 224;
100, 339, 62, 753, 661, 453, 391, 1324, 245;
107, 342, 61, 723, 634, 434, 419, 1336, 240;
89, 353, 46, 667, 581, 390, 347, 1377, 180;
89, 334, 51, 644, 562, 378, 349, 1305, 199;
92, 330, 57, 624, 545, 368, 361, 1287, 223;
92, 337, 63, 627, 551, 381, 362, 1316, 248;
72, 326, 50, 588, 516, 352, 281, 1275, 196;
61, 336, 50, 554, 484, 327, 240, 1311, 198;
64, 303, 47, 515, 448, 297, 250, 1184, 185;
63, 332, 38, 529, 465, 320, 247, 1296, 151;
70, 305, 43, 501, 439, 300, 275, 1191, 170;
63, 325, 42, 461, 402, 268, 246, 1268, 164;
53, 316, 33, 461, 404, 275, 208, 1233, 132;
49, 303, 41, 433, 378, 255, 193, 1182, 162;
53, 308, 37, 417, 364, 245, 210, 1202, 147;
44, 308, 31, 393, 342, 228, 175, 1202, 124;
53, 307, 37, 401, 352, 242, 208, 1198, 146;
46, 294, 30, 388, 341, 236, 182, 1146, 120;
45, 306, 24, 352, 307, 206, 177, 1194, 94;
44, 289, 28, 355, 311, 214, 175, 1130, 111;
45, 304, 28, 354, 313, 219, 177, 1189, 110;
45, 292, 28, 309, 269, 179, 175, 1142, 111;
36, 289, 20, 293, 255, 168, 140, 1128, 80;
39, 287, 25, 306, 269, 186, 155, 1122, 97;
28, 278, 21, 258, 223, 144, 109, 1086, 82;
38, 294, 22, 284, 250, 173, 148, 1150, 89;
29, 282, 21, 241, 208, 135, 114, 1099, 84;
33, 290, 23, 244, 212, 142, 130, 1131, 93;
30, 278, 14, 218, 188, 121, 120, 1086, 56;
25, 285, 17, 218, 190, 124, 100, 1112, 68;
23, 284, 16, 202, 174, 111, 89, 1109, 64;
1, 256, 0, -1, -1, -1, 4, 999, 2;
1, 256, 0, 0, 0, 0, 5, 1000, 3;
1, 256, 0, -1, -1, -1, 4, 998, 2;
1, 256, 0, 0, 0, 0, 4, 999, 2;
1, 256, 0, -1, -1, -1, 4, 998, 2;
1, 256, 0, 0, 0, 0, 4, 999, 2;
1, 256, 0, 0, 0, 0, 4, 999, 2;
1, 256, 0, -1, -1, -1, 4, 999, 2;
1, 256, 1, 1, 1, 1, 6, 1000, 4;
1, 256, 0, 0, 0, 0, 4, 999, 2;
1, 256, 0, 0, 0, 0, 5, 1000, 3;
1, 256, 0, 0, 0, 0, 4, 999, 2;
1, 256, 1, 1, 1, 1, 6, 1001, 4;
1, 256, 0, 0, 0, 0, 5, 1000, 3;
1, 256, 0, 0, 0, 0, 5, 1000, 3;
1, 256, 1, 1, 1, 1, 5, 1000, 3;
1, 256, 0, -1, -1, -1, 4, 999, 2;
1, 256, 1, 1, 1, 1, 5, 1000, 3;
1, 256, 0, -1, -1, -1, 4, 999, 2;
1, 256, 0, 0, 0, 0, 5, 1000, 3;
1, 256, 0, 0, 0, 0, 5, 1000, 3;
1, 256, 0, 1, 1, 1, 5, 1000, 3;
1, 256, 0, 0, 0, 0, 5, 1000, 3;
1, 256, 0, 1, 1, 1, 5, 1000, 3;
1, 256, 0, 0, 0, 0, 5, 1000, 3;
1, 256, 0, -1, -1, -1, 4, 999, 2;
1, 256, 0, 0, 0, 0, 4, 999, 2;
1, 256, 0, -1, -1, -1, 3, 998, 1;
1, 256, 0, 0, 0, 0, 4, 999, 2;
1, 256, 0, 0, 0, 0, 5, 1000, 3;
1, 256, 0, 0, 0, 0, 5, 1000, 3;
1, 256, 0, 0, 0, 0, 4, 999, 2;
1, 256, 0, -1, -1, -1, 4, 999, 2;
1, 256, 0, 0, 0, 0, 5, 1000, 3;
1, 256, 0, -1, -1, -1, 4, 999, 2;
1, 256, 0, 0, 0, 0, 4, 999, 2;
1, 256, 0, 0, 0, 0, 4, 999, 2;
1, 256, 0, -1, -1, -1, 4, 999, 2;
1, 256, 0, 0, 0, 0, 5, 1000, 3;
1, 256, 0, 0, 0, 0, 5, 1000, 3;
1, 256, 1, 1, 1, 1, 6, 1001, 4;
1, 256, 0, -1, -1, -1, 4, 999, 2;
1, 256, 0, -1, -1, -1, 4, 999, 2;
1, 256, 0, 0, 0, 0, 5, 1000, 3;
1, 256, 0, 0, 0, 0, 5, 1000, 3;
1, 256, 0, -1, -1, -1, 4, 999, 2;
1, 256, 0, 0, 0, 0, 5, 999, 3;
1, 256, 0, 1, 1, 1, 5, 1000, 3;
1, 256, 0, -1, -1, -1, 4, 999, 2;
1, 256, 0, -1, -1, -1, 4, 998, 2;
1, 256, 1, 1, 1, 1, 6, 1001, 4;
1, 256, 0, -1, -1, -1, 4, 998, 2;
1, 256, 0, 0, 0, 0, 5, 1000, 3;
1, 256, 0, 0, 0, 0, 4, 999, 2;
1, 256, 0, -1, -1, -1, 4, 999, 2;
1, 256, 0, -1, -1, -1, 3, 998, 1;
1, 256, 0, 0, 0, 0, 4, 999, 2;
1, 256, 1, 1, 1, 1, 6, 1001, 4;
1, 256, 0, 0, 0, 0, 4, 999, 2;
1, 256, 0, -1, -1, -1, 4, 999, 2;
1, 256, 0, 0, 0, 0, 5, 1000, 3;
1, 256, 0, 0, 0, 0, 5, 999, 3;
1, 256, 0, -1, -1, -1, 4, 999, 2;
1, 256, 0, 0, 0, 0, 5, 1000, 3;
1, 256, 1, 1, 1, 1, 6, 1000, 3;
1, 256, 1, 1, 1, 1, 6, 1001, 4;
1, 256, 1, 1, 1, 1, 6, 1000, 3;
1, 256, 0, -1, -1, -1, 4, 998, 1;
1, 256, 0, 0, 0, 0, 5, 1000, 3;
1, 256, 1, 1, 1, 1, 6, 1000, 4;
1, 256, 0, 0, 0, 0, 5, 1000, 3;
1, 256, 0, 0, 0, 0, 4, 999, 2;
1, 256, 0, 1, 1, 1, 5, 1000, 3;
1, 256, 0, -1, -1, -1, 4, 999, 2;
1, 256, 0, 0, 0, 0, 4, 999, 2;
0, 256, 0, -1, -1, -1, 3, 998, 1;
1, 256, 0, 0, 0, 0, 5, 1000, 3;
1, 256, 0, 0, 0, 0, 5, 1000, 3;
1, 256, 0, 0, 0, 0, 4, 999, 2;
1, 256, 0, 0, 0, 0, 5, 1000, 3;
1, 256, 0, 0, 0, 0, 5, 1000, 3;
1, 256, 0, -1, -1, -1, 4, 998, 1;
1, 256, 0, 0, 0, 0, 5, 1000, 3;
1, 256, 0, 0, 0, 0, 5, 1000, 3;
1, 256, 0, -1, -1, -1, 4, 999, 2;
1, 256, 0, 0, 0, 0, 4, 999, 2;
1, 256, 0, 0, 0, 0, 4, 999, 2;
1, 256, 0, -1, -1, -1, 4, 999, 2;
1, 256, 0, 0, 0, 0, 4, 999, 2;
1, 256, 0, 0, 0, 0, 4, 999, 2;
1, 256, 0, 0, 0, 0, 5, 1000, 3;
1, 256, 0, 0, 0, 0, 4, 999, 2;
1, 256, 0, 0, 0, 0, 5, 999, 3;
1, 256, 0, -1, -1, -1, 4, 998, 1;
1, 256, 1, 1, 1, 1, 6, 1001, 4;
1, 256, 0, 1, 1, 1, 5, 1000, 3;
1, 256, 1, 1, 1, 1, 6, 1000, 3;
1, 256, 0, 0, 0, 0, 5, 1000, 3;
1, 256, 1, 1, 1, 1, 6, 1001, 4;
1, 256, 0, 0, 0, 0, 5, 1000, 3;
1, 256, 1, 1, 1, 1, 6, 1001, 4;
0, 256, 0, -1, -1, -1, 3, 998, 1;
1, 256, 1, 1, 1, 1, 6, 1001, 4;
1, 256, 1, 1, 1, 1, 6, 1001, 4;
1, 256, 0, 0, 0, 0, 4, 999, 2;
1, 256, 0, 0, 0, 0, 5, 1000, 3;
1, 256, 0, 0, 0, 0, 4, 999, 2;
1, 256, 0, -1, -1, -1, 4, 999, 2;
1, 256, 1, 1, 1, 1, 6, 1001, 4;
1, 256, 0, 0, 0, 0, 4, 999, 2;
1, 256, 0, 1, 1, 1, 5, 1000, 3;
1, 256, 0, 0, 0, 0, 5, 999, 3;
1, 256, 1, 1, 1, 1, 5, 1000, 3;
1, 256, 0, 1, 1, 1, 5, 1000, 3;
1, 256, 1, 1, 1, 1, 5, 1000, 3;
1, 256, 0, 0, 0, 0, 4, 999, 2;
1, 256, 0, 0, 0, 0, 4, 999, 2;
1, 256, 0, 0, 0, 0, 5, 1000, 3;
1, 256, 1, 1, 1, 1, 6, 1001, 4;
1, 256, 0, 0, 0, 0, 4, 999, 2;
1, 256, 0, -1, -1, -1, 4, 999, 2;
1, 256, 0, -1, -1, -1, 4, 998, 1;
1, 256, 1, 1, 1, 1, 6, 1001, 4;
1, 256, 1, 1, 1, 1, 6, 1001, 4;
1, 256, 0, 0, 0, 0, 5, 1000, 3;
1, 256, 0, 1, 1, 1, 5, 1000, 3;
1, 256, 0, 0, 0, 0, 5, 1000, 3;
1, 256, 0, 1, 1, 1, 5, 1000, 3;
1, 256, 0, 0, 0, 0, 5, 999, 2;
1, 256, 0, 0, 0, 0, 4, 999, 2;
1, 256, 1, 1, 1, 1, 5, 1000, 3;
1, 256, 0, 0, 0, 0, 5, 1000, 3;
1, 256, 0, 0, 0, 0, 5, 1000, 3;
1, 256, 0, -1, -1, -1, 4, 999, 2;
1, 256, 1, 1, 1, 1, 6, 1001, 4;
1, 256, 0, 0, 0, 0, 5, 1000, 3;
1, 256, 0, 1, 1, 1, 5, 1000, 3;
1, 256, 0, 1, 1, 1, 5, 1000, 3;
1, 256, 0, -1, -1, -1, 3, 998, 1;
1, 256, 0, 0, 0, 0, 4, 999, 2;
1, 256, 0, 0, 0, 0, 4, 999, 2;
1, 256, 0, -1, -1, -1, 3, 998, 1;
1, 256, 0, 0, 0, 0, 4, 999, 2;
1, 256, 0, 0, 0, 0, 4, 999, 2;
1, 256, 1, 1, 1, 1, 5, 1000, 3;
1, 256, 0, -1, -1, -1, 4, 999, 2;
1, 256, 0, -1, -1, -1, 3, 998, 1;
1, 256, 0, 0, 0, 0, 4, 999, 2;
1, 256, 0, -1, -1, -1, 4, 999, 2;
1, 256, 1, 1, 1, 1, 5, 1000, 3;
1, 256, 0, -1, -1, -1, 4, 998, 2;
1, 256, 1, 1, 1, 1, 5, 1000, 3;
1, 256, 0, 0, 0, 0, 5, 1000, 3;
1, 256, 0, -1, -1, -1, 3, 998, 1;
1, 256, 0, 0, 0, 0, 5, 1000, 3;
1, 256, 0, 1, 1, 1, 5, 1000, 3;
1, 256, 1, 1, 1, 1, 6, 1001, 4;
1, 256, 0, 0, 0, 0, 4, 999, 2;
1, 256, 0, 1, 1, 1, 5, 1000, 3;
1, 256, 1, 1, 1, 1, 5, 1000, 3;
1, 256, 0, 0, 0, 0, 4, 999, 2;
1, 256, 0, -1, -1, -1, 4, 999, 2;
1, 256, 0, 0, 0, 0, 5, 1000, 3;
1, 256, 0, -1, -1, -1, 3, 998, 1;
1, 256, 0, 0, 0, 0, 4, 999, 2;
1, 256, 0, 0, 0, 0, 4, 999, 2;
1, 256, 0, 0, 0, 0, 4, 999, 2;
1, 256, 0, -1, -1, -1, 4, 999, 2;
1, 256, 0, 0, 0, 0, 5, 1000, 3;
1, 256, 0, 0, 0, 0, 4, 999, 2;
1, 256, 0, 0, 0, 0, 5, 1000, 3;
1, 256, 0, 1, 1, 1, 5, 1000, 3;
1, 256, 0, 0, 0, 0, 4, 999, 2;
1, 256, 0, 0, 0, 0, 5, 1000, 3;
1, 256, 0, 0, 0, 0, 4, 999, 2;
1, 256, 0, 0, 0, 0, 4, 999, 2;
1, 256, 0, 0, 0, 0, 4, 999, 2;
1, 256, 0, -1, -1, -1, 4, 999, 2;
1, 256, 0, 0, 0, 0, 5, 1000, 3;
1, 256, 0, 0, 0, 0, 5, 1000, 3;
1, 256, 1, 1, 1, 1, 6, 1001, 4;
1, 256, 0, -1, -1, -1, 4, 999, 2;
1, 256, 0, -1, -1, -1, 3, 998, 1;
1, 256, 0, 1, 1, 1, 5, 1000, 3;
1, 256, 0, 1, 1, 1, 5, 1000, 3;
1, 256, 1, 1, 1, 1, 6, 1000, 3;
1, 256, 0, 1, 1, 1, 5, 1000, 3;
1, 256, 0, 0, 0, 0, 5, 1000, 3;
1, 256, 0, 0, 0, 0, 5, 1000, 3;
1, 256, 0, 0, 0, 0, 5, 999, 3;
1, 256, 0, 0, 0, 0, 4, 999, 2;
1, 256, 0, -1, -1, -1, 4, 999, 2;
1, 256, 0, 0, 0, 0, 5, 1000, 3;
1, 256, 0, -1, -1, -1, 4, 999, 2;
1, 256, 0, 0, 0, 0, 4, 999, 2;
1, 256, 0, 1, 1, 1, 5, 1000, 3;
1, 256, 0, 0, 0, 0, 4, 999, 2;
1, 256, 0, 1, 1, 1, 5, 1000, 3;
1, 256, 1, 1, 1, 1, 6, 1001, 4;
1, 256, 0, -1, -1, -1, 4, 999, 2;
1, 256, 0, 0, 0, 0, 5, 1000, 3;
1, 256, 0, 0, 0, 0, 5, 1000, 3;
1, 256, 0, -1, -1, -1, 4, 999, 2;
1, 256, 0, -1, -1, -1, 4, 999, 2;
1, 256, 1, 1, 1, 1, 6, 1000, 4;
1, 256, 0, 0, 0, 0, 4, 999, 2;
1, 256, 0, 0, 0, 0, 4, 999, 2;
1, 256, 0, 0, 0, 0, 5, 1000, 3;
1, 256, 0, 0, 0, 0, 5, 1000, 3;
1, 256, 0, 0, 0, 0, 4, 999, 2;
1, 256, 0, 1, 1, 1, 5, 1000, 3;
1, 256, 0, 0, 0, 0, 4, 999, 2;
1, 256, 0, 0, 0, 0, 4, 999, 2;
1, 256, 0, 0, 0, 0, 5, 1000, 3;
1, 256, 0, 0, 0, 0, 5, 999, 3;
1, 256, 0, 0, 0, 0, 5, 1000, 3;
1, 256, 0, 0, 0, 0, 4, 999, 2;
1, 256, 0, 0, 0, 0, 5, 1000, 3;
1, 256, 0, -1, -1, -1, 4, 999, 2;
1, 256, 0, 1, 1, 1, 5, 1000, 3;
1, 256, 0, -1, -1, -1, 4, 999, 2;
1, 256, 0, -1, -1, -1, 4, 999, 2;
1, 256, 0, -1, -1, -1, 4, 999, 2;
1, 256, 0, -1, -1, -1, 4, 999, 2;
1, 256, 0, 0, 0, 0, 5, 1000, 3;
1, 256, 1, 1, 1, 1, 5, 1000, 3;
1, 256, 0, 0, 0, 0, 5, 1000, 3;
1, 256, 0, 0, 0, 0, 5, 1000, 3;
1, 256, 0, 0, 0, 0, 4, 999, 2;
1, 256, 0, 0, 0, 0, 5, 1000, 3;
1, 256, 0, -1, -1, -1, 4, 999, 2;
1, 256, 1, 1, 1, 1, 6, 1001, 4;
1, 256, 0, -1, -1, -1, 4, 999, 2;
1, 256, 0, 1, 1, 1, 5, 1000, 3;
1, 256, 0, -1, -1, -1, 4, 999, 2;
1, 256, 0, 1, 1, 1, 5, 1000, 3;
1, 256, 0, 0, 0, 0, 5, 1000, 3;
1, 256, 0, 0, 0, 0, 4, 999, 2;
1, 256, 0, 0, 0, 0, 4, 999, 2;
1, 256, 0, 0, 0, 0, 5, 1000, 3;
1, 256, 0, 0, 0, 0, 5, 999, 3;
1, 256, 0, 0, 0, 0, 4, 999, 2;
1, 256, 0, 0, 0, 0, 5, 1000, 3;
1, 256, 0, -1, -1, -1, 3, 998, 1;
1, 256, 0, 0, 0, 0, 5, 1000, 3;
1, 256, 0, 0, 0, 0, 5, 1000, 3;
1, 256, 0, -1, -1, -1, 4, 999, 2;
1, 256, 0, 0, 0, 0, 5, 1000, 3;
1, 256, 0, 0, 0, 0, 5, 1000, 3;
1, 256, 0, 0, 0, 0, 4, 999, 2;
1, 256, 0, 1, 1, 1, 5, 1000, 3;
1, 256, 0, 1, 1, 1, 5, 1000, 3;
1, 256, 0, -1, -1, -1, 4, 999, 2;
1, 256, 0, 0, 0, 0, 4, 999, 2;
1, 256, 0, 0, 0, 0, 5, 1000, 3;
1, 256, 0, 0, 0, 0, 4, 999, 2;
1, 256, 0, -1, -1, -1, 4, 998, 1;
1, 256, 0, 0, 0, 0, 4, 999, 2;
1, 256, 0, -1, -1, -1, 4, 998, 2;
1, 256, 1, 1, 1, 1, 6, 1001, 4;
1, 256, 1, 1, 1, 1, 6, 1001, 4;
1, 256, 0, -1, -1, -1, 4, 998, 2;
1, 256, 0, 0, 0, 0, 4, 999, 2;
1, 256, 0, -1, -1, -1, 4, 999, 2;
1, 256, 0, 0, 0, 0, 5, 1000, 3;
1, 256, 0, 0, 0, 0, 5, 1000, 3;
1, 256, 0, 0, 0, 0, 5, 1000, 3;
1, 256, 0, 0, 0, 0, 4, 999, 2;
1, 256, 0, -1, -1, -1, 4, 998, 2;
1, 256, 0, 0, 0, 0, 5, 1000, 3;
1, 256, 0, 0, 0, 0, 4, 999, 2;
1, 256, 0, -1, -1, -1, 4, 998, 1;
1, 256, 0, 0, 0, 0, 5, 1000, 3;
0, 256, 0, -1, -1, -1, 3, 998, 1;
1, 256, 0, 0, 0, 0, 4, 999, 2;
1, 256, 1, 1, 1, 1, 6, 1001, 4;
1, 256, 0, 0, 0, 0, 4, 999, 2;
1, 256, 0, 0, 0, 0, 5, 1000, 3;
1, 256, 0, 0, 0, 0, 5, 1000, 3;
1, 256, 0, -1, -1, -1, 3, 998, 1;
1, 256, 0, 1, 1, 1, 5, 1000, 3;
1, 256, 0, 0, 0, 0, 4, 999, 2;
1, 256, 0, 0, 0, 0, 4, 999, 2;
1, 256, 0, 0, 0, 0, 4, 999, 2;
1, 256, 0, 0, 0, 0, 5, 1000, 3;
1, 256, 0, -1, -1, -1, 4, 998, 2;
1, 256, 0, 0, 0, 0, 5, 1000, 3;
1, 256, 0, -1, -1, -1, 4, 998, 2;
1, 256, 0, 0, 0, 0, 4, 999, 2;
1, 256, 0, -1, -1, -1, 4, 998, 2;
1, 256, 0, 0, 0, 0, 5, 1000, 3;
1, 256, 0, 0, 0, 0, 5, 1000, 3;
1, 256, 0, 0, 0, 0, 5, 1000, 3;
1, 256, 0, 0, 0, 0, 4, 999, 2;
1, 256, 0, 0, 0, 0, 4, 999, 2;
1, 256, 0, -1, -1, -1, 4, 999, 2;
1, 256, 1, 1, 1, 1, 6, 1001, 4;
1, 256, 0, 0, 0, 0, 5, 1000, 3;
1, 256, 0, 0, 0, 0, 5, 1000, 3;
1, 256, 0, -1, -1, -1, 4, 999, 2;
1, 256, 0, -1, -1, -1, 4, 999, 2;
1, 256, 0, -1, -1, -1, 4, 999, 2;
1, 256, 0, 1, 1, 1, 5, 1000, 3;
1, 256, 0, 0, 0, 0, 5, 1000, 3;
1, 256, 1, 1, 1, 1, 6, 1001, 4;
1, 256, 0, 1, 1, 1, 5, 1000, 3;
1, 256, 1, 1, 1, 1, 6, 1001, 4;
1, 256, 0, -1, -1, -1, 4, 999, 2;
1, 256, 0, -1, -1, -1, 4, 999, 2;
1, 256, 0, -1, -1, -1, 4, 999, 2;
1, 256, 0, 0, 0, 0, 4, 999, 2;
1, 256, 0, -1, -1, -1, 4, 999, 2;
1, 256, 0, -1, -1, -1, 4, 999, 2;
1, 256, 0, 0, 0, 0, 4, 999, 2;
1, 256, 0, -1, -1, -1, 3, 998, 1;
1, 256, 0, 1, 1, 1, 5, 1000, 3;
1, 256, 0, -1, -1, -1, 4, 999, 2;
1, 256, 0, -1, -1, -1, 3, 998, 1;
1, 256, 0, 0, 0, 0, 4, 999, 2;
1, 256, 0, 0, 0, 0, 5, 1000, 3;
1, 256, 0, -1, -1, -1, 4, 999, 2;
1, 256, 0, 0, 0, 0, 5, 1000, 3;
1, 256, 0, 0, 0, 0, 5, 1000, 3;
1, 256, 0, 0, 0, 0, 4, 999, 2;
1, 256, 0, 0, 0, 0, 5, 1000, 3;
1, 256, 0, 0, 0, 0, 5, 1000, 3;
1, 256, 0, 0, 0, 0, 5, 1000, 3;
1, 256, 0, 1, 1, 1, 5, 1000, 3;
1, 256, 0, 0, 0, 0, 5, 999, 2;
1, 256, 0, 0, 0, 0, 4, 999, 2;
1, 256, 0, 1, 1, 1, 5, 1000, 3;
1, 256, 0, 0, 0, 0, 4, 999, 2;
1, 256, 0, 0, 0, 0, 4, 999, 2;
1, 256, 1, 1, 1, 1, 6, 1001, 4;
1, 256, 0, 0, 0, 0, 4, 999, 2;
1, 256, 1, 1, 1, 1, 5, 1000, 3;
1, 256, 1, 1, 1, 1, 5, 1000, 3;
1, 256, 0, 0, 0, 0, 5, 1000, 3;
1, 256, 0, -1, -1, -1, 3, 998, 1;
1, 256, 0, -1, -1, -1, 4, 999, 2;
1, 256, 1, 1, 1, 1, 5, 1000, 3;
1, 256, 0, 0, 0, 0, 5, 1000, 3;
1, 256, 0, -1, -1, -1, 4, 999, 2;
1, 256, 0, 0, 0, 0, 5, 1000, 3;
1, 256, 0, 0, 0, 0, 5, 1000, 3;
1, 256, 0, 0, 0, 0, 5, 1000, 3;
1, 256, 0, 0, 0, 0, 4, 999, 2;
1, 256, 0, 0, 0, 0, 5, 1000, 3;
1, 256, 0, 0, 0, 0, 4, 999, 2;
1, 256, 0, 1, 1, 1, 5, 1000, 3;
1, 256, 0, -1, -1, -1, 4, 999, 2;
1, 256, 0, 0, 0, 0, 4, 999, 2;
1, 256, 1, 1, 1, 1, 6, 1001, 4;
1, 256, 0, 0, 0, 0, 5, 1000, 3;
1, 256, 0, 0, 0, 0, 5, 1000, 3;
1, 256, 0, -1, -1, -1, 4, 999, 2;
1, 256, 1, 1, 1, 1, 6, 1001, 4;
1, 256, 0, 0, 0, 0, 5, 1000, 3;
1, 256, 0, 0, 0, 0, 5, 1000, 3;
1, 256, 0, 0, 0, 0, 4, 999, 2;
1, 256, 0, 0, 0, 0, 4, 999, 2;
1, 256, 0, 0, 0, 0, 5, 1000, 3;
1, 256, 0, 0, 0, 0, 4, 999, 2;
1, 256, 0, 0, 0, 0, 4, 999, 2;
1, 256, 0, -1, -1, -1, 4, 999, 2;
1, 256, 0, 0, 0, 0, 5, 1000, 3;
1, 256, 0, -1, -1, -1, 3, 998, 1;
1, 256, 0, 0, 0, 0, 5, 1000, 3;
1, 256, 0, 0, 0, 0, 5, 999, 3;
1, 256, 0, 0, 0, 0, 5, 1000, 3;
1, 256, 1, 1, 1, 1, 6, 1001, 4;
1, 256, 0, 0, 0, 0, 4, 999, 2;
1, 256, 1, 1, 1, 1, 6, 1001, 4;
1, 256, 0, 1, 1, 1, 5, 1000, 3;
1, 256, 0, -1, -1, -1, 4, 999, 2;
1, 256, 0, 0, 0, 0, 5, 1000, 3;
1, 256, 0, 0, 0, 0, 5, 1000, 3;
1, 256, 1, 1, 1, 1, 6, 1000, 4;
1, 256, 0, -1, -1, -1, 4, 999, 2;
1, 256, 0, 0, 0, 0, 5, 1000, 3;
1, 256, 0, 0, 0, 0, 4, 999, 2;
1, 256, 0, 1, 1, 1, 5, 1000, 3;
1, 256, 0, 0, 0, 0, 5, 1000, 3;
1, 256, 0, 0, 0, 0, 4, 999, 2;
1, 256, 0, 0, 0, 0, 4, 999, 2;
1, 256, 0, 1, 1, 1, 5, 1000, 3;
1, 256, 0, -1, -1, -1, 4, 999, 2;
1, 256, 0, -1, -1, -1, 4, 999, 2;
1, 256, 0, 0, 0, 0, 4, 999, 2;
1, 256, 0, 0, 0, 0, 5, 1000, 3;
1, 256, 0, 0, 0, 0, 5, 1000, 3;
1, 256, 0, -1, -1, -1, 3, 998, 1;
1, 256, 0, 0, 0, 0, 4, 999, 2;
1, 256, 0, 0, 0, 0, 4, 999, 2;
1, 256, 0, 1, 1, 1, 5, 1000, 3;
1, 256, 0, 0, 0, 0, 5, 1000, 3;
1, 256, 0, 0, 0, 0, 5, 999, 2;
1, 256, 0, 0, 0, 0, 4, 999, 2;
1, 256, 0, -1, -1, -1, 4, 998, 2;
1, 256, 0, 1, 1, 1, 5, 1000, 3;
1, 256, 0, 0, 0, 0, 5, 1000, 3;
1, 256, 0, -1, -1, -1, 4, 999, 2;
1, 256, 0, 0, 0, 0, 4, 999, 2;
1, 256, 0, 0, 0, 0, 4, 999, 2;
1, 256, 0, -1, -1, -1, 4, 999, 2;
1, 256, 0, 0, 0, 0, 4, 999, 2;
1, 256, 0, -1, -1, -1, 4, 999, 2;
1, 256, 0, -1, -1, -1, 3, 998, 1;
1, 256, 0, 0, 0, 0, 5, 1000, 3;
1, 256, 0, -1, -1, -1, 3, 998, 1;
1, 256, 0, 0, 0, 0, 5, 999, 2;
1, 256, 0, 0, 0, 0, 4, 999, 2;
1, 256, 0, 0, 0, 0, 5, 1000, 3;
1, 256, 0, 0, 0, 0, 5, 1000, 3;
1, 256, 1, 1, 1, 1, 6, 1001, 4;
1, 256, 0, -1, -1, -1, 3, 998, 1;
1, 256, 1, 1, 1, 1, 6, 1001, 4;
1, 256, 0, -1, -1, -1, 4, 999, 2;
1, 256, 0, 1, 1, 1, 5, 1000, 3;
1, 256, 0, 0, 0, 0, 4, 999, 2;
1, 256, 0, 1, 1, 1, 5, 1000, 3;
1, 256, 0, -1, -1, -1, 4, 999, 2;
1, 256, 0, 0, 0, 0, 5, 1000, 3;
1, 256, 0, 1, 1, 1, 5, 1000, 3;
1, 256, 0, 0, 0, 0, 5, 1000, 3;
1, 256, 0, 0, 0, 0, 5, 999, 3;
1, 256, 0, -1, -1, -1, 4, 999, 2;
1, 256, 0, 0, 0, 0, 5, 1000, 3;
1, 256, 0, 0, 0, 0, 5, 999, 2;
1, 256, 0, 0, 0, 0, 5, 999, 3;
1, 256, 0, 0, 0, 0, 5, 999, 2;
1, 256, 0, 0, 0, 0, 4, 999, 2;
1, 256, 0, 0, 0, 0, 5, 1000, 3;
1, 256, 0, -1, -1, -1, 4, 999, 2;
1, 256, 1, 1, 1, 1, 6, 1001, 4;
1, 256, 0, 0, 0, 0, 5, 1000, 3;
1, 256, 0, -1, -1, -1, 3, 998, 1;
1, 256, 0, 0, 0, 0, 5, 1000, 3;
1, 256, 0, 0, 0, 0, 5, 1000, 3;
1, 256, 0, 0, 0, 0, 5, 1000, 3;
1, 256, 0, 0, 0, 0, 4, 999, 2;
1, 256, 0, 0, 0, 0, 5, 1000, 3;
1, 256, 1, 1, 1, 1, 6, 1001, 4;
1, 256, 0, -1, -1, -1, 3, 998, 1;
1, 256, 0, 1, 1, 1, 5, 1000, 3;
1, 256, 0, 0, 0, 0, 4, 999, 2;
1, 256, 0, -1, -1, -1, 4, 999, 2;
1, 256, 0, 0, 0, 0, 5, 1000, 3;
1, 256, 1, 1, 1, 1, 6, 1000, 3;
1, 256, 0, 0, 0, 0, 4, 999, 2;
1, 256, 1, 1, 1, 1, 6, 1001, 4;
1, 256, 0, -1, -1, -1, 4, 999, 2;
1, 256, 0, 0, 0, 0, 4, 999, 2;
1, 256, 0, 0, 0, 0, 5, 1000, 3;
1, 256, 1, 1, 1, 1, 5, 1000, 3;
1, 256, 0, 0, 0, 0, 4, 999, 2;
1, 256, 1, 1, 1, 1, 5, 1000, 3;
1, 256, 0, 1, 1, 1, 5, 1000, 3;
1, 256, 0, 0, 0, 0, 4, 999, 2;
1, 256, 0, -1, -1, -1, 4, 999, 2;
1, 256, 0, -1, -1, -1, 4, 999, 2;
1, 256, 0, -1, -1, -1, 4, 999, 2;
1, 256, 0, 0, 0, 0, 4, 999, 2;
1, 256, 0, 0, 0, 0, 4, 999, 2;
1, 256, 0, 0, 0, 0, 4, 999, 2;
1, 256, 0, 0, 0, 0, 4, 999, 2;
1, 256, 0, 0, 0, 0, 5, 1000, 3;
1, 256, 0, -1, -1, -1, 4, 999, 2;
1, 256, 0, 0, 0, 0, 4, 999, 2;
1, 256, 1, 1, 1, 1, 6, 1000, 4;
1, 256, 0, 0, 0, 0, 4, 999, 2;
1, 256, 1, 1, 1, 1, 6, 1000, 4;
1, 256, 0, 0, 0, 0, 4, 999, 2;
1, 256, 1, 1, 1, 1, 6, 1001, 4;
1, 256, 0, -1, -1, -1, 4, 999, 2;
1, 256, 0, 0, 0, 0, 5, 1000, 3;
1, 256, 1, 1, 1, 1, 6, 1000, 3;
1, 256, 0, 1, 1, 1, 5, 1000, 3;
1, 256, 0, 0, 0, 0, 5, 999, 3;
1, 256, 0, -1, -1, -1, 4, 999, 2;
1, 256, 1, 1, 1, 1, 6, 1001, 4;
1, 256, 0, -1, -1, -1, 4, 999, 2;
1, 256, 0, 0, 0, 0, 4, 999, 2;
1, 256, 1, 1, 1, 1, 6, 1001, 4;
1, 256, 0, 0, 0, 0, 4, 999, 2;
1, 256, 0, 0, 0, 0, 5, 999, 3;
1, 256, 1, 1, 1, 1, 6, 1001, 4;
1, 256, 0, 0, 0, 0, 5, 1000, 3;
1, 256, 0, -1, -1, -1, 4, 999, 2;
1, 256, 0, -1, -1, -1, 4, 999, 2;
1, 256, 0, 0, 0, 0, 5, 1000, 3;
1, 256, 0, 1, 1, 1, 5, 1000, 3;
1, 256, 0, -1, -1, -1, 4, 999, 2;
1, 256, 1, 1, 1, 1, 6, 1000, 4;
1, 256, 0, 0, 0, 0, 5, 1000, 3;
1, 256, 0, 0, 0, 0, 5, 999, 3;
1, 256, 0, 1, 1, 1, 5, 1000, 3;
1, 256, 0, -1, -1, -1, 4, 999, 2;
1, 256, 0, 0, 0, 0, 5, 1000, 3;
1, 256, 0, -1, -1, -1, 3, 998, 1;
1, 256, 0, 0, 0, 0, 5, 1000, 3;
1, 256, 0, -1, -1, -1, 3, 998, 1;
1, 256, 0, 0, 0, 0, 4, 999, 2;
1, 256, 0, -1, -1, -1, 4, 999, 2;
1, 256, 0, -1, -1, -1, 4, 999, 2;
1, 256, 0, 1, 1, 1, 5, 1000, 3;
1, 256, 0, 0, 0, 0, 4, 999, 2;
1, 256, 0, 0, 0, 0, 5, 1000, 3;
1, 256, 0, -1, -1, -1, 3, 998, 1;
1, 256, 1, 1, 1, 1, 6, 1000, 4;
1, 256, 0, 1, 1, 1, 5, 1000, 3;
1, 256, 0, 1, 1, 1, 5, 1000, 3;
1, 256, 0, -1, -1, -1, 3, 998, 1;
1, 256, 0, 0, 0, 0, 5, 1000, 3;
1, 256, 0, 0, 0, 0, 4, 999, 2;
1, 256, 0, 0, 0, 0, 5, 1000, 3;
1, 256, 0, 1, 1, 1, 5, 1000, 3;
1, 256, 0, 1, 1, 1, 5, 1000, 3;
1, 256, 0, 0, 0, 0, 4, 999, 2;
1, 256, 0, -1, -1, -1, 4, 998, 2;
1, 256, 1, 1, 1, 1, 6, 1001, 4;
1, 256, 0, 0, 0, 0, 5, 999, 2;
1, 256, 0, 0, 0, 0, 4, 999, 2;
1, 256, 1, 1, 1, 1, 6, 1001, 4;
1, 256, 0, 0, 0, 0, 5, 1000, 3;
1, 256, 1, 1, 1, 1, 5, 1000, 3;
1, 256, 0, -1, -1, -1, 4, 999, 2;
1, 256, 1, 1, 1, 1, 6, 1001, 4;
1, 256, 0, 0, 0, 0, 5, 1000, 3;
1, 256, 1, 1, 1, 1, 6, 1001, 4;
1, 256, 0, 1, 1, 1, 5, 1000, 3;
1, 256, 0, -1, -1, -1, 4, 999, 2;
1, 256, 0, 0, 0, 0, 5, 1000, 3;
1, 256, 0, -1, -1, -1, 4, 999, 2;
1, 256, 0, 0, 0, 0, 4, 999, 2;
1, 256, 0, 0, 0, 0, 4, 999, 2;
1, 256, 0, 0, 0, 0, 5, 999, 3;
1, 256, 0, 1, 1, 1, 5, 1000, 3;
1, 256, 0, -1, -1, -1, 3, 998, 1;
1, 256, 0, 1, 1, 1, 5, 1000, 3;
1, 256, 0, 0, 0, 0, 5, 1000, 3;
1, 256, 1, 1, 1, 1, 6, 1000, 4;
1, 256, 0, -1, -1, -1, 4, 999, 2;
1, 256, 0, 0, 0, 0, 5, 999, 3;
1, 256, 0, -1, -1, -1, 4, 999, 2;
1, 256, 0, 0, 0, 0, 5, 1000, 3;
1, 256, 0, -1, -1, -1, 4, 999, 2;
1, 256, 0, -1, -1, -1, 3, 998, 1;
1, 256, 0, -1, -1, -1, 4, 999, 2;
1, 256, 0, 0, 0, 0, 4, 999, 2;
1, 256, 0, -1, -1, -1, 4, 999, 2;
1, 256, 0, 0, 0, 0, 5, 1000, 3;
1, 256, 0, 1, 1, 1, 5, 1000, 3;
1, 256, 0, 1, 1, 1, 5, 1000, 3;
1, 256, 0, -1, -1, -1, 4, 999, 2;
1, 256, 0, 0, 0, 0, 5, 1000, 3;
1, 256, 0, 0, 0, 0, 4, 999, 2;
1, 256, 0, 0, 0, 0, 5, 1000, 3;
1, 256, 0, 0, 0, 0, 5, 1000, 3;
1, 256, 0, 0, 0, 0, 5, 999, 2;
1, 256, 1, 1, 1, 1, 6, 1001, 4;
1, 256, 0, -1, -1, -1, 4, 999, 2;
1, 256, 0, 1, 1, 1, 5, 1000, 3;
1, 256, 1, 1, 1, 1, 6, 1000, 3;
1, 256, 1, 1, 1, 1, 6, 1001, 4;
1, 256, 1, 1, 1, 1, 6, 1000, 4;
1, 256, 1, 1, 1, 1, 6, 1000, 4;
1, 256, 0, 0, 0, 0, 5, 1000, 3;
1, 256, 0, -1, -1, -1, 4, 999, 2;
1, 256, 0, 0, 0, 0, 4, 999, 2;
1, 256, 0, 1, 1, 1, 5, 1000, 3;
1, 256, 0, 0, 0, 0, 4, 999, 2;
1, 256, 0, 1, 1, 1, 5, 1000, 3;
0, 256, 0, -1, -1, -1, 3, 998, 1;
1, 256, 0, 1, 1, 1, 5, 1000, 3;
1, 256, 0, 0, 0, 0, 5, 1000, 3;
1, 256, 1, 1, 1, 1, 5, 1000, 3;
1, 256, 0, 0, 0, 0, 5, 1000, 3;
1, 256, 0, 0, 0, 0, 4, 999, 2;
1, 256, 0, 0, 0, 0, 5, 1000, 3;
1, 256, 0, 0, 0, 0, 5, 1000, 3;
1, 256, 0, -1, -1, -1, 4, 999, 2;
1, 256, 0, 0, 0, 0, 4, 999, 2;
1, 256, 0, 0, 0, 0, 5, 1000, 3;
1, 256, 0, -1, -1, -1, 4, 999, 2;
1, 256, 0, 1, 1, 1, 5, 1000, 3;
1, 256, 0, -1, -1, -1, 3, 998, 1;
1, 256, 0, 0, 0, 0, 4, 999, 2;
1, 256, 0, 0, 0, 0, 5, 1000, 3;
1, 256, 0, 0, 0, 0, 5, 1000, 3;
1, 256, 0, 0, 0, 0, 5, 1000, 3;
1, 256, 0, -1, -1, -1, 4, 999, 2;
1, 256, 0, 0, 0, 0, 5, 1000, 3;
1, 256, 1, 1, 1, 1, 6, 1001, 4;
1, 256, 1, 1, 1, 1, 5, 1000, 3;
1, 256, 0, -1, -1, -1, 4, 998, 2;
1, 256, 0, 0, 0, 0, 5, 1000, 3;
1, 256, 0, -1, -1, -1, 4, 999, 2;
1, 256, 0, 0, 0, 0, 4, 999, 2;
1, 256, 0, 0, 0, 0, 5, 1000, 3;
1, 256, 0, 0, 0, 0, 4, 999, 2;
1, 256, 1, 1, 1, 1, 6, 1001, 4;
1, 256, 0, 0, 0, 0, 4, 999, 2;
1, 256, 0, 0, 0, 0, 5, 1000, 3;
1, 256, 0, 1, 1, 1, 5, 1000, 3;
1, 256, 1, 1, 1, 1, 6, 1001, 4;
1, 256, 0, 0, 0, 0, 4, 999, 2;
1, 256, 0, 0, 0, 0, 5, 1000, 3;
1, 256, 0, 0, 0, 0, 4, 999, 2;
1, 256, 0, -1, -1, -1, 3, 998, 1;
1, 256, 0, 0, 0, 0, 5, 1000, 3;
1, 256, 0, -1, -1, -1, 4, 999, 2;
1, 256, 0, 1, 1, 1, 5, 1000, 3;
1, 256, 0, -1, -1, -1, 4, 999, 2;
1, 256, 0, -1, -1, -1, 3, 998, 1;
1, 256, 0, 0, 0, 0, 5, 1000, 3;
1, 256, 1, 1, 1, 1, 6, 1001, 4;
1, 256, 0, 0, 0, 0, 4, 999, 2;
1, 256, 0, 0, 0, 0, 4, 999, 2;
0, 256, 0, -1, -1, -1, 3, 998, 1;
1, 256, 0, 0, 0, 0, 5, 1000, 3;
1, 256, 0, -1, -1, -1, 4, 999, 2;
1, 256, 0, 0, 0, 0, 5, 1000, 3;
1, 256, 0, -1, -1, -1, 4, 999, 2;
1, 256, 0, 0, 0, 0, 5, 1000, 3;
1, 256, 0, 0, 0, 0, 5, 1000, 3;
1, 256, 0, -1, -1, -1, 4, 999, 2;
1, 256, 0, -1, -1, -1, 4, 999, 2;
1, 256, 0, 0, 0, 0, 5, 1000, 3;
1, 256, 0, 1, 1, 1, 5, 1000, 3;
1, 256, 1, 1, 1, 1, 6, 1001, 4;
1, 256, 0, -1, -1, -1, 3, 998, 1;
1, 256, 0, 0, 0, 0, 4, 999, 2;
1, 256, 0, -1, -1, -1, 4, 999, 2;
1, 256, 0, 0, 0, 0, 5, 1000, 3;
1, 256, 0, 1, 1, 1, 5, 1000, 3;
1, 256, 0, 0, 0, 0, 5, 1000, 3;
1, 256, 0, 1, 1, 1, 5, 1000, 3;
1, 256, 0, -1, -1, -1, 4, 998, 2;
1, 256, 1, 1, 1, 1, 6, 1001, 4;
1, 256, 1, 1, 1, 1, 6, 1000, 3;
1, 256, 0, 0, 0, 0, 5, 1000, 3;
1, 256, 0, 0, 0, 0, 5, 1000, 3;
1, 256, 0, 0, 0, 0, 5, 1000, 3;
1, 256, 0, 0, 0, 0, 5, 999, 3;
1, 256, 0, 1, 1, 1, 5, 1000, 3;
1, 256, 1, 1, 1, 1, 6, 1000, 4;
1, 256, 0, -1, -1, -1, 4, 999, 2;
1, 256, 0, 0, 0, 0, 4, 999, 2;
1, 256, 1, 1, 1, 1, 6, 1000, 4;
1, 256, 0, 0, 0, 0, 5, 1000, 3;
1, 256, 1, 1, 1, 1, 6, 1001, 4;
1, 256, 0, 0, 0, 0, 4, 999, 2;
1, 256, 0, -1, -1, -1, 4, 999, 2;
1, 256, 0, 0, 0, 0, 5, 1000, 3;
1, 256, 0, 0, 0, 0, 5, 1000, 3;
1, 256, 0, -1, -1, -1, 4, 998, 1;
1, 256, 0, -1, -1, -1, 4, 999, 2;
1, 256, 0, -1, -1, -1, 4, 998, 2;
1, 256, 0, 0, 0, 0, 5, 1000, 3;
1, 256, 0, 0, 0, 0, 5, 1000, 3;
1, 256, 0, 0, 0, 0, 5, 1000, 3;
1, 256, 0, -1, -1, -1, 4, 999, 2;
1, 256, 0, 1, 1, 1, 5, 1000, 3;
1, 256, 1, 1, 1, 1, 6, 1001, 4;
1, 256, 0, 0, 0, 0, 4, 999, 2;
1, 256, 1, 1, 1, 1, 6, 1001, 4;
1, 256, 1, 1, 1, 1, 6, 1000, 4;
1, 256, 0, 0, 0, 0, 5, 1000, 3;
1, 256, 1, 1, 1, 1, 5, 1000, 3;
1, 256, 0, -1, -1, -1, 4, 999, 2;
1, 256, 0, 1, 1, 1, 5, 1000, 3;
1, 256, 0, 1, 1, 1, 5, 1000, 3;
1, 256, 0, 0, 0, 0, 5, 1000, 3;
1, 256, 0, -1, -1, -1, 4, 998, 2;
1, 256, 0, 0, 0, 0, 5, 1000, 3;
1, 256, 0, 0, 0, 0, 5, 1000, 3;
1, 256, 0, 0, 0, 0, 4, 999, 2;
1, 256, 0, 0, 0, 0, 5, 1000, 3;
1, 256, 0, -1, -1, -1, 3, 998, 1;
1, 256, 0, -1, -1, -1, 3, 998, 1;
1, 256, 0, 0, 0, 0, 5, 1000, 3;
1, 256, 0, 0, 0, 0, 4, 999, 2;
1, 256, 0, 0, 0, 0, 5, 1000, 3;
1, 256, 0, 0, 0, 0, 4, 999, 2;
1, 256, 0, -1, -1, -1, 3, 998, 1;
1, 256, 0, 0, 0, 0, 5, 1000, 3;
1, 256, 0, 0, 0, 0, 5, 1000, 3;
1, 256, 1, 1, 1, 1, 6, 1001, 4;
1, 256, 0, -1, -1, -1, 4, 999, 2;
1, 256, 0, 0, 0, 0, 5, 999, 3;
1, 256, 0, 0, 0, 0, 4, 999, 2;
1, 256, 0, -1, -1, -1, 4, 998, 1;
1, 256, 0, 0, 0, 0, 4, 999, 2;
1, 256, 0, -1, -1, -1, 4, 999, 2;
1, 256, 0, -1, -1, -1, 3, 998, 1;
1, 256, 0, 0, 0, 0, 4, 999, 2;
1, 256, 0, -1, -1, -1, 4, 999, 2;
1, 256, 0, 0, 0, 0, 5, 1000, 3;
1, 256, 0, 1, 1, 1, 5, 1000, 3;
1, 256, 0, 0, 0, 0, 5, 1000, 3;
1, 256, 0, -1, -1, -1, 4, 999, 2;
1, 256, 1, 1, 1, 1, 6, 1001, 4;
1, 256, 0, -1, -1, -1, 3, 998, 1;
1, 256, 0, 0, 0, 0, 5, 1000, 3;
1, 256, 0, 0, 0, 0, 4, 999, 2;
1, 256, 1, 1, 1, 1, 6, 1001, 4;
1, 256, 1, 1, 1, 1, 6, 1001, 4;
1, 256, 0, 1, 1, 1, 5, 1000, 3;
1, 256, 0, -1, -1, -1, 4, 999, 2;
1, 256, 0, 0, 0, 0, 4, 999, 2;
1, 256, 1, 1, 1, 1, 6, 1001, 4;
1, 256, 0, -1, -1, -1, 4, 999, 2;
1, 256, 0, 0, 0, 0, 4, 999, 2;
0, 256, 0, -1, -1, -1, 3, 998, 1;
1, 256, 0, 1, 1, 1, 5, 1000, 3;
1, 256, 1, 1, 1, 1, 5, 1000, 3;
1, 256, 0, 0, 0, 0, 4, 999, 2;
1, 256, 0, 0, 0, 0, 4, 999, 2;
1, 256, 0, -1, -1, -1, 3, 998, 1;
1, 256, 1, 1, 1, 1, 6, 1001, 4;
1, 256, 0, 0, 0, 0, 4, 999, 2;
1, 256, 0, -1, -1, -1, 3, 998, 1;
1, 256, 0, 0, 0, 0, 5, 1000, 3;
1, 256, 0, 0, 0, 0, 5, 999, 3;
1, 256, 0, 0, 0, 0, 5, 1000, 3;
1, 256, 0, 1, 1, 1, 5, 1000, 3;
1, 256, 0, 1, 1, 1, 5, 1000, 3;
1, 256, 0, 0, 0, 0, 4, 999, 2;
1, 256, 0, 0, 0, 0, 5, 1000, 3;
1, 256, 0, -1, -1, -1, 4, 999, 2;
1, 256, 0, 0, 0, 0, 5, 1000, 3;
1, 256, 0, 1, 1, 1, 5, 1000, 3;
1, 256, 0, 0, 0, 0, 4, 999, 2;
1, 256, 1, 1, 1, 1, 6, 1001, 4;
1, 256, 0, 0, 0, 0, 4, 999, 2;
1, 256, 0, 0, 0, 0, 5, 1000, 3;
1, 256, 0, 0, 0, 0, 5, 1000, 3;
1, 256, 0, 0, 0, 0, 4, 999, 2;
1, 256, 0, 0, 0, 0, 5, 1000, 3;
1, 256, 1, 1, 1, 1, 5, 1000, 3;
1, 256, 0, -1, -1, -1, 4, 999, 2;
1, 256, 1, 1, 1, 1, 6, 1001, 4;
1, 256, 0, 1, 1, 1, 5, 1000, 3;
1, 256, 0, 0, 0, 0, 4, 999, 2;
1, 256, 0, 0, 0, 0, 4, 999, 2;
1, 256, 0, -1, -1, -1, 4, 999, 2;
0, 256, 0, -1, -1, -1, 3, 998, 1;
1, 256, 0, 0, 0, 0, 5, 1000, 3;
1, 256, 0, 0, 0, 0, 5, 1000, 3;
1, 256, 0, -1, -1, -1, 4, 999, 2;
1, 256, 0, -1, -1, -1, 4, 999, 2;
1, 256, 0, -1, -1, -1, 4, 999, 2;
1, 256, 0, 0, 0, 0, 5, 1000, 3;
1, 256, 0, 0, 0, 0, 4, 999, 2;
1, 256, 0, 0, 0, 0, 4, 999, 2;
1, 256, 1, 1, 1, 1, 5, 1000, 3;
1, 256, 0, -1, -1, -1, 3, 998, 1;
1, 256, 0, 0, 0, 0, 4, 999, 2;
1, 256, 0, -1, -1, -1, 4, 999, 2;
1, 256, 0, -1, -1, -1, 4, 999, 2;
1, 256, 0, 0, 0, 0, 4, 999, 2;
1, 256, 0, 0, 0, 0, 5, 1000, 3;
1, 256, 1, 1, 1, 1, 6, 1001, 4;
1, 256, 1, 1, 1, 1, 6, 1001, 4;
1, 256, 0, -1, -1, -1, 4, 999, 2;
1, 256, 1, 1, 1, 1, 6, 1001, 4;
1, 256, 0, -1, -1, -1, 4, 999, 2;
1, 256, 1, 1, 1, 1, 6, 1000, 4;
1, 256, 0, 0, 0, 0, 4, 999, 2;
1, 256, 0, 0, 0, 0, 5, 1000, 3;
1, 256, 0, 0, 0, 0, 4, 999, 2;
1, 256, 0, 0, 0, 0, 4, 999, 2;
1, 256, 0, 0, 0, 0, 4, 999, 2;
1, 256, 0, -1, -1, -1, 4, 999, 2;
1, 256, 0, 0, 0, 0, 4, 999, 2;
1, 256, 0, 0, 0, 0, 4, 999, 2;
1, 256, 0, 0, 0, 0, 4, 999, 2;
1, 256, 0, 0, 0, 0, 4, 999, 2;
1, 256, 0, 1, 1, 1, 5, 1000, 3;
1, 256, 0, 0, 0, 0, 4, 999, 2;
1, 256, 0, 1, 1, 1, 5, 1000, 3;
1, 256, 1, 1, 1, 1, 6, 1001, 4;
1, 256, 0, 1, 1, 1, 5, 1000, 3;
1, 256, 0, 1, 1, 1, 5, 1000, 3;
1, 256, 0, 0, 0, 0, 4, 999, 2;
1, 256, 0, 0, 0, 0, 4, 999, 2;
1, 256, 0, 0, 0, 0, 4, 999, 2;
1, 256, 0, 1, 1, 1, 5, 1000, 3;
1, 256, 0, 1, 1, 1, 5, 1000, 3;
1, 256, 1, 1, 1, 1, 6, 1001, 4;
1, 256, 0, -1, -1, -1, 4, 999, 2;
1, 256, 0, -1, -1, -1, 4, 999, 2;
1, 256, 0, 0, 0, 0, 5, 1000, 3;
1, 256, 0, 0, 0, 0, 4, 999, 2;
1, 256, 0, -1, -1, -1, 4, 999, 2;
1, 256, 1, 1, 1, 1, 6, 1001, 4;
1, 256, 0, -1, -1, -1, 4, 999, 2;
0, 256, 0, -1, -1, -1, 3, 998, 1;
1, 256, 0, 0, 0, 0, 4, 999, 2;
1, 256, 1, 1, 1, 1, 6, 1001, 4;
1, 256, 0, 1, 1, 1, 5, 1000, 3;
1, 256, 0, 0, 0, 0, 5, 1000, 3;
1, 256, 0, 0, 0, 0, 4, 999, 2;
1, 256, 0, -1, -1, -1, 3, 998, 1;
1, 256, 0, 1, 1, 1, 5, 1000, 3;
1, 256, 0, 0, 0, 0, 4, 999, 2;
1, 256, 0, -1, -1, -1, 4, 998, 2;
1, 256, 0, 1, 1, 1, 5, 1000, 3;
1, 256, 1, 1, 1, 1, 6, 1000, 3;
1, 256, 0, 0, 0, 0, 4, 999, 2;
1, 256, 0, 0, 0, 0, 5, 999, 2;
1, 256, 0, 0, 0, 0, 5, 1000, 3;
1, 256, 0, 0, 0, 0, 5, 1000, 3;
1, 256, 0, 0, 0, 0, 4, 999, 2;
1, 256, 0, 0, 0, 0, 5, 1000, 3;
1, 256, 0, 0, 0, 0, 4, 999, 2;
1, 256, 0, 0, 0, 0, 4, 999, 2;
1, 256, 0, 1, 1, 1, 5, 1000, 3;
1, 256, 0, -1, -1, -1, 4, 998, 1;
1, 256, 0, 0, 0, 0, 4, 999, 2;
1, 256, 0, -1, -1, -1, 3, 998, 1;
1, 256, 0, 0, 0, 0, 5, 999, 3;
1, 256, 0, -1, -1, -1, 4, 999, 2;
1, 256, 1, 1, 1, 1, 6, 1001, 4;
1, 256, 0, -1, -1, -1, 4, 998, 2;
1, 256, 0, 0, 0, 0, 4, 999, 2;
1, 256, 0, -1, -1, -1, 4, 999, 2;
1, 256, 0, -1, -1, -1, 4, 999, 2;
1, 256, 1, 1, 1, 1, 6, 1001, 4;
1, 256, 0, 0, 0, 0, 5, 1000, 3;
1, 256, 0, 0, 0, 0, 4, 999, 2;
1, 256, 0, -1, -1, -1, 4, 999, 2;
1, 256, 0, -1, -1, -1, 4, 998, 1;
1, 256, 0, 0, 0, 0, 5, 1000, 3;
1, 256, 0, -1, -1, -1, 4, 999, 2;
1, 256, 0, 1, 1, 1, 5, 1000, 3;
1, 256, 0, 1, 1, 1, 5, 1000, 3;
1, 256, 1, 1, 1, 1, 5, 1000, 3;
1, 256, 0, -1, -1, -1, 4, 999, 2;
1, 256, 1, 1, 1, 1, 6, 1001, 4;
1, 256, 0, -1, -1, -1, 4, 999, 2;
1, 256, 0, -1, -1, -1, 4, 999, 2;
1, 256, 0, 0, 0, 0, 4, 999, 2;
1, 256, 0, -1, -1, -1, 4, 999, 2;
1, 256, 0, 0, 0, 0, 5, 1000, 3;
1, 256, 0, 0, 0, 0, 4, 999, 2;
1, 256, 1, 1, 1, 1, 6, 1001, 4;
1, 256, 1, 1, 1, 1, 6, 1001, 4;
1, 256, 0, -1, -1, -1, 4, 999, 2;
1, 256, 0, -1, -1, -1, 3, 998, 1;
1, 256, 0, 0, 0, 0, 4, 999, 2;
1, 256, 1, 1, 1, 1, 6, 1001, 4;
1, 256, 0, 0, 0, 0, 5, 999, 2;
1, 256, 1, 1, 1, 1, 6, 1001, 4;
1, 256, 1, 1, 1, 1, 5, 1000, 3;
1, 256, 0, -1, -1, -1, 4, 998, 2;
1, 256, 0, 0, 0, 0, 5, 1000, 3;
1, 256, 0, 0, 0, 0, 4, 999, 2;
1, 256, 0, 0, 0, 0, 4, 999, 2;
1, 256, 0, -1, -1, -1, 4, 999, 2;
1, 256, 0, -1, -1, -1, 4, 999, 2;
1, 256, 1, 1, 1, 1, 6, 1000, 4;
1, 256, 1, 1, 1, 1, 6, 1001, 4;
1, 256, 0, 0, 0, 0, 4, 999, 2;
1, 256, 0, 0, 0, 0, 4, 999, 2;
1, 256, 0, 0, 0, 0, 4, 999, 2;
0, 256, 0, -1, -1, -1, 3, 998, 1;
1, 256, 0, 0, 0, 0, 5, 1000, 3;
1, 256, 1, 1, 1, 1, 6, 1000, 4;
1, 256, 0, -1, -1, -1, 4, 999, 2;
1, 256, 0, 0, 0, 0, 4, 999, 2;
1, 256, 0, 0, 0, 0, 4, 999, 2;
1, 256, 0, 0, 0, 0, 4, 999, 2;
1, 256, 0, 0, 0, 0, 5, 1000, 3;
1, 256, 1, 1, 1, 1, 6, 1001, 4;
1, 256, 0, -1, -1, -1, 4, 999, 2;
1, 256, 1, 1, 1, 1, 6, 1001, 4;
1, 256, 0, -1, -1, -1, 4, 999, 2;
1, 256, 1, 1, 1, 1, 6, 1001, 4;
1, 256, 1, 1, 1, 1, 6, 1001, 4;
1, 256, 0, 0, 0, 0, 5, 1000, 3;
1, 256, 1, 1, 1, 1, 6, 1001, 4;
1, 256, 0, -1, -1, -1, 3, 998, 1;
1, 256, 0, 0, 0, 0, 4, 999, 2;
1, 256, 0, 0, 0, 0, 5, 1000, 3;
1, 256, 0, -1, -1, -1, 4, 999, 2;
1, 256, 0, 1, 1, 1, 5, 1000, 3;
1, 256, 1, 1, 1, 1, 6, 1001, 4;
1, 256, 0, 1, 1, 1, 5, 1000, 3;
1, 256, 0, -1, -1, -1, 4, 999, 2;
1, 256, 0, 0, 0, 0, 5, 999, 3;
1, 256, 0, 0, 0, 0, 4, 999, 2;
1, 256, 1, 1, 1, 1, 6, 1001, 4;
1, 256, 0, 0, 0, 0, 4, 999, 2;
1, 256, 0, 0, 0, 0, 4, 999, 2;
1, 256, 0, 0, 0, 0, 5, 1000, 3;
1, 256, 0, 0, 0, 0, 5, 1000, 3;
1, 256, 0, 1, 1, 1, 5, 1000, 3;
1, 256, 0, 0, 0, 0, 5, 999, 3;
1, 256, 0, 0, 0, 0, 5, 1000, 3;
1, 256, 0, 0, 0, 0, 4, 999, 2;
1, 256, 0, 0, 0, 0, 4, 999, 2;
1, 256, 0, 0, 0, 0, 4, 999, 2;
1, 256, 0, -1, -1, -1, 4, 999, 2;
1, 256, 1, 1, 1, 1, 6, 1001, 4;
1, 256, 0, 0, 0, 0, 5, 1000, 3;
1, 256, 0, 0, 0, 0, 5, 1000, 3;
1, 256, 0, 0, 0, 0, 5, 1000, 3;
1, 256, 0, 0, 0, 0, 4, 999, 2;
1, 256, 0, 0, 0, 0, 5, 1000, 3;
1, 256, 0, -1, -1, -1, 4, 999, 2;
1, 256, 1, 1, 1, 1, 6, 1001, 4;
1, 256, 0, 0, 0, 0, 5, 1000, 3;
1, 256, 0, 0, 0, 0, 5, 1000, 3;
1, 256, 0, 0, 0, 0, 4, 999, 2;
1, 256, 0, 0, 0, 0, 5, 1000, 3;
1, 256, 0, -1, -1, -1, 4, 998, 2;
1, 256, 0, 0, 0, 0, 5, 1000, 3;
1, 256, 1, 1, 1, 1, 5, 1000, 3;
1, 256, 0, 0, 0, 0, 5, 1000, 3;
1, 256, 0, 0, 0, 0, 4, 999, 2;
1, 256, 0, 0, 0, 0, 5, 1000, 3;
1, 256, 0, -1, -1, -1, 4, 999, 2;
1, 256, 0, 0, 0, 0, 4, 999, 2;
1, 256, 1, 1, 1, 1, 6, 1000, 4;
1, 256, 0, 0, 0, 0, 5, 1000, 3;
1, 256, 0, -1, -1, -1, 4, 999, 2;
1, 256, 0, -1, -1, -1, 4, 999, 2;
1, 256, 0, -1, -1, -1, 4, 999, 2;
1, 256, 1, 1, 1, 1, 6, 1001, 4;
1, 256, 1, 1, 1, 1, 6, 1000, 3;
1, 256, 0, 0, 0, 0, 5, 1000, 3;
1, 256, 0, 0, 0, 0, 5, 1000, 3;
1, 256, 0, 0, 0, 0, 5, 999, 3;
1, 256, 0, 0, 0, 0, 4, 999, 2;
1, 256, 0, 0, 0, 0, 5, 1000, 3;
1, 256, 0, 0, 0, 0, 5, 1000, 3;
1, 256, 0, 1, 1, 1, 5, 1000, 3;
1, 256, 0, -1, -1, -1, 4, 999, 2;
1, 256, 0, 0, 0, 0, 4, 999, 2;
1, 256, 0, 0, 0, 0, 4, 999, 2;
1, 256, 0, -1, -1, -1, 3, 998, 1;
1, 256, 0, -1, -1, -1, 4, 999, 2;
1, 256, 0, 0, 0, 0, 5, 999, 3;
1, 256, 0, 0, 0, 0, 4, 999, 2;
1, 256, 0, 0, 0, 0, 5, 1000, 3;
1, 256, 0, 0, 0, 0, 4, 999, 2;
1, 256, 0, 0, 0, 0, 5, 1000, 3;
1, 256, 0, -1, -1, -1, 4, 999, 2;
1, 256, 1, 1, 1, 1, 6, 1001, 4;
1, 256, 0, 0, 0, 0, 5, 999, 2;
1, 256, 0, 0, 0, 0, 5, 1000, 3;
1, 256, 0, 0, 0, 0, 5, 1000, 3;
1, 256, 0, 0, 0, 0, 4, 999, 2;
1, 256, 1, 1, 1, 1, 6, 1001, 4;
1, 256, 0, 0, 0, 0, 5, 1000, 3;
1, 256, 0, 1, 1, 1, 5, 1000, 3;
1, 256, 0, 0, 0, 0, 5, 1000, 3;
1, 256, 0, 0, 0, 0, 4, 999, 2;
1, 256, 0, -1, -1, -1, 4, 999, 2;
1, 256, 0, -1, -1, -1, 4, 999, 2;
1, 256, 0, 0, 0, 0, 4, 999, 2;
1, 256, 0, 1, 1, 1, 5, 1000, 3;
1, 256, 0, -1, -1, -1, 4, 999, 2;
1, 256, 0, 0, 0, 0, 5, 1000, 3;
1, 256, 0, -1, -1, -1, 4, 998, 1;
1, 256, 0, -1, -1, -1, 4, 999, 2;
1, 256, 0, 1, 1, 1, 5, 1000, 3;
1, 256, 0, -1, -1, -1, 3, 998, 1;
1, 256, 1, 1, 1, 1, 6, 1001, 4;
1, 256, 0, 0, 0, 0, 4, 999, 2;
1, 256, 0, 0, 0, 0, 4, 999, 2;
1, 256, 0, -1, -1, -1, 3, 998, 1;
1, 256, 0, 0, 0, 0, 4, 999, 2;
1, 256, 1, 1, 1, 1, 6, 1000, 4;
1, 256, 0, 0, 0, 0, 4, 999, 2;
1, 256, 0, 0, 0, 0, 4, 999, 2;
1, 256, 0, 0, 0, 0, 5, 1000, 3;
1, 256, 0, -1, -1, -1, 4, 999, 2;
1, 256, 0, -1, -1, -1, 4, 999, 2;
1, 256, 0, 0, 0, 0, 4, 999, 2;
1, 256, 0, 0, 0, 0, 4, 999, 2;
1, 256, 0, 0, 0, 0, 5, 1000, 3;
1, 256, 0, 0, 0, 0, 5, 1000, 3;
1, 256, 0, 0, 0, 0, 5, 1000, 3;
1, 256, 0, 0, 0, 0, 5, 999, 2;
1, 256, 1, 1, 1, 1, 5, 1000, 3;
1, 256, 0, -1, -1, -1, 4, 999, 2;
1, 256, 1, 1, 1, 1, 6, 1000, 4;
1, 256, 0, 0, 0, 0, 4, 999, 2;
1, 256, 0, 0, 0, 0, 4, 999, 2;
1, 256, 0, -1, -1, -1, 4, 999, 2;
1, 256, 0, 0, 0, 0, 4, 999, 2;
1, 256, 0, 0, 0, 0, 5, 1000, 3;
1, 256, 1, 1, 1, 1, 6, 1000, 3;
1, 256, 0, -1, -1, -1, 3, 998, 1;
1, 256, 0, 1, 1, 1, 5, 1000, 3;
1, 256, 0, -1, -1, -1, 4, 999, 2;
1, 256, 0, 0, 0, 0, 4, 999, 2;
1, 256, 1, 1, 1, 1, 6, 1000, 4;
1, 256, 0, 0, 0, 0, 4, 999, 2;
1, 256, 0, 0, 0, 0, 4, 999, 2;
1, 256, 0, -1, -1, -1, 4, 999, 2;
1, 256, 0, 0, 0, 0, 5, 1000, 3;
1, 256, 0, 0, 0, 0, 4, 999, 2;
1, 256, 0, 0, 0, 0, 4, 999, 2;
1, 256, 1, 1, 1, 1, 6, 1001, 4;
1, 256, 0, -1, -1, -1, 4, 998, 2;
1, 256, 0, -1, -1, -1, 4, 999, 2;
0, 256, 0, -1, -1, -1, 3, 998, 1;
1, 256, 0, -1, -1, -1, 3, 998, 1;
1, 256, 0, 0, 0, 0, 5, 999, 2;
1, 256, 0, 0, 0, 0, 5, 1000, 3;
1, 256, 0, 0, 0, 0, 5, 1000, 3;
1, 256, 0, 0, 0, 0, 4, 999, 2;
1, 256, 0, 0, 0, 0, 4, 999, 2;
1, 256, 0, 0, 0, 0, 5, 1000, 3;
1, 256, 0, 0, 0, 0, 5, 1000, 3;
1, 256, 0, 0, 0, 0, 4, 999, 2;
1, 256, 0, 0, 0, 0, 5, 1000, 3;
1, 256, 0, 0, 0, 0, 5, 1000, 3;
1, 256, 0, 1, 1, 1, 5, 1000, 3;
1, 256, 0, 0, 0, 0, 4, 999, 2;
1, 256, 1, 1, 1, 1, 6, 1001, 4;
1, 256, 0, 0, 0, 0, 5, 1000, 3;
1, 256, 0, -1, -1, -1, 4, 999, 2;
1, 256, 0, 0, 0, 0, 4, 999, 2;
1, 256, 0, 0, 0, 0, 5, 1000, 3;
1, 256, 0, 0, 0, 0, 4, 999, 2;
1, 256, 0, 0, 0, 0, 4, 999, 2;
1, 256, 0, 0, 0, 0, 5, 1000, 3;
1, 256, 0, 0, 0, 0, 5, 1000, 3;
1, 256, 0, -1, -1, -1, 4, 999, 2;
1, 256, 0, 1, 1, 1, 5, 1000, 3;
1, 256, 0, 0, 0, 0, 4, 999, 2;
1, 256, 0, -1, -1, -1, 4, 998, 1;
1, 256, 0, -1, -1, -1, 4, 999, 2;
1, 256, 0, -1, -1, -1, 4, 999, 2;
1, 256, 1, 1, 1, 1, 6, 1000, 3;
1, 256, 0, 0, 0, 0, 4, 999, 2;
1, 256, 0, -1, -1, -1, 4, 999, 2;
1, 256, 0, 0, 0, 0, 4, 999, 2;
1, 256, 0, -1, -1, -1, 4, 999, 2;
1, 256, 0, 0, 0, 0, 5, 1000, 3;
1, 256, 0, 0, 0, 0, 5, 1000, 3;
1, 256, 1, 1, 1, 1, 6, 1001, 4;
1, 256, 1, 1, 1, 1, 5, 1000, 3;
1, 256, 0, -1, -1, -1, 4, 998, 2;
1, 256, 0, -1, -1, -1, 4, 998, 2;
1, 256, 1, 1, 1, 1, 6, 1000, 4;
1, 256, 1, 1, 1, 1, 6, 1001, 4;
1, 256, 0, -1, -1, -1, 4, 999, 2;
1, 256, 0, 0, 0, 0, 5, 999, 3;
1, 256, 1, 1, 1, 1, 6, 1001, 4;
1, 256, 0, 0, 0, 0, 5, 1000, 3;
1, 256, 0, 0, 0, 0, 4, 999, 2;
1, 256, 0, -1, -1, -1, 4, 998, 1;
1, 256, 0, -1, -1, -1, 4, 999, 2;
1, 256, 0, -1, -1, -1, 4, 999, 2;
1, 256, 0, -1, -1, -1, 4, 999, 2;
1, 256, 0, 0, 0, 0, 5, 1000, 3;
1, 256, 0, 0, 0, 0, 4, 999, 2;
1, 256, 0, -1, -1, -1, 3, 998, 1;
1, 256, 0, 0, 0, 0, 5, 1000, 3;
1, 256, 0, 0, 0, 0, 4, 999, 2;
1, 256, 0, 0, 0, 0, 4, 999, 2;
1, 256, 0, 0, 0, 0, 5, 1000, 3;
1, 256, 1, 1, 1, 1, 5, 1000, 3;
1, 256, 0, 0, 0, 0, 4, 999, 2;
1, 256, 1, 1, 1, 1, 6, 1000, 4;
1, 256, 1, 1, 1, 1, 6, 1000, 4;
1, 256, 0, 0, 0, 0, 4, 999, 2;
1, 256, 0, -1, -1, -1, 4, 999, 2;
1, 256, 0, 0, 0, 0, 5, 1000, 3;
1, 256, 1, 1, 1, 1, 6, 1000, 4;
1, 256, 1, 1, 1, 1, 6, 1001, 4;
1, 256, 0, -1, -1, -1, 4, 998, 1;
1, 256, 0, 0, 0, 0, 4, 999, 2;
1, 256, 0, 0, 0, 0, 4, 999, 2;
1, 256, 0, -1, -1, -1, 4, 999, 2;
1, 256, 0, 0, 0, 0, 4, 999, 2;
1, 256, 0, 1, 1, 1, 5, 1000, 3;
1, 256, 0, 0, 0, 0, 4, 999, 2;
1, 256, 0, 0, 0, 0, 4, 999, 2;
1, 256, 0, 1, 1, 1, 5, 1000, 3;
1, 256, 1, 1, 1, 1, 6, 1000, 3;
1, 256, 0, -1, -1, -1, 4, 999, 2;
1, 256, 0, -1, -1, -1, 4, 999, 2;
1, 256, 0, -1, -1, -1, 4, 999, 2;
1, 256, 0, 0, 0, 0, 4, 999, 2;
1, 256, 1, 1, 1, 1, 6, 1000, 4;
1, 256, 0, -1, -1, -1, 4, 998, 1;
1, 256, 1, 1, 1, 1, 6, 1001, 4;
1, 256, 0, 0, 0, 0, 4, 999, 2;
1, 256, 0, 0, 0, 0, 5, 1000, 3;
1, 256, 1, 1, 1, 1, 6, 1001, 4;
1, 256, 0, 0, 0, 0, 5, 1000, 3;
1, 256, 0, -1, -1, -1, 4, 998, 1;
1, 256, 1, 1, 1, 1, 6, 1001, 4;
1, 256, 0, 0, 0, 0, 4, 999, 2;
1, 256, 0, 0, 0, 0, 5, 1000, 3;
1, 256, 0, 0, 0, 0, 5, 1000, 3;
1, 256, 1, 1, 1, 1, 5, 1000, 3;
1, 256, 1, 1, 1, 1, 6, 1000, 3;
1, 256, 0, 1, 1, 1, 5, 1000, 3;
1, 256, 0, 0, 0, 0, 4, 999, 2;
1, 256, 0, -1, -1, -1, 4, 999, 2;
1, 256, 0, 0, 0, 0, 4, 999, 2;
1, 256, 0, -1, -1, -1, 4, 999, 2;
1, 256, 0, -1, -1, -1, 4, 998, 1;
1, 256, 0, 0, 0, 0, 4, 999, 2;
1, 256, 0, 1, 1, 1, 5, 1000, 3;
1, 256, 0, -1, -1, -1, 4, 999, 2;
1, 256, 0, 0, 0, 0, 5, 999, 3;
1, 256, 1, 1, 1, 1, 6, 1000, 3;
1, 256, 0, -1, -1, -1, 4, 999, 2;
1, 256, 1, 1, 1, 1, 6, 1001, 4;
1, 256, 0, 0, 0, 0, 4, 999, 2;
1, 256, 0, 0, 0, 0, 5, 1000, 3;
1, 256, 0, 0, 0, 0, 4, 999, 2;
1, 256, 1, 1, 1, 1, 6, 1000, 4;
1, 256, 0, 0, 0, 0, 5, 1000, 3;
1, 256, 0, 0, 0, 0, 4, 999, 2;
1, 256, 1, 1, 1, 1, 6, 1000, 3;
1, 256, 0, 0, 0, 0, 4, 999, 2;
1, 256, 0, 0, 0, 0, 4, 999, 2;
0, 256, 0, -1, -1, -1, 3, 998, 1;
1, 256, 0, -1, -1, -1, 4, 999, 2;
1, 256, 0, -1, -1, -1, 4, 999, 2;
0, 256, 0, -1, -1, -1, 3, 998, 1;
1, 256, 0, -1, -1, -1, 3, 998, 1;
1, 256, 0, 0, 0, 0, 5, 1000, 3;
1, 256, 0, 0, 0, 0, 5, 1000, 3;
1, 256, 0, 0, 0, 0, 5, 999, 3;
1, 256, 0, -1, -1, -1, 4, 999, 2;
1, 256, 0, 1, 1, 1, 5, 1000, 3;
1, 256, 0, 0, 0, 0, 5, 1000, 3;
1, 256, 0, 0, 0, 0, 5, 1000, 3;
1, 256, 0, 0, 0, 0, 4, 999, 2;
1, 256, 0, 0, 0, 0, 5, 999, 3;
1, 256, 0, 0, 0, 0, 5, 1000, 3;
1, 256, 0, 0, 0, 0, 4, 999, 2;
1, 256, 1, 1, 1, 1, 6, 1001, 4;
1, 256, 0, -1, -1, -1, 4, 998, 1;
1, 256, 0, 0, 0, 0, 5, 1000, 3;
1, 256, 0, 0, 0, 0, 5, 1000, 3;
1, 256, 0, -1, -1, -1, 4, 999, 2;
1, 256, 0, 0, 0, 0, 4, 999, 2;
1, 256, 0, 0, 0, 0, 4, 999, 2;
1, 256, 0, 0, 0, 0, 5, 1000, 3;
1, 256, 0, 1, 1, 1, 5, 1000, 3;
1, 256, 1, 1, 1, 1, 6, 1000, 3;
1, 256, 1, 1, 1, 1, 6, 1001, 4;
1, 256, 0, 0, 0, 0, 5, 999, 3;
1, 256, 1, 1, 1, 1, 5, 1000, 3;
1, 256, 0, 0, 0, 0, 4, 999, 2;
1, 256, 1, 1, 1, 1, 6, 1001, 4;
1, 256, 0, 0, 0, 0, 4, 999, 2;
1, 256, 0, 0, 0, 0, 4, 999, 2;
1, 256, 0, 0, 0, 0, 5, 1000, 3;
1, 256, 0, 0, 0, 0, 4, 999, 2;
1, 256, 0, 0, 0, 0, 4, 999, 2;
1, 256, 0, 0, 0, 0, 4, 999, 2;
1, 256, 0, 0, 0, 0, 4, 999, 2;
1, 256, 0, 0, 0, 0, 5, 1000, 3;
1, 256, 0, -1, -1, -1, 4, 999, 2;
1, 256, 0, -1, -1, -1, 4, 999, 2;
1, 256, 0, 0, 0, 0, 5, 1000, 3;
1, 256, 0, 0, 0, 0, 4, 999, 2;
1, 256, 0, 1, 1, 1, 5, 1000, 3;
1, 256, 1, 1, 1, 1, 6, 1001, 4;
1, 256, 0, 0, 0, 0, 4, 999, 2;
1, 256, 0, -1, -1, -1, 4, 999, 2;
1, 256, 0, -1, -1, -1, 4, 999, 2;
1, 256, 0, 0, 0, 0, 4, 999, 2;
1, 256, 0, 0, 0, 0, 4, 999, 2;
1, 256, 0, 0, 0, 0, 4, 999, 2;
0, 256, 0, -1, -1, -1, 3, 998, 1;
1, 256, 0, -1, -1, -1, 4, 999, 2;
1, 256, 1, 1, 1, 1, 6, 1001, 4;
1, 256, 0, 0, 0, 0, 4, 999, 2;
1, 256, 0, -1, -1, -1, 4, 999, 2;
1, 256, 0, 0, 0, 0, 5, 1000, 3;
1, 256, 1, 1, 1, 1, 6, 1001, 4;
1, 256, 0, 1, 1, 1, 5, 1000, 3;
1, 256, 0, 0, 0, 0, 5, 999, 2;
1, 256, 0, -1, -1, -1, 4, 999, 2;
1, 256, 0, -1, -1, -1, 4, 998, 2;
1, 256, 0, 0, 0, 0, 5, 1000, 3;
1, 256, 0, 0, 0, 0, 4, 999, 2;
1, 256, 1, 1, 1, 1, 5, 1000, 3;
1, 256, 0, 0, 0, 0, 5, 1000, 3;
1, 256, 0, 0, 0, 0, 4, 999, 2;
1, 256, 0, 0, 0, 0, 4, 999, 2;
1, 256, 0, -1, -1, -1, 4, 999, 2;
1, 256, 1, 1, 1, 1, 6, 1001, 4;
1, 256, 1, 1, 1, 1, 6, 1000, 3;
1, 256, 0, -1, -1, -1, 3, 998, 1;
1, 256, 0, 0, 0, 0, 4, 999, 2;
1, 256, 0, 0, 0, 0, 4, 999, 2;
1, 256, 1, 1, 1, 1, 6, 1001, 4;
1, 256, 0, 0, 0, 0, 5, 1000, 3;
1, 256, 0, -1, -1, -1, 4, 999, 2;
1, 256, 0, -1, -1, -1, 4, 999, 2;
1, 256, 0, 0, 0, 0, 5, 1000, 3;
1, 256, 1, 1, 1, 1, 6, 1001, 4;
1, 256, 0, 0, 0, 0, 4, 999, 2;
1, 256, 0, 0, 0, 0, 5, 1000, 3;
1, 256, 0, 0, 0, 0, 5, 1000, 3;
1, 256, 0, -1, -1, -1, 4, 999, 2;
1, 256, 0, 0, 0, 0, 4, 999, 2;
1, 256, 1, 1, 1, 1, 6, 1000, 4;
1, 256, 0, 0, 0, 0, 5, 1000, 3;
1, 256, 0, 0, 0, 0, 4, 999, 2;
1, 256, 0, -1, -1, -1, 4, 999, 2;
1, 256, 0, 0, 0, 0, 4, 999, 2;
1, 256, 1, 1, 1, 1, 6, 1000, 3;
1, 256, 0, 1, 1, 1, 5, 1000, 3;
1, 256, 0, 0, 0, 0, 5, 1000, 3;
1, 256, 0, 0, 0, 0, 4, 999, 2;
1, 256, 1, 1, 1, 1, 6, 1001, 4;
1, 256, 0, 0, 0, 0, 5, 1000, 3;
1, 256, 1, 1, 1, 1, 6, 1000, 3;
1, 256, 0, 0, 0, 0, 4, 999, 2;
1, 256, 0, -1, -1, -1, 4, 999, 2;
1, 256, 0, 0, 0, 0, 5, 1000, 3;
1, 256, 1, 1, 1, 1, 5, 1000, 3;
1, 256, 0, 0, 0, 0, 5, 1000, 3;
1, 256, 0, -1, -1, -1, 4, 999, 2;
1, 256, 0, -1, -1, -1, 4, 999, 2;
1, 256, 0, 1, 1, 1, 5, 1000, 3;
1, 256, 0, 0, 0, 0, 4, 999, 2;
1, 256, 0, 0, 0, 0, 4, 999, 2;
1, 256, 0, 0, 0, 0, 4, 999, 2;
1, 256, 0, -1, -1, -1, 3, 998, 1;
1, 256, 0, -1, -1, -1, 3, 998, 1;
1, 256, 1, 1, 1, 1, 5, 1000, 3;
1, 256, 1, 1, 1, 1, 6, 1000, 4;
1, 256, 0, -1, -1, -1, 4, 999, 2;
1, 256, 0, 0, 0, 0, 5, 1000, 3;
1, 256, 0, 0, 0, 0, 4, 999, 2;
1, 256, 0, 0, 0, 0, 4, 999, 2;
1, 256, 0, 0, 0, 0, 5, 1000, 3;
1, 256, 1, 1, 1, 1, 6, 1001, 4;
1, 256, 1, 1, 1, 1, 6, 1001, 4;
1, 256, 1, 1, 1, 1, 6, 1001, 4;
1, 256, 0, 1, 1, 1, 5, 1000, 3;
1, 256, 0, 0, 0, 0, 5, 999, 2;
1, 256, 0, 0, 0, 0, 5, 1000, 3;
1, 256, 0, 0, 0, 0, 4, 999, 2;
1, 256, 0, 0, 0, 0, 4, 999, 2;
1, 256, 0, -1, -1, -1, 3, 998, 1;
1, 256, 0, -1, -1, -1, 4, 999, 2;
1, 256, 0, 0, 0, 0, 4, 999, 2;
1, 256, 0, 0, 0, 0, 5, 1000, 3;
1, 256, 0, 1, 1, 1, 5, 1000, 3;
1, 256, 0, 0, 0, 0, 5, 1000, 3;
1, 256, 1, 1, 1, 1, 6, 1001, 4;
1, 256, 0, 0, 0, 0, 5, 1000, 3;
1, 256, 0, 0, 0, 0, 5, 1000, 3;
1, 256, 0, 0, 0, 0, 4, 999, 2;
1, 256, 0, 1, 1, 1, 5, 1000, 3;
1, 256, 0, 0, 0, 0, 5, 1000, 3;
1, 256, 0, 0, 0, 0, 5, 1000, 3;
1, 256, 0, -1, -1, -1, 4, 999, 2;
1, 256, 0, 0, 0, 0, 4, 999, 2;
1, 256, 0, 0, 0, 0, 4, 999, 2;
1, 256, 0, 0, 0, 0, 5, 1000, 3;
1, 256, 0, 1, 1, 1, 5, 1000, 3;
1, 256, 0, 0, 0, 0, 4, 999, 2;
1, 256, 0, 0, 0, 0, 4, 999, 2;
1, 256, 0, -1, -1, -1, 4, 999, 2;
1, 256, 0, 0, 0, 0, 5, 1000, 3;
1, 256, 0, 0, 0, 0, 4, 999, 2;
1, 256, 0, -1, -1, -1, 4, 999, 2;
1, 256, 0, 0, 0, 0, 5, 1000, 3;
1, 256, 0, -1, -1, -1, 4, 999, 2;
1, 256, 0, 0, 0, 0, 4, 999, 2;
1, 256, 0, 0, 0, 0, 5, 1000, 3;
1, 256, 0, 0, 0, 0, 4, 999, 2;
1, 256, 0, -1, -1, -1, 3, 998, 1;
1, 256, 0, 1, 1, 1, 5, 1000, 3;
1, 256, 0, 0, 0, 0, 5, 1000, 3;
1, 256, 1, 1, 1, 1, 5, 1000, 3;
1, 256, 0, 0, 0, 0, 5, 1000, 3;
1, 256, 0, -1, -1, -1, 3, 998, 1;
1, 256, 1, 1, 1, 1, 6, 1001, 4;
1, 256, 0, 0, 0, 0, 4, 999, 2;
1, 256, 0, -1, -1, -1, 4, 999, 2;
1, 256, 0, 0, 0, 0, 4, 999, 2;
1, 256, 0, 0, 0, 0, 4, 999, 2;
1, 256, 0, 1, 1, 1, 5, 1000, 3;
1, 256, 0, -1, -1, -1, 4, 998, 2;
1, 256, 0, 0, 0, 0, 4, 999, 2;
1, 256, 1, 1, 1, 1, 6, 1001, 4;
1, 256, 0, 0, 0, 0, 5, 1000, 3;
1, 256, 0, -1, -1, -1, 4, 999, 2;
1, 256, 1, 1, 1, 1, 6, 1000, 3;
1, 256, 0, -1, -1, -1, 3, 998, 1;
1, 256, 0, -1, -1, -1, 3, 998, 1;
1, 256, 0, 0, 0, 0, 4, 999, 2;
1, 256, 0, 0, 0, 0, 4, 999, 2;
1, 256, 0, 0, 0, 0, 5, 1000, 3;
1, 256, 0, -1, -1, -1, 4, 998, 2;
1, 256, 0, 0, 0, 0, 4, 999, 2;
1, 256, 0, -1, -1, -1, 4, 999, 2;
1, 256, 0, -1, -1, -1, 4, 999, 2;
1, 256, 0, 0, 0, 0, 4, 999, 2;
1, 256, 1, 1, 1, 1, 6, 1001, 4;
1, 256, 1, 1, 1, 1, 6, 1001, 4;
1, 256, 0, -1, -1, -1, 4, 999, 2;
1, 256, 0, 0, 0, 0, 5, 1000, 3;
1, 256, 0, 1, 1, 1, 5, 1000, 3;
1, 256, 0, -1, -1, -1, 4, 999, 2;
1, 256, 1, 1, 1, 1, 5, 1000, 3;
1, 256, 0, 0, 0, 0, 4, 999, 2;
1, 256, 0, 0, 0, 0, 5, 999, 3;
1, 256, 0, -1, -1, -1, 3, 998, 1;
1, 256, 0, -1, -1, -1, 3, 998, 1;
1, 256, 1, 1, 1, 1, 6, 1000, 4;
1, 256, 0, 0, 0, 0, 5, 1000, 3;
1, 256, 1, 1, 1, 1, 6, 1001, 4;
1, 256, 0, -1, -1, -1, 4, 999, 2;
1, 256, 0, 0, 0, 0, 4, 999, 2;
1, 256, 0, 0, 0, 0, 5, 1000, 3;
1, 256, 1, 1, 1, 1, 6, 1001, 4;
1, 256, 0, 0, 0, 0, 5, 1000, 3;
1, 256, 0, 0, 0, 0, 4, 999, 2;
1, 256, 0, 0, 0, 0, 5, 1000, 3;
1, 256, 0, 0, 0, 0, 4, 999, 2;
1, 256, 0, -1, -1, -1, 4, 999, 2;
1, 256, 0, 0, 0, 0, 5, 1000, 3;
1, 256, 0, -1, -1, -1, 4, 999, 2;
1, 256, 0, 0, 0, 0, 5, 1000, 3;
1, 256, 0, 0, 0, 0, 5, 1000, 3;
1, 256, 0, -1, -1, -1, 4, 999, 2;
1, 256, 0, -1, -1, -1, 4, 999, 2;
1, 256, 0, -1, -1, -1, 4, 999, 2;
1, 256, 0, -1, -1, -1, 4, 999, 2;
1, 256, 0, 0, 0, 0, 4, 999, 2;
1, 256, 0, -1, -1, -1, 4, 999, 2;
1, 256, 0, -1, -1, -1, 4, 999, 2;
1, 256, 1, 1, 1, 1, 6, 1001, 4;
1, 256, 1, 1, 1, 1, 5, 1000, 3;
1, 256, 0, 0, 0, 0, 4, 999, 2;
1, 256, 0, -1, -1, -1, 4, 999, 2;
1, 256, 0, 0, 0, 0, 5, 1000, 3;
1, 256, 0, 1, 1, 1, 5, 1000, 3;
1, 256, 0, 0, 0, 0, 4, 999, 2;
1, 256, 0, 0, 0, 0, 5, 1000, 3;
1, 256, 0, -1, -1, -1, 3, 998, 1;
1, 256, 0, 0, 0, 0, 4, 999, 2;
1, 256, 1, 1, 1, 1, 5, 1000, 3;
1, 256, 0, 0, 0, 0, 4, 999, 2;
1, 256, 0, 0, 0, 0, 4, 999, 2;
1, 256, 0, 0, 0, 0, 5, 999, 3;
1, 256, 0, -1, -1, -1, 4, 999, 2;
1, 256, 0, 0, 0, 0, 4, 999, 2;
1, 256, 1, 1, 1, 1, 6, 1001, 4;
1, 256, 1, 1, 1, 1, 5, 1000, 3;
1, 256, 1, 1, 1, 1, 6, 1000, 4;
1, 256, 0, 0, 0, 0, 5, 999, 3;
1, 256, 0, 0, 0, 0, 4, 999, 2;
1, 256, 1, 1, 1, 1, 5, 1000, 3;
1, 256, 0, 0, 0, 0, 4, 999, 2;
1, 256, 0, 0, 0, 0, 4, 999, 2;
1, 256, 1, 1, 1, 1, 6, 1001, 4;
1, 256, 0, 0, 0, 0, 5, 999, 3;
1, 256, 0, -1, -1, -1, 4, 998, 2;
1, 256, 0, 0, 0, 0, 4, 999, 2;
1, 256, 0, 0, 0, 0, 5, 999, 3;
1, 256, 0, -1, -1, -1, 3, 998, 1;
1, 256, 1, 1, 1, 1, 6, 1001, 4;
1, 256, 0, -1, -1, -1, 4, 999, 2;
1, 256, 1, 1, 1, 1, 6, 1001, 4;
1, 256, 1, 1, 1, 1, 5, 1000, 3;
1, 256, 0, 0, 0, 0, 4, 999, 2;
1, 256, 0, 0, 0, 0, 5, 1000, 3;
1, 256, 0, -1, -1, -1, 4, 999, 2;
1, 256, 0, 1, 1, 1, 5, 1000, 3;
1, 256, 0, 0, 0, 0, 4, 999, 2;
1, 256, 1, 1, 1, 1, 6, 1000, 4;
1, 256, 1, 1, 1, 1, 6, 1000, 4;
1, 256, 0, 0, 0, 0, 5, 1000, 3;
1, 256, 0, -1, -1, -1, 4, 999, 2;
1, 256, 0, 0, 0, 0, 5, 1000, 3;
1, 256, 0, -1, -1, -1, 4, 999, 2;
1, 256, 0, 0, 0, 0, 5, 1000, 3;
1, 256, 0, -1, -1, -1, 4, 998, 2;
1, 256, 0, -1, -1, -1, 4, 998, 1;
1, 256, 0, 0, 0, 0, 5, 1000, 3;
1, 256, 0, 0, 0, 0, 4, 999, 2;
1, 256, 0, 0, 0, 0, 5, 1000, 3;
1, 256, 0, 1, 1, 1, 5, 1000, 3;
1, 256, 0, 0, 0, 0, 4, 999, 2;
1, 256, 0, 0, 0, 0, 4, 999, 2;
1, 256, 0, -1, -1, -1, 4, 999, 2;
1, 256, 0, 1, 1, 1, 5, 1000, 3;
1, 256, 0, 0, 0, 0, 5, 1000, 3;
1, 256, 0, 0, 0, 0, 4, 999, 2;
1, 256, 0, 0, 0, 0, 4, 999, 2;
1, 256, 0, 0, 0, 0, 5, 1000, 3;
1, 256, 0, 0, 0, 0, 5, 1000, 3;
1, 256, 0, -1, -1, -1, 4, 999, 2;
1, 256, 1, 1, 1, 1, 6, 1001, 4;
1, 256, 0, 0, 0, 0, 4, 999, 2;
1, 256, 0, 0, 0, 0, 5, 1000, 3;
1, 256, 0, -1, -1, -1, 4, 999, 2;
1, 256, 0, 1, 1, 1, 5, 1000, 3;
1, 256, 1, 1, 1, 1, 6, 1001, 4;
1, 256, 0, -1, -1, -1, 4, 999, 2;
1, 256, 0, 0, 0, 0, 4, 999, 2;
1, 256, 0, 1, 1, 1, 5, 1000, 3;
1, 256, 0, 0, 0, 0, 5, 1000, 3;
1, 256, 0, 0, 0, 0, 4, 999, 2;
1, 256, 1, 1, 1, 1, 5, 1000, 3;
1, 256, 0, -1, -1, -1, 4, 999, 2;
1, 256, 0, 0, 0, 0, 5, 1000, 3;
1, 256, 0, -1, -1, -1, 3, 998, 1;
1, 256, 0, -1, -1, -1, 4, 998, 2;
1, 256, 0, 0, 0, 0, 5, 1000, 3;
1, 256, 1, 1, 1, 1, 6, 1000, 3;
1, 256, 1, 1, 1, 1, 5, 1000, 3;
1, 256, 0, 0, 0, 0, 5, 999, 3;
1, 256, 0, 0, 0, 0, 4, 999, 2;
1, 256, 0, -1, -1, -1, 4, 998, 1;
1, 256, 0, 0, 0, 0, 5, 1000, 3;
1, 256, 0, 0, 0, 0, 4, 999, 2;
1, 256, 0, -1, -1, -1, 4, 999, 2;
1, 256, 0, 0, 0, 0, 4, 999, 2;
1, 256, 0, 0, 0, 0, 4, 999, 2;
1, 256, 0, -1, -1, -1, 4, 999, 2;
1, 256, 0, -1, -1, -1, 3, 998, 1;
1, 256, 0, 0, 0, 0, 5, 999, 3;
0, 256, 0, -1, -1, -1, 3, 998, 1;
1, 256, 0, -1, -1, -1, 4, 999, 2;
1, 256, 0, 0, 0, 0, 5, 1000, 3;
1, 256, 0, 0, 0, 0, 5, 1000, 3;
1, 256, 0, 1, 1, 1, 5, 1000, 3;
1, 256, 0, -1, -1, -1, 4, 999, 2;
1, 256, 0, -1, -1, -1, 3, 998, 1;
1, 256, 0, -1, -1, -1, 4, 998, 1;
1, 256, 0, 0, 0, 0, 4, 999, 2;
1, 256, 0, 1, 1, 1, 5, 1000, 3;
1, 256, 0, 0, 0, 0, 4, 999, 2;
1, 256, 0, 0, 0, 0, 4, 999, 2;
1, 256, 0, 0, 0, 0, 5, 1000, 3;
1, 256, 0, 0, 0, 0, 5, 1000, 3;
1, 256, 1, 1, 1, 1, 6, 1001, 4;
1, 256, 0, 0, 0, 0, 5, 1000, 3;
1, 256, 0, 0, 0, 0, 4, 999, 2;
1, 256, 0, -1, -1, -1, 4, 999, 2;
1, 256, 0, -1, -1, -1, 3, 998, 1;
1, 256, 1, 1, 1, 1, 5, 1000, 3;
1, 256, 0, 1, 1, 1, 5, 1000, 3;
1, 256, 0, -1, -1, -1, 4, 998, 2;
1, 256, 0, 0, 0, 0, 5, 1000, 3;
1, 256, 0, 0, 0, 0, 5, 1000, 3;
1, 256, 0, 0, 0, 0, 5, 1000, 3;
1, 256, 0, 0, 0, 0, 5, 1000, 3;
1, 256, 1, 1, 1, 1, 6, 1001, 4;
1, 256, 0, 0, 0, 0, 4, 999, 2;
1, 256, 1, 1, 1, 1, 6, 1000, 3;
0, 256, 0, -1, -1, -1, 3, 998, 1;
1, 256, 0, 0, 0, 0, 4, 999, 2;
1, 256, 0, 0, 0, 0, 5, 1000, 3;
1, 256, 0, 1, 1, 1, 5, 1000, 3;
1, 256, 0, 0, 0, 0, 5, 1000, 3;
1, 256, 0, 0, 0, 0, 5, 1000, 3;
1, 256, 1, 1, 1, 1, 5, 1000, 3;
1, 256, 0, 0, 0, 0, 4, 999, 2;
1, 256, 0, 0, 0, 0, 5, 999, 2;
1, 256, 0, 0, 0, 0, 4, 999, 2;
1, 256, 0, 0, 0, 0, 4, 999, 2;
1, 256, 0, 0, 0, 0, 5, 999, 3;
1, 256, 0, 0, 0, 0, 5, 1000, 3;
1, 256, 1, 1, 1, 1, 6, 1000, 3;
1, 256, 0, 1, 1, 1, 5, 1000, 3;
1, 256, 0, 0, 0, 0, 5, 1000, 3;
1, 256, 1, 1, 1, 1, 6, 1001, 4;
1, 256, 0, -1, -1, -1, 4, 998, 2;
1, 256, 0, 1, 1, 1, 5, 1000, 3;
1, 256, 0, 0, 0, 0, 5, 1000, 3;
1, 256, 0, -1, -1, -1, 4, 999, 2;
1, 256, 0, 0, 0, 0, 5, 1000, 3;
1, 256, 0, 0, 0, 0, 4, 999, 2;
1, 256, 1, 1, 1, 1, 6, 1001, 4;
1, 256, 0, 0, 0, 0, 4, 999, 2;
1, 256, 0, -1, -1, -1, 4, 998, 1;
1, 256, 0, 1, 1, 1, 5, 1000, 3;
1, 256, 0, 0, 0, 0, 4, 999, 2;
1, 256, 1, 1, 1, 1, 6, 1001, 4;
1, 256, 0, 0, 0, 0, 4, 999, 2;
1, 256, 0, -1, -1, -1, 4, 999, 2;
1, 256, 1, 1, 1, 1, 6, 1001, 4;
1, 256, 0, 1, 1, 1, 5, 1000, 3;
1, 256, 0, 0, 0, 0, 4, 999, 2;
1, 256, 0, 0, 0, 0, 5, 1000, 3;
1, 256, 0, 0, 0, 0, 5, 999, 3;
1, 256, 0, 0, 0, 0, 5, 1000, 3;
1, 256, 1, 1, 1, 1, 6, 1000, 4;
1, 256, 1, 1, 1, 1, 6, 1001, 4;
1, 256, 0, 0, 0, 0, 5, 1000, 3;
1, 256, 0, -1, -1, -1, 4, 998, 1;
1, 256, 0, 0, 0, 0, 5, 1000, 3;
1, 256, 1, 1, 1, 1, 6, 1001, 4;
1, 256, 0, -1, -1, -1, 3, 998, 1;
1, 256, 0, 0, 0, 0, 5, 1000, 3;
1, 256, 1, 1, 1, 1, 6, 1001, 4;
1, 256, 0, 1, 1, 1, 5, 1000, 3;
1, 256, 0, 0, 0, 0, 5, 1000, 3;
1, 256, 0, 0, 0, 0, 4, 999, 2;
1, 256, 0, 0, 0, 0, 5, 1000, 3;
1, 256, 1, 1, 1, 1, 6, 1000, 4;
1, 256, 0, 0, 0, 0, 5, 999, 3;
1, 256, 0, 0, 0, 0, 5, 1000, 3;
1, 256, 0, 1, 1, 1, 5, 1000, 3;
1, 256, 0, -1, -1, -1, 3, 998, 1;
1, 256, 0, -1, -1, -1, 4, 999, 2;
1, 256, 0, 1, 1, 1, 5, 1000, 3;
1, 256, 0, 0, 0, 0, 5, 1000, 3;
1, 256, 0, 0, 0, 0, 4, 999, 2;
1, 256, 0, -1, -1, -1, 4, 999, 2;
1, 256, 0, 0, 0, 0, 5, 1000, 3;
1, 256, 0, 0, 0, 0, 5, 999, 2;
1, 256, 0, 0, 0, 0, 4, 999, 2;
1, 256, 0, -1, -1, -1, 3, 998, 1;
0, 256, 0, -1, -1, -1, 3, 998, 1;
1, 256, 1, 1, 1, 1, 6, 1000, 4;
1, 256, 0, 0, 0, 0, 4, 999, 2;
1, 256, 1, 1, 1, 1, 6, 1001, 4;
1, 256, 1, 1, 1, 1, 6, 1000, 4;
1, 256, 0, 0, 0, 0, 4, 999, 2;
1, 256, 0, 0, 0, 0, 4, 999, 2;
1, 256, 0, -1, -1, -1, 3, 998, 1;
1, 256, 1, 1, 1, 1, 6, 1001, 4;
1, 256, 0, 0, 0, 0, 5, 1000, 3;
1, 256, 0, -1, -1, -1, 4, 998, 1;
1, 256, 0, 0, 0, 0, 5, 1000, 3;
1, 256, 0, 0, 0, 0, 4, 999, 2;
1, 256, 0, -1, -1, -1, 3, 998, 1;
1, 256, 1, 1, 1, 1, 6, 1001, 4;
1, 256, 0, 0, 0, 0, 5, 1000, 3;
1, 256, 1, 1, 1, 1, 6, 1000, 4;
1, 256, 0, 0, 0, 0, 5, 1000, 3;
1, 256, 0, -1, -1, -1, 3, 998, 1;
0, 256, 0, -1, -1, -1, 3, 998, 1;
1, 256, 0, 0, 0, 0, 5, 1000, 3;
1, 256, 0, 0, 0, 0, 5, 1000, 3;
1, 256, 0, 0, 0, 0, 5, 999, 3;
1, 256, 0, 0, 0, 0, 5, 1000, 3;
1, 256, 1, 1, 1, 1, 6, 1001, 4;
1, 256, 1, 1, 1, 1, 6, 1001, 4;
1, 256, 0, -1, -1, -1, 4, 999, 2;
1, 256, 0, 0, 0, 0, 4, 999, 2;
1, 256, 1, 1, 1, 1, 6, 1001, 4;
1, 256, 0, 0, 0, 0, 5, 999, 3;
1, 256, 1, 1, 1, 1, 6, 1001, 4;
1, 256, 1, 1, 1, 1, 6, 1001, 4;
1, 256, 1, 1, 1, 1, 6, 1001, 4;
1, 256, 0, -1, -1, -1, 4, 999, 2;
1, 256, 0, -1, -1, -1, 3, 998, 1;
1, 256, 0, 0, 0, 0, 4, 999, 2;
1, 256, 0, 0, 0, 0, 5, 1000, 3;
1, 256, 0, -1, -1, -1, 4, 999, 2;
1, 256, 0, 0, 0, 0, 4, 999, 2;
1, 256, 1, 1, 1, 1, 6, 1001, 4;
1, 256, 0, 0, 0, 0, 5, 999, 3;
1, 256, 0, 0, 0, 0, 5, 1000, 3;
1, 256, 0, 0, 0, 0, 5, 1000, 3;
1, 256, 0, 0, 0, 0, 5, 1000, 3;
1, 256, 1, 1, 1, 1, 6, 1001, 4;
1, 256, 0, 0, 0, 0, 5, 999, 3;
1, 256, 0, 0, 0, 0, 5, 1000, 3;
1, 256, 0, 0, 0, 0, 5, 1000, 3;
1, 256, 0, 1, 1, 1, 5, 1000, 3;
1, 256, 0, 0, 0, 0, 4, 999, 2;
1, 256, 0, 0, 0, 0, 5, 999, 3;
1, 256, 0, 0, 0, 0, 4, 999, 2;
1, 256, 0, 0, 0, 0, 4, 999, 2;
1, 256, 1, 1, 1, 1, 6, 1001, 4;
1, 256, 0, 0, 0, 0, 4, 999, 2;
1, 256, 0, 0, 0, 0, 4, 999, 2;
1, 256, 0, -1, -1, -1, 4, 999, 2;
1, 256, 0, -1, -1, -1, 4, 999, 2;
1, 256, 1, 1, 1, 1, 6, 1000, 3;
1, 256, 0, 0, 0, 0, 5, 1000, 3;
1, 256, 1, 1, 1, 1, 6, 1001, 4;
1, 256, 0, 0, 0, 0, 4, 999, 2;
1, 256, 0, 0, 0, 0, 5, 1000, 3;
1, 256, 0, -1, -1, -1, 4, 999, 2;
1, 256, 0, 0, 0, 0, 5, 1000, 3;
1, 256, 0, 0, 0, 0, 5, 1000, 3;
1, 256, 0, -1, -1, -1, 4, 999, 2;
1, 256, 0, 0, 0, 0, 5, 1000, 3;
1, 256, 0, -1, -1, -1, 4, 999, 2;
1, 256, 0, 0, 0, 0, 5, 1000, 3;
1, 256, 0, 0, 0, 0, 4, 999, 2;
1, 256, 0, -1, -1, -1, 4, 998, 2;
1, 256, 0, -1, -1, -1, 4, 999, 2;
1, 256, 0, 1, 1, 1, 5, 1000, 3;
1, 256, 1, 1, 1, 1, 6, 1001, 4;
1, 256, 0, 0, 0, 0, 5, 1000, 3;
1, 256, 0, 1, 1, 1, 5, 1000, 3;
0, 256, 0, -1, -1, -1, 3, 998, 1;
1, 256, 0, -1, -1, -1, 4, 999, 2;
1, 256, 0, 0, 0, 0, 5, 1000, 3;
1, 256, 0, 0, 0, 0, 5, 1000, 3;
1, 256, 0, 1, 1, 1, 5, 1000, 3;
1, 256, 0, 0, 0, 0, 5, 1000, 3;
1, 256, 0, -1, -1, -1, 4, 999, 2;
1, 256, 0, 0, 0, 0, 4, 999, 2;
1, 256, 0, 0, 0, 0, 4, 999, 2;
1, 256, 0, -1, -1, -1, 4, 999, 2;
1, 256, 0, 0, 0, 0, 5, 1000, 3;
1, 256, 0, 0, 0, 0, 5, 1000, 3;
1, 256, 1, 1, 1, 1, 6, 1001, 4;
1, 256, 1, 1, 1, 1, 6, 1001, 4;
1, 256, 0, 0, 0, 0, 4, 999, 2;
1, 256, 0, 0, 0, 0, 5, 999, 2;
1, 256, 0, -1, -1, -1, 4, 999, 2;
1, 256, 0, 0, 0, 0, 5, 1000, 3;
1, 256, 0, 0, 0, 0, 4, 999, 2;
1, 256, 0, -1, -1, -1, 4, 999, 2;
1, 256, 0, 0, 0, 0, 5, 1000, 3;
1, 256, 1, 1, 1, 1, 6, 1000, 4;
1, 256, 0, 0, 0, 0, 5, 1000, 3;
1, 256, 0, -1, -1, -1, 3, 998, 1;
1, 256, 0, -1, -1, -1, 4, 999, 2;
1, 256, 0, 0, 0, 0, 5, 1000, 3;
1, 256, 0, 1, 1, 1, 5, 1000, 3;
1, 256, 1, 1, 1, 1, 6, 1001, 4;
1, 256, 0, 0, 0, 0, 5, 1000, 3;
1, 256, 0, 0, 0, 0, 4, 999, 2;
1, 256, 1, 1, 1, 1, 6, 1001, 4;
1, 256, 1, 1, 1, 1, 6, 1001, 4;
1, 256, 0, -1, -1, -1, 4, 998, 2;
1, 256, 0, 0, 0, 0, 4, 999, 2;
1, 256, 0, 0, 0, 0, 4, 999, 2;
1, 256, 0, -1, -1, -1, 4, 999, 2;
1, 256, 0, 0, 0, 0, 4, 999, 2;
1, 256, 0, -1, -1, -1, 4, 999, 2;
1, 256, 0, 0, 0, 0, 4, 999, 2;
1, 256, 0, 0, 0, 0, 4, 999, 2;
1, 256, 0, 0, 0, 0, 5, 1000, 3;
1, 256, 0, 0, 0, 0, 5, 1000, 3;
1, 256, 0, 1, 1, 1, 5, 1000, 3;
1, 256, 0, 0, 0, 0, 4, 999, 2;
1, 256, 0, 1, 1, 1, 5, 1000, 3;
1, 256, 0, 1, 1, 1, 5, 1000, 3;
1, 256, 0, -1, -1, -1, 4, 999, 2;
1, 256, 0, 1, 1, 1, 5, 1000, 3;
1, 256, 0, 0, 0, 0, 5, 1000, 3;
1, 256, 0, 0, 0, 0, 5, 1000, 3;
1, 256, 1, 1, 1, 1, 6, 1001, 4;
1, 256, 0, 0, 0, 0, 4, 999, 2;
1, 256, 0, 0, 0, 0, 5, 1000, 3;
1, 256, 0, 0, 0, 0, 5, 1000, 3;
1, 256, 1, 1, 1, 1, 6, 1000, 4;
1, 256, 0, -1, -1, -1, 4, 999, 2;
1, 256, 0, 0, 0, 0, 5, 1000, 3;
1, 256, 0, 0, 0, 0, 5, 999, 3;
1, 256, 0, 1, 1, 1, 5, 1000, 3;
1, 256, 0, 0, 0, 0, 5, 1000, 3;
1, 256, 0, 0, 0, 0, 5, 1000, 3;
1, 256, 0, 0, 0, 0, 4, 999, 2;
1, 256, 0, 0, 0, 0, 4, 999, 2;
1, 256, 0, -1, -1, -1, 4, 998, 1;
1, 256, 0, 0, 0, 0, 5, 1000, 3;
1, 256, 0, -1, -1, -1, 4, 999, 2;
1, 256, 0, 0, 0, 0, 4, 999, 2;
1, 256, 0, 1, 1, 1, 5, 1000, 3;
1, 256, 0, 0, 0, 0, 5, 1000, 3;
1, 256, 0, 0, 0, 0, 4, 999, 2;
1, 256, 0, -1, -1, -1, 3, 998, 1;
1, 256, 1, 1, 1, 1, 6, 1001, 4;
1, 256, 0, 0, 0, 0, 5, 1000, 3;
1, 256, 0, -1, -1, -1, 4, 999, 2;
1, 256, 0, 0, 0, 0, 5, 1000, 3;
1, 256, 0, 0, 0, 0, 5, 1000, 3;
1, 256, 0, 0, 0, 0, 5, 1000, 3;
1, 256, 0, 0, 0, 0, 5, 1000, 3;
1, 256, 0, 0, 0, 0, 5, 1000, 3;
1, 256, 0, -1, -1, -1, 3, 998, 1;
1, 256, 0, 0, 0, 0, 4, 999, 2;
1, 256, 1, 1, 1, 1, 6, 1000, 4;
1, 256, 0, -1, -1, -1, 4, 999, 2;
1, 256, 0, -1, -1, -1, 4, 998, 2;
1, 256, 0, 0, 0, 0, 5, 1000, 3;
1, 256, 0, 0, 0, 0, 4, 999, 2;
1, 256, 0, -1, -1, -1, 4, 999, 2;
1, 256, 0, -1, -1, -1, 3, 998, 1;
1, 256, 1, 1, 1, 1, 6, 1001, 4;
1, 256, 1, 1, 1, 1, 6, 1001, 4;
1, 256, 0, -1, -1, -1, 4, 999, 2;
1, 256, 0, 0, 0, 0, 5, 1000, 3;
1, 256, 0, 0, 0, 0, 4, 999, 2;
1, 256, 0, 1, 1, 1, 5, 1000, 3;
1, 256, 0, -1, -1, -1, 4, 999, 2;
1, 256, 0, 0, 0, 0, 4, 999, 2;
1, 256, 0, 0, 0, 0, 5, 999, 2;
1, 256, 0, 0, 0, 0, 5, 1000, 3;
1, 256, 0, -1, -1, -1, 4, 999, 2;
1, 256, 0, 0, 0, 0, 5, 1000, 3;
1, 256, 0, 0, 0, 0, 5, 1000, 3;
1, 256, 0, 0, 0, 0, 5, 999, 2;
1, 256, 0, 0, 0, 0, 4, 999, 2;
1, 256, 0, 1, 1, 1, 5, 1000, 3;
1, 256, 0, 0, 0, 0, 5, 1000, 3;
1, 256, 0, 0, 0, 0, 4, 999, 2;
1, 256, 0, -1, -1, -1, 4, 999, 2;
1, 256, 0, 0, 0, 0, 5, 1000, 3;
1, 256, 0, 0, 0, 0, 4, 999, 2;
1, 256, 0, -1, -1, -1, 4, 999, 2;
1, 256, 0, -1, -1, -1, 4, 999, 2;
1, 256, 0, 0, 0, 0, 5, 1000, 3;
1, 256, 0, 0, 0, 0, 4, 999, 2;
1, 256, 0, 0, 0, 0, 5, 1000, 3;
1, 256, 0, 1, 1, 1, 5, 1000, 3;
1, 256, 0, -1, -1, -1, 4, 999, 2;
1, 256, 0, 0, 0, 0, 4, 999, 2;
1, 256, 0, 0, 0, 0, 5, 1000, 3;
1, 256, 0, -1, -1, -1, 4, 999, 2;
1, 256, 0, 0, 0, 0, 5, 1000, 3;
1, 256, 0, -1, -1, -1, 4, 999, 2;
1, 256, 0, 0, 0, 0, 4, 999, 2;
1, 256, 1, 1, 1, 1, 6, 1000, 4;
1, 256, 1, 1, 1, 1, 6, 1000, 3;
1, 256, 0, -1, -1, -1, 4, 999, 2;
1, 256, 0, 0, 0, 0, 4, 999, 2;
1, 256, 0, -1, -1, -1, 3, 998, 1;
1, 256, 0, -1, -1, -1, 4, 999, 2;
1, 256, 0, -1, -1, -1, 4, 999, 2;
1, 256, 1, 1, 1, 1, 6, 1001, 4;
1, 256, 0, -1, -1, -1, 4, 999, 2;
1, 256, 0, 0, 0, 0, 5, 1000, 3;
1, 256, 0, 1, 1, 1, 5, 1000, 3;
1, 256, 0, -1, -1, -1, 4, 999, 2;
1, 256, 0, -1, -1, -1, 4, 998, 1;
1, 256, 0, 0, 0, 0, 5, 1000, 3;
1, 256, 0, 0, 0, 0, 4, 999, 2;
1, 256, 1, 1, 1, 1, 6, 1001, 4;
1, 256, 0, 1, 1, 1, 5, 1000, 3;
1, 256, 0, 0, 0, 0, 4, 999, 2;
1, 256, 0, 0, 0, 0, 5, 1000, 3;
1, 256, 0, -1, -1, -1, 4, 999, 2;
1, 256, 1, 1, 1, 1, 6, 1001, 4;
1, 256, 0, 1, 1, 1, 5, 1000, 3;
1, 256, 0, 0, 0, 0, 4, 999, 2;
1, 256, 0, -1, -1, -1, 3, 998, 1;
1, 256, 0, -1, -1, -1, 4, 999, 2;
1, 256, 0, -1, -1, -1, 4, 999, 2;
1, 256, 0, 1, 1, 1, 5, 1000, 3;
1, 256, 0, 0, 0, 0, 5, 1000, 3;
1, 256, 0, 0, 0, 0, 5, 1000, 3;
1, 256, 0, 0, 0, 0, 5, 1000, 3;
1, 256, 0, -1, -1, -1, 4, 999, 2;
1, 256, 1, 1, 1, 1, 6, 1001, 4;
1, 256, 0, 0, 0, 0, 5, 1000, 3;
1, 256, 1, 1, 1, 1, 6, 1001, 4;
1, 256, 1, 1, 1, 1, 5, 1000, 3;
1, 256, 1, 1, 1, 1, 6, 1001, 4;
1, 256, 0, 0, 0, 0, 5, 1000, 3;
1, 256, 1, 1, 1, 1, 6, 1001, 4;
1, 256, 0, -1, -1, -1, 3, 998, 1;
1, 256, 0, 1, 1, 1, 5, 1000, 3;
1, 256, 0, 0, 0, 0, 4, 999, 2;
1, 256, 1, 1, 1, 1, 6, 1001, 4;
1, 256, 0, 0, 0, 0, 5, 1000, 3;
1, 256, 0, 0, 0, 0, 4, 999, 2;
1, 256, 0, 0, 0, 0, 5, 1000, 3;
1, 256, 0, 0, 0, 0, 4, 999, 2;
1, 256, 1, 1, 1, 1, 6, 1001, 4;
1, 256, 1, 1, 1, 1, 6, 1001, 4;
1, 256, 0, -1, -1, -1, 4, 999, 2;
1, 256, 0, 0, 0, 0, 5, 1000, 3;
1, 256, 0, 0, 0, 0, 5, 1000, 3;
1, 256, 1, 1, 1, 1, 6, 1000, 4;
1, 256, 0, 0, 0, 0, 4, 999, 2;
1, 256, 0, 0, 0, 0, 5, 1000, 3;
1, 256, 1, 1, 1, 1, 6, 1000, 4;
1, 256, 0, 0, 0, 0, 5, 1000, 3;
1, 256, 0, 1, 1, 1, 5, 1000, 3;
1, 256, 0, -1, -1, -1, 4, 998, 2;
1, 256, 0, -1, -1, -1, 4, 998, 1;
1, 256, 0, 1, 1, 1, 5, 1000, 3;
1, 256, 1, 1, 1, 1, 6, 1001, 4;
1, 256, 0, 0, 0, 0, 4, 999, 2;
1, 256, 0, 1, 1, 1, 5, 1000, 3;
1, 256, 0, 0, 0, 0, 5, 1000, 3;
1, 256, 0, -1, -1, -1, 4, 999, 2;
1, 256, 0, 0, 0, 0, 5, 1000, 3;
1, 256, 1, 1, 1, 1, 6, 1001, 4;
1, 256, 0, 0, 0, 0, 5, 1000, 3;
1, 256, 0, -1, -1, -1, 4, 998, 2;
1, 256, 0, -1, -1, -1, 4, 999, 2;
1, 256, 0, 0, 0, 0, 4, 999, 2;
1, 256, 0, 0, 0, 0, 4, 999, 2;
1, 256, 0, -1, -1, -1, 4, 999, 2;
1, 256, 0, -1, -1, -1, 3, 998, 1;
1, 256, 0, 0, 0, 0, 5, 1000, 3;
1, 256, 0, -1, -1, -1, 3, 998, 1;
1, 256, 0, 0, 0, 0, 5, 1000, 3;
1, 256, 0, -1, -1, -1, 3, 998, 1;
1, 256, 0, 1, 1, 1, 5, 1000, 3;
1, 256, 0, 0, 0, 0, 4, 999, 2;
1, 256, 0, -1, -1, -1, 4, 999, 2;
1, 256, 0, -1, -1, -1, 4, 999, 2;
1, 256, 0, 0, 0, 0, 5, 999, 3;
1, 256, 1, 1, 1, 1, 5, 1000, 3;
1, 256, 0, 0, 0, 0, 4, 999, 2;
1, 256, 0, 0, 0, 0, 5, 1000, 3;
1, 256, 0, 0, 0, 0, 4, 999, 2;
1, 256, 0, -1, -1, -1, 3, 998, 1;
1, 256, 0, 0, 0, 0, 5, 1000, 3;
1, 256, 1, 1, 1, 1, 5, 1000, 3;
1, 256, 0, 0, 0, 0, 4, 999, 2;
1, 256, 0, 0, 0, 0, 5, 1000, 3;
1, 256, 0, -1, -1, -1, 4, 999, 2;
1, 256, 0, 0, 0, 0, 4, 999, 2;
1, 256, 0, -1, -1, -1, 4, 999, 2;
1, 256, 0, 0, 0, 0, 4, 999, 2;
1, 256, 0, 0, 0, 0, 4, 999, 2;
1, 256, 0, 0, 0, 0, 4, 999, 2;
1, 256, 1, 1, 1, 1, 6, 1001, 4;
1, 256, 0, -1, -1, -1, 4, 999, 2;
1, 256, 1, 1, 1, 1, 6, 1001, 4;
1, 256, 0, 0, 0, 0, 5, 1000, 3;
1, 256, 0, 1, 1, 1, 5, 1000, 3;
1, 256, 0, -1, -1, -1, 4, 999, 2;
1, 256, 0, 0, 0, 0, 5, 1000, 3;
1, 256, 0, 0, 0, 0, 4, 999, 2;
1, 256, 1, 1, 1, 1, 6, 1000, 4;
1, 256, 0, 0, 0, 0, 4, 999, 2;
1, 256, 0, 0, 0, 0, 4, 999, 2;
1, 256, 0, -1, -1, -1, 3, 998, 1;
1, 256, 0, -1, -1, -1, 4, 999, 2;
1, 256, 0, -1, -1, -1, 4, 999, 2;
1, 256, 0, 0, 0, 0, 5, 999, 2;
1, 256, 0, 0, 0, 0, 5, 1000, 3;
1, 256, 0, 1, 1, 1, 5, 1000, 3;
1, 256, 0, 0, 0, 0, 5, 1000, 3;
1, 256, 1, 1, 1, 1, 5, 1000, 3;
1, 256, 0, 0, 0, 0, 4, 999, 2;
1, 256, 1, 1, 1, 1, 6, 1001, 4;
1, 256, 1, 1, 1, 1, 6, 1001, 4;
1, 256, 0, 0, 0, 0, 4, 999, 2;
1, 256, 0, 0, 0, 0, 4, 999, 2;
1, 256, 1, 1, 1, 1, 6, 1001, 4;
1, 256, 1, 1, 1, 1, 6, 1001, 4;
1, 256, 0, 1, 1, 1, 5, 1000, 3;
1, 256, 0, 1, 1, 1, 5, 1000, 3;
1, 256, 0, 0, 0, 0, 5, 1000, 3;
1, 256, 0, 0, 0, 0, 5, 999, 2;
1, 256, 0, 0, 0, 0, 4, 999, 2;
1, 256, 0, 0, 0, 0, 4, 999, 2;
1, 256, 0, -1, -1, -1, 4, 999, 2;
1, 256, 0, 0, 0, 0, 5, 1000, 3;
1, 256, 0, -1, -1, -1, 4, 999, 2;
1, 256, 0, 0, 0, 0, 5, 1000, 3;
1, 256, 0, -1, -1, -1, 4, 999, 2;
1, 256, 0, -1, -1, -1, 4, 999, 2;
1, 256, 0, 0, 0, 0, 5, 1000, 3;
1, 256, 0, 0, 0, 0, 5, 1000, 3;
1, 256, 0, 0, 0, 0, 5, 1000, 3;
1, 256, 0, 0, 0, 0, 5, 1000, 3;
1, 256, 0, -1, -1, -1, 3, 998, 1;
0, 256, 0, -1, -1, -1, 3, 998, 1;
1, 256, 0, 1, 1, 1, 5, 1000, 3;
1, 256, 1, 1, 1, 1, 6, 1000, 4;
1, 256, 0, 0, 0, 0, 5, 1000, 3;
1, 256, 0, -1, -1, -1, 4, 998, 1;
1, 256, 0, 0, 0, 0, 4, 999, 2;
1, 256, 0, -1, -1, -1, 3, 998, 1;
1, 256, 0, 1, 1, 1, 5, 1000, 3;
1, 256, 0, 0, 0, 0, 5, 1000, 3;
1, 256, 0, -1, -1, -1, 3, 998, 1;
1, 256, 0, 1, 1, 1, 5, 1000, 3;
1, 256, 0, 0, 0, 0, 5, 1000, 3;
1, 256, 0, 0, 0, 0, 5, 1000, 3;
1, 256, 0, 0, 0, 0, 4, 999, 2;
1, 256, 0, -1, -1, -1, 4, 998, 2;
1, 256, 0, 0, 0, 0, 4, 999, 2;
1, 256, 0, 1, 1, 1, 5, 1000, 3;
1, 256, 0, 1, 1, 1, 5, 1000, 3;
1, 256, 0, 0, 0, 0, 5, 1000, 3;
1, 256, 0, 0, 0, 0, 4, 999, 2;
1, 256, 1, 1, 1, 1, 6, 1000, 3;
1, 256, 0, 0, 0, 0, 4, 999, 2;
1, 256, 0, -1, -1, -1, 4, 999, 2;
1, 256, 1, 1, 1, 1, 6, 1001, 4;
1, 256, 1, 1, 1, 1, 6, 1001, 4;
1, 256, 0, -1, -1, -1, 4, 999, 2;
1, 256, 0, 0, 0, 0, 4, 999, 2;
1, 256, 0, -1, -1, -1, 3, 998, 1;
1, 256, 0, 0, 0, 0, 4, 999, 2;
1, 256, 0, 0, 0, 0, 5, 1000, 3;
1, 256, 1, 1, 1, 1, 6, 1001, 4;
1, 256, 0, 0, 0, 0, 5, 1000, 3;
1, 256, 1, 1, 1, 1, 6, 1001, 4;
1, 256, 0, 0, 0, 0, 5, 1000, 3;
1, 256, 0, 0, 0, 0, 4, 999, 2;
1, 256, 0, 0, 0, 0, 4, 999, 2;
0, 256, 0, -1, -1, -1, 3, 998, 1;
1, 256, 0, 0, 0, 0, 4, 999, 2;
1, 256, 0, 0, 0, 0, 5, 999, 3;
0, 256, 0, -1, -1, -1, 3, 998, 1;
1, 256, 0, 0, 0, 0, 5, 1000, 3;
1, 256, 0, 1, 1, 1, 5, 1000, 3;
1, 256, 0, 0, 0, 0, 5, 1000, 3;
1, 256, 1, 1, 1, 1, 6, 1001, 4;
1, 256, 0, 0, 0, 0, 5, 1000, 3;
1, 256, 1, 1, 1, 1, 6, 1000, 3;
0, 256, 0, -1, -1, -1, 3, 998, 1;
1, 256, 0, -1, -1, -1, 4, 999, 2;
1, 256, 1, 1, 1, 1, 6, 1000, 4;
1, 256, 0, 0, 0, 0, 5, 999, 3;
1, 256, 0, 0, 0, 0, 5, 999, 2;
1, 256, 1, 1, 1, 1, 6, 1001, 4;
1, 256, 0, 1, 1, 1, 5, 1000, 3;
1, 256, 0, 0, 0, 0, 4, 999, 2;
1, 256, 0, -1, -1, -1, 3, 998, 1;
1, 256, 0, 0, 0, 0, 4, 999, 2;
1, 256, 0, 0, 0, 0, 5, 1000, 3;
1, 256, 0, 0, 0, 0, 5, 1000, 3;
1, 256, 0, 1, 1, 1, 5, 1000, 3;
1, 256, 0, 0, 0, 0, 5, 1000, 3;
1, 256, 0, 0, 0, 0, 4, 999, 2;
1, 256, 0, -1, -1, -1, 4, 999, 2;
1, 256, 0, 0, 0, 0, 4, 999, 2;
1, 256, 0, 0, 0, 0, 4, 999, 2;
1, 256, 0, -1, -1, -1, 4, 998, 2;
1, 256, 1, 1, 1, 1, 6, 1001, 4;
1, 256, 1, 1, 1, 1, 6, 1001, 4;
1, 256, 0, 0, 0, 0, 4, 999, 2;
1, 256, 0, -1, -1, -1, 4, 999, 2;
1, 256, 0, 1, 1, 1, 5, 1000, 3;
1, 256, 0, 0, 0, 0, 4, 999, 2;
1, 256, 0, -1, -1, -1, 4, 999, 2;
1, 256, 0, 0, 0, 0, 5, 1000, 3;
1, 256, 0, -1, -1, -1, 4, 998, 2;
1, 256, 0, 0, 0, 0, 5, 1000, 3;
1, 256, 0, 1, 1, 1, 5, 1000, 3;
1, 256, 0, 0, 0, 0, 4, 999, 2;
1, 256, 0, -1, -1, -1, 4, 998, 2;
1, 256, 0, -1, -1, -1, 4, 999, 2;
1, 256, 0, 0, 0, 0, 4, 999, 2;
1, 256, 0, 0, 0, 0, 4, 999, 2;
1, 256, 0, 0, 0, 0, 5, 1000, 3;
1, 256, 0, 0, 0, 0, 4, 999, 2;
1, 256, 0, 1, 1, 1, 5, 1000, 3;
1, 256, 0, 1, 1, 1, 5, 1000, 3;
1, 256, 0, 1, 1, 1, 5, 1000, 3;
1, 256, 1, 1, 1, 1, 6, 1000, 4;
1, 256, 1, 1, 1, 1, 6, 1001, 4;
1, 256, 0, 0, 0, 0, 5, 1000, 3;
1, 256, 0, -1, -1, -1, 3, 998, 1;
1, 256, 0, -1, -1, -1, 4, 999, 2;
1, 256, 0, 0, 0, 0, 4, 999, 2;
1, 256, 0, -1, -1, -1, 4, 999, 2;
1, 256, 1, 1, 1, 1, 6, 1001, 4;
1, 256, 0, 0, 0, 0, 5, 1000, 3;
1, 256, 0, 1, 1, 1, 5, 1000, 3;
1, 256, 1, 1, 1, 1, 6, 1001, 4;
1, 256, 0, -1, -1, -1, 4, 999, 2;
1, 256, 1, 1, 1, 1, 6, 1001, 4;
1, 256, 0, -1, -1, -1, 3, 998, 1;
1, 256, 0, -1, -1, -1, 4, 999, 2;
1, 256, 0, 0, 0, 0, 5, 1000, 3;
1, 256, 0, 0, 0, 0, 4, 999, 2;
1, 256, 0, 0, 0, 0, 5, 1000, 3;
1, 256, 0, 0, 0, 0, 4, 999, 2;
1, 256, 0, 0, 0, 0, 5, 1000, 3;
1, 256, 0, -1, -1, -1, 4, 998, 2;
1, 256, 0, 0, 0, 0, 5, 1000, 3;
1, 256, 0, -1, -1, -1, 4, 998, 2;
0, 256, 0, -1, -1, -1, 3, 998, 1;
1, 256, 1, 1, 1, 1, 6, 1000, 4;
1, 256, 0, 0, 0, 0, 5, 999, 2;
1, 256, 0, -1, -1, -1, 4, 999, 2;
1, 256, 0, 0, 0, 0, 5, 1000, 3;
1, 256, 1, 1, 1, 1, 6, 1001, 4;
1, 256, 0, -1, -1, -1, 4, 999, 2;
1, 256, 0, 0, 0, 0, 4, 999, 2;
1, 256, 0, 0, 0, 0, 5, 999, 3;
1, 256, 0, 0, 0, 0, 4, 999, 2;
1, 256, 1, 1, 1, 1, 6, 1001, 4;
1, 256, 0, -1, -1, -1, 4, 999, 2;
1, 256, 0, 0, 0, 0, 4, 999, 2;
1, 256, 0, 0, 0, 0, 5, 1000, 3;
1, 256, 1, 1, 1, 1, 6, 1001, 4;
1, 256, 0, -1, -1, -1, 4, 999, 2;
1, 256, 1, 1, 1, 1, 6, 1001, 4;
1, 256, 0, 0, 0, 0, 5, 1000, 3;
1, 256, 0, 0, 0, 0, 5, 1000, 3;
1, 256, 0, 0, 0, 0, 5, 999, 2;
1, 256, 0, -1, -1, -1, 4, 999, 2;
1, 256, 0, 0, 0, 0, 5, 1000, 3;
1, 256, 1, 1, 1, 1, 6, 1001, 4;
1, 256, 0, -1, -1, -1, 4, 999, 2;
1, 256, 0, -1, -1, -1, 4, 999, 2;
1, 256, 0, 0, 0, 0, 4, 999, 2;
1, 256, 0, 0, 0, 0, 5, 1000, 3;
1, 256, 0, 0, 0, 0, 5, 1000, 3;
1, 256, 0, 0, 0, 0, 5, 1000, 3;
1, 256, 0, -1, -1, -1, 4, 999, 2;
1, 256, 0, 0, 0, 0, 4, 999, 2;
1, 256, 0, -1, -1, -1, 4, 999, 2;
1, 256, 1, 1, 1, 1, 6, 1001, 4;
1, 256, 1, 1, 1, 1, 5, 1000, 3;
1, 256, 0, 0, 0, 0, 4, 999, 2;
1, 256, 1, 1, 1, 1, 5, 1000, 3;
1, 256, 0, 0, 0, 0, 5, 1000, 3;
1, 256, 1, 1, 1, 1, 6, 1001, 4;
1, 256, 0, 0, 0, 0, 4, 999, 2;
1, 256, 0, 0, 0, 0, 4, 999, 2;
1, 256, 0, 0, 0, 0, 4, 999, 2;
1, 256, 0, 1, 1, 1, 5, 1000, 3;
1, 256, 0, 0, 0, 0, 5, 1000, 3;
1, 256, 0, 0, 0, 0, 5, 1000, 3;
1, 256, 0, 1, 1, 1, 5, 1000, 3;
1, 256, 0, 0, 0, 0, 4, 999, 2;
1, 256, 1, 1, 1, 1, 6, 1001, 4;
1, 256, 0, 0, 0, 0, 5, 1000, 3;
1, 256, 0, 0, 0, 0, 5, 1000, 3;
1, 256, 0, -1, -1, -1, 4, 999, 2;
1, 256, 0, 0, 0, 0, 5, 1000, 3;
1, 256, 0, 0, 0, 0, 5, 1000, 3;
1, 256, 1, 1, 1, 1, 6, 1000, 4;
1, 256, 0, -1, -1, -1, 4, 998, 2;
1, 256, 0, -1, -1, -1, 4, 999, 2;
1, 256, 0, -1, -1, -1, 4, 999, 2;
1, 256, 1, 1, 1, 1, 6, 1001, 4;
1, 256, 0, -1, -1, -1, 4, 999, 2;
1, 256, 0, 0, 0, 0, 5, 1000, 3;
1, 256, 0, 0, 0, 0, 4, 999, 2;
1, 256, 0, 0, 0, 0, 4, 999, 2;
1, 256, 0, 0, 0, 0, 5, 1000, 3;
0, 256, 0, -1, -1, -1, 3, 998, 1;