2, 298, 15, 7, 417, 7, 9, 1162, 60;
5, 298, 16, 37, 419, 10, 19, 1165, 63;
4, 296, 14, 58, 412, 4, 19, 1158, 56;
7, 297, 14, 86, 411, 5, 27, 1158, 58;
10, 298, 16, 118, 413, 11, 40, 1164, 65;
5, 291, 9, 124, 388, -9, 21, 1136, 38;
10, 294, 13, 161, 395, 1, 42, 1149, 53;
7, 289, 9, 173, 375, -12, 31, 1129, 35;
15, 294, 15, 217, 387, 6, 60, 1150, 58;
18, 295, 16, 245, 383, 9, 70, 1151, 63;
16, 291, 13, 260, 365, 0, 64, 1136, 51;
15, 287, 10, 275, 347, -8, 60, 1122, 40;
19, 289, 12, 305, 344, -1, 74, 1127, 48;
22, 289, 14, 333, 338, 3, 86, 1129, 55;
21, 286, 12, 349, 322, -1, 85, 1118, 48;
26, 289, 16, 382, 321, 9, 105, 1128, 63;
26, 286, 14, 398, 304, 5, 104, 1118, 58;
28, 286, 15, 419, 292, 7, 111, 1115, 60;
29, 284, 15, 438, 278, 7, 116, 1110, 60;
32, 284, 16, 459, 268, 11, 126, 1110, 65;
31, 281, 14, 469, 246, 5, 122, 1096, 57;
28, 275, 10, 471, 217, -7, 109, 1074, 41;
33, 278, 15, 500, 215, 6, 131, 1086, 59;
32, 275, 13, 508, 193, 1, 127, 1073, 52;
29, 269, 9, 508, 164, -10, 116, 1052, 38;
34, 271, 13, 530, 157, 0, 132, 1059, 51;
31, 266, 10, 531, 130, -8, 123, 1040, 40;
38, 271, 16, 558, 130, 10, 148, 1057, 63;
33, 264, 11, 550, 96, -5, 131, 1031, 43;
33, 262, 11, 556, 77, -5, 132, 1023, 43;
34, 261, 11, 562, 60, -4, 135, 1018, 45;
33, 258, 10, 561, 36, -8, 131, 1006, 40;
33, 255, 9, 561, 14, -10, 129, 996, 37;
37, 258, 14, 576, 9, 3, 146, 1006, 55;
38, 256, 14, 578, -7, 5, 149, 1001, 57;
39, 256, 16, 582, -21, 10, 155, 1001, 64;
34, 249, 11, 563, -56, -5, 134, 974, 44;
32, 246, 9, 555, -80, -9, 128, 961, 38;
33, 245, 10, 552, -97, -7, 129, 957, 41;
34, 244, 11, 549, -112, -3, 132, 954, 45;
37, 247, 15, 554, -118, 8, 146, 963, 61;
36, 244, 15, 544, -137, 7, 143, 955, 60;
32, 239, 12, 523, -165, -2, 127, 935, 47;
32, 239, 13, 515, -180, 0, 128, 933, 51;
31, 236, 12, 500, -200, -2, 121, 922, 47;
31, 235, 12, 488, -214, 0, 121, 919, 50;
29, 233, 12, 471, -233, -2, 114, 910, 47;
32, 235, 16, 468, -236, 9, 125, 919, 62;
29, 232, 14, 445, -258, 3, 113, 906, 54;
29, 232, 15, 433, -267, 8, 116, 907, 61;
26, 229, 13, 408, -287, 2, 103, 894, 53;
20, 223, 9, 374, -314, -11, 81, 872, 36;
20, 223, 10, 357, -324, -8, 80, 871, 40;
23, 226, 14, 349, -322, 5, 92, 884, 57;
17, 220, 9, 312, -349, -10, 67, 860, 38;
21, 225, 15, 308, -340, 8, 85, 880, 61;
15, 219, 10, 269, -365, -6, 60, 857, 42;
15, 220, 12, 250, -369, -1, 60, 860, 48;
14, 220, 13, 229, -374, 1, 58, 861, 52;
9, 216, 10, 193, -392, -9, 38, 845, 39;
9, 217, 10, 170, -396, -6, 35, 846, 42;
7, 216, 11, 144, -401, -6, 29, 844, 42;
7, 217, 12, 123, -401, -1, 28, 848, 48;
6, 217, 13, 98, -403, 0, 24, 849, 51;
4, 217, 12, 71, -407, 0, 16, 847, 49;
5, 220, 16, 54, -399, 9, 22, 859, 62;
0, 215, 11, 11, -415, -6, -3, 839, 43;
1, 219, 14, -3, -403, 5, 5, 854, 58;
1, 220, 16, -25, -398, 10, 4, 860, 64;
-2, 219, 15, -56, -401, 6, -7, 855, 58;
-7, 216, 11, -93, -408, -4, -27, 843, 45;
-4, 220, 15, -107, -392, 8, -17, 861, 61;
-10, 217, 11, -146, -401, -4, -40, 846, 45;
-13, 215, 9, -178, -401, -10, -54, 841, 38;
-8, 223, 16, -183, -374, 10, -34, 869, 64;
-10, 223, 16, -209, -368, 10, -41, 871, 63;
-17, 219, 11, -250, -376, -5, -67, 854, 43;
-15, 223, 14, -262, -356, 5, -59, 871, 57;
-22, 219, 9, -302, -363, -10, -85, 855, 37;
-21, 222, 11, -320, -347, -5, -84, 865, 44;
-24, 222, 10, -345, -339, -7, -93, 866, 41;
-24, 223, 11, -364, -325, -5, -96, 873, 43;
-23, 228, 14, -376, -304, 3, -90, 889, 54;
-28, 225, 10, -407, -302, -8, -109, 880, 40;
-28, 227, 11, -423, -285, -5, -110, 888, 44;
-31, 227, 9, -447, -277, -11, -122, 886, 37;
-28, 232, 13, -453, -250, 0, -112, 906, 51;
-28, 235, 14, -463, -229, 5, -109, 919, 58;
-30, 235, 13, -483, -218, 0, -119, 919, 52;
-34, 234, 10, -505, -210, -7, -133, 914, 41;
-29, 241, 16, -501, -176, 9, -115, 942, 63;
-30, 243, 16, -512, -158, 10, -117, 949, 63;
-33, 242, 13, -530, -148, 2, -129, 946, 54;
-33, 244, 13, -540, -130, 2, -131, 953, 54;
-32, 248, 15, -542, -106, 8, -126, 967, 61;
-32, 250, 16, -548, -85, 9, -126, 976, 63;
-35, 249, 13, -561, -75, 1, -138, 973, 53;
-37, 249, 11, -572, -61, -4, -146, 973, 45;
-33, 255, 15, -562, -29, 8, -131, 996, 61;
-38, 252, 10, -580, -26, -7, -151, 983, 41;
-37, 255, 12, -575, -1, -1, -145, 997, 48;
-38, 256, 11, -578, 13, -5, -149, 1000, 44;
-39, 257, 10, -580, 29, -8, -153, 1003, 39;
-34, 264, 15, -561, 64, 6, -132, 1030, 59;
-39, 260, 9, -575, 65, -11, -154, 1014, 36;
-34, 266, 14, -554, 98, 3, -135, 1039, 54;
-31, 271, 16, -539, 126, 11, -122, 1057, 65;
-31, 272, 16, -533, 142, 9, -123, 1061, 62;
-34, 269, 12, -536, 147, -3, -136, 1052, 47;
-35, 269, 10, -531, 160, -8, -140, 1052, 40;
-32, 273, 12, -512, 184, -1, -128, 1067, 49;
-29, 277, 14, -492, 209, 5, -116, 1083, 58;
-27, 280, 16, -474, 229, 9, -108, 1093, 62;
-30, 278, 12, -470, 234, -1, -118, 1086, 49;
-32, 276, 9, -465, 239, -11, -127, 1078, 36;
-25, 284, 15, -427, 274, 8, -97, 1109, 61;
-23, 286, 15, -409, 289, 9, -92, 1115, 62;
-24, 285, 13, -397, 296, 2, -96, 1112, 53;
-21, 288, 15, -370, 316, 8, -83, 1125, 62;
-25, 284, 10, -366, 312, -7, -98, 1109, 41;
-24, 285, 10, -345, 322, -8, -94, 1112, 40;
-18, 290, 14, -309, 348, 5, -71, 1134, 57;
-17, 290, 13, -289, 355, 2, -69, 1134, 54;
-14, 293, 15, -261, 369, 6, -58, 1143, 59;
-13, 293, 15, -238, 377, 6, -52, 1146, 58;
-17, 289, 9, -229, 368, -9, -67, 1128, 38;
-10, 294, 14, -189, 390, 4, -42, 1149, 57;
-9, 295, 14, -163, 396, 4, -36, 1152, 56;
-10, 292, 11, -148, 391, -5, -42, 1141, 43;
-6, 295, 14, -113, 404, 3, -25, 1153, 54;
-8, 292, 9, -99, 395, -9, -34, 1138, 38;
0, 298, 16, -51, 418, 11, -1, 1165, 64;
-4, 293, 10, -43, 401, -7, -18, 1142, 41;
2, 298, 15, 0, 417, 8, 7, 1162, 61;
-1, 292, 10, 9, 400, -9, -6, 1141, 39;
2, 294, 12, 42, 406, -2, 8, 1149, 48;
5, 296, 14, 75, 409, 3, 22, 1155, 55;
4, 293, 11, 93, 398, -5, 18, 1144, 44;
6, 293, 11, 121, 396, -3, 26, 1144, 46;
9, 293, 12, 149, 393, -1, 35, 1145, 48;
11, 294, 13, 179, 391, 1, 46, 1147, 53;
15, 295, 15, 210, 390, 7, 59, 1152, 60;
13, 290, 11, 223, 371, -4, 50, 1134, 45;
18, 293, 15, 259, 375, 6, 71, 1145, 59;
21, 294, 16, 287, 370, 11, 83, 1148, 65;
21, 292, 15, 307, 356, 7, 83, 1139, 60;
19, 287, 12, 319, 335, -3, 76, 1122, 46;
19, 285, 10, 337, 320, -6, 77, 1113, 42;
20, 283, 9, 355, 305, -10, 78, 1105, 38;
28, 288, 16, 396, 313, 10, 109, 1126, 64;
23, 281, 10, 397, 281, -8, 90, 1097, 40;
28, 283, 14, 427, 279, 3, 109, 1106, 54;
25, 279, 10, 434, 253, -7, 100, 1088, 41;
25, 276, 9, 448, 235, -10, 101, 1079, 38;
26, 274, 9, 462, 218, -11, 103, 1071, 36;
30, 276, 12, 488, 213, 0, 120, 1078, 49;
35, 279, 16, 514, 209, 11, 139, 1088, 65;
33, 274, 13, 517, 183, 2, 131, 1070, 54;
30, 268, 9, 516, 152, -10, 117, 1047, 37;
37, 273, 16, 548, 156, 11, 147, 1068, 64;
36, 270, 14, 550, 131, 4, 141, 1053, 57;
36, 267, 13, 555, 110, 2, 140, 1043, 53;
34, 263, 11, 555, 84, -4, 133, 1027, 44;
35, 263, 12, 564, 70, 0, 140, 1025, 50;
40, 265, 16, 581, 63, 12, 156, 1034, 66;
39, 262, 15, 580, 40, 8, 152, 1022, 61;
33, 254, 9, 563, 2, -10, 130, 992, 38;
32, 252, 9, 561, -18, -11, 128, 982, 36;
38, 256, 15, 580, -18, 7, 151, 999, 60;
33, 249, 10, 561, -53, -8, 131, 972, 40;
34, 248, 11, 560, -70, -6, 132, 968, 42;
37, 250, 15, 568, -76, 6, 147, 977, 58;
36, 247, 13, 558, -99, 2, 141, 965, 54;
36, 246, 14, 553, -115, 4, 142, 961, 56;
37, 245, 15, 548, -130, 8, 145, 959, 61;
35, 242, 14, 533, -153, 3, 136, 946, 55;
36, 242, 16, 529, -164, 10, 141, 947, 63;
28, 234, 9, 496, -202, -11, 112, 914, 37;
34, 239, 16, 504, -198, 10, 135, 935, 63;
28, 232, 10, 471, -233, -8, 109, 906, 40;
30, 234, 13, 466, -238, 2, 118, 913, 54;
31, 235, 16, 458, -245, 10, 124, 917, 63;
31, 234, 16, 442, -259, 11, 121, 913, 65;
24, 227, 11, 407, -289, -4, 96, 888, 45;
28, 231, 16, 403, -288, 10, 110, 901, 63;
26, 229, 15, 380, -304, 7, 102, 893, 60;
19, 222, 10, 342, -333, -9, 75, 867, 39;
17, 221, 9, 319, -345, -10, 69, 862, 38;
17, 221, 11, 301, -352, -6, 68, 862, 43;
19, 223, 13, 287, -353, 2, 74, 870, 54;
18, 223, 15, 266, -358, 6, 72, 871, 58;
18, 224, 16, 246, -362, 10, 72, 874, 64;
10, 216, 9, 200, -391, -10, 39, 844, 37;
13, 220, 14, 189, -383, 3, 51, 860, 55;
13, 222, 16, 170, -382, 10, 52, 866, 64;
10, 220, 15, 140, -391, 6, 41, 859, 59;
9, 220, 15, 115, -394, 8, 36, 859, 61;
5, 217, 13, 80, -405, 0, 20, 848, 51;
6, 220, 16, 64, -397, 10, 26, 860, 63;
5, 220, 16, 38, -397, 11, 20, 861, 65;
2, 219, 15, 8, -401, 8, 10, 857, 61;
0, 218, 13, -24, -406, 2, -3, 850, 54;
-3, 217, 12, -54, -408, 0, -13, 847, 50;
-7, 215, 11, -86, -411, -5, -27, 841, 43;
-9, 215, 10, -114, -409, -6, -35, 841, 42;
-12, 214, 9, -145, -410, -11, -48, 836, 36;
-8, 220, 14, -154, -387, 5, -32, 860, 58;
-11, 219, 13, -183, -385, 1, -43, 857, 53;
-14, 219, 12, -214, -383, -2, -56, 854, 47;
-14, 221, 13, -233, -370, 2, -55, 864, 54;
-15, 223, 14, -255, -360, 4, -58, 869, 57;
-14, 225, 16, -274, -345, 10, -58, 879, 63;
-19, 223, 13, -306, -344, 1, -74, 872, 52;
-24, 221, 9, -340, -345, -10, -94, 862, 38;
-23, 224, 12, -354, -327, -3, -91, 875, 46;
-20, 229, 16, -363, -302, 9, -80, 895, 62;
-27, 224, 10, -401, -307, -9, -109, 877, 39;
-22, 232, 16, -400, -273, 11, -88, 907, 65;
-29, 228, 10, -437, -277, -6, -115, 890, 42;
-27, 232, 14, -444, -252, 3, -107, 908, 55;
-29, 233, 13, -463, -240, 0, -114, 910, 51;
-32, 232, 10, -486, -231, -6, -127, 907, 42;
-28, 239, 15, -485, -200, 8, -112, 932, 61;
-29, 241, 16, -497, -182, 9, -114, 940, 62;
-35, 237, 11, -525, -180, -6, -137, 926, 42;
-31, 243, 14, -524, -150, 6, -124, 949, 58;
-36, 241, 11, -544, -143, -4, -140, 942, 44;
-37, 242, 10, -555, -127, -6, -145, 946, 42;
-36, 245, 12, -557, -104, -2, -140, 959, 48;
-32, 251, 16, -551, -72, 10, -126, 982, 64;
-38, 247, 10, -575, -72, -8, -151, 965, 40;
-37, 251, 12, -572, -47, -2, -144, 980, 48;
-38, 251, 10, -579, -32, -6, -150, 981, 42;
-37, 254, 11, -577, -10, -3, -147, 993, 46;
-33, 260, 15, -565, 21, 8, -132, 1015, 61;
-39, 256, 10, -580, 23, -8, -152, 1001, 40;
-37, 259, 11, -574, 46, -4, -147, 1013, 44;
-35, 263, 13, -563, 72, 2, -138, 1028, 53;
-39, 261, 9, -571, 77, -11, -153, 1019, 36;
-37, 264, 10, -561, 99, -8, -148, 1029, 40;
-31, 272, 16, -533, 138, 11, -121, 1061, 65;
-31, 273, 15, -528, 153, 8, -122, 1064, 61;
-36, 268, 9, -536, 152, -9, -143, 1048, 38;
-36, 269, 9, -526, 168, -11, -142, 1052, 36;
-32, 275, 12, -503, 196, 0, -125, 1072, 50;
-28, 279, 15, -481, 221, 7, -111, 1089, 60;
-32, 276, 11, -481, 223, -6, -126, 1077, 42;
-31, 277, 10, -465, 239, -7, -122, 1083, 42;
-25, 283, 15, -435, 268, 6, -101, 1106, 59;
-30, 279, 9, -434, 265, -9, -117, 1090, 38;
-28, 281, 10, -413, 281, -7, -110, 1098, 41;
-24, 285, 13, -386, 302, 0, -96, 1112, 50;
-26, 282, 9, -377, 304, -11, -105, 1103, 36;
-20, 289, 14, -339, 332, 4, -79, 1128, 57;
-19, 289, 14, -319, 342, 3, -76, 1130, 54;
-15, 293, 16, -289, 359, 10, -61, 1143, 63;
-18, 289, 12, -279, 355, -3, -72, 1129, 46;
-16, 291, 12, -253, 366, -1, -64, 1135, 49;
-17, 289, 9, -237, 366, -9, -68, 1128, 38;
-16, 289, 9, -212, 373, -9, -62, 1130, 38;
-10, 294, 14, -173, 393, 3, -39, 1149, 55;
-11, 292, 10, -157, 388, -6, -45, 1139, 42;
-9, 292, 11, -130, 394, -5, -38, 1141, 43;
-3, 297, 15, -90, 412, 8, -13, 1161, 61;
-5, 294, 12, -73, 405, -1, -19, 1149, 48;
-4, 293, 11, -51, 402, -6, -19, 1144, 43;
-1, 294, 12, -20, 407, -2, -7, 1150, 48;
2, 297, 14, 14, 414, 5, 8, 1159, 57;
2, 296, 13, 37, 410, 1, 11, 1154, 53;
1, 293, 10, 56, 400, -6, 7, 1143, 42;
4, 294, 12, 86, 401, -3, 18, 1147, 47;
6, 293, 12, 113, 398, -3, 24, 1145, 46;
7, 292, 10, 136, 390, -6, 27, 1139, 42;
10, 293, 12, 168, 391, 0, 41, 1145, 50;
14, 295, 14, 200, 391, 5, 55, 1150, 58;
15, 293, 14, 222, 382, 3, 58, 1145, 55;
18, 295, 16, 254, 380, 9, 73, 1150, 63;
21, 294, 16, 280, 374, 12, 81, 1150, 66;
18, 289, 12, 291, 351, 0, 71, 1130, 50;
17, 286, 10, 306, 334, -8, 68, 1117, 40;
22, 288, 13, 339, 334, 2, 87, 1127, 54;
20, 284, 10, 351, 313, -6, 80, 1110, 42;
25, 287, 14, 384, 312, 4, 100, 1120, 56;
28, 287, 15, 407, 302, 8, 109, 1120, 61;
25, 281, 11, 413, 276, -4, 98, 1099, 45;
24, 278, 9, 425, 255, -10, 95, 1086, 37;
25, 276, 9, 441, 239, -11, 98, 1078, 36;
26, 275, 9, 459, 225, -10, 103, 1075, 38;
33, 280, 15, 493, 228, 9, 131, 1093, 62;
35, 279, 16, 509, 213, 10, 137, 1089, 64;
33, 275, 14, 515, 189, 3, 132, 1074, 55;
31, 270, 10, 516, 161, -6, 121, 1054, 42;
36, 272, 15, 540, 157, 6, 140, 1064, 59;
32, 266, 10, 535, 125, -6, 126, 1041, 42;
38, 270, 16, 561, 124, 10, 149, 1055, 63;
33, 263, 10, 550, 88, -6, 130, 1027, 42;
34, 262, 11, 558, 71, -5, 133, 1022, 44;
32, 258, 9, 557, 47, -10, 128, 1008, 38;
35, 259, 12, 569, 36, -1, 139, 1011, 48;
40, 261, 16, 584, 30, 11, 156, 1021, 65;
37, 257, 13, 576, 2, 2, 145, 1003, 54;
40, 258, 16, 585, -7, 12, 157, 1007, 66;
39, 255, 16, 581, -28, 9, 154, 997, 63;
33, 247, 9, 558, -67, -9, 129, 966, 38;
36, 249, 13, 565, -74, 2, 142, 973, 53;
37, 248, 14, 563, -90, 5, 145, 970, 57;
31, 242, 9, 541, -124, -9, 124, 944, 38;
31, 240, 9, 532, -142, -10, 122, 937, 38;
32, 240, 12, 530, -154, -3, 128, 939, 46;
35, 242, 14, 528, -162, 5, 137, 944, 58;
28, 234, 9, 499, -198, -11, 112, 915, 36;
29, 234, 10, 491, -210, -7, 115, 915, 42;
29, 234, 11, 480, -223, -3, 115, 913, 46;
30, 234, 13, 471, -233, 1, 118, 914, 53;
32, 236, 16, 465, -239, 12, 127, 921, 65;
28, 231, 13, 438, -264, 1, 110, 902, 53;
26, 229, 12, 417, -281, -1, 102, 894, 49;
28, 231, 16, 409, -283, 10, 112, 903, 64;
25, 227, 13, 382, -304, 2, 97, 888, 54;
23, 226, 13, 361, -317, 2, 92, 883, 54;
23, 227, 15, 344, -324, 7, 92, 885, 59;
17, 220, 10, 306, -351, -8, 67, 861, 40;
19, 223, 14, 295, -349, 3, 77, 872, 55;
20, 224, 16, 278, -352, 9, 78, 876, 62;
19, 224, 16, 255, -359, 11, 74, 875, 64;
17, 223, 16, 231, -367, 11, 68, 873, 65;
13, 220, 14, 198, -381, 4, 53, 861, 56;
7, 216, 10, 159, -400, -9, 30, 842, 39;
7, 216, 11, 138, -401, -4, 29, 846, 45;
6, 217, 12, 114, -403, -2, 26, 847, 48;
2, 214, 9, 78, -416, -11, 8, 834, 36;
0, 214, 9, 53, -417, -9, 3, 835, 38;
4, 219, 14, 42, -403, 5, 16, 854, 58;
-2, 214, 10, 0, -418, -8, -8, 836, 40;
-3, 214, 10, -26, -417, -8, -14, 837, 40;
-4, 216, 11, -48, -412, -3, -15, 843, 46;
-7, 214, 10, -80, -415, -8, -28, 837, 40;
-8, 215, 10, -106, -411, -8, -34, 839, 40;
-7, 218, 13, -124, -399, 0, -30, 850, 51;
-8, 220, 14, -146, -390, 4, -31, 858, 57;
-9, 220, 14, -171, -383, 5, -36, 861, 58;
-10, 222, 15, -195, -376, 7, -41, 865, 59;
-15, 219, 12, -229, -378, -1, -59, 857, 48;
-13, 224, 16, -242, -358, 9, -50, 874, 62;
-14, 225, 16, -265, -348, 10, -55, 879, 64;
-16, 226, 16, -290, -339, 9, -62, 881, 63;
-17, 227, 16, -311, -328, 10, -66, 886, 64;
-21, 225, 13, -341, -324, 2, -82, 881, 54;
-24, 224, 11, -370, -320, -4, -96, 876, 45;
-27, 224, 10, -394, -311, -8, -106, 876, 40;
-23, 231, 15, -398, -282, 7, -91, 901, 60;
-23, 233, 16, -412, -264, 11, -90, 911, 65;
-28, 231, 13, -441, -260, 0, -109, 903, 51;
-31, 230, 10, -466, -254, -8, -124, 898, 40;
-32, 231, 10, -482, -238, -8, -128, 903, 40;
-28, 238, 15, -480, -205, 8, -110, 930, 61;
-30, 239, 14, -498, -192, 4, -119, 932, 56;
-29, 242, 16, -503, -168, 11, -113, 947, 65;
-30, 243, 15, -517, -153, 8, -119, 950, 61;
-32, 244, 14, -532, -140, 4, -127, 951, 56;
-38, 241, 9, -555, -136, -10, -148, 940, 38;
-33, 247, 14, -549, -103, 4, -132, 964, 56;
-34, 249, 14, -555, -84, 4, -133, 972, 56;
-36, 248, 12, -568, -73, -2, -144, 970, 47;
-33, 254, 16, -559, -41, 9, -129, 992, 63;
-39, 250, 9, -582, -42, -10, -154, 975, 38;
-33, 258, 15, -564, -3, 9, -131, 1006, 62;
-37, 256, 12, -576, 3, -2, -145, 999, 47;
-34, 260, 14, -567, 30, 5, -136, 1015, 57;
-40, 257, 9, -581, 33, -11, -156, 1002, 36;
-36, 262, 12, -568, 62, -1, -143, 1021, 48;
-33, 266, 15, -553, 91, 8, -129, 1041, 60;
-37, 264, 11, -561, 96, -5, -145, 1031, 44;
-37, 265, 10, -556, 112, -8, -146, 1034, 40;
-33, 270, 14, -536, 142, 3, -130, 1055, 55;
-36, 268, 10, -539, 147, -9, -143, 1046, 39;
-33, 272, 12, -521, 172, -2, -131, 1062, 48;
-34, 272, 10, -514, 184, -7, -135, 1062, 41;
-35, 272, 9, -504, 197, -11, -136, 1064, 37;
-34, 274, 9, -491, 213, -11, -134, 1069, 36;
-33, 275, 9, -476, 228, -12, -130, 1074, 35;
-28, 280, 12, -448, 255, 0, -112, 1094, 50;
-24, 285, 15, -421, 279, 8, -96, 1111, 61;
-27, 282, 11, -415, 281, -3, -107, 1101, 46;
-24, 285, 13, -391, 299, 1, -96, 1112, 52;
-22, 287, 14, -368, 316, 4, -87, 1121, 56;
-18, 291, 16, -339, 335, 11, -72, 1135, 65;
-24, 284, 9, -341, 323, -11, -96, 1110, 36;
-17, 291, 15, -301, 352, 6, -68, 1136, 58;
-20, 288, 10, -291, 349, -6, -79, 1124, 42;
-18, 289, 10, -267, 357, -7, -73, 1127, 41;
-18, 288, 9, -248, 361, -12, -73, 1124, 35;
-15, 290, 10, -218, 374, -6, -61, 1133, 42;
-11, 294, 13, -183, 389, 2, -43, 1147, 53;
-10, 293, 12, -161, 392, -1, -41, 1144, 49;
-8, 294, 13, -132, 399, 1, -31, 1150, 52;
-10, 291, 9, -118, 391, -11, -40, 1136, 36;
-1, 298, 16, -69, 417, 11, -6, 1165, 65;
-4, 294, 11, -58, 403, -4, -18, 1147, 45;
-1, 295, 13, -26, 409, 0, -6, 1152, 51;
0, 294, 12, -2, 407, -2, -2, 1150, 48;
-1, 292, 10, 17, 400, -9, -4, 1141, 39;
6, 298, 16, 64, 418, 10, 26, 1165, 64;
3, 293, 11, 76, 401, -4, 14, 1146, 45;
7, 295, 13, 110, 405, 2, 30, 1153, 54;
9, 295, 13, 136, 401, 2, 36, 1151, 54;
7, 291, 10, 152, 385, -7, 30, 1137, 41;
12, 293, 13, 187, 388, 1, 47, 1146, 52;
12, 292, 12, 208, 378, -2, 49, 1138, 47;
17, 294, 15, 242, 379, 6, 66, 1147, 58;
16, 291, 12, 260, 364, 0, 64, 1135, 50;
21, 294, 16, 296, 367, 11, 85, 1147, 65;
15, 285, 9, 295, 333, -12, 61, 1113, 35;
21, 288, 13, 330, 336, 0, 83, 1126, 51;
20, 285, 11, 346, 318, -4, 81, 1114, 44;
21, 284, 10, 365, 304, -6, 84, 1107, 42;
24, 284, 12, 390, 296, -2, 94, 1108, 47;
27, 285, 14, 416, 289, 4, 108, 1112, 56;
25, 279, 10, 423, 263, -7, 97, 1091, 41;
30, 283, 15, 454, 263, 7, 120, 1104, 59;
31, 281, 14, 469, 245, 4, 121, 1095, 57;
27, 275, 10, 470, 216, -8, 108, 1073, 40;
30, 274, 11, 489, 203, -4, 117, 1072, 45;
31, 274, 12, 504, 189, -2, 123, 1068, 48;
30, 270, 10, 510, 166, -8, 118, 1054, 40;
36, 274, 15, 538, 165, 8, 142, 1069, 61;
35, 270, 13, 541, 140, 1, 136, 1054, 53;
37, 270, 15, 556, 128, 7, 146, 1054, 60;
33, 264, 11, 550, 96, -5, 131, 1031, 44;
33, 262, 10, 554, 75, -7, 130, 1022, 42;
38, 264, 15, 573, 70, 6, 148, 1031, 58;
34, 258, 10, 563, 38, -6, 133, 1008, 42;
40, 262, 16, 584, 37, 11, 156, 1024, 65;
40, 260, 16, 584, 17, 10, 156, 1015, 64;
35, 254, 12, 570, -16, -3, 138, 991, 46;
34, 250, 10, 564, -39, -7, 133, 978, 41;
35, 250, 11, 565, -54, -3, 137, 976, 46;
38, 252, 15, 573, -62, 8, 150, 983, 61;
31, 244, 9, 548, -101, -11, 124, 951, 36;
34, 245, 12, 550, -110, -2, 134, 956, 47;
33, 243, 11, 542, -130, -3, 131, 948, 46;
31, 239, 10, 528, -153, -8, 123, 935, 40;
36, 244, 16, 537, -152, 10, 144, 952, 64;
36, 242, 16, 525, -169, 10, 141, 946, 64;
33, 238, 14, 505, -194, 3, 129, 930, 54;
31, 236, 13, 490, -212, 1, 123, 922, 53;
28, 232, 11, 468, -236, -5, 110, 906, 43;
28, 232, 12, 457, -247, 0, 112, 906, 49;
31, 234, 16, 452, -250, 10, 122, 915, 63;
26, 229, 12, 421, -278, -3, 101, 893, 47;
29, 232, 16, 417, -278, 11, 115, 906, 65;
26, 228, 14, 391, -298, 4, 102, 892, 56;
22, 225, 12, 362, -318, -3, 86, 878, 46;
22, 225, 13, 344, -327, 0, 85, 877, 51;
18, 222, 11, 316, -344, -5, 73, 866, 43;
20, 224, 14, 304, -345, 4, 79, 874, 56;
19, 224, 15, 282, -352, 6, 76, 873, 58;
13, 218, 10, 244, -376, -8, 52, 852, 40;
16, 222, 15, 235, -368, 7, 65, 868, 59;
15, 222, 15, 210, -375, 7, 60, 866, 60;
11, 218, 12, 176, -390, 0, 43, 853, 49;
6, 215, 10, 142, -404, -9, 26, 841, 39;
5, 215, 10, 115, -409, -9, 19, 839, 39;
6, 217, 12, 98, -404, 0, 23, 848, 50;
5, 218, 13, 73, -404, 1, 20, 850, 53;
3, 217, 13, 46, -406, 1, 13, 849, 53;
-2, 213, 9, 7, -420, -10, -8, 833, 37;
-1, 216, 12, -12, -412, -3, -6, 843, 47;
-1, 217, 13, -35, -408, 0, -7, 848, 52;
-2, 219, 14, -57, -401, 5, -8, 854, 57;
-7, 216, 11, -93, -408, -4, -27, 843, 45;
-5, 219, 14, -110, -395, 5, -21, 857, 58;
-12, 214, 9, -154, -408, -11, -50, 837, 36;
-7, 222, 16, -158, -381, 9, -29, 866, 63;
-11, 220, 13, -191, -383, 2, -45, 859, 54;
-17, 216, 9, -231, -390, -11, -69, 843, 36;
-15, 221, 13, -242, -369, 1, -58, 863, 52;
-20, 218, 9, -278, -372, -10, -79, 852, 38;
-20, 220, 10, -299, -359, -7, -81, 859, 42;
-22, 221, 10, -321, -349, -6, -87, 863, 42;
-24, 221, 10, -345, -340, -8, -94, 865, 40;
-24, 224, 11, -363, -324, -4, -95, 874, 45;
-20, 230, 16, -367, -295, 11, -79, 900, 65;
-26, 227, 11, -402, -297, -3, -103, 885, 46;
-30, 226, 9, -428, -291, -10, -117, 882, 37;
-27, 231, 13, -434, -264, 2, -105, 903, 53;
-30, 230, 11, -459, -256, -5, -119, 899, 43;
-33, 230, 9, -480, -246, -10, -130, 898, 37;
-33, 232, 10, -494, -229, -9, -132, 906, 39;
-33, 235, 11, -503, -208, -5, -130, 917, 44;
-33, 238, 12, -512, -187, -1, -129, 928, 48;
-37, 236, 9, -534, -180, -12, -145, 922, 35;
-35, 240, 11, -539, -156, -6, -140, 936, 43;
-37, 240, 10, -552, -142, -9, -146, 938, 39;
-36, 243, 11, -556, -119, -5, -143, 950, 44;
-38, 244, 10, -566, -104, -8, -149, 953, 39;
-38, 246, 10, -571, -84, -7, -149, 962, 41;
-32, 254, 16, -556, -45, 11, -126, 993, 65;
-38, 250, 10, -577, -45, -6, -150, 977, 42;
-33, 257, 16, -562, -8, 10, -129, 1005, 63;
-32, 260, 16, -561, 11, 11, -128, 1014, 65;
-35, 259, 13, -570, 21, 2, -139, 1010, 54;
-39, 257, 10, -579, 30, -8, -152, 1004, 40;
-39, 258, 9, -579, 46, -11, -155, 1007, 37;
-39, 259, 9, -575, 65, -11, -154, 1013, 36;
-34, 266, 14, -553, 99, 4, -133, 1041, 56;
-33, 268, 14, -547, 118, 3, -132, 1047, 55;
-32, 271, 15, -535, 140, 7, -125, 1058, 60;
-33, 270, 13, -533, 151, 0, -132, 1056, 51;
-32, 273, 14, -519, 172, 3, -125, 1067, 55;
-36, 270, 9, -522, 175, -10, -140, 1055, 37;
-34, 272, 9, -508, 193, -10, -136, 1063, 38;
-28, 279, 15, -476, 227, 7, -111, 1091, 60;
-28, 280, 14, -464, 240, 4, -110, 1094, 57;
-26, 283, 15, -444, 259, 8, -102, 1104, 61;
-24, 285, 16, -425, 276, 10, -95, 1112, 64;
-22, 286, 16, -406, 292, 11, -89, 1119, 65;
-27, 282, 10, -406, 287, -7, -108, 1100, 41;
-26, 283, 11, -385, 301, -6, -102, 1106, 43;
-19, 290, 16, -349, 329, 9, -77, 1131, 63;
-18, 290, 15, -328, 339, 8, -73, 1134, 61;
-22, 286, 10, -323, 334, -8, -88, 1117, 40;
-15, 293, 16, -282, 362, 9, -60, 1143, 62;
-16, 291, 13, -265, 365, 2, -63, 1138, 54;
-18, 289, 10, -252, 362, -7, -70, 1128, 41;
-16, 290, 10, -226, 371, -7, -63, 1132, 41;
-13, 292, 11, -198, 381, -3, -53, 1138, 46;
-14, 290, 9, -179, 380, -10, -55, 1132, 37;
-8, 294, 13, -141, 398, 1, -34, 1149, 52;
-7, 295, 13, -115, 402, 0, -28, 1150, 51;
-3, 296, 14, -84, 410, 5, -15, 1157, 57;
-6, 292, 10, -72, 398, -9, -27, 1140, 39;
-3, 294, 12, -38, 406, -2, -12, 1148, 47;
-3, 292, 10, -17, 400, -8, -13, 1141, 39;
-2, 291, 9, 6, 397, -12, -10, 1137, 36;
5, 298, 16, 54, 417, 9, 22, 1164, 62;
4, 295, 13, 71, 406, 0, 17, 1151, 50;
5, 294, 12, 97, 402, -1, 22, 1148, 49;
9, 295, 14, 128, 403, 3, 35, 1153, 55;
10, 295, 13, 154, 398, 2, 41, 1151, 54;
10, 292, 12, 174, 386, -2, 40, 1141, 47;
15, 295, 15, 209, 390, 6, 58, 1151, 59;
17, 295, 15, 236, 384, 8, 66, 1150, 61;
14, 289, 11, 247, 362, -5, 56, 1130, 44;
20, 293, 15, 284, 367, 7, 78, 1143, 60;
17, 287, 11, 293, 343, -6, 67, 1122, 43;
23, 291, 16, 332, 348, 9, 92, 1138, 63;
24, 290, 15, 353, 336, 8, 96, 1133, 62;
25, 289, 15, 373, 323, 7, 100, 1127, 60;
27, 288, 16, 395, 312, 9, 108, 1125, 63;
27, 285, 14, 409, 293, 3, 105, 1112, 55;
29, 285, 15, 433, 284, 9, 116, 1114, 62;
26, 279, 11, 435, 255, -6, 102, 1089, 43;
28, 279, 12, 456, 243, -2, 111, 1089, 48;
27, 276, 10, 467, 223, -7, 109, 1077, 42;
34, 279, 16, 498, 223, 9, 133, 1091, 62;
28, 271, 9, 491, 186, -10, 111, 1060, 37;
33, 274, 13, 516, 181, 1, 130, 1069, 52;
34, 273, 14, 530, 167, 4, 136, 1066, 56;
34, 270, 13, 538, 146, 1, 135, 1056, 53;
31, 265, 10, 536, 117, -9, 124, 1035, 39;
36, 267, 14, 556, 111, 3, 141, 1044, 54;
32, 261, 9, 549, 78, -10, 126, 1020, 37;
32, 259, 9, 553, 58, -11, 126, 1011, 36;
33, 258, 10, 559, 41, -9, 129, 1007, 39;
37, 260, 14, 575, 35, 3, 146, 1016, 55;
35, 256, 11, 569, 9, -3, 138, 1000, 46;
36, 256, 13, 574, -5, 1, 144, 999, 52;
35, 253, 12, 570, -27, -2, 139, 987, 48;
37, 252, 13, 572, -42, 2, 144, 985, 53;
32, 246, 9, 555, -75, -11, 127, 962, 37;
34, 247, 11, 557, -87, -4, 134, 963, 45;
34, 245, 12, 553, -104, -2, 134, 958, 47;
36, 246, 14, 552, -116, 3, 141, 959, 55;
31, 239, 9, 529, -149, -10, 121, 935, 37;
36, 244, 15, 538, -148, 8, 142, 952, 61;
34, 241, 14, 524, -169, 5, 135, 941, 57;
31, 236, 11, 503, -195, -3, 121, 923, 46;
34, 239, 16, 504, -197, 10, 136, 935, 64;
29, 233, 11, 474, -229, -4, 113, 909, 44;
28, 232, 11, 460, -244, -4, 110, 905, 45;
28, 231, 12, 446, -257, 0, 110, 903, 49;
30, 233, 16, 439, -261, 9, 118, 910, 62;
24, 227, 11, 406, -290, -5, 95, 886, 44;
25, 227, 13, 392, -298, 0, 97, 888, 50;
26, 229, 15, 381, -302, 9, 104, 895, 62;
20, 223, 10, 344, -330, -7, 78, 870, 42;
20, 223, 12, 328, -337, -1, 79, 872, 48;
19, 223, 13, 307, -346, 0, 76, 870, 50;
19, 223, 14, 288, -351, 4, 75, 872, 56;
19, 224, 15, 268, -356, 8, 75, 874, 61;
16, 222, 14, 241, -367, 5, 65, 867, 58;
10, 217, 10, 203, -389, -7, 42, 847, 41;
11, 218, 12, 183, -389, -2, 43, 852, 48;
13, 221, 16, 169, -383, 9, 51, 865, 63;
11, 221, 16, 143, -388, 9, 45, 863, 63;
5, 216, 11, 103, -406, -3, 22, 845, 46;
2, 214, 10, 71, -414, -9, 8, 837, 39;
5, 219, 15, 60, -401, 6, 21, 855, 58;
4, 220, 16, 36, -399, 9, 18, 859, 62;
1, 218, 14, 4, -405, 4, 5, 852, 56;
1, 220, 16, -16, -399, 10, 5, 859, 63;
0, 220, 15, -45, -399, 8, -2, 858, 62;
-7, 215, 11, -87, -412, -6, -27, 840, 43;
-5, 219, 14, -102, -397, 5, -19, 856, 57;
-9, 217, 12, -135, -400, -1, -35, 849, 49;
-8, 220, 14, -155, -389, 4, -34, 858, 56;
-8, 222, 16, -175, -376, 10, -32, 868, 64;
-13, 219, 12, -212, -382, -1, -53, 856, 49;
-15, 219, 12, -238, -376, -2, -61, 857, 47;
-16, 221, 13, -259, -363, 1, -63, 865, 52;
-18, 222, 12, -284, -356, 0, -71, 866, 50;
-17, 225, 15, -301, -339, 6, -68, 878, 58;
-21, 223, 12, -331, -336, -1, -83, 873, 49;
-21, 226, 14, -348, -320, 3, -83, 883, 55;
-20, 230, 16, -360, -299, 11, -78, 898, 65;
-21, 231, 16, -380, -286, 12, -82, 903, 65;
-25, 229, 13, -410, -283, 1, -100, 895, 53;
-27, 230, 13, -430, -271, 0, -107, 898, 50;
-29, 231, 12, -449, -258, -2, -114, 901, 48;
-26, 236, 15, -455, -232, 8, -104, 920, 61;
-29, 236, 14, -475, -221, 3, -114, 920, 55;
-33, 234, 11, -499, -213, -5, -129, 915, 44;
-34, 236, 11, -513, -198, -6, -134, 920, 43;
-32, 239, 13, -518, -173, 0, -128, 935, 51;
-37, 237, 9, -541, -167, -10, -145, 927, 37;
-37, 240, 10, -548, -147, -8, -145, 937, 40;
-36, 243, 11, -554, -126, -5, -143, 947, 43;
-33, 248, 15, -549, -95, 6, -130, 969, 58;
-35, 248, 13, -561, -82, 0, -139, 969, 51;
-37, 248, 11, -571, -68, -4, -146, 970, 45;
-39, 248, 9, -580, -55, -10, -154, 970, 37;
-36, 254, 13, -571, -24, 1, -141, 991, 52;
-34, 257, 14, -568, -1, 5, -136, 1004, 57;
-36, 257, 13, -573, 12, 0, -142, 1004, 50;
-38, 257, 10, -578, 25, -6, -150, 1003, 42;
-38, 259, 11, -575, 45, -5, -148, 1011, 43;
-32, 266, 16, -553, 81, 11, -126, 1040, 65;
-38, 262, 10, -568, 80, -9, -150, 1022, 39;
-33, 268, 14, -547, 113, 5, -130, 1047, 58;
-38, 265, 9, -556, 115, -10, -149, 1033, 37;
-37, 266, 9, -547, 134, -10, -146, 1041, 38;
-37, 268, 9, -538, 151, -11, -145, 1046, 36;
-32, 274, 13, -513, 182, 2, -125, 1069, 53;
-31, 275, 13, -501, 199, 1, -122, 1075, 53;
-32, 275, 11, -494, 209, -4, -127, 1073, 44;
-31, 277, 11, -479, 225, -4, -123, 1080, 45;
-26, 282, 16, -449, 255, 9, -102, 1103, 62;
-31, 277, 9, -452, 250, -10, -123, 1084, 37;
-30, 279, 9, -434, 266, -9, -117, 1090, 38;
-25, 284, 13, -404, 291, 1, -98, 1110, 52;
-21, 289, 16, -374, 314, 11, -81, 1127, 65;
-26, 283, 9, -375, 305, -10, -103, 1105, 38;
-20, 289, 14, -338, 333, 5, -78, 1129, 57;
-21, 287, 11, -326, 334, -4, -85, 1121, 45;
-21, 287, 10, -308, 341, -8, -85, 1119, 40;
-17, 290, 12, -277, 358, -1, -70, 1132, 49;
-15, 292, 13, -250, 369, 1, -60, 1139, 53;
-14, 291, 12, -229, 374, -1, -58, 1138, 49;
-12, 293, 13, -200, 385, 2, -47, 1146, 54;
-8, 296, 15, -169, 397, 8, -34, 1155, 61;
-7, 296, 15, -143, 402, 7, -28, 1156, 60;
-8, 294, 12, -125, 399, 0, -32, 1148, 49;
-3, 297, 15, -90, 412, 8, -13, 1161, 61;
-5, 294, 12, -74, 404, -2, -20, 1148, 47;
-4, 294, 11, -48, 404, -3, -15, 1147, 46;
2, 299, 16, -6, 420, 11, 9, 1166, 64;
-1, 293, 10, 2, 403, -6, -5, 1144, 42;
0, 293, 10, 28, 401, -7, 0, 1143, 41;
4, 295, 13, 64, 409, 1, 17, 1154, 53;
2, 291, 9, 78, 393, -11, 8, 1137, 37;
5, 293, 11, 111, 396, -4, 23, 1143, 45;
5, 291, 9, 132, 386, -10, 22, 1135, 38;
12, 295, 15, 174, 397, 6, 49, 1153, 58;
13, 293, 13, 196, 387, 2, 51, 1146, 53;
11, 289, 10, 210, 369, -8, 43, 1130, 39;
16, 292, 13, 246, 372, 1, 62, 1140, 53;
17, 291, 13, 270, 364, 2, 69, 1138, 54;
19, 290, 13, 294, 355, 2, 75, 1134, 53;
20, 290, 13, 317, 345, 2, 81, 1131, 54;
23, 290, 15, 344, 339, 7, 93, 1133, 60;
23, 288, 14, 362, 323, 3, 93, 1123, 55;
22, 284, 11, 375, 303, -3, 89, 1109, 46;
24, 283, 12, 396, 291, -3, 95, 1106, 47;
25, 281, 11, 413, 275, -5, 97, 1098, 44;
29, 283, 14, 440, 270, 4, 113, 1104, 56;
26, 278, 10, 446, 244, -6, 104, 1085, 42;
33, 282, 16, 479, 245, 9, 128, 1100, 63;
33, 279, 15, 491, 227, 7, 129, 1091, 60;
29, 273, 11, 492, 197, -5, 116, 1068, 43;
35, 277, 16, 521, 196, 10, 139, 1082, 63;
31, 270, 10, 516, 161, -6, 121, 1054, 42;
31, 268, 10, 526, 143, -7, 123, 1047, 41;
31, 265, 9, 532, 122, -10, 121, 1036, 37;
37, 269, 15, 557, 120, 6, 144, 1050, 58;
38, 268, 16, 567, 105, 9, 151, 1047, 63;
33, 261, 10, 556, 70, -6, 131, 1020, 42;
37, 263, 14, 572, 62, 4, 146, 1027, 56;
39, 263, 16, 581, 48, 10, 155, 1027, 63;
37, 259, 14, 576, 22, 3, 146, 1011, 55;
36, 256, 12, 572, 0, 0, 141, 998, 49;
32, 250, 9, 561, -30, -11, 128, 978, 36;
34, 250, 11, 565, -44, -5, 135, 978, 44;
32, 247, 9, 557, -68, -10, 128, 965, 37;
37, 250, 14, 567, -72, 4, 145, 976, 56;
32, 243, 9, 547, -106, -10, 125, 951, 38;
36, 247, 14, 556, -108, 5, 143, 963, 57;
37, 246, 15, 551, -124, 8, 145, 961, 61;
34, 242, 13, 535, -148, 2, 135, 946, 53;
29, 236, 9, 512, -179, -10, 116, 923, 37;
34, 240, 15, 518, -178, 7, 135, 939, 59;
28, 233, 9, 487, -214, -10, 110, 910, 37;
29, 234, 11, 480, -223, -3, 116, 913, 46;
29, 233, 12, 467, -237, -2, 114, 909, 48;
30, 234, 14, 459, -245, 5, 120, 913, 58;
26, 229, 11, 430, -271, -5, 101, 893, 44;
23, 226, 10, 409, -289, -9, 92, 883, 39;
22, 225, 10, 390, -303, -9, 87, 878, 39;
20, 223, 9, 367, -319, -11, 79, 870, 36;
21, 223, 11, 352, -325, -5, 81, 873, 43;
23, 226, 14, 342, -326, 4, 89, 882, 56;
22, 226, 15, 322, -334, 7, 88, 882, 60;
19, 223, 13, 293, -351, 1, 74, 870, 52;
17, 222, 13, 270, -360, 1, 68, 867, 53;
19, 224, 16, 256, -358, 12, 76, 876, 66;
14, 220, 13, 220, -377, 0, 55, 859, 52;
11, 219, 12, 193, -386, -1, 46, 854, 49;
14, 222, 16, 180, -380, 11, 56, 867, 65;
9, 219, 13, 144, -394, 2, 38, 854, 53;
10, 221, 16, 126, -391, 10, 41, 863, 63;
8, 220, 16, 99, -394, 9, 34, 861, 63;
5, 218, 14, 66, -403, 3, 20, 852, 55;
3, 218, 14, 40, -404, 4, 14, 853, 56;
-3, 213, 9, -2, -421, -11, -12, 832, 36;
-4, 214, 10, -27, -418, -9, -16, 835, 39;
-3, 216, 12, -46, -410, -1, -13, 845, 48;
-1, 220, 15, -63, -397, 8, -6, 859, 61;
-8, 215, 10, -105, -410, -7, -33, 840, 42;
-9, 216, 11, -131, -406, -6, -38, 843, 43;
-12, 215, 10, -160, -404, -9, -49, 841, 39;
-13, 216, 10, -185, -397, -7, -53, 844, 41;
-14, 218, 11, -206, -387, -4, -55, 851, 45;
-14, 220, 12, -228, -376, 0, -56, 859, 50;
-17, 219, 11, -257, -373, -5, -69, 855, 44;
-16, 222, 13, -273, -356, 2, -65, 869, 54;
-20, 221, 11, -303, -353, -3, -79, 864, 46;
-20, 223, 12, -323, -340, -1, -81, 871, 49;
-24, 222, 10, -352, -335, -7, -95, 868, 41;
-19, 229, 16, -353, -304, 11, -76, 896, 65;
-25, 226, 12, -389, -306, -3, -99, 883, 47;
-28, 226, 10, -413, -297, -7, -110, 882, 41;
-23, 233, 16, -413, -264, 11, -91, 911, 64;
-31, 227, 9, -453, -272, -11, -124, 888, 36;
-31, 230, 11, -465, -252, -6, -121, 900, 43;
-30, 233, 12, -475, -231, -1, -119, 912, 49;
-29, 237, 15, -483, -207, 6, -113, 927, 58;
-34, 235, 11, -508, -203, -6, -132, 918, 43;
-31, 240, 14, -510, -175, 4, -122, 938, 56;
-35, 238, 10, -533, -169, -7, -139, 930, 41;
-37, 239, 9, -547, -155, -10, -146, 932, 37;
-31, 247, 16, -534, -115, 11, -121, 966, 65;
-37, 243, 10, -560, -115, -6, -146, 951, 42;
-38, 244, 10, -568, -98, -8, -150, 955, 39;
-37, 248, 12, -568, -73, -3, -144, 969, 47;
-34, 253, 15, -562, -44, 7, -132, 989, 59;
-36, 253, 12, -572, -32, 0, -142, 987, 50;
-35, 256, 14, -569, -9, 3, -138, 999, 55;
-40, 253, 9, -584, -4, -11, -156, 988, 37;
-38, 257, 11, -578, 20, -5, -149, 1002, 44;
-32, 264, 16, -559, 56, 11, -127, 1030, 65;
-32, 265, 16, -556, 73, 9, -128, 1036, 63;
-38, 261, 10, -569, 75, -7, -148, 1021, 41;
-33, 267, 14, -550, 107, 5, -131, 1044, 57;
-34, 268, 13, -547, 121, 0, -135, 1045, 51;
-32, 271, 14, -535, 143, 4, -128, 1057, 56;
-32, 272, 14, -526, 160, 3, -127, 1063, 55;
-36, 270, 10, -528, 164, -9, -140, 1053, 39;
-35, 271, 9, -516, 181, -9, -138, 1059, 38;
-29, 278, 15, -486, 215, 6, -114, 1086, 59;
-29, 278, 13, -477, 227, 2, -116, 1086, 53;
-28, 280, 14, -460, 244, 4, -110, 1094, 56;
-27, 282, 14, -443, 260, 3, -106, 1100, 55;
-24, 285, 16, -419, 281, 10, -93, 1114, 64;
-27, 282, 12, -415, 282, -3, -106, 1102, 47;
-25, 284, 12, -394, 296, -1, -99, 1109, 48;
-27, 282, 9, -384, 300, -11, -106, 1101, 36;
-25, 283, 9, -362, 313, -10, -100, 1107, 37;
-21, 288, 12, -330, 335, 0, -82, 1124, 50;
-16, 292, 16, -297, 355, 9, -64, 1141, 63;
-21, 286, 9, -295, 344, -11, -84, 1118, 37;
-17, 290, 12, -263, 362, -2, -68, 1132, 47;
-18, 288, 9, -247, 362, -11, -72, 1125, 37;
-10, 295, 16, -201, 390, 9, -40, 1153, 62;
-10, 294, 14, -181, 391, 4, -41, 1149, 56;
-9, 294, 13, -157, 396, 2, -36, 1150, 54;
-10, 292, 11, -139, 392, -5, -40, 1141, 43;
-4, 297, 15, -98, 411, 8, -15, 1161, 62;
-7, 292, 10, -88, 398, -7, -29, 1142, 41;
-7, 291, 9, -65, 396, -11, -27, 1137, 36;
-3, 293, 11, -32, 403, -5, -13, 1145, 44;
17, 10, 5, 2800, 2714, 1083, 67, 40, 20;
13, 1, 4, 4270, 1818, 2475, 51, 7, 17;
13, 0, 1, 3779, 3785, 1344, 53, 3, 7;
7, 20, 4, 4416, 4317, 2469, 28, 78, 18;
1, 4, 9, 3405, 3040, 2521, 5, 18, 35;
18, 30, 0, 2377, 5066, 2921, 70, 119, 2;
13, 3, 4, 1977, 3804, 2378, 52, 13, 17;
12, 8, 9, 1866, 2720, 2487, 47, 32, 37;
12, 23, 2, 3582, 3912, 2014, 48, 91, 8;
16, 22, 10, 3702, 5167, 1099, 66, 86, 40;
8, 16, 11, 2451, 1977, 1702, 33, 62, 44;
5, 7, 5, 1640, 4769, 1809, 21, 27, 21;
4, 14, 9, 2709, 3455, 997, 18, 57, 36;
13, 7, 8, 2014, 2233, 1658, 53, 28, 32;
1, 0, 6, 2802, 5263, 2428, 6, 1, 23;
19, 24, 8, 2149, 2512, 1839, 76, 96, 32;
6, 10, 12, 3797, 2146, 2911, 25, 42, 49;
14, 9, 6, 1820, 4588, 1261, 54, 38, 24;
10, 23, 6, 2031, 2018, 2705, 42, 89, 25;
10, 6, 7, 3742, 2040, 1991, 42, 24, 29;
12, 3, 12, 2834, 2734, 2922, 47, 13, 47;
4, 30, 7, 2111, 5212, 2222, 17, 118, 28;
11, 19, 4, 4275, 5068, 1538, 44, 74, 15;
5, 16, 5, 2987, 2851, 1368, 22, 64, 23;
0, 23, 11, 2336, 3128, 1789, 3, 91, 46;
14, 14, 4, 4257, 5006, 2495, 55, 55, 18;
2, 10, 10, 2440, 2326, 1872, 8, 40, 39;
7, 22, 2, 2975, 5113, 1409, 30, 88, 11;
10, 16, 9, 4000, 3876, 1237, 40, 65, 36;
14, 25, 3, 3578, 4713, 1990, 54, 99, 12;
13, 19, 10, 1861, 2007, 2043, 53, 76, 41;
7, 14, 2, 3057, 1816, 1841, 28, 57, 10;
5, 20, 9, 3985, 3400, 2187, 21, 79, 36;
6, 12, 7, 4071, 2850, 2294, 26, 48, 29;
7, 28, 2, 2809, 3211, 2621, 28, 112, 9;
19, 23, 3, 1642, 1854, 2502, 76, 90, 14;
1, 10, 5, 2931, 2744, 2764, 7, 39, 23;
14, 12, 7, 2100, 2255, 1696, 57, 50, 30;
10, 15, 12, 2251, 5156, 2499, 41, 60, 48;
15, 26, 7, 2048, 2850, 2907, 58, 104, 30;
0, 11, 6, 2031, 2731, 1722, 3, 43, 26;
8, 21, 4, 2949, 3539, 1846, 33, 85, 19;
13, 27, 5, 2693, 4372, 2703, 51, 107, 22;
1, 16, 11, 2971, 4472, 2912, 5, 66, 46;
3, 20, 11, 4009, 1857, 1544, 12, 81, 46;
2, 14, 7, 2660, 2664, 1134, 9, 54, 29;
16, 27, 7, 3572, 4610, 2658, 64, 107, 27;
9, 4, 10, 1512, 4329, 2079, 38, 18, 41;
7, 4, 12, 1766, 2267, 1840, 28, 17, 48;
3, 0, 2, 2949, 3780, 2944, 11, 2, 7;
14, 12, 0, 3846, 2124, 2331, 56, 47, 0;
13, 8, 5, 3275, 3331, 2830, 53, 33, 20;
4, 13, 1, 2530, 4773, 1506, 17, 53, 4;
12, 10, 12, 3403, 4149, 1857, 48, 40, 49;
7, 2, 9, 2712, 2523, 2240, 29, 11, 38;
10, 24, 7, 2127, 3448, 1291, 41, 95, 30;
17, 25, 2, 3864, 4737, 2875, 68, 100, 11;
5, 15, 9, 3700, 3389, 2409, 22, 59, 35;
1, 9, 11, 2080, 2017, 1129, 6, 37, 43;
5, 14, 0, 1563, 2575, 2604, 22, 55, 3;
11, 30, 5, 3619, 2922, 2284, 43, 120, 22;
5, 5, 5, 2286, 4519, 2919, 22, 20, 21;
6, 9, 1, 2607, 3272, 1723, 24, 36, 5;
0, 27, 5, 2608, 3455, 1808, 1, 107, 20;
2, 11, 4, 2098, 2018, 1936, 9, 45, 17;
15, 26, 2, 2587, 5074, 1371, 59, 103, 8;
10, 27, 0, 3961, 2380, 2661, 41, 105, 2;
7, 16, 7, 4098, 2609, 1419, 29, 65, 28;
1, 23, 11, 2034, 5387, 2709, 6, 93, 46;
20, 5, 4, 3183, 3455, 1413, 80, 21, 16;
13, 12, 12, 1529, 3250, 1620, 53, 47, 46;
19, 17, 8, 4303, 4566, 1345, 75, 69, 33;
2, 7, 8, 3135, 2739, 1455, 9, 27, 33;
8, 31, 6, 3663, 2733, 1196, 32, 122, 23;
1, 12, 6, 3256, 3903, 1732, 5, 50, 26;
14, 10, 3, 3399, 4129, 2741, 58, 40, 15;
15, 18, 2, 4013, 3913, 2282, 61, 73, 8;
13, 16, 11, 2176, 2042, 1209, 52, 62, 44;
4, 0, 4, 2459, 4555, 1351, 18, 2, 19;
10, 15, 11, 2061, 3378, 2402, 39, 61, 46;
703, 858, 461, 5252, 4597, 3121, 2743, 3347, 1800;
630, 926, 409, 5051, 4421, 3003, 2460, 3614, 1597;
680, 945, 343, 4866, 4261, 2899, 2654, 3688, 1341;
539, 866, 442, 4631, 4049, 2741, 2105, 3377, 1727;
529, 850, 400, 4459, 3901, 2643, 2064, 3316, 1562;
580, 700, 421, 4316, 3779, 2571, 2265, 2730, 1642;
487, 794, 322, 4140, 3624, 2463, 1900, 3097, 1259;
536, 811, 361, 3961, 3466, 2351, 2092, 3163, 1408;
480, 806, 331, 3801, 3325, 2253, 1874, 3147, 1291;
466, 610, 269, 3647, 3189, 2160, 1817, 2379, 1052;
415, 739, 278, 3525, 3086, 2097, 1620, 2883, 1086;
380, 635, 286, 3356, 2933, 1983, 1483, 2479, 1116;
408, 585, 275, 3250, 2844, 1931, 1594, 2284, 1076;
367, 664, 234, 3126, 2736, 1859, 1432, 2591, 915;
362, 584, 291, 2974, 2599, 1756, 1412, 2278, 1135;
313, 575, 224, 2862, 2502, 1692, 1221, 2243, 874;
398, 514, 246, 2769, 2423, 1645, 1552, 2006, 962;
349, 620, 239, 2672, 2340, 1592, 1362, 2420, 933;
310, 577, 198, 2571, 2252, 1534, 1210, 2250, 772;
313, 594, 215, 2474, 2167, 1477, 1221, 2320, 842;
304, 476, 170, 2337, 2043, 1380, 1189, 1858, 665;
245, 477, 172, 2245, 1962, 1325, 957, 1861, 672;
244, 519, 194, 2167, 1895, 1283, 952, 2024, 759;
285, 517, 151, 2085, 1823, 1235, 1111, 2020, 590;
258, 509, 156, 1992, 1741, 1176, 1006, 1986, 610;
229, 498, 164, 1945, 1704, 1161, 895, 1942, 641;
202, 468, 174, 1831, 1600, 1078, 791, 1825, 682;
206, 503, 168, 1805, 1582, 1081, 804, 1964, 657;
231, 476, 145, 1733, 1519, 1038, 902, 1857, 568;
223, 484, 126, 1648, 1443, 980, 872, 1888, 493;
190, 457, 118, 1592, 1394, 950, 741, 1786, 462;
227, 473, 139, 1536, 1346, 919, 887, 1845, 545;
202, 463, 107, 1480, 1298, 887, 787, 1809, 420;
169, 402, 125, 1388, 1213, 819, 660, 1567, 488;
180, 414, 116, 1344, 1175, 797, 704, 1616, 453;
173, 398, 126, 1294, 1132, 768, 677, 1554, 494;
153, 403, 97, 1244, 1088, 739, 598, 1574, 379;
130, 397, 116, 1183, 1033, 697, 510, 1549, 454;
168, 417, 102, 1139, 995, 673, 658, 1628, 398;
150, 418, 82, 1112, 974, 664, 585, 1633, 322;
144, 382, 72, 1040, 907, 609, 563, 1491, 283;
134, 370, 73, 1030, 903, 617, 524, 1444, 286;
119, 352, 78, 989, 867, 592, 465, 1373, 304;
136, 367, 71, 929, 812, 547, 530, 1431, 278;
109, 362, 72, 899, 786, 532, 427, 1412, 282;
98, 338, 68, 876, 767, 523, 383, 1320, 268;
99, 347, 64, 811, 707, 473, 388, 1356, 253;
101, 374, 80, 824, 724, 498, 397, 1460, 314;
96, 342, 57, 772, 676, 460, 375, 1335, 225;
107, 367, 68, 759, 667, 459, 418, 1432, 266;
86, 341, 54, 707, 618, 418, 338, 1332, 214;
99, 338, 68, 698, 613, 421, 386, 1318, 265;
94, 329, 57, 656, 574, 390, 366, 1286, 224;
81, 327, 57, 605, 527, 350, 318, 1278, 224;
86, 343, 53, 593, 517, 347, 338, 1340, 207;
84, 333, 50, 570, 498, 334, 329, 1299, 198;
63, 315, 56, 566, 496, 339, 245, 1229, 218;
70, 334, 55, 557, 489, 339, 275, 1303, 217;
70, 331, 46, 514, 450, 305, 273, 1292, 182;
75, 314, 44, 513, 451, 311, 296, 1227, 175;
69, 306, 35, 474, 415, 281, 270, 1196, 139;
56, 321, 43, 455, 398, 269, 218, 1255, 170;
60, 304, 32, 422, 367, 244, 236, 1189, 127;
57, 308, 35, 413, 360, 242, 223, 1202, 139;
48, 297, 31, 412, 361, 247, 188, 1160, 124;
41, 292, 36, 377, 328, 219, 160, 1139, 142;
51, 289, 25, 351, 304, 199, 202, 1128, 97;
53, 289, 27, 364, 319, 218, 207, 1130, 108;
51, 304, 32, 356, 313, 215, 201, 1187, 127;
43, 301, 27, 354, 312, 219, 170, 1173, 108;
41, 302, 27, 342, 302, 213, 161, 1178, 106;
48, 302, 26, 323, 285, 199, 188, 1181, 105;
38, 295, 24, 283, 246, 163, 151, 1151, 96;
37, 297, 20, 279, 244, 164, 148, 1160, 78;
33, 278, 16, 251, 217, 141, 131, 1084, 64;
36, 291, 21, 253, 220, 146, 142, 1137, 83;
31, 283, 23, 245, 214, 143, 121, 1105, 92;
28, 278, 15, 225, 195, 127, 112, 1086, 59;
28, 290, 22, 232, 203, 138, 112, 1132, 89;
32, 284, 18, 229, 201, 138, 128, 1110, 72;
1, 256, 0, 0, 0, 0, 5, 1000, 3;
1, 256, 0, -1, -1, -1, 4, 999, 2;
1, 256, 0, 0, 0, 0, 5, 1000, 3;
1, 256, 1, 1, 1, 1, 6, 1001, 4;
1, 256, 0, 0, 0, 0, 5, 1000, 3;
1, 256, 0, 0, 0, 0, 5, 1000, 3;
1, 256, 0, 0, 0, 0, 5, 1000, 3;
1, 256, 0, 0, 0, 0, 5, 1000, 3;
1, 256, 0, 1, 1, 1, 5, 1000, 3;
1, 256, 1, 1, 1, 1, 6, 1001, 4;
1, 256, 0, -1, -1, -1, 4, 998, 1;
1, 256, 0, 0, 0, 0, 4, 999, 2;
1, 256, 0, 0, 0, 0, 5, 999, 2;
1, 256, 0, -1, -1, -1, 4, 998, 2;
1, 256, 0, -1, -1, -1, 4, 999, 2;
1, 256, 0, -1, -1, -1, 4, 999, 2;
1, 256, 0, -1, -1, -1, 4, 999, 2;
1, 256, 1, 1, 1, 1, 6, 1001, 4;
1, 256, 1, 1, 1, 1, 6, 1001, 4;
1, 256, 0, 0, 0, 0, 4, 999, 2;
1, 256, 0, 0, 0, 0, 5, 1000, 3;
1, 256, 0, 0, 0, 0, 4, 999, 2;
1, 256, 1, 1, 1, 1, 6, 1000, 4;
1, 256, 0, 0, 0, 0, 4, 999, 2;
1, 256, 0, 0, 0, 0, 5, 1000, 3;
1, 256, 0, 0, 0, 0, 5, 1000, 3;
1, 256, 0, 0, 0, 0, 4, 999, 2;
1, 256, 1, 1, 1, 1, 6, 1001, 4;
1, 256, 0, 0, 0, 0, 5, 1000, 3;
1, 256, 0, -1, -1, -1, 4, 999, 2;
1, 256, 0, 0, 0, 0, 4, 999, 2;
1, 256, 1, 1, 1, 1, 6, 1001, 4;
1, 256, 0, 0, 0, 0, 5, 1000, 3;
1, 256, 0, 0, 0, 0, 4, 999, 2;
1, 256, 0, 0, 0, 0, 4, 999, 2;
1, 256, 0, 0, 0, 0, 4, 999, 2;
1, 256, 0, 0, 0, 0, 4, 999, 2;
1, 256, 0, 0, 0, 0, 4, 999, 2;
1, 256, 0, 0, 0, 0, 5, 1000, 3;
1, 256, 0, 0, 0, 0, 4, 999, 2;
1, 256, 0, -1, -1, -1, 4, 999, 2;
1, 256, 0, 0, 0, 0, 5, 1000, 3;
1, 256, 0, 0, 0, 0, 5, 1000, 3;
1, 256, 0, -1, -1, -1, 4, 999, 2;
1, 256, 0, -1, -1, -1, 4, 999, 2;
1, 256, 0, 0, 0, 0, 4, 999, 2;
1, 256, 0, -1, -1, -1, 4, 999, 2;
1, 256, 0, -1, -1, -1, 4, 999, 2;
1, 256, 1, 1, 1, 1, 6, 1001, 4;
1, 256, 1, 1, 1, 1, 6, 1001, 4;
1, 256, 0, -1, -1, -1, 4, 998, 2;
1, 256, 0, 0, 0, 0, 5, 1000, 3;
1, 256, 0, 0, 0, 0, 5, 999, 3;
1, 256, 0, 1, 1, 1, 5, 1000, 3;
1, 256, 0, 0, 0, 0, 5, 1000, 3;
1, 256, 0, 0, 0, 0, 4, 999, 2;
1, 256, 0, -1, -1, -1, 4, 999, 2;
1, 256, 0, -1, -1, -1, 4, 999, 2;
1, 256, 0, 0, 0, 0, 5, 1000, 3;
1, 256, 1, 1, 1, 1, 6, 1001, 4;
1, 256, 0, 0, 0, 0, 5, 1000, 3;
1, 256, 0, 0, 0, 0, 5, 1000, 3;
1, 256, 0, -1, -1, -1, 3, 998, 1;
1, 256, 0, 0, 0, 0, 5, 1000, 3;
1, 256, 0, -1, -1, -1, 3, 998, 1;
1, 256, 0, 1, 1, 1, 5, 1000, 3;
1, 256, 0, 1, 1, 1, 5, 1000, 3;
1, 256, 0, -1, -1, -1, 4, 999, 2;
1, 256, 0, 0, 0, 0, 5, 1000, 3;
1, 256, 0, 0, 0, 0, 4, 999, 2;
1, 256, 1, 1, 1, 1, 5, 1000, 3;
1, 256, 0, 0, 0, 0, 5, 1000, 3;
1, 256, 0, 1, 1, 1, 5, 1000, 3;
1, 256, 0, -1, -1, -1, 4, 999, 2;
0, 256, 0, -1, -1, -1, 3, 998, 1;
1, 256, 0, 0, 0, 0, 5, 1000, 3;
1, 256, 1, 1, 1, 1, 5, 1000, 3;
1, 256, 0, 0, 0, 0, 4, 999, 2;
1, 256, 0, -1, -1, -1, 4, 999, 2;
1, 256, 1, 1, 1, 1, 6, 1001, 4;
1, 256, 0, 0, 0, 0, 5, 999, 3;
1, 256, 0, -1, -1, -1, 4, 999, 2;
1, 256, 0, -1, -1, -1, 4, 999, 2;
1, 256, 0, -1, -1, -1, 4, 999, 2;
1, 256, 0, -1, -1, -1, 4, 998, 1;
1, 256, 0, 0, 0, 0, 4, 999, 2;
1, 256, 0, -1, -1, -1, 4, 999, 2;
1, 256, 0, -1, -1, -1, 4, 998, 2;
1, 256, 0, 0, 0, 0, 5, 1000, 3;
1, 256, 1, 1, 1, 1, 6, 1001, 4;
1, 256, 0, 0, 0, 0, 4, 999, 2;
1, 256, 0, -1, -1, -1, 3, 998, 1;
1, 256, 0, -1, -1, -1, 4, 999, 2;
1, 256, 0, -1, -1, -1, 3, 998, 1;
1, 256, 0, 0, 0, 0, 5, 1000, 3;
1, 256, 0, -1, -1, -1, 3, 998, 1;
1, 256, 0, 1, 1, 1, 5, 1000, 3;
1, 256, 1, 1, 1, 1, 6, 1001, 4;
1, 256, 0, 1, 1, 1, 5, 1000, 3;
1, 256, 0, 0, 0, 0, 4, 999, 2;
1, 256, 0, 0, 0, 0, 5, 999, 3;
1, 256, 1, 1, 1, 1, 6, 1000, 4;
1, 256, 0, 0, 0, 0, 4, 999, 2;
1, 256, 0, -1, -1, -1, 4, 999, 2;
1, 256, 1, 1, 1, 1, 6, 1000, 3;
1, 256, 1, 1, 1, 1, 5, 1000, 3;
1, 256, 1, 1, 1, 1, 6, 1001, 4;
1, 256, 0, -1, -1, -1, 3, 998, 1;
1, 256, 0, 0, 0, 0, 5, 1000, 3;
1, 256, 1, 1, 1, 1, 6, 1001, 4;
1, 256, 0, -1, -1, -1, 4, 999, 2;
1, 256, 0, 0, 0, 0, 5, 1000, 3;
1, 256, 0, 0, 0, 0, 4, 999, 2;
1, 256, 0, -1, -1, -1, 4, 999, 2;
1, 256, 0, 0, 0, 0, 5, 1000, 3;
1, 256, 0, 0, 0, 0, 5, 1000, 3;
1, 256, 0, 0, 0, 0, 5, 1000, 3;
1, 256, 0, 1, 1, 1, 5, 1000, 3;
1, 256, 0, -1, -1, -1, 4, 999, 2;
1, 256, 0, -1, -1, -1, 3, 998, 1;
1, 256, 0, -1, -1, -1, 4, 999, 2;
1, 256, 0, 0, 0, 0, 5, 1000, 3;
1, 256, 1, 1, 1, 1, 6, 1001, 4;
1, 256, 0, 1, 1, 1, 5, 1000, 3;
1, 256, 0, -1, -1, -1, 4, 998, 2;
1, 256, 0, 0, 0, 0, 5, 1000, 3;
1, 256, 1, 1, 1, 1, 6, 1001, 4;
1, 256, 0, 0, 0, 0, 4, 999, 2;
1, 256, 0, 0, 0, 0, 5, 1000, 3;
1, 256, 0, 0, 0, 0, 5, 1000, 3;
1, 256, 0, -1, -1, -1, 4, 999, 2;
1, 256, 0, 0, 0, 0, 4, 999, 2;
1, 256, 0, 0, 0, 0, 5, 1000, 3;
1, 256, 0, 0, 0, 0, 4, 999, 2;
1, 256, 0, -1, -1, -1, 4, 999, 2;
1, 256, 0, 0, 0, 0, 4, 999, 2;
1, 256, 0, -1, -1, -1, 4, 999, 2;
1, 256, 0, 0, 0, 0, 4, 999, 2;
1, 256, 1, 1, 1, 1, 6, 1000, 4;
1, 256, 0, 0, 0, 0, 5, 1000, 3;
1, 256, 1, 1, 1, 1, 6, 1001, 4;
1, 256, 0, 0, 0, 0, 5, 1000, 3;
1, 256, 1, 1, 1, 1, 6, 1001, 4;
1, 256, 0, 0, 0, 0, 5, 999, 2;
1, 256, 0, 0, 0, 0, 5, 1000, 3;
1, 256, 0, -1, -1, -1, 4, 998, 2;
1, 256, 0, -1, -1, -1, 4, 999, 2;
1, 256, 1, 1, 1, 1, 5, 1000, 3;
1, 256, 0, -1, -1, -1, 4, 998, 2;
1, 256, 0, 0, 0, 0, 4, 999, 2;
1, 256, 0, 0, 0, 0, 5, 1000, 3;
1, 256, 1, 1, 1, 1, 6, 1001, 4;
1, 256, 0, 0, 0, 0, 5, 999, 2;
1, 256, 1, 1, 1, 1, 6, 1001, 4;
1, 256, 1, 1, 1, 1, 6, 1001, 4;
1, 256, 0, 0, 0, 0, 4, 999, 2;
1, 256, 0, 1, 1, 1, 5, 1000, 3;
1, 256, 0, 0, 0, 0, 4, 999, 2;
1, 256, 0, -1, -1, -1, 4, 999, 2;
1, 256, 0, 0, 0, 0, 5, 1000, 3;
1, 256, 1, 1, 1, 1, 6, 1001, 4;
1, 256, 0, 0, 0, 0, 4, 999, 2;
1, 256, 0, -1, -1, -1, 4, 999, 2;
1, 256, 0, -1, -1, -1, 4, 999, 2;
1, 256, 0, 1, 1, 1, 5, 1000, 3;
1, 256, 0, 0, 0, 0, 4, 999, 2;
1, 256, 0, 0, 0, 0, 4, 999, 2;
1, 256, 1, 1, 1, 1, 6, 1001, 4;
1, 256, 0, 0, 0, 0, 4, 999, 2;
1, 256, 0, 0, 0, 0, 5, 1000, 3;
1, 256, 0, 0, 0, 0, 5, 1000, 3;
1, 256, 0, -1, -1, -1, 3, 998, 1;
1, 256, 0, 1, 1, 1, 5, 1000, 3;
1, 256, 0, 0, 0, 0, 4, 999, 2;
1, 256, 0, 0, 0, 0, 4, 999, 2;
1, 256, 0, -1, -1, -1, 4, 999, 2;
1, 256, 0, -1, -1, -1, 3, 998, 1;
1, 256, 0, -1, -1, -1, 4, 999, 2;
1, 256, 0, -1, -1, -1, 4, 999, 2;
1, 256, 0, 0, 0, 0, 4, 999, 2;
1, 256, 0, -1, -1, -1, 4, 999, 2;
1, 256, 0, 0, 0, 0, 5, 1000, 3;
1, 256, 1, 1, 1, 1, 6, 1001, 4;
1, 256, 0, 0, 0, 0, 5, 1000, 3;
1, 256, 1, 1, 1, 1, 6, 1001, 4;
1, 256, 0, 0, 0, 0, 5, 1000, 3;
1, 256, 0, -1, -1, -1, 4, 999, 2;
1, 256, 0, -1, -1, -1, 4, 999, 2;
1, 256, 1, 1, 1, 1, 6, 1001, 4;
1, 256, 0, 0, 0, 0, 5, 999, 2;
1, 256, 0, 0, 0, 0, 4, 999, 2;
1, 256, 1, 1, 1, 1, 6, 1001, 4;
1, 256, 1, 1, 1, 1, 5, 1000, 3;
1, 256, 0, 0, 0, 0, 5, 1000, 3;
1, 256, 0, 0, 0, 0, 5, 1000, 3;
1, 256, 0, 0, 0, 0, 4, 999, 2;
1, 256, 0, 0, 0, 0, 4, 999, 2;
1, 256, 0, 0, 0, 0, 5, 1000, 3;
1, 256, 1, 1, 1, 1, 6, 1000, 3;
1, 256, 0, 0, 0, 0, 5, 1000, 3;
1, 256, 0, 0, 0, 0, 4, 999, 2;
1, 256, 0, 0, 0, 0, 4, 999, 2;
1, 256, 0, -1, -1, -1, 4, 998, 1;
1, 256, 0, 0, 0, 0, 4, 999, 2;
1, 256, 0, -1, -1, -1, 3, 998, 1;
1, 256, 0, 0, 0, 0, 4, 999, 2;
1, 256, 0, 0, 0, 0, 4, 999, 2;
1, 256, 0, 0, 0, 0, 5, 1000, 3;
1, 256, 0, 0, 0, 0, 5, 999, 2;
1, 256, 0, 0, 0, 0, 5, 1000, 3;
1, 256, 0, -1, -1, -1, 4, 999, 2;
1, 256, 0, 0, 0, 0, 4, 999, 2;
1, 256, 0, 0, 0, 0, 5, 1000, 3;
1, 256, 0, 1, 1, 1, 5, 1000, 3;
1, 256, 0, -1, -1, -1, 4, 998, 2;
1, 256, 0, 1, 1, 1, 5, 1000, 3;
1, 256, 0, -1, -1, -1, 4, 999, 2;
1, 256, 0, 1, 1, 1, 5, 1000, 3;
1, 256, 0, -1, -1, -1, 4, 999, 2;
1, 256, 0, 0, 0, 0, 4, 999, 2;
1, 256, 0, 0, 0, 0, 4, 999, 2;
1, 256, 0, 0, 0, 0, 4, 999, 2;
1, 256, 0, 0, 0, 0, 5, 1000, 3;
1, 256, 0, -1, -1, -1, 4, 999, 2;
1, 256, 0, -1, -1, -1, 4, 998, 2;
1, 256, 0, -1, -1, -1, 4, 998, 2;
1, 256, 0, 0, 0, 0, 4, 999, 2;
1, 256, 0, 0, 0, 0, 4, 999, 2;
1, 256, 0, 0, 0, 0, 5, 1000, 3;
1, 256, 1, 1, 1, 1, 6, 1001, 4;
1, 256, 0, 0, 0, 0, 5, 1000, 3;
1, 256, 0, 0, 0, 0, 4, 999, 2;
1, 256, 1, 1, 1, 1, 6, 1000, 3;
1, 256, 0, 0, 0, 0, 4, 999, 2;
1, 256, 0, -1, -1, -1, 4, 999, 2;
1, 256, 0, 0, 0, 0, 4, 999, 2;
1, 256, 0, 0, 0, 0, 5, 1000, 3;
1, 256, 0, -1, -1, -1, 4, 998, 1;
1, 256, 0, 0, 0, 0, 5, 1000, 3;
1, 256, 0, 1, 1, 1, 5, 1000, 3;
1, 256, 1, 1, 1, 1, 6, 1001, 4;
1, 256, 0, 0, 0, 0, 5, 1000, 3;
1, 256, 0, -1, -1, -1, 4, 999, 2;
1, 256, 0, -1, -1, -1, 4, 999, 2;
1, 256, 0, 0, 0, 0, 5, 1000, 3;
1, 256, 0, 0, 0, 0, 4, 999, 2;
1, 256, 0, 1, 1, 1, 5, 1000, 3;
1, 256, 0, 0, 0, 0, 4, 999, 2;
1, 256, 0, 0, 0, 0, 5, 1000, 3;
1, 256, 1, 1, 1, 1, 6, 1001, 4;
1, 256, 0, 0, 0, 0, 4, 999, 2;
1, 256, 0, -1, -1, -1, 3, 998, 1;
1, 256, 0, 0, 0, 0, 4, 999, 2;
1, 256, 0, -1, -1, -1, 4, 999, 2;
1, 256, 0, -1, -1, -1, 4, 999, 2;
1, 256, 0, -1, -1, -1, 4, 998, 2;
1, 256, 0, -1, -1, -1, 3, 998, 1;
1, 256, 0, 0, 0, 0, 4, 999, 2;
0, 256, 0, -1, -1, -1, 3, 998, 1;
1, 256, 0, 0, 0, 0, 4, 999, 2;
1, 256, 1, 1, 1, 1, 6, 1000, 3;
1, 256, 0, 0, 0, 0, 5, 1000, 3;
1, 256, 0, -1, -1, -1, 4, 999, 2;
1, 256, 0, 0, 0, 0, 5, 1000, 3;
1, 256, 0, 0, 0, 0, 5, 1000, 3;
1, 256, 0, -1, -1, -1, 3, 998, 1;
1, 256, 0, -1, -1, -1, 4, 999, 2;
1, 256, 1, 1, 1, 1, 5, 1000, 3;
1, 256, 0, 0, 0, 0, 4, 999, 2;
1, 256, 0, -1, -1, -1, 4, 999, 2;
1, 256, 0, 0, 0, 0, 4, 999, 2;
1, 256, 0, 0, 0, 0, 5, 999, 3;
1, 256, 0, 0, 0, 0, 4, 999, 2;
1, 256, 0, -1, -1, -1, 4, 999, 2;
1, 256, 0, 0, 0, 0, 4, 999, 2;
1, 256, 0, 0, 0, 0, 5, 999, 2;
1, 256, 0, -1, -1, -1, 4, 999, 2;
1, 256, 1, 1, 1, 1, 6, 1000, 4;
1, 256, 0, -1, -1, -1, 4, 999, 2;
1, 256, 0, 0, 0, 0, 5, 1000, 3;
1, 256, 0, -1, -1, -1, 3, 998, 1;
1, 256, 0, 0, 0, 0, 4, 999, 2;
1, 256, 0, -1, -1, -1, 4, 999, 2;
1, 256, 0, 0, 0, 0, 4, 999, 2;
1, 256, 0, 1, 1, 1, 5, 1000, 3;
1, 256, 1, 1, 1, 1, 6, 1001, 4;
1, 256, 0, 0, 0, 0, 5, 1000, 3;
1, 256, 0, -1, -1, -1, 4, 998, 2;
1, 256, 1, 1, 1, 1, 5, 1000, 3;
1, 256, 1, 1, 1, 1, 5, 1000, 3;
1, 256, 0, 0, 0, 0, 4, 999, 2;
1, 256, 0, 0, 0, 0, 5, 1000, 3;
1, 256, 0, 0, 0, 0, 5, 1000, 3;
1, 256, 0, 0, 0, 0, 4, 999, 2;
1, 256, 1, 1, 1, 1, 5, 1000, 3;
1, 256, 1, 1, 1, 1, 6, 1001, 4;
1, 256, 0, 0, 0, 0, 5, 1000, 3;
1, 256, 0, 0, 0, 0, 5, 1000, 3;
1, 256, 0, 1, 1, 1, 5, 1000, 3;
1, 256, 0, 0, 0, 0, 5, 999, 2;
1, 256, 0, 0, 0, 0, 4, 999, 2;
1, 256, 0, -1, -1, -1, 3, 998, 1;
1, 256, 0, 0, 0, 0, 4, 999, 2;
1, 256, 1, 1, 1, 1, 6, 1001, 4;
1, 256, 0, 0, 0, 0, 4, 999, 2;
1, 256, 0, -1, -1, -1, 4, 999, 2;
1, 256, 0, 0, 0, 0, 5, 1000, 3;
1, 256, 1, 1, 1, 1, 6, 1001, 4;
1, 256, 0, 0, 0, 0, 4, 999, 2;
1, 256, 0, 0, 0, 0, 4, 999, 2;
1, 256, 0, 0, 0, 0, 4, 999, 2;
1, 256, 0, 0, 0, 0, 5, 1000, 3;
1, 256, 0, 0, 0, 0, 5, 1000, 3;
1, 256, 1, 1, 1, 1, 6, 1001, 4;
1, 256, 0, 0, 0, 0, 4, 999, 2;
1, 256, 0, 0, 0, 0, 4, 999, 2;
1, 256, 1, 1, 1, 1, 6, 1000, 3;
1, 256, 0, 0, 0, 0, 5, 1000, 3;
1, 256, 0, 0, 0, 0, 5, 1000, 3;
1, 256, 0, -1, -1, -1, 3, 998, 1;
1, 256, 0, 0, 0, 0, 5, 1000, 3;
1, 256, 0, -1, -1, -1, 4, 998, 2;
1, 256, 0, 0, 0, 0, 5, 1000, 3;
1, 256, 0, 0, 0, 0, 4, 999, 2;
1, 256, 0, 0, 0, 0, 4, 999, 2;
1, 256, 0, -1, -1, -1, 4, 999, 2;
1, 256, 0, 0, 0, 0, 5, 1000, 3;
1, 256, 0, 1, 1, 1, 5, 1000, 3;
1, 256, 1, 1, 1, 1, 6, 1000, 3;
1, 256, 0, 0, 0, 0, 5, 1000, 3;
1, 256, 0, 0, 0, 0, 5, 1000, 3;
1, 256, 0, -1, -1, -1, 4, 998, 1;
1, 256, 0, 1, 1, 1, 5, 1000, 3;
1, 256, 0, 0, 0, 0, 4, 999, 2;
1, 256, 0, 1, 1, 1, 5, 1000, 3;
1, 256, 0, 1, 1, 1, 5, 1000, 3;
1, 256, 0, 0, 0, 0, 5, 1000, 3;
1, 256, 1, 1, 1, 1, 6, 1000, 4;
1, 256, 0, 0, 0, 0, 5, 1000, 3;
1, 256, 0, 0, 0, 0, 5, 1000, 3;
1, 256, 0, 0, 0, 0, 5, 1000, 3;
1, 256, 0, 1, 1, 1, 5, 1000, 3;
1, 256, 0, 0, 0, 0, 4, 999, 2;
1, 256, 0, 0, 0, 0, 5, 1000, 3;
1, 256, 0, 0, 0, 0, 4, 999, 2;
1, 256, 0, 0, 0, 0, 5, 1000, 3;
1, 256, 0, 0, 0, 0, 5, 1000, 3;
1, 256, 0, 0, 0, 0, 5, 1000, 3;
1, 256, 0, 0, 0, 0, 5, 1000, 3;
1, 256, 0, 0, 0, 0, 4, 999, 2;
1, 256, 1, 1, 1, 1, 6, 1001, 4;
1, 256, 0, 0, 0, 0, 5, 1000, 3;
1, 256, 1, 1, 1, 1, 5, 1000, 3;
1, 256, 0, 0, 0, 0, 5, 1000, 3;
1, 256, 0, 0, 0, 0, 5, 1000, 3;
1, 256, 0, 0, 0, 0, 5, 1000, 3;
1, 256, 0, 0, 0, 0, 4, 999, 2;
1, 256, 1, 1, 1, 1, 6, 1001, 4;
1, 256, 0, 0, 0, 0, 5, 1000, 3;
1, 256, 0, -1, -1, -1, 4, 999, 2;
1, 256, 0, 0, 0, 0, 5, 1000, 3;
1, 256, 0, 0, 0, 0, 5, 1000, 3;
1, 256, 0, 1, 1, 1, 5, 1000, 3;
1, 256, 0, 0, 0, 0, 4, 999, 2;
1, 256, 0, -1, -1, -1, 4, 999, 2;
1, 256, 0, 0, 0, 0, 5, 1000, 3;
1, 256, 0, 0, 0, 0, 4, 999, 2;
1, 256, 1, 1, 1, 1, 6, 1001, 4;
1, 256, 0, -1, -1, -1, 4, 999, 2;
1, 256, 0, 0, 0, 0, 5, 1000, 3;
1, 256, 0, 0, 0, 0, 5, 1000, 3;
1, 256, 0, 1, 1, 1, 5, 1000, 3;
1, 256, 1, 1, 1, 1, 6, 1000, 4;
1, 256, 1, 1, 1, 1, 6, 1000, 4;
1, 256, 0, 0, 0, 0, 5, 1000, 3;
1, 256, 0, -1, -1, -1, 4, 999, 2;
1, 256, 0, -1, -1, -1, 4, 998, 2;
1, 256, 0, 0, 0, 0, 4, 999, 2;
1, 256, 0, 0, 0, 0, 4, 999, 2;
1, 256, 1, 1, 1, 1, 6, 1001, 4;
1, 256, 0, 0, 0, 0, 5, 1000, 3;
1, 256, 0, 0, 0, 0, 4, 999, 2;
1, 256, 1, 1, 1, 1, 6, 1000, 3;
1, 256, 1, 1, 1, 1, 6, 1001, 4;
1, 256, 0, -1, -1, -1, 4, 998, 1;
1, 256, 0, -1, -1, -1, 4, 998, 1;
1, 256, 0, 0, 0, 0, 5, 1000, 3;
1, 256, 0, -1, -1, -1, 4, 999, 2;
1, 256, 0, 0, 0, 0, 5, 1000, 3;
1, 256, 0, -1, -1, -1, 4, 999, 2;
1, 256, 0, 0, 0, 0, 5, 1000, 3;
1, 256, 0, 0, 0, 0, 4, 999, 2;
1, 256, 0, 0, 0, 0, 4, 999, 2;
1, 256, 0, 0, 0, 0, 5, 1000, 3;
1, 256, 0, -1, -1, -1, 3, 998, 1;
1, 256, 0, 0, 0, 0, 5, 1000, 3;
1, 256, 0, 0, 0, 0, 5, 1000, 3;
1, 256, 0, 0, 0, 0, 4, 999, 2;
1, 256, 0, 1, 1, 1, 5, 1000, 3;
1, 256, 0, -1, -1, -1, 4, 999, 2;
1, 256, 0, -1, -1, -1, 4, 999, 2;
1, 256, 0, 0, 0, 0, 4, 999, 2;
1, 256, 0, 0, 0, 0, 5, 1000, 3;
1, 256, 0, 0, 0, 0, 4, 999, 2;
1, 256, 0, 0, 0, 0, 5, 999, 2;
1, 256, 0, 0, 0, 0, 5, 1000, 3;
1, 256, 0, -1, -1, -1, 4, 999, 2;
1, 256, 0, 0, 0, 0, 5, 1000, 3;
1, 256, 0, 0, 0, 0, 4, 999, 2;
1, 256, 0, -1, -1, -1, 4, 999, 2;
1, 256, 0, 0, 0, 0, 4, 999, 2;
1, 256, 0, 0, 0, 0, 5, 1000, 3;
1, 256, 0, 0, 0, 0, 4, 999, 2;
1, 256, 0, -1, -1, -1, 4, 998, 1;
1, 256, 0, 0, 0, 0, 4, 999, 2;
1, 256, 0, 0, 0, 0, 5, 1000, 3;
1, 256, 0, -1, -1, -1, 4, 999, 2;
1, 256, 0, 0, 0, 0, 5, 1000, 3;
1, 256, 0, 0, 0, 0, 5, 999, 2;
1, 256, 0, 0, 0, 0, 5, 999, 3;
1, 256, 0, 0, 0, 0, 4, 999, 2;
1, 256, 0, -1, -1, -1, 4, 999, 2;
1, 256, 1, 1, 1, 1, 6, 1000, 3;
1, 256, 0, 1, 1, 1, 5, 1000, 3;
1, 256, 1, 1, 1, 1, 6, 1001, 4;
1, 256, 0, 1, 1, 1, 5, 1000, 3;
1, 256, 0, 0, 0, 0, 5, 1000, 3;
1, 256, 1, 1, 1, 1, 6, 1001, 4;
1, 256, 0, -1, -1, -1, 4, 998, 2;
1, 256, 0, 0, 0, 0, 4, 999, 2;
1, 256, 0, 0, 0, 0, 5, 1000, 3;
1, 256, 0, 0, 0, 0, 4, 999, 2;
1, 256, 1, 1, 1, 1, 6, 1001, 4;
1, 256, 1, 1, 1, 1, 6, 1001, 4;
1, 256, 0, 1, 1, 1, 5, 1000, 3;
1, 256, 0, -1, -1, -1, 3, 998, 1;
1, 256, 0, 1, 1, 1, 5, 1000, 3;
1, 256, 0, 0, 0, 0, 5, 999, 2;
1, 256, 0, 1, 1, 1, 5, 1000, 3;
1, 256, 0, 0, 0, 0, 4, 999, 2;
1, 256, 0, 0, 0, 0, 5, 1000, 3;
1, 256, 0, -1, -1, -1, 4, 999, 2;
1, 256, 0, -1, -1, -1, 4, 999, 2;
1, 256, 0, 0, 0, 0, 5, 1000, 3;
1, 256, 0, 0, 0, 0, 4, 999, 2;
1, 256, 0, -1, -1, -1, 4, 999, 2;
1, 256, 0, -1, -1, -1, 4, 999, 2;
1, 256, 0, 0, 0, 0, 5, 1000, 3;
1, 256, 1, 1, 1, 1, 6, 1000, 3;
1, 256, 0, 0, 0, 0, 4, 999, 2;
1, 256, 0, -1, -1, -1, 4, 998, 1;
1, 256, 0, 0, 0, 0, 4, 999, 2;
1, 256, 0, 0, 0, 0, 4, 999, 2;
1, 256, 0, -1, -1, -1, 4, 999, 2;
1, 256, 0, 0, 0, 0, 5, 999, 2;
1, 256, 0, -1, -1, -1, 4, 999, 2;
1, 256, 0, 0, 0, 0, 5, 1000, 3;
1, 256, 0, -1, -1, -1, 3, 998, 1;
1, 256, 0, -1, -1, -1, 4, 999, 2;
1, 256, 0, 0, 0, 0, 4, 999, 2;
1, 256, 0, 1, 1, 1, 5, 1000, 3;
1, 256, 0, -1, -1, -1, 4, 999, 2;
1, 256, 0, 0, 0, 0, 4, 999, 2;
1, 256, 0, 0, 0, 0, 4, 999, 2;
1, 256, 0, 0, 0, 0, 5, 1000, 3;
1, 256, 1, 1, 1, 1, 6, 1001, 4;
1, 256, 1, 1, 1, 1, 6, 1001, 4;
1, 256, 0, 0, 0, 0, 5, 1000, 3;
1, 256, 1, 1, 1, 1, 6, 1001, 4;
1, 256, 0, -1, -1, -1, 4, 999, 2;
1, 256, 1, 1, 1, 1, 6, 1001, 4;
1, 256, 0, 0, 0, 0, 5, 1000, 3;
1, 256, 0, -1, -1, -1, 3, 998, 1;
1, 256, 1, 1, 1, 1, 6, 1001, 4;
1, 256, 0, -1, -1, -1, 4, 999, 2;
1, 256, 0, 1, 1, 1, 5, 1000, 3;
1, 256, 0, 0, 0, 0, 4, 999, 2;
1, 256, 0, 0, 0, 0, 4, 999, 2;
1, 256, 0, -1, -1, -1, 4, 999, 2;
1, 256, 0, -1, -1, -1, 4, 999, 2;
1, 256, 0, 0, 0, 0, 5, 1000, 3;
1, 256, 0, 0, 0, 0, 5, 1000, 3;
1, 256, 0, 0, 0, 0, 4, 999, 2;
1, 256, 0, 0, 0, 0, 4, 999, 2;
1, 256, 0, 0, 0, 0, 5, 999, 3;
1, 256, 0, 0, 0, 0, 5, 1000, 3;
1, 256, 0, 0, 0, 0, 4, 999, 2;
1, 256, 0, 0, 0, 0, 5, 1000, 3;
1, 256, 0, 0, 0, 0, 4, 999, 2;
1, 256, 0, -1, -1, -1, 4, 999, 2;
1, 256, 0, -1, -1, -1, 3, 998, 1;
1, 256, 0, 0, 0, 0, 4, 999, 2;
1, 256, 0, 0, 0, 0, 4, 999, 2;
1, 256, 0, 1, 1, 1, 5, 1000, 3;
1, 256, 0, 1, 1, 1, 5, 1000, 3;
1, 256, 0, 1, 1, 1, 5, 1000, 3;
1, 256, 0, 0, 0, 0, 5, 999, 3;
1, 256, 0, 0, 0, 0, 5, 1000, 3;
1, 256, 0, -1, -1, -1, 4, 999, 2;
1, 256, 0, -1, -1, -1, 4, 999, 2;
1, 256, 0, 0, 0, 0, 4, 999, 2;
1, 256, 1, 1, 1, 1, 6, 1001, 4;
1, 256, 0, 0, 0, 0, 5, 1000, 3;
1, 256, 0, 0, 0, 0, 5, 1000, 3;
1, 256, 1, 1, 1, 1, 6, 1001, 4;
1, 256, 1, 1, 1, 1, 5, 1000, 3;
1, 256, 0, 0, 0, 0, 5, 1000, 3;
0, 256, 0, -1, -1, -1, 3, 998, 1;
1, 256, 1, 1, 1, 1, 6, 1000, 3;
1, 256, 1, 1, 1, 1, 6, 1001, 4;
1, 256, 0, 0, 0, 0, 5, 1000, 3;
1, 256, 0, 1, 1, 1, 5, 1000, 3;
1, 256, 0, 0, 0, 0, 5, 1000, 3;
1, 256, 0, 0, 0, 0, 5, 1000, 3;
1, 256, 0, -1, -1, -1, 4, 998, 1;
1, 256, 1, 1, 1, 1, 6, 1001, 4;
1, 256, 0, 0, 0, 0, 5, 1000, 3;
1, 256, 0, 0, 0, 0, 5, 1000, 3;
1, 256, 0, -1, -1, -1, 4, 999, 2;
1, 256, 1, 1, 1, 1, 6, 1001, 4;
1, 256, 0, 0, 0, 0, 5, 999, 3;
1, 256, 0, 0, 0, 0, 5, 1000, 3;
1, 256, 0, 0, 0, 0, 4, 999, 2;
1, 256, 0, 0, 0, 0, 5, 1000, 3;
1, 256, 0, 0, 0, 0, 4, 999, 2;
1, 256, 0, 0, 0, 0, 4, 999, 2;
1, 256, 0, -1, -1, -1, 4, 999, 2;
1, 256, 0, 0, 0, 0, 5, 1000, 3;
1, 256, 0, -1, -1, -1, 3, 998, 1;
1, 256, 1, 1, 1, 1, 6, 1001, 4;
1, 256, 0, 0, 0, 0, 5, 1000, 3;
1, 256, 0, 0, 0, 0, 5, 1000, 3;
1, 256, 0, 0, 0, 0, 4, 999, 2;
1, 256, 0, 0, 0, 0, 5, 1000, 3;
1, 256, 0, 0, 0, 0, 4, 999, 2;
1, 256, 0, -1, -1, -1, 3, 998, 1;
1, 256, 0, 0, 0, 0, 4, 999, 2;
1, 256, 0, 0, 0, 0, 5, 1000, 3;
1, 256, 0, 0, 0, 0, 5, 1000, 3;
1, 256, 0, 0, 0, 0, 4, 999, 2;
1, 256, 0, 1, 1, 1, 5, 1000, 3;
1, 256, 0, -1, -1, -1, 3, 998, 1;
1, 256, 1, 1, 1, 1, 6, 1000, 3;
1, 256, 0, 0, 0, 0, 4, 999, 2;
1, 256, 0, 0, 0, 0, 4, 999, 2;
1, 256, 0, 0, 0, 0, 5, 999, 3;
1, 256, 0, 1, 1, 1, 5, 1000, 3;
1, 256, 0, 0, 0, 0, 4, 999, 2;
1, 256, 0, 0, 0, 0, 4, 999, 2;
1, 256, 1, 1, 1, 1, 6, 1000, 4;
1, 256, 0, 0, 0, 0, 5, 1000, 3;
1, 256, 1, 1, 1, 1, 5, 1000, 3;
1, 256, 0, 0, 0, 0, 4, 999, 2;
1, 256, 0, 0, 0, 0, 4, 999, 2;
1, 256, 1, 1, 1, 1, 6, 1001, 4;
1, 256, 0, -1, -1, -1, 4, 999, 2;
1, 256, 0, 0, 0, 0, 5, 1000, 3;
1, 256, 0, 0, 0, 0, 4, 999, 2;
1, 256, 0, 1, 1, 1, 5, 1000, 3;
1, 256, 0, 0, 0, 0, 4, 999, 2;
1, 256, 0, 0, 0, 0, 5, 1000, 3;
1, 256, 0, 0, 0, 0, 5, 1000, 3;
1, 256, 0, 0, 0, 0, 5, 1000, 3;
1, 256, 0, 0, 0, 0, 5, 1000, 3;
1, 256, 0, 0, 0, 0, 5, 1000, 3;
1, 256, 0, 0, 0, 0, 5, 1000, 3;
1, 256, 0, 0, 0, 0, 5, 1000, 3;
1, 256, 0, 1, 1, 1, 5, 1000, 3;
1, 256, 0, 0, 0, 0, 4, 999, 2;
1, 256, 0, 0, 0, 0, 4, 999, 2;
1, 256, 0, 0, 0, 0, 5, 1000, 3;
1, 256, 0, 0, 0, 0, 4, 999, 2;
1, 256, 0, 0, 0, 0, 5, 1000, 3;
1, 256, 0, 0, 0, 0, 4, 999, 2;
1, 256, 0, 0, 0, 0, 5, 1000, 3;
1, 256, 1, 1, 1, 1, 6, 1001, 4;
1, 256, 0, 0, 0, 0, 5, 1000, 3;
1, 256, 0, -1, -1, -1, 4, 999, 2;
1, 256, 0, 0, 0, 0, 5, 1000, 3;
1, 256, 0, 0, 0, 0, 4, 999, 2;
1, 256, 0, 1, 1, 1, 5, 1000, 3;
1, 256, 1, 1, 1, 1, 6, 1001, 4;
1, 256, 0, -1, -1, -1, 4, 999, 2;
1, 256, 0, 0, 0, 0, 5, 1000, 3;
1, 256, 0, 0, 0, 0, 4, 999, 2;
1, 256, 0, 1, 1, 1, 5, 1000, 3;
1, 256, 0, -1, -1, -1, 4, 998, 2;
1, 256, 0, 0, 0, 0, 4, 999, 2;
1, 256, 0, 0, 0, 0, 4, 999, 2;
1, 256, 0, 1, 1, 1, 5, 1000, 3;
1, 256, 0, -1, -1, -1, 4, 998, 2;
1, 256, 0, 0, 0, 0, 5, 1000, 3;
1, 256, 1, 1, 1, 1, 6, 1000, 4;
1, 256, 0, 0, 0, 0, 5, 1000, 3;
1, 256, 0, -1, -1, -1, 4, 999, 2;
1, 256, 0, -1, -1, -1, 4, 999, 2;
1, 256, 0, -1, -1, -1, 4, 999, 2;
1, 256, 1, 1, 1, 1, 5, 1000, 3;
1, 256, 0, -1, -1, -1, 3, 998, 1;
1, 256, 0, 0, 0, 0, 4, 999, 2;
1, 256, 0, -1, -1, -1, 4, 999, 2;
1, 256, 0, 0, 0, 0, 4, 999, 2;
1, 256, 0, 0, 0, 0, 5, 1000, 3;
1, 256, 0, -1, -1, -1, 4, 999, 2;
1, 256, 0, -1, -1, -1, 3, 998, 1;
1, 256, 0, 0, 0, 0, 4, 999, 2;
1, 256, 0, 0, 0, 0, 4, 999, 2;
1, 256, 1, 1, 1, 1, 6, 1000, 3;
1, 256, 0, 1, 1, 1, 5, 1000, 3;
1, 256, 1, 1, 1, 1, 5, 1000, 3;
1, 256, 0, 0, 0, 0, 5, 1000, 3;
1, 256, 1, 1, 1, 1, 5, 1000, 3;
1, 256, 0, -1, -1, -1, 3, 998, 1;
1, 256, 0, 1, 1, 1, 5, 1000, 3;
1, 256, 0, 0, 0, 0, 5, 999, 3;
1, 256, 0, 0, 0, 0, 4, 999, 2;
1, 256, 0, 0, 0, 0, 4, 999, 2;
1, 256, 0, 1, 1, 1, 5, 1000, 3;
1, 256, 0, 0, 0, 0, 4, 999, 2;
1, 256, 0, -1, -1, -1, 4, 999, 2;
1, 256, 0, -1, -1, -1, 4, 999, 2;
1, 256, 0, 1, 1, 1, 5, 1000, 3;
1, 256, 0, 0, 0, 0, 5, 1000, 3;
1, 256, 1, 1, 1, 1, 6, 1001, 4;
1, 256, 0, 0, 0, 0, 5, 1000, 3;
1, 256, 0, 0, 0, 0, 4, 999, 2;
1, 256, 0, -1, -1, -1, 4, 999, 2;
1, 256, 0, 0, 0, 0, 5, 1000, 3;
1, 256, 0, 0, 0, 0, 4, 999, 2;
1, 256, 0, 0, 0, 0, 5, 999, 3;
1, 256, 0, -1, -1, -1, 4, 999, 2;
1, 256, 0, 0, 0, 0, 4, 999, 2;
1, 256, 0, 0, 0, 0, 5, 1000, 3;
1, 256, 1, 1, 1, 1, 6, 1001, 4;
1, 256, 0, 1, 1, 1, 5, 1000, 3;
1, 256, 0, 1, 1, 1, 5, 1000, 3;
1, 256, 0, -1, -1, -1, 4, 999, 2;
1, 256, 1, 1, 1, 1, 5, 1000, 3;
0, 256, 0, -1, -1, -1, 3, 998, 1;
1, 256, 0, 0, 0, 0, 4, 999, 2;
1, 256, 0, 1, 1, 1, 5, 1000, 3;
1, 256, 0, 0, 0, 0, 5, 1000, 3;
1, 256, 1, 1, 1, 1, 6, 1001, 4;
1, 256, 0, -1, -1, -1, 4, 998, 2;
1, 256, 1, 1, 1, 1, 6, 1001, 4;
1, 256, 0, -1, -1, -1, 4, 999, 2;
1, 256, 0, 1, 1, 1, 5, 1000, 3;
1, 256, 1, 1, 1, 1, 6, 1001, 4;
1, 256, 0, -1, -1, -1, 4, 999, 2;
1, 256, 0, 0, 0, 0, 5, 1000, 3;
1, 256, 0, 0, 0, 0, 5, 1000, 3;
1, 256, 1, 1, 1, 1, 6, 1001, 4;
1, 256, 0, -1, -1, -1, 3, 998, 1;
1, 256, 1, 1, 1, 1, 6, 1000, 4;
1, 256, 1, 1, 1, 1, 6, 1001, 4;
1, 256, 1, 1, 1, 1, 5, 1000, 3;
1, 256, 0, 0, 0, 0, 4, 999, 2;
1, 256, 0, -1, -1, -1, 4, 998, 2;
1, 256, 1, 1, 1, 1, 6, 1000, 4;
1, 256, 1, 1, 1, 1, 6, 1001, 4;
1, 256, 1, 1, 1, 1, 6, 1000, 3;
1, 256, 1, 1, 1, 1, 6, 1001, 4;
1, 256, 0, -1, -1, -1, 3, 998, 1;
1, 256, 0, 0, 0, 0, 5, 1000, 3;
0, 256, 0, -1, -1, -1, 3, 998, 1;
1, 256, 1, 1, 1, 1, 6, 1001, 4;
1, 256, 0, 0, 0, 0, 5, 1000, 3;
1, 256, 0, 0, 0, 0, 5, 1000, 3;
1, 256, 0, -1, -1, -1, 4, 999, 2;
1, 256, 0, 1, 1, 1, 5, 1000, 3;
1, 256, 0, 0, 0, 0, 4, 999, 2;
1, 256, 0, -1, -1, -1, 4, 999, 2;
1, 256, 1, 1, 1, 1, 6, 1001, 4;
1, 256, 0, -1, -1, -1, 4, 999, 2;
1, 256, 0, -1, -1, -1, 4, 999, 2;
1, 256, 0, 0, 0, 0, 4, 999, 2;
1, 256, 1, 1, 1, 1, 6, 1000, 4;
1, 256, 1, 1, 1, 1, 6, 1000, 4;
1, 256, 0, -1, -1, -1, 4, 999, 2;
1, 256, 0, -1, -1, -1, 4, 999, 2;
1, 256, 1, 1, 1, 1, 6, 1001, 4;
1, 256, 0, 1, 1, 1, 5, 1000, 3;
1, 256, 0, 0, 0, 0, 4, 999, 2;
1, 256, 0, -1, -1, -1, 4, 999, 2;
1, 256, 0, 0, 0, 0, 5, 1000, 3;
1, 256, 1, 1, 1, 1, 6, 1000, 4;
1, 256, 0, 0, 0, 0, 5, 1000, 3;
1, 256, 0, 0, 0, 0, 4, 999, 2;
1, 256, 0, 0, 0, 0, 5, 1000, 3;
1, 256, 0, -1, -1, -1, 4, 999, 2;
1, 256, 0, 0, 0, 0, 4, 999, 2;
1, 256, 0, -1, -1, -1, 4, 998, 2;
1, 256, 0, 1, 1, 1, 5, 1000, 3;
1, 256, 0, -1, -1, -1, 4, 999, 2;
1, 256, 1, 1, 1, 1, 6, 1000, 3;
1, 256, 0, -1, -1, -1, 3, 998, 1;
1, 256, 1, 1, 1, 1, 6, 1001, 4;
1, 256, 0, 0, 0, 0, 5, 1000, 3;
1, 256, 1, 1, 1, 1, 6, 1001, 4;
1, 256, 0, 1, 1, 1, 5, 1000, 3;
1, 256, 0, -1, -1, -1, 4, 999, 2;
1, 256, 0, 0, 0, 0, 4, 999, 2;
1, 256, 0, 1, 1, 1, 5, 1000, 3;
1, 256, 0, -1, -1, -1, 4, 999, 2;
1, 256, 0, 0, 0, 0, 5, 1000, 3;
1, 256, 0, 0, 0, 0, 5, 999, 3;
1, 256, 0, -1, -1, -1, 4, 998, 2;
1, 256, 0, 0, 0, 0, 4, 999, 2;
1, 256, 0, 1, 1, 1, 5, 1000, 3;
1, 256, 0, 0, 0, 0, 5, 999, 3;
1, 256, 0, -1, -1, -1, 4, 999, 2;
1, 256, 0, 0, 0, 0, 5, 1000, 3;
1, 256, 0, 1, 1, 1, 5, 1000, 3;
1, 256, 0, -1, -1, -1, 4, 999, 2;
1, 256, 0, -1, -1, -1, 4, 998, 2;
1, 256, 0, 0, 0, 0, 5, 1000, 3;
1, 256, 0, 0, 0, 0, 4, 999, 2;
1, 256, 0, -1, -1, -1, 4, 999, 2;
1, 256, 0, -1, -1, -1, 3, 998, 1;
1, 256, 1, 1, 1, 1, 6, 1001, 4;
1, 256, 0, 0, 0, 0, 5, 1000, 3;
1, 256, 0, 0, 0, 0, 5, 1000, 3;
1, 256, 0, 0, 0, 0, 4, 999, 2;
1, 256, 1, 1, 1, 1, 5, 1000, 3;
1, 256, 0, 0, 0, 0, 4, 999, 2;
1, 256, 0, 0, 0, 0, 5, 999, 2;
1, 256, 0, -1, -1, -1, 4, 999, 2;
1, 256, 1, 1, 1, 1, 6, 1000, 4;
1, 256, 0, 0, 0, 0, 5, 1000, 3;
1, 256, 0, -1, -1, -1, 4, 999, 2;
1, 256, 0, 0, 0, 0, 4, 999, 2;
1, 256, 0, 0, 0, 0, 5, 1000, 3;
1, 256, 0, 0, 0, 0, 4, 999, 2;
1, 256, 0, -1, -1, -1, 4, 999, 2;
1, 256, 1, 1, 1, 1, 6, 1001, 4;
1, 256, 0, 0, 0, 0, 5, 1000, 3;
1, 256, 1, 1, 1, 1, 6, 1001, 4;
1, 256, 0, 0, 0, 0, 4, 999, 2;
1, 256, 0, 0, 0, 0, 5, 1000, 3;
1, 256, 1, 1, 1, 1, 6, 1000, 3;
1, 256, 0, 0, 0, 0, 5, 1000, 3;
1, 256, 0, 1, 1, 1, 5, 1000, 3;
1, 256, 0, -1, -1, -1, 3, 998, 1;
1, 256, 0, 0, 0, 0, 5, 1000, 3;
1, 256, 1, 1, 1, 1, 6, 1001, 4;
1, 256, 0, 0, 0, 0, 4, 999, 2;
1, 256, 0, 0, 0, 0, 5, 1000, 3;
1, 256, 0, 0, 0, 0, 5, 1000, 3;
1, 256, 0, -1, -1, -1, 4, 999, 2;
1, 256, 0, 0, 0, 0, 4, 999, 2;
1, 256, 0, 0, 0, 0, 5, 1000, 3;
1, 256, 0, -1, -1, -1, 4, 999, 2;
1, 256, 0, -1, -1, -1, 4, 999, 2;
1, 256, 0, -1, -1, -1, 4, 999, 2;
1, 256, 1, 1, 1, 1, 6, 1000, 4;
1, 256, 0, -1, -1, -1, 4, 999, 2;
1, 256, 0, 1, 1, 1, 5, 1000, 3;
1, 256, 0, -1, -1, -1, 4, 999, 2;
1, 256, 0, -1, -1, -1, 4, 999, 2;
1, 256, 0, -1, -1, -1, 4, 999, 2;
1, 256, 1, 1, 1, 1, 6, 1001, 4;
1, 256, 1, 1, 1, 1, 6, 1001, 4;
1, 256, 0, 0, 0, 0, 4, 999, 2;
1, 256, 0, 0, 0, 0, 4, 999, 2;
1, 256, 0, -1, -1, -1, 4, 999, 2;
1, 256, 0, -1, -1, -1, 3, 998, 1;
1, 256, 0, 1, 1, 1, 5, 1000, 3;
1, 256, 0, -1, -1, -1, 4, 999, 2;
1, 256, 0, 0, 0, 0, 5, 1000, 3;
1, 256, 1, 1, 1, 1, 6, 1001, 4;
1, 256, 0, 0, 0, 0, 5, 1000, 3;
1, 256, 0, 0, 0, 0, 5, 1000, 3;
0, 256, 0, -1, -1, -1, 3, 998, 1;
1, 256, 0, 0, 0, 0, 5, 1000, 3;
1, 256, 0, -1, -1, -1, 4, 999, 2;
1, 256, 0, 1, 1, 1, 5, 1000, 3;
1, 256, 0, 0, 0, 0, 4, 999, 2;
1, 256, 0, 0, 0, 0, 4, 999, 2;
1, 256, 0, 0, 0, 0, 5, 1000, 3;
1, 256, 0, 0, 0, 0, 5, 999, 3;
1, 256, 0, -1, -1, -1, 4, 999, 2;
1, 256, 0, 0, 0, 0, 5, 1000, 3;
1, 256, 0, 0, 0, 0, 5, 1000, 3;
1, 256, 0, 0, 0, 0, 4, 999, 2;
1, 256, 0, 0, 0, 0, 5, 1000, 3;
1, 256, 0, -1, -1, -1, 4, 999, 2;
1, 256, 0, -1, -1, -1, 4, 999, 2;
1, 256, 0, -1, -1, -1, 4, 998, 1;
1, 256, 0, 0, 0, 0, 4, 999, 2;
1, 256, 1, 1, 1, 1, 6, 1001, 4;
1, 256, 0, 0, 0, 0, 5, 1000, 3;
1, 256, 0, 0, 0, 0, 4, 999, 2;
1, 256, 0, -1, -1, -1, 4, 998, 2;
1, 256, 1, 1, 1, 1, 6, 1001, 4;
1, 256, 0, -1, -1, -1, 3, 998, 1;
1, 256, 0, 1, 1, 1, 5, 1000, 3;
1, 256, 0, 0, 0, 0, 5, 999, 3;
1, 256, 0, 0, 0, 0, 4, 999, 2;
1, 256, 0, 0, 0, 0, 5, 1000, 3;
1, 256, 0, -1, -1, -1, 4, 998, 1;
1, 256, 0, 0, 0, 0, 4, 999, 2;
1, 256, 0, 0, 0, 0, 5, 1000, 3;
1, 256, 0, -1, -1, -1, 3, 998, 1;
1, 256, 0, 0, 0, 0, 4, 999, 2;
1, 256, 0, 0, 0, 0, 4, 999, 2;
1, 256, 0, 1, 1, 1, 5, 1000, 3;
1, 256, 1, 1, 1, 1, 6, 1001, 4;
1, 256, 0, 0, 0, 0, 5, 1000, 3;
1, 256, 0, 1, 1, 1, 5, 1000, 3;
1, 256, 0, 0, 0, 0, 4, 999, 2;
1, 256, 0, 1, 1, 1, 5, 1000, 3;
1, 256, 0, 0, 0, 0, 5, 1000, 3;
1, 256, 0, 1, 1, 1, 5, 1000, 3;
1, 256, 0, -1, -1, -1, 4, 999, 2;
1, 256, 0, -1, -1, -1, 4, 999, 2;
1, 256, 0, 0, 0, 0, 4, 999, 2;
1, 256, 0, 0, 0, 0, 4, 999, 2;
1, 256, 0, -1, -1, -1, 4, 999, 2;
1, 256, 0, -1, -1, -1, 4, 999, 2;
1, 256, 0, 0, 0, 0, 5, 1000, 3;
1, 256, 0, 1, 1, 1, 5, 1000, 3;
1, 256, 0, -1, -1, -1, 4, 999, 2;
1, 256, 0, -1, -1, -1, 3, 998, 1;
1, 256, 0, 0, 0, 0, 5, 1000, 3;
1, 256, 1, 1, 1, 1, 6, 1000, 4;
1, 256, 0, 0, 0, 0, 4, 999, 2;
1, 256, 0, -1, -1, -1, 4, 999, 2;
1, 256, 0, 0, 0, 0, 4, 999, 2;
1, 256, 0, -1, -1, -1, 4, 999, 2;
1, 256, 0, 0, 0, 0, 4, 999, 2;
1, 256, 0, 0, 0, 0, 4, 999, 2;
1, 256, 0, 0, 0, 0, 5, 1000, 3;
1, 256, 0, -1, -1, -1, 4, 999, 2;
1, 256, 0, -1, -1, -1, 4, 999, 2;
1, 256, 0, -1, -1, -1, 4, 999, 2;
1, 256, 0, 0, 0, 0, 4, 999, 2;
1, 256, 0, -1, -1, -1, 4, 999, 2;
1, 256, 0, 0, 0, 0, 4, 999, 2;
1, 256, 0, 0, 0, 0, 5, 1000, 3;
1, 256, 0, 0, 0, 0, 5, 1000, 3;
1, 256, 0, 0, 0, 0, 5, 1000, 3;
1, 256, 0, 0, 0, 0, 4, 999, 2;
1, 256, 0, 0, 0, 0, 4, 999, 2;
1, 256, 1, 1, 1, 1, 6, 1001, 4;
1, 256, 0, 0, 0, 0, 5, 1000, 3;
1, 256, 0, -1, -1, -1, 3, 998, 1;
1, 256, 0, -1, -1, -1, 3, 998, 1;
1, 256, 0, 0, 0, 0, 4, 999, 2;
1, 256, 0, 0, 0, 0, 5, 1000, 3;
1, 256, 0, -1, -1, -1, 3, 998, 1;
1, 256, 0, 0, 0, 0, 5, 1000, 3;
1, 256, 0, -1, -1, -1, 4, 999, 2;
1, 256, 0, 0, 0, 0, 5, 999, 3;
1, 256, 0, 0, 0, 0, 5, 999, 3;
1, 256, 0, 0, 0, 0, 5, 1000, 3;
1, 256, 0, 0, 0, 0, 4, 999, 2;
1, 256, 0, -1, -1, -1, 4, 999, 2;
1, 256, 0, 0, 0, 0, 4, 999, 2;
1, 256, 0, 0, 0, 0, 5, 1000, 3;
1, 256, 0, -1, -1, -1, 4, 998, 2;
1, 256, 1, 1, 1, 1, 6, 1001, 4;
1, 256, 0, 0, 0, 0, 5, 1000, 3;
1, 256, 0, -1, -1, -1, 4, 999, 2;
1, 256, 0, 0, 0, 0, 5, 1000, 3;
1, 256, 1, 1, 1, 1, 6, 1001, 4;
1, 256, 0, -1, -1, -1, 4, 998, 1;
1, 256, 0, 0, 0, 0, 5, 1000, 3;
1, 256, 0, 0, 0, 0, 5, 1000, 3;
1, 256, 0, -1, -1, -1, 4, 999, 2;
1, 256, 0, 0, 0, 0, 5, 1000, 3;
1, 256, 0, -1, -1, -1, 4, 999, 2;
1, 256, 0, 0, 0, 0, 4, 999, 2;
1, 256, 0, -1, -1, -1, 4, 999, 2;
1, 256, 0, 0, 0, 0, 5, 1000, 3;
1, 256, 1, 1, 1, 1, 6, 1001, 4;
1, 256, 1, 1, 1, 1, 6, 1001, 4;
1, 256, 0, 0, 0, 0, 5, 1000, 3;
1, 256, 1, 1, 1, 1, 6, 1000, 4;
1, 256, 0, 0, 0, 0, 4, 999, 2;
1, 256, 0, 0, 0, 0, 5, 1000, 3;
1, 256, 0, 0, 0, 0, 5, 1000, 3;
1, 256, 1, 1, 1, 1, 5, 1000, 3;
1, 256, 0, 0, 0, 0, 4, 999, 2;
1, 256, 0, 0, 0, 0, 5, 1000, 3;
1, 256, 0, 0, 0, 0, 4, 999, 2;
1, 256, 0, 0, 0, 0, 4, 999, 2;
1, 256, 0, 0, 0, 0, 5, 1000, 3;
1, 256, 0, 1, 1, 1, 5, 1000, 3;
0, 256, 0, -1, -1, -1, 3, 998, 1;
1, 256, 1, 1, 1, 1, 6, 1000, 4;
1, 256, 0, 0, 0, 0, 4, 999, 2;
1, 256, 0, 0, 0, 0, 5, 1000, 3;
1, 256, 1, 1, 1, 1, 6, 1001, 4;
1, 256, 0, 0, 0, 0, 4, 999, 2;
1, 256, 0, -1, -1, -1, 4, 999, 2;
1, 256, 0, 1, 1, 1, 5, 1000, 3;
1, 256, 0, 0, 0, 0, 5, 1000, 3;
1, 256, 0, 0, 0, 0, 5, 999, 3;
1, 256, 0, 1, 1, 1, 5, 1000, 3;
1, 256, 0, -1, -1, -1, 3, 998, 1;
1, 256, 1, 1, 1, 1, 6, 1000, 3;
1, 256, 0, 0, 0, 0, 4, 999, 2;
1, 256, 0, -1, -1, -1, 4, 999, 2;
1, 256, 0, 1, 1, 1, 5, 1000, 3;
1, 256, 0, -1, -1, -1, 4, 999, 2;
1, 256, 0, 1, 1, 1, 5, 1000, 3;
1, 256, 0, -1, -1, -1, 4, 999, 2;
1, 256, 0, 0, 0, 0, 5, 1000, 3;
1, 256, 0, 0, 0, 0, 4, 999, 2;
1, 256, 0, 0, 0, 0, 5, 1000, 3;
1, 256, 0, 0, 0, 0, 5, 1000, 3;
1, 256, 0, 0, 0, 0, 5, 1000, 3;
1, 256, 0, 0, 0, 0, 5, 1000, 3;
1, 256, 0, 1, 1, 1, 5, 1000, 3;
1, 256, 0, 0, 0, 0, 4, 999, 2;
1, 256, 0, -1, -1, -1, 3, 998, 1;
1, 256, 0, -1, -1, -1, 4, 999, 2;
1, 256, 0, 0, 0, 0, 5, 999, 3;
1, 256, 0, 1, 1, 1, 5, 1000, 3;
1, 256, 0, 0, 0, 0, 5, 1000, 3;
1, 256, 0, 0, 0, 0, 4, 999, 2;
1, 256, 0, -1, -1, -1, 4, 998, 1;
1, 256, 0, 1, 1, 1, 5, 1000, 3;
1, 256, 0, 0, 0, 0, 4, 999, 2;
1, 256, 1, 1, 1, 1, 6, 1001, 4;
1, 256, 0, 0, 0, 0, 5, 999, 3;
1, 256, 0, 0, 0, 0, 5, 1000, 3;
1, 256, 1, 1, 1, 1, 6, 1001, 4;
1, 256, 0, 1, 1, 1, 5, 1000, 3;
1, 256, 0, 0, 0, 0, 4, 999, 2;
1, 256, 0, 0, 0, 0, 5, 999, 2;
1, 256, 0, 0, 0, 0, 4, 999, 2;
1, 256, 0, 0, 0, 0, 5, 1000, 3;
1, 256, 0, 0, 0, 0, 5, 1000, 3;
1, 256, 0, 0, 0, 0, 5, 999, 3;
1, 256, 0, 0, 0, 0, 4, 999, 2;
1, 256, 0, 0, 0, 0, 4, 999, 2;
1, 256, 0, 0, 0, 0, 4, 999, 2;
1, 256, 0, 0, 0, 0, 5, 1000, 3;
1, 256, 0, 1, 1, 1, 5, 1000, 3;
1, 256, 1, 1, 1, 1, 6, 1001, 4;
1, 256, 0, 0, 0, 0, 5, 999, 2;
1, 256, 0, 0, 0, 0, 5, 1000, 3;
1, 256, 0, 0, 0, 0, 5, 1000, 3;
1, 256, 1, 1, 1, 1, 6, 1001, 4;
1, 256, 0, -1, -1, -1, 4, 999, 2;
1, 256, 0, 0, 0, 0, 4, 999, 2;
1, 256, 0, 0, 0, 0, 5, 999, 3;
1, 256, 1, 1, 1, 1, 6, 1001, 4;
1, 256, 1, 1, 1, 1, 6, 1001, 4;
1, 256, 0, 0, 0, 0, 4, 999, 2;
1, 256, 0, 0, 0, 0, 4, 999, 2;
1, 256, 0, 0, 0, 0, 4, 999, 2;
1, 256, 0, 0, 0, 0, 5, 1000, 3;
1, 256, 0, -1, -1, -1, 4, 999, 2;
1, 256, 0, 0, 0, 0, 4, 999, 2;
1, 256, 0, 0, 0, 0, 4, 999, 2;
1, 256, 0, 0, 0, 0, 4, 999, 2;
1, 256, 0, -1, -1, -1, 4, 999, 2;
1, 256, 0, 0, 0, 0, 4, 999, 2;
1, 256, 0, -1, -1, -1, 4, 999, 2;
1, 256, 0, 0, 0, 0, 5, 1000, 3;
1, 256, 0, 0, 0, 0, 5, 999, 2;
1, 256, 0, 0, 0, 0, 4, 999, 2;
1, 256, 0, 1, 1, 1, 5, 1000, 3;
1, 256, 1, 1, 1, 1, 6, 1001, 4;
1, 256, 1, 1, 1, 1, 6, 1001, 4;
1, 256, 0, 0, 0, 0, 5, 1000, 3;
1, 256, 0, -1, -1, -1, 4, 999, 2;
1, 256, 0, 0, 0, 0, 4, 999, 2;
1, 256, 0, 0, 0, 0, 4, 999, 2;
1, 256, 0, 0, 0, 0, 4, 999, 2;
0, 256, 0, -1, -1, -1, 3, 998, 1;
1, 256, 0, 0, 0, 0, 5, 1000, 3;
1, 256, 0, 0, 0, 0, 4, 999, 2;
1, 256, 0, 0, 0, 0, 4, 999, 2;
1, 256, 0, 0, 0, 0, 5, 1000, 3;
1, 256, 0, 0, 0, 0, 4, 999, 2;
1, 256, 0, -1, -1, -1, 4, 999, 2;
1, 256, 0, 0, 0, 0, 5, 1000, 3;
1, 256, 0, 0, 0, 0, 5, 999, 2;
1, 256, 1, 1, 1, 1, 6, 1001, 4;
1, 256, 0, -1, -1, -1, 4, 999, 2;
1, 256, 0, 1, 1, 1, 5, 1000, 3;
1, 256, 0, 0, 0, 0, 5, 1000, 3;
1, 256, 0, -1, -1, -1, 4, 999, 2;
1, 256, 0, 1, 1, 1, 5, 1000, 3;
1, 256, 0, -1, -1, -1, 4, 999, 2;
1, 256, 0, -1, -1, -1, 3, 998, 1;
1, 256, 0, 0, 0, 0, 5, 999, 3;
0, 256, 0, -1, -1, -1, 3, 998, 1;
1, 256, 0, 0, 0, 0, 4, 999, 2;
1, 256, 0, 0, 0, 0, 5, 1000, 3;
1, 256, 0, 0, 0, 0, 5, 999, 2;
1, 256, 0, -1, -1, -1, 3, 998, 1;
1, 256, 0, 0, 0, 0, 5, 999, 3;
1, 256, 0, 0, 0, 0, 5, 1000, 3;
1, 256, 0, 0, 0, 0, 5, 1000, 3;
1, 256, 0, 0, 0, 0, 5, 1000, 3;
1, 256, 0, -1, -1, -1, 3, 998, 1;
1, 256, 0, 0, 0, 0, 5, 1000, 3;
1, 256, 0, -1, -1, -1, 4, 999, 2;
1, 256, 0, 0, 0, 0, 4, 999, 2;
1, 256, 0, 0, 0, 0, 5, 1000, 3;
1, 256, 0, -1, -1, -1, 4, 999, 2;
1, 256, 0, 0, 0, 0, 5, 1000, 3;
1, 256, 0, 0, 0, 0, 5, 1000, 3;
1, 256, 1, 1, 1, 1, 6, 1001, 4;
0, 256, 0, -1, -1, -1, 3, 998, 1;
1, 256, 0, -1, -1, -1, 4, 998, 2;
1, 256, 1, 1, 1, 1, 6, 1000, 4;
1, 256, 0, 0, 0, 0, 5, 1000, 3;
1, 256, 0, 1, 1, 1, 5, 1000, 3;
1, 256, 0, 0, 0, 0, 5, 1000, 3;
1, 256, 0, 0, 0, 0, 4, 999, 2;
1, 256, 0, 0, 0, 0, 4, 999, 2;
1, 256, 1, 1, 1, 1, 6, 1001, 4;
1, 256, 0, 0, 0, 0, 4, 999, 2;
1, 256, 0, -1, -1, -1, 4, 999, 2;
1, 256, 0, 0, 0, 0, 4, 999, 2;
1, 256, 0, 0, 0, 0, 5, 1000, 3;
1, 256, 0, 0, 0, 0, 5, 1000, 3;
1, 256, 0, 0, 0, 0, 5, 1000, 3;
1, 256, 0, 0, 0, 0, 4, 999, 2;
1, 256, 0, -1, -1, -1, 3, 998, 1;
1, 256, 0, 1, 1, 1, 5, 1000, 3;
1, 256, 1, 1, 1, 1, 6, 1001, 4;
1, 256, 0, -1, -1, -1, 3, 998, 1;
1, 256, 0, -1, -1, -1, 4, 999, 2;
1, 256, 0, 1, 1, 1, 5, 1000, 3;
1, 256, 0, -1, -1, -1, 4, 998, 1;
1, 256, 0, 0, 0, 0, 4, 999, 2;
1, 256, 0, 0, 0, 0, 4, 999, 2;
1, 256, 0, 0, 0, 0, 4, 999, 2;
1, 256, 0, 0, 0, 0, 4, 999, 2;
1, 256, 0, 0, 0, 0, 4, 999, 2;
1, 256, 0, 0, 0, 0, 5, 1000, 3;
1, 256, 0, 0, 0, 0, 5, 1000, 3;
1, 256, 0, 0, 0, 0, 5, 1000, 3;
1, 256, 0, 0, 0, 0, 5, 1000, 3;
1, 256, 0, -1, -1, -1, 4, 999, 2;
1, 256, 0, 0, 0, 0, 5, 1000, 3;
1, 256, 0, 1, 1, 1, 5, 1000, 3;
1, 256, 0, -1, -1, -1, 4, 998, 2;
1, 256, 0, 0, 0, 0, 5, 1000, 3;
1, 256, 0, 0, 0, 0, 5, 1000, 3;
1, 256, 0, 0, 0, 0, 5, 1000, 3;
1, 256, 0, -1, -1, -1, 4, 999, 2;
1, 256, 0, 1, 1, 1, 5, 1000, 3;
1, 256, 1, 1, 1, 1, 5, 1000, 3;
1, 256, 0, 0, 0, 0, 5, 1000, 3;
1, 256, 0, 0, 0, 0, 5, 999, 2;
1, 256, 1, 1, 1, 1, 6, 1001, 4;
1, 256, 1, 1, 1, 1, 6, 1001, 4;
1, 256, 0, -1, -1, -1, 4, 999, 2;
1, 256, 0, 1, 1, 1, 5, 1000, 3;
1, 256, 0, 0, 0, 0, 5, 1000, 3;
1, 256, 0, 0, 0, 0, 5, 999, 3;
1, 256, 0, -1, -1, -1, 4, 999, 2;
1, 256, 0, -1, -1, -1, 4, 999, 2;
1, 256, 0, 0, 0, 0, 5, 999, 3;
1, 256, 0, 0, 0, 0, 5, 1000, 3;
1, 256, 0, -1, -1, -1, 4, 999, 2;
1, 256, 0, 1, 1, 1, 5, 1000, 3;
1, 256, 0, 0, 0, 0, 5, 1000, 3;
1, 256, 0, 0, 0, 0, 4, 999, 2;
1, 256, 0, 0, 0, 0, 5, 1000, 3;
1, 256, 0, 1, 1, 1, 5, 1000, 3;
1, 256, 0, -1, -1, -1, 4, 999, 2;
1, 256, 1, 1, 1, 1, 6, 1001, 4;
1, 256, 0, -1, -1, -1, 3, 998, 1;
1, 256, 0, 0, 0, 0, 4, 999, 2;
1, 256, 1, 1, 1, 1, 6, 1001, 4;
1, 256, 0, -1, -1, -1, 4, 999, 2;
1, 256, 0, 0, 0, 0, 5, 1000, 3;
1, 256, 0, 1, 1, 1, 5, 1000, 3;
1, 256, 0, -1, -1, -1, 4, 999, 2;
1, 256, 0, -1, -1, -1, 4, 999, 2;
1, 256, 0, 0, 0, 0, 4, 999, 2;
1, 256, 1, 1, 1, 1, 6, 1000, 4;
1, 256, 0, 1, 1, 1, 5, 1000, 3;
1, 256, 0, -1, -1, -1, 4, 999, 2;
1, 256, 0, 0, 0, 0, 5, 1000, 3;
1, 256, 0, 0, 0, 0, 5, 999, 3;
1, 256, 0, -1, -1, -1, 3, 998, 1;
1, 256, 0, 0, 0, 0, 5, 1000, 3;
1, 256, 0, -1, -1, -1, 3, 998, 1;
1, 256, 0, -1, -1, -1, 3, 998, 1;
1, 256, 0, 0, 0, 0, 5, 999, 3;
1, 256, 1, 1, 1, 1, 6, 1001, 4;
1, 256, 0, -1, -1, -1, 4, 999, 2;
1, 256, 0, 1, 1, 1, 5, 1000, 3;
1, 256, 0, 0, 0, 0, 4, 999, 2;
1, 256, 0, 0, 0, 0, 5, 1000, 3;
1, 256, 1, 1, 1, 1, 6, 1001, 4;
1, 256, 0, 1, 1, 1, 5, 1000, 3;
1, 256, 0, 0, 0, 0, 5, 1000, 3;
1, 256, 0, -1, -1, -1, 4, 999, 2;
1, 256, 0, 0, 0, 0, 4, 999, 2;
1, 256, 0, -1, -1, -1, 4, 999, 2;
1, 256, 1, 1, 1, 1, 5, 1000, 3;
1, 256, 0, -1, -1, -1, 4, 999, 2;
1, 256, 0, -1, -1, -1, 4, 999, 2;
1, 256, 0, 0, 0, 0, 5, 999, 3;
1, 256, 0, -1, -1, -1, 4, 998, 2;
1, 256, 1, 1, 1, 1, 6, 1001, 4;
1, 256, 0, 1, 1, 1, 5, 1000, 3;
1, 256, 0, -1, -1, -1, 4, 999, 2;
1, 256, 0, 0, 0, 0, 4, 999, 2;
1, 256, 0, 0, 0, 0, 5, 1000, 3;
1, 256, 0, 0, 0, 0, 5, 999, 3;
1, 256, 0, 1, 1, 1, 5, 1000, 3;
1, 256, 1, 1, 1, 1, 6, 1000, 4;
1, 256, 0, 0, 0, 0, 4, 999, 2;
1, 256, 0, 1, 1, 1, 5, 1000, 3;
1, 256, 0, -1, -1, -1, 4, 999, 2;
1, 256, 0, 0, 0, 0, 4, 999, 2;
1, 256, 0, 0, 0, 0, 5, 1000, 3;
1, 256, 0, 0, 0, 0, 5, 1000, 3;
1, 256, 0, -1, -1, -1, 4, 999, 2;
1, 256, 0, -1, -1, -1, 4, 998, 2;
1, 256, 0, -1, -1, -1, 4, 999, 2;
1, 256, 0, -1, -1, -1, 4, 999, 2;
1, 256, 1, 1, 1, 1, 6, 1000, 3;
1, 256, 0, -1, -1, -1, 4, 999, 2;
1, 256, 1, 1, 1, 1, 6, 1001, 4;
1, 256, 1, 1, 1, 1, 6, 1001, 4;
1, 256, 0, 1, 1, 1, 5, 1000, 3;
1, 256, 0, -1, -1, -1, 4, 998, 2;
1, 256, 0, -1, -1, -1, 4, 999, 2;
1, 256, 0, 0, 0, 0, 5, 1000, 3;
1, 256, 0, 0, 0, 0, 4, 999, 2;
1, 256, 0, 0, 0, 0, 5, 1000, 3;
1, 256, 0, 0, 0, 0, 5, 1000, 3;
1, 256, 0, 0, 0, 0, 5, 1000, 3;
1, 256, 0, 0, 0, 0, 5, 1000, 3;
1, 256, 1, 1, 1, 1, 5, 1000, 3;
1, 256, 1, 1, 1, 1, 6, 1001, 4;
1, 256, 0, 0, 0, 0, 5, 1000, 3;
1, 256, 1, 1, 1, 1, 5, 1000, 3;
1, 256, 1, 1, 1, 1, 6, 1000, 3;
1, 256, 0, 0, 0, 0, 5, 1000, 3;
1, 256, 0, -1, -1, -1, 3, 998, 1;
1, 256, 1, 1, 1, 1, 6, 1001, 4;
1, 256, 1, 1, 1, 1, 6, 1001, 4;
1, 256, 0, 0, 0, 0, 5, 1000, 3;
1, 256, 0, 0, 0, 0, 4, 999, 2;
1, 256, 0, -1, -1, -1, 4, 999, 2;
1, 256, 0, 0, 0, 0, 5, 1000, 3;
1, 256, 0, 0, 0, 0, 4, 999, 2;
1, 256, 0, 1, 1, 1, 5, 1000, 3;
1, 256, 0, 0, 0, 0, 5, 1000, 3;
1, 256, 0, 0, 0, 0, 5, 1000, 3;
1, 256, 1, 1, 1, 1, 6, 1000, 4;
1, 256, 0, 0, 0, 0, 5, 999, 3;
1, 256, 0, 0, 0, 0, 5, 1000, 3;
1, 256, 0, 0, 0, 0, 4, 999, 2;
1, 256, 0, -1, -1, -1, 4, 999, 2;
1, 256, 0, 0, 0, 0, 4, 999, 2;
1, 256, 1, 1, 1, 1, 6, 1001, 4;
1, 256, 0, 0, 0, 0, 4, 999, 2;
1, 256, 0, -1, -1, -1, 3, 998, 1;
1, 256, 0, -1, -1, -1, 4, 999, 2;
1, 256, 0, 1, 1, 1, 5, 1000, 3;
1, 256, 0, 0, 0, 0, 5, 1000, 3;
1, 256, 0, -1, -1, -1, 3, 998, 1;
1, 256, 0, 0, 0, 0, 5, 1000, 3;
1, 256, 0, 0, 0, 0, 5, 1000, 3;
1, 256, 0, -1, -1, -1, 4, 999, 2;
1, 256, 0, 0, 0, 0, 4, 999, 2;
1, 256, 0, 0, 0, 0, 4, 999, 2;
1, 256, 0, 0, 0, 0, 5, 1000, 3;
1, 256, 0, -1, -1, -1, 4, 999, 2;
1, 256, 0, 0, 0, 0, 5, 1000, 3;
1, 256, 0, 0, 0, 0, 4, 999, 2;
1, 256, 0, 0, 0, 0, 4, 999, 2;
1, 256, 0, -1, -1, -1, 4, 999, 2;
1, 256, 0, 0, 0, 0, 5, 1000, 3;
1, 256, 0, 0, 0, 0, 5, 1000, 3;
1, 256, 1, 1, 1, 1, 6, 1000, 4;
1, 256, 0, 0, 0, 0, 5, 1000, 3;
1, 256, 0, 0, 0, 0, 4, 999, 2;
1, 256, 0, -1, -1, -1, 4, 999, 2;
1, 256, 0, 1, 1, 1, 5, 1000, 3;
1, 256, 0, 0, 0, 0, 4, 999, 2;
1, 256, 0, 0, 0, 0, 5, 1000, 3;
1, 256, 0, 0, 0, 0, 4, 999, 2;
1, 256, 0, 0, 0, 0, 5, 999, 3;
1, 256, 0, -1, -1, -1, 3, 998, 1;
1, 256, 0, 1, 1, 1, 5, 1000, 3;
1, 256, 0, 0, 0, 0, 5, 1000, 3;
1, 256, 0, 0, 0, 0, 5, 1000, 3;
1, 256, 0, -1, -1, -1, 4, 999, 2;
0, 256, 0, -1, -1, -1, 3, 998, 1;
1, 256, 1, 1, 1, 1, 6, 1000, 4;
1, 256, 0, 1, 1, 1, 5, 1000, 3;
1, 256, 0, 0, 0, 0, 5, 999, 2;
1, 256, 0, 0, 0, 0, 5, 1000, 3;
1, 256, 0, -1, -1, -1, 4, 999, 2;
1, 256, 0, -1, -1, -1, 4, 999, 2;
1, 256, 0, 0, 0, 0, 5, 1000, 3;
1, 256, 0, -1, -1, -1, 3, 998, 1;
1, 256, 1, 1, 1, 1, 6, 1000, 4;
1, 256, 0, -1, -1, -1, 4, 999, 2;
1, 256, 0, 0, 0, 0, 5, 1000, 3;
1, 256, 0, -1, -1, -1, 4, 999, 2;
1, 256, 0, 0, 0, 0, 4, 999, 2;
1, 256, 0, -1, -1, -1, 4, 999, 2;
1, 256, 0, -1, -1, -1, 3, 998, 1;
1, 256, 1, 1, 1, 1, 6, 1001, 4;
1, 256, 0, -1, -1, -1, 4, 998, 2;
1, 256, 0, 0, 0, 0, 5, 1000, 3;
1, 256, 0, 0, 0, 0, 5, 1000, 3;
1, 256, 0, 0, 0, 0, 5, 1000, 3;
1, 256, 0, 0, 0, 0, 4, 999, 2;
1, 256, 0, -1, -1, -1, 4, 999, 2;
1, 256, 0, -1, -1, -1, 4, 999, 2;
1, 256, 0, -1, -1, -1, 4, 999, 2;
1, 256, 0, -1, -1, -1, 4, 999, 2;
1, 256, 1, 1, 1, 1, 6, 1001, 4;
1, 256, 0, 0, 0, 0, 4, 999, 2;
1, 256, 0, 0, 0, 0, 5, 1000, 3;
1, 256, 0, -1, -1, -1, 4, 999, 2;
1, 256, 0, -1, -1, -1, 4, 999, 2;
1, 256, 0, -1, -1, -1, 3, 998, 1;
1, 256, 0, 0, 0, 0, 5, 1000, 3;
1, 256, 0, 0, 0, 0, 4, 999, 2;
1, 256, 0, 0, 0, 0, 4, 999, 2;
1, 256, 0, 0, 0, 0, 5, 1000, 3;
1, 256, 1, 1, 1, 1, 5, 1000, 3;
1, 256, 1, 1, 1, 1, 6, 1000, 3;
1, 256, 0, 0, 0, 0, 5, 1000, 3;
1, 256, 0, -1, -1, -1, 4, 999, 2;
1, 256, 0, 0, 0, 0, 5, 1000, 3;
1, 256, 0, 0, 0, 0, 5, 999, 3;
1, 256, 0, -1, -1, -1, 3, 998, 1;
1, 256, 0, 1, 1, 1, 5, 1000, 3;
1, 256, 0, 0, 0, 0, 4, 999, 2;
1, 256, 0, 0, 0, 0, 5, 1000, 3;
1, 256, 0, -1, -1, -1, 4, 999, 2;
1, 256, 0, 0, 0, 0, 4, 999, 2;
0, 256, 0, -1, -1, -1, 3, 998, 1;
1, 256, 0, 0, 0, 0, 5, 1000, 3;
1, 256, 0, -1, -1, -1, 3, 998, 1;
1, 256, 0, 0, 0, 0, 4, 999, 2;
1, 256, 0, 0, 0, 0, 4, 999, 2;
1, 256, 0, -1, -1, -1, 3, 998, 1;
1, 256, 0, 0, 0, 0, 5, 999, 3;
1, 256, 0, 0, 0, 0, 4, 999, 2;
1, 256, 0, -1, -1, -1, 4, 999, 2;
1, 256, 0, 0, 0, 0, 4, 999, 2;
1, 256, 0, -1, -1, -1, 4, 999, 2;
1, 256, 0, 0, 0, 0, 5, 1000, 3;
1, 256, 0, 0, 0, 0, 5, 1000, 3;
1, 256, 0, 0, 0, 0, 4, 999, 2;
1, 256, 0, 1, 1, 1, 5, 1000, 3;
1, 256, 0, 0, 0, 0, 4, 999, 2;
1, 256, 0, 0, 0, 0, 5, 1000, 3;
1, 256, 0, 0, 0, 0, 4, 999, 2;
1, 256, 0, -1, -1, -1, 4, 998, 2;
1, 256, 0, 1, 1, 1, 5, 1000, 3;
1, 256, 0, 0, 0, 0, 4, 999, 2;
1, 256, 0, 0, 0, 0, 5, 1000, 3;
1, 256, 1, 1, 1, 1, 6, 1001, 4;
1, 256, 1, 1, 1, 1, 5, 1000, 3;
1, 256, 1, 1, 1, 1, 5, 1000, 3;
1, 256, 0, -1, -1, -1, 3, 998, 1;
1, 256, 0, -1, -1, -1, 4, 999, 2;
1, 256, 0, 0, 0, 0, 5, 1000, 3;
1, 256, 1, 1, 1, 1, 6, 1001, 4;
1, 256, 0, -1, -1, -1, 4, 999, 2;
1, 256, 0, 1, 1, 1, 5, 1000, 3;
1, 256, 1, 1, 1, 1, 6, 1001, 4;
1, 256, 0, 0, 0, 0, 5, 1000, 3;
1, 256, 1, 1, 1, 1, 6, 1001, 4;
1, 256, 1, 1, 1, 1, 6, 1000, 4;
1, 256, 0, 0, 0, 0, 4, 999, 2;
1, 256, 0, 1, 1, 1, 5, 1000, 3;
1, 256, 0, 0, 0, 0, 4, 999, 2;
1, 256, 0, -1, -1, -1, 3, 998, 1;
1, 256, 0, 0, 0, 0, 5, 1000, 3;
1, 256, 0, -1, -1, -1, 4, 999, 2;
1, 256, 0, 1, 1, 1, 5, 1000, 3;
1, 256, 0, 0, 0, 0, 4, 999, 2;
1, 256, 0, 0, 0, 0, 4, 999, 2;
1, 256, 0, 0, 0, 0, 5, 1000, 3;
1, 256, 0, 0, 0, 0, 4, 999, 2;
1, 256, 0, 0, 0, 0, 5, 1000, 3;
1, 256, 0, 0, 0, 0, 5, 1000, 3;
1, 256, 0, 0, 0, 0, 5, 1000, 3;
1, 256, 0, 0, 0, 0, 4, 999, 2;
1, 256, 0, 0, 0, 0, 5, 1000, 3;
1, 256, 0, -1, -1, -1, 4, 998, 2;
1, 256, 0, -1, -1, -1, 4, 999, 2;
1, 256, 1, 1, 1, 1, 5, 1000, 3;
1, 256, 0, 0, 0, 0, 4, 999, 2;
1, 256, 0, -1, -1, -1, 3, 998, 1;
1, 256, 0, -1, -1, -1, 4, 999, 2;
1, 256, 0, 0, 0, 0, 5, 1000, 3;
1, 256, 0, 0, 0, 0, 4, 999, 2;
1, 256, 0, 0, 0, 0, 5, 1000, 3;
1, 256, 0, 0, 0, 0, 5, 1000, 3;
1, 256, 0, -1, -1, -1, 4, 999, 2;
1, 256, 0, 0, 0, 0, 5, 1000, 3;
1, 256, 0, 0, 0, 0, 5, 1000, 3;
1, 256, 0, 0, 0, 0, 5, 1000, 3;
1, 256, 0, 0, 0, 0, 4, 999, 2;
1, 256, 0, 0, 0, 0, 5, 1000, 3;
1, 256, 0, 0, 0, 0, 4, 999, 2;
1, 256, 0, 0, 0, 0, 5, 1000, 3;
1, 256, 0, -1, -1, -1, 3, 998, 1;
1, 256, 0, 0, 0, 0, 5, 1000, 3;
1, 256, 0, 0, 0, 0, 4, 999, 2;
1, 256, 1, 1, 1, 1, 6, 1001, 4;
1, 256, 0, -1, -1, -1, 4, 999, 2;
1, 256, 1, 1, 1, 1, 6, 1001, 4;
1, 256, 0, 0, 0, 0, 4, 999, 2;
1, 256, 0, -1, -1, -1, 4, 999, 2;
1, 256, 1, 1, 1, 1, 6, 1001, 4;
1, 256, 1, 1, 1, 1, 6, 1000, 4;
1, 256, 0, 0, 0, 0, 5, 1000, 3;
1, 256, 0, -1, -1, -1, 4, 999, 2;
1, 256, 0, 0, 0, 0, 5, 1000, 3;
1, 256, 0, 0, 0, 0, 5, 1000, 3;
1, 256, 1, 1, 1, 1, 6, 1000, 4;
1, 256, 0, -1, -1, -1, 3, 998, 1;
1, 256, 0, 1, 1, 1, 5, 1000, 3;
1, 256, 0, 0, 0, 0, 4, 999, 2;
1, 256, 0, 0, 0, 0, 4, 999, 2;
1, 256, 0, -1, -1, -1, 4, 999, 2;
0, 256, 0, -1, -1, -1, 3, 998, 1;
1, 256, 0, -1, -1, -1, 4, 999, 2;
1, 256, 0, 1, 1, 1, 5, 1000, 3;
1, 256, 0, 1, 1, 1, 5, 1000, 3;
1, 256, 0, -1, -1, -1, 4, 999, 2;
1, 256, 0, 0, 0, 0, 4, 999, 2;
1, 256, 0, 0, 0, 0, 5, 1000, 3;
1, 256, 0, 0, 0, 0, 4, 999, 2;
1, 256, 0, 0, 0, 0, 5, 999, 3;
1, 256, 0, -1, -1, -1, 4, 999, 2;
1, 256, 0, 0, 0, 0, 4, 999, 2;
1, 256, 0, 0, 0, 0, 5, 1000, 3;
1, 256, 0, -1, -1, -1, 4, 999, 2;
1, 256, 0, 0, 0, 0, 4, 999, 2;
1, 256, 0, 0, 0, 0, 4, 999, 2;
1, 256, 0, -1, -1, -1, 4, 999, 2;
1, 256, 0, -1, -1, -1, 3, 998, 1;
1, 256, 0, 1, 1, 1, 5, 1000, 3;
1, 256, 1, 1, 1, 1, 6, 1001, 4;
1, 256, 1, 1, 1, 1, 6, 1001, 4;
1, 256, 1, 1, 1, 1, 6, 1000, 4;
1, 256, 1, 1, 1, 1, 5, 1000, 3;
1, 256, 0, -1, -1, -1, 4, 999, 2;
1, 256, 0, -1, -1, -1, 4, 999, 2;
1, 256, 0, 0, 0, 0, 5, 1000, 3;
1, 256, 0, 0, 0, 0, 4, 999, 2;
1, 256, 0, 0, 0, 0, 5, 1000, 3;
1, 256, 0, -1, -1, -1, 4, 999, 2;
1, 256, 0, -1, -1, -1, 4, 999, 2;
1, 256, 0, 0, 0, 0, 5, 999, 3;
1, 256, 0, 1, 1, 1, 5, 1000, 3;
1, 256, 0, 0, 0, 0, 4, 999, 2;
1, 256, 0, 0, 0, 0, 4, 999, 2;
1, 256, 0, 0, 0, 0, 5, 999, 3;
1, 256, 1, 1, 1, 1, 6, 1001, 4;
1, 256, 0, 0, 0, 0, 4, 999, 2;
1, 256, 0, 1, 1, 1, 5, 1000, 3;
1, 256, 0, 0, 0, 0, 4, 999, 2;
1, 256, 1, 1, 1, 1, 5, 1000, 3;
1, 256, 0, 0, 0, 0, 5, 999, 2;
1, 256, 0, 0, 0, 0, 5, 1000, 3;
1, 256, 0, 0, 0, 0, 4, 999, 2;
1, 256, 0, 0, 0, 0, 4, 999, 2;
1, 256, 0, 0, 0, 0, 4, 999, 2;
1, 256, 0, 0, 0, 0, 4, 999, 2;
1, 256, 1, 1, 1, 1, 6, 1001, 4;
1, 256, 1, 1, 1, 1, 6, 1000, 3;
0, 256, 0, -1, -1, -1, 3, 998, 1;
1, 256, 0, 0, 0, 0, 4, 999, 2;
1, 256, 0, -1, -1, -1, 4, 998, 2;
1, 256, 1, 1, 1, 1, 5, 1000, 3;
1, 256, 1, 1, 1, 1, 6, 1001, 4;
1, 256, 0, 0, 0, 0, 4, 999, 2;
1, 256, 1, 1, 1, 1, 6, 1000, 3;
1, 256, 1, 1, 1, 1, 6, 1000, 4;
1, 256, 0, 0, 0, 0, 5, 1000, 3;
1, 256, 0, -1, -1, -1, 4, 998, 2;
1, 256, 0, -1, -1, -1, 4, 998, 1;
1, 256, 0, -1, -1, -1, 4, 998, 2;
1, 256, 0, 0, 0, 0, 4, 999, 2;
1, 256, 0, 0, 0, 0, 5, 1000, 3;
1, 256, 0, 0, 0, 0, 4, 999, 2;
1, 256, 0, -1, -1, -1, 3, 998, 1;
1, 256, 0, -1, -1, -1, 4, 999, 2;
1, 256, 1, 1, 1, 1, 5, 1000, 3;
1, 256, 0, 0, 0, 0, 5, 1000, 3;
1, 256, 0, 0, 0, 0, 4, 999, 2;
1, 256, 0, 0, 0, 0, 4, 999, 2;
1, 256, 0, 0, 0, 0, 5, 1000, 3;
1, 256, 0, 0, 0, 0, 5, 1000, 3;
1, 256, 1, 1, 1, 1, 6, 1001, 4;
1, 256, 1, 1, 1, 1, 6, 1001, 4;
1, 256, 0, 0, 0, 0, 5, 999, 2;
1, 256, 0, 0, 0, 0, 5, 1000, 3;
1, 256, 0, 0, 0, 0, 5, 1000, 3;
1, 256, 1, 1, 1, 1, 6, 1001, 4;
1, 256, 0, 0, 0, 0, 5, 1000, 3;
1, 256, 0, -1, -1, -1, 4, 999, 2;
1, 256, 0, 0, 0, 0, 5, 1000, 3;
1, 256, 0, -1, -1, -1, 3, 998, 1;
1, 256, 0, 0, 0, 0, 5, 1000, 3;
1, 256, 0, -1, -1, -1, 4, 999, 2;
1, 256, 0, -1, -1, -1, 4, 999, 2;
1, 256, 0, -1, -1, -1, 4, 999, 2;
1, 256, 0, -1, -1, -1, 4, 999, 2;
1, 256, 0, -1, -1, -1, 4, 999, 2;
1, 256, 0, 1, 1, 1, 5, 1000, 3;
1, 256, 0, -1, -1, -1, 3, 998, 1;
1, 256, 0, -1, -1, -1, 4, 999, 2;
1, 256, 0, 0, 0, 0, 4, 999, 2;
1, 256, 0, 0, 0, 0, 5, 999, 2;
1, 256, 0, 0, 0, 0, 4, 999, 2;
1, 256, 1, 1, 1, 1, 6, 1000, 4;
0, 256, 0, -1, -1, -1, 3, 998, 1;
1, 256, 0, 0, 0, 0, 4, 999, 2;
1, 256, 0, -1, -1, -1, 3, 998, 1;
1, 256, 0, 1, 1, 1, 5, 1000, 3;
1, 256, 0, 1, 1, 1, 5, 1000, 3;
1, 256, 0, 0, 0, 0, 5, 1000, 3;
1, 256, 0, 0, 0, 0, 4, 999, 2;
1, 256, 0, 0, 0, 0, 5, 1000, 3;
1, 256, 0, 0, 0, 0, 5, 999, 3;
1, 256, 0, 0, 0, 0, 4, 999, 2;
1, 256, 0, 0, 0, 0, 5, 1000, 3;
1, 256, 0, 1, 1, 1, 5, 1000, 3;
1, 256, 1, 1, 1, 1, 5, 1000, 3;
1, 256, 0, 1, 1, 1, 5, 1000, 3;
1, 256, 0, -1, -1, -1, 4, 998, 2;
1, 256, 0, 0, 0, 0, 5, 1000, 3;
1, 256, 0, -1, -1, -1, 4, 999, 2;
1, 256, 0, 1, 1, 1, 5, 1000, 3;
1, 256, 0, 0, 0, 0, 5, 1000, 3;
1, 256, 1, 1, 1, 1, 6, 1000, 4;
1, 256, 0, 0, 0, 0, 4, 999, 2;
1, 256, 0, 0, 0, 0, 5, 1000, 3;
1, 256, 0, -1, -1, -1, 4, 999, 2;
1, 256, 0, 0, 0, 0, 5, 1000, 3;
1, 256, 0, 0, 0, 0, 5, 999, 2;
1, 256, 0, 0, 0, 0, 5, 1000, 3;
1, 256, 0, 0, 0, 0, 5, 1000, 3;
1, 256, 0, -1, -1, -1, 3, 998, 1;
1, 256, 1, 1, 1, 1, 6, 1000, 3;
1, 256, 0, 0, 0, 0, 5, 1000, 3;
1, 256, 0, 1, 1, 1, 5, 1000, 3;
1, 256, 0, -1, -1, -1, 4, 999, 2;
1, 256, 0, -1, -1, -1, 4, 999, 2;
1, 256, 0, -1, -1, -1, 4, 999, 2;
1, 256, 0, 1, 1, 1, 5, 1000, 3;
1, 256, 0, 0, 0, 0, 4, 999, 2;
1, 256, 0, 1, 1, 1, 5, 1000, 3;
1, 256, 0, -1, -1, -1, 3, 998, 1;
1, 256, 0, 0, 0, 0, 5, 1000, 3;
1, 256, 0, 0, 0, 0, 4, 999, 2;
1, 256, 1, 1, 1, 1, 5, 1000, 3;
1, 256, 0, -1, -1, -1, 4, 999, 2;
1, 256, 1, 1, 1, 1, 6, 1001, 4;
1, 256, 0, 0, 0, 0, 5, 1000, 3;
1, 256, 0, 0, 0, 0, 4, 999, 2;
1, 256, 1, 1, 1, 1, 6, 1000, 4;
1, 256, 0, 1, 1, 1, 5, 1000, 3;
1, 256, 1, 1, 1, 1, 5, 1000, 3;
1, 256, 1, 1, 1, 1, 6, 1001, 4;
1, 256, 0, 0, 0, 0, 5, 1000, 3;
1, 256, 0, -1, -1, -1, 4, 999, 2;
1, 256, 0, -1, -1, -1, 3, 998, 1;
1, 256, 1, 1, 1, 1, 6, 1001, 4;
1, 256, 1, 1, 1, 1, 6, 1000, 4;
1, 256, 0, -1, -1, -1, 4, 998, 2;
1, 256, 0, -1, -1, -1, 4, 999, 2;
1, 256, 0, 0, 0, 0, 5, 1000, 3;
1, 256, 1, 1, 1, 1, 6, 1001, 4;
1, 256, 0, 0, 0, 0, 5, 1000, 3;
1, 256, 1, 1, 1, 1, 5, 1000, 3;
1, 256, 0, 0, 0, 0, 4, 999, 2;
1, 256, 0, 0, 0, 0, 5, 1000, 3;
1, 256, 0, 0, 0, 0, 5, 999, 3;
1, 256, 0, -1, -1, -1, 4, 999, 2;
1, 256, 0, 0, 0, 0, 5, 1000, 3;
1, 256, 0, 0, 0, 0, 4, 999, 2;
1, 256, 0, 0, 0, 0, 4, 999, 2;
1, 256, 0, 1, 1, 1, 5, 1000, 3;
1, 256, 0, 0, 0, 0, 4, 999, 2;
1, 256, 0, 0, 0, 0, 5, 1000, 3;
1, 256, 0, 0, 0, 0, 5, 1000, 3;
1, 256, 0, 0, 0, 0, 4, 999, 2;
1, 256, 0, -1, -1, -1, 4, 999, 2;
1, 256, 0, 0, 0, 0, 5, 999, 3;
1, 256, 1, 1, 1, 1, 6, 1000, 4;
1, 256, 1, 1, 1, 1, 6, 1001, 4;
1, 256, 0, 1, 1, 1, 5, 1000, 3;
1, 256, 0, -1, -1, -1, 4, 999, 2;
1, 256, 0, -1, -1, -1, 4, 999, 2;
1, 256, 0, 0, 0, 0, 4, 999, 2;
1, 256, 0, 0, 0, 0, 5, 1000, 3;
1, 256, 0, 1, 1, 1, 5, 1000, 3;
1, 256, 0, -1, -1, -1, 4, 998, 2;
1, 256, 0, -1, -1, -1, 4, 999, 2;
1, 256, 0, -1, -1, -1, 4, 999, 2;
1, 256, 1, 1, 1, 1, 6, 1001, 4;
1, 256, 0, 0, 0, 0, 5, 1000, 3;
1, 256, 0, 0, 0, 0, 5, 1000, 3;
1, 256, 0, 0, 0, 0, 4, 999, 2;
1, 256, 0, 0, 0, 0, 4, 999, 2;
1, 256, 0, -1, -1, -1, 4, 998, 2;
1, 256, 0, -1, -1, -1, 4, 999, 2;
1, 256, 1, 1, 1, 1, 6, 1001, 4;
1, 256, 0, 0, 0, 0, 4, 999, 2;
1, 256, 0, 0, 0, 0, 5, 1000, 3;
1, 256, 0, 0, 0, 0, 4, 999, 2;
1, 256, 0, 0, 0, 0, 4, 999, 2;
1, 256, 0, 0, 0, 0, 5, 1000, 3;
1, 256, 1, 1, 1, 1, 6, 1001, 4;
1, 256, 1, 1, 1, 1, 6, 1000, 4;
1, 256, 0, 0, 0, 0, 4, 999, 2;
1, 256, 0, 0, 0, 0, 5, 1000, 3;
1, 256, 0, 0, 0, 0, 5, 1000, 3;
1, 256, 1, 1, 1, 1, 5, 1000, 3;
1, 256, 1, 1, 1, 1, 6, 1001, 4;
1, 256, 0, 0, 0, 0, 5, 1000, 3;
1, 256, 1, 1, 1, 1, 6, 1001, 4;
1, 256, 0, -1, -1, -1, 3, 998, 1;
1, 256, 0, -1, -1, -1, 4, 999, 2;
1, 256, 0, -1, -1, -1, 3, 998, 1;
1, 256, 1, 1, 1, 1, 5, 1000, 3;
1, 256, 0, -1, -1, -1, 4, 999, 2;
1, 256, 0, -1, -1, -1, 4, 998, 2;
1, 256, 0, 0, 0, 0, 5, 1000, 3;
1, 256, 1, 1, 1, 1, 6, 1000, 3;
1, 256, 0, 0, 0, 0, 5, 1000, 3;
1, 256, 1, 1, 1, 1, 6, 1001, 4;
1, 256, 1, 1, 1, 1, 6, 1001, 4;
1, 256, 0, 0, 0, 0, 5, 1000, 3;
0, 256, 0, -1, -1, -1, 3, 998, 1;
1, 256, 0, -1, -1, -1, 3, 998, 1;
1, 256, 1, 1, 1, 1, 6, 1001, 4;
1, 256, 0, -1, -1, -1, 4, 998, 2;
1, 256, 0, 0, 0, 0, 5, 1000, 3;
1, 256, 0, -1, -1, -1, 4, 999, 2;
1, 256, 0, 0, 0, 0, 5, 999, 3;
1, 256, 0, -1, -1, -1, 4, 999, 2;
1, 256, 1, 1, 1, 1, 6, 1000, 4;
1, 256, 0, 0, 0, 0, 4, 999, 2;
1, 256, 0, 0, 0, 0, 5, 1000, 3;
1, 256, 1, 1, 1, 1, 6, 1001, 4;
1, 256, 0, 0, 0, 0, 5, 1000, 3;
1, 256, 1, 1, 1, 1, 6, 1001, 4;
1, 256, 1, 1, 1, 1, 6, 1000, 3;
1, 256, 0, 0, 0, 0, 5, 999, 2;
1, 256, 0, -1, -1, -1, 4, 998, 2;
1, 256, 0, 0, 0, 0, 4, 999, 2;
1, 256, 0, 0, 0, 0, 5, 1000, 3;
1, 256, 1, 1, 1, 1, 5, 1000, 3;
1, 256, 0, -1, -1, -1, 4, 999, 2;
1, 256, 0, 0, 0, 0, 5, 1000, 3;
1, 256, 1, 1, 1, 1, 6, 1001, 4;
1, 256, 0, 1, 1, 1, 5, 1000, 3;
1, 256, 0, 0, 0, 0, 4, 999, 2;
1, 256, 0, 0, 0, 0, 4, 999, 2;
1, 256, 0, -1, -1, -1, 4, 999, 2;
1, 256, 0, -1, -1, -1, 4, 999, 2;
1, 256, 1, 1, 1, 1, 5, 1000, 3;
1, 256, 0, -1, -1, -1, 4, 999, 2;
1, 256, 1, 1, 1, 1, 5, 1000, 3;
1, 256, 0, 1, 1, 1, 5, 1000, 3;
1, 256, 0, -1, -1, -1, 4, 999, 2;
1, 256, 0, 0, 0, 0, 4, 999, 2;
1, 256, 0, 0, 0, 0, 4, 999, 2;
1, 256, 0, -1, -1, -1, 3, 998, 1;
1, 256, 1, 1, 1, 1, 6, 1001, 4;
1, 256, 0, 1, 1, 1, 5, 1000, 3;
1, 256, 0, 1, 1, 1, 5, 1000, 3;
1, 256, 0, 1, 1, 1, 5, 1000, 3;
1, 256, 0, 0, 0, 0, 4, 999, 2;
1, 256, 0, 0, 0, 0, 5, 999, 3;
1, 256, 0, 0, 0, 0, 4, 999, 2;
1, 256, 0, -1, -1, -1, 3, 998, 1;
1, 256, 0, -1, -1, -1, 4, 999, 2;
1, 256, 0, 0, 0, 0, 5, 1000, 3;
1, 256, 1, 1, 1, 1, 6, 1001, 4;
1, 256, 0, -1, -1, -1, 4, 999, 2;
1, 256, 0, 0, 0, 0, 4, 999, 2;
1, 256, 0, 0, 0, 0, 4, 999, 2;
1, 256, 0, 0, 0, 0, 4, 999, 2;
1, 256, 0, 0, 0, 0, 5, 999, 3;
1, 256, 0, 0, 0, 0, 4, 999, 2;
1, 256, 0, -1, -1, -1, 4, 999, 2;
1, 256, 0, 1, 1, 1, 5, 1000, 3;
1, 256, 0, 1, 1, 1, 5, 1000, 3;
1, 256, 0, 0, 0, 0, 4, 999, 2;
1, 256, 0, 0, 0, 0, 4, 999, 2;
1, 256, 1, 1, 1, 1, 6, 1001, 4;
1, 256, 0, 1, 1, 1, 5, 1000, 3;
1, 256, 0, 1, 1, 1, 5, 1000, 3;
1, 256, 0, 0, 0, 0, 5, 1000, 3;
1, 256, 0, 0, 0, 0, 5, 1000, 3;
1, 256, 0, -1, -1, -1, 4, 999, 2;
1, 256, 0, 0, 0, 0, 5, 999, 3;
1, 256, 0, 0, 0, 0, 5, 1000, 3;
1, 256, 0, 1, 1, 1, 5, 1000, 3;
1, 256, 0, 1, 1, 1, 5, 1000, 3;
1, 256, 0, 0, 0, 0, 5, 1000, 3;
1, 256, 0, 0, 0, 0, 4, 999, 2;
1, 256, 0, 0, 0, 0, 4, 999, 2;
1, 256, 0, 0, 0, 0, 5, 1000, 3;
1, 256, 1, 1, 1, 1, 6, 1000, 3;
1, 256, 0, 0, 0, 0, 5, 999, 3;
1, 256, 0, 1, 1, 1, 5, 1000, 3;
1, 256, 1, 1, 1, 1, 5, 1000, 3;
1, 256, 1, 1, 1, 1, 6, 1001, 4;
1, 256, 0, 0, 0, 0, 4, 999, 2;
1, 256, 0, -1, -1, -1, 4, 998, 2;
1, 256, 1, 1, 1, 1, 6, 1001, 4;
1, 256, 0, -1, -1, -1, 4, 999, 2;
1, 256, 1, 1, 1, 1, 6, 1001, 4;
1, 256, 0, -1, -1, -1, 4, 999, 2;
1, 256, 0, 0, 0, 0, 5, 1000, 3;
1, 256, 0, -1, -1, -1, 4, 999, 2;
1, 256, 0, 1, 1, 1, 5, 1000, 3;
1, 256, 0, 0, 0, 0, 5, 1000, 3;
1, 256, 1, 1, 1, 1, 6, 1000, 4;
1, 256, 0, 0, 0, 0, 4, 999, 2;
1, 256, 0, 0, 0, 0, 4, 999, 2;
1, 256, 1, 1, 1, 1, 5, 1000, 3;
1, 256, 0, 0, 0, 0, 5, 1000, 3;
1, 256, 0, 0, 0, 0, 5, 1000, 3;
1, 256, 0, 0, 0, 0, 5, 1000, 3;
1, 256, 0, 0, 0, 0, 4, 999, 2;
1, 256, 0, 0, 0, 0, 5, 1000, 3;
1, 256, 0, -1, -1, -1, 4, 999, 2;
1, 256, 0, 0, 0, 0, 4, 999, 2;
1, 256, 0, 0, 0, 0, 5, 1000, 3;
1, 256, 0, 1, 1, 1, 5, 1000, 3;
1, 256, 0, 0, 0, 0, 4, 999, 2;
1, 256, 0, -1, -1, -1, 4, 998, 1;
1, 256, 0, 0, 0, 0, 4, 999, 2;
1, 256, 0, 0, 0, 0, 4, 999, 2;
1, 256, 1, 1, 1, 1, 6, 1001, 4;
1, 256, 1, 1, 1, 1, 6, 1001, 4;
1, 256, 0, -1, -1, -1, 3, 998, 1;
1, 256, 0, -1, -1, -1, 3, 998, 1;
1, 256, 0, 0, 0, 0, 5, 1000, 3;
1, 256, 1, 1, 1, 1, 5, 1000, 3;
1, 256, 0, 0, 0, 0, 5, 1000, 3;
1, 256, 1, 1, 1, 1, 6, 1000, 4;
1, 256, 0, 0, 0, 0, 4, 999, 2;
1, 256, 1, 1, 1, 1, 5, 1000, 3;
1, 256, 0, 0, 0, 0, 5, 1000, 3;
1, 256, 0, -1, -1, -1, 4, 999, 2;
1, 256, 1, 1, 1, 1, 6, 1000, 3;
1, 256, 0, 0, 0, 0, 5, 1000, 3;
1, 256, 0, -1, -1, -1, 4, 998, 1;
1, 256, 0, 0, 0, 0, 5, 1000, 3;
1, 256, 0, -1, -1, -1, 3, 998, 1;
1, 256, 1, 1, 1, 1, 6, 1001, 4;
1, 256, 0, 0, 0, 0, 5, 1000, 3;
1, 256, 0, 0, 0, 0, 5, 1000, 3;
1, 256, 0, 1, 1, 1, 5, 1000, 3;
1, 256, 0, 1, 1, 1, 5, 1000, 3;
1, 256, 1, 1, 1, 1, 6, 1001, 4;
1, 256, 0, -1, -1, -1, 3, 998, 1;
1, 256, 1, 1, 1, 1, 5, 1000, 3;
1, 256, 0, -1, -1, -1, 4, 999, 2;
1, 256, 0, -1, -1, -1, 4, 999, 2;
1, 256, 0, -1, -1, -1, 4, 999, 2;
1, 256, 0, 0, 0, 0, 4, 999, 2;
1, 256, 0, -1, -1, -1, 4, 999, 2;
1, 256, 0, -1, -1, -1, 4, 999, 2;
1, 256, 0, -1, -1, -1, 4, 999, 2;
1, 256, 0, 0, 0, 0, 4, 999, 2;
1, 256, 0, 0, 0, 0, 5, 1000, 3;
1, 256, 0, 0, 0, 0, 4, 999, 2;
1, 256, 1, 1, 1, 1, 6, 1001, 4;
1, 256, 1, 1, 1, 1, 6, 1001, 4;
1, 256, 0, 0, 0, 0, 4, 999, 2;
1, 256, 0, 0, 0, 0, 5, 1000, 3;
1, 256, 0, 0, 0, 0, 5, 1000, 3;
1, 256, 0, 0, 0, 0, 5, 1000, 3;
1, 256, 1, 1, 1, 1, 6, 1000, 3;
1, 256, 0, 0, 0, 0, 4, 999, 2;
1, 256, 0, 0, 0, 0, 5, 1000, 3;
1, 256, 1, 1, 1, 1, 5, 1000, 3;
1, 256, 0, 0, 0, 0, 4, 999, 2;
1, 256, 0, 0, 0, 0, 4, 999, 2;
1, 256, 0, 0, 0, 0, 5, 1000, 3;
1, 256, 1, 1, 1, 1, 6, 1000, 4;
1, 256, 0, 0, 0, 0, 5, 1000, 3;
1, 256, 0, 0, 0, 0, 4, 999, 2;
1, 256, 0, 1, 1, 1, 5, 1000, 3;
1, 256, 0, 0, 0, 0, 5, 1000, 3;
1, 256, 0, 0, 0, 0, 5, 1000, 3;
1, 256, 1, 1, 1, 1, 6, 1000, 4;
1, 256, 0, 0, 0, 0, 4, 999, 2;
1, 256, 0, 0, 0, 0, 5, 1000, 3;
1, 256, 0, -1, -1, -1, 4, 999, 2;
1, 256, 0, 0, 0, 0, 5, 999, 2;
1, 256, 1, 1, 1, 1, 5, 1000, 3;
1, 256, 1, 1, 1, 1, 5, 1000, 3;
1, 256, 0, 1, 1, 1, 5, 1000, 3;
1, 256, 0, -1, -1, -1, 4, 998, 2;
1, 256, 0, 0, 0, 0, 5, 1000, 3;
1, 256, 1, 1, 1, 1, 6, 1001, 4;
1, 256, 1, 1, 1, 1, 6, 1001, 4;
1, 256, 0, 0, 0, 0, 5, 1000, 3;
1, 256, 1, 1, 1, 1, 6, 1001, 4;
1, 256, 0, 0, 0, 0, 4, 999, 2;
1, 256, 0, 0, 0, 0, 5, 1000, 3;
1, 256, 0, 0, 0, 0, 5, 1000, 3;
1, 256, 1, 1, 1, 1, 6, 1000, 4;
0, 256, 0, -1, -1, -1, 3, 998, 1;
1, 256, 1, 1, 1, 1, 6, 1001, 4;
1, 256, 0, 0, 0, 0, 5, 999, 3;
1, 256, 0, 0, 0, 0, 4, 999, 2;
1, 256, 0, 0, 0, 0, 5, 1000, 3;
1, 256, 0, -1, -1, -1, 4, 999, 2;
1, 256, 0, 0, 0, 0, 5, 1000, 3;
1, 256, 1, 1, 1, 1, 6, 1001, 4;
1, 256, 0, 0, 0, 0, 4, 999, 2;
1, 256, 0, 0, 0, 0, 5, 1000, 3;
1, 256, 1, 1, 1, 1, 6, 1001, 4;
1, 256, 0, 1, 1, 1, 5, 1000, 3;
1, 256, 0, -1, -1, -1, 4, 998, 2;
1, 256, 0, 0, 0, 0, 5, 1000, 3;
1, 256, 1, 1, 1, 1, 6, 1001, 4;
1, 256, 0, 0, 0, 0, 5, 1000, 3;
1, 256, 0, 0, 0, 0, 4, 999, 2;
1, 256, 0, 0, 0, 0, 5, 1000, 3;
1, 256, 1, 1, 1, 1, 6, 1001, 4;
1, 256, 1, 1, 1, 1, 6, 1001, 4;
1, 256, 0, -1, -1, -1, 4, 999, 2;
1, 256, 0, 0, 0, 0, 5, 1000, 3;
1, 256, 0, 1, 1, 1, 5, 1000, 3;
1, 256, 1, 1, 1, 1, 6, 1001, 4;
1, 256, 0, 0, 0, 0, 5, 1000, 3;
1, 256, 0, 0, 0, 0, 5, 1000, 3;
1, 256, 0, -1, -1, -1, 4, 999, 2;
1, 256, 0, 1, 1, 1, 5, 1000, 3;
1, 256, 0, -1, -1, -1, 4, 999, 2;
1, 256, 0, 0, 0, 0, 5, 1000, 3;
1, 256, 1, 1, 1, 1, 6, 1001, 4;
1, 256, 0, 0, 0, 0, 5, 1000, 3;
1, 256, 0, 0, 0, 0, 4, 999, 2;
1, 256, 0, 0, 0, 0, 5, 999, 3;
1, 256, 0, -1, -1, -1, 4, 998, 1;
1, 256, 1, 1, 1, 1, 6, 1001, 4;
1, 256, 0, 0, 0, 0, 5, 1000, 3;
1, 256, 0, 0, 0, 0, 4, 999, 2;
1, 256, 0, 0, 0, 0, 4, 999, 2;
1, 256, 0, 0, 0, 0, 5, 1000, 3;
1, 256, 0, -1, -1, -1, 4, 999, 2;
1, 256, 1, 1, 1, 1, 6, 1001, 4;
1, 256, 0, 0, 0, 0, 5, 999, 3;
1, 256, 0, 1, 1, 1, 5, 1000, 3;
1, 256, 0, 0, 0, 0, 4, 999, 2;
1, 256, 0, 0, 0, 0, 5, 1000, 3;
1, 256, 0, 0, 0, 0, 4, 999, 2;
1, 256, 0, 1, 1, 1, 5, 1000, 3;
1, 256, 0, 0, 0, 0, 5, 1000, 3;
1, 256, 0, -1, -1, -1, 4, 998, 2;
1, 256, 0, 0, 0, 0, 5, 999, 3;
1, 256, 1, 1, 1, 1, 6, 1001, 4;
1, 256, 0, 0, 0, 0, 4, 999, 2;
1, 256, 0, 1, 1, 1, 5, 1000, 3;
1, 256, 1, 1, 1, 1, 6, 1001, 4;
1, 256, 1, 1, 1, 1, 6, 1001, 4;
1, 256, 0, 0, 0, 0, 4, 999, 2;
1, 256, 1, 1, 1, 1, 6, 1001, 4;
1, 256, 0, 1, 1, 1, 5, 1000, 3;
1, 256, 0, -1, -1, -1, 4, 999, 2;
1, 256, 1, 1, 1, 1, 6, 1000, 4;
1, 256, 0, 1, 1, 1, 5, 1000, 3;
1, 256, 0, 0, 0, 0, 4, 999, 2;
1, 256, 0, 1, 1, 1, 5, 1000, 3;
1, 256, 0, 0, 0, 0, 5, 1000, 3;
1, 256, 0, 0, 0, 0, 4, 999, 2;
1, 256, 0, -1, -1, -1, 4, 998, 2;
1, 256, 1, 1, 1, 1, 6, 1001, 4;
1, 256, 0, 0, 0, 0, 5, 1000, 3;
1, 256, 0, 0, 0, 0, 5, 1000, 3;
1, 256, 0, 0, 0, 0, 5, 1000, 3;
1, 256, 0, 0, 0, 0, 4, 999, 2;
1, 256, 0, 0, 0, 0, 4, 999, 2;
1, 256, 0, 0, 0, 0, 5, 1000, 3;
1, 256, 0, 0, 0, 0, 5, 1000, 3;
1, 256, 1, 1, 1, 1, 5, 1000, 3;
1, 256, 0, 1, 1, 1, 5, 1000, 3;
1, 256, 0, 0, 0, 0, 4, 999, 2;
1, 256, 0, 0, 0, 0, 5, 999, 3;
1, 256, 1, 1, 1, 1, 6, 1001, 4;
1, 256, 0, 0, 0, 0, 4, 999, 2;
1, 256, 1, 1, 1, 1, 6, 1000, 4;
1, 256, 0, 1, 1, 1, 5, 1000, 3;
1, 256, 1, 1, 1, 1, 6, 1001, 4;
1, 256, 0, 0, 0, 0, 4, 999, 2;
1, 256, 0, 0, 0, 0, 5, 1000, 3;
1, 256, 1, 1, 1, 1, 6, 1001, 4;
1, 256, 0, 0, 0, 0, 4, 999, 2;
1, 256, 0, -1, -1, -1, 4, 999, 2;
1, 256, 0, -1, -1, -1, 4, 999, 2;
1, 256, 0, 0, 0, 0, 5, 999, 3;
1, 256, 0, 0, 0, 0, 4, 999, 2;
1, 256, 0, -1, -1, -1, 4, 999, 2;
1, 256, 0, 0, 0, 0, 4, 999, 2;
1, 256, 0, 0, 0, 0, 4, 999, 2;
1, 256, 0, 1, 1, 1, 5, 1000, 3;
1, 256, 0, -1, -1, -1, 4, 999, 2;
1, 256, 0, -1, -1, -1, 4, 999, 2;
1, 256, 0, 0, 0, 0, 5, 1000, 3;
1, 256, 0, -1, -1, -1, 4, 998, 1;
1, 256, 0, -1, -1, -1, 4, 999, 2;
1, 256, 0, 0, 0, 0, 5, 1000, 3;
1, 256, 0, -1, -1, -1, 4, 999, 2;
1, 256, 0, 0, 0, 0, 5, 1000, 3;
1, 256, 0, 0, 0, 0, 4, 999, 2;
1, 256, 0, 0, 0, 0, 5, 999, 2;
1, 256, 0, 0, 0, 0, 4, 999, 2;
1, 256, 0, 1, 1, 1, 5, 1000, 3;
1, 256, 0, 0, 0, 0, 4, 999, 2;
1, 256, 0, 0, 0, 0, 5, 1000, 3;
1, 256, 0, 0, 0, 0, 5, 1000, 3;
1, 256, 1, 1, 1, 1, 5, 1000, 3;
1, 256, 0, -1, -1, -1, 4, 999, 2;
1, 256, 0, 0, 0, 0, 4, 999, 2;
1, 256, 0, 0, 0, 0, 4, 999, 2;
1, 256, 0, -1, -1, -1, 4, 998, 1;
1, 256, 0, 0, 0, 0, 4, 999, 2;
1, 256, 0, 0, 0, 0, 4, 999, 2;
1, 256, 1, 1, 1, 1, 6, 1001, 4;
1, 256, 0, 0, 0, 0, 5, 1000, 3;
1, 256, 0, 1, 1, 1, 5, 1000, 3;
1, 256, 0, 0, 0, 0, 5, 1000, 3;
1, 256, 0, -1, -1, -1, 4, 999, 2;
1, 256, 0, 0, 0, 0, 5, 1000, 3;
1, 256, 0, 0, 0, 0, 5, 1000, 3;
1, 256, 0, 0, 0, 0, 5, 1000, 3;
1, 256, 0, 0, 0, 0, 5, 999, 3;
1, 256, 0, -1, -1, -1, 4, 999, 2;
1, 256, 0, 0, 0, 0, 4, 999, 2;
1, 256, 0, 1, 1, 1, 5, 1000, 3;
1, 256, 0, 0, 0, 0, 5, 1000, 3;
1, 256, 0, -1, -1, -1, 4, 999, 2;
1, 256, 0, 0, 0, 0, 4, 999, 2;
1, 256, 0, 1, 1, 1, 5, 1000, 3;
1, 256, 0, 0, 0, 0, 4, 999, 2;
1, 256, 0, 0, 0, 0, 4, 999, 2;
1, 256, 0, -1, -1, -1, 4, 999, 2;
1, 256, 0, 0, 0, 0, 4, 999, 2;
1, 256, 0, 0, 0, 0, 4, 999, 2;
1, 256, 0, -1, -1, -1, 4, 999, 2;
1, 256, 0, 0, 0, 0, 5, 1000, 3;
1, 256, 0, -1, -1, -1, 4, 998, 2;
1, 256, 0, -1, -1, -1, 4, 999, 2;
1, 256, 0, 0, 0, 0, 5, 999, 2;
1, 256, 0, 0, 0, 0, 5, 1000, 3;
1, 256, 0, 0, 0, 0, 4, 999, 2;
1, 256, 0, -1, -1, -1, 4, 998, 1;
1, 256, 0, -1, -1, -1, 3, 998, 1;
1, 256, 0, -1, -1, -1, 4, 999, 2;
1, 256, 1, 1, 1, 1, 6, 1000, 4;
1, 256, 0, 0, 0, 0, 5, 1000, 3;
1, 256, 0, 0, 0, 0, 4, 999, 2;
1, 256, 0, -1, -1, -1, 4, 999, 2;
1, 256, 0, 0, 0, 0, 4, 999, 2;
1, 256, 0, -1, -1, -1, 3, 998, 1;
1, 256, 0, 0, 0, 0, 4, 999, 2;
1, 256, 1, 1, 1, 1, 6, 1000, 3;
1, 256, 0, 0, 0, 0, 4, 999, 2;
1, 256, 0, 1, 1, 1, 5, 1000, 3;
1, 256, 0, 0, 0, 0, 4, 999, 2;
1, 256, 1, 1, 1, 1, 6, 1001, 4;
1, 256, 0, -1, -1, -1, 4, 999, 2;
1, 256, 0, -1, -1, -1, 4, 999, 2;
1, 256, 0, 0, 0, 0, 5, 1000, 3;
1, 256, 0, 0, 0, 0, 4, 999, 2;
1, 256, 0, -1, -1, -1, 4, 999, 2;
1, 256, 0, 0, 0, 0, 4, 999, 2;
1, 256, 0, -1, -1, -1, 4, 998, 1;
1, 256, 0, 0, 0, 0, 5, 1000, 3;
1, 256, 0, 0, 0, 0, 4, 999, 2;
1, 256, 0, 0, 0, 0, 4, 999, 2;
1, 256, 0, 0, 0, 0, 4, 999, 2;
1, 256, 0, 0, 0, 0, 5, 1000, 3;
1, 256, 0, 0, 0, 0, 5, 1000, 3;
1, 256, 0, 0, 0, 0, 4, 999, 2;
1, 256, 0, 0, 0, 0, 4, 999, 2;
1, 256, 0, 1, 1, 1, 5, 1000, 3;
1, 256, 0, 0, 0, 0, 5, 1000, 3;
1, 256, 0, 0, 0, 0, 5, 999, 2;
1, 256, 0, -1, -1, -1, 4, 999, 2;
1, 256, 0, 0, 0, 0, 5, 1000, 3;
1, 256, 0, -1, -1, -1, 3, 998, 1;
1, 256, 0, 0, 0, 0, 5, 1000, 3;
1, 256, 0, 0, 0, 0, 5, 1000, 3;
1, 256, 1, 1, 1, 1, 6, 1000, 3;
1, 256, 0, -1, -1, -1, 4, 999, 2;
1, 256, 1, 1, 1, 1, 6, 1001, 4;
1, 256, 0, 0, 0, 0, 5, 1000, 3;
1, 256, 0, 1, 1, 1, 5, 1000, 3;
1, 256, 1, 1, 1, 1, 6, 1000, 4;
1, 256, 0, -1, -1, -1, 4, 999, 2;
1, 256, 0, 0, 0, 0, 4, 999, 2;
0, 256, 0, -1, -1, -1, 3, 998, 1;
1, 256, 0, -1, -1, -1, 4, 999, 2;
1, 256, 1, 1, 1, 1, 6, 1001, 4;
1, 256, 0, 0, 0, 0, 4, 999, 2;
1, 256, 0, -1, -1, -1, 4, 998, 1;
1, 256, 0, 0, 0, 0, 5, 1000, 3;
1, 256, 0, -1, -1, -1, 3, 998, 1;
1, 256, 0, -1, -1, -1, 4, 999, 2;
1, 256, 0, 0, 0, 0, 5, 1000, 3;
1, 256, 0, -1, -1, -1, 4, 998, 1;
1, 256, 1, 1, 1, 1, 6, 1000, 4;
1, 256, 0, 0, 0, 0, 5, 999, 2;
1, 256, 0, 1, 1, 1, 5, 1000, 3;
1, 256, 0, 0, 0, 0, 4, 999, 2;
1, 256, 1, 1, 1, 1, 6, 1001, 4;
1, 256, 0, 0, 0, 0, 5, 999, 3;
1, 256, 0, 0, 0, 0, 5, 1000, 3;
1, 256, 0, 0, 0, 0, 4, 999, 2;
1, 256, 0, 0, 0, 0, 4, 999, 2;
1, 256, 0, 0, 0, 0, 4, 999, 2;
1, 256, 1, 1, 1, 1, 6, 1001, 4;
1, 256, 0, -1, -1, -1, 4, 999, 2;
1, 256, 0, 0, 0, 0, 5, 999, 3;
1, 256, 0, 0, 0, 0, 5, 1000, 3;
1, 256, 1, 1, 1, 1, 6, 1000, 4;
1, 256, 1, 1, 1, 1, 5, 1000, 3;
1, 256, 0, -1, -1, -1, 3, 998, 1;
1, 256, 0, 0, 0, 0, 4, 999, 2;
1, 256, 0, 0, 0, 0, 5, 999, 3;
1, 256, 0, -1, -1, -1, 4, 999, 2;
1, 256, 0, 0, 0, 0, 4, 999, 2;
1, 256, 0, 0, 0, 0, 5, 1000, 3;
1, 256, 0, 0, 0, 0, 5, 1000, 3;
1, 256, 0, 0, 0, 0, 5, 1000, 3;
1, 256, 0, 1, 1, 1, 5, 1000, 3;
1, 256, 0, 0, 0, 0, 4, 999, 2;
1, 256, 0, -1, -1, -1, 4, 999, 2;
1, 256, 0, 0, 0, 0, 4, 999, 2;
1, 256, 0, 0, 0, 0, 4, 999, 2;
1, 256, 0, 0, 0, 0, 5, 1000, 3;
1, 256, 0, 0, 0, 0, 5, 1000, 3;
1, 256, 0, 1, 1, 1, 5, 1000, 3;
1, 256, 0, -1, -1, -1, 4, 999, 2;
1, 256, 0, 0, 0, 0, 4, 999, 2;
1, 256, 0, 1, 1, 1, 5, 1000, 3;
1, 256, 1, 1, 1, 1, 6, 1001, 4;
1, 256, 1, 1, 1, 1, 6, 1001, 4;
1, 256, 0, 0, 0, 0, 4, 999, 2;
1, 256, 0, 0, 0, 0, 5, 999, 2;
1, 256, 1, 1, 1, 1, 6, 1001, 4;
1, 256, 0, 0, 0, 0, 5, 999, 3;
1, 256, 1, 1, 1, 1, 6, 1001, 4;
1, 256, 0, -1, -1, -1, 4, 999, 2;
1, 256, 0, 1, 1, 1, 5, 1000, 3;
1, 256, 0, 0, 0, 0, 4, 999, 2;
1, 256, 0, 1, 1, 1, 5, 1000, 3;
1, 256, 0, 0, 0, 0, 4, 999, 2;
1, 256, 0, 0, 0, 0, 5, 1000, 3;
1, 256, 0, -1, -1, -1, 3, 998, 1;
1, 256, 0, 0, 0, 0, 5, 1000, 3;
1, 256, 0, -1, -1, -1, 4, 999, 2;
1, 256, 0, 0, 0, 0, 4, 999, 2;
1, 256, 1, 1, 1, 1, 6, 1001, 4;
1, 256, 1, 1, 1, 1, 6, 1001, 4;
1, 256, 0, 0, 0, 0, 5, 1000, 3;
1, 256, 0, -1, -1, -1, 4, 998, 1;
1, 256, 0, 0, 0, 0, 5, 1000, 3;
1, 256, 0, 0, 0, 0, 5, 1000, 3;
1, 256, 0, -1, -1, -1, 4, 999, 2;
1, 256, 0, 1, 1, 1, 5, 1000, 3;
1, 256, 0, -1, -1, -1, 4, 998, 2;
1, 256, 1, 1, 1, 1, 5, 1000, 3;
1, 256, 0, 1, 1, 1, 5, 1000, 3;
1, 256, 0, 1, 1, 1, 5, 1000, 3;
1, 256, 0, 0, 0, 0, 5, 1000, 3;
1, 256, 0, 0, 0, 0, 5, 1000, 3;
1, 256, 0, 0, 0, 0, 4, 999, 2;
1, 256, 0, 0, 0, 0, 5, 1000, 3;
1, 256, 0, 0, 0, 0, 4, 999, 2;
1, 256, 0, 0, 0, 0, 5, 1000, 3;
1, 256, 1, 1, 1, 1, 6, 1001, 4;
1, 256, 0, 0, 0, 0, 5, 1000, 3;
1, 256, 0, 0, 0, 0, 5, 1000, 3;
1, 256, 0, -1, -1, -1, 4, 999, 2;
1, 256, 0, 0, 0, 0, 4, 999, 2;
1, 256, 0, 0, 0, 0, 5, 1000, 3;
1, 256, 0, 0, 0, 0, 5, 999, 2;
1, 256, 0, -1, -1, -1, 4, 999, 2;
1, 256, 1, 1, 1, 1, 6, 1001, 4;
1, 256, 0, 0, 0, 0, 4, 999, 2;
1, 256, 1, 1, 1, 1, 6, 1000, 4;
1, 256, 0, -1, -1, -1, 4, 998, 2;
1, 256, 1, 1, 1, 1, 6, 1001, 4;
1, 256, 0, 0, 0, 0, 5, 1000, 3;
1, 256, 0, 0, 0, 0, 4, 999, 2;
1, 256, 1, 1, 1, 1, 6, 1000, 4;
1, 256, 0, -1, -1, -1, 4, 999, 2;
1, 256, 1, 1, 1, 1, 6, 1001, 4;
1, 256, 1, 1, 1, 1, 6, 1001, 4;
1, 256, 0, 0, 0, 0, 4, 999, 2;
1, 256, 0, -1, -1, -1, 4, 999, 2;
1, 256, 0, 0, 0, 0, 5, 1000, 3;
1, 256, 0, -1, -1, -1, 4, 999, 2;
1, 256, 0, -1, -1, -1, 4, 999, 2;
1, 256, 0, 0, 0, 0, 4, 999, 2;
1, 256, 1, 1, 1, 1, 5, 1000, 3;
1, 256, 1, 1, 1, 1, 6, 1000, 3;
1, 256, 0, 0, 0, 0, 5, 1000, 3;
1, 256, 0, 0, 0, 0, 4, 999, 2;
1, 256, 0, 1, 1, 1, 5, 1000, 3;
1, 256, 0, 0, 0, 0, 5, 1000, 3;
1, 256, 0, 0, 0, 0, 5, 1000, 3;
1, 256, 0, -1, -1, -1, 4, 998, 2;
1, 256, 1, 1, 1, 1, 6, 1000, 3;
1, 256, 1, 1, 1, 1, 6, 1001, 4;
1, 256, 0, 0, 0, 0, 4, 999, 2;
1, 256, 0, 0, 0, 0, 4, 999, 2;
1, 256, 0, -1, -1, -1, 4, 998, 1;
1, 256, 0, 0, 0, 0, 5, 1000, 3;
1, 256, 0, 0, 0, 0, 4, 999, 2;
1, 256, 0, -1, -1, -1, 4, 999, 2;
1, 256, 0, -1, -1, -1, 3, 998, 1;
1, 256, 0, 0, 0, 0, 5, 999, 3;
1, 256, 0, 0, 0, 0, 4, 999, 2;
1, 256, 1, 1, 1, 1, 6, 1001, 4;
1, 256, 0, 0, 0, 0, 4, 999, 2;
1, 256, 0, 0, 0, 0, 4, 999, 2;
1, 256, 0, -1, -1, -1, 3, 998, 1;
1, 256, 1, 1, 1, 1, 6, 1001, 4;
1, 256, 0, 0, 0, 0, 4, 999, 2;