0, 296, 13, 1, 411, 1, 1, 1154, 52;
0, 294, 12, 24, 406, -2, 3, 1149, 47;
6, 298, 15, 62, 416, 8, 24, 1162, 61;
8, 298, 16, 92, 416, 11, 34, 1165, 64;
10, 298, 16, 118, 414, 11, 40, 1164, 65;
10, 296, 15, 140, 405, 7, 42, 1157, 59;
10, 294, 13, 162, 395, 2, 42, 1149, 53;
11, 292, 12, 183, 385, -2, 43, 1142, 48;
14, 294, 14, 214, 384, 3, 57, 1146, 55;
14, 291, 12, 235, 372, 0, 57, 1138, 50;
12, 287, 9, 248, 353, -12, 49, 1121, 35;
15, 288, 10, 277, 348, -7, 61, 1123, 42;
17, 287, 11, 301, 340, -5, 69, 1121, 43;
22, 290, 14, 335, 340, 5, 88, 1132, 57;
22, 287, 13, 353, 325, 1, 89, 1122, 52;
21, 283, 10, 365, 304, -7, 83, 1107, 42;
24, 284, 12, 391, 297, -1, 96, 1110, 49;
29, 286, 16, 421, 294, 9, 114, 1118, 63;
26, 281, 11, 426, 267, -3, 102, 1096, 46;
27, 279, 11, 443, 251, -4, 105, 1089, 45;
29, 279, 12, 463, 239, 0, 114, 1088, 49;
34, 281, 16, 491, 237, 12, 134, 1098, 66;
32, 277, 14, 497, 212, 3, 127, 1082, 55;
30, 272, 11, 501, 186, -5, 119, 1064, 43;
31, 271, 11, 513, 168, -6, 121, 1057, 43;
31, 268, 10, 522, 149, -7, 122, 1048, 41;
32, 268, 11, 535, 134, -4, 128, 1046, 45;
33, 265, 11, 542, 114, -6, 128, 1037, 43;
33, 264, 11, 549, 95, -6, 130, 1029, 42;
37, 265, 14, 566, 87, 4, 145, 1036, 56;
37, 263, 14, 570, 67, 3, 145, 1028, 55;
37, 261, 14, 574, 48, 3, 146, 1021, 55;
36, 258, 12, 571, 24, -1, 140, 1008, 49;
39, 259, 15, 582, 15, 8, 153, 1013, 61;
39, 258, 16, 583, -2, 10, 155, 1007, 63;
39, 256, 16, 582, -22, 10, 154, 1000, 63;
36, 251, 13, 570, -49, 1, 143, 982, 52;
39, 253, 16, 576, -59, 10, 154, 987, 64;
32, 244, 9, 549, -99, -10, 126, 953, 38;
35, 245, 12, 552, -108, 0, 136, 958, 50;
36, 245, 14, 550, -122, 4, 141, 958, 56;
33, 242, 12, 535, -145, -1, 132, 944, 49;
31, 238, 10, 519, -169, -6, 122, 930, 42;
32, 238, 12, 513, -181, -1, 126, 930, 49;
32, 238, 13, 505, -194, 2, 128, 929, 54;
30, 234, 11, 485, -217, -3, 117, 915, 46;
28, 232, 10, 467, -237, -6, 109, 905, 42;
29, 232, 13, 458, -245, 0, 114, 908, 51;
28, 231, 13, 442, -260, 0, 111, 903, 52;
29, 232, 15, 433, -267, 8, 116, 907, 61;
28, 231, 15, 413, -281, 7, 110, 901, 60;
22, 225, 11, 380, -308, -5, 89, 880, 44;
20, 223, 10, 356, -324, -9, 79, 870, 39;
25, 228, 16, 356, -315, 12, 100, 892, 65;
20, 224, 13, 323, -337, 0, 81, 874, 52;
15, 219, 9, 288, -360, -11, 60, 855, 37;
17, 221, 12, 274, -360, -1, 66, 864, 48;
18, 223, 15, 259, -361, 6, 71, 871, 59;
11, 217, 9, 218, -385, -9, 44, 847, 38;
16, 223, 16, 214, -371, 11, 65, 871, 65;
8, 216, 10, 169, -397, -7, 34, 845, 41;
6, 215, 10, 142, -404, -9, 26, 841, 39;
9, 219, 14, 130, -394, 5, 38, 857, 58;
7, 218, 14, 102, -400, 3, 28, 853, 55;
7, 220, 16, 81, -397, 9, 29, 860, 62;
2, 216, 12, 42, -411, -2, 7, 844, 47;
3, 219, 15, 25, -401, 7, 14, 856, 60;
-1, 215, 11, -12, -413, -3, -7, 842, 46;
1, 220, 16, -25, -398, 10, 4, 860, 64;
-7, 213, 9, -74, -419, -11, -30, 833, 36;
-4, 218, 14, -85, -400, 3, -17, 853, 55;
-3, 221, 16, -104, -389, 11, -14, 865, 65;
-7, 219, 14, -138, -392, 4, -30, 856, 55;
-11, 217, 12, -171, -394, -3, -45, 849, 46;
-9, 222, 15, -186, -377, 7, -38, 865, 60;
-10, 223, 16, -208, -367, 11, -40, 872, 64;
-17, 218, 11, -250, -376, -6, -68, 854, 43;
-17, 221, 12, -270, -364, -2, -69, 861, 48;
-15, 226, 16, -281, -341, 11, -58, 882, 64;
-22, 221, 10, -322, -350, -7, -87, 862, 41;
-22, 224, 12, -339, -333, -1, -86, 874, 48;
-23, 225, 12, -360, -321, -1, -91, 878, 49;
-24, 227, 13, -378, -306, 0, -93, 886, 51;
-28, 224, 9, -410, -305, -11, -113, 876, 37;
-25, 230, 14, -414, -277, 3, -99, 899, 55;
-26, 232, 14, -431, -261, 5, -102, 907, 57;
-28, 232, 13, -452, -249, 1, -111, 907, 52;
-26, 237, 16, -459, -225, 10, -104, 924, 63;
-32, 234, 11, -488, -223, -3, -124, 913, 46;
-35, 233, 9, -510, -215, -12, -139, 909, 35;
-34, 237, 11, -516, -190, -4, -133, 924, 45;
-35, 238, 11, -528, -174, -5, -137, 930, 43;
-31, 244, 15, -526, -143, 7, -123, 952, 59;
-31, 246, 16, -532, -122, 10, -122, 963, 63;
-34, 246, 13, -548, -111, 2, -133, 960, 54;
-32, 250, 16, -547, -85, 10, -125, 977, 64;
-39, 245, 9, -575, -89, -12, -155, 956, 35;
-37, 249, 11, -572, -61, -4, -146, 973, 45;
-36, 252, 13, -570, -38, 0, -141, 985, 51;
-36, 255, 13, -571, -17, 1, -140, 994, 53;
-38, 254, 10, -580, -6, -6, -151, 991, 42;
-40, 254, 9, -584, 8, -10, -156, 993, 37;
-35, 261, 14, -566, 42, 4, -136, 1019, 56;
-37, 260, 11, -572, 53, -4, -147, 1015, 45;
-38, 261, 10, -571, 68, -8, -150, 1018, 40;
-33, 267, 15, -551, 102, 6, -130, 1043, 59;
-33, 268, 14, -546, 118, 4, -131, 1048, 56;
-32, 271, 15, -536, 139, 6, -126, 1057, 59;
-36, 268, 10, -540, 143, -7, -141, 1047, 42;
-34, 270, 11, -528, 163, -5, -136, 1056, 44;
-32, 274, 13, -510, 186, 0, -126, 1070, 51;
-30, 276, 14, -495, 206, 3, -119, 1079, 55;
-32, 275, 11, -490, 213, -5, -127, 1074, 43;
-29, 279, 13, -467, 237, 2, -114, 1090, 53;
-25, 283, 16, -443, 261, 9, -100, 1105, 63;
-31, 278, 9, -446, 255, -10, -121, 1086, 37;
-23, 286, 16, -406, 291, 11, -89, 1118, 65;
-23, 286, 14, -394, 299, 5, -93, 1116, 57;
-21, 288, 15, -371, 315, 7, -84, 1124, 60;
-20, 289, 15, -350, 328, 8, -78, 1129, 61;
-23, 286, 11, -343, 325, -6, -91, 1116, 43;
-19, 289, 13, -313, 344, 1, -76, 1129, 53;
-19, 289, 12, -294, 350, -1, -75, 1129, 48;
-13, 294, 16, -257, 373, 11, -52, 1149, 64;
-13, 294, 15, -237, 377, 6, -52, 1146, 59;
-17, 288, 9, -231, 366, -12, -69, 1126, 35;
-9, 296, 16, -185, 394, 9, -36, 1155, 62;
-11, 293, 12, -170, 389, -1, -44, 1143, 48;
-7, 295, 14, -138, 401, 4, -29, 1153, 56;
-7, 295, 13, -115, 402, 1, -27, 1151, 52;
-3, 297, 15, -82, 412, 7, -13, 1160, 60;
-3, 295, 13, -61, 409, 1, -13, 1154, 53;
-4, 293, 11, -41, 403, -5, -16, 1145, 43;
0, 295, 13, -7, 410, 1, 0, 1154, 52;
2, 296, 14, 21, 412, 3, 8, 1156, 55;
0, 293, 11, 39, 402, -5, 3, 1145, 43;
1, 292, 9, 62, 396, -9, 5, 1139, 38;
9, 298, 16, 109, 414, 10, 37, 1164, 64;
8, 294, 13, 126, 400, 0, 32, 1150, 52;
7, 292, 11, 145, 389, -5, 30, 1140, 44;
10, 292, 12, 174, 386, -3, 40, 1141, 47;
16, 296, 16, 212, 393, 9, 62, 1155, 63;
12, 290, 10, 221, 369, -6, 48, 1132, 42;
13, 289, 10, 244, 360, -7, 53, 1127, 41;
14, 287, 10, 266, 349, -9, 56, 1122, 39;
16, 286, 9, 290, 339, -9, 62, 1118, 38;
20, 289, 13, 323, 340, 1, 81, 1128, 52;
20, 286, 11, 340, 323, -4, 80, 1116, 45;
24, 287, 14, 369, 319, 3, 95, 1122, 55;
25, 285, 13, 387, 304, 1, 97, 1114, 52;
27, 285, 14, 410, 294, 4, 106, 1114, 57;
27, 283, 13, 425, 276, 1, 106, 1104, 52;
28, 281, 13, 442, 261, 0, 110, 1098, 51;
27, 278, 11, 454, 241, -4, 108, 1086, 45;
32, 281, 15, 482, 238, 8, 128, 1096, 61;
28, 273, 10, 479, 204, -9, 109, 1068, 39;
34, 277, 15, 509, 204, 6, 133, 1082, 59;
30, 270, 10, 506, 171, -8, 117, 1056, 40;
32, 270, 12, 523, 159, -3, 126, 1056, 46;
33, 269, 11, 533, 141, -3, 129, 1049, 46;
34, 268, 13, 546, 127, 0, 136, 1047, 51;
34, 265, 12, 551, 105, -2, 134, 1037, 47;
36, 265, 13, 561, 90, 1, 140, 1034, 52;
38, 265, 15, 572, 78, 7, 150, 1035, 60;
40, 265, 16, 581, 63, 12, 156, 1034, 66;
39, 262, 15, 580, 40, 8, 152, 1022, 61;
36, 257, 12, 572, 11, -1, 141, 1003, 49;
33, 253, 10, 565, -14, -8, 132, 987, 40;
39, 257, 16, 583, -15, 10, 155, 1003, 64;
34, 250, 11, 564, -50, -5, 134, 976, 43;
39, 253, 15, 575, -55, 9, 152, 987, 62;
34, 247, 11, 557, -87, -4, 134, 963, 45;
33, 244, 11, 550, -107, -5, 131, 955, 44;
37, 247, 15, 556, -112, 8, 146, 965, 61;
34, 242, 12, 539, -139, 0, 133, 947, 50;
34, 242, 13, 532, -153, 2, 135, 945, 54;
33, 240, 13, 520, -173, 0, 130, 936, 52;
34, 240, 15, 514, -184, 7, 134, 937, 59;
32, 236, 13, 495, -207, 1, 124, 924, 52;
26, 230, 9, 467, -237, -12, 104, 900, 35;
29, 233, 13, 465, -239, 0, 116, 911, 52;
30, 234, 15, 454, -249, 6, 119, 912, 59;
29, 232, 14, 435, -266, 4, 113, 904, 57;
27, 230, 14, 416, -280, 4, 108, 899, 57;
24, 227, 12, 390, -301, -2, 94, 885, 47;
24, 227, 13, 374, -309, 1, 94, 885, 53;
21, 224, 12, 349, -326, -2, 84, 876, 48;
20, 223, 12, 328, -337, -1, 79, 872, 48;
20, 224, 13, 310, -343, 2, 79, 874, 54;
19, 223, 14, 288, -351, 4, 75, 872, 56;
16, 220, 12, 258, -366, -1, 62, 861, 48;
11, 217, 9, 225, -384, -10, 45, 847, 37;
16, 223, 16, 221, -370, 10, 65, 870, 64;
10, 218, 11, 182, -391, -3, 42, 851, 46;
14, 222, 16, 172, -381, 12, 55, 868, 66;
7, 217, 11, 130, -402, -3, 28, 846, 46;
3, 214, 10, 98, -411, -9, 15, 838, 39;
7, 220, 15, 89, -397, 8, 30, 859, 61;
1, 215, 11, 48, -413, -5, 6, 840, 43;
5, 220, 16, 38, -397, 11, 21, 861, 65;
2, 219, 15, 8, -401, 8, 10, 857, 61;
-5, 213, 9, -37, -420, -10, -20, 833, 37;
-2, 217, 13, -52, -406, 1, -11, 849, 53;
-7, 214, 10, -89, -414, -8, -31, 837, 40;
-6, 218, 13, -105, -400, 2, -23, 852, 53;
-6, 220, 14, -128, -393, 5, -26, 858, 57;
-12, 216, 11, -166, -400, -6, -47, 845, 42;
-15, 215, 9, -197, -399, -12, -61, 840, 35;
-16, 216, 9, -222, -392, -10, -66, 844, 37;
-13, 222, 14, -231, -368, 4, -52, 866, 56;
-14, 223, 15, -254, -358, 6, -57, 871, 58;
-14, 225, 16, -272, -344, 11, -56, 881, 65;
-23, 219, 9, -318, -357, -11, -90, 856, 36;
-21, 224, 12, -330, -335, 0, -82, 874, 50;
-25, 222, 9, -361, -333, -9, -99, 867, 38;
-26, 223, 10, -381, -320, -8, -103, 873, 40;
-27, 225, 10, -401, -307, -8, -108, 878, 40;
-27, 227, 11, -416, -289, -3, -107, 888, 46;
-24, 233, 15, -422, -262, 8, -96, 909, 61;
-30, 229, 10, -454, -263, -6, -120, 895, 42;
-26, 236, 16, -453, -230, 10, -102, 923, 64;
-27, 237, 15, -470, -215, 9, -107, 927, 62;
-30, 237, 14, -489, -204, 3, -117, 927, 55;
-28, 241, 16, -495, -179, 11, -111, 943, 65;
-34, 237, 11, -524, -180, -5, -135, 928, 44;
-35, 239, 11, -534, -161, -4, -137, 935, 45;
-33, 244, 14, -536, -135, 3, -129, 952, 55;
-37, 242, 10, -557, -129, -8, -147, 943, 39;
-36, 245, 11, -559, -105, -4, -143, 956, 45;
-34, 249, 14, -557, -78, 4, -134, 974, 56;
-39, 246, 9, -577, -74, -10, -154, 962, 37;
-40, 248, 9, -581, -56, -11, -156, 968, 36;
-37, 252, 11, -576, -29, -3, -147, 985, 46;
-35, 256, 14, -570, -2, 3, -138, 1002, 55;
-36, 257, 13, -573, 12, 0, -142, 1004, 50;
-34, 261, 14, -566, 37, 5, -135, 1018, 57;
-33, 264, 16, -559, 60, 9, -130, 1030, 62;
-37, 261, 11, -568, 66, -3, -145, 1021, 46;
-35, 264, 12, -560, 88, 0, -139, 1032, 50;
-34, 268, 14, -549, 112, 4, -132, 1045, 56;
-33, 269, 14, -542, 129, 3, -131, 1051, 55;
-36, 268, 11, -543, 138, -6, -141, 1046, 42;
-32, 273, 14, -522, 166, 3, -126, 1065, 55;
-30, 276, 15, -507, 187, 7, -118, 1076, 60;
-33, 274, 12, -506, 194, -3, -129, 1069, 46;
-34, 273, 9, -499, 203, -10, -134, 1066, 37;
-30, 278, 12, -474, 229, 0, -118, 1085, 50;
-31, 277, 10, -466, 237, -8, -124, 1081, 40;
-25, 283, 15, -433, 269, 8, -99, 1107, 61;
-29, 280, 10, -432, 267, -8, -116, 1092, 40;
-22, 287, 16, -396, 299, 9, -89, 1119, 62;
-22, 287, 15, -379, 309, 6, -88, 1120, 58;
-21, 288, 14, -360, 320, 4, -84, 1123, 57;
-19, 289, 15, -338, 334, 6, -77, 1130, 59;
-18, 291, 15, -315, 346, 7, -71, 1135, 59;
-16, 292, 15, -291, 357, 8, -64, 1140, 60;
-17, 291, 13, -275, 360, 1, -67, 1135, 52;
-16, 291, 12, -253, 367, 0, -63, 1136, 50;
-18, 288, 9, -240, 363, -12, -71, 1125, 35;
-13, 292, 12, -204, 381, -1, -52, 1140, 48;
-15, 289, 9, -189, 377, -12, -59, 1130, 35;
-5, 297, 16, -139, 406, 11, -23, 1161, 65;
-9, 292, 11, -131, 393, -6, -38, 1141, 43;
-9, 291, 9, -109, 392, -10, -38, 1137, 37;
-1, 298, 16, -62, 416, 9, -5, 1163, 63;
0, 297, 15, -37, 415, 7, -2, 1161, 60;
0, 296, 13, -15, 412, 2, -1, 1155, 54;
0, 295, 12, 8, 408, 0, 1, 1151, 49;
1, 294, 12, 33, 406, -2, 5, 1149, 47;
4, 295, 13, 63, 407, 0, 15, 1152, 51;
8, 297, 15, 97, 412, 7, 31, 1160, 60;
6, 294, 12, 114, 399, -2, 26, 1147, 48;
10, 295, 14, 147, 401, 4, 41, 1153, 56;
13, 296, 15, 176, 399, 7, 51, 1155, 60;
15, 296, 16, 205, 396, 11, 62, 1157, 64;
12, 291, 11, 216, 375, -3, 50, 1136, 46;
19, 295, 16, 255, 381, 10, 74, 1151, 64;
20, 294, 16, 280, 374, 11, 81, 1149, 65;
15, 286, 9, 281, 342, -10, 59, 1118, 37;
23, 292, 16, 325, 353, 10, 91, 1141, 64;
20, 287, 12, 335, 329, -1, 81, 1121, 48;
23, 287, 13, 360, 321, 1, 90, 1120, 52;
21, 282, 10, 370, 298, -8, 83, 1103, 39;
25, 284, 13, 400, 295, 0, 100, 1110, 51;
23, 280, 10, 409, 271, -9, 92, 1093, 39;
24, 278, 9, 425, 255, -10, 95, 1086, 37;
31, 283, 15, 461, 259, 8, 123, 1104, 61;
32, 281, 15, 478, 244, 8, 127, 1098, 61;
32, 278, 14, 488, 223, 3, 125, 1086, 55;
28, 272, 9, 486, 191, -11, 109, 1061, 36;
36, 277, 16, 521, 196, 10, 140, 1082, 64;
33, 272, 12, 522, 168, 0, 129, 1062, 50;
31, 268, 10, 526, 144, -6, 124, 1048, 42;
33, 268, 12, 540, 130, -2, 132, 1046, 48;
38, 270, 15, 560, 123, 9, 148, 1054, 62;
36, 266, 13, 560, 98, 2, 142, 1039, 54;
32, 260, 9, 552, 65, -10, 126, 1015, 37;
36, 262, 13, 569, 59, 1, 143, 1023, 53;
34, 258, 11, 566, 33, -4, 136, 1008, 44;
34, 256, 11, 568, 14, -4, 136, 1001, 44;
39, 259, 16, 583, 9, 9, 154, 1011, 62;
35, 253, 11, 568, -23, -4, 136, 987, 45;
38, 254, 15, 577, -31, 6, 150, 993, 59;
38, 252, 14, 573, -52, 5, 148, 985, 58;
37, 250, 14, 567, -73, 3, 144, 975, 55;
33, 245, 11, 552, -101, -5, 131, 957, 44;
36, 246, 14, 554, -110, 3, 141, 962, 55;
34, 243, 12, 541, -133, -1, 133, 949, 49;
35, 243, 14, 538, -146, 4, 138, 949, 56;
32, 239, 11, 519, -172, -3, 125, 932, 46;
35, 241, 15, 520, -177, 8, 138, 941, 61;
28, 233, 9, 486, -214, -11, 109, 909, 36;
33, 238, 15, 493, -210, 9, 131, 929, 62;
30, 234, 13, 470, -234, 1, 118, 913, 52;
32, 235, 16, 464, -240, 10, 126, 919, 64;
26, 229, 11, 432, -269, -3, 103, 896, 46;
27, 230, 14, 421, -277, 3, 108, 899, 55;
26, 229, 14, 403, -290, 4, 104, 895, 56;
20, 223, 9, 369, -317, -10, 81, 872, 38;
23, 226, 13, 359, -318, 1, 90, 882, 52;
19, 223, 11, 332, -336, -4, 77, 870, 44;
20, 223, 13, 315, -341, 0, 79, 873, 52;
21, 225, 16, 301, -343, 9, 84, 880, 62;
19, 223, 15, 275, -355, 6, 75, 873, 59;
17, 223, 15, 250, -364, 6, 69, 869, 59;
16, 223, 16, 228, -369, 9, 66, 870, 62;
14, 221, 15, 202, -377, 7, 57, 865, 60;
13, 221, 15, 176, -383, 8, 52, 864, 61;
12, 221, 16, 152, -387, 9, 47, 863, 62;
5, 216, 11, 110, -406, -5, 22, 843, 44;
2, 214, 10, 80, -413, -9, 10, 837, 39;
6, 219, 15, 70, -399, 7, 24, 857, 60;
5, 220, 16, 47, -397, 11, 22, 861, 64;
4, 221, 16, 21, -397, 12, 17, 862, 65;
-1, 216, 12, -20, -412, -2, -7, 844, 48;
-4, 215, 11, -50, -414, -5, -18, 840, 43;
-3, 218, 13, -69, -404, 2, -14, 851, 53;
-4, 219, 15, -91, -396, 6, -15, 857, 59;
-10, 215, 10, -131, -406, -6, -39, 842, 42;
-10, 217, 12, -153, -397, -2, -40, 849, 48;
-9, 220, 14, -172, -384, 5, -37, 860, 57;
-14, 218, 11, -206, -387, -3, -55, 852, 46;
-14, 220, 13, -227, -375, 0, -55, 860, 51;
-18, 218, 10, -261, -376, -8, -73, 851, 40;
-15, 224, 15, -269, -352, 6, -60, 874, 59;
-17, 224, 14, -294, -343, 5, -67, 876, 58;
-17, 226, 15, -313, -329, 9, -68, 884, 62;
-19, 227, 15, -335, -318, 8, -74, 888, 61;
-22, 227, 13, -362, -312, 2, -87, 885, 54;
-21, 230, 15, -377, -294, 8, -85, 897, 61;
-27, 226, 11, -411, -296, -6, -108, 884, 43;
-29, 227, 10, -431, -282, -6, -114, 888, 42;
-25, 234, 15, -433, -252, 9, -98, 913, 62;
-30, 231, 11, -462, -250, -4, -119, 903, 45;
-31, 233, 11, -478, -234, -4, -123, 908, 45;
-28, 238, 15, -480, -205, 8, -111, 930, 61;
-31, 237, 13, -501, -196, 1, -123, 928, 52;
-30, 241, 15, -509, -174, 6, -120, 940, 58;
-35, 238, 10, -534, -170, -7, -140, 929, 41;
-34, 242, 12, -538, -146, -1, -135, 944, 49;
-34, 244, 13, -544, -125, 1, -133, 954, 52;
-31, 249, 16, -541, -96, 11, -123, 974, 65;
-34, 249, 14, -555, -85, 4, -134, 971, 56;
-38, 247, 10, -573, -78, -8, -150, 963, 40;
-35, 252, 13, -566, -48, 2, -138, 984, 54;
-34, 255, 14, -566, -26, 5, -135, 995, 58;
-33, 258, 16, -564, -3, 9, -131, 1006, 62;
-33, 260, 16, -563, 17, 10, -129, 1015, 64;
-39, 256, 10, -580, 17, -8, -152, 999, 40;
-37, 259, 12, -573, 41, -3, -146, 1012, 46;
-35, 263, 13, -564, 66, 1, -138, 1026, 53;
-35, 264, 12, -562, 82, 0, -140, 1030, 50;
-31, 270, 16, -543, 114, 12, -123, 1053, 66;
-31, 271, 16, -536, 132, 11, -122, 1059, 65;
-32, 271, 14, -535, 143, 4, -128, 1057, 56;
-37, 267, 9, -541, 145, -11, -145, 1044, 37;
-32, 274, 13, -516, 177, 2, -125, 1068, 54;
-35, 271, 9, -516, 181, -9, -138, 1059, 38;
-28, 279, 16, -483, 219, 10, -109, 1090, 63;
-30, 278, 13, -477, 226, 1, -117, 1086, 53;
-25, 283, 16, -452, 252, 11, -101, 1104, 65;
-30, 278, 10, -454, 249, -6, -119, 1087, 42;
-24, 285, 15, -421, 280, 9, -95, 1112, 62;
-29, 280, 9, -422, 275, -10, -115, 1093, 38;
-25, 284, 12, -394, 296, -2, -100, 1108, 48;
-24, 285, 12, -374, 310, -1, -94, 1114, 49;
-23, 286, 12, -353, 321, -2, -89, 1118, 48;
-22, 287, 12, -333, 332, -3, -86, 1121, 46;
-15, 293, 16, -295, 358, 12, -61, 1144, 66;
-15, 293, 16, -275, 365, 9, -59, 1144, 62;
-16, 291, 12, -261, 364, 0, -65, 1135, 49;
-14, 292, 13, -234, 375, 1, -56, 1141, 53;
-12, 293, 14, -208, 384, 3, -48, 1145, 54;
-9, 296, 15, -177, 396, 8, -35, 1155, 61;
-8, 295, 14, -154, 399, 5, -33, 1153, 57;
-5, 297, 15, -124, 407, 9, -21, 1160, 62;
-5, 296, 14, -102, 407, 4, -20, 1156, 57;
-5, 294, 12, -82, 403, -1, -22, 1148, 48;
-4, 293, 11, -58, 403, -4, -19, 1146, 45;
-2, 294, 12, -29, 406, -2, -9, 1149, 47;
0, 296, 13, 2, 412, 2, 3, 1156, 54;
3, 297, 15, 33, 415, 6, 14, 1160, 59;
0, 291, 9, 42, 397, -10, 0, 1138, 37;
5, 295, 13, 82, 406, 1, 21, 1152, 52;
4, 292, 10, 99, 394, -8, 16, 1139, 40;
11, 297, 16, 143, 407, 9, 44, 1160, 62;
8, 292, 11, 154, 388, -5, 33, 1140, 44;
13, 294, 14, 190, 392, 4, 51, 1150, 56;
16, 295, 16, 221, 390, 9, 64, 1154, 63;
11, 288, 9, 225, 363, -10, 45, 1126, 37;
20, 295, 16, 272, 376, 11, 79, 1150, 65;
15, 287, 10, 276, 348, -7, 60, 1122, 41;
19, 289, 12, 305, 344, -1, 74, 1127, 49;
22, 290, 15, 336, 341, 6, 89, 1132, 58;
23, 288, 13, 353, 325, 2, 90, 1123, 53;
26, 288, 15, 380, 319, 7, 102, 1125, 60;
23, 283, 12, 389, 295, -3, 93, 1107, 46;
23, 280, 10, 402, 275, -9, 90, 1094, 39;
25, 280, 11, 425, 265, -5, 100, 1094, 44;
24, 277, 9, 435, 244, -12, 96, 1080, 36;
28, 278, 12, 461, 238, -2, 112, 1086, 47;
28, 275, 10, 472, 217, -7, 110, 1074, 41;
29, 274, 11, 488, 203, -5, 116, 1071, 44;
31, 273, 12, 504, 188, -3, 122, 1067, 47;
32, 272, 12, 517, 172, -1, 127, 1063, 48;
34, 272, 13, 532, 159, 2, 134, 1061, 53;
33, 268, 12, 537, 136, -2, 131, 1048, 48;
32, 265, 10, 539, 111, -8, 125, 1034, 40;
34, 265, 12, 553, 99, -2, 135, 1035, 48;
38, 266, 15, 570, 91, 8, 149, 1041, 61;
39, 266, 16, 577, 75, 11, 154, 1037, 64;
37, 262, 14, 575, 49, 5, 148, 1023, 57;
32, 254, 9, 560, 13, -12, 127, 994, 35;
39, 260, 16, 583, 16, 10, 155, 1015, 63;
39, 258, 16, 583, -3, 9, 154, 1007, 63;
34, 251, 10, 565, -38, -6, 134, 979, 42;
34, 249, 11, 563, -57, -5, 134, 973, 43;
33, 247, 10, 557, -78, -8, 130, 963, 40;
32, 244, 9, 548, -100, -11, 125, 952, 36;
35, 245, 12, 552, -108, 0, 136, 958, 50;
33, 243, 11, 542, -130, -3, 131, 948, 46;
35, 244, 14, 541, -140, 4, 139, 951, 56;
32, 239, 12, 523, -165, -2, 127, 935, 47;
36, 242, 16, 525, -170, 9, 140, 944, 63;
34, 240, 15, 511, -189, 8, 135, 936, 61;
27, 232, 9, 478, -225, -11, 107, 906, 37;
31, 235, 14, 478, -226, 3, 122, 918, 55;
28, 231, 12, 456, -248, -2, 110, 904, 47;
26, 229, 11, 436, -266, -5, 103, 895, 44;
26, 229, 12, 423, -276, 0, 104, 896, 50;
26, 229, 14, 408, -286, 2, 104, 895, 54;
22, 224, 10, 378, -311, -8, 85, 876, 40;
19, 222, 9, 354, -327, -11, 76, 867, 36;
24, 227, 15, 351, -320, 6, 94, 886, 59;
22, 225, 14, 327, -334, 4, 85, 879, 56;
19, 223, 13, 300, -348, 1, 76, 871, 52;
14, 218, 9, 266, -369, -9, 56, 853, 38;
13, 218, 10, 243, -377, -9, 51, 851, 39;
16, 221, 14, 232, -371, 4, 62, 865, 56;
16, 223, 16, 214, -371, 11, 64, 871, 65;
9, 217, 11, 171, -395, -6, 36, 846, 43;
5, 214, 9, 139, -406, -11, 23, 838, 36;
10, 220, 15, 133, -391, 8, 41, 860, 61;
9, 221, 16, 109, -392, 10, 38, 862, 64;
5, 218, 13, 74, -403, 2, 21, 851, 54;
2, 216, 12, 42, -410, -2, 8, 844, 48;
3, 219, 15, 24, -403, 6, 12, 854, 58;
1, 219, 14, -3, -403, 5, 5, 854, 58;
0, 219, 15, -28, -401, 7, 0, 857, 60;
-2, 218, 14, -58, -402, 4, -9, 854, 56;
-3, 219, 14, -84, -399, 5, -15, 855, 57;
-9, 215, 10, -123, -408, -6, -37, 841, 42;
-11, 216, 10, -150, -404, -7, -44, 842, 41;
-13, 216, 10, -176, -399, -7, -51, 844, 41;
-14, 217, 11, -199, -390, -5, -54, 849, 44;
-17, 216, 9, -231, -390, -11, -69, 844, 36;
-12, 224, 16, -234, -361, 9, -48, 873, 63;
-19, 219, 10, -276, -370, -8, -76, 854, 40;
-22, 218, 9, -304, -364, -11, -87, 853, 36;
-18, 224, 14, -311, -338, 3, -73, 877, 55;
-21, 224, 12, -337, -332, 0, -84, 875, 50;
-20, 227, 14, -352, -313, 6, -81, 888, 58;
-25, 226, 12, -382, -310, -3, -98, 881, 47;
-28, 225, 10, -407, -302, -8, -109, 879, 40;
-26, 229, 13, -417, -280, 0, -103, 895, 51;
-24, 234, 16, -424, -254, 11, -93, 915, 65;
-30, 230, 11, -458, -255, -4, -118, 900, 45;
-27, 235, 15, -462, -229, 6, -108, 920, 58;
-30, 235, 12, -484, -219, 0, -120, 917, 50;
-33, 235, 11, -502, -207, -3, -128, 919, 46;
-36, 235, 9, -521, -196, -10, -140, 917, 37;
-35, 238, 11, -529, -174, -6, -137, 929, 43;
-32, 243, 14, -528, -145, 5, -126, 949, 57;
-33, 244, 14, -539, -129, 3, -130, 955, 55;
-33, 247, 15, -544, -107, 6, -128, 965, 59;
-34, 248, 13, -555, -93, 2, -135, 967, 54;
-38, 246, 10, -570, -84, -7, -149, 962, 41;
-38, 248, 10, -574, -64, -6, -149, 970, 42;
-38, 250, 11, -577, -44, -6, -149, 978, 43;
-35, 255, 13, -570, -17, 2, -139, 995, 53;
-37, 255, 12, -575, -2, -2, -145, 997, 48;
-33, 261, 15, -564, 28, 8, -131, 1018, 62;
-35, 260, 13, -569, 40, 1, -139, 1016, 53;
-34, 263, 14, -562, 63, 5, -134, 1028, 57;
-32, 267, 16, -551, 88, 11, -125, 1043, 65;
-39, 261, 9, -569, 83, -11, -153, 1020, 36;
-37, 264, 10, -558, 106, -7, -146, 1033, 41;
-32, 270, 14, -537, 137, 5, -128, 1055, 57;
-37, 267, 9, -544, 140, -10, -145, 1043, 37;
-32, 273, 13, -521, 170, 1, -128, 1064, 52;
-29, 277, 16, -500, 197, 11, -113, 1083, 64;
-28, 278, 16, -488, 212, 9, -112, 1087, 62;
-28, 279, 15, -477, 226, 7, -111, 1090, 59;
-26, 282, 16, -457, 247, 11, -102, 1102, 65;
-30, 279, 11, -457, 247, -3, -117, 1088, 46;
-31, 278, 9, -446, 255, -10, -121, 1086, 37;
-23, 286, 16, -408, 289, 9, -92, 1116, 62;
-21, 288, 16, -387, 305, 11, -85, 1124, 65;
-21, 288, 15, -371, 315, 7, -84, 1124, 60;
-26, 283, 9, -369, 309, -10, -102, 1105, 37;
-22, 287, 12, -339, 329, -2, -86, 1120, 48;
-19, 290, 13, -312, 345, 2, -74, 1131, 54;
-17, 291, 14, -288, 356, 3, -68, 1135, 55;
-17, 290, 12, -269, 360, -1, -68, 1133, 49;
-16, 291, 12, -246, 368, -2, -63, 1135, 48;
-14, 291, 12, -222, 375, -2, -57, 1137, 47;
-14, 290, 10, -201, 378, -7, -57, 1134, 41;
-13, 291, 10, -176, 383, -8, -52, 1136, 40;
-12, 290, 9, -154, 385, -11, -49, 1133, 36;
-7, 294, 12, -117, 400, 0, -29, 1148, 50;
-6, 294, 11, -93, 401, -3, -26, 1146, 46;
-5, 293, 11, -67, 402, -4, -21, 1146, 45;
-4, 293, 10, -43, 401, -7, -18, 1143, 41;
-4, 291, 9, -20, 397, -11, -17, 1138, 36;
-2, 292, 9, 7, 398, -10, -9, 1139, 37;
3, 296, 13, 46, 410, 1, 13, 1154, 53;
3, 294, 12, 70, 404, -1, 15, 1149, 48;
4, 293, 11, 93, 398, -4, 18, 1144, 44;
6, 292, 11, 119, 394, -5, 23, 1141, 43;
9, 294, 13, 152, 396, 0, 38, 1148, 51;
8, 290, 10, 168, 381, -8, 33, 1134, 40;
12, 292, 12, 201, 382, -1, 48, 1141, 49;
13, 291, 11, 224, 372, -3, 52, 1135, 46;
16, 291, 13, 253, 368, 0, 63, 1138, 52;
14, 287, 9, 266, 349, -9, 56, 1121, 38;
19, 289, 13, 299, 349, 0, 74, 1130, 51;
21, 289, 13, 325, 341, 2, 83, 1129, 54;
19, 285, 11, 338, 321, -6, 77, 1114, 43;
22, 285, 12, 362, 312, -3, 87, 1113, 47;
21, 282, 10, 377, 293, -9, 84, 1101, 39;
27, 285, 14, 409, 293, 3, 105, 1113, 55;
30, 286, 16, 435, 287, 11, 119, 1116, 64;
27, 280, 12, 440, 259, -1, 107, 1095, 48;
29, 280, 13, 459, 246, 0, 115, 1092, 51;
30, 278, 12, 474, 229, 0, 117, 1085, 50;
29, 275, 11, 484, 209, -4, 115, 1074, 45;
34, 278, 15, 511, 206, 9, 136, 1084, 62;
29, 269, 9, 503, 168, -11, 113, 1052, 36;
36, 275, 16, 536, 173, 10, 143, 1073, 63;
32, 268, 11, 530, 138, -6, 125, 1046, 43;
36, 270, 15, 551, 132, 6, 143, 1054, 58;
36, 267, 14, 556, 111, 3, 142, 1044, 55;
35, 264, 12, 559, 89, 0, 138, 1032, 50;
38, 265, 15, 572, 77, 7, 149, 1035, 59;
35, 260, 12, 566, 48, -3, 137, 1015, 47;
39, 262, 15, 580, 40, 8, 152, 1022, 61;
35, 257, 12, 571, 11, -1, 140, 1002, 48;
34, 254, 11, 568, -11, -5, 136, 990, 44;
39, 256, 16, 582, -16, 9, 154, 1002, 62;
32, 248, 9, 558, -56, -11, 127, 968, 36;
34, 249, 11, 562, -67, -3, 136, 971, 46;
35, 248, 13, 561, -83, 0, 139, 968, 50;
32, 244, 10, 547, -109, -7, 128, 952, 41;
32, 242, 10, 541, -127, -6, 127, 946, 42;
31, 239, 9, 529, -149, -10, 121, 935, 37;
34, 241, 13, 531, -155, 1, 133, 943, 53;
35, 241, 15, 526, -167, 6, 137, 943, 59;
35, 240, 15, 516, -182, 9, 137, 939, 62;
35, 240, 16, 505, -197, 11, 136, 936, 65;
30, 234, 12, 478, -225, 0, 118, 915, 49;
33, 236, 16, 474, -230, 10, 128, 923, 64;
25, 228, 9, 438, -265, -9, 99, 892, 38;
27, 230, 13, 430, -270, 0, 107, 899, 51;
27, 230, 14, 416, -280, 4, 108, 899, 56;
24, 227, 12, 391, -299, 0, 96, 887, 49;
22, 225, 11, 368, -315, -4, 87, 878, 45;
25, 228, 16, 361, -313, 10, 100, 891, 63;
20, 223, 12, 327, -337, -2, 78, 871, 47;
16, 220, 10, 297, -355, -9, 64, 858, 39;
17, 221, 12, 282, -358, -2, 68, 864, 48;
16, 221, 12, 259, -366, -1, 63, 862, 49;
14, 220, 12, 235, -373, 0, 58, 860, 50;
13, 219, 12, 210, -382, -1, 51, 856, 49;
9, 216, 10, 176, -396, -8, 35, 844, 39;
6, 215, 9, 148, -405, -11, 25, 838, 36;
4, 214, 9, 121, -410, -12, 18, 836, 36;
5, 216, 11, 103, -406, -3, 22, 845, 46;
3, 216, 11, 76, -410, -4, 14, 843, 45;
6, 220, 15, 62, -399, 8, 24, 858, 62;
4, 220, 16, 37, -399, 10, 19, 859, 63;
0, 217, 12, 0, -410, 0, 0, 846, 50;
-4, 214, 10, -35, -418, -8, -17, 836, 39;
-1, 219, 15, -47, -401, 6, -4, 856, 59;
-1, 220, 16, -70, -395, 10, -7, 861, 63;
-5, 219, 14, -102, -397, 5, -20, 856, 57;
-4, 222, 16, -121, -386, 12, -18, 866, 66;
-12, 216, 11, -165, -399, -5, -47, 845, 43;
-9, 221, 14, -179, -381, 5, -38, 862, 58;
-15, 218, 11, -216, -386, -5, -58, 851, 44;
-12, 222, 15, -228, -366, 7, -49, 869, 59;
-16, 221, 13, -259, -364, 1, -63, 865, 52;
-15, 224, 15, -276, -347, 8, -60, 877, 61;
-15, 226, 16, -296, -334, 11, -62, 885, 65;
-19, 226, 15, -323, -329, 6, -74, 882, 58;
-20, 227, 14, -346, -318, 5, -81, 885, 57;
-26, 223, 10, -381, -320, -8, -103, 872, 39;
-25, 227, 12, -394, -300, -1, -99, 886, 48;
-25, 230, 13, -409, -282, 2, -98, 897, 54;
-30, 227, 9, -441, -281, -10, -120, 885, 37;
-25, 234, 15, -438, -247, 8, -100, 915, 62;
-27, 235, 15, -457, -234, 6, -107, 918, 59;
-31, 234, 12, -482, -227, -2, -122, 912, 47;
-29, 238, 14, -488, -203, 5, -116, 928, 57;
-35, 235, 10, -516, -200, -8, -137, 917, 39;
-29, 243, 16, -507, -162, 12, -114, 949, 66;
-32, 243, 14, -525, -151, 4, -125, 947, 57;
-36, 240, 10, -547, -146, -7, -143, 938, 41;
-37, 242, 10, -555, -128, -7, -145, 945, 41;
-38, 243, 10, -565, -111, -9, -150, 950, 39;
-35, 249, 13, -559, -80, 2, -136, 971, 53;
-37, 248, 11, -570, -68, -4, -146, 970, 45;
-33, 255, 16, -560, -35, 9, -129, 995, 63;
-34, 256, 15, -565, -18, 7, -133, 999, 59;
-33, 259, 16, -563, 3, 10, -130, 1010, 63;
-33, 260, 15, -564, 21, 8, -131, 1015, 61;
-37, 258, 11, -576, 28, -4, -147, 1006, 45;
-35, 262, 14, -566, 54, 3, -137, 1023, 54;
-39, 259, 9, -576, 59, -11, -154, 1012, 37;
-37, 262, 10, -566, 82, -6, -147, 1025, 42;
-37, 264, 11, -559, 102, -5, -144, 1033, 43;
-33, 269, 13, -543, 129, 2, -132, 1050, 54;
-32, 272, 14, -531, 150, 5, -126, 1061, 58;
-35, 270, 11, -532, 157, -5, -138, 1053, 43;
-34, 271, 11, -521, 174, -6, -135, 1059, 43;
-34, 272, 10, -510, 190, -7, -134, 1064, 41;
-34, 273, 9, -499, 204, -9, -134, 1067, 38;
-33, 275, 9, -484, 220, -9, -130, 1073, 38;
-30, 278, 11, -463, 241, -4, -119, 1086, 45;
-30, 279, 11, -447, 255, -5, -117, 1090, 43;
-23, 286, 16, -413, 286, 11, -91, 1116, 64;
-25, 284, 13, -404, 290, 0, -99, 1109, 52;
-23, 286, 13, -383, 305, 2, -92, 1116, 54;
-23, 286, 12, -366, 314, -1, -92, 1116, 49;
-23, 286, 11, -349, 322, -5, -91, 1116, 44;
-23, 286, 10, -330, 331, -7, -89, 1116, 41;
-16, 292, 15, -292, 356, 7, -65, 1139, 60;
-14, 293, 16, -266, 368, 9, -56, 1146, 63;
-17, 289, 11, -258, 362, -5, -70, 1130, 43;
-11, 295, 16, -218, 385, 9, -44, 1152, 62;
-12, 293, 13, -200, 385, 1, -48, 1145, 53;
-12, 292, 11, -181, 385, -4, -49, 1140, 45;
-8, 294, 13, -149, 397, 2, -34, 1150, 53;
-7, 295, 13, -123, 401, 1, -29, 1151, 53;
-7, 293, 11, -102, 400, -3, -28, 1146, 46;
-7, 292, 10, -80, 398, -8, -28, 1141, 40;
0, 298, 16, -34, 419, 10, 2, 1165, 64;
-2, 294, 11, -22, 405, -4, -10, 1147, 45;
-2, 292, 10, 0, 400, -9, -9, 1140, 39;
0, 292, 10, 27, 400, -8, -2, 1141, 39;
6, 297, 15, 70, 414, 7, 24, 1161, 60;
6, 296, 13, 92, 407, 2, 25, 1154, 54;
6, 293, 12, 113, 398, -3, 24, 1145, 46;
6, 291, 10, 134, 388, -8, 24, 1137, 40;
11, 294, 13, 170, 393, 1, 43, 1148, 52;
9, 290, 9, 184, 375, -9, 35, 1131, 38;
13, 291, 12, 217, 376, -2, 51, 1138, 48;
16, 292, 13, 246, 372, 1, 63, 1140, 53;
16, 290, 12, 267, 360, -1, 65, 1133, 49;
21, 293, 16, 302, 362, 10, 85, 1144, 63;
18, 287, 11, 310, 338, -4, 72, 1122, 45;
17, 284, 9, 325, 319, -11, 69, 1108, 36;
22, 286, 12, 357, 318, -1, 87, 1117, 49;
23, 285, 12, 377, 305, -2, 91, 1112, 48;
27, 286, 14, 404, 299, 4, 105, 1115, 57;
22, 279, 9, 406, 268, -11, 89, 1090, 36;
25, 279, 10, 428, 258, -8, 98, 1089, 40;
27, 279, 11, 449, 246, -4, 107, 1088, 45;
29, 278, 13, 469, 235, 0, 116, 1087, 50;
27, 274, 9, 473, 208, -10, 107, 1068, 37;
29, 273, 10, 490, 195, -7, 114, 1065, 41;
29, 271, 10, 502, 177, -8, 116, 1059, 40;
30, 269, 9, 513, 158, -9, 117, 1050, 38;
35, 272, 14, 537, 154, 4, 137, 1061, 56;
37, 272, 16, 552, 142, 9, 146, 1061, 62;
34, 266, 12, 547, 111, -3, 133, 1038, 47;
38, 268, 15, 565, 103, 8, 148, 1045, 61;
38, 265, 15, 570, 83, 6, 148, 1036, 59;
38, 263, 14, 573, 63, 5, 148, 1028, 58;
38, 261, 14, 576, 44, 5, 148, 1021, 57;
37, 259, 14, 576, 22, 3, 147, 1011, 55;
34, 254, 10, 566, -7, -7, 133, 990, 41;
37, 255, 14, 576, -15, 3, 147, 997, 55;
36, 252, 12, 570, -39, -1, 140, 984, 49;
38, 252, 15, 574, -51, 6, 149, 986, 58;
38, 251, 15, 571, -69, 7, 149, 980, 60;
38, 250, 15, 566, -86, 8, 149, 975, 61;
33, 243, 11, 544, -120, -6, 129, 949, 43;
37, 246, 16, 552, -123, 9, 146, 962, 62;
31, 239, 11, 527, -157, -6, 124, 935, 42;
34, 241, 14, 527, -164, 4, 135, 942, 56;
31, 237, 12, 508, -189, -3, 123, 926, 47;
33, 238, 14, 504, -197, 5, 131, 931, 58;
32, 236, 14, 488, -215, 3, 125, 922, 55;
31, 235, 15, 475, -229, 6, 124, 919, 58;
32, 235, 16, 463, -241, 9, 124, 918, 63;
31, 234, 16, 448, -254, 11, 123, 915, 65;
26, 229, 12, 417, -280, 0, 103, 894, 50;
27, 230, 14, 404, -288, 5, 106, 897, 57;
22, 225, 11, 374, -312, -5, 87, 878, 44;
23, 226, 13, 361, -317, 2, 92, 883, 54;
25, 228, 16, 348, -320, 11, 97, 890, 64;
16, 219, 9, 303, -354, -11, 63, 857, 36;
17, 221, 11, 287, -357, -4, 67, 862, 45;
15, 219, 11, 262, -368, -6, 58, 856, 43;
17, 222, 15, 250, -364, 6, 68, 869, 58;
15, 221, 14, 224, -374, 4, 60, 864, 56;
10, 217, 11, 189, -390, -4, 42, 850, 44;
9, 217, 11, 164, -395, -3, 37, 849, 46;
11, 221, 15, 151, -388, 8, 46, 862, 61;
5, 215, 10, 109, -408, -7, 19, 841, 41;
3, 215, 10, 82, -412, -7, 13, 839, 41;
5, 218, 14, 66, -403, 3, 20, 852, 55;
2, 217, 13, 36, -408, 0, 9, 848, 51;
4, 221, 16, 21, -397, 12, 17, 862, 65;
-4, 214, 10, -27, -418, -9, -15, 835, 39;
-1, 218, 14, -40, -404, 4, -5, 852, 56;
-7, 214, 10, -80, -415, -9, -29, 837, 39;
-3, 220, 15, -90, -395, 7, -14, 859, 60;
-9, 216, 11, -129, -404, -4, -36, 845, 45;
-12, 216, 10, -159, -402, -7, -47, 842, 41;
-10, 219, 13, -175, -387, 1, -41, 857, 53;
-10, 222, 15, -193, -374, 8, -39, 868, 62;
-12, 222, 15, -220, -368, 7, -46, 869, 60;
-14, 222, 14, -247, -362, 5, -56, 869, 57;
-17, 222, 13, -275, -358, 1, -67, 867, 52;
-20, 221, 11, -303, -353, -3, -79, 864, 46;
-17, 227, 16, -312, -329, 9, -68, 885, 63;
-21, 225, 13, -341, -324, 2, -82, 881, 54;
-26, 222, 9, -376, -326, -10, -104, 868, 37;
-28, 223, 9, -397, -314, -11, -110, 872, 36;
-22, 232, 16, -394, -278, 11, -86, 906, 65;
-24, 232, 15, -416, -267, 8, -95, 907, 61;
-29, 229, 11, -446, -265, -4, -115, 896, 45;
-26, 235, 15, -451, -238, 7, -104, 917, 60;
-27, 237, 15, -465, -221, 8, -106, 925, 62;
-28, 238, 15, -480, -205, 8, -110, 931, 61;
-28, 241, 16, -490, -185, 12, -109, 941, 66;
-32, 239, 13, -514, -179, 0, -127, 933, 51;
-35, 239, 11, -531, -168, -5, -137, 932, 44;
-32, 243, 14, -532, -140, 4, -127, 951, 56;
-30, 248, 16, -533, -114, 12, -120, 967, 66;
-36, 244, 11, -557, -112, -4, -143, 953, 45;
-34, 249, 14, -555, -84, 4, -133, 972, 56;
-36, 248, 12, -568, -73, -2, -144, 970, 47;
-36, 251, 12, -570, -52, -1, -143, 979, 49;
-34, 255, 15, -565, -25, 6, -134, 995, 58;
-39, 252, 9, -583, -22, -9, -154, 982, 38;
-38, 255, 11, -578, 1, -4, -148, 996, 44;
-33, 261, 15, -563, 34, 8, -131, 1020, 61;
-34, 262, 14, -564, 50, 5, -134, 1023, 58;
-38, 260, 11, -572, 58, -6, -148, 1016, 43;
-37, 262, 11, -566, 78, -5, -146, 1024, 44;
-36, 265, 11, -559, 98, -3, -142, 1033, 46;
-31, 271, 16, -537, 131, 10, -123, 1058, 64;
-31, 272, 15, -531, 146, 8, -124, 1061, 61;
-33, 271, 13, -528, 158, 1, -129, 1060, 52;
-31, 274, 14, -515, 178, 3, -124, 1069, 55;
-32, 274, 13, -507, 191, 0, -126, 1071, 50;
-35, 272, 9, -504, 197, -11, -136, 1064, 37;
-30, 278, 13, -478, 225, 0, -118, 1084, 51;
-31, 277, 10, -471, 233, -7, -124, 1080, 42;
-31, 277, 9, -457, 246, -9, -123, 1083, 38;
-26, 283, 14, -427, 274, 3, -103, 1105, 54;
-23, 286, 16, -402, 294, 9, -90, 1118, 62;
-24, 285, 13, -390, 300, 1, -95, 1113, 53;
-20, 289, 15, -363, 320, 8, -81, 1127, 62;
-24, 285, 10, -358, 316, -6, -96, 1112, 42;
-20, 289, 13, -327, 337, 2, -79, 1128, 53;
-20, 288, 11, -311, 342, -3, -81, 1124, 46;
-15, 292, 15, -277, 363, 7, -61, 1141, 59;
-19, 288, 9, -270, 355, -10, -77, 1123, 38;
-15, 292, 12, -236, 373, 0, -59, 1138, 50;
-14, 292, 12, -213, 378, -2, -55, 1138, 47;
-10, 295, 14, -180, 392, 5, -39, 1151, 57;
-11, 292, 11, -165, 388, -4, -45, 1140, 44;
-5, 297, 16, -123, 409, 10, -20, 1161, 64;
-6, 295, 13, -105, 404, 2, -23, 1153, 53;
-2, 298, 15, -72, 414, 8, -9, 1162, 61;
-1, 297, 15, -47, 415, 6, -4, 1160, 59;
-5, 291, 9, -39, 397, -12, -21, 1137, 35;
17, 5, 6, 3216, 4073, 1792, 68, 22, 24;
20, 26, 11, 2170, 5154, 2495, 78, 103, 46;
10, 14, 9, 2919, 3213, 2459, 41, 55, 38;
19, 18, 10, 3711, 4880, 1544, 75, 72, 39;
11, 28, 6, 3032, 2828, 1653, 45, 111, 26;
15, 23, 6, 3179, 3210, 1370, 61, 91, 25;
5, 13, 9, 2037, 2295, 1006, 20, 53, 36;
19, 12, 9, 1836, 3144, 1892, 75, 49, 35;
16, 14, 7, 3481, 2223, 1131, 64, 55, 29;
12, 24, 3, 1734, 3322, 2780, 48, 96, 14;
7, 7, 11, 4000, 2602, 1448, 28, 30, 46;
18, 22, 0, 4031, 1836, 1120, 73, 87, 1;
15, 29, 10, 4300, 3878, 1495, 60, 116, 41;
11, 18, 6, 2985, 2059, 2685, 44, 72, 24;
4, 11, 1, 3918, 4843, 1765, 19, 46, 4;
11, 0, 6, 3665, 2238, 1845, 43, 0, 24;
7, 13, 6, 2256, 4119, 1327, 29, 53, 26;
12, 17, 11, 1815, 4055, 2721, 49, 67, 44;
5, 2, 11, 4380, 2057, 1195, 19, 10, 43;
7, 25, 10, 3051, 4077, 1534, 27, 97, 42;
18, 1, 1, 2587, 2036, 1075, 71, 6, 6;
12, 28, 11, 2019, 4246, 2556, 48, 111, 46;
9, 15, 0, 3671, 2318, 2703, 35, 61, 0;
1, 6, 8, 2837, 1860, 2381, 6, 25, 32;
5, 28, 10, 2235, 1818, 2525, 20, 111, 41;
3, 3, 10, 2965, 3045, 2472, 14, 12, 39;
0, 1, 12, 1722, 4389, 2360, 0, 4, 49;
9, 10, 8, 1709, 2236, 1648, 35, 40, 33;
5, 0, 10, 3634, 3791, 1036, 20, 0, 40;
6, 17, 7, 3926, 3347, 1204, 24, 69, 29;
13, 16, 4, 3952, 2950, 2414, 54, 64, 17;
14, 5, 8, 3463, 4063, 1482, 58, 20, 34;
11, 18, 11, 2703, 1931, 1096, 46, 70, 45;
18, 18, 5, 3446, 2037, 1250, 72, 73, 20;
10, 27, 9, 1629, 3326, 2790, 41, 105, 36;
11, 29, 2, 2928, 3038, 2489, 45, 113, 9;
2, 9, 5, 1732, 2211, 1555, 10, 38, 21;
5, 7, 1, 1870, 4955, 2847, 22, 30, 4;
14, 29, 7, 3013, 3199, 2759, 55, 113, 31;
2, 22, 8, 2832, 2796, 2298, 10, 88, 32;
13, 4, 6, 2166, 2240, 1332, 53, 16, 26;
20, 23, 2, 3549, 2145, 2275, 78, 91, 8;
18, 9, 10, 3772, 1988, 1129, 72, 36, 41;
17, 2, 0, 3373, 4862, 2575, 69, 9, 2;
10, 9, 0, 3538, 4443, 2865, 41, 37, 0;
6, 11, 8, 3702, 2066, 2041, 23, 46, 33;
9, 16, 7, 3602, 2684, 2213, 35, 62, 29;
1, 15, 1, 2057, 4592, 2667, 7, 61, 6;
8, 20, 6, 4241, 2538, 1373, 34, 81, 24;
17, 30, 6, 3216, 4434, 1597, 68, 119, 25;
18, 22, 9, 3024, 3469, 1625, 72, 87, 37;
13, 28, 5, 1770, 4826, 1142, 52, 111, 21;
18, 16, 1, 3022, 4111, 2834, 72, 63, 4;
20, 30, 1, 1601, 3772, 1952, 80, 118, 6;
10, 13, 3, 2176, 3747, 1314, 42, 52, 15;
15, 1, 11, 4155, 3651, 1574, 58, 4, 43;
18, 10, 0, 3109, 5148, 1715, 72, 39, 3;
6, 14, 10, 3682, 2724, 2492, 24, 54, 42;
4, 2, 10, 2006, 3351, 999, 18, 8, 41;
14, 10, 10, 2986, 5070, 1240, 56, 39, 41;
0, 10, 4, 3742, 4151, 1293, 3, 41, 17;
18, 11, 12, 2280, 2153, 1085, 72, 45, 49;
13, 13, 12, 3702, 2569, 1009, 52, 51, 50;
1, 16, 1, 3366, 3957, 1462, 7, 63, 5;
15, 3, 1, 4000, 4392, 2845, 59, 13, 3;
5, 24, 3, 2254, 2108, 2271, 19, 95, 13;
8, 4, 11, 2237, 4710, 2351, 31, 17, 42;
5, 19, 12, 3430, 3992, 1059, 22, 74, 50;
7, 18, 10, 3280, 3982, 2616, 30, 73, 40;
19, 5, 3, 2285, 2302, 1744, 75, 20, 15;
13, 18, 11, 4377, 3119, 1586, 54, 73, 43;
14, 22, 10, 3833, 3938, 2086, 56, 86, 42;
19, 22, 4, 1483, 5141, 2096, 77, 89, 19;
0, 29, 3, 4062, 2217, 1525, 0, 114, 14;
12, 10, 7, 3271, 4067, 1042, 50, 39, 29;
8, 13, 12, 2636, 4149, 2288, 32, 51, 50;
2, 0, 3, 2199, 5307, 2466, 9, 0, 13;
20, 25, 6, 2410, 4432, 1021, 80, 97, 26;
0, 12, 12, 3767, 2192, 2768, 3, 49, 48;
12, 24, 8, 3711, 3041, 1151, 46, 94, 31;
666, 892, 467, 5265, 4609, 3134, 2601, 3480, 1822;
577, 824, 355, 5037, 4407, 2989, 2254, 3217, 1387;
679, 969, 412, 4849, 4243, 2881, 2651, 3781, 1609;
522, 716, 416, 4641, 4059, 2751, 2036, 2796, 1623;
515, 693, 410, 4486, 3928, 2670, 2009, 2704, 1601;
602, 894, 325, 4282, 3745, 2537, 2350, 3486, 1268;
560, 713, 396, 4141, 3625, 2465, 2185, 2782, 1547;
581, 802, 375, 3982, 3486, 2371, 2267, 3128, 1463;
470, 740, 300, 3818, 3342, 2271, 1836, 2888, 1172;
405, 748, 324, 3664, 3206, 2177, 1580, 2917, 1265;
494, 613, 253, 3520, 3080, 2091, 1926, 2393, 987;
387, 586, 326, 3382, 2960, 2010, 1512, 2285, 1273;
428, 682, 237, 3241, 2835, 1922, 1669, 2662, 927;
439, 687, 258, 3114, 2724, 1847, 1713, 2683, 1009;
364, 668, 222, 2990, 2615, 1772, 1422, 2607, 867;
362, 545, 215, 2880, 2520, 1711, 1414, 2127, 841;
316, 539, 250, 2756, 2410, 1632, 1234, 2104, 976;
379, 609, 263, 2680, 2348, 1601, 1480, 2378, 1028;
306, 610, 178, 2538, 2219, 1501, 1193, 2382, 696;
316, 588, 176, 2454, 2147, 1457, 1235, 2294, 687;
331, 516, 195, 2377, 2082, 1419, 1293, 2015, 762;
315, 510, 183, 2281, 1998, 1361, 1231, 1989, 715;
262, 546, 160, 2185, 1913, 1301, 1023, 2129, 624;
267, 539, 190, 2102, 1840, 1252, 1042, 2104, 744;
279, 524, 183, 1998, 1747, 1182, 1089, 2046, 713;
273, 463, 135, 1913, 1672, 1129, 1066, 1808, 529;
248, 454, 179, 1874, 1642, 1121, 970, 1772, 699;
246, 498, 177, 1801, 1578, 1077, 962, 1944, 692;
251, 440, 168, 1708, 1494, 1013, 980, 1716, 655;
224, 491, 152, 1627, 1421, 959, 875, 1916, 596;
205, 399, 110, 1563, 1365, 921, 799, 1559, 429;
182, 397, 109, 1523, 1333, 907, 710, 1548, 427;
169, 401, 138, 1474, 1292, 882, 661, 1566, 539;
200, 459, 129, 1415, 1240, 845, 782, 1791, 505;
194, 447, 109, 1329, 1161, 782, 760, 1746, 426;
163, 414, 96, 1292, 1130, 766, 639, 1617, 375;
163, 389, 111, 1257, 1102, 753, 635, 1518, 433;
142, 425, 90, 1203, 1054, 718, 553, 1660, 353;
126, 396, 87, 1147, 1004, 681, 492, 1547, 341;
141, 381, 97, 1113, 975, 665, 551, 1489, 378;
147, 376, 77, 1069, 936, 638, 573, 1469, 300;
121, 355, 72, 1002, 875, 589, 475, 1386, 282;
108, 371, 80, 984, 861, 586, 422, 1448, 312;
103, 345, 67, 927, 809, 545, 404, 1346, 263;
112, 367, 87, 902, 789, 535, 438, 1434, 339;
103, 350, 72, 886, 777, 534, 403, 1365, 283;
104, 370, 80, 853, 749, 515, 409, 1446, 312;
107, 353, 63, 816, 716, 491, 420, 1378, 245;
107, 340, 69, 783, 686, 470, 419, 1327, 271;
99, 348, 66, 747, 655, 447, 389, 1357, 257;
108, 334, 56, 726, 637, 437, 423, 1304, 220;
81, 319, 63, 678, 592, 401, 318, 1247, 246;
75, 328, 63, 648, 566, 382, 296, 1281, 245;
86, 346, 47, 647, 569, 392, 337, 1352, 184;
75, 324, 43, 583, 508, 337, 294, 1267, 170;
73, 311, 39, 571, 498, 334, 288, 1214, 152;
72, 323, 39, 541, 471, 314, 283, 1262, 152;
65, 311, 42, 554, 487, 336, 256, 1216, 167;
56, 316, 39, 495, 431, 286, 220, 1236, 152;
51, 310, 41, 471, 409, 270, 199, 1209, 160;
60, 323, 31, 453, 393, 259, 236, 1260, 124;
61, 313, 41, 436, 379, 251, 241, 1223, 163;
55, 302, 32, 435, 380, 257, 217, 1180, 126;
55, 303, 31, 404, 352, 233, 214, 1182, 124;
58, 291, 30, 392, 341, 227, 226, 1135, 120;
54, 300, 41, 407, 358, 249, 213, 1173, 162;
51, 299, 31, 392, 345, 240, 201, 1167, 124;
52, 303, 33, 372, 327, 226, 206, 1184, 131;
41, 299, 29, 366, 323, 226, 163, 1169, 113;
44, 297, 27, 321, 280, 186, 172, 1160, 106;
50, 302, 28, 343, 303, 213, 195, 1181, 110;
47, 293, 31, 319, 281, 194, 184, 1144, 123;
35, 290, 25, 291, 254, 171, 138, 1133, 97;
37, 289, 18, 264, 229, 149, 147, 1127, 73;
31, 289, 24, 267, 233, 156, 122, 1130, 94;
35, 278, 18, 251, 218, 145, 139, 1087, 72;
33, 292, 18, 248, 216, 146, 128, 1141, 73;
26, 287, 19, 222, 191, 124, 101, 1122, 77;
29, 283, 21, 230, 201, 136, 114, 1104, 85;
29, 278, 21, 222, 194, 131, 116, 1084, 82;
1, 256, 0, -1, -1, -1, 4, 999, 2;
1, 256, 1, 1, 1, 1, 5, 1000, 3;
1, 256, 0, -1, -1, -1, 4, 999, 2;
1, 256, 0, -1, -1, -1, 4, 998, 2;
1, 256, 0, 0, 0, 0, 4, 999, 2;
1, 256, 0, -1, -1, -1, 4, 999, 2;
1, 256, 0, 0, 0, 0, 5, 1000, 3;
1, 256, 0, 0, 0, 0, 4, 999, 2;
1, 256, 0, 0, 0, 0, 5, 1000, 3;
1, 256, 0, 1, 1, 1, 5, 1000, 3;
1, 256, 1, 1, 1, 1, 6, 1000, 4;
1, 256, 0, 0, 0, 0, 5, 999, 2;
1, 256, 0, 0, 0, 0, 5, 1000, 3;
1, 256, 0, -1, -1, -1, 4, 999, 2;
1, 256, 0, 1, 1, 1, 5, 1000, 3;
1, 256, 0, 0, 0, 0, 4, 999, 2;
1, 256, 0, -1, -1, -1, 4, 999, 2;
1, 256, 0, 0, 0, 0, 5, 1000, 3;
1, 256, 0, -1, -1, -1, 4, 998, 1;
1, 256, 0, 0, 0, 0, 5, 1000, 3;
1, 256, 0, 0, 0, 0, 4, 999, 2;
1, 256, 0, -1, -1, -1, 4, 999, 2;
1, 256, 0, 0, 0, 0, 4, 999, 2;
1, 256, 0, 0, 0, 0, 5, 1000, 3;
1, 256, 0, -1, -1, -1, 4, 998, 2;
1, 256, 0, 0, 0, 0, 5, 1000, 3;
1, 256, 0, 0, 0, 0, 5, 1000, 3;
1, 256, 0, 0, 0, 0, 4, 999, 2;
1, 256, 1, 1, 1, 1, 6, 1001, 4;
1, 256, 0, -1, -1, -1, 3, 998, 1;
1, 256, 0, -1, -1, -1, 4, 999, 2;
1, 256, 0, -1, -1, -1, 4, 999, 2;
1, 256, 0, 1, 1, 1, 5, 1000, 3;
1, 256, 1, 1, 1, 1, 6, 1001, 4;
1, 256, 0, 0, 0, 0, 4, 999, 2;
1, 256, 0, -1, -1, -1, 4, 999, 2;
1, 256, 0, 0, 0, 0, 5, 1000, 3;
1, 256, 0, 0, 0, 0, 5, 1000, 3;
1, 256, 0, -1, -1, -1, 4, 999, 2;
1, 256, 1, 1, 1, 1, 6, 1000, 4;
1, 256, 0, -1, -1, -1, 4, 998, 1;
1, 256, 0, 1, 1, 1, 5, 1000, 3;
1, 256, 0, 0, 0, 0, 5, 1000, 3;
1, 256, 0, 0, 0, 0, 5, 1000, 3;
1, 256, 0, 0, 0, 0, 5, 1000, 3;
1, 256, 1, 1, 1, 1, 6, 1001, 4;
1, 256, 0, -1, -1, -1, 4, 999, 2;
1, 256, 0, 0, 0, 0, 5, 1000, 3;
1, 256, 0, -1, -1, -1, 4, 999, 2;
1, 256, 0, -1, -1, -1, 4, 999, 2;
1, 256, 0, 0, 0, 0, 4, 999, 2;
1, 256, 0, 0, 0, 0, 4, 999, 2;
1, 256, 0, 0, 0, 0, 5, 1000, 3;
1, 256, 0, 0, 0, 0, 4, 999, 2;
1, 256, 0, 0, 0, 0, 4, 999, 2;
1, 256, 0, 1, 1, 1, 5, 1000, 3;
1, 256, 0, 0, 0, 0, 5, 999, 3;
1, 256, 0, 0, 0, 0, 5, 1000, 3;
1, 256, 1, 1, 1, 1, 6, 1001, 4;
1, 256, 0, -1, -1, -1, 3, 998, 1;
1, 256, 0, 0, 0, 0, 4, 999, 2;
1, 256, 0, 0, 0, 0, 5, 999, 2;
1, 256, 0, 1, 1, 1, 5, 1000, 3;
1, 256, 1, 1, 1, 1, 6, 1001, 4;
1, 256, 1, 1, 1, 1, 5, 1000, 3;
1, 256, 0, 0, 0, 0, 5, 999, 3;
1, 256, 0, 0, 0, 0, 5, 1000, 3;
1, 256, 0, -1, -1, -1, 3, 998, 1;
1, 256, 0, 0, 0, 0, 5, 999, 2;
1, 256, 1, 1, 1, 1, 6, 1001, 4;
1, 256, 0, -1, -1, -1, 4, 999, 2;
1, 256, 0, 0, 0, 0, 5, 1000, 3;
1, 256, 0, 0, 0, 0, 4, 999, 2;
1, 256, 0, 0, 0, 0, 5, 1000, 3;
1, 256, 0, 0, 0, 0, 4, 999, 2;
1, 256, 1, 1, 1, 1, 6, 1001, 4;
1, 256, 0, 0, 0, 0, 5, 1000, 3;
1, 256, 0, 0, 0, 0, 4, 999, 2;
1, 256, 0, 0, 0, 0, 5, 1000, 3;
1, 256, 0, 1, 1, 1, 5, 1000, 3;
1, 256, 0, 0, 0, 0, 5, 999, 3;
1, 256, 1, 1, 1, 1, 6, 1001, 4;
1, 256, 1, 1, 1, 1, 6, 1000, 4;
1, 256, 0, 0, 0, 0, 5, 1000, 3;
1, 256, 0, -1, -1, -1, 3, 998, 1;
1, 256, 0, -1, -1, -1, 4, 999, 2;
1, 256, 0, 0, 0, 0, 5, 1000, 3;
1, 256, 1, 1, 1, 1, 6, 1001, 4;
1, 256, 0, 0, 0, 0, 4, 999, 2;
1, 256, 0, 0, 0, 0, 4, 999, 2;
1, 256, 0, -1, -1, -1, 4, 999, 2;
1, 256, 0, 0, 0, 0, 4, 999, 2;
1, 256, 1, 1, 1, 1, 6, 1001, 4;
1, 256, 0, 0, 0, 0, 5, 1000, 3;
1, 256, 0, 0, 0, 0, 4, 999, 2;
1, 256, 0, 0, 0, 0, 5, 1000, 3;
1, 256, 0, -1, -1, -1, 4, 999, 2;
1, 256, 0, -1, -1, -1, 4, 999, 2;
1, 256, 0, 0, 0, 0, 4, 999, 2;
1, 256, 0, -1, -1, -1, 4, 999, 2;
1, 256, 0, -1, -1, -1, 4, 999, 2;
1, 256, 0, 1, 1, 1, 5, 1000, 3;
1, 256, 0, 0, 0, 0, 4, 999, 2;
1, 256, 0, 0, 0, 0, 5, 1000, 3;
1, 256, 0, -1, -1, -1, 4, 999, 2;
1, 256, 0, 0, 0, 0, 4, 999, 2;
1, 256, 1, 1, 1, 1, 5, 1000, 3;
1, 256, 0, -1, -1, -1, 4, 998, 2;
1, 256, 1, 1, 1, 1, 5, 1000, 3;
1, 256, 0, 0, 0, 0, 5, 1000, 3;
1, 256, 0, 0, 0, 0, 4, 999, 2;
1, 256, 0, 0, 0, 0, 5, 1000, 3;
1, 256, 0, -1, -1, -1, 4, 999, 2;
1, 256, 0, 0, 0, 0, 5, 1000, 3;
1, 256, 0, 0, 0, 0, 4, 999, 2;
1, 256, 0, 0, 0, 0, 4, 999, 2;
1, 256, 0, 0, 0, 0, 4, 999, 2;
1, 256, 0, 1, 1, 1, 5, 1000, 3;
1, 256, 0, -1, -1, -1, 4, 999, 2;
1, 256, 0, 0, 0, 0, 4, 999, 2;
1, 256, 0, 0, 0, 0, 5, 1000, 3;
1, 256, 0, 0, 0, 0, 5, 1000, 3;
1, 256, 0, 0, 0, 0, 5, 1000, 3;
1, 256, 0, 0, 0, 0, 5, 999, 2;
1, 256, 1, 1, 1, 1, 5, 1000, 3;
1, 256, 0, -1, -1, -1, 4, 999, 2;
1, 256, 0, 0, 0, 0, 5, 1000, 3;
1, 256, 0, 0, 0, 0, 4, 999, 2;
1, 256, 0, -1, -1, -1, 4, 999, 2;
1, 256, 1, 1, 1, 1, 6, 1001, 4;
1, 256, 0, 0, 0, 0, 5, 1000, 3;
1, 256, 0, 0, 0, 0, 5, 999, 3;
1, 256, 0, 0, 0, 0, 5, 1000, 3;
1, 256, 0, 0, 0, 0, 4, 999, 2;
1, 256, 0, 0, 0, 0, 4, 999, 2;
1, 256, 0, -1, -1, -1, 4, 999, 2;
1, 256, 0, 1, 1, 1, 5, 1000, 3;
1, 256, 0, 0, 0, 0, 4, 999, 2;
1, 256, 0, -1, -1, -1, 4, 999, 2;
1, 256, 1, 1, 1, 1, 6, 1001, 4;
1, 256, 1, 1, 1, 1, 6, 1000, 3;
1, 256, 0, 0, 0, 0, 4, 999, 2;
1, 256, 0, 0, 0, 0, 5, 1000, 3;
1, 256, 1, 1, 1, 1, 6, 1001, 4;
1, 256, 0, 0, 0, 0, 5, 1000, 3;
1, 256, 0, 0, 0, 0, 5, 1000, 3;
1, 256, 0, 0, 0, 0, 4, 999, 2;
1, 256, 0, -1, -1, -1, 4, 999, 2;
1, 256, 0, 0, 0, 0, 5, 1000, 3;
1, 256, 0, -1, -1, -1, 4, 998, 2;
1, 256, 0, 0, 0, 0, 4, 999, 2;
1, 256, 1, 1, 1, 1, 5, 1000, 3;
1, 256, 0, 0, 0, 0, 5, 1000, 3;
1, 256, 0, 0, 0, 0, 5, 1000, 3;
1, 256, 0, 0, 0, 0, 4, 999, 2;
1, 256, 0, 0, 0, 0, 4, 999, 2;
1, 256, 0, 0, 0, 0, 5, 1000, 3;
1, 256, 0, 0, 0, 0, 5, 1000, 3;
1, 256, 1, 1, 1, 1, 5, 1000, 3;
1, 256, 1, 1, 1, 1, 5, 1000, 3;
1, 256, 0, 0, 0, 0, 4, 999, 2;
1, 256, 0, 0, 0, 0, 4, 999, 2;
1, 256, 0, 1, 1, 1, 5, 1000, 3;
1, 256, 0, 0, 0, 0, 5, 1000, 3;
1, 256, 0, -1, -1, -1, 4, 999, 2;
1, 256, 0, -1, -1, -1, 3, 998, 1;
1, 256, 0, 0, 0, 0, 4, 999, 2;
1, 256, 0, -1, -1, -1, 4, 998, 2;
1, 256, 0, -1, -1, -1, 3, 998, 1;
1, 256, 1, 1, 1, 1, 6, 1001, 4;
1, 256, 0, 0, 0, 0, 5, 1000, 3;
1, 256, 0, 0, 0, 0, 5, 1000, 3;
1, 256, 0, -1, -1, -1, 4, 998, 1;
1, 256, 0, 0, 0, 0, 4, 999, 2;
1, 256, 0, -1, -1, -1, 4, 999, 2;
1, 256, 0, 0, 0, 0, 5, 1000, 3;
1, 256, 0, 0, 0, 0, 5, 1000, 3;
1, 256, 0, 0, 0, 0, 4, 999, 2;
1, 256, 1, 1, 1, 1, 6, 1001, 4;
1, 256, 0, -1, -1, -1, 3, 998, 1;
1, 256, 0, -1, -1, -1, 4, 999, 2;
1, 256, 0, 0, 0, 0, 5, 1000, 3;
1, 256, 0, 0, 0, 0, 5, 1000, 3;
1, 256, 0, 0, 0, 0, 5, 1000, 3;
1, 256, 0, 1, 1, 1, 5, 1000, 3;
1, 256, 0, 0, 0, 0, 5, 999, 2;
1, 256, 0, 0, 0, 0, 5, 1000, 3;
1, 256, 0, 1, 1, 1, 5, 1000, 3;
1, 256, 0, 0, 0, 0, 4, 999, 2;
1, 256, 0, -1, -1, -1, 4, 998, 1;
1, 256, 0, -1, -1, -1, 4, 999, 2;
1, 256, 0, -1, -1, -1, 4, 998, 1;
1, 256, 0, -1, -1, -1, 4, 999, 2;
1, 256, 0, 0, 0, 0, 4, 999, 2;
1, 256, 0, 0, 0, 0, 4, 999, 2;
1, 256, 1, 1, 1, 1, 5, 1000, 3;
1, 256, 0, 1, 1, 1, 5, 1000, 3;
1, 256, 0, 0, 0, 0, 5, 1000, 3;
1, 256, 0, 0, 0, 0, 4, 999, 2;
1, 256, 0, -1, -1, -1, 4, 999, 2;
1, 256, 0, 0, 0, 0, 5, 1000, 3;
1, 256, 0, 0, 0, 0, 5, 1000, 3;
1, 256, 0, 0, 0, 0, 5, 1000, 3;
1, 256, 0, -1, -1, -1, 3, 998, 1;
1, 256, 0, -1, -1, -1, 4, 999, 2;
1, 256, 0, 0, 0, 0, 5, 1000, 3;
1, 256, 0, -1, -1, -1, 4, 999, 2;
1, 256, 0, 0, 0, 0, 5, 1000, 3;
1, 256, 0, 0, 0, 0, 5, 1000, 3;
1, 256, 0, 0, 0, 0, 4, 999, 2;
1, 256, 0, 0, 0, 0, 4, 999, 2;
1, 256, 0, 1, 1, 1, 5, 1000, 3;
1, 256, 0, 0, 0, 0, 5, 1000, 3;
1, 256, 0, 0, 0, 0, 5, 1000, 3;
1, 256, 1, 1, 1, 1, 6, 1001, 4;
1, 256, 0, -1, -1, -1, 4, 999, 2;
1, 256, 0, -1, -1, -1, 4, 999, 2;
1, 256, 0, 0, 0, 0, 4, 999, 2;
1, 256, 0, 0, 0, 0, 5, 1000, 3;
1, 256, 0, 0, 0, 0, 4, 999, 2;
1, 256, 1, 1, 1, 1, 6, 1001, 4;
1, 256, 0, 0, 0, 0, 4, 999, 2;
1, 256, 0, 0, 0, 0, 4, 999, 2;
1, 256, 0, -1, -1, -1, 4, 999, 2;
1, 256, 1, 1, 1, 1, 5, 1000, 3;
1, 256, 1, 1, 1, 1, 6, 1000, 3;
1, 256, 0, 0, 0, 0, 4, 999, 2;
1, 256, 0, -1, -1, -1, 4, 998, 1;
1, 256, 0, 0, 0, 0, 5, 1000, 3;
1, 256, 1, 1, 1, 1, 6, 1000, 3;
1, 256, 0, -1, -1, -1, 4, 998, 2;
1, 256, 0, 0, 0, 0, 4, 999, 2;
1, 256, 0, -1, -1, -1, 4, 999, 2;
1, 256, 1, 1, 1, 1, 6, 1001, 4;
1, 256, 0, 0, 0, 0, 5, 1000, 3;
1, 256, 0, 0, 0, 0, 4, 999, 2;
1, 256, 0, 0, 0, 0, 4, 999, 2;
1, 256, 1, 1, 1, 1, 6, 1001, 4;
1, 256, 1, 1, 1, 1, 5, 1000, 3;
1, 256, 0, -1, -1, -1, 4, 999, 2;
1, 256, 0, 0, 0, 0, 5, 1000, 3;
1, 256, 0, 0, 0, 0, 4, 999, 2;
1, 256, 1, 1, 1, 1, 6, 1001, 4;
1, 256, 0, 0, 0, 0, 4, 999, 2;
1, 256, 0, -1, -1, -1, 4, 998, 1;
1, 256, 0, 0, 0, 0, 5, 1000, 3;
1, 256, 0, 0, 0, 0, 4, 999, 2;
0, 256, 0, -1, -1, -1, 3, 998, 1;
1, 256, 0, 0, 0, 0, 4, 999, 2;
1, 256, 1, 1, 1, 1, 6, 1001, 4;
1, 256, 0, 0, 0, 0, 5, 1000, 3;
1, 256, 0, 0, 0, 0, 4, 999, 2;
1, 256, 0, -1, -1, -1, 4, 998, 1;
1, 256, 0, -1, -1, -1, 4, 998, 2;
1, 256, 0, 0, 0, 0, 5, 1000, 3;
1, 256, 0, 1, 1, 1, 5, 1000, 3;
1, 256, 0, 1, 1, 1, 5, 1000, 3;
1, 256, 0, -1, -1, -1, 4, 999, 2;
1, 256, 0, 0, 0, 0, 4, 999, 2;
1, 256, 0, 0, 0, 0, 4, 999, 2;
1, 256, 0, -1, -1, -1, 3, 998, 1;
1, 256, 0, 0, 0, 0, 5, 1000, 3;
1, 256, 0, -1, -1, -1, 4, 999, 2;
1, 256, 1, 1, 1, 1, 6, 1001, 4;
1, 256, 0, -1, -1, -1, 4, 998, 1;
1, 256, 0, -1, -1, -1, 4, 999, 2;
1, 256, 0, -1, -1, -1, 4, 999, 2;
1, 256, 0, 0, 0, 0, 5, 1000, 3;
1, 256, 1, 1, 1, 1, 6, 1001, 4;
1, 256, 0, 0, 0, 0, 5, 1000, 3;
1, 256, 0, 1, 1, 1, 5, 1000, 3;
1, 256, 0, 0, 0, 0, 4, 999, 2;
1, 256, 0, 0, 0, 0, 5, 1000, 3;
1, 256, 1, 1, 1, 1, 6, 1001, 4;
1, 256, 0, 1, 1, 1, 5, 1000, 3;
1, 256, 0, 0, 0, 0, 5, 1000, 3;
1, 256, 1, 1, 1, 1, 6, 1001, 4;
1, 256, 0, -1, -1, -1, 3, 998, 1;
1, 256, 0, 0, 0, 0, 4, 999, 2;
1, 256, 0, 0, 0, 0, 5, 999, 3;
1, 256, 0, 0, 0, 0, 5, 1000, 3;
1, 256, 0, 1, 1, 1, 5, 1000, 3;
1, 256, 0, -1, -1, -1, 4, 998, 1;
1, 256, 0, 0, 0, 0, 5, 1000, 3;
1, 256, 0, 1, 1, 1, 5, 1000, 3;
1, 256, 0, 0, 0, 0, 5, 1000, 3;
1, 256, 0, 0, 0, 0, 5, 1000, 3;
1, 256, 0, 1, 1, 1, 5, 1000, 3;
1, 256, 0, 0, 0, 0, 4, 999, 2;
1, 256, 0, -1, -1, -1, 4, 999, 2;
1, 256, 0, 0, 0, 0, 5, 1000, 3;
1, 256, 0, 0, 0, 0, 5, 1000, 3;
1, 256, 0, 0, 0, 0, 5, 1000, 3;
1, 256, 0, 0, 0, 0, 5, 999, 2;
1, 256, 1, 1, 1, 1, 6, 1000, 4;
1, 256, 0, 0, 0, 0, 4, 999, 2;
1, 256, 0, 0, 0, 0, 4, 999, 2;
1, 256, 0, -1, -1, -1, 4, 999, 2;
1, 256, 0, 0, 0, 0, 4, 999, 2;
1, 256, 0, -1, -1, -1, 4, 999, 2;
1, 256, 0, 0, 0, 0, 5, 999, 3;
1, 256, 0, 0, 0, 0, 4, 999, 2;
1, 256, 0, 0, 0, 0, 5, 1000, 3;
1, 256, 0, 0, 0, 0, 5, 1000, 3;
1, 256, 0, -1, -1, -1, 3, 998, 1;
1, 256, 0, -1, -1, -1, 4, 999, 2;
1, 256, 0, 0, 0, 0, 4, 999, 2;
1, 256, 0, -1, -1, -1, 4, 999, 2;
1, 256, 0, -1, -1, -1, 4, 999, 2;
1, 256, 0, 0, 0, 0, 4, 999, 2;
1, 256, 0, 0, 0, 0, 4, 999, 2;
1, 256, 0, 0, 0, 0, 5, 1000, 3;
1, 256, 0, -1, -1, -1, 4, 999, 2;
1, 256, 0, 0, 0, 0, 4, 999, 2;
1, 256, 1, 1, 1, 1, 6, 1001, 4;
1, 256, 0, 0, 0, 0, 4, 999, 2;
1, 256, 0, -1, -1, -1, 4, 999, 2;
1, 256, 0, -1, -1, -1, 4, 998, 1;
1, 256, 0, 1, 1, 1, 5, 1000, 3;
1, 256, 0, 0, 0, 0, 4, 999, 2;
1, 256, 0, -1, -1, -1, 4, 998, 2;
1, 256, 0, 1, 1, 1, 5, 1000, 3;
0, 256, 0, -1, -1, -1, 3, 998, 1;
1, 256, 0, -1, -1, -1, 4, 998, 2;
1, 256, 0, 0, 0, 0, 5, 1000, 3;
1, 256, 0, 0, 0, 0, 5, 999, 2;
1, 256, 0, 0, 0, 0, 4, 999, 2;
1, 256, 0, 0, 0, 0, 5, 1000, 3;
1, 256, 0, -1, -1, -1, 4, 999, 2;
1, 256, 0, 1, 1, 1, 5, 1000, 3;
1, 256, 0, 0, 0, 0, 5, 1000, 3;
1, 256, 0, 0, 0, 0, 5, 999, 3;
1, 256, 1, 1, 1, 1, 6, 1001, 4;
1, 256, 0, 1, 1, 1, 5, 1000, 3;
1, 256, 0, -1, -1, -1, 4, 999, 2;
1, 256, 0, 1, 1, 1, 5, 1000, 3;
1, 256, 0, 0, 0, 0, 4, 999, 2;
1, 256, 0, -1, -1, -1, 4, 999, 2;
1, 256, 0, -1, -1, -1, 4, 999, 2;
1, 256, 1, 1, 1, 1, 5, 1000, 3;
1, 256, 0, 0, 0, 0, 4, 999, 2;
1, 256, 0, 1, 1, 1, 5, 1000, 3;
1, 256, 0, 0, 0, 0, 5, 1000, 3;
1, 256, 0, 0, 0, 0, 5, 1000, 3;
1, 256, 0, 0, 0, 0, 4, 999, 2;
1, 256, 0, 0, 0, 0, 5, 1000, 3;
1, 256, 0, 1, 1, 1, 5, 1000, 3;
1, 256, 0, 0, 0, 0, 4, 999, 2;
1, 256, 1, 1, 1, 1, 6, 1001, 4;
1, 256, 0, 0, 0, 0, 5, 1000, 3;
1, 256, 0, -1, -1, -1, 4, 999, 2;
1, 256, 0, 0, 0, 0, 5, 1000, 3;
1, 256, 0, 0, 0, 0, 5, 1000, 3;
1, 256, 1, 1, 1, 1, 6, 1000, 3;
1, 256, 0, -1, -1, -1, 3, 998, 1;
1, 256, 0, -1, -1, -1, 3, 998, 1;
1, 256, 0, 0, 0, 0, 5, 1000, 3;
1, 256, 1, 1, 1, 1, 6, 1000, 3;
1, 256, 0, -1, -1, -1, 4, 998, 2;
0, 256, 0, -1, -1, -1, 3, 998, 1;
1, 256, 0, 0, 0, 0, 5, 1000, 3;
1, 256, 0, 0, 0, 0, 5, 999, 2;
1, 256, 0, 0, 0, 0, 5, 1000, 3;
1, 256, 0, 0, 0, 0, 5, 999, 3;
1, 256, 0, -1, -1, -1, 4, 999, 2;
1, 256, 0, 0, 0, 0, 4, 999, 2;
1, 256, 0, 0, 0, 0, 4, 999, 2;
1, 256, 0, 0, 0, 0, 5, 1000, 3;
1, 256, 0, 0, 0, 0, 5, 1000, 3;
1, 256, 0, 0, 0, 0, 5, 1000, 3;
1, 256, 0, 0, 0, 0, 5, 1000, 3;
1, 256, 0, 0, 0, 0, 5, 1000, 3;
1, 256, 0, 1, 1, 1, 5, 1000, 3;
1, 256, 0, -1, -1, -1, 4, 999, 2;
1, 256, 0, 0, 0, 0, 4, 999, 2;
1, 256, 0, 0, 0, 0, 5, 1000, 3;
1, 256, 0, -1, -1, -1, 3, 998, 1;
1, 256, 1, 1, 1, 1, 6, 1000, 4;
1, 256, 0, 0, 0, 0, 5, 1000, 3;
1, 256, 1, 1, 1, 1, 6, 1001, 4;
1, 256, 0, 0, 0, 0, 4, 999, 2;
1, 256, 0, -1, -1, -1, 4, 999, 2;
1, 256, 0, 0, 0, 0, 5, 999, 2;
1, 256, 1, 1, 1, 1, 6, 1000, 3;
1, 256, 0, 1, 1, 1, 5, 1000, 3;
1, 256, 1, 1, 1, 1, 5, 1000, 3;
1, 256, 0, 0, 0, 0, 5, 1000, 3;
1, 256, 0, 0, 0, 0, 5, 1000, 3;
1, 256, 0, 0, 0, 0, 5, 1000, 3;
1, 256, 0, -1, -1, -1, 4, 999, 2;
1, 256, 0, -1, -1, -1, 4, 999, 2;
1, 256, 0, 0, 0, 0, 5, 1000, 3;
1, 256, 0, 0, 0, 0, 4, 999, 2;
1, 256, 0, -1, -1, -1, 4, 999, 2;
1, 256, 0, 0, 0, 0, 5, 1000, 3;
1, 256, 0, -1, -1, -1, 3, 998, 1;
1, 256, 0, 0, 0, 0, 4, 999, 2;
1, 256, 0, 0, 0, 0, 5, 1000, 3;
1, 256, 0, -1, -1, -1, 4, 998, 2;
1, 256, 0, 1, 1, 1, 5, 1000, 3;
1, 256, 0, 1, 1, 1, 5, 1000, 3;
1, 256, 0, 0, 0, 0, 5, 1000, 3;
1, 256, 0, -1, -1, -1, 4, 999, 2;
1, 256, 0, 0, 0, 0, 4, 999, 2;
1, 256, 0, 0, 0, 0, 4, 999, 2;
1, 256, 0, 0, 0, 0, 4, 999, 2;
1, 256, 0, 0, 0, 0, 4, 999, 2;
1, 256, 0, 0, 0, 0, 4, 999, 2;
1, 256, 0, 0, 0, 0, 5, 1000, 3;
1, 256, 0, -1, -1, -1, 4, 999, 2;
1, 256, 0, 0, 0, 0, 5, 1000, 3;
1, 256, 0, -1, -1, -1, 3, 998, 1;
1, 256, 0, -1, -1, -1, 4, 999, 2;
1, 256, 0, -1, -1, -1, 4, 999, 2;
1, 256, 0, 0, 0, 0, 4, 999, 2;
1, 256, 0, 0, 0, 0, 5, 999, 3;
1, 256, 0, 0, 0, 0, 4, 999, 2;
1, 256, 0, 0, 0, 0, 4, 999, 2;
1, 256, 0, 0, 0, 0, 5, 1000, 3;
1, 256, 0, 1, 1, 1, 5, 1000, 3;
1, 256, 0, 1, 1, 1, 5, 1000, 3;
1, 256, 0, 0, 0, 0, 5, 1000, 3;
1, 256, 0, 0, 0, 0, 5, 1000, 3;
1, 256, 0, 0, 0, 0, 4, 999, 2;
1, 256, 0, 0, 0, 0, 4, 999, 2;
1, 256, 0, 1, 1, 1, 5, 1000, 3;
1, 256, 0, 0, 0, 0, 5, 1000, 3;
1, 256, 0, 0, 0, 0, 4, 999, 2;
1, 256, 0, -1, -1, -1, 4, 999, 2;
1, 256, 0, 1, 1, 1, 5, 1000, 3;
1, 256, 0, 0, 0, 0, 5, 1000, 3;
1, 256, 0, -1, -1, -1, 4, 999, 2;
1, 256, 0, -1, -1, -1, 4, 999, 2;
1, 256, 0, -1, -1, -1, 4, 999, 2;
1, 256, 0, 1, 1, 1, 5, 1000, 3;
1, 256, 0, 0, 0, 0, 5, 1000, 3;
1, 256, 0, 0, 0, 0, 4, 999, 2;
1, 256, 0, 0, 0, 0, 5, 1000, 3;
1, 256, 1, 1, 1, 1, 6, 1000, 3;
1, 256, 0, -1, -1, -1, 4, 998, 2;
1, 256, 0, 0, 0, 0, 4, 999, 2;
1, 256, 0, 1, 1, 1, 5, 1000, 3;
1, 256, 0, -1, -1, -1, 4, 998, 2;
1, 256, 1, 1, 1, 1, 6, 1001, 4;
1, 256, 0, 0, 0, 0, 5, 1000, 3;
1, 256, 0, 0, 0, 0, 5, 999, 2;
1, 256, 0, 0, 0, 0, 5, 999, 2;
1, 256, 0, 0, 0, 0, 5, 1000, 3;
1, 256, 0, 0, 0, 0, 4, 999, 2;
1, 256, 0, 0, 0, 0, 4, 999, 2;
1, 256, 0, 1, 1, 1, 5, 1000, 3;
1, 256, 1, 1, 1, 1, 5, 1000, 3;
1, 256, 0, 0, 0, 0, 5, 1000, 3;
1, 256, 0, 0, 0, 0, 4, 999, 2;
1, 256, 0, 0, 0, 0, 4, 999, 2;
1, 256, 0, 0, 0, 0, 5, 1000, 3;
1, 256, 0, 0, 0, 0, 4, 999, 2;
1, 256, 1, 1, 1, 1, 6, 1001, 4;
1, 256, 0, 0, 0, 0, 5, 1000, 3;
0, 256, 0, -1, -1, -1, 3, 998, 1;
1, 256, 0, -1, -1, -1, 4, 999, 2;
1, 256, 0, 0, 0, 0, 5, 1000, 3;
1, 256, 0, 0, 0, 0, 4, 999, 2;
1, 256, 0, 0, 0, 0, 5, 1000, 3;
1, 256, 0, 1, 1, 1, 5, 1000, 3;
1, 256, 0, -1, -1, -1, 4, 999, 2;
1, 256, 0, 0, 0, 0, 4, 999, 2;
1, 256, 0, 0, 0, 0, 4, 999, 2;
1, 256, 0, 1, 1, 1, 5, 1000, 3;
1, 256, 0, 0, 0, 0, 5, 1000, 3;
1, 256, 0, 0, 0, 0, 5, 1000, 3;
1, 256, 1, 1, 1, 1, 6, 1001, 4;
1, 256, 0, -1, -1, -1, 4, 998, 1;
1, 256, 0, 0, 0, 0, 5, 1000, 3;
1, 256, 0, 0, 0, 0, 5, 1000, 3;
1, 256, 0, 0, 0, 0, 4, 999, 2;
1, 256, 0, 0, 0, 0, 4, 999, 2;
1, 256, 0, 0, 0, 0, 5, 1000, 3;
1, 256, 1, 1, 1, 1, 6, 1001, 4;
1, 256, 0, -1, -1, -1, 4, 999, 2;
1, 256, 0, 0, 0, 0, 5, 1000, 3;
1, 256, 0, 0, 0, 0, 5, 1000, 3;
1, 256, 0, 1, 1, 1, 5, 1000, 3;
1, 256, 0, 0, 0, 0, 5, 1000, 3;
1, 256, 1, 1, 1, 1, 5, 1000, 3;
1, 256, 0, 0, 0, 0, 5, 1000, 3;
1, 256, 0, 0, 0, 0, 4, 999, 2;
1, 256, 0, 0, 0, 0, 5, 1000, 3;
1, 256, 0, 0, 0, 0, 5, 1000, 3;
1, 256, 1, 1, 1, 1, 6, 1001, 4;
1, 256, 0, 0, 0, 0, 4, 999, 2;
1, 256, 0, 0, 0, 0, 4, 999, 2;
1, 256, 0, -1, -1, -1, 4, 999, 2;
1, 256, 0, 0, 0, 0, 4, 999, 2;
1, 256, 0, 0, 0, 0, 5, 1000, 3;
1, 256, 1, 1, 1, 1, 6, 1000, 4;
1, 256, 0, -1, -1, -1, 4, 998, 2;
1, 256, 1, 1, 1, 1, 6, 1001, 4;
1, 256, 1, 1, 1, 1, 5, 1000, 3;
1, 256, 1, 1, 1, 1, 5, 1000, 3;
1, 256, 0, 0, 0, 0, 4, 999, 2;
1, 256, 0, 0, 0, 0, 4, 999, 2;
1, 256, 0, -1, -1, -1, 3, 998, 1;
1, 256, 0, 0, 0, 0, 5, 1000, 3;
1, 256, 0, 0, 0, 0, 5, 1000, 3;
1, 256, 0, 1, 1, 1, 5, 1000, 3;
1, 256, 0, 0, 0, 0, 5, 1000, 3;
1, 256, 0, 1, 1, 1, 5, 1000, 3;
1, 256, 0, -1, -1, -1, 4, 999, 2;
1, 256, 1, 1, 1, 1, 6, 1000, 4;
1, 256, 0, 0, 0, 0, 5, 1000, 3;
1, 256, 1, 1, 1, 1, 6, 1001, 4;
1, 256, 0, 0, 0, 0, 5, 1000, 3;
1, 256, 0, 0, 0, 0, 5, 999, 3;
1, 256, 1, 1, 1, 1, 6, 1001, 4;
1, 256, 0, -1, -1, -1, 4, 998, 2;
1, 256, 0, -1, -1, -1, 4, 999, 2;
1, 256, 0, -1, -1, -1, 4, 999, 2;
1, 256, 0, 1, 1, 1, 5, 1000, 3;
1, 256, 0, -1, -1, -1, 4, 999, 2;
1, 256, 0, -1, -1, -1, 4, 998, 1;
1, 256, 0, 0, 0, 0, 5, 999, 3;
1, 256, 1, 1, 1, 1, 6, 1001, 4;
1, 256, 0, 0, 0, 0, 4, 999, 2;
1, 256, 0, -1, -1, -1, 4, 999, 2;
1, 256, 0, -1, -1, -1, 4, 999, 2;
1, 256, 0, 0, 0, 0, 5, 1000, 3;
1, 256, 0, 0, 0, 0, 5, 1000, 3;
1, 256, 0, 1, 1, 1, 5, 1000, 3;
1, 256, 0, 0, 0, 0, 4, 999, 2;
1, 256, 0, 0, 0, 0, 4, 999, 2;
1, 256, 0, -1, -1, -1, 4, 999, 2;
1, 256, 1, 1, 1, 1, 5, 1000, 3;
1, 256, 1, 1, 1, 1, 6, 1001, 4;
1, 256, 0, -1, -1, -1, 4, 999, 2;
1, 256, 0, 0, 0, 0, 4, 999, 2;
1, 256, 0, 0, 0, 0, 5, 1000, 3;
1, 256, 1, 1, 1, 1, 5, 1000, 3;
1, 256, 1, 1, 1, 1, 6, 1001, 4;
1, 256, 0, 1, 1, 1, 5, 1000, 3;
1, 256, 0, -1, -1, -1, 4, 998, 2;
1, 256, 0, 1, 1, 1, 5, 1000, 3;
1, 256, 0, 0, 0, 0, 5, 1000, 3;
1, 256, 0, 0, 0, 0, 5, 1000, 3;
1, 256, 1, 1, 1, 1, 5, 1000, 3;
1, 256, 0, -1, -1, -1, 3, 998, 1;
1, 256, 0, 0, 0, 0, 5, 1000, 3;
1, 256, 0, 0, 0, 0, 4, 999, 2;
1, 256, 0, -1, -1, -1, 4, 999, 2;
1, 256, 0, 0, 0, 0, 4, 999, 2;
1, 256, 0, 1, 1, 1, 5, 1000, 3;
1, 256, 0, 0, 0, 0, 4, 999, 2;
1, 256, 0, 0, 0, 0, 5, 1000, 3;
1, 256, 0, 0, 0, 0, 4, 999, 2;
1, 256, 0, 1, 1, 1, 5, 1000, 3;
1, 256, 1, 1, 1, 1, 5, 1000, 3;
1, 256, 0, 0, 0, 0, 5, 1000, 3;
1, 256, 0, 0, 0, 0, 4, 999, 2;
1, 256, 0, 0, 0, 0, 4, 999, 2;
1, 256, 0, 0, 0, 0, 5, 1000, 3;
1, 256, 0, 0, 0, 0, 4, 999, 2;
1, 256, 0, 0, 0, 0, 4, 999, 2;
1, 256, 0, 0, 0, 0, 4, 999, 2;
1, 256, 0, -1, -1, -1, 4, 998, 1;
1, 256, 0, 0, 0, 0, 5, 1000, 3;
1, 256, 0, 0, 0, 0, 5, 999, 3;
1, 256, 0, 0, 0, 0, 5, 1000, 3;
1, 256, 0, 1, 1, 1, 5, 1000, 3;
1, 256, 0, -1, -1, -1, 4, 999, 2;
1, 256, 0, 0, 0, 0, 5, 1000, 3;
1, 256, 0, 0, 0, 0, 4, 999, 2;
1, 256, 0, -1, -1, -1, 4, 999, 2;
1, 256, 0, 0, 0, 0, 5, 1000, 3;
1, 256, 0, 0, 0, 0, 4, 999, 2;
1, 256, 0, 0, 0, 0, 4, 999, 2;
1, 256, 1, 1, 1, 1, 5, 1000, 3;
1, 256, 1, 1, 1, 1, 6, 1000, 3;
1, 256, 0, -1, -1, -1, 4, 999, 2;
1, 256, 0, 0, 0, 0, 4, 999, 2;
1, 256, 0, 0, 0, 0, 5, 1000, 3;
1, 256, 0, 0, 0, 0, 4, 999, 2;
1, 256, 0, 0, 0, 0, 4, 999, 2;
1, 256, 0, -1, -1, -1, 4, 999, 2;
1, 256, 0, -1, -1, -1, 4, 998, 2;
1, 256, 0, -1, -1, -1, 4, 998, 2;
1, 256, 0, 0, 0, 0, 5, 1000, 3;
1, 256, 0, 1, 1, 1, 5, 1000, 3;
1, 256, 0, 0, 0, 0, 5, 1000, 3;
1, 256, 0, 0, 0, 0, 5, 1000, 3;
1, 256, 0, 0, 0, 0, 4, 999, 2;
0, 256, 0, -1, -1, -1, 3, 998, 1;
1, 256, 0, 0, 0, 0, 4, 999, 2;
1, 256, 0, 0, 0, 0, 4, 999, 2;
1, 256, 0, -1, -1, -1, 4, 999, 2;
1, 256, 0, 0, 0, 0, 4, 999, 2;
1, 256, 0, 0, 0, 0, 5, 1000, 3;
1, 256, 0, 1, 1, 1, 5, 1000, 3;
1, 256, 0, 0, 0, 0, 4, 999, 2;
1, 256, 0, -1, -1, -1, 4, 999, 2;
1, 256, 0, -1, -1, -1, 4, 998, 2;
1, 256, 0, 0, 0, 0, 4, 999, 2;
1, 256, 0, 0, 0, 0, 5, 1000, 3;
1, 256, 1, 1, 1, 1, 6, 1001, 4;
1, 256, 0, 0, 0, 0, 5, 1000, 3;
1, 256, 1, 1, 1, 1, 6, 1000, 4;
1, 256, 0, -1, -1, -1, 4, 998, 2;
1, 256, 0, 0, 0, 0, 4, 999, 2;
1, 256, 0, 0, 0, 0, 5, 999, 3;
1, 256, 0, 0, 0, 0, 5, 1000, 3;
1, 256, 0, 1, 1, 1, 5, 1000, 3;
1, 256, 0, -1, -1, -1, 4, 999, 2;
1, 256, 0, 1, 1, 1, 5, 1000, 3;
1, 256, 0, -1, -1, -1, 4, 999, 2;
1, 256, 0, -1, -1, -1, 4, 998, 2;
1, 256, 0, 0, 0, 0, 5, 1000, 3;
1, 256, 1, 1, 1, 1, 6, 1001, 4;
1, 256, 1, 1, 1, 1, 6, 1001, 4;
1, 256, 0, 0, 0, 0, 5, 1000, 3;
1, 256, 0, 0, 0, 0, 5, 1000, 3;
1, 256, 1, 1, 1, 1, 6, 1000, 4;
1, 256, 0, 0, 0, 0, 4, 999, 2;
1, 256, 0, -1, -1, -1, 4, 999, 2;
1, 256, 0, 0, 0, 0, 4, 999, 2;
1, 256, 0, 0, 0, 0, 5, 1000, 3;
1, 256, 0, -1, -1, -1, 3, 998, 1;
1, 256, 0, 0, 0, 0, 5, 1000, 3;
1, 256, 0, 1, 1, 1, 5, 1000, 3;
1, 256, 1, 1, 1, 1, 6, 1001, 4;
1, 256, 0, 0, 0, 0, 5, 1000, 3;
1, 256, 0, 0, 0, 0, 5, 1000, 3;
1, 256, 0, 0, 0, 0, 5, 1000, 3;
1, 256, 0, 1, 1, 1, 5, 1000, 3;
1, 256, 0, 0, 0, 0, 5, 999, 2;
1, 256, 0, 1, 1, 1, 5, 1000, 3;
1, 256, 0, 0, 0, 0, 4, 999, 2;
1, 256, 0, 1, 1, 1, 5, 1000, 3;
1, 256, 0, 0, 0, 0, 5, 999, 2;
1, 256, 0, 0, 0, 0, 5, 1000, 3;
1, 256, 0, -1, -1, -1, 3, 998, 1;
1, 256, 0, -1, -1, -1, 4, 998, 2;
1, 256, 0, -1, -1, -1, 4, 999, 2;
1, 256, 0, 0, 0, 0, 4, 999, 2;
1, 256, 0, 0, 0, 0, 5, 1000, 3;
1, 256, 0, 0, 0, 0, 4, 999, 2;
1, 256, 0, 0, 0, 0, 5, 1000, 3;
1, 256, 0, 0, 0, 0, 5, 1000, 3;
1, 256, 0, 0, 0, 0, 4, 999, 2;
1, 256, 0, 0, 0, 0, 5, 1000, 3;
1, 256, 0, -1, -1, -1, 4, 999, 2;
1, 256, 0, -1, -1, -1, 4, 999, 2;
1, 256, 1, 1, 1, 1, 6, 1001, 4;
1, 256, 0, 1, 1, 1, 5, 1000, 3;
1, 256, 0, 0, 0, 0, 4, 999, 2;
1, 256, 0, 0, 0, 0, 4, 999, 2;
1, 256, 0, -1, -1, -1, 3, 998, 1;
1, 256, 0, 0, 0, 0, 5, 1000, 3;
1, 256, 0, -1, -1, -1, 3, 998, 1;
1, 256, 0, -1, -1, -1, 4, 999, 2;
1, 256, 1, 1, 1, 1, 6, 1000, 4;
1, 256, 0, -1, -1, -1, 4, 999, 2;
1, 256, 0, 0, 0, 0, 5, 1000, 3;
1, 256, 0, 0, 0, 0, 5, 1000, 3;
1, 256, 0, 0, 0, 0, 5, 1000, 3;
1, 256, 0, -1, -1, -1, 4, 999, 2;
1, 256, 0, -1, -1, -1, 4, 999, 2;
1, 256, 0, 0, 0, 0, 5, 1000, 3;
1, 256, 0, -1, -1, -1, 4, 999, 2;
1, 256, 0, 0, 0, 0, 4, 999, 2;
1, 256, 0, 0, 0, 0, 5, 1000, 3;
1, 256, 0, 0, 0, 0, 5, 1000, 3;
1, 256, 0, 1, 1, 1, 5, 1000, 3;
1, 256, 0, -1, -1, -1, 4, 998, 1;
1, 256, 0, -1, -1, -1, 4, 998, 1;
1, 256, 0, -1, -1, -1, 3, 998, 1;
1, 256, 0, 0, 0, 0, 5, 1000, 3;
1, 256, 1, 1, 1, 1, 6, 1000, 4;
1, 256, 0, -1, -1, -1, 3, 998, 1;
1, 256, 1, 1, 1, 1, 6, 1000, 3;
1, 256, 1, 1, 1, 1, 5, 1000, 3;
1, 256, 0, 1, 1, 1, 5, 1000, 3;
1, 256, 0, 0, 0, 0, 4, 999, 2;
1, 256, 1, 1, 1, 1, 6, 1001, 4;
1, 256, 1, 1, 1, 1, 6, 1001, 4;
1, 256, 0, 0, 0, 0, 5, 1000, 3;
1, 256, 0, 1, 1, 1, 5, 1000, 3;
1, 256, 0, -1, -1, -1, 3, 998, 1;
1, 256, 0, 0, 0, 0, 4, 999, 2;
1, 256, 0, -1, -1, -1, 4, 999, 2;
1, 256, 0, 0, 0, 0, 4, 999, 2;
1, 256, 0, 0, 0, 0, 4, 999, 2;
1, 256, 0, 0, 0, 0, 5, 1000, 3;
1, 256, 0, 0, 0, 0, 5, 1000, 3;
1, 256, 1, 1, 1, 1, 6, 1001, 4;
1, 256, 0, 0, 0, 0, 4, 999, 2;
1, 256, 0, 0, 0, 0, 5, 999, 3;
1, 256, 0, 0, 0, 0, 5, 1000, 3;
1, 256, 0, 0, 0, 0, 5, 1000, 3;
1, 256, 0, 0, 0, 0, 5, 999, 3;
1, 256, 0, 0, 0, 0, 5, 1000, 3;
1, 256, 0, 0, 0, 0, 4, 999, 2;
1, 256, 0, -1, -1, -1, 4, 999, 2;
1, 256, 0, -1, -1, -1, 4, 998, 2;
1, 256, 0, 0, 0, 0, 4, 999, 2;
1, 256, 0, 0, 0, 0, 5, 1000, 3;
1, 256, 0, -1, -1, -1, 4, 999, 2;
1, 256, 1, 1, 1, 1, 6, 1000, 4;
1, 256, 0, -1, -1, -1, 4, 999, 2;
1, 256, 0, 0, 0, 0, 4, 999, 2;
1, 256, 0, 1, 1, 1, 5, 1000, 3;
1, 256, 0, -1, -1, -1, 4, 998, 1;
1, 256, 0, 0, 0, 0, 4, 999, 2;
1, 256, 0, 0, 0, 0, 5, 1000, 3;
1, 256, 0, -1, -1, -1, 4, 999, 2;
1, 256, 1, 1, 1, 1, 6, 1000, 3;
1, 256, 1, 1, 1, 1, 5, 1000, 3;
1, 256, 0, 0, 0, 0, 5, 1000, 3;
1, 256, 0, 0, 0, 0, 5, 1000, 3;
1, 256, 0, 1, 1, 1, 5, 1000, 3;
1, 256, 0, 0, 0, 0, 4, 999, 2;
1, 256, 0, 0, 0, 0, 4, 999, 2;
1, 256, 0, 0, 0, 0, 5, 1000, 3;
1, 256, 0, 0, 0, 0, 4, 999, 2;
1, 256, 0, 0, 0, 0, 4, 999, 2;
1, 256, 0, -1, -1, -1, 4, 999, 2;
1, 256, 1, 1, 1, 1, 6, 1000, 4;
1, 256, 0, 0, 0, 0, 4, 999, 2;
1, 256, 0, -1, -1, -1, 4, 999, 2;
1, 256, 0, 0, 0, 0, 4, 999, 2;
1, 256, 0, 0, 0, 0, 5, 1000, 3;
1, 256, 0, 0, 0, 0, 5, 1000, 3;
1, 256, 0, 0, 0, 0, 5, 1000, 3;
1, 256, 0, 0, 0, 0, 5, 1000, 3;
1, 256, 0, -1, -1, -1, 4, 999, 2;
1, 256, 0, -1, -1, -1, 4, 998, 1;
1, 256, 0, 0, 0, 0, 4, 999, 2;
1, 256, 0, 0, 0, 0, 4, 999, 2;
1, 256, 0, 0, 0, 0, 4, 999, 2;
1, 256, 0, 0, 0, 0, 4, 999, 2;
0, 256, 0, -1, -1, -1, 3, 998, 1;
1, 256, 0, 0, 0, 0, 5, 1000, 3;
1, 256, 0, 0, 0, 0, 4, 999, 2;
1, 256, 0, -1, -1, -1, 4, 999, 2;
0, 256, 0, -1, -1, -1, 3, 998, 1;
1, 256, 0, -1, -1, -1, 4, 999, 2;
1, 256, 0, 0, 0, 0, 5, 1000, 3;
1, 256, 1, 1, 1, 1, 6, 1000, 4;
1, 256, 0, -1, -1, -1, 3, 998, 1;
1, 256, 0, 0, 0, 0, 5, 1000, 3;
1, 256, 0, -1, -1, -1, 4, 999, 2;
1, 256, 0, 0, 0, 0, 5, 1000, 3;
1, 256, 1, 1, 1, 1, 5, 1000, 3;
1, 256, 1, 1, 1, 1, 6, 1001, 4;
1, 256, 0, 0, 0, 0, 5, 1000, 3;
1, 256, 0, 0, 0, 0, 4, 999, 2;
1, 256, 0, 0, 0, 0, 5, 1000, 3;
1, 256, 0, 0, 0, 0, 5, 1000, 3;
1, 256, 0, -1, -1, -1, 3, 998, 1;
1, 256, 0, 1, 1, 1, 5, 1000, 3;
1, 256, 1, 1, 1, 1, 6, 1001, 4;
1, 256, 0, 1, 1, 1, 5, 1000, 3;
1, 256, 0, 1, 1, 1, 5, 1000, 3;
1, 256, 0, -1, -1, -1, 3, 998, 1;
1, 256, 0, 1, 1, 1, 5, 1000, 3;
0, 256, 0, -1, -1, -1, 3, 998, 1;
1, 256, 0, 1, 1, 1, 5, 1000, 3;
1, 256, 0, 0, 0, 0, 5, 1000, 3;
1, 256, 0, 0, 0, 0, 4, 999, 2;
1, 256, 0, 0, 0, 0, 4, 999, 2;
1, 256, 0, 1, 1, 1, 5, 1000, 3;
1, 256, 0, -1, -1, -1, 3, 998, 1;
1, 256, 0, 0, 0, 0, 4, 999, 2;
1, 256, 1, 1, 1, 1, 5, 1000, 3;
1, 256, 0, -1, -1, -1, 4, 999, 2;
1, 256, 0, 0, 0, 0, 5, 1000, 3;
1, 256, 0, 0, 0, 0, 5, 1000, 3;
1, 256, 0, 0, 0, 0, 5, 1000, 3;
1, 256, 1, 1, 1, 1, 6, 1001, 4;
1, 256, 0, -1, -1, -1, 3, 998, 1;
1, 256, 0, -1, -1, -1, 4, 999, 2;
0, 256, 0, -1, -1, -1, 3, 998, 1;
1, 256, 0, -1, -1, -1, 4, 999, 2;
1, 256, 1, 1, 1, 1, 6, 1001, 4;
1, 256, 0, -1, -1, -1, 4, 999, 2;
1, 256, 0, -1, -1, -1, 4, 999, 2;
1, 256, 0, 0, 0, 0, 5, 1000, 3;
1, 256, 1, 1, 1, 1, 6, 1001, 4;
1, 256, 0, 0, 0, 0, 4, 999, 2;
1, 256, 0, 0, 0, 0, 5, 1000, 3;
1, 256, 0, -1, -1, -1, 4, 998, 1;
1, 256, 0, 0, 0, 0, 4, 999, 2;
1, 256, 0, -1, -1, -1, 4, 998, 2;
1, 256, 0, 0, 0, 0, 5, 1000, 3;
1, 256, 0, 0, 0, 0, 4, 999, 2;
1, 256, 1, 1, 1, 1, 6, 1000, 4;
1, 256, 1, 1, 1, 1, 6, 1001, 4;
1, 256, 0, -1, -1, -1, 4, 999, 2;
1, 256, 0, 0, 0, 0, 5, 1000, 3;
1, 256, 0, 0, 0, 0, 4, 999, 2;
1, 256, 0, -1, -1, -1, 4, 998, 1;
1, 256, 1, 1, 1, 1, 6, 1001, 4;
1, 256, 1, 1, 1, 1, 6, 1001, 4;
1, 256, 0, 1, 1, 1, 5, 1000, 3;
1, 256, 1, 1, 1, 1, 6, 1000, 3;
1, 256, 1, 1, 1, 1, 6, 1000, 4;
1, 256, 1, 1, 1, 1, 5, 1000, 3;
1, 256, 0, -1, -1, -1, 4, 999, 2;
1, 256, 0, 0, 0, 0, 5, 1000, 3;
1, 256, 0, 0, 0, 0, 5, 1000, 3;
1, 256, 0, -1, -1, -1, 4, 999, 2;
1, 256, 1, 1, 1, 1, 6, 1001, 4;
1, 256, 0, -1, -1, -1, 4, 998, 1;
1, 256, 0, 0, 0, 0, 5, 1000, 3;
1, 256, 0, -1, -1, -1, 4, 999, 2;
0, 256, 0, -1, -1, -1, 3, 998, 1;
0, 256, 0, -1, -1, -1, 3, 998, 1;
1, 256, 0, 0, 0, 0, 4, 999, 2;
1, 256, 0, -1, -1, -1, 4, 999, 2;
1, 256, 0, -1, -1, -1, 3, 998, 1;
1, 256, 1, 1, 1, 1, 6, 1001, 4;
1, 256, 1, 1, 1, 1, 6, 1001, 4;
1, 256, 0, 0, 0, 0, 5, 1000, 3;
1, 256, 1, 1, 1, 1, 6, 1000, 4;
1, 256, 1, 1, 1, 1, 5, 1000, 3;
1, 256, 1, 1, 1, 1, 6, 1001, 4;
1, 256, 0, 0, 0, 0, 4, 999, 2;
1, 256, 0, -1, -1, -1, 4, 999, 2;
1, 256, 0, -1, -1, -1, 3, 998, 1;
1, 256, 0, 0, 0, 0, 4, 999, 2;
1, 256, 0, -1, -1, -1, 4, 999, 2;
1, 256, 0, 0, 0, 0, 4, 999, 2;
1, 256, 0, 0, 0, 0, 5, 1000, 3;
1, 256, 0, -1, -1, -1, 4, 999, 2;
1, 256, 0, 0, 0, 0, 4, 999, 2;
1, 256, 0, 0, 0, 0, 4, 999, 2;
1, 256, 0, 0, 0, 0, 5, 1000, 3;
0, 256, 0, -1, -1, -1, 3, 998, 1;
1, 256, 0, 0, 0, 0, 4, 999, 2;
1, 256, 0, 0, 0, 0, 5, 999, 3;
1, 256, 0, -1, -1, -1, 4, 999, 2;
1, 256, 0, 0, 0, 0, 4, 999, 2;
1, 256, 0, 0, 0, 0, 5, 1000, 3;
1, 256, 0, 1, 1, 1, 5, 1000, 3;
1, 256, 0, -1, -1, -1, 3, 998, 1;
1, 256, 1, 1, 1, 1, 5, 1000, 3;
1, 256, 0, -1, -1, -1, 4, 998, 1;
1, 256, 0, 0, 0, 0, 4, 999, 2;
1, 256, 0, 0, 0, 0, 5, 1000, 3;
0, 256, 0, -1, -1, -1, 3, 998, 1;
1, 256, 0, -1, -1, -1, 4, 998, 2;
1, 256, 0, 0, 0, 0, 4, 999, 2;
1, 256, 0, 0, 0, 0, 5, 1000, 3;
1, 256, 0, 0, 0, 0, 4, 999, 2;
1, 256, 0, 0, 0, 0, 4, 999, 2;
1, 256, 1, 1, 1, 1, 6, 1001, 4;
1, 256, 0, 0, 0, 0, 5, 1000, 3;
1, 256, 0, 0, 0, 0, 5, 1000, 3;
1, 256, 0, 0, 0, 0, 4, 999, 2;
1, 256, 0, 0, 0, 0, 4, 999, 2;
1, 256, 0, -1, -1, -1, 3, 998, 1;
1, 256, 0, -1, -1, -1, 4, 999, 2;
1, 256, 0, 1, 1, 1, 5, 1000, 3;
1, 256, 0, 1, 1, 1, 5, 1000, 3;
1, 256, 0, 0, 0, 0, 4, 999, 2;
1, 256, 0, 1, 1, 1, 5, 1000, 3;
1, 256, 0, 0, 0, 0, 5, 1000, 3;
1, 256, 1, 1, 1, 1, 6, 1001, 4;
1, 256, 0, -1, -1, -1, 4, 998, 2;
1, 256, 0, -1, -1, -1, 3, 998, 1;
1, 256, 0, 0, 0, 0, 4, 999, 2;
1, 256, 0, 0, 0, 0, 5, 1000, 3;
1, 256, 0, 0, 0, 0, 4, 999, 2;
1, 256, 0, 0, 0, 0, 5, 999, 2;
1, 256, 0, 0, 0, 0, 4, 999, 2;
1, 256, 0, 0, 0, 0, 5, 1000, 3;
1, 256, 0, -1, -1, -1, 4, 999, 2;
1, 256, 1, 1, 1, 1, 6, 1001, 4;
1, 256, 1, 1, 1, 1, 5, 1000, 3;
1, 256, 1, 1, 1, 1, 6, 1000, 4;
1, 256, 0, 0, 0, 0, 4, 999, 2;
1, 256, 0, -1, -1, -1, 4, 999, 2;
1, 256, 0, 0, 0, 0, 5, 1000, 3;
1, 256, 0, 0, 0, 0, 4, 999, 2;
1, 256, 1, 1, 1, 1, 6, 1001, 4;
1, 256, 1, 1, 1, 1, 6, 1000, 3;
1, 256, 0, 0, 0, 0, 4, 999, 2;
1, 256, 0, 1, 1, 1, 5, 1000, 3;
1, 256, 0, -1, -1, -1, 4, 998, 1;
1, 256, 0, 0, 0, 0, 4, 999, 2;
1, 256, 0, 0, 0, 0, 4, 999, 2;
1, 256, 0, -1, -1, -1, 4, 999, 2;
1, 256, 1, 1, 1, 1, 6, 1000, 4;
1, 256, 1, 1, 1, 1, 6, 1001, 4;
1, 256, 0, -1, -1, -1, 4, 999, 2;
1, 256, 0, 0, 0, 0, 5, 1000, 3;
1, 256, 0, 0, 0, 0, 5, 1000, 3;
1, 256, 0, 0, 0, 0, 4, 999, 2;
1, 256, 0, -1, -1, -1, 3, 998, 1;
1, 256, 1, 1, 1, 1, 5, 1000, 3;
1, 256, 0, 0, 0, 0, 5, 1000, 3;
1, 256, 0, -1, -1, -1, 4, 999, 2;
1, 256, 0, -1, -1, -1, 4, 998, 2;
1, 256, 0, -1, -1, -1, 4, 998, 1;
1, 256, 0, -1, -1, -1, 3, 998, 1;
1, 256, 0, 0, 0, 0, 5, 1000, 3;
1, 256, 0, 0, 0, 0, 5, 1000, 3;
1, 256, 0, -1, -1, -1, 4, 999, 2;
1, 256, 0, 0, 0, 0, 5, 1000, 3;
1, 256, 0, -1, -1, -1, 3, 998, 1;
1, 256, 0, 1, 1, 1, 5, 1000, 3;
1, 256, 0, 0, 0, 0, 4, 999, 2;
1, 256, 1, 1, 1, 1, 6, 1000, 4;
1, 256, 0, 0, 0, 0, 5, 1000, 3;
1, 256, 0, 0, 0, 0, 5, 1000, 3;
1, 256, 0, 1, 1, 1, 5, 1000, 3;
1, 256, 0, 0, 0, 0, 5, 1000, 3;
1, 256, 0, 1, 1, 1, 5, 1000, 3;
1, 256, 0, 0, 0, 0, 5, 1000, 3;
1, 256, 0, 0, 0, 0, 5, 999, 2;
1, 256, 0, 0, 0, 0, 5, 1000, 3;
1, 256, 0, 0, 0, 0, 4, 999, 2;
1, 256, 0, 0, 0, 0, 4, 999, 2;
1, 256, 0, -1, -1, -1, 4, 998, 2;
1, 256, 0, 0, 0, 0, 5, 1000, 3;
1, 256, 0, 1, 1, 1, 5, 1000, 3;
1, 256, 0, 0, 0, 0, 4, 999, 2;
1, 256, 0, 0, 0, 0, 5, 1000, 3;
1, 256, 0, -1, -1, -1, 3, 998, 1;
1, 256, 0, -1, -1, -1, 4, 999, 2;
1, 256, 0, 0, 0, 0, 4, 999, 2;
1, 256, 0, -1, -1, -1, 4, 999, 2;
1, 256, 1, 1, 1, 1, 6, 1001, 4;
1, 256, 0, 0, 0, 0, 5, 1000, 3;
1, 256, 0, 0, 0, 0, 5, 1000, 3;
1, 256, 0, 0, 0, 0, 5, 1000, 3;
1, 256, 0, 0, 0, 0, 5, 1000, 3;
1, 256, 1, 1, 1, 1, 6, 1001, 4;
1, 256, 1, 1, 1, 1, 5, 1000, 3;
1, 256, 0, 0, 0, 0, 4, 999, 2;
1, 256, 0, 0, 0, 0, 5, 1000, 3;
1, 256, 0, -1, -1, -1, 4, 999, 2;
1, 256, 0, 0, 0, 0, 5, 1000, 3;
1, 256, 0, 0, 0, 0, 5, 1000, 3;
1, 256, 0, 0, 0, 0, 5, 999, 3;
1, 256, 0, -1, -1, -1, 4, 999, 2;
1, 256, 0, 0, 0, 0, 5, 1000, 3;
1, 256, 0, 0, 0, 0, 4, 999, 2;
1, 256, 0, 0, 0, 0, 5, 1000, 3;
1, 256, 0, 1, 1, 1, 5, 1000, 3;
1, 256, 0, 0, 0, 0, 5, 1000, 3;
1, 256, 0, 0, 0, 0, 4, 999, 2;
1, 256, 0, 0, 0, 0, 5, 1000, 3;
1, 256, 0, 1, 1, 1, 5, 1000, 3;
1, 256, 1, 1, 1, 1, 6, 1000, 4;
1, 256, 0, 1, 1, 1, 5, 1000, 3;
1, 256, 0, 0, 0, 0, 4, 999, 2;
1, 256, 0, 0, 0, 0, 5, 1000, 3;
1, 256, 0, 0, 0, 0, 5, 1000, 3;
1, 256, 0, -1, -1, -1, 4, 999, 2;
1, 256, 1, 1, 1, 1, 6, 1000, 4;
1, 256, 0, -1, -1, -1, 4, 999, 2;
1, 256, 0, 0, 0, 0, 4, 999, 2;
1, 256, 0, 1, 1, 1, 5, 1000, 3;
1, 256, 0, 0, 0, 0, 5, 1000, 3;
1, 256, 0, 0, 0, 0, 5, 999, 3;
1, 256, 0, 0, 0, 0, 4, 999, 2;
1, 256, 0, 0, 0, 0, 5, 1000, 3;
1, 256, 0, 0, 0, 0, 5, 999, 3;
1, 256, 0, -1, -1, -1, 4, 999, 2;
1, 256, 0, 0, 0, 0, 5, 1000, 3;
1, 256, 0, -1, -1, -1, 4, 998, 2;
1, 256, 0, 0, 0, 0, 5, 1000, 3;
1, 256, 0, 0, 0, 0, 4, 999, 2;
1, 256, 0, 0, 0, 0, 5, 1000, 3;
1, 256, 0, 0, 0, 0, 4, 999, 2;
1, 256, 0, 0, 0, 0, 5, 1000, 3;
1, 256, 1, 1, 1, 1, 6, 1001, 4;
1, 256, 0, 0, 0, 0, 5, 1000, 3;
1, 256, 0, -1, -1, -1, 4, 999, 2;
1, 256, 0, 0, 0, 0, 5, 1000, 3;
1, 256, 0, 0, 0, 0, 5, 1000, 3;
1, 256, 1, 1, 1, 1, 6, 1000, 4;
1, 256, 0, 0, 0, 0, 4, 999, 2;
1, 256, 0, 0, 0, 0, 4, 999, 2;
1, 256, 0, 0, 0, 0, 5, 1000, 3;
1, 256, 0, 0, 0, 0, 5, 999, 2;
1, 256, 0, 0, 0, 0, 5, 1000, 3;
1, 256, 1, 1, 1, 1, 5, 1000, 3;
1, 256, 0, 0, 0, 0, 4, 999, 2;
1, 256, 0, 0, 0, 0, 4, 999, 2;
1, 256, 0, -1, -1, -1, 3, 998, 1;
1, 256, 0, 1, 1, 1, 5, 1000, 3;
1, 256, 0, 0, 0, 0, 5, 1000, 3;
1, 256, 0, 0, 0, 0, 5, 1000, 3;
0, 256, 0, -1, -1, -1, 3, 998, 1;
1, 256, 0, -1, -1, -1, 4, 999, 2;
1, 256, 0, 1, 1, 1, 5, 1000, 3;
1, 256, 0, 0, 0, 0, 5, 1000, 3;
1, 256, 1, 1, 1, 1, 6, 1000, 3;
1, 256, 0, 0, 0, 0, 5, 1000, 3;
1, 256, 0, 0, 0, 0, 5, 1000, 3;
1, 256, 0, 0, 0, 0, 5, 1000, 3;
1, 256, 0, 0, 0, 0, 4, 999, 2;
1, 256, 0, -1, -1, -1, 4, 999, 2;
1, 256, 1, 1, 1, 1, 6, 1001, 4;
1, 256, 0, 0, 0, 0, 4, 999, 2;
1, 256, 0, 0, 0, 0, 4, 999, 2;
1, 256, 0, -1, -1, -1, 4, 999, 2;
1, 256, 0, 0, 0, 0, 5, 1000, 3;
1, 256, 1, 1, 1, 1, 6, 1000, 4;
1, 256, 0, 0, 0, 0, 5, 1000, 3;
1, 256, 0, -1, -1, -1, 3, 998, 1;
1, 256, 0, -1, -1, -1, 4, 999, 2;
1, 256, 0, 0, 0, 0, 4, 999, 2;
1, 256, 1, 1, 1, 1, 6, 1001, 4;
1, 256, 0, 0, 0, 0, 5, 1000, 3;
1, 256, 0, 0, 0, 0, 4, 999, 2;
1, 256, 1, 1, 1, 1, 5, 1000, 3;
1, 256, 0, 0, 0, 0, 5, 1000, 3;
0, 256, 0, -1, -1, -1, 3, 998, 1;
1, 256, 1, 1, 1, 1, 6, 1001, 4;
1, 256, 0, -1, -1, -1, 4, 999, 2;
1, 256, 0, -1, -1, -1, 4, 999, 2;
1, 256, 0, 1, 1, 1, 5, 1000, 3;
1, 256, 0, 0, 0, 0, 4, 999, 2;
1, 256, 0, 0, 0, 0, 5, 1000, 3;
1, 256, 1, 1, 1, 1, 6, 1001, 4;
1, 256, 0, -1, -1, -1, 4, 999, 2;
1, 256, 0, 0, 0, 0, 5, 1000, 3;
1, 256, 0, 1, 1, 1, 5, 1000, 3;
1, 256, 0, 0, 0, 0, 4, 999, 2;
1, 256, 0, 1, 1, 1, 5, 1000, 3;
1, 256, 0, -1, -1, -1, 3, 998, 1;
1, 256, 0, 0, 0, 0, 4, 999, 2;
1, 256, 0, 0, 0, 0, 4, 999, 2;
1, 256, 0, 0, 0, 0, 4, 999, 2;
1, 256, 0, 0, 0, 0, 4, 999, 2;
1, 256, 0, 0, 0, 0, 4, 999, 2;
1, 256, 0, -1, -1, -1, 4, 999, 2;
1, 256, 0, 0, 0, 0, 5, 1000, 3;
1, 256, 0, 0, 0, 0, 5, 1000, 3;
1, 256, 0, 0, 0, 0, 4, 999, 2;
1, 256, 1, 1, 1, 1, 6, 1001, 4;
1, 256, 0, 0, 0, 0, 4, 999, 2;
1, 256, 1, 1, 1, 1, 6, 1000, 3;
1, 256, 0, 0, 0, 0, 4, 999, 2;
1, 256, 1, 1, 1, 1, 6, 1000, 3;
1, 256, 0, 0, 0, 0, 4, 999, 2;
1, 256, 1, 1, 1, 1, 6, 1001, 4;
1, 256, 0, 0, 0, 0, 5, 1000, 3;
1, 256, 0, 0, 0, 0, 4, 999, 2;
1, 256, 0, 0, 0, 0, 4, 999, 2;
1, 256, 0, 0, 0, 0, 5, 1000, 3;
1, 256, 0, 0, 0, 0, 5, 1000, 3;
1, 256, 0, 0, 0, 0, 4, 999, 2;
1, 256, 0, 0, 0, 0, 4, 999, 2;
1, 256, 0, -1, -1, -1, 4, 999, 2;
1, 256, 0, -1, -1, -1, 4, 999, 2;
1, 256, 0, 0, 0, 0, 5, 1000, 3;
1, 256, 1, 1, 1, 1, 6, 1001, 4;
1, 256, 0, 0, 0, 0, 5, 1000, 3;
1, 256, 0, -1, -1, -1, 4, 999, 2;
1, 256, 0, 0, 0, 0, 4, 999, 2;
1, 256, 0, 0, 0, 0, 4, 999, 2;
1, 256, 0, 0, 0, 0, 5, 1000, 3;
1, 256, 0, -1, -1, -1, 4, 999, 2;
1, 256, 0, 0, 0, 0, 5, 1000, 3;
1, 256, 1, 1, 1, 1, 6, 1001, 4;
1, 256, 0, 0, 0, 0, 5, 1000, 3;
1, 256, 0, 0, 0, 0, 4, 999, 2;
1, 256, 0, 0, 0, 0, 5, 1000, 3;
1, 256, 0, -1, -1, -1, 4, 999, 2;
1, 256, 0, 1, 1, 1, 5, 1000, 3;
1, 256, 0, -1, -1, -1, 4, 999, 2;
1, 256, 0, 0, 0, 0, 4, 999, 2;
1, 256, 0, 0, 0, 0, 5, 999, 2;
1, 256, 1, 1, 1, 1, 6, 1001, 4;
1, 256, 0, 0, 0, 0, 4, 999, 2;
1, 256, 0, -1, -1, -1, 3, 998, 1;
1, 256, 0, -1, -1, -1, 4, 998, 2;
1, 256, 1, 1, 1, 1, 6, 1001, 4;
1, 256, 1, 1, 1, 1, 6, 1000, 4;
1, 256, 0, -1, -1, -1, 4, 999, 2;
1, 256, 0, 0, 0, 0, 5, 1000, 3;
1, 256, 0, 0, 0, 0, 4, 999, 2;
1, 256, 0, 1, 1, 1, 5, 1000, 3;
1, 256, 0, -1, -1, -1, 4, 999, 2;
0, 256, 0, -1, -1, -1, 3, 998, 1;
1, 256, 0, -1, -1, -1, 4, 999, 2;
1, 256, 0, -1, -1, -1, 4, 998, 2;
1, 256, 1, 1, 1, 1, 6, 1001, 4;
1, 256, 1, 1, 1, 1, 6, 1001, 4;
1, 256, 0, 0, 0, 0, 5, 1000, 3;
1, 256, 0, 0, 0, 0, 5, 1000, 3;
1, 256, 0, -1, -1, -1, 4, 999, 2;
1, 256, 0, 1, 1, 1, 5, 1000, 3;
1, 256, 0, 0, 0, 0, 4, 999, 2;
1, 256, 0, 0, 0, 0, 4, 999, 2;
1, 256, 0, 1, 1, 1, 5, 1000, 3;
1, 256, 0, 0, 0, 0, 5, 1000, 3;
1, 256, 1, 1, 1, 1, 6, 1001, 4;
1, 256, 0, 0, 0, 0, 5, 1000, 3;
1, 256, 0, -1, -1, -1, 4, 999, 2;
1, 256, 0, -1, -1, -1, 4, 999, 2;
1, 256, 1, 1, 1, 1, 6, 1001, 4;
1, 256, 1, 1, 1, 1, 6, 1001, 4;
1, 256, 0, -1, -1, -1, 4, 999, 2;
1, 256, 1, 1, 1, 1, 6, 1001, 4;
1, 256, 0, 0, 0, 0, 5, 1000, 3;
1, 256, 0, 0, 0, 0, 4, 999, 2;
1, 256, 0, 0, 0, 0, 4, 999, 2;
1, 256, 0, 0, 0, 0, 5, 1000, 3;
1, 256, 0, -1, -1, -1, 3, 998, 1;
1, 256, 0, 0, 0, 0, 5, 1000, 3;
1, 256, 0, -1, -1, -1, 4, 999, 2;
1, 256, 0, 0, 0, 0, 4, 999, 2;
1, 256, 0, -1, -1, -1, 4, 999, 2;
1, 256, 0, 0, 0, 0, 4, 999, 2;
1, 256, 1, 1, 1, 1, 6, 1001, 4;
1, 256, 0, -1, -1, -1, 3, 998, 1;
1, 256, 1, 1, 1, 1, 5, 1000, 3;
1, 256, 0, -1, -1, -1, 4, 999, 2;
1, 256, 0, 0, 0, 0, 4, 999, 2;
1, 256, 0, -1, -1, -1, 3, 998, 1;
1, 256, 0, 0, 0, 0, 4, 999, 2;
1, 256, 1, 1, 1, 1, 6, 1001, 4;
1, 256, 0, -1, -1, -1, 4, 999, 2;
1, 256, 0, 0, 0, 0, 5, 999, 2;
1, 256, 0, 0, 0, 0, 5, 1000, 3;
1, 256, 0, -1, -1, -1, 4, 999, 2;
1, 256, 0, -1, -1, -1, 4, 999, 2;
1, 256, 0, 0, 0, 0, 5, 1000, 3;
1, 256, 0, 1, 1, 1, 5, 1000, 3;
1, 256, 0, 0, 0, 0, 4, 999, 2;
1, 256, 1, 1, 1, 1, 6, 1001, 4;
1, 256, 0, 0, 0, 0, 4, 999, 2;
1, 256, 0, 1, 1, 1, 5, 1000, 3;
1, 256, 0, -1, -1, -1, 4, 999, 2;
1, 256, 1, 1, 1, 1, 6, 1001, 4;
1, 256, 0, 0, 0, 0, 4, 999, 2;
1, 256, 1, 1, 1, 1, 6, 1001, 4;
1, 256, 0, -1, -1, -1, 4, 999, 2;
1, 256, 0, 0, 0, 0, 5, 1000, 3;
1, 256, 0, -1, -1, -1, 4, 998, 2;
1, 256, 0, 0, 0, 0, 5, 1000, 3;
1, 256, 0, -1, -1, -1, 4, 998, 1;
1, 256, 0, 0, 0, 0, 5, 1000, 3;
1, 256, 0, -1, -1, -1, 4, 999, 2;
1, 256, 1, 1, 1, 1, 6, 1001, 4;
1, 256, 0, 0, 0, 0, 5, 1000, 3;
1, 256, 0, 0, 0, 0, 5, 1000, 3;
1, 256, 0, -1, -1, -1, 4, 999, 2;
1, 256, 0, 0, 0, 0, 4, 999, 2;
1, 256, 0, 0, 0, 0, 5, 1000, 3;
1, 256, 0, 0, 0, 0, 5, 1000, 3;
1, 256, 0, -1, -1, -1, 4, 998, 2;
1, 256, 1, 1, 1, 1, 6, 1001, 4;
1, 256, 0, -1, -1, -1, 3, 998, 1;
1, 256, 1, 1, 1, 1, 6, 1001, 4;
1, 256, 0, 1, 1, 1, 5, 1000, 3;
1, 256, 0, 0, 0, 0, 4, 999, 2;
1, 256, 1, 1, 1, 1, 6, 1000, 4;
1, 256, 0, -1, -1, -1, 3, 998, 1;
1, 256, 0, 0, 0, 0, 5, 1000, 3;
1, 256, 0, 0, 0, 0, 4, 999, 2;
1, 256, 0, 0, 0, 0, 4, 999, 2;
1, 256, 0, 0, 0, 0, 5, 1000, 3;
1, 256, 1, 1, 1, 1, 6, 1001, 4;
1, 256, 0, 0, 0, 0, 4, 999, 2;
1, 256, 0, -1, -1, -1, 4, 999, 2;
1, 256, 0, 0, 0, 0, 5, 999, 2;
1, 256, 0, 0, 0, 0, 5, 1000, 3;
1, 256, 0, 0, 0, 0, 4, 999, 2;
1, 256, 0, 0, 0, 0, 5, 1000, 3;
1, 256, 0, -1, -1, -1, 4, 999, 2;
1, 256, 0, 0, 0, 0, 5, 1000, 3;
1, 256, 0, -1, -1, -1, 4, 999, 2;
1, 256, 0, -1, -1, -1, 4, 999, 2;
1, 256, 0, -1, -1, -1, 4, 999, 2;
1, 256, 0, 0, 0, 0, 5, 1000, 3;
1, 256, 0, -1, -1, -1, 4, 998, 2;
1, 256, 0, -1, -1, -1, 4, 999, 2;
1, 256, 0, -1, -1, -1, 3, 998, 1;
1, 256, 0, 0, 0, 0, 4, 999, 2;
1, 256, 0, 0, 0, 0, 5, 1000, 3;
1, 256, 0, -1, -1, -1, 4, 999, 2;
1, 256, 0, 0, 0, 0, 5, 1000, 3;
1, 256, 0, 1, 1, 1, 5, 1000, 3;
1, 256, 0, 0, 0, 0, 4, 999, 2;
1, 256, 0, 0, 0, 0, 5, 1000, 3;
1, 256, 0, -1, -1, -1, 4, 999, 2;
1, 256, 0, 0, 0, 0, 5, 1000, 3;
1, 256, 0, 0, 0, 0, 5, 1000, 3;
1, 256, 0, 1, 1, 1, 5, 1000, 3;
1, 256, 0, 0, 0, 0, 4, 999, 2;
1, 256, 0, -1, -1, -1, 4, 999, 2;
1, 256, 0, 1, 1, 1, 5, 1000, 3;
1, 256, 0, -1, -1, -1, 4, 998, 1;
1, 256, 0, 0, 0, 0, 5, 1000, 3;
1, 256, 0, 0, 0, 0, 5, 1000, 3;
1, 256, 0, 0, 0, 0, 5, 1000, 3;
1, 256, 0, 0, 0, 0, 4, 999, 2;
1, 256, 0, 0, 0, 0, 4, 999, 2;
1, 256, 0, 0, 0, 0, 5, 1000, 3;
1, 256, 1, 1, 1, 1, 6, 1001, 4;
1, 256, 0, -1, -1, -1, 4, 999, 2;
1, 256, 0, 0, 0, 0, 5, 999, 2;
1, 256, 1, 1, 1, 1, 6, 1001, 4;
1, 256, 0, 1, 1, 1, 5, 1000, 3;
1, 256, 0, 0, 0, 0, 5, 999, 2;
1, 256, 0, 0, 0, 0, 5, 1000, 3;
1, 256, 0, 0, 0, 0, 4, 999, 2;
1, 256, 0, -1, -1, -1, 4, 999, 2;
1, 256, 0, -1, -1, -1, 4, 998, 1;
1, 256, 0, 0, 0, 0, 5, 1000, 3;
1, 256, 0, 0, 0, 0, 4, 999, 2;
1, 256, 0, -1, -1, -1, 4, 998, 2;
1, 256, 0, -1, -1, -1, 4, 999, 2;
1, 256, 1, 1, 1, 1, 6, 1000, 3;
1, 256, 0, 0, 0, 0, 4, 999, 2;
1, 256, 0, 1, 1, 1, 5, 1000, 3;
1, 256, 0, 0, 0, 0, 5, 1000, 3;
1, 256, 0, -1, -1, -1, 3, 998, 1;
1, 256, 0, -1, -1, -1, 4, 999, 2;
1, 256, 0, 0, 0, 0, 4, 999, 2;
1, 256, 0, 1, 1, 1, 5, 1000, 3;
1, 256, 0, 0, 0, 0, 4, 999, 2;
1, 256, 0, 0, 0, 0, 5, 1000, 3;
1, 256, 0, 0, 0, 0, 4, 999, 2;
1, 256, 0, 0, 0, 0, 5, 1000, 3;
0, 256, 0, -1, -1, -1, 3, 998, 1;
1, 256, 0, -1, -1, -1, 4, 999, 2;
1, 256, 0, 0, 0, 0, 5, 999, 3;
1, 256, 1, 1, 1, 1, 6, 1001, 4;
1, 256, 0, -1, -1, -1, 4, 999, 2;
1, 256, 0, -1, -1, -1, 4, 999, 2;
1, 256, 0, 0, 0, 0, 4, 999, 2;
1, 256, 1, 1, 1, 1, 6, 1001, 4;
1, 256, 1, 1, 1, 1, 6, 1000, 3;
1, 256, 1, 1, 1, 1, 6, 1000, 4;
1, 256, 0, -1, -1, -1, 4, 999, 2;
1, 256, 0, 0, 0, 0, 4, 999, 2;
1, 256, 0, 0, 0, 0, 4, 999, 2;
1, 256, 0, -1, -1, -1, 3, 998, 1;
1, 256, 0, 0, 0, 0, 4, 999, 2;
1, 256, 0, 0, 0, 0, 5, 1000, 3;
1, 256, 0, -1, -1, -1, 4, 999, 2;
1, 256, 0, 1, 1, 1, 5, 1000, 3;
1, 256, 0, 0, 0, 0, 4, 999, 2;
1, 256, 0, -1, -1, -1, 4, 999, 2;
1, 256, 0, -1, -1, -1, 4, 999, 2;
1, 256, 0, -1, -1, -1, 4, 998, 2;
1, 256, 0, 0, 0, 0, 4, 999, 2;
1, 256, 0, -1, -1, -1, 4, 999, 2;
1, 256, 0, -1, -1, -1, 4, 999, 2;
1, 256, 0, 0, 0, 0, 4, 999, 2;
1, 256, 0, 1, 1, 1, 5, 1000, 3;
1, 256, 0, 0, 0, 0, 4, 999, 2;
1, 256, 0, -1, -1, -1, 4, 999, 2;
1, 256, 0, -1, -1, -1, 3, 998, 1;
1, 256, 0, 0, 0, 0, 5, 999, 3;
1, 256, 0, 1, 1, 1, 5, 1000, 3;
1, 256, 0, 0, 0, 0, 5, 1000, 3;
1, 256, 0, 0, 0, 0, 5, 1000, 3;
1, 256, 0, 0, 0, 0, 5, 1000, 3;
1, 256, 0, 0, 0, 0, 5, 1000, 3;
1, 256, 0, 0, 0, 0, 5, 1000, 3;
1, 256, 1, 1, 1, 1, 5, 1000, 3;
1, 256, 0, 1, 1, 1, 5, 1000, 3;
1, 256, 0, -1, -1, -1, 4, 998, 1;
1, 256, 0, 0, 0, 0, 5, 1000, 3;
1, 256, 0, 1, 1, 1, 5, 1000, 3;
1, 256, 0, -1, -1, -1, 4, 999, 2;
1, 256, 0, -1, -1, -1, 4, 999, 2;
1, 256, 0, 0, 0, 0, 4, 999, 2;
1, 256, 0, 0, 0, 0, 5, 1000, 3;
1, 256, 1, 1, 1, 1, 6, 1001, 4;
1, 256, 0, 0, 0, 0, 5, 999, 3;
1, 256, 0, 0, 0, 0, 4, 999, 2;
1, 256, 0, 1, 1, 1, 5, 1000, 3;
1, 256, 0, 0, 0, 0, 5, 1000, 3;
1, 256, 0, 1, 1, 1, 5, 1000, 3;
1, 256, 0, 0, 0, 0, 4, 999, 2;
1, 256, 0, 0, 0, 0, 5, 999, 3;
1, 256, 1, 1, 1, 1, 6, 1000, 4;
1, 256, 1, 1, 1, 1, 5, 1000, 3;
1, 256, 0, 0, 0, 0, 4, 999, 2;
1, 256, 0, -1, -1, -1, 4, 999, 2;
1, 256, 1, 1, 1, 1, 6, 1001, 4;
1, 256, 0, -1, -1, -1, 4, 999, 2;
1, 256, 0, 0, 0, 0, 4, 999, 2;
1, 256, 0, 0, 0, 0, 4, 999, 2;
1, 256, 0, -1, -1, -1, 4, 999, 2;
1, 256, 1, 1, 1, 1, 6, 1001, 4;
1, 256, 0, 0, 0, 0, 5, 1000, 3;
1, 256, 1, 1, 1, 1, 6, 1001, 4;
1, 256, 0, 0, 0, 0, 5, 1000, 3;
1, 256, 0, -1, -1, -1, 4, 999, 2;
1, 256, 0, 1, 1, 1, 5, 1000, 3;
1, 256, 0, 0, 0, 0, 5, 1000, 3;
1, 256, 1, 1, 1, 1, 6, 1001, 4;
1, 256, 0, 0, 0, 0, 5, 999, 3;
1, 256, 0, 0, 0, 0, 4, 999, 2;
1, 256, 0, 1, 1, 1, 5, 1000, 3;
1, 256, 0, 0, 0, 0, 5, 1000, 3;
1, 256, 0, 1, 1, 1, 5, 1000, 3;
1, 256, 0, 0, 0, 0, 4, 999, 2;
1, 256, 1, 1, 1, 1, 5, 1000, 3;
1, 256, 0, -1, -1, -1, 4, 999, 2;
1, 256, 0, -1, -1, -1, 4, 999, 2;
1, 256, 0, 0, 0, 0, 4, 999, 2;
1, 256, 0, 0, 0, 0, 4, 999, 2;
1, 256, 0, -1, -1, -1, 3, 998, 1;
1, 256, 0, 1, 1, 1, 5, 1000, 3;
1, 256, 0, 0, 0, 0, 5, 1000, 3;
1, 256, 1, 1, 1, 1, 6, 1001, 4;
1, 256, 0, -1, -1, -1, 4, 998, 2;
1, 256, 0, 0, 0, 0, 4, 999, 2;
1, 256, 0, 0, 0, 0, 5, 1000, 3;
1, 256, 1, 1, 1, 1, 5, 1000, 3;
1, 256, 0, -1, -1, -1, 4, 999, 2;
1, 256, 0, 1, 1, 1, 5, 1000, 3;
1, 256, 0, 0, 0, 0, 5, 1000, 3;
1, 256, 0, -1, -1, -1, 3, 998, 1;
1, 256, 0, -1, -1, -1, 4, 998, 2;
1, 256, 0, 1, 1, 1, 5, 1000, 3;
1, 256, 0, -1, -1, -1, 4, 999, 2;
1, 256, 1, 1, 1, 1, 5, 1000, 3;
1, 256, 0, 0, 0, 0, 5, 999, 2;
1, 256, 0, -1, -1, -1, 3, 998, 1;
1, 256, 0, -1, -1, -1, 4, 998, 2;
1, 256, 0, 0, 0, 0, 4, 999, 2;
1, 256, 0, -1, -1, -1, 3, 998, 1;
1, 256, 0, 0, 0, 0, 5, 999, 3;
1, 256, 0, 0, 0, 0, 4, 999, 2;
1, 256, 0, 0, 0, 0, 4, 999, 2;
1, 256, 0, -1, -1, -1, 3, 998, 1;
1, 256, 0, 0, 0, 0, 5, 1000, 3;
1, 256, 0, 0, 0, 0, 5, 999, 3;
1, 256, 0, 0, 0, 0, 4, 999, 2;
1, 256, 0, 0, 0, 0, 5, 1000, 3;
1, 256, 0, 1, 1, 1, 5, 1000, 3;
1, 256, 0, 1, 1, 1, 5, 1000, 3;
1, 256, 0, 0, 0, 0, 5, 1000, 3;
1, 256, 0, -1, -1, -1, 4, 998, 1;
1, 256, 0, 0, 0, 0, 5, 1000, 3;
1, 256, 0, -1, -1, -1, 4, 999, 2;
1, 256, 0, 0, 0, 0, 4, 999, 2;
1, 256, 0, -1, -1, -1, 4, 999, 2;
1, 256, 0, 1, 1, 1, 5, 1000, 3;
1, 256, 0, -1, -1, -1, 4, 999, 2;
1, 256, 0, 0, 0, 0, 4, 999, 2;
1, 256, 0, 0, 0, 0, 4, 999, 2;
1, 256, 0, 1, 1, 1, 5, 1000, 3;
1, 256, 0, 0, 0, 0, 5, 1000, 3;
1, 256, 0, 0, 0, 0, 4, 999, 2;
1, 256, 0, 0, 0, 0, 5, 1000, 3;
1, 256, 1, 1, 1, 1, 6, 1001, 4;
1, 256, 0, 0, 0, 0, 5, 1000, 3;
1, 256, 0, 0, 0, 0, 5, 999, 3;
1, 256, 0, -1, -1, -1, 3, 998, 1;
1, 256, 0, 0, 0, 0, 5, 1000, 3;
1, 256, 0, 0, 0, 0, 5, 1000, 3;
1, 256, 0, 0, 0, 0, 4, 999, 2;
1, 256, 0, 0, 0, 0, 4, 999, 2;
1, 256, 1, 1, 1, 1, 6, 1001, 4;
1, 256, 0, 0, 0, 0, 5, 1000, 3;
1, 256, 0, 1, 1, 1, 5, 1000, 3;
1, 256, 0, 0, 0, 0, 5, 1000, 3;
1, 256, 0, -1, -1, -1, 4, 999, 2;
1, 256, 0, 0, 0, 0, 4, 999, 2;
1, 256, 0, 0, 0, 0, 5, 1000, 3;
1, 256, 0, 0, 0, 0, 5, 1000, 3;
1, 256, 0, 0, 0, 0, 5, 1000, 3;
1, 256, 0, -1, -1, -1, 4, 999, 2;
1, 256, 0, 0, 0, 0, 5, 1000, 3;
1, 256, 1, 1, 1, 1, 6, 1001, 4;
1, 256, 0, 0, 0, 0, 5, 1000, 3;
1, 256, 0, 0, 0, 0, 4, 999, 2;
1, 256, 0, -1, -1, -1, 4, 999, 2;
1, 256, 0, 0, 0, 0, 5, 1000, 3;
1, 256, 0, -1, -1, -1, 4, 999, 2;
1, 256, 0, 0, 0, 0, 4, 999, 2;
1, 256, 0, -1, -1, -1, 4, 999, 2;
1, 256, 0, 1, 1, 1, 5, 1000, 3;
1, 256, 1, 1, 1, 1, 5, 1000, 3;
1, 256, 0, 0, 0, 0, 4, 999, 2;
1, 256, 1, 1, 1, 1, 6, 1001, 4;
1, 256, 0, 0, 0, 0, 4, 999, 2;
1, 256, 0, 0, 0, 0, 5, 1000, 3;
1, 256, 0, 0, 0, 0, 4, 999, 2;
1, 256, 1, 1, 1, 1, 5, 1000, 3;
1, 256, 1, 1, 1, 1, 6, 1000, 4;
1, 256, 0, 0, 0, 0, 4, 999, 2;
1, 256, 0, 0, 0, 0, 4, 999, 2;
1, 256, 0, 0, 0, 0, 5, 1000, 3;
1, 256, 0, 0, 0, 0, 5, 1000, 3;
1, 256, 0, 0, 0, 0, 4, 999, 2;
1, 256, 0, 1, 1, 1, 5, 1000, 3;
1, 256, 0, 0, 0, 0, 5, 1000, 3;
1, 256, 0, -1, -1, -1, 4, 999, 2;
1, 256, 0, -1, -1, -1, 4, 998, 2;
1, 256, 0, 0, 0, 0, 5, 1000, 3;
1, 256, 0, 0, 0, 0, 5, 999, 2;
1, 256, 0, 1, 1, 1, 5, 1000, 3;
1, 256, 0, 0, 0, 0, 5, 1000, 3;
1, 256, 0, 1, 1, 1, 5, 1000, 3;
1, 256, 0, 0, 0, 0, 5, 1000, 3;
1, 256, 0, 0, 0, 0, 4, 999, 2;
1, 256, 0, 0, 0, 0, 4, 999, 2;
1, 256, 0, -1, -1, -1, 4, 999, 2;
1, 256, 0, -1, -1, -1, 4, 999, 2;
1, 256, 0, 0, 0, 0, 4, 999, 2;
1, 256, 0, 1, 1, 1, 5, 1000, 3;
1, 256, 0, 0, 0, 0, 4, 999, 2;
1, 256, 0, 0, 0, 0, 5, 1000, 3;
1, 256, 0, 0, 0, 0, 4, 999, 2;
1, 256, 0, -1, -1, -1, 4, 999, 2;
1, 256, 1, 1, 1, 1, 6, 1001, 4;
1, 256, 0, 0, 0, 0, 5, 1000, 3;
1, 256, 0, 0, 0, 0, 5, 999, 3;
1, 256, 0, -1, -1, -1, 3, 998, 1;
1, 256, 0, -1, -1, -1, 3, 998, 1;
1, 256, 0, 0, 0, 0, 5, 1000, 3;
1, 256, 0, 1, 1, 1, 5, 1000, 3;
1, 256, 0, -1, -1, -1, 4, 999, 2;
1, 256, 0, 0, 0, 0, 5, 1000, 3;
1, 256, 0, -1, -1, -1, 3, 998, 1;
1, 256, 0, 0, 0, 0, 5, 1000, 3;
1, 256, 1, 1, 1, 1, 6, 1000, 3;
1, 256, 0, -1, -1, -1, 4, 999, 2;
1, 256, 0, 1, 1, 1, 5, 1000, 3;
1, 256, 0, -1, -1, -1, 3, 998, 1;
1, 256, 0, 0, 0, 0, 4, 999, 2;
1, 256, 0, 0, 0, 0, 4, 999, 2;
1, 256, 0, 0, 0, 0, 5, 1000, 3;
1, 256, 0, 0, 0, 0, 5, 1000, 3;
1, 256, 0, 0, 0, 0, 4, 999, 2;
1, 256, 0, -1, -1, -1, 4, 999, 2;
1, 256, 0, 0, 0, 0, 4, 999, 2;
1, 256, 0, 0, 0, 0, 5, 999, 3;
1, 256, 0, 0, 0, 0, 4, 999, 2;
1, 256, 0, 0, 0, 0, 4, 999, 2;
1, 256, 0, 0, 0, 0, 5, 999, 3;
1, 256, 0, -1, -1, -1, 4, 999, 2;
1, 256, 0, -1, -1, -1, 4, 999, 2;
1, 256, 0, 0, 0, 0, 5, 1000, 3;
1, 256, 0, -1, -1, -1, 4, 998, 2;
1, 256, 0, 0, 0, 0, 4, 999, 2;
1, 256, 0, 0, 0, 0, 5, 1000, 3;
1, 256, 0, -1, -1, -1, 4, 999, 2;
1, 256, 0, 0, 0, 0, 4, 999, 2;
1, 256, 0, 0, 0, 0, 5, 1000, 3;
1, 256, 0, 0, 0, 0, 5, 1000, 3;
1, 256, 0, -1, -1, -1, 4, 999, 2;
1, 256, 0, 0, 0, 0, 5, 1000, 3;
1, 256, 0, 0, 0, 0, 5, 1000, 3;
1, 256, 0, 0, 0, 0, 5, 1000, 3;
1, 256, 1, 1, 1, 1, 6, 1001, 4;
1, 256, 0, 0, 0, 0, 5, 1000, 3;
1, 256, 0, -1, -1, -1, 4, 999, 2;
1, 256, 1, 1, 1, 1, 6, 1001, 4;
1, 256, 0, -1, -1, -1, 4, 998, 2;
1, 256, 0, -1, -1, -1, 4, 999, 2;
1, 256, 0, -1, -1, -1, 3, 998, 1;
1, 256, 0, 0, 0, 0, 5, 1000, 3;
1, 256, 0, -1, -1, -1, 4, 999, 2;
1, 256, 0, 0, 0, 0, 5, 999, 3;
1, 256, 1, 1, 1, 1, 6, 1001, 4;
1, 256, 0, -1, -1, -1, 3, 998, 1;
1, 256, 0, 0, 0, 0, 5, 1000, 3;
1, 256, 0, -1, -1, -1, 4, 999, 2;
1, 256, 0, -1, -1, -1, 4, 999, 2;
1, 256, 0, 0, 0, 0, 4, 999, 2;
1, 256, 0, 0, 0, 0, 5, 1000, 3;
1, 256, 0, 0, 0, 0, 5, 1000, 3;
1, 256, 0, -1, -1, -1, 4, 999, 2;
1, 256, 0, 0, 0, 0, 4, 999, 2;
1, 256, 0, 1, 1, 1, 5, 1000, 3;
1, 256, 0, 0, 0, 0, 5, 1000, 3;
1, 256, 1, 1, 1, 1, 5, 1000, 3;
1, 256, 0, 0, 0, 0, 5, 1000, 3;
1, 256, 0, -1, -1, -1, 4, 999, 2;
1, 256, 1, 1, 1, 1, 6, 1001, 4;
1, 256, 1, 1, 1, 1, 6, 1001, 4;
0, 256, 0, -1, -1, -1, 3, 998, 1;
1, 256, 0, 0, 0, 0, 5, 1000, 3;
1, 256, 0, -1, -1, -1, 4, 999, 2;
1, 256, 0, 0, 0, 0, 5, 1000, 3;
1, 256, 0, 1, 1, 1, 5, 1000, 3;
1, 256, 0, 1, 1, 1, 5, 1000, 3;
1, 256, 0, 0, 0, 0, 5, 1000, 3;
1, 256, 0, 1, 1, 1, 5, 1000, 3;
1, 256, 0, 1, 1, 1, 5, 1000, 3;
1, 256, 0, 0, 0, 0, 4, 999, 2;
1, 256, 0, -1, -1, -1, 4, 999, 2;
1, 256, 0, 0, 0, 0, 5, 1000, 3;
1, 256, 0, 0, 0, 0, 5, 999, 3;
1, 256, 0, -1, -1, -1, 3, 998, 1;
1, 256, 0, 0, 0, 0, 5, 1000, 3;
1, 256, 1, 1, 1, 1, 6, 1001, 4;
0, 256, 0, -1, -1, -1, 3, 998, 1;
0, 256, 0, -1, -1, -1, 3, 998, 1;
1, 256, 0, 0, 0, 0, 5, 1000, 3;
1, 256, 0, 0, 0, 0, 4, 999, 2;
1, 256, 0, 0, 0, 0, 4, 999, 2;
1, 256, 0, 0, 0, 0, 5, 1000, 3;
1, 256, 0, 0, 0, 0, 5, 1000, 3;
1, 256, 0, 1, 1, 1, 5, 1000, 3;
1, 256, 0, 0, 0, 0, 4, 999, 2;
1, 256, 0, 0, 0, 0, 4, 999, 2;
1, 256, 1, 1, 1, 1, 6, 1001, 4;
1, 256, 0, 0, 0, 0, 5, 999, 3;
1, 256, 1, 1, 1, 1, 6, 1001, 4;
1, 256, 0, 0, 0, 0, 5, 1000, 3;
1, 256, 0, 0, 0, 0, 5, 1000, 3;
1, 256, 1, 1, 1, 1, 5, 1000, 3;
1, 256, 1, 1, 1, 1, 6, 1001, 4;
1, 256, 0, 0, 0, 0, 4, 999, 2;
1, 256, 0, -1, -1, -1, 4, 999, 2;
1, 256, 0, 0, 0, 0, 4, 999, 2;
1, 256, 1, 1, 1, 1, 6, 1000, 3;
1, 256, 0, 0, 0, 0, 4, 999, 2;
1, 256, 0, -1, -1, -1, 4, 999, 2;
1, 256, 1, 1, 1, 1, 6, 1001, 4;
1, 256, 0, -1, -1, -1, 4, 999, 2;
1, 256, 0, -1, -1, -1, 3, 998, 1;
1, 256, 0, 0, 0, 0, 5, 1000, 3;
1, 256, 0, 0, 0, 0, 4, 999, 2;
1, 256, 0, 1, 1, 1, 5, 1000, 3;
1, 256, 0, 0, 0, 0, 4, 999, 2;
1, 256, 0, 0, 0, 0, 5, 1000, 3;
1, 256, 0, 0, 0, 0, 4, 999, 2;
1, 256, 1, 1, 1, 1, 6, 1000, 3;
1, 256, 0, 1, 1, 1, 5, 1000, 3;
1, 256, 0, 0, 0, 0, 5, 1000, 3;
1, 256, 0, -1, -1, -1, 4, 998, 1;
1, 256, 0, 0, 0, 0, 4, 999, 2;
1, 256, 0, 0, 0, 0, 5, 1000, 3;
1, 256, 0, -1, -1, -1, 4, 999, 2;
1, 256, 1, 1, 1, 1, 6, 1001, 4;
1, 256, 0, 0, 0, 0, 4, 999, 2;
1, 256, 1, 1, 1, 1, 6, 1001, 4;
1, 256, 0, 0, 0, 0, 5, 1000, 3;
1, 256, 0, -1, -1, -1, 4, 999, 2;
0, 256, 0, -1, -1, -1, 3, 998, 1;
1, 256, 0, 1, 1, 1, 5, 1000, 3;
1, 256, 0, -1, -1, -1, 4, 999, 2;
1, 256, 1, 1, 1, 1, 5, 1000, 3;
1, 256, 0, 0, 0, 0, 4, 999, 2;
1, 256, 0, -1, -1, -1, 3, 998, 1;
1, 256, 0, 0, 0, 0, 4, 999, 2;
1, 256, 0, 0, 0, 0, 4, 999, 2;
1, 256, 0, 0, 0, 0, 4, 999, 2;
1, 256, 0, -1, -1, -1, 4, 999, 2;
1, 256, 0, 1, 1, 1, 5, 1000, 3;
1, 256, 0, -1, -1, -1, 4, 998, 1;
1, 256, 0, -1, -1, -1, 4, 998, 2;
1, 256, 0, 0, 0, 0, 4, 999, 2;
1, 256, 1, 1, 1, 1, 6, 1001, 4;
1, 256, 0, 0, 0, 0, 4, 999, 2;
1, 256, 0, -1, -1, -1, 4, 999, 2;
1, 256, 0, 0, 0, 0, 5, 1000, 3;
1, 256, 0, -1, -1, -1, 4, 999, 2;
1, 256, 0, 0, 0, 0, 5, 999, 2;
1, 256, 0, 1, 1, 1, 5, 1000, 3;
1, 256, 0, -1, -1, -1, 4, 999, 2;
1, 256, 0, 0, 0, 0, 5, 1000, 3;
1, 256, 0, 1, 1, 1, 5, 1000, 3;
1, 256, 1, 1, 1, 1, 6, 1000, 4;
1, 256, 0, -1, -1, -1, 4, 999, 2;
1, 256, 1, 1, 1, 1, 6, 1000, 4;
1, 256, 0, 0, 0, 0, 5, 1000, 3;
1, 256, 0, -1, -1, -1, 4, 999, 2;
1, 256, 0, -1, -1, -1, 3, 998, 1;
1, 256, 0, 0, 0, 0, 5, 1000, 3;
1, 256, 1, 1, 1, 1, 5, 1000, 3;
1, 256, 0, 0, 0, 0, 5, 999, 3;
1, 256, 0, -1, -1, -1, 4, 999, 2;
1, 256, 0, 1, 1, 1, 5, 1000, 3;
1, 256, 0, 1, 1, 1, 5, 1000, 3;
1, 256, 0, 0, 0, 0, 5, 1000, 3;
1, 256, 0, -1, -1, -1, 4, 999, 2;
1, 256, 0, 0, 0, 0, 4, 999, 2;
1, 256, 0, -1, -1, -1, 4, 998, 1;
1, 256, 1, 1, 1, 1, 6, 1001, 4;
1, 256, 0, 0, 0, 0, 4, 999, 2;
1, 256, 0, 0, 0, 0, 4, 999, 2;
1, 256, 0, 0, 0, 0, 4, 999, 2;
1, 256, 0, 1, 1, 1, 5, 1000, 3;
1, 256, 1, 1, 1, 1, 6, 1001, 4;
1, 256, 1, 1, 1, 1, 6, 1001, 4;
1, 256, 0, 0, 0, 0, 5, 1000, 3;
1, 256, 0, 0, 0, 0, 5, 1000, 3;
1, 256, 0, 0, 0, 0, 4, 999, 2;
1, 256, 0, 0, 0, 0, 4, 999, 2;
1, 256, 0, 0, 0, 0, 5, 1000, 3;
1, 256, 1, 1, 1, 1, 6, 1000, 4;
1, 256, 1, 1, 1, 1, 6, 1001, 4;
1, 256, 0, 0, 0, 0, 5, 1000, 3;
1, 256, 0, 0, 0, 0, 5, 1000, 3;
1, 256, 0, -1, -1, -1, 4, 999, 2;
1, 256, 0, 0, 0, 0, 4, 999, 2;
1, 256, 0, 0, 0, 0, 5, 999, 2;
1, 256, 0, -1, -1, -1, 4, 999, 2;
1, 256, 1, 1, 1, 1, 6, 1001, 4;
1, 256, 0, 1, 1, 1, 5, 1000, 3;
1, 256, 0, 0, 0, 0, 5, 999, 2;
0, 256, 0, -1, -1, -1, 3, 998, 1;
1, 256, 1, 1, 1, 1, 6, 1001, 4;
1, 256, 0, 0, 0, 0, 4, 999, 2;
1, 256, 0, 0, 0, 0, 5, 1000, 3;
1, 256, 0, 0, 0, 0, 5, 1000, 3;
1, 256, 0, 1, 1, 1, 5, 1000, 3;
1, 256, 0, 0, 0, 0, 5, 1000, 3;
1, 256, 1, 1, 1, 1, 6, 1000, 3;
1, 256, 1, 1, 1, 1, 6, 1000, 4;
1, 256, 1, 1, 1, 1, 6, 1001, 4;
1, 256, 0, 0, 0, 0, 5, 1000, 3;
1, 256, 0, -1, -1, -1, 3, 998, 1;
1, 256, 0, 0, 0, 0, 4, 999, 2;
1, 256, 1, 1, 1, 1, 6, 1000, 3;
1, 256, 0, 0, 0, 0, 5, 1000, 3;
1, 256, 0, 0, 0, 0, 4, 999, 2;
1, 256, 0, 0, 0, 0, 5, 1000, 3;
1, 256, 1, 1, 1, 1, 6, 1000, 3;
1, 256, 0, -1, -1, -1, 4, 999, 2;
1, 256, 0, -1, -1, -1, 4, 999, 2;
1, 256, 0, -1, -1, -1, 3, 998, 1;
1, 256, 0, 0, 0, 0, 4, 999, 2;
1, 256, 1, 1, 1, 1, 6, 1001, 4;
1, 256, 0, -1, -1, -1, 4, 999, 2;
1, 256, 0, 0, 0, 0, 5, 1000, 3;
1, 256, 0, 0, 0, 0, 4, 999, 2;
1, 256, 1, 1, 1, 1, 6, 1001, 4;
1, 256, 0, 0, 0, 0, 4, 999, 2;
1, 256, 0, 0, 0, 0, 4, 999, 2;
1, 256, 0, 0, 0, 0, 4, 999, 2;
1, 256, 1, 1, 1, 1, 6, 1000, 4;
1, 256, 0, 0, 0, 0, 5, 1000, 3;
1, 256, 0, -1, -1, -1, 3, 998, 1;
1, 256, 1, 1, 1, 1, 5, 1000, 3;
1, 256, 0, 0, 0, 0, 5, 1000, 3;
1, 256, 0, -1, -1, -1, 4, 999, 2;
1, 256, 0, 0, 0, 0, 4, 999, 2;
1, 256, 0, 0, 0, 0, 5, 1000, 3;
1, 256, 0, 1, 1, 1, 5, 1000, 3;
1, 256, 1, 1, 1, 1, 6, 1000, 4;
1, 256, 0, -1, -1, -1, 4, 999, 2;
1, 256, 0, 0, 0, 0, 4, 999, 2;
1, 256, 1, 1, 1, 1, 6, 1001, 4;
0, 256, 0, -1, -1, -1, 3, 998, 1;
1, 256, 0, -1, -1, -1, 4, 999, 2;
1, 256, 0, 0, 0, 0, 5, 1000, 3;
1, 256, 0, 0, 0, 0, 5, 1000, 3;
1, 256, 0, 0, 0, 0, 4, 999, 2;
1, 256, 0, 0, 0, 0, 5, 1000, 3;
1, 256, 0, -1, -1, -1, 4, 999, 2;
1, 256, 0, 0, 0, 0, 5, 999, 2;
1, 256, 0, 1, 1, 1, 5, 1000, 3;
1, 256, 0, 0, 0, 0, 5, 1000, 3;
1, 256, 0, 0, 0, 0, 5, 1000, 3;
1, 256, 0, 1, 1, 1, 5, 1000, 3;
1, 256, 1, 1, 1, 1, 6, 1001, 4;
1, 256, 0, 1, 1, 1, 5, 1000, 3;
1, 256, 0, -1, -1, -1, 4, 999, 2;
1, 256, 0, -1, -1, -1, 3, 998, 1;
1, 256, 0, -1, -1, -1, 4, 999, 2;
1, 256, 0, 1, 1, 1, 5, 1000, 3;
1, 256, 0, 0, 0, 0, 5, 1000, 3;
1, 256, 0, 0, 0, 0, 5, 999, 2;
1, 256, 0, 1, 1, 1, 5, 1000, 3;
1, 256, 0, 0, 0, 0, 4, 999, 2;
1, 256, 0, -1, -1, -1, 3, 998, 1;
1, 256, 0, 0, 0, 0, 5, 1000, 3;
1, 256, 0, -1, -1, -1, 4, 999, 2;
1, 256, 0, 0, 0, 0, 5, 1000, 3;
1, 256, 0, -1, -1, -1, 4, 998, 2;
1, 256, 0, -1, -1, -1, 4, 999, 2;
1, 256, 0, 0, 0, 0, 5, 1000, 3;
1, 256, 0, 0, 0, 0, 5, 1000, 3;
1, 256, 0, -1, -1, -1, 4, 999, 2;
1, 256, 0, -1, -1, -1, 4, 999, 2;
1, 256, 0, 0, 0, 0, 5, 1000, 3;
1, 256, 0, 0, 0, 0, 5, 1000, 3;
1, 256, 0, -1, -1, -1, 4, 999, 2;
1, 256, 0, -1, -1, -1, 4, 999, 2;
1, 256, 0, -1, -1, -1, 4, 999, 2;
1, 256, 1, 1, 1, 1, 6, 1000, 3;
1, 256, 0, 0, 0, 0, 4, 999, 2;
1, 256, 1, 1, 1, 1, 6, 1001, 4;
1, 256, 0, -1, -1, -1, 4, 999, 2;
1, 256, 0, 0, 0, 0, 5, 1000, 3;
1, 256, 0, 0, 0, 0, 4, 999, 2;
1, 256, 0, 1, 1, 1, 5, 1000, 3;
1, 256, 0, -1, -1, -1, 4, 999, 2;
1, 256, 0, -1, -1, -1, 3, 998, 1;
1, 256, 0, -1, -1, -1, 4, 999, 2;
1, 256, 0, 0, 0, 0, 4, 999, 2;
1, 256, 0, -1, -1, -1, 4, 999, 2;
1, 256, 0, 0, 0, 0, 4, 999, 2;
1, 256, 0, -1, -1, -1, 4, 999, 2;
1, 256, 0, -1, -1, -1, 4, 998, 1;
1, 256, 0, -1, -1, -1, 4, 999, 2;
1, 256, 1, 1, 1, 1, 6, 1001, 4;
1, 256, 1, 1, 1, 1, 6, 1001, 4;
1, 256, 0, -1, -1, -1, 4, 999, 2;
1, 256, 1, 1, 1, 1, 6, 1001, 4;
1, 256, 0, 0, 0, 0, 5, 1000, 3;
1, 256, 0, 1, 1, 1, 5, 1000, 3;
1, 256, 0, 0, 0, 0, 4, 999, 2;
1, 256, 0, 0, 0, 0, 5, 999, 3;
1, 256, 0, 1, 1, 1, 5, 1000, 3;
1, 256, 1, 1, 1, 1, 6, 1001, 4;
1, 256, 0, 0, 0, 0, 5, 1000, 3;
1, 256, 0, 0, 0, 0, 5, 1000, 3;
1, 256, 0, 0, 0, 0, 5, 1000, 3;
0, 256, 0, -1, -1, -1, 3, 998, 1;
1, 256, 0, 0, 0, 0, 4, 999, 2;
1, 256, 0, 0, 0, 0, 4, 999, 2;
1, 256, 0, 0, 0, 0, 4, 999, 2;
1, 256, 0, 0, 0, 0, 5, 1000, 3;
1, 256, 1, 1, 1, 1, 6, 1000, 3;
1, 256, 0, 0, 0, 0, 4, 999, 2;
1, 256, 0, -1, -1, -1, 3, 998, 1;
1, 256, 1, 1, 1, 1, 6, 1000, 3;
1, 256, 0, 0, 0, 0, 5, 1000, 3;
1, 256, 1, 1, 1, 1, 6, 1001, 4;
1, 256, 0, 0, 0, 0, 5, 1000, 3;
1, 256, 0, 0, 0, 0, 4, 999, 2;
1, 256, 1, 1, 1, 1, 6, 1001, 4;
1, 256, 0, 1, 1, 1, 5, 1000, 3;
1, 256, 0, -1, -1, -1, 4, 999, 2;
1, 256, 0, -1, -1, -1, 4, 998, 2;
1, 256, 1, 1, 1, 1, 6, 1001, 4;
1, 256, 0, 1, 1, 1, 5, 1000, 3;
1, 256, 0, 0, 0, 0, 5, 1000, 3;
1, 256, 1, 1, 1, 1, 6, 1000, 3;
1, 256, 0, 0, 0, 0, 5, 1000, 3;
1, 256, 0, 0, 0, 0, 4, 999, 2;
1, 256, 0, 1, 1, 1, 5, 1000, 3;
1, 256, 0, 0, 0, 0, 5, 1000, 3;
1, 256, 0, 0, 0, 0, 5, 1000, 3;
1, 256, 0, 0, 0, 0, 4, 999, 2;
1, 256, 1, 1, 1, 1, 6, 1001, 4;
1, 256, 0, -1, -1, -1, 3, 998, 1;
1, 256, 0, -1, -1, -1, 3, 998, 1;
1, 256, 0, 0, 0, 0, 5, 1000, 3;
1, 256, 0, -1, -1, -1, 4, 999, 2;
0, 256, 0, -1, -1, -1, 3, 998, 1;
1, 256, 0, -1, -1, -1, 4, 999, 2;
1, 256, 0, 0, 0, 0, 5, 1000, 3;
1, 256, 0, -1, -1, -1, 4, 999, 2;
1, 256, 1, 1, 1, 1, 6, 1001, 4;
1, 256, 0, -1, -1, -1, 4, 999, 2;
1, 256, 0, 0, 0, 0, 5, 1000, 3;
1, 256, 0, 0, 0, 0, 5, 1000, 3;
1, 256, 0, 1, 1, 1, 5, 1000, 3;
1, 256, 0, 0, 0, 0, 4, 999, 2;
1, 256, 1, 1, 1, 1, 6, 1001, 4;
1, 256, 0, 0, 0, 0, 5, 1000, 3;
1, 256, 0, 0, 0, 0, 5, 1000, 3;
1, 256, 1, 1, 1, 1, 5, 1000, 3;
0, 256, 0, -1, -1, -1, 3, 998, 1;
1, 256, 1, 1, 1, 1, 6, 1001, 4;
1, 256, 0, -1, -1, -1, 3, 998, 1;
1, 256, 0, 0, 0, 0, 5, 1000, 3;
1, 256, 0, 0, 0, 0, 5, 1000, 3;
1, 256, 1, 1, 1, 1, 6, 1000, 3;
1, 256, 0, 1, 1, 1, 5, 1000, 3;
1, 256, 0, 0, 0, 0, 5, 1000, 3;
1, 256, 1, 1, 1, 1, 6, 1001, 4;
1, 256, 0, 1, 1, 1, 5, 1000, 3;
1, 256, 0, 0, 0, 0, 4, 999, 2;
1, 256, 0, 0, 0, 0, 4, 999, 2;
1, 256, 1, 1, 1, 1, 6, 1001, 4;
1, 256, 0, 0, 0, 0, 4, 999, 2;
1, 256, 1, 1, 1, 1, 5, 1000, 3;
1, 256, 0, 0, 0, 0, 4, 999, 2;
1, 256, 0, -1, -1, -1, 4, 999, 2;
1, 256, 0, 1, 1, 1, 5, 1000, 3;
1, 256, 0, 0, 0, 0, 4, 999, 2;
1, 256, 0, 0, 0, 0, 5, 1000, 3;
1, 256, 0, 0, 0, 0, 5, 1000, 3;
1, 256, 0, -1, -1, -1, 3, 998, 1;
1, 256, 0, -1, -1, -1, 4, 999, 2;
1, 256, 0, -1, -1, -1, 4, 999, 2;
1, 256, 0, 1, 1, 1, 5, 1000, 3;
1, 256, 1, 1, 1, 1, 5, 1000, 3;
1, 256, 0, 1, 1, 1, 5, 1000, 3;
1, 256, 0, 0, 0, 0, 5, 1000, 3;
1, 256, 1, 1, 1, 1, 6, 1000, 4;
1, 256, 0, 0, 0, 0, 5, 1000, 3;
1, 256, 0, 1, 1, 1, 5, 1000, 3;
1, 256, 0, 0, 0, 0, 5, 1000, 3;
1, 256, 0, -1, -1, -1, 4, 999, 2;
1, 256, 0, -1, -1, -1, 4, 999, 2;
1, 256, 0, 0, 0, 0, 5, 1000, 3;
1, 256, 0, 0, 0, 0, 4, 999, 2;
1, 256, 0, 0, 0, 0, 4, 999, 2;
1, 256, 1, 1, 1, 1, 6, 1001, 4;
1, 256, 0, 0, 0, 0, 5, 1000, 3;
1, 256, 0, 1, 1, 1, 5, 1000, 3;
1, 256, 0, 0, 0, 0, 5, 1000, 3;
1, 256, 0, -1, -1, -1, 4, 999, 2;
1, 256, 0, 1, 1, 1, 5, 1000, 3;
1, 256, 1, 1, 1, 1, 6, 1001, 4;
1, 256, 0, 1, 1, 1, 5, 1000, 3;
1, 256, 0, 0, 0, 0, 5, 1000, 3;
1, 256, 0, 0, 0, 0, 4, 999, 2;
1, 256, 0, 0, 0, 0, 5, 1000, 3;
1, 256, 0, 0, 0, 0, 4, 999, 2;
1, 256, 0, -1, -1, -1, 4, 999, 2;
1, 256, 0, 0, 0, 0, 4, 999, 2;
1, 256, 0, 0, 0, 0, 4, 999, 2;
1, 256, 0, -1, -1, -1, 4, 999, 2;
1, 256, 0, -1, -1, -1, 4, 999, 2;
1, 256, 0, 0, 0, 0, 4, 999, 2;
1, 256, 0, -1, -1, -1, 4, 998, 2;
1, 256, 1, 1, 1, 1, 6, 1001, 4;
1, 256, 1, 1, 1, 1, 5, 1000, 3;
1, 256, 0, -1, -1, -1, 4, 999, 2;
1, 256, 0, 0, 0, 0, 5, 1000, 3;
1, 256, 0, 0, 0, 0, 4, 999, 2;
1, 256, 0, 0, 0, 0, 5, 1000, 3;
1, 256, 0, -1, -1, -1, 4, 999, 2;
1, 256, 0, 0, 0, 0, 4, 999, 2;
1, 256, 0, 0, 0, 0, 5, 1000, 3;
1, 256, 0, 0, 0, 0, 5, 1000, 3;
1, 256, 0, -1, -1, -1, 4, 999, 2;
1, 256, 0, -1, -1, -1, 4, 998, 2;
1, 256, 0, 0, 0, 0, 5, 1000, 3;
1, 256, 0, 0, 0, 0, 5, 1000, 3;
1, 256, 0, 0, 0, 0, 5, 999, 2;
1, 256, 0, 0, 0, 0, 4, 999, 2;
1, 256, 0, 0, 0, 0, 5, 1000, 3;
1, 256, 0, -1, -1, -1, 3, 998, 1;
1, 256, 0, -1, -1, -1, 4, 999, 2;
1, 256, 0, 0, 0, 0, 5, 1000, 3;
1, 256, 0, 0, 0, 0, 5, 999, 3;
1, 256, 1, 1, 1, 1, 6, 1001, 4;
1, 256, 0, 0, 0, 0, 4, 999, 2;
1, 256, 0, 0, 0, 0, 5, 1000, 3;
1, 256, 0, -1, -1, -1, 4, 999, 2;
1, 256, 0, -1, -1, -1, 4, 999, 2;
1, 256, 1, 1, 1, 1, 6, 1000, 4;
1, 256, 0, -1, -1, -1, 4, 998, 2;
1, 256, 0, 0, 0, 0, 5, 1000, 3;
1, 256, 0, -1, -1, -1, 4, 999, 2;
1, 256, 0, 0, 0, 0, 5, 999, 3;
1, 256, 1, 1, 1, 1, 6, 1001, 4;
1, 256, 0, 0, 0, 0, 5, 1000, 3;
1, 256, 1, 1, 1, 1, 6, 1001, 4;
0, 256, 0, -1, -1, -1, 3, 998, 1;
1, 256, 0, -1, -1, -1, 4, 999, 2;
1, 256, 0, 0, 0, 0, 5, 999, 2;
1, 256, 0, 0, 0, 0, 4, 999, 2;
1, 256, 0, 0, 0, 0, 4, 999, 2;
1, 256, 0, -1, -1, -1, 4, 999, 2;
1, 256, 0, -1, -1, -1, 4, 999, 2;
1, 256, 0, 0, 0, 0, 5, 1000, 3;
1, 256, 0, 0, 0, 0, 5, 1000, 3;
1, 256, 1, 1, 1, 1, 5, 1000, 3;
1, 256, 0, 0, 0, 0, 4, 999, 2;
1, 256, 0, -1, -1, -1, 4, 999, 2;
1, 256, 1, 1, 1, 1, 5, 1000, 3;
1, 256, 0, 0, 0, 0, 4, 999, 2;
1, 256, 0, 0, 0, 0, 5, 1000, 3;
1, 256, 0, -1, -1, -1, 4, 999, 2;
1, 256, 1, 1, 1, 1, 5, 1000, 3;
1, 256, 0, 0, 0, 0, 4, 999, 2;
1, 256, 0, 0, 0, 0, 4, 999, 2;
1, 256, 0, 0, 0, 0, 5, 1000, 3;
1, 256, 0, 0, 0, 0, 5, 1000, 3;
1, 256, 0, -1, -1, -1, 4, 999, 2;
1, 256, 1, 1, 1, 1, 6, 1001, 4;
1, 256, 0, 0, 0, 0, 5, 1000, 3;
1, 256, 0, 1, 1, 1, 5, 1000, 3;
1, 256, 0, 0, 0, 0, 5, 1000, 3;
1, 256, 0, -1, -1, -1, 4, 999, 2;
1, 256, 0, 1, 1, 1, 5, 1000, 3;
1, 256, 0, 0, 0, 0, 5, 1000, 3;
1, 256, 0, -1, -1, -1, 4, 999, 2;
1, 256, 0, 0, 0, 0, 5, 1000, 3;
1, 256, 0, -1, -1, -1, 4, 999, 2;
1, 256, 0, 0, 0, 0, 5, 1000, 3;
1, 256, 1, 1, 1, 1, 5, 1000, 3;
1, 256, 0, 0, 0, 0, 4, 999, 2;
1, 256, 0, 0, 0, 0, 5, 1000, 3;
1, 256, 0, 0, 0, 0, 4, 999, 2;
1, 256, 0, 0, 0, 0, 4, 999, 2;
1, 256, 0, 0, 0, 0, 4, 999, 2;
1, 256, 0, 0, 0, 0, 4, 999, 2;
1, 256, 0, -1, -1, -1, 4, 999, 2;
1, 256, 0, -1, -1, -1, 4, 999, 2;
1, 256, 0, 0, 0, 0, 4, 999, 2;
1, 256, 0, 0, 0, 0, 5, 1000, 3;
1, 256, 0, 0, 0, 0, 4, 999, 2;
1, 256, 0, 0, 0, 0, 4, 999, 2;
1, 256, 0, 1, 1, 1, 5, 1000, 3;
1, 256, 0, 0, 0, 0, 4, 999, 2;
1, 256, 0, 0, 0, 0, 5, 1000, 3;
1, 256, 0, -1, -1, -1, 4, 999, 2;
1, 256, 1, 1, 1, 1, 6, 1001, 4;
1, 256, 1, 1, 1, 1, 6, 1001, 4;
1, 256, 0, 0, 0, 0, 5, 1000, 3;
1, 256, 0, 0, 0, 0, 4, 999, 2;
1, 256, 1, 1, 1, 1, 6, 1000, 4;
1, 256, 1, 1, 1, 1, 6, 1001, 4;
1, 256, 0, 0, 0, 0, 5, 1000, 3;
1, 256, 0, 0, 0, 0, 5, 1000, 3;
1, 256, 0, 0, 0, 0, 4, 999, 2;
1, 256, 0, 0, 0, 0, 4, 999, 2;
1, 256, 0, -1, -1, -1, 4, 999, 2;
1, 256, 0, 0, 0, 0, 5, 1000, 3;
1, 256, 0, 0, 0, 0, 5, 1000, 3;
1, 256, 0, 0, 0, 0, 4, 999, 2;
1, 256, 0, 1, 1, 1, 5, 1000, 3;
1, 256, 0, 0, 0, 0, 4, 999, 2;
1, 256, 1, 1, 1, 1, 5, 1000, 3;
1, 256, 1, 1, 1, 1, 6, 1000, 4;
1, 256, 0, 0, 0, 0, 5, 1000, 3;
1, 256, 1, 1, 1, 1, 6, 1000, 3;
1, 256, 0, -1, -1, -1, 4, 998, 1;
1, 256, 0, 0, 0, 0, 5, 1000, 3;
1, 256, 0, 1, 1, 1, 5, 1000, 3;
1, 256, 0, 0, 0, 0, 5, 1000, 3;
1, 256, 0, 0, 0, 0, 4, 999, 2;
1, 256, 0, 0, 0, 0, 4, 999, 2;
1, 256, 1, 1, 1, 1, 6, 1001, 4;
1, 256, 0, 0, 0, 0, 5, 999, 3;
1, 256, 0, -1, -1, -1, 3, 998, 1;
1, 256, 0, 0, 0, 0, 5, 1000, 3;
1, 256, 0, 0, 0, 0, 4, 999, 2;
1, 256, 0, 0, 0, 0, 4, 999, 2;
1, 256, 1, 1, 1, 1, 6, 1001, 4;
1, 256, 0, 0, 0, 0, 5, 1000, 3;
1, 256, 0, 0, 0, 0, 5, 1000, 3;
1, 256, 0, 0, 0, 0, 4, 999, 2;
1, 256, 1, 1, 1, 1, 6, 1001, 4;
1, 256, 1, 1, 1, 1, 6, 1000, 3;
1, 256, 0, 0, 0, 0, 4, 999, 2;
1, 256, 0, 1, 1, 1, 5, 1000, 3;
1, 256, 0, -1, -1, -1, 4, 999, 2;
1, 256, 0, 0, 0, 0, 5, 1000, 3;
1, 256, 0, -1, -1, -1, 4, 999, 2;
1, 256, 0, 0, 0, 0, 5, 1000, 3;
1, 256, 0, 0, 0, 0, 4, 999, 2;
1, 256, 0, 0, 0, 0, 5, 1000, 3;
1, 256, 0, 1, 1, 1, 5, 1000, 3;
1, 256, 0, 1, 1, 1, 5, 1000, 3;
1, 256, 0, 0, 0, 0, 4, 999, 2;
1, 256, 0, -1, -1, -1, 4, 999, 2;
1, 256, 0, 0, 0, 0, 4, 999, 2;
1, 256, 1, 1, 1, 1, 6, 1001, 4;
1, 256, 0, -1, -1, -1, 4, 999, 2;
1, 256, 0, 0, 0, 0, 4, 999, 2;
1, 256, 0, 0, 0, 0, 4, 999, 2;
1, 256, 0, -1, -1, -1, 4, 999, 2;
1, 256, 0, -1, -1, -1, 4, 999, 2;
1, 256, 1, 1, 1, 1, 6, 1001, 4;
1, 256, 1, 1, 1, 1, 6, 1001, 4;
1, 256, 0, -1, -1, -1, 4, 999, 2;
1, 256, 0, -1, -1, -1, 4, 998, 2;
1, 256, 0, 0, 0, 0, 4, 999, 2;
1, 256, 0, 0, 0, 0, 4, 999, 2;
1, 256, 0, -1, -1, -1, 4, 998, 1;
1, 256, 0, -1, -1, -1, 4, 999, 2;
1, 256, 0, 0, 0, 0, 5, 1000, 3;
1, 256, 0, 0, 0, 0, 4, 999, 2;
1, 256, 0, 1, 1, 1, 5, 1000, 3;
1, 256, 0, 0, 0, 0, 5, 1000, 3;
1, 256, 0, -1, -1, -1, 4, 999, 2;
1, 256, 0, 0, 0, 0, 5, 1000, 3;
1, 256, 1, 1, 1, 1, 6, 1001, 4;
1, 256, 0, 0, 0, 0, 4, 999, 2;
1, 256, 0, -1, -1, -1, 4, 999, 2;
1, 256, 0, 0, 0, 0, 5, 1000, 3;
1, 256, 0, 0, 0, 0, 5, 1000, 3;
1, 256, 0, 0, 0, 0, 5, 1000, 3;
1, 256, 0, 1, 1, 1, 5, 1000, 3;
1, 256, 0, -1, -1, -1, 4, 999, 2;
1, 256, 0, -1, -1, -1, 4, 999, 2;
1, 256, 0, -1, -1, -1, 3, 998, 1;
1, 256, 1, 1, 1, 1, 6, 1001, 4;
1, 256, 0, -1, -1, -1, 4, 999, 2;
1, 256, 0, -1, -1, -1, 3, 998, 1;
1, 256, 0, 0, 0, 0, 5, 1000, 3;
1, 256, 0, 0, 0, 0, 5, 999, 2;
1, 256, 0, -1, -1, -1, 4, 999, 2;
1, 256, 0, 0, 0, 0, 5, 1000, 3;
1, 256, 0, -1, -1, -1, 4, 998, 2;
1, 256, 0, 1, 1, 1, 5, 1000, 3;
1, 256, 0, 1, 1, 1, 5, 1000, 3;
1, 256, 1, 1, 1, 1, 6, 1000, 4;
1, 256, 0, 1, 1, 1, 5, 1000, 3;
1, 256, 0, 0, 0, 0, 4, 999, 2;
1, 256, 0, -1, -1, -1, 4, 999, 2;
1, 256, 1, 1, 1, 1, 5, 1000, 3;
1, 256, 1, 1, 1, 1, 6, 1000, 4;
1, 256, 0, 0, 0, 0, 5, 1000, 3;
1, 256, 0, -1, -1, -1, 3, 998, 1;
1, 256, 0, 0, 0, 0, 5, 1000, 3;
1, 256, 0, 0, 0, 0, 5, 999, 2;
1, 256, 1, 1, 1, 1, 5, 1000, 3;
1, 256, 1, 1, 1, 1, 6, 1001, 4;
1, 256, 0, 1, 1, 1, 5, 1000, 3;
1, 256, 1, 1, 1, 1, 6, 1001, 4;
1, 256, 0, 0, 0, 0, 5, 1000, 3;
1, 256, 0, -1, -1, -1, 3, 998, 1;
1, 256, 0, 0, 0, 0, 5, 1000, 3;
1, 256, 0, 0, 0, 0, 4, 999, 2;
1, 256, 0, 0, 0, 0, 4, 999, 2;
1, 256, 0, 0, 0, 0, 5, 1000, 3;
1, 256, 1, 1, 1, 1, 6, 1001, 4;
1, 256, 0, 0, 0, 0, 5, 1000, 3;
1, 256, 0, -1, -1, -1, 4, 999, 2;
1, 256, 0, 0, 0, 0, 4, 999, 2;
1, 256, 0, -1, -1, -1, 4, 999, 2;
1, 256, 0, 0, 0, 0, 5, 1000, 3;
1, 256, 0, -1, -1, -1, 3, 998, 1;
1, 256, 1, 1, 1, 1, 6, 1000, 3;
1, 256, 0, 0, 0, 0, 5, 999, 2;
1, 256, 0, 0, 0, 0, 4, 999, 2;
1, 256, 0, 0, 0, 0, 4, 999, 2;
1, 256, 0, 0, 0, 0, 5, 1000, 3;
1, 256, 1, 1, 1, 1, 6, 1001, 4;
1, 256, 0, 0, 0, 0, 4, 999, 2;
1, 256, 0, 0, 0, 0, 5, 1000, 3;
1, 256, 0, 0, 0, 0, 4, 999, 2;
1, 256, 1, 1, 1, 1, 6, 1001, 4;
1, 256, 0, 0, 0, 0, 5, 1000, 3;
1, 256, 0, -1, -1, -1, 4, 999, 2;
1, 256, 1, 1, 1, 1, 6, 1001, 4;
1, 256, 0, -1, -1, -1, 3, 998, 1;
1, 256, 1, 1, 1, 1, 5, 1000, 3;
1, 256, 0, 0, 0, 0, 4, 999, 2;
1, 256, 0, 0, 0, 0, 5, 1000, 3;
1, 256, 0, -1, -1, -1, 4, 999, 2;
1, 256, 0, 1, 1, 1, 5, 1000, 3;
1, 256, 0, 0, 0, 0, 4, 999, 2;