-3, 292, 10, -9, 400, -9, -11, 1141, 39;
4, 298, 15, 35, 417, 8, 17, 1163, 61;
3, 295, 13, 55, 409, 1, 15, 1154, 52;
6, 296, 14, 85, 410, 5, 26, 1157, 57;
7, 295, 13, 109, 404, 1, 29, 1152, 53;
5, 291, 9, 124, 388, -9, 21, 1136, 38;
9, 293, 12, 158, 391, -1, 37, 1144, 48;
14, 296, 16, 195, 397, 9, 58, 1156, 63;
15, 294, 14, 217, 387, 6, 60, 1149, 58;
13, 290, 11, 231, 368, -4, 52, 1133, 45;
17, 292, 13, 262, 367, 2, 67, 1139, 53;
21, 293, 16, 294, 365, 9, 83, 1145, 63;
19, 289, 13, 307, 346, 0, 77, 1129, 51;
22, 290, 14, 335, 340, 5, 88, 1131, 57;
25, 290, 16, 362, 334, 10, 100, 1133, 64;
21, 284, 10, 365, 304, -6, 84, 1107, 42;
22, 282, 10, 383, 289, -8, 86, 1100, 39;
29, 286, 15, 421, 294, 9, 113, 1117, 62;
29, 284, 14, 436, 277, 6, 114, 1108, 58;
28, 281, 13, 448, 256, 0, 111, 1096, 51;
29, 279, 12, 462, 239, -1, 113, 1088, 49;
32, 279, 15, 486, 231, 6, 127, 1091, 59;
32, 277, 13, 496, 210, 2, 125, 1080, 53;
35, 277, 15, 516, 200, 9, 137, 1082, 62;
31, 271, 11, 515, 170, -4, 124, 1059, 45;
34, 272, 13, 532, 158, 2, 134, 1061, 53;
31, 266, 9, 529, 128, -10, 121, 1038, 38;
35, 268, 13, 550, 122, 1, 138, 1047, 53;
32, 263, 10, 547, 94, -7, 128, 1028, 41;
36, 264, 13, 563, 84, 1, 141, 1032, 52;
36, 262, 12, 566, 63, 0, 140, 1023, 50;
39, 264, 16, 580, 55, 10, 155, 1029, 64;
36, 259, 13, 573, 26, 0, 142, 1010, 51;
38, 258, 14, 578, 11, 5, 149, 1008, 57;
35, 254, 12, 571, -14, -1, 140, 992, 48;
33, 250, 9, 561, -42, -10, 129, 975, 38;
38, 253, 15, 575, -45, 6, 149, 988, 58;
34, 247, 11, 558, -76, -6, 132, 965, 43;
33, 246, 11, 554, -95, -5, 132, 959, 43;
37, 248, 15, 559, -102, 6, 145, 967, 58;
37, 246, 15, 552, -119, 6, 144, 961, 59;
35, 243, 13, 539, -142, 2, 136, 948, 53;
34, 241, 13, 528, -160, 2, 133, 941, 53;
32, 238, 12, 514, -180, 0, 127, 931, 50;
33, 238, 14, 506, -193, 3, 129, 930, 55;
28, 233, 10, 481, -221, -7, 111, 910, 41;
31, 235, 14, 477, -226, 3, 122, 918, 55;
32, 236, 16, 470, -234, 11, 128, 922, 65;
30, 233, 15, 448, -254, 6, 117, 910, 58;
23, 226, 9, 414, -285, -9, 93, 884, 38;
25, 227, 12, 403, -292, -2, 97, 888, 47;
20, 223, 9, 373, -315, -12, 80, 871, 35;
24, 227, 14, 370, -310, 5, 97, 888, 57;
19, 222, 10, 337, -334, -7, 76, 868, 41;
19, 222, 11, 317, -343, -4, 74, 867, 45;
19, 222, 13, 299, -349, 0, 74, 869, 51;
16, 221, 12, 273, -362, -2, 65, 862, 47;
13, 218, 10, 243, -376, -8, 52, 851, 40;
15, 220, 13, 229, -374, 1, 58, 861, 53;
16, 223, 16, 214, -371, 11, 64, 871, 65;
11, 219, 13, 177, -389, 0, 44, 855, 51;
11, 220, 14, 156, -389, 5, 44, 859, 57;
4, 214, 9, 113, -411, -11, 16, 836, 36;
4, 216, 11, 93, -408, -5, 18, 842, 44;
7, 220, 16, 81, -396, 9, 30, 860, 63;
0, 215, 10, 37, -415, -7, 2, 838, 41;
2, 218, 14, 22, -405, 4, 9, 852, 56;
3, 220, 16, 2, -398, 11, 11, 861, 65;
0, 219, 14, -30, -403, 5, -2, 854, 57;
-1, 220, 15, -54, -398, 8, -4, 858, 61;
-3, 220, 15, -81, -396, 7, -12, 858, 60;
-8, 216, 11, -121, -406, -4, -35, 844, 44;
-5, 221, 16, -131, -385, 11, -21, 865, 64;
-7, 222, 16, -157, -380, 11, -27, 868, 65;
-9, 222, 16, -184, -376, 9, -36, 868, 62;
-13, 220, 13, -218, -378, 0, -53, 859, 51;
-18, 218, 10, -252, -379, -8, -71, 851, 40;
-20, 218, 9, -280, -373, -11, -81, 850, 36;
-19, 222, 12, -293, -354, -1, -74, 866, 48;
-19, 224, 14, -311, -339, 3, -74, 876, 54;
-17, 228, 16, -326, -320, 11, -70, 890, 64;
-21, 227, 14, -353, -314, 5, -82, 887, 57;
-26, 224, 10, -388, -316, -8, -105, 874, 40;
-22, 231, 16, -389, -284, 9, -87, 902, 62;
-30, 225, 9, -430, -292, -12, -119, 880, 35;
-31, 227, 9, -446, -276, -10, -121, 887, 38;
-26, 235, 15, -445, -242, 8, -102, 916, 61;
-26, 237, 16, -458, -224, 10, -103, 925, 64;
-31, 235, 12, -485, -220, 0, -121, 916, 49;
-33, 235, 11, -503, -208, -5, -130, 917, 44;
-32, 239, 13, -509, -184, 1, -124, 932, 53;
-37, 236, 9, -534, -180, -11, -144, 922, 36;
-32, 243, 14, -529, -147, 3, -128, 948, 55;
-31, 247, 16, -531, -121, 11, -120, 964, 64;
-34, 246, 13, -549, -112, 1, -134, 959, 53;
-33, 248, 14, -552, -90, 5, -132, 970, 57;
-32, 252, 16, -552, -65, 11, -126, 985, 64;
-36, 250, 12, -569, -58, -1, -142, 976, 49;
-33, 255, 15, -562, -29, 9, -130, 996, 62;
-37, 253, 11, -577, -23, -4, -148, 987, 45;
-36, 256, 12, -574, 0, 0, -143, 999, 50;
-35, 258, 13, -570, 21, 2, -139, 1010, 53;
-34, 262, 15, -564, 44, 6, -134, 1022, 58;
-32, 265, 16, -556, 69, 11, -127, 1035, 65;
-37, 261, 11, -569, 70, -5, -147, 1021, 43;
-37, 264, 11, -562, 91, -4, -144, 1029, 45;
-37, 264, 10, -559, 105, -8, -147, 1031, 40;
-32, 270, 14, -537, 138, 5, -128, 1056, 57;
-34, 270, 12, -534, 150, 0, -133, 1055, 50;
-34, 271, 11, -527, 163, -4, -136, 1056, 44;
-28, 278, 16, -499, 198, 12, -112, 1084, 66;
-34, 273, 10, -505, 195, -7, -132, 1066, 42;
-29, 278, 14, -481, 222, 3, -116, 1085, 54;
-26, 282, 16, -457, 247, 11, -101, 1102, 65;
-26, 283, 15, -444, 259, 8, -102, 1104, 61;
-27, 281, 12, -436, 265, 0, -108, 1098, 50;
-24, 285, 15, -410, 287, 7, -94, 1113, 60;
-26, 283, 12, -402, 291, -2, -102, 1106, 47;
-24, 285, 12, -379, 306, 0, -94, 1114, 50;
-19, 290, 16, -349, 329, 9, -77, 1131, 62;
-17, 291, 16, -325, 342, 11, -69, 1137, 65;
-16, 292, 16, -304, 353, 10, -64, 1141, 64;
-22, 286, 9, -303, 341, -11, -87, 1117, 36;
-20, 287, 9, -279, 351, -10, -80, 1121, 37;
-13, 293, 14, -238, 376, 5, -53, 1145, 57;
-17, 289, 9, -230, 367, -11, -68, 1127, 36;
-12, 293, 13, -194, 385, 0, -48, 1143, 50;
-13, 290, 10, -177, 382, -9, -53, 1134, 39;
-12, 291, 9, -152, 387, -9, -47, 1135, 38;
-9, 292, 10, -123, 393, -7, -38, 1140, 41;
-6, 294, 12, -91, 402, -1, -24, 1148, 48;
-4, 294, 12, -65, 405, -2, -18, 1149, 48;
-2, 295, 12, -37, 407, -1, -10, 1151, 49;
1, 297, 15, -2, 416, 6, 6, 1161, 59;
0, 293, 10, 11, 402, -6, -3, 1144, 42;
3, 296, 13, 47, 411, 2, 14, 1155, 54;
5, 296, 13, 74, 408, 2, 20, 1154, 53;
7, 296, 14, 101, 406, 3, 28, 1154, 55;
10, 297, 15, 133, 408, 8, 41, 1159, 61;
8, 293, 12, 148, 392, -3, 33, 1143, 47;
11, 293, 13, 177, 389, 0, 43, 1145, 50;
11, 292, 12, 199, 380, -3, 46, 1138, 46;
12, 290, 10, 221, 369, -6, 48, 1132, 42;
13, 289, 10, 245, 360, -7, 53, 1128, 41;
19, 292, 14, 281, 364, 5, 75, 1140, 57;
22, 292, 15, 308, 358, 9, 85, 1141, 62;
18, 286, 10, 315, 331, -7, 70, 1117, 41;
24, 290, 15, 351, 334, 7, 94, 1131, 59;
21, 284, 10, 359, 309, -6, 82, 1109, 42;
25, 286, 13, 388, 305, 2, 99, 1116, 54;
25, 283, 12, 404, 288, 0, 99, 1106, 49;
24, 279, 10, 415, 267, -8, 94, 1091, 40;
29, 282, 13, 444, 263, 2, 113, 1100, 54;
30, 281, 14, 463, 250, 4, 119, 1097, 56;
26, 274, 9, 463, 219, -11, 104, 1072, 37;
27, 273, 9, 478, 203, -10, 108, 1067, 38;
28, 272, 9, 492, 187, -9, 112, 1061, 38;
34, 275, 15, 521, 186, 6, 136, 1075, 59;
35, 274, 15, 533, 169, 6, 139, 1069, 59;
32, 269, 11, 532, 140, -3, 128, 1049, 46;
36, 270, 14, 550, 131, 4, 141, 1053, 56;
35, 267, 13, 555, 109, 1, 139, 1042, 52;
34, 263, 11, 556, 85, -3, 134, 1028, 46;
37, 264, 14, 570, 75, 5, 147, 1032, 57;
34, 259, 11, 563, 45, -5, 134, 1012, 44;
33, 256, 10, 563, 24, -8, 132, 1001, 40;
36, 257, 12, 572, 11, -1, 140, 1002, 49;
40, 259, 16, 585, 5, 11, 156, 1011, 65;
34, 252, 11, 567, -30, -4, 136, 984, 44;
35, 250, 11, 566, -49, -4, 136, 978, 45;
37, 251, 14, 571, -59, 5, 147, 982, 57;
37, 250, 14, 567, -77, 5, 146, 976, 58;
37, 248, 15, 562, -94, 7, 147, 970, 59;
35, 245, 13, 549, -119, 0, 137, 955, 51;
36, 244, 14, 545, -133, 5, 141, 955, 57;
30, 238, 10, 520, -166, -9, 120, 929, 39;
33, 240, 13, 521, -171, 2, 132, 938, 54;
34, 240, 15, 514, -184, 7, 135, 937, 60;
29, 234, 10, 486, -215, -7, 113, 913, 41;
34, 238, 16, 490, -213, 11, 133, 929, 64;
30, 234, 13, 466, -238, 2, 118, 913, 54;
25, 228, 9, 437, -266, -10, 98, 891, 37;
24, 227, 9, 420, -280, -9, 95, 886, 38;
24, 227, 11, 407, -289, -4, 97, 888, 45;
26, 228, 14, 396, -295, 3, 102, 893, 55;
27, 230, 16, 384, -300, 11, 107, 898, 65;
23, 226, 13, 354, -321, 2, 90, 882, 54;
17, 220, 9, 318, -346, -11, 67, 860, 36;
16, 219, 9, 297, -356, -10, 63, 857, 38;
18, 223, 13, 286, -353, 2, 73, 869, 53;
18, 223, 15, 267, -357, 7, 73, 872, 59;
14, 220, 12, 234, -375, -1, 56, 858, 49;
14, 221, 14, 215, -376, 4, 58, 863, 56;
12, 219, 13, 186, -387, 0, 46, 856, 51;
7, 216, 10, 152, -401, -7, 30, 843, 41;
11, 221, 16, 144, -387, 10, 46, 864, 64;
6, 217, 12, 104, -405, -2, 23, 846, 47;
5, 218, 13, 83, -403, 2, 23, 851, 54;
3, 216, 12, 52, -409, -1, 11, 846, 49;
-1, 214, 9, 16, -419, -10, -5, 834, 38;
0, 216, 12, -1, -411, -1, -2, 844, 48;
0, 218, 14, -23, -405, 3, -2, 851, 55;
-4, 216, 12, -55, -409, -1, -15, 845, 48;
-2, 220, 15, -72, -397, 7, -10, 858, 60;
-6, 218, 13, -106, -401, 1, -25, 851, 52;
-9, 217, 12, -135, -400, -1, -35, 849, 48;
-9, 219, 14, -156, -390, 3, -35, 857, 55;
-15, 215, 9, -196, -398, -10, -59, 842, 37;
-14, 218, 11, -215, -385, -4, -57, 852, 45;
-15, 219, 12, -238, -376, -2, -62, 857, 47;
-16, 222, 13, -258, -363, 1, -62, 865, 53;
-16, 224, 14, -278, -350, 5, -63, 874, 57;
-23, 219, 9, -319, -358, -12, -91, 855, 35;
-17, 228, 16, -318, -323, 11, -67, 889, 65;
-21, 226, 14, -347, -319, 4, -81, 884, 56;
-21, 229, 15, -364, -303, 7, -83, 893, 60;
-25, 227, 13, -392, -298, 0, -97, 888, 51;
-25, 230, 13, -409, -282, 2, -98, 897, 54;
-24, 233, 15, -421, -262, 8, -95, 909, 62;
-28, 231, 12, -448, -256, 0, -111, 904, 50;
-32, 230, 10, -472, -248, -7, -125, 900, 41;
-26, 238, 16, -467, -213, 11, -104, 930, 65;
-30, 237, 14, -490, -205, 3, -118, 926, 55;
-33, 236, 11, -511, -196, -4, -131, 922, 45;
-35, 237, 10, -526, -181, -7, -137, 926, 42;
-31, 243, 15, -522, -148, 7, -121, 951, 60;
-38, 239, 9, -552, -151, -12, -149, 932, 35;
-36, 242, 11, -554, -126, -6, -144, 947, 43;
-34, 247, 14, -551, -97, 3, -133, 966, 55;
-36, 247, 12, -563, -85, -1, -142, 966, 48;
-38, 247, 10, -574, -71, -7, -150, 966, 41;
-35, 252, 13, -568, -43, 1, -139, 985, 53;
-39, 251, 10, -580, -33, -7, -152, 980, 41;
-33, 258, 15, -564, 2, 9, -131, 1008, 62;
-39, 254, 9, -583, 3, -9, -154, 992, 38;
-35, 260, 14, -567, 36, 4, -136, 1017, 56;
-34, 263, 15, -562, 58, 6, -132, 1027, 59;
-37, 262, 11, -568, 67, -3, -144, 1022, 46;
-36, 264, 12, -560, 88, 0, -140, 1032, 49;
-36, 265, 11, -558, 103, -5, -143, 1034, 44;
-31, 271, 16, -535, 137, 10, -122, 1060, 63;
-32, 271, 14, -532, 149, 4, -128, 1059, 56;
-35, 269, 10, -533, 156, -6, -139, 1052, 42;
-29, 277, 16, -503, 192, 11, -113, 1082, 65;
-31, 275, 13, -501, 198, 0, -123, 1074, 52;
-27, 280, 16, -477, 226, 12, -106, 1094, 66;
-28, 280, 14, -468, 236, 5, -110, 1093, 58;
-29, 279, 12, -461, 243, -2, -116, 1089, 48;
-31, 277, 9, -452, 250, -10, -123, 1083, 37;
-28, 281, 11, -428, 271, -4, -110, 1097, 45;
-28, 281, 10, -413, 281, -8, -111, 1097, 40;
-24, 285, 13, -385, 303, 0, -95, 1113, 51;
-26, 283, 9, -376, 305, -10, -103, 1105, 38;
-18, 291, 16, -333, 338, 10, -72, 1135, 64;
-19, 289, 13, -320, 341, 2, -77, 1129, 53;
-15, 292, 16, -289, 359, 9, -62, 1142, 63;
-15, 292, 14, -270, 365, 5, -61, 1141, 58;
-19, 288, 9, -262, 357, -10, -75, 1124, 38;
-15, 291, 12, -230, 373, -2, -60, 1136, 47;
-10, 296, 16, -193, 392, 9, -39, 1154, 62;
-13, 291, 10, -185, 381, -8, -54, 1135, 40;
-6, 297, 16, -140, 405, 10, -24, 1160, 64;
-7, 295, 13, -122, 402, 2, -28, 1152, 53;
-5, 295, 13, -97, 404, 1, -23, 1152, 52;
-3, 296, 14, -68, 409, 2, -14, 1155, 54;
-2, 295, 13, -44, 409, 0, -10, 1153, 51;
1, 298, 15, -9, 418, 8, 6, 1163, 61;
1, 296, 14, 13, 413, 4, 7, 1158, 56;
4, 298, 15, 43, 416, 7, 18, 1162, 60;
5, 296, 14, 67, 411, 4, 21, 1157, 56;
9, 298, 16, 101, 416, 12, 37, 1166, 66;
6, 293, 11, 111, 396, -4, 23, 1144, 45;
12, 297, 16, 152, 406, 9, 47, 1159, 62;
9, 292, 11, 163, 386, -5, 35, 1139, 44;
12, 293, 13, 195, 386, 0, 49, 1145, 52;
15, 294, 14, 225, 384, 6, 62, 1148, 58;
19, 295, 16, 256, 383, 12, 76, 1153, 66;
18, 292, 14, 272, 365, 3, 71, 1139, 55;
20, 291, 14, 297, 358, 5, 79, 1138, 57;
22, 291, 15, 322, 349, 7, 87, 1136, 59;
24, 290, 15, 345, 339, 7, 93, 1133, 60;
22, 286, 12, 356, 317, -2, 86, 1116, 48;
22, 284, 11, 374, 302, -4, 88, 1109, 45;
23, 282, 11, 394, 289, -5, 92, 1103, 44;
26, 283, 13, 418, 280, 0, 104, 1105, 51;
27, 281, 12, 433, 263, -2, 105, 1096, 47;
32, 284, 16, 464, 262, 11, 127, 1108, 65;
33, 282, 16, 481, 247, 12, 131, 1103, 66;
29, 275, 11, 479, 214, -5, 114, 1075, 44;
35, 279, 16, 508, 213, 10, 137, 1088, 64;
31, 273, 12, 509, 183, -2, 124, 1066, 48;
36, 275, 16, 532, 178, 9, 141, 1074, 62;
36, 273, 15, 542, 159, 8, 143, 1067, 62;
37, 272, 16, 553, 143, 10, 147, 1062, 63;
33, 265, 11, 544, 108, -6, 129, 1034, 43;
36, 266, 13, 560, 98, 2, 141, 1038, 54;
36, 264, 14, 566, 79, 3, 143, 1032, 54;
37, 263, 14, 573, 63, 5, 148, 1028, 57;
33, 257, 10, 563, 30, -8, 132, 1004, 40;
33, 255, 9, 563, 9, -9, 130, 994, 38;
34, 254, 11, 568, -5, -5, 136, 993, 44;
39, 257, 15, 582, -10, 9, 153, 1004, 62;
34, 250, 10, 564, -45, -6, 133, 977, 42;
33, 248, 10, 559, -66, -8, 131, 968, 40;
36, 249, 13, 564, -75, 1, 141, 972, 52;
35, 247, 13, 558, -95, 0, 138, 964, 51;
34, 244, 12, 549, -115, -1, 135, 955, 48;
34, 244, 13, 544, -131, 1, 136, 951, 52;
31, 239, 10, 524, -159, -8, 121, 932, 39;
30, 237, 10, 514, -176, -8, 120, 927, 41;
31, 237, 12, 507, -189, -3, 123, 926, 46;
27, 233, 9, 486, -214, -11, 109, 909, 36;
28, 233, 11, 478, -225, -6, 112, 910, 43;
30, 234, 13, 469, -235, 0, 117, 912, 51;
32, 236, 16, 465, -239, 11, 127, 920, 65;
27, 230, 12, 433, -268, -2, 105, 897, 48;
25, 228, 12, 414, -283, -3, 99, 891, 46;
22, 225, 10, 391, -302, -7, 89, 880, 41;
20, 223, 9, 369, -317, -10, 81, 872, 38;
24, 227, 14, 363, -315, 4, 94, 886, 56;
22, 225, 13, 338, -329, 1, 85, 878, 53;
21, 225, 14, 319, -337, 4, 84, 878, 56;
21, 225, 15, 300, -343, 8, 83, 879, 61;
17, 221, 13, 269, -361, 0, 67, 865, 51;
16, 222, 14, 248, -367, 3, 65, 866, 55;
14, 220, 13, 221, -377, 1, 56, 860, 52;
10, 217, 11, 188, -391, -5, 40, 848, 43;
8, 216, 10, 161, -398, -6, 33, 845, 42;
9, 218, 13, 143, -395, 1, 36, 853, 52;
4, 215, 10, 107, -409, -8, 18, 839, 40;
4, 216, 12, 87, -407, -2, 19, 845, 47;
5, 219, 14, 68, -401, 5, 23, 855, 58;
3, 218, 13, 38, -406, 2, 11, 850, 53;
-2, 214, 10, 0, -419, -9, -9, 835, 39;
0, 217, 13, -16, -407, 1, -2, 849, 53;
-2, 217, 13, -44, -408, 0, -11, 847, 51;
-3, 218, 13, -69, -404, 1, -15, 850, 53;
-6, 218, 13, -97, -402, 0, -23, 850, 52;
-9, 217, 11, -128, -403, -3, -35, 846, 46;
-9, 218, 13, -151, -395, 0, -37, 852, 50;
-11, 219, 13, -177, -389, 0, -43, 854, 51;
-10, 222, 15, -194, -375, 8, -40, 867, 61;
-11, 223, 16, -217, -366, 10, -44, 872, 63;
-14, 222, 14, -247, -363, 4, -57, 868, 56;
-21, 218, 9, -288, -371, -12, -83, 850, 35;
-20, 221, 11, -304, -354, -5, -80, 863, 44;
-17, 227, 16, -311, -328, 10, -66, 886, 64;
-20, 226, 14, -340, -323, 4, -80, 882, 56;
-23, 225, 12, -366, -316, 0, -92, 881, 49;
-24, 227, 13, -385, -302, 0, -95, 887, 51;
-24, 229, 14, -402, -286, 3, -96, 896, 55;
-25, 231, 14, -418, -269, 5, -98, 904, 58;
-30, 229, 11, -448, -267, -6, -117, 894, 43;
-29, 232, 13, -458, -246, 0, -114, 908, 50;
-30, 234, 12, -475, -231, 0, -118, 913, 50;
-31, 235, 12, -490, -215, -1, -123, 918, 49;
-32, 237, 13, -502, -197, 0, -125, 926, 50;
-36, 235, 9, -527, -192, -12, -143, 917, 36;
-32, 241, 14, -523, -159, 3, -127, 943, 54;
-37, 239, 9, -547, -155, -10, -146, 932, 37;
-37, 241, 10, -553, -134, -7, -145, 942, 41;
-36, 245, 12, -555, -110, -2, -140, 956, 48;
-37, 245, 10, -566, -96, -6, -147, 958, 42;
-32, 253, 16, -553, -59, 11, -126, 987, 64;
-38, 249, 11, -575, -57, -6, -149, 973, 43;
-33, 256, 16, -561, -21, 10, -129, 1000, 63;
-39, 252, 9, -583, -22, -9, -154, 982, 38;
-39, 253, 9, -583, -3, -9, -154, 990, 38;
-37, 257, 11, -576, 21, -3, -147, 1004, 46;
-34, 262, 14, -564, 50, 5, -134, 1024, 58;
-37, 261, 11, -570, 60, -4, -146, 1018, 45;
-37, 262, 10, -568, 76, -6, -148, 1022, 42;
-35, 266, 13, -554, 103, 1, -136, 1039, 52;
-34, 268, 13, -547, 121, 1, -134, 1046, 52;
-34, 270, 13, -538, 139, 1, -132, 1053, 52;
-34, 271, 12, -531, 155, 0, -133, 1057, 49;
-31, 274, 14, -513, 180, 5, -121, 1072, 58;
-35, 271, 10, -515, 183, -8, -136, 1060, 40;
-35, 272, 9, -505, 196, -12, -137, 1062, 35;
-32, 276, 11, -485, 219, -5, -126, 1077, 44;
-26, 282, 16, -454, 250, 9, -103, 1102, 63;
-24, 284, 16, -436, 267, 11, -97, 1109, 64;
-29, 280, 11, -436, 265, -5, -114, 1093, 43;
-26, 283, 13, -411, 285, 0, -102, 1106, 51;
-22, 287, 15, -386, 305, 6, -89, 1119, 59;
-24, 285, 12, -375, 308, -2, -96, 1112, 47;
-25, 283, 9, -362, 313, -10, -100, 1107, 37;
-19, 289, 14, -326, 338, 3, -77, 1129, 55;
-16, 292, 15, -298, 355, 9, -65, 1140, 62;
-14, 293, 16, -274, 365, 9, -58, 1145, 63;
-15, 291, 13, -258, 367, 2, -62, 1138, 53;
-18, 289, 9, -245, 363, -9, -70, 1127, 38;
-10, 295, 15, -203, 388, 7, -42, 1151, 60;
-11, 294, 13, -184, 389, 1, -44, 1146, 53;
-10, 293, 12, -160, 392, 0, -40, 1145, 49;
-6, 296, 15, -127, 404, 6, -25, 1156, 58;
-10, 291, 9, -119, 390, -11, -41, 1135, 36;
-5, 295, 13, -80, 405, 0, -19, 1151, 51;
-2, 296, 14, -50, 411, 3, -8, 1157, 55;
1, 299, 16, -15, 420, 11, 7, 1166, 64;
0, 295, 13, 0, 410, 0, 0, 1153, 51;
1, 295, 13, 26, 409, 0, 6, 1152, 50;
0, 292, 10, 45, 399, -8, 2, 1141, 40;
1, 291, 9, 69, 394, -11, 6, 1137, 37;
10, 298, 16, 117, 412, 10, 39, 1163, 63;
4, 290, 9, 121, 386, -12, 18, 1133, 35;
7, 291, 10, 151, 384, -8, 28, 1135, 39;
9, 290, 10, 177, 378, -8, 35, 1133, 40;
16, 296, 16, 221, 390, 9, 64, 1154, 63;
15, 292, 13, 236, 373, 0, 58, 1139, 51;
13, 287, 9, 249, 353, -11, 50, 1122, 36;
20, 292, 15, 291, 363, 7, 79, 1142, 60;
17, 287, 11, 302, 340, -5, 70, 1122, 44;
22, 289, 14, 333, 338, 3, 86, 1129, 54;
25, 290, 16, 360, 333, 9, 98, 1132, 62;
22, 285, 11, 369, 308, -3, 88, 1111, 46;
22, 282, 10, 383, 289, -8, 86, 1100, 40;
28, 286, 15, 419, 293, 7, 112, 1116, 60;
24, 279, 10, 421, 262, -8, 96, 1090, 40;
26, 278, 10, 439, 248, -7, 101, 1085, 41;
26, 276, 9, 453, 230, -10, 102, 1076, 37;
34, 281, 16, 491, 236, 11, 133, 1098, 65;
31, 276, 13, 494, 209, 0, 123, 1078, 51;
31, 274, 12, 505, 190, -1, 124, 1069, 48;
35, 275, 15, 526, 181, 7, 138, 1074, 59;
35, 273, 14, 535, 162, 5, 138, 1065, 57;
32, 268, 11, 535, 133, -4, 128, 1045, 44;
33, 266, 11, 543, 115, -4, 130, 1039, 45;
36, 267, 14, 559, 106, 4, 143, 1043, 56;
33, 261, 10, 553, 75, -7, 129, 1021, 41;
33, 260, 10, 559, 57, -7, 132, 1015, 42;
35, 259, 11, 566, 41, -3, 137, 1012, 46;
33, 256, 10, 564, 17, -8, 132, 999, 40;
35, 255, 11, 570, 3, -3, 138, 998, 46;
40, 258, 16, 584, -1, 11, 156, 1009, 65;
35, 252, 11, 568, -35, -3, 137, 983, 46;
35, 250, 12, 567, -53, -1, 139, 978, 48;
35, 248, 12, 562, -73, -2, 137, 970, 47;
33, 245, 10, 553, -96, -6, 130, 958, 42;
37, 248, 15, 561, -99, 8, 148, 970, 61;
37, 247, 15, 554, -117, 8, 146, 963, 61;
35, 243, 14, 540, -141, 3, 137, 950, 55;
31, 239, 11, 521, -167, -5, 124, 932, 44;
33, 240, 14, 518, -177, 3, 132, 936, 54;
29, 234, 10, 493, -206, -9, 113, 914, 39;
32, 236, 13, 491, -211, 2, 124, 923, 54;
32, 237, 15, 482, -222, 8, 128, 924, 61;
27, 230, 10, 451, -252, -6, 105, 899, 42;
30, 234, 15, 450, -252, 8, 120, 913, 61;
29, 232, 15, 432, -267, 8, 116, 907, 61;
29, 232, 16, 416, -279, 10, 114, 905, 64;
25, 228, 14, 390, -299, 3, 100, 891, 55;
21, 224, 11, 359, -321, -6, 83, 874, 43;
24, 227, 15, 352, -319, 8, 95, 887, 61;
17, 221, 10, 313, -347, -8, 69, 862, 40;
21, 225, 15, 307, -341, 8, 84, 879, 61;
14, 218, 9, 266, -369, -10, 55, 853, 38;
16, 222, 13, 255, -365, 2, 66, 865, 54;
15, 220, 13, 229, -374, 1, 58, 861, 52;
12, 219, 12, 201, -384, -1, 48, 855, 49;
11, 219, 13, 178, -388, 1, 46, 856, 52;
13, 222, 16, 163, -383, 11, 52, 867, 65;
5, 215, 10, 115, -409, -9, 19, 839, 39;
8, 220, 15, 107, -395, 8, 35, 859, 61;
3, 216, 11, 68, -410, -3, 13, 843, 46;
2, 216, 12, 43, -410, -1, 9, 845, 48;
0, 215, 11, 13, -413, -4, 0, 842, 45;
0, 217, 12, -9, -410, 0, -2, 846, 50;
-1, 217, 13, -34, -407, 1, -6, 849, 53;
0, 221, 16, -50, -395, 11, 0, 862, 65;
-8, 214, 10, -98, -413, -8, -33, 837, 39;
-7, 217, 12, -117, -402, 0, -29, 849, 50;
-7, 220, 14, -137, -392, 4, -29, 858, 57;
-14, 215, 9, -179, -402, -10, -55, 840, 37;
-13, 218, 12, -196, -387, -2, -51, 853, 48;
-13, 220, 13, -217, -376, 1, -52, 860, 53;
-18, 217, 9, -254, -381, -10, -73, 848, 38;
-16, 222, 13, -266, -360, 1, -64, 867, 53;
-21, 219, 10, -301, -362, -9, -84, 856, 39;
-21, 222, 11, -319, -346, -4, -83, 867, 45;
-22, 223, 11, -341, -335, -4, -89, 871, 45;
-21, 226, 14, -355, -316, 3, -85, 884, 55;
-21, 229, 15, -370, -298, 8, -83, 896, 62;
-27, 225, 10, -406, -301, -7, -108, 880, 41;
-29, 227, 10, -426, -288, -8, -114, 885, 40;
-30, 228, 10, -443, -273, -7, -118, 891, 41;
-27, 233, 14, -449, -247, 3, -108, 910, 55;
-31, 231, 11, -475, -241, -5, -124, 904, 43;
-31, 234, 12, -486, -221, -1, -122, 915, 48;
-30, 237, 13, -495, -200, 2, -120, 927, 54;
-32, 238, 13, -510, -185, 0, -126, 931, 51;
-35, 238, 11, -528, -173, -5, -136, 930, 44;
-32, 243, 14, -528, -146, 4, -126, 949, 56;
-35, 243, 12, -544, -134, -2, -137, 947, 48;
-34, 246, 13, -549, -112, 1, -134, 959, 53;
-39, 243, 9, -569, -106, -11, -152, 950, 37;
-35, 249, 13, -560, -74, 2, -136, 974, 54;
-35, 251, 13, -565, -55, 2, -138, 981, 54;
-35, 254, 14, -566, -34, 4, -136, 991, 56;
-36, 254, 12, -574, -20, -1, -144, 991, 49;
-40, 253, 9, -584, -10, -10, -156, 986, 37;
-37, 257, 11, -576, 15, -3, -147, 1002, 46;
-34, 262, 15, -565, 44, 6, -134, 1022, 58;
-36, 261, 12, -569, 55, -1, -143, 1019, 48;
-38, 261, 10, -571, 68, -7, -150, 1018, 41;
-36, 264, 11, -562, 91, -4, -144, 1030, 45;
-37, 265, 10, -557, 107, -6, -145, 1034, 42;
-37, 266, 10, -551, 123, -8, -146, 1038, 39;
-33, 271, 14, -530, 153, 3, -128, 1060, 54;
-33, 272, 13, -522, 169, 0, -129, 1063, 51;
-30, 276, 15, -503, 193, 7, -117, 1078, 60;
-30, 277, 14, -493, 207, 4, -117, 1081, 56;
-31, 276, 12, -487, 216, -2, -123, 1078, 47;
-27, 281, 15, -460, 244, 9, -105, 1099, 62;
-31, 278, 10, -460, 244, -6, -121, 1085, 42;
-28, 281, 12, -437, 265, -1, -109, 1098, 49;
-27, 282, 12, -420, 278, -2, -106, 1101, 48;
-23, 286, 14, -393, 300, 5, -92, 1116, 58;
-25, 284, 11, -383, 303, -4, -99, 1109, 45;
-26, 283, 9, -368, 309, -10, -101, 1106, 38;
-19, 289, 14, -332, 336, 5, -77, 1129, 57;
-16, 292, 16, -304, 353, 11, -64, 1141, 64;
-21, 287, 10, -299, 345, -7, -82, 1122, 41;
-16, 291, 13, -266, 364, 1, -64, 1137, 53;
-14, 293, 14, -240, 374, 3, -56, 1142, 55;
-17, 289, 9, -230, 368, -10, -67, 1128, 37;
-15, 290, 10, -202, 377, -8, -58, 1133, 40;
-10, 294, 13, -167, 393, 1, -40, 1147, 52;
-12, 291, 9, -153, 386, -10, -48, 1135, 37;
-3, 298, 16, -104, 413, 12, -13, 1164, 66;
-4, 296, 14, -84, 410, 5, -15, 1157, 57;
-2, 296, 14, -58, 412, 4, -9, 1157, 56;
1, 299, 16, -23, 421, 12, 6, 1167, 66;
-1, 295, 12, -10, 407, -1, -4, 1150, 48;
4, 299, 16, 29, 420, 11, 18, 1166, 64;
4, 297, 14, 50, 414, 5, 18, 1159, 58;
5, 296, 14, 75, 409, 3, 21, 1155, 55;
6, 295, 13, 100, 405, 1, 26, 1152, 52;
4, 291, 9, 114, 389, -10, 17, 1136, 37;
11, 295, 14, 156, 399, 4, 43, 1153, 56;
13, 295, 15, 183, 395, 6, 51, 1153, 58;
16, 296, 16, 214, 395, 11, 64, 1157, 65;
16, 294, 15, 234, 382, 6, 64, 1148, 59;
17, 292, 14, 256, 372, 4, 68, 1142, 56;
21, 294, 16, 288, 371, 12, 83, 1148, 65;
20, 291, 14, 304, 354, 5, 80, 1136, 57;
22, 290, 15, 328, 345, 6, 87, 1134, 58;
18, 284, 9, 333, 316, -10, 72, 1108, 37;
24, 287, 14, 368, 318, 3, 94, 1121, 54;
22, 283, 10, 379, 296, -6, 87, 1104, 42;
24, 282, 11, 400, 284, -4, 94, 1102, 44;
30, 286, 16, 435, 286, 10, 118, 1116, 64;
30, 283, 15, 448, 267, 6, 117, 1105, 58;
32, 283, 16, 469, 257, 11, 127, 1105, 64;
33, 281, 16, 485, 241, 10, 131, 1099, 64;
33, 279, 15, 497, 222, 8, 132, 1090, 61;
32, 275, 13, 504, 199, 1, 127, 1075, 53;
35, 276, 15, 523, 188, 8, 138, 1077, 61;
35, 274, 15, 533, 169, 7, 139, 1069, 59;
36, 272, 15, 543, 151, 6, 141, 1062, 59;
33, 267, 11, 540, 121, -4, 129, 1041, 45;
32, 263, 9, 543, 98, -9, 125, 1028, 38;
35, 264, 12, 559, 88, 0, 138, 1032, 50;
32, 259, 9, 553, 58, -12, 125, 1011, 36;
38, 263, 15, 576, 58, 7, 151, 1028, 60;
35, 258, 11, 567, 27, -4, 136, 1006, 45;
34, 255, 10, 565, 5, -7, 132, 995, 41;
36, 255, 13, 573, -6, 0, 142, 997, 50;
35, 252, 11, 569, -29, -3, 138, 986, 46;
37, 252, 13, 572, -42, 2, 144, 985, 53;
32, 246, 9, 554, -76, -12, 125, 960, 35;
37, 250, 14, 567, -77, 5, 146, 975, 57;
37, 248, 14, 561, -96, 5, 145, 969, 58;
37, 247, 15, 557, -111, 9, 147, 966, 62;
36, 245, 15, 546, -131, 6, 142, 956, 59;
35, 242, 14, 534, -152, 3, 136, 946, 55;
33, 240, 13, 521, -171, 2, 132, 938, 54;
33, 239, 14, 510, -188, 3, 130, 932, 55;
32, 237, 13, 496, -205, 2, 126, 925, 54;
34, 238, 16, 491, -212, 12, 134, 931, 66;
28, 231, 11, 459, -245, -4, 109, 904, 45;
31, 234, 15, 455, -248, 7, 121, 914, 60;
28, 231, 14, 434, -266, 4, 112, 904, 56;
29, 232, 16, 422, -275, 10, 114, 906, 63;
23, 225, 11, 386, -304, -5, 90, 881, 43;
25, 228, 14, 378, -305, 5, 99, 890, 58;
23, 226, 14, 356, -319, 4, 93, 884, 56;
20, 223, 12, 327, -337, -2, 78, 871, 47;
20, 224, 14, 310, -342, 3, 80, 875, 55;
16, 220, 11, 278, -361, -5, 63, 860, 43;
19, 224, 15, 269, -356, 9, 76, 875, 62;
16, 221, 14, 239, -369, 3, 63, 865, 55;
16, 223, 16, 221, -370, 10, 65, 870, 63;
8, 216, 10, 176, -396, -9, 34, 844, 39;
7, 216, 10, 152, -401, -7, 30, 843, 41;
11, 221, 15, 142, -389, 8, 44, 862, 62;
6, 217, 12, 106, -403, -1, 25, 848, 49;
8, 221, 16, 91, -394, 11, 33, 862, 64;
0, 213, 9, 43, -418, -10, 0, 834, 37;
2, 218, 13, 29, -406, 2, 10, 850, 54;
-1, 215, 11, -4, -414, -4, -5, 841, 45;
-1, 217, 13, -26, -408, 1, -5, 848, 52;
-3, 217, 13, -53, -407, 0, -12, 848, 51;
-4, 218, 14, -77, -402, 2, -16, 852, 54;
-7, 216, 11, -111, -406, -3, -31, 845, 46;
-6, 220, 14, -128, -392, 5, -26, 858, 58;
-10, 218, 12, -160, -393, 0, -40, 852, 50;
-10, 220, 14, -180, -382, 5, -39, 861, 57;
-11, 221, 14, -206, -376, 4, -46, 863, 56;
-12, 222, 15, -229, -366, 6, -50, 869, 59;
-16, 221, 12, -261, -365, 0, -65, 862, 50;
-21, 218, 9, -295, -367, -11, -85, 852, 36;
-19, 223, 12, -308, -346, 0, -77, 869, 49;
-19, 226, 15, -323, -329, 6, -74, 882, 58;
-22, 225, 13, -350, -322, 0, -86, 880, 52;
-26, 223, 9, -382, -321, -9, -105, 871, 38;
-24, 228, 13, -390, -296, 2, -94, 891, 54;
-28, 226, 10, -419, -292, -7, -111, 884, 41;
-29, 228, 11, -435, -276, -5, -113, 892, 44;
-29, 230, 12, -451, -259, -3, -115, 900, 46;
-33, 229, 9, -475, -252, -11, -129, 895, 36;
-29, 236, 14, -475, -220, 4, -113, 921, 56;
-35, 232, 9, -505, -220, -11, -137, 907, 36;
-28, 241, 16, -495, -180, 11, -111, 942, 65;
-32, 240, 13, -517, -173, 1, -127, 936, 52;
-32, 242, 14, -526, -152, 3, -127, 946, 55;
-35, 241, 11, -544, -143, -4, -139, 942, 45;
-33, 246, 14, -543, -115, 5, -130, 961, 57;
-38, 243, 9, -566, -113, -11, -152, 948, 37;
-32, 252, 16, -550, -71, 11, -125, 983, 65;
-37, 248, 11, -570, -68, -4, -146, 970, 45;
-34, 254, 15, -562, -37, 7, -132, 992, 60;
-34, 255, 14, -567, -20, 5, -136, 996, 57;
-34, 258, 15, -565, 1, 8, -132, 1007, 61;
-39, 254, 9, -583, 3, -9, -154, 992, 38;
-33, 262, 16, -562, 42, 9, -129, 1024, 63;
-35, 262, 13, -566, 53, 2, -138, 1022, 54;
-36, 262, 12, -566, 69, -1, -142, 1024, 49;
-32, 268, 16, -549, 100, 10, -125, 1046, 64;
-38, 263, 9, -565, 96, -11, -152, 1025, 36;
-34, 269, 13, -543, 128, 1, -133, 1049, 53;
-37, 267, 9, -546, 134, -9, -145, 1041, 38;
-35, 270, 11, -532, 156, -5, -138, 1053, 43;
-31, 275, 14, -510, 185, 5, -121, 1073, 57;
-32, 274, 12, -504, 195, -1, -127, 1071, 48;
-27, 280, 16, -477, 225, 11, -107, 1094, 65;
-30, 278, 12, -475, 229, -1, -119, 1084, 49;
-25, 283, 16, -446, 258, 12, -98, 1106, 66;
-28, 280, 12, -444, 259, -2, -112, 1094, 48;
-29, 280, 10, -431, 268, -7, -114, 1093, 41;
-26, 283, 12, -407, 287, -2, -103, 1105, 48;
-23, 286, 14, -381, 308, 4, -89, 1119, 57;
-26, 283, 9, -376, 304, -10, -104, 1104, 37;
-21, 288, 13, -342, 329, 1, -83, 1124, 52;
-17, 291, 15, -314, 347, 8, -70, 1136, 61;
-18, 290, 13, -296, 352, 2, -70, 1133, 54;
-14, 293, 15, -267, 367, 8, -57, 1144, 61;
-18, 289, 10, -259, 360, -7, -72, 1127, 41;
-13, 293, 14, -224, 379, 3, -52, 1144, 55;
-15, 290, 10, -211, 374, -8, -61, 1132, 40;
-7, 297, 16, -166, 400, 11, -30, 1159, 64;
-13, 290, 9, -163, 383, -12, -52, 1132, 35;
-6, 296, 14, -120, 404, 4, -24, 1155, 57;
-3, 297, 15, -90, 411, 7, -14, 1160, 60;
-7, 292, 10, -79, 398, -7, -27, 1142, 41;
0, 298, 16, -34, 418, 10, 1, 1165, 63;
-2, 294, 11, -22, 405, -4, -10, 1147, 45;
-2, 292, 10, 0, 400, -9, -9, 1141, 39;
3, 296, 14, 40, 413, 4, 14, 1157, 56;
5, 296, 14, 66, 410, 3, 19, 1156, 55;
3, 292, 10, 82, 397, -6, 13, 1142, 42;
7, 295, 13, 117, 402, 1, 30, 1151, 52;
11, 297, 15, 151, 406, 9, 46, 1159, 62;
10, 294, 13, 169, 392, 0, 42, 1146, 51;
8, 289, 9, 182, 373, -11, 33, 1128, 36;
11, 289, 10, 210, 369, -8, 43, 1130, 40;
16, 292, 13, 246, 373, 2, 63, 1141, 53;
18, 292, 14, 272, 366, 4, 71, 1140, 55;
20, 292, 15, 298, 359, 6, 81, 1140, 59;
18, 287, 11, 311, 338, -3, 73, 1122, 46;
21, 287, 12, 336, 330, -1, 82, 1122, 49;
20, 284, 10, 351, 312, -7, 79, 1109, 41;
22, 283, 10, 372, 300, -6, 86, 1106, 42;
27, 286, 15, 405, 300, 6, 107, 1118, 59;
23, 280, 10, 408, 271, -9, 92, 1093, 39;
30, 284, 15, 444, 274, 8, 118, 1109, 61;
29, 281, 13, 456, 253, 2, 116, 1097, 54;
32, 281, 15, 477, 244, 8, 127, 1098, 61;
28, 274, 10, 476, 211, -8, 110, 1071, 40;
34, 278, 15, 506, 211, 8, 134, 1086, 61;
36, 277, 16, 522, 197, 11, 141, 1083, 65;
34, 273, 14, 526, 171, 3, 133, 1066, 54;
31, 268, 10, 525, 142, -8, 122, 1045, 40;
34, 269, 13, 543, 133, 0, 135, 1050, 51;
38, 271, 16, 562, 126, 11, 151, 1057, 65;
38, 268, 15, 566, 103, 8, 148, 1045, 61;
38, 266, 15, 572, 85, 8, 150, 1039, 61;
38, 264, 15, 575, 65, 7, 150, 1030, 60;
38, 262, 15, 579, 46, 8, 152, 1024, 60;
33, 254, 9, 562, 9, -10, 129, 994, 38;
35, 255, 12, 571, -2, -2, 139, 997, 48;
36, 254, 12, 572, -19, 0, 141, 992, 50;
34, 250, 11, 565, -44, -5, 135, 978, 44;
36, 250, 12, 567, -58, 0, 140, 977, 50;
37, 250, 14, 567, -73, 3, 144, 975, 55;
37, 248, 14, 563, -90, 5, 145, 970, 57;
32, 243, 10, 544, -121, -6, 128, 948, 42;
37, 246, 15, 550, -124, 8, 145, 960, 60;
30, 238, 9, 523, -161, -10, 120, 931, 38;
32, 239, 11, 519, -172, -3, 125, 932, 46;
35, 241, 15, 519, -177, 8, 137, 940, 61;
30, 235, 11, 493, -207, -4, 118, 918, 45;
34, 239, 16, 496, -207, 11, 135, 932, 65;
26, 230, 9, 458, -246, -10, 103, 898, 37;
25, 228, 9, 441, -263, -11, 98, 891, 36;
31, 234, 16, 448, -254, 11, 123, 915, 65;
27, 230, 14, 421, -277, 3, 107, 899, 54;
27, 230, 15, 405, -287, 6, 107, 898, 58;
22, 225, 11, 374, -312, -5, 88, 878, 44;
21, 224, 12, 355, -323, -3, 85, 876, 46;
22, 225, 13, 339, -328, 2, 87, 879, 54;
18, 221, 11, 308, -348, -6, 70, 864, 43;
20, 224, 14, 297, -346, 5, 79, 875, 58;
15, 220, 11, 264, -366, -3, 61, 859, 46;
18, 224, 16, 254, -360, 10, 73, 874, 63;
16, 222, 15, 227, -371, 7, 64, 868, 60;
16, 223, 16, 206, -373, 11, 63, 871, 65;
8, 217, 11, 162, -397, -5, 34, 846, 43;
9, 218, 13, 142, -397, 0, 35, 851, 50;
8, 219, 14, 120, -396, 4, 34, 855, 56;
6, 218, 13, 92, -402, 2, 25, 851, 53;
6, 220, 15, 71, -399, 8, 25, 858, 61;
0, 214, 10, 28, -416, -7, 0, 837, 41;
0, 217, 13, 9, -409, 0, 2, 847, 51;
-4, 214, 9, -27, -419, -9, -16, 834, 38;
0, 220, 16, -34, -398, 10, 1, 860, 64;
-7, 214, 9, -81, -416, -10, -30, 835, 38;
-7, 217, 12, -101, -406, -2, -27, 846, 47;
-5, 220, 15, -117, -391, 8, -21, 860, 61;
-7, 220, 15, -144, -388, 7, -28, 861, 59;
-12, 218, 12, -180, -392, -2, -47, 850, 47;
-12, 220, 13, -201, -382, 0, -49, 858, 52;
-17, 217, 10, -236, -385, -8, -67, 848, 39;
-18, 218, 10, -260, -375, -7, -72, 852, 41;
-17, 222, 13, -276, -358, 0, -68, 866, 51;
-19, 223, 13, -299, -349, 0, -74, 869, 51;
-23, 221, 10, -331, -348, -9, -91, 862, 39;
-21, 225, 13, -342, -325, 1, -83, 880, 53;
-27, 222, 9, -377, -327, -11, -105, 867, 36;
-21, 230, 16, -376, -293, 10, -83, 899, 63;
-27, 227, 11, -409, -293, -3, -105, 887, 46;
-30, 227, 10, -433, -285, -9, -117, 885, 39;
-27, 231, 13, -440, -260, 1, -108, 903, 52;
-27, 234, 14, -453, -240, 5, -107, 914, 57;
-30, 234, 13, -474, -230, 0, -117, 914, 51;
-29, 238, 15, -482, -207, 6, -113, 928, 59;
-34, 235, 10, -509, -204, -7, -133, 917, 42;
-33, 238, 12, -518, -183, -3, -132, 928, 46;
-35, 238, 10, -533, -169, -6, -139, 930, 42;
-31, 245, 15, -528, -136, 7, -123, 955, 60;
-32, 246, 15, -538, -119, 6, -127, 961, 59;
-37, 243, 10, -560, -115, -7, -146, 950, 41;
-36, 247, 12, -561, -90, -1, -140, 965, 49;
-35, 250, 13, -564, -69, 1, -139, 975, 52;
-35, 252, 14, -565, -47, 3, -137, 985, 55;
-35, 254, 14, -568, -28, 3, -137, 992, 55;
-33, 257, 15, -564, -4, 8, -131, 1006, 61;
-34, 258, 15, -567, 12, 6, -135, 1009, 58;
-34, 261, 15, -565, 32, 7, -133, 1018, 59;
-33, 263, 16, -560, 54, 9, -129, 1028, 62;
-36, 262, 12, -568, 62, -1, -142, 1022, 49;
-32, 268, 16, -550, 94, 11, -125, 1045, 65;
-35, 265, 12, -557, 100, -1, -140, 1035, 48;
-35, 267, 12, -550, 118, -2, -138, 1042, 48;
-32, 271, 14, -534, 144, 5, -127, 1058, 57;
-36, 268, 10, -538, 148, -8, -142, 1047, 40;
-36, 269, 9, -529, 163, -10, -142, 1051, 37;
-31, 275, 13, -504, 194, 2, -122, 1074, 54;
-33, 274, 10, -500, 201, -6, -131, 1069, 42;
-28, 280, 15, -472, 231, 6, -110, 1092, 59;
-32, 276, 10, -472, 232, -8, -126, 1079, 40;
-28, 280, 13, -447, 256, 0, -111, 1095, 51;
-27, 282, 13, -429, 272, 1, -105, 1102, 52;
-26, 283, 12, -413, 283, -1, -104, 1104, 48;
-28, 281, 9, -402, 288, -9, -110, 1099, 38;
-25, 284, 11, -378, 305, -5, -100, 1108, 43;
-19, 290, 16, -341, 334, 10, -74, 1134, 64;
-20, 288, 13, -329, 335, 0, -81, 1125, 51;
-17, 291, 14, -302, 351, 5, -70, 1135, 57;
-15, 292, 15, -277, 362, 7, -62, 1141, 59;
-15, 292, 13, -257, 367, 2, -61, 1139, 54;
-12, 294, 15, -229, 380, 6, -50, 1147, 59;
-10, 296, 16, -201, 391, 10, -40, 1154, 63;
-13, 291, 10, -192, 381, -6, -54, 1136, 42;
-11, 292, 11, -165, 388, -5, -46, 1140, 44;
-8, 294, 12, -134, 398, 0, -33, 1148, 50;
-3, 297, 15, -98, 411, 9, -15, 1161, 62;
-5, 294, 12, -82, 404, -1, -22, 1149, 49;
-3, 295, 12, -54, 407, 0, -13, 1151, 50;
-4, 292, 9, -36, 399, -9, -18, 1140, 38;
0, 20, 12, 1980, 4383, 1959, 3, 79, 47;
15, 20, 9, 1641, 2244, 2056, 61, 81, 36;
5, 3, 10, 3691, 2891, 1976, 22, 11, 40;
8, 13, 2, 2228, 4612, 1157, 32, 52, 9;
14, 9, 3, 2354, 3527, 2685, 55, 38, 15;
18, 24, 0, 3829, 2684, 2081, 72, 93, 0;
12, 30, 9, 3147, 2312, 2210, 50, 117, 37;
6, 15, 3, 4348, 5396, 2390, 25, 58, 13;
19, 18, 2, 3287, 3260, 1762, 74, 72, 10;
18, 9, 12, 2569, 1886, 1751, 71, 38, 47;
7, 9, 0, 1602, 4053, 1966, 30, 37, 2;
8, 30, 6, 2249, 2167, 2023, 31, 119, 26;
1, 29, 1, 3937, 2140, 1140, 4, 115, 5;
5, 24, 4, 2875, 4308, 2217, 22, 96, 15;
3, 15, 1, 2535, 4626, 2737, 12, 58, 5;
11, 15, 3, 3875, 4354, 2081, 45, 61, 14;
7, 28, 10, 1997, 5194, 1545, 31, 113, 42;
9, 3, 12, 4066, 5394, 2862, 38, 15, 49;
0, 31, 2, 2417, 3997, 1940, 1, 122, 10;
5, 11, 2, 2414, 4575, 2453, 23, 44, 10;
20, 6, 8, 2100, 3526, 2365, 80, 23, 32;
7, 3, 3, 3659, 2360, 2504, 29, 11, 14;
3, 11, 0, 1541, 4137, 1509, 11, 43, 3;
15, 19, 12, 2282, 4678, 2369, 61, 76, 49;
12, 26, 0, 3431, 2212, 1656, 47, 104, 1;
20, 1, 9, 3656, 3870, 1759, 79, 6, 36;
12, 30, 2, 1662, 3469, 2706, 47, 118, 11;
9, 3, 6, 3262, 4872, 1925, 36, 15, 25;
17, 9, 4, 3232, 3370, 1527, 70, 38, 15;
7, 20, 5, 2465, 2302, 1205, 29, 78, 21;
19, 25, 6, 1547, 2603, 2820, 75, 99, 25;
2, 2, 9, 1925, 4400, 2227, 11, 8, 35;
13, 17, 5, 2302, 2080, 2531, 54, 69, 20;
16, 29, 0, 3856, 2819, 2574, 64, 115, 1;
0, 5, 2, 3150, 2137, 1046, 0, 21, 9;
5, 0, 7, 2320, 4335, 2191, 22, 2, 30;
2, 7, 11, 3203, 2681, 1444, 8, 29, 46;
0, 10, 3, 2434, 4632, 2134, 0, 41, 15;
15, 4, 2, 1728, 2418, 2616, 60, 16, 11;
8, 4, 2, 2414, 4871, 2088, 33, 16, 10;
0, 3, 3, 4060, 1876, 2485, 0, 13, 13;
18, 25, 7, 2282, 4450, 1750, 72, 100, 27;
14, 2, 11, 3890, 4318, 2541, 55, 11, 44;
20, 6, 11, 2259, 3886, 2815, 78, 24, 43;
18, 8, 2, 1511, 4805, 2355, 70, 33, 8;
19, 18, 6, 2095, 2798, 2089, 77, 70, 27;
12, 25, 3, 3094, 1905, 1147, 48, 100, 14;
0, 11, 12, 2083, 3409, 1333, 3, 43, 48;
19, 26, 10, 2052, 2943, 2695, 74, 102, 39;
20, 27, 2, 4032, 2989, 2802, 80, 108, 10;
18, 2, 6, 2711, 3268, 1773, 70, 8, 26;
0, 12, 11, 4081, 3709, 2845, 0, 47, 44;
9, 21, 11, 4215, 4565, 2350, 36, 84, 44;
12, 22, 11, 2762, 3746, 2932, 50, 89, 45;
17, 28, 3, 2368, 3743, 2908, 70, 110, 13;
4, 22, 9, 2814, 4782, 1358, 17, 87, 35;
5, 29, 9, 2147, 2758, 2443, 22, 116, 35;
17, 17, 12, 4282, 2474, 1970, 68, 68, 46;
8, 23, 0, 3088, 2381, 2366, 31, 90, 3;
15, 24, 1, 3675, 3754, 1841, 60, 97, 5;
15, 23, 6, 4123, 2450, 1613, 59, 93, 24;
15, 24, 2, 1584, 4859, 2098, 59, 96, 11;
20, 5, 5, 2047, 5160, 2575, 80, 22, 22;
3, 24, 1, 4389, 4058, 2573, 13, 94, 7;
16, 21, 11, 2316, 4624, 1456, 65, 83, 43;
8, 10, 7, 3074, 5373, 1408, 33, 40, 29;
11, 6, 11, 3113, 1898, 1764, 45, 26, 45;
6, 17, 5, 4031, 3533, 1631, 25, 69, 22;
5, 7, 6, 3949, 2466, 1598, 19, 28, 23;
16, 4, 6, 2803, 4164, 2245, 65, 18, 26;
4, 30, 7, 2058, 4718, 2291, 16, 120, 27;
18, 20, 11, 2681, 3339, 2530, 70, 79, 43;
14, 6, 2, 2715, 5113, 2185, 58, 25, 11;
0, 15, 6, 2444, 2576, 1262, 3, 59, 26;
6, 13, 1, 2365, 2937, 2178, 27, 54, 4;
16, 15, 2, 2669, 4000, 1032, 63, 62, 8;
4, 31, 5, 1597, 2911, 2521, 16, 121, 22;
0, 30, 10, 3641, 3101, 1289, 2, 118, 42;
17, 22, 10, 3565, 4608, 2726, 66, 89, 42;
4, 10, 8, 4141, 4585, 1289, 19, 41, 33;
724, 1041, 456, 5232, 4577, 3101, 2826, 4061, 1781;
577, 1014, 357, 5046, 4416, 2998, 2252, 3956, 1393;
606, 705, 439, 4864, 4259, 2897, 2363, 2751, 1715;
599, 950, 374, 4668, 4087, 2778, 2337, 3707, 1460;
606, 677, 437, 4488, 3929, 2672, 2366, 2640, 1707;
554, 869, 340, 4280, 3743, 2535, 2162, 3391, 1326;
463, 750, 314, 4134, 3618, 2458, 1808, 2926, 1226;
541, 821, 331, 3955, 3460, 2345, 2112, 3202, 1293;
556, 718, 336, 3798, 3322, 2251, 2170, 2803, 1312;
540, 732, 341, 3642, 3184, 2155, 2109, 2856, 1331;
509, 590, 284, 3494, 3054, 2065, 1986, 2301, 1110;
489, 600, 243, 3399, 2976, 2026, 1908, 2340, 948;
403, 578, 251, 3259, 2853, 1940, 1572, 2257, 979;
375, 606, 274, 3122, 2732, 1855, 1463, 2363, 1072;
370, 672, 220, 2976, 2602, 1759, 1445, 2624, 859;
397, 601, 240, 2900, 2540, 1731, 1549, 2346, 937;
327, 536, 260, 2765, 2419, 1641, 1275, 2092, 1015;
353, 514, 210, 2653, 2321, 1573, 1378, 2005, 822;
339, 628, 225, 2560, 2240, 1522, 1323, 2449, 880;
333, 542, 231, 2474, 2168, 1478, 1300, 2116, 902;
274, 544, 169, 2350, 2055, 1392, 1070, 2123, 659;
336, 466, 218, 2280, 1996, 1359, 1313, 1818, 853;
251, 515, 166, 2199, 1927, 1315, 979, 2008, 647;
304, 478, 184, 2072, 1810, 1222, 1188, 1865, 719;
253, 477, 200, 2022, 1771, 1206, 987, 1862, 780;
252, 461, 171, 1942, 1701, 1158, 984, 1799, 667;
254, 517, 138, 1848, 1616, 1095, 992, 2019, 541;
228, 422, 133, 1787, 1564, 1063, 889, 1648, 519;
240, 453, 145, 1732, 1518, 1037, 939, 1768, 567;
226, 425, 154, 1657, 1452, 989, 881, 1659, 602;
203, 423, 115, 1565, 1368, 923, 792, 1652, 450;
200, 468, 147, 1516, 1326, 899, 783, 1825, 573;
188, 411, 140, 1471, 1288, 878, 735, 1606, 547;
167, 448, 98, 1404, 1229, 835, 651, 1750, 385;
197, 447, 125, 1330, 1161, 783, 769, 1745, 490;
167, 411, 104, 1297, 1136, 772, 651, 1603, 407;
154, 423, 118, 1259, 1104, 754, 602, 1650, 461;
146, 401, 92, 1203, 1054, 718, 572, 1565, 362;
159, 360, 81, 1122, 979, 656, 620, 1406, 317;
130, 399, 92, 1107, 970, 660, 507, 1559, 361;
119, 360, 80, 1050, 917, 620, 465, 1405, 315;
136, 363, 100, 1029, 902, 616, 531, 1415, 390;
113, 358, 82, 963, 840, 565, 443, 1399, 320;
128, 359, 62, 917, 800, 536, 502, 1400, 242;
112, 357, 67, 898, 785, 532, 439, 1392, 263;
119, 344, 68, 873, 765, 521, 465, 1342, 268;
103, 375, 56, 818, 714, 479, 405, 1463, 221;
95, 362, 66, 805, 705, 480, 373, 1411, 258;
93, 349, 73, 790, 694, 477, 364, 1364, 287;
90, 342, 62, 719, 627, 419, 354, 1335, 243;
97, 342, 54, 724, 636, 436, 378, 1335, 213;
91, 351, 57, 703, 618, 426, 357, 1371, 225;
78, 340, 54, 668, 586, 402, 306, 1326, 213;
68, 339, 52, 622, 543, 366, 265, 1323, 204;
80, 335, 42, 580, 505, 335, 312, 1310, 167;
82, 333, 51, 559, 486, 323, 322, 1299, 199;
78, 319, 49, 582, 512, 355, 307, 1244, 194;
59, 331, 39, 535, 468, 317, 232, 1292, 155;
63, 322, 36, 490, 426, 281, 249, 1259, 141;
65, 316, 42, 507, 445, 306, 256, 1234, 167;
54, 317, 35, 475, 415, 281, 214, 1237, 139;
62, 313, 39, 463, 406, 277, 245, 1222, 153;
59, 319, 41, 447, 392, 268, 231, 1245, 159;
50, 300, 38, 438, 385, 266, 196, 1172, 148;
53, 303, 37, 424, 373, 259, 208, 1185, 144;
41, 309, 36, 378, 329, 219, 162, 1207, 141;
47, 312, 38, 388, 341, 236, 184, 1220, 148;
50, 301, 26, 352, 307, 206, 197, 1177, 103;
44, 299, 36, 360, 316, 219, 174, 1169, 141;
39, 301, 26, 316, 275, 181, 153, 1177, 103;
42, 298, 26, 311, 271, 181, 166, 1162, 101;
39, 289, 22, 303, 265, 179, 155, 1130, 86;
39, 291, 21, 288, 251, 168, 154, 1138, 84;
34, 278, 22, 258, 223, 143, 134, 1085, 89;
40, 284, 21, 288, 254, 177, 157, 1109, 85;
29, 281, 22, 251, 219, 145, 114, 1097, 87;
29, 285, 20, 262, 230, 160, 114, 1113, 79;
30, 285, 22, 240, 210, 142, 119, 1115, 88;
31, 283, 23, 241, 212, 147, 121, 1106, 91;
24, 274, 19, 206, 178, 115, 95, 1069, 74;
1, 256, 0, -1, -1, -1, 4, 999, 2;
1, 256, 0, -1, -1, -1, 4, 998, 2;
1, 256, 0, 0, 0, 0, 5, 1000, 3;
1, 256, 0, -1, -1, -1, 4, 999, 2;
1, 256, 0, -1, -1, -1, 4, 998, 1;
1, 256, 0, 0, 0, 0, 4, 999, 2;
1, 256, 0, -1, -1, -1, 4, 999, 2;
1, 256, 0, -1, -1, -1, 3, 998, 1;
1, 256, 1, 1, 1, 1, 5, 1000, 3;
1, 256, 0, 0, 0, 0, 5, 999, 3;
1, 256, 0, -1, -1, -1, 3, 998, 1;
1, 256, 0, 0, 0, 0, 4, 999, 2;
1, 256, 0, 0, 0, 0, 5, 1000, 3;
1, 256, 0, -1, -1, -1, 4, 999, 2;
1, 256, 0, -1, -1, -1, 4, 999, 2;
1, 256, 0, -1, -1, -1, 4, 999, 2;
1, 256, 0, 0, 0, 0, 4, 999, 2;
1, 256, 0, -1, -1, -1, 4, 999, 2;
1, 256, 0, 0, 0, 0, 5, 1000, 3;
1, 256, 0, 0, 0, 0, 4, 999, 2;
1, 256, 0, 0, 0, 0, 5, 1000, 3;
1, 256, 0, 0, 0, 0, 4, 999, 2;
1, 256, 0, -1, -1, -1, 4, 999, 2;
1, 256, 0, 0, 0, 0, 4, 999, 2;
1, 256, 0, -1, -1, -1, 4, 999, 2;
1, 256, 1, 1, 1, 1, 6, 1001, 4;
1, 256, 0, 0, 0, 0, 5, 1000, 3;
1, 256, 0, 0, 0, 0, 5, 1000, 3;
1, 256, 0, 0, 0, 0, 5, 999, 2;
1, 256, 1, 1, 1, 1, 5, 1000, 3;
1, 256, 0, 0, 0, 0, 4, 999, 2;
1, 256, 0, 0, 0, 0, 5, 1000, 3;
1, 256, 0, -1, -1, -1, 4, 999, 2;
1, 256, 0, 0, 0, 0, 4, 999, 2;
1, 256, 0, -1, -1, -1, 4, 998, 1;
1, 256, 0, 0, 0, 0, 5, 1000, 3;
1, 256, 1, 1, 1, 1, 5, 1000, 3;
1, 256, 1, 1, 1, 1, 6, 1001, 4;
1, 256, 0, 0, 0, 0, 5, 1000, 3;
1, 256, 0, 0, 0, 0, 5, 1000, 3;
1, 256, 0, 1, 1, 1, 5, 1000, 3;
0, 256, 0, -1, -1, -1, 3, 998, 1;
1, 256, 0, 0, 0, 0, 4, 999, 2;
1, 256, 0, 0, 0, 0, 5, 1000, 3;
1, 256, 0, 0, 0, 0, 5, 1000, 3;
1, 256, 0, 1, 1, 1, 5, 1000, 3;
1, 256, 0, 0, 0, 0, 5, 999, 3;
1, 256, 1, 1, 1, 1, 6, 1001, 4;
1, 256, 1, 1, 1, 1, 6, 1001, 4;
1, 256, 1, 1, 1, 1, 6, 1001, 4;
1, 256, 1, 1, 1, 1, 6, 1000, 4;
1, 256, 0, 0, 0, 0, 4, 999, 2;
0, 256, 0, -1, -1, -1, 3, 998, 1;
1, 256, 1, 1, 1, 1, 5, 1000, 3;
1, 256, 0, 0, 0, 0, 4, 999, 2;
1, 256, 1, 1, 1, 1, 6, 1001, 4;
1, 256, 0, -1, -1, -1, 3, 998, 1;
1, 256, 0, 0, 0, 0, 5, 999, 3;
1, 256, 0, 0, 0, 0, 5, 1000, 3;
1, 256, 0, 0, 0, 0, 5, 1000, 3;
1, 256, 1, 1, 1, 1, 6, 1000, 3;
1, 256, 0, -1, -1, -1, 4, 999, 2;
1, 256, 0, -1, -1, -1, 4, 999, 2;
1, 256, 1, 1, 1, 1, 6, 1001, 4;
1, 256, 0, 0, 0, 0, 5, 1000, 3;
1, 256, 1, 1, 1, 1, 5, 1000, 3;
1, 256, 1, 1, 1, 1, 6, 1000, 4;
1, 256, 0, -1, -1, -1, 4, 999, 2;
1, 256, 0, 0, 0, 0, 4, 999, 2;
1, 256, 0, 0, 0, 0, 4, 999, 2;
1, 256, 0, 0, 0, 0, 5, 1000, 3;
1, 256, 0, -1, -1, -1, 4, 999, 2;
1, 256, 0, -1, -1, -1, 4, 999, 2;
1, 256, 0, 0, 0, 0, 4, 999, 2;
1, 256, 0, 0, 0, 0, 4, 999, 2;
1, 256, 0, 0, 0, 0, 5, 1000, 3;
1, 256, 0, 0, 0, 0, 4, 999, 2;
1, 256, 0, 0, 0, 0, 5, 1000, 3;
1, 256, 0, 0, 0, 0, 5, 1000, 3;
1, 256, 0, 1, 1, 1, 5, 1000, 3;
1, 256, 0, 0, 0, 0, 5, 1000, 3;
1, 256, 0, 0, 0, 0, 4, 999, 2;
1, 256, 0, 0, 0, 0, 5, 1000, 3;
1, 256, 0, 1, 1, 1, 5, 1000, 3;
1, 256, 0, 1, 1, 1, 5, 1000, 3;
1, 256, 0, 1, 1, 1, 5, 1000, 3;
1, 256, 0, 0, 0, 0, 4, 999, 2;
1, 256, 0, 0, 0, 0, 5, 1000, 3;
1, 256, 0, -1, -1, -1, 4, 999, 2;
1, 256, 0, -1, -1, -1, 4, 999, 2;
1, 256, 0, 1, 1, 1, 5, 1000, 3;
1, 256, 0, 0, 0, 0, 4, 999, 2;
1, 256, 0, 1, 1, 1, 5, 1000, 3;
1, 256, 0, -1, -1, -1, 4, 999, 2;
1, 256, 0, -1, -1, -1, 3, 998, 1;
1, 256, 0, 0, 0, 0, 5, 1000, 3;
1, 256, 0, 0, 0, 0, 5, 1000, 3;
1, 256, 0, -1, -1, -1, 4, 999, 2;
1, 256, 0, 0, 0, 0, 4, 999, 2;
1, 256, 0, 0, 0, 0, 4, 999, 2;
1, 256, 0, -1, -1, -1, 4, 999, 2;
1, 256, 1, 1, 1, 1, 5, 1000, 3;
1, 256, 0, 0, 0, 0, 5, 1000, 3;
1, 256, 0, 0, 0, 0, 4, 999, 2;
1, 256, 0, 0, 0, 0, 5, 1000, 3;
1, 256, 0, 0, 0, 0, 5, 1000, 3;
1, 256, 0, 0, 0, 0, 5, 1000, 3;
1, 256, 0, 1, 1, 1, 5, 1000, 3;
1, 256, 0, 0, 0, 0, 5, 1000, 3;
1, 256, 0, 0, 0, 0, 5, 1000, 3;
1, 256, 0, 0, 0, 0, 5, 1000, 3;
1, 256, 1, 1, 1, 1, 6, 1001, 4;
1, 256, 0, 0, 0, 0, 5, 1000, 3;
1, 256, 0, 0, 0, 0, 5, 1000, 3;
1, 256, 0, 0, 0, 0, 4, 999, 2;
1, 256, 0, 1, 1, 1, 5, 1000, 3;
1, 256, 0, 0, 0, 0, 4, 999, 2;
1, 256, 0, 0, 0, 0, 5, 1000, 3;
1, 256, 0, 0, 0, 0, 5, 1000, 3;
1, 256, 0, 0, 0, 0, 4, 999, 2;
1, 256, 1, 1, 1, 1, 6, 1000, 4;
1, 256, 0, 0, 0, 0, 5, 1000, 3;
1, 256, 0, -1, -1, -1, 4, 998, 2;
1, 256, 0, 0, 0, 0, 4, 999, 2;
1, 256, 0, 0, 0, 0, 4, 999, 2;
1, 256, 0, 0, 0, 0, 5, 1000, 3;
1, 256, 0, 0, 0, 0, 5, 1000, 3;
1, 256, 0, 0, 0, 0, 5, 1000, 3;
1, 256, 1, 1, 1, 1, 6, 1000, 4;
1, 256, 0, 0, 0, 0, 5, 1000, 3;
1, 256, 1, 1, 1, 1, 6, 1001, 4;
1, 256, 0, 0, 0, 0, 5, 1000, 3;
1, 256, 0, -1, -1, -1, 4, 999, 2;
1, 256, 0, 0, 0, 0, 5, 999, 2;
1, 256, 0, 1, 1, 1, 5, 1000, 3;
1, 256, 0, 0, 0, 0, 5, 1000, 3;
1, 256, 0, -1, -1, -1, 4, 999, 2;
1, 256, 0, -1, -1, -1, 4, 999, 2;
1, 256, 1, 1, 1, 1, 6, 1001, 4;
1, 256, 0, 0, 0, 0, 5, 1000, 3;
1, 256, 1, 1, 1, 1, 6, 1001, 4;
1, 256, 1, 1, 1, 1, 6, 1001, 4;
1, 256, 1, 1, 1, 1, 6, 1001, 4;
1, 256, 0, -1, -1, -1, 4, 998, 2;
1, 256, 0, 1, 1, 1, 5, 1000, 3;
1, 256, 0, -1, -1, -1, 4, 999, 2;
1, 256, 0, 0, 0, 0, 5, 1000, 3;
1, 256, 0, 0, 0, 0, 4, 999, 2;
1, 256, 0, 0, 0, 0, 4, 999, 2;
1, 256, 0, 0, 0, 0, 4, 999, 2;
1, 256, 0, 0, 0, 0, 5, 1000, 3;
1, 256, 0, 0, 0, 0, 5, 999, 3;
1, 256, 0, 1, 1, 1, 5, 1000, 3;
1, 256, 0, 0, 0, 0, 5, 1000, 3;
1, 256, 0, -1, -1, -1, 4, 999, 2;
1, 256, 0, 0, 0, 0, 5, 1000, 3;
1, 256, 0, 0, 0, 0, 5, 1000, 3;
1, 256, 0, -1, -1, -1, 4, 999, 2;
1, 256, 0, 0, 0, 0, 4, 999, 2;
1, 256, 0, 0, 0, 0, 4, 999, 2;
1, 256, 0, 0, 0, 0, 5, 1000, 3;
1, 256, 0, 1, 1, 1, 5, 1000, 3;
1, 256, 0, 0, 0, 0, 4, 999, 2;
1, 256, 0, 1, 1, 1, 5, 1000, 3;
1, 256, 0, 0, 0, 0, 5, 1000, 3;
1, 256, 0, 0, 0, 0, 5, 1000, 3;
1, 256, 0, -1, -1, -1, 4, 998, 1;
1, 256, 0, 0, 0, 0, 4, 999, 2;
1, 256, 0, -1, -1, -1, 3, 998, 1;
1, 256, 0, -1, -1, -1, 4, 999, 2;
1, 256, 0, -1, -1, -1, 4, 999, 2;
1, 256, 0, 0, 0, 0, 5, 1000, 3;
1, 256, 0, 0, 0, 0, 4, 999, 2;
1, 256, 0, -1, -1, -1, 4, 999, 2;
1, 256, 1, 1, 1, 1, 6, 1000, 4;
1, 256, 0, 1, 1, 1, 5, 1000, 3;
1, 256, 1, 1, 1, 1, 6, 1001, 4;
1, 256, 1, 1, 1, 1, 5, 1000, 3;
1, 256, 1, 1, 1, 1, 6, 1001, 4;
1, 256, 0, -1, -1, -1, 4, 999, 2;
1, 256, 0, 0, 0, 0, 4, 999, 2;
1, 256, 0, 0, 0, 0, 4, 999, 2;
1, 256, 0, -1, -1, -1, 4, 999, 2;
1, 256, 0, 0, 0, 0, 4, 999, 2;
1, 256, 0, -1, -1, -1, 4, 999, 2;
1, 256, 0, 0, 0, 0, 5, 1000, 3;
1, 256, 0, -1, -1, -1, 4, 998, 2;
1, 256, 0, -1, -1, -1, 4, 999, 2;
1, 256, 0, 0, 0, 0, 4, 999, 2;
1, 256, 0, -1, -1, -1, 3, 998, 1;
1, 256, 0, 0, 0, 0, 4, 999, 2;
1, 256, 0, 0, 0, 0, 5, 1000, 3;
1, 256, 0, 0, 0, 0, 5, 1000, 3;
1, 256, 0, 0, 0, 0, 5, 1000, 3;
1, 256, 0, 0, 0, 0, 5, 1000, 3;
1, 256, 1, 1, 1, 1, 6, 1001, 4;
1, 256, 0, 0, 0, 0, 4, 999, 2;
1, 256, 0, 0, 0, 0, 5, 1000, 3;
1, 256, 0, 0, 0, 0, 4, 999, 2;
1, 256, 0, 0, 0, 0, 5, 999, 3;
1, 256, 1, 1, 1, 1, 5, 1000, 3;
1, 256, 0, 0, 0, 0, 4, 999, 2;
1, 256, 0, 0, 0, 0, 4, 999, 2;
1, 256, 0, -1, -1, -1, 4, 999, 2;
1, 256, 1, 1, 1, 1, 5, 1000, 3;
1, 256, 0, -1, -1, -1, 4, 999, 2;
0, 256, 0, -1, -1, -1, 3, 998, 1;
1, 256, 1, 1, 1, 1, 5, 1000, 3;
1, 256, 0, -1, -1, -1, 4, 999, 2;
1, 256, 1, 1, 1, 1, 6, 1001, 4;
1, 256, 0, -1, -1, -1, 4, 999, 2;
1, 256, 0, -1, -1, -1, 4, 999, 2;
1, 256, 0, 0, 0, 0, 4, 999, 2;
1, 256, 0, -1, -1, -1, 4, 999, 2;
1, 256, 0, 0, 0, 0, 5, 1000, 3;
1, 256, 0, 0, 0, 0, 5, 1000, 3;
1, 256, 0, 0, 0, 0, 4, 999, 2;
1, 256, 1, 1, 1, 1, 5, 1000, 3;
1, 256, 1, 1, 1, 1, 6, 1001, 4;
1, 256, 0, -1, -1, -1, 4, 999, 2;
1, 256, 0, 0, 0, 0, 5, 1000, 3;
1, 256, 1, 1, 1, 1, 6, 1001, 4;
1, 256, 0, 0, 0, 0, 5, 1000, 3;
1, 256, 0, 0, 0, 0, 5, 1000, 3;
1, 256, 0, -1, -1, -1, 4, 999, 2;
1, 256, 0, 0, 0, 0, 4, 999, 2;
1, 256, 1, 1, 1, 1, 5, 1000, 3;
1, 256, 0, 0, 0, 0, 5, 1000, 3;
1, 256, 1, 1, 1, 1, 6, 1000, 3;
1, 256, 0, -1, -1, -1, 4, 999, 2;
1, 256, 0, -1, -1, -1, 4, 999, 2;
1, 256, 0, -1, -1, -1, 4, 999, 2;
1, 256, 0, -1, -1, -1, 4, 999, 2;
1, 256, 0, 0, 0, 0, 4, 999, 2;
1, 256, 0, -1, -1, -1, 3, 998, 1;
1, 256, 0, 0, 0, 0, 4, 999, 2;
1, 256, 0, 0, 0, 0, 5, 1000, 3;
1, 256, 0, 0, 0, 0, 5, 1000, 3;
1, 256, 0, 0, 0, 0, 4, 999, 2;
1, 256, 0, -1, -1, -1, 4, 999, 2;
1, 256, 0, 0, 0, 0, 4, 999, 2;
1, 256, 0, 0, 0, 0, 5, 1000, 3;
1, 256, 0, 0, 0, 0, 4, 999, 2;
1, 256, 0, 1, 1, 1, 5, 1000, 3;
1, 256, 0, 0, 0, 0, 5, 1000, 3;
1, 256, 0, 0, 0, 0, 5, 1000, 3;
1, 256, 0, 0, 0, 0, 5, 999, 3;
0, 256, 0, -1, -1, -1, 3, 998, 1;
1, 256, 1, 1, 1, 1, 6, 1001, 4;
1, 256, 0, 0, 0, 0, 4, 999, 2;
1, 256, 0, 0, 0, 0, 4, 999, 2;
1, 256, 0, 0, 0, 0, 4, 999, 2;
1, 256, 0, 0, 0, 0, 5, 999, 3;
1, 256, 0, 1, 1, 1, 5, 1000, 3;
1, 256, 1, 1, 1, 1, 6, 1001, 4;
1, 256, 0, 1, 1, 1, 5, 1000, 3;
1, 256, 0, 0, 0, 0, 4, 999, 2;
1, 256, 0, 0, 0, 0, 4, 999, 2;
1, 256, 0, 0, 0, 0, 5, 1000, 3;
1, 256, 0, 0, 0, 0, 5, 1000, 3;
1, 256, 1, 1, 1, 1, 5, 1000, 3;
1, 256, 0, -1, -1, -1, 4, 999, 2;
1, 256, 0, 0, 0, 0, 4, 999, 2;
1, 256, 1, 1, 1, 1, 5, 1000, 3;
1, 256, 1, 1, 1, 1, 5, 1000, 3;
1, 256, 0, 0, 0, 0, 4, 999, 2;
1, 256, 0, -1, -1, -1, 4, 998, 2;
1, 256, 0, 0, 0, 0, 5, 1000, 3;
1, 256, 0, 0, 0, 0, 4, 999, 2;
1, 256, 0, -1, -1, -1, 4, 999, 2;
1, 256, 0, -1, -1, -1, 4, 999, 2;
1, 256, 0, -1, -1, -1, 4, 999, 2;
1, 256, 1, 1, 1, 1, 5, 1000, 3;
1, 256, 0, 0, 0, 0, 5, 1000, 3;
1, 256, 0, -1, -1, -1, 4, 999, 2;
1, 256, 0, 0, 0, 0, 4, 999, 2;
1, 256, 0, 0, 0, 0, 4, 999, 2;
1, 256, 0, -1, -1, -1, 4, 998, 2;
1, 256, 0, -1, -1, -1, 4, 999, 2;
1, 256, 0, 0, 0, 0, 4, 999, 2;
1, 256, 0, 0, 0, 0, 5, 999, 2;
1, 256, 0, 0, 0, 0, 4, 999, 2;
1, 256, 0, 0, 0, 0, 5, 1000, 3;
1, 256, 0, 0, 0, 0, 5, 1000, 3;
1, 256, 1, 1, 1, 1, 6, 1001, 4;
1, 256, 0, 0, 0, 0, 5, 1000, 3;
1, 256, 0, 0, 0, 0, 5, 1000, 3;
1, 256, 0, 0, 0, 0, 5, 1000, 3;
1, 256, 0, -1, -1, -1, 3, 998, 1;
1, 256, 0, 0, 0, 0, 4, 999, 2;
1, 256, 1, 1, 1, 1, 6, 1001, 4;
1, 256, 0, -1, -1, -1, 3, 998, 1;
1, 256, 0, 0, 0, 0, 5, 1000, 3;
1, 256, 0, -1, -1, -1, 4, 999, 2;
1, 256, 0, 1, 1, 1, 5, 1000, 3;
1, 256, 0, 0, 0, 0, 5, 1000, 3;
1, 256, 1, 1, 1, 1, 6, 1001, 4;
1, 256, 1, 1, 1, 1, 6, 1001, 4;
1, 256, 0, -1, -1, -1, 4, 999, 2;
1, 256, 0, 0, 0, 0, 5, 1000, 3;
1, 256, 1, 1, 1, 1, 6, 1001, 4;
1, 256, 0, 0, 0, 0, 4, 999, 2;
1, 256, 1, 1, 1, 1, 6, 1000, 3;
1, 256, 0, 0, 0, 0, 5, 999, 3;
1, 256, 0, 0, 0, 0, 4, 999, 2;
1, 256, 0, 1, 1, 1, 5, 1000, 3;
1, 256, 0, -1, -1, -1, 4, 998, 2;
1, 256, 1, 1, 1, 1, 5, 1000, 3;
1, 256, 0, 0, 0, 0, 5, 1000, 3;
1, 256, 0, -1, -1, -1, 4, 999, 2;
1, 256, 1, 1, 1, 1, 6, 1001, 4;
1, 256, 1, 1, 1, 1, 6, 1000, 3;
1, 256, 0, 0, 0, 0, 4, 999, 2;
1, 256, 0, 1, 1, 1, 5, 1000, 3;
1, 256, 0, 0, 0, 0, 4, 999, 2;
1, 256, 1, 1, 1, 1, 6, 1000, 4;
1, 256, 0, 0, 0, 0, 5, 999, 3;
1, 256, 0, -1, -1, -1, 4, 999, 2;
1, 256, 0, 0, 0, 0, 5, 1000, 3;
1, 256, 0, -1, -1, -1, 4, 998, 1;
1, 256, 0, -1, -1, -1, 4, 999, 2;
1, 256, 0, 0, 0, 0, 5, 1000, 3;
1, 256, 0, 0, 0, 0, 4, 999, 2;
1, 256, 0, 0, 0, 0, 4, 999, 2;
1, 256, 0, 0, 0, 0, 5, 1000, 3;
1, 256, 1, 1, 1, 1, 6, 1001, 4;
1, 256, 0, 1, 1, 1, 5, 1000, 3;
1, 256, 0, 0, 0, 0, 4, 999, 2;
1, 256, 0, 1, 1, 1, 5, 1000, 3;
1, 256, 1, 1, 1, 1, 6, 1001, 4;
1, 256, 0, 0, 0, 0, 4, 999, 2;
1, 256, 0, 0, 0, 0, 4, 999, 2;
1, 256, 0, 0, 0, 0, 4, 999, 2;
1, 256, 0, 0, 0, 0, 5, 1000, 3;
1, 256, 0, 0, 0, 0, 5, 1000, 3;
1, 256, 0, 1, 1, 1, 5, 1000, 3;
1, 256, 0, 0, 0, 0, 5, 1000, 3;
1, 256, 0, 0, 0, 0, 5, 1000, 3;
1, 256, 0, 0, 0, 0, 5, 1000, 3;
1, 256, 0, 1, 1, 1, 5, 1000, 3;
1, 256, 0, 0, 0, 0, 5, 1000, 3;
0, 256, 0, -1, -1, -1, 3, 998, 1;
1, 256, 0, 0, 0, 0, 5, 1000, 3;
1, 256, 0, 0, 0, 0, 5, 1000, 3;
1, 256, 0, 0, 0, 0, 5, 1000, 3;
1, 256, 0, -1, -1, -1, 4, 999, 2;
1, 256, 1, 1, 1, 1, 6, 1001, 4;
1, 256, 0, 0, 0, 0, 5, 1000, 3;
1, 256, 0, 1, 1, 1, 5, 1000, 3;
1, 256, 0, -1, -1, -1, 4, 998, 1;
1, 256, 0, 0, 0, 0, 5, 1000, 3;
1, 256, 0, -1, -1, -1, 4, 999, 2;
1, 256, 0, 0, 0, 0, 5, 1000, 3;
1, 256, 0, 0, 0, 0, 5, 1000, 3;
1, 256, 0, 1, 1, 1, 5, 1000, 3;
1, 256, 1, 1, 1, 1, 6, 1000, 4;
1, 256, 0, 0, 0, 0, 4, 999, 2;
1, 256, 0, 0, 0, 0, 4, 999, 2;
1, 256, 1, 1, 1, 1, 6, 1001, 4;
1, 256, 0, -1, -1, -1, 4, 999, 2;
1, 256, 0, -1, -1, -1, 4, 998, 1;
1, 256, 0, -1, -1, -1, 3, 998, 1;
1, 256, 0, 0, 0, 0, 4, 999, 2;
1, 256, 0, -1, -1, -1, 4, 998, 2;
1, 256, 0, 0, 0, 0, 4, 999, 2;
1, 256, 0, 0, 0, 0, 4, 999, 2;
1, 256, 0, 0, 0, 0, 4, 999, 2;
1, 256, 1, 1, 1, 1, 6, 1001, 4;
1, 256, 0, 0, 0, 0, 5, 999, 3;
1, 256, 0, -1, -1, -1, 3, 998, 1;
1, 256, 0, 1, 1, 1, 5, 1000, 3;
1, 256, 0, -1, -1, -1, 3, 998, 1;
1, 256, 1, 1, 1, 1, 6, 1001, 4;
1, 256, 0, 1, 1, 1, 5, 1000, 3;
1, 256, 0, -1, -1, -1, 4, 999, 2;
1, 256, 0, 0, 0, 0, 5, 1000, 3;
1, 256, 0, 0, 0, 0, 4, 999, 2;
1, 256, 0, 0, 0, 0, 4, 999, 2;
1, 256, 0, -1, -1, -1, 3, 998, 1;
1, 256, 0, -1, -1, -1, 4, 999, 2;
1, 256, 1, 1, 1, 1, 6, 1000, 3;
1, 256, 1, 1, 1, 1, 6, 1001, 4;
1, 256, 1, 1, 1, 1, 6, 1001, 4;
1, 256, 1, 1, 1, 1, 6, 1001, 4;
1, 256, 0, -1, -1, -1, 4, 999, 2;
1, 256, 0, 0, 0, 0, 5, 999, 3;
1, 256, 0, 0, 0, 0, 5, 1000, 3;
1, 256, 0, 0, 0, 0, 5, 999, 2;
1, 256, 0, -1, -1, -1, 4, 999, 2;
1, 256, 0, 0, 0, 0, 4, 999, 2;
1, 256, 0, 0, 0, 0, 5, 1000, 3;
1, 256, 1, 1, 1, 1, 6, 1001, 4;
1, 256, 0, 0, 0, 0, 4, 999, 2;
1, 256, 0, 0, 0, 0, 5, 1000, 3;
1, 256, 0, 0, 0, 0, 4, 999, 2;
1, 256, 1, 1, 1, 1, 6, 1000, 3;
1, 256, 0, -1, -1, -1, 4, 999, 2;
1, 256, 0, 0, 0, 0, 4, 999, 2;
1, 256, 1, 1, 1, 1, 6, 1001, 4;
1, 256, 0, 0, 0, 0, 5, 1000, 3;
1, 256, 0, 0, 0, 0, 5, 1000, 3;
1, 256, 0, -1, -1, -1, 4, 999, 2;
1, 256, 0, 0, 0, 0, 5, 1000, 3;
1, 256, 0, 0, 0, 0, 5, 1000, 3;
1, 256, 0, 1, 1, 1, 5, 1000, 3;
1, 256, 1, 1, 1, 1, 5, 1000, 3;
1, 256, 0, 0, 0, 0, 5, 1000, 3;
1, 256, 1, 1, 1, 1, 6, 1001, 4;
1, 256, 0, -1, -1, -1, 3, 998, 1;
1, 256, 0, 0, 0, 0, 4, 999, 2;
1, 256, 0, 0, 0, 0, 4, 999, 2;
1, 256, 0, 0, 0, 0, 4, 999, 2;
1, 256, 1, 1, 1, 1, 6, 1000, 4;
1, 256, 0, 1, 1, 1, 5, 1000, 3;
1, 256, 0, -1, -1, -1, 3, 998, 1;
1, 256, 0, 0, 0, 0, 5, 1000, 3;
1, 256, 0, 0, 0, 0, 5, 1000, 3;
1, 256, 0, 0, 0, 0, 5, 1000, 3;
1, 256, 0, 0, 0, 0, 5, 1000, 3;
1, 256, 0, 0, 0, 0, 4, 999, 2;
1, 256, 0, -1, -1, -1, 4, 998, 1;
1, 256, 0, 0, 0, 0, 4, 999, 2;
1, 256, 0, 0, 0, 0, 5, 1000, 3;
1, 256, 0, 0, 0, 0, 4, 999, 2;
1, 256, 0, 0, 0, 0, 4, 999, 2;
1, 256, 0, 0, 0, 0, 5, 1000, 3;
1, 256, 0, -1, -1, -1, 4, 998, 2;
1, 256, 1, 1, 1, 1, 6, 1000, 4;
1, 256, 0, -1, -1, -1, 4, 999, 2;
1, 256, 0, 0, 0, 0, 5, 1000, 3;
1, 256, 0, 0, 0, 0, 5, 1000, 3;
1, 256, 0, 0, 0, 0, 5, 1000, 3;
1, 256, 0, 0, 0, 0, 5, 1000, 3;
1, 256, 0, -1, -1, -1, 4, 999, 2;
1, 256, 0, 0, 0, 0, 4, 999, 2;
1, 256, 0, 0, 0, 0, 4, 999, 2;
1, 256, 1, 1, 1, 1, 6, 1001, 4;
1, 256, 1, 1, 1, 1, 6, 1001, 4;
1, 256, 1, 1, 1, 1, 5, 1000, 3;
1, 256, 1, 1, 1, 1, 6, 1001, 4;
1, 256, 0, 1, 1, 1, 5, 1000, 3;
1, 256, 0, -1, -1, -1, 4, 999, 2;
1, 256, 1, 1, 1, 1, 6, 1001, 4;
1, 256, 0, 0, 0, 0, 5, 1000, 3;
1, 256, 0, 0, 0, 0, 4, 999, 2;
1, 256, 0, 0, 0, 0, 5, 1000, 3;
1, 256, 0, -1, -1, -1, 4, 999, 2;
1, 256, 0, 1, 1, 1, 5, 1000, 3;
1, 256, 0, 0, 0, 0, 5, 1000, 3;
1, 256, 0, 0, 0, 0, 5, 1000, 3;
1, 256, 0, -1, -1, -1, 4, 998, 2;
1, 256, 1, 1, 1, 1, 6, 1001, 4;
1, 256, 0, -1, -1, -1, 4, 999, 2;
1, 256, 0, 0, 0, 0, 5, 1000, 3;
1, 256, 0, -1, -1, -1, 3, 998, 1;
1, 256, 0, 0, 0, 0, 5, 1000, 3;
1, 256, 0, -1, -1, -1, 4, 999, 2;
1, 256, 0, 0, 0, 0, 4, 999, 2;
1, 256, 1, 1, 1, 1, 5, 1000, 3;
1, 256, 0, 0, 0, 0, 5, 1000, 3;
1, 256, 0, 1, 1, 1, 5, 1000, 3;
1, 256, 0, 0, 0, 0, 4, 999, 2;
1, 256, 0, 0, 0, 0, 5, 1000, 3;
1, 256, 1, 1, 1, 1, 6, 1001, 4;
1, 256, 0, 0, 0, 0, 4, 999, 2;
1, 256, 1, 1, 1, 1, 6, 1000, 4;
1, 256, 0, -1, -1, -1, 4, 999, 2;
1, 256, 0, 1, 1, 1, 5, 1000, 3;
1, 256, 0, 0, 0, 0, 4, 999, 2;
1, 256, 1, 1, 1, 1, 6, 1001, 4;
1, 256, 0, -1, -1, -1, 4, 999, 2;
1, 256, 0, 0, 0, 0, 4, 999, 2;
1, 256, 0, 0, 0, 0, 5, 1000, 3;
1, 256, 0, 0, 0, 0, 4, 999, 2;
1, 256, 0, 0, 0, 0, 5, 1000, 3;
1, 256, 0, 1, 1, 1, 5, 1000, 3;
1, 256, 0, -1, -1, -1, 4, 998, 1;
1, 256, 0, 0, 0, 0, 5, 1000, 3;
1, 256, 0, 0, 0, 0, 5, 1000, 3;
1, 256, 1, 1, 1, 1, 6, 1001, 4;
1, 256, 1, 1, 1, 1, 6, 1001, 4;
1, 256, 0, 0, 0, 0, 4, 999, 2;
1, 256, 0, 0, 0, 0, 5, 1000, 3;
1, 256, 0, -1, -1, -1, 3, 998, 1;
1, 256, 0, 0, 0, 0, 5, 1000, 3;
1, 256, 0, -1, -1, -1, 4, 998, 1;
1, 256, 0, -1, -1, -1, 4, 999, 2;
1, 256, 0, 0, 0, 0, 4, 999, 2;
1, 256, 0, 0, 0, 0, 5, 1000, 3;
1, 256, 0, -1, -1, -1, 3, 998, 1;
1, 256, 0, 0, 0, 0, 5, 1000, 3;
1, 256, 0, 0, 0, 0, 5, 1000, 3;
1, 256, 0, 0, 0, 0, 5, 1000, 3;
1, 256, 0, 0, 0, 0, 4, 999, 2;
1, 256, 0, 0, 0, 0, 4, 999, 2;
1, 256, 0, 0, 0, 0, 5, 1000, 3;
1, 256, 0, -1, -1, -1, 4, 999, 2;
1, 256, 0, 1, 1, 1, 5, 1000, 3;
1, 256, 0, 0, 0, 0, 4, 999, 2;
1, 256, 0, -1, -1, -1, 3, 998, 1;
1, 256, 1, 1, 1, 1, 5, 1000, 3;
1, 256, 0, 0, 0, 0, 5, 1000, 3;
1, 256, 1, 1, 1, 1, 6, 1001, 4;
1, 256, 1, 1, 1, 1, 5, 1000, 3;
1, 256, 0, 1, 1, 1, 5, 1000, 3;
1, 256, 0, -1, -1, -1, 4, 999, 2;
1, 256, 0, -1, -1, -1, 3, 998, 1;
1, 256, 0, -1, -1, -1, 4, 999, 2;
1, 256, 0, 1, 1, 1, 5, 1000, 3;
1, 256, 1, 1, 1, 1, 6, 1001, 4;
1, 256, 1, 1, 1, 1, 6, 1000, 4;
1, 256, 0, 0, 0, 0, 5, 1000, 3;
1, 256, 0, -1, -1, -1, 4, 998, 1;
1, 256, 0, 0, 0, 0, 5, 1000, 3;
1, 256, 0, 0, 0, 0, 4, 999, 2;
1, 256, 0, -1, -1, -1, 4, 999, 2;
1, 256, 1, 1, 1, 1, 6, 1001, 4;
1, 256, 0, 0, 0, 0, 4, 999, 2;
1, 256, 0, 0, 0, 0, 4, 999, 2;
1, 256, 0, 0, 0, 0, 5, 1000, 3;
1, 256, 0, 0, 0, 0, 5, 1000, 3;
1, 256, 0, 0, 0, 0, 5, 1000, 3;
1, 256, 0, -1, -1, -1, 4, 998, 1;
1, 256, 0, 0, 0, 0, 4, 999, 2;
1, 256, 0, 0, 0, 0, 4, 999, 2;
1, 256, 0, 0, 0, 0, 5, 1000, 3;
1, 256, 0, -1, -1, -1, 3, 998, 1;
1, 256, 0, -1, -1, -1, 4, 999, 2;
1, 256, 0, 0, 0, 0, 5, 1000, 3;
1, 256, 0, 1, 1, 1, 5, 1000, 3;
1, 256, 0, -1, -1, -1, 4, 998, 2;
1, 256, 1, 1, 1, 1, 6, 1000, 4;
1, 256, 0, 0, 0, 0, 5, 1000, 3;
1, 256, 1, 1, 1, 1, 6, 1001, 4;
1, 256, 1, 1, 1, 1, 5, 1000, 3;
1, 256, 1, 1, 1, 1, 6, 1001, 4;
1, 256, 1, 1, 1, 1, 6, 1001, 4;
1, 256, 1, 1, 1, 1, 6, 1001, 4;
1, 256, 0, 0, 0, 0, 4, 999, 2;
1, 256, 0, 1, 1, 1, 5, 1000, 3;
1, 256, 1, 1, 1, 1, 6, 1001, 4;
1, 256, 0, -1, -1, -1, 3, 998, 1;
1, 256, 1, 1, 1, 1, 6, 1000, 3;
1, 256, 0, 0, 0, 0, 5, 1000, 3;
1, 256, 1, 1, 1, 1, 6, 1001, 4;
1, 256, 0, 0, 0, 0, 4, 999, 2;
1, 256, 1, 1, 1, 1, 6, 1001, 4;
1, 256, 1, 1, 1, 1, 6, 1001, 4;
1, 256, 0, -1, -1, -1, 4, 998, 1;
1, 256, 1, 1, 1, 1, 6, 1000, 4;
1, 256, 0, 0, 0, 0, 5, 1000, 3;
1, 256, 0, 0, 0, 0, 5, 1000, 3;
1, 256, 0, 0, 0, 0, 4, 999, 2;
1, 256, 0, 0, 0, 0, 5, 1000, 3;
1, 256, 0, 1, 1, 1, 5, 1000, 3;
1, 256, 0, 0, 0, 0, 5, 1000, 3;
1, 256, 0, 1, 1, 1, 5, 1000, 3;
1, 256, 0, 0, 0, 0, 5, 999, 2;
1, 256, 1, 1, 1, 1, 6, 1001, 4;
1, 256, 0, 0, 0, 0, 5, 1000, 3;
1, 256, 0, 0, 0, 0, 5, 1000, 3;
1, 256, 0, -1, -1, -1, 4, 999, 2;
1, 256, 1, 1, 1, 1, 6, 1001, 4;
1, 256, 0, 0, 0, 0, 4, 999, 2;
1, 256, 0, 0, 0, 0, 4, 999, 2;
1, 256, 0, -1, -1, -1, 4, 999, 2;
1, 256, 1, 1, 1, 1, 6, 1001, 4;
1, 256, 0, 0, 0, 0, 4, 999, 2;
1, 256, 1, 1, 1, 1, 6, 1001, 4;
1, 256, 0, -1, -1, -1, 4, 998, 1;
1, 256, 0, 0, 0, 0, 5, 999, 2;
1, 256, 0, 0, 0, 0, 5, 999, 2;
1, 256, 0, -1, -1, -1, 4, 999, 2;
1, 256, 0, 1, 1, 1, 5, 1000, 3;
1, 256, 0, -1, -1, -1, 3, 998, 1;
1, 256, 0, -1, -1, -1, 4, 999, 2;
1, 256, 1, 1, 1, 1, 6, 1001, 4;
1, 256, 1, 1, 1, 1, 6, 1000, 4;
1, 256, 0, -1, -1, -1, 4, 999, 2;
1, 256, 0, 0, 0, 0, 4, 999, 2;
1, 256, 0, 0, 0, 0, 5, 1000, 3;
1, 256, 0, -1, -1, -1, 4, 998, 2;
1, 256, 0, 0, 0, 0, 4, 999, 2;
1, 256, 0, 0, 0, 0, 5, 1000, 3;
1, 256, 1, 1, 1, 1, 5, 1000, 3;
1, 256, 0, -1, -1, -1, 4, 999, 2;
1, 256, 0, -1, -1, -1, 4, 999, 2;
1, 256, 0, 0, 0, 0, 5, 999, 2;
1, 256, 1, 1, 1, 1, 6, 1001, 4;
1, 256, 1, 1, 1, 1, 6, 1000, 3;
1, 256, 0, -1, -1, -1, 4, 999, 2;
1, 256, 1, 1, 1, 1, 6, 1000, 4;
1, 256, 1, 1, 1, 1, 5, 1000, 3;
1, 256, 1, 1, 1, 1, 6, 1000, 3;
1, 256, 0, -1, -1, -1, 3, 998, 1;
1, 256, 0, 0, 0, 0, 5, 1000, 3;
1, 256, 0, -1, -1, -1, 4, 999, 2;
1, 256, 1, 1, 1, 1, 5, 1000, 3;
1, 256, 0, 0, 0, 0, 4, 999, 2;
1, 256, 0, 0, 0, 0, 4, 999, 2;
1, 256, 0, -1, -1, -1, 4, 999, 2;
1, 256, 0, 0, 0, 0, 4, 999, 2;
1, 256, 0, 0, 0, 0, 4, 999, 2;
1, 256, 0, 0, 0, 0, 4, 999, 2;
1, 256, 0, 0, 0, 0, 4, 999, 2;
1, 256, 0, 0, 0, 0, 4, 999, 2;
1, 256, 1, 1, 1, 1, 6, 1000, 3;
1, 256, 0, 1, 1, 1, 5, 1000, 3;
1, 256, 0, 0, 0, 0, 4, 999, 2;
1, 256, 0, 0, 0, 0, 4, 999, 2;
1, 256, 0, 0, 0, 0, 5, 1000, 3;
1, 256, 0, 0, 0, 0, 4, 999, 2;
1, 256, 0, 0, 0, 0, 5, 999, 2;
1, 256, 0, 1, 1, 1, 5, 1000, 3;
1, 256, 1, 1, 1, 1, 6, 1001, 4;
1, 256, 1, 1, 1, 1, 6, 1000, 4;
1, 256, 0, 1, 1, 1, 5, 1000, 3;
1, 256, 0, -1, -1, -1, 4, 999, 2;
1, 256, 0, 1, 1, 1, 5, 1000, 3;
1, 256, 0, 0, 0, 0, 5, 1000, 3;
1, 256, 0, -1, -1, -1, 4, 998, 2;
1, 256, 0, 0, 0, 0, 4, 999, 2;
1, 256, 0, 0, 0, 0, 5, 1000, 3;
1, 256, 1, 1, 1, 1, 6, 1001, 4;
1, 256, 0, 1, 1, 1, 5, 1000, 3;
1, 256, 0, -1, -1, -1, 4, 999, 2;
1, 256, 1, 1, 1, 1, 6, 1001, 4;
1, 256, 0, -1, -1, -1, 4, 999, 2;
1, 256, 0, -1, -1, -1, 4, 999, 2;
0, 256, 0, -1, -1, -1, 3, 998, 1;
1, 256, 0, -1, -1, -1, 4, 999, 2;
1, 256, 0, 0, 0, 0, 5, 1000, 3;
1, 256, 0, 1, 1, 1, 5, 1000, 3;
1, 256, 0, 0, 0, 0, 5, 1000, 3;
1, 256, 0, -1, -1, -1, 3, 998, 1;
1, 256, 0, 0, 0, 0, 5, 1000, 3;
1, 256, 0, -1, -1, -1, 3, 998, 1;
1, 256, 1, 1, 1, 1, 6, 1001, 4;
1, 256, 1, 1, 1, 1, 6, 1000, 4;
1, 256, 0, 0, 0, 0, 5, 1000, 3;
1, 256, 0, 0, 0, 0, 4, 999, 2;
1, 256, 0, -1, -1, -1, 4, 999, 2;
1, 256, 0, 1, 1, 1, 5, 1000, 3;
1, 256, 1, 1, 1, 1, 6, 1001, 4;
1, 256, 0, 0, 0, 0, 4, 999, 2;
1, 256, 0, 0, 0, 0, 5, 1000, 3;
1, 256, 1, 1, 1, 1, 6, 1001, 4;
1, 256, 0, 0, 0, 0, 4, 999, 2;
1, 256, 0, 1, 1, 1, 5, 1000, 3;
1, 256, 0, 0, 0, 0, 4, 999, 2;
1, 256, 0, 0, 0, 0, 5, 1000, 3;
1, 256, 1, 1, 1, 1, 6, 1001, 4;
1, 256, 0, -1, -1, -1, 4, 999, 2;
1, 256, 0, 0, 0, 0, 5, 1000, 3;
1, 256, 0, 0, 0, 0, 5, 1000, 3;
1, 256, 0, 0, 0, 0, 5, 1000, 3;
1, 256, 1, 1, 1, 1, 6, 1000, 4;
1, 256, 1, 1, 1, 1, 6, 1001, 4;
1, 256, 0, -1, -1, -1, 4, 998, 1;
1, 256, 0, -1, -1, -1, 4, 999, 2;
1, 256, 0, 0, 0, 0, 4, 999, 2;
1, 256, 0, 0, 0, 0, 5, 1000, 3;
1, 256, 0, 0, 0, 0, 4, 999, 2;
1, 256, 0, -1, -1, -1, 4, 999, 2;
1, 256, 0, 0, 0, 0, 5, 1000, 3;
1, 256, 0, 1, 1, 1, 5, 1000, 3;
1, 256, 0, -1, -1, -1, 4, 999, 2;
1, 256, 0, 1, 1, 1, 5, 1000, 3;
1, 256, 1, 1, 1, 1, 5, 1000, 3;
1, 256, 0, -1, -1, -1, 4, 999, 2;
1, 256, 0, 0, 0, 0, 5, 1000, 3;
1, 256, 0, 0, 0, 0, 4, 999, 2;
1, 256, 1, 1, 1, 1, 6, 1000, 4;
1, 256, 0, 1, 1, 1, 5, 1000, 3;
1, 256, 0, 0, 0, 0, 4, 999, 2;
1, 256, 0, 0, 0, 0, 5, 1000, 3;
1, 256, 0, 0, 0, 0, 5, 1000, 3;
1, 256, 0, -1, -1, -1, 3, 998, 1;
1, 256, 1, 1, 1, 1, 6, 1001, 4;
1, 256, 1, 1, 1, 1, 6, 1000, 4;
1, 256, 0, 0, 0, 0, 4, 999, 2;
1, 256, 0, 0, 0, 0, 5, 1000, 3;
1, 256, 0, -1, -1, -1, 4, 999, 2;
1, 256, 0, 0, 0, 0, 5, 999, 3;
1, 256, 0, 0, 0, 0, 5, 1000, 3;
1, 256, 0, 1, 1, 1, 5, 1000, 3;
1, 256, 1, 1, 1, 1, 6, 1001, 4;
1, 256, 0, -1, -1, -1, 4, 999, 2;
1, 256, 1, 1, 1, 1, 6, 1000, 4;
1, 256, 0, -1, -1, -1, 4, 999, 2;
1, 256, 0, 0, 0, 0, 4, 999, 2;
1, 256, 0, -1, -1, -1, 4, 999, 2;
1, 256, 1, 1, 1, 1, 5, 1000, 3;
1, 256, 0, 0, 0, 0, 4, 999, 2;
1, 256, 0, 0, 0, 0, 4, 999, 2;
1, 256, 1, 1, 1, 1, 6, 1001, 4;
1, 256, 0, 0, 0, 0, 5, 1000, 3;
1, 256, 0, -1, -1, -1, 4, 999, 2;
1, 256, 0, 0, 0, 0, 5, 1000, 3;
1, 256, 0, 0, 0, 0, 5, 1000, 3;
1, 256, 0, 0, 0, 0, 5, 1000, 3;
1, 256, 0, 0, 0, 0, 4, 999, 2;
1, 256, 0, 0, 0, 0, 5, 1000, 3;
1, 256, 1, 1, 1, 1, 6, 1000, 3;
1, 256, 0, 0, 0, 0, 4, 999, 2;
1, 256, 0, 0, 0, 0, 4, 999, 2;
1, 256, 1, 1, 1, 1, 5, 1000, 3;
1, 256, 0, 0, 0, 0, 4, 999, 2;
1, 256, 0, 0, 0, 0, 5, 1000, 3;
1, 256, 0, 0, 0, 0, 4, 999, 2;
1, 256, 0, 0, 0, 0, 5, 1000, 3;
1, 256, 0, 0, 0, 0, 5, 1000, 3;
1, 256, 0, 0, 0, 0, 4, 999, 2;
1, 256, 0, 0, 0, 0, 5, 1000, 3;
1, 256, 0, 0, 0, 0, 4, 999, 2;
1, 256, 0, 0, 0, 0, 4, 999, 2;
1, 256, 0, 0, 0, 0, 5, 999, 2;
1, 256, 0, -1, -1, -1, 3, 998, 1;
1, 256, 1, 1, 1, 1, 6, 1001, 4;
1, 256, 0, 0, 0, 0, 4, 999, 2;
1, 256, 1, 1, 1, 1, 6, 1000, 3;
1, 256, 1, 1, 1, 1, 6, 1000, 4;
1, 256, 0, -1, -1, -1, 4, 999, 2;
1, 256, 0, 0, 0, 0, 5, 1000, 3;
1, 256, 0, -1, -1, -1, 4, 999, 2;
1, 256, 0, -1, -1, -1, 4, 999, 2;
1, 256, 0, 0, 0, 0, 5, 1000, 3;
1, 256, 0, 0, 0, 0, 4, 999, 2;
1, 256, 0, 0, 0, 0, 4, 999, 2;
1, 256, 0, 0, 0, 0, 4, 999, 2;
1, 256, 0, 0, 0, 0, 4, 999, 2;
1, 256, 0, 0, 0, 0, 4, 999, 2;
1, 256, 0, 0, 0, 0, 4, 999, 2;
1, 256, 0, 0, 0, 0, 4, 999, 2;
1, 256, 0, 0, 0, 0, 4, 999, 2;
1, 256, 0, 0, 0, 0, 5, 999, 3;
1, 256, 1, 1, 1, 1, 6, 1000, 3;
1, 256, 1, 1, 1, 1, 6, 1001, 4;
1, 256, 0, 0, 0, 0, 4, 999, 2;
1, 256, 0, 0, 0, 0, 4, 999, 2;
1, 256, 0, 0, 0, 0, 4, 999, 2;
1, 256, 0, 1, 1, 1, 5, 1000, 3;
1, 256, 0, 0, 0, 0, 5, 1000, 3;
1, 256, 1, 1, 1, 1, 6, 1001, 4;
1, 256, 0, 0, 0, 0, 5, 1000, 3;
1, 256, 1, 1, 1, 1, 6, 1001, 4;
1, 256, 0, 0, 0, 0, 5, 1000, 3;
1, 256, 0, -1, -1, -1, 4, 999, 2;
1, 256, 1, 1, 1, 1, 6, 1001, 4;
1, 256, 1, 1, 1, 1, 5, 1000, 3;
1, 256, 0, 1, 1, 1, 5, 1000, 3;
1, 256, 0, 0, 0, 0, 4, 999, 2;
1, 256, 0, 1, 1, 1, 5, 1000, 3;
1, 256, 0, 0, 0, 0, 5, 1000, 3;
1, 256, 0, 0, 0, 0, 5, 1000, 3;
1, 256, 0, 1, 1, 1, 5, 1000, 3;
1, 256, 0, -1, -1, -1, 4, 999, 2;
1, 256, 0, 0, 0, 0, 4, 999, 2;
1, 256, 0, 0, 0, 0, 5, 1000, 3;
1, 256, 1, 1, 1, 1, 6, 1001, 4;
1, 256, 0, 0, 0, 0, 5, 1000, 3;
1, 256, 0, 0, 0, 0, 4, 999, 2;
1, 256, 0, -1, -1, -1, 3, 998, 1;
1, 256, 1, 1, 1, 1, 6, 1001, 4;
1, 256, 0, -1, -1, -1, 3, 998, 1;
1, 256, 1, 1, 1, 1, 5, 1000, 3;
1, 256, 0, -1, -1, -1, 4, 999, 2;
1, 256, 0, 1, 1, 1, 5, 1000, 3;
1, 256, 1, 1, 1, 1, 6, 1001, 4;
1, 256, 0, 0, 0, 0, 5, 1000, 3;
1, 256, 0, 1, 1, 1, 5, 1000, 3;
1, 256, 0, 0, 0, 0, 4, 999, 2;
1, 256, 0, 0, 0, 0, 4, 999, 2;
1, 256, 0, 0, 0, 0, 4, 999, 2;
1, 256, 0, -1, -1, -1, 4, 999, 2;
1, 256, 0, 1, 1, 1, 5, 1000, 3;
1, 256, 0, -1, -1, -1, 4, 999, 2;
1, 256, 0, 0, 0, 0, 4, 999, 2;
1, 256, 0, 1, 1, 1, 5, 1000, 3;
1, 256, 0, 0, 0, 0, 5, 1000, 3;
1, 256, 0, 0, 0, 0, 4, 999, 2;
1, 256, 0, 0, 0, 0, 4, 999, 2;
1, 256, 0, 0, 0, 0, 5, 1000, 3;
1, 256, 0, 0, 0, 0, 5, 1000, 3;
1, 256, 1, 1, 1, 1, 6, 1001, 4;
1, 256, 0, 0, 0, 0, 4, 999, 2;
1, 256, 1, 1, 1, 1, 6, 1001, 4;
1, 256, 0, 0, 0, 0, 5, 1000, 3;
1, 256, 0, 1, 1, 1, 5, 1000, 3;
1, 256, 0, -1, -1, -1, 3, 998, 1;
1, 256, 0, -1, -1, -1, 4, 998, 1;
1, 256, 0, -1, -1, -1, 3, 998, 1;
1, 256, 0, 1, 1, 1, 5, 1000, 3;
1, 256, 0, 0, 0, 0, 5, 1000, 3;
1, 256, 0, 0, 0, 0, 5, 1000, 3;
1, 256, 0, 0, 0, 0, 4, 999, 2;
1, 256, 1, 1, 1, 1, 6, 1000, 3;
1, 256, 0, 0, 0, 0, 4, 999, 2;
1, 256, 0, 0, 0, 0, 5, 1000, 3;
1, 256, 1, 1, 1, 1, 6, 1001, 4;
1, 256, 0, 0, 0, 0, 5, 999, 3;
1, 256, 0, 0, 0, 0, 4, 999, 2;
1, 256, 1, 1, 1, 1, 6, 1000, 4;
1, 256, 1, 1, 1, 1, 5, 1000, 3;
1, 256, 0, 0, 0, 0, 5, 999, 3;
1, 256, 0, 0, 0, 0, 4, 999, 2;
1, 256, 0, 0, 0, 0, 4, 999, 2;
1, 256, 1, 1, 1, 1, 6, 1001, 4;
1, 256, 0, 0, 0, 0, 4, 999, 2;
1, 256, 0, -1, -1, -1, 4, 999, 2;
1, 256, 0, 1, 1, 1, 5, 1000, 3;
1, 256, 1, 1, 1, 1, 6, 1000, 3;
1, 256, 1, 1, 1, 1, 5, 1000, 3;
1, 256, 0, 0, 0, 0, 5, 1000, 3;
1, 256, 0, 0, 0, 0, 5, 999, 3;
0, 256, 0, -1, -1, -1, 3, 998, 1;
1, 256, 0, 0, 0, 0, 5, 1000, 3;
1, 256, 0, 0, 0, 0, 5, 1000, 3;
1, 256, 1, 1, 1, 1, 6, 1001, 4;
1, 256, 1, 1, 1, 1, 6, 1000, 4;
1, 256, 0, 1, 1, 1, 5, 1000, 3;
1, 256, 1, 1, 1, 1, 5, 1000, 3;
1, 256, 0, -1, -1, -1, 4, 999, 2;
1, 256, 0, 0, 0, 0, 4, 999, 2;
1, 256, 1, 1, 1, 1, 6, 1000, 4;
1, 256, 0, -1, -1, -1, 4, 999, 2;
1, 256, 0, 0, 0, 0, 5, 1000, 3;
1, 256, 0, 0, 0, 0, 4, 999, 2;
1, 256, 0, 0, 0, 0, 4, 999, 2;
1, 256, 0, -1, -1, -1, 4, 998, 1;
1, 256, 0, 0, 0, 0, 5, 1000, 3;
1, 256, 0, 1, 1, 1, 5, 1000, 3;
1, 256, 0, 0, 0, 0, 5, 1000, 3;
1, 256, 0, 0, 0, 0, 5, 1000, 3;
1, 256, 0, 0, 0, 0, 4, 999, 2;
1, 256, 0, 0, 0, 0, 4, 999, 2;
1, 256, 0, -1, -1, -1, 4, 999, 2;
1, 256, 0, 0, 0, 0, 5, 1000, 3;
1, 256, 1, 1, 1, 1, 6, 1001, 4;
1, 256, 0, 1, 1, 1, 5, 1000, 3;
1, 256, 0, -1, -1, -1, 4, 999, 2;
1, 256, 1, 1, 1, 1, 5, 1000, 3;
1, 256, 0, 1, 1, 1, 5, 1000, 3;
1, 256, 0, 1, 1, 1, 5, 1000, 3;
1, 256, 0, 0, 0, 0, 5, 1000, 3;
1, 256, 1, 1, 1, 1, 6, 1001, 4;
1, 256, 1, 1, 1, 1, 6, 1001, 4;
1, 256, 1, 1, 1, 1, 6, 1000, 4;
1, 256, 1, 1, 1, 1, 5, 1000, 3;
1, 256, 0, -1, -1, -1, 4, 999, 2;
1, 256, 0, -1, -1, -1, 4, 999, 2;
1, 256, 0, 1, 1, 1, 5, 1000, 3;
1, 256, 0, 0, 0, 0, 5, 999, 2;
1, 256, 0, 0, 0, 0, 5, 1000, 3;
1, 256, 0, 0, 0, 0, 5, 1000, 3;
1, 256, 0, 0, 0, 0, 5, 1000, 3;
1, 256, 0, 1, 1, 1, 5, 1000, 3;
1, 256, 0, -1, -1, -1, 4, 999, 2;
1, 256, 0, 0, 0, 0, 5, 1000, 3;
1, 256, 0, 0, 0, 0, 4, 999, 2;
1, 256, 0, -1, -1, -1, 4, 998, 1;
1, 256, 0, -1, -1, -1, 4, 999, 2;
1, 256, 0, -1, -1, -1, 3, 998, 1;
1, 256, 1, 1, 1, 1, 6, 1001, 4;
1, 256, 0, 0, 0, 0, 5, 1000, 3;
0, 256, 0, -1, -1, -1, 3, 998, 1;
1, 256, 1, 1, 1, 1, 5, 1000, 3;
1, 256, 0, -1, -1, -1, 4, 998, 2;
1, 256, 0, -1, -1, -1, 4, 998, 1;
1, 256, 0, 0, 0, 0, 5, 1000, 3;
1, 256, 0, -1, -1, -1, 4, 999, 2;
1, 256, 0, 1, 1, 1, 5, 1000, 3;
1, 256, 0, -1, -1, -1, 4, 999, 2;
1, 256, 0, -1, -1, -1, 4, 999, 2;
1, 256, 0, 0, 0, 0, 4, 999, 2;
1, 256, 0, 0, 0, 0, 4, 999, 2;
0, 256, 0, -1, -1, -1, 3, 998, 1;
1, 256, 0, -1, -1, -1, 4, 999, 2;
1, 256, 0, 0, 0, 0, 5, 1000, 3;
1, 256, 0, 0, 0, 0, 5, 1000, 3;
1, 256, 0, 0, 0, 0, 5, 1000, 3;
1, 256, 0, 0, 0, 0, 5, 1000, 3;
1, 256, 1, 1, 1, 1, 6, 1001, 4;
1, 256, 0, 1, 1, 1, 5, 1000, 3;
1, 256, 0, 0, 0, 0, 4, 999, 2;
1, 256, 0, 0, 0, 0, 4, 999, 2;
1, 256, 0, 0, 0, 0, 5, 1000, 3;
1, 256, 1, 1, 1, 1, 6, 1000, 4;
1, 256, 0, -1, -1, -1, 4, 999, 2;
1, 256, 0, 0, 0, 0, 5, 1000, 3;
1, 256, 1, 1, 1, 1, 6, 1001, 4;
1, 256, 0, 0, 0, 0, 4, 999, 2;
1, 256, 0, 0, 0, 0, 4, 999, 2;
1, 256, 0, -1, -1, -1, 4, 999, 2;
1, 256, 1, 1, 1, 1, 6, 1001, 4;
1, 256, 0, -1, -1, -1, 4, 999, 2;
1, 256, 0, 0, 0, 0, 4, 999, 2;
1, 256, 0, 0, 0, 0, 5, 1000, 3;
1, 256, 0, 0, 0, 0, 4, 999, 2;
1, 256, 0, 0, 0, 0, 5, 1000, 3;
1, 256, 0, 0, 0, 0, 4, 999, 2;
0, 256, 0, -1, -1, -1, 3, 998, 1;
1, 256, 0, -1, -1, -1, 4, 999, 2;
1, 256, 0, -1, -1, -1, 4, 999, 2;
1, 256, 0, 0, 0, 0, 5, 1000, 3;
1, 256, 0, -1, -1, -1, 4, 998, 2;
1, 256, 0, 0, 0, 0, 5, 1000, 3;
1, 256, 0, 0, 0, 0, 4, 999, 2;
1, 256, 0, 0, 0, 0, 4, 999, 2;
1, 256, 0, 0, 0, 0, 4, 999, 2;
1, 256, 0, 0, 0, 0, 5, 1000, 3;
1, 256, 0, -1, -1, -1, 4, 999, 2;
1, 256, 0, -1, -1, -1, 4, 999, 2;
1, 256, 0, -1, -1, -1, 4, 998, 1;
1, 256, 0, -1, -1, -1, 4, 999, 2;
1, 256, 0, 1, 1, 1, 5, 1000, 3;
1, 256, 0, 1, 1, 1, 5, 1000, 3;
1, 256, 0, 0, 0, 0, 4, 999, 2;
1, 256, 0, 0, 0, 0, 5, 1000, 3;
1, 256, 0, 0, 0, 0, 4, 999, 2;
1, 256, 0, 1, 1, 1, 5, 1000, 3;
1, 256, 0, 0, 0, 0, 4, 999, 2;
1, 256, 0, 0, 0, 0, 5, 1000, 3;
1, 256, 0, 0, 0, 0, 4, 999, 2;
1, 256, 0, 1, 1, 1, 5, 1000, 3;
1, 256, 0, 0, 0, 0, 5, 1000, 3;
1, 256, 0, -1, -1, -1, 4, 999, 2;
1, 256, 0, 1, 1, 1, 5, 1000, 3;
1, 256, 0, 0, 0, 0, 4, 999, 2;
1, 256, 0, 0, 0, 0, 4, 999, 2;
1, 256, 0, -1, -1, -1, 4, 999, 2;
1, 256, 0, -1, -1, -1, 4, 998, 2;
1, 256, 0, 0, 0, 0, 4, 999, 2;
1, 256, 0, 0, 0, 0, 5, 1000, 3;
1, 256, 0, -1, -1, -1, 4, 999, 2;
1, 256, 0, -1, -1, -1, 4, 999, 2;
1, 256, 0, 0, 0, 0, 4, 999, 2;
1, 256, 0, -1, -1, -1, 4, 999, 2;
1, 256, 0, -1, -1, -1, 3, 998, 1;
1, 256, 0, 0, 0, 0, 5, 1000, 3;
1, 256, 1, 1, 1, 1, 6, 1001, 4;
1, 256, 0, 1, 1, 1, 5, 1000, 3;
1, 256, 0, 0, 0, 0, 4, 999, 2;
1, 256, 1, 1, 1, 1, 6, 1001, 4;
1, 256, 0, 1, 1, 1, 5, 1000, 3;
1, 256, 1, 1, 1, 1, 5, 1000, 3;
1, 256, 0, 0, 0, 0, 5, 1000, 3;
1, 256, 0, 0, 0, 0, 5, 999, 3;
1, 256, 1, 1, 1, 1, 6, 1001, 4;
1, 256, 0, 0, 0, 0, 4, 999, 2;
1, 256, 0, 1, 1, 1, 5, 1000, 3;
1, 256, 0, 0, 0, 0, 5, 1000, 3;
1, 256, 0, 1, 1, 1, 5, 1000, 3;
1, 256, 0, 0, 0, 0, 4, 999, 2;
1, 256, 0, 1, 1, 1, 5, 1000, 3;
1, 256, 0, 0, 0, 0, 5, 1000, 3;
1, 256, 0, -1, -1, -1, 3, 998, 1;
1, 256, 1, 1, 1, 1, 6, 1001, 4;
1, 256, 0, 1, 1, 1, 5, 1000, 3;
1, 256, 0, -1, -1, -1, 3, 998, 1;
1, 256, 0, 0, 0, 0, 5, 1000, 3;
1, 256, 0, 1, 1, 1, 5, 1000, 3;
1, 256, 0, 0, 0, 0, 4, 999, 2;
1, 256, 0, 1, 1, 1, 5, 1000, 3;
1, 256, 0, -1, -1, -1, 4, 998, 1;
1, 256, 0, -1, -1, -1, 4, 999, 2;
1, 256, 0, 0, 0, 0, 4, 999, 2;
1, 256, 0, 0, 0, 0, 5, 1000, 3;
1, 256, 0, -1, -1, -1, 4, 999, 2;
1, 256, 0, 0, 0, 0, 5, 1000, 3;
1, 256, 0, 0, 0, 0, 5, 1000, 3;
1, 256, 0, 0, 0, 0, 5, 1000, 3;
1, 256, 0, 0, 0, 0, 4, 999, 2;
1, 256, 0, 0, 0, 0, 5, 1000, 3;
1, 256, 0, 0, 0, 0, 5, 1000, 3;
1, 256, 0, -1, -1, -1, 4, 999, 2;
1, 256, 0, 0, 0, 0, 5, 1000, 3;
1, 256, 1, 1, 1, 1, 5, 1000, 3;
1, 256, 0, -1, -1, -1, 4, 998, 1;
1, 256, 0, 0, 0, 0, 4, 999, 2;
1, 256, 0, -1, -1, -1, 3, 998, 1;
1, 256, 1, 1, 1, 1, 5, 1000, 3;
1, 256, 0, 0, 0, 0, 5, 1000, 3;
1, 256, 0, -1, -1, -1, 4, 999, 2;
1, 256, 1, 1, 1, 1, 5, 1000, 3;
1, 256, 0, 0, 0, 0, 5, 1000, 3;
1, 256, 0, -1, -1, -1, 4, 999, 2;
1, 256, 0, 0, 0, 0, 5, 1000, 3;
1, 256, 0, -1, -1, -1, 3, 998, 1;
1, 256, 0, 1, 1, 1, 5, 1000, 3;
1, 256, 0, -1, -1, -1, 4, 999, 2;
1, 256, 0, 1, 1, 1, 5, 1000, 3;
1, 256, 0, 0, 0, 0, 5, 1000, 3;
1, 256, 0, 0, 0, 0, 4, 999, 2;
1, 256, 0, 0, 0, 0, 4, 999, 2;
1, 256, 0, 0, 0, 0, 4, 999, 2;
1, 256, 0, 0, 0, 0, 4, 999, 2;
1, 256, 0, 0, 0, 0, 4, 999, 2;
1, 256, 1, 1, 1, 1, 6, 1001, 4;
1, 256, 0, -1, -1, -1, 4, 998, 1;
1, 256, 0, 0, 0, 0, 5, 1000, 3;
1, 256, 0, 0, 0, 0, 5, 999, 2;
1, 256, 0, 0, 0, 0, 5, 1000, 3;
1, 256, 1, 1, 1, 1, 6, 1001, 4;
1, 256, 0, -1, -1, -1, 4, 999, 2;
1, 256, 0, 0, 0, 0, 5, 1000, 3;
1, 256, 0, 0, 0, 0, 5, 1000, 3;
1, 256, 0, 1, 1, 1, 5, 1000, 3;
1, 256, 0, 0, 0, 0, 5, 999, 2;
1, 256, 0, 0, 0, 0, 4, 999, 2;
1, 256, 0, 0, 0, 0, 5, 1000, 3;
1, 256, 0, -1, -1, -1, 3, 998, 1;
1, 256, 0, 0, 0, 0, 4, 999, 2;
1, 256, 0, 0, 0, 0, 5, 1000, 3;
1, 256, 0, 0, 0, 0, 4, 999, 2;
1, 256, 0, 0, 0, 0, 4, 999, 2;
1, 256, 0, 0, 0, 0, 5, 1000, 3;
1, 256, 0, -1, -1, -1, 4, 999, 2;
1, 256, 0, -1, -1, -1, 3, 998, 1;
1, 256, 0, 0, 0, 0, 5, 1000, 3;
1, 256, 1, 1, 1, 1, 6, 1001, 4;
1, 256, 0, -1, -1, -1, 4, 999, 2;
1, 256, 0, 0, 0, 0, 5, 1000, 3;
1, 256, 0, 1, 1, 1, 5, 1000, 3;
1, 256, 0, -1, -1, -1, 4, 999, 2;
1, 256, 1, 1, 1, 1, 5, 1000, 3;
1, 256, 0, 0, 0, 0, 4, 999, 2;
1, 256, 0, 1, 1, 1, 5, 1000, 3;
1, 256, 0, 0, 0, 0, 4, 999, 2;
1, 256, 0, 0, 0, 0, 5, 1000, 3;
1, 256, 1, 1, 1, 1, 5, 1000, 3;
1, 256, 0, 1, 1, 1, 5, 1000, 3;
1, 256, 0, 0, 0, 0, 5, 999, 3;
1, 256, 0, -1, -1, -1, 4, 999, 2;
1, 256, 0, 0, 0, 0, 5, 1000, 3;
1, 256, 0, 0, 0, 0, 5, 1000, 3;
1, 256, 0, 0, 0, 0, 5, 1000, 3;
1, 256, 0, 0, 0, 0, 4, 999, 2;
1, 256, 0, -1, -1, -1, 4, 999, 2;
1, 256, 0, 1, 1, 1, 5, 1000, 3;
1, 256, 0, 0, 0, 0, 5, 1000, 3;
1, 256, 0, 0, 0, 0, 4, 999, 2;
1, 256, 0, 0, 0, 0, 5, 1000, 3;
1, 256, 0, -1, -1, -1, 4, 999, 2;
1, 256, 0, 0, 0, 0, 5, 1000, 3;
1, 256, 0, -1, -1, -1, 4, 999, 2;
1, 256, 0, 0, 0, 0, 5, 1000, 3;
1, 256, 0, 0, 0, 0, 5, 1000, 3;
1, 256, 0, 0, 0, 0, 5, 1000, 3;
1, 256, 0, 0, 0, 0, 5, 1000, 3;
1, 256, 1, 1, 1, 1, 6, 1001, 4;
1, 256, 0, 0, 0, 0, 4, 999, 2;
1, 256, 0, 0, 0, 0, 5, 1000, 3;
1, 256, 0, 0, 0, 0, 4, 999, 2;
1, 256, 0, -1, -1, -1, 4, 999, 2;
1, 256, 0, -1, -1, -1, 3, 998, 1;
1, 256, 0, -1, -1, -1, 4, 999, 2;
1, 256, 0, -1, -1, -1, 4, 998, 1;
1, 256, 0, -1, -1, -1, 4, 999, 2;
1, 256, 0, 0, 0, 0, 4, 999, 2;
1, 256, 0, 0, 0, 0, 5, 999, 3;
1, 256, 1, 1, 1, 1, 6, 1000, 3;
1, 256, 0, 0, 0, 0, 4, 999, 2;
1, 256, 0, 1, 1, 1, 5, 1000, 3;
1, 256, 0, -1, -1, -1, 4, 999, 2;
1, 256, 0, 1, 1, 1, 5, 1000, 3;
1, 256, 1, 1, 1, 1, 6, 1001, 4;
1, 256, 0, -1, -1, -1, 4, 999, 2;
1, 256, 0, -1, -1, -1, 4, 999, 2;
1, 256, 0, 0, 0, 0, 5, 999, 3;
1, 256, 0, -1, -1, -1, 4, 999, 2;
1, 256, 0, 0, 0, 0, 5, 1000, 3;
1, 256, 0, 0, 0, 0, 5, 999, 2;
1, 256, 0, 0, 0, 0, 5, 1000, 3;
1, 256, 0, 0, 0, 0, 5, 1000, 3;
1, 256, 0, 0, 0, 0, 5, 1000, 3;
1, 256, 1, 1, 1, 1, 6, 1001, 4;
1, 256, 0, 0, 0, 0, 4, 999, 2;
1, 256, 0, -1, -1, -1, 4, 999, 2;
1, 256, 0, -1, -1, -1, 4, 999, 2;
1, 256, 0, -1, -1, -1, 4, 999, 2;
1, 256, 1, 1, 1, 1, 6, 1001, 4;
1, 256, 0, 0, 0, 0, 4, 999, 2;
1, 256, 0, -1, -1, -1, 4, 999, 2;
1, 256, 0, 0, 0, 0, 5, 1000, 3;
1, 256, 0, 0, 0, 0, 5, 1000, 3;
1, 256, 0, -1, -1, -1, 4, 999, 2;
1, 256, 1, 1, 1, 1, 6, 1001, 4;
1, 256, 0, 0, 0, 0, 5, 1000, 3;
1, 256, 0, 0, 0, 0, 5, 1000, 3;
1, 256, 0, -1, -1, -1, 4, 999, 2;
1, 256, 1, 1, 1, 1, 6, 1001, 4;
1, 256, 0, 0, 0, 0, 4, 999, 2;
1, 256, 0, 0, 0, 0, 4, 999, 2;
1, 256, 1, 1, 1, 1, 6, 1001, 4;
1, 256, 0, 0, 0, 0, 4, 999, 2;
1, 256, 0, 0, 0, 0, 5, 1000, 3;
1, 256, 0, 1, 1, 1, 5, 1000, 3;
1, 256, 0, 0, 0, 0, 4, 999, 2;
1, 256, 0, 0, 0, 0, 4, 999, 2;
1, 256, 0, 0, 0, 0, 5, 999, 2;
1, 256, 0, 0, 0, 0, 4, 999, 2;
1, 256, 0, 0, 0, 0, 5, 1000, 3;
1, 256, 0, 0, 0, 0, 4, 999, 2;
1, 256, 0, 0, 0, 0, 5, 1000, 3;
1, 256, 0, -1, -1, -1, 4, 998, 1;
1, 256, 0, -1, -1, -1, 4, 999, 2;
1, 256, 0, 0, 0, 0, 5, 1000, 3;
1, 256, 0, 0, 0, 0, 5, 1000, 3;
1, 256, 0, 0, 0, 0, 5, 1000, 3;
1, 256, 0, 0, 0, 0, 4, 999, 2;
1, 256, 0, 0, 0, 0, 5, 1000, 3;
1, 256, 0, 1, 1, 1, 5, 1000, 3;
1, 256, 0, -1, -1, -1, 4, 999, 2;
1, 256, 0, -1, -1, -1, 4, 999, 2;
1, 256, 1, 1, 1, 1, 6, 1000, 3;
1, 256, 0, 0, 0, 0, 5, 1000, 3;
1, 256, 0, 1, 1, 1, 5, 1000, 3;
1, 256, 0, 0, 0, 0, 4, 999, 2;
1, 256, 0, 0, 0, 0, 5, 1000, 3;
1, 256, 1, 1, 1, 1, 6, 1000, 3;
1, 256, 0, -1, -1, -1, 4, 999, 2;
0, 256, 0, -1, -1, -1, 3, 998, 1;
1, 256, 0, 0, 0, 0, 5, 1000, 3;
1, 256, 1, 1, 1, 1, 6, 1001, 4;
1, 256, 0, 0, 0, 0, 4, 999, 2;
1, 256, 0, -1, -1, -1, 4, 998, 2;
1, 256, 0, -1, -1, -1, 4, 999, 2;
1, 256, 0, 0, 0, 0, 4, 999, 2;
1, 256, 0, 0, 0, 0, 4, 999, 2;
1, 256, 1, 1, 1, 1, 6, 1000, 3;
1, 256, 0, 0, 0, 0, 4, 999, 2;
1, 256, 0, 0, 0, 0, 4, 999, 2;
1, 256, 0, 0, 0, 0, 5, 1000, 3;
1, 256, 0, -1, -1, -1, 4, 998, 2;
1, 256, 0, 1, 1, 1, 5, 1000, 3;
1, 256, 0, 0, 0, 0, 4, 999, 2;
1, 256, 0, 0, 0, 0, 4, 999, 2;
1, 256, 0, -1, -1, -1, 3, 998, 1;
1, 256, 0, 1, 1, 1, 5, 1000, 3;
1, 256, 0, 0, 0, 0, 4, 999, 2;
1, 256, 0, -1, -1, -1, 3, 998, 1;
1, 256, 0, 0, 0, 0, 5, 1000, 3;
1, 256, 0, 0, 0, 0, 5, 1000, 3;
1, 256, 0, -1, -1, -1, 4, 998, 1;
1, 256, 1, 1, 1, 1, 5, 1000, 3;
1, 256, 0, 0, 0, 0, 4, 999, 2;
1, 256, 0, 0, 0, 0, 5, 1000, 3;
1, 256, 0, 1, 1, 1, 5, 1000, 3;
1, 256, 0, 0, 0, 0, 5, 1000, 3;
1, 256, 0, 0, 0, 0, 5, 1000, 3;
1, 256, 0, 0, 0, 0, 5, 1000, 3;
1, 256, 1, 1, 1, 1, 6, 1001, 4;
1, 256, 0, 0, 0, 0, 4, 999, 2;
1, 256, 1, 1, 1, 1, 6, 1001, 4;
1, 256, 0, 0, 0, 0, 4, 999, 2;
1, 256, 0, 0, 0, 0, 4, 999, 2;
1, 256, 0, 0, 0, 0, 5, 1000, 3;
1, 256, 0, 1, 1, 1, 5, 1000, 3;
1, 256, 0, -1, -1, -1, 4, 999, 2;
0, 256, 0, -1, -1, -1, 3, 998, 1;
1, 256, 0, -1, -1, -1, 4, 999, 2;
1, 256, 0, 0, 0, 0, 4, 999, 2;
1, 256, 0, 0, 0, 0, 5, 1000, 3;
1, 256, 1, 1, 1, 1, 6, 1001, 4;
1, 256, 1, 1, 1, 1, 6, 1001, 4;
1, 256, 1, 1, 1, 1, 6, 1001, 4;
1, 256, 0, 0, 0, 0, 5, 1000, 3;
1, 256, 0, -1, -1, -1, 4, 999, 2;
1, 256, 0, 0, 0, 0, 5, 1000, 3;
1, 256, 0, -1, -1, -1, 4, 998, 1;
1, 256, 0, -1, -1, -1, 4, 999, 2;
1, 256, 0, -1, -1, -1, 4, 999, 2;
1, 256, 1, 1, 1, 1, 6, 1001, 4;
1, 256, 0, -1, -1, -1, 4, 999, 2;
1, 256, 0, 0, 0, 0, 5, 1000, 3;
1, 256, 0, 0, 0, 0, 5, 1000, 3;
1, 256, 0, -1, -1, -1, 4, 999, 2;
1, 256, 0, 0, 0, 0, 4, 999, 2;
1, 256, 0, 1, 1, 1, 5, 1000, 3;
1, 256, 0, 0, 0, 0, 4, 999, 2;
1, 256, 0, 0, 0, 0, 4, 999, 2;
1, 256, 0, 1, 1, 1, 5, 1000, 3;
1, 256, 0, 0, 0, 0, 5, 1000, 3;
1, 256, 0, 0, 0, 0, 5, 1000, 3;
1, 256, 0, 0, 0, 0, 5, 1000, 3;
1, 256, 0, 0, 0, 0, 4, 999, 2;
1, 256, 0, 0, 0, 0, 5, 999, 2;
1, 256, 0, -1, -1, -1, 4, 999, 2;
1, 256, 0, 0, 0, 0, 4, 999, 2;
1, 256, 1, 1, 1, 1, 6, 1001, 4;
1, 256, 0, 0, 0, 0, 4, 999, 2;
1, 256, 0, 0, 0, 0, 4, 999, 2;
1, 256, 0, 0, 0, 0, 4, 999, 2;
1, 256, 0, -1, -1, -1, 4, 999, 2;
1, 256, 0, 0, 0, 0, 5, 1000, 3;
1, 256, 0, 1, 1, 1, 5, 1000, 3;
1, 256, 0, -1, -1, -1, 4, 999, 2;
1, 256, 0, 0, 0, 0, 4, 999, 2;
1, 256, 0, 0, 0, 0, 5, 1000, 3;
0, 256, 0, -1, -1, -1, 3, 998, 1;
1, 256, 0, 0, 0, 0, 4, 999, 2;
1, 256, 0, -1, -1, -1, 4, 999, 2;
1, 256, 1, 1, 1, 1, 6, 1001, 4;
1, 256, 0, -1, -1, -1, 3, 998, 1;
1, 256, 0, 0, 0, 0, 5, 1000, 3;
1, 256, 0, 1, 1, 1, 5, 1000, 3;
1, 256, 0, -1, -1, -1, 4, 999, 2;
1, 256, 0, 0, 0, 0, 5, 1000, 3;
1, 256, 0, 0, 0, 0, 4, 999, 2;
1, 256, 0, -1, -1, -1, 3, 998, 1;
1, 256, 0, 0, 0, 0, 4, 999, 2;
1, 256, 0, -1, -1, -1, 4, 999, 2;
1, 256, 0, 0, 0, 0, 4, 999, 2;
1, 256, 0, -1, -1, -1, 4, 999, 2;
1, 256, 0, 0, 0, 0, 4, 999, 2;
1, 256, 0, 0, 0, 0, 4, 999, 2;
1, 256, 0, 1, 1, 1, 5, 1000, 3;
1, 256, 1, 1, 1, 1, 6, 1001, 4;
1, 256, 0, 0, 0, 0, 5, 1000, 3;
1, 256, 0, 1, 1, 1, 5, 1000, 3;
1, 256, 0, -1, -1, -1, 3, 998, 1;
1, 256, 0, -1, -1, -1, 4, 999, 2;
1, 256, 0, -1, -1, -1, 4, 999, 2;
1, 256, 1, 1, 1, 1, 6, 1001, 4;
1, 256, 0, 0, 0, 0, 5, 1000, 3;
1, 256, 0, 0, 0, 0, 5, 1000, 3;
1, 256, 0, 0, 0, 0, 5, 1000, 3;
1, 256, 0, 1, 1, 1, 5, 1000, 3;
1, 256, 0, 1, 1, 1, 5, 1000, 3;
1, 256, 1, 1, 1, 1, 6, 1001, 4;
1, 256, 0, 0, 0, 0, 4, 999, 2;
1, 256, 0, 0, 0, 0, 4, 999, 2;
1, 256, 0, 0, 0, 0, 4, 999, 2;
1, 256, 0, 0, 0, 0, 5, 1000, 3;
1, 256, 1, 1, 1, 1, 6, 1000, 3;
1, 256, 0, 0, 0, 0, 5, 1000, 3;
1, 256, 0, 0, 0, 0, 5, 1000, 3;
1, 256, 0, -1, -1, -1, 4, 999, 2;
1, 256, 0, -1, -1, -1, 4, 998, 2;
1, 256, 1, 1, 1, 1, 6, 1000, 4;
1, 256, 1, 1, 1, 1, 6, 1001, 4;
1, 256, 0, 0, 0, 0, 5, 1000, 3;
1, 256, 0, -1, -1, -1, 4, 999, 2;
1, 256, 0, 0, 0, 0, 4, 999, 2;
1, 256, 1, 1, 1, 1, 5, 1000, 3;
1, 256, 0, 0, 0, 0, 5, 1000, 3;
1, 256, 0, 1, 1, 1, 5, 1000, 3;
1, 256, 0, -1, -1, -1, 3, 998, 1;
1, 256, 0, 0, 0, 0, 4, 999, 2;
1, 256, 0, 0, 0, 0, 5, 1000, 3;
1, 256, 0, 0, 0, 0, 4, 999, 2;
1, 256, 0, 0, 0, 0, 4, 999, 2;
1, 256, 0, -1, -1, -1, 3, 998, 1;
1, 256, 0, -1, -1, -1, 4, 999, 2;
1, 256, 0, 0, 0, 0, 4, 999, 2;
1, 256, 0, 0, 0, 0, 5, 1000, 3;
1, 256, 0, 0, 0, 0, 5, 999, 3;
1, 256, 0, -1, -1, -1, 3, 998, 1;
1, 256, 1, 1, 1, 1, 6, 1001, 4;
1, 256, 0, -1, -1, -1, 4, 999, 2;
1, 256, 0, 0, 0, 0, 5, 1000, 3;
1, 256, 0, -1, -1, -1, 4, 999, 2;
1, 256, 0, 0, 0, 0, 5, 1000, 3;
1, 256, 0, 0, 0, 0, 4, 999, 2;
0, 256, 0, -1, -1, -1, 3, 998, 1;
1, 256, 0, 1, 1, 1, 5, 1000, 3;
1, 256, 1, 1, 1, 1, 6, 1001, 4;
1, 256, 0, 0, 0, 0, 5, 1000, 3;
1, 256, 0, 0, 0, 0, 4, 999, 2;
1, 256, 0, -1, -1, -1, 4, 998, 2;
1, 256, 0, 0, 0, 0, 5, 1000, 3;
1, 256, 0, 0, 0, 0, 5, 1000, 3;
1, 256, 0, -1, -1, -1, 4, 998, 1;
1, 256, 0, 0, 0, 0, 5, 1000, 3;
1, 256, 0, 0, 0, 0, 4, 999, 2;
1, 256, 0, 0, 0, 0, 5, 1000, 3;
1, 256, 0, 0, 0, 0, 4, 999, 2;
1, 256, 0, 0, 0, 0, 4, 999, 2;
1, 256, 0, 0, 0, 0, 4, 999, 2;
1, 256, 0, 0, 0, 0, 4, 999, 2;
1, 256, 0, 0, 0, 0, 5, 1000, 3;
1, 256, 0, 0, 0, 0, 4, 999, 2;
1, 256, 0, 0, 0, 0, 5, 1000, 3;
1, 256, 0, -1, -1, -1, 4, 999, 2;
1, 256, 0, -1, -1, -1, 4, 999, 2;
1, 256, 0, -1, -1, -1, 4, 999, 2;
1, 256, 0, 0, 0, 0, 5, 1000, 3;
1, 256, 0, 0, 0, 0, 4, 999, 2;
1, 256, 0, 0, 0, 0, 5, 1000, 3;
1, 256, 0, -1, -1, -1, 4, 999, 2;
1, 256, 0, 1, 1, 1, 5, 1000, 3;
1, 256, 0, 0, 0, 0, 4, 999, 2;
1, 256, 0, 0, 0, 0, 5, 1000, 3;
1, 256, 0, -1, -1, -1, 3, 998, 1;
1, 256, 0, -1, -1, -1, 4, 999, 2;
1, 256, 1, 1, 1, 1, 6, 1001, 4;
1, 256, 0, 0, 0, 0, 5, 1000, 3;
1, 256, 0, -1, -1, -1, 4, 998, 2;
1, 256, 0, -1, -1, -1, 4, 999, 2;
1, 256, 0, 1, 1, 1, 5, 1000, 3;
0, 256, 0, -1, -1, -1, 3, 998, 1;
1, 256, 0, 0, 0, 0, 5, 1000, 3;
1, 256, 1, 1, 1, 1, 6, 1001, 4;
1, 256, 0, 1, 1, 1, 5, 1000, 3;
1, 256, 0, 0, 0, 0, 4, 999, 2;
1, 256, 1, 1, 1, 1, 6, 1001, 4;
1, 256, 0, 1, 1, 1, 5, 1000, 3;
0, 256, 0, -1, -1, -1, 3, 998, 1;
1, 256, 0, 1, 1, 1, 5, 1000, 3;
1, 256, 0, -1, -1, -1, 4, 999, 2;
1, 256, 1, 1, 1, 1, 6, 1000, 4;
1, 256, 0, 0, 0, 0, 4, 999, 2;
1, 256, 0, -1, -1, -1, 4, 999, 2;
1, 256, 1, 1, 1, 1, 6, 1001, 4;
1, 256, 0, 0, 0, 0, 4, 999, 2;
1, 256, 0, -1, -1, -1, 3, 998, 1;
1, 256, 0, 0, 0, 0, 4, 999, 2;
1, 256, 0, 0, 0, 0, 4, 999, 2;
1, 256, 0, -1, -1, -1, 4, 999, 2;
1, 256, 1, 1, 1, 1, 6, 1000, 3;
1, 256, 0, -1, -1, -1, 4, 999, 2;
1, 256, 0, 0, 0, 0, 5, 1000, 3;
1, 256, 0, 0, 0, 0, 5, 1000, 3;
1, 256, 0, 0, 0, 0, 5, 1000, 3;
1, 256, 0, 0, 0, 0, 4, 999, 2;
1, 256, 1, 1, 1, 1, 6, 1001, 4;
1, 256, 0, -1, -1, -1, 4, 999, 2;
1, 256, 0, 0, 0, 0, 4, 999, 2;
1, 256, 0, -1, -1, -1, 4, 999, 2;
1, 256, 0, 0, 0, 0, 5, 1000, 3;
1, 256, 0, 0, 0, 0, 5, 1000, 3;
1, 256, 0, -1, -1, -1, 4, 999, 2;
1, 256, 0, 1, 1, 1, 5, 1000, 3;
1, 256, 0, 0, 0, 0, 4, 999, 2;
1, 256, 0, 0, 0, 0, 5, 1000, 3;
1, 256, 0, 1, 1, 1, 5, 1000, 3;
1, 256, 1, 1, 1, 1, 6, 1000, 4;
1, 256, 0, 0, 0, 0, 5, 1000, 3;
1, 256, 0, -1, -1, -1, 4, 998, 2;
1, 256, 0, -1, -1, -1, 4, 998, 2;
1, 256, 0, 0, 0, 0, 5, 1000, 3;
1, 256, 0, 0, 0, 0, 4, 999, 2;
1, 256, 0, 0, 0, 0, 5, 1000, 3;
1, 256, 0, -1, -1, -1, 4, 999, 2;
1, 256, 0, -1, -1, -1, 4, 999, 2;
1, 256, 1, 1, 1, 1, 6, 1001, 4;
1, 256, 0, 0, 0, 0, 5, 1000, 3;
1, 256, 0, 0, 0, 0, 5, 1000, 3;
1, 256, 0, -1, -1, -1, 4, 998, 1;
1, 256, 0, 0, 0, 0, 4, 999, 2;
1, 256, 0, 1, 1, 1, 5, 1000, 3;
1, 256, 0, 1, 1, 1, 5, 1000, 3;
1, 256, 1, 1, 1, 1, 6, 1000, 4;
1, 256, 0, -1, -1, -1, 4, 999, 2;
1, 256, 0, -1, -1, -1, 4, 999, 2;
1, 256, 0, -1, -1, -1, 4, 999, 2;
1, 256, 0, 0, 0, 0, 4, 999, 2;
1, 256, 0, 0, 0, 0, 5, 1000, 3;
1, 256, 0, -1, -1, -1, 4, 999, 2;
1, 256, 0, 0, 0, 0, 4, 999, 2;
1, 256, 1, 1, 1, 1, 5, 1000, 3;
1, 256, 0, 0, 0, 0, 4, 999, 2;
1, 256, 0, -1, -1, -1, 4, 999, 2;
1, 256, 0, -1, -1, -1, 4, 999, 2;
1, 256, 0, 0, 0, 0, 5, 1000, 3;
1, 256, 0, 0, 0, 0, 5, 1000, 3;
1, 256, 0, 1, 1, 1, 5, 1000, 3;
1, 256, 0, 0, 0, 0, 4, 999, 2;
1, 256, 0, -1, -1, -1, 4, 999, 2;
1, 256, 1, 1, 1, 1, 5, 1000, 3;
1, 256, 0, 0, 0, 0, 4, 999, 2;
1, 256, 0, 0, 0, 0, 5, 1000, 3;
1, 256, 0, 0, 0, 0, 5, 1000, 3;
1, 256, 0, 0, 0, 0, 4, 999, 2;
1, 256, 0, 0, 0, 0, 4, 999, 2;
1, 256, 0, 0, 0, 0, 4, 999, 2;
1, 256, 0, 0, 0, 0, 5, 1000, 3;
1, 256, 1, 1, 1, 1, 5, 1000, 3;
1, 256, 0, 0, 0, 0, 5, 1000, 3;
1, 256, 0, -1, -1, -1, 4, 999, 2;
1, 256, 0, -1, -1, -1, 3, 998, 1;
1, 256, 0, 0, 0, 0, 5, 1000, 3;
1, 256, 0, 0, 0, 0, 4, 999, 2;
1, 256, 0, 0, 0, 0, 5, 1000, 3;
1, 256, 0, 0, 0, 0, 4, 999, 2;
1, 256, 1, 1, 1, 1, 6, 1001, 4;
1, 256, 0, 0, 0, 0, 4, 999, 2;
1, 256, 0, -1, -1, -1, 4, 998, 1;
1, 256, 0, -1, -1, -1, 4, 999, 2;
1, 256, 0, 0, 0, 0, 4, 999, 2;
1, 256, 0, -1, -1, -1, 4, 999, 2;
1, 256, 1, 1, 1, 1, 6, 1001, 4;
1, 256, 0, 0, 0, 0, 5, 999, 3;
1, 256, 0, -1, -1, -1, 4, 999, 2;
1, 256, 0, 1, 1, 1, 5, 1000, 3;
1, 256, 1, 1, 1, 1, 6, 1001, 4;
1, 256, 1, 1, 1, 1, 5, 1000, 3;
1, 256, 0, 0, 0, 0, 4, 999, 2;
1, 256, 0, 1, 1, 1, 5, 1000, 3;
1, 256, 0, 0, 0, 0, 5, 999, 3;
1, 256, 0, 1, 1, 1, 5, 1000, 3;
1, 256, 0, 0, 0, 0, 5, 1000, 3;
1, 256, 0, 0, 0, 0, 4, 999, 2;
1, 256, 0, 0, 0, 0, 5, 1000, 3;
1, 256, 1, 1, 1, 1, 6, 1000, 3;
1, 256, 0, 1, 1, 1, 5, 1000, 3;
1, 256, 0, 0, 0, 0, 5, 1000, 3;
1, 256, 0, 0, 0, 0, 5, 999, 3;
1, 256, 0, 0, 0, 0, 5, 1000, 3;
1, 256, 0, -1, -1, -1, 4, 999, 2;
1, 256, 1, 1, 1, 1, 6, 1001, 4;
1, 256, 0, 0, 0, 0, 5, 1000, 3;
1, 256, 1, 1, 1, 1, 6, 1001, 4;
1, 256, 0, 0, 0, 0, 4, 999, 2;
1, 256, 0, -1, -1, -1, 4, 999, 2;
1, 256, 0, -1, -1, -1, 4, 999, 2;
1, 256, 1, 1, 1, 1, 6, 1001, 4;
1, 256, 0, 0, 0, 0, 4, 999, 2;
1, 256, 1, 1, 1, 1, 6, 1001, 4;
1, 256, 1, 1, 1, 1, 6, 1001, 4;
1, 256, 0, -1, -1, -1, 4, 999, 2;
1, 256, 0, 0, 0, 0, 5, 1000, 3;
1, 256, 0, 1, 1, 1, 5, 1000, 3;
1, 256, 0, -1, -1, -1, 4, 999, 2;
1, 256, 0, 0, 0, 0, 5, 1000, 3;
1, 256, 0, 0, 0, 0, 5, 1000, 3;
1, 256, 0, -1, -1, -1, 4, 998, 1;
1, 256, 0, 0, 0, 0, 5, 1000, 3;
1, 256, 0, 0, 0, 0, 4, 999, 2;
1, 256, 0, 0, 0, 0, 4, 999, 2;
1, 256, 0, 0, 0, 0, 4, 999, 2;
1, 256, 0, 1, 1, 1, 5, 1000, 3;
1, 256, 0, 0, 0, 0, 5, 999, 3;
1, 256, 0, -1, -1, -1, 4, 998, 2;
1, 256, 0, 0, 0, 0, 5, 1000, 3;
1, 256, 0, 0, 0, 0, 5, 1000, 3;
1, 256, 0, 0, 0, 0, 5, 1000, 3;
1, 256, 1, 1, 1, 1, 5, 1000, 3;
1, 256, 0, 0, 0, 0, 4, 999, 2;
1, 256, 0, 0, 0, 0, 5, 1000, 3;
1, 256, 0, -1, -1, -1, 4, 999, 2;
1, 256, 0, 0, 0, 0, 5, 1000, 3;
1, 256, 0, 0, 0, 0, 5, 1000, 3;
1, 256, 1, 1, 1, 1, 5, 1000, 3;
1, 256, 0, 0, 0, 0, 5, 1000, 3;
1, 256, 0, 0, 0, 0, 4, 999, 2;
1, 256, 0, 0, 0, 0, 4, 999, 2;
1, 256, 1, 1, 1, 1, 6, 1001, 4;
1, 256, 0, 0, 0, 0, 5, 1000, 3;
1, 256, 0, 0, 0, 0, 4, 999, 2;
1, 256, 0, 0, 0, 0, 4, 999, 2;
1, 256, 0, -1, -1, -1, 3, 998, 1;
1, 256, 0, 0, 0, 0, 5, 1000, 3;
1, 256, 0, 0, 0, 0, 5, 1000, 3;
1, 256, 0, 0, 0, 0, 4, 999, 2;
1, 256, 0, 0, 0, 0, 4, 999, 2;
1, 256, 0, 0, 0, 0, 5, 1000, 3;
1, 256, 0, 0, 0, 0, 5, 1000, 3;
1, 256, 0, -1, -1, -1, 4, 999, 2;
1, 256, 0, -1, -1, -1, 4, 999, 2;
1, 256, 0, 0, 0, 0, 4, 999, 2;
1, 256, 0, -1, -1, -1, 4, 999, 2;
1, 256, 0, 0, 0, 0, 4, 999, 2;
1, 256, 0, 0, 0, 0, 5, 1000, 3;
1, 256, 0, 0, 0, 0, 4, 999, 2;
1, 256, 1, 1, 1, 1, 5, 1000, 3;
1, 256, 1, 1, 1, 1, 5, 1000, 3;
1, 256, 0, 0, 0, 0, 4, 999, 2;
1, 256, 0, 0, 0, 0, 4, 999, 2;
1, 256, 0, 0, 0, 0, 5, 1000, 3;
1, 256, 0, -1, -1, -1, 4, 999, 2;
1, 256, 0, 0, 0, 0, 5, 1000, 3;
1, 256, 1, 1, 1, 1, 6, 1000, 4;
1, 256, 0, -1, -1, -1, 4, 999, 2;
1, 256, 0, 0, 0, 0, 4, 999, 2;
1, 256, 0, 0, 0, 0, 5, 999, 3;
1, 256, 1, 1, 1, 1, 6, 1001, 4;
1, 256, 0, 0, 0, 0, 5, 1000, 3;
1, 256, 0, 1, 1, 1, 5, 1000, 3;
1, 256, 0, -1, -1, -1, 4, 999, 2;
1, 256, 0, 0, 0, 0, 4, 999, 2;
1, 256, 0, 0, 0, 0, 5, 1000, 3;
1, 256, 0, 0, 0, 0, 4, 999, 2;
1, 256, 0, 0, 0, 0, 5, 1000, 3;
1, 256, 0, 0, 0, 0, 4, 999, 2;
1, 256, 0, -1, -1, -1, 4, 998, 1;
1, 256, 0, 1, 1, 1, 5, 1000, 3;
1, 256, 0, -1, -1, -1, 4, 999, 2;
1, 256, 1, 1, 1, 1, 6, 1001, 4;
1, 256, 0, 0, 0, 0, 4, 999, 2;
1, 256, 0, -1, -1, -1, 4, 999, 2;
0, 256, 0, -1, -1, -1, 3, 998, 1;
1, 256, 0, 0, 0, 0, 4, 999, 2;
1, 256, 0, 0, 0, 0, 5, 1000, 3;
0, 256, 0, -1, -1, -1, 3, 998, 1;
1, 256, 0, 0, 0, 0, 4, 999, 2;
1, 256, 0, 0, 0, 0, 4, 999, 2;
1, 256, 0, 0, 0, 0, 4, 999, 2;
1, 256, 0, 0, 0, 0, 5, 1000, 3;
1, 256, 0, 0, 0, 0, 4, 999, 2;
1, 256, 0, 0, 0, 0, 4, 999, 2;
1, 256, 0, 0, 0, 0, 5, 1000, 3;
1, 256, 0, -1, -1, -1, 3, 998, 1;
1, 256, 1, 1, 1, 1, 6, 1001, 4;
1, 256, 0, 0, 0, 0, 5, 1000, 3;
1, 256, 0, 0, 0, 0, 4, 999, 2;
1, 256, 0, 0, 0, 0, 5, 1000, 3;
1, 256, 1, 1, 1, 1, 6, 1001, 4;
1, 256, 0, 1, 1, 1, 5, 1000, 3;
1, 256, 0, 0, 0, 0, 4, 999, 2;
1, 256, 0, -1, -1, -1, 4, 999, 2;
1, 256, 0, 0, 0, 0, 4, 999, 2;
1, 256, 0, 1, 1, 1, 5, 1000, 3;
1, 256, 1, 1, 1, 1, 6, 1000, 4;
1, 256, 0, 0, 0, 0, 5, 999, 3;
1, 256, 1, 1, 1, 1, 6, 1000, 4;
1, 256, 0, 0, 0, 0, 5, 1000, 3;
1, 256, 1, 1, 1, 1, 6, 1000, 4;
1, 256, 0, 0, 0, 0, 4, 999, 2;
1, 256, 0, -1, -1, -1, 4, 999, 2;
1, 256, 0, 0, 0, 0, 5, 1000, 3;
1, 256, 1, 1, 1, 1, 6, 1001, 4;
1, 256, 0, 0, 0, 0, 5, 1000, 3;
1, 256, 0, 1, 1, 1, 5, 1000, 3;
1, 256, 0, 0, 0, 0, 4, 999, 2;
1, 256, 0, -1, -1, -1, 4, 999, 2;
1, 256, 1, 1, 1, 1, 6, 1001, 4;
1, 256, 0, 1, 1, 1, 5, 1000, 3;
1, 256, 1, 1, 1, 1, 6, 1001, 4;
1, 256, 0, 0, 0, 0, 4, 999, 2;
1, 256, 0, -1, -1, -1, 4, 999, 2;
1, 256, 0, -1, -1, -1, 4, 999, 2;
1, 256, 0, -1, -1, -1, 4, 999, 2;
1, 256, 0, 1, 1, 1, 5, 1000, 3;
1, 256, 0, 0, 0, 0, 5, 1000, 3;
1, 256, 0, 0, 0, 0, 5, 999, 2;
1, 256, 0, -1, -1, -1, 4, 998, 2;
1, 256, 1, 1, 1, 1, 6, 1001, 4;
1, 256, 0, 0, 0, 0, 4, 999, 2;
1, 256, 0, -1, -1, -1, 4, 999, 2;
1, 256, 1, 1, 1, 1, 6, 1001, 4;
1, 256, 0, 0, 0, 0, 4, 999, 2;
1, 256, 0, 1, 1, 1, 5, 1000, 3;
1, 256, 0, 1, 1, 1, 5, 1000, 3;
1, 256, 0, 1, 1, 1, 5, 1000, 3;
1, 256, 0, 0, 0, 0, 5, 1000, 3;
1, 256, 1, 1, 1, 1, 6, 1001, 4;
1, 256, 1, 1, 1, 1, 6, 1001, 4;
1, 256, 0, -1, -1, -1, 4, 999, 2;
1, 256, 1, 1, 1, 1, 6, 1001, 4;
1, 256, 0, 1, 1, 1, 5, 1000, 3;
1, 256, 0, 0, 0, 0, 5, 1000, 3;
1, 256, 0, 0, 0, 0, 5, 1000, 3;
1, 256, 0, 0, 0, 0, 4, 999, 2;
1, 256, 0, 1, 1, 1, 5, 1000, 3;
1, 256, 0, 0, 0, 0, 5, 1000, 3;
1, 256, 0, 0, 0, 0, 5, 1000, 3;
1, 256, 0, 0, 0, 0, 4, 999, 2;
1, 256, 1, 1, 1, 1, 6, 1001, 4;
1, 256, 0, 0, 0, 0, 5, 1000, 3;
1, 256, 0, 0, 0, 0, 5, 1000, 3;
1, 256, 0, 0, 0, 0, 5, 1000, 3;
1, 256, 1, 1, 1, 1, 6, 1001, 4;
1, 256, 1, 1, 1, 1, 6, 1001, 4;
1, 256, 0, 1, 1, 1, 5, 1000, 3;
1, 256, 0, 1, 1, 1, 5, 1000, 3;
1, 256, 0, 0, 0, 0, 5, 1000, 3;
1, 256, 0, 0, 0, 0, 4, 999, 2;
1, 256, 0, -1, -1, -1, 4, 999, 2;
1, 256, 0, 0, 0, 0, 5, 1000, 3;
1, 256, 0, 0, 0, 0, 4, 999, 2;
1, 256, 0, 0, 0, 0, 5, 1000, 3;
1, 256, 0, 0, 0, 0, 5, 1000, 3;
1, 256, 0, 0, 0, 0, 5, 1000, 3;
1, 256, 0, 0, 0, 0, 5, 1000, 3;
1, 256, 0, 0, 0, 0, 5, 1000, 3;
1, 256, 0, 0, 0, 0, 4, 999, 2;
1, 256, 1, 1, 1, 1, 6, 1001, 4;
1, 256, 0, 0, 0, 0, 5, 1000, 3;
1, 256, 0, 0, 0, 0, 5, 1000, 3;
1, 256, 0, -1, -1, -1, 4, 999, 2;
1, 256, 0, 0, 0, 0, 5, 1000, 3;
1, 256, 1, 1, 1, 1, 6, 1001, 4;
1, 256, 0, 0, 0, 0, 4, 999, 2;
1, 256, 0, 1, 1, 1, 5, 1000, 3;
1, 256, 0, 0, 0, 0, 5, 1000, 3;
1, 256, 0, 0, 0, 0, 5, 1000, 3;
1, 256, 0, 0, 0, 0, 5, 1000, 3;
1, 256, 0, -1, -1, -1, 3, 998, 1;
1, 256, 1, 1, 1, 1, 6, 1001, 4;
1, 256, 0, -1, -1, -1, 4, 999, 2;
1, 256, 0, -1, -1, -1, 4, 999, 2;
1, 256, 0, 0, 0, 0, 5, 999, 3;
1, 256, 0, -1, -1, -1, 4, 998, 1;
1, 256, 0, 0, 0, 0, 5, 1000, 3;
1, 256, 0, -1, -1, -1, 4, 998, 1;
1, 256, 1, 1, 1, 1, 5, 1000, 3;
1, 256, 1, 1, 1, 1, 5, 1000, 3;
1, 256, 0, -1, -1, -1, 4, 999, 2;
1, 256, 0, 1, 1, 1, 5, 1000, 3;
1, 256, 0, 1, 1, 1, 5, 1000, 3;
1, 256, 0, 0, 0, 0, 4, 999, 2;
1, 256, 1, 1, 1, 1, 6, 1001, 4;
1, 256, 0, 1, 1, 1, 5, 1000, 3;
1, 256, 0, 0, 0, 0, 4, 999, 2;
1, 256, 0, 0, 0, 0, 5, 1000, 3;
1, 256, 0, 0, 0, 0, 4, 999, 2;
1, 256, 1, 1, 1, 1, 5, 1000, 3;
1, 256, 0, 0, 0, 0, 4, 999, 2;
1, 256, 0, 0, 0, 0, 4, 999, 2;
1, 256, 0, 0, 0, 0, 4, 999, 2;
1, 256, 1, 1, 1, 1, 6, 1001, 4;
1, 256, 0, 0, 0, 0, 4, 999, 2;
1, 256, 0, 0, 0, 0, 4, 999, 2;
1, 256, 0, 0, 0, 0, 4, 999, 2;
1, 256, 0, -1, -1, -1, 4, 999, 2;
1, 256, 0, -1, -1, -1, 4, 998, 2;
1, 256, 0, 0, 0, 0, 4, 999, 2;
1, 256, 0, 0, 0, 0, 5, 1000, 3;
1, 256, 1, 1, 1, 1, 6, 1001, 4;
1, 256, 0, 0, 0, 0, 4, 999, 2;
1, 256, 1, 1, 1, 1, 6, 1001, 4;
1, 256, 0, 0, 0, 0, 5, 1000, 3;
1, 256, 1, 1, 1, 1, 6, 1001, 4;
1, 256, 0, 1, 1, 1, 5, 1000, 3;
1, 256, 1, 1, 1, 1, 6, 1001, 4;
1, 256, 0, 1, 1, 1, 5, 1000, 3;
1, 256, 0, -1, -1, -1, 4, 998, 2;
1, 256, 0, -1, -1, -1, 4, 999, 2;
1, 256, 0, 0, 0, 0, 5, 1000, 3;
1, 256, 0, -1, -1, -1, 4, 999, 2;
1, 256, 0, 0, 0, 0, 5, 1000, 3;
1, 256, 0, 0, 0, 0, 4, 999, 2;
1, 256, 1, 1, 1, 1, 5, 1000, 3;
1, 256, 0, 0, 0, 0, 5, 1000, 3;
1, 256, 0, 0, 0, 0, 5, 1000, 3;
1, 256, 0, -1, -1, -1, 3, 998, 1;
1, 256, 0, 0, 0, 0, 4, 999, 2;
1, 256, 0, 0, 0, 0, 5, 1000, 3;
1, 256, 0, 0, 0, 0, 4, 999, 2;
1, 256, 0, 0, 0, 0, 5, 999, 2;
1, 256, 1, 1, 1, 1, 5, 1000, 3;
1, 256, 0, -1, -1, -1, 4, 998, 2;
1, 256, 0, 0, 0, 0, 4, 999, 2;
1, 256, 1, 1, 1, 1, 6, 1001, 4;
1, 256, 0, 0, 0, 0, 4, 999, 2;
1, 256, 0, 0, 0, 0, 4, 999, 2;
1, 256, 0, -1, -1, -1, 4, 999, 2;
1, 256, 0, 0, 0, 0, 4, 999, 2;
1, 256, 0, 0, 0, 0, 4, 999, 2;
1, 256, 0, 1, 1, 1, 5, 1000, 3;
1, 256, 0, 0, 0, 0, 5, 1000, 3;
1, 256, 0, 0, 0, 0, 5, 1000, 3;
1, 256, 0, 0, 0, 0, 4, 999, 2;
1, 256, 0, 0, 0, 0, 5, 999, 3;
1, 256, 0, 0, 0, 0, 4, 999, 2;
1, 256, 0, 0, 0, 0, 4, 999, 2;
1, 256, 0, 0, 0, 0, 5, 1000, 3;
1, 256, 0, -1, -1, -1, 4, 999, 2;
1, 256, 0, 0, 0, 0, 4, 999, 2;
1, 256, 0, 0, 0, 0, 5, 1000, 3;
1, 256, 0, 0, 0, 0, 4, 999, 2;
1, 256, 0, 1, 1, 1, 5, 1000, 3;
1, 256, 0, 0, 0, 0, 5, 1000, 3;
1, 256, 0, -1, -1, -1, 4, 999, 2;
1, 256, 1, 1, 1, 1, 6, 1000, 4;
1, 256, 1, 1, 1, 1, 6, 1001, 4;
1, 256, 0, 0, 0, 0, 4, 999, 2;
1, 256, 0, 0, 0, 0, 5, 1000, 3;
1, 256, 0, 0, 0, 0, 5, 1000, 3;
1, 256, 0, 0, 0, 0, 5, 1000, 3;
1, 256, 0, 1, 1, 1, 5, 1000, 3;
1, 256, 0, -1, -1, -1, 4, 999, 2;
1, 256, 0, 0, 0, 0, 4, 999, 2;
1, 256, 0, 0, 0, 0, 5, 1000, 3;
0, 256, 0, -1, -1, -1, 3, 998, 1;
1, 256, 0, -1, -1, -1, 4, 999, 2;
1, 256, 1, 1, 1, 1, 6, 1000, 4;
1, 256, 0, -1, -1, -1, 4, 999, 2;
1, 256, 0, 0, 0, 0, 4, 999, 2;
1, 256, 0, 0, 0, 0, 4, 999, 2;
1, 256, 0, 0, 0, 0, 4, 999, 2;
1, 256, 0, -1, -1, -1, 4, 999, 2;
1, 256, 0, 0, 0, 0, 4, 999, 2;
1, 256, 0, 0, 0, 0, 5, 999, 2;
1, 256, 1, 1, 1, 1, 6, 1001, 4;
1, 256, 0, 0, 0, 0, 5, 1000, 3;
1, 256, 0, -1, -1, -1, 4, 999, 2;
1, 256, 0, 0, 0, 0, 5, 1000, 3;
1, 256, 0, 1, 1, 1, 5, 1000, 3;
1, 256, 0, -1, -1, -1, 3, 998, 1;
1, 256, 0, 0, 0, 0, 5, 1000, 3;
1, 256, 1, 1, 1, 1, 5, 1000, 3;
1, 256, 0, 0, 0, 0, 5, 1000, 3;
1, 256, 0, -1, -1, -1, 4, 999, 2;
1, 256, 0, 0, 0, 0, 4, 999, 2;
1, 256, 0, 0, 0, 0, 5, 1000, 3;
1, 256, 0, 0, 0, 0, 4, 999, 2;
1, 256, 0, -1, -1, -1, 3, 998, 1;
1, 256, 0, -1, -1, -1, 3, 998, 1;
1, 256, 0, 0, 0, 0, 4, 999, 2;
1, 256, 0, 0, 0, 0, 5, 1000, 3;
1, 256, 0, 0, 0, 0, 4, 999, 2;
1, 256, 0, 0, 0, 0, 4, 999, 2;
1, 256, 0, -1, -1, -1, 4, 998, 1;
1, 256, 0, 0, 0, 0, 4, 999, 2;
1, 256, 0, 0, 0, 0, 4, 999, 2;
1, 256, 1, 1, 1, 1, 6, 1001, 4;
1, 256, 0, 0, 0, 0, 5, 1000, 3;
1, 256, 0, 0, 0, 0, 4, 999, 2;
1, 256, 0, 0, 0, 0, 4, 999, 2;
1, 256, 0, 0, 0, 0, 5, 1000, 3;
1, 256, 0, 0, 0, 0, 5, 1000, 3;
1, 256, 0, -1, -1, -1, 4, 999, 2;
1, 256, 0, 0, 0, 0, 5, 1000, 3;
1, 256, 0, 0, 0, 0, 5, 1000, 3;
1, 256, 0, 1, 1, 1, 5, 1000, 3;
1, 256, 0, 0, 0, 0, 4, 999, 2;
1, 256, 0, 0, 0, 0, 4, 999, 2;
1, 256, 0, -1, -1, -1, 4, 998, 2;
1, 256, 0, 0, 0, 0, 5, 1000, 3;
1, 256, 0, 0, 0, 0, 4, 999, 2;
1, 256, 1, 1, 1, 1, 6, 1001, 4;
1, 256, 0, 0, 0, 0, 5, 1000, 3;
1, 256, 1, 1, 1, 1, 6, 1001, 4;
1, 256, 0, 0, 0, 0, 4, 999, 2;
1, 256, 1, 1, 1, 1, 6, 1001, 4;
1, 256, 0, 1, 1, 1, 5, 1000, 3;
1, 256, 0, 0, 0, 0, 4, 999, 2;
1, 256, 1, 1, 1, 1, 5, 1000, 3;
1, 256, 0, -1, -1, -1, 4, 999, 2;
1, 256, 0, 0, 0, 0, 5, 1000, 3;
1, 256, 0, 0, 0, 0, 5, 1000, 3;
1, 256, 0, 0, 0, 0, 4, 999, 2;
1, 256, 0, 0, 0, 0, 5, 1000, 3;
1, 256, 0, 0, 0, 0, 5, 1000, 3;
1, 256, 0, -1, -1, -1, 3, 998, 1;
1, 256, 1, 1, 1, 1, 6, 1001, 4;
0, 256, 0, -1, -1, -1, 3, 998, 1;
1, 256, 1, 1, 1, 1, 6, 1001, 4;
1, 256, 0, -1, -1, -1, 4, 999, 2;
1, 256, 0, 0, 0, 0, 5, 1000, 3;
1, 256, 0, -1, -1, -1, 4, 999, 2;
1, 256, 0, 0, 0, 0, 5, 1000, 3;
1, 256, 0, 1, 1, 1, 5, 1000, 3;
1, 256, 0, -1, -1, -1, 4, 999, 2;
1, 256, 1, 1, 1, 1, 5, 1000, 3;
1, 256, 0, 0, 0, 0, 5, 1000, 3;
1, 256, 0, 1, 1, 1, 5, 1000, 3;
1, 256, 0, 1, 1, 1, 5, 1000, 3;
1, 256, 0, 0, 0, 0, 4, 999, 2;
1, 256, 0, 0, 0, 0, 5, 1000, 3;
1, 256, 0, 0, 0, 0, 5, 1000, 3;
1, 256, 0, 0, 0, 0, 5, 1000, 3;
1, 256, 0, 0, 0, 0, 5, 999, 3;
1, 256, 0, 0, 0, 0, 4, 999, 2;
1, 256, 0, 0, 0, 0, 5, 1000, 3;
1, 256, 1, 1, 1, 1, 6, 1000, 3;
1, 256, 0, -1, -1, -1, 4, 999, 2;
1, 256, 0, 0, 0, 0, 5, 1000, 3;
1, 256, 0, 0, 0, 0, 4, 999, 2;
1, 256, 0, 0, 0, 0, 4, 999, 2;
1, 256, 1, 1, 1, 1, 6, 1000, 3;
1, 256, 0, 0, 0, 0, 5, 1000, 3;
1, 256, 0, 0, 0, 0, 5, 1000, 3;
1, 256, 0, -1, -1, -1, 4, 998, 1;
1, 256, 0, -1, -1, -1, 4, 999, 2;
1, 256, 0, 0, 0, 0, 4, 999, 2;
1, 256, 0, 0, 0, 0, 5, 1000, 3;
1, 256, 0, 0, 0, 0, 5, 999, 3;
1, 256, 0, 0, 0, 0, 4, 999, 2;
1, 256, 0, -1, -1, -1, 4, 999, 2;
1, 256, 0, -1, -1, -1, 4, 999, 2;
1, 256, 0, -1, -1, -1, 4, 999, 2;
1, 256, 0, -1, -1, -1, 4, 999, 2;
1, 256, 1, 1, 1, 1, 6, 1001, 4;
1, 256, 0, 0, 0, 0, 4, 999, 2;
1, 256, 0, 0, 0, 0, 5, 999, 3;
1, 256, 0, 0, 0, 0, 5, 1000, 3;
1, 256, 0, -1, -1, -1, 4, 999, 2;
1, 256, 0, 0, 0, 0, 5, 1000, 3;
1, 256, 1, 1, 1, 1, 6, 1000, 4;
1, 256, 0, 0, 0, 0, 5, 1000, 3;
1, 256, 0, 0, 0, 0, 4, 999, 2;
1, 256, 0, 0, 0, 0, 5, 1000, 3;
1, 256, 0, 0, 0, 0, 5, 1000, 3;
1, 256, 0, 0, 0, 0, 4, 999, 2;
1, 256, 0, -1, -1, -1, 4, 999, 2;
1, 256, 0, 1, 1, 1, 5, 1000, 3;
1, 256, 0, -1, -1, -1, 3, 998, 1;
1, 256, 0, 1, 1, 1, 5, 1000, 3;
1, 256, 0, -1, -1, -1, 3, 998, 1;
1, 256, 0, 1, 1, 1, 5, 1000, 3;
1, 256, 0, 1, 1, 1, 5, 1000, 3;
1, 256, 1, 1, 1, 1, 6, 1000, 3;
1, 256, 0, 1, 1, 1, 5, 1000, 3;
1, 256, 0, 0, 0, 0, 5, 1000, 3;
1, 256, 0, 0, 0, 0, 5, 1000, 3;
1, 256, 0, 0, 0, 0, 4, 999, 2;
1, 256, 0, 0, 0, 0, 5, 1000, 3;
1, 256, 1, 1, 1, 1, 6, 1001, 4;
1, 256, 0, 0, 0, 0, 5, 999, 3;
1, 256, 0, 0, 0, 0, 4, 999, 2;
1, 256, 0, 0, 0, 0, 5, 1000, 3;
1, 256, 0, -1, -1, -1, 4, 999, 2;
1, 256, 0, 0, 0, 0, 5, 1000, 3;
1, 256, 1, 1, 1, 1, 6, 1000, 4;
1, 256, 1, 1, 1, 1, 6, 1001, 4;
1, 256, 0, 0, 0, 0, 5, 1000, 3;
1, 256, 0, 0, 0, 0, 4, 999, 2;
1, 256, 1, 1, 1, 1, 5, 1000, 3;
1, 256, 0, 1, 1, 1, 5, 1000, 3;
1, 256, 0, 0, 0, 0, 5, 1000, 3;
1, 256, 0, -1, -1, -1, 4, 999, 2;
1, 256, 0, -1, -1, -1, 4, 999, 2;
1, 256, 0, 0, 0, 0, 5, 1000, 3;
1, 256, 0, 0, 0, 0, 5, 1000, 3;
1, 256, 0, 0, 0, 0, 4, 999, 2;
1, 256, 1, 1, 1, 1, 6, 1000, 4;
1, 256, 0, 1, 1, 1, 5, 1000, 3;
0, 256, 0, -1, -1, -1, 3, 998, 1;
1, 256, 0, -1, -1, -1, 4, 999, 2;
1, 256, 0, 1, 1, 1, 5, 1000, 3;
1, 256, 0, 0, 0, 0, 5, 1000, 3;
1, 256, 1, 1, 1, 1, 6, 1000, 4;
1, 256, 1, 1, 1, 1, 6, 1001, 4;
1, 256, 0, -1, -1, -1, 4, 999, 2;
1, 256, 0, 0, 0, 0, 4, 999, 2;
1, 256, 0, 1, 1, 1, 5, 1000, 3;
1, 256, 1, 1, 1, 1, 6, 1001, 4;
1, 256, 0, 0, 0, 0, 5, 999, 3;
1, 256, 0, 0, 0, 0, 5, 999, 3;
1, 256, 1, 1, 1, 1, 6, 1000, 3;
1, 256, 0, 0, 0, 0, 4, 999, 2;
1, 256, 0, 0, 0, 0, 4, 999, 2;
1, 256, 0, -1, -1, -1, 4, 999, 2;
1, 256, 0, 1, 1, 1, 5, 1000, 3;
1, 256, 0, 0, 0, 0, 5, 1000, 3;
1, 256, 0, 1, 1, 1, 5, 1000, 3;
1, 256, 0, -1, -1, -1, 4, 999, 2;
1, 256, 0, 1, 1, 1, 5, 1000, 3;
1, 256, 0, 0, 0, 0, 4, 999, 2;
1, 256, 0, -1, -1, -1, 4, 999, 2;
1, 256, 0, 0, 0, 0, 4, 999, 2;
1, 256, 0, 1, 1, 1, 5, 1000, 3;
1, 256, 0, 0, 0, 0, 4, 999, 2;
1, 256, 0, 0, 0, 0, 5, 1000, 3;
1, 256, 0, -1, -1, -1, 4, 999, 2;
1, 256, 0, 0, 0, 0, 4, 999, 2;
1, 256, 0, -1, -1, -1, 3, 998, 1;
1, 256, 0, 0, 0, 0, 5, 1000, 3;
1, 256, 0, 0, 0, 0, 4, 999, 2;
1, 256, 0, 0, 0, 0, 4, 999, 2;
1, 256, 0, -1, -1, -1, 4, 998, 1;
1, 256, 0, -1, -1, -1, 4, 998, 2;
1, 256, 0, 0, 0, 0, 5, 1000, 3;
1, 256, 0, 0, 0, 0, 5, 1000, 3;
1, 256, 0, 0, 0, 0, 5, 1000, 3;
1, 256, 0, -1, -1, -1, 4, 999, 2;
1, 256, 0, -1, -1, -1, 4, 998, 1;
1, 256, 0, 0, 0, 0, 5, 1000, 3;
1, 256, 1, 1, 1, 1, 6, 1001, 4;
1, 256, 0, 1, 1, 1, 5, 1000, 3;
1, 256, 0, 0, 0, 0, 5, 1000, 3;
1, 256, 1, 1, 1, 1, 6, 1001, 4;
1, 256, 1, 1, 1, 1, 6, 1001, 4;
1, 256, 0, 0, 0, 0, 5, 1000, 3;
1, 256, 0, 0, 0, 0, 4, 999, 2;
1, 256, 0, 0, 0, 0, 5, 1000, 3;
1, 256, 0, 0, 0, 0, 4, 999, 2;
1, 256, 0, 0, 0, 0, 5, 1000, 3;
1, 256, 0, -1, -1, -1, 4, 999, 2;
1, 256, 0, 0, 0, 0, 4, 999, 2;
1, 256, 1, 1, 1, 1, 6, 1001, 4;
1, 256, 0, 1, 1, 1, 5, 1000, 3;
1, 256, 0, 1, 1, 1, 5, 1000, 3;
1, 256, 0, -1, -1, -1, 4, 999, 2;
1, 256, 0, 0, 0, 0, 5, 1000, 3;
1, 256, 0, 0, 0, 0, 5, 1000, 3;
1, 256, 0, 0, 0, 0, 5, 1000, 3;
1, 256, 1, 1, 1, 1, 6, 1001, 4;
1, 256, 0, 0, 0, 0, 4, 999, 2;
1, 256, 0, 1, 1, 1, 5, 1000, 3;
1, 256, 0, 0, 0, 0, 5, 1000, 3;
1, 256, 0, 0, 0, 0, 5, 1000, 3;
1, 256, 0, 0, 0, 0, 4, 999, 2;
1, 256, 0, -1, -1, -1, 3, 998, 1;
1, 256, 0, 0, 0, 0, 4, 999, 2;
1, 256, 0, 0, 0, 0, 5, 1000, 3;
1, 256, 0, 0, 0, 0, 4, 999, 2;
1, 256, 0, 1, 1, 1, 5, 1000, 3;
1, 256, 0, -1, -1, -1, 4, 999, 2;
1, 256, 0, 0, 0, 0, 4, 999, 2;
1, 256, 0, 0, 0, 0, 5, 1000, 3;
1, 256, 0, 0, 0, 0, 5, 1000, 3;
1, 256, 0, 0, 0, 0, 5, 1000, 3;
1, 256, 0, 0, 0, 0, 4, 999, 2;
1, 256, 0, 0, 0, 0, 5, 1000, 3;
1, 256, 0, -1, -1, -1, 4, 998, 2;
1, 256, 0, -1, -1, -1, 4, 998, 2;
1, 256, 0, 1, 1, 1, 5, 1000, 3;
1, 256, 0, -1, -1, -1, 3, 998, 1;
1, 256, 0, -1, -1, -1, 4, 999, 2;
1, 256, 1, 1, 1, 1, 5, 1000, 3;
1, 256, 0, 0, 0, 0, 4, 999, 2;
1, 256, 0, 0, 0, 0, 5, 1000, 3;
1, 256, 0, 0, 0, 0, 5, 999, 2;
1, 256, 0, 1, 1, 1, 5, 1000, 3;
1, 256, 1, 1, 1, 1, 6, 1001, 4;
1, 256, 0, 1, 1, 1, 5, 1000, 3;
1, 256, 0, -1, -1, -1, 3, 998, 1;
1, 256, 0, 1, 1, 1, 5, 1000, 3;
1, 256, 0, 0, 0, 0, 5, 1000, 3;
1, 256, 0, 0, 0, 0, 4, 999, 2;
1, 256, 0, 1, 1, 1, 5, 1000, 3;
1, 256, 0, 0, 0, 0, 4, 999, 2;
1, 256, 0, 1, 1, 1, 5, 1000, 3;
1, 256, 0, 0, 0, 0, 5, 1000, 3;
1, 256, 0, 0, 0, 0, 4, 999, 2;
1, 256, 0, -1, -1, -1, 4, 999, 2;
1, 256, 0, 0, 0, 0, 5, 999, 3;
1, 256, 1, 1, 1, 1, 6, 1000, 3;
1, 256, 0, -1, -1, -1, 4, 999, 2;
1, 256, 0, 0, 0, 0, 4, 999, 2;
1, 256, 0, 0, 0, 0, 4, 999, 2;
1, 256, 0, 0, 0, 0, 5, 1000, 3;
1, 256, 0, 0, 0, 0, 4, 999, 2;
1, 256, 0, 0, 0, 0, 5, 1000, 3;
1, 256, 0, 0, 0, 0, 5, 1000, 3;
1, 256, 1, 1, 1, 1, 6, 1000, 4;
1, 256, 0, 0, 0, 0, 4, 999, 2;
1, 256, 0, 0, 0, 0, 5, 1000, 3;
1, 256, 0, -1, -1, -1, 4, 999, 2;
1, 256, 0, 0, 0, 0, 5, 999, 3;
1, 256, 0, 0, 0, 0, 5, 1000, 3;
1, 256, 0, 0, 0, 0, 4, 999, 2;
1, 256, 0, 0, 0, 0, 5, 1000, 3;
1, 256, 0, -1, -1, -1, 3, 998, 1;
1, 256, 1, 1, 1, 1, 6, 1001, 4;
1, 256, 1, 1, 1, 1, 6, 1000, 4;
1, 256, 0, 0, 0, 0, 5, 1000, 3;
1, 256, 1, 1, 1, 1, 6, 1001, 4;
1, 256, 0, 1, 1, 1, 5, 1000, 3;
1, 256, 0, -1, -1, -1, 4, 999, 2;
1, 256, 0, 0, 0, 0, 5, 1000, 3;
1, 256, 0, -1, -1, -1, 4, 999, 2;
1, 256, 0, 0, 0, 0, 5, 1000, 3;
1, 256, 1, 1, 1, 1, 6, 1001, 4;
1, 256, 0, -1, -1, -1, 4, 999, 2;
1, 256, 0, -1, -1, -1, 4, 999, 2;
1, 256, 0, 0, 0, 0, 5, 1000, 3;
1, 256, 0, 0, 0, 0, 5, 1000, 3;
1, 256, 0, 0, 0, 0, 4, 999, 2;
1, 256, 0, 0, 0, 0, 4, 999, 2;
1, 256, 0, 0, 0, 0, 5, 1000, 3;
1, 256, 0, 0, 0, 0, 5, 1000, 3;
1, 256, 0, -1, -1, -1, 4, 999, 2;
1, 256, 0, -1, -1, -1, 4, 999, 2;
1, 256, 0, -1, -1, -1, 3, 998, 1;
1, 256, 0, 0, 0, 0, 5, 1000, 3;
1, 256, 0, -1, -1, -1, 4, 999, 2;
1, 256, 1, 1, 1, 1, 6, 1001, 4;
1, 256, 1, 1, 1, 1, 5, 1000, 3;
1, 256, 0, 0, 0, 0, 5, 1000, 3;
1, 256, 0, 0, 0, 0, 5, 999, 3;
1, 256, 0, 0, 0, 0, 5, 1000, 3;
1, 256, 0, 0, 0, 0, 5, 1000, 3;
1, 256, 0, -1, -1, -1, 4, 998, 2;
1, 256, 0, -1, -1, -1, 4, 999, 2;
1, 256, 0, 0, 0, 0, 5, 1000, 3;
1, 256, 0, 0, 0, 0, 5, 1000, 3;
1, 256, 0, 0, 0, 0, 5, 1000, 3;
1, 256, 1, 1, 1, 1, 6, 1000, 3;
1, 256, 0, 0, 0, 0, 4, 999, 2;
0, 256, 0, -1, -1, -1, 3, 998, 1;
1, 256, 0, -1, -1, -1, 3, 998, 1;
1, 256, 0, 1, 1, 1, 5, 1000, 3;
1, 256, 0, 0, 0, 0, 4, 999, 2;
1, 256, 0, 0, 0, 0, 5, 1000, 3;
1, 256, 1, 1, 1, 1, 6, 1001, 4;
1, 256, 0, 0, 0, 0, 5, 1000, 3;
1, 256, 0, -1, -1, -1, 4, 999, 2;
1, 256, 0, 0, 0, 0, 5, 1000, 3;
1, 256, 0, 1, 1, 1, 5, 1000, 3;
1, 256, 0, 1, 1, 1, 5, 1000, 3;
1, 256, 1, 1, 1, 1, 6, 1001, 4;
1, 256, 0, 0, 0, 0, 5, 1000, 3;
1, 256, 0, 0, 0, 0, 5, 1000, 3;
1, 256, 0, 1, 1, 1, 5, 1000, 3;
1, 256, 0, 0, 0, 0, 5, 1000, 3;
1, 256, 0, 1, 1, 1, 5, 1000, 3;
1, 256, 0, -1, -1, -1, 4, 998, 2;
1, 256, 1, 1, 1, 1, 5, 1000, 3;
1, 256, 0, 0, 0, 0, 5, 999, 2;
1, 256, 0, -1, -1, -1, 4, 999, 2;
1, 256, 0, 1, 1, 1, 5, 1000, 3;
1, 256, 0, -1, -1, -1, 4, 999, 2;
1, 256, 0, 1, 1, 1, 5, 1000, 3;
1, 256, 0, -1, -1, -1, 4, 999, 2;
1, 256, 1, 1, 1, 1, 6, 1001, 4;
1, 256, 0, -1, -1, -1, 4, 999, 2;
1, 256, 0, -1, -1, -1, 4, 998, 2;
1, 256, 1, 1, 1, 1, 6, 1001, 4;
1, 256, 0, -1, -1, -1, 4, 999, 2;
1, 256, 1, 1, 1, 1, 6, 1001, 4;
1, 256, 1, 1, 1, 1, 6, 1001, 4;
1, 256, 0, 0, 0, 0, 4, 999, 2;
1, 256, 1, 1, 1, 1, 6, 1001, 4;
1, 256, 1, 1, 1, 1, 6, 1000, 3;
1, 256, 0, 0, 0, 0, 5, 1000, 3;
1, 256, 0, -1, -1, -1, 3, 998, 1;
1, 256, 1, 1, 1, 1, 6, 1001, 4;
1, 256, 0, 0, 0, 0, 4, 999, 2;
1, 256, 0, 0, 0, 0, 4, 999, 2;
1, 256, 0, 0, 0, 0, 4, 999, 2;
1, 256, 0, -1, -1, -1, 4, 999, 2;
1, 256, 1, 1, 1, 1, 6, 1001, 4;
1, 256, 0, 0, 0, 0, 4, 999, 2;
1, 256, 0, 0, 0, 0, 5, 1000, 3;
1, 256, 0, 0, 0, 0, 4, 999, 2;
1, 256, 0, 0, 0, 0, 5, 1000, 3;
1, 256, 1, 1, 1, 1, 6, 1001, 4;
1, 256, 0, 0, 0, 0, 5, 1000, 3;
1, 256, 1, 1, 1, 1, 6, 1001, 4;
1, 256, 0, 0, 0, 0, 4, 999, 2;
1, 256, 0, -1, -1, -1, 4, 999, 2;
1, 256, 0, -1, -1, -1, 4, 999, 2;
1, 256, 0, -1, -1, -1, 3, 998, 1;
1, 256, 0, 0, 0, 0, 5, 1000, 3;
1, 256, 1, 1, 1, 1, 6, 1001, 4;
1, 256, 0, -1, -1, -1, 4, 999, 2;
1, 256, 0, 0, 0, 0, 5, 1000, 3;
1, 256, 0, -1, -1, -1, 4, 999, 2;
1, 256, 0, -1, -1, -1, 4, 999, 2;
1, 256, 1, 1, 1, 1, 6, 1000, 3;
1, 256, 0, 0, 0, 0, 5, 1000, 3;
1, 256, 0, -1, -1, -1, 4, 998, 2;
1, 256, 0, -1, -1, -1, 4, 999, 2;
1, 256, 0, 0, 0, 0, 5, 1000, 3;