1, 297, 14, 4, 414, 4, 6, 1159, 57;
1, 295, 13, 26, 409, 0, 6, 1152, 50;
1, 293, 11, 48, 402, -5, 6, 1145, 44;
7, 297, 15, 88, 413, 7, 29, 1161, 60;
8, 296, 14, 113, 408, 5, 33, 1157, 57;
11, 297, 15, 142, 406, 8, 43, 1158, 61;
9, 293, 12, 158, 392, -1, 37, 1144, 49;
13, 295, 15, 192, 394, 6, 54, 1152, 59;
15, 295, 15, 218, 388, 7, 61, 1151, 60;
13, 290, 11, 231, 369, -4, 53, 1133, 45;
15, 290, 11, 256, 361, -3, 59, 1131, 46;
16, 288, 11, 277, 349, -6, 62, 1124, 43;
16, 286, 9, 296, 335, -10, 62, 1115, 37;
24, 292, 16, 341, 346, 11, 96, 1139, 64;
23, 288, 14, 355, 328, 4, 92, 1126, 56;
21, 284, 11, 366, 305, -6, 84, 1108, 43;
26, 286, 14, 398, 304, 5, 104, 1118, 58;
25, 282, 12, 409, 282, -2, 99, 1103, 48;
25, 279, 10, 422, 263, -7, 97, 1091, 41;
26, 279, 11, 442, 250, -5, 104, 1088, 44;
32, 281, 15, 471, 248, 7, 125, 1099, 60;
30, 277, 12, 478, 224, 0, 118, 1082, 49;
29, 274, 10, 486, 201, -7, 113, 1068, 41;
32, 275, 13, 508, 193, 1, 127, 1073, 52;
29, 269, 9, 508, 163, -10, 115, 1051, 37;
33, 271, 13, 530, 156, 0, 131, 1058, 51;
34, 269, 13, 539, 138, 0, 134, 1051, 50;
35, 268, 13, 550, 122, 2, 139, 1047, 53;
32, 263, 10, 547, 93, -8, 127, 1027, 40;
38, 266, 15, 568, 90, 7, 148, 1039, 59;
39, 265, 16, 577, 74, 10, 153, 1036, 63;
32, 256, 9, 558, 33, -11, 127, 1002, 36;
36, 258, 12, 571, 24, 0, 141, 1008, 49;
33, 253, 9, 562, -4, -10, 129, 988, 37;
36, 255, 13, 573, -12, 0, 142, 995, 51;
37, 254, 14, 576, -28, 4, 147, 993, 56;
38, 254, 15, 577, -43, 7, 151, 990, 60;
32, 246, 9, 554, -81, -11, 126, 959, 37;
33, 245, 10, 553, -96, -6, 130, 958, 42;
33, 244, 11, 548, -113, -5, 131, 953, 44;
34, 243, 12, 544, -127, 0, 134, 951, 49;
30, 239, 9, 525, -155, -10, 119, 932, 37;
31, 238, 10, 519, -169, -6, 122, 930, 42;
34, 240, 14, 520, -175, 5, 134, 939, 57;
34, 239, 15, 509, -190, 7, 134, 935, 59;
29, 233, 10, 482, -220, -6, 113, 911, 42;
30, 234, 13, 475, -229, 1, 119, 915, 52;
28, 232, 12, 457, -247, -1, 112, 906, 49;
27, 231, 12, 441, -262, 0, 108, 901, 49;
27, 230, 13, 426, -274, 1, 107, 899, 53;
28, 231, 15, 414, -281, 8, 111, 902, 61;
22, 225, 10, 378, -310, -7, 86, 877, 41;
20, 223, 10, 357, -324, -8, 80, 871, 40;
22, 226, 14, 347, -324, 3, 89, 881, 54;
20, 224, 13, 323, -337, 1, 81, 874, 52;
18, 222, 12, 297, -351, -2, 71, 866, 48;
16, 220, 11, 271, -363, -4, 63, 860, 45;
15, 220, 12, 250, -370, -2, 59, 859, 48;
16, 222, 14, 232, -371, 5, 63, 866, 57;
9, 216, 9, 191, -394, -11, 36, 842, 36;
13, 220, 14, 182, -384, 5, 50, 861, 57;
9, 218, 12, 150, -396, -1, 35, 850, 49;
6, 216, 11, 119, -406, -6, 23, 843, 43;
9, 220, 16, 108, -394, 9, 36, 861, 62;
7, 220, 15, 80, -398, 8, 28, 858, 61;
3, 217, 13, 46, -407, 1, 12, 848, 52;
0, 215, 10, 11, -416, -6, -3, 839, 42;
0, 217, 12, -9, -410, 0, -2, 846, 50;
0, 219, 15, -27, -400, 8, 1, 857, 61;
-1, 219, 15, -55, -399, 7, -6, 857, 60;
-5, 218, 13, -87, -402, 2, -19, 851, 53;
-7, 217, 12, -117, -402, -1, -30, 848, 49;
-5, 221, 16, -132, -386, 10, -22, 864, 63;
-12, 217, 11, -174, -397, -5, -48, 847, 44;
-13, 217, 11, -199, -390, -4, -54, 850, 44;
-10, 223, 16, -209, -368, 10, -42, 871, 63;
-18, 218, 10, -252, -378, -7, -70, 851, 41;
-13, 225, 16, -257, -350, 11, -52, 878, 64;
-15, 225, 16, -281, -342, 10, -59, 881, 63;
-18, 224, 14, -311, -338, 3, -73, 877, 55;
-17, 228, 16, -325, -320, 11, -69, 890, 64;
-26, 221, 9, -370, -331, -12, -104, 865, 35;
-27, 223, 9, -390, -318, -11, -108, 871, 37;
-25, 228, 13, -398, -293, 0, -98, 891, 51;
-23, 232, 16, -407, -270, 10, -91, 908, 63;
-30, 228, 10, -443, -273, -6, -117, 892, 42;
-31, 229, 10, -461, -259, -8, -123, 895, 40;
-33, 229, 9, -481, -247, -12, -131, 896, 35;
-32, 233, 11, -490, -225, -5, -127, 910, 43;
-30, 238, 14, -493, -197, 5, -117, 930, 57;
-34, 236, 11, -516, -191, -5, -134, 923, 43;
-34, 239, 11, -526, -172, -3, -134, 932, 46;
-33, 242, 14, -530, -147, 3, -128, 947, 54;
-34, 243, 12, -543, -133, 0, -135, 949, 50;
-36, 243, 11, -555, -119, -4, -142, 951, 45;
-36, 245, 11, -561, -99, -3, -143, 959, 46;
-32, 252, 16, -553, -66, 10, -127, 984, 63;
-32, 254, 16, -556, -46, 11, -126, 992, 65;
-37, 251, 12, -573, -40, -2, -145, 982, 48;
-34, 256, 14, -567, -13, 6, -135, 1000, 58;
-38, 254, 11, -579, -5, -5, -149, 993, 43;
-33, 260, 15, -564, 27, 8, -131, 1017, 61;
-38, 258, 11, -576, 32, -5, -149, 1007, 44;
-36, 261, 12, -568, 57, 0, -141, 1021, 50;
-33, 266, 15, -556, 84, 7, -130, 1037, 60;
-39, 261, 9, -569, 84, -11, -152, 1021, 36;
-32, 270, 15, -541, 123, 9, -125, 1054, 62;
-31, 271, 15, -533, 141, 9, -123, 1060, 62;
-36, 268, 10, -540, 144, -6, -140, 1048, 42;
-33, 272, 12, -523, 167, -1, -131, 1061, 49;
-30, 276, 14, -505, 191, 5, -119, 1076, 58;
-30, 276, 14, -495, 206, 3, -120, 1079, 54;
-34, 273, 9, -496, 207, -12, -135, 1066, 35;
-28, 280, 14, -464, 241, 5, -110, 1094, 57;
-30, 278, 11, -457, 246, -4, -118, 1088, 45;
-29, 280, 11, -440, 261, -4, -114, 1093, 45;
-26, 283, 13, -417, 281, 0, -102, 1105, 52;
-22, 287, 16, -389, 303, 9, -87, 1121, 62;
-21, 288, 16, -369, 317, 9, -82, 1126, 62;
-22, 287, 13, -357, 321, 1, -87, 1121, 53;
-24, 285, 10, -346, 322, -9, -95, 1112, 39;
-23, 285, 9, -325, 331, -10, -91, 1114, 37;
-19, 289, 12, -294, 350, -2, -75, 1128, 47;
-19, 288, 10, -277, 353, -8, -77, 1124, 40;
-18, 289, 10, -252, 362, -8, -71, 1127, 40;
-14, 292, 12, -221, 376, -1, -56, 1138, 48;
-12, 293, 13, -193, 386, 0, -47, 1144, 51;
-13, 291, 10, -176, 384, -7, -51, 1136, 41;
-11, 292, 10, -150, 389, -7, -44, 1138, 41;
-10, 291, 9, -126, 391, -9, -41, 1137, 38;
-3, 297, 14, -83, 410, 5, -14, 1158, 58;
-6, 292, 10, -71, 398, -8, -26, 1141, 40;
-2, 295, 13, -35, 409, 0, -8, 1152, 51;
-3, 292, 10, -18, 400, -9, -13, 1141, 39;
0, 294, 11, 13, 404, -4, -1, 1146, 45;
3, 295, 13, 45, 409, 0, 12, 1153, 51;
5, 296, 14, 75, 410, 3, 22, 1156, 55;
4, 293, 11, 92, 397, -6, 16, 1142, 43;
11, 297, 16, 135, 410, 10, 44, 1162, 63;
10, 294, 13, 153, 397, 2, 40, 1150, 53;
11, 294, 13, 179, 391, 1, 46, 1147, 53;
9, 289, 9, 191, 371, -11, 35, 1128, 36;
16, 294, 15, 234, 382, 6, 65, 1148, 59;
18, 293, 15, 258, 374, 6, 70, 1145, 58;
14, 287, 9, 265, 348, -10, 55, 1120, 37;
18, 289, 12, 298, 347, -1, 72, 1128, 48;
19, 287, 11, 318, 334, -4, 74, 1121, 45;
20, 286, 11, 340, 323, -3, 80, 1117, 46;
25, 288, 15, 372, 322, 6, 98, 1125, 58;
22, 283, 10, 379, 296, -6, 87, 1104, 42;
24, 282, 11, 401, 285, -4, 95, 1102, 45;
26, 282, 12, 424, 275, 0, 105, 1102, 50;
27, 280, 12, 440, 259, -1, 107, 1095, 48;
30, 280, 14, 461, 249, 3, 117, 1095, 54;
34, 282, 16, 486, 242, 11, 132, 1100, 65;
31, 276, 13, 489, 214, 0, 121, 1079, 51;
33, 276, 14, 506, 200, 3, 129, 1077, 55;
32, 273, 13, 515, 180, 0, 127, 1067, 50;
33, 271, 12, 525, 161, -1, 129, 1058, 49;
30, 266, 9, 524, 132, -12, 118, 1039, 35;
34, 268, 13, 546, 127, 0, 136, 1047, 51;
36, 268, 14, 557, 112, 4, 143, 1045, 56;
37, 267, 15, 567, 96, 7, 148, 1042, 59;
35, 262, 12, 562, 67, -2, 137, 1022, 47;
38, 263, 15, 575, 57, 6, 149, 1026, 58;
36, 259, 12, 570, 30, -1, 140, 1010, 49;
33, 254, 10, 564, 4, -8, 131, 993, 40;
38, 257, 14, 579, 0, 5, 150, 1004, 58;
35, 252, 11, 568, -30, -4, 136, 984, 45;
32, 248, 9, 558, -57, -12, 126, 968, 35;
35, 249, 12, 565, -65, -1, 139, 974, 49;
38, 251, 16, 571, -73, 9, 151, 981, 63;
37, 248, 15, 562, -95, 6, 146, 970, 59;
34, 243, 12, 545, -123, -2, 132, 951, 47;
33, 242, 11, 536, -142, -3, 129, 943, 46;
37, 244, 16, 540, -146, 10, 145, 954, 64;
34, 241, 14, 524, -169, 4, 135, 940, 57;
35, 241, 16, 516, -182, 9, 137, 940, 62;
29, 234, 11, 488, -213, -4, 116, 916, 44;
31, 236, 14, 483, -220, 4, 124, 921, 56;
30, 233, 13, 466, -239, 1, 117, 912, 53;
26, 230, 11, 442, -261, -5, 105, 898, 44;
26, 229, 12, 427, -273, -2, 104, 895, 47;
27, 230, 14, 417, -279, 5, 109, 900, 57;
24, 227, 12, 391, -299, -1, 96, 887, 49;
21, 224, 10, 365, -318, -6, 84, 875, 42;
25, 228, 15, 360, -315, 8, 98, 890, 61;
19, 222, 11, 325, -339, -4, 76, 869, 45;
19, 223, 13, 308, -344, 1, 77, 872, 52;
17, 221, 12, 281, -358, -2, 67, 863, 47;
14, 219, 10, 253, -372, -7, 55, 854, 41;
13, 219, 11, 231, -377, -4, 53, 855, 45;
16, 222, 16, 220, -371, 9, 64, 869, 62;
11, 219, 13, 185, -387, 0, 46, 855, 51;
13, 221, 16, 169, -383, 9, 51, 865, 63;
6, 216, 11, 128, -403, -4, 27, 845, 44;
6, 217, 12, 107, -402, 0, 26, 849, 50;
8, 221, 16, 92, -394, 11, 34, 862, 65;
2, 216, 12, 52, -409, -1, 11, 845, 48;
0, 216, 12, 24, -411, -2, 3, 844, 47;
0, 217, 13, 0, -409, 0, 0, 847, 51;
-1, 217, 13, -27, -409, 0, -6, 847, 50;
-4, 216, 12, -56, -410, -2, -16, 844, 47;
-6, 216, 11, -84, -409, -3, -24, 843, 46;
-5, 218, 14, -104, -399, 3, -22, 853, 55;
-7, 219, 14, -129, -394, 4, -27, 856, 56;
-12, 216, 10, -166, -400, -6, -48, 844, 42;
-11, 219, 13, -185, -387, 0, -45, 856, 51;
-17, 216, 9, -223, -393, -12, -67, 842, 35;
-18, 217, 9, -246, -383, -10, -71, 847, 37;
-12, 225, 16, -248, -353, 11, -50, 878, 65;
-18, 221, 12, -285, -357, -1, -72, 865, 49;
-20, 222, 12, -309, -348, -2, -79, 867, 48;
-23, 221, 10, -339, -344, -9, -93, 863, 39;
-25, 222, 10, -361, -333, -9, -99, 867, 39;
-27, 222, 9, -384, -323, -11, -107, 869, 36;
-28, 223, 9, -404, -310, -12, -112, 873, 35;
-28, 227, 10, -418, -291, -6, -110, 885, 42;
-30, 227, 10, -439, -280, -9, -118, 887, 39;
-26, 234, 15, -441, -249, 6, -102, 912, 59;
-30, 232, 12, -466, -243, -2, -118, 906, 47;
-33, 232, 10, -488, -233, -8, -129, 905, 40;
-33, 234, 10, -500, -215, -6, -131, 913, 42;
-34, 236, 11, -513, -197, -6, -133, 920, 43;
-35, 237, 11, -525, -180, -6, -136, 927, 43;
-36, 238, 10, -537, -164, -7, -141, 932, 41;
-31, 245, 15, -531, -130, 8, -124, 958, 61;
-37, 242, 10, -555, -128, -7, -145, 945, 41;
-32, 249, 16, -546, -92, 9, -126, 973, 62;
-32, 251, 16, -551, -72, 10, -126, 981, 63;
-37, 248, 11, -572, -69, -5, -148, 968, 43;
-33, 255, 16, -560, -35, 9, -129, 995, 63;
-34, 255, 14, -566, -19, 5, -135, 997, 58;
-34, 257, 14, -568, 0, 5, -135, 1004, 57;
-35, 258, 14, -569, 16, 3, -137, 1009, 55;
-35, 260, 13, -569, 35, 2, -138, 1015, 54;
-35, 262, 14, -565, 54, 3, -137, 1023, 55;
-39, 259, 9, -575, 60, -10, -153, 1013, 38;
-37, 262, 10, -566, 82, -6, -147, 1025, 42;
-37, 264, 10, -559, 101, -6, -145, 1032, 42;
-35, 268, 12, -547, 125, -1, -137, 1045, 49;
-32, 272, 15, -530, 150, 6, -125, 1061, 58;
-34, 271, 12, -529, 160, -2, -134, 1057, 47;
-33, 272, 12, -518, 177, -2, -131, 1063, 47;
-35, 271, 9, -515, 185, -12, -140, 1058, 35;
-33, 274, 11, -495, 207, -6, -129, 1072, 43;
-32, 276, 10, -481, 223, -6, -126, 1077, 42;
-30, 278, 11, -464, 240, -5, -120, 1085, 44;
-27, 281, 13, -441, 262, 0, -108, 1098, 51;
-26, 283, 13, -422, 277, 2, -103, 1105, 53;
-22, 287, 16, -394, 300, 11, -87, 1121, 64;
-26, 283, 11, -392, 296, -6, -104, 1105, 42;
-22, 287, 13, -363, 317, 1, -88, 1120, 53;
-22, 286, 12, -347, 325, -2, -89, 1118, 47;
-22, 287, 11, -328, 333, -5, -87, 1119, 44;
-15, 293, 16, -288, 360, 10, -60, 1144, 64;
-14, 294, 16, -266, 369, 10, -56, 1146, 63;
-12, 295, 16, -240, 379, 11, -48, 1151, 65;
-10, 296, 16, -216, 387, 11, -42, 1154, 65;
-10, 295, 15, -194, 391, 8, -39, 1153, 61;
-8, 296, 15, -169, 397, 7, -34, 1154, 60;
-7, 295, 14, -146, 400, 5, -31, 1154, 57;
-6, 296, 14, -120, 404, 4, -25, 1154, 56;
-4, 296, 14, -93, 408, 4, -18, 1156, 57;
-2, 297, 15, -65, 412, 6, -9, 1159, 58;
-1, 296, 14, -41, 412, 3, -6, 1157, 55;
0, 297, 14, -12, 415, 5, 2, 1159, 57;
2, 297, 14, 14, 415, 5, 9, 1160, 58;
0, 294, 11, 31, 404, -4, 3, 1147, 45;
5, 297, 14, 68, 412, 5, 22, 1158, 57;
5, 295, 12, 89, 404, 0, 22, 1150, 50;
8, 295, 13, 118, 403, 2, 32, 1153, 54;
10, 296, 14, 148, 402, 5, 42, 1155, 58;
7, 290, 9, 158, 381, -10, 29, 1133, 38;
14, 295, 15, 201, 392, 6, 56, 1152, 59;
15, 294, 14, 224, 383, 4, 60, 1147, 56;
12, 288, 9, 233, 359, -10, 47, 1124, 37;
17, 291, 13, 269, 363, 0, 67, 1136, 52;
16, 287, 10, 284, 344, -7, 62, 1121, 41;
17, 287, 10, 308, 335, -6, 69, 1119, 42;
21, 288, 13, 338, 332, 1, 85, 1125, 52;
25, 289, 15, 366, 327, 7, 98, 1128, 60;
21, 283, 10, 370, 298, -8, 83, 1104, 40;
28, 287, 15, 408, 303, 8, 110, 1120, 61;
25, 282, 11, 414, 277, -3, 99, 1100, 46;
30, 284, 15, 444, 274, 8, 119, 1109, 61;
30, 282, 15, 459, 257, 6, 120, 1101, 58;
32, 281, 15, 477, 243, 7, 126, 1097, 60;
33, 280, 16, 493, 228, 9, 132, 1093, 62;
32, 276, 13, 499, 204, 1, 125, 1077, 52;
31, 273, 12, 508, 183, -2, 124, 1066, 48;
35, 274, 14, 528, 174, 5, 136, 1069, 57;
32, 269, 11, 528, 145, -4, 126, 1050, 44;
33, 267, 11, 538, 127, -4, 129, 1043, 44;
37, 270, 15, 559, 122, 8, 147, 1053, 61;
36, 266, 13, 559, 97, 1, 140, 1037, 52;
35, 263, 12, 561, 75, -1, 137, 1026, 48;
37, 263, 14, 572, 62, 4, 146, 1027, 56;
40, 264, 16, 583, 50, 12, 157, 1029, 66;
33, 255, 10, 564, 10, -8, 131, 996, 40;
37, 257, 14, 577, 3, 3, 147, 1004, 55;
33, 251, 10, 564, -27, -8, 131, 982, 40;
36, 253, 13, 572, -37, 1, 143, 987, 52;
39, 254, 16, 579, -46, 11, 155, 992, 64;
32, 245, 9, 553, -86, -9, 128, 959, 38;
36, 247, 13, 560, -93, 2, 141, 967, 53;
38, 249, 16, 562, -103, 11, 150, 971, 64;
31, 240, 10, 533, -142, -9, 123, 938, 39;
30, 238, 9, 521, -162, -11, 118, 929, 36;
36, 243, 16, 532, -159, 9, 141, 948, 62;
29, 235, 10, 502, -194, -8, 116, 919, 40;
28, 233, 9, 486, -214, -11, 109, 909, 36;
28, 232, 10, 476, -227, -7, 110, 908, 41;
28, 232, 11, 464, -240, -5, 110, 905, 44;
26, 230, 10, 446, -258, -6, 104, 897, 42;
31, 234, 16, 447, -254, 11, 122, 915, 65;
27, 230, 13, 421, -277, 2, 107, 898, 54;
26, 229, 14, 403, -289, 4, 104, 895, 56;
26, 229, 15, 387, -299, 8, 104, 895, 61;
19, 222, 9, 346, -331, -11, 74, 865, 36;
21, 224, 12, 336, -332, 0, 83, 875, 50;
19, 222, 12, 312, -344, -2, 75, 869, 48;
20, 224, 14, 297, -346, 5, 79, 875, 58;
15, 219, 11, 262, -367, -5, 59, 857, 44;
13, 218, 10, 237, -377, -6, 52, 852, 42;
14, 220, 13, 221, -377, 1, 56, 860, 52;
9, 217, 10, 186, -393, -7, 38, 846, 41;
9, 217, 12, 165, -394, -2, 38, 850, 47;
11, 221, 15, 151, -388, 8, 46, 862, 62;
5, 215, 10, 108, -408, -7, 19, 841, 41;
8, 220, 15, 97, -396, 7, 32, 858, 60;
2, 215, 11, 56, -413, -6, 8, 840, 43;
4, 219, 14, 41, -403, 5, 15, 854, 57;
2, 219, 15, 16, -402, 7, 11, 856, 60;
-1, 217, 13, -18, -409, 0, -4, 846, 50;
-4, 215, 11, -51, -414, -6, -18, 839, 43;
-7, 214, 10, -80, -415, -8, -28, 837, 40;
-6, 217, 12, -98, -404, 0, -24, 848, 50;
-10, 215, 10, -133, -408, -8, -41, 840, 40;
-6, 221, 16, -140, -384, 10, -24, 865, 64;
-7, 222, 16, -165, -377, 12, -28, 869, 66;
-14, 217, 11, -208, -389, -5, -57, 849, 43;
-16, 218, 10, -234, -382, -6, -64, 851, 42;
-12, 224, 16, -240, -356, 11, -48, 876, 65;
-21, 218, 9, -287, -370, -11, -82, 851, 36;
-16, 225, 15, -292, -341, 7, -65, 879, 60;
-20, 223, 12, -323, -340, -1, -81, 871, 49;
-21, 225, 13, -342, -325, 1, -83, 880, 53;
-25, 223, 10, -373, -323, -7, -100, 872, 41;
-27, 224, 10, -395, -312, -9, -107, 875, 39;
-23, 231, 15, -397, -281, 8, -90, 901, 61;
-28, 228, 11, -430, -281, -5, -112, 889, 43;
-31, 228, 9, -452, -271, -10, -122, 889, 38;
-29, 232, 12, -459, -246, 0, -114, 907, 50;
-31, 233, 11, -478, -234, -4, -123, 908, 45;
-29, 237, 15, -482, -207, 6, -113, 928, 58;
-28, 241, 16, -491, -185, 11, -110, 940, 65;
-33, 238, 12, -517, -182, -2, -130, 929, 48;
-32, 242, 14, -521, -157, 4, -124, 945, 57;
-37, 239, 10, -545, -153, -9, -144, 934, 39;
-33, 245, 14, -540, -121, 5, -129, 959, 57;
-32, 249, 16, -544, -98, 9, -126, 971, 62;
-34, 249, 14, -554, -84, 5, -132, 973, 57;
-38, 247, 10, -573, -78, -7, -150, 963, 41;
-33, 254, 16, -559, -42, 9, -129, 992, 62;
-37, 251, 11, -576, -36, -4, -148, 982, 45;
-37, 254, 12, -575, -15, -2, -145, 992, 48;
-38, 254, 10, -580, 0, -6, -151, 993, 42;
-39, 255, 9, -582, 15, -10, -155, 996, 38;
-35, 261, 14, -567, 48, 3, -137, 1020, 54;
-33, 265, 15, -558, 72, 8, -130, 1034, 61;
-34, 265, 13, -558, 86, 2, -136, 1034, 54;
-32, 269, 16, -545, 112, 10, -125, 1051, 64;
-32, 270, 15, -539, 129, 8, -125, 1055, 61;
-37, 266, 9, -550, 128, -10, -147, 1038, 37;
-35, 269, 11, -534, 152, -4, -137, 1052, 45;
-34, 271, 11, -524, 169, -5, -135, 1058, 44;
-31, 275, 13, -505, 193, 1, -124, 1073, 52;
-33, 274, 11, -498, 203, -5, -129, 1071, 44;
-33, 275, 10, -488, 216, -8, -130, 1072, 39;
-30, 278, 11, -467, 237, -3, -119, 1085, 46;
-24, 284, 16, -436, 267, 11, -97, 1109, 64;
-28, 281, 12, -433, 268, -2, -110, 1097, 47;
-22, 287, 16, -400, 296, 11, -88, 1120, 64;
-26, 283, 11, -396, 295, -3, -101, 1107, 46;
-20, 289, 16, -362, 321, 10, -80, 1128, 63;
-23, 286, 12, -354, 320, -3, -91, 1116, 47;
-23, 285, 10, -338, 327, -8, -92, 1114, 40;
-17, 291, 15, -301, 352, 6, -68, 1136, 58;
-20, 288, 10, -291, 348, -7, -79, 1123, 41;
-18, 289, 11, -266, 359, -6, -72, 1128, 43;
-17, 290, 11, -242, 367, -6, -66, 1131, 43;
-9, 296, 16, -199, 392, 11, -38, 1156, 65;
-14, 290, 9, -195, 378, -9, -58, 1132, 38;
-12, 291, 10, -167, 386, -7, -49, 1137, 41;
-8, 295, 13, -132, 400, 1, -31, 1150, 52;
-4, 297, 15, -100, 409, 7, -17, 1159, 60;
-7, 292, 10, -89, 397, -8, -30, 1140, 40;
-4, 294, 12, -57, 404, -3, -17, 1148, 47;
0, 296, 14, -22, 413, 4, -1, 1158, 56;
-2, 293, 10, -6, 402, -6, -8, 1144, 42;
-1, 292, 9, 17, 399, -9, -5, 1140, 38;
3, 295, 12, 53, 407, 0, 12, 1151, 50;
3, 293, 11, 75, 399, -5, 12, 1144, 43;
7, 295, 13, 110, 405, 2, 30, 1153, 54;
11, 297, 16, 143, 407, 9, 44, 1160, 62;
7, 291, 10, 152, 386, -7, 30, 1138, 42;
12, 294, 13, 188, 390, 2, 49, 1147, 53;
11, 290, 11, 204, 374, -6, 44, 1134, 42;
17, 294, 15, 243, 381, 7, 68, 1149, 60;
15, 290, 12, 258, 362, -2, 61, 1133, 48;
21, 293, 16, 294, 366, 10, 83, 1145, 64;
17, 287, 10, 300, 339, -6, 68, 1120, 42;
24, 291, 16, 339, 344, 9, 93, 1136, 62;
21, 286, 12, 348, 321, -2, 84, 1117, 47;
24, 287, 14, 375, 314, 2, 96, 1119, 54;
27, 287, 15, 401, 307, 8, 108, 1122, 61;
23, 281, 10, 403, 277, -8, 92, 1096, 40;
27, 282, 13, 430, 271, 0, 107, 1101, 51;
31, 283, 15, 456, 265, 9, 122, 1106, 62;
26, 276, 9, 453, 230, -10, 102, 1076, 37;
34, 281, 16, 490, 235, 10, 132, 1097, 64;
30, 275, 11, 490, 204, -3, 118, 1073, 46;
33, 275, 14, 510, 195, 3, 130, 1075, 55;
33, 273, 13, 519, 175, 0, 130, 1066, 51;
35, 272, 14, 534, 161, 4, 137, 1064, 57;
37, 272, 16, 549, 148, 10, 146, 1064, 63;
38, 270, 16, 557, 130, 9, 148, 1056, 62;
34, 264, 11, 551, 97, -4, 132, 1032, 45;
39, 268, 16, 573, 94, 11, 154, 1045, 65;
35, 261, 11, 563, 60, -3, 136, 1019, 46;
36, 260, 12, 569, 44, 0, 140, 1015, 49;
39, 261, 15, 581, 34, 8, 152, 1020, 61;
37, 257, 13, 576, 8, 2, 145, 1005, 53;
38, 256, 14, 578, -7, 5, 149, 1001, 57;
33, 250, 10, 562, -41, -9, 130, 976, 39;
34, 249, 11, 563, -57, -5, 134, 973, 43;
39, 253, 16, 575, -59, 10, 153, 986, 64;
37, 249, 14, 564, -85, 4, 144, 971, 56;
38, 249, 16, 563, -97, 10, 150, 972, 63;
35, 245, 14, 549, -123, 3, 139, 956, 55;
36, 245, 15, 545, -136, 8, 143, 956, 61;
36, 243, 15, 534, -154, 7, 140, 948, 60;
36, 242, 16, 525, -170, 10, 140, 945, 63;
32, 237, 13, 503, -196, 1, 126, 927, 52;
27, 232, 9, 479, -224, -10, 109, 907, 38;
26, 230, 9, 463, -241, -10, 104, 900, 37;
29, 233, 13, 459, -245, 0, 115, 909, 52;
30, 234, 15, 450, -252, 8, 120, 912, 61;
26, 229, 12, 422, -277, -1, 103, 894, 48;
24, 227, 11, 400, -294, -4, 94, 885, 44;
25, 228, 14, 390, -298, 4, 101, 892, 56;
19, 222, 9, 354, -326, -11, 77, 868, 37;
18, 221, 9, 334, -337, -9, 73, 865, 38;
17, 221, 10, 313, -347, -8, 69, 862, 40;
17, 221, 11, 294, -354, -4, 68, 863, 44;
16, 220, 11, 272, -362, -3, 63, 861, 46;
14, 219, 11, 246, -373, -5, 55, 855, 43;
11, 217, 10, 218, -385, -9, 44, 847, 39;
11, 218, 11, 198, -387, -4, 45, 851, 45;
9, 217, 10, 170, -396, -6, 35, 846, 42;
8, 217, 12, 148, -398, -2, 33, 848, 47;
4, 214, 9, 114, -410, -11, 17, 837, 37;
6, 218, 13, 100, -401, 1, 26, 851, 53;
1, 214, 9, 62, -416, -9, 5, 836, 38;
0, 213, 9, 33, -420, -11, -3, 833, 36;
2, 218, 14, 21, -406, 3, 8, 851, 55;
2, 220, 16, 1, -399, 10, 10, 859, 63;
0, 219, 15, -29, -402, 6, 0, 855, 59;
-3, 218, 13, -60, -404, 2, -12, 851, 54;
-7, 216, 11, -94, -409, -5, -28, 842, 44;
-7, 218, 13, -115, -400, 1, -27, 851, 52;
-10, 217, 12, -145, -399, -2, -39, 848, 47;
-11, 217, 11, -172, -395, -3, -46, 849, 46;
-9, 222, 15, -185, -376, 8, -37, 866, 61;
-14, 219, 12, -221, -380, -1, -56, 856, 48;
-14, 221, 13, -241, -368, 2, -57, 864, 53;
-16, 222, 13, -265, -359, 2, -63, 868, 54;
-17, 223, 13, -289, -350, 2, -69, 871, 54;
-19, 224, 13, -312, -340, 2, -75, 875, 53;
-18, 227, 15, -329, -323, 8, -73, 886, 60;
-26, 221, 9, -370, -332, -12, -104, 865, 35;
-23, 227, 13, -378, -306, 0, -93, 886, 52;
-22, 231, 16, -388, -283, 10, -86, 903, 64;
-24, 231, 15, -410, -273, 7, -94, 904, 60;
-25, 233, 15, -427, -257, 8, -98, 911, 61;
-32, 229, 9, -463, -261, -9, -125, 894, 38;
-30, 233, 12, -470, -236, -1, -118, 910, 49;
-34, 232, 9, -494, -229, -9, -132, 905, 38;
-27, 240, 16, -486, -190, 12, -108, 939, 66;
-32, 238, 12, -512, -187, 0, -128, 929, 49;
-36, 237, 10, -531, -177, -8, -141, 925, 39;
-30, 245, 16, -521, -139, 11, -118, 958, 65;
-33, 244, 14, -539, -129, 3, -131, 954, 54;
-33, 246, 14, -546, -109, 4, -131, 963, 56;
-31, 250, 16, -546, -84, 11, -124, 978, 65;
-36, 248, 12, -564, -77, 0, -141, 970, 49;
-37, 249, 11, -572, -62, -4, -147, 972, 44;
-33, 255, 16, -561, -28, 9, -129, 997, 63;
-38, 252, 11, -578, -24, -5, -149, 985, 43;
-34, 258, 14, -567, 6, 6, -135, 1007, 58;
-40, 254, 9, -584, 8, -11, -156, 993, 37;
-37, 258, 11, -575, 34, -4, -147, 1008, 45;
-36, 261, 12, -568, 56, 0, -142, 1020, 49;
-38, 261, 10, -572, 68, -8, -150, 1017, 40;
-38, 262, 9, -568, 85, -10, -152, 1022, 37;
-37, 265, 10, -557, 107, -6, -145, 1034, 42;
-36, 267, 11, -548, 126, -6, -142, 1041, 43;
-30, 274, 16, -521, 162, 11, -118, 1070, 65;
-36, 269, 9, -532, 158, -9, -142, 1050, 38;
-32, 274, 13, -509, 187, 1, -125, 1071, 53;
-34, 272, 9, -508, 193, -9, -136, 1063, 38;
-29, 278, 14, -481, 222, 3, -116, 1085, 54;
-26, 282, 16, -458, 247, 11, -102, 1102, 65;
-25, 283, 16, -443, 261, 9, -100, 1106, 63;
-31, 278, 9, -446, 255, -10, -121, 1086, 38;
-27, 282, 12, -421, 277, -2, -107, 1101, 47;
-27, 282, 10, -406, 287, -6, -107, 1101, 42;
-25, 284, 11, -383, 303, -3, -99, 1109, 46;
-23, 286, 12, -360, 318, -1, -91, 1117, 48;
-21, 288, 13, -337, 331, 0, -83, 1123, 50;
-19, 290, 13, -312, 345, 2, -75, 1131, 54;
-18, 290, 12, -292, 352, 0, -72, 1131, 50;
-19, 288, 10, -277, 353, -8, -77, 1124, 40;
-18, 288, 10, -253, 361, -9, -72, 1127, 39;
-14, 292, 12, -220, 377, 0, -55, 1140, 49;
-11, 294, 13, -192, 387, 2, -45, 1146, 53;
-8, 295, 14, -162, 397, 5, -34, 1153, 58;
-12, 290, 9, -153, 385, -11, -49, 1134, 37;
-9, 292, 10, -124, 393, -7, -38, 1139, 41;
-9, 291, 9, -100, 394, -10, -35, 1137, 37;
-6, 292, 10, -70, 399, -7, -25, 1142, 41;
0, 298, 15, -27, 417, 8, 2, 1163, 62;
-1, 295, 12, -10, 408, -1, -3, 1151, 49;
3, 298, 15, 26, 417, 8, 14, 1163, 61;
0, 292, 10, 35, 399, -9, 0, 1140, 39;
3, 294, 12, 69, 404, -2, 14, 1148, 47;
5, 294, 12, 96, 401, -1, 22, 1148, 48;
11, 298, 16, 135, 410, 10, 44, 1162, 64;
13, 297, 16, 161, 405, 10, 50, 1160, 64;
12, 295, 14, 181, 394, 4, 49, 1150, 56;
12, 293, 13, 202, 383, 0, 50, 1143, 51;
14, 292, 12, 227, 375, 0, 55, 1139, 50;
18, 294, 15, 260, 376, 8, 73, 1147, 61;
19, 292, 14, 281, 364, 5, 75, 1140, 57;
15, 286, 9, 288, 337, -11, 59, 1115, 36;
17, 285, 10, 313, 330, -8, 69, 1115, 39;
21, 287, 12, 342, 326, -1, 83, 1120, 48;
26, 290, 16, 377, 327, 11, 105, 1131, 65;
28, 289, 16, 397, 314, 11, 110, 1127, 65;
23, 281, 10, 396, 280, -8, 89, 1096, 39;
25, 280, 11, 418, 269, -6, 97, 1095, 43;
27, 280, 12, 439, 259, -2, 107, 1094, 48;
30, 281, 14, 462, 249, 3, 118, 1096, 55;
31, 279, 13, 477, 233, 2, 121, 1089, 54;
32, 278, 14, 493, 218, 4, 127, 1085, 56;
29, 272, 10, 495, 189, -7, 115, 1063, 41;
34, 275, 14, 520, 185, 4, 134, 1073, 57;
33, 271, 12, 525, 161, -1, 129, 1059, 49;
36, 272, 15, 543, 151, 6, 141, 1061, 58;
35, 269, 13, 547, 128, 1, 137, 1049, 53;
35, 267, 13, 554, 109, 1, 139, 1042, 52;
32, 261, 9, 548, 78, -11, 125, 1019, 37;
33, 261, 10, 558, 63, -6, 132, 1018, 42;
33, 258, 10, 561, 43, -8, 131, 1008, 40;
35, 258, 12, 569, 29, -2, 139, 1009, 47;
33, 254, 10, 564, 4, -8, 131, 993, 40;
35, 255, 12, 571, -8, -2, 140, 995, 48;
39, 257, 16, 582, -15, 10, 155, 1003, 63;
39, 255, 16, 581, -34, 10, 155, 996, 64;
36, 251, 13, 569, -61, 2, 144, 979, 54;
36, 249, 13, 564, -80, 2, 142, 972, 54;
33, 244, 10, 549, -108, -6, 129, 953, 42;
37, 247, 15, 555, -113, 6, 144, 963, 59;
32, 241, 11, 534, -144, -5, 127, 941, 44;
30, 237, 9, 518, -168, -11, 117, 927, 37;
35, 242, 15, 527, -165, 8, 139, 945, 61;
36, 241, 16, 518, -179, 11, 140, 943, 65;
27, 232, 9, 481, -220, -12, 107, 907, 36;
26, 231, 9, 467, -236, -11, 104, 901, 36;
32, 236, 16, 474, -230, 10, 128, 922, 63;
28, 231, 12, 446, -257, -1, 109, 902, 49;
26, 229, 12, 428, -272, -1, 104, 896, 48;
23, 226, 10, 404, -292, -7, 92, 884, 41;
25, 228, 13, 394, -296, 1, 100, 890, 53;
21, 224, 10, 364, -319, -8, 82, 873, 40;
20, 223, 11, 345, -329, -5, 80, 871, 43;
23, 226, 15, 338, -327, 8, 92, 885, 61;
21, 225, 15, 314, -338, 7, 85, 880, 60;
20, 224, 15, 291, -348, 7, 79, 876, 59;
13, 218, 10, 251, -374, -9, 53, 852, 39;
12, 218, 10, 227, -381, -8, 48, 850, 40;
17, 223, 16, 222, -369, 11, 66, 872, 65;
9, 216, 10, 178, -395, -7, 36, 845, 41;
6, 215, 9, 149, -403, -10, 27, 840, 38;
6, 215, 10, 126, -405, -7, 24, 842, 41;
4, 215, 10, 99, -410, -7, 17, 840, 41;
5, 217, 13, 80, -405, 0, 20, 848, 50;
1, 215, 11, 48, -413, -5, 6, 840, 44;
0, 214, 10, 19, -416, -7, -2, 837, 41;
1, 218, 14, 3, -406, 3, 4, 851, 55;
-1, 217, 13, -25, -407, 1, -4, 849, 53;
-2, 218, 13, -51, -405, 2, -10, 850, 53;
-6, 216, 12, -84, -408, -3, -24, 844, 46;
-5, 219, 14, -103, -398, 4, -21, 854, 56;
-7, 219, 14, -129, -394, 4, -28, 856, 56;
-12, 216, 10, -168, -402, -8, -50, 842, 40;
-14, 216, 10, -194, -396, -8, -56, 844, 40;
-12, 220, 13, -209, -379, 1, -50, 860, 53;
-17, 218, 10, -243, -381, -7, -68, 851, 41;
-19, 218, 10, -270, -374, -9, -76, 851, 39;
-21, 218, 9, -295, -366, -10, -84, 853, 37;
-17, 225, 15, -301, -339, 6, -68, 878, 58;
-20, 225, 13, -327, -333, 2, -79, 877, 53;
-21, 226, 13, -349, -321, 2, -84, 881, 53;
-21, 229, 15, -364, -303, 7, -82, 893, 60;
-27, 225, 10, -400, -306, -7, -107, 878, 41;
-24, 230, 14, -406, -279, 5, -95, 900, 57;
-24, 233, 15, -421, -262, 8, -96, 909, 61;
-27, 232, 13, -445, -253, 2, -107, 907, 54;
-27, 235, 14, -458, -235, 5, -108, 916, 57;
-33, 232, 10, -487, -232, -7, -129, 906, 41;
-29, 238, 14, -488, -203, 5, -116, 928, 57;
-34, 235, 10, -515, -200, -8, -136, 918, 40;
-34, 237, 11, -525, -180, -5, -136, 927, 43;
-35, 239, 11, -535, -161, -4, -137, 935, 44;
-33, 244, 14, -535, -134, 4, -129, 953, 56;
-35, 244, 12, -550, -122, -2, -139, 952, 48;
-39, 242, 9, -567, -113, -11, -153, 947, 36;
-33, 250, 15, -555, -76, 6, -131, 977, 59;
-35, 250, 13, -565, -63, 0, -140, 977, 51;
-33, 255, 16, -559, -34, 10, -128, 996, 63;
-36, 253, 12, -573, -26, 0, -143, 989, 49;
-40, 252, 9, -584, -17, -10, -156, 983, 37;
-35, 258, 13, -570, 15, 2, -139, 1008, 54;
-34, 261, 15, -565, 39, 6, -133, 1020, 59;
-35, 262, 14, -565, 55, 3, -136, 1024, 55;
-39, 260, 9, -574, 60, -9, -152, 1014, 38;
-39, 261, 9, -571, 78, -11, -153, 1019, 36;
-34, 267, 13, -551, 109, 1, -135, 1042, 53;
-36, 266, 11, -550, 121, -5, -141, 1040, 44;
-32, 272, 15, -530, 151, 6, -125, 1061, 58;
-35, 269, 10, -534, 155, -7, -140, 1051, 41;
-35, 270, 10, -524, 171, -9, -139, 1056, 39;
-35, 271, 9, -513, 186, -10, -138, 1060, 37;
-34, 273, 9, -499, 203, -10, -134, 1067, 38;
-30, 277, 12, -476, 228, -1, -120, 1083, 48;
-27, 281, 14, -453, 251, 5, -107, 1098, 57;
-24, 285, 16, -430, 272, 11, -95, 1111, 65;
-23, 286, 16, -414, 286, 10, -92, 1115, 63;
-22, 287, 16, -395, 300, 10, -87, 1121, 63;
-21, 288, 16, -375, 313, 10, -82, 1126, 64;
-24, 285, 11, -370, 311, -4, -96, 1112, 45;
-18, 291, 16, -334, 337, 10, -73, 1134, 63;
-18, 290, 15, -315, 345, 6, -71, 1134, 59;
-18, 290, 13, -298, 350, 1, -73, 1131, 52;
-15, 293, 15, -268, 366, 7, -59, 1143, 60;
-16, 291, 12, -253, 366, -1, -64, 1135, 49;
-10, 296, 16, -216, 387, 11, -42, 1154, 65;
-12, 293, 13, -200, 385, 1, -48, 1145, 53;
-10, 294, 14, -173, 393, 3, -39, 1150, 55;
-6, 296, 15, -142, 404, 8, -26, 1158, 61;
-6, 296, 14, -120, 404, 4, -24, 1155, 57;
-5, 296, 14, -95, 406, 3, -20, 1154, 54;
-4, 295, 13, -71, 406, 0, -17, 1151, 50;
-3, 294, 12, -47, 405, -2, -14, 1148, 47;
-1, 295, 13, -18, 409, 0, -4, 1152, 50;
3, 298, 15, 17, 418, 8, 12, 1163, 61;
0, 293, 10, 28, 401, -7, 0, 1143, 42;
3, 294, 12, 60, 404, -2, 12, 1148, 47;
4, 293, 11, 84, 399, -5, 16, 1144, 44;
5, 293, 11, 111, 396, -4, 22, 1143, 44;
8, 293, 12, 141, 395, -1, 33, 1146, 49;
13, 296, 15, 176, 399, 7, 51, 1155, 60;
11, 292, 12, 192, 383, -2, 45, 1141, 48;
10, 288, 9, 207, 366, -11, 39, 1126, 36;
15, 291, 12, 242, 369, -1, 58, 1136, 49;
15, 289, 11, 263, 357, -4, 60, 1129, 44;
18, 290, 13, 292, 353, 0, 73, 1132, 51;
18, 288, 11, 311, 338, -3, 73, 1123, 46;
18, 284, 9, 326, 321, -10, 70, 1110, 37;
22, 286, 12, 356, 317, -2, 86, 1116, 48;
23, 284, 12, 376, 304, -2, 90, 1111, 47;
27, 286, 15, 405, 300, 6, 106, 1117, 58;
24, 280, 10, 410, 272, -8, 93, 1094, 40;
30, 284, 15, 443, 273, 7, 117, 1108, 60;
25, 276, 9, 441, 239, -11, 98, 1079, 36;
32, 281, 15, 476, 242, 6, 125, 1096, 59;
30, 276, 12, 482, 217, -1, 118, 1079, 48;
33, 277, 14, 502, 207, 4, 129, 1081, 56;
30, 272, 10, 504, 179, -6, 118, 1060, 42;
34, 273, 14, 526, 171, 3, 134, 1067, 55;
37, 274, 16, 545, 162, 11, 147, 1070, 65;
37, 271, 15, 551, 141, 8, 145, 1059, 61;
34, 266, 12, 548, 111, -2, 134, 1039, 47;
34, 264, 11, 553, 91, -4, 133, 1030, 45;
34, 262, 11, 559, 72, -4, 134, 1023, 45;
35, 261, 12, 566, 56, -1, 139, 1020, 49;
39, 262, 15, 580, 47, 8, 153, 1025, 62;
39, 261, 15, 582, 28, 8, 153, 1018, 62;
34, 254, 11, 568, -5, -5, 136, 993, 44;
36, 254, 12, 572, -20, -1, 141, 991, 49;
39, 255, 16, 581, -28, 9, 154, 998, 63;
33, 247, 9, 558, -67, -9, 129, 966, 38;
37, 250, 14, 569, -71, 5, 147, 978, 57;
38, 250, 16, 568, -85, 10, 151, 976, 63;
37, 247, 15, 557, -108, 6, 144, 965, 58;
37, 246, 15, 550, -124, 7, 144, 960, 60;
37, 245, 16, 545, -139, 11, 147, 958, 65;
35, 242, 15, 529, -162, 6, 137, 944, 58;
29, 235, 9, 500, -196, -10, 114, 917, 38;
27, 233, 9, 486, -215, -12, 108, 909, 35;
29, 233, 11, 479, -224, -4, 114, 912, 45;
31, 235, 14, 473, -231, 3, 121, 916, 55;
26, 229, 10, 444, -259, -8, 101, 895, 40;
26, 229, 11, 430, -271, -5, 101, 893, 43;
26, 229, 13, 418, -280, 0, 104, 895, 51;
24, 227, 12, 397, -296, -2, 96, 887, 48;
20, 223, 9, 368, -318, -11, 80, 871, 37;
22, 225, 13, 359, -319, 0, 89, 881, 51;
21, 224, 13, 337, -330, 0, 84, 877, 51;
22, 226, 15, 323, -333, 8, 89, 883, 62;
20, 224, 15, 298, -346, 6, 80, 876, 58;
18, 222, 14, 272, -358, 3, 71, 869, 55;
18, 223, 15, 252, -362, 8, 71, 872, 61;
10, 216, 9, 207, -390, -12, 39, 843, 35;
14, 221, 15, 201, -378, 7, 57, 865, 59;
13, 221, 15, 177, -383, 8, 52, 864, 61;
10, 220, 14, 147, -391, 5, 42, 858, 57;
5, 216, 11, 111, -406, -4, 22, 844, 45;
9, 221, 16, 100, -393, 11, 36, 862, 64;
6, 220, 15, 71, -399, 8, 25, 858, 61;
0, 215, 11, 31, -413, -4, 2, 841, 44;
1, 218, 14, 12, -406, 3, 6, 851, 55;
-1, 216, 12, -20, -411, -2, -7, 844, 48;
-5, 214, 10, -52, -416, -7, -20, 837, 41;
-5, 216, 11, -76, -410, -4, -23, 842, 45;
-9, 214, 10, -108, -413, -9, -36, 837, 39;
-5, 220, 15, -118, -393, 6, -23, 858, 58;
-13, 214, 9, -163, -406, -11, -52, 838, 36;
-13, 217, 11, -182, -395, -5, -51, 847, 43;
-16, 216, 9, -213, -394, -11, -64, 843, 37;
-12, 222, 15, -221, -369, 6, -48, 867, 59;
-19, 217, 9, -262, -378, -10, -75, 849, 38;
-17, 222, 13, -276, -358, 0, -68, 866, 51;
-19, 222, 12, -302, -352, -2, -77, 866, 47;
-16, 227, 16, -310, -326, 12, -65, 888, 66;
-21, 225, 13, -344, -327, 0, -85, 878, 51;
-24, 224, 11, -369, -319, -4, -95, 877, 45;
-25, 226, 12, -387, -304, -1, -98, 884, 48;
-22, 231, 16, -396, -280, 9, -88, 903, 62;
-26, 230, 13, -422, -274, 1, -103, 899, 53;
-29, 230, 12, -445, -264, -3, -113, 898, 47;
-29, 232, 12, -460, -247, -1, -116, 906, 48;
-30, 234, 12, -475, -230, 0, -118, 913, 50;
-30, 236, 13, -487, -212, 1, -120, 921, 52;
-29, 240, 16, -493, -187, 9, -113, 938, 62;
-30, 241, 15, -507, -172, 7, -118, 942, 60;
-33, 241, 13, -525, -161, 1, -129, 940, 52;
-32, 243, 14, -532, -140, 4, -127, 951, 56;
-30, 248, 16, -533, -114, 12, -120, 967, 66;
-32, 248, 15, -546, -100, 7, -128, 968, 60;
-38, 244, 9, -570, -99, -10, -151, 954, 38;
-34, 251, 14, -560, -65, 5, -134, 980, 57;
-36, 251, 12, -570, -52, -1, -143, 979, 49;
-36, 253, 13, -571, -31, 0, -141, 988, 51;
-36, 255, 13, -573, -13, 0, -142, 995, 50;
-38, 254, 10, -580, 0, -6, -151, 994, 42;
-35, 260, 14, -568, 30, 4, -137, 1015, 56;
-39, 257, 9, -580, 34, -10, -154, 1003, 38;
-33, 265, 15, -558, 72, 8, -130, 1034, 61;
-37, 262, 11, -567, 77, -5, -147, 1023, 43;
-38, 262, 9, -566, 91, -10, -151, 1025, 38;
-31, 271, 16, -538, 130, 10, -123, 1057, 63;
-36, 267, 10, -547, 131, -7, -143, 1042, 41;
-34, 271, 12, -531, 155, 0, -133, 1057, 49;
-31, 274, 14, -514, 178, 4, -123, 1070, 56;
-29, 278, 16, -496, 201, 10, -113, 1084, 63;
-32, 275, 12, -495, 206, -1, -125, 1075, 48;
-30, 277, 12, -480, 224, 0, -120, 1082, 49;
-29, 279, 13, -462, 242, 1, -113, 1091, 52;
-27, 281, 13, -445, 258, 2, -108, 1098, 53;
-30, 279, 10, -439, 262, -8, -117, 1090, 40;
-29, 280, 9, -422, 274, -10, -115, 1092, 37;
-24, 285, 13, -389, 301, 2, -94, 1114, 54;
-26, 283, 10, -379, 304, -7, -101, 1107, 42;
-19, 290, 15, -342, 332, 8, -76, 1131, 62;
-19, 289, 14, -325, 339, 3, -77, 1129, 55;
-16, 292, 15, -299, 354, 8, -66, 1139, 61;
-15, 293, 16, -275, 365, 9, -59, 1144, 62;
-19, 288, 9, -270, 355, -9, -77, 1123, 38;
-16, 290, 11, -239, 369, -3, -63, 1134, 46;
-16, 289, 9, -220, 371, -9, -64, 1130, 38;
-10, 295, 14, -180, 393, 5, -39, 1151, 58;
-13, 290, 9, -170, 383, -10, -52, 1134, 38;
-6, 296, 14, -128, 404, 5, -26, 1155, 57;
-9, 292, 10, -115, 394, -8, -37, 1139, 40;
-8, 291, 9, -92, 394, -11, -34, 1137, 37;
-7, 291, 9, -65, 396, -11, -28, 1137, 36;
1, 298, 16, -17, 418, 9, 4, 1164, 62;
18, 28, 12, 1680, 2516, 2267, 70, 111, 48;
15, 18, 12, 4117, 5371, 1926, 61, 70, 50;
0, 21, 10, 1760, 4203, 2625, 2, 85, 42;
4, 17, 12, 3063, 4959, 1624, 18, 67, 47;
17, 6, 8, 4067, 3383, 2828, 69, 24, 32;
10, 10, 7, 2660, 2546, 1073, 39, 39, 29;
17, 30, 6, 3305, 4280, 1926, 66, 119, 26;
1, 19, 6, 1565, 3533, 2845, 3, 77, 23;
10, 10, 4, 3826, 4404, 2879, 42, 41, 17;
19, 26, 11, 2532, 2648, 2092, 76, 105, 44;
12, 6, 8, 2726, 3319, 1673, 49, 24, 33;
14, 7, 5, 4265, 2080, 2067, 54, 30, 23;
4, 12, 10, 2427, 4806, 2462, 15, 50, 41;
11, 13, 3, 1790, 2727, 1059, 44, 54, 12;
19, 30, 6, 1684, 3976, 2473, 75, 117, 23;
12, 23, 4, 3573, 3450, 1761, 48, 92, 18;
4, 15, 6, 3941, 4986, 2453, 16, 59, 24;
18, 5, 7, 4072, 2369, 1566, 73, 21, 28;
14, 27, 1, 1549, 4891, 2574, 55, 107, 4;
18, 8, 1, 3153, 3907, 1990, 72, 32, 4;
16, 9, 3, 1844, 4564, 1102, 64, 37, 12;
18, 1, 4, 2969, 3121, 1773, 70, 7, 16;
11, 12, 9, 3800, 3587, 2787, 45, 48, 38;
0, 4, 8, 1776, 2158, 2521, 1, 17, 31;
14, 2, 8, 1885, 2678, 1959, 56, 8, 34;
8, 19, 0, 3510, 3063, 2312, 33, 75, 0;
8, 20, 2, 3393, 4250, 2775, 32, 80, 11;
20, 2, 11, 3581, 2604, 1569, 79, 11, 44;
15, 8, 2, 1591, 4192, 1402, 61, 32, 8;
7, 7, 3, 1877, 3239, 1192, 27, 30, 15;
2, 10, 0, 2504, 2314, 1136, 9, 41, 2;
17, 30, 5, 4182, 4000, 1324, 67, 117, 20;
1, 15, 0, 2137, 2875, 2295, 7, 59, 0;
12, 2, 5, 2969, 4937, 1704, 50, 10, 21;
18, 5, 11, 2941, 4225, 1598, 74, 22, 43;
18, 23, 12, 2114, 3004, 2071, 71, 92, 46;
18, 22, 0, 2736, 4936, 2614, 71, 86, 1;
13, 9, 9, 2469, 4685, 1128, 54, 35, 35;
4, 20, 6, 1492, 2131, 2333, 17, 79, 26;
5, 25, 1, 2525, 2507, 1181, 23, 98, 6;
18, 23, 12, 2276, 4924, 2870, 74, 90, 50;
15, 7, 9, 2779, 3402, 1312, 61, 27, 37;
20, 17, 9, 1873, 4142, 1053, 79, 69, 37;
5, 27, 7, 2694, 4647, 2209, 19, 105, 30;
14, 28, 10, 1795, 4154, 1407, 54, 112, 39;
3, 6, 0, 4307, 3335, 1550, 14, 23, 3;
3, 3, 1, 2323, 2499, 1834, 12, 13, 4;
17, 10, 6, 2747, 3050, 1541, 66, 40, 25;
2, 18, 2, 3685, 2894, 2053, 10, 73, 10;
4, 14, 11, 1948, 3643, 2539, 19, 54, 43;
16, 12, 2, 3598, 2655, 2908, 63, 48, 8;
11, 20, 1, 3126, 3672, 2196, 45, 79, 5;
1, 1, 6, 2401, 4232, 1665, 4, 5, 27;
4, 3, 0, 4331, 4410, 1514, 18, 12, 1;
11, 7, 10, 2968, 2200, 2766, 43, 30, 40;
6, 17, 2, 2997, 4771, 2469, 23, 67, 11;
4, 20, 6, 2164, 5190, 1900, 18, 78, 23;
20, 23, 3, 2777, 2409, 2089, 78, 90, 13;
1, 6, 7, 3834, 5301, 2341, 7, 23, 28;
0, 24, 10, 2231, 4074, 2867, 1, 95, 39;
3, 17, 8, 1833, 5104, 2821, 14, 66, 33;
8, 3, 7, 2118, 3265, 1299, 34, 15, 31;
12, 14, 10, 2803, 3301, 1518, 47, 57, 42;
13, 4, 7, 3144, 4944, 2352, 54, 17, 30;
4, 0, 6, 3384, 1912, 1125, 18, 3, 25;
14, 23, 12, 2744, 2948, 1951, 55, 91, 48;
3, 15, 12, 1660, 5315, 1212, 14, 59, 47;
19, 24, 0, 3125, 3229, 2492, 76, 95, 1;
16, 16, 10, 4182, 2501, 2407, 65, 66, 40;
17, 23, 4, 2622, 4534, 2608, 69, 90, 18;
14, 24, 0, 2939, 2545, 2191, 57, 95, 2;
16, 4, 4, 4062, 5318, 2827, 64, 17, 16;
5, 18, 12, 4074, 5176, 1830, 23, 70, 49;
5, 14, 3, 2012, 2563, 2523, 20, 54, 12;
3, 17, 9, 1973, 5338, 2369, 12, 67, 37;
11, 6, 11, 2219, 3632, 1106, 44, 26, 46;
18, 27, 9, 1813, 5173, 1058, 73, 107, 35;
7, 18, 6, 2429, 4968, 1583, 27, 72, 25;
17, 14, 6, 2661, 5360, 2720, 66, 57, 26;
4, 4, 3, 4415, 3200, 1442, 15, 17, 12;
601, 878, 462, 5261, 4605, 3130, 2343, 3424, 1802;
726, 815, 417, 5051, 4421, 3003, 2831, 3181, 1628;
670, 875, 446, 4835, 4230, 2868, 2616, 3413, 1740;
529, 687, 418, 4654, 4073, 2764, 2064, 2679, 1632;
577, 868, 322, 4485, 3926, 2669, 2252, 3386, 1257;
516, 692, 422, 4295, 3758, 2550, 2012, 2700, 1647;
509, 744, 331, 4134, 3618, 2458, 1987, 2904, 1291;
532, 824, 324, 3940, 3445, 2330, 2074, 3215, 1264;
453, 699, 312, 3806, 3330, 2259, 1768, 2727, 1220;
426, 683, 291, 3644, 3187, 2157, 1664, 2664, 1135;
402, 726, 297, 3515, 3076, 2087, 1570, 2831, 1162;
390, 737, 244, 3365, 2943, 1993, 1522, 2878, 952;
388, 743, 230, 3246, 2840, 1927, 1516, 2899, 897;
414, 680, 256, 3117, 2727, 1850, 1614, 2654, 1001;
389, 540, 209, 2973, 2599, 1756, 1520, 2106, 815;
373, 644, 247, 2855, 2495, 1685, 1456, 2514, 966;
377, 597, 202, 2742, 2396, 1618, 1472, 2330, 789;
330, 509, 266, 2680, 2347, 1600, 1287, 1988, 1040;
280, 521, 184, 2552, 2233, 1515, 1094, 2032, 719;
279, 486, 218, 2461, 2154, 1464, 1089, 1898, 853;
342, 479, 190, 2335, 2041, 1378, 1334, 1868, 743;
296, 530, 202, 2255, 1971, 1334, 1154, 2070, 789;
263, 485, 168, 2191, 1919, 1307, 1026, 1893, 657;
290, 537, 183, 2091, 1830, 1242, 1132, 2094, 715;
244, 539, 144, 1985, 1734, 1169, 951, 2102, 564;
218, 437, 134, 1913, 1672, 1129, 853, 1706, 523;
224, 459, 144, 1856, 1624, 1103, 875, 1793, 562;
236, 482, 162, 1780, 1557, 1056, 921, 1881, 635;
217, 491, 164, 1731, 1517, 1036, 848, 1916, 642;
217, 500, 149, 1647, 1441, 979, 849, 1951, 583;
193, 459, 151, 1597, 1399, 955, 755, 1793, 591;
207, 479, 139, 1531, 1341, 914, 808, 1870, 542;
210, 396, 121, 1482, 1300, 889, 819, 1546, 473;
154, 409, 115, 1380, 1205, 811, 603, 1597, 449;
163, 429, 109, 1322, 1154, 775, 636, 1676, 425;
154, 405, 89, 1271, 1110, 746, 602, 1581, 347;
176, 370, 119, 1247, 1092, 742, 687, 1445, 467;
146, 411, 86, 1174, 1025, 689, 572, 1604, 338;
163, 383, 88, 1143, 999, 677, 635, 1495, 344;
148, 412, 101, 1111, 973, 663, 579, 1608, 396;
141, 386, 87, 1082, 949, 651, 553, 1508, 340;
124, 378, 91, 998, 871, 585, 486, 1475, 356;
116, 347, 84, 976, 854, 579, 454, 1354, 330;
132, 346, 85, 934, 817, 552, 516, 1350, 331;
120, 346, 86, 924, 812, 558, 469, 1349, 337;
131, 364, 85, 890, 782, 538, 511, 1419, 333;
92, 345, 77, 822, 717, 483, 360, 1345, 303;
112, 353, 62, 819, 719, 493, 440, 1379, 245;
84, 335, 59, 758, 662, 445, 329, 1308, 232;
106, 338, 73, 740, 647, 440, 414, 1318, 287;
82, 365, 65, 731, 642, 443, 321, 1426, 254;
81, 344, 54, 670, 585, 393, 316, 1344, 213;
72, 316, 56, 638, 556, 372, 283, 1232, 222;
67, 323, 56, 616, 538, 361, 262, 1262, 220;
88, 332, 54, 600, 524, 354, 346, 1296, 211;
76, 327, 50, 602, 530, 366, 299, 1275, 197;
73, 341, 46, 572, 502, 345, 288, 1332, 182;
73, 332, 42, 529, 462, 311, 288, 1296, 167;
78, 336, 45, 537, 472, 327, 305, 1312, 177;
65, 319, 40, 478, 416, 277, 255, 1246, 159;
60, 309, 34, 466, 407, 273, 236, 1207, 135;
64, 320, 36, 450, 393, 264, 252, 1248, 142;
64, 314, 35, 436, 381, 257, 250, 1226, 140;
65, 304, 36, 445, 392, 273, 253, 1186, 142;
62, 314, 41, 425, 375, 261, 242, 1225, 163;
52, 288, 32, 367, 318, 209, 205, 1125, 126;
40, 293, 27, 363, 317, 211, 159, 1146, 108;
45, 294, 29, 347, 302, 201, 176, 1149, 116;
42, 293, 33, 353, 310, 213, 165, 1145, 130;
47, 287, 28, 336, 295, 201, 187, 1120, 109;
48, 288, 33, 332, 292, 203, 190, 1124, 128;
38, 287, 29, 306, 268, 182, 150, 1120, 113;
47, 301, 24, 317, 280, 198, 185, 1177, 96;
39, 293, 24, 284, 248, 169, 152, 1145, 94;
30, 281, 21, 261, 227, 150, 119, 1096, 82;
39, 285, 26, 279, 247, 173, 154, 1112, 103;
38, 297, 23, 273, 241, 171, 149, 1159, 92;
33, 296, 21, 265, 235, 167, 131, 1155, 84;
29, 277, 17, 211, 182, 117, 113, 1082, 66;
33, 286, 22, 243, 215, 153, 131, 1119, 86;
1, 256, 1, 1, 1, 1, 6, 1000, 4;
1, 256, 0, 0, 0, 0, 5, 1000, 3;
1, 256, 0, 1, 1, 1, 5, 1000, 3;
1, 256, 0, 0, 0, 0, 5, 1000, 3;
1, 256, 0, 0, 0, 0, 4, 999, 2;
1, 256, 0, 0, 0, 0, 5, 1000, 3;
1, 256, 0, 0, 0, 0, 5, 1000, 3;
1, 256, 0, 0, 0, 0, 4, 999, 2;
1, 256, 0, 0, 0, 0, 4, 999, 2;
1, 256, 0, 0, 0, 0, 5, 1000, 3;
1, 256, 0, -1, -1, -1, 4, 999, 2;
1, 256, 1, 1, 1, 1, 6, 1001, 4;
1, 256, 0, -1, -1, -1, 4, 999, 2;
1, 256, 0, 0, 0, 0, 5, 1000, 3;
1, 256, 0, -1, -1, -1, 4, 999, 2;
1, 256, 0, 0, 0, 0, 5, 1000, 3;
1, 256, 0, 0, 0, 0, 5, 1000, 3;
1, 256, 0, 0, 0, 0, 5, 999, 2;
1, 256, 0, 0, 0, 0, 5, 999, 3;
1, 256, 0, -1, -1, -1, 4, 999, 2;
1, 256, 0, -1, -1, -1, 3, 998, 1;
1, 256, 0, -1, -1, -1, 4, 999, 2;
1, 256, 0, 0, 0, 0, 5, 1000, 3;
1, 256, 0, 0, 0, 0, 5, 1000, 3;
1, 256, 0, 0, 0, 0, 4, 999, 2;
1, 256, 0, 0, 0, 0, 5, 1000, 3;
1, 256, 0, -1, -1, -1, 4, 998, 2;
1, 256, 0, 0, 0, 0, 4, 999, 2;
1, 256, 0, 0, 0, 0, 4, 999, 2;
1, 256, 0, 0, 0, 0, 5, 1000, 3;
1, 256, 0, 0, 0, 0, 5, 1000, 3;
1, 256, 0, 0, 0, 0, 5, 1000, 3;
1, 256, 0, 0, 0, 0, 5, 1000, 3;
1, 256, 0, 0, 0, 0, 5, 1000, 3;
1, 256, 0, 0, 0, 0, 5, 1000, 3;
1, 256, 1, 1, 1, 1, 6, 1000, 3;
1, 256, 0, 0, 0, 0, 5, 999, 3;
1, 256, 0, 0, 0, 0, 5, 1000, 3;
1, 256, 0, 0, 0, 0, 4, 999, 2;
1, 256, 0, 1, 1, 1, 5, 1000, 3;
1, 256, 1, 1, 1, 1, 6, 1001, 4;
1, 256, 0, 0, 0, 0, 4, 999, 2;
1, 256, 0, 0, 0, 0, 4, 999, 2;
1, 256, 1, 1, 1, 1, 6, 1001, 4;
1, 256, 1, 1, 1, 1, 6, 1000, 4;
1, 256, 0, -1, -1, -1, 4, 999, 2;
1, 256, 0, -1, -1, -1, 4, 999, 2;
1, 256, 0, 0, 0, 0, 4, 999, 2;
1, 256, 0, 0, 0, 0, 5, 999, 2;
1, 256, 0, 1, 1, 1, 5, 1000, 3;
1, 256, 0, -1, -1, -1, 3, 998, 1;
1, 256, 0, 0, 0, 0, 4, 999, 2;
1, 256, 0, 0, 0, 0, 5, 999, 2;
1, 256, 1, 1, 1, 1, 6, 1001, 4;
1, 256, 0, 0, 0, 0, 5, 1000, 3;
1, 256, 0, 0, 0, 0, 4, 999, 2;
1, 256, 0, -1, -1, -1, 4, 999, 2;
1, 256, 0, 0, 0, 0, 4, 999, 2;
1, 256, 0, -1, -1, -1, 3, 998, 1;
1, 256, 0, 0, 0, 0, 5, 1000, 3;
1, 256, 0, -1, -1, -1, 4, 999, 2;
1, 256, 1, 1, 1, 1, 6, 1001, 4;
1, 256, 0, 0, 0, 0, 4, 999, 2;
1, 256, 0, 0, 0, 0, 5, 1000, 3;
1, 256, 0, -1, -1, -1, 4, 999, 2;
1, 256, 0, 0, 0, 0, 4, 999, 2;
1, 256, 0, 0, 0, 0, 4, 999, 2;
1, 256, 0, 1, 1, 1, 5, 1000, 3;
1, 256, 0, 0, 0, 0, 4, 999, 2;
1, 256, 0, 0, 0, 0, 5, 1000, 3;
1, 256, 1, 1, 1, 1, 6, 1000, 3;
1, 256, 0, 0, 0, 0, 4, 999, 2;
1, 256, 0, 0, 0, 0, 5, 999, 3;
1, 256, 0, 0, 0, 0, 5, 999, 3;
1, 256, 0, 0, 0, 0, 5, 1000, 3;
1, 256, 1, 1, 1, 1, 6, 1001, 4;
1, 256, 0, 0, 0, 0, 4, 999, 2;
1, 256, 1, 1, 1, 1, 6, 1000, 4;
1, 256, 0, 0, 0, 0, 5, 1000, 3;
1, 256, 0, 1, 1, 1, 5, 1000, 3;
1, 256, 0, 0, 0, 0, 4, 999, 2;
1, 256, 0, 0, 0, 0, 5, 1000, 3;
1, 256, 0, 0, 0, 0, 4, 999, 2;
1, 256, 0, 0, 0, 0, 5, 1000, 3;
1, 256, 0, 0, 0, 0, 4, 999, 2;
1, 256, 1, 1, 1, 1, 6, 1001, 4;
1, 256, 0, 0, 0, 0, 4, 999, 2;
1, 256, 0, 0, 0, 0, 5, 1000, 3;
1, 256, 0, 0, 0, 0, 5, 1000, 3;
1, 256, 0, -1, -1, -1, 3, 998, 1;
1, 256, 1, 1, 1, 1, 6, 1001, 4;
1, 256, 0, 0, 0, 0, 5, 1000, 3;
1, 256, 0, 0, 0, 0, 5, 1000, 3;
1, 256, 0, -1, -1, -1, 3, 998, 1;
1, 256, 0, 0, 0, 0, 4, 999, 2;
1, 256, 0, 0, 0, 0, 5, 1000, 3;
1, 256, 0, 0, 0, 0, 4, 999, 2;
1, 256, 0, 0, 0, 0, 5, 1000, 3;
1, 256, 0, 0, 0, 0, 5, 1000, 3;
1, 256, 1, 1, 1, 1, 6, 1001, 4;
1, 256, 1, 1, 1, 1, 6, 1001, 4;
1, 256, 1, 1, 1, 1, 6, 1001, 4;
1, 256, 0, 0, 0, 0, 4, 999, 2;
1, 256, 0, 0, 0, 0, 4, 999, 2;
1, 256, 0, 0, 0, 0, 4, 999, 2;
1, 256, 1, 1, 1, 1, 6, 1001, 4;
1, 256, 0, 0, 0, 0, 4, 999, 2;
1, 256, 0, 0, 0, 0, 5, 1000, 3;
1, 256, 0, -1, -1, -1, 4, 999, 2;
1, 256, 0, 0, 0, 0, 4, 999, 2;
1, 256, 0, 0, 0, 0, 5, 1000, 3;
1, 256, 0, -1, -1, -1, 4, 999, 2;
1, 256, 0, 0, 0, 0, 5, 1000, 3;
1, 256, 1, 1, 1, 1, 6, 1000, 4;
1, 256, 0, 0, 0, 0, 4, 999, 2;
1, 256, 1, 1, 1, 1, 6, 1001, 4;
1, 256, 0, 0, 0, 0, 4, 999, 2;
1, 256, 0, -1, -1, -1, 4, 999, 2;
1, 256, 0, 0, 0, 0, 4, 999, 2;
1, 256, 0, -1, -1, -1, 4, 999, 2;
1, 256, 0, 0, 0, 0, 4, 999, 2;
1, 256, 0, 0, 0, 0, 4, 999, 2;
1, 256, 0, 0, 0, 0, 4, 999, 2;
1, 256, 1, 1, 1, 1, 6, 1001, 4;
1, 256, 0, 0, 0, 0, 4, 999, 2;
1, 256, 0, 0, 0, 0, 4, 999, 2;
1, 256, 1, 1, 1, 1, 6, 1001, 4;
1, 256, 0, -1, -1, -1, 4, 999, 2;
1, 256, 0, 0, 0, 0, 4, 999, 2;
1, 256, 0, -1, -1, -1, 4, 999, 2;
1, 256, 1, 1, 1, 1, 6, 1000, 4;
1, 256, 0, 0, 0, 0, 5, 1000, 3;
1, 256, 0, 0, 0, 0, 5, 999, 2;
1, 256, 0, 0, 0, 0, 4, 999, 2;
1, 256, 0, -1, -1, -1, 4, 999, 2;
1, 256, 0, 1, 1, 1, 5, 1000, 3;
1, 256, 0, 0, 0, 0, 4, 999, 2;
1, 256, 0, 0, 0, 0, 4, 999, 2;
1, 256, 0, 0, 0, 0, 4, 999, 2;
1, 256, 1, 1, 1, 1, 6, 1001, 4;
1, 256, 1, 1, 1, 1, 6, 1001, 4;
1, 256, 0, 0, 0, 0, 4, 999, 2;
1, 256, 0, 0, 0, 0, 5, 999, 2;
1, 256, 0, 0, 0, 0, 4, 999, 2;
1, 256, 0, 0, 0, 0, 4, 999, 2;
1, 256, 0, 1, 1, 1, 5, 1000, 3;
1, 256, 0, 1, 1, 1, 5, 1000, 3;
1, 256, 1, 1, 1, 1, 6, 1001, 4;
1, 256, 1, 1, 1, 1, 6, 1000, 4;
1, 256, 0, 0, 0, 0, 4, 999, 2;
1, 256, 0, 0, 0, 0, 4, 999, 2;
1, 256, 0, 0, 0, 0, 4, 999, 2;
1, 256, 1, 1, 1, 1, 6, 1001, 4;
1, 256, 0, 0, 0, 0, 4, 999, 2;
1, 256, 0, 0, 0, 0, 5, 1000, 3;
1, 256, 0, -1, -1, -1, 4, 999, 2;
1, 256, 0, -1, -1, -1, 4, 999, 2;
1, 256, 0, 0, 0, 0, 4, 999, 2;
1, 256, 0, 0, 0, 0, 5, 999, 2;
1, 256, 0, -1, -1, -1, 4, 999, 2;
1, 256, 0, 0, 0, 0, 5, 1000, 3;
1, 256, 0, -1, -1, -1, 4, 999, 2;
1, 256, 0, 0, 0, 0, 4, 999, 2;
1, 256, 1, 1, 1, 1, 6, 1000, 3;
1, 256, 0, -1, -1, -1, 4, 999, 2;
1, 256, 0, -1, -1, -1, 4, 998, 1;
1, 256, 0, -1, -1, -1, 4, 999, 2;
1, 256, 0, 0, 0, 0, 5, 1000, 3;
1, 256, 0, -1, -1, -1, 4, 999, 2;
1, 256, 1, 1, 1, 1, 6, 1001, 4;
1, 256, 1, 1, 1, 1, 6, 1001, 4;
1, 256, 0, 0, 0, 0, 5, 1000, 3;
1, 256, 0, -1, -1, -1, 4, 999, 2;
1, 256, 0, -1, -1, -1, 4, 999, 2;
1, 256, 1, 1, 1, 1, 6, 1001, 4;
1, 256, 0, -1, -1, -1, 4, 998, 1;
1, 256, 0, 0, 0, 0, 5, 1000, 3;
1, 256, 0, 0, 0, 0, 5, 1000, 3;
1, 256, 0, -1, -1, -1, 4, 998, 2;
1, 256, 0, -1, -1, -1, 4, 998, 1;
1, 256, 0, 0, 0, 0, 5, 1000, 3;
1, 256, 1, 1, 1, 1, 6, 1001, 4;
1, 256, 0, 0, 0, 0, 4, 999, 2;
1, 256, 0, -1, -1, -1, 4, 999, 2;
1, 256, 0, 0, 0, 0, 4, 999, 2;
1, 256, 0, 0, 0, 0, 5, 999, 3;
1, 256, 0, 0, 0, 0, 5, 1000, 3;
1, 256, 0, -1, -1, -1, 4, 999, 2;
1, 256, 0, -1, -1, -1, 4, 998, 2;
1, 256, 0, 0, 0, 0, 5, 1000, 3;
1, 256, 0, 0, 0, 0, 5, 1000, 3;
1, 256, 0, 0, 0, 0, 4, 999, 2;
1, 256, 0, -1, -1, -1, 4, 999, 2;
1, 256, 0, -1, -1, -1, 4, 999, 2;
1, 256, 0, -1, -1, -1, 4, 999, 2;
1, 256, 0, -1, -1, -1, 4, 999, 2;
1, 256, 0, 0, 0, 0, 4, 999, 2;
1, 256, 0, 0, 0, 0, 4, 999, 2;
1, 256, 1, 1, 1, 1, 6, 1000, 3;
1, 256, 1, 1, 1, 1, 6, 1001, 4;
1, 256, 0, 0, 0, 0, 4, 999, 2;
1, 256, 0, 1, 1, 1, 5, 1000, 3;
1, 256, 0, 1, 1, 1, 5, 1000, 3;
1, 256, 0, 1, 1, 1, 5, 1000, 3;
1, 256, 0, 0, 0, 0, 4, 999, 2;
1, 256, 0, 0, 0, 0, 5, 1000, 3;
1, 256, 1, 1, 1, 1, 6, 1001, 4;
1, 256, 0, 0, 0, 0, 5, 1000, 3;
1, 256, 0, 0, 0, 0, 5, 1000, 3;
1, 256, 0, 0, 0, 0, 4, 999, 2;
1, 256, 0, 0, 0, 0, 5, 1000, 3;
1, 256, 0, -1, -1, -1, 3, 998, 1;
1, 256, 0, 0, 0, 0, 4, 999, 2;
1, 256, 0, 1, 1, 1, 5, 1000, 3;
1, 256, 0, 0, 0, 0, 5, 1000, 3;
1, 256, 0, 0, 0, 0, 4, 999, 2;
1, 256, 0, 0, 0, 0, 5, 999, 3;
1, 256, 1, 1, 1, 1, 5, 1000, 3;
1, 256, 0, 0, 0, 0, 4, 999, 2;
1, 256, 0, 0, 0, 0, 4, 999, 2;
1, 256, 0, -1, -1, -1, 4, 999, 2;
1, 256, 0, 0, 0, 0, 4, 999, 2;
1, 256, 0, -1, -1, -1, 4, 999, 2;
1, 256, 0, -1, -1, -1, 4, 999, 2;
1, 256, 0, 1, 1, 1, 5, 1000, 3;
1, 256, 0, 0, 0, 0, 5, 1000, 3;
1, 256, 0, 0, 0, 0, 5, 1000, 3;
1, 256, 1, 1, 1, 1, 6, 1000, 4;
1, 256, 0, -1, -1, -1, 4, 999, 2;
1, 256, 0, 0, 0, 0, 5, 1000, 3;
1, 256, 0, 0, 0, 0, 4, 999, 2;
1, 256, 0, 0, 0, 0, 4, 999, 2;
1, 256, 0, -1, -1, -1, 4, 999, 2;
1, 256, 0, 0, 0, 0, 4, 999, 2;
1, 256, 0, 0, 0, 0, 5, 1000, 3;
1, 256, 0, 0, 0, 0, 5, 1000, 3;
1, 256, 0, -1, -1, -1, 4, 999, 2;
1, 256, 0, 0, 0, 0, 4, 999, 2;
1, 256, 0, 1, 1, 1, 5, 1000, 3;
1, 256, 1, 1, 1, 1, 6, 1000, 3;
1, 256, 0, -1, -1, -1, 4, 999, 2;
1, 256, 0, 0, 0, 0, 4, 999, 2;
1, 256, 0, -1, -1, -1, 4, 998, 2;
1, 256, 0, 1, 1, 1, 5, 1000, 3;
1, 256, 0, 0, 0, 0, 4, 999, 2;
1, 256, 0, 0, 0, 0, 5, 1000, 3;
1, 256, 1, 1, 1, 1, 6, 1001, 4;
1, 256, 1, 1, 1, 1, 6, 1001, 4;
1, 256, 0, 0, 0, 0, 4, 999, 2;
1, 256, 0, 1, 1, 1, 5, 1000, 3;
1, 256, 1, 1, 1, 1, 6, 1000, 3;
1, 256, 0, -1, -1, -1, 3, 998, 1;
1, 256, 0, -1, -1, -1, 4, 999, 2;
1, 256, 0, 0, 0, 0, 4, 999, 2;
1, 256, 0, -1, -1, -1, 4, 998, 1;
1, 256, 0, 0, 0, 0, 5, 999, 2;
1, 256, 0, 0, 0, 0, 4, 999, 2;
0, 256, 0, -1, -1, -1, 3, 998, 1;
1, 256, 0, -1, -1, -1, 4, 999, 2;
1, 256, 0, 0, 0, 0, 5, 1000, 3;
1, 256, 0, 0, 0, 0, 5, 999, 2;
1, 256, 0, 1, 1, 1, 5, 1000, 3;
1, 256, 1, 1, 1, 1, 6, 1000, 4;
1, 256, 0, 0, 0, 0, 5, 1000, 3;
1, 256, 1, 1, 1, 1, 6, 1001, 4;
1, 256, 0, 0, 0, 0, 5, 1000, 3;
0, 256, 0, -1, -1, -1, 3, 998, 1;
1, 256, 0, -1, -1, -1, 4, 999, 2;
1, 256, 0, -1, -1, -1, 3, 998, 1;
1, 256, 1, 1, 1, 1, 6, 1001, 4;
1, 256, 0, 1, 1, 1, 5, 1000, 3;
1, 256, 0, 0, 0, 0, 4, 999, 2;
1, 256, 0, 0, 0, 0, 5, 1000, 3;
1, 256, 0, 0, 0, 0, 5, 1000, 3;
1, 256, 0, -1, -1, -1, 4, 999, 2;
1, 256, 0, 0, 0, 0, 4, 999, 2;
1, 256, 0, 0, 0, 0, 4, 999, 2;
1, 256, 0, -1, -1, -1, 4, 999, 2;
1, 256, 1, 1, 1, 1, 6, 1001, 4;
1, 256, 0, 0, 0, 0, 5, 1000, 3;
1, 256, 0, 0, 0, 0, 5, 1000, 3;
1, 256, 0, 0, 0, 0, 5, 999, 2;
1, 256, 0, -1, -1, -1, 4, 999, 2;
1, 256, 0, -1, -1, -1, 3, 998, 1;
1, 256, 0, 0, 0, 0, 4, 999, 2;
1, 256, 0, -1, -1, -1, 4, 999, 2;
1, 256, 0, 1, 1, 1, 5, 1000, 3;
1, 256, 0, 0, 0, 0, 4, 999, 2;
0, 256, 0, -1, -1, -1, 3, 998, 1;
1, 256, 0, -1, -1, -1, 4, 999, 2;
1, 256, 1, 1, 1, 1, 6, 1001, 4;
1, 256, 0, -1, -1, -1, 4, 999, 2;
1, 256, 0, -1, -1, -1, 4, 999, 2;
1, 256, 0, 0, 0, 0, 5, 1000, 3;
1, 256, 0, 0, 0, 0, 5, 1000, 3;
1, 256, 0, 0, 0, 0, 5, 1000, 3;
1, 256, 0, 0, 0, 0, 5, 1000, 3;
1, 256, 0, 0, 0, 0, 4, 999, 2;
1, 256, 0, 0, 0, 0, 5, 1000, 3;
1, 256, 0, 0, 0, 0, 5, 1000, 3;
1, 256, 0, 0, 0, 0, 5, 999, 3;
1, 256, 0, 0, 0, 0, 4, 999, 2;
1, 256, 0, 0, 0, 0, 4, 999, 2;
1, 256, 0, 0, 0, 0, 4, 999, 2;
1, 256, 0, 0, 0, 0, 4, 999, 2;
1, 256, 0, 0, 0, 0, 4, 999, 2;
1, 256, 0, -1, -1, -1, 3, 998, 1;
1, 256, 0, -1, -1, -1, 3, 998, 1;
1, 256, 0, 0, 0, 0, 5, 1000, 3;
1, 256, 0, -1, -1, -1, 4, 999, 2;
1, 256, 0, 0, 0, 0, 5, 1000, 3;
1, 256, 0, 0, 0, 0, 5, 1000, 3;
1, 256, 0, 0, 0, 0, 4, 999, 2;
1, 256, 0, 0, 0, 0, 4, 999, 2;
1, 256, 0, -1, -1, -1, 4, 999, 2;
1, 256, 0, -1, -1, -1, 4, 999, 2;
1, 256, 1, 1, 1, 1, 5, 1000, 3;
0, 256, 0, -1, -1, -1, 3, 998, 1;
1, 256, 0, 0, 0, 0, 5, 1000, 3;
1, 256, 0, 0, 0, 0, 4, 999, 2;
1, 256, 1, 1, 1, 1, 6, 1000, 3;
1, 256, 0, -1, -1, -1, 4, 999, 2;
1, 256, 0, 0, 0, 0, 4, 999, 2;
1, 256, 0, 0, 0, 0, 4, 999, 2;
1, 256, 0, -1, -1, -1, 4, 999, 2;
1, 256, 0, -1, -1, -1, 4, 999, 2;
1, 256, 0, -1, -1, -1, 3, 998, 1;
1, 256, 0, -1, -1, -1, 4, 999, 2;
1, 256, 0, 0, 0, 0, 5, 1000, 3;
1, 256, 0, 0, 0, 0, 4, 999, 2;
1, 256, 0, -1, -1, -1, 4, 999, 2;
1, 256, 0, 0, 0, 0, 5, 1000, 3;
1, 256, 0, -1, -1, -1, 4, 999, 2;
1, 256, 0, -1, -1, -1, 4, 998, 2;
1, 256, 0, -1, -1, -1, 4, 998, 1;
1, 256, 0, 0, 0, 0, 5, 1000, 3;
1, 256, 0, 0, 0, 0, 5, 1000, 3;
1, 256, 0, 0, 0, 0, 4, 999, 2;
1, 256, 0, 0, 0, 0, 4, 999, 2;
1, 256, 0, -1, -1, -1, 4, 999, 2;
0, 256, 0, -1, -1, -1, 3, 998, 1;
1, 256, 1, 1, 1, 1, 6, 1001, 4;
1, 256, 0, 0, 0, 0, 5, 1000, 3;
1, 256, 0, 0, 0, 0, 4, 999, 2;
1, 256, 0, -1, -1, -1, 4, 999, 2;
1, 256, 0, 1, 1, 1, 5, 1000, 3;
1, 256, 0, 0, 0, 0, 4, 999, 2;
1, 256, 1, 1, 1, 1, 5, 1000, 3;
1, 256, 0, 0, 0, 0, 5, 1000, 3;
1, 256, 0, 0, 0, 0, 5, 1000, 3;
1, 256, 0, -1, -1, -1, 4, 999, 2;
1, 256, 0, -1, -1, -1, 4, 999, 2;
1, 256, 0, 0, 0, 0, 5, 1000, 3;
1, 256, 0, 0, 0, 0, 5, 1000, 3;
1, 256, 0, 0, 0, 0, 5, 999, 3;
1, 256, 0, 0, 0, 0, 5, 999, 2;
1, 256, 0, -1, -1, -1, 3, 998, 1;
1, 256, 0, 0, 0, 0, 5, 999, 3;
1, 256, 0, -1, -1, -1, 3, 998, 1;
1, 256, 0, -1, -1, -1, 4, 999, 2;
1, 256, 0, 0, 0, 0, 5, 1000, 3;
1, 256, 0, 0, 0, 0, 5, 1000, 3;
1, 256, 0, -1, -1, -1, 4, 999, 2;
1, 256, 0, -1, -1, -1, 4, 999, 2;
1, 256, 0, -1, -1, -1, 4, 999, 2;
1, 256, 0, 0, 0, 0, 5, 1000, 3;
1, 256, 0, 0, 0, 0, 4, 999, 2;
1, 256, 0, 0, 0, 0, 4, 999, 2;
1, 256, 0, -1, -1, -1, 4, 999, 2;
1, 256, 0, 0, 0, 0, 4, 999, 2;
1, 256, 0, -1, -1, -1, 3, 998, 1;
1, 256, 0, -1, -1, -1, 4, 999, 2;
1, 256, 1, 1, 1, 1, 6, 1001, 4;
1, 256, 0, 1, 1, 1, 5, 1000, 3;
1, 256, 0, 1, 1, 1, 5, 1000, 3;
1, 256, 0, 0, 0, 0, 5, 1000, 3;
1, 256, 0, 0, 0, 0, 5, 999, 3;
1, 256, 0, 0, 0, 0, 5, 999, 2;
1, 256, 0, 0, 0, 0, 5, 999, 3;
1, 256, 0, 0, 0, 0, 5, 1000, 3;
1, 256, 0, 0, 0, 0, 4, 999, 2;
1, 256, 0, 1, 1, 1, 5, 1000, 3;
1, 256, 0, -1, -1, -1, 4, 999, 2;
1, 256, 0, 0, 0, 0, 5, 1000, 3;
1, 256, 1, 1, 1, 1, 6, 1000, 4;
1, 256, 0, 0, 0, 0, 5, 1000, 3;
1, 256, 0, -1, -1, -1, 3, 998, 1;
1, 256, 0, 0, 0, 0, 5, 1000, 3;
1, 256, 0, 0, 0, 0, 4, 999, 2;
1, 256, 0, -1, -1, -1, 4, 999, 2;
1, 256, 0, 0, 0, 0, 4, 999, 2;
1, 256, 0, 0, 0, 0, 5, 999, 3;
1, 256, 1, 1, 1, 1, 5, 1000, 3;
1, 256, 0, 0, 0, 0, 5, 1000, 3;
1, 256, 0, 0, 0, 0, 5, 1000, 3;
1, 256, 0, 0, 0, 0, 5, 999, 3;
1, 256, 0, 0, 0, 0, 4, 999, 2;
1, 256, 0, 0, 0, 0, 4, 999, 2;
1, 256, 0, 0, 0, 0, 5, 999, 3;
1, 256, 0, -1, -1, -1, 4, 999, 2;
1, 256, 0, -1, -1, -1, 4, 999, 2;
1, 256, 1, 1, 1, 1, 5, 1000, 3;
1, 256, 0, 0, 0, 0, 5, 1000, 3;
1, 256, 1, 1, 1, 1, 6, 1000, 4;
1, 256, 0, -1, -1, -1, 4, 999, 2;
1, 256, 1, 1, 1, 1, 6, 1001, 4;
1, 256, 0, 0, 0, 0, 4, 999, 2;
1, 256, 1, 1, 1, 1, 6, 1001, 4;
1, 256, 0, 0, 0, 0, 4, 999, 2;
1, 256, 0, 0, 0, 0, 5, 1000, 3;
1, 256, 1, 1, 1, 1, 6, 1001, 4;
1, 256, 1, 1, 1, 1, 6, 1001, 4;
1, 256, 1, 1, 1, 1, 6, 1000, 3;
1, 256, 0, 1, 1, 1, 5, 1000, 3;
1, 256, 0, -1, -1, -1, 4, 999, 2;
1, 256, 0, 0, 0, 0, 4, 999, 2;
1, 256, 0, 0, 0, 0, 5, 1000, 3;
1, 256, 0, 0, 0, 0, 5, 1000, 3;
1, 256, 1, 1, 1, 1, 6, 1001, 4;
1, 256, 0, 0, 0, 0, 5, 1000, 3;
1, 256, 1, 1, 1, 1, 6, 1001, 4;
1, 256, 0, 0, 0, 0, 5, 999, 3;
1, 256, 0, 0, 0, 0, 5, 999, 3;
1, 256, 0, 0, 0, 0, 5, 1000, 3;
1, 256, 0, 0, 0, 0, 5, 999, 3;
1, 256, 0, 0, 0, 0, 4, 999, 2;
1, 256, 1, 1, 1, 1, 6, 1000, 3;
1, 256, 0, -1, -1, -1, 3, 998, 1;
1, 256, 0, 0, 0, 0, 5, 1000, 3;
1, 256, 0, 0, 0, 0, 5, 1000, 3;
1, 256, 0, 0, 0, 0, 5, 1000, 3;
1, 256, 0, 0, 0, 0, 5, 1000, 3;
1, 256, 0, 0, 0, 0, 5, 999, 3;
1, 256, 0, 0, 0, 0, 5, 1000, 3;
1, 256, 0, 1, 1, 1, 5, 1000, 3;
1, 256, 0, 1, 1, 1, 5, 1000, 3;
1, 256, 0, 0, 0, 0, 5, 1000, 3;
1, 256, 0, -1, -1, -1, 4, 998, 1;
1, 256, 0, 0, 0, 0, 4, 999, 2;
1, 256, 0, 0, 0, 0, 5, 1000, 3;
1, 256, 0, -1, -1, -1, 3, 998, 1;
1, 256, 0, -1, -1, -1, 3, 998, 1;
1, 256, 1, 1, 1, 1, 6, 1001, 4;
1, 256, 0, 1, 1, 1, 5, 1000, 3;
1, 256, 0, 1, 1, 1, 5, 1000, 3;
1, 256, 0, 1, 1, 1, 5, 1000, 3;
1, 256, 0, -1, -1, -1, 4, 999, 2;
1, 256, 0, 0, 0, 0, 5, 1000, 3;
1, 256, 0, 0, 0, 0, 5, 1000, 3;
1, 256, 0, 0, 0, 0, 4, 999, 2;
1, 256, 0, -1, -1, -1, 4, 999, 2;
1, 256, 0, -1, -1, -1, 4, 999, 2;
1, 256, 1, 1, 1, 1, 6, 1000, 3;
1, 256, 0, 0, 0, 0, 4, 999, 2;
1, 256, 1, 1, 1, 1, 6, 1001, 4;
1, 256, 0, 1, 1, 1, 5, 1000, 3;
1, 256, 0, -1, -1, -1, 4, 999, 2;
1, 256, 0, 0, 0, 0, 5, 1000, 3;
1, 256, 0, -1, -1, -1, 4, 999, 2;
1, 256, 0, 0, 0, 0, 5, 999, 3;
1, 256, 0, 0, 0, 0, 4, 999, 2;
1, 256, 0, 0, 0, 0, 4, 999, 2;
1, 256, 0, -1, -1, -1, 4, 999, 2;
0, 256, 0, -1, -1, -1, 3, 998, 1;
1, 256, 0, -1, -1, -1, 4, 999, 2;
1, 256, 0, -1, -1, -1, 3, 998, 1;
1, 256, 0, 0, 0, 0, 4, 999, 2;
1, 256, 0, 0, 0, 0, 4, 999, 2;
1, 256, 0, -1, -1, -1, 4, 999, 2;
1, 256, 0, -1, -1, -1, 3, 998, 1;
1, 256, 0, 1, 1, 1, 5, 1000, 3;
1, 256, 1, 1, 1, 1, 6, 1001, 4;
1, 256, 0, -1, -1, -1, 4, 999, 2;
1, 256, 0, 0, 0, 0, 5, 999, 2;
1, 256, 1, 1, 1, 1, 6, 1000, 3;
1, 256, 0, -1, -1, -1, 4, 999, 2;
1, 256, 0, 1, 1, 1, 5, 1000, 3;
0, 256, 0, -1, -1, -1, 3, 998, 1;
0, 256, 0, -1, -1, -1, 3, 998, 1;
1, 256, 0, -1, -1, -1, 4, 999, 2;
1, 256, 0, 0, 0, 0, 5, 1000, 3;
1, 256, 0, 0, 0, 0, 5, 1000, 3;
1, 256, 0, 0, 0, 0, 5, 1000, 3;
1, 256, 0, 0, 0, 0, 4, 999, 2;
1, 256, 0, 0, 0, 0, 4, 999, 2;
1, 256, 0, 0, 0, 0, 4, 999, 2;
1, 256, 0, 1, 1, 1, 5, 1000, 3;
1, 256, 1, 1, 1, 1, 6, 1000, 4;
1, 256, 0, 0, 0, 0, 4, 999, 2;
1, 256, 0, 0, 0, 0, 4, 999, 2;
1, 256, 0, -1, -1, -1, 4, 998, 2;
1, 256, 1, 1, 1, 1, 5, 1000, 3;
1, 256, 0, -1, -1, -1, 4, 999, 2;
1, 256, 0, -1, -1, -1, 4, 999, 2;
1, 256, 0, 0, 0, 0, 4, 999, 2;
1, 256, 0, 0, 0, 0, 4, 999, 2;
1, 256, 0, 1, 1, 1, 5, 1000, 3;
1, 256, 1, 1, 1, 1, 6, 1001, 4;
1, 256, 0, -1, -1, -1, 4, 999, 2;
1, 256, 0, -1, -1, -1, 3, 998, 1;
1, 256, 0, 0, 0, 0, 4, 999, 2;
1, 256, 1, 1, 1, 1, 6, 1001, 4;
1, 256, 0, -1, -1, -1, 4, 999, 2;
1, 256, 0, 0, 0, 0, 5, 1000, 3;
1, 256, 0, 0, 0, 0, 5, 1000, 3;
1, 256, 0, 0, 0, 0, 4, 999, 2;
1, 256, 0, 0, 0, 0, 5, 999, 2;
1, 256, 0, -1, -1, -1, 4, 999, 2;
1, 256, 0, -1, -1, -1, 4, 998, 2;
1, 256, 0, -1, -1, -1, 4, 999, 2;
1, 256, 0, 0, 0, 0, 5, 1000, 3;
1, 256, 0, 0, 0, 0, 4, 999, 2;
1, 256, 0, -1, -1, -1, 4, 999, 2;
1, 256, 1, 1, 1, 1, 6, 1001, 4;
1, 256, 0, 1, 1, 1, 5, 1000, 3;
1, 256, 0, 1, 1, 1, 5, 1000, 3;
1, 256, 0, -1, -1, -1, 3, 998, 1;
1, 256, 0, 0, 0, 0, 5, 1000, 3;
1, 256, 0, 0, 0, 0, 5, 999, 3;
1, 256, 0, 1, 1, 1, 5, 1000, 3;
1, 256, 0, -1, -1, -1, 4, 999, 2;
1, 256, 0, 0, 0, 0, 5, 1000, 3;
1, 256, 0, 0, 0, 0, 5, 1000, 3;
1, 256, 0, 0, 0, 0, 4, 999, 2;
1, 256, 0, -1, -1, -1, 4, 999, 2;
1, 256, 0, 0, 0, 0, 5, 1000, 3;
1, 256, 0, 0, 0, 0, 5, 1000, 3;
1, 256, 0, 0, 0, 0, 5, 1000, 3;
1, 256, 0, 0, 0, 0, 5, 999, 3;
1, 256, 0, -1, -1, -1, 4, 999, 2;
1, 256, 0, -1, -1, -1, 4, 999, 2;
1, 256, 0, 0, 0, 0, 5, 1000, 3;
1, 256, 0, 0, 0, 0, 5, 999, 3;
1, 256, 0, 0, 0, 0, 4, 999, 2;
1, 256, 0, 1, 1, 1, 5, 1000, 3;
1, 256, 1, 1, 1, 1, 5, 1000, 3;
1, 256, 0, -1, -1, -1, 4, 999, 2;
1, 256, 1, 1, 1, 1, 5, 1000, 3;
1, 256, 0, 0, 0, 0, 4, 999, 2;
1, 256, 1, 1, 1, 1, 6, 1001, 4;
1, 256, 1, 1, 1, 1, 6, 1000, 3;
1, 256, 1, 1, 1, 1, 6, 1001, 4;
1, 256, 0, 0, 0, 0, 5, 999, 2;
1, 256, 1, 1, 1, 1, 6, 1001, 4;
1, 256, 0, -1, -1, -1, 3, 998, 1;
1, 256, 0, -1, -1, -1, 4, 999, 2;
1, 256, 0, -1, -1, -1, 4, 999, 2;
1, 256, 0, 1, 1, 1, 5, 1000, 3;
1, 256, 1, 1, 1, 1, 6, 1000, 3;
1, 256, 0, 0, 0, 0, 5, 1000, 3;
1, 256, 0, 0, 0, 0, 5, 999, 2;
1, 256, 0, 0, 0, 0, 4, 999, 2;
1, 256, 0, 0, 0, 0, 5, 1000, 3;
1, 256, 0, 0, 0, 0, 4, 999, 2;
1, 256, 0, 0, 0, 0, 5, 999, 3;
1, 256, 0, 1, 1, 1, 5, 1000, 3;
1, 256, 0, -1, -1, -1, 4, 999, 2;
1, 256, 0, -1, -1, -1, 4, 999, 2;
1, 256, 1, 1, 1, 1, 6, 1000, 4;
1, 256, 1, 1, 1, 1, 6, 1001, 4;
1, 256, 1, 1, 1, 1, 6, 1000, 4;
1, 256, 0, 0, 0, 0, 5, 1000, 3;
1, 256, 1, 1, 1, 1, 6, 1001, 4;
1, 256, 1, 1, 1, 1, 6, 1000, 4;
1, 256, 0, 0, 0, 0, 5, 1000, 3;
1, 256, 0, 1, 1, 1, 5, 1000, 3;
1, 256, 1, 1, 1, 1, 6, 1001, 4;
1, 256, 0, 0, 0, 0, 5, 1000, 3;
1, 256, 1, 1, 1, 1, 5, 1000, 3;
1, 256, 0, 0, 0, 0, 4, 999, 2;
1, 256, 0, 0, 0, 0, 5, 1000, 3;
1, 256, 0, -1, -1, -1, 4, 999, 2;
1, 256, 1, 1, 1, 1, 5, 1000, 3;
1, 256, 0, 0, 0, 0, 5, 1000, 3;
1, 256, 0, -1, -1, -1, 4, 998, 2;
1, 256, 0, 0, 0, 0, 5, 999, 3;
1, 256, 0, 0, 0, 0, 5, 999, 3;
1, 256, 1, 1, 1, 1, 6, 1000, 3;
1, 256, 0, 0, 0, 0, 5, 1000, 3;
1, 256, 0, 0, 0, 0, 4, 999, 2;
1, 256, 1, 1, 1, 1, 6, 1000, 3;
1, 256, 0, -1, -1, -1, 4, 999, 2;
1, 256, 0, 0, 0, 0, 5, 1000, 3;
1, 256, 0, 0, 0, 0, 4, 999, 2;
1, 256, 0, 0, 0, 0, 4, 999, 2;
1, 256, 0, 0, 0, 0, 5, 1000, 3;
1, 256, 0, -1, -1, -1, 4, 999, 2;
1, 256, 0, 0, 0, 0, 4, 999, 2;
1, 256, 1, 1, 1, 1, 6, 1000, 4;
1, 256, 0, 0, 0, 0, 5, 1000, 3;
1, 256, 0, 0, 0, 0, 4, 999, 2;
1, 256, 1, 1, 1, 1, 6, 1001, 4;
1, 256, 0, 0, 0, 0, 5, 999, 2;
1, 256, 0, -1, -1, -1, 4, 999, 2;
1, 256, 0, 0, 0, 0, 4, 999, 2;
1, 256, 0, -1, -1, -1, 3, 998, 1;
1, 256, 0, 1, 1, 1, 5, 1000, 3;
1, 256, 0, 0, 0, 0, 4, 999, 2;
1, 256, 0, 0, 0, 0, 5, 999, 3;
1, 256, 0, 0, 0, 0, 4, 999, 2;
1, 256, 0, 0, 0, 0, 4, 999, 2;
1, 256, 0, 0, 0, 0, 5, 1000, 3;
1, 256, 0, 0, 0, 0, 4, 999, 2;
1, 256, 0, 0, 0, 0, 4, 999, 2;
1, 256, 0, 0, 0, 0, 5, 1000, 3;
1, 256, 0, 0, 0, 0, 5, 1000, 3;
1, 256, 0, -1, -1, -1, 4, 999, 2;
1, 256, 0, 1, 1, 1, 5, 1000, 3;
1, 256, 0, 0, 0, 0, 4, 999, 2;
1, 256, 0, 0, 0, 0, 4, 999, 2;
1, 256, 0, 0, 0, 0, 4, 999, 2;
1, 256, 0, -1, -1, -1, 4, 999, 2;
1, 256, 0, 0, 0, 0, 4, 999, 2;
1, 256, 0, 0, 0, 0, 4, 999, 2;
1, 256, 0, 0, 0, 0, 5, 999, 2;
1, 256, 0, 0, 0, 0, 5, 1000, 3;
1, 256, 1, 1, 1, 1, 5, 1000, 3;
1, 256, 0, -1, -1, -1, 3, 998, 1;
1, 256, 0, 0, 0, 0, 5, 1000, 3;
1, 256, 0, -1, -1, -1, 4, 999, 2;
1, 256, 1, 1, 1, 1, 6, 1001, 4;
1, 256, 0, -1, -1, -1, 4, 998, 2;
1, 256, 0, 0, 0, 0, 4, 999, 2;
1, 256, 0, -1, -1, -1, 4, 998, 2;
1, 256, 0, 0, 0, 0, 4, 999, 2;
1, 256, 1, 1, 1, 1, 5, 1000, 3;
1, 256, 0, -1, -1, -1, 4, 998, 2;
1, 256, 0, 0, 0, 0, 5, 1000, 3;
1, 256, 0, 0, 0, 0, 4, 999, 2;
1, 256, 0, 0, 0, 0, 4, 999, 2;
1, 256, 0, 0, 0, 0, 5, 1000, 3;
1, 256, 0, 0, 0, 0, 4, 999, 2;
1, 256, 0, -1, -1, -1, 4, 999, 2;
1, 256, 0, -1, -1, -1, 4, 999, 2;
1, 256, 1, 1, 1, 1, 6, 1001, 4;
1, 256, 0, 0, 0, 0, 4, 999, 2;
1, 256, 0, 0, 0, 0, 5, 1000, 3;
1, 256, 0, 0, 0, 0, 4, 999, 2;
1, 256, 0, 0, 0, 0, 5, 1000, 3;
1, 256, 0, 1, 1, 1, 5, 1000, 3;
1, 256, 0, 0, 0, 0, 4, 999, 2;
1, 256, 1, 1, 1, 1, 6, 1001, 4;
1, 256, 0, -1, -1, -1, 3, 998, 1;
1, 256, 0, 0, 0, 0, 4, 999, 2;
1, 256, 0, 0, 0, 0, 4, 999, 2;
1, 256, 0, 0, 0, 0, 5, 999, 3;
1, 256, 0, 1, 1, 1, 5, 1000, 3;
1, 256, 1, 1, 1, 1, 5, 1000, 3;
1, 256, 0, 0, 0, 0, 5, 1000, 3;
1, 256, 0, 0, 0, 0, 5, 1000, 3;
1, 256, 0, 1, 1, 1, 5, 1000, 3;
1, 256, 0, 0, 0, 0, 5, 1000, 3;
1, 256, 0, -1, -1, -1, 4, 999, 2;
1, 256, 0, 1, 1, 1, 5, 1000, 3;
1, 256, 0, 0, 0, 0, 5, 1000, 3;
1, 256, 0, 0, 0, 0, 5, 1000, 3;
1, 256, 1, 1, 1, 1, 6, 1001, 4;
1, 256, 0, 0, 0, 0, 4, 999, 2;
1, 256, 0, 0, 0, 0, 4, 999, 2;
1, 256, 0, 0, 0, 0, 4, 999, 2;
1, 256, 0, 0, 0, 0, 4, 999, 2;
1, 256, 0, -1, -1, -1, 4, 998, 1;
1, 256, 1, 1, 1, 1, 6, 1001, 4;
1, 256, 1, 1, 1, 1, 6, 1001, 4;
1, 256, 0, 0, 0, 0, 5, 1000, 3;
1, 256, 0, 0, 0, 0, 5, 1000, 3;
1, 256, 0, 0, 0, 0, 5, 999, 2;
1, 256, 0, 0, 0, 0, 4, 999, 2;
1, 256, 0, -1, -1, -1, 4, 998, 2;
1, 256, 0, 1, 1, 1, 5, 1000, 3;
1, 256, 1, 1, 1, 1, 6, 1001, 4;
1, 256, 0, 0, 0, 0, 5, 1000, 3;
1, 256, 1, 1, 1, 1, 6, 1000, 4;
1, 256, 1, 1, 1, 1, 6, 1000, 4;
0, 256, 0, -1, -1, -1, 3, 998, 1;
1, 256, 0, 0, 0, 0, 4, 999, 2;
1, 256, 0, 0, 0, 0, 5, 1000, 3;
1, 256, 0, 1, 1, 1, 5, 1000, 3;
1, 256, 0, -1, -1, -1, 3, 998, 1;
1, 256, 0, 0, 0, 0, 4, 999, 2;
1, 256, 0, -1, -1, -1, 4, 998, 1;
1, 256, 1, 1, 1, 1, 6, 1001, 4;
1, 256, 1, 1, 1, 1, 6, 1000, 3;
1, 256, 1, 1, 1, 1, 5, 1000, 3;
1, 256, 0, -1, -1, -1, 4, 999, 2;
1, 256, 0, -1, -1, -1, 4, 999, 2;
1, 256, 1, 1, 1, 1, 6, 1001, 4;
1, 256, 0, -1, -1, -1, 4, 999, 2;
1, 256, 0, 0, 0, 0, 5, 1000, 3;
1, 256, 0, -1, -1, -1, 4, 998, 2;
1, 256, 0, -1, -1, -1, 3, 998, 1;
1, 256, 0, -1, -1, -1, 3, 998, 1;
1, 256, 0, 0, 0, 0, 5, 1000, 3;
1, 256, 0, 0, 0, 0, 4, 999, 2;
1, 256, 0, 0, 0, 0, 5, 1000, 3;
1, 256, 0, 0, 0, 0, 5, 1000, 3;
1, 256, 0, 0, 0, 0, 4, 999, 2;
1, 256, 0, 0, 0, 0, 4, 999, 2;
1, 256, 0, 0, 0, 0, 5, 1000, 3;
1, 256, 0, -1, -1, -1, 4, 999, 2;
1, 256, 0, 0, 0, 0, 5, 1000, 3;
1, 256, 0, -1, -1, -1, 4, 999, 2;
1, 256, 1, 1, 1, 1, 6, 1001, 4;
1, 256, 0, 1, 1, 1, 5, 1000, 3;
1, 256, 0, 0, 0, 0, 5, 1000, 3;
1, 256, 0, 0, 0, 0, 5, 1000, 3;
1, 256, 0, 0, 0, 0, 4, 999, 2;
1, 256, 0, -1, -1, -1, 3, 998, 1;
1, 256, 0, 0, 0, 0, 4, 999, 2;
1, 256, 0, 0, 0, 0, 5, 999, 3;
1, 256, 1, 1, 1, 1, 6, 1000, 3;
1, 256, 0, 0, 0, 0, 5, 1000, 3;
1, 256, 1, 1, 1, 1, 6, 1000, 4;
1, 256, 0, -1, -1, -1, 4, 999, 2;
1, 256, 1, 1, 1, 1, 6, 1000, 4;
1, 256, 0, -1, -1, -1, 4, 998, 1;
1, 256, 0, 0, 0, 0, 5, 1000, 3;
1, 256, 0, 0, 0, 0, 4, 999, 2;
1, 256, 1, 1, 1, 1, 6, 1001, 4;
1, 256, 0, -1, -1, -1, 4, 999, 2;
1, 256, 0, 0, 0, 0, 5, 1000, 3;
1, 256, 0, 0, 0, 0, 4, 999, 2;
1, 256, 0, 0, 0, 0, 5, 1000, 3;
1, 256, 0, 0, 0, 0, 5, 1000, 3;
1, 256, 0, 0, 0, 0, 5, 999, 2;
1, 256, 0, -1, -1, -1, 4, 998, 2;
1, 256, 0, 1, 1, 1, 5, 1000, 3;
1, 256, 1, 1, 1, 1, 6, 1001, 4;
1, 256, 0, 0, 0, 0, 5, 1000, 3;
1, 256, 1, 1, 1, 1, 6, 1000, 3;
1, 256, 0, 1, 1, 1, 5, 1000, 3;
1, 256, 0, -1, -1, -1, 4, 999, 2;
1, 256, 0, 0, 0, 0, 4, 999, 2;
1, 256, 1, 1, 1, 1, 6, 1001, 4;
1, 256, 0, -1, -1, -1, 4, 999, 2;
1, 256, 0, 0, 0, 0, 5, 1000, 3;
1, 256, 0, -1, -1, -1, 4, 998, 2;
1, 256, 0, 0, 0, 0, 4, 999, 2;
1, 256, 1, 1, 1, 1, 6, 1001, 4;
1, 256, 0, -1, -1, -1, 4, 999, 2;
1, 256, 0, 0, 0, 0, 4, 999, 2;
1, 256, 0, 0, 0, 0, 5, 1000, 3;
1, 256, 0, 0, 0, 0, 4, 999, 2;
1, 256, 0, 0, 0, 0, 4, 999, 2;
1, 256, 0, -1, -1, -1, 4, 999, 2;
1, 256, 0, 0, 0, 0, 5, 1000, 3;
1, 256, 0, 0, 0, 0, 4, 999, 2;
1, 256, 0, -1, -1, -1, 4, 999, 2;
1, 256, 0, 0, 0, 0, 5, 1000, 3;
1, 256, 0, 0, 0, 0, 4, 999, 2;
1, 256, 0, 0, 0, 0, 4, 999, 2;
1, 256, 0, 0, 0, 0, 4, 999, 2;
1, 256, 0, 0, 0, 0, 5, 999, 3;
1, 256, 0, 1, 1, 1, 5, 1000, 3;
1, 256, 0, 0, 0, 0, 4, 999, 2;
1, 256, 0, -1, -1, -1, 4, 998, 1;
1, 256, 0, -1, -1, -1, 4, 998, 1;
1, 256, 0, 0, 0, 0, 5, 1000, 3;
1, 256, 0, 0, 0, 0, 4, 999, 2;
1, 256, 0, -1, -1, -1, 4, 999, 2;
1, 256, 0, 0, 0, 0, 4, 999, 2;
1, 256, 0, 0, 0, 0, 5, 1000, 3;
1, 256, 0, 0, 0, 0, 5, 1000, 3;
1, 256, 0, 0, 0, 0, 4, 999, 2;
1, 256, 1, 1, 1, 1, 6, 1000, 4;
1, 256, 0, 0, 0, 0, 4, 999, 2;
1, 256, 0, -1, -1, -1, 4, 999, 2;
1, 256, 0, 0, 0, 0, 5, 1000, 3;
1, 256, 0, -1, -1, -1, 4, 999, 2;
1, 256, 0, 0, 0, 0, 4, 999, 2;
1, 256, 0, 0, 0, 0, 5, 1000, 3;
1, 256, 0, 0, 0, 0, 5, 999, 3;
1, 256, 0, 0, 0, 0, 5, 1000, 3;
1, 256, 1, 1, 1, 1, 6, 1001, 4;
1, 256, 0, 0, 0, 0, 5, 999, 3;
1, 256, 0, -1, -1, -1, 4, 999, 2;
1, 256, 0, 0, 0, 0, 4, 999, 2;
1, 256, 0, -1, -1, -1, 4, 999, 2;
1, 256, 0, -1, -1, -1, 4, 999, 2;
1, 256, 0, 0, 0, 0, 4, 999, 2;
1, 256, 0, -1, -1, -1, 4, 998, 1;
1, 256, 0, 1, 1, 1, 5, 1000, 3;
1, 256, 0, -1, -1, -1, 4, 998, 2;
1, 256, 0, -1, -1, -1, 4, 999, 2;
1, 256, 0, 0, 0, 0, 5, 1000, 3;
1, 256, 0, 0, 0, 0, 5, 1000, 3;
1, 256, 1, 1, 1, 1, 6, 1000, 4;
1, 256, 0, 0, 0, 0, 4, 999, 2;
1, 256, 0, -1, -1, -1, 4, 999, 2;
1, 256, 0, 0, 0, 0, 4, 999, 2;
1, 256, 0, 0, 0, 0, 5, 1000, 3;
1, 256, 0, -1, -1, -1, 4, 999, 2;
1, 256, 0, 0, 0, 0, 4, 999, 2;
1, 256, 0, 0, 0, 0, 5, 1000, 3;
1, 256, 1, 1, 1, 1, 6, 1000, 4;
1, 256, 0, 0, 0, 0, 4, 999, 2;
1, 256, 0, 0, 0, 0, 5, 1000, 3;
1, 256, 1, 1, 1, 1, 5, 1000, 3;
1, 256, 0, 0, 0, 0, 5, 1000, 3;
1, 256, 0, 0, 0, 0, 5, 1000, 3;
1, 256, 0, -1, -1, -1, 4, 999, 2;
1, 256, 0, 0, 0, 0, 4, 999, 2;
1, 256, 0, 0, 0, 0, 4, 999, 2;
1, 256, 0, 0, 0, 0, 4, 999, 2;
1, 256, 1, 1, 1, 1, 6, 1000, 4;
1, 256, 0, 1, 1, 1, 5, 1000, 3;
1, 256, 0, 0, 0, 0, 4, 999, 2;
1, 256, 0, 0, 0, 0, 5, 1000, 3;
1, 256, 0, -1, -1, -1, 4, 998, 1;
1, 256, 1, 1, 1, 1, 5, 1000, 3;
1, 256, 0, -1, -1, -1, 4, 999, 2;
1, 256, 0, -1, -1, -1, 4, 999, 2;
1, 256, 0, 0, 0, 0, 5, 1000, 3;
1, 256, 1, 1, 1, 1, 6, 1000, 4;
1, 256, 0, 0, 0, 0, 5, 999, 3;
1, 256, 0, 0, 0, 0, 5, 1000, 3;
1, 256, 0, 0, 0, 0, 5, 1000, 3;
1, 256, 0, 1, 1, 1, 5, 1000, 3;
1, 256, 0, 0, 0, 0, 5, 1000, 3;
1, 256, 0, 0, 0, 0, 5, 1000, 3;
1, 256, 0, 0, 0, 0, 5, 1000, 3;
1, 256, 0, 0, 0, 0, 5, 1000, 3;
1, 256, 0, -1, -1, -1, 3, 998, 1;
1, 256, 0, -1, -1, -1, 4, 999, 2;
1, 256, 0, 0, 0, 0, 5, 1000, 3;
1, 256, 1, 1, 1, 1, 6, 1001, 4;
1, 256, 0, 0, 0, 0, 5, 1000, 3;
1, 256, 0, 0, 0, 0, 4, 999, 2;
1, 256, 1, 1, 1, 1, 6, 1001, 4;
1, 256, 0, 1, 1, 1, 5, 1000, 3;
1, 256, 0, 1, 1, 1, 5, 1000, 3;
1, 256, 0, 1, 1, 1, 5, 1000, 3;
1, 256, 0, 0, 0, 0, 5, 1000, 3;
1, 256, 0, 0, 0, 0, 5, 1000, 3;
1, 256, 0, 0, 0, 0, 5, 1000, 3;
1, 256, 0, 0, 0, 0, 5, 1000, 3;
1, 256, 1, 1, 1, 1, 5, 1000, 3;
1, 256, 0, 1, 1, 1, 5, 1000, 3;
1, 256, 0, -1, -1, -1, 4, 999, 2;
1, 256, 0, 0, 0, 0, 5, 1000, 3;
1, 256, 0, 0, 0, 0, 5, 1000, 3;
1, 256, 0, 0, 0, 0, 5, 1000, 3;
1, 256, 1, 1, 1, 1, 6, 1000, 4;
1, 256, 0, 1, 1, 1, 5, 1000, 3;
1, 256, 0, 1, 1, 1, 5, 1000, 3;
1, 256, 1, 1, 1, 1, 6, 1000, 3;
1, 256, 0, 0, 0, 0, 5, 1000, 3;
1, 256, 0, 0, 0, 0, 5, 1000, 3;
1, 256, 0, -1, -1, -1, 4, 998, 1;
1, 256, 0, -1, -1, -1, 4, 999, 2;
1, 256, 0, 0, 0, 0, 4, 999, 2;
1, 256, 1, 1, 1, 1, 6, 1000, 4;
1, 256, 0, 0, 0, 0, 5, 1000, 3;
1, 256, 0, 0, 0, 0, 4, 999, 2;
1, 256, 0, 0, 0, 0, 4, 999, 2;
1, 256, 0, -1, -1, -1, 4, 999, 2;
1, 256, 0, 0, 0, 0, 5, 999, 3;
1, 256, 0, 0, 0, 0, 5, 1000, 3;
1, 256, 0, -1, -1, -1, 3, 998, 1;
1, 256, 1, 1, 1, 1, 5, 1000, 3;
1, 256, 0, 0, 0, 0, 5, 1000, 3;
1, 256, 0, -1, -1, -1, 4, 999, 2;
1, 256, 0, 0, 0, 0, 5, 1000, 3;
1, 256, 1, 1, 1, 1, 6, 1000, 4;
1, 256, 0, 0, 0, 0, 5, 999, 3;
1, 256, 0, 1, 1, 1, 5, 1000, 3;
1, 256, 0, 0, 0, 0, 5, 1000, 3;
1, 256, 0, -1, -1, -1, 4, 998, 2;
1, 256, 1, 1, 1, 1, 6, 1001, 4;
1, 256, 0, 0, 0, 0, 5, 1000, 3;
1, 256, 0, 0, 0, 0, 4, 999, 2;
1, 256, 0, 0, 0, 0, 5, 1000, 3;
1, 256, 0, 0, 0, 0, 4, 999, 2;
1, 256, 0, 1, 1, 1, 5, 1000, 3;
1, 256, 0, 0, 0, 0, 5, 1000, 3;
1, 256, 0, -1, -1, -1, 4, 999, 2;
1, 256, 0, 0, 0, 0, 4, 999, 2;
1, 256, 0, 0, 0, 0, 4, 999, 2;
1, 256, 0, 0, 0, 0, 4, 999, 2;
1, 256, 0, 1, 1, 1, 5, 1000, 3;
1, 256, 1, 1, 1, 1, 6, 1000, 4;
1, 256, 0, 1, 1, 1, 5, 1000, 3;
1, 256, 0, 0, 0, 0, 5, 1000, 3;
1, 256, 0, 0, 0, 0, 5, 1000, 3;
1, 256, 0, 1, 1, 1, 5, 1000, 3;
1, 256, 0, -1, -1, -1, 4, 998, 2;
1, 256, 0, 1, 1, 1, 5, 1000, 3;
1, 256, 0, 0, 0, 0, 5, 1000, 3;
1, 256, 0, 1, 1, 1, 5, 1000, 3;
1, 256, 0, 0, 0, 0, 4, 999, 2;
1, 256, 1, 1, 1, 1, 6, 1000, 3;
0, 256, 0, -1, -1, -1, 3, 998, 1;
1, 256, 0, -1, -1, -1, 4, 999, 2;
1, 256, 0, 0, 0, 0, 4, 999, 2;
1, 256, 0, 1, 1, 1, 5, 1000, 3;
1, 256, 0, -1, -1, -1, 4, 999, 2;
1, 256, 0, -1, -1, -1, 4, 999, 2;
1, 256, 0, 0, 0, 0, 5, 1000, 3;
1, 256, 0, 0, 0, 0, 5, 1000, 3;
1, 256, 0, 0, 0, 0, 5, 999, 2;
1, 256, 0, 1, 1, 1, 5, 1000, 3;
1, 256, 0, 0, 0, 0, 4, 999, 2;
1, 256, 0, -1, -1, -1, 4, 999, 2;
1, 256, 1, 1, 1, 1, 6, 1000, 4;
1, 256, 0, -1, -1, -1, 3, 998, 1;
1, 256, 0, 0, 0, 0, 4, 999, 2;
1, 256, 0, 1, 1, 1, 5, 1000, 3;
1, 256, 1, 1, 1, 1, 6, 1001, 4;
1, 256, 0, 1, 1, 1, 5, 1000, 3;
1, 256, 0, 0, 0, 0, 5, 1000, 3;
1, 256, 1, 1, 1, 1, 6, 1001, 4;
1, 256, 1, 1, 1, 1, 6, 1001, 4;
1, 256, 0, -1, -1, -1, 4, 998, 1;
1, 256, 0, -1, -1, -1, 4, 998, 2;
1, 256, 0, -1, -1, -1, 4, 999, 2;
1, 256, 1, 1, 1, 1, 5, 1000, 3;
1, 256, 1, 1, 1, 1, 6, 1001, 4;
1, 256, 1, 1, 1, 1, 6, 1001, 4;
1, 256, 0, -1, -1, -1, 3, 998, 1;
1, 256, 0, 0, 0, 0, 4, 999, 2;
1, 256, 0, 0, 0, 0, 5, 1000, 3;
1, 256, 0, 0, 0, 0, 5, 1000, 3;
1, 256, 0, 0, 0, 0, 4, 999, 2;
1, 256, 0, 0, 0, 0, 4, 999, 2;
1, 256, 0, 0, 0, 0, 5, 1000, 3;
1, 256, 0, 0, 0, 0, 5, 1000, 3;
1, 256, 0, 0, 0, 0, 5, 1000, 3;
1, 256, 0, 1, 1, 1, 5, 1000, 3;
1, 256, 0, 0, 0, 0, 5, 1000, 3;
1, 256, 1, 1, 1, 1, 5, 1000, 3;
1, 256, 1, 1, 1, 1, 6, 1001, 4;
1, 256, 0, 0, 0, 0, 5, 1000, 3;
1, 256, 0, 0, 0, 0, 4, 999, 2;
1, 256, 1, 1, 1, 1, 5, 1000, 3;
1, 256, 0, 0, 0, 0, 5, 1000, 3;
1, 256, 0, 0, 0, 0, 5, 1000, 3;
1, 256, 1, 1, 1, 1, 5, 1000, 3;
1, 256, 0, 0, 0, 0, 4, 999, 2;
1, 256, 0, 0, 0, 0, 5, 999, 3;
1, 256, 0, 0, 0, 0, 5, 1000, 3;
1, 256, 0, 0, 0, 0, 4, 999, 2;
1, 256, 0, 0, 0, 0, 4, 999, 2;
1, 256, 0, 0, 0, 0, 4, 999, 2;
1, 256, 0, 0, 0, 0, 5, 1000, 3;
1, 256, 0, 0, 0, 0, 4, 999, 2;
1, 256, 0, 0, 0, 0, 4, 999, 2;
1, 256, 0, 0, 0, 0, 4, 999, 2;
1, 256, 0, -1, -1, -1, 4, 999, 2;
1, 256, 0, 0, 0, 0, 5, 1000, 3;
1, 256, 0, -1, -1, -1, 4, 999, 2;
1, 256, 0, 0, 0, 0, 5, 1000, 3;
1, 256, 0, -1, -1, -1, 4, 999, 2;
1, 256, 0, 0, 0, 0, 5, 1000, 3;
1, 256, 0, 0, 0, 0, 5, 1000, 3;
1, 256, 1, 1, 1, 1, 6, 1001, 4;
1, 256, 0, 0, 0, 0, 5, 1000, 3;
1, 256, 0, 1, 1, 1, 5, 1000, 3;
1, 256, 0, 1, 1, 1, 5, 1000, 3;
1, 256, 1, 1, 1, 1, 6, 1000, 4;
1, 256, 0, -1, -1, -1, 4, 999, 2;
1, 256, 1, 1, 1, 1, 5, 1000, 3;
1, 256, 0, 0, 0, 0, 5, 1000, 3;
1, 256, 0, -1, -1, -1, 4, 999, 2;
1, 256, 1, 1, 1, 1, 6, 1001, 4;
1, 256, 0, 0, 0, 0, 4, 999, 2;
1, 256, 0, -1, -1, -1, 4, 999, 2;
1, 256, 0, 1, 1, 1, 5, 1000, 3;
1, 256, 0, 1, 1, 1, 5, 1000, 3;
1, 256, 0, 1, 1, 1, 5, 1000, 3;
1, 256, 0, 0, 0, 0, 5, 1000, 3;
1, 256, 0, 0, 0, 0, 4, 999, 2;
1, 256, 1, 1, 1, 1, 6, 1001, 4;
1, 256, 0, 0, 0, 0, 4, 999, 2;
1, 256, 0, 0, 0, 0, 5, 1000, 3;
1, 256, 0, 0, 0, 0, 5, 1000, 3;
1, 256, 0, 1, 1, 1, 5, 1000, 3;
1, 256, 0, 0, 0, 0, 5, 1000, 3;
1, 256, 0, 0, 0, 0, 5, 1000, 3;
1, 256, 0, -1, -1, -1, 4, 999, 2;
1, 256, 0, 0, 0, 0, 4, 999, 2;
1, 256, 0, 0, 0, 0, 5, 1000, 3;
1, 256, 1, 1, 1, 1, 6, 1001, 4;
1, 256, 0, 0, 0, 0, 5, 999, 2;
1, 256, 0, 0, 0, 0, 4, 999, 2;
1, 256, 0, 0, 0, 0, 5, 1000, 3;
1, 256, 1, 1, 1, 1, 6, 1001, 4;
1, 256, 0, -1, -1, -1, 4, 998, 2;
1, 256, 0, 0, 0, 0, 5, 1000, 3;
1, 256, 0, 0, 0, 0, 4, 999, 2;
1, 256, 0, 0, 0, 0, 4, 999, 2;
1, 256, 0, 0, 0, 0, 5, 1000, 3;
1, 256, 0, 0, 0, 0, 4, 999, 2;
1, 256, 1, 1, 1, 1, 6, 1001, 4;
1, 256, 0, 0, 0, 0, 5, 1000, 3;
1, 256, 1, 1, 1, 1, 6, 1000, 4;
1, 256, 0, -1, -1, -1, 4, 998, 2;
1, 256, 0, -1, -1, -1, 4, 999, 2;
1, 256, 0, 0, 0, 0, 4, 999, 2;
1, 256, 0, 0, 0, 0, 5, 1000, 3;
1, 256, 0, -1, -1, -1, 4, 999, 2;
1, 256, 1, 1, 1, 1, 6, 1001, 4;
1, 256, 0, -1, -1, -1, 4, 999, 2;
1, 256, 0, 0, 0, 0, 5, 1000, 3;
1, 256, 0, 0, 0, 0, 5, 1000, 3;
1, 256, 0, 0, 0, 0, 4, 999, 2;
1, 256, 0, 1, 1, 1, 5, 1000, 3;
1, 256, 0, 0, 0, 0, 4, 999, 2;
1, 256, 0, 0, 0, 0, 4, 999, 2;
1, 256, 0, 0, 0, 0, 5, 1000, 3;
1, 256, 0, -1, -1, -1, 4, 999, 2;
1, 256, 0, 0, 0, 0, 5, 1000, 3;
1, 256, 0, 0, 0, 0, 5, 1000, 3;
1, 256, 0, 0, 0, 0, 4, 999, 2;
1, 256, 0, 0, 0, 0, 5, 1000, 3;
1, 256, 0, 1, 1, 1, 5, 1000, 3;
1, 256, 1, 1, 1, 1, 6, 1001, 4;
1, 256, 0, -1, -1, -1, 4, 999, 2;
1, 256, 0, 0, 0, 0, 4, 999, 2;
1, 256, 0, -1, -1, -1, 4, 998, 2;
1, 256, 1, 1, 1, 1, 6, 1000, 4;
1, 256, 0, 1, 1, 1, 5, 1000, 3;
1, 256, 0, 0, 0, 0, 5, 1000, 3;
1, 256, 0, -1, -1, -1, 3, 998, 1;
1, 256, 0, -1, -1, -1, 4, 999, 2;
1, 256, 1, 1, 1, 1, 6, 1000, 4;
1, 256, 0, 0, 0, 0, 5, 999, 2;
1, 256, 0, 1, 1, 1, 5, 1000, 3;
1, 256, 1, 1, 1, 1, 6, 1001, 4;
1, 256, 0, 0, 0, 0, 5, 999, 3;
1, 256, 0, -1, -1, -1, 4, 999, 2;
1, 256, 0, 0, 0, 0, 4, 999, 2;
1, 256, 0, 1, 1, 1, 5, 1000, 3;
1, 256, 0, 0, 0, 0, 5, 1000, 3;
1, 256, 0, 0, 0, 0, 4, 999, 2;
1, 256, 0, -1, -1, -1, 4, 999, 2;
1, 256, 0, -1, -1, -1, 4, 999, 2;
1, 256, 1, 1, 1, 1, 6, 1001, 4;
1, 256, 0, -1, -1, -1, 4, 999, 2;
1, 256, 0, 0, 0, 0, 5, 999, 3;
1, 256, 0, 0, 0, 0, 5, 1000, 3;
1, 256, 0, -1, -1, -1, 4, 999, 2;
1, 256, 0, -1, -1, -1, 4, 998, 1;
1, 256, 0, -1, -1, -1, 4, 999, 2;
1, 256, 0, 0, 0, 0, 5, 1000, 3;
1, 256, 0, 0, 0, 0, 5, 1000, 3;
1, 256, 1, 1, 1, 1, 6, 1001, 4;
1, 256, 0, 1, 1, 1, 5, 1000, 3;
1, 256, 0, -1, -1, -1, 4, 999, 2;
1, 256, 0, -1, -1, -1, 4, 999, 2;
1, 256, 0, 0, 0, 0, 5, 1000, 3;
1, 256, 0, 0, 0, 0, 4, 999, 2;
1, 256, 0, 0, 0, 0, 4, 999, 2;
1, 256, 0, 0, 0, 0, 4, 999, 2;
1, 256, 1, 1, 1, 1, 6, 1001, 4;
1, 256, 0, -1, -1, -1, 4, 999, 2;
1, 256, 0, 0, 0, 0, 5, 1000, 3;
1, 256, 0, 0, 0, 0, 5, 1000, 3;
1, 256, 0, 0, 0, 0, 4, 999, 2;
1, 256, 0, 0, 0, 0, 5, 1000, 3;
1, 256, 0, -1, -1, -1, 3, 998, 1;
1, 256, 0, 0, 0, 0, 5, 1000, 3;
1, 256, 1, 1, 1, 1, 6, 1001, 4;
1, 256, 0, 0, 0, 0, 5, 1000, 3;
1, 256, 0, 0, 0, 0, 4, 999, 2;
1, 256, 1, 1, 1, 1, 6, 1000, 4;
1, 256, 1, 1, 1, 1, 6, 1000, 3;
1, 256, 0, 0, 0, 0, 4, 999, 2;
1, 256, 0, 0, 0, 0, 5, 1000, 3;
1, 256, 1, 1, 1, 1, 6, 1001, 4;
1, 256, 0, 0, 0, 0, 4, 999, 2;
1, 256, 0, 0, 0, 0, 5, 999, 2;
1, 256, 0, 0, 0, 0, 5, 1000, 3;
1, 256, 0, 0, 0, 0, 4, 999, 2;
1, 256, 1, 1, 1, 1, 6, 1001, 4;
1, 256, 0, -1, -1, -1, 4, 998, 2;
0, 256, 0, -1, -1, -1, 3, 998, 1;
1, 256, 0, 0, 0, 0, 4, 999, 2;
1, 256, 0, -1, -1, -1, 4, 999, 2;
1, 256, 0, 0, 0, 0, 4, 999, 2;
1, 256, 0, 0, 0, 0, 4, 999, 2;
1, 256, 1, 1, 1, 1, 6, 1001, 4;
1, 256, 0, -1, -1, -1, 4, 998, 1;
1, 256, 0, 0, 0, 0, 5, 1000, 3;
1, 256, 1, 1, 1, 1, 6, 1001, 4;
1, 256, 1, 1, 1, 1, 6, 1001, 4;
1, 256, 0, 0, 0, 0, 5, 1000, 3;
1, 256, 0, -1, -1, -1, 4, 999, 2;
1, 256, 0, 0, 0, 0, 4, 999, 2;
1, 256, 0, 1, 1, 1, 5, 1000, 3;
1, 256, 0, 1, 1, 1, 5, 1000, 3;
1, 256, 0, -1, -1, -1, 4, 999, 2;
1, 256, 0, -1, -1, -1, 4, 999, 2;
1, 256, 0, 0, 0, 0, 4, 999, 2;
1, 256, 0, -1, -1, -1, 4, 999, 2;
1, 256, 0, 0, 0, 0, 5, 1000, 3;
1, 256, 0, 0, 0, 0, 5, 1000, 3;
1, 256, 0, -1, -1, -1, 4, 999, 2;
1, 256, 0, 0, 0, 0, 5, 1000, 3;
1, 256, 0, -1, -1, -1, 3, 998, 1;
1, 256, 0, 1, 1, 1, 5, 1000, 3;
1, 256, 1, 1, 1, 1, 6, 1001, 4;
1, 256, 0, 1, 1, 1, 5, 1000, 3;
1, 256, 0, -1, -1, -1, 4, 999, 2;
1, 256, 1, 1, 1, 1, 5, 1000, 3;
1, 256, 0, 0, 0, 0, 5, 1000, 3;
1, 256, 0, 1, 1, 1, 5, 1000, 3;
1, 256, 0, 0, 0, 0, 4, 999, 2;
1, 256, 0, 0, 0, 0, 4, 999, 2;
1, 256, 0, -1, -1, -1, 4, 999, 2;
1, 256, 0, 0, 0, 0, 5, 1000, 3;
1, 256, 0, 0, 0, 0, 4, 999, 2;
1, 256, 0, 0, 0, 0, 4, 999, 2;
1, 256, 0, 0, 0, 0, 5, 1000, 3;
1, 256, 0, 0, 0, 0, 4, 999, 2;
1, 256, 0, 0, 0, 0, 4, 999, 2;
1, 256, 0, 0, 0, 0, 5, 1000, 3;
1, 256, 0, 1, 1, 1, 5, 1000, 3;
1, 256, 0, 0, 0, 0, 5, 1000, 3;
1, 256, 0, 0, 0, 0, 4, 999, 2;
1, 256, 0, 0, 0, 0, 5, 1000, 3;
1, 256, 0, 0, 0, 0, 4, 999, 2;
1, 256, 0, 0, 0, 0, 5, 1000, 3;
1, 256, 0, 0, 0, 0, 4, 999, 2;
1, 256, 1, 1, 1, 1, 6, 1001, 4;
1, 256, 0, 0, 0, 0, 5, 1000, 3;
1, 256, 0, 0, 0, 0, 5, 999, 2;
1, 256, 0, 0, 0, 0, 4, 999, 2;
1, 256, 0, -1, -1, -1, 4, 998, 1;
1, 256, 0, -1, -1, -1, 4, 998, 1;
1, 256, 0, -1, -1, -1, 4, 999, 2;
1, 256, 0, -1, -1, -1, 4, 998, 1;
1, 256, 0, 0, 0, 0, 5, 999, 3;
1, 256, 0, -1, -1, -1, 3, 998, 1;
1, 256, 0, 0, 0, 0, 5, 1000, 3;
1, 256, 1, 1, 1, 1, 6, 1001, 4;
1, 256, 0, 1, 1, 1, 5, 1000, 3;
1, 256, 0, 0, 0, 0, 4, 999, 2;
1, 256, 0, 0, 0, 0, 5, 1000, 3;
1, 256, 1, 1, 1, 1, 6, 1000, 3;
1, 256, 0, -1, -1, -1, 4, 998, 2;
1, 256, 0, 0, 0, 0, 4, 999, 2;
1, 256, 0, 0, 0, 0, 5, 999, 3;
1, 256, 0, -1, -1, -1, 3, 998, 1;
1, 256, 0, 0, 0, 0, 5, 1000, 3;
1, 256, 0, -1, -1, -1, 4, 999, 2;
1, 256, 1, 1, 1, 1, 6, 1001, 4;
1, 256, 0, -1, -1, -1, 4, 999, 2;
1, 256, 0, 0, 0, 0, 5, 1000, 3;
1, 256, 1, 1, 1, 1, 6, 1001, 4;
1, 256, 0, 0, 0, 0, 5, 1000, 3;
1, 256, 0, 0, 0, 0, 5, 1000, 3;
1, 256, 1, 1, 1, 1, 6, 1001, 4;
1, 256, 0, 0, 0, 0, 5, 1000, 3;
1, 256, 0, 1, 1, 1, 5, 1000, 3;
1, 256, 0, 0, 0, 0, 5, 1000, 3;
1, 256, 0, 0, 0, 0, 5, 1000, 3;
1, 256, 1, 1, 1, 1, 6, 1001, 4;
1, 256, 0, 1, 1, 1, 5, 1000, 3;
1, 256, 0, 0, 0, 0, 4, 999, 2;
1, 256, 0, 0, 0, 0, 4, 999, 2;
1, 256, 0, -1, -1, -1, 4, 999, 2;
1, 256, 0, 0, 0, 0, 5, 1000, 3;
1, 256, 0, 0, 0, 0, 5, 1000, 3;
1, 256, 0, 0, 0, 0, 4, 999, 2;
1, 256, 0, 1, 1, 1, 5, 1000, 3;
1, 256, 0, -1, -1, -1, 4, 999, 2;
1, 256, 0, -1, -1, -1, 4, 998, 2;
1, 256, 0, 0, 0, 0, 4, 999, 2;
1, 256, 0, 0, 0, 0, 4, 999, 2;
1, 256, 0, -1, -1, -1, 4, 999, 2;
1, 256, 0, 0, 0, 0, 5, 1000, 3;
1, 256, 0, -1, -1, -1, 4, 999, 2;
1, 256, 0, 0, 0, 0, 5, 1000, 3;
1, 256, 0, 0, 0, 0, 5, 1000, 3;
1, 256, 0, 0, 0, 0, 4, 999, 2;
1, 256, 0, 0, 0, 0, 5, 1000, 3;
1, 256, 0, -1, -1, -1, 4, 999, 2;
1, 256, 0, 1, 1, 1, 5, 1000, 3;
1, 256, 1, 1, 1, 1, 6, 1001, 4;
1, 256, 0, -1, -1, -1, 4, 999, 2;
1, 256, 0, 0, 0, 0, 5, 1000, 3;
1, 256, 0, 1, 1, 1, 5, 1000, 3;
1, 256, 0, 0, 0, 0, 5, 1000, 3;
1, 256, 0, 0, 0, 0, 5, 1000, 3;
1, 256, 0, 0, 0, 0, 5, 1000, 3;
1, 256, 0, 0, 0, 0, 4, 999, 2;
1, 256, 0, -1, -1, -1, 3, 998, 1;
1, 256, 0, 1, 1, 1, 5, 1000, 3;
1, 256, 1, 1, 1, 1, 6, 1001, 4;
1, 256, 0, 1, 1, 1, 5, 1000, 3;
1, 256, 0, -1, -1, -1, 3, 998, 1;
1, 256, 0, -1, -1, -1, 3, 998, 1;
1, 256, 0, 0, 0, 0, 4, 999, 2;
1, 256, 0, 1, 1, 1, 5, 1000, 3;
1, 256, 0, -1, -1, -1, 4, 999, 2;
1, 256, 0, -1, -1, -1, 4, 999, 2;
1, 256, 0, 1, 1, 1, 5, 1000, 3;
1, 256, 0, 0, 0, 0, 5, 1000, 3;
1, 256, 0, -1, -1, -1, 4, 999, 2;
1, 256, 0, 0, 0, 0, 4, 999, 2;
1, 256, 0, 0, 0, 0, 4, 999, 2;
1, 256, 0, -1, -1, -1, 4, 999, 2;
1, 256, 0, 0, 0, 0, 5, 1000, 3;
1, 256, 1, 1, 1, 1, 6, 1001, 4;
1, 256, 0, -1, -1, -1, 4, 999, 2;
1, 256, 0, 0, 0, 0, 4, 999, 2;
1, 256, 0, 0, 0, 0, 4, 999, 2;
1, 256, 0, 1, 1, 1, 5, 1000, 3;
1, 256, 0, 0, 0, 0, 4, 999, 2;
0, 256, 0, -1, -1, -1, 3, 998, 1;
1, 256, 0, -1, -1, -1, 4, 999, 2;
1, 256, 0, -1, -1, -1, 4, 999, 2;
1, 256, 1, 1, 1, 1, 5, 1000, 3;
1, 256, 0, 0, 0, 0, 5, 1000, 3;
1, 256, 0, 0, 0, 0, 5, 1000, 3;
1, 256, 0, -1, -1, -1, 4, 999, 2;
1, 256, 0, -1, -1, -1, 4, 999, 2;
1, 256, 0, 0, 0, 0, 5, 1000, 3;
0, 256, 0, -1, -1, -1, 3, 998, 1;
1, 256, 0, 0, 0, 0, 4, 999, 2;
1, 256, 0, 0, 0, 0, 4, 999, 2;
1, 256, 0, 0, 0, 0, 4, 999, 2;
1, 256, 0, 0, 0, 0, 5, 1000, 3;
1, 256, 1, 1, 1, 1, 6, 1001, 4;
1, 256, 0, 0, 0, 0, 5, 1000, 3;
1, 256, 0, 0, 0, 0, 4, 999, 2;
1, 256, 0, -1, -1, -1, 4, 998, 1;
1, 256, 1, 1, 1, 1, 6, 1001, 4;
1, 256, 0, -1, -1, -1, 4, 999, 2;
1, 256, 1, 1, 1, 1, 6, 1001, 4;
1, 256, 1, 1, 1, 1, 6, 1001, 4;
1, 256, 0, 0, 0, 0, 4, 999, 2;
1, 256, 0, 1, 1, 1, 5, 1000, 3;
1, 256, 0, -1, -1, -1, 4, 999, 2;
1, 256, 1, 1, 1, 1, 6, 1001, 4;
1, 256, 0, -1, -1, -1, 4, 999, 2;
1, 256, 0, 0, 0, 0, 4, 999, 2;
1, 256, 1, 1, 1, 1, 5, 1000, 3;
1, 256, 1, 1, 1, 1, 6, 1001, 4;
1, 256, 0, -1, -1, -1, 4, 998, 2;
1, 256, 0, 0, 0, 0, 5, 1000, 3;
1, 256, 0, -1, -1, -1, 4, 999, 2;
1, 256, 0, 0, 0, 0, 5, 1000, 3;
1, 256, 0, 0, 0, 0, 5, 1000, 3;
1, 256, 0, 0, 0, 0, 5, 1000, 3;
1, 256, 0, 0, 0, 0, 5, 1000, 3;
1, 256, 0, 0, 0, 0, 5, 999, 2;
1, 256, 1, 1, 1, 1, 6, 1001, 4;
1, 256, 0, 0, 0, 0, 4, 999, 2;
1, 256, 0, -1, -1, -1, 4, 998, 2;
1, 256, 0, -1, -1, -1, 4, 999, 2;
1, 256, 0, 0, 0, 0, 4, 999, 2;
0, 256, 0, -1, -1, -1, 3, 998, 1;
1, 256, 0, 0, 0, 0, 4, 999, 2;
1, 256, 0, 0, 0, 0, 4, 999, 2;
1, 256, 0, 0, 0, 0, 4, 999, 2;
1, 256, 0, -1, -1, -1, 4, 999, 2;
1, 256, 1, 1, 1, 1, 6, 1001, 4;
1, 256, 0, 0, 0, 0, 4, 999, 2;
1, 256, 1, 1, 1, 1, 5, 1000, 3;
1, 256, 0, -1, -1, -1, 4, 998, 1;
1, 256, 0, 0, 0, 0, 4, 999, 2;
1, 256, 0, 0, 0, 0, 5, 1000, 3;
1, 256, 0, 0, 0, 0, 4, 999, 2;
1, 256, 0, 0, 0, 0, 4, 999, 2;
1, 256, 0, 0, 0, 0, 5, 999, 2;
1, 256, 0, 0, 0, 0, 5, 1000, 3;
1, 256, 0, 0, 0, 0, 5, 1000, 3;
1, 256, 0, -1, -1, -1, 4, 998, 2;
1, 256, 0, 1, 1, 1, 5, 1000, 3;
1, 256, 0, 0, 0, 0, 5, 1000, 3;
1, 256, 0, 0, 0, 0, 5, 1000, 3;
1, 256, 0, 1, 1, 1, 5, 1000, 3;
1, 256, 0, 0, 0, 0, 5, 1000, 3;
1, 256, 0, -1, -1, -1, 4, 999, 2;
1, 256, 0, 0, 0, 0, 5, 1000, 3;
0, 256, 0, -1, -1, -1, 3, 998, 1;
1, 256, 1, 1, 1, 1, 6, 1001, 4;
1, 256, 0, -1, -1, -1, 4, 999, 2;
1, 256, 0, -1, -1, -1, 3, 998, 1;
1, 256, 0, 1, 1, 1, 5, 1000, 3;
1, 256, 0, 0, 0, 0, 4, 999, 2;
1, 256, 0, -1, -1, -1, 4, 999, 2;
1, 256, 1, 1, 1, 1, 6, 1001, 4;
1, 256, 0, 0, 0, 0, 5, 1000, 3;
1, 256, 0, -1, -1, -1, 3, 998, 1;
1, 256, 1, 1, 1, 1, 6, 1001, 4;
1, 256, 0, 0, 0, 0, 4, 999, 2;
1, 256, 0, -1, -1, -1, 4, 999, 2;
1, 256, 0, 0, 0, 0, 4, 999, 2;
1, 256, 1, 1, 1, 1, 6, 1001, 4;
1, 256, 0, -1, -1, -1, 4, 999, 2;
1, 256, 0, 1, 1, 1, 5, 1000, 3;
1, 256, 1, 1, 1, 1, 5, 1000, 3;
1, 256, 0, 0, 0, 0, 4, 999, 2;
1, 256, 0, -1, -1, -1, 4, 999, 2;
1, 256, 0, 0, 0, 0, 4, 999, 2;
1, 256, 0, -1, -1, -1, 4, 999, 2;
1, 256, 0, 0, 0, 0, 5, 1000, 3;
1, 256, 1, 1, 1, 1, 6, 1000, 4;
1, 256, 1, 1, 1, 1, 5, 1000, 3;
1, 256, 0, -1, -1, -1, 4, 999, 2;
1, 256, 1, 1, 1, 1, 6, 1000, 4;
1, 256, 0, 0, 0, 0, 4, 999, 2;
1, 256, 0, 0, 0, 0, 4, 999, 2;
1, 256, 0, 0, 0, 0, 4, 999, 2;
1, 256, 0, 0, 0, 0, 4, 999, 2;
1, 256, 0, 0, 0, 0, 4, 999, 2;
1, 256, 0, -1, -1, -1, 3, 998, 1;
1, 256, 1, 1, 1, 1, 6, 1001, 4;
1, 256, 1, 1, 1, 1, 6, 1001, 4;
1, 256, 1, 1, 1, 1, 6, 1001, 4;
1, 256, 0, 0, 0, 0, 5, 1000, 3;
1, 256, 0, -1, -1, -1, 4, 999, 2;
1, 256, 0, 0, 0, 0, 5, 999, 3;
1, 256, 0, -1, -1, -1, 4, 999, 2;
1, 256, 0, 0, 0, 0, 5, 1000, 3;
1, 256, 0, 0, 0, 0, 4, 999, 2;
1, 256, 0, 0, 0, 0, 5, 1000, 3;
1, 256, 0, 0, 0, 0, 4, 999, 2;
1, 256, 0, 0, 0, 0, 5, 1000, 3;
1, 256, 0, 0, 0, 0, 4, 999, 2;
1, 256, 0, -1, -1, -1, 3, 998, 1;
1, 256, 0, 0, 0, 0, 4, 999, 2;
1, 256, 0, 0, 0, 0, 5, 1000, 3;
1, 256, 0, 1, 1, 1, 5, 1000, 3;
1, 256, 1, 1, 1, 1, 6, 1001, 4;
1, 256, 1, 1, 1, 1, 6, 1000, 3;
1, 256, 0, 0, 0, 0, 4, 999, 2;
1, 256, 0, -1, -1, -1, 3, 998, 1;
1, 256, 0, 0, 0, 0, 4, 999, 2;
1, 256, 0, 1, 1, 1, 5, 1000, 3;
1, 256, 0, 0, 0, 0, 5, 1000, 3;
1, 256, 0, 0, 0, 0, 4, 999, 2;
1, 256, 1, 1, 1, 1, 5, 1000, 3;
1, 256, 0, 0, 0, 0, 5, 1000, 3;
1, 256, 0, -1, -1, -1, 4, 999, 2;
1, 256, 0, -1, -1, -1, 3, 998, 1;
1, 256, 0, 0, 0, 0, 5, 1000, 3;
1, 256, 0, 0, 0, 0, 5, 1000, 3;
1, 256, 1, 1, 1, 1, 6, 1001, 4;
1, 256, 0, 0, 0, 0, 5, 1000, 3;
1, 256, 0, 0, 0, 0, 5, 1000, 3;
1, 256, 1, 1, 1, 1, 5, 1000, 3;
1, 256, 0, 1, 1, 1, 5, 1000, 3;
1, 256, 0, 0, 0, 0, 4, 999, 2;
1, 256, 0, 0, 0, 0, 5, 1000, 3;
1, 256, 1, 1, 1, 1, 6, 1001, 4;
1, 256, 1, 1, 1, 1, 6, 1001, 4;
1, 256, 0, -1, -1, -1, 3, 998, 1;
1, 256, 0, 0, 0, 0, 5, 1000, 3;
1, 256, 1, 1, 1, 1, 6, 1000, 3;
1, 256, 0, 0, 0, 0, 5, 1000, 3;
1, 256, 0, 0, 0, 0, 4, 999, 2;
1, 256, 1, 1, 1, 1, 6, 1000, 4;
1, 256, 0, 0, 0, 0, 5, 1000, 3;
1, 256, 0, -1, -1, -1, 4, 999, 2;
1, 256, 0, 0, 0, 0, 4, 999, 2;
1, 256, 0, 1, 1, 1, 5, 1000, 3;
1, 256, 1, 1, 1, 1, 6, 1001, 4;
1, 256, 0, 0, 0, 0, 5, 1000, 3;
1, 256, 0, 0, 0, 0, 4, 999, 2;
1, 256, 0, 0, 0, 0, 5, 1000, 3;
1, 256, 0, 0, 0, 0, 5, 1000, 3;
1, 256, 0, 0, 0, 0, 4, 999, 2;
1, 256, 0, 0, 0, 0, 5, 1000, 3;
1, 256, 0, 0, 0, 0, 5, 1000, 3;
1, 256, 0, 0, 0, 0, 4, 999, 2;
1, 256, 1, 1, 1, 1, 6, 1001, 4;
1, 256, 0, 0, 0, 0, 5, 999, 2;
1, 256, 0, -1, -1, -1, 4, 999, 2;
1, 256, 0, -1, -1, -1, 4, 999, 2;
1, 256, 1, 1, 1, 1, 6, 1001, 4;
1, 256, 0, -1, -1, -1, 3, 998, 1;
1, 256, 0, 0, 0, 0, 5, 1000, 3;
1, 256, 1, 1, 1, 1, 6, 1001, 4;
1, 256, 0, 1, 1, 1, 5, 1000, 3;
1, 256, 0, 0, 0, 0, 5, 1000, 3;
1, 256, 0, -1, -1, -1, 4, 999, 2;
1, 256, 0, 0, 0, 0, 5, 999, 3;
1, 256, 0, 0, 0, 0, 4, 999, 2;
1, 256, 0, 0, 0, 0, 5, 1000, 3;
1, 256, 0, -1, -1, -1, 4, 998, 1;
1, 256, 0, -1, -1, -1, 4, 999, 2;
1, 256, 0, -1, -1, -1, 4, 999, 2;
1, 256, 0, 0, 0, 0, 5, 999, 3;
1, 256, 0, 0, 0, 0, 4, 999, 2;
1, 256, 0, 1, 1, 1, 5, 1000, 3;
1, 256, 0, 0, 0, 0, 4, 999, 2;
1, 256, 0, 0, 0, 0, 5, 1000, 3;
1, 256, 0, 0, 0, 0, 4, 999, 2;
1, 256, 0, 0, 0, 0, 5, 1000, 3;
1, 256, 0, -1, -1, -1, 3, 998, 1;
1, 256, 1, 1, 1, 1, 6, 1001, 4;
1, 256, 0, 0, 0, 0, 4, 999, 2;
1, 256, 0, 0, 0, 0, 5, 1000, 3;
1, 256, 0, 1, 1, 1, 5, 1000, 3;
1, 256, 0, 0, 0, 0, 5, 1000, 3;
1, 256, 0, 0, 0, 0, 5, 1000, 3;
1, 256, 0, 0, 0, 0, 5, 1000, 3;
1, 256, 1, 1, 1, 1, 5, 1000, 3;
1, 256, 0, -1, -1, -1, 4, 999, 2;
1, 256, 0, -1, -1, -1, 4, 999, 2;
1, 256, 0, -1, -1, -1, 4, 999, 2;
1, 256, 0, 1, 1, 1, 5, 1000, 3;
1, 256, 0, 0, 0, 0, 5, 1000, 3;
1, 256, 1, 1, 1, 1, 6, 1001, 4;
1, 256, 0, 0, 0, 0, 4, 999, 2;
1, 256, 0, 0, 0, 0, 5, 1000, 3;
1, 256, 0, 0, 0, 0, 4, 999, 2;
1, 256, 0, 0, 0, 0, 4, 999, 2;
1, 256, 0, 0, 0, 0, 5, 1000, 3;
1, 256, 0, 1, 1, 1, 5, 1000, 3;
1, 256, 0, -1, -1, -1, 4, 999, 2;
1, 256, 0, 0, 0, 0, 5, 1000, 3;
1, 256, 0, 0, 0, 0, 4, 999, 2;
1, 256, 0, 0, 0, 0, 5, 1000, 3;
1, 256, 0, 0, 0, 0, 4, 999, 2;
1, 256, 0, 0, 0, 0, 5, 1000, 3;
1, 256, 0, 0, 0, 0, 5, 999, 3;
1, 256, 0, -1, -1, -1, 4, 999, 2;
1, 256, 0, 0, 0, 0, 4, 999, 2;
1, 256, 0, 0, 0, 0, 5, 1000, 3;
1, 256, 0, 1, 1, 1, 5, 1000, 3;
1, 256, 1, 1, 1, 1, 6, 1001, 4;
1, 256, 1, 1, 1, 1, 6, 1001, 4;
1, 256, 0, 0, 0, 0, 4, 999, 2;
1, 256, 0, 0, 0, 0, 5, 1000, 3;
1, 256, 0, 0, 0, 0, 4, 999, 2;
1, 256, 0, -1, -1, -1, 3, 998, 1;
1, 256, 0, 0, 0, 0, 5, 1000, 3;
1, 256, 0, -1, -1, -1, 3, 998, 1;
1, 256, 1, 1, 1, 1, 6, 1001, 4;
1, 256, 0, 0, 0, 0, 5, 1000, 3;
1, 256, 0, 0, 0, 0, 4, 999, 2;
1, 256, 0, 0, 0, 0, 5, 1000, 3;
1, 256, 0, 0, 0, 0, 4, 999, 2;
1, 256, 0, 0, 0, 0, 5, 999, 3;
1, 256, 0, 0, 0, 0, 5, 1000, 3;
1, 256, 0, 0, 0, 0, 5, 1000, 3;
1, 256, 0, 0, 0, 0, 5, 1000, 3;
1, 256, 0, 1, 1, 1, 5, 1000, 3;
1, 256, 0, -1, -1, -1, 4, 999, 2;
1, 256, 0, 0, 0, 0, 5, 1000, 3;
1, 256, 0, 0, 0, 0, 5, 999, 3;
1, 256, 0, 0, 0, 0, 5, 1000, 3;
1, 256, 1, 1, 1, 1, 6, 1000, 3;
1, 256, 0, 0, 0, 0, 4, 999, 2;
1, 256, 0, 0, 0, 0, 4, 999, 2;
1, 256, 0, 0, 0, 0, 4, 999, 2;
1, 256, 0, 1, 1, 1, 5, 1000, 3;
1, 256, 0, 1, 1, 1, 5, 1000, 3;
1, 256, 0, 0, 0, 0, 5, 1000, 3;
1, 256, 1, 1, 1, 1, 6, 1001, 4;
1, 256, 0, 0, 0, 0, 5, 999, 3;
1, 256, 0, -1, -1, -1, 4, 999, 2;
1, 256, 1, 1, 1, 1, 5, 1000, 3;
1, 256, 0, 0, 0, 0, 5, 1000, 3;
1, 256, 0, 1, 1, 1, 5, 1000, 3;
1, 256, 0, 0, 0, 0, 5, 1000, 3;
1, 256, 0, 0, 0, 0, 5, 1000, 3;
1, 256, 0, -1, -1, -1, 3, 998, 1;
1, 256, 0, 0, 0, 0, 5, 1000, 3;
1, 256, 1, 1, 1, 1, 6, 1000, 4;
1, 256, 0, 0, 0, 0, 4, 999, 2;
1, 256, 0, 1, 1, 1, 5, 1000, 3;
1, 256, 1, 1, 1, 1, 6, 1001, 4;
1, 256, 0, 0, 0, 0, 5, 1000, 3;
1, 256, 0, 0, 0, 0, 5, 1000, 3;
1, 256, 0, -1, -1, -1, 4, 999, 2;
1, 256, 0, 1, 1, 1, 5, 1000, 3;
1, 256, 0, 0, 0, 0, 5, 1000, 3;
1, 256, 1, 1, 1, 1, 6, 1000, 4;
1, 256, 0, 0, 0, 0, 5, 1000, 3;
1, 256, 0, 0, 0, 0, 4, 999, 2;
1, 256, 0, 0, 0, 0, 4, 999, 2;
1, 256, 0, 0, 0, 0, 5, 1000, 3;
1, 256, 0, 0, 0, 0, 4, 999, 2;
1, 256, 0, 0, 0, 0, 4, 999, 2;
1, 256, 0, -1, -1, -1, 4, 999, 2;
1, 256, 1, 1, 1, 1, 6, 1001, 4;
1, 256, 0, -1, -1, -1, 4, 999, 2;
1, 256, 1, 1, 1, 1, 6, 1001, 4;
1, 256, 1, 1, 1, 1, 6, 1000, 4;
1, 256, 0, 0, 0, 0, 5, 1000, 3;
1, 256, 0, 0, 0, 0, 5, 1000, 3;
1, 256, 0, 0, 0, 0, 5, 1000, 3;
1, 256, 0, 0, 0, 0, 4, 999, 2;
1, 256, 0, -1, -1, -1, 3, 998, 1;
1, 256, 0, 0, 0, 0, 5, 1000, 3;
1, 256, 0, 0, 0, 0, 5, 999, 3;
1, 256, 1, 1, 1, 1, 6, 1001, 4;
1, 256, 0, 0, 0, 0, 5, 1000, 3;
1, 256, 0, -1, -1, -1, 4, 999, 2;
1, 256, 1, 1, 1, 1, 6, 1000, 4;
1, 256, 0, 1, 1, 1, 5, 1000, 3;
1, 256, 0, -1, -1, -1, 4, 999, 2;
1, 256, 0, 0, 0, 0, 5, 1000, 3;
1, 256, 0, -1, -1, -1, 4, 998, 2;
1, 256, 0, -1, -1, -1, 4, 999, 2;
1, 256, 0, -1, -1, -1, 4, 998, 1;
1, 256, 0, 1, 1, 1, 5, 1000, 3;
1, 256, 0, 0, 0, 0, 4, 999, 2;
1, 256, 0, -1, -1, -1, 4, 999, 2;
1, 256, 0, 0, 0, 0, 4, 999, 2;
1, 256, 0, -1, -1, -1, 4, 999, 2;
1, 256, 0, 1, 1, 1, 5, 1000, 3;
1, 256, 0, -1, -1, -1, 4, 999, 2;
1, 256, 1, 1, 1, 1, 5, 1000, 3;
1, 256, 0, 1, 1, 1, 5, 1000, 3;
1, 256, 0, 1, 1, 1, 5, 1000, 3;
1, 256, 1, 1, 1, 1, 6, 1001, 4;
1, 256, 0, -1, -1, -1, 4, 999, 2;
1, 256, 1, 1, 1, 1, 6, 1001, 4;
1, 256, 1, 1, 1, 1, 6, 1001, 4;
1, 256, 0, 0, 0, 0, 4, 999, 2;
1, 256, 0, 0, 0, 0, 5, 1000, 3;
1, 256, 0, 0, 0, 0, 5, 1000, 3;
1, 256, 0, -1, -1, -1, 4, 999, 2;
1, 256, 0, -1, -1, -1, 4, 999, 2;
1, 256, 0, 1, 1, 1, 5, 1000, 3;
1, 256, 0, 0, 0, 0, 4, 999, 2;
1, 256, 0, 0, 0, 0, 4, 999, 2;
1, 256, 0, 0, 0, 0, 4, 999, 2;
1, 256, 0, 0, 0, 0, 5, 1000, 3;
1, 256, 0, 0, 0, 0, 5, 1000, 3;
1, 256, 0, 0, 0, 0, 4, 999, 2;
1, 256, 0, -1, -1, -1, 3, 998, 1;
1, 256, 0, 0, 0, 0, 4, 999, 2;
1, 256, 0, 1, 1, 1, 5, 1000, 3;
1, 256, 0, 1, 1, 1, 5, 1000, 3;
1, 256, 0, 0, 0, 0, 4, 999, 2;
1, 256, 1, 1, 1, 1, 6, 1000, 3;
1, 256, 0, 0, 0, 0, 5, 1000, 3;
1, 256, 1, 1, 1, 1, 6, 1001, 4;
1, 256, 1, 1, 1, 1, 6, 1001, 4;
1, 256, 0, -1, -1, -1, 4, 998, 2;
1, 256, 1, 1, 1, 1, 6, 1001, 4;
1, 256, 0, 1, 1, 1, 5, 1000, 3;
1, 256, 0, 0, 0, 0, 5, 1000, 3;
1, 256, 0, -1, -1, -1, 4, 999, 2;
1, 256, 1, 1, 1, 1, 6, 1001, 4;
1, 256, 0, 1, 1, 1, 5, 1000, 3;
1, 256, 0, 0, 0, 0, 5, 1000, 3;
1, 256, 0, 0, 0, 0, 4, 999, 2;
1, 256, 0, -1, -1, -1, 4, 999, 2;
1, 256, 0, -1, -1, -1, 4, 999, 2;
1, 256, 1, 1, 1, 1, 6, 1001, 4;
1, 256, 0, -1, -1, -1, 4, 999, 2;
1, 256, 0, -1, -1, -1, 4, 998, 2;
1, 256, 0, 0, 0, 0, 5, 1000, 3;
1, 256, 0, -1, -1, -1, 4, 999, 2;
1, 256, 0, 0, 0, 0, 4, 999, 2;
1, 256, 1, 1, 1, 1, 6, 1001, 4;
1, 256, 1, 1, 1, 1, 6, 1001, 4;
1, 256, 0, 0, 0, 0, 5, 1000, 3;
1, 256, 0, 0, 0, 0, 5, 1000, 3;
1, 256, 0, 0, 0, 0, 4, 999, 2;
1, 256, 0, -1, -1, -1, 4, 999, 2;
1, 256, 0, 0, 0, 0, 4, 999, 2;
1, 256, 1, 1, 1, 1, 6, 1000, 4;
1, 256, 0, 0, 0, 0, 5, 1000, 3;
1, 256, 0, 0, 0, 0, 4, 999, 2;
1, 256, 1, 1, 1, 1, 6, 1001, 4;
1, 256, 0, -1, -1, -1, 4, 999, 2;
1, 256, 1, 1, 1, 1, 6, 1001, 4;
1, 256, 0, 0, 0, 0, 4, 999, 2;
1, 256, 1, 1, 1, 1, 5, 1000, 3;
1, 256, 0, -1, -1, -1, 4, 999, 2;
1, 256, 1, 1, 1, 1, 6, 1000, 3;
1, 256, 0, 0, 0, 0, 5, 999, 2;
1, 256, 1, 1, 1, 1, 6, 1001, 4;
0, 256, 0, -1, -1, -1, 3, 998, 1;
1, 256, 0, -1, -1, -1, 4, 999, 2;
1, 256, 0, 0, 0, 0, 5, 1000, 3;
1, 256, 0, 0, 0, 0, 5, 1000, 3;
1, 256, 0, 0, 0, 0, 5, 1000, 3;
1, 256, 0, 0, 0, 0, 4, 999, 2;
1, 256, 0, -1, -1, -1, 4, 999, 2;
1, 256, 0, 0, 0, 0, 4, 999, 2;
1, 256, 0, 0, 0, 0, 4, 999, 2;
1, 256, 0, -1, -1, -1, 3, 998, 1;
1, 256, 0, -1, -1, -1, 4, 999, 2;
1, 256, 0, 0, 0, 0, 5, 1000, 3;
1, 256, 0, 0, 0, 0, 5, 1000, 3;
1, 256, 0, 0, 0, 0, 4, 999, 2;
1, 256, 1, 1, 1, 1, 5, 1000, 3;
1, 256, 0, 0, 0, 0, 5, 999, 3;
1, 256, 0, 0, 0, 0, 4, 999, 2;
1, 256, 0, -1, -1, -1, 4, 999, 2;
0, 256, 0, -1, -1, -1, 3, 998, 1;
1, 256, 0, -1, -1, -1, 4, 999, 2;
1, 256, 0, -1, -1, -1, 3, 998, 1;
1, 256, 0, 0, 0, 0, 5, 1000, 3;
1, 256, 0, 0, 0, 0, 5, 1000, 3;
1, 256, 0, 0, 0, 0, 4, 999, 2;
1, 256, 1, 1, 1, 1, 6, 1001, 4;
1, 256, 0, -1, -1, -1, 4, 999, 2;
1, 256, 0, 0, 0, 0, 5, 1000, 3;
1, 256, 0, 0, 0, 0, 4, 999, 2;
1, 256, 0, -1, -1, -1, 4, 999, 2;
1, 256, 0, -1, -1, -1, 4, 999, 2;
1, 256, 0, 0, 0, 0, 4, 999, 2;
1, 256, 0, 0, 0, 0, 4, 999, 2;
1, 256, 0, 0, 0, 0, 4, 999, 2;
1, 256, 0, 0, 0, 0, 5, 1000, 3;
1, 256, 1, 1, 1, 1, 6, 1001, 4;
1, 256, 1, 1, 1, 1, 6, 1001, 4;
1, 256, 1, 1, 1, 1, 6, 1000, 4;
1, 256, 1, 1, 1, 1, 6, 1000, 3;
1, 256, 0, 1, 1, 1, 5, 1000, 3;
1, 256, 0, 0, 0, 0, 5, 999, 3;
1, 256, 0, 0, 0, 0, 4, 999, 2;
1, 256, 0, 0, 0, 0, 5, 1000, 3;
1, 256, 0, 0, 0, 0, 5, 1000, 3;
1, 256, 0, 0, 0, 0, 5, 1000, 3;
1, 256, 0, 0, 0, 0, 5, 1000, 3;
1, 256, 0, 0, 0, 0, 5, 1000, 3;
1, 256, 0, 0, 0, 0, 4, 999, 2;
1, 256, 1, 1, 1, 1, 6, 1000, 3;
1, 256, 1, 1, 1, 1, 6, 1001, 4;
1, 256, 0, 0, 0, 0, 5, 999, 2;
1, 256, 0, -1, -1, -1, 4, 999, 2;
1, 256, 0, 0, 0, 0, 5, 1000, 3;
0, 256, 0, -1, -1, -1, 3, 998, 1;
1, 256, 0, 0, 0, 0, 4, 999, 2;
1, 256, 0, 0, 0, 0, 5, 1000, 3;
1, 256, 0, 0, 0, 0, 4, 999, 2;
1, 256, 0, 0, 0, 0, 4, 999, 2;
1, 256, 0, 0, 0, 0, 5, 1000, 3;
1, 256, 0, 0, 0, 0, 5, 1000, 3;
1, 256, 1, 1, 1, 1, 6, 1000, 4;
1, 256, 0, -1, -1, -1, 4, 999, 2;
1, 256, 0, -1, -1, -1, 3, 998, 1;
1, 256, 0, 0, 0, 0, 4, 999, 2;
1, 256, 0, 0, 0, 0, 4, 999, 2;
1, 256, 0, 1, 1, 1, 5, 1000, 3;
1, 256, 0, -1, -1, -1, 3, 998, 1;
1, 256, 0, 0, 0, 0, 5, 1000, 3;
1, 256, 0, 0, 0, 0, 5, 999, 2;
1, 256, 0, 0, 0, 0, 4, 999, 2;
1, 256, 1, 1, 1, 1, 6, 1000, 4;
1, 256, 0, -1, -1, -1, 4, 999, 2;
1, 256, 0, 1, 1, 1, 5, 1000, 3;
1, 256, 0, -1, -1, -1, 4, 999, 2;
1, 256, 0, 0, 0, 0, 5, 999, 3;
1, 256, 0, 0, 0, 0, 4, 999, 2;
1, 256, 0, 0, 0, 0, 5, 1000, 3;
1, 256, 0, -1, -1, -1, 4, 999, 2;
1, 256, 0, -1, -1, -1, 3, 998, 1;
1, 256, 0, -1, -1, -1, 4, 999, 2;
1, 256, 0, 0, 0, 0, 5, 1000, 3;
1, 256, 0, 0, 0, 0, 5, 1000, 3;
1, 256, 0, -1, -1, -1, 4, 999, 2;
1, 256, 0, 0, 0, 0, 4, 999, 2;
1, 256, 0, 0, 0, 0, 4, 999, 2;
1, 256, 1, 1, 1, 1, 5, 1000, 3;
1, 256, 0, -1, -1, -1, 4, 999, 2;
1, 256, 1, 1, 1, 1, 6, 1000, 4;
1, 256, 0, 0, 0, 0, 4, 999, 2;
1, 256, 0, 0, 0, 0, 4, 999, 2;
1, 256, 0, -1, -1, -1, 4, 999, 2;
1, 256, 0, -1, -1, -1, 4, 999, 2;
1, 256, 0, 0, 0, 0, 4, 999, 2;
1, 256, 0, 0, 0, 0, 4, 999, 2;
1, 256, 0, 0, 0, 0, 4, 999, 2;
1, 256, 0, 0, 0, 0, 4, 999, 2;
1, 256, 0, 0, 0, 0, 5, 999, 3;
1, 256, 1, 1, 1, 1, 6, 1001, 4;
1, 256, 1, 1, 1, 1, 6, 1000, 3;
1, 256, 0, 0, 0, 0, 4, 999, 2;
1, 256, 0, -1, -1, -1, 4, 999, 2;
1, 256, 1, 1, 1, 1, 6, 1001, 4;
1, 256, 0, 0, 0, 0, 5, 1000, 3;
1, 256, 0, 0, 0, 0, 4, 999, 2;
1, 256, 0, 0, 0, 0, 4, 999, 2;
1, 256, 0, 1, 1, 1, 5, 1000, 3;
1, 256, 0, 1, 1, 1, 5, 1000, 3;
1, 256, 0, 0, 0, 0, 5, 1000, 3;
1, 256, 0, -1, -1, -1, 3, 998, 1;
1, 256, 0, 0, 0, 0, 4, 999, 2;
1, 256, 0, 0, 0, 0, 4, 999, 2;
1, 256, 1, 1, 1, 1, 6, 1001, 4;
1, 256, 0, 0, 0, 0, 5, 1000, 3;
1, 256, 0, 0, 0, 0, 4, 999, 2;
1, 256, 0, 0, 0, 0, 5, 1000, 3;
1, 256, 0, 0, 0, 0, 4, 999, 2;
1, 256, 0, -1, -1, -1, 4, 998, 2;
1, 256, 1, 1, 1, 1, 6, 1001, 4;
1, 256, 0, 0, 0, 0, 5, 1000, 3;
1, 256, 0, -1, -1, -1, 4, 998, 2;
1, 256, 0, 0, 0, 0, 4, 999, 2;
1, 256, 0, -1, -1, -1, 3, 998, 1;
1, 256, 0, -1, -1, -1, 3, 998, 1;
1, 256, 0, 0, 0, 0, 5, 1000, 3;
1, 256, 1, 1, 1, 1, 6, 1001, 4;
1, 256, 0, -1, -1, -1, 4, 999, 2;
1, 256, 0, 0, 0, 0, 5, 1000, 3;
1, 256, 0, 0, 0, 0, 4, 999, 2;
1, 256, 0, 0, 0, 0, 5, 999, 2;
1, 256, 0, 0, 0, 0, 4, 999, 2;
1, 256, 1, 1, 1, 1, 6, 1001, 4;
1, 256, 0, 0, 0, 0, 4, 999, 2;
1, 256, 0, -1, -1, -1, 4, 999, 2;
1, 256, 0, 1, 1, 1, 5, 1000, 3;
1, 256, 1, 1, 1, 1, 6, 1001, 4;
1, 256, 0, 0, 0, 0, 4, 999, 2;
1, 256, 0, -1, -1, -1, 4, 999, 2;
1, 256, 0, -1, -1, -1, 4, 999, 2;
1, 256, 0, 0, 0, 0, 5, 1000, 3;
1, 256, 0, 0, 0, 0, 4, 999, 2;
1, 256, 0, -1, -1, -1, 4, 999, 2;
1, 256, 0, 1, 1, 1, 5, 1000, 3;
1, 256, 0, 0, 0, 0, 4, 999, 2;
1, 256, 0, 0, 0, 0, 4, 999, 2;
1, 256, 0, 0, 0, 0, 5, 1000, 3;
1, 256, 0, 1, 1, 1, 5, 1000, 3;
1, 256, 0, 0, 0, 0, 5, 1000, 3;
1, 256, 0, 0, 0, 0, 4, 999, 2;
1, 256, 0, -1, -1, -1, 4, 999, 2;
1, 256, 0, 0, 0, 0, 5, 1000, 3;
1, 256, 1, 1, 1, 1, 6, 1000, 3;
1, 256, 0, 1, 1, 1, 5, 1000, 3;
1, 256, 1, 1, 1, 1, 6, 1001, 4;
1, 256, 0, 0, 0, 0, 4, 999, 2;
1, 256, 0, 0, 0, 0, 4, 999, 2;
1, 256, 0, 1, 1, 1, 5, 1000, 3;
1, 256, 0, 0, 0, 0, 5, 1000, 3;
1, 256, 0, 0, 0, 0, 5, 1000, 3;
1, 256, 0, 0, 0, 0, 5, 1000, 3;
1, 256, 0, 0, 0, 0, 5, 1000, 3;
1, 256, 1, 1, 1, 1, 6, 1001, 4;
1, 256, 1, 1, 1, 1, 6, 1000, 3;
1, 256, 0, 0, 0, 0, 4, 999, 2;
1, 256, 0, -1, -1, -1, 4, 999, 2;
1, 256, 0, -1, -1, -1, 4, 999, 2;
1, 256, 0, 0, 0, 0, 5, 1000, 3;
1, 256, 0, 0, 0, 0, 4, 999, 2;
1, 256, 1, 1, 1, 1, 5, 1000, 3;
1, 256, 0, 0, 0, 0, 5, 1000, 3;
1, 256, 0, 1, 1, 1, 5, 1000, 3;
1, 256, 0, -1, -1, -1, 4, 999, 2;
1, 256, 0, 0, 0, 0, 4, 999, 2;
1, 256, 0, 0, 0, 0, 4, 999, 2;
1, 256, 0, 1, 1, 1, 5, 1000, 3;
1, 256, 0, -1, -1, -1, 4, 999, 2;
1, 256, 0, -1, -1, -1, 4, 999, 2;
1, 256, 0, -1, -1, -1, 4, 999, 2;
1, 256, 0, 0, 0, 0, 4, 999, 2;
1, 256, 0, -1, -1, -1, 4, 999, 2;
1, 256, 0, 0, 0, 0, 5, 1000, 3;
1, 256, 0, 0, 0, 0, 4, 999, 2;
1, 256, 1, 1, 1, 1, 6, 1001, 4;
1, 256, 0, -1, -1, -1, 4, 998, 2;
1, 256, 0, 0, 0, 0, 4, 999, 2;
1, 256, 1, 1, 1, 1, 6, 1001, 4;
1, 256, 0, -1, -1, -1, 4, 999, 2;
1, 256, 1, 1, 1, 1, 6, 1001, 4;
1, 256, 0, 0, 0, 0, 4, 999, 2;
1, 256, 0, 0, 0, 0, 4, 999, 2;
1, 256, 1, 1, 1, 1, 6, 1001, 4;
1, 256, 0, 0, 0, 0, 4, 999, 2;
1, 256, 0, 0, 0, 0, 4, 999, 2;
1, 256, 0, 0, 0, 0, 4, 999, 2;
1, 256, 0, -1, -1, -1, 4, 999, 2;
1, 256, 0, -1, -1, -1, 4, 999, 2;
1, 256, 0, -1, -1, -1, 4, 998, 2;
1, 256, 0, 0, 0, 0, 5, 1000, 3;
1, 256, 0, 0, 0, 0, 4, 999, 2;
1, 256, 1, 1, 1, 1, 6, 1000, 4;
1, 256, 1, 1, 1, 1, 5, 1000, 3;
1, 256, 0, 0, 0, 0, 5, 1000, 3;
1, 256, 0, 0, 0, 0, 4, 999, 2;
1, 256, 0, -1, -1, -1, 4, 999, 2;
1, 256, 0, 0, 0, 0, 4, 999, 2;
1, 256, 0, 0, 0, 0, 4, 999, 2;
1, 256, 0, 0, 0, 0, 5, 1000, 3;
1, 256, 0, 0, 0, 0, 5, 1000, 3;
1, 256, 0, 0, 0, 0, 4, 999, 2;
1, 256, 1, 1, 1, 1, 5, 1000, 3;
1, 256, 0, 0, 0, 0, 5, 1000, 3;
1, 256, 0, 0, 0, 0, 5, 1000, 3;
1, 256, 0, -1, -1, -1, 4, 999, 2;
1, 256, 0, 0, 0, 0, 5, 1000, 3;
1, 256, 0, -1, -1, -1, 4, 998, 1;
1, 256, 0, 0, 0, 0, 5, 1000, 3;
1, 256, 0, 0, 0, 0, 5, 1000, 3;
1, 256, 0, 0, 0, 0, 5, 999, 3;
1, 256, 1, 1, 1, 1, 6, 1000, 4;
1, 256, 0, 0, 0, 0, 4, 999, 2;
1, 256, 0, 1, 1, 1, 5, 1000, 3;
1, 256, 0, 0, 0, 0, 4, 999, 2;
1, 256, 0, -1, -1, -1, 4, 999, 2;
1, 256, 0, 0, 0, 0, 5, 1000, 3;
1, 256, 1, 1, 1, 1, 6, 1001, 4;
1, 256, 1, 1, 1, 1, 6, 1001, 4;
1, 256, 0, -1, -1, -1, 4, 999, 2;
1, 256, 0, -1, -1, -1, 4, 999, 2;
1, 256, 1, 1, 1, 1, 6, 1001, 4;
1, 256, 0, -1, -1, -1, 4, 999, 2;
1, 256, 0, 0, 0, 0, 4, 999, 2;
1, 256, 0, -1, -1, -1, 4, 999, 2;
1, 256, 0, 0, 0, 0, 5, 1000, 3;
1, 256, 0, 0, 0, 0, 5, 1000, 3;
1, 256, 1, 1, 1, 1, 6, 1001, 4;
1, 256, 0, -1, -1, -1, 4, 999, 2;
1, 256, 0, 1, 1, 1, 5, 1000, 3;
1, 256, 0, 0, 0, 0, 4, 999, 2;
1, 256, 0, 0, 0, 0, 5, 1000, 3;
1, 256, 0, 0, 0, 0, 5, 1000, 3;
1, 256, 0, 0, 0, 0, 4, 999, 2;
1, 256, 1, 1, 1, 1, 6, 1001, 4;
1, 256, 0, -1, -1, -1, 4, 999, 2;
1, 256, 0, 0, 0, 0, 4, 999, 2;
1, 256, 0, 0, 0, 0, 5, 999, 3;
1, 256, 0, -1, -1, -1, 4, 999, 2;
1, 256, 0, 1, 1, 1, 5, 1000, 3;
1, 256, 0, -1, -1, -1, 4, 998, 2;
1, 256, 1, 1, 1, 1, 6, 1000, 4;
0, 256, 0, -1, -1, -1, 3, 998, 1;
1, 256, 0, 0, 0, 0, 5, 1000, 3;
1, 256, 1, 1, 1, 1, 6, 1000, 3;
1, 256, 1, 1, 1, 1, 6, 1001, 4;
1, 256, 0, -1, -1, -1, 4, 999, 2;
1, 256, 0, 1, 1, 1, 5, 1000, 3;
1, 256, 1, 1, 1, 1, 6, 1000, 3;
1, 256, 1, 1, 1, 1, 6, 1001, 4;
1, 256, 0, 0, 0, 0, 5, 1000, 3;
1, 256, 0, -1, -1, -1, 4, 999, 2;
1, 256, 0, 0, 0, 0, 4, 999, 2;
1, 256, 0, 0, 0, 0, 5, 1000, 3;
1, 256, 1, 1, 1, 1, 6, 1001, 4;
1, 256, 0, 0, 0, 0, 5, 1000, 3;
1, 256, 0, 0, 0, 0, 5, 1000, 3;
0, 256, 0, -1, -1, -1, 3, 998, 1;
1, 256, 0, 0, 0, 0, 4, 999, 2;
1, 256, 0, 0, 0, 0, 5, 999, 3;
1, 256, 0, 1, 1, 1, 5, 1000, 3;
1, 256, 0, 0, 0, 0, 4, 999, 2;
1, 256, 0, -1, -1, -1, 4, 998, 2;
0, 256, 0, -1, -1, -1, 3, 998, 1;
1, 256, 0, -1, -1, -1, 4, 999, 2;
1, 256, 0, 0, 0, 0, 5, 1000, 3;
1, 256, 0, 0, 0, 0, 5, 1000, 3;
1, 256, 1, 1, 1, 1, 6, 1000, 4;
1, 256, 0, 0, 0, 0, 4, 999, 2;
1, 256, 0, 0, 0, 0, 5, 1000, 3;
1, 256, 0, 0, 0, 0, 5, 1000, 3;
1, 256, 0, -1, -1, -1, 4, 998, 2;
1, 256, 1, 1, 1, 1, 6, 1001, 4;
1, 256, 0, -1, -1, -1, 4, 999, 2;
1, 256, 0, 0, 0, 0, 4, 999, 2;
1, 256, 0, 0, 0, 0, 5, 1000, 3;
1, 256, 0, -1, -1, -1, 4, 998, 2;
1, 256, 0, 0, 0, 0, 5, 1000, 3;
1, 256, 0, -1, -1, -1, 4, 999, 2;
1, 256, 0, 0, 0, 0, 5, 1000, 3;
1, 256, 0, 0, 0, 0, 5, 1000, 3;
1, 256, 0, 1, 1, 1, 5, 1000, 3;
1, 256, 0, -1, -1, -1, 4, 999, 2;
1, 256, 0, -1, -1, -1, 4, 999, 2;
1, 256, 0, 0, 0, 0, 4, 999, 2;
1, 256, 0, 0, 0, 0, 4, 999, 2;
1, 256, 0, 0, 0, 0, 5, 1000, 3;
1, 256, 1, 1, 1, 1, 6, 1000, 4;
1, 256, 0, 0, 0, 0, 5, 1000, 3;
1, 256, 0, 0, 0, 0, 5, 999, 3;
1, 256, 1, 1, 1, 1, 5, 1000, 3;
1, 256, 0, 0, 0, 0, 5, 1000, 3;
1, 256, 0, 0, 0, 0, 5, 1000, 3;
1, 256, 1, 1, 1, 1, 6, 1000, 4;
1, 256, 0, 0, 0, 0, 5, 1000, 3;
1, 256, 0, 0, 0, 0, 4, 999, 2;
1, 256, 0, 0, 0, 0, 4, 999, 2;
1, 256, 1, 1, 1, 1, 6, 1001, 4;
1, 256, 0, -1, -1, -1, 4, 998, 2;
1, 256, 0, 0, 0, 0, 4, 999, 2;
1, 256, 0, 0, 0, 0, 5, 1000, 3;
1, 256, 0, 0, 0, 0, 4, 999, 2;
1, 256, 0, 0, 0, 0, 5, 1000, 3;
1, 256, 0, -1, -1, -1, 4, 999, 2;
1, 256, 0, -1, -1, -1, 3, 998, 1;
1, 256, 0, 0, 0, 0, 5, 1000, 3;
1, 256, 1, 1, 1, 1, 6, 1001, 4;
1, 256, 0, 1, 1, 1, 5, 1000, 3;
1, 256, 0, 1, 1, 1, 5, 1000, 3;
1, 256, 0, 0, 0, 0, 5, 1000, 3;
1, 256, 0, 0, 0, 0, 4, 999, 2;
1, 256, 0, 0, 0, 0, 4, 999, 2;
1, 256, 0, 0, 0, 0, 5, 1000, 3;
1, 256, 0, 0, 0, 0, 4, 999, 2;
1, 256, 0, 0, 0, 0, 4, 999, 2;
1, 256, 0, 0, 0, 0, 5, 1000, 3;
1, 256, 0, 1, 1, 1, 5, 1000, 3;
1, 256, 0, 0, 0, 0, 5, 999, 3;
1, 256, 0, 0, 0, 0, 4, 999, 2;
1, 256, 0, 0, 0, 0, 4, 999, 2;
1, 256, 0, -1, -1, -1, 4, 999, 2;
1, 256, 1, 1, 1, 1, 6, 1001, 4;
1, 256, 0, 1, 1, 1, 5, 1000, 3;
1, 256, 0, -1, -1, -1, 4, 999, 2;
1, 256, 0, -1, -1, -1, 4, 999, 2;
1, 256, 0, 0, 0, 0, 5, 1000, 3;
1, 256, 0, 0, 0, 0, 4, 999, 2;
1, 256, 1, 1, 1, 1, 6, 1001, 4;
1, 256, 0, 1, 1, 1, 5, 1000, 3;
1, 256, 1, 1, 1, 1, 6, 1001, 4;
1, 256, 0, 0, 0, 0, 5, 1000, 3;
1, 256, 0, 0, 0, 0, 4, 999, 2;
1, 256, 0, 0, 0, 0, 4, 999, 2;
1, 256, 0, 0, 0, 0, 4, 999, 2;
1, 256, 0, 1, 1, 1, 5, 1000, 3;
1, 256, 0, 0, 0, 0, 4, 999, 2;
1, 256, 0, 0, 0, 0, 5, 1000, 3;
1, 256, 0, 0, 0, 0, 5, 1000, 3;
1, 256, 0, 0, 0, 0, 5, 1000, 3;
1, 256, 0, 0, 0, 0, 4, 999, 2;
1, 256, 0, 0, 0, 0, 4, 999, 2;
1, 256, 0, 1, 1, 1, 5, 1000, 3;
1, 256, 0, 0, 0, 0, 5, 1000, 3;
1, 256, 0, 0, 0, 0, 5, 1000, 3;
1, 256, 0, -1, -1, -1, 3, 998, 1;
1, 256, 1, 1, 1, 1, 6, 1001, 4;
1, 256, 0, 0, 0, 0, 4, 999, 2;
1, 256, 0, 0, 0, 0, 4, 999, 2;
1, 256, 0, 0, 0, 0, 5, 1000, 3;
1, 256, 0, 1, 1, 1, 5, 1000, 3;
1, 256, 0, -1, -1, -1, 4, 999, 2;
1, 256, 0, 0, 0, 0, 5, 1000, 3;
1, 256, 0, 0, 0, 0, 5, 1000, 3;
1, 256, 0, 1, 1, 1, 5, 1000, 3;
1, 256, 0, 0, 0, 0, 4, 999, 2;
1, 256, 0, 0, 0, 0, 4, 999, 2;
1, 256, 0, 1, 1, 1, 5, 1000, 3;
1, 256, 0, 1, 1, 1, 5, 1000, 3;
1, 256, 0, 0, 0, 0, 4, 999, 2;
1, 256, 1, 1, 1, 1, 6, 1000, 4;
1, 256, 0, 0, 0, 0, 5, 1000, 3;
1, 256, 0, 0, 0, 0, 4, 999, 2;
1, 256, 1, 1, 1, 1, 6, 1000, 4;
1, 256, 0, 0, 0, 0, 5, 1000, 3;
1, 256, 0, 1, 1, 1, 5, 1000, 3;
1, 256, 0, 0, 0, 0, 4, 999, 2;
1, 256, 0, 0, 0, 0, 5, 1000, 3;
1, 256, 1, 1, 1, 1, 5, 1000, 3;
0, 256, 0, -1, -1, -1, 3, 998, 1;
1, 256, 0, 1, 1, 1, 5, 1000, 3;
1, 256, 0, 0, 0, 0, 5, 999, 3;
1, 256, 0, 0, 0, 0, 5, 1000, 3;
1, 256, 1, 1, 1, 1, 6, 1000, 4;
1, 256, 0, 0, 0, 0, 5, 999, 2;
1, 256, 0, 0, 0, 0, 4, 999, 2;
1, 256, 0, -1, -1, -1, 4, 998, 1;
1, 256, 0, 0, 0, 0, 5, 1000, 3;
1, 256, 0, 0, 0, 0, 5, 1000, 3;
1, 256, 0, 0, 0, 0, 4, 999, 2;
1, 256, 0, 0, 0, 0, 5, 1000, 3;
1, 256, 0, 0, 0, 0, 4, 999, 2;
1, 256, 0, 0, 0, 0, 4, 999, 2;
1, 256, 0, 0, 0, 0, 5, 1000, 3;
1, 256, 0, 0, 0, 0, 4, 999, 2;
1, 256, 0, -1, -1, -1, 4, 999, 2;
1, 256, 1, 1, 1, 1, 5, 1000, 3;
1, 256, 1, 1, 1, 1, 6, 1000, 4;
1, 256, 0, 1, 1, 1, 5, 1000, 3;
1, 256, 1, 1, 1, 1, 6, 1000, 3;
1, 256, 0, 0, 0, 0, 5, 1000, 3;
1, 256, 0, 0, 0, 0, 5, 1000, 3;
1, 256, 0, -1, -1, -1, 4, 998, 1;
1, 256, 0, -1, -1, -1, 4, 999, 2;
1, 256, 0, 0, 0, 0, 5, 1000, 3;
1, 256, 0, 0, 0, 0, 5, 1000, 3;
1, 256, 0, -1, -1, -1, 3, 998, 1;
1, 256, 0, 0, 0, 0, 5, 1000, 3;
1, 256, 0, -1, -1, -1, 4, 999, 2;
1, 256, 0, 1, 1, 1, 5, 1000, 3;
1, 256, 0, -1, -1, -1, 4, 998, 1;
1, 256, 0, 1, 1, 1, 5, 1000, 3;
1, 256, 0, -1, -1, -1, 4, 999, 2;
1, 256, 0, -1, -1, -1, 4, 998, 2;
1, 256, 0, 0, 0, 0, 4, 999, 2;
1, 256, 0, 0, 0, 0, 5, 1000, 3;
1, 256, 0, 0, 0, 0, 4, 999, 2;
1, 256, 1, 1, 1, 1, 6, 1000, 3;
1, 256, 0, 0, 0, 0, 4, 999, 2;
1, 256, 0, -1, -1, -1, 4, 999, 2;
1, 256, 0, 0, 0, 0, 4, 999, 2;
1, 256, 0, 1, 1, 1, 5, 1000, 3;
1, 256, 0, 1, 1, 1, 5, 1000, 3;
1, 256, 1, 1, 1, 1, 6, 1001, 4;
1, 256, 0, 1, 1, 1, 5, 1000, 3;
1, 256, 0, 0, 0, 0, 5, 1000, 3;
1, 256, 0, 0, 0, 0, 5, 1000, 3;
1, 256, 0, 0, 0, 0, 4, 999, 2;
1, 256, 0, 0, 0, 0, 5, 999, 3;
1, 256, 0, 0, 0, 0, 4, 999, 2;
1, 256, 0, 0, 0, 0, 5, 1000, 3;
1, 256, 0, 0, 0, 0, 4, 999, 2;
1, 256, 1, 1, 1, 1, 6, 1000, 4;
1, 256, 1, 1, 1, 1, 6, 1001, 4;
1, 256, 1, 1, 1, 1, 5, 1000, 3;
1, 256, 0, 0, 0, 0, 4, 999, 2;
1, 256, 0, 0, 0, 0, 5, 1000, 3;
1, 256, 0, 0, 0, 0, 5, 1000, 3;
1, 256, 0, -1, -1, -1, 4, 999, 2;
1, 256, 0, 0, 0, 0, 5, 1000, 3;
1, 256, 0, 1, 1, 1, 5, 1000, 3;
1, 256, 1, 1, 1, 1, 6, 1000, 4;
1, 256, 0, 0, 0, 0, 5, 1000, 3;
1, 256, 1, 1, 1, 1, 6, 1001, 4;
1, 256, 0, 0, 0, 0, 5, 1000, 3;
1, 256, 0, 1, 1, 1, 5, 1000, 3;
1, 256, 0, -1, -1, -1, 4, 999, 2;
1, 256, 0, 0, 0, 0, 5, 1000, 3;
1, 256, 0, 0, 0, 0, 5, 999, 2;
1, 256, 0, 0, 0, 0, 4, 999, 2;
1, 256, 0, -1, -1, -1, 4, 999, 2;
1, 256, 0, 0, 0, 0, 4, 999, 2;
1, 256, 0, 0, 0, 0, 5, 1000, 3;
1, 256, 0, -1, -1, -1, 3, 998, 1;
0, 256, 0, -1, -1, -1, 3, 998, 1;
1, 256, 0, 0, 0, 0, 5, 1000, 3;
1, 256, 0, 0, 0, 0, 4, 999, 2;
1, 256, 0, -1, -1, -1, 4, 998, 2;
1, 256, 0, 0, 0, 0, 5, 1000, 3;
1, 256, 0, 0, 0, 0, 5, 1000, 3;
1, 256, 0, -1, -1, -1, 4, 999, 2;
1, 256, 1, 1, 1, 1, 6, 1001, 4;
1, 256, 1, 1, 1, 1, 6, 1001, 4;
1, 256, 0, -1, -1, -1, 4, 998, 2;
1, 256, 0, 0, 0, 0, 5, 1000, 3;
1, 256, 0, -1, -1, -1, 3, 998, 1;
1, 256, 0, 1, 1, 1, 5, 1000, 3;
1, 256, 0, 0, 0, 0, 5, 1000, 3;
1, 256, 0, -1, -1, -1, 4, 998, 2;
1, 256, 0, 0, 0, 0, 5, 1000, 3;
1, 256, 0, 0, 0, 0, 5, 999, 2;
1, 256, 1, 1, 1, 1, 6, 1000, 4;
1, 256, 1, 1, 1, 1, 6, 1001, 4;
1, 256, 0, -1, -1, -1, 4, 999, 2;