3, 299, 16, 11, 421, 11, 14, 1166, 65;
4, 298, 16, 37, 419, 10, 19, 1165, 63;
4, 296, 14, 58, 412, 4, 18, 1157, 56;
8, 299, 16, 92, 417, 11, 34, 1166, 65;
8, 296, 14, 113, 408, 5, 33, 1157, 58;
10, 296, 15, 141, 405, 7, 42, 1157, 60;
13, 297, 16, 170, 404, 10, 53, 1160, 64;
10, 292, 11, 181, 383, -4, 40, 1138, 45;
16, 295, 15, 220, 390, 9, 63, 1153, 62;
13, 290, 11, 231, 368, -4, 52, 1133, 45;
18, 293, 15, 266, 371, 6, 72, 1144, 58;
19, 291, 14, 287, 359, 3, 74, 1137, 55;
15, 285, 9, 295, 334, -11, 61, 1114, 36;
17, 285, 9, 320, 325, -9, 70, 1113, 38;
23, 288, 14, 356, 328, 4, 92, 1126, 56;
26, 289, 15, 381, 320, 8, 103, 1127, 61;
27, 287, 16, 402, 308, 9, 109, 1122, 62;
25, 283, 12, 410, 283, -1, 100, 1104, 49;
26, 281, 11, 427, 267, -3, 102, 1096, 46;
28, 280, 12, 446, 254, -1, 109, 1093, 49;
29, 279, 13, 464, 240, 0, 115, 1089, 50;
32, 279, 14, 484, 230, 5, 125, 1090, 57;
32, 277, 14, 497, 211, 3, 126, 1081, 54;
29, 271, 9, 496, 181, -10, 113, 1059, 38;
31, 271, 11, 515, 170, -3, 124, 1060, 46;
31, 269, 11, 523, 150, -6, 123, 1050, 43;
32, 267, 11, 534, 133, -5, 127, 1044, 44;
36, 269, 14, 552, 124, 3, 140, 1049, 55;
34, 265, 12, 553, 99, -2, 135, 1035, 47;
32, 261, 10, 552, 73, -9, 128, 1019, 39;
32, 259, 9, 556, 53, -10, 127, 1010, 37;
36, 260, 13, 570, 45, 0, 142, 1017, 51;
35, 257, 11, 568, 21, -3, 137, 1004, 46;
39, 259, 15, 581, 14, 7, 152, 1012, 60;
40, 258, 16, 584, -1, 11, 156, 1009, 64;
38, 255, 14, 578, -26, 6, 149, 995, 58;
33, 248, 10, 561, -59, -8, 131, 970, 40;
38, 252, 15, 574, -61, 8, 151, 984, 61;
35, 247, 12, 558, -90, -1, 137, 964, 49;
33, 244, 11, 548, -113, -5, 131, 953, 44;
36, 245, 14, 550, -121, 4, 141, 958, 57;
34, 242, 13, 536, -144, 0, 133, 945, 50;
31, 238, 11, 520, -169, -6, 123, 931, 43;
32, 238, 12, 513, -182, -1, 125, 930, 48;
31, 236, 12, 499, -200, -3, 121, 922, 47;
31, 236, 13, 489, -213, 0, 122, 920, 51;
29, 233, 12, 472, -231, -1, 116, 912, 48;
28, 232, 12, 456, -248, -2, 110, 904, 47;
25, 228, 10, 433, -270, -8, 99, 891, 40;
28, 231, 14, 429, -270, 4, 111, 903, 57;
22, 224, 9, 393, -301, -12, 85, 876, 35;
27, 230, 16, 396, -292, 10, 109, 900, 64;
23, 226, 13, 366, -315, 0, 91, 882, 51;
23, 226, 14, 349, -322, 4, 91, 883, 56;
19, 222, 11, 317, -343, -4, 74, 867, 45;
16, 220, 10, 291, -357, -7, 64, 859, 41;
20, 224, 15, 285, -350, 8, 79, 876, 61;
12, 217, 9, 240, -380, -12, 47, 847, 35;
13, 219, 12, 225, -378, -2, 53, 856, 47;
15, 222, 15, 210, -375, 7, 59, 866, 60;
13, 220, 14, 183, -383, 5, 51, 861, 58;
8, 217, 11, 147, -398, -3, 33, 848, 46;
9, 219, 14, 128, -396, 3, 35, 855, 55;
4, 215, 10, 91, -410, -6, 16, 841, 42;
7, 220, 15, 80, -398, 8, 27, 858, 61;
0, 214, 10, 36, -417, -8, 0, 836, 40;
0, 215, 11, 12, -415, -5, -2, 840, 43;
2, 220, 16, 1, -398, 10, 11, 860, 64;
0, 219, 15, -29, -402, 6, 0, 855, 59;
0, 220, 16, -52, -396, 10, -2, 861, 64;
-6, 217, 12, -90, -405, -1, -23, 847, 49;
-9, 215, 10, -123, -408, -7, -38, 840, 41;
-11, 216, 11, -148, -403, -6, -43, 844, 43;
-8, 220, 14, -162, -385, 6, -34, 861, 58;
-14, 217, 11, -200, -391, -6, -55, 848, 43;
-10, 224, 16, -207, -366, 12, -39, 873, 65;
-15, 221, 13, -242, -369, 1, -58, 863, 53;
-19, 219, 10, -276, -370, -8, -77, 854, 40;
-16, 224, 15, -284, -345, 7, -63, 877, 59;
-23, 219, 9, -326, -354, -11, -92, 857, 36;
-20, 225, 14, -333, -327, 3, -79, 881, 55;
-26, 222, 9, -369, -330, -10, -102, 867, 37;
-23, 227, 13, -377, -305, 1, -91, 887, 53;
-21, 231, 16, -388, -283, 10, -85, 903, 64;
-25, 231, 14, -413, -276, 4, -98, 900, 56;
-27, 231, 13, -435, -265, 0, -107, 901, 51;
-31, 229, 10, -462, -260, -9, -124, 894, 39;
-28, 235, 14, -464, -230, 4, -110, 918, 57;
-34, 232, 9, -494, -230, -10, -133, 904, 37;
-28, 240, 16, -487, -191, 11, -110, 938, 64;
-32, 238, 13, -510, -185, 0, -126, 930, 51;
-30, 243, 16, -512, -158, 10, -117, 949, 63;
-31, 244, 15, -524, -142, 8, -121, 954, 61;
-32, 245, 15, -536, -125, 6, -126, 958, 59;
-32, 247, 15, -543, -106, 7, -127, 966, 60;
-34, 248, 14, -553, -91, 4, -133, 969, 56;
-35, 249, 13, -562, -75, 1, -138, 972, 52;
-37, 249, 11, -573, -62, -5, -147, 971, 44;
-37, 251, 12, -573, -40, -2, -144, 982, 48;
-38, 252, 11, -579, -25, -6, -150, 985, 43;
-36, 256, 13, -573, 0, 0, -141, 1000, 51;
-39, 255, 9, -582, 9, -9, -154, 995, 38;
-34, 262, 15, -564, 45, 6, -134, 1022, 58;
-37, 261, 12, -570, 55, -2, -144, 1018, 47;
-36, 263, 12, -565, 74, -2, -142, 1026, 48;
-38, 262, 10, -566, 87, -8, -149, 1025, 40;
-36, 266, 11, -554, 110, -3, -141, 1038, 46;
-35, 268, 12, -545, 130, -2, -137, 1046, 48;
-33, 271, 13, -532, 152, 1, -130, 1058, 52;
-34, 271, 11, -527, 163, -4, -135, 1057, 45;
-34, 272, 11, -517, 179, -6, -135, 1061, 43;
-35, 272, 9, -509, 191, -11, -137, 1061, 37;
-28, 280, 15, -476, 227, 8, -110, 1092, 61;
-29, 279, 13, -468, 236, 0, -115, 1088, 51;
-32, 276, 9, -464, 239, -11, -127, 1079, 36;
-28, 281, 12, -437, 265, 0, -109, 1098, 49;
-27, 282, 12, -420, 278, -2, -106, 1102, 48;
-26, 283, 11, -403, 289, -4, -105, 1104, 45;
-26, 283, 11, -385, 301, -6, -102, 1106, 43;
-20, 289, 15, -350, 328, 8, -78, 1130, 61;
-24, 284, 9, -347, 321, -10, -96, 1111, 38;
-19, 289, 13, -313, 343, 1, -77, 1129, 52;
-16, 291, 14, -286, 357, 5, -66, 1138, 57;
-17, 290, 12, -270, 360, -1, -68, 1133, 49;
-13, 293, 14, -239, 376, 5, -54, 1144, 57;
-16, 290, 10, -226, 371, -6, -62, 1132, 42;
-13, 292, 12, -196, 383, -2, -51, 1140, 47;
-11, 293, 12, -170, 389, -2, -44, 1143, 48;
-9, 293, 12, -144, 395, -1, -37, 1146, 48;
-9, 292, 10, -123, 394, -7, -37, 1140, 42;
-4, 295, 13, -87, 407, 2, -19, 1154, 53;
0, 299, 16, -51, 418, 11, -1, 1166, 65;
-1, 295, 13, -34, 410, 1, -7, 1154, 52;
-2, 293, 10, -16, 402, -7, -11, 1143, 41;
2, 296, 14, 21, 413, 3, 9, 1157, 55;
2, 295, 12, 44, 407, 0, 10, 1151, 50;
6, 297, 14, 77, 412, 6, 25, 1159, 58;
7, 296, 14, 102, 407, 3, 28, 1154, 55;
9, 296, 14, 129, 404, 4, 36, 1154, 56;
11, 295, 14, 156, 400, 4, 43, 1153, 56;
11, 294, 13, 178, 390, 1, 45, 1146, 52;
12, 292, 12, 201, 382, -1, 48, 1141, 49;
16, 294, 14, 233, 381, 5, 63, 1146, 57;
17, 292, 14, 256, 372, 3, 67, 1142, 55;
20, 293, 16, 286, 368, 9, 80, 1146, 63;
15, 286, 9, 288, 338, -10, 61, 1116, 37;
17, 285, 9, 311, 328, -10, 66, 1113, 37;
22, 288, 13, 346, 330, 2, 88, 1125, 53;
24, 287, 14, 369, 319, 4, 96, 1122, 56;
24, 285, 12, 385, 302, 0, 95, 1112, 49;
28, 287, 15, 414, 298, 9, 112, 1119, 62;
27, 283, 13, 425, 277, 1, 107, 1104, 52;
26, 279, 11, 436, 255, -5, 103, 1090, 44;
30, 281, 14, 462, 249, 3, 118, 1096, 55;
28, 276, 10, 467, 223, -6, 109, 1077, 42;
32, 277, 14, 492, 217, 3, 125, 1084, 55;
35, 279, 16, 514, 209, 12, 140, 1088, 66;
31, 272, 11, 510, 175, -4, 122, 1061, 45;
34, 272, 13, 528, 164, 1, 132, 1062, 52;
36, 272, 15, 543, 151, 6, 141, 1062, 59;
35, 269, 13, 547, 128, 1, 138, 1049, 53;
33, 265, 11, 548, 102, -5, 131, 1033, 44;
33, 263, 11, 554, 83, -5, 132, 1026, 43;
34, 262, 11, 561, 66, -3, 136, 1021, 46;
33, 258, 9, 559, 41, -10, 129, 1006, 38;
39, 262, 16, 582, 42, 10, 155, 1024, 63;
34, 256, 11, 568, 7, -5, 136, 998, 44;
37, 257, 14, 577, -2, 4, 147, 1002, 56;
34, 251, 10, 566, -32, -6, 134, 982, 42;
34, 249, 10, 563, -51, -6, 133, 974, 42;
33, 247, 10, 558, -72, -8, 130, 965, 40;
39, 251, 16, 572, -72, 11, 153, 982, 64;
33, 244, 10, 548, -109, -7, 128, 952, 41;
36, 246, 14, 554, -114, 5, 143, 962, 58;
38, 246, 16, 551, -127, 11, 148, 962, 65;
30, 238, 9, 520, -166, -9, 119, 929, 38;
34, 240, 14, 523, -170, 4, 134, 939, 55;
35, 241, 16, 518, -180, 11, 140, 942, 65;
34, 239, 16, 503, -198, 9, 135, 934, 63;
26, 231, 9, 467, -237, -12, 104, 900, 35;
27, 231, 11, 459, -246, -5, 109, 903, 44;
28, 231, 12, 446, -257, -1, 109, 902, 49;
31, 234, 16, 442, -259, 11, 121, 913, 65;
23, 226, 10, 404, -292, -7, 93, 884, 42;
25, 228, 13, 394, -296, 1, 100, 890, 53;
25, 228, 15, 378, -305, 6, 100, 891, 58;
21, 224, 12, 349, -325, -2, 84, 876, 48;
24, 227, 16, 341, -324, 11, 95, 888, 64;
18, 222, 12, 304, -349, -3, 72, 866, 47;
14, 219, 9, 274, -366, -10, 57, 854, 38;
18, 223, 15, 266, -358, 6, 72, 871, 58;
18, 223, 16, 245, -363, 9, 70, 872, 63;
11, 218, 11, 206, -386, -5, 46, 851, 44;
12, 220, 14, 189, -384, 3, 50, 859, 55;
6, 214, 9, 147, -405, -12, 24, 838, 35;
10, 220, 15, 141, -391, 7, 42, 860, 59;
3, 214, 10, 97, -412, -9, 14, 837, 39;
3, 216, 11, 75, -410, -4, 14, 842, 44;
5, 219, 15, 61, -400, 7, 22, 856, 59;
1, 217, 13, 27, -408, 0, 7, 847, 51;
1, 218, 14, 3, -405, 3, 4, 851, 55;
-5, 213, 9, -37, -419, -10, -19, 834, 38;
-4, 216, 12, -56, -410, -2, -16, 844, 47;
-3, 219, 14, -75, -400, 5, -13, 854, 57;
-4, 220, 15, -99, -394, 8, -16, 860, 61;
-10, 216, 11, -140, -404, -6, -41, 843, 43;
-9, 218, 13, -159, -392, 0, -38, 854, 51;
-14, 217, 10, -193, -394, -7, -55, 846, 41;
-11, 222, 15, -204, -373, 7, -43, 866, 59;
-14, 221, 13, -234, -371, 2, -56, 863, 53;
-13, 224, 16, -249, -354, 10, -51, 876, 64;
-18, 221, 12, -286, -358, -2, -73, 864, 48;
-17, 225, 14, -301, -340, 5, -69, 878, 58;
-22, 223, 11, -333, -339, -4, -87, 869, 45;
-22, 225, 13, -350, -322, 1, -86, 880, 52;
-23, 226, 12, -373, -312, 0, -93, 882, 50;
-24, 228, 14, -389, -295, 3, -93, 892, 55;
-26, 228, 12, -413, -286, -1, -104, 891, 49;
-26, 231, 14, -426, -267, 3, -102, 903, 55;
-25, 234, 15, -438, -247, 9, -99, 915, 62;
-30, 232, 12, -465, -242, -1, -117, 908, 49;
-27, 237, 16, -469, -215, 9, -107, 928, 63;
-33, 234, 11, -499, -214, -5, -130, 914, 43;
-34, 235, 10, -514, -198, -7, -135, 919, 42;
-36, 236, 10, -528, -183, -9, -140, 923, 39;
-32, 242, 14, -527, -153, 2, -128, 945, 54;
-35, 242, 12, -543, -142, -3, -138, 944, 46;
-32, 246, 15, -542, -114, 6, -128, 962, 58;
-39, 242, 9, -567, -113, -11, -152, 947, 36;
-39, 245, 9, -571, -93, -9, -152, 956, 38;
-32, 253, 16, -555, -52, 11, -127, 989, 64;
-33, 254, 15, -562, -37, 7, -131, 993, 60;
-35, 254, 13, -570, -23, 2, -139, 993, 54;
-33, 259, 16, -562, 4, 11, -128, 1011, 64;
-33, 260, 16, -563, 23, 10, -129, 1017, 63;
-34, 261, 15, -565, 38, 6, -134, 1020, 59;
-36, 260, 12, -570, 49, -1, -143, 1017, 48;
-34, 264, 14, -560, 75, 5, -134, 1032, 57;
-33, 267, 15, -552, 97, 7, -129, 1042, 60;
-32, 269, 16, -543, 118, 9, -125, 1052, 63;
-36, 267, 11, -549, 122, -4, -140, 1042, 45;
-31, 272, 15, -529, 152, 7, -123, 1063, 60;
-30, 274, 15, -517, 171, 9, -119, 1072, 62;
-30, 276, 15, -507, 187, 7, -118, 1076, 60;
-32, 275, 12, -503, 196, 0, -125, 1072, 50;
-31, 277, 13, -488, 214, 0, -120, 1080, 51;
-31, 277, 12, -477, 227, -3, -121, 1082, 47;
-27, 281, 14, -454, 250, 4, -108, 1097, 56;
-31, 278, 9, -452, 251, -9, -122, 1085, 38;
-26, 283, 14, -421, 278, 3, -101, 1106, 54;
-22, 287, 16, -395, 299, 9, -88, 1120, 63;
-26, 283, 11, -391, 297, -5, -102, 1106, 44;
-22, 287, 13, -364, 317, 1, -89, 1119, 52;
-22, 287, 12, -345, 326, -1, -86, 1121, 49;
-21, 288, 12, -324, 336, -2, -82, 1123, 48;
-18, 290, 13, -297, 352, 2, -71, 1133, 54;
-20, 287, 9, -286, 348, -10, -81, 1120, 37;
-12, 294, 16, -242, 378, 10, -50, 1149, 63;
-18, 288, 9, -238, 365, -10, -70, 1126, 37;
-13, 292, 12, -205, 380, -2, -53, 1139, 47;
-11, 293, 12, -179, 387, -1, -46, 1143, 48;
-6, 297, 15, -142, 404, 8, -26, 1158, 62;
-6, 296, 14, -120, 404, 4, -24, 1155, 57;
-3, 298, 16, -88, 413, 10, -11, 1163, 63;
-6, 293, 11, -76, 401, -4, -24, 1145, 44;
-1, 297, 14, -39, 414, 5, -4, 1159, 57;
1, 298, 15, -10, 417, 7, 5, 1162, 60;
1, 297, 14, 13, 414, 4, 7, 1158, 56;
-1, 291, 9, 24, 397, -11, -5, 1138, 36;
2, 293, 11, 57, 401, -5, 8, 1145, 43;
9, 299, 16, 101, 416, 12, 37, 1166, 66;
3, 291, 9, 105, 390, -10, 15, 1136, 37;
10, 295, 14, 146, 400, 3, 39, 1152, 55;
10, 293, 12, 168, 391, 0, 41, 1145, 50;
9, 290, 9, 184, 375, -10, 35, 1131, 38;
14, 293, 13, 220, 379, 1, 56, 1142, 52;
14, 291, 12, 241, 368, -2, 57, 1134, 47;
18, 292, 14, 273, 367, 5, 72, 1141, 57;
15, 286, 9, 281, 342, -10, 59, 1118, 37;
18, 287, 11, 309, 336, -5, 70, 1120, 43;
18, 284, 9, 327, 321, -10, 71, 1110, 38;
24, 289, 15, 365, 326, 6, 97, 1127, 58;
21, 283, 10, 371, 299, -7, 84, 1105, 41;
22, 281, 10, 389, 284, -9, 87, 1097, 39;
26, 282, 12, 416, 279, -1, 102, 1102, 49;
26, 280, 11, 431, 261, -4, 102, 1093, 45;
31, 283, 15, 461, 259, 8, 123, 1104, 61;
28, 277, 12, 466, 232, -3, 112, 1084, 47;
30, 276, 12, 482, 217, -2, 117, 1079, 48;
32, 276, 14, 501, 206, 3, 127, 1079, 54;
34, 275, 14, 515, 190, 4, 133, 1075, 56;
32, 271, 12, 520, 166, -2, 127, 1060, 48;
32, 269, 11, 528, 146, -4, 126, 1050, 45;
35, 269, 13, 545, 134, 2, 137, 1052, 53;
38, 270, 16, 561, 125, 10, 150, 1056, 64;
32, 262, 9, 547, 85, -10, 125, 1022, 37;
36, 264, 13, 565, 78, 1, 142, 1031, 53;
40, 265, 16, 580, 69, 12, 156, 1036, 65;
36, 259, 12, 569, 37, -1, 140, 1012, 49;
40, 261, 16, 584, 30, 11, 156, 1021, 64;
38, 257, 14, 578, 4, 4, 148, 1005, 56;
37, 255, 13, 575, -17, 2, 145, 995, 53;
33, 249, 9, 560, -48, -10, 129, 972, 38;
33, 247, 9, 558, -67, -9, 128, 966, 38;
35, 248, 12, 561, -78, -1, 137, 969, 48;
33, 245, 11, 551, -102, -6, 130, 956, 43;
36, 246, 14, 554, -110, 3, 141, 961, 55;
31, 240, 9, 531, -143, -11, 121, 936, 37;
32, 240, 11, 527, -156, -5, 125, 936, 43;
36, 243, 16, 534, -157, 11, 143, 950, 64;
32, 238, 13, 512, -185, 0, 128, 931, 52;
29, 234, 11, 492, -209, -6, 116, 916, 43;
29, 234, 11, 481, -223, -3, 116, 913, 46;
33, 237, 16, 480, -224, 11, 130, 926, 65;
32, 235, 16, 463, -241, 9, 125, 918, 63;
26, 229, 11, 432, -270, -4, 103, 895, 45;
23, 226, 9, 407, -291, -10, 90, 881, 37;
27, 230, 15, 406, -287, 6, 107, 898, 59;
25, 227, 14, 382, -304, 2, 98, 888, 54;
26, 229, 16, 369, -309, 10, 102, 893, 64;
24, 227, 16, 347, -321, 10, 96, 889, 63;
21, 224, 14, 318, -339, 3, 82, 876, 55;
16, 220, 10, 284, -360, -7, 62, 858, 41;
13, 218, 9, 257, -372, -10, 53, 851, 37;
18, 223, 15, 252, -362, 8, 70, 871, 61;
12, 218, 11, 215, -382, -4, 49, 853, 45;
13, 220, 14, 198, -381, 4, 53, 861, 56;
13, 221, 15, 177, -382, 9, 53, 865, 62;
11, 220, 15, 150, -389, 7, 44, 861, 60;
5, 215, 10, 108, -408, -7, 19, 841, 41;
8, 220, 15, 98, -396, 8, 32, 859, 61;
4, 217, 13, 64, -405, 1, 17, 849, 52;
0, 214, 10, 27, -417, -8, -1, 837, 40;
3, 219, 15, 16, -401, 7, 12, 856, 60;
0, 218, 14, -12, -404, 5, 2, 853, 57;
-4, 215, 11, -49, -413, -4, -17, 841, 44;
-8, 214, 9, -82, -417, -10, -31, 834, 37;
-2, 221, 16, -86, -391, 12, -9, 864, 66;
-5, 220, 15, -118, -393, 6, -23, 858, 58;
-10, 218, 12, -152, -396, -1, -39, 850, 49;
-11, 218, 12, -178, -390, -1, -45, 853, 49;
-12, 220, 13, -201, -382, 1, -48, 858, 52;
-17, 217, 10, -236, -384, -8, -67, 849, 40;
-14, 222, 14, -248, -364, 3, -58, 867, 55;
-17, 221, 12, -276, -359, 0, -69, 865, 50;
-20, 221, 11, -303, -352, -3, -78, 865, 46;
-18, 226, 15, -315, -332, 6, -72, 881, 59;
-20, 226, 14, -339, -322, 5, -79, 884, 57;
-27, 222, 9, -377, -327, -12, -106, 867, 35;
-24, 227, 13, -385, -302, 0, -95, 887, 51;
-25, 229, 13, -403, -287, 1, -98, 894, 53;
-24, 232, 15, -416, -267, 7, -95, 906, 60;
-29, 229, 11, -447, -266, -5, -116, 895, 44;
-31, 230, 10, -465, -253, -7, -122, 899, 42;
-28, 236, 15, -468, -224, 6, -110, 921, 58;
-31, 235, 12, -489, -214, 0, -122, 919, 50;
-35, 233, 9, -513, -208, -11, -138, 912, 37;
-30, 241, 15, -507, -172, 7, -118, 942, 60;
-33, 240, 13, -526, -162, 0, -131, 939, 50;
-31, 245, 16, -527, -135, 9, -121, 958, 63;
-35, 243, 12, -546, -127, -1, -137, 951, 49;
-37, 244, 11, -559, -114, -6, -145, 951, 43;
-34, 249, 14, -555, -85, 4, -134, 971, 56;
-33, 252, 16, -555, -60, 9, -128, 985, 62;
-36, 250, 12, -571, -53, -1, -143, 978, 48;
-35, 254, 13, -569, -29, 2, -139, 991, 54;
-33, 258, 16, -562, -1, 11, -128, 1009, 64;
-39, 254, 10, -581, -1, -7, -152, 992, 41;
-33, 262, 16, -562, 35, 10, -129, 1022, 63;
-38, 258, 10, -577, 37, -7, -150, 1007, 41;
-34, 264, 14, -561, 69, 5, -134, 1030, 57;
-33, 267, 15, -553, 91, 8, -128, 1041, 61;
-34, 266, 13, -553, 103, 1, -136, 1040, 53;
-32, 270, 15, -541, 127, 7, -127, 1053, 59;
-34, 269, 13, -539, 139, 0, -133, 1052, 51;
-32, 272, 13, -527, 159, 2, -128, 1061, 54;
-31, 274, 14, -513, 179, 5, -122, 1071, 57;
-36, 270, 9, -519, 179, -12, -141, 1056, 35;
-35, 272, 9, -505, 196, -11, -137, 1062, 36;
-31, 276, 12, -482, 221, -3, -123, 1080, 47;
-29, 279, 13, -463, 242, 1, -114, 1091, 52;
-27, 281, 14, -444, 259, 3, -107, 1099, 54;
-26, 283, 13, -428, 273, 2, -104, 1103, 53;
-23, 286, 15, -403, 293, 8, -91, 1117, 61;
-27, 282, 10, -401, 290, -8, -108, 1100, 40;
-25, 284, 11, -377, 306, -5, -99, 1109, 44;
-19, 289, 15, -344, 331, 7, -77, 1130, 60;
-23, 285, 10, -337, 327, -8, -92, 1115, 40;
-20, 288, 12, -310, 343, -2, -80, 1125, 47;
-18, 289, 12, -285, 354, -1, -72, 1130, 49;
-18, 289, 11, -266, 358, -6, -72, 1128, 43;
-11, 295, 16, -224, 385, 12, -43, 1154, 65;
-10, 295, 15, -202, 389, 8, -41, 1153, 62;
-9, 295, 15, -179, 394, 6, -37, 1153, 59;
-8, 295, 14, -155, 397, 4, -34, 1151, 56;
-8, 294, 13, -134, 398, 0, -33, 1148, 50;
-4, 297, 15, -99, 410, 7, -17, 1159, 60;
-5, 295, 13, -80, 405, 0, -20, 1151, 50;
-5, 293, 11, -59, 402, -5, -19, 1145, 44;
1, 298, 16, -17, 419, 10, 5, 1165, 63;
2, 298, 15, 7, 417, 7, 9, 1162, 60;
2, 296, 14, 30, 412, 3, 10, 1156, 54;
1, 293, 10, 46, 400, -7, 3, 1142, 41;
1, 291, 9, 70, 395, -10, 7, 1138, 37;
8, 296, 14, 111, 406, 4, 31, 1155, 56;
5, 291, 10, 125, 390, -8, 23, 1138, 40;
7, 290, 9, 150, 383, -10, 27, 1134, 38;
10, 292, 11, 182, 384, -3, 41, 1140, 46;
14, 294, 14, 215, 385, 3, 57, 1147, 55;
11, 288, 9, 224, 362, -11, 44, 1125, 36;
14, 289, 10, 253, 358, -6, 56, 1127, 42;
20, 292, 15, 291, 362, 6, 79, 1141, 59;
15, 285, 9, 295, 334, -11, 62, 1114, 36;
20, 287, 12, 326, 332, -3, 78, 1121, 47;
19, 284, 10, 343, 315, -8, 77, 1110, 40;
22, 284, 11, 368, 307, -4, 86, 1110, 45;
28, 288, 16, 402, 308, 9, 109, 1123, 62;
27, 285, 14, 417, 290, 5, 109, 1112, 57;
30, 285, 16, 441, 282, 11, 120, 1114, 64;
32, 284, 16, 459, 268, 11, 126, 1110, 65;
31, 281, 14, 469, 246, 5, 122, 1096, 57;
33, 280, 15, 487, 232, 7, 128, 1093, 60;
34, 279, 15, 502, 217, 8, 133, 1088, 61;
30, 273, 11, 502, 186, -4, 120, 1065, 44;
32, 272, 12, 516, 172, -2, 126, 1062, 48;
33, 271, 13, 530, 156, 0, 131, 1058, 50;
35, 270, 14, 543, 142, 3, 138, 1055, 54;
34, 267, 12, 546, 119, -1, 134, 1043, 49;
38, 269, 16, 564, 111, 9, 149, 1049, 62;
35, 264, 12, 560, 82, -1, 138, 1029, 49;
38, 264, 15, 572, 70, 6, 148, 1031, 58;
34, 258, 10, 563, 37, -7, 133, 1008, 42;
35, 258, 12, 570, 24, -1, 140, 1007, 48;
38, 259, 15, 581, 13, 7, 151, 1011, 60;
33, 252, 9, 563, -22, -9, 130, 983, 38;
36, 252, 12, 570, -33, -1, 140, 986, 49;
39, 254, 16, 579, -41, 10, 154, 993, 63;
36, 249, 13, 565, -70, 0, 140, 973, 50;
33, 245, 11, 553, -95, -6, 131, 958, 42;
35, 246, 13, 554, -107, 0, 138, 960, 51;
34, 244, 12, 545, -126, 0, 135, 952, 50;
34, 242, 13, 537, -144, 0, 134, 946, 51;
32, 239, 11, 522, -166, -3, 126, 934, 46;
32, 238, 12, 512, -182, -2, 125, 929, 47;
29, 235, 10, 495, -205, -7, 115, 916, 41;
32, 237, 14, 493, -209, 4, 127, 925, 56;
31, 235, 14, 477, -226, 3, 122, 918, 55;
32, 235, 16, 468, -236, 9, 126, 920, 63;
26, 229, 11, 437, -265, -4, 104, 896, 45;
28, 230, 14, 427, -272, 3, 109, 900, 54;
27, 230, 14, 410, -284, 4, 107, 897, 57;
21, 224, 9, 376, -313, -10, 83, 874, 38;
25, 228, 15, 372, -308, 7, 99, 891, 59;
24, 227, 15, 352, -320, 7, 95, 887, 60;
21, 225, 14, 326, -335, 3, 84, 877, 55;
22, 226, 16, 311, -337, 11, 89, 884, 65;
19, 224, 15, 283, -352, 6, 77, 874, 59;
16, 221, 13, 254, -365, 2, 65, 865, 53;
15, 221, 14, 232, -371, 4, 61, 864, 56;
10, 217, 11, 196, -389, -6, 42, 849, 43;
8, 216, 10, 168, -398, -8, 33, 844, 40;
12, 221, 16, 160, -386, 9, 49, 863, 62;
6, 217, 11, 121, -403, -3, 26, 846, 46;
4, 216, 11, 94, -408, -4, 18, 843, 45;
7, 220, 16, 82, -396, 10, 30, 861, 64;
2, 216, 12, 42, -410, -2, 8, 844, 48;
-1, 214, 10, 9, -418, -8, -6, 836, 40;
0, 217, 13, -7, -408, 1, 0, 848, 52;
0, 220, 16, -26, -399, 9, 2, 858, 62;
-4, 217, 12, -63, -407, 0, -16, 847, 50;
-3, 220, 15, -81, -396, 7, -12, 858, 60;
-7, 217, 13, -116, -401, 0, -29, 850, 50;
-8, 219, 13, -140, -395, 1, -33, 854, 53;
-10, 219, 13, -168, -391, 0, -41, 854, 51;
-15, 216, 10, -202, -393, -8, -58, 845, 40;
-12, 221, 14, -216, -375, 3, -50, 863, 55;
-14, 222, 14, -240, -367, 3, -56, 866, 55;
-20, 218, 9, -278, -371, -9, -78, 852, 38;
-14, 226, 16, -279, -340, 12, -57, 883, 65;
-23, 219, 9, -326, -354, -11, -92, 857, 36;
-21, 224, 13, -336, -330, 0, -82, 877, 51;
-20, 227, 15, -352, -313, 6, -81, 888, 59;
-20, 230, 16, -369, -297, 10, -81, 898, 63;
-22, 231, 15, -390, -285, 8, -88, 901, 61;
-27, 228, 12, -421, -283, -2, -107, 891, 47;
-25, 233, 15, -429, -259, 6, -100, 908, 58;
-32, 228, 9, -464, -262, -11, -126, 892, 37;
-28, 235, 14, -465, -231, 4, -111, 917, 56;
-32, 233, 11, -489, -224, -4, -126, 912, 45;
-35, 233, 9, -509, -214, -11, -138, 909, 36;
-28, 242, 16, -499, -174, 11, -112, 945, 65;
-32, 241, 13, -520, -166, 2, -127, 939, 53;
-30, 245, 16, -522, -140, 10, -119, 956, 64;
-32, 245, 15, -535, -125, 7, -126, 959, 59;
-33, 247, 15, -544, -108, 6, -129, 964, 58;
-39, 243, 9, -570, -107, -12, -153, 949, 35;
-36, 248, 12, -564, -77, 0, -140, 970, 50;
-39, 247, 9, -579, -68, -11, -154, 964, 37;
-38, 250, 11, -576, -44, -5, -148, 978, 44;
-35, 255, 14, -569, -15, 3, -137, 997, 55;
-37, 255, 12, -577, -3, -3, -146, 995, 46;
-38, 255, 10, -580, 11, -7, -151, 997, 41;
-39, 257, 10, -579, 30, -8, -152, 1003, 40;
-38, 259, 11, -574, 51, -6, -148, 1013, 43;
-34, 265, 14, -558, 81, 4, -134, 1034, 56;
-38, 262, 9, -568, 85, -10, -151, 1022, 38;
-36, 266, 12, -553, 111, -2, -140, 1038, 47;
-37, 266, 10, -551, 124, -8, -145, 1038, 40;
-31, 273, 15, -525, 158, 7, -122, 1066, 60;
-30, 275, 15, -514, 177, 8, -118, 1074, 62;
-36, 270, 9, -522, 174, -11, -141, 1055, 36;
-33, 273, 10, -505, 196, -6, -132, 1067, 42;
-34, 273, 9, -495, 208, -11, -134, 1067, 36;
-30, 278, 12, -470, 234, -1, -118, 1086, 49;
-30, 278, 11, -459, 245, -5, -120, 1086, 43;
-25, 284, 15, -429, 273, 7, -99, 1108, 59;
-25, 284, 14, -415, 283, 3, -100, 1108, 54;
-29, 280, 9, -411, 282, -12, -114, 1094, 35;
-26, 283, 11, -385, 301, -6, -102, 1106, 43;
-25, 284, 10, -367, 310, -9, -100, 1107, 39;
-23, 286, 11, -343, 325, -6, -91, 1116, 43;
-17, 291, 15, -308, 349, 6, -69, 1136, 59;
-18, 290, 13, -290, 354, 1, -70, 1133, 52;
-14, 293, 15, -261, 368, 6, -58, 1143, 59;
-14, 293, 14, -240, 374, 3, -55, 1143, 55;
-16, 290, 10, -226, 371, -6, -62, 1132, 42;
-15, 290, 10, -202, 377, -8, -58, 1133, 40;
-10, 294, 13, -167, 393, 1, -39, 1148, 53;
-12, 291, 9, -152, 387, -9, -47, 1135, 38;
-11, 290, 9, -128, 389, -12, -44, 1134, 35;
-4, 296, 14, -85, 408, 4, -17, 1156, 56;
-4, 294, 12, -65, 405, -2, -18, 1149, 48;
-4, 293, 11, -41, 403, -5, -15, 1145, 44;
0, 296, 13, -7, 411, 1, 0, 1154, 53;
0, 293, 11, 11, 403, -6, -3, 1145, 43;
5, 298, 15, 54, 417, 9, 22, 1163, 62;
4, 294, 12, 70, 405, -1, 16, 1150, 49;
8, 296, 14, 104, 409, 5, 31, 1157, 57;
8, 294, 13, 125, 400, 0, 31, 1149, 51;
12, 297, 16, 161, 405, 10, 50, 1160, 63;
14, 296, 16, 187, 399, 9, 56, 1157, 63;
10, 291, 11, 196, 377, -6, 42, 1135, 43;
14, 292, 13, 228, 376, 0, 57, 1141, 51;
16, 291, 13, 253, 368, 0, 63, 1138, 51;
19, 292, 14, 282, 364, 5, 75, 1141, 58;
21, 292, 15, 308, 357, 8, 84, 1140, 61;
19, 287, 11, 317, 334, -4, 74, 1120, 45;
25, 290, 16, 354, 337, 9, 97, 1134, 62;
22, 286, 12, 364, 314, -1, 89, 1116, 49;
23, 284, 12, 383, 300, -2, 92, 1109, 47;
28, 286, 15, 414, 298, 8, 111, 1119, 61;
27, 283, 13, 426, 277, 2, 108, 1105, 53;
29, 282, 14, 446, 265, 4, 115, 1103, 56;
26, 277, 10, 450, 237, -8, 103, 1081, 40;
29, 277, 12, 471, 227, -2, 114, 1082, 47;
33, 279, 15, 496, 221, 7, 130, 1089, 60;
32, 276, 13, 505, 199, 2, 128, 1076, 54;
35, 276, 15, 522, 187, 7, 137, 1076, 60;
31, 269, 10, 519, 155, -7, 122, 1051, 42;
32, 268, 11, 532, 140, -4, 128, 1048, 45;
33, 267, 12, 542, 123, -2, 132, 1043, 47;
35, 266, 12, 553, 107, 0, 137, 1039, 50;
38, 267, 15, 568, 97, 8, 149, 1043, 61;
35, 263, 12, 564, 70, 0, 140, 1025, 50;
34, 259, 11, 564, 46, -4, 135, 1013, 45;
34, 257, 11, 566, 26, -5, 135, 1004, 43;
32, 253, 9, 561, 0, -12, 127, 989, 35;
37, 257, 14, 577, -2, 3, 147, 1002, 55;
32, 250, 9, 561, -37, -11, 127, 975, 36;
37, 253, 13, 573, -42, 2, 145, 986, 54;
37, 251, 14, 570, -60, 3, 145, 980, 55;
32, 245, 10, 552, -92, -9, 128, 957, 39;
32, 243, 10, 547, -110, -8, 127, 951, 40;
33, 243, 12, 545, -123, -3, 132, 951, 47;
33, 241, 11, 535, -142, -3, 129, 943, 46;
32, 239, 11, 525, -161, -4, 125, 935, 44;
33, 240, 13, 520, -173, 1, 130, 936, 52;
30, 236, 11, 502, -196, -4, 120, 923, 45;
34, 239, 15, 502, -199, 8, 133, 932, 61;
33, 237, 15, 488, -216, 8, 130, 927, 61;
33, 237, 16, 475, -229, 11, 129, 924, 65;
32, 235, 16, 460, -244, 12, 126, 919, 66;
24, 227, 9, 420, -280, -9, 94, 886, 38;
25, 228, 12, 410, -286, -1, 100, 891, 48;
23, 226, 11, 387, -304, -5, 90, 881, 43;
21, 223, 10, 364, -319, -8, 82, 873, 40;
21, 224, 12, 349, -326, -2, 84, 875, 47;
23, 226, 15, 336, -328, 6, 90, 883, 59;
15, 219, 9, 295, -357, -11, 62, 856, 36;
17, 222, 12, 283, -357, -1, 69, 865, 49;
13, 218, 9, 250, -374, -9, 52, 851, 38;
12, 218, 10, 229, -380, -6, 50, 852, 42;
15, 222, 15, 218, -373, 7, 61, 866, 60;
12, 219, 13, 186, -386, 1, 47, 856, 52;
14, 222, 16, 172, -381, 12, 55, 868, 66;
11, 221, 16, 144, -387, 10, 46, 864, 64;
5, 216, 12, 104, -405, -3, 22, 845, 47;
3, 215, 11, 75, -410, -5, 13, 842, 44;
2, 216, 12, 51, -410, -2, 10, 844, 47;
-1, 213, 9, 15, -420, -11, -7, 832, 36;
0, 217, 13, 1, -408, 1, 1, 848, 52;
0, 218, 14, -23, -405, 3, -2, 851, 55;
-2, 218, 14, -49, -403, 4, -8, 853, 56;
-3, 219, 14, -76, -400, 4, -14, 854, 56;
-9, 214, 10, -116, -411, -9, -38, 838, 39;
-6, 220, 15, -126, -390, 7, -23, 861, 60;
-12, 216, 10, -166, -400, -6, -48, 844, 42;
-9, 221, 15, -177, -379, 8, -35, 865, 61;
-15, 218, 11, -216, -386, -5, -59, 850, 43;
-17, 218, 10, -242, -380, -6, -67, 852, 42;
-17, 220, 11, -264, -368, -3, -69, 859, 46;
-15, 225, 15, -275, -347, 8, -59, 877, 61;
-18, 224, 14, -302, -341, 4, -70, 876, 57;
-20, 224, 13, -329, -334, 0, -81, 875, 51;
-18, 228, 16, -340, -313, 10, -74, 892, 64;
-22, 227, 14, -369, -308, 3, -88, 888, 55;
-26, 226, 11, -396, -302, -3, -102, 883, 46;
-27, 227, 11, -415, -289, -3, -107, 888, 46;
-23, 234, 16, -419, -259, 11, -93, 912, 64;
-30, 230, 11, -452, -261, -4, -117, 898, 44;
-32, 230, 10, -472, -248, -8, -125, 900, 40;
-31, 233, 11, -483, -228, -3, -123, 911, 46;
-28, 239, 16, -483, -197, 10, -109, 935, 64;
-36, 234, 9, -518, -203, -11, -140, 913, 36;
-31, 240, 14, -515, -171, 3, -124, 939, 55;
-30, 244, 16, -519, -146, 10, -118, 954, 64;
-32, 244, 14, -535, -134, 4, -128, 953, 56;
-33, 246, 14, -542, -114, 5, -129, 962, 58;
-32, 249, 16, -545, -91, 10, -125, 974, 63;
-37, 246, 11, -567, -88, -5, -146, 961, 43;
-37, 248, 11, -571, -69, -5, -147, 969, 44;
-35, 253, 14, -566, -40, 4, -136, 988, 55;
-40, 250, 9, -583, -36, -11, -156, 976, 37;
-37, 254, 12, -576, -8, -2, -145, 994, 47;
-39, 254, 10, -582, 4, -8, -153, 994, 40;
-33, 261, 15, -564, 39, 7, -132, 1021, 60;
-33, 264, 15, -560, 59, 8, -131, 1029, 61;
-37, 261, 11, -569, 65, -4, -146, 1020, 45;
-33, 266, 15, -553, 95, 6, -131, 1041, 58;
-39, 262, 9, -565, 95, -12, -152, 1025, 35;
-32, 270, 15, -539, 132, 6, -127, 1054, 58;
-34, 270, 13, -536, 145, 0, -133, 1054, 51;
-34, 271, 12, -528, 160, -2, -133, 1057, 48;
-35, 271, 10, -522, 172, -7, -137, 1058, 41;
-32, 275, 13, -502, 197, 0, -124, 1073, 51;
-30, 277, 13, -486, 217, 2, -118, 1083, 54;
-33, 274, 9, -486, 218, -11, -132, 1071, 36;
-28, 280, 13, -457, 247, 0, -112, 1093, 52;
-29, 279, 11, -447, 255, -5, -116, 1090, 43;
-23, 286, 16, -414, 285, 10, -92, 1115, 63;
-26, 283, 12, -408, 287, -2, -104, 1104, 47;
-25, 284, 12, -387, 301, -1, -98, 1110, 48;
-26, 283, 9, -376, 304, -11, -104, 1103, 37;
-24, 284, 10, -353, 318, -9, -97, 1110, 39;
-19, 290, 14, -317, 343, 4, -74, 1132, 56;
-16, 292, 16, -290, 358, 9, -62, 1142, 62;
-16, 291, 13, -274, 361, 2, -66, 1136, 53;
-19, 288, 9, -263, 356, -11, -76, 1123, 37;
-12, 294, 15, -220, 383, 7, -47, 1149, 59;
-15, 290, 10, -210, 375, -7, -60, 1133, 41;
-13, 291, 10, -185, 381, -8, -54, 1135, 40;
-13, 290, 9, -162, 384, -10, -51, 1134, 37;
-7, 294, 13, -125, 399, 0, -31, 1149, 50;
-5, 295, 13, -96, 405, 1, -22, 1153, 53;
-6, 293, 10, -78, 399, -6, -26, 1143, 42;
-4, 294, 11, -49, 404, -4, -16, 1146, 45;
-3, 293, 10, -25, 402, -7, -13, 1143, 42;
2, 297, 14, 14, 415, 5, 9, 1159, 57;
2, 295, 13, 36, 409, 0, 9, 1153, 51;
1, 292, 10, 54, 398, -8, 5, 1141, 40;
9, 298, 16, 101, 416, 11, 37, 1165, 65;
9, 296, 15, 122, 407, 6, 37, 1157, 59;
10, 295, 14, 147, 401, 4, 41, 1153, 56;
10, 293, 12, 167, 390, 0, 40, 1145, 49;
10, 291, 11, 189, 380, -4, 42, 1137, 45;
13, 292, 12, 218, 377, -1, 52, 1139, 49;
17, 293, 14, 249, 375, 4, 66, 1144, 56;
14, 288, 10, 259, 353, -9, 55, 1123, 39;
19, 290, 13, 293, 354, 1, 74, 1133, 52;
21, 290, 14, 318, 346, 3, 83, 1132, 55;
25, 291, 16, 348, 342, 11, 98, 1137, 65;
23, 287, 13, 359, 321, 1, 90, 1120, 52;
24, 286, 13, 381, 309, 2, 97, 1117, 53;
24, 283, 12, 396, 291, -2, 95, 1106, 47;
23, 279, 9, 407, 270, -10, 91, 1091, 38;
28, 282, 13, 438, 267, 1, 110, 1101, 53;
31, 283, 15, 461, 259, 8, 123, 1103, 61;
27, 276, 10, 460, 227, -8, 106, 1077, 40;
33, 279, 15, 491, 227, 7, 129, 1091, 60;
27, 272, 9, 486, 191, -11, 109, 1060, 36;
33, 274, 13, 512, 187, 1, 129, 1071, 53;
30, 269, 10, 513, 159, -9, 118, 1051, 39;
32, 269, 11, 529, 146, -4, 127, 1051, 45;
34, 268, 12, 541, 131, -1, 133, 1047, 49;
38, 270, 16, 560, 123, 9, 148, 1054, 62;
38, 268, 15, 566, 103, 8, 149, 1045, 61;
35, 263, 12, 562, 76, 0, 139, 1027, 50;
38, 264, 15, 575, 64, 7, 150, 1030, 59;
34, 258, 11, 566, 33, -4, 135, 1008, 44;
39, 261, 15, 582, 28, 9, 153, 1018, 62;
38, 258, 14, 579, 5, 5, 150, 1007, 58;
35, 253, 12, 571, -21, -1, 140, 990, 48;
34, 250, 10, 563, -46, -7, 132, 976, 41;
36, 251, 13, 569, -56, 1, 142, 979, 52;
36, 249, 13, 565, -74, 2, 142, 974, 53;
35, 247, 13, 558, -95, 0, 139, 964, 51;
37, 247, 14, 557, -108, 6, 144, 964, 58;
32, 241, 10, 535, -139, -6, 126, 941, 42;
33, 240, 12, 530, -154, -3, 128, 939, 47;
33, 240, 13, 524, -166, 1, 132, 939, 53;
29, 235, 9, 500, -196, -10, 113, 917, 37;
32, 237, 13, 500, -201, 1, 126, 926, 53;
29, 234, 11, 480, -223, -3, 115, 913, 46;
31, 235, 14, 473, -231, 4, 122, 917, 56;
31, 235, 15, 461, -242, 8, 123, 916, 61;
27, 230, 12, 434, -267, -1, 106, 898, 48;
29, 232, 15, 426, -272, 7, 113, 905, 60;
22, 225, 10, 391, -302, -8, 89, 880, 40;
24, 226, 12, 379, -307, 0, 93, 884, 50;
25, 227, 15, 365, -313, 6, 97, 889, 59;
24, 227, 16, 347, -321, 9, 96, 888, 63;
20, 223, 13, 315, -342, 0, 78, 872, 51;
19, 223, 13, 294, -350, 2, 75, 871, 54;
16, 221, 12, 266, -364, -2, 63, 862, 48;
15, 221, 13, 245, -369, 0, 61, 862, 52;
13, 219, 12, 216, -381, -2, 50, 855, 47;
15, 222, 16, 204, -375, 9, 60, 868, 63;
14, 222, 16, 180, -380, 11, 56, 868, 65;
6, 216, 10, 135, -404, -7, 26, 842, 42;
6, 217, 12, 113, -404, -3, 25, 846, 47;
5, 217, 12, 89, -405, 0, 21, 848, 50;
5, 218, 14, 66, -403, 3, 20, 852, 55;
5, 220, 16, 45, -399, 9, 20, 858, 62;
3, 220, 15, 18, -400, 9, 13, 858, 62;
-4, 214, 9, -27, -419, -9, -16, 835, 38;
0, 220, 16, -34, -398, 10, 1, 860, 63;
0, 221, 16, -60, -395, 11, -3, 862, 65;
-4, 219, 15, -91, -397, 6, -16, 857, 59;
-5, 220, 15, -118, -392, 7, -22, 859, 59;
-10, 217, 12, -154, -398, -3, -41, 848, 47;
-11, 218, 12, -178, -391, -1, -45, 852, 49;
-14, 218, 11, -208, -388, -5, -57, 850, 44;
-16, 218, 11, -233, -381, -5, -63, 853, 44;
-13, 223, 15, -244, -360, 7, -53, 872, 60;
-21, 218, 9, -288, -371, -12, -84, 850, 35;
-20, 221, 11, -303, -353, -3, -79, 864, 46;
-19, 224, 13, -320, -337, 1, -77, 875, 53;
-21, 225, 13, -341, -324, 2, -82, 881, 54;
-21, 227, 14, -360, -310, 5, -84, 889, 57;
-28, 223, 9, -397, -314, -11, -110, 872, 36;
-28, 226, 10, -414, -298, -8, -111, 881, 40;
-27, 229, 12, -426, -278, -2, -108, 893, 47;
-28, 231, 13, -441, -260, 0, -109, 903, 51;
-29, 232, 12, -459, -246, 0, -115, 907, 50;
-26, 237, 16, -463, -219, 10, -104, 927, 64;
-32, 234, 11, -494, -219, -5, -128, 913, 44;
-33, 236, 11, -506, -201, -4, -130, 921, 45;
-30, 241, 15, -507, -172, 7, -118, 942, 60;
-33, 240, 12, -527, -163, -1, -132, 937, 49;
-32, 244, 14, -531, -139, 5, -127, 952, 57;
-35, 243, 12, -546, -127, -1, -137, 951, 49;
-37, 244, 11, -559, -114, -5, -144, 952, 43;
-36, 247, 12, -562, -91, -2, -142, 963, 48;
-39, 246, 9, -576, -81, -11, -154, 959, 37;
-33, 254, 16, -559, -41, 9, -129, 992, 62;
-33, 256, 16, -561, -21, 10, -128, 1001, 64;
-40, 251, 9, -585, -24, -11, -157, 980, 36;
-36, 257, 13, -572, 7, 1, -141, 1003, 52;
-40, 254, 9, -584, 13, -12, -157, 994, 35;
-40, 257, 9, -581, 33, -11, -156, 1002, 36;
-35, 263, 14, -563, 67, 3, -136, 1028, 55;
-32, 267, 16, -552, 92, 9, -128, 1042, 62;
-33, 267, 14, -550, 107, 5, -131, 1044, 57;
-34, 268, 13, -547, 121, 0, -135, 1045, 51;
-37, 266, 9, -550, 128, -10, -147, 1038, 37;
-32, 272, 13, -527, 159, 2, -128, 1061, 54;
-30, 275, 15, -512, 181, 6, -120, 1073, 59;
-29, 277, 15, -498, 200, 8, -115, 1081, 61;
-35, 272, 9, -505, 196, -11, -137, 1063, 36;
-27, 281, 16, -469, 234, 9, -107, 1095, 62;
-27, 281, 15, -456, 248, 7, -105, 1099, 60;
-30, 279, 11, -452, 251, -5, -117, 1089, 44;
-24, 285, 16, -421, 280, 9, -95, 1112, 62;
-28, 281, 10, -419, 277, -7, -112, 1096, 41;
-26, 283, 12, -396, 295, -3, -101, 1107, 46;
-20, 289, 16, -361, 322, 11, -78, 1130, 64;
-19, 289, 15, -343, 331, 7, -77, 1130, 60;
-23, 286, 10, -337, 327, -7, -91, 1115, 41;
-23, 286, 9, -318, 335, -10, -89, 1115, 37;
-16, 292, 14, -278, 361, 5, -63, 1139, 58;
-17, 290, 12, -262, 362, -2, -67, 1133, 47;
-13, 293, 14, -230, 378, 5, -52, 1146, 57;
-13, 293, 13, -209, 382, 1, -50, 1143, 52;
-12, 293, 12, -186, 387, 0, -46, 1143, 50;
-13, 291, 10, -169, 383, -9, -51, 1134, 39;
-6, 296, 15, -127, 405, 6, -25, 1156, 59;
-6, 295, 13, -105, 404, 1, -24, 1152, 53;
-3, 296, 14, -76, 410, 4, -14, 1157, 56;
-2, 296, 14, -50, 411, 3, -9, 1156, 54;
-4, 292, 10, -35, 400, -8, -17, 1141, 40;
15, 23, 0, 2154, 2635, 2583, 60, 90, 0;
16, 16, 11, 2286, 4724, 2914, 65, 65, 44;
14, 17, 0, 3084, 1853, 2092, 55, 67, 1;
13, 19, 7, 1636, 2913, 1195, 51, 77, 29;
5, 12, 10, 2817, 4049, 1431, 22, 47, 42;
8, 2, 11, 3237, 5137, 1013, 34, 11, 46;
16, 28, 2, 1971, 4621, 2648, 66, 112, 9;
3, 29, 5, 2447, 4838, 2912, 14, 116, 22;
18, 24, 6, 1571, 4279, 2421, 72, 95, 24;
12, 2, 8, 3910, 3293, 1287, 50, 7, 33;
20, 15, 10, 1923, 5206, 2901, 80, 58, 41;
8, 19, 12, 3899, 2181, 1831, 35, 75, 49;
12, 7, 5, 4160, 2076, 2560, 49, 28, 23;
11, 12, 0, 4397, 3328, 1904, 44, 48, 2;
20, 14, 4, 3334, 3060, 2132, 79, 55, 19;
14, 8, 11, 3845, 2859, 2232, 55, 31, 42;
15, 8, 10, 3035, 2492, 2348, 61, 31, 42;
10, 2, 9, 1615, 1823, 2432, 40, 9, 35;
1, 20, 4, 3879, 5340, 2108, 5, 78, 16;
1, 21, 10, 3078, 5157, 2862, 7, 83, 41;
1, 12, 5, 2814, 1855, 2916, 7, 50, 20;
7, 6, 2, 4200, 5044, 2816, 29, 26, 9;
18, 25, 11, 2188, 1875, 2050, 71, 99, 43;
12, 26, 5, 1619, 4345, 1491, 49, 101, 20;
12, 0, 1, 1628, 2538, 2553, 49, 0, 7;
7, 15, 3, 1604, 5158, 2209, 29, 62, 13;
1, 29, 3, 1821, 3555, 1708, 4, 113, 13;
20, 19, 12, 4079, 3208, 1379, 80, 76, 49;
2, 23, 4, 2495, 1913, 1027, 9, 91, 16;
14, 2, 3, 3264, 1917, 2270, 57, 10, 15;
8, 20, 3, 4135, 3732, 1733, 34, 80, 12;
3, 28, 9, 4240, 4609, 1590, 12, 112, 35;
18, 28, 3, 3236, 4256, 2070, 72, 112, 12;
18, 30, 11, 1706, 3654, 1256, 72, 120, 46;
14, 1, 11, 3108, 2880, 2577, 58, 6, 43;
12, 7, 5, 1820, 1892, 2779, 48, 28, 20;
11, 21, 10, 1647, 4217, 1304, 44, 84, 39;
0, 22, 5, 2194, 2830, 2557, 1, 88, 23;
4, 28, 1, 1890, 3628, 1565, 18, 109, 5;
14, 0, 12, 3300, 2620, 1395, 58, 2, 48;
2, 22, 2, 2419, 4738, 2678, 9, 87, 10;
1, 6, 3, 1687, 3670, 1291, 6, 26, 14;
16, 6, 3, 2575, 3022, 2723, 62, 26, 14;
17, 26, 0, 2439, 3741, 1838, 69, 102, 0;
9, 28, 5, 2006, 2460, 2768, 37, 112, 21;
5, 23, 8, 2353, 1982, 991, 21, 93, 34;
4, 21, 3, 2755, 2521, 2181, 17, 83, 15;
8, 17, 12, 1605, 3929, 2591, 33, 67, 48;
20, 28, 9, 3322, 3092, 1022, 79, 112, 35;
2, 24, 3, 4373, 2685, 2347, 10, 94, 13;
15, 1, 12, 2508, 3617, 1818, 61, 6, 49;
3, 5, 12, 1554, 4850, 1064, 13, 19, 49;
14, 29, 7, 1629, 3297, 1889, 56, 113, 27;
14, 24, 1, 2723, 4231, 2081, 56, 93, 6;
1, 26, 12, 3476, 4117, 2615, 5, 102, 49;
7, 1, 0, 1858, 5244, 1201, 27, 7, 0;
9, 25, 5, 3695, 2511, 1511, 35, 98, 21;
9, 30, 9, 1556, 4195, 1382, 38, 119, 38;
15, 24, 3, 2639, 5377, 1820, 59, 95, 13;
6, 4, 1, 3320, 4968, 1680, 26, 18, 5;
19, 26, 0, 2176, 3803, 2030, 76, 102, 1;
5, 6, 1, 2792, 2477, 1598, 23, 25, 4;
15, 21, 12, 3703, 4240, 2105, 62, 84, 47;
12, 8, 0, 3513, 2456, 2390, 47, 33, 1;
14, 26, 2, 2959, 2218, 2421, 56, 104, 7;
20, 13, 10, 1784, 3862, 1924, 81, 53, 41;
1, 17, 2, 2782, 4293, 1508, 4, 68, 8;
7, 2, 0, 2617, 3105, 2655, 27, 7, 1;
6, 11, 2, 4015, 2472, 1735, 26, 44, 9;
16, 8, 13, 2234, 3817, 1933, 65, 31, 50;
14, 4, 9, 1514, 3266, 2467, 58, 19, 35;
6, 7, 3, 3445, 3361, 1693, 25, 29, 13;
15, 2, 11, 1611, 2405, 1655, 58, 8, 45;
2, 8, 1, 1517, 3724, 1378, 9, 34, 5;
1, 29, 6, 1791, 2268, 2138, 4, 115, 25;
8, 2, 3, 4162, 1933, 2896, 31, 10, 13;
0, 16, 11, 4065, 1881, 2499, 2, 63, 45;
2, 25, 6, 2331, 3884, 1494, 7, 100, 24;
8, 16, 12, 2864, 1877, 1578, 31, 63, 49;
20, 7, 7, 3148, 5233, 1008, 81, 27, 30;
620, 820, 414, 5230, 4575, 3099, 2420, 3198, 1618;
674, 919, 385, 5059, 4429, 3012, 2630, 3584, 1504;
559, 877, 370, 4836, 4231, 2869, 2181, 3421, 1445;
573, 823, 410, 4646, 4064, 2756, 2237, 3210, 1601;
586, 856, 350, 4448, 3889, 2632, 2286, 3341, 1367;
490, 719, 313, 4300, 3764, 2556, 1913, 2805, 1221;
533, 800, 292, 4117, 3601, 2441, 2079, 3120, 1139;
530, 632, 306, 3971, 3475, 2360, 2067, 2467, 1195;
528, 707, 358, 3798, 3321, 2250, 2060, 2757, 1398;
415, 651, 335, 3666, 3208, 2179, 1621, 2540, 1308;
446, 629, 314, 3509, 3070, 2081, 1740, 2456, 1228;
464, 605, 261, 3399, 2977, 2027, 1812, 2360, 1018;
391, 634, 286, 3259, 2854, 1941, 1526, 2475, 1118;
393, 709, 266, 3112, 2722, 1845, 1533, 2767, 1039;
367, 590, 217, 2992, 2618, 1775, 1432, 2302, 849;
330, 528, 208, 2895, 2535, 1725, 1290, 2059, 813;
361, 512, 231, 2759, 2414, 1636, 1411, 1999, 901;
331, 598, 263, 2670, 2338, 1590, 1294, 2332, 1026;
288, 502, 200, 2553, 2234, 1516, 1124, 1961, 782;
279, 608, 224, 2442, 2136, 1446, 1089, 2373, 874;
312, 480, 224, 2351, 2057, 1394, 1218, 1874, 876;
253, 559, 194, 2288, 2005, 1368, 989, 2182, 760;
318, 517, 180, 2182, 1910, 1298, 1242, 2019, 704;
263, 528, 199, 2073, 1812, 1224, 1028, 2063, 777;
293, 475, 188, 2015, 1764, 1199, 1145, 1854, 733;
214, 493, 181, 1928, 1686, 1144, 835, 1923, 707;
226, 513, 171, 1868, 1636, 1114, 884, 2001, 668;
258, 464, 141, 1784, 1561, 1060, 1006, 1810, 553;
250, 473, 169, 1714, 1500, 1018, 976, 1845, 660;
211, 488, 126, 1667, 1462, 999, 826, 1904, 493;
181, 427, 148, 1564, 1367, 923, 707, 1665, 580;
226, 397, 140, 1521, 1331, 904, 885, 1552, 548;
160, 409, 116, 1455, 1272, 862, 624, 1598, 453;
162, 428, 140, 1412, 1237, 843, 632, 1671, 546;
162, 414, 104, 1365, 1197, 818, 634, 1618, 407;
158, 447, 122, 1317, 1156, 792, 616, 1743, 479;
172, 367, 86, 1233, 1077, 728, 671, 1433, 336;
163, 368, 107, 1175, 1026, 690, 636, 1437, 419;
130, 404, 89, 1163, 1020, 697, 510, 1578, 347;
162, 369, 96, 1092, 954, 644, 635, 1441, 376;
143, 376, 87, 1058, 926, 628, 559, 1468, 342;
125, 397, 96, 1005, 878, 592, 487, 1548, 376;
124, 355, 73, 957, 835, 560, 485, 1388, 288;
134, 392, 66, 947, 829, 565, 523, 1532, 261;
134, 392, 78, 908, 795, 541, 524, 1529, 306;
130, 355, 84, 890, 782, 538, 508, 1386, 330;
93, 350, 64, 843, 739, 504, 365, 1366, 250;
108, 374, 71, 810, 710, 485, 423, 1459, 278;
95, 356, 56, 755, 659, 442, 371, 1392, 220;
108, 344, 70, 732, 640, 432, 421, 1344, 273;
80, 325, 67, 703, 614, 415, 314, 1269, 262;
81, 354, 64, 690, 605, 413, 319, 1380, 250;
80, 329, 54, 676, 594, 410, 314, 1283, 214;
86, 350, 51, 650, 571, 394, 336, 1368, 200;
74, 327, 50, 616, 540, 370, 290, 1277, 198;
65, 317, 48, 592, 519, 356, 256, 1238, 188;
80, 333, 57, 568, 498, 341, 312, 1300, 222;
56, 331, 36, 519, 452, 301, 221, 1294, 144;
73, 316, 40, 502, 438, 293, 288, 1234, 158;
72, 308, 39, 498, 436, 297, 284, 1204, 154;
62, 313, 41, 480, 420, 287, 245, 1221, 162;
66, 302, 41, 467, 410, 281, 260, 1181, 163;
55, 303, 36, 434, 379, 255, 215, 1181, 142;
54, 306, 36, 414, 361, 243, 211, 1195, 140;
49, 314, 32, 393, 342, 228, 193, 1225, 128;
41, 289, 31, 375, 326, 217, 161, 1130, 123;
51, 301, 31, 371, 324, 219, 201, 1174, 121;
44, 286, 24, 341, 296, 195, 174, 1118, 94;
42, 296, 30, 361, 318, 221, 165, 1158, 118;
44, 292, 22, 319, 278, 184, 172, 1140, 88;
41, 303, 23, 321, 281, 191, 159, 1183, 92;
37, 291, 26, 298, 260, 174, 147, 1136, 103;
37, 299, 20, 290, 254, 171, 144, 1169, 80;
38, 293, 18, 277, 241, 162, 149, 1145, 73;
37, 281, 23, 269, 235, 158, 144, 1095, 90;
39, 290, 21, 277, 244, 171, 154, 1133, 84;
33, 294, 25, 263, 232, 161, 130, 1149, 100;
30, 285, 19, 244, 214, 146, 119, 1114, 75;
25, 277, 17, 219, 190, 125, 97, 1084, 69;
26, 286, 18, 229, 202, 139, 103, 1116, 72;
1, 256, 1, 1, 1, 1, 6, 1001, 4;
1, 256, 0, 1, 1, 1, 5, 1000, 3;
1, 256, 0, 0, 0, 0, 4, 999, 2;
1, 256, 0, 0, 0, 0, 5, 1000, 3;
1, 256, 0, 0, 0, 0, 4, 999, 2;
1, 256, 0, 1, 1, 1, 5, 1000, 3;
1, 256, 0, -1, -1, -1, 4, 999, 2;
1, 256, 1, 1, 1, 1, 6, 1000, 4;
1, 256, 1, 1, 1, 1, 5, 1000, 3;
1, 256, 1, 1, 1, 1, 6, 1000, 3;
1, 256, 0, -1, -1, -1, 4, 999, 2;
1, 256, 0, 0, 0, 0, 5, 999, 3;
1, 256, 0, 0, 0, 0, 4, 999, 2;
0, 256, 0, -1, -1, -1, 3, 998, 1;
1, 256, 0, 1, 1, 1, 5, 1000, 3;
1, 256, 0, -1, -1, -1, 3, 998, 1;
1, 256, 0, 0, 0, 0, 5, 1000, 3;
1, 256, 0, 0, 0, 0, 4, 999, 2;
1, 256, 0, -1, -1, -1, 4, 999, 2;
1, 256, 0, 0, 0, 0, 4, 999, 2;
1, 256, 0, 0, 0, 0, 4, 999, 2;
1, 256, 0, 0, 0, 0, 5, 1000, 3;
1, 256, 0, 0, 0, 0, 5, 1000, 3;
1, 256, 0, 0, 0, 0, 4, 999, 2;
1, 256, 0, 1, 1, 1, 5, 1000, 3;
1, 256, 0, 0, 0, 0, 4, 999, 2;
1, 256, 0, 0, 0, 0, 5, 1000, 3;
1, 256, 1, 1, 1, 1, 6, 1001, 4;
1, 256, 0, -1, -1, -1, 4, 998, 2;
1, 256, 0, 1, 1, 1, 5, 1000, 3;
1, 256, 1, 1, 1, 1, 6, 1001, 4;
1, 256, 0, 0, 0, 0, 5, 1000, 3;
1, 256, 0, 0, 0, 0, 5, 1000, 3;
1, 256, 0, 0, 0, 0, 4, 999, 2;
1, 256, 1, 1, 1, 1, 5, 1000, 3;
1, 256, 0, -1, -1, -1, 4, 999, 2;
1, 256, 0, 0, 0, 0, 5, 999, 2;
1, 256, 0, 0, 0, 0, 5, 1000, 3;
1, 256, 0, 0, 0, 0, 5, 1000, 3;
1, 256, 1, 1, 1, 1, 6, 1001, 4;
1, 256, 0, 0, 0, 0, 5, 1000, 3;
1, 256, 1, 1, 1, 1, 6, 1000, 3;
1, 256, 0, 0, 0, 0, 4, 999, 2;
1, 256, 0, 1, 1, 1, 5, 1000, 3;
1, 256, 1, 1, 1, 1, 5, 1000, 3;
1, 256, 0, 0, 0, 0, 5, 1000, 3;
1, 256, 0, 1, 1, 1, 5, 1000, 3;
1, 256, 0, -1, -1, -1, 3, 998, 1;
1, 256, 0, 0, 0, 0, 5, 1000, 3;
1, 256, 0, -1, -1, -1, 4, 998, 2;
1, 256, 0, 0, 0, 0, 5, 999, 3;
1, 256, 0, 0, 0, 0, 4, 999, 2;
1, 256, 0, 0, 0, 0, 4, 999, 2;
1, 256, 0, -1, -1, -1, 4, 998, 1;
1, 256, 0, -1, -1, -1, 4, 999, 2;
1, 256, 0, 0, 0, 0, 4, 999, 2;
1, 256, 0, 0, 0, 0, 5, 1000, 3;
1, 256, 0, 0, 0, 0, 4, 999, 2;
1, 256, 0, -1, -1, -1, 4, 999, 2;
1, 256, 0, 0, 0, 0, 5, 999, 3;
1, 256, 0, -1, -1, -1, 4, 998, 1;
1, 256, 1, 1, 1, 1, 6, 1001, 4;
1, 256, 0, 0, 0, 0, 5, 1000, 3;
1, 256, 0, -1, -1, -1, 4, 999, 2;
1, 256, 0, 0, 0, 0, 4, 999, 2;
1, 256, 0, 0, 0, 0, 5, 999, 3;
0, 256, 0, -1, -1, -1, 3, 998, 1;
1, 256, 0, 0, 0, 0, 5, 1000, 3;
1, 256, 0, 1, 1, 1, 5, 1000, 3;
1, 256, 0, 0, 0, 0, 4, 999, 2;
1, 256, 0, 0, 0, 0, 4, 999, 2;
1, 256, 0, 1, 1, 1, 5, 1000, 3;
1, 256, 0, 1, 1, 1, 5, 1000, 3;
1, 256, 0, 1, 1, 1, 5, 1000, 3;
1, 256, 0, 0, 0, 0, 4, 999, 2;
1, 256, 0, 0, 0, 0, 5, 1000, 3;
1, 256, 0, -1, -1, -1, 4, 999, 2;
0, 256, 0, -1, -1, -1, 3, 998, 1;
1, 256, 0, -1, -1, -1, 4, 998, 2;
1, 256, 0, 0, 0, 0, 4, 999, 2;
1, 256, 0, 0, 0, 0, 5, 1000, 3;
1, 256, 0, -1, -1, -1, 4, 999, 2;
1, 256, 0, 0, 0, 0, 5, 1000, 3;
1, 256, 1, 1, 1, 1, 6, 1001, 4;
1, 256, 0, 1, 1, 1, 5, 1000, 3;
1, 256, 0, 0, 0, 0, 5, 1000, 3;
1, 256, 0, -1, -1, -1, 3, 998, 1;
1, 256, 1, 1, 1, 1, 6, 1000, 4;
1, 256, 0, 0, 0, 0, 4, 999, 2;
1, 256, 0, 0, 0, 0, 4, 999, 2;
1, 256, 0, -1, -1, -1, 4, 999, 2;
1, 256, 0, -1, -1, -1, 3, 998, 1;
1, 256, 1, 1, 1, 1, 6, 1001, 4;
1, 256, 0, 0, 0, 0, 4, 999, 2;
1, 256, 0, 0, 0, 0, 4, 999, 2;
1, 256, 0, 1, 1, 1, 5, 1000, 3;
1, 256, 0, 0, 0, 0, 5, 1000, 3;
1, 256, 0, 0, 0, 0, 5, 1000, 3;
1, 256, 1, 1, 1, 1, 6, 1001, 4;
1, 256, 1, 1, 1, 1, 6, 1001, 4;
1, 256, 1, 1, 1, 1, 6, 1001, 4;
1, 256, 0, -1, -1, -1, 4, 999, 2;
1, 256, 0, 1, 1, 1, 5, 1000, 3;
1, 256, 0, -1, -1, -1, 4, 999, 2;
1, 256, 0, 0, 0, 0, 4, 999, 2;
1, 256, 0, 0, 0, 0, 5, 1000, 3;
1, 256, 0, 0, 0, 0, 5, 1000, 3;
1, 256, 0, -1, -1, -1, 4, 998, 2;
1, 256, 0, 0, 0, 0, 5, 1000, 3;
1, 256, 0, 0, 0, 0, 5, 1000, 3;
1, 256, 0, 0, 0, 0, 4, 999, 2;
1, 256, 0, 0, 0, 0, 5, 1000, 3;
1, 256, 0, 0, 0, 0, 4, 999, 2;
1, 256, 1, 1, 1, 1, 6, 1001, 4;
1, 256, 0, -1, -1, -1, 3, 998, 1;
1, 256, 0, -1, -1, -1, 4, 999, 2;
1, 256, 0, -1, -1, -1, 4, 998, 1;
1, 256, 0, 1, 1, 1, 5, 1000, 3;
1, 256, 0, 1, 1, 1, 5, 1000, 3;
1, 256, 0, 0, 0, 0, 4, 999, 2;
1, 256, 0, 0, 0, 0, 4, 999, 2;
1, 256, 0, 0, 0, 0, 5, 999, 2;
1, 256, 0, 0, 0, 0, 5, 1000, 3;
1, 256, 0, 0, 0, 0, 5, 1000, 3;
1, 256, 1, 1, 1, 1, 6, 1001, 4;
1, 256, 0, 0, 0, 0, 4, 999, 2;
1, 256, 0, 0, 0, 0, 5, 999, 2;
1, 256, 0, -1, -1, -1, 3, 998, 1;
1, 256, 1, 1, 1, 1, 6, 1001, 4;
1, 256, 0, 1, 1, 1, 5, 1000, 3;
1, 256, 1, 1, 1, 1, 6, 1001, 4;
1, 256, 0, 0, 0, 0, 4, 999, 2;
1, 256, 0, 0, 0, 0, 5, 1000, 3;
1, 256, 0, 0, 0, 0, 4, 999, 2;
1, 256, 0, -1, -1, -1, 3, 998, 1;
1, 256, 0, 0, 0, 0, 4, 999, 2;
1, 256, 0, 0, 0, 0, 5, 1000, 3;
1, 256, 0, 0, 0, 0, 4, 999, 2;
1, 256, 1, 1, 1, 1, 6, 1001, 4;
1, 256, 0, 0, 0, 0, 5, 1000, 3;
1, 256, 0, 0, 0, 0, 5, 999, 3;
1, 256, 0, 0, 0, 0, 5, 999, 2;
1, 256, 0, 0, 0, 0, 4, 999, 2;
1, 256, 0, 0, 0, 0, 4, 999, 2;
1, 256, 0, 0, 0, 0, 5, 1000, 3;
1, 256, 0, 0, 0, 0, 4, 999, 2;
1, 256, 0, 0, 0, 0, 4, 999, 2;
1, 256, 0, 0, 0, 0, 5, 999, 3;
1, 256, 0, 1, 1, 1, 5, 1000, 3;
1, 256, 0, -1, -1, -1, 4, 999, 2;
1, 256, 0, -1, -1, -1, 4, 999, 2;
1, 256, 0, 0, 0, 0, 4, 999, 2;
1, 256, 0, 0, 0, 0, 5, 1000, 3;
1, 256, 0, 1, 1, 1, 5, 1000, 3;
1, 256, 0, 0, 0, 0, 5, 1000, 3;
1, 256, 0, -1, -1, -1, 4, 999, 2;
1, 256, 0, 1, 1, 1, 5, 1000, 3;
1, 256, 0, -1, -1, -1, 4, 998, 2;
1, 256, 0, 0, 0, 0, 5, 1000, 3;
1, 256, 0, 0, 0, 0, 4, 999, 2;
1, 256, 0, 0, 0, 0, 5, 1000, 3;
1, 256, 0, 0, 0, 0, 4, 999, 2;
1, 256, 0, 0, 0, 0, 5, 1000, 3;
1, 256, 0, 0, 0, 0, 5, 1000, 3;
1, 256, 0, -1, -1, -1, 4, 998, 2;
1, 256, 0, -1, -1, -1, 4, 999, 2;
1, 256, 0, -1, -1, -1, 4, 999, 2;
1, 256, 1, 1, 1, 1, 6, 1000, 4;
1, 256, 0, 0, 0, 0, 4, 999, 2;
1, 256, 0, -1, -1, -1, 3, 998, 1;
1, 256, 0, -1, -1, -1, 4, 999, 2;
1, 256, 1, 1, 1, 1, 6, 1001, 4;
1, 256, 1, 1, 1, 1, 6, 1001, 4;
1, 256, 0, 1, 1, 1, 5, 1000, 3;
1, 256, 0, 0, 0, 0, 5, 1000, 3;
1, 256, 1, 1, 1, 1, 6, 1001, 4;
1, 256, 0, -1, -1, -1, 4, 999, 2;
1, 256, 0, 1, 1, 1, 5, 1000, 3;
1, 256, 0, 0, 0, 0, 5, 1000, 3;
1, 256, 0, 0, 0, 0, 4, 999, 2;
1, 256, 0, 0, 0, 0, 4, 999, 2;
1, 256, 0, 0, 0, 0, 5, 1000, 3;
1, 256, 0, 0, 0, 0, 4, 999, 2;
1, 256, 0, 0, 0, 0, 4, 999, 2;
1, 256, 0, 0, 0, 0, 5, 1000, 3;
1, 256, 1, 1, 1, 1, 6, 1001, 4;
1, 256, 0, 1, 1, 1, 5, 1000, 3;
1, 256, 1, 1, 1, 1, 5, 1000, 3;
1, 256, 0, -1, -1, -1, 4, 999, 2;
1, 256, 0, 0, 0, 0, 4, 999, 2;
1, 256, 0, 0, 0, 0, 5, 1000, 3;
1, 256, 0, -1, -1, -1, 4, 999, 2;
1, 256, 0, 0, 0, 0, 5, 1000, 3;
1, 256, 0, 0, 0, 0, 5, 1000, 3;
1, 256, 0, 0, 0, 0, 4, 999, 2;
1, 256, 0, 0, 0, 0, 5, 1000, 3;
1, 256, 0, -1, -1, -1, 4, 999, 2;
1, 256, 0, -1, -1, -1, 4, 999, 2;
1, 256, 1, 1, 1, 1, 6, 1001, 4;
1, 256, 0, 0, 0, 0, 4, 999, 2;
1, 256, 0, 0, 0, 0, 5, 1000, 3;
1, 256, 0, 0, 0, 0, 5, 1000, 3;
1, 256, 1, 1, 1, 1, 6, 1001, 4;
1, 256, 0, 1, 1, 1, 5, 1000, 3;
1, 256, 0, 0, 0, 0, 5, 1000, 3;
1, 256, 0, -1, -1, -1, 3, 998, 1;
1, 256, 0, 1, 1, 1, 5, 1000, 3;
1, 256, 0, 0, 0, 0, 5, 1000, 3;
1, 256, 0, 0, 0, 0, 5, 1000, 3;
1, 256, 0, -1, -1, -1, 3, 998, 1;
1, 256, 0, -1, -1, -1, 4, 999, 2;
1, 256, 0, 1, 1, 1, 5, 1000, 3;
1, 256, 0, 0, 0, 0, 5, 1000, 3;
1, 256, 0, -1, -1, -1, 4, 999, 2;
1, 256, 0, 1, 1, 1, 5, 1000, 3;
1, 256, 0, 0, 0, 0, 4, 999, 2;
1, 256, 0, 0, 0, 0, 4, 999, 2;
1, 256, 0, 0, 0, 0, 5, 999, 3;
1, 256, 0, 1, 1, 1, 5, 1000, 3;
1, 256, 1, 1, 1, 1, 6, 1001, 4;
1, 256, 0, 0, 0, 0, 5, 999, 3;
1, 256, 0, 0, 0, 0, 5, 1000, 3;
1, 256, 0, 0, 0, 0, 5, 1000, 3;
1, 256, 1, 1, 1, 1, 6, 1000, 4;
1, 256, 0, 0, 0, 0, 4, 999, 2;
1, 256, 0, -1, -1, -1, 4, 999, 2;
1, 256, 0, 0, 0, 0, 5, 1000, 3;
1, 256, 1, 1, 1, 1, 6, 1001, 4;
1, 256, 0, 0, 0, 0, 5, 1000, 3;
1, 256, 0, -1, -1, -1, 4, 999, 2;
1, 256, 0, 1, 1, 1, 5, 1000, 3;
1, 256, 0, 0, 0, 0, 5, 1000, 3;
1, 256, 1, 1, 1, 1, 5, 1000, 3;
1, 256, 0, 0, 0, 0, 5, 1000, 3;
1, 256, 0, -1, -1, -1, 4, 999, 2;
1, 256, 0, 0, 0, 0, 5, 1000, 3;
1, 256, 0, -1, -1, -1, 4, 999, 2;
1, 256, 0, 0, 0, 0, 4, 999, 2;
1, 256, 0, 0, 0, 0, 5, 1000, 3;
1, 256, 0, 1, 1, 1, 5, 1000, 3;
1, 256, 0, 0, 0, 0, 5, 1000, 3;
1, 256, 1, 1, 1, 1, 6, 1001, 4;
1, 256, 0, 0, 0, 0, 4, 999, 2;
1, 256, 0, -1, -1, -1, 4, 999, 2;
1, 256, 0, -1, -1, -1, 4, 999, 2;
1, 256, 0, 0, 0, 0, 5, 1000, 3;
1, 256, 1, 1, 1, 1, 6, 1000, 3;
1, 256, 0, 0, 0, 0, 5, 1000, 3;
1, 256, 0, 0, 0, 0, 5, 1000, 3;
1, 256, 0, 0, 0, 0, 5, 1000, 3;
1, 256, 0, 0, 0, 0, 5, 1000, 3;
1, 256, 0, 1, 1, 1, 5, 1000, 3;
1, 256, 0, 0, 0, 0, 5, 1000, 3;
1, 256, 0, -1, -1, -1, 4, 998, 2;
1, 256, 0, -1, -1, -1, 4, 999, 2;
1, 256, 0, -1, -1, -1, 4, 998, 1;
1, 256, 0, -1, -1, -1, 4, 999, 2;
1, 256, 0, -1, -1, -1, 4, 999, 2;
1, 256, 0, 0, 0, 0, 4, 999, 2;
1, 256, 0, 0, 0, 0, 5, 1000, 3;
1, 256, 1, 1, 1, 1, 6, 1000, 4;
1, 256, 0, 0, 0, 0, 5, 1000, 3;
1, 256, 0, -1, -1, -1, 4, 999, 2;
1, 256, 0, 0, 0, 0, 5, 999, 2;
1, 256, 0, 0, 0, 0, 4, 999, 2;
1, 256, 1, 1, 1, 1, 5, 1000, 3;
1, 256, 0, 0, 0, 0, 4, 999, 2;
1, 256, 0, 0, 0, 0, 5, 1000, 3;
1, 256, 0, 0, 0, 0, 5, 1000, 3;
1, 256, 0, -1, -1, -1, 4, 998, 1;
1, 256, 0, 0, 0, 0, 5, 999, 3;
1, 256, 1, 1, 1, 1, 6, 1000, 4;
1, 256, 0, 1, 1, 1, 5, 1000, 3;
1, 256, 0, 0, 0, 0, 5, 999, 3;
1, 256, 0, 0, 0, 0, 4, 999, 2;
1, 256, 0, 1, 1, 1, 5, 1000, 3;
1, 256, 0, -1, -1, -1, 4, 999, 2;
1, 256, 0, 0, 0, 0, 5, 1000, 3;
1, 256, 0, -1, -1, -1, 4, 999, 2;
1, 256, 1, 1, 1, 1, 6, 1001, 4;
1, 256, 0, 0, 0, 0, 5, 1000, 3;
1, 256, 0, 0, 0, 0, 4, 999, 2;
1, 256, 0, 0, 0, 0, 4, 999, 2;
1, 256, 1, 1, 1, 1, 6, 1001, 4;
1, 256, 0, -1, -1, -1, 4, 999, 2;
1, 256, 0, 1, 1, 1, 5, 1000, 3;
1, 256, 0, 1, 1, 1, 5, 1000, 3;
1, 256, 0, 0, 0, 0, 5, 999, 2;
1, 256, 0, 0, 0, 0, 4, 999, 2;
1, 256, 0, -1, -1, -1, 4, 999, 2;
1, 256, 0, 0, 0, 0, 5, 1000, 3;
1, 256, 0, -1, -1, -1, 4, 999, 2;
1, 256, 0, 0, 0, 0, 4, 999, 2;
1, 256, 0, 0, 0, 0, 4, 999, 2;
1, 256, 0, -1, -1, -1, 4, 999, 2;
1, 256, 0, -1, -1, -1, 4, 999, 2;
1, 256, 0, 0, 0, 0, 5, 1000, 3;
1, 256, 0, 0, 0, 0, 5, 1000, 3;
1, 256, 0, 0, 0, 0, 4, 999, 2;
1, 256, 0, 0, 0, 0, 4, 999, 2;
1, 256, 0, -1, -1, -1, 4, 999, 2;
1, 256, 0, 0, 0, 0, 4, 999, 2;
1, 256, 0, -1, -1, -1, 4, 999, 2;
1, 256, 0, -1, -1, -1, 4, 999, 2;
1, 256, 0, 1, 1, 1, 5, 1000, 3;
1, 256, 0, 0, 0, 0, 5, 999, 2;
1, 256, 1, 1, 1, 1, 6, 1001, 4;
1, 256, 0, 0, 0, 0, 4, 999, 2;
1, 256, 0, -1, -1, -1, 4, 999, 2;
1, 256, 0, -1, -1, -1, 4, 998, 1;
1, 256, 0, -1, -1, -1, 4, 999, 2;
1, 256, 1, 1, 1, 1, 6, 1001, 4;
1, 256, 0, 0, 0, 0, 5, 999, 3;
1, 256, 0, -1, -1, -1, 4, 999, 2;
1, 256, 0, 0, 0, 0, 5, 1000, 3;
1, 256, 0, 1, 1, 1, 5, 1000, 3;
1, 256, 0, 0, 0, 0, 5, 999, 2;
1, 256, 0, -1, -1, -1, 4, 998, 2;
1, 256, 0, 0, 0, 0, 4, 999, 2;
1, 256, 0, -1, -1, -1, 4, 999, 2;
1, 256, 0, -1, -1, -1, 4, 999, 2;
1, 256, 0, 0, 0, 0, 5, 1000, 3;
1, 256, 0, -1, -1, -1, 4, 999, 2;
1, 256, 0, 0, 0, 0, 4, 999, 2;
1, 256, 1, 1, 1, 1, 5, 1000, 3;
1, 256, 0, 0, 0, 0, 4, 999, 2;
1, 256, 0, 0, 0, 0, 4, 999, 2;
1, 256, 0, 0, 0, 0, 5, 1000, 3;
1, 256, 0, -1, -1, -1, 4, 998, 2;
1, 256, 0, 1, 1, 1, 5, 1000, 3;
1, 256, 1, 1, 1, 1, 6, 1001, 4;
1, 256, 0, 0, 0, 0, 5, 1000, 3;
1, 256, 1, 1, 1, 1, 6, 1001, 4;
1, 256, 0, 0, 0, 0, 4, 999, 2;
1, 256, 0, 0, 0, 0, 5, 1000, 3;
1, 256, 1, 1, 1, 1, 6, 1000, 4;
1, 256, 0, 0, 0, 0, 5, 1000, 3;
1, 256, 0, 0, 0, 0, 4, 999, 2;
1, 256, 0, 0, 0, 0, 5, 1000, 3;
1, 256, 0, 1, 1, 1, 5, 1000, 3;
1, 256, 0, 0, 0, 0, 5, 999, 3;
1, 256, 0, -1, -1, -1, 4, 999, 2;
1, 256, 0, 0, 0, 0, 5, 1000, 3;
1, 256, 0, 0, 0, 0, 4, 999, 2;
1, 256, 0, -1, -1, -1, 4, 999, 2;
1, 256, 0, -1, -1, -1, 4, 999, 2;
1, 256, 0, -1, -1, -1, 4, 999, 2;
1, 256, 0, 0, 0, 0, 4, 999, 2;
1, 256, 0, 0, 0, 0, 5, 1000, 3;
1, 256, 0, -1, -1, -1, 3, 998, 1;
1, 256, 1, 1, 1, 1, 6, 1001, 4;
1, 256, 0, -1, -1, -1, 3, 998, 1;
1, 256, 0, 0, 0, 0, 4, 999, 2;
1, 256, 0, 0, 0, 0, 4, 999, 2;
1, 256, 0, 0, 0, 0, 5, 1000, 3;
1, 256, 0, 0, 0, 0, 4, 999, 2;
1, 256, 0, -1, -1, -1, 4, 999, 2;
1, 256, 0, 0, 0, 0, 4, 999, 2;
1, 256, 0, 0, 0, 0, 5, 1000, 3;
1, 256, 0, -1, -1, -1, 4, 999, 2;
1, 256, 0, 0, 0, 0, 5, 1000, 3;
1, 256, 0, 1, 1, 1, 5, 1000, 3;
1, 256, 0, 0, 0, 0, 5, 999, 2;
1, 256, 0, 0, 0, 0, 5, 1000, 3;
1, 256, 0, 0, 0, 0, 5, 1000, 3;
1, 256, 0, 0, 0, 0, 4, 999, 2;
1, 256, 0, 0, 0, 0, 5, 999, 2;
1, 256, 0, 0, 0, 0, 5, 1000, 3;
1, 256, 0, 1, 1, 1, 5, 1000, 3;
1, 256, 1, 1, 1, 1, 6, 1000, 4;
1, 256, 0, -1, -1, -1, 4, 999, 2;
1, 256, 0, -1, -1, -1, 4, 998, 1;
1, 256, 0, 0, 0, 0, 5, 1000, 3;
1, 256, 0, -1, -1, -1, 4, 999, 2;
1, 256, 0, -1, -1, -1, 4, 999, 2;
1, 256, 0, 0, 0, 0, 5, 1000, 3;
1, 256, 0, 0, 0, 0, 5, 1000, 3;
1, 256, 0, 0, 0, 0, 4, 999, 2;
1, 256, 0, 1, 1, 1, 5, 1000, 3;
1, 256, 0, 0, 0, 0, 4, 999, 2;
1, 256, 0, 0, 0, 0, 5, 1000, 3;
1, 256, 1, 1, 1, 1, 5, 1000, 3;
1, 256, 1, 1, 1, 1, 6, 1001, 4;
1, 256, 1, 1, 1, 1, 6, 1001, 4;
1, 256, 0, 0, 0, 0, 4, 999, 2;
1, 256, 1, 1, 1, 1, 6, 1001, 4;
1, 256, 0, 0, 0, 0, 5, 1000, 3;
1, 256, 0, 0, 0, 0, 4, 999, 2;
1, 256, 1, 1, 1, 1, 6, 1001, 4;
1, 256, 0, -1, -1, -1, 4, 999, 2;
1, 256, 1, 1, 1, 1, 5, 1000, 3;
1, 256, 0, -1, -1, -1, 3, 998, 1;
1, 256, 0, 0, 0, 0, 5, 1000, 3;
1, 256, 0, 0, 0, 0, 4, 999, 2;
1, 256, 0, 0, 0, 0, 5, 1000, 3;
1, 256, 0, 0, 0, 0, 4, 999, 2;
1, 256, 0, 0, 0, 0, 5, 1000, 3;
1, 256, 0, 0, 0, 0, 4, 999, 2;
1, 256, 0, -1, -1, -1, 4, 998, 1;
1, 256, 0, 0, 0, 0, 4, 999, 2;
1, 256, 0, -1, -1, -1, 4, 999, 2;
1, 256, 0, 0, 0, 0, 5, 1000, 3;
1, 256, 0, 0, 0, 0, 4, 999, 2;
1, 256, 0, -1, -1, -1, 3, 998, 1;
1, 256, 0, 0, 0, 0, 4, 999, 2;
1, 256, 0, 0, 0, 0, 4, 999, 2;
1, 256, 0, 0, 0, 0, 4, 999, 2;
1, 256, 1, 1, 1, 1, 6, 1001, 4;
1, 256, 1, 1, 1, 1, 6, 1000, 4;
1, 256, 0, -1, -1, -1, 3, 998, 1;
1, 256, 0, 0, 0, 0, 4, 999, 2;
1, 256, 0, 0, 0, 0, 5, 1000, 3;
1, 256, 0, -1, -1, -1, 4, 998, 2;
1, 256, 0, -1, -1, -1, 4, 999, 2;
1, 256, 0, -1, -1, -1, 4, 998, 2;
1, 256, 0, 0, 0, 0, 5, 999, 3;
1, 256, 0, -1, -1, -1, 4, 998, 1;
1, 256, 0, 0, 0, 0, 5, 1000, 3;
1, 256, 0, 0, 0, 0, 5, 1000, 3;
1, 256, 0, 0, 0, 0, 5, 1000, 3;
1, 256, 1, 1, 1, 1, 6, 1001, 4;
1, 256, 0, 0, 0, 0, 5, 1000, 3;
1, 256, 0, 0, 0, 0, 5, 1000, 3;
1, 256, 1, 1, 1, 1, 6, 1000, 4;
1, 256, 0, 1, 1, 1, 5, 1000, 3;
1, 256, 1, 1, 1, 1, 6, 1001, 4;
1, 256, 0, 1, 1, 1, 5, 1000, 3;
1, 256, 0, 0, 0, 0, 5, 1000, 3;
1, 256, 0, 0, 0, 0, 5, 1000, 3;
1, 256, 0, 0, 0, 0, 4, 999, 2;
1, 256, 1, 1, 1, 1, 6, 1001, 4;
1, 256, 0, -1, -1, -1, 4, 999, 2;
1, 256, 0, 1, 1, 1, 5, 1000, 3;
1, 256, 0, 0, 0, 0, 5, 999, 3;
1, 256, 0, 0, 0, 0, 4, 999, 2;
1, 256, 0, 0, 0, 0, 5, 999, 3;
1, 256, 0, 0, 0, 0, 5, 1000, 3;
1, 256, 0, -1, -1, -1, 4, 998, 2;
1, 256, 0, 0, 0, 0, 5, 1000, 3;
1, 256, 0, 0, 0, 0, 4, 999, 2;
1, 256, 0, 0, 0, 0, 4, 999, 2;
1, 256, 0, -1, -1, -1, 4, 999, 2;
1, 256, 0, 1, 1, 1, 5, 1000, 3;
1, 256, 0, 0, 0, 0, 5, 1000, 3;
1, 256, 1, 1, 1, 1, 6, 1001, 4;
1, 256, 1, 1, 1, 1, 6, 1001, 4;
1, 256, 0, 0, 0, 0, 4, 999, 2;
1, 256, 0, 0, 0, 0, 5, 1000, 3;
1, 256, 0, -1, -1, -1, 4, 999, 2;
1, 256, 0, 0, 0, 0, 5, 1000, 3;
1, 256, 0, 0, 0, 0, 5, 1000, 3;
1, 256, 0, 0, 0, 0, 5, 1000, 3;
1, 256, 0, 0, 0, 0, 5, 1000, 3;
1, 256, 0, 0, 0, 0, 4, 999, 2;
1, 256, 0, 1, 1, 1, 5, 1000, 3;
1, 256, 0, 0, 0, 0, 4, 999, 2;
1, 256, 0, 0, 0, 0, 5, 1000, 3;
1, 256, 0, 0, 0, 0, 5, 1000, 3;
1, 256, 0, -1, -1, -1, 4, 999, 2;
1, 256, 0, 0, 0, 0, 4, 999, 2;
1, 256, 0, 0, 0, 0, 5, 1000, 3;
1, 256, 0, 0, 0, 0, 4, 999, 2;
1, 256, 0, 0, 0, 0, 4, 999, 2;
1, 256, 1, 1, 1, 1, 6, 1001, 4;
1, 256, 0, 0, 0, 0, 4, 999, 2;
1, 256, 1, 1, 1, 1, 6, 1000, 3;
1, 256, 0, 0, 0, 0, 4, 999, 2;
1, 256, 0, 0, 0, 0, 5, 1000, 3;
1, 256, 1, 1, 1, 1, 6, 1000, 4;
1, 256, 0, -1, -1, -1, 4, 998, 1;
1, 256, 0, 0, 0, 0, 5, 1000, 3;
1, 256, 0, 1, 1, 1, 5, 1000, 3;
1, 256, 0, 0, 0, 0, 5, 1000, 3;
1, 256, 0, 0, 0, 0, 5, 1000, 3;
1, 256, 0, 0, 0, 0, 5, 1000, 3;
1, 256, 0, 0, 0, 0, 5, 1000, 3;
1, 256, 0, 0, 0, 0, 4, 999, 2;
1, 256, 0, 0, 0, 0, 5, 1000, 3;
1, 256, 0, 0, 0, 0, 5, 1000, 3;
1, 256, 0, 0, 0, 0, 4, 999, 2;
1, 256, 0, 0, 0, 0, 4, 999, 2;
1, 256, 1, 1, 1, 1, 6, 1001, 4;
1, 256, 0, -1, -1, -1, 4, 999, 2;
1, 256, 0, 0, 0, 0, 4, 999, 2;
1, 256, 1, 1, 1, 1, 6, 1000, 3;
1, 256, 0, 1, 1, 1, 5, 1000, 3;
1, 256, 0, -1, -1, -1, 4, 999, 2;
1, 256, 0, -1, -1, -1, 4, 999, 2;
1, 256, 0, 0, 0, 0, 4, 999, 2;
1, 256, 0, -1, -1, -1, 4, 999, 2;
1, 256, 0, 0, 0, 0, 5, 1000, 3;
1, 256, 1, 1, 1, 1, 6, 1000, 3;
1, 256, 0, 0, 0, 0, 5, 999, 3;
1, 256, 0, 0, 0, 0, 4, 999, 2;
1, 256, 0, 0, 0, 0, 5, 1000, 3;
1, 256, 0, -1, -1, -1, 4, 998, 2;
1, 256, 1, 1, 1, 1, 5, 1000, 3;
1, 256, 0, 0, 0, 0, 5, 1000, 3;
1, 256, 1, 1, 1, 1, 5, 1000, 3;
1, 256, 0, 0, 0, 0, 5, 1000, 3;
1, 256, 0, 1, 1, 1, 5, 1000, 3;
1, 256, 1, 1, 1, 1, 6, 1000, 4;
1, 256, 0, -1, -1, -1, 4, 999, 2;
0, 256, 0, -1, -1, -1, 3, 998, 1;
1, 256, 0, 1, 1, 1, 5, 1000, 3;
1, 256, 0, 0, 0, 0, 5, 1000, 3;
1, 256, 0, 0, 0, 0, 5, 1000, 3;
1, 256, 0, 1, 1, 1, 5, 1000, 3;
1, 256, 0, -1, -1, -1, 4, 999, 2;
1, 256, 0, 0, 0, 0, 5, 999, 3;
1, 256, 0, -1, -1, -1, 4, 998, 2;
1, 256, 0, -1, -1, -1, 4, 998, 2;
0, 256, 0, -1, -1, -1, 3, 998, 1;
1, 256, 0, 1, 1, 1, 5, 1000, 3;
1, 256, 0, 0, 0, 0, 4, 999, 2;
1, 256, 1, 1, 1, 1, 6, 1001, 4;
1, 256, 0, -1, -1, -1, 4, 999, 2;
1, 256, 0, 0, 0, 0, 4, 999, 2;
1, 256, 0, -1, -1, -1, 4, 999, 2;
1, 256, 0, -1, -1, -1, 4, 999, 2;
1, 256, 0, -1, -1, -1, 4, 999, 2;
1, 256, 1, 1, 1, 1, 6, 1000, 4;
1, 256, 1, 1, 1, 1, 5, 1000, 3;
1, 256, 0, 0, 0, 0, 5, 1000, 3;
1, 256, 0, 0, 0, 0, 5, 1000, 3;
1, 256, 0, 0, 0, 0, 5, 999, 2;
1, 256, 0, 0, 0, 0, 4, 999, 2;
1, 256, 0, 1, 1, 1, 5, 1000, 3;
1, 256, 0, 0, 0, 0, 4, 999, 2;
1, 256, 1, 1, 1, 1, 6, 1001, 4;
1, 256, 0, 1, 1, 1, 5, 1000, 3;
1, 256, 0, -1, -1, -1, 4, 999, 2;
1, 256, 0, 0, 0, 0, 5, 1000, 3;
1, 256, 0, 0, 0, 0, 4, 999, 2;
1, 256, 0, -1, -1, -1, 3, 998, 1;
1, 256, 0, 0, 0, 0, 5, 1000, 3;
1, 256, 1, 1, 1, 1, 6, 1000, 4;
1, 256, 0, -1, -1, -1, 4, 999, 2;
1, 256, 0, 0, 0, 0, 5, 1000, 3;
1, 256, 0, 0, 0, 0, 4, 999, 2;
1, 256, 1, 1, 1, 1, 6, 1001, 4;
1, 256, 0, 0, 0, 0, 4, 999, 2;
1, 256, 1, 1, 1, 1, 5, 1000, 3;
1, 256, 0, -1, -1, -1, 4, 999, 2;
1, 256, 0, 1, 1, 1, 5, 1000, 3;
1, 256, 0, 0, 0, 0, 5, 1000, 3;
1, 256, 0, 0, 0, 0, 4, 999, 2;
1, 256, 1, 1, 1, 1, 5, 1000, 3;
1, 256, 0, -1, -1, -1, 4, 998, 2;
1, 256, 0, 0, 0, 0, 5, 1000, 3;
1, 256, 0, 0, 0, 0, 4, 999, 2;
1, 256, 1, 1, 1, 1, 5, 1000, 3;
1, 256, 0, 0, 0, 0, 4, 999, 2;
1, 256, 1, 1, 1, 1, 6, 1001, 4;
1, 256, 1, 1, 1, 1, 6, 1000, 4;
1, 256, 0, 0, 0, 0, 5, 1000, 3;
1, 256, 0, 0, 0, 0, 4, 999, 2;
1, 256, 0, 0, 0, 0, 5, 1000, 3;
1, 256, 0, 0, 0, 0, 4, 999, 2;
1, 256, 0, -1, -1, -1, 4, 999, 2;
1, 256, 0, 0, 0, 0, 5, 1000, 3;
1, 256, 0, 0, 0, 0, 5, 1000, 3;
1, 256, 1, 1, 1, 1, 6, 1001, 4;
1, 256, 0, 0, 0, 0, 4, 999, 2;
1, 256, 1, 1, 1, 1, 5, 1000, 3;
1, 256, 0, 0, 0, 0, 5, 1000, 3;
1, 256, 0, 1, 1, 1, 5, 1000, 3;
1, 256, 0, -1, -1, -1, 4, 999, 2;
1, 256, 0, 0, 0, 0, 5, 1000, 3;
1, 256, 0, 0, 0, 0, 5, 1000, 3;
1, 256, 1, 1, 1, 1, 6, 1000, 4;
1, 256, 0, 0, 0, 0, 4, 999, 2;
1, 256, 0, 0, 0, 0, 5, 999, 2;
1, 256, 0, 0, 0, 0, 4, 999, 2;
1, 256, 1, 1, 1, 1, 6, 1001, 4;
1, 256, 0, -1, -1, -1, 3, 998, 1;
1, 256, 0, 1, 1, 1, 5, 1000, 3;
1, 256, 0, 0, 0, 0, 5, 1000, 3;
1, 256, 0, -1, -1, -1, 4, 999, 2;
1, 256, 0, -1, -1, -1, 4, 998, 2;
1, 256, 0, 0, 0, 0, 4, 999, 2;
1, 256, 0, 0, 0, 0, 4, 999, 2;
1, 256, 0, 1, 1, 1, 5, 1000, 3;
1, 256, 0, -1, -1, -1, 4, 999, 2;
1, 256, 0, 0, 0, 0, 4, 999, 2;
1, 256, 1, 1, 1, 1, 6, 1001, 4;
1, 256, 0, -1, -1, -1, 4, 998, 2;
1, 256, 0, 0, 0, 0, 4, 999, 2;
1, 256, 0, 0, 0, 0, 5, 1000, 3;
1, 256, 0, 0, 0, 0, 5, 1000, 3;
1, 256, 0, 0, 0, 0, 5, 999, 2;
1, 256, 0, 1, 1, 1, 5, 1000, 3;
1, 256, 0, 0, 0, 0, 5, 1000, 3;
1, 256, 0, -1, -1, -1, 4, 999, 2;
1, 256, 0, 0, 0, 0, 5, 1000, 3;
1, 256, 0, 0, 0, 0, 5, 1000, 3;
1, 256, 1, 1, 1, 1, 6, 1001, 4;
1, 256, 0, -1, -1, -1, 4, 998, 2;
1, 256, 0, 0, 0, 0, 5, 1000, 3;
1, 256, 1, 1, 1, 1, 6, 1001, 4;
1, 256, 0, 0, 0, 0, 5, 1000, 3;
1, 256, 0, 0, 0, 0, 5, 1000, 3;
1, 256, 0, 0, 0, 0, 4, 999, 2;
1, 256, 0, 0, 0, 0, 4, 999, 2;
1, 256, 0, 1, 1, 1, 5, 1000, 3;
1, 256, 0, 0, 0, 0, 5, 1000, 3;
1, 256, 0, -1, -1, -1, 4, 999, 2;
1, 256, 0, 0, 0, 0, 4, 999, 2;
1, 256, 0, 0, 0, 0, 4, 999, 2;
1, 256, 0, 1, 1, 1, 5, 1000, 3;
1, 256, 0, 1, 1, 1, 5, 1000, 3;
1, 256, 0, -1, -1, -1, 4, 998, 2;
1, 256, 0, 0, 0, 0, 4, 999, 2;
1, 256, 1, 1, 1, 1, 6, 1000, 4;
1, 256, 0, 0, 0, 0, 5, 1000, 3;
1, 256, 0, 1, 1, 1, 5, 1000, 3;
1, 256, 0, 0, 0, 0, 4, 999, 2;
1, 256, 0, 0, 0, 0, 5, 1000, 3;
1, 256, 0, 0, 0, 0, 4, 999, 2;
1, 256, 0, -1, -1, -1, 4, 999, 2;
1, 256, 0, -1, -1, -1, 4, 998, 1;
1, 256, 1, 1, 1, 1, 5, 1000, 3;
1, 256, 0, 0, 0, 0, 5, 999, 2;
1, 256, 0, 0, 0, 0, 4, 999, 2;
1, 256, 0, 0, 0, 0, 5, 1000, 3;
1, 256, 0, 0, 0, 0, 4, 999, 2;
1, 256, 0, -1, -1, -1, 3, 998, 1;
1, 256, 1, 1, 1, 1, 6, 1000, 3;
1, 256, 1, 1, 1, 1, 6, 1001, 4;
1, 256, 0, 0, 0, 0, 4, 999, 2;
1, 256, 0, 0, 0, 0, 4, 999, 2;
1, 256, 0, 0, 0, 0, 4, 999, 2;
1, 256, 0, -1, -1, -1, 4, 999, 2;
1, 256, 0, 0, 0, 0, 5, 1000, 3;
1, 256, 0, -1, -1, -1, 4, 999, 2;
1, 256, 1, 1, 1, 1, 5, 1000, 3;
1, 256, 0, 0, 0, 0, 5, 1000, 3;
1, 256, 0, 0, 0, 0, 5, 1000, 3;
1, 256, 0, -1, -1, -1, 3, 998, 1;
1, 256, 0, 0, 0, 0, 5, 1000, 3;
1, 256, 0, -1, -1, -1, 4, 999, 2;
1, 256, 0, 0, 0, 0, 5, 1000, 3;
1, 256, 0, -1, -1, -1, 4, 999, 2;
1, 256, 0, 0, 0, 0, 5, 999, 3;
1, 256, 0, 1, 1, 1, 5, 1000, 3;
1, 256, 0, -1, -1, -1, 4, 999, 2;
1, 256, 0, -1, -1, -1, 4, 999, 2;
1, 256, 0, 0, 0, 0, 4, 999, 2;
0, 256, 0, -1, -1, -1, 3, 998, 1;
1, 256, 1, 1, 1, 1, 6, 1000, 3;
1, 256, 0, 1, 1, 1, 5, 1000, 3;
1, 256, 0, 0, 0, 0, 5, 1000, 3;
1, 256, 0, 0, 0, 0, 5, 1000, 3;
1, 256, 0, 0, 0, 0, 5, 1000, 3;
0, 256, 0, -1, -1, -1, 3, 998, 1;
1, 256, 0, 0, 0, 0, 4, 999, 2;
1, 256, 0, 0, 0, 0, 5, 1000, 3;
1, 256, 0, -1, -1, -1, 4, 999, 2;
1, 256, 0, -1, -1, -1, 3, 998, 1;
1, 256, 0, 0, 0, 0, 5, 1000, 3;
1, 256, 0, 0, 0, 0, 4, 999, 2;
1, 256, 0, 0, 0, 0, 4, 999, 2;
1, 256, 0, -1, -1, -1, 4, 999, 2;
1, 256, 0, 0, 0, 0, 4, 999, 2;
1, 256, 0, 0, 0, 0, 4, 999, 2;
1, 256, 0, -1, -1, -1, 3, 998, 1;
1, 256, 0, -1, -1, -1, 4, 999, 2;
0, 256, 0, -1, -1, -1, 3, 998, 1;
1, 256, 0, 0, 0, 0, 4, 999, 2;
1, 256, 0, 0, 0, 0, 4, 999, 2;
1, 256, 0, -1, -1, -1, 3, 998, 1;
1, 256, 0, -1, -1, -1, 4, 999, 2;
1, 256, 0, -1, -1, -1, 4, 999, 2;
1, 256, 0, 0, 0, 0, 5, 1000, 3;
1, 256, 0, 0, 0, 0, 5, 999, 3;
1, 256, 1, 1, 1, 1, 6, 1001, 4;
1, 256, 0, 1, 1, 1, 5, 1000, 3;
1, 256, 0, 0, 0, 0, 5, 1000, 3;
1, 256, 0, -1, -1, -1, 4, 999, 2;
1, 256, 0, -1, -1, -1, 4, 999, 2;
1, 256, 0, 0, 0, 0, 4, 999, 2;
1, 256, 0, 0, 0, 0, 4, 999, 2;
1, 256, 0, -1, -1, -1, 4, 999, 2;
1, 256, 0, 0, 0, 0, 5, 1000, 3;
1, 256, 1, 1, 1, 1, 6, 1001, 4;
1, 256, 0, 1, 1, 1, 5, 1000, 3;
1, 256, 0, 0, 0, 0, 5, 1000, 3;
1, 256, 0, 1, 1, 1, 5, 1000, 3;
1, 256, 0, 0, 0, 0, 4, 999, 2;
1, 256, 0, -1, -1, -1, 3, 998, 1;
1, 256, 0, -1, -1, -1, 4, 999, 2;
1, 256, 0, -1, -1, -1, 4, 999, 2;
1, 256, 0, 0, 0, 0, 4, 999, 2;
1, 256, 0, -1, -1, -1, 4, 999, 2;
1, 256, 0, 0, 0, 0, 4, 999, 2;
1, 256, 0, 0, 0, 0, 4, 999, 2;
1, 256, 1, 1, 1, 1, 6, 1001, 4;
1, 256, 0, 0, 0, 0, 5, 1000, 3;
1, 256, 0, 0, 0, 0, 5, 1000, 3;
1, 256, 0, 0, 0, 0, 4, 999, 2;
1, 256, 0, 0, 0, 0, 5, 1000, 3;
1, 256, 0, 0, 0, 0, 5, 1000, 3;
1, 256, 0, 0, 0, 0, 4, 999, 2;
1, 256, 0, 0, 0, 0, 4, 999, 2;
1, 256, 0, 0, 0, 0, 4, 999, 2;
1, 256, 0, 1, 1, 1, 5, 1000, 3;
1, 256, 0, -1, -1, -1, 3, 998, 1;
1, 256, 0, 0, 0, 0, 5, 1000, 3;
1, 256, 0, 1, 1, 1, 5, 1000, 3;
1, 256, 0, 0, 0, 0, 5, 1000, 3;
1, 256, 0, 0, 0, 0, 5, 1000, 3;
1, 256, 0, -1, -1, -1, 3, 998, 1;
1, 256, 1, 1, 1, 1, 5, 1000, 3;
1, 256, 1, 1, 1, 1, 6, 1000, 4;
1, 256, 1, 1, 1, 1, 6, 1001, 4;
1, 256, 0, 0, 0, 0, 5, 1000, 3;
1, 256, 0, 0, 0, 0, 5, 999, 2;
1, 256, 0, -1, -1, -1, 4, 999, 2;
1, 256, 0, 0, 0, 0, 5, 1000, 3;
1, 256, 1, 1, 1, 1, 6, 1001, 4;
1, 256, 0, 1, 1, 1, 5, 1000, 3;
1, 256, 0, 1, 1, 1, 5, 1000, 3;
1, 256, 0, 0, 0, 0, 5, 1000, 3;
1, 256, 0, 0, 0, 0, 5, 1000, 3;
1, 256, 0, 0, 0, 0, 4, 999, 2;
1, 256, 0, -1, -1, -1, 4, 998, 2;
1, 256, 0, 0, 0, 0, 5, 1000, 3;
1, 256, 0, 1, 1, 1, 5, 1000, 3;
1, 256, 1, 1, 1, 1, 5, 1000, 3;
1, 256, 0, -1, -1, -1, 4, 999, 2;
1, 256, 1, 1, 1, 1, 5, 1000, 3;
1, 256, 0, 0, 0, 0, 5, 1000, 3;
1, 256, 0, 0, 0, 0, 5, 999, 3;
1, 256, 1, 1, 1, 1, 6, 1000, 4;
1, 256, 0, 0, 0, 0, 4, 999, 2;
1, 256, 0, 0, 0, 0, 4, 999, 2;
1, 256, 0, 0, 0, 0, 5, 1000, 3;
1, 256, 0, 0, 0, 0, 4, 999, 2;
1, 256, 0, 1, 1, 1, 5, 1000, 3;
1, 256, 0, 0, 0, 0, 4, 999, 2;
1, 256, 1, 1, 1, 1, 6, 1001, 4;
1, 256, 1, 1, 1, 1, 6, 1001, 4;
1, 256, 0, 0, 0, 0, 4, 999, 2;
1, 256, 0, -1, -1, -1, 4, 999, 2;
1, 256, 0, 0, 0, 0, 4, 999, 2;
1, 256, 0, -1, -1, -1, 4, 999, 2;
1, 256, 1, 1, 1, 1, 5, 1000, 3;
1, 256, 0, -1, -1, -1, 4, 998, 2;
1, 256, 0, 0, 0, 0, 5, 1000, 3;
1, 256, 0, 0, 0, 0, 4, 999, 2;
1, 256, 0, -1, -1, -1, 4, 998, 2;
1, 256, 0, 0, 0, 0, 4, 999, 2;
1, 256, 0, 0, 0, 0, 4, 999, 2;
1, 256, 1, 1, 1, 1, 6, 1001, 4;
1, 256, 0, 0, 0, 0, 4, 999, 2;
0, 256, 0, -1, -1, -1, 3, 998, 1;
1, 256, 0, 0, 0, 0, 5, 1000, 3;
1, 256, 0, -1, -1, -1, 4, 999, 2;
1, 256, 0, 0, 0, 0, 4, 999, 2;
1, 256, 1, 1, 1, 1, 6, 1001, 4;
1, 256, 0, -1, -1, -1, 4, 999, 2;
1, 256, 0, -1, -1, -1, 3, 998, 1;
1, 256, 1, 1, 1, 1, 6, 1001, 4;
1, 256, 0, 0, 0, 0, 4, 999, 2;
1, 256, 0, -1, -1, -1, 3, 998, 1;
1, 256, 0, 0, 0, 0, 4, 999, 2;
1, 256, 0, 0, 0, 0, 5, 1000, 3;
1, 256, 0, 0, 0, 0, 5, 1000, 3;
1, 256, 1, 1, 1, 1, 6, 1001, 4;
1, 256, 0, 0, 0, 0, 5, 1000, 3;
1, 256, 0, -1, -1, -1, 3, 998, 1;
1, 256, 0, 0, 0, 0, 4, 999, 2;
1, 256, 0, 0, 0, 0, 5, 1000, 3;
1, 256, 0, 0, 0, 0, 5, 1000, 3;
1, 256, 1, 1, 1, 1, 5, 1000, 3;
1, 256, 0, 0, 0, 0, 5, 1000, 3;
1, 256, 0, 1, 1, 1, 5, 1000, 3;
1, 256, 0, 0, 0, 0, 5, 1000, 3;
1, 256, 1, 1, 1, 1, 6, 1000, 3;
1, 256, 0, -1, -1, -1, 3, 998, 1;
1, 256, 0, 0, 0, 0, 4, 999, 2;
1, 256, 0, 0, 0, 0, 5, 1000, 3;
1, 256, 1, 1, 1, 1, 6, 1001, 4;
1, 256, 0, 0, 0, 0, 5, 1000, 3;
1, 256, 0, -1, -1, -1, 4, 999, 2;
1, 256, 0, 0, 0, 0, 5, 1000, 3;
1, 256, 0, 0, 0, 0, 5, 1000, 3;
1, 256, 0, 1, 1, 1, 5, 1000, 3;
1, 256, 0, 0, 0, 0, 5, 1000, 3;
1, 256, 0, -1, -1, -1, 4, 999, 2;
1, 256, 0, 0, 0, 0, 4, 999, 2;
1, 256, 0, 0, 0, 0, 5, 1000, 3;
1, 256, 0, -1, -1, -1, 4, 999, 2;
1, 256, 0, 0, 0, 0, 5, 1000, 3;
1, 256, 0, 0, 0, 0, 4, 999, 2;
1, 256, 0, -1, -1, -1, 3, 998, 1;
1, 256, 0, -1, -1, -1, 4, 998, 2;
1, 256, 0, 0, 0, 0, 4, 999, 2;
1, 256, 0, 0, 0, 0, 4, 999, 2;
1, 256, 0, -1, -1, -1, 4, 999, 2;
0, 256, 0, -1, -1, -1, 3, 998, 1;
1, 256, 0, 0, 0, 0, 5, 1000, 3;
1, 256, 0, 0, 0, 0, 5, 1000, 3;
1, 256, 0, 0, 0, 0, 5, 999, 3;
1, 256, 0, -1, -1, -1, 4, 998, 2;
1, 256, 0, -1, -1, -1, 4, 998, 1;
1, 256, 0, 0, 0, 0, 5, 1000, 3;
1, 256, 1, 1, 1, 1, 5, 1000, 3;
1, 256, 0, 0, 0, 0, 5, 999, 3;
1, 256, 1, 1, 1, 1, 6, 1001, 4;
1, 256, 1, 1, 1, 1, 6, 1000, 4;
1, 256, 0, 0, 0, 0, 5, 1000, 3;
1, 256, 0, 0, 0, 0, 4, 999, 2;
1, 256, 0, 0, 0, 0, 5, 1000, 3;
1, 256, 1, 1, 1, 1, 6, 1000, 3;
1, 256, 1, 1, 1, 1, 6, 1001, 4;
1, 256, 1, 1, 1, 1, 6, 1001, 4;
1, 256, 0, 0, 0, 0, 4, 999, 2;
1, 256, 0, 0, 0, 0, 4, 999, 2;
1, 256, 0, 0, 0, 0, 5, 1000, 3;
1, 256, 0, -1, -1, -1, 4, 999, 2;
1, 256, 1, 1, 1, 1, 5, 1000, 3;
1, 256, 0, 0, 0, 0, 5, 1000, 3;
1, 256, 0, 0, 0, 0, 5, 1000, 3;
1, 256, 1, 1, 1, 1, 6, 1001, 4;
1, 256, 0, 0, 0, 0, 5, 1000, 3;
1, 256, 0, 0, 0, 0, 5, 1000, 3;
1, 256, 0, 0, 0, 0, 5, 999, 2;
1, 256, 0, 0, 0, 0, 5, 999, 3;
1, 256, 0, 0, 0, 0, 4, 999, 2;
1, 256, 0, 0, 0, 0, 4, 999, 2;
1, 256, 0, 0, 0, 0, 4, 999, 2;
1, 256, 0, -1, -1, -1, 4, 999, 2;
1, 256, 0, 1, 1, 1, 5, 1000, 3;
1, 256, 0, 0, 0, 0, 5, 1000, 3;
1, 256, 0, -1, -1, -1, 4, 999, 2;
1, 256, 0, 0, 0, 0, 4, 999, 2;
1, 256, 0, -1, -1, -1, 4, 999, 2;
1, 256, 0, 0, 0, 0, 4, 999, 2;
1, 256, 0, -1, -1, -1, 4, 999, 2;
1, 256, 0, 0, 0, 0, 4, 999, 2;
1, 256, 0, 0, 0, 0, 5, 1000, 3;
1, 256, 1, 1, 1, 1, 6, 1001, 4;
1, 256, 0, 0, 0, 0, 5, 1000, 3;
1, 256, 0, -1, -1, -1, 4, 998, 2;
1, 256, 0, -1, -1, -1, 4, 999, 2;
1, 256, 0, -1, -1, -1, 3, 998, 1;
1, 256, 0, -1, -1, -1, 4, 999, 2;
1, 256, 1, 1, 1, 1, 6, 1001, 4;
1, 256, 1, 1, 1, 1, 5, 1000, 3;
1, 256, 0, 1, 1, 1, 5, 1000, 3;
1, 256, 0, 0, 0, 0, 5, 1000, 3;
1, 256, 0, 0, 0, 0, 5, 1000, 3;
1, 256, 0, -1, -1, -1, 3, 998, 1;
1, 256, 1, 1, 1, 1, 6, 1000, 4;
1, 256, 0, 0, 0, 0, 5, 1000, 3;
1, 256, 0, 1, 1, 1, 5, 1000, 3;
1, 256, 0, 0, 0, 0, 5, 999, 2;
1, 256, 0, 0, 0, 0, 5, 1000, 3;
1, 256, 0, -1, -1, -1, 4, 999, 2;
1, 256, 0, 0, 0, 0, 5, 1000, 3;
1, 256, 0, 0, 0, 0, 5, 1000, 3;
1, 256, 0, 0, 0, 0, 5, 1000, 3;
1, 256, 0, -1, -1, -1, 4, 999, 2;
1, 256, 0, -1, -1, -1, 4, 999, 2;
1, 256, 1, 1, 1, 1, 5, 1000, 3;
1, 256, 0, 0, 0, 0, 5, 1000, 3;
1, 256, 0, -1, -1, -1, 4, 999, 2;
1, 256, 0, 0, 0, 0, 4, 999, 2;
1, 256, 0, 0, 0, 0, 4, 999, 2;
1, 256, 0, 0, 0, 0, 4, 999, 2;
1, 256, 0, 0, 0, 0, 4, 999, 2;
1, 256, 0, 0, 0, 0, 5, 1000, 3;
1, 256, 1, 1, 1, 1, 6, 1001, 4;
1, 256, 0, 0, 0, 0, 4, 999, 2;
1, 256, 0, 1, 1, 1, 5, 1000, 3;
1, 256, 0, -1, -1, -1, 4, 999, 2;
1, 256, 0, 1, 1, 1, 5, 1000, 3;
1, 256, 0, 0, 0, 0, 5, 999, 3;
1, 256, 0, -1, -1, -1, 4, 999, 2;
1, 256, 0, 0, 0, 0, 5, 999, 2;
1, 256, 0, 1, 1, 1, 5, 1000, 3;
1, 256, 0, 1, 1, 1, 5, 1000, 3;
1, 256, 0, 1, 1, 1, 5, 1000, 3;
1, 256, 0, 0, 0, 0, 5, 1000, 3;
1, 256, 0, 0, 0, 0, 5, 1000, 3;
1, 256, 0, 1, 1, 1, 5, 1000, 3;
1, 256, 0, -1, -1, -1, 4, 998, 2;
1, 256, 0, -1, -1, -1, 4, 999, 2;
1, 256, 1, 1, 1, 1, 5, 1000, 3;
1, 256, 0, 1, 1, 1, 5, 1000, 3;
1, 256, 1, 1, 1, 1, 6, 1000, 4;
1, 256, 0, 0, 0, 0, 4, 999, 2;
1, 256, 0, 0, 0, 0, 4, 999, 2;
1, 256, 1, 1, 1, 1, 6, 1001, 4;
1, 256, 0, 0, 0, 0, 5, 1000, 3;
1, 256, 0, 0, 0, 0, 4, 999, 2;
1, 256, 0, -1, -1, -1, 4, 999, 2;
1, 256, 0, 0, 0, 0, 5, 999, 2;
1, 256, 0, 1, 1, 1, 5, 1000, 3;
1, 256, 1, 1, 1, 1, 6, 1000, 4;
1, 256, 0, 0, 0, 0, 5, 1000, 3;
1, 256, 0, 0, 0, 0, 4, 999, 2;
1, 256, 0, 0, 0, 0, 5, 999, 2;
1, 256, 1, 1, 1, 1, 6, 1000, 4;
1, 256, 0, 0, 0, 0, 5, 1000, 3;
1, 256, 0, -1, -1, -1, 4, 999, 2;
1, 256, 0, -1, -1, -1, 4, 999, 2;
1, 256, 0, 0, 0, 0, 4, 999, 2;
1, 256, 0, 0, 0, 0, 4, 999, 2;
1, 256, 0, 0, 0, 0, 5, 1000, 3;
1, 256, 0, 1, 1, 1, 5, 1000, 3;
1, 256, 0, 1, 1, 1, 5, 1000, 3;
1, 256, 0, -1, -1, -1, 4, 999, 2;
1, 256, 0, 0, 0, 0, 5, 1000, 3;
1, 256, 0, -1, -1, -1, 4, 998, 2;
1, 256, 0, 0, 0, 0, 5, 1000, 3;
1, 256, 0, -1, -1, -1, 4, 999, 2;
1, 256, 0, 0, 0, 0, 5, 1000, 3;
1, 256, 0, 0, 0, 0, 4, 999, 2;
1, 256, 0, 0, 0, 0, 4, 999, 2;
1, 256, 1, 1, 1, 1, 6, 1001, 4;
1, 256, 0, 0, 0, 0, 5, 1000, 3;
1, 256, 0, 0, 0, 0, 5, 1000, 3;
1, 256, 0, -1, -1, -1, 4, 999, 2;
1, 256, 0, -1, -1, -1, 4, 999, 2;
1, 256, 0, 0, 0, 0, 5, 1000, 3;
1, 256, 0, -1, -1, -1, 4, 999, 2;
1, 256, 0, -1, -1, -1, 4, 999, 2;
1, 256, 0, 1, 1, 1, 5, 1000, 3;
1, 256, 0, 1, 1, 1, 5, 1000, 3;
1, 256, 0, 0, 0, 0, 5, 999, 2;
1, 256, 1, 1, 1, 1, 6, 1001, 4;
1, 256, 0, 0, 0, 0, 5, 1000, 3;
1, 256, 0, 0, 0, 0, 4, 999, 2;
1, 256, 0, 0, 0, 0, 4, 999, 2;
1, 256, 0, 0, 0, 0, 5, 1000, 3;
1, 256, 0, 0, 0, 0, 4, 999, 2;
1, 256, 0, 0, 0, 0, 4, 999, 2;
1, 256, 0, 0, 0, 0, 4, 999, 2;
1, 256, 1, 1, 1, 1, 5, 1000, 3;
1, 256, 0, 0, 0, 0, 5, 1000, 3;
1, 256, 0, 0, 0, 0, 4, 999, 2;
1, 256, 0, 0, 0, 0, 4, 999, 2;
1, 256, 0, 0, 0, 0, 5, 1000, 3;
1, 256, 0, 0, 0, 0, 5, 999, 2;
1, 256, 0, 1, 1, 1, 5, 1000, 3;
1, 256, 0, 0, 0, 0, 4, 999, 2;
1, 256, 0, 0, 0, 0, 4, 999, 2;
1, 256, 0, -1, -1, -1, 3, 998, 1;
1, 256, 0, 1, 1, 1, 5, 1000, 3;
1, 256, 0, 0, 0, 0, 4, 999, 2;
1, 256, 0, -1, -1, -1, 4, 999, 2;
1, 256, 0, 0, 0, 0, 4, 999, 2;
1, 256, 0, -1, -1, -1, 4, 999, 2;
1, 256, 0, 0, 0, 0, 4, 999, 2;
1, 256, 0, 0, 0, 0, 4, 999, 2;
1, 256, 1, 1, 1, 1, 6, 1001, 4;
1, 256, 0, 0, 0, 0, 4, 999, 2;
1, 256, 0, 0, 0, 0, 4, 999, 2;
1, 256, 0, 0, 0, 0, 5, 1000, 3;
1, 256, 0, 0, 0, 0, 5, 1000, 3;
1, 256, 0, -1, -1, -1, 3, 998, 1;
1, 256, 0, -1, -1, -1, 4, 999, 2;
1, 256, 0, -1, -1, -1, 3, 998, 1;
1, 256, 0, 0, 0, 0, 5, 1000, 3;
1, 256, 0, -1, -1, -1, 4, 998, 2;
1, 256, 0, 0, 0, 0, 4, 999, 2;
1, 256, 0, -1, -1, -1, 4, 999, 2;
1, 256, 0, 0, 0, 0, 4, 999, 2;
1, 256, 1, 1, 1, 1, 5, 1000, 3;
1, 256, 0, 0, 0, 0, 4, 999, 2;
1, 256, 0, 0, 0, 0, 4, 999, 2;
1, 256, 1, 1, 1, 1, 5, 1000, 3;
1, 256, 0, 0, 0, 0, 4, 999, 2;
1, 256, 0, 1, 1, 1, 5, 1000, 3;
1, 256, 0, 0, 0, 0, 4, 999, 2;
1, 256, 0, 0, 0, 0, 5, 1000, 3;
1, 256, 0, 0, 0, 0, 4, 999, 2;
1, 256, 0, 0, 0, 0, 5, 1000, 3;
1, 256, 0, 0, 0, 0, 5, 1000, 3;
1, 256, 0, -1, -1, -1, 4, 998, 1;
1, 256, 0, 0, 0, 0, 5, 1000, 3;
1, 256, 1, 1, 1, 1, 6, 1001, 4;
1, 256, 0, 0, 0, 0, 5, 999, 3;
1, 256, 1, 1, 1, 1, 6, 1001, 4;
1, 256, 0, 0, 0, 0, 5, 1000, 3;
1, 256, 0, -1, -1, -1, 4, 999, 2;
1, 256, 1, 1, 1, 1, 6, 1001, 4;
1, 256, 0, 1, 1, 1, 5, 1000, 3;
1, 256, 0, 0, 0, 0, 4, 999, 2;
1, 256, 0, -1, -1, -1, 4, 999, 2;
1, 256, 0, 1, 1, 1, 5, 1000, 3;
1, 256, 1, 1, 1, 1, 6, 1000, 3;
1, 256, 0, 1, 1, 1, 5, 1000, 3;
1, 256, 0, -1, -1, -1, 4, 999, 2;
1, 256, 0, 0, 0, 0, 4, 999, 2;
1, 256, 0, 0, 0, 0, 4, 999, 2;
1, 256, 0, 0, 0, 0, 5, 1000, 3;
1, 256, 0, -1, -1, -1, 4, 999, 2;
1, 256, 0, 0, 0, 0, 4, 999, 2;
1, 256, 0, 1, 1, 1, 5, 1000, 3;
1, 256, 0, 0, 0, 0, 5, 1000, 3;
1, 256, 0, 0, 0, 0, 5, 1000, 3;
1, 256, 0, 0, 0, 0, 5, 1000, 3;
1, 256, 0, 0, 0, 0, 5, 1000, 3;
1, 256, 0, -1, -1, -1, 4, 999, 2;
1, 256, 0, 0, 0, 0, 4, 999, 2;
1, 256, 0, 0, 0, 0, 4, 999, 2;
1, 256, 0, 0, 0, 0, 5, 999, 2;
1, 256, 0, 1, 1, 1, 5, 1000, 3;
1, 256, 0, -1, -1, -1, 4, 999, 2;
1, 256, 0, -1, -1, -1, 3, 998, 1;
1, 256, 0, -1, -1, -1, 4, 998, 2;
1, 256, 0, 0, 0, 0, 4, 999, 2;
1, 256, 0, 0, 0, 0, 5, 1000, 3;
1, 256, 0, -1, -1, -1, 4, 999, 2;
1, 256, 0, 0, 0, 0, 5, 999, 3;
1, 256, 0, -1, -1, -1, 4, 999, 2;
1, 256, 0, 0, 0, 0, 5, 999, 2;
1, 256, 0, -1, -1, -1, 3, 998, 1;
1, 256, 0, 0, 0, 0, 4, 999, 2;
1, 256, 0, 0, 0, 0, 5, 1000, 3;
1, 256, 0, 0, 0, 0, 4, 999, 2;
1, 256, 0, 1, 1, 1, 5, 1000, 3;
1, 256, 1, 1, 1, 1, 6, 1001, 4;
1, 256, 0, 0, 0, 0, 5, 1000, 3;
1, 256, 0, 0, 0, 0, 4, 999, 2;
1, 256, 0, -1, -1, -1, 4, 999, 2;
1, 256, 0, 1, 1, 1, 5, 1000, 3;
1, 256, 0, 0, 0, 0, 5, 1000, 3;
1, 256, 0, 0, 0, 0, 5, 1000, 3;
1, 256, 0, 1, 1, 1, 5, 1000, 3;
1, 256, 0, 0, 0, 0, 5, 1000, 3;
1, 256, 0, 0, 0, 0, 4, 999, 2;
1, 256, 0, -1, -1, -1, 4, 999, 2;
1, 256, 0, 0, 0, 0, 5, 1000, 3;
1, 256, 0, 0, 0, 0, 5, 1000, 3;
1, 256, 0, -1, -1, -1, 3, 998, 1;
1, 256, 0, 0, 0, 0, 5, 1000, 3;
1, 256, 0, -1, -1, -1, 4, 998, 2;
1, 256, 0, 0, 0, 0, 5, 1000, 3;
1, 256, 0, 1, 1, 1, 5, 1000, 3;
1, 256, 0, 0, 0, 0, 5, 1000, 3;
1, 256, 0, 1, 1, 1, 5, 1000, 3;
1, 256, 0, 0, 0, 0, 4, 999, 2;
1, 256, 0, 0, 0, 0, 4, 999, 2;
1, 256, 0, 0, 0, 0, 5, 1000, 3;
1, 256, 0, -1, -1, -1, 4, 999, 2;
1, 256, 1, 1, 1, 1, 6, 1001, 4;
1, 256, 0, 0, 0, 0, 5, 1000, 3;
1, 256, 0, 0, 0, 0, 4, 999, 2;
1, 256, 0, -1, -1, -1, 4, 998, 2;
1, 256, 1, 1, 1, 1, 6, 1001, 4;
1, 256, 0, -1, -1, -1, 3, 998, 1;
1, 256, 0, 0, 0, 0, 5, 1000, 3;
1, 256, 0, -1, -1, -1, 4, 999, 2;
1, 256, 0, 0, 0, 0, 5, 999, 3;
1, 256, 0, -1, -1, -1, 4, 999, 2;
1, 256, 0, -1, -1, -1, 4, 999, 2;
1, 256, 1, 1, 1, 1, 6, 1001, 4;
1, 256, 0, -1, -1, -1, 4, 999, 2;
1, 256, 0, -1, -1, -1, 4, 999, 2;
1, 256, 0, -1, -1, -1, 3, 998, 1;
1, 256, 0, 0, 0, 0, 5, 999, 3;
1, 256, 0, -1, -1, -1, 3, 998, 1;
1, 256, 0, 0, 0, 0, 4, 999, 2;
1, 256, 0, 0, 0, 0, 5, 999, 3;
1, 256, 0, 0, 0, 0, 5, 1000, 3;
1, 256, 0, 0, 0, 0, 4, 999, 2;
1, 256, 0, 0, 0, 0, 4, 999, 2;
1, 256, 0, 0, 0, 0, 5, 1000, 3;
1, 256, 0, 0, 0, 0, 5, 1000, 3;
1, 256, 0, 1, 1, 1, 5, 1000, 3;
1, 256, 0, 0, 0, 0, 4, 999, 2;
1, 256, 0, 0, 0, 0, 5, 1000, 3;
1, 256, 0, 0, 0, 0, 5, 1000, 3;
1, 256, 0, 1, 1, 1, 5, 1000, 3;
1, 256, 0, 0, 0, 0, 5, 999, 3;
1, 256, 0, 0, 0, 0, 5, 1000, 3;
1, 256, 1, 1, 1, 1, 6, 1001, 4;
1, 256, 0, -1, -1, -1, 4, 999, 2;
1, 256, 0, 1, 1, 1, 5, 1000, 3;
1, 256, 1, 1, 1, 1, 6, 1001, 4;
1, 256, 0, 1, 1, 1, 5, 1000, 3;
1, 256, 0, 0, 0, 0, 5, 1000, 3;
1, 256, 0, -1, -1, -1, 3, 998, 1;
1, 256, 0, 0, 0, 0, 5, 1000, 3;
1, 256, 0, 0, 0, 0, 5, 1000, 3;
1, 256, 0, -1, -1, -1, 4, 999, 2;
1, 256, 0, 1, 1, 1, 5, 1000, 3;
1, 256, 0, 0, 0, 0, 5, 1000, 3;
1, 256, 0, 0, 0, 0, 4, 999, 2;
1, 256, 0, -1, -1, -1, 4, 999, 2;
1, 256, 0, -1, -1, -1, 4, 999, 2;
1, 256, 0, 0, 0, 0, 5, 1000, 3;
1, 256, 0, -1, -1, -1, 4, 999, 2;
1, 256, 1, 1, 1, 1, 6, 1001, 4;
1, 256, 0, 1, 1, 1, 5, 1000, 3;
1, 256, 1, 1, 1, 1, 6, 1001, 4;
1, 256, 0, -1, -1, -1, 3, 998, 1;
1, 256, 0, 0, 0, 0, 4, 999, 2;
1, 256, 0, -1, -1, -1, 4, 999, 2;
1, 256, 1, 1, 1, 1, 6, 1001, 4;
1, 256, 0, 1, 1, 1, 5, 1000, 3;
1, 256, 0, 0, 0, 0, 5, 1000, 3;
1, 256, 0, -1, -1, -1, 3, 998, 1;
1, 256, 0, 0, 0, 0, 4, 999, 2;
1, 256, 0, 0, 0, 0, 5, 1000, 3;
1, 256, 0, 0, 0, 0, 5, 1000, 3;
1, 256, 0, -1, -1, -1, 3, 998, 1;
1, 256, 0, 0, 0, 0, 5, 1000, 3;
1, 256, 0, 0, 0, 0, 5, 1000, 3;
1, 256, 1, 1, 1, 1, 6, 1001, 4;
1, 256, 0, 0, 0, 0, 5, 1000, 3;
1, 256, 0, 0, 0, 0, 5, 1000, 3;
1, 256, 0, 0, 0, 0, 5, 1000, 3;
1, 256, 0, 0, 0, 0, 5, 1000, 3;
1, 256, 0, 0, 0, 0, 4, 999, 2;
1, 256, 0, -1, -1, -1, 4, 998, 2;
1, 256, 0, 0, 0, 0, 5, 1000, 3;
1, 256, 0, 0, 0, 0, 5, 1000, 3;
1, 256, 0, -1, -1, -1, 4, 998, 2;
1, 256, 0, -1, -1, -1, 4, 999, 2;
1, 256, 0, 0, 0, 0, 4, 999, 2;
1, 256, 0, 0, 0, 0, 4, 999, 2;
1, 256, 0, 0, 0, 0, 4, 999, 2;
1, 256, 1, 1, 1, 1, 6, 1001, 4;
1, 256, 0, -1, -1, -1, 4, 999, 2;
1, 256, 0, 0, 0, 0, 5, 1000, 3;
1, 256, 0, 0, 0, 0, 5, 1000, 3;
1, 256, 1, 1, 1, 1, 6, 1001, 4;
1, 256, 0, 0, 0, 0, 5, 1000, 3;
1, 256, 0, 0, 0, 0, 5, 1000, 3;
1, 256, 1, 1, 1, 1, 6, 1001, 4;
1, 256, 0, 0, 0, 0, 5, 1000, 3;
1, 256, 0, 1, 1, 1, 5, 1000, 3;
1, 256, 0, 0, 0, 0, 5, 1000, 3;
1, 256, 0, 0, 0, 0, 5, 1000, 3;
1, 256, 0, 0, 0, 0, 4, 999, 2;
1, 256, 0, 1, 1, 1, 5, 1000, 3;
1, 256, 0, 0, 0, 0, 5, 1000, 3;
1, 256, 0, 1, 1, 1, 5, 1000, 3;
1, 256, 0, -1, -1, -1, 3, 998, 1;
1, 256, 0, 0, 0, 0, 5, 1000, 3;
1, 256, 0, 0, 0, 0, 4, 999, 2;
1, 256, 1, 1, 1, 1, 6, 1000, 4;
1, 256, 0, 0, 0, 0, 4, 999, 2;
1, 256, 0, 0, 0, 0, 4, 999, 2;
1, 256, 0, 0, 0, 0, 5, 1000, 3;
1, 256, 0, -1, -1, -1, 4, 999, 2;
1, 256, 0, 1, 1, 1, 5, 1000, 3;
1, 256, 0, 0, 0, 0, 5, 1000, 3;
1, 256, 0, 1, 1, 1, 5, 1000, 3;
1, 256, 0, 0, 0, 0, 5, 1000, 3;
0, 256, 0, -1, -1, -1, 3, 998, 1;
1, 256, 0, 0, 0, 0, 5, 1000, 3;
1, 256, 0, 0, 0, 0, 4, 999, 2;
0, 256, 0, -1, -1, -1, 3, 998, 1;
1, 256, 0, -1, -1, -1, 3, 998, 1;
1, 256, 0, -1, -1, -1, 4, 998, 1;
1, 256, 0, 1, 1, 1, 5, 1000, 3;
1, 256, 0, 0, 0, 0, 4, 999, 2;
1, 256, 0, 0, 0, 0, 5, 1000, 3;
1, 256, 0, 0, 0, 0, 5, 1000, 3;
1, 256, 0, 0, 0, 0, 4, 999, 2;
1, 256, 0, -1, -1, -1, 4, 999, 2;
1, 256, 0, 0, 0, 0, 5, 1000, 3;
1, 256, 0, 0, 0, 0, 5, 1000, 3;
1, 256, 0, -1, -1, -1, 3, 998, 1;
1, 256, 1, 1, 1, 1, 6, 1001, 4;
1, 256, 0, 1, 1, 1, 5, 1000, 3;
1, 256, 0, 0, 0, 0, 4, 999, 2;
1, 256, 0, -1, -1, -1, 4, 999, 2;
1, 256, 0, -1, -1, -1, 3, 998, 1;
1, 256, 0, -1, -1, -1, 3, 998, 1;
1, 256, 0, 0, 0, 0, 4, 999, 2;
1, 256, 0, 0, 0, 0, 5, 1000, 3;
1, 256, 0, -1, -1, -1, 4, 999, 2;
1, 256, 0, 0, 0, 0, 5, 1000, 3;
1, 256, 0, 0, 0, 0, 4, 999, 2;
1, 256, 0, 1, 1, 1, 5, 1000, 3;
1, 256, 0, 0, 0, 0, 5, 1000, 3;
1, 256, 0, 0, 0, 0, 5, 1000, 3;
1, 256, 0, 0, 0, 0, 4, 999, 2;
1, 256, 0, -1, -1, -1, 4, 999, 2;
1, 256, 0, -1, -1, -1, 4, 999, 2;
1, 256, 0, 1, 1, 1, 5, 1000, 3;
1, 256, 0, -1, -1, -1, 4, 999, 2;
1, 256, 0, 1, 1, 1, 5, 1000, 3;
1, 256, 0, -1, -1, -1, 4, 999, 2;
1, 256, 0, 0, 0, 0, 5, 1000, 3;
1, 256, 0, 1, 1, 1, 5, 1000, 3;
1, 256, 0, -1, -1, -1, 4, 999, 2;
1, 256, 0, 0, 0, 0, 4, 999, 2;
1, 256, 0, -1, -1, -1, 4, 999, 2;
1, 256, 1, 1, 1, 1, 6, 1000, 3;
1, 256, 0, 0, 0, 0, 5, 999, 3;
1, 256, 1, 1, 1, 1, 6, 1001, 4;
1, 256, 0, 1, 1, 1, 5, 1000, 3;
1, 256, 0, 0, 0, 0, 4, 999, 2;
1, 256, 0, 0, 0, 0, 5, 1000, 3;
1, 256, 0, 1, 1, 1, 5, 1000, 3;
1, 256, 0, 0, 0, 0, 4, 999, 2;
1, 256, 0, 0, 0, 0, 5, 1000, 3;
1, 256, 0, -1, -1, -1, 4, 999, 2;
1, 256, 0, -1, -1, -1, 4, 999, 2;
1, 256, 0, 0, 0, 0, 5, 1000, 3;
1, 256, 0, 0, 0, 0, 4, 999, 2;
1, 256, 0, -1, -1, -1, 4, 998, 2;
1, 256, 0, 1, 1, 1, 5, 1000, 3;
1, 256, 0, 0, 0, 0, 5, 1000, 3;
1, 256, 0, 0, 0, 0, 4, 999, 2;
1, 256, 0, 0, 0, 0, 5, 1000, 3;
1, 256, 0, 0, 0, 0, 5, 1000, 3;
1, 256, 0, 0, 0, 0, 5, 1000, 3;
1, 256, 0, -1, -1, -1, 4, 999, 2;
1, 256, 0, 0, 0, 0, 4, 999, 2;
1, 256, 1, 1, 1, 1, 6, 1001, 4;
1, 256, 0, 0, 0, 0, 4, 999, 2;
1, 256, 0, 0, 0, 0, 5, 1000, 3;
1, 256, 1, 1, 1, 1, 6, 1001, 4;
1, 256, 0, 1, 1, 1, 5, 1000, 3;
1, 256, 0, 1, 1, 1, 5, 1000, 3;
1, 256, 0, 0, 0, 0, 5, 1000, 3;
1, 256, 1, 1, 1, 1, 5, 1000, 3;
1, 256, 0, 0, 0, 0, 5, 1000, 3;
1, 256, 0, 0, 0, 0, 5, 999, 3;
1, 256, 0, -1, -1, -1, 4, 999, 2;
1, 256, 0, 0, 0, 0, 5, 1000, 3;
1, 256, 0, 0, 0, 0, 4, 999, 2;
1, 256, 0, -1, -1, -1, 4, 999, 2;
1, 256, 0, 0, 0, 0, 4, 999, 2;
1, 256, 0, 0, 0, 0, 5, 1000, 3;
1, 256, 0, 0, 0, 0, 5, 1000, 3;
1, 256, 0, 0, 0, 0, 4, 999, 2;
1, 256, 0, 0, 0, 0, 4, 999, 2;
1, 256, 0, 0, 0, 0, 4, 999, 2;
1, 256, 0, 0, 0, 0, 4, 999, 2;
1, 256, 0, 0, 0, 0, 4, 999, 2;
1, 256, 0, 0, 0, 0, 5, 1000, 3;
1, 256, 0, 0, 0, 0, 5, 1000, 3;
1, 256, 0, -1, -1, -1, 3, 998, 1;
1, 256, 0, 0, 0, 0, 4, 999, 2;
1, 256, 0, 0, 0, 0, 5, 1000, 3;
1, 256, 0, 1, 1, 1, 5, 1000, 3;
1, 256, 0, -1, -1, -1, 3, 998, 1;
1, 256, 0, 0, 0, 0, 4, 999, 2;
1, 256, 0, -1, -1, -1, 4, 999, 2;
1, 256, 0, -1, -1, -1, 4, 999, 2;
1, 256, 0, -1, -1, -1, 4, 999, 2;
1, 256, 0, -1, -1, -1, 4, 998, 1;
1, 256, 0, -1, -1, -1, 4, 998, 2;
1, 256, 0, 0, 0, 0, 4, 999, 2;
1, 256, 0, -1, -1, -1, 4, 999, 2;
1, 256, 0, 0, 0, 0, 4, 999, 2;
1, 256, 0, -1, -1, -1, 4, 999, 2;
1, 256, 1, 1, 1, 1, 6, 1000, 3;
1, 256, 0, -1, -1, -1, 4, 999, 2;
1, 256, 0, 0, 0, 0, 5, 1000, 3;
1, 256, 0, 0, 0, 0, 4, 999, 2;
1, 256, 0, 1, 1, 1, 5, 1000, 3;
1, 256, 1, 1, 1, 1, 6, 1001, 4;
1, 256, 0, -1, -1, -1, 4, 999, 2;
1, 256, 0, 1, 1, 1, 5, 1000, 3;
1, 256, 0, -1, -1, -1, 4, 999, 2;
1, 256, 0, -1, -1, -1, 4, 999, 2;
1, 256, 0, 0, 0, 0, 5, 1000, 3;
1, 256, 0, 0, 0, 0, 5, 1000, 3;
1, 256, 0, 0, 0, 0, 4, 999, 2;
1, 256, 0, 0, 0, 0, 5, 1000, 3;
1, 256, 0, 0, 0, 0, 5, 1000, 3;
1, 256, 0, 0, 0, 0, 4, 999, 2;
1, 256, 0, 1, 1, 1, 5, 1000, 3;
1, 256, 0, 0, 0, 0, 4, 999, 2;
1, 256, 0, 0, 0, 0, 5, 1000, 3;
1, 256, 0, 0, 0, 0, 4, 999, 2;
1, 256, 1, 1, 1, 1, 6, 1000, 3;
1, 256, 0, -1, -1, -1, 4, 999, 2;
1, 256, 0, 0, 0, 0, 5, 1000, 3;
1, 256, 0, 0, 0, 0, 4, 999, 2;
1, 256, 0, 0, 0, 0, 5, 1000, 3;
1, 256, 0, 0, 0, 0, 4, 999, 2;
1, 256, 0, 0, 0, 0, 5, 1000, 3;
1, 256, 0, 0, 0, 0, 5, 1000, 3;
1, 256, 0, 0, 0, 0, 4, 999, 2;
1, 256, 0, -1, -1, -1, 4, 999, 2;
1, 256, 1, 1, 1, 1, 6, 1000, 3;
1, 256, 0, 0, 0, 0, 4, 999, 2;
1, 256, 1, 1, 1, 1, 6, 1001, 4;
1, 256, 0, -1, -1, -1, 4, 998, 2;
1, 256, 0, 0, 0, 0, 4, 999, 2;
1, 256, 0, 0, 0, 0, 5, 999, 2;
1, 256, 0, -1, -1, -1, 4, 998, 2;
1, 256, 0, 0, 0, 0, 5, 1000, 3;
1, 256, 0, 1, 1, 1, 5, 1000, 3;
1, 256, 0, 0, 0, 0, 5, 1000, 3;
1, 256, 0, 1, 1, 1, 5, 1000, 3;
1, 256, 0, 0, 0, 0, 5, 1000, 3;
1, 256, 0, -1, -1, -1, 4, 999, 2;
1, 256, 1, 1, 1, 1, 6, 1000, 4;
1, 256, 0, 0, 0, 0, 4, 999, 2;
1, 256, 0, -1, -1, -1, 3, 998, 1;
1, 256, 1, 1, 1, 1, 6, 1000, 4;
1, 256, 0, -1, -1, -1, 4, 998, 2;
1, 256, 0, 0, 0, 0, 4, 999, 2;
1, 256, 1, 1, 1, 1, 5, 1000, 3;
1, 256, 0, -1, -1, -1, 3, 998, 1;
1, 256, 0, 0, 0, 0, 4, 999, 2;
1, 256, 0, -1, -1, -1, 4, 998, 2;
1, 256, 0, 0, 0, 0, 5, 999, 2;
1, 256, 0, 0, 0, 0, 5, 1000, 3;
1, 256, 0, 0, 0, 0, 4, 999, 2;
1, 256, 0, -1, -1, -1, 4, 999, 2;
1, 256, 0, 0, 0, 0, 4, 999, 2;
1, 256, 0, 0, 0, 0, 4, 999, 2;
0, 256, 0, -1, -1, -1, 3, 998, 1;
1, 256, 0, -1, -1, -1, 4, 999, 2;
1, 256, 0, 0, 0, 0, 4, 999, 2;
1, 256, 0, -1, -1, -1, 3, 998, 1;
1, 256, 0, 1, 1, 1, 5, 1000, 3;
1, 256, 0, 0, 0, 0, 4, 999, 2;
1, 256, 0, -1, -1, -1, 4, 999, 2;
1, 256, 0, 0, 0, 0, 5, 1000, 3;
1, 256, 1, 1, 1, 1, 6, 1001, 4;
1, 256, 0, 1, 1, 1, 5, 1000, 3;
1, 256, 0, 0, 0, 0, 4, 999, 2;
1, 256, 0, 0, 0, 0, 5, 1000, 3;
1, 256, 0, -1, -1, -1, 3, 998, 1;
1, 256, 0, 0, 0, 0, 5, 1000, 3;
1, 256, 0, -1, -1, -1, 4, 999, 2;
1, 256, 1, 1, 1, 1, 6, 1001, 4;
1, 256, 0, 0, 0, 0, 5, 1000, 3;
1, 256, 0, 0, 0, 0, 4, 999, 2;
1, 256, 0, 0, 0, 0, 4, 999, 2;
1, 256, 0, 0, 0, 0, 4, 999, 2;
1, 256, 0, 0, 0, 0, 5, 1000, 3;
1, 256, 0, -1, -1, -1, 4, 999, 2;
1, 256, 0, 0, 0, 0, 4, 999, 2;
1, 256, 0, 0, 0, 0, 4, 999, 2;
1, 256, 0, 0, 0, 0, 4, 999, 2;
1, 256, 0, 0, 0, 0, 4, 999, 2;
1, 256, 0, -1, -1, -1, 4, 999, 2;
1, 256, 0, -1, -1, -1, 4, 999, 2;
1, 256, 0, -1, -1, -1, 3, 998, 1;
1, 256, 1, 1, 1, 1, 6, 1001, 4;
1, 256, 0, 0, 0, 0, 4, 999, 2;
1, 256, 1, 1, 1, 1, 6, 1000, 4;
1, 256, 1, 1, 1, 1, 6, 1001, 4;
1, 256, 0, 0, 0, 0, 5, 1000, 3;
1, 256, 0, -1, -1, -1, 3, 998, 1;
1, 256, 0, 0, 0, 0, 5, 1000, 3;
1, 256, 0, -1, -1, -1, 4, 999, 2;
1, 256, 0, 0, 0, 0, 4, 999, 2;
1, 256, 1, 1, 1, 1, 6, 1001, 4;
1, 256, 0, 0, 0, 0, 4, 999, 2;
1, 256, 0, 0, 0, 0, 4, 999, 2;
1, 256, 0, -1, -1, -1, 4, 999, 2;
1, 256, 1, 1, 1, 1, 6, 1000, 4;
1, 256, 1, 1, 1, 1, 5, 1000, 3;
1, 256, 1, 1, 1, 1, 6, 1001, 4;
1, 256, 0, 0, 0, 0, 5, 1000, 3;
1, 256, 0, 0, 0, 0, 4, 999, 2;
1, 256, 0, 0, 0, 0, 5, 1000, 3;
1, 256, 1, 1, 1, 1, 6, 1001, 4;
1, 256, 0, -1, -1, -1, 4, 999, 2;
1, 256, 0, 0, 0, 0, 5, 1000, 3;
1, 256, 0, 0, 0, 0, 5, 1000, 3;
1, 256, 0, -1, -1, -1, 4, 999, 2;
1, 256, 0, 0, 0, 0, 4, 999, 2;
1, 256, 0, 0, 0, 0, 5, 1000, 3;
1, 256, 0, 0, 0, 0, 5, 1000, 3;
1, 256, 1, 1, 1, 1, 6, 1000, 4;
1, 256, 0, 0, 0, 0, 4, 999, 2;
1, 256, 0, 0, 0, 0, 4, 999, 2;
1, 256, 0, -1, -1, -1, 4, 999, 2;
1, 256, 0, 0, 0, 0, 4, 999, 2;
1, 256, 0, -1, -1, -1, 4, 999, 2;
1, 256, 1, 1, 1, 1, 6, 1001, 4;
1, 256, 0, 0, 0, 0, 4, 999, 2;
1, 256, 1, 1, 1, 1, 6, 1001, 4;
1, 256, 1, 1, 1, 1, 6, 1001, 4;
1, 256, 0, 1, 1, 1, 5, 1000, 3;
1, 256, 0, -1, -1, -1, 4, 999, 2;
1, 256, 0, 0, 0, 0, 4, 999, 2;
1, 256, 0, 0, 0, 0, 5, 1000, 3;
1, 256, 0, -1, -1, -1, 3, 998, 1;
1, 256, 0, 0, 0, 0, 4, 999, 2;
1, 256, 0, 0, 0, 0, 5, 1000, 3;
1, 256, 0, -1, -1, -1, 4, 998, 1;
1, 256, 0, 0, 0, 0, 4, 999, 2;
1, 256, 1, 1, 1, 1, 6, 1001, 4;
1, 256, 0, 0, 0, 0, 4, 999, 2;
1, 256, 1, 1, 1, 1, 5, 1000, 3;
1, 256, 0, 0, 0, 0, 5, 1000, 3;
1, 256, 0, -1, -1, -1, 4, 999, 2;
1, 256, 0, -1, -1, -1, 4, 999, 2;
1, 256, 0, -1, -1, -1, 4, 999, 2;
1, 256, 0, 0, 0, 0, 4, 999, 2;
1, 256, 0, 1, 1, 1, 5, 1000, 3;
1, 256, 0, 0, 0, 0, 4, 999, 2;
1, 256, 0, 1, 1, 1, 5, 1000, 3;
1, 256, 1, 1, 1, 1, 6, 1001, 4;
1, 256, 0, -1, -1, -1, 4, 998, 1;
1, 256, 1, 1, 1, 1, 6, 1001, 4;
1, 256, 0, 0, 0, 0, 5, 999, 3;
1, 256, 0, -1, -1, -1, 4, 999, 2;
1, 256, 0, 0, 0, 0, 5, 1000, 3;
1, 256, 1, 1, 1, 1, 6, 1001, 4;
1, 256, 0, -1, -1, -1, 4, 999, 2;
0, 256, 0, -1, -1, -1, 3, 998, 1;
1, 256, 0, -1, -1, -1, 3, 998, 1;
1, 256, 0, 0, 0, 0, 4, 999, 2;
1, 256, 0, 0, 0, 0, 5, 1000, 3;
1, 256, 1, 1, 1, 1, 6, 1001, 4;
1, 256, 0, 0, 0, 0, 4, 999, 2;
1, 256, 0, -1, -1, -1, 4, 999, 2;
1, 256, 1, 1, 1, 1, 5, 1000, 3;
1, 256, 1, 1, 1, 1, 6, 1000, 4;
1, 256, 0, -1, -1, -1, 4, 999, 2;
1, 256, 0, -1, -1, -1, 3, 998, 1;
1, 256, 1, 1, 1, 1, 6, 1000, 4;
1, 256, 0, -1, -1, -1, 4, 999, 2;
1, 256, 0, -1, -1, -1, 4, 999, 2;
1, 256, 0, 0, 0, 0, 5, 999, 3;
1, 256, 0, 1, 1, 1, 5, 1000, 3;
1, 256, 0, 0, 0, 0, 5, 1000, 3;
1, 256, 0, 0, 0, 0, 5, 1000, 3;
1, 256, 0, 0, 0, 0, 4, 999, 2;
1, 256, 0, 1, 1, 1, 5, 1000, 3;
1, 256, 0, -1, -1, -1, 4, 998, 2;
1, 256, 0, 0, 0, 0, 5, 1000, 3;
1, 256, 0, 0, 0, 0, 5, 1000, 3;
1, 256, 0, 0, 0, 0, 5, 1000, 3;
1, 256, 1, 1, 1, 1, 6, 1001, 4;
1, 256, 0, -1, -1, -1, 4, 999, 2;
1, 256, 0, 0, 0, 0, 4, 999, 2;
1, 256, 0, -1, -1, -1, 4, 998, 2;
1, 256, 0, 1, 1, 1, 5, 1000, 3;
1, 256, 0, -1, -1, -1, 4, 999, 2;
1, 256, 0, -1, -1, -1, 4, 999, 2;
1, 256, 0, -1, -1, -1, 4, 999, 2;
1, 256, 0, 0, 0, 0, 4, 999, 2;
1, 256, 0, 0, 0, 0, 5, 1000, 3;
1, 256, 0, 0, 0, 0, 4, 999, 2;
1, 256, 0, -1, -1, -1, 4, 999, 2;
1, 256, 1, 1, 1, 1, 6, 1001, 4;
1, 256, 0, 0, 0, 0, 4, 999, 2;
1, 256, 0, -1, -1, -1, 4, 999, 2;
1, 256, 0, 0, 0, 0, 5, 1000, 3;
1, 256, 0, -1, -1, -1, 4, 999, 2;
1, 256, 0, 0, 0, 0, 5, 999, 3;
1, 256, 1, 1, 1, 1, 6, 1000, 4;
1, 256, 0, 0, 0, 0, 4, 999, 2;
1, 256, 1, 1, 1, 1, 6, 1001, 4;
1, 256, 0, 0, 0, 0, 4, 999, 2;
1, 256, 1, 1, 1, 1, 6, 1001, 4;
1, 256, 0, -1, -1, -1, 3, 998, 1;
1, 256, 0, 0, 0, 0, 4, 999, 2;
1, 256, 0, 0, 0, 0, 5, 1000, 3;
1, 256, 0, 0, 0, 0, 5, 1000, 3;
1, 256, 0, -1, -1, -1, 4, 999, 2;
1, 256, 0, -1, -1, -1, 4, 999, 2;
1, 256, 0, -1, -1, -1, 3, 998, 1;
1, 256, 0, 0, 0, 0, 5, 1000, 3;
1, 256, 0, 0, 0, 0, 4, 999, 2;
1, 256, 0, -1, -1, -1, 4, 999, 2;
1, 256, 1, 1, 1, 1, 6, 1001, 4;
1, 256, 0, 1, 1, 1, 5, 1000, 3;
1, 256, 0, -1, -1, -1, 4, 999, 2;
1, 256, 1, 1, 1, 1, 6, 1001, 4;
1, 256, 0, 0, 0, 0, 5, 1000, 3;
1, 256, 0, -1, -1, -1, 4, 999, 2;
1, 256, 0, 0, 0, 0, 4, 999, 2;
1, 256, 0, 1, 1, 1, 5, 1000, 3;
1, 256, 0, 0, 0, 0, 5, 1000, 3;
1, 256, 1, 1, 1, 1, 6, 1001, 4;
1, 256, 0, 1, 1, 1, 5, 1000, 3;
1, 256, 0, 0, 0, 0, 5, 1000, 3;
1, 256, 0, 0, 0, 0, 5, 1000, 3;
1, 256, 1, 1, 1, 1, 6, 1000, 4;
1, 256, 0, 0, 0, 0, 5, 1000, 3;
1, 256, 0, 1, 1, 1, 5, 1000, 3;
1, 256, 0, 0, 0, 0, 5, 999, 3;
1, 256, 0, 0, 0, 0, 4, 999, 2;
1, 256, 0, 0, 0, 0, 4, 999, 2;
1, 256, 0, 0, 0, 0, 5, 1000, 3;
1, 256, 1, 1, 1, 1, 6, 1001, 4;
1, 256, 0, 0, 0, 0, 4, 999, 2;
1, 256, 0, 1, 1, 1, 5, 1000, 3;
1, 256, 1, 1, 1, 1, 6, 1001, 4;
1, 256, 0, 0, 0, 0, 4, 999, 2;
1, 256, 1, 1, 1, 1, 5, 1000, 3;
1, 256, 1, 1, 1, 1, 6, 1001, 4;
1, 256, 1, 1, 1, 1, 6, 1000, 4;
1, 256, 0, -1, -1, -1, 3, 998, 1;
1, 256, 0, 0, 0, 0, 4, 999, 2;
1, 256, 1, 1, 1, 1, 5, 1000, 3;
1, 256, 0, 1, 1, 1, 5, 1000, 3;
1, 256, 0, 1, 1, 1, 5, 1000, 3;
1, 256, 1, 1, 1, 1, 6, 1000, 3;
1, 256, 0, 0, 0, 0, 5, 1000, 3;
1, 256, 0, -1, -1, -1, 3, 998, 1;
1, 256, 0, 0, 0, 0, 5, 1000, 3;
1, 256, 0, 1, 1, 1, 5, 1000, 3;
1, 256, 0, 0, 0, 0, 5, 1000, 3;
1, 256, 0, 0, 0, 0, 4, 999, 2;
1, 256, 0, 0, 0, 0, 4, 999, 2;
1, 256, 1, 1, 1, 1, 5, 1000, 3;
1, 256, 0, 0, 0, 0, 5, 1000, 3;
1, 256, 0, -1, -1, -1, 4, 999, 2;
1, 256, 1, 1, 1, 1, 5, 1000, 3;
1, 256, 0, -1, -1, -1, 4, 998, 1;
1, 256, 0, -1, -1, -1, 4, 999, 2;
1, 256, 0, -1, -1, -1, 4, 999, 2;
1, 256, 0, 0, 0, 0, 5, 1000, 3;
1, 256, 0, 0, 0, 0, 5, 1000, 3;
1, 256, 0, 1, 1, 1, 5, 1000, 3;
1, 256, 0, 0, 0, 0, 5, 1000, 3;
1, 256, 1, 1, 1, 1, 6, 1000, 4;
1, 256, 0, -1, -1, -1, 3, 998, 1;
1, 256, 0, 0, 0, 0, 5, 1000, 3;
1, 256, 0, 0, 0, 0, 4, 999, 2;
1, 256, 0, -1, -1, -1, 4, 999, 2;
1, 256, 0, -1, -1, -1, 4, 999, 2;
1, 256, 0, 0, 0, 0, 4, 999, 2;
1, 256, 0, 0, 0, 0, 4, 999, 2;
1, 256, 0, 1, 1, 1, 5, 1000, 3;
1, 256, 1, 1, 1, 1, 6, 1001, 4;
1, 256, 0, 0, 0, 0, 5, 1000, 3;
1, 256, 0, -1, -1, -1, 4, 999, 2;
1, 256, 0, -1, -1, -1, 3, 998, 1;
1, 256, 0, -1, -1, -1, 3, 998, 1;
1, 256, 0, 0, 0, 0, 5, 1000, 3;
1, 256, 0, 0, 0, 0, 4, 999, 2;
1, 256, 0, -1, -1, -1, 4, 999, 2;
1, 256, 0, -1, -1, -1, 4, 998, 2;
1, 256, 1, 1, 1, 1, 6, 1001, 4;
1, 256, 1, 1, 1, 1, 6, 1001, 4;
1, 256, 0, 0, 0, 0, 5, 1000, 3;
1, 256, 0, -1, -1, -1, 4, 999, 2;
1, 256, 0, -1, -1, -1, 3, 998, 1;
1, 256, 0, 0, 0, 0, 4, 999, 2;
1, 256, 0, -1, -1, -1, 4, 998, 1;
1, 256, 0, 0, 0, 0, 4, 999, 2;
1, 256, 0, -1, -1, -1, 4, 999, 2;
1, 256, 0, 0, 0, 0, 5, 1000, 3;
1, 256, 0, 0, 0, 0, 4, 999, 2;
0, 256, 0, -1, -1, -1, 3, 998, 1;
1, 256, 1, 1, 1, 1, 5, 1000, 3;
0, 256, 0, -1, -1, -1, 3, 998, 1;
1, 256, 0, 1, 1, 1, 5, 1000, 3;
0, 256, 0, -1, -1, -1, 3, 998, 1;
1, 256, 0, 0, 0, 0, 4, 999, 2;
1, 256, 0, 0, 0, 0, 4, 999, 2;
1, 256, 0, 0, 0, 0, 5, 999, 3;
1, 256, 0, -1, -1, -1, 3, 998, 1;
1, 256, 0, -1, -1, -1, 3, 998, 1;
1, 256, 0, -1, -1, -1, 4, 998, 1;
1, 256, 0, -1, -1, -1, 4, 999, 2;
1, 256, 0, 0, 0, 0, 4, 999, 2;
1, 256, 0, 0, 0, 0, 5, 1000, 3;
1, 256, 0, -1, -1, -1, 4, 999, 2;
1, 256, 0, 0, 0, 0, 4, 999, 2;
1, 256, 1, 1, 1, 1, 6, 1001, 4;
1, 256, 0, -1, -1, -1, 4, 998, 2;
1, 256, 0, 0, 0, 0, 4, 999, 2;
1, 256, 0, 0, 0, 0, 4, 999, 2;
1, 256, 0, -1, -1, -1, 4, 999, 2;
1, 256, 0, 0, 0, 0, 4, 999, 2;
1, 256, 0, 0, 0, 0, 5, 999, 3;
1, 256, 0, -1, -1, -1, 4, 999, 2;
1, 256, 0, 0, 0, 0, 5, 1000, 3;
1, 256, 0, 1, 1, 1, 5, 1000, 3;
1, 256, 0, 0, 0, 0, 4, 999, 2;
1, 256, 0, 1, 1, 1, 5, 1000, 3;
1, 256, 0, -1, -1, -1, 4, 999, 2;
1, 256, 0, -1, -1, -1, 4, 999, 2;
1, 256, 1, 1, 1, 1, 6, 1000, 3;
1, 256, 0, 0, 0, 0, 4, 999, 2;
1, 256, 0, -1, -1, -1, 4, 999, 2;
1, 256, 0, 0, 0, 0, 5, 1000, 3;
1, 256, 0, -1, -1, -1, 4, 999, 2;
1, 256, 0, -1, -1, -1, 4, 998, 1;
1, 256, 0, 0, 0, 0, 4, 999, 2;
1, 256, 0, 0, 0, 0, 5, 999, 3;
1, 256, 0, 1, 1, 1, 5, 1000, 3;
1, 256, 0, 0, 0, 0, 5, 1000, 3;
1, 256, 0, -1, -1, -1, 4, 999, 2;
1, 256, 0, 0, 0, 0, 4, 999, 2;
1, 256, 1, 1, 1, 1, 5, 1000, 3;
1, 256, 0, -1, -1, -1, 4, 999, 2;
1, 256, 0, 0, 0, 0, 5, 1000, 3;
1, 256, 0, 0, 0, 0, 5, 1000, 3;
1, 256, 0, -1, -1, -1, 4, 999, 2;
1, 256, 0, 0, 0, 0, 4, 999, 2;
1, 256, 0, 0, 0, 0, 4, 999, 2;
1, 256, 0, -1, -1, -1, 4, 999, 2;
1, 256, 0, 0, 0, 0, 5, 1000, 3;
1, 256, 0, 1, 1, 1, 5, 1000, 3;
1, 256, 0, 1, 1, 1, 5, 1000, 3;
1, 256, 0, 0, 0, 0, 5, 1000, 3;
1, 256, 0, -1, -1, -1, 3, 998, 1;
1, 256, 0, 0, 0, 0, 4, 999, 2;
1, 256, 1, 1, 1, 1, 6, 1000, 3;
1, 256, 0, 0, 0, 0, 5, 1000, 3;
1, 256, 0, -1, -1, -1, 4, 999, 2;
1, 256, 0, 0, 0, 0, 4, 999, 2;
1, 256, 0, -1, -1, -1, 4, 999, 2;
1, 256, 0, -1, -1, -1, 4, 999, 2;
1, 256, 0, -1, -1, -1, 4, 999, 2;
1, 256, 1, 1, 1, 1, 6, 1001, 4;
1, 256, 0, 0, 0, 0, 5, 1000, 3;
1, 256, 0, -1, -1, -1, 4, 999, 2;
1, 256, 0, 0, 0, 0, 4, 999, 2;
1, 256, 0, 0, 0, 0, 4, 999, 2;
1, 256, 0, 0, 0, 0, 5, 1000, 3;
1, 256, 0, 0, 0, 0, 5, 999, 2;
1, 256, 0, -1, -1, -1, 4, 999, 2;
1, 256, 0, 1, 1, 1, 5, 1000, 3;
1, 256, 0, 0, 0, 0, 5, 1000, 3;
1, 256, 0, 0, 0, 0, 5, 1000, 3;
1, 256, 0, -1, -1, -1, 4, 998, 2;
1, 256, 0, 0, 0, 0, 5, 1000, 3;
1, 256, 0, -1, -1, -1, 4, 999, 2;
1, 256, 0, 0, 0, 0, 5, 999, 3;
1, 256, 0, 0, 0, 0, 5, 1000, 3;
1, 256, 1, 1, 1, 1, 6, 1001, 4;
1, 256, 0, 0, 0, 0, 5, 1000, 3;
1, 256, 0, 0, 0, 0, 4, 999, 2;
1, 256, 0, 0, 0, 0, 5, 1000, 3;
1, 256, 0, -1, -1, -1, 4, 999, 2;
1, 256, 0, -1, -1, -1, 4, 999, 2;
1, 256, 0, 1, 1, 1, 5, 1000, 3;
1, 256, 1, 1, 1, 1, 6, 1001, 4;
1, 256, 0, 0, 0, 0, 5, 999, 2;
1, 256, 1, 1, 1, 1, 6, 1000, 4;
1, 256, 0, 0, 0, 0, 4, 999, 2;
1, 256, 0, 0, 0, 0, 5, 1000, 3;
1, 256, 1, 1, 1, 1, 6, 1000, 3;
1, 256, 0, 1, 1, 1, 5, 1000, 3;
1, 256, 0, 0, 0, 0, 4, 999, 2;
1, 256, 0, 0, 0, 0, 5, 1000, 3;
1, 256, 0, -1, -1, -1, 4, 999, 2;
1, 256, 0, 1, 1, 1, 5, 1000, 3;
1, 256, 0, -1, -1, -1, 4, 999, 2;
1, 256, 1, 1, 1, 1, 6, 1001, 4;
1, 256, 0, 1, 1, 1, 5, 1000, 3;
1, 256, 1, 1, 1, 1, 6, 1000, 4;
1, 256, 0, 0, 0, 0, 5, 1000, 3;
1, 256, 0, -1, -1, -1, 4, 999, 2;
1, 256, 0, -1, -1, -1, 4, 999, 2;
1, 256, 0, -1, -1, -1, 3, 998, 1;
1, 256, 0, 0, 0, 0, 5, 1000, 3;
1, 256, 0, 0, 0, 0, 4, 999, 2;
1, 256, 1, 1, 1, 1, 6, 1001, 4;
1, 256, 0, 0, 0, 0, 5, 1000, 3;
1, 256, 0, 0, 0, 0, 4, 999, 2;
1, 256, 0, 0, 0, 0, 4, 999, 2;
1, 256, 0, 0, 0, 0, 4, 999, 2;
1, 256, 0, -1, -1, -1, 4, 999, 2;
1, 256, 0, -1, -1, -1, 4, 999, 2;
1, 256, 0, -1, -1, -1, 4, 999, 2;
1, 256, 1, 1, 1, 1, 6, 1000, 4;
1, 256, 1, 1, 1, 1, 6, 1001, 4;
1, 256, 0, 1, 1, 1, 5, 1000, 3;
1, 256, 0, -1, -1, -1, 4, 999, 2;
1, 256, 0, 0, 0, 0, 4, 999, 2;
1, 256, 0, 0, 0, 0, 4, 999, 2;
1, 256, 0, 0, 0, 0, 4, 999, 2;
1, 256, 0, 0, 0, 0, 5, 1000, 3;
1, 256, 0, 1, 1, 1, 5, 1000, 3;
1, 256, 0, 0, 0, 0, 5, 1000, 3;
1, 256, 0, 0, 0, 0, 4, 999, 2;
1, 256, 0, 0, 0, 0, 5, 1000, 3;
1, 256, 0, -1, -1, -1, 4, 999, 2;
1, 256, 0, 0, 0, 0, 4, 999, 2;
1, 256, 0, 1, 1, 1, 5, 1000, 3;
1, 256, 0, -1, -1, -1, 3, 998, 1;
1, 256, 0, 0, 0, 0, 5, 1000, 3;
1, 256, 0, 1, 1, 1, 5, 1000, 3;
1, 256, 0, 0, 0, 0, 5, 1000, 3;
1, 256, 0, 0, 0, 0, 5, 1000, 3;
1, 256, 0, 0, 0, 0, 4, 999, 2;
1, 256, 0, 0, 0, 0, 4, 999, 2;
1, 256, 0, 1, 1, 1, 5, 1000, 3;
1, 256, 0, 1, 1, 1, 5, 1000, 3;
1, 256, 0, 0, 0, 0, 4, 999, 2;
1, 256, 0, 0, 0, 0, 5, 1000, 3;
1, 256, 0, -1, -1, -1, 3, 998, 1;
1, 256, 1, 1, 1, 1, 6, 1001, 4;
1, 256, 0, 0, 0, 0, 4, 999, 2;
1, 256, 0, -1, -1, -1, 4, 999, 2;
1, 256, 0, 1, 1, 1, 5, 1000, 3;
1, 256, 0, 0, 0, 0, 4, 999, 2;
1, 256, 0, 0, 0, 0, 5, 1000, 3;
1, 256, 0, 1, 1, 1, 5, 1000, 3;
1, 256, 0, -1, -1, -1, 4, 998, 1;
1, 256, 0, 0, 0, 0, 5, 1000, 3;
1, 256, 0, 1, 1, 1, 5, 1000, 3;
1, 256, 0, -1, -1, -1, 3, 998, 1;
1, 256, 1, 1, 1, 1, 6, 1001, 4;
1, 256, 0, 0, 0, 0, 4, 999, 2;
1, 256, 0, -1, -1, -1, 4, 999, 2;
1, 256, 0, -1, -1, -1, 3, 998, 1;
1, 256, 0, 0, 0, 0, 5, 1000, 3;
1, 256, 1, 1, 1, 1, 6, 1001, 4;
1, 256, 0, -1, -1, -1, 4, 999, 2;
1, 256, 0, -1, -1, -1, 4, 999, 2;
1, 256, 0, -1, -1, -1, 4, 999, 2;
1, 256, 0, -1, -1, -1, 4, 999, 2;
1, 256, 0, 0, 0, 0, 5, 1000, 3;
1, 256, 0, -1, -1, -1, 4, 998, 2;
1, 256, 0, 0, 0, 0, 4, 999, 2;
1, 256, 0, 0, 0, 0, 5, 1000, 3;
1, 256, 0, 0, 0, 0, 4, 999, 2;
1, 256, 0, 0, 0, 0, 4, 999, 2;
1, 256, 1, 1, 1, 1, 5, 1000, 3;
1, 256, 0, -1, -1, -1, 4, 999, 2;
1, 256, 0, -1, -1, -1, 4, 998, 1;
1, 256, 0, 0, 0, 0, 4, 999, 2;
1, 256, 0, 0, 0, 0, 4, 999, 2;
1, 256, 0, 0, 0, 0, 5, 1000, 3;
1, 256, 0, -1, -1, -1, 4, 999, 2;
1, 256, 0, 0, 0, 0, 4, 999, 2;
1, 256, 0, 0, 0, 0, 4, 999, 2;
1, 256, 0, 0, 0, 0, 5, 1000, 3;
1, 256, 0, 0, 0, 0, 4, 999, 2;
1, 256, 0, 0, 0, 0, 5, 1000, 3;
1, 256, 0, 0, 0, 0, 4, 999, 2;
1, 256, 0, 0, 0, 0, 5, 1000, 3;
1, 256, 0, 0, 0, 0, 5, 1000, 3;
1, 256, 0, 1, 1, 1, 5, 1000, 3;
1, 256, 0, -1, -1, -1, 4, 999, 2;
1, 256, 0, 1, 1, 1, 5, 1000, 3;
1, 256, 0, -1, -1, -1, 4, 998, 1;
0, 256, 0, -1, -1, -1, 3, 998, 1;
1, 256, 0, 1, 1, 1, 5, 1000, 3;
1, 256, 1, 1, 1, 1, 6, 1000, 4;
1, 256, 0, 0, 0, 0, 4, 999, 2;
1, 256, 0, 0, 0, 0, 5, 1000, 3;
1, 256, 1, 1, 1, 1, 5, 1000, 3;
1, 256, 0, -1, -1, -1, 4, 999, 2;
1, 256, 0, 0, 0, 0, 4, 999, 2;
1, 256, 0, 0, 0, 0, 5, 1000, 3;
1, 256, 1, 1, 1, 1, 6, 1001, 4;
1, 256, 0, -1, -1, -1, 4, 999, 2;
1, 256, 0, 1, 1, 1, 5, 1000, 3;
1, 256, 0, 0, 0, 0, 4, 999, 2;
1, 256, 0, 0, 0, 0, 5, 1000, 3;
1, 256, 0, 1, 1, 1, 5, 1000, 3;
1, 256, 0, -1, -1, -1, 4, 998, 1;
1, 256, 0, -1, -1, -1, 4, 998, 1;
1, 256, 0, 0, 0, 0, 5, 1000, 3;
1, 256, 0, -1, -1, -1, 4, 999, 2;
1, 256, 0, -1, -1, -1, 4, 998, 2;
1, 256, 0, 1, 1, 1, 5, 1000, 3;
1, 256, 1, 1, 1, 1, 6, 1001, 4;
1, 256, 0, 0, 0, 0, 5, 1000, 3;
1, 256, 0, 0, 0, 0, 4, 999, 2;
1, 256, 0, -1, -1, -1, 4, 999, 2;
1, 256, 0, 1, 1, 1, 5, 1000, 3;
1, 256, 0, 0, 0, 0, 5, 999, 3;
1, 256, 0, 0, 0, 0, 4, 999, 2;
1, 256, 0, 0, 0, 0, 4, 999, 2;
1, 256, 0, 0, 0, 0, 5, 1000, 3;
1, 256, 0, 0, 0, 0, 4, 999, 2;
1, 256, 0, 0, 0, 0, 4, 999, 2;
1, 256, 0, 0, 0, 0, 5, 1000, 3;
1, 256, 1, 1, 1, 1, 6, 1000, 4;
1, 256, 0, 0, 0, 0, 4, 999, 2;
1, 256, 0, 0, 0, 0, 4, 999, 2;
1, 256, 0, 1, 1, 1, 5, 1000, 3;
1, 256, 0, 0, 0, 0, 5, 1000, 3;
1, 256, 0, 1, 1, 1, 5, 1000, 3;
1, 256, 0, 0, 0, 0, 4, 999, 2;
1, 256, 0, -1, -1, -1, 4, 999, 2;
1, 256, 0, 0, 0, 0, 5, 999, 3;
0, 256, 0, -1, -1, -1, 3, 998, 1;
1, 256, 0, 1, 1, 1, 5, 1000, 3;
1, 256, 1, 1, 1, 1, 6, 1001, 4;
1, 256, 0, 0, 0, 0, 4, 999, 2;
1, 256, 0, -1, -1, -1, 4, 998, 1;
1, 256, 0, -1, -1, -1, 3, 998, 1;
1, 256, 0, 0, 0, 0, 5, 1000, 3;
1, 256, 0, -1, -1, -1, 4, 998, 2;
1, 256, 0, 0, 0, 0, 5, 1000, 3;
1, 256, 0, 0, 0, 0, 5, 1000, 3;
1, 256, 0, 1, 1, 1, 5, 1000, 3;
1, 256, 0, 1, 1, 1, 5, 1000, 3;
1, 256, 0, -1, -1, -1, 4, 999, 2;
1, 256, 0, -1, -1, -1, 4, 999, 2;
1, 256, 0, 1, 1, 1, 5, 1000, 3;
1, 256, 0, 0, 0, 0, 4, 999, 2;
1, 256, 0, -1, -1, -1, 4, 999, 2;
1, 256, 0, -1, -1, -1, 4, 999, 2;
1, 256, 0, 0, 0, 0, 5, 999, 2;
1, 256, 0, 1, 1, 1, 5, 1000, 3;
1, 256, 0, 1, 1, 1, 5, 1000, 3;
1, 256, 0, 0, 0, 0, 4, 999, 2;
1, 256, 0, 1, 1, 1, 5, 1000, 3;
1, 256, 0, 0, 0, 0, 5, 1000, 3;
1, 256, 0, 0, 0, 0, 5, 1000, 3;
1, 256, 0, 0, 0, 0, 5, 1000, 3;
1, 256, 0, 0, 0, 0, 5, 1000, 3;
1, 256, 0, 0, 0, 0, 4, 999, 2;
1, 256, 0, 0, 0, 0, 4, 999, 2;
1, 256, 0, 0, 0, 0, 5, 999, 3;
1, 256, 0, 0, 0, 0, 4, 999, 2;
1, 256, 1, 1, 1, 1, 6, 1001, 4;
1, 256, 1, 1, 1, 1, 6, 1001, 4;
1, 256, 0, 0, 0, 0, 5, 1000, 3;
1, 256, 0, 0, 0, 0, 5, 1000, 3;
1, 256, 1, 1, 1, 1, 6, 1000, 4;
1, 256, 0, -1, -1, -1, 4, 999, 2;
1, 256, 0, 0, 0, 0, 5, 1000, 3;
1, 256, 0, -1, -1, -1, 4, 998, 1;
1, 256, 1, 1, 1, 1, 6, 1000, 3;
1, 256, 0, 1, 1, 1, 5, 1000, 3;
1, 256, 1, 1, 1, 1, 6, 1001, 4;
1, 256, 1, 1, 1, 1, 6, 1001, 4;
1, 256, 1, 1, 1, 1, 6, 1000, 3;
1, 256, 0, 0, 0, 0, 4, 999, 2;
1, 256, 1, 1, 1, 1, 6, 1001, 4;
1, 256, 0, -1, -1, -1, 4, 998, 2;
1, 256, 0, 0, 0, 0, 4, 999, 2;
1, 256, 0, 0, 0, 0, 4, 999, 2;
1, 256, 0, 0, 0, 0, 5, 1000, 3;
1, 256, 0, 1, 1, 1, 5, 1000, 3;
1, 256, 0, 0, 0, 0, 4, 999, 2;
1, 256, 0, 0, 0, 0, 4, 999, 2;
1, 256, 0, -1, -1, -1, 4, 999, 2;
1, 256, 0, 0, 0, 0, 5, 1000, 3;
1, 256, 0, -1, -1, -1, 4, 999, 2;
1, 256, 0, 1, 1, 1, 5, 1000, 3;
1, 256, 0, 0, 0, 0, 5, 1000, 3;
1, 256, 0, -1, -1, -1, 4, 999, 2;
1, 256, 0, 0, 0, 0, 5, 1000, 3;
1, 256, 0, 0, 0, 0, 4, 999, 2;
1, 256, 0, -1, -1, -1, 3, 998, 1;
1, 256, 0, -1, -1, -1, 4, 999, 2;
1, 256, 1, 1, 1, 1, 6, 1001, 4;
1, 256, 0, 0, 0, 0, 4, 999, 2;
1, 256, 0, -1, -1, -1, 4, 999, 2;
1, 256, 0, 0, 0, 0, 5, 1000, 3;
1, 256, 0, 0, 0, 0, 4, 999, 2;
1, 256, 0, -1, -1, -1, 4, 999, 2;
1, 256, 0, 0, 0, 0, 4, 999, 2;
1, 256, 0, 0, 0, 0, 4, 999, 2;
1, 256, 0, -1, -1, -1, 4, 998, 2;
1, 256, 0, 0, 0, 0, 4, 999, 2;
1, 256, 1, 1, 1, 1, 5, 1000, 3;
1, 256, 0, -1, -1, -1, 4, 999, 2;
1, 256, 0, 0, 0, 0, 5, 1000, 3;
1, 256, 0, -1, -1, -1, 4, 998, 1;
1, 256, 1, 1, 1, 1, 6, 1001, 4;
1, 256, 0, -1, -1, -1, 4, 998, 1;
1, 256, 1, 1, 1, 1, 6, 1001, 4;
1, 256, 0, 0, 0, 0, 4, 999, 2;
1, 256, 0, 0, 0, 0, 5, 999, 3;
1, 256, 0, 0, 0, 0, 5, 1000, 3;
1, 256, 0, -1, -1, -1, 4, 999, 2;
0, 256, 0, -1, -1, -1, 3, 998, 1;
1, 256, 0, -1, -1, -1, 3, 998, 1;
1, 256, 1, 1, 1, 1, 6, 1001, 4;
1, 256, 0, -1, -1, -1, 3, 998, 1;
1, 256, 0, 1, 1, 1, 5, 1000, 3;
1, 256, 0, 0, 0, 0, 5, 999, 3;
1, 256, 0, 0, 0, 0, 5, 1000, 3;
1, 256, 1, 1, 1, 1, 6, 1001, 4;
1, 256, 0, 0, 0, 0, 5, 1000, 3;
1, 256, 0, 1, 1, 1, 5, 1000, 3;
1, 256, 0, -1, -1, -1, 4, 998, 2;
1, 256, 0, 0, 0, 0, 4, 999, 2;
1, 256, 0, 0, 0, 0, 5, 1000, 3;
1, 256, 1, 1, 1, 1, 6, 1001, 4;
1, 256, 0, 0, 0, 0, 4, 999, 2;
1, 256, 0, 0, 0, 0, 5, 1000, 3;
1, 256, 0, 0, 0, 0, 5, 1000, 3;
1, 256, 0, 0, 0, 0, 5, 1000, 3;
1, 256, 1, 1, 1, 1, 6, 1000, 4;
1, 256, 0, 0, 0, 0, 5, 1000, 3;
1, 256, 0, 0, 0, 0, 4, 999, 2;
1, 256, 0, 1, 1, 1, 5, 1000, 3;
1, 256, 0, 0, 0, 0, 4, 999, 2;
1, 256, 0, 1, 1, 1, 5, 1000, 3;
1, 256, 0, 0, 0, 0, 4, 999, 2;
1, 256, 0, 0, 0, 0, 5, 1000, 3;
1, 256, 0, -1, -1, -1, 4, 999, 2;
0, 256, 0, -1, -1, -1, 3, 998, 1;
1, 256, 0, -1, -1, -1, 4, 999, 2;
1, 256, 0, -1, -1, -1, 4, 998, 1;
1, 256, 0, -1, -1, -1, 4, 998, 2;
1, 256, 0, 0, 0, 0, 5, 1000, 3;
1, 256, 1, 1, 1, 1, 6, 1001, 4;
1, 256, 0, 1, 1, 1, 5, 1000, 3;
1, 256, 0, 0, 0, 0, 5, 1000, 3;
1, 256, 0, -1, -1, -1, 4, 999, 2;
1, 256, 0, 0, 0, 0, 4, 999, 2;
0, 256, 0, -1, -1, -1, 3, 998, 1;
1, 256, 1, 1, 1, 1, 5, 1000, 3;
1, 256, 0, 0, 0, 0, 4, 999, 2;
1, 256, 0, -1, -1, -1, 4, 999, 2;
1, 256, 0, 0, 0, 0, 4, 999, 2;
1, 256, 0, 0, 0, 0, 4, 999, 2;
1, 256, 0, 0, 0, 0, 4, 999, 2;
1, 256, 1, 1, 1, 1, 6, 1001, 4;
1, 256, 0, -1, -1, -1, 4, 999, 2;
1, 256, 1, 1, 1, 1, 5, 1000, 3;
1, 256, 0, 0, 0, 0, 5, 1000, 3;
1, 256, 0, 0, 0, 0, 5, 1000, 3;
1, 256, 0, 0, 0, 0, 4, 999, 2;
1, 256, 1, 1, 1, 1, 6, 1001, 4;
1, 256, 0, 0, 0, 0, 4, 999, 2;
1, 256, 0, 0, 0, 0, 5, 1000, 3;
1, 256, 0, 0, 0, 0, 5, 1000, 3;
1, 256, 1, 1, 1, 1, 5, 1000, 3;
1, 256, 0, 0, 0, 0, 5, 1000, 3;
1, 256, 0, 0, 0, 0, 5, 1000, 3;
1, 256, 0, 0, 0, 0, 5, 1000, 3;
1, 256, 0, 0, 0, 0, 4, 999, 2;
1, 256, 0, 0, 0, 0, 5, 1000, 3;
1, 256, 0, 0, 0, 0, 5, 1000, 3;
1, 256, 0, 0, 0, 0, 4, 999, 2;
1, 256, 0, 0, 0, 0, 5, 1000, 3;
1, 256, 0, 0, 0, 0, 4, 999, 2;
1, 256, 1, 1, 1, 1, 6, 1001, 4;
1, 256, 0, 0, 0, 0, 4, 999, 2;
1, 256, 0, 0, 0, 0, 4, 999, 2;
1, 256, 0, 0, 0, 0, 5, 1000, 3;
1, 256, 0, 0, 0, 0, 4, 999, 2;
1, 256, 0, 0, 0, 0, 5, 1000, 3;
1, 256, 0, 0, 0, 0, 5, 1000, 3;
1, 256, 0, 0, 0, 0, 4, 999, 2;
1, 256, 0, 1, 1, 1, 5, 1000, 3;
1, 256, 0, 0, 0, 0, 5, 999, 3;
1, 256, 0, 1, 1, 1, 5, 1000, 3;
1, 256, 1, 1, 1, 1, 6, 1001, 4;
1, 256, 0, 0, 0, 0, 4, 999, 2;
1, 256, 0, -1, -1, -1, 4, 999, 2;
1, 256, 0, 0, 0, 0, 4, 999, 2;
1, 256, 0, 0, 0, 0, 4, 999, 2;
1, 256, 0, -1, -1, -1, 3, 998, 1;
1, 256, 0, 0, 0, 0, 4, 999, 2;
1, 256, 0, -1, -1, -1, 3, 998, 1;
1, 256, 1, 1, 1, 1, 5, 1000, 3;
1, 256, 0, -1, -1, -1, 4, 999, 2;
1, 256, 0, 0, 0, 0, 5, 999, 3;
1, 256, 0, 0, 0, 0, 4, 999, 2;
1, 256, 0, 0, 0, 0, 5, 1000, 3;
1, 256, 0, 0, 0, 0, 5, 999, 3;
1, 256, 0, 0, 0, 0, 5, 1000, 3;
1, 256, 0, -1, -1, -1, 4, 999, 2;
1, 256, 1, 1, 1, 1, 6, 1001, 4;
1, 256, 0, -1, -1, -1, 4, 999, 2;
1, 256, 0, -1, -1, -1, 4, 999, 2;
1, 256, 0, -1, -1, -1, 3, 998, 1;
1, 256, 1, 1, 1, 1, 6, 1001, 4;
1, 256, 0, 0, 0, 0, 4, 999, 2;
1, 256, 0, 1, 1, 1, 5, 1000, 3;
1, 256, 1, 1, 1, 1, 5, 1000, 3;
1, 256, 0, -1, -1, -1, 4, 999, 2;
1, 256, 0, -1, -1, -1, 3, 998, 1;
1, 256, 0, 0, 0, 0, 4, 999, 2;
1, 256, 0, 0, 0, 0, 4, 999, 2;
1, 256, 0, 0, 0, 0, 4, 999, 2;
1, 256, 0, 0, 0, 0, 4, 999, 2;
1, 256, 0, 0, 0, 0, 5, 999, 2;
1, 256, 0, 0, 0, 0, 4, 999, 2;
1, 256, 0, 0, 0, 0, 5, 999, 2;
1, 256, 0, 0, 0, 0, 5, 1000, 3;
1, 256, 0, 0, 0, 0, 4, 999, 2;
1, 256, 0, 0, 0, 0, 5, 1000, 3;
1, 256, 0, -1, -1, -1, 4, 999, 2;
1, 256, 0, -1, -1, -1, 3, 998, 1;
1, 256, 0, -1, -1, -1, 4, 999, 2;
1, 256, 0, 0, 0, 0, 5, 1000, 3;
1, 256, 0, 0, 0, 0, 5, 1000, 3;
1, 256, 0, 0, 0, 0, 5, 999, 3;
1, 256, 0, 0, 0, 0, 4, 999, 2;
1, 256, 0, 1, 1, 1, 5, 1000, 3;
1, 256, 1, 1, 1, 1, 5, 1000, 3;
1, 256, 0, 1, 1, 1, 5, 1000, 3;
1, 256, 1, 1, 1, 1, 5, 1000, 3;
1, 256, 0, 0, 0, 0, 4, 999, 2;
1, 256, 0, 0, 0, 0, 5, 1000, 3;
1, 256, 1, 1, 1, 1, 6, 1000, 4;
1, 256, 0, -1, -1, -1, 4, 999, 2;
1, 256, 0, 1, 1, 1, 5, 1000, 3;
1, 256, 0, 0, 0, 0, 4, 999, 2;
1, 256, 0, -1, -1, -1, 4, 998, 2;
1, 256, 0, -1, -1, -1, 4, 998, 1;
1, 256, 0, 0, 0, 0, 4, 999, 2;
1, 256, 0, 0, 0, 0, 5, 1000, 3;
1, 256, 0, 0, 0, 0, 4, 999, 2;
1, 256, 0, -1, -1, -1, 4, 999, 2;
1, 256, 0, -1, -1, -1, 3, 998, 1;
1, 256, 0, -1, -1, -1, 4, 998, 1;
1, 256, 0, 0, 0, 0, 4, 999, 2;
1, 256, 0, 0, 0, 0, 4, 999, 2;
1, 256, 0, 0, 0, 0, 4, 999, 2;
1, 256, 1, 1, 1, 1, 6, 1001, 4;
1, 256, 0, 1, 1, 1, 5, 1000, 3;
1, 256, 0, -1, -1, -1, 4, 999, 2;
1, 256, 0, 0, 0, 0, 4, 999, 2;
1, 256, 0, 0, 0, 0, 5, 1000, 3;
1, 256, 0, 0, 0, 0, 5, 1000, 3;
1, 256, 0, 0, 0, 0, 5, 1000, 3;
1, 256, 0, -1, -1, -1, 3, 998, 1;
1, 256, 0, 0, 0, 0, 5, 1000, 3;
1, 256, 0, 0, 0, 0, 5, 1000, 3;
1, 256, 0, 0, 0, 0, 4, 999, 2;
1, 256, 0, 0, 0, 0, 4, 999, 2;
1, 256, 0, 1, 1, 1, 5, 1000, 3;
1, 256, 0, -1, -1, -1, 4, 999, 2;
1, 256, 0, 0, 0, 0, 5, 999, 3;
1, 256, 0, 0, 0, 0, 5, 1000, 3;
1, 256, 0, 0, 0, 0, 5, 1000, 3;
1, 256, 1, 1, 1, 1, 6, 1000, 4;
1, 256, 0, 0, 0, 0, 5, 999, 3;
1, 256, 0, -1, -1, -1, 3, 998, 1;
1, 256, 0, 0, 0, 0, 4, 999, 2;
1, 256, 0, -1, -1, -1, 4, 999, 2;
1, 256, 0, -1, -1, -1, 3, 998, 1;
1, 256, 0, -1, -1, -1, 4, 998, 1;
1, 256, 0, 0, 0, 0, 5, 1000, 3;
1, 256, 0, 1, 1, 1, 5, 1000, 3;
1, 256, 0, 0, 0, 0, 4, 999, 2;
1, 256, 0, 0, 0, 0, 4, 999, 2;
1, 256, 0, -1, -1, -1, 4, 998, 1;
1, 256, 0, 0, 0, 0, 4, 999, 2;
1, 256, 0, -1, -1, -1, 4, 998, 1;
0, 256, 0, -1, -1, -1, 3, 998, 1;
1, 256, 1, 1, 1, 1, 5, 1000, 3;
1, 256, 0, 1, 1, 1, 5, 1000, 3;
1, 256, 0, 0, 0, 0, 4, 999, 2;
1, 256, 1, 1, 1, 1, 6, 1001, 4;
1, 256, 0, 0, 0, 0, 4, 999, 2;
1, 256, 0, 0, 0, 0, 5, 1000, 3;
1, 256, 0, 0, 0, 0, 5, 1000, 3;