1, 296, 14, 3, 413, 3, 4, 1156, 55;
-1, 292, 9, 16, 398, -10, -6, 1139, 37;
6, 298, 16, 63, 417, 9, 25, 1164, 63;
3, 293, 11, 76, 401, -4, 14, 1145, 45;
6, 295, 13, 107, 402, 0, 27, 1150, 51;
9, 295, 13, 136, 400, 2, 36, 1151, 53;
10, 294, 13, 160, 394, 0, 40, 1147, 51;
8, 290, 9, 175, 376, -10, 32, 1131, 37;
16, 295, 15, 219, 389, 8, 62, 1152, 61;
13, 290, 11, 231, 368, -4, 52, 1133, 44;
16, 290, 12, 259, 363, -1, 63, 1134, 49;
19, 291, 14, 288, 360, 4, 76, 1138, 56;
21, 291, 15, 314, 353, 6, 85, 1137, 59;
22, 289, 14, 333, 338, 3, 86, 1129, 55;
23, 288, 14, 356, 328, 4, 93, 1126, 56;
20, 282, 9, 362, 301, -10, 79, 1103, 38;
27, 287, 15, 400, 306, 7, 107, 1121, 60;
29, 286, 16, 421, 294, 9, 113, 1117, 62;
24, 279, 10, 421, 262, -8, 96, 1090, 40;
29, 282, 14, 452, 260, 4, 116, 1100, 56;
27, 276, 10, 456, 232, -7, 105, 1080, 41;
32, 279, 14, 484, 230, 5, 125, 1090, 57;
32, 277, 14, 498, 212, 4, 128, 1083, 56;
32, 275, 13, 508, 193, 1, 128, 1073, 53;
32, 272, 12, 516, 172, -2, 126, 1062, 48;
33, 270, 12, 528, 154, -1, 129, 1056, 48;
35, 270, 13, 541, 140, 1, 136, 1054, 53;
38, 271, 16, 558, 130, 9, 148, 1057, 63;
36, 267, 14, 559, 105, 3, 142, 1042, 55;
36, 264, 13, 563, 85, 1, 142, 1033, 53;
34, 260, 11, 560, 58, -5, 133, 1016, 43;
37, 261, 14, 573, 48, 3, 145, 1020, 55;
34, 257, 11, 567, 20, -5, 135, 1002, 43;
36, 257, 13, 574, 7, 0, 143, 1003, 52;
36, 254, 12, 572, -13, -1, 141, 993, 49;
34, 251, 10, 565, -38, -6, 133, 979, 42;
34, 249, 10, 562, -57, -6, 133, 972, 42;
36, 249, 13, 565, -70, 0, 140, 973, 51;
32, 244, 9, 550, -99, -9, 127, 954, 38;
32, 242, 9, 543, -118, -10, 125, 947, 38;
32, 242, 10, 539, -133, -6, 127, 944, 42;
30, 238, 9, 524, -156, -11, 118, 931, 36;
36, 243, 15, 534, -154, 7, 140, 949, 60;
35, 242, 16, 524, -170, 9, 139, 944, 62;
33, 239, 14, 507, -192, 4, 131, 932, 57;
33, 238, 15, 497, -205, 8, 132, 930, 61;
32, 236, 15, 482, -222, 7, 127, 923, 60;
28, 232, 12, 456, -248, -2, 111, 905, 47;
25, 228, 10, 434, -268, -7, 100, 892, 41;
27, 230, 13, 425, -274, 1, 107, 898, 52;
22, 225, 9, 394, -300, -10, 87, 878, 37;
21, 224, 9, 376, -313, -10, 83, 874, 38;
20, 223, 10, 356, -324, -8, 79, 870, 39;
24, 227, 15, 353, -318, 8, 96, 888, 61;
17, 220, 9, 312, -349, -10, 67, 860, 38;
19, 223, 13, 302, -346, 2, 77, 872, 54;
19, 224, 15, 283, -352, 6, 77, 874, 59;
17, 222, 14, 256, -364, 3, 67, 867, 55;
12, 218, 11, 221, -382, -5, 49, 852, 43;
9, 216, 9, 191, -394, -11, 36, 843, 37;
8, 216, 10, 169, -397, -8, 33, 844, 40;
8, 217, 11, 147, -399, -3, 32, 847, 46;
9, 220, 14, 130, -394, 5, 38, 858, 58;
8, 219, 15, 104, -397, 6, 32, 857, 58;
2, 215, 10, 64, -414, -7, 8, 838, 41;
4, 219, 15, 51, -402, 6, 19, 855, 58;
0, 216, 12, 15, -412, -2, 1, 844, 47;
1, 219, 15, -2, -403, 6, 5, 854, 58;
1, 220, 16, -25, -398, 10, 3, 860, 63;
-4, 217, 12, -63, -408, -1, -16, 846, 49;
-2, 221, 16, -78, -393, 11, -8, 863, 65;
-9, 216, 11, -122, -407, -6, -36, 842, 43;
-12, 214, 9, -153, -407, -10, -49, 838, 37;
-10, 219, 13, -168, -391, 0, -41, 854, 51;
-9, 222, 16, -184, -375, 9, -35, 868, 63;
-16, 217, 10, -227, -386, -7, -63, 849, 41;
-18, 218, 10, -252, -379, -8, -70, 851, 40;
-19, 219, 10, -275, -368, -6, -75, 856, 42;
-16, 224, 14, -286, -346, 6, -65, 875, 58;
-21, 221, 11, -320, -347, -5, -84, 865, 44;
-17, 228, 16, -325, -319, 11, -69, 890, 65;
-20, 227, 15, -352, -313, 6, -81, 888, 58;
-27, 223, 9, -389, -317, -10, -107, 872, 38;
-21, 232, 16, -387, -282, 12, -84, 905, 66;
-23, 232, 16, -408, -271, 9, -92, 907, 62;
-23, 234, 16, -424, -254, 12, -93, 915, 65;
-26, 234, 15, -445, -243, 8, -102, 916, 61;
-32, 231, 10, -477, -243, -8, -126, 902, 41;
-31, 235, 12, -485, -220, -1, -121, 916, 49;
-33, 235, 11, -503, -207, -4, -129, 918, 45;
-32, 238, 12, -511, -186, 0, -127, 929, 50;
-31, 241, 14, -517, -163, 5, -123, 943, 57;
-30, 245, 16, -522, -139, 11, -118, 957, 65;
-33, 244, 14, -539, -129, 3, -130, 955, 55;
-34, 245, 13, -549, -112, 1, -135, 959, 52;
-33, 249, 15, -551, -89, 6, -131, 972, 58;
-36, 248, 12, -566, -79, -2, -143, 967, 47;
-36, 250, 13, -568, -57, 0, -141, 978, 50;
-35, 253, 13, -568, -36, 2, -139, 988, 53;
-32, 258, 16, -561, -8, 11, -128, 1006, 64;
-37, 255, 12, -576, -2, -2, -146, 996, 47;
-39, 255, 10, -582, 10, -9, -153, 995, 39;
-37, 258, 11, -575, 34, -3, -146, 1009, 46;
-34, 263, 14, -563, 62, 4, -135, 1026, 56;
-38, 261, 10, -571, 68, -7, -150, 1018, 41;
-36, 264, 11, -561, 91, -3, -143, 1030, 46;
-34, 268, 13, -548, 117, 2, -133, 1046, 54;
-37, 266, 10, -551, 124, -8, -145, 1038, 40;
-32, 272, 14, -528, 155, 4, -127, 1061, 56;
-30, 275, 15, -514, 176, 8, -120, 1072, 60;
-36, 270, 9, -522, 175, -10, -140, 1055, 37;
-34, 272, 9, -508, 192, -10, -136, 1063, 38;
-31, 276, 12, -486, 217, -2, -123, 1078, 47;
-32, 276, 10, -477, 227, -7, -126, 1078, 41;
-29, 279, 12, -455, 248, -2, -115, 1090, 48;
-26, 283, 14, -431, 271, 5, -101, 1105, 57;
-27, 282, 12, -419, 279, -1, -105, 1103, 49;
-26, 283, 12, -401, 291, -2, -102, 1106, 47;
-25, 284, 11, -383, 303, -4, -99, 1109, 45;
-18, 290, 16, -346, 332, 12, -74, 1134, 66;
-21, 288, 13, -336, 332, 0, -82, 1124, 51;
-22, 286, 10, -322, 335, -7, -87, 1118, 42;
-17, 290, 13, -290, 354, 2, -70, 1134, 53;
-14, 293, 15, -261, 369, 6, -58, 1143, 59;
-12, 295, 16, -234, 380, 10, -48, 1150, 63;
-13, 293, 13, -217, 380, 1, -52, 1143, 53;
-13, 292, 12, -196, 383, -2, -51, 1141, 48;
-9, 294, 14, -165, 394, 3, -38, 1149, 54;
-5, 297, 16, -131, 407, 10, -21, 1161, 64;
-4, 297, 16, -106, 410, 9, -17, 1161, 62;
-7, 293, 10, -96, 398, -6, -30, 1142, 42;
-2, 297, 14, -57, 412, 5, -9, 1158, 57;
-3, 294, 12, -38, 406, -2, -12, 1149, 47;
2, 298, 16, 0, 419, 9, 9, 1164, 62;
-2, 291, 9, 6, 397, -11, -10, 1137, 36;
0, 293, 11, 38, 402, -6, 3, 1144, 43;
5, 296, 14, 75, 409, 3, 21, 1155, 54;
5, 293, 11, 94, 399, -4, 19, 1145, 45;
4, 291, 9, 114, 389, -10, 18, 1136, 38;
9, 294, 13, 151, 395, 0, 38, 1148, 51;
8, 291, 10, 169, 382, -7, 34, 1136, 41;
16, 296, 16, 212, 393, 10, 63, 1155, 63;
17, 295, 16, 237, 385, 9, 68, 1152, 62;
16, 291, 13, 253, 368, 0, 63, 1138, 51;
13, 287, 9, 264, 347, -11, 54, 1119, 36;
19, 290, 13, 301, 351, 1, 76, 1132, 53;
22, 290, 15, 328, 345, 6, 88, 1134, 58;
23, 289, 14, 349, 333, 5, 92, 1128, 57;
22, 285, 12, 363, 313, -2, 88, 1115, 48;
23, 284, 12, 384, 300, -2, 93, 1110, 48;
25, 284, 13, 405, 289, 0, 101, 1108, 51;
30, 286, 16, 434, 286, 10, 118, 1115, 64;
28, 282, 13, 444, 263, 2, 112, 1100, 53;
31, 281, 14, 464, 251, 5, 121, 1099, 58;
27, 275, 9, 464, 220, -9, 105, 1073, 38;
32, 277, 14, 492, 217, 3, 125, 1083, 54;
31, 275, 12, 502, 197, 0, 124, 1073, 50;
33, 273, 13, 515, 180, 0, 128, 1067, 51;
30, 269, 10, 517, 154, -8, 120, 1049, 40;
36, 272, 15, 543, 151, 6, 142, 1062, 59;
31, 264, 9, 534, 115, -11, 121, 1032, 36;
36, 267, 14, 556, 111, 3, 141, 1044, 55;
38, 267, 16, 569, 98, 9, 150, 1044, 62;
38, 265, 15, 571, 76, 6, 148, 1034, 59;
34, 259, 10, 562, 44, -6, 132, 1010, 42;
35, 258, 12, 569, 29, -2, 138, 1008, 47;
37, 258, 14, 577, 16, 3, 147, 1009, 55;
33, 252, 9, 563, -16, -10, 129, 984, 38;
35, 252, 11, 568, -30, -4, 136, 984, 45;
33, 249, 10, 560, -54, -9, 130, 971, 39;
33, 247, 10, 558, -71, -7, 131, 966, 41;
34, 247, 11, 557, -87, -4, 134, 963, 45;
31, 242, 9, 543, -113, -12, 123, 946, 35;
37, 247, 15, 556, -112, 8, 146, 965, 61;
36, 244, 14, 545, -133, 5, 141, 954, 57;
33, 241, 12, 529, -157, 0, 131, 940, 50;
32, 238, 12, 516, -177, -2, 125, 931, 47;
29, 235, 10, 498, -200, -8, 115, 917, 39;
30, 235, 11, 489, -212, -4, 117, 916, 45;
31, 235, 13, 481, -222, 2, 122, 918, 53;
27, 231, 11, 457, -247, -6, 107, 902, 43;
26, 229, 10, 440, -263, -7, 102, 895, 41;
25, 228, 10, 423, -277, -6, 98, 890, 42;
29, 232, 15, 421, -276, 9, 113, 904, 62;
25, 227, 13, 393, -298, 0, 98, 889, 51;
26, 228, 15, 379, -304, 7, 101, 892, 59;
21, 224, 11, 348, -327, -3, 83, 874, 46;
19, 222, 11, 324, -341, -5, 74, 867, 43;
22, 225, 15, 315, -337, 8, 86, 881, 61;
20, 224, 15, 292, -347, 8, 80, 877, 61;
20, 225, 16, 272, -353, 11, 79, 878, 65;
17, 223, 15, 245, -364, 9, 70, 872, 62;
14, 221, 14, 214, -377, 3, 56, 862, 55;
10, 218, 12, 182, -390, -2, 42, 851, 47;
7, 215, 9, 150, -403, -9, 27, 840, 38;
6, 215, 10, 126, -405, -7, 24, 842, 41;
4, 215, 10, 100, -409, -6, 18, 841, 42;
4, 217, 12, 79, -407, -1, 17, 846, 48;
4, 218, 13, 56, -405, 2, 16, 851, 54;
1, 217, 13, 27, -408, 0, 7, 848, 51;
0, 217, 13, 0, -409, 0, 0, 847, 50;
-2, 216, 12, -29, -412, -2, -10, 843, 47;
-6, 214, 10, -63, -417, -9, -24, 836, 39;
-4, 218, 13, -79, -403, 1, -17, 850, 53;
-7, 216, 11, -110, -406, -3, -31, 845, 46;
-11, 215, 10, -141, -406, -7, -42, 841, 41;
-12, 216, 10, -167, -401, -7, -49, 843, 41;
-15, 215, 9, -197, -399, -11, -60, 841, 36;
-17, 216, 9, -222, -392, -11, -66, 843, 36;
-12, 223, 15, -226, -364, 9, -47, 871, 62;
-17, 220, 12, -262, -367, -2, -67, 861, 48;
-20, 220, 10, -291, -362, -6, -79, 858, 42;
-17, 225, 14, -301, -340, 5, -69, 877, 57;
-24, 221, 9, -339, -345, -10, -94, 862, 38;
-18, 229, 16, -340, -312, 11, -73, 893, 65;
-22, 227, 14, -369, -308, 3, -88, 887, 55;
-23, 229, 14, -387, -293, 5, -91, 895, 57;
-23, 231, 15, -404, -277, 8, -92, 903, 60;
-24, 233, 16, -420, -261, 9, -95, 910, 62;
-26, 234, 15, -440, -248, 7, -102, 913, 60;
-28, 234, 14, -461, -237, 3, -111, 913, 54;
-33, 231, 10, -488, -234, -9, -130, 904, 39;
-31, 236, 13, -493, -208, 0, -122, 922, 51;
-30, 240, 15, -500, -185, 6, -118, 936, 58;
-34, 238, 12, -522, -177, -3, -133, 930, 47;
-31, 243, 14, -524, -151, 5, -124, 948, 58;
-35, 241, 11, -543, -142, -3, -138, 943, 46;
-35, 244, 12, -550, -122, -1, -138, 952, 48;
-34, 247, 14, -552, -98, 2, -134, 965, 54;
-32, 251, 16, -552, -73, 9, -127, 980, 62;
-32, 253, 16, -555, -53, 11, -127, 989, 64;
-37, 250, 11, -574, -48, -3, -146, 978, 46;
-34, 255, 14, -566, -20, 5, -135, 997, 57;
-35, 256, 13, -571, -3, 2, -139, 1000, 54;
-33, 260, 15, -564, 21, 9, -131, 1016, 62;
-35, 260, 13, -569, 34, 2, -139, 1015, 54;
-34, 263, 15, -562, 58, 6, -133, 1027, 59;
-32, 266, 16, -555, 80, 9, -128, 1038, 63;
-32, 268, 16, -549, 99, 10, -126, 1046, 63;
-38, 263, 9, -563, 98, -9, -149, 1028, 38;
-38, 265, 9, -555, 116, -10, -148, 1034, 38;
-35, 268, 11, -541, 140, -4, -139, 1048, 45;
-35, 270, 11, -531, 158, -4, -136, 1055, 45;
-29, 276, 16, -505, 190, 10, -115, 1079, 63;
-31, 276, 13, -500, 199, 2, -122, 1076, 53;
-30, 277, 13, -486, 216, 2, -118, 1082, 54;
-28, 280, 14, -469, 235, 5, -111, 1092, 57;
-29, 280, 13, -458, 246, 0, -113, 1092, 51;
-25, 284, 15, -432, 270, 9, -98, 1108, 62;
-30, 279, 10, -433, 266, -9, -117, 1091, 39;
-25, 284, 13, -403, 292, 2, -97, 1111, 54;
-26, 283, 11, -390, 298, -4, -101, 1107, 45;
-26, 283, 9, -376, 304, -11, -104, 1104, 37;
-20, 289, 14, -338, 333, 5, -78, 1129, 58;
-20, 288, 12, -322, 338, 0, -80, 1126, 50;
-19, 289, 12, -302, 346, -2, -77, 1127, 47;
-17, 291, 13, -274, 360, 1, -66, 1136, 53;
-12, 294, 16, -242, 378, 10, -49, 1150, 63;
-11, 295, 16, -217, 386, 10, -43, 1153, 64;
-9, 296, 16, -192, 393, 9, -38, 1155, 63;
-13, 291, 10, -184, 383, -6, -52, 1137, 42;
-6, 296, 15, -143, 403, 8, -27, 1157, 61;
-9, 293, 11, -129, 395, -4, -37, 1143, 44;
-7, 293, 11, -103, 398, -4, -30, 1144, 44;
-1, 298, 16, -61, 417, 10, -4, 1164, 64;
-2, 296, 13, -43, 410, 1, -8, 1154, 53;
2, 298, 16, -7, 419, 10, 8, 1165, 63;
0, 294, 11, 4, 405, -4, -3, 1147, 45;
3, 296, 14, 39, 412, 3, 13, 1157, 55;
7, 298, 16, 73, 417, 10, 28, 1164, 63;
3, 293, 11, 83, 398, -5, 15, 1143, 43;
10, 297, 16, 125, 410, 9, 40, 1161, 62;
9, 294, 12, 142, 396, 0, 35, 1147, 50;
9, 292, 11, 163, 386, -5, 35, 1139, 44;
13, 294, 14, 198, 389, 4, 53, 1149, 56;
14, 293, 13, 221, 380, 1, 56, 1143, 53;
13, 289, 11, 237, 364, -6, 52, 1130, 43;
18, 292, 14, 272, 366, 4, 72, 1140, 56;
22, 293, 16, 303, 363, 10, 86, 1145, 64;
22, 291, 15, 322, 349, 7, 87, 1136, 59;
20, 287, 12, 334, 328, -2, 80, 1120, 47;
22, 286, 12, 358, 319, 0, 88, 1118, 50;
23, 284, 12, 376, 304, -3, 90, 1110, 47;
26, 285, 14, 403, 298, 4, 104, 1115, 56;
27, 284, 14, 421, 284, 3, 108, 1109, 55;
31, 285, 16, 447, 277, 11, 122, 1113, 65;
32, 283, 16, 463, 260, 9, 124, 1105, 63;
28, 277, 11, 464, 230, -5, 110, 1081, 44;
30, 277, 13, 484, 219, 0, 120, 1082, 51;
34, 278, 15, 507, 211, 8, 134, 1086, 61;
33, 275, 13, 513, 188, 2, 130, 1072, 54;
33, 272, 13, 522, 168, 0, 129, 1062, 50;
37, 274, 16, 543, 160, 9, 145, 1068, 63;
36, 271, 15, 548, 138, 6, 142, 1057, 58;
31, 264, 9, 540, 104, -10, 124, 1029, 38;
38, 268, 15, 567, 104, 9, 150, 1047, 62;
33, 261, 10, 556, 69, -7, 131, 1019, 41;
35, 261, 12, 565, 55, -2, 138, 1018, 48;
37, 260, 13, 573, 40, 2, 144, 1017, 53;
35, 257, 11, 569, 15, -3, 137, 1002, 46;
35, 255, 12, 571, -1, -1, 140, 997, 48;
37, 255, 13, 575, -16, 2, 145, 995, 54;
36, 252, 13, 571, -37, 0, 142, 986, 51;
38, 253, 15, 575, -50, 7, 150, 987, 60;
33, 246, 10, 555, -84, -8, 130, 961, 40;
33, 245, 11, 552, -100, -5, 132, 957, 44;
34, 245, 12, 550, -115, 0, 136, 956, 49;
37, 247, 16, 553, -122, 10, 147, 963, 63;
33, 241, 12, 532, -152, -1, 130, 941, 49;
35, 242, 14, 528, -162, 5, 137, 944, 58;
29, 235, 9, 500, -197, -11, 113, 916, 37;
35, 240, 16, 508, -192, 10, 136, 937, 63;
34, 238, 16, 494, -209, 10, 133, 930, 63;
26, 230, 9, 459, -245, -10, 104, 899, 38;
29, 232, 13, 454, -249, 1, 114, 907, 52;
24, 227, 9, 426, -275, -9, 96, 888, 38;
30, 233, 16, 429, -269, 11, 117, 909, 64;
23, 226, 10, 392, -300, -6, 91, 881, 42;
22, 225, 11, 373, -313, -5, 86, 877, 43;
25, 228, 16, 368, -310, 9, 100, 892, 62;
23, 226, 15, 344, -324, 6, 92, 884, 59;
20, 224, 13, 316, -341, 1, 79, 873, 52;
16, 220, 10, 284, -360, -7, 63, 859, 41;
20, 225, 16, 279, -350, 11, 80, 879, 65;
16, 222, 14, 247, -367, 3, 65, 866, 55;
13, 219, 12, 218, -379, 0, 53, 857, 50;
12, 219, 12, 193, -386, 0, 47, 855, 50;
13, 221, 15, 177, -382, 8, 53, 864, 62;
12, 222, 16, 154, -385, 11, 49, 866, 65;
10, 221, 16, 126, -391, 9, 41, 862, 63;
7, 219, 14, 95, -398, 5, 29, 856, 58;
5, 219, 14, 68, -401, 5, 22, 855, 58;
0, 214, 10, 26, -418, -9, -2, 835, 39;
3, 220, 16, 19, -399, 10, 15, 859, 63;
-5, 213, 9, -30, -421, -12, -19, 832, 35;
-6, 214, 9, -55, -418, -10, -24, 834, 38;
-2, 219, 15, -65, -400, 6, -10, 856, 58;
-6, 217, 12, -100, -405, -1, -26, 847, 48;
-6, 219, 14, -120, -395, 4, -25, 856, 56;
-10, 218, 12, -152, -396, -1, -39, 850, 49;
-12, 218, 12, -179, -392, -2, -47, 851, 47;
-16, 215, 9, -214, -395, -11, -65, 842, 36;
-14, 220, 13, -226, -374, 1, -54, 861, 52;
-17, 220, 11, -255, -371, -3, -67, 858, 46;
-13, 225, 16, -264, -347, 11, -54, 880, 65;
-22, 220, 10, -308, -358, -9, -85, 858, 39;
-24, 220, 9, -334, -350, -11, -94, 858, 36;
-22, 224, 12, -344, -328, 0, -86, 877, 50;
-24, 225, 11, -369, -319, -3, -95, 877, 46;
-23, 229, 14, -381, -298, 4, -89, 893, 57;
-28, 225, 10, -414, -299, -9, -112, 880, 39;
-24, 232, 15, -417, -268, 6, -96, 905, 59;
-30, 228, 10, -449, -268, -7, -119, 893, 41;
-32, 230, 10, -467, -254, -8, -125, 897, 40;
-27, 237, 15, -466, -221, 8, -107, 924, 61;
-32, 234, 11, -492, -217, -3, -126, 915, 46;
-28, 241, 16, -490, -185, 12, -110, 941, 65;
-29, 242, 16, -505, -170, 9, -116, 944, 62;
-34, 239, 11, -530, -167, -4, -136, 933, 45;
-32, 244, 14, -532, -140, 4, -127, 951, 56;
-36, 242, 11, -550, -131, -4, -141, 946, 44;
-37, 243, 10, -561, -116, -8, -148, 949, 40;
-34, 249, 14, -555, -84, 4, -133, 972, 56;
-33, 252, 15, -557, -62, 7, -130, 983, 60;
-37, 250, 12, -571, -53, -2, -144, 978, 48;
-34, 255, 15, -565, -25, 6, -134, 996, 59;
-40, 251, 9, -584, -23, -10, -156, 981, 37;
-36, 257, 13, -573, 6, 0, -142, 1002, 50;
-38, 257, 11, -577, 20, -5, -148, 1003, 44;
-39, 257, 9, -580, 34, -10, -154, 1003, 37;
-34, 264, 14, -561, 69, 5, -134, 1030, 57;
-37, 262, 11, -566, 78, -4, -145, 1024, 44;
-39, 262, 9, -567, 90, -11, -152, 1023, 36;
-34, 268, 13, -545, 123, 2, -132, 1048, 54;
-32, 271, 14, -534, 143, 4, -128, 1057, 57;
-35, 269, 10, -536, 150, -6, -140, 1050, 42;
-29, 276, 16, -507, 186, 11, -114, 1079, 65;
-32, 274, 12, -507, 191, 0, -126, 1071, 50;
-33, 274, 11, -499, 203, -5, -129, 1071, 44;
-32, 275, 10, -486, 218, -6, -127, 1075, 42;
-29, 279, 13, -462, 242, 1, -113, 1091, 52;
-30, 279, 11, -452, 251, -5, -117, 1089, 44;
-28, 281, 12, -432, 268, -2, -110, 1098, 48;
-28, 281, 10, -419, 277, -7, -111, 1097, 41;
-27, 282, 10, -399, 291, -7, -106, 1102, 42;
-27, 282, 9, -382, 301, -10, -105, 1103, 38;
-19, 290, 16, -341, 334, 10, -74, 1133, 63;
-24, 284, 9, -341, 323, -11, -96, 1110, 36;
-22, 286, 10, -315, 337, -8, -86, 1119, 40;
-19, 288, 11, -289, 350, -5, -77, 1126, 44;
-14, 293, 15, -253, 372, 7, -55, 1145, 60;
-16, 290, 11, -241, 368, -5, -65, 1132, 44;
-15, 290, 10, -218, 373, -7, -61, 1132, 41;
-8, 296, 16, -175, 398, 10, -32, 1158, 64;
-10, 293, 12, -161, 392, -1, -41, 1145, 49;
-7, 295, 14, -129, 403, 4, -27, 1154, 56;
-4, 297, 15, -99, 410, 7, -16, 1160, 60;
-8, 291, 9, -91, 395, -10, -33, 1138, 37;
-4, 293, 11, -58, 403, -4, -19, 1146, 45;
-2, 295, 12, -28, 408, -1, -8, 1151, 49;
-3, 292, 9, -9, 400, -9, -12, 1140, 38;
-1, 292, 9, 17, 399, -9, -5, 1140, 38;
4, 296, 14, 58, 412, 4, 19, 1157, 56;
5, 295, 12, 80, 405, 0, 19, 1151, 50;
7, 296, 14, 111, 406, 3, 31, 1154, 55;
9, 295, 13, 136, 400, 2, 36, 1151, 53;
7, 291, 10, 152, 386, -7, 30, 1137, 41;
7, 289, 9, 173, 375, -12, 31, 1129, 35;
13, 293, 13, 212, 382, 1, 54, 1144, 53;
18, 295, 16, 246, 384, 10, 71, 1152, 64;
19, 293, 15, 268, 372, 7, 74, 1145, 60;
18, 290, 13, 284, 356, 0, 71, 1133, 51;
16, 286, 10, 298, 337, -8, 65, 1118, 40;
21, 289, 13, 332, 337, 2, 84, 1127, 53;
25, 290, 15, 360, 332, 8, 98, 1131, 61;
22, 284, 11, 367, 306, -4, 86, 1110, 45;
26, 286, 14, 396, 302, 3, 102, 1116, 55;
28, 285, 14, 418, 291, 5, 109, 1113, 58;
26, 280, 11, 425, 266, -4, 101, 1095, 45;
30, 282, 14, 453, 262, 5, 118, 1102, 58;
31, 281, 15, 471, 248, 7, 124, 1098, 60;
28, 276, 11, 473, 219, -5, 112, 1076, 43;
28, 272, 9, 483, 197, -10, 109, 1064, 37;
35, 278, 16, 518, 203, 11, 140, 1085, 64;
32, 272, 12, 517, 172, -1, 127, 1063, 48;
37, 274, 16, 540, 167, 10, 144, 1071, 64;
37, 272, 16, 549, 148, 9, 146, 1064, 63;
37, 270, 15, 555, 127, 7, 145, 1053, 59;
36, 267, 14, 559, 105, 3, 142, 1042, 55;
37, 265, 14, 566, 88, 5, 146, 1037, 57;
34, 260, 11, 561, 59, -4, 134, 1017, 44;
39, 263, 16, 580, 54, 9, 154, 1029, 63;
36, 259, 13, 573, 26, 0, 143, 1010, 52;
37, 258, 14, 578, 10, 4, 148, 1007, 56;
32, 251, 9, 561, -25, -12, 127, 979, 35;
35, 252, 12, 568, -35, -3, 138, 984, 47;
39, 254, 16, 579, -41, 9, 153, 993, 63;
33, 247, 10, 558, -77, -6, 132, 965, 42;
32, 245, 10, 551, -98, -8, 128, 955, 40;
35, 246, 13, 555, -106, 1, 139, 961, 53;
33, 243, 12, 542, -129, -2, 132, 949, 47;
37, 245, 15, 545, -135, 9, 144, 957, 62;
32, 239, 11, 522, -166, -4, 125, 934, 45;
36, 242, 16, 526, -168, 11, 142, 946, 65;
31, 236, 12, 499, -200, -3, 120, 922, 46;
34, 239, 16, 499, -204, 10, 134, 932, 63;
33, 237, 16, 485, -219, 11, 131, 927, 64;
29, 232, 13, 459, -245, 0, 114, 908, 51;
30, 234, 15, 450, -252, 8, 120, 913, 61;
26, 229, 12, 422, -277, -1, 103, 895, 49;
29, 232, 16, 417, -277, 11, 115, 906, 65;
23, 226, 12, 383, -305, -2, 92, 883, 47;
25, 227, 14, 371, -310, 5, 97, 888, 57;
23, 226, 14, 348, -323, 3, 90, 882, 55;
24, 227, 16, 334, -327, 11, 94, 888, 65;
22, 226, 16, 309, -339, 9, 86, 882, 63;
18, 222, 13, 279, -356, 2, 72, 869, 54;
19, 224, 16, 262, -358, 10, 75, 875, 63;
16, 222, 15, 234, -369, 6, 65, 868, 59;
14, 221, 14, 207, -378, 4, 56, 863, 57;
14, 222, 16, 187, -379, 9, 56, 866, 63;
8, 217, 11, 148, -398, -3, 33, 848, 46;
11, 221, 16, 136, -388, 11, 45, 864, 64;
2, 214, 9, 87, -414, -10, 10, 835, 37;
1, 214, 9, 61, -417, -10, 4, 835, 37;
0, 214, 10, 37, -416, -7, 1, 837, 41;
0, 216, 12, 17, -410, 0, 3, 846, 49;
2, 220, 16, 1, -399, 10, 10, 860, 64;
0, 219, 15, -28, -401, 7, 0, 856, 60;
-2, 218, 14, -58, -403, 4, -10, 853, 56;
-2, 221, 16, -78, -393, 11, -8, 862, 64;
-9, 216, 11, -121, -406, -5, -35, 843, 44;
-11, 216, 11, -148, -403, -6, -43, 844, 43;
-7, 222, 16, -158, -381, 10, -29, 866, 63;
-13, 218, 11, -198, -389, -4, -53, 851, 45;
-16, 217, 10, -227, -386, -7, -63, 849, 41;
-15, 221, 13, -243, -369, 1, -59, 863, 52;
-18, 220, 11, -273, -367, -4, -72, 858, 44;
-19, 221, 12, -295, -355, -3, -76, 864, 47;
-16, 226, 16, -305, -332, 9, -65, 884, 63;
-22, 223, 11, -341, -335, -4, -88, 871, 45;
-24, 224, 11, -363, -324, -4, -94, 875, 45;
-23, 227, 13, -378, -306, 0, -93, 886, 51;
-24, 229, 14, -395, -290, 3, -95, 894, 55;
-30, 226, 9, -429, -291, -11, -117, 881, 37;
-24, 234, 16, -425, -255, 10, -95, 914, 64;
-30, 230, 11, -458, -256, -5, -119, 899, 43;
-28, 234, 14, -466, -232, 3, -112, 916, 55;
-27, 239, 16, -472, -207, 12, -105, 933, 65;
-29, 238, 15, -492, -196, 6, -116, 932, 58;
-35, 235, 9, -521, -195, -9, -139, 918, 38;
-31, 242, 15, -516, -161, 6, -121, 945, 59;
-30, 245, 16, -523, -140, 10, -120, 956, 63;
-36, 242, 11, -548, -138, -5, -141, 943, 44;
-37, 243, 11, -557, -120, -6, -144, 949, 43;
-32, 249, 15, -549, -87, 8, -128, 974, 61;
-39, 245, 9, -575, -88, -11, -154, 956, 36;
-39, 247, 9, -577, -67, -9, -153, 966, 38;
-33, 255, 16, -561, -28, 9, -129, 997, 63;
-32, 258, 16, -561, -7, 11, -127, 1007, 65;
-39, 253, 10, -582, -8, -8, -153, 989, 39;
-38, 256, 11, -578, 14, -4, -148, 1001, 44;
-39, 256, 9, -581, 27, -10, -155, 1001, 37;
-39, 258, 9, -579, 46, -11, -155, 1007, 36;
-32, 267, 16, -553, 87, 10, -127, 1041, 64;
-36, 264, 11, -562, 91, -4, -143, 1030, 45;
-32, 269, 15, -543, 121, 7, -128, 1051, 59;
-34, 269, 13, -543, 132, 0, -135, 1049, 50;
-31, 273, 16, -524, 160, 9, -120, 1068, 62;
-31, 274, 14, -517, 173, 5, -123, 1069, 57;
-29, 277, 16, -500, 197, 11, -113, 1083, 64;
-30, 276, 13, -495, 205, 2, -120, 1078, 54;
-29, 278, 14, -480, 223, 4, -115, 1087, 56;
-28, 280, 14, -463, 241, 5, -109, 1095, 58;
-30, 278, 11, -459, 245, -5, -120, 1086, 43;
-25, 284, 15, -428, 273, 7, -99, 1108, 60;
-29, 280, 10, -425, 273, -7, -113, 1095, 41;
-28, 281, 9, -410, 283, -10, -112, 1096, 37;
-23, 286, 14, -376, 310, 3, -90, 1118, 54;
-26, 283, 9, -368, 309, -10, -101, 1106, 38;
-22, 287, 12, -340, 328, -3, -87, 1119, 47;
-20, 288, 12, -317, 340, -2, -81, 1124, 47;
-15, 293, 16, -281, 363, 10, -59, 1144, 64;
-17, 290, 12, -269, 360, -1, -68, 1133, 49;
-17, 290, 11, -249, 365, -5, -67, 1131, 44;
-11, 295, 15, -211, 387, 8, -44, 1151, 61;
-13, 291, 11, -198, 381, -4, -53, 1138, 45;
-10, 293, 12, -169, 390, 0, -42, 1145, 50;
-6, 296, 15, -136, 403, 6, -27, 1156, 59;
-9, 292, 11, -122, 395, -6, -36, 1142, 43;
-2, 298, 16, -78, 415, 11, -8, 1164, 64;
-4, 294, 12, -64, 405, -1, -17, 1150, 49;
-4, 292, 10, -44, 400, -8, -19, 1142, 40;
-3, 292, 9, -18, 400, -9, -14, 1140, 38;
-2, 292, 9, 7, 399, -10, -8, 1140, 38;
6, 298, 16, 55, 418, 10, 23, 1165, 63;
6, 297, 15, 79, 414, 7, 27, 1161, 60;
6, 295, 13, 100, 405, 1, 26, 1152, 53;
9, 296, 14, 130, 405, 5, 38, 1156, 58;
12, 296, 15, 159, 403, 8, 47, 1157, 61;
13, 295, 14, 183, 395, 5, 51, 1152, 58;
16, 296, 16, 214, 394, 11, 64, 1157, 65;
14, 292, 13, 228, 376, 0, 57, 1140, 51;
14, 290, 11, 247, 363, -4, 57, 1131, 45;
14, 287, 9, 265, 348, -10, 55, 1121, 38;
19, 290, 13, 301, 351, 1, 76, 1132, 52;
18, 286, 10, 315, 331, -7, 71, 1117, 41;
22, 287, 13, 345, 328, 0, 86, 1122, 51;
23, 286, 13, 366, 316, 0, 91, 1118, 51;
22, 283, 10, 378, 295, -7, 86, 1103, 41;
28, 286, 15, 413, 297, 7, 110, 1117, 60;
24, 279, 10, 415, 266, -8, 94, 1091, 39;
25, 278, 10, 433, 253, -8, 99, 1087, 40;
28, 279, 12, 457, 244, -1, 111, 1089, 48;
29, 277, 11, 470, 226, -3, 113, 1081, 46;
34, 280, 16, 498, 223, 9, 133, 1092, 63;
32, 275, 13, 502, 197, 0, 125, 1073, 51;
30, 271, 11, 508, 173, -6, 120, 1059, 42;
33, 272, 13, 527, 163, 0, 131, 1061, 51;
30, 266, 9, 525, 133, -11, 119, 1039, 36;
34, 268, 12, 545, 126, 0, 135, 1046, 50;
36, 268, 14, 557, 112, 4, 143, 1046, 56;
35, 264, 12, 559, 88, 0, 138, 1032, 50;
38, 265, 15, 572, 77, 6, 149, 1034, 59;
38, 263, 15, 576, 58, 6, 150, 1027, 59;
39, 262, 15, 580, 40, 8, 152, 1022, 61;
38, 259, 14, 579, 18, 5, 149, 1011, 57;
36, 255, 12, 572, -7, 0, 141, 996, 50;
33, 250, 10, 563, -35, -9, 130, 978, 39;
33, 248, 9, 559, -55, -10, 129, 970, 38;
36, 250, 13, 566, -64, 0, 140, 975, 50;
34, 247, 12, 558, -86, -3, 135, 964, 46;
39, 250, 16, 567, -89, 12, 153, 977, 66;
31, 240, 9, 536, -132, -12, 121, 939, 35;
37, 246, 15, 548, -129, 9, 145, 959, 62;
32, 240, 11, 525, -160, -4, 126, 936, 45;
34, 241, 14, 523, -169, 4, 135, 940, 56;
32, 238, 13, 507, -191, 0, 126, 928, 50;
31, 236, 13, 494, -208, 0, 123, 922, 51;
28, 232, 11, 473, -230, -5, 111, 908, 43;
27, 231, 11, 459, -246, -5, 109, 903, 44;
28, 231, 12, 446, -257, -1, 109, 902, 49;
29, 232, 15, 438, -263, 7, 116, 908, 60;
26, 228, 12, 411, -285, 0, 101, 893, 50;
22, 225, 11, 386, -305, -6, 89, 880, 42;
20, 223, 10, 363, -320, -9, 81, 872, 39;
21, 224, 11, 347, -327, -3, 82, 874, 46;
22, 226, 14, 335, -329, 5, 89, 882, 58;
22, 226, 15, 316, -336, 9, 87, 882, 62;
16, 220, 11, 279, -360, -4, 64, 861, 45;
14, 218, 10, 252, -373, -7, 54, 853, 41;
15, 220, 13, 236, -373, 0, 58, 860, 51;
13, 219, 12, 209, -382, -1, 50, 856, 49;
14, 221, 15, 193, -379, 8, 56, 865, 61;
7, 215, 10, 151, -402, -8, 28, 842, 40;
4, 214, 9, 122, -409, -11, 19, 837, 37;
8, 219, 15, 113, -396, 6, 34, 857, 58;
7, 219, 14, 86, -399, 6, 27, 856, 58;
7, 221, 16, 65, -396, 11, 28, 862, 65;
-1, 214, 10, 17, -418, -9, -4, 835, 39;
-2, 214, 10, -8, -418, -8, -10, 836, 40;
-2, 216, 12, -29, -411, -2, -9, 844, 48;
-6, 214, 9, -63, -417, -9, -25, 835, 38;
-3, 219, 15, -74, -399, 6, -12, 856, 58;
-5, 218, 14, -104, -399, 3, -22, 853, 54;
-10, 216, 11, -140, -404, -6, -41, 843, 43;
-11, 217, 12, -162, -396, -2, -43, 849, 47;
-10, 220, 14, -181, -383, 4, -40, 860, 56;
-14, 218, 11, -214, -384, -3, -57, 853, 46;
-12, 222, 15, -229, -366, 6, -50, 868, 59;
-19, 218, 10, -268, -373, -8, -75, 853, 40;
-20, 220, 10, -290, -362, -6, -78, 858, 42;
-19, 223, 12, -308, -346, 0, -77, 869, 49;
-24, 220, 9, -340, -346, -10, -95, 861, 37;
-21, 226, 13, -349, -321, 1, -85, 881, 53;
-24, 226, 12, -373, -312, 0, -93, 882, 50;
-25, 227, 12, -395, -301, -2, -100, 885, 47;
-24, 231, 15, -405, -279, 6, -94, 901, 58;
-31, 226, 9, -442, -282, -11, -121, 884, 36;
-28, 231, 13, -447, -256, 0, -111, 904, 50;
-28, 234, 14, -461, -237, 3, -111, 914, 54;
-33, 232, 10, -488, -233, -8, -130, 905, 40;
-27, 240, 16, -481, -196, 11, -107, 937, 65;
-34, 235, 10, -514, -199, -7, -135, 918, 41;
-36, 236, 9, -529, -185, -10, -142, 921, 37;
-32, 242, 14, -525, -152, 4, -125, 947, 56;
-33, 244, 14, -536, -135, 3, -129, 952, 55;
-38, 241, 9, -559, -131, -11, -150, 941, 37;
-33, 248, 14, -549, -96, 5, -130, 969, 58;
-34, 249, 14, -558, -79, 3, -135, 973, 55;
-38, 247, 10, -574, -72, -8, -151, 965, 40;
-39, 248, 9, -581, -56, -11, -155, 969, 37;
-38, 252, 11, -578, -31, -5, -149, 983, 43;
-34, 258, 15, -566, 0, 7, -133, 1006, 59;
-35, 258, 13, -571, 15, 2, -139, 1007, 53;
-33, 262, 15, -563, 40, 8, -132, 1022, 61;
-33, 264, 16, -559, 61, 10, -128, 1031, 63;
-33, 265, 15, -557, 78, 7, -131, 1035, 60;
-34, 266, 14, -556, 93, 3, -134, 1037, 55;
-35, 267, 13, -552, 109, 0, -136, 1041, 52;
-37, 266, 10, -553, 118, -7, -145, 1037, 41;
-34, 269, 12, -538, 142, -2, -136, 1051, 48;
-32, 273, 14, -522, 166, 4, -125, 1065, 56;
-33, 272, 12, -518, 177, -3, -132, 1063, 46;
-30, 276, 14, -498, 201, 3, -120, 1078, 55;
-31, 277, 13, -488, 214, 0, -121, 1080, 51;
-33, 275, 9, -484, 220, -9, -130, 1073, 38;
-30, 279, 12, -461, 243, -2, -117, 1088, 47;
-26, 283, 14, -437, 266, 5, -103, 1103, 57;
-26, 283, 13, -422, 277, 1, -103, 1104, 52;
-25, 284, 13, -403, 292, 2, -97, 1111, 54;
-25, 284, 11, -389, 299, -3, -100, 1108, 46;
-24, 285, 12, -368, 313, -2, -93, 1114, 48;
-23, 285, 11, -350, 321, -6, -93, 1114, 43;
-19, 289, 13, -320, 340, 1, -77, 1128, 53;
-17, 291, 14, -294, 354, 4, -68, 1136, 57;
-14, 293, 16, -266, 368, 9, -56, 1146, 63;
-12, 294, 16, -242, 377, 9, -50, 1149, 63;
-16, 290, 10, -234, 369, -6, -64, 1132, 42;
-10, 295, 15, -195, 390, 7, -41, 1152, 60;
-13, 291, 10, -184, 382, -7, -53, 1135, 41;
-12, 291, 9, -161, 385, -10, -50, 1135, 38;
-8, 294, 12, -127, 398, -1, -33, 1146, 48;
-5, 295, 13, -95, 406, 2, -21, 1154, 54;
-6, 293, 11, -76, 401, -4, -23, 1145, 44;
-4, 293, 11, -50, 403, -5, -17, 1145, 44;
-3, 293, 10, -24, 402, -6, -12, 1144, 42;
1, 296, 13, 11, 412, 2, 5, 1156, 54;
4, 298, 15, 44, 417, 8, 19, 1162, 61;
7, 298, 16, 72, 416, 9, 27, 1163, 62;
2, 292, 10, 80, 395, -8, 11, 1140, 40;
7, 294, 13, 116, 401, 0, 29, 1150, 51;
7, 292, 11, 137, 391, -5, 28, 1141, 44;
9, 292, 11, 164, 387, -4, 36, 1140, 45;
13, 294, 14, 198, 389, 3, 53, 1148, 55;
11, 290, 10, 211, 370, -7, 44, 1131, 41;
11, 288, 9, 232, 359, -11, 46, 1123, 36;
17, 290, 12, 268, 361, 0, 66, 1134, 50;
18, 289, 12, 290, 351, -1, 70, 1129, 48;
23, 292, 16, 326, 354, 11, 93, 1142, 65;
19, 285, 10, 329, 323, -7, 74, 1114, 41;
24, 288, 14, 363, 324, 4, 94, 1124, 56;
23, 284, 11, 375, 303, -3, 89, 1110, 46;
22, 281, 9, 388, 283, -10, 86, 1096, 38;
26, 282, 12, 416, 278, -1, 101, 1102, 48;
28, 282, 13, 438, 268, 1, 110, 1101, 53;
25, 276, 9, 441, 239, -11, 97, 1078, 36;
33, 282, 16, 481, 247, 11, 131, 1102, 65;
28, 274, 10, 475, 210, -8, 109, 1070, 39;
34, 278, 15, 507, 211, 8, 135, 1086, 62;
32, 274, 12, 510, 185, 0, 126, 1068, 50;
34, 273, 14, 526, 172, 3, 134, 1067, 55;
33, 270, 12, 530, 148, -2, 129, 1053, 47;
36, 271, 15, 549, 139, 6, 142, 1057, 58;
33, 265, 11, 546, 109, -4, 131, 1036, 45;
32, 262, 10, 549, 87, -8, 128, 1025, 40;
35, 263, 12, 561, 74, -2, 137, 1026, 48;
34, 260, 11, 563, 52, -4, 135, 1015, 44;
34, 258, 10, 564, 32, -6, 133, 1006, 42;
38, 260, 15, 579, 25, 6, 150, 1014, 58;
39, 259, 16, 583, 9, 9, 154, 1012, 63;
36, 254, 13, 573, -18, 0, 143, 993, 51;
33, 249, 10, 562, -47, -9, 130, 974, 39;
38, 252, 14, 574, -51, 5, 148, 985, 58;
38, 251, 15, 570, -69, 7, 149, 980, 59;
36, 248, 14, 562, -91, 4, 143, 969, 56;
34, 245, 12, 549, -115, -1, 135, 955, 49;
32, 241, 10, 535, -140, -7, 125, 941, 41;
33, 241, 12, 531, -152, -1, 130, 941, 48;
29, 236, 9, 511, -180, -11, 115, 922, 36;
31, 237, 11, 507, -189, -3, 122, 925, 46;
28, 234, 10, 489, -211, -8, 112, 913, 39;
30, 234, 12, 483, -221, -1, 118, 916, 49;
26, 230, 10, 459, -245, -9, 104, 900, 39;
31, 235, 15, 461, -242, 8, 122, 916, 61;
24, 227, 10, 426, -275, -9, 96, 888, 39;
22, 225, 9, 406, -292, -12, 88, 880, 35;
21, 224, 9, 387, -305, -11, 84, 875, 36;
22, 225, 11, 374, -312, -5, 88, 878, 44;
19, 222, 9, 348, -330, -10, 75, 867, 37;
17, 221, 9, 326, -342, -11, 70, 862, 37;
18, 222, 11, 310, -346, -4, 73, 866, 45;
17, 221, 12, 288, -356, -3, 68, 864, 46;
17, 221, 13, 269, -361, 0, 67, 865, 51;
12, 217, 10, 235, -380, -9, 49, 850, 39;
13, 219, 12, 217, -380, -1, 52, 856, 48;
11, 219, 12, 192, -387, -1, 46, 854, 49;
10, 218, 12, 167, -393, -1, 40, 852, 49;
10, 219, 14, 146, -393, 3, 40, 856, 55;
6, 217, 12, 114, -403, -2, 26, 847, 48;
6, 218, 14, 93, -401, 3, 26, 853, 55;
1, 214, 10, 54, -416, -8, 4, 837, 40;
2, 217, 13, 37, -407, 1, 10, 848, 52;
-3, 213, 9, -2, -421, -11, -12, 832, 36;
-4, 213, 9, -28, -419, -10, -17, 834, 38;
-6, 214, 9, -55, -418, -10, -23, 834, 38;
-7, 214, 10, -81, -416, -9, -29, 836, 39;
-8, 215, 10, -105, -410, -7, -33, 840, 42;
-8, 217, 12, -126, -401, -1, -32, 849, 49;
-5, 222, 16, -139, -383, 12, -22, 867, 66;
-13, 216, 10, -185, -397, -8, -54, 844, 40;
-12, 219, 13, -202, -383, 0, -50, 857, 51;
-15, 219, 12, -231, -379, -3, -60, 855, 46;
-17, 219, 11, -256, -372, -3, -67, 857, 46;
-14, 224, 15, -267, -350, 9, -57, 877, 62;
-15, 226, 16, -287, -337, 11, -59, 884, 65;
-24, 220, 9, -333, -350, -11, -93, 859, 37;
-24, 222, 10, -353, -336, -8, -96, 867, 40;
-26, 223, 10, -375, -325, -9, -102, 870, 39;
-25, 226, 12, -387, -304, -1, -98, 884, 48;
-25, 228, 12, -405, -290, 0, -101, 891, 50;
-26, 231, 14, -421, -272, 3, -101, 901, 55;
-24, 235, 16, -430, -249, 11, -95, 917, 65;
-27, 235, 15, -451, -238, 7, -105, 917, 59;
-28, 236, 14, -469, -225, 5, -111, 920, 57;
-31, 235, 12, -490, -215, -1, -123, 917, 48;
-29, 239, 15, -495, -190, 6, -116, 934, 59;
-34, 238, 11, -518, -183, -3, -132, 928, 46;
-34, 239, 11, -530, -166, -4, -136, 934, 45;
-31, 245, 15, -528, -136, 8, -122, 956, 61;
-35, 243, 12, -548, -129, -3, -139, 948, 46;
-34, 246, 13, -551, -106, 1, -135, 962, 53;
-32, 250, 16, -550, -80, 9, -127, 978, 62;
-37, 248, 11, -569, -74, -4, -146, 968, 45;
-33, 253, 15, -562, -44, 7, -132, 989, 59;
-38, 251, 11, -577, -37, -5, -149, 981, 43;
-40, 251, 9, -585, -24, -11, -157, 980, 36;
-33, 260, 16, -563, 16, 10, -130, 1014, 63;
-33, 261, 16, -563, 35, 9, -130, 1021, 62;
-35, 261, 14, -567, 48, 3, -137, 1020, 54;
-32, 265, 16, -556, 74, 10, -128, 1036, 63;
-36, 264, 12, -562, 82, -1, -141, 1029, 49;
-34, 266, 13, -553, 104, 2, -135, 1040, 53;
-34, 268, 13, -546, 122, 1, -133, 1047, 53;
-37, 266, 10, -548, 129, -8, -145, 1040, 39;
-30, 274, 16, -519, 167, 10, -118, 1071, 64;
-32, 273, 13, -517, 175, 1, -127, 1066, 52;
-34, 272, 11, -513, 185, -6, -133, 1063, 43;
-30, 277, 14, -489, 212, 4, -117, 1083, 56;
-29, 279, 14, -474, 229, 4, -113, 1089, 56;
-27, 281, 15, -457, 247, 7, -106, 1098, 59;
-31, 277, 9, -457, 246, -10, -123, 1083, 38;
-27, 282, 13, -429, 272, 1, -105, 1102, 52;
-27, 282, 11, -416, 280, -4, -107, 1101, 45;
-27, 282, 11, -399, 292, -6, -105, 1103, 43;
-25, 284, 11, -378, 306, -5, -99, 1109, 44;
-22, 287, 12, -352, 322, -1, -88, 1119, 49;
-23, 285, 10, -338, 326, -8, -92, 1114, 40;
-18, 290, 14, -302, 350, 4, -70, 1134, 56;
-16, 291, 14, -280, 360, 4, -65, 1137, 56;
-17, 290, 12, -263, 362, -2, -68, 1132, 47;
-12, 294, 15, -229, 380, 6, -50, 1147, 59;
-17, 289, 9, -223, 369, -11, -67, 1127, 36;
-12, 293, 12, -187, 386, -1, -48, 1142, 49;
-7, 296, 15, -151, 402, 8, -29, 1157, 61;
-8, 294, 12, -134, 398, 0, -33, 1148, 50;
-3, 298, 16, -96, 413, 10, -13, 1163, 64;
-2, 298, 15, -71, 414, 8, -9, 1162, 62;
-4, 294, 11, -57, 404, -3, -18, 1147, 46;
-4, 292, 10, -35, 400, -8, -17, 1141, 39;
17, 19, 9, 1744, 5252, 1447, 67, 77, 37;
9, 16, 4, 3206, 4857, 2599, 38, 63, 16;
5, 7, 6, 1591, 2012, 2261, 21, 29, 25;
6, 27, 5, 1865, 2051, 1809, 25, 105, 20;
15, 29, 12, 3255, 4866, 2228, 62, 113, 48;
0, 25, 7, 2406, 4293, 2162, 1, 99, 29;
16, 8, 9, 3445, 5261, 1827, 63, 34, 38;
3, 21, 11, 4395, 4345, 1982, 14, 82, 45;
20, 30, 6, 2659, 4865, 1844, 80, 117, 23;
4, 21, 1, 4005, 3243, 2576, 17, 84, 4;
4, 0, 4, 4072, 3894, 1959, 16, 2, 15;
2, 3, 7, 3587, 2950, 2634, 7, 14, 29;
4, 10, 8, 3608, 2806, 2233, 18, 39, 31;
5, 15, 12, 1886, 2594, 2303, 20, 58, 47;
17, 19, 3, 2956, 2400, 2319, 66, 75, 15;
17, 29, 5, 2611, 4532, 1419, 68, 113, 21;
20, 25, 11, 2260, 2902, 2860, 80, 98, 43;
9, 25, 6, 2289, 3558, 2294, 38, 99, 24;
7, 4, 9, 3832, 4043, 2365, 30, 16, 38;
19, 20, 11, 3980, 2738, 1295, 74, 80, 43;
3, 12, 9, 2137, 3191, 1058, 11, 49, 38;
7, 5, 6, 3729, 2448, 2308, 31, 20, 27;
6, 17, 2, 2069, 1889, 1900, 26, 68, 9;
1, 13, 3, 1486, 4728, 2036, 6, 53, 13;
7, 7, 1, 4122, 2690, 2349, 27, 28, 7;
15, 23, 8, 2332, 3084, 2452, 59, 91, 33;
14, 28, 9, 4239, 5346, 1302, 56, 112, 37;
8, 18, 1, 3693, 1980, 2207, 31, 72, 4;
0, 7, 7, 2699, 3217, 2377, 0, 29, 31;
8, 8, 11, 3473, 3846, 1241, 35, 31, 44;
2, 9, 4, 2537, 3956, 1282, 8, 37, 19;
0, 3, 6, 4277, 2130, 1995, 2, 13, 27;
15, 12, 6, 2791, 3715, 2611, 59, 50, 24;
5, 4, 11, 3423, 3159, 2093, 21, 16, 43;
14, 0, 9, 3973, 4976, 2361, 56, 3, 36;
5, 20, 1, 2149, 3323, 2792, 22, 80, 6;
20, 1, 11, 2802, 4802, 1825, 80, 7, 45;
13, 15, 3, 2263, 3124, 2471, 54, 58, 12;
9, 2, 1, 4150, 3864, 2886, 36, 11, 4;
20, 17, 7, 2356, 3913, 2100, 80, 68, 29;
20, 23, 6, 2873, 2785, 2577, 80, 92, 26;
1, 2, 0, 4316, 4219, 2467, 5, 10, 1;
20, 13, 5, 1971, 4610, 2648, 78, 51, 21;
2, 15, 3, 3448, 1878, 2897, 9, 59, 12;
6, 3, 2, 3511, 3219, 1186, 27, 12, 10;
10, 19, 0, 3579, 2609, 1964, 41, 77, 1;
4, 22, 1, 1766, 3385, 1420, 16, 89, 5;
4, 13, 11, 2254, 5224, 1185, 16, 51, 44;
12, 25, 10, 3815, 3827, 1370, 47, 100, 40;
15, 2, 1, 4219, 2364, 2321, 61, 10, 5;
13, 18, 10, 3956, 3148, 2040, 53, 71, 41;
9, 17, 13, 2530, 3349, 1888, 36, 67, 50;
4, 19, 4, 2250, 4558, 2363, 19, 77, 19;
10, 24, 1, 2895, 2271, 1097, 41, 97, 5;
5, 20, 2, 1726, 2539, 2448, 22, 78, 8;
4, 27, 8, 2616, 4333, 2764, 19, 107, 31;
0, 0, 7, 4366, 4414, 2630, 0, 3, 30;
17, 26, 5, 2487, 4059, 1356, 68, 102, 22;
2, 16, 9, 3904, 1913, 1786, 9, 62, 36;
5, 16, 11, 2765, 2691, 1981, 19, 64, 44;
10, 10, 5, 3484, 1985, 1096, 41, 42, 21;
4, 24, 1, 2060, 3961, 2006, 19, 94, 5;
5, 0, 2, 2848, 3120, 2425, 20, 0, 11;
13, 1, 4, 3536, 4490, 2134, 50, 7, 17;
12, 8, 0, 3457, 2109, 2305, 48, 33, 1;
17, 3, 1, 2529, 4684, 1872, 69, 13, 6;
0, 21, 1, 1897, 2666, 2769, 1, 84, 6;
19, 15, 6, 2379, 3793, 1917, 76, 60, 27;
4, 4, 11, 3901, 3140, 2258, 16, 16, 44;
11, 2, 0, 1696, 4175, 2658, 45, 11, 1;
5, 25, 10, 1973, 3256, 1570, 22, 99, 40;
4, 4, 4, 1834, 2364, 2483, 16, 16, 16;
12, 31, 8, 1773, 3535, 2088, 50, 121, 33;
10, 13, 8, 2566, 4543, 2456, 41, 53, 32;
19, 21, 3, 1796, 3316, 1001, 74, 84, 13;
14, 30, 5, 2493, 1815, 1616, 56, 120, 21;
1, 17, 3, 2664, 2661, 1050, 5, 66, 15;
12, 19, 3, 1893, 4625, 2897, 48, 75, 13;
10, 9, 6, 4327, 4819, 1842, 41, 36, 26;
13, 26, 1, 2639, 2374, 2046, 52, 105, 6;
588, 924, 408, 5221, 4565, 3090, 2296, 3603, 1592;
571, 763, 397, 5042, 4412, 2994, 2230, 2978, 1550;
583, 762, 453, 4821, 4215, 2853, 2276, 2973, 1767;
561, 789, 375, 4648, 4066, 2757, 2189, 3077, 1464;
604, 877, 369, 4449, 3890, 2633, 2358, 3421, 1441;
493, 735, 309, 4297, 3760, 2552, 1924, 2869, 1205;
572, 835, 413, 4150, 3634, 2474, 2232, 3259, 1611;
439, 755, 382, 3985, 3490, 2375, 1715, 2947, 1491;
485, 621, 302, 3821, 3344, 2273, 1894, 2422, 1178;
408, 659, 326, 3675, 3218, 2188, 1594, 2573, 1272;
499, 709, 309, 3527, 3088, 2099, 1948, 2766, 1207;
468, 709, 300, 3399, 2977, 2026, 1825, 2766, 1170;
420, 709, 262, 3254, 2848, 1935, 1641, 2765, 1023;
455, 711, 290, 3128, 2738, 1861, 1777, 2776, 1133;
376, 667, 221, 2999, 2624, 1781, 1469, 2602, 862;
370, 669, 209, 2869, 2509, 1699, 1444, 2610, 816;
337, 570, 245, 2756, 2410, 1632, 1315, 2223, 959;
352, 620, 209, 2681, 2349, 1601, 1374, 2419, 818;
340, 609, 239, 2548, 2229, 1511, 1327, 2378, 933;
326, 491, 181, 2445, 2138, 1448, 1272, 1916, 708;
335, 489, 198, 2352, 2057, 1394, 1307, 1910, 773;
320, 582, 171, 2270, 1987, 1350, 1251, 2270, 670;
283, 517, 203, 2174, 1902, 1290, 1105, 2019, 795;
276, 558, 174, 2096, 1834, 1246, 1076, 2177, 680;
260, 443, 146, 2029, 1778, 1213, 1015, 1729, 570;
272, 462, 153, 1914, 1673, 1130, 1061, 1805, 598;
215, 463, 153, 1865, 1633, 1112, 841, 1808, 600;
205, 479, 154, 1788, 1565, 1064, 800, 1868, 603;
188, 481, 125, 1695, 1481, 1000, 734, 1878, 488;
199, 437, 113, 1633, 1427, 964, 776, 1704, 443;
184, 435, 159, 1601, 1404, 960, 718, 1697, 620;
224, 411, 124, 1524, 1335, 908, 874, 1603, 487;
216, 470, 136, 1470, 1287, 877, 842, 1833, 530;
197, 463, 119, 1421, 1246, 852, 771, 1806, 467;
191, 457, 121, 1343, 1175, 796, 747, 1785, 475;
182, 415, 103, 1306, 1145, 781, 711, 1620, 401;
139, 396, 119, 1220, 1065, 715, 543, 1546, 464;
175, 386, 106, 1214, 1065, 729, 683, 1506, 417;
168, 383, 86, 1138, 994, 671, 656, 1496, 339;
159, 361, 86, 1097, 960, 649, 622, 1411, 338;
114, 408, 102, 1048, 916, 618, 448, 1594, 400;
135, 377, 76, 997, 870, 583, 527, 1473, 298;
125, 351, 83, 967, 845, 570, 490, 1369, 324;
111, 385, 85, 941, 823, 559, 434, 1505, 333;
105, 372, 69, 920, 807, 554, 410, 1453, 270;
103, 341, 59, 855, 747, 503, 404, 1330, 231;
113, 380, 60, 830, 726, 492, 441, 1482, 234;
92, 367, 69, 794, 694, 469, 359, 1432, 271;
93, 368, 50, 748, 651, 435, 365, 1436, 198;
100, 352, 67, 731, 639, 431, 392, 1372, 263;
101, 358, 63, 731, 642, 443, 396, 1398, 248;
101, 331, 60, 702, 616, 424, 397, 1292, 236;
89, 326, 59, 656, 574, 389, 349, 1275, 233;
76, 343, 40, 605, 526, 349, 296, 1340, 159;
81, 335, 54, 584, 509, 338, 317, 1307, 211;
65, 331, 51, 576, 503, 340, 257, 1291, 202;
68, 336, 57, 574, 504, 347, 265, 1313, 223;
79, 333, 43, 541, 474, 323, 308, 1302, 168;
70, 327, 45, 491, 426, 281, 274, 1278, 176;
62, 314, 45, 494, 432, 292, 243, 1224, 176;
58, 322, 45, 479, 419, 285, 229, 1256, 177;
60, 306, 35, 465, 408, 279, 236, 1194, 138;
67, 309, 43, 462, 407, 284, 262, 1205, 168;
49, 300, 38, 433, 380, 261, 191, 1172, 149;
55, 304, 34, 414, 363, 249, 214, 1189, 133;
47, 310, 34, 405, 356, 246, 184, 1212, 133;
43, 299, 37, 379, 332, 227, 168, 1167, 147;
40, 300, 30, 346, 301, 200, 156, 1170, 117;
42, 309, 29, 358, 315, 218, 166, 1207, 113;
49, 302, 33, 355, 314, 220, 194, 1178, 128;
42, 295, 25, 312, 272, 182, 165, 1152, 100;
42, 300, 29, 311, 272, 186, 167, 1173, 116;
37, 286, 28, 299, 262, 179, 147, 1116, 111;
36, 290, 19, 276, 241, 161, 141, 1134, 76;
33, 285, 29, 292, 258, 181, 132, 1114, 114;
36, 290, 21, 250, 218, 144, 140, 1132, 82;
32, 284, 19, 258, 226, 156, 126, 1111, 77;
28, 291, 26, 256, 226, 158, 112, 1137, 102;
34, 279, 17, 234, 205, 140, 133, 1088, 68;
27, 278, 17, 224, 196, 134, 107, 1086, 69;
1, 256, 0, 0, 0, 0, 4, 999, 2;
1, 256, 0, 0, 0, 0, 5, 1000, 3;
1, 256, 0, -1, -1, -1, 4, 998, 2;
1, 256, 0, 1, 1, 1, 5, 1000, 3;
1, 256, 1, 1, 1, 1, 6, 1001, 4;
1, 256, 0, -1, -1, -1, 4, 999, 2;
1, 256, 0, 0, 0, 0, 4, 999, 2;
1, 256, 1, 1, 1, 1, 6, 1001, 4;
1, 256, 0, -1, -1, -1, 4, 999, 2;
1, 256, 0, 0, 0, 0, 5, 1000, 3;
1, 256, 0, 1, 1, 1, 5, 1000, 3;
1, 256, 1, 1, 1, 1, 6, 1001, 4;
1, 256, 0, 1, 1, 1, 5, 1000, 3;
1, 256, 0, 0, 0, 0, 5, 1000, 3;
1, 256, 0, -1, -1, -1, 4, 999, 2;
1, 256, 0, 0, 0, 0, 4, 999, 2;
1, 256, 0, 1, 1, 1, 5, 1000, 3;
1, 256, 0, 0, 0, 0, 5, 1000, 3;
1, 256, 0, 1, 1, 1, 5, 1000, 3;
1, 256, 0, 0, 0, 0, 5, 1000, 3;
1, 256, 0, 0, 0, 0, 5, 1000, 3;
1, 256, 0, 1, 1, 1, 5, 1000, 3;
1, 256, 0, 0, 0, 0, 5, 1000, 3;
1, 256, 1, 1, 1, 1, 6, 1001, 4;
1, 256, 0, -1, -1, -1, 4, 999, 2;
1, 256, 0, -1, -1, -1, 4, 999, 2;
1, 256, 0, 1, 1, 1, 5, 1000, 3;
1, 256, 1, 1, 1, 1, 6, 1001, 4;
1, 256, 0, -1, -1, -1, 4, 999, 2;
1, 256, 0, 0, 0, 0, 4, 999, 2;
1, 256, 0, 0, 0, 0, 5, 1000, 3;
0, 256, 0, -1, -1, -1, 3, 998, 1;
1, 256, 0, -1, -1, -1, 3, 998, 1;
1, 256, 0, 0, 0, 0, 5, 1000, 3;
1, 256, 0, 0, 0, 0, 5, 999, 3;
1, 256, 0, 0, 0, 0, 5, 1000, 3;
1, 256, 0, 0, 0, 0, 4, 999, 2;
1, 256, 0, 0, 0, 0, 4, 999, 2;
1, 256, 0, 0, 0, 0, 4, 999, 2;
1, 256, 0, 0, 0, 0, 5, 1000, 3;
1, 256, 0, 0, 0, 0, 4, 999, 2;
1, 256, 1, 1, 1, 1, 6, 1001, 4;
1, 256, 0, 1, 1, 1, 5, 1000, 3;
1, 256, 0, 1, 1, 1, 5, 1000, 3;
1, 256, 1, 1, 1, 1, 6, 1000, 4;
1, 256, 0, 0, 0, 0, 4, 999, 2;
1, 256, 0, -1, -1, -1, 4, 998, 1;
1, 256, 1, 1, 1, 1, 6, 1000, 4;
1, 256, 1, 1, 1, 1, 6, 1001, 4;
1, 256, 0, 0, 0, 0, 5, 1000, 3;
1, 256, 1, 1, 1, 1, 6, 1001, 4;
1, 256, 0, 0, 0, 0, 5, 1000, 3;
1, 256, 1, 1, 1, 1, 6, 1001, 4;
1, 256, 1, 1, 1, 1, 5, 1000, 3;
1, 256, 0, 0, 0, 0, 5, 1000, 3;
1, 256, 1, 1, 1, 1, 6, 1000, 4;
1, 256, 0, 0, 0, 0, 4, 999, 2;
1, 256, 0, 0, 0, 0, 5, 1000, 3;
1, 256, 1, 1, 1, 1, 6, 1000, 4;
1, 256, 0, -1, -1, -1, 4, 999, 2;
1, 256, 1, 1, 1, 1, 6, 1000, 4;
1, 256, 0, -1, -1, -1, 4, 999, 2;
1, 256, 0, 0, 0, 0, 4, 999, 2;
1, 256, 1, 1, 1, 1, 6, 1001, 4;
1, 256, 0, -1, -1, -1, 4, 999, 2;
1, 256, 1, 1, 1, 1, 6, 1001, 4;
1, 256, 0, 0, 0, 0, 5, 1000, 3;
1, 256, 0, -1, -1, -1, 4, 999, 2;
1, 256, 0, -1, -1, -1, 3, 998, 1;
1, 256, 0, 1, 1, 1, 5, 1000, 3;
1, 256, 1, 1, 1, 1, 6, 1000, 3;
1, 256, 0, 0, 0, 0, 4, 999, 2;
1, 256, 0, 0, 0, 0, 4, 999, 2;
1, 256, 0, 1, 1, 1, 5, 1000, 3;
1, 256, 0, 0, 0, 0, 5, 1000, 3;
1, 256, 1, 1, 1, 1, 5, 1000, 3;
1, 256, 0, 0, 0, 0, 4, 999, 2;
1, 256, 0, 0, 0, 0, 5, 999, 2;
1, 256, 0, 1, 1, 1, 5, 1000, 3;
1, 256, 1, 1, 1, 1, 6, 1000, 3;
1, 256, 0, 1, 1, 1, 5, 1000, 3;
1, 256, 0, 0, 0, 0, 4, 999, 2;
1, 256, 0, 0, 0, 0, 5, 999, 3;
1, 256, 0, 1, 1, 1, 5, 1000, 3;
1, 256, 0, -1, -1, -1, 4, 999, 2;
1, 256, 0, 0, 0, 0, 5, 1000, 3;
1, 256, 0, 1, 1, 1, 5, 1000, 3;
1, 256, 0, 0, 0, 0, 4, 999, 2;
1, 256, 0, 0, 0, 0, 4, 999, 2;
1, 256, 0, 0, 0, 0, 4, 999, 2;
1, 256, 0, 0, 0, 0, 5, 1000, 3;
1, 256, 0, -1, -1, -1, 4, 999, 2;
1, 256, 1, 1, 1, 1, 6, 1001, 4;
1, 256, 0, 0, 0, 0, 4, 999, 2;
1, 256, 0, 0, 0, 0, 5, 1000, 3;
1, 256, 0, 0, 0, 0, 5, 1000, 3;
1, 256, 0, 0, 0, 0, 5, 999, 2;
1, 256, 0, 0, 0, 0, 4, 999, 2;
1, 256, 0, 0, 0, 0, 4, 999, 2;
1, 256, 0, 0, 0, 0, 5, 1000, 3;
1, 256, 0, 0, 0, 0, 5, 999, 3;
1, 256, 0, 0, 0, 0, 5, 1000, 3;
1, 256, 0, 0, 0, 0, 4, 999, 2;
1, 256, 0, -1, -1, -1, 4, 999, 2;
1, 256, 1, 1, 1, 1, 6, 1001, 4;
1, 256, 0, 0, 0, 0, 4, 999, 2;
1, 256, 1, 1, 1, 1, 6, 1000, 4;
1, 256, 1, 1, 1, 1, 6, 1000, 4;
1, 256, 0, 0, 0, 0, 5, 1000, 3;
1, 256, 0, 0, 0, 0, 4, 999, 2;
1, 256, 1, 1, 1, 1, 6, 1001, 4;
1, 256, 0, 0, 0, 0, 5, 1000, 3;
1, 256, 0, 0, 0, 0, 4, 999, 2;
1, 256, 0, 0, 0, 0, 5, 1000, 3;
1, 256, 0, 0, 0, 0, 5, 1000, 3;
1, 256, 0, -1, -1, -1, 4, 999, 2;
1, 256, 1, 1, 1, 1, 5, 1000, 3;
1, 256, 0, -1, -1, -1, 4, 999, 2;
1, 256, 0, 0, 0, 0, 5, 1000, 3;
1, 256, 0, 0, 0, 0, 4, 999, 2;
1, 256, 0, 0, 0, 0, 5, 1000, 3;
1, 256, 1, 1, 1, 1, 6, 1001, 4;
1, 256, 0, -1, -1, -1, 4, 999, 2;
1, 256, 0, 0, 0, 0, 4, 999, 2;
1, 256, 0, 1, 1, 1, 5, 1000, 3;
1, 256, 1, 1, 1, 1, 6, 1000, 3;
1, 256, 0, -1, -1, -1, 3, 998, 1;
1, 256, 0, -1, -1, -1, 4, 999, 2;
1, 256, 0, -1, -1, -1, 4, 998, 2;
1, 256, 1, 1, 1, 1, 6, 1000, 3;
1, 256, 0, 1, 1, 1, 5, 1000, 3;
1, 256, 0, 0, 0, 0, 4, 999, 2;
1, 256, 0, 0, 0, 0, 5, 999, 3;
1, 256, 0, -1, -1, -1, 4, 999, 2;
1, 256, 0, -1, -1, -1, 4, 999, 2;
1, 256, 0, 0, 0, 0, 4, 999, 2;
1, 256, 1, 1, 1, 1, 5, 1000, 3;
1, 256, 0, 0, 0, 0, 4, 999, 2;
1, 256, 0, -1, -1, -1, 3, 998, 1;
1, 256, 0, 0, 0, 0, 5, 1000, 3;
1, 256, 0, 1, 1, 1, 5, 1000, 3;
1, 256, 0, 0, 0, 0, 5, 1000, 3;
1, 256, 0, -1, -1, -1, 3, 998, 1;
1, 256, 0, -1, -1, -1, 4, 999, 2;
1, 256, 0, 0, 0, 0, 4, 999, 2;
1, 256, 1, 1, 1, 1, 6, 1001, 4;
1, 256, 0, 0, 0, 0, 5, 1000, 3;
1, 256, 0, -1, -1, -1, 4, 999, 2;
1, 256, 0, 0, 0, 0, 5, 999, 3;
1, 256, 0, -1, -1, -1, 4, 998, 1;
1, 256, 0, 0, 0, 0, 4, 999, 2;
1, 256, 0, 0, 0, 0, 4, 999, 2;
0, 256, 0, -1, -1, -1, 3, 998, 1;
1, 256, 0, 0, 0, 0, 5, 1000, 3;
1, 256, 1, 1, 1, 1, 6, 1001, 4;
1, 256, 0, 0, 0, 0, 4, 999, 2;
1, 256, 0, 0, 0, 0, 5, 1000, 3;
1, 256, 0, 0, 0, 0, 4, 999, 2;
1, 256, 0, 0, 0, 0, 4, 999, 2;
1, 256, 1, 1, 1, 1, 6, 1001, 4;
1, 256, 0, 0, 0, 0, 4, 999, 2;
1, 256, 1, 1, 1, 1, 5, 1000, 3;
1, 256, 0, 0, 0, 0, 4, 999, 2;
1, 256, 0, -1, -1, -1, 3, 998, 1;
1, 256, 0, -1, -1, -1, 3, 998, 1;
1, 256, 0, 0, 0, 0, 4, 999, 2;
1, 256, 0, 0, 0, 0, 4, 999, 2;
1, 256, 0, 0, 0, 0, 4, 999, 2;
1, 256, 1, 1, 1, 1, 6, 1001, 4;
1, 256, 0, -1, -1, -1, 4, 998, 2;
1, 256, 0, 0, 0, 0, 4, 999, 2;
1, 256, 1, 1, 1, 1, 6, 1001, 4;
1, 256, 0, 0, 0, 0, 4, 999, 2;
1, 256, 0, -1, -1, -1, 4, 999, 2;
1, 256, 0, 0, 0, 0, 5, 1000, 3;
1, 256, 0, 0, 0, 0, 5, 1000, 3;
0, 256, 0, -1, -1, -1, 3, 998, 1;
0, 256, 0, -1, -1, -1, 3, 998, 1;
1, 256, 0, -1, -1, -1, 4, 998, 2;
1, 256, 0, -1, -1, -1, 4, 999, 2;
1, 256, 0, 0, 0, 0, 4, 999, 2;
1, 256, 0, 0, 0, 0, 5, 1000, 3;
1, 256, 0, 0, 0, 0, 5, 1000, 3;
1, 256, 1, 1, 1, 1, 6, 1001, 4;
1, 256, 0, -1, -1, -1, 4, 999, 2;
1, 256, 1, 1, 1, 1, 6, 1001, 4;
1, 256, 0, 0, 0, 0, 5, 999, 3;
1, 256, 1, 1, 1, 1, 6, 1001, 4;
1, 256, 0, -1, -1, -1, 4, 999, 2;
1, 256, 0, 0, 0, 0, 5, 1000, 3;
1, 256, 0, 1, 1, 1, 5, 1000, 3;
1, 256, 0, 1, 1, 1, 5, 1000, 3;
1, 256, 0, 0, 0, 0, 4, 999, 2;
1, 256, 0, 0, 0, 0, 4, 999, 2;
1, 256, 0, 0, 0, 0, 4, 999, 2;
1, 256, 1, 1, 1, 1, 5, 1000, 3;
1, 256, 1, 1, 1, 1, 5, 1000, 3;
1, 256, 1, 1, 1, 1, 6, 1001, 4;
1, 256, 0, 1, 1, 1, 5, 1000, 3;
1, 256, 0, 0, 0, 0, 4, 999, 2;
1, 256, 0, -1, -1, -1, 4, 999, 2;
1, 256, 0, 0, 0, 0, 4, 999, 2;
1, 256, 0, -1, -1, -1, 4, 998, 1;
1, 256, 0, -1, -1, -1, 4, 999, 2;
1, 256, 0, 0, 0, 0, 4, 999, 2;
1, 256, 0, 0, 0, 0, 5, 999, 3;
1, 256, 0, 0, 0, 0, 5, 1000, 3;
1, 256, 0, 1, 1, 1, 5, 1000, 3;
1, 256, 0, 0, 0, 0, 4, 999, 2;
1, 256, 1, 1, 1, 1, 6, 1001, 4;
1, 256, 0, 0, 0, 0, 5, 1000, 3;
1, 256, 0, 0, 0, 0, 4, 999, 2;
1, 256, 0, 0, 0, 0, 5, 1000, 3;
1, 256, 1, 1, 1, 1, 6, 1001, 4;
1, 256, 1, 1, 1, 1, 6, 1000, 4;
1, 256, 0, 0, 0, 0, 4, 999, 2;
1, 256, 0, 0, 0, 0, 5, 1000, 3;
1, 256, 0, -1, -1, -1, 4, 999, 2;
1, 256, 0, 0, 0, 0, 5, 1000, 3;
1, 256, 0, 0, 0, 0, 5, 1000, 3;
1, 256, 0, 0, 0, 0, 4, 999, 2;
1, 256, 0, 0, 0, 0, 5, 1000, 3;
1, 256, 0, -1, -1, -1, 4, 999, 2;
1, 256, 0, 1, 1, 1, 5, 1000, 3;
1, 256, 0, 0, 0, 0, 5, 1000, 3;
1, 256, 0, 0, 0, 0, 5, 1000, 3;
1, 256, 0, 0, 0, 0, 5, 1000, 3;
1, 256, 0, 1, 1, 1, 5, 1000, 3;
1, 256, 0, 0, 0, 0, 5, 1000, 3;
1, 256, 0, 1, 1, 1, 5, 1000, 3;
1, 256, 0, -1, -1, -1, 4, 999, 2;
1, 256, 0, 0, 0, 0, 5, 1000, 3;
1, 256, 0, 1, 1, 1, 5, 1000, 3;
1, 256, 0, 0, 0, 0, 5, 999, 3;
1, 256, 0, 0, 0, 0, 5, 1000, 3;
1, 256, 0, 0, 0, 0, 5, 1000, 3;
1, 256, 0, 1, 1, 1, 5, 1000, 3;
1, 256, 0, 0, 0, 0, 5, 1000, 3;
1, 256, 0, 0, 0, 0, 5, 1000, 3;
1, 256, 0, -1, -1, -1, 4, 999, 2;
1, 256, 0, -1, -1, -1, 4, 999, 2;
1, 256, 0, -1, -1, -1, 4, 998, 2;
1, 256, 1, 1, 1, 1, 6, 1001, 4;
1, 256, 1, 1, 1, 1, 6, 1001, 4;
1, 256, 0, 1, 1, 1, 5, 1000, 3;
1, 256, 0, 0, 0, 0, 4, 999, 2;
1, 256, 0, 0, 0, 0, 5, 1000, 3;
1, 256, 0, 0, 0, 0, 4, 999, 2;
1, 256, 0, 0, 0, 0, 4, 999, 2;
1, 256, 0, 0, 0, 0, 5, 1000, 3;
1, 256, 0, 0, 0, 0, 4, 999, 2;
1, 256, 1, 1, 1, 1, 6, 1001, 4;
1, 256, 0, 1, 1, 1, 5, 1000, 3;
1, 256, 0, 1, 1, 1, 5, 1000, 3;
1, 256, 1, 1, 1, 1, 6, 1001, 4;
1, 256, 0, -1, -1, -1, 3, 998, 1;
1, 256, 0, 0, 0, 0, 4, 999, 2;
1, 256, 0, -1, -1, -1, 4, 999, 2;
1, 256, 0, 1, 1, 1, 5, 1000, 3;
1, 256, 0, 0, 0, 0, 4, 999, 2;
1, 256, 0, -1, -1, -1, 4, 999, 2;
1, 256, 0, -1, -1, -1, 3, 998, 1;
1, 256, 0, -1, -1, -1, 4, 999, 2;
1, 256, 0, 0, 0, 0, 4, 999, 2;
1, 256, 0, 0, 0, 0, 5, 1000, 3;
1, 256, 0, 0, 0, 0, 5, 1000, 3;
1, 256, 1, 1, 1, 1, 6, 1001, 4;
1, 256, 0, 0, 0, 0, 5, 1000, 3;
1, 256, 0, 0, 0, 0, 5, 1000, 3;
1, 256, 0, 0, 0, 0, 4, 999, 2;
1, 256, 0, 0, 0, 0, 5, 1000, 3;
1, 256, 0, 0, 0, 0, 5, 1000, 3;
1, 256, 1, 1, 1, 1, 5, 1000, 3;
1, 256, 0, 0, 0, 0, 4, 999, 2;
1, 256, 0, 0, 0, 0, 4, 999, 2;
1, 256, 0, 0, 0, 0, 5, 1000, 3;
1, 256, 0, 0, 0, 0, 4, 999, 2;
1, 256, 0, 0, 0, 0, 5, 1000, 3;
1, 256, 1, 1, 1, 1, 6, 1000, 4;
1, 256, 0, 0, 0, 0, 4, 999, 2;
1, 256, 0, 0, 0, 0, 5, 1000, 3;
1, 256, 0, 0, 0, 0, 4, 999, 2;
1, 256, 0, 0, 0, 0, 5, 1000, 3;
1, 256, 0, -1, -1, -1, 4, 999, 2;
1, 256, 0, 0, 0, 0, 4, 999, 2;
1, 256, 0, 0, 0, 0, 5, 1000, 3;
0, 256, 0, -1, -1, -1, 3, 998, 1;
1, 256, 0, 1, 1, 1, 5, 1000, 3;
1, 256, 0, 0, 0, 0, 5, 1000, 3;
1, 256, 0, -1, -1, -1, 4, 999, 2;
1, 256, 0, 0, 0, 0, 4, 999, 2;
1, 256, 0, -1, -1, -1, 4, 999, 2;
1, 256, 0, 0, 0, 0, 4, 999, 2;
1, 256, 0, -1, -1, -1, 4, 999, 2;
1, 256, 0, 0, 0, 0, 5, 1000, 3;
1, 256, 0, 1, 1, 1, 5, 1000, 3;
1, 256, 0, 0, 0, 0, 5, 1000, 3;
1, 256, 0, -1, -1, -1, 4, 999, 2;
1, 256, 0, -1, -1, -1, 4, 999, 2;
1, 256, 0, 0, 0, 0, 5, 999, 2;
1, 256, 0, 0, 0, 0, 5, 1000, 3;
1, 256, 0, 0, 0, 0, 5, 1000, 3;
1, 256, 0, 0, 0, 0, 4, 999, 2;
1, 256, 0, 0, 0, 0, 4, 999, 2;
1, 256, 0, 0, 0, 0, 5, 1000, 3;
1, 256, 0, 0, 0, 0, 5, 1000, 3;
1, 256, 0, 0, 0, 0, 5, 1000, 3;
1, 256, 0, 0, 0, 0, 4, 999, 2;
1, 256, 1, 1, 1, 1, 6, 1000, 4;
1, 256, 1, 1, 1, 1, 6, 1001, 4;
1, 256, 0, -1, -1, -1, 4, 998, 2;
1, 256, 1, 1, 1, 1, 6, 1000, 3;
1, 256, 0, -1, -1, -1, 4, 999, 2;
1, 256, 0, 0, 0, 0, 4, 999, 2;
1, 256, 0, 0, 0, 0, 4, 999, 2;
1, 256, 0, 0, 0, 0, 4, 999, 2;
1, 256, 0, 0, 0, 0, 5, 1000, 3;
1, 256, 0, -1, -1, -1, 4, 999, 2;
1, 256, 0, 0, 0, 0, 5, 1000, 3;
1, 256, 0, -1, -1, -1, 4, 998, 2;
1, 256, 0, -1, -1, -1, 3, 998, 1;
1, 256, 0, -1, -1, -1, 4, 999, 2;
1, 256, 0, -1, -1, -1, 4, 999, 2;
1, 256, 0, 0, 0, 0, 4, 999, 2;
1, 256, 0, 0, 0, 0, 4, 999, 2;
1, 256, 0, 1, 1, 1, 5, 1000, 3;
1, 256, 0, 0, 0, 0, 4, 999, 2;
1, 256, 0, -1, -1, -1, 4, 999, 2;
1, 256, 1, 1, 1, 1, 6, 1000, 4;
1, 256, 0, 0, 0, 0, 5, 1000, 3;
1, 256, 0, 0, 0, 0, 5, 1000, 3;
1, 256, 0, 1, 1, 1, 5, 1000, 3;
1, 256, 0, 0, 0, 0, 4, 999, 2;
1, 256, 0, 0, 0, 0, 5, 1000, 3;
1, 256, 0, 0, 0, 0, 5, 1000, 3;
1, 256, 0, 0, 0, 0, 5, 999, 3;
1, 256, 0, -1, -1, -1, 4, 999, 2;
1, 256, 0, 0, 0, 0, 5, 1000, 3;
1, 256, 0, 1, 1, 1, 5, 1000, 3;
1, 256, 0, 0, 0, 0, 5, 1000, 3;
1, 256, 0, -1, -1, -1, 3, 998, 1;
1, 256, 0, -1, -1, -1, 4, 999, 2;
1, 256, 0, 0, 0, 0, 5, 1000, 3;
1, 256, 1, 1, 1, 1, 6, 1001, 4;
1, 256, 0, -1, -1, -1, 4, 998, 2;
1, 256, 1, 1, 1, 1, 6, 1001, 4;
1, 256, 0, 0, 0, 0, 4, 999, 2;
1, 256, 0, 0, 0, 0, 4, 999, 2;
1, 256, 0, 0, 0, 0, 4, 999, 2;
1, 256, 0, 0, 0, 0, 5, 1000, 3;
1, 256, 0, 0, 0, 0, 5, 1000, 3;
1, 256, 0, 0, 0, 0, 5, 1000, 3;
1, 256, 0, -1, -1, -1, 4, 999, 2;
1, 256, 0, -1, -1, -1, 4, 999, 2;
1, 256, 1, 1, 1, 1, 6, 1000, 4;
1, 256, 0, 0, 0, 0, 4, 999, 2;
1, 256, 0, 0, 0, 0, 5, 1000, 3;
1, 256, 0, 0, 0, 0, 5, 1000, 3;
1, 256, 1, 1, 1, 1, 6, 1001, 4;
1, 256, 1, 1, 1, 1, 5, 1000, 3;
1, 256, 0, 0, 0, 0, 5, 1000, 3;
1, 256, 0, 0, 0, 0, 5, 1000, 3;
1, 256, 0, 0, 0, 0, 5, 1000, 3;
1, 256, 0, -1, -1, -1, 4, 999, 2;
1, 256, 0, 0, 0, 0, 5, 1000, 3;
1, 256, 1, 1, 1, 1, 6, 1001, 4;
1, 256, 0, 0, 0, 0, 5, 1000, 3;
1, 256, 1, 1, 1, 1, 6, 1001, 4;
1, 256, 0, -1, -1, -1, 4, 999, 2;
1, 256, 0, 1, 1, 1, 5, 1000, 3;
1, 256, 0, 0, 0, 0, 4, 999, 2;
1, 256, 0, 0, 0, 0, 4, 999, 2;
1, 256, 0, -1, -1, -1, 4, 998, 1;
1, 256, 0, -1, -1, -1, 4, 999, 2;
1, 256, 0, -1, -1, -1, 4, 998, 1;
1, 256, 0, 0, 0, 0, 4, 999, 2;
1, 256, 0, 0, 0, 0, 5, 999, 3;
1, 256, 0, 0, 0, 0, 5, 1000, 3;
1, 256, 0, -1, -1, -1, 4, 999, 2;
1, 256, 0, 0, 0, 0, 4, 999, 2;
1, 256, 0, 0, 0, 0, 5, 1000, 3;
1, 256, 0, 0, 0, 0, 4, 999, 2;
1, 256, 0, 0, 0, 0, 4, 999, 2;
1, 256, 0, 0, 0, 0, 4, 999, 2;
1, 256, 0, 0, 0, 0, 4, 999, 2;
1, 256, 0, -1, -1, -1, 4, 999, 2;
1, 256, 1, 1, 1, 1, 6, 1000, 4;
1, 256, 0, -1, -1, -1, 4, 999, 2;
1, 256, 1, 1, 1, 1, 6, 1000, 4;
1, 256, 0, 0, 0, 0, 5, 1000, 3;
1, 256, 0, 0, 0, 0, 4, 999, 2;
1, 256, 1, 1, 1, 1, 6, 1001, 4;
1, 256, 0, 0, 0, 0, 4, 999, 2;
1, 256, 0, 0, 0, 0, 5, 1000, 3;
1, 256, 0, 1, 1, 1, 5, 1000, 3;
1, 256, 0, 0, 0, 0, 5, 1000, 3;
1, 256, 0, 0, 0, 0, 4, 999, 2;
1, 256, 0, 0, 0, 0, 5, 1000, 3;
1, 256, 0, 0, 0, 0, 4, 999, 2;
1, 256, 0, 0, 0, 0, 4, 999, 2;
1, 256, 0, 0, 0, 0, 4, 999, 2;
1, 256, 0, -1, -1, -1, 4, 999, 2;
1, 256, 0, 0, 0, 0, 5, 1000, 3;
1, 256, 0, -1, -1, -1, 4, 999, 2;
1, 256, 0, 0, 0, 0, 5, 1000, 3;
1, 256, 0, 0, 0, 0, 5, 1000, 3;
1, 256, 0, -1, -1, -1, 4, 999, 2;
1, 256, 0, 0, 0, 0, 4, 999, 2;
1, 256, 0, 0, 0, 0, 5, 1000, 3;
1, 256, 0, 1, 1, 1, 5, 1000, 3;
1, 256, 0, 0, 0, 0, 4, 999, 2;
1, 256, 0, 0, 0, 0, 5, 999, 2;
1, 256, 0, -1, -1, -1, 4, 998, 1;
1, 256, 0, 0, 0, 0, 4, 999, 2;
1, 256, 0, 1, 1, 1, 5, 1000, 3;
1, 256, 0, 1, 1, 1, 5, 1000, 3;
1, 256, 1, 1, 1, 1, 6, 1001, 4;
1, 256, 1, 1, 1, 1, 6, 1000, 4;
1, 256, 0, 0, 0, 0, 4, 999, 2;
1, 256, 0, 0, 0, 0, 4, 999, 2;
1, 256, 0, -1, -1, -1, 4, 999, 2;
1, 256, 0, 0, 0, 0, 5, 1000, 3;
1, 256, 0, 0, 0, 0, 5, 999, 2;
1, 256, 0, 0, 0, 0, 5, 1000, 3;
1, 256, 0, 0, 0, 0, 4, 999, 2;
1, 256, 0, -1, -1, -1, 4, 999, 2;
1, 256, 0, 0, 0, 0, 4, 999, 2;
1, 256, 0, -1, -1, -1, 4, 998, 2;
1, 256, 0, 0, 0, 0, 5, 1000, 3;
1, 256, 1, 1, 1, 1, 6, 1000, 4;
1, 256, 0, 0, 0, 0, 5, 1000, 3;
1, 256, 0, -1, -1, -1, 4, 999, 2;
1, 256, 0, -1, -1, -1, 3, 998, 1;
1, 256, 0, -1, -1, -1, 4, 998, 2;
1, 256, 0, -1, -1, -1, 4, 999, 2;
1, 256, 0, 0, 0, 0, 5, 999, 3;
1, 256, 0, 0, 0, 0, 4, 999, 2;
1, 256, 0, 0, 0, 0, 5, 1000, 3;
1, 256, 0, 0, 0, 0, 5, 1000, 3;
1, 256, 0, 0, 0, 0, 4, 999, 2;
1, 256, 0, 0, 0, 0, 4, 999, 2;
1, 256, 1, 1, 1, 1, 6, 1001, 4;
1, 256, 0, -1, -1, -1, 3, 998, 1;
1, 256, 0, 0, 0, 0, 4, 999, 2;
1, 256, 0, 0, 0, 0, 4, 999, 2;
1, 256, 0, 0, 0, 0, 5, 1000, 3;
1, 256, 0, 0, 0, 0, 5, 1000, 3;
1, 256, 0, 0, 0, 0, 4, 999, 2;
1, 256, 1, 1, 1, 1, 5, 1000, 3;
1, 256, 0, 0, 0, 0, 4, 999, 2;
1, 256, 0, 0, 0, 0, 5, 1000, 3;
1, 256, 0, 0, 0, 0, 5, 1000, 3;
1, 256, 0, 0, 0, 0, 5, 1000, 3;
1, 256, 0, -1, -1, -1, 4, 999, 2;
1, 256, 0, 0, 0, 0, 4, 999, 2;
1, 256, 0, -1, -1, -1, 4, 999, 2;
1, 256, 0, 0, 0, 0, 4, 999, 2;
1, 256, 0, 0, 0, 0, 4, 999, 2;
1, 256, 0, -1, -1, -1, 4, 999, 2;
1, 256, 0, -1, -1, -1, 4, 999, 2;
1, 256, 0, 0, 0, 0, 5, 1000, 3;
1, 256, 0, 0, 0, 0, 5, 1000, 3;
1, 256, 0, 0, 0, 0, 4, 999, 2;
1, 256, 0, 0, 0, 0, 4, 999, 2;
1, 256, 0, 0, 0, 0, 5, 1000, 3;
1, 256, 0, 0, 0, 0, 5, 1000, 3;
1, 256, 0, 0, 0, 0, 4, 999, 2;
1, 256, 0, 0, 0, 0, 4, 999, 2;
1, 256, 1, 1, 1, 1, 5, 1000, 3;
1, 256, 0, 0, 0, 0, 5, 1000, 3;
1, 256, 1, 1, 1, 1, 6, 1001, 4;
0, 256, 0, -1, -1, -1, 3, 998, 1;
1, 256, 0, 0, 0, 0, 4, 999, 2;
1, 256, 0, -1, -1, -1, 4, 998, 2;
1, 256, 1, 1, 1, 1, 6, 1001, 4;
1, 256, 0, 0, 0, 0, 4, 999, 2;
1, 256, 0, 0, 0, 0, 4, 999, 2;
1, 256, 0, 0, 0, 0, 4, 999, 2;
1, 256, 0, 1, 1, 1, 5, 1000, 3;
1, 256, 0, -1, -1, -1, 4, 999, 2;
1, 256, 1, 1, 1, 1, 5, 1000, 3;
1, 256, 0, 0, 0, 0, 4, 999, 2;
1, 256, 0, 0, 0, 0, 5, 1000, 3;
1, 256, 1, 1, 1, 1, 6, 1001, 4;
1, 256, 0, 0, 0, 0, 5, 1000, 3;
1, 256, 0, 0, 0, 0, 4, 999, 2;
1, 256, 0, -1, -1, -1, 3, 998, 1;
1, 256, 0, 0, 0, 0, 4, 999, 2;
1, 256, 1, 1, 1, 1, 6, 1001, 4;
1, 256, 0, 1, 1, 1, 5, 1000, 3;
1, 256, 1, 1, 1, 1, 6, 1001, 4;
1, 256, 1, 1, 1, 1, 6, 1001, 4;
1, 256, 1, 1, 1, 1, 6, 1001, 4;
1, 256, 0, -1, -1, -1, 4, 999, 2;
1, 256, 0, 0, 0, 0, 5, 1000, 3;
1, 256, 0, 0, 0, 0, 5, 1000, 3;
1, 256, 0, -1, -1, -1, 4, 999, 2;
1, 256, 0, -1, -1, -1, 4, 999, 2;
1, 256, 0, 0, 0, 0, 4, 999, 2;
1, 256, 0, 0, 0, 0, 5, 999, 2;
1, 256, 0, 1, 1, 1, 5, 1000, 3;
1, 256, 0, 0, 0, 0, 5, 1000, 3;
1, 256, 0, 1, 1, 1, 5, 1000, 3;
1, 256, 0, -1, -1, -1, 4, 999, 2;
1, 256, 1, 1, 1, 1, 6, 1000, 3;
1, 256, 0, 0, 0, 0, 4, 999, 2;
1, 256, 1, 1, 1, 1, 6, 1001, 4;
1, 256, 0, 0, 0, 0, 5, 1000, 3;
1, 256, 0, -1, -1, -1, 4, 999, 2;
1, 256, 0, -1, -1, -1, 4, 999, 2;
1, 256, 1, 1, 1, 1, 6, 1000, 4;
1, 256, 0, 0, 0, 0, 4, 999, 2;
1, 256, 0, -1, -1, -1, 3, 998, 1;
1, 256, 0, 0, 0, 0, 5, 1000, 3;
1, 256, 1, 1, 1, 1, 6, 1001, 4;
1, 256, 0, -1, -1, -1, 4, 999, 2;
1, 256, 0, 0, 0, 0, 4, 999, 2;
1, 256, 0, 0, 0, 0, 5, 999, 3;
1, 256, 0, 0, 0, 0, 4, 999, 2;
1, 256, 0, 0, 0, 0, 4, 999, 2;
1, 256, 0, -1, -1, -1, 3, 998, 1;
1, 256, 0, -1, -1, -1, 4, 999, 2;
0, 256, 0, -1, -1, -1, 3, 998, 1;
1, 256, 0, 0, 0, 0, 5, 1000, 3;
1, 256, 0, 1, 1, 1, 5, 1000, 3;
1, 256, 0, 0, 0, 0, 4, 999, 2;
1, 256, 0, 0, 0, 0, 4, 999, 2;
1, 256, 0, 0, 0, 0, 4, 999, 2;
1, 256, 0, 0, 0, 0, 4, 999, 2;
1, 256, 0, 1, 1, 1, 5, 1000, 3;
1, 256, 1, 1, 1, 1, 6, 1001, 4;
1, 256, 0, 0, 0, 0, 4, 999, 2;
1, 256, 0, 0, 0, 0, 5, 1000, 3;
1, 256, 1, 1, 1, 1, 6, 1000, 3;
1, 256, 0, 0, 0, 0, 4, 999, 2;
1, 256, 0, 0, 0, 0, 4, 999, 2;
1, 256, 0, 0, 0, 0, 5, 1000, 3;
1, 256, 0, -1, -1, -1, 3, 998, 1;
1, 256, 0, 1, 1, 1, 5, 1000, 3;
1, 256, 0, 0, 0, 0, 4, 999, 2;
1, 256, 0, 0, 0, 0, 4, 999, 2;
1, 256, 0, 0, 0, 0, 4, 999, 2;
1, 256, 1, 1, 1, 1, 6, 1000, 3;
1, 256, 0, -1, -1, -1, 4, 999, 2;
1, 256, 1, 1, 1, 1, 6, 1001, 4;
1, 256, 0, 0, 0, 0, 5, 999, 2;
1, 256, 1, 1, 1, 1, 5, 1000, 3;
1, 256, 0, 0, 0, 0, 5, 1000, 3;
1, 256, 0, 0, 0, 0, 4, 999, 2;
1, 256, 0, -1, -1, -1, 4, 999, 2;
1, 256, 0, 0, 0, 0, 4, 999, 2;
1, 256, 1, 1, 1, 1, 6, 1001, 4;
1, 256, 1, 1, 1, 1, 5, 1000, 3;
1, 256, 0, 0, 0, 0, 5, 999, 2;
1, 256, 0, 0, 0, 0, 4, 999, 2;
1, 256, 0, 0, 0, 0, 5, 999, 2;
1, 256, 0, 0, 0, 0, 5, 1000, 3;
1, 256, 0, 0, 0, 0, 5, 999, 3;
1, 256, 0, -1, -1, -1, 4, 999, 2;
1, 256, 0, 0, 0, 0, 5, 999, 3;
1, 256, 0, -1, -1, -1, 4, 999, 2;
1, 256, 1, 1, 1, 1, 6, 1001, 4;
1, 256, 0, 0, 0, 0, 4, 999, 2;
1, 256, 0, 1, 1, 1, 5, 1000, 3;
1, 256, 0, 0, 0, 0, 4, 999, 2;
1, 256, 1, 1, 1, 1, 5, 1000, 3;
1, 256, 0, 0, 0, 0, 4, 999, 2;
1, 256, 0, 1, 1, 1, 5, 1000, 3;
1, 256, 0, 0, 0, 0, 5, 1000, 3;
1, 256, 0, -1, -1, -1, 3, 998, 1;
1, 256, 0, 0, 0, 0, 4, 999, 2;
1, 256, 1, 1, 1, 1, 6, 1000, 3;
1, 256, 0, 0, 0, 0, 4, 999, 2;
1, 256, 0, -1, -1, -1, 3, 998, 1;
1, 256, 0, -1, -1, -1, 4, 999, 2;
1, 256, 1, 1, 1, 1, 6, 1001, 4;
1, 256, 1, 1, 1, 1, 6, 1001, 4;
1, 256, 0, 1, 1, 1, 5, 1000, 3;
1, 256, 0, 0, 0, 0, 4, 999, 2;
1, 256, 0, 0, 0, 0, 5, 1000, 3;
1, 256, 0, 0, 0, 0, 5, 1000, 3;
1, 256, 0, -1, -1, -1, 4, 999, 2;
1, 256, 0, 0, 0, 0, 4, 999, 2;
1, 256, 0, 0, 0, 0, 5, 1000, 3;
1, 256, 0, 0, 0, 0, 4, 999, 2;
1, 256, 0, 0, 0, 0, 5, 1000, 3;
1, 256, 0, 0, 0, 0, 5, 1000, 3;
1, 256, 0, 0, 0, 0, 5, 1000, 3;
1, 256, 0, 0, 0, 0, 5, 1000, 3;
1, 256, 0, 0, 0, 0, 5, 1000, 3;
1, 256, 1, 1, 1, 1, 6, 1000, 4;
1, 256, 1, 1, 1, 1, 6, 1000, 4;
1, 256, 1, 1, 1, 1, 6, 1001, 4;
1, 256, 0, 0, 0, 0, 4, 999, 2;
1, 256, 0, 0, 0, 0, 4, 999, 2;
1, 256, 0, -1, -1, -1, 4, 999, 2;
1, 256, 0, 0, 0, 0, 5, 1000, 3;
1, 256, 1, 1, 1, 1, 5, 1000, 3;
1, 256, 0, 1, 1, 1, 5, 1000, 3;
1, 256, 0, 0, 0, 0, 4, 999, 2;
1, 256, 0, 0, 0, 0, 5, 999, 3;
1, 256, 1, 1, 1, 1, 6, 1001, 4;
1, 256, 0, -1, -1, -1, 4, 999, 2;
1, 256, 0, 0, 0, 0, 4, 999, 2;
1, 256, 0, 0, 0, 0, 5, 1000, 3;
1, 256, 1, 1, 1, 1, 6, 1001, 4;
1, 256, 0, 0, 0, 0, 5, 1000, 3;
1, 256, 0, 0, 0, 0, 5, 1000, 3;
1, 256, 0, -1, -1, -1, 4, 999, 2;
1, 256, 0, -1, -1, -1, 4, 999, 2;
1, 256, 0, -1, -1, -1, 3, 998, 1;
1, 256, 0, -1, -1, -1, 4, 999, 2;
1, 256, 0, 0, 0, 0, 4, 999, 2;
1, 256, 0, -1, -1, -1, 4, 999, 2;
1, 256, 0, 0, 0, 0, 5, 1000, 3;
1, 256, 1, 1, 1, 1, 6, 1001, 4;
1, 256, 0, 0, 0, 0, 5, 1000, 3;
1, 256, 0, 1, 1, 1, 5, 1000, 3;
1, 256, 0, 0, 0, 0, 5, 1000, 3;
1, 256, 0, 0, 0, 0, 5, 1000, 3;
1, 256, 1, 1, 1, 1, 6, 1000, 4;
1, 256, 0, 0, 0, 0, 4, 999, 2;
1, 256, 0, 1, 1, 1, 5, 1000, 3;
1, 256, 1, 1, 1, 1, 6, 1001, 4;
1, 256, 0, 0, 0, 0, 5, 1000, 3;
1, 256, 0, 0, 0, 0, 4, 999, 2;
1, 256, 0, 0, 0, 0, 4, 999, 2;
1, 256, 0, 0, 0, 0, 4, 999, 2;
1, 256, 0, 0, 0, 0, 4, 999, 2;
1, 256, 0, 0, 0, 0, 5, 1000, 3;
1, 256, 1, 1, 1, 1, 6, 1001, 4;
1, 256, 0, 0, 0, 0, 4, 999, 2;
1, 256, 0, -1, -1, -1, 3, 998, 1;
1, 256, 0, 0, 0, 0, 5, 1000, 3;
1, 256, 0, 1, 1, 1, 5, 1000, 3;
1, 256, 0, 0, 0, 0, 4, 999, 2;
1, 256, 1, 1, 1, 1, 6, 1000, 4;
1, 256, 0, 0, 0, 0, 5, 1000, 3;
1, 256, 0, 0, 0, 0, 4, 999, 2;
1, 256, 0, 0, 0, 0, 4, 999, 2;
1, 256, 0, 1, 1, 1, 5, 1000, 3;
1, 256, 0, 0, 0, 0, 5, 1000, 3;
1, 256, 0, -1, -1, -1, 4, 999, 2;
1, 256, 0, -1, -1, -1, 4, 999, 2;
1, 256, 0, 0, 0, 0, 4, 999, 2;
1, 256, 0, 0, 0, 0, 5, 1000, 3;
1, 256, 1, 1, 1, 1, 6, 1001, 4;
1, 256, 0, 0, 0, 0, 5, 1000, 3;
1, 256, 1, 1, 1, 1, 6, 1001, 4;
1, 256, 0, -1, -1, -1, 4, 998, 2;
1, 256, 1, 1, 1, 1, 6, 1000, 4;
1, 256, 0, 0, 0, 0, 5, 1000, 3;
1, 256, 0, 0, 0, 0, 5, 1000, 3;
1, 256, 0, -1, -1, -1, 4, 999, 2;
1, 256, 1, 1, 1, 1, 6, 1000, 3;
1, 256, 1, 1, 1, 1, 6, 1001, 4;
1, 256, 0, 0, 0, 0, 4, 999, 2;
1, 256, 0, 0, 0, 0, 5, 1000, 3;
1, 256, 0, 1, 1, 1, 5, 1000, 3;
1, 256, 0, 1, 1, 1, 5, 1000, 3;
1, 256, 0, 0, 0, 0, 5, 1000, 3;
1, 256, 0, 0, 0, 0, 5, 1000, 3;
1, 256, 0, -1, -1, -1, 4, 999, 2;
1, 256, 0, 0, 0, 0, 5, 1000, 3;
1, 256, 0, 1, 1, 1, 5, 1000, 3;
1, 256, 0, 1, 1, 1, 5, 1000, 3;
1, 256, 0, 0, 0, 0, 5, 999, 3;
1, 256, 1, 1, 1, 1, 6, 1001, 4;
1, 256, 0, 0, 0, 0, 4, 999, 2;
1, 256, 1, 1, 1, 1, 6, 1001, 4;
1, 256, 0, -1, -1, -1, 4, 999, 2;
1, 256, 0, 0, 0, 0, 5, 1000, 3;
1, 256, 0, -1, -1, -1, 4, 999, 2;
1, 256, 0, 0, 0, 0, 5, 1000, 3;
1, 256, 1, 1, 1, 1, 6, 1000, 3;
1, 256, 0, 0, 0, 0, 5, 1000, 3;
1, 256, 0, 0, 0, 0, 4, 999, 2;
1, 256, 0, 0, 0, 0, 5, 1000, 3;
1, 256, 0, 0, 0, 0, 5, 1000, 3;
1, 256, 0, -1, -1, -1, 4, 998, 2;
1, 256, 0, 0, 0, 0, 5, 1000, 3;
1, 256, 0, 0, 0, 0, 5, 1000, 3;
1, 256, 0, -1, -1, -1, 4, 999, 2;
1, 256, 0, 0, 0, 0, 4, 999, 2;
1, 256, 0, 0, 0, 0, 4, 999, 2;
1, 256, 0, 0, 0, 0, 5, 1000, 3;
1, 256, 0, 0, 0, 0, 5, 1000, 3;
1, 256, 0, 0, 0, 0, 5, 1000, 3;
1, 256, 0, -1, -1, -1, 4, 999, 2;
1, 256, 0, 0, 0, 0, 5, 1000, 3;
1, 256, 0, -1, -1, -1, 4, 999, 2;
1, 256, 0, -1, -1, -1, 4, 998, 1;
1, 256, 0, 1, 1, 1, 5, 1000, 3;
1, 256, 0, -1, -1, -1, 4, 998, 2;
0, 256, 0, -1, -1, -1, 3, 998, 1;
1, 256, 1, 1, 1, 1, 6, 1000, 3;
1, 256, 0, 0, 0, 0, 4, 999, 2;
1, 256, 0, -1, -1, -1, 4, 999, 2;
1, 256, 0, 1, 1, 1, 5, 1000, 3;
1, 256, 0, 0, 0, 0, 5, 1000, 3;
1, 256, 0, 0, 0, 0, 4, 999, 2;
1, 256, 1, 1, 1, 1, 6, 1001, 4;
1, 256, 1, 1, 1, 1, 6, 1001, 4;
1, 256, 0, 0, 0, 0, 5, 999, 3;
1, 256, 0, -1, -1, -1, 4, 999, 2;
1, 256, 0, 1, 1, 1, 5, 1000, 3;
1, 256, 0, 0, 0, 0, 5, 1000, 3;
1, 256, 0, 0, 0, 0, 4, 999, 2;
1, 256, 0, 0, 0, 0, 4, 999, 2;
1, 256, 0, 0, 0, 0, 4, 999, 2;
1, 256, 0, 0, 0, 0, 5, 1000, 3;
1, 256, 0, 0, 0, 0, 4, 999, 2;
1, 256, 0, 1, 1, 1, 5, 1000, 3;
1, 256, 0, 1, 1, 1, 5, 1000, 3;
1, 256, 1, 1, 1, 1, 5, 1000, 3;
1, 256, 1, 1, 1, 1, 5, 1000, 3;
1, 256, 0, 1, 1, 1, 5, 1000, 3;
0, 256, 0, -1, -1, -1, 3, 998, 1;
1, 256, 0, -1, -1, -1, 4, 999, 2;
1, 256, 0, -1, -1, -1, 4, 999, 2;
1, 256, 0, 0, 0, 0, 4, 999, 2;
1, 256, 0, 0, 0, 0, 5, 1000, 3;
1, 256, 0, 0, 0, 0, 4, 999, 2;
1, 256, 0, -1, -1, -1, 4, 999, 2;
1, 256, 0, -1, -1, -1, 4, 999, 2;
1, 256, 0, 0, 0, 0, 5, 1000, 3;
1, 256, 0, -1, -1, -1, 4, 999, 2;
1, 256, 0, 0, 0, 0, 5, 1000, 3;
1, 256, 0, 1, 1, 1, 5, 1000, 3;
1, 256, 0, -1, -1, -1, 4, 998, 2;
1, 256, 0, 0, 0, 0, 4, 999, 2;
1, 256, 0, 0, 0, 0, 4, 999, 2;
1, 256, 0, 0, 0, 0, 5, 1000, 3;
1, 256, 0, 0, 0, 0, 5, 1000, 3;
0, 256, 0, -1, -1, -1, 3, 998, 1;
1, 256, 0, 0, 0, 0, 4, 999, 2;
1, 256, 0, -1, -1, -1, 4, 999, 2;
1, 256, 0, -1, -1, -1, 4, 999, 2;
1, 256, 0, 0, 0, 0, 4, 999, 2;
1, 256, 0, 0, 0, 0, 5, 999, 3;
1, 256, 0, 0, 0, 0, 5, 999, 2;
1, 256, 0, 0, 0, 0, 4, 999, 2;
1, 256, 0, -1, -1, -1, 4, 999, 2;
1, 256, 0, -1, -1, -1, 4, 998, 2;
1, 256, 1, 1, 1, 1, 6, 1000, 4;
1, 256, 0, 1, 1, 1, 5, 1000, 3;
1, 256, 0, 0, 0, 0, 5, 1000, 3;
1, 256, 0, 0, 0, 0, 5, 1000, 3;
1, 256, 0, 0, 0, 0, 5, 999, 3;
1, 256, 0, 0, 0, 0, 4, 999, 2;
1, 256, 0, 1, 1, 1, 5, 1000, 3;
1, 256, 0, -1, -1, -1, 4, 998, 2;
1, 256, 0, 0, 0, 0, 5, 1000, 3;
1, 256, 1, 1, 1, 1, 6, 1001, 4;
1, 256, 0, -1, -1, -1, 4, 999, 2;
1, 256, 0, -1, -1, -1, 3, 998, 1;
1, 256, 0, 0, 0, 0, 4, 999, 2;
1, 256, 0, 1, 1, 1, 5, 1000, 3;
1, 256, 0, 0, 0, 0, 4, 999, 2;
1, 256, 0, -1, -1, -1, 3, 998, 1;
1, 256, 0, -1, -1, -1, 4, 999, 2;
1, 256, 0, 0, 0, 0, 5, 1000, 3;
1, 256, 0, 0, 0, 0, 4, 999, 2;
1, 256, 0, 0, 0, 0, 5, 1000, 3;
1, 256, 0, 1, 1, 1, 5, 1000, 3;
1, 256, 0, 0, 0, 0, 4, 999, 2;
1, 256, 0, 0, 0, 0, 4, 999, 2;
1, 256, 0, 0, 0, 0, 4, 999, 2;
1, 256, 0, 0, 0, 0, 4, 999, 2;
1, 256, 0, 0, 0, 0, 4, 999, 2;
1, 256, 0, 0, 0, 0, 5, 1000, 3;
1, 256, 0, 0, 0, 0, 4, 999, 2;
1, 256, 1, 1, 1, 1, 6, 1000, 4;
1, 256, 1, 1, 1, 1, 6, 1001, 4;
1, 256, 0, 0, 0, 0, 5, 1000, 3;
1, 256, 0, -1, -1, -1, 4, 999, 2;
1, 256, 0, 0, 0, 0, 5, 1000, 3;
1, 256, 0, 0, 0, 0, 5, 1000, 3;
1, 256, 0, 0, 0, 0, 5, 1000, 3;
1, 256, 1, 1, 1, 1, 6, 1001, 4;
1, 256, 0, 0, 0, 0, 5, 1000, 3;
1, 256, 0, 0, 0, 0, 4, 999, 2;
1, 256, 0, 1, 1, 1, 5, 1000, 3;
1, 256, 0, 1, 1, 1, 5, 1000, 3;
1, 256, 0, 0, 0, 0, 5, 1000, 3;
1, 256, 0, -1, -1, -1, 4, 999, 2;
1, 256, 0, 0, 0, 0, 5, 999, 2;
1, 256, 0, -1, -1, -1, 4, 998, 2;
1, 256, 0, 1, 1, 1, 5, 1000, 3;
1, 256, 1, 1, 1, 1, 5, 1000, 3;
0, 256, 0, -1, -1, -1, 3, 998, 1;
1, 256, 0, 0, 0, 0, 5, 1000, 3;
1, 256, 0, 1, 1, 1, 5, 1000, 3;
1, 256, 0, 0, 0, 0, 4, 999, 2;
1, 256, 0, -1, -1, -1, 4, 998, 2;
1, 256, 1, 1, 1, 1, 6, 1001, 4;
1, 256, 0, 0, 0, 0, 5, 1000, 3;
1, 256, 0, 0, 0, 0, 5, 1000, 3;
1, 256, 0, 0, 0, 0, 5, 1000, 3;
1, 256, 0, 0, 0, 0, 5, 1000, 3;
1, 256, 0, 0, 0, 0, 5, 1000, 3;
1, 256, 1, 1, 1, 1, 6, 1001, 4;
1, 256, 1, 1, 1, 1, 6, 1001, 4;
1, 256, 0, 0, 0, 0, 4, 999, 2;
1, 256, 0, 0, 0, 0, 5, 999, 3;
1, 256, 0, -1, -1, -1, 4, 999, 2;
1, 256, 0, 0, 0, 0, 4, 999, 2;
1, 256, 0, -1, -1, -1, 4, 999, 2;
1, 256, 0, 0, 0, 0, 4, 999, 2;
1, 256, 0, 0, 0, 0, 5, 1000, 3;
1, 256, 1, 1, 1, 1, 6, 1001, 4;
1, 256, 0, 0, 0, 0, 5, 1000, 3;
1, 256, 0, 0, 0, 0, 4, 999, 2;
1, 256, 0, 1, 1, 1, 5, 1000, 3;
1, 256, 0, 1, 1, 1, 5, 1000, 3;
1, 256, 0, 0, 0, 0, 5, 1000, 3;
1, 256, 0, 0, 0, 0, 5, 1000, 3;
1, 256, 0, 0, 0, 0, 4, 999, 2;
1, 256, 0, 0, 0, 0, 4, 999, 2;
1, 256, 0, 0, 0, 0, 5, 1000, 3;
1, 256, 0, -1, -1, -1, 4, 999, 2;
1, 256, 0, -1, -1, -1, 4, 999, 2;
0, 256, 0, -1, -1, -1, 3, 998, 1;
1, 256, 1, 1, 1, 1, 6, 1001, 4;
1, 256, 0, 0, 0, 0, 4, 999, 2;
1, 256, 0, -1, -1, -1, 4, 999, 2;
1, 256, 0, 0, 0, 0, 5, 1000, 3;
1, 256, 0, 0, 0, 0, 4, 999, 2;
1, 256, 0, -1, -1, -1, 4, 999, 2;
1, 256, 1, 1, 1, 1, 6, 1001, 4;
1, 256, 0, 0, 0, 0, 5, 1000, 3;
1, 256, 0, -1, -1, -1, 4, 999, 2;
1, 256, 0, 0, 0, 0, 4, 999, 2;
1, 256, 0, 0, 0, 0, 5, 1000, 3;
1, 256, 0, 1, 1, 1, 5, 1000, 3;
1, 256, 0, 0, 0, 0, 5, 1000, 3;
1, 256, 0, 0, 0, 0, 4, 999, 2;
1, 256, 0, 0, 0, 0, 5, 1000, 3;
1, 256, 0, 0, 0, 0, 5, 999, 3;
1, 256, 0, -1, -1, -1, 4, 999, 2;
1, 256, 0, -1, -1, -1, 3, 998, 1;
1, 256, 1, 1, 1, 1, 6, 1000, 4;
1, 256, 1, 1, 1, 1, 5, 1000, 3;
1, 256, 0, 0, 0, 0, 5, 1000, 3;
1, 256, 0, 0, 0, 0, 5, 999, 3;
1, 256, 0, -1, -1, -1, 3, 998, 1;
1, 256, 0, 0, 0, 0, 5, 1000, 3;
1, 256, 0, 1, 1, 1, 5, 1000, 3;
1, 256, 1, 1, 1, 1, 6, 1001, 4;
1, 256, 0, 1, 1, 1, 5, 1000, 3;
1, 256, 0, 0, 0, 0, 4, 999, 2;
1, 256, 0, 1, 1, 1, 5, 1000, 3;
1, 256, 1, 1, 1, 1, 6, 1000, 3;
1, 256, 0, 0, 0, 0, 4, 999, 2;
1, 256, 0, 0, 0, 0, 4, 999, 2;
1, 256, 0, 1, 1, 1, 5, 1000, 3;
1, 256, 0, 0, 0, 0, 5, 1000, 3;
1, 256, 0, 0, 0, 0, 5, 1000, 3;
1, 256, 0, 0, 0, 0, 5, 1000, 3;
1, 256, 0, 0, 0, 0, 4, 999, 2;
1, 256, 0, 0, 0, 0, 5, 999, 3;
1, 256, 0, 0, 0, 0, 4, 999, 2;
1, 256, 0, -1, -1, -1, 4, 998, 1;
1, 256, 0, 0, 0, 0, 5, 1000, 3;
1, 256, 0, 0, 0, 0, 4, 999, 2;
1, 256, 1, 1, 1, 1, 6, 1001, 4;
1, 256, 0, -1, -1, -1, 4, 998, 2;
1, 256, 0, 0, 0, 0, 5, 1000, 3;
1, 256, 0, 0, 0, 0, 5, 1000, 3;
1, 256, 0, 0, 0, 0, 5, 1000, 3;
1, 256, 1, 1, 1, 1, 6, 1001, 4;
1, 256, 0, -1, -1, -1, 4, 998, 1;
1, 256, 0, 0, 0, 0, 5, 1000, 3;
1, 256, 0, 1, 1, 1, 5, 1000, 3;
1, 256, 0, 1, 1, 1, 5, 1000, 3;
1, 256, 0, 0, 0, 0, 4, 999, 2;
1, 256, 0, 0, 0, 0, 5, 999, 2;
1, 256, 0, 0, 0, 0, 5, 1000, 3;
1, 256, 0, 0, 0, 0, 5, 1000, 3;
1, 256, 0, 0, 0, 0, 5, 1000, 3;
1, 256, 0, -1, -1, -1, 4, 998, 1;
1, 256, 0, 0, 0, 0, 5, 1000, 3;
1, 256, 0, -1, -1, -1, 4, 999, 2;
1, 256, 0, 0, 0, 0, 5, 1000, 3;
1, 256, 0, 0, 0, 0, 5, 1000, 3;
1, 256, 0, 0, 0, 0, 5, 1000, 3;
1, 256, 0, 0, 0, 0, 4, 999, 2;
1, 256, 0, 0, 0, 0, 4, 999, 2;
1, 256, 0, 1, 1, 1, 5, 1000, 3;
1, 256, 0, 1, 1, 1, 5, 1000, 3;
1, 256, 0, 0, 0, 0, 4, 999, 2;
1, 256, 0, -1, -1, -1, 4, 998, 2;
1, 256, 0, 1, 1, 1, 5, 1000, 3;
1, 256, 0, 0, 0, 0, 4, 999, 2;
1, 256, 0, 1, 1, 1, 5, 1000, 3;
0, 256, 0, -1, -1, -1, 3, 998, 1;
1, 256, 0, 0, 0, 0, 5, 1000, 3;
1, 256, 0, 0, 0, 0, 5, 1000, 3;
1, 256, 0, 1, 1, 1, 5, 1000, 3;
1, 256, 0, 0, 0, 0, 5, 1000, 3;
1, 256, 0, 0, 0, 0, 5, 1000, 3;
1, 256, 0, 0, 0, 0, 5, 1000, 3;
1, 256, 0, 0, 0, 0, 4, 999, 2;
1, 256, 1, 1, 1, 1, 6, 1001, 4;
1, 256, 0, 0, 0, 0, 5, 1000, 3;
1, 256, 0, 0, 0, 0, 4, 999, 2;
1, 256, 0, 0, 0, 0, 5, 1000, 3;
1, 256, 0, -1, -1, -1, 3, 998, 1;
1, 256, 0, 0, 0, 0, 5, 1000, 3;
1, 256, 1, 1, 1, 1, 6, 1001, 4;
1, 256, 0, -1, -1, -1, 4, 999, 2;
1, 256, 0, 1, 1, 1, 5, 1000, 3;
1, 256, 0, 0, 0, 0, 5, 1000, 3;
1, 256, 0, 0, 0, 0, 5, 1000, 3;
1, 256, 0, 0, 0, 0, 5, 1000, 3;
1, 256, 0, 0, 0, 0, 4, 999, 2;
1, 256, 1, 1, 1, 1, 6, 1001, 4;
1, 256, 0, 0, 0, 0, 4, 999, 2;
1, 256, 0, 0, 0, 0, 4, 999, 2;
1, 256, 0, -1, -1, -1, 4, 999, 2;
1, 256, 0, -1, -1, -1, 4, 998, 2;
1, 256, 0, 0, 0, 0, 4, 999, 2;
1, 256, 1, 1, 1, 1, 6, 1001, 4;
1, 256, 0, 0, 0, 0, 5, 1000, 3;
1, 256, 0, -1, -1, -1, 4, 999, 2;
1, 256, 0, 0, 0, 0, 5, 1000, 3;
1, 256, 1, 1, 1, 1, 5, 1000, 3;
1, 256, 0, 1, 1, 1, 5, 1000, 3;
1, 256, 0, 0, 0, 0, 4, 999, 2;
1, 256, 0, 1, 1, 1, 5, 1000, 3;
1, 256, 0, 1, 1, 1, 5, 1000, 3;
1, 256, 0, -1, -1, -1, 4, 999, 2;
1, 256, 0, 0, 0, 0, 5, 1000, 3;
1, 256, 0, 0, 0, 0, 4, 999, 2;
1, 256, 0, 0, 0, 0, 5, 1000, 3;
1, 256, 1, 1, 1, 1, 6, 1001, 4;
1, 256, 0, -1, -1, -1, 3, 998, 1;
1, 256, 0, 1, 1, 1, 5, 1000, 3;
1, 256, 0, 0, 0, 0, 5, 1000, 3;
1, 256, 1, 1, 1, 1, 6, 1000, 3;
1, 256, 0, 0, 0, 0, 4, 999, 2;
1, 256, 0, 0, 0, 0, 5, 1000, 3;
1, 256, 0, -1, -1, -1, 4, 999, 2;
1, 256, 1, 1, 1, 1, 6, 1000, 4;
1, 256, 1, 1, 1, 1, 6, 1001, 4;
1, 256, 0, 0, 0, 0, 5, 1000, 3;
1, 256, 0, 0, 0, 0, 5, 1000, 3;
1, 256, 0, 0, 0, 0, 5, 999, 2;
1, 256, 0, -1, -1, -1, 4, 998, 1;
1, 256, 0, 0, 0, 0, 5, 1000, 3;
1, 256, 0, 0, 0, 0, 4, 999, 2;
1, 256, 0, 0, 0, 0, 5, 1000, 3;
1, 256, 0, 0, 0, 0, 5, 1000, 3;
1, 256, 0, 0, 0, 0, 4, 999, 2;
1, 256, 1, 1, 1, 1, 6, 1001, 4;
1, 256, 0, 0, 0, 0, 4, 999, 2;
1, 256, 0, 0, 0, 0, 5, 1000, 3;
1, 256, 0, 0, 0, 0, 4, 999, 2;
1, 256, 0, 1, 1, 1, 5, 1000, 3;
1, 256, 0, 0, 0, 0, 5, 1000, 3;
1, 256, 1, 1, 1, 1, 6, 1001, 4;
1, 256, 0, 1, 1, 1, 5, 1000, 3;
1, 256, 0, 0, 0, 0, 5, 1000, 3;
1, 256, 0, 0, 0, 0, 5, 1000, 3;
1, 256, 0, 0, 0, 0, 5, 1000, 3;
1, 256, 0, -1, -1, -1, 4, 998, 2;
1, 256, 0, 0, 0, 0, 5, 1000, 3;
1, 256, 0, 1, 1, 1, 5, 1000, 3;
1, 256, 0, -1, -1, -1, 4, 999, 2;
1, 256, 0, 0, 0, 0, 5, 1000, 3;
1, 256, 0, 0, 0, 0, 4, 999, 2;
1, 256, 0, 0, 0, 0, 4, 999, 2;
1, 256, 0, 0, 0, 0, 4, 999, 2;
1, 256, 0, 0, 0, 0, 5, 1000, 3;
1, 256, 0, 0, 0, 0, 4, 999, 2;
1, 256, 0, 1, 1, 1, 5, 1000, 3;
1, 256, 0, 0, 0, 0, 5, 999, 3;
1, 256, 0, -1, -1, -1, 4, 999, 2;
1, 256, 0, 1, 1, 1, 5, 1000, 3;
1, 256, 1, 1, 1, 1, 6, 1001, 4;
1, 256, 0, -1, -1, -1, 4, 999, 2;
1, 256, 0, 1, 1, 1, 5, 1000, 3;
1, 256, 0, 0, 0, 0, 5, 1000, 3;
1, 256, 0, -1, -1, -1, 4, 998, 2;
1, 256, 0, 0, 0, 0, 5, 1000, 3;
1, 256, 0, -1, -1, -1, 4, 998, 2;
1, 256, 0, 0, 0, 0, 5, 1000, 3;
1, 256, 0, 0, 0, 0, 4, 999, 2;
1, 256, 0, 0, 0, 0, 5, 1000, 3;
1, 256, 0, 0, 0, 0, 4, 999, 2;
1, 256, 0, 0, 0, 0, 4, 999, 2;
1, 256, 0, -1, -1, -1, 4, 999, 2;
1, 256, 0, -1, -1, -1, 4, 999, 2;
1, 256, 1, 1, 1, 1, 6, 1000, 3;
1, 256, 0, 0, 0, 0, 5, 1000, 3;
1, 256, 0, -1, -1, -1, 4, 999, 2;
1, 256, 0, 0, 0, 0, 5, 1000, 3;
1, 256, 1, 1, 1, 1, 6, 1000, 3;
1, 256, 0, 0, 0, 0, 4, 999, 2;
1, 256, 0, -1, -1, -1, 4, 998, 1;
1, 256, 0, -1, -1, -1, 4, 998, 2;
1, 256, 0, -1, -1, -1, 4, 999, 2;
1, 256, 0, 1, 1, 1, 5, 1000, 3;
1, 256, 0, -1, -1, -1, 4, 999, 2;
1, 256, 0, 0, 0, 0, 5, 999, 2;
1, 256, 0, 0, 0, 0, 4, 999, 2;
1, 256, 0, -1, -1, -1, 4, 999, 2;
1, 256, 0, 0, 0, 0, 5, 1000, 3;
1, 256, 0, 0, 0, 0, 5, 999, 3;
1, 256, 0, 0, 0, 0, 5, 1000, 3;
1, 256, 0, -1, -1, -1, 4, 999, 2;
1, 256, 0, -1, -1, -1, 4, 998, 1;
1, 256, 0, -1, -1, -1, 4, 999, 2;
1, 256, 0, 0, 0, 0, 4, 999, 2;
1, 256, 0, -1, -1, -1, 4, 999, 2;
1, 256, 0, 0, 0, 0, 4, 999, 2;
1, 256, 0, 0, 0, 0, 5, 1000, 3;
1, 256, 0, -1, -1, -1, 4, 999, 2;
1, 256, 0, 0, 0, 0, 5, 1000, 3;
1, 256, 0, 0, 0, 0, 5, 999, 2;
1, 256, 0, 0, 0, 0, 5, 1000, 3;
1, 256, 0, 0, 0, 0, 4, 999, 2;
1, 256, 1, 1, 1, 1, 6, 1001, 4;
1, 256, 1, 1, 1, 1, 6, 1001, 4;
1, 256, 0, 0, 0, 0, 4, 999, 2;
1, 256, 1, 1, 1, 1, 6, 1001, 4;
1, 256, 0, -1, -1, -1, 4, 999, 2;
1, 256, 1, 1, 1, 1, 6, 1001, 4;
1, 256, 1, 1, 1, 1, 5, 1000, 3;
1, 256, 0, 0, 0, 0, 5, 1000, 3;
1, 256, 0, -1, -1, -1, 4, 999, 2;
1, 256, 0, -1, -1, -1, 4, 998, 2;
1, 256, 0, 0, 0, 0, 5, 1000, 3;
1, 256, 0, 1, 1, 1, 5, 1000, 3;
1, 256, 0, 0, 0, 0, 4, 999, 2;
1, 256, 0, -1, -1, -1, 4, 999, 2;
1, 256, 0, 0, 0, 0, 5, 999, 3;
1, 256, 0, 0, 0, 0, 4, 999, 2;
1, 256, 0, 0, 0, 0, 4, 999, 2;
1, 256, 1, 1, 1, 1, 6, 1000, 4;
1, 256, 0, 0, 0, 0, 5, 1000, 3;
1, 256, 0, -1, -1, -1, 3, 998, 1;
1, 256, 0, 1, 1, 1, 5, 1000, 3;
1, 256, 0, 0, 0, 0, 4, 999, 2;
1, 256, 0, 0, 0, 0, 4, 999, 2;
1, 256, 0, -1, -1, -1, 4, 999, 2;
1, 256, 0, 0, 0, 0, 5, 1000, 3;
1, 256, 0, -1, -1, -1, 3, 998, 1;
1, 256, 0, -1, -1, -1, 3, 998, 1;
1, 256, 1, 1, 1, 1, 6, 1000, 4;
1, 256, 0, 0, 0, 0, 5, 1000, 3;
1, 256, 0, -1, -1, -1, 3, 998, 1;
1, 256, 0, 0, 0, 0, 5, 1000, 3;
1, 256, 0, -1, -1, -1, 4, 999, 2;
1, 256, 0, -1, -1, -1, 4, 999, 2;
1, 256, 0, 0, 0, 0, 4, 999, 2;
1, 256, 0, 1, 1, 1, 5, 1000, 3;
1, 256, 0, 0, 0, 0, 5, 1000, 3;
1, 256, 0, 1, 1, 1, 5, 1000, 3;
1, 256, 0, -1, -1, -1, 4, 999, 2;
1, 256, 0, 0, 0, 0, 5, 1000, 3;
1, 256, 0, 0, 0, 0, 5, 1000, 3;
1, 256, 0, 1, 1, 1, 5, 1000, 3;
1, 256, 0, 1, 1, 1, 5, 1000, 3;
1, 256, 0, -1, -1, -1, 4, 999, 2;
1, 256, 0, 0, 0, 0, 4, 999, 2;
1, 256, 1, 1, 1, 1, 6, 1001, 4;
1, 256, 1, 1, 1, 1, 6, 1001, 4;
1, 256, 0, 0, 0, 0, 5, 1000, 3;
1, 256, 0, 0, 0, 0, 4, 999, 2;
1, 256, 1, 1, 1, 1, 6, 1001, 4;
1, 256, 1, 1, 1, 1, 5, 1000, 3;
1, 256, 0, -1, -1, -1, 4, 999, 2;
1, 256, 0, -1, -1, -1, 4, 999, 2;
1, 256, 0, 0, 0, 0, 4, 999, 2;
1, 256, 0, 0, 0, 0, 5, 1000, 3;
1, 256, 0, 0, 0, 0, 5, 1000, 3;
1, 256, 0, -1, -1, -1, 4, 999, 2;
1, 256, 0, 0, 0, 0, 4, 999, 2;
1, 256, 1, 1, 1, 1, 6, 1001, 4;
1, 256, 0, 0, 0, 0, 5, 1000, 3;
1, 256, 0, 0, 0, 0, 4, 999, 2;
1, 256, 1, 1, 1, 1, 6, 1001, 4;
1, 256, 0, -1, -1, -1, 4, 999, 2;
1, 256, 1, 1, 1, 1, 6, 1001, 4;
1, 256, 0, 0, 0, 0, 4, 999, 2;
1, 256, 0, 0, 0, 0, 4, 999, 2;
1, 256, 0, 0, 0, 0, 5, 1000, 3;
1, 256, 0, -1, -1, -1, 4, 998, 2;
1, 256, 0, -1, -1, -1, 4, 999, 2;
1, 256, 1, 1, 1, 1, 6, 1001, 4;
1, 256, 0, -1, -1, -1, 4, 999, 2;
1, 256, 0, 0, 0, 0, 5, 1000, 3;
1, 256, 0, 0, 0, 0, 4, 999, 2;
1, 256, 0, 0, 0, 0, 5, 999, 3;
1, 256, 0, -1, -1, -1, 4, 999, 2;
1, 256, 0, 0, 0, 0, 4, 999, 2;
1, 256, 0, 0, 0, 0, 5, 1000, 3;
1, 256, 1, 1, 1, 1, 6, 1001, 4;
1, 256, 0, 0, 0, 0, 5, 999, 3;
1, 256, 1, 1, 1, 1, 6, 1001, 4;
1, 256, 0, -1, -1, -1, 4, 999, 2;
1, 256, 0, -1, -1, -1, 4, 999, 2;
1, 256, 0, 0, 0, 0, 5, 1000, 3;
1, 256, 0, 0, 0, 0, 4, 999, 2;
1, 256, 0, 0, 0, 0, 5, 1000, 3;
1, 256, 0, 0, 0, 0, 4, 999, 2;
1, 256, 0, 0, 0, 0, 4, 999, 2;
1, 256, 0, 0, 0, 0, 5, 1000, 3;
1, 256, 0, -1, -1, -1, 3, 998, 1;
1, 256, 0, 0, 0, 0, 5, 1000, 3;
1, 256, 1, 1, 1, 1, 6, 1001, 4;
1, 256, 0, 0, 0, 0, 5, 1000, 3;
1, 256, 0, -1, -1, -1, 4, 999, 2;
1, 256, 1, 1, 1, 1, 5, 1000, 3;
1, 256, 0, -1, -1, -1, 4, 998, 1;
1, 256, 0, 0, 0, 0, 5, 1000, 3;
1, 256, 0, -1, -1, -1, 4, 999, 2;
1, 256, 0, 0, 0, 0, 5, 1000, 3;
1, 256, 0, 0, 0, 0, 5, 1000, 3;
1, 256, 0, 1, 1, 1, 5, 1000, 3;
1, 256, 1, 1, 1, 1, 6, 1001, 4;
1, 256, 1, 1, 1, 1, 5, 1000, 3;
1, 256, 0, 1, 1, 1, 5, 1000, 3;
1, 256, 0, -1, -1, -1, 4, 999, 2;
1, 256, 1, 1, 1, 1, 5, 1000, 3;
1, 256, 1, 1, 1, 1, 6, 1001, 4;
1, 256, 0, 1, 1, 1, 5, 1000, 3;
1, 256, 0, 0, 0, 0, 4, 999, 2;
1, 256, 0, -1, -1, -1, 4, 998, 1;
1, 256, 0, -1, -1, -1, 4, 998, 2;
1, 256, 0, -1, -1, -1, 4, 999, 2;
1, 256, 1, 1, 1, 1, 6, 1000, 4;
1, 256, 0, -1, -1, -1, 4, 999, 2;
1, 256, 0, 0, 0, 0, 5, 1000, 3;
1, 256, 1, 1, 1, 1, 6, 1000, 4;
1, 256, 0, -1, -1, -1, 3, 998, 1;
1, 256, 0, -1, -1, -1, 4, 998, 2;
1, 256, 0, 0, 0, 0, 4, 999, 2;
1, 256, 0, -1, -1, -1, 4, 998, 2;
1, 256, 0, 0, 0, 0, 4, 999, 2;
1, 256, 0, 0, 0, 0, 5, 1000, 3;
1, 256, 0, 0, 0, 0, 4, 999, 2;
1, 256, 0, 0, 0, 0, 5, 1000, 3;
1, 256, 0, 0, 0, 0, 5, 1000, 3;
1, 256, 0, -1, -1, -1, 3, 998, 1;
1, 256, 0, -1, -1, -1, 3, 998, 1;
1, 256, 1, 1, 1, 1, 6, 1000, 3;
1, 256, 0, 0, 0, 0, 5, 1000, 3;
1, 256, 0, -1, -1, -1, 3, 998, 1;
1, 256, 0, 0, 0, 0, 4, 999, 2;
1, 256, 0, -1, -1, -1, 3, 998, 1;
1, 256, 0, 0, 0, 0, 5, 1000, 3;
1, 256, 0, -1, -1, -1, 4, 999, 2;
0, 256, 0, -1, -1, -1, 3, 998, 1;
1, 256, 0, -1, -1, -1, 4, 999, 2;
1, 256, 0, 1, 1, 1, 5, 1000, 3;
1, 256, 1, 1, 1, 1, 6, 1001, 4;
1, 256, 1, 1, 1, 1, 6, 1000, 4;
1, 256, 0, 1, 1, 1, 5, 1000, 3;
1, 256, 0, 0, 0, 0, 4, 999, 2;
1, 256, 0, 0, 0, 0, 5, 1000, 3;
1, 256, 1, 1, 1, 1, 6, 1000, 3;
1, 256, 0, 0, 0, 0, 4, 999, 2;
1, 256, 0, 0, 0, 0, 4, 999, 2;
1, 256, 1, 1, 1, 1, 6, 1001, 4;
1, 256, 0, 0, 0, 0, 5, 1000, 3;
1, 256, 1, 1, 1, 1, 5, 1000, 3;
1, 256, 0, 0, 0, 0, 4, 999, 2;
1, 256, 0, 0, 0, 0, 5, 1000, 3;
0, 256, 0, -1, -1, -1, 3, 998, 1;
1, 256, 0, 0, 0, 0, 5, 999, 3;
1, 256, 0, 0, 0, 0, 4, 999, 2;
1, 256, 0, -1, -1, -1, 4, 998, 1;
1, 256, 0, 1, 1, 1, 5, 1000, 3;
1, 256, 0, -1, -1, -1, 4, 998, 2;
1, 256, 1, 1, 1, 1, 6, 1001, 4;
1, 256, 0, 0, 0, 0, 4, 999, 2;
1, 256, 0, -1, -1, -1, 4, 999, 2;
1, 256, 0, 0, 0, 0, 5, 999, 3;
1, 256, 1, 1, 1, 1, 6, 1000, 4;
1, 256, 0, -1, -1, -1, 4, 999, 2;
1, 256, 0, 1, 1, 1, 5, 1000, 3;
1, 256, 0, 0, 0, 0, 4, 999, 2;
1, 256, 0, 0, 0, 0, 4, 999, 2;
1, 256, 0, 0, 0, 0, 5, 1000, 3;
1, 256, 1, 1, 1, 1, 6, 1000, 3;
1, 256, 0, 0, 0, 0, 5, 1000, 3;
1, 256, 0, -1, -1, -1, 4, 999, 2;
1, 256, 0, 0, 0, 0, 5, 1000, 3;
1, 256, 0, 0, 0, 0, 5, 1000, 3;
1, 256, 1, 1, 1, 1, 6, 1001, 4;
1, 256, 0, 1, 1, 1, 5, 1000, 3;
1, 256, 0, 0, 0, 0, 5, 1000, 3;
1, 256, 0, -1, -1, -1, 4, 999, 2;
1, 256, 1, 1, 1, 1, 6, 1001, 4;
1, 256, 0, -1, -1, -1, 3, 998, 1;
1, 256, 0, 0, 0, 0, 5, 1000, 3;
1, 256, 0, 1, 1, 1, 5, 1000, 3;
1, 256, 0, 0, 0, 0, 5, 1000, 3;
1, 256, 0, 0, 0, 0, 4, 999, 2;
1, 256, 0, 0, 0, 0, 5, 1000, 3;
1, 256, 0, -1, -1, -1, 4, 999, 2;
1, 256, 1, 1, 1, 1, 5, 1000, 3;
1, 256, 0, -1, -1, -1, 3, 998, 1;
1, 256, 0, 1, 1, 1, 5, 1000, 3;
1, 256, 0, -1, -1, -1, 4, 999, 2;
1, 256, 0, -1, -1, -1, 4, 998, 1;
1, 256, 0, 0, 0, 0, 5, 1000, 3;
1, 256, 0, 0, 0, 0, 5, 1000, 3;
1, 256, 1, 1, 1, 1, 6, 1001, 4;
1, 256, 0, -1, -1, -1, 3, 998, 1;
1, 256, 0, -1, -1, -1, 4, 998, 2;
1, 256, 0, -1, -1, -1, 4, 998, 2;
1, 256, 0, -1, -1, -1, 3, 998, 1;
1, 256, 0, 0, 0, 0, 4, 999, 2;
1, 256, 0, 0, 0, 0, 5, 999, 3;
1, 256, 0, 0, 0, 0, 5, 1000, 3;
1, 256, 0, 0, 0, 0, 5, 1000, 3;
1, 256, 0, -1, -1, -1, 4, 999, 2;
1, 256, 0, 0, 0, 0, 4, 999, 2;
1, 256, 0, -1, -1, -1, 4, 999, 2;
1, 256, 0, -1, -1, -1, 4, 999, 2;
1, 256, 0, -1, -1, -1, 4, 999, 2;
1, 256, 1, 1, 1, 1, 5, 1000, 3;
1, 256, 0, 0, 0, 0, 4, 999, 2;
1, 256, 1, 1, 1, 1, 5, 1000, 3;
1, 256, 0, -1, -1, -1, 4, 999, 2;
1, 256, 1, 1, 1, 1, 5, 1000, 3;
1, 256, 0, 0, 0, 0, 5, 1000, 3;
1, 256, 1, 1, 1, 1, 6, 1000, 4;
1, 256, 0, -1, -1, -1, 4, 999, 2;
1, 256, 0, 0, 0, 0, 4, 999, 2;
1, 256, 0, 0, 0, 0, 5, 1000, 3;
1, 256, 0, 1, 1, 1, 5, 1000, 3;
1, 256, 1, 1, 1, 1, 6, 1001, 4;
1, 256, 0, -1, -1, -1, 4, 998, 2;
1, 256, 0, 0, 0, 0, 5, 1000, 3;
1, 256, 0, -1, -1, -1, 4, 999, 2;
1, 256, 0, 0, 0, 0, 5, 999, 3;
1, 256, 1, 1, 1, 1, 6, 1001, 4;
1, 256, 0, 0, 0, 0, 4, 999, 2;
1, 256, 0, 0, 0, 0, 5, 1000, 3;
1, 256, 0, 0, 0, 0, 4, 999, 2;
0, 256, 0, -1, -1, -1, 3, 998, 1;
1, 256, 0, 0, 0, 0, 4, 999, 2;
1, 256, 1, 1, 1, 1, 6, 1001, 4;
1, 256, 0, -1, -1, -1, 4, 999, 2;
1, 256, 0, 0, 0, 0, 4, 999, 2;
1, 256, 0, 0, 0, 0, 5, 1000, 3;
1, 256, 0, -1, -1, -1, 4, 999, 2;
1, 256, 0, 0, 0, 0, 4, 999, 2;
1, 256, 0, 0, 0, 0, 5, 1000, 3;
1, 256, 0, -1, -1, -1, 4, 999, 2;
1, 256, 0, 0, 0, 0, 4, 999, 2;
1, 256, 0, 0, 0, 0, 4, 999, 2;
1, 256, 0, 0, 0, 0, 5, 1000, 3;
1, 256, 0, -1, -1, -1, 4, 999, 2;
1, 256, 0, 0, 0, 0, 5, 1000, 3;
1, 256, 0, -1, -1, -1, 4, 999, 2;
1, 256, 0, -1, -1, -1, 4, 998, 1;
1, 256, 0, 1, 1, 1, 5, 1000, 3;
1, 256, 0, 0, 0, 0, 5, 1000, 3;
1, 256, 0, 0, 0, 0, 5, 1000, 3;
1, 256, 0, 0, 0, 0, 4, 999, 2;
1, 256, 0, 0, 0, 0, 5, 999, 3;
1, 256, 0, 0, 0, 0, 4, 999, 2;
1, 256, 0, 1, 1, 1, 5, 1000, 3;
1, 256, 0, 0, 0, 0, 5, 1000, 3;
1, 256, 0, 0, 0, 0, 5, 1000, 3;
1, 256, 0, 0, 0, 0, 5, 1000, 3;
1, 256, 0, 1, 1, 1, 5, 1000, 3;
1, 256, 0, 0, 0, 0, 5, 1000, 3;
1, 256, 0, 0, 0, 0, 5, 1000, 3;
1, 256, 0, -1, -1, -1, 4, 999, 2;
1, 256, 0, -1, -1, -1, 4, 999, 2;
1, 256, 0, 0, 0, 0, 5, 1000, 3;
1, 256, 0, 0, 0, 0, 4, 999, 2;
1, 256, 0, -1, -1, -1, 4, 999, 2;
1, 256, 0, -1, -1, -1, 4, 999, 2;
1, 256, 0, -1, -1, -1, 3, 998, 1;
1, 256, 0, -1, -1, -1, 4, 999, 2;
1, 256, 0, 0, 0, 0, 4, 999, 2;
1, 256, 1, 1, 1, 1, 5, 1000, 3;
1, 256, 0, -1, -1, -1, 4, 999, 2;
1, 256, 0, 1, 1, 1, 5, 1000, 3;
1, 256, 1, 1, 1, 1, 5, 1000, 3;
1, 256, 0, 1, 1, 1, 5, 1000, 3;
1, 256, 1, 1, 1, 1, 5, 1000, 3;
1, 256, 0, -1, -1, -1, 4, 999, 2;
1, 256, 0, 0, 0, 0, 5, 999, 3;
1, 256, 1, 1, 1, 1, 6, 1000, 4;
1, 256, 0, -1, -1, -1, 4, 999, 2;
1, 256, 0, 0, 0, 0, 5, 1000, 3;
1, 256, 0, 0, 0, 0, 4, 999, 2;
1, 256, 0, 0, 0, 0, 5, 1000, 3;
1, 256, 0, -1, -1, -1, 4, 999, 2;
1, 256, 0, -1, -1, -1, 4, 999, 2;
1, 256, 0, 0, 0, 0, 4, 999, 2;
1, 256, 1, 1, 1, 1, 6, 1001, 4;
1, 256, 1, 1, 1, 1, 6, 1000, 3;
1, 256, 0, 0, 0, 0, 5, 1000, 3;
1, 256, 0, 0, 0, 0, 4, 999, 2;
1, 256, 0, 0, 0, 0, 4, 999, 2;
1, 256, 0, 0, 0, 0, 5, 1000, 3;
1, 256, 0, -1, -1, -1, 3, 998, 1;
1, 256, 0, 0, 0, 0, 4, 999, 2;
0, 256, 0, -1, -1, -1, 3, 998, 1;
1, 256, 0, -1, -1, -1, 4, 999, 2;
1, 256, 0, -1, -1, -1, 4, 999, 2;
1, 256, 0, -1, -1, -1, 4, 999, 2;
1, 256, 1, 1, 1, 1, 6, 1000, 4;
1, 256, 1, 1, 1, 1, 6, 1000, 4;
1, 256, 1, 1, 1, 1, 6, 1001, 4;
1, 256, 0, -1, -1, -1, 4, 999, 2;
1, 256, 0, 0, 0, 0, 4, 999, 2;
1, 256, 0, 0, 0, 0, 5, 1000, 3;
1, 256, 1, 1, 1, 1, 5, 1000, 3;
1, 256, 0, 0, 0, 0, 5, 1000, 3;
1, 256, 0, -1, -1, -1, 4, 999, 2;
1, 256, 0, 0, 0, 0, 5, 1000, 3;
1, 256, 0, 0, 0, 0, 5, 1000, 3;
1, 256, 1, 1, 1, 1, 6, 1000, 3;
1, 256, 0, 0, 0, 0, 5, 1000, 3;
0, 256, 0, -1, -1, -1, 3, 998, 1;
1, 256, 0, 0, 0, 0, 4, 999, 2;
1, 256, 0, 0, 0, 0, 5, 1000, 3;
1, 256, 0, 1, 1, 1, 5, 1000, 3;
1, 256, 0, 0, 0, 0, 4, 999, 2;
1, 256, 0, 0, 0, 0, 5, 1000, 3;
1, 256, 0, -1, -1, -1, 3, 998, 1;
0, 256, 0, -1, -1, -1, 3, 998, 1;
1, 256, 0, 0, 0, 0, 4, 999, 2;
1, 256, 0, 0, 0, 0, 5, 1000, 3;
1, 256, 0, -1, -1, -1, 4, 999, 2;
1, 256, 1, 1, 1, 1, 6, 1001, 4;
1, 256, 0, 0, 0, 0, 5, 999, 3;
1, 256, 0, 1, 1, 1, 5, 1000, 3;
1, 256, 1, 1, 1, 1, 6, 1000, 4;
1, 256, 0, -1, -1, -1, 4, 999, 2;
1, 256, 0, 0, 0, 0, 5, 999, 3;
1, 256, 0, -1, -1, -1, 4, 998, 2;
0, 256, 0, -1, -1, -1, 3, 998, 1;
1, 256, 1, 1, 1, 1, 6, 1001, 4;
1, 256, 0, 0, 0, 0, 5, 999, 3;
1, 256, 0, 1, 1, 1, 5, 1000, 3;
1, 256, 0, 0, 0, 0, 5, 1000, 3;
1, 256, 1, 1, 1, 1, 6, 1001, 4;
1, 256, 0, -1, -1, -1, 4, 999, 2;
1, 256, 0, 0, 0, 0, 4, 999, 2;
1, 256, 0, 0, 0, 0, 4, 999, 2;
1, 256, 0, -1, -1, -1, 3, 998, 1;
1, 256, 1, 1, 1, 1, 6, 1001, 4;
1, 256, 0, -1, -1, -1, 4, 999, 2;
1, 256, 0, 1, 1, 1, 5, 1000, 3;
1, 256, 0, -1, -1, -1, 3, 998, 1;
1, 256, 0, 0, 0, 0, 5, 999, 3;
1, 256, 0, 0, 0, 0, 5, 999, 3;
1, 256, 0, 0, 0, 0, 4, 999, 2;
1, 256, 0, 0, 0, 0, 5, 1000, 3;
1, 256, 1, 1, 1, 1, 6, 1001, 4;
1, 256, 0, 0, 0, 0, 4, 999, 2;
1, 256, 0, 1, 1, 1, 5, 1000, 3;
1, 256, 0, -1, -1, -1, 3, 998, 1;
1, 256, 0, -1, -1, -1, 4, 999, 2;
1, 256, 0, -1, -1, -1, 3, 998, 1;
1, 256, 1, 1, 1, 1, 6, 1001, 4;
1, 256, 0, 0, 0, 0, 5, 1000, 3;
1, 256, 0, 0, 0, 0, 5, 1000, 3;
1, 256, 0, 0, 0, 0, 5, 1000, 3;
1, 256, 1, 1, 1, 1, 6, 1000, 4;
1, 256, 0, 0, 0, 0, 5, 999, 3;
1, 256, 0, -1, -1, -1, 4, 999, 2;
1, 256, 0, 0, 0, 0, 4, 999, 2;
1, 256, 0, 0, 0, 0, 5, 1000, 3;
1, 256, 0, 1, 1, 1, 5, 1000, 3;
1, 256, 0, 1, 1, 1, 5, 1000, 3;
1, 256, 0, 0, 0, 0, 5, 1000, 3;
1, 256, 0, 1, 1, 1, 5, 1000, 3;
1, 256, 0, 0, 0, 0, 5, 1000, 3;
1, 256, 0, 0, 0, 0, 4, 999, 2;
1, 256, 1, 1, 1, 1, 5, 1000, 3;
1, 256, 0, 0, 0, 0, 5, 1000, 3;
1, 256, 1, 1, 1, 1, 5, 1000, 3;
1, 256, 0, 0, 0, 0, 4, 999, 2;
1, 256, 0, 0, 0, 0, 4, 999, 2;
1, 256, 0, 1, 1, 1, 5, 1000, 3;
1, 256, 0, 0, 0, 0, 5, 1000, 3;
1, 256, 0, -1, -1, -1, 3, 998, 1;
1, 256, 0, 0, 0, 0, 4, 999, 2;
1, 256, 1, 1, 1, 1, 6, 1001, 4;
1, 256, 0, 0, 0, 0, 5, 1000, 3;
1, 256, 0, 0, 0, 0, 5, 1000, 3;
1, 256, 0, -1, -1, -1, 4, 999, 2;
1, 256, 1, 1, 1, 1, 6, 1000, 4;
1, 256, 0, 0, 0, 0, 5, 1000, 3;
1, 256, 0, 0, 0, 0, 4, 999, 2;
1, 256, 0, -1, -1, -1, 4, 999, 2;
1, 256, 0, -1, -1, -1, 4, 999, 2;
1, 256, 1, 1, 1, 1, 6, 1000, 4;
1, 256, 1, 1, 1, 1, 6, 1001, 4;
1, 256, 1, 1, 1, 1, 6, 1001, 4;
1, 256, 0, 0, 0, 0, 4, 999, 2;
1, 256, 0, -1, -1, -1, 3, 998, 1;
1, 256, 0, -1, -1, -1, 4, 999, 2;
1, 256, 0, -1, -1, -1, 4, 999, 2;
1, 256, 0, 0, 0, 0, 5, 999, 3;
1, 256, 0, 0, 0, 0, 4, 999, 2;
1, 256, 0, 0, 0, 0, 5, 1000, 3;
1, 256, 1, 1, 1, 1, 6, 1001, 4;
1, 256, 0, -1, -1, -1, 4, 999, 2;
1, 256, 0, 0, 0, 0, 5, 1000, 3;
1, 256, 0, -1, -1, -1, 4, 998, 1;
1, 256, 0, 0, 0, 0, 4, 999, 2;
1, 256, 0, 1, 1, 1, 5, 1000, 3;
1, 256, 0, 0, 0, 0, 4, 999, 2;
1, 256, 0, 0, 0, 0, 5, 999, 3;
1, 256, 0, -1, -1, -1, 4, 999, 2;
1, 256, 0, 0, 0, 0, 5, 1000, 3;
1, 256, 0, -1, -1, -1, 3, 998, 1;
1, 256, 0, 0, 0, 0, 5, 999, 3;
1, 256, 0, 0, 0, 0, 4, 999, 2;
1, 256, 0, 0, 0, 0, 5, 1000, 3;
1, 256, 1, 1, 1, 1, 6, 1000, 3;
1, 256, 0, 0, 0, 0, 4, 999, 2;
1, 256, 0, 0, 0, 0, 5, 1000, 3;
1, 256, 0, 1, 1, 1, 5, 1000, 3;
1, 256, 0, 0, 0, 0, 5, 1000, 3;
1, 256, 1, 1, 1, 1, 6, 1000, 3;
1, 256, 0, 1, 1, 1, 5, 1000, 3;
1, 256, 1, 1, 1, 1, 6, 1000, 3;
1, 256, 0, 0, 0, 0, 4, 999, 2;
1, 256, 0, -1, -1, -1, 4, 998, 2;
1, 256, 1, 1, 1, 1, 6, 1001, 4;
0, 256, 0, -1, -1, -1, 3, 998, 1;
1, 256, 0, -1, -1, -1, 3, 998, 1;
1, 256, 0, 1, 1, 1, 5, 1000, 3;
1, 256, 0, 0, 0, 0, 5, 1000, 3;
1, 256, 0, 0, 0, 0, 5, 1000, 3;
1, 256, 0, 0, 0, 0, 5, 1000, 3;
1, 256, 0, 1, 1, 1, 5, 1000, 3;
1, 256, 0, 0, 0, 0, 4, 999, 2;
1, 256, 0, 0, 0, 0, 4, 999, 2;
1, 256, 0, 0, 0, 0, 5, 1000, 3;
1, 256, 0, 1, 1, 1, 5, 1000, 3;
1, 256, 0, -1, -1, -1, 4, 999, 2;
1, 256, 0, 0, 0, 0, 4, 999, 2;
1, 256, 0, -1, -1, -1, 4, 999, 2;
1, 256, 0, -1, -1, -1, 4, 998, 1;
1, 256, 0, 0, 0, 0, 5, 1000, 3;
1, 256, 0, 0, 0, 0, 5, 999, 2;
1, 256, 0, 0, 0, 0, 4, 999, 2;
1, 256, 0, -1, -1, -1, 4, 999, 2;
1, 256, 0, -1, -1, -1, 3, 998, 1;
1, 256, 0, -1, -1, -1, 4, 999, 2;
1, 256, 0, 0, 0, 0, 5, 1000, 3;
1, 256, 0, 0, 0, 0, 5, 1000, 3;
1, 256, 0, -1, -1, -1, 4, 999, 2;
1, 256, 0, 0, 0, 0, 5, 1000, 3;
1, 256, 0, 0, 0, 0, 5, 1000, 3;
1, 256, 0, 0, 0, 0, 5, 1000, 3;
1, 256, 0, -1, -1, -1, 3, 998, 1;
1, 256, 1, 1, 1, 1, 6, 1001, 4;
1, 256, 0, -1, -1, -1, 4, 999, 2;
1, 256, 0, -1, -1, -1, 4, 999, 2;
1, 256, 0, 0, 0, 0, 4, 999, 2;
1, 256, 0, 1, 1, 1, 5, 1000, 3;
1, 256, 0, -1, -1, -1, 4, 999, 2;
1, 256, 0, -1, -1, -1, 4, 999, 2;
1, 256, 0, -1, -1, -1, 4, 999, 2;
1, 256, 0, 0, 0, 0, 5, 1000, 3;
1, 256, 0, -1, -1, -1, 4, 999, 2;
1, 256, 0, -1, -1, -1, 4, 999, 2;
1, 256, 1, 1, 1, 1, 6, 1000, 3;
1, 256, 0, -1, -1, -1, 4, 999, 2;
1, 256, 0, -1, -1, -1, 4, 999, 2;
1, 256, 0, 1, 1, 1, 5, 1000, 3;
1, 256, 1, 1, 1, 1, 6, 1001, 4;
1, 256, 0, 0, 0, 0, 5, 1000, 3;
0, 256, 0, -1, -1, -1, 3, 998, 1;
1, 256, 1, 1, 1, 1, 6, 1001, 4;
1, 256, 0, 0, 0, 0, 5, 1000, 3;
1, 256, 0, 0, 0, 0, 5, 1000, 3;
1, 256, 0, 0, 0, 0, 5, 1000, 3;
1, 256, 0, 0, 0, 0, 5, 1000, 3;
1, 256, 0, 0, 0, 0, 4, 999, 2;
1, 256, 0, 0, 0, 0, 4, 999, 2;
1, 256, 0, 0, 0, 0, 5, 1000, 3;
1, 256, 0, 0, 0, 0, 4, 999, 2;
1, 256, 0, -1, -1, -1, 4, 999, 2;
1, 256, 0, 0, 0, 0, 5, 1000, 3;
1, 256, 0, 1, 1, 1, 5, 1000, 3;
1, 256, 0, 0, 0, 0, 5, 1000, 3;
1, 256, 0, -1, -1, -1, 3, 998, 1;
1, 256, 0, -1, -1, -1, 4, 999, 2;
1, 256, 0, -1, -1, -1, 4, 999, 2;
1, 256, 0, 0, 0, 0, 4, 999, 2;
1, 256, 0, 1, 1, 1, 5, 1000, 3;
1, 256, 0, 1, 1, 1, 5, 1000, 3;
1, 256, 0, 0, 0, 0, 4, 999, 2;
1, 256, 1, 1, 1, 1, 6, 1000, 4;
1, 256, 0, 0, 0, 0, 5, 999, 3;
1, 256, 0, 0, 0, 0, 5, 1000, 3;
1, 256, 1, 1, 1, 1, 5, 1000, 3;
1, 256, 0, -1, -1, -1, 4, 999, 2;
1, 256, 0, 0, 0, 0, 4, 999, 2;
1, 256, 0, 1, 1, 1, 5, 1000, 3;
1, 256, 0, 0, 0, 0, 5, 1000, 3;
1, 256, 0, 0, 0, 0, 5, 1000, 3;
1, 256, 0, 0, 0, 0, 5, 1000, 3;
1, 256, 0, 0, 0, 0, 4, 999, 2;
1, 256, 0, 0, 0, 0, 5, 999, 3;
1, 256, 1, 1, 1, 1, 6, 1001, 4;
1, 256, 0, 1, 1, 1, 5, 1000, 3;
1, 256, 0, 0, 0, 0, 5, 1000, 3;
1, 256, 1, 1, 1, 1, 6, 1001, 4;
1, 256, 0, -1, -1, -1, 4, 999, 2;
0, 256, 0, -1, -1, -1, 3, 998, 1;
1, 256, 1, 1, 1, 1, 6, 1001, 4;
1, 256, 0, 0, 0, 0, 5, 1000, 3;
1, 256, 0, 0, 0, 0, 5, 1000, 3;
1, 256, 0, -1, -1, -1, 4, 999, 2;
1, 256, 1, 1, 1, 1, 6, 1001, 4;
1, 256, 1, 1, 1, 1, 6, 1001, 4;
1, 256, 0, -1, -1, -1, 4, 999, 2;
1, 256, 1, 1, 1, 1, 6, 1000, 4;
1, 256, 0, 0, 0, 0, 4, 999, 2;
1, 256, 0, 1, 1, 1, 5, 1000, 3;
1, 256, 0, 1, 1, 1, 5, 1000, 3;
1, 256, 0, 0, 0, 0, 5, 999, 3;
1, 256, 0, 0, 0, 0, 4, 999, 2;
1, 256, 0, 0, 0, 0, 5, 1000, 3;
1, 256, 0, 0, 0, 0, 4, 999, 2;
1, 256, 0, 0, 0, 0, 4, 999, 2;
1, 256, 0, -1, -1, -1, 3, 998, 1;
1, 256, 0, 0, 0, 0, 5, 1000, 3;
1, 256, 0, 0, 0, 0, 4, 999, 2;
1, 256, 0, 0, 0, 0, 4, 999, 2;
1, 256, 0, 0, 0, 0, 5, 1000, 3;
1, 256, 0, 0, 0, 0, 4, 999, 2;
1, 256, 0, 0, 0, 0, 5, 1000, 3;
1, 256, 1, 1, 1, 1, 6, 1001, 4;
1, 256, 0, 0, 0, 0, 5, 1000, 3;
1, 256, 0, 0, 0, 0, 5, 1000, 3;
1, 256, 0, 0, 0, 0, 5, 1000, 3;
1, 256, 1, 1, 1, 1, 6, 1001, 4;
1, 256, 0, 0, 0, 0, 5, 1000, 3;
1, 256, 0, -1, -1, -1, 4, 999, 2;
1, 256, 0, 0, 0, 0, 4, 999, 2;
1, 256, 0, 0, 0, 0, 5, 999, 3;
1, 256, 0, -1, -1, -1, 4, 999, 2;
1, 256, 1, 1, 1, 1, 6, 1001, 4;
1, 256, 0, 0, 0, 0, 5, 999, 2;
1, 256, 0, -1, -1, -1, 3, 998, 1;
1, 256, 0, 0, 0, 0, 5, 999, 2;
1, 256, 0, 1, 1, 1, 5, 1000, 3;
1, 256, 0, -1, -1, -1, 3, 998, 1;
1, 256, 0, -1, -1, -1, 4, 999, 2;
1, 256, 0, 0, 0, 0, 5, 1000, 3;
1, 256, 0, 1, 1, 1, 5, 1000, 3;
1, 256, 0, -1, -1, -1, 3, 998, 1;
1, 256, 1, 1, 1, 1, 6, 1001, 4;
1, 256, 0, 1, 1, 1, 5, 1000, 3;
1, 256, 0, -1, -1, -1, 3, 998, 1;
1, 256, 1, 1, 1, 1, 5, 1000, 3;
1, 256, 0, -1, -1, -1, 3, 998, 1;
1, 256, 0, -1, -1, -1, 4, 999, 2;
1, 256, 0, 1, 1, 1, 5, 1000, 3;
1, 256, 0, 0, 0, 0, 4, 999, 2;
1, 256, 0, 0, 0, 0, 4, 999, 2;
1, 256, 1, 1, 1, 1, 6, 1001, 4;
1, 256, 0, 1, 1, 1, 5, 1000, 3;
1, 256, 0, 0, 0, 0, 5, 1000, 3;
1, 256, 0, 0, 0, 0, 5, 999, 2;
1, 256, 0, 0, 0, 0, 5, 1000, 3;
1, 256, 0, -1, -1, -1, 4, 998, 2;
1, 256, 1, 1, 1, 1, 6, 1001, 4;
1, 256, 0, 0, 0, 0, 5, 1000, 3;
1, 256, 0, -1, -1, -1, 4, 999, 2;
1, 256, 0, 0, 0, 0, 5, 1000, 3;
1, 256, 1, 1, 1, 1, 6, 1001, 4;
1, 256, 0, 0, 0, 0, 5, 1000, 3;
1, 256, 0, 0, 0, 0, 5, 1000, 3;
1, 256, 1, 1, 1, 1, 6, 1001, 4;
1, 256, 0, 0, 0, 0, 4, 999, 2;
1, 256, 0, -1, -1, -1, 4, 999, 2;
1, 256, 0, 0, 0, 0, 5, 1000, 3;
1, 256, 0, 0, 0, 0, 4, 999, 2;
1, 256, 0, 0, 0, 0, 4, 999, 2;
1, 256, 0, 0, 0, 0, 5, 1000, 3;
1, 256, 0, 0, 0, 0, 5, 1000, 3;
1, 256, 0, 0, 0, 0, 5, 1000, 3;
1, 256, 0, 0, 0, 0, 5, 999, 3;
1, 256, 0, -1, -1, -1, 4, 999, 2;
1, 256, 0, 0, 0, 0, 5, 999, 3;
1, 256, 0, 0, 0, 0, 4, 999, 2;
1, 256, 0, 0, 0, 0, 5, 1000, 3;
1, 256, 0, 0, 0, 0, 4, 999, 2;
1, 256, 0, -1, -1, -1, 4, 999, 2;
1, 256, 0, 0, 0, 0, 5, 1000, 3;
1, 256, 0, -1, -1, -1, 4, 999, 2;
1, 256, 0, -1, -1, -1, 4, 999, 2;
1, 256, 0, 0, 0, 0, 5, 1000, 3;
1, 256, 0, 0, 0, 0, 4, 999, 2;
1, 256, 1, 1, 1, 1, 6, 1001, 4;
1, 256, 0, 0, 0, 0, 4, 999, 2;
1, 256, 1, 1, 1, 1, 5, 1000, 3;
1, 256, 0, 0, 0, 0, 4, 999, 2;
1, 256, 0, 0, 0, 0, 5, 1000, 3;
1, 256, 1, 1, 1, 1, 6, 1001, 4;
1, 256, 0, 0, 0, 0, 4, 999, 2;
1, 256, 1, 1, 1, 1, 6, 1001, 4;
1, 256, 0, 0, 0, 0, 5, 1000, 3;
1, 256, 0, 1, 1, 1, 5, 1000, 3;
1, 256, 0, -1, -1, -1, 4, 999, 2;
1, 256, 0, 0, 0, 0, 4, 999, 2;
1, 256, 0, 0, 0, 0, 5, 1000, 3;
1, 256, 0, 0, 0, 0, 4, 999, 2;
1, 256, 0, 0, 0, 0, 5, 1000, 3;
1, 256, 0, -1, -1, -1, 4, 999, 2;
1, 256, 1, 1, 1, 1, 6, 1001, 4;
1, 256, 0, -1, -1, -1, 4, 999, 2;
1, 256, 0, -1, -1, -1, 4, 999, 2;
1, 256, 0, 0, 0, 0, 4, 999, 2;
1, 256, 0, -1, -1, -1, 4, 999, 2;
1, 256, 0, 0, 0, 0, 5, 1000, 3;
1, 256, 1, 1, 1, 1, 6, 1001, 4;
1, 256, 0, 0, 0, 0, 4, 999, 2;
1, 256, 0, 1, 1, 1, 5, 1000, 3;
1, 256, 0, 0, 0, 0, 5, 1000, 3;
1, 256, 0, -1, -1, -1, 4, 999, 2;
1, 256, 0, 1, 1, 1, 5, 1000, 3;
1, 256, 0, 1, 1, 1, 5, 1000, 3;
1, 256, 0, 0, 0, 0, 5, 1000, 3;
1, 256, 0, 0, 0, 0, 5, 1000, 3;
1, 256, 0, 0, 0, 0, 5, 1000, 3;
1, 256, 0, 0, 0, 0, 5, 1000, 3;
1, 256, 0, 0, 0, 0, 5, 1000, 3;
1, 256, 0, -1, -1, -1, 4, 998, 2;
1, 256, 0, 0, 0, 0, 5, 999, 3;
1, 256, 1, 1, 1, 1, 6, 1000, 4;
1, 256, 0, 0, 0, 0, 4, 999, 2;
1, 256, 0, -1, -1, -1, 4, 999, 2;
1, 256, 1, 1, 1, 1, 5, 1000, 3;
1, 256, 0, 0, 0, 0, 5, 1000, 3;
1, 256, 0, -1, -1, -1, 3, 998, 1;
1, 256, 0, 0, 0, 0, 5, 1000, 3;
1, 256, 0, 0, 0, 0, 4, 999, 2;
1, 256, 0, 0, 0, 0, 5, 999, 3;
1, 256, 0, 0, 0, 0, 5, 1000, 3;
1, 256, 0, 0, 0, 0, 5, 1000, 3;
1, 256, 0, -1, -1, -1, 4, 999, 2;
1, 256, 0, 0, 0, 0, 5, 1000, 3;
1, 256, 0, 0, 0, 0, 5, 1000, 3;
1, 256, 0, 0, 0, 0, 5, 999, 3;
1, 256, 0, -1, -1, -1, 4, 999, 2;
1, 256, 0, -1, -1, -1, 3, 998, 1;
1, 256, 1, 1, 1, 1, 6, 1001, 4;
1, 256, 0, 0, 0, 0, 5, 1000, 3;
1, 256, 0, 0, 0, 0, 4, 999, 2;
1, 256, 0, 0, 0, 0, 5, 1000, 3;
1, 256, 0, 0, 0, 0, 5, 999, 3;
1, 256, 0, 0, 0, 0, 4, 999, 2;
1, 256, 0, 0, 0, 0, 4, 999, 2;
1, 256, 0, -1, -1, -1, 4, 999, 2;
1, 256, 0, 1, 1, 1, 5, 1000, 3;
1, 256, 1, 1, 1, 1, 6, 1000, 3;
1, 256, 0, -1, -1, -1, 3, 998, 1;
1, 256, 0, 0, 0, 0, 5, 1000, 3;
1, 256, 0, -1, -1, -1, 3, 998, 1;
1, 256, 0, 0, 0, 0, 5, 1000, 3;
1, 256, 0, 0, 0, 0, 5, 1000, 3;
1, 256, 0, 0, 0, 0, 4, 999, 2;
1, 256, 0, -1, -1, -1, 4, 999, 2;
1, 256, 0, -1, -1, -1, 4, 998, 1;
1, 256, 0, 0, 0, 0, 5, 999, 3;
1, 256, 0, 0, 0, 0, 4, 999, 2;
1, 256, 1, 1, 1, 1, 6, 1001, 4;
1, 256, 0, 0, 0, 0, 4, 999, 2;
1, 256, 0, 1, 1, 1, 5, 1000, 3;
1, 256, 0, -1, -1, -1, 4, 999, 2;
1, 256, 0, -1, -1, -1, 4, 999, 2;
1, 256, 0, 1, 1, 1, 5, 1000, 3;
1, 256, 1, 1, 1, 1, 5, 1000, 3;
0, 256, 0, -1, -1, -1, 3, 998, 1;
1, 256, 0, 0, 0, 0, 4, 999, 2;
1, 256, 0, 0, 0, 0, 4, 999, 2;
1, 256, 1, 1, 1, 1, 6, 1000, 4;
1, 256, 0, 0, 0, 0, 4, 999, 2;
1, 256, 0, 0, 0, 0, 5, 1000, 3;
1, 256, 0, 0, 0, 0, 5, 1000, 3;
1, 256, 0, 0, 0, 0, 4, 999, 2;
1, 256, 0, 0, 0, 0, 5, 1000, 3;
1, 256, 0, -1, -1, -1, 4, 999, 2;
1, 256, 0, 0, 0, 0, 5, 1000, 3;
1, 256, 1, 1, 1, 1, 6, 1001, 4;
1, 256, 0, 0, 0, 0, 4, 999, 2;
1, 256, 0, 1, 1, 1, 5, 1000, 3;
1, 256, 0, 1, 1, 1, 5, 1000, 3;
1, 256, 1, 1, 1, 1, 6, 1000, 3;
1, 256, 0, 0, 0, 0, 5, 1000, 3;
1, 256, 0, 0, 0, 0, 4, 999, 2;
1, 256, 0, -1, -1, -1, 4, 998, 2;
1, 256, 0, 1, 1, 1, 5, 1000, 3;
1, 256, 0, 0, 0, 0, 4, 999, 2;
1, 256, 0, 1, 1, 1, 5, 1000, 3;
1, 256, 0, 0, 0, 0, 5, 999, 2;
1, 256, 0, 0, 0, 0, 4, 999, 2;
1, 256, 0, 0, 0, 0, 4, 999, 2;
1, 256, 0, 0, 0, 0, 5, 1000, 3;
1, 256, 0, 0, 0, 0, 5, 1000, 3;
1, 256, 1, 1, 1, 1, 6, 1001, 4;
1, 256, 0, 1, 1, 1, 5, 1000, 3;
1, 256, 1, 1, 1, 1, 6, 1000, 3;
1, 256, 0, -1, -1, -1, 4, 999, 2;
1, 256, 0, 0, 0, 0, 5, 999, 3;
1, 256, 1, 1, 1, 1, 5, 1000, 3;
1, 256, 1, 1, 1, 1, 6, 1001, 4;
1, 256, 0, 0, 0, 0, 5, 1000, 3;
1, 256, 0, 0, 0, 0, 4, 999, 2;
1, 256, 0, 0, 0, 0, 4, 999, 2;
1, 256, 0, -1, -1, -1, 4, 999, 2;
1, 256, 1, 1, 1, 1, 5, 1000, 3;
1, 256, 0, 0, 0, 0, 5, 1000, 3;
1, 256, 0, 0, 0, 0, 4, 999, 2;
1, 256, 0, 1, 1, 1, 5, 1000, 3;
1, 256, 0, 0, 0, 0, 4, 999, 2;
1, 256, 0, -1, -1, -1, 4, 998, 1;
1, 256, 0, 0, 0, 0, 5, 1000, 3;
1, 256, 0, -1, -1, -1, 4, 999, 2;
1, 256, 0, 0, 0, 0, 5, 1000, 3;
1, 256, 0, 0, 0, 0, 4, 999, 2;
1, 256, 0, 0, 0, 0, 5, 1000, 3;
1, 256, 0, 0, 0, 0, 5, 1000, 3;
1, 256, 0, 0, 0, 0, 5, 1000, 3;
1, 256, 0, 0, 0, 0, 4, 999, 2;
1, 256, 0, 0, 0, 0, 4, 999, 2;
1, 256, 0, 0, 0, 0, 5, 1000, 3;
1, 256, 0, 0, 0, 0, 5, 1000, 3;
1, 256, 0, -1, -1, -1, 4, 999, 2;
1, 256, 0, 0, 0, 0, 5, 999, 3;
1, 256, 1, 1, 1, 1, 6, 1001, 4;
1, 256, 0, 0, 0, 0, 4, 999, 2;
1, 256, 0, -1, -1, -1, 4, 999, 2;
1, 256, 1, 1, 1, 1, 6, 1001, 4;
1, 256, 0, 0, 0, 0, 4, 999, 2;
1, 256, 0, 0, 0, 0, 5, 1000, 3;
1, 256, 0, 1, 1, 1, 5, 1000, 3;
1, 256, 0, -1, -1, -1, 3, 998, 1;
1, 256, 0, 0, 0, 0, 4, 999, 2;
1, 256, 0, 0, 0, 0, 5, 999, 3;
1, 256, 0, 0, 0, 0, 5, 1000, 3;
1, 256, 0, -1, -1, -1, 4, 999, 2;
1, 256, 0, -1, -1, -1, 3, 998, 1;
1, 256, 0, 0, 0, 0, 5, 1000, 3;
1, 256, 0, 0, 0, 0, 4, 999, 2;
1, 256, 0, 0, 0, 0, 4, 999, 2;
1, 256, 0, 0, 0, 0, 5, 1000, 3;
1, 256, 1, 1, 1, 1, 6, 1000, 3;
1, 256, 0, 0, 0, 0, 5, 1000, 3;
1, 256, 0, 0, 0, 0, 5, 1000, 3;
1, 256, 0, 0, 0, 0, 4, 999, 2;
1, 256, 0, 0, 0, 0, 5, 1000, 3;
1, 256, 0, 0, 0, 0, 4, 999, 2;
1, 256, 0, -1, -1, -1, 4, 999, 2;
1, 256, 0, 0, 0, 0, 4, 999, 2;
1, 256, 0, 0, 0, 0, 5, 999, 2;
1, 256, 1, 1, 1, 1, 6, 1001, 4;
1, 256, 0, 0, 0, 0, 5, 1000, 3;
1, 256, 0, 0, 0, 0, 5, 1000, 3;
1, 256, 0, -1, -1, -1, 4, 998, 2;
1, 256, 0, 0, 0, 0, 5, 999, 3;
1, 256, 0, 0, 0, 0, 5, 1000, 3;
0, 256, 0, -1, -1, -1, 3, 998, 1;
1, 256, 0, -1, -1, -1, 4, 999, 2;
1, 256, 0, 0, 0, 0, 5, 1000, 3;
1, 256, 0, 0, 0, 0, 4, 999, 2;
1, 256, 0, 0, 0, 0, 4, 999, 2;
1, 256, 0, 0, 0, 0, 4, 999, 2;
1, 256, 0, -1, -1, -1, 4, 998, 2;
1, 256, 1, 1, 1, 1, 6, 1000, 4;
1, 256, 1, 1, 1, 1, 6, 1000, 4;
1, 256, 0, 0, 0, 0, 4, 999, 2;
1, 256, 0, -1, -1, -1, 4, 999, 2;
1, 256, 0, -1, -1, -1, 3, 998, 1;
1, 256, 0, 0, 0, 0, 4, 999, 2;
1, 256, 0, 1, 1, 1, 5, 1000, 3;
1, 256, 1, 1, 1, 1, 6, 1000, 3;
1, 256, 0, 0, 0, 0, 4, 999, 2;
1, 256, 0, 0, 0, 0, 4, 999, 2;
1, 256, 0, 0, 0, 0, 4, 999, 2;
1, 256, 0, 0, 0, 0, 4, 999, 2;
1, 256, 0, 0, 0, 0, 5, 1000, 3;
1, 256, 0, -1, -1, -1, 4, 999, 2;
1, 256, 0, 1, 1, 1, 5, 1000, 3;
1, 256, 0, -1, -1, -1, 4, 998, 2;
1, 256, 0, 1, 1, 1, 5, 1000, 3;
1, 256, 0, 0, 0, 0, 5, 999, 3;
1, 256, 0, 1, 1, 1, 5, 1000, 3;
1, 256, 0, 0, 0, 0, 4, 999, 2;
1, 256, 0, -1, -1, -1, 4, 999, 2;
1, 256, 0, 0, 0, 0, 5, 1000, 3;
1, 256, 0, 0, 0, 0, 4, 999, 2;
1, 256, 0, -1, -1, -1, 3, 998, 1;
1, 256, 0, 0, 0, 0, 5, 1000, 3;
1, 256, 0, 0, 0, 0, 4, 999, 2;
1, 256, 0, 0, 0, 0, 5, 1000, 3;
1, 256, 0, 0, 0, 0, 5, 1000, 3;
1, 256, 0, 0, 0, 0, 5, 1000, 3;
1, 256, 1, 1, 1, 1, 6, 1001, 4;
1, 256, 0, 0, 0, 0, 4, 999, 2;
1, 256, 1, 1, 1, 1, 6, 1001, 4;
1, 256, 0, 1, 1, 1, 5, 1000, 3;
1, 256, 0, 0, 0, 0, 4, 999, 2;
1, 256, 0, -1, -1, -1, 4, 999, 2;
1, 256, 0, 0, 0, 0, 5, 1000, 3;
1, 256, 1, 1, 1, 1, 6, 1001, 4;
1, 256, 0, 0, 0, 0, 5, 1000, 3;
1, 256, 0, 0, 0, 0, 4, 999, 2;
1, 256, 0, -1, -1, -1, 4, 998, 1;
1, 256, 0, 0, 0, 0, 4, 999, 2;
1, 256, 0, 0, 0, 0, 4, 999, 2;
1, 256, 0, -1, -1, -1, 4, 999, 2;
1, 256, 0, -1, -1, -1, 4, 999, 2;
1, 256, 0, 0, 0, 0, 4, 999, 2;
1, 256, 0, 0, 0, 0, 4, 999, 2;
1, 256, 0, 0, 0, 0, 4, 999, 2;
1, 256, 0, -1, -1, -1, 3, 998, 1;
1, 256, 0, 0, 0, 0, 4, 999, 2;
1, 256, 0, -1, -1, -1, 4, 998, 2;
1, 256, 0, 0, 0, 0, 4, 999, 2;
1, 256, 0, -1, -1, -1, 4, 999, 2;
1, 256, 0, 0, 0, 0, 4, 999, 2;
1, 256, 0, -1, -1, -1, 3, 998, 1;
1, 256, 0, 0, 0, 0, 4, 999, 2;
1, 256, 0, 0, 0, 0, 4, 999, 2;
1, 256, 0, 0, 0, 0, 4, 999, 2;
1, 256, 0, -1, -1, -1, 4, 998, 1;
1, 256, 0, -1, -1, -1, 4, 999, 2;
1, 256, 1, 1, 1, 1, 6, 1001, 4;
1, 256, 0, 0, 0, 0, 4, 999, 2;
1, 256, 1, 1, 1, 1, 6, 1001, 4;
1, 256, 0, 0, 0, 0, 5, 1000, 3;
1, 256, 0, 0, 0, 0, 5, 1000, 3;
1, 256, 0, 0, 0, 0, 4, 999, 2;
1, 256, 0, 0, 0, 0, 4, 999, 2;
1, 256, 0, 0, 0, 0, 4, 999, 2;
1, 256, 0, 0, 0, 0, 4, 999, 2;
1, 256, 0, -1, -1, -1, 4, 998, 2;
1, 256, 0, 0, 0, 0, 5, 1000, 3;
1, 256, 0, 1, 1, 1, 5, 1000, 3;
1, 256, 0, 1, 1, 1, 5, 1000, 3;
1, 256, 1, 1, 1, 1, 6, 1000, 4;
1, 256, 0, 0, 0, 0, 5, 1000, 3;
1, 256, 0, 0, 0, 0, 5, 1000, 3;
1, 256, 0, 0, 0, 0, 4, 999, 2;
1, 256, 0, -1, -1, -1, 4, 999, 2;
1, 256, 0, -1, -1, -1, 4, 998, 1;
1, 256, 0, 0, 0, 0, 5, 1000, 3;
1, 256, 0, 0, 0, 0, 4, 999, 2;
1, 256, 0, -1, -1, -1, 4, 999, 2;
1, 256, 1, 1, 1, 1, 6, 1001, 4;
1, 256, 0, 0, 0, 0, 4, 999, 2;
1, 256, 0, 0, 0, 0, 5, 1000, 3;
1, 256, 1, 1, 1, 1, 6, 1001, 4;
1, 256, 0, 0, 0, 0, 4, 999, 2;
1, 256, 0, 0, 0, 0, 5, 1000, 3;
1, 256, 0, 0, 0, 0, 5, 1000, 3;
1, 256, 0, -1, -1, -1, 4, 998, 2;
1, 256, 0, 0, 0, 0, 5, 1000, 3;
1, 256, 0, 0, 0, 0, 4, 999, 2;
1, 256, 1, 1, 1, 1, 6, 1000, 3;
1, 256, 0, 0, 0, 0, 4, 999, 2;
1, 256, 0, -1, -1, -1, 4, 999, 2;
1, 256, 0, 0, 0, 0, 4, 999, 2;
1, 256, 0, 0, 0, 0, 4, 999, 2;
1, 256, 0, 0, 0, 0, 5, 1000, 3;
1, 256, 0, 1, 1, 1, 5, 1000, 3;
1, 256, 1, 1, 1, 1, 6, 1000, 4;
1, 256, 0, 0, 0, 0, 4, 999, 2;
1, 256, 0, 0, 0, 0, 5, 1000, 3;
1, 256, 1, 1, 1, 1, 5, 1000, 3;
1, 256, 0, 1, 1, 1, 5, 1000, 3;
1, 256, 0, 0, 0, 0, 5, 1000, 3;
1, 256, 0, 0, 0, 0, 4, 999, 2;
1, 256, 0, 0, 0, 0, 5, 999, 3;
1, 256, 0, 0, 0, 0, 4, 999, 2;
1, 256, 0, 0, 0, 0, 5, 1000, 3;
1, 256, 0, 0, 0, 0, 5, 1000, 3;
1, 256, 0, 0, 0, 0, 5, 1000, 3;
1, 256, 0, 0, 0, 0, 4, 999, 2;
1, 256, 0, -1, -1, -1, 4, 999, 2;
1, 256, 0, 0, 0, 0, 5, 1000, 3;
1, 256, 0, 0, 0, 0, 4, 999, 2;
1, 256, 0, 0, 0, 0, 4, 999, 2;
1, 256, 1, 1, 1, 1, 6, 1001, 4;
1, 256, 0, -1, -1, -1, 3, 998, 1;
1, 256, 0, 1, 1, 1, 5, 1000, 3;
1, 256, 0, 0, 0, 0, 4, 999, 2;
1, 256, 0, -1, -1, -1, 4, 999, 2;
1, 256, 0, -1, -1, -1, 3, 998, 1;
0, 256, 0, -1, -1, -1, 3, 998, 1;
1, 256, 0, 1, 1, 1, 5, 1000, 3;
1, 256, 0, 1, 1, 1, 5, 1000, 3;
1, 256, 1, 1, 1, 1, 6, 1001, 4;
1, 256, 0, 0, 0, 0, 5, 999, 2;
1, 256, 0, 1, 1, 1, 5, 1000, 3;
1, 256, 0, -1, -1, -1, 4, 999, 2;
1, 256, 0, 0, 0, 0, 5, 1000, 3;
1, 256, 0, 0, 0, 0, 5, 1000, 3;
1, 256, 0, 1, 1, 1, 5, 1000, 3;
1, 256, 0, -1, -1, -1, 4, 999, 2;
1, 256, 1, 1, 1, 1, 5, 1000, 3;
1, 256, 0, 0, 0, 0, 5, 1000, 3;
1, 256, 0, -1, -1, -1, 4, 999, 2;
1, 256, 0, 0, 0, 0, 4, 999, 2;
1, 256, 0, 0, 0, 0, 4, 999, 2;
1, 256, 1, 1, 1, 1, 6, 1001, 4;
1, 256, 1, 1, 1, 1, 6, 1001, 4;
1, 256, 0, 0, 0, 0, 4, 999, 2;
1, 256, 0, 0, 0, 0, 5, 1000, 3;
1, 256, 1, 1, 1, 1, 6, 1001, 4;
1, 256, 0, -1, -1, -1, 4, 999, 2;
1, 256, 0, 0, 0, 0, 5, 1000, 3;
1, 256, 0, 0, 0, 0, 4, 999, 2;
1, 256, 0, -1, -1, -1, 4, 999, 2;
1, 256, 0, -1, -1, -1, 4, 999, 2;
1, 256, 1, 1, 1, 1, 6, 1001, 4;
1, 256, 0, 0, 0, 0, 5, 1000, 3;
1, 256, 0, -1, -1, -1, 4, 999, 2;
1, 256, 0, -1, -1, -1, 4, 999, 2;
1, 256, 0, 1, 1, 1, 5, 1000, 3;
1, 256, 0, -1, -1, -1, 4, 998, 2;
1, 256, 0, 0, 0, 0, 4, 999, 2;
1, 256, 0, -1, -1, -1, 4, 999, 2;
1, 256, 0, 0, 0, 0, 5, 1000, 3;
1, 256, 1, 1, 1, 1, 6, 1001, 4;
1, 256, 1, 1, 1, 1, 5, 1000, 3;
1, 256, 1, 1, 1, 1, 6, 1001, 4;
1, 256, 0, -1, -1, -1, 4, 999, 2;
1, 256, 0, 0, 0, 0, 5, 1000, 3;
1, 256, 1, 1, 1, 1, 5, 1000, 3;
1, 256, 0, 0, 0, 0, 5, 1000, 3;
1, 256, 0, 0, 0, 0, 4, 999, 2;
1, 256, 1, 1, 1, 1, 6, 1001, 4;
1, 256, 0, -1, -1, -1, 3, 998, 1;
1, 256, 0, 1, 1, 1, 5, 1000, 3;
1, 256, 1, 1, 1, 1, 6, 1001, 4;
1, 256, 0, 1, 1, 1, 5, 1000, 3;
1, 256, 0, -1, -1, -1, 3, 998, 1;
1, 256, 0, -1, -1, -1, 3, 998, 1;
1, 256, 0, -1, -1, -1, 4, 999, 2;
1, 256, 1, 1, 1, 1, 6, 1001, 4;
1, 256, 0, 0, 0, 0, 4, 999, 2;
1, 256, 1, 1, 1, 1, 6, 1001, 4;
1, 256, 1, 1, 1, 1, 6, 1001, 4;
1, 256, 0, 0, 0, 0, 5, 1000, 3;
1, 256, 0, -1, -1, -1, 4, 999, 2;
1, 256, 0, 0, 0, 0, 4, 999, 2;
1, 256, 0, -1, -1, -1, 4, 999, 2;
1, 256, 0, 0, 0, 0, 4, 999, 2;
1, 256, 0, 0, 0, 0, 4, 999, 2;
1, 256, 0, 0, 0, 0, 5, 1000, 3;
1, 256, 0, 0, 0, 0, 5, 1000, 3;
1, 256, 1, 1, 1, 1, 6, 1001, 4;
1, 256, 0, 0, 0, 0, 4, 999, 2;
1, 256, 0, 0, 0, 0, 5, 1000, 3;
1, 256, 0, 0, 0, 0, 5, 1000, 3;
1, 256, 1, 1, 1, 1, 6, 1001, 4;
1, 256, 0, -1, -1, -1, 4, 998, 2;
1, 256, 0, 0, 0, 0, 4, 999, 2;
1, 256, 0, -1, -1, -1, 4, 998, 2;
1, 256, 0, 0, 0, 0, 4, 999, 2;
1, 256, 0, 0, 0, 0, 5, 1000, 3;
1, 256, 0, 0, 0, 0, 5, 1000, 3;
1, 256, 0, 0, 0, 0, 5, 1000, 3;
1, 256, 0, 1, 1, 1, 5, 1000, 3;
1, 256, 0, 0, 0, 0, 5, 1000, 3;
1, 256, 1, 1, 1, 1, 6, 1001, 4;
1, 256, 0, -1, -1, -1, 4, 998, 2;
1, 256, 0, -1, -1, -1, 4, 998, 1;
1, 256, 0, -1, -1, -1, 4, 998, 2;
1, 256, 0, 0, 0, 0, 5, 1000, 3;
1, 256, 0, 0, 0, 0, 5, 1000, 3;
1, 256, 0, 0, 0, 0, 4, 999, 2;
1, 256, 0, 1, 1, 1, 5, 1000, 3;
1, 256, 0, 0, 0, 0, 5, 1000, 3;
1, 256, 0, 1, 1, 1, 5, 1000, 3;
1, 256, 0, 0, 0, 0, 5, 1000, 3;
1, 256, 0, 0, 0, 0, 5, 1000, 3;
1, 256, 0, 0, 0, 0, 5, 999, 2;
1, 256, 1, 1, 1, 1, 5, 1000, 3;
1, 256, 1, 1, 1, 1, 6, 1001, 4;
1, 256, 1, 1, 1, 1, 5, 1000, 3;
1, 256, 0, 0, 0, 0, 5, 1000, 3;
1, 256, 0, -1, -1, -1, 4, 998, 1;
1, 256, 1, 1, 1, 1, 6, 1000, 4;
1, 256, 0, 0, 0, 0, 5, 1000, 3;
1, 256, 0, 0, 0, 0, 5, 1000, 3;
0, 256, 0, -1, -1, -1, 3, 998, 1;
1, 256, 0, 1, 1, 1, 5, 1000, 3;
1, 256, 1, 1, 1, 1, 5, 1000, 3;
1, 256, 0, 0, 0, 0, 5, 1000, 3;
1, 256, 0, -1, -1, -1, 4, 999, 2;
1, 256, 0, -1, -1, -1, 4, 999, 2;
1, 256, 0, 0, 0, 0, 4, 999, 2;
1, 256, 0, -1, -1, -1, 4, 999, 2;
1, 256, 0, 1, 1, 1, 5, 1000, 3;
1, 256, 0, -1, -1, -1, 4, 998, 2;
1, 256, 0, 0, 0, 0, 5, 1000, 3;
1, 256, 1, 1, 1, 1, 6, 1001, 4;
1, 256, 0, 0, 0, 0, 5, 1000, 3;
1, 256, 0, -1, -1, -1, 3, 998, 1;
1, 256, 1, 1, 1, 1, 6, 1001, 4;
1, 256, 0, 0, 0, 0, 5, 1000, 3;
1, 256, 0, 0, 0, 0, 5, 1000, 3;
1, 256, 0, 0, 0, 0, 4, 999, 2;
1, 256, 0, 1, 1, 1, 5, 1000, 3;
1, 256, 0, 1, 1, 1, 5, 1000, 3;
1, 256, 0, -1, -1, -1, 4, 999, 2;
1, 256, 0, 0, 0, 0, 4, 999, 2;
1, 256, 0, 0, 0, 0, 4, 999, 2;
1, 256, 0, 1, 1, 1, 5, 1000, 3;
1, 256, 0, 0, 0, 0, 5, 1000, 3;
1, 256, 0, -1, -1, -1, 4, 999, 2;
1, 256, 0, 0, 0, 0, 5, 999, 3;
1, 256, 1, 1, 1, 1, 6, 1000, 4;
1, 256, 0, 1, 1, 1, 5, 1000, 3;
1, 256, 0, -1, -1, -1, 4, 999, 2;
1, 256, 0, 0, 0, 0, 4, 999, 2;
1, 256, 1, 1, 1, 1, 5, 1000, 3;
1, 256, 0, 0, 0, 0, 4, 999, 2;
1, 256, 0, -1, -1, -1, 3, 998, 1;
1, 256, 0, 0, 0, 0, 5, 1000, 3;
1, 256, 0, 0, 0, 0, 4, 999, 2;
1, 256, 1, 1, 1, 1, 6, 1001, 4;
1, 256, 0, 0, 0, 0, 4, 999, 2;
1, 256, 0, 1, 1, 1, 5, 1000, 3;
1, 256, 0, 0, 0, 0, 5, 1000, 3;
1, 256, 0, 0, 0, 0, 4, 999, 2;