0, 295, 12, 0, 408, 0, -1, 1151, 49;
-1, 292, 9, 17, 399, -10, -5, 1140, 38;
1, 293, 10, 46, 400, -7, 4, 1143, 41;
7, 297, 15, 87, 412, 6, 28, 1159, 59;
10, 298, 16, 118, 413, 11, 40, 1163, 64;
5, 291, 10, 124, 389, -8, 22, 1137, 39;
10, 294, 13, 160, 393, 0, 40, 1147, 51;
13, 295, 15, 192, 394, 6, 54, 1152, 58;
11, 290, 11, 204, 374, -6, 44, 1134, 43;
11, 288, 9, 225, 362, -11, 44, 1125, 37;
16, 291, 13, 261, 365, 0, 65, 1137, 51;
20, 293, 15, 292, 364, 8, 80, 1142, 61;
19, 289, 12, 306, 345, 0, 75, 1128, 50;
23, 291, 15, 338, 344, 9, 93, 1136, 62;
22, 287, 13, 352, 324, 0, 88, 1121, 51;
23, 286, 13, 372, 311, 0, 93, 1116, 51;
28, 288, 16, 404, 310, 11, 112, 1125, 65;
29, 287, 16, 422, 295, 10, 115, 1119, 64;
29, 284, 15, 438, 278, 7, 116, 1110, 60;
32, 284, 16, 459, 268, 12, 126, 1110, 66;
30, 280, 13, 465, 242, 1, 117, 1092, 53;
34, 281, 16, 490, 236, 11, 133, 1097, 64;
31, 276, 12, 493, 207, 0, 121, 1076, 49;
32, 275, 13, 508, 193, 1, 127, 1073, 52;
32, 272, 11, 515, 171, -3, 124, 1060, 46;
34, 271, 13, 531, 158, 1, 133, 1060, 52;
34, 269, 12, 538, 137, 0, 133, 1050, 49;
38, 271, 16, 559, 131, 11, 150, 1058, 64;
36, 266, 13, 557, 103, 1, 140, 1040, 53;
33, 262, 11, 555, 76, -6, 132, 1023, 43;
33, 259, 10, 558, 55, -8, 130, 1013, 40;
35, 259, 12, 567, 41, -2, 138, 1013, 47;
33, 255, 9, 562, 15, -9, 130, 997, 38;
40, 260, 16, 585, 18, 11, 157, 1017, 65;
35, 254, 12, 570, -15, -3, 138, 991, 47;
34, 250, 10, 564, -39, -7, 132, 978, 41;
39, 254, 16, 578, -41, 9, 153, 992, 62;
38, 251, 15, 572, -63, 7, 149, 982, 59;
38, 250, 15, 567, -81, 7, 148, 975, 60;
35, 246, 13, 553, -108, 0, 137, 959, 50;
37, 246, 15, 553, -118, 7, 145, 962, 60;
37, 245, 16, 546, -135, 9, 145, 958, 63;
30, 237, 10, 517, -172, -9, 119, 927, 39;
33, 239, 13, 517, -178, 1, 130, 934, 53;
33, 238, 14, 506, -194, 3, 129, 930, 55;
32, 237, 14, 494, -208, 5, 128, 926, 57;
26, 231, 9, 464, -240, -10, 105, 901, 37;
26, 230, 10, 451, -253, -7, 105, 899, 42;
25, 228, 10, 432, -270, -9, 98, 891, 39;
27, 230, 13, 426, -273, 2, 108, 900, 54;
22, 225, 9, 394, -301, -11, 86, 877, 36;
23, 226, 11, 381, -307, -4, 90, 881, 45;
27, 230, 16, 377, -303, 12, 106, 897, 66;
23, 226, 14, 349, -322, 5, 91, 883, 57;
21, 225, 14, 326, -335, 3, 85, 878, 55;
16, 220, 10, 293, -356, -6, 66, 861, 42;
15, 219, 10, 268, -367, -7, 58, 856, 41;
13, 218, 10, 244, -376, -8, 52, 852, 40;
15, 221, 14, 231, -372, 3, 61, 864, 55;
13, 219, 13, 203, -382, 0, 51, 857, 51;
9, 216, 10, 170, -396, -6, 35, 846, 42;
10, 219, 14, 155, -391, 4, 42, 857, 56;
4, 214, 9, 114, -410, -10, 17, 837, 37;
8, 219, 15, 105, -397, 6, 32, 857, 59;
6, 219, 15, 79, -399, 7, 27, 857, 60;
4, 219, 15, 51, -401, 6, 19, 855, 59;
4, 220, 16, 29, -397, 11, 19, 861, 65;
1, 218, 14, -3, -404, 5, 4, 853, 57;
-4, 215, 10, -42, -415, -6, -17, 838, 42;
-5, 215, 11, -68, -413, -5, -22, 840, 43;
-5, 217, 13, -88, -403, 0, -21, 850, 52;
-10, 214, 9, -127, -412, -10, -42, 836, 37;
-11, 216, 10, -149, -403, -6, -44, 843, 42;
-8, 221, 15, -160, -383, 8, -31, 863, 60;
-10, 221, 14, -188, -379, 5, -41, 863, 57;
-13, 220, 13, -218, -377, 1, -52, 860, 52;
-12, 224, 16, -233, -360, 10, -47, 874, 63;
-20, 218, 9, -279, -372, -10, -79, 851, 37;
-22, 219, 9, -302, -363, -10, -85, 855, 37;
-22, 220, 10, -323, -350, -8, -88, 861, 40;
-22, 223, 12, -340, -334, -2, -87, 872, 47;
-25, 223, 10, -366, -327, -7, -99, 870, 41;
-21, 229, 15, -371, -299, 7, -84, 895, 60;
-27, 226, 10, -406, -301, -7, -108, 881, 42;
-24, 232, 15, -410, -272, 8, -93, 905, 61;
-25, 233, 15, -428, -258, 7, -99, 910, 60;
-26, 234, 15, -445, -243, 7, -103, 915, 60;
-29, 234, 13, -467, -233, 2, -113, 915, 53;
-28, 237, 15, -476, -211, 8, -110, 928, 60;
-34, 233, 9, -508, -212, -9, -136, 912, 38;
-34, 236, 11, -517, -192, -6, -134, 923, 43;
-36, 237, 10, -531, -177, -8, -141, 926, 39;
-31, 244, 15, -525, -142, 8, -122, 953, 61;
-36, 241, 11, -548, -138, -5, -141, 943, 44;
-33, 246, 14, -547, -110, 3, -132, 961, 55;
-31, 250, 16, -546, -84, 11, -124, 978, 65;
-38, 246, 10, -571, -84, -8, -150, 961, 40;
-37, 249, 11, -572, -61, -3, -146, 973, 46;
-38, 251, 11, -576, -43, -5, -148, 979, 44;
-33, 257, 16, -562, -8, 10, -129, 1005, 63;
-38, 254, 11, -579, -5, -5, -149, 993, 44;
-35, 259, 14, -568, 23, 4, -137, 1012, 56;
-38, 257, 10, -578, 31, -7, -151, 1005, 41;
-37, 261, 12, -570, 54, -2, -144, 1018, 47;
-34, 264, 14, -559, 80, 3, -135, 1033, 55;
-33, 267, 15, -551, 102, 6, -130, 1044, 59;
-36, 265, 11, -555, 109, -4, -143, 1036, 44;
-32, 271, 15, -536, 138, 6, -127, 1057, 58;
-36, 268, 10, -541, 142, -8, -142, 1046, 40;
-34, 271, 11, -527, 163, -4, -136, 1056, 44;
-31, 275, 14, -507, 189, 3, -122, 1073, 55;
-33, 273, 11, -504, 197, -5, -131, 1068, 43;
-34, 273, 9, -495, 208, -10, -134, 1068, 37;
-30, 278, 12, -471, 233, -2, -119, 1085, 48;
-25, 283, 16, -443, 260, 9, -100, 1105, 63;
-27, 281, 13, -436, 266, 0, -108, 1099, 50;
-26, 283, 13, -417, 281, 0, -103, 1105, 51;
-23, 286, 15, -391, 301, 7, -89, 1119, 60;
-21, 288, 15, -371, 315, 7, -84, 1124, 60;
-20, 289, 15, -352, 326, 6, -81, 1127, 58;
-20, 288, 13, -335, 333, 2, -81, 1126, 53;
-21, 288, 12, -317, 339, -2, -82, 1124, 47;
-19, 289, 12, -293, 350, -1, -75, 1129, 48;
-15, 292, 14, -264, 365, 3, -62, 1139, 55;
-14, 292, 13, -242, 372, 2, -58, 1140, 53;
-11, 295, 15, -211, 387, 8, -44, 1151, 61;
-15, 289, 9, -204, 374, -10, -61, 1130, 37;
-13, 291, 10, -177, 382, -9, -53, 1134, 39;
-8, 294, 13, -141, 398, 1, -33, 1149, 52;
-6, 295, 13, -114, 403, 2, -26, 1152, 53;
-4, 296, 14, -84, 410, 5, -15, 1157, 57;
-3, 296, 13, -60, 409, 2, -12, 1155, 54;
-3, 294, 12, -38, 406, -2, -12, 1148, 47;
-3, 292, 9, -18, 400, -9, -14, 1140, 38;
2, 296, 13, 20, 412, 2, 7, 1156, 54;
4, 297, 14, 50, 413, 5, 17, 1158, 57;
3, 294, 12, 68, 403, -2, 14, 1148, 47;
5, 294, 12, 97, 402, -1, 22, 1148, 49;
11, 297, 16, 135, 410, 10, 43, 1161, 63;
7, 292, 11, 145, 389, -6, 30, 1139, 43;
8, 291, 10, 169, 382, -7, 34, 1135, 41;
15, 295, 15, 211, 391, 8, 61, 1153, 61;
15, 293, 14, 231, 379, 3, 60, 1144, 55;
18, 293, 15, 258, 374, 6, 70, 1145, 58;
16, 289, 11, 271, 354, -4, 62, 1127, 44;
22, 293, 16, 310, 360, 10, 87, 1143, 64;
17, 285, 9, 311, 327, -11, 66, 1112, 37;
21, 287, 12, 342, 325, -2, 82, 1119, 48;
25, 288, 14, 371, 321, 5, 97, 1124, 57;
23, 284, 12, 383, 300, -2, 93, 1110, 48;
22, 280, 9, 393, 278, -11, 86, 1093, 36;
30, 286, 16, 434, 286, 10, 118, 1115, 63;
24, 277, 9, 430, 249, -11, 95, 1083, 36;
31, 281, 14, 464, 251, 5, 121, 1098, 57;
27, 276, 10, 467, 223, -7, 108, 1076, 41;
31, 277, 13, 491, 216, 2, 124, 1082, 53;
30, 273, 11, 498, 193, -4, 119, 1068, 45;
36, 277, 16, 525, 190, 10, 141, 1080, 64;
32, 270, 11, 522, 158, -3, 126, 1055, 46;
37, 273, 16, 545, 154, 9, 144, 1065, 62;
31, 265, 9, 535, 116, -10, 122, 1034, 38;
34, 265, 12, 550, 105, -2, 134, 1036, 47;
36, 266, 14, 563, 93, 3, 143, 1037, 55;
33, 260, 10, 557, 62, -8, 130, 1016, 40;
38, 263, 15, 577, 59, 8, 151, 1029, 61;
40, 263, 16, 584, 44, 12, 157, 1027, 65;
37, 258, 13, 575, 14, 1, 144, 1006, 52;
35, 255, 12, 571, -8, -2, 139, 994, 47;
34, 251, 10, 565, -32, -7, 133, 981, 42;
34, 249, 10, 563, -51, -6, 133, 974, 42;
38, 252, 15, 572, -57, 6, 148, 983, 58;
39, 252, 16, 573, -70, 12, 154, 984, 66;
37, 248, 15, 562, -95, 6, 146, 970, 59;
37, 247, 15, 557, -111, 8, 147, 965, 61;
37, 246, 16, 550, -128, 10, 147, 961, 64;
30, 238, 9, 520, -166, -9, 119, 929, 38;
35, 242, 15, 526, -167, 7, 138, 944, 60;
31, 237, 12, 504, -194, -2, 122, 925, 47;
32, 236, 13, 495, -206, 1, 124, 924, 53;
31, 235, 13, 481, -223, 1, 121, 918, 53;
27, 231, 11, 458, -246, -5, 108, 902, 43;
30, 233, 15, 453, -250, 6, 119, 912, 58;
23, 226, 9, 419, -282, -11, 93, 884, 36;
27, 230, 14, 416, -281, 4, 107, 898, 56;
23, 226, 11, 388, -302, -3, 92, 883, 46;
26, 229, 15, 381, -302, 8, 103, 894, 61;
24, 227, 15, 358, -316, 7, 96, 888, 59;
17, 220, 9, 318, -347, -11, 67, 860, 36;
20, 224, 14, 311, -341, 4, 81, 876, 56;
21, 225, 16, 293, -346, 9, 82, 878, 62;
20, 225, 16, 272, -352, 12, 79, 878, 66;
11, 217, 9, 224, -384, -11, 44, 846, 36;
10, 216, 9, 201, -391, -9, 40, 845, 38;
9, 216, 10, 178, -395, -7, 36, 845, 41;
7, 215, 10, 151, -402, -8, 28, 842, 39;
10, 219, 14, 138, -393, 4, 39, 857, 56;
5, 216, 11, 102, -407, -4, 21, 844, 45;
4, 216, 12, 77, -408, -2, 16, 844, 47;
0, 213, 9, 42, -419, -11, 0, 833, 36;
4, 220, 15, 36, -400, 9, 18, 858, 62;
0, 216, 12, -3, -412, -3, -3, 843, 47;
-1, 217, 13, -26, -409, 0, -6, 847, 51;
-6, 214, 10, -63, -417, -9, -24, 836, 39;
-5, 217, 12, -81, -406, 0, -20, 848, 50;
-4, 220, 15, -100, -395, 7, -17, 858, 60;
-9, 217, 11, -137, -402, -3, -38, 846, 46;
-9, 219, 13, -158, -392, 1, -38, 854, 52;
-11, 220, 13, -183, -385, 2, -42, 858, 54;
-9, 223, 16, -200, -369, 11, -38, 871, 64;
-13, 222, 14, -230, -367, 5, -51, 867, 57;
-13, 224, 16, -250, -355, 9, -52, 876, 63;
-14, 225, 16, -274, -346, 9, -58, 879, 63;
-19, 223, 13, -305, -344, 1, -74, 872, 52;
-24, 221, 10, -339, -344, -9, -93, 863, 39;
-18, 229, 16, -340, -312, 11, -73, 893, 65;
-24, 226, 12, -374, -313, -1, -94, 881, 48;
-23, 229, 14, -388, -294, 3, -92, 893, 55;
-22, 232, 16, -401, -274, 10, -89, 906, 64;
-25, 232, 14, -424, -265, 5, -99, 906, 58;
-26, 233, 14, -442, -251, 4, -105, 910, 57;
-28, 234, 14, -461, -237, 3, -111, 914, 54;
-31, 233, 12, -482, -227, -2, -122, 912, 47;
-29, 238, 15, -487, -201, 6, -114, 930, 59;
-34, 236, 11, -512, -197, -5, -132, 921, 44;
-29, 243, 16, -508, -163, 10, -115, 948, 64;
-30, 244, 16, -519, -146, 10, -118, 954, 64;
-32, 244, 14, -534, -133, 5, -127, 954, 57;
-36, 243, 11, -552, -124, -4, -141, 949, 45;
-38, 243, 10, -564, -110, -8, -148, 951, 40;
-38, 246, 10, -569, -90, -7, -148, 960, 41;
-39, 246, 9, -578, -75, -11, -155, 961, 36;
-38, 250, 11, -576, -51, -6, -149, 975, 43;
-34, 255, 14, -567, -20, 4, -136, 996, 56;
-34, 258, 15, -566, 0, 7, -133, 1006, 59;
-37, 256, 11, -577, 9, -3, -147, 1000, 46;
-37, 258, 12, -574, 29, -2, -145, 1008, 47;
-39, 258, 9, -578, 41, -9, -153, 1007, 38;
-36, 262, 12, -566, 68, -1, -142, 1024, 48;
-31, 268, 16, -548, 101, 11, -124, 1048, 65;
-35, 266, 12, -554, 106, -1, -139, 1038, 49;
-38, 264, 9, -557, 114, -12, -150, 1032, 35;
-32, 271, 14, -532, 149, 4, -128, 1059, 56;
-36, 269, 10, -534, 154, -8, -141, 1050, 40;
-35, 270, 10, -524, 170, -9, -139, 1055, 39;
-31, 275, 13, -500, 199, 1, -122, 1076, 53;
-32, 276, 12, -491, 211, -2, -124, 1076, 47;
-29, 279, 13, -472, 232, 2, -115, 1088, 53;
-30, 278, 11, -462, 242, -3, -118, 1087, 46;
-30, 279, 10, -449, 254, -7, -118, 1088, 42;
-30, 279, 9, -435, 264, -11, -119, 1089, 37;
-25, 284, 13, -404, 290, 1, -99, 1109, 52;
-24, 285, 13, -386, 302, 0, -96, 1112, 50;
-24, 285, 11, -369, 312, -3, -95, 1113, 46;
-22, 286, 12, -346, 325, -2, -88, 1119, 47;
-22, 287, 11, -327, 333, -5, -86, 1119, 44;
-22, 286, 9, -310, 339, -10, -87, 1117, 38;
-17, 291, 13, -274, 360, 1, -66, 1136, 53;
-13, 293, 15, -245, 375, 7, -53, 1146, 59;
-16, 290, 11, -234, 369, -6, -64, 1132, 43;
-15, 290, 10, -212, 373, -9, -62, 1131, 39;
-13, 291, 10, -185, 381, -8, -54, 1135, 40;
-12, 291, 9, -161, 385, -9, -49, 1135, 38;
-7, 295, 13, -122, 402, 2, -27, 1152, 54;
-3, 297, 15, -90, 411, 7, -14, 1160, 60;
-7, 291, 9, -82, 396, -10, -30, 1138, 37;
-3, 294, 12, -48, 405, -3, -15, 1148, 47;
-2, 293, 11, -23, 404, -5, -10, 1146, 44;
-3, 291, 9, -2, 398, -11, -12, 1138, 36;
4, 297, 15, 42, 415, 6, 17, 1161, 59;
5, 296, 14, 67, 412, 4, 21, 1157, 56;
1, 291, 9, 77, 392, -12, 7, 1135, 35;
5, 293, 11, 111, 396, -4, 22, 1143, 44;
11, 297, 15, 151, 405, 8, 46, 1159, 62;
11, 294, 13, 169, 392, 0, 42, 1147, 51;
10, 291, 10, 187, 378, -7, 39, 1135, 42;
13, 292, 12, 217, 376, -1, 52, 1138, 48;
16, 292, 14, 247, 373, 3, 64, 1142, 54;
15, 289, 11, 263, 357, -4, 60, 1128, 44;
17, 289, 12, 289, 350, -2, 69, 1128, 47;
19, 288, 12, 313, 340, -1, 75, 1125, 48;
21, 288, 13, 338, 333, 1, 85, 1125, 52;
20, 284, 10, 350, 311, -8, 78, 1108, 40;
27, 289, 16, 390, 318, 11, 108, 1128, 64;
24, 283, 11, 394, 289, -4, 93, 1104, 45;
30, 287, 16, 430, 292, 12, 119, 1119, 66;
30, 284, 15, 445, 275, 9, 119, 1110, 62;
29, 281, 14, 456, 254, 3, 116, 1097, 55;
30, 279, 13, 471, 238, 2, 119, 1091, 54;
28, 275, 10, 477, 212, -6, 111, 1073, 42;
35, 279, 16, 509, 213, 10, 137, 1089, 64;
30, 272, 11, 505, 180, -5, 120, 1062, 43;
35, 274, 15, 529, 175, 6, 138, 1071, 59;
35, 272, 14, 537, 155, 4, 137, 1061, 56;
35, 270, 14, 546, 136, 4, 140, 1054, 56;
36, 268, 14, 555, 118, 4, 142, 1048, 56;
38, 268, 16, 567, 105, 9, 150, 1047, 62;
33, 260, 10, 554, 67, -9, 128, 1017, 39;
36, 261, 13, 568, 57, 0, 141, 1021, 51;
32, 256, 9, 559, 26, -11, 127, 999, 36;
35, 257, 12, 570, 17, -2, 139, 1004, 48;
39, 259, 16, 584, 10, 10, 155, 1012, 63;
39, 257, 15, 581, -10, 8, 153, 1003, 61;
38, 255, 15, 579, -30, 8, 152, 995, 60;
33, 247, 10, 558, -67, -9, 129, 966, 39;
39, 252, 16, 575, -65, 11, 154, 985, 65;
36, 248, 14, 560, -92, 3, 142, 968, 54;
33, 243, 11, 545, -119, -5, 130, 950, 44;
34, 243, 12, 542, -133, 0, 134, 949, 50;
30, 238, 9, 523, -161, -10, 119, 930, 37;
36, 243, 16, 532, -159, 9, 141, 948, 62;
36, 242, 16, 521, -175, 10, 140, 943, 64;
32, 237, 13, 499, -201, 1, 125, 925, 52;
28, 233, 11, 478, -225, -5, 113, 910, 43;
28, 232, 11, 464, -240, -5, 110, 905, 44;
25, 228, 9, 441, -263, -12, 97, 891, 35;
29, 232, 14, 441, -261, 4, 114, 906, 57;
27, 230, 14, 422, -276, 3, 108, 899, 55;
26, 229, 14, 403, -290, 4, 104, 895, 55;
20, 223, 9, 368, -317, -10, 81, 872, 37;
26, 229, 16, 369, -309, 10, 102, 893, 64;
19, 223, 11, 332, -336, -5, 77, 869, 44;
23, 226, 16, 325, -332, 10, 91, 885, 63;
20, 224, 15, 299, -345, 7, 81, 877, 60;
13, 217, 9, 256, -374, -12, 51, 849, 35;
14, 220, 12, 242, -372, -2, 58, 859, 48;
17, 223, 16, 229, -368, 10, 67, 871, 63;
13, 221, 14, 199, -380, 4, 54, 862, 56;
12, 220, 15, 175, -385, 6, 49, 861, 58;
10, 219, 14, 146, -392, 4, 40, 857, 56;
11, 221, 16, 127, -389, 11, 43, 864, 65;
4, 216, 12, 86, -407, -3, 18, 845, 47;
4, 218, 13, 65, -404, 2, 19, 851, 54;
0, 214, 10, 28, -416, -7, 0, 838, 41;
1, 218, 14, 12, -406, 3, 6, 851, 55;
1, 220, 15, -9, -400, 8, 6, 858, 61;
-1, 218, 14, -40, -403, 4, -5, 853, 56;
-5, 216, 12, -74, -409, -2, -21, 844, 47;
-8, 215, 10, -105, -410, -6, -33, 840, 42;
-5, 220, 15, -117, -392, 7, -22, 859, 59;
-11, 216, 11, -156, -400, -5, -43, 846, 44;
-8, 221, 15, -168, -381, 8, -33, 865, 61;
-13, 218, 12, -205, -386, -3, -54, 853, 47;
-11, 223, 16, -218, -366, 9, -44, 871, 62;
-19, 218, 9, -262, -377, -9, -74, 850, 38;
-14, 224, 15, -267, -350, 8, -57, 876, 61;
-18, 223, 13, -298, -348, 1, -72, 871, 52;
-22, 222, 11, -328, -345, -6, -87, 865, 43;
-18, 228, 16, -332, -315, 11, -71, 892, 65;
-22, 227, 14, -361, -311, 3, -86, 887, 55;
-21, 230, 16, -376, -293, 9, -83, 899, 63;
-22, 231, 16, -395, -279, 10, -88, 904, 63;
-27, 229, 12, -427, -278, -2, -109, 893, 47;
-29, 229, 11, -447, -266, -5, -116, 896, 44;
-26, 235, 15, -450, -237, 8, -103, 918, 61;
-28, 235, 14, -470, -226, 4, -112, 919, 56;
-31, 236, 13, -488, -213, 0, -121, 920, 51;
-33, 236, 11, -506, -201, -4, -130, 921, 45;
-29, 242, 16, -505, -170, 9, -116, 944, 63;
-30, 244, 16, -516, -152, 10, -117, 952, 63;
-36, 240, 11, -543, -151, -6, -141, 938, 43;
-32, 246, 15, -537, -118, 8, -125, 962, 60;
-31, 249, 16, -541, -95, 12, -122, 974, 66;
-32, 250, 16, -550, -80, 9, -127, 978, 62;
-34, 251, 14, -559, -65, 5, -133, 980, 57;
-38, 249, 10, -576, -58, -7, -150, 971, 42;
-38, 251, 11, -576, -37, -4, -148, 981, 44;
-35, 256, 14, -568, -8, 4, -136, 1001, 57;
-39, 253, 10, -583, -3, -9, -154, 990, 39;
-32, 262, 16, -561, 36, 11, -128, 1023, 64;
-38, 259, 11, -575, 39, -5, -148, 1010, 44;
-35, 263, 13, -564, 66, 2, -138, 1026, 53;
-32, 267, 16, -552, 92, 9, -128, 1042, 62;
-33, 268, 15, -548, 108, 6, -129, 1046, 59;
-37, 265, 10, -556, 112, -7, -146, 1035, 41;
-37, 266, 10, -548, 130, -8, -144, 1041, 40;
-33, 272, 13, -527, 159, 2, -129, 1061, 53;
-29, 276, 16, -508, 185, 10, -115, 1078, 64;
-28, 278, 16, -496, 202, 10, -112, 1084, 64;
-32, 275, 12, -496, 205, -2, -126, 1074, 47;
-34, 274, 9, -491, 213, -11, -133, 1069, 36;
-30, 279, 12, -465, 239, -1, -117, 1088, 49;
-31, 277, 9, -458, 245, -10, -124, 1082, 37;
-26, 283, 13, -427, 273, 2, -103, 1104, 54;
-24, 285, 14, -406, 291, 6, -95, 1113, 58;
-27, 282, 10, -401, 290, -8, -108, 1100, 40;
-22, 287, 14, -368, 315, 4, -87, 1121, 56;
-25, 284, 10, -360, 315, -8, -98, 1110, 40;
-20, 288, 13, -328, 336, 1, -80, 1127, 52;
-17, 291, 15, -300, 353, 6, -67, 1137, 59;
-18, 289, 12, -286, 354, -1, -72, 1130, 48;
-18, 289, 11, -265, 359, -5, -71, 1129, 44;
-15, 291, 12, -236, 372, 0, -59, 1138, 50;
-10, 295, 16, -201, 390, 9, -40, 1153, 62;
-12, 292, 12, -189, 384, -3, -50, 1140, 46;
-13, 290, 9, -170, 383, -10, -52, 1133, 38;
-12, 290, 9, -145, 387, -11, -47, 1134, 36;
-4, 297, 15, -100, 409, 7, -17, 1159, 60;
-2, 297, 15, -73, 413, 7, -10, 1161, 60;
-1, 297, 15, -46, 415, 7, -3, 1161, 60;
-2, 295, 12, -27, 408, 0, -7, 1151, 49;
-2, 293, 10, -8, 401, -8, -10, 1142, 40;
1, 295, 13, 27, 409, 0, 6, 1152, 51;
5, 297, 15, 61, 415, 7, 23, 1162, 60;
1, 292, 9, 70, 395, -10, 7, 1138, 38;
7, 295, 13, 108, 403, 0, 27, 1150, 51;
5, 291, 9, 123, 388, -10, 20, 1135, 38;
14, 297, 16, 172, 405, 12, 54, 1161, 65;
8, 289, 9, 174, 375, -11, 31, 1130, 36;
12, 291, 12, 208, 378, -2, 49, 1138, 47;
11, 288, 9, 225, 363, -10, 45, 1126, 37;
17, 292, 13, 263, 367, 2, 68, 1139, 54;
20, 292, 15, 292, 363, 7, 80, 1142, 60;
19, 289, 12, 306, 345, 0, 75, 1128, 50;
20, 287, 12, 327, 333, -1, 79, 1122, 48;
25, 290, 15, 360, 332, 8, 98, 1131, 61;
25, 287, 14, 377, 316, 4, 98, 1122, 57;
21, 281, 9, 382, 288, -10, 85, 1098, 38;
23, 281, 10, 404, 277, -7, 93, 1097, 41;
28, 283, 14, 433, 274, 3, 110, 1104, 54;
24, 277, 9, 436, 244, -11, 97, 1081, 36;
32, 281, 15, 471, 248, 7, 125, 1099, 60;
30, 277, 13, 479, 224, 0, 119, 1083, 50;
27, 272, 9, 481, 196, -12, 107, 1062, 35;
34, 277, 15, 514, 199, 7, 135, 1081, 60;
34, 274, 14, 524, 180, 5, 136, 1072, 57;
30, 268, 9, 519, 146, -10, 118, 1045, 37;
38, 273, 16, 551, 150, 11, 148, 1066, 65;
38, 271, 16, 558, 131, 10, 149, 1058, 64;
37, 267, 14, 560, 106, 5, 144, 1044, 57;
32, 261, 10, 552, 74, -8, 128, 1019, 39;
38, 265, 15, 574, 71, 7, 150, 1033, 60;
37, 261, 14, 573, 47, 2, 145, 1020, 54;
32, 255, 9, 561, 14, -11, 128, 995, 37;
37, 258, 14, 577, 9, 3, 146, 1006, 55;
34, 253, 11, 567, -18, -5, 135, 987, 43;
40, 256, 16, 583, -20, 11, 156, 1001, 64;
36, 251, 13, 569, -51, 0, 141, 981, 51;
32, 246, 9, 554, -81, -10, 127, 960, 37;
38, 250, 15, 569, -80, 9, 150, 977, 62;
37, 248, 15, 559, -101, 6, 145, 967, 58;
32, 241, 10, 537, -135, -8, 125, 942, 40;
35, 243, 14, 541, -140, 4, 139, 951, 56;
33, 240, 12, 525, -163, 0, 130, 938, 50;
34, 240, 14, 520, -175, 4, 134, 938, 57;
29, 235, 10, 495, -205, -7, 115, 916, 41;
32, 236, 13, 491, -211, 2, 125, 923, 54;
33, 238, 16, 486, -218, 11, 132, 928, 65;
25, 229, 9, 447, -257, -11, 100, 894, 36;
31, 235, 16, 453, -249, 11, 124, 917, 65;
25, 228, 11, 418, -281, -5, 98, 889, 43;
24, 226, 11, 399, -295, -5, 93, 884, 43;
27, 230, 15, 395, -294, 9, 107, 898, 62;
23, 225, 12, 364, -316, 0, 89, 881, 49;
20, 223, 11, 340, -332, -4, 80, 872, 45;
22, 226, 15, 329, -331, 7, 88, 882, 59;
18, 222, 12, 298, -350, -1, 73, 868, 49;
15, 219, 10, 269, -366, -7, 59, 856, 41;
17, 222, 14, 257, -363, 4, 68, 868, 56;
15, 221, 14, 231, -372, 3, 60, 863, 55;
14, 221, 14, 207, -378, 5, 56, 863, 57;
14, 222, 16, 188, -378, 11, 58, 868, 65;
12, 221, 15, 159, -386, 8, 48, 863, 61;
9, 219, 14, 129, -395, 4, 36, 855, 56;
5, 217, 12, 97, -405, -1, 22, 847, 49;
7, 220, 16, 81, -396, 9, 30, 860, 63;
3, 218, 13, 47, -406, 2, 14, 850, 54;
1, 217, 13, 18, -409, 0, 5, 847, 51;
2, 219, 15, 0, -401, 8, 8, 857, 61;
-3, 216, 11, -39, -412, -3, -13, 842, 46;
-6, 214, 10, -72, -416, -9, -26, 836, 39;
-3, 220, 15, -81, -396, 8, -11, 859, 61;
-9, 215, 10, -124, -409, -8, -38, 840, 40;
-6, 220, 15, -135, -389, 7, -26, 861, 60;
-13, 215, 9, -178, -401, -10, -54, 841, 38;
-11, 220, 14, -191, -382, 3, -44, 860, 54;
-10, 223, 16, -208, -367, 11, -40, 872, 65;
-17, 218, 11, -250, -377, -6, -68, 853, 43;
-14, 224, 15, -261, -354, 7, -57, 873, 60;
-18, 222, 13, -292, -352, 0, -72, 868, 50;
-17, 226, 15, -306, -334, 8, -68, 882, 61;
-18, 228, 16, -326, -320, 10, -70, 889, 64;
-24, 223, 11, -365, -326, -6, -97, 872, 43;
-24, 226, 12, -380, -308, -1, -95, 883, 49;
-24, 229, 13, -396, -291, 2, -96, 893, 54;
-30, 226, 9, -429, -291, -11, -117, 881, 37;
-25, 233, 15, -428, -258, 7, -99, 909, 60;
-28, 232, 13, -453, -251, 0, -113, 906, 50;
-30, 233, 12, -471, -237, -1, -118, 910, 48;
-33, 233, 10, -491, -226, -7, -129, 909, 41;
-28, 240, 16, -488, -192, 10, -111, 936, 63;
-33, 237, 11, -515, -190, -4, -132, 925, 45;
-34, 239, 12, -525, -171, -2, -133, 933, 47;
-36, 239, 10, -542, -160, -9, -144, 932, 39;
-31, 247, 16, -532, -122, 10, -121, 963, 64;
-34, 245, 13, -549, -112, 1, -135, 959, 52;
-33, 248, 14, -552, -90, 5, -132, 970, 57;
-33, 251, 15, -556, -69, 7, -131, 980, 59;
-35, 251, 13, -566, -56, 1, -139, 979, 52;
-39, 249, 9, -581, -48, -9, -154, 973, 38;
-36, 254, 13, -573, -19, 0, -142, 992, 51;
-39, 253, 9, -584, -10, -10, -155, 986, 37;
-34, 260, 15, -565, 26, 7, -133, 1016, 60;
-33, 262, 15, -562, 47, 8, -131, 1025, 61;
-37, 260, 11, -572, 53, -4, -146, 1016, 45;
-38, 260, 10, -572, 67, -9, -151, 1017, 39;
-34, 267, 14, -553, 100, 4, -132, 1041, 56;
-37, 264, 10, -558, 106, -7, -146, 1032, 41;
-31, 272, 16, -532, 143, 10, -121, 1062, 64;
-36, 268, 11, -539, 144, -6, -140, 1048, 43;
-32, 273, 14, -519, 171, 3, -125, 1067, 55;
-33, 272, 11, -515, 181, -4, -132, 1064, 45;
-30, 276, 13, -495, 205, 2, -120, 1078, 54;
-32, 276, 11, -488, 216, -3, -124, 1077, 46;
-33, 275, 9, -480, 225, -10, -129, 1074, 37;
-26, 283, 15, -444, 260, 9, -101, 1104, 62;
-27, 281, 12, -436, 265, 0, -109, 1098, 50;
-25, 284, 14, -415, 283, 3, -100, 1108, 54;
-21, 288, 16, -387, 306, 11, -84, 1124, 65;
-21, 288, 15, -371, 315, 8, -84, 1124, 61;
-25, 283, 10, -368, 310, -9, -101, 1107, 39;
-24, 285, 10, -346, 322, -9, -95, 1112, 39;
-23, 285, 9, -325, 331, -10, -91, 1114, 37;
-22, 286, 9, -303, 341, -10, -86, 1117, 37;
-13, 294, 16, -257, 372, 10, -53, 1148, 64;
-14, 293, 14, -239, 375, 4, -55, 1144, 56;
-13, 293, 13, -217, 380, 1, -52, 1143, 53;
-15, 289, 9, -205, 374, -10, -61, 1130, 37;
-8, 296, 15, -161, 399, 7, -32, 1155, 60;
-6, 296, 15, -135, 404, 7, -26, 1157, 60;
-7, 294, 12, -116, 400, 0, -29, 1149, 50;
-4, 296, 14, -85, 408, 4, -17, 1156, 56;
-5, 294, 11, -66, 403, -3, -20, 1147, 46;
-2, 295, 13, -35, 409, 0, -8, 1152, 51;
-2, 293, 11, -14, 403, -5, -9, 1145, 43;
-2, 291, 9, 6, 397, -11, -10, 1138, 36;
4, 296, 14, 49, 413, 4, 17, 1158, 56;
6, 297, 15, 78, 413, 6, 26, 1160, 59;
2, 291, 9, 87, 392, -11, 10, 1136, 36;
10, 297, 15, 134, 409, 9, 42, 1160, 62;
9, 294, 12, 151, 394, 0, 37, 1147, 50;
8, 290, 10, 167, 380, -9, 32, 1133, 39;
16, 296, 16, 213, 394, 10, 63, 1156, 64;
12, 290, 10, 220, 369, -7, 47, 1131, 42;
18, 294, 15, 261, 376, 8, 73, 1148, 62;
16, 289, 11, 272, 354, -4, 63, 1128, 45;
19, 290, 13, 302, 351, 2, 77, 1133, 53;
19, 287, 11, 317, 334, -4, 74, 1120, 45;
25, 291, 16, 356, 339, 11, 100, 1136, 65;
26, 289, 16, 375, 325, 10, 103, 1130, 63;
27, 288, 15, 394, 311, 8, 106, 1123, 61;
27, 285, 14, 411, 295, 5, 108, 1115, 58;
24, 280, 10, 417, 268, -7, 96, 1094, 42;
32, 285, 16, 454, 273, 12, 125, 1112, 66;
25, 276, 9, 447, 234, -11, 100, 1077, 36;
30, 278, 13, 474, 230, 0, 118, 1085, 50;
28, 274, 10, 480, 205, -9, 110, 1068, 39;
31, 275, 12, 502, 196, 0, 124, 1073, 50;
32, 273, 12, 513, 178, -1, 125, 1064, 48;
32, 271, 12, 523, 159, -2, 127, 1057, 47;
37, 273, 16, 547, 155, 10, 146, 1067, 64;
37, 271, 16, 554, 135, 9, 147, 1058, 62;
32, 263, 9, 543, 97, -10, 125, 1027, 38;
37, 266, 14, 564, 94, 4, 145, 1039, 57;
32, 259, 9, 554, 59, -10, 127, 1013, 37;
35, 260, 12, 568, 50, -1, 140, 1017, 49;
39, 262, 16, 581, 42, 9, 154, 1024, 63;
35, 256, 11, 569, 8, -4, 137, 999, 45;
38, 257, 14, 579, 0, 5, 149, 1004, 58;
35, 253, 12, 570, -27, -2, 139, 987, 48;
34, 250, 11, 564, -50, -5, 134, 976, 44;
39, 254, 16, 578, -52, 11, 155, 990, 65;
35, 248, 13, 561, -83, 0, 139, 969, 51;
38, 249, 16, 565, -92, 9, 150, 973, 62;
34, 244, 12, 547, -121, -1, 134, 953, 49;
34, 242, 12, 539, -139, 0, 133, 947, 50;
33, 241, 12, 529, -157, 0, 130, 940, 49;
35, 241, 15, 525, -168, 6, 137, 942, 59;
28, 234, 9, 496, -202, -10, 113, 915, 37;
31, 236, 13, 494, -207, 0, 123, 922, 51;
29, 233, 12, 476, -228, -3, 115, 912, 47;
26, 230, 9, 454, -250, -10, 102, 897, 38;
29, 232, 14, 450, -253, 3, 115, 908, 54;
28, 231, 13, 432, -268, 2, 109, 901, 53;
27, 230, 14, 415, -281, 3, 106, 897, 55;
28, 230, 16, 402, -288, 9, 109, 900, 63;
24, 227, 13, 375, -308, 2, 96, 887, 54;
18, 221, 9, 339, -335, -12, 72, 864, 35;
24, 227, 16, 339, -325, 9, 93, 886, 62;
18, 222, 12, 304, -348, -2, 73, 867, 47;
18, 223, 13, 286, -353, 2, 73, 870, 53;
20, 225, 16, 272, -353, 12, 79, 878, 65;
14, 220, 12, 235, -374, -1, 57, 859, 49;
13, 219, 13, 211, -381, 0, 52, 857, 50;
12, 219, 13, 186, -387, 0, 47, 856, 51;
8, 217, 11, 155, -397, -4, 34, 847, 45;
6, 216, 11, 128, -403, -5, 26, 844, 44;
10, 221, 16, 118, -391, 11, 41, 864, 65;
5, 217, 13, 81, -404, 0, 21, 849, 52;
4, 218, 13, 56, -405, 2, 16, 851, 54;
-2, 213, 9, 15, -421, -11, -8, 832, 36;
-1, 215, 11, -4, -414, -4, -5, 841, 45;
1, 220, 16, -15, -398, 11, 7, 861, 65;
-2, 218, 14, -50, -404, 3, -9, 851, 54;
-7, 215, 11, -86, -411, -5, -27, 841, 43;
-7, 217, 12, -109, -404, -1, -29, 847, 48;
-5, 221, 16, -123, -388, 10, -20, 864, 63;
-10, 218, 12, -161, -394, 0, -40, 852, 49;
-11, 219, 13, -185, -387, 0, -45, 856, 51;
-13, 219, 13, -211, -381, 0, -52, 857, 51;
-14, 221, 13, -233, -371, 2, -55, 863, 53;
-18, 219, 11, -266, -371, -6, -72, 855, 43;
-20, 220, 10, -290, -362, -6, -78, 858, 42;
-17, 225, 15, -299, -337, 8, -66, 880, 61;
-17, 228, 16, -318, -323, 11, -67, 889, 65;
-22, 225, 13, -350, -322, 0, -86, 880, 52;
-20, 229, 16, -362, -301, 9, -80, 896, 63;
-23, 229, 14, -387, -293, 5, -91, 895, 57;
-24, 230, 14, -407, -281, 4, -97, 898, 56;
-26, 231, 14, -426, -266, 4, -101, 904, 56;
-27, 232, 14, -444, -253, 3, -107, 908, 54;
-26, 236, 15, -455, -232, 8, -104, 920, 61;
-32, 232, 10, -486, -232, -7, -128, 907, 42;
-30, 237, 13, -491, -206, 2, -120, 924, 53;
-33, 236, 11, -512, -196, -5, -132, 922, 44;
-32, 239, 13, -518, -174, 0, -128, 935, 51;
-34, 240, 12, -532, -158, -1, -134, 939, 48;
-36, 241, 11, -545, -144, -5, -141, 941, 44;
-37, 242, 10, -556, -128, -8, -146, 945, 40;
-34, 247, 13, -553, -99, 2, -135, 964, 53;
-33, 250, 15, -554, -75, 7, -130, 977, 59;
-39, 247, 9, -576, -73, -9, -153, 963, 38;
-38, 249, 10, -577, -52, -7, -150, 974, 41;
-37, 253, 12, -575, -28, -2, -145, 987, 48;
-37, 255, 12, -575, -8, -1, -144, 995, 48;
-33, 260, 16, -563, 23, 10, -129, 1017, 63;
-35, 260, 14, -567, 36, 4, -137, 1017, 56;
-38, 258, 10, -577, 43, -7, -151, 1009, 41;
-34, 264, 14, -561, 74, 4, -135, 1031, 55;
-39, 261, 9, -570, 78, -10, -152, 1019, 37;
-36, 265, 11, -557, 104, -3, -142, 1035, 46;
-33, 269, 14, -541, 130, 3, -131, 1051, 55;
-36, 268, 11, -542, 139, -5, -140, 1046, 43;
-34, 270, 12, -529, 159, -3, -134, 1056, 47;
-30, 275, 15, -507, 187, 7, -119, 1076, 60;
-32, 274, 12, -505, 194, -2, -128, 1070, 47;
-28, 279, 15, -480, 222, 8, -111, 1090, 61;
-33, 275, 9, -485, 219, -10, -131, 1072, 37;
-28, 280, 13, -457, 247, 1, -112, 1093, 52;
-31, 278, 9, -452, 251, -10, -122, 1084, 38;
-28, 281, 11, -429, 271, -4, -111, 1097, 45;
-27, 282, 11, -411, 284, -5, -107, 1101, 44;
-20, 289, 16, -374, 314, 11, -81, 1127, 65;
-24, 285, 11, -370, 310, -4, -97, 1111, 44;
-21, 288, 13, -341, 330, 2, -82, 1125, 54;
-24, 285, 9, -333, 327, -11, -94, 1112, 37;
-20, 288, 12, -302, 346, -3, -78, 1126, 47;
-19, 288, 11, -282, 353, -6, -76, 1126, 43;
-12, 295, 16, -240, 379, 11, -48, 1151, 65;
-11, 295, 15, -219, 384, 8, -46, 1150, 61;
-15, 290, 10, -209, 376, -6, -58, 1134, 42;
-10, 294, 13, -174, 392, 2, -41, 1148, 53;
-8, 295, 14, -146, 400, 5, -31, 1153, 57;
-4, 297, 16, -114, 410, 10, -18, 1162, 63;
-5, 295, 13, -97, 404, 1, -23, 1151, 52;
-7, 291, 9, -82, 396, -10, -30, 1138, 37;
-5, 292, 10, -54, 399, -9, -22, 1140, 39;
2, 299, 16, -5, 421, 12, 10, 1167, 66;
-1, 293, 10, 2, 403, -6, -6, 1144, 42;
0, 292, 9, 25, 398, -10, -3, 1139, 38;
2, 293, 11, 57, 402, -5, 9, 1145, 44;
4, 293, 11, 84, 399, -5, 15, 1144, 44;
9, 297, 15, 123, 408, 7, 38, 1159, 60;
6, 292, 10, 135, 390, -6, 26, 1139, 42;
7, 290, 9, 157, 380, -10, 28, 1132, 37;
8, 289, 9, 182, 374, -11, 33, 1129, 36;
14, 292, 13, 220, 379, 0, 55, 1141, 51;
13, 290, 11, 238, 365, -5, 53, 1131, 43;
14, 288, 10, 260, 354, -8, 56, 1125, 40;
18, 290, 13, 292, 352, 0, 72, 1131, 51;
23, 292, 16, 326, 353, 11, 92, 1141, 64;
22, 289, 13, 340, 334, 2, 87, 1127, 54;
22, 286, 12, 358, 319, 0, 88, 1118, 50;
25, 287, 14, 383, 311, 4, 99, 1120, 56;
25, 284, 13, 399, 294, 0, 100, 1110, 51;
30, 287, 16, 430, 292, 12, 119, 1119, 66;
28, 282, 13, 438, 268, 2, 111, 1102, 54;
26, 278, 10, 446, 244, -6, 104, 1085, 42;
31, 280, 14, 475, 241, 5, 124, 1095, 58;
27, 274, 9, 473, 209, -10, 107, 1068, 37;
29, 273, 10, 490, 195, -7, 114, 1066, 41;
35, 277, 16, 521, 196, 10, 140, 1082, 63;
30, 269, 9, 513, 158, -9, 117, 1050, 38;
37, 274, 16, 545, 162, 11, 147, 1070, 65;
31, 266, 10, 533, 123, -9, 123, 1037, 39;
33, 265, 11, 544, 107, -6, 129, 1034, 42;
35, 265, 12, 557, 95, 0, 138, 1035, 50;
34, 262, 11, 558, 71, -4, 133, 1022, 44;
33, 259, 10, 559, 48, -8, 130, 1010, 40;
37, 260, 13, 573, 40, 1, 144, 1016, 53;
37, 258, 13, 575, 21, 2, 145, 1009, 53;
32, 252, 9, 561, -11, -11, 127, 985, 36;
36, 254, 13, 574, -18, 1, 143, 994, 52;
38, 254, 14, 577, -32, 6, 149, 993, 58;
38, 253, 15, 574, -50, 6, 149, 986, 59;
36, 249, 13, 566, -74, 2, 143, 974, 54;
34, 245, 11, 553, -100, -4, 132, 958, 45;
38, 248, 16, 561, -103, 10, 150, 970, 64;
32, 242, 11, 537, -137, -5, 128, 944, 44;
30, 238, 9, 521, -162, -12, 117, 928, 36;
35, 242, 14, 528, -162, 5, 137, 944, 58;
29, 235, 9, 501, -196, -10, 114, 917, 38;
33, 238, 14, 504, -197, 5, 131, 931, 58;
33, 238, 15, 493, -210, 8, 131, 928, 61;
30, 234, 13, 470, -234, 0, 117, 913, 52;
30, 234, 14, 459, -245, 5, 119, 913, 58;
24, 227, 9, 425, -277, -11, 94, 886, 36;
26, 229, 13, 419, -279, 0, 105, 896, 52;
26, 229, 14, 402, -291, 3, 103, 893, 54;
25, 227, 14, 382, -304, 2, 98, 888, 54;
21, 224, 11, 353, -325, -5, 82, 873, 44;
24, 227, 16, 346, -322, 9, 95, 887, 62;
18, 222, 11, 310, -347, -4, 72, 866, 44;
17, 221, 12, 289, -355, -2, 69, 865, 48;
15, 219, 11, 262, -367, -5, 59, 857, 44;
12, 217, 10, 234, -380, -9, 48, 849, 39;
11, 217, 10, 210, -387, -9, 43, 847, 39;
12, 219, 13, 195, -384, 1, 49, 857, 52;
8, 216, 10, 160, -399, -7, 32, 844, 41;
11, 220, 15, 149, -390, 6, 43, 859, 58;
4, 215, 10, 108, -409, -7, 19, 840, 41;
5, 217, 12, 89, -405, 0, 21, 848, 50;
3, 217, 13, 62, -407, 0, 15, 847, 50;
-1, 213, 9, 23, -421, -12, -6, 832, 35;
0, 215, 11, 4, -414, -4, -3, 841, 44;
-4, 213, 9, -28, -419, -10, -17, 834, 38;
-4, 216, 11, -49, -412, -4, -16, 842, 45;
-1, 220, 16, -62, -397, 9, -6, 859, 62;
-3, 220, 15, -90, -395, 8, -14, 859, 60;
-9, 216, 11, -130, -405, -5, -37, 844, 44;
-11, 216, 10, -158, -402, -7, -46, 843, 41;
-11, 219, 12, -177, -390, 0, -44, 854, 50;
-10, 222, 15, -195, -375, 7, -40, 866, 60;
-12, 222, 15, -221, -369, 6, -48, 868, 59;
-14, 222, 14, -248, -364, 3, -57, 867, 55;
-21, 218, 9, -288, -371, -11, -83, 851, 36;
-17, 225, 15, -293, -342, 6, -66, 877, 59;
-17, 227, 16, -311, -327, 11, -66, 887, 64;
-24, 222, 10, -351, -334, -7, -94, 868, 42;
-23, 225, 12, -367, -317, -1, -92, 880, 49;
-24, 227, 13, -384, -301, 1, -94, 888, 52;
-26, 227, 12, -408, -292, -2, -104, 888, 47;
-28, 228, 11, -430, -281, -5, -112, 889, 43;
-24, 234, 16, -431, -250, 11, -96, 916, 64;
-28, 233, 13, -456, -243, 2, -111, 911, 54;
-27, 236, 15, -466, -222, 7, -108, 923, 60;
-34, 233, 10, -498, -223, -8, -132, 908, 39;
-35, 234, 9, -513, -207, -10, -138, 913, 37;
-30, 241, 15, -506, -171, 8, -117, 943, 61;
-33, 240, 12, -526, -163, 0, -131, 938, 50;
-34, 242, 13, -536, -144, 0, -133, 946, 51;
-31, 247, 16, -536, -117, 9, -124, 964, 62;
-37, 243, 10, -560, -115, -7, -146, 950, 41;
-35, 247, 13, -560, -89, 0, -139, 966, 50;
-39, 246, 9, -575, -81, -10, -153, 960, 37;
-39, 248, 9, -580, -62, -10, -155, 967, 37;
-33, 256, 16, -561, -21, 10, -129, 1000, 63;
-34, 256, 14, -568, -7, 5, -135, 1001, 57;
-37, 255, 11, -577, 2, -3, -147, 997, 46;
-33, 261, 15, -563, 34, 8, -131, 1020, 62;
-37, 260, 12, -572, 42, -2, -144, 1014, 48;
-32, 266, 16, -555, 75, 11, -127, 1037, 64;
-34, 265, 14, -558, 86, 3, -135, 1035, 55;
-33, 267, 14, -551, 106, 4, -132, 1043, 56;
-38, 264, 9, -559, 109, -10, -149, 1031, 37;
-34, 269, 12, -540, 137, 0, -135, 1050, 49;
-34, 270, 12, -533, 153, -2, -135, 1054, 47;
-33, 272, 12, -519, 174, 0, -129, 1064, 50;
-33, 273, 11, -511, 187, -4, -131, 1065, 45;
-35, 272, 9, -505, 196, -11, -137, 1062, 36;
-33, 274, 9, -489, 214, -10, -132, 1071, 38;
-29, 279, 13, -464, 240, 0, -115, 1089, 50;
-29, 280, 12, -450, 253, -2, -114, 1092, 47;
-26, 283, 14, -427, 274, 2, -103, 1104, 54;
-27, 282, 11, -415, 281, -3, -106, 1101, 46;
-28, 281, 9, -402, 289, -9, -109, 1099, 38;
-25, 284, 11, -377, 306, -4, -98, 1110, 44;
-19, 290, 16, -341, 333, 9, -75, 1133, 63;
-18, 290, 15, -322, 343, 7, -72, 1134, 60;
-22, 286, 10, -316, 337, -8, -87, 1118, 39;
-17, 290, 13, -283, 357, 1, -69, 1134, 52;
-20, 287, 9, -272, 353, -11, -79, 1121, 36;
-17, 290, 10, -242, 367, -6, -66, 1131, 42;
-12, 293, 13, -209, 382, 1, -50, 1144, 52;
-12, 292, 12, -188, 385, -2, -49, 1141, 47;
-10, 293, 12, -162, 391, -2, -42, 1143, 48;
-11, 291, 10, -143, 389, -9, -44, 1137, 39;
-8, 293, 11, -113, 397, -5, -33, 1143, 44;
-2, 297, 15, -73, 413, 7, -10, 1160, 60;
-2, 296, 13, -51, 410, 2, -10, 1155, 54;
-2, 294, 12, -29, 406, -2, -9, 1149, 47;
4, 25, 10, 1627, 3631, 2213, 19, 100, 41;
13, 25, 0, 1588, 5330, 1909, 54, 98, 0;
6, 7, 10, 2708, 2385, 2533, 26, 30, 40;
2, 30, 2, 4267, 3906, 2497, 9, 119, 7;
7, 30, 9, 2767, 4294, 1457, 28, 118, 38;
20, 13, 12, 3959, 4528, 1512, 81, 52, 49;
4, 19, 10, 2339, 2194, 1097, 16, 77, 41;
9, 0, 8, 1486, 4067, 2859, 36, 1, 33;
9, 22, 10, 1588, 5371, 2283, 36, 87, 39;
9, 0, 3, 4012, 4090, 1249, 35, 1, 15;
20, 6, 9, 3246, 2254, 2105, 78, 26, 36;
13, 29, 0, 1965, 3370, 1556, 53, 114, 0;
17, 28, 6, 1546, 5032, 2215, 69, 109, 26;
11, 25, 1, 1576, 4029, 1995, 44, 100, 4;
2, 7, 2, 2220, 2624, 1088, 10, 27, 11;
0, 8, 6, 1636, 4663, 2381, 1, 33, 26;
0, 0, 0, 4124, 3997, 1802, 3, 0, 3;
15, 17, 2, 2750, 2336, 1989, 59, 68, 10;
19, 8, 2, 3761, 3972, 1020, 76, 32, 8;
1, 8, 2, 2621, 3832, 1242, 4, 31, 10;
8, 19, 12, 2644, 4721, 2526, 34, 77, 49;
2, 6, 12, 4356, 2950, 1278, 9, 24, 50;
4, 23, 9, 3413, 2435, 2841, 16, 91, 36;
10, 1, 5, 4017, 5170, 998, 41, 7, 23;
3, 2, 6, 3633, 3226, 2668, 12, 9, 24;
12, 3, 13, 2480, 3999, 1137, 48, 11, 50;
1, 17, 3, 1590, 4684, 1319, 4, 69, 15;
20, 24, 0, 3626, 1879, 2716, 79, 97, 1;
11, 18, 12, 3276, 2004, 1185, 46, 71, 50;
17, 15, 5, 3447, 4235, 2372, 69, 61, 20;
13, 13, 11, 3500, 1983, 2032, 54, 51, 46;
8, 21, 0, 2265, 3266, 1904, 33, 83, 2;
1, 15, 9, 1550, 3689, 1753, 4, 58, 38;
12, 21, 12, 4053, 3219, 2027, 49, 82, 48;
16, 15, 7, 3041, 4110, 1950, 62, 58, 27;
18, 28, 9, 3852, 4162, 2109, 72, 112, 36;
9, 1, 1, 2141, 3741, 2238, 37, 5, 7;
19, 10, 5, 1869, 4714, 1258, 74, 40, 20;
10, 20, 12, 2124, 4149, 1265, 42, 81, 49;
9, 20, 5, 2683, 2951, 2378, 38, 80, 21;
16, 16, 0, 1920, 3547, 1079, 64, 62, 0;
13, 30, 1, 2630, 4216, 2481, 51, 117, 5;
14, 13, 1, 2295, 5391, 2223, 54, 51, 6;
13, 18, 11, 2593, 4335, 1184, 54, 73, 44;
10, 27, 11, 4080, 5286, 1792, 40, 108, 43;
0, 18, 12, 2082, 2059, 2804, 0, 73, 49;
19, 26, 2, 1711, 2741, 1555, 76, 103, 8;
3, 6, 8, 2400, 2792, 1533, 11, 25, 31;
8, 27, 2, 3758, 4791, 2384, 31, 108, 10;
2, 0, 9, 3845, 4448, 2694, 9, 0, 37;
15, 2, 2, 2127, 2473, 2175, 58, 8, 10;
20, 13, 7, 4103, 3144, 2029, 79, 51, 28;
3, 13, 3, 1879, 5016, 1824, 13, 52, 14;
15, 20, 9, 2759, 5263, 1536, 59, 79, 36;
2, 4, 2, 3671, 3701, 2219, 10, 17, 11;
3, 21, 7, 3497, 2347, 2135, 12, 83, 29;
7, 8, 9, 1648, 1980, 2152, 27, 33, 35;
11, 7, 1, 3438, 2099, 2075, 46, 28, 6;
18, 21, 11, 3242, 4488, 2252, 70, 82, 45;
17, 24, 10, 3448, 5398, 1410, 70, 96, 42;
20, 7, 5, 3429, 4469, 1773, 81, 29, 21;
0, 14, 0, 2445, 2529, 2086, 3, 57, 0;
8, 11, 1, 3090, 3676, 2420, 31, 43, 7;
20, 5, 10, 3781, 2112, 1709, 78, 23, 42;
9, 3, 12, 2164, 3309, 2712, 38, 13, 48;
11, 16, 3, 4085, 3039, 1993, 44, 62, 12;
9, 19, 5, 2102, 2362, 1825, 38, 76, 20;
15, 27, 9, 1482, 2954, 1733, 59, 109, 38;
16, 23, 10, 3152, 2579, 2093, 64, 93, 40;
13, 5, 2, 1926, 1932, 1356, 54, 20, 9;
2, 9, 7, 3407, 3200, 2792, 8, 37, 30;
9, 27, 6, 4274, 2947, 2365, 36, 106, 24;
9, 3, 9, 2797, 2690, 2911, 35, 14, 38;
8, 15, 0, 2069, 3854, 2726, 32, 60, 3;
8, 9, 12, 3018, 2803, 1641, 34, 35, 48;
14, 1, 6, 2516, 1890, 2149, 56, 7, 26;
17, 19, 9, 3983, 2067, 1420, 66, 75, 35;
18, 11, 9, 1593, 2758, 1181, 72, 44, 36;
8, 4, 3, 1727, 4596, 1325, 32, 18, 11;
4, 19, 7, 2295, 2780, 2267, 16, 76, 31;
707, 759, 448, 5259, 4604, 3128, 2760, 2960, 1748;
606, 913, 368, 5047, 4417, 3000, 2365, 3563, 1436;
713, 771, 377, 4835, 4230, 2868, 2781, 3008, 1472;
550, 753, 409, 4648, 4067, 2758, 2146, 2938, 1595;
550, 667, 387, 4450, 3891, 2634, 2146, 2604, 1509;
503, 871, 334, 4297, 3761, 2553, 1965, 3400, 1306;
523, 715, 332, 4136, 3620, 2460, 2043, 2792, 1297;
489, 820, 330, 3944, 3448, 2333, 1909, 3198, 1289;
483, 707, 321, 3827, 3351, 2279, 1886, 2757, 1253;
523, 744, 362, 3673, 3216, 2187, 2042, 2904, 1415;
428, 711, 286, 3529, 3089, 2100, 1670, 2776, 1117;
499, 602, 267, 3364, 2941, 1991, 1948, 2348, 1042;
434, 675, 255, 3261, 2856, 1943, 1693, 2635, 997;
410, 622, 268, 3110, 2721, 1843, 1600, 2426, 1047;
441, 557, 224, 3007, 2633, 1790, 1723, 2175, 874;
364, 667, 286, 2880, 2520, 1711, 1421, 2601, 1115;
384, 613, 233, 2782, 2436, 1658, 1497, 2394, 912;
396, 635, 214, 2669, 2337, 1589, 1546, 2479, 835;
282, 615, 197, 2530, 2210, 1492, 1101, 2400, 770;
363, 524, 180, 2448, 2141, 1451, 1417, 2044, 705;
348, 603, 192, 2362, 2068, 1405, 1358, 2353, 752;
300, 582, 177, 2288, 2004, 1368, 1172, 2273, 693;
245, 519, 184, 2198, 1926, 1314, 957, 2025, 720;
261, 557, 184, 2081, 1819, 1231, 1021, 2173, 721;
226, 483, 183, 2025, 1774, 1209, 884, 1886, 717;
277, 475, 134, 1931, 1690, 1147, 1084, 1853, 526;
226, 520, 171, 1847, 1615, 1093, 885, 2028, 668;
239, 460, 146, 1764, 1541, 1040, 934, 1795, 572;
239, 489, 130, 1723, 1509, 1027, 935, 1908, 510;
231, 484, 115, 1646, 1440, 978, 901, 1891, 452;
205, 478, 116, 1589, 1391, 947, 802, 1865, 452;
168, 417, 137, 1501, 1311, 884, 657, 1628, 536;
217, 439, 140, 1481, 1299, 889, 848, 1714, 549;
159, 458, 120, 1400, 1225, 831, 623, 1788, 468;
196, 399, 105, 1358, 1189, 811, 765, 1559, 411;
191, 374, 122, 1291, 1130, 766, 746, 1459, 478;
155, 417, 124, 1267, 1112, 762, 607, 1627, 484;
171, 403, 109, 1172, 1023, 687, 667, 1574, 425;
129, 400, 106, 1170, 1026, 703, 506, 1563, 416;
118, 405, 99, 1078, 940, 630, 462, 1580, 386;
123, 391, 92, 1043, 911, 613, 482, 1527, 359;
131, 402, 77, 1028, 900, 614, 513, 1571, 302;
117, 400, 83, 984, 862, 587, 459, 1562, 324;
115, 352, 95, 960, 842, 578, 450, 1375, 373;
118, 361, 76, 924, 811, 557, 460, 1410, 296;
104, 346, 87, 886, 777, 533, 408, 1349, 341;
121, 336, 62, 845, 741, 507, 474, 1313, 242;
121, 374, 59, 821, 721, 496, 473, 1461, 232;
95, 330, 53, 752, 656, 439, 372, 1287, 210;
92, 353, 73, 743, 651, 443, 361, 1379, 288;
88, 337, 62, 701, 613, 413, 344, 1315, 242;
88, 321, 62, 673, 588, 396, 344, 1255, 243;
74, 353, 52, 662, 580, 396, 289, 1379, 203;
87, 331, 51, 620, 542, 364, 342, 1294, 202;
88, 344, 49, 615, 539, 369, 344, 1342, 194;
69, 339, 50, 589, 517, 353, 271, 1322, 196;
81, 326, 53, 547, 477, 320, 318, 1274, 207;
62, 338, 44, 558, 491, 340, 245, 1319, 174;
73, 319, 46, 499, 434, 289, 286, 1247, 179;
54, 314, 43, 488, 426, 287, 211, 1228, 170;
72, 322, 47, 491, 432, 298, 284, 1256, 184;
62, 318, 43, 455, 398, 269, 243, 1240, 168;
52, 316, 33, 455, 400, 276, 202, 1233, 132;
58, 315, 40, 413, 360, 241, 226, 1229, 158;
59, 317, 39, 427, 376, 262, 231, 1237, 152;
49, 317, 36, 412, 364, 254, 192, 1239, 142;
53, 313, 31, 398, 351, 246, 209, 1221, 121;
47, 302, 30, 367, 322, 220, 187, 1178, 119;
39, 295, 34, 357, 313, 216, 155, 1151, 134;
44, 296, 29, 313, 271, 178, 173, 1154, 115;
37, 295, 21, 312, 272, 183, 147, 1152, 84;
40, 290, 20, 299, 260, 174, 156, 1134, 81;
34, 298, 26, 308, 271, 188, 136, 1165, 104;
40, 292, 23, 282, 247, 167, 158, 1142, 91;
33, 297, 22, 284, 250, 174, 129, 1161, 86;
31, 280, 22, 251, 218, 145, 123, 1092, 87;
33, 290, 16, 237, 205, 135, 129, 1132, 64;
27, 281, 21, 245, 215, 147, 107, 1098, 85;
34, 292, 21, 249, 220, 154, 134, 1138, 84;
33, 278, 16, 227, 200, 137, 131, 1085, 65;
1, 256, 0, 0, 0, 0, 5, 1000, 3;
1, 256, 0, -1, -1, -1, 4, 999, 2;
1, 256, 1, 1, 1, 1, 5, 1000, 3;
1, 256, 0, 0, 0, 0, 5, 999, 3;
1, 256, 0, 0, 0, 0, 5, 999, 2;
1, 256, 0, 0, 0, 0, 4, 999, 2;
1, 256, 0, 1, 1, 1, 5, 1000, 3;
1, 256, 0, -1, -1, -1, 3, 998, 1;
1, 256, 0, 0, 0, 0, 4, 999, 2;
1, 256, 0, -1, -1, -1, 4, 999, 2;
1, 256, 0, 0, 0, 0, 5, 1000, 3;
1, 256, 0, 0, 0, 0, 5, 1000, 3;
1, 256, 0, -1, -1, -1, 3, 998, 1;
1, 256, 0, 0, 0, 0, 4, 999, 2;
1, 256, 0, 0, 0, 0, 4, 999, 2;
1, 256, 0, 0, 0, 0, 5, 999, 3;
0, 256, 0, -1, -1, -1, 3, 998, 1;
1, 256, 0, 0, 0, 0, 5, 999, 2;
1, 256, 0, -1, -1, -1, 4, 999, 2;
1, 256, 0, 1, 1, 1, 5, 1000, 3;
1, 256, 0, -1, -1, -1, 4, 998, 1;
1, 256, 0, 0, 0, 0, 5, 999, 3;
1, 256, 1, 1, 1, 1, 5, 1000, 3;
1, 256, 0, 1, 1, 1, 5, 1000, 3;
1, 256, 0, 0, 0, 0, 5, 1000, 3;
1, 256, 0, 0, 0, 0, 5, 1000, 3;
1, 256, 0, 0, 0, 0, 4, 999, 2;
1, 256, 1, 1, 1, 1, 5, 1000, 3;
1, 256, 0, 1, 1, 1, 5, 1000, 3;
1, 256, 0, 0, 0, 0, 4, 999, 2;
1, 256, 0, 0, 0, 0, 4, 999, 2;
1, 256, 0, -1, -1, -1, 4, 999, 2;
1, 256, 1, 1, 1, 1, 6, 1001, 4;
1, 256, 0, 0, 0, 0, 4, 999, 2;
1, 256, 1, 1, 1, 1, 6, 1001, 4;
1, 256, 0, -1, -1, -1, 4, 998, 2;
1, 256, 0, -1, -1, -1, 4, 999, 2;
1, 256, 0, 1, 1, 1, 5, 1000, 3;
1, 256, 1, 1, 1, 1, 6, 1000, 4;
1, 256, 0, 0, 0, 0, 4, 999, 2;
1, 256, 0, -1, -1, -1, 4, 999, 2;
1, 256, 0, -1, -1, -1, 4, 999, 2;
1, 256, 0, 0, 0, 0, 4, 999, 2;
1, 256, 0, 0, 0, 0, 5, 1000, 3;
1, 256, 0, 0, 0, 0, 5, 999, 2;
1, 256, 0, 0, 0, 0, 4, 999, 2;
1, 256, 0, 1, 1, 1, 5, 1000, 3;
1, 256, 0, -1, -1, -1, 3, 998, 1;
1, 256, 0, -1, -1, -1, 3, 998, 1;
1, 256, 0, 0, 0, 0, 5, 1000, 3;
1, 256, 1, 1, 1, 1, 6, 1000, 4;
1, 256, 0, 0, 0, 0, 5, 999, 3;
1, 256, 0, -1, -1, -1, 4, 999, 2;
1, 256, 0, -1, -1, -1, 4, 999, 2;
1, 256, 0, 0, 0, 0, 5, 1000, 3;
1, 256, 0, 0, 0, 0, 5, 1000, 3;
1, 256, 0, 0, 0, 0, 5, 1000, 3;
1, 256, 0, 0, 0, 0, 4, 999, 2;
1, 256, 0, 0, 0, 0, 4, 999, 2;
1, 256, 0, 0, 0, 0, 4, 999, 2;
1, 256, 0, 1, 1, 1, 5, 1000, 3;
1, 256, 1, 1, 1, 1, 6, 1001, 4;
1, 256, 0, -1, -1, -1, 4, 998, 1;
1, 256, 0, 0, 0, 0, 5, 1000, 3;
1, 256, 0, -1, -1, -1, 4, 999, 2;
1, 256, 0, 0, 0, 0, 5, 1000, 3;
1, 256, 0, 0, 0, 0, 5, 999, 3;
1, 256, 1, 1, 1, 1, 6, 1001, 4;
1, 256, 0, -1, -1, -1, 4, 999, 2;
1, 256, 0, -1, -1, -1, 4, 999, 2;
1, 256, 0, 0, 0, 0, 4, 999, 2;
1, 256, 0, 0, 0, 0, 5, 1000, 3;
1, 256, 0, 0, 0, 0, 4, 999, 2;
1, 256, 0, -1, -1, -1, 4, 998, 2;
1, 256, 0, 0, 0, 0, 5, 1000, 3;
1, 256, 0, -1, -1, -1, 4, 999, 2;
1, 256, 1, 1, 1, 1, 6, 1000, 3;
1, 256, 0, 0, 0, 0, 4, 999, 2;
1, 256, 0, -1, -1, -1, 4, 998, 2;
1, 256, 0, 0, 0, 0, 5, 1000, 3;
1, 256, 0, -1, -1, -1, 3, 998, 1;
1, 256, 0, 0, 0, 0, 5, 1000, 3;
1, 256, 0, 0, 0, 0, 4, 999, 2;
1, 256, 0, -1, -1, -1, 4, 999, 2;
1, 256, 0, -1, -1, -1, 4, 999, 2;
1, 256, 0, -1, -1, -1, 4, 999, 2;
1, 256, 0, 0, 0, 0, 5, 1000, 3;
1, 256, 1, 1, 1, 1, 6, 1000, 3;
1, 256, 0, 0, 0, 0, 4, 999, 2;
1, 256, 0, 0, 0, 0, 5, 1000, 3;
1, 256, 0, 0, 0, 0, 5, 1000, 3;
1, 256, 0, 0, 0, 0, 5, 1000, 3;
1, 256, 0, 0, 0, 0, 5, 1000, 3;
1, 256, 0, 0, 0, 0, 4, 999, 2;
1, 256, 0, 0, 0, 0, 4, 999, 2;
1, 256, 1, 1, 1, 1, 6, 1001, 4;
1, 256, 0, 0, 0, 0, 5, 1000, 3;
1, 256, 0, 0, 0, 0, 4, 999, 2;
1, 256, 0, -1, -1, -1, 3, 998, 1;
1, 256, 0, 1, 1, 1, 5, 1000, 3;
1, 256, 0, 0, 0, 0, 5, 1000, 3;
1, 256, 0, 0, 0, 0, 4, 999, 2;
1, 256, 0, 0, 0, 0, 4, 999, 2;
1, 256, 0, 0, 0, 0, 5, 1000, 3;
1, 256, 0, -1, -1, -1, 3, 998, 1;
1, 256, 0, 0, 0, 0, 4, 999, 2;
1, 256, 0, 0, 0, 0, 5, 1000, 3;
1, 256, 1, 1, 1, 1, 5, 1000, 3;
1, 256, 1, 1, 1, 1, 6, 1000, 4;
1, 256, 0, 0, 0, 0, 4, 999, 2;
1, 256, 0, 0, 0, 0, 5, 999, 3;
1, 256, 0, 0, 0, 0, 4, 999, 2;
1, 256, 0, 0, 0, 0, 5, 1000, 3;
1, 256, 0, -1, -1, -1, 4, 999, 2;
1, 256, 0, 0, 0, 0, 4, 999, 2;
1, 256, 0, 1, 1, 1, 5, 1000, 3;
1, 256, 0, 0, 0, 0, 4, 999, 2;
1, 256, 1, 1, 1, 1, 6, 1001, 4;
1, 256, 0, 1, 1, 1, 5, 1000, 3;
1, 256, 1, 1, 1, 1, 6, 1000, 3;
1, 256, 1, 1, 1, 1, 5, 1000, 3;
1, 256, 1, 1, 1, 1, 6, 1000, 4;
1, 256, 0, 0, 0, 0, 5, 1000, 3;
1, 256, 0, -1, -1, -1, 4, 999, 2;
1, 256, 0, 0, 0, 0, 4, 999, 2;
1, 256, 0, 0, 0, 0, 4, 999, 2;
1, 256, 0, -1, -1, -1, 4, 998, 1;
1, 256, 0, -1, -1, -1, 4, 998, 2;
1, 256, 0, 0, 0, 0, 4, 999, 2;
1, 256, 0, 1, 1, 1, 5, 1000, 3;
1, 256, 0, 0, 0, 0, 5, 1000, 3;
1, 256, 0, -1, -1, -1, 4, 999, 2;
1, 256, 0, 0, 0, 0, 4, 999, 2;
1, 256, 0, -1, -1, -1, 4, 998, 2;
1, 256, 0, -1, -1, -1, 4, 999, 2;
1, 256, 0, 0, 0, 0, 5, 1000, 3;
1, 256, 1, 1, 1, 1, 6, 1001, 4;
1, 256, 1, 1, 1, 1, 6, 1001, 4;
1, 256, 1, 1, 1, 1, 6, 1001, 4;
1, 256, 0, 0, 0, 0, 5, 999, 3;
1, 256, 0, 0, 0, 0, 4, 999, 2;
1, 256, 0, 0, 0, 0, 4, 999, 2;
1, 256, 0, 0, 0, 0, 5, 1000, 3;
1, 256, 1, 1, 1, 1, 6, 1000, 3;
1, 256, 0, -1, -1, -1, 4, 999, 2;
1, 256, 0, 0, 0, 0, 5, 1000, 3;
1, 256, 1, 1, 1, 1, 6, 1000, 3;
1, 256, 0, 0, 0, 0, 4, 999, 2;
1, 256, 1, 1, 1, 1, 6, 1001, 4;
1, 256, 0, 0, 0, 0, 5, 1000, 3;
1, 256, 0, 1, 1, 1, 5, 1000, 3;
1, 256, 0, 0, 0, 0, 5, 1000, 3;
1, 256, 0, 0, 0, 0, 4, 999, 2;
1, 256, 0, 0, 0, 0, 5, 1000, 3;
1, 256, 1, 1, 1, 1, 6, 1000, 4;
1, 256, 0, 0, 0, 0, 4, 999, 2;
1, 256, 0, -1, -1, -1, 4, 999, 2;
1, 256, 0, -1, -1, -1, 4, 999, 2;
1, 256, 0, -1, -1, -1, 4, 999, 2;
1, 256, 0, -1, -1, -1, 4, 999, 2;
1, 256, 0, 0, 0, 0, 4, 999, 2;
1, 256, 0, -1, -1, -1, 4, 999, 2;
1, 256, 0, 0, 0, 0, 5, 1000, 3;
1, 256, 0, 0, 0, 0, 4, 999, 2;
1, 256, 0, 0, 0, 0, 5, 999, 3;
1, 256, 0, 0, 0, 0, 5, 1000, 3;
1, 256, 0, 0, 0, 0, 4, 999, 2;
1, 256, 0, -1, -1, -1, 4, 998, 2;
1, 256, 1, 1, 1, 1, 6, 1001, 4;
1, 256, 0, 0, 0, 0, 5, 1000, 3;
1, 256, 0, -1, -1, -1, 4, 999, 2;
1, 256, 1, 1, 1, 1, 6, 1001, 4;
1, 256, 0, 0, 0, 0, 5, 1000, 3;
1, 256, 0, 0, 0, 0, 5, 1000, 3;
1, 256, 0, 0, 0, 0, 5, 1000, 3;
1, 256, 0, -1, -1, -1, 4, 998, 2;
1, 256, 1, 1, 1, 1, 6, 1001, 4;
1, 256, 0, -1, -1, -1, 4, 999, 2;
1, 256, 0, 0, 0, 0, 5, 1000, 3;
1, 256, 0, 1, 1, 1, 5, 1000, 3;
1, 256, 0, -1, -1, -1, 4, 999, 2;
1, 256, 0, -1, -1, -1, 4, 999, 2;
1, 256, 0, -1, -1, -1, 4, 999, 2;
1, 256, 0, -1, -1, -1, 4, 999, 2;
1, 256, 0, 1, 1, 1, 5, 1000, 3;
1, 256, 0, 0, 0, 0, 5, 1000, 3;
1, 256, 0, 0, 0, 0, 4, 999, 2;
1, 256, 0, 0, 0, 0, 5, 1000, 3;
1, 256, 0, 0, 0, 0, 4, 999, 2;
1, 256, 0, 1, 1, 1, 5, 1000, 3;
1, 256, 0, 1, 1, 1, 5, 1000, 3;
1, 256, 0, 1, 1, 1, 5, 1000, 3;
1, 256, 0, 0, 0, 0, 5, 1000, 3;
1, 256, 0, 1, 1, 1, 5, 1000, 3;
1, 256, 0, 0, 0, 0, 4, 999, 2;
1, 256, 0, 1, 1, 1, 5, 1000, 3;
1, 256, 0, -1, -1, -1, 3, 998, 1;
1, 256, 0, 1, 1, 1, 5, 1000, 3;
1, 256, 0, 0, 0, 0, 5, 1000, 3;
1, 256, 0, 0, 0, 0, 5, 1000, 3;
1, 256, 0, -1, -1, -1, 4, 998, 1;
1, 256, 0, 0, 0, 0, 5, 1000, 3;
1, 256, 0, 0, 0, 0, 4, 999, 2;
1, 256, 0, 0, 0, 0, 4, 999, 2;
1, 256, 0, 0, 0, 0, 5, 1000, 3;
1, 256, 0, -1, -1, -1, 4, 999, 2;
1, 256, 0, -1, -1, -1, 4, 999, 2;
1, 256, 0, 0, 0, 0, 4, 999, 2;
1, 256, 1, 1, 1, 1, 6, 1001, 4;
1, 256, 0, 0, 0, 0, 4, 999, 2;
1, 256, 0, 0, 0, 0, 5, 999, 3;
1, 256, 0, 0, 0, 0, 4, 999, 2;
1, 256, 1, 1, 1, 1, 6, 1001, 4;
1, 256, 0, 0, 0, 0, 5, 1000, 3;
1, 256, 0, 0, 0, 0, 5, 1000, 3;
1, 256, 0, 0, 0, 0, 5, 1000, 3;
1, 256, 0, -1, -1, -1, 4, 999, 2;
1, 256, 0, 0, 0, 0, 5, 999, 3;
1, 256, 0, -1, -1, -1, 4, 999, 2;
1, 256, 0, 1, 1, 1, 5, 1000, 3;
1, 256, 0, -1, -1, -1, 4, 999, 2;
1, 256, 0, 1, 1, 1, 5, 1000, 3;
1, 256, 0, -1, -1, -1, 4, 999, 2;
1, 256, 1, 1, 1, 1, 6, 1000, 4;
1, 256, 0, -1, -1, -1, 4, 999, 2;
1, 256, 0, 0, 0, 0, 5, 999, 2;
1, 256, 0, -1, -1, -1, 4, 999, 2;
1, 256, 0, 0, 0, 0, 5, 1000, 3;
1, 256, 0, 0, 0, 0, 4, 999, 2;
1, 256, 0, 0, 0, 0, 5, 1000, 3;
1, 256, 0, 1, 1, 1, 5, 1000, 3;
1, 256, 0, 0, 0, 0, 5, 1000, 3;
1, 256, 0, 0, 0, 0, 5, 1000, 3;
1, 256, 0, 0, 0, 0, 4, 999, 2;
1, 256, 0, 0, 0, 0, 5, 999, 3;
1, 256, 0, 1, 1, 1, 5, 1000, 3;
1, 256, 0, 0, 0, 0, 4, 999, 2;
1, 256, 0, 0, 0, 0, 5, 1000, 3;
1, 256, 0, 0, 0, 0, 4, 999, 2;
1, 256, 0, -1, -1, -1, 4, 999, 2;
1, 256, 0, 0, 0, 0, 4, 999, 2;
1, 256, 0, -1, -1, -1, 4, 999, 2;
1, 256, 1, 1, 1, 1, 6, 1000, 4;
1, 256, 0, 0, 0, 0, 5, 1000, 3;
1, 256, 0, 0, 0, 0, 5, 999, 3;
1, 256, 0, -1, -1, -1, 4, 999, 2;
1, 256, 0, 0, 0, 0, 4, 999, 2;
1, 256, 0, 1, 1, 1, 5, 1000, 3;
1, 256, 0, -1, -1, -1, 4, 999, 2;
1, 256, 0, 0, 0, 0, 4, 999, 2;
1, 256, 0, 0, 0, 0, 5, 1000, 3;
1, 256, 0, -1, -1, -1, 4, 999, 2;
1, 256, 0, 0, 0, 0, 5, 1000, 3;
1, 256, 0, -1, -1, -1, 4, 999, 2;
1, 256, 0, 0, 0, 0, 5, 1000, 3;
1, 256, 0, 0, 0, 0, 5, 1000, 3;
1, 256, 0, -1, -1, -1, 4, 999, 2;
0, 256, 0, -1, -1, -1, 3, 998, 1;
1, 256, 0, -1, -1, -1, 4, 999, 2;
1, 256, 0, -1, -1, -1, 4, 998, 1;
1, 256, 0, 0, 0, 0, 4, 999, 2;
1, 256, 0, 0, 0, 0, 4, 999, 2;
1, 256, 1, 1, 1, 1, 6, 1001, 4;
1, 256, 1, 1, 1, 1, 5, 1000, 3;
1, 256, 0, 0, 0, 0, 4, 999, 2;
1, 256, 0, 0, 0, 0, 4, 999, 2;
1, 256, 0, 0, 0, 0, 5, 1000, 3;
1, 256, 0, 0, 0, 0, 5, 1000, 3;
1, 256, 0, -1, -1, -1, 4, 999, 2;
1, 256, 0, 0, 0, 0, 5, 1000, 3;
1, 256, 0, 0, 0, 0, 4, 999, 2;
1, 256, 0, 0, 0, 0, 4, 999, 2;
1, 256, 0, 0, 0, 0, 5, 1000, 3;
1, 256, 0, 0, 0, 0, 5, 1000, 3;
1, 256, 0, 0, 0, 0, 5, 1000, 3;
1, 256, 0, 0, 0, 0, 5, 1000, 3;
1, 256, 1, 1, 1, 1, 5, 1000, 3;
1, 256, 1, 1, 1, 1, 6, 1000, 4;
1, 256, 0, 0, 0, 0, 5, 1000, 3;
1, 256, 0, 0, 0, 0, 4, 999, 2;
1, 256, 0, 1, 1, 1, 5, 1000, 3;
1, 256, 0, -1, -1, -1, 4, 999, 2;
1, 256, 0, -1, -1, -1, 4, 999, 2;
1, 256, 0, 0, 0, 0, 4, 999, 2;
1, 256, 0, 0, 0, 0, 5, 1000, 3;
1, 256, 1, 1, 1, 1, 6, 1000, 4;
1, 256, 0, 1, 1, 1, 5, 1000, 3;
1, 256, 0, 0, 0, 0, 5, 1000, 3;
1, 256, 0, 0, 0, 0, 5, 1000, 3;
1, 256, 0, 0, 0, 0, 5, 1000, 3;
1, 256, 0, 0, 0, 0, 5, 1000, 3;
1, 256, 0, 0, 0, 0, 4, 999, 2;
1, 256, 0, 0, 0, 0, 5, 1000, 3;
1, 256, 0, 0, 0, 0, 5, 1000, 3;
1, 256, 0, 0, 0, 0, 4, 999, 2;
1, 256, 0, 0, 0, 0, 4, 999, 2;
1, 256, 0, 0, 0, 0, 5, 1000, 3;
1, 256, 1, 1, 1, 1, 5, 1000, 3;
1, 256, 1, 1, 1, 1, 6, 1001, 4;
1, 256, 0, -1, -1, -1, 4, 999, 2;
1, 256, 1, 1, 1, 1, 6, 1001, 4;
1, 256, 0, 0, 0, 0, 5, 1000, 3;
1, 256, 0, 0, 0, 0, 5, 1000, 3;
1, 256, 0, 0, 0, 0, 5, 1000, 3;
1, 256, 0, 1, 1, 1, 5, 1000, 3;
1, 256, 1, 1, 1, 1, 6, 1001, 4;
1, 256, 1, 1, 1, 1, 5, 1000, 3;
1, 256, 0, 0, 0, 0, 4, 999, 2;
1, 256, 0, 0, 0, 0, 4, 999, 2;
1, 256, 0, 0, 0, 0, 4, 999, 2;
1, 256, 0, -1, -1, -1, 4, 999, 2;
1, 256, 1, 1, 1, 1, 6, 1001, 4;
1, 256, 0, -1, -1, -1, 3, 998, 1;
1, 256, 0, 0, 0, 0, 4, 999, 2;
1, 256, 0, 0, 0, 0, 5, 999, 3;
1, 256, 0, 0, 0, 0, 4, 999, 2;
1, 256, 0, -1, -1, -1, 4, 999, 2;
1, 256, 0, -1, -1, -1, 4, 999, 2;
1, 256, 0, -1, -1, -1, 4, 999, 2;
1, 256, 0, -1, -1, -1, 4, 998, 2;
1, 256, 0, 0, 0, 0, 4, 999, 2;
1, 256, 0, 0, 0, 0, 4, 999, 2;
1, 256, 0, 0, 0, 0, 4, 999, 2;
1, 256, 0, 0, 0, 0, 5, 1000, 3;
1, 256, 0, 1, 1, 1, 5, 1000, 3;
1, 256, 0, 0, 0, 0, 5, 1000, 3;
1, 256, 1, 1, 1, 1, 6, 1001, 4;
1, 256, 0, 0, 0, 0, 4, 999, 2;
1, 256, 1, 1, 1, 1, 6, 1000, 3;
1, 256, 0, 0, 0, 0, 4, 999, 2;
1, 256, 0, -1, -1, -1, 4, 999, 2;
1, 256, 0, -1, -1, -1, 4, 999, 2;
1, 256, 0, 0, 0, 0, 4, 999, 2;
1, 256, 0, 0, 0, 0, 4, 999, 2;
1, 256, 0, 0, 0, 0, 4, 999, 2;
1, 256, 0, -1, -1, -1, 4, 999, 2;
1, 256, 0, -1, -1, -1, 4, 999, 2;
1, 256, 0, -1, -1, -1, 4, 998, 1;
1, 256, 0, 0, 0, 0, 5, 999, 3;
1, 256, 0, 1, 1, 1, 5, 1000, 3;
1, 256, 0, -1, -1, -1, 4, 999, 2;
1, 256, 0, 1, 1, 1, 5, 1000, 3;
1, 256, 0, 1, 1, 1, 5, 1000, 3;
1, 256, 1, 1, 1, 1, 6, 1001, 4;
1, 256, 1, 1, 1, 1, 6, 1001, 4;
1, 256, 0, 0, 0, 0, 5, 1000, 3;
1, 256, 0, 0, 0, 0, 5, 999, 2;
1, 256, 0, 0, 0, 0, 5, 1000, 3;
1, 256, 1, 1, 1, 1, 6, 1001, 4;
1, 256, 0, 0, 0, 0, 5, 1000, 3;
1, 256, 0, 0, 0, 0, 4, 999, 2;
1, 256, 0, -1, -1, -1, 3, 998, 1;
1, 256, 0, 0, 0, 0, 4, 999, 2;
1, 256, 0, 0, 0, 0, 5, 1000, 3;
1, 256, 1, 1, 1, 1, 6, 1001, 4;
1, 256, 0, -1, -1, -1, 4, 998, 2;
1, 256, 0, -1, -1, -1, 3, 998, 1;
1, 256, 0, 0, 0, 0, 5, 1000, 3;
1, 256, 0, 0, 0, 0, 5, 1000, 3;
1, 256, 0, 0, 0, 0, 5, 1000, 3;
1, 256, 0, -1, -1, -1, 4, 999, 2;
1, 256, 0, 0, 0, 0, 5, 1000, 3;
1, 256, 0, -1, -1, -1, 4, 999, 2;
1, 256, 1, 1, 1, 1, 6, 1000, 4;
1, 256, 0, -1, -1, -1, 4, 999, 2;
1, 256, 0, 0, 0, 0, 5, 1000, 3;
1, 256, 0, 0, 0, 0, 5, 1000, 3;
1, 256, 0, 1, 1, 1, 5, 1000, 3;
1, 256, 0, 1, 1, 1, 5, 1000, 3;
1, 256, 0, 0, 0, 0, 4, 999, 2;
1, 256, 0, 0, 0, 0, 5, 1000, 3;
1, 256, 1, 1, 1, 1, 6, 1001, 4;
1, 256, 0, 0, 0, 0, 4, 999, 2;
1, 256, 0, 0, 0, 0, 4, 999, 2;
1, 256, 0, 1, 1, 1, 5, 1000, 3;
1, 256, 0, -1, -1, -1, 4, 999, 2;
1, 256, 0, 0, 0, 0, 4, 999, 2;
1, 256, 0, -1, -1, -1, 4, 999, 2;
1, 256, 1, 1, 1, 1, 5, 1000, 3;
1, 256, 0, -1, -1, -1, 3, 998, 1;
1, 256, 0, 0, 0, 0, 5, 1000, 3;
1, 256, 0, -1, -1, -1, 4, 999, 2;
1, 256, 0, 0, 0, 0, 4, 999, 2;
1, 256, 1, 1, 1, 1, 6, 1001, 4;
1, 256, 1, 1, 1, 1, 6, 1000, 4;
1, 256, 0, 0, 0, 0, 4, 999, 2;
1, 256, 0, 1, 1, 1, 5, 1000, 3;
1, 256, 0, 0, 0, 0, 4, 999, 2;
1, 256, 1, 1, 1, 1, 6, 1000, 4;
1, 256, 0, -1, -1, -1, 4, 999, 2;
1, 256, 0, 1, 1, 1, 5, 1000, 3;
1, 256, 0, -1, -1, -1, 4, 999, 2;
1, 256, 0, 1, 1, 1, 5, 1000, 3;
1, 256, 0, -1, -1, -1, 3, 998, 1;
1, 256, 0, -1, -1, -1, 4, 999, 2;
1, 256, 0, 0, 0, 0, 5, 1000, 3;
1, 256, 0, 0, 0, 0, 4, 999, 2;
1, 256, 1, 1, 1, 1, 6, 1000, 4;
1, 256, 0, 0, 0, 0, 4, 999, 2;
1, 256, 1, 1, 1, 1, 6, 1001, 4;
1, 256, 0, 1, 1, 1, 5, 1000, 3;
1, 256, 0, 0, 0, 0, 4, 999, 2;
1, 256, 0, 0, 0, 0, 5, 1000, 3;
1, 256, 1, 1, 1, 1, 5, 1000, 3;
1, 256, 0, -1, -1, -1, 4, 999, 2;
1, 256, 0, 0, 0, 0, 4, 999, 2;
1, 256, 0, 0, 0, 0, 5, 1000, 3;
1, 256, 0, -1, -1, -1, 4, 999, 2;
1, 256, 1, 1, 1, 1, 6, 1001, 4;
1, 256, 0, 0, 0, 0, 5, 1000, 3;
1, 256, 0, 0, 0, 0, 4, 999, 2;
1, 256, 0, 0, 0, 0, 4, 999, 2;
1, 256, 0, 0, 0, 0, 5, 1000, 3;
1, 256, 0, -1, -1, -1, 3, 998, 1;
1, 256, 0, 1, 1, 1, 5, 1000, 3;
1, 256, 0, 0, 0, 0, 4, 999, 2;
1, 256, 0, 1, 1, 1, 5, 1000, 3;
1, 256, 0, -1, -1, -1, 4, 998, 1;
1, 256, 0, 0, 0, 0, 4, 999, 2;
1, 256, 0, -1, -1, -1, 4, 999, 2;
1, 256, 0, -1, -1, -1, 4, 999, 2;
1, 256, 0, -1, -1, -1, 4, 999, 2;
1, 256, 0, 0, 0, 0, 4, 999, 2;
1, 256, 0, 0, 0, 0, 5, 1000, 3;
1, 256, 0, 0, 0, 0, 5, 1000, 3;
1, 256, 0, 0, 0, 0, 4, 999, 2;
1, 256, 1, 1, 1, 1, 6, 1001, 4;
1, 256, 1, 1, 1, 1, 6, 1000, 3;
1, 256, 0, -1, -1, -1, 4, 999, 2;
1, 256, 1, 1, 1, 1, 6, 1001, 4;
1, 256, 0, -1, -1, -1, 4, 998, 2;
1, 256, 0, -1, -1, -1, 4, 998, 1;
1, 256, 0, 0, 0, 0, 4, 999, 2;
1, 256, 0, 1, 1, 1, 5, 1000, 3;
1, 256, 0, -1, -1, -1, 4, 999, 2;
1, 256, 0, 0, 0, 0, 5, 1000, 3;
1, 256, 0, 0, 0, 0, 5, 1000, 3;
1, 256, 1, 1, 1, 1, 6, 1001, 4;
1, 256, 0, 1, 1, 1, 5, 1000, 3;
1, 256, 0, 0, 0, 0, 5, 1000, 3;
1, 256, 0, 0, 0, 0, 4, 999, 2;
1, 256, 0, 0, 0, 0, 5, 1000, 3;
1, 256, 1, 1, 1, 1, 6, 1001, 4;
1, 256, 1, 1, 1, 1, 6, 1001, 4;
1, 256, 0, 0, 0, 0, 5, 1000, 3;
1, 256, 1, 1, 1, 1, 5, 1000, 3;
1, 256, 0, 0, 0, 0, 4, 999, 2;
1, 256, 0, -1, -1, -1, 3, 998, 1;
1, 256, 0, 0, 0, 0, 4, 999, 2;
1, 256, 0, 0, 0, 0, 4, 999, 2;
1, 256, 0, 0, 0, 0, 4, 999, 2;
1, 256, 0, 0, 0, 0, 4, 999, 2;
1, 256, 0, 0, 0, 0, 5, 1000, 3;
1, 256, 0, 0, 0, 0, 4, 999, 2;
1, 256, 0, -1, -1, -1, 4, 998, 1;
1, 256, 0, -1, -1, -1, 4, 998, 2;
1, 256, 0, 0, 0, 0, 4, 999, 2;
1, 256, 0, 0, 0, 0, 5, 1000, 3;
1, 256, 0, 0, 0, 0, 5, 1000, 3;
1, 256, 0, 0, 0, 0, 5, 1000, 3;
1, 256, 0, 1, 1, 1, 5, 1000, 3;
1, 256, 0, 0, 0, 0, 5, 1000, 3;
1, 256, 0, 0, 0, 0, 4, 999, 2;
1, 256, 1, 1, 1, 1, 6, 1001, 4;
1, 256, 0, 1, 1, 1, 5, 1000, 3;
1, 256, 0, -1, -1, -1, 4, 999, 2;
1, 256, 0, 0, 0, 0, 5, 1000, 3;
1, 256, 0, -1, -1, -1, 4, 999, 2;
1, 256, 1, 1, 1, 1, 6, 1001, 4;
1, 256, 1, 1, 1, 1, 6, 1001, 4;
1, 256, 0, 1, 1, 1, 5, 1000, 3;
1, 256, 0, 1, 1, 1, 5, 1000, 3;
1, 256, 0, -1, -1, -1, 4, 999, 2;
1, 256, 1, 1, 1, 1, 6, 1001, 4;
1, 256, 0, 0, 0, 0, 4, 999, 2;
1, 256, 0, -1, -1, -1, 4, 998, 2;
1, 256, 1, 1, 1, 1, 6, 1001, 4;
1, 256, 0, 0, 0, 0, 5, 1000, 3;
1, 256, 0, -1, -1, -1, 4, 999, 2;
1, 256, 0, 0, 0, 0, 4, 999, 2;
1, 256, 0, -1, -1, -1, 4, 999, 2;
1, 256, 0, 0, 0, 0, 4, 999, 2;
1, 256, 0, -1, -1, -1, 4, 999, 2;
1, 256, 0, 1, 1, 1, 5, 1000, 3;
1, 256, 0, 0, 0, 0, 5, 1000, 3;
1, 256, 0, 0, 0, 0, 5, 1000, 3;
1, 256, 0, 1, 1, 1, 5, 1000, 3;
1, 256, 0, 0, 0, 0, 4, 999, 2;
1, 256, 0, 0, 0, 0, 4, 999, 2;
1, 256, 0, 0, 0, 0, 5, 1000, 3;
1, 256, 0, -1, -1, -1, 3, 998, 1;
1, 256, 1, 1, 1, 1, 6, 1001, 4;
1, 256, 0, 0, 0, 0, 4, 999, 2;
1, 256, 1, 1, 1, 1, 5, 1000, 3;
1, 256, 0, 1, 1, 1, 5, 1000, 3;
1, 256, 0, -1, -1, -1, 4, 999, 2;
1, 256, 0, 0, 0, 0, 5, 1000, 3;
1, 256, 0, 0, 0, 0, 5, 1000, 3;
1, 256, 0, -1, -1, -1, 4, 999, 2;
1, 256, 0, 0, 0, 0, 5, 1000, 3;
1, 256, 0, 0, 0, 0, 4, 999, 2;
1, 256, 0, -1, -1, -1, 4, 999, 2;
1, 256, 0, 1, 1, 1, 5, 1000, 3;
1, 256, 0, -1, -1, -1, 4, 999, 2;
1, 256, 0, 1, 1, 1, 5, 1000, 3;
1, 256, 0, 0, 0, 0, 4, 999, 2;
1, 256, 0, -1, -1, -1, 4, 999, 2;
1, 256, 0, 0, 0, 0, 5, 1000, 3;
1, 256, 0, 1, 1, 1, 5, 1000, 3;
1, 256, 0, 0, 0, 0, 5, 1000, 3;
1, 256, 0, 1, 1, 1, 5, 1000, 3;
1, 256, 0, 0, 0, 0, 4, 999, 2;
1, 256, 0, 0, 0, 0, 4, 999, 2;
1, 256, 0, 0, 0, 0, 5, 1000, 3;
1, 256, 0, -1, -1, -1, 3, 998, 1;
1, 256, 0, -1, -1, -1, 3, 998, 1;
1, 256, 0, 0, 0, 0, 4, 999, 2;
1, 256, 0, 1, 1, 1, 5, 1000, 3;
1, 256, 0, -1, -1, -1, 4, 999, 2;
1, 256, 0, -1, -1, -1, 4, 999, 2;
1, 256, 0, 0, 0, 0, 5, 1000, 3;
0, 256, 0, -1, -1, -1, 3, 998, 1;
1, 256, 0, -1, -1, -1, 4, 998, 2;
1, 256, 0, 1, 1, 1, 5, 1000, 3;
1, 256, 0, 0, 0, 0, 4, 999, 2;
1, 256, 1, 1, 1, 1, 6, 1000, 3;
1, 256, 1, 1, 1, 1, 6, 1001, 4;
1, 256, 0, 0, 0, 0, 5, 1000, 3;
1, 256, 0, 0, 0, 0, 5, 1000, 3;
1, 256, 1, 1, 1, 1, 6, 1001, 4;
1, 256, 0, 0, 0, 0, 4, 999, 2;
1, 256, 0, 0, 0, 0, 5, 1000, 3;
1, 256, 1, 1, 1, 1, 6, 1000, 4;
1, 256, 0, 0, 0, 0, 5, 1000, 3;
1, 256, 0, 0, 0, 0, 5, 1000, 3;
1, 256, 1, 1, 1, 1, 6, 1001, 4;
1, 256, 0, -1, -1, -1, 4, 999, 2;
1, 256, 0, -1, -1, -1, 3, 998, 1;
1, 256, 0, 0, 0, 0, 5, 1000, 3;
1, 256, 0, 0, 0, 0, 4, 999, 2;
1, 256, 0, -1, -1, -1, 4, 999, 2;
1, 256, 0, -1, -1, -1, 4, 999, 2;
1, 256, 0, 0, 0, 0, 5, 1000, 3;
1, 256, 0, -1, -1, -1, 4, 999, 2;
1, 256, 0, 0, 0, 0, 5, 1000, 3;
1, 256, 0, 0, 0, 0, 4, 999, 2;
1, 256, 0, 0, 0, 0, 4, 999, 2;
1, 256, 0, -1, -1, -1, 3, 998, 1;
1, 256, 0, -1, -1, -1, 4, 999, 2;
1, 256, 0, -1, -1, -1, 4, 999, 2;
1, 256, 0, 0, 0, 0, 4, 999, 2;
1, 256, 1, 1, 1, 1, 6, 1001, 4;
1, 256, 0, 1, 1, 1, 5, 1000, 3;
1, 256, 0, -1, -1, -1, 4, 998, 2;
1, 256, 0, 0, 0, 0, 4, 999, 2;
1, 256, 0, 0, 0, 0, 4, 999, 2;
1, 256, 0, 0, 0, 0, 4, 999, 2;
1, 256, 0, 0, 0, 0, 5, 1000, 3;
1, 256, 0, 0, 0, 0, 5, 1000, 3;
1, 256, 1, 1, 1, 1, 6, 1000, 4;
1, 256, 1, 1, 1, 1, 6, 1001, 4;
1, 256, 0, -1, -1, -1, 4, 998, 1;
1, 256, 0, 0, 0, 0, 5, 1000, 3;
1, 256, 0, 1, 1, 1, 5, 1000, 3;
1, 256, 0, -1, -1, -1, 4, 999, 2;
1, 256, 1, 1, 1, 1, 6, 1001, 4;
1, 256, 1, 1, 1, 1, 6, 1000, 4;
1, 256, 0, 1, 1, 1, 5, 1000, 3;
1, 256, 1, 1, 1, 1, 6, 1001, 4;
1, 256, 0, 0, 0, 0, 4, 999, 2;
1, 256, 0, 0, 0, 0, 4, 999, 2;
1, 256, 0, 0, 0, 0, 4, 999, 2;
1, 256, 0, -1, -1, -1, 4, 999, 2;
1, 256, 0, 1, 1, 1, 5, 1000, 3;
1, 256, 0, -1, -1, -1, 4, 998, 1;
1, 256, 0, 0, 0, 0, 4, 999, 2;
1, 256, 0, 0, 0, 0, 5, 1000, 3;
1, 256, 0, 0, 0, 0, 5, 1000, 3;
1, 256, 0, 1, 1, 1, 5, 1000, 3;
1, 256, 0, 0, 0, 0, 5, 1000, 3;
1, 256, 0, 0, 0, 0, 4, 999, 2;
1, 256, 0, 0, 0, 0, 5, 1000, 3;
1, 256, 0, -1, -1, -1, 4, 999, 2;
1, 256, 0, -1, -1, -1, 4, 998, 1;
1, 256, 0, 1, 1, 1, 5, 1000, 3;
1, 256, 0, 0, 0, 0, 5, 1000, 3;
1, 256, 0, -1, -1, -1, 4, 999, 2;
1, 256, 1, 1, 1, 1, 6, 1001, 4;
1, 256, 0, 0, 0, 0, 5, 1000, 3;
1, 256, 0, -1, -1, -1, 4, 998, 2;
1, 256, 1, 1, 1, 1, 6, 1001, 4;
1, 256, 0, -1, -1, -1, 4, 999, 2;
1, 256, 0, -1, -1, -1, 4, 998, 2;
1, 256, 0, 0, 0, 0, 5, 1000, 3;
1, 256, 0, 1, 1, 1, 5, 1000, 3;
1, 256, 1, 1, 1, 1, 6, 1001, 4;
1, 256, 1, 1, 1, 1, 6, 1001, 4;
1, 256, 0, 0, 0, 0, 5, 1000, 3;
1, 256, 0, 0, 0, 0, 5, 1000, 3;
1, 256, 0, -1, -1, -1, 4, 999, 2;
1, 256, 1, 1, 1, 1, 6, 1001, 4;
1, 256, 0, -1, -1, -1, 4, 999, 2;
1, 256, 0, 0, 0, 0, 4, 999, 2;
1, 256, 1, 1, 1, 1, 6, 1000, 4;
1, 256, 0, 0, 0, 0, 4, 999, 2;
1, 256, 0, 0, 0, 0, 4, 999, 2;
1, 256, 0, 0, 0, 0, 5, 1000, 3;
1, 256, 0, -1, -1, -1, 4, 999, 2;
1, 256, 0, 1, 1, 1, 5, 1000, 3;
1, 256, 0, 1, 1, 1, 5, 1000, 3;
1, 256, 0, 0, 0, 0, 4, 999, 2;
1, 256, 0, 0, 0, 0, 5, 1000, 3;
1, 256, 0, 0, 0, 0, 5, 999, 2;
1, 256, 0, 0, 0, 0, 4, 999, 2;
1, 256, 0, 0, 0, 0, 4, 999, 2;
1, 256, 0, 0, 0, 0, 5, 1000, 3;
1, 256, 0, 0, 0, 0, 5, 1000, 3;
1, 256, 0, 0, 0, 0, 4, 999, 2;
1, 256, 0, 0, 0, 0, 4, 999, 2;
1, 256, 0, 0, 0, 0, 4, 999, 2;
1, 256, 0, 0, 0, 0, 4, 999, 2;
1, 256, 0, 0, 0, 0, 5, 1000, 3;
1, 256, 0, 0, 0, 0, 5, 1000, 3;
1, 256, 1, 1, 1, 1, 6, 1000, 4;
1, 256, 0, 0, 0, 0, 5, 1000, 3;
1, 256, 0, 1, 1, 1, 5, 1000, 3;
1, 256, 0, -1, -1, -1, 4, 999, 2;
1, 256, 1, 1, 1, 1, 6, 1001, 4;
1, 256, 0, 0, 0, 0, 5, 1000, 3;
1, 256, 0, 0, 0, 0, 4, 999, 2;
1, 256, 1, 1, 1, 1, 6, 1000, 4;
1, 256, 0, -1, -1, -1, 3, 998, 1;
1, 256, 0, 0, 0, 0, 4, 999, 2;
1, 256, 1, 1, 1, 1, 6, 1000, 4;
1, 256, 0, 0, 0, 0, 5, 1000, 3;
1, 256, 0, 0, 0, 0, 4, 999, 2;
1, 256, 0, 0, 0, 0, 5, 999, 3;
1, 256, 0, 0, 0, 0, 5, 1000, 3;
1, 256, 0, 1, 1, 1, 5, 1000, 3;
1, 256, 0, 1, 1, 1, 5, 1000, 3;
1, 256, 0, 0, 0, 0, 4, 999, 2;
1, 256, 0, -1, -1, -1, 4, 999, 2;
1, 256, 0, 0, 0, 0, 4, 999, 2;
1, 256, 0, 0, 0, 0, 5, 999, 3;
1, 256, 0, 0, 0, 0, 5, 1000, 3;
1, 256, 0, 0, 0, 0, 4, 999, 2;
1, 256, 0, 0, 0, 0, 5, 1000, 3;
1, 256, 0, 0, 0, 0, 5, 1000, 3;
1, 256, 0, 1, 1, 1, 5, 1000, 3;
1, 256, 0, 0, 0, 0, 4, 999, 2;
1, 256, 1, 1, 1, 1, 5, 1000, 3;
1, 256, 0, 0, 0, 0, 5, 1000, 3;
1, 256, 0, 1, 1, 1, 5, 1000, 3;
1, 256, 0, 0, 0, 0, 5, 1000, 3;
1, 256, 0, 0, 0, 0, 4, 999, 2;
1, 256, 1, 1, 1, 1, 6, 1001, 4;
1, 256, 0, 0, 0, 0, 5, 999, 2;
1, 256, 0, 0, 0, 0, 4, 999, 2;
1, 256, 0, 0, 0, 0, 5, 1000, 3;
1, 256, 0, 0, 0, 0, 4, 999, 2;
1, 256, 0, -1, -1, -1, 4, 999, 2;
1, 256, 0, 0, 0, 0, 5, 1000, 3;
1, 256, 0, 1, 1, 1, 5, 1000, 3;
1, 256, 0, 0, 0, 0, 5, 1000, 3;
1, 256, 0, 0, 0, 0, 5, 1000, 3;
1, 256, 0, -1, -1, -1, 4, 999, 2;
1, 256, 0, 0, 0, 0, 4, 999, 2;
1, 256, 0, 0, 0, 0, 4, 999, 2;
1, 256, 0, 0, 0, 0, 4, 999, 2;
1, 256, 0, 0, 0, 0, 5, 1000, 3;
1, 256, 0, 0, 0, 0, 5, 1000, 3;
1, 256, 0, 0, 0, 0, 4, 999, 2;
1, 256, 0, -1, -1, -1, 4, 999, 2;
1, 256, 0, 0, 0, 0, 4, 999, 2;
1, 256, 0, -1, -1, -1, 4, 999, 2;
1, 256, 0, 1, 1, 1, 5, 1000, 3;
1, 256, 0, 0, 0, 0, 5, 1000, 3;
1, 256, 0, -1, -1, -1, 4, 998, 1;
1, 256, 0, 0, 0, 0, 5, 1000, 3;
1, 256, 0, 0, 0, 0, 5, 1000, 3;
1, 256, 0, -1, -1, -1, 4, 999, 2;
1, 256, 0, 0, 0, 0, 5, 999, 2;
1, 256, 0, 0, 0, 0, 5, 1000, 3;
1, 256, 0, 0, 0, 0, 5, 1000, 3;
1, 256, 0, 0, 0, 0, 5, 1000, 3;
1, 256, 0, 0, 0, 0, 5, 1000, 3;
1, 256, 0, -1, -1, -1, 4, 998, 2;
1, 256, 0, 0, 0, 0, 5, 1000, 3;
1, 256, 0, 0, 0, 0, 4, 999, 2;
1, 256, 1, 1, 1, 1, 6, 1000, 3;
1, 256, 0, 0, 0, 0, 5, 1000, 3;
1, 256, 0, -1, -1, -1, 4, 999, 2;
1, 256, 0, 1, 1, 1, 5, 1000, 3;
1, 256, 1, 1, 1, 1, 5, 1000, 3;
1, 256, 1, 1, 1, 1, 6, 1000, 3;
1, 256, 0, -1, -1, -1, 4, 999, 2;
1, 256, 0, 0, 0, 0, 5, 1000, 3;
1, 256, 0, -1, -1, -1, 4, 999, 2;
1, 256, 0, 1, 1, 1, 5, 1000, 3;
1, 256, 0, -1, -1, -1, 4, 998, 2;
1, 256, 0, 0, 0, 0, 5, 1000, 3;
1, 256, 0, 0, 0, 0, 5, 1000, 3;
0, 256, 0, -1, -1, -1, 3, 998, 1;
1, 256, 1, 1, 1, 1, 5, 1000, 3;
1, 256, 0, 0, 0, 0, 4, 999, 2;
1, 256, 0, 0, 0, 0, 4, 999, 2;
1, 256, 0, 0, 0, 0, 4, 999, 2;
1, 256, 0, -1, -1, -1, 4, 998, 2;
1, 256, 1, 1, 1, 1, 5, 1000, 3;
1, 256, 0, 0, 0, 0, 5, 1000, 3;
1, 256, 1, 1, 1, 1, 5, 1000, 3;
1, 256, 0, 0, 0, 0, 5, 999, 2;
1, 256, 0, -1, -1, -1, 4, 998, 1;
1, 256, 0, -1, -1, -1, 4, 999, 2;
1, 256, 1, 1, 1, 1, 6, 1001, 4;
1, 256, 0, -1, -1, -1, 4, 999, 2;
0, 256, 0, -1, -1, -1, 3, 998, 1;
1, 256, 0, 0, 0, 0, 5, 1000, 3;
1, 256, 0, -1, -1, -1, 4, 999, 2;
1, 256, 1, 1, 1, 1, 6, 1001, 4;
1, 256, 0, -1, -1, -1, 3, 998, 1;
1, 256, 0, 0, 0, 0, 4, 999, 2;
1, 256, 0, 1, 1, 1, 5, 1000, 3;
1, 256, 0, 0, 0, 0, 5, 1000, 3;
1, 256, 1, 1, 1, 1, 6, 1001, 4;
1, 256, 1, 1, 1, 1, 6, 1001, 4;
1, 256, 0, 0, 0, 0, 4, 999, 2;
1, 256, 0, 0, 0, 0, 4, 999, 2;
1, 256, 1, 1, 1, 1, 6, 1001, 4;
1, 256, 0, 0, 0, 0, 4, 999, 2;
1, 256, 0, 0, 0, 0, 5, 1000, 3;
1, 256, 1, 1, 1, 1, 6, 1001, 4;
1, 256, 0, 1, 1, 1, 5, 1000, 3;
1, 256, 0, 1, 1, 1, 5, 1000, 3;
1, 256, 1, 1, 1, 1, 5, 1000, 3;
1, 256, 0, 0, 0, 0, 5, 1000, 3;
1, 256, 0, 1, 1, 1, 5, 1000, 3;
1, 256, 1, 1, 1, 1, 6, 1000, 3;
1, 256, 0, 0, 0, 0, 5, 1000, 3;
1, 256, 0, 0, 0, 0, 4, 999, 2;
1, 256, 0, -1, -1, -1, 4, 999, 2;
1, 256, 0, 0, 0, 0, 5, 1000, 3;
1, 256, 1, 1, 1, 1, 6, 1001, 4;
1, 256, 0, -1, -1, -1, 4, 999, 2;
1, 256, 0, 1, 1, 1, 5, 1000, 3;
1, 256, 0, 0, 0, 0, 4, 999, 2;
1, 256, 0, -1, -1, -1, 4, 998, 2;
1, 256, 0, 0, 0, 0, 5, 999, 2;
1, 256, 0, 0, 0, 0, 5, 1000, 3;
1, 256, 0, -1, -1, -1, 4, 999, 2;
1, 256, 0, 0, 0, 0, 4, 999, 2;
1, 256, 0, -1, -1, -1, 4, 999, 2;
1, 256, 0, -1, -1, -1, 4, 999, 2;
1, 256, 1, 1, 1, 1, 6, 1000, 4;
1, 256, 1, 1, 1, 1, 6, 1001, 4;
1, 256, 0, -1, -1, -1, 4, 998, 1;
1, 256, 0, -1, -1, -1, 3, 998, 1;
1, 256, 0, 0, 0, 0, 5, 1000, 3;
1, 256, 1, 1, 1, 1, 6, 1001, 4;
1, 256, 0, 1, 1, 1, 5, 1000, 3;
1, 256, 0, 0, 0, 0, 5, 1000, 3;
1, 256, 0, 0, 0, 0, 4, 999, 2;
1, 256, 1, 1, 1, 1, 6, 1001, 4;
1, 256, 0, 0, 0, 0, 4, 999, 2;
1, 256, 0, 0, 0, 0, 4, 999, 2;
1, 256, 0, -1, -1, -1, 4, 998, 2;
1, 256, 1, 1, 1, 1, 6, 1000, 4;
1, 256, 0, 0, 0, 0, 5, 1000, 3;
1, 256, 0, 0, 0, 0, 4, 999, 2;
1, 256, 0, -1, -1, -1, 4, 999, 2;
1, 256, 0, 0, 0, 0, 4, 999, 2;
1, 256, 1, 1, 1, 1, 5, 1000, 3;
1, 256, 0, -1, -1, -1, 3, 998, 1;
1, 256, 0, 0, 0, 0, 5, 1000, 3;
1, 256, 1, 1, 1, 1, 6, 1000, 4;
1, 256, 0, -1, -1, -1, 4, 998, 1;
1, 256, 0, 0, 0, 0, 4, 999, 2;
1, 256, 1, 1, 1, 1, 6, 1001, 4;
1, 256, 0, 0, 0, 0, 5, 1000, 3;
1, 256, 0, 0, 0, 0, 4, 999, 2;
1, 256, 0, -1, -1, -1, 4, 999, 2;
1, 256, 0, 0, 0, 0, 4, 999, 2;
1, 256, 0, 0, 0, 0, 4, 999, 2;
1, 256, 0, 1, 1, 1, 5, 1000, 3;
1, 256, 0, -1, -1, -1, 3, 998, 1;
1, 256, 0, 0, 0, 0, 5, 1000, 3;
1, 256, 0, 0, 0, 0, 4, 999, 2;
1, 256, 1, 1, 1, 1, 6, 1001, 4;
1, 256, 0, 0, 0, 0, 5, 1000, 3;
1, 256, 0, 0, 0, 0, 5, 1000, 3;
1, 256, 0, 0, 0, 0, 5, 1000, 3;
1, 256, 0, -1, -1, -1, 4, 998, 1;
1, 256, 0, 0, 0, 0, 5, 1000, 3;
1, 256, 0, 0, 0, 0, 5, 1000, 3;
1, 256, 0, -1, -1, -1, 3, 998, 1;
1, 256, 0, 0, 0, 0, 5, 1000, 3;
1, 256, 1, 1, 1, 1, 6, 1000, 4;
1, 256, 0, 0, 0, 0, 4, 999, 2;
1, 256, 1, 1, 1, 1, 5, 1000, 3;
1, 256, 0, 0, 0, 0, 4, 999, 2;
0, 256, 0, -1, -1, -1, 3, 998, 1;
1, 256, 0, 0, 0, 0, 4, 999, 2;
1, 256, 1, 1, 1, 1, 6, 1000, 4;
1, 256, 1, 1, 1, 1, 5, 1000, 3;
1, 256, 0, 0, 0, 0, 5, 999, 2;
1, 256, 0, 0, 0, 0, 5, 1000, 3;
1, 256, 0, -1, -1, -1, 3, 998, 1;
1, 256, 0, 1, 1, 1, 5, 1000, 3;
1, 256, 0, 0, 0, 0, 4, 999, 2;
1, 256, 0, -1, -1, -1, 4, 999, 2;
1, 256, 0, 0, 0, 0, 5, 1000, 3;
1, 256, 0, 0, 0, 0, 4, 999, 2;
1, 256, 0, -1, -1, -1, 4, 999, 2;
1, 256, 0, 1, 1, 1, 5, 1000, 3;
1, 256, 0, -1, -1, -1, 4, 999, 2;
1, 256, 0, -1, -1, -1, 4, 999, 2;
1, 256, 0, 0, 0, 0, 4, 999, 2;
1, 256, 0, 0, 0, 0, 5, 999, 2;
1, 256, 0, 0, 0, 0, 4, 999, 2;
1, 256, 0, -1, -1, -1, 3, 998, 1;
1, 256, 0, 0, 0, 0, 4, 999, 2;
1, 256, 0, -1, -1, -1, 4, 999, 2;
1, 256, 0, 0, 0, 0, 5, 1000, 3;
1, 256, 1, 1, 1, 1, 6, 1001, 4;
1, 256, 0, 0, 0, 0, 4, 999, 2;
1, 256, 0, 0, 0, 0, 5, 1000, 3;
1, 256, 0, 0, 0, 0, 4, 999, 2;
1, 256, 0, 0, 0, 0, 5, 1000, 3;
1, 256, 0, -1, -1, -1, 4, 998, 1;
1, 256, 0, 1, 1, 1, 5, 1000, 3;
1, 256, 0, -1, -1, -1, 4, 998, 2;
1, 256, 1, 1, 1, 1, 6, 1001, 4;
1, 256, 0, -1, -1, -1, 4, 999, 2;
1, 256, 0, 0, 0, 0, 5, 1000, 3;
1, 256, 0, -1, -1, -1, 4, 999, 2;
1, 256, 0, 1, 1, 1, 5, 1000, 3;
1, 256, 0, -1, -1, -1, 4, 999, 2;
1, 256, 0, 0, 0, 0, 4, 999, 2;
1, 256, 0, 0, 0, 0, 5, 999, 2;
1, 256, 0, 0, 0, 0, 5, 1000, 3;
1, 256, 0, 0, 0, 0, 5, 1000, 3;
1, 256, 0, 0, 0, 0, 5, 1000, 3;
1, 256, 0, -1, -1, -1, 4, 999, 2;
1, 256, 0, -1, -1, -1, 4, 999, 2;
1, 256, 0, 0, 0, 0, 4, 999, 2;
1, 256, 0, 1, 1, 1, 5, 1000, 3;
1, 256, 0, 1, 1, 1, 5, 1000, 3;
1, 256, 0, 0, 0, 0, 5, 1000, 3;
1, 256, 0, -1, -1, -1, 4, 999, 2;
1, 256, 0, 0, 0, 0, 5, 1000, 3;
1, 256, 0, -1, -1, -1, 4, 998, 2;
1, 256, 1, 1, 1, 1, 6, 1001, 4;
1, 256, 0, 0, 0, 0, 5, 1000, 3;
1, 256, 0, 0, 0, 0, 5, 1000, 3;
1, 256, 0, 1, 1, 1, 5, 1000, 3;
1, 256, 0, -1, -1, -1, 3, 998, 1;
1, 256, 0, 0, 0, 0, 4, 999, 2;
1, 256, 0, 0, 0, 0, 5, 1000, 3;
1, 256, 0, 1, 1, 1, 5, 1000, 3;
1, 256, 0, -1, -1, -1, 4, 999, 2;
1, 256, 0, 0, 0, 0, 4, 999, 2;
1, 256, 0, -1, -1, -1, 4, 999, 2;
1, 256, 1, 1, 1, 1, 6, 1001, 4;
1, 256, 0, 0, 0, 0, 5, 1000, 3;
1, 256, 1, 1, 1, 1, 6, 1001, 4;
1, 256, 0, 0, 0, 0, 4, 999, 2;
1, 256, 1, 1, 1, 1, 6, 1001, 4;
1, 256, 0, 0, 0, 0, 5, 999, 3;
1, 256, 0, 1, 1, 1, 5, 1000, 3;
1, 256, 0, 0, 0, 0, 4, 999, 2;
1, 256, 0, 0, 0, 0, 4, 999, 2;
1, 256, 0, 1, 1, 1, 5, 1000, 3;
1, 256, 1, 1, 1, 1, 6, 1001, 4;
1, 256, 0, -1, -1, -1, 4, 998, 2;
1, 256, 0, 0, 0, 0, 4, 999, 2;
1, 256, 0, 0, 0, 0, 5, 1000, 3;
1, 256, 0, 0, 0, 0, 4, 999, 2;
1, 256, 0, -1, -1, -1, 4, 999, 2;
1, 256, 1, 1, 1, 1, 6, 1000, 4;
1, 256, 0, 0, 0, 0, 5, 1000, 3;
1, 256, 0, -1, -1, -1, 4, 999, 2;
1, 256, 0, 0, 0, 0, 5, 1000, 3;
1, 256, 1, 1, 1, 1, 6, 1000, 3;
1, 256, 0, -1, -1, -1, 3, 998, 1;
1, 256, 0, 0, 0, 0, 5, 1000, 3;
1, 256, 0, 0, 0, 0, 4, 999, 2;
1, 256, 0, 0, 0, 0, 4, 999, 2;
1, 256, 0, 0, 0, 0, 4, 999, 2;
1, 256, 0, 0, 0, 0, 4, 999, 2;
1, 256, 0, 0, 0, 0, 5, 999, 3;
1, 256, 0, 0, 0, 0, 4, 999, 2;
1, 256, 0, 0, 0, 0, 5, 1000, 3;
1, 256, 0, -1, -1, -1, 4, 999, 2;
1, 256, 1, 1, 1, 1, 6, 1001, 4;
1, 256, 0, 0, 0, 0, 4, 999, 2;
1, 256, 0, 0, 0, 0, 4, 999, 2;
1, 256, 0, -1, -1, -1, 4, 999, 2;
1, 256, 1, 1, 1, 1, 5, 1000, 3;
1, 256, 0, 0, 0, 0, 5, 1000, 3;
1, 256, 0, 0, 0, 0, 4, 999, 2;
1, 256, 0, -1, -1, -1, 4, 998, 1;
1, 256, 0, 0, 0, 0, 5, 1000, 3;
1, 256, 1, 1, 1, 1, 6, 1001, 4;
1, 256, 0, 0, 0, 0, 5, 1000, 3;
1, 256, 1, 1, 1, 1, 5, 1000, 3;
1, 256, 0, -1, -1, -1, 4, 999, 2;
1, 256, 0, -1, -1, -1, 4, 999, 2;
1, 256, 1, 1, 1, 1, 6, 1000, 3;
1, 256, 0, 1, 1, 1, 5, 1000, 3;
1, 256, 0, 0, 0, 0, 5, 1000, 3;
1, 256, 0, 0, 0, 0, 4, 999, 2;
1, 256, 0, 1, 1, 1, 5, 1000, 3;
1, 256, 1, 1, 1, 1, 6, 1000, 4;
1, 256, 0, 0, 0, 0, 5, 1000, 3;
1, 256, 0, 0, 0, 0, 5, 1000, 3;
1, 256, 0, 0, 0, 0, 4, 999, 2;
1, 256, 0, 0, 0, 0, 5, 999, 2;
1, 256, 0, 0, 0, 0, 5, 999, 3;
1, 256, 0, 0, 0, 0, 5, 1000, 3;
1, 256, 0, 0, 0, 0, 5, 1000, 3;
1, 256, 0, 0, 0, 0, 5, 1000, 3;
1, 256, 0, 0, 0, 0, 5, 1000, 3;
1, 256, 0, 0, 0, 0, 4, 999, 2;
1, 256, 0, 0, 0, 0, 4, 999, 2;
1, 256, 0, 0, 0, 0, 5, 1000, 3;
1, 256, 1, 1, 1, 1, 6, 1001, 4;
1, 256, 0, 0, 0, 0, 4, 999, 2;
1, 256, 0, -1, -1, -1, 3, 998, 1;
1, 256, 0, 0, 0, 0, 4, 999, 2;
1, 256, 0, -1, -1, -1, 4, 999, 2;
1, 256, 0, -1, -1, -1, 3, 998, 1;
1, 256, 0, 1, 1, 1, 5, 1000, 3;
1, 256, 0, 0, 0, 0, 4, 999, 2;
1, 256, 0, 0, 0, 0, 5, 1000, 3;
1, 256, 0, -1, -1, -1, 4, 999, 2;
1, 256, 0, 0, 0, 0, 5, 1000, 3;
1, 256, 0, -1, -1, -1, 3, 998, 1;
1, 256, 1, 1, 1, 1, 6, 1001, 4;
1, 256, 0, -1, -1, -1, 4, 999, 2;
1, 256, 0, 0, 0, 0, 5, 999, 3;
1, 256, 0, 0, 0, 0, 5, 1000, 3;
1, 256, 0, 0, 0, 0, 4, 999, 2;
1, 256, 1, 1, 1, 1, 6, 1001, 4;
1, 256, 0, 0, 0, 0, 4, 999, 2;
1, 256, 0, 0, 0, 0, 5, 999, 3;
1, 256, 0, 1, 1, 1, 5, 1000, 3;
1, 256, 1, 1, 1, 1, 6, 1001, 4;
1, 256, 0, 0, 0, 0, 5, 1000, 3;
1, 256, 0, 0, 0, 0, 5, 1000, 3;
1, 256, 1, 1, 1, 1, 5, 1000, 3;
1, 256, 0, -1, -1, -1, 4, 999, 2;
1, 256, 0, -1, -1, -1, 4, 999, 2;
1, 256, 0, 0, 0, 0, 5, 1000, 3;
1, 256, 0, -1, -1, -1, 4, 999, 2;
1, 256, 1, 1, 1, 1, 6, 1000, 3;
1, 256, 0, 0, 0, 0, 4, 999, 2;
1, 256, 0, 0, 0, 0, 5, 999, 2;
1, 256, 0, 0, 0, 0, 4, 999, 2;
1, 256, 0, -1, -1, -1, 4, 999, 2;
1, 256, 0, 0, 0, 0, 5, 1000, 3;
1, 256, 0, 0, 0, 0, 5, 1000, 3;
1, 256, 0, 0, 0, 0, 4, 999, 2;
1, 256, 0, 1, 1, 1, 5, 1000, 3;
1, 256, 0, -1, -1, -1, 3, 998, 1;
1, 256, 0, -1, -1, -1, 3, 998, 1;
1, 256, 0, 0, 0, 0, 5, 1000, 3;
1, 256, 0, 1, 1, 1, 5, 1000, 3;
1, 256, 0, 0, 0, 0, 4, 999, 2;
1, 256, 0, 0, 0, 0, 4, 999, 2;
1, 256, 1, 1, 1, 1, 6, 1001, 4;
1, 256, 0, -1, -1, -1, 4, 999, 2;
1, 256, 0, 0, 0, 0, 5, 1000, 3;
1, 256, 0, -1, -1, -1, 4, 999, 2;
1, 256, 1, 1, 1, 1, 6, 1001, 4;
1, 256, 1, 1, 1, 1, 6, 1001, 4;
1, 256, 0, -1, -1, -1, 4, 998, 1;
1, 256, 0, 0, 0, 0, 5, 1000, 3;
1, 256, 0, 0, 0, 0, 4, 999, 2;
1, 256, 0, 0, 0, 0, 5, 1000, 3;
1, 256, 0, 0, 0, 0, 4, 999, 2;
1, 256, 1, 1, 1, 1, 6, 1001, 4;
1, 256, 0, 0, 0, 0, 5, 1000, 3;
1, 256, 0, 0, 0, 0, 4, 999, 2;
1, 256, 1, 1, 1, 1, 6, 1001, 4;
1, 256, 1, 1, 1, 1, 6, 1001, 4;
1, 256, 0, 0, 0, 0, 5, 1000, 3;
1, 256, 1, 1, 1, 1, 6, 1000, 3;
1, 256, 0, -1, -1, -1, 4, 999, 2;
1, 256, 0, -1, -1, -1, 4, 998, 2;
1, 256, 1, 1, 1, 1, 6, 1001, 4;
1, 256, 0, 1, 1, 1, 5, 1000, 3;
1, 256, 0, -1, -1, -1, 4, 999, 2;
1, 256, 1, 1, 1, 1, 5, 1000, 3;
1, 256, 0, -1, -1, -1, 4, 998, 2;
1, 256, 0, -1, -1, -1, 4, 999, 2;
1, 256, 0, -1, -1, -1, 4, 999, 2;
1, 256, 0, -1, -1, -1, 4, 999, 2;
1, 256, 0, -1, -1, -1, 3, 998, 1;
1, 256, 0, -1, -1, -1, 4, 998, 1;
1, 256, 0, 0, 0, 0, 4, 999, 2;
1, 256, 0, -1, -1, -1, 4, 999, 2;
1, 256, 0, 0, 0, 0, 5, 1000, 3;
1, 256, 0, 0, 0, 0, 5, 1000, 3;
1, 256, 0, 1, 1, 1, 5, 1000, 3;
1, 256, 0, 0, 0, 0, 5, 1000, 3;
1, 256, 0, -1, -1, -1, 4, 998, 2;
1, 256, 0, 0, 0, 0, 5, 1000, 3;
1, 256, 0, -1, -1, -1, 3, 998, 1;
1, 256, 0, -1, -1, -1, 4, 999, 2;
1, 256, 1, 1, 1, 1, 6, 1001, 4;
1, 256, 0, 0, 0, 0, 4, 999, 2;
1, 256, 0, 0, 0, 0, 5, 1000, 3;
1, 256, 1, 1, 1, 1, 6, 1000, 3;
1, 256, 0, 0, 0, 0, 4, 999, 2;
1, 256, 0, 0, 0, 0, 5, 1000, 3;
1, 256, 0, 0, 0, 0, 4, 999, 2;
1, 256, 1, 1, 1, 1, 6, 1000, 4;
1, 256, 1, 1, 1, 1, 6, 1000, 3;
1, 256, 0, 0, 0, 0, 5, 1000, 3;
1, 256, 0, 0, 0, 0, 5, 1000, 3;
1, 256, 0, 0, 0, 0, 5, 1000, 3;
1, 256, 0, -1, -1, -1, 4, 999, 2;
1, 256, 0, 0, 0, 0, 5, 999, 3;
1, 256, 1, 1, 1, 1, 6, 1001, 4;
1, 256, 0, 0, 0, 0, 5, 1000, 3;
1, 256, 0, 0, 0, 0, 4, 999, 2;
1, 256, 0, -1, -1, -1, 4, 998, 2;
1, 256, 1, 1, 1, 1, 5, 1000, 3;
1, 256, 0, 0, 0, 0, 4, 999, 2;
1, 256, 0, 1, 1, 1, 5, 1000, 3;
1, 256, 0, 0, 0, 0, 5, 1000, 3;
1, 256, 0, 0, 0, 0, 5, 1000, 3;
1, 256, 0, -1, -1, -1, 4, 999, 2;
1, 256, 1, 1, 1, 1, 6, 1001, 4;
1, 256, 0, 0, 0, 0, 5, 1000, 3;
1, 256, 1, 1, 1, 1, 6, 1001, 4;
1, 256, 0, 0, 0, 0, 4, 999, 2;
1, 256, 0, 0, 0, 0, 5, 1000, 3;
1, 256, 0, 0, 0, 0, 4, 999, 2;
1, 256, 1, 1, 1, 1, 6, 1000, 4;
1, 256, 0, 0, 0, 0, 5, 999, 3;
1, 256, 1, 1, 1, 1, 6, 1001, 4;
1, 256, 1, 1, 1, 1, 5, 1000, 3;
1, 256, 0, -1, -1, -1, 4, 999, 2;
1, 256, 0, 0, 0, 0, 5, 1000, 3;
1, 256, 0, -1, -1, -1, 4, 998, 2;
1, 256, 0, 0, 0, 0, 4, 999, 2;
1, 256, 0, 0, 0, 0, 5, 1000, 3;
1, 256, 0, -1, -1, -1, 4, 999, 2;
1, 256, 0, 0, 0, 0, 5, 1000, 3;
1, 256, 0, 1, 1, 1, 5, 1000, 3;
1, 256, 0, 0, 0, 0, 5, 1000, 3;
1, 256, 1, 1, 1, 1, 6, 1001, 4;
1, 256, 0, 1, 1, 1, 5, 1000, 3;
1, 256, 0, 0, 0, 0, 4, 999, 2;
1, 256, 0, -1, -1, -1, 4, 999, 2;
1, 256, 0, 0, 0, 0, 5, 1000, 3;
1, 256, 1, 1, 1, 1, 6, 1001, 4;
1, 256, 1, 1, 1, 1, 6, 1000, 3;
1, 256, 1, 1, 1, 1, 6, 1001, 4;
1, 256, 0, 1, 1, 1, 5, 1000, 3;
1, 256, 0, 0, 0, 0, 4, 999, 2;
1, 256, 0, -1, -1, -1, 4, 999, 2;
1, 256, 0, -1, -1, -1, 4, 998, 2;
1, 256, 0, 0, 0, 0, 5, 1000, 3;
1, 256, 0, 0, 0, 0, 5, 999, 3;
1, 256, 0, 0, 0, 0, 5, 1000, 3;
1, 256, 0, 0, 0, 0, 4, 999, 2;
1, 256, 0, -1, -1, -1, 4, 999, 2;
1, 256, 0, 0, 0, 0, 4, 999, 2;
1, 256, 0, 0, 0, 0, 4, 999, 2;
1, 256, 0, 0, 0, 0, 5, 1000, 3;
1, 256, 0, 0, 0, 0, 5, 999, 3;
1, 256, 0, 1, 1, 1, 5, 1000, 3;
1, 256, 0, 0, 0, 0, 4, 999, 2;
1, 256, 1, 1, 1, 1, 6, 1001, 4;
1, 256, 0, 0, 0, 0, 5, 999, 2;
1, 256, 0, 0, 0, 0, 5, 1000, 3;
1, 256, 1, 1, 1, 1, 5, 1000, 3;
1, 256, 0, 0, 0, 0, 4, 999, 2;
1, 256, 1, 1, 1, 1, 6, 1001, 4;
1, 256, 0, -1, -1, -1, 4, 999, 2;
1, 256, 0, 0, 0, 0, 5, 999, 3;
1, 256, 0, 0, 0, 0, 5, 1000, 3;
1, 256, 0, 0, 0, 0, 5, 1000, 3;
1, 256, 1, 1, 1, 1, 6, 1000, 4;
1, 256, 0, 0, 0, 0, 5, 1000, 3;
1, 256, 0, 0, 0, 0, 5, 1000, 3;
1, 256, 0, 0, 0, 0, 5, 1000, 3;
1, 256, 0, 0, 0, 0, 4, 999, 2;
1, 256, 0, -1, -1, -1, 3, 998, 1;
1, 256, 1, 1, 1, 1, 5, 1000, 3;
1, 256, 0, 0, 0, 0, 5, 1000, 3;
1, 256, 0, 1, 1, 1, 5, 1000, 3;
1, 256, 0, -1, -1, -1, 4, 999, 2;
1, 256, 0, 0, 0, 0, 4, 999, 2;
1, 256, 0, 0, 0, 0, 4, 999, 2;
1, 256, 1, 1, 1, 1, 6, 1001, 4;
1, 256, 0, 0, 0, 0, 5, 1000, 3;
1, 256, 0, 0, 0, 0, 5, 1000, 3;
1, 256, 0, 0, 0, 0, 4, 999, 2;
1, 256, 0, 1, 1, 1, 5, 1000, 3;
1, 256, 0, 0, 0, 0, 4, 999, 2;
1, 256, 0, 0, 0, 0, 5, 1000, 3;
1, 256, 0, -1, -1, -1, 4, 999, 2;
1, 256, 1, 1, 1, 1, 6, 1001, 4;
1, 256, 0, 0, 0, 0, 4, 999, 2;
1, 256, 0, 0, 0, 0, 5, 1000, 3;
1, 256, 0, 0, 0, 0, 5, 999, 3;
1, 256, 0, 0, 0, 0, 4, 999, 2;
1, 256, 1, 1, 1, 1, 6, 1000, 3;
1, 256, 0, 0, 0, 0, 5, 1000, 3;
1, 256, 0, 0, 0, 0, 5, 1000, 3;
1, 256, 0, 0, 0, 0, 4, 999, 2;
1, 256, 0, -1, -1, -1, 4, 999, 2;
1, 256, 0, 0, 0, 0, 4, 999, 2;
1, 256, 0, -1, -1, -1, 3, 998, 1;
1, 256, 0, 1, 1, 1, 5, 1000, 3;
1, 256, 0, 0, 0, 0, 5, 1000, 3;
1, 256, 1, 1, 1, 1, 6, 1001, 4;
1, 256, 0, 0, 0, 0, 4, 999, 2;
1, 256, 0, 0, 0, 0, 5, 1000, 3;
1, 256, 0, 0, 0, 0, 5, 1000, 3;
1, 256, 1, 1, 1, 1, 6, 1000, 4;
1, 256, 0, 0, 0, 0, 5, 1000, 3;
1, 256, 0, -1, -1, -1, 4, 999, 2;
1, 256, 0, -1, -1, -1, 4, 999, 2;
1, 256, 1, 1, 1, 1, 6, 1000, 4;
1, 256, 0, -1, -1, -1, 4, 999, 2;
1, 256, 0, -1, -1, -1, 4, 999, 2;
1, 256, 0, 1, 1, 1, 5, 1000, 3;
1, 256, 0, -1, -1, -1, 4, 999, 2;
1, 256, 0, 1, 1, 1, 5, 1000, 3;
1, 256, 0, -1, -1, -1, 4, 999, 2;
1, 256, 0, 0, 0, 0, 5, 1000, 3;
1, 256, 0, 1, 1, 1, 5, 1000, 3;
1, 256, 0, 0, 0, 0, 5, 1000, 3;
1, 256, 0, 0, 0, 0, 5, 1000, 3;
1, 256, 0, 0, 0, 0, 5, 1000, 3;
1, 256, 0, 0, 0, 0, 5, 1000, 3;
1, 256, 0, -1, -1, -1, 3, 998, 1;
1, 256, 0, -1, -1, -1, 4, 999, 2;
1, 256, 0, 0, 0, 0, 5, 1000, 3;
1, 256, 0, 1, 1, 1, 5, 1000, 3;
1, 256, 0, 0, 0, 0, 5, 999, 2;
1, 256, 1, 1, 1, 1, 5, 1000, 3;
1, 256, 0, 0, 0, 0, 4, 999, 2;
1, 256, 0, 0, 0, 0, 4, 999, 2;
1, 256, 0, 0, 0, 0, 5, 1000, 3;
1, 256, 0, 0, 0, 0, 4, 999, 2;
0, 256, 0, -1, -1, -1, 3, 998, 1;
1, 256, 0, -1, -1, -1, 4, 999, 2;
1, 256, 0, -1, -1, -1, 4, 999, 2;
1, 256, 0, 0, 0, 0, 5, 999, 2;
1, 256, 0, 1, 1, 1, 5, 1000, 3;
1, 256, 0, 0, 0, 0, 5, 1000, 3;
0, 256, 0, -1, -1, -1, 3, 998, 1;
1, 256, 0, -1, -1, -1, 4, 999, 2;
1, 256, 0, 0, 0, 0, 5, 999, 2;
1, 256, 0, 0, 0, 0, 5, 1000, 3;
1, 256, 0, 1, 1, 1, 5, 1000, 3;
1, 256, 1, 1, 1, 1, 6, 1001, 4;
1, 256, 0, 0, 0, 0, 4, 999, 2;
1, 256, 0, 0, 0, 0, 4, 999, 2;
1, 256, 0, 1, 1, 1, 5, 1000, 3;
1, 256, 0, 1, 1, 1, 5, 1000, 3;
1, 256, 0, 0, 0, 0, 4, 999, 2;
1, 256, 0, -1, -1, -1, 4, 998, 2;
1, 256, 0, 0, 0, 0, 4, 999, 2;
1, 256, 0, 0, 0, 0, 4, 999, 2;
1, 256, 0, 0, 0, 0, 5, 1000, 3;
1, 256, 0, -1, -1, -1, 4, 998, 2;
1, 256, 0, 0, 0, 0, 5, 999, 3;
1, 256, 0, 0, 0, 0, 4, 999, 2;
1, 256, 0, 0, 0, 0, 4, 999, 2;
1, 256, 0, 0, 0, 0, 4, 999, 2;
1, 256, 1, 1, 1, 1, 6, 1000, 4;
1, 256, 0, 0, 0, 0, 4, 999, 2;
1, 256, 1, 1, 1, 1, 5, 1000, 3;
1, 256, 0, 0, 0, 0, 4, 999, 2;
1, 256, 0, 1, 1, 1, 5, 1000, 3;
1, 256, 0, -1, -1, -1, 4, 998, 2;
1, 256, 0, 0, 0, 0, 5, 1000, 3;
1, 256, 0, 0, 0, 0, 5, 1000, 3;
1, 256, 1, 1, 1, 1, 6, 1001, 4;
1, 256, 0, 0, 0, 0, 4, 999, 2;
1, 256, 1, 1, 1, 1, 6, 1001, 4;
1, 256, 0, 0, 0, 0, 4, 999, 2;
1, 256, 0, -1, -1, -1, 4, 999, 2;
1, 256, 0, -1, -1, -1, 4, 999, 2;
1, 256, 0, 0, 0, 0, 5, 1000, 3;
1, 256, 0, 0, 0, 0, 5, 1000, 3;
1, 256, 0, 0, 0, 0, 5, 1000, 3;
1, 256, 0, -1, -1, -1, 4, 999, 2;
1, 256, 0, 1, 1, 1, 5, 1000, 3;
1, 256, 0, 0, 0, 0, 5, 1000, 3;
1, 256, 0, 0, 0, 0, 4, 999, 2;
1, 256, 0, -1, -1, -1, 4, 999, 2;
1, 256, 1, 1, 1, 1, 6, 1001, 4;
1, 256, 0, -1, -1, -1, 3, 998, 1;
1, 256, 0, 0, 0, 0, 5, 1000, 3;
1, 256, 0, -1, -1, -1, 3, 998, 1;
1, 256, 0, 0, 0, 0, 4, 999, 2;
1, 256, 0, -1, -1, -1, 4, 998, 1;
1, 256, 1, 1, 1, 1, 5, 1000, 3;
1, 256, 0, 1, 1, 1, 5, 1000, 3;
1, 256, 0, 0, 0, 0, 4, 999, 2;
1, 256, 0, 0, 0, 0, 5, 1000, 3;
1, 256, 0, -1, -1, -1, 3, 998, 1;
1, 256, 1, 1, 1, 1, 6, 1001, 4;
1, 256, 0, 0, 0, 0, 5, 999, 3;
1, 256, 0, -1, -1, -1, 4, 999, 2;
1, 256, 0, 0, 0, 0, 4, 999, 2;
1, 256, 0, 1, 1, 1, 5, 1000, 3;
1, 256, 1, 1, 1, 1, 6, 1001, 4;
1, 256, 0, 0, 0, 0, 5, 1000, 3;
1, 256, 0, -1, -1, -1, 4, 999, 2;
1, 256, 0, 0, 0, 0, 4, 999, 2;
1, 256, 0, -1, -1, -1, 4, 998, 2;
1, 256, 0, 0, 0, 0, 5, 1000, 3;
1, 256, 0, 0, 0, 0, 4, 999, 2;
1, 256, 1, 1, 1, 1, 6, 1001, 4;
1, 256, 0, -1, -1, -1, 4, 999, 2;
1, 256, 0, 0, 0, 0, 4, 999, 2;
1, 256, 1, 1, 1, 1, 6, 1000, 4;
1, 256, 1, 1, 1, 1, 5, 1000, 3;
1, 256, 0, -1, -1, -1, 3, 998, 1;
1, 256, 0, 0, 0, 0, 5, 1000, 3;
1, 256, 0, 1, 1, 1, 5, 1000, 3;
1, 256, 0, -1, -1, -1, 4, 998, 2;
1, 256, 0, 1, 1, 1, 5, 1000, 3;
1, 256, 0, 0, 0, 0, 4, 999, 2;
1, 256, 0, 0, 0, 0, 5, 1000, 3;
1, 256, 0, 1, 1, 1, 5, 1000, 3;
1, 256, 0, -1, -1, -1, 4, 998, 2;
1, 256, 0, 0, 0, 0, 5, 999, 3;
1, 256, 0, -1, -1, -1, 4, 999, 2;
1, 256, 0, 0, 0, 0, 5, 999, 2;
1, 256, 1, 1, 1, 1, 6, 1001, 4;
1, 256, 1, 1, 1, 1, 6, 1001, 4;
1, 256, 0, 0, 0, 0, 5, 1000, 3;
1, 256, 0, 0, 0, 0, 4, 999, 2;
1, 256, 1, 1, 1, 1, 6, 1001, 4;
1, 256, 0, -1, -1, -1, 4, 999, 2;
1, 256, 0, -1, -1, -1, 4, 999, 2;
1, 256, 0, 1, 1, 1, 5, 1000, 3;
1, 256, 0, -1, -1, -1, 4, 999, 2;
1, 256, 1, 1, 1, 1, 5, 1000, 3;
1, 256, 0, -1, -1, -1, 4, 998, 2;
1, 256, 0, 0, 0, 0, 5, 1000, 3;
1, 256, 0, 0, 0, 0, 4, 999, 2;
1, 256, 0, 0, 0, 0, 4, 999, 2;
1, 256, 0, 0, 0, 0, 4, 999, 2;
1, 256, 0, 0, 0, 0, 4, 999, 2;
1, 256, 0, 0, 0, 0, 5, 1000, 3;
1, 256, 0, 0, 0, 0, 4, 999, 2;
1, 256, 0, 0, 0, 0, 5, 1000, 3;
1, 256, 0, 0, 0, 0, 4, 999, 2;
1, 256, 1, 1, 1, 1, 5, 1000, 3;
1, 256, 0, 0, 0, 0, 4, 999, 2;
1, 256, 1, 1, 1, 1, 6, 1001, 4;
1, 256, 1, 1, 1, 1, 6, 1001, 4;
1, 256, 0, 0, 0, 0, 5, 1000, 3;
1, 256, 0, 0, 0, 0, 5, 1000, 3;
1, 256, 0, 0, 0, 0, 4, 999, 2;
1, 256, 0, 0, 0, 0, 4, 999, 2;
1, 256, 0, 0, 0, 0, 5, 1000, 3;
1, 256, 0, 0, 0, 0, 5, 1000, 3;
1, 256, 0, -1, -1, -1, 4, 998, 1;
1, 256, 0, -1, -1, -1, 3, 998, 1;
1, 256, 0, 0, 0, 0, 5, 1000, 3;
1, 256, 0, 0, 0, 0, 5, 1000, 3;
1, 256, 1, 1, 1, 1, 6, 1001, 4;
1, 256, 1, 1, 1, 1, 6, 1000, 4;
1, 256, 0, 0, 0, 0, 4, 999, 2;
1, 256, 0, -1, -1, -1, 4, 998, 2;
1, 256, 1, 1, 1, 1, 6, 1001, 4;
1, 256, 0, 0, 0, 0, 4, 999, 2;
1, 256, 0, 0, 0, 0, 4, 999, 2;
1, 256, 0, 0, 0, 0, 5, 1000, 3;
1, 256, 0, 0, 0, 0, 4, 999, 2;
1, 256, 0, 0, 0, 0, 5, 1000, 3;
1, 256, 0, -1, -1, -1, 4, 999, 2;
1, 256, 1, 1, 1, 1, 6, 1000, 3;
1, 256, 0, -1, -1, -1, 4, 998, 2;
1, 256, 0, 0, 0, 0, 5, 1000, 3;
1, 256, 0, 0, 0, 0, 5, 1000, 3;
1, 256, 0, 0, 0, 0, 4, 999, 2;
1, 256, 0, 0, 0, 0, 5, 1000, 3;
1, 256, 0, -1, -1, -1, 4, 999, 2;
1, 256, 0, -1, -1, -1, 4, 999, 2;
1, 256, 0, 0, 0, 0, 5, 1000, 3;
1, 256, 0, -1, -1, -1, 4, 999, 2;
1, 256, 0, 0, 0, 0, 4, 999, 2;
1, 256, 0, -1, -1, -1, 3, 998, 1;
1, 256, 0, 0, 0, 0, 5, 1000, 3;
1, 256, 0, -1, -1, -1, 4, 999, 2;
1, 256, 0, -1, -1, -1, 4, 998, 1;
1, 256, 0, 0, 0, 0, 4, 999, 2;
1, 256, 0, 0, 0, 0, 5, 1000, 3;
1, 256, 0, 0, 0, 0, 4, 999, 2;
1, 256, 0, -1, -1, -1, 4, 999, 2;
1, 256, 0, -1, -1, -1, 4, 999, 2;
1, 256, 0, -1, -1, -1, 4, 999, 2;
1, 256, 1, 1, 1, 1, 6, 1001, 4;
1, 256, 0, 0, 0, 0, 5, 1000, 3;
1, 256, 0, 0, 0, 0, 4, 999, 2;
1, 256, 0, 0, 0, 0, 5, 1000, 3;
1, 256, 0, -1, -1, -1, 4, 999, 2;
1, 256, 0, -1, -1, -1, 4, 999, 2;
1, 256, 0, 0, 0, 0, 5, 1000, 3;
1, 256, 0, 0, 0, 0, 5, 1000, 3;
1, 256, 0, 0, 0, 0, 4, 999, 2;
0, 256, 0, -1, -1, -1, 3, 998, 1;
1, 256, 0, 0, 0, 0, 4, 999, 2;
1, 256, 1, 1, 1, 1, 6, 1000, 4;
1, 256, 1, 1, 1, 1, 6, 1001, 4;
1, 256, 0, 0, 0, 0, 5, 1000, 3;
1, 256, 0, -1, -1, -1, 3, 998, 1;
1, 256, 0, 0, 0, 0, 5, 1000, 3;
1, 256, 0, 0, 0, 0, 5, 999, 2;
1, 256, 1, 1, 1, 1, 6, 1001, 4;
1, 256, 0, 0, 0, 0, 4, 999, 2;
1, 256, 0, -1, -1, -1, 4, 999, 2;
1, 256, 1, 1, 1, 1, 6, 1000, 4;
1, 256, 0, 0, 0, 0, 4, 999, 2;
1, 256, 0, 0, 0, 0, 4, 999, 2;
1, 256, 0, 0, 0, 0, 4, 999, 2;
1, 256, 0, 0, 0, 0, 4, 999, 2;
1, 256, 0, 0, 0, 0, 5, 1000, 3;
1, 256, 1, 1, 1, 1, 6, 1001, 4;
1, 256, 0, 0, 0, 0, 4, 999, 2;
1, 256, 0, 0, 0, 0, 5, 1000, 3;
1, 256, 1, 1, 1, 1, 6, 1001, 4;
1, 256, 0, 0, 0, 0, 5, 1000, 3;
1, 256, 0, 0, 0, 0, 5, 1000, 3;
1, 256, 0, 0, 0, 0, 4, 999, 2;
1, 256, 1, 1, 1, 1, 6, 1000, 3;
1, 256, 0, 0, 0, 0, 5, 1000, 3;
1, 256, 1, 1, 1, 1, 6, 1000, 4;
1, 256, 0, 0, 0, 0, 5, 1000, 3;
1, 256, 0, 0, 0, 0, 4, 999, 2;
1, 256, 1, 1, 1, 1, 6, 1001, 4;
1, 256, 0, -1, -1, -1, 4, 999, 2;
1, 256, 0, 0, 0, 0, 5, 1000, 3;
1, 256, 0, 1, 1, 1, 5, 1000, 3;
1, 256, 0, 0, 0, 0, 5, 1000, 3;
1, 256, 0, -1, -1, -1, 3, 998, 1;
1, 256, 0, 0, 0, 0, 5, 1000, 3;
1, 256, 0, 0, 0, 0, 4, 999, 2;
1, 256, 0, -1, -1, -1, 4, 999, 2;
1, 256, 0, 1, 1, 1, 5, 1000, 3;
1, 256, 0, 0, 0, 0, 4, 999, 2;
1, 256, 0, 0, 0, 0, 5, 1000, 3;
1, 256, 0, 1, 1, 1, 5, 1000, 3;
1, 256, 0, 0, 0, 0, 4, 999, 2;
1, 256, 0, -1, -1, -1, 4, 999, 2;
1, 256, 0, 0, 0, 0, 4, 999, 2;
1, 256, 0, 1, 1, 1, 5, 1000, 3;
1, 256, 0, -1, -1, -1, 4, 999, 2;
1, 256, 0, 1, 1, 1, 5, 1000, 3;
1, 256, 0, -1, -1, -1, 4, 999, 2;
1, 256, 0, -1, -1, -1, 3, 998, 1;
1, 256, 0, 0, 0, 0, 5, 1000, 3;
1, 256, 0, 0, 0, 0, 4, 999, 2;
1, 256, 0, -1, -1, -1, 4, 999, 2;
1, 256, 0, 0, 0, 0, 4, 999, 2;
1, 256, 0, 0, 0, 0, 5, 1000, 3;
1, 256, 0, 0, 0, 0, 5, 1000, 3;
1, 256, 0, -1, -1, -1, 4, 999, 2;
0, 256, 0, -1, -1, -1, 3, 998, 1;
1, 256, 1, 1, 1, 1, 6, 1001, 4;
1, 256, 0, -1, -1, -1, 4, 998, 2;
1, 256, 0, 0, 0, 0, 5, 1000, 3;
1, 256, 0, 0, 0, 0, 4, 999, 2;
1, 256, 0, 0, 0, 0, 4, 999, 2;
1, 256, 0, 1, 1, 1, 5, 1000, 3;
1, 256, 0, -1, -1, -1, 4, 999, 2;
1, 256, 0, 0, 0, 0, 5, 1000, 3;
1, 256, 0, 0, 0, 0, 4, 999, 2;
1, 256, 1, 1, 1, 1, 5, 1000, 3;
1, 256, 0, -1, -1, -1, 4, 998, 1;
1, 256, 1, 1, 1, 1, 5, 1000, 3;
1, 256, 0, -1, -1, -1, 4, 999, 2;
1, 256, 0, 0, 0, 0, 5, 1000, 3;
1, 256, 1, 1, 1, 1, 6, 1001, 4;
1, 256, 0, 0, 0, 0, 4, 999, 2;
1, 256, 0, -1, -1, -1, 4, 999, 2;
1, 256, 0, 0, 0, 0, 5, 1000, 3;
1, 256, 0, -1, -1, -1, 4, 999, 2;
1, 256, 0, 0, 0, 0, 5, 1000, 3;
1, 256, 0, -1, -1, -1, 4, 999, 2;
1, 256, 1, 1, 1, 1, 6, 1001, 4;
1, 256, 0, -1, -1, -1, 4, 999, 2;
1, 256, 1, 1, 1, 1, 6, 1000, 4;
1, 256, 1, 1, 1, 1, 6, 1000, 4;
1, 256, 0, 1, 1, 1, 5, 1000, 3;
1, 256, 0, 0, 0, 0, 5, 999, 3;
1, 256, 0, 0, 0, 0, 4, 999, 2;
1, 256, 1, 1, 1, 1, 6, 1001, 4;
1, 256, 0, -1, -1, -1, 4, 998, 1;
1, 256, 0, -1, -1, -1, 4, 999, 2;
1, 256, 0, 0, 0, 0, 5, 999, 3;
1, 256, 1, 1, 1, 1, 5, 1000, 3;
1, 256, 0, -1, -1, -1, 3, 998, 1;
1, 256, 1, 1, 1, 1, 6, 1000, 4;
1, 256, 1, 1, 1, 1, 6, 1000, 4;
1, 256, 0, 0, 0, 0, 4, 999, 2;
1, 256, 0, 0, 0, 0, 4, 999, 2;
1, 256, 0, 0, 0, 0, 5, 1000, 3;
1, 256, 0, 0, 0, 0, 4, 999, 2;
1, 256, 0, -1, -1, -1, 4, 998, 1;
1, 256, 1, 1, 1, 1, 6, 1001, 4;
1, 256, 0, 0, 0, 0, 4, 999, 2;
1, 256, 1, 1, 1, 1, 6, 1000, 3;
1, 256, 0, 0, 0, 0, 4, 999, 2;
1, 256, 0, 0, 0, 0, 5, 1000, 3;
1, 256, 0, 0, 0, 0, 4, 999, 2;
1, 256, 0, 1, 1, 1, 5, 1000, 3;
1, 256, 0, -1, -1, -1, 4, 999, 2;
1, 256, 0, 0, 0, 0, 4, 999, 2;
1, 256, 0, -1, -1, -1, 4, 999, 2;
1, 256, 0, -1, -1, -1, 4, 999, 2;
1, 256, 0, 1, 1, 1, 5, 1000, 3;
1, 256, 0, 0, 0, 0, 5, 1000, 3;
1, 256, 0, 0, 0, 0, 5, 1000, 3;
1, 256, 0, 1, 1, 1, 5, 1000, 3;
1, 256, 0, 0, 0, 0, 5, 1000, 3;
1, 256, 0, 0, 0, 0, 5, 999, 3;
1, 256, 0, 0, 0, 0, 4, 999, 2;
1, 256, 0, 0, 0, 0, 4, 999, 2;
1, 256, 0, -1, -1, -1, 4, 999, 2;
1, 256, 0, 0, 0, 0, 4, 999, 2;
1, 256, 0, 0, 0, 0, 5, 999, 3;
1, 256, 0, -1, -1, -1, 3, 998, 1;
1, 256, 0, 0, 0, 0, 5, 1000, 3;
1, 256, 0, 0, 0, 0, 5, 1000, 3;
1, 256, 0, 0, 0, 0, 5, 999, 3;
1, 256, 0, -1, -1, -1, 4, 999, 2;
1, 256, 1, 1, 1, 1, 6, 1001, 4;
1, 256, 1, 1, 1, 1, 6, 1000, 4;
1, 256, 1, 1, 1, 1, 6, 1000, 4;
1, 256, 0, 0, 0, 0, 5, 1000, 3;
1, 256, 0, -1, -1, -1, 4, 999, 2;
1, 256, 0, 0, 0, 0, 5, 999, 2;
1, 256, 0, 0, 0, 0, 4, 999, 2;
1, 256, 0, -1, -1, -1, 4, 999, 2;
1, 256, 0, 0, 0, 0, 5, 1000, 3;
1, 256, 0, -1, -1, -1, 4, 999, 2;
1, 256, 0, -1, -1, -1, 4, 999, 2;
1, 256, 0, 0, 0, 0, 4, 999, 2;
1, 256, 0, 0, 0, 0, 4, 999, 2;
1, 256, 0, -1, -1, -1, 4, 999, 2;
1, 256, 0, 0, 0, 0, 5, 1000, 3;
1, 256, 0, 0, 0, 0, 5, 1000, 3;
1, 256, 0, 0, 0, 0, 4, 999, 2;
1, 256, 0, 1, 1, 1, 5, 1000, 3;
1, 256, 0, -1, -1, -1, 4, 999, 2;
1, 256, 0, -1, -1, -1, 4, 999, 2;
1, 256, 1, 1, 1, 1, 6, 1001, 4;
1, 256, 0, -1, -1, -1, 4, 999, 2;
1, 256, 0, -1, -1, -1, 4, 999, 2;
1, 256, 0, 0, 0, 0, 4, 999, 2;
1, 256, 0, 0, 0, 0, 5, 1000, 3;
1, 256, 0, 0, 0, 0, 5, 1000, 3;
1, 256, 0, 1, 1, 1, 5, 1000, 3;
1, 256, 0, 0, 0, 0, 4, 999, 2;
1, 256, 0, -1, -1, -1, 3, 998, 1;
1, 256, 1, 1, 1, 1, 6, 1000, 4;
1, 256, 0, -1, -1, -1, 4, 999, 2;
1, 256, 0, 0, 0, 0, 5, 1000, 3;
1, 256, 0, 0, 0, 0, 4, 999, 2;
1, 256, 0, -1, -1, -1, 4, 999, 2;
1, 256, 1, 1, 1, 1, 6, 1001, 4;
1, 256, 0, 1, 1, 1, 5, 1000, 3;
1, 256, 0, -1, -1, -1, 4, 999, 2;
1, 256, 0, 0, 0, 0, 5, 999, 3;
1, 256, 0, 0, 0, 0, 4, 999, 2;
1, 256, 0, 1, 1, 1, 5, 1000, 3;
1, 256, 1, 1, 1, 1, 6, 1001, 4;
1, 256, 0, 0, 0, 0, 4, 999, 2;
1, 256, 1, 1, 1, 1, 5, 1000, 3;
1, 256, 1, 1, 1, 1, 6, 1001, 4;
1, 256, 0, 0, 0, 0, 5, 1000, 3;
1, 256, 0, 0, 0, 0, 5, 1000, 3;
1, 256, 0, 0, 0, 0, 4, 999, 2;
1, 256, 1, 1, 1, 1, 6, 1001, 4;
1, 256, 0, 0, 0, 0, 4, 999, 2;
1, 256, 0, -1, -1, -1, 4, 999, 2;
1, 256, 0, 0, 0, 0, 5, 1000, 3;
1, 256, 0, 0, 0, 0, 4, 999, 2;
1, 256, 0, 0, 0, 0, 5, 1000, 3;
1, 256, 0, 0, 0, 0, 4, 999, 2;
0, 256, 0, -1, -1, -1, 3, 998, 1;
1, 256, 0, 0, 0, 0, 5, 1000, 3;
1, 256, 0, -1, -1, -1, 4, 999, 2;
1, 256, 1, 1, 1, 1, 5, 1000, 3;
1, 256, 0, 0, 0, 0, 5, 1000, 3;
1, 256, 0, 0, 0, 0, 4, 999, 2;
1, 256, 0, 0, 0, 0, 4, 999, 2;
0, 256, 0, -1, -1, -1, 3, 998, 1;
1, 256, 0, -1, -1, -1, 4, 999, 2;
1, 256, 0, -1, -1, -1, 4, 999, 2;
1, 256, 0, 0, 0, 0, 4, 999, 2;
1, 256, 0, -1, -1, -1, 4, 999, 2;
1, 256, 0, 1, 1, 1, 5, 1000, 3;
1, 256, 0, 0, 0, 0, 4, 999, 2;
1, 256, 0, 1, 1, 1, 5, 1000, 3;
1, 256, 0, 0, 0, 0, 4, 999, 2;
1, 256, 1, 1, 1, 1, 6, 1001, 4;
1, 256, 0, 0, 0, 0, 4, 999, 2;
1, 256, 0, 0, 0, 0, 5, 1000, 3;
1, 256, 0, 0, 0, 0, 4, 999, 2;
1, 256, 0, 0, 0, 0, 4, 999, 2;
1, 256, 0, -1, -1, -1, 4, 999, 2;
1, 256, 1, 1, 1, 1, 6, 1001, 4;
1, 256, 0, 0, 0, 0, 5, 1000, 3;
1, 256, 0, 0, 0, 0, 5, 1000, 3;
1, 256, 1, 1, 1, 1, 6, 1001, 4;
1, 256, 1, 1, 1, 1, 6, 1001, 4;
1, 256, 0, 1, 1, 1, 5, 1000, 3;
1, 256, 0, -1, -1, -1, 4, 999, 2;
1, 256, 0, 0, 0, 0, 5, 1000, 3;
1, 256, 0, 0, 0, 0, 5, 1000, 3;
1, 256, 0, 0, 0, 0, 4, 999, 2;
1, 256, 0, -1, -1, -1, 4, 998, 2;
1, 256, 1, 1, 1, 1, 6, 1001, 4;
1, 256, 1, 1, 1, 1, 6, 1001, 4;
1, 256, 0, 0, 0, 0, 5, 1000, 3;
1, 256, 0, 1, 1, 1, 5, 1000, 3;
1, 256, 0, -1, -1, -1, 4, 999, 2;
1, 256, 0, 0, 0, 0, 4, 999, 2;
1, 256, 0, -1, -1, -1, 4, 999, 2;
1, 256, 0, -1, -1, -1, 3, 998, 1;
1, 256, 0, 0, 0, 0, 5, 1000, 3;
1, 256, 0, 1, 1, 1, 5, 1000, 3;
1, 256, 0, 0, 0, 0, 4, 999, 2;
1, 256, 0, 0, 0, 0, 4, 999, 2;
1, 256, 0, 0, 0, 0, 5, 1000, 3;
1, 256, 0, 0, 0, 0, 4, 999, 2;
1, 256, 0, 0, 0, 0, 4, 999, 2;
1, 256, 1, 1, 1, 1, 6, 1001, 4;
1, 256, 0, -1, -1, -1, 4, 999, 2;
1, 256, 0, 0, 0, 0, 4, 999, 2;
1, 256, 0, 0, 0, 0, 4, 999, 2;
1, 256, 0, -1, -1, -1, 4, 999, 2;
1, 256, 1, 1, 1, 1, 6, 1001, 4;
1, 256, 0, 0, 0, 0, 4, 999, 2;
1, 256, 0, 1, 1, 1, 5, 1000, 3;
1, 256, 0, 0, 0, 0, 5, 1000, 3;
1, 256, 0, 0, 0, 0, 4, 999, 2;
1, 256, 0, 0, 0, 0, 5, 1000, 3;
1, 256, 0, 1, 1, 1, 5, 1000, 3;
1, 256, 0, 0, 0, 0, 5, 1000, 3;
1, 256, 0, -1, -1, -1, 4, 999, 2;
1, 256, 0, 0, 0, 0, 5, 1000, 3;
1, 256, 0, -1, -1, -1, 4, 998, 1;
1, 256, 0, -1, -1, -1, 4, 999, 2;
1, 256, 0, 0, 0, 0, 4, 999, 2;
1, 256, 0, 0, 0, 0, 5, 1000, 3;
1, 256, 0, -1, -1, -1, 4, 999, 2;
1, 256, 0, 0, 0, 0, 5, 1000, 3;
1, 256, 0, 0, 0, 0, 5, 1000, 3;
1, 256, 1, 1, 1, 1, 6, 1000, 4;
1, 256, 0, 0, 0, 0, 5, 1000, 3;
1, 256, 0, 0, 0, 0, 5, 1000, 3;
1, 256, 0, -1, -1, -1, 4, 999, 2;
1, 256, 1, 1, 1, 1, 6, 1001, 4;
1, 256, 0, -1, -1, -1, 3, 998, 1;
1, 256, 1, 1, 1, 1, 6, 1001, 4;
1, 256, 0, 0, 0, 0, 4, 999, 2;
1, 256, 0, 0, 0, 0, 5, 999, 3;
1, 256, 0, 0, 0, 0, 4, 999, 2;
1, 256, 0, 0, 0, 0, 4, 999, 2;
1, 256, 0, 0, 0, 0, 4, 999, 2;
1, 256, 1, 1, 1, 1, 6, 1001, 4;
1, 256, 0, 0, 0, 0, 5, 1000, 3;
1, 256, 0, 0, 0, 0, 5, 1000, 3;
1, 256, 0, 1, 1, 1, 5, 1000, 3;
1, 256, 0, 0, 0, 0, 5, 1000, 3;
1, 256, 1, 1, 1, 1, 6, 1001, 4;
1, 256, 0, 0, 0, 0, 5, 1000, 3;
1, 256, 1, 1, 1, 1, 5, 1000, 3;
1, 256, 0, 0, 0, 0, 4, 999, 2;
1, 256, 0, 0, 0, 0, 5, 1000, 3;
1, 256, 1, 1, 1, 1, 6, 1001, 4;
1, 256, 1, 1, 1, 1, 6, 1000, 4;
1, 256, 0, -1, -1, -1, 4, 999, 2;
1, 256, 0, 0, 0, 0, 4, 999, 2;
1, 256, 0, 0, 0, 0, 5, 1000, 3;
1, 256, 1, 1, 1, 1, 6, 1000, 4;
1, 256, 1, 1, 1, 1, 6, 1001, 4;
1, 256, 0, 0, 0, 0, 5, 999, 3;
1, 256, 0, 0, 0, 0, 5, 1000, 3;
1, 256, 0, -1, -1, -1, 4, 998, 1;
1, 256, 1, 1, 1, 1, 6, 1001, 4;
1, 256, 0, 1, 1, 1, 5, 1000, 3;
1, 256, 1, 1, 1, 1, 5, 1000, 3;
1, 256, 1, 1, 1, 1, 6, 1001, 4;
1, 256, 0, 0, 0, 0, 5, 1000, 3;
1, 256, 0, 1, 1, 1, 5, 1000, 3;
1, 256, 0, 1, 1, 1, 5, 1000, 3;
1, 256, 0, 0, 0, 0, 4, 999, 2;
1, 256, 0, 0, 0, 0, 5, 1000, 3;
1, 256, 0, -1, -1, -1, 4, 999, 2;
1, 256, 0, 0, 0, 0, 5, 1000, 3;
1, 256, 0, 0, 0, 0, 5, 1000, 3;
1, 256, 1, 1, 1, 1, 6, 1000, 4;
1, 256, 0, -1, -1, -1, 4, 999, 2;
1, 256, 0, 0, 0, 0, 4, 999, 2;
1, 256, 0, 1, 1, 1, 5, 1000, 3;
1, 256, 0, -1, -1, -1, 4, 999, 2;
1, 256, 0, 0, 0, 0, 4, 999, 2;
1, 256, 0, 0, 0, 0, 5, 1000, 3;
1, 256, 0, 0, 0, 0, 4, 999, 2;
1, 256, 0, -1, -1, -1, 4, 999, 2;
1, 256, 0, -1, -1, -1, 3, 998, 1;
1, 256, 0, -1, -1, -1, 4, 998, 2;
1, 256, 1, 1, 1, 1, 6, 1001, 4;
1, 256, 0, -1, -1, -1, 3, 998, 1;
1, 256, 0, 0, 0, 0, 5, 1000, 3;
1, 256, 0, -1, -1, -1, 4, 999, 2;
1, 256, 0, 1, 1, 1, 5, 1000, 3;
1, 256, 0, -1, -1, -1, 4, 999, 2;
1, 256, 0, -1, -1, -1, 4, 999, 2;
1, 256, 0, 0, 0, 0, 4, 999, 2;
1, 256, 0, -1, -1, -1, 4, 999, 2;
1, 256, 0, -1, -1, -1, 4, 999, 2;
1, 256, 0, -1, -1, -1, 4, 999, 2;
1, 256, 0, 0, 0, 0, 4, 999, 2;
1, 256, 0, 1, 1, 1, 5, 1000, 3;
1, 256, 0, 0, 0, 0, 5, 1000, 3;
1, 256, 0, -1, -1, -1, 4, 998, 1;
1, 256, 0, 0, 0, 0, 5, 1000, 3;
1, 256, 1, 1, 1, 1, 6, 1001, 4;
1, 256, 0, 0, 0, 0, 4, 999, 2;
1, 256, 0, 0, 0, 0, 5, 1000, 3;
1, 256, 0, 0, 0, 0, 5, 1000, 3;
0, 256, 0, -1, -1, -1, 3, 998, 1;
1, 256, 0, -1, -1, -1, 4, 999, 2;
1, 256, 0, -1, -1, -1, 4, 999, 2;
1, 256, 0, 1, 1, 1, 5, 1000, 3;
1, 256, 0, 0, 0, 0, 4, 999, 2;
1, 256, 0, -1, -1, -1, 4, 999, 2;
1, 256, 0, 0, 0, 0, 4, 999, 2;
1, 256, 0, 0, 0, 0, 5, 1000, 3;
1, 256, 0, 0, 0, 0, 4, 999, 2;
1, 256, 0, 0, 0, 0, 5, 1000, 3;
1, 256, 0, -1, -1, -1, 4, 998, 2;
1, 256, 0, 0, 0, 0, 4, 999, 2;
1, 256, 0, 1, 1, 1, 5, 1000, 3;
1, 256, 0, -1, -1, -1, 3, 998, 1;
1, 256, 0, 0, 0, 0, 4, 999, 2;
1, 256, 0, 0, 0, 0, 5, 1000, 3;
1, 256, 0, 1, 1, 1, 5, 1000, 3;
1, 256, 0, 0, 0, 0, 5, 1000, 3;
1, 256, 1, 1, 1, 1, 6, 1001, 4;
1, 256, 0, 0, 0, 0, 5, 1000, 3;
1, 256, 0, 0, 0, 0, 5, 1000, 3;
1, 256, 1, 1, 1, 1, 6, 1001, 4;
1, 256, 0, -1, -1, -1, 4, 998, 2;
1, 256, 0, 0, 0, 0, 5, 1000, 3;
1, 256, 0, -1, -1, -1, 4, 999, 2;
0, 256, 0, -1, -1, -1, 3, 998, 1;
1, 256, 0, 0, 0, 0, 5, 1000, 3;
1, 256, 0, -1, -1, -1, 4, 999, 2;
1, 256, 0, 0, 0, 0, 5, 1000, 3;
1, 256, 0, 0, 0, 0, 5, 1000, 3;
1, 256, 0, -1, -1, -1, 4, 999, 2;
1, 256, 0, -1, -1, -1, 4, 999, 2;
1, 256, 0, 0, 0, 0, 4, 999, 2;
1, 256, 0, 1, 1, 1, 5, 1000, 3;
1, 256, 0, 0, 0, 0, 4, 999, 2;
1, 256, 0, -1, -1, -1, 4, 999, 2;
1, 256, 0, 1, 1, 1, 5, 1000, 3;
1, 256, 0, 0, 0, 0, 5, 1000, 3;
1, 256, 0, 0, 0, 0, 4, 999, 2;
1, 256, 0, -1, -1, -1, 4, 999, 2;
1, 256, 0, -1, -1, -1, 4, 999, 2;
1, 256, 1, 1, 1, 1, 6, 1000, 4;
1, 256, 0, 0, 0, 0, 5, 1000, 3;
1, 256, 0, 0, 0, 0, 5, 1000, 3;
1, 256, 1, 1, 1, 1, 6, 1001, 4;
1, 256, 0, 0, 0, 0, 5, 1000, 3;
1, 256, 0, 0, 0, 0, 5, 1000, 3;
1, 256, 0, 0, 0, 0, 5, 1000, 3;
1, 256, 0, 0, 0, 0, 4, 999, 2;
1, 256, 0, 0, 0, 0, 5, 1000, 3;
1, 256, 0, 0, 0, 0, 5, 1000, 3;
1, 256, 0, 0, 0, 0, 4, 999, 2;
1, 256, 0, 0, 0, 0, 4, 999, 2;
1, 256, 0, 0, 0, 0, 5, 1000, 3;
1, 256, 0, 0, 0, 0, 5, 1000, 3;
1, 256, 0, -1, -1, -1, 3, 998, 1;
1, 256, 0, 0, 0, 0, 4, 999, 2;
1, 256, 0, -1, -1, -1, 4, 999, 2;
1, 256, 0, 0, 0, 0, 4, 999, 2;
1, 256, 0, 0, 0, 0, 4, 999, 2;
1, 256, 0, 1, 1, 1, 5, 1000, 3;
1, 256, 0, 0, 0, 0, 4, 999, 2;
1, 256, 1, 1, 1, 1, 5, 1000, 3;
1, 256, 0, 0, 0, 0, 4, 999, 2;
1, 256, 0, 0, 0, 0, 5, 1000, 3;
1, 256, 0, 1, 1, 1, 5, 1000, 3;
1, 256, 0, -1, -1, -1, 4, 999, 2;
1, 256, 0, 0, 0, 0, 5, 1000, 3;
1, 256, 0, 1, 1, 1, 5, 1000, 3;
1, 256, 1, 1, 1, 1, 6, 1001, 4;
1, 256, 0, 0, 0, 0, 4, 999, 2;
1, 256, 0, -1, -1, -1, 4, 998, 2;
1, 256, 0, 1, 1, 1, 5, 1000, 3;
1, 256, 0, 0, 0, 0, 5, 1000, 3;
1, 256, 0, 1, 1, 1, 5, 1000, 3;
1, 256, 0, 1, 1, 1, 5, 1000, 3;
1, 256, 0, 0, 0, 0, 5, 1000, 3;
1, 256, 0, 0, 0, 0, 4, 999, 2;
1, 256, 0, 0, 0, 0, 5, 1000, 3;
1, 256, 0, -1, -1, -1, 4, 999, 2;
1, 256, 0, 0, 0, 0, 5, 999, 3;
1, 256, 1, 1, 1, 1, 6, 1001, 4;
1, 256, 0, 0, 0, 0, 4, 999, 2;
1, 256, 0, 0, 0, 0, 5, 1000, 3;
1, 256, 0, -1, -1, -1, 4, 999, 2;
1, 256, 0, -1, -1, -1, 4, 999, 2;
1, 256, 0, 1, 1, 1, 5, 1000, 3;
1, 256, 0, 0, 0, 0, 5, 1000, 3;
1, 256, 1, 1, 1, 1, 6, 1000, 4;
1, 256, 1, 1, 1, 1, 6, 1001, 4;
1, 256, 0, 0, 0, 0, 4, 999, 2;
1, 256, 0, -1, -1, -1, 4, 999, 2;
1, 256, 0, 0, 0, 0, 4, 999, 2;
1, 256, 0, 0, 0, 0, 5, 1000, 3;
1, 256, 0, 1, 1, 1, 5, 1000, 3;
1, 256, 0, 0, 0, 0, 5, 1000, 3;
1, 256, 0, 1, 1, 1, 5, 1000, 3;
1, 256, 0, 0, 0, 0, 4, 999, 2;
1, 256, 0, 0, 0, 0, 5, 1000, 3;
1, 256, 0, 0, 0, 0, 5, 1000, 3;
1, 256, 0, 0, 0, 0, 5, 999, 2;
1, 256, 0, 0, 0, 0, 5, 1000, 3;
1, 256, 0, 1, 1, 1, 5, 1000, 3;
1, 256, 0, 1, 1, 1, 5, 1000, 3;
1, 256, 0, 0, 0, 0, 5, 1000, 3;
1, 256, 0, 0, 0, 0, 4, 999, 2;
1, 256, 0, 1, 1, 1, 5, 1000, 3;
1, 256, 0, -1, -1, -1, 4, 999, 2;
1, 256, 1, 1, 1, 1, 5, 1000, 3;
1, 256, 0, 0, 0, 0, 4, 999, 2;
1, 256, 0, -1, -1, -1, 4, 998, 1;
1, 256, 0, 0, 0, 0, 4, 999, 2;
1, 256, 0, 0, 0, 0, 5, 1000, 3;
1, 256, 0, 0, 0, 0, 4, 999, 2;
1, 256, 0, -1, -1, -1, 4, 999, 2;
1, 256, 0, 0, 0, 0, 4, 999, 2;
1, 256, 0, 1, 1, 1, 5, 1000, 3;
1, 256, 1, 1, 1, 1, 6, 1000, 3;
1, 256, 0, -1, -1, -1, 4, 999, 2;
1, 256, 0, 0, 0, 0, 4, 999, 2;
1, 256, 0, 0, 0, 0, 5, 1000, 3;
1, 256, 0, 1, 1, 1, 5, 1000, 3;
1, 256, 0, -1, -1, -1, 4, 998, 2;
1, 256, 0, 0, 0, 0, 4, 999, 2;
1, 256, 0, 1, 1, 1, 5, 1000, 3;
1, 256, 0, 0, 0, 0, 5, 1000, 3;
1, 256, 1, 1, 1, 1, 6, 1001, 4;
1, 256, 1, 1, 1, 1, 6, 1000, 4;
1, 256, 0, 0, 0, 0, 5, 1000, 3;
1, 256, 1, 1, 1, 1, 6, 1001, 4;
1, 256, 0, -1, -1, -1, 3, 998, 1;
1, 256, 0, 0, 0, 0, 4, 999, 2;
1, 256, 0, 0, 0, 0, 5, 1000, 3;
1, 256, 0, 1, 1, 1, 5, 1000, 3;
1, 256, 0, -1, -1, -1, 4, 999, 2;
1, 256, 0, 0, 0, 0, 5, 999, 3;
1, 256, 0, -1, -1, -1, 4, 999, 2;
1, 256, 0, -1, -1, -1, 4, 999, 2;
1, 256, 0, 0, 0, 0, 4, 999, 2;
1, 256, 1, 1, 1, 1, 6, 1001, 4;
1, 256, 0, 1, 1, 1, 5, 1000, 3;
1, 256, 0, 0, 0, 0, 4, 999, 2;
1, 256, 0, -1, -1, -1, 4, 999, 2;
1, 256, 0, 0, 0, 0, 5, 1000, 3;
1, 256, 0, -1, -1, -1, 4, 999, 2;
1, 256, 0, 0, 0, 0, 4, 999, 2;
1, 256, 0, 0, 0, 0, 5, 1000, 3;
1, 256, 0, 0, 0, 0, 4, 999, 2;
1, 256, 0, -1, -1, -1, 4, 999, 2;
1, 256, 0, 0, 0, 0, 4, 999, 2;
1, 256, 0, -1, -1, -1, 4, 999, 2;
1, 256, 0, 0, 0, 0, 4, 999, 2;
1, 256, 0, -1, -1, -1, 4, 999, 2;
1, 256, 1, 1, 1, 1, 6, 1001, 4;
1, 256, 0, -1, -1, -1, 4, 999, 2;
1, 256, 0, 0, 0, 0, 5, 1000, 3;
1, 256, 0, 1, 1, 1, 5, 1000, 3;
1, 256, 0, 0, 0, 0, 5, 1000, 3;
1, 256, 0, -1, -1, -1, 4, 999, 2;
1, 256, 0, -1, -1, -1, 4, 999, 2;
1, 256, 0, -1, -1, -1, 4, 999, 2;
1, 256, 1, 1, 1, 1, 5, 1000, 3;
1, 256, 0, 0, 0, 0, 4, 999, 2;
1, 256, 0, 0, 0, 0, 5, 999, 3;
1, 256, 0, 0, 0, 0, 5, 1000, 3;
1, 256, 1, 1, 1, 1, 6, 1001, 4;
1, 256, 0, 0, 0, 0, 5, 1000, 3;
1, 256, 0, 1, 1, 1, 5, 1000, 3;
1, 256, 0, 0, 0, 0, 4, 999, 2;
1, 256, 0, 0, 0, 0, 5, 1000, 3;
1, 256, 0, 0, 0, 0, 4, 999, 2;
1, 256, 0, 0, 0, 0, 5, 999, 3;
1, 256, 0, 0, 0, 0, 5, 1000, 3;
1, 256, 0, 0, 0, 0, 4, 999, 2;
1, 256, 0, 0, 0, 0, 5, 1000, 3;
1, 256, 0, 0, 0, 0, 5, 1000, 3;
1, 256, 0, -1, -1, -1, 4, 999, 2;
1, 256, 0, 0, 0, 0, 5, 1000, 3;
1, 256, 1, 1, 1, 1, 6, 1001, 4;
1, 256, 0, -1, -1, -1, 4, 999, 2;
1, 256, 1, 1, 1, 1, 6, 1001, 4;
1, 256, 0, 0, 0, 0, 5, 1000, 3;
1, 256, 1, 1, 1, 1, 6, 1001, 4;
1, 256, 1, 1, 1, 1, 6, 1001, 4;
1, 256, 0, -1, -1, -1, 4, 999, 2;
1, 256, 0, -1, -1, -1, 4, 999, 2;
1, 256, 0, 0, 0, 0, 4, 999, 2;
1, 256, 0, -1, -1, -1, 4, 998, 1;
1, 256, 0, 0, 0, 0, 4, 999, 2;
1, 256, 0, 0, 0, 0, 5, 1000, 3;
1, 256, 0, 0, 0, 0, 5, 1000, 3;
1, 256, 0, 0, 0, 0, 5, 999, 2;
1, 256, 0, 0, 0, 0, 5, 1000, 3;
1, 256, 1, 1, 1, 1, 6, 1001, 4;
1, 256, 0, 0, 0, 0, 5, 1000, 3;
1, 256, 0, 0, 0, 0, 5, 999, 3;
1, 256, 0, 0, 0, 0, 4, 999, 2;
1, 256, 0, -1, -1, -1, 3, 998, 1;
1, 256, 0, -1, -1, -1, 4, 999, 2;
1, 256, 0, 0, 0, 0, 5, 1000, 3;
1, 256, 1, 1, 1, 1, 6, 1001, 4;
1, 256, 0, 0, 0, 0, 4, 999, 2;
1, 256, 0, -1, -1, -1, 4, 999, 2;
1, 256, 0, 0, 0, 0, 5, 1000, 3;
1, 256, 0, 0, 0, 0, 5, 1000, 3;
1, 256, 0, 0, 0, 0, 5, 999, 2;
1, 256, 0, 0, 0, 0, 4, 999, 2;
1, 256, 0, -1, -1, -1, 4, 998, 1;
1, 256, 0, 0, 0, 0, 5, 1000, 3;
1, 256, 1, 1, 1, 1, 6, 1000, 3;
1, 256, 0, 1, 1, 1, 5, 1000, 3;
1, 256, 0, -1, -1, -1, 4, 998, 1;
1, 256, 0, 0, 0, 0, 4, 999, 2;
1, 256, 1, 1, 1, 1, 6, 1001, 4;
1, 256, 0, -1, -1, -1, 4, 998, 2;
1, 256, 0, 0, 0, 0, 5, 1000, 3;
1, 256, 0, -1, -1, -1, 4, 999, 2;
1, 256, 0, 0, 0, 0, 5, 1000, 3;
1, 256, 0, 1, 1, 1, 5, 1000, 3;
1, 256, 1, 1, 1, 1, 6, 1001, 4;
1, 256, 0, 0, 0, 0, 4, 999, 2;
1, 256, 0, 0, 0, 0, 5, 1000, 3;
1, 256, 0, -1, -1, -1, 4, 999, 2;
1, 256, 0, 0, 0, 0, 4, 999, 2;
1, 256, 0, 0, 0, 0, 4, 999, 2;
1, 256, 0, -1, -1, -1, 4, 998, 2;
1, 256, 0, -1, -1, -1, 3, 998, 1;
1, 256, 0, -1, -1, -1, 4, 999, 2;
1, 256, 0, 0, 0, 0, 5, 1000, 3;
1, 256, 0, 0, 0, 0, 4, 999, 2;
1, 256, 1, 1, 1, 1, 6, 1001, 4;
1, 256, 0, 0, 0, 0, 5, 1000, 3;
1, 256, 0, -1, -1, -1, 4, 999, 2;
1, 256, 0, 0, 0, 0, 5, 1000, 3;
1, 256, 1, 1, 1, 1, 6, 1001, 4;
1, 256, 0, 0, 0, 0, 5, 1000, 3;
1, 256, 0, 0, 0, 0, 5, 1000, 3;
1, 256, 0, 0, 0, 0, 5, 1000, 3;
1, 256, 1, 1, 1, 1, 6, 1001, 4;
1, 256, 0, 0, 0, 0, 4, 999, 2;
1, 256, 1, 1, 1, 1, 6, 1000, 4;
1, 256, 0, 0, 0, 0, 4, 999, 2;
1, 256, 0, 0, 0, 0, 4, 999, 2;
1, 256, 0, 0, 0, 0, 4, 999, 2;
1, 256, 0, 0, 0, 0, 5, 1000, 3;
1, 256, 1, 1, 1, 1, 6, 1000, 4;
1, 256, 0, 0, 0, 0, 5, 1000, 3;
1, 256, 0, 0, 0, 0, 4, 999, 2;
1, 256, 0, 0, 0, 0, 4, 999, 2;
1, 256, 0, -1, -1, -1, 4, 999, 2;
1, 256, 0, 0, 0, 0, 4, 999, 2;
1, 256, 0, 0, 0, 0, 5, 1000, 3;
1, 256, 0, 0, 0, 0, 4, 999, 2;
1, 256, 0, 0, 0, 0, 4, 999, 2;
1, 256, 0, -1, -1, -1, 3, 998, 1;
1, 256, 0, -1, -1, -1, 4, 999, 2;
1, 256, 0, 1, 1, 1, 5, 1000, 3;
1, 256, 1, 1, 1, 1, 6, 1000, 3;
1, 256, 0, -1, -1, -1, 4, 998, 2;
1, 256, 0, 1, 1, 1, 5, 1000, 3;
1, 256, 0, 0, 0, 0, 5, 1000, 3;
1, 256, 0, 0, 0, 0, 4, 999, 2;
1, 256, 1, 1, 1, 1, 6, 1000, 3;
1, 256, 1, 1, 1, 1, 6, 1001, 4;
1, 256, 0, 0, 0, 0, 5, 1000, 3;
1, 256, 0, 0, 0, 0, 4, 999, 2;
1, 256, 0, 1, 1, 1, 5, 1000, 3;
1, 256, 0, 0, 0, 0, 4, 999, 2;
1, 256, 0, 0, 0, 0, 5, 1000, 3;
1, 256, 0, 0, 0, 0, 5, 999, 3;
1, 256, 1, 1, 1, 1, 6, 1001, 4;
1, 256, 0, 0, 0, 0, 5, 1000, 3;
1, 256, 0, 0, 0, 0, 5, 1000, 3;
1, 256, 0, 0, 0, 0, 5, 1000, 3;
1, 256, 0, 0, 0, 0, 5, 999, 2;
1, 256, 0, 1, 1, 1, 5, 1000, 3;
1, 256, 0, -1, -1, -1, 4, 999, 2;
1, 256, 0, 0, 0, 0, 5, 1000, 3;
1, 256, 0, 0, 0, 0, 5, 1000, 3;
1, 256, 0, 0, 0, 0, 4, 999, 2;
1, 256, 0, -1, -1, -1, 3, 998, 1;
1, 256, 0, -1, -1, -1, 4, 999, 2;
1, 256, 0, 0, 0, 0, 4, 999, 2;
1, 256, 1, 1, 1, 1, 6, 1000, 4;
1, 256, 0, -1, -1, -1, 4, 999, 2;
1, 256, 0, 0, 0, 0, 5, 1000, 3;
1, 256, 0, 1, 1, 1, 5, 1000, 3;
1, 256, 0, 0, 0, 0, 5, 1000, 3;
1, 256, 0, 0, 0, 0, 4, 999, 2;
1, 256, 0, 0, 0, 0, 4, 999, 2;
1, 256, 0, 1, 1, 1, 5, 1000, 3;
1, 256, 0, 0, 0, 0, 4, 999, 2;
1, 256, 0, -1, -1, -1, 4, 999, 2;
1, 256, 0, -1, -1, -1, 4, 999, 2;
1, 256, 0, 0, 0, 0, 5, 1000, 3;
1, 256, 0, 0, 0, 0, 4, 999, 2;
1, 256, 0, 0, 0, 0, 5, 1000, 3;
1, 256, 0, 0, 0, 0, 5, 1000, 3;
1, 256, 0, 0, 0, 0, 4, 999, 2;
1, 256, 1, 1, 1, 1, 6, 1000, 3;
1, 256, 0, -1, -1, -1, 4, 999, 2;
1, 256, 0, 0, 0, 0, 4, 999, 2;
1, 256, 0, -1, -1, -1, 4, 999, 2;
1, 256, 0, 0, 0, 0, 5, 1000, 3;
1, 256, 0, 1, 1, 1, 5, 1000, 3;
1, 256, 0, 0, 0, 0, 4, 999, 2;
1, 256, 0, -1, -1, -1, 4, 999, 2;
1, 256, 0, 0, 0, 0, 4, 999, 2;
1, 256, 0, -1, -1, -1, 4, 999, 2;
1, 256, 0, 0, 0, 0, 4, 999, 2;
1, 256, 0, 0, 0, 0, 5, 1000, 3;
1, 256, 0, 0, 0, 0, 5, 1000, 3;
1, 256, 0, 0, 0, 0, 5, 1000, 3;
1, 256, 0, 1, 1, 1, 5, 1000, 3;
1, 256, 0, -1, -1, -1, 4, 999, 2;
1, 256, 1, 1, 1, 1, 6, 1001, 4;
1, 256, 1, 1, 1, 1, 6, 1001, 4;
1, 256, 0, 0, 0, 0, 5, 1000, 3;
1, 256, 0, 1, 1, 1, 5, 1000, 3;
1, 256, 0, 0, 0, 0, 5, 1000, 3;
1, 256, 1, 1, 1, 1, 6, 1001, 4;
1, 256, 0, -1, -1, -1, 4, 999, 2;
1, 256, 0, 0, 0, 0, 5, 1000, 3;
1, 256, 0, 0, 0, 0, 4, 999, 2;
1, 256, 1, 1, 1, 1, 6, 1001, 4;
1, 256, 1, 1, 1, 1, 6, 1000, 3;
1, 256, 1, 1, 1, 1, 6, 1000, 3;
1, 256, 0, 1, 1, 1, 5, 1000, 3;
1, 256, 0, -1, -1, -1, 4, 998, 2;
1, 256, 0, -1, -1, -1, 4, 999, 2;
1, 256, 0, 0, 0, 0, 4, 999, 2;
1, 256, 0, -1, -1, -1, 4, 999, 2;
1, 256, 0, -1, -1, -1, 4, 999, 2;
1, 256, 0, 0, 0, 0, 4, 999, 2;
1, 256, 0, -1, -1, -1, 4, 999, 2;
1, 256, 0, 0, 0, 0, 5, 1000, 3;
1, 256, 0, 0, 0, 0, 5, 1000, 3;
1, 256, 0, 0, 0, 0, 5, 1000, 3;
1, 256, 0, -1, -1, -1, 4, 999, 2;
1, 256, 1, 1, 1, 1, 6, 1001, 4;
1, 256, 0, 0, 0, 0, 4, 999, 2;
1, 256, 0, 0, 0, 0, 5, 1000, 3;
1, 256, 0, 0, 0, 0, 4, 999, 2;
1, 256, 0, 0, 0, 0, 5, 1000, 3;
1, 256, 0, 0, 0, 0, 4, 999, 2;
1, 256, 0, 0, 0, 0, 5, 1000, 3;
1, 256, 0, 0, 0, 0, 5, 1000, 3;
1, 256, 0, 0, 0, 0, 5, 1000, 3;
1, 256, 0, 0, 0, 0, 5, 1000, 3;
1, 256, 0, -1, -1, -1, 4, 998, 2;
1, 256, 0, 1, 1, 1, 5, 1000, 3;
1, 256, 0, 0, 0, 0, 5, 1000, 3;
1, 256, 0, 0, 0, 0, 5, 1000, 3;
1, 256, 0, -1, -1, -1, 3, 998, 1;
1, 256, 0, -1, -1, -1, 4, 999, 2;
1, 256, 0, -1, -1, -1, 4, 999, 2;
1, 256, 0, 0, 0, 0, 5, 1000, 3;
1, 256, 0, 0, 0, 0, 5, 1000, 3;
1, 256, 0, -1, -1, -1, 4, 999, 2;
1, 256, 0, 0, 0, 0, 5, 1000, 3;
1, 256, 0, -1, -1, -1, 4, 999, 2;
1, 256, 0, 1, 1, 1, 5, 1000, 3;
1, 256, 0, 0, 0, 0, 4, 999, 2;
1, 256, 0, 0, 0, 0, 5, 1000, 3;
1, 256, 0, 1, 1, 1, 5, 1000, 3;
1, 256, 0, 0, 0, 0, 4, 999, 2;
1, 256, 0, 0, 0, 0, 5, 999, 2;
1, 256, 1, 1, 1, 1, 6, 1001, 4;
1, 256, 1, 1, 1, 1, 6, 1001, 4;
1, 256, 1, 1, 1, 1, 6, 1001, 4;
1, 256, 0, -1, -1, -1, 4, 999, 2;
1, 256, 0, -1, -1, -1, 3, 998, 1;
1, 256, 0, -1, -1, -1, 4, 999, 2;
1, 256, 0, 1, 1, 1, 5, 1000, 3;
1, 256, 1, 1, 1, 1, 5, 1000, 3;
1, 256, 1, 1, 1, 1, 5, 1000, 3;
1, 256, 0, 0, 0, 0, 5, 1000, 3;
1, 256, 1, 1, 1, 1, 6, 1001, 4;
1, 256, 0, 0, 0, 0, 5, 1000, 3;
1, 256, 0, -1, -1, -1, 4, 999, 2;
1, 256, 0, 0, 0, 0, 4, 999, 2;
1, 256, 1, 1, 1, 1, 6, 1001, 4;
1, 256, 1, 1, 1, 1, 5, 1000, 3;
1, 256, 0, 0, 0, 0, 5, 1000, 3;
1, 256, 1, 1, 1, 1, 6, 1001, 4;
1, 256, 1, 1, 1, 1, 6, 1001, 4;
1, 256, 0, 0, 0, 0, 4, 999, 2;
1, 256, 0, 1, 1, 1, 5, 1000, 3;
1, 256, 0, -1, -1, -1, 4, 998, 2;
1, 256, 0, 0, 0, 0, 5, 1000, 3;
1, 256, 0, -1, -1, -1, 4, 998, 1;
1, 256, 0, 0, 0, 0, 5, 999, 3;
1, 256, 0, 1, 1, 1, 5, 1000, 3;
1, 256, 0, -1, -1, -1, 3, 998, 1;
1, 256, 0, 1, 1, 1, 5, 1000, 3;
1, 256, 0, 0, 0, 0, 5, 1000, 3;
1, 256, 0, -1, -1, -1, 4, 999, 2;
1, 256, 0, -1, -1, -1, 4, 999, 2;
1, 256, 0, 0, 0, 0, 5, 1000, 3;
1, 256, 0, -1, -1, -1, 4, 999, 2;
1, 256, 0, -1, -1, -1, 4, 999, 2;
1, 256, 1, 1, 1, 1, 6, 1001, 4;