1, 296, 14, 3, 413, 3, 4, 1157, 55;
5, 299, 16, 38, 420, 11, 20, 1166, 65;
3, 295, 13, 54, 408, 0, 14, 1153, 51;
7, 297, 15, 89, 414, 8, 30, 1161, 61;
9, 297, 15, 114, 409, 7, 35, 1158, 59;
10, 296, 15, 141, 406, 7, 42, 1158, 60;
10, 293, 12, 159, 392, 0, 39, 1146, 50;
9, 290, 10, 177, 379, -8, 35, 1134, 40;
13, 292, 12, 210, 380, 0, 51, 1141, 50;
16, 293, 14, 239, 377, 3, 63, 1144, 55;
17, 291, 13, 262, 367, 1, 67, 1138, 53;
14, 287, 9, 273, 345, -10, 57, 1120, 38;
21, 291, 15, 314, 352, 6, 84, 1137, 59;
22, 289, 14, 334, 339, 4, 87, 1130, 56;
19, 284, 10, 342, 314, -9, 76, 1109, 39;
24, 287, 13, 375, 314, 2, 96, 1119, 54;
28, 288, 16, 404, 310, 11, 112, 1126, 65;
29, 286, 15, 420, 293, 8, 113, 1117, 61;
27, 282, 13, 431, 272, 1, 108, 1102, 52;
28, 281, 13, 448, 256, 0, 112, 1096, 51;
26, 276, 9, 453, 230, -10, 102, 1076, 38;
34, 281, 16, 490, 236, 11, 133, 1098, 65;
33, 278, 15, 501, 216, 7, 132, 1087, 60;
29, 272, 10, 499, 184, -7, 116, 1061, 41;
32, 272, 12, 518, 173, -1, 127, 1063, 49;
35, 272, 14, 534, 160, 4, 136, 1063, 55;
34, 269, 12, 538, 137, 0, 133, 1050, 49;
32, 265, 10, 540, 112, -7, 126, 1035, 41;
38, 268, 15, 563, 109, 8, 148, 1048, 61;
33, 261, 10, 553, 74, -8, 129, 1020, 40;
37, 264, 14, 572, 69, 5, 147, 1030, 57;
33, 257, 10, 561, 36, -8, 131, 1006, 40;
37, 259, 14, 575, 28, 3, 146, 1013, 54;
35, 256, 12, 570, 3, -2, 139, 998, 47;
40, 259, 16, 585, 0, 12, 157, 1010, 66;
33, 250, 10, 563, -41, -8, 131, 976, 39;
35, 250, 11, 565, -54, -3, 137, 976, 46;
32, 245, 9, 553, -82, -12, 125, 958, 35;
39, 251, 16, 571, -78, 11, 153, 980, 65;
38, 248, 15, 562, -99, 8, 148, 970, 61;
32, 242, 10, 538, -133, -7, 127, 944, 42;
32, 241, 11, 532, -149, -4, 128, 940, 45;
33, 240, 12, 524, -164, -1, 128, 937, 48;
33, 239, 13, 517, -178, 2, 131, 935, 53;
29, 234, 10, 494, -205, -7, 115, 916, 41;
29, 234, 11, 483, -219, -5, 114, 913, 43;
29, 233, 11, 470, -234, -3, 113, 909, 46;
30, 233, 13, 461, -243, 2, 117, 911, 54;
29, 232, 14, 445, -258, 3, 113, 906, 54;
23, 226, 9, 412, -287, -11, 90, 882, 36;
28, 231, 15, 414, -280, 9, 112, 903, 62;
21, 224, 9, 375, -313, -10, 82, 873, 37;
21, 223, 10, 358, -322, -7, 82, 873, 42;
22, 225, 13, 346, -325, 2, 88, 880, 53;
24, 227, 16, 333, -328, 10, 93, 887, 64;
18, 222, 12, 298, -350, -1, 72, 867, 49;
18, 223, 14, 279, -355, 3, 72, 869, 54;
14, 219, 11, 246, -374, -6, 55, 855, 43;
13, 219, 12, 226, -377, -1, 54, 857, 48;
12, 219, 12, 201, -384, -1, 48, 854, 48;
10, 218, 12, 174, -392, -2, 40, 851, 47;
7, 216, 10, 143, -402, -7, 28, 843, 41;
6, 216, 11, 119, -405, -5, 24, 843, 44;
6, 217, 13, 99, -403, 0, 25, 849, 51;
0, 213, 9, 60, -417, -11, 3, 834, 36;
5, 219, 15, 52, -400, 7, 21, 857, 60;
-2, 214, 9, 8, -419, -9, -7, 834, 38;
-3, 213, 9, -19, -420, -10, -15, 834, 38;
-6, 213, 9, -47, -420, -11, -23, 832, 36;
-2, 218, 14, -58, -402, 4, -10, 853, 56;
-4, 219, 14, -84, -399, 5, -16, 855, 57;
-11, 214, 9, -128, -413, -11, -43, 835, 36;
-10, 217, 11, -146, -400, -3, -39, 847, 46;
-8, 220, 14, -163, -386, 5, -34, 860, 57;
-10, 221, 15, -187, -378, 6, -40, 864, 59;
-14, 219, 12, -222, -381, -3, -58, 854, 47;
-14, 222, 14, -239, -366, 4, -54, 867, 56;
-18, 220, 11, -273, -366, -4, -72, 859, 45;
-19, 222, 12, -293, -354, -1, -74, 866, 48;
-23, 219, 9, -326, -354, -11, -92, 857, 36;
-17, 228, 16, -325, -319, 11, -69, 890, 65;
-24, 224, 11, -362, -323, -3, -94, 875, 46;
-27, 223, 9, -389, -317, -9, -106, 872, 38;
-25, 228, 13, -398, -293, 0, -98, 890, 51;
-25, 230, 14, -414, -276, 3, -99, 900, 55;
-27, 231, 13, -434, -264, 1, -106, 902, 52;
-31, 230, 10, -460, -257, -6, -121, 897, 42;
-28, 235, 14, -463, -229, 5, -109, 919, 58;
-30, 235, 13, -482, -218, 1, -118, 920, 52;
-28, 240, 16, -488, -193, 9, -112, 936, 62;
-29, 241, 16, -501, -176, 9, -114, 942, 63;
-35, 238, 10, -529, -175, -6, -138, 928, 42;
-30, 245, 16, -523, -141, 9, -120, 955, 63;
-37, 241, 10, -550, -140, -7, -144, 941, 41;
-36, 243, 11, -556, -120, -5, -144, 950, 43;
-36, 246, 11, -561, -99, -3, -143, 959, 46;
-36, 248, 12, -565, -78, -1, -142, 969, 48;
-39, 247, 9, -578, -68, -10, -154, 965, 37;
-37, 251, 12, -574, -41, -2, -145, 982, 47;
-39, 251, 9, -583, -30, -10, -155, 979, 37;
-36, 256, 12, -574, 0, 0, -143, 998, 49;
-33, 261, 15, -564, 28, 8, -131, 1018, 62;
-39, 256, 9, -582, 27, -10, -155, 1000, 37;
-37, 260, 11, -572, 52, -4, -147, 1015, 44;
-38, 261, 10, -571, 69, -7, -149, 1019, 41;
-36, 264, 11, -561, 91, -4, -143, 1030, 45;
-38, 264, 9, -560, 104, -9, -149, 1030, 38;
-32, 271, 15, -535, 139, 6, -126, 1058, 59;
-34, 270, 13, -533, 150, 0, -132, 1056, 51;
-34, 271, 11, -527, 164, -4, -135, 1057, 45;
-30, 276, 15, -503, 193, 7, -118, 1078, 60;
-28, 279, 16, -488, 213, 10, -111, 1088, 63;
-27, 280, 16, -475, 228, 9, -108, 1093, 62;
-29, 279, 13, -466, 238, 2, -113, 1091, 54;
-26, 282, 15, -446, 258, 7, -103, 1102, 59;
-25, 283, 15, -430, 272, 6, -100, 1106, 58;
-27, 282, 12, -420, 278, -2, -107, 1101, 47;
-22, 287, 15, -391, 302, 8, -89, 1119, 61;
-22, 287, 14, -375, 311, 3, -89, 1119, 55;
-26, 283, 9, -368, 309, -10, -101, 1106, 38;
-21, 287, 12, -338, 330, 0, -84, 1122, 49;
-23, 285, 9, -327, 330, -12, -93, 1112, 35;
-15, 292, 15, -283, 361, 8, -62, 1142, 61;
-14, 293, 15, -260, 369, 7, -57, 1144, 60;
-15, 292, 13, -242, 372, 1, -59, 1140, 52;
-16, 290, 10, -226, 371, -6, -62, 1132, 42;
-11, 294, 14, -190, 389, 3, -44, 1148, 55;
-11, 293, 12, -170, 389, -2, -44, 1143, 48;
-7, 295, 14, -138, 401, 4, -29, 1153, 56;
-11, 290, 9, -128, 389, -11, -43, 1134, 36;
-5, 295, 13, -89, 404, 0, -22, 1151, 50;
-7, 291, 9, -74, 395, -11, -30, 1137, 36;
0, 298, 15, -27, 417, 8, 2, 1163, 62;
0, 295, 13, -8, 410, 0, -1, 1154, 52;
-2, 292, 9, 7, 398, -10, -8, 1139, 37;
5, 298, 16, 54, 418, 9, 23, 1164, 62;
4, 295, 13, 72, 407, 0, 18, 1152, 51;
9, 298, 16, 110, 415, 11, 38, 1164, 65;
11, 297, 16, 134, 409, 9, 43, 1161, 62;
12, 297, 15, 160, 404, 8, 48, 1158, 61;
14, 297, 16, 188, 400, 11, 58, 1159, 64;
12, 292, 12, 200, 380, -2, 47, 1139, 47;
15, 293, 13, 230, 378, 2, 59, 1143, 53;
18, 294, 15, 261, 376, 8, 73, 1148, 61;
15, 288, 11, 270, 353, -6, 61, 1126, 43;
20, 291, 14, 303, 353, 3, 79, 1135, 55;
18, 287, 11, 317, 333, -5, 73, 1119, 44;
19, 285, 10, 337, 320, -7, 76, 1113, 42;
27, 290, 16, 377, 327, 11, 105, 1132, 65;
27, 288, 15, 394, 311, 8, 106, 1123, 61;
28, 287, 15, 414, 298, 9, 112, 1119, 62;
28, 284, 14, 429, 280, 4, 111, 1108, 56;
25, 278, 9, 432, 251, -9, 97, 1085, 38;
30, 281, 14, 462, 249, 3, 118, 1096, 55;
29, 277, 12, 472, 227, -2, 114, 1082, 47;
34, 280, 16, 500, 225, 11, 136, 1094, 65;
33, 276, 14, 506, 201, 3, 129, 1078, 55;
34, 274, 14, 519, 184, 3, 133, 1072, 55;
35, 273, 14, 531, 167, 4, 136, 1066, 56;
36, 272, 15, 544, 152, 8, 143, 1064, 61;
35, 269, 13, 548, 129, 2, 139, 1050, 54;
37, 269, 15, 561, 116, 8, 148, 1050, 61;
36, 265, 13, 561, 90, 1, 141, 1035, 52;
35, 262, 12, 564, 69, 0, 139, 1025, 50;
37, 262, 13, 571, 53, 2, 144, 1022, 53;
34, 257, 11, 565, 25, -6, 134, 1004, 43;
37, 258, 13, 575, 14, 1, 144, 1006, 52;
38, 257, 14, 579, -1, 5, 149, 1004, 57;
37, 255, 14, 576, -22, 3, 146, 994, 55;
33, 249, 10, 560, -54, -9, 129, 971, 39;
37, 252, 14, 572, -58, 5, 147, 983, 57;
34, 247, 12, 559, -85, -2, 136, 965, 47;
37, 248, 14, 560, -96, 5, 144, 968, 57;
31, 241, 9, 537, -131, -11, 122, 941, 37;
36, 245, 15, 547, -131, 7, 143, 957, 60;
32, 240, 11, 526, -160, -3, 127, 936, 46;
30, 237, 10, 510, -183, -8, 118, 924, 40;
34, 240, 15, 515, -183, 8, 136, 938, 60;
34, 239, 15, 502, -200, 8, 133, 932, 61;
29, 234, 12, 477, -227, -2, 116, 913, 48;
32, 235, 15, 472, -232, 7, 125, 920, 60;
28, 232, 13, 448, -255, 0, 112, 905, 51;
30, 233, 15, 439, -262, 8, 117, 909, 61;
27, 230, 14, 415, -281, 3, 106, 897, 54;
23, 226, 11, 388, -302, -4, 92, 883, 45;
23, 226, 12, 371, -313, -1, 90, 882, 49;
23, 226, 13, 354, -321, 2, 90, 882, 54;
21, 224, 13, 329, -335, 0, 81, 874, 50;
19, 223, 12, 306, -346, 0, 75, 870, 50;
17, 222, 12, 283, -356, -1, 69, 865, 49;
18, 223, 14, 266, -359, 5, 71, 870, 57;
18, 224, 16, 247, -362, 11, 72, 874, 65;
13, 220, 13, 212, -379, 1, 53, 859, 52;
14, 222, 15, 194, -378, 9, 57, 866, 62;
10, 219, 13, 162, -391, 2, 42, 855, 53;
7, 217, 11, 129, -402, -4, 28, 846, 45;
5, 217, 12, 104, -405, -2, 23, 846, 47;
7, 219, 15, 87, -398, 7, 28, 857, 59;
4, 218, 14, 57, -404, 3, 17, 851, 55;
3, 218, 14, 32, -404, 5, 13, 853, 57;
0, 218, 13, 2, -407, 2, 3, 850, 54;
-1, 217, 13, -25, -407, 1, -4, 849, 52;
-3, 217, 13, -54, -408, 0, -13, 847, 50;
-6, 216, 12, -84, -409, -3, -24, 844, 46;
-10, 214, 9, -118, -413, -11, -40, 836, 37;
-7, 219, 13, -131, -395, 2, -30, 854, 54;
-10, 218, 12, -161, -395, -1, -41, 851, 49;
-15, 215, 9, -196, -398, -10, -59, 841, 37;
-15, 217, 11, -217, -387, -6, -60, 849, 43;
-12, 222, 15, -229, -367, 6, -50, 868, 59;
-12, 225, 16, -248, -353, 12, -49, 878, 66;
-18, 221, 12, -286, -358, -2, -73, 864, 48;
-20, 222, 12, -310, -348, -2, -79, 867, 47;
-18, 227, 15, -321, -326, 8, -70, 885, 62;
-22, 225, 13, -351, -323, 0, -87, 879, 51;
-25, 224, 11, -377, -316, -5, -99, 877, 44;
-22, 230, 15, -384, -290, 8, -87, 898, 61;
-24, 230, 14, -407, -281, 4, -97, 898, 56;
-30, 227, 9, -440, -281, -10, -119, 886, 38;
-27, 233, 14, -442, -251, 4, -105, 910, 56;
-26, 236, 16, -453, -230, 10, -102, 923, 64;
-26, 238, 16, -467, -213, 11, -104, 930, 65;
-34, 233, 10, -502, -217, -8, -133, 911, 40;
-32, 237, 12, -508, -193, -1, -128, 926, 48;
-32, 240, 13, -517, -173, 1, -127, 936, 52;
-34, 240, 12, -533, -160, -3, -135, 937, 46;
-30, 246, 16, -528, -127, 11, -119, 962, 65;
-35, 244, 12, -550, -122, -2, -139, 952, 48;
-39, 242, 9, -567, -113, -11, -152, 947, 36;
-33, 250, 15, -555, -76, 6, -131, 976, 58;
-32, 254, 16, -554, -52, 11, -126, 990, 65;
-32, 255, 16, -558, -32, 12, -126, 998, 66;
-36, 253, 12, -573, -26, -1, -143, 988, 49;
-39, 253, 10, -582, -14, -8, -153, 987, 40;
-39, 254, 10, -582, 3, -9, -154, 992, 39;
-40, 255, 9, -583, 20, -11, -157, 997, 36;
-35, 262, 14, -565, 54, 3, -137, 1023, 55;
-35, 263, 13, -564, 70, 0, -140, 1026, 51;
-32, 268, 16, -550, 99, 9, -127, 1045, 63;
-33, 268, 14, -548, 112, 4, -131, 1046, 56;
-30, 272, 16, -533, 138, 11, -120, 1062, 65;
-30, 273, 16, -525, 156, 11, -119, 1068, 65;
-34, 271, 12, -528, 160, -1, -133, 1058, 48;
-29, 277, 16, -503, 191, 11, -113, 1081, 65;
-35, 272, 9, -512, 187, -9, -137, 1061, 38;
-32, 275, 11, -494, 208, -5, -128, 1073, 44;
-26, 282, 16, -463, 241, 11, -103, 1099, 65;
-29, 279, 13, -458, 245, 0, -114, 1091, 50;
-27, 282, 14, -439, 264, 2, -106, 1101, 54;
-24, 285, 15, -416, 284, 8, -95, 1113, 61;
-28, 281, 10, -414, 281, -8, -111, 1097, 40;
-27, 282, 9, -396, 292, -10, -108, 1100, 38;
-19, 290, 16, -354, 327, 11, -76, 1131, 65;
-20, 288, 14, -340, 331, 3, -81, 1126, 55;
-21, 288, 12, -324, 336, -1, -82, 1123, 48;
-20, 288, 12, -302, 346, -3, -78, 1126, 47;
-16, 292, 14, -272, 363, 4, -63, 1139, 56;
-15, 291, 13, -251, 369, 1, -61, 1138, 52;
-11, 295, 16, -218, 385, 9, -44, 1152, 62;
-9, 296, 16, -192, 393, 10, -37, 1155, 63;
-13, 291, 10, -184, 382, -7, -53, 1135, 41;
-6, 297, 16, -141, 404, 9, -25, 1159, 62;
-4, 298, 16, -113, 411, 11, -16, 1163, 65;
-6, 295, 13, -98, 404, 0, -23, 1151, 51;
-8, 291, 9, -84, 394, -12, -33, 1136, 35;
-5, 293, 10, -52, 401, -7, -20, 1143, 41;
-4, 292, 9, -27, 399, -9, -16, 1140, 38;
3, 298, 16, 19, 420, 10, 15, 1166, 64;
3, 296, 14, 39, 412, 3, 13, 1156, 55;
1, 292, 10, 54, 398, -8, 4, 1140, 39;
5, 294, 12, 89, 404, 0, 21, 1150, 50;
4, 292, 10, 108, 393, -8, 18, 1139, 40;
11, 297, 15, 150, 405, 8, 45, 1158, 61;
10, 293, 12, 166, 389, -2, 39, 1143, 48;
10, 291, 11, 188, 379, -6, 40, 1136, 43;
17, 296, 16, 230, 389, 11, 68, 1155, 65;
16, 292, 14, 247, 374, 3, 64, 1142, 55;
15, 289, 11, 264, 357, -4, 61, 1129, 45;
22, 293, 16, 302, 363, 10, 86, 1145, 64;
17, 287, 10, 308, 335, -6, 69, 1119, 42;
24, 291, 16, 347, 342, 10, 97, 1136, 64;
25, 289, 15, 365, 327, 7, 98, 1128, 59;
23, 284, 12, 376, 304, -2, 90, 1111, 47;
28, 287, 15, 407, 302, 8, 109, 1120, 61;
23, 280, 10, 409, 271, -9, 92, 1093, 39;
29, 283, 15, 442, 272, 6, 116, 1107, 58;
27, 279, 11, 449, 247, -3, 108, 1089, 46;
27, 276, 10, 460, 227, -8, 106, 1077, 40;
28, 274, 10, 475, 210, -8, 109, 1070, 39;
33, 277, 15, 504, 209, 6, 131, 1083, 58;
31, 272, 11, 507, 181, -4, 122, 1064, 45;
32, 271, 12, 520, 165, -2, 126, 1059, 47;
35, 272, 14, 537, 154, 3, 137, 1060, 55;
34, 269, 13, 543, 133, 1, 136, 1050, 52;
33, 265, 11, 545, 108, -5, 130, 1035, 44;
37, 267, 15, 564, 102, 6, 147, 1044, 59;
35, 262, 12, 560, 73, -2, 136, 1025, 47;
36, 261, 13, 568, 57, 0, 141, 1021, 51;
38, 262, 15, 578, 46, 7, 151, 1023, 60;
34, 255, 10, 565, 12, -7, 133, 998, 42;
38, 258, 15, 580, 7, 7, 151, 1008, 59;
39, 257, 15, 581, -11, 7, 152, 1002, 60;
33, 249, 9, 561, -48, -10, 129, 973, 38;
32, 247, 9, 556, -69, -11, 127, 964, 36;
37, 251, 15, 569, -70, 6, 147, 979, 58;
34, 245, 11, 553, -100, -4, 133, 958, 45;
35, 246, 13, 553, -112, 2, 139, 960, 53;
36, 245, 14, 548, -127, 5, 141, 957, 57;
32, 240, 11, 528, -155, -4, 126, 937, 45;
30, 237, 10, 514, -176, -8, 119, 926, 40;
29, 235, 10, 502, -194, -8, 116, 919, 40;
35, 240, 16, 510, -191, 11, 138, 938, 65;
30, 235, 12, 483, -220, -1, 119, 916, 49;
33, 237, 16, 479, -225, 10, 129, 925, 63;
30, 233, 14, 457, -246, 4, 118, 911, 56;
24, 227, 9, 426, -276, -10, 96, 888, 38;
27, 230, 13, 420, -278, 2, 107, 898, 54;
22, 225, 10, 391, -302, -7, 89, 880, 41;
25, 228, 14, 384, -301, 5, 101, 892, 57;
20, 223, 10, 351, -327, -7, 79, 871, 41;
25, 228, 16, 348, -319, 11, 98, 890, 65;
20, 223, 13, 315, -342, 0, 78, 872, 51;
18, 222, 13, 292, -352, 0, 73, 868, 51;
14, 218, 10, 259, -371, -9, 55, 853, 39;
13, 218, 10, 237, -378, -7, 51, 852, 42;
10, 216, 9, 208, -389, -10, 40, 845, 37;
12, 219, 12, 193, -386, -1, 46, 854, 49;
7, 215, 9, 158, -402, -10, 29, 840, 38;
6, 215, 10, 133, -405, -8, 24, 841, 40;
6, 217, 12, 114, -403, -2, 26, 847, 48;
6, 218, 13, 91, -402, 2, 24, 851, 53;
7, 221, 16, 74, -395, 11, 30, 862, 65;
-1, 213, 9, 23, -421, -12, -6, 832, 35;
-2, 214, 9, 0, -419, -9, -9, 835, 38;
0, 218, 14, -14, -406, 3, 0, 851, 55;
0, 220, 16, -35, -398, 9, 0, 859, 63;
-3, 218, 13, -69, -404, 2, -15, 851, 53;
-7, 216, 11, -102, -407, -4, -29, 844, 45;
-9, 216, 11, -128, -403, -3, -35, 846, 46;
-5, 222, 16, -139, -383, 11, -22, 867, 65;
-11, 218, 12, -179, -391, -2, -46, 852, 48;
-11, 221, 14, -198, -379, 4, -45, 862, 56;
-11, 223, 16, -216, -365, 10, -43, 873, 64;
-19, 217, 9, -263, -379, -11, -76, 848, 37;
-20, 219, 10, -285, -368, -9, -80, 854, 39;
-20, 221, 11, -303, -353, -3, -79, 865, 46;
-19, 224, 13, -320, -336, 2, -77, 876, 53;
-18, 228, 16, -334, -317, 9, -73, 889, 63;
-21, 228, 15, -359, -309, 6, -83, 889, 58;
-21, 230, 16, -376, -293, 9, -83, 899, 63;
-27, 227, 11, -409, -293, -3, -105, 887, 46;
-23, 233, 16, -413, -265, 10, -92, 910, 64;
-28, 231, 13, -442, -261, 0, -110, 902, 50;
-32, 229, 9, -469, -256, -10, -127, 895, 38;
-33, 231, 10, -484, -239, -9, -129, 902, 39;
-28, 238, 15, -480, -205, 8, -111, 930, 61;
-32, 237, 12, -504, -199, -1, -127, 924, 48;
-33, 238, 12, -515, -180, 0, -128, 931, 50;
-31, 242, 15, -519, -156, 6, -122, 947, 59;
-34, 241, 12, -538, -146, -1, -135, 943, 48;
-32, 246, 14, -539, -120, 5, -128, 960, 58;
-39, 242, 9, -565, -119, -11, -152, 945, 36;
-32, 251, 16, -548, -77, 11, -124, 980, 65;
-39, 246, 9, -575, -80, -10, -153, 960, 38;
-40, 247, 9, -581, -63, -11, -156, 966, 36;
-37, 252, 12, -574, -34, -2, -144, 985, 48;
-38, 253, 11, -579, -18, -5, -149, 987, 43;
-33, 260, 16, -563, 17, 10, -129, 1015, 64;
-34, 261, 15, -565, 33, 7, -133, 1018, 60;
-33, 263, 15, -561, 53, 8, -131, 1027, 61;
-34, 264, 14, -561, 69, 5, -134, 1030, 57;
-33, 267, 15, -553, 91, 8, -128, 1041, 61;
-32, 269, 16, -546, 111, 9, -126, 1050, 63;
-31, 271, 16, -536, 132, 12, -121, 1060, 66;
-34, 269, 12, -541, 137, -1, -136, 1049, 48;
-31, 273, 14, -524, 162, 5, -124, 1065, 58;
-34, 272, 12, -522, 171, -3, -132, 1061, 47;
-32, 274, 12, -508, 190, -1, -127, 1069, 49;
-29, 278, 15, -487, 215, 6, -114, 1086, 59;
-27, 280, 15, -471, 233, 8, -109, 1094, 61;
-27, 281, 14, -458, 246, 5, -108, 1096, 57;
-29, 280, 12, -449, 254, -1, -113, 1093, 48;
-27, 282, 12, -431, 270, 0, -108, 1100, 49;
-23, 286, 15, -404, 293, 7, -92, 1116, 60;
-21, 288, 16, -382, 309, 10, -84, 1124, 64;
-24, 285, 11, -376, 308, -3, -97, 1111, 46;
-21, 287, 13, -349, 325, 1, -85, 1123, 53;
-24, 285, 10, -339, 325, -9, -93, 1113, 39;
-22, 286, 10, -316, 336, -9, -87, 1117, 39;
-18, 290, 12, -285, 354, -1, -72, 1131, 49;
-14, 293, 14, -255, 370, 5, -58, 1142, 57;
-14, 292, 13, -234, 374, 1, -57, 1140, 52;
-16, 289, 9, -221, 370, -10, -65, 1128, 37;
-12, 292, 12, -188, 385, -2, -49, 1141, 47;
-7, 297, 16, -150, 402, 9, -28, 1158, 62;
-6, 296, 15, -126, 406, 7, -23, 1158, 60;
-7, 294, 12, -110, 399, -2, -30, 1146, 47;
-6, 294, 12, -84, 402, -3, -24, 1147, 46;
-5, 293, 11, -60, 401, -6, -21, 1144, 43;
-1, 296, 13, -25, 410, 1, -4, 1154, 52;
1, 297, 15, 6, 416, 6, 7, 1160, 58;
0, 293, 11, 22, 404, -4, 0, 1146, 44;
4, 296, 14, 57, 411, 3, 17, 1156, 55;
6, 296, 14, 85, 410, 4, 25, 1156, 56;
6, 294, 12, 105, 400, -2, 23, 1147, 47;
9, 295, 14, 137, 401, 3, 37, 1152, 55;
12, 296, 15, 168, 401, 8, 50, 1157, 61;
12, 293, 13, 187, 388, 1, 47, 1146, 52;
16, 295, 15, 219, 389, 8, 62, 1152, 61;
15, 292, 13, 236, 373, 0, 59, 1139, 51;
14, 288, 10, 252, 357, -7, 55, 1126, 41;
16, 288, 11, 279, 351, -4, 64, 1126, 44;
20, 290, 13, 309, 347, 1, 78, 1131, 53;
20, 287, 12, 327, 332, -2, 78, 1121, 47;
25, 290, 15, 360, 332, 9, 98, 1132, 62;
22, 284, 11, 368, 307, -4, 87, 1110, 45;
26, 286, 14, 398, 304, 5, 104, 1118, 58;
22, 280, 9, 400, 273, -11, 88, 1092, 36;
29, 284, 15, 437, 278, 7, 115, 1109, 59;
24, 277, 9, 436, 244, -11, 97, 1081, 36;
30, 280, 13, 466, 242, 1, 117, 1092, 53;
29, 276, 11, 475, 220, -4, 113, 1078, 45;
29, 274, 10, 487, 201, -6, 114, 1069, 42;
35, 277, 16, 516, 201, 9, 138, 1083, 63;
30, 270, 10, 512, 167, -6, 120, 1056, 42;
36, 273, 15, 537, 164, 7, 141, 1067, 60;
33, 268, 11, 535, 134, -4, 129, 1046, 45;
34, 267, 12, 548, 120, 0, 136, 1044, 50;
38, 269, 16, 565, 111, 10, 150, 1050, 63;
36, 264, 13, 562, 83, 0, 140, 1031, 51;
35, 261, 12, 564, 61, -2, 138, 1021, 48;
33, 257, 10, 560, 35, -9, 129, 1004, 39;
33, 256, 10, 564, 17, -8, 132, 999, 40;
33, 253, 9, 563, -3, -9, 130, 990, 38;
36, 255, 13, 574, -12, 0, 143, 996, 52;
39, 256, 15, 580, -23, 8, 153, 998, 61;
37, 252, 14, 573, -47, 3, 146, 985, 55;
38, 252, 15, 573, -62, 8, 150, 983, 61;
38, 250, 15, 568, -80, 8, 150, 977, 62;
33, 244, 11, 547, -114, -6, 130, 952, 43;
33, 243, 11, 542, -130, -3, 131, 948, 46;
33, 242, 12, 535, -146, -1, 131, 943, 48;
32, 240, 12, 524, -165, -2, 128, 936, 48;
35, 242, 16, 524, -170, 9, 139, 944, 62;
31, 237, 12, 501, -199, -1, 123, 924, 48;
31, 236, 13, 489, -213, 0, 122, 920, 51;
27, 231, 10, 466, -238, -8, 107, 903, 40;
31, 234, 15, 465, -239, 6, 122, 916, 58;
24, 227, 9, 430, -272, -11, 96, 888, 37;
24, 227, 10, 416, -283, -7, 96, 887, 41;
24, 227, 11, 400, -294, -4, 94, 885, 44;
23, 226, 12, 383, -306, -2, 92, 883, 47;
26, 229, 16, 377, -304, 11, 105, 896, 65;
25, 228, 16, 354, -317, 9, 97, 889, 63;
24, 227, 16, 333, -328, 10, 93, 887, 64;
15, 219, 9, 289, -360, -10, 61, 856, 37;
20, 224, 15, 284, -351, 7, 78, 875, 60;
17, 222, 14, 256, -364, 3, 67, 867, 55;
16, 222, 15, 234, -369, 6, 64, 867, 59;
12, 218, 12, 200, -385, -2, 47, 853, 47;
8, 216, 10, 169, -397, -8, 34, 844, 40;
7, 216, 10, 143, -402, -7, 28, 843, 41;
11, 221, 16, 135, -389, 10, 43, 863, 63;
8, 220, 15, 106, -395, 8, 34, 859, 61;
1, 214, 10, 62, -415, -9, 6, 837, 39;
2, 216, 12, 43, -409, -1, 9, 846, 49;
2, 218, 14, 21, -405, 3, 9, 851, 55;
-2, 214, 10, -16, -417, -7, -11, 837, 41;
0, 218, 14, -31, -404, 4, -3, 852, 56;
-2, 219, 14, -57, -401, 5, -8, 855, 58;
-6, 216, 12, -92, -407, -2, -25, 845, 47;
-3, 221, 16, -104, -389, 12, -13, 865, 66;
-12, 215, 9, -152, -406, -10, -47, 839, 38;
-13, 216, 10, -176, -399, -7, -51, 844, 41;
-12, 219, 12, -195, -386, 0, -49, 855, 50;
-10, 223, 16, -209, -369, 9, -42, 870, 62;
-13, 222, 15, -238, -364, 6, -52, 869, 58;
-16, 222, 13, -266, -360, 1, -64, 866, 52;
-18, 222, 13, -291, -351, 0, -71, 869, 51;
-20, 223, 12, -316, -343, -1, -79, 870, 49;
-21, 224, 12, -338, -332, -1, -85, 874, 49;
-22, 226, 13, -357, -319, 0, -88, 881, 51;
-25, 225, 11, -382, -310, -3, -98, 881, 46;
-28, 225, 10, -408, -303, -8, -110, 879, 40;
-28, 227, 10, -425, -287, -7, -112, 886, 42;
-24, 234, 16, -425, -254, 11, -94, 914, 64;
-28, 233, 13, -451, -249, 2, -110, 908, 53;
-30, 233, 12, -471, -237, -2, -119, 909, 48;
-31, 234, 12, -486, -221, -1, -122, 916, 49;
-30, 238, 14, -493, -198, 4, -117, 930, 57;
-34, 236, 11, -517, -192, -6, -135, 922, 43;
-30, 243, 16, -512, -158, 10, -117, 950, 64;
-37, 238, 10, -542, -160, -9, -144, 931, 39;
-37, 241, 10, -550, -140, -7, -144, 941, 41;
-38, 242, 9, -560, -124, -9, -149, 945, 38;
-34, 247, 13, -555, -93, 2, -136, 967, 53;
-32, 252, 16, -552, -65, 11, -125, 985, 65;
-33, 253, 15, -559, -48, 8, -130, 989, 61;
-33, 256, 16, -560, -27, 10, -128, 998, 64;
-34, 256, 14, -567, -13, 5, -135, 1000, 58;
-38, 254, 10, -581, -7, -7, -151, 990, 41;
-35, 259, 14, -569, 22, 3, -138, 1011, 55;
-38, 258, 10, -577, 32, -6, -150, 1006, 42;
-33, 264, 15, -560, 65, 7, -132, 1030, 60;
-36, 262, 12, -566, 74, -2, -143, 1025, 47;
-38, 262, 9, -567, 85, -10, -151, 1023, 38;
-33, 268, 14, -546, 118, 4, -131, 1047, 56;
-31, 272, 15, -533, 141, 9, -123, 1060, 62;
-31, 273, 15, -526, 157, 6, -124, 1064, 59;
-35, 270, 10, -529, 161, -6, -138, 1054, 42;
-29, 276, 15, -502, 194, 8, -116, 1080, 61;
-35, 272, 9, -509, 192, -10, -137, 1062, 37;
-34, 273, 9, -495, 208, -11, -134, 1067, 36;
-28, 280, 14, -465, 239, 3, -112, 1092, 55;
-26, 282, 15, -446, 258, 7, -103, 1102, 60;
-26, 283, 14, -432, 270, 4, -103, 1104, 56;
-29, 280, 10, -427, 271, -9, -115, 1093, 39;
-25, 284, 13, -398, 295, 0, -98, 1111, 52;
-24, 285, 13, -378, 307, 0, -93, 1115, 51;
-26, 283, 9, -369, 309, -10, -102, 1105, 37;
-22, 286, 11, -341, 327, -4, -89, 1118, 45;
-23, 285, 9, -326, 331, -11, -92, 1113, 37;
-15, 293, 16, -281, 362, 10, -59, 1144, 63;
-14, 293, 15, -261, 369, 6, -58, 1143, 59;
-15, 291, 12, -245, 369, -1, -62, 1136, 49;
-13, 293, 13, -217, 380, 1, -52, 1143, 53;
-12, 293, 13, -193, 386, 0, -47, 1144, 51;
-14, 290, 9, -179, 380, -11, -55, 1132, 37;
-9, 294, 12, -143, 396, 0, -36, 1147, 50;
-7, 295, 13, -115, 402, 0, -27, 1150, 51;
-7, 293, 11, -94, 399, -5, -28, 1144, 44;
-3, 295, 13, -61, 408, 1, -14, 1153, 52;
0, 298, 16, -25, 419, 10, 3, 1165, 63;
-1, 294, 11, -13, 405, -4, -7, 1147, 45;
-2, 292, 9, 7, 399, -10, -8, 1139, 37;
0, 292, 9, 34, 398, -10, -1, 1139, 37;
7, 297, 15, 80, 414, 8, 28, 1162, 61;
3, 292, 10, 90, 395, -8, 14, 1140, 40;
8, 295, 13, 126, 401, 1, 33, 1151, 52;
11, 296, 15, 158, 401, 6, 45, 1155, 59;
14, 296, 15, 186, 398, 9, 55, 1156, 62;
14, 294, 14, 206, 387, 3, 55, 1147, 55;
11, 289, 9, 217, 365, -10, 43, 1127, 37;
19, 295, 16, 263, 378, 10, 76, 1150, 64;
15, 289, 11, 270, 353, -5, 62, 1127, 44;
16, 287, 10, 291, 341, -7, 64, 1120, 41;
23, 291, 15, 330, 347, 8, 90, 1136, 61;
24, 289, 15, 351, 334, 6, 94, 1130, 59;
25, 288, 14, 371, 321, 5, 97, 1124, 57;
21, 282, 10, 377, 294, -8, 85, 1102, 40;
24, 283, 12, 402, 286, -2, 97, 1104, 47;
23, 279, 9, 414, 265, -9, 93, 1090, 38;
25, 278, 10, 433, 252, -8, 99, 1086, 40;
31, 282, 15, 465, 252, 6, 122, 1100, 59;
32, 280, 15, 480, 236, 6, 125, 1093, 58;
34, 280, 16, 501, 226, 11, 136, 1094, 65;
30, 273, 11, 496, 191, -6, 117, 1065, 43;
34, 275, 15, 521, 186, 6, 135, 1074, 58;
32, 270, 11, 521, 157, -4, 124, 1054, 44;
34, 270, 13, 538, 146, 1, 135, 1056, 53;
36, 270, 14, 551, 131, 5, 142, 1053, 57;
38, 269, 15, 561, 116, 8, 148, 1050, 61;
39, 268, 16, 570, 99, 10, 152, 1046, 64;
39, 266, 16, 574, 80, 9, 152, 1038, 63;
40, 265, 16, 581, 63, 12, 156, 1034, 66;
38, 261, 15, 579, 39, 7, 151, 1020, 59;
38, 259, 14, 579, 18, 5, 149, 1012, 58;
36, 256, 13, 574, -5, 0, 143, 998, 51;
34, 252, 11, 567, -30, -5, 136, 984, 44;
32, 248, 9, 558, -56, -11, 127, 968, 36;
36, 251, 13, 569, -61, 2, 144, 979, 54;
34, 247, 12, 558, -86, -3, 135, 965, 47;
38, 249, 15, 564, -93, 8, 148, 972, 61;
35, 245, 13, 549, -118, 1, 138, 956, 52;
36, 245, 15, 547, -131, 7, 143, 957, 60;
36, 244, 15, 538, -148, 8, 142, 952, 61;
32, 239, 12, 518, -175, 0, 128, 933, 50;
35, 241, 16, 518, -180, 11, 140, 942, 65;
29, 234, 11, 487, -214, -6, 115, 914, 43;
30, 234, 12, 477, -226, -1, 117, 913, 48;
28, 232, 12, 461, -243, -2, 112, 907, 48;
29, 232, 13, 450, -253, 2, 114, 907, 53;
26, 229, 11, 426, -275, -4, 101, 893, 45;
22, 225, 9, 399, -297, -12, 87, 878, 35;
27, 230, 15, 400, -290, 7, 107, 898, 60;
22, 225, 12, 370, -314, -2, 89, 880, 47;
26, 229, 16, 362, -312, 11, 101, 893, 64;
22, 226, 14, 335, -330, 5, 88, 881, 57;
19, 222, 12, 306, -347, -1, 74, 869, 49;
19, 224, 14, 289, -350, 5, 77, 874, 57;
14, 219, 11, 255, -370, -5, 58, 857, 44;
17, 223, 15, 244, -365, 8, 69, 871, 61;
10, 216, 9, 201, -391, -10, 40, 845, 38;
11, 219, 12, 185, -387, 0, 45, 855, 50;
9, 217, 11, 156, -397, -3, 35, 848, 46;
12, 222, 16, 145, -386, 11, 47, 865, 65;
5, 216, 12, 104, -405, -3, 22, 845, 46;
8, 221, 16, 91, -394, 11, 33, 862, 64;
7, 220, 16, 65, -396, 11, 27, 861, 65;
5, 221, 16, 38, -397, 11, 21, 862, 65;
2, 220, 16, 9, -400, 9, 11, 858, 62;
-3, 215, 11, -32, -414, -5, -13, 840, 44;
-4, 216, 12, -56, -411, -2, -17, 844, 47;
-1, 221, 16, -69, -394, 11, -5, 863, 65;
-3, 220, 16, -97, -392, 9, -14, 861, 62;
-9, 217, 12, -136, -401, -3, -37, 847, 47;
-9, 219, 13, -159, -392, 0, -38, 854, 51;
-9, 221, 15, -178, -379, 7, -36, 865, 60;
-15, 218, 11, -216, -386, -5, -59, 851, 44;
-17, 218, 10, -244, -381, -8, -69, 850, 40;
-18, 219, 11, -266, -371, -6, -72, 855, 43;
-14, 226, 16, -272, -344, 11, -56, 881, 65;
-19, 223, 13, -307, -345, 0, -76, 871, 51;
-23, 221, 10, -338, -343, -8, -92, 864, 40;
-23, 224, 12, -354, -326, -2, -90, 876, 48;
-21, 229, 15, -364, -303, 8, -82, 894, 61;
-22, 230, 15, -384, -290, 7, -87, 898, 60;
-29, 225, 9, -422, -296, -10, -116, 880, 37;
-28, 229, 11, -434, -274, -3, -111, 894, 46;
-29, 230, 11, -451, -260, -4, -116, 899, 45;
-30, 232, 11, -468, -244, -3, -120, 905, 46;
-33, 231, 9, -489, -235, -10, -132, 903, 38;
-28, 239, 16, -483, -198, 10, -110, 934, 63;
-35, 235, 10, -515, -200, -8, -136, 917, 40;
-31, 241, 14, -514, -170, 4, -123, 940, 56;
-31, 243, 14, -524, -150, 5, -124, 948, 58;
-34, 243, 13, -539, -138, 0, -134, 948, 51;
-36, 243, 11, -551, -123, -3, -140, 950, 46;
-36, 245, 11, -559, -105, -3, -142, 957, 46;
-35, 248, 12, -562, -83, 0, -140, 968, 50;
-34, 252, 14, -561, -58, 5, -134, 982, 57;
-32, 255, 16, -559, -34, 10, -128, 996, 64;
-33, 257, 16, -562, -15, 9, -130, 1002, 63;
-37, 254, 11, -577, -10, -4, -147, 992, 45;
-38, 255, 11, -579, 6, -6, -150, 996, 42;
-34, 261, 14, -567, 37, 4, -136, 1018, 57;
-38, 258, 10, -577, 43, -7, -151, 1009, 41;
-38, 260, 10, -574, 61, -9, -152, 1014, 39;
-35, 264, 12, -560, 88, 0, -139, 1032, 50;
-31, 270, 16, -541, 120, 12, -122, 1055, 66;
-33, 269, 14, -542, 130, 3, -131, 1051, 55;
-34, 269, 12, -538, 143, -1, -135, 1052, 49;
-34, 270, 11, -530, 159, -3, -135, 1056, 46;
-31, 274, 14, -511, 183, 3, -123, 1071, 55;
-28, 278, 16, -492, 207, 10, -112, 1086, 63;
-29, 278, 14, -483, 219, 5, -114, 1087, 58;
-32, 276, 11, -480, 224, -6, -125, 1078, 43;
-30, 278, 11, -462, 242, -3, -118, 1087, 46;
-25, 284, 16, -432, 270, 9, -98, 1108, 62;
-26, 283, 13, -422, 277, 1, -103, 1104, 52;
-24, 286, 14, -399, 295, 5, -93, 1115, 58;
-21, 288, 16, -375, 313, 10, -82, 1126, 64;
-20, 289, 16, -356, 325, 9, -79, 1129, 62;
-21, 288, 13, -341, 330, 2, -82, 1125, 54;
-19, 290, 14, -317, 343, 4, -74, 1132, 56;
-16, 292, 15, -291, 357, 8, -64, 1140, 61;
-13, 294, 16, -264, 371, 12, -53, 1149, 66;
-12, 295, 16, -240, 380, 12, -47, 1152, 66;
-11, 295, 15, -218, 385, 9, -45, 1151, 62;
-11, 294, 14, -199, 386, 3, -46, 1147, 55;
-14, 290, 10, -186, 380, -9, -55, 1133, 39;
-7, 296, 14, -145, 401, 5, -30, 1154, 58;
-10, 292, 10, -132, 392, -7, -40, 1140, 41;
-4, 296, 14, -94, 408, 4, -18, 1156, 56;
-1, 298, 16, -61, 417, 10, -4, 1164, 64;
0, 299, 16, -33, 420, 11, 3, 1167, 65;
-1, 294, 12, -20, 407, -2, -7, 1150, 48;
-3, 291, 9, -2, 398, -11, -11, 1138, 36;
5, 298, 15, 45, 418, 9, 20, 1163, 62;
0, 291, 9, 51, 396, -11, 1, 1138, 37;
8, 298, 16, 99, 414, 9, 34, 1162, 62;
7, 294, 12, 115, 400, 0, 27, 1148, 49;
13, 298, 16, 154, 409, 12, 50, 1163, 66;
11, 294, 13, 170, 393, 1, 43, 1147, 52;
12, 293, 13, 194, 385, 0, 48, 1144, 51;
12, 290, 11, 214, 373, -5, 47, 1134, 44;
12, 288, 9, 233, 360, -10, 47, 1124, 37;
14, 288, 10, 259, 353, -8, 55, 1124, 39;
18, 290, 12, 291, 352, 0, 72, 1131, 50;
18, 287, 11, 310, 338, -4, 73, 1122, 45;
24, 291, 16, 347, 341, 9, 96, 1135, 63;
22, 286, 12, 357, 318, -1, 87, 1117, 49;
23, 285, 12, 376, 304, -2, 91, 1111, 47;
22, 281, 10, 389, 284, -9, 87, 1098, 39;
23, 279, 9, 407, 269, -10, 90, 1091, 37;
28, 282, 13, 438, 268, 2, 111, 1102, 53;
25, 277, 9, 442, 240, -10, 99, 1080, 37;
27, 276, 10, 462, 228, -6, 108, 1079, 42;
29, 276, 11, 480, 215, -4, 115, 1076, 45;
34, 278, 15, 505, 210, 7, 133, 1085, 60;
29, 271, 9, 501, 176, -9, 114, 1057, 38;
34, 273, 13, 525, 170, 2, 132, 1065, 53;
33, 270, 12, 531, 149, -1, 130, 1054, 48;
34, 269, 13, 543, 133, 0, 135, 1049, 51;
34, 266, 12, 549, 113, -1, 135, 1041, 49;
34, 264, 11, 553, 91, -4, 133, 1030, 45;
38, 266, 15, 571, 84, 7, 149, 1038, 60;
33, 258, 9, 558, 48, -9, 129, 1009, 38;
37, 260, 13, 573, 40, 2, 144, 1016, 53;
35, 257, 11, 569, 15, -3, 137, 1002, 46;
34, 254, 11, 568, -5, -5, 135, 993, 43;
36, 254, 12, 572, -20, 0, 141, 991, 50;
33, 249, 10, 561, -48, -9, 130, 973, 39;
36, 250, 13, 568, -57, 0, 141, 978, 51;
33, 246, 10, 556, -84, -7, 130, 962, 41;
38, 250, 16, 568, -85, 10, 151, 976, 63;
36, 247, 14, 556, -108, 5, 144, 964, 58;
35, 244, 13, 544, -130, 2, 137, 953, 53;
37, 245, 16, 545, -138, 12, 147, 958, 65;
29, 236, 9, 512, -179, -10, 116, 923, 37;
29, 235, 10, 502, -195, -8, 116, 919, 39;
32, 237, 13, 499, -201, 1, 125, 925, 52;
27, 232, 9, 474, -229, -9, 108, 906, 38;
28, 232, 11, 465, -239, -4, 111, 906, 45;
27, 230, 11, 448, -255, -4, 106, 900, 45;
28, 231, 13, 436, -265, 0, 109, 901, 51;
24, 227, 11, 412, -285, -5, 97, 888, 44;
24, 226, 11, 395, -298, -4, 94, 885, 45;
21, 224, 10, 371, -315, -8, 84, 875, 40;
21, 224, 11, 354, -324, -4, 83, 874, 45;
19, 222, 10, 330, -338, -6, 75, 868, 42;
19, 222, 12, 312, -345, -2, 74, 868, 47;
19, 223, 13, 293, -351, 1, 74, 869, 52;
13, 218, 9, 257, -373, -11, 52, 850, 36;
14, 219, 11, 239, -375, -4, 54, 855, 44;
10, 216, 9, 207, -390, -11, 40, 844, 36;
15, 222, 16, 204, -375, 10, 61, 869, 64;
13, 222, 16, 178, -381, 9, 54, 866, 63;
11, 221, 15, 150, -388, 8, 45, 862, 61;
9, 220, 15, 123, -394, 6, 37, 858, 59;
3, 215, 10, 82, -411, -7, 13, 840, 42;
3, 216, 12, 60, -409, -2, 12, 844, 47;
0, 214, 10, 26, -418, -9, -2, 835, 39;
0, 217, 13, 10, -408, 1, 3, 848, 52;
-2, 215, 11, -23, -414, -5, -10, 840, 44;
0, 220, 15, -35, -399, 9, 0, 858, 62;
-3, 218, 13, -70, -404, 1, -15, 850, 53;
-7, 216, 11, -102, -407, -3, -29, 844, 46;
-6, 219, 14, -121, -395, 4, -26, 855, 55;
-10, 217, 11, -155, -399, -3, -42, 847, 46;
-12, 217, 11, -180, -393, -3, -48, 850, 46;
-11, 221, 14, -198, -379, 3, -45, 861, 55;
-14, 220, 13, -226, -374, 1, -55, 861, 52;
-12, 224, 16, -242, -358, 9, -50, 874, 63;
-21, 218, 9, -288, -371, -12, -83, 850, 35;
-19, 222, 12, -302, -351, -2, -77, 866, 48;
-22, 221, 10, -329, -345, -6, -88, 865, 42;
-21, 225, 13, -342, -325, 2, -83, 880, 53;
-20, 228, 15, -358, -308, 7, -81, 891, 60;
-25, 226, 11, -389, -306, -3, -100, 882, 46;
-23, 231, 15, -397, -282, 7, -91, 901, 60;
-24, 232, 15, -417, -268, 6, -96, 905, 59;
-31, 227, 9, -452, -272, -10, -123, 888, 37;
-25, 236, 16, -447, -234, 11, -100, 921, 64;
-30, 234, 12, -475, -230, 0, -118, 913, 50;
-30, 236, 13, -487, -212, 1, -119, 921, 52;
-29, 239, 15, -495, -190, 7, -116, 935, 59;
-36, 235, 9, -527, -192, -11, -142, 917, 36;
-30, 243, 16, -516, -152, 9, -118, 951, 63;
-31, 245, 15, -528, -137, 7, -123, 955, 60;
-37, 241, 9, -555, -136, -9, -147, 940, 38;
-36, 244, 11, -557, -112, -4, -143, 954, 45;
-36, 246, 11, -563, -93, -3, -144, 961, 46;
-34, 250, 14, -561, -66, 4, -135, 978, 56;
-37, 250, 12, -572, -54, -2, -145, 977, 47;
-34, 255, 14, -566, -26, 5, -135, 994, 57;
-34, 257, 15, -566, -5, 7, -133, 1004, 60;
-38, 255, 11, -579, 0, -5, -149, 995, 44;
-37, 257, 12, -575, 22, -2, -146, 1005, 47;
-32, 264, 16, -558, 56, 11, -127, 1031, 65;
-36, 262, 12, -567, 63, 0, -141, 1023, 50;
-32, 267, 16, -551, 93, 10, -126, 1044, 64;
-37, 263, 10, -562, 94, -7, -147, 1029, 42;
-32, 270, 15, -540, 128, 7, -126, 1054, 60;
-34, 269, 12, -541, 137, -1, -135, 1050, 49;
-32, 273, 14, -525, 161, 5, -125, 1064, 57;
-31, 274, 14, -513, 180, 5, -122, 1072, 57;
-29, 277, 15, -499, 199, 7, -116, 1081, 60;
-28, 279, 16, -484, 218, 9, -111, 1089, 62;
-30, 278, 13, -477, 226, 1, -117, 1085, 52;
-32, 276, 10, -473, 231, -9, -127, 1078, 39;
-29, 280, 12, -450, 253, -2, -114, 1092, 47;
-28, 280, 11, -434, 266, -4, -112, 1095, 45;
-24, 285, 15, -405, 291, 6, -94, 1114, 59;
-23, 286, 14, -389, 302, 3, -93, 1115, 55;
-27, 282, 9, -384, 300, -11, -107, 1101, 36;
-24, 285, 10, -358, 317, -6, -95, 1112, 42;
-19, 290, 14, -324, 341, 5, -74, 1132, 58;
-22, 286, 10, -316, 336, -9, -88, 1117, 39;
-16, 292, 14, -278, 361, 5, -64, 1139, 57;
-14, 293, 15, -253, 372, 7, -55, 1145, 59;
-18, 288, 9, -246, 362, -10, -72, 1125, 37;
-12, 294, 14, -206, 385, 4, -47, 1147, 56;
-9, 295, 15, -179, 394, 6, -38, 1152, 59;
-12, 291, 10, -167, 385, -7, -49, 1137, 41;
-9, 293, 12, -136, 396, -2, -36, 1145, 48;
-8, 292, 10, -114, 396, -6, -34, 1142, 42;
-8, 292, 10, -90, 396, -9, -31, 1139, 39;
-3, 294, 12, -55, 406, -1, -15, 1150, 49;
1, 298, 16, -17, 419, 9, 5, 1164, 62;
9, 0, 2, 3011, 3779, 2817, 35, 0, 10;
8, 17, 7, 3121, 4264, 1185, 32, 68, 30;
18, 20, 12, 2812, 2437, 1378, 70, 78, 48;
7, 11, 12, 4148, 4941, 2331, 31, 46, 48;
8, 13, 11, 2958, 4865, 2172, 31, 52, 45;
8, 10, 10, 3568, 3548, 2697, 34, 42, 42;
13, 26, 8, 2585, 4787, 1936, 53, 101, 32;
10, 17, 8, 2806, 5018, 1592, 42, 69, 32;
0, 12, 6, 1503, 2674, 2360, 3, 48, 24;
2, 29, 1, 3450, 3285, 1242, 8, 114, 5;
9, 16, 2, 2671, 2620, 1323, 36, 63, 9;
20, 15, 7, 3082, 2663, 2709, 81, 59, 29;
3, 6, 10, 1558, 4407, 2198, 14, 25, 41;
5, 17, 8, 2668, 2805, 1322, 19, 66, 35;
2, 10, 5, 2565, 4398, 1126, 10, 40, 20;
6, 22, 8, 1893, 5074, 1473, 24, 87, 31;
9, 13, 11, 1924, 4752, 1075, 35, 52, 45;
8, 25, 12, 1980, 1937, 1645, 31, 98, 48;
1, 6, 0, 3423, 4514, 2224, 5, 25, 0;
0, 15, 3, 2641, 4622, 2226, 1, 59, 12;
17, 2, 7, 1865, 4138, 2508, 68, 10, 31;
8, 27, 9, 2504, 3078, 2017, 31, 107, 38;
12, 22, 3, 2938, 2777, 2518, 47, 86, 14;
8, 23, 5, 2171, 2435, 2414, 31, 93, 20;
12, 19, 11, 3560, 4895, 1291, 47, 77, 44;
7, 25, 2, 2725, 4545, 2805, 27, 99, 10;
16, 15, 6, 2791, 3876, 1568, 64, 61, 24;
13, 22, 1, 2414, 4293, 1678, 52, 88, 6;
20, 28, 1, 3688, 3615, 2003, 79, 110, 7;
20, 3, 1, 2638, 3244, 1548, 80, 14, 7;
13, 20, 9, 3105, 4508, 2214, 52, 79, 38;
16, 3, 5, 3831, 1988, 2655, 65, 14, 21;
14, 14, 7, 3750, 1839, 2932, 54, 57, 29;
16, 13, 4, 4385, 2170, 1094, 64, 53, 16;
8, 19, 9, 3994, 4818, 2627, 32, 74, 37;
2, 28, 3, 3473, 4611, 1077, 10, 109, 13;
0, 27, 11, 4364, 5032, 1117, 0, 105, 45;
1, 25, 2, 2932, 2727, 2853, 5, 100, 9;
8, 11, 12, 2719, 2226, 1663, 32, 46, 49;
1, 16, 6, 2767, 3547, 2499, 5, 62, 24;
15, 4, 2, 2304, 4665, 2230, 61, 17, 9;
6, 10, 9, 3422, 2418, 2118, 25, 39, 37;
2, 6, 6, 2146, 3598, 1459, 8, 26, 24;
19, 22, 12, 3139, 3048, 1066, 77, 88, 47;
4, 21, 2, 2309, 3399, 2421, 18, 83, 9;
0, 7, 9, 3828, 3716, 2758, 1, 28, 38;
12, 21, 9, 1813, 2865, 2491, 48, 82, 36;
2, 23, 3, 3495, 2982, 2937, 7, 91, 12;
1, 25, 11, 2115, 4495, 2046, 4, 100, 43;
12, 9, 12, 3935, 4853, 1388, 47, 36, 47;
7, 18, 4, 3722, 4930, 1715, 27, 73, 16;
5, 10, 2, 3000, 2453, 2632, 21, 39, 9;
6, 9, 8, 2875, 2693, 1805, 26, 36, 32;
12, 5, 2, 2847, 2286, 1380, 49, 22, 10;
18, 25, 10, 3414, 5325, 2797, 70, 99, 40;
14, 23, 6, 4225, 2225, 1587, 55, 90, 25;
13, 12, 7, 3073, 1992, 1152, 53, 49, 28;
7, 29, 2, 1584, 4408, 1484, 27, 115, 9;
2, 22, 3, 3886, 3261, 1223, 11, 86, 11;
5, 30, 9, 2503, 5027, 2144, 21, 120, 37;
9, 8, 7, 3611, 5211, 1376, 37, 34, 29;
12, 16, 5, 2680, 3628, 1516, 48, 64, 20;
2, 19, 4, 3856, 3344, 1034, 8, 74, 17;
12, 28, 9, 2322, 4220, 2379, 50, 111, 35;
12, 12, 4, 4028, 5235, 2801, 49, 49, 18;
6, 0, 4, 3708, 2648, 1502, 25, 3, 16;
10, 4, 3, 2607, 4355, 1141, 42, 17, 13;
16, 5, 10, 1477, 5173, 2638, 62, 20, 40;
8, 23, 11, 2555, 2095, 1542, 32, 91, 45;
7, 7, 7, 3721, 4742, 1564, 31, 29, 28;
16, 28, 10, 3277, 3870, 1431, 66, 111, 42;
16, 6, 2, 2226, 3974, 2672, 65, 26, 11;
14, 3, 5, 2146, 3433, 1962, 56, 13, 19;
13, 5, 9, 3268, 5056, 1907, 54, 20, 36;
14, 15, 0, 3743, 5395, 2398, 55, 60, 0;
4, 27, 4, 3401, 2245, 2798, 16, 108, 16;
9, 26, 3, 3958, 5301, 1263, 36, 101, 13;
14, 16, 12, 4128, 3303, 2417, 58, 63, 50;
18, 5, 9, 4316, 5328, 2393, 72, 22, 35;
6, 5, 2, 1885, 4616, 1440, 25, 21, 9;
692, 909, 427, 5222, 4566, 3091, 2700, 3548, 1666;
743, 744, 416, 5018, 4388, 2970, 2901, 2903, 1624;
724, 780, 416, 4864, 4259, 2897, 2825, 3043, 1625;
626, 730, 425, 4643, 4061, 2753, 2445, 2849, 1657;
619, 876, 387, 4467, 3909, 2651, 2415, 3418, 1511;
481, 798, 367, 4289, 3752, 2544, 1876, 3116, 1433;
534, 673, 356, 4134, 3618, 2458, 2085, 2628, 1388;
578, 818, 317, 3973, 3478, 2363, 2256, 3192, 1238;
523, 811, 378, 3812, 3336, 2264, 2042, 3163, 1475;
533, 598, 261, 3673, 3216, 2187, 2079, 2332, 1019;
485, 694, 255, 3523, 3083, 2094, 1893, 2706, 998;
495, 706, 273, 3392, 2970, 2020, 1931, 2753, 1066;
386, 625, 293, 3265, 2859, 1946, 1505, 2438, 1145;
430, 613, 235, 3101, 2711, 1834, 1679, 2391, 918;
436, 653, 284, 2976, 2602, 1759, 1702, 2550, 1109;
317, 684, 232, 2874, 2515, 1705, 1238, 2667, 905;
313, 620, 277, 2777, 2431, 1653, 1221, 2421, 1080;
344, 618, 209, 2670, 2338, 1591, 1342, 2412, 816;
355, 515, 193, 2535, 2215, 1497, 1387, 2010, 754;
337, 495, 207, 2438, 2131, 1441, 1317, 1933, 808;
286, 519, 164, 2344, 2049, 1387, 1118, 2025, 641;
317, 461, 165, 2241, 1958, 1321, 1239, 1801, 645;
273, 500, 168, 2194, 1922, 1310, 1068, 1952, 657;
284, 536, 169, 2083, 1822, 1234, 1109, 2093, 661;
253, 544, 175, 1997, 1745, 1181, 989, 2123, 686;
267, 491, 156, 1916, 1675, 1132, 1043, 1917, 611;
270, 529, 140, 1851, 1620, 1098, 1056, 2064, 549;
264, 505, 131, 1778, 1556, 1055, 1032, 1969, 513;
243, 450, 147, 1705, 1491, 1010, 948, 1757, 575;
227, 478, 125, 1635, 1430, 967, 887, 1865, 490;
197, 406, 119, 1579, 1381, 937, 771, 1586, 464;
204, 428, 116, 1512, 1322, 895, 797, 1670, 455;
167, 470, 136, 1448, 1266, 856, 651, 1836, 531;
206, 408, 97, 1387, 1212, 818, 804, 1591, 378;
194, 393, 125, 1332, 1163, 785, 760, 1533, 488;
161, 378, 129, 1314, 1152, 789, 629, 1475, 503;
148, 438, 121, 1252, 1097, 747, 580, 1710, 472;
174, 417, 84, 1200, 1051, 715, 680, 1627, 330;
158, 380, 111, 1158, 1014, 692, 619, 1485, 434;
123, 403, 101, 1081, 943, 633, 482, 1575, 395;
129, 412, 95, 1082, 949, 651, 504, 1608, 371;
141, 401, 71, 1012, 885, 599, 551, 1564, 279;
131, 398, 86, 972, 849, 575, 513, 1555, 337;
116, 356, 86, 931, 814, 550, 454, 1390, 335;
111, 365, 65, 918, 805, 551, 436, 1424, 257;
110, 341, 78, 846, 738, 494, 431, 1330, 306;
99, 359, 78, 837, 732, 498, 388, 1400, 304;
96, 368, 76, 797, 697, 471, 374, 1438, 299;
97, 326, 66, 750, 653, 437, 382, 1274, 260;
84, 345, 66, 762, 669, 461, 331, 1347, 260;
86, 339, 60, 713, 625, 425, 339, 1325, 236;
98, 336, 48, 671, 586, 394, 385, 1313, 187;
90, 329, 57, 647, 565, 380, 351, 1283, 225;
88, 313, 59, 629, 551, 374, 344, 1223, 232;
70, 319, 45, 583, 508, 337, 274, 1244, 177;
82, 322, 50, 583, 511, 347, 323, 1257, 197;
68, 329, 40, 547, 478, 320, 265, 1286, 156;
69, 308, 51, 529, 462, 311, 270, 1202, 200;
75, 324, 43, 509, 445, 300, 294, 1264, 170;
76, 324, 38, 513, 451, 312, 300, 1267, 151;
55, 303, 42, 480, 420, 286, 217, 1185, 165;
62, 313, 33, 438, 381, 253, 243, 1224, 131;
58, 298, 40, 446, 392, 268, 229, 1162, 157;
60, 300, 39, 422, 369, 250, 237, 1170, 154;
55, 312, 27, 388, 337, 223, 217, 1217, 108;
56, 310, 32, 394, 345, 235, 219, 1212, 126;
50, 313, 36, 394, 348, 242, 195, 1221, 143;
48, 300, 24, 341, 296, 195, 189, 1171, 95;
41, 290, 35, 357, 314, 217, 161, 1131, 136;
50, 294, 29, 349, 307, 214, 197, 1147, 113;
44, 302, 33, 328, 288, 199, 172, 1178, 130;
45, 299, 24, 317, 278, 192, 177, 1168, 96;
41, 295, 24, 282, 245, 162, 162, 1152, 93;
32, 291, 18, 273, 238, 158, 127, 1135, 73;
38, 293, 22, 261, 227, 151, 151, 1143, 88;
34, 289, 18, 253, 220, 147, 133, 1127, 71;
40, 282, 25, 272, 241, 170, 158, 1102, 99;
31, 285, 17, 220, 190, 122, 121, 1113, 66;
30, 288, 18, 244, 215, 150, 117, 1125, 72;
28, 277, 22, 225, 197, 135, 110, 1081, 86;
1, 256, 0, -1, -1, -1, 3, 998, 1;
1, 256, 0, -1, -1, -1, 4, 999, 2;
1, 256, 0, 0, 0, 0, 4, 999, 2;
1, 256, 1, 1, 1, 1, 6, 1001, 4;
1, 256, 0, 0, 0, 0, 5, 1000, 3;
1, 256, 0, 0, 0, 0, 5, 1000, 3;
1, 256, 0, 0, 0, 0, 5, 999, 3;
1, 256, 0, -1, -1, -1, 4, 999, 2;
1, 256, 1, 1, 1, 1, 6, 1001, 4;
1, 256, 0, 0, 0, 0, 4, 999, 2;
1, 256, 0, -1, -1, -1, 4, 999, 2;
1, 256, 0, 0, 0, 0, 5, 1000, 3;
1, 256, 0, 0, 0, 0, 4, 999, 2;
1, 256, 0, 0, 0, 0, 5, 1000, 3;
1, 256, 0, 0, 0, 0, 5, 1000, 3;
1, 256, 0, 0, 0, 0, 4, 999, 2;
1, 256, 0, 0, 0, 0, 5, 1000, 3;
1, 256, 0, 0, 0, 0, 4, 999, 2;
1, 256, 1, 1, 1, 1, 6, 1001, 4;
1, 256, 1, 1, 1, 1, 6, 1000, 3;
1, 256, 0, 1, 1, 1, 5, 1000, 3;
1, 256, 0, 0, 0, 0, 5, 1000, 3;
1, 256, 0, 0, 0, 0, 4, 999, 2;
1, 256, 0, 0, 0, 0, 5, 1000, 3;
1, 256, 0, -1, -1, -1, 4, 999, 2;
1, 256, 0, 0, 0, 0, 5, 1000, 3;
1, 256, 0, -1, -1, -1, 4, 998, 2;
1, 256, 0, 0, 0, 0, 5, 1000, 3;
1, 256, 0, 0, 0, 0, 4, 999, 2;
1, 256, 0, 1, 1, 1, 5, 1000, 3;
1, 256, 0, -1, -1, -1, 4, 999, 2;
1, 256, 1, 1, 1, 1, 6, 1000, 3;
0, 256, 0, -1, -1, -1, 3, 998, 1;
1, 256, 0, 0, 0, 0, 4, 999, 2;
1, 256, 0, 0, 0, 0, 4, 999, 2;
1, 256, 0, 0, 0, 0, 5, 1000, 3;
1, 256, 0, -1, -1, -1, 3, 998, 1;
1, 256, 0, 0, 0, 0, 5, 1000, 3;
1, 256, 0, -1, -1, -1, 4, 999, 2;
1, 256, 0, 0, 0, 0, 5, 1000, 3;
1, 256, 0, 0, 0, 0, 4, 999, 2;
1, 256, 0, 0, 0, 0, 5, 1000, 3;
1, 256, 0, 0, 0, 0, 4, 999, 2;
1, 256, 0, 0, 0, 0, 5, 1000, 3;
1, 256, 0, 0, 0, 0, 4, 999, 2;
1, 256, 0, -1, -1, -1, 3, 998, 1;
1, 256, 0, -1, -1, -1, 3, 998, 1;
1, 256, 0, 0, 0, 0, 4, 999, 2;
1, 256, 0, 0, 0, 0, 5, 1000, 3;
1, 256, 0, -1, -1, -1, 4, 999, 2;
1, 256, 0, -1, -1, -1, 4, 999, 2;
1, 256, 0, 0, 0, 0, 4, 999, 2;
1, 256, 0, 0, 0, 0, 5, 1000, 3;
1, 256, 0, 0, 0, 0, 5, 1000, 3;
1, 256, 1, 1, 1, 1, 6, 1001, 4;
1, 256, 0, 0, 0, 0, 5, 1000, 3;
1, 256, 0, 0, 0, 0, 5, 1000, 3;
1, 256, 0, -1, -1, -1, 4, 999, 2;
1, 256, 1, 1, 1, 1, 6, 1001, 4;
1, 256, 0, 0, 0, 0, 5, 1000, 3;
1, 256, 0, 0, 0, 0, 4, 999, 2;
1, 256, 0, 1, 1, 1, 5, 1000, 3;
1, 256, 0, 0, 0, 0, 5, 1000, 3;
1, 256, 0, 0, 0, 0, 5, 1000, 3;
1, 256, 0, 0, 0, 0, 5, 1000, 3;
1, 256, 0, -1, -1, -1, 3, 998, 1;
1, 256, 0, -1, -1, -1, 4, 999, 2;
1, 256, 0, -1, -1, -1, 4, 999, 2;
1, 256, 0, 0, 0, 0, 5, 999, 3;
1, 256, 1, 1, 1, 1, 5, 1000, 3;
1, 256, 0, 0, 0, 0, 5, 1000, 3;
1, 256, 0, 0, 0, 0, 5, 1000, 3;
1, 256, 0, -1, -1, -1, 3, 998, 1;
1, 256, 0, 0, 0, 0, 4, 999, 2;
1, 256, 0, -1, -1, -1, 4, 999, 2;
1, 256, 0, 1, 1, 1, 5, 1000, 3;
1, 256, 1, 1, 1, 1, 6, 1000, 4;
1, 256, 0, 0, 0, 0, 4, 999, 2;
1, 256, 1, 1, 1, 1, 6, 1001, 4;
1, 256, 1, 1, 1, 1, 6, 1001, 4;
1, 256, 0, 0, 0, 0, 5, 1000, 3;
1, 256, 0, 0, 0, 0, 5, 1000, 3;
1, 256, 0, 0, 0, 0, 5, 1000, 3;
1, 256, 0, 0, 0, 0, 5, 1000, 3;
1, 256, 0, -1, -1, -1, 4, 999, 2;
1, 256, 0, 0, 0, 0, 5, 1000, 3;
1, 256, 0, 0, 0, 0, 5, 1000, 3;
1, 256, 0, 0, 0, 0, 5, 1000, 3;
1, 256, 0, -1, -1, -1, 4, 999, 2;
1, 256, 0, -1, -1, -1, 4, 999, 2;
1, 256, 0, -1, -1, -1, 4, 999, 2;
1, 256, 0, 0, 0, 0, 5, 999, 3;
1, 256, 0, -1, -1, -1, 3, 998, 1;
1, 256, 0, 0, 0, 0, 5, 1000, 3;
1, 256, 0, 0, 0, 0, 5, 1000, 3;
1, 256, 0, 1, 1, 1, 5, 1000, 3;
1, 256, 0, -1, -1, -1, 4, 998, 1;
1, 256, 0, 0, 0, 0, 4, 999, 2;
1, 256, 0, 0, 0, 0, 5, 1000, 3;
1, 256, 0, 0, 0, 0, 5, 999, 2;
1, 256, 0, 0, 0, 0, 4, 999, 2;
1, 256, 0, 0, 0, 0, 5, 999, 3;
1, 256, 1, 1, 1, 1, 5, 1000, 3;
1, 256, 0, -1, -1, -1, 4, 999, 2;
1, 256, 0, 0, 0, 0, 5, 999, 3;
1, 256, 0, 0, 0, 0, 5, 1000, 3;
1, 256, 0, -1, -1, -1, 4, 999, 2;
1, 256, 1, 1, 1, 1, 6, 1001, 4;
1, 256, 0, -1, -1, -1, 4, 998, 2;
1, 256, 0, 0, 0, 0, 4, 999, 2;
1, 256, 0, -1, -1, -1, 4, 999, 2;
1, 256, 0, 0, 0, 0, 5, 999, 2;
1, 256, 0, 0, 0, 0, 4, 999, 2;
1, 256, 0, 0, 0, 0, 5, 999, 3;
1, 256, 0, -1, -1, -1, 3, 998, 1;
1, 256, 1, 1, 1, 1, 6, 1001, 4;
1, 256, 0, 0, 0, 0, 5, 1000, 3;
1, 256, 0, 0, 0, 0, 4, 999, 2;
1, 256, 0, -1, -1, -1, 4, 999, 2;
1, 256, 0, 0, 0, 0, 5, 1000, 3;
1, 256, 0, 1, 1, 1, 5, 1000, 3;
1, 256, 0, 0, 0, 0, 5, 999, 3;
1, 256, 1, 1, 1, 1, 6, 1001, 4;
1, 256, 0, 0, 0, 0, 5, 1000, 3;
1, 256, 0, 0, 0, 0, 4, 999, 2;
1, 256, 0, 0, 0, 0, 4, 999, 2;
1, 256, 0, 0, 0, 0, 4, 999, 2;
1, 256, 1, 1, 1, 1, 6, 1001, 4;
1, 256, 0, 0, 0, 0, 5, 1000, 3;
1, 256, 0, -1, -1, -1, 4, 999, 2;
1, 256, 0, 0, 0, 0, 5, 1000, 3;
1, 256, 0, 1, 1, 1, 5, 1000, 3;
1, 256, 0, 0, 0, 0, 5, 1000, 3;
1, 256, 0, 0, 0, 0, 5, 999, 2;
1, 256, 0, -1, -1, -1, 4, 999, 2;
1, 256, 0, 0, 0, 0, 4, 999, 2;
1, 256, 0, -1, -1, -1, 4, 999, 2;
1, 256, 0, 0, 0, 0, 5, 1000, 3;
1, 256, 1, 1, 1, 1, 6, 1001, 4;
1, 256, 0, 1, 1, 1, 5, 1000, 3;
1, 256, 0, 0, 0, 0, 5, 1000, 3;
1, 256, 0, 0, 0, 0, 4, 999, 2;
1, 256, 0, 1, 1, 1, 5, 1000, 3;
1, 256, 0, 0, 0, 0, 5, 1000, 3;
1, 256, 0, 0, 0, 0, 4, 999, 2;
1, 256, 0, 0, 0, 0, 5, 1000, 3;
1, 256, 0, 0, 0, 0, 4, 999, 2;
1, 256, 0, 0, 0, 0, 5, 1000, 3;
1, 256, 0, -1, -1, -1, 3, 998, 1;
1, 256, 0, 1, 1, 1, 5, 1000, 3;
1, 256, 0, 0, 0, 0, 5, 1000, 3;
1, 256, 0, 0, 0, 0, 4, 999, 2;
1, 256, 0, -1, -1, -1, 3, 998, 1;
1, 256, 0, 1, 1, 1, 5, 1000, 3;
1, 256, 0, 0, 0, 0, 4, 999, 2;
1, 256, 0, 0, 0, 0, 4, 999, 2;
1, 256, 0, -1, -1, -1, 3, 998, 1;
1, 256, 0, 0, 0, 0, 5, 999, 2;
1, 256, 1, 1, 1, 1, 6, 1001, 4;
1, 256, 0, -1, -1, -1, 4, 999, 2;
1, 256, 0, 0, 0, 0, 4, 999, 2;
1, 256, 0, 0, 0, 0, 5, 1000, 3;
0, 256, 0, -1, -1, -1, 3, 998, 1;
1, 256, 0, -1, -1, -1, 4, 999, 2;
1, 256, 0, 0, 0, 0, 5, 1000, 3;
1, 256, 0, 0, 0, 0, 4, 999, 2;
1, 256, 0, -1, -1, -1, 4, 998, 1;
1, 256, 1, 1, 1, 1, 6, 1001, 4;
1, 256, 0, 0, 0, 0, 4, 999, 2;
1, 256, 0, -1, -1, -1, 4, 999, 2;
1, 256, 0, -1, -1, -1, 4, 999, 2;
1, 256, 1, 1, 1, 1, 5, 1000, 3;
1, 256, 0, -1, -1, -1, 4, 999, 2;
1, 256, 0, -1, -1, -1, 4, 999, 2;
1, 256, 0, -1, -1, -1, 3, 998, 1;
1, 256, 0, -1, -1, -1, 4, 999, 2;
1, 256, 0, 0, 0, 0, 4, 999, 2;
1, 256, 1, 1, 1, 1, 6, 1001, 4;
1, 256, 0, 0, 0, 0, 5, 1000, 3;
1, 256, 0, -1, -1, -1, 4, 998, 2;
1, 256, 0, 0, 0, 0, 5, 1000, 3;
1, 256, 0, 0, 0, 0, 5, 1000, 3;
1, 256, 1, 1, 1, 1, 6, 1001, 4;
1, 256, 0, -1, -1, -1, 4, 999, 2;
1, 256, 0, -1, -1, -1, 4, 999, 2;
1, 256, 0, 0, 0, 0, 4, 999, 2;
1, 256, 0, -1, -1, -1, 4, 999, 2;
1, 256, 0, -1, -1, -1, 4, 999, 2;
1, 256, 1, 1, 1, 1, 6, 1001, 4;
1, 256, 0, 0, 0, 0, 4, 999, 2;
1, 256, 1, 1, 1, 1, 6, 1001, 4;
1, 256, 0, 0, 0, 0, 5, 999, 3;
1, 256, 0, -1, -1, -1, 3, 998, 1;
1, 256, 0, 1, 1, 1, 5, 1000, 3;
1, 256, 0, 0, 0, 0, 5, 1000, 3;
1, 256, 0, 0, 0, 0, 5, 1000, 3;
1, 256, 0, 0, 0, 0, 4, 999, 2;
1, 256, 0, 0, 0, 0, 5, 1000, 3;
1, 256, 0, -1, -1, -1, 3, 998, 1;
1, 256, 0, 0, 0, 0, 5, 1000, 3;
1, 256, 0, 1, 1, 1, 5, 1000, 3;
1, 256, 0, 0, 0, 0, 4, 999, 2;
1, 256, 0, 0, 0, 0, 5, 1000, 3;
1, 256, 0, -1, -1, -1, 4, 998, 2;
1, 256, 0, 0, 0, 0, 4, 999, 2;
1, 256, 0, -1, -1, -1, 4, 998, 2;
1, 256, 0, -1, -1, -1, 4, 999, 2;
1, 256, 0, -1, -1, -1, 4, 999, 2;
1, 256, 0, 1, 1, 1, 5, 1000, 3;
1, 256, 0, 0, 0, 0, 4, 999, 2;
1, 256, 0, 1, 1, 1, 5, 1000, 3;
1, 256, 0, 0, 0, 0, 4, 999, 2;
1, 256, 0, -1, -1, -1, 4, 999, 2;
1, 256, 1, 1, 1, 1, 6, 1000, 3;
1, 256, 0, -1, -1, -1, 4, 999, 2;
1, 256, 0, 0, 0, 0, 4, 999, 2;
1, 256, 0, 0, 0, 0, 5, 1000, 3;
1, 256, 1, 1, 1, 1, 6, 1001, 4;
1, 256, 0, 0, 0, 0, 4, 999, 2;
1, 256, 0, 0, 0, 0, 5, 1000, 3;
1, 256, 0, 0, 0, 0, 5, 1000, 3;
1, 256, 0, 0, 0, 0, 5, 1000, 3;
1, 256, 1, 1, 1, 1, 6, 1001, 4;
1, 256, 0, 0, 0, 0, 5, 1000, 3;
1, 256, 0, 0, 0, 0, 5, 1000, 3;
1, 256, 0, 0, 0, 0, 4, 999, 2;
1, 256, 0, 0, 0, 0, 5, 1000, 3;
1, 256, 1, 1, 1, 1, 6, 1001, 4;
1, 256, 0, -1, -1, -1, 4, 999, 2;
1, 256, 0, 0, 0, 0, 5, 1000, 3;
1, 256, 0, -1, -1, -1, 4, 999, 2;
1, 256, 0, 0, 0, 0, 5, 1000, 3;
1, 256, 0, 0, 0, 0, 5, 1000, 3;
1, 256, 1, 1, 1, 1, 6, 1001, 4;
1, 256, 0, 0, 0, 0, 4, 999, 2;
1, 256, 0, -1, -1, -1, 4, 998, 2;
1, 256, 0, 0, 0, 0, 5, 1000, 3;
1, 256, 0, 0, 0, 0, 4, 999, 2;
1, 256, 0, 0, 0, 0, 4, 999, 2;
1, 256, 0, -1, -1, -1, 4, 999, 2;
1, 256, 0, -1, -1, -1, 4, 999, 2;
1, 256, 0, 0, 0, 0, 5, 1000, 3;
1, 256, 0, 1, 1, 1, 5, 1000, 3;
1, 256, 0, 0, 0, 0, 5, 1000, 3;
1, 256, 0, 0, 0, 0, 4, 999, 2;
1, 256, 0, -1, -1, -1, 4, 999, 2;
1, 256, 0, 0, 0, 0, 4, 999, 2;
1, 256, 0, 0, 0, 0, 5, 1000, 3;
1, 256, 1, 1, 1, 1, 6, 1001, 4;
1, 256, 1, 1, 1, 1, 6, 1001, 4;
1, 256, 0, 0, 0, 0, 5, 1000, 3;
1, 256, 0, -1, -1, -1, 4, 999, 2;
1, 256, 1, 1, 1, 1, 6, 1001, 4;
1, 256, 0, 0, 0, 0, 5, 1000, 3;
1, 256, 1, 1, 1, 1, 5, 1000, 3;
1, 256, 0, 0, 0, 0, 5, 1000, 3;
1, 256, 0, -1, -1, -1, 4, 998, 2;
1, 256, 0, -1, -1, -1, 4, 998, 2;
1, 256, 0, 0, 0, 0, 5, 1000, 3;
1, 256, 0, 0, 0, 0, 4, 999, 2;
1, 256, 1, 1, 1, 1, 6, 1001, 4;
1, 256, 0, 0, 0, 0, 4, 999, 2;
1, 256, 0, -1, -1, -1, 4, 999, 2;
1, 256, 0, -1, -1, -1, 4, 998, 2;
1, 256, 0, 0, 0, 0, 5, 1000, 3;
1, 256, 0, 0, 0, 0, 4, 999, 2;
1, 256, 0, 0, 0, 0, 5, 999, 2;
1, 256, 0, 0, 0, 0, 4, 999, 2;
1, 256, 0, 0, 0, 0, 4, 999, 2;
1, 256, 0, -1, -1, -1, 4, 998, 2;
1, 256, 0, 0, 0, 0, 5, 1000, 3;
1, 256, 0, 0, 0, 0, 5, 1000, 3;
1, 256, 0, 0, 0, 0, 4, 999, 2;
1, 256, 1, 1, 1, 1, 6, 1001, 4;
1, 256, 0, 0, 0, 0, 5, 1000, 3;
1, 256, 0, -1, -1, -1, 4, 999, 2;
1, 256, 0, 0, 0, 0, 5, 1000, 3;
1, 256, 0, 0, 0, 0, 5, 1000, 3;
1, 256, 0, 0, 0, 0, 5, 1000, 3;
1, 256, 0, -1, -1, -1, 4, 999, 2;
1, 256, 1, 1, 1, 1, 6, 1000, 4;
1, 256, 0, 1, 1, 1, 5, 1000, 3;
1, 256, 0, 1, 1, 1, 5, 1000, 3;
1, 256, 0, 1, 1, 1, 5, 1000, 3;
1, 256, 0, 0, 0, 0, 4, 999, 2;
1, 256, 1, 1, 1, 1, 6, 1000, 3;
1, 256, 0, -1, -1, -1, 4, 999, 2;
1, 256, 0, 0, 0, 0, 4, 999, 2;
1, 256, 0, -1, -1, -1, 4, 999, 2;
1, 256, 0, 0, 0, 0, 5, 1000, 3;
1, 256, 0, -1, -1, -1, 3, 998, 1;
1, 256, 0, 1, 1, 1, 5, 1000, 3;
1, 256, 0, 0, 0, 0, 4, 999, 2;
1, 256, 1, 1, 1, 1, 6, 1001, 4;
1, 256, 0, 0, 0, 0, 5, 1000, 3;
1, 256, 0, 0, 0, 0, 4, 999, 2;
1, 256, 0, 0, 0, 0, 4, 999, 2;
1, 256, 1, 1, 1, 1, 6, 1001, 4;
1, 256, 1, 1, 1, 1, 6, 1001, 4;
1, 256, 0, -1, -1, -1, 4, 998, 2;
1, 256, 0, 1, 1, 1, 5, 1000, 3;
1, 256, 0, -1, -1, -1, 4, 999, 2;
1, 256, 0, 0, 0, 0, 5, 1000, 3;
1, 256, 1, 1, 1, 1, 6, 1000, 4;
1, 256, 1, 1, 1, 1, 6, 1000, 3;
1, 256, 0, -1, -1, -1, 3, 998, 1;
1, 256, 1, 1, 1, 1, 6, 1001, 4;
1, 256, 0, 0, 0, 0, 4, 999, 2;
1, 256, 0, 0, 0, 0, 4, 999, 2;
1, 256, 0, 0, 0, 0, 4, 999, 2;
1, 256, 0, 1, 1, 1, 5, 1000, 3;
1, 256, 0, 0, 0, 0, 5, 1000, 3;
1, 256, 0, -1, -1, -1, 3, 998, 1;
1, 256, 0, 0, 0, 0, 5, 1000, 3;
1, 256, 0, 1, 1, 1, 5, 1000, 3;
1, 256, 0, -1, -1, -1, 4, 999, 2;
1, 256, 0, 0, 0, 0, 5, 1000, 3;
1, 256, 0, 0, 0, 0, 4, 999, 2;
1, 256, 0, -1, -1, -1, 4, 999, 2;
1, 256, 0, -1, -1, -1, 4, 999, 2;
1, 256, 1, 1, 1, 1, 6, 1001, 4;
1, 256, 0, -1, -1, -1, 3, 998, 1;
1, 256, 0, -1, -1, -1, 4, 999, 2;
1, 256, 0, -1, -1, -1, 4, 999, 2;
1, 256, 0, 0, 0, 0, 5, 1000, 3;
1, 256, 0, 1, 1, 1, 5, 1000, 3;
1, 256, 1, 1, 1, 1, 6, 1000, 3;
1, 256, 0, 0, 0, 0, 4, 999, 2;
1, 256, 1, 1, 1, 1, 6, 1000, 4;
1, 256, 0, -1, -1, -1, 4, 999, 2;
1, 256, 0, 0, 0, 0, 5, 1000, 3;
1, 256, 0, 0, 0, 0, 4, 999, 2;
1, 256, 0, 0, 0, 0, 5, 1000, 3;
1, 256, 0, 1, 1, 1, 5, 1000, 3;
1, 256, 0, 1, 1, 1, 5, 1000, 3;
1, 256, 0, 0, 0, 0, 5, 999, 3;
1, 256, 0, -1, -1, -1, 4, 998, 2;
0, 256, 0, -1, -1, -1, 3, 998, 1;
1, 256, 1, 1, 1, 1, 6, 1001, 4;
1, 256, 0, 0, 0, 0, 5, 1000, 3;
1, 256, 0, 0, 0, 0, 5, 1000, 3;
1, 256, 0, 0, 0, 0, 5, 1000, 3;
1, 256, 0, 0, 0, 0, 5, 1000, 3;
1, 256, 0, 0, 0, 0, 4, 999, 2;
1, 256, 1, 1, 1, 1, 5, 1000, 3;
1, 256, 0, 1, 1, 1, 5, 1000, 3;
1, 256, 1, 1, 1, 1, 6, 1000, 4;
1, 256, 0, 0, 0, 0, 5, 1000, 3;
1, 256, 0, -1, -1, -1, 3, 998, 1;
1, 256, 0, 0, 0, 0, 5, 999, 3;
1, 256, 0, 0, 0, 0, 5, 1000, 3;
1, 256, 0, 0, 0, 0, 5, 1000, 3;
1, 256, 0, 0, 0, 0, 4, 999, 2;
1, 256, 0, 1, 1, 1, 5, 1000, 3;
1, 256, 0, 1, 1, 1, 5, 1000, 3;
1, 256, 1, 1, 1, 1, 6, 1001, 4;
1, 256, 0, 0, 0, 0, 5, 1000, 3;
1, 256, 0, -1, -1, -1, 4, 999, 2;
1, 256, 0, -1, -1, -1, 4, 998, 1;
1, 256, 0, 0, 0, 0, 4, 999, 2;
1, 256, 1, 1, 1, 1, 6, 1001, 4;
1, 256, 0, 0, 0, 0, 5, 999, 2;
1, 256, 0, 1, 1, 1, 5, 1000, 3;
1, 256, 1, 1, 1, 1, 5, 1000, 3;
1, 256, 0, -1, -1, -1, 4, 999, 2;
1, 256, 0, 0, 0, 0, 4, 999, 2;
1, 256, 0, 0, 0, 0, 5, 1000, 3;
1, 256, 1, 1, 1, 1, 6, 1000, 4;
1, 256, 1, 1, 1, 1, 5, 1000, 3;
1, 256, 1, 1, 1, 1, 6, 1001, 4;
1, 256, 0, 0, 0, 0, 4, 999, 2;
1, 256, 0, -1, -1, -1, 4, 999, 2;
1, 256, 0, 0, 0, 0, 4, 999, 2;
1, 256, 0, -1, -1, -1, 4, 999, 2;
1, 256, 0, -1, -1, -1, 4, 999, 2;
1, 256, 0, -1, -1, -1, 4, 998, 2;
1, 256, 0, 0, 0, 0, 5, 1000, 3;
1, 256, 0, 0, 0, 0, 5, 1000, 3;
1, 256, 0, -1, -1, -1, 4, 999, 2;
1, 256, 0, 0, 0, 0, 4, 999, 2;
1, 256, 0, 0, 0, 0, 4, 999, 2;
1, 256, 0, -1, -1, -1, 4, 998, 2;
1, 256, 0, 0, 0, 0, 5, 1000, 3;
1, 256, 0, -1, -1, -1, 4, 999, 2;
1, 256, 0, 0, 0, 0, 5, 1000, 3;
1, 256, 0, 1, 1, 1, 5, 1000, 3;
1, 256, 0, 0, 0, 0, 5, 1000, 3;
1, 256, 0, -1, -1, -1, 4, 998, 2;
1, 256, 0, 0, 0, 0, 5, 999, 2;
1, 256, 0, 0, 0, 0, 5, 1000, 3;
1, 256, 0, -1, -1, -1, 4, 998, 2;
1, 256, 0, 1, 1, 1, 5, 1000, 3;
1, 256, 1, 1, 1, 1, 5, 1000, 3;
1, 256, 0, -1, -1, -1, 4, 999, 2;
1, 256, 0, 0, 0, 0, 4, 999, 2;
1, 256, 0, -1, -1, -1, 3, 998, 1;
1, 256, 0, 0, 0, 0, 4, 999, 2;
1, 256, 0, 0, 0, 0, 4, 999, 2;
1, 256, 0, 0, 0, 0, 5, 1000, 3;
1, 256, 0, 0, 0, 0, 4, 999, 2;
1, 256, 0, 0, 0, 0, 5, 999, 3;
1, 256, 1, 1, 1, 1, 6, 1001, 4;
1, 256, 0, 0, 0, 0, 4, 999, 2;
1, 256, 0, -1, -1, -1, 4, 999, 2;
1, 256, 0, 0, 0, 0, 5, 1000, 3;
1, 256, 1, 1, 1, 1, 6, 1001, 4;
1, 256, 0, 0, 0, 0, 4, 999, 2;
1, 256, 0, -1, -1, -1, 4, 999, 2;
1, 256, 0, 0, 0, 0, 4, 999, 2;
1, 256, 0, 0, 0, 0, 5, 1000, 3;
1, 256, 0, 1, 1, 1, 5, 1000, 3;
1, 256, 0, 0, 0, 0, 5, 1000, 3;
1, 256, 0, 0, 0, 0, 5, 1000, 3;
1, 256, 0, 0, 0, 0, 5, 1000, 3;
1, 256, 0, -1, -1, -1, 4, 999, 2;
1, 256, 0, 0, 0, 0, 4, 999, 2;
1, 256, 0, 0, 0, 0, 5, 1000, 3;
1, 256, 0, 0, 0, 0, 5, 1000, 3;
1, 256, 1, 1, 1, 1, 6, 1001, 4;
1, 256, 0, 0, 0, 0, 5, 1000, 3;
1, 256, 0, 0, 0, 0, 4, 999, 2;
1, 256, 0, 1, 1, 1, 5, 1000, 3;
1, 256, 1, 1, 1, 1, 6, 1001, 4;
1, 256, 0, 0, 0, 0, 5, 1000, 3;
1, 256, 0, 0, 0, 0, 4, 999, 2;
1, 256, 0, 0, 0, 0, 5, 1000, 3;
1, 256, 0, 0, 0, 0, 5, 1000, 3;
1, 256, 0, 0, 0, 0, 4, 999, 2;
1, 256, 0, -1, -1, -1, 3, 998, 1;
1, 256, 0, -1, -1, -1, 4, 999, 2;
1, 256, 1, 1, 1, 1, 6, 1001, 4;
1, 256, 1, 1, 1, 1, 6, 1001, 4;
1, 256, 0, -1, -1, -1, 4, 998, 2;
1, 256, 0, 0, 0, 0, 5, 1000, 3;
1, 256, 1, 1, 1, 1, 6, 1000, 4;
1, 256, 0, 0, 0, 0, 4, 999, 2;
1, 256, 0, 0, 0, 0, 4, 999, 2;
1, 256, 0, 0, 0, 0, 5, 1000, 3;
1, 256, 0, -1, -1, -1, 3, 998, 1;
1, 256, 0, -1, -1, -1, 4, 999, 2;
1, 256, 0, -1, -1, -1, 4, 999, 2;
1, 256, 0, -1, -1, -1, 4, 999, 2;
1, 256, 0, -1, -1, -1, 4, 999, 2;
1, 256, 0, -1, -1, -1, 4, 999, 2;
1, 256, 1, 1, 1, 1, 6, 1001, 4;
1, 256, 0, 0, 0, 0, 4, 999, 2;
1, 256, 0, 0, 0, 0, 5, 999, 2;
1, 256, 0, 0, 0, 0, 5, 1000, 3;
1, 256, 0, -1, -1, -1, 4, 999, 2;
1, 256, 0, 0, 0, 0, 5, 1000, 3;
1, 256, 1, 1, 1, 1, 6, 1001, 4;
1, 256, 0, 0, 0, 0, 4, 999, 2;
1, 256, 0, 0, 0, 0, 4, 999, 2;
1, 256, 0, 0, 0, 0, 5, 1000, 3;
1, 256, 1, 1, 1, 1, 6, 1000, 4;
1, 256, 0, 0, 0, 0, 5, 1000, 3;
1, 256, 0, 0, 0, 0, 5, 1000, 3;
1, 256, 0, 0, 0, 0, 4, 999, 2;
1, 256, 0, 0, 0, 0, 4, 999, 2;
1, 256, 0, 0, 0, 0, 4, 999, 2;
1, 256, 0, -1, -1, -1, 4, 999, 2;
1, 256, 0, 0, 0, 0, 5, 1000, 3;
1, 256, 0, 0, 0, 0, 5, 1000, 3;
1, 256, 0, 0, 0, 0, 4, 999, 2;
1, 256, 0, 0, 0, 0, 4, 999, 2;
1, 256, 0, 1, 1, 1, 5, 1000, 3;
1, 256, 1, 1, 1, 1, 6, 1000, 4;
1, 256, 1, 1, 1, 1, 6, 1000, 4;
1, 256, 0, -1, -1, -1, 4, 999, 2;
1, 256, 0, 0, 0, 0, 5, 1000, 3;
1, 256, 0, 1, 1, 1, 5, 1000, 3;
1, 256, 0, 0, 0, 0, 5, 1000, 3;
1, 256, 0, 0, 0, 0, 5, 1000, 3;
1, 256, 1, 1, 1, 1, 6, 1001, 4;
1, 256, 0, -1, -1, -1, 4, 998, 2;
1, 256, 0, 0, 0, 0, 5, 1000, 3;
1, 256, 1, 1, 1, 1, 5, 1000, 3;
1, 256, 0, -1, -1, -1, 4, 999, 2;
1, 256, 0, 0, 0, 0, 5, 1000, 3;
1, 256, 0, -1, -1, -1, 4, 999, 2;
1, 256, 0, 0, 0, 0, 5, 1000, 3;
1, 256, 0, -1, -1, -1, 4, 998, 2;
1, 256, 1, 1, 1, 1, 6, 1000, 3;
1, 256, 0, -1, -1, -1, 4, 999, 2;
1, 256, 0, 0, 0, 0, 5, 1000, 3;
1, 256, 0, 0, 0, 0, 4, 999, 2;
1, 256, 0, -1, -1, -1, 4, 999, 2;
1, 256, 0, -1, -1, -1, 4, 999, 2;
1, 256, 0, 0, 0, 0, 5, 1000, 3;
1, 256, 1, 1, 1, 1, 6, 1001, 4;
1, 256, 0, 0, 0, 0, 5, 1000, 3;
1, 256, 0, 0, 0, 0, 5, 1000, 3;
1, 256, 0, 0, 0, 0, 5, 1000, 3;
1, 256, 0, 0, 0, 0, 4, 999, 2;
1, 256, 0, -1, -1, -1, 3, 998, 1;
1, 256, 0, 0, 0, 0, 4, 999, 2;
1, 256, 0, -1, -1, -1, 4, 998, 1;
1, 256, 0, -1, -1, -1, 4, 999, 2;
1, 256, 0, -1, -1, -1, 4, 999, 2;
1, 256, 1, 1, 1, 1, 6, 1000, 4;
1, 256, 1, 1, 1, 1, 6, 1001, 4;
1, 256, 0, 1, 1, 1, 5, 1000, 3;
1, 256, 0, 0, 0, 0, 5, 1000, 3;
1, 256, 0, -1, -1, -1, 4, 999, 2;
1, 256, 0, -1, -1, -1, 3, 998, 1;
1, 256, 0, -1, -1, -1, 4, 999, 2;
1, 256, 0, 0, 0, 0, 4, 999, 2;
1, 256, 0, 0, 0, 0, 4, 999, 2;
1, 256, 0, 0, 0, 0, 5, 1000, 3;
1, 256, 0, 0, 0, 0, 5, 1000, 3;
1, 256, 0, 0, 0, 0, 4, 999, 2;
1, 256, 0, -1, -1, -1, 4, 999, 2;
1, 256, 0, 0, 0, 0, 5, 1000, 3;
1, 256, 1, 1, 1, 1, 6, 1000, 3;
1, 256, 0, 0, 0, 0, 5, 1000, 3;
1, 256, 1, 1, 1, 1, 6, 1001, 4;
1, 256, 0, 0, 0, 0, 5, 1000, 3;
1, 256, 0, 0, 0, 0, 4, 999, 2;
1, 256, 0, -1, -1, -1, 4, 999, 2;
1, 256, 0, 0, 0, 0, 5, 999, 2;
1, 256, 0, 1, 1, 1, 5, 1000, 3;
1, 256, 0, 0, 0, 0, 4, 999, 2;
1, 256, 0, 0, 0, 0, 4, 999, 2;
1, 256, 0, 1, 1, 1, 5, 1000, 3;
1, 256, 0, 0, 0, 0, 5, 1000, 3;
1, 256, 0, 1, 1, 1, 5, 1000, 3;
1, 256, 0, 1, 1, 1, 5, 1000, 3;
1, 256, 0, -1, -1, -1, 4, 999, 2;
1, 256, 0, 0, 0, 0, 4, 999, 2;
1, 256, 0, 0, 0, 0, 5, 1000, 3;
1, 256, 0, 0, 0, 0, 5, 1000, 3;
1, 256, 0, 0, 0, 0, 5, 1000, 3;
1, 256, 0, -1, -1, -1, 4, 999, 2;
1, 256, 0, 0, 0, 0, 4, 999, 2;
1, 256, 0, 0, 0, 0, 5, 1000, 3;
1, 256, 1, 1, 1, 1, 6, 1000, 3;
1, 256, 0, -1, -1, -1, 4, 999, 2;
1, 256, 0, -1, -1, -1, 4, 999, 2;
1, 256, 0, -1, -1, -1, 4, 999, 2;
1, 256, 0, -1, -1, -1, 4, 998, 2;
1, 256, 0, -1, -1, -1, 4, 999, 2;
1, 256, 0, 0, 0, 0, 5, 1000, 3;
1, 256, 0, 1, 1, 1, 5, 1000, 3;
1, 256, 0, 0, 0, 0, 4, 999, 2;
1, 256, 0, -1, -1, -1, 3, 998, 1;
1, 256, 0, 1, 1, 1, 5, 1000, 3;
1, 256, 0, -1, -1, -1, 4, 999, 2;
1, 256, 0, 0, 0, 0, 4, 999, 2;
1, 256, 0, 0, 0, 0, 4, 999, 2;
1, 256, 0, 0, 0, 0, 4, 999, 2;
1, 256, 0, -1, -1, -1, 4, 999, 2;
1, 256, 0, -1, -1, -1, 4, 999, 2;
1, 256, 0, -1, -1, -1, 4, 999, 2;
1, 256, 0, 0, 0, 0, 5, 1000, 3;
1, 256, 0, 1, 1, 1, 5, 1000, 3;
1, 256, 1, 1, 1, 1, 6, 1001, 4;
1, 256, 0, 1, 1, 1, 5, 1000, 3;
1, 256, 0, -1, -1, -1, 3, 998, 1;
1, 256, 0, -1, -1, -1, 4, 998, 2;
1, 256, 1, 1, 1, 1, 6, 1001, 4;
1, 256, 0, 0, 0, 0, 4, 999, 2;
1, 256, 0, 1, 1, 1, 5, 1000, 3;
1, 256, 0, 0, 0, 0, 5, 1000, 3;
1, 256, 0, 0, 0, 0, 5, 1000, 3;
1, 256, 0, 0, 0, 0, 4, 999, 2;
1, 256, 1, 1, 1, 1, 6, 1000, 3;
1, 256, 1, 1, 1, 1, 6, 1001, 4;
1, 256, 0, -1, -1, -1, 4, 999, 2;
1, 256, 1, 1, 1, 1, 6, 1000, 3;
1, 256, 0, 1, 1, 1, 5, 1000, 3;
1, 256, 0, 0, 0, 0, 5, 1000, 3;
1, 256, 0, 0, 0, 0, 5, 1000, 3;
1, 256, 0, 1, 1, 1, 5, 1000, 3;
1, 256, 0, 0, 0, 0, 5, 1000, 3;
1, 256, 0, -1, -1, -1, 4, 999, 2;
1, 256, 0, 0, 0, 0, 5, 999, 3;
1, 256, 0, 0, 0, 0, 5, 1000, 3;
1, 256, 0, 0, 0, 0, 4, 999, 2;
1, 256, 0, 0, 0, 0, 5, 1000, 3;
1, 256, 0, 0, 0, 0, 5, 1000, 3;
1, 256, 0, 0, 0, 0, 5, 1000, 3;
1, 256, 0, 0, 0, 0, 5, 1000, 3;
1, 256, 0, 0, 0, 0, 5, 1000, 3;
1, 256, 0, 0, 0, 0, 5, 1000, 3;
1, 256, 0, 0, 0, 0, 4, 999, 2;
1, 256, 0, -1, -1, -1, 4, 999, 2;
1, 256, 0, 0, 0, 0, 5, 1000, 3;
1, 256, 0, -1, -1, -1, 3, 998, 1;
1, 256, 0, 0, 0, 0, 4, 999, 2;
1, 256, 0, 0, 0, 0, 4, 999, 2;
1, 256, 0, 1, 1, 1, 5, 1000, 3;
1, 256, 0, 1, 1, 1, 5, 1000, 3;
1, 256, 1, 1, 1, 1, 5, 1000, 3;
1, 256, 1, 1, 1, 1, 6, 1001, 4;
1, 256, 0, -1, -1, -1, 4, 998, 2;
1, 256, 0, 0, 0, 0, 4, 999, 2;
1, 256, 0, 0, 0, 0, 4, 999, 2;
1, 256, 0, 1, 1, 1, 5, 1000, 3;
1, 256, 0, 0, 0, 0, 5, 1000, 3;
1, 256, 0, 1, 1, 1, 5, 1000, 3;
1, 256, 0, 0, 0, 0, 5, 1000, 3;
1, 256, 0, 0, 0, 0, 4, 999, 2;
1, 256, 0, 1, 1, 1, 5, 1000, 3;
1, 256, 1, 1, 1, 1, 6, 1001, 4;
1, 256, 0, 0, 0, 0, 4, 999, 2;
1, 256, 0, 0, 0, 0, 5, 1000, 3;
1, 256, 1, 1, 1, 1, 6, 1000, 4;
1, 256, 1, 1, 1, 1, 6, 1000, 4;
1, 256, 1, 1, 1, 1, 6, 1001, 4;
1, 256, 0, -1, -1, -1, 3, 998, 1;
1, 256, 0, 0, 0, 0, 4, 999, 2;
1, 256, 0, 0, 0, 0, 4, 999, 2;
1, 256, 0, 0, 0, 0, 4, 999, 2;
1, 256, 1, 1, 1, 1, 6, 1001, 4;
1, 256, 0, 0, 0, 0, 4, 999, 2;
1, 256, 1, 1, 1, 1, 6, 1000, 4;
1, 256, 1, 1, 1, 1, 6, 1001, 4;
1, 256, 1, 1, 1, 1, 6, 1001, 4;
1, 256, 0, 0, 0, 0, 4, 999, 2;
1, 256, 0, -1, -1, -1, 4, 999, 2;
1, 256, 0, 0, 0, 0, 5, 1000, 3;
1, 256, 0, 0, 0, 0, 5, 1000, 3;
1, 256, 0, -1, -1, -1, 4, 999, 2;
1, 256, 0, 0, 0, 0, 4, 999, 2;
1, 256, 0, 0, 0, 0, 4, 999, 2;
1, 256, 0, -1, -1, -1, 4, 998, 2;
1, 256, 0, -1, -1, -1, 4, 999, 2;
1, 256, 0, 1, 1, 1, 5, 1000, 3;
1, 256, 0, 0, 0, 0, 4, 999, 2;
1, 256, 0, 0, 0, 0, 4, 999, 2;
1, 256, 0, 0, 0, 0, 5, 1000, 3;
1, 256, 1, 1, 1, 1, 6, 1000, 3;
1, 256, 1, 1, 1, 1, 6, 1001, 4;
1, 256, 0, 0, 0, 0, 5, 1000, 3;
1, 256, 1, 1, 1, 1, 6, 1001, 4;
1, 256, 0, -1, -1, -1, 4, 999, 2;
1, 256, 0, -1, -1, -1, 4, 999, 2;
1, 256, 0, 0, 0, 0, 5, 1000, 3;
1, 256, 0, 0, 0, 0, 5, 1000, 3;
1, 256, 1, 1, 1, 1, 5, 1000, 3;
1, 256, 0, 0, 0, 0, 4, 999, 2;
1, 256, 0, 0, 0, 0, 5, 1000, 3;
1, 256, 0, 0, 0, 0, 5, 1000, 3;
1, 256, 0, 0, 0, 0, 4, 999, 2;
1, 256, 1, 1, 1, 1, 6, 1000, 4;
1, 256, 0, -1, -1, -1, 3, 998, 1;
1, 256, 1, 1, 1, 1, 6, 1001, 4;
1, 256, 0, 1, 1, 1, 5, 1000, 3;
1, 256, 0, 0, 0, 0, 4, 999, 2;
1, 256, 0, 0, 0, 0, 5, 1000, 3;
1, 256, 1, 1, 1, 1, 6, 1001, 4;
1, 256, 0, 0, 0, 0, 5, 1000, 3;
1, 256, 0, 0, 0, 0, 4, 999, 2;
1, 256, 0, 1, 1, 1, 5, 1000, 3;
1, 256, 0, 0, 0, 0, 4, 999, 2;
1, 256, 0, 1, 1, 1, 5, 1000, 3;
1, 256, 0, 0, 0, 0, 5, 1000, 3;
1, 256, 0, -1, -1, -1, 4, 999, 2;
1, 256, 0, 0, 0, 0, 4, 999, 2;
1, 256, 1, 1, 1, 1, 6, 1001, 4;
1, 256, 0, -1, -1, -1, 4, 998, 2;
1, 256, 0, 0, 0, 0, 4, 999, 2;
1, 256, 0, 0, 0, 0, 5, 1000, 3;
1, 256, 0, 1, 1, 1, 5, 1000, 3;
1, 256, 0, 0, 0, 0, 5, 1000, 3;
1, 256, 0, -1, -1, -1, 4, 999, 2;
1, 256, 1, 1, 1, 1, 5, 1000, 3;
1, 256, 0, 0, 0, 0, 4, 999, 2;
1, 256, 0, 0, 0, 0, 5, 1000, 3;
1, 256, 0, 0, 0, 0, 4, 999, 2;
1, 256, 0, 0, 0, 0, 5, 1000, 3;
1, 256, 0, -1, -1, -1, 4, 998, 1;
1, 256, 0, 0, 0, 0, 4, 999, 2;
1, 256, 0, -1, -1, -1, 4, 999, 2;
1, 256, 1, 1, 1, 1, 6, 1001, 4;
1, 256, 0, 0, 0, 0, 4, 999, 2;
1, 256, 0, 1, 1, 1, 5, 1000, 3;
1, 256, 0, 0, 0, 0, 5, 1000, 3;
1, 256, 0, -1, -1, -1, 4, 999, 2;
1, 256, 0, 0, 0, 0, 4, 999, 2;
1, 256, 0, 0, 0, 0, 5, 1000, 3;
1, 256, 0, -1, -1, -1, 3, 998, 1;
1, 256, 0, -1, -1, -1, 4, 999, 2;
1, 256, 0, 0, 0, 0, 5, 1000, 3;
1, 256, 0, -1, -1, -1, 4, 999, 2;
1, 256, 0, 0, 0, 0, 4, 999, 2;
1, 256, 0, -1, -1, -1, 4, 999, 2;
1, 256, 1, 1, 1, 1, 6, 1001, 4;
1, 256, 0, 0, 0, 0, 5, 1000, 3;
1, 256, 0, 0, 0, 0, 5, 1000, 3;
1, 256, 0, 1, 1, 1, 5, 1000, 3;
1, 256, 0, 0, 0, 0, 5, 1000, 3;
1, 256, 0, 0, 0, 0, 5, 1000, 3;
1, 256, 0, 0, 0, 0, 4, 999, 2;
1, 256, 0, -1, -1, -1, 3, 998, 1;
1, 256, 0, 0, 0, 0, 5, 1000, 3;
1, 256, 0, 0, 0, 0, 5, 1000, 3;
1, 256, 0, -1, -1, -1, 3, 998, 1;
1, 256, 0, 0, 0, 0, 5, 1000, 3;
1, 256, 0, 0, 0, 0, 4, 999, 2;
1, 256, 0, 0, 0, 0, 5, 1000, 3;
1, 256, 1, 1, 1, 1, 6, 1001, 4;
1, 256, 0, 0, 0, 0, 5, 1000, 3;
1, 256, 0, 0, 0, 0, 4, 999, 2;
1, 256, 0, 0, 0, 0, 5, 1000, 3;
1, 256, 0, -1, -1, -1, 4, 999, 2;
1, 256, 0, 0, 0, 0, 5, 1000, 3;
1, 256, 0, 0, 0, 0, 5, 1000, 3;
1, 256, 1, 1, 1, 1, 6, 1001, 4;
1, 256, 0, 0, 0, 0, 4, 999, 2;
1, 256, 1, 1, 1, 1, 6, 1001, 4;
1, 256, 0, 0, 0, 0, 5, 1000, 3;
1, 256, 0, -1, -1, -1, 4, 999, 2;
1, 256, 0, 0, 0, 0, 4, 999, 2;
1, 256, 1, 1, 1, 1, 6, 1001, 4;
1, 256, 0, 0, 0, 0, 4, 999, 2;
1, 256, 0, 0, 0, 0, 5, 1000, 3;
1, 256, 0, 0, 0, 0, 5, 1000, 3;
1, 256, 0, 0, 0, 0, 4, 999, 2;
1, 256, 0, 0, 0, 0, 5, 999, 2;
1, 256, 0, 0, 0, 0, 5, 1000, 3;
1, 256, 0, 0, 0, 0, 4, 999, 2;
1, 256, 0, 0, 0, 0, 4, 999, 2;
1, 256, 0, 0, 0, 0, 5, 1000, 3;
1, 256, 0, 0, 0, 0, 4, 999, 2;
1, 256, 0, 0, 0, 0, 5, 1000, 3;
1, 256, 0, 0, 0, 0, 4, 999, 2;
1, 256, 1, 1, 1, 1, 6, 1001, 4;
1, 256, 0, 0, 0, 0, 4, 999, 2;
1, 256, 0, 0, 0, 0, 5, 1000, 3;
1, 256, 0, 0, 0, 0, 5, 999, 3;
1, 256, 0, 0, 0, 0, 4, 999, 2;
1, 256, 0, 1, 1, 1, 5, 1000, 3;
1, 256, 0, 0, 0, 0, 4, 999, 2;
1, 256, 1, 1, 1, 1, 6, 1001, 4;
1, 256, 0, 0, 0, 0, 4, 999, 2;
1, 256, 0, 0, 0, 0, 5, 1000, 3;
1, 256, 0, 0, 0, 0, 5, 1000, 3;
1, 256, 0, 0, 0, 0, 5, 1000, 3;
1, 256, 0, -1, -1, -1, 4, 999, 2;
1, 256, 0, 0, 0, 0, 5, 1000, 3;
1, 256, 0, 0, 0, 0, 5, 1000, 3;
1, 256, 1, 1, 1, 1, 5, 1000, 3;
1, 256, 0, 0, 0, 0, 4, 999, 2;
1, 256, 0, 0, 0, 0, 5, 1000, 3;
0, 256, 0, -1, -1, -1, 3, 998, 1;
1, 256, 0, 0, 0, 0, 4, 999, 2;
1, 256, 0, 0, 0, 0, 4, 999, 2;
1, 256, 0, -1, -1, -1, 4, 999, 2;
1, 256, 0, 0, 0, 0, 4, 999, 2;
1, 256, 0, 0, 0, 0, 5, 999, 3;
1, 256, 0, 0, 0, 0, 5, 1000, 3;
1, 256, 0, 0, 0, 0, 5, 1000, 3;
1, 256, 0, -1, -1, -1, 4, 999, 2;
1, 256, 0, -1, -1, -1, 4, 999, 2;
1, 256, 0, 0, 0, 0, 5, 1000, 3;
1, 256, 0, 0, 0, 0, 5, 1000, 3;
1, 256, 1, 1, 1, 1, 5, 1000, 3;
1, 256, 0, 0, 0, 0, 4, 999, 2;
1, 256, 0, 0, 0, 0, 5, 1000, 3;
1, 256, 0, 0, 0, 0, 5, 999, 2;
1, 256, 0, 0, 0, 0, 5, 1000, 3;
1, 256, 0, 0, 0, 0, 4, 999, 2;
1, 256, 0, 0, 0, 0, 5, 1000, 3;
1, 256, 0, 0, 0, 0, 4, 999, 2;
1, 256, 0, 0, 0, 0, 4, 999, 2;
1, 256, 0, 0, 0, 0, 5, 1000, 3;
1, 256, 0, 0, 0, 0, 5, 1000, 3;
1, 256, 0, 0, 0, 0, 5, 1000, 3;
1, 256, 1, 1, 1, 1, 6, 1001, 4;
1, 256, 0, 0, 0, 0, 5, 1000, 3;
1, 256, 0, -1, -1, -1, 3, 998, 1;
1, 256, 0, 0, 0, 0, 5, 1000, 3;
1, 256, 0, 0, 0, 0, 5, 1000, 3;
1, 256, 1, 1, 1, 1, 6, 1001, 4;
1, 256, 0, 0, 0, 0, 5, 1000, 3;
1, 256, 0, 0, 0, 0, 5, 1000, 3;
1, 256, 0, 0, 0, 0, 4, 999, 2;
1, 256, 1, 1, 1, 1, 5, 1000, 3;
1, 256, 1, 1, 1, 1, 6, 1001, 4;
1, 256, 0, 0, 0, 0, 4, 999, 2;
1, 256, 1, 1, 1, 1, 6, 1001, 4;
1, 256, 1, 1, 1, 1, 6, 1000, 4;
1, 256, 0, -1, -1, -1, 4, 999, 2;
1, 256, 1, 1, 1, 1, 6, 1001, 4;
1, 256, 0, 0, 0, 0, 5, 1000, 3;
1, 256, 0, 0, 0, 0, 5, 1000, 3;
1, 256, 0, 0, 0, 0, 4, 999, 2;
1, 256, 0, 1, 1, 1, 5, 1000, 3;
1, 256, 0, -1, -1, -1, 4, 999, 2;
1, 256, 0, -1, -1, -1, 4, 998, 2;
1, 256, 0, 0, 0, 0, 5, 1000, 3;
1, 256, 0, 0, 0, 0, 5, 1000, 3;
1, 256, 0, 0, 0, 0, 5, 1000, 3;
1, 256, 1, 1, 1, 1, 6, 1001, 4;
1, 256, 0, 0, 0, 0, 4, 999, 2;
1, 256, 0, 0, 0, 0, 4, 999, 2;
1, 256, 0, -1, -1, -1, 4, 999, 2;
1, 256, 0, -1, -1, -1, 4, 999, 2;
1, 256, 0, -1, -1, -1, 4, 999, 2;
1, 256, 1, 1, 1, 1, 6, 1000, 3;
1, 256, 0, -1, -1, -1, 4, 998, 2;
1, 256, 0, 0, 0, 0, 5, 1000, 3;
1, 256, 0, 0, 0, 0, 5, 1000, 3;
1, 256, 0, 0, 0, 0, 5, 1000, 3;
1, 256, 0, 1, 1, 1, 5, 1000, 3;
1, 256, 0, 1, 1, 1, 5, 1000, 3;
1, 256, 0, 0, 0, 0, 4, 999, 2;
1, 256, 0, 0, 0, 0, 4, 999, 2;
1, 256, 0, 0, 0, 0, 5, 1000, 3;
0, 256, 0, -1, -1, -1, 3, 998, 1;
1, 256, 1, 1, 1, 1, 6, 1001, 4;
1, 256, 1, 1, 1, 1, 6, 1000, 3;
1, 256, 0, -1, -1, -1, 4, 998, 1;
1, 256, 0, 0, 0, 0, 4, 999, 2;
1, 256, 1, 1, 1, 1, 5, 1000, 3;
1, 256, 1, 1, 1, 1, 6, 1001, 4;
1, 256, 0, 0, 0, 0, 5, 1000, 3;
1, 256, 1, 1, 1, 1, 6, 1000, 3;
1, 256, 0, -1, -1, -1, 3, 998, 1;
1, 256, 0, 0, 0, 0, 4, 999, 2;
1, 256, 1, 1, 1, 1, 6, 1001, 4;
1, 256, 0, -1, -1, -1, 4, 999, 2;
1, 256, 0, 0, 0, 0, 5, 1000, 3;
1, 256, 0, -1, -1, -1, 4, 999, 2;
1, 256, 0, 0, 0, 0, 5, 1000, 3;
1, 256, 0, 0, 0, 0, 5, 1000, 3;
1, 256, 0, 0, 0, 0, 4, 999, 2;
1, 256, 0, 0, 0, 0, 4, 999, 2;
1, 256, 0, 0, 0, 0, 4, 999, 2;
1, 256, 0, -1, -1, -1, 4, 999, 2;
1, 256, 0, 0, 0, 0, 4, 999, 2;
1, 256, 0, 0, 0, 0, 5, 1000, 3;
1, 256, 0, 0, 0, 0, 4, 999, 2;
1, 256, 1, 1, 1, 1, 5, 1000, 3;
1, 256, 1, 1, 1, 1, 6, 1001, 4;
1, 256, 0, -1, -1, -1, 4, 999, 2;
1, 256, 0, 0, 0, 0, 5, 999, 3;
1, 256, 0, 0, 0, 0, 4, 999, 2;
1, 256, 0, -1, -1, -1, 4, 999, 2;
1, 256, 0, -1, -1, -1, 3, 998, 1;
1, 256, 0, 0, 0, 0, 4, 999, 2;
1, 256, 0, 0, 0, 0, 5, 999, 3;
1, 256, 0, 0, 0, 0, 5, 1000, 3;
1, 256, 0, 1, 1, 1, 5, 1000, 3;
1, 256, 0, 1, 1, 1, 5, 1000, 3;
1, 256, 1, 1, 1, 1, 6, 1001, 4;
1, 256, 0, -1, -1, -1, 3, 998, 1;
1, 256, 0, 0, 0, 0, 4, 999, 2;
1, 256, 0, -1, -1, -1, 4, 999, 2;
1, 256, 0, 1, 1, 1, 5, 1000, 3;
1, 256, 0, 0, 0, 0, 5, 1000, 3;
1, 256, 0, 1, 1, 1, 5, 1000, 3;
1, 256, 0, 0, 0, 0, 4, 999, 2;
1, 256, 0, 0, 0, 0, 4, 999, 2;
1, 256, 0, 0, 0, 0, 5, 1000, 3;
1, 256, 0, 0, 0, 0, 4, 999, 2;
1, 256, 0, 1, 1, 1, 5, 1000, 3;
1, 256, 0, 0, 0, 0, 5, 1000, 3;
1, 256, 0, -1, -1, -1, 4, 998, 1;
1, 256, 0, -1, -1, -1, 4, 999, 2;
1, 256, 0, 0, 0, 0, 5, 1000, 3;
1, 256, 1, 1, 1, 1, 6, 1001, 4;
1, 256, 1, 1, 1, 1, 6, 1001, 4;
1, 256, 0, 0, 0, 0, 5, 999, 2;
1, 256, 0, 0, 0, 0, 4, 999, 2;
1, 256, 1, 1, 1, 1, 6, 1001, 4;
1, 256, 0, -1, -1, -1, 4, 999, 2;
1, 256, 0, -1, -1, -1, 3, 998, 1;
1, 256, 0, 0, 0, 0, 5, 1000, 3;
1, 256, 0, -1, -1, -1, 4, 999, 2;
1, 256, 0, 0, 0, 0, 5, 1000, 3;
1, 256, 0, -1, -1, -1, 4, 998, 1;
1, 256, 0, 0, 0, 0, 4, 999, 2;
1, 256, 0, 0, 0, 0, 4, 999, 2;
1, 256, 0, 0, 0, 0, 5, 1000, 3;
1, 256, 0, 0, 0, 0, 5, 1000, 3;
1, 256, 0, 0, 0, 0, 4, 999, 2;
1, 256, 0, 0, 0, 0, 4, 999, 2;
0, 256, 0, -1, -1, -1, 3, 998, 1;
1, 256, 0, 0, 0, 0, 4, 999, 2;
1, 256, 0, 0, 0, 0, 4, 999, 2;
1, 256, 0, 1, 1, 1, 5, 1000, 3;
1, 256, 0, 0, 0, 0, 5, 1000, 3;
1, 256, 0, -1, -1, -1, 3, 998, 1;
1, 256, 0, 0, 0, 0, 4, 999, 2;
1, 256, 1, 1, 1, 1, 6, 1001, 4;
1, 256, 0, 1, 1, 1, 5, 1000, 3;
1, 256, 1, 1, 1, 1, 5, 1000, 3;
1, 256, 0, 0, 0, 0, 5, 1000, 3;
1, 256, 0, 0, 0, 0, 5, 999, 2;
1, 256, 0, 0, 0, 0, 5, 1000, 3;
1, 256, 0, 0, 0, 0, 5, 1000, 3;
1, 256, 0, -1, -1, -1, 4, 999, 2;
1, 256, 0, -1, -1, -1, 3, 998, 1;
1, 256, 0, -1, -1, -1, 4, 999, 2;
1, 256, 0, 1, 1, 1, 5, 1000, 3;
1, 256, 1, 1, 1, 1, 6, 1001, 4;
1, 256, 0, 0, 0, 0, 5, 1000, 3;
1, 256, 0, -1, -1, -1, 4, 999, 2;
1, 256, 1, 1, 1, 1, 5, 1000, 3;
1, 256, 0, -1, -1, -1, 3, 998, 1;
1, 256, 1, 1, 1, 1, 5, 1000, 3;
1, 256, 0, 0, 0, 0, 4, 999, 2;
1, 256, 0, -1, -1, -1, 4, 999, 2;
1, 256, 0, 0, 0, 0, 5, 1000, 3;
1, 256, 0, 0, 0, 0, 4, 999, 2;
1, 256, 0, -1, -1, -1, 4, 999, 2;
1, 256, 0, -1, -1, -1, 3, 998, 1;
1, 256, 0, 0, 0, 0, 5, 1000, 3;
1, 256, 0, 0, 0, 0, 5, 1000, 3;
1, 256, 0, 0, 0, 0, 4, 999, 2;
1, 256, 1, 1, 1, 1, 6, 1001, 4;
1, 256, 0, -1, -1, -1, 4, 999, 2;
1, 256, 0, 1, 1, 1, 5, 1000, 3;
1, 256, 1, 1, 1, 1, 5, 1000, 3;
1, 256, 0, 0, 0, 0, 5, 999, 3;
1, 256, 0, 0, 0, 0, 4, 999, 2;
1, 256, 0, -1, -1, -1, 4, 998, 2;
1, 256, 0, 0, 0, 0, 4, 999, 2;
1, 256, 0, 0, 0, 0, 5, 1000, 3;
1, 256, 0, 1, 1, 1, 5, 1000, 3;
1, 256, 1, 1, 1, 1, 6, 1000, 3;
1, 256, 1, 1, 1, 1, 5, 1000, 3;
1, 256, 0, 0, 0, 0, 5, 1000, 3;
1, 256, 0, 0, 0, 0, 5, 1000, 3;
1, 256, 0, -1, -1, -1, 3, 998, 1;
1, 256, 0, 0, 0, 0, 5, 1000, 3;
1, 256, 1, 1, 1, 1, 6, 1001, 4;
1, 256, 0, 0, 0, 0, 5, 1000, 3;
1, 256, 0, 1, 1, 1, 5, 1000, 3;
1, 256, 0, 0, 0, 0, 5, 1000, 3;
1, 256, 0, -1, -1, -1, 4, 999, 2;
1, 256, 0, -1, -1, -1, 4, 999, 2;
1, 256, 0, -1, -1, -1, 4, 999, 2;
1, 256, 0, 1, 1, 1, 5, 1000, 3;
1, 256, 0, 0, 0, 0, 5, 999, 3;
1, 256, 0, -1, -1, -1, 4, 999, 2;
1, 256, 0, 0, 0, 0, 4, 999, 2;
1, 256, 0, 0, 0, 0, 5, 1000, 3;
1, 256, 0, -1, -1, -1, 4, 999, 2;
1, 256, 0, 0, 0, 0, 4, 999, 2;
1, 256, 1, 1, 1, 1, 5, 1000, 3;
1, 256, 0, 0, 0, 0, 5, 1000, 3;
1, 256, 0, 0, 0, 0, 4, 999, 2;
1, 256, 1, 1, 1, 1, 6, 1001, 4;
1, 256, 0, 0, 0, 0, 4, 999, 2;
1, 256, 0, 0, 0, 0, 4, 999, 2;
1, 256, 0, 0, 0, 0, 5, 1000, 3;
1, 256, 0, -1, -1, -1, 3, 998, 1;
1, 256, 0, 0, 0, 0, 4, 999, 2;
1, 256, 0, 0, 0, 0, 5, 1000, 3;
1, 256, 0, 0, 0, 0, 5, 1000, 3;
1, 256, 0, -1, -1, -1, 4, 999, 2;
1, 256, 0, -1, -1, -1, 4, 999, 2;
1, 256, 0, 0, 0, 0, 4, 999, 2;
1, 256, 1, 1, 1, 1, 6, 1001, 4;
1, 256, 0, 0, 0, 0, 4, 999, 2;
1, 256, 0, -1, -1, -1, 4, 999, 2;
1, 256, 0, 0, 0, 0, 4, 999, 2;
1, 256, 0, 0, 0, 0, 5, 1000, 3;
1, 256, 0, 0, 0, 0, 4, 999, 2;
1, 256, 0, 0, 0, 0, 5, 1000, 3;
1, 256, 0, 0, 0, 0, 4, 999, 2;
1, 256, 0, 0, 0, 0, 4, 999, 2;
1, 256, 0, 1, 1, 1, 5, 1000, 3;
1, 256, 0, -1, -1, -1, 4, 999, 2;
1, 256, 0, 0, 0, 0, 5, 1000, 3;
1, 256, 0, 1, 1, 1, 5, 1000, 3;
1, 256, 0, 0, 0, 0, 5, 999, 2;
1, 256, 1, 1, 1, 1, 6, 1001, 4;
1, 256, 0, 0, 0, 0, 5, 1000, 3;
1, 256, 0, -1, -1, -1, 4, 999, 2;
1, 256, 0, -1, -1, -1, 4, 998, 2;
1, 256, 0, 0, 0, 0, 5, 1000, 3;
1, 256, 0, 0, 0, 0, 5, 999, 3;
1, 256, 0, 0, 0, 0, 5, 1000, 3;
1, 256, 0, -1, -1, -1, 4, 999, 2;
1, 256, 0, -1, -1, -1, 4, 998, 1;
1, 256, 0, 1, 1, 1, 5, 1000, 3;
1, 256, 0, 0, 0, 0, 4, 999, 2;
1, 256, 0, -1, -1, -1, 4, 999, 2;
1, 256, 1, 1, 1, 1, 6, 1001, 4;
1, 256, 0, 0, 0, 0, 5, 1000, 3;
1, 256, 0, 0, 0, 0, 5, 1000, 3;
1, 256, 0, -1, -1, -1, 4, 999, 2;
1, 256, 0, 0, 0, 0, 4, 999, 2;
1, 256, 0, 0, 0, 0, 5, 1000, 3;
1, 256, 1, 1, 1, 1, 5, 1000, 3;
1, 256, 0, 0, 0, 0, 5, 1000, 3;
1, 256, 0, -1, -1, -1, 4, 999, 2;
1, 256, 0, -1, -1, -1, 4, 998, 1;
1, 256, 0, 0, 0, 0, 4, 999, 2;
1, 256, 0, 1, 1, 1, 5, 1000, 3;
1, 256, 0, 0, 0, 0, 4, 999, 2;
1, 256, 1, 1, 1, 1, 5, 1000, 3;
1, 256, 0, -1, -1, -1, 4, 999, 2;
1, 256, 1, 1, 1, 1, 5, 1000, 3;
1, 256, 0, -1, -1, -1, 4, 999, 2;
1, 256, 0, 1, 1, 1, 5, 1000, 3;
1, 256, 0, -1, -1, -1, 4, 999, 2;
1, 256, 0, 0, 0, 0, 4, 999, 2;
1, 256, 0, 0, 0, 0, 5, 1000, 3;
1, 256, 0, -1, -1, -1, 4, 999, 2;
1, 256, 0, 1, 1, 1, 5, 1000, 3;
1, 256, 0, 0, 0, 0, 5, 1000, 3;
1, 256, 0, -1, -1, -1, 4, 999, 2;
1, 256, 0, -1, -1, -1, 4, 999, 2;
1, 256, 0, -1, -1, -1, 4, 999, 2;
1, 256, 0, 0, 0, 0, 5, 1000, 3;
1, 256, 1, 1, 1, 1, 6, 1000, 4;
1, 256, 0, 0, 0, 0, 5, 1000, 3;
1, 256, 1, 1, 1, 1, 6, 1000, 4;
0, 256, 0, -1, -1, -1, 3, 998, 1;
1, 256, 0, -1, -1, -1, 4, 999, 2;
1, 256, 0, 0, 0, 0, 4, 999, 2;
1, 256, 0, 0, 0, 0, 4, 999, 2;
0, 256, 0, -1, -1, -1, 3, 998, 1;
1, 256, 0, -1, -1, -1, 4, 998, 1;
1, 256, 0, 0, 0, 0, 5, 1000, 3;
1, 256, 0, 0, 0, 0, 5, 1000, 3;
1, 256, 0, 0, 0, 0, 5, 1000, 3;
1, 256, 0, 0, 0, 0, 5, 1000, 3;
1, 256, 0, 0, 0, 0, 5, 1000, 3;
1, 256, 0, 0, 0, 0, 4, 999, 2;
1, 256, 0, 0, 0, 0, 5, 999, 2;
1, 256, 0, 0, 0, 0, 5, 1000, 3;
1, 256, 0, 0, 0, 0, 5, 1000, 3;
1, 256, 0, 1, 1, 1, 5, 1000, 3;
1, 256, 0, 0, 0, 0, 4, 999, 2;
1, 256, 0, 0, 0, 0, 5, 1000, 3;
1, 256, 0, 0, 0, 0, 4, 999, 2;
0, 256, 0, -1, -1, -1, 3, 998, 1;
1, 256, 0, -1, -1, -1, 4, 998, 2;
1, 256, 0, 0, 0, 0, 5, 1000, 3;
1, 256, 0, 0, 0, 0, 5, 1000, 3;
1, 256, 0, -1, -1, -1, 4, 999, 2;
1, 256, 1, 1, 1, 1, 6, 1001, 4;
1, 256, 0, 0, 0, 0, 4, 999, 2;
1, 256, 0, -1, -1, -1, 4, 999, 2;
1, 256, 0, 0, 0, 0, 5, 999, 3;
1, 256, 0, -1, -1, -1, 3, 998, 1;
1, 256, 1, 1, 1, 1, 5, 1000, 3;
1, 256, 0, 0, 0, 0, 5, 1000, 3;
1, 256, 0, -1, -1, -1, 4, 999, 2;
1, 256, 0, -1, -1, -1, 4, 999, 2;
1, 256, 0, 1, 1, 1, 5, 1000, 3;
1, 256, 0, 0, 0, 0, 5, 1000, 3;
1, 256, 1, 1, 1, 1, 6, 1001, 4;
1, 256, 0, 0, 0, 0, 4, 999, 2;
1, 256, 0, 0, 0, 0, 5, 1000, 3;
1, 256, 0, -1, -1, -1, 4, 999, 2;
1, 256, 0, 1, 1, 1, 5, 1000, 3;
1, 256, 0, 0, 0, 0, 4, 999, 2;
1, 256, 1, 1, 1, 1, 6, 1001, 4;
1, 256, 0, 0, 0, 0, 5, 1000, 3;
1, 256, 0, 0, 0, 0, 5, 1000, 3;
1, 256, 0, -1, -1, -1, 3, 998, 1;
1, 256, 0, 0, 0, 0, 4, 999, 2;
1, 256, 0, -1, -1, -1, 3, 998, 1;
1, 256, 0, 0, 0, 0, 5, 1000, 3;
1, 256, 0, -1, -1, -1, 4, 998, 2;
1, 256, 0, 0, 0, 0, 5, 1000, 3;
1, 256, 0, -1, -1, -1, 4, 998, 2;
1, 256, 0, 0, 0, 0, 5, 1000, 3;
1, 256, 0, 0, 0, 0, 5, 1000, 3;
1, 256, 1, 1, 1, 1, 6, 1001, 4;
1, 256, 0, -1, -1, -1, 4, 999, 2;
1, 256, 0, -1, -1, -1, 4, 999, 2;
1, 256, 0, -1, -1, -1, 4, 999, 2;
1, 256, 0, 1, 1, 1, 5, 1000, 3;
1, 256, 0, -1, -1, -1, 4, 999, 2;
1, 256, 0, -1, -1, -1, 4, 999, 2;
1, 256, 1, 1, 1, 1, 6, 1001, 4;
1, 256, 0, 1, 1, 1, 5, 1000, 3;
1, 256, 0, 0, 0, 0, 5, 1000, 3;
1, 256, 0, 0, 0, 0, 4, 999, 2;
1, 256, 1, 1, 1, 1, 6, 1001, 4;
1, 256, 1, 1, 1, 1, 6, 1000, 4;
1, 256, 0, 0, 0, 0, 4, 999, 2;
1, 256, 1, 1, 1, 1, 6, 1001, 4;
1, 256, 0, 0, 0, 0, 4, 999, 2;
1, 256, 0, -1, -1, -1, 4, 999, 2;
1, 256, 0, 0, 0, 0, 5, 1000, 3;
1, 256, 0, 0, 0, 0, 4, 999, 2;
1, 256, 0, 0, 0, 0, 4, 999, 2;
1, 256, 1, 1, 1, 1, 6, 1001, 4;
1, 256, 0, -1, -1, -1, 4, 999, 2;
1, 256, 0, 0, 0, 0, 5, 1000, 3;
1, 256, 0, 1, 1, 1, 5, 1000, 3;
1, 256, 1, 1, 1, 1, 6, 1000, 4;
1, 256, 0, -1, -1, -1, 4, 999, 2;
1, 256, 0, 0, 0, 0, 4, 999, 2;
1, 256, 0, 1, 1, 1, 5, 1000, 3;
1, 256, 1, 1, 1, 1, 6, 1001, 4;
1, 256, 0, 1, 1, 1, 5, 1000, 3;
1, 256, 0, 1, 1, 1, 5, 1000, 3;
1, 256, 0, 0, 0, 0, 4, 999, 2;
1, 256, 0, 0, 0, 0, 5, 1000, 3;
1, 256, 0, -1, -1, -1, 4, 999, 2;
1, 256, 0, -1, -1, -1, 4, 999, 2;
1, 256, 0, 0, 0, 0, 5, 1000, 3;
1, 256, 0, -1, -1, -1, 4, 999, 2;
1, 256, 0, 1, 1, 1, 5, 1000, 3;
1, 256, 0, 0, 0, 0, 5, 1000, 3;
1, 256, 0, 0, 0, 0, 4, 999, 2;
1, 256, 0, -1, -1, -1, 4, 999, 2;
1, 256, 0, 0, 0, 0, 5, 1000, 3;
1, 256, 0, 0, 0, 0, 5, 999, 2;
1, 256, 0, 0, 0, 0, 4, 999, 2;
1, 256, 1, 1, 1, 1, 6, 1001, 4;
1, 256, 0, 0, 0, 0, 4, 999, 2;
1, 256, 0, -1, -1, -1, 4, 999, 2;
1, 256, 0, 0, 0, 0, 5, 1000, 3;
1, 256, 0, -1, -1, -1, 4, 999, 2;
1, 256, 0, 0, 0, 0, 4, 999, 2;
1, 256, 0, 0, 0, 0, 4, 999, 2;
1, 256, 1, 1, 1, 1, 6, 1001, 4;
1, 256, 0, 0, 0, 0, 4, 999, 2;
0, 256, 0, -1, -1, -1, 3, 998, 1;
1, 256, 0, 0, 0, 0, 5, 1000, 3;
1, 256, 1, 1, 1, 1, 6, 1001, 4;
1, 256, 0, -1, -1, -1, 4, 999, 2;
1, 256, 0, -1, -1, -1, 4, 999, 2;
1, 256, 0, 0, 0, 0, 4, 999, 2;
1, 256, 0, 0, 0, 0, 5, 1000, 3;
1, 256, 1, 1, 1, 1, 5, 1000, 3;
1, 256, 0, 0, 0, 0, 5, 1000, 3;
1, 256, 0, 0, 0, 0, 5, 1000, 3;
1, 256, 0, -1, -1, -1, 4, 999, 2;
1, 256, 0, 0, 0, 0, 4, 999, 2;
1, 256, 0, 1, 1, 1, 5, 1000, 3;
1, 256, 0, 0, 0, 0, 4, 999, 2;
1, 256, 0, 0, 0, 0, 4, 999, 2;
1, 256, 0, 0, 0, 0, 5, 1000, 3;
1, 256, 0, -1, -1, -1, 4, 999, 2;
1, 256, 1, 1, 1, 1, 6, 1001, 4;
1, 256, 0, 1, 1, 1, 5, 1000, 3;
1, 256, 1, 1, 1, 1, 6, 1001, 4;
1, 256, 0, 1, 1, 1, 5, 1000, 3;
1, 256, 0, -1, -1, -1, 3, 998, 1;
1, 256, 0, 0, 0, 0, 4, 999, 2;
1, 256, 0, 0, 0, 0, 5, 1000, 3;
1, 256, 1, 1, 1, 1, 5, 1000, 3;
1, 256, 1, 1, 1, 1, 6, 1000, 3;
1, 256, 0, 1, 1, 1, 5, 1000, 3;
1, 256, 0, 0, 0, 0, 5, 1000, 3;
1, 256, 0, 0, 0, 0, 4, 999, 2;
1, 256, 0, 0, 0, 0, 5, 1000, 3;
1, 256, 0, -1, -1, -1, 4, 999, 2;
1, 256, 0, 0, 0, 0, 5, 1000, 3;
1, 256, 0, 0, 0, 0, 5, 1000, 3;
1, 256, 0, 0, 0, 0, 5, 1000, 3;
1, 256, 1, 1, 1, 1, 6, 1001, 4;
1, 256, 0, -1, -1, -1, 4, 998, 2;
1, 256, 0, 1, 1, 1, 5, 1000, 3;
1, 256, 0, 0, 0, 0, 4, 999, 2;
1, 256, 0, 0, 0, 0, 5, 1000, 3;
1, 256, 0, 0, 0, 0, 4, 999, 2;
1, 256, 0, 0, 0, 0, 5, 1000, 3;
1, 256, 0, 0, 0, 0, 4, 999, 2;
1, 256, 0, 0, 0, 0, 4, 999, 2;
1, 256, 0, -1, -1, -1, 4, 999, 2;
1, 256, 0, 0, 0, 0, 4, 999, 2;
1, 256, 0, -1, -1, -1, 4, 998, 1;
1, 256, 0, 0, 0, 0, 5, 1000, 3;
1, 256, 0, 0, 0, 0, 5, 1000, 3;
1, 256, 1, 1, 1, 1, 6, 1001, 4;
1, 256, 0, -1, -1, -1, 4, 999, 2;
1, 256, 0, 0, 0, 0, 5, 1000, 3;
1, 256, 0, 0, 0, 0, 5, 1000, 3;
1, 256, 0, -1, -1, -1, 4, 999, 2;
1, 256, 0, 0, 0, 0, 4, 999, 2;
1, 256, 0, 0, 0, 0, 4, 999, 2;
1, 256, 0, 0, 0, 0, 5, 1000, 3;
1, 256, 1, 1, 1, 1, 6, 1001, 4;
1, 256, 0, 0, 0, 0, 5, 1000, 3;
1, 256, 0, 0, 0, 0, 5, 1000, 3;
1, 256, 1, 1, 1, 1, 5, 1000, 3;
1, 256, 1, 1, 1, 1, 6, 1001, 4;
1, 256, 0, -1, -1, -1, 4, 999, 2;
1, 256, 1, 1, 1, 1, 6, 1001, 4;
1, 256, 0, 1, 1, 1, 5, 1000, 3;
1, 256, 0, -1, -1, -1, 3, 998, 1;
1, 256, 0, -1, -1, -1, 4, 999, 2;
1, 256, 0, -1, -1, -1, 4, 999, 2;
1, 256, 0, -1, -1, -1, 4, 998, 1;
1, 256, 0, 0, 0, 0, 5, 1000, 3;
1, 256, 1, 1, 1, 1, 6, 1001, 4;
1, 256, 0, -1, -1, -1, 4, 998, 2;
1, 256, 1, 1, 1, 1, 6, 1000, 4;
1, 256, 1, 1, 1, 1, 6, 1001, 4;
1, 256, 0, -1, -1, -1, 3, 998, 1;
1, 256, 1, 1, 1, 1, 6, 1001, 4;
1, 256, 0, 0, 0, 0, 4, 999, 2;
1, 256, 0, 0, 0, 0, 5, 999, 3;
1, 256, 0, 1, 1, 1, 5, 1000, 3;
1, 256, 0, 0, 0, 0, 5, 1000, 3;
1, 256, 1, 1, 1, 1, 6, 1000, 4;
1, 256, 0, 1, 1, 1, 5, 1000, 3;
1, 256, 0, -1, -1, -1, 4, 999, 2;
1, 256, 0, -1, -1, -1, 4, 999, 2;
1, 256, 0, -1, -1, -1, 4, 999, 2;
1, 256, 0, 0, 0, 0, 5, 1000, 3;
1, 256, 0, 1, 1, 1, 5, 1000, 3;
1, 256, 0, 0, 0, 0, 5, 1000, 3;
1, 256, 0, 0, 0, 0, 5, 1000, 3;
1, 256, 0, -1, -1, -1, 4, 999, 2;
1, 256, 1, 1, 1, 1, 6, 1000, 3;
1, 256, 0, -1, -1, -1, 4, 998, 2;
1, 256, 0, 0, 0, 0, 4, 999, 2;
1, 256, 0, 0, 0, 0, 5, 1000, 3;
1, 256, 0, 0, 0, 0, 4, 999, 2;
1, 256, 0, -1, -1, -1, 4, 998, 2;
1, 256, 0, 0, 0, 0, 5, 1000, 3;
1, 256, 0, -1, -1, -1, 4, 999, 2;
1, 256, 1, 1, 1, 1, 6, 1001, 4;
1, 256, 0, -1, -1, -1, 4, 999, 2;
1, 256, 0, 0, 0, 0, 4, 999, 2;
1, 256, 0, 0, 0, 0, 5, 1000, 3;
0, 256, 0, -1, -1, -1, 3, 998, 1;
1, 256, 1, 1, 1, 1, 5, 1000, 3;
1, 256, 1, 1, 1, 1, 6, 1001, 4;
1, 256, 0, 0, 0, 0, 4, 999, 2;
1, 256, 0, 0, 0, 0, 5, 1000, 3;
1, 256, 0, -1, -1, -1, 3, 998, 1;
1, 256, 0, 0, 0, 0, 4, 999, 2;
1, 256, 0, 1, 1, 1, 5, 1000, 3;
1, 256, 0, 0, 0, 0, 4, 999, 2;
1, 256, 0, 1, 1, 1, 5, 1000, 3;
1, 256, 0, 0, 0, 0, 5, 1000, 3;
1, 256, 0, 0, 0, 0, 5, 1000, 3;
1, 256, 1, 1, 1, 1, 6, 1001, 4;
1, 256, 0, 0, 0, 0, 4, 999, 2;
1, 256, 0, 1, 1, 1, 5, 1000, 3;
1, 256, 1, 1, 1, 1, 5, 1000, 3;
1, 256, 0, 0, 0, 0, 5, 999, 3;
1, 256, 0, 0, 0, 0, 4, 999, 2;
1, 256, 0, 0, 0, 0, 5, 999, 2;
1, 256, 0, -1, -1, -1, 4, 998, 2;
1, 256, 0, 0, 0, 0, 4, 999, 2;
1, 256, 0, 0, 0, 0, 5, 1000, 3;
1, 256, 0, -1, -1, -1, 4, 999, 2;
1, 256, 1, 1, 1, 1, 6, 1001, 4;
1, 256, 1, 1, 1, 1, 6, 1001, 4;
1, 256, 0, 0, 0, 0, 4, 999, 2;
1, 256, 0, -1, -1, -1, 4, 999, 2;
1, 256, 0, 0, 0, 0, 5, 999, 3;
1, 256, 1, 1, 1, 1, 5, 1000, 3;
1, 256, 0, -1, -1, -1, 4, 999, 2;
1, 256, 0, -1, -1, -1, 3, 998, 1;
1, 256, 0, 0, 0, 0, 4, 999, 2;
1, 256, 1, 1, 1, 1, 6, 1000, 4;
1, 256, 1, 1, 1, 1, 6, 1001, 4;
1, 256, 0, 1, 1, 1, 5, 1000, 3;
1, 256, 0, -1, -1, -1, 3, 998, 1;
1, 256, 0, 1, 1, 1, 5, 1000, 3;
1, 256, 0, 1, 1, 1, 5, 1000, 3;
1, 256, 0, 1, 1, 1, 5, 1000, 3;
1, 256, 1, 1, 1, 1, 6, 1001, 4;
1, 256, 0, 1, 1, 1, 5, 1000, 3;
1, 256, 0, 0, 0, 0, 5, 1000, 3;
1, 256, 0, 0, 0, 0, 4, 999, 2;
1, 256, 0, -1, -1, -1, 3, 998, 1;
1, 256, 0, 0, 0, 0, 4, 999, 2;
1, 256, 0, -1, -1, -1, 4, 999, 2;
1, 256, 1, 1, 1, 1, 6, 1001, 4;
1, 256, 0, 0, 0, 0, 4, 999, 2;
1, 256, 0, -1, -1, -1, 4, 999, 2;
1, 256, 0, 0, 0, 0, 5, 999, 2;
1, 256, 0, 0, 0, 0, 5, 1000, 3;
1, 256, 0, 0, 0, 0, 4, 999, 2;
1, 256, 0, 0, 0, 0, 5, 1000, 3;
1, 256, 1, 1, 1, 1, 6, 1001, 4;
1, 256, 1, 1, 1, 1, 6, 1001, 4;
1, 256, 0, 0, 0, 0, 5, 999, 2;
1, 256, 0, 0, 0, 0, 5, 1000, 3;
1, 256, 0, 0, 0, 0, 5, 1000, 3;
1, 256, 0, 0, 0, 0, 4, 999, 2;
1, 256, 0, 0, 0, 0, 4, 999, 2;
1, 256, 1, 1, 1, 1, 6, 1001, 4;
1, 256, 0, 1, 1, 1, 5, 1000, 3;
1, 256, 1, 1, 1, 1, 6, 1001, 4;
1, 256, 0, 0, 0, 0, 5, 1000, 3;
1, 256, 0, 0, 0, 0, 5, 1000, 3;
1, 256, 1, 1, 1, 1, 6, 1001, 4;
1, 256, 1, 1, 1, 1, 5, 1000, 3;
1, 256, 0, -1, -1, -1, 3, 998, 1;
1, 256, 0, 1, 1, 1, 5, 1000, 3;
1, 256, 0, 0, 0, 0, 5, 1000, 3;
1, 256, 0, -1, -1, -1, 4, 999, 2;
1, 256, 0, 0, 0, 0, 4, 999, 2;
1, 256, 1, 1, 1, 1, 6, 1000, 4;
1, 256, 1, 1, 1, 1, 6, 1000, 3;
1, 256, 1, 1, 1, 1, 6, 1001, 4;
1, 256, 0, 0, 0, 0, 4, 999, 2;
1, 256, 0, 0, 0, 0, 5, 999, 3;
1, 256, 0, 0, 0, 0, 4, 999, 2;
1, 256, 1, 1, 1, 1, 6, 1000, 3;
1, 256, 0, -1, -1, -1, 3, 998, 1;
1, 256, 0, 0, 0, 0, 4, 999, 2;
1, 256, 1, 1, 1, 1, 6, 1001, 4;
1, 256, 0, 1, 1, 1, 5, 1000, 3;
1, 256, 0, 0, 0, 0, 4, 999, 2;
1, 256, 0, 0, 0, 0, 4, 999, 2;
1, 256, 0, 0, 0, 0, 4, 999, 2;
1, 256, 0, 0, 0, 0, 4, 999, 2;
1, 256, 0, 0, 0, 0, 4, 999, 2;
1, 256, 0, 0, 0, 0, 5, 1000, 3;
1, 256, 0, -1, -1, -1, 4, 998, 2;
1, 256, 1, 1, 1, 1, 6, 1001, 4;
1, 256, 0, 1, 1, 1, 5, 1000, 3;
1, 256, 1, 1, 1, 1, 6, 1001, 4;
1, 256, 0, 0, 0, 0, 4, 999, 2;
1, 256, 0, 0, 0, 0, 5, 1000, 3;
1, 256, 0, 0, 0, 0, 4, 999, 2;
1, 256, 1, 1, 1, 1, 6, 1001, 4;
1, 256, 1, 1, 1, 1, 6, 1001, 4;
1, 256, 0, -1, -1, -1, 4, 998, 1;
1, 256, 0, 0, 0, 0, 4, 999, 2;
1, 256, 0, -1, -1, -1, 4, 999, 2;
1, 256, 0, 0, 0, 0, 5, 1000, 3;
1, 256, 0, -1, -1, -1, 4, 998, 2;
1, 256, 1, 1, 1, 1, 6, 1000, 3;
1, 256, 0, 0, 0, 0, 4, 999, 2;
1, 256, 0, -1, -1, -1, 3, 998, 1;
1, 256, 0, -1, -1, -1, 3, 998, 1;
1, 256, 0, 0, 0, 0, 5, 1000, 3;
1, 256, 0, -1, -1, -1, 4, 999, 2;
1, 256, 0, 0, 0, 0, 4, 999, 2;
1, 256, 0, 0, 0, 0, 5, 1000, 3;
1, 256, 0, 0, 0, 0, 4, 999, 2;
1, 256, 0, -1, -1, -1, 4, 999, 2;
1, 256, 0, 0, 0, 0, 5, 999, 3;
1, 256, 0, -1, -1, -1, 4, 999, 2;
1, 256, 0, -1, -1, -1, 4, 999, 2;
1, 256, 0, 0, 0, 0, 5, 1000, 3;
1, 256, 0, 0, 0, 0, 4, 999, 2;
1, 256, 0, -1, -1, -1, 4, 998, 2;
1, 256, 0, 0, 0, 0, 4, 999, 2;
1, 256, 0, 0, 0, 0, 5, 1000, 3;
1, 256, 0, 0, 0, 0, 4, 999, 2;
1, 256, 0, 0, 0, 0, 5, 1000, 3;
1, 256, 0, 0, 0, 0, 5, 1000, 3;
1, 256, 1, 1, 1, 1, 6, 1001, 4;
1, 256, 0, -1, -1, -1, 4, 999, 2;
1, 256, 0, -1, -1, -1, 4, 999, 2;
1, 256, 0, 0, 0, 0, 4, 999, 2;
1, 256, 0, 0, 0, 0, 5, 1000, 3;
1, 256, 0, 0, 0, 0, 5, 1000, 3;
1, 256, 1, 1, 1, 1, 6, 1001, 4;
0, 256, 0, -1, -1, -1, 3, 998, 1;
1, 256, 0, -1, -1, -1, 4, 999, 2;
1, 256, 0, 0, 0, 0, 5, 1000, 3;
1, 256, 0, 1, 1, 1, 5, 1000, 3;
1, 256, 0, -1, -1, -1, 4, 998, 1;
1, 256, 0, -1, -1, -1, 4, 999, 2;
1, 256, 1, 1, 1, 1, 5, 1000, 3;
1, 256, 0, 0, 0, 0, 5, 1000, 3;
1, 256, 0, -1, -1, -1, 4, 998, 2;
1, 256, 0, 1, 1, 1, 5, 1000, 3;
1, 256, 1, 1, 1, 1, 6, 1001, 4;
1, 256, 0, 0, 0, 0, 5, 1000, 3;
1, 256, 0, 1, 1, 1, 5, 1000, 3;
1, 256, 0, 0, 0, 0, 5, 1000, 3;
1, 256, 0, 0, 0, 0, 5, 1000, 3;
1, 256, 0, -1, -1, -1, 4, 998, 2;
1, 256, 0, -1, -1, -1, 4, 999, 2;
1, 256, 0, -1, -1, -1, 4, 999, 2;
1, 256, 0, -1, -1, -1, 4, 999, 2;
1, 256, 0, 0, 0, 0, 4, 999, 2;
1, 256, 0, 1, 1, 1, 5, 1000, 3;
1, 256, 1, 1, 1, 1, 6, 1001, 4;
1, 256, 0, 1, 1, 1, 5, 1000, 3;
1, 256, 0, -1, -1, -1, 4, 999, 2;
1, 256, 0, 0, 0, 0, 5, 999, 3;
1, 256, 0, 0, 0, 0, 5, 1000, 3;
1, 256, 0, -1, -1, -1, 4, 998, 1;
1, 256, 0, -1, -1, -1, 4, 999, 2;
1, 256, 0, 0, 0, 0, 5, 1000, 3;
1, 256, 0, 0, 0, 0, 5, 1000, 3;
1, 256, 1, 1, 1, 1, 6, 1001, 4;
1, 256, 0, 0, 0, 0, 4, 999, 2;
1, 256, 0, 0, 0, 0, 5, 999, 3;
1, 256, 1, 1, 1, 1, 5, 1000, 3;
1, 256, 0, 1, 1, 1, 5, 1000, 3;
1, 256, 0, 0, 0, 0, 5, 1000, 3;
1, 256, 1, 1, 1, 1, 6, 1001, 4;
1, 256, 0, 0, 0, 0, 4, 999, 2;
1, 256, 0, 0, 0, 0, 5, 1000, 3;
1, 256, 0, 0, 0, 0, 4, 999, 2;
1, 256, 1, 1, 1, 1, 6, 1001, 4;
1, 256, 0, 0, 0, 0, 4, 999, 2;
1, 256, 1, 1, 1, 1, 5, 1000, 3;
1, 256, 0, 0, 0, 0, 4, 999, 2;
1, 256, 0, 0, 0, 0, 4, 999, 2;
1, 256, 0, -1, -1, -1, 3, 998, 1;
1, 256, 0, -1, -1, -1, 4, 999, 2;
1, 256, 0, -1, -1, -1, 4, 999, 2;
1, 256, 1, 1, 1, 1, 5, 1000, 3;
1, 256, 0, 0, 0, 0, 4, 999, 2;
1, 256, 0, -1, -1, -1, 4, 999, 2;
1, 256, 1, 1, 1, 1, 6, 1001, 4;
1, 256, 1, 1, 1, 1, 6, 1001, 4;
1, 256, 1, 1, 1, 1, 6, 1001, 4;
1, 256, 0, 0, 0, 0, 4, 999, 2;
1, 256, 0, -1, -1, -1, 4, 998, 2;
1, 256, 1, 1, 1, 1, 5, 1000, 3;
1, 256, 0, 0, 0, 0, 5, 999, 3;
1, 256, 0, 1, 1, 1, 5, 1000, 3;
1, 256, 0, -1, -1, -1, 4, 999, 2;
1, 256, 1, 1, 1, 1, 6, 1001, 4;
1, 256, 0, -1, -1, -1, 4, 999, 2;
1, 256, 1, 1, 1, 1, 5, 1000, 3;
1, 256, 0, 0, 0, 0, 4, 999, 2;
1, 256, 0, 0, 0, 0, 4, 999, 2;
1, 256, 0, 0, 0, 0, 4, 999, 2;
1, 256, 0, -1, -1, -1, 4, 998, 1;
1, 256, 0, 0, 0, 0, 4, 999, 2;
1, 256, 0, 0, 0, 0, 5, 1000, 3;
1, 256, 0, 1, 1, 1, 5, 1000, 3;
1, 256, 0, -1, -1, -1, 3, 998, 1;
1, 256, 0, 0, 0, 0, 4, 999, 2;
1, 256, 0, -1, -1, -1, 4, 999, 2;
1, 256, 0, -1, -1, -1, 3, 998, 1;
1, 256, 1, 1, 1, 1, 5, 1000, 3;
1, 256, 0, -1, -1, -1, 4, 999, 2;
1, 256, 1, 1, 1, 1, 5, 1000, 3;
1, 256, 0, 0, 0, 0, 4, 999, 2;
1, 256, 0, 0, 0, 0, 4, 999, 2;
1, 256, 0, 0, 0, 0, 4, 999, 2;
1, 256, 0, 1, 1, 1, 5, 1000, 3;
1, 256, 0, 0, 0, 0, 4, 999, 2;
1, 256, 1, 1, 1, 1, 6, 1001, 4;
1, 256, 0, -1, -1, -1, 4, 999, 2;
1, 256, 0, 0, 0, 0, 4, 999, 2;
1, 256, 0, 1, 1, 1, 5, 1000, 3;
1, 256, 0, -1, -1, -1, 4, 999, 2;
1, 256, 0, 0, 0, 0, 4, 999, 2;
1, 256, 0, 0, 0, 0, 5, 999, 3;
1, 256, 1, 1, 1, 1, 6, 1000, 4;
1, 256, 0, 0, 0, 0, 5, 1000, 3;
1, 256, 1, 1, 1, 1, 6, 1001, 4;
1, 256, 0, 0, 0, 0, 4, 999, 2;
1, 256, 0, -1, -1, -1, 4, 999, 2;
1, 256, 0, -1, -1, -1, 4, 998, 1;
1, 256, 0, 0, 0, 0, 5, 1000, 3;
1, 256, 0, 0, 0, 0, 5, 1000, 3;
1, 256, 0, 0, 0, 0, 5, 1000, 3;
1, 256, 0, 0, 0, 0, 5, 1000, 3;
1, 256, 0, -1, -1, -1, 4, 999, 2;
1, 256, 1, 1, 1, 1, 5, 1000, 3;
1, 256, 0, 0, 0, 0, 5, 1000, 3;
0, 256, 0, -1, -1, -1, 3, 998, 1;
1, 256, 1, 1, 1, 1, 6, 1000, 4;
1, 256, 0, 1, 1, 1, 5, 1000, 3;
1, 256, 0, 0, 0, 0, 5, 1000, 3;
1, 256, 0, -1, -1, -1, 3, 998, 1;
1, 256, 0, 1, 1, 1, 5, 1000, 3;
1, 256, 0, 0, 0, 0, 4, 999, 2;
1, 256, 0, 0, 0, 0, 4, 999, 2;
1, 256, 1, 1, 1, 1, 6, 1001, 4;
1, 256, 0, 0, 0, 0, 5, 1000, 3;
1, 256, 1, 1, 1, 1, 5, 1000, 3;
1, 256, 0, -1, -1, -1, 4, 999, 2;
1, 256, 0, 0, 0, 0, 4, 999, 2;
1, 256, 0, 0, 0, 0, 5, 1000, 3;
1, 256, 0, 0, 0, 0, 5, 1000, 3;
1, 256, 0, 0, 0, 0, 5, 1000, 3;
1, 256, 0, 0, 0, 0, 5, 1000, 3;
1, 256, 0, 0, 0, 0, 5, 1000, 3;
1, 256, 0, 1, 1, 1, 5, 1000, 3;
1, 256, 0, 0, 0, 0, 5, 1000, 3;
1, 256, 1, 1, 1, 1, 6, 1001, 4;
1, 256, 0, 1, 1, 1, 5, 1000, 3;
1, 256, 0, 0, 0, 0, 5, 1000, 3;
1, 256, 0, 1, 1, 1, 5, 1000, 3;
1, 256, 0, -1, -1, -1, 4, 999, 2;
1, 256, 0, 0, 0, 0, 5, 999, 2;
1, 256, 0, 0, 0, 0, 5, 1000, 3;
1, 256, 0, 1, 1, 1, 5, 1000, 3;
1, 256, 0, 0, 0, 0, 5, 1000, 3;
1, 256, 0, 0, 0, 0, 5, 999, 3;
1, 256, 0, -1, -1, -1, 4, 999, 2;
1, 256, 1, 1, 1, 1, 6, 1000, 4;
1, 256, 0, -1, -1, -1, 4, 999, 2;
1, 256, 0, 0, 0, 0, 5, 1000, 3;
1, 256, 0, 0, 0, 0, 5, 999, 2;
1, 256, 0, 0, 0, 0, 5, 1000, 3;
1, 256, 1, 1, 1, 1, 6, 1000, 4;
1, 256, 1, 1, 1, 1, 5, 1000, 3;
1, 256, 0, -1, -1, -1, 4, 999, 2;
1, 256, 0, -1, -1, -1, 4, 999, 2;
1, 256, 1, 1, 1, 1, 6, 1000, 4;
1, 256, 0, 0, 0, 0, 5, 1000, 3;
1, 256, 0, -1, -1, -1, 4, 999, 2;
1, 256, 0, -1, -1, -1, 4, 998, 1;
1, 256, 0, 0, 0, 0, 5, 1000, 3;
1, 256, 0, 0, 0, 0, 5, 1000, 3;
1, 256, 0, 0, 0, 0, 5, 1000, 3;
1, 256, 1, 1, 1, 1, 6, 1000, 3;
1, 256, 0, 0, 0, 0, 5, 1000, 3;
1, 256, 0, 0, 0, 0, 4, 999, 2;
1, 256, 0, 0, 0, 0, 4, 999, 2;
1, 256, 0, 1, 1, 1, 5, 1000, 3;
1, 256, 0, -1, -1, -1, 4, 999, 2;
1, 256, 0, 0, 0, 0, 5, 1000, 3;
1, 256, 0, -1, -1, -1, 4, 999, 2;
1, 256, 0, -1, -1, -1, 4, 999, 2;
1, 256, 0, -1, -1, -1, 4, 999, 2;
1, 256, 1, 1, 1, 1, 6, 1001, 4;
1, 256, 0, 0, 0, 0, 5, 1000, 3;
1, 256, 0, -1, -1, -1, 4, 998, 2;
1, 256, 0, 0, 0, 0, 5, 1000, 3;
1, 256, 0, 0, 0, 0, 5, 1000, 3;
1, 256, 0, 1, 1, 1, 5, 1000, 3;
1, 256, 1, 1, 1, 1, 6, 1001, 4;
1, 256, 0, 1, 1, 1, 5, 1000, 3;
1, 256, 0, -1, -1, -1, 4, 999, 2;
1, 256, 1, 1, 1, 1, 6, 1001, 4;
1, 256, 0, 1, 1, 1, 5, 1000, 3;
1, 256, 0, 0, 0, 0, 5, 1000, 3;
1, 256, 0, 0, 0, 0, 4, 999, 2;
1, 256, 0, 0, 0, 0, 5, 999, 3;
1, 256, 0, -1, -1, -1, 3, 998, 1;
1, 256, 0, -1, -1, -1, 4, 999, 2;
1, 256, 0, 1, 1, 1, 5, 1000, 3;
1, 256, 0, -1, -1, -1, 4, 999, 2;
1, 256, 0, 1, 1, 1, 5, 1000, 3;
1, 256, 0, -1, -1, -1, 3, 998, 1;
1, 256, 1, 1, 1, 1, 6, 1001, 4;
1, 256, 0, 0, 0, 0, 4, 999, 2;
1, 256, 1, 1, 1, 1, 6, 1001, 4;
1, 256, 1, 1, 1, 1, 6, 1000, 4;
1, 256, 0, 0, 0, 0, 4, 999, 2;
1, 256, 0, 0, 0, 0, 4, 999, 2;
1, 256, 1, 1, 1, 1, 6, 1001, 4;
1, 256, 1, 1, 1, 1, 6, 1001, 4;
1, 256, 0, 0, 0, 0, 4, 999, 2;
1, 256, 0, 0, 0, 0, 5, 1000, 3;
1, 256, 0, 0, 0, 0, 5, 1000, 3;
1, 256, 0, 0, 0, 0, 4, 999, 2;
1, 256, 0, 0, 0, 0, 5, 1000, 3;
1, 256, 0, 0, 0, 0, 5, 1000, 3;
1, 256, 0, 0, 0, 0, 5, 1000, 3;
1, 256, 0, -1, -1, -1, 4, 999, 2;
1, 256, 0, -1, -1, -1, 4, 999, 2;
1, 256, 1, 1, 1, 1, 6, 1001, 4;
1, 256, 0, -1, -1, -1, 4, 999, 2;
1, 256, 0, 0, 0, 0, 5, 999, 3;
1, 256, 1, 1, 1, 1, 6, 1001, 4;
1, 256, 0, 0, 0, 0, 4, 999, 2;
1, 256, 0, -1, -1, -1, 4, 999, 2;
1, 256, 0, 0, 0, 0, 4, 999, 2;
1, 256, 0, -1, -1, -1, 4, 999, 2;
1, 256, 0, 0, 0, 0, 5, 1000, 3;
1, 256, 0, 0, 0, 0, 5, 1000, 3;
1, 256, 0, 0, 0, 0, 4, 999, 2;
1, 256, 0, 1, 1, 1, 5, 1000, 3;
1, 256, 0, -1, -1, -1, 3, 998, 1;
1, 256, 0, 0, 0, 0, 5, 999, 2;
1, 256, 0, 0, 0, 0, 5, 1000, 3;
1, 256, 0, 0, 0, 0, 5, 1000, 3;
1, 256, 0, 0, 0, 0, 4, 999, 2;
1, 256, 0, 0, 0, 0, 5, 1000, 3;
1, 256, 1, 1, 1, 1, 6, 1001, 4;
1, 256, 0, -1, -1, -1, 4, 999, 2;
1, 256, 0, 0, 0, 0, 5, 1000, 3;
1, 256, 0, 0, 0, 0, 4, 999, 2;
1, 256, 0, 0, 0, 0, 5, 1000, 3;
1, 256, 0, -1, -1, -1, 3, 998, 1;
1, 256, 0, 0, 0, 0, 5, 1000, 3;
1, 256, 0, 1, 1, 1, 5, 1000, 3;
1, 256, 0, -1, -1, -1, 4, 999, 2;
1, 256, 0, -1, -1, -1, 4, 999, 2;
1, 256, 0, 1, 1, 1, 5, 1000, 3;
1, 256, 0, -1, -1, -1, 4, 999, 2;
1, 256, 0, -1, -1, -1, 4, 999, 2;
1, 256, 0, 0, 0, 0, 4, 999, 2;
1, 256, 1, 1, 1, 1, 6, 1001, 4;
1, 256, 0, 0, 0, 0, 5, 1000, 3;
1, 256, 0, 0, 0, 0, 4, 999, 2;
1, 256, 0, 0, 0, 0, 4, 999, 2;
1, 256, 0, 0, 0, 0, 5, 999, 3;
1, 256, 0, 0, 0, 0, 5, 1000, 3;
1, 256, 0, 0, 0, 0, 5, 999, 3;
1, 256, 0, -1, -1, -1, 4, 998, 2;
1, 256, 0, -1, -1, -1, 4, 998, 2;
1, 256, 0, 0, 0, 0, 4, 999, 2;
1, 256, 0, 0, 0, 0, 5, 1000, 3;
1, 256, 0, 0, 0, 0, 5, 1000, 3;
1, 256, 0, 0, 0, 0, 4, 999, 2;
1, 256, 0, -1, -1, -1, 3, 998, 1;
1, 256, 0, -1, -1, -1, 4, 998, 2;
1, 256, 0, 0, 0, 0, 4, 999, 2;
1, 256, 0, 0, 0, 0, 5, 1000, 3;
1, 256, 0, -1, -1, -1, 4, 999, 2;
1, 256, 0, 0, 0, 0, 4, 999, 2;
1, 256, 0, 0, 0, 0, 5, 1000, 3;
1, 256, 0, 0, 0, 0, 4, 999, 2;
1, 256, 0, -1, -1, -1, 4, 999, 2;
1, 256, 0, 0, 0, 0, 4, 999, 2;
1, 256, 0, -1, -1, -1, 4, 999, 2;
1, 256, 0, -1, -1, -1, 4, 999, 2;
1, 256, 1, 1, 1, 1, 6, 1001, 4;
1, 256, 0, 1, 1, 1, 5, 1000, 3;
1, 256, 1, 1, 1, 1, 6, 1000, 4;
1, 256, 0, 1, 1, 1, 5, 1000, 3;
1, 256, 0, 0, 0, 0, 4, 999, 2;
1, 256, 0, 1, 1, 1, 5, 1000, 3;
1, 256, 0, 1, 1, 1, 5, 1000, 3;
1, 256, 1, 1, 1, 1, 6, 1001, 4;
1, 256, 0, 0, 0, 0, 5, 1000, 3;
1, 256, 0, 0, 0, 0, 4, 999, 2;
1, 256, 0, 0, 0, 0, 5, 1000, 3;
1, 256, 0, 0, 0, 0, 4, 999, 2;
1, 256, 0, 0, 0, 0, 5, 1000, 3;
1, 256, 0, 0, 0, 0, 5, 999, 3;
1, 256, 0, -1, -1, -1, 3, 998, 1;
1, 256, 0, 0, 0, 0, 4, 999, 2;
1, 256, 0, 0, 0, 0, 5, 1000, 3;
1, 256, 0, 0, 0, 0, 5, 1000, 3;
1, 256, 1, 1, 1, 1, 6, 1000, 3;
1, 256, 0, -1, -1, -1, 4, 998, 2;
1, 256, 1, 1, 1, 1, 6, 1001, 4;
1, 256, 0, -1, -1, -1, 4, 999, 2;
1, 256, 0, -1, -1, -1, 4, 998, 1;
1, 256, 0, 1, 1, 1, 5, 1000, 3;
1, 256, 1, 1, 1, 1, 6, 1001, 4;
1, 256, 0, -1, -1, -1, 3, 998, 1;
1, 256, 0, 0, 0, 0, 5, 999, 3;
1, 256, 1, 1, 1, 1, 6, 1001, 4;
1, 256, 0, 0, 0, 0, 5, 999, 3;
1, 256, 0, -1, -1, -1, 4, 999, 2;
1, 256, 0, 0, 0, 0, 4, 999, 2;
1, 256, 0, -1, -1, -1, 4, 999, 2;
1, 256, 0, 0, 0, 0, 4, 999, 2;
1, 256, 0, 1, 1, 1, 5, 1000, 3;
1, 256, 0, 0, 0, 0, 5, 1000, 3;
1, 256, 0, -1, -1, -1, 3, 998, 1;
1, 256, 1, 1, 1, 1, 6, 1000, 4;
1, 256, 0, 0, 0, 0, 4, 999, 2;
1, 256, 0, 0, 0, 0, 4, 999, 2;
1, 256, 0, 0, 0, 0, 5, 1000, 3;
1, 256, 0, 0, 0, 0, 4, 999, 2;
1, 256, 0, 0, 0, 0, 5, 1000, 3;
1, 256, 0, 1, 1, 1, 5, 1000, 3;
1, 256, 0, -1, -1, -1, 3, 998, 1;
1, 256, 0, 0, 0, 0, 5, 1000, 3;
1, 256, 0, -1, -1, -1, 4, 999, 2;
1, 256, 0, 0, 0, 0, 4, 999, 2;
1, 256, 0, 0, 0, 0, 4, 999, 2;
1, 256, 0, 0, 0, 0, 4, 999, 2;
1, 256, 0, 0, 0, 0, 4, 999, 2;
1, 256, 0, -1, -1, -1, 4, 999, 2;
1, 256, 0, 0, 0, 0, 5, 1000, 3;
1, 256, 0, 1, 1, 1, 5, 1000, 3;
1, 256, 0, 0, 0, 0, 5, 1000, 3;
1, 256, 0, 0, 0, 0, 4, 999, 2;
1, 256, 1, 1, 1, 1, 6, 1001, 4;
1, 256, 1, 1, 1, 1, 6, 1000, 4;
1, 256, 0, 0, 0, 0, 5, 1000, 3;
1, 256, 0, 0, 0, 0, 5, 999, 3;
1, 256, 0, -1, -1, -1, 3, 998, 1;
1, 256, 0, -1, -1, -1, 4, 999, 2;
1, 256, 0, 0, 0, 0, 5, 1000, 3;
1, 256, 0, 0, 0, 0, 4, 999, 2;
1, 256, 0, 0, 0, 0, 4, 999, 2;
1, 256, 0, -1, -1, -1, 3, 998, 1;
1, 256, 0, 1, 1, 1, 5, 1000, 3;
1, 256, 0, 0, 0, 0, 4, 999, 2;
1, 256, 0, -1, -1, -1, 3, 998, 1;
1, 256, 0, 0, 0, 0, 4, 999, 2;
1, 256, 0, 0, 0, 0, 5, 1000, 3;
1, 256, 0, 0, 0, 0, 4, 999, 2;
1, 256, 0, 0, 0, 0, 4, 999, 2;
1, 256, 0, 0, 0, 0, 5, 1000, 3;
1, 256, 0, 1, 1, 1, 5, 1000, 3;
1, 256, 1, 1, 1, 1, 6, 1001, 4;
1, 256, 0, 0, 0, 0, 5, 1000, 3;
1, 256, 0, 0, 0, 0, 5, 1000, 3;
1, 256, 0, 0, 0, 0, 4, 999, 2;
1, 256, 0, -1, -1, -1, 4, 999, 2;
1, 256, 0, 0, 0, 0, 4, 999, 2;
1, 256, 0, 1, 1, 1, 5, 1000, 3;
1, 256, 1, 1, 1, 1, 6, 1001, 4;
0, 256, 0, -1, -1, -1, 3, 998, 1;
1, 256, 0, 0, 0, 0, 5, 1000, 3;
1, 256, 0, 0, 0, 0, 4, 999, 2;
1, 256, 0, -1, -1, -1, 3, 998, 1;
1, 256, 0, -1, -1, -1, 4, 998, 2;
1, 256, 0, 0, 0, 0, 5, 1000, 3;
1, 256, 1, 1, 1, 1, 6, 1000, 3;
1, 256, 0, -1, -1, -1, 4, 999, 2;
1, 256, 1, 1, 1, 1, 6, 1001, 4;
1, 256, 0, 0, 0, 0, 5, 999, 3;
0, 256, 0, -1, -1, -1, 3, 998, 1;
1, 256, 0, 0, 0, 0, 5, 1000, 3;
1, 256, 0, 0, 0, 0, 4, 999, 2;
1, 256, 0, 0, 0, 0, 4, 999, 2;
1, 256, 1, 1, 1, 1, 6, 1001, 4;
1, 256, 0, 0, 0, 0, 5, 1000, 3;
1, 256, 0, 0, 0, 0, 4, 999, 2;
1, 256, 0, 1, 1, 1, 5, 1000, 3;
1, 256, 0, -1, -1, -1, 4, 998, 1;
1, 256, 0, 0, 0, 0, 4, 999, 2;
1, 256, 0, -1, -1, -1, 4, 999, 2;
1, 256, 0, 1, 1, 1, 5, 1000, 3;
1, 256, 0, 0, 0, 0, 5, 1000, 3;
1, 256, 0, 0, 0, 0, 4, 999, 2;
1, 256, 0, -1, -1, -1, 4, 999, 2;
1, 256, 0, 0, 0, 0, 5, 1000, 3;
1, 256, 0, 0, 0, 0, 5, 1000, 3;
1, 256, 0, 1, 1, 1, 5, 1000, 3;
1, 256, 0, -1, -1, -1, 4, 999, 2;
1, 256, 0, 0, 0, 0, 4, 999, 2;
1, 256, 0, 0, 0, 0, 4, 999, 2;
1, 256, 0, 0, 0, 0, 4, 999, 2;
1, 256, 0, 0, 0, 0, 5, 1000, 3;
1, 256, 0, 0, 0, 0, 4, 999, 2;
1, 256, 0, 0, 0, 0, 4, 999, 2;
1, 256, 0, 0, 0, 0, 5, 1000, 3;
1, 256, 0, 0, 0, 0, 5, 1000, 3;
1, 256, 0, 0, 0, 0, 5, 1000, 3;
1, 256, 0, 0, 0, 0, 5, 1000, 3;
1, 256, 0, 1, 1, 1, 5, 1000, 3;
1, 256, 0, 0, 0, 0, 4, 999, 2;
1, 256, 0, 0, 0, 0, 5, 999, 3;
1, 256, 0, -1, -1, -1, 4, 998, 1;
1, 256, 0, 0, 0, 0, 5, 999, 3;
1, 256, 0, 0, 0, 0, 4, 999, 2;
1, 256, 0, 0, 0, 0, 4, 999, 2;
1, 256, 0, 0, 0, 0, 4, 999, 2;
1, 256, 0, 0, 0, 0, 5, 1000, 3;
1, 256, 0, 0, 0, 0, 5, 1000, 3;
1, 256, 0, 0, 0, 0, 5, 1000, 3;
1, 256, 1, 1, 1, 1, 6, 1001, 4;
1, 256, 0, -1, -1, -1, 4, 999, 2;
1, 256, 0, -1, -1, -1, 4, 999, 2;
1, 256, 1, 1, 1, 1, 6, 1000, 3;
1, 256, 0, -1, -1, -1, 4, 999, 2;
0, 256, 0, -1, -1, -1, 3, 998, 1;
1, 256, 0, 0, 0, 0, 5, 999, 3;
1, 256, 0, -1, -1, -1, 4, 999, 2;
1, 256, 0, 0, 0, 0, 5, 1000, 3;
1, 256, 0, 0, 0, 0, 5, 1000, 3;
1, 256, 1, 1, 1, 1, 6, 1001, 4;
1, 256, 0, -1, -1, -1, 4, 999, 2;
1, 256, 1, 1, 1, 1, 5, 1000, 3;
1, 256, 0, 0, 0, 0, 4, 999, 2;
1, 256, 0, 0, 0, 0, 4, 999, 2;
1, 256, 0, 0, 0, 0, 4, 999, 2;
1, 256, 1, 1, 1, 1, 6, 1001, 4;
1, 256, 1, 1, 1, 1, 6, 1000, 3;
1, 256, 1, 1, 1, 1, 6, 1000, 3;
1, 256, 0, -1, -1, -1, 4, 999, 2;
1, 256, 0, 0, 0, 0, 4, 999, 2;
1, 256, 1, 1, 1, 1, 6, 1001, 4;
1, 256, 0, 0, 0, 0, 4, 999, 2;
1, 256, 0, 0, 0, 0, 4, 999, 2;
1, 256, 0, 0, 0, 0, 4, 999, 2;
1, 256, 1, 1, 1, 1, 6, 1000, 3;
1, 256, 0, 1, 1, 1, 5, 1000, 3;
1, 256, 1, 1, 1, 1, 6, 1001, 4;
1, 256, 0, 0, 0, 0, 5, 1000, 3;
1, 256, 0, 0, 0, 0, 4, 999, 2;
1, 256, 0, -1, -1, -1, 4, 999, 2;
1, 256, 0, 0, 0, 0, 4, 999, 2;
1, 256, 0, -1, -1, -1, 4, 998, 1;
1, 256, 0, 0, 0, 0, 5, 1000, 3;
1, 256, 0, -1, -1, -1, 4, 999, 2;
1, 256, 0, 0, 0, 0, 5, 1000, 3;
1, 256, 0, 0, 0, 0, 5, 1000, 3;
1, 256, 0, 1, 1, 1, 5, 1000, 3;
1, 256, 1, 1, 1, 1, 6, 1001, 4;
1, 256, 0, 0, 0, 0, 4, 999, 2;
1, 256, 0, -1, -1, -1, 4, 999, 2;
1, 256, 0, 0, 0, 0, 5, 1000, 3;
1, 256, 1, 1, 1, 1, 6, 1001, 4;
1, 256, 0, -1, -1, -1, 4, 999, 2;
1, 256, 0, 1, 1, 1, 5, 1000, 3;
1, 256, 0, -1, -1, -1, 4, 998, 2;
1, 256, 0, 0, 0, 0, 4, 999, 2;
1, 256, 0, 0, 0, 0, 4, 999, 2;
1, 256, 0, -1, -1, -1, 4, 998, 2;
1, 256, 0, 0, 0, 0, 5, 999, 3;
1, 256, 0, -1, -1, -1, 4, 999, 2;
1, 256, 0, -1, -1, -1, 4, 999, 2;
1, 256, 0, 0, 0, 0, 4, 999, 2;
1, 256, 0, -1, -1, -1, 4, 999, 2;
1, 256, 0, -1, -1, -1, 4, 998, 1;
1, 256, 0, 0, 0, 0, 5, 1000, 3;
1, 256, 0, -1, -1, -1, 4, 999, 2;
1, 256, 0, 0, 0, 0, 4, 999, 2;
1, 256, 0, 0, 0, 0, 5, 1000, 3;
1, 256, 0, 0, 0, 0, 5, 1000, 3;
1, 256, 0, 0, 0, 0, 5, 1000, 3;
1, 256, 0, 0, 0, 0, 4, 999, 2;
1, 256, 0, 0, 0, 0, 4, 999, 2;
1, 256, 0, 0, 0, 0, 5, 1000, 3;
1, 256, 0, 0, 0, 0, 4, 999, 2;
1, 256, 1, 1, 1, 1, 6, 1001, 4;
1, 256, 1, 1, 1, 1, 6, 1000, 4;
1, 256, 0, 0, 0, 0, 5, 1000, 3;
1, 256, 0, 0, 0, 0, 4, 999, 2;
1, 256, 0, -1, -1, -1, 4, 999, 2;
1, 256, 0, 0, 0, 0, 4, 999, 2;
1, 256, 1, 1, 1, 1, 6, 1001, 4;
1, 256, 0, 0, 0, 0, 4, 999, 2;
1, 256, 0, 0, 0, 0, 5, 1000, 3;
1, 256, 0, 1, 1, 1, 5, 1000, 3;
1, 256, 0, 0, 0, 0, 5, 1000, 3;
1, 256, 0, 0, 0, 0, 4, 999, 2;
1, 256, 0, -1, -1, -1, 4, 999, 2;
1, 256, 0, -1, -1, -1, 4, 999, 2;
1, 256, 0, 0, 0, 0, 4, 999, 2;
1, 256, 0, 0, 0, 0, 4, 999, 2;
1, 256, 1, 1, 1, 1, 5, 1000, 3;
1, 256, 0, -1, -1, -1, 4, 999, 2;
1, 256, 0, 0, 0, 0, 5, 1000, 3;
1, 256, 0, 1, 1, 1, 5, 1000, 3;
1, 256, 0, 0, 0, 0, 4, 999, 2;
1, 256, 1, 1, 1, 1, 6, 1001, 4;
1, 256, 0, 1, 1, 1, 5, 1000, 3;
1, 256, 0, -1, -1, -1, 3, 998, 1;
1, 256, 0, 0, 0, 0, 5, 1000, 3;
1, 256, 0, 0, 0, 0, 4, 999, 2;
1, 256, 1, 1, 1, 1, 6, 1001, 4;
1, 256, 0, 0, 0, 0, 4, 999, 2;
1, 256, 0, -1, -1, -1, 4, 998, 1;
1, 256, 1, 1, 1, 1, 6, 1001, 4;
1, 256, 0, 0, 0, 0, 5, 1000, 3;
1, 256, 1, 1, 1, 1, 6, 1001, 4;
1, 256, 0, -1, -1, -1, 4, 998, 2;
1, 256, 0, 0, 0, 0, 5, 1000, 3;
1, 256, 1, 1, 1, 1, 6, 1000, 3;
1, 256, 0, 0, 0, 0, 4, 999, 2;
1, 256, 0, 0, 0, 0, 5, 1000, 3;
1, 256, 0, 0, 0, 0, 5, 1000, 3;
1, 256, 0, 0, 0, 0, 4, 999, 2;
1, 256, 0, -1, -1, -1, 4, 999, 2;
1, 256, 0, -1, -1, -1, 3, 998, 1;
1, 256, 0, 0, 0, 0, 5, 1000, 3;
1, 256, 0, 0, 0, 0, 4, 999, 2;
1, 256, 0, -1, -1, -1, 4, 999, 2;
1, 256, 0, 0, 0, 0, 4, 999, 2;
1, 256, 0, 0, 0, 0, 5, 1000, 3;
1, 256, 0, 0, 0, 0, 5, 1000, 3;
1, 256, 1, 1, 1, 1, 6, 1001, 4;
1, 256, 0, 0, 0, 0, 4, 999, 2;
1, 256, 0, 0, 0, 0, 4, 999, 2;
1, 256, 0, 0, 0, 0, 5, 1000, 3;
1, 256, 0, 0, 0, 0, 5, 999, 2;
1, 256, 0, 0, 0, 0, 5, 1000, 3;
1, 256, 0, 0, 0, 0, 4, 999, 2;
1, 256, 1, 1, 1, 1, 6, 1001, 4;
1, 256, 0, 0, 0, 0, 5, 1000, 3;
1, 256, 0, 1, 1, 1, 5, 1000, 3;
1, 256, 0, 0, 0, 0, 4, 999, 2;
1, 256, 0, -1, -1, -1, 4, 999, 2;
1, 256, 1, 1, 1, 1, 5, 1000, 3;
1, 256, 0, 0, 0, 0, 5, 1000, 3;
1, 256, 0, -1, -1, -1, 4, 999, 2;
1, 256, 0, 0, 0, 0, 5, 1000, 3;
1, 256, 0, 0, 0, 0, 5, 1000, 3;
1, 256, 0, -1, -1, -1, 3, 998, 1;
1, 256, 0, -1, -1, -1, 4, 999, 2;
1, 256, 0, 0, 0, 0, 5, 1000, 3;
1, 256, 0, 0, 0, 0, 5, 1000, 3;
1, 256, 0, 0, 0, 0, 4, 999, 2;
1, 256, 0, 1, 1, 1, 5, 1000, 3;
1, 256, 0, 0, 0, 0, 5, 1000, 3;
1, 256, 1, 1, 1, 1, 6, 1001, 4;
1, 256, 1, 1, 1, 1, 5, 1000, 3;
1, 256, 0, 0, 0, 0, 4, 999, 2;
1, 256, 0, 1, 1, 1, 5, 1000, 3;
1, 256, 0, 0, 0, 0, 5, 1000, 3;
1, 256, 0, 0, 0, 0, 5, 1000, 3;
1, 256, 1, 1, 1, 1, 6, 1000, 4;
1, 256, 0, 1, 1, 1, 5, 1000, 3;
1, 256, 0, 0, 0, 0, 4, 999, 2;
1, 256, 0, -1, -1, -1, 3, 998, 1;
1, 256, 0, -1, -1, -1, 4, 999, 2;
1, 256, 0, -1, -1, -1, 3, 998, 1;
1, 256, 0, -1, -1, -1, 4, 998, 1;
1, 256, 1, 1, 1, 1, 6, 1000, 4;
1, 256, 1, 1, 1, 1, 6, 1001, 4;
1, 256, 0, 0, 0, 0, 5, 1000, 3;
1, 256, 0, 0, 0, 0, 5, 1000, 3;
0, 256, 0, -1, -1, -1, 3, 998, 1;
1, 256, 1, 1, 1, 1, 6, 1000, 3;
1, 256, 0, 0, 0, 0, 4, 999, 2;
0, 256, 0, -1, -1, -1, 3, 998, 1;
1, 256, 1, 1, 1, 1, 5, 1000, 3;
1, 256, 0, 1, 1, 1, 5, 1000, 3;
1, 256, 1, 1, 1, 1, 6, 1000, 4;
1, 256, 1, 1, 1, 1, 6, 1001, 4;
1, 256, 0, 0, 0, 0, 5, 1000, 3;
1, 256, 0, -1, -1, -1, 3, 998, 1;
1, 256, 0, 1, 1, 1, 5, 1000, 3;
1, 256, 1, 1, 1, 1, 5, 1000, 3;
1, 256, 0, 0, 0, 0, 5, 1000, 3;
1, 256, 0, -1, -1, -1, 4, 999, 2;
1, 256, 0, 0, 0, 0, 4, 999, 2;
1, 256, 0, 1, 1, 1, 5, 1000, 3;
1, 256, 1, 1, 1, 1, 6, 1001, 4;
1, 256, 0, -1, -1, -1, 4, 998, 2;
1, 256, 0, 0, 0, 0, 5, 999, 3;
1, 256, 0, 0, 0, 0, 5, 1000, 3;
1, 256, 0, -1, -1, -1, 4, 999, 2;
1, 256, 0, 1, 1, 1, 5, 1000, 3;
1, 256, 1, 1, 1, 1, 6, 1001, 4;
1, 256, 0, 0, 0, 0, 5, 999, 2;
1, 256, 0, 1, 1, 1, 5, 1000, 3;
1, 256, 0, 0, 0, 0, 5, 1000, 3;
1, 256, 1, 1, 1, 1, 5, 1000, 3;
1, 256, 1, 1, 1, 1, 5, 1000, 3;
1, 256, 0, 0, 0, 0, 5, 1000, 3;
1, 256, 0, -1, -1, -1, 4, 999, 2;
1, 256, 0, 0, 0, 0, 4, 999, 2;
1, 256, 0, 0, 0, 0, 4, 999, 2;
1, 256, 1, 1, 1, 1, 6, 1000, 3;
1, 256, 0, 0, 0, 0, 4, 999, 2;
1, 256, 0, 0, 0, 0, 5, 1000, 3;
1, 256, 0, 0, 0, 0, 5, 1000, 3;
1, 256, 1, 1, 1, 1, 6, 1001, 4;
1, 256, 0, 0, 0, 0, 4, 999, 2;
1, 256, 0, -1, -1, -1, 4, 999, 2;
1, 256, 0, -1, -1, -1, 4, 999, 2;
1, 256, 0, 0, 0, 0, 4, 999, 2;
1, 256, 0, 0, 0, 0, 5, 1000, 3;
1, 256, 0, 0, 0, 0, 4, 999, 2;
1, 256, 0, 1, 1, 1, 5, 1000, 3;
1, 256, 1, 1, 1, 1, 5, 1000, 3;
1, 256, 0, 0, 0, 0, 4, 999, 2;
1, 256, 0, 0, 0, 0, 5, 1000, 3;
1, 256, 1, 1, 1, 1, 5, 1000, 3;
1, 256, 0, -1, -1, -1, 4, 999, 2;
1, 256, 0, 0, 0, 0, 4, 999, 2;
1, 256, 0, 0, 0, 0, 5, 1000, 3;
1, 256, 0, 0, 0, 0, 4, 999, 2;
1, 256, 0, 0, 0, 0, 5, 1000, 3;
1, 256, 0, 0, 0, 0, 4, 999, 2;
1, 256, 0, 0, 0, 0, 5, 999, 3;
1, 256, 0, 1, 1, 1, 5, 1000, 3;
1, 256, 0, 0, 0, 0, 5, 1000, 3;
1, 256, 0, 0, 0, 0, 5, 1000, 3;
1, 256, 1, 1, 1, 1, 6, 1001, 4;
1, 256, 0, 0, 0, 0, 5, 1000, 3;
1, 256, 0, 0, 0, 0, 4, 999, 2;
1, 256, 0, -1, -1, -1, 4, 999, 2;
1, 256, 0, 1, 1, 1, 5, 1000, 3;
1, 256, 0, -1, -1, -1, 4, 999, 2;
1, 256, 0, 0, 0, 0, 5, 999, 3;
1, 256, 0, -1, -1, -1, 4, 999, 2;
1, 256, 0, 0, 0, 0, 5, 1000, 3;
1, 256, 0, 0, 0, 0, 4, 999, 2;
1, 256, 0, 0, 0, 0, 5, 1000, 3;
1, 256, 0, 1, 1, 1, 5, 1000, 3;
1, 256, 0, 0, 0, 0, 4, 999, 2;
1, 256, 0, 1, 1, 1, 5, 1000, 3;
1, 256, 0, -1, -1, -1, 4, 998, 1;
1, 256, 0, 0, 0, 0, 5, 1000, 3;
1, 256, 0, -1, -1, -1, 4, 999, 2;
1, 256, 0, 0, 0, 0, 5, 1000, 3;
1, 256, 0, -1, -1, -1, 4, 999, 2;
1, 256, 1, 1, 1, 1, 6, 1001, 4;
1, 256, 1, 1, 1, 1, 6, 1001, 4;
1, 256, 0, 0, 0, 0, 4, 999, 2;
1, 256, 0, 0, 0, 0, 5, 1000, 3;
1, 256, 0, 0, 0, 0, 5, 999, 3;
1, 256, 0, -1, -1, -1, 4, 999, 2;
1, 256, 0, 1, 1, 1, 5, 1000, 3;
1, 256, 0, -1, -1, -1, 4, 999, 2;
1, 256, 0, 1, 1, 1, 5, 1000, 3;
1, 256, 0, -1, -1, -1, 4, 998, 2;
1, 256, 0, 0, 0, 0, 5, 1000, 3;
1, 256, 0, 0, 0, 0, 4, 999, 2;
1, 256, 0, 0, 0, 0, 5, 1000, 3;
1, 256, 0, 0, 0, 0, 5, 1000, 3;
1, 256, 0, 0, 0, 0, 5, 1000, 3;
1, 256, 0, 0, 0, 0, 5, 1000, 3;
1, 256, 1, 1, 1, 1, 6, 1000, 3;
1, 256, 0, 0, 0, 0, 4, 999, 2;
1, 256, 0, 0, 0, 0, 5, 1000, 3;
1, 256, 1, 1, 1, 1, 6, 1001, 4;
1, 256, 0, 0, 0, 0, 4, 999, 2;
1, 256, 0, 0, 0, 0, 5, 1000, 3;
1, 256, 0, 0, 0, 0, 4, 999, 2;
1, 256, 0, 0, 0, 0, 4, 999, 2;
1, 256, 0, -1, -1, -1, 3, 998, 1;
1, 256, 0, -1, -1, -1, 4, 998, 2;
1, 256, 0, 0, 0, 0, 5, 1000, 3;
1, 256, 0, 1, 1, 1, 5, 1000, 3;
1, 256, 0, 0, 0, 0, 4, 999, 2;
1, 256, 1, 1, 1, 1, 6, 1001, 4;
1, 256, 1, 1, 1, 1, 5, 1000, 3;
1, 256, 0, -1, -1, -1, 4, 999, 2;
1, 256, 0, 0, 0, 0, 5, 1000, 3;
1, 256, 1, 1, 1, 1, 6, 1001, 4;
1, 256, 0, 0, 0, 0, 4, 999, 2;
1, 256, 0, 0, 0, 0, 4, 999, 2;
1, 256, 0, 0, 0, 0, 5, 1000, 3;
1, 256, 0, -1, -1, -1, 3, 998, 1;
1, 256, 0, 0, 0, 0, 5, 1000, 3;
1, 256, 0, 0, 0, 0, 5, 1000, 3;
1, 256, 0, -1, -1, -1, 4, 999, 2;
1, 256, 0, 0, 0, 0, 5, 1000, 3;
1, 256, 0, 0, 0, 0, 4, 999, 2;
1, 256, 0, 0, 0, 0, 4, 999, 2;
1, 256, 0, 0, 0, 0, 4, 999, 2;
1, 256, 0, 0, 0, 0, 4, 999, 2;
1, 256, 0, 1, 1, 1, 5, 1000, 3;
1, 256, 0, 0, 0, 0, 4, 999, 2;
1, 256, 1, 1, 1, 1, 6, 1000, 4;
1, 256, 0, 1, 1, 1, 5, 1000, 3;
1, 256, 0, 0, 0, 0, 5, 1000, 3;
1, 256, 0, 0, 0, 0, 4, 999, 2;
1, 256, 1, 1, 1, 1, 6, 1001, 4;
1, 256, 1, 1, 1, 1, 6, 1001, 4;
1, 256, 0, -1, -1, -1, 4, 999, 2;
1, 256, 0, 1, 1, 1, 5, 1000, 3;
1, 256, 0, 0, 0, 0, 5, 1000, 3;
1, 256, 0, 0, 0, 0, 4, 999, 2;
1, 256, 0, -1, -1, -1, 4, 998, 2;
1, 256, 0, 0, 0, 0, 4, 999, 2;
1, 256, 0, 1, 1, 1, 5, 1000, 3;
1, 256, 0, -1, -1, -1, 4, 999, 2;
1, 256, 0, 0, 0, 0, 4, 999, 2;
0, 256, 0, -1, -1, -1, 3, 998, 1;
1, 256, 0, 0, 0, 0, 4, 999, 2;
1, 256, 0, 0, 0, 0, 5, 1000, 3;
1, 256, 0, -1, -1, -1, 4, 998, 1;
1, 256, 1, 1, 1, 1, 6, 1000, 4;
1, 256, 0, 0, 0, 0, 5, 1000, 3;
1, 256, 0, 0, 0, 0, 5, 999, 2;
1, 256, 0, 0, 0, 0, 5, 1000, 3;
1, 256, 0, 0, 0, 0, 5, 1000, 3;
1, 256, 0, 0, 0, 0, 5, 1000, 3;
1, 256, 0, 0, 0, 0, 5, 1000, 3;