3, 298, 16, 10, 419, 10, 12, 1165, 63;
0, 294, 12, 24, 406, -2, 3, 1149, 47;
0, 291, 9, 41, 395, -12, -1, 1137, 35;
8, 298, 16, 92, 417, 11, 34, 1165, 64;
8, 296, 15, 113, 408, 6, 34, 1157, 58;
7, 293, 11, 130, 394, -3, 28, 1143, 46;
13, 296, 15, 168, 402, 8, 50, 1157, 62;
14, 295, 15, 192, 394, 7, 55, 1153, 59;
12, 292, 12, 209, 379, -1, 50, 1139, 48;
18, 295, 16, 247, 385, 11, 73, 1154, 65;
17, 291, 13, 261, 366, 1, 66, 1138, 52;
17, 289, 12, 282, 354, -1, 68, 1130, 48;
15, 285, 9, 295, 334, -12, 61, 1114, 36;
18, 286, 10, 322, 328, -7, 72, 1116, 41;
20, 285, 11, 345, 317, -6, 79, 1112, 43;
20, 282, 9, 361, 300, -11, 78, 1102, 36;
23, 283, 11, 388, 294, -3, 92, 1106, 46;
25, 283, 12, 410, 283, -1, 100, 1104, 49;
24, 279, 10, 420, 261, -9, 95, 1089, 39;
25, 278, 10, 439, 248, -8, 101, 1085, 40;
30, 280, 13, 467, 243, 2, 119, 1093, 54;
32, 279, 15, 485, 231, 6, 126, 1091, 58;
33, 278, 15, 500, 215, 6, 130, 1085, 58;
29, 272, 10, 499, 184, -7, 116, 1062, 41;
29, 269, 9, 508, 163, -10, 115, 1051, 37;
34, 271, 13, 531, 158, 1, 134, 1060, 53;
34, 269, 13, 540, 139, 0, 134, 1052, 51;
34, 267, 12, 546, 118, -1, 134, 1042, 48;
34, 265, 12, 553, 99, -2, 135, 1034, 47;
38, 267, 15, 570, 91, 8, 150, 1042, 61;
38, 264, 15, 572, 70, 6, 148, 1031, 58;
36, 261, 13, 571, 46, 1, 143, 1018, 52;
33, 255, 9, 562, 15, -10, 129, 996, 38;
37, 258, 14, 577, 9, 3, 147, 1006, 55;
35, 253, 11, 568, -17, -4, 136, 989, 44;
39, 256, 16, 582, -21, 10, 155, 1000, 63;
36, 251, 13, 570, -50, 0, 142, 981, 51;
38, 252, 15, 573, -61, 8, 151, 984, 61;
36, 249, 14, 563, -85, 3, 143, 971, 55;
37, 247, 14, 559, -102, 5, 144, 966, 57;
33, 242, 11, 540, -131, -5, 129, 946, 44;
31, 240, 10, 528, -152, -7, 123, 936, 41;
33, 240, 13, 526, -162, 0, 131, 939, 51;
36, 242, 16, 526, -168, 11, 142, 946, 65;
33, 238, 14, 507, -193, 4, 130, 931, 56;
32, 237, 14, 494, -208, 5, 128, 926, 57;
27, 231, 10, 465, -239, -8, 107, 903, 39;
30, 234, 14, 462, -242, 3, 118, 913, 55;
30, 233, 15, 449, -253, 7, 119, 911, 60;
28, 231, 14, 430, -270, 5, 112, 904, 58;
27, 229, 14, 409, -285, 3, 105, 896, 55;
28, 231, 16, 397, -291, 11, 110, 901, 65;
22, 224, 11, 361, -319, -3, 86, 877, 46;
21, 224, 12, 341, -330, -3, 81, 873, 47;
16, 220, 9, 311, -350, -11, 66, 859, 36;
20, 223, 13, 302, -346, 2, 78, 873, 54;
21, 225, 16, 287, -347, 11, 82, 879, 64;
15, 220, 12, 250, -370, -2, 60, 859, 48;
11, 217, 9, 218, -385, -9, 44, 847, 38;
11, 217, 11, 197, -388, -5, 43, 850, 44;
14, 222, 16, 186, -380, 9, 56, 866, 62;
10, 219, 13, 153, -393, 1, 40, 854, 53;
8, 218, 13, 127, -397, 2, 33, 853, 53;
4, 215, 10, 91, -410, -6, 16, 841, 42;
1, 213, 9, 60, -417, -11, 3, 834, 37;
4, 219, 14, 50, -402, 5, 18, 854, 58;
-1, 214, 10, 9, -417, -8, -5, 836, 40;
-2, 215, 11, -14, -415, -5, -9, 840, 44;
0, 220, 15, -27, -400, 8, 1, 858, 61;
-3, 218, 13, -61, -405, 1, -13, 850, 53;
-2, 220, 16, -79, -394, 9, -9, 861, 63;
-5, 220, 15, -109, -394, 6, -20, 858, 59;
-10, 216, 11, -148, -402, -5, -42, 845, 44;
-7, 222, 16, -157, -380, 10, -28, 867, 64;
-14, 217, 10, -201, -392, -7, -57, 847, 41;
-11, 223, 15, -210, -369, 9, -43, 870, 62;
-18, 218, 10, -252, -378, -7, -70, 851, 41;
-18, 220, 11, -272, -366, -3, -71, 859, 46;
-18, 223, 13, -290, -351, 1, -70, 870, 52;
-19, 223, 13, -314, -342, 0, -77, 872, 51;
-21, 224, 12, -337, -332, 0, -84, 875, 50;
-21, 227, 14, -354, -315, 3, -84, 885, 55;
-23, 227, 14, -376, -304, 3, -90, 889, 54;
-29, 224, 9, -411, -306, -11, -113, 875, 36;
-30, 225, 9, -429, -291, -11, -118, 881, 36;
-29, 229, 11, -441, -271, -5, -115, 893, 43;
-30, 231, 11, -456, -254, -3, -117, 901, 46;
-32, 231, 10, -476, -242, -6, -125, 903, 42;
-27, 238, 16, -473, -208, 10, -107, 931, 64;
-30, 238, 14, -493, -197, 5, -117, 930, 57;
-29, 242, 16, -499, -174, 11, -113, 944, 65;
-33, 240, 13, -522, -167, 0, -129, 938, 52;
-34, 241, 12, -536, -153, -2, -136, 940, 47;
-31, 247, 16, -531, -121, 11, -121, 964, 64;
-38, 242, 9, -561, -124, -10, -149, 944, 38;
-36, 246, 11, -561, -99, -3, -143, 959, 46;
-33, 251, 15, -554, -67, 9, -128, 982, 62;
-33, 253, 15, -559, -48, 8, -130, 989, 62;
-39, 249, 9, -581, -48, -9, -154, 973, 38;
-40, 250, 9, -584, -30, -11, -156, 978, 36;
-39, 253, 10, -582, -8, -8, -153, 989, 40;
-39, 255, 10, -581, 11, -7, -152, 997, 41;
-32, 263, 16, -560, 49, 11, -128, 1028, 64;
-38, 260, 11, -573, 51, -5, -148, 1014, 43;
-39, 260, 9, -574, 65, -11, -153, 1014, 37;
-35, 265, 13, -557, 95, 0, -138, 1036, 51;
-37, 265, 11, -557, 108, -6, -144, 1035, 43;
-37, 266, 10, -550, 125, -7, -144, 1040, 41;
-35, 269, 11, -538, 145, -5, -139, 1049, 44;
-29, 275, 16, -512, 179, 10, -116, 1076, 64;
-30, 275, 14, -505, 191, 5, -120, 1076, 57;
-31, 275, 12, -498, 202, 0, -124, 1075, 50;
-30, 277, 13, -484, 219, 0, -120, 1082, 51;
-27, 281, 15, -462, 242, 6, -108, 1096, 59;
-32, 277, 9, -463, 240, -10, -125, 1080, 37;
-24, 285, 16, -426, 276, 9, -96, 1111, 63;
-27, 282, 12, -419, 278, -1, -105, 1102, 49;
-21, 288, 16, -387, 306, 11, -84, 1124, 65;
-20, 289, 16, -368, 318, 10, -81, 1127, 64;
-25, 284, 10, -367, 311, -8, -99, 1108, 40;
-21, 288, 13, -336, 332, 1, -82, 1125, 52;
-18, 291, 15, -308, 348, 6, -70, 1135, 58;
-18, 290, 13, -291, 353, 0, -71, 1132, 51;
-16, 292, 14, -265, 365, 3, -62, 1139, 54;
-12, 295, 16, -234, 380, 9, -48, 1150, 63;
-13, 293, 13, -218, 379, 1, -52, 1142, 52;
-11, 294, 14, -190, 389, 3, -43, 1148, 55;
-13, 291, 10, -176, 383, -8, -52, 1135, 40;
-7, 296, 14, -137, 402, 5, -28, 1154, 57;
-5, 296, 14, -111, 406, 5, -22, 1156, 57;
-3, 297, 15, -83, 410, 6, -14, 1158, 58;
-5, 293, 11, -67, 402, -4, -21, 1145, 44;
0, 298, 15, -27, 417, 8, 1, 1163, 61;
2, 298, 16, 0, 419, 9, 9, 1164, 62;
0, 294, 11, 13, 404, -4, -1, 1146, 44;
0, 292, 10, 36, 399, -8, 0, 1141, 39;
4, 295, 12, 71, 405, 0, 16, 1150, 49;
8, 296, 14, 104, 409, 5, 31, 1157, 58;
5, 291, 10, 116, 391, -8, 20, 1138, 40;
8, 292, 11, 146, 390, -4, 31, 1141, 45;
9, 292, 11, 172, 384, -5, 37, 1139, 44;
10, 290, 10, 194, 375, -7, 40, 1133, 41;
18, 296, 16, 240, 388, 12, 71, 1155, 66;
17, 292, 14, 256, 371, 3, 67, 1142, 55;
20, 293, 15, 284, 366, 7, 78, 1143, 60;
20, 291, 14, 303, 353, 4, 79, 1135, 56;
23, 292, 16, 332, 348, 9, 92, 1138, 63;
19, 284, 10, 335, 318, -9, 74, 1110, 39;
23, 286, 13, 366, 316, 0, 91, 1118, 51;
26, 287, 15, 393, 309, 6, 104, 1121, 59;
23, 281, 10, 397, 281, -8, 90, 1097, 40;
28, 283, 14, 427, 279, 3, 109, 1107, 55;
30, 283, 15, 449, 268, 7, 119, 1107, 60;
28, 278, 12, 455, 243, -3, 110, 1087, 47;
27, 275, 9, 464, 220, -9, 105, 1073, 38;
30, 276, 12, 488, 212, -1, 120, 1078, 49;
32, 275, 13, 504, 199, 1, 127, 1075, 52;
34, 275, 14, 520, 185, 5, 135, 1074, 57;
31, 270, 11, 520, 156, -6, 123, 1053, 43;
34, 270, 13, 537, 145, 0, 134, 1055, 52;
31, 264, 9, 533, 114, -11, 121, 1032, 36;
36, 268, 14, 558, 113, 5, 144, 1046, 57;
37, 266, 14, 565, 94, 5, 145, 1040, 57;
33, 260, 10, 557, 63, -7, 131, 1017, 41;
35, 260, 11, 565, 47, -3, 136, 1014, 46;
38, 261, 15, 579, 39, 7, 151, 1021, 60;
39, 260, 16, 583, 23, 10, 155, 1017, 63;
39, 258, 15, 581, 1, 8, 152, 1007, 61;
36, 254, 13, 573, -24, 0, 143, 991, 52;
34, 250, 11, 564, -51, -6, 134, 975, 43;
34, 248, 11, 562, -68, -4, 135, 970, 45;
38, 251, 15, 570, -74, 8, 150, 979, 61;
34, 245, 12, 552, -104, -2, 134, 958, 47;
38, 248, 16, 560, -108, 11, 151, 969, 65;
37, 246, 16, 549, -129, 9, 145, 959, 62;
35, 243, 15, 536, -150, 6, 139, 949, 58;
35, 242, 15, 526, -167, 7, 138, 943, 60;
32, 238, 13, 508, -190, 1, 128, 930, 52;
28, 232, 9, 483, -219, -10, 109, 908, 37;
28, 232, 10, 472, -231, -6, 110, 907, 42;
28, 232, 11, 460, -244, -3, 110, 905, 46;
31, 234, 16, 457, -246, 9, 122, 915, 62;
23, 226, 9, 418, -282, -11, 92, 883, 36;
23, 225, 9, 402, -295, -9, 90, 881, 38;
27, 230, 15, 401, -290, 8, 108, 899, 61;
23, 226, 12, 370, -313, -1, 90, 881, 48;
18, 221, 9, 340, -334, -11, 73, 865, 37;
23, 226, 15, 337, -327, 7, 91, 884, 60;
17, 221, 11, 302, -351, -5, 70, 864, 44;
17, 221, 12, 281, -358, -2, 67, 864, 48;
16, 221, 12, 259, -366, -1, 63, 862, 49;
18, 224, 16, 246, -362, 10, 72, 874, 64;
11, 217, 10, 203, -388, -7, 42, 848, 41;
8, 215, 9, 174, -398, -10, 32, 841, 37;
11, 220, 14, 164, -388, 4, 45, 859, 57;
10, 220, 15, 141, -391, 7, 42, 860, 59;
7, 218, 14, 110, -399, 2, 30, 853, 54;
9, 221, 16, 93, -393, 12, 35, 863, 66;
3, 217, 13, 54, -407, 0, 13, 848, 51;
1, 217, 13, 26, -409, 0, 6, 847, 50;
3, 220, 16, 11, -398, 11, 14, 861, 65;
0, 218, 14, -22, -404, 4, -1, 852, 56;
-1, 219, 15, -47, -401, 6, -4, 856, 59;
-7, 215, 10, -87, -412, -7, -28, 839, 42;
-4, 219, 15, -101, -396, 6, -18, 857, 58;
-9, 217, 12, -135, -400, -1, -35, 849, 49;
-13, 215, 9, -170, -403, -9, -52, 840, 38;
-10, 220, 14, -182, -384, 2, -42, 859, 54;
-13, 219, 12, -211, -381, 0, -53, 857, 50;
-16, 219, 11, -239, -377, -3, -63, 855, 46;
-15, 222, 14, -256, -361, 3, -60, 868, 55;
-15, 225, 15, -275, -347, 8, -59, 878, 61;
-19, 223, 12, -308, -346, 0, -77, 870, 50;
-23, 222, 11, -336, -341, -6, -89, 867, 43;
-24, 222, 10, -359, -331, -7, -97, 869, 41;
-22, 227, 14, -368, -307, 4, -87, 888, 56;
-27, 225, 10, -400, -306, -8, -107, 878, 40;
-25, 229, 13, -409, -282, 2, -99, 896, 53;
-24, 233, 15, -422, -263, 7, -97, 908, 60;
-26, 234, 15, -441, -249, 6, -102, 912, 59;
-26, 236, 15, -455, -232, 8, -104, 920, 61;
-30, 234, 12, -480, -225, 0, -120, 915, 50;
-34, 233, 9, -504, -218, -10, -135, 909, 38;
-34, 235, 10, -514, -198, -7, -135, 919, 42;
-32, 239, 13, -518, -173, 0, -128, 935, 51;
-32, 242, 14, -526, -153, 3, -127, 945, 55;
-32, 245, 15, -533, -132, 6, -126, 955, 58;
-34, 245, 13, -546, -119, 1, -134, 956, 52;
-35, 246, 13, -555, -101, 0, -138, 962, 51;
-38, 246, 10, -569, -90, -7, -148, 960, 42;
-37, 249, 11, -570, -67, -3, -145, 971, 46;
-33, 255, 16, -560, -35, 9, -129, 995, 63;
-39, 250, 9, -583, -36, -10, -155, 977, 37;
-36, 256, 13, -572, -5, 1, -141, 999, 52;
-34, 260, 15, -565, 20, 7, -132, 1014, 60;
-37, 258, 12, -574, 29, -2, -145, 1008, 47;
-39, 257, 9, -580, 39, -11, -155, 1004, 36;
-37, 261, 11, -569, 66, -4, -145, 1021, 45;
-35, 264, 13, -559, 89, 0, -139, 1033, 51;
-36, 265, 12, -556, 105, -3, -141, 1036, 47;
-38, 264, 9, -557, 115, -11, -150, 1032, 36;
-38, 266, 9, -548, 132, -12, -148, 1038, 35;
-33, 271, 13, -526, 162, 0, -131, 1060, 50;
-28, 277, 16, -503, 192, 12, -112, 1082, 66;
-35, 272, 10, -512, 187, -9, -136, 1061, 39;
-34, 274, 10, -498, 205, -8, -132, 1068, 39;
-28, 279, 14, -470, 234, 4, -112, 1091, 56;
-33, 276, 9, -470, 234, -11, -128, 1076, 36;
-30, 279, 10, -449, 253, -7, -119, 1088, 41;
-29, 280, 10, -432, 268, -7, -115, 1093, 41;
-28, 281, 10, -413, 282, -7, -110, 1098, 41;
-24, 285, 13, -384, 304, 1, -94, 1114, 52;
-20, 289, 15, -356, 324, 8, -79, 1128, 62;
-22, 287, 12, -345, 327, 0, -86, 1121, 50;
-18, 290, 14, -317, 344, 5, -73, 1132, 57;
-22, 286, 10, -309, 339, -9, -86, 1118, 39;
-18, 289, 12, -279, 356, -2, -72, 1130, 47;
-18, 289, 10, -259, 360, -7, -71, 1128, 42;
-18, 288, 9, -239, 364, -11, -71, 1125, 36;
-11, 295, 14, -196, 389, 6, -42, 1150, 58;
-7, 297, 16, -165, 401, 11, -29, 1160, 65;
-10, 293, 12, -154, 392, -3, -41, 1143, 46;
-6, 296, 14, -119, 405, 5, -24, 1155, 57;
-3, 297, 15, -89, 412, 8, -13, 1161, 61;
-4, 295, 12, -72, 406, 0, -18, 1151, 50;
-6, 291, 9, -57, 396, -12, -26, 1137, 35;
0, 297, 14, -12, 414, 5, 1, 1159, 57;
0, 294, 12, 5, 406, -3, -1, 1148, 46;
0, 292, 9, 25, 398, -10, -3, 1139, 38;
3, 294, 12, 60, 404, -2, 11, 1148, 47;
9, 298, 16, 100, 415, 10, 35, 1164, 64;
11, 298, 16, 127, 412, 11, 43, 1164, 65;
6, 291, 10, 134, 388, -8, 25, 1137, 40;
7, 290, 9, 156, 379, -11, 27, 1131, 36;
13, 294, 14, 199, 390, 4, 54, 1149, 56;
11, 289, 10, 210, 369, -8, 43, 1130, 40;
15, 292, 13, 244, 371, 0, 61, 1139, 51;
18, 292, 14, 271, 365, 3, 70, 1139, 54;
21, 292, 15, 299, 360, 7, 82, 1141, 60;
16, 285, 9, 303, 331, -11, 64, 1113, 36;
21, 287, 12, 336, 330, 0, 83, 1122, 50;
25, 289, 15, 366, 327, 7, 98, 1128, 60;
23, 284, 12, 376, 304, -2, 90, 1111, 47;
28, 287, 16, 408, 303, 9, 110, 1121, 62;
24, 281, 10, 411, 273, -6, 95, 1096, 42;
28, 282, 13, 438, 268, 2, 111, 1102, 53;
26, 277, 10, 444, 242, -8, 101, 1082, 39;
28, 277, 11, 464, 231, -4, 111, 1082, 45;
32, 278, 14, 488, 223, 3, 125, 1086, 55;
29, 273, 10, 491, 196, -6, 115, 1067, 42;
32, 274, 13, 511, 186, 0, 127, 1069, 51;
36, 275, 16, 532, 178, 9, 142, 1075, 63;
32, 269, 11, 528, 146, -4, 127, 1050, 45;
37, 272, 16, 552, 142, 9, 147, 1061, 63;
35, 267, 13, 552, 116, 1, 139, 1044, 53;
36, 266, 13, 559, 97, 1, 140, 1037, 52;
36, 264, 13, 565, 79, 2, 143, 1031, 53;
39, 265, 16, 579, 69, 11, 155, 1035, 64;
35, 259, 12, 568, 36, -2, 139, 1011, 48;
39, 260, 15, 581, 27, 8, 152, 1017, 61;
38, 258, 15, 581, 7, 7, 151, 1009, 60;
37, 255, 14, 577, -15, 4, 147, 997, 55;
34, 250, 11, 565, -44, -5, 135, 978, 44;
36, 251, 13, 568, -57, 0, 142, 979, 51;
38, 251, 15, 571, -69, 7, 149, 980, 60;
33, 244, 10, 550, -102, -7, 129, 955, 42;
38, 249, 16, 562, -103, 11, 150, 971, 64;
35, 244, 13, 545, -130, 2, 138, 953, 54;
37, 245, 16, 544, -140, 10, 146, 957, 64;
32, 239, 12, 519, -171, -3, 126, 933, 47;
34, 240, 14, 516, -180, 5, 133, 937, 57;
30, 235, 12, 495, -206, -3, 119, 920, 46;
34, 239, 16, 496, -207, 12, 135, 933, 66;
28, 232, 11, 465, -239, -4, 111, 907, 45;
32, 235, 16, 463, -241, 9, 125, 918, 63;
27, 230, 12, 435, -267, -1, 107, 899, 49;
30, 233, 16, 429, -269, 10, 117, 908, 64;
22, 224, 9, 388, -304, -10, 86, 877, 38;
22, 225, 11, 373, -313, -5, 87, 878, 44;
22, 225, 13, 358, -319, 0, 89, 880, 50;
18, 221, 9, 326, -342, -10, 70, 862, 37;
16, 220, 9, 305, -352, -10, 65, 859, 38;
15, 219, 9, 282, -362, -9, 60, 856, 38;
19, 224, 15, 276, -353, 8, 77, 875, 61;
15, 220, 12, 242, -372, -1, 58, 859, 48;
15, 221, 14, 225, -373, 5, 61, 865, 57;
13, 220, 13, 197, -382, 2, 51, 859, 54;
12, 220, 14, 172, -387, 4, 47, 859, 56;
5, 214, 9, 131, -408, -11, 21, 837, 36;
6, 216, 11, 112, -404, -3, 24, 845, 46;
8, 220, 15, 98, -395, 9, 33, 860, 62;
6, 220, 16, 72, -398, 9, 27, 859, 62;
0, 215, 11, 30, -414, -5, 1, 840, 43;
0, 217, 13, 9, -409, 0, 3, 848, 51;
-2, 215, 11, -23, -414, -5, -11, 840, 44;
0, 220, 16, -35, -398, 9, 0, 859, 62;
-4, 217, 13, -71, -405, 0, -17, 849, 51;
-4, 219, 15, -91, -396, 6, -16, 857, 59;
-9, 216, 11, -130, -405, -5, -38, 843, 43;
-8, 219, 14, -147, -391, 4, -32, 857, 56;
-7, 222, 16, -165, -377, 11, -29, 869, 65;
-11, 221, 14, -198, -378, 4, -44, 862, 56;
-14, 220, 13, -226, -374, 1, -55, 861, 52;
-16, 220, 12, -254, -369, -1, -65, 860, 48;
-16, 223, 14, -273, -355, 3, -64, 870, 55;
-16, 225, 15, -292, -342, 7, -65, 878, 60;
-18, 226, 15, -315, -332, 6, -72, 881, 59;
-24, 222, 10, -352, -335, -8, -95, 867, 40;
-23, 226, 13, -365, -315, 0, -90, 882, 51;
-22, 229, 15, -378, -295, 7, -86, 896, 60;
-22, 231, 15, -396, -280, 9, -89, 903, 62;
-24, 233, 16, -414, -266, 9, -93, 908, 62;
-31, 227, 9, -453, -273, -11, -124, 887, 36;
-29, 232, 13, -458, -245, 0, -113, 908, 51;
-33, 230, 9, -485, -241, -10, -131, 900, 37;
-30, 236, 14, -486, -211, 2, -118, 923, 54;
-30, 238, 14, -499, -193, 3, -120, 930, 55;
-36, 235, 9, -526, -191, -11, -142, 918, 36;
-31, 242, 14, -520, -156, 5, -123, 946, 58;
-34, 242, 13, -536, -144, 0, -132, 946, 51;
-37, 241, 10, -554, -135, -8, -146, 942, 40;
-32, 248, 15, -544, -99, 8, -127, 970, 61;
-38, 244, 9, -570, -99, -10, -151, 953, 38;
-36, 249, 12, -565, -70, 0, -141, 973, 50;
-38, 249, 10, -576, -58, -6, -150, 972, 42;
-33, 256, 16, -561, -22, 10, -129, 1000, 63;
-36, 254, 12, -574, -13, 0, -143, 994, 50;
-40, 253, 9, -584, -4, -11, -156, 988, 36;
-38, 257, 11, -577, 20, -4, -148, 1003, 44;
-38, 258, 10, -578, 36, -8, -151, 1006, 41;
-38, 260, 10, -574, 56, -7, -150, 1014, 41;
-37, 262, 11, -567, 77, -5, -147, 1023, 43;
-33, 267, 14, -550, 107, 5, -131, 1044, 57;
-36, 266, 11, -553, 115, -5, -142, 1038, 44;
-32, 271, 14, -533, 144, 5, -126, 1059, 58;
-31, 273, 14, -524, 162, 5, -124, 1065, 58;
-33, 272, 12, -520, 172, -1, -131, 1063, 48;
-29, 277, 15, -498, 200, 8, -115, 1082, 61;
-32, 275, 11, -497, 205, -3, -127, 1073, 46;
-28, 280, 15, -472, 231, 6, -110, 1092, 59;
-30, 278, 12, -467, 237, -2, -119, 1086, 47;
-27, 281, 14, -444, 259, 3, -107, 1099, 54;
-29, 280, 11, -435, 265, -5, -113, 1094, 44;
-27, 282, 11, -416, 280, -4, -108, 1100, 45;
-25, 284, 12, -393, 298, 0, -98, 1110, 50;
-27, 282, 9, -383, 300, -11, -106, 1102, 37;
-21, 288, 13, -349, 326, 2, -84, 1124, 54;
-20, 289, 13, -327, 337, 2, -78, 1128, 54;
-18, 290, 14, -302, 350, 4, -70, 1134, 56;
-19, 289, 11, -288, 351, -4, -76, 1127, 45;
-19, 288, 10, -268, 357, -8, -74, 1126, 41;
-18, 289, 9, -245, 363, -9, -70, 1127, 38;
-10, 295, 15, -202, 389, 8, -41, 1153, 61;
-9, 295, 15, -178, 395, 7, -36, 1154, 60;
-7, 296, 15, -152, 400, 7, -30, 1155, 59;
-11, 291, 9, -144, 388, -10, -46, 1135, 38;
-3, 297, 16, -97, 412, 9, -14, 1162, 62;
-8, 292, 10, -90, 396, -9, -31, 1139, 39;
-5, 293, 11, -59, 402, -5, -20, 1145, 43;
0, 297, 14, -21, 415, 5, 0, 1159, 58;
3, 299, 16, 10, 420, 10, 13, 1166, 64;
5, 298, 16, 37, 419, 10, 19, 1165, 63;
4, 296, 14, 58, 412, 4, 18, 1157, 56;
3, 293, 10, 74, 399, -6, 11, 1143, 42;
3, 291, 9, 97, 392, -10, 13, 1137, 37;
6, 292, 10, 126, 391, -7, 24, 1139, 42;
8, 292, 11, 154, 387, -5, 32, 1139, 43;
15, 296, 16, 196, 397, 10, 58, 1157, 63;
12, 291, 11, 207, 377, -3, 48, 1137, 46;
12, 289, 10, 228, 366, -7, 49, 1130, 41;
14, 289, 10, 253, 358, -6, 56, 1128, 42;
18, 290, 13, 284, 356, 0, 71, 1133, 51;
18, 288, 12, 304, 343, -2, 72, 1125, 47;
18, 285, 10, 320, 325, -9, 70, 1113, 39;
22, 287, 12, 350, 323, 0, 86, 1119, 50;
21, 283, 10, 364, 303, -8, 82, 1105, 40;
23, 283, 11, 388, 294, -4, 92, 1106, 45;
24, 281, 10, 405, 278, -6, 94, 1098, 42;
30, 285, 16, 441, 281, 10, 120, 1114, 64;
32, 284, 16, 460, 268, 12, 126, 1110, 66;
30, 280, 14, 467, 244, 3, 119, 1094, 55;
30, 277, 12, 478, 223, -1, 117, 1082, 49;
33, 278, 14, 499, 213, 5, 129, 1084, 57;
33, 275, 14, 510, 194, 2, 129, 1075, 54;
29, 269, 9, 507, 162, -12, 114, 1050, 35;
35, 273, 14, 536, 162, 5, 139, 1065, 58;
35, 270, 14, 543, 142, 3, 139, 1056, 55;
32, 265, 10, 539, 111, -9, 125, 1033, 39;
36, 267, 14, 558, 105, 3, 142, 1041, 54;
32, 260, 9, 551, 72, -10, 126, 1017, 37;
36, 262, 13, 567, 65, 1, 142, 1025, 52;
34, 258, 11, 564, 39, -5, 134, 1009, 43;
33, 255, 9, 562, 16, -9, 130, 997, 38;
37, 257, 13, 576, 8, 2, 145, 1005, 54;
38, 257, 14, 579, -6, 5, 150, 1002, 58;
36, 252, 12, 570, -33, -1, 140, 986, 49;
33, 249, 10, 561, -59, -7, 131, 971, 41;
35, 248, 12, 562, -73, -2, 137, 970, 47;
33, 246, 11, 554, -95, -5, 132, 959, 44;
34, 245, 12, 550, -110, -2, 134, 956, 47;
36, 245, 14, 550, -122, 4, 141, 958, 56;
35, 243, 14, 539, -141, 3, 137, 949, 54;
36, 243, 15, 534, -154, 8, 141, 949, 61;
32, 238, 12, 513, -182, -1, 125, 930, 48;
32, 238, 13, 505, -195, 2, 127, 929, 53;
33, 238, 15, 496, -206, 7, 130, 929, 59;
33, 237, 16, 485, -219, 10, 131, 927, 64;
30, 234, 14, 463, -241, 4, 119, 913, 56;
30, 233, 15, 449, -253, 7, 119, 912, 60;
26, 229, 12, 422, -277, -1, 103, 895, 48;
26, 229, 13, 407, -287, 2, 103, 894, 53;
27, 230, 16, 396, -293, 9, 108, 899, 63;
26, 229, 16, 375, -306, 9, 102, 893, 62;
18, 221, 9, 332, -339, -12, 70, 862, 35;
23, 226, 15, 331, -330, 8, 91, 884, 61;
15, 219, 9, 287, -361, -12, 59, 854, 35;
17, 221, 12, 275, -360, -1, 67, 864, 49;
19, 224, 16, 264, -356, 11, 77, 877, 65;
16, 222, 14, 233, -370, 5, 63, 866, 58;
10, 217, 10, 194, -391, -8, 40, 846, 40;
7, 215, 9, 165, -401, -12, 29, 839, 35;
12, 221, 16, 161, -385, 10, 50, 865, 63;
7, 217, 12, 123, -401, -1, 29, 848, 48;
8, 219, 15, 105, -397, 6, 32, 857, 59;
4, 217, 12, 71, -407, 0, 16, 847, 50;
0, 214, 10, 36, -417, -8, 0, 836, 40;
3, 219, 15, 24, -402, 6, 12, 855, 59;
0, 218, 14, -4, -405, 4, 2, 852, 56;
-4, 214, 10, -44, -417, -8, -19, 836, 40;
-3, 217, 13, -61, -405, 1, -13, 849, 52;
-2, 220, 15, -81, -396, 8, -11, 859, 61;
-10, 214, 9, -126, -411, -10, -41, 837, 37;
-9, 218, 12, -143, -397, 0, -36, 850, 50;
-7, 222, 16, -158, -381, 10, -28, 867, 64;
-9, 222, 16, -184, -375, 9, -36, 868, 63;
-10, 223, 16, -209, -368, 9, -42, 870, 63;
-14, 222, 14, -239, -366, 4, -55, 867, 56;
-20, 218, 9, -279, -373, -11, -80, 850, 36;
-16, 225, 15, -284, -345, 7, -63, 877, 60;
-17, 225, 15, -307, -335, 7, -69, 881, 59;
-23, 222, 10, -344, -338, -6, -92, 867, 42;
-19, 229, 16, -347, -308, 11, -75, 894, 64;
-26, 224, 10, -385, -313, -6, -102, 877, 42;
-23, 230, 15, -392, -287, 7, -90, 899, 59;
-27, 228, 12, -421, -283, -3, -107, 891, 47;
-29, 228, 11, -442, -272, -6, -116, 892, 43;
-31, 229, 10, -461, -259, -8, -122, 896, 40;
-26, 237, 16, -458, -225, 10, -103, 925, 63;
-29, 236, 14, -480, -216, 3, -116, 922, 55;
-33, 235, 11, -503, -207, -4, -129, 918, 45;
-31, 240, 14, -506, -181, 4, -121, 936, 56;
-31, 241, 14, -517, -163, 5, -123, 943, 57;
-36, 239, 10, -542, -159, -8, -143, 933, 40;
-38, 239, 9, -554, -144, -11, -149, 935, 36;
-36, 244, 11, -555, -118, -4, -142, 951, 45;
-38, 243, 9, -568, -105, -10, -151, 951, 38;
-39, 245, 9, -573, -86, -9, -152, 959, 38;
-38, 248, 11, -574, -63, -5, -148, 971, 43;
-33, 255, 15, -562, -30, 8, -131, 996, 61;
-35, 255, 14, -569, -15, 4, -137, 997, 56;
-35, 257, 14, -570, 3, 3, -138, 1004, 55;
-36, 258, 13, -573, 19, 0, -142, 1007, 50;
-39, 257, 10, -579, 30, -8, -152, 1004, 40;
-38, 259, 10, -574, 51, -6, -149, 1013, 42;
-34, 264, 14, -560, 79, 3, -136, 1032, 54;
-33, 267, 14, -552, 101, 5, -131, 1042, 57;
-33, 269, 15, -544, 120, 6, -128, 1050, 59;
-34, 269, 13, -541, 134, 1, -133, 1051, 52;
-34, 270, 12, -534, 150, 0, -133, 1055, 49;
-34, 270, 11, -527, 163, -5, -136, 1056, 44;
-30, 276, 15, -504, 192, 6, -118, 1077, 59;
-33, 273, 10, -505, 196, -6, -132, 1067, 42;
-32, 275, 11, -490, 213, -5, -127, 1074, 43;
-28, 280, 14, -463, 241, 5, -109, 1095, 58;
-31, 278, 10, -460, 244, -7, -121, 1084, 42;
-28, 281, 12, -438, 264, -2, -111, 1096, 48;
-30, 279, 9, -429, 269, -11, -118, 1090, 36;
-26, 283, 11, -402, 290, -3, -103, 1105, 46;
-21, 288, 15, -371, 314, 7, -84, 1124, 60;
-24, 285, 11, -364, 314, -5, -96, 1112, 44;
-23, 285, 10, -344, 324, -6, -92, 1115, 42;
-17, 291, 15, -306, 351, 8, -67, 1138, 61;
-15, 293, 16, -282, 362, 9, -61, 1143, 62;
-13, 294, 16, -256, 374, 11, -51, 1149, 65;
-16, 291, 12, -246, 368, -2, -63, 1135, 48;
-10, 296, 16, -208, 389, 11, -40, 1155, 64;
-9, 295, 15, -186, 393, 7, -38, 1153, 60;
-13, 290, 10, -177, 382, -9, -53, 1134, 39;
-5, 298, 16, -131, 408, 11, -20, 1162, 65;
-6, 295, 13, -113, 404, 2, -25, 1153, 54;
-6, 294, 12, -92, 401, -2, -25, 1147, 47;
-5, 294, 12, -66, 404, -3, -19, 1147, 46;
-4, 292, 10, -44, 400, -8, -19, 1142, 40;
0, 296, 14, -4, 413, 4, 2, 1157, 56;
4, 299, 16, 29, 421, 11, 19, 1167, 65;
6, 299, 16, 56, 419, 10, 24, 1166, 64;
1, 292, 9, 61, 396, -10, 5, 1139, 38;
6, 294, 12, 97, 402, 0, 23, 1149, 49;
4, 290, 9, 113, 388, -11, 16, 1134, 36;
8, 292, 11, 146, 390, -4, 32, 1142, 45;
13, 296, 15, 184, 397, 7, 53, 1154, 60;
12, 292, 12, 202, 382, 0, 49, 1142, 50;
12, 290, 10, 221, 369, -6, 48, 1132, 42;
14, 289, 11, 246, 361, -6, 55, 1129, 43;
18, 291, 13, 278, 361, 2, 71, 1136, 53;
18, 289, 12, 299, 348, 0, 73, 1129, 50;
20, 288, 12, 322, 338, 0, 79, 1125, 50;
20, 286, 11, 340, 323, -4, 80, 1117, 45;
24, 287, 14, 369, 319, 3, 95, 1122, 55;
22, 283, 10, 379, 296, -6, 87, 1104, 42;
29, 287, 16, 417, 301, 12, 115, 1123, 65;
30, 285, 16, 433, 285, 9, 117, 1114, 62;
27, 280, 12, 438, 257, -3, 105, 1093, 46;
29, 280, 13, 459, 246, 0, 114, 1092, 51;
29, 277, 12, 472, 227, -2, 114, 1082, 47;
31, 277, 13, 491, 215, 1, 123, 1082, 53;
31, 274, 12, 501, 195, -1, 122, 1071, 48;
32, 273, 13, 515, 180, 0, 128, 1067, 50;
34, 272, 13, 528, 165, 2, 133, 1063, 53;
37, 273, 16, 546, 154, 9, 145, 1066, 63;
31, 265, 10, 536, 117, -9, 123, 1035, 39;
34, 266, 12, 551, 106, -1, 135, 1038, 48;
38, 267, 15, 567, 96, 7, 148, 1042, 60;
33, 260, 10, 556, 61, -9, 129, 1014, 39;
37, 262, 14, 574, 56, 5, 148, 1025, 57;
36, 259, 12, 570, 31, -1, 140, 1010, 49;
37, 258, 13, 576, 15, 2, 145, 1008, 54;
36, 255, 13, 574, -6, 0, 143, 998, 51;
37, 255, 14, 576, -21, 3, 147, 995, 55;
32, 248, 9, 559, -55, -10, 128, 969, 37;
38, 252, 15, 574, -56, 7, 150, 985, 60;
34, 246, 11, 556, -88, -5, 132, 962, 44;
38, 249, 15, 564, -92, 9, 149, 973, 62;
32, 242, 10, 541, -127, -7, 127, 946, 41;
35, 244, 14, 543, -135, 3, 138, 952, 55;
35, 243, 14, 535, -151, 5, 138, 947, 57;
32, 239, 12, 517, -175, -1, 127, 933, 49;
32, 238, 13, 507, -191, 0, 126, 929, 51;
35, 240, 16, 505, -197, 11, 136, 936, 65;
30, 235, 13, 480, -223, 1, 120, 917, 52;
31, 235, 15, 471, -233, 7, 124, 919, 60;
30, 233, 15, 454, -249, 6, 119, 912, 58;
27, 230, 13, 431, -269, 1, 108, 900, 52;
29, 232, 16, 422, -274, 10, 116, 907, 64;
26, 229, 14, 397, -294, 4, 103, 894, 56;
20, 223, 10, 363, -320, -9, 81, 872, 39;
22, 225, 12, 351, -324, 0, 86, 878, 50;
23, 226, 15, 337, -327, 7, 91, 884, 60;
19, 223, 12, 306, -346, 0, 75, 869, 49;
19, 223, 14, 288, -351, 4, 76, 872, 56;
12, 217, 9, 248, -377, -11, 50, 848, 36;
15, 221, 13, 237, -372, 1, 60, 862, 52;
11, 218, 11, 205, -386, -5, 45, 850, 43;
15, 223, 16, 197, -376, 11, 60, 869, 65;
11, 219, 13, 162, -390, 2, 43, 856, 54;
7, 217, 11, 130, -402, -3, 28, 846, 46;
4, 215, 10, 98, -411, -8, 15, 838, 39;
7, 220, 15, 89, -396, 8, 31, 859, 62;
1, 215, 11, 48, -413, -5, 6, 840, 43;
0, 214, 10, 19, -416, -7, -2, 838, 41;
-2, 214, 10, -8, -418, -8, -10, 836, 40;
1, 220, 16, -17, -399, 9, 5, 859, 63;
-2, 218, 14, -49, -403, 4, -8, 852, 56;
-4, 218, 14, -77, -402, 3, -16, 852, 54;
-4, 220, 15, -98, -394, 8, -16, 860, 61;
-10, 216, 11, -139, -403, -5, -39, 844, 44;
-12, 216, 10, -167, -401, -7, -49, 843, 41;
-10, 220, 14, -181, -382, 4, -40, 861, 56;
-15, 218, 11, -216, -386, -5, -59, 850, 43;
-13, 222, 14, -231, -368, 4, -52, 866, 56;
-18, 219, 11, -265, -370, -5, -71, 856, 44;
-18, 221, 12, -285, -357, -1, -72, 865, 49;
-23, 219, 9, -318, -356, -10, -89, 857, 37;
-22, 222, 11, -335, -341, -5, -89, 867, 43;
-21, 226, 13, -348, -320, 2, -83, 882, 54;
-25, 224, 11, -378, -317, -6, -100, 876, 43;
-21, 231, 16, -382, -288, 10, -85, 901, 63;
-25, 230, 14, -408, -281, 3, -97, 898, 55;
-29, 228, 10, -437, -278, -7, -115, 889, 42;
-28, 231, 12, -448, -257, 0, -112, 903, 50;
-29, 233, 12, -465, -242, -1, -116, 908, 49;
-34, 231, 9, -491, -236, -11, -133, 901, 36;
-33, 234, 10, -501, -215, -7, -131, 913, 41;
-33, 236, 11, -511, -195, -4, -131, 923, 45;
-31, 241, 14, -513, -168, 5, -121, 942, 58;
-36, 238, 10, -538, -165, -8, -142, 930, 40;
-34, 243, 13, -539, -138, 0, -133, 948, 51;
-38, 241, 9, -560, -132, -11, -150, 940, 36;
-32, 249, 16, -545, -91, 10, -125, 974, 63;
-35, 249, 13, -559, -80, 2, -137, 971, 53;
-35, 251, 13, -564, -61, 2, -137, 979, 54;
-36, 252, 13, -569, -44, 0, -140, 984, 51;
-34, 256, 15, -566, -19, 6, -134, 998, 59;
-37, 254, 11, -578, -10, -4, -148, 992, 45;
-37, 256, 12, -575, 10, -2, -145, 1001, 48;
-34, 261, 14, -565, 38, 6, -134, 1019, 58;
-34, 263, 15, -562, 58, 6, -133, 1027, 59;
-37, 261, 11, -571, 64, -5, -147, 1019, 43;
-33, 267, 15, -552, 97, 7, -129, 1043, 60;
-37, 264, 10, -560, 101, -6, -146, 1031, 42;
-36, 266, 11, -550, 121, -5, -142, 1040, 44;
-34, 270, 13, -536, 145, 0, -132, 1054, 51;
-34, 271, 12, -528, 160, -1, -133, 1058, 48;
-29, 276, 16, -505, 190, 10, -115, 1079, 63;
-34, 272, 10, -510, 189, -7, -134, 1064, 41;
-33, 274, 10, -497, 205, -8, -132, 1069, 40;
-31, 277, 11, -478, 226, -4, -123, 1080, 45;
-32, 276, 9, -470, 234, -11, -128, 1077, 36;
-30, 279, 10, -449, 254, -7, -118, 1088, 42;
-25, 284, 14, -419, 281, 5, -99, 1109, 57;
-28, 281, 10, -414, 281, -8, -111, 1097, 40;
-26, 283, 11, -392, 296, -6, -103, 1105, 43;
-22, 287, 13, -362, 318, 2, -87, 1121, 54;
-18, 290, 16, -335, 337, 9, -74, 1133, 62;
-24, 284, 9, -334, 326, -12, -95, 1111, 35;
-19, 288, 12, -302, 346, -2, -77, 1126, 47;
-20, 287, 10, -285, 349, -9, -80, 1122, 39;
-16, 290, 12, -254, 365, -2, -65, 1134, 48;
-13, 293, 13, -225, 378, 2, -53, 1143, 53;
-9, 296, 16, -191, 394, 11, -36, 1157, 65;
-11, 293, 12, -179, 387, -1, -46, 1142, 48;
-13, 290, 9, -162, 384, -11, -51, 1133, 37;
-4, 298, 16, -113, 412, 12, -16, 1164, 65;
-5, 295, 13, -96, 406, 2, -21, 1153, 54;
-5, 294, 12, -73, 404, -1, -20, 1149, 48;
-2, 295, 13, -44, 409, 1, -9, 1153, 52;
0, 296, 13, -16, 411, 1, -2, 1154, 52;
0, 295, 12, 7, 408, -1, 0, 1151, 49;
5, 298, 16, 46, 419, 10, 22, 1165, 64;
0, 291, 9, 51, 395, -11, 1, 1137, 36;
3, 293, 11, 83, 398, -6, 14, 1143, 43;
9, 297, 15, 124, 409, 7, 38, 1159, 60;
8, 294, 12, 142, 396, 0, 34, 1147, 50;
11, 294, 14, 172, 395, 3, 46, 1150, 55;
15, 296, 15, 203, 394, 8, 59, 1154, 61;
15, 293, 14, 223, 382, 3, 59, 1145, 55;
15, 291, 13, 244, 370, 0, 60, 1138, 50;
19, 293, 15, 275, 369, 7, 75, 1144, 60;
15, 287, 10, 282, 343, -9, 61, 1120, 39;
21, 290, 14, 319, 346, 4, 83, 1132, 56;
21, 288, 13, 337, 331, 0, 83, 1123, 50;
22, 286, 12, 356, 317, -2, 86, 1116, 48;
26, 288, 15, 387, 315, 8, 104, 1125, 61;
23, 282, 11, 393, 288, -5, 92, 1102, 43;
24, 281, 11, 412, 274, -5, 97, 1097, 43;
28, 282, 14, 439, 269, 2, 112, 1103, 54;
28, 279, 12, 451, 248, -2, 109, 1090, 48;
32, 281, 16, 478, 245, 9, 128, 1099, 62;
33, 279, 15, 491, 226, 7, 129, 1090, 59;
31, 275, 12, 497, 201, -1, 122, 1074, 49;
35, 276, 15, 519, 193, 7, 136, 1079, 60;
34, 273, 14, 526, 172, 3, 134, 1067, 55;
32, 269, 11, 528, 146, -4, 127, 1050, 45;
31, 266, 10, 534, 124, -8, 124, 1039, 40;
37, 269, 15, 557, 121, 6, 145, 1051, 59;
35, 265, 12, 557, 95, 0, 138, 1035, 50;
35, 262, 12, 560, 73, -2, 136, 1025, 47;
33, 259, 10, 559, 49, -8, 130, 1010, 40;
33, 257, 9, 561, 28, -9, 130, 1002, 38;
39, 261, 16, 582, 29, 9, 154, 1019, 63;
39, 258, 15, 581, 8, 8, 152, 1010, 60;
39, 257, 16, 583, -9, 10, 155, 1005, 63;
39, 255, 16, 580, -29, 9, 153, 997, 62;
34, 249, 11, 562, -62, -5, 134, 972, 44;
34, 247, 11, 559, -80, -3, 135, 966, 46;
36, 248, 14, 560, -92, 3, 142, 968, 54;
33, 243, 11, 545, -120, -5, 129, 950, 43;
33, 242, 11, 538, -137, -4, 129, 944, 45;
33, 241, 12, 530, -153, -2, 129, 940, 47;
31, 238, 11, 516, -174, -6, 122, 929, 43;
28, 234, 9, 499, -197, -11, 113, 916, 36;
34, 239, 15, 506, -194, 8, 134, 934, 61;
28, 232, 10, 475, -228, -8, 109, 906, 39;
29, 232, 12, 466, -238, -2, 113, 908, 47;
25, 229, 10, 443, -260, -9, 101, 894, 39;
25, 228, 10, 429, -272, -6, 100, 892, 42;
29, 232, 15, 427, -271, 8, 115, 906, 61;
26, 229, 14, 403, -289, 4, 104, 895, 56;
21, 224, 10, 370, -316, -9, 83, 874, 39;
24, 227, 15, 365, -313, 6, 97, 888, 59;
17, 220, 9, 325, -343, -12, 68, 861, 35;
18, 222, 11, 311, -346, -3, 73, 867, 46;
19, 223, 13, 293, -350, 1, 74, 870, 53;
15, 219, 11, 262, -368, -6, 59, 857, 43;
17, 222, 15, 250, -364, 6, 68, 869, 58;
10, 216, 9, 207, -390, -11, 39, 843, 36;
15, 222, 16, 204, -375, 9, 60, 868, 63;
6, 215, 9, 156, -403, -12, 27, 838, 36;
10, 219, 14, 146, -392, 4, 40, 857, 56;
3, 214, 9, 104, -413, -12, 13, 835, 35;
3, 215, 10, 81, -412, -7, 12, 839, 41;
1, 214, 10, 55, -415, -7, 5, 838, 41;
-1, 213, 9, 25, -419, -10, -4, 834, 37;
4, 220, 16, 20, -398, 11, 16, 861, 65;
-4, 214, 9, -27, -419, -9, -16, 834, 38;
-3, 216, 12, -47, -410, -2, -14, 844, 48;
-7, 214, 10, -81, -416, -9, -29, 836, 39;
-5, 218, 14, -95, -400, 3, -20, 853, 55;
-7, 218, 13, -124, -399, 0, -30, 851, 52;
-5, 222, 16, -139, -383, 11, -23, 866, 65;
-11, 219, 13, -177, -389, 0, -44, 854, 50;
-9, 223, 16, -190, -371, 11, -35, 871, 65;
-15, 219, 12, -230, -379, -3, -60, 855, 47;
-16, 220, 12, -254, -370, -2, -65, 859, 47;
-14, 225, 16, -266, -348, 10, -55, 878, 63;
-17, 224, 14, -296, -345, 3, -70, 874, 55;
-20, 224, 13, -321, -337, 1, -78, 874, 52;
-21, 225, 13, -344, -327, 0, -85, 877, 51;
-25, 224, 10, -372, -322, -6, -99, 873, 42;
-22, 229, 15, -379, -296, 6, -87, 895, 59;
-22, 231, 16, -396, -280, 9, -89, 903, 62;
-25, 231, 14, -419, -270, 5, -99, 903, 57;
-25, 234, 16, -432, -251, 9, -97, 914, 63;
-32, 229, 9, -470, -257, -11, -128, 894, 36;
-32, 231, 10, -482, -238, -7, -127, 904, 41;
-28, 238, 16, -479, -204, 9, -109, 932, 62;
-35, 233, 9, -514, -209, -11, -139, 911, 36;
-33, 238, 12, -516, -182, -1, -130, 930, 48;
-36, 238, 10, -534, -170, -7, -140, 929, 41;
-31, 245, 15, -528, -136, 8, -122, 956, 61;
-31, 247, 16, -535, -116, 10, -123, 965, 63;
-36, 245, 12, -556, -111, -3, -141, 955, 47;
-33, 250, 15, -552, -81, 7, -129, 976, 60;
-33, 252, 15, -556, -61, 8, -129, 984, 61;
-36, 251, 12, -570, -52, 0, -142, 979, 49;
-39, 250, 10, -580, -40, -8, -152, 977, 40;
-36, 255, 12, -573, -13, 0, -142, 994, 50;
-39, 254, 10, -582, -2, -8, -153, 991, 39;
-37, 258, 12, -574, 23, -1, -144, 1007, 48;
-33, 263, 16, -560, 54, 9, -129, 1028, 63;
-32, 266, 16, -555, 75, 11, -126, 1038, 65;
-37, 262, 11, -568, 76, -6, -147, 1023, 43;
-38, 262, 9, -566, 91, -10, -151, 1024, 37;
-31, 271, 16, -537, 131, 11, -122, 1058, 64;
-31, 272, 15, -531, 147, 8, -123, 1062, 61;
-31, 274, 15, -521, 165, 8, -121, 1069, 61;
-36, 269, 9, -529, 164, -10, -141, 1052, 38;
-29, 277, 16, -497, 201, 9, -114, 1083, 62;
-31, 276, 13, -492, 209, 1, -121, 1079, 52;
-31, 277, 12, -481, 223, -1, -121, 1081, 48;
-28, 280, 14, -460, 244, 3, -110, 1094, 55;
-27, 282, 14, -443, 260, 4, -105, 1101, 56;
-28, 281, 12, -433, 267, -3, -111, 1097, 46;
-24, 285, 14, -406, 290, 5, -95, 1112, 57;
-28, 281, 9, -404, 287, -11, -112, 1096, 36;
-26, 283, 10, -381, 302, -8, -103, 1105, 40;
-21, 288, 13, -349, 326, 2, -84, 1123, 53;
-22, 286, 11, -334, 330, -4, -88, 1119, 44;
-16, 292, 16, -297, 355, 9, -64, 1141, 63;
-21, 287, 9, -294, 346, -9, -82, 1120, 38;
-14, 293, 14, -254, 370, 5, -57, 1143, 58;
-15, 291, 12, -237, 372, -1, -60, 1137, 49;
-16, 289, 9, -222, 370, -10, -66, 1128, 37;
-10, 294, 14, -181, 391, 3, -41, 1149, 55;
-12, 291, 10, -167, 386, -7, -48, 1137, 41;
-9, 293, 12, -137, 395, -3, -37, 1144, 47;
-4, 296, 15, -101, 409, 6, -18, 1158, 59;
-8, 291, 9, -91, 395, -10, -33, 1138, 37;
-5, 293, 10, -60, 401, -6, -21, 1143, 42;
-3, 293, 10, -33, 402, -6, -14, 1144, 42;
4, 6, 3, 3372, 3687, 2252, 16, 23, 13;
19, 3, 11, 1545, 3217, 1526, 76, 12, 43;
15, 6, 4, 1930, 4267, 1695, 62, 25, 16;
6, 18, 2, 1583, 2721, 1070, 24, 71, 9;
20, 5, 3, 2702, 4601, 2118, 79, 22, 12;
20, 20, 7, 2331, 4805, 2736, 78, 80, 30;
9, 10, 1, 3199, 3429, 2882, 35, 41, 5;
11, 3, 3, 2659, 5029, 2272, 43, 12, 12;
14, 10, 12, 2744, 5146, 1250, 57, 41, 49;
3, 22, 11, 3195, 4363, 1374, 13, 86, 45;
4, 13, 1, 3613, 2774, 2082, 15, 51, 7;
7, 18, 2, 2293, 3332, 2237, 27, 70, 11;
14, 22, 2, 3474, 3028, 2601, 57, 86, 9;
4, 0, 8, 2532, 2660, 2333, 16, 2, 34;
0, 0, 7, 4141, 2920, 1836, 3, 2, 30;
12, 16, 10, 3857, 1871, 1124, 50, 65, 42;
10, 29, 8, 2455, 3097, 2499, 41, 115, 31;
19, 20, 8, 4192, 4156, 1867, 76, 80, 32;
11, 5, 2, 4160, 2156, 1668, 46, 23, 10;
6, 31, 10, 4312, 3930, 2342, 26, 121, 39;
20, 25, 5, 2251, 4455, 1768, 78, 100, 21;
4, 20, 12, 1991, 2869, 1533, 16, 81, 47;
11, 14, 7, 3539, 3065, 1688, 44, 58, 29;
8, 21, 2, 2417, 5132, 1507, 32, 83, 8;
0, 19, 2, 2911, 2727, 2689, 2, 76, 9;
5, 7, 1, 3576, 3665, 2451, 22, 31, 4;
11, 12, 6, 3171, 2834, 2095, 43, 46, 24;
2, 6, 9, 3960, 2971, 1420, 8, 24, 38;
5, 3, 10, 4200, 4723, 1896, 20, 14, 39;
16, 21, 5, 4354, 1856, 2095, 65, 83, 20;
2, 17, 2, 4071, 3963, 2522, 10, 68, 8;
4, 0, 12, 1654, 4336, 1992, 18, 0, 47;
17, 1, 1, 4340, 4138, 2457, 67, 6, 4;
3, 15, 2, 3033, 2495, 2583, 14, 62, 10;
20, 13, 4, 1865, 4687, 1623, 78, 50, 17;
9, 24, 5, 3611, 5406, 1443, 36, 94, 21;
15, 28, 4, 2878, 3722, 1284, 60, 112, 19;
15, 28, 7, 2445, 2665, 2889, 59, 112, 30;
11, 25, 12, 2000, 2591, 1343, 43, 99, 48;
18, 21, 5, 1896, 4273, 2612, 70, 85, 20;
8, 6, 2, 3843, 3222, 2450, 33, 24, 10;
17, 10, 0, 1686, 2341, 1835, 66, 42, 3;
11, 28, 5, 2714, 2354, 2650, 46, 113, 21;
12, 15, 1, 3439, 4041, 1265, 50, 58, 7;
17, 19, 7, 4090, 2191, 1600, 69, 76, 29;
7, 29, 2, 3361, 5066, 2409, 31, 116, 9;
20, 27, 7, 1903, 1827, 1995, 78, 109, 30;
17, 24, 4, 1916, 4844, 1581, 69, 95, 17;
3, 22, 3, 4157, 5043, 2334, 12, 87, 15;
8, 11, 0, 4386, 4154, 1437, 32, 44, 0;
4, 2, 8, 2633, 2577, 1000, 18, 9, 34;
6, 14, 3, 2845, 2068, 1775, 26, 54, 15;
17, 18, 10, 2687, 4344, 1635, 69, 72, 40;
6, 23, 0, 3285, 2029, 2436, 25, 92, 3;
3, 18, 7, 1849, 2172, 1490, 12, 72, 27;
0, 12, 2, 2743, 4286, 1100, 3, 47, 8;
1, 9, 7, 1559, 4735, 1023, 5, 38, 28;
12, 27, 0, 2496, 2696, 2091, 50, 106, 3;
2, 0, 3, 3221, 2039, 2763, 10, 3, 14;
8, 15, 9, 2861, 4247, 1307, 31, 60, 38;
2, 16, 1, 2654, 4831, 1323, 9, 66, 6;
16, 16, 8, 3071, 3597, 2527, 63, 62, 31;
2, 30, 6, 2205, 3165, 1905, 9, 120, 24;
4, 16, 1, 2313, 3249, 2154, 16, 65, 6;
19, 13, 0, 1912, 4342, 2502, 74, 52, 3;
18, 19, 9, 2076, 4727, 1766, 71, 76, 37;
7, 26, 3, 3236, 2551, 1110, 27, 102, 15;
18, 22, 6, 1536, 2695, 2320, 73, 88, 26;
18, 26, 1, 2542, 4415, 1613, 72, 104, 7;
6, 0, 12, 2612, 2951, 1429, 25, 1, 47;
5, 15, 0, 3385, 5374, 1604, 21, 60, 3;
14, 29, 7, 1884, 2801, 1705, 54, 114, 28;
0, 15, 13, 3466, 3864, 2829, 2, 60, 50;
5, 22, 5, 3759, 2885, 2643, 22, 86, 21;
7, 9, 12, 2538, 1901, 1995, 28, 36, 48;
6, 10, 10, 3424, 3590, 2164, 26, 39, 41;
2, 24, 10, 1689, 5297, 1406, 10, 96, 40;
20, 1, 8, 3093, 3525, 2675, 79, 4, 34;
17, 26, 5, 2534, 2216, 2949, 67, 104, 22;
11, 28, 5, 2634, 3320, 2501, 43, 109, 20;
625, 822, 452, 5236, 4581, 3105, 2439, 3206, 1763;
646, 827, 479, 5061, 4431, 3013, 2520, 3227, 1870;
678, 971, 412, 4858, 4253, 2891, 2645, 3788, 1609;
557, 814, 411, 4634, 4052, 2743, 2175, 3175, 1606;
625, 915, 420, 4486, 3927, 2670, 2440, 3569, 1640;
514, 889, 413, 4297, 3760, 2552, 2008, 3469, 1611;
503, 765, 331, 4116, 3600, 2440, 1963, 2984, 1293;
443, 622, 304, 3975, 3479, 2364, 1728, 2426, 1186;
481, 600, 339, 3800, 3324, 2252, 1878, 2342, 1322;
509, 757, 277, 3677, 3219, 2190, 1986, 2955, 1083;
474, 662, 331, 3512, 3073, 2084, 1852, 2582, 1294;
492, 681, 325, 3355, 2932, 1982, 1918, 2656, 1268;
362, 717, 273, 3245, 2839, 1926, 1413, 2797, 1067;
450, 658, 232, 3109, 2719, 1842, 1757, 2567, 905;
423, 625, 253, 2978, 2604, 1761, 1653, 2441, 987;
405, 642, 269, 2893, 2533, 1724, 1583, 2505, 1051;
392, 558, 250, 2749, 2403, 1625, 1531, 2176, 978;
341, 559, 217, 2681, 2349, 1601, 1331, 2180, 849;
343, 600, 182, 2569, 2250, 1532, 1339, 2343, 711;
338, 502, 188, 2433, 2126, 1436, 1319, 1960, 735;
347, 544, 211, 2353, 2058, 1395, 1355, 2122, 824;
318, 473, 215, 2283, 2000, 1363, 1243, 1846, 842;
294, 570, 198, 2181, 1909, 1297, 1149, 2225, 773;
229, 490, 198, 2068, 1807, 1219, 894, 1914, 775;
265, 508, 185, 1991, 1740, 1175, 1035, 1982, 724;
277, 523, 192, 1953, 1712, 1169, 1081, 2039, 750;
211, 471, 146, 1870, 1639, 1117, 826, 1840, 570;
224, 428, 146, 1771, 1548, 1047, 874, 1669, 569;
221, 487, 172, 1729, 1515, 1034, 863, 1902, 673;
215, 452, 145, 1655, 1450, 987, 839, 1763, 568;
217, 411, 114, 1592, 1394, 950, 850, 1605, 448;
219, 439, 140, 1523, 1333, 906, 856, 1714, 548;
206, 393, 123, 1478, 1296, 886, 803, 1534, 481;
184, 460, 132, 1385, 1210, 816, 718, 1794, 515;
161, 391, 119, 1365, 1197, 818, 631, 1525, 467;
153, 407, 109, 1278, 1116, 752, 596, 1589, 425;
180, 442, 110, 1243, 1087, 738, 704, 1726, 431;
150, 434, 120, 1216, 1067, 731, 585, 1693, 468;
129, 361, 101, 1149, 1005, 683, 505, 1409, 396;
147, 368, 83, 1080, 942, 632, 575, 1438, 326;
161, 399, 101, 1082, 950, 652, 630, 1558, 395;
144, 395, 98, 1022, 895, 609, 562, 1544, 384;
128, 369, 71, 962, 839, 564, 500, 1439, 280;
134, 350, 87, 916, 799, 535, 524, 1365, 343;
121, 344, 64, 896, 783, 529, 473, 1344, 249;
102, 358, 68, 847, 739, 495, 398, 1398, 268;
91, 362, 80, 828, 724, 490, 358, 1413, 312;
108, 368, 75, 778, 678, 453, 422, 1436, 294;
95, 341, 66, 767, 671, 455, 372, 1330, 258;
99, 326, 55, 747, 655, 447, 386, 1273, 215;
96, 360, 49, 699, 610, 410, 375, 1405, 193;
83, 346, 64, 676, 591, 399, 324, 1352, 251;
84, 335, 63, 666, 584, 400, 330, 1310, 249;
80, 332, 62, 628, 550, 372, 315, 1297, 242;
85, 331, 55, 595, 519, 349, 332, 1292, 218;
79, 320, 45, 597, 525, 361, 308, 1248, 176;
80, 336, 53, 551, 482, 325, 315, 1310, 207;
63, 309, 50, 546, 478, 328, 246, 1206, 196;
72, 315, 48, 515, 450, 305, 283, 1231, 188;
66, 312, 46, 485, 423, 283, 260, 1218, 182;
64, 329, 39, 495, 435, 302, 253, 1284, 155;
68, 308, 41, 480, 423, 294, 267, 1204, 163;
54, 308, 36, 419, 364, 240, 210, 1203, 143;
57, 316, 31, 414, 362, 243, 223, 1233, 124;
48, 309, 36, 424, 374, 259, 187, 1208, 141;
53, 307, 30, 371, 322, 213, 207, 1200, 120;
47, 308, 23, 351, 304, 199, 184, 1202, 90;
51, 293, 32, 357, 312, 211, 199, 1145, 125;
45, 299, 29, 333, 290, 193, 176, 1167, 114;
45, 296, 24, 330, 289, 195, 177, 1156, 95;
39, 294, 27, 318, 278, 188, 152, 1147, 107;
46, 289, 24, 313, 274, 188, 181, 1129, 95;
37, 289, 27, 308, 271, 188, 146, 1127, 106;
34, 291, 26, 287, 252, 172, 134, 1138, 103;
34, 283, 19, 256, 222, 145, 135, 1106, 74;
36, 292, 21, 271, 238, 165, 140, 1140, 84;
31, 288, 21, 253, 222, 151, 121, 1124, 84;
36, 284, 26, 260, 230, 162, 143, 1109, 103;
29, 278, 19, 238, 209, 144, 113, 1087, 74;
26, 284, 16, 216, 188, 126, 103, 1111, 63;
1, 256, 1, 1, 1, 1, 6, 1000, 4;
1, 256, 0, 0, 0, 0, 5, 1000, 3;
1, 256, 0, -1, -1, -1, 3, 998, 1;
1, 256, 0, -1, -1, -1, 4, 999, 2;
1, 256, 1, 1, 1, 1, 5, 1000, 3;
1, 256, 0, 0, 0, 0, 4, 999, 2;
1, 256, 1, 1, 1, 1, 6, 1001, 4;
1, 256, 0, -1, -1, -1, 4, 999, 2;
1, 256, 1, 1, 1, 1, 6, 1001, 4;
1, 256, 0, -1, -1, -1, 4, 999, 2;
1, 256, 0, -1, -1, -1, 3, 998, 1;
1, 256, 0, 0, 0, 0, 4, 999, 2;
1, 256, 0, 0, 0, 0, 5, 1000, 3;
1, 256, 0, 0, 0, 0, 4, 999, 2;
1, 256, 1, 1, 1, 1, 6, 1001, 4;
1, 256, 0, 0, 0, 0, 4, 999, 2;
1, 256, 0, 0, 0, 0, 4, 999, 2;
1, 256, 0, -1, -1, -1, 3, 998, 1;
0, 256, 0, -1, -1, -1, 3, 998, 1;
1, 256, 0, 0, 0, 0, 4, 999, 2;
1, 256, 0, -1, -1, -1, 4, 998, 2;
1, 256, 0, 0, 0, 0, 5, 1000, 3;
1, 256, 0, 1, 1, 1, 5, 1000, 3;
1, 256, 0, -1, -1, -1, 4, 998, 2;
1, 256, 0, 0, 0, 0, 5, 1000, 3;
1, 256, 0, 0, 0, 0, 5, 1000, 3;
1, 256, 1, 1, 1, 1, 5, 1000, 3;
1, 256, 1, 1, 1, 1, 6, 1001, 4;
1, 256, 0, -1, -1, -1, 4, 999, 2;
1, 256, 0, 0, 0, 0, 5, 1000, 3;
1, 256, 0, -1, -1, -1, 4, 999, 2;
1, 256, 1, 1, 1, 1, 6, 1000, 4;
1, 256, 0, 0, 0, 0, 5, 1000, 3;
1, 256, 0, -1, -1, -1, 3, 998, 1;
1, 256, 0, 0, 0, 0, 4, 999, 2;
1, 256, 0, -1, -1, -1, 4, 998, 1;
1, 256, 0, 1, 1, 1, 5, 1000, 3;
1, 256, 0, -1, -1, -1, 4, 999, 2;
1, 256, 0, 0, 0, 0, 5, 999, 3;
1, 256, 0, 0, 0, 0, 4, 999, 2;
1, 256, 0, -1, -1, -1, 3, 998, 1;
1, 256, 0, -1, -1, -1, 4, 999, 2;
1, 256, 0, 0, 0, 0, 5, 1000, 3;
1, 256, 0, 0, 0, 0, 5, 1000, 3;
1, 256, 0, 0, 0, 0, 5, 1000, 3;
1, 256, 0, 0, 0, 0, 5, 1000, 3;
1, 256, 0, 0, 0, 0, 5, 1000, 3;
1, 256, 0, 0, 0, 0, 4, 999, 2;
1, 256, 0, 0, 0, 0, 4, 999, 2;
1, 256, 0, -1, -1, -1, 3, 998, 1;
1, 256, 0, 0, 0, 0, 5, 1000, 3;
1, 256, 1, 1, 1, 1, 6, 1001, 4;
1, 256, 0, 0, 0, 0, 4, 999, 2;
1, 256, 1, 1, 1, 1, 6, 1001, 4;
1, 256, 0, 0, 0, 0, 5, 1000, 3;
1, 256, 0, -1, -1, -1, 4, 999, 2;
1, 256, 0, -1, -1, -1, 4, 998, 2;
1, 256, 0, 0, 0, 0, 5, 999, 3;
1, 256, 0, 1, 1, 1, 5, 1000, 3;
1, 256, 0, 0, 0, 0, 4, 999, 2;
1, 256, 0, 1, 1, 1, 5, 1000, 3;
1, 256, 0, -1, -1, -1, 4, 998, 2;
1, 256, 0, 0, 0, 0, 5, 1000, 3;
1, 256, 0, 0, 0, 0, 4, 999, 2;
1, 256, 1, 1, 1, 1, 6, 1000, 4;
1, 256, 0, 0, 0, 0, 5, 1000, 3;
1, 256, 1, 1, 1, 1, 5, 1000, 3;
1, 256, 0, -1, -1, -1, 3, 998, 1;
0, 256, 0, -1, -1, -1, 3, 998, 1;
1, 256, 0, 0, 0, 0, 5, 1000, 3;
1, 256, 0, 0, 0, 0, 4, 999, 2;
1, 256, 0, 0, 0, 0, 4, 999, 2;
1, 256, 0, 0, 0, 0, 5, 999, 3;
1, 256, 1, 1, 1, 1, 6, 1001, 4;
1, 256, 0, -1, -1, -1, 4, 999, 2;
1, 256, 0, 0, 0, 0, 4, 999, 2;
1, 256, 0, 0, 0, 0, 5, 1000, 3;
1, 256, 0, -1, -1, -1, 4, 999, 2;
1, 256, 0, 0, 0, 0, 4, 999, 2;
1, 256, 1, 1, 1, 1, 6, 1001, 4;
1, 256, 0, 0, 0, 0, 4, 999, 2;
1, 256, 0, 0, 0, 0, 4, 999, 2;
1, 256, 0, 0, 0, 0, 4, 999, 2;
1, 256, 0, -1, -1, -1, 4, 999, 2;
1, 256, 0, 0, 0, 0, 4, 999, 2;
1, 256, 0, 0, 0, 0, 4, 999, 2;
1, 256, 1, 1, 1, 1, 6, 1001, 4;
1, 256, 0, 0, 0, 0, 5, 1000, 3;
1, 256, 0, 0, 0, 0, 5, 1000, 3;
1, 256, 1, 1, 1, 1, 6, 1000, 3;
1, 256, 0, 0, 0, 0, 5, 1000, 3;
1, 256, 0, 0, 0, 0, 5, 1000, 3;
1, 256, 0, 0, 0, 0, 5, 1000, 3;
1, 256, 0, -1, -1, -1, 4, 999, 2;
1, 256, 0, 1, 1, 1, 5, 1000, 3;
1, 256, 0, 0, 0, 0, 5, 1000, 3;
1, 256, 0, 0, 0, 0, 5, 1000, 3;
1, 256, 1, 1, 1, 1, 6, 1001, 4;
1, 256, 1, 1, 1, 1, 6, 1001, 4;
1, 256, 0, 1, 1, 1, 5, 1000, 3;
1, 256, 0, 0, 0, 0, 5, 1000, 3;
1, 256, 0, 1, 1, 1, 5, 1000, 3;
1, 256, 1, 1, 1, 1, 6, 1001, 4;
1, 256, 0, 0, 0, 0, 5, 1000, 3;
1, 256, 0, 0, 0, 0, 5, 1000, 3;
1, 256, 0, 1, 1, 1, 5, 1000, 3;
1, 256, 0, 0, 0, 0, 5, 1000, 3;
1, 256, 0, 0, 0, 0, 5, 1000, 3;
1, 256, 1, 1, 1, 1, 6, 1001, 4;
1, 256, 1, 1, 1, 1, 6, 1001, 4;
1, 256, 0, 0, 0, 0, 5, 1000, 3;
1, 256, 0, 1, 1, 1, 5, 1000, 3;
1, 256, 0, 0, 0, 0, 5, 1000, 3;
1, 256, 0, 0, 0, 0, 4, 999, 2;
1, 256, 0, 0, 0, 0, 5, 999, 2;
1, 256, 0, 1, 1, 1, 5, 1000, 3;
1, 256, 0, 0, 0, 0, 5, 1000, 3;
1, 256, 0, -1, -1, -1, 4, 998, 2;
1, 256, 0, 0, 0, 0, 5, 1000, 3;
1, 256, 0, -1, -1, -1, 4, 999, 2;
1, 256, 0, 0, 0, 0, 5, 1000, 3;
1, 256, 0, -1, -1, -1, 3, 998, 1;
1, 256, 1, 1, 1, 1, 6, 1001, 4;
1, 256, 1, 1, 1, 1, 6, 1001, 4;
1, 256, 1, 1, 1, 1, 6, 1001, 4;
1, 256, 0, 0, 0, 0, 4, 999, 2;
1, 256, 0, 0, 0, 0, 5, 1000, 3;
1, 256, 1, 1, 1, 1, 6, 1001, 4;
1, 256, 0, 0, 0, 0, 4, 999, 2;
1, 256, 1, 1, 1, 1, 6, 1001, 4;
1, 256, 1, 1, 1, 1, 6, 1001, 4;
1, 256, 0, -1, -1, -1, 4, 999, 2;
1, 256, 1, 1, 1, 1, 6, 1001, 4;
1, 256, 0, 0, 0, 0, 4, 999, 2;
1, 256, 1, 1, 1, 1, 6, 1000, 4;
1, 256, 0, -1, -1, -1, 3, 998, 1;
1, 256, 0, -1, -1, -1, 4, 999, 2;
1, 256, 0, 0, 0, 0, 5, 1000, 3;
1, 256, 0, 0, 0, 0, 5, 1000, 3;
1, 256, 0, -1, -1, -1, 3, 998, 1;
1, 256, 0, 0, 0, 0, 4, 999, 2;
1, 256, 0, -1, -1, -1, 4, 999, 2;
1, 256, 0, 1, 1, 1, 5, 1000, 3;
1, 256, 1, 1, 1, 1, 6, 1000, 4;
1, 256, 0, -1, -1, -1, 4, 999, 2;
1, 256, 0, 1, 1, 1, 5, 1000, 3;
1, 256, 0, 0, 0, 0, 4, 999, 2;
1, 256, 0, -1, -1, -1, 3, 998, 1;
1, 256, 1, 1, 1, 1, 6, 1001, 4;
1, 256, 0, 0, 0, 0, 4, 999, 2;
1, 256, 0, 0, 0, 0, 4, 999, 2;
1, 256, 0, -1, -1, -1, 4, 999, 2;
1, 256, 0, -1, -1, -1, 4, 999, 2;
1, 256, 0, 0, 0, 0, 5, 1000, 3;
1, 256, 0, 0, 0, 0, 4, 999, 2;
1, 256, 1, 1, 1, 1, 5, 1000, 3;
1, 256, 0, -1, -1, -1, 4, 999, 2;
1, 256, 0, 0, 0, 0, 5, 1000, 3;
1, 256, 0, -1, -1, -1, 4, 999, 2;
1, 256, 1, 1, 1, 1, 6, 1001, 4;
1, 256, 0, 1, 1, 1, 5, 1000, 3;
1, 256, 0, 0, 0, 0, 5, 1000, 3;
1, 256, 0, 0, 0, 0, 5, 1000, 3;
1, 256, 0, -1, -1, -1, 4, 998, 2;
1, 256, 0, 0, 0, 0, 4, 999, 2;
1, 256, 0, 0, 0, 0, 5, 1000, 3;
1, 256, 0, 1, 1, 1, 5, 1000, 3;
1, 256, 0, -1, -1, -1, 4, 999, 2;
1, 256, 0, 0, 0, 0, 4, 999, 2;
1, 256, 0, 1, 1, 1, 5, 1000, 3;
1, 256, 0, 0, 0, 0, 5, 1000, 3;
1, 256, 1, 1, 1, 1, 6, 1000, 4;
1, 256, 0, -1, -1, -1, 4, 999, 2;
1, 256, 0, -1, -1, -1, 4, 998, 1;
1, 256, 0, -1, -1, -1, 4, 999, 2;
1, 256, 0, 0, 0, 0, 4, 999, 2;
1, 256, 0, 0, 0, 0, 5, 1000, 3;
1, 256, 0, 0, 0, 0, 5, 1000, 3;
1, 256, 0, -1, -1, -1, 4, 999, 2;
1, 256, 1, 1, 1, 1, 6, 1001, 4;
1, 256, 0, 1, 1, 1, 5, 1000, 3;
1, 256, 0, 0, 0, 0, 5, 1000, 3;
1, 256, 0, 0, 0, 0, 4, 999, 2;
1, 256, 0, 0, 0, 0, 4, 999, 2;
1, 256, 0, -1, -1, -1, 4, 999, 2;
1, 256, 0, 0, 0, 0, 5, 1000, 3;
1, 256, 1, 1, 1, 1, 6, 1000, 3;
1, 256, 0, 0, 0, 0, 4, 999, 2;
1, 256, 1, 1, 1, 1, 6, 1000, 3;
1, 256, 0, 1, 1, 1, 5, 1000, 3;
1, 256, 0, 0, 0, 0, 4, 999, 2;
1, 256, 0, -1, -1, -1, 4, 999, 2;
1, 256, 0, 0, 0, 0, 4, 999, 2;
1, 256, 0, 0, 0, 0, 5, 1000, 3;
1, 256, 0, 0, 0, 0, 5, 1000, 3;
1, 256, 0, 0, 0, 0, 5, 1000, 3;
1, 256, 0, 0, 0, 0, 5, 999, 2;
1, 256, 1, 1, 1, 1, 6, 1000, 4;
0, 256, 0, -1, -1, -1, 3, 998, 1;
1, 256, 0, -1, -1, -1, 4, 999, 2;
1, 256, 0, 0, 0, 0, 5, 1000, 3;
1, 256, 0, -1, -1, -1, 4, 998, 2;
1, 256, 0, -1, -1, -1, 3, 998, 1;
1, 256, 0, 0, 0, 0, 5, 1000, 3;
1, 256, 0, 0, 0, 0, 5, 1000, 3;
1, 256, 0, 1, 1, 1, 5, 1000, 3;
1, 256, 0, -1, -1, -1, 4, 998, 2;
1, 256, 0, 0, 0, 0, 4, 999, 2;
1, 256, 0, 0, 0, 0, 4, 999, 2;
1, 256, 0, 0, 0, 0, 4, 999, 2;
1, 256, 1, 1, 1, 1, 6, 1001, 4;
1, 256, 0, 0, 0, 0, 4, 999, 2;
1, 256, 0, 0, 0, 0, 4, 999, 2;
1, 256, 1, 1, 1, 1, 5, 1000, 3;
1, 256, 0, 0, 0, 0, 4, 999, 2;
1, 256, 0, 1, 1, 1, 5, 1000, 3;
1, 256, 0, 1, 1, 1, 5, 1000, 3;
1, 256, 0, -1, -1, -1, 4, 999, 2;
1, 256, 0, 0, 0, 0, 5, 1000, 3;
1, 256, 0, -1, -1, -1, 4, 998, 2;
1, 256, 0, 0, 0, 0, 5, 1000, 3;
1, 256, 0, 0, 0, 0, 4, 999, 2;
1, 256, 0, 0, 0, 0, 5, 1000, 3;
1, 256, 0, 0, 0, 0, 4, 999, 2;
1, 256, 0, 0, 0, 0, 5, 1000, 3;
1, 256, 0, 0, 0, 0, 4, 999, 2;
1, 256, 0, -1, -1, -1, 4, 999, 2;
1, 256, 0, 0, 0, 0, 5, 999, 3;
1, 256, 0, 0, 0, 0, 4, 999, 2;
1, 256, 0, -1, -1, -1, 4, 999, 2;
1, 256, 0, -1, -1, -1, 4, 999, 2;
1, 256, 1, 1, 1, 1, 6, 1000, 4;
1, 256, 0, -1, -1, -1, 4, 999, 2;
1, 256, 1, 1, 1, 1, 6, 1001, 4;
1, 256, 1, 1, 1, 1, 6, 1001, 4;
1, 256, 0, -1, -1, -1, 4, 999, 2;
1, 256, 0, 0, 0, 0, 4, 999, 2;
1, 256, 0, 0, 0, 0, 5, 1000, 3;
1, 256, 0, -1, -1, -1, 4, 999, 2;
1, 256, 0, -1, -1, -1, 4, 999, 2;
1, 256, 0, -1, -1, -1, 4, 998, 1;
1, 256, 1, 1, 1, 1, 5, 1000, 3;
1, 256, 0, 0, 0, 0, 5, 1000, 3;
1, 256, 0, 0, 0, 0, 5, 999, 3;
1, 256, 1, 1, 1, 1, 5, 1000, 3;
1, 256, 1, 1, 1, 1, 6, 1001, 4;
1, 256, 0, -1, -1, -1, 4, 998, 2;
1, 256, 1, 1, 1, 1, 6, 1001, 4;
1, 256, 0, 0, 0, 0, 5, 1000, 3;
1, 256, 0, 1, 1, 1, 5, 1000, 3;
1, 256, 0, 0, 0, 0, 5, 1000, 3;
1, 256, 1, 1, 1, 1, 6, 1000, 3;
1, 256, 0, 0, 0, 0, 5, 1000, 3;
1, 256, 0, 0, 0, 0, 4, 999, 2;
1, 256, 0, 0, 0, 0, 4, 999, 2;
1, 256, 0, 0, 0, 0, 5, 1000, 3;
1, 256, 1, 1, 1, 1, 6, 1000, 4;
1, 256, 0, 0, 0, 0, 5, 1000, 3;
1, 256, 0, 1, 1, 1, 5, 1000, 3;
0, 256, 0, -1, -1, -1, 3, 998, 1;
1, 256, 0, 0, 0, 0, 4, 999, 2;
1, 256, 0, -1, -1, -1, 4, 999, 2;
1, 256, 0, 0, 0, 0, 4, 999, 2;
1, 256, 0, -1, -1, -1, 4, 998, 2;
1, 256, 0, 0, 0, 0, 4, 999, 2;
1, 256, 0, 0, 0, 0, 4, 999, 2;
1, 256, 1, 1, 1, 1, 6, 1001, 4;
1, 256, 0, 0, 0, 0, 5, 1000, 3;
1, 256, 0, 1, 1, 1, 5, 1000, 3;
1, 256, 1, 1, 1, 1, 6, 1001, 4;
1, 256, 0, 0, 0, 0, 5, 999, 3;
1, 256, 0, 1, 1, 1, 5, 1000, 3;
1, 256, 1, 1, 1, 1, 5, 1000, 3;
1, 256, 0, 0, 0, 0, 5, 1000, 3;
1, 256, 0, -1, -1, -1, 4, 999, 2;
1, 256, 0, 1, 1, 1, 5, 1000, 3;
1, 256, 0, 0, 0, 0, 4, 999, 2;
1, 256, 0, 0, 0, 0, 4, 999, 2;
1, 256, 1, 1, 1, 1, 6, 1001, 4;
1, 256, 0, 0, 0, 0, 4, 999, 2;
1, 256, 0, 0, 0, 0, 4, 999, 2;
1, 256, 0, -1, -1, -1, 4, 998, 1;
1, 256, 1, 1, 1, 1, 6, 1001, 4;
1, 256, 1, 1, 1, 1, 6, 1001, 4;
1, 256, 0, -1, -1, -1, 4, 999, 2;
1, 256, 0, -1, -1, -1, 4, 999, 2;
1, 256, 0, 0, 0, 0, 4, 999, 2;
1, 256, 0, 0, 0, 0, 5, 999, 3;
1, 256, 0, 0, 0, 0, 5, 1000, 3;
1, 256, 0, -1, -1, -1, 4, 999, 2;
1, 256, 0, 0, 0, 0, 4, 999, 2;
1, 256, 1, 1, 1, 1, 6, 1001, 4;
1, 256, 0, 0, 0, 0, 5, 1000, 3;
1, 256, 0, 1, 1, 1, 5, 1000, 3;
1, 256, 0, -1, -1, -1, 4, 999, 2;
1, 256, 0, 1, 1, 1, 5, 1000, 3;
1, 256, 1, 1, 1, 1, 6, 1001, 4;
1, 256, 1, 1, 1, 1, 6, 1001, 4;
1, 256, 0, 1, 1, 1, 5, 1000, 3;
1, 256, 0, -1, -1, -1, 4, 999, 2;
1, 256, 0, 0, 0, 0, 5, 1000, 3;
1, 256, 0, -1, -1, -1, 3, 998, 1;
1, 256, 0, 1, 1, 1, 5, 1000, 3;
1, 256, 0, 0, 0, 0, 4, 999, 2;
1, 256, 0, 0, 0, 0, 5, 1000, 3;
1, 256, 0, -1, -1, -1, 3, 998, 1;
1, 256, 0, -1, -1, -1, 3, 998, 1;
1, 256, 0, 1, 1, 1, 5, 1000, 3;
1, 256, 0, -1, -1, -1, 4, 999, 2;
1, 256, 0, 1, 1, 1, 5, 1000, 3;
1, 256, 0, 1, 1, 1, 5, 1000, 3;
1, 256, 0, 1, 1, 1, 5, 1000, 3;
1, 256, 1, 1, 1, 1, 6, 1000, 4;
1, 256, 0, -1, -1, -1, 4, 998, 1;
1, 256, 0, 0, 0, 0, 4, 999, 2;
1, 256, 0, 1, 1, 1, 5, 1000, 3;
1, 256, 0, -1, -1, -1, 4, 999, 2;
1, 256, 0, -1, -1, -1, 3, 998, 1;
1, 256, 0, 0, 0, 0, 4, 999, 2;
1, 256, 0, 1, 1, 1, 5, 1000, 3;
1, 256, 1, 1, 1, 1, 6, 1001, 4;
1, 256, 0, 0, 0, 0, 5, 1000, 3;
1, 256, 1, 1, 1, 1, 6, 1001, 4;
1, 256, 1, 1, 1, 1, 6, 1001, 4;
1, 256, 0, 0, 0, 0, 4, 999, 2;
1, 256, 0, 0, 0, 0, 5, 999, 2;
1, 256, 0, -1, -1, -1, 4, 999, 2;
1, 256, 1, 1, 1, 1, 6, 1000, 3;
1, 256, 1, 1, 1, 1, 6, 1000, 4;
1, 256, 0, 0, 0, 0, 5, 999, 3;
1, 256, 1, 1, 1, 1, 6, 1001, 4;
1, 256, 0, 0, 0, 0, 5, 999, 3;
1, 256, 0, 0, 0, 0, 5, 999, 2;
1, 256, 0, 0, 0, 0, 5, 1000, 3;
1, 256, 1, 1, 1, 1, 6, 1001, 4;
1, 256, 0, 0, 0, 0, 4, 999, 2;
1, 256, 0, 0, 0, 0, 5, 1000, 3;
1, 256, 0, -1, -1, -1, 4, 998, 2;
1, 256, 1, 1, 1, 1, 6, 1000, 4;
1, 256, 1, 1, 1, 1, 5, 1000, 3;
1, 256, 0, 1, 1, 1, 5, 1000, 3;
1, 256, 0, 0, 0, 0, 5, 999, 3;
1, 256, 0, 0, 0, 0, 5, 1000, 3;
1, 256, 0, 0, 0, 0, 4, 999, 2;
1, 256, 0, 0, 0, 0, 4, 999, 2;
1, 256, 0, 0, 0, 0, 4, 999, 2;
1, 256, 0, 0, 0, 0, 5, 1000, 3;
1, 256, 0, 0, 0, 0, 5, 1000, 3;
1, 256, 0, -1, -1, -1, 4, 999, 2;
1, 256, 1, 1, 1, 1, 6, 1000, 4;
1, 256, 0, 0, 0, 0, 4, 999, 2;
1, 256, 0, 0, 0, 0, 5, 1000, 3;
1, 256, 0, 1, 1, 1, 5, 1000, 3;
1, 256, 0, 0, 0, 0, 5, 1000, 3;
1, 256, 0, 0, 0, 0, 4, 999, 2;
1, 256, 1, 1, 1, 1, 6, 1001, 4;
1, 256, 0, 0, 0, 0, 5, 1000, 3;
1, 256, 0, 0, 0, 0, 4, 999, 2;
1, 256, 0, 0, 0, 0, 4, 999, 2;
1, 256, 0, 1, 1, 1, 5, 1000, 3;
1, 256, 0, 0, 0, 0, 4, 999, 2;
1, 256, 0, -1, -1, -1, 4, 999, 2;
1, 256, 0, 0, 0, 0, 4, 999, 2;
1, 256, 1, 1, 1, 1, 6, 1001, 4;
1, 256, 1, 1, 1, 1, 6, 1001, 4;
1, 256, 1, 1, 1, 1, 6, 1001, 4;
1, 256, 0, 0, 0, 0, 5, 1000, 3;
1, 256, 0, 0, 0, 0, 5, 1000, 3;
1, 256, 0, 1, 1, 1, 5, 1000, 3;
1, 256, 0, 0, 0, 0, 4, 999, 2;
1, 256, 0, 0, 0, 0, 5, 999, 3;
1, 256, 0, 0, 0, 0, 4, 999, 2;
1, 256, 0, -1, -1, -1, 4, 999, 2;
1, 256, 0, 0, 0, 0, 5, 1000, 3;
1, 256, 0, -1, -1, -1, 4, 999, 2;
1, 256, 1, 1, 1, 1, 6, 1001, 4;
1, 256, 1, 1, 1, 1, 6, 1001, 4;
1, 256, 1, 1, 1, 1, 6, 1001, 4;
1, 256, 0, 1, 1, 1, 5, 1000, 3;
1, 256, 0, -1, -1, -1, 4, 999, 2;
1, 256, 0, -1, -1, -1, 4, 999, 2;
1, 256, 1, 1, 1, 1, 6, 1001, 4;
1, 256, 0, -1, -1, -1, 4, 999, 2;
1, 256, 0, 0, 0, 0, 4, 999, 2;
1, 256, 0, -1, -1, -1, 4, 999, 2;
1, 256, 0, -1, -1, -1, 4, 999, 2;
1, 256, 0, 0, 0, 0, 4, 999, 2;
1, 256, 0, 0, 0, 0, 4, 999, 2;
1, 256, 1, 1, 1, 1, 6, 1001, 4;
1, 256, 0, 0, 0, 0, 5, 1000, 3;
1, 256, 1, 1, 1, 1, 6, 1000, 4;
1, 256, 0, -1, -1, -1, 4, 999, 2;
1, 256, 0, 0, 0, 0, 5, 1000, 3;
1, 256, 0, 0, 0, 0, 5, 999, 2;
1, 256, 0, -1, -1, -1, 4, 999, 2;
1, 256, 0, 1, 1, 1, 5, 1000, 3;
1, 256, 0, 0, 0, 0, 5, 1000, 3;
1, 256, 0, 1, 1, 1, 5, 1000, 3;
1, 256, 0, -1, -1, -1, 4, 999, 2;
1, 256, 1, 1, 1, 1, 6, 1001, 4;
1, 256, 0, 1, 1, 1, 5, 1000, 3;
1, 256, 0, 0, 0, 0, 5, 1000, 3;
1, 256, 0, 0, 0, 0, 5, 999, 3;
1, 256, 0, 0, 0, 0, 4, 999, 2;
1, 256, 0, 0, 0, 0, 5, 1000, 3;
1, 256, 0, 0, 0, 0, 5, 1000, 3;
1, 256, 0, -1, -1, -1, 4, 999, 2;
1, 256, 0, 0, 0, 0, 4, 999, 2;
1, 256, 0, 0, 0, 0, 5, 1000, 3;
1, 256, 0, -1, -1, -1, 4, 999, 2;
1, 256, 0, -1, -1, -1, 3, 998, 1;
1, 256, 0, 0, 0, 0, 5, 1000, 3;
1, 256, 1, 1, 1, 1, 6, 1001, 4;
1, 256, 0, 0, 0, 0, 5, 1000, 3;
1, 256, 1, 1, 1, 1, 6, 1000, 3;
1, 256, 1, 1, 1, 1, 6, 1000, 3;
1, 256, 0, 0, 0, 0, 4, 999, 2;
1, 256, 0, -1, -1, -1, 4, 999, 2;
1, 256, 0, -1, -1, -1, 4, 999, 2;
1, 256, 0, -1, -1, -1, 3, 998, 1;
1, 256, 0, 0, 0, 0, 5, 1000, 3;
1, 256, 1, 1, 1, 1, 6, 1000, 4;
1, 256, 0, 0, 0, 0, 4, 999, 2;
1, 256, 0, 0, 0, 0, 5, 1000, 3;
1, 256, 0, 0, 0, 0, 4, 999, 2;
1, 256, 0, 0, 0, 0, 5, 1000, 3;
1, 256, 0, 0, 0, 0, 4, 999, 2;
1, 256, 0, 1, 1, 1, 5, 1000, 3;
1, 256, 0, 0, 0, 0, 4, 999, 2;
1, 256, 0, -1, -1, -1, 4, 999, 2;
1, 256, 0, 0, 0, 0, 4, 999, 2;
1, 256, 0, 0, 0, 0, 5, 1000, 3;
1, 256, 0, -1, -1, -1, 4, 998, 2;
1, 256, 0, 1, 1, 1, 5, 1000, 3;
1, 256, 0, 0, 0, 0, 5, 999, 3;
1, 256, 0, -1, -1, -1, 4, 999, 2;
1, 256, 0, -1, -1, -1, 4, 999, 2;
1, 256, 0, 1, 1, 1, 5, 1000, 3;
1, 256, 0, 0, 0, 0, 5, 1000, 3;
1, 256, 0, -1, -1, -1, 3, 998, 1;
1, 256, 0, 0, 0, 0, 5, 1000, 3;
1, 256, 1, 1, 1, 1, 6, 1001, 4;
1, 256, 0, 0, 0, 0, 4, 999, 2;
1, 256, 0, -1, -1, -1, 4, 999, 2;
1, 256, 0, 0, 0, 0, 4, 999, 2;
1, 256, 0, -1, -1, -1, 4, 999, 2;
1, 256, 0, -1, -1, -1, 4, 998, 1;
1, 256, 0, 1, 1, 1, 5, 1000, 3;
1, 256, 0, 0, 0, 0, 4, 999, 2;
1, 256, 0, 0, 0, 0, 4, 999, 2;
1, 256, 0, 0, 0, 0, 5, 1000, 3;
1, 256, 1, 1, 1, 1, 6, 1000, 3;
1, 256, 0, -1, -1, -1, 4, 999, 2;
1, 256, 0, 0, 0, 0, 5, 1000, 3;
1, 256, 0, 0, 0, 0, 5, 1000, 3;
1, 256, 0, 0, 0, 0, 4, 999, 2;
1, 256, 0, 0, 0, 0, 5, 1000, 3;
1, 256, 0, 0, 0, 0, 4, 999, 2;
1, 256, 0, 0, 0, 0, 4, 999, 2;
1, 256, 0, 0, 0, 0, 4, 999, 2;
1, 256, 0, 0, 0, 0, 5, 1000, 3;
1, 256, 0, 0, 0, 0, 4, 999, 2;
1, 256, 0, 0, 0, 0, 5, 1000, 3;
1, 256, 0, 0, 0, 0, 4, 999, 2;
1, 256, 0, 0, 0, 0, 5, 1000, 3;
1, 256, 1, 1, 1, 1, 6, 1001, 4;
1, 256, 0, 0, 0, 0, 5, 1000, 3;
1, 256, 0, -1, -1, -1, 4, 999, 2;
1, 256, 0, 0, 0, 0, 5, 999, 3;
1, 256, 0, 0, 0, 0, 5, 1000, 3;
1, 256, 0, 1, 1, 1, 5, 1000, 3;
1, 256, 0, 0, 0, 0, 4, 999, 2;
1, 256, 1, 1, 1, 1, 6, 1001, 4;
1, 256, 0, 1, 1, 1, 5, 1000, 3;
1, 256, 1, 1, 1, 1, 6, 1001, 4;
1, 256, 0, -1, -1, -1, 4, 999, 2;
1, 256, 0, -1, -1, -1, 4, 999, 2;
1, 256, 0, 0, 0, 0, 5, 1000, 3;
1, 256, 1, 1, 1, 1, 6, 1000, 3;
1, 256, 0, 0, 0, 0, 4, 999, 2;
1, 256, 0, -1, -1, -1, 4, 998, 2;
1, 256, 1, 1, 1, 1, 6, 1001, 4;
1, 256, 0, 0, 0, 0, 4, 999, 2;
1, 256, 0, 0, 0, 0, 4, 999, 2;
1, 256, 0, -1, -1, -1, 4, 999, 2;
1, 256, 1, 1, 1, 1, 6, 1001, 4;
1, 256, 0, 0, 0, 0, 5, 999, 3;
1, 256, 0, 0, 0, 0, 5, 1000, 3;
1, 256, 1, 1, 1, 1, 6, 1001, 4;
1, 256, 0, -1, -1, -1, 4, 999, 2;
1, 256, 0, 0, 0, 0, 4, 999, 2;
1, 256, 0, 0, 0, 0, 4, 999, 2;
1, 256, 0, 0, 0, 0, 5, 1000, 3;
1, 256, 0, 0, 0, 0, 4, 999, 2;
1, 256, 0, -1, -1, -1, 3, 998, 1;
1, 256, 0, -1, -1, -1, 4, 999, 2;
1, 256, 1, 1, 1, 1, 6, 1001, 4;
1, 256, 0, -1, -1, -1, 4, 999, 2;
1, 256, 0, -1, -1, -1, 3, 998, 1;
1, 256, 0, -1, -1, -1, 4, 998, 2;
1, 256, 0, 1, 1, 1, 5, 1000, 3;
1, 256, 0, -1, -1, -1, 4, 999, 2;
1, 256, 0, 0, 0, 0, 5, 1000, 3;
1, 256, 0, -1, -1, -1, 3, 998, 1;
1, 256, 0, 1, 1, 1, 5, 1000, 3;
1, 256, 0, 0, 0, 0, 4, 999, 2;
1, 256, 0, 0, 0, 0, 5, 1000, 3;
1, 256, 0, -1, -1, -1, 4, 999, 2;
1, 256, 0, -1, -1, -1, 4, 999, 2;
1, 256, 0, 0, 0, 0, 5, 1000, 3;
1, 256, 0, 0, 0, 0, 4, 999, 2;
1, 256, 0, 1, 1, 1, 5, 1000, 3;
1, 256, 0, 0, 0, 0, 5, 1000, 3;
1, 256, 0, -1, -1, -1, 4, 999, 2;
1, 256, 0, 0, 0, 0, 5, 1000, 3;
1, 256, 1, 1, 1, 1, 6, 1001, 4;
1, 256, 0, -1, -1, -1, 3, 998, 1;
1, 256, 0, -1, -1, -1, 4, 999, 2;
1, 256, 0, 0, 0, 0, 4, 999, 2;
1, 256, 0, -1, -1, -1, 4, 999, 2;
1, 256, 0, 1, 1, 1, 5, 1000, 3;
1, 256, 0, 1, 1, 1, 5, 1000, 3;
1, 256, 0, 0, 0, 0, 5, 1000, 3;
1, 256, 1, 1, 1, 1, 6, 1001, 4;
1, 256, 0, 0, 0, 0, 4, 999, 2;
1, 256, 0, 0, 0, 0, 4, 999, 2;
1, 256, 0, -1, -1, -1, 3, 998, 1;
1, 256, 0, 1, 1, 1, 5, 1000, 3;
1, 256, 1, 1, 1, 1, 5, 1000, 3;
1, 256, 0, -1, -1, -1, 4, 999, 2;
1, 256, 0, -1, -1, -1, 4, 998, 2;
1, 256, 0, 0, 0, 0, 4, 999, 2;
1, 256, 1, 1, 1, 1, 5, 1000, 3;
1, 256, 0, -1, -1, -1, 3, 998, 1;
1, 256, 0, 0, 0, 0, 5, 1000, 3;
1, 256, 0, 1, 1, 1, 5, 1000, 3;
1, 256, 0, 0, 0, 0, 5, 1000, 3;
1, 256, 0, -1, -1, -1, 4, 998, 2;
1, 256, 0, 0, 0, 0, 4, 999, 2;
1, 256, 1, 1, 1, 1, 6, 1000, 4;
1, 256, 0, 0, 0, 0, 5, 1000, 3;
1, 256, 0, 1, 1, 1, 5, 1000, 3;
1, 256, 0, 1, 1, 1, 5, 1000, 3;
1, 256, 0, 0, 0, 0, 4, 999, 2;
1, 256, 1, 1, 1, 1, 6, 1001, 4;
1, 256, 0, 0, 0, 0, 5, 1000, 3;
1, 256, 0, 0, 0, 0, 4, 999, 2;
1, 256, 0, -1, -1, -1, 4, 999, 2;
1, 256, 1, 1, 1, 1, 6, 1001, 4;
1, 256, 1, 1, 1, 1, 6, 1000, 4;
1, 256, 1, 1, 1, 1, 5, 1000, 3;
1, 256, 0, -1, -1, -1, 4, 999, 2;
1, 256, 0, 0, 0, 0, 5, 1000, 3;
1, 256, 0, -1, -1, -1, 4, 998, 1;
1, 256, 0, 0, 0, 0, 4, 999, 2;
1, 256, 0, 0, 0, 0, 4, 999, 2;
1, 256, 0, -1, -1, -1, 4, 999, 2;
1, 256, 0, 1, 1, 1, 5, 1000, 3;
1, 256, 0, 0, 0, 0, 5, 1000, 3;
1, 256, 0, -1, -1, -1, 4, 998, 2;
1, 256, 0, 0, 0, 0, 5, 1000, 3;
1, 256, 0, -1, -1, -1, 3, 998, 1;
1, 256, 0, -1, -1, -1, 3, 998, 1;
0, 256, 0, -1, -1, -1, 3, 998, 1;
1, 256, 0, -1, -1, -1, 3, 998, 1;
1, 256, 0, 0, 0, 0, 5, 1000, 3;
1, 256, 0, 1, 1, 1, 5, 1000, 3;
1, 256, 0, 0, 0, 0, 4, 999, 2;
1, 256, 0, 0, 0, 0, 4, 999, 2;
1, 256, 0, 0, 0, 0, 5, 1000, 3;
1, 256, 0, -1, -1, -1, 3, 998, 1;
1, 256, 0, 0, 0, 0, 4, 999, 2;
1, 256, 0, -1, -1, -1, 4, 998, 1;
1, 256, 0, -1, -1, -1, 3, 998, 1;
1, 256, 1, 1, 1, 1, 6, 1000, 4;
1, 256, 0, 0, 0, 0, 5, 1000, 3;
1, 256, 0, 0, 0, 0, 5, 1000, 3;
1, 256, 0, 1, 1, 1, 5, 1000, 3;
1, 256, 0, 0, 0, 0, 5, 1000, 3;
1, 256, 0, 0, 0, 0, 4, 999, 2;
1, 256, 1, 1, 1, 1, 5, 1000, 3;
1, 256, 0, 0, 0, 0, 5, 1000, 3;
1, 256, 0, 0, 0, 0, 5, 1000, 3;
1, 256, 0, 0, 0, 0, 5, 999, 2;
1, 256, 0, -1, -1, -1, 4, 999, 2;
1, 256, 0, -1, -1, -1, 4, 999, 2;
1, 256, 0, -1, -1, -1, 4, 999, 2;
1, 256, 0, 0, 0, 0, 4, 999, 2;
1, 256, 0, 0, 0, 0, 4, 999, 2;
1, 256, 0, 0, 0, 0, 4, 999, 2;
1, 256, 1, 1, 1, 1, 5, 1000, 3;
1, 256, 0, 0, 0, 0, 5, 1000, 3;
1, 256, 0, 0, 0, 0, 5, 1000, 3;
1, 256, 0, -1, -1, -1, 3, 998, 1;
1, 256, 0, 0, 0, 0, 5, 1000, 3;
1, 256, 0, 0, 0, 0, 4, 999, 2;
1, 256, 0, 0, 0, 0, 5, 1000, 3;
1, 256, 0, 1, 1, 1, 5, 1000, 3;
1, 256, 1, 1, 1, 1, 6, 1000, 3;
1, 256, 0, 0, 0, 0, 5, 1000, 3;
1, 256, 1, 1, 1, 1, 6, 1001, 4;
1, 256, 0, -1, -1, -1, 3, 998, 1;
1, 256, 0, 0, 0, 0, 5, 1000, 3;
1, 256, 0, 0, 0, 0, 4, 999, 2;
1, 256, 0, 0, 0, 0, 5, 1000, 3;
1, 256, 0, -1, -1, -1, 4, 998, 1;
1, 256, 0, -1, -1, -1, 4, 999, 2;
1, 256, 0, 1, 1, 1, 5, 1000, 3;
1, 256, 1, 1, 1, 1, 6, 1001, 4;
1, 256, 0, 0, 0, 0, 5, 1000, 3;
1, 256, 0, 1, 1, 1, 5, 1000, 3;
1, 256, 0, -1, -1, -1, 3, 998, 1;
1, 256, 0, 0, 0, 0, 5, 1000, 3;
1, 256, 0, 0, 0, 0, 5, 1000, 3;
1, 256, 0, 0, 0, 0, 4, 999, 2;
1, 256, 1, 1, 1, 1, 5, 1000, 3;
1, 256, 0, 0, 0, 0, 5, 999, 3;
1, 256, 0, 0, 0, 0, 4, 999, 2;
1, 256, 0, 1, 1, 1, 5, 1000, 3;
1, 256, 1, 1, 1, 1, 5, 1000, 3;
1, 256, 0, 0, 0, 0, 4, 999, 2;
1, 256, 0, 1, 1, 1, 5, 1000, 3;
1, 256, 0, 1, 1, 1, 5, 1000, 3;
1, 256, 0, 0, 0, 0, 4, 999, 2;
1, 256, 0, 0, 0, 0, 4, 999, 2;
1, 256, 0, 0, 0, 0, 5, 1000, 3;
1, 256, 0, 0, 0, 0, 5, 1000, 3;
1, 256, 0, 1, 1, 1, 5, 1000, 3;
1, 256, 0, 0, 0, 0, 4, 999, 2;
1, 256, 1, 1, 1, 1, 6, 1000, 4;
1, 256, 0, 0, 0, 0, 5, 1000, 3;
1, 256, 0, 0, 0, 0, 5, 1000, 3;
1, 256, 0, -1, -1, -1, 4, 999, 2;
1, 256, 0, 0, 0, 0, 4, 999, 2;
1, 256, 0, -1, -1, -1, 3, 998, 1;
1, 256, 0, 0, 0, 0, 5, 1000, 3;
1, 256, 1, 1, 1, 1, 6, 1000, 3;
1, 256, 1, 1, 1, 1, 6, 1000, 3;
1, 256, 0, 0, 0, 0, 5, 1000, 3;
1, 256, 0, 0, 0, 0, 4, 999, 2;
1, 256, 0, 0, 0, 0, 4, 999, 2;
1, 256, 1, 1, 1, 1, 6, 1001, 4;
1, 256, 0, 1, 1, 1, 5, 1000, 3;
1, 256, 1, 1, 1, 1, 6, 1001, 4;
1, 256, 0, 0, 0, 0, 4, 999, 2;
1, 256, 0, -1, -1, -1, 4, 999, 2;
1, 256, 0, 0, 0, 0, 4, 999, 2;
1, 256, 0, 0, 0, 0, 4, 999, 2;
1, 256, 0, 0, 0, 0, 5, 1000, 3;
1, 256, 0, 0, 0, 0, 4, 999, 2;
1, 256, 0, 0, 0, 0, 4, 999, 2;
1, 256, 0, 0, 0, 0, 4, 999, 2;
1, 256, 0, 0, 0, 0, 5, 1000, 3;
1, 256, 0, 0, 0, 0, 5, 1000, 3;
1, 256, 0, 0, 0, 0, 5, 1000, 3;
1, 256, 1, 1, 1, 1, 6, 1000, 4;
1, 256, 0, 0, 0, 0, 4, 999, 2;
1, 256, 0, 0, 0, 0, 5, 999, 3;
1, 256, 0, 0, 0, 0, 4, 999, 2;
1, 256, 0, 0, 0, 0, 5, 1000, 3;
1, 256, 0, 1, 1, 1, 5, 1000, 3;
1, 256, 1, 1, 1, 1, 5, 1000, 3;
1, 256, 0, 0, 0, 0, 5, 1000, 3;
1, 256, 0, 0, 0, 0, 4, 999, 2;
1, 256, 0, 0, 0, 0, 4, 999, 2;
1, 256, 0, 1, 1, 1, 5, 1000, 3;
1, 256, 0, 0, 0, 0, 4, 999, 2;
1, 256, 0, 0, 0, 0, 4, 999, 2;
1, 256, 0, 0, 0, 0, 4, 999, 2;
1, 256, 1, 1, 1, 1, 6, 1001, 4;
1, 256, 0, -1, -1, -1, 4, 999, 2;
1, 256, 0, -1, -1, -1, 4, 999, 2;
1, 256, 0, 1, 1, 1, 5, 1000, 3;
1, 256, 0, -1, -1, -1, 3, 998, 1;
1, 256, 1, 1, 1, 1, 6, 1000, 4;
1, 256, 1, 1, 1, 1, 6, 1001, 4;
1, 256, 0, 1, 1, 1, 5, 1000, 3;
1, 256, 0, -1, -1, -1, 4, 999, 2;
1, 256, 0, 0, 0, 0, 4, 999, 2;
1, 256, 0, 0, 0, 0, 5, 1000, 3;
1, 256, 0, 0, 0, 0, 5, 1000, 3;
0, 256, 0, -1, -1, -1, 3, 998, 1;
1, 256, 0, 0, 0, 0, 4, 999, 2;
1, 256, 1, 1, 1, 1, 6, 1000, 3;
1, 256, 0, -1, -1, -1, 4, 999, 2;
1, 256, 0, 0, 0, 0, 5, 1000, 3;
1, 256, 0, 0, 0, 0, 4, 999, 2;
1, 256, 0, 0, 0, 0, 4, 999, 2;
1, 256, 0, 0, 0, 0, 5, 1000, 3;
1, 256, 0, 0, 0, 0, 5, 1000, 3;
1, 256, 0, 0, 0, 0, 5, 999, 2;
1, 256, 0, 1, 1, 1, 5, 1000, 3;
1, 256, 1, 1, 1, 1, 6, 1000, 3;
1, 256, 0, 0, 0, 0, 5, 1000, 3;
1, 256, 0, 0, 0, 0, 5, 1000, 3;
1, 256, 1, 1, 1, 1, 6, 1001, 4;
1, 256, 0, -1, -1, -1, 4, 999, 2;
1, 256, 1, 1, 1, 1, 6, 1001, 4;
1, 256, 0, -1, -1, -1, 4, 999, 2;
1, 256, 0, 1, 1, 1, 5, 1000, 3;
1, 256, 0, 0, 0, 0, 5, 999, 2;
1, 256, 0, 0, 0, 0, 4, 999, 2;
1, 256, 0, -1, -1, -1, 4, 999, 2;
1, 256, 1, 1, 1, 1, 6, 1000, 3;
1, 256, 0, 0, 0, 0, 4, 999, 2;
1, 256, 1, 1, 1, 1, 6, 1001, 4;
1, 256, 0, 0, 0, 0, 5, 1000, 3;
1, 256, 0, 0, 0, 0, 5, 1000, 3;
1, 256, 0, -1, -1, -1, 4, 999, 2;
1, 256, 0, 0, 0, 0, 4, 999, 2;
1, 256, 0, 0, 0, 0, 5, 1000, 3;
1, 256, 0, 0, 0, 0, 5, 1000, 3;
1, 256, 0, 0, 0, 0, 4, 999, 2;
1, 256, 1, 1, 1, 1, 5, 1000, 3;
1, 256, 0, 0, 0, 0, 5, 1000, 3;
1, 256, 0, 0, 0, 0, 5, 1000, 3;
1, 256, 0, 0, 0, 0, 4, 999, 2;
1, 256, 0, -1, -1, -1, 4, 999, 2;
1, 256, 0, 0, 0, 0, 4, 999, 2;
1, 256, 0, -1, -1, -1, 4, 999, 2;
1, 256, 0, -1, -1, -1, 4, 999, 2;
1, 256, 0, 0, 0, 0, 4, 999, 2;
1, 256, 0, -1, -1, -1, 3, 998, 1;
1, 256, 1, 1, 1, 1, 6, 1001, 4;
1, 256, 0, -1, -1, -1, 4, 999, 2;
1, 256, 0, 0, 0, 0, 4, 999, 2;
1, 256, 0, 0, 0, 0, 5, 1000, 3;
1, 256, 0, -1, -1, -1, 4, 999, 2;
1, 256, 0, 0, 0, 0, 5, 1000, 3;
1, 256, 0, 0, 0, 0, 4, 999, 2;
1, 256, 0, -1, -1, -1, 4, 998, 1;
1, 256, 0, 1, 1, 1, 5, 1000, 3;
1, 256, 1, 1, 1, 1, 6, 1000, 4;
1, 256, 0, 0, 0, 0, 4, 999, 2;
1, 256, 0, -1, -1, -1, 4, 999, 2;
1, 256, 0, 1, 1, 1, 5, 1000, 3;
1, 256, 0, 0, 0, 0, 5, 1000, 3;
1, 256, 0, 0, 0, 0, 4, 999, 2;
1, 256, 0, 0, 0, 0, 5, 1000, 3;
1, 256, 1, 1, 1, 1, 6, 1001, 4;
1, 256, 1, 1, 1, 1, 6, 1001, 4;
1, 256, 0, 0, 0, 0, 4, 999, 2;
1, 256, 1, 1, 1, 1, 5, 1000, 3;
1, 256, 0, 0, 0, 0, 5, 1000, 3;
1, 256, 0, 0, 0, 0, 5, 1000, 3;
1, 256, 0, -1, -1, -1, 4, 999, 2;
1, 256, 0, 1, 1, 1, 5, 1000, 3;
1, 256, 0, 1, 1, 1, 5, 1000, 3;
1, 256, 0, 0, 0, 0, 5, 1000, 3;
1, 256, 0, 0, 0, 0, 4, 999, 2;
1, 256, 0, 0, 0, 0, 4, 999, 2;
1, 256, 0, -1, -1, -1, 3, 998, 1;
1, 256, 0, 0, 0, 0, 5, 1000, 3;
1, 256, 0, 0, 0, 0, 5, 1000, 3;
1, 256, 1, 1, 1, 1, 5, 1000, 3;
1, 256, 0, 0, 0, 0, 4, 999, 2;
1, 256, 0, 0, 0, 0, 5, 1000, 3;
1, 256, 0, 0, 0, 0, 4, 999, 2;
1, 256, 1, 1, 1, 1, 6, 1001, 4;
1, 256, 0, 0, 0, 0, 5, 1000, 3;
1, 256, 0, 0, 0, 0, 4, 999, 2;
1, 256, 0, 0, 0, 0, 5, 1000, 3;
1, 256, 0, 0, 0, 0, 5, 1000, 3;
1, 256, 0, -1, -1, -1, 4, 999, 2;
1, 256, 0, 0, 0, 0, 5, 1000, 3;
1, 256, 0, -1, -1, -1, 4, 999, 2;
1, 256, 0, -1, -1, -1, 3, 998, 1;
1, 256, 0, 0, 0, 0, 4, 999, 2;
1, 256, 1, 1, 1, 1, 5, 1000, 3;
1, 256, 0, -1, -1, -1, 4, 999, 2;
1, 256, 0, 0, 0, 0, 4, 999, 2;
1, 256, 0, 0, 0, 0, 5, 1000, 3;
1, 256, 0, 0, 0, 0, 5, 1000, 3;
1, 256, 0, 1, 1, 1, 5, 1000, 3;
1, 256, 0, 0, 0, 0, 4, 999, 2;
1, 256, 0, -1, -1, -1, 3, 998, 1;
1, 256, 1, 1, 1, 1, 6, 1000, 4;
1, 256, 1, 1, 1, 1, 6, 1001, 4;
1, 256, 0, 0, 0, 0, 5, 999, 2;
1, 256, 0, 0, 0, 0, 4, 999, 2;
1, 256, 0, -1, -1, -1, 4, 998, 2;
1, 256, 0, 0, 0, 0, 5, 1000, 3;
1, 256, 0, 0, 0, 0, 5, 1000, 3;
1, 256, 0, 1, 1, 1, 5, 1000, 3;
1, 256, 0, 1, 1, 1, 5, 1000, 3;
1, 256, 0, 0, 0, 0, 5, 1000, 3;
1, 256, 0, -1, -1, -1, 4, 998, 2;
1, 256, 0, 0, 0, 0, 5, 999, 2;
1, 256, 0, -1, -1, -1, 4, 998, 2;
1, 256, 1, 1, 1, 1, 6, 1001, 4;
1, 256, 1, 1, 1, 1, 6, 1001, 4;
1, 256, 0, -1, -1, -1, 4, 999, 2;
1, 256, 0, 1, 1, 1, 5, 1000, 3;
1, 256, 0, 0, 0, 0, 5, 1000, 3;
1, 256, 0, 0, 0, 0, 4, 999, 2;
1, 256, 0, 0, 0, 0, 4, 999, 2;
1, 256, 0, 0, 0, 0, 4, 999, 2;
1, 256, 1, 1, 1, 1, 5, 1000, 3;
1, 256, 0, -1, -1, -1, 4, 999, 2;
1, 256, 0, 0, 0, 0, 4, 999, 2;
1, 256, 1, 1, 1, 1, 6, 1000, 4;
1, 256, 0, 0, 0, 0, 5, 1000, 3;
1, 256, 1, 1, 1, 1, 5, 1000, 3;
1, 256, 0, 0, 0, 0, 5, 1000, 3;
1, 256, 0, 0, 0, 0, 4, 999, 2;
1, 256, 0, 0, 0, 0, 5, 1000, 3;
1, 256, 0, -1, -1, -1, 4, 999, 2;
1, 256, 1, 1, 1, 1, 6, 1001, 4;
1, 256, 0, 0, 0, 0, 5, 1000, 3;
1, 256, 0, -1, -1, -1, 4, 999, 2;
1, 256, 0, 0, 0, 0, 5, 1000, 3;
1, 256, 0, 0, 0, 0, 4, 999, 2;
1, 256, 1, 1, 1, 1, 6, 1001, 4;
1, 256, 0, 0, 0, 0, 5, 1000, 3;
1, 256, 0, 1, 1, 1, 5, 1000, 3;
1, 256, 0, 0, 0, 0, 5, 1000, 3;
1, 256, 0, 0, 0, 0, 5, 1000, 3;
1, 256, 0, 0, 0, 0, 4, 999, 2;
1, 256, 0, -1, -1, -1, 4, 999, 2;
1, 256, 0, 0, 0, 0, 5, 1000, 3;
1, 256, 0, 0, 0, 0, 5, 1000, 3;
1, 256, 0, -1, -1, -1, 4, 999, 2;
1, 256, 0, 0, 0, 0, 4, 999, 2;
1, 256, 0, 0, 0, 0, 5, 1000, 3;
1, 256, 0, 1, 1, 1, 5, 1000, 3;
1, 256, 0, 0, 0, 0, 4, 999, 2;
1, 256, 0, -1, -1, -1, 4, 998, 1;
1, 256, 0, 0, 0, 0, 5, 1000, 3;
1, 256, 1, 1, 1, 1, 6, 1001, 4;
1, 256, 0, 0, 0, 0, 4, 999, 2;
1, 256, 1, 1, 1, 1, 6, 1001, 4;
1, 256, 0, -1, -1, -1, 4, 999, 2;
1, 256, 0, 0, 0, 0, 4, 999, 2;
1, 256, 0, 1, 1, 1, 5, 1000, 3;
1, 256, 0, 0, 0, 0, 4, 999, 2;
1, 256, 0, -1, -1, -1, 4, 999, 2;
1, 256, 1, 1, 1, 1, 6, 1001, 4;
1, 256, 0, -1, -1, -1, 4, 999, 2;
1, 256, 0, -1, -1, -1, 4, 999, 2;
1, 256, 0, 0, 0, 0, 4, 999, 2;
1, 256, 0, 0, 0, 0, 4, 999, 2;
1, 256, 1, 1, 1, 1, 6, 1001, 4;
1, 256, 0, 0, 0, 0, 4, 999, 2;
1, 256, 0, 0, 0, 0, 4, 999, 2;
1, 256, 0, 0, 0, 0, 4, 999, 2;
1, 256, 1, 1, 1, 1, 6, 1001, 4;
1, 256, 0, 0, 0, 0, 5, 1000, 3;
1, 256, 0, 0, 0, 0, 4, 999, 2;
1, 256, 0, 0, 0, 0, 4, 999, 2;
1, 256, 0, 0, 0, 0, 4, 999, 2;
1, 256, 0, 1, 1, 1, 5, 1000, 3;
0, 256, 0, -1, -1, -1, 3, 998, 1;
1, 256, 0, 0, 0, 0, 5, 1000, 3;
1, 256, 0, 0, 0, 0, 5, 1000, 3;
1, 256, 1, 1, 1, 1, 6, 1001, 4;
1, 256, 0, -1, -1, -1, 4, 999, 2;
1, 256, 0, -1, -1, -1, 4, 999, 2;
1, 256, 0, 0, 0, 0, 4, 999, 2;
1, 256, 0, 0, 0, 0, 4, 999, 2;
1, 256, 0, 0, 0, 0, 4, 999, 2;
1, 256, 0, -1, -1, -1, 3, 998, 1;
1, 256, 0, 0, 0, 0, 4, 999, 2;
1, 256, 0, 0, 0, 0, 5, 1000, 3;
1, 256, 0, 0, 0, 0, 5, 1000, 3;
1, 256, 0, 0, 0, 0, 5, 1000, 3;
1, 256, 0, 0, 0, 0, 5, 1000, 3;
1, 256, 0, -1, -1, -1, 4, 998, 2;
1, 256, 0, 0, 0, 0, 5, 1000, 3;
1, 256, 1, 1, 1, 1, 6, 1001, 4;
1, 256, 0, 0, 0, 0, 5, 1000, 3;
1, 256, 0, -1, -1, -1, 4, 998, 1;
1, 256, 0, -1, -1, -1, 4, 999, 2;
1, 256, 0, 1, 1, 1, 5, 1000, 3;
1, 256, 0, 0, 0, 0, 5, 1000, 3;
1, 256, 0, 0, 0, 0, 5, 1000, 3;
1, 256, 0, -1, -1, -1, 4, 999, 2;
1, 256, 1, 1, 1, 1, 6, 1001, 4;
1, 256, 0, -1, -1, -1, 4, 999, 2;
1, 256, 0, 0, 0, 0, 5, 1000, 3;
1, 256, 0, 0, 0, 0, 5, 1000, 3;
1, 256, 0, -1, -1, -1, 4, 999, 2;
1, 256, 0, 0, 0, 0, 5, 1000, 3;
1, 256, 1, 1, 1, 1, 6, 1001, 4;
1, 256, 0, -1, -1, -1, 4, 999, 2;
1, 256, 1, 1, 1, 1, 5, 1000, 3;
1, 256, 0, -1, -1, -1, 4, 999, 2;
1, 256, 0, 0, 0, 0, 5, 1000, 3;
1, 256, 0, 0, 0, 0, 4, 999, 2;
1, 256, 0, 1, 1, 1, 5, 1000, 3;
1, 256, 0, -1, -1, -1, 4, 999, 2;
1, 256, 0, -1, -1, -1, 4, 999, 2;
1, 256, 0, 0, 0, 0, 5, 1000, 3;
1, 256, 0, 0, 0, 0, 5, 1000, 3;
1, 256, 0, 0, 0, 0, 5, 1000, 3;
1, 256, 1, 1, 1, 1, 6, 1000, 3;
1, 256, 0, 0, 0, 0, 4, 999, 2;
1, 256, 0, 0, 0, 0, 4, 999, 2;
1, 256, 0, 1, 1, 1, 5, 1000, 3;
1, 256, 0, 0, 0, 0, 5, 999, 3;
1, 256, 0, -1, -1, -1, 3, 998, 1;
1, 256, 0, 1, 1, 1, 5, 1000, 3;
1, 256, 0, 0, 0, 0, 4, 999, 2;
1, 256, 0, -1, -1, -1, 4, 999, 2;
1, 256, 0, 1, 1, 1, 5, 1000, 3;
1, 256, 0, 0, 0, 0, 5, 1000, 3;
1, 256, 0, 0, 0, 0, 5, 1000, 3;
1, 256, 0, 0, 0, 0, 4, 999, 2;
1, 256, 1, 1, 1, 1, 6, 1001, 4;
1, 256, 0, 0, 0, 0, 5, 999, 3;
1, 256, 1, 1, 1, 1, 6, 1000, 3;
1, 256, 1, 1, 1, 1, 6, 1001, 4;
1, 256, 0, 0, 0, 0, 4, 999, 2;
1, 256, 0, 0, 0, 0, 4, 999, 2;
1, 256, 0, 0, 0, 0, 5, 1000, 3;
1, 256, 0, 0, 0, 0, 5, 1000, 3;
1, 256, 0, -1, -1, -1, 4, 999, 2;
1, 256, 0, 0, 0, 0, 4, 999, 2;
1, 256, 0, -1, -1, -1, 4, 999, 2;
1, 256, 0, 0, 0, 0, 4, 999, 2;
1, 256, 1, 1, 1, 1, 5, 1000, 3;
1, 256, 1, 1, 1, 1, 6, 1000, 4;
1, 256, 0, -1, -1, -1, 4, 999, 2;
1, 256, 0, 1, 1, 1, 5, 1000, 3;
1, 256, 0, 0, 0, 0, 5, 1000, 3;
1, 256, 0, 1, 1, 1, 5, 1000, 3;
1, 256, 0, 0, 0, 0, 4, 999, 2;
1, 256, 0, 0, 0, 0, 5, 1000, 3;
1, 256, 0, 0, 0, 0, 5, 1000, 3;
1, 256, 0, 0, 0, 0, 5, 1000, 3;
1, 256, 1, 1, 1, 1, 6, 1001, 4;
1, 256, 0, -1, -1, -1, 4, 999, 2;
1, 256, 1, 1, 1, 1, 6, 1001, 4;
1, 256, 1, 1, 1, 1, 6, 1001, 4;
1, 256, 0, 0, 0, 0, 5, 999, 2;
1, 256, 0, -1, -1, -1, 4, 999, 2;
0, 256, 0, -1, -1, -1, 3, 998, 1;
1, 256, 0, 1, 1, 1, 5, 1000, 3;
1, 256, 0, -1, -1, -1, 4, 998, 1;
1, 256, 0, -1, -1, -1, 4, 999, 2;
1, 256, 0, -1, -1, -1, 4, 999, 2;
1, 256, 0, 0, 0, 0, 5, 1000, 3;
1, 256, 1, 1, 1, 1, 6, 1001, 4;
1, 256, 0, 0, 0, 0, 4, 999, 2;
1, 256, 0, 0, 0, 0, 4, 999, 2;
1, 256, 0, -1, -1, -1, 4, 998, 2;
1, 256, 0, 0, 0, 0, 4, 999, 2;
1, 256, 0, 1, 1, 1, 5, 1000, 3;
1, 256, 1, 1, 1, 1, 6, 1001, 4;
1, 256, 0, -1, -1, -1, 4, 999, 2;
1, 256, 0, -1, -1, -1, 4, 999, 2;
1, 256, 1, 1, 1, 1, 6, 1001, 4;
1, 256, 0, 0, 0, 0, 4, 999, 2;
1, 256, 0, 0, 0, 0, 5, 1000, 3;
1, 256, 0, 0, 0, 0, 5, 1000, 3;
1, 256, 0, 0, 0, 0, 5, 1000, 3;
1, 256, 0, -1, -1, -1, 4, 998, 2;
1, 256, 0, 1, 1, 1, 5, 1000, 3;
1, 256, 0, -1, -1, -1, 4, 999, 2;
1, 256, 0, 0, 0, 0, 4, 999, 2;
1, 256, 0, -1, -1, -1, 4, 999, 2;
1, 256, 0, -1, -1, -1, 4, 999, 2;
1, 256, 0, 0, 0, 0, 5, 1000, 3;
1, 256, 1, 1, 1, 1, 6, 1001, 4;
1, 256, 0, 0, 0, 0, 4, 999, 2;
1, 256, 0, 0, 0, 0, 5, 1000, 3;
1, 256, 0, 0, 0, 0, 4, 999, 2;
1, 256, 0, -1, -1, -1, 4, 998, 1;
1, 256, 0, 0, 0, 0, 4, 999, 2;
1, 256, 1, 1, 1, 1, 6, 1000, 4;
1, 256, 0, 0, 0, 0, 5, 1000, 3;
1, 256, 0, 0, 0, 0, 4, 999, 2;
1, 256, 0, 0, 0, 0, 5, 1000, 3;
1, 256, 0, 0, 0, 0, 5, 1000, 3;
1, 256, 0, -1, -1, -1, 4, 999, 2;
1, 256, 0, -1, -1, -1, 4, 998, 2;
1, 256, 0, 1, 1, 1, 5, 1000, 3;
1, 256, 0, 0, 0, 0, 4, 999, 2;
1, 256, 1, 1, 1, 1, 6, 1000, 4;
1, 256, 0, 0, 0, 0, 5, 999, 3;
1, 256, 0, 0, 0, 0, 5, 1000, 3;
1, 256, 0, 1, 1, 1, 5, 1000, 3;
1, 256, 1, 1, 1, 1, 6, 1001, 4;
1, 256, 0, 0, 0, 0, 5, 1000, 3;
1, 256, 1, 1, 1, 1, 6, 1001, 4;
1, 256, 0, -1, -1, -1, 4, 999, 2;
1, 256, 0, -1, -1, -1, 4, 999, 2;
1, 256, 0, -1, -1, -1, 4, 999, 2;
1, 256, 0, -1, -1, -1, 3, 998, 1;
1, 256, 0, 0, 0, 0, 5, 1000, 3;
1, 256, 0, -1, -1, -1, 4, 999, 2;
1, 256, 0, 0, 0, 0, 5, 1000, 3;
1, 256, 0, 0, 0, 0, 4, 999, 2;
1, 256, 0, -1, -1, -1, 4, 999, 2;
1, 256, 0, -1, -1, -1, 4, 998, 2;
1, 256, 0, 0, 0, 0, 5, 1000, 3;
1, 256, 0, -1, -1, -1, 3, 998, 1;
1, 256, 0, 0, 0, 0, 5, 1000, 3;
1, 256, 0, 0, 0, 0, 4, 999, 2;
1, 256, 0, 0, 0, 0, 5, 1000, 3;
1, 256, 0, -1, -1, -1, 4, 999, 2;
1, 256, 0, 0, 0, 0, 5, 1000, 3;
1, 256, 0, 0, 0, 0, 5, 1000, 3;
1, 256, 0, 0, 0, 0, 4, 999, 2;
1, 256, 1, 1, 1, 1, 5, 1000, 3;
1, 256, 0, 0, 0, 0, 4, 999, 2;
1, 256, 0, 0, 0, 0, 4, 999, 2;
1, 256, 0, 0, 0, 0, 4, 999, 2;
1, 256, 0, 0, 0, 0, 4, 999, 2;
1, 256, 1, 1, 1, 1, 6, 1001, 4;
1, 256, 1, 1, 1, 1, 6, 1001, 4;
1, 256, 0, -1, -1, -1, 4, 999, 2;
1, 256, 0, 0, 0, 0, 5, 1000, 3;
1, 256, 0, 0, 0, 0, 5, 999, 2;
1, 256, 0, 0, 0, 0, 5, 1000, 3;
1, 256, 0, 0, 0, 0, 5, 1000, 3;
1, 256, 1, 1, 1, 1, 6, 1000, 4;
1, 256, 0, 0, 0, 0, 4, 999, 2;
1, 256, 0, 0, 0, 0, 5, 999, 3;
1, 256, 0, 0, 0, 0, 5, 999, 2;
1, 256, 0, 1, 1, 1, 5, 1000, 3;
1, 256, 0, -1, -1, -1, 4, 999, 2;
1, 256, 0, 0, 0, 0, 5, 1000, 3;
1, 256, 0, 0, 0, 0, 5, 1000, 3;
1, 256, 0, 0, 0, 0, 4, 999, 2;
1, 256, 0, 1, 1, 1, 5, 1000, 3;
1, 256, 0, 0, 0, 0, 5, 1000, 3;
1, 256, 0, 0, 0, 0, 5, 1000, 3;
1, 256, 0, 0, 0, 0, 5, 1000, 3;
1, 256, 0, 0, 0, 0, 5, 1000, 3;
1, 256, 0, 0, 0, 0, 5, 1000, 3;
1, 256, 0, -1, -1, -1, 4, 999, 2;
1, 256, 0, 1, 1, 1, 5, 1000, 3;
1, 256, 0, 1, 1, 1, 5, 1000, 3;
1, 256, 0, 0, 0, 0, 5, 1000, 3;
1, 256, 0, -1, -1, -1, 4, 999, 2;
1, 256, 0, 0, 0, 0, 5, 1000, 3;
1, 256, 0, -1, -1, -1, 3, 998, 1;
1, 256, 0, 0, 0, 0, 4, 999, 2;
1, 256, 1, 1, 1, 1, 6, 1000, 3;
1, 256, 1, 1, 1, 1, 6, 1000, 3;
1, 256, 0, 0, 0, 0, 5, 1000, 3;
1, 256, 0, 0, 0, 0, 5, 1000, 3;
1, 256, 0, -1, -1, -1, 4, 999, 2;
1, 256, 1, 1, 1, 1, 5, 1000, 3;
1, 256, 0, 0, 0, 0, 4, 999, 2;
1, 256, 0, 0, 0, 0, 4, 999, 2;
1, 256, 0, 1, 1, 1, 5, 1000, 3;
1, 256, 1, 1, 1, 1, 6, 1001, 4;
1, 256, 1, 1, 1, 1, 6, 1001, 4;
1, 256, 0, 0, 0, 0, 5, 1000, 3;
1, 256, 0, -1, -1, -1, 3, 998, 1;
1, 256, 0, 1, 1, 1, 5, 1000, 3;
1, 256, 0, 1, 1, 1, 5, 1000, 3;
1, 256, 1, 1, 1, 1, 6, 1001, 4;
1, 256, 0, 1, 1, 1, 5, 1000, 3;
1, 256, 0, 0, 0, 0, 4, 999, 2;
1, 256, 0, 0, 0, 0, 5, 1000, 3;
1, 256, 0, 1, 1, 1, 5, 1000, 3;
1, 256, 0, 0, 0, 0, 5, 1000, 3;
1, 256, 1, 1, 1, 1, 6, 1000, 4;
1, 256, 0, -1, -1, -1, 4, 999, 2;
1, 256, 0, 0, 0, 0, 5, 999, 2;
1, 256, 0, 0, 0, 0, 5, 1000, 3;
1, 256, 0, -1, -1, -1, 4, 999, 2;
1, 256, 0, 0, 0, 0, 5, 1000, 3;
1, 256, 0, -1, -1, -1, 3, 998, 1;
1, 256, 0, 0, 0, 0, 4, 999, 2;
1, 256, 0, 0, 0, 0, 4, 999, 2;
1, 256, 0, 0, 0, 0, 5, 1000, 3;
1, 256, 0, 0, 0, 0, 5, 1000, 3;
1, 256, 0, 0, 0, 0, 5, 1000, 3;
1, 256, 0, -1, -1, -1, 4, 999, 2;
1, 256, 0, 0, 0, 0, 5, 1000, 3;
1, 256, 1, 1, 1, 1, 6, 1001, 4;
1, 256, 0, 0, 0, 0, 4, 999, 2;
1, 256, 0, 0, 0, 0, 5, 1000, 3;
1, 256, 1, 1, 1, 1, 6, 1001, 4;
1, 256, 1, 1, 1, 1, 6, 1001, 4;
1, 256, 0, 0, 0, 0, 5, 1000, 3;
1, 256, 0, -1, -1, -1, 4, 999, 2;
1, 256, 0, -1, -1, -1, 4, 998, 2;
1, 256, 1, 1, 1, 1, 6, 1001, 4;
1, 256, 0, -1, -1, -1, 4, 999, 2;
1, 256, 0, 1, 1, 1, 5, 1000, 3;
1, 256, 0, -1, -1, -1, 3, 998, 1;
1, 256, 1, 1, 1, 1, 6, 1000, 4;
1, 256, 0, 0, 0, 0, 4, 999, 2;
1, 256, 0, 0, 0, 0, 5, 1000, 3;
1, 256, 0, 0, 0, 0, 4, 999, 2;
1, 256, 0, 1, 1, 1, 5, 1000, 3;
1, 256, 0, 0, 0, 0, 4, 999, 2;
1, 256, 0, -1, -1, -1, 4, 999, 2;
1, 256, 0, 0, 0, 0, 5, 999, 3;
1, 256, 0, 0, 0, 0, 4, 999, 2;
1, 256, 0, 0, 0, 0, 5, 1000, 3;
1, 256, 0, 0, 0, 0, 5, 1000, 3;
1, 256, 0, 0, 0, 0, 4, 999, 2;
1, 256, 0, -1, -1, -1, 4, 999, 2;
1, 256, 0, 0, 0, 0, 5, 1000, 3;
1, 256, 1, 1, 1, 1, 5, 1000, 3;
1, 256, 0, -1, -1, -1, 3, 998, 1;
1, 256, 0, -1, -1, -1, 4, 999, 2;
1, 256, 0, -1, -1, -1, 4, 999, 2;
1, 256, 0, 1, 1, 1, 5, 1000, 3;
1, 256, 0, -1, -1, -1, 4, 999, 2;
1, 256, 1, 1, 1, 1, 6, 1000, 4;
1, 256, 1, 1, 1, 1, 6, 1000, 4;
1, 256, 0, -1, -1, -1, 4, 999, 2;
1, 256, 0, -1, -1, -1, 4, 999, 2;
1, 256, 0, 1, 1, 1, 5, 1000, 3;
1, 256, 0, 0, 0, 0, 4, 999, 2;
1, 256, 0, -1, -1, -1, 4, 999, 2;
1, 256, 0, 0, 0, 0, 5, 1000, 3;
1, 256, 0, 0, 0, 0, 5, 1000, 3;
1, 256, 0, 0, 0, 0, 5, 1000, 3;
1, 256, 1, 1, 1, 1, 6, 1001, 4;
1, 256, 0, 0, 0, 0, 4, 999, 2;
1, 256, 0, 0, 0, 0, 5, 999, 3;
1, 256, 0, 0, 0, 0, 5, 1000, 3;
1, 256, 1, 1, 1, 1, 6, 1001, 4;
1, 256, 0, 0, 0, 0, 5, 1000, 3;
1, 256, 0, 0, 0, 0, 4, 999, 2;
1, 256, 0, 0, 0, 0, 5, 1000, 3;
1, 256, 0, -1, -1, -1, 4, 998, 2;
1, 256, 0, -1, -1, -1, 4, 999, 2;
1, 256, 0, 0, 0, 0, 4, 999, 2;
1, 256, 0, 0, 0, 0, 4, 999, 2;
1, 256, 0, 0, 0, 0, 5, 1000, 3;
1, 256, 0, 0, 0, 0, 5, 1000, 3;
1, 256, 0, -1, -1, -1, 4, 999, 2;
1, 256, 0, -1, -1, -1, 4, 999, 2;
1, 256, 0, -1, -1, -1, 4, 999, 2;
1, 256, 0, 0, 0, 0, 5, 1000, 3;
1, 256, 0, 0, 0, 0, 5, 1000, 3;
1, 256, 0, -1, -1, -1, 4, 999, 2;
1, 256, 0, 1, 1, 1, 5, 1000, 3;
1, 256, 0, 0, 0, 0, 5, 1000, 3;
1, 256, 1, 1, 1, 1, 5, 1000, 3;
1, 256, 1, 1, 1, 1, 5, 1000, 3;
1, 256, 0, 0, 0, 0, 4, 999, 2;
1, 256, 0, 1, 1, 1, 5, 1000, 3;
1, 256, 0, -1, -1, -1, 4, 999, 2;
1, 256, 0, 0, 0, 0, 4, 999, 2;
1, 256, 0, -1, -1, -1, 3, 998, 1;
1, 256, 0, 0, 0, 0, 5, 1000, 3;
1, 256, 0, -1, -1, -1, 4, 999, 2;
1, 256, 0, 0, 0, 0, 5, 1000, 3;
1, 256, 0, 0, 0, 0, 4, 999, 2;
1, 256, 0, 0, 0, 0, 5, 1000, 3;
1, 256, 1, 1, 1, 1, 6, 1001, 4;
1, 256, 0, 0, 0, 0, 4, 999, 2;
1, 256, 0, 0, 0, 0, 5, 1000, 3;
1, 256, 0, 0, 0, 0, 4, 999, 2;
1, 256, 0, -1, -1, -1, 4, 998, 1;
1, 256, 0, 0, 0, 0, 4, 999, 2;
1, 256, 1, 1, 1, 1, 6, 1001, 4;
1, 256, 0, 0, 0, 0, 5, 1000, 3;
1, 256, 0, 0, 0, 0, 5, 1000, 3;
1, 256, 0, 0, 0, 0, 5, 1000, 3;
1, 256, 0, 0, 0, 0, 5, 1000, 3;
1, 256, 0, 0, 0, 0, 5, 1000, 3;
1, 256, 0, 0, 0, 0, 5, 1000, 3;
1, 256, 0, -1, -1, -1, 4, 998, 1;
1, 256, 0, 0, 0, 0, 4, 999, 2;
1, 256, 0, -1, -1, -1, 4, 998, 2;
1, 256, 1, 1, 1, 1, 6, 1001, 4;
1, 256, 0, 0, 0, 0, 5, 1000, 3;
1, 256, 1, 1, 1, 1, 6, 1001, 4;
1, 256, 0, -1, -1, -1, 4, 999, 2;
1, 256, 0, 0, 0, 0, 4, 999, 2;
1, 256, 1, 1, 1, 1, 6, 1001, 4;
1, 256, 0, -1, -1, -1, 3, 998, 1;
1, 256, 0, 0, 0, 0, 5, 1000, 3;
1, 256, 0, 0, 0, 0, 5, 1000, 3;
1, 256, 0, 0, 0, 0, 4, 999, 2;
1, 256, 1, 1, 1, 1, 6, 1001, 4;
1, 256, 1, 1, 1, 1, 6, 1000, 3;
1, 256, 1, 1, 1, 1, 6, 1000, 4;
1, 256, 0, -1, -1, -1, 4, 999, 2;
1, 256, 0, 0, 0, 0, 5, 1000, 3;
1, 256, 0, -1, -1, -1, 4, 999, 2;
1, 256, 0, -1, -1, -1, 4, 999, 2;
1, 256, 0, -1, -1, -1, 4, 999, 2;
1, 256, 0, 0, 0, 0, 4, 999, 2;
1, 256, 0, 0, 0, 0, 5, 1000, 3;
1, 256, 0, 0, 0, 0, 4, 999, 2;
1, 256, 0, 0, 0, 0, 5, 1000, 3;
1, 256, 0, 1, 1, 1, 5, 1000, 3;
1, 256, 0, 0, 0, 0, 5, 1000, 3;
1, 256, 0, 0, 0, 0, 4, 999, 2;
1, 256, 0, -1, -1, -1, 3, 998, 1;
1, 256, 0, 0, 0, 0, 4, 999, 2;
1, 256, 0, -1, -1, -1, 4, 999, 2;
1, 256, 0, -1, -1, -1, 4, 999, 2;
1, 256, 0, -1, -1, -1, 3, 998, 1;
1, 256, 0, -1, -1, -1, 4, 998, 2;
1, 256, 0, 0, 0, 0, 5, 1000, 3;
1, 256, 1, 1, 1, 1, 6, 1001, 4;
1, 256, 1, 1, 1, 1, 6, 1000, 4;
1, 256, 0, -1, -1, -1, 4, 999, 2;
1, 256, 1, 1, 1, 1, 5, 1000, 3;
1, 256, 0, 0, 0, 0, 5, 1000, 3;
1, 256, 0, 1, 1, 1, 5, 1000, 3;
1, 256, 0, 0, 0, 0, 5, 1000, 3;
1, 256, 0, 0, 0, 0, 4, 999, 2;
1, 256, 0, 1, 1, 1, 5, 1000, 3;
1, 256, 0, 0, 0, 0, 4, 999, 2;
1, 256, 0, 0, 0, 0, 4, 999, 2;
1, 256, 0, 0, 0, 0, 4, 999, 2;
1, 256, 0, 0, 0, 0, 5, 1000, 3;
1, 256, 0, -1, -1, -1, 4, 999, 2;
1, 256, 0, 0, 0, 0, 5, 1000, 3;
1, 256, 0, -1, -1, -1, 4, 999, 2;
1, 256, 0, 0, 0, 0, 4, 999, 2;
1, 256, 0, 0, 0, 0, 5, 999, 3;
1, 256, 0, 0, 0, 0, 5, 1000, 3;
1, 256, 0, -1, -1, -1, 3, 998, 1;
1, 256, 0, -1, -1, -1, 4, 999, 2;
1, 256, 0, 1, 1, 1, 5, 1000, 3;
1, 256, 0, -1, -1, -1, 4, 999, 2;
1, 256, 0, -1, -1, -1, 4, 998, 2;
1, 256, 0, 0, 0, 0, 4, 999, 2;
1, 256, 0, 0, 0, 0, 4, 999, 2;
1, 256, 0, 0, 0, 0, 4, 999, 2;
1, 256, 0, 0, 0, 0, 4, 999, 2;
1, 256, 0, -1, -1, -1, 4, 999, 2;
1, 256, 1, 1, 1, 1, 6, 1001, 4;
1, 256, 0, -1, -1, -1, 4, 999, 2;
1, 256, 0, 0, 0, 0, 4, 999, 2;
1, 256, 0, 0, 0, 0, 4, 999, 2;
1, 256, 0, -1, -1, -1, 4, 999, 2;
1, 256, 0, 1, 1, 1, 5, 1000, 3;
1, 256, 0, 0, 0, 0, 5, 1000, 3;
1, 256, 0, 0, 0, 0, 4, 999, 2;
1, 256, 0, 0, 0, 0, 5, 1000, 3;
1, 256, 0, -1, -1, -1, 4, 999, 2;
1, 256, 0, 1, 1, 1, 5, 1000, 3;
1, 256, 0, 0, 0, 0, 5, 1000, 3;
1, 256, 0, 0, 0, 0, 4, 999, 2;
1, 256, 0, -1, -1, -1, 3, 998, 1;
1, 256, 0, 0, 0, 0, 4, 999, 2;
1, 256, 0, 0, 0, 0, 4, 999, 2;
1, 256, 1, 1, 1, 1, 6, 1001, 4;
1, 256, 0, 1, 1, 1, 5, 1000, 3;
1, 256, 0, 0, 0, 0, 5, 1000, 3;
1, 256, 0, 0, 0, 0, 5, 1000, 3;
1, 256, 0, 1, 1, 1, 5, 1000, 3;
1, 256, 1, 1, 1, 1, 6, 1000, 3;
1, 256, 0, 0, 0, 0, 5, 1000, 3;
1, 256, 0, 0, 0, 0, 5, 1000, 3;
1, 256, 0, 0, 0, 0, 4, 999, 2;
1, 256, 0, 0, 0, 0, 5, 999, 2;
1, 256, 0, 0, 0, 0, 5, 1000, 3;
1, 256, 0, -1, -1, -1, 4, 998, 1;
1, 256, 0, 0, 0, 0, 5, 1000, 3;
1, 256, 0, 0, 0, 0, 4, 999, 2;
1, 256, 0, -1, -1, -1, 3, 998, 1;
1, 256, 0, 0, 0, 0, 5, 1000, 3;
1, 256, 0, -1, -1, -1, 4, 999, 2;
1, 256, 0, 0, 0, 0, 5, 1000, 3;
1, 256, 0, 0, 0, 0, 4, 999, 2;
1, 256, 1, 1, 1, 1, 5, 1000, 3;
1, 256, 0, 1, 1, 1, 5, 1000, 3;
1, 256, 0, -1, -1, -1, 4, 999, 2;
1, 256, 0, -1, -1, -1, 4, 999, 2;
1, 256, 0, 0, 0, 0, 5, 1000, 3;
1, 256, 0, -1, -1, -1, 4, 999, 2;
1, 256, 1, 1, 1, 1, 6, 1001, 4;
1, 256, 0, 0, 0, 0, 5, 1000, 3;
1, 256, 0, 0, 0, 0, 4, 999, 2;
1, 256, 1, 1, 1, 1, 6, 1001, 4;
1, 256, 0, 0, 0, 0, 5, 999, 3;
1, 256, 0, 0, 0, 0, 4, 999, 2;
1, 256, 0, 0, 0, 0, 5, 1000, 3;
1, 256, 0, 0, 0, 0, 5, 1000, 3;
1, 256, 0, 0, 0, 0, 4, 999, 2;
1, 256, 0, 0, 0, 0, 5, 1000, 3;
1, 256, 0, -1, -1, -1, 4, 998, 1;
1, 256, 0, 0, 0, 0, 5, 1000, 3;
1, 256, 0, -1, -1, -1, 4, 998, 1;
1, 256, 0, 0, 0, 0, 5, 1000, 3;
1, 256, 0, -1, -1, -1, 4, 999, 2;
1, 256, 0, 0, 0, 0, 4, 999, 2;
1, 256, 0, 1, 1, 1, 5, 1000, 3;
1, 256, 0, 0, 0, 0, 5, 1000, 3;
1, 256, 0, 0, 0, 0, 4, 999, 2;
1, 256, 0, -1, -1, -1, 4, 999, 2;
1, 256, 0, -1, -1, -1, 4, 998, 2;
1, 256, 0, 1, 1, 1, 5, 1000, 3;
1, 256, 0, 0, 0, 0, 5, 1000, 3;
1, 256, 0, 0, 0, 0, 4, 999, 2;
1, 256, 0, -1, -1, -1, 3, 998, 1;
1, 256, 1, 1, 1, 1, 6, 1001, 4;
1, 256, 0, 0, 0, 0, 4, 999, 2;
1, 256, 0, -1, -1, -1, 4, 999, 2;
1, 256, 0, 0, 0, 0, 4, 999, 2;
1, 256, 0, -1, -1, -1, 4, 999, 2;
1, 256, 0, 0, 0, 0, 5, 1000, 3;
1, 256, 0, 0, 0, 0, 5, 1000, 3;
1, 256, 0, 1, 1, 1, 5, 1000, 3;
1, 256, 0, 0, 0, 0, 5, 1000, 3;
1, 256, 0, 0, 0, 0, 5, 1000, 3;
1, 256, 0, -1, -1, -1, 4, 999, 2;
1, 256, 1, 1, 1, 1, 6, 1001, 4;
1, 256, 1, 1, 1, 1, 5, 1000, 3;
1, 256, 0, 0, 0, 0, 4, 999, 2;
1, 256, 0, 0, 0, 0, 5, 1000, 3;
1, 256, 0, 0, 0, 0, 5, 1000, 3;
0, 256, 0, -1, -1, -1, 3, 998, 1;
1, 256, 0, 0, 0, 0, 5, 999, 2;
1, 256, 0, 0, 0, 0, 4, 999, 2;
1, 256, 0, 0, 0, 0, 4, 999, 2;
1, 256, 0, 0, 0, 0, 5, 1000, 3;
1, 256, 0, 0, 0, 0, 5, 1000, 3;
1, 256, 0, -1, -1, -1, 3, 998, 1;
1, 256, 0, 0, 0, 0, 5, 1000, 3;
1, 256, 0, 1, 1, 1, 5, 1000, 3;
1, 256, 0, -1, -1, -1, 4, 999, 2;
1, 256, 0, -1, -1, -1, 4, 999, 2;
1, 256, 0, 0, 0, 0, 5, 1000, 3;
1, 256, 0, 0, 0, 0, 5, 1000, 3;
1, 256, 0, -1, -1, -1, 4, 999, 2;
1, 256, 0, 0, 0, 0, 5, 1000, 3;
1, 256, 0, 0, 0, 0, 5, 1000, 3;
1, 256, 0, 1, 1, 1, 5, 1000, 3;
1, 256, 0, -1, -1, -1, 4, 999, 2;
1, 256, 0, -1, -1, -1, 3, 998, 1;
1, 256, 1, 1, 1, 1, 6, 1000, 4;
1, 256, 0, -1, -1, -1, 4, 999, 2;
1, 256, 0, -1, -1, -1, 4, 999, 2;
1, 256, 0, 0, 0, 0, 5, 999, 3;
1, 256, 0, 0, 0, 0, 4, 999, 2;
1, 256, 0, -1, -1, -1, 3, 998, 1;
0, 256, 0, -1, -1, -1, 3, 998, 1;
1, 256, 0, 0, 0, 0, 4, 999, 2;
1, 256, 0, -1, -1, -1, 4, 998, 2;
1, 256, 0, 0, 0, 0, 4, 999, 2;
1, 256, 1, 1, 1, 1, 6, 1001, 4;
1, 256, 0, -1, -1, -1, 4, 999, 2;
1, 256, 0, 0, 0, 0, 4, 999, 2;
1, 256, 0, 0, 0, 0, 5, 1000, 3;
1, 256, 0, 0, 0, 0, 5, 1000, 3;
1, 256, 0, -1, -1, -1, 4, 999, 2;
1, 256, 1, 1, 1, 1, 6, 1001, 4;
1, 256, 0, -1, -1, -1, 4, 999, 2;
1, 256, 0, -1, -1, -1, 4, 999, 2;
1, 256, 0, -1, -1, -1, 4, 999, 2;
1, 256, 0, 0, 0, 0, 5, 999, 2;
1, 256, 0, -1, -1, -1, 4, 998, 1;
1, 256, 0, 0, 0, 0, 4, 999, 2;
1, 256, 0, 0, 0, 0, 5, 1000, 3;
1, 256, 0, -1, -1, -1, 3, 998, 1;
1, 256, 1, 1, 1, 1, 6, 1001, 4;
1, 256, 0, -1, -1, -1, 4, 999, 2;
1, 256, 0, -1, -1, -1, 4, 999, 2;
1, 256, 0, -1, -1, -1, 4, 999, 2;
1, 256, 1, 1, 1, 1, 5, 1000, 3;
1, 256, 0, 0, 0, 0, 5, 1000, 3;
1, 256, 0, 0, 0, 0, 4, 999, 2;
1, 256, 0, -1, -1, -1, 4, 999, 2;
1, 256, 0, 0, 0, 0, 5, 1000, 3;
1, 256, 1, 1, 1, 1, 6, 1001, 4;
1, 256, 0, 0, 0, 0, 5, 1000, 3;
1, 256, 0, 0, 0, 0, 5, 1000, 3;
1, 256, 0, 0, 0, 0, 4, 999, 2;
1, 256, 0, -1, -1, -1, 3, 998, 1;
1, 256, 1, 1, 1, 1, 6, 1001, 4;
1, 256, 0, 0, 0, 0, 5, 999, 3;
1, 256, 1, 1, 1, 1, 5, 1000, 3;
1, 256, 1, 1, 1, 1, 6, 1001, 4;
1, 256, 0, -1, -1, -1, 4, 999, 2;
1, 256, 0, 0, 0, 0, 4, 999, 2;
1, 256, 0, 1, 1, 1, 5, 1000, 3;
1, 256, 1, 1, 1, 1, 6, 1001, 4;
1, 256, 0, 0, 0, 0, 5, 1000, 3;
1, 256, 0, -1, -1, -1, 4, 998, 1;
1, 256, 0, 0, 0, 0, 5, 1000, 3;
1, 256, 0, 0, 0, 0, 5, 1000, 3;
1, 256, 0, 0, 0, 0, 5, 1000, 3;
1, 256, 0, 0, 0, 0, 4, 999, 2;
1, 256, 0, -1, -1, -1, 4, 999, 2;
1, 256, 0, -1, -1, -1, 3, 998, 1;
1, 256, 0, 0, 0, 0, 4, 999, 2;
1, 256, 0, 0, 0, 0, 5, 1000, 3;
1, 256, 0, 0, 0, 0, 5, 999, 3;
1, 256, 0, 0, 0, 0, 4, 999, 2;
1, 256, 0, -1, -1, -1, 4, 999, 2;
1, 256, 0, 1, 1, 1, 5, 1000, 3;
1, 256, 0, 1, 1, 1, 5, 1000, 3;
1, 256, 0, 0, 0, 0, 4, 999, 2;
1, 256, 1, 1, 1, 1, 6, 1001, 4;
1, 256, 0, -1, -1, -1, 3, 998, 1;
1, 256, 0, 0, 0, 0, 4, 999, 2;
1, 256, 0, 0, 0, 0, 5, 1000, 3;
1, 256, 0, 0, 0, 0, 4, 999, 2;
1, 256, 0, 0, 0, 0, 4, 999, 2;
1, 256, 0, 0, 0, 0, 5, 999, 3;
1, 256, 0, -1, -1, -1, 4, 999, 2;
1, 256, 0, -1, -1, -1, 4, 999, 2;
1, 256, 0, 0, 0, 0, 4, 999, 2;
1, 256, 0, 0, 0, 0, 5, 1000, 3;
0, 256, 0, -1, -1, -1, 3, 998, 1;
0, 256, 0, -1, -1, -1, 3, 998, 1;
1, 256, 0, 0, 0, 0, 5, 1000, 3;
1, 256, 0, 0, 0, 0, 5, 1000, 3;
1, 256, 0, 0, 0, 0, 5, 1000, 3;
1, 256, 0, -1, -1, -1, 4, 999, 2;
1, 256, 0, 0, 0, 0, 4, 999, 2;
1, 256, 1, 1, 1, 1, 6, 1000, 4;
1, 256, 1, 1, 1, 1, 6, 1000, 4;
1, 256, 0, 1, 1, 1, 5, 1000, 3;
1, 256, 0, 0, 0, 0, 4, 999, 2;
1, 256, 1, 1, 1, 1, 6, 1001, 4;
1, 256, 0, 0, 0, 0, 5, 1000, 3;
1, 256, 0, -1, -1, -1, 4, 998, 1;
1, 256, 0, 0, 0, 0, 5, 1000, 3;
1, 256, 0, 0, 0, 0, 5, 1000, 3;
1, 256, 1, 1, 1, 1, 6, 1001, 4;
1, 256, 0, 0, 0, 0, 5, 1000, 3;
1, 256, 0, 0, 0, 0, 4, 999, 2;
1, 256, 0, 0, 0, 0, 5, 999, 3;
1, 256, 0, 0, 0, 0, 5, 1000, 3;
1, 256, 0, 0, 0, 0, 5, 1000, 3;
1, 256, 0, 0, 0, 0, 5, 1000, 3;
1, 256, 0, 0, 0, 0, 4, 999, 2;
1, 256, 0, 1, 1, 1, 5, 1000, 3;
1, 256, 0, 0, 0, 0, 5, 1000, 3;
1, 256, 0, -1, -1, -1, 4, 998, 1;
1, 256, 1, 1, 1, 1, 6, 1001, 4;
1, 256, 1, 1, 1, 1, 5, 1000, 3;
1, 256, 0, 0, 0, 0, 4, 999, 2;
1, 256, 1, 1, 1, 1, 6, 1000, 4;
1, 256, 1, 1, 1, 1, 5, 1000, 3;
1, 256, 0, -1, -1, -1, 4, 999, 2;
1, 256, 0, 0, 0, 0, 4, 999, 2;
1, 256, 0, 1, 1, 1, 5, 1000, 3;
1, 256, 0, 0, 0, 0, 5, 1000, 3;
1, 256, 0, 0, 0, 0, 4, 999, 2;
1, 256, 0, 0, 0, 0, 4, 999, 2;
1, 256, 0, 0, 0, 0, 4, 999, 2;
1, 256, 0, -1, -1, -1, 4, 999, 2;
1, 256, 0, 0, 0, 0, 5, 1000, 3;
1, 256, 0, -1, -1, -1, 3, 998, 1;
1, 256, 0, 0, 0, 0, 5, 1000, 3;
1, 256, 0, 1, 1, 1, 5, 1000, 3;
1, 256, 0, 1, 1, 1, 5, 1000, 3;
1, 256, 0, 1, 1, 1, 5, 1000, 3;
1, 256, 0, 0, 0, 0, 5, 1000, 3;
1, 256, 0, -1, -1, -1, 4, 999, 2;
1, 256, 0, -1, -1, -1, 4, 999, 2;
1, 256, 0, 0, 0, 0, 4, 999, 2;
1, 256, 0, 1, 1, 1, 5, 1000, 3;
1, 256, 0, 0, 0, 0, 4, 999, 2;
1, 256, 1, 1, 1, 1, 6, 1001, 4;
1, 256, 0, -1, -1, -1, 4, 999, 2;
1, 256, 0, 0, 0, 0, 5, 1000, 3;
1, 256, 0, 0, 0, 0, 5, 1000, 3;
1, 256, 0, 0, 0, 0, 4, 999, 2;
1, 256, 0, 0, 0, 0, 5, 1000, 3;
1, 256, 0, -1, -1, -1, 4, 999, 2;
1, 256, 0, -1, -1, -1, 4, 999, 2;
1, 256, 0, 0, 0, 0, 5, 1000, 3;
1, 256, 0, 1, 1, 1, 5, 1000, 3;
1, 256, 0, 0, 0, 0, 5, 1000, 3;
1, 256, 0, 0, 0, 0, 5, 1000, 3;
1, 256, 0, 0, 0, 0, 5, 1000, 3;
1, 256, 0, 0, 0, 0, 5, 999, 3;
1, 256, 0, -1, -1, -1, 4, 999, 2;
1, 256, 1, 1, 1, 1, 5, 1000, 3;
1, 256, 1, 1, 1, 1, 6, 1001, 4;
1, 256, 1, 1, 1, 1, 6, 1000, 3;
1, 256, 0, -1, -1, -1, 4, 999, 2;
1, 256, 0, 0, 0, 0, 5, 1000, 3;
1, 256, 1, 1, 1, 1, 6, 1001, 4;
1, 256, 0, 0, 0, 0, 4, 999, 2;
1, 256, 0, -1, -1, -1, 4, 999, 2;
1, 256, 1, 1, 1, 1, 5, 1000, 3;
1, 256, 1, 1, 1, 1, 5, 1000, 3;
1, 256, 0, 0, 0, 0, 5, 1000, 3;
1, 256, 0, 0, 0, 0, 4, 999, 2;
1, 256, 0, 0, 0, 0, 4, 999, 2;
1, 256, 1, 1, 1, 1, 5, 1000, 3;
1, 256, 0, 0, 0, 0, 5, 1000, 3;
1, 256, 0, -1, -1, -1, 4, 999, 2;
1, 256, 0, 1, 1, 1, 5, 1000, 3;
1, 256, 0, 0, 0, 0, 4, 999, 2;
1, 256, 0, 1, 1, 1, 5, 1000, 3;
1, 256, 0, -1, -1, -1, 4, 999, 2;
1, 256, 0, -1, -1, -1, 4, 999, 2;
1, 256, 0, 0, 0, 0, 5, 1000, 3;
1, 256, 0, 0, 0, 0, 5, 1000, 3;
1, 256, 1, 1, 1, 1, 6, 1001, 4;
1, 256, 0, 0, 0, 0, 4, 999, 2;
1, 256, 0, 0, 0, 0, 5, 1000, 3;
1, 256, 0, 0, 0, 0, 4, 999, 2;
1, 256, 0, 0, 0, 0, 4, 999, 2;
1, 256, 0, 0, 0, 0, 4, 999, 2;
1, 256, 0, -1, -1, -1, 4, 999, 2;
1, 256, 0, 0, 0, 0, 5, 1000, 3;
1, 256, 0, 0, 0, 0, 4, 999, 2;
1, 256, 0, 0, 0, 0, 4, 999, 2;
1, 256, 0, 0, 0, 0, 4, 999, 2;
1, 256, 0, 0, 0, 0, 5, 999, 3;
1, 256, 0, 0, 0, 0, 5, 999, 3;
1, 256, 0, -1, -1, -1, 3, 998, 1;
1, 256, 1, 1, 1, 1, 6, 1001, 4;
1, 256, 0, 1, 1, 1, 5, 1000, 3;
1, 256, 1, 1, 1, 1, 6, 1001, 4;
1, 256, 1, 1, 1, 1, 6, 1001, 4;
1, 256, 0, 1, 1, 1, 5, 1000, 3;
1, 256, 1, 1, 1, 1, 6, 1001, 4;
1, 256, 0, 1, 1, 1, 5, 1000, 3;
1, 256, 1, 1, 1, 1, 6, 1000, 3;
1, 256, 0, -1, -1, -1, 4, 999, 2;
1, 256, 0, 0, 0, 0, 5, 1000, 3;
1, 256, 0, 1, 1, 1, 5, 1000, 3;
1, 256, 0, -1, -1, -1, 4, 998, 2;
1, 256, 0, 0, 0, 0, 4, 999, 2;
1, 256, 0, 0, 0, 0, 5, 999, 3;
1, 256, 0, 0, 0, 0, 5, 1000, 3;
1, 256, 1, 1, 1, 1, 5, 1000, 3;
1, 256, 0, 0, 0, 0, 5, 1000, 3;
1, 256, 1, 1, 1, 1, 6, 1001, 4;
1, 256, 0, 1, 1, 1, 5, 1000, 3;
1, 256, 0, 0, 0, 0, 5, 1000, 3;
1, 256, 0, -1, -1, -1, 4, 998, 2;
1, 256, 0, 0, 0, 0, 4, 999, 2;
1, 256, 0, 0, 0, 0, 4, 999, 2;
1, 256, 0, 0, 0, 0, 5, 1000, 3;
1, 256, 0, -1, -1, -1, 4, 999, 2;
1, 256, 1, 1, 1, 1, 6, 1000, 4;
1, 256, 0, 0, 0, 0, 4, 999, 2;
1, 256, 0, -1, -1, -1, 4, 999, 2;
1, 256, 0, 0, 0, 0, 5, 1000, 3;
1, 256, 1, 1, 1, 1, 6, 1001, 4;
1, 256, 0, 0, 0, 0, 5, 1000, 3;
1, 256, 0, 1, 1, 1, 5, 1000, 3;
1, 256, 0, -1, -1, -1, 4, 999, 2;
1, 256, 0, 0, 0, 0, 4, 999, 2;
1, 256, 1, 1, 1, 1, 6, 1000, 4;
1, 256, 0, -1, -1, -1, 4, 999, 2;
1, 256, 0, 0, 0, 0, 5, 1000, 3;
1, 256, 0, -1, -1, -1, 4, 999, 2;
1, 256, 0, -1, -1, -1, 4, 999, 2;
1, 256, 0, 0, 0, 0, 5, 999, 2;
1, 256, 1, 1, 1, 1, 5, 1000, 3;
1, 256, 0, 1, 1, 1, 5, 1000, 3;
1, 256, 0, 0, 0, 0, 4, 999, 2;
1, 256, 0, 0, 0, 0, 4, 999, 2;
1, 256, 0, -1, -1, -1, 4, 999, 2;
1, 256, 0, 0, 0, 0, 4, 999, 2;
1, 256, 0, 0, 0, 0, 5, 1000, 3;
1, 256, 0, -1, -1, -1, 3, 998, 1;
1, 256, 0, 0, 0, 0, 4, 999, 2;
1, 256, 1, 1, 1, 1, 6, 1000, 4;
1, 256, 1, 1, 1, 1, 6, 1001, 4;
1, 256, 0, 1, 1, 1, 5, 1000, 3;
1, 256, 0, 0, 0, 0, 5, 1000, 3;
1, 256, 0, 1, 1, 1, 5, 1000, 3;
1, 256, 0, 0, 0, 0, 4, 999, 2;
1, 256, 0, 0, 0, 0, 4, 999, 2;
1, 256, 0, -1, -1, -1, 4, 999, 2;
1, 256, 0, 0, 0, 0, 5, 1000, 3;
1, 256, 0, 0, 0, 0, 5, 1000, 3;
1, 256, 1, 1, 1, 1, 6, 1001, 4;
1, 256, 0, 1, 1, 1, 5, 1000, 3;
1, 256, 1, 1, 1, 1, 6, 1001, 4;
1, 256, 0, 1, 1, 1, 5, 1000, 3;
1, 256, 0, 0, 0, 0, 4, 999, 2;
1, 256, 0, 0, 0, 0, 5, 1000, 3;
1, 256, 0, 0, 0, 0, 5, 1000, 3;
1, 256, 0, 0, 0, 0, 5, 1000, 3;
1, 256, 0, 0, 0, 0, 4, 999, 2;
1, 256, 0, 0, 0, 0, 4, 999, 2;
1, 256, 0, -1, -1, -1, 4, 998, 1;
1, 256, 0, 0, 0, 0, 5, 1000, 3;
1, 256, 0, 1, 1, 1, 5, 1000, 3;
1, 256, 0, 0, 0, 0, 4, 999, 2;
1, 256, 0, 0, 0, 0, 5, 1000, 3;
1, 256, 0, 0, 0, 0, 5, 1000, 3;
1, 256, 1, 1, 1, 1, 6, 1001, 4;
1, 256, 0, 0, 0, 0, 5, 1000, 3;
1, 256, 1, 1, 1, 1, 6, 1000, 3;
1, 256, 0, 0, 0, 0, 4, 999, 2;
1, 256, 0, 0, 0, 0, 5, 1000, 3;
1, 256, 0, 0, 0, 0, 4, 999, 2;
1, 256, 1, 1, 1, 1, 6, 1001, 4;
1, 256, 0, 0, 0, 0, 4, 999, 2;
1, 256, 0, 1, 1, 1, 5, 1000, 3;
1, 256, 0, -1, -1, -1, 3, 998, 1;
1, 256, 0, -1, -1, -1, 4, 998, 2;
1, 256, 0, -1, -1, -1, 4, 999, 2;
1, 256, 1, 1, 1, 1, 6, 1001, 4;
1, 256, 0, -1, -1, -1, 4, 999, 2;
1, 256, 0, 0, 0, 0, 5, 1000, 3;
1, 256, 1, 1, 1, 1, 6, 1001, 4;
1, 256, 0, -1, -1, -1, 4, 998, 1;
1, 256, 0, 0, 0, 0, 5, 1000, 3;
1, 256, 0, -1, -1, -1, 4, 999, 2;
1, 256, 0, 0, 0, 0, 4, 999, 2;
1, 256, 0, 1, 1, 1, 5, 1000, 3;
1, 256, 0, -1, -1, -1, 4, 999, 2;
1, 256, 0, 0, 0, 0, 5, 1000, 3;
1, 256, 0, 0, 0, 0, 4, 999, 2;
1, 256, 0, 0, 0, 0, 4, 999, 2;
1, 256, 0, 0, 0, 0, 4, 999, 2;
1, 256, 0, 0, 0, 0, 5, 1000, 3;
1, 256, 0, 0, 0, 0, 4, 999, 2;
1, 256, 0, 0, 0, 0, 5, 999, 2;
1, 256, 1, 1, 1, 1, 6, 1001, 4;
1, 256, 0, 1, 1, 1, 5, 1000, 3;
1, 256, 0, -1, -1, -1, 3, 998, 1;
1, 256, 1, 1, 1, 1, 6, 1001, 4;
1, 256, 0, 0, 0, 0, 5, 1000, 3;
1, 256, 0, -1, -1, -1, 4, 999, 2;
1, 256, 0, -1, -1, -1, 4, 999, 2;
1, 256, 0, 0, 0, 0, 5, 999, 3;
1, 256, 0, -1, -1, -1, 3, 998, 1;
1, 256, 0, 0, 0, 0, 4, 999, 2;
1, 256, 1, 1, 1, 1, 6, 1000, 4;
1, 256, 0, -1, -1, -1, 4, 999, 2;
1, 256, 0, 1, 1, 1, 5, 1000, 3;
1, 256, 0, 1, 1, 1, 5, 1000, 3;
1, 256, 0, 0, 0, 0, 4, 999, 2;
1, 256, 1, 1, 1, 1, 6, 1001, 4;
1, 256, 0, 0, 0, 0, 4, 999, 2;
1, 256, 1, 1, 1, 1, 5, 1000, 3;
1, 256, 0, 1, 1, 1, 5, 1000, 3;
1, 256, 1, 1, 1, 1, 6, 1001, 4;
1, 256, 0, 1, 1, 1, 5, 1000, 3;
1, 256, 0, 0, 0, 0, 4, 999, 2;
1, 256, 0, 0, 0, 0, 5, 1000, 3;
1, 256, 0, 0, 0, 0, 5, 1000, 3;
1, 256, 0, 0, 0, 0, 4, 999, 2;
1, 256, 1, 1, 1, 1, 6, 1001, 4;
1, 256, 0, 0, 0, 0, 4, 999, 2;
1, 256, 0, -1, -1, -1, 3, 998, 1;
1, 256, 0, 0, 0, 0, 5, 1000, 3;
1, 256, 0, 0, 0, 0, 4, 999, 2;
1, 256, 0, -1, -1, -1, 3, 998, 1;
1, 256, 0, 0, 0, 0, 5, 999, 3;
1, 256, 1, 1, 1, 1, 6, 1001, 4;
1, 256, 0, -1, -1, -1, 4, 998, 2;
1, 256, 1, 1, 1, 1, 6, 1001, 4;
1, 256, 0, -1, -1, -1, 3, 998, 1;
1, 256, 0, -1, -1, -1, 4, 998, 1;
1, 256, 0, 1, 1, 1, 5, 1000, 3;
1, 256, 1, 1, 1, 1, 6, 1001, 4;
1, 256, 0, 0, 0, 0, 5, 1000, 3;
1, 256, 0, 0, 0, 0, 5, 1000, 3;
1, 256, 1, 1, 1, 1, 6, 1001, 4;
1, 256, 0, 0, 0, 0, 4, 999, 2;
1, 256, 0, 1, 1, 1, 5, 1000, 3;
1, 256, 0, 0, 0, 0, 5, 1000, 3;
1, 256, 0, 0, 0, 0, 4, 999, 2;
1, 256, 1, 1, 1, 1, 6, 1000, 3;
1, 256, 0, 0, 0, 0, 4, 999, 2;
1, 256, 0, 0, 0, 0, 5, 1000, 3;
0, 256, 0, -1, -1, -1, 3, 998, 1;
1, 256, 1, 1, 1, 1, 6, 1001, 4;
1, 256, 1, 1, 1, 1, 5, 1000, 3;
1, 256, 1, 1, 1, 1, 6, 1000, 4;
1, 256, 0, -1, -1, -1, 3, 998, 1;
1, 256, 1, 1, 1, 1, 6, 1000, 4;
1, 256, 0, -1, -1, -1, 3, 998, 1;
1, 256, 0, -1, -1, -1, 4, 999, 2;
1, 256, 0, 0, 0, 0, 4, 999, 2;
1, 256, 1, 1, 1, 1, 6, 1001, 4;
1, 256, 1, 1, 1, 1, 6, 1001, 4;
1, 256, 0, -1, -1, -1, 4, 998, 1;
1, 256, 0, 0, 0, 0, 5, 999, 3;
1, 256, 0, 0, 0, 0, 4, 999, 2;
1, 256, 1, 1, 1, 1, 5, 1000, 3;
1, 256, 0, 0, 0, 0, 5, 1000, 3;
1, 256, 0, -1, -1, -1, 4, 999, 2;
1, 256, 0, -1, -1, -1, 4, 999, 2;
1, 256, 0, 0, 0, 0, 5, 1000, 3;
1, 256, 0, 0, 0, 0, 4, 999, 2;
1, 256, 0, 0, 0, 0, 4, 999, 2;
1, 256, 0, 1, 1, 1, 5, 1000, 3;
1, 256, 0, 0, 0, 0, 5, 1000, 3;
1, 256, 0, 0, 0, 0, 5, 1000, 3;
1, 256, 0, 0, 0, 0, 4, 999, 2;
1, 256, 0, -1, -1, -1, 4, 999, 2;
1, 256, 0, 0, 0, 0, 4, 999, 2;
1, 256, 0, 1, 1, 1, 5, 1000, 3;
1, 256, 0, 0, 0, 0, 5, 999, 2;
1, 256, 0, 1, 1, 1, 5, 1000, 3;
1, 256, 0, 1, 1, 1, 5, 1000, 3;
1, 256, 0, 0, 0, 0, 4, 999, 2;
1, 256, 0, 0, 0, 0, 5, 1000, 3;
1, 256, 0, 0, 0, 0, 5, 1000, 3;
1, 256, 0, 0, 0, 0, 5, 1000, 3;
1, 256, 0, 0, 0, 0, 4, 999, 2;
1, 256, 0, -1, -1, -1, 4, 999, 2;
1, 256, 0, 0, 0, 0, 4, 999, 2;
1, 256, 0, 0, 0, 0, 5, 1000, 3;
1, 256, 1, 1, 1, 1, 6, 1001, 4;
1, 256, 0, 0, 0, 0, 4, 999, 2;
1, 256, 0, 0, 0, 0, 5, 1000, 3;
1, 256, 0, 1, 1, 1, 5, 1000, 3;
1, 256, 0, 0, 0, 0, 5, 1000, 3;
1, 256, 0, 0, 0, 0, 5, 999, 3;
1, 256, 0, -1, -1, -1, 4, 999, 2;
1, 256, 0, -1, -1, -1, 4, 999, 2;
1, 256, 0, 0, 0, 0, 5, 1000, 3;
1, 256, 0, 0, 0, 0, 4, 999, 2;
1, 256, 0, -1, -1, -1, 3, 998, 1;
1, 256, 0, 0, 0, 0, 4, 999, 2;
1, 256, 0, -1, -1, -1, 4, 999, 2;
1, 256, 0, 0, 0, 0, 5, 999, 2;
1, 256, 0, 0, 0, 0, 4, 999, 2;
1, 256, 0, 0, 0, 0, 4, 999, 2;
1, 256, 0, -1, -1, -1, 4, 999, 2;
1, 256, 0, 1, 1, 1, 5, 1000, 3;
1, 256, 1, 1, 1, 1, 6, 1000, 4;
1, 256, 0, 0, 0, 0, 5, 1000, 3;
1, 256, 0, 0, 0, 0, 5, 1000, 3;
1, 256, 0, 0, 0, 0, 5, 1000, 3;
1, 256, 1, 1, 1, 1, 6, 1001, 4;
1, 256, 0, 0, 0, 0, 4, 999, 2;
1, 256, 0, -1, -1, -1, 4, 999, 2;
1, 256, 0, 1, 1, 1, 5, 1000, 3;
1, 256, 0, -1, -1, -1, 4, 999, 2;
1, 256, 0, 0, 0, 0, 4, 999, 2;
1, 256, 0, 0, 0, 0, 4, 999, 2;
1, 256, 0, 1, 1, 1, 5, 1000, 3;
1, 256, 0, 0, 0, 0, 4, 999, 2;
1, 256, 0, 0, 0, 0, 5, 1000, 3;
1, 256, 0, -1, -1, -1, 4, 999, 2;
1, 256, 0, -1, -1, -1, 4, 998, 1;
1, 256, 0, 0, 0, 0, 4, 999, 2;
1, 256, 0, -1, -1, -1, 4, 999, 2;
1, 256, 0, 1, 1, 1, 5, 1000, 3;
1, 256, 0, 0, 0, 0, 5, 1000, 3;
1, 256, 0, -1, -1, -1, 4, 999, 2;
1, 256, 0, 1, 1, 1, 5, 1000, 3;
1, 256, 1, 1, 1, 1, 6, 1001, 4;
1, 256, 0, 0, 0, 0, 4, 999, 2;
1, 256, 0, 0, 0, 0, 4, 999, 2;
1, 256, 0, 0, 0, 0, 4, 999, 2;
1, 256, 0, 0, 0, 0, 4, 999, 2;
1, 256, 0, 1, 1, 1, 5, 1000, 3;
1, 256, 0, 0, 0, 0, 4, 999, 2;
1, 256, 0, 0, 0, 0, 5, 1000, 3;
1, 256, 0, -1, -1, -1, 4, 999, 2;
1, 256, 0, -1, -1, -1, 4, 999, 2;
1, 256, 0, 0, 0, 0, 5, 1000, 3;
1, 256, 0, 1, 1, 1, 5, 1000, 3;
1, 256, 0, 0, 0, 0, 5, 1000, 3;
1, 256, 1, 1, 1, 1, 6, 1001, 4;
1, 256, 0, 0, 0, 0, 5, 1000, 3;
1, 256, 0, 0, 0, 0, 5, 1000, 3;
1, 256, 0, -1, -1, -1, 4, 999, 2;
1, 256, 0, 0, 0, 0, 5, 1000, 3;
1, 256, 0, 0, 0, 0, 5, 1000, 3;
1, 256, 1, 1, 1, 1, 6, 1001, 4;
1, 256, 0, -1, -1, -1, 4, 999, 2;
1, 256, 0, -1, -1, -1, 4, 999, 2;
1, 256, 0, 0, 0, 0, 5, 1000, 3;
1, 256, 0, 1, 1, 1, 5, 1000, 3;
1, 256, 0, -1, -1, -1, 4, 999, 2;
1, 256, 1, 1, 1, 1, 6, 1000, 4;
1, 256, 0, -1, -1, -1, 4, 999, 2;
1, 256, 0, -1, -1, -1, 4, 999, 2;
1, 256, 0, -1, -1, -1, 4, 998, 1;
1, 256, 0, 0, 0, 0, 5, 1000, 3;
1, 256, 0, -1, -1, -1, 4, 999, 2;
1, 256, 1, 1, 1, 1, 6, 1001, 4;
1, 256, 0, 1, 1, 1, 5, 1000, 3;
1, 256, 0, 1, 1, 1, 5, 1000, 3;
1, 256, 0, 0, 0, 0, 5, 1000, 3;
1, 256, 0, -1, -1, -1, 3, 998, 1;
1, 256, 0, 0, 0, 0, 4, 999, 2;
1, 256, 1, 1, 1, 1, 5, 1000, 3;
1, 256, 0, -1, -1, -1, 4, 999, 2;
1, 256, 0, 1, 1, 1, 5, 1000, 3;
1, 256, 0, 0, 0, 0, 4, 999, 2;
1, 256, 0, -1, -1, -1, 4, 999, 2;
1, 256, 0, 0, 0, 0, 5, 1000, 3;
1, 256, 0, 0, 0, 0, 5, 1000, 3;
1, 256, 1, 1, 1, 1, 6, 1001, 4;
1, 256, 0, 0, 0, 0, 4, 999, 2;
1, 256, 0, 0, 0, 0, 5, 1000, 3;
1, 256, 1, 1, 1, 1, 6, 1001, 4;
1, 256, 0, 0, 0, 0, 5, 1000, 3;
1, 256, 0, 0, 0, 0, 4, 999, 2;
1, 256, 0, 0, 0, 0, 4, 999, 2;
1, 256, 0, 0, 0, 0, 4, 999, 2;
1, 256, 0, -1, -1, -1, 3, 998, 1;
1, 256, 0, 0, 0, 0, 5, 1000, 3;
1, 256, 0, 1, 1, 1, 5, 1000, 3;
1, 256, 0, 0, 0, 0, 5, 1000, 3;
1, 256, 0, -1, -1, -1, 4, 998, 1;
0, 256, 0, -1, -1, -1, 3, 998, 1;
1, 256, 0, -1, -1, -1, 4, 999, 2;
1, 256, 0, 0, 0, 0, 5, 1000, 3;
1, 256, 0, -1, -1, -1, 4, 999, 2;
1, 256, 0, 0, 0, 0, 5, 1000, 3;
1, 256, 0, -1, -1, -1, 4, 998, 1;
1, 256, 0, 0, 0, 0, 4, 999, 2;
1, 256, 0, -1, -1, -1, 4, 998, 2;
1, 256, 0, 0, 0, 0, 4, 999, 2;
1, 256, 0, -1, -1, -1, 4, 999, 2;
1, 256, 1, 1, 1, 1, 6, 1001, 4;
1, 256, 0, 0, 0, 0, 5, 1000, 3;
1, 256, 1, 1, 1, 1, 5, 1000, 3;
1, 256, 1, 1, 1, 1, 6, 1001, 4;
1, 256, 0, 0, 0, 0, 4, 999, 2;
1, 256, 0, 0, 0, 0, 5, 1000, 3;
1, 256, 1, 1, 1, 1, 5, 1000, 3;
1, 256, 1, 1, 1, 1, 6, 1001, 4;
1, 256, 0, 0, 0, 0, 4, 999, 2;
1, 256, 0, -1, -1, -1, 4, 998, 2;
1, 256, 0, 0, 0, 0, 5, 1000, 3;
1, 256, 0, 0, 0, 0, 4, 999, 2;
1, 256, 1, 1, 1, 1, 6, 1001, 4;
1, 256, 0, 0, 0, 0, 4, 999, 2;
1, 256, 0, 0, 0, 0, 5, 1000, 3;
1, 256, 0, 0, 0, 0, 4, 999, 2;
1, 256, 0, 0, 0, 0, 5, 1000, 3;
1, 256, 0, -1, -1, -1, 4, 999, 2;
1, 256, 1, 1, 1, 1, 6, 1001, 4;
1, 256, 0, 0, 0, 0, 4, 999, 2;
1, 256, 1, 1, 1, 1, 5, 1000, 3;
1, 256, 0, 0, 0, 0, 4, 999, 2;
1, 256, 1, 1, 1, 1, 6, 1001, 4;
1, 256, 1, 1, 1, 1, 6, 1001, 4;
1, 256, 0, 0, 0, 0, 4, 999, 2;
1, 256, 0, 0, 0, 0, 5, 999, 2;
1, 256, 1, 1, 1, 1, 6, 1000, 3;
1, 256, 1, 1, 1, 1, 5, 1000, 3;
1, 256, 1, 1, 1, 1, 6, 1000, 3;
1, 256, 0, 0, 0, 0, 5, 999, 2;
1, 256, 0, 0, 0, 0, 4, 999, 2;
1, 256, 1, 1, 1, 1, 6, 1001, 4;
1, 256, 0, 0, 0, 0, 4, 999, 2;
1, 256, 0, 1, 1, 1, 5, 1000, 3;
1, 256, 0, -1, -1, -1, 4, 999, 2;
1, 256, 0, 1, 1, 1, 5, 1000, 3;
1, 256, 0, 0, 0, 0, 5, 1000, 3;
1, 256, 0, -1, -1, -1, 4, 998, 2;
1, 256, 1, 1, 1, 1, 6, 1001, 4;
1, 256, 0, 0, 0, 0, 5, 1000, 3;
1, 256, 0, -1, -1, -1, 4, 998, 2;
1, 256, 0, 0, 0, 0, 5, 1000, 3;
1, 256, 1, 1, 1, 1, 6, 1000, 4;
1, 256, 0, 0, 0, 0, 4, 999, 2;
1, 256, 1, 1, 1, 1, 6, 1001, 4;
1, 256, 0, -1, -1, -1, 4, 999, 2;
1, 256, 0, 0, 0, 0, 4, 999, 2;
1, 256, 0, -1, -1, -1, 4, 999, 2;
1, 256, 0, 0, 0, 0, 5, 999, 2;
1, 256, 0, 1, 1, 1, 5, 1000, 3;
1, 256, 0, 1, 1, 1, 5, 1000, 3;
1, 256, 0, 0, 0, 0, 5, 1000, 3;
1, 256, 0, 0, 0, 0, 5, 1000, 3;
1, 256, 1, 1, 1, 1, 6, 1001, 4;
1, 256, 0, -1, -1, -1, 3, 998, 1;
1, 256, 0, -1, -1, -1, 4, 999, 2;
1, 256, 1, 1, 1, 1, 6, 1001, 4;
1, 256, 0, -1, -1, -1, 4, 999, 2;
1, 256, 0, 0, 0, 0, 5, 1000, 3;
1, 256, 0, -1, -1, -1, 4, 998, 1;
1, 256, 0, -1, -1, -1, 4, 999, 2;
1, 256, 0, 0, 0, 0, 5, 1000, 3;
1, 256, 0, 1, 1, 1, 5, 1000, 3;
1, 256, 0, -1, -1, -1, 4, 999, 2;
1, 256, 0, 1, 1, 1, 5, 1000, 3;
1, 256, 0, -1, -1, -1, 4, 999, 2;
1, 256, 0, 0, 0, 0, 5, 999, 3;
1, 256, 0, 1, 1, 1, 5, 1000, 3;
1, 256, 0, 0, 0, 0, 4, 999, 2;
1, 256, 0, -1, -1, -1, 4, 999, 2;
1, 256, 0, 0, 0, 0, 4, 999, 2;
1, 256, 0, 0, 0, 0, 5, 1000, 3;
1, 256, 0, 0, 0, 0, 5, 999, 2;
1, 256, 0, -1, -1, -1, 4, 999, 2;
1, 256, 1, 1, 1, 1, 6, 1001, 4;
1, 256, 0, -1, -1, -1, 4, 999, 2;
1, 256, 0, 0, 0, 0, 5, 999, 2;
1, 256, 0, -1, -1, -1, 4, 998, 1;
1, 256, 1, 1, 1, 1, 6, 1001, 4;
1, 256, 1, 1, 1, 1, 6, 1001, 4;
1, 256, 0, -1, -1, -1, 4, 999, 2;
1, 256, 0, 0, 0, 0, 4, 999, 2;
1, 256, 0, 0, 0, 0, 4, 999, 2;
1, 256, 0, 0, 0, 0, 5, 1000, 3;
1, 256, 0, 0, 0, 0, 4, 999, 2;
1, 256, 0, 0, 0, 0, 4, 999, 2;
1, 256, 0, 0, 0, 0, 5, 999, 2;
1, 256, 0, 0, 0, 0, 4, 999, 2;
1, 256, 0, 0, 0, 0, 5, 1000, 3;
1, 256, 1, 1, 1, 1, 6, 1001, 4;
1, 256, 0, -1, -1, -1, 4, 998, 1;
1, 256, 1, 1, 1, 1, 5, 1000, 3;
1, 256, 1, 1, 1, 1, 6, 1001, 4;
1, 256, 0, -1, -1, -1, 4, 999, 2;
1, 256, 0, 0, 0, 0, 4, 999, 2;
1, 256, 0, 0, 0, 0, 4, 999, 2;
1, 256, 0, 1, 1, 1, 5, 1000, 3;
1, 256, 0, 0, 0, 0, 4, 999, 2;
1, 256, 0, 1, 1, 1, 5, 1000, 3;
1, 256, 0, 0, 0, 0, 5, 1000, 3;
1, 256, 0, 0, 0, 0, 4, 999, 2;
1, 256, 0, 0, 0, 0, 5, 1000, 3;
1, 256, 0, 0, 0, 0, 5, 1000, 3;
1, 256, 1, 1, 1, 1, 5, 1000, 3;
1, 256, 0, 0, 0, 0, 4, 999, 2;
1, 256, 0, -1, -1, -1, 4, 998, 1;
1, 256, 0, 1, 1, 1, 5, 1000, 3;
1, 256, 0, 0, 0, 0, 5, 1000, 3;
1, 256, 0, 0, 0, 0, 5, 1000, 3;
1, 256, 0, -1, -1, -1, 4, 999, 2;
1, 256, 0, 1, 1, 1, 5, 1000, 3;
1, 256, 0, -1, -1, -1, 4, 998, 2;
1, 256, 0, 1, 1, 1, 5, 1000, 3;
1, 256, 0, 0, 0, 0, 4, 999, 2;
1, 256, 0, -1, -1, -1, 3, 998, 1;
1, 256, 0, 0, 0, 0, 5, 1000, 3;
1, 256, 0, 0, 0, 0, 5, 1000, 3;
1, 256, 0, 0, 0, 0, 5, 1000, 3;
1, 256, 0, -1, -1, -1, 4, 999, 2;
1, 256, 0, 0, 0, 0, 5, 1000, 3;
1, 256, 0, 0, 0, 0, 5, 1000, 3;
1, 256, 1, 1, 1, 1, 6, 1001, 4;
1, 256, 0, 0, 0, 0, 4, 999, 2;
1, 256, 1, 1, 1, 1, 6, 1001, 4;
1, 256, 0, -1, -1, -1, 4, 999, 2;
1, 256, 0, 0, 0, 0, 5, 1000, 3;
1, 256, 0, 0, 0, 0, 5, 1000, 3;
1, 256, 0, 0, 0, 0, 5, 1000, 3;
1, 256, 0, 0, 0, 0, 5, 1000, 3;
0, 256, 0, -1, -1, -1, 3, 998, 1;
1, 256, 0, 0, 0, 0, 5, 1000, 3;
1, 256, 0, 1, 1, 1, 5, 1000, 3;
1, 256, 0, 0, 0, 0, 4, 999, 2;
1, 256, 0, 1, 1, 1, 5, 1000, 3;
1, 256, 0, 0, 0, 0, 4, 999, 2;
1, 256, 0, 1, 1, 1, 5, 1000, 3;
1, 256, 0, 1, 1, 1, 5, 1000, 3;
1, 256, 0, 0, 0, 0, 4, 999, 2;
1, 256, 1, 1, 1, 1, 6, 1000, 4;
1, 256, 0, 0, 0, 0, 4, 999, 2;
1, 256, 0, -1, -1, -1, 3, 998, 1;
1, 256, 0, 0, 0, 0, 4, 999, 2;
1, 256, 0, -1, -1, -1, 4, 999, 2;
1, 256, 0, -1, -1, -1, 4, 998, 2;
1, 256, 1, 1, 1, 1, 6, 1001, 4;
1, 256, 0, 0, 0, 0, 5, 1000, 3;
1, 256, 0, -1, -1, -1, 4, 999, 2;
1, 256, 0, 0, 0, 0, 5, 1000, 3;
1, 256, 0, 0, 0, 0, 4, 999, 2;
1, 256, 0, 0, 0, 0, 4, 999, 2;
1, 256, 0, 0, 0, 0, 5, 1000, 3;
1, 256, 0, -1, -1, -1, 3, 998, 1;
1, 256, 1, 1, 1, 1, 6, 1000, 3;
1, 256, 0, -1, -1, -1, 3, 998, 1;
1, 256, 0, 0, 0, 0, 4, 999, 2;
1, 256, 0, 1, 1, 1, 5, 1000, 3;
1, 256, 1, 1, 1, 1, 6, 1001, 4;
1, 256, 1, 1, 1, 1, 6, 1000, 4;
1, 256, 0, 0, 0, 0, 4, 999, 2;
1, 256, 1, 1, 1, 1, 6, 1001, 4;
1, 256, 1, 1, 1, 1, 6, 1000, 3;
1, 256, 0, 0, 0, 0, 4, 999, 2;
1, 256, 0, -1, -1, -1, 4, 999, 2;
1, 256, 0, 0, 0, 0, 4, 999, 2;
1, 256, 1, 1, 1, 1, 6, 1001, 4;
1, 256, 1, 1, 1, 1, 6, 1001, 4;
1, 256, 0, 0, 0, 0, 5, 999, 3;
1, 256, 0, 1, 1, 1, 5, 1000, 3;
1, 256, 0, 0, 0, 0, 5, 1000, 3;
1, 256, 0, -1, -1, -1, 4, 998, 2;
1, 256, 0, -1, -1, -1, 4, 999, 2;
1, 256, 0, -1, -1, -1, 4, 999, 2;
1, 256, 0, 0, 0, 0, 4, 999, 2;
1, 256, 0, -1, -1, -1, 4, 999, 2;
1, 256, 0, -1, -1, -1, 4, 999, 2;
1, 256, 0, 0, 0, 0, 4, 999, 2;
1, 256, 0, 1, 1, 1, 5, 1000, 3;
1, 256, 0, 0, 0, 0, 5, 1000, 3;
1, 256, 0, 0, 0, 0, 4, 999, 2;
1, 256, 0, 0, 0, 0, 5, 1000, 3;
1, 256, 0, 0, 0, 0, 5, 1000, 3;
1, 256, 0, 0, 0, 0, 5, 999, 3;
1, 256, 0, 0, 0, 0, 4, 999, 2;
1, 256, 0, 0, 0, 0, 4, 999, 2;
1, 256, 0, 1, 1, 1, 5, 1000, 3;
1, 256, 0, 0, 0, 0, 5, 1000, 3;
1, 256, 0, -1, -1, -1, 4, 998, 1;
1, 256, 0, 0, 0, 0, 4, 999, 2;
0, 256, 0, -1, -1, -1, 3, 998, 1;
1, 256, 0, -1, -1, -1, 3, 998, 1;
1, 256, 0, -1, -1, -1, 4, 999, 2;
1, 256, 0, 0, 0, 0, 4, 999, 2;
1, 256, 0, 0, 0, 0, 5, 1000, 3;
1, 256, 1, 1, 1, 1, 6, 1001, 4;
1, 256, 0, -1, -1, -1, 4, 998, 1;
1, 256, 0, 0, 0, 0, 5, 1000, 3;
1, 256, 0, 1, 1, 1, 5, 1000, 3;
1, 256, 0, 0, 0, 0, 4, 999, 2;
1, 256, 0, 0, 0, 0, 5, 1000, 3;
1, 256, 0, 0, 0, 0, 4, 999, 2;
1, 256, 0, 0, 0, 0, 5, 1000, 3;
1, 256, 0, 0, 0, 0, 5, 1000, 3;
1, 256, 1, 1, 1, 1, 6, 1000, 3;
1, 256, 0, 1, 1, 1, 5, 1000, 3;
1, 256, 0, 0, 0, 0, 5, 1000, 3;
1, 256, 0, -1, -1, -1, 4, 998, 2;
1, 256, 0, -1, -1, -1, 4, 999, 2;
1, 256, 0, 0, 0, 0, 5, 1000, 3;
1, 256, 0, -1, -1, -1, 4, 999, 2;
1, 256, 1, 1, 1, 1, 6, 1000, 3;
1, 256, 0, 0, 0, 0, 5, 1000, 3;
1, 256, 0, 0, 0, 0, 4, 999, 2;
1, 256, 0, 0, 0, 0, 5, 1000, 3;
1, 256, 0, 0, 0, 0, 4, 999, 2;
1, 256, 0, 0, 0, 0, 4, 999, 2;
1, 256, 0, 0, 0, 0, 4, 999, 2;
1, 256, 0, 0, 0, 0, 4, 999, 2;
1, 256, 0, 0, 0, 0, 4, 999, 2;
1, 256, 0, 0, 0, 0, 5, 1000, 3;
1, 256, 0, 0, 0, 0, 4, 999, 2;
1, 256, 0, -1, -1, -1, 4, 998, 1;
1, 256, 0, 0, 0, 0, 5, 1000, 3;
1, 256, 0, -1, -1, -1, 4, 998, 1;
1, 256, 0, 0, 0, 0, 4, 999, 2;
1, 256, 0, 1, 1, 1, 5, 1000, 3;
1, 256, 1, 1, 1, 1, 5, 1000, 3;
1, 256, 0, 0, 0, 0, 5, 1000, 3;
1, 256, 1, 1, 1, 1, 6, 1000, 4;
1, 256, 0, -1, -1, -1, 4, 999, 2;
1, 256, 1, 1, 1, 1, 6, 1000, 3;
1, 256, 1, 1, 1, 1, 6, 1001, 4;
1, 256, 1, 1, 1, 1, 6, 1001, 4;
1, 256, 0, 0, 0, 0, 4, 999, 2;
1, 256, 0, 1, 1, 1, 5, 1000, 3;
1, 256, 0, -1, -1, -1, 4, 999, 2;
1, 256, 0, 1, 1, 1, 5, 1000, 3;