0, 296, 14, 2, 412, 2, 3, 1156, 54;
0, 293, 10, 19, 401, -7, -2, 1143, 41;
3, 295, 13, 55, 409, 1, 14, 1153, 52;
3, 294, 11, 77, 402, -3, 15, 1146, 46;
3, 291, 9, 95, 390, -11, 12, 1135, 36;
8, 294, 12, 132, 396, -1, 31, 1146, 49;
10, 293, 12, 159, 393, 0, 39, 1146, 50;
14, 296, 15, 193, 395, 8, 56, 1154, 61;
13, 292, 13, 211, 380, 0, 52, 1142, 50;
15, 292, 13, 238, 376, 2, 61, 1142, 54;
18, 293, 14, 266, 371, 5, 72, 1143, 58;
18, 290, 13, 284, 356, 0, 70, 1132, 50;
18, 288, 12, 304, 342, -3, 72, 1124, 46;
24, 291, 16, 339, 344, 9, 93, 1136, 62;
21, 286, 11, 347, 319, -4, 82, 1115, 45;
24, 287, 14, 376, 315, 3, 97, 1120, 55;
23, 283, 11, 387, 293, -5, 90, 1104, 43;
24, 281, 11, 405, 279, -6, 94, 1098, 43;
28, 283, 14, 434, 275, 4, 112, 1106, 56;
25, 278, 10, 438, 247, -8, 100, 1084, 39;
32, 281, 15, 472, 248, 7, 125, 1099, 60;
28, 275, 10, 471, 217, -7, 109, 1074, 41;
31, 276, 13, 494, 209, 0, 123, 1078, 52;
32, 274, 12, 506, 190, 0, 125, 1070, 50;
36, 276, 16, 531, 186, 11, 143, 1079, 65;
34, 272, 13, 532, 158, 1, 134, 1060, 53;
38, 273, 16, 551, 150, 12, 149, 1066, 65;
36, 269, 14, 552, 124, 3, 141, 1049, 55;
31, 262, 9, 543, 89, -12, 122, 1022, 35;
32, 261, 9, 551, 72, -10, 127, 1018, 38;
32, 259, 9, 556, 53, -10, 127, 1010, 37;
38, 263, 15, 577, 52, 7, 150, 1025, 59;
38, 261, 15, 579, 32, 7, 151, 1018, 59;
40, 260, 16, 585, 18, 12, 157, 1017, 65;
37, 255, 13, 575, -10, 2, 145, 997, 53;
34, 251, 10, 564, -39, -7, 133, 979, 42;
37, 252, 14, 573, -47, 3, 146, 985, 55;
37, 250, 14, 568, -67, 3, 144, 977, 55;
33, 245, 10, 552, -96, -7, 130, 957, 42;
33, 244, 11, 548, -113, -5, 130, 952, 44;
34, 244, 13, 545, -126, 0, 135, 952, 50;
33, 241, 12, 534, -146, -1, 131, 943, 48;
33, 241, 13, 527, -162, 0, 131, 939, 51;
32, 238, 12, 512, -182, -2, 124, 929, 47;
35, 240, 16, 513, -186, 10, 138, 939, 64;
31, 236, 13, 491, -211, 2, 124, 923, 53;
33, 237, 16, 485, -219, 10, 131, 927, 64;
28, 232, 12, 456, -248, -2, 111, 905, 48;
29, 232, 14, 445, -257, 3, 114, 907, 55;
25, 228, 11, 418, -281, -5, 98, 890, 44;
25, 228, 12, 404, -290, -1, 99, 890, 49;
22, 224, 10, 378, -311, -8, 85, 876, 40;
23, 225, 12, 364, -316, 0, 89, 881, 49;
24, 227, 15, 351, -321, 6, 93, 885, 59;
18, 221, 10, 315, -346, -7, 71, 864, 41;
21, 225, 15, 307, -341, 7, 84, 879, 60;
19, 223, 14, 281, -354, 4, 74, 872, 56;
14, 219, 11, 248, -372, -4, 57, 857, 45;
14, 220, 13, 229, -374, 1, 58, 861, 52;
14, 221, 14, 207, -378, 5, 56, 863, 57;
12, 220, 14, 182, -385, 4, 49, 860, 56;
8, 217, 11, 147, -399, -3, 32, 847, 46;
10, 221, 16, 134, -390, 9, 42, 862, 62;
2, 214, 9, 87, -414, -10, 10, 835, 37;
4, 217, 12, 71, -406, 0, 17, 847, 50;
5, 219, 15, 51, -401, 6, 19, 856, 59;
-2, 213, 9, 7, -420, -10, -9, 833, 37;
0, 217, 13, -7, -407, 1, 0, 849, 53;
-3, 216, 12, -38, -411, -2, -11, 844, 48;
0, 221, 16, -50, -395, 12, 0, 863, 65;
-6, 217, 12, -91, -406, -1, -23, 847, 49;
-10, 214, 9, -127, -412, -11, -42, 836, 37;
-8, 218, 13, -141, -395, 1, -33, 853, 52;
-14, 215, 9, -180, -403, -11, -56, 838, 36;
-16, 215, 9, -206, -397, -11, -62, 841, 36;
-16, 217, 10, -228, -387, -9, -65, 847, 39;
-15, 221, 13, -243, -369, 0, -59, 862, 52;
-17, 221, 12, -269, -362, 0, -67, 863, 50;
-17, 223, 14, -289, -349, 2, -68, 872, 54;
-20, 222, 12, -317, -344, -2, -81, 869, 48;
-24, 221, 10, -346, -340, -8, -94, 865, 39;
-21, 226, 14, -355, -316, 3, -85, 884, 55;
-25, 225, 11, -383, -311, -3, -99, 880, 46;
-26, 226, 11, -403, -298, -4, -104, 885, 45;
-30, 225, 9, -430, -292, -11, -118, 880, 36;
-27, 230, 13, -436, -266, 0, -108, 900, 50;
-25, 235, 16, -443, -241, 9, -100, 918, 63;
-32, 231, 10, -477, -243, -7, -126, 902, 41;
-27, 238, 16, -474, -210, 9, -108, 929, 62;
-33, 235, 11, -502, -207, -4, -129, 919, 45;
-34, 236, 11, -516, -191, -5, -133, 923, 44;
-29, 243, 16, -512, -157, 10, -116, 950, 64;
-33, 242, 13, -531, -148, 2, -129, 946, 54;
-34, 243, 13, -542, -132, 0, -134, 950, 51;
-31, 249, 16, -539, -103, 11, -123, 971, 64;
-39, 243, 9, -568, -106, -10, -152, 950, 37;
-35, 249, 13, -563, -76, 0, -139, 972, 51;
-34, 252, 14, -562, -52, 5, -134, 984, 57;
-38, 251, 11, -576, -43, -5, -148, 979, 44;
-32, 258, 16, -561, -7, 11, -127, 1007, 65;
-38, 254, 11, -579, -5, -5, -149, 992, 43;
-36, 257, 12, -574, 18, -1, -144, 1005, 49;
-37, 259, 12, -574, 35, -3, -146, 1010, 46;
-35, 263, 14, -564, 61, 3, -136, 1026, 55;
-34, 265, 14, -559, 81, 4, -134, 1034, 56;
-37, 263, 10, -564, 89, -6, -146, 1027, 42;
-36, 266, 12, -553, 111, -2, -140, 1038, 47;
-38, 265, 9, -553, 121, -10, -148, 1036, 37;
-30, 274, 16, -521, 162, 11, -117, 1071, 65;
-32, 273, 14, -519, 171, 3, -125, 1067, 55;
-31, 275, 14, -507, 189, 3, -122, 1073, 55;
-33, 274, 11, -503, 197, -5, -130, 1069, 44;
-33, 274, 10, -492, 211, -8, -130, 1071, 40;
-32, 276, 10, -477, 227, -8, -126, 1077, 40;
-27, 281, 14, -449, 254, 3, -108, 1098, 55;
-29, 279, 11, -442, 259, -6, -116, 1091, 43;
-27, 282, 11, -421, 276, -3, -108, 1100, 46;
-26, 283, 12, -402, 291, -3, -103, 1105, 47;
-20, 289, 16, -367, 319, 12, -79, 1129, 66;
-22, 286, 13, -358, 319, 0, -89, 1119, 50;
-21, 287, 12, -338, 330, -1, -85, 1122, 49;
-21, 288, 12, -318, 339, -3, -82, 1123, 47;
-16, 291, 14, -286, 358, 5, -65, 1138, 57;
-18, 289, 11, -273, 356, -5, -73, 1128, 44;
-13, 293, 14, -238, 376, 5, -53, 1145, 58;
-12, 294, 14, -215, 383, 4, -49, 1146, 56;
-9, 296, 16, -184, 395, 9, -36, 1156, 63;
-11, 292, 12, -171, 388, -2, -45, 1142, 47;
-10, 293, 11, -146, 393, -3, -39, 1143, 46;
-5, 297, 15, -109, 408, 7, -20, 1158, 59;
-8, 292, 10, -97, 397, -7, -31, 1141, 41;
-3, 295, 13, -62, 407, 0, -15, 1152, 51;
-1, 296, 13, -33, 411, 2, -5, 1155, 54;
0, 295, 13, -8, 410, 0, -1, 1153, 51;
0, 293, 11, 11, 403, -6, -3, 1145, 43;
4, 296, 14, 49, 413, 4, 16, 1158, 56;
3, 294, 11, 68, 403, -3, 13, 1147, 46;
8, 297, 15, 106, 411, 7, 33, 1159, 60;
4, 291, 9, 114, 389, -10, 18, 1136, 38;
9, 294, 12, 150, 394, 0, 36, 1146, 50;
15, 297, 16, 189, 401, 12, 59, 1160, 66;
14, 294, 14, 206, 386, 3, 54, 1147, 55;
17, 295, 16, 237, 386, 10, 69, 1152, 63;
14, 289, 11, 246, 361, -6, 55, 1129, 43;
16, 289, 12, 273, 356, -2, 65, 1130, 47;
19, 290, 13, 301, 351, 2, 77, 1133, 53;
18, 286, 10, 314, 331, -7, 70, 1117, 41;
19, 285, 10, 337, 321, -6, 77, 1114, 42;
20, 283, 10, 356, 306, -8, 79, 1106, 39;
23, 284, 12, 382, 299, -3, 91, 1109, 46;
29, 287, 16, 417, 301, 11, 115, 1122, 65;
26, 282, 12, 422, 273, -1, 103, 1100, 48;
29, 282, 14, 446, 265, 4, 115, 1103, 56;
32, 283, 16, 468, 255, 9, 126, 1103, 63;
29, 277, 11, 470, 226, -3, 113, 1081, 46;
28, 273, 9, 479, 204, -9, 109, 1067, 38;
35, 278, 16, 513, 208, 10, 138, 1087, 64;
32, 273, 12, 514, 180, 0, 127, 1066, 50;
36, 275, 16, 536, 172, 9, 143, 1072, 63;
31, 267, 9, 527, 135, -9, 121, 1041, 38;
38, 272, 16, 557, 138, 12, 151, 1062, 66;
37, 269, 15, 560, 115, 7, 146, 1049, 60;
36, 266, 14, 563, 93, 3, 143, 1037, 55;
35, 262, 12, 563, 68, -2, 137, 1023, 48;
35, 260, 12, 566, 48, -3, 137, 1015, 46;
37, 260, 14, 575, 35, 3, 147, 1016, 55;
39, 260, 15, 582, 21, 8, 153, 1015, 61;
33, 252, 10, 564, -16, -9, 130, 985, 39;
37, 255, 14, 577, -21, 4, 148, 996, 56;
38, 254, 15, 578, -37, 7, 151, 993, 60;
35, 249, 12, 565, -65, 0, 139, 974, 49;
37, 250, 15, 568, -76, 6, 147, 976, 58;
37, 248, 15, 563, -94, 7, 147, 971, 60;
36, 246, 14, 553, -115, 5, 142, 961, 57;
36, 244, 14, 544, -133, 5, 140, 954, 57;
33, 240, 12, 528, -158, -1, 130, 939, 49;
33, 239, 13, 519, -174, 0, 128, 934, 50;
29, 234, 9, 497, -201, -10, 113, 915, 38;
27, 232, 9, 481, -220, -12, 107, 906, 35;
30, 234, 12, 478, -226, -1, 117, 914, 49;
26, 230, 10, 454, -250, -9, 103, 898, 39;
26, 229, 10, 440, -263, -7, 102, 895, 41;
30, 233, 16, 441, -260, 10, 120, 912, 64;
26, 229, 13, 411, -285, 0, 102, 893, 50;
24, 227, 13, 392, -298, 0, 97, 888, 50;
19, 222, 9, 360, -323, -11, 77, 869, 36;
26, 229, 16, 363, -311, 12, 102, 894, 65;
21, 224, 13, 330, -335, 0, 82, 875, 51;
18, 221, 11, 302, -350, -4, 70, 864, 44;
16, 221, 11, 280, -359, -3, 66, 862, 46;
17, 222, 13, 262, -363, 2, 67, 866, 53;
13, 218, 11, 230, -379, -5, 51, 853, 43;
13, 219, 12, 209, -382, -1, 50, 856, 49;
9, 217, 11, 179, -393, -6, 38, 847, 43;
6, 215, 9, 148, -404, -11, 25, 839, 36;
11, 221, 16, 143, -388, 9, 45, 863, 62;
5, 216, 12, 104, -405, -3, 22, 845, 47;
2, 215, 10, 73, -413, -7, 10, 839, 41;
3, 217, 13, 54, -407, 0, 13, 848, 51;
1, 216, 12, 25, -410, -1, 5, 845, 49;
2, 219, 15, 6, -403, 6, 8, 855, 59;
-2, 216, 12, -29, -411, -2, -9, 844, 48;
0, 220, 16, -42, -396, 11, 0, 861, 64;
-6, 216, 11, -85, -410, -4, -26, 842, 45;
-8, 216, 11, -112, -407, -5, -33, 843, 44;
-12, 214, 9, -145, -410, -11, -47, 836, 36;
-11, 217, 11, -164, -398, -4, -45, 847, 45;
-9, 222, 15, -177, -379, 8, -35, 866, 61;
-14, 219, 12, -213, -382, -1, -54, 855, 48;
-14, 221, 13, -234, -372, 1, -57, 862, 52;
-19, 218, 10, -269, -373, -8, -75, 853, 40;
-17, 222, 13, -282, -354, 1, -68, 869, 53;
-18, 224, 14, -302, -341, 4, -70, 876, 57;
-17, 227, 16, -320, -325, 9, -69, 887, 63;
-22, 225, 13, -350, -323, 0, -86, 880, 51;
-21, 229, 15, -364, -303, 8, -82, 894, 61;
-21, 231, 16, -381, -287, 11, -83, 902, 65;
-29, 225, 9, -423, -296, -11, -116, 879, 36;
-29, 228, 11, -436, -276, -5, -114, 891, 43;
-28, 231, 12, -448, -256, 0, -111, 903, 50;
-32, 230, 10, -473, -249, -9, -126, 898, 39;
-28, 236, 14, -473, -219, 5, -111, 923, 58;
-33, 234, 10, -501, -215, -7, -131, 913, 42;
-31, 238, 13, -505, -189, 1, -123, 930, 53;
-31, 241, 14, -513, -169, 5, -122, 941, 57;
-36, 238, 10, -538, -165, -8, -142, 931, 40;
-32, 244, 14, -534, -133, 5, -127, 954, 57;
-33, 246, 14, -543, -115, 4, -130, 961, 56;
-37, 244, 11, -561, -107, -5, -145, 954, 43;
-36, 247, 12, -564, -85, -2, -142, 966, 48;
-37, 249, 12, -569, -67, -3, -145, 971, 46;
-38, 249, 10, -578, -53, -8, -152, 973, 40;
-32, 257, 16, -561, -14, 11, -128, 1004, 64;
-36, 256, 13, -572, -5, 1, -141, 999, 52;
-37, 257, 12, -574, 11, -1, -144, 1003, 49;
-33, 262, 16, -562, 42, 9, -129, 1024, 63;
-34, 262, 14, -565, 55, 4, -136, 1024, 56;
-34, 264, 14, -561, 74, 4, -135, 1031, 56;
-36, 264, 12, -561, 88, -1, -140, 1031, 49;
-34, 267, 14, -549, 111, 3, -132, 1045, 55;
-37, 265, 10, -554, 118, -8, -146, 1036, 40;
-35, 269, 12, -539, 141, -2, -137, 1050, 47;
-36, 269, 10, -534, 154, -7, -140, 1050, 41;
-33, 273, 12, -515, 179, 0, -128, 1066, 50;
-31, 275, 13, -502, 197, 0, -124, 1073, 51;
-34, 274, 10, -498, 205, -8, -132, 1068, 39;
-26, 282, 16, -462, 242, 12, -102, 1101, 66;
-31, 277, 10, -467, 237, -8, -124, 1081, 40;
-29, 279, 11, -447, 255, -5, -116, 1090, 44;
-28, 281, 11, -428, 271, -4, -111, 1097, 45;
-24, 285, 14, -400, 295, 5, -94, 1114, 57;
-21, 288, 16, -376, 312, 9, -84, 1124, 62;
-22, 287, 14, -362, 318, 2, -87, 1121, 54;
-24, 285, 10, -352, 319, -8, -95, 1112, 40;
-20, 288, 12, -323, 338, 0, -80, 1125, 50;
-21, 287, 10, -308, 340, -8, -85, 1119, 40;
-17, 291, 13, -274, 360, 1, -66, 1135, 52;
-14, 293, 14, -247, 373, 5, -56, 1143, 57;
-14, 292, 13, -227, 376, 0, -55, 1141, 51;
-13, 292, 12, -205, 380, -3, -54, 1139, 47;
-11, 293, 12, -177, 389, 0, -44, 1144, 50;
-12, 291, 10, -158, 387, -7, -46, 1138, 41;
-5, 297, 15, -116, 408, 8, -20, 1159, 61;
-5, 295, 13, -96, 405, 1, -22, 1152, 53;
-4, 294, 12, -73, 405, -1, -19, 1150, 49;
0, 299, 16, -33, 419, 11, 2, 1166, 65;
-3, 292, 10, -26, 400, -8, -15, 1142, 40;
0, 295, 12, 7, 408, -1, 0, 1150, 48;
3, 296, 14, 39, 412, 3, 13, 1157, 55;
0, 292, 9, 53, 397, -9, 3, 1139, 38;
3, 293, 11, 83, 398, -6, 14, 1143, 43;
4, 291, 10, 107, 392, -8, 17, 1138, 39;
10, 295, 14, 146, 401, 4, 40, 1153, 56;
7, 290, 9, 158, 381, -10, 29, 1133, 38;
9, 290, 10, 186, 378, -7, 38, 1134, 41;
11, 290, 10, 211, 370, -7, 44, 1131, 41;
11, 288, 9, 232, 359, -11, 46, 1124, 36;
14, 288, 10, 261, 355, -6, 58, 1126, 42;
15, 286, 9, 282, 342, -9, 60, 1119, 38;
19, 288, 12, 313, 340, -1, 75, 1125, 48;
19, 286, 11, 331, 325, -5, 76, 1116, 43;
19, 283, 9, 347, 308, -11, 75, 1105, 36;
21, 282, 10, 369, 297, -9, 82, 1102, 39;
28, 287, 16, 409, 304, 10, 112, 1122, 63;
28, 284, 14, 423, 285, 5, 110, 1111, 57;
30, 284, 15, 444, 274, 8, 118, 1109, 61;
28, 279, 12, 451, 249, -1, 110, 1091, 48;
31, 280, 14, 473, 239, 4, 121, 1093, 56;
29, 276, 11, 480, 215, -4, 115, 1076, 45;
27, 271, 9, 486, 190, -12, 108, 1060, 35;
28, 270, 9, 499, 173, -12, 112, 1054, 35;
35, 274, 15, 529, 175, 6, 138, 1071, 59;
37, 274, 16, 544, 161, 10, 145, 1069, 64;
31, 265, 9, 532, 122, -10, 122, 1036, 38;
36, 268, 13, 553, 117, 2, 140, 1046, 54;
33, 263, 11, 551, 89, -6, 130, 1027, 43;
38, 266, 15, 571, 84, 7, 149, 1038, 60;
34, 260, 11, 562, 52, -5, 134, 1014, 44;
35, 259, 12, 569, 37, -1, 140, 1012, 49;
37, 258, 13, 574, 21, 1, 144, 1009, 53;
39, 259, 16, 583, 9, 9, 154, 1011, 62;
38, 256, 14, 579, -13, 5, 149, 1000, 58;
35, 251, 12, 568, -41, -3, 138, 981, 47;
34, 249, 11, 563, -62, -4, 135, 973, 45;
34, 247, 11, 557, -82, -5, 132, 964, 43;
36, 248, 13, 560, -93, 2, 141, 967, 53;
32, 242, 10, 542, -123, -8, 125, 946, 39;
33, 242, 11, 538, -136, -3, 130, 945, 46;
34, 242, 13, 536, -148, 2, 136, 947, 54;
34, 241, 13, 525, -166, 2, 133, 940, 53;
36, 242, 16, 523, -174, 11, 142, 945, 65;
31, 237, 13, 498, -202, 0, 124, 924, 51;
33, 237, 15, 491, -212, 6, 129, 926, 59;
28, 232, 11, 465, -239, -3, 112, 907, 46;
28, 231, 12, 450, -253, -2, 109, 902, 47;
24, 227, 9, 424, -278, -11, 93, 885, 36;
29, 232, 15, 426, -272, 7, 113, 905, 60;
25, 228, 13, 400, -293, 1, 100, 891, 52;
24, 227, 13, 381, -305, 2, 97, 888, 53;
23, 226, 13, 360, -318, 1, 91, 882, 52;
18, 221, 9, 326, -342, -10, 70, 863, 37;
21, 225, 14, 320, -336, 5, 85, 879, 58;
15, 219, 9, 280, -363, -11, 58, 854, 37;
15, 220, 11, 263, -367, -5, 60, 858, 44;
12, 218, 10, 235, -379, -8, 50, 851, 40;
10, 216, 9, 208, -389, -11, 40, 845, 37;
9, 216, 10, 186, -393, -8, 38, 846, 41;
12, 220, 15, 174, -385, 6, 49, 861, 58;
9, 219, 13, 145, -394, 2, 38, 854, 54;
9, 219, 14, 122, -395, 5, 36, 857, 58;
8, 220, 15, 98, -395, 8, 33, 860, 61;
6, 219, 15, 69, -400, 6, 24, 856, 59;
1, 216, 11, 32, -412, -3, 4, 842, 46;
1, 218, 13, 11, -406, 2, 5, 850, 54;
-3, 215, 11, -24, -415, -6, -12, 839, 43;
-4, 215, 11, -50, -414, -5, -17, 840, 44;
-3, 218, 13, -69, -404, 1, -15, 850, 53;
-5, 218, 14, -94, -399, 3, -19, 854, 55;
-7, 218, 13, -125, -399, 0, -31, 850, 50;
-9, 218, 13, -150, -394, 0, -37, 853, 51;
-8, 222, 16, -167, -380, 9, -32, 866, 62;
-15, 217, 10, -210, -391, -8, -60, 846, 40;
-12, 222, 15, -221, -369, 6, -48, 867, 58;
-13, 224, 15, -243, -358, 9, -51, 874, 62;
-20, 219, 10, -284, -366, -7, -78, 856, 41;
-22, 219, 9, -309, -359, -10, -87, 856, 38;
-16, 227, 16, -311, -327, 11, -65, 887, 65;
-24, 222, 10, -353, -337, -9, -97, 865, 39;
-25, 224, 11, -371, -321, -5, -98, 874, 43;
-24, 227, 13, -385, -302, 1, -94, 888, 52;
-28, 225, 10, -414, -299, -9, -112, 880, 39;
-24, 232, 15, -416, -268, 7, -96, 906, 60;
-28, 231, 13, -441, -261, 0, -109, 902, 51;
-29, 232, 13, -458, -245, 0, -113, 908, 51;
-28, 235, 14, -469, -225, 5, -111, 920, 57;
-33, 233, 10, -496, -221, -6, -130, 911, 42;
-28, 240, 16, -492, -186, 10, -111, 939, 64;
-35, 236, 10, -523, -188, -7, -138, 922, 41;
-36, 237, 9, -536, -172, -9, -143, 927, 38;
-35, 241, 12, -539, -147, -2, -137, 942, 47;
-35, 243, 12, -548, -129, -3, -139, 948, 47;
-32, 248, 15, -544, -99, 8, -127, 970, 61;
-39, 244, 9, -571, -100, -11, -153, 952, 37;
-39, 246, 9, -574, -80, -9, -152, 961, 38;
-37, 249, 11, -573, -56, -4, -147, 974, 45;
-36, 253, 13, -571, -31, 0, -141, 988, 51;
-33, 258, 16, -562, -2, 10, -129, 1008, 64;
-35, 257, 13, -571, 8, 2, -139, 1005, 53;
-34, 260, 15, -566, 32, 6, -134, 1017, 58;
-34, 262, 15, -563, 51, 6, -133, 1025, 59;
-37, 261, 12, -569, 61, -2, -144, 1020, 47;
-38, 261, 10, -570, 74, -8, -150, 1020, 40;
-35, 265, 12, -557, 100, -1, -140, 1035, 48;
-33, 269, 14, -544, 123, 3, -132, 1049, 55;
-34, 269, 13, -539, 139, 0, -133, 1052, 51;
-30, 274, 16, -520, 166, 9, -119, 1070, 63;
-34, 271, 11, -523, 169, -4, -134, 1059, 45;
-35, 271, 9, -517, 181, -10, -138, 1059, 38;
-30, 277, 14, -489, 212, 4, -117, 1083, 56;
-32, 275, 10, -486, 218, -6, -127, 1075, 42;
-30, 278, 11, -467, 237, -3, -119, 1085, 46;
-31, 278, 10, -456, 247, -8, -121, 1085, 40;
-27, 282, 12, -430, 270, 0, -107, 1100, 50;
-27, 282, 12, -414, 282, -2, -105, 1102, 47;
-28, 281, 9, -402, 288, -10, -110, 1098, 38;
-21, 288, 15, -365, 318, 7, -83, 1125, 59;
-26, 283, 9, -362, 312, -11, -101, 1106, 36;
-17, 291, 16, -320, 344, 9, -70, 1136, 62;
-19, 290, 13, -305, 347, 1, -74, 1131, 53;
-21, 287, 9, -294, 345, -10, -83, 1119, 38;
-19, 288, 10, -269, 356, -8, -75, 1125, 39;
-13, 293, 14, -231, 378, 4, -52, 1145, 57;
-14, 292, 12, -212, 379, -1, -54, 1140, 48;
-11, 293, 13, -185, 388, 0, -45, 1145, 51;
-9, 294, 13, -159, 394, 0, -38, 1147, 52;
-10, 292, 11, -139, 393, -5, -39, 1142, 44;
-5, 296, 14, -103, 406, 3, -22, 1154, 55;
-2, 297, 15, -74, 412, 6, -11, 1159, 59;
-6, 292, 10, -62, 399, -8, -24, 1141, 40;
-2, 294, 11, -30, 405, -3, -11, 1148, 46;
0, 296, 13, 1, 411, 1, 2, 1155, 53;
5, 299, 16, 38, 420, 11, 20, 1166, 64;
2, 294, 12, 51, 405, -2, 9, 1148, 47;
3, 293, 10, 74, 399, -6, 11, 1143, 42;
10, 298, 16, 118, 413, 10, 40, 1163, 64;
9, 295, 14, 138, 402, 4, 38, 1153, 56;
9, 292, 11, 156, 389, -3, 35, 1142, 46;
13, 295, 14, 190, 392, 4, 52, 1150, 56;
12, 291, 11, 207, 377, -3, 48, 1137, 46;
16, 293, 14, 240, 377, 4, 63, 1144, 56;
14, 289, 11, 255, 359, -5, 58, 1129, 44;
15, 287, 10, 276, 347, -8, 60, 1122, 40;
21, 291, 15, 313, 352, 6, 84, 1137, 58;
24, 291, 16, 339, 344, 9, 94, 1137, 62;
25, 290, 16, 361, 333, 9, 99, 1132, 62;
25, 288, 15, 378, 317, 6, 100, 1124, 58;
22, 282, 10, 384, 289, -8, 86, 1100, 40;
22, 280, 9, 401, 274, -10, 88, 1092, 37;
27, 282, 13, 430, 271, 0, 107, 1101, 51;
25, 277, 9, 437, 246, -9, 98, 1083, 38;
27, 277, 11, 458, 234, -5, 108, 1082, 43;
27, 275, 10, 470, 215, -9, 107, 1072, 39;
35, 279, 16, 504, 219, 11, 136, 1091, 64;
29, 271, 9, 496, 181, -10, 113, 1058, 38;
35, 275, 14, 525, 180, 5, 136, 1072, 58;
31, 269, 11, 523, 150, -6, 123, 1050, 42;
34, 269, 12, 538, 137, -1, 132, 1050, 49;
35, 268, 13, 549, 122, 1, 138, 1046, 52;
38, 269, 16, 566, 112, 10, 151, 1051, 64;
32, 260, 9, 550, 71, -11, 125, 1016, 36;
33, 259, 10, 557, 54, -9, 129, 1011, 39;
39, 263, 16, 579, 54, 9, 153, 1028, 62;
35, 257, 11, 568, 21, -4, 137, 1004, 45;
37, 258, 14, 577, 10, 3, 147, 1006, 55;
35, 253, 11, 568, -17, -4, 136, 989, 45;
39, 256, 16, 581, -22, 9, 153, 999, 62;
35, 250, 12, 567, -53, -2, 138, 978, 48;
33, 246, 10, 556, -79, -8, 129, 962, 40;
32, 244, 9, 548, -100, -10, 125, 953, 37;
38, 249, 16, 564, -96, 11, 152, 974, 65;
30, 240, 9, 533, -138, -12, 120, 937, 35;
32, 241, 11, 532, -149, -4, 128, 940, 45;
33, 241, 13, 527, -161, 0, 132, 940, 52;
35, 242, 16, 524, -170, 9, 139, 944, 62;
31, 237, 12, 501, -198, 0, 123, 925, 49;
33, 238, 15, 496, -206, 7, 130, 929, 60;
26, 230, 9, 463, -241, -11, 104, 900, 37;
26, 229, 9, 448, -255, -9, 101, 895, 38;
30, 234, 15, 450, -252, 8, 120, 913, 61;
24, 227, 10, 416, -283, -7, 95, 887, 41;
24, 227, 12, 402, -292, -2, 97, 888, 47;
24, 227, 12, 385, -303, 0, 95, 886, 50;
21, 224, 11, 361, -320, -4, 85, 876, 45;
23, 226, 14, 348, -323, 3, 90, 882, 55;
23, 227, 16, 332, -329, 9, 92, 885, 63;
17, 221, 11, 293, -355, -6, 66, 861, 43;
15, 219, 10, 269, -365, -6, 60, 857, 42;
15, 220, 12, 249, -370, -2, 59, 859, 47;
12, 218, 11, 222, -381, -5, 49, 852, 43;
16, 223, 16, 213, -372, 11, 64, 870, 64;
11, 219, 13, 177, -389, 0, 44, 854, 51;
7, 216, 11, 145, -401, -5, 30, 845, 43;
6, 216, 11, 120, -404, -4, 25, 845, 45;
6, 217, 12, 98, -404, 0, 24, 848, 50;
5, 218, 14, 76, -402, 4, 23, 853, 56;
2, 216, 12, 43, -410, -1, 9, 845, 49;
-2, 213, 9, 6, -420, -11, -9, 833, 36;
-1, 215, 11, -13, -413, -4, -7, 841, 45;
-1, 217, 13, -34, -407, 1, -6, 849, 53;
-7, 213, 9, -75, -419, -12, -30, 832, 35;
-7, 216, 11, -94, -409, -5, -28, 842, 44;
-10, 215, 10, -125, -410, -9, -40, 838, 39;
-9, 218, 13, -142, -397, 0, -35, 851, 50;
-13, 216, 10, -176, -399, -7, -51, 844, 41;
-16, 215, 9, -206, -397, -12, -63, 840, 35;
-16, 217, 10, -227, -387, -8, -65, 848, 40;
-12, 224, 16, -234, -361, 9, -48, 873, 63;
-15, 223, 14, -263, -357, 5, -60, 871, 57;
-21, 219, 10, -301, -361, -9, -83, 857, 39;
-17, 225, 15, -307, -335, 7, -69, 881, 59;
-18, 227, 15, -328, -322, 8, -72, 887, 62;
-25, 223, 10, -366, -327, -7, -98, 871, 41;
-27, 224, 10, -388, -316, -9, -105, 873, 39;
-26, 227, 11, -403, -298, -3, -103, 885, 46;
-30, 226, 9, -428, -291, -10, -117, 882, 37;
-29, 229, 11, -440, -270, -4, -113, 895, 45;
-29, 231, 12, -455, -253, -2, -115, 903, 47;
-28, 235, 14, -464, -230, 5, -110, 918, 57;
-29, 237, 14, -478, -213, 5, -113, 925, 57;
-34, 234, 10, -507, -212, -9, -135, 912, 39;
-36, 235, 9, -522, -196, -10, -140, 917, 37;
-35, 238, 11, -528, -174, -5, -137, 929, 43;
-33, 242, 13, -531, -148, 1, -130, 946, 53;
-33, 244, 13, -540, -130, 2, -131, 953, 54;
-34, 245, 13, -549, -113, 1, -135, 958, 52;
-31, 251, 16, -545, -83, 11, -123, 979, 65;
-33, 251, 15, -556, -69, 7, -130, 980, 60;
-39, 247, 9, -578, -67, -10, -153, 965, 38;
-35, 253, 14, -567, -34, 3, -137, 990, 55;
-33, 257, 16, -563, -9, 9, -130, 1004, 62;
-34, 258, 14, -568, 5, 5, -135, 1006, 57;
-35, 259, 14, -569, 23, 3, -137, 1011, 55;
-39, 257, 10, -580, 29, -8, -153, 1003, 39;
-33, 264, 15, -559, 65, 8, -131, 1031, 61;
-36, 262, 12, -566, 73, -3, -144, 1024, 46;
-37, 263, 11, -564, 89, -6, -146, 1027, 43;
-34, 267, 13, -550, 115, 0, -136, 1043, 51;
-35, 268, 12, -545, 130, -2, -138, 1046, 47;
-34, 270, 13, -533, 150, 0, -132, 1056, 50;
-37, 268, 9, -535, 156, -12, -145, 1047, 35;
-35, 271, 10, -519, 178, -7, -136, 1059, 41;
-28, 279, 16, -487, 213, 10, -110, 1088, 64;
-31, 276, 11, -487, 216, -3, -124, 1077, 46;
-33, 275, 9, -481, 223, -12, -131, 1072, 35;
-27, 281, 14, -448, 255, 4, -106, 1099, 56;
-28, 281, 12, -438, 264, -2, -111, 1096, 48;
-29, 280, 10, -426, 272, -8, -114, 1094, 40;
-28, 281, 10, -408, 285, -9, -110, 1098, 39;
-22, 287, 14, -373, 313, 5, -86, 1122, 58;
-19, 290, 16, -348, 329, 10, -76, 1131, 63;
-18, 291, 16, -326, 342, 10, -70, 1136, 64;
-20, 289, 12, -315, 342, 0, -79, 1127, 50;
-15, 293, 15, -283, 361, 9, -61, 1142, 62;
-19, 288, 10, -276, 354, -7, -76, 1125, 41;
-18, 288, 10, -253, 361, -9, -72, 1126, 39;
-16, 289, 10, -228, 369, -8, -65, 1130, 40;
-13, 291, 11, -199, 380, -4, -54, 1137, 44;
-10, 294, 13, -166, 394, 2, -39, 1149, 53;
-10, 293, 11, -146, 393, -3, -40, 1143, 46;
-8, 293, 11, -120, 397, -3, -33, 1145, 46;
-3, 297, 15, -83, 410, 6, -14, 1158, 58;
-7, 291, 9, -75, 395, -12, -30, 1136, 35;
-4, 293, 11, -42, 402, -6, -16, 1144, 43;
-3, 293, 10, -17, 401, -8, -12, 1142, 40;
-2, 292, 9, 7, 398, -10, -8, 1139, 37;
5, 298, 15, 53, 417, 8, 22, 1163, 62;
5, 296, 14, 76, 410, 4, 23, 1157, 56;
7, 296, 14, 102, 407, 3, 28, 1154, 55;
7, 293, 12, 122, 397, -2, 27, 1145, 47;
7, 292, 10, 144, 388, -6, 29, 1138, 42;
11, 294, 13, 178, 390, 0, 45, 1146, 52;
9, 289, 9, 191, 372, -11, 36, 1129, 37;
15, 293, 14, 230, 379, 3, 60, 1144, 54;
16, 292, 13, 254, 369, 1, 65, 1139, 53;
15, 289, 11, 271, 353, -5, 62, 1127, 44;
18, 288, 12, 296, 346, -2, 70, 1126, 47;
21, 290, 14, 326, 342, 3, 85, 1131, 55;
21, 287, 12, 342, 325, -2, 82, 1119, 48;
23, 286, 13, 366, 316, 0, 91, 1118, 51;
27, 288, 16, 395, 312, 9, 107, 1124, 62;
22, 280, 9, 394, 278, -11, 87, 1094, 37;
24, 279, 10, 415, 266, -9, 94, 1091, 39;
29, 282, 14, 446, 266, 4, 116, 1103, 57;
29, 279, 12, 458, 245, 0, 113, 1091, 50;
27, 276, 10, 467, 222, -7, 108, 1076, 41;
27, 273, 9, 478, 203, -10, 108, 1066, 37;
34, 277, 15, 510, 205, 7, 134, 1083, 60;
31, 272, 11, 510, 175, -4, 122, 1061, 45;
34, 272, 13, 528, 164, 2, 133, 1063, 53;
30, 266, 9, 525, 133, -11, 118, 1039, 36;
34, 268, 12, 545, 126, 0, 135, 1046, 50;
32, 263, 10, 544, 99, -8, 126, 1029, 40;
36, 265, 13, 561, 91, 1, 141, 1035, 53;
38, 265, 15, 574, 79, 8, 151, 1037, 62;
37, 262, 14, 572, 54, 3, 145, 1023, 54;
37, 260, 13, 574, 34, 2, 145, 1015, 53;
39, 260, 16, 582, 22, 9, 154, 1016, 62;
37, 257, 14, 577, -2, 4, 147, 1002, 56;
35, 252, 11, 568, -30, -4, 136, 984, 45;
32, 248, 9, 558, -56, -11, 127, 969, 36;
37, 251, 13, 569, -61, 2, 144, 979, 54;
37, 250, 14, 567, -77, 5, 146, 975, 57;
32, 243, 9, 545, -112, -10, 125, 949, 38;
38, 248, 16, 558, -110, 9, 148, 967, 63;
36, 245, 15, 546, -132, 6, 142, 956, 59;
35, 243, 15, 536, -150, 6, 139, 949, 58;
32, 238, 12, 515, -177, -3, 125, 930, 46;
29, 234, 9, 496, -202, -10, 113, 915, 38;
34, 239, 15, 501, -200, 8, 132, 932, 61;
28, 232, 10, 472, -232, -7, 110, 906, 41;
31, 235, 14, 469, -235, 5, 122, 917, 57;
29, 232, 13, 449, -254, 1, 113, 906, 52;
29, 232, 15, 436, -264, 6, 114, 906, 58;
26, 229, 13, 413, -283, 1, 104, 895, 53;
23, 226, 11, 388, -303, -4, 91, 882, 45;
26, 229, 15, 381, -302, 8, 103, 894, 61;
25, 228, 15, 360, -315, 8, 98, 890, 61;
21, 224, 13, 331, -333, 1, 84, 877, 53;
22, 225, 15, 315, -338, 7, 86, 880, 60;
16, 220, 11, 278, -362, -6, 63, 859, 43;
14, 218, 10, 252, -372, -7, 55, 854, 41;
12, 218, 10, 228, -381, -8, 48, 850, 41;
10, 216, 9, 201, -391, -10, 40, 845, 38;
9, 216, 10, 177, -395, -8, 36, 845, 40;
9, 218, 12, 158, -394, -1, 38, 851, 49;
6, 216, 11, 128, -404, -5, 26, 844, 43;
3, 214, 10, 98, -412, -9, 15, 838, 39;
8, 221, 16, 92, -394, 11, 34, 862, 64;
3, 217, 12, 53, -408, 0, 12, 847, 50;
0, 216, 11, 23, -412, -3, 2, 843, 46;
3, 220, 16, 11, -398, 11, 14, 861, 65;
-2, 216, 12, -27, -410, 0, -7, 846, 49;
-6, 214, 10, -62, -416, -8, -24, 836, 40;
-1, 221, 16, -68, -393, 12, -4, 863, 66;
-8, 216, 11, -112, -407, -5, -33, 843, 44;
-10, 216, 10, -140, -405, -7, -42, 842, 42;
-7, 221, 16, -150, -383, 9, -27, 865, 63;
-13, 217, 11, -190, -392, -5, -52, 849, 44;
-17, 216, 9, -222, -392, -11, -67, 843, 36;
-18, 217, 10, -245, -382, -9, -70, 849, 39;
-16, 221, 12, -261, -366, -1, -66, 862, 49;
-22, 218, 9, -296, -368, -12, -85, 852, 35;
-17, 225, 14, -301, -340, 5, -69, 877, 58;
-21, 224, 12, -330, -336, 0, -82, 874, 50;
-23, 223, 11, -356, -328, -4, -93, 873, 44;
-27, 222, 9, -384, -323, -11, -107, 869, 36;
-23, 228, 14, -389, -295, 3, -93, 892, 55;
-27, 227, 11, -416, -289, -4, -107, 888, 45;
-27, 230, 13, -429, -270, 0, -105, 900, 52;
-29, 230, 11, -451, -259, -3, -115, 899, 46;
-26, 236, 16, -454, -231, 9, -103, 921, 62;
-27, 237, 15, -470, -216, 8, -108, 927, 62;
-27, 240, 16, -482, -196, 11, -108, 936, 65;
-36, 234, 9, -518, -203, -11, -140, 913, 36;
-33, 239, 13, -519, -174, 0, -129, 934, 50;
-35, 239, 10, -536, -163, -6, -140, 933, 42;
-35, 242, 12, -542, -141, -2, -137, 945, 47;
-38, 241, 9, -558, -130, -10, -148, 942, 38;
-37, 244, 10, -562, -109, -7, -147, 953, 42;
-38, 245, 10, -571, -92, -9, -151, 957, 39;
-35, 250, 13, -565, -62, 1, -138, 978, 52;
-38, 250, 11, -576, -50, -5, -149, 975, 43;
-34, 256, 15, -565, -18, 6, -134, 998, 59;
-33, 258, 16, -563, 3, 10, -130, 1010, 63;
-33, 260, 16, -563, 22, 9, -130, 1017, 63;
-37, 258, 12, -573, 30, -1, -144, 1009, 48;
-37, 259, 11, -574, 46, -5, -148, 1012, 44;
-36, 262, 12, -567, 68, -1, -142, 1023, 48;
-39, 261, 9, -572, 77, -12, -154, 1018, 35;
-37, 264, 11, -559, 102, -6, -145, 1032, 43;
-31, 271, 16, -536, 136, 9, -123, 1059, 62;
-38, 266, 9, -548, 132, -11, -148, 1039, 36;
-33, 271, 12, -527, 162, 0, -131, 1059, 50;
-30, 276, 15, -507, 188, 8, -118, 1077, 61;
-33, 273, 11, -508, 191, -5, -132, 1066, 43;
-31, 276, 12, -489, 213, 0, -122, 1079, 50;
-28, 280, 14, -469, 235, 5, -111, 1092, 57;
-28, 281, 14, -455, 249, 3, -109, 1096, 55;
-30, 279, 11, -448, 255, -6, -117, 1089, 43;
-24, 285, 15, -416, 284, 8, -95, 1113, 61;
-22, 287, 16, -395, 300, 10, -87, 1121, 64;
-24, 285, 13, -385, 303, 0, -95, 1113, 51;
-26, 283, 9, -375, 305, -9, -103, 1105, 38;
-19, 290, 15, -337, 334, 7, -76, 1131, 59;
-23, 285, 10, -332, 329, -9, -92, 1114, 39;
-17, 291, 14, -293, 355, 6, -67, 1137, 58;
-18, 289, 12, -279, 356, -3, -72, 1130, 47;
-16, 290, 12, -254, 365, -2, -65, 1134, 47;
-15, 291, 12, -230, 373, -2, -59, 1137, 48;
-13, 292, 12, -206, 380, -3, -54, 1139, 46;
-12, 292, 11, -182, 384, -5, -50, 1139, 44;
-6, 297, 16, -139, 406, 11, -23, 1161, 65;
-5, 297, 15, -117, 408, 8, -20, 1159, 61;
-3, 297, 15, -89, 412, 9, -13, 1161, 62;
-5, 294, 12, -73, 405, -1, -19, 1149, 49;
0, 298, 15, -36, 417, 8, 0, 1163, 62;
0, 295, 13, -17, 410, 0, -3, 1153, 51;
0, 294, 12, 6, 407, -2, 0, 1149, 47;
5, 298, 16, 46, 419, 10, 21, 1165, 63;
2, 293, 11, 56, 401, -6, 8, 1144, 43;
5, 295, 13, 89, 404, 0, 22, 1150, 50;
6, 293, 11, 112, 397, -4, 23, 1144, 45;
12, 297, 16, 153, 407, 10, 48, 1161, 64;
12, 295, 14, 174, 397, 6, 49, 1153, 58;
8, 289, 9, 183, 374, -10, 34, 1130, 37;
15, 294, 14, 224, 383, 5, 60, 1147, 57;
16, 293, 14, 248, 374, 3, 65, 1143, 55;
19, 293, 15, 275, 369, 7, 75, 1144, 60;
21, 292, 15, 300, 361, 8, 83, 1142, 61;
16, 285, 9, 304, 332, -10, 65, 1115, 38;
22, 289, 14, 341, 335, 4, 88, 1128, 56;
26, 290, 16, 370, 331, 11, 104, 1134, 65;
23, 285, 12, 377, 305, -1, 92, 1112, 49;
24, 283, 12, 396, 291, -3, 95, 1105, 46;
30, 286, 16, 428, 291, 10, 117, 1118, 64;
24, 278, 9, 426, 256, -10, 96, 1086, 38;
25, 276, 9, 441, 239, -11, 98, 1079, 36;
26, 275, 9, 457, 224, -11, 102, 1073, 36;
31, 278, 14, 487, 222, 3, 124, 1085, 54;
33, 277, 14, 504, 209, 6, 131, 1083, 58;
29, 271, 10, 502, 177, -8, 116, 1058, 39;
32, 271, 11, 519, 164, -3, 125, 1058, 46;
37, 274, 16, 545, 163, 12, 147, 1071, 66;
31, 266, 10, 534, 123, -8, 124, 1038, 40;
31, 264, 9, 540, 104, -10, 124, 1030, 38;
36, 266, 13, 559, 97, 2, 141, 1038, 53;
34, 262, 12, 560, 73, -3, 136, 1024, 46;
36, 261, 13, 567, 57, 0, 141, 1021, 50;
36, 260, 13, 572, 39, 1, 143, 1015, 52;
35, 256, 11, 568, 15, -4, 137, 1001, 45;
33, 253, 10, 564, -9, -9, 130, 988, 39;
39, 257, 15, 581, -11, 8, 152, 1002, 61;
35, 251, 11, 567, -41, -3, 137, 981, 46;
35, 250, 12, 565, -60, -2, 138, 975, 48;
37, 250, 14, 567, -72, 3, 145, 976, 55;
38, 250, 15, 566, -86, 8, 149, 975, 61;
33, 243, 11, 544, -120, -6, 129, 949, 42;
35, 245, 14, 547, -128, 4, 140, 955, 56;
37, 245, 16, 545, -138, 12, 147, 958, 65;
30, 236, 9, 512, -179, -10, 117, 924, 37;
30, 236, 11, 505, -191, -5, 120, 923, 43;
32, 237, 13, 501, -200, 2, 127, 927, 54;
27, 231, 9, 472, -231, -11, 105, 903, 36;
32, 236, 15, 476, -228, 6, 125, 920, 59;
26, 229, 10, 444, -260, -8, 101, 895, 39;
30, 234, 16, 445, -256, 9, 120, 912, 62;
24, 227, 10, 411, -287, -6, 95, 886, 42;
25, 228, 13, 400, -293, 0, 100, 891, 52;
24, 227, 13, 381, -305, 2, 96, 887, 53;
21, 224, 11, 354, -324, -4, 83, 875, 45;
22, 225, 14, 340, -328, 3, 88, 880, 55;
19, 223, 12, 314, -343, 0, 77, 871, 50;
14, 218, 9, 279, -364, -12, 57, 853, 35;
20, 225, 16, 280, -350, 12, 81, 879, 66;
11, 217, 9, 232, -383, -12, 45, 846, 35;
14, 220, 13, 221, -376, 1, 56, 861, 53;
15, 222, 16, 205, -374, 10, 61, 869, 64;
6, 215, 9, 156, -403, -12, 26, 838, 35;
9, 218, 13, 142, -397, 0, 35, 851, 50;
10, 221, 16, 126, -391, 10, 41, 863, 63;
2, 214, 10, 80, -413, -8, 11, 837, 39;
4, 218, 13, 65, -405, 2, 18, 850, 53;
0, 214, 10, 28, -416, -7, 0, 838, 41;
3, 220, 15, 18, -400, 9, 13, 858, 62;
1, 219, 15, -9, -401, 8, 5, 857, 61;
-4, 216, 11, -48, -412, -3, -15, 843, 46;
-1, 220, 16, -61, -395, 10, -4, 861, 64;
-4, 219, 14, -93, -398, 4, -18, 855, 57;
-6, 219, 14, -121, -396, 3, -26, 855, 55;
-6, 222, 16, -140, -384, 11, -23, 866, 64;
-11, 218, 12, -178, -391, -1, -46, 852, 48;
-14, 218, 11, -206, -386, -3, -54, 852, 46;
-11, 223, 16, -218, -366, 9, -44, 871, 62;
-16, 220, 12, -253, -369, -1, -64, 861, 49;
-17, 222, 13, -274, -357, 1, -66, 868, 53;
-19, 222, 12, -300, -350, -1, -75, 868, 49;
-22, 221, 10, -329, -346, -7, -89, 864, 42;
-22, 224, 12, -347, -330, -2, -88, 874, 47;
-26, 223, 10, -374, -324, -8, -101, 871, 40;
-28, 223, 9, -397, -314, -11, -109, 873, 37;
-23, 231, 15, -397, -281, 8, -90, 902, 61;
-30, 226, 9, -436, -287, -11, -120, 882, 36;
-26, 233, 15, -435, -254, 6, -101, 911, 59;
-30, 232, 12, -461, -248, -2, -117, 905, 47;
-31, 232, 11, -479, -235, -5, -124, 907, 44;
-34, 233, 10, -498, -223, -8, -132, 908, 39;
-35, 233, 9, -514, -209, -11, -139, 911, 36;
-29, 242, 16, -503, -168, 11, -113, 947, 65;
-30, 244, 16, -515, -152, 10, -117, 952, 64;
-32, 243, 14, -532, -140, 4, -128, 951, 56;
-36, 242, 10, -552, -133, -6, -144, 944, 42;
-38, 242, 9, -564, -119, -11, -151, 945, 37;
-33, 249, 14, -554, -83, 5, -132, 973, 57;
-37, 248, 11, -570, -75, -5, -147, 967, 44;
-33, 254, 15, -560, -43, 8, -131, 991, 61;
-36, 252, 12, -573, -33, -1, -144, 986, 49;
-33, 258, 16, -563, -2, 10, -129, 1008, 63;
-38, 255, 11, -578, 1, -5, -149, 995, 44;
-36, 258, 13, -572, 25, 0, -142, 1009, 50;
-39, 258, 10, -578, 36, -8, -152, 1006, 40;
-34, 264, 14, -561, 69, 5, -134, 1030, 57;
-36, 263, 12, -565, 79, -3, -143, 1027, 46;
-34, 267, 14, -552, 104, 3, -134, 1041, 54;
-37, 265, 10, -555, 113, -6, -144, 1036, 42;
-30, 273, 16, -528, 150, 11, -120, 1065, 65;
-31, 273, 15, -523, 163, 7, -123, 1067, 59;
-33, 272, 12, -521, 171, -2, -132, 1061, 47;
-31, 275, 13, -505, 193, 1, -124, 1073, 52;
-28, 279, 15, -484, 217, 8, -111, 1088, 62;
-32, 276, 11, -484, 219, -5, -125, 1077, 44;
-31, 277, 10, -470, 234, -6, -123, 1081, 42;
-26, 283, 15, -441, 262, 6, -103, 1103, 59;
-28, 281, 12, -432, 269, -1, -109, 1098, 48;
-25, 284, 13, -409, 287, 2, -99, 1109, 53;
-24, 286, 14, -389, 301, 3, -93, 1115, 54;
-21, 288, 15, -364, 319, 8, -82, 1126, 60;
-25, 284, 9, -361, 313, -9, -99, 1108, 38;
-22, 286, 11, -334, 330, -4, -87, 1119, 45;
-21, 288, 11, -312, 341, -4, -82, 1123, 45;
-18, 290, 12, -284, 355, 0, -71, 1132, 50;
-16, 291, 13, -259, 366, 0, -63, 1137, 52;
-14, 292, 13, -235, 373, 0, -58, 1139, 51;
-16, 290, 10, -220, 372, -8, -63, 1131, 39;
-14, 290, 10, -195, 378, -9, -57, 1133, 39;
-7, 296, 15, -152, 401, 7, -30, 1156, 60;
-6, 296, 14, -128, 404, 5, -26, 1155, 58;
-5, 296, 14, -104, 406, 3, -22, 1154, 55;
-4, 296, 14, -77, 408, 3, -16, 1155, 54;
-4, 294, 12, -56, 405, -2, -16, 1148, 47;
-5, 291, 9, -38, 397, -11, -20, 1138, 36;
12, 7, 8, 3780, 3285, 984, 47, 29, 34;
15, 20, 2, 1640, 5278, 1898, 61, 78, 9;
16, 20, 1, 1641, 4314, 1477, 63, 79, 5;
18, 21, 5, 2467, 3647, 1983, 70, 85, 22;
7, 30, 0, 2894, 4296, 2601, 28, 120, 1;
9, 29, 11, 2684, 4603, 2801, 36, 116, 43;
2, 2, 8, 4006, 4684, 1136, 10, 11, 33;
0, 0, 11, 2309, 5083, 1747, 3, 2, 42;
4, 30, 5, 3120, 4544, 2225, 18, 119, 21;
8, 25, 1, 2059, 4027, 2568, 31, 99, 7;
10, 13, 3, 1972, 3613, 2689, 41, 52, 15;
7, 12, 9, 3102, 2689, 2676, 30, 50, 38;
2, 11, 10, 1730, 2085, 1639, 9, 43, 39;
7, 27, 4, 2277, 3879, 1964, 30, 105, 17;
6, 24, 10, 2708, 3995, 1608, 24, 93, 42;
1, 9, 6, 2011, 4302, 1265, 5, 37, 26;
4, 27, 6, 1939, 4013, 2331, 16, 108, 24;
0, 5, 9, 2114, 3078, 1302, 0, 19, 36;
14, 15, 10, 3208, 2979, 1597, 56, 59, 41;
20, 12, 3, 2795, 2610, 2155, 78, 48, 14;
15, 12, 0, 3869, 3342, 1395, 58, 47, 3;
18, 18, 2, 3783, 1810, 1059, 72, 71, 8;
19, 7, 1, 1857, 4963, 1482, 76, 29, 5;
1, 14, 9, 3319, 2199, 1904, 7, 54, 36;
17, 11, 8, 2079, 3448, 2563, 69, 43, 33;
19, 2, 12, 3621, 3047, 1116, 76, 9, 49;
10, 17, 2, 3745, 5175, 1063, 39, 69, 8;
13, 25, 6, 4083, 2779, 2831, 51, 98, 24;
4, 23, 5, 3122, 3574, 1612, 16, 89, 21;
20, 21, 4, 1529, 3617, 1686, 80, 83, 15;
12, 15, 7, 4212, 1988, 1238, 49, 60, 29;
15, 26, 9, 3639, 1988, 2854, 61, 104, 38;
19, 9, 4, 3502, 5209, 1967, 75, 37, 17;
2, 30, 7, 2044, 2705, 1010, 8, 119, 30;
14, 3, 8, 3780, 3699, 2896, 57, 13, 33;
10, 27, 5, 2827, 3297, 1591, 39, 105, 21;
6, 13, 8, 1996, 2072, 2421, 24, 51, 33;
15, 28, 9, 1614, 3282, 2899, 60, 109, 36;
10, 28, 5, 2592, 5051, 2409, 39, 110, 20;
2, 20, 7, 3927, 4231, 1742, 10, 81, 27;
16, 16, 5, 2637, 3744, 1664, 65, 63, 22;
7, 8, 1, 2095, 2347, 1293, 28, 34, 4;
3, 10, 12, 3829, 2375, 1392, 15, 42, 48;
4, 25, 10, 4224, 4419, 1407, 17, 98, 39;
8, 27, 9, 1591, 3811, 2613, 32, 107, 36;
10, 19, 11, 3003, 4380, 2768, 42, 77, 45;
18, 8, 7, 1928, 4123, 2827, 71, 34, 31;
10, 22, 12, 3457, 5244, 2012, 42, 87, 49;
19, 22, 11, 1925, 3441, 992, 76, 87, 43;
8, 17, 9, 2014, 3533, 1166, 33, 69, 36;
10, 13, 7, 1935, 3630, 2424, 39, 51, 27;
3, 17, 10, 1551, 2928, 2946, 12, 70, 40;
19, 4, 7, 1499, 5373, 2232, 77, 16, 29;
20, 4, 10, 3149, 4752, 1873, 79, 19, 41;
8, 17, 4, 2026, 3304, 2753, 34, 67, 19;
19, 2, 7, 4230, 3266, 1350, 75, 8, 29;
7, 14, 8, 4222, 2667, 1033, 29, 57, 33;
6, 24, 4, 2377, 3899, 2503, 25, 96, 17;
17, 1, 4, 2490, 3699, 2649, 66, 4, 19;
10, 29, 12, 3383, 3627, 1638, 41, 113, 49;
19, 3, 4, 2246, 2454, 2347, 77, 15, 16;
11, 27, 7, 2089, 2864, 1622, 43, 106, 28;
7, 20, 7, 2518, 3269, 1114, 29, 79, 28;
10, 27, 10, 3443, 3375, 2536, 42, 107, 41;
17, 30, 3, 3766, 2238, 1302, 68, 119, 13;
2, 15, 12, 4318, 4279, 1465, 7, 60, 46;
16, 21, 11, 3970, 4792, 1142, 62, 82, 44;
14, 22, 8, 3502, 2378, 1234, 56, 86, 32;
14, 12, 11, 3781, 4316, 1035, 55, 47, 46;
3, 12, 1, 3269, 3628, 2560, 13, 48, 4;
20, 24, 5, 4166, 4498, 1253, 80, 94, 22;
8, 2, 2, 2196, 2155, 2446, 31, 8, 8;
5, 25, 3, 3773, 2696, 2503, 23, 99, 13;
19, 12, 1, 3094, 2414, 2756, 75, 49, 4;
7, 21, 10, 2523, 4433, 2044, 29, 82, 40;
19, 6, 1, 2601, 3739, 2198, 74, 25, 7;
4, 11, 1, 3894, 4493, 1961, 16, 44, 4;
4, 19, 11, 2901, 4635, 1440, 16, 74, 43;
16, 24, 6, 3572, 5346, 2154, 66, 97, 26;
11, 7, 9, 2797, 2350, 1749, 44, 29, 37;
717, 765, 418, 5232, 4576, 3101, 2799, 2985, 1632;
643, 891, 404, 5018, 4388, 2970, 2510, 3478, 1578;
690, 792, 437, 4841, 4236, 2874, 2692, 3092, 1706;
620, 906, 339, 4634, 4053, 2744, 2418, 3535, 1323;
499, 833, 383, 4459, 3900, 2643, 1949, 3248, 1495;
512, 857, 361, 4285, 3748, 2540, 1998, 3344, 1409;
607, 701, 410, 4124, 3608, 2447, 2370, 2736, 1600;
584, 766, 282, 3974, 3478, 2363, 2279, 2990, 1101;
485, 780, 315, 3787, 3311, 2239, 1891, 3043, 1231;
486, 755, 265, 3663, 3205, 2176, 1898, 2945, 1036;
496, 640, 290, 3502, 3063, 2074, 1935, 2497, 1133;
500, 565, 286, 3381, 2958, 2008, 1953, 2205, 1118;
419, 723, 291, 3240, 2835, 1922, 1635, 2822, 1138;
362, 679, 261, 3121, 2731, 1854, 1414, 2648, 1020;
359, 661, 207, 2980, 2605, 1762, 1403, 2578, 807;
319, 603, 242, 2870, 2511, 1701, 1247, 2352, 944;
408, 592, 267, 2773, 2427, 1649, 1591, 2310, 1043;
391, 532, 225, 2670, 2338, 1590, 1528, 2078, 878;
286, 595, 256, 2565, 2246, 1528, 1117, 2322, 999;
313, 617, 183, 2467, 2161, 1471, 1223, 2407, 714;
277, 546, 216, 2375, 2080, 1417, 1080, 2132, 843;
255, 472, 220, 2277, 1994, 1357, 996, 1843, 858;
311, 498, 213, 2181, 1909, 1297, 1212, 1943, 831;
233, 539, 157, 2076, 1815, 1227, 912, 2102, 612;
255, 471, 143, 1985, 1734, 1169, 997, 1838, 560;
238, 524, 151, 1934, 1692, 1150, 929, 2045, 591;
220, 440, 133, 1864, 1633, 1111, 861, 1717, 519;
267, 455, 153, 1790, 1568, 1066, 1042, 1776, 598;
224, 421, 146, 1733, 1519, 1038, 874, 1644, 569;
228, 411, 152, 1641, 1436, 973, 890, 1605, 595;
180, 477, 133, 1561, 1364, 920, 703, 1862, 520;
202, 459, 105, 1497, 1307, 880, 789, 1790, 410;
171, 405, 128, 1470, 1287, 877, 669, 1580, 500;
185, 442, 132, 1402, 1226, 832, 723, 1727, 516;
182, 428, 126, 1334, 1165, 787, 709, 1669, 494;
158, 395, 116, 1298, 1137, 773, 617, 1541, 456;
173, 429, 116, 1234, 1079, 729, 676, 1675, 453;
170, 383, 119, 1202, 1052, 717, 665, 1494, 464;
155, 386, 114, 1169, 1026, 703, 606, 1505, 447;
130, 398, 86, 1119, 981, 671, 507, 1553, 336;
126, 389, 89, 1053, 920, 622, 493, 1519, 350;
113, 398, 92, 1022, 895, 609, 443, 1555, 361;
108, 368, 94, 964, 842, 567, 421, 1436, 369;
132, 369, 78, 932, 815, 551, 515, 1441, 305;
116, 367, 81, 881, 768, 514, 453, 1432, 317;
124, 355, 75, 884, 775, 531, 485, 1386, 295;
122, 367, 69, 834, 730, 495, 475, 1431, 271;
111, 339, 73, 792, 692, 467, 434, 1323, 287;
97, 355, 63, 749, 653, 436, 380, 1386, 246;
107, 340, 70, 736, 643, 435, 420, 1326, 274;
91, 352, 54, 729, 640, 441, 355, 1373, 211;
84, 325, 51, 667, 582, 390, 329, 1267, 199;
84, 330, 53, 646, 564, 380, 329, 1287, 207;
91, 318, 55, 616, 537, 360, 357, 1241, 216;
70, 322, 45, 589, 513, 343, 276, 1256, 177;
87, 330, 50, 600, 528, 364, 340, 1287, 198;
84, 313, 52, 575, 505, 348, 328, 1223, 206;
59, 328, 51, 527, 460, 309, 233, 1279, 201;
66, 317, 34, 494, 429, 284, 260, 1238, 133;
61, 324, 44, 472, 410, 271, 239, 1266, 172;
69, 304, 37, 478, 419, 285, 272, 1187, 146;
65, 310, 42, 473, 416, 288, 256, 1209, 164;
61, 303, 44, 460, 405, 281, 241, 1182, 175;
63, 297, 36, 422, 369, 250, 246, 1159, 142;
56, 294, 31, 415, 365, 250, 220, 1150, 122;
44, 308, 36, 392, 344, 234, 174, 1204, 143;
41, 308, 29, 377, 330, 225, 163, 1203, 115;
54, 295, 33, 372, 327, 226, 211, 1150, 131;
40, 300, 24, 326, 283, 185, 158, 1172, 93;
43, 298, 26, 332, 290, 197, 170, 1164, 101;
37, 298, 28, 330, 290, 200, 148, 1166, 110;
39, 288, 24, 323, 285, 199, 152, 1124, 94;
40, 284, 19, 280, 243, 161, 159, 1110, 76;
37, 290, 25, 287, 251, 172, 147, 1133, 100;
36, 291, 22, 280, 246, 169, 142, 1138, 89;
30, 290, 18, 264, 231, 158, 117, 1131, 73;
38, 293, 25, 263, 232, 161, 150, 1142, 97;
29, 292, 19, 246, 216, 148, 115, 1141, 76;
30, 288, 22, 236, 208, 142, 117, 1126, 86;
26, 280, 13, 199, 171, 109, 104, 1093, 53;
1, 256, 0, 0, 0, 0, 5, 1000, 3;
1, 256, 0, 1, 1, 1, 5, 1000, 3;
1, 256, 0, -1, -1, -1, 4, 998, 2;
1, 256, 0, 0, 0, 0, 5, 1000, 3;
1, 256, 0, -1, -1, -1, 4, 999, 2;
1, 256, 0, -1, -1, -1, 4, 999, 2;
1, 256, 0, 1, 1, 1, 5, 1000, 3;
1, 256, 0, 0, 0, 0, 4, 999, 2;
1, 256, 0, 1, 1, 1, 5, 1000, 3;
1, 256, 0, 0, 0, 0, 5, 999, 2;
1, 256, 0, -1, -1, -1, 3, 998, 1;
1, 256, 0, 1, 1, 1, 5, 1000, 3;
1, 256, 0, 0, 0, 0, 4, 999, 2;
1, 256, 0, 0, 0, 0, 5, 999, 3;
1, 256, 0, 0, 0, 0, 4, 999, 2;
1, 256, 0, 0, 0, 0, 5, 1000, 3;
1, 256, 1, 1, 1, 1, 6, 1001, 4;
1, 256, 0, 1, 1, 1, 5, 1000, 3;
1, 256, 0, -1, -1, -1, 4, 999, 2;
1, 256, 0, -1, -1, -1, 4, 999, 2;
1, 256, 0, 0, 0, 0, 5, 999, 2;
1, 256, 0, -1, -1, -1, 4, 999, 2;
1, 256, 0, 0, 0, 0, 5, 1000, 3;
1, 256, 0, -1, -1, -1, 4, 999, 2;
1, 256, 0, 0, 0, 0, 5, 1000, 3;
1, 256, 1, 1, 1, 1, 6, 1001, 4;
1, 256, 1, 1, 1, 1, 6, 1001, 4;
1, 256, 1, 1, 1, 1, 6, 1001, 4;
1, 256, 0, -1, -1, -1, 4, 999, 2;
1, 256, 0, 0, 0, 0, 5, 1000, 3;
1, 256, 0, 0, 0, 0, 5, 999, 3;
1, 256, 0, 0, 0, 0, 5, 999, 2;
1, 256, 0, -1, -1, -1, 4, 999, 2;
1, 256, 0, -1, -1, -1, 4, 999, 2;
1, 256, 0, -1, -1, -1, 3, 998, 1;
1, 256, 0, -1, -1, -1, 3, 998, 1;
1, 256, 0, 0, 0, 0, 4, 999, 2;
1, 256, 0, 1, 1, 1, 5, 1000, 3;
1, 256, 0, 1, 1, 1, 5, 1000, 3;
1, 256, 0, 0, 0, 0, 5, 1000, 3;
1, 256, 0, -1, -1, -1, 4, 999, 2;
1, 256, 0, 0, 0, 0, 5, 1000, 3;
1, 256, 0, 0, 0, 0, 5, 1000, 3;
1, 256, 0, 0, 0, 0, 4, 999, 2;
1, 256, 0, 0, 0, 0, 4, 999, 2;
1, 256, 0, 0, 0, 0, 4, 999, 2;
1, 256, 0, -1, -1, -1, 3, 998, 1;
1, 256, 0, 0, 0, 0, 5, 1000, 3;
1, 256, 1, 1, 1, 1, 6, 1001, 4;
1, 256, 1, 1, 1, 1, 5, 1000, 3;
1, 256, 0, 0, 0, 0, 5, 1000, 3;
1, 256, 0, -1, -1, -1, 4, 999, 2;
1, 256, 0, 0, 0, 0, 4, 999, 2;
1, 256, 0, 0, 0, 0, 5, 1000, 3;
1, 256, 0, 0, 0, 0, 4, 999, 2;
1, 256, 0, 0, 0, 0, 4, 999, 2;
1, 256, 0, 0, 0, 0, 4, 999, 2;
1, 256, 0, -1, -1, -1, 4, 999, 2;
1, 256, 1, 1, 1, 1, 6, 1001, 4;
1, 256, 0, 1, 1, 1, 5, 1000, 3;
1, 256, 0, 0, 0, 0, 4, 999, 2;
1, 256, 0, -1, -1, -1, 4, 999, 2;
1, 256, 0, 0, 0, 0, 4, 999, 2;
1, 256, 0, -1, -1, -1, 4, 999, 2;
1, 256, 0, 0, 0, 0, 4, 999, 2;
1, 256, 1, 1, 1, 1, 6, 1001, 4;
1, 256, 0, 0, 0, 0, 5, 1000, 3;
1, 256, 0, 1, 1, 1, 5, 1000, 3;
1, 256, 1, 1, 1, 1, 6, 1001, 4;
1, 256, 0, -1, -1, -1, 4, 999, 2;
1, 256, 0, -1, -1, -1, 3, 998, 1;
1, 256, 0, 0, 0, 0, 5, 1000, 3;
1, 256, 0, -1, -1, -1, 4, 999, 2;
1, 256, 0, 0, 0, 0, 5, 1000, 3;
1, 256, 0, -1, -1, -1, 4, 998, 1;
1, 256, 0, -1, -1, -1, 3, 998, 1;
1, 256, 1, 1, 1, 1, 6, 1001, 4;
1, 256, 0, -1, -1, -1, 4, 999, 2;
1, 256, 0, 0, 0, 0, 5, 1000, 3;
1, 256, 0, -1, -1, -1, 3, 998, 1;
1, 256, 0, 1, 1, 1, 5, 1000, 3;
1, 256, 0, -1, -1, -1, 4, 999, 2;
1, 256, 0, 0, 0, 0, 5, 1000, 3;
1, 256, 0, -1, -1, -1, 4, 999, 2;
1, 256, 0, 0, 0, 0, 5, 1000, 3;
1, 256, 0, -1, -1, -1, 4, 999, 2;
1, 256, 0, 0, 0, 0, 4, 999, 2;
1, 256, 0, 0, 0, 0, 5, 1000, 3;
1, 256, 0, 1, 1, 1, 5, 1000, 3;
1, 256, 1, 1, 1, 1, 6, 1001, 4;
1, 256, 1, 1, 1, 1, 6, 1000, 3;
1, 256, 0, 0, 0, 0, 4, 999, 2;
1, 256, 0, 0, 0, 0, 5, 1000, 3;
1, 256, 1, 1, 1, 1, 6, 1001, 4;
1, 256, 0, 0, 0, 0, 4, 999, 2;
1, 256, 0, -1, -1, -1, 3, 998, 1;
1, 256, 0, 0, 0, 0, 4, 999, 2;
1, 256, 0, 0, 0, 0, 4, 999, 2;
1, 256, 0, -1, -1, -1, 4, 999, 2;
1, 256, 0, 0, 0, 0, 4, 999, 2;
1, 256, 0, -1, -1, -1, 4, 999, 2;
1, 256, 0, 0, 0, 0, 4, 999, 2;
1, 256, 0, 0, 0, 0, 4, 999, 2;
1, 256, 0, 1, 1, 1, 5, 1000, 3;
1, 256, 1, 1, 1, 1, 6, 1001, 4;
1, 256, 0, 0, 0, 0, 5, 1000, 3;
1, 256, 0, 0, 0, 0, 5, 1000, 3;
1, 256, 0, 1, 1, 1, 5, 1000, 3;
1, 256, 0, 0, 0, 0, 5, 1000, 3;
1, 256, 0, -1, -1, -1, 4, 999, 2;
1, 256, 0, 0, 0, 0, 5, 1000, 3;
0, 256, 0, -1, -1, -1, 3, 998, 1;
1, 256, 0, 0, 0, 0, 4, 999, 2;
1, 256, 0, 1, 1, 1, 5, 1000, 3;
1, 256, 0, 0, 0, 0, 4, 999, 2;
1, 256, 0, 0, 0, 0, 4, 999, 2;
1, 256, 0, 0, 0, 0, 4, 999, 2;
1, 256, 0, 0, 0, 0, 5, 1000, 3;
1, 256, 0, 0, 0, 0, 4, 999, 2;
1, 256, 0, -1, -1, -1, 4, 999, 2;
1, 256, 0, 0, 0, 0, 4, 999, 2;
1, 256, 1, 1, 1, 1, 6, 1001, 4;
1, 256, 1, 1, 1, 1, 6, 1000, 3;
1, 256, 0, 0, 0, 0, 5, 1000, 3;
1, 256, 0, -1, -1, -1, 4, 998, 2;
1, 256, 0, 0, 0, 0, 5, 1000, 3;
1, 256, 0, 0, 0, 0, 4, 999, 2;
1, 256, 0, 0, 0, 0, 4, 999, 2;
1, 256, 0, 0, 0, 0, 5, 1000, 3;
1, 256, 0, 0, 0, 0, 5, 1000, 3;
1, 256, 0, 0, 0, 0, 4, 999, 2;
1, 256, 0, 0, 0, 0, 5, 1000, 3;
1, 256, 0, 0, 0, 0, 4, 999, 2;
1, 256, 0, 0, 0, 0, 5, 1000, 3;
1, 256, 0, 0, 0, 0, 5, 1000, 3;
1, 256, 0, 0, 0, 0, 4, 999, 2;
1, 256, 0, 0, 0, 0, 5, 1000, 3;
1, 256, 0, -1, -1, -1, 4, 999, 2;
1, 256, 0, 0, 0, 0, 5, 1000, 3;
1, 256, 0, 0, 0, 0, 4, 999, 2;
1, 256, 0, -1, -1, -1, 4, 998, 2;
1, 256, 1, 1, 1, 1, 5, 1000, 3;
1, 256, 0, 0, 0, 0, 4, 999, 2;
1, 256, 0, -1, -1, -1, 4, 998, 2;
1, 256, 0, 0, 0, 0, 5, 1000, 3;
1, 256, 0, -1, -1, -1, 3, 998, 1;
1, 256, 0, 0, 0, 0, 4, 999, 2;
1, 256, 0, -1, -1, -1, 4, 999, 2;
1, 256, 0, 0, 0, 0, 4, 999, 2;
1, 256, 0, 0, 0, 0, 5, 1000, 3;
1, 256, 0, -1, -1, -1, 3, 998, 1;
1, 256, 0, 1, 1, 1, 5, 1000, 3;
1, 256, 0, -1, -1, -1, 3, 998, 1;
1, 256, 0, 1, 1, 1, 5, 1000, 3;
1, 256, 0, 0, 0, 0, 4, 999, 2;
1, 256, 0, 0, 0, 0, 4, 999, 2;
1, 256, 0, 0, 0, 0, 5, 999, 3;
1, 256, 0, 0, 0, 0, 4, 999, 2;
1, 256, 1, 1, 1, 1, 5, 1000, 3;
1, 256, 0, -1, -1, -1, 4, 998, 1;
1, 256, 0, -1, -1, -1, 3, 998, 1;
1, 256, 1, 1, 1, 1, 6, 1001, 4;
1, 256, 0, 0, 0, 0, 5, 1000, 3;
1, 256, 0, 0, 0, 0, 5, 1000, 3;
1, 256, 0, 0, 0, 0, 4, 999, 2;
1, 256, 0, -1, -1, -1, 3, 998, 1;
1, 256, 0, -1, -1, -1, 4, 998, 2;
1, 256, 0, 0, 0, 0, 5, 1000, 3;
1, 256, 0, 0, 0, 0, 5, 1000, 3;
1, 256, 1, 1, 1, 1, 6, 1000, 4;
1, 256, 0, -1, -1, -1, 4, 999, 2;
1, 256, 0, 0, 0, 0, 4, 999, 2;
1, 256, 0, 1, 1, 1, 5, 1000, 3;
1, 256, 0, 0, 0, 0, 5, 1000, 3;
1, 256, 0, -1, -1, -1, 4, 998, 1;
1, 256, 1, 1, 1, 1, 6, 1001, 4;
1, 256, 0, 0, 0, 0, 5, 1000, 3;
1, 256, 0, 0, 0, 0, 4, 999, 2;
1, 256, 0, 0, 0, 0, 4, 999, 2;
1, 256, 0, -1, -1, -1, 4, 999, 2;
1, 256, 1, 1, 1, 1, 6, 1001, 4;
1, 256, 0, -1, -1, -1, 4, 999, 2;
1, 256, 0, 0, 0, 0, 4, 999, 2;
1, 256, 1, 1, 1, 1, 6, 1001, 4;
1, 256, 0, 0, 0, 0, 5, 1000, 3;
1, 256, 0, 0, 0, 0, 4, 999, 2;
1, 256, 0, -1, -1, -1, 3, 998, 1;
1, 256, 0, -1, -1, -1, 4, 999, 2;
1, 256, 0, 0, 0, 0, 5, 1000, 3;
1, 256, 0, -1, -1, -1, 4, 999, 2;
1, 256, 1, 1, 1, 1, 5, 1000, 3;
1, 256, 0, -1, -1, -1, 4, 999, 2;
1, 256, 0, 0, 0, 0, 5, 1000, 3;
1, 256, 0, 0, 0, 0, 4, 999, 2;
1, 256, 1, 1, 1, 1, 6, 1001, 4;
1, 256, 0, -1, -1, -1, 4, 999, 2;
1, 256, 0, 0, 0, 0, 4, 999, 2;
1, 256, 0, -1, -1, -1, 4, 999, 2;
1, 256, 0, 0, 0, 0, 4, 999, 2;
1, 256, 0, -1, -1, -1, 4, 999, 2;
1, 256, 0, 0, 0, 0, 5, 1000, 3;
0, 256, 0, -1, -1, -1, 3, 998, 1;
1, 256, 0, 0, 0, 0, 5, 1000, 3;
1, 256, 0, 0, 0, 0, 4, 999, 2;
1, 256, 0, 0, 0, 0, 4, 999, 2;
1, 256, 0, 0, 0, 0, 4, 999, 2;
1, 256, 1, 1, 1, 1, 6, 1001, 4;
1, 256, 0, 0, 0, 0, 5, 1000, 3;
1, 256, 0, -1, -1, -1, 3, 998, 1;
1, 256, 0, -1, -1, -1, 3, 998, 1;
1, 256, 1, 1, 1, 1, 6, 1001, 4;
1, 256, 1, 1, 1, 1, 6, 1000, 3;
1, 256, 0, -1, -1, -1, 3, 998, 1;
1, 256, 0, -1, -1, -1, 4, 998, 1;
1, 256, 1, 1, 1, 1, 6, 1001, 4;
1, 256, 0, -1, -1, -1, 4, 999, 2;
1, 256, 0, -1, -1, -1, 3, 998, 1;
1, 256, 0, 0, 0, 0, 5, 1000, 3;
1, 256, 0, -1, -1, -1, 3, 998, 1;
1, 256, 1, 1, 1, 1, 6, 1000, 4;
1, 256, 0, 0, 0, 0, 4, 999, 2;
1, 256, 0, 0, 0, 0, 4, 999, 2;
1, 256, 0, 0, 0, 0, 5, 1000, 3;
1, 256, 0, 0, 0, 0, 5, 1000, 3;
1, 256, 1, 1, 1, 1, 6, 1001, 4;
1, 256, 0, -1, -1, -1, 4, 999, 2;
1, 256, 0, 0, 0, 0, 4, 999, 2;
1, 256, 0, 0, 0, 0, 5, 1000, 3;
1, 256, 0, 0, 0, 0, 5, 1000, 3;
1, 256, 0, 0, 0, 0, 5, 1000, 3;
1, 256, 1, 1, 1, 1, 6, 1000, 3;
1, 256, 0, -1, -1, -1, 4, 999, 2;
1, 256, 0, 0, 0, 0, 5, 1000, 3;
1, 256, 0, 0, 0, 0, 4, 999, 2;
1, 256, 1, 1, 1, 1, 6, 1001, 4;
1, 256, 1, 1, 1, 1, 6, 1000, 4;
1, 256, 1, 1, 1, 1, 6, 1001, 4;
1, 256, 0, 1, 1, 1, 5, 1000, 3;
1, 256, 0, -1, -1, -1, 3, 998, 1;
1, 256, 0, 0, 0, 0, 4, 999, 2;
1, 256, 0, -1, -1, -1, 4, 998, 2;
1, 256, 0, 0, 0, 0, 5, 1000, 3;
1, 256, 0, 0, 0, 0, 4, 999, 2;
1, 256, 0, 0, 0, 0, 4, 999, 2;
1, 256, 0, 0, 0, 0, 5, 1000, 3;
1, 256, 0, -1, -1, -1, 4, 999, 2;
1, 256, 0, 0, 0, 0, 5, 1000, 3;
1, 256, 0, -1, -1, -1, 4, 998, 2;
1, 256, 0, -1, -1, -1, 4, 999, 2;
1, 256, 1, 1, 1, 1, 6, 1000, 4;
1, 256, 0, 0, 0, 0, 5, 1000, 3;
1, 256, 0, 0, 0, 0, 4, 999, 2;
1, 256, 0, 1, 1, 1, 5, 1000, 3;
1, 256, 0, 0, 0, 0, 4, 999, 2;
1, 256, 0, -1, -1, -1, 3, 998, 1;
1, 256, 0, -1, -1, -1, 4, 999, 2;
1, 256, 0, -1, -1, -1, 3, 998, 1;
1, 256, 0, 0, 0, 0, 4, 999, 2;
1, 256, 1, 1, 1, 1, 6, 1001, 4;
1, 256, 0, 0, 0, 0, 5, 1000, 3;
1, 256, 0, -1, -1, -1, 4, 999, 2;
1, 256, 1, 1, 1, 1, 6, 1001, 4;
1, 256, 0, 0, 0, 0, 5, 1000, 3;
1, 256, 0, -1, -1, -1, 4, 999, 2;
1, 256, 0, -1, -1, -1, 4, 998, 1;
1, 256, 0, 1, 1, 1, 5, 1000, 3;
1, 256, 0, 0, 0, 0, 4, 999, 2;
1, 256, 0, 0, 0, 0, 5, 1000, 3;
1, 256, 0, 0, 0, 0, 4, 999, 2;
1, 256, 1, 1, 1, 1, 6, 1001, 4;
1, 256, 0, -1, -1, -1, 4, 999, 2;
1, 256, 0, 0, 0, 0, 5, 1000, 3;
1, 256, 0, -1, -1, -1, 4, 999, 2;
1, 256, 1, 1, 1, 1, 6, 1000, 4;
1, 256, 0, 0, 0, 0, 4, 999, 2;
1, 256, 0, 0, 0, 0, 4, 999, 2;
1, 256, 0, 0, 0, 0, 5, 1000, 3;
1, 256, 0, 1, 1, 1, 5, 1000, 3;
1, 256, 0, 0, 0, 0, 4, 999, 2;
1, 256, 0, 0, 0, 0, 4, 999, 2;
1, 256, 0, -1, -1, -1, 4, 998, 2;
1, 256, 0, 0, 0, 0, 5, 1000, 3;
1, 256, 0, -1, -1, -1, 4, 998, 1;
1, 256, 0, 0, 0, 0, 4, 999, 2;
1, 256, 0, 0, 0, 0, 5, 1000, 3;
1, 256, 0, -1, -1, -1, 4, 999, 2;
1, 256, 0, 0, 0, 0, 5, 1000, 3;
1, 256, 0, 0, 0, 0, 5, 999, 3;
1, 256, 1, 1, 1, 1, 6, 1001, 4;
1, 256, 0, 1, 1, 1, 5, 1000, 3;
1, 256, 0, 0, 0, 0, 5, 1000, 3;
1, 256, 0, 0, 0, 0, 4, 999, 2;
1, 256, 0, 0, 0, 0, 5, 1000, 3;
1, 256, 0, -1, -1, -1, 4, 999, 2;
1, 256, 1, 1, 1, 1, 6, 1001, 4;
1, 256, 0, 0, 0, 0, 5, 1000, 3;
1, 256, 0, -1, -1, -1, 3, 998, 1;
1, 256, 0, 0, 0, 0, 4, 999, 2;
1, 256, 0, 0, 0, 0, 5, 1000, 3;
1, 256, 0, -1, -1, -1, 4, 999, 2;
1, 256, 0, -1, -1, -1, 4, 999, 2;
1, 256, 0, 1, 1, 1, 5, 1000, 3;
1, 256, 0, -1, -1, -1, 4, 998, 2;
1, 256, 0, 0, 0, 0, 5, 1000, 3;
1, 256, 0, 1, 1, 1, 5, 1000, 3;
1, 256, 1, 1, 1, 1, 5, 1000, 3;
1, 256, 0, 0, 0, 0, 5, 1000, 3;
1, 256, 0, 0, 0, 0, 4, 999, 2;
1, 256, 1, 1, 1, 1, 6, 1000, 4;
1, 256, 1, 1, 1, 1, 6, 1001, 4;
1, 256, 0, 0, 0, 0, 4, 999, 2;
1, 256, 1, 1, 1, 1, 5, 1000, 3;
1, 256, 0, 0, 0, 0, 5, 1000, 3;
1, 256, 0, 0, 0, 0, 5, 1000, 3;
1, 256, 0, 0, 0, 0, 4, 999, 2;
1, 256, 0, 0, 0, 0, 5, 1000, 3;
1, 256, 0, 0, 0, 0, 4, 999, 2;
1, 256, 0, 0, 0, 0, 5, 1000, 3;
1, 256, 0, -1, -1, -1, 4, 999, 2;
1, 256, 0, 0, 0, 0, 5, 999, 2;
1, 256, 0, 0, 0, 0, 5, 1000, 3;
1, 256, 0, 0, 0, 0, 4, 999, 2;
1, 256, 0, 0, 0, 0, 5, 1000, 3;
1, 256, 0, 0, 0, 0, 4, 999, 2;
1, 256, 0, 0, 0, 0, 4, 999, 2;
1, 256, 0, -1, -1, -1, 4, 998, 1;
1, 256, 0, 0, 0, 0, 4, 999, 2;
1, 256, 0, -1, -1, -1, 3, 998, 1;
1, 256, 0, 0, 0, 0, 4, 999, 2;
1, 256, 1, 1, 1, 1, 6, 1001, 4;
1, 256, 1, 1, 1, 1, 6, 1001, 4;
1, 256, 1, 1, 1, 1, 6, 1001, 4;
1, 256, 1, 1, 1, 1, 6, 1001, 4;
1, 256, 0, 0, 0, 0, 5, 1000, 3;
1, 256, 0, 0, 0, 0, 5, 1000, 3;
1, 256, 0, 1, 1, 1, 5, 1000, 3;
1, 256, 0, 0, 0, 0, 4, 999, 2;
1, 256, 1, 1, 1, 1, 5, 1000, 3;
1, 256, 0, 0, 0, 0, 4, 999, 2;
1, 256, 0, -1, -1, -1, 4, 999, 2;
1, 256, 0, 1, 1, 1, 5, 1000, 3;
1, 256, 0, -1, -1, -1, 4, 998, 2;
0, 256, 0, -1, -1, -1, 3, 998, 1;
1, 256, 0, 0, 0, 0, 5, 1000, 3;
1, 256, 0, 0, 0, 0, 4, 999, 2;
1, 256, 1, 1, 1, 1, 6, 1000, 4;
1, 256, 0, 0, 0, 0, 4, 999, 2;
1, 256, 1, 1, 1, 1, 6, 1001, 4;
1, 256, 1, 1, 1, 1, 6, 1001, 4;
1, 256, 0, 1, 1, 1, 5, 1000, 3;
1, 256, 1, 1, 1, 1, 6, 1000, 3;
1, 256, 1, 1, 1, 1, 5, 1000, 3;
1, 256, 0, 1, 1, 1, 5, 1000, 3;
0, 256, 0, -1, -1, -1, 3, 998, 1;
1, 256, 0, 0, 0, 0, 4, 999, 2;
1, 256, 0, -1, -1, -1, 4, 999, 2;
1, 256, 0, 0, 0, 0, 5, 1000, 3;
1, 256, 0, 0, 0, 0, 5, 1000, 3;
1, 256, 1, 1, 1, 1, 6, 1000, 3;
1, 256, 0, -1, -1, -1, 4, 998, 2;
1, 256, 0, 0, 0, 0, 4, 999, 2;
1, 256, 0, -1, -1, -1, 4, 999, 2;
1, 256, 0, -1, -1, -1, 4, 999, 2;
1, 256, 0, 0, 0, 0, 4, 999, 2;
1, 256, 0, 0, 0, 0, 5, 1000, 3;
1, 256, 0, 0, 0, 0, 4, 999, 2;
1, 256, 0, 0, 0, 0, 4, 999, 2;
1, 256, 0, 0, 0, 0, 5, 1000, 3;
1, 256, 0, 0, 0, 0, 4, 999, 2;
1, 256, 0, 0, 0, 0, 4, 999, 2;
1, 256, 0, 0, 0, 0, 4, 999, 2;
1, 256, 0, -1, -1, -1, 4, 999, 2;
1, 256, 0, -1, -1, -1, 3, 998, 1;
1, 256, 0, 0, 0, 0, 5, 1000, 3;
1, 256, 0, -1, -1, -1, 4, 999, 2;
1, 256, 0, 0, 0, 0, 5, 1000, 3;
1, 256, 0, 0, 0, 0, 5, 1000, 3;
1, 256, 0, 0, 0, 0, 5, 1000, 3;
1, 256, 0, 0, 0, 0, 5, 1000, 3;
1, 256, 0, 1, 1, 1, 5, 1000, 3;
1, 256, 0, 0, 0, 0, 5, 1000, 3;
1, 256, 0, 0, 0, 0, 5, 999, 3;
1, 256, 0, -1, -1, -1, 4, 999, 2;
1, 256, 0, 0, 0, 0, 5, 999, 2;
1, 256, 0, 0, 0, 0, 4, 999, 2;
1, 256, 0, 0, 0, 0, 4, 999, 2;
1, 256, 0, -1, -1, -1, 4, 999, 2;
1, 256, 1, 1, 1, 1, 6, 1001, 4;
1, 256, 0, 0, 0, 0, 5, 999, 3;
1, 256, 0, 0, 0, 0, 4, 999, 2;
1, 256, 0, -1, -1, -1, 4, 999, 2;
1, 256, 0, 0, 0, 0, 5, 1000, 3;
1, 256, 0, 0, 0, 0, 4, 999, 2;
1, 256, 0, 0, 0, 0, 5, 1000, 3;
1, 256, 0, 1, 1, 1, 5, 1000, 3;
1, 256, 0, 0, 0, 0, 4, 999, 2;
1, 256, 0, -1, -1, -1, 4, 999, 2;
1, 256, 0, 1, 1, 1, 5, 1000, 3;
1, 256, 0, 0, 0, 0, 5, 1000, 3;
1, 256, 0, 0, 0, 0, 5, 1000, 3;
1, 256, 0, 0, 0, 0, 4, 999, 2;
1, 256, 0, -1, -1, -1, 4, 999, 2;
1, 256, 0, -1, -1, -1, 4, 998, 1;
1, 256, 1, 1, 1, 1, 6, 1001, 4;
1, 256, 0, -1, -1, -1, 4, 999, 2;
1, 256, 0, -1, -1, -1, 3, 998, 1;
1, 256, 0, 0, 0, 0, 4, 999, 2;
1, 256, 0, -1, -1, -1, 3, 998, 1;
1, 256, 0, 0, 0, 0, 5, 1000, 3;
1, 256, 0, 0, 0, 0, 4, 999, 2;
1, 256, 0, -1, -1, -1, 4, 999, 2;
1, 256, 1, 1, 1, 1, 6, 1001, 4;
1, 256, 0, 1, 1, 1, 5, 1000, 3;
1, 256, 0, -1, -1, -1, 3, 998, 1;
1, 256, 1, 1, 1, 1, 5, 1000, 3;
1, 256, 0, 1, 1, 1, 5, 1000, 3;
1, 256, 0, -1, -1, -1, 4, 999, 2;
1, 256, 1, 1, 1, 1, 5, 1000, 3;
1, 256, 1, 1, 1, 1, 6, 1001, 4;
1, 256, 0, -1, -1, -1, 4, 999, 2;
1, 256, 0, -1, -1, -1, 4, 999, 2;
1, 256, 1, 1, 1, 1, 6, 1001, 4;
1, 256, 1, 1, 1, 1, 5, 1000, 3;
1, 256, 0, -1, -1, -1, 4, 999, 2;
1, 256, 0, 0, 0, 0, 4, 999, 2;
1, 256, 0, -1, -1, -1, 4, 999, 2;
1, 256, 0, -1, -1, -1, 4, 999, 2;
1, 256, 0, 0, 0, 0, 5, 1000, 3;
1, 256, 0, 0, 0, 0, 4, 999, 2;
1, 256, 1, 1, 1, 1, 6, 1000, 3;
1, 256, 0, 0, 0, 0, 5, 1000, 3;
1, 256, 0, 0, 0, 0, 5, 1000, 3;
1, 256, 1, 1, 1, 1, 6, 1001, 4;
1, 256, 0, 0, 0, 0, 5, 1000, 3;
1, 256, 0, 0, 0, 0, 4, 999, 2;
1, 256, 1, 1, 1, 1, 6, 1001, 4;
1, 256, 1, 1, 1, 1, 5, 1000, 3;
1, 256, 0, 0, 0, 0, 5, 1000, 3;
1, 256, 0, 0, 0, 0, 4, 999, 2;
1, 256, 0, -1, -1, -1, 4, 999, 2;
1, 256, 0, -1, -1, -1, 4, 999, 2;
1, 256, 0, -1, -1, -1, 4, 998, 1;
1, 256, 1, 1, 1, 1, 6, 1001, 4;
1, 256, 0, 1, 1, 1, 5, 1000, 3;
1, 256, 1, 1, 1, 1, 6, 1001, 4;
1, 256, 0, 0, 0, 0, 5, 1000, 3;
1, 256, 0, -1, -1, -1, 4, 998, 1;
1, 256, 1, 1, 1, 1, 6, 1001, 4;
1, 256, 1, 1, 1, 1, 6, 1001, 4;
1, 256, 1, 1, 1, 1, 6, 1001, 4;
1, 256, 1, 1, 1, 1, 5, 1000, 3;
1, 256, 1, 1, 1, 1, 5, 1000, 3;
1, 256, 0, 0, 0, 0, 5, 1000, 3;
1, 256, 0, 0, 0, 0, 5, 1000, 3;
1, 256, 0, -1, -1, -1, 4, 999, 2;
1, 256, 0, 0, 0, 0, 5, 1000, 3;
1, 256, 0, -1, -1, -1, 4, 999, 2;
1, 256, 0, 0, 0, 0, 4, 999, 2;
1, 256, 0, 0, 0, 0, 4, 999, 2;
1, 256, 0, 0, 0, 0, 4, 999, 2;
1, 256, 0, -1, -1, -1, 4, 999, 2;
1, 256, 0, 0, 0, 0, 4, 999, 2;
1, 256, 0, 1, 1, 1, 5, 1000, 3;
1, 256, 0, -1, -1, -1, 4, 999, 2;
1, 256, 0, 0, 0, 0, 4, 999, 2;
1, 256, 0, -1, -1, -1, 4, 999, 2;
1, 256, 1, 1, 1, 1, 6, 1001, 4;
1, 256, 0, -1, -1, -1, 4, 999, 2;
1, 256, 1, 1, 1, 1, 6, 1000, 4;
1, 256, 0, 0, 0, 0, 5, 1000, 3;
1, 256, 0, 0, 0, 0, 4, 999, 2;
1, 256, 0, 0, 0, 0, 5, 1000, 3;
1, 256, 0, 0, 0, 0, 5, 1000, 3;
0, 256, 0, -1, -1, -1, 3, 998, 1;
1, 256, 0, 0, 0, 0, 4, 999, 2;
1, 256, 0, 0, 0, 0, 4, 999, 2;
1, 256, 1, 1, 1, 1, 6, 1001, 4;
1, 256, 0, 0, 0, 0, 5, 1000, 3;
1, 256, 0, -1, -1, -1, 4, 999, 2;
1, 256, 0, 0, 0, 0, 5, 1000, 3;
1, 256, 0, 0, 0, 0, 4, 999, 2;
1, 256, 0, -1, -1, -1, 4, 999, 2;
1, 256, 0, 0, 0, 0, 5, 1000, 3;
1, 256, 0, 0, 0, 0, 5, 999, 2;
1, 256, 0, 0, 0, 0, 5, 1000, 3;
1, 256, 0, 0, 0, 0, 5, 1000, 3;
1, 256, 0, 0, 0, 0, 5, 1000, 3;
1, 256, 0, -1, -1, -1, 3, 998, 1;
1, 256, 0, 0, 0, 0, 5, 1000, 3;
1, 256, 0, 0, 0, 0, 4, 999, 2;
1, 256, 0, 0, 0, 0, 5, 1000, 3;
1, 256, 0, 0, 0, 0, 5, 1000, 3;
1, 256, 1, 1, 1, 1, 6, 1000, 4;
1, 256, 0, 0, 0, 0, 5, 1000, 3;
1, 256, 0, 0, 0, 0, 5, 1000, 3;
1, 256, 0, 0, 0, 0, 4, 999, 2;
1, 256, 0, 0, 0, 0, 4, 999, 2;
1, 256, 0, 0, 0, 0, 4, 999, 2;
1, 256, 1, 1, 1, 1, 6, 1000, 4;
1, 256, 0, 1, 1, 1, 5, 1000, 3;
1, 256, 0, 1, 1, 1, 5, 1000, 3;
1, 256, 1, 1, 1, 1, 6, 1001, 4;
1, 256, 0, 0, 0, 0, 5, 1000, 3;
1, 256, 0, 0, 0, 0, 5, 1000, 3;
1, 256, 0, -1, -1, -1, 4, 999, 2;
1, 256, 0, 0, 0, 0, 5, 1000, 3;
1, 256, 1, 1, 1, 1, 6, 1001, 4;
1, 256, 0, 0, 0, 0, 5, 1000, 3;
1, 256, 0, -1, -1, -1, 3, 998, 1;
1, 256, 1, 1, 1, 1, 6, 1001, 4;
1, 256, 0, -1, -1, -1, 4, 999, 2;
1, 256, 0, 0, 0, 0, 5, 1000, 3;
1, 256, 0, -1, -1, -1, 3, 998, 1;
1, 256, 0, 0, 0, 0, 4, 999, 2;
1, 256, 0, 0, 0, 0, 4, 999, 2;
1, 256, 0, 0, 0, 0, 4, 999, 2;
1, 256, 1, 1, 1, 1, 6, 1000, 3;
1, 256, 0, 0, 0, 0, 4, 999, 2;
1, 256, 0, 0, 0, 0, 5, 1000, 3;
1, 256, 0, -1, -1, -1, 4, 999, 2;
1, 256, 1, 1, 1, 1, 5, 1000, 3;
1, 256, 1, 1, 1, 1, 6, 1000, 3;
1, 256, 0, 0, 0, 0, 4, 999, 2;
1, 256, 1, 1, 1, 1, 6, 1000, 4;
1, 256, 0, -1, -1, -1, 4, 999, 2;
1, 256, 0, 0, 0, 0, 4, 999, 2;
1, 256, 0, 0, 0, 0, 5, 1000, 3;
1, 256, 0, 0, 0, 0, 5, 1000, 3;
1, 256, 0, 0, 0, 0, 5, 1000, 3;
1, 256, 0, 1, 1, 1, 5, 1000, 3;
1, 256, 0, -1, -1, -1, 4, 999, 2;
1, 256, 0, 0, 0, 0, 4, 999, 2;
1, 256, 0, 0, 0, 0, 5, 999, 3;
1, 256, 0, 0, 0, 0, 5, 1000, 3;
1, 256, 0, 1, 1, 1, 5, 1000, 3;
1, 256, 0, 0, 0, 0, 4, 999, 2;
1, 256, 0, 0, 0, 0, 5, 1000, 3;
1, 256, 0, 0, 0, 0, 5, 999, 3;
1, 256, 0, 0, 0, 0, 5, 1000, 3;
1, 256, 0, 0, 0, 0, 5, 1000, 3;
1, 256, 0, 1, 1, 1, 5, 1000, 3;
1, 256, 0, 0, 0, 0, 5, 1000, 3;
1, 256, 0, 0, 0, 0, 5, 1000, 3;
1, 256, 1, 1, 1, 1, 5, 1000, 3;
1, 256, 0, 0, 0, 0, 4, 999, 2;
1, 256, 1, 1, 1, 1, 6, 1001, 4;
1, 256, 0, 0, 0, 0, 5, 1000, 3;
1, 256, 1, 1, 1, 1, 6, 1000, 4;
1, 256, 0, -1, -1, -1, 4, 998, 1;
1, 256, 0, 1, 1, 1, 5, 1000, 3;
1, 256, 0, 0, 0, 0, 4, 999, 2;
1, 256, 0, 0, 0, 0, 5, 1000, 3;
1, 256, 0, 0, 0, 0, 4, 999, 2;
1, 256, 1, 1, 1, 1, 6, 1001, 4;
1, 256, 0, 1, 1, 1, 5, 1000, 3;
1, 256, 0, -1, -1, -1, 3, 998, 1;
1, 256, 0, 1, 1, 1, 5, 1000, 3;
1, 256, 0, -1, -1, -1, 4, 999, 2;
1, 256, 0, 0, 0, 0, 4, 999, 2;
1, 256, 0, 0, 0, 0, 4, 999, 2;
1, 256, 0, 0, 0, 0, 4, 999, 2;
1, 256, 0, 0, 0, 0, 5, 1000, 3;
1, 256, 0, 0, 0, 0, 5, 1000, 3;
1, 256, 0, 0, 0, 0, 5, 1000, 3;
0, 256, 0, -1, -1, -1, 3, 998, 1;
1, 256, 1, 1, 1, 1, 6, 1000, 4;
1, 256, 0, 0, 0, 0, 5, 1000, 3;
1, 256, 0, 0, 0, 0, 4, 999, 2;
1, 256, 1, 1, 1, 1, 6, 1000, 4;
1, 256, 0, 0, 0, 0, 4, 999, 2;
1, 256, 0, 0, 0, 0, 5, 1000, 3;
1, 256, 0, 0, 0, 0, 5, 1000, 3;
1, 256, 0, 0, 0, 0, 5, 1000, 3;
1, 256, 0, -1, -1, -1, 4, 999, 2;
1, 256, 0, -1, -1, -1, 4, 998, 2;
1, 256, 1, 1, 1, 1, 6, 1001, 4;
1, 256, 0, 0, 0, 0, 5, 1000, 3;
1, 256, 0, 0, 0, 0, 4, 999, 2;
1, 256, 0, 0, 0, 0, 5, 1000, 3;
1, 256, 0, -1, -1, -1, 4, 999, 2;
1, 256, 1, 1, 1, 1, 6, 1001, 4;
1, 256, 0, 0, 0, 0, 5, 1000, 3;
1, 256, 0, 0, 0, 0, 5, 1000, 3;
1, 256, 0, 0, 0, 0, 5, 1000, 3;
1, 256, 0, 0, 0, 0, 5, 1000, 3;
1, 256, 1, 1, 1, 1, 6, 1001, 4;
1, 256, 0, 1, 1, 1, 5, 1000, 3;
1, 256, 0, 0, 0, 0, 5, 1000, 3;
1, 256, 0, 0, 0, 0, 4, 999, 2;
1, 256, 0, 0, 0, 0, 5, 1000, 3;
1, 256, 0, 0, 0, 0, 4, 999, 2;
1, 256, 0, -1, -1, -1, 4, 999, 2;
1, 256, 0, 0, 0, 0, 5, 999, 3;
1, 256, 0, 0, 0, 0, 4, 999, 2;
1, 256, 0, -1, -1, -1, 3, 998, 1;
1, 256, 0, 0, 0, 0, 5, 999, 3;
1, 256, 0, 0, 0, 0, 5, 1000, 3;
1, 256, 0, 0, 0, 0, 5, 1000, 3;
1, 256, 0, 0, 0, 0, 5, 1000, 3;
1, 256, 0, 0, 0, 0, 5, 1000, 3;
1, 256, 1, 1, 1, 1, 6, 1001, 4;
1, 256, 0, 0, 0, 0, 5, 1000, 3;
1, 256, 0, -1, -1, -1, 4, 999, 2;
1, 256, 1, 1, 1, 1, 5, 1000, 3;
1, 256, 0, -1, -1, -1, 4, 999, 2;
1, 256, 1, 1, 1, 1, 6, 1000, 3;
1, 256, 0, 0, 0, 0, 5, 1000, 3;
1, 256, 0, 0, 0, 0, 5, 1000, 3;
1, 256, 0, 0, 0, 0, 5, 1000, 3;
1, 256, 0, 0, 0, 0, 4, 999, 2;
1, 256, 1, 1, 1, 1, 6, 1000, 4;
1, 256, 0, -1, -1, -1, 4, 999, 2;
1, 256, 0, 1, 1, 1, 5, 1000, 3;
1, 256, 0, 0, 0, 0, 4, 999, 2;
1, 256, 0, 0, 0, 0, 5, 1000, 3;
1, 256, 1, 1, 1, 1, 6, 1001, 4;
1, 256, 0, 0, 0, 0, 5, 1000, 3;
1, 256, 0, 0, 0, 0, 4, 999, 2;
1, 256, 1, 1, 1, 1, 5, 1000, 3;
1, 256, 0, -1, -1, -1, 3, 998, 1;
1, 256, 0, 0, 0, 0, 5, 1000, 3;
1, 256, 0, -1, -1, -1, 4, 999, 2;
1, 256, 0, -1, -1, -1, 4, 999, 2;
1, 256, 0, 0, 0, 0, 5, 999, 2;
1, 256, 0, 0, 0, 0, 5, 1000, 3;
1, 256, 0, 1, 1, 1, 5, 1000, 3;
1, 256, 0, 0, 0, 0, 4, 999, 2;
1, 256, 0, 0, 0, 0, 4, 999, 2;
1, 256, 0, 0, 0, 0, 4, 999, 2;
1, 256, 0, -1, -1, -1, 4, 999, 2;
1, 256, 1, 1, 1, 1, 6, 1001, 4;
1, 256, 0, -1, -1, -1, 4, 999, 2;
1, 256, 0, -1, -1, -1, 4, 998, 1;
1, 256, 0, 0, 0, 0, 4, 999, 2;
1, 256, 1, 1, 1, 1, 6, 1000, 3;
1, 256, 0, 0, 0, 0, 4, 999, 2;
1, 256, 0, 0, 0, 0, 5, 1000, 3;
1, 256, 0, 0, 0, 0, 5, 1000, 3;
1, 256, 1, 1, 1, 1, 6, 1001, 4;
1, 256, 1, 1, 1, 1, 5, 1000, 3;
1, 256, 1, 1, 1, 1, 6, 1000, 4;
1, 256, 0, 1, 1, 1, 5, 1000, 3;
1, 256, 0, 0, 0, 0, 5, 1000, 3;
1, 256, 0, 0, 0, 0, 4, 999, 2;
1, 256, 0, 0, 0, 0, 4, 999, 2;
1, 256, 0, -1, -1, -1, 4, 999, 2;
1, 256, 0, 0, 0, 0, 5, 999, 3;
1, 256, 0, 0, 0, 0, 4, 999, 2;
1, 256, 0, 0, 0, 0, 4, 999, 2;
1, 256, 0, 1, 1, 1, 5, 1000, 3;
1, 256, 1, 1, 1, 1, 6, 1001, 4;
1, 256, 1, 1, 1, 1, 6, 1000, 3;
1, 256, 1, 1, 1, 1, 6, 1001, 4;
1, 256, 0, -1, -1, -1, 4, 999, 2;
1, 256, 0, 0, 0, 0, 4, 999, 2;
1, 256, 0, 0, 0, 0, 5, 999, 3;
1, 256, 0, 0, 0, 0, 4, 999, 2;
1, 256, 0, 0, 0, 0, 4, 999, 2;
1, 256, 1, 1, 1, 1, 6, 1001, 4;
1, 256, 0, -1, -1, -1, 4, 999, 2;
1, 256, 0, 1, 1, 1, 5, 1000, 3;
1, 256, 1, 1, 1, 1, 5, 1000, 3;
1, 256, 0, 0, 0, 0, 5, 1000, 3;
1, 256, 0, 0, 0, 0, 4, 999, 2;
1, 256, 0, -1, -1, -1, 4, 999, 2;
1, 256, 0, 0, 0, 0, 5, 999, 3;
1, 256, 0, 1, 1, 1, 5, 1000, 3;
1, 256, 0, 0, 0, 0, 4, 999, 2;
1, 256, 0, 0, 0, 0, 5, 1000, 3;
1, 256, 0, 0, 0, 0, 5, 1000, 3;
1, 256, 0, 0, 0, 0, 5, 999, 3;
1, 256, 0, 1, 1, 1, 5, 1000, 3;
1, 256, 0, 0, 0, 0, 5, 1000, 3;
1, 256, 0, 0, 0, 0, 4, 999, 2;
1, 256, 0, -1, -1, -1, 3, 998, 1;
1, 256, 0, 0, 0, 0, 5, 1000, 3;
1, 256, 0, 0, 0, 0, 4, 999, 2;
1, 256, 0, 0, 0, 0, 5, 1000, 3;
1, 256, 0, 0, 0, 0, 5, 1000, 3;
1, 256, 1, 1, 1, 1, 6, 1001, 4;
1, 256, 0, 0, 0, 0, 4, 999, 2;
1, 256, 0, 0, 0, 0, 5, 1000, 3;
1, 256, 0, 0, 0, 0, 4, 999, 2;
1, 256, 0, 0, 0, 0, 4, 999, 2;
1, 256, 1, 1, 1, 1, 6, 1001, 4;
1, 256, 1, 1, 1, 1, 6, 1001, 4;
1, 256, 0, 0, 0, 0, 4, 999, 2;
1, 256, 1, 1, 1, 1, 6, 1001, 4;
1, 256, 0, -1, -1, -1, 3, 998, 1;
1, 256, 1, 1, 1, 1, 6, 1001, 4;
1, 256, 0, 0, 0, 0, 4, 999, 2;
1, 256, 0, 0, 0, 0, 5, 1000, 3;
1, 256, 1, 1, 1, 1, 6, 1001, 4;
1, 256, 0, 0, 0, 0, 5, 999, 3;
1, 256, 0, 0, 0, 0, 4, 999, 2;
1, 256, 0, 0, 0, 0, 5, 999, 2;
1, 256, 0, -1, -1, -1, 3, 998, 1;
1, 256, 0, -1, -1, -1, 4, 999, 2;
1, 256, 0, 0, 0, 0, 5, 999, 3;
1, 256, 0, 0, 0, 0, 4, 999, 2;
1, 256, 0, -1, -1, -1, 4, 999, 2;
1, 256, 0, 0, 0, 0, 4, 999, 2;
1, 256, 0, 1, 1, 1, 5, 1000, 3;
1, 256, 1, 1, 1, 1, 6, 1001, 4;
1, 256, 0, -1, -1, -1, 4, 998, 2;
1, 256, 0, -1, -1, -1, 4, 999, 2;
1, 256, 0, 0, 0, 0, 5, 1000, 3;
1, 256, 1, 1, 1, 1, 6, 1001, 4;
1, 256, 0, 0, 0, 0, 5, 1000, 3;
1, 256, 0, -1, -1, -1, 4, 999, 2;
1, 256, 0, 1, 1, 1, 5, 1000, 3;
1, 256, 0, 0, 0, 0, 5, 1000, 3;
1, 256, 0, 0, 0, 0, 4, 999, 2;
1, 256, 0, 0, 0, 0, 5, 1000, 3;
1, 256, 0, 1, 1, 1, 5, 1000, 3;
1, 256, 1, 1, 1, 1, 6, 1001, 4;
1, 256, 0, 1, 1, 1, 5, 1000, 3;
1, 256, 0, 0, 0, 0, 5, 1000, 3;
1, 256, 0, 0, 0, 0, 5, 1000, 3;
1, 256, 0, 0, 0, 0, 5, 1000, 3;
1, 256, 0, 1, 1, 1, 5, 1000, 3;
1, 256, 0, 1, 1, 1, 5, 1000, 3;
1, 256, 0, 0, 0, 0, 5, 999, 3;
1, 256, 0, 0, 0, 0, 4, 999, 2;
1, 256, 0, 0, 0, 0, 5, 999, 3;
1, 256, 0, 0, 0, 0, 5, 999, 3;
1, 256, 0, 0, 0, 0, 4, 999, 2;
1, 256, 0, 0, 0, 0, 5, 1000, 3;
1, 256, 0, -1, -1, -1, 3, 998, 1;
1, 256, 0, -1, -1, -1, 4, 999, 2;
1, 256, 0, 1, 1, 1, 5, 1000, 3;
1, 256, 1, 1, 1, 1, 6, 1000, 4;
1, 256, 0, -1, -1, -1, 4, 999, 2;
1, 256, 0, 0, 0, 0, 4, 999, 2;
1, 256, 0, 0, 0, 0, 5, 1000, 3;
1, 256, 0, 0, 0, 0, 4, 999, 2;
1, 256, 0, 0, 0, 0, 5, 1000, 3;
1, 256, 0, 0, 0, 0, 4, 999, 2;
1, 256, 0, -1, -1, -1, 4, 999, 2;
1, 256, 0, 0, 0, 0, 5, 1000, 3;
1, 256, 0, -1, -1, -1, 4, 999, 2;
1, 256, 0, -1, -1, -1, 4, 999, 2;
1, 256, 1, 1, 1, 1, 5, 1000, 3;
1, 256, 0, 0, 0, 0, 5, 1000, 3;
1, 256, 0, 0, 0, 0, 5, 1000, 3;
1, 256, 0, 0, 0, 0, 5, 1000, 3;
1, 256, 0, 0, 0, 0, 4, 999, 2;
1, 256, 1, 1, 1, 1, 6, 1001, 4;
1, 256, 0, 0, 0, 0, 5, 1000, 3;
0, 256, 0, -1, -1, -1, 3, 998, 1;
1, 256, 1, 1, 1, 1, 6, 1000, 3;
1, 256, 0, 0, 0, 0, 5, 1000, 3;
1, 256, 1, 1, 1, 1, 6, 1001, 4;
1, 256, 0, 0, 0, 0, 5, 1000, 3;
1, 256, 1, 1, 1, 1, 6, 1001, 4;
1, 256, 0, 0, 0, 0, 4, 999, 2;
1, 256, 0, 0, 0, 0, 4, 999, 2;
1, 256, 1, 1, 1, 1, 5, 1000, 3;
1, 256, 0, -1, -1, -1, 4, 999, 2;
1, 256, 0, 0, 0, 0, 4, 999, 2;
1, 256, 0, -1, -1, -1, 4, 999, 2;
1, 256, 0, 0, 0, 0, 4, 999, 2;
1, 256, 0, 0, 0, 0, 5, 1000, 3;
1, 256, 0, 0, 0, 0, 4, 999, 2;
1, 256, 0, -1, -1, -1, 4, 999, 2;
1, 256, 0, 0, 0, 0, 5, 1000, 3;
1, 256, 0, 0, 0, 0, 4, 999, 2;
1, 256, 0, -1, -1, -1, 3, 998, 1;
1, 256, 0, 0, 0, 0, 4, 999, 2;
1, 256, 1, 1, 1, 1, 6, 1000, 4;
1, 256, 0, 0, 0, 0, 5, 1000, 3;
1, 256, 0, 0, 0, 0, 4, 999, 2;
0, 256, 0, -1, -1, -1, 3, 998, 1;
1, 256, 0, 0, 0, 0, 4, 999, 2;
1, 256, 0, 0, 0, 0, 4, 999, 2;
1, 256, 0, 0, 0, 0, 4, 999, 2;
1, 256, 0, 0, 0, 0, 5, 1000, 3;
1, 256, 0, 0, 0, 0, 4, 999, 2;
1, 256, 0, 0, 0, 0, 4, 999, 2;
1, 256, 1, 1, 1, 1, 6, 1001, 4;
1, 256, 1, 1, 1, 1, 5, 1000, 3;
1, 256, 0, -1, -1, -1, 4, 998, 1;
1, 256, 0, 0, 0, 0, 5, 1000, 3;
1, 256, 0, 0, 0, 0, 5, 1000, 3;
1, 256, 0, 0, 0, 0, 5, 1000, 3;
1, 256, 0, 0, 0, 0, 5, 1000, 3;
1, 256, 0, -1, -1, -1, 4, 999, 2;
1, 256, 0, -1, -1, -1, 4, 999, 2;
1, 256, 0, -1, -1, -1, 4, 999, 2;
1, 256, 0, 1, 1, 1, 5, 1000, 3;
1, 256, 0, 1, 1, 1, 5, 1000, 3;
1, 256, 0, -1, -1, -1, 4, 999, 2;
1, 256, 1, 1, 1, 1, 6, 1001, 4;
1, 256, 0, -1, -1, -1, 4, 999, 2;
1, 256, 0, -1, -1, -1, 4, 999, 2;
1, 256, 0, 0, 0, 0, 5, 1000, 3;
1, 256, 0, -1, -1, -1, 4, 999, 2;
1, 256, 0, -1, -1, -1, 3, 998, 1;
1, 256, 1, 1, 1, 1, 6, 1001, 4;
1, 256, 0, -1, -1, -1, 4, 999, 2;
1, 256, 0, 0, 0, 0, 5, 1000, 3;
1, 256, 0, 1, 1, 1, 5, 1000, 3;
1, 256, 1, 1, 1, 1, 5, 1000, 3;
1, 256, 0, 1, 1, 1, 5, 1000, 3;
1, 256, 0, -1, -1, -1, 4, 999, 2;
1, 256, 0, 0, 0, 0, 5, 1000, 3;
1, 256, 0, -1, -1, -1, 4, 998, 2;
1, 256, 0, 0, 0, 0, 5, 1000, 3;
1, 256, 0, -1, -1, -1, 4, 999, 2;
1, 256, 0, 0, 0, 0, 4, 999, 2;
1, 256, 0, 1, 1, 1, 5, 1000, 3;
1, 256, 0, -1, -1, -1, 3, 998, 1;
1, 256, 0, 0, 0, 0, 5, 1000, 3;
1, 256, 0, 0, 0, 0, 4, 999, 2;
1, 256, 1, 1, 1, 1, 6, 1001, 4;
1, 256, 0, -1, -1, -1, 4, 999, 2;
1, 256, 0, 0, 0, 0, 5, 1000, 3;
1, 256, 0, 0, 0, 0, 5, 1000, 3;
1, 256, 0, 0, 0, 0, 5, 1000, 3;
1, 256, 0, 0, 0, 0, 4, 999, 2;
1, 256, 0, 0, 0, 0, 5, 1000, 3;
1, 256, 0, 0, 0, 0, 4, 999, 2;
1, 256, 1, 1, 1, 1, 6, 1001, 4;
1, 256, 0, 0, 0, 0, 5, 1000, 3;
1, 256, 0, 0, 0, 0, 5, 1000, 3;
1, 256, 0, 0, 0, 0, 4, 999, 2;
1, 256, 0, 0, 0, 0, 4, 999, 2;
1, 256, 0, 0, 0, 0, 5, 1000, 3;
1, 256, 0, 1, 1, 1, 5, 1000, 3;
1, 256, 0, 0, 0, 0, 5, 1000, 3;
1, 256, 1, 1, 1, 1, 6, 1001, 4;
1, 256, 0, 0, 0, 0, 5, 1000, 3;
1, 256, 1, 1, 1, 1, 6, 1001, 4;
1, 256, 0, 0, 0, 0, 4, 999, 2;
1, 256, 0, 0, 0, 0, 4, 999, 2;
1, 256, 0, 1, 1, 1, 5, 1000, 3;
1, 256, 0, -1, -1, -1, 4, 999, 2;
1, 256, 1, 1, 1, 1, 6, 1001, 4;
1, 256, 0, -1, -1, -1, 4, 998, 2;
1, 256, 0, 0, 0, 0, 4, 999, 2;
1, 256, 0, -1, -1, -1, 4, 998, 2;
1, 256, 0, 0, 0, 0, 5, 1000, 3;
1, 256, 0, 0, 0, 0, 5, 1000, 3;
1, 256, 0, -1, -1, -1, 4, 999, 2;
1, 256, 0, 0, 0, 0, 5, 999, 2;
1, 256, 0, 0, 0, 0, 4, 999, 2;
1, 256, 1, 1, 1, 1, 6, 1000, 3;
1, 256, 0, 0, 0, 0, 4, 999, 2;
1, 256, 1, 1, 1, 1, 6, 1001, 4;
1, 256, 0, 0, 0, 0, 4, 999, 2;
1, 256, 0, -1, -1, -1, 4, 999, 2;
1, 256, 1, 1, 1, 1, 6, 1001, 4;
1, 256, 0, 0, 0, 0, 5, 1000, 3;
1, 256, 0, 0, 0, 0, 4, 999, 2;
1, 256, 1, 1, 1, 1, 6, 1001, 4;
1, 256, 0, 0, 0, 0, 4, 999, 2;
1, 256, 0, 0, 0, 0, 5, 1000, 3;
1, 256, 0, 1, 1, 1, 5, 1000, 3;
1, 256, 0, -1, -1, -1, 4, 998, 2;
1, 256, 0, -1, -1, -1, 3, 998, 1;
1, 256, 0, 0, 0, 0, 5, 1000, 3;
1, 256, 0, 0, 0, 0, 4, 999, 2;
1, 256, 0, 0, 0, 0, 5, 1000, 3;
0, 256, 0, -1, -1, -1, 3, 998, 1;
1, 256, 0, 0, 0, 0, 4, 999, 2;
1, 256, 0, 0, 0, 0, 5, 1000, 3;
1, 256, 0, 0, 0, 0, 4, 999, 2;
1, 256, 0, 1, 1, 1, 5, 1000, 3;
1, 256, 0, 0, 0, 0, 4, 999, 2;
1, 256, 0, 0, 0, 0, 5, 999, 2;
1, 256, 0, 0, 0, 0, 5, 1000, 3;
1, 256, 0, 0, 0, 0, 4, 999, 2;
1, 256, 1, 1, 1, 1, 6, 1001, 4;
1, 256, 0, 0, 0, 0, 4, 999, 2;
1, 256, 0, 1, 1, 1, 5, 1000, 3;
1, 256, 0, 0, 0, 0, 5, 1000, 3;
1, 256, 0, -1, -1, -1, 4, 999, 2;
1, 256, 0, 1, 1, 1, 5, 1000, 3;
1, 256, 1, 1, 1, 1, 6, 1001, 4;
1, 256, 0, 0, 0, 0, 5, 1000, 3;
1, 256, 1, 1, 1, 1, 5, 1000, 3;
1, 256, 0, 0, 0, 0, 5, 1000, 3;
1, 256, 0, 0, 0, 0, 5, 1000, 3;
1, 256, 0, 0, 0, 0, 4, 999, 2;
1, 256, 0, 0, 0, 0, 4, 999, 2;
1, 256, 0, 0, 0, 0, 4, 999, 2;
1, 256, 0, -1, -1, -1, 4, 998, 1;
1, 256, 0, -1, -1, -1, 4, 999, 2;
1, 256, 0, -1, -1, -1, 4, 999, 2;
1, 256, 0, 0, 0, 0, 4, 999, 2;
1, 256, 0, 0, 0, 0, 5, 1000, 3;
1, 256, 0, 0, 0, 0, 5, 1000, 3;
1, 256, 1, 1, 1, 1, 6, 1001, 4;
1, 256, 0, 0, 0, 0, 5, 1000, 3;
1, 256, 0, -1, -1, -1, 4, 999, 2;
1, 256, 1, 1, 1, 1, 6, 1001, 4;
1, 256, 0, 0, 0, 0, 5, 999, 3;
1, 256, 0, 0, 0, 0, 4, 999, 2;
1, 256, 0, 0, 0, 0, 5, 1000, 3;
1, 256, 0, 0, 0, 0, 5, 1000, 3;
1, 256, 0, -1, -1, -1, 4, 998, 1;
1, 256, 0, 1, 1, 1, 5, 1000, 3;
1, 256, 0, 0, 0, 0, 5, 1000, 3;
1, 256, 0, 1, 1, 1, 5, 1000, 3;
1, 256, 0, 0, 0, 0, 4, 999, 2;
1, 256, 0, 0, 0, 0, 5, 999, 2;
1, 256, 0, -1, -1, -1, 4, 999, 2;
1, 256, 0, 0, 0, 0, 4, 999, 2;
1, 256, 0, 0, 0, 0, 4, 999, 2;
1, 256, 0, -1, -1, -1, 3, 998, 1;
0, 256, 0, -1, -1, -1, 3, 998, 1;
1, 256, 0, -1, -1, -1, 4, 999, 2;
1, 256, 0, -1, -1, -1, 4, 998, 1;
1, 256, 1, 1, 1, 1, 6, 1001, 4;
1, 256, 0, 1, 1, 1, 5, 1000, 3;
1, 256, 0, -1, -1, -1, 4, 999, 2;
1, 256, 0, -1, -1, -1, 3, 998, 1;
1, 256, 0, -1, -1, -1, 4, 999, 2;
1, 256, 0, -1, -1, -1, 4, 999, 2;
1, 256, 0, -1, -1, -1, 3, 998, 1;
1, 256, 0, -1, -1, -1, 4, 999, 2;
1, 256, 0, -1, -1, -1, 4, 999, 2;
1, 256, 0, -1, -1, -1, 4, 999, 2;
1, 256, 0, 0, 0, 0, 4, 999, 2;
1, 256, 0, -1, -1, -1, 4, 999, 2;
1, 256, 0, 0, 0, 0, 5, 1000, 3;
1, 256, 0, -1, -1, -1, 4, 999, 2;
1, 256, 0, 0, 0, 0, 5, 1000, 3;
1, 256, 0, 0, 0, 0, 5, 1000, 3;
1, 256, 0, 0, 0, 0, 4, 999, 2;
1, 256, 0, 1, 1, 1, 5, 1000, 3;
1, 256, 0, 0, 0, 0, 5, 1000, 3;
1, 256, 0, 0, 0, 0, 4, 999, 2;
1, 256, 0, 0, 0, 0, 4, 999, 2;
1, 256, 0, -1, -1, -1, 4, 998, 2;
1, 256, 0, 0, 0, 0, 5, 1000, 3;
1, 256, 0, -1, -1, -1, 4, 999, 2;
1, 256, 0, 0, 0, 0, 5, 1000, 3;
1, 256, 1, 1, 1, 1, 6, 1001, 4;
1, 256, 1, 1, 1, 1, 6, 1001, 4;
1, 256, 0, 0, 0, 0, 5, 1000, 3;
1, 256, 0, 1, 1, 1, 5, 1000, 3;
1, 256, 0, 1, 1, 1, 5, 1000, 3;
1, 256, 1, 1, 1, 1, 6, 1000, 4;
1, 256, 0, 1, 1, 1, 5, 1000, 3;
1, 256, 0, -1, -1, -1, 4, 998, 2;
1, 256, 0, 0, 0, 0, 5, 1000, 3;
1, 256, 0, -1, -1, -1, 4, 999, 2;
1, 256, 0, -1, -1, -1, 4, 999, 2;
1, 256, 0, 0, 0, 0, 5, 1000, 3;
1, 256, 0, 0, 0, 0, 4, 999, 2;
1, 256, 0, 0, 0, 0, 4, 999, 2;
1, 256, 0, -1, -1, -1, 4, 999, 2;
1, 256, 0, -1, -1, -1, 4, 998, 1;
1, 256, 0, 0, 0, 0, 5, 1000, 3;
1, 256, 1, 1, 1, 1, 6, 1001, 4;
1, 256, 0, 0, 0, 0, 4, 999, 2;
1, 256, 0, 0, 0, 0, 4, 999, 2;
1, 256, 0, -1, -1, -1, 4, 999, 2;
1, 256, 0, -1, -1, -1, 4, 999, 2;
1, 256, 0, 0, 0, 0, 5, 1000, 3;
1, 256, 0, 0, 0, 0, 5, 1000, 3;
1, 256, 0, -1, -1, -1, 3, 998, 1;
1, 256, 0, 0, 0, 0, 5, 1000, 3;
1, 256, 0, 0, 0, 0, 5, 999, 3;
1, 256, 1, 1, 1, 1, 6, 1000, 4;
1, 256, 0, 0, 0, 0, 4, 999, 2;
1, 256, 0, -1, -1, -1, 4, 998, 1;
1, 256, 0, 0, 0, 0, 5, 1000, 3;
1, 256, 0, 0, 0, 0, 5, 1000, 3;
1, 256, 0, -1, -1, -1, 4, 999, 2;
1, 256, 0, 0, 0, 0, 4, 999, 2;
1, 256, 0, -1, -1, -1, 4, 999, 2;
1, 256, 0, 0, 0, 0, 4, 999, 2;
1, 256, 0, 0, 0, 0, 5, 1000, 3;
1, 256, 0, 0, 0, 0, 4, 999, 2;
1, 256, 1, 1, 1, 1, 5, 1000, 3;
1, 256, 0, 0, 0, 0, 5, 1000, 3;
1, 256, 0, 0, 0, 0, 4, 999, 2;
1, 256, 0, 0, 0, 0, 4, 999, 2;
1, 256, 0, 0, 0, 0, 5, 1000, 3;
1, 256, 0, 0, 0, 0, 4, 999, 2;
1, 256, 0, 0, 0, 0, 4, 999, 2;
1, 256, 0, 0, 0, 0, 4, 999, 2;
1, 256, 1, 1, 1, 1, 6, 1001, 4;
1, 256, 0, 0, 0, 0, 4, 999, 2;
1, 256, 0, 0, 0, 0, 5, 1000, 3;
1, 256, 0, -1, -1, -1, 4, 999, 2;
1, 256, 0, -1, -1, -1, 4, 999, 2;
1, 256, 0, -1, -1, -1, 4, 999, 2;
1, 256, 1, 1, 1, 1, 6, 1001, 4;
1, 256, 0, -1, -1, -1, 4, 999, 2;
1, 256, 0, -1, -1, -1, 4, 999, 2;
1, 256, 0, 0, 0, 0, 5, 1000, 3;
1, 256, 1, 1, 1, 1, 6, 1000, 4;
1, 256, 0, 1, 1, 1, 5, 1000, 3;
1, 256, 0, 0, 0, 0, 4, 999, 2;
1, 256, 0, 0, 0, 0, 4, 999, 2;
1, 256, 0, 0, 0, 0, 4, 999, 2;
1, 256, 0, 0, 0, 0, 5, 1000, 3;
1, 256, 0, 0, 0, 0, 5, 1000, 3;
1, 256, 0, -1, -1, -1, 4, 999, 2;
1, 256, 0, 0, 0, 0, 4, 999, 2;
1, 256, 1, 1, 1, 1, 6, 1000, 4;
1, 256, 0, 0, 0, 0, 5, 999, 2;
1, 256, 0, -1, -1, -1, 4, 999, 2;
1, 256, 0, 0, 0, 0, 4, 999, 2;
1, 256, 0, -1, -1, -1, 4, 999, 2;
1, 256, 0, 0, 0, 0, 4, 999, 2;
1, 256, 0, 0, 0, 0, 4, 999, 2;
1, 256, 1, 1, 1, 1, 6, 1001, 4;
1, 256, 1, 1, 1, 1, 6, 1001, 4;
1, 256, 0, 0, 0, 0, 4, 999, 2;
1, 256, 0, -1, -1, -1, 3, 998, 1;
1, 256, 0, 0, 0, 0, 5, 1000, 3;
1, 256, 0, -1, -1, -1, 4, 999, 2;
1, 256, 0, -1, -1, -1, 3, 998, 1;
1, 256, 0, -1, -1, -1, 4, 999, 2;
1, 256, 0, 1, 1, 1, 5, 1000, 3;
1, 256, 0, 1, 1, 1, 5, 1000, 3;
1, 256, 0, 0, 0, 0, 5, 1000, 3;
1, 256, 0, 0, 0, 0, 5, 1000, 3;
1, 256, 0, 0, 0, 0, 5, 1000, 3;
1, 256, 0, 0, 0, 0, 5, 999, 3;
1, 256, 0, 0, 0, 0, 5, 999, 3;
1, 256, 0, 0, 0, 0, 5, 1000, 3;
1, 256, 0, -1, -1, -1, 4, 998, 2;
1, 256, 0, 0, 0, 0, 5, 1000, 3;
1, 256, 0, 0, 0, 0, 4, 999, 2;
1, 256, 0, -1, -1, -1, 4, 999, 2;
1, 256, 1, 1, 1, 1, 6, 1000, 3;
1, 256, 0, 0, 0, 0, 4, 999, 2;
1, 256, 0, 0, 0, 0, 5, 999, 3;
1, 256, 0, -1, -1, -1, 4, 999, 2;
1, 256, 0, 0, 0, 0, 4, 999, 2;
1, 256, 0, 0, 0, 0, 5, 1000, 3;
1, 256, 0, 0, 0, 0, 5, 1000, 3;
1, 256, 1, 1, 1, 1, 6, 1000, 4;
1, 256, 0, 0, 0, 0, 5, 1000, 3;
1, 256, 0, 0, 0, 0, 4, 999, 2;
1, 256, 0, 0, 0, 0, 5, 1000, 3;
1, 256, 0, 0, 0, 0, 5, 1000, 3;
1, 256, 1, 1, 1, 1, 6, 1001, 4;
1, 256, 0, 0, 0, 0, 5, 1000, 3;
1, 256, 1, 1, 1, 1, 6, 1000, 4;
1, 256, 0, 0, 0, 0, 5, 1000, 3;
1, 256, 0, 0, 0, 0, 5, 999, 3;
1, 256, 0, 0, 0, 0, 5, 1000, 3;
1, 256, 0, 0, 0, 0, 5, 999, 3;
1, 256, 0, -1, -1, -1, 4, 998, 2;
1, 256, 0, 0, 0, 0, 5, 1000, 3;
1, 256, 0, -1, -1, -1, 4, 999, 2;
1, 256, 0, 0, 0, 0, 5, 1000, 3;
1, 256, 0, 0, 0, 0, 4, 999, 2;
1, 256, 0, 0, 0, 0, 4, 999, 2;
1, 256, 0, -1, -1, -1, 4, 999, 2;
1, 256, 0, -1, -1, -1, 4, 999, 2;
1, 256, 0, 0, 0, 0, 5, 1000, 3;
1, 256, 0, 0, 0, 0, 5, 1000, 3;
1, 256, 0, -1, -1, -1, 4, 999, 2;
1, 256, 0, 0, 0, 0, 5, 1000, 3;
1, 256, 0, -1, -1, -1, 4, 999, 2;
1, 256, 0, 0, 0, 0, 5, 1000, 3;
1, 256, 0, 0, 0, 0, 5, 1000, 3;
1, 256, 0, -1, -1, -1, 4, 999, 2;
0, 256, 0, -1, -1, -1, 3, 998, 1;
1, 256, 0, 0, 0, 0, 5, 999, 2;
1, 256, 0, 0, 0, 0, 5, 1000, 3;
1, 256, 0, 0, 0, 0, 4, 999, 2;
1, 256, 0, 0, 0, 0, 4, 999, 2;
1, 256, 0, 0, 0, 0, 5, 1000, 3;
1, 256, 0, 0, 0, 0, 4, 999, 2;
1, 256, 0, 0, 0, 0, 5, 1000, 3;
1, 256, 0, 0, 0, 0, 4, 999, 2;
1, 256, 0, 1, 1, 1, 5, 1000, 3;
1, 256, 0, 0, 0, 0, 4, 999, 2;
1, 256, 0, 0, 0, 0, 4, 999, 2;
1, 256, 0, 0, 0, 0, 5, 1000, 3;
1, 256, 0, -1, -1, -1, 4, 999, 2;
1, 256, 0, 0, 0, 0, 4, 999, 2;
1, 256, 0, 0, 0, 0, 5, 1000, 3;
1, 256, 0, -1, -1, -1, 3, 998, 1;
1, 256, 0, 1, 1, 1, 5, 1000, 3;
1, 256, 0, -1, -1, -1, 4, 998, 2;
1, 256, 0, -1, -1, -1, 4, 999, 2;
1, 256, 1, 1, 1, 1, 6, 1001, 4;
1, 256, 0, 0, 0, 0, 5, 999, 2;
1, 256, 0, 0, 0, 0, 4, 999, 2;
1, 256, 0, 1, 1, 1, 5, 1000, 3;
1, 256, 0, 0, 0, 0, 5, 1000, 3;
1, 256, 0, 0, 0, 0, 4, 999, 2;
1, 256, 0, 0, 0, 0, 5, 1000, 3;
1, 256, 1, 1, 1, 1, 6, 1000, 4;
1, 256, 1, 1, 1, 1, 6, 1001, 4;
1, 256, 1, 1, 1, 1, 5, 1000, 3;
1, 256, 0, -1, -1, -1, 4, 999, 2;
1, 256, 0, 0, 0, 0, 4, 999, 2;
1, 256, 0, 0, 0, 0, 5, 1000, 3;
1, 256, 0, 0, 0, 0, 5, 999, 2;
1, 256, 0, -1, -1, -1, 4, 998, 1;
1, 256, 1, 1, 1, 1, 5, 1000, 3;
1, 256, 0, 0, 0, 0, 5, 1000, 3;
1, 256, 1, 1, 1, 1, 6, 1001, 4;
1, 256, 0, 0, 0, 0, 5, 1000, 3;
1, 256, 0, 0, 0, 0, 4, 999, 2;
1, 256, 0, 0, 0, 0, 5, 1000, 3;
1, 256, 0, 0, 0, 0, 5, 1000, 3;
1, 256, 0, 0, 0, 0, 4, 999, 2;
1, 256, 0, 1, 1, 1, 5, 1000, 3;
1, 256, 0, 0, 0, 0, 4, 999, 2;
1, 256, 0, -1, -1, -1, 3, 998, 1;
1, 256, 0, -1, -1, -1, 4, 998, 2;
1, 256, 1, 1, 1, 1, 6, 1001, 4;
1, 256, 0, 0, 0, 0, 5, 1000, 3;
0, 256, 0, -1, -1, -1, 3, 998, 1;
1, 256, 0, 1, 1, 1, 5, 1000, 3;
1, 256, 0, 0, 0, 0, 5, 1000, 3;
1, 256, 0, 0, 0, 0, 4, 999, 2;
1, 256, 0, 0, 0, 0, 5, 1000, 3;
1, 256, 0, -1, -1, -1, 4, 998, 1;
1, 256, 0, 0, 0, 0, 5, 1000, 3;
1, 256, 0, -1, -1, -1, 4, 999, 2;
1, 256, 0, -1, -1, -1, 4, 999, 2;
1, 256, 0, 0, 0, 0, 4, 999, 2;
1, 256, 0, -1, -1, -1, 4, 999, 2;
1, 256, 0, 0, 0, 0, 5, 1000, 3;
1, 256, 0, 0, 0, 0, 4, 999, 2;
1, 256, 1, 1, 1, 1, 6, 1001, 4;
1, 256, 0, 0, 0, 0, 5, 1000, 3;
1, 256, 0, 0, 0, 0, 4, 999, 2;
1, 256, 1, 1, 1, 1, 6, 1001, 4;
1, 256, 0, 0, 0, 0, 4, 999, 2;
1, 256, 0, 0, 0, 0, 5, 1000, 3;
1, 256, 0, -1, -1, -1, 4, 999, 2;
1, 256, 0, 0, 0, 0, 5, 1000, 3;
1, 256, 0, 0, 0, 0, 4, 999, 2;
1, 256, 0, 0, 0, 0, 5, 1000, 3;
1, 256, 1, 1, 1, 1, 5, 1000, 3;
1, 256, 0, 0, 0, 0, 5, 1000, 3;
1, 256, 0, 0, 0, 0, 4, 999, 2;
1, 256, 0, -1, -1, -1, 4, 998, 2;
1, 256, 0, -1, -1, -1, 4, 999, 2;
1, 256, 0, 0, 0, 0, 4, 999, 2;
1, 256, 0, 1, 1, 1, 5, 1000, 3;
1, 256, 0, 0, 0, 0, 4, 999, 2;
1, 256, 0, -1, -1, -1, 4, 999, 2;
1, 256, 0, 0, 0, 0, 4, 999, 2;
1, 256, 0, 0, 0, 0, 4, 999, 2;
1, 256, 0, -1, -1, -1, 4, 999, 2;
1, 256, 0, 1, 1, 1, 5, 1000, 3;
1, 256, 1, 1, 1, 1, 6, 1001, 4;
1, 256, 0, 0, 0, 0, 4, 999, 2;
0, 256, 0, -1, -1, -1, 3, 998, 1;
1, 256, 0, 0, 0, 0, 5, 999, 3;
1, 256, 0, 0, 0, 0, 5, 1000, 3;
1, 256, 0, 0, 0, 0, 4, 999, 2;
1, 256, 1, 1, 1, 1, 6, 1001, 4;
1, 256, 0, 0, 0, 0, 5, 999, 3;
1, 256, 0, 0, 0, 0, 4, 999, 2;
1, 256, 0, 0, 0, 0, 5, 1000, 3;
1, 256, 0, 0, 0, 0, 4, 999, 2;
1, 256, 0, 0, 0, 0, 5, 1000, 3;
0, 256, 0, -1, -1, -1, 3, 998, 1;
1, 256, 1, 1, 1, 1, 6, 1001, 4;
1, 256, 1, 1, 1, 1, 6, 1001, 4;
1, 256, 0, 0, 0, 0, 5, 1000, 3;
1, 256, 0, -1, -1, -1, 4, 999, 2;
1, 256, 0, -1, -1, -1, 4, 999, 2;
1, 256, 0, 0, 0, 0, 5, 1000, 3;
1, 256, 0, -1, -1, -1, 4, 999, 2;
1, 256, 0, 0, 0, 0, 5, 1000, 3;
1, 256, 0, 1, 1, 1, 5, 1000, 3;
1, 256, 0, 1, 1, 1, 5, 1000, 3;
1, 256, 1, 1, 1, 1, 6, 1000, 4;
1, 256, 0, 0, 0, 0, 5, 1000, 3;
1, 256, 0, 0, 0, 0, 4, 999, 2;
1, 256, 0, 0, 0, 0, 4, 999, 2;
1, 256, 1, 1, 1, 1, 6, 1000, 3;
1, 256, 0, 0, 0, 0, 4, 999, 2;
1, 256, 0, -1, -1, -1, 4, 999, 2;
1, 256, 0, -1, -1, -1, 4, 999, 2;
1, 256, 0, 0, 0, 0, 5, 1000, 3;
1, 256, 0, -1, -1, -1, 4, 999, 2;
1, 256, 1, 1, 1, 1, 6, 1000, 4;
1, 256, 0, 0, 0, 0, 5, 1000, 3;
1, 256, 0, 0, 0, 0, 5, 1000, 3;
1, 256, 0, -1, -1, -1, 4, 999, 2;
1, 256, 1, 1, 1, 1, 6, 1001, 4;
1, 256, 0, 0, 0, 0, 5, 1000, 3;
1, 256, 0, -1, -1, -1, 4, 999, 2;
1, 256, 0, 0, 0, 0, 4, 999, 2;
1, 256, 0, -1, -1, -1, 4, 999, 2;
1, 256, 0, 0, 0, 0, 4, 999, 2;
1, 256, 0, 0, 0, 0, 5, 1000, 3;
1, 256, 0, 0, 0, 0, 5, 1000, 3;
1, 256, 0, 0, 0, 0, 4, 999, 2;
1, 256, 0, 1, 1, 1, 5, 1000, 3;
1, 256, 0, 0, 0, 0, 5, 1000, 3;
1, 256, 0, 0, 0, 0, 5, 1000, 3;
1, 256, 0, 0, 0, 0, 4, 999, 2;
1, 256, 1, 1, 1, 1, 6, 1001, 4;
1, 256, 1, 1, 1, 1, 6, 1001, 4;
1, 256, 0, -1, -1, -1, 4, 999, 2;
1, 256, 0, 0, 0, 0, 5, 1000, 3;
1, 256, 0, -1, -1, -1, 4, 999, 2;
1, 256, 0, 0, 0, 0, 5, 1000, 3;
1, 256, 0, -1, -1, -1, 3, 998, 1;
1, 256, 0, 1, 1, 1, 5, 1000, 3;
1, 256, 0, 1, 1, 1, 5, 1000, 3;
1, 256, 1, 1, 1, 1, 6, 1001, 4;
1, 256, 0, 0, 0, 0, 5, 1000, 3;
1, 256, 1, 1, 1, 1, 6, 1001, 4;
1, 256, 0, 0, 0, 0, 4, 999, 2;
1, 256, 1, 1, 1, 1, 6, 1001, 4;
1, 256, 0, -1, -1, -1, 4, 999, 2;
1, 256, 0, 0, 0, 0, 5, 1000, 3;
1, 256, 1, 1, 1, 1, 5, 1000, 3;
1, 256, 0, 0, 0, 0, 5, 1000, 3;
1, 256, 0, 0, 0, 0, 5, 999, 2;
1, 256, 0, -1, -1, -1, 3, 998, 1;
1, 256, 0, 0, 0, 0, 4, 999, 2;
1, 256, 0, -1, -1, -1, 4, 999, 2;
1, 256, 0, 0, 0, 0, 4, 999, 2;
1, 256, 1, 1, 1, 1, 6, 1000, 3;
1, 256, 0, 0, 0, 0, 5, 1000, 3;
1, 256, 0, 1, 1, 1, 5, 1000, 3;
1, 256, 0, 0, 0, 0, 5, 1000, 3;
1, 256, 0, -1, -1, -1, 4, 998, 2;
1, 256, 0, 0, 0, 0, 5, 1000, 3;
1, 256, 0, 1, 1, 1, 5, 1000, 3;
1, 256, 0, 1, 1, 1, 5, 1000, 3;
1, 256, 0, -1, -1, -1, 3, 998, 1;
1, 256, 0, 0, 0, 0, 5, 1000, 3;
1, 256, 0, 1, 1, 1, 5, 1000, 3;
1, 256, 0, -1, -1, -1, 4, 999, 2;
1, 256, 0, 1, 1, 1, 5, 1000, 3;
1, 256, 0, -1, -1, -1, 3, 998, 1;
1, 256, 0, -1, -1, -1, 4, 998, 2;
1, 256, 0, 0, 0, 0, 5, 1000, 3;
1, 256, 1, 1, 1, 1, 6, 1001, 4;
1, 256, 0, 0, 0, 0, 5, 1000, 3;
1, 256, 0, 0, 0, 0, 5, 1000, 3;
1, 256, 0, -1, -1, -1, 3, 998, 1;
1, 256, 0, -1, -1, -1, 3, 998, 1;
1, 256, 0, -1, -1, -1, 4, 999, 2;
1, 256, 0, 0, 0, 0, 5, 1000, 3;
1, 256, 0, 0, 0, 0, 4, 999, 2;
1, 256, 0, -1, -1, -1, 3, 998, 1;
1, 256, 1, 1, 1, 1, 6, 1000, 4;
1, 256, 0, -1, -1, -1, 4, 998, 2;
1, 256, 0, -1, -1, -1, 4, 999, 2;
1, 256, 1, 1, 1, 1, 6, 1001, 4;
1, 256, 0, 0, 0, 0, 4, 999, 2;
1, 256, 0, -1, -1, -1, 4, 999, 2;
1, 256, 0, -1, -1, -1, 3, 998, 1;
1, 256, 0, 0, 0, 0, 4, 999, 2;
1, 256, 1, 1, 1, 1, 6, 1001, 4;
1, 256, 0, 1, 1, 1, 5, 1000, 3;
1, 256, 0, 0, 0, 0, 5, 1000, 3;
1, 256, 0, 0, 0, 0, 5, 1000, 3;
1, 256, 0, 0, 0, 0, 5, 1000, 3;
1, 256, 1, 1, 1, 1, 6, 1001, 4;
1, 256, 0, -1, -1, -1, 4, 999, 2;
1, 256, 0, 0, 0, 0, 4, 999, 2;
1, 256, 1, 1, 1, 1, 6, 1000, 3;
1, 256, 0, 0, 0, 0, 5, 1000, 3;
1, 256, 0, -1, -1, -1, 4, 999, 2;
1, 256, 0, 0, 0, 0, 4, 999, 2;
1, 256, 0, 0, 0, 0, 5, 999, 3;
1, 256, 0, 0, 0, 0, 5, 1000, 3;
1, 256, 0, 0, 0, 0, 5, 1000, 3;
1, 256, 1, 1, 1, 1, 6, 1001, 4;
1, 256, 0, -1, -1, -1, 4, 999, 2;
1, 256, 0, -1, -1, -1, 4, 998, 1;
1, 256, 0, 1, 1, 1, 5, 1000, 3;
1, 256, 0, -1, -1, -1, 3, 998, 1;
1, 256, 0, 1, 1, 1, 5, 1000, 3;
1, 256, 0, 1, 1, 1, 5, 1000, 3;
1, 256, 0, 0, 0, 0, 4, 999, 2;
1, 256, 0, 1, 1, 1, 5, 1000, 3;
1, 256, 1, 1, 1, 1, 6, 1001, 4;
1, 256, 0, 0, 0, 0, 5, 1000, 3;
1, 256, 0, -1, -1, -1, 4, 999, 2;
1, 256, 0, 0, 0, 0, 4, 999, 2;
1, 256, 1, 1, 1, 1, 6, 1000, 4;
1, 256, 0, 0, 0, 0, 5, 1000, 3;
1, 256, 0, -1, -1, -1, 3, 998, 1;
1, 256, 0, 0, 0, 0, 5, 1000, 3;
1, 256, 0, 0, 0, 0, 4, 999, 2;
1, 256, 0, -1, -1, -1, 4, 999, 2;
1, 256, 0, 0, 0, 0, 4, 999, 2;
1, 256, 0, 1, 1, 1, 5, 1000, 3;
1, 256, 0, 0, 0, 0, 4, 999, 2;
1, 256, 0, 0, 0, 0, 5, 1000, 3;
1, 256, 0, -1, -1, -1, 4, 999, 2;
1, 256, 0, 1, 1, 1, 5, 1000, 3;
1, 256, 0, -1, -1, -1, 4, 999, 2;
1, 256, 0, 0, 0, 0, 5, 1000, 3;
1, 256, 0, 0, 0, 0, 5, 1000, 3;
1, 256, 0, 0, 0, 0, 5, 999, 3;
1, 256, 0, 0, 0, 0, 4, 999, 2;
1, 256, 0, 0, 0, 0, 5, 999, 3;
1, 256, 0, 0, 0, 0, 4, 999, 2;
1, 256, 1, 1, 1, 1, 6, 1000, 4;
1, 256, 0, 0, 0, 0, 5, 999, 3;
1, 256, 0, -1, -1, -1, 4, 999, 2;
1, 256, 0, 0, 0, 0, 5, 1000, 3;
1, 256, 0, 0, 0, 0, 4, 999, 2;
1, 256, 0, 1, 1, 1, 5, 1000, 3;
1, 256, 0, 0, 0, 0, 5, 999, 3;
1, 256, 0, 0, 0, 0, 5, 1000, 3;
1, 256, 0, 0, 0, 0, 5, 1000, 3;
1, 256, 0, 0, 0, 0, 5, 1000, 3;
1, 256, 1, 1, 1, 1, 6, 1001, 4;
1, 256, 1, 1, 1, 1, 5, 1000, 3;
1, 256, 0, 1, 1, 1, 5, 1000, 3;
1, 256, 1, 1, 1, 1, 6, 1000, 3;
1, 256, 0, -1, -1, -1, 4, 999, 2;
1, 256, 1, 1, 1, 1, 5, 1000, 3;
1, 256, 0, -1, -1, -1, 4, 999, 2;
1, 256, 0, 0, 0, 0, 5, 1000, 3;
1, 256, 0, 1, 1, 1, 5, 1000, 3;
1, 256, 0, 0, 0, 0, 5, 1000, 3;
1, 256, 1, 1, 1, 1, 5, 1000, 3;
1, 256, 0, -1, -1, -1, 4, 999, 2;
1, 256, 0, -1, -1, -1, 4, 999, 2;
1, 256, 0, -1, -1, -1, 4, 999, 2;
1, 256, 0, 0, 0, 0, 4, 999, 2;
1, 256, 0, 0, 0, 0, 5, 1000, 3;
1, 256, 0, 0, 0, 0, 5, 999, 3;
1, 256, 1, 1, 1, 1, 6, 1001, 4;
1, 256, 0, -1, -1, -1, 4, 999, 2;
1, 256, 0, -1, -1, -1, 4, 999, 2;
1, 256, 0, 0, 0, 0, 5, 1000, 3;
1, 256, 0, 0, 0, 0, 5, 1000, 3;
1, 256, 1, 1, 1, 1, 6, 1001, 4;
1, 256, 0, -1, -1, -1, 4, 999, 2;
1, 256, 1, 1, 1, 1, 6, 1001, 4;
1, 256, 0, 0, 0, 0, 5, 999, 3;
1, 256, 0, 1, 1, 1, 5, 1000, 3;
1, 256, 0, 0, 0, 0, 5, 1000, 3;
1, 256, 0, -1, -1, -1, 4, 998, 2;
1, 256, 1, 1, 1, 1, 5, 1000, 3;
1, 256, 0, 0, 0, 0, 5, 1000, 3;
1, 256, 0, -1, -1, -1, 4, 999, 2;
1, 256, 1, 1, 1, 1, 6, 1000, 3;
1, 256, 0, 0, 0, 0, 5, 999, 3;
1, 256, 0, 1, 1, 1, 5, 1000, 3;
1, 256, 0, 0, 0, 0, 5, 1000, 3;
1, 256, 0, -1, -1, -1, 4, 999, 2;
1, 256, 0, -1, -1, -1, 4, 999, 2;
1, 256, 0, -1, -1, -1, 4, 998, 2;
1, 256, 0, 0, 0, 0, 4, 999, 2;
1, 256, 1, 1, 1, 1, 6, 1001, 4;
1, 256, 0, 0, 0, 0, 5, 1000, 3;
1, 256, 0, 0, 0, 0, 4, 999, 2;
1, 256, 0, 0, 0, 0, 5, 999, 2;
1, 256, 0, -1, -1, -1, 4, 999, 2;
1, 256, 1, 1, 1, 1, 6, 1001, 4;
1, 256, 0, -1, -1, -1, 4, 999, 2;
1, 256, 0, 0, 0, 0, 4, 999, 2;
1, 256, 0, 0, 0, 0, 5, 1000, 3;
1, 256, 1, 1, 1, 1, 6, 1001, 4;
1, 256, 1, 1, 1, 1, 6, 1001, 4;
1, 256, 0, 0, 0, 0, 5, 1000, 3;
1, 256, 0, 0, 0, 0, 4, 999, 2;
1, 256, 1, 1, 1, 1, 6, 1000, 4;
1, 256, 0, 0, 0, 0, 4, 999, 2;
1, 256, 0, 0, 0, 0, 5, 1000, 3;
1, 256, 0, 0, 0, 0, 4, 999, 2;
0, 256, 0, -1, -1, -1, 3, 998, 1;
1, 256, 0, 1, 1, 1, 5, 1000, 3;
1, 256, 0, 1, 1, 1, 5, 1000, 3;
1, 256, 0, 0, 0, 0, 5, 1000, 3;
1, 256, 0, 0, 0, 0, 4, 999, 2;
1, 256, 0, -1, -1, -1, 4, 999, 2;
1, 256, 0, 0, 0, 0, 4, 999, 2;
1, 256, 0, 1, 1, 1, 5, 1000, 3;
1, 256, 0, 0, 0, 0, 5, 1000, 3;
1, 256, 0, 0, 0, 0, 5, 1000, 3;
1, 256, 1, 1, 1, 1, 5, 1000, 3;
1, 256, 0, 0, 0, 0, 4, 999, 2;
1, 256, 0, 0, 0, 0, 5, 1000, 3;
1, 256, 1, 1, 1, 1, 6, 1001, 4;
1, 256, 0, -1, -1, -1, 4, 999, 2;
1, 256, 0, 0, 0, 0, 5, 1000, 3;
1, 256, 0, 0, 0, 0, 4, 999, 2;
1, 256, 0, -1, -1, -1, 4, 999, 2;
1, 256, 0, 0, 0, 0, 5, 999, 3;
0, 256, 0, -1, -1, -1, 3, 998, 1;
1, 256, 0, 0, 0, 0, 5, 1000, 3;
1, 256, 1, 1, 1, 1, 6, 1001, 4;
1, 256, 0, 0, 0, 0, 4, 999, 2;
1, 256, 0, 0, 0, 0, 4, 999, 2;
1, 256, 0, 0, 0, 0, 4, 999, 2;
1, 256, 0, 0, 0, 0, 5, 999, 2;
1, 256, 0, 1, 1, 1, 5, 1000, 3;
1, 256, 1, 1, 1, 1, 6, 1000, 3;
1, 256, 0, 1, 1, 1, 5, 1000, 3;
1, 256, 0, 0, 0, 0, 4, 999, 2;
1, 256, 0, 1, 1, 1, 5, 1000, 3;
1, 256, 0, -1, -1, -1, 3, 998, 1;
1, 256, 0, 0, 0, 0, 5, 1000, 3;
1, 256, 0, 1, 1, 1, 5, 1000, 3;
1, 256, 0, -1, -1, -1, 4, 998, 1;
1, 256, 0, -1, -1, -1, 4, 999, 2;
1, 256, 0, 1, 1, 1, 5, 1000, 3;
1, 256, 0, 1, 1, 1, 5, 1000, 3;
1, 256, 1, 1, 1, 1, 5, 1000, 3;
1, 256, 0, -1, -1, -1, 4, 999, 2;
1, 256, 0, -1, -1, -1, 4, 999, 2;
1, 256, 0, 0, 0, 0, 4, 999, 2;
1, 256, 1, 1, 1, 1, 6, 1000, 4;
1, 256, 0, -1, -1, -1, 3, 998, 1;
1, 256, 0, 1, 1, 1, 5, 1000, 3;
1, 256, 0, 0, 0, 0, 5, 1000, 3;
1, 256, 0, 1, 1, 1, 5, 1000, 3;
1, 256, 0, 0, 0, 0, 5, 1000, 3;
1, 256, 1, 1, 1, 1, 6, 1000, 3;
1, 256, 0, 0, 0, 0, 5, 1000, 3;
1, 256, 1, 1, 1, 1, 6, 1000, 4;
1, 256, 0, 1, 1, 1, 5, 1000, 3;
1, 256, 0, -1, -1, -1, 3, 998, 1;
1, 256, 0, 0, 0, 0, 5, 999, 3;
1, 256, 0, 0, 0, 0, 4, 999, 2;
1, 256, 0, 0, 0, 0, 4, 999, 2;
1, 256, 1, 1, 1, 1, 6, 1001, 4;
1, 256, 0, 0, 0, 0, 4, 999, 2;
1, 256, 0, 0, 0, 0, 4, 999, 2;
1, 256, 0, 0, 0, 0, 5, 1000, 3;
1, 256, 0, -1, -1, -1, 4, 999, 2;
1, 256, 0, -1, -1, -1, 4, 999, 2;
1, 256, 0, 0, 0, 0, 5, 1000, 3;
1, 256, 1, 1, 1, 1, 6, 1001, 4;
1, 256, 0, 0, 0, 0, 5, 1000, 3;
1, 256, 1, 1, 1, 1, 6, 1000, 4;
1, 256, 1, 1, 1, 1, 6, 1001, 4;
1, 256, 1, 1, 1, 1, 6, 1001, 4;
1, 256, 0, -1, -1, -1, 3, 998, 1;
1, 256, 0, 0, 0, 0, 5, 1000, 3;
1, 256, 0, 0, 0, 0, 5, 1000, 3;
1, 256, 0, -1, -1, -1, 4, 999, 2;
1, 256, 0, -1, -1, -1, 4, 999, 2;
1, 256, 0, 0, 0, 0, 4, 999, 2;
1, 256, 0, -1, -1, -1, 4, 999, 2;
1, 256, 0, 0, 0, 0, 4, 999, 2;
1, 256, 0, -1, -1, -1, 4, 999, 2;
0, 256, 0, -1, -1, -1, 3, 998, 1;
1, 256, 0, 1, 1, 1, 5, 1000, 3;
1, 256, 0, 0, 0, 0, 5, 1000, 3;
1, 256, 0, 0, 0, 0, 4, 999, 2;
1, 256, 0, 1, 1, 1, 5, 1000, 3;
1, 256, 0, 0, 0, 0, 4, 999, 2;
1, 256, 0, -1, -1, -1, 3, 998, 1;
1, 256, 0, -1, -1, -1, 4, 999, 2;
1, 256, 0, 0, 0, 0, 4, 999, 2;
1, 256, 0, -1, -1, -1, 3, 998, 1;
1, 256, 0, 0, 0, 0, 5, 1000, 3;
1, 256, 0, 0, 0, 0, 4, 999, 2;
1, 256, 0, -1, -1, -1, 4, 998, 1;
1, 256, 0, 0, 0, 0, 5, 999, 2;
1, 256, 0, 0, 0, 0, 5, 1000, 3;
1, 256, 0, 0, 0, 0, 4, 999, 2;
1, 256, 0, -1, -1, -1, 4, 999, 2;
1, 256, 0, 0, 0, 0, 5, 1000, 3;
1, 256, 0, 0, 0, 0, 5, 1000, 3;
1, 256, 1, 1, 1, 1, 6, 1001, 4;
1, 256, 0, 0, 0, 0, 4, 999, 2;
1, 256, 0, 0, 0, 0, 5, 1000, 3;
1, 256, 0, 0, 0, 0, 5, 1000, 3;
1, 256, 0, 0, 0, 0, 5, 1000, 3;
1, 256, 0, 0, 0, 0, 4, 999, 2;
1, 256, 0, -1, -1, -1, 3, 998, 1;
1, 256, 0, 1, 1, 1, 5, 1000, 3;
1, 256, 1, 1, 1, 1, 6, 1001, 4;
1, 256, 0, 0, 0, 0, 5, 1000, 3;
1, 256, 0, 0, 0, 0, 5, 999, 2;
1, 256, 0, 0, 0, 0, 4, 999, 2;
1, 256, 0, 0, 0, 0, 5, 1000, 3;
1, 256, 0, -1, -1, -1, 3, 998, 1;
1, 256, 1, 1, 1, 1, 6, 1001, 4;
1, 256, 0, 0, 0, 0, 5, 1000, 3;
1, 256, 0, 0, 0, 0, 5, 1000, 3;
1, 256, 0, 0, 0, 0, 4, 999, 2;
1, 256, 0, 0, 0, 0, 4, 999, 2;
1, 256, 0, 0, 0, 0, 5, 1000, 3;
1, 256, 0, -1, -1, -1, 4, 999, 2;
1, 256, 0, 1, 1, 1, 5, 1000, 3;
1, 256, 1, 1, 1, 1, 6, 1001, 4;
1, 256, 0, 1, 1, 1, 5, 1000, 3;
1, 256, 0, -1, -1, -1, 4, 999, 2;
1, 256, 0, 0, 0, 0, 5, 1000, 3;
1, 256, 1, 1, 1, 1, 6, 1001, 4;
1, 256, 0, 1, 1, 1, 5, 1000, 3;
1, 256, 0, -1, -1, -1, 3, 998, 1;
1, 256, 1, 1, 1, 1, 6, 1001, 4;
1, 256, 0, 0, 0, 0, 4, 999, 2;
1, 256, 1, 1, 1, 1, 6, 1001, 4;
1, 256, 0, -1, -1, -1, 4, 999, 2;
1, 256, 0, -1, -1, -1, 3, 998, 1;
1, 256, 0, 0, 0, 0, 4, 999, 2;
1, 256, 0, -1, -1, -1, 4, 999, 2;
1, 256, 0, -1, -1, -1, 4, 999, 2;
1, 256, 0, 0, 0, 0, 4, 999, 2;
1, 256, 0, 0, 0, 0, 4, 999, 2;
1, 256, 0, 0, 0, 0, 5, 1000, 3;
1, 256, 0, 1, 1, 1, 5, 1000, 3;
1, 256, 0, 0, 0, 0, 4, 999, 2;
1, 256, 0, 0, 0, 0, 4, 999, 2;
1, 256, 0, 0, 0, 0, 4, 999, 2;
1, 256, 0, 1, 1, 1, 5, 1000, 3;
1, 256, 0, 0, 0, 0, 4, 999, 2;
1, 256, 0, 0, 0, 0, 5, 1000, 3;
1, 256, 0, 1, 1, 1, 5, 1000, 3;
1, 256, 0, 0, 0, 0, 5, 1000, 3;
1, 256, 0, 1, 1, 1, 5, 1000, 3;
1, 256, 0, -1, -1, -1, 3, 998, 1;
1, 256, 0, -1, -1, -1, 4, 999, 2;
1, 256, 0, 1, 1, 1, 5, 1000, 3;
1, 256, 0, 1, 1, 1, 5, 1000, 3;
1, 256, 0, -1, -1, -1, 4, 999, 2;
1, 256, 1, 1, 1, 1, 6, 1001, 4;
1, 256, 1, 1, 1, 1, 6, 1001, 4;
1, 256, 0, -1, -1, -1, 4, 998, 1;
1, 256, 1, 1, 1, 1, 5, 1000, 3;
1, 256, 0, 0, 0, 0, 5, 1000, 3;
1, 256, 0, -1, -1, -1, 4, 999, 2;
1, 256, 0, -1, -1, -1, 4, 999, 2;
1, 256, 0, -1, -1, -1, 4, 999, 2;
1, 256, 0, 0, 0, 0, 4, 999, 2;
1, 256, 0, 0, 0, 0, 5, 999, 3;
1, 256, 0, 0, 0, 0, 4, 999, 2;
1, 256, 0, 0, 0, 0, 4, 999, 2;
1, 256, 0, 0, 0, 0, 4, 999, 2;
1, 256, 0, -1, -1, -1, 4, 999, 2;
1, 256, 0, 0, 0, 0, 5, 1000, 3;
1, 256, 0, 0, 0, 0, 5, 1000, 3;
1, 256, 0, 0, 0, 0, 5, 999, 3;
1, 256, 0, 0, 0, 0, 4, 999, 2;
1, 256, 1, 1, 1, 1, 6, 1001, 4;
1, 256, 0, 0, 0, 0, 4, 999, 2;
1, 256, 0, 0, 0, 0, 4, 999, 2;
1, 256, 0, 0, 0, 0, 5, 1000, 3;
1, 256, 0, -1, -1, -1, 3, 998, 1;
1, 256, 0, 0, 0, 0, 5, 1000, 3;
1, 256, 0, 0, 0, 0, 5, 999, 2;
1, 256, 0, 0, 0, 0, 4, 999, 2;
1, 256, 0, -1, -1, -1, 3, 998, 1;
1, 256, 0, 0, 0, 0, 4, 999, 2;
1, 256, 0, 0, 0, 0, 4, 999, 2;
1, 256, 0, -1, -1, -1, 3, 998, 1;
1, 256, 0, -1, -1, -1, 4, 999, 2;
1, 256, 1, 1, 1, 1, 6, 1001, 4;
1, 256, 1, 1, 1, 1, 6, 1001, 4;
1, 256, 0, 0, 0, 0, 5, 999, 2;
1, 256, 0, 0, 0, 0, 4, 999, 2;
1, 256, 0, -1, -1, -1, 4, 999, 2;
1, 256, 0, 1, 1, 1, 5, 1000, 3;
1, 256, 0, -1, -1, -1, 3, 998, 1;
1, 256, 0, 0, 0, 0, 5, 1000, 3;
1, 256, 0, 0, 0, 0, 4, 999, 2;
1, 256, 0, -1, -1, -1, 4, 999, 2;
1, 256, 0, 0, 0, 0, 4, 999, 2;
1, 256, 0, -1, -1, -1, 4, 999, 2;
1, 256, 0, -1, -1, -1, 4, 999, 2;
1, 256, 0, -1, -1, -1, 3, 998, 1;
1, 256, 0, 0, 0, 0, 5, 1000, 3;
1, 256, 0, 0, 0, 0, 4, 999, 2;
1, 256, 0, -1, -1, -1, 4, 999, 2;
1, 256, 0, 0, 0, 0, 4, 999, 2;
1, 256, 0, 0, 0, 0, 5, 1000, 3;
1, 256, 0, 0, 0, 0, 5, 1000, 3;
1, 256, 1, 1, 1, 1, 6, 1001, 4;
1, 256, 0, 0, 0, 0, 4, 999, 2;
1, 256, 1, 1, 1, 1, 6, 1001, 4;
1, 256, 0, -1, -1, -1, 4, 999, 2;
1, 256, 0, -1, -1, -1, 4, 998, 2;
1, 256, 0, 0, 0, 0, 5, 1000, 3;
1, 256, 1, 1, 1, 1, 6, 1001, 4;
1, 256, 0, 0, 0, 0, 5, 1000, 3;
1, 256, 0, -1, -1, -1, 4, 999, 2;
1, 256, 0, 0, 0, 0, 5, 1000, 3;
1, 256, 0, -1, -1, -1, 4, 999, 2;
1, 256, 0, 0, 0, 0, 4, 999, 2;
1, 256, 0, 1, 1, 1, 5, 1000, 3;
1, 256, 1, 1, 1, 1, 6, 1001, 4;
1, 256, 0, 0, 0, 0, 4, 999, 2;
1, 256, 0, 0, 0, 0, 5, 1000, 3;
1, 256, 0, -1, -1, -1, 4, 999, 2;
1, 256, 0, 0, 0, 0, 5, 1000, 3;
1, 256, 0, -1, -1, -1, 4, 999, 2;
1, 256, 1, 1, 1, 1, 6, 1001, 4;
1, 256, 0, 0, 0, 0, 5, 1000, 3;
1, 256, 0, -1, -1, -1, 4, 999, 2;
1, 256, 0, 0, 0, 0, 4, 999, 2;
1, 256, 0, 1, 1, 1, 5, 1000, 3;
1, 256, 0, 0, 0, 0, 5, 1000, 3;
1, 256, 0, -1, -1, -1, 4, 999, 2;
1, 256, 0, 0, 0, 0, 4, 999, 2;
1, 256, 0, 0, 0, 0, 4, 999, 2;
1, 256, 0, 0, 0, 0, 5, 1000, 3;
1, 256, 1, 1, 1, 1, 6, 1001, 4;
1, 256, 0, 0, 0, 0, 4, 999, 2;
1, 256, 1, 1, 1, 1, 5, 1000, 3;
1, 256, 0, 0, 0, 0, 5, 1000, 3;
1, 256, 0, 0, 0, 0, 4, 999, 2;
1, 256, 0, -1, -1, -1, 4, 999, 2;
1, 256, 0, -1, -1, -1, 3, 998, 1;
1, 256, 0, 0, 0, 0, 4, 999, 2;
1, 256, 0, -1, -1, -1, 4, 999, 2;
1, 256, 1, 1, 1, 1, 6, 1001, 4;
1, 256, 1, 1, 1, 1, 6, 1001, 4;
1, 256, 0, -1, -1, -1, 4, 999, 2;
1, 256, 0, 0, 0, 0, 5, 1000, 3;
1, 256, 0, 0, 0, 0, 4, 999, 2;
1, 256, 1, 1, 1, 1, 5, 1000, 3;
1, 256, 0, 0, 0, 0, 4, 999, 2;
1, 256, 0, 0, 0, 0, 5, 1000, 3;
1, 256, 0, -1, -1, -1, 4, 999, 2;
1, 256, 0, -1, -1, -1, 3, 998, 1;
1, 256, 0, 0, 0, 0, 4, 999, 2;
1, 256, 0, 0, 0, 0, 5, 1000, 3;
1, 256, 0, 0, 0, 0, 4, 999, 2;
1, 256, 0, 0, 0, 0, 5, 1000, 3;
1, 256, 0, -1, -1, -1, 4, 999, 2;
1, 256, 1, 1, 1, 1, 6, 1000, 4;
1, 256, 0, 0, 0, 0, 5, 1000, 3;
1, 256, 0, 0, 0, 0, 4, 999, 2;
1, 256, 1, 1, 1, 1, 6, 1001, 4;
1, 256, 0, 1, 1, 1, 5, 1000, 3;
1, 256, 0, 0, 0, 0, 4, 999, 2;
1, 256, 0, 0, 0, 0, 5, 1000, 3;
1, 256, 0, 0, 0, 0, 4, 999, 2;
1, 256, 0, -1, -1, -1, 4, 999, 2;
1, 256, 1, 1, 1, 1, 6, 1001, 4;
1, 256, 0, -1, -1, -1, 4, 998, 2;
1, 256, 0, -1, -1, -1, 4, 999, 2;
1, 256, 0, -1, -1, -1, 4, 999, 2;
1, 256, 0, 0, 0, 0, 5, 1000, 3;
1, 256, 0, 0, 0, 0, 5, 1000, 3;
1, 256, 0, 0, 0, 0, 4, 999, 2;
1, 256, 0, 1, 1, 1, 5, 1000, 3;
1, 256, 0, 0, 0, 0, 5, 1000, 3;
1, 256, 0, 0, 0, 0, 4, 999, 2;
1, 256, 0, 1, 1, 1, 5, 1000, 3;
1, 256, 1, 1, 1, 1, 6, 1000, 3;
1, 256, 0, 0, 0, 0, 4, 999, 2;
1, 256, 0, 1, 1, 1, 5, 1000, 3;
1, 256, 0, 0, 0, 0, 5, 1000, 3;
1, 256, 1, 1, 1, 1, 6, 1001, 4;
1, 256, 0, 0, 0, 0, 5, 1000, 3;
1, 256, 0, 0, 0, 0, 5, 1000, 3;
1, 256, 0, 0, 0, 0, 5, 1000, 3;
1, 256, 0, -1, -1, -1, 4, 998, 2;
1, 256, 0, 0, 0, 0, 4, 999, 2;
1, 256, 0, 0, 0, 0, 5, 1000, 3;
1, 256, 1, 1, 1, 1, 5, 1000, 3;
1, 256, 0, -1, -1, -1, 3, 998, 1;
1, 256, 0, -1, -1, -1, 4, 999, 2;
1, 256, 1, 1, 1, 1, 6, 1001, 4;
1, 256, 1, 1, 1, 1, 6, 1000, 3;
1, 256, 0, 0, 0, 0, 5, 1000, 3;
1, 256, 1, 1, 1, 1, 6, 1001, 4;
1, 256, 0, -1, -1, -1, 4, 999, 2;
1, 256, 0, 0, 0, 0, 4, 999, 2;
1, 256, 0, 0, 0, 0, 5, 1000, 3;
1, 256, 1, 1, 1, 1, 6, 1001, 4;
1, 256, 1, 1, 1, 1, 6, 1001, 4;
1, 256, 0, 0, 0, 0, 5, 1000, 3;
1, 256, 0, 0, 0, 0, 5, 1000, 3;
1, 256, 0, 0, 0, 0, 4, 999, 2;
1, 256, 0, 0, 0, 0, 5, 1000, 3;
1, 256, 1, 1, 1, 1, 6, 1000, 3;
1, 256, 0, 0, 0, 0, 4, 999, 2;
1, 256, 0, 1, 1, 1, 5, 1000, 3;
1, 256, 0, -1, -1, -1, 3, 998, 1;
1, 256, 0, 1, 1, 1, 5, 1000, 3;
1, 256, 1, 1, 1, 1, 5, 1000, 3;
1, 256, 0, 0, 0, 0, 5, 1000, 3;
1, 256, 0, 0, 0, 0, 4, 999, 2;
1, 256, 0, -1, -1, -1, 4, 999, 2;
1, 256, 0, 0, 0, 0, 4, 999, 2;
1, 256, 0, 0, 0, 0, 4, 999, 2;
1, 256, 1, 1, 1, 1, 6, 1000, 4;
1, 256, 1, 1, 1, 1, 5, 1000, 3;
1, 256, 0, 0, 0, 0, 4, 999, 2;
1, 256, 0, 0, 0, 0, 4, 999, 2;
1, 256, 0, -1, -1, -1, 3, 998, 1;
1, 256, 0, 0, 0, 0, 5, 1000, 3;
1, 256, 0, -1, -1, -1, 4, 999, 2;
1, 256, 0, 1, 1, 1, 5, 1000, 3;
1, 256, 0, 0, 0, 0, 5, 1000, 3;
1, 256, 0, 0, 0, 0, 5, 1000, 3;
1, 256, 0, 0, 0, 0, 4, 999, 2;
1, 256, 0, 0, 0, 0, 4, 999, 2;
1, 256, 0, 1, 1, 1, 5, 1000, 3;
1, 256, 0, 1, 1, 1, 5, 1000, 3;
1, 256, 0, 0, 0, 0, 5, 1000, 3;
1, 256, 0, 0, 0, 0, 5, 1000, 3;
1, 256, 1, 1, 1, 1, 6, 1001, 4;
1, 256, 0, 0, 0, 0, 5, 999, 3;
1, 256, 0, 0, 0, 0, 4, 999, 2;
1, 256, 1, 1, 1, 1, 5, 1000, 3;
1, 256, 0, 0, 0, 0, 5, 1000, 3;
1, 256, 1, 1, 1, 1, 5, 1000, 3;
1, 256, 0, 0, 0, 0, 4, 999, 2;
1, 256, 0, 0, 0, 0, 5, 1000, 3;
1, 256, 0, -1, -1, -1, 4, 999, 2;
1, 256, 0, 0, 0, 0, 5, 1000, 3;
1, 256, 0, 0, 0, 0, 4, 999, 2;
1, 256, 0, 0, 0, 0, 5, 1000, 3;
1, 256, 0, 0, 0, 0, 5, 1000, 3;
1, 256, 0, 0, 0, 0, 5, 1000, 3;
1, 256, 1, 1, 1, 1, 6, 1000, 4;
1, 256, 1, 1, 1, 1, 6, 1000, 3;
1, 256, 1, 1, 1, 1, 6, 1001, 4;
1, 256, 0, 0, 0, 0, 4, 999, 2;
1, 256, 1, 1, 1, 1, 5, 1000, 3;
1, 256, 1, 1, 1, 1, 6, 1001, 4;
1, 256, 0, 1, 1, 1, 5, 1000, 3;
1, 256, 0, -1, -1, -1, 4, 998, 1;
1, 256, 1, 1, 1, 1, 6, 1000, 3;
1, 256, 0, 0, 0, 0, 4, 999, 2;
1, 256, 0, 0, 0, 0, 5, 1000, 3;
1, 256, 0, -1, -1, -1, 4, 999, 2;
1, 256, 0, 0, 0, 0, 4, 999, 2;
1, 256, 0, 0, 0, 0, 5, 1000, 3;
1, 256, 0, 0, 0, 0, 4, 999, 2;
1, 256, 0, 0, 0, 0, 4, 999, 2;
1, 256, 0, 0, 0, 0, 4, 999, 2;
1, 256, 0, 1, 1, 1, 5, 1000, 3;
1, 256, 0, -1, -1, -1, 3, 998, 1;
1, 256, 0, 0, 0, 0, 4, 999, 2;
1, 256, 1, 1, 1, 1, 6, 1000, 3;
1, 256, 1, 1, 1, 1, 6, 1001, 4;
1, 256, 0, 0, 0, 0, 5, 1000, 3;
1, 256, 0, 0, 0, 0, 4, 999, 2;
1, 256, 0, 1, 1, 1, 5, 1000, 3;
1, 256, 0, -1, -1, -1, 4, 999, 2;
1, 256, 0, 0, 0, 0, 4, 999, 2;
1, 256, 0, 0, 0, 0, 5, 1000, 3;
1, 256, 0, -1, -1, -1, 4, 998, 1;
1, 256, 0, 0, 0, 0, 5, 1000, 3;
1, 256, 0, 0, 0, 0, 5, 1000, 3;
1, 256, 0, 0, 0, 0, 4, 999, 2;
1, 256, 0, -1, -1, -1, 4, 999, 2;
1, 256, 0, 0, 0, 0, 5, 1000, 3;
1, 256, 1, 1, 1, 1, 6, 1001, 4;
1, 256, 0, 0, 0, 0, 5, 1000, 3;
1, 256, 0, -1, -1, -1, 4, 999, 2;
1, 256, 0, 0, 0, 0, 5, 999, 3;
1, 256, 0, 1, 1, 1, 5, 1000, 3;
1, 256, 0, 0, 0, 0, 5, 1000, 3;
1, 256, 0, 0, 0, 0, 4, 999, 2;
1, 256, 0, 1, 1, 1, 5, 1000, 3;
1, 256, 0, 0, 0, 0, 4, 999, 2;
1, 256, 1, 1, 1, 1, 6, 1001, 4;
1, 256, 0, 1, 1, 1, 5, 1000, 3;
1, 256, 1, 1, 1, 1, 6, 1001, 4;
1, 256, 0, 0, 0, 0, 5, 1000, 3;
1, 256, 1, 1, 1, 1, 6, 1001, 4;
1, 256, 0, 0, 0, 0, 4, 999, 2;
1, 256, 0, 0, 0, 0, 4, 999, 2;
1, 256, 0, 1, 1, 1, 5, 1000, 3;
1, 256, 0, 0, 0, 0, 4, 999, 2;
1, 256, 0, 0, 0, 0, 5, 1000, 3;
1, 256, 1, 1, 1, 1, 6, 1001, 4;
1, 256, 0, 0, 0, 0, 4, 999, 2;
1, 256, 0, 0, 0, 0, 5, 1000, 3;
1, 256, 0, 0, 0, 0, 5, 1000, 3;
1, 256, 0, 0, 0, 0, 5, 999, 2;
1, 256, 0, 0, 0, 0, 4, 999, 2;
1, 256, 0, 0, 0, 0, 5, 1000, 3;
1, 256, 0, 0, 0, 0, 5, 1000, 3;
0, 256, 0, -1, -1, -1, 3, 998, 1;
1, 256, 1, 1, 1, 1, 6, 1001, 4;
1, 256, 0, 0, 0, 0, 5, 999, 2;
0, 256, 0, -1, -1, -1, 3, 998, 1;
1, 256, 0, 0, 0, 0, 5, 1000, 3;
1, 256, 0, 0, 0, 0, 5, 1000, 3;
1, 256, 0, 0, 0, 0, 4, 999, 2;
1, 256, 0, 0, 0, 0, 5, 1000, 3;
1, 256, 0, 1, 1, 1, 5, 1000, 3;
1, 256, 0, -1, -1, -1, 4, 999, 2;
1, 256, 0, 0, 0, 0, 5, 1000, 3;
1, 256, 0, -1, -1, -1, 4, 998, 2;
1, 256, 0, 1, 1, 1, 5, 1000, 3;
1, 256, 0, 0, 0, 0, 4, 999, 2;
1, 256, 0, 0, 0, 0, 5, 1000, 3;
1, 256, 0, 0, 0, 0, 4, 999, 2;
1, 256, 0, -1, -1, -1, 4, 999, 2;
1, 256, 0, 1, 1, 1, 5, 1000, 3;
1, 256, 0, 0, 0, 0, 5, 1000, 3;
1, 256, 0, 0, 0, 0, 5, 1000, 3;
1, 256, 0, -1, -1, -1, 4, 999, 2;
1, 256, 0, 0, 0, 0, 5, 1000, 3;
1, 256, 1, 1, 1, 1, 6, 1001, 4;
1, 256, 0, 0, 0, 0, 5, 1000, 3;
1, 256, 0, -1, -1, -1, 4, 999, 2;
1, 256, 0, 0, 0, 0, 5, 1000, 3;
1, 256, 0, -1, -1, -1, 4, 999, 2;
1, 256, 0, -1, -1, -1, 3, 998, 1;
1, 256, 1, 1, 1, 1, 6, 1000, 3;
1, 256, 0, 0, 0, 0, 4, 999, 2;
1, 256, 0, 1, 1, 1, 5, 1000, 3;
1, 256, 0, 0, 0, 0, 4, 999, 2;
1, 256, 0, 0, 0, 0, 5, 1000, 3;
1, 256, 0, 0, 0, 0, 4, 999, 2;
1, 256, 0, 0, 0, 0, 4, 999, 2;
1, 256, 0, -1, -1, -1, 4, 999, 2;
1, 256, 0, -1, -1, -1, 4, 998, 2;
1, 256, 0, 0, 0, 0, 4, 999, 2;
1, 256, 0, 0, 0, 0, 5, 1000, 3;
1, 256, 1, 1, 1, 1, 6, 1001, 4;
1, 256, 0, 0, 0, 0, 5, 1000, 3;
1, 256, 0, 1, 1, 1, 5, 1000, 3;
1, 256, 0, -1, -1, -1, 4, 998, 1;
1, 256, 0, 0, 0, 0, 5, 1000, 3;
1, 256, 0, -1, -1, -1, 4, 999, 2;
1, 256, 0, 0, 0, 0, 5, 1000, 3;
1, 256, 0, 0, 0, 0, 4, 999, 2;
1, 256, 1, 1, 1, 1, 6, 1000, 3;
1, 256, 0, 1, 1, 1, 5, 1000, 3;
1, 256, 0, -1, -1, -1, 4, 999, 2;
1, 256, 0, 0, 0, 0, 5, 1000, 3;
1, 256, 0, -1, -1, -1, 4, 999, 2;
1, 256, 0, 0, 0, 0, 4, 999, 2;
1, 256, 0, -1, -1, -1, 4, 998, 1;
1, 256, 0, 1, 1, 1, 5, 1000, 3;
1, 256, 1, 1, 1, 1, 6, 1001, 4;
1, 256, 0, 1, 1, 1, 5, 1000, 3;
1, 256, 0, 0, 0, 0, 5, 1000, 3;
1, 256, 0, 0, 0, 0, 4, 999, 2;
1, 256, 0, 0, 0, 0, 4, 999, 2;
1, 256, 1, 1, 1, 1, 6, 1001, 4;
1, 256, 0, 1, 1, 1, 5, 1000, 3;
1, 256, 0, 0, 0, 0, 5, 1000, 3;
1, 256, 0, 0, 0, 0, 4, 999, 2;
1, 256, 0, 0, 0, 0, 5, 999, 3;
1, 256, 0, 0, 0, 0, 4, 999, 2;
1, 256, 0, 0, 0, 0, 4, 999, 2;
1, 256, 0, 0, 0, 0, 5, 1000, 3;
1, 256, 0, 0, 0, 0, 5, 1000, 3;
1, 256, 0, 1, 1, 1, 5, 1000, 3;
1, 256, 0, 0, 0, 0, 4, 999, 2;
1, 256, 0, -1, -1, -1, 4, 999, 2;
1, 256, 0, -1, -1, -1, 4, 999, 2;
1, 256, 0, 0, 0, 0, 4, 999, 2;
1, 256, 0, 0, 0, 0, 5, 999, 2;
1, 256, 0, -1, -1, -1, 4, 999, 2;
1, 256, 0, 1, 1, 1, 5, 1000, 3;
1, 256, 1, 1, 1, 1, 6, 1001, 4;
1, 256, 0, -1, -1, -1, 4, 999, 2;
1, 256, 1, 1, 1, 1, 5, 1000, 3;
1, 256, 0, -1, -1, -1, 4, 999, 2;
1, 256, 0, 0, 0, 0, 5, 1000, 3;
1, 256, 0, 0, 0, 0, 4, 999, 2;
0, 256, 0, -1, -1, -1, 3, 998, 1;
1, 256, 0, -1, -1, -1, 4, 999, 2;
1, 256, 0, 0, 0, 0, 4, 999, 2;
1, 256, 0, 0, 0, 0, 5, 1000, 3;
1, 256, 0, 0, 0, 0, 5, 1000, 3;
1, 256, 0, 0, 0, 0, 4, 999, 2;
1, 256, 0, -1, -1, -1, 4, 999, 2;
1, 256, 0, -1, -1, -1, 4, 999, 2;
1, 256, 0, -1, -1, -1, 4, 999, 2;
1, 256, 0, -1, -1, -1, 4, 999, 2;
1, 256, 0, -1, -1, -1, 4, 999, 2;
1, 256, 0, 0, 0, 0, 5, 1000, 3;
1, 256, 0, 0, 0, 0, 5, 1000, 3;
1, 256, 0, 0, 0, 0, 5, 1000, 3;
1, 256, 0, -1, -1, -1, 4, 998, 2;
1, 256, 0, 0, 0, 0, 4, 999, 2;
1, 256, 1, 1, 1, 1, 6, 1000, 3;
1, 256, 0, 0, 0, 0, 5, 1000, 3;
1, 256, 0, 1, 1, 1, 5, 1000, 3;
1, 256, 1, 1, 1, 1, 6, 1001, 4;
1, 256, 0, -1, -1, -1, 4, 999, 2;
1, 256, 0, -1, -1, -1, 4, 999, 2;
1, 256, 0, -1, -1, -1, 4, 999, 2;
1, 256, 0, -1, -1, -1, 4, 998, 2;
1, 256, 0, 0, 0, 0, 4, 999, 2;
1, 256, 0, 0, 0, 0, 5, 1000, 3;
1, 256, 0, -1, -1, -1, 3, 998, 1;
1, 256, 1, 1, 1, 1, 5, 1000, 3;
1, 256, 0, -1, -1, -1, 4, 998, 2;
1, 256, 0, -1, -1, -1, 3, 998, 1;
1, 256, 0, 0, 0, 0, 5, 1000, 3;
1, 256, 0, 1, 1, 1, 5, 1000, 3;
1, 256, 1, 1, 1, 1, 6, 1001, 4;
1, 256, 0, 0, 0, 0, 5, 1000, 3;
1, 256, 0, 0, 0, 0, 4, 999, 2;
1, 256, 0, 0, 0, 0, 5, 1000, 3;
1, 256, 0, 0, 0, 0, 5, 1000, 3;
1, 256, 0, -1, -1, -1, 4, 999, 2;
1, 256, 0, 0, 0, 0, 4, 999, 2;
1, 256, 0, 0, 0, 0, 4, 999, 2;
1, 256, 0, -1, -1, -1, 4, 999, 2;
1, 256, 0, -1, -1, -1, 4, 999, 2;
1, 256, 0, 0, 0, 0, 4, 999, 2;
1, 256, 0, 1, 1, 1, 5, 1000, 3;
1, 256, 0, 0, 0, 0, 5, 1000, 3;
1, 256, 0, 0, 0, 0, 4, 999, 2;
1, 256, 1, 1, 1, 1, 6, 1001, 4;
1, 256, 0, 0, 0, 0, 5, 1000, 3;
1, 256, 0, 0, 0, 0, 4, 999, 2;
1, 256, 0, -1, -1, -1, 3, 998, 1;
1, 256, 0, 0, 0, 0, 4, 999, 2;
1, 256, 0, 0, 0, 0, 5, 1000, 3;
1, 256, 1, 1, 1, 1, 6, 1001, 4;
1, 256, 0, -1, -1, -1, 4, 998, 2;
1, 256, 0, -1, -1, -1, 4, 999, 2;
1, 256, 0, 1, 1, 1, 5, 1000, 3;
1, 256, 0, 0, 0, 0, 5, 1000, 3;
1, 256, 0, 0, 0, 0, 5, 1000, 3;
1, 256, 0, -1, -1, -1, 4, 999, 2;
1, 256, 0, 0, 0, 0, 5, 1000, 3;
1, 256, 1, 1, 1, 1, 6, 1000, 3;
1, 256, 0, 1, 1, 1, 5, 1000, 3;
1, 256, 0, 0, 0, 0, 5, 1000, 3;
1, 256, 1, 1, 1, 1, 5, 1000, 3;
1, 256, 0, 1, 1, 1, 5, 1000, 3;
1, 256, 0, 0, 0, 0, 4, 999, 2;
1, 256, 0, 0, 0, 0, 4, 999, 2;
1, 256, 1, 1, 1, 1, 6, 1000, 3;
1, 256, 0, 0, 0, 0, 4, 999, 2;
1, 256, 1, 1, 1, 1, 6, 1001, 4;
1, 256, 0, 0, 0, 0, 4, 999, 2;
1, 256, 0, -1, -1, -1, 3, 998, 1;
1, 256, 0, 1, 1, 1, 5, 1000, 3;
1, 256, 0, 0, 0, 0, 5, 1000, 3;
1, 256, 0, 0, 0, 0, 5, 1000, 3;
1, 256, 0, 1, 1, 1, 5, 1000, 3;
1, 256, 0, 0, 0, 0, 5, 1000, 3;
1, 256, 0, 1, 1, 1, 5, 1000, 3;
1, 256, 0, 0, 0, 0, 5, 1000, 3;
1, 256, 0, -1, -1, -1, 4, 999, 2;
1, 256, 0, 0, 0, 0, 4, 999, 2;
1, 256, 0, 0, 0, 0, 4, 999, 2;
1, 256, 0, 0, 0, 0, 5, 1000, 3;
1, 256, 0, -1, -1, -1, 4, 999, 2;
1, 256, 0, 0, 0, 0, 4, 999, 2;
1, 256, 0, 0, 0, 0, 4, 999, 2;
1, 256, 1, 1, 1, 1, 6, 1000, 4;
1, 256, 0, -1, -1, -1, 4, 999, 2;
1, 256, 0, 0, 0, 0, 5, 1000, 3;
1, 256, 0, 0, 0, 0, 5, 1000, 3;
1, 256, 0, 0, 0, 0, 5, 1000, 3;
1, 256, 0, 0, 0, 0, 4, 999, 2;
1, 256, 0, 1, 1, 1, 5, 1000, 3;
1, 256, 0, 0, 0, 0, 5, 1000, 3;
1, 256, 0, 0, 0, 0, 5, 1000, 3;
1, 256, 0, 1, 1, 1, 5, 1000, 3;
1, 256, 0, 0, 0, 0, 5, 1000, 3;
1, 256, 0, -1, -1, -1, 4, 999, 2;
1, 256, 0, 0, 0, 0, 5, 1000, 3;
1, 256, 0, -1, -1, -1, 4, 998, 1;
1, 256, 1, 1, 1, 1, 6, 1001, 4;
1, 256, 0, -1, -1, -1, 4, 999, 2;
1, 256, 0, 0, 0, 0, 5, 1000, 3;
1, 256, 0, 0, 0, 0, 5, 1000, 3;
1, 256, 1, 1, 1, 1, 6, 1000, 4;
1, 256, 0, -1, -1, -1, 4, 999, 2;
1, 256, 0, 0, 0, 0, 4, 999, 2;
1, 256, 1, 1, 1, 1, 6, 1001, 4;
1, 256, 0, -1, -1, -1, 4, 999, 2;
1, 256, 0, 1, 1, 1, 5, 1000, 3;
1, 256, 0, 0, 0, 0, 4, 999, 2;
1, 256, 0, 0, 0, 0, 5, 1000, 3;
1, 256, 0, -1, -1, -1, 3, 998, 1;
1, 256, 0, -1, -1, -1, 4, 998, 2;
1, 256, 0, 0, 0, 0, 4, 999, 2;
1, 256, 1, 1, 1, 1, 6, 1001, 4;
1, 256, 1, 1, 1, 1, 6, 1001, 4;
1, 256, 0, 0, 0, 0, 4, 999, 2;
1, 256, 0, 0, 0, 0, 5, 1000, 3;
1, 256, 1, 1, 1, 1, 6, 1000, 4;
1, 256, 0, 1, 1, 1, 5, 1000, 3;
1, 256, 0, -1, -1, -1, 4, 999, 2;
1, 256, 0, 1, 1, 1, 5, 1000, 3;
1, 256, 0, -1, -1, -1, 3, 998, 1;
1, 256, 0, -1, -1, -1, 4, 999, 2;
1, 256, 0, 0, 0, 0, 5, 999, 2;
1, 256, 0, -1, -1, -1, 4, 999, 2;
1, 256, 1, 1, 1, 1, 6, 1000, 3;
1, 256, 1, 1, 1, 1, 6, 1000, 4;
1, 256, 1, 1, 1, 1, 5, 1000, 3;
1, 256, 0, -1, -1, -1, 4, 999, 2;
1, 256, 0, 0, 0, 0, 5, 1000, 3;
1, 256, 0, 0, 0, 0, 5, 1000, 3;
1, 256, 0, 0, 0, 0, 4, 999, 2;
1, 256, 0, 0, 0, 0, 5, 1000, 3;
1, 256, 0, 0, 0, 0, 5, 1000, 3;
1, 256, 0, 1, 1, 1, 5, 1000, 3;
1, 256, 0, 0, 0, 0, 5, 1000, 3;
1, 256, 0, -1, -1, -1, 3, 998, 1;
1, 256, 1, 1, 1, 1, 6, 1000, 3;
1, 256, 0, -1, -1, -1, 3, 998, 1;
1, 256, 1, 1, 1, 1, 5, 1000, 3;
1, 256, 0, 0, 0, 0, 4, 999, 2;
1, 256, 0, 0, 0, 0, 4, 999, 2;
1, 256, 0, 0, 0, 0, 5, 1000, 3;
1, 256, 0, 0, 0, 0, 4, 999, 2;
1, 256, 0, 1, 1, 1, 5, 1000, 3;
1, 256, 0, -1, -1, -1, 4, 999, 2;
1, 256, 0, 0, 0, 0, 5, 1000, 3;
1, 256, 0, 0, 0, 0, 4, 999, 2;
1, 256, 0, 0, 0, 0, 5, 999, 3;
1, 256, 0, -1, -1, -1, 3, 998, 1;
1, 256, 0, 0, 0, 0, 5, 1000, 3;
1, 256, 0, 0, 0, 0, 5, 1000, 3;
1, 256, 0, 0, 0, 0, 5, 1000, 3;
1, 256, 0, -1, -1, -1, 4, 999, 2;
1, 256, 0, -1, -1, -1, 3, 998, 1;
1, 256, 0, 0, 0, 0, 5, 1000, 3;
1, 256, 0, -1, -1, -1, 4, 999, 2;
1, 256, 0, 0, 0, 0, 4, 999, 2;
1, 256, 0, -1, -1, -1, 4, 999, 2;
1, 256, 0, 0, 0, 0, 4, 999, 2;
1, 256, 0, 0, 0, 0, 5, 1000, 3;
1, 256, 0, 0, 0, 0, 5, 1000, 3;
1, 256, 0, 0, 0, 0, 4, 999, 2;
1, 256, 1, 1, 1, 1, 6, 1001, 4;
1, 256, 0, 0, 0, 0, 5, 1000, 3;
1, 256, 0, 0, 0, 0, 5, 1000, 3;
1, 256, 0, 0, 0, 0, 5, 1000, 3;
1, 256, 0, 0, 0, 0, 5, 1000, 3;
1, 256, 1, 1, 1, 1, 6, 1001, 4;
1, 256, 0, -1, -1, -1, 4, 998, 2;
1, 256, 0, 0, 0, 0, 4, 999, 2;
1, 256, 0, -1, -1, -1, 3, 998, 1;
1, 256, 0, 0, 0, 0, 5, 1000, 3;
1, 256, 0, 0, 0, 0, 5, 1000, 3;
1, 256, 1, 1, 1, 1, 6, 1000, 3;
1, 256, 0, 0, 0, 0, 5, 1000, 3;
1, 256, 0, 0, 0, 0, 5, 1000, 3;
1, 256, 0, 0, 0, 0, 5, 1000, 3;
1, 256, 0, -1, -1, -1, 4, 999, 2;
1, 256, 0, -1, -1, -1, 4, 999, 2;
1, 256, 0, -1, -1, -1, 4, 999, 2;