-1, 294, 11, -4, 405, -4, -5, 1147, 45;
2, 296, 13, 29, 412, 2, 10, 1156, 54;
2, 294, 11, 50, 404, -3, 9, 1148, 46;
3, 293, 11, 75, 400, -5, 13, 1144, 43;
4, 292, 10, 98, 393, -8, 15, 1139, 40;
11, 297, 16, 144, 409, 10, 46, 1161, 64;
10, 294, 13, 161, 394, 1, 41, 1148, 52;
10, 292, 11, 181, 383, -3, 41, 1139, 46;
12, 292, 12, 208, 378, -2, 49, 1139, 47;
11, 288, 9, 224, 362, -11, 44, 1125, 36;
12, 287, 9, 248, 353, -11, 49, 1121, 36;
16, 288, 11, 278, 349, -6, 62, 1125, 43;
21, 291, 15, 314, 353, 7, 85, 1137, 59;
20, 287, 12, 326, 332, -3, 78, 1121, 46;
19, 284, 9, 341, 314, -9, 75, 1108, 38;
24, 287, 14, 376, 315, 3, 97, 1121, 55;
21, 281, 9, 382, 288, -9, 85, 1099, 38;
29, 286, 16, 421, 294, 9, 114, 1118, 62;
29, 283, 14, 435, 276, 5, 113, 1107, 57;
27, 279, 11, 443, 251, -4, 105, 1090, 45;
26, 275, 9, 453, 229, -10, 101, 1076, 37;
33, 280, 15, 488, 233, 8, 130, 1094, 61;
28, 273, 10, 485, 199, -8, 111, 1066, 40;
32, 275, 13, 508, 192, 1, 127, 1073, 52;
29, 269, 9, 508, 164, -10, 116, 1052, 37;
34, 271, 13, 531, 157, 0, 133, 1059, 52;
36, 271, 15, 546, 145, 6, 142, 1060, 59;
36, 269, 14, 552, 124, 4, 141, 1050, 56;
37, 267, 14, 561, 107, 5, 145, 1045, 58;
35, 263, 12, 559, 80, -2, 136, 1027, 47;
40, 266, 16, 578, 76, 12, 156, 1039, 66;
39, 263, 15, 579, 53, 8, 152, 1027, 61;
35, 257, 12, 569, 22, -3, 138, 1005, 47;
33, 254, 10, 564, -2, -9, 131, 991, 39;
35, 254, 12, 571, -15, -2, 139, 992, 48;
36, 253, 13, 573, -30, 1, 144, 989, 52;
34, 249, 11, 564, -56, -5, 135, 974, 44;
35, 248, 12, 562, -72, -2, 137, 970, 48;
34, 246, 11, 556, -92, -3, 135, 962, 46;
32, 243, 10, 545, -115, -7, 128, 950, 41;
31, 241, 10, 536, -135, -8, 124, 941, 39;
31, 239, 9, 526, -154, -9, 121, 933, 38;
33, 240, 12, 524, -164, -1, 128, 937, 48;
30, 237, 10, 508, -186, -6, 119, 924, 42;
29, 235, 10, 496, -204, -6, 116, 918, 42;
34, 239, 16, 499, -203, 10, 134, 932, 63;
32, 237, 15, 482, -222, 8, 128, 924, 61;
28, 231, 11, 455, -249, -3, 109, 903, 46;
32, 235, 16, 454, -249, 12, 125, 917, 66;
27, 230, 13, 424, -275, 0, 106, 897, 51;
25, 228, 13, 405, -289, 0, 101, 892, 51;
23, 226, 11, 381, -307, -4, 90, 881, 45;
22, 225, 12, 363, -317, -1, 88, 880, 48;
23, 226, 14, 349, -322, 5, 92, 884, 57;
22, 226, 15, 330, -331, 7, 89, 882, 60;
18, 222, 12, 297, -351, -2, 71, 866, 47;
17, 221, 12, 275, -359, 0, 68, 865, 50;
15, 220, 12, 251, -369, -1, 61, 860, 49;
14, 220, 13, 228, -375, 1, 57, 860, 52;
13, 220, 14, 205, -380, 3, 54, 860, 54;
14, 222, 16, 187, -379, 10, 56, 867, 63;
12, 221, 15, 160, -386, 8, 48, 863, 61;
7, 217, 12, 123, -401, -1, 29, 848, 49;
5, 217, 12, 97, -405, -1, 22, 847, 49;
4, 216, 12, 70, -408, -1, 15, 846, 48;
0, 215, 10, 37, -415, -7, 2, 838, 42;
4, 220, 15, 26, -400, 8, 15, 858, 62;
-4, 213, 9, -21, -421, -12, -17, 831, 35;
-5, 214, 9, -46, -419, -10, -21, 834, 38;
0, 220, 16, -53, -397, 9, -3, 860, 63;
-6, 217, 12, -91, -406, -1, -24, 847, 49;
-10, 215, 10, -125, -410, -9, -40, 838, 39;
-5, 221, 16, -132, -386, 10, -22, 865, 64;
-9, 220, 14, -164, -387, 3, -37, 858, 55;
-11, 220, 14, -191, -382, 2, -44, 859, 54;
-12, 221, 14, -214, -374, 4, -48, 864, 56;
-19, 217, 9, -255, -381, -10, -74, 848, 37;
-16, 222, 14, -265, -358, 3, -62, 869, 55;
-18, 222, 13, -291, -351, 0, -71, 869, 52;
-23, 219, 9, -326, -354, -11, -92, 857, 36;
-24, 222, 10, -345, -339, -7, -93, 866, 41;
-22, 226, 13, -357, -318, 1, -87, 882, 52;
-22, 228, 14, -375, -303, 4, -89, 890, 56;
-27, 226, 11, -405, -300, -6, -107, 882, 43;
-29, 226, 9, -427, -290, -9, -116, 883, 38;
-26, 232, 14, -432, -262, 3, -104, 904, 55;
-31, 229, 10, -461, -259, -7, -122, 896, 41;
-33, 230, 9, -479, -245, -9, -128, 900, 38;
-32, 234, 11, -488, -223, -3, -125, 913, 46;
-28, 240, 16, -488, -192, 10, -111, 936, 63;
-32, 239, 13, -509, -184, 1, -125, 932, 52;
-31, 241, 14, -518, -164, 4, -124, 942, 56;
-36, 239, 10, -540, -157, -6, -140, 935, 42;
-38, 240, 9, -553, -143, -10, -148, 937, 37;
-39, 241, 9, -563, -126, -12, -152, 942, 35;
-39, 243, 9, -569, -106, -11, -152, 950, 36;
-39, 245, 9, -574, -87, -10, -153, 957, 37;
-38, 248, 10, -576, -66, -8, -151, 968, 40;
-39, 249, 10, -580, -47, -8, -153, 974, 39;
-38, 252, 10, -579, -25, -6, -150, 984, 42;
-37, 255, 12, -576, -3, -3, -146, 996, 47;
-34, 260, 14, -567, 25, 5, -135, 1014, 58;
-34, 261, 14, -565, 44, 5, -135, 1021, 57;
-36, 261, 13, -568, 57, 0, -141, 1021, 50;
-33, 265, 15, -557, 82, 6, -132, 1036, 58;
-39, 261, 9, -569, 83, -12, -153, 1020, 36;
-31, 270, 16, -540, 124, 10, -124, 1055, 63;
-37, 265, 9, -552, 122, -10, -147, 1037, 38;
-35, 269, 11, -537, 146, -3, -137, 1051, 46;
-29, 276, 16, -511, 179, 11, -116, 1076, 64;
-28, 277, 16, -499, 197, 11, -112, 1084, 65;
-35, 272, 9, -509, 191, -11, -138, 1061, 36;
-29, 278, 14, -480, 223, 4, -115, 1087, 56;
-27, 281, 15, -461, 243, 8, -106, 1098, 61;
-26, 282, 15, -445, 258, 7, -103, 1103, 60;
-27, 282, 13, -434, 267, 1, -106, 1101, 53;
-27, 281, 11, -422, 276, -3, -108, 1099, 46;
-25, 284, 13, -397, 295, 1, -97, 1111, 52;
-20, 289, 16, -367, 318, 11, -79, 1129, 65;
-19, 290, 16, -348, 330, 10, -76, 1132, 63;
-24, 284, 9, -347, 321, -9, -96, 1111, 38;
-16, 292, 16, -304, 353, 10, -65, 1140, 64;
-20, 288, 11, -296, 348, -4, -78, 1125, 45;
-15, 292, 14, -264, 366, 3, -62, 1139, 55;
-18, 289, 10, -252, 362, -7, -70, 1128, 41;
-16, 290, 10, -226, 371, -6, -63, 1132, 42;
-12, 292, 12, -195, 384, -1, -50, 1142, 49;
-10, 294, 13, -167, 393, 1, -39, 1148, 53;
-12, 290, 9, -153, 385, -11, -49, 1134, 37;
-11, 291, 9, -128, 389, -11, -43, 1134, 36;
-3, 297, 15, -81, 412, 7, -12, 1160, 60;
-1, 297, 15, -56, 413, 6, -7, 1160, 59;
-3, 294, 12, -39, 405, -3, -12, 1148, 47;
0, 295, 12, -10, 408, -1, -3, 1151, 49;
0, 293, 11, 12, 404, -5, -1, 1146, 44;
1, 293, 11, 39, 402, -5, 4, 1145, 43;
3, 294, 11, 68, 403, -3, 13, 1147, 46;
3, 292, 10, 91, 396, -7, 15, 1141, 41;
10, 297, 15, 133, 408, 8, 41, 1159, 61;
9, 294, 13, 152, 395, 0, 38, 1148, 51;
11, 293, 13, 178, 390, 0, 45, 1146, 52;
10, 290, 10, 196, 376, -6, 42, 1134, 42;
14, 292, 12, 227, 375, 0, 55, 1139, 50;
12, 288, 9, 241, 356, -11, 48, 1123, 36;
17, 290, 12, 274, 357, -1, 66, 1131, 48;
16, 287, 10, 293, 342, -6, 66, 1122, 42;
22, 290, 15, 328, 345, 6, 87, 1134, 58;
18, 284, 9, 334, 317, -9, 73, 1109, 38;
21, 284, 10, 358, 308, -6, 82, 1109, 42;
26, 287, 15, 392, 309, 6, 104, 1121, 59;
23, 281, 10, 397, 281, -8, 90, 1097, 40;
29, 284, 15, 430, 282, 6, 113, 1110, 58;
27, 280, 12, 438, 257, -3, 105, 1093, 46;
28, 279, 12, 456, 243, -2, 111, 1089, 48;
31, 279, 13, 477, 233, 2, 121, 1089, 54;
33, 279, 15, 497, 222, 8, 132, 1090, 61;
33, 276, 14, 506, 201, 4, 130, 1078, 56;
30, 271, 10, 508, 173, -7, 119, 1058, 42;
31, 269, 10, 519, 155, -6, 122, 1052, 42;
32, 268, 11, 531, 139, -4, 127, 1047, 44;
36, 270, 14, 550, 131, 5, 142, 1053, 57;
36, 267, 14, 556, 111, 2, 141, 1044, 54;
34, 263, 11, 555, 84, -4, 133, 1027, 44;
39, 266, 16, 574, 79, 9, 152, 1038, 62;
33, 258, 10, 561, 43, -7, 132, 1009, 41;
38, 261, 14, 577, 37, 5, 149, 1018, 57;
38, 259, 14, 579, 18, 5, 149, 1012, 58;
32, 252, 9, 562, -17, -11, 128, 983, 36;
38, 256, 15, 580, -18, 7, 151, 999, 60;
33, 248, 9, 559, -55, -10, 128, 970, 37;
32, 246, 9, 555, -74, -10, 127, 962, 37;
32, 245, 10, 552, -92, -9, 128, 957, 39;
31, 242, 9, 544, -113, -11, 123, 947, 36;
34, 244, 12, 545, -123, -2, 133, 951, 47;
37, 245, 15, 548, -130, 8, 144, 958, 61;
35, 243, 14, 535, -151, 5, 139, 948, 58;
29, 235, 9, 507, -186, -11, 114, 920, 36;
29, 235, 10, 499, -199, -7, 116, 919, 41;
30, 235, 12, 491, -211, -2, 119, 918, 47;
27, 232, 10, 470, -233, -8, 108, 905, 40;
29, 232, 12, 462, -242, -1, 113, 908, 48;
28, 231, 12, 446, -257, -1, 110, 903, 49;
26, 229, 12, 427, -273, -2, 103, 895, 47;
25, 228, 12, 409, -288, -2, 99, 890, 47;
21, 224, 9, 381, -310, -11, 83, 873, 36;
21, 224, 10, 365, -318, -6, 84, 875, 42;
25, 228, 16, 361, -313, 10, 99, 891, 63;
20, 223, 12, 327, -337, -2, 78, 871, 47;
21, 225, 15, 314, -338, 7, 85, 879, 59;
17, 221, 12, 282, -358, -2, 68, 864, 48;
18, 223, 14, 266, -359, 6, 72, 871, 58;
16, 222, 14, 240, -368, 4, 64, 866, 57;
14, 220, 13, 213, -378, 2, 55, 860, 54;
11, 219, 13, 185, -387, 0, 45, 855, 50;
14, 222, 16, 171, -381, 11, 54, 867, 65;
8, 218, 12, 133, -399, 0, 32, 850, 49;
9, 220, 16, 117, -392, 9, 38, 861, 62;
8, 220, 16, 90, -396, 9, 32, 860, 62;
2, 216, 11, 50, -411, -3, 8, 843, 46;
-1, 213, 9, 15, -421, -11, -7, 832, 36;
-2, 214, 10, -8, -418, -8, -10, 836, 40;
-4, 213, 9, -37, -419, -10, -19, 834, 38;
-6, 214, 9, -63, -417, -9, -25, 835, 38;
-8, 214, 9, -91, -416, -10, -33, 835, 37;
-4, 220, 15, -100, -395, 6, -18, 858, 59;
-5, 221, 16, -122, -387, 11, -19, 865, 64;
-11, 217, 12, -162, -396, -2, -43, 849, 47;
-9, 221, 15, -179, -381, 6, -38, 863, 58;
-12, 221, 14, -207, -377, 3, -48, 861, 55;
-17, 217, 10, -245, -382, -9, -70, 849, 39;
-17, 220, 12, -262, -366, -1, -66, 861, 48;
-20, 219, 10, -292, -364, -8, -81, 856, 40;
-16, 225, 15, -299, -337, 8, -65, 881, 61;
-18, 226, 15, -322, -327, 7, -72, 884, 60;
-20, 227, 15, -344, -316, 7, -78, 887, 59;
-23, 227, 13, -371, -310, 1, -90, 885, 52;
-23, 229, 14, -387, -293, 4, -91, 894, 57;
-22, 232, 16, -400, -274, 11, -88, 907, 64;
-26, 231, 14, -426, -267, 3, -102, 903, 55;
-24, 235, 16, -435, -244, 12, -96, 919, 65;
-29, 233, 13, -462, -239, 1, -113, 911, 52;
-27, 238, 16, -468, -213, 11, -105, 929, 64;
-27, 240, 16, -481, -196, 12, -107, 937, 66;
-30, 240, 15, -499, -184, 7, -117, 937, 59;
-33, 239, 12, -520, -175, -1, -130, 933, 49;
-34, 240, 12, -531, -158, -1, -133, 939, 48;
-35, 241, 11, -544, -143, -4, -139, 942, 45;
-33, 246, 14, -544, -116, 4, -131, 960, 56;
-38, 243, 9, -565, -112, -10, -150, 949, 38;
-36, 248, 12, -563, -84, -1, -141, 967, 49;
-33, 252, 15, -559, -56, 7, -131, 985, 60;
-38, 250, 11, -576, -51, -6, -149, 975, 43;
-33, 257, 16, -561, -14, 10, -128, 1004, 64;
-34, 257, 14, -568, -1, 5, -136, 1004, 57;
-39, 255, 10, -581, 5, -7, -152, 995, 41;
-37, 258, 11, -576, 27, -4, -148, 1006, 45;
-35, 262, 14, -566, 54, 3, -137, 1022, 54;
-36, 262, 12, -567, 68, -2, -143, 1023, 48;
-33, 267, 15, -553, 95, 6, -131, 1041, 58;
-32, 269, 15, -545, 115, 7, -128, 1049, 60;
-31, 271, 16, -535, 136, 9, -123, 1059, 63;
-37, 266, 9, -547, 133, -11, -147, 1040, 37;
-32, 273, 14, -523, 166, 3, -126, 1064, 55;
-31, 275, 14, -509, 185, 5, -121, 1073, 57;
-35, 272, 9, -512, 187, -9, -137, 1061, 38;
-29, 278, 15, -482, 220, 6, -113, 1087, 58;
-30, 278, 13, -474, 230, 0, -117, 1086, 51;
-32, 276, 9, -469, 235, -10, -126, 1079, 38;
-32, 277, 9, -454, 249, -12, -124, 1082, 36;
-25, 284, 15, -418, 282, 6, -97, 1110, 58;
-27, 282, 11, -410, 285, -4, -106, 1102, 45;
-24, 285, 13, -384, 304, 1, -94, 1114, 52;
-26, 283, 10, -374, 306, -9, -102, 1106, 39;
-18, 291, 16, -333, 338, 10, -72, 1135, 64;
-16, 292, 16, -310, 350, 11, -65, 1141, 65;
-17, 291, 14, -294, 354, 5, -68, 1136, 57;
-21, 287, 9, -287, 347, -11, -82, 1119, 36;
-13, 294, 15, -244, 376, 7, -52, 1147, 60;
-17, 289, 10, -237, 366, -9, -68, 1128, 39;
-12, 293, 13, -200, 385, 2, -47, 1145, 53;
-10, 294, 13, -174, 392, 2, -41, 1148, 53;
-7, 296, 15, -143, 402, 7, -28, 1156, 60;
-4, 298, 16, -114, 410, 10, -17, 1162, 64;
-7, 293, 11, -102, 399, -4, -29, 1145, 45;
-2, 297, 15, -63, 414, 7, -7, 1161, 60;
-1, 296, 14, -41, 411, 3, -6, 1156, 55;
2, 299, 16, -7, 420, 10, 8, 1166, 64;
1, 296, 13, 11, 412, 2, 5, 1156, 54;
3, 296, 13, 38, 411, 2, 12, 1155, 54;
6, 298, 15, 71, 416, 8, 26, 1162, 61;
7, 297, 15, 96, 411, 7, 31, 1159, 59;
8, 295, 14, 119, 404, 3, 33, 1153, 55;
11, 296, 15, 148, 403, 6, 43, 1155, 58;
9, 293, 12, 166, 389, -2, 38, 1142, 47;
15, 296, 16, 205, 396, 10, 61, 1157, 64;
12, 291, 11, 215, 375, -3, 50, 1136, 46;
15, 291, 12, 243, 369, 0, 59, 1137, 49;
14, 288, 10, 260, 354, -7, 57, 1125, 41;
15, 286, 9, 281, 342, -10, 60, 1118, 38;
19, 288, 12, 311, 339, -3, 74, 1124, 47;
25, 291, 16, 348, 342, 11, 97, 1137, 64;
23, 287, 13, 359, 320, 0, 89, 1120, 51;
23, 284, 12, 376, 304, -2, 90, 1111, 47;
23, 282, 11, 393, 288, -5, 92, 1102, 43;
23, 279, 9, 407, 269, -11, 90, 1090, 37;
26, 280, 11, 431, 261, -4, 103, 1093, 45;
27, 279, 11, 448, 246, -4, 107, 1088, 45;
32, 281, 15, 478, 244, 9, 128, 1099, 62;
29, 275, 11, 479, 214, -5, 114, 1075, 44;
31, 275, 12, 496, 200, -2, 121, 1072, 48;
33, 275, 13, 513, 188, 2, 130, 1072, 54;
34, 273, 13, 525, 171, 2, 133, 1066, 54;
34, 271, 13, 534, 152, 1, 134, 1058, 52;
33, 267, 11, 539, 129, -3, 130, 1045, 46;
32, 264, 10, 543, 106, -7, 127, 1033, 41;
32, 262, 10, 549, 87, -8, 128, 1025, 40;
35, 263, 12, 562, 76, 0, 139, 1027, 50;
37, 262, 14, 570, 60, 2, 144, 1025, 54;
33, 257, 10, 563, 30, -8, 131, 1004, 40;
38, 260, 15, 580, 26, 7, 151, 1016, 60;
36, 256, 12, 572, -1, -1, 141, 998, 49;
36, 254, 12, 572, -19, 0, 142, 992, 50;
37, 254, 14, 575, -34, 4, 147, 991, 56;
32, 247, 9, 556, -68, -11, 127, 964, 37;
33, 246, 10, 556, -84, -7, 130, 962, 41;
35, 246, 12, 556, -96, 0, 137, 963, 49;
33, 244, 11, 546, -118, -4, 131, 951, 45;
37, 247, 16, 553, -122, 10, 147, 963, 63;
36, 244, 15, 541, -142, 8, 143, 954, 61;
30, 237, 10, 515, -176, -7, 120, 927, 41;
32, 238, 12, 510, -186, 0, 126, 929, 50;
29, 234, 11, 491, -209, -6, 115, 916, 42;
30, 235, 12, 483, -220, -1, 119, 916, 49;
30, 234, 13, 471, -233, 2, 119, 915, 53;
31, 235, 15, 462, -242, 8, 123, 917, 61;
25, 228, 10, 427, -274, -8, 97, 889, 40;
22, 225, 9, 405, -292, -12, 88, 880, 35;
26, 229, 14, 403, -289, 4, 105, 895, 56;
25, 227, 13, 382, -304, 2, 97, 888, 54;
26, 229, 16, 370, -308, 11, 103, 895, 65;
24, 228, 16, 347, -320, 10, 97, 889, 64;
22, 225, 15, 321, -336, 6, 86, 880, 59;
15, 219, 9, 281, -363, -10, 59, 855, 37;
13, 217, 9, 256, -374, -12, 51, 849, 35;
15, 220, 13, 244, -370, 0, 60, 861, 51;
16, 222, 15, 228, -370, 8, 65, 869, 61;
12, 220, 13, 195, -383, 1, 50, 858, 52;
11, 219, 13, 170, -389, 1, 44, 856, 53;
11, 220, 15, 148, -390, 6, 43, 859, 58;
4, 215, 10, 108, -409, -7, 19, 840, 41;
6, 218, 13, 92, -402, 2, 25, 852, 54;
2, 215, 11, 58, -411, -4, 9, 842, 45;
5, 220, 15, 44, -400, 8, 20, 858, 62;
-2, 214, 10, 0, -419, -9, -9, 835, 39;
-1, 216, 12, -20, -411, -2, -7, 844, 48;
-4, 215, 11, -50, -414, -5, -18, 840, 43;
-8, 213, 9, -83, -418, -11, -32, 833, 36;
-5, 218, 14, -95, -400, 3, -20, 853, 55;
-11, 214, 9, -136, -411, -11, -45, 836, 36;
-12, 215, 10, -160, -404, -9, -49, 840, 39;
-10, 219, 13, -175, -388, 1, -42, 856, 52;
-11, 221, 14, -198, -378, 4, -44, 862, 56;
-18, 216, 9, -238, -387, -11, -70, 845, 37;
-16, 220, 12, -254, -370, -2, -65, 859, 48;
-15, 223, 14, -271, -353, 5, -62, 872, 57;
-16, 225, 16, -290, -340, 9, -63, 881, 62;
-23, 220, 9, -332, -348, -9, -92, 861, 38;
-21, 225, 13, -343, -327, 0, -84, 878, 51;
-23, 226, 13, -365, -315, 0, -90, 882, 51;
-27, 224, 9, -396, -313, -10, -108, 874, 38;
-24, 229, 13, -402, -286, 2, -97, 895, 54;
-29, 228, 11, -430, -282, -6, -113, 889, 43;
-28, 231, 12, -442, -261, 0, -110, 901, 50;
-31, 230, 10, -467, -254, -8, -124, 897, 40;
-31, 232, 11, -479, -235, -5, -124, 907, 44;
-29, 237, 15, -483, -207, 6, -113, 927, 58;
-28, 241, 16, -491, -185, 11, -110, 940, 65;
-34, 237, 11, -520, -186, -5, -135, 925, 43;
-31, 242, 14, -521, -157, 5, -124, 945, 57;
-37, 239, 9, -546, -155, -10, -146, 933, 38;
-36, 242, 11, -551, -132, -5, -142, 945, 43;
-35, 245, 12, -554, -109, 0, -138, 958, 49;
-34, 249, 14, -555, -84, 4, -133, 972, 56;
-34, 250, 14, -561, -66, 4, -135, 978, 55;
-35, 252, 14, -566, -48, 2, -137, 984, 54;
-33, 255, 15, -563, -23, 8, -132, 998, 61;
-36, 255, 12, -573, -13, 0, -143, 994, 50;
-33, 260, 16, -563, 16, 10, -129, 1015, 63;
-35, 260, 14, -569, 29, 3, -138, 1014, 55;
-34, 262, 15, -563, 51, 6, -133, 1025, 59;
-34, 264, 14, -561, 69, 5, -134, 1030, 57;
-33, 266, 15, -553, 91, 7, -129, 1040, 60;
-38, 263, 10, -563, 93, -8, -148, 1027, 40;
-37, 265, 10, -555, 113, -7, -145, 1035, 41;
-35, 268, 12, -542, 136, -2, -137, 1049, 48;
-33, 271, 13, -528, 158, 1, -130, 1060, 52;
-30, 275, 15, -510, 183, 8, -118, 1076, 62;
-35, 271, 9, -517, 181, -10, -138, 1058, 38;
-29, 278, 15, -487, 215, 6, -114, 1086, 59;
-27, 280, 16, -470, 234, 9, -107, 1095, 62;
-25, 283, 16, -452, 253, 12, -100, 1105, 66;
-27, 281, 13, -445, 258, 2, -108, 1098, 53;
-26, 283, 14, -426, 274, 3, -102, 1105, 55;
-27, 282, 11, -417, 280, -5, -108, 1099, 44;
-23, 286, 15, -386, 304, 6, -89, 1119, 58;
-26, 283, 10, -382, 302, -9, -104, 1104, 39;
-24, 285, 11, -357, 318, -5, -94, 1114, 44;
-17, 291, 16, -319, 345, 10, -69, 1138, 64;
-20, 288, 11, -311, 342, -3, -81, 1124, 46;
-14, 293, 16, -274, 365, 9, -58, 1145, 63;
-17, 290, 11, -263, 361, -3, -68, 1132, 46;
-11, 295, 16, -225, 384, 11, -44, 1153, 64;
-12, 294, 14, -207, 385, 4, -47, 1147, 56;
-13, 291, 11, -191, 382, -5, -53, 1137, 43;
-12, 291, 10, -168, 385, -8, -49, 1136, 40;
-11, 291, 9, -143, 388, -10, -45, 1136, 38;
-4, 297, 15, -98, 411, 8, -16, 1160, 61;
-7, 292, 10, -88, 398, -7, -29, 1142, 41;
-1, 297, 14, -48, 413, 5, -6, 1158, 57;
0, 297, 15, -20, 415, 6, 0, 1160, 58;
-3, 292, 9, -9, 399, -9, -12, 1140, 38;
5, 299, 16, 39, 421, 12, 21, 1167, 66;
0, 291, 9, 43, 397, -10, 0, 1138, 37;
8, 298, 15, 90, 414, 9, 31, 1162, 62;
7, 295, 13, 108, 403, 0, 27, 1151, 52;
10, 296, 14, 139, 403, 5, 39, 1155, 57;
10, 293, 12, 159, 393, 0, 39, 1146, 50;
13, 295, 14, 191, 393, 5, 52, 1151, 57;
12, 291, 11, 207, 377, -3, 47, 1137, 46;
13, 290, 11, 232, 369, -3, 54, 1134, 46;
14, 289, 11, 255, 359, -5, 58, 1129, 44;
18, 290, 13, 284, 356, 0, 70, 1132, 51;
17, 287, 11, 301, 339, -6, 68, 1121, 43;
19, 287, 11, 326, 331, -3, 77, 1120, 46;
23, 288, 13, 354, 326, 2, 90, 1124, 54;
21, 284, 10, 365, 304, -6, 84, 1107, 42;
23, 283, 11, 389, 295, -3, 93, 1107, 46;
24, 281, 11, 406, 279, -5, 95, 1099, 44;
29, 283, 14, 435, 276, 5, 113, 1107, 57;
28, 280, 12, 446, 254, -1, 109, 1093, 48;
28, 278, 12, 461, 237, -3, 111, 1085, 47;
28, 275, 10, 472, 217, -7, 110, 1074, 42;
28, 273, 10, 485, 200, -7, 112, 1067, 41;
28, 271, 9, 496, 181, -10, 112, 1058, 37;
29, 269, 9, 506, 162, -12, 113, 1049, 35;
30, 267, 9, 518, 145, -11, 117, 1044, 37;
37, 272, 15, 548, 147, 8, 145, 1062, 61;
32, 265, 10, 541, 113, -6, 127, 1036, 42;
37, 267, 14, 560, 106, 5, 144, 1044, 57;
39, 267, 16, 572, 94, 10, 153, 1044, 64;
37, 263, 13, 569, 66, 2, 144, 1027, 54;
33, 258, 10, 562, 36, -8, 131, 1006, 40;
38, 260, 14, 578, 31, 5, 149, 1016, 57;
36, 257, 13, 574, 7, 1, 144, 1003, 52;
39, 258, 15, 582, -3, 9, 153, 1006, 62;
34, 251, 10, 565, -38, -6, 134, 979, 42;
36, 251, 13, 570, -50, 1, 143, 982, 52;
38, 251, 15, 572, -63, 7, 149, 982, 59;
35, 247, 13, 559, -89, 0, 139, 966, 50;
32, 243, 10, 544, -117, -8, 126, 948, 39;
38, 247, 16, 556, -115, 11, 149, 966, 64;
30, 238, 9, 524, -157, -12, 118, 930, 35;
35, 242, 14, 531, -158, 4, 136, 945, 56;
32, 239, 13, 515, -180, 0, 127, 932, 50;
34, 239, 15, 509, -191, 6, 132, 934, 58;
34, 239, 16, 500, -203, 10, 135, 933, 64;
28, 232, 11, 468, -236, -6, 110, 906, 43;
31, 234, 15, 465, -239, 6, 121, 916, 58;
26, 230, 11, 437, -265, -4, 104, 897, 45;
26, 229, 12, 421, -278, -2, 101, 893, 47;
24, 227, 11, 401, -294, -4, 95, 886, 45;
21, 224, 10, 377, -312, -9, 84, 875, 39;
21, 224, 11, 359, -321, -5, 83, 874, 43;
19, 222, 10, 337, -334, -6, 77, 869, 42;
17, 220, 9, 312, -348, -9, 68, 861, 38;
19, 223, 13, 301, -347, 1, 77, 872, 53;
20, 225, 16, 286, -348, 10, 81, 878, 63;
17, 222, 14, 256, -364, 3, 67, 867, 55;
17, 223, 16, 238, -365, 10, 69, 872, 63;
12, 218, 12, 200, -385, -2, 47, 853, 47;
15, 223, 16, 189, -377, 12, 59, 869, 66;
7, 216, 10, 143, -402, -7, 28, 843, 41;
8, 218, 13, 126, -398, 1, 33, 853, 53;
7, 218, 14, 101, -400, 3, 28, 853, 55;
2, 215, 11, 66, -411, -5, 11, 841, 44;
0, 214, 10, 36, -417, -8, 0, 836, 39;
4, 220, 16, 28, -399, 10, 16, 859, 63;
1, 219, 15, -1, -402, 7, 6, 856, 59;
-3, 215, 11, -40, -413, -4, -15, 841, 44;
-6, 214, 10, -71, -416, -8, -26, 836, 39;
-4, 218, 14, -86, -401, 3, -17, 853, 55;
-4, 220, 15, -108, -392, 8, -18, 860, 61;
-11, 215, 10, -150, -404, -7, -45, 842, 41;
-12, 216, 10, -175, -398, -6, -50, 845, 42;
-14, 217, 10, -201, -392, -7, -57, 847, 42;
-11, 222, 15, -212, -371, 6, -46, 867, 59;
-11, 224, 16, -232, -359, 11, -46, 875, 65;
-18, 220, 12, -271, -365, -2, -70, 861, 47;
-19, 221, 11, -295, -356, -3, -77, 863, 46;
-19, 224, 13, -313, -340, 1, -76, 874, 53;
-23, 222, 10, -344, -338, -6, -92, 867, 42;
-19, 229, 16, -346, -307, 12, -74, 895, 65;
-22, 228, 14, -374, -302, 5, -87, 891, 57;
-21, 231, 16, -388, -283, 11, -85, 904, 64;
-27, 228, 12, -420, -282, -2, -106, 892, 48;
-27, 230, 12, -436, -266, 0, -108, 900, 50;
-25, 236, 16, -441, -239, 11, -97, 921, 65;
-32, 230, 10, -478, -244, -9, -128, 900, 39;
-29, 237, 14, -479, -214, 5, -114, 924, 57;
-28, 240, 16, -486, -191, 11, -109, 938, 65;
-31, 240, 14, -506, -181, 4, -120, 936, 57;
-35, 238, 10, -529, -175, -6, -138, 928, 42;
-36, 239, 11, -539, -157, -6, -140, 935, 43;
-32, 245, 14, -537, -127, 5, -128, 957, 57;
-31, 248, 16, -541, -104, 9, -124, 969, 63;
-32, 249, 15, -549, -87, 8, -128, 974, 61;
-39, 245, 9, -573, -86, -9, -152, 959, 38;
-38, 248, 10, -575, -65, -7, -151, 968, 41;
-36, 252, 13, -571, -38, 0, -141, 985, 51;
-36, 254, 12, -574, -20, -1, -143, 991, 49;
-39, 253, 9, -583, -10, -10, -155, 987, 38;
-35, 258, 13, -571, 21, 2, -140, 1009, 53;
-35, 260, 13, -568, 41, 2, -138, 1017, 54;
-36, 262, 13, -567, 57, 0, -141, 1021, 51;
-39, 260, 9, -574, 66, -10, -153, 1015, 37;
-34, 266, 14, -553, 99, 4, -133, 1040, 56;
-37, 265, 10, -558, 106, -7, -146, 1033, 41;
-36, 267, 11, -547, 128, -4, -140, 1043, 45;
-34, 270, 12, -535, 148, -2, -135, 1053, 48;
-35, 270, 10, -530, 161, -7, -139, 1053, 41;
-34, 272, 11, -515, 181, -4, -132, 1063, 45;
-34, 272, 10, -507, 193, -9, -135, 1064, 39;
-31, 276, 12, -486, 217, -1, -122, 1079, 48;
-29, 279, 13, -466, 238, 2, -113, 1091, 54;
-25, 283, 16, -442, 261, 10, -99, 1106, 64;
-27, 281, 12, -436, 265, 0, -109, 1098, 50;
-23, 286, 16, -406, 291, 11, -89, 1118, 65;
-29, 280, 9, -411, 282, -12, -114, 1094, 35;
-24, 285, 12, -380, 306, 0, -95, 1113, 49;
-25, 284, 10, -367, 310, -9, -100, 1108, 39;
-24, 285, 10, -345, 323, -7, -93, 1113, 41;
-22, 287, 10, -321, 335, -6, -86, 1119, 42;
-21, 287, 10, -299, 344, -7, -82, 1121, 41;
-20, 288, 10, -278, 352, -9, -78, 1123, 39;
-15, 292, 13, -242, 372, 1, -59, 1139, 52;
-10, 296, 16, -208, 389, 10, -41, 1154, 64;
-12, 293, 13, -194, 385, 0, -48, 1143, 50;
-7, 297, 16, -158, 401, 9, -29, 1158, 63;
-8, 295, 13, -139, 399, 2, -31, 1151, 54;
-3, 298, 16, -104, 413, 11, -14, 1164, 65;
-5, 294, 12, -90, 404, 0, -23, 1150, 50;
-4, 294, 12, -64, 405, -1, -17, 1149, 48;
-3, 293, 11, -40, 404, -4, -15, 1146, 44;
-3, 292, 9, -19, 399, -10, -15, 1140, 38;
0, 294, 11, 14, 405, -3, 0, 1148, 46;
0, 292, 9, 35, 398, -9, 0, 1140, 38;
2, 293, 11, 66, 401, -5, 11, 1145, 44;
4, 293, 11, 92, 397, -6, 16, 1142, 43;
9, 296, 15, 131, 406, 6, 38, 1156, 58;
11, 296, 15, 158, 402, 7, 46, 1156, 60;
9, 292, 11, 172, 385, -4, 38, 1139, 45;
14, 294, 14, 208, 389, 5, 57, 1150, 58;
16, 294, 15, 235, 383, 7, 65, 1149, 60;
19, 294, 16, 262, 378, 10, 75, 1149, 63;
20, 294, 16, 286, 369, 10, 81, 1146, 63;
22, 293, 16, 310, 360, 10, 87, 1143, 64;
23, 292, 16, 333, 349, 10, 93, 1139, 64;
18, 283, 9, 332, 315, -12, 70, 1107, 35;
19, 282, 9, 353, 303, -11, 76, 1102, 36;
28, 289, 16, 398, 315, 12, 111, 1128, 66;
25, 283, 12, 403, 287, -2, 97, 1105, 47;
27, 282, 13, 424, 275, 0, 105, 1103, 51;
25, 279, 10, 435, 254, -6, 101, 1088, 42;
32, 282, 16, 468, 255, 9, 125, 1103, 62;
26, 275, 9, 463, 219, -10, 104, 1072, 37;
31, 277, 13, 490, 215, 1, 123, 1081, 52;
30, 273, 11, 496, 191, -6, 117, 1065, 43;
30, 271, 11, 509, 174, -5, 120, 1059, 43;
36, 275, 16, 536, 172, 9, 143, 1072, 63;
32, 268, 11, 530, 138, -6, 125, 1046, 43;
32, 266, 10, 538, 119, -7, 126, 1038, 42;
37, 268, 14, 559, 114, 5, 145, 1047, 58;
37, 267, 15, 566, 96, 6, 147, 1041, 59;
35, 262, 12, 563, 69, -1, 138, 1024, 49;
38, 263, 15, 577, 59, 8, 151, 1029, 61;
35, 258, 12, 569, 29, -2, 138, 1008, 47;
40, 261, 16, 584, 23, 10, 156, 1018, 64;
39, 259, 16, 584, 3, 10, 155, 1010, 63;
37, 255, 14, 576, -22, 3, 146, 994, 55;
34, 250, 11, 565, -49, -4, 136, 977, 45;
39, 253, 16, 576, -54, 9, 153, 988, 63;
35, 248, 13, 562, -82, 0, 140, 969, 51;
35, 246, 12, 555, -102, 0, 137, 961, 50;
36, 246, 14, 552, -116, 3, 141, 959, 55;
31, 240, 10, 530, -148, -9, 122, 936, 39;
36, 243, 15, 538, -148, 8, 141, 951, 61;
31, 238, 11, 513, -179, -5, 122, 928, 44;
31, 237, 12, 504, -194, -2, 122, 925, 47;
32, 237, 14, 496, -205, 3, 126, 925, 54;
28, 232, 10, 471, -232, -7, 109, 906, 41;
30, 234, 14, 468, -236, 4, 120, 915, 56;
31, 235, 16, 457, -246, 10, 123, 916, 63;
27, 230, 13, 431, -270, 0, 108, 899, 51;
28, 231, 15, 419, -277, 7, 112, 903, 60;
24, 226, 12, 389, -301, -3, 93, 884, 47;
21, 224, 10, 365, -318, -6, 83, 875, 42;
21, 224, 11, 347, -328, -4, 82, 873, 45;
19, 222, 11, 324, -340, -4, 75, 868, 44;
19, 223, 13, 307, -345, 0, 77, 871, 51;
20, 224, 15, 291, -348, 7, 80, 876, 60;
15, 220, 12, 257, -367, -2, 61, 860, 47;
12, 218, 10, 229, -380, -7, 50, 851, 42;
16, 223, 16, 221, -371, 9, 64, 870, 63;
12, 220, 13, 188, -384, 2, 49, 858, 54;
6, 215, 9, 148, -405, -11, 25, 838, 36;
11, 221, 16, 143, -388, 9, 45, 863, 63;
9, 220, 15, 115, -394, 7, 36, 859, 60;
6, 219, 14, 86, -400, 5, 26, 855, 57;
1, 215, 11, 48, -413, -5, 6, 840, 43;
0, 215, 11, 22, -414, -5, 0, 841, 44;
3, 220, 16, 11, -398, 11, 14, 861, 65;
-4, 214, 10, -36, -418, -9, -17, 836, 39;
-4, 216, 11, -58, -412, -4, -18, 842, 45;
-6, 216, 11, -85, -410, -4, -25, 842, 45;
-5, 218, 13, -104, -399, 2, -23, 853, 54;
-8, 217, 12, -134, -399, 0, -34, 850, 49;
-11, 217, 11, -165, -398, -5, -46, 846, 44;
-15, 215, 9, -197, -399, -11, -60, 841, 36;
-13, 219, 12, -212, -382, -1, -54, 856, 49;
-18, 217, 10, -245, -382, -9, -70, 848, 39;
-19, 218, 10, -268, -373, -8, -75, 853, 40;
-19, 221, 11, -288, -360, -4, -75, 862, 45;
-18, 224, 14, -302, -341, 4, -70, 876, 56;
-22, 222, 11, -335, -340, -5, -88, 868, 44;
-18, 228, 16, -340, -313, 10, -74, 892, 64;
-20, 229, 16, -363, -302, 9, -81, 895, 62;
-21, 231, 16, -381, -287, 11, -83, 902, 64;
-28, 226, 10, -418, -292, -6, -111, 884, 42;
-24, 233, 16, -420, -261, 9, -94, 910, 63;
-31, 228, 9, -458, -266, -10, -124, 891, 38;
-29, 233, 13, -464, -240, 0, -115, 910, 50;
-31, 233, 12, -482, -228, -3, -123, 912, 46;
-30, 237, 13, -491, -206, 2, -120, 924, 53;
-34, 236, 11, -513, -198, -6, -133, 920, 43;
-35, 236, 10, -527, -183, -8, -139, 924, 40;
-33, 241, 13, -529, -156, 0, -131, 942, 51;
-34, 243, 13, -539, -138, 0, -134, 948, 51;
-31, 248, 16, -536, -108, 12, -121, 970, 66;
-32, 250, 16, -545, -91, 10, -125, 975, 64;
-36, 247, 12, -564, -85, -2, -142, 966, 48;
-35, 250, 13, -564, -61, 2, -138, 978, 53;
-32, 255, 16, -559, -34, 10, -128, 996, 64;
-37, 252, 12, -575, -29, -3, -146, 986, 46;
-39, 253, 10, -581, -14, -7, -152, 987, 41;
-33, 260, 16, -563, 22, 9, -130, 1016, 62;
-38, 256, 10, -579, 24, -7, -152, 1002, 41;
-39, 258, 10, -577, 42, -8, -152, 1008, 40;
-39, 259, 9, -575, 60, -9, -153, 1013, 38;
-34, 266, 14, -555, 94, 4, -133, 1039, 56;
-35, 266, 12, -555, 106, -1, -139, 1038, 49;
-32, 270, 15, -539, 133, 6, -127, 1055, 59;
-35, 268, 11, -541, 140, -4, -138, 1048, 45;
-30, 275, 16, -516, 173, 10, -118, 1073, 63;
-33, 273, 12, -517, 178, -1, -130, 1065, 48;
-31, 275, 13, -501, 199, 1, -122, 1075, 53;
-27, 280, 16, -479, 224, 10, -108, 1092, 63;
-31, 277, 11, -478, 225, -4, -123, 1080, 45;
-31, 278, 11, -464, 240, -5, -121, 1084, 43;
-30, 279, 11, -448, 254, -6, -117, 1089, 42;
-28, 281, 11, -429, 270, -5, -112, 1096, 44;
-22, 287, 15, -396, 298, 9, -89, 1119, 62;
-23, 286, 13, -383, 305, 2, -92, 1116, 54;
-26, 283, 10, -374, 306, -9, -102, 1106, 39;
-19, 290, 15, -335, 336, 8, -74, 1133, 62;
-23, 286, 10, -330, 330, -8, -90, 1116, 40;
-22, 286, 9, -310, 338, -10, -87, 1117, 37;
-17, 291, 13, -275, 360, 1, -67, 1135, 52;
-17, 289, 11, -257, 362, -5, -69, 1130, 44;
-14, 292, 13, -227, 376, 0, -56, 1140, 50;
-13, 292, 12, -204, 381, -1, -52, 1141, 48;
-12, 292, 12, -180, 386, -3, -47, 1141, 47;
-13, 290, 9, -162, 384, -11, -51, 1133, 37;
-8, 294, 12, -126, 399, 0, -32, 1148, 49;
-9, 291, 9, -110, 392, -11, -38, 1136, 36;
-5, 294, 12, -75, 403, -3, -22, 1147, 46;
0, 299, 16, -33, 420, 11, 3, 1167, 65;
2, 299, 16, -5, 421, 12, 10, 1167, 66;
2, 297, 14, 14, 415, 5, 9, 1160, 58;
0, 293, 10, 29, 402, -6, 0, 1143, 42;
3, 295, 12, 62, 406, 0, 14, 1150, 49;
3, 292, 10, 81, 396, -8, 12, 1141, 41;
9, 297, 15, 124, 409, 7, 38, 1159, 60;
12, 297, 16, 151, 406, 9, 46, 1159, 62;
13, 296, 15, 176, 399, 7, 51, 1155, 60;
16, 297, 16, 206, 397, 11, 62, 1158, 65;
17, 295, 16, 229, 388, 10, 67, 1153, 63;
16, 292, 13, 246, 373, 2, 63, 1141, 53;
16, 290, 12, 267, 361, 0, 66, 1134, 50;
16, 288, 11, 285, 346, -6, 65, 1124, 43;
22, 291, 15, 321, 349, 6, 86, 1136, 59;
20, 286, 11, 333, 327, -3, 79, 1119, 46;
24, 288, 14, 362, 323, 3, 93, 1123, 55;
26, 287, 15, 386, 314, 6, 102, 1123, 59;
27, 286, 14, 404, 299, 5, 106, 1116, 57;
24, 281, 10, 411, 273, -6, 95, 1096, 42;
25, 279, 11, 430, 260, -6, 100, 1091, 43;
25, 277, 9, 442, 240, -10, 99, 1080, 37;
32, 281, 15, 478, 244, 8, 127, 1099, 62;
27, 274, 9, 473, 209, -10, 107, 1068, 37;
34, 278, 15, 507, 211, 8, 134, 1086, 61;
34, 276, 15, 518, 193, 7, 136, 1078, 59;
35, 274, 14, 528, 174, 5, 136, 1069, 57;
37, 274, 16, 544, 161, 11, 146, 1070, 64;
35, 270, 14, 546, 135, 3, 139, 1053, 54;
33, 265, 11, 546, 109, -4, 130, 1036, 44;
37, 267, 15, 564, 101, 6, 146, 1043, 58;
32, 260, 9, 552, 65, -11, 126, 1014, 36;
38, 264, 15, 575, 65, 7, 150, 1030, 60;
34, 258, 11, 565, 33, -5, 135, 1007, 44;
33, 255, 9, 563, 9, -10, 130, 994, 38;
36, 255, 12, 572, -1, -1, 140, 998, 49;
39, 257, 16, 582, -10, 9, 154, 1004, 62;
36, 252, 13, 571, -38, 0, 142, 985, 51;
39, 254, 16, 579, -46, 11, 155, 992, 65;
35, 248, 12, 561, -78, -2, 137, 968, 48;
36, 247, 13, 559, -93, 1, 141, 966, 53;
34, 245, 12, 549, -115, -1, 135, 955, 49;
37, 246, 15, 551, -124, 8, 145, 961, 61;
31, 239, 10, 526, -158, -7, 123, 934, 42;
33, 240, 13, 524, -166, 1, 132, 939, 53;
31, 237, 11, 506, -190, -4, 121, 925, 45;
29, 235, 11, 492, -209, -6, 116, 916, 43;
27, 231, 9, 473, -230, -11, 106, 904, 37;
26, 230, 9, 459, -245, -9, 104, 899, 38;
26, 229, 10, 445, -258, -7, 103, 896, 41;
29, 232, 14, 440, -262, 4, 113, 905, 56;
26, 229, 12, 417, -281, 0, 102, 894, 49;
28, 230, 15, 407, -286, 7, 109, 900, 60;
21, 224, 10, 370, -316, -9, 83, 874, 39;
25, 228, 15, 366, -312, 7, 98, 890, 60;
24, 228, 16, 348, -320, 10, 97, 889, 64;
20, 224, 13, 316, -341, 1, 80, 873, 52;
17, 221, 11, 287, -357, -5, 66, 862, 44;
17, 221, 13, 269, -361, 0, 67, 865, 51;
17, 223, 15, 251, -363, 6, 69, 870, 59;
17, 223, 16, 229, -368, 10, 67, 871, 63;
13, 220, 13, 196, -383, 2, 50, 858, 53;
11, 219, 13, 171, -389, 2, 45, 856, 54;
6, 215, 10, 134, -405, -8, 25, 841, 40;
3, 214, 9, 104, -413, -11, 14, 835, 36;
6, 218, 13, 92, -401, 2, 25, 852, 54;
7, 220, 16, 73, -397, 10, 28, 860, 63;
3, 218, 14, 39, -405, 3, 13, 852, 55;
0, 215, 11, 5, -413, -3, -2, 842, 46;
0, 218, 14, -13, -405, 4, 1, 852, 56;
-4, 216, 11, -49, -412, -4, -16, 842, 45;
-1, 220, 16, -62, -397, 9, -6, 859, 62;
-8, 215, 10, -105, -410, -7, -33, 840, 41;
-5, 220, 15, -116, -391, 8, -20, 861, 61;
-8, 219, 13, -149, -392, 2, -34, 855, 53;
-7, 222, 16, -166, -379, 10, -30, 867, 64;
-10, 221, 15, -196, -377, 6, -42, 864, 58;
-10, 224, 16, -216, -364, 11, -42, 873, 65;
-14, 222, 14, -248, -364, 3, -57, 867, 55;
-16, 223, 14, -273, -355, 3, -64, 870, 55;
-16, 225, 15, -292, -342, 7, -65, 878, 59;
-23, 221, 10, -331, -348, -9, -91, 862, 39;
-19, 227, 15, -336, -319, 7, -75, 887, 60;
-22, 226, 13, -363, -313, 1, -88, 884, 53;
-25, 226, 12, -388, -305, -2, -99, 883, 47;
-29, 224, 9, -417, -301, -11, -115, 877, 36;
-30, 226, 9, -435, -286, -10, -119, 883, 37;
-27, 231, 13, -440, -259, 1, -108, 904, 52;
-29, 232, 12, -460, -247, -1, -115, 906, 49;
-29, 235, 14, -471, -226, 3, -113, 918, 55;
-28, 238, 15, -480, -205, 8, -110, 930, 61;
-34, 234, 10, -511, -205, -8, -135, 915, 40;
-32, 239, 13, -515, -180, 0, -128, 932, 50;
-31, 243, 15, -519, -155, 7, -121, 948, 60;
-36, 240, 10, -543, -151, -7, -142, 937, 42;
-34, 244, 13, -543, -124, 1, -133, 955, 53;
-34, 246, 13, -551, -106, 1, -135, 961, 52;
-33, 249, 14, -553, -83, 5, -131, 974, 58;
-33, 251, 15, -558, -63, 6, -132, 982, 59;
-39, 248, 9, -579, -61, -10, -154, 967, 37;
-33, 256, 16, -561, -21, 10, -129, 1000, 63;
-36, 254, 12, -574, -13, 0, -143, 994, 50;
-39, 254, 10, -582, -2, -9, -153, 991, 39;
-36, 258, 12, -573, 24, -1, -143, 1008, 49;
-36, 260, 12, -571, 44, 0, -142, 1015, 50;
-34, 263, 14, -562, 68, 4, -135, 1029, 56;
-34, 265, 14, -557, 87, 4, -134, 1036, 56;
-37, 263, 10, -562, 94, -7, -147, 1029, 42;
-32, 270, 15, -539, 129, 9, -125, 1056, 62;
-31, 272, 15, -532, 146, 7, -124, 1061, 60;
-32, 272, 14, -527, 159, 3, -128, 1062, 54;
-35, 270, 10, -528, 165, -8, -140, 1054, 39;
-30, 276, 14, -501, 197, 5, -118, 1078, 58;
-30, 276, 13, -492, 210, 1, -120, 1080, 53;
-33, 274, 9, -489, 214, -10, -131, 1071, 38;
-27, 281, 15, -456, 248, 7, -105, 1099, 60;
-30, 279, 11, -453, 250, -5, -118, 1088, 43;
-26, 283, 13, -428, 273, 2, -104, 1104, 53;
-26, 283, 12, -412, 284, 0, -103, 1105, 50;
-27, 282, 10, -401, 289, -9, -109, 1100, 39;
-24, 284, 11, -376, 307, -3, -97, 1111, 46;
-26, 283, 9, -362, 312, -11, -101, 1106, 36;
-23, 286, 10, -336, 328, -6, -90, 1116, 42;
-17, 291, 15, -299, 353, 7, -67, 1138, 60;
-19, 289, 12, -287, 353, -2, -74, 1129, 47;
-19, 288, 9, -270, 354, -10, -77, 1123, 38;
-14, 292, 13, -234, 375, 1, -56, 1141, 53;
-14, 291, 11, -215, 377, -3, -57, 1137, 46;
-9, 296, 15, -177, 395, 8, -36, 1154, 60;
-11, 292, 11, -165, 388, -5, -46, 1140, 44;
-4, 298, 16, -122, 409, 11, -19, 1162, 65;
-8, 293, 11, -112, 397, -4, -32, 1144, 44;
-6, 293, 11, -85, 400, -5, -26, 1145, 44;
-2, 296, 14, -50, 411, 3, -9, 1156, 55;
0, 296, 14, -23, 413, 3, -1, 1157, 55;
6, 20, 0, 4058, 4699, 1085, 26, 81, 2;
8, 15, 12, 1796, 4034, 1408, 34, 59, 48;
5, 26, 10, 2661, 3226, 1553, 19, 102, 39;
9, 18, 10, 2065, 2945, 2813, 35, 70, 42;
0, 8, 8, 1922, 5223, 2825, 0, 33, 31;
3, 20, 11, 3065, 4406, 2351, 14, 80, 45;
8, 15, 10, 1893, 3711, 1231, 31, 61, 41;
8, 22, 4, 3381, 3158, 2885, 31, 87, 18;
6, 24, 6, 1510, 2641, 2408, 25, 97, 24;
5, 5, 6, 3342, 4481, 1414, 21, 19, 23;
19, 9, 11, 2448, 2573, 1086, 75, 36, 45;
19, 26, 5, 3066, 3214, 2796, 75, 103, 22;
8, 7, 12, 2796, 2433, 1987, 34, 31, 47;
13, 11, 5, 3150, 4583, 1500, 50, 46, 21;
8, 10, 7, 1896, 3435, 2576, 35, 40, 28;
1, 14, 5, 3110, 4444, 1432, 5, 56, 20;
11, 8, 11, 2063, 3134, 1948, 45, 32, 43;
8, 21, 0, 4027, 2998, 1535, 34, 83, 2;
17, 5, 12, 3549, 2039, 2478, 67, 22, 49;
19, 10, 1, 2129, 5217, 2220, 77, 42, 4;
10, 11, 10, 1571, 2847, 1135, 40, 46, 40;
1, 29, 4, 3093, 2301, 2099, 5, 116, 17;
12, 5, 1, 3347, 4288, 2949, 49, 21, 7;
18, 15, 3, 3652, 3450, 2692, 71, 62, 14;
6, 15, 5, 2343, 2681, 2874, 24, 59, 22;
5, 8, 8, 3775, 2869, 2704, 21, 32, 31;
17, 3, 11, 1533, 5162, 1059, 70, 14, 46;
1, 14, 3, 1593, 4845, 1228, 5, 55, 15;
19, 31, 0, 4307, 5229, 1441, 77, 121, 3;
0, 15, 7, 2890, 3974, 1137, 2, 58, 29;
3, 26, 2, 2182, 4868, 1671, 11, 103, 9;
0, 12, 6, 3138, 4456, 2010, 1, 50, 27;
6, 24, 10, 3738, 4466, 1616, 24, 94, 40;
17, 5, 1, 3537, 2322, 2242, 68, 20, 4;
4, 5, 7, 3899, 4878, 2135, 19, 20, 28;
5, 2, 7, 3800, 2998, 2367, 20, 9, 29;
0, 0, 3, 3881, 4708, 1771, 1, 1, 12;
16, 0, 12, 3275, 3232, 1427, 65, 1, 50;
1, 1, 6, 3436, 3941, 1713, 5, 5, 26;
13, 5, 5, 3840, 3589, 1625, 53, 20, 19;
13, 27, 4, 1796, 2142, 1502, 52, 106, 19;
17, 9, 1, 3132, 2325, 2554, 68, 37, 6;
10, 16, 3, 3258, 4039, 1682, 41, 66, 12;
14, 27, 8, 3927, 4576, 2240, 55, 106, 31;
11, 13, 4, 2407, 4831, 1188, 46, 54, 19;
10, 30, 5, 4144, 2386, 2510, 40, 117, 22;
4, 7, 12, 2234, 3761, 2370, 17, 28, 50;
3, 21, 9, 4382, 4351, 1777, 13, 85, 35;
18, 19, 11, 4215, 5102, 1781, 70, 76, 45;
14, 21, 7, 4168, 2881, 1701, 58, 82, 29;
16, 2, 5, 2153, 2358, 2128, 64, 11, 22;
3, 3, 0, 2765, 2598, 2422, 14, 15, 0;
2, 20, 10, 2155, 4198, 2205, 10, 80, 40;
18, 22, 1, 3404, 4905, 2835, 73, 87, 4;
15, 18, 3, 2733, 3608, 1926, 61, 71, 15;
17, 13, 10, 2589, 2611, 2502, 67, 53, 40;
16, 17, 10, 3534, 2028, 1122, 63, 70, 39;
11, 24, 3, 2038, 1876, 1031, 44, 94, 13;
17, 30, 11, 3332, 3025, 1244, 68, 119, 46;
5, 13, 3, 3562, 3737, 1785, 22, 52, 14;
3, 10, 5, 3755, 2972, 2144, 14, 42, 21;
20, 19, 2, 2654, 3923, 1831, 78, 77, 10;
7, 17, 1, 4183, 2290, 1769, 27, 69, 5;
7, 24, 10, 1802, 4127, 1380, 29, 95, 40;
5, 26, 8, 3095, 4575, 1565, 20, 104, 34;
6, 19, 6, 4247, 4369, 1660, 25, 75, 27;
4, 16, 11, 2027, 1991, 1822, 17, 65, 45;
7, 5, 8, 2676, 3095, 1701, 28, 19, 34;
20, 9, 4, 2406, 4781, 1956, 80, 38, 16;
20, 24, 3, 2259, 1947, 1488, 80, 95, 14;
14, 14, 5, 3056, 4268, 2305, 56, 56, 20;
12, 22, 1, 1626, 2821, 1721, 50, 87, 6;
8, 27, 12, 1848, 4563, 1344, 32, 107, 47;
14, 6, 10, 2788, 2971, 2107, 56, 25, 40;
8, 22, 1, 2939, 2592, 2229, 31, 87, 6;
1, 13, 12, 4151, 2864, 2102, 4, 53, 49;
2, 23, 6, 3725, 3338, 2000, 9, 91, 24;
6, 12, 8, 3329, 3780, 1588, 26, 49, 33;
19, 5, 1, 3059, 2270, 2700, 76, 20, 4;
12, 26, 4, 4261, 3630, 1866, 47, 103, 18;
724, 788, 495, 5257, 4601, 3125, 2824, 3074, 1932;
627, 890, 356, 5053, 4423, 3005, 2446, 3474, 1388;
592, 828, 464, 4837, 4232, 2870, 2311, 3232, 1812;
636, 772, 406, 4636, 4054, 2745, 2482, 3013, 1583;
559, 844, 388, 4452, 3893, 2636, 2183, 3294, 1514;
496, 720, 302, 4297, 3761, 2553, 1935, 2808, 1180;
555, 872, 381, 4111, 3595, 2435, 2167, 3403, 1488;
484, 776, 392, 3980, 3484, 2369, 1889, 3028, 1532;
530, 607, 377, 3833, 3357, 2286, 2067, 2368, 1472;
406, 686, 281, 3639, 3181, 2152, 1584, 2676, 1098;
470, 638, 290, 3492, 3052, 2063, 1834, 2489, 1132;
397, 745, 293, 3362, 2939, 1989, 1550, 2909, 1143;
380, 620, 322, 3245, 2840, 1927, 1484, 2418, 1258;
371, 583, 216, 3108, 2718, 1841, 1449, 2277, 844;
351, 664, 260, 2991, 2617, 1774, 1372, 2592, 1017;
430, 608, 272, 2884, 2524, 1715, 1678, 2374, 1062;
321, 617, 221, 2759, 2413, 1635, 1254, 2409, 865;
365, 536, 256, 2650, 2318, 1570, 1426, 2091, 1000;
339, 627, 244, 2559, 2240, 1522, 1322, 2447, 953;
319, 550, 214, 2461, 2154, 1464, 1244, 2146, 837;
290, 518, 219, 2342, 2048, 1385, 1131, 2023, 856;
253, 507, 186, 2262, 1979, 1342, 989, 1979, 726;
314, 550, 194, 2166, 1894, 1282, 1225, 2145, 757;
276, 543, 198, 2071, 1809, 1221, 1078, 2119, 775;
282, 453, 148, 1998, 1747, 1182, 1101, 1767, 580;
223, 513, 174, 1918, 1677, 1134, 872, 2000, 679;
209, 527, 178, 1852, 1620, 1098, 815, 2056, 697;
211, 445, 165, 1797, 1574, 1073, 824, 1737, 644;
249, 433, 157, 1712, 1498, 1016, 971, 1689, 615;
180, 409, 139, 1622, 1416, 954, 705, 1598, 543;
228, 490, 155, 1570, 1372, 928, 892, 1912, 604;
183, 481, 138, 1502, 1312, 885, 713, 1879, 539;
167, 427, 105, 1457, 1275, 865, 654, 1668, 410;
156, 417, 135, 1416, 1240, 846, 611, 1630, 528;
152, 410, 127, 1361, 1193, 814, 594, 1600, 495;
181, 411, 113, 1272, 1110, 746, 706, 1603, 443;
177, 428, 86, 1230, 1074, 725, 690, 1670, 337;
171, 385, 94, 1204, 1055, 719, 668, 1501, 370;
133, 393, 84, 1139, 996, 673, 521, 1533, 328;
149, 376, 91, 1114, 977, 666, 582, 1466, 357;
158, 404, 89, 1061, 928, 630, 616, 1578, 348;
130, 387, 103, 1041, 913, 627, 510, 1512, 405;
120, 391, 91, 965, 843, 568, 471, 1528, 356;
112, 377, 76, 921, 804, 539, 440, 1471, 297;
105, 372, 88, 903, 790, 537, 410, 1453, 346;
110, 367, 75, 874, 766, 522, 429, 1434, 293;
95, 364, 70, 829, 725, 490, 372, 1419, 276;
104, 349, 62, 789, 689, 464, 408, 1362, 242;
101, 336, 64, 769, 673, 457, 394, 1311, 251;
110, 329, 58, 762, 669, 461, 430, 1286, 229;
82, 343, 67, 706, 618, 418, 322, 1340, 264;
88, 350, 61, 668, 583, 391, 343, 1368, 240;
90, 338, 64, 673, 591, 407, 352, 1319, 251;
85, 351, 62, 647, 568, 391, 333, 1370, 243;
70, 342, 49, 612, 536, 366, 275, 1337, 193;
69, 322, 46, 599, 526, 363, 272, 1258, 181;
81, 330, 49, 567, 497, 340, 316, 1287, 192;
64, 320, 37, 525, 458, 307, 251, 1250, 147;
76, 325, 39, 524, 459, 314, 296, 1269, 152;
64, 323, 41, 478, 417, 277, 251, 1259, 161;
68, 312, 38, 467, 407, 274, 265, 1218, 151;
70, 325, 46, 477, 420, 291, 275, 1270, 181;
56, 309, 33, 448, 394, 270, 220, 1207, 129;
50, 303, 35, 426, 373, 255, 195, 1183, 140;
49, 312, 31, 417, 367, 253, 193, 1217, 121;
49, 306, 28, 381, 332, 223, 193, 1195, 110;
37, 296, 23, 354, 307, 202, 147, 1157, 90;
56, 296, 38, 377, 332, 231, 219, 1156, 149;
45, 304, 31, 360, 317, 219, 177, 1185, 121;
47, 286, 32, 331, 289, 196, 183, 1118, 127;
33, 296, 26, 300, 260, 170, 130, 1157, 103;
47, 291, 29, 324, 286, 199, 183, 1135, 113;
41, 288, 28, 296, 259, 176, 160, 1125, 109;
33, 285, 23, 281, 246, 166, 129, 1115, 92;
40, 294, 21, 278, 244, 168, 159, 1148, 85;
29, 289, 18, 238, 205, 132, 116, 1130, 72;
26, 289, 18, 228, 196, 126, 102, 1129, 72;
27, 282, 13, 220, 190, 122, 105, 1103, 54;
31, 279, 13, 212, 183, 118, 123, 1089, 51;
27, 279, 19, 224, 196, 133, 105, 1090, 75;
1, 256, 0, -1, -1, -1, 4, 998, 2;
1, 256, 0, 0, 0, 0, 4, 999, 2;
1, 256, 0, 0, 0, 0, 5, 1000, 3;
1, 256, 0, -1, -1, -1, 4, 999, 2;
1, 256, 0, 0, 0, 0, 5, 1000, 3;
1, 256, 0, -1, -1, -1, 4, 999, 2;
1, 256, 0, 0, 0, 0, 4, 999, 2;
1, 256, 0, 0, 0, 0, 4, 999, 2;
1, 256, 0, 1, 1, 1, 5, 1000, 3;
1, 256, 0, 0, 0, 0, 4, 999, 2;
1, 256, 0, 0, 0, 0, 5, 1000, 3;
1, 256, 0, 0, 0, 0, 4, 999, 2;
1, 256, 0, 0, 0, 0, 5, 1000, 3;
1, 256, 1, 1, 1, 1, 6, 1001, 4;
1, 256, 0, -1, -1, -1, 4, 999, 2;
1, 256, 0, 0, 0, 0, 4, 999, 2;
1, 256, 0, 0, 0, 0, 5, 1000, 3;
1, 256, 0, -1, -1, -1, 4, 998, 1;
1, 256, 0, 0, 0, 0, 5, 1000, 3;
1, 256, 0, -1, -1, -1, 4, 999, 2;
1, 256, 1, 1, 1, 1, 6, 1000, 3;
1, 256, 0, -1, -1, -1, 4, 999, 2;
1, 256, 0, 0, 0, 0, 4, 999, 2;
1, 256, 0, 0, 0, 0, 4, 999, 2;
1, 256, 0, 0, 0, 0, 5, 1000, 3;
1, 256, 0, -1, -1, -1, 4, 999, 2;
1, 256, 0, 0, 0, 0, 4, 999, 2;
1, 256, 0, 0, 0, 0, 5, 1000, 3;
1, 256, 0, 0, 0, 0, 5, 1000, 3;
1, 256, 0, 0, 0, 0, 5, 999, 3;
1, 256, 0, -1, -1, -1, 4, 999, 2;
1, 256, 0, 1, 1, 1, 5, 1000, 3;
1, 256, 1, 1, 1, 1, 6, 1000, 3;
1, 256, 1, 1, 1, 1, 6, 1001, 4;
1, 256, 0, 0, 0, 0, 4, 999, 2;
1, 256, 0, 0, 0, 0, 5, 1000, 3;
1, 256, 0, 0, 0, 0, 4, 999, 2;
1, 256, 1, 1, 1, 1, 6, 1001, 4;
1, 256, 0, 0, 0, 0, 5, 999, 3;
1, 256, 0, 0, 0, 0, 5, 1000, 3;
1, 256, 0, 1, 1, 1, 5, 1000, 3;
1, 256, 0, 0, 0, 0, 4, 999, 2;
1, 256, 0, 1, 1, 1, 5, 1000, 3;
1, 256, 0, 1, 1, 1, 5, 1000, 3;
1, 256, 0, -1, -1, -1, 4, 999, 2;
1, 256, 0, 0, 0, 0, 4, 999, 2;
1, 256, 0, 0, 0, 0, 4, 999, 2;
1, 256, 0, 0, 0, 0, 4, 999, 2;
1, 256, 0, 0, 0, 0, 4, 999, 2;
1, 256, 0, -1, -1, -1, 4, 999, 2;
1, 256, 0, -1, -1, -1, 4, 998, 2;
1, 256, 0, 0, 0, 0, 4, 999, 2;
1, 256, 0, 0, 0, 0, 5, 1000, 3;
1, 256, 0, 0, 0, 0, 5, 1000, 3;
1, 256, 0, -1, -1, -1, 4, 999, 2;
1, 256, 0, 0, 0, 0, 5, 1000, 3;
1, 256, 0, 0, 0, 0, 4, 999, 2;
1, 256, 0, 0, 0, 0, 5, 1000, 3;
1, 256, 0, 0, 0, 0, 5, 1000, 3;
1, 256, 0, -1, -1, -1, 3, 998, 1;
1, 256, 1, 1, 1, 1, 6, 1001, 4;
1, 256, 0, -1, -1, -1, 4, 999, 2;
1, 256, 0, 0, 0, 0, 5, 1000, 3;
1, 256, 0, 0, 0, 0, 5, 1000, 3;
1, 256, 0, 1, 1, 1, 5, 1000, 3;
1, 256, 0, -1, -1, -1, 4, 999, 2;
1, 256, 0, 0, 0, 0, 5, 1000, 3;
1, 256, 0, 0, 0, 0, 5, 1000, 3;
1, 256, 0, -1, -1, -1, 4, 999, 2;
1, 256, 0, 0, 0, 0, 4, 999, 2;
1, 256, 0, 0, 0, 0, 5, 1000, 3;
1, 256, 0, 0, 0, 0, 5, 1000, 3;
1, 256, 0, 1, 1, 1, 5, 1000, 3;
1, 256, 0, -1, -1, -1, 4, 999, 2;
1, 256, 0, 0, 0, 0, 5, 1000, 3;
1, 256, 1, 1, 1, 1, 6, 1001, 4;
1, 256, 0, -1, -1, -1, 4, 998, 2;
1, 256, 0, 0, 0, 0, 4, 999, 2;
1, 256, 0, 0, 0, 0, 5, 1000, 3;
1, 256, 0, 0, 0, 0, 5, 1000, 3;
1, 256, 0, 0, 0, 0, 4, 999, 2;
1, 256, 1, 1, 1, 1, 6, 1000, 4;
1, 256, 1, 1, 1, 1, 6, 1001, 4;
1, 256, 0, -1, -1, -1, 4, 999, 2;
1, 256, 0, -1, -1, -1, 4, 999, 2;
1, 256, 0, -1, -1, -1, 4, 999, 2;
1, 256, 0, -1, -1, -1, 4, 999, 2;
1, 256, 0, -1, -1, -1, 4, 999, 2;
1, 256, 0, -1, -1, -1, 4, 998, 1;
1, 256, 0, -1, -1, -1, 3, 998, 1;
1, 256, 1, 1, 1, 1, 6, 1001, 4;
1, 256, 0, -1, -1, -1, 3, 998, 1;
1, 256, 1, 1, 1, 1, 6, 1001, 4;
0, 256, 0, -1, -1, -1, 3, 998, 1;
1, 256, 0, -1, -1, -1, 4, 998, 2;
1, 256, 1, 1, 1, 1, 6, 1001, 4;
1, 256, 1, 1, 1, 1, 5, 1000, 3;
1, 256, 0, -1, -1, -1, 4, 999, 2;
1, 256, 0, 0, 0, 0, 4, 999, 2;
1, 256, 0, -1, -1, -1, 4, 999, 2;
1, 256, 0, -1, -1, -1, 4, 998, 1;
1, 256, 0, 1, 1, 1, 5, 1000, 3;
1, 256, 0, 0, 0, 0, 5, 999, 2;
1, 256, 0, 0, 0, 0, 4, 999, 2;
1, 256, 0, 0, 0, 0, 5, 1000, 3;
1, 256, 1, 1, 1, 1, 6, 1000, 4;
1, 256, 0, 1, 1, 1, 5, 1000, 3;
1, 256, 1, 1, 1, 1, 6, 1001, 4;
1, 256, 0, 0, 0, 0, 5, 1000, 3;
1, 256, 0, 0, 0, 0, 4, 999, 2;
1, 256, 0, 0, 0, 0, 5, 999, 2;
1, 256, 1, 1, 1, 1, 6, 1001, 4;
1, 256, 0, -1, -1, -1, 4, 998, 2;
1, 256, 0, 1, 1, 1, 5, 1000, 3;
1, 256, 0, 0, 0, 0, 5, 1000, 3;
1, 256, 1, 1, 1, 1, 6, 1001, 4;
1, 256, 0, 0, 0, 0, 4, 999, 2;
1, 256, 0, 0, 0, 0, 5, 1000, 3;
1, 256, 0, -1, -1, -1, 3, 998, 1;
1, 256, 1, 1, 1, 1, 6, 1001, 4;
1, 256, 0, 0, 0, 0, 4, 999, 2;
1, 256, 0, 0, 0, 0, 4, 999, 2;
1, 256, 0, 1, 1, 1, 5, 1000, 3;
1, 256, 0, 0, 0, 0, 4, 999, 2;
1, 256, 0, 0, 0, 0, 5, 1000, 3;
1, 256, 0, 0, 0, 0, 4, 999, 2;
1, 256, 0, 0, 0, 0, 4, 999, 2;
1, 256, 0, 0, 0, 0, 5, 1000, 3;
1, 256, 0, 0, 0, 0, 4, 999, 2;
1, 256, 0, -1, -1, -1, 4, 998, 2;
1, 256, 0, 0, 0, 0, 5, 1000, 3;
1, 256, 0, 0, 0, 0, 5, 1000, 3;
1, 256, 1, 1, 1, 1, 6, 1000, 4;
1, 256, 0, -1, -1, -1, 4, 998, 2;
1, 256, 0, 0, 0, 0, 4, 999, 2;
1, 256, 0, 0, 0, 0, 5, 1000, 3;
1, 256, 0, 0, 0, 0, 5, 1000, 3;
1, 256, 0, 0, 0, 0, 4, 999, 2;
1, 256, 0, 0, 0, 0, 4, 999, 2;
1, 256, 0, 0, 0, 0, 4, 999, 2;
1, 256, 0, -1, -1, -1, 4, 999, 2;
1, 256, 0, 0, 0, 0, 5, 1000, 3;
1, 256, 0, 1, 1, 1, 5, 1000, 3;
1, 256, 0, 1, 1, 1, 5, 1000, 3;
1, 256, 0, -1, -1, -1, 4, 999, 2;
1, 256, 0, 0, 0, 0, 4, 999, 2;
1, 256, 1, 1, 1, 1, 6, 1001, 4;
1, 256, 0, 0, 0, 0, 5, 1000, 3;
1, 256, 0, 0, 0, 0, 4, 999, 2;
1, 256, 1, 1, 1, 1, 6, 1001, 4;
1, 256, 1, 1, 1, 1, 6, 1001, 4;
1, 256, 0, 0, 0, 0, 4, 999, 2;
1, 256, 0, 0, 0, 0, 5, 1000, 3;
1, 256, 0, 0, 0, 0, 5, 999, 3;
1, 256, 0, 0, 0, 0, 5, 1000, 3;
1, 256, 0, 0, 0, 0, 5, 1000, 3;
1, 256, 0, 0, 0, 0, 5, 1000, 3;
1, 256, 0, 0, 0, 0, 4, 999, 2;
1, 256, 0, 0, 0, 0, 5, 1000, 3;
1, 256, 1, 1, 1, 1, 6, 1001, 4;
1, 256, 0, -1, -1, -1, 4, 999, 2;
1, 256, 1, 1, 1, 1, 5, 1000, 3;
1, 256, 0, 0, 0, 0, 5, 1000, 3;
1, 256, 0, 0, 0, 0, 5, 1000, 3;
1, 256, 1, 1, 1, 1, 6, 1001, 4;
1, 256, 0, 0, 0, 0, 5, 1000, 3;
1, 256, 0, 0, 0, 0, 5, 1000, 3;
1, 256, 0, -1, -1, -1, 4, 999, 2;
1, 256, 0, -1, -1, -1, 4, 999, 2;
1, 256, 1, 1, 1, 1, 6, 1001, 4;
1, 256, 0, 0, 0, 0, 4, 999, 2;
1, 256, 0, -1, -1, -1, 4, 999, 2;
1, 256, 0, -1, -1, -1, 3, 998, 1;
1, 256, 1, 1, 1, 1, 6, 1001, 4;
1, 256, 0, 0, 0, 0, 4, 999, 2;
1, 256, 0, -1, -1, -1, 4, 999, 2;
1, 256, 0, 0, 0, 0, 4, 999, 2;
1, 256, 0, 0, 0, 0, 5, 1000, 3;
1, 256, 1, 1, 1, 1, 6, 1001, 4;
1, 256, 0, 0, 0, 0, 5, 1000, 3;
1, 256, 1, 1, 1, 1, 6, 1001, 4;
1, 256, 0, 0, 0, 0, 5, 1000, 3;
1, 256, 0, 1, 1, 1, 5, 1000, 3;
1, 256, 0, 0, 0, 0, 5, 1000, 3;
1, 256, 0, 0, 0, 0, 5, 1000, 3;
1, 256, 0, -1, -1, -1, 4, 999, 2;
1, 256, 1, 1, 1, 1, 6, 1001, 4;
1, 256, 0, 0, 0, 0, 5, 1000, 3;
1, 256, 0, 0, 0, 0, 5, 1000, 3;
1, 256, 0, 0, 0, 0, 4, 999, 2;
1, 256, 0, 0, 0, 0, 4, 999, 2;
1, 256, 0, 0, 0, 0, 4, 999, 2;
1, 256, 0, -1, -1, -1, 4, 999, 2;
1, 256, 0, -1, -1, -1, 4, 999, 2;
1, 256, 0, -1, -1, -1, 4, 999, 2;
1, 256, 0, 0, 0, 0, 4, 999, 2;
1, 256, 0, 0, 0, 0, 5, 1000, 3;
1, 256, 0, 0, 0, 0, 5, 1000, 3;
1, 256, 0, 1, 1, 1, 5, 1000, 3;
1, 256, 0, 1, 1, 1, 5, 1000, 3;
1, 256, 0, -1, -1, -1, 3, 998, 1;
1, 256, 0, -1, -1, -1, 4, 998, 1;
1, 256, 0, 0, 0, 0, 5, 999, 3;
1, 256, 0, 1, 1, 1, 5, 1000, 3;
1, 256, 0, -1, -1, -1, 4, 999, 2;
1, 256, 0, 0, 0, 0, 4, 999, 2;
1, 256, 0, 1, 1, 1, 5, 1000, 3;
1, 256, 0, 0, 0, 0, 5, 1000, 3;
1, 256, 1, 1, 1, 1, 5, 1000, 3;
1, 256, 0, -1, -1, -1, 4, 999, 2;
1, 256, 1, 1, 1, 1, 6, 1000, 4;
1, 256, 0, 0, 0, 0, 4, 999, 2;
1, 256, 0, -1, -1, -1, 4, 998, 2;
1, 256, 0, 0, 0, 0, 5, 1000, 3;
1, 256, 0, 0, 0, 0, 5, 1000, 3;
1, 256, 0, 0, 0, 0, 5, 1000, 3;
1, 256, 0, 0, 0, 0, 5, 1000, 3;
1, 256, 0, 0, 0, 0, 5, 1000, 3;
1, 256, 1, 1, 1, 1, 6, 1000, 3;
1, 256, 0, -1, -1, -1, 4, 999, 2;
1, 256, 0, -1, -1, -1, 3, 998, 1;
1, 256, 0, 0, 0, 0, 5, 1000, 3;
1, 256, 0, 0, 0, 0, 5, 1000, 3;
1, 256, 0, 0, 0, 0, 5, 1000, 3;
1, 256, 0, -1, -1, -1, 4, 999, 2;
1, 256, 0, 0, 0, 0, 4, 999, 2;
1, 256, 0, -1, -1, -1, 4, 999, 2;
1, 256, 0, 0, 0, 0, 4, 999, 2;
1, 256, 0, 0, 0, 0, 4, 999, 2;
1, 256, 1, 1, 1, 1, 6, 1001, 4;
1, 256, 0, 0, 0, 0, 5, 1000, 3;
1, 256, 0, -1, -1, -1, 4, 998, 2;
1, 256, 0, 0, 0, 0, 4, 999, 2;
1, 256, 0, -1, -1, -1, 3, 998, 1;
1, 256, 0, -1, -1, -1, 3, 998, 1;
1, 256, 0, -1, -1, -1, 4, 999, 2;
1, 256, 0, -1, -1, -1, 4, 999, 2;
1, 256, 1, 1, 1, 1, 5, 1000, 3;
1, 256, 0, -1, -1, -1, 3, 998, 1;
1, 256, 0, -1, -1, -1, 3, 998, 1;
1, 256, 0, 1, 1, 1, 5, 1000, 3;
1, 256, 0, 0, 0, 0, 5, 1000, 3;
1, 256, 0, -1, -1, -1, 4, 998, 2;
1, 256, 0, 0, 0, 0, 4, 999, 2;
1, 256, 0, 0, 0, 0, 4, 999, 2;
1, 256, 0, -1, -1, -1, 4, 999, 2;
1, 256, 0, -1, -1, -1, 4, 999, 2;
1, 256, 0, 0, 0, 0, 4, 999, 2;
1, 256, 0, -1, -1, -1, 3, 998, 1;
1, 256, 0, 0, 0, 0, 4, 999, 2;
1, 256, 0, 1, 1, 1, 5, 1000, 3;
1, 256, 0, 0, 0, 0, 4, 999, 2;
1, 256, 1, 1, 1, 1, 6, 1001, 4;
1, 256, 0, 1, 1, 1, 5, 1000, 3;
1, 256, 1, 1, 1, 1, 6, 1001, 4;
1, 256, 0, 1, 1, 1, 5, 1000, 3;
1, 256, 0, 0, 0, 0, 5, 1000, 3;
1, 256, 0, -1, -1, -1, 4, 999, 2;
1, 256, 0, -1, -1, -1, 4, 999, 2;
1, 256, 0, 1, 1, 1, 5, 1000, 3;
0, 256, 0, -1, -1, -1, 3, 998, 1;
1, 256, 0, 0, 0, 0, 4, 999, 2;
1, 256, 1, 1, 1, 1, 6, 1001, 4;
1, 256, 0, 1, 1, 1, 5, 1000, 3;
1, 256, 1, 1, 1, 1, 6, 1001, 4;
1, 256, 0, 0, 0, 0, 5, 1000, 3;
1, 256, 0, -1, -1, -1, 4, 998, 1;
1, 256, 1, 1, 1, 1, 6, 1001, 4;
1, 256, 0, 0, 0, 0, 4, 999, 2;
1, 256, 0, -1, -1, -1, 4, 999, 2;
1, 256, 0, 1, 1, 1, 5, 1000, 3;
1, 256, 0, 0, 0, 0, 4, 999, 2;
1, 256, 0, -1, -1, -1, 4, 998, 1;
1, 256, 0, 1, 1, 1, 5, 1000, 3;
1, 256, 0, 0, 0, 0, 4, 999, 2;
1, 256, 1, 1, 1, 1, 6, 1000, 3;
1, 256, 0, 0, 0, 0, 4, 999, 2;
1, 256, 1, 1, 1, 1, 6, 1001, 4;
1, 256, 0, 0, 0, 0, 5, 1000, 3;
1, 256, 0, 0, 0, 0, 4, 999, 2;
1, 256, 0, 0, 0, 0, 5, 1000, 3;
1, 256, 0, 0, 0, 0, 4, 999, 2;
1, 256, 0, 0, 0, 0, 5, 1000, 3;
1, 256, 0, 0, 0, 0, 4, 999, 2;
1, 256, 0, 0, 0, 0, 5, 1000, 3;
1, 256, 0, -1, -1, -1, 4, 999, 2;
1, 256, 1, 1, 1, 1, 5, 1000, 3;
1, 256, 0, 0, 0, 0, 5, 1000, 3;
1, 256, 0, 0, 0, 0, 4, 999, 2;
1, 256, 1, 1, 1, 1, 6, 1001, 4;
1, 256, 0, 1, 1, 1, 5, 1000, 3;
1, 256, 0, 1, 1, 1, 5, 1000, 3;
1, 256, 0, 0, 0, 0, 5, 1000, 3;
1, 256, 0, 0, 0, 0, 5, 1000, 3;
1, 256, 1, 1, 1, 1, 6, 1001, 4;
1, 256, 0, 0, 0, 0, 5, 1000, 3;
1, 256, 0, -1, -1, -1, 3, 998, 1;
1, 256, 1, 1, 1, 1, 6, 1000, 3;
1, 256, 0, -1, -1, -1, 4, 999, 2;
1, 256, 0, 0, 0, 0, 4, 999, 2;
1, 256, 0, 0, 0, 0, 5, 1000, 3;
1, 256, 0, -1, -1, -1, 4, 999, 2;
1, 256, 1, 1, 1, 1, 6, 1001, 4;
1, 256, 0, 0, 0, 0, 4, 999, 2;
1, 256, 0, -1, -1, -1, 4, 999, 2;
1, 256, 0, -1, -1, -1, 3, 998, 1;
1, 256, 0, 1, 1, 1, 5, 1000, 3;
1, 256, 0, 0, 0, 0, 5, 1000, 3;
1, 256, 0, 0, 0, 0, 4, 999, 2;
1, 256, 0, 0, 0, 0, 5, 1000, 3;
1, 256, 1, 1, 1, 1, 6, 1001, 4;
1, 256, 0, 0, 0, 0, 5, 1000, 3;
1, 256, 0, 1, 1, 1, 5, 1000, 3;
1, 256, 0, 0, 0, 0, 5, 1000, 3;
1, 256, 0, 1, 1, 1, 5, 1000, 3;
1, 256, 1, 1, 1, 1, 6, 1001, 4;
1, 256, 1, 1, 1, 1, 5, 1000, 3;
1, 256, 0, 0, 0, 0, 5, 1000, 3;
1, 256, 0, 0, 0, 0, 4, 999, 2;
1, 256, 0, -1, -1, -1, 4, 999, 2;
1, 256, 0, 0, 0, 0, 4, 999, 2;
1, 256, 0, 0, 0, 0, 4, 999, 2;
1, 256, 0, 0, 0, 0, 5, 1000, 3;
1, 256, 0, -1, -1, -1, 4, 999, 2;
1, 256, 0, -1, -1, -1, 4, 999, 2;
1, 256, 0, 1, 1, 1, 5, 1000, 3;
1, 256, 0, 0, 0, 0, 5, 999, 2;
1, 256, 0, 1, 1, 1, 5, 1000, 3;
1, 256, 0, 0, 0, 0, 4, 999, 2;
1, 256, 0, 0, 0, 0, 5, 1000, 3;
1, 256, 0, -1, -1, -1, 3, 998, 1;
1, 256, 0, 1, 1, 1, 5, 1000, 3;
1, 256, 0, 0, 0, 0, 4, 999, 2;
1, 256, 0, 1, 1, 1, 5, 1000, 3;
1, 256, 0, 0, 0, 0, 5, 1000, 3;
1, 256, 0, 0, 0, 0, 5, 1000, 3;
1, 256, 0, 0, 0, 0, 4, 999, 2;
1, 256, 1, 1, 1, 1, 6, 1001, 4;
1, 256, 1, 1, 1, 1, 6, 1000, 3;
1, 256, 0, -1, -1, -1, 4, 999, 2;
1, 256, 0, 1, 1, 1, 5, 1000, 3;
1, 256, 0, 1, 1, 1, 5, 1000, 3;
1, 256, 0, 0, 0, 0, 5, 1000, 3;
1, 256, 0, 1, 1, 1, 5, 1000, 3;
1, 256, 0, -1, -1, -1, 4, 998, 1;
1, 256, 0, 0, 0, 0, 5, 1000, 3;
1, 256, 0, -1, -1, -1, 4, 999, 2;
1, 256, 1, 1, 1, 1, 6, 1000, 4;
1, 256, 0, 0, 0, 0, 4, 999, 2;
1, 256, 0, 0, 0, 0, 4, 999, 2;
1, 256, 0, 0, 0, 0, 5, 1000, 3;
1, 256, 0, -1, -1, -1, 3, 998, 1;
1, 256, 0, 0, 0, 0, 5, 999, 2;
1, 256, 0, 0, 0, 0, 4, 999, 2;
1, 256, 0, 0, 0, 0, 4, 999, 2;
1, 256, 0, 0, 0, 0, 5, 1000, 3;
1, 256, 1, 1, 1, 1, 6, 1001, 4;
1, 256, 0, -1, -1, -1, 4, 999, 2;
1, 256, 0, 0, 0, 0, 4, 999, 2;
1, 256, 0, 0, 0, 0, 5, 1000, 3;
1, 256, 0, 0, 0, 0, 4, 999, 2;
1, 256, 0, -1, -1, -1, 4, 999, 2;
1, 256, 0, -1, -1, -1, 4, 998, 2;
1, 256, 0, 0, 0, 0, 5, 1000, 3;
1, 256, 0, 0, 0, 0, 5, 1000, 3;
1, 256, 0, -1, -1, -1, 4, 998, 2;
1, 256, 0, -1, -1, -1, 4, 999, 2;
1, 256, 0, -1, -1, -1, 4, 999, 2;
1, 256, 0, 0, 0, 0, 5, 999, 2;
1, 256, 0, -1, -1, -1, 3, 998, 1;
1, 256, 0, 0, 0, 0, 4, 999, 2;
1, 256, 0, 0, 0, 0, 4, 999, 2;
1, 256, 0, 0, 0, 0, 5, 1000, 3;
1, 256, 0, -1, -1, -1, 4, 998, 1;
1, 256, 0, 0, 0, 0, 4, 999, 2;
1, 256, 0, -1, -1, -1, 4, 999, 2;
1, 256, 1, 1, 1, 1, 6, 1001, 4;
1, 256, 0, 0, 0, 0, 4, 999, 2;
1, 256, 0, 0, 0, 0, 5, 1000, 3;
1, 256, 0, 0, 0, 0, 4, 999, 2;
1, 256, 0, 0, 0, 0, 4, 999, 2;
1, 256, 0, 1, 1, 1, 5, 1000, 3;
1, 256, 0, 0, 0, 0, 4, 999, 2;
1, 256, 0, 0, 0, 0, 5, 1000, 3;
1, 256, 0, 0, 0, 0, 5, 1000, 3;
1, 256, 0, 0, 0, 0, 5, 1000, 3;
1, 256, 0, 0, 0, 0, 4, 999, 2;
1, 256, 0, 1, 1, 1, 5, 1000, 3;
1, 256, 0, 1, 1, 1, 5, 1000, 3;
1, 256, 0, 0, 0, 0, 5, 1000, 3;
1, 256, 0, -1, -1, -1, 4, 999, 2;
1, 256, 0, -1, -1, -1, 4, 999, 2;
1, 256, 0, 0, 0, 0, 4, 999, 2;
1, 256, 0, 1, 1, 1, 5, 1000, 3;
1, 256, 1, 1, 1, 1, 6, 1000, 4;
1, 256, 0, -1, -1, -1, 4, 999, 2;
1, 256, 0, 1, 1, 1, 5, 1000, 3;
1, 256, 1, 1, 1, 1, 6, 1000, 3;
1, 256, 1, 1, 1, 1, 6, 1001, 4;
1, 256, 0, -1, -1, -1, 4, 998, 2;
1, 256, 0, 0, 0, 0, 5, 1000, 3;
1, 256, 0, 0, 0, 0, 5, 1000, 3;
1, 256, 0, -1, -1, -1, 4, 999, 2;
1, 256, 0, 1, 1, 1, 5, 1000, 3;
1, 256, 0, 0, 0, 0, 4, 999, 2;
1, 256, 0, 0, 0, 0, 5, 999, 3;
1, 256, 0, 0, 0, 0, 5, 1000, 3;
1, 256, 0, 0, 0, 0, 4, 999, 2;
1, 256, 0, 1, 1, 1, 5, 1000, 3;
1, 256, 1, 1, 1, 1, 6, 1000, 3;
1, 256, 1, 1, 1, 1, 5, 1000, 3;
1, 256, 0, -1, -1, -1, 4, 999, 2;
1, 256, 1, 1, 1, 1, 6, 1001, 4;
1, 256, 0, 0, 0, 0, 4, 999, 2;
1, 256, 0, -1, -1, -1, 4, 999, 2;
1, 256, 0, -1, -1, -1, 4, 999, 2;
1, 256, 0, 0, 0, 0, 5, 999, 2;
1, 256, 1, 1, 1, 1, 5, 1000, 3;
1, 256, 0, 0, 0, 0, 4, 999, 2;
1, 256, 0, 0, 0, 0, 5, 1000, 3;
1, 256, 0, 0, 0, 0, 5, 1000, 3;
1, 256, 0, 0, 0, 0, 5, 1000, 3;
1, 256, 1, 1, 1, 1, 6, 1001, 4;
1, 256, 0, -1, -1, -1, 4, 999, 2;
1, 256, 0, 0, 0, 0, 5, 1000, 3;
1, 256, 0, 0, 0, 0, 4, 999, 2;
1, 256, 0, 0, 0, 0, 5, 1000, 3;
1, 256, 0, 0, 0, 0, 4, 999, 2;
1, 256, 1, 1, 1, 1, 6, 1000, 3;
1, 256, 0, -1, -1, -1, 4, 999, 2;
1, 256, 1, 1, 1, 1, 6, 1000, 4;
1, 256, 0, 0, 0, 0, 5, 1000, 3;
1, 256, 1, 1, 1, 1, 6, 1001, 4;
1, 256, 0, 0, 0, 0, 4, 999, 2;
1, 256, 0, 0, 0, 0, 4, 999, 2;
1, 256, 0, 0, 0, 0, 5, 1000, 3;
1, 256, 0, 0, 0, 0, 5, 1000, 3;
1, 256, 0, 0, 0, 0, 5, 1000, 3;
1, 256, 0, 1, 1, 1, 5, 1000, 3;
1, 256, 0, -1, -1, -1, 4, 999, 2;
1, 256, 1, 1, 1, 1, 6, 1001, 4;
1, 256, 0, 0, 0, 0, 4, 999, 2;
1, 256, 0, 1, 1, 1, 5, 1000, 3;
1, 256, 0, 0, 0, 0, 4, 999, 2;
1, 256, 1, 1, 1, 1, 6, 1000, 4;
1, 256, 0, -1, -1, -1, 4, 998, 1;
1, 256, 0, -1, -1, -1, 4, 999, 2;
1, 256, 0, -1, -1, -1, 4, 998, 1;
1, 256, 0, -1, -1, -1, 3, 998, 1;
1, 256, 0, 0, 0, 0, 5, 1000, 3;
1, 256, 0, 0, 0, 0, 5, 1000, 3;
1, 256, 0, 1, 1, 1, 5, 1000, 3;
1, 256, 1, 1, 1, 1, 6, 1000, 3;
1, 256, 0, 0, 0, 0, 5, 1000, 3;
1, 256, 1, 1, 1, 1, 5, 1000, 3;
1, 256, 0, 0, 0, 0, 4, 999, 2;
1, 256, 0, 0, 0, 0, 5, 1000, 3;
1, 256, 0, -1, -1, -1, 4, 999, 2;
1, 256, 0, 0, 0, 0, 5, 999, 2;
1, 256, 0, 0, 0, 0, 5, 1000, 3;
1, 256, 0, -1, -1, -1, 4, 998, 1;
1, 256, 0, -1, -1, -1, 4, 999, 2;
1, 256, 0, -1, -1, -1, 3, 998, 1;
1, 256, 0, 0, 0, 0, 5, 1000, 3;
1, 256, 0, 0, 0, 0, 4, 999, 2;
1, 256, 1, 1, 1, 1, 6, 1001, 4;
1, 256, 0, 0, 0, 0, 4, 999, 2;
1, 256, 0, 0, 0, 0, 5, 1000, 3;
1, 256, 0, -1, -1, -1, 4, 998, 1;
1, 256, 0, 1, 1, 1, 5, 1000, 3;
1, 256, 0, -1, -1, -1, 4, 999, 2;
1, 256, 0, -1, -1, -1, 4, 999, 2;
1, 256, 0, 0, 0, 0, 5, 1000, 3;
1, 256, 0, 0, 0, 0, 5, 1000, 3;
1, 256, 0, 0, 0, 0, 4, 999, 2;
1, 256, 0, 0, 0, 0, 4, 999, 2;
1, 256, 1, 1, 1, 1, 6, 1001, 4;
1, 256, 0, -1, -1, -1, 4, 999, 2;
1, 256, 0, 0, 0, 0, 5, 1000, 3;
1, 256, 0, 0, 0, 0, 4, 999, 2;
1, 256, 1, 1, 1, 1, 6, 1001, 4;
1, 256, 0, 0, 0, 0, 5, 1000, 3;
1, 256, 0, 0, 0, 0, 5, 1000, 3;
1, 256, 0, 0, 0, 0, 4, 999, 2;
1, 256, 0, 0, 0, 0, 5, 1000, 3;
1, 256, 0, -1, -1, -1, 4, 999, 2;
1, 256, 0, 0, 0, 0, 5, 1000, 3;
1, 256, 0, 0, 0, 0, 5, 1000, 3;
1, 256, 0, 0, 0, 0, 4, 999, 2;
1, 256, 0, -1, -1, -1, 4, 999, 2;
1, 256, 0, 0, 0, 0, 4, 999, 2;
1, 256, 0, 0, 0, 0, 5, 1000, 3;
1, 256, 0, 0, 0, 0, 4, 999, 2;
1, 256, 0, 1, 1, 1, 5, 1000, 3;
1, 256, 0, 0, 0, 0, 4, 999, 2;
1, 256, 0, 0, 0, 0, 5, 1000, 3;
1, 256, 0, 0, 0, 0, 4, 999, 2;
1, 256, 0, 0, 0, 0, 5, 1000, 3;
1, 256, 0, 0, 0, 0, 5, 999, 3;
1, 256, 1, 1, 1, 1, 6, 1001, 4;
1, 256, 0, -1, -1, -1, 3, 998, 1;
1, 256, 0, 1, 1, 1, 5, 1000, 3;
1, 256, 0, 0, 0, 0, 5, 999, 3;
1, 256, 0, 0, 0, 0, 5, 1000, 3;
1, 256, 1, 1, 1, 1, 6, 1001, 4;
1, 256, 1, 1, 1, 1, 5, 1000, 3;
1, 256, 1, 1, 1, 1, 5, 1000, 3;
1, 256, 1, 1, 1, 1, 6, 1001, 4;
1, 256, 1, 1, 1, 1, 6, 1001, 4;
1, 256, 0, 0, 0, 0, 5, 1000, 3;
1, 256, 0, 0, 0, 0, 5, 1000, 3;
1, 256, 0, -1, -1, -1, 4, 998, 2;
1, 256, 0, 0, 0, 0, 5, 1000, 3;
1, 256, 0, 0, 0, 0, 4, 999, 2;
1, 256, 1, 1, 1, 1, 6, 1001, 4;
1, 256, 1, 1, 1, 1, 6, 1001, 4;
1, 256, 1, 1, 1, 1, 6, 1001, 4;
1, 256, 0, 0, 0, 0, 5, 1000, 3;
1, 256, 1, 1, 1, 1, 6, 1001, 4;
1, 256, 0, -1, -1, -1, 4, 998, 2;
1, 256, 0, -1, -1, -1, 4, 999, 2;
1, 256, 0, -1, -1, -1, 3, 998, 1;
1, 256, 0, 0, 0, 0, 5, 1000, 3;
1, 256, 0, -1, -1, -1, 4, 999, 2;
1, 256, 0, 0, 0, 0, 4, 999, 2;
1, 256, 0, 0, 0, 0, 5, 1000, 3;
1, 256, 0, 0, 0, 0, 5, 1000, 3;
1, 256, 1, 1, 1, 1, 6, 1000, 3;
1, 256, 0, 0, 0, 0, 5, 1000, 3;
1, 256, 0, -1, -1, -1, 4, 999, 2;
1, 256, 0, 0, 0, 0, 4, 999, 2;
1, 256, 0, 1, 1, 1, 5, 1000, 3;
1, 256, 0, 0, 0, 0, 4, 999, 2;
1, 256, 0, 0, 0, 0, 5, 1000, 3;
1, 256, 0, 0, 0, 0, 5, 1000, 3;
1, 256, 0, -1, -1, -1, 4, 999, 2;
1, 256, 0, 1, 1, 1, 5, 1000, 3;
1, 256, 0, 0, 0, 0, 5, 1000, 3;
1, 256, 0, 0, 0, 0, 4, 999, 2;
1, 256, 0, 0, 0, 0, 5, 1000, 3;
1, 256, 0, -1, -1, -1, 4, 999, 2;
1, 256, 0, 0, 0, 0, 5, 1000, 3;
1, 256, 1, 1, 1, 1, 6, 1001, 4;
1, 256, 0, -1, -1, -1, 4, 999, 2;
1, 256, 0, 1, 1, 1, 5, 1000, 3;
1, 256, 0, 0, 0, 0, 4, 999, 2;
1, 256, 0, -1, -1, -1, 4, 999, 2;
1, 256, 0, 0, 0, 0, 5, 1000, 3;
1, 256, 0, 0, 0, 0, 4, 999, 2;
1, 256, 0, 0, 0, 0, 4, 999, 2;
1, 256, 0, 0, 0, 0, 5, 999, 3;
1, 256, 1, 1, 1, 1, 6, 1000, 4;
1, 256, 0, 0, 0, 0, 4, 999, 2;
1, 256, 0, 0, 0, 0, 5, 1000, 3;
1, 256, 0, 0, 0, 0, 5, 1000, 3;
1, 256, 0, 0, 0, 0, 4, 999, 2;
1, 256, 0, -1, -1, -1, 4, 999, 2;
1, 256, 0, 0, 0, 0, 5, 1000, 3;
1, 256, 1, 1, 1, 1, 6, 1001, 4;
1, 256, 0, 0, 0, 0, 4, 999, 2;
1, 256, 0, 0, 0, 0, 5, 1000, 3;
1, 256, 0, 1, 1, 1, 5, 1000, 3;
1, 256, 0, -1, -1, -1, 4, 999, 2;
1, 256, 0, -1, -1, -1, 4, 999, 2;
1, 256, 0, 0, 0, 0, 5, 1000, 3;
1, 256, 0, 0, 0, 0, 5, 1000, 3;
1, 256, 0, 0, 0, 0, 5, 1000, 3;
1, 256, 0, -1, -1, -1, 4, 999, 2;
1, 256, 0, 0, 0, 0, 4, 999, 2;
1, 256, 0, 0, 0, 0, 4, 999, 2;
1, 256, 1, 1, 1, 1, 6, 1001, 4;
1, 256, 0, -1, -1, -1, 4, 999, 2;
1, 256, 0, 0, 0, 0, 4, 999, 2;
1, 256, 0, 1, 1, 1, 5, 1000, 3;
1, 256, 0, 0, 0, 0, 4, 999, 2;
1, 256, 0, 0, 0, 0, 4, 999, 2;
1, 256, 0, 0, 0, 0, 4, 999, 2;
1, 256, 1, 1, 1, 1, 6, 1000, 4;
1, 256, 0, -1, -1, -1, 4, 998, 2;
1, 256, 0, 0, 0, 0, 5, 1000, 3;
1, 256, 0, 1, 1, 1, 5, 1000, 3;
0, 256, 0, -1, -1, -1, 3, 998, 1;
1, 256, 0, -1, -1, -1, 4, 999, 2;
1, 256, 0, -1, -1, -1, 4, 999, 2;
1, 256, 0, 0, 0, 0, 5, 1000, 3;
1, 256, 0, -1, -1, -1, 4, 999, 2;
1, 256, 0, 0, 0, 0, 4, 999, 2;
1, 256, 0, -1, -1, -1, 4, 999, 2;
1, 256, 0, 1, 1, 1, 5, 1000, 3;
1, 256, 0, 0, 0, 0, 4, 999, 2;
1, 256, 0, 0, 0, 0, 4, 999, 2;
1, 256, 0, 0, 0, 0, 5, 1000, 3;
1, 256, 0, -1, -1, -1, 4, 999, 2;
1, 256, 0, 1, 1, 1, 5, 1000, 3;
1, 256, 0, 0, 0, 0, 4, 999, 2;
1, 256, 1, 1, 1, 1, 6, 1000, 4;
1, 256, 0, 0, 0, 0, 5, 1000, 3;
1, 256, 0, 0, 0, 0, 5, 999, 3;
1, 256, 0, 0, 0, 0, 4, 999, 2;
1, 256, 1, 1, 1, 1, 6, 1001, 4;
1, 256, 0, 0, 0, 0, 4, 999, 2;
1, 256, 0, 0, 0, 0, 4, 999, 2;
1, 256, 0, 0, 0, 0, 4, 999, 2;
1, 256, 0, 0, 0, 0, 4, 999, 2;
1, 256, 0, 0, 0, 0, 4, 999, 2;
1, 256, 0, 0, 0, 0, 5, 999, 3;
1, 256, 0, 0, 0, 0, 5, 1000, 3;
1, 256, 0, 0, 0, 0, 4, 999, 2;
1, 256, 0, 1, 1, 1, 5, 1000, 3;
1, 256, 0, 1, 1, 1, 5, 1000, 3;
1, 256, 0, 0, 0, 0, 5, 1000, 3;
1, 256, 0, -1, -1, -1, 4, 998, 2;
1, 256, 0, 0, 0, 0, 5, 1000, 3;
1, 256, 0, -1, -1, -1, 4, 999, 2;
1, 256, 0, 0, 0, 0, 4, 999, 2;
1, 256, 0, 0, 0, 0, 4, 999, 2;
1, 256, 0, 0, 0, 0, 5, 1000, 3;
1, 256, 0, 0, 0, 0, 5, 999, 2;
1, 256, 0, 0, 0, 0, 5, 1000, 3;
1, 256, 1, 1, 1, 1, 6, 1001, 4;
1, 256, 0, -1, -1, -1, 4, 998, 1;
1, 256, 0, -1, -1, -1, 4, 999, 2;
1, 256, 1, 1, 1, 1, 6, 1000, 4;
1, 256, 1, 1, 1, 1, 5, 1000, 3;
1, 256, 0, 1, 1, 1, 5, 1000, 3;
1, 256, 0, 0, 0, 0, 4, 999, 2;
1, 256, 0, 0, 0, 0, 5, 1000, 3;
1, 256, 1, 1, 1, 1, 6, 1000, 4;
1, 256, 0, 0, 0, 0, 5, 999, 2;
1, 256, 0, 0, 0, 0, 5, 1000, 3;
1, 256, 0, 0, 0, 0, 5, 1000, 3;
1, 256, 0, 0, 0, 0, 4, 999, 2;
1, 256, 0, 1, 1, 1, 5, 1000, 3;
1, 256, 0, 0, 0, 0, 4, 999, 2;
1, 256, 0, 0, 0, 0, 5, 1000, 3;
1, 256, 0, -1, -1, -1, 4, 999, 2;
1, 256, 0, 1, 1, 1, 5, 1000, 3;
1, 256, 0, 0, 0, 0, 4, 999, 2;
1, 256, 0, 0, 0, 0, 4, 999, 2;
1, 256, 0, -1, -1, -1, 4, 999, 2;
1, 256, 0, 0, 0, 0, 5, 1000, 3;
1, 256, 0, -1, -1, -1, 4, 999, 2;
1, 256, 1, 1, 1, 1, 6, 1000, 3;
1, 256, 0, 1, 1, 1, 5, 1000, 3;
1, 256, 0, 0, 0, 0, 4, 999, 2;
1, 256, 1, 1, 1, 1, 6, 1001, 4;
1, 256, 0, 0, 0, 0, 4, 999, 2;
1, 256, 1, 1, 1, 1, 6, 1000, 4;
1, 256, 0, -1, -1, -1, 4, 999, 2;
1, 256, 0, 0, 0, 0, 5, 1000, 3;
1, 256, 1, 1, 1, 1, 5, 1000, 3;
1, 256, 0, 0, 0, 0, 5, 999, 2;
1, 256, 0, -1, -1, -1, 4, 998, 2;
1, 256, 1, 1, 1, 1, 6, 1001, 4;
1, 256, 0, -1, -1, -1, 4, 999, 2;
1, 256, 0, 0, 0, 0, 4, 999, 2;
1, 256, 0, -1, -1, -1, 4, 999, 2;
1, 256, 1, 1, 1, 1, 6, 1001, 4;
1, 256, 0, -1, -1, -1, 4, 999, 2;
1, 256, 0, 0, 0, 0, 5, 1000, 3;
1, 256, 0, -1, -1, -1, 4, 999, 2;
1, 256, 0, 0, 0, 0, 4, 999, 2;
1, 256, 1, 1, 1, 1, 6, 1001, 4;
1, 256, 0, 0, 0, 0, 4, 999, 2;
1, 256, 1, 1, 1, 1, 6, 1000, 4;
1, 256, 1, 1, 1, 1, 6, 1001, 4;
1, 256, 1, 1, 1, 1, 5, 1000, 3;
1, 256, 1, 1, 1, 1, 5, 1000, 3;
1, 256, 0, -1, -1, -1, 4, 998, 2;
1, 256, 1, 1, 1, 1, 6, 1000, 4;
1, 256, 0, -1, -1, -1, 4, 999, 2;
1, 256, 0, 1, 1, 1, 5, 1000, 3;
1, 256, 0, 0, 0, 0, 5, 999, 3;
1, 256, 0, 0, 0, 0, 5, 1000, 3;
1, 256, 0, 1, 1, 1, 5, 1000, 3;
1, 256, 0, -1, -1, -1, 3, 998, 1;
1, 256, 0, -1, -1, -1, 4, 999, 2;
1, 256, 0, 0, 0, 0, 5, 999, 2;
1, 256, 0, 0, 0, 0, 5, 1000, 3;
1, 256, 0, 0, 0, 0, 5, 1000, 3;
1, 256, 0, 0, 0, 0, 5, 1000, 3;
1, 256, 0, 0, 0, 0, 5, 999, 3;
1, 256, 1, 1, 1, 1, 5, 1000, 3;
1, 256, 1, 1, 1, 1, 6, 1001, 4;
1, 256, 0, 0, 0, 0, 4, 999, 2;
1, 256, 0, 0, 0, 0, 4, 999, 2;
1, 256, 0, 0, 0, 0, 5, 1000, 3;
1, 256, 0, 0, 0, 0, 5, 1000, 3;
1, 256, 1, 1, 1, 1, 6, 1000, 3;
1, 256, 0, 0, 0, 0, 4, 999, 2;
1, 256, 1, 1, 1, 1, 6, 1000, 4;
1, 256, 0, 0, 0, 0, 5, 1000, 3;
1, 256, 0, 0, 0, 0, 4, 999, 2;
1, 256, 1, 1, 1, 1, 6, 1001, 4;
1, 256, 0, 0, 0, 0, 4, 999, 2;
1, 256, 0, 0, 0, 0, 5, 1000, 3;
1, 256, 1, 1, 1, 1, 6, 1001, 4;
1, 256, 0, 0, 0, 0, 4, 999, 2;
1, 256, 0, 0, 0, 0, 5, 999, 2;
1, 256, 0, -1, -1, -1, 4, 999, 2;
1, 256, 0, 0, 0, 0, 5, 1000, 3;
1, 256, 0, 0, 0, 0, 5, 1000, 3;
1, 256, 0, 0, 0, 0, 4, 999, 2;
1, 256, 0, -1, -1, -1, 4, 999, 2;
1, 256, 0, 0, 0, 0, 4, 999, 2;
1, 256, 0, 0, 0, 0, 5, 1000, 3;
1, 256, 0, 0, 0, 0, 4, 999, 2;
1, 256, 0, -1, -1, -1, 4, 999, 2;
1, 256, 1, 1, 1, 1, 5, 1000, 3;
1, 256, 1, 1, 1, 1, 6, 1001, 4;
1, 256, 1, 1, 1, 1, 6, 1000, 4;
1, 256, 0, 0, 0, 0, 5, 1000, 3;
1, 256, 1, 1, 1, 1, 6, 1000, 4;
1, 256, 0, -1, -1, -1, 3, 998, 1;
1, 256, 0, 1, 1, 1, 5, 1000, 3;
1, 256, 0, -1, -1, -1, 4, 999, 2;
1, 256, 0, 1, 1, 1, 5, 1000, 3;
1, 256, 0, 0, 0, 0, 5, 1000, 3;
1, 256, 0, 1, 1, 1, 5, 1000, 3;
1, 256, 0, 0, 0, 0, 5, 1000, 3;
1, 256, 0, 0, 0, 0, 4, 999, 2;
1, 256, 0, 0, 0, 0, 5, 1000, 3;
1, 256, 0, 0, 0, 0, 4, 999, 2;
1, 256, 0, 0, 0, 0, 5, 1000, 3;
1, 256, 0, 0, 0, 0, 4, 999, 2;
1, 256, 0, 0, 0, 0, 4, 999, 2;
1, 256, 0, -1, -1, -1, 4, 998, 2;
1, 256, 0, 0, 0, 0, 5, 1000, 3;
1, 256, 1, 1, 1, 1, 5, 1000, 3;
1, 256, 0, -1, -1, -1, 4, 999, 2;
1, 256, 0, -1, -1, -1, 3, 998, 1;
1, 256, 0, 0, 0, 0, 4, 999, 2;
1, 256, 0, -1, -1, -1, 3, 998, 1;
1, 256, 0, -1, -1, -1, 4, 999, 2;
1, 256, 0, 1, 1, 1, 5, 1000, 3;
1, 256, 0, 0, 0, 0, 5, 1000, 3;
1, 256, 0, -1, -1, -1, 3, 998, 1;
1, 256, 1, 1, 1, 1, 5, 1000, 3;
1, 256, 0, -1, -1, -1, 4, 998, 2;
0, 256, 0, -1, -1, -1, 3, 998, 1;
1, 256, 0, 0, 0, 0, 5, 1000, 3;
1, 256, 0, 0, 0, 0, 4, 999, 2;
1, 256, 0, 0, 0, 0, 5, 1000, 3;
1, 256, 0, 0, 0, 0, 5, 1000, 3;
1, 256, 0, -1, -1, -1, 4, 999, 2;
1, 256, 0, 0, 0, 0, 5, 999, 3;
1, 256, 0, -1, -1, -1, 4, 999, 2;
1, 256, 0, 0, 0, 0, 5, 1000, 3;
1, 256, 1, 1, 1, 1, 5, 1000, 3;
1, 256, 0, -1, -1, -1, 4, 999, 2;
1, 256, 0, -1, -1, -1, 4, 998, 1;
1, 256, 0, -1, -1, -1, 4, 999, 2;
1, 256, 0, 0, 0, 0, 5, 1000, 3;
1, 256, 0, 0, 0, 0, 5, 1000, 3;
1, 256, 1, 1, 1, 1, 6, 1000, 4;
1, 256, 0, -1, -1, -1, 4, 999, 2;
1, 256, 0, -1, -1, -1, 4, 998, 1;
1, 256, 0, 0, 0, 0, 4, 999, 2;
1, 256, 0, 0, 0, 0, 4, 999, 2;
1, 256, 0, 0, 0, 0, 5, 1000, 3;
1, 256, 1, 1, 1, 1, 6, 1001, 4;
1, 256, 0, -1, -1, -1, 3, 998, 1;
1, 256, 0, 0, 0, 0, 4, 999, 2;
1, 256, 1, 1, 1, 1, 6, 1001, 4;
1, 256, 0, 0, 0, 0, 4, 999, 2;
1, 256, 0, 0, 0, 0, 5, 1000, 3;
1, 256, 0, -1, -1, -1, 4, 998, 1;
1, 256, 0, 0, 0, 0, 4, 999, 2;
1, 256, 0, 0, 0, 0, 5, 1000, 3;
1, 256, 1, 1, 1, 1, 5, 1000, 3;
1, 256, 0, 0, 0, 0, 4, 999, 2;
1, 256, 0, 0, 0, 0, 5, 1000, 3;
1, 256, 0, 0, 0, 0, 4, 999, 2;
1, 256, 0, 0, 0, 0, 4, 999, 2;
1, 256, 1, 1, 1, 1, 6, 1001, 4;
1, 256, 1, 1, 1, 1, 6, 1001, 4;
1, 256, 0, 0, 0, 0, 5, 1000, 3;
1, 256, 0, -1, -1, -1, 4, 999, 2;
1, 256, 1, 1, 1, 1, 5, 1000, 3;
1, 256, 0, 0, 0, 0, 4, 999, 2;
1, 256, 0, -1, -1, -1, 4, 999, 2;
1, 256, 0, 0, 0, 0, 5, 1000, 3;
1, 256, 0, 0, 0, 0, 5, 1000, 3;
1, 256, 0, 1, 1, 1, 5, 1000, 3;
1, 256, 0, 0, 0, 0, 4, 999, 2;
1, 256, 0, 0, 0, 0, 5, 999, 3;
1, 256, 0, 0, 0, 0, 5, 1000, 3;
1, 256, 0, 0, 0, 0, 4, 999, 2;
1, 256, 1, 1, 1, 1, 5, 1000, 3;
1, 256, 0, 0, 0, 0, 5, 1000, 3;
1, 256, 1, 1, 1, 1, 6, 1000, 4;
1, 256, 0, 0, 0, 0, 5, 999, 2;
1, 256, 0, 0, 0, 0, 4, 999, 2;
1, 256, 0, 0, 0, 0, 5, 1000, 3;
1, 256, 1, 1, 1, 1, 6, 1000, 3;
0, 256, 0, -1, -1, -1, 3, 998, 1;
1, 256, 1, 1, 1, 1, 5, 1000, 3;
1, 256, 0, 0, 0, 0, 4, 999, 2;
1, 256, 1, 1, 1, 1, 5, 1000, 3;
1, 256, 0, 0, 0, 0, 5, 1000, 3;
1, 256, 0, 0, 0, 0, 5, 1000, 3;
1, 256, 0, 0, 0, 0, 4, 999, 2;
1, 256, 0, 0, 0, 0, 5, 1000, 3;
1, 256, 0, 0, 0, 0, 4, 999, 2;
1, 256, 1, 1, 1, 1, 5, 1000, 3;
1, 256, 0, -1, -1, -1, 4, 999, 2;
1, 256, 0, 0, 0, 0, 4, 999, 2;
1, 256, 0, -1, -1, -1, 4, 999, 2;
1, 256, 0, 0, 0, 0, 4, 999, 2;
1, 256, 0, -1, -1, -1, 4, 999, 2;
1, 256, 0, 0, 0, 0, 5, 1000, 3;
1, 256, 0, 0, 0, 0, 5, 1000, 3;
1, 256, 0, 0, 0, 0, 5, 1000, 3;
1, 256, 1, 1, 1, 1, 6, 1001, 4;
1, 256, 0, 1, 1, 1, 5, 1000, 3;
1, 256, 0, 0, 0, 0, 4, 999, 2;
1, 256, 0, 1, 1, 1, 5, 1000, 3;
1, 256, 0, 0, 0, 0, 4, 999, 2;
1, 256, 1, 1, 1, 1, 6, 1001, 4;
1, 256, 0, -1, -1, -1, 4, 999, 2;
1, 256, 0, 0, 0, 0, 5, 1000, 3;
1, 256, 0, 0, 0, 0, 4, 999, 2;
1, 256, 0, 0, 0, 0, 4, 999, 2;
1, 256, 1, 1, 1, 1, 6, 1001, 4;
1, 256, 0, 0, 0, 0, 5, 1000, 3;
1, 256, 0, -1, -1, -1, 4, 999, 2;
1, 256, 0, 0, 0, 0, 5, 1000, 3;
1, 256, 0, 0, 0, 0, 4, 999, 2;
1, 256, 0, 0, 0, 0, 5, 1000, 3;
1, 256, 0, 0, 0, 0, 4, 999, 2;
1, 256, 0, 1, 1, 1, 5, 1000, 3;
1, 256, 0, 1, 1, 1, 5, 1000, 3;
1, 256, 0, 0, 0, 0, 5, 1000, 3;
1, 256, 0, -1, -1, -1, 4, 999, 2;
1, 256, 0, -1, -1, -1, 4, 999, 2;
1, 256, 0, -1, -1, -1, 4, 999, 2;
1, 256, 0, 0, 0, 0, 5, 1000, 3;
1, 256, 0, -1, -1, -1, 4, 998, 2;
1, 256, 0, -1, -1, -1, 4, 999, 2;
1, 256, 0, 0, 0, 0, 4, 999, 2;
0, 256, 0, -1, -1, -1, 3, 998, 1;
1, 256, 0, 0, 0, 0, 4, 999, 2;
1, 256, 1, 1, 1, 1, 6, 1001, 4;
1, 256, 0, 0, 0, 0, 5, 1000, 3;
1, 256, 0, 0, 0, 0, 5, 1000, 3;
1, 256, 0, -1, -1, -1, 4, 999, 2;
1, 256, 1, 1, 1, 1, 6, 1000, 4;
1, 256, 1, 1, 1, 1, 6, 1001, 4;
1, 256, 0, 0, 0, 0, 5, 1000, 3;
1, 256, 0, 1, 1, 1, 5, 1000, 3;
1, 256, 0, 0, 0, 0, 5, 1000, 3;
1, 256, 0, 0, 0, 0, 4, 999, 2;
1, 256, 0, 0, 0, 0, 5, 1000, 3;
1, 256, 0, -1, -1, -1, 4, 998, 2;
1, 256, 0, 0, 0, 0, 4, 999, 2;
1, 256, 0, 0, 0, 0, 5, 999, 3;
1, 256, 0, -1, -1, -1, 4, 999, 2;
1, 256, 0, 0, 0, 0, 5, 999, 3;
1, 256, 1, 1, 1, 1, 6, 1001, 4;
1, 256, 0, 0, 0, 0, 5, 1000, 3;
1, 256, 0, 0, 0, 0, 4, 999, 2;
1, 256, 1, 1, 1, 1, 6, 1001, 4;
1, 256, 0, 0, 0, 0, 5, 1000, 3;
1, 256, 0, 0, 0, 0, 4, 999, 2;
1, 256, 0, -1, -1, -1, 3, 998, 1;
1, 256, 0, 0, 0, 0, 4, 999, 2;
0, 256, 0, -1, -1, -1, 3, 998, 1;
1, 256, 0, 0, 0, 0, 4, 999, 2;
1, 256, 0, -1, -1, -1, 4, 999, 2;
1, 256, 0, 0, 0, 0, 4, 999, 2;
1, 256, 0, 0, 0, 0, 4, 999, 2;
1, 256, 0, -1, -1, -1, 4, 999, 2;
1, 256, 0, -1, -1, -1, 4, 999, 2;
1, 256, 0, 0, 0, 0, 4, 999, 2;
1, 256, 0, 1, 1, 1, 5, 1000, 3;
1, 256, 0, 0, 0, 0, 4, 999, 2;
1, 256, 0, 0, 0, 0, 5, 1000, 3;
1, 256, 0, 0, 0, 0, 5, 1000, 3;
1, 256, 0, 0, 0, 0, 4, 999, 2;
1, 256, 0, -1, -1, -1, 4, 999, 2;
1, 256, 0, 0, 0, 0, 5, 1000, 3;
1, 256, 0, 0, 0, 0, 5, 1000, 3;
1, 256, 0, 0, 0, 0, 4, 999, 2;
1, 256, 0, 0, 0, 0, 5, 1000, 3;
1, 256, 0, 0, 0, 0, 4, 999, 2;
1, 256, 0, 0, 0, 0, 4, 999, 2;
1, 256, 0, 0, 0, 0, 5, 1000, 3;
1, 256, 0, 0, 0, 0, 5, 999, 2;
1, 256, 0, 0, 0, 0, 4, 999, 2;
1, 256, 0, -1, -1, -1, 4, 998, 2;
1, 256, 1, 1, 1, 1, 6, 1000, 4;
1, 256, 1, 1, 1, 1, 6, 1001, 4;
1, 256, 0, 1, 1, 1, 5, 1000, 3;
1, 256, 0, 0, 0, 0, 5, 1000, 3;
1, 256, 0, 1, 1, 1, 5, 1000, 3;
1, 256, 0, 0, 0, 0, 4, 999, 2;
1, 256, 1, 1, 1, 1, 6, 1001, 4;
1, 256, 0, 0, 0, 0, 5, 1000, 3;
1, 256, 0, -1, -1, -1, 4, 999, 2;
1, 256, 0, 0, 0, 0, 4, 999, 2;
1, 256, 0, 0, 0, 0, 4, 999, 2;
1, 256, 1, 1, 1, 1, 6, 1001, 4;
1, 256, 1, 1, 1, 1, 6, 1001, 4;
1, 256, 0, -1, -1, -1, 3, 998, 1;
1, 256, 0, 0, 0, 0, 5, 1000, 3;
1, 256, 0, 0, 0, 0, 5, 1000, 3;
1, 256, 0, 1, 1, 1, 5, 1000, 3;
1, 256, 0, 0, 0, 0, 4, 999, 2;
1, 256, 1, 1, 1, 1, 5, 1000, 3;
1, 256, 0, 0, 0, 0, 5, 1000, 3;
1, 256, 0, 0, 0, 0, 5, 1000, 3;
1, 256, 0, 1, 1, 1, 5, 1000, 3;
1, 256, 1, 1, 1, 1, 6, 1001, 4;
1, 256, 0, 1, 1, 1, 5, 1000, 3;
1, 256, 1, 1, 1, 1, 6, 1001, 4;
1, 256, 0, 0, 0, 0, 4, 999, 2;
1, 256, 0, 0, 0, 0, 4, 999, 2;
1, 256, 0, 0, 0, 0, 5, 1000, 3;
1, 256, 0, 0, 0, 0, 5, 1000, 3;
1, 256, 1, 1, 1, 1, 5, 1000, 3;
1, 256, 0, 1, 1, 1, 5, 1000, 3;
1, 256, 1, 1, 1, 1, 5, 1000, 3;
1, 256, 0, -1, -1, -1, 4, 999, 2;
1, 256, 0, -1, -1, -1, 4, 999, 2;
1, 256, 0, 0, 0, 0, 4, 999, 2;
1, 256, 0, 0, 0, 0, 4, 999, 2;
1, 256, 0, -1, -1, -1, 3, 998, 1;
1, 256, 0, -1, -1, -1, 4, 999, 2;
1, 256, 0, 0, 0, 0, 4, 999, 2;
1, 256, 0, -1, -1, -1, 4, 999, 2;
1, 256, 0, -1, -1, -1, 4, 999, 2;
1, 256, 0, 0, 0, 0, 5, 1000, 3;
1, 256, 0, -1, -1, -1, 4, 999, 2;
1, 256, 0, 0, 0, 0, 5, 1000, 3;
1, 256, 0, 0, 0, 0, 4, 999, 2;
1, 256, 0, 0, 0, 0, 5, 1000, 3;
1, 256, 0, 0, 0, 0, 5, 1000, 3;
1, 256, 0, -1, -1, -1, 4, 998, 2;
1, 256, 0, 0, 0, 0, 5, 1000, 3;
1, 256, 0, -1, -1, -1, 4, 999, 2;
1, 256, 0, 1, 1, 1, 5, 1000, 3;
1, 256, 0, 0, 0, 0, 5, 1000, 3;
1, 256, 0, 0, 0, 0, 5, 1000, 3;
1, 256, 0, 0, 0, 0, 5, 1000, 3;
1, 256, 0, 1, 1, 1, 5, 1000, 3;
1, 256, 0, 0, 0, 0, 5, 1000, 3;
1, 256, 1, 1, 1, 1, 6, 1001, 4;
1, 256, 0, 1, 1, 1, 5, 1000, 3;
1, 256, 1, 1, 1, 1, 5, 1000, 3;
1, 256, 0, 0, 0, 0, 5, 999, 3;
1, 256, 0, 0, 0, 0, 5, 1000, 3;
1, 256, 0, 0, 0, 0, 4, 999, 2;
1, 256, 0, 0, 0, 0, 5, 1000, 3;
1, 256, 0, 0, 0, 0, 5, 1000, 3;
1, 256, 0, 0, 0, 0, 4, 999, 2;
1, 256, 0, -1, -1, -1, 3, 998, 1;
1, 256, 0, 0, 0, 0, 4, 999, 2;
1, 256, 0, 0, 0, 0, 4, 999, 2;
1, 256, 0, -1, -1, -1, 4, 999, 2;
1, 256, 0, -1, -1, -1, 4, 999, 2;
1, 256, 0, -1, -1, -1, 4, 999, 2;
1, 256, 0, -1, -1, -1, 4, 999, 2;
1, 256, 1, 1, 1, 1, 5, 1000, 3;
1, 256, 0, 0, 0, 0, 5, 999, 3;
1, 256, 0, -1, -1, -1, 4, 999, 2;
1, 256, 0, 0, 0, 0, 4, 999, 2;
1, 256, 0, 0, 0, 0, 4, 999, 2;
1, 256, 0, 0, 0, 0, 5, 1000, 3;
1, 256, 0, 0, 0, 0, 5, 999, 3;
1, 256, 0, -1, -1, -1, 4, 999, 2;
1, 256, 0, -1, -1, -1, 4, 999, 2;
1, 256, 0, -1, -1, -1, 4, 999, 2;
1, 256, 0, -1, -1, -1, 4, 999, 2;
1, 256, 0, 0, 0, 0, 5, 1000, 3;
1, 256, 0, 0, 0, 0, 5, 1000, 3;
1, 256, 1, 1, 1, 1, 6, 1001, 4;
1, 256, 0, 0, 0, 0, 5, 1000, 3;
1, 256, 0, 0, 0, 0, 5, 1000, 3;
1, 256, 0, -1, -1, -1, 3, 998, 1;
1, 256, 0, 0, 0, 0, 5, 1000, 3;
1, 256, 0, 0, 0, 0, 4, 999, 2;
1, 256, 0, 0, 0, 0, 5, 1000, 3;
1, 256, 1, 1, 1, 1, 6, 1001, 4;
1, 256, 1, 1, 1, 1, 6, 1000, 3;
1, 256, 1, 1, 1, 1, 6, 1001, 4;
1, 256, 0, -1, -1, -1, 4, 999, 2;
1, 256, 0, 0, 0, 0, 5, 1000, 3;
1, 256, 0, 0, 0, 0, 5, 1000, 3;
1, 256, 0, -1, -1, -1, 4, 999, 2;
1, 256, 0, -1, -1, -1, 4, 998, 1;
1, 256, 0, -1, -1, -1, 4, 999, 2;
1, 256, 0, 0, 0, 0, 4, 999, 2;
1, 256, 0, -1, -1, -1, 4, 999, 2;
1, 256, 0, 0, 0, 0, 4, 999, 2;
1, 256, 0, 0, 0, 0, 5, 1000, 3;
1, 256, 0, 0, 0, 0, 4, 999, 2;
1, 256, 0, 0, 0, 0, 5, 1000, 3;
1, 256, 0, 0, 0, 0, 5, 1000, 3;
1, 256, 0, 0, 0, 0, 4, 999, 2;
1, 256, 0, 1, 1, 1, 5, 1000, 3;
1, 256, 0, 0, 0, 0, 4, 999, 2;
1, 256, 0, 0, 0, 0, 5, 1000, 3;
1, 256, 0, 0, 0, 0, 5, 1000, 3;
1, 256, 0, 0, 0, 0, 5, 1000, 3;
1, 256, 0, 0, 0, 0, 4, 999, 2;
1, 256, 0, 0, 0, 0, 5, 1000, 3;
1, 256, 1, 1, 1, 1, 6, 1001, 4;
1, 256, 0, 0, 0, 0, 4, 999, 2;
1, 256, 1, 1, 1, 1, 5, 1000, 3;
1, 256, 1, 1, 1, 1, 6, 1001, 4;
1, 256, 0, 0, 0, 0, 4, 999, 2;
1, 256, 1, 1, 1, 1, 6, 1000, 4;
1, 256, 0, 0, 0, 0, 4, 999, 2;
1, 256, 0, 1, 1, 1, 5, 1000, 3;
1, 256, 1, 1, 1, 1, 6, 1001, 4;
1, 256, 0, -1, -1, -1, 4, 999, 2;
1, 256, 1, 1, 1, 1, 6, 1000, 3;
1, 256, 0, -1, -1, -1, 4, 999, 2;
1, 256, 1, 1, 1, 1, 6, 1001, 4;
1, 256, 0, 0, 0, 0, 5, 1000, 3;
1, 256, 0, 0, 0, 0, 5, 1000, 3;
1, 256, 0, 0, 0, 0, 4, 999, 2;
1, 256, 0, 0, 0, 0, 4, 999, 2;
1, 256, 0, -1, -1, -1, 4, 999, 2;
1, 256, 1, 1, 1, 1, 6, 1001, 4;
1, 256, 0, 1, 1, 1, 5, 1000, 3;
1, 256, 0, 0, 0, 0, 5, 1000, 3;
1, 256, 1, 1, 1, 1, 6, 1001, 4;
1, 256, 0, -1, -1, -1, 4, 998, 2;
1, 256, 1, 1, 1, 1, 6, 1001, 4;
1, 256, 1, 1, 1, 1, 6, 1001, 4;
1, 256, 1, 1, 1, 1, 6, 1001, 4;
1, 256, 0, -1, -1, -1, 4, 999, 2;
1, 256, 0, 0, 0, 0, 4, 999, 2;
1, 256, 0, 0, 0, 0, 4, 999, 2;
1, 256, 0, 0, 0, 0, 4, 999, 2;
1, 256, 0, 1, 1, 1, 5, 1000, 3;
1, 256, 0, 0, 0, 0, 4, 999, 2;
1, 256, 0, 0, 0, 0, 4, 999, 2;
1, 256, 0, 0, 0, 0, 5, 999, 3;
1, 256, 0, 1, 1, 1, 5, 1000, 3;
1, 256, 0, 0, 0, 0, 5, 1000, 3;
1, 256, 0, -1, -1, -1, 4, 999, 2;
1, 256, 1, 1, 1, 1, 6, 1000, 3;
1, 256, 0, -1, -1, -1, 4, 999, 2;
1, 256, 0, 0, 0, 0, 5, 1000, 3;
1, 256, 0, 0, 0, 0, 4, 999, 2;
1, 256, 0, -1, -1, -1, 4, 999, 2;
1, 256, 0, 0, 0, 0, 5, 1000, 3;
1, 256, 1, 1, 1, 1, 5, 1000, 3;
1, 256, 0, 0, 0, 0, 4, 999, 2;
1, 256, 0, 0, 0, 0, 4, 999, 2;
1, 256, 1, 1, 1, 1, 6, 1001, 4;
1, 256, 0, -1, -1, -1, 4, 998, 2;
1, 256, 0, -1, -1, -1, 4, 999, 2;
1, 256, 0, -1, -1, -1, 4, 999, 2;
1, 256, 0, 0, 0, 0, 5, 1000, 3;
1, 256, 1, 1, 1, 1, 6, 1001, 4;
1, 256, 0, -1, -1, -1, 4, 999, 2;
0, 256, 0, -1, -1, -1, 3, 998, 1;
1, 256, 0, -1, -1, -1, 4, 999, 2;
1, 256, 0, 1, 1, 1, 5, 1000, 3;
1, 256, 1, 1, 1, 1, 6, 1000, 3;
1, 256, 0, 0, 0, 0, 5, 999, 3;
1, 256, 0, -1, -1, -1, 4, 999, 2;
1, 256, 0, 0, 0, 0, 4, 999, 2;
1, 256, 0, -1, -1, -1, 4, 999, 2;
1, 256, 1, 1, 1, 1, 5, 1000, 3;
1, 256, 0, 1, 1, 1, 5, 1000, 3;
1, 256, 0, 0, 0, 0, 5, 1000, 3;
1, 256, 1, 1, 1, 1, 6, 1001, 4;
1, 256, 0, 0, 0, 0, 4, 999, 2;
1, 256, 0, 0, 0, 0, 5, 1000, 3;
1, 256, 0, 0, 0, 0, 5, 1000, 3;
1, 256, 0, 0, 0, 0, 4, 999, 2;
1, 256, 0, 0, 0, 0, 4, 999, 2;
1, 256, 0, -1, -1, -1, 4, 999, 2;
1, 256, 1, 1, 1, 1, 6, 1001, 4;
1, 256, 0, 0, 0, 0, 5, 1000, 3;
1, 256, 0, 0, 0, 0, 4, 999, 2;
1, 256, 0, -1, -1, -1, 4, 999, 2;
1, 256, 0, -1, -1, -1, 4, 998, 2;
1, 256, 0, 0, 0, 0, 4, 999, 2;
1, 256, 0, 0, 0, 0, 5, 1000, 3;
1, 256, 0, 1, 1, 1, 5, 1000, 3;
1, 256, 0, 0, 0, 0, 4, 999, 2;
1, 256, 0, 1, 1, 1, 5, 1000, 3;
1, 256, 0, 0, 0, 0, 5, 1000, 3;
1, 256, 0, -1, -1, -1, 4, 998, 1;
1, 256, 0, 0, 0, 0, 5, 1000, 3;
1, 256, 1, 1, 1, 1, 6, 1001, 4;
1, 256, 1, 1, 1, 1, 6, 1000, 4;
1, 256, 0, 0, 0, 0, 4, 999, 2;
0, 256, 0, -1, -1, -1, 3, 998, 1;
1, 256, 1, 1, 1, 1, 6, 1000, 4;
1, 256, 0, -1, -1, -1, 4, 999, 2;
1, 256, 0, 0, 0, 0, 4, 999, 2;
1, 256, 0, 0, 0, 0, 5, 1000, 3;
1, 256, 0, 0, 0, 0, 5, 1000, 3;
1, 256, 0, 1, 1, 1, 5, 1000, 3;
1, 256, 0, 0, 0, 0, 4, 999, 2;
1, 256, 0, 0, 0, 0, 5, 1000, 3;
1, 256, 0, 0, 0, 0, 5, 1000, 3;
1, 256, 0, -1, -1, -1, 4, 998, 1;
1, 256, 0, -1, -1, -1, 3, 998, 1;
1, 256, 0, 0, 0, 0, 4, 999, 2;
1, 256, 0, 1, 1, 1, 5, 1000, 3;
1, 256, 0, -1, -1, -1, 4, 999, 2;
1, 256, 0, -1, -1, -1, 4, 999, 2;
1, 256, 1, 1, 1, 1, 6, 1001, 4;
1, 256, 0, 0, 0, 0, 5, 1000, 3;
1, 256, 0, -1, -1, -1, 4, 999, 2;
1, 256, 1, 1, 1, 1, 6, 1001, 4;
1, 256, 1, 1, 1, 1, 6, 1000, 4;
1, 256, 0, -1, -1, -1, 4, 998, 2;
1, 256, 0, 1, 1, 1, 5, 1000, 3;
1, 256, 0, 0, 0, 0, 5, 1000, 3;
1, 256, 1, 1, 1, 1, 6, 1001, 4;
1, 256, 0, 1, 1, 1, 5, 1000, 3;
1, 256, 0, 0, 0, 0, 5, 1000, 3;
1, 256, 1, 1, 1, 1, 5, 1000, 3;
1, 256, 1, 1, 1, 1, 6, 1000, 3;
1, 256, 1, 1, 1, 1, 6, 1001, 4;
1, 256, 0, -1, -1, -1, 4, 999, 2;
1, 256, 0, 0, 0, 0, 4, 999, 2;
1, 256, 0, 1, 1, 1, 5, 1000, 3;
1, 256, 0, 0, 0, 0, 4, 999, 2;
1, 256, 0, 0, 0, 0, 5, 999, 3;
1, 256, 0, 0, 0, 0, 4, 999, 2;
1, 256, 0, 0, 0, 0, 4, 999, 2;
1, 256, 0, -1, -1, -1, 4, 999, 2;
1, 256, 0, 0, 0, 0, 5, 1000, 3;
1, 256, 0, 1, 1, 1, 5, 1000, 3;
1, 256, 0, 0, 0, 0, 4, 999, 2;
1, 256, 0, -1, -1, -1, 3, 998, 1;
1, 256, 0, 0, 0, 0, 4, 999, 2;
1, 256, 1, 1, 1, 1, 6, 1000, 4;
1, 256, 0, -1, -1, -1, 4, 999, 2;
1, 256, 0, 0, 0, 0, 5, 1000, 3;
1, 256, 1, 1, 1, 1, 6, 1001, 4;
1, 256, 0, 0, 0, 0, 5, 1000, 3;
1, 256, 0, 0, 0, 0, 4, 999, 2;
1, 256, 0, -1, -1, -1, 4, 999, 2;
1, 256, 0, 0, 0, 0, 5, 1000, 3;
1, 256, 0, -1, -1, -1, 4, 999, 2;
1, 256, 0, 0, 0, 0, 5, 1000, 3;
0, 256, 0, -1, -1, -1, 3, 998, 1;
1, 256, 0, 0, 0, 0, 5, 1000, 3;
1, 256, 0, 0, 0, 0, 5, 1000, 3;
1, 256, 1, 1, 1, 1, 6, 1001, 4;
1, 256, 0, 0, 0, 0, 5, 1000, 3;
1, 256, 0, 0, 0, 0, 4, 999, 2;
1, 256, 0, 0, 0, 0, 5, 1000, 3;
1, 256, 1, 1, 1, 1, 6, 1001, 4;
1, 256, 0, 0, 0, 0, 5, 1000, 3;
1, 256, 1, 1, 1, 1, 6, 1001, 4;
1, 256, 0, -1, -1, -1, 4, 999, 2;
1, 256, 0, 0, 0, 0, 5, 1000, 3;
1, 256, 0, 0, 0, 0, 4, 999, 2;
1, 256, 0, -1, -1, -1, 3, 998, 1;
1, 256, 0, 1, 1, 1, 5, 1000, 3;
1, 256, 0, 0, 0, 0, 4, 999, 2;
1, 256, 0, 0, 0, 0, 5, 1000, 3;
1, 256, 0, 0, 0, 0, 5, 1000, 3;
1, 256, 0, 0, 0, 0, 4, 999, 2;
1, 256, 0, 0, 0, 0, 4, 999, 2;
1, 256, 1, 1, 1, 1, 6, 1001, 4;
1, 256, 0, 0, 0, 0, 5, 999, 3;
1, 256, 0, 1, 1, 1, 5, 1000, 3;
1, 256, 0, -1, -1, -1, 4, 999, 2;
1, 256, 0, 1, 1, 1, 5, 1000, 3;
1, 256, 0, 0, 0, 0, 5, 1000, 3;
0, 256, 0, -1, -1, -1, 3, 998, 1;
1, 256, 0, 0, 0, 0, 4, 999, 2;
1, 256, 1, 1, 1, 1, 5, 1000, 3;
1, 256, 0, -1, -1, -1, 4, 998, 2;
1, 256, 0, 0, 0, 0, 5, 999, 2;
1, 256, 0, 1, 1, 1, 5, 1000, 3;
1, 256, 0, 0, 0, 0, 5, 999, 2;
1, 256, 1, 1, 1, 1, 6, 1000, 4;
1, 256, 0, -1, -1, -1, 4, 998, 2;
1, 256, 0, 1, 1, 1, 5, 1000, 3;
1, 256, 0, 0, 0, 0, 5, 1000, 3;
1, 256, 0, -1, -1, -1, 4, 999, 2;
1, 256, 0, -1, -1, -1, 4, 998, 2;
1, 256, 0, -1, -1, -1, 4, 999, 2;
1, 256, 0, 0, 0, 0, 4, 999, 2;
1, 256, 0, 1, 1, 1, 5, 1000, 3;
1, 256, 1, 1, 1, 1, 6, 1000, 4;
1, 256, 0, 1, 1, 1, 5, 1000, 3;
1, 256, 0, -1, -1, -1, 4, 999, 2;
1, 256, 0, -1, -1, -1, 4, 999, 2;
1, 256, 0, -1, -1, -1, 4, 999, 2;
1, 256, 0, 0, 0, 0, 5, 999, 2;
1, 256, 1, 1, 1, 1, 6, 1001, 4;
1, 256, 0, 0, 0, 0, 4, 999, 2;
1, 256, 0, 0, 0, 0, 5, 1000, 3;
1, 256, 0, 0, 0, 0, 5, 1000, 3;
1, 256, 0, 0, 0, 0, 5, 1000, 3;
1, 256, 0, 1, 1, 1, 5, 1000, 3;
0, 256, 0, -1, -1, -1, 3, 998, 1;
1, 256, 1, 1, 1, 1, 6, 1001, 4;
1, 256, 0, -1, -1, -1, 4, 999, 2;
1, 256, 0, 0, 0, 0, 4, 999, 2;
1, 256, 0, 0, 0, 0, 4, 999, 2;
1, 256, 0, -1, -1, -1, 4, 998, 1;
1, 256, 0, 0, 0, 0, 5, 1000, 3;
1, 256, 0, -1, -1, -1, 3, 998, 1;
1, 256, 0, 0, 0, 0, 5, 999, 2;
1, 256, 0, -1, -1, -1, 4, 999, 2;
1, 256, 0, 0, 0, 0, 4, 999, 2;
1, 256, 0, -1, -1, -1, 4, 999, 2;
1, 256, 0, 0, 0, 0, 5, 1000, 3;
1, 256, 0, 0, 0, 0, 5, 1000, 3;
1, 256, 0, 0, 0, 0, 4, 999, 2;
1, 256, 0, -1, -1, -1, 4, 999, 2;
1, 256, 0, 0, 0, 0, 4, 999, 2;
1, 256, 0, -1, -1, -1, 4, 999, 2;
1, 256, 0, -1, -1, -1, 3, 998, 1;
1, 256, 0, 0, 0, 0, 4, 999, 2;
1, 256, 1, 1, 1, 1, 6, 1000, 3;
1, 256, 0, 0, 0, 0, 5, 1000, 3;
1, 256, 0, 0, 0, 0, 4, 999, 2;
1, 256, 0, -1, -1, -1, 4, 999, 2;
1, 256, 0, 1, 1, 1, 5, 1000, 3;
1, 256, 0, 0, 0, 0, 5, 999, 3;
1, 256, 0, -1, -1, -1, 4, 999, 2;
1, 256, 0, 0, 0, 0, 5, 1000, 3;
1, 256, 1, 1, 1, 1, 6, 1001, 4;
1, 256, 0, 0, 0, 0, 5, 1000, 3;
1, 256, 0, 0, 0, 0, 4, 999, 2;
1, 256, 0, -1, -1, -1, 4, 999, 2;
1, 256, 0, 0, 0, 0, 5, 1000, 3;
1, 256, 0, 0, 0, 0, 5, 1000, 3;
1, 256, 0, 0, 0, 0, 4, 999, 2;
1, 256, 0, -1, -1, -1, 4, 999, 2;
1, 256, 0, 0, 0, 0, 5, 1000, 3;
1, 256, 0, 0, 0, 0, 4, 999, 2;
1, 256, 1, 1, 1, 1, 6, 1001, 4;
1, 256, 0, -1, -1, -1, 4, 999, 2;
1, 256, 1, 1, 1, 1, 6, 1000, 3;
1, 256, 1, 1, 1, 1, 6, 1001, 4;
1, 256, 0, 1, 1, 1, 5, 1000, 3;
1, 256, 0, -1, -1, -1, 4, 999, 2;
1, 256, 1, 1, 1, 1, 6, 1001, 4;
1, 256, 0, 0, 0, 0, 5, 999, 3;
1, 256, 1, 1, 1, 1, 6, 1001, 4;
1, 256, 0, 0, 0, 0, 5, 1000, 3;
1, 256, 0, -1, -1, -1, 4, 999, 2;
1, 256, 0, 0, 0, 0, 4, 999, 2;
1, 256, 0, 0, 0, 0, 4, 999, 2;
1, 256, 1, 1, 1, 1, 6, 1001, 4;
1, 256, 0, 0, 0, 0, 5, 1000, 3;
1, 256, 1, 1, 1, 1, 6, 1001, 4;
1, 256, 0, -1, -1, -1, 4, 998, 1;
1, 256, 0, 1, 1, 1, 5, 1000, 3;
1, 256, 0, 0, 0, 0, 4, 999, 2;
1, 256, 0, -1, -1, -1, 4, 999, 2;
1, 256, 0, 0, 0, 0, 4, 999, 2;
1, 256, 0, -1, -1, -1, 4, 999, 2;
1, 256, 0, -1, -1, -1, 4, 998, 2;
1, 256, 0, -1, -1, -1, 4, 998, 2;
1, 256, 0, 0, 0, 0, 4, 999, 2;
1, 256, 0, 0, 0, 0, 4, 999, 2;
1, 256, 0, -1, -1, -1, 4, 998, 1;
1, 256, 0, 0, 0, 0, 4, 999, 2;
1, 256, 0, -1, -1, -1, 4, 998, 1;
1, 256, 0, -1, -1, -1, 4, 999, 2;
1, 256, 0, 0, 0, 0, 5, 1000, 3;
1, 256, 1, 1, 1, 1, 6, 1000, 4;
1, 256, 0, -1, -1, -1, 4, 998, 1;
1, 256, 0, 0, 0, 0, 5, 1000, 3;
1, 256, 1, 1, 1, 1, 6, 1001, 4;
1, 256, 0, 0, 0, 0, 4, 999, 2;
1, 256, 0, 0, 0, 0, 4, 999, 2;
1, 256, 0, 0, 0, 0, 4, 999, 2;
1, 256, 0, -1, -1, -1, 4, 998, 1;
1, 256, 0, 0, 0, 0, 5, 1000, 3;
1, 256, 0, -1, -1, -1, 4, 998, 2;
1, 256, 0, 1, 1, 1, 5, 1000, 3;
1, 256, 0, 0, 0, 0, 4, 999, 2;
1, 256, 0, 0, 0, 0, 5, 1000, 3;
1, 256, 1, 1, 1, 1, 5, 1000, 3;
1, 256, 0, 0, 0, 0, 4, 999, 2;
1, 256, 0, -1, -1, -1, 4, 999, 2;
1, 256, 0, 0, 0, 0, 4, 999, 2;
1, 256, 0, 0, 0, 0, 5, 1000, 3;
1, 256, 0, 0, 0, 0, 4, 999, 2;
1, 256, 0, 0, 0, 0, 5, 1000, 3;
1, 256, 0, 0, 0, 0, 5, 1000, 3;
1, 256, 0, -1, -1, -1, 4, 999, 2;
1, 256, 0, 1, 1, 1, 5, 1000, 3;
1, 256, 0, 0, 0, 0, 4, 999, 2;
1, 256, 0, 0, 0, 0, 5, 999, 3;
1, 256, 0, 0, 0, 0, 4, 999, 2;
1, 256, 0, 0, 0, 0, 5, 1000, 3;
1, 256, 0, 0, 0, 0, 4, 999, 2;
1, 256, 0, 1, 1, 1, 5, 1000, 3;
1, 256, 0, 0, 0, 0, 4, 999, 2;
1, 256, 1, 1, 1, 1, 6, 1000, 4;
1, 256, 0, 0, 0, 0, 4, 999, 2;
1, 256, 0, 0, 0, 0, 5, 1000, 3;
1, 256, 1, 1, 1, 1, 5, 1000, 3;
1, 256, 0, 0, 0, 0, 4, 999, 2;
1, 256, 0, 0, 0, 0, 5, 1000, 3;
1, 256, 1, 1, 1, 1, 6, 1001, 4;
1, 256, 0, 0, 0, 0, 4, 999, 2;
1, 256, 0, 0, 0, 0, 5, 1000, 3;
1, 256, 0, -1, -1, -1, 3, 998, 1;
1, 256, 0, 1, 1, 1, 5, 1000, 3;
1, 256, 0, 0, 0, 0, 4, 999, 2;
1, 256, 0, -1, -1, -1, 4, 999, 2;
1, 256, 0, 0, 0, 0, 4, 999, 2;
1, 256, 0, 0, 0, 0, 4, 999, 2;
1, 256, 0, -1, -1, -1, 4, 999, 2;
1, 256, 1, 1, 1, 1, 6, 1000, 3;
1, 256, 1, 1, 1, 1, 6, 1000, 4;
1, 256, 0, 0, 0, 0, 5, 1000, 3;
1, 256, 0, 0, 0, 0, 5, 999, 2;
1, 256, 0, -1, -1, -1, 4, 999, 2;
1, 256, 0, 0, 0, 0, 5, 1000, 3;
1, 256, 0, -1, -1, -1, 4, 998, 2;
1, 256, 0, -1, -1, -1, 4, 999, 2;
1, 256, 0, 0, 0, 0, 5, 1000, 3;
1, 256, 0, 0, 0, 0, 5, 1000, 3;
1, 256, 0, 0, 0, 0, 4, 999, 2;
1, 256, 0, 0, 0, 0, 4, 999, 2;
1, 256, 1, 1, 1, 1, 5, 1000, 3;
1, 256, 0, 0, 0, 0, 4, 999, 2;
1, 256, 0, 0, 0, 0, 4, 999, 2;
1, 256, 1, 1, 1, 1, 6, 1000, 3;
1, 256, 0, -1, -1, -1, 4, 999, 2;
1, 256, 0, 0, 0, 0, 5, 1000, 3;
1, 256, 0, -1, -1, -1, 4, 999, 2;
1, 256, 0, 1, 1, 1, 5, 1000, 3;
1, 256, 0, -1, -1, -1, 4, 999, 2;
1, 256, 0, 1, 1, 1, 5, 1000, 3;
1, 256, 0, 0, 0, 0, 4, 999, 2;
1, 256, 0, -1, -1, -1, 4, 999, 2;
1, 256, 0, 0, 0, 0, 5, 1000, 3;
1, 256, 0, 0, 0, 0, 4, 999, 2;
1, 256, 0, 0, 0, 0, 4, 999, 2;
1, 256, 0, -1, -1, -1, 4, 999, 2;
1, 256, 0, 0, 0, 0, 4, 999, 2;
1, 256, 0, 1, 1, 1, 5, 1000, 3;
1, 256, 0, -1, -1, -1, 3, 998, 1;
1, 256, 0, 0, 0, 0, 4, 999, 2;
1, 256, 0, -1, -1, -1, 4, 998, 2;
1, 256, 1, 1, 1, 1, 6, 1000, 3;
1, 256, 0, 0, 0, 0, 5, 1000, 3;
1, 256, 0, -1, -1, -1, 4, 999, 2;
1, 256, 0, 0, 0, 0, 5, 999, 3;
1, 256, 0, 0, 0, 0, 5, 1000, 3;
1, 256, 1, 1, 1, 1, 6, 1001, 4;
1, 256, 1, 1, 1, 1, 6, 1001, 4;
1, 256, 0, -1, -1, -1, 4, 999, 2;
1, 256, 0, 0, 0, 0, 5, 1000, 3;
1, 256, 0, 0, 0, 0, 5, 1000, 3;
1, 256, 0, 0, 0, 0, 5, 1000, 3;
1, 256, 0, 0, 0, 0, 5, 999, 3;
1, 256, 0, 0, 0, 0, 4, 999, 2;
1, 256, 0, 0, 0, 0, 5, 1000, 3;
1, 256, 0, -1, -1, -1, 4, 999, 2;
1, 256, 0, 0, 0, 0, 5, 1000, 3;
1, 256, 0, 0, 0, 0, 4, 999, 2;
1, 256, 1, 1, 1, 1, 6, 1001, 4;
1, 256, 0, 0, 0, 0, 5, 1000, 3;
1, 256, 0, 0, 0, 0, 4, 999, 2;
1, 256, 0, -1, -1, -1, 4, 999, 2;
1, 256, 1, 1, 1, 1, 6, 1001, 4;
1, 256, 0, 0, 0, 0, 5, 1000, 3;
1, 256, 0, -1, -1, -1, 4, 999, 2;
1, 256, 0, -1, -1, -1, 4, 999, 2;
1, 256, 0, -1, -1, -1, 4, 999, 2;
1, 256, 0, 0, 0, 0, 5, 1000, 3;
1, 256, 0, 0, 0, 0, 4, 999, 2;
1, 256, 0, 0, 0, 0, 5, 1000, 3;
1, 256, 0, 1, 1, 1, 5, 1000, 3;
1, 256, 0, 0, 0, 0, 4, 999, 2;
1, 256, 0, 0, 0, 0, 4, 999, 2;
1, 256, 1, 1, 1, 1, 6, 1001, 4;
1, 256, 0, 0, 0, 0, 4, 999, 2;
1, 256, 1, 1, 1, 1, 6, 1001, 4;
1, 256, 0, -1, -1, -1, 3, 998, 1;
1, 256, 0, 1, 1, 1, 5, 1000, 3;
1, 256, 0, -1, -1, -1, 4, 999, 2;
1, 256, 0, 0, 0, 0, 4, 999, 2;
1, 256, 0, 0, 0, 0, 5, 1000, 3;
1, 256, 0, 0, 0, 0, 5, 1000, 3;
1, 256, 1, 1, 1, 1, 6, 1000, 4;
1, 256, 0, 0, 0, 0, 5, 1000, 3;
1, 256, 0, -1, -1, -1, 4, 999, 2;
1, 256, 0, 0, 0, 0, 5, 999, 2;
1, 256, 0, -1, -1, -1, 4, 999, 2;
1, 256, 0, 0, 0, 0, 4, 999, 2;
1, 256, 0, 0, 0, 0, 4, 999, 2;
1, 256, 0, 0, 0, 0, 5, 1000, 3;
1, 256, 0, 1, 1, 1, 5, 1000, 3;
1, 256, 0, 0, 0, 0, 4, 999, 2;
1, 256, 0, 0, 0, 0, 5, 1000, 3;
0, 256, 0, -1, -1, -1, 3, 998, 1;
1, 256, 0, -1, -1, -1, 4, 999, 2;
1, 256, 0, 0, 0, 0, 5, 1000, 3;
1, 256, 0, 0, 0, 0, 5, 1000, 3;
1, 256, 0, 0, 0, 0, 5, 1000, 3;
1, 256, 0, 1, 1, 1, 5, 1000, 3;
1, 256, 0, 1, 1, 1, 5, 1000, 3;
1, 256, 0, -1, -1, -1, 4, 999, 2;
1, 256, 1, 1, 1, 1, 6, 1001, 4;
1, 256, 0, 0, 0, 0, 5, 1000, 3;
1, 256, 0, 0, 0, 0, 5, 1000, 3;
1, 256, 0, 0, 0, 0, 5, 1000, 3;
1, 256, 0, 1, 1, 1, 5, 1000, 3;
1, 256, 0, 0, 0, 0, 4, 999, 2;
1, 256, 0, 0, 0, 0, 5, 1000, 3;
1, 256, 0, 0, 0, 0, 4, 999, 2;
1, 256, 1, 1, 1, 1, 6, 1001, 4;
1, 256, 1, 1, 1, 1, 5, 1000, 3;
1, 256, 0, 0, 0, 0, 5, 1000, 3;
1, 256, 0, 0, 0, 0, 5, 1000, 3;
1, 256, 0, -1, -1, -1, 4, 998, 2;
1, 256, 1, 1, 1, 1, 6, 1000, 4;
1, 256, 0, 0, 0, 0, 4, 999, 2;
1, 256, 0, 0, 0, 0, 4, 999, 2;
1, 256, 0, 0, 0, 0, 5, 1000, 3;
1, 256, 0, 0, 0, 0, 5, 1000, 3;
1, 256, 0, 1, 1, 1, 5, 1000, 3;
1, 256, 0, 0, 0, 0, 5, 1000, 3;
1, 256, 0, 0, 0, 0, 5, 1000, 3;
1, 256, 0, 0, 0, 0, 4, 999, 2;
1, 256, 0, 0, 0, 0, 4, 999, 2;
1, 256, 0, 1, 1, 1, 5, 1000, 3;
1, 256, 0, 0, 0, 0, 5, 999, 2;
1, 256, 0, 0, 0, 0, 5, 999, 2;
1, 256, 0, 0, 0, 0, 4, 999, 2;
1, 256, 0, 0, 0, 0, 5, 1000, 3;
1, 256, 1, 1, 1, 1, 6, 1001, 4;
1, 256, 0, 1, 1, 1, 5, 1000, 3;
1, 256, 0, -1, -1, -1, 4, 999, 2;
1, 256, 0, 0, 0, 0, 5, 1000, 3;
1, 256, 0, -1, -1, -1, 3, 998, 1;
1, 256, 0, 0, 0, 0, 5, 1000, 3;
1, 256, 0, -1, -1, -1, 4, 999, 2;
1, 256, 0, 1, 1, 1, 5, 1000, 3;
1, 256, 0, -1, -1, -1, 4, 999, 2;
1, 256, 0, 0, 0, 0, 4, 999, 2;
1, 256, 0, 0, 0, 0, 4, 999, 2;
1, 256, 0, -1, -1, -1, 4, 999, 2;
1, 256, 0, 0, 0, 0, 4, 999, 2;
1, 256, 0, -1, -1, -1, 3, 998, 1;
1, 256, 0, 1, 1, 1, 5, 1000, 3;
1, 256, 0, 1, 1, 1, 5, 1000, 3;
1, 256, 0, 0, 0, 0, 4, 999, 2;
1, 256, 0, 0, 0, 0, 5, 1000, 3;
1, 256, 1, 1, 1, 1, 6, 1001, 4;
1, 256, 0, 0, 0, 0, 4, 999, 2;
1, 256, 1, 1, 1, 1, 6, 1001, 4;
1, 256, 0, 0, 0, 0, 4, 999, 2;
1, 256, 0, 0, 0, 0, 4, 999, 2;
1, 256, 0, -1, -1, -1, 4, 999, 2;
1, 256, 0, -1, -1, -1, 4, 999, 2;
1, 256, 0, 0, 0, 0, 4, 999, 2;
1, 256, 0, -1, -1, -1, 4, 999, 2;
1, 256, 0, -1, -1, -1, 4, 999, 2;
1, 256, 0, 0, 0, 0, 5, 1000, 3;
1, 256, 0, 0, 0, 0, 5, 1000, 3;
1, 256, 0, 1, 1, 1, 5, 1000, 3;
1, 256, 0, 0, 0, 0, 5, 1000, 3;
1, 256, 0, 1, 1, 1, 5, 1000, 3;
1, 256, 0, 1, 1, 1, 5, 1000, 3;
1, 256, 0, -1, -1, -1, 4, 999, 2;
1, 256, 0, 0, 0, 0, 4, 999, 2;
1, 256, 1, 1, 1, 1, 6, 1001, 4;
1, 256, 0, 0, 0, 0, 5, 1000, 3;
1, 256, 0, 0, 0, 0, 5, 1000, 3;
1, 256, 0, 0, 0, 0, 5, 1000, 3;
1, 256, 0, 0, 0, 0, 5, 1000, 3;
1, 256, 0, 0, 0, 0, 5, 1000, 3;
1, 256, 1, 1, 1, 1, 6, 1001, 4;
1, 256, 1, 1, 1, 1, 6, 1001, 4;
0, 256, 0, -1, -1, -1, 3, 998, 1;
1, 256, 0, 0, 0, 0, 5, 1000, 3;
1, 256, 0, 0, 0, 0, 5, 1000, 3;
1, 256, 0, 0, 0, 0, 4, 999, 2;
1, 256, 0, 0, 0, 0, 5, 1000, 3;
1, 256, 0, 0, 0, 0, 5, 1000, 3;
1, 256, 0, 0, 0, 0, 5, 1000, 3;
1, 256, 1, 1, 1, 1, 6, 1001, 4;
1, 256, 1, 1, 1, 1, 5, 1000, 3;
1, 256, 0, 1, 1, 1, 5, 1000, 3;
1, 256, 1, 1, 1, 1, 6, 1001, 4;
1, 256, 0, 0, 0, 0, 4, 999, 2;
1, 256, 0, 0, 0, 0, 4, 999, 2;
1, 256, 0, -1, -1, -1, 4, 999, 2;
1, 256, 0, 0, 0, 0, 4, 999, 2;
1, 256, 1, 1, 1, 1, 6, 1000, 3;
1, 256, 0, 0, 0, 0, 4, 999, 2;
1, 256, 0, 0, 0, 0, 5, 1000, 3;
1, 256, 0, 0, 0, 0, 5, 1000, 3;
1, 256, 0, -1, -1, -1, 4, 999, 2;
1, 256, 0, 0, 0, 0, 5, 1000, 3;
1, 256, 0, 0, 0, 0, 4, 999, 2;
1, 256, 0, 0, 0, 0, 4, 999, 2;
1, 256, 0, 0, 0, 0, 4, 999, 2;
1, 256, 1, 1, 1, 1, 6, 1001, 4;
1, 256, 0, 0, 0, 0, 5, 1000, 3;
1, 256, 0, -1, -1, -1, 3, 998, 1;
1, 256, 0, 1, 1, 1, 5, 1000, 3;
1, 256, 0, -1, -1, -1, 4, 999, 2;
1, 256, 0, 0, 0, 0, 5, 1000, 3;
1, 256, 0, 0, 0, 0, 5, 1000, 3;
1, 256, 0, 0, 0, 0, 4, 999, 2;
1, 256, 0, 0, 0, 0, 5, 1000, 3;
1, 256, 0, 0, 0, 0, 4, 999, 2;
1, 256, 0, 0, 0, 0, 4, 999, 2;
1, 256, 0, 0, 0, 0, 4, 999, 2;
1, 256, 0, 0, 0, 0, 5, 1000, 3;
1, 256, 1, 1, 1, 1, 5, 1000, 3;
1, 256, 0, 0, 0, 0, 4, 999, 2;
1, 256, 1, 1, 1, 1, 6, 1001, 4;
1, 256, 0, 0, 0, 0, 4, 999, 2;
1, 256, 0, -1, -1, -1, 3, 998, 1;
1, 256, 0, -1, -1, -1, 4, 999, 2;
1, 256, 0, 0, 0, 0, 4, 999, 2;
1, 256, 0, 0, 0, 0, 5, 999, 3;
1, 256, 1, 1, 1, 1, 6, 1001, 4;
1, 256, 1, 1, 1, 1, 6, 1001, 4;
1, 256, 0, -1, -1, -1, 4, 999, 2;
1, 256, 0, -1, -1, -1, 4, 999, 2;
1, 256, 1, 1, 1, 1, 6, 1000, 3;
1, 256, 0, -1, -1, -1, 4, 999, 2;
1, 256, 0, 0, 0, 0, 5, 999, 3;
1, 256, 0, -1, -1, -1, 4, 999, 2;
1, 256, 0, 0, 0, 0, 5, 1000, 3;
1, 256, 0, 0, 0, 0, 5, 1000, 3;
1, 256, 0, 0, 0, 0, 4, 999, 2;
1, 256, 0, 0, 0, 0, 4, 999, 2;
1, 256, 0, -1, -1, -1, 4, 999, 2;
1, 256, 0, 0, 0, 0, 5, 1000, 3;
1, 256, 0, 0, 0, 0, 5, 1000, 3;
1, 256, 1, 1, 1, 1, 6, 1001, 4;
1, 256, 0, 1, 1, 1, 5, 1000, 3;
1, 256, 0, 0, 0, 0, 5, 1000, 3;
1, 256, 1, 1, 1, 1, 6, 1001, 4;
1, 256, 0, 0, 0, 0, 5, 1000, 3;
1, 256, 0, 0, 0, 0, 5, 1000, 3;
1, 256, 0, -1, -1, -1, 4, 999, 2;
1, 256, 0, 0, 0, 0, 4, 999, 2;
1, 256, 0, -1, -1, -1, 4, 999, 2;
1, 256, 0, 0, 0, 0, 5, 999, 2;
1, 256, 0, 0, 0, 0, 4, 999, 2;
1, 256, 0, -1, -1, -1, 4, 998, 2;
1, 256, 1, 1, 1, 1, 6, 1001, 4;
1, 256, 1, 1, 1, 1, 6, 1000, 4;
1, 256, 0, 0, 0, 0, 4, 999, 2;
1, 256, 0, 0, 0, 0, 4, 999, 2;
1, 256, 0, -1, -1, -1, 4, 999, 2;
1, 256, 0, 0, 0, 0, 5, 1000, 3;
1, 256, 0, 0, 0, 0, 5, 1000, 3;
1, 256, 0, 0, 0, 0, 5, 1000, 3;
1, 256, 0, 0, 0, 0, 5, 1000, 3;
1, 256, 0, 0, 0, 0, 4, 999, 2;
1, 256, 1, 1, 1, 1, 6, 1001, 4;
1, 256, 0, 0, 0, 0, 4, 999, 2;
1, 256, 0, 0, 0, 0, 5, 1000, 3;
1, 256, 0, 0, 0, 0, 4, 999, 2;
1, 256, 0, 0, 0, 0, 5, 1000, 3;
1, 256, 0, 0, 0, 0, 5, 1000, 3;
1, 256, 0, 0, 0, 0, 4, 999, 2;
1, 256, 0, 0, 0, 0, 5, 1000, 3;
1, 256, 0, 0, 0, 0, 5, 1000, 3;
1, 256, 0, 0, 0, 0, 5, 1000, 3;
1, 256, 1, 1, 1, 1, 6, 1000, 3;
1, 256, 0, 0, 0, 0, 5, 1000, 3;
1, 256, 0, 0, 0, 0, 4, 999, 2;
1, 256, 1, 1, 1, 1, 6, 1000, 4;
1, 256, 0, 0, 0, 0, 4, 999, 2;
1, 256, 0, 0, 0, 0, 5, 999, 3;
1, 256, 1, 1, 1, 1, 6, 1000, 4;
1, 256, 1, 1, 1, 1, 5, 1000, 3;
1, 256, 1, 1, 1, 1, 6, 1001, 4;
1, 256, 0, 0, 0, 0, 4, 999, 2;
1, 256, 0, -1, -1, -1, 4, 998, 2;
1, 256, 0, -1, -1, -1, 4, 999, 2;
1, 256, 0, 0, 0, 0, 5, 1000, 3;
1, 256, 0, 1, 1, 1, 5, 1000, 3;
1, 256, 0, 0, 0, 0, 4, 999, 2;
1, 256, 0, -1, -1, -1, 4, 999, 2;
1, 256, 1, 1, 1, 1, 5, 1000, 3;
1, 256, 0, -1, -1, -1, 4, 998, 1;
1, 256, 0, 0, 0, 0, 4, 999, 2;
1, 256, 0, 0, 0, 0, 4, 999, 2;
1, 256, 0, 0, 0, 0, 5, 1000, 3;
1, 256, 0, 0, 0, 0, 4, 999, 2;
1, 256, 0, 0, 0, 0, 4, 999, 2;
1, 256, 1, 1, 1, 1, 6, 1000, 4;
1, 256, 0, -1, -1, -1, 3, 998, 1;
1, 256, 0, 0, 0, 0, 4, 999, 2;
1, 256, 0, 0, 0, 0, 5, 999, 2;
1, 256, 1, 1, 1, 1, 6, 1000, 4;
1, 256, 0, 0, 0, 0, 5, 1000, 3;
1, 256, 0, 0, 0, 0, 4, 999, 2;
1, 256, 0, 0, 0, 0, 5, 1000, 3;
1, 256, 0, 0, 0, 0, 4, 999, 2;
1, 256, 0, 0, 0, 0, 5, 1000, 3;
1, 256, 0, -1, -1, -1, 3, 998, 1;
1, 256, 0, 0, 0, 0, 5, 1000, 3;
1, 256, 0, 0, 0, 0, 4, 999, 2;
1, 256, 0, 0, 0, 0, 4, 999, 2;
1, 256, 0, 0, 0, 0, 5, 1000, 3;
1, 256, 0, 0, 0, 0, 5, 1000, 3;
1, 256, 1, 1, 1, 1, 6, 1000, 4;
1, 256, 0, -1, -1, -1, 4, 999, 2;
1, 256, 0, 0, 0, 0, 5, 1000, 3;
1, 256, 0, -1, -1, -1, 4, 999, 2;
1, 256, 0, 1, 1, 1, 5, 1000, 3;
1, 256, 1, 1, 1, 1, 6, 1001, 4;
1, 256, 0, 0, 0, 0, 5, 999, 3;
1, 256, 0, 0, 0, 0, 4, 999, 2;
1, 256, 0, 0, 0, 0, 5, 1000, 3;
1, 256, 0, -1, -1, -1, 4, 999, 2;
1, 256, 0, 0, 0, 0, 5, 1000, 3;
1, 256, 0, 0, 0, 0, 4, 999, 2;
1, 256, 0, 0, 0, 0, 4, 999, 2;
1, 256, 0, 0, 0, 0, 5, 1000, 3;
1, 256, 0, 0, 0, 0, 5, 999, 3;
1, 256, 0, 1, 1, 1, 5, 1000, 3;
1, 256, 0, 1, 1, 1, 5, 1000, 3;
1, 256, 0, 0, 0, 0, 4, 999, 2;
1, 256, 0, -1, -1, -1, 4, 999, 2;
1, 256, 0, 0, 0, 0, 5, 1000, 3;
1, 256, 0, 0, 0, 0, 5, 1000, 3;
1, 256, 0, -1, -1, -1, 4, 999, 2;
1, 256, 0, 0, 0, 0, 5, 999, 3;
1, 256, 0, -1, -1, -1, 4, 998, 2;
1, 256, 0, 0, 0, 0, 5, 1000, 3;
1, 256, 0, 0, 0, 0, 5, 1000, 3;
1, 256, 1, 1, 1, 1, 6, 1001, 4;
1, 256, 0, -1, -1, -1, 4, 998, 2;
1, 256, 0, 0, 0, 0, 5, 999, 2;
1, 256, 0, -1, -1, -1, 4, 999, 2;
1, 256, 1, 1, 1, 1, 6, 1001, 4;
1, 256, 1, 1, 1, 1, 6, 1000, 3;
1, 256, 0, 0, 0, 0, 4, 999, 2;
0, 256, 0, -1, -1, -1, 3, 998, 1;
1, 256, 0, 0, 0, 0, 4, 999, 2;
1, 256, 0, -1, -1, -1, 4, 999, 2;
1, 256, 0, -1, -1, -1, 4, 999, 2;
1, 256, 0, 0, 0, 0, 4, 999, 2;
1, 256, 0, 0, 0, 0, 5, 1000, 3;
1, 256, 0, 0, 0, 0, 4, 999, 2;
1, 256, 0, 0, 0, 0, 4, 999, 2;
1, 256, 0, 0, 0, 0, 4, 999, 2;
1, 256, 0, 0, 0, 0, 5, 999, 2;
1, 256, 1, 1, 1, 1, 6, 1001, 4;
1, 256, 0, 0, 0, 0, 5, 1000, 3;
1, 256, 0, 0, 0, 0, 5, 1000, 3;
1, 256, 0, -1, -1, -1, 4, 999, 2;
1, 256, 0, 0, 0, 0, 5, 1000, 3;
1, 256, 0, 0, 0, 0, 4, 999, 2;
1, 256, 0, 1, 1, 1, 5, 1000, 3;
1, 256, 0, 0, 0, 0, 4, 999, 2;
1, 256, 1, 1, 1, 1, 6, 1001, 4;
1, 256, 0, 0, 0, 0, 5, 999, 3;
1, 256, 0, 1, 1, 1, 5, 1000, 3;
1, 256, 0, 0, 0, 0, 4, 999, 2;
1, 256, 0, 0, 0, 0, 5, 1000, 3;
1, 256, 0, 0, 0, 0, 4, 999, 2;
1, 256, 0, 0, 0, 0, 4, 999, 2;
1, 256, 0, -1, -1, -1, 4, 999, 2;
1, 256, 0, 0, 0, 0, 4, 999, 2;
1, 256, 0, 0, 0, 0, 4, 999, 2;
1, 256, 0, 0, 0, 0, 4, 999, 2;
1, 256, 0, 1, 1, 1, 5, 1000, 3;
1, 256, 0, -1, -1, -1, 4, 999, 2;
1, 256, 0, -1, -1, -1, 4, 999, 2;
1, 256, 1, 1, 1, 1, 6, 1001, 4;
1, 256, 0, 0, 0, 0, 5, 1000, 3;
1, 256, 0, 1, 1, 1, 5, 1000, 3;
1, 256, 0, 0, 0, 0, 5, 1000, 3;
1, 256, 0, 0, 0, 0, 5, 1000, 3;
1, 256, 1, 1, 1, 1, 6, 1001, 4;
1, 256, 0, -1, -1, -1, 4, 999, 2;
1, 256, 0, 0, 0, 0, 4, 999, 2;
1, 256, 0, 0, 0, 0, 4, 999, 2;
1, 256, 1, 1, 1, 1, 6, 1000, 4;
1, 256, 0, 0, 0, 0, 5, 1000, 3;
1, 256, 1, 1, 1, 1, 6, 1001, 4;
1, 256, 1, 1, 1, 1, 6, 1001, 4;
1, 256, 1, 1, 1, 1, 6, 1001, 4;
1, 256, 0, 1, 1, 1, 5, 1000, 3;
1, 256, 0, -1, -1, -1, 4, 999, 2;
1, 256, 0, 0, 0, 0, 4, 999, 2;
1, 256, 0, 0, 0, 0, 5, 1000, 3;
1, 256, 1, 1, 1, 1, 6, 1001, 4;
1, 256, 0, 0, 0, 0, 4, 999, 2;
1, 256, 0, 0, 0, 0, 5, 1000, 3;
1, 256, 1, 1, 1, 1, 6, 1001, 4;
1, 256, 0, 0, 0, 0, 5, 1000, 3;
1, 256, 0, 0, 0, 0, 5, 1000, 3;
1, 256, 1, 1, 1, 1, 6, 1000, 3;
1, 256, 0, 0, 0, 0, 4, 999, 2;
1, 256, 0, 0, 0, 0, 5, 1000, 3;
1, 256, 0, 0, 0, 0, 5, 1000, 3;
1, 256, 0, 0, 0, 0, 5, 1000, 3;
1, 256, 0, 0, 0, 0, 5, 999, 3;
1, 256, 0, -1, -1, -1, 3, 998, 1;
1, 256, 1, 1, 1, 1, 5, 1000, 3;
1, 256, 0, 0, 0, 0, 5, 1000, 3;
1, 256, 1, 1, 1, 1, 5, 1000, 3;
1, 256, 0, -1, -1, -1, 4, 999, 2;
0, 256, 0, -1, -1, -1, 3, 998, 1;
1, 256, 0, 0, 0, 0, 5, 1000, 3;
1, 256, 1, 1, 1, 1, 6, 1001, 4;
1, 256, 0, -1, -1, -1, 4, 999, 2;
1, 256, 0, 0, 0, 0, 5, 1000, 3;
1, 256, 0, 1, 1, 1, 5, 1000, 3;
1, 256, 1, 1, 1, 1, 6, 1001, 4;
1, 256, 0, 0, 0, 0, 5, 1000, 3;
1, 256, 0, 0, 0, 0, 5, 1000, 3;
1, 256, 0, 0, 0, 0, 5, 1000, 3;
1, 256, 0, 0, 0, 0, 5, 1000, 3;
1, 256, 0, -1, -1, -1, 3, 998, 1;
1, 256, 0, 0, 0, 0, 4, 999, 2;
1, 256, 0, 0, 0, 0, 4, 999, 2;
1, 256, 0, -1, -1, -1, 4, 999, 2;
1, 256, 0, 0, 0, 0, 4, 999, 2;
1, 256, 0, -1, -1, -1, 4, 998, 1;
1, 256, 0, 0, 0, 0, 4, 999, 2;
1, 256, 0, 0, 0, 0, 5, 1000, 3;
1, 256, 0, 0, 0, 0, 4, 999, 2;
1, 256, 0, 0, 0, 0, 5, 1000, 3;
1, 256, 0, 0, 0, 0, 4, 999, 2;
1, 256, 0, -1, -1, -1, 4, 999, 2;
1, 256, 0, -1, -1, -1, 4, 999, 2;
1, 256, 1, 1, 1, 1, 6, 1000, 4;
1, 256, 0, 0, 0, 0, 5, 1000, 3;
1, 256, 0, -1, -1, -1, 4, 999, 2;
1, 256, 0, 0, 0, 0, 5, 1000, 3;
1, 256, 0, 0, 0, 0, 5, 999, 2;
1, 256, 0, 0, 0, 0, 5, 1000, 3;
1, 256, 0, 0, 0, 0, 5, 1000, 3;
1, 256, 1, 1, 1, 1, 6, 1000, 4;
1, 256, 0, 0, 0, 0, 5, 1000, 3;
1, 256, 0, 0, 0, 0, 4, 999, 2;
1, 256, 1, 1, 1, 1, 6, 1000, 4;
1, 256, 0, 0, 0, 0, 4, 999, 2;
1, 256, 0, -1, -1, -1, 3, 998, 1;
1, 256, 0, 0, 0, 0, 5, 999, 3;
1, 256, 0, 0, 0, 0, 4, 999, 2;
1, 256, 0, 0, 0, 0, 4, 999, 2;
1, 256, 1, 1, 1, 1, 6, 1001, 4;
1, 256, 0, 0, 0, 0, 4, 999, 2;
1, 256, 1, 1, 1, 1, 6, 1001, 4;
1, 256, 0, -1, -1, -1, 4, 999, 2;
1, 256, 0, 0, 0, 0, 4, 999, 2;
1, 256, 0, -1, -1, -1, 4, 999, 2;
1, 256, 0, 0, 0, 0, 4, 999, 2;
1, 256, 0, 0, 0, 0, 4, 999, 2;
1, 256, 0, 0, 0, 0, 5, 1000, 3;
1, 256, 0, -1, -1, -1, 4, 999, 2;
1, 256, 0, 0, 0, 0, 5, 1000, 3;
1, 256, 0, -1, -1, -1, 3, 998, 1;
1, 256, 1, 1, 1, 1, 6, 1001, 4;
1, 256, 0, -1, -1, -1, 3, 998, 1;
1, 256, 1, 1, 1, 1, 6, 1000, 3;
1, 256, 0, 0, 0, 0, 5, 999, 2;
1, 256, 0, 0, 0, 0, 4, 999, 2;
1, 256, 0, -1, -1, -1, 4, 999, 2;
1, 256, 1, 1, 1, 1, 5, 1000, 3;
1, 256, 1, 1, 1, 1, 6, 1001, 4;
1, 256, 1, 1, 1, 1, 6, 1001, 4;
1, 256, 0, 0, 0, 0, 5, 1000, 3;
1, 256, 0, 1, 1, 1, 5, 1000, 3;
1, 256, 0, -1, -1, -1, 4, 999, 2;
1, 256, 0, -1, -1, -1, 3, 998, 1;
1, 256, 1, 1, 1, 1, 6, 1000, 4;
1, 256, 0, 1, 1, 1, 5, 1000, 3;
1, 256, 1, 1, 1, 1, 6, 1000, 4;
1, 256, 0, 0, 0, 0, 5, 1000, 3;
1, 256, 0, 0, 0, 0, 4, 999, 2;
1, 256, 0, -1, -1, -1, 4, 999, 2;
1, 256, 0, -1, -1, -1, 4, 999, 2;
1, 256, 0, 1, 1, 1, 5, 1000, 3;
1, 256, 0, -1, -1, -1, 4, 999, 2;
1, 256, 0, 0, 0, 0, 4, 999, 2;
1, 256, 0, 0, 0, 0, 5, 1000, 3;
1, 256, 1, 1, 1, 1, 6, 1000, 4;
1, 256, 1, 1, 1, 1, 6, 1001, 4;
1, 256, 0, 0, 0, 0, 4, 999, 2;
1, 256, 0, 0, 0, 0, 5, 1000, 3;
1, 256, 1, 1, 1, 1, 5, 1000, 3;
1, 256, 0, -1, -1, -1, 4, 999, 2;
1, 256, 1, 1, 1, 1, 6, 1001, 4;
1, 256, 0, 0, 0, 0, 5, 1000, 3;
1, 256, 0, 0, 0, 0, 5, 1000, 3;
1, 256, 0, 0, 0, 0, 4, 999, 2;
1, 256, 0, -1, -1, -1, 4, 999, 2;
1, 256, 0, 0, 0, 0, 5, 1000, 3;
1, 256, 0, -1, -1, -1, 4, 998, 1;
1, 256, 0, 0, 0, 0, 5, 1000, 3;
1, 256, 0, -1, -1, -1, 4, 999, 2;
1, 256, 1, 1, 1, 1, 6, 1000, 3;
1, 256, 0, 0, 0, 0, 5, 1000, 3;
0, 256, 0, -1, -1, -1, 3, 998, 1;
1, 256, 0, 0, 0, 0, 5, 1000, 3;
1, 256, 0, 0, 0, 0, 5, 1000, 3;
1, 256, 0, -1, -1, -1, 3, 998, 1;
1, 256, 1, 1, 1, 1, 6, 1001, 4;
1, 256, 1, 1, 1, 1, 6, 1001, 4;
1, 256, 0, 0, 0, 0, 4, 999, 2;
1, 256, 0, 0, 0, 0, 5, 999, 3;
1, 256, 0, 0, 0, 0, 5, 1000, 3;
1, 256, 1, 1, 1, 1, 6, 1001, 4;
1, 256, 0, 0, 0, 0, 5, 1000, 3;
1, 256, 0, 0, 0, 0, 4, 999, 2;
1, 256, 0, -1, -1, -1, 4, 999, 2;
1, 256, 1, 1, 1, 1, 6, 1000, 4;
1, 256, 0, -1, -1, -1, 4, 999, 2;
1, 256, 1, 1, 1, 1, 5, 1000, 3;
1, 256, 0, 0, 0, 0, 5, 1000, 3;
1, 256, 1, 1, 1, 1, 6, 1001, 4;
1, 256, 0, -1, -1, -1, 4, 999, 2;
1, 256, 0, 0, 0, 0, 5, 1000, 3;
1, 256, 0, -1, -1, -1, 4, 998, 2;
1, 256, 0, -1, -1, -1, 4, 998, 2;
1, 256, 0, 0, 0, 0, 4, 999, 2;
1, 256, 0, 0, 0, 0, 4, 999, 2;
1, 256, 0, 0, 0, 0, 4, 999, 2;
1, 256, 0, -1, -1, -1, 3, 998, 1;
1, 256, 0, -1, -1, -1, 4, 999, 2;
1, 256, 1, 1, 1, 1, 6, 1001, 4;
1, 256, 0, 0, 0, 0, 4, 999, 2;
1, 256, 0, 0, 0, 0, 5, 1000, 3;
1, 256, 0, 0, 0, 0, 5, 1000, 3;
1, 256, 0, -1, -1, -1, 4, 999, 2;
1, 256, 0, -1, -1, -1, 4, 999, 2;
1, 256, 0, 0, 0, 0, 4, 999, 2;
1, 256, 1, 1, 1, 1, 6, 1000, 4;
1, 256, 1, 1, 1, 1, 6, 1001, 4;
1, 256, 0, 1, 1, 1, 5, 1000, 3;
1, 256, 1, 1, 1, 1, 5, 1000, 3;
1, 256, 0, 0, 0, 0, 4, 999, 2;
1, 256, 1, 1, 1, 1, 5, 1000, 3;
1, 256, 0, 0, 0, 0, 5, 1000, 3;
1, 256, 0, 0, 0, 0, 5, 1000, 3;
1, 256, 0, -1, -1, -1, 4, 999, 2;
1, 256, 0, 0, 0, 0, 5, 1000, 3;
1, 256, 0, 0, 0, 0, 5, 1000, 3;
1, 256, 0, -1, -1, -1, 4, 998, 2;
1, 256, 0, 1, 1, 1, 5, 1000, 3;
1, 256, 1, 1, 1, 1, 6, 1001, 4;
1, 256, 0, -1, -1, -1, 4, 999, 2;
1, 256, 0, -1, -1, -1, 4, 999, 2;
1, 256, 1, 1, 1, 1, 6, 1001, 4;
1, 256, 0, 0, 0, 0, 4, 999, 2;
1, 256, 0, 0, 0, 0, 5, 1000, 3;
1, 256, 1, 1, 1, 1, 6, 1001, 4;
1, 256, 0, 0, 0, 0, 4, 999, 2;
1, 256, 0, 0, 0, 0, 5, 1000, 3;
1, 256, 1, 1, 1, 1, 6, 1000, 3;
1, 256, 0, 0, 0, 0, 4, 999, 2;
1, 256, 1, 1, 1, 1, 6, 1001, 4;
1, 256, 1, 1, 1, 1, 5, 1000, 3;
1, 256, 0, 0, 0, 0, 5, 1000, 3;
1, 256, 0, -1, -1, -1, 3, 998, 1;
1, 256, 0, -1, -1, -1, 4, 998, 2;
1, 256, 0, 0, 0, 0, 4, 999, 2;
1, 256, 0, 0, 0, 0, 5, 1000, 3;
1, 256, 0, 0, 0, 0, 4, 999, 2;
1, 256, 1, 1, 1, 1, 6, 1001, 4;
1, 256, 1, 1, 1, 1, 5, 1000, 3;
1, 256, 0, 1, 1, 1, 5, 1000, 3;
1, 256, 0, -1, -1, -1, 4, 999, 2;
1, 256, 0, 0, 0, 0, 5, 999, 2;
1, 256, 0, 0, 0, 0, 4, 999, 2;
1, 256, 1, 1, 1, 1, 6, 1000, 4;
1, 256, 0, 0, 0, 0, 5, 1000, 3;
1, 256, 0, 0, 0, 0, 4, 999, 2;
1, 256, 0, 0, 0, 0, 4, 999, 2;
1, 256, 1, 1, 1, 1, 6, 1001, 4;
1, 256, 0, 0, 0, 0, 5, 1000, 3;
1, 256, 0, 1, 1, 1, 5, 1000, 3;
1, 256, 0, 0, 0, 0, 4, 999, 2;
1, 256, 0, 0, 0, 0, 5, 999, 2;
1, 256, 0, 0, 0, 0, 5, 1000, 3;
1, 256, 0, 0, 0, 0, 5, 1000, 3;
1, 256, 0, -1, -1, -1, 4, 999, 2;
1, 256, 0, -1, -1, -1, 3, 998, 1;
0, 256, 0, -1, -1, -1, 3, 998, 1;
1, 256, 0, 0, 0, 0, 5, 1000, 3;
1, 256, 0, 0, 0, 0, 5, 1000, 3;
1, 256, 0, 0, 0, 0, 5, 1000, 3;
1, 256, 1, 1, 1, 1, 6, 1001, 4;
1, 256, 0, -1, -1, -1, 4, 999, 2;
1, 256, 0, 0, 0, 0, 5, 1000, 3;
1, 256, 0, 1, 1, 1, 5, 1000, 3;
1, 256, 0, -1, -1, -1, 4, 999, 2;
1, 256, 0, -1, -1, -1, 4, 999, 2;
1, 256, 0, 0, 0, 0, 4, 999, 2;
1, 256, 0, -1, -1, -1, 4, 999, 2;
1, 256, 0, 0, 0, 0, 5, 1000, 3;
1, 256, 1, 1, 1, 1, 6, 1000, 4;
1, 256, 0, 0, 0, 0, 4, 999, 2;
1, 256, 0, 0, 0, 0, 5, 1000, 3;
1, 256, 0, -1, -1, -1, 4, 999, 2;
1, 256, 0, 1, 1, 1, 5, 1000, 3;
1, 256, 0, 0, 0, 0, 5, 1000, 3;
1, 256, 0, 1, 1, 1, 5, 1000, 3;
1, 256, 0, 0, 0, 0, 5, 999, 2;
1, 256, 0, 0, 0, 0, 4, 999, 2;
1, 256, 0, 0, 0, 0, 5, 1000, 3;
1, 256, 0, 1, 1, 1, 5, 1000, 3;
1, 256, 0, -1, -1, -1, 4, 998, 2;
1, 256, 1, 1, 1, 1, 6, 1000, 4;
1, 256, 0, -1, -1, -1, 4, 998, 1;
1, 256, 0, 0, 0, 0, 4, 999, 2;
1, 256, 0, -1, -1, -1, 4, 999, 2;
1, 256, 1, 1, 1, 1, 6, 1001, 4;
1, 256, 0, -1, -1, -1, 4, 999, 2;
1, 256, 0, 1, 1, 1, 5, 1000, 3;
1, 256, 0, 0, 0, 0, 5, 1000, 3;
1, 256, 0, 0, 0, 0, 4, 999, 2;
1, 256, 0, -1, -1, -1, 3, 998, 1;
1, 256, 0, 0, 0, 0, 4, 999, 2;
1, 256, 1, 1, 1, 1, 6, 1001, 4;
1, 256, 0, 0, 0, 0, 4, 999, 2;
1, 256, 0, 0, 0, 0, 4, 999, 2;
1, 256, 1, 1, 1, 1, 6, 1001, 4;
1, 256, 0, 1, 1, 1, 5, 1000, 3;
1, 256, 0, 0, 0, 0, 4, 999, 2;
1, 256, 0, 0, 0, 0, 5, 1000, 3;
1, 256, 1, 1, 1, 1, 6, 1001, 4;
1, 256, 0, -1, -1, -1, 4, 999, 2;
1, 256, 0, 0, 0, 0, 5, 1000, 3;
1, 256, 1, 1, 1, 1, 6, 1001, 4;
1, 256, 1, 1, 1, 1, 6, 1001, 4;
1, 256, 0, 0, 0, 0, 5, 999, 3;
1, 256, 0, 0, 0, 0, 5, 1000, 3;
1, 256, 0, 0, 0, 0, 5, 1000, 3;
1, 256, 0, -1, -1, -1, 4, 999, 2;
1, 256, 0, 0, 0, 0, 4, 999, 2;
1, 256, 1, 1, 1, 1, 6, 1001, 4;
1, 256, 0, -1, -1, -1, 4, 999, 2;
1, 256, 0, -1, -1, -1, 3, 998, 1;
1, 256, 0, 0, 0, 0, 4, 999, 2;
1, 256, 0, -1, -1, -1, 4, 999, 2;
1, 256, 0, 0, 0, 0, 4, 999, 2;
1, 256, 0, 0, 0, 0, 5, 1000, 3;
1, 256, 0, 0, 0, 0, 5, 1000, 3;
1, 256, 0, 0, 0, 0, 4, 999, 2;
1, 256, 0, -1, -1, -1, 4, 999, 2;
1, 256, 1, 1, 1, 1, 6, 1001, 4;
1, 256, 0, -1, -1, -1, 4, 999, 2;
1, 256, 0, -1, -1, -1, 3, 998, 1;
1, 256, 0, 0, 0, 0, 5, 1000, 3;
1, 256, 1, 1, 1, 1, 6, 1001, 4;
1, 256, 0, 0, 0, 0, 5, 999, 2;
1, 256, 0, 0, 0, 0, 5, 1000, 3;
0, 256, 0, -1, -1, -1, 3, 998, 1;
1, 256, 0, 1, 1, 1, 5, 1000, 3;
1, 256, 0, -1, -1, -1, 3, 998, 1;
1, 256, 0, 0, 0, 0, 4, 999, 2;
1, 256, 1, 1, 1, 1, 6, 1001, 4;
1, 256, 0, 0, 0, 0, 4, 999, 2;
1, 256, 0, 0, 0, 0, 5, 1000, 3;
1, 256, 1, 1, 1, 1, 6, 1000, 3;
1, 256, 0, 1, 1, 1, 5, 1000, 3;
1, 256, 0, 0, 0, 0, 5, 1000, 3;
1, 256, 0, -1, -1, -1, 4, 999, 2;
1, 256, 0, 0, 0, 0, 5, 999, 2;
1, 256, 0, 0, 0, 0, 4, 999, 2;
1, 256, 0, 0, 0, 0, 4, 999, 2;
1, 256, 0, 1, 1, 1, 5, 1000, 3;
1, 256, 0, 0, 0, 0, 4, 999, 2;
1, 256, 1, 1, 1, 1, 6, 1001, 4;
1, 256, 0, -1, -1, -1, 4, 998, 1;
1, 256, 1, 1, 1, 1, 6, 1001, 4;
1, 256, 0, 1, 1, 1, 5, 1000, 3;
1, 256, 1, 1, 1, 1, 6, 1000, 3;
1, 256, 0, -1, -1, -1, 4, 999, 2;
1, 256, 0, 0, 0, 0, 4, 999, 2;
1, 256, 0, -1, -1, -1, 4, 999, 2;
1, 256, 0, 0, 0, 0, 4, 999, 2;
1, 256, 0, -1, -1, -1, 4, 999, 2;
1, 256, 1, 1, 1, 1, 6, 1001, 4;
1, 256, 0, -1, -1, -1, 4, 999, 2;
1, 256, 0, -1, -1, -1, 4, 999, 2;
1, 256, 0, 0, 0, 0, 4, 999, 2;
1, 256, 0, 0, 0, 0, 5, 1000, 3;
1, 256, 0, 1, 1, 1, 5, 1000, 3;
1, 256, 0, 0, 0, 0, 4, 999, 2;
1, 256, 0, 0, 0, 0, 5, 1000, 3;
1, 256, 0, 0, 0, 0, 4, 999, 2;
1, 256, 1, 1, 1, 1, 6, 1000, 3;
1, 256, 0, 1, 1, 1, 5, 1000, 3;
1, 256, 1, 1, 1, 1, 6, 1000, 4;
1, 256, 1, 1, 1, 1, 6, 1001, 4;
1, 256, 0, 0, 0, 0, 5, 999, 3;
1, 256, 0, 0, 0, 0, 5, 1000, 3;
1, 256, 0, -1, -1, -1, 4, 999, 2;
1, 256, 0, 0, 0, 0, 5, 1000, 3;
1, 256, 0, 0, 0, 0, 5, 1000, 3;
1, 256, 0, 0, 0, 0, 4, 999, 2;
1, 256, 0, 0, 0, 0, 5, 1000, 3;
1, 256, 0, 0, 0, 0, 5, 1000, 3;
1, 256, 0, -1, -1, -1, 4, 999, 2;
1, 256, 0, -1, -1, -1, 4, 999, 2;
1, 256, 0, 1, 1, 1, 5, 1000, 3;
1, 256, 0, 0, 0, 0, 5, 1000, 3;
1, 256, 0, 0, 0, 0, 5, 1000, 3;
1, 256, 0, 0, 0, 0, 4, 999, 2;
1, 256, 0, 0, 0, 0, 5, 999, 3;
1, 256, 0, 0, 0, 0, 4, 999, 2;
1, 256, 0, -1, -1, -1, 4, 998, 2;
1, 256, 0, 0, 0, 0, 5, 1000, 3;
1, 256, 0, 0, 0, 0, 5, 1000, 3;
1, 256, 0, 0, 0, 0, 5, 1000, 3;
1, 256, 0, -1, -1, -1, 4, 999, 2;
1, 256, 0, 0, 0, 0, 5, 1000, 3;
1, 256, 0, 0, 0, 0, 4, 999, 2;
1, 256, 0, -1, -1, -1, 4, 999, 2;
1, 256, 1, 1, 1, 1, 6, 1000, 3;
1, 256, 0, 1, 1, 1, 5, 1000, 3;
1, 256, 0, 0, 0, 0, 5, 1000, 3;
1, 256, 0, -1, -1, -1, 4, 998, 2;
1, 256, 0, 0, 0, 0, 5, 1000, 3;
1, 256, 0, 0, 0, 0, 5, 1000, 3;
1, 256, 1, 1, 1, 1, 6, 1001, 4;
1, 256, 0, -1, -1, -1, 4, 999, 2;
1, 256, 0, -1, -1, -1, 4, 999, 2;
1, 256, 1, 1, 1, 1, 6, 1001, 4;
1, 256, 1, 1, 1, 1, 6, 1001, 4;
1, 256, 0, 0, 0, 0, 5, 1000, 3;
1, 256, 0, -1, -1, -1, 4, 999, 2;
1, 256, 0, 0, 0, 0, 4, 999, 2;
1, 256, 0, 0, 0, 0, 5, 1000, 3;
1, 256, 0, 0, 0, 0, 5, 999, 3;
1, 256, 0, -1, -1, -1, 4, 999, 2;
1, 256, 0, 0, 0, 0, 4, 999, 2;