0, 295, 12, 0, 408, 0, -1, 1151, 49;
3, 297, 14, 32, 414, 5, 13, 1159, 57;
4, 296, 14, 58, 412, 4, 18, 1157, 56;
5, 295, 13, 81, 405, 0, 20, 1151, 51;
3, 291, 9, 96, 391, -10, 13, 1136, 37;
9, 295, 14, 137, 402, 4, 38, 1153, 55;
9, 292, 11, 156, 389, -3, 35, 1142, 46;
10, 291, 11, 180, 382, -5, 39, 1138, 44;
14, 294, 14, 215, 385, 4, 57, 1147, 55;
18, 295, 16, 245, 383, 9, 71, 1151, 63;
16, 291, 13, 260, 365, 0, 65, 1136, 51;
16, 288, 11, 279, 350, -5, 64, 1126, 44;
16, 286, 10, 299, 337, -8, 66, 1118, 40;
24, 292, 16, 342, 347, 12, 97, 1140, 66;
24, 289, 15, 359, 331, 7, 97, 1130, 60;
27, 289, 16, 383, 322, 10, 106, 1129, 64;
21, 281, 9, 381, 287, -10, 84, 1097, 37;
23, 281, 10, 403, 277, -8, 92, 1096, 40;
27, 282, 13, 430, 271, 0, 107, 1101, 51;
29, 281, 13, 450, 258, 2, 114, 1098, 54;
30, 280, 14, 467, 243, 2, 119, 1093, 54;
27, 275, 10, 470, 216, -8, 108, 1072, 39;
34, 279, 16, 504, 219, 10, 136, 1091, 64;
35, 278, 16, 517, 202, 10, 139, 1084, 64;
35, 275, 15, 526, 181, 7, 138, 1074, 59;
36, 274, 16, 539, 166, 9, 143, 1070, 63;
36, 271, 15, 546, 145, 6, 142, 1060, 59;
34, 267, 12, 546, 118, -1, 134, 1042, 48;
38, 269, 16, 565, 111, 9, 150, 1050, 63;
32, 261, 10, 552, 73, -9, 128, 1019, 39;
34, 260, 11, 561, 58, -5, 134, 1017, 44;
32, 257, 9, 559, 34, -10, 128, 1003, 37;
38, 261, 15, 579, 32, 6, 150, 1018, 59;
33, 254, 10, 565, -2, -8, 131, 991, 40;
33, 252, 10, 563, -22, -9, 130, 983, 39;
37, 254, 14, 576, -27, 4, 147, 993, 56;
39, 254, 16, 579, -41, 10, 154, 993, 63;
32, 246, 9, 554, -81, -10, 127, 960, 37;
38, 250, 15, 568, -81, 8, 149, 976, 61;
35, 245, 12, 553, -108, 0, 137, 959, 50;
37, 246, 15, 553, -118, 8, 145, 962, 61;
35, 243, 14, 540, -141, 3, 137, 950, 55;
32, 239, 11, 523, -166, -3, 126, 934, 46;
29, 235, 9, 503, -192, -11, 113, 918, 36;
32, 237, 13, 502, -197, 0, 124, 926, 50;
32, 237, 14, 493, -210, 4, 126, 925, 56;
33, 237, 16, 484, -220, 9, 129, 925, 62;
25, 229, 9, 447, -257, -11, 100, 894, 36;
25, 229, 10, 435, -268, -6, 101, 893, 42;
27, 230, 13, 426, -274, 1, 107, 899, 53;
25, 228, 12, 404, -290, 0, 99, 890, 49;
28, 231, 16, 397, -291, 11, 110, 900, 64;
21, 224, 11, 361, -319, -4, 85, 877, 45;
23, 226, 14, 348, -324, 3, 90, 882, 55;
17, 220, 9, 311, -349, -10, 66, 860, 37;
21, 225, 15, 308, -340, 8, 85, 880, 62;
14, 218, 9, 266, -369, -10, 55, 853, 38;
14, 219, 11, 247, -372, -4, 56, 856, 44;
11, 216, 9, 216, -387, -10, 43, 846, 37;
10, 217, 10, 195, -390, -6, 41, 848, 42;
12, 220, 14, 182, -384, 4, 50, 860, 57;
11, 220, 14, 156, -390, 4, 43, 858, 57;
5, 215, 10, 116, -408, -8, 20, 840, 40;
3, 214, 10, 89, -413, -9, 12, 837, 39;
1, 214, 9, 62, -416, -9, 5, 836, 38;
0, 214, 10, 36, -416, -8, 1, 837, 40;
2, 218, 14, 22, -405, 4, 9, 852, 56;
-3, 213, 9, -19, -419, -10, -14, 834, 38;
0, 220, 15, -27, -400, 8, 1, 858, 61;
-4, 217, 12, -63, -408, 0, -16, 846, 49;
-9, 214, 9, -100, -415, -10, -35, 836, 38;
-5, 220, 15, -109, -394, 6, -20, 858, 58;
-7, 220, 14, -137, -391, 5, -29, 858, 57;
-9, 219, 14, -165, -388, 2, -38, 857, 54;
-12, 219, 13, -193, -384, 0, -47, 857, 52;
-13, 220, 13, -217, -376, 2, -51, 861, 53;
-18, 218, 10, -253, -379, -9, -72, 850, 39;
-14, 224, 15, -259, -353, 9, -55, 876, 62;
-17, 223, 14, -288, -349, 3, -68, 872, 54;
-22, 220, 10, -323, -350, -8, -88, 861, 40;
-23, 223, 11, -342, -336, -5, -90, 869, 44;
-22, 225, 12, -359, -320, 0, -89, 880, 50;
-22, 229, 15, -373, -301, 6, -86, 893, 58;
-23, 229, 14, -394, -289, 4, -93, 896, 56;
-23, 232, 16, -408, -270, 10, -91, 908, 63;
-30, 228, 10, -444, -274, -8, -118, 890, 41;
-28, 232, 13, -452, -250, 0, -111, 907, 52;
-28, 235, 14, -465, -231, 3, -112, 916, 55;
-27, 239, 16, -472, -207, 11, -105, 932, 65;
-28, 240, 16, -487, -192, 10, -110, 937, 64;
-32, 238, 13, -510, -185, 0, -126, 931, 51;
-36, 237, 9, -532, -178, -10, -142, 924, 38;
-34, 241, 13, -533, -150, 0, -132, 943, 50;
-33, 244, 14, -539, -129, 3, -130, 954, 55;
-33, 246, 14, -547, -110, 3, -132, 961, 55;
-33, 248, 14, -552, -90, 5, -132, 970, 57;
-36, 248, 12, -565, -78, -1, -142, 969, 48;
-32, 254, 16, -557, -47, 10, -128, 991, 64;
-40, 249, 9, -582, -50, -11, -156, 971, 36;
-37, 254, 12, -574, -20, -1, -144, 991, 49;
-37, 255, 11, -577, -3, -3, -147, 995, 46;
-37, 257, 12, -575, 17, -2, -145, 1004, 48;
-32, 263, 16, -559, 50, 11, -127, 1029, 65;
-39, 258, 9, -578, 46, -10, -154, 1008, 37;
-39, 260, 9, -575, 65, -11, -154, 1014, 36;
-35, 265, 13, -557, 96, 0, -138, 1036, 51;
-35, 266, 12, -552, 112, -1, -138, 1040, 49;
-37, 266, 10, -551, 124, -8, -145, 1039, 40;
-35, 269, 11, -538, 145, -5, -139, 1049, 44;
-33, 272, 13, -522, 169, 0, -129, 1063, 51;
-34, 272, 11, -516, 180, -5, -134, 1062, 44;
-29, 277, 15, -491, 209, 6, -115, 1083, 59;
-28, 279, 15, -478, 225, 6, -112, 1089, 58;
-26, 282, 16, -459, 245, 9, -104, 1100, 63;
-30, 278, 11, -458, 246, -5, -119, 1087, 44;
-29, 280, 11, -441, 260, -5, -115, 1092, 44;
-27, 282, 12, -420, 278, -1, -106, 1102, 48;
-27, 282, 11, -404, 288, -5, -106, 1102, 44;
-21, 288, 15, -371, 315, 7, -84, 1124, 60;
-19, 290, 16, -347, 331, 11, -74, 1133, 65;
-18, 290, 15, -328, 340, 8, -73, 1134, 61;
-19, 289, 13, -313, 344, 1, -76, 1129, 52;
-17, 290, 13, -289, 355, 2, -69, 1134, 53;
-20, 287, 9, -278, 352, -9, -79, 1122, 38;
-12, 294, 15, -235, 379, 8, -50, 1148, 61;
-14, 292, 13, -219, 378, 0, -54, 1141, 50;
-14, 291, 11, -200, 379, -6, -55, 1136, 43;
-14, 290, 9, -179, 380, -10, -55, 1132, 37;
-9, 294, 12, -143, 396, 0, -35, 1147, 50;
-9, 292, 10, -123, 393, -7, -38, 1140, 41;
-9, 291, 9, -100, 394, -10, -35, 1137, 37;
-7, 291, 9, -73, 396, -10, -29, 1138, 37;
-4, 293, 11, -41, 403, -5, -16, 1145, 43;
3, 299, 16, 2, 421, 11, 11, 1166, 64;
0, 295, 12, 16, 408, -1, 3, 1151, 49;
1, 293, 11, 40, 403, -4, 5, 1146, 44;
6, 297, 15, 78, 413, 6, 26, 1160, 59;
3, 292, 10, 89, 394, -8, 13, 1139, 39;
11, 297, 16, 134, 409, 9, 43, 1161, 62;
6, 290, 9, 140, 384, -10, 24, 1134, 37;
8, 290, 10, 167, 380, -9, 32, 1133, 39;
13, 293, 13, 203, 384, 0, 51, 1144, 51;
16, 294, 14, 233, 382, 5, 64, 1147, 58;
13, 289, 10, 244, 360, -7, 53, 1127, 41;
18, 292, 14, 280, 363, 4, 73, 1139, 56;
17, 288, 11, 295, 344, -4, 68, 1124, 45;
17, 285, 10, 313, 329, -9, 68, 1114, 39;
24, 290, 15, 353, 336, 8, 96, 1132, 61;
26, 289, 16, 376, 326, 10, 103, 1130, 63;
21, 282, 10, 377, 294, -8, 85, 1102, 40;
26, 285, 13, 408, 292, 2, 104, 1111, 54;
24, 280, 10, 417, 268, -7, 96, 1093, 42;
28, 281, 13, 443, 262, 1, 111, 1099, 52;
27, 278, 11, 454, 241, -4, 108, 1086, 45;
33, 281, 16, 485, 241, 10, 131, 1099, 64;
31, 277, 13, 491, 216, 2, 124, 1082, 53;
35, 278, 16, 514, 208, 11, 139, 1087, 65;
30, 271, 10, 507, 172, -7, 118, 1057, 41;
33, 271, 12, 525, 161, -1, 129, 1059, 49;
34, 270, 13, 538, 146, 1, 135, 1055, 52;
33, 267, 11, 542, 123, -3, 131, 1042, 46;
37, 269, 15, 560, 115, 7, 147, 1049, 60;
38, 267, 15, 568, 97, 8, 149, 1043, 61;
33, 260, 10, 556, 61, -8, 129, 1015, 40;
38, 263, 14, 574, 56, 5, 148, 1025, 57;
33, 256, 9, 561, 22, -10, 129, 999, 38;
37, 258, 14, 577, 16, 3, 147, 1009, 55;
38, 258, 15, 580, 0, 6, 151, 1006, 59;
36, 253, 13, 572, -25, 0, 142, 990, 50;
34, 250, 11, 564, -50, -5, 135, 976, 44;
38, 252, 15, 573, -57, 6, 149, 984, 59;
32, 244, 9, 550, -94, -10, 126, 955, 37;
33, 245, 11, 550, -107, -5, 131, 955, 44;
38, 248, 16, 559, -108, 11, 150, 969, 65;
31, 239, 9, 529, -149, -10, 120, 934, 37;
30, 238, 9, 519, -167, -10, 118, 928, 37;
32, 238, 12, 516, -177, -3, 125, 931, 47;
32, 238, 13, 508, -190, 1, 127, 929, 52;
29, 234, 10, 486, -216, -7, 113, 912, 41;
27, 231, 9, 469, -235, -10, 106, 903, 38;
31, 235, 15, 471, -233, 7, 124, 919, 60;
26, 229, 10, 440, -263, -7, 102, 895, 41;
25, 228, 10, 423, -278, -7, 98, 889, 41;
25, 228, 11, 408, -288, -3, 98, 889, 46;
23, 226, 11, 388, -303, -4, 92, 883, 45;
21, 224, 11, 366, -317, -6, 84, 875, 43;
23, 226, 14, 356, -319, 4, 93, 885, 56;
23, 226, 15, 336, -328, 6, 90, 883, 59;
21, 225, 14, 313, -340, 5, 83, 877, 58;
15, 219, 10, 275, -364, -8, 59, 856, 39;
14, 219, 11, 255, -370, -5, 58, 857, 44;
14, 220, 12, 234, -375, -1, 56, 858, 48;
16, 223, 16, 221, -371, 9, 64, 870, 63;
10, 218, 12, 182, -391, -3, 42, 851, 46;
6, 215, 9, 149, -403, -10, 26, 840, 38;
10, 219, 14, 139, -393, 5, 39, 857, 57;
4, 215, 11, 101, -408, -6, 18, 842, 43;
2, 214, 10, 71, -414, -8, 9, 837, 39;
1, 215, 11, 47, -414, -6, 5, 840, 43;
1, 216, 12, 24, -411, -2, 4, 844, 48;
0, 217, 13, 0, -409, 0, 0, 847, 51;
1, 220, 16, -15, -397, 11, 7, 861, 65;
-4, 216, 12, -56, -410, -2, -16, 845, 48;
-2, 220, 15, -73, -398, 7, -10, 858, 60;
-4, 219, 14, -101, -396, 6, -19, 857, 58;
-6, 220, 15, -125, -390, 7, -23, 861, 60;
-8, 220, 15, -153, -387, 6, -32, 860, 58;
-13, 217, 11, -190, -392, -4, -52, 849, 45;
-12, 220, 13, -209, -379, 2, -50, 860, 53;
-16, 219, 11, -239, -377, -3, -63, 856, 46;
-19, 218, 10, -268, -373, -8, -75, 853, 40;
-17, 222, 13, -282, -354, 1, -69, 868, 52;
-22, 220, 9, -317, -356, -10, -89, 858, 38;
-19, 226, 15, -323, -329, 6, -74, 882, 58;
-25, 222, 9, -361, -334, -10, -100, 866, 38;
-25, 225, 11, -377, -316, -4, -98, 877, 45;
-27, 225, 10, -400, -306, -7, -106, 879, 41;
-24, 231, 14, -406, -279, 5, -95, 901, 58;
-24, 233, 15, -421, -262, 8, -96, 909, 61;
-30, 230, 11, -452, -261, -4, -117, 898, 45;
-30, 232, 11, -468, -244, -4, -120, 905, 45;
-27, 237, 15, -470, -215, 9, -107, 927, 62;
-29, 238, 15, -487, -201, 6, -114, 930, 59;
-28, 241, 16, -494, -179, 12, -110, 943, 66;
-30, 241, 15, -512, -167, 6, -120, 943, 59;
-33, 241, 13, -529, -155, 0, -130, 942, 52;
-36, 240, 10, -547, -146, -7, -144, 938, 41;
-37, 242, 10, -555, -127, -6, -144, 946, 42;
-34, 247, 13, -553, -99, 2, -135, 964, 53;
-36, 247, 12, -564, -85, -2, -142, 965, 47;
-32, 254, 16, -554, -52, 11, -126, 991, 65;
-34, 253, 14, -565, -39, 5, -135, 989, 57;
-38, 251, 10, -580, -33, -7, -151, 980, 41;
-38, 254, 11, -578, -11, -4, -148, 991, 44;
-35, 258, 14, -569, 17, 4, -137, 1009, 56;
-33, 262, 16, -561, 42, 10, -129, 1024, 63;
-37, 259, 11, -573, 46, -4, -147, 1013, 45;
-33, 265, 15, -556, 79, 8, -129, 1037, 61;
-34, 266, 14, -554, 94, 4, -133, 1039, 57;
-32, 269, 15, -545, 116, 7, -127, 1050, 60;
-32, 270, 14, -539, 132, 5, -128, 1054, 58;
-30, 273, 16, -525, 156, 11, -119, 1068, 65;
-30, 274, 15, -518, 171, 8, -120, 1071, 61;
-34, 272, 11, -518, 176, -3, -132, 1062, 46;
-28, 278, 16, -492, 207, 10, -112, 1086, 63;
-28, 279, 16, -479, 223, 9, -109, 1091, 62;
-30, 278, 13, -473, 231, 0, -117, 1086, 51;
-26, 282, 15, -450, 254, 8, -103, 1102, 61;
-28, 280, 12, -444, 259, -1, -112, 1095, 48;
-30, 279, 9, -434, 265, -10, -118, 1089, 37;
-25, 284, 13, -404, 290, 0, -99, 1109, 51;
-21, 288, 16, -376, 312, 9, -84, 1124, 62;
-20, 289, 15, -357, 323, 8, -80, 1127, 61;
-25, 284, 9, -355, 316, -11, -99, 1108, 36;
-22, 287, 11, -327, 333, -5, -86, 1120, 44;
-20, 288, 11, -303, 345, -4, -79, 1125, 45;
-19, 288, 11, -282, 353, -5, -75, 1126, 43;
-13, 293, 15, -245, 375, 7, -53, 1146, 59;
-15, 291, 11, -231, 372, -3, -61, 1135, 46;
-14, 291, 11, -207, 378, -4, -56, 1136, 44;
-8, 296, 16, -167, 399, 10, -31, 1157, 63;
-11, 292, 10, -157, 388, -6, -45, 1139, 42;
-7, 294, 13, -125, 399, 0, -31, 1149, 50;
-9, 292, 10, -107, 394, -8, -35, 1139, 39;
-7, 292, 10, -81, 397, -9, -29, 1140, 39;
-4, 293, 11, -49, 403, -4, -17, 1146, 45;
-1, 295, 12, -19, 408, -1, -6, 1150, 48;
0, 295, 12, 7, 408, -1, 0, 1151, 49;
5, 298, 16, 45, 418, 9, 20, 1164, 62;
6, 297, 15, 70, 415, 7, 25, 1161, 60;
7, 296, 14, 93, 408, 4, 27, 1156, 56;
10, 297, 16, 125, 410, 9, 40, 1161, 62;
5, 291, 9, 132, 386, -10, 22, 1135, 38;
8, 291, 11, 162, 385, -5, 34, 1138, 43;
13, 294, 14, 197, 388, 2, 51, 1147, 54;
15, 294, 14, 224, 383, 5, 61, 1147, 57;
18, 294, 15, 252, 379, 8, 71, 1149, 61;
17, 291, 13, 271, 364, 2, 70, 1138, 54;
16, 287, 10, 283, 344, -8, 62, 1121, 40;
20, 290, 13, 317, 345, 2, 81, 1131, 54;
19, 286, 11, 330, 325, -6, 75, 1115, 42;
24, 288, 14, 364, 325, 5, 95, 1126, 57;
21, 282, 9, 369, 297, -9, 82, 1102, 38;
27, 287, 15, 407, 302, 7, 109, 1119, 60;
23, 280, 10, 408, 270, -9, 92, 1092, 39;
29, 283, 14, 441, 271, 5, 114, 1105, 57;
27, 279, 11, 448, 246, -4, 107, 1088, 45;
27, 276, 10, 462, 228, -6, 108, 1079, 42;
31, 277, 13, 486, 221, 1, 122, 1084, 53;
34, 278, 16, 507, 212, 9, 135, 1087, 62;
34, 275, 14, 516, 191, 5, 134, 1076, 57;
30, 269, 10, 513, 159, -9, 118, 1051, 39;
30, 267, 9, 522, 140, -10, 119, 1043, 37;
37, 271, 15, 551, 141, 8, 145, 1060, 61;
31, 264, 9, 540, 104, -10, 124, 1030, 38;
37, 267, 14, 563, 101, 5, 146, 1042, 58;
33, 261, 10, 555, 69, -7, 130, 1019, 41;
39, 264, 15, 576, 66, 8, 152, 1032, 61;
33, 257, 10, 562, 30, -8, 131, 1004, 40;
38, 260, 14, 579, 25, 5, 149, 1014, 58;
37, 257, 14, 577, 4, 4, 147, 1005, 56;
38, 256, 14, 578, -13, 5, 149, 999, 57;
39, 255, 16, 580, -29, 9, 153, 997, 62;
36, 250, 13, 567, -57, 0, 141, 978, 50;
39, 252, 16, 573, -66, 10, 152, 984, 63;
34, 246, 12, 555, -97, -2, 136, 961, 48;
38, 248, 16, 561, -104, 10, 149, 970, 63;
38, 247, 16, 554, -121, 11, 149, 964, 65;
34, 242, 13, 536, -147, 2, 136, 947, 54;
30, 237, 10, 514, -176, -8, 120, 927, 40;
33, 239, 13, 512, -184, 1, 129, 932, 52;
32, 237, 14, 501, -199, 3, 127, 928, 54;
29, 234, 11, 480, -223, -3, 116, 913, 46;
32, 236, 15, 476, -228, 7, 125, 921, 59;
25, 229, 9, 443, -260, -9, 100, 894, 38;
29, 233, 15, 442, -259, 6, 116, 908, 58;
23, 226, 9, 407, -291, -10, 90, 882, 37;
28, 231, 16, 410, -283, 11, 113, 903, 64;
23, 226, 12, 377, -308, -1, 92, 883, 49;
19, 222, 9, 348, -330, -10, 76, 867, 37;
20, 224, 12, 335, -333, -1, 81, 874, 48;
18, 222, 11, 310, -347, -4, 72, 866, 45;
21, 225, 15, 300, -344, 8, 82, 878, 61;
17, 221, 12, 268, -362, 0, 66, 864, 50;
16, 222, 14, 247, -367, 3, 65, 866, 55;
10, 217, 9, 209, -388, -9, 42, 846, 38;
14, 222, 15, 202, -377, 7, 58, 865, 60;
7, 215, 9, 156, -403, -11, 27, 839, 36;
6, 215, 10, 134, -404, -7, 25, 842, 41;
7, 218, 13, 116, -400, 0, 29, 850, 51;
8, 220, 16, 99, -394, 10, 34, 861, 63;
1, 215, 10, 55, -414, -7, 6, 839, 42;
0, 215, 11, 31, -413, -4, 3, 841, 45;
-3, 213, 9, -2, -421, -11, -11, 832, 36;
0, 219, 15, -11, -403, 6, 3, 854, 58;
-3, 216, 11, -48, -412, -3, -15, 843, 46;
-2, 220, 15, -64, -398, 7, -8, 858, 60;
-7, 216, 12, -101, -406, -2, -27, 846, 47;
-5, 220, 15, -118, -393, 6, -23, 858, 59;
-6, 221, 16, -141, -385, 9, -25, 864, 63;
-10, 220, 14, -173, -385, 3, -39, 859, 55;
-10, 222, 15, -193, -374, 9, -39, 868, 62;
-14, 220, 12, -228, -376, 0, -57, 858, 50;
-19, 217, 9, -264, -379, -11, -77, 847, 36;
-20, 218, 9, -286, -369, -10, -81, 853, 38;
-16, 225, 15, -291, -341, 8, -64, 879, 60;
-19, 224, 14, -319, -336, 2, -76, 877, 54;
-20, 226, 14, -339, -322, 5, -79, 883, 57;
-20, 229, 16, -355, -306, 9, -78, 894, 63;
-22, 229, 15, -379, -296, 6, -87, 895, 59;
-24, 230, 14, -400, -284, 5, -94, 898, 57;
-27, 229, 12, -426, -277, -2, -108, 894, 48;
-24, 234, 16, -431, -250, 10, -97, 915, 63;
-30, 231, 12, -461, -249, -3, -117, 904, 47;
-27, 236, 15, -466, -222, 8, -107, 924, 61;
-35, 232, 9, -501, -226, -12, -136, 904, 35;
-32, 236, 12, -504, -199, -1, -127, 924, 48;
-34, 237, 11, -521, -186, -6, -135, 925, 43;
-32, 242, 14, -522, -158, 4, -125, 944, 56;
-34, 242, 12, -538, -146, -1, -135, 944, 49;
-38, 240, 9, -557, -138, -11, -150, 937, 36;
-33, 247, 14, -549, -103, 4, -132, 964, 56;
-35, 247, 12, -560, -89, 0, -139, 966, 50;
-37, 247, 11, -570, -76, -5, -147, 966, 43;
-38, 249, 11, -575, -57, -6, -149, 973, 43;
-37, 252, 12, -574, -34, -2, -144, 985, 48;
-32, 258, 16, -561, 0, 11, -127, 1010, 65;
-33, 260, 16, -564, 15, 9, -131, 1014, 62;
-38, 257, 11, -577, 20, -5, -148, 1003, 44;
-38, 258, 10, -576, 38, -6, -149, 1008, 42;
-36, 261, 12, -568, 61, -2, -143, 1021, 48;
-35, 264, 12, -562, 82, 0, -140, 1030, 50;
-38, 262, 9, -566, 91, -10, -151, 1024, 37;
-31, 271, 16, -537, 131, 10, -122, 1058, 64;
-32, 272, 15, -532, 146, 7, -125, 1060, 60;
-31, 273, 15, -522, 164, 8, -121, 1068, 60;
-34, 271, 11, -522, 170, -3, -133, 1060, 46;
-33, 273, 11, -510, 188, -3, -130, 1067, 46;
-33, 274, 11, -499, 203, -5, -129, 1071, 44;
-31, 276, 12, -482, 222, -2, -122, 1080, 47;
-25, 283, 16, -452, 252, 11, -100, 1104, 65;
-26, 283, 15, -440, 263, 7, -102, 1104, 60;
-27, 282, 13, -428, 272, 1, -105, 1102, 52;
-22, 287, 16, -400, 297, 11, -87, 1121, 65;
-26, 283, 11, -398, 292, -5, -105, 1104, 43;
-20, 289, 16, -360, 323, 11, -78, 1130, 65;
-23, 286, 12, -354, 321, -2, -90, 1117, 47;
-17, 292, 16, -318, 346, 11, -67, 1139, 65;
-19, 289, 13, -307, 346, 0, -76, 1129, 50;
-16, 292, 15, -278, 362, 6, -63, 1140, 58;
-15, 292, 14, -255, 369, 4, -58, 1142, 56;
-11, 295, 16, -224, 385, 12, -43, 1154, 65;
-17, 289, 9, -223, 369, -11, -67, 1127, 36;
-10, 294, 14, -182, 391, 3, -41, 1149, 55;
-10, 293, 12, -161, 391, -1, -41, 1144, 48;
-6, 296, 14, -129, 403, 4, -27, 1154, 57;
-6, 295, 13, -104, 405, 2, -23, 1153, 54;
-3, 296, 14, -76, 409, 4, -14, 1156, 56;
-2, 296, 14, -50, 411, 3, -9, 1155, 54;
0, 296, 14, -23, 412, 3, -2, 1156, 54;
1, 296, 14, 3, 413, 3, 4, 1157, 55;
0, 293, 10, 19, 402, -7, -2, 1143, 41;
0, 291, 9, 42, 396, -11, -1, 1137, 36;
7, 297, 15, 89, 414, 8, 30, 1161, 61;
5, 293, 12, 104, 399, -3, 22, 1146, 47;
6, 292, 11, 129, 393, -4, 27, 1142, 44;
7, 291, 10, 151, 384, -8, 28, 1135, 39;
13, 295, 15, 192, 393, 6, 53, 1152, 58;
17, 296, 16, 223, 392, 11, 67, 1156, 65;
18, 295, 16, 246, 384, 10, 72, 1152, 64;
18, 293, 15, 267, 372, 7, 73, 1145, 59;
21, 294, 16, 296, 367, 11, 85, 1147, 65;
20, 290, 14, 310, 349, 3, 80, 1133, 55;
22, 290, 14, 335, 340, 5, 88, 1131, 57;
20, 285, 11, 346, 318, -5, 80, 1114, 44;
26, 288, 15, 379, 318, 7, 101, 1125, 59;
25, 285, 13, 394, 300, 2, 100, 1113, 53;
25, 282, 12, 409, 282, -2, 99, 1103, 48;
29, 284, 15, 437, 277, 6, 115, 1109, 59;
26, 279, 11, 442, 251, -5, 105, 1089, 44;
26, 276, 10, 455, 231, -8, 104, 1078, 39;
33, 280, 15, 487, 232, 7, 128, 1093, 60;
34, 279, 16, 503, 218, 9, 134, 1089, 62;
30, 272, 10, 500, 184, -6, 117, 1063, 42;
29, 269, 9, 508, 163, -10, 115, 1051, 37;
33, 270, 12, 528, 155, -1, 130, 1056, 49;
34, 269, 13, 540, 139, 0, 135, 1052, 51;
38, 271, 16, 558, 130, 9, 148, 1057, 63;
33, 264, 11, 549, 95, -6, 130, 1030, 43;
36, 264, 13, 563, 84, 1, 141, 1033, 53;
36, 263, 13, 568, 66, 1, 143, 1026, 53;
33, 258, 10, 562, 36, -8, 131, 1006, 40;
33, 255, 9, 562, 15, -9, 130, 997, 38;
35, 255, 11, 570, 2, -3, 138, 997, 46;
35, 253, 11, 568, -17, -4, 136, 989, 45;
36, 252, 12, 570, -33, -1, 140, 986, 49;
33, 248, 10, 560, -60, -9, 130, 969, 39;
34, 248, 11, 560, -75, -4, 134, 968, 45;
34, 246, 11, 555, -94, -4, 133, 960, 44;
32, 243, 10, 545, -115, -7, 128, 950, 41;
33, 242, 11, 540, -131, -4, 129, 946, 45;
30, 238, 9, 525, -156, -11, 119, 932, 37;
34, 241, 13, 528, -160, 2, 133, 941, 53;
36, 242, 16, 526, -169, 11, 142, 946, 65;
31, 237, 12, 502, -198, 0, 124, 925, 50;
31, 236, 13, 489, -213, 0, 122, 920, 51;
33, 237, 16, 484, -220, 10, 130, 926, 63;
27, 231, 11, 453, -251, -5, 107, 901, 44;
24, 227, 9, 430, -272, -11, 95, 888, 36;
23, 226, 9, 413, -286, -11, 91, 883, 37;
23, 226, 10, 398, -297, -7, 91, 882, 41;
25, 228, 13, 388, -300, 2, 99, 890, 54;
27, 229, 16, 377, -303, 11, 105, 896, 65;
24, 227, 15, 351, -320, 6, 94, 886, 59;
23, 227, 16, 332, -328, 10, 93, 886, 63;
18, 222, 12, 297, -351, -2, 71, 866, 48;
18, 223, 14, 279, -356, 3, 72, 869, 54;
18, 223, 15, 258, -361, 6, 70, 870, 59;
15, 221, 13, 230, -373, 2, 59, 862, 54;
12, 219, 12, 201, -385, -1, 48, 854, 48;
10, 218, 12, 174, -392, -2, 41, 851, 48;
12, 221, 16, 160, -385, 9, 49, 864, 62;
5, 215, 10, 117, -408, -8, 21, 840, 40;
5, 216, 11, 94, -407, -3, 19, 844, 46;
7, 219, 15, 79, -398, 7, 27, 857, 60;
6, 220, 16, 55, -397, 10, 24, 860, 64;
-2, 213, 9, 7, -420, -10, -8, 834, 37;
-2, 215, 11, -13, -414, -4, -8, 841, 44;
-3, 216, 12, -38, -411, -2, -11, 844, 47;
-7, 214, 9, -73, -417, -10, -28, 834, 37;
-5, 218, 13, -88, -403, 1, -20, 850, 52;
-5, 220, 15, -109, -394, 7, -20, 859, 59;
-12, 215, 10, -152, -406, -9, -47, 840, 39;
-9, 219, 13, -165, -388, 2, -38, 857, 54;
-8, 223, 16, -182, -374, 11, -33, 870, 65;
-10, 223, 16, -209, -369, 9, -42, 870, 62;
-17, 218, 11, -250, -377, -6, -68, 853, 43;
-20, 217, 9, -280, -374, -12, -81, 849, 35;
-21, 219, 10, -301, -362, -9, -84, 856, 39;
-22, 220, 10, -324, -351, -9, -89, 860, 39;
-18, 227, 16, -327, -321, 9, -71, 888, 63;
-22, 226, 13, -357, -318, 1, -87, 882, 52;
-21, 229, 15, -371, -299, 7, -84, 894, 60;
-27, 225, 10, -406, -301, -7, -108, 880, 41;
-27, 229, 12, -419, -281, -1, -105, 893, 49;
-27, 230, 13, -436, -266, 0, -108, 900, 50;
-30, 231, 11, -456, -254, -3, -117, 901, 46;
-26, 237, 16, -459, -225, 10, -104, 924, 63;
-27, 238, 16, -474, -209, 10, -107, 930, 63;
-31, 236, 12, -498, -203, 0, -124, 923, 50;
-34, 236, 11, -516, -191, -5, -134, 923, 44;
-36, 237, 9, -532, -178, -9, -142, 924, 38;
-31, 244, 15, -525, -142, 7, -122, 953, 60;
-36, 242, 11, -547, -137, -5, -141, 944, 44;
-32, 247, 15, -544, -107, 6, -128, 965, 59;
-32, 249, 15, -549, -87, 8, -128, 974, 61;
-36, 248, 12, -566, -79, -3, -144, 967, 47;
-33, 253, 15, -560, -50, 7, -132, 987, 59;
-39, 249, 10, -580, -47, -9, -153, 974, 39;
-36, 254, 12, -574, -20, -1, -143, 991, 49;
-33, 259, 16, -563, 10, 10, -129, 1013, 64;
-37, 257, 12, -575, 17, -1, -145, 1004, 48;
-33, 263, 15, -562, 47, 9, -130, 1025, 62;
-38, 259, 10, -574, 51, -6, -149, 1013, 42;
-37, 261, 11, -569, 70, -5, -147, 1021, 43;
-38, 263, 10, -565, 87, -8, -148, 1025, 40;
-32, 270, 16, -541, 123, 9, -125, 1054, 62;
-34, 268, 12, -543, 132, 0, -135, 1048, 50;
-37, 267, 9, -543, 140, -10, -145, 1043, 38;
-30, 274, 15, -515, 176, 7, -120, 1072, 60;
-36, 270, 9, -522, 174, -11, -141, 1055, 37;
-32, 275, 12, -500, 200, -2, -127, 1072, 47;
-27, 280, 16, -473, 230, 10, -106, 1095, 64;
-31, 277, 11, -475, 229, -5, -123, 1080, 43;
-29, 279, 12, -454, 249, -1, -114, 1091, 48;
-24, 284, 16, -426, 275, 9, -96, 1111, 62;
-25, 284, 13, -415, 283, 2, -100, 1108, 54;
-27, 282, 10, -406, 287, -7, -108, 1100, 41;
-25, 284, 12, -382, 304, -2, -97, 1111, 47;
-21, 288, 14, -353, 325, 5, -82, 1126, 57;
-17, 291, 16, -326, 342, 11, -69, 1137, 64;
-18, 290, 14, -311, 346, 3, -73, 1132, 55;
-22, 286, 9, -303, 341, -11, -86, 1117, 36;
-18, 289, 11, -273, 357, -4, -72, 1129, 44;
-17, 289, 10, -251, 363, -7, -69, 1129, 41;
-10, 296, 16, -208, 389, 11, -40, 1155, 64;
-9, 296, 16, -184, 395, 9, -36, 1156, 63;
-9, 295, 14, -164, 395, 3, -37, 1151, 55;
-12, 291, 10, -152, 387, -9, -47, 1136, 39;
-7, 295, 13, -115, 402, 1, -27, 1151, 52;
-2, 298, 16, -79, 414, 9, -10, 1163, 63;
0, 298, 16, -51, 418, 10, -2, 1165, 64;
-5, 292, 9, -47, 398, -10, -22, 1138, 37;
-2, 293, 10, -15, 403, -6, -10, 1144, 42;
2, 297, 14, 22, 414, 4, 10, 1158, 56;
2, 295, 12, 43, 407, -1, 9, 1151, 49;
3, 294, 12, 69, 404, -2, 15, 1149, 48;
8, 297, 15, 105, 410, 7, 33, 1159, 59;
4, 291, 9, 115, 390, -9, 18, 1136, 38;
10, 294, 13, 153, 397, 2, 40, 1150, 53;
11, 293, 13, 177, 390, 0, 44, 1146, 51;
12, 292, 12, 200, 381, -2, 47, 1140, 48;
12, 289, 10, 220, 368, -7, 46, 1130, 41;
14, 289, 11, 246, 362, -6, 55, 1129, 43;
16, 289, 12, 273, 356, -2, 65, 1130, 47;
20, 291, 14, 305, 355, 5, 81, 1137, 58;
23, 291, 16, 332, 348, 9, 92, 1138, 63;
20, 286, 11, 339, 322, -5, 79, 1115, 44;
24, 287, 14, 369, 319, 3, 95, 1122, 55;
27, 288, 15, 394, 311, 8, 106, 1123, 61;
28, 286, 15, 413, 297, 7, 110, 1118, 60;
29, 285, 15, 431, 282, 7, 114, 1111, 59;
27, 281, 12, 440, 260, -1, 108, 1096, 49;
30, 280, 13, 461, 248, 2, 117, 1094, 53;
27, 275, 9, 464, 220, -10, 105, 1073, 38;
31, 276, 12, 488, 213, 0, 121, 1079, 50;
29, 272, 10, 494, 189, -8, 115, 1063, 40;
36, 277, 16, 526, 191, 11, 142, 1081, 65;
33, 271, 12, 526, 162, 0, 130, 1060, 50;
36, 272, 15, 545, 153, 8, 144, 1064, 61;
37, 271, 15, 554, 135, 8, 146, 1058, 61;
34, 265, 12, 550, 105, -3, 133, 1036, 47;
37, 266, 14, 564, 93, 4, 144, 1038, 56;
34, 262, 11, 561, 66, -3, 136, 1021, 46;
37, 262, 14, 572, 54, 3, 145, 1023, 54;
32, 255, 9, 559, 20, -12, 127, 996, 35;
38, 259, 14, 578, 17, 5, 149, 1011, 57;
37, 256, 13, 576, -3, 2, 145, 1000, 54;
33, 250, 10, 563, -35, -9, 130, 978, 39;
33, 249, 10, 560, -54, -9, 129, 971, 39;
36, 250, 13, 568, -61, 2, 143, 978, 53;
37, 249, 14, 565, -79, 4, 144, 974, 56;
32, 243, 10, 547, -110, -8, 127, 951, 40;
35, 245, 13, 550, -117, 2, 139, 958, 54;
31, 240, 10, 530, -148, -9, 122, 936, 39;
36, 244, 15, 538, -148, 8, 142, 952, 61;
33, 239, 13, 519, -173, 0, 129, 935, 51;
31, 236, 11, 503, -195, -3, 121, 923, 46;
29, 234, 11, 489, -213, -4, 116, 916, 44;
33, 237, 16, 489, -215, 9, 131, 927, 62;
27, 231, 11, 458, -246, -5, 108, 902, 43;
30, 234, 15, 455, -248, 7, 120, 913, 60;
24, 227, 9, 420, -281, -10, 94, 886, 38;
26, 229, 13, 413, -283, 1, 104, 895, 53;
26, 229, 14, 396, -294, 4, 102, 893, 56;
24, 227, 13, 374, -309, 2, 95, 886, 53;
26, 229, 16, 363, -312, 11, 102, 893, 65;
23, 226, 15, 336, -328, 6, 90, 883, 59;
17, 221, 11, 301, -351, -5, 69, 864, 44;
16, 220, 10, 277, -362, -6, 62, 859, 42;
14, 219, 10, 253, -372, -7, 56, 854, 42;
18, 224, 16, 248, -361, 12, 73, 875, 66;
11, 217, 10, 204, -388, -7, 43, 849, 42;
14, 221, 15, 193, -380, 7, 55, 864, 60;
9, 217, 12, 157, -395, -2, 36, 850, 47;
9, 219, 14, 138, -393, 4, 38, 856, 56;
8, 219, 15, 113, -396, 6, 34, 857, 58;
3, 215, 11, 75, -411, -5, 13, 841, 44;
4, 218, 14, 57, -404, 3, 18, 852, 55;
4, 219, 15, 35, -400, 8, 17, 857, 61;
0, 217, 13, 2, -407, 2, 2, 849, 53;
0, 218, 14, -23, -405, 3, -1, 852, 55;
-4, 215, 11, -58, -412, -4, -19, 842, 45;
-6, 216, 11, -85, -410, -4, -25, 843, 45;
-6, 218, 13, -104, -400, 2, -23, 853, 54;
-9, 217, 12, -135, -400, -1, -35, 849, 48;
-13, 215, 9, -170, -403, -10, -52, 840, 38;
-8, 222, 16, -174, -376, 11, -32, 869, 65;
-16, 217, 10, -219, -389, -8, -62, 847, 40;
-18, 217, 10, -245, -382, -9, -70, 848, 39;
-19, 218, 9, -270, -374, -9, -76, 851, 38;
-19, 220, 11, -288, -360, -4, -76, 861, 45;
-20, 222, 12, -308, -347, -1, -78, 869, 49;
-20, 224, 13, -329, -334, 0, -81, 875, 51;
-21, 226, 14, -347, -319, 4, -82, 884, 56;
-21, 228, 15, -366, -305, 6, -84, 891, 58;
-28, 224, 9, -403, -309, -10, -111, 875, 37;
-26, 229, 13, -411, -284, 0, -101, 894, 51;
-25, 232, 15, -424, -264, 6, -99, 906, 58;
-29, 231, 12, -449, -258, -1, -113, 902, 48;
-28, 234, 14, -459, -236, 4, -109, 915, 56;
-32, 232, 11, -485, -231, -6, -127, 908, 43;
-30, 237, 14, -490, -205, 3, -119, 925, 54;
-31, 238, 13, -504, -189, 2, -122, 931, 54;
-32, 240, 13, -517, -173, 1, -127, 936, 52;
-34, 240, 12, -532, -159, -2, -135, 938, 47;
-31, 246, 16, -530, -129, 9, -122, 960, 62;
-31, 248, 16, -538, -110, 10, -123, 967, 63;
-35, 246, 13, -555, -102, 0, -138, 961, 50;
-35, 249, 13, -559, -81, 1, -137, 971, 53;
-35, 251, 13, -563, -61, 2, -137, 979, 54;
-35, 252, 13, -568, -42, 2, -139, 985, 53;
-40, 250, 9, -584, -37, -11, -157, 975, 36;
-36, 255, 13, -573, -6, 0, -142, 997, 50;
-34, 259, 15, -566, 20, 7, -133, 1013, 59;
-38, 257, 10, -579, 24, -7, -151, 1002, 41;
-33, 263, 15, -561, 59, 8, -131, 1029, 61;
-39, 259, 9, -576, 59, -11, -154, 1012, 37;
-37, 263, 11, -565, 83, -5, -146, 1026, 43;
-34, 267, 14, -549, 111, 3, -132, 1045, 55;
-35, 267, 12, -548, 123, -3, -139, 1043, 47;
-32, 271, 14, -532, 149, 4, -127, 1059, 56;
-31, 273, 14, -521, 168, 5, -124, 1067, 57;
-30, 276, 15, -506, 188, 8, -117, 1077, 61;
-32, 274, 12, -504, 195, -1, -127, 1071, 48;
-34, 274, 10, -498, 205, -8, -132, 1068, 39;
-32, 275, 10, -482, 222, -8, -128, 1075, 40;
-28, 281, 14, -455, 249, 3, -109, 1096, 55;
-26, 283, 15, -435, 267, 6, -101, 1105, 59;
-30, 279, 9, -435, 264, -11, -119, 1088, 36;
-26, 283, 12, -407, 287, -2, -103, 1105, 48;
-27, 282, 10, -395, 293, -9, -107, 1101, 39;
-26, 283, 9, -377, 304, -11, -104, 1103, 36;
-20, 289, 14, -339, 332, 4, -79, 1128, 56;
-22, 287, 11, -327, 333, -5, -86, 1120, 44;
-22, 286, 9, -310, 338, -11, -88, 1116, 37;
-15, 292, 14, -271, 364, 5, -62, 1140, 57;
-13, 293, 15, -244, 375, 7, -53, 1146, 60;
-16, 290, 11, -234, 369, -6, -64, 1132, 43;
-13, 292, 12, -204, 381, -2, -53, 1140, 48;
-13, 291, 10, -184, 382, -7, -53, 1135, 41;
-5, 298, 16, -139, 407, 12, -22, 1162, 65;
-10, 291, 10, -134, 390, -9, -42, 1137, 39;
-5, 295, 13, -97, 405, 1, -22, 1152, 52;
-5, 294, 12, -74, 403, -2, -21, 1148, 47;
-5, 292, 10, -52, 400, -7, -21, 1142, 41;
-2, 294, 11, -22, 405, -4, -10, 1147, 45;
-3, 292, 9, -2, 398, -11, -11, 1138, 37;
-1, 291, 9, 24, 397, -11, -5, 1137, 36;
1, 292, 10, 55, 399, -7, 5, 1142, 41;
7, 297, 15, 96, 411, 7, 31, 1159, 59;
4, 291, 9, 106, 391, -10, 16, 1136, 38;
12, 298, 16, 154, 408, 11, 49, 1162, 65;
14, 297, 16, 180, 403, 11, 56, 1160, 65;
11, 292, 12, 192, 383, -2, 45, 1141, 48;
15, 294, 14, 224, 384, 5, 61, 1147, 57;
15, 291, 13, 244, 371, 0, 61, 1138, 51;
14, 288, 10, 261, 354, -7, 57, 1125, 41;
21, 292, 15, 299, 360, 7, 82, 1141, 60;
19, 289, 12, 314, 342, 0, 77, 1127, 50;
22, 288, 13, 339, 333, 2, 86, 1126, 53;
23, 287, 13, 360, 322, 2, 91, 1122, 53;
24, 286, 13, 380, 308, 1, 96, 1116, 52;
25, 285, 13, 400, 295, 1, 101, 1111, 52;
23, 280, 10, 409, 271, -8, 92, 1093, 39;
28, 282, 13, 438, 268, 2, 111, 1102, 54;
28, 280, 13, 453, 251, 0, 112, 1093, 50;
30, 279, 13, 470, 236, 1, 118, 1089, 52;
27, 274, 9, 474, 209, -10, 107, 1069, 38;
32, 276, 13, 501, 205, 2, 127, 1079, 54;
29, 271, 10, 502, 177, -8, 116, 1059, 40;
33, 272, 12, 522, 168, 0, 129, 1062, 50;
31, 268, 10, 526, 143, -7, 123, 1047, 41;
32, 267, 11, 537, 127, -5, 128, 1042, 44;
34, 266, 11, 547, 110, -3, 132, 1038, 46;
32, 262, 10, 548, 86, -9, 127, 1024, 39;
39, 267, 16, 574, 87, 10, 153, 1041, 64;
39, 264, 15, 576, 66, 8, 152, 1032, 61;
33, 256, 9, 560, 28, -10, 129, 1001, 38;
33, 255, 10, 563, 9, -9, 130, 995, 39;
39, 259, 16, 584, 10, 10, 155, 1012, 63;
38, 256, 15, 579, -12, 6, 150, 1001, 59;
34, 250, 10, 564, -45, -7, 133, 976, 41;
36, 251, 13, 568, -57, 0, 142, 979, 51;
36, 249, 13, 564, -76, 0, 140, 971, 51;
32, 244, 9, 547, -105, -9, 126, 951, 38;
31, 241, 9, 538, -126, -12, 121, 942, 35;
33, 242, 11, 537, -137, -5, 128, 944, 44;
34, 242, 13, 534, -149, 1, 134, 945, 52;
29, 236, 9, 511, -180, -11, 115, 922, 36;
31, 237, 11, 506, -190, -4, 121, 925, 45;
31, 236, 12, 496, -204, -1, 121, 921, 48;
27, 231, 9, 472, -231, -11, 105, 903, 36;
30, 234, 13, 470, -234, 0, 117, 913, 51;
25, 229, 9, 442, -261, -10, 99, 893, 37;
30, 233, 15, 444, -258, 8, 118, 910, 61;
28, 231, 15, 425, -273, 6, 112, 903, 59;
25, 228, 13, 399, -294, 0, 99, 890, 50;
23, 226, 12, 376, -310, -2, 91, 881, 47;
23, 226, 13, 360, -318, 1, 91, 882, 52;
21, 224, 13, 337, -331, 0, 84, 876, 51;
21, 225, 14, 320, -336, 5, 85, 879, 58;
15, 219, 9, 281, -362, -10, 60, 855, 38;
15, 220, 11, 264, -365, -3, 62, 860, 46;
18, 224, 16, 253, -361, 9, 72, 873, 62;
16, 222, 15, 227, -370, 7, 64, 868, 60;
12, 219, 13, 195, -384, 0, 49, 857, 52;
14, 222, 16, 179, -380, 10, 55, 867, 64;
11, 221, 15, 151, -388, 8, 46, 862, 61;
9, 219, 14, 121, -395, 5, 35, 857, 57;
4, 216, 11, 84, -410, -5, 15, 842, 44;
4, 217, 13, 64, -405, 1, 17, 849, 52;
0, 214, 10, 27, -417, -8, -1, 837, 40;
0, 216, 12, 7, -410, -1, 0, 845, 49;
0, 218, 14, -12, -404, 5, 2, 853, 57;
-4, 216, 11, -48, -412, -3, -15, 842, 46;
-2, 219, 15, -64, -399, 6, -9, 856, 59;
-9, 214, 9, -110, -415, -11, -38, 835, 36;
-8, 217, 12, -125, -400, 0, -31, 850, 50;
-7, 220, 15, -144, -388, 6, -29, 861, 59;
-14, 215, 9, -187, -399, -9, -56, 842, 38;
-13, 219, 12, -204, -384, -1, -52, 855, 49;
-16, 218, 11, -233, -382, -5, -63, 852, 43;
-17, 220, 12, -255, -371, -3, -66, 858, 47;
-14, 225, 16, -265, -348, 10, -55, 879, 64;
-17, 224, 15, -293, -343, 6, -66, 877, 58;
-23, 221, 10, -331, -347, -8, -91, 862, 40;
-25, 221, 9, -354, -337, -10, -98, 865, 38;
-22, 226, 13, -364, -314, 1, -89, 883, 52;
-21, 230, 16, -375, -292, 10, -82, 900, 64;
-25, 229, 13, -404, -288, 1, -99, 893, 52;
-26, 230, 13, -422, -273, 2, -102, 899, 53;
-31, 228, 9, -452, -271, -10, -122, 889, 38;
-30, 231, 12, -461, -249, -3, -117, 904, 47;
-27, 236, 15, -467, -223, 7, -109, 922, 59;
-29, 237, 14, -484, -209, 4, -116, 925, 56;
-28, 240, 16, -492, -187, 10, -112, 939, 63;
-29, 242, 16, -504, -169, 10, -114, 946, 64;
-33, 240, 12, -527, -163, 0, -131, 938, 50;
-30, 245, 16, -526, -134, 10, -120, 959, 64;
-32, 246, 15, -538, -119, 7, -126, 961, 59;
-33, 247, 14, -548, -103, 4, -131, 965, 56;
-38, 244, 10, -568, -98, -9, -150, 955, 39;
-34, 251, 14, -559, -64, 5, -133, 980, 57;
-36, 251, 13, -568, -51, 0, -141, 981, 51;
-38, 250, 10, -579, -39, -7, -151, 978, 41;
-34, 256, 14, -568, -7, 5, -135, 1001, 57;
-39, 254, 10, -582, -2, -8, -153, 991, 39;
-38, 257, 11, -577, 20, -5, -148, 1003, 44;
-36, 260, 12, -570, 44, 0, -142, 1016, 50;
-35, 262, 13, -566, 64, 0, -140, 1024, 51;
-37, 262, 11, -567, 77, -5, -146, 1023, 43;
-34, 267, 13, -552, 104, 2, -134, 1041, 54;
-34, 268, 13, -548, 120, 0, -136, 1045, 51;
-32, 271, 15, -533, 145, 6, -126, 1060, 59;
-31, 273, 15, -522, 164, 7, -122, 1068, 60;
-34, 271, 11, -524, 169, -4, -135, 1059, 44;
-29, 277, 16, -497, 201, 10, -113, 1084, 63;
-32, 275, 12, -497, 205, -3, -126, 1073, 46;
-33, 274, 10, -489, 215, -9, -131, 1072, 39;
-28, 280, 13, -461, 243, 2, -112, 1093, 54;
-26, 282, 14, -441, 262, 5, -104, 1102, 58;
-30, 279, 10, -439, 261, -9, -118, 1089, 39;
-25, 284, 13, -410, 287, 1, -100, 1108, 53;
-25, 284, 12, -395, 296, -2, -100, 1108, 48;
-26, 283, 10, -380, 304, -7, -102, 1106, 41;
-22, 287, 13, -350, 325, 1, -85, 1122, 52;
-23, 286, 10, -336, 328, -6, -90, 1116, 42;
-18, 290, 14, -303, 350, 4, -71, 1134, 56;
-17, 291, 13, -281, 358, 2, -67, 1135, 54;
-15, 292, 14, -256, 368, 3, -60, 1140, 55;
-13, 293, 14, -231, 377, 4, -53, 1144, 56;
-16, 289, 9, -221, 370, -10, -65, 1129, 38;
-9, 296, 15, -177, 395, 8, -36, 1154, 61;
-12, 291, 10, -168, 385, -8, -49, 1136, 40;
-8, 294, 12, -134, 397, 0, -34, 1147, 49;
-10, 291, 9, -118, 391, -11, -40, 1136, 36;
-5, 295, 12, -81, 405, 0, -20, 1150, 50;
-3, 295, 12, -54, 407, 0, -14, 1151, 50;
-5, 292, 9, -37, 398, -10, -19, 1139, 37;
16, 27, 4, 3465, 2061, 2899, 66, 108, 18;
2, 18, 6, 4309, 5223, 1688, 8, 71, 23;
9, 9, 4, 2173, 2755, 2094, 35, 35, 17;
9, 27, 10, 2277, 2563, 1709, 38, 109, 40;
1, 26, 7, 3145, 3688, 2353, 6, 104, 28;
9, 27, 8, 1730, 4403, 1654, 35, 109, 31;
1, 11, 5, 3169, 2032, 2246, 7, 44, 20;
3, 10, 5, 3628, 3175, 2456, 14, 41, 19;
12, 7, 6, 1672, 2734, 1403, 47, 30, 26;
8, 0, 10, 4040, 2203, 1474, 34, 3, 40;
14, 30, 0, 3369, 5059, 2668, 57, 120, 0;
2, 4, 2, 2625, 2650, 2046, 10, 16, 8;
12, 15, 5, 4392, 3102, 2054, 48, 61, 20;
5, 30, 8, 3795, 4471, 1164, 22, 119, 32;
13, 29, 4, 2002, 4669, 2758, 53, 114, 19;
17, 21, 12, 1750, 3998, 2714, 69, 84, 49;
12, 7, 3, 2863, 3699, 2437, 46, 30, 12;
0, 9, 7, 2798, 2680, 1701, 0, 36, 27;
13, 15, 8, 3983, 3570, 2357, 52, 61, 33;
9, 20, 5, 3367, 3425, 2810, 38, 79, 22;
2, 7, 1, 2998, 4113, 2250, 10, 29, 6;
10, 16, 10, 2080, 5398, 1784, 42, 62, 40;
9, 7, 5, 3955, 4662, 1793, 35, 27, 21;
13, 27, 7, 4099, 4222, 1877, 52, 105, 28;
13, 2, 3, 1962, 3865, 2331, 53, 7, 14;
8, 1, 2, 4335, 2528, 2542, 31, 4, 9;
7, 26, 7, 2083, 2506, 1252, 28, 103, 28;
11, 21, 12, 2156, 4377, 1261, 43, 82, 47;
1, 8, 3, 3293, 4526, 1795, 4, 33, 12;
19, 0, 0, 1954, 2684, 2321, 76, 2, 1;
18, 28, 2, 4110, 2924, 1016, 72, 110, 11;
18, 12, 12, 2211, 4740, 2759, 72, 48, 48;
18, 29, 2, 2815, 4179, 1526, 73, 114, 10;
14, 14, 2, 1754, 4828, 1851, 57, 57, 10;
8, 17, 0, 1690, 3075, 1127, 33, 66, 1;
11, 5, 12, 2557, 2777, 2448, 44, 22, 48;
5, 15, 2, 1708, 3830, 2469, 22, 59, 9;
10, 19, 11, 3892, 3794, 1677, 39, 75, 46;
13, 4, 2, 2604, 2736, 2342, 51, 19, 9;
14, 13, 1, 1743, 2631, 1831, 57, 53, 6;
13, 15, 6, 2599, 3037, 1317, 52, 61, 26;
8, 21, 11, 3406, 4876, 2103, 32, 84, 45;
6, 0, 3, 3634, 2446, 2000, 26, 0, 15;
13, 3, 11, 2514, 2510, 2821, 53, 12, 43;
16, 24, 12, 3980, 1991, 2893, 66, 97, 47;
3, 29, 8, 3737, 4775, 2127, 15, 114, 33;
3, 9, 0, 1492, 2410, 1853, 14, 38, 2;
19, 22, 5, 1491, 5182, 1760, 75, 86, 21;
2, 10, 3, 2328, 3446, 1434, 11, 41, 13;
11, 26, 12, 2950, 4422, 2493, 45, 101, 47;
6, 10, 11, 3637, 2917, 1227, 25, 41, 43;
12, 14, 1, 2084, 4444, 2605, 49, 55, 5;
5, 2, 12, 2153, 4310, 2380, 21, 11, 50;
2, 12, 8, 3075, 2980, 2883, 7, 48, 33;
14, 22, 10, 4159, 3961, 2475, 55, 86, 39;
0, 17, 5, 3550, 3792, 2616, 2, 69, 22;
9, 11, 10, 2967, 3980, 1131, 38, 46, 41;
16, 19, 9, 3846, 3474, 1504, 62, 77, 38;
5, 20, 6, 4315, 5127, 2461, 21, 78, 27;
20, 14, 0, 4014, 3163, 2428, 78, 54, 3;
2, 28, 7, 4112, 2879, 2561, 8, 111, 28;
16, 25, 10, 3960, 2529, 1761, 64, 100, 42;
11, 9, 4, 3714, 3098, 2111, 44, 35, 17;
20, 15, 6, 2882, 2624, 1568, 81, 58, 25;
14, 23, 10, 1508, 5192, 2308, 55, 92, 39;
6, 24, 1, 3913, 4969, 1737, 24, 94, 4;
3, 22, 5, 2365, 2449, 1114, 14, 87, 23;
8, 15, 8, 1790, 3406, 2492, 33, 61, 34;
8, 18, 5, 2269, 3124, 1916, 33, 73, 21;
6, 12, 11, 4192, 5391, 1796, 26, 48, 45;
9, 17, 9, 1810, 2884, 1394, 36, 69, 38;
4, 6, 5, 1935, 3962, 1361, 17, 24, 19;
18, 18, 0, 2965, 3590, 1614, 71, 70, 2;
16, 7, 11, 3204, 3922, 2918, 63, 30, 45;
9, 12, 8, 3873, 2853, 2444, 38, 49, 33;
18, 29, 10, 4353, 4231, 1898, 72, 115, 42;
11, 29, 12, 2363, 3348, 2834, 44, 114, 47;
20, 14, 10, 2855, 3322, 1080, 81, 55, 40;
8, 15, 2, 3102, 5011, 1928, 32, 62, 10;
2, 3, 8, 2366, 3484, 2808, 9, 12, 34;
601, 939, 424, 5234, 4578, 3103, 2345, 3664, 1654;
624, 751, 418, 5022, 4392, 2974, 2436, 2931, 1632;
679, 869, 431, 4865, 4259, 2897, 2648, 3390, 1683;
637, 892, 339, 4668, 4087, 2778, 2487, 3478, 1323;
582, 689, 400, 4455, 3896, 2639, 2271, 2689, 1560;
521, 726, 367, 4292, 3755, 2547, 2032, 2833, 1433;
559, 708, 405, 4124, 3608, 2448, 2181, 2764, 1581;
570, 738, 302, 3963, 3467, 2352, 2226, 2878, 1179;
540, 807, 335, 3818, 3342, 2271, 2107, 3149, 1308;
405, 793, 301, 3636, 3179, 2150, 1583, 3093, 1175;
519, 578, 324, 3517, 3077, 2088, 2025, 2256, 1265;
458, 575, 284, 3383, 2961, 2011, 1789, 2246, 1108;
425, 654, 299, 3258, 2852, 1939, 1658, 2552, 1169;
366, 568, 302, 3104, 2714, 1837, 1429, 2215, 1178;
437, 637, 212, 3008, 2634, 1791, 1705, 2487, 828;
392, 635, 239, 2861, 2501, 1691, 1532, 2478, 933;
308, 658, 204, 2742, 2397, 1619, 1204, 2569, 797;
331, 531, 184, 2648, 2315, 1568, 1294, 2072, 720;
325, 591, 235, 2533, 2214, 1495, 1270, 2306, 918;
324, 611, 187, 2434, 2127, 1437, 1266, 2384, 730;
314, 599, 162, 2340, 2045, 1383, 1226, 2337, 632;
277, 565, 189, 2287, 2004, 1367, 1083, 2204, 739;
291, 471, 189, 2170, 1898, 1286, 1137, 1837, 738;
283, 495, 154, 2114, 1853, 1265, 1107, 1934, 604;
220, 502, 183, 2004, 1752, 1188, 860, 1960, 713;
246, 455, 149, 1945, 1704, 1161, 962, 1774, 581;
227, 470, 161, 1839, 1607, 1085, 887, 1836, 630;
258, 453, 136, 1786, 1563, 1062, 1006, 1768, 533;
232, 450, 167, 1697, 1483, 1001, 906, 1756, 652;
206, 416, 159, 1642, 1436, 974, 804, 1624, 621;
182, 459, 125, 1565, 1368, 923, 711, 1793, 490;
178, 422, 146, 1523, 1333, 906, 695, 1648, 572;
210, 401, 119, 1470, 1288, 878, 819, 1565, 464;
154, 393, 119, 1400, 1225, 831, 603, 1533, 465;
161, 433, 113, 1348, 1179, 801, 630, 1690, 443;
139, 431, 99, 1273, 1112, 748, 543, 1683, 389;
154, 371, 114, 1248, 1093, 743, 600, 1450, 446;
148, 412, 93, 1187, 1037, 702, 580, 1610, 366;
125, 384, 95, 1131, 987, 665, 488, 1500, 372;
147, 387, 96, 1114, 976, 666, 577, 1511, 375;
152, 363, 94, 1073, 941, 643, 593, 1416, 370;
150, 362, 81, 1041, 914, 628, 587, 1413, 319;
109, 398, 84, 957, 835, 560, 428, 1554, 330;
124, 361, 76, 919, 801, 537, 487, 1408, 300;
107, 350, 71, 885, 772, 518, 421, 1365, 279;
114, 380, 75, 869, 760, 517, 446, 1485, 295;
115, 374, 71, 823, 719, 485, 448, 1461, 278;
113, 347, 77, 820, 720, 494, 442, 1355, 302;
99, 350, 78, 783, 686, 470, 388, 1367, 307;
88, 361, 61, 754, 662, 454, 345, 1409, 239;
93, 349, 62, 707, 619, 419, 366, 1361, 243;
81, 350, 50, 674, 589, 397, 317, 1365, 195;
74, 328, 58, 638, 556, 372, 291, 1282, 226;
80, 312, 52, 610, 532, 354, 312, 1217, 203;
86, 343, 51, 602, 526, 356, 338, 1340, 202;
73, 321, 56, 582, 510, 346, 284, 1253, 220;
78, 319, 47, 555, 485, 328, 306, 1247, 184;
64, 332, 35, 512, 445, 294, 252, 1295, 138;
58, 333, 44, 529, 464, 319, 229, 1298, 174;
59, 329, 42, 494, 432, 293, 230, 1286, 166;
59, 315, 43, 486, 427, 293, 233, 1228, 168;
60, 300, 40, 449, 392, 263, 234, 1171, 157;
62, 314, 43, 440, 385, 261, 244, 1228, 170;
45, 303, 29, 412, 359, 240, 178, 1185, 116;
47, 310, 32, 410, 360, 246, 184, 1211, 126;
49, 303, 30, 383, 335, 225, 191, 1184, 119;
50, 292, 29, 372, 325, 220, 197, 1138, 116;
42, 308, 28, 369, 324, 223, 166, 1204, 109;
51, 306, 36, 370, 326, 229, 202, 1197, 143;
39, 298, 27, 309, 267, 174, 154, 1162, 108;
35, 301, 25, 315, 276, 186, 137, 1174, 100;
39, 292, 30, 328, 290, 204, 155, 1141, 120;
42, 296, 27, 295, 258, 175, 163, 1155, 108;
36, 291, 29, 307, 272, 192, 143, 1135, 116;
36, 285, 24, 284, 250, 174, 142, 1115, 93;
39, 289, 24, 268, 235, 162, 154, 1130, 96;
33, 290, 20, 236, 205, 134, 130, 1133, 79;
25, 284, 15, 229, 199, 131, 97, 1108, 58;
32, 283, 17, 225, 196, 131, 127, 1106, 67;
34, 283, 25, 244, 216, 154, 134, 1105, 97;
1, 256, 0, 0, 0, 0, 5, 999, 2;
1, 256, 0, 0, 0, 0, 4, 999, 2;
1, 256, 0, 1, 1, 1, 5, 1000, 3;
1, 256, 0, 0, 0, 0, 5, 1000, 3;
1, 256, 0, -1, -1, -1, 3, 998, 1;
1, 256, 0, 0, 0, 0, 5, 999, 3;
1, 256, 1, 1, 1, 1, 6, 1001, 4;
1, 256, 0, 0, 0, 0, 4, 999, 2;
1, 256, 0, 0, 0, 0, 5, 1000, 3;
1, 256, 0, 0, 0, 0, 5, 1000, 3;
1, 256, 0, -1, -1, -1, 4, 998, 2;
1, 256, 1, 1, 1, 1, 5, 1000, 3;
1, 256, 0, 0, 0, 0, 5, 999, 3;
1, 256, 0, 0, 0, 0, 5, 1000, 3;
1, 256, 0, 0, 0, 0, 4, 999, 2;
1, 256, 0, -1, -1, -1, 4, 999, 2;
1, 256, 0, 0, 0, 0, 5, 1000, 3;
1, 256, 0, -1, -1, -1, 4, 999, 2;
1, 256, 0, 0, 0, 0, 4, 999, 2;
1, 256, 0, 0, 0, 0, 4, 999, 2;
1, 256, 0, -1, -1, -1, 4, 998, 2;
1, 256, 0, -1, -1, -1, 4, 999, 2;
1, 256, 0, 1, 1, 1, 5, 1000, 3;
1, 256, 0, 0, 0, 0, 5, 1000, 3;
1, 256, 0, -1, -1, -1, 3, 998, 1;
1, 256, 0, 0, 0, 0, 5, 1000, 3;
1, 256, 0, 0, 0, 0, 5, 1000, 3;
1, 256, 0, 1, 1, 1, 5, 1000, 3;
1, 256, 1, 1, 1, 1, 6, 1000, 3;
1, 256, 0, 1, 1, 1, 5, 1000, 3;
1, 256, 0, 0, 0, 0, 5, 1000, 3;
1, 256, 0, -1, -1, -1, 4, 998, 2;
1, 256, 0, -1, -1, -1, 4, 999, 2;
1, 256, 0, 1, 1, 1, 5, 1000, 3;
1, 256, 0, 0, 0, 0, 4, 999, 2;
1, 256, 1, 1, 1, 1, 6, 1001, 4;
1, 256, 1, 1, 1, 1, 6, 1001, 4;
1, 256, 0, -1, -1, -1, 4, 999, 2;
1, 256, 0, 0, 0, 0, 5, 1000, 3;
1, 256, 0, -1, -1, -1, 4, 999, 2;
1, 256, 1, 1, 1, 1, 5, 1000, 3;
1, 256, 0, 0, 0, 0, 4, 999, 2;
1, 256, 0, -1, -1, -1, 4, 999, 2;
1, 256, 0, 0, 0, 0, 4, 999, 2;
1, 256, 0, -1, -1, -1, 4, 998, 1;
1, 256, 0, 0, 0, 0, 5, 1000, 3;
1, 256, 0, 0, 0, 0, 5, 1000, 3;
1, 256, 0, 1, 1, 1, 5, 1000, 3;
1, 256, 0, 0, 0, 0, 4, 999, 2;
1, 256, 0, 0, 0, 0, 5, 999, 2;
1, 256, 0, 0, 0, 0, 4, 999, 2;
1, 256, 0, -1, -1, -1, 4, 999, 2;
1, 256, 1, 1, 1, 1, 5, 1000, 3;
1, 256, 0, 0, 0, 0, 4, 999, 2;
1, 256, 0, -1, -1, -1, 4, 998, 1;
1, 256, 0, 1, 1, 1, 5, 1000, 3;
1, 256, 0, 0, 0, 0, 5, 1000, 3;
1, 256, 0, 0, 0, 0, 5, 1000, 3;
1, 256, 0, -1, -1, -1, 4, 999, 2;
1, 256, 0, -1, -1, -1, 4, 998, 2;
1, 256, 0, -1, -1, -1, 4, 998, 2;
1, 256, 0, 0, 0, 0, 5, 1000, 3;
1, 256, 0, 0, 0, 0, 4, 999, 2;
1, 256, 0, -1, -1, -1, 3, 998, 1;
1, 256, 0, -1, -1, -1, 4, 999, 2;
1, 256, 0, 1, 1, 1, 5, 1000, 3;
1, 256, 0, 0, 0, 0, 4, 999, 2;
1, 256, 0, 0, 0, 0, 5, 999, 2;
1, 256, 1, 1, 1, 1, 6, 1001, 4;
1, 256, 0, 1, 1, 1, 5, 1000, 3;
1, 256, 0, 1, 1, 1, 5, 1000, 3;
1, 256, 0, -1, -1, -1, 4, 999, 2;
1, 256, 0, -1, -1, -1, 4, 999, 2;
1, 256, 0, 0, 0, 0, 5, 999, 3;
1, 256, 1, 1, 1, 1, 6, 1000, 4;
1, 256, 0, -1, -1, -1, 4, 999, 2;
1, 256, 0, 0, 0, 0, 5, 999, 3;
1, 256, 0, 0, 0, 0, 5, 1000, 3;
1, 256, 0, 0, 0, 0, 5, 999, 3;
1, 256, 0, 0, 0, 0, 4, 999, 2;
1, 256, 1, 1, 1, 1, 6, 1001, 4;
1, 256, 0, -1, -1, -1, 4, 999, 2;
1, 256, 0, -1, -1, -1, 4, 998, 1;
1, 256, 0, -1, -1, -1, 4, 998, 1;
1, 256, 0, -1, -1, -1, 4, 999, 2;
1, 256, 0, 0, 0, 0, 4, 999, 2;
1, 256, 0, 0, 0, 0, 5, 1000, 3;
1, 256, 1, 1, 1, 1, 6, 1001, 4;
1, 256, 0, 0, 0, 0, 4, 999, 2;
1, 256, 0, 0, 0, 0, 5, 999, 2;
1, 256, 1, 1, 1, 1, 6, 1001, 4;
1, 256, 1, 1, 1, 1, 6, 1001, 4;
1, 256, 0, 0, 0, 0, 5, 999, 3;
0, 256, 0, -1, -1, -1, 3, 998, 1;
1, 256, 0, -1, -1, -1, 4, 998, 2;
1, 256, 0, 0, 0, 0, 5, 1000, 3;
1, 256, 0, 1, 1, 1, 5, 1000, 3;
1, 256, 0, 0, 0, 0, 5, 1000, 3;
1, 256, 0, 0, 0, 0, 5, 1000, 3;
1, 256, 0, 0, 0, 0, 5, 1000, 3;
1, 256, 0, -1, -1, -1, 4, 999, 2;
1, 256, 0, -1, -1, -1, 4, 999, 2;
1, 256, 1, 1, 1, 1, 6, 1000, 3;
1, 256, 0, -1, -1, -1, 4, 998, 2;
1, 256, 0, -1, -1, -1, 3, 998, 1;
1, 256, 1, 1, 1, 1, 6, 1001, 4;
1, 256, 0, -1, -1, -1, 4, 999, 2;
1, 256, 1, 1, 1, 1, 6, 1000, 4;
1, 256, 0, 0, 0, 0, 5, 1000, 3;
1, 256, 0, 0, 0, 0, 5, 1000, 3;
1, 256, 0, 0, 0, 0, 5, 1000, 3;
1, 256, 0, 0, 0, 0, 5, 1000, 3;
1, 256, 0, 0, 0, 0, 5, 1000, 3;
1, 256, 0, 0, 0, 0, 4, 999, 2;
1, 256, 1, 1, 1, 1, 5, 1000, 3;
1, 256, 0, 0, 0, 0, 5, 1000, 3;
1, 256, 0, 1, 1, 1, 5, 1000, 3;
0, 256, 0, -1, -1, -1, 3, 998, 1;
1, 256, 1, 1, 1, 1, 5, 1000, 3;
1, 256, 0, 0, 0, 0, 5, 1000, 3;
1, 256, 0, 0, 0, 0, 4, 999, 2;
1, 256, 0, 0, 0, 0, 4, 999, 2;
1, 256, 0, -1, -1, -1, 4, 999, 2;
1, 256, 0, 0, 0, 0, 4, 999, 2;
1, 256, 0, 0, 0, 0, 5, 1000, 3;
1, 256, 0, -1, -1, -1, 4, 999, 2;
1, 256, 0, 0, 0, 0, 5, 1000, 3;
1, 256, 1, 1, 1, 1, 6, 1001, 4;
1, 256, 0, -1, -1, -1, 4, 999, 2;
1, 256, 0, -1, -1, -1, 4, 999, 2;
1, 256, 0, 0, 0, 0, 5, 1000, 3;
1, 256, 0, -1, -1, -1, 4, 998, 2;
1, 256, 0, -1, -1, -1, 4, 999, 2;
1, 256, 1, 1, 1, 1, 6, 1001, 4;
1, 256, 1, 1, 1, 1, 6, 1001, 4;
1, 256, 0, 0, 0, 0, 5, 1000, 3;
1, 256, 1, 1, 1, 1, 6, 1001, 4;
1, 256, 0, -1, -1, -1, 4, 999, 2;
1, 256, 0, -1, -1, -1, 4, 999, 2;
1, 256, 0, -1, -1, -1, 4, 999, 2;
1, 256, 0, 1, 1, 1, 5, 1000, 3;
1, 256, 0, 0, 0, 0, 5, 1000, 3;
1, 256, 0, -1, -1, -1, 4, 999, 2;
1, 256, 0, 0, 0, 0, 5, 1000, 3;
1, 256, 0, 0, 0, 0, 5, 1000, 3;
1, 256, 1, 1, 1, 1, 6, 1000, 3;
1, 256, 0, 0, 0, 0, 5, 1000, 3;
0, 256, 0, -1, -1, -1, 3, 998, 1;
1, 256, 0, -1, -1, -1, 4, 999, 2;
1, 256, 0, -1, -1, -1, 4, 999, 2;
1, 256, 0, 0, 0, 0, 5, 1000, 3;
1, 256, 0, 1, 1, 1, 5, 1000, 3;
1, 256, 0, -1, -1, -1, 4, 999, 2;
1, 256, 0, 0, 0, 0, 4, 999, 2;
1, 256, 0, -1, -1, -1, 4, 998, 2;
1, 256, 0, 0, 0, 0, 4, 999, 2;
1, 256, 0, 0, 0, 0, 5, 1000, 3;
1, 256, 1, 1, 1, 1, 6, 1001, 4;
1, 256, 0, 0, 0, 0, 4, 999, 2;
1, 256, 0, 0, 0, 0, 4, 999, 2;
1, 256, 0, 0, 0, 0, 5, 1000, 3;
1, 256, 0, 0, 0, 0, 5, 1000, 3;
1, 256, 0, 0, 0, 0, 5, 1000, 3;
1, 256, 1, 1, 1, 1, 6, 1001, 4;
1, 256, 1, 1, 1, 1, 6, 1001, 4;
1, 256, 0, 1, 1, 1, 5, 1000, 3;
1, 256, 0, 1, 1, 1, 5, 1000, 3;
1, 256, 0, -1, -1, -1, 3, 998, 1;
1, 256, 0, 0, 0, 0, 5, 1000, 3;
1, 256, 0, 0, 0, 0, 4, 999, 2;
1, 256, 1, 1, 1, 1, 5, 1000, 3;
1, 256, 0, 0, 0, 0, 5, 1000, 3;
1, 256, 0, -1, -1, -1, 4, 999, 2;
1, 256, 0, 0, 0, 0, 5, 1000, 3;
1, 256, 0, -1, -1, -1, 3, 998, 1;
1, 256, 0, 0, 0, 0, 5, 1000, 3;
1, 256, 1, 1, 1, 1, 5, 1000, 3;
0, 256, 0, -1, -1, -1, 3, 998, 1;
1, 256, 0, -1, -1, -1, 4, 999, 2;
1, 256, 0, 0, 0, 0, 5, 1000, 3;
1, 256, 0, 0, 0, 0, 4, 999, 2;
1, 256, 0, 0, 0, 0, 5, 1000, 3;
1, 256, 0, 0, 0, 0, 5, 1000, 3;
1, 256, 0, 0, 0, 0, 5, 1000, 3;
1, 256, 1, 1, 1, 1, 6, 1001, 4;
1, 256, 0, 0, 0, 0, 5, 1000, 3;
1, 256, 0, -1, -1, -1, 4, 999, 2;
1, 256, 0, 0, 0, 0, 5, 1000, 3;
1, 256, 1, 1, 1, 1, 6, 1000, 4;
1, 256, 0, 0, 0, 0, 5, 1000, 3;
1, 256, 0, 0, 0, 0, 4, 999, 2;
1, 256, 0, -1, -1, -1, 4, 999, 2;
1, 256, 0, 0, 0, 0, 5, 1000, 3;
1, 256, 0, 0, 0, 0, 5, 1000, 3;
1, 256, 0, 0, 0, 0, 4, 999, 2;
1, 256, 0, 1, 1, 1, 5, 1000, 3;
1, 256, 0, -1, -1, -1, 4, 999, 2;
1, 256, 1, 1, 1, 1, 6, 1000, 4;
1, 256, 0, 0, 0, 0, 4, 999, 2;
1, 256, 0, 1, 1, 1, 5, 1000, 3;
1, 256, 0, 0, 0, 0, 5, 1000, 3;
1, 256, 0, 0, 0, 0, 5, 1000, 3;
1, 256, 0, 0, 0, 0, 5, 1000, 3;
1, 256, 1, 1, 1, 1, 6, 1000, 4;
1, 256, 0, 0, 0, 0, 4, 999, 2;
1, 256, 0, -1, -1, -1, 4, 998, 2;
1, 256, 0, 0, 0, 0, 5, 1000, 3;
1, 256, 1, 1, 1, 1, 6, 1000, 4;
1, 256, 0, 0, 0, 0, 5, 1000, 3;
1, 256, 0, 1, 1, 1, 5, 1000, 3;
1, 256, 1, 1, 1, 1, 6, 1000, 4;
1, 256, 0, 1, 1, 1, 5, 1000, 3;
1, 256, 0, -1, -1, -1, 4, 999, 2;
1, 256, 0, 0, 0, 0, 4, 999, 2;
1, 256, 0, -1, -1, -1, 4, 999, 2;
1, 256, 0, 0, 0, 0, 5, 999, 3;
1, 256, 0, 1, 1, 1, 5, 1000, 3;
1, 256, 0, -1, -1, -1, 3, 998, 1;
1, 256, 1, 1, 1, 1, 6, 1000, 4;
1, 256, 0, 0, 0, 0, 4, 999, 2;
1, 256, 0, 0, 0, 0, 5, 1000, 3;
1, 256, 0, 0, 0, 0, 4, 999, 2;
1, 256, 0, 0, 0, 0, 5, 1000, 3;
1, 256, 0, 0, 0, 0, 4, 999, 2;
1, 256, 0, 0, 0, 0, 5, 1000, 3;
1, 256, 0, 0, 0, 0, 4, 999, 2;
1, 256, 0, -1, -1, -1, 4, 999, 2;
1, 256, 0, -1, -1, -1, 3, 998, 1;
1, 256, 1, 1, 1, 1, 6, 1001, 4;
1, 256, 0, -1, -1, -1, 4, 999, 2;
1, 256, 0, -1, -1, -1, 4, 998, 1;
1, 256, 0, 0, 0, 0, 5, 1000, 3;
1, 256, 0, 0, 0, 0, 5, 999, 3;
1, 256, 0, 0, 0, 0, 4, 999, 2;
1, 256, 0, -1, -1, -1, 4, 999, 2;
1, 256, 0, -1, -1, -1, 4, 999, 2;
1, 256, 0, 0, 0, 0, 5, 1000, 3;
1, 256, 0, 1, 1, 1, 5, 1000, 3;
1, 256, 0, -1, -1, -1, 4, 999, 2;
1, 256, 0, 0, 0, 0, 4, 999, 2;
1, 256, 0, 0, 0, 0, 4, 999, 2;
1, 256, 0, 0, 0, 0, 4, 999, 2;
1, 256, 0, 0, 0, 0, 5, 1000, 3;
1, 256, 1, 1, 1, 1, 6, 1000, 4;
1, 256, 0, 0, 0, 0, 5, 1000, 3;
1, 256, 0, 0, 0, 0, 4, 999, 2;
1, 256, 0, 0, 0, 0, 5, 1000, 3;
1, 256, 0, 0, 0, 0, 5, 1000, 3;
1, 256, 0, 0, 0, 0, 5, 1000, 3;
1, 256, 0, 0, 0, 0, 4, 999, 2;
1, 256, 1, 1, 1, 1, 6, 1000, 4;
1, 256, 0, 0, 0, 0, 4, 999, 2;
1, 256, 0, 0, 0, 0, 5, 1000, 3;
1, 256, 0, -1, -1, -1, 4, 999, 2;
1, 256, 0, 0, 0, 0, 5, 1000, 3;
1, 256, 0, 1, 1, 1, 5, 1000, 3;
1, 256, 1, 1, 1, 1, 6, 1000, 4;
1, 256, 1, 1, 1, 1, 6, 1001, 4;
1, 256, 0, -1, -1, -1, 4, 998, 1;
1, 256, 0, 0, 0, 0, 5, 1000, 3;
1, 256, 0, 0, 0, 0, 5, 1000, 3;
1, 256, 0, 0, 0, 0, 5, 1000, 3;
1, 256, 0, -1, -1, -1, 4, 999, 2;
1, 256, 0, 1, 1, 1, 5, 1000, 3;
1, 256, 1, 1, 1, 1, 6, 1001, 4;
1, 256, 0, 0, 0, 0, 5, 1000, 3;
1, 256, 0, -1, -1, -1, 4, 998, 2;
0, 256, 0, -1, -1, -1, 3, 998, 1;
1, 256, 0, -1, -1, -1, 4, 998, 2;
1, 256, 0, 0, 0, 0, 5, 1000, 3;
1, 256, 0, -1, -1, -1, 4, 999, 2;
1, 256, 0, 0, 0, 0, 5, 1000, 3;
1, 256, 0, 0, 0, 0, 4, 999, 2;
1, 256, 0, -1, -1, -1, 4, 999, 2;
1, 256, 0, 0, 0, 0, 4, 999, 2;
1, 256, 0, 0, 0, 0, 5, 1000, 3;
1, 256, 0, 0, 0, 0, 4, 999, 2;
1, 256, 0, 1, 1, 1, 5, 1000, 3;
1, 256, 0, -1, -1, -1, 4, 999, 2;
1, 256, 0, -1, -1, -1, 4, 999, 2;
1, 256, 0, 0, 0, 0, 4, 999, 2;
1, 256, 0, 0, 0, 0, 4, 999, 2;
1, 256, 0, 0, 0, 0, 4, 999, 2;
1, 256, 0, 0, 0, 0, 4, 999, 2;
1, 256, 0, 0, 0, 0, 4, 999, 2;
1, 256, 0, -1, -1, -1, 4, 999, 2;
1, 256, 0, -1, -1, -1, 4, 998, 1;
1, 256, 0, 0, 0, 0, 4, 999, 2;
1, 256, 0, 0, 0, 0, 5, 1000, 3;
1, 256, 0, -1, -1, -1, 4, 999, 2;
1, 256, 0, -1, -1, -1, 4, 999, 2;
1, 256, 1, 1, 1, 1, 6, 1001, 4;
1, 256, 0, -1, -1, -1, 4, 999, 2;
1, 256, 0, -1, -1, -1, 3, 998, 1;
1, 256, 0, -1, -1, -1, 4, 999, 2;
1, 256, 0, 0, 0, 0, 5, 999, 2;
1, 256, 1, 1, 1, 1, 6, 1001, 4;
1, 256, 0, 0, 0, 0, 5, 1000, 3;
1, 256, 0, 0, 0, 0, 5, 1000, 3;
1, 256, 0, 0, 0, 0, 5, 999, 3;
1, 256, 0, -1, -1, -1, 4, 998, 1;
1, 256, 0, 0, 0, 0, 4, 999, 2;
1, 256, 0, -1, -1, -1, 4, 999, 2;
1, 256, 0, 0, 0, 0, 5, 1000, 3;
1, 256, 0, 1, 1, 1, 5, 1000, 3;
1, 256, 0, -1, -1, -1, 4, 999, 2;
1, 256, 0, 0, 0, 0, 5, 1000, 3;
1, 256, 1, 1, 1, 1, 6, 1000, 3;
1, 256, 0, 0, 0, 0, 5, 1000, 3;
1, 256, 0, -1, -1, -1, 4, 999, 2;
1, 256, 0, -1, -1, -1, 4, 999, 2;
1, 256, 0, 0, 0, 0, 5, 999, 3;
1, 256, 0, 1, 1, 1, 5, 1000, 3;
1, 256, 1, 1, 1, 1, 6, 1000, 4;
1, 256, 0, 0, 0, 0, 5, 999, 2;
1, 256, 0, 0, 0, 0, 5, 1000, 3;
1, 256, 0, 0, 0, 0, 5, 1000, 3;
1, 256, 0, 0, 0, 0, 5, 1000, 3;
1, 256, 0, -1, -1, -1, 4, 998, 2;
1, 256, 0, 1, 1, 1, 5, 1000, 3;
1, 256, 0, 0, 0, 0, 5, 1000, 3;
1, 256, 0, 1, 1, 1, 5, 1000, 3;
1, 256, 0, 0, 0, 0, 4, 999, 2;
1, 256, 0, -1, -1, -1, 4, 999, 2;
1, 256, 0, -1, -1, -1, 4, 999, 2;
1, 256, 0, 0, 0, 0, 5, 1000, 3;
1, 256, 1, 1, 1, 1, 6, 1001, 4;
1, 256, 1, 1, 1, 1, 6, 1001, 4;
1, 256, 0, 0, 0, 0, 4, 999, 2;
1, 256, 0, 1, 1, 1, 5, 1000, 3;
1, 256, 1, 1, 1, 1, 6, 1000, 4;
1, 256, 1, 1, 1, 1, 6, 1001, 4;
1, 256, 0, 0, 0, 0, 5, 1000, 3;
1, 256, 1, 1, 1, 1, 6, 1000, 4;
1, 256, 0, 1, 1, 1, 5, 1000, 3;
1, 256, 0, -1, -1, -1, 3, 998, 1;
1, 256, 0, 1, 1, 1, 5, 1000, 3;
1, 256, 1, 1, 1, 1, 6, 1001, 4;
1, 256, 0, 1, 1, 1, 5, 1000, 3;
1, 256, 0, 0, 0, 0, 4, 999, 2;
1, 256, 0, 1, 1, 1, 5, 1000, 3;
1, 256, 0, 1, 1, 1, 5, 1000, 3;
1, 256, 0, 0, 0, 0, 5, 1000, 3;
1, 256, 0, 0, 0, 0, 5, 1000, 3;
1, 256, 0, 0, 0, 0, 5, 1000, 3;
1, 256, 0, -1, -1, -1, 4, 999, 2;
1, 256, 0, 1, 1, 1, 5, 1000, 3;
1, 256, 1, 1, 1, 1, 6, 1000, 4;
1, 256, 0, -1, -1, -1, 4, 999, 2;
0, 256, 0, -1, -1, -1, 3, 998, 1;
1, 256, 0, 0, 0, 0, 5, 1000, 3;
1, 256, 0, 0, 0, 0, 4, 999, 2;
1, 256, 0, 0, 0, 0, 4, 999, 2;
1, 256, 0, 0, 0, 0, 5, 1000, 3;
1, 256, 0, 0, 0, 0, 5, 1000, 3;
1, 256, 0, 0, 0, 0, 4, 999, 2;
1, 256, 0, 0, 0, 0, 5, 1000, 3;
1, 256, 0, 1, 1, 1, 5, 1000, 3;
1, 256, 1, 1, 1, 1, 6, 1000, 4;
1, 256, 0, 0, 0, 0, 4, 999, 2;
1, 256, 1, 1, 1, 1, 6, 1001, 4;
1, 256, 1, 1, 1, 1, 6, 1001, 4;
1, 256, 0, 0, 0, 0, 5, 1000, 3;
1, 256, 0, 0, 0, 0, 5, 1000, 3;
1, 256, 0, 0, 0, 0, 5, 1000, 3;
1, 256, 0, 0, 0, 0, 4, 999, 2;
1, 256, 0, 0, 0, 0, 5, 1000, 3;
1, 256, 0, 0, 0, 0, 5, 1000, 3;
1, 256, 0, -1, -1, -1, 4, 999, 2;
1, 256, 0, 0, 0, 0, 5, 1000, 3;
1, 256, 0, 0, 0, 0, 4, 999, 2;
1, 256, 1, 1, 1, 1, 6, 1000, 4;
1, 256, 0, 0, 0, 0, 5, 1000, 3;
1, 256, 1, 1, 1, 1, 6, 1000, 4;
1, 256, 1, 1, 1, 1, 6, 1001, 4;
1, 256, 0, 0, 0, 0, 4, 999, 2;
1, 256, 1, 1, 1, 1, 6, 1001, 4;
1, 256, 0, 0, 0, 0, 5, 1000, 3;
1, 256, 0, 1, 1, 1, 5, 1000, 3;
1, 256, 0, 0, 0, 0, 5, 1000, 3;
1, 256, 1, 1, 1, 1, 6, 1000, 4;
1, 256, 0, -1, -1, -1, 4, 999, 2;
1, 256, 0, 0, 0, 0, 5, 1000, 3;
1, 256, 0, -1, -1, -1, 4, 999, 2;
1, 256, 0, 0, 0, 0, 4, 999, 2;
1, 256, 0, 0, 0, 0, 5, 1000, 3;
1, 256, 0, 0, 0, 0, 4, 999, 2;
1, 256, 0, 0, 0, 0, 4, 999, 2;
1, 256, 0, 0, 0, 0, 5, 1000, 3;
1, 256, 0, 0, 0, 0, 4, 999, 2;
1, 256, 0, 0, 0, 0, 5, 1000, 3;
1, 256, 0, 0, 0, 0, 4, 999, 2;
1, 256, 0, -1, -1, -1, 4, 998, 1;
1, 256, 0, 0, 0, 0, 4, 999, 2;
1, 256, 0, 0, 0, 0, 5, 1000, 3;
1, 256, 0, 0, 0, 0, 4, 999, 2;
1, 256, 0, -1, -1, -1, 4, 999, 2;
1, 256, 0, -1, -1, -1, 4, 998, 1;
0, 256, 0, -1, -1, -1, 3, 998, 1;
1, 256, 0, 0, 0, 0, 4, 999, 2;
1, 256, 0, 1, 1, 1, 5, 1000, 3;
1, 256, 0, 0, 0, 0, 5, 1000, 3;
1, 256, 0, -1, -1, -1, 4, 999, 2;
1, 256, 0, 1, 1, 1, 5, 1000, 3;
1, 256, 0, 0, 0, 0, 4, 999, 2;
0, 256, 0, -1, -1, -1, 3, 998, 1;
1, 256, 1, 1, 1, 1, 6, 1001, 4;
1, 256, 0, -1, -1, -1, 4, 999, 2;
1, 256, 0, 0, 0, 0, 4, 999, 2;
1, 256, 1, 1, 1, 1, 6, 1001, 4;
1, 256, 0, -1, -1, -1, 4, 999, 2;
0, 256, 0, -1, -1, -1, 3, 998, 1;
1, 256, 1, 1, 1, 1, 6, 1001, 4;
1, 256, 0, -1, -1, -1, 4, 998, 2;
1, 256, 0, -1, -1, -1, 4, 999, 2;
1, 256, 1, 1, 1, 1, 6, 1001, 4;
1, 256, 0, -1, -1, -1, 4, 998, 2;
1, 256, 0, -1, -1, -1, 3, 998, 1;
1, 256, 0, 0, 0, 0, 5, 1000, 3;
1, 256, 1, 1, 1, 1, 5, 1000, 3;
1, 256, 0, 0, 0, 0, 5, 1000, 3;
1, 256, 0, -1, -1, -1, 4, 999, 2;
1, 256, 0, 0, 0, 0, 5, 1000, 3;
1, 256, 1, 1, 1, 1, 6, 1000, 4;
1, 256, 0, 0, 0, 0, 5, 1000, 3;
1, 256, 0, 0, 0, 0, 5, 1000, 3;
1, 256, 0, 1, 1, 1, 5, 1000, 3;
1, 256, 0, 0, 0, 0, 5, 1000, 3;
1, 256, 0, 0, 0, 0, 4, 999, 2;
1, 256, 1, 1, 1, 1, 5, 1000, 3;
1, 256, 0, -1, -1, -1, 4, 999, 2;
1, 256, 0, 0, 0, 0, 5, 1000, 3;
1, 256, 0, 0, 0, 0, 5, 999, 2;
1, 256, 0, 0, 0, 0, 5, 1000, 3;
1, 256, 0, -1, -1, -1, 4, 998, 2;
1, 256, 0, 0, 0, 0, 4, 999, 2;
1, 256, 0, 0, 0, 0, 5, 1000, 3;
1, 256, 0, 1, 1, 1, 5, 1000, 3;
1, 256, 0, -1, -1, -1, 4, 999, 2;
1, 256, 0, 0, 0, 0, 4, 999, 2;
1, 256, 1, 1, 1, 1, 5, 1000, 3;
1, 256, 0, 0, 0, 0, 4, 999, 2;
1, 256, 0, 0, 0, 0, 5, 1000, 3;
1, 256, 0, 0, 0, 0, 4, 999, 2;
1, 256, 1, 1, 1, 1, 6, 1001, 4;
1, 256, 0, -1, -1, -1, 4, 999, 2;
1, 256, 0, 0, 0, 0, 5, 1000, 3;
1, 256, 0, 0, 0, 0, 4, 999, 2;
1, 256, 0, -1, -1, -1, 4, 999, 2;
1, 256, 0, 0, 0, 0, 5, 999, 3;
1, 256, 0, 0, 0, 0, 5, 1000, 3;
1, 256, 0, 0, 0, 0, 5, 1000, 3;
1, 256, 0, 0, 0, 0, 5, 1000, 3;
1, 256, 0, 0, 0, 0, 4, 999, 2;
1, 256, 0, 0, 0, 0, 5, 1000, 3;
1, 256, 1, 1, 1, 1, 6, 1001, 4;
1, 256, 0, 1, 1, 1, 5, 1000, 3;
1, 256, 0, -1, -1, -1, 4, 999, 2;
1, 256, 0, 0, 0, 0, 5, 1000, 3;
1, 256, 0, 0, 0, 0, 5, 1000, 3;
1, 256, 0, 0, 0, 0, 4, 999, 2;
1, 256, 0, 0, 0, 0, 4, 999, 2;
1, 256, 0, 0, 0, 0, 4, 999, 2;
1, 256, 1, 1, 1, 1, 5, 1000, 3;
1, 256, 0, 0, 0, 0, 5, 999, 2;
1, 256, 1, 1, 1, 1, 6, 1000, 4;
1, 256, 0, -1, -1, -1, 4, 998, 2;
1, 256, 0, 0, 0, 0, 5, 1000, 3;
1, 256, 0, -1, -1, -1, 4, 999, 2;
1, 256, 0, 0, 0, 0, 4, 999, 2;
1, 256, 0, 0, 0, 0, 5, 999, 3;
1, 256, 0, 0, 0, 0, 5, 1000, 3;
1, 256, 0, 0, 0, 0, 4, 999, 2;
1, 256, 0, -1, -1, -1, 4, 999, 2;
1, 256, 0, 1, 1, 1, 5, 1000, 3;
1, 256, 0, 0, 0, 0, 4, 999, 2;
1, 256, 0, -1, -1, -1, 4, 999, 2;
1, 256, 0, 0, 0, 0, 4, 999, 2;
1, 256, 1, 1, 1, 1, 6, 1001, 4;
1, 256, 0, -1, -1, -1, 4, 999, 2;
1, 256, 0, -1, -1, -1, 4, 999, 2;
1, 256, 0, -1, -1, -1, 3, 998, 1;
1, 256, 1, 1, 1, 1, 5, 1000, 3;
1, 256, 0, 0, 0, 0, 5, 1000, 3;
1, 256, 0, 1, 1, 1, 5, 1000, 3;
1, 256, 0, -1, -1, -1, 4, 999, 2;
1, 256, 0, 0, 0, 0, 4, 999, 2;
1, 256, 0, 0, 0, 0, 4, 999, 2;
1, 256, 0, -1, -1, -1, 4, 998, 2;
1, 256, 1, 1, 1, 1, 5, 1000, 3;
1, 256, 0, 0, 0, 0, 4, 999, 2;
1, 256, 0, 0, 0, 0, 4, 999, 2;
1, 256, 1, 1, 1, 1, 6, 1001, 4;
1, 256, 0, 0, 0, 0, 5, 1000, 3;
1, 256, 0, 0, 0, 0, 5, 1000, 3;
1, 256, 0, 0, 0, 0, 5, 1000, 3;
1, 256, 0, 0, 0, 0, 5, 1000, 3;
1, 256, 0, 0, 0, 0, 5, 1000, 3;
1, 256, 0, 0, 0, 0, 4, 999, 2;
1, 256, 0, 0, 0, 0, 5, 1000, 3;
1, 256, 0, 0, 0, 0, 5, 1000, 3;
1, 256, 1, 1, 1, 1, 5, 1000, 3;
1, 256, 0, -1, -1, -1, 4, 998, 2;
1, 256, 0, 0, 0, 0, 4, 999, 2;
1, 256, 0, -1, -1, -1, 4, 999, 2;
1, 256, 0, 0, 0, 0, 5, 1000, 3;
1, 256, 0, -1, -1, -1, 4, 999, 2;
1, 256, 0, -1, -1, -1, 3, 998, 1;
1, 256, 0, 0, 0, 0, 5, 1000, 3;
0, 256, 0, -1, -1, -1, 3, 998, 1;
1, 256, 0, 0, 0, 0, 4, 999, 2;
1, 256, 1, 1, 1, 1, 6, 1001, 4;
1, 256, 0, 0, 0, 0, 4, 999, 2;
1, 256, 0, 0, 0, 0, 5, 1000, 3;
1, 256, 0, 0, 0, 0, 5, 1000, 3;
1, 256, 0, -1, -1, -1, 4, 999, 2;
1, 256, 0, -1, -1, -1, 3, 998, 1;
1, 256, 0, 0, 0, 0, 5, 999, 3;
1, 256, 0, 0, 0, 0, 4, 999, 2;
1, 256, 0, 0, 0, 0, 4, 999, 2;
1, 256, 1, 1, 1, 1, 6, 1000, 4;
1, 256, 0, 0, 0, 0, 5, 1000, 3;
1, 256, 0, -1, -1, -1, 4, 999, 2;
1, 256, 0, -1, -1, -1, 4, 999, 2;
1, 256, 0, 1, 1, 1, 5, 1000, 3;
1, 256, 1, 1, 1, 1, 6, 1001, 4;
1, 256, 0, 1, 1, 1, 5, 1000, 3;
1, 256, 0, 1, 1, 1, 5, 1000, 3;
1, 256, 0, 1, 1, 1, 5, 1000, 3;
1, 256, 0, -1, -1, -1, 4, 999, 2;
1, 256, 0, 0, 0, 0, 5, 999, 3;
1, 256, 0, 0, 0, 0, 5, 1000, 3;
1, 256, 1, 1, 1, 1, 6, 1000, 3;
1, 256, 0, 0, 0, 0, 5, 1000, 3;
1, 256, 0, 0, 0, 0, 4, 999, 2;
1, 256, 1, 1, 1, 1, 6, 1000, 3;
1, 256, 1, 1, 1, 1, 6, 1001, 4;
1, 256, 0, 1, 1, 1, 5, 1000, 3;
1, 256, 0, 0, 0, 0, 5, 1000, 3;
1, 256, 0, 0, 0, 0, 5, 1000, 3;
1, 256, 0, 0, 0, 0, 5, 1000, 3;
1, 256, 0, 0, 0, 0, 5, 1000, 3;
1, 256, 0, -1, -1, -1, 4, 999, 2;
1, 256, 0, -1, -1, -1, 4, 998, 2;
1, 256, 1, 1, 1, 1, 5, 1000, 3;
1, 256, 0, 1, 1, 1, 5, 1000, 3;
1, 256, 0, -1, -1, -1, 4, 999, 2;
1, 256, 0, -1, -1, -1, 4, 998, 2;
1, 256, 0, 0, 0, 0, 5, 1000, 3;
1, 256, 0, 0, 0, 0, 4, 999, 2;
1, 256, 1, 1, 1, 1, 5, 1000, 3;
1, 256, 0, 0, 0, 0, 4, 999, 2;
1, 256, 0, 0, 0, 0, 5, 999, 3;
1, 256, 1, 1, 1, 1, 6, 1001, 4;
1, 256, 0, -1, -1, -1, 4, 998, 2;
1, 256, 0, -1, -1, -1, 4, 999, 2;
1, 256, 0, 1, 1, 1, 5, 1000, 3;
1, 256, 0, -1, -1, -1, 4, 999, 2;
1, 256, 0, -1, -1, -1, 4, 999, 2;
1, 256, 0, 0, 0, 0, 5, 1000, 3;
1, 256, 0, 0, 0, 0, 5, 1000, 3;
1, 256, 0, 0, 0, 0, 4, 999, 2;
1, 256, 0, -1, -1, -1, 4, 999, 2;
1, 256, 0, 0, 0, 0, 5, 1000, 3;
1, 256, 0, 1, 1, 1, 5, 1000, 3;
1, 256, 0, -1, -1, -1, 4, 998, 2;
1, 256, 1, 1, 1, 1, 6, 1001, 4;
1, 256, 0, -1, -1, -1, 3, 998, 1;
1, 256, 0, 0, 0, 0, 4, 999, 2;
1, 256, 0, 0, 0, 0, 5, 1000, 3;
1, 256, 0, -1, -1, -1, 4, 998, 2;
1, 256, 1, 1, 1, 1, 6, 1001, 4;
1, 256, 0, 0, 0, 0, 4, 999, 2;
1, 256, 0, 0, 0, 0, 4, 999, 2;
1, 256, 0, -1, -1, -1, 4, 999, 2;
1, 256, 1, 1, 1, 1, 5, 1000, 3;
1, 256, 0, 0, 0, 0, 5, 1000, 3;
1, 256, 0, 0, 0, 0, 5, 1000, 3;
1, 256, 1, 1, 1, 1, 5, 1000, 3;
1, 256, 0, 0, 0, 0, 4, 999, 2;
1, 256, 0, 1, 1, 1, 5, 1000, 3;
1, 256, 1, 1, 1, 1, 6, 1001, 4;
1, 256, 0, 0, 0, 0, 5, 1000, 3;
1, 256, 0, 1, 1, 1, 5, 1000, 3;
1, 256, 0, 0, 0, 0, 5, 1000, 3;
1, 256, 0, 0, 0, 0, 5, 1000, 3;
1, 256, 0, -1, -1, -1, 4, 999, 2;
1, 256, 0, -1, -1, -1, 4, 999, 2;
1, 256, 0, 0, 0, 0, 4, 999, 2;
1, 256, 0, 0, 0, 0, 5, 1000, 3;
1, 256, 0, 0, 0, 0, 4, 999, 2;
1, 256, 0, 0, 0, 0, 4, 999, 2;
1, 256, 0, 0, 0, 0, 5, 1000, 3;
1, 256, 0, -1, -1, -1, 4, 999, 2;
1, 256, 1, 1, 1, 1, 5, 1000, 3;
1, 256, 0, -1, -1, -1, 4, 999, 2;
1, 256, 0, 0, 0, 0, 4, 999, 2;
1, 256, 0, 0, 0, 0, 5, 1000, 3;
1, 256, 0, 0, 0, 0, 4, 999, 2;
1, 256, 0, 1, 1, 1, 5, 1000, 3;
0, 256, 0, -1, -1, -1, 3, 998, 1;
1, 256, 0, 0, 0, 0, 5, 1000, 3;
1, 256, 0, 0, 0, 0, 4, 999, 2;
1, 256, 0, -1, -1, -1, 4, 999, 2;
1, 256, 1, 1, 1, 1, 6, 1001, 4;
1, 256, 0, -1, -1, -1, 4, 999, 2;
1, 256, 0, 0, 0, 0, 4, 999, 2;
1, 256, 1, 1, 1, 1, 6, 1000, 4;
1, 256, 0, -1, -1, -1, 4, 999, 2;
1, 256, 1, 1, 1, 1, 6, 1001, 4;
1, 256, 0, -1, -1, -1, 3, 998, 1;
1, 256, 0, 0, 0, 0, 4, 999, 2;
1, 256, 1, 1, 1, 1, 5, 1000, 3;
1, 256, 0, 0, 0, 0, 5, 1000, 3;
1, 256, 0, 1, 1, 1, 5, 1000, 3;
1, 256, 0, 0, 0, 0, 4, 999, 2;
1, 256, 0, 1, 1, 1, 5, 1000, 3;
1, 256, 0, 1, 1, 1, 5, 1000, 3;
1, 256, 0, -1, -1, -1, 4, 999, 2;
1, 256, 0, 0, 0, 0, 5, 1000, 3;
1, 256, 0, 0, 0, 0, 5, 999, 3;
1, 256, 0, 0, 0, 0, 5, 1000, 3;
1, 256, 0, 0, 0, 0, 5, 1000, 3;
1, 256, 0, 0, 0, 0, 5, 999, 3;
1, 256, 0, 0, 0, 0, 5, 1000, 3;
1, 256, 0, 1, 1, 1, 5, 1000, 3;
1, 256, 0, 0, 0, 0, 5, 1000, 3;
1, 256, 0, -1, -1, -1, 3, 998, 1;
1, 256, 1, 1, 1, 1, 6, 1001, 4;
1, 256, 1, 1, 1, 1, 6, 1001, 4;
1, 256, 0, 1, 1, 1, 5, 1000, 3;
1, 256, 0, 0, 0, 0, 5, 1000, 3;
1, 256, 0, 1, 1, 1, 5, 1000, 3;
1, 256, 0, -1, -1, -1, 4, 999, 2;
1, 256, 0, 0, 0, 0, 5, 999, 3;
1, 256, 0, 0, 0, 0, 5, 1000, 3;
1, 256, 0, -1, -1, -1, 4, 999, 2;
1, 256, 0, -1, -1, -1, 4, 999, 2;
1, 256, 0, 0, 0, 0, 5, 1000, 3;
1, 256, 0, 0, 0, 0, 4, 999, 2;
1, 256, 0, -1, -1, -1, 4, 998, 2;
1, 256, 0, 0, 0, 0, 4, 999, 2;
1, 256, 0, 1, 1, 1, 5, 1000, 3;
1, 256, 0, 0, 0, 0, 5, 1000, 3;
1, 256, 0, 0, 0, 0, 4, 999, 2;
1, 256, 0, -1, -1, -1, 4, 999, 2;
1, 256, 0, 1, 1, 1, 5, 1000, 3;
1, 256, 0, 1, 1, 1, 5, 1000, 3;
1, 256, 1, 1, 1, 1, 6, 1001, 4;
1, 256, 0, 0, 0, 0, 5, 1000, 3;
1, 256, 1, 1, 1, 1, 6, 1001, 4;
1, 256, 1, 1, 1, 1, 6, 1001, 4;
1, 256, 0, 0, 0, 0, 5, 1000, 3;
1, 256, 0, -1, -1, -1, 4, 998, 1;
1, 256, 0, 0, 0, 0, 4, 999, 2;
1, 256, 1, 1, 1, 1, 5, 1000, 3;
1, 256, 0, 1, 1, 1, 5, 1000, 3;
1, 256, 0, 0, 0, 0, 5, 999, 3;
1, 256, 0, 0, 0, 0, 5, 999, 2;
1, 256, 0, 1, 1, 1, 5, 1000, 3;
0, 256, 0, -1, -1, -1, 3, 998, 1;
1, 256, 0, 0, 0, 0, 5, 1000, 3;
1, 256, 0, -1, -1, -1, 4, 998, 1;
1, 256, 1, 1, 1, 1, 6, 1000, 4;
1, 256, 0, 0, 0, 0, 4, 999, 2;
1, 256, 0, 0, 0, 0, 5, 1000, 3;
1, 256, 0, -1, -1, -1, 3, 998, 1;
1, 256, 0, 0, 0, 0, 5, 1000, 3;
1, 256, 0, 1, 1, 1, 5, 1000, 3;
1, 256, 0, -1, -1, -1, 4, 999, 2;
1, 256, 0, 0, 0, 0, 5, 1000, 3;
1, 256, 0, 1, 1, 1, 5, 1000, 3;
1, 256, 0, 0, 0, 0, 4, 999, 2;
1, 256, 0, 0, 0, 0, 4, 999, 2;
1, 256, 1, 1, 1, 1, 6, 1000, 4;
1, 256, 1, 1, 1, 1, 6, 1000, 3;
1, 256, 0, -1, -1, -1, 3, 998, 1;
1, 256, 0, 0, 0, 0, 5, 1000, 3;
1, 256, 0, -1, -1, -1, 3, 998, 1;
1, 256, 0, 0, 0, 0, 4, 999, 2;
1, 256, 0, -1, -1, -1, 4, 999, 2;
1, 256, 0, 0, 0, 0, 5, 1000, 3;
0, 256, 0, -1, -1, -1, 3, 998, 1;
1, 256, 0, 0, 0, 0, 4, 999, 2;
1, 256, 0, 0, 0, 0, 4, 999, 2;
1, 256, 0, 0, 0, 0, 4, 999, 2;
1, 256, 0, -1, -1, -1, 4, 999, 2;
1, 256, 0, 1, 1, 1, 5, 1000, 3;
1, 256, 0, -1, -1, -1, 4, 999, 2;
0, 256, 0, -1, -1, -1, 3, 998, 1;
1, 256, 0, 0, 0, 0, 4, 999, 2;
1, 256, 0, 0, 0, 0, 5, 1000, 3;
1, 256, 0, -1, -1, -1, 3, 998, 1;
1, 256, 0, 0, 0, 0, 4, 999, 2;
1, 256, 0, 0, 0, 0, 5, 1000, 3;
1, 256, 0, -1, -1, -1, 4, 998, 1;
1, 256, 0, 0, 0, 0, 5, 999, 3;
1, 256, 1, 1, 1, 1, 5, 1000, 3;
1, 256, 0, 1, 1, 1, 5, 1000, 3;
1, 256, 0, 0, 0, 0, 5, 1000, 3;
1, 256, 1, 1, 1, 1, 5, 1000, 3;
1, 256, 0, 0, 0, 0, 5, 1000, 3;
1, 256, 0, 0, 0, 0, 4, 999, 2;
1, 256, 1, 1, 1, 1, 6, 1001, 4;
1, 256, 0, 0, 0, 0, 5, 1000, 3;
1, 256, 0, -1, -1, -1, 4, 999, 2;
1, 256, 0, 0, 0, 0, 5, 1000, 3;
1, 256, 0, 0, 0, 0, 5, 1000, 3;
1, 256, 0, -1, -1, -1, 4, 998, 2;
1, 256, 0, 0, 0, 0, 5, 1000, 3;
1, 256, 0, 0, 0, 0, 4, 999, 2;
1, 256, 1, 1, 1, 1, 6, 1001, 4;
1, 256, 1, 1, 1, 1, 6, 1000, 3;
1, 256, 0, 0, 0, 0, 5, 1000, 3;
1, 256, 1, 1, 1, 1, 6, 1001, 4;
1, 256, 0, 0, 0, 0, 5, 1000, 3;
1, 256, 0, 0, 0, 0, 4, 999, 2;
1, 256, 0, 0, 0, 0, 4, 999, 2;
1, 256, 0, -1, -1, -1, 4, 999, 2;
1, 256, 0, 0, 0, 0, 4, 999, 2;
1, 256, 0, -1, -1, -1, 4, 998, 2;
1, 256, 0, 0, 0, 0, 5, 1000, 3;
1, 256, 0, 0, 0, 0, 5, 1000, 3;
1, 256, 0, 1, 1, 1, 5, 1000, 3;
1, 256, 0, 0, 0, 0, 5, 1000, 3;
1, 256, 0, 0, 0, 0, 4, 999, 2;
1, 256, 0, 0, 0, 0, 4, 999, 2;
1, 256, 0, -1, -1, -1, 4, 999, 2;
1, 256, 0, 0, 0, 0, 4, 999, 2;
1, 256, 0, -1, -1, -1, 4, 999, 2;
1, 256, 0, 1, 1, 1, 5, 1000, 3;
1, 256, 0, 0, 0, 0, 5, 1000, 3;
1, 256, 0, 0, 0, 0, 5, 999, 3;
1, 256, 0, -1, -1, -1, 3, 998, 1;
1, 256, 0, 0, 0, 0, 4, 999, 2;
1, 256, 0, -1, -1, -1, 4, 999, 2;
1, 256, 0, -1, -1, -1, 4, 999, 2;
1, 256, 0, 0, 0, 0, 5, 999, 3;
1, 256, 0, 0, 0, 0, 4, 999, 2;
1, 256, 0, 0, 0, 0, 4, 999, 2;
1, 256, 0, 0, 0, 0, 5, 1000, 3;
1, 256, 0, 0, 0, 0, 5, 1000, 3;
1, 256, 0, 0, 0, 0, 4, 999, 2;
0, 256, 0, -1, -1, -1, 3, 998, 1;
1, 256, 0, -1, -1, -1, 4, 999, 2;
1, 256, 1, 1, 1, 1, 6, 1001, 4;
1, 256, 0, -1, -1, -1, 4, 999, 2;
1, 256, 0, 0, 0, 0, 5, 1000, 3;
1, 256, 0, 0, 0, 0, 4, 999, 2;
1, 256, 0, 1, 1, 1, 5, 1000, 3;
1, 256, 0, 0, 0, 0, 4, 999, 2;
1, 256, 0, 0, 0, 0, 5, 1000, 3;
1, 256, 0, 0, 0, 0, 5, 1000, 3;
1, 256, 0, 0, 0, 0, 5, 1000, 3;
1, 256, 0, 1, 1, 1, 5, 1000, 3;
1, 256, 0, -1, -1, -1, 4, 999, 2;
1, 256, 0, 1, 1, 1, 5, 1000, 3;
1, 256, 0, -1, -1, -1, 4, 999, 2;
1, 256, 0, 1, 1, 1, 5, 1000, 3;
1, 256, 0, 0, 0, 0, 5, 1000, 3;
1, 256, 0, 0, 0, 0, 4, 999, 2;
1, 256, 0, 0, 0, 0, 5, 1000, 3;
1, 256, 1, 1, 1, 1, 6, 1001, 4;
1, 256, 0, 0, 0, 0, 4, 999, 2;
1, 256, 1, 1, 1, 1, 6, 1001, 4;
1, 256, 0, 0, 0, 0, 5, 1000, 3;
1, 256, 1, 1, 1, 1, 6, 1001, 4;
1, 256, 0, 0, 0, 0, 4, 999, 2;
1, 256, 1, 1, 1, 1, 6, 1001, 4;
1, 256, 0, 0, 0, 0, 5, 1000, 3;
1, 256, 0, 0, 0, 0, 5, 1000, 3;
1, 256, 0, 0, 0, 0, 5, 1000, 3;
1, 256, 0, 0, 0, 0, 5, 1000, 3;
1, 256, 1, 1, 1, 1, 6, 1001, 4;
1, 256, 0, 0, 0, 0, 4, 999, 2;
1, 256, 0, -1, -1, -1, 4, 998, 1;
1, 256, 0, 1, 1, 1, 5, 1000, 3;
1, 256, 0, 0, 0, 0, 5, 1000, 3;
1, 256, 0, 0, 0, 0, 5, 1000, 3;
1, 256, 0, 0, 0, 0, 4, 999, 2;
1, 256, 0, 0, 0, 0, 4, 999, 2;
1, 256, 0, 0, 0, 0, 4, 999, 2;
1, 256, 0, 0, 0, 0, 4, 999, 2;
1, 256, 0, -1, -1, -1, 4, 998, 2;
1, 256, 0, 0, 0, 0, 5, 1000, 3;
1, 256, 0, 0, 0, 0, 4, 999, 2;
1, 256, 0, 0, 0, 0, 4, 999, 2;
1, 256, 0, 0, 0, 0, 5, 1000, 3;
1, 256, 0, 0, 0, 0, 4, 999, 2;
1, 256, 0, 0, 0, 0, 4, 999, 2;
1, 256, 0, 0, 0, 0, 5, 1000, 3;
1, 256, 0, 0, 0, 0, 5, 1000, 3;
1, 256, 1, 1, 1, 1, 6, 1000, 4;
1, 256, 0, 0, 0, 0, 4, 999, 2;
1, 256, 0, -1, -1, -1, 4, 999, 2;
1, 256, 0, 1, 1, 1, 5, 1000, 3;
1, 256, 1, 1, 1, 1, 6, 1001, 4;
1, 256, 1, 1, 1, 1, 6, 1000, 4;
1, 256, 0, 1, 1, 1, 5, 1000, 3;
1, 256, 0, -1, -1, -1, 4, 999, 2;
1, 256, 0, 0, 0, 0, 5, 1000, 3;
0, 256, 0, -1, -1, -1, 3, 998, 1;
1, 256, 0, 0, 0, 0, 5, 1000, 3;
1, 256, 0, 0, 0, 0, 4, 999, 2;
1, 256, 0, 0, 0, 0, 5, 1000, 3;
1, 256, 0, -1, -1, -1, 3, 998, 1;
1, 256, 0, -1, -1, -1, 4, 999, 2;
1, 256, 0, 0, 0, 0, 4, 999, 2;
1, 256, 0, -1, -1, -1, 4, 999, 2;
1, 256, 1, 1, 1, 1, 6, 1001, 4;
1, 256, 0, -1, -1, -1, 4, 999, 2;
1, 256, 0, 0, 0, 0, 5, 1000, 3;
1, 256, 0, 0, 0, 0, 4, 999, 2;
1, 256, 1, 1, 1, 1, 5, 1000, 3;
1, 256, 1, 1, 1, 1, 6, 1001, 4;
1, 256, 0, 1, 1, 1, 5, 1000, 3;
1, 256, 1, 1, 1, 1, 6, 1000, 3;
1, 256, 1, 1, 1, 1, 6, 1001, 4;
1, 256, 1, 1, 1, 1, 6, 1001, 4;
1, 256, 0, -1, -1, -1, 4, 999, 2;
1, 256, 0, -1, -1, -1, 4, 999, 2;
1, 256, 0, 1, 1, 1, 5, 1000, 3;
1, 256, 0, 0, 0, 0, 5, 1000, 3;
1, 256, 1, 1, 1, 1, 5, 1000, 3;
1, 256, 0, -1, -1, -1, 4, 999, 2;
1, 256, 0, 0, 0, 0, 4, 999, 2;
1, 256, 0, 1, 1, 1, 5, 1000, 3;
1, 256, 0, 0, 0, 0, 4, 999, 2;
1, 256, 1, 1, 1, 1, 6, 1001, 4;
1, 256, 0, 0, 0, 0, 4, 999, 2;
1, 256, 0, -1, -1, -1, 3, 998, 1;
1, 256, 0, 0, 0, 0, 4, 999, 2;
1, 256, 1, 1, 1, 1, 5, 1000, 3;
1, 256, 0, 0, 0, 0, 5, 999, 3;
1, 256, 0, 0, 0, 0, 4, 999, 2;
1, 256, 0, -1, -1, -1, 4, 999, 2;
1, 256, 0, 0, 0, 0, 4, 999, 2;
1, 256, 1, 1, 1, 1, 6, 1001, 4;
1, 256, 0, 0, 0, 0, 5, 1000, 3;
1, 256, 0, -1, -1, -1, 4, 998, 2;
1, 256, 1, 1, 1, 1, 6, 1001, 4;
1, 256, 0, 0, 0, 0, 5, 999, 3;
1, 256, 0, -1, -1, -1, 4, 998, 2;
1, 256, 0, -1, -1, -1, 3, 998, 1;
1, 256, 0, 0, 0, 0, 5, 999, 3;
1, 256, 1, 1, 1, 1, 6, 1001, 4;
1, 256, 1, 1, 1, 1, 6, 1000, 3;
1, 256, 0, 0, 0, 0, 5, 1000, 3;
1, 256, 0, -1, -1, -1, 4, 999, 2;
1, 256, 0, 0, 0, 0, 4, 999, 2;
1, 256, 1, 1, 1, 1, 6, 1001, 4;
1, 256, 0, 0, 0, 0, 5, 1000, 3;
1, 256, 1, 1, 1, 1, 6, 1001, 4;
1, 256, 0, -1, -1, -1, 4, 999, 2;
1, 256, 0, -1, -1, -1, 4, 998, 2;
1, 256, 0, 0, 0, 0, 4, 999, 2;
1, 256, 0, 0, 0, 0, 4, 999, 2;
1, 256, 0, 0, 0, 0, 4, 999, 2;
1, 256, 0, -1, -1, -1, 4, 999, 2;
1, 256, 0, 0, 0, 0, 4, 999, 2;
1, 256, 0, 0, 0, 0, 5, 1000, 3;
1, 256, 0, -1, -1, -1, 4, 998, 1;
1, 256, 0, 0, 0, 0, 5, 1000, 3;
1, 256, 0, 0, 0, 0, 4, 999, 2;
1, 256, 0, 0, 0, 0, 4, 999, 2;
1, 256, 0, 0, 0, 0, 4, 999, 2;
1, 256, 0, 0, 0, 0, 5, 1000, 3;
1, 256, 0, 0, 0, 0, 5, 1000, 3;
1, 256, 0, 0, 0, 0, 5, 999, 2;
1, 256, 0, 0, 0, 0, 5, 1000, 3;
1, 256, 0, 0, 0, 0, 4, 999, 2;
1, 256, 0, 1, 1, 1, 5, 1000, 3;
1, 256, 0, -1, -1, -1, 4, 999, 2;
1, 256, 0, 1, 1, 1, 5, 1000, 3;
1, 256, 0, -1, -1, -1, 4, 999, 2;
0, 256, 0, -1, -1, -1, 3, 998, 1;
1, 256, 1, 1, 1, 1, 6, 1001, 4;
1, 256, 1, 1, 1, 1, 5, 1000, 3;
1, 256, 0, -1, -1, -1, 4, 999, 2;
1, 256, 0, 0, 0, 0, 4, 999, 2;
1, 256, 0, 1, 1, 1, 5, 1000, 3;
1, 256, 1, 1, 1, 1, 6, 1001, 4;
1, 256, 0, 0, 0, 0, 5, 1000, 3;
1, 256, 0, 0, 0, 0, 4, 999, 2;
1, 256, 0, 0, 0, 0, 4, 999, 2;
1, 256, 0, 0, 0, 0, 5, 1000, 3;
1, 256, 1, 1, 1, 1, 6, 1001, 4;
1, 256, 0, 0, 0, 0, 5, 1000, 3;
1, 256, 0, 0, 0, 0, 4, 999, 2;
1, 256, 0, 0, 0, 0, 5, 1000, 3;
1, 256, 0, -1, -1, -1, 4, 999, 2;
1, 256, 0, -1, -1, -1, 4, 999, 2;
1, 256, 0, -1, -1, -1, 3, 998, 1;
1, 256, 0, 0, 0, 0, 4, 999, 2;
1, 256, 0, -1, -1, -1, 4, 999, 2;
1, 256, 0, 1, 1, 1, 5, 1000, 3;
1, 256, 0, 1, 1, 1, 5, 1000, 3;
1, 256, 0, -1, -1, -1, 4, 999, 2;
1, 256, 0, 0, 0, 0, 5, 1000, 3;
1, 256, 0, 0, 0, 0, 4, 999, 2;
1, 256, 0, 0, 0, 0, 5, 1000, 3;
1, 256, 0, 1, 1, 1, 5, 1000, 3;
1, 256, 0, 0, 0, 0, 5, 1000, 3;
1, 256, 0, -1, -1, -1, 4, 998, 1;
1, 256, 0, -1, -1, -1, 4, 998, 2;
1, 256, 0, 0, 0, 0, 4, 999, 2;
1, 256, 0, 1, 1, 1, 5, 1000, 3;
1, 256, 0, 0, 0, 0, 5, 1000, 3;
1, 256, 1, 1, 1, 1, 6, 1001, 4;
1, 256, 0, -1, -1, -1, 4, 999, 2;
1, 256, 1, 1, 1, 1, 6, 1001, 4;
1, 256, 1, 1, 1, 1, 6, 1001, 4;
1, 256, 1, 1, 1, 1, 5, 1000, 3;
1, 256, 0, -1, -1, -1, 3, 998, 1;
1, 256, 0, 0, 0, 0, 5, 1000, 3;
1, 256, 0, 0, 0, 0, 4, 999, 2;
1, 256, 0, 0, 0, 0, 5, 999, 3;
1, 256, 0, 0, 0, 0, 5, 1000, 3;
1, 256, 0, 0, 0, 0, 5, 1000, 3;
1, 256, 0, 0, 0, 0, 4, 999, 2;
1, 256, 0, 0, 0, 0, 4, 999, 2;
1, 256, 0, 0, 0, 0, 4, 999, 2;
1, 256, 0, 0, 0, 0, 5, 1000, 3;
1, 256, 0, 1, 1, 1, 5, 1000, 3;
1, 256, 0, 0, 0, 0, 5, 1000, 3;
1, 256, 0, 0, 0, 0, 5, 1000, 3;
1, 256, 0, 0, 0, 0, 5, 1000, 3;
1, 256, 0, 0, 0, 0, 4, 999, 2;
1, 256, 1, 1, 1, 1, 5, 1000, 3;
1, 256, 0, 0, 0, 0, 5, 1000, 3;
1, 256, 0, 0, 0, 0, 5, 999, 2;
1, 256, 1, 1, 1, 1, 6, 1001, 4;
1, 256, 0, 0, 0, 0, 4, 999, 2;
1, 256, 0, -1, -1, -1, 4, 998, 1;
1, 256, 0, 0, 0, 0, 5, 1000, 3;
1, 256, 0, 0, 0, 0, 5, 1000, 3;
1, 256, 0, 0, 0, 0, 5, 1000, 3;
1, 256, 0, 0, 0, 0, 4, 999, 2;
1, 256, 1, 1, 1, 1, 6, 1001, 4;
1, 256, 0, 0, 0, 0, 5, 999, 3;
1, 256, 0, 0, 0, 0, 5, 1000, 3;
1, 256, 1, 1, 1, 1, 6, 1000, 4;
1, 256, 0, -1, -1, -1, 4, 999, 2;
1, 256, 0, -1, -1, -1, 4, 999, 2;
1, 256, 0, 0, 0, 0, 5, 1000, 3;
1, 256, 0, 0, 0, 0, 4, 999, 2;
1, 256, 0, 1, 1, 1, 5, 1000, 3;
1, 256, 1, 1, 1, 1, 5, 1000, 3;
1, 256, 0, 0, 0, 0, 5, 1000, 3;
1, 256, 0, 0, 0, 0, 5, 1000, 3;
1, 256, 1, 1, 1, 1, 5, 1000, 3;
1, 256, 0, 0, 0, 0, 5, 1000, 3;
1, 256, 0, -1, -1, -1, 4, 999, 2;
1, 256, 0, -1, -1, -1, 4, 999, 2;
1, 256, 1, 1, 1, 1, 6, 1001, 4;
1, 256, 0, 0, 0, 0, 5, 1000, 3;
1, 256, 0, 1, 1, 1, 5, 1000, 3;
1, 256, 0, -1, -1, -1, 3, 998, 1;
1, 256, 0, 0, 0, 0, 4, 999, 2;
1, 256, 1, 1, 1, 1, 6, 1000, 3;
1, 256, 0, 0, 0, 0, 5, 1000, 3;
1, 256, 1, 1, 1, 1, 6, 1001, 4;
1, 256, 0, 0, 0, 0, 5, 1000, 3;
1, 256, 0, 1, 1, 1, 5, 1000, 3;
1, 256, 0, 0, 0, 0, 5, 1000, 3;
1, 256, 0, 0, 0, 0, 5, 1000, 3;
1, 256, 0, 0, 0, 0, 5, 1000, 3;
1, 256, 0, 0, 0, 0, 4, 999, 2;
1, 256, 0, -1, -1, -1, 4, 999, 2;
1, 256, 0, 0, 0, 0, 5, 1000, 3;
1, 256, 0, 0, 0, 0, 5, 1000, 3;
1, 256, 0, 0, 0, 0, 4, 999, 2;
1, 256, 1, 1, 1, 1, 6, 1001, 4;
1, 256, 0, 0, 0, 0, 5, 1000, 3;
1, 256, 0, 0, 0, 0, 5, 1000, 3;
1, 256, 0, -1, -1, -1, 4, 999, 2;
1, 256, 0, 0, 0, 0, 5, 1000, 3;
1, 256, 0, 0, 0, 0, 5, 999, 2;
1, 256, 0, 0, 0, 0, 5, 1000, 3;
1, 256, 0, 0, 0, 0, 5, 1000, 3;
1, 256, 0, 0, 0, 0, 4, 999, 2;
1, 256, 0, -1, -1, -1, 4, 999, 2;
0, 256, 0, -1, -1, -1, 3, 998, 1;
1, 256, 0, 0, 0, 0, 5, 999, 3;
1, 256, 0, -1, -1, -1, 4, 999, 2;
1, 256, 0, 0, 0, 0, 5, 1000, 3;
1, 256, 0, 0, 0, 0, 4, 999, 2;
1, 256, 1, 1, 1, 1, 6, 1000, 4;
1, 256, 0, 0, 0, 0, 5, 1000, 3;
1, 256, 0, 0, 0, 0, 4, 999, 2;
1, 256, 0, 0, 0, 0, 4, 999, 2;
1, 256, 1, 1, 1, 1, 6, 1001, 4;
1, 256, 0, 0, 0, 0, 4, 999, 2;
1, 256, 0, 1, 1, 1, 5, 1000, 3;
1, 256, 0, 0, 0, 0, 5, 999, 3;
1, 256, 0, 1, 1, 1, 5, 1000, 3;
1, 256, 0, -1, -1, -1, 4, 999, 2;
1, 256, 0, -1, -1, -1, 4, 998, 2;
1, 256, 0, 0, 0, 0, 5, 999, 3;
1, 256, 0, 1, 1, 1, 5, 1000, 3;
1, 256, 0, 0, 0, 0, 5, 1000, 3;
1, 256, 0, 0, 0, 0, 5, 1000, 3;
1, 256, 0, 0, 0, 0, 4, 999, 2;
1, 256, 0, -1, -1, -1, 3, 998, 1;
1, 256, 0, 0, 0, 0, 5, 1000, 3;
1, 256, 0, 1, 1, 1, 5, 1000, 3;
1, 256, 0, 0, 0, 0, 5, 1000, 3;
1, 256, 1, 1, 1, 1, 6, 1000, 4;
1, 256, 0, 1, 1, 1, 5, 1000, 3;
1, 256, 0, 0, 0, 0, 4, 999, 2;
1, 256, 0, 0, 0, 0, 5, 1000, 3;
1, 256, 0, 0, 0, 0, 4, 999, 2;
1, 256, 0, 0, 0, 0, 4, 999, 2;
1, 256, 0, 0, 0, 0, 5, 999, 3;
1, 256, 0, 0, 0, 0, 4, 999, 2;
1, 256, 0, 0, 0, 0, 4, 999, 2;
1, 256, 0, 0, 0, 0, 5, 1000, 3;
1, 256, 0, 1, 1, 1, 5, 1000, 3;
1, 256, 0, -1, -1, -1, 3, 998, 1;
1, 256, 0, 0, 0, 0, 5, 1000, 3;
1, 256, 0, 1, 1, 1, 5, 1000, 3;
1, 256, 1, 1, 1, 1, 6, 1001, 4;
1, 256, 0, 0, 0, 0, 5, 1000, 3;
1, 256, 0, 0, 0, 0, 5, 1000, 3;
1, 256, 0, 0, 0, 0, 5, 1000, 3;
1, 256, 0, 0, 0, 0, 4, 999, 2;
1, 256, 0, 1, 1, 1, 5, 1000, 3;
1, 256, 0, -1, -1, -1, 4, 999, 2;
1, 256, 0, 1, 1, 1, 5, 1000, 3;
1, 256, 0, 0, 0, 0, 5, 1000, 3;
1, 256, 0, -1, -1, -1, 4, 999, 2;
1, 256, 0, 0, 0, 0, 5, 1000, 3;
1, 256, 0, 0, 0, 0, 5, 1000, 3;
1, 256, 0, -1, -1, -1, 4, 998, 2;
1, 256, 0, -1, -1, -1, 4, 999, 2;
1, 256, 1, 1, 1, 1, 6, 1001, 4;
1, 256, 0, 0, 0, 0, 5, 999, 3;
1, 256, 0, 1, 1, 1, 5, 1000, 3;
1, 256, 0, -1, -1, -1, 3, 998, 1;
1, 256, 0, 0, 0, 0, 4, 999, 2;
1, 256, 0, -1, -1, -1, 3, 998, 1;
1, 256, 0, 0, 0, 0, 4, 999, 2;
1, 256, 1, 1, 1, 1, 6, 1001, 4;
1, 256, 0, -1, -1, -1, 4, 999, 2;
1, 256, 0, 0, 0, 0, 4, 999, 2;
1, 256, 0, 0, 0, 0, 5, 1000, 3;
1, 256, 0, 0, 0, 0, 4, 999, 2;
1, 256, 0, 0, 0, 0, 4, 999, 2;
1, 256, 0, -1, -1, -1, 4, 999, 2;
1, 256, 0, 0, 0, 0, 5, 999, 3;
1, 256, 0, -1, -1, -1, 4, 999, 2;
1, 256, 0, 0, 0, 0, 5, 1000, 3;
1, 256, 1, 1, 1, 1, 6, 1000, 4;
1, 256, 0, 0, 0, 0, 5, 1000, 3;
1, 256, 0, 1, 1, 1, 5, 1000, 3;
1, 256, 0, 0, 0, 0, 4, 999, 2;
1, 256, 0, -1, -1, -1, 4, 999, 2;
1, 256, 0, 0, 0, 0, 4, 999, 2;
1, 256, 0, 0, 0, 0, 4, 999, 2;
1, 256, 0, -1, -1, -1, 4, 999, 2;
1, 256, 0, 0, 0, 0, 5, 1000, 3;
1, 256, 0, -1, -1, -1, 4, 999, 2;
1, 256, 0, -1, -1, -1, 4, 999, 2;
1, 256, 1, 1, 1, 1, 6, 1001, 4;
1, 256, 0, 0, 0, 0, 5, 999, 2;
1, 256, 0, 0, 0, 0, 5, 1000, 3;
1, 256, 0, 0, 0, 0, 5, 1000, 3;
1, 256, 0, 0, 0, 0, 5, 999, 3;
1, 256, 0, -1, -1, -1, 4, 999, 2;
1, 256, 0, -1, -1, -1, 4, 999, 2;
1, 256, 1, 1, 1, 1, 6, 1001, 4;
1, 256, 0, -1, -1, -1, 3, 998, 1;
1, 256, 0, 0, 0, 0, 5, 999, 3;
1, 256, 0, 0, 0, 0, 4, 999, 2;
1, 256, 0, 0, 0, 0, 5, 1000, 3;
1, 256, 0, -1, -1, -1, 4, 999, 2;
1, 256, 0, 0, 0, 0, 5, 1000, 3;
1, 256, 0, 0, 0, 0, 5, 1000, 3;
1, 256, 0, 0, 0, 0, 5, 1000, 3;
1, 256, 1, 1, 1, 1, 6, 1000, 3;
1, 256, 0, 0, 0, 0, 5, 1000, 3;
1, 256, 0, 0, 0, 0, 5, 1000, 3;
1, 256, 0, 0, 0, 0, 4, 999, 2;
1, 256, 0, 0, 0, 0, 5, 1000, 3;
1, 256, 1, 1, 1, 1, 6, 1000, 4;
1, 256, 1, 1, 1, 1, 6, 1000, 4;
1, 256, 0, 0, 0, 0, 4, 999, 2;
1, 256, 0, -1, -1, -1, 4, 999, 2;
1, 256, 0, 0, 0, 0, 4, 999, 2;
1, 256, 0, 0, 0, 0, 5, 999, 3;
1, 256, 0, 0, 0, 0, 4, 999, 2;
1, 256, 0, 0, 0, 0, 4, 999, 2;
1, 256, 0, 0, 0, 0, 4, 999, 2;
1, 256, 0, 0, 0, 0, 5, 1000, 3;
1, 256, 0, 0, 0, 0, 5, 999, 2;
1, 256, 0, 1, 1, 1, 5, 1000, 3;
1, 256, 0, 0, 0, 0, 5, 1000, 3;
1, 256, 0, 0, 0, 0, 4, 999, 2;
1, 256, 0, -1, -1, -1, 4, 999, 2;
1, 256, 0, -1, -1, -1, 4, 999, 2;
1, 256, 0, 0, 0, 0, 4, 999, 2;
1, 256, 0, 0, 0, 0, 4, 999, 2;
1, 256, 1, 1, 1, 1, 6, 1001, 4;
1, 256, 0, 0, 0, 0, 4, 999, 2;
1, 256, 0, -1, -1, -1, 4, 999, 2;
1, 256, 1, 1, 1, 1, 6, 1000, 4;
1, 256, 0, -1, -1, -1, 4, 998, 2;
1, 256, 1, 1, 1, 1, 6, 1001, 4;
1, 256, 0, 0, 0, 0, 5, 1000, 3;
1, 256, 0, 0, 0, 0, 5, 999, 3;
1, 256, 0, 0, 0, 0, 5, 999, 2;
1, 256, 0, 0, 0, 0, 4, 999, 2;
1, 256, 0, 0, 0, 0, 4, 999, 2;
1, 256, 0, 1, 1, 1, 5, 1000, 3;
1, 256, 0, 0, 0, 0, 5, 1000, 3;
1, 256, 0, 0, 0, 0, 5, 1000, 3;
1, 256, 0, 0, 0, 0, 4, 999, 2;
1, 256, 0, -1, -1, -1, 4, 999, 2;
1, 256, 0, 0, 0, 0, 4, 999, 2;
1, 256, 0, 0, 0, 0, 4, 999, 2;
1, 256, 0, 0, 0, 0, 4, 999, 2;
1, 256, 1, 1, 1, 1, 6, 1000, 4;
1, 256, 0, 0, 0, 0, 4, 999, 2;
1, 256, 0, -1, -1, -1, 4, 999, 2;
1, 256, 0, -1, -1, -1, 4, 999, 2;
1, 256, 1, 1, 1, 1, 6, 1001, 4;
1, 256, 0, 0, 0, 0, 5, 1000, 3;
1, 256, 0, -1, -1, -1, 4, 999, 2;
1, 256, 0, 1, 1, 1, 5, 1000, 3;
1, 256, 0, -1, -1, -1, 4, 999, 2;
1, 256, 0, -1, -1, -1, 3, 998, 1;
1, 256, 0, -1, -1, -1, 3, 998, 1;
1, 256, 0, 0, 0, 0, 5, 1000, 3;
1, 256, 0, 1, 1, 1, 5, 1000, 3;
1, 256, 0, 0, 0, 0, 4, 999, 2;
1, 256, 0, -1, -1, -1, 4, 999, 2;
1, 256, 0, 0, 0, 0, 5, 1000, 3;
1, 256, 0, 0, 0, 0, 4, 999, 2;
1, 256, 0, 0, 0, 0, 4, 999, 2;
1, 256, 0, -1, -1, -1, 4, 998, 1;
1, 256, 0, 0, 0, 0, 5, 999, 3;
1, 256, 0, 0, 0, 0, 4, 999, 2;
1, 256, 0, -1, -1, -1, 4, 999, 2;
1, 256, 0, -1, -1, -1, 4, 999, 2;
1, 256, 0, 0, 0, 0, 4, 999, 2;
1, 256, 0, -1, -1, -1, 4, 999, 2;
1, 256, 0, -1, -1, -1, 3, 998, 1;
1, 256, 0, 0, 0, 0, 4, 999, 2;
1, 256, 0, 0, 0, 0, 4, 999, 2;
1, 256, 0, 0, 0, 0, 4, 999, 2;
1, 256, 1, 1, 1, 1, 6, 1001, 4;
1, 256, 0, -1, -1, -1, 4, 998, 2;
1, 256, 0, -1, -1, -1, 4, 999, 2;
1, 256, 0, 0, 0, 0, 5, 1000, 3;
1, 256, 1, 1, 1, 1, 6, 1000, 4;
1, 256, 0, 1, 1, 1, 5, 1000, 3;
1, 256, 0, -1, -1, -1, 4, 999, 2;
1, 256, 0, 0, 0, 0, 4, 999, 2;
1, 256, 0, -1, -1, -1, 4, 999, 2;
1, 256, 0, -1, -1, -1, 4, 999, 2;
1, 256, 0, 0, 0, 0, 4, 999, 2;
1, 256, 0, 0, 0, 0, 4, 999, 2;
1, 256, 0, 0, 0, 0, 5, 999, 3;
1, 256, 0, -1, -1, -1, 4, 999, 2;
1, 256, 1, 1, 1, 1, 5, 1000, 3;
1, 256, 0, 0, 0, 0, 4, 999, 2;
1, 256, 0, 0, 0, 0, 5, 999, 3;
1, 256, 0, -1, -1, -1, 3, 998, 1;
1, 256, 0, 1, 1, 1, 5, 1000, 3;
1, 256, 0, 1, 1, 1, 5, 1000, 3;
1, 256, 0, 0, 0, 0, 4, 999, 2;
1, 256, 1, 1, 1, 1, 6, 1001, 4;
1, 256, 0, -1, -1, -1, 3, 998, 1;
1, 256, 1, 1, 1, 1, 6, 1000, 3;
1, 256, 0, 0, 0, 0, 4, 999, 2;
1, 256, 0, -1, -1, -1, 4, 999, 2;
1, 256, 0, -1, -1, -1, 4, 999, 2;
1, 256, 0, 1, 1, 1, 5, 1000, 3;
1, 256, 0, 0, 0, 0, 5, 999, 3;
1, 256, 0, 0, 0, 0, 5, 1000, 3;
1, 256, 0, 0, 0, 0, 4, 999, 2;
1, 256, 0, 0, 0, 0, 4, 999, 2;
1, 256, 1, 1, 1, 1, 6, 1000, 4;
1, 256, 0, 0, 0, 0, 5, 1000, 3;
1, 256, 0, 0, 0, 0, 5, 1000, 3;
1, 256, 0, 0, 0, 0, 5, 1000, 3;
1, 256, 0, 0, 0, 0, 5, 999, 2;
1, 256, 0, -1, -1, -1, 4, 999, 2;
1, 256, 0, 0, 0, 0, 5, 999, 2;
1, 256, 0, 1, 1, 1, 5, 1000, 3;
1, 256, 0, -1, -1, -1, 4, 999, 2;
1, 256, 0, 0, 0, 0, 4, 999, 2;
1, 256, 0, 0, 0, 0, 4, 999, 2;
1, 256, 1, 1, 1, 1, 6, 1001, 4;
1, 256, 0, 0, 0, 0, 5, 1000, 3;
1, 256, 1, 1, 1, 1, 6, 1000, 3;
1, 256, 0, 0, 0, 0, 5, 1000, 3;
1, 256, 0, 0, 0, 0, 5, 1000, 3;
1, 256, 0, -1, -1, -1, 4, 999, 2;
1, 256, 1, 1, 1, 1, 6, 1000, 4;
1, 256, 0, -1, -1, -1, 4, 999, 2;
1, 256, 0, 0, 0, 0, 5, 1000, 3;
0, 256, 0, -1, -1, -1, 3, 998, 1;
1, 256, 0, 0, 0, 0, 4, 999, 2;
1, 256, 0, 1, 1, 1, 5, 1000, 3;
1, 256, 0, 0, 0, 0, 4, 999, 2;
1, 256, 0, 0, 0, 0, 5, 1000, 3;
1, 256, 0, -1, -1, -1, 4, 999, 2;
1, 256, 0, 0, 0, 0, 5, 1000, 3;
1, 256, 0, 0, 0, 0, 5, 1000, 3;
1, 256, 0, 0, 0, 0, 4, 999, 2;
1, 256, 0, -1, -1, -1, 4, 998, 1;
1, 256, 0, 1, 1, 1, 5, 1000, 3;
1, 256, 0, -1, -1, -1, 3, 998, 1;
1, 256, 0, 0, 0, 0, 5, 1000, 3;
1, 256, 0, 0, 0, 0, 4, 999, 2;
1, 256, 0, 0, 0, 0, 5, 1000, 3;
1, 256, 1, 1, 1, 1, 5, 1000, 3;
1, 256, 0, 0, 0, 0, 5, 1000, 3;
1, 256, 0, 0, 0, 0, 4, 999, 2;
1, 256, 0, -1, -1, -1, 4, 999, 2;
1, 256, 0, -1, -1, -1, 4, 999, 2;
1, 256, 0, 0, 0, 0, 5, 1000, 3;
1, 256, 0, 1, 1, 1, 5, 1000, 3;
1, 256, 0, -1, -1, -1, 3, 998, 1;
1, 256, 0, 0, 0, 0, 5, 1000, 3;
1, 256, 0, -1, -1, -1, 3, 998, 1;
1, 256, 0, 0, 0, 0, 5, 1000, 3;
1, 256, 0, 0, 0, 0, 5, 999, 2;
1, 256, 0, 0, 0, 0, 5, 1000, 3;
1, 256, 0, 0, 0, 0, 4, 999, 2;
1, 256, 0, -1, -1, -1, 4, 999, 2;
1, 256, 0, 0, 0, 0, 4, 999, 2;
1, 256, 0, -1, -1, -1, 4, 998, 1;
1, 256, 0, 0, 0, 0, 4, 999, 2;
1, 256, 0, 0, 0, 0, 4, 999, 2;
1, 256, 0, 0, 0, 0, 5, 1000, 3;
1, 256, 0, 0, 0, 0, 5, 999, 3;
1, 256, 0, 0, 0, 0, 5, 1000, 3;
1, 256, 0, 0, 0, 0, 5, 1000, 3;
1, 256, 0, 0, 0, 0, 5, 1000, 3;
1, 256, 0, 0, 0, 0, 5, 1000, 3;
1, 256, 0, -1, -1, -1, 4, 999, 2;
1, 256, 0, 0, 0, 0, 5, 1000, 3;
1, 256, 0, -1, -1, -1, 4, 999, 2;
0, 256, 0, -1, -1, -1, 3, 998, 1;
1, 256, 0, 0, 0, 0, 4, 999, 2;
1, 256, 0, -1, -1, -1, 4, 999, 2;
1, 256, 0, 0, 0, 0, 5, 1000, 3;
1, 256, 0, 0, 0, 0, 5, 1000, 3;
1, 256, 0, -1, -1, -1, 4, 999, 2;
1, 256, 0, -1, -1, -1, 4, 998, 2;
1, 256, 0, -1, -1, -1, 3, 998, 1;
1, 256, 0, -1, -1, -1, 4, 999, 2;
1, 256, 0, -1, -1, -1, 4, 999, 2;
1, 256, 0, 0, 0, 0, 4, 999, 2;
1, 256, 1, 1, 1, 1, 6, 1001, 4;
1, 256, 0, 0, 0, 0, 5, 999, 2;
1, 256, 0, 0, 0, 0, 4, 999, 2;
1, 256, 0, 0, 0, 0, 5, 1000, 3;
1, 256, 0, 1, 1, 1, 5, 1000, 3;
1, 256, 0, -1, -1, -1, 4, 999, 2;
1, 256, 0, -1, -1, -1, 4, 999, 2;
1, 256, 0, -1, -1, -1, 4, 999, 2;
1, 256, 0, -1, -1, -1, 4, 999, 2;
1, 256, 1, 1, 1, 1, 6, 1000, 3;
1, 256, 0, 0, 0, 0, 4, 999, 2;
1, 256, 0, 0, 0, 0, 5, 1000, 3;
1, 256, 0, 0, 0, 0, 5, 1000, 3;
1, 256, 0, 0, 0, 0, 4, 999, 2;
1, 256, 1, 1, 1, 1, 6, 1001, 4;
1, 256, 1, 1, 1, 1, 6, 1000, 3;
1, 256, 0, 0, 0, 0, 4, 999, 2;
1, 256, 0, 0, 0, 0, 5, 1000, 3;
1, 256, 0, 0, 0, 0, 5, 1000, 3;
1, 256, 0, 0, 0, 0, 5, 1000, 3;
1, 256, 0, -1, -1, -1, 4, 999, 2;
1, 256, 0, 0, 0, 0, 5, 1000, 3;
1, 256, 0, 0, 0, 0, 4, 999, 2;
1, 256, 0, 0, 0, 0, 5, 1000, 3;
1, 256, 0, -1, -1, -1, 3, 998, 1;
1, 256, 0, 1, 1, 1, 5, 1000, 3;
1, 256, 0, 0, 0, 0, 4, 999, 2;
1, 256, 0, -1, -1, -1, 4, 999, 2;
1, 256, 1, 1, 1, 1, 5, 1000, 3;
1, 256, 0, 0, 0, 0, 5, 1000, 3;
1, 256, 1, 1, 1, 1, 6, 1000, 4;
1, 256, 0, 0, 0, 0, 5, 1000, 3;
1, 256, 0, 0, 0, 0, 4, 999, 2;
1, 256, 0, 1, 1, 1, 5, 1000, 3;
1, 256, 0, 0, 0, 0, 5, 1000, 3;
1, 256, 0, -1, -1, -1, 4, 999, 2;
1, 256, 0, -1, -1, -1, 4, 998, 2;
1, 256, 0, 0, 0, 0, 5, 1000, 3;
1, 256, 0, 0, 0, 0, 5, 1000, 3;
1, 256, 0, 0, 0, 0, 5, 1000, 3;
1, 256, 1, 1, 1, 1, 6, 1000, 4;
1, 256, 1, 1, 1, 1, 6, 1000, 4;
1, 256, 0, 0, 0, 0, 5, 1000, 3;
1, 256, 1, 1, 1, 1, 6, 1001, 4;
1, 256, 0, -1, -1, -1, 3, 998, 1;
1, 256, 0, 0, 0, 0, 4, 999, 2;
1, 256, 0, -1, -1, -1, 3, 998, 1;
1, 256, 0, -1, -1, -1, 4, 998, 2;
1, 256, 0, -1, -1, -1, 4, 999, 2;
1, 256, 0, -1, -1, -1, 4, 999, 2;
1, 256, 0, 1, 1, 1, 5, 1000, 3;
1, 256, 0, 0, 0, 0, 4, 999, 2;
1, 256, 0, 1, 1, 1, 5, 1000, 3;
1, 256, 0, -1, -1, -1, 4, 999, 2;
1, 256, 0, 0, 0, 0, 4, 999, 2;
1, 256, 1, 1, 1, 1, 6, 1000, 4;
1, 256, 0, 1, 1, 1, 5, 1000, 3;
1, 256, 0, 0, 0, 0, 5, 1000, 3;
1, 256, 1, 1, 1, 1, 6, 1000, 4;
1, 256, 0, 0, 0, 0, 5, 1000, 3;
1, 256, 0, 0, 0, 0, 4, 999, 2;
1, 256, 0, 0, 0, 0, 5, 1000, 3;
1, 256, 1, 1, 1, 1, 6, 1000, 4;
1, 256, 0, 0, 0, 0, 4, 999, 2;
1, 256, 0, 0, 0, 0, 4, 999, 2;
1, 256, 0, -1, -1, -1, 4, 999, 2;
1, 256, 0, 1, 1, 1, 5, 1000, 3;
1, 256, 0, 0, 0, 0, 5, 1000, 3;
1, 256, 0, 0, 0, 0, 4, 999, 2;
0, 256, 0, -1, -1, -1, 3, 998, 1;
1, 256, 0, 0, 0, 0, 5, 999, 3;
1, 256, 0, 1, 1, 1, 5, 1000, 3;
1, 256, 0, -1, -1, -1, 4, 999, 2;
1, 256, 0, 1, 1, 1, 5, 1000, 3;
0, 256, 0, -1, -1, -1, 3, 998, 1;
1, 256, 0, 0, 0, 0, 4, 999, 2;
1, 256, 0, 0, 0, 0, 5, 1000, 3;
1, 256, 0, 0, 0, 0, 5, 999, 3;
1, 256, 0, 0, 0, 0, 4, 999, 2;
1, 256, 0, 0, 0, 0, 4, 999, 2;
1, 256, 0, 0, 0, 0, 5, 1000, 3;
1, 256, 1, 1, 1, 1, 6, 1000, 4;
1, 256, 0, -1, -1, -1, 4, 998, 2;
1, 256, 0, 0, 0, 0, 5, 1000, 3;
1, 256, 0, 0, 0, 0, 4, 999, 2;
1, 256, 0, 0, 0, 0, 4, 999, 2;
1, 256, 0, -1, -1, -1, 4, 998, 1;
1, 256, 0, -1, -1, -1, 3, 998, 1;
1, 256, 0, 0, 0, 0, 5, 1000, 3;
1, 256, 0, -1, -1, -1, 4, 999, 2;
1, 256, 0, 0, 0, 0, 5, 1000, 3;
1, 256, 0, 1, 1, 1, 5, 1000, 3;
1, 256, 0, 0, 0, 0, 5, 1000, 3;
1, 256, 0, -1, -1, -1, 4, 998, 2;
1, 256, 0, -1, -1, -1, 4, 999, 2;
1, 256, 1, 1, 1, 1, 6, 1000, 4;
1, 256, 0, 0, 0, 0, 4, 999, 2;
1, 256, 1, 1, 1, 1, 6, 1001, 4;
1, 256, 1, 1, 1, 1, 6, 1000, 4;
1, 256, 0, 0, 0, 0, 4, 999, 2;
1, 256, 0, 1, 1, 1, 5, 1000, 3;
1, 256, 0, -1, -1, -1, 3, 998, 1;
1, 256, 0, -1, -1, -1, 4, 999, 2;
1, 256, 0, -1, -1, -1, 4, 999, 2;
1, 256, 0, 0, 0, 0, 4, 999, 2;
1, 256, 0, 0, 0, 0, 5, 999, 3;
1, 256, 1, 1, 1, 1, 6, 1001, 4;
1, 256, 0, 0, 0, 0, 4, 999, 2;
1, 256, 0, -1, -1, -1, 4, 999, 2;
1, 256, 0, 0, 0, 0, 5, 1000, 3;
1, 256, 0, 0, 0, 0, 4, 999, 2;
1, 256, 0, 0, 0, 0, 4, 999, 2;
1, 256, 0, -1, -1, -1, 4, 999, 2;
1, 256, 0, -1, -1, -1, 4, 999, 2;
1, 256, 0, -1, -1, -1, 4, 998, 2;
1, 256, 1, 1, 1, 1, 6, 1001, 4;
1, 256, 0, 0, 0, 0, 5, 1000, 3;
1, 256, 0, 0, 0, 0, 4, 999, 2;
1, 256, 0, 1, 1, 1, 5, 1000, 3;
1, 256, 0, 0, 0, 0, 5, 1000, 3;
1, 256, 0, -1, -1, -1, 4, 999, 2;
1, 256, 0, -1, -1, -1, 4, 998, 2;
1, 256, 0, 0, 0, 0, 4, 999, 2;
1, 256, 0, 0, 0, 0, 5, 1000, 3;
1, 256, 0, 0, 0, 0, 4, 999, 2;
1, 256, 0, -1, -1, -1, 4, 999, 2;
1, 256, 0, 0, 0, 0, 5, 1000, 3;
1, 256, 0, 0, 0, 0, 5, 1000, 3;
1, 256, 0, 0, 0, 0, 4, 999, 2;
1, 256, 0, -1, -1, -1, 3, 998, 1;
1, 256, 0, -1, -1, -1, 4, 998, 2;
1, 256, 0, 0, 0, 0, 5, 1000, 3;
1, 256, 0, 0, 0, 0, 5, 999, 3;
1, 256, 0, 0, 0, 0, 4, 999, 2;
1, 256, 0, 0, 0, 0, 4, 999, 2;
1, 256, 1, 1, 1, 1, 6, 1001, 4;
1, 256, 0, 0, 0, 0, 5, 1000, 3;
1, 256, 0, 1, 1, 1, 5, 1000, 3;
1, 256, 0, -1, -1, -1, 3, 998, 1;
1, 256, 1, 1, 1, 1, 6, 1000, 3;
1, 256, 0, 0, 0, 0, 5, 1000, 3;
1, 256, 0, 0, 0, 0, 4, 999, 2;
1, 256, 0, 0, 0, 0, 5, 1000, 3;
1, 256, 0, -1, -1, -1, 4, 999, 2;
1, 256, 0, 0, 0, 0, 5, 1000, 3;
1, 256, 0, -1, -1, -1, 4, 998, 2;
1, 256, 0, 0, 0, 0, 4, 999, 2;
1, 256, 0, 0, 0, 0, 4, 999, 2;
1, 256, 0, 0, 0, 0, 5, 999, 2;
1, 256, 1, 1, 1, 1, 6, 1001, 4;
1, 256, 0, -1, -1, -1, 4, 999, 2;
1, 256, 0, 0, 0, 0, 5, 1000, 3;
1, 256, 0, 0, 0, 0, 5, 1000, 3;
1, 256, 0, -1, -1, -1, 4, 999, 2;
1, 256, 0, 1, 1, 1, 5, 1000, 3;
1, 256, 0, 1, 1, 1, 5, 1000, 3;
1, 256, 1, 1, 1, 1, 6, 1001, 4;
1, 256, 0, 0, 0, 0, 4, 999, 2;
1, 256, 1, 1, 1, 1, 6, 1001, 4;
1, 256, 0, -1, -1, -1, 3, 998, 1;
1, 256, 0, 0, 0, 0, 5, 1000, 3;
1, 256, 0, -1, -1, -1, 4, 999, 2;
1, 256, 0, 0, 0, 0, 5, 1000, 3;
1, 256, 0, -1, -1, -1, 4, 999, 2;
1, 256, 0, 0, 0, 0, 5, 1000, 3;
1, 256, 0, 0, 0, 0, 5, 1000, 3;
1, 256, 0, 0, 0, 0, 5, 1000, 3;
1, 256, 0, 0, 0, 0, 4, 999, 2;
1, 256, 0, 0, 0, 0, 5, 1000, 3;
1, 256, 0, -1, -1, -1, 3, 998, 1;
1, 256, 1, 1, 1, 1, 6, 1001, 4;
1, 256, 0, 1, 1, 1, 5, 1000, 3;
1, 256, 0, 1, 1, 1, 5, 1000, 3;
1, 256, 0, -1, -1, -1, 4, 999, 2;
1, 256, 0, -1, -1, -1, 3, 998, 1;
1, 256, 0, 1, 1, 1, 5, 1000, 3;
1, 256, 1, 1, 1, 1, 6, 1000, 4;
1, 256, 1, 1, 1, 1, 6, 1001, 4;
1, 256, 0, 0, 0, 0, 4, 999, 2;
1, 256, 0, 1, 1, 1, 5, 1000, 3;
1, 256, 0, 0, 0, 0, 4, 999, 2;
0, 256, 0, -1, -1, -1, 3, 998, 1;
1, 256, 0, 0, 0, 0, 4, 999, 2;
1, 256, 0, -1, -1, -1, 4, 999, 2;
1, 256, 0, -1, -1, -1, 3, 998, 1;
1, 256, 0, -1, -1, -1, 3, 998, 1;
1, 256, 0, 0, 0, 0, 5, 1000, 3;
1, 256, 0, 1, 1, 1, 5, 1000, 3;
1, 256, 0, -1, -1, -1, 4, 999, 2;
1, 256, 0, 1, 1, 1, 5, 1000, 3;
1, 256, 0, -1, -1, -1, 4, 998, 2;
1, 256, 0, -1, -1, -1, 3, 998, 1;
1, 256, 0, 0, 0, 0, 4, 999, 2;
1, 256, 0, 0, 0, 0, 5, 1000, 3;
1, 256, 0, 0, 0, 0, 4, 999, 2;
1, 256, 1, 1, 1, 1, 6, 1001, 4;
1, 256, 0, -1, -1, -1, 4, 999, 2;
1, 256, 0, 0, 0, 0, 5, 999, 3;
1, 256, 0, 0, 0, 0, 5, 1000, 3;
1, 256, 0, 0, 0, 0, 5, 1000, 3;
1, 256, 0, -1, -1, -1, 4, 999, 2;
1, 256, 0, 0, 0, 0, 4, 999, 2;
1, 256, 0, 0, 0, 0, 4, 999, 2;
1, 256, 0, 0, 0, 0, 4, 999, 2;
1, 256, 0, -1, -1, -1, 4, 998, 2;
1, 256, 0, -1, -1, -1, 3, 998, 1;
1, 256, 0, 1, 1, 1, 5, 1000, 3;
1, 256, 1, 1, 1, 1, 6, 1000, 4;
1, 256, 0, 1, 1, 1, 5, 1000, 3;
1, 256, 0, 0, 0, 0, 5, 1000, 3;
1, 256, 0, 0, 0, 0, 5, 1000, 3;
1, 256, 1, 1, 1, 1, 6, 1001, 4;
1, 256, 0, 0, 0, 0, 5, 1000, 3;
1, 256, 0, 1, 1, 1, 5, 1000, 3;
1, 256, 0, 0, 0, 0, 4, 999, 2;
1, 256, 0, 0, 0, 0, 4, 999, 2;
1, 256, 0, 1, 1, 1, 5, 1000, 3;
1, 256, 1, 1, 1, 1, 6, 1000, 4;
1, 256, 0, 0, 0, 0, 4, 999, 2;
1, 256, 1, 1, 1, 1, 6, 1001, 4;
1, 256, 0, -1, -1, -1, 4, 999, 2;
1, 256, 0, 0, 0, 0, 4, 999, 2;
1, 256, 0, -1, -1, -1, 3, 998, 1;
1, 256, 0, 0, 0, 0, 5, 1000, 3;
1, 256, 0, -1, -1, -1, 4, 998, 1;
1, 256, 0, 1, 1, 1, 5, 1000, 3;
1, 256, 0, 0, 0, 0, 5, 1000, 3;
1, 256, 0, 0, 0, 0, 5, 1000, 3;
1, 256, 0, 0, 0, 0, 4, 999, 2;
1, 256, 0, 0, 0, 0, 4, 999, 2;
1, 256, 0, 0, 0, 0, 5, 1000, 3;
1, 256, 0, -1, -1, -1, 4, 998, 2;
1, 256, 1, 1, 1, 1, 6, 1001, 4;
1, 256, 0, 0, 0, 0, 5, 1000, 3;
1, 256, 1, 1, 1, 1, 6, 1001, 4;
1, 256, 0, 1, 1, 1, 5, 1000, 3;
1, 256, 1, 1, 1, 1, 6, 1001, 4;
1, 256, 0, -1, -1, -1, 4, 999, 2;
1, 256, 1, 1, 1, 1, 6, 1001, 4;
1, 256, 0, -1, -1, -1, 4, 999, 2;
1, 256, 0, 0, 0, 0, 5, 1000, 3;
1, 256, 0, -1, -1, -1, 4, 999, 2;
1, 256, 0, -1, -1, -1, 4, 999, 2;
1, 256, 1, 1, 1, 1, 6, 1001, 4;
1, 256, 0, -1, -1, -1, 3, 998, 1;
1, 256, 0, -1, -1, -1, 3, 998, 1;
1, 256, 0, 0, 0, 0, 4, 999, 2;
1, 256, 1, 1, 1, 1, 6, 1001, 4;
1, 256, 0, -1, -1, -1, 4, 999, 2;
1, 256, 1, 1, 1, 1, 6, 1001, 4;
1, 256, 1, 1, 1, 1, 6, 1001, 4;
1, 256, 0, -1, -1, -1, 4, 999, 2;
1, 256, 1, 1, 1, 1, 6, 1000, 4;
1, 256, 0, -1, -1, -1, 4, 999, 2;
1, 256, 0, 0, 0, 0, 5, 1000, 3;
1, 256, 1, 1, 1, 1, 5, 1000, 3;
1, 256, 0, 0, 0, 0, 4, 999, 2;
1, 256, 0, 0, 0, 0, 5, 1000, 3;
1, 256, 0, -1, -1, -1, 4, 999, 2;
1, 256, 0, -1, -1, -1, 4, 999, 2;
1, 256, 0, 1, 1, 1, 5, 1000, 3;
1, 256, 0, 0, 0, 0, 4, 999, 2;
1, 256, 0, 0, 0, 0, 4, 999, 2;
1, 256, 0, -1, -1, -1, 3, 998, 1;
1, 256, 0, 0, 0, 0, 5, 1000, 3;
1, 256, 0, 0, 0, 0, 5, 1000, 3;
1, 256, 0, 1, 1, 1, 5, 1000, 3;
1, 256, 0, 0, 0, 0, 4, 999, 2;
1, 256, 0, -1, -1, -1, 4, 999, 2;
1, 256, 0, 1, 1, 1, 5, 1000, 3;
1, 256, 0, 0, 0, 0, 5, 1000, 3;
1, 256, 1, 1, 1, 1, 6, 1001, 4;
0, 256, 0, -1, -1, -1, 3, 998, 1;
1, 256, 0, 0, 0, 0, 5, 1000, 3;
1, 256, 0, 0, 0, 0, 5, 1000, 3;
1, 256, 1, 1, 1, 1, 6, 1000, 3;
1, 256, 0, 0, 0, 0, 4, 999, 2;
1, 256, 1, 1, 1, 1, 5, 1000, 3;
1, 256, 0, 0, 0, 0, 4, 999, 2;
1, 256, 0, 1, 1, 1, 5, 1000, 3;
1, 256, 0, 0, 0, 0, 4, 999, 2;
1, 256, 0, 0, 0, 0, 4, 999, 2;
1, 256, 0, 0, 0, 0, 5, 1000, 3;
1, 256, 0, -1, -1, -1, 4, 999, 2;
1, 256, 0, 0, 0, 0, 5, 1000, 3;
1, 256, 0, 0, 0, 0, 5, 1000, 3;
1, 256, 0, 0, 0, 0, 5, 1000, 3;
1, 256, 0, -1, -1, -1, 4, 999, 2;
1, 256, 0, 0, 0, 0, 4, 999, 2;
1, 256, 1, 1, 1, 1, 6, 1001, 4;
1, 256, 0, -1, -1, -1, 4, 999, 2;
1, 256, 0, -1, -1, -1, 4, 999, 2;
1, 256, 0, 0, 0, 0, 5, 1000, 3;
1, 256, 0, -1, -1, -1, 4, 999, 2;
1, 256, 0, -1, -1, -1, 4, 999, 2;
1, 256, 0, -1, -1, -1, 3, 998, 1;
1, 256, 0, 1, 1, 1, 5, 1000, 3;
1, 256, 0, 0, 0, 0, 5, 1000, 3;
1, 256, 0, 0, 0, 0, 5, 1000, 3;
1, 256, 0, 0, 0, 0, 5, 1000, 3;
1, 256, 1, 1, 1, 1, 6, 1001, 4;
1, 256, 0, 0, 0, 0, 5, 1000, 3;
1, 256, 0, -1, -1, -1, 4, 999, 2;
0, 256, 0, -1, -1, -1, 3, 998, 1;
1, 256, 0, 0, 0, 0, 5, 1000, 3;
1, 256, 1, 1, 1, 1, 6, 1001, 4;
1, 256, 0, 0, 0, 0, 5, 999, 3;
1, 256, 1, 1, 1, 1, 6, 1001, 4;
1, 256, 0, 0, 0, 0, 5, 1000, 3;
1, 256, 0, -1, -1, -1, 4, 999, 2;
1, 256, 0, 0, 0, 0, 5, 1000, 3;
1, 256, 0, 0, 0, 0, 4, 999, 2;
1, 256, 0, -1, -1, -1, 4, 998, 1;
1, 256, 0, 0, 0, 0, 4, 999, 2;
1, 256, 0, -1, -1, -1, 3, 998, 1;
1, 256, 0, -1, -1, -1, 4, 999, 2;
1, 256, 0, 1, 1, 1, 5, 1000, 3;
1, 256, 0, -1, -1, -1, 4, 999, 2;
1, 256, 0, 0, 0, 0, 5, 1000, 3;
1, 256, 0, -1, -1, -1, 4, 999, 2;
1, 256, 1, 1, 1, 1, 6, 1001, 4;
1, 256, 0, -1, -1, -1, 4, 999, 2;
1, 256, 0, -1, -1, -1, 4, 998, 2;
1, 256, 1, 1, 1, 1, 6, 1001, 4;
1, 256, 1, 1, 1, 1, 5, 1000, 3;
1, 256, 0, 0, 0, 0, 4, 999, 2;
1, 256, 0, -1, -1, -1, 4, 999, 2;
1, 256, 0, 0, 0, 0, 5, 1000, 3;
1, 256, 0, 0, 0, 0, 4, 999, 2;
1, 256, 0, 1, 1, 1, 5, 1000, 3;
1, 256, 0, 1, 1, 1, 5, 1000, 3;
1, 256, 0, 0, 0, 0, 4, 999, 2;
1, 256, 0, 1, 1, 1, 5, 1000, 3;
1, 256, 0, 0, 0, 0, 4, 999, 2;
1, 256, 0, 1, 1, 1, 5, 1000, 3;
1, 256, 1, 1, 1, 1, 6, 1001, 4;
1, 256, 0, 1, 1, 1, 5, 1000, 3;
1, 256, 0, 0, 0, 0, 5, 1000, 3;
1, 256, 1, 1, 1, 1, 6, 1001, 4;
1, 256, 0, 0, 0, 0, 5, 1000, 3;
1, 256, 0, 0, 0, 0, 4, 999, 2;
1, 256, 0, 0, 0, 0, 5, 1000, 3;
1, 256, 0, 0, 0, 0, 4, 999, 2;
1, 256, 0, 0, 0, 0, 4, 999, 2;
1, 256, 0, 0, 0, 0, 4, 999, 2;
1, 256, 0, 0, 0, 0, 5, 1000, 3;
1, 256, 0, 0, 0, 0, 4, 999, 2;
1, 256, 0, 0, 0, 0, 5, 1000, 3;
1, 256, 0, 0, 0, 0, 5, 1000, 3;
1, 256, 0, 0, 0, 0, 4, 999, 2;
1, 256, 0, 0, 0, 0, 5, 1000, 3;
1, 256, 0, 0, 0, 0, 5, 1000, 3;
1, 256, 0, -1, -1, -1, 3, 998, 1;
1, 256, 0, 1, 1, 1, 5, 1000, 3;
1, 256, 0, 0, 0, 0, 5, 1000, 3;
1, 256, 0, 0, 0, 0, 4, 999, 2;
1, 256, 0, 0, 0, 0, 5, 1000, 3;
1, 256, 0, 0, 0, 0, 4, 999, 2;
1, 256, 0, 0, 0, 0, 5, 1000, 3;
1, 256, 0, 0, 0, 0, 5, 1000, 3;
1, 256, 0, 0, 0, 0, 4, 999, 2;
1, 256, 1, 1, 1, 1, 6, 1001, 4;
1, 256, 0, 0, 0, 0, 4, 999, 2;
1, 256, 0, 0, 0, 0, 5, 999, 2;
1, 256, 0, 0, 0, 0, 4, 999, 2;
1, 256, 0, 0, 0, 0, 4, 999, 2;
1, 256, 1, 1, 1, 1, 6, 1000, 3;
1, 256, 0, -1, -1, -1, 3, 998, 1;
1, 256, 0, -1, -1, -1, 4, 998, 2;
1, 256, 0, 0, 0, 0, 5, 1000, 3;
1, 256, 0, -1, -1, -1, 4, 998, 1;
1, 256, 0, -1, -1, -1, 4, 998, 2;
1, 256, 0, -1, -1, -1, 3, 998, 1;
1, 256, 0, -1, -1, -1, 4, 998, 2;
1, 256, 1, 1, 1, 1, 6, 1001, 4;
1, 256, 0, 0, 0, 0, 4, 999, 2;
1, 256, 0, 0, 0, 0, 5, 1000, 3;
1, 256, 0, 0, 0, 0, 4, 999, 2;
1, 256, 0, 1, 1, 1, 5, 1000, 3;
1, 256, 0, 0, 0, 0, 5, 1000, 3;
1, 256, 0, 0, 0, 0, 4, 999, 2;
1, 256, 1, 1, 1, 1, 6, 1001, 4;
1, 256, 0, 0, 0, 0, 4, 999, 2;
1, 256, 0, 0, 0, 0, 4, 999, 2;
1, 256, 0, 0, 0, 0, 4, 999, 2;
1, 256, 0, 0, 0, 0, 4, 999, 2;
1, 256, 0, 0, 0, 0, 4, 999, 2;
1, 256, 0, 0, 0, 0, 4, 999, 2;
1, 256, 0, 0, 0, 0, 5, 1000, 3;
1, 256, 0, 1, 1, 1, 5, 1000, 3;
1, 256, 0, -1, -1, -1, 3, 998, 1;
1, 256, 1, 1, 1, 1, 6, 1001, 4;
1, 256, 0, -1, -1, -1, 4, 999, 2;
1, 256, 0, 0, 0, 0, 4, 999, 2;
1, 256, 0, 0, 0, 0, 4, 999, 2;
1, 256, 1, 1, 1, 1, 6, 1001, 4;
1, 256, 1, 1, 1, 1, 6, 1001, 4;
1, 256, 0, 0, 0, 0, 4, 999, 2;
1, 256, 1, 1, 1, 1, 6, 1001, 4;
1, 256, 0, 0, 0, 0, 5, 1000, 3;
1, 256, 0, -1, -1, -1, 4, 998, 1;
1, 256, 0, 1, 1, 1, 5, 1000, 3;
1, 256, 0, 0, 0, 0, 4, 999, 2;
1, 256, 0, -1, -1, -1, 4, 999, 2;
1, 256, 1, 1, 1, 1, 6, 1000, 3;
1, 256, 1, 1, 1, 1, 6, 1000, 3;
1, 256, 0, -1, -1, -1, 4, 999, 2;
1, 256, 1, 1, 1, 1, 6, 1001, 4;
1, 256, 0, 0, 0, 0, 5, 1000, 3;
1, 256, 0, 0, 0, 0, 5, 999, 3;
1, 256, 1, 1, 1, 1, 6, 1001, 4;
1, 256, 0, 0, 0, 0, 4, 999, 2;
1, 256, 0, -1, -1, -1, 4, 999, 2;
1, 256, 1, 1, 1, 1, 5, 1000, 3;
1, 256, 0, 0, 0, 0, 5, 1000, 3;
1, 256, 0, 0, 0, 0, 5, 1000, 3;
1, 256, 0, 0, 0, 0, 4, 999, 2;
1, 256, 0, 0, 0, 0, 5, 1000, 3;
1, 256, 0, 0, 0, 0, 5, 1000, 3;
1, 256, 0, 0, 0, 0, 4, 999, 2;
1, 256, 0, 0, 0, 0, 4, 999, 2;
1, 256, 0, 0, 0, 0, 5, 1000, 3;
1, 256, 0, 0, 0, 0, 5, 1000, 3;
1, 256, 1, 1, 1, 1, 6, 1001, 4;
1, 256, 0, -1, -1, -1, 3, 998, 1;
1, 256, 0, 1, 1, 1, 5, 1000, 3;
1, 256, 0, 0, 0, 0, 5, 1000, 3;
1, 256, 1, 1, 1, 1, 5, 1000, 3;
1, 256, 0, 0, 0, 0, 5, 1000, 3;
1, 256, 0, -1, -1, -1, 4, 999, 2;
1, 256, 0, 0, 0, 0, 5, 999, 2;
1, 256, 1, 1, 1, 1, 6, 1001, 4;
1, 256, 0, 0, 0, 0, 4, 999, 2;
1, 256, 0, -1, -1, -1, 4, 999, 2;
1, 256, 0, 0, 0, 0, 5, 1000, 3;
1, 256, 0, 0, 0, 0, 4, 999, 2;
1, 256, 0, -1, -1, -1, 4, 999, 2;
1, 256, 0, -1, -1, -1, 4, 998, 2;
1, 256, 0, 0, 0, 0, 4, 999, 2;
1, 256, 0, -1, -1, -1, 3, 998, 1;
1, 256, 0, 0, 0, 0, 5, 1000, 3;
1, 256, 0, 0, 0, 0, 5, 1000, 3;
1, 256, 0, 1, 1, 1, 5, 1000, 3;
1, 256, 0, -1, -1, -1, 4, 999, 2;
1, 256, 0, 0, 0, 0, 4, 999, 2;
1, 256, 0, 0, 0, 0, 4, 999, 2;
1, 256, 0, 0, 0, 0, 5, 1000, 3;
1, 256, 1, 1, 1, 1, 6, 1001, 4;
1, 256, 0, 0, 0, 0, 5, 1000, 3;
1, 256, 0, -1, -1, -1, 4, 998, 2;
1, 256, 0, -1, -1, -1, 3, 998, 1;
1, 256, 0, 0, 0, 0, 5, 1000, 3;
1, 256, 0, 1, 1, 1, 5, 1000, 3;
1, 256, 0, 0, 0, 0, 5, 999, 2;
1, 256, 0, 0, 0, 0, 5, 1000, 3;
1, 256, 0, -1, -1, -1, 4, 999, 2;
1, 256, 0, 0, 0, 0, 5, 1000, 3;
1, 256, 0, 0, 0, 0, 4, 999, 2;
1, 256, 0, 0, 0, 0, 5, 1000, 3;
1, 256, 0, 1, 1, 1, 5, 1000, 3;
1, 256, 0, 0, 0, 0, 4, 999, 2;
1, 256, 1, 1, 1, 1, 6, 1000, 4;
1, 256, 1, 1, 1, 1, 6, 1001, 4;
1, 256, 0, -1, -1, -1, 4, 998, 1;
1, 256, 0, 0, 0, 0, 4, 999, 2;
0, 256, 0, -1, -1, -1, 3, 998, 1;
1, 256, 0, 0, 0, 0, 4, 999, 2;
1, 256, 0, -1, -1, -1, 4, 999, 2;
1, 256, 0, -1, -1, -1, 3, 998, 1;
1, 256, 0, -1, -1, -1, 3, 998, 1;
1, 256, 0, 1, 1, 1, 5, 1000, 3;
1, 256, 0, 0, 0, 0, 5, 1000, 3;
1, 256, 0, -1, -1, -1, 4, 998, 1;
1, 256, 0, 0, 0, 0, 5, 999, 2;
1, 256, 0, 0, 0, 0, 4, 999, 2;
1, 256, 0, 1, 1, 1, 5, 1000, 3;
1, 256, 0, 0, 0, 0, 5, 1000, 3;
1, 256, 1, 1, 1, 1, 6, 1001, 4;
1, 256, 0, 0, 0, 0, 4, 999, 2;
1, 256, 0, 0, 0, 0, 5, 1000, 3;
1, 256, 0, 0, 0, 0, 4, 999, 2;
1, 256, 0, 1, 1, 1, 5, 1000, 3;
1, 256, 0, 0, 0, 0, 5, 1000, 3;
1, 256, 0, 0, 0, 0, 4, 999, 2;
1, 256, 0, -1, -1, -1, 4, 998, 2;
1, 256, 0, 0, 0, 0, 4, 999, 2;
1, 256, 0, 0, 0, 0, 5, 1000, 3;
1, 256, 0, 1, 1, 1, 5, 1000, 3;
1, 256, 1, 1, 1, 1, 6, 1001, 4;
1, 256, 0, 0, 0, 0, 5, 1000, 3;
1, 256, 0, -1, -1, -1, 4, 999, 2;
0, 256, 0, -1, -1, -1, 3, 998, 1;
1, 256, 0, 0, 0, 0, 5, 1000, 3;
1, 256, 0, 0, 0, 0, 5, 1000, 3;
1, 256, 0, 0, 0, 0, 4, 999, 2;
1, 256, 0, 0, 0, 0, 4, 999, 2;
1, 256, 0, 0, 0, 0, 4, 999, 2;
1, 256, 0, 0, 0, 0, 4, 999, 2;
1, 256, 0, 1, 1, 1, 5, 1000, 3;
1, 256, 1, 1, 1, 1, 6, 1001, 4;
1, 256, 0, 0, 0, 0, 5, 1000, 3;
1, 256, 0, -1, -1, -1, 4, 999, 2;
1, 256, 0, -1, -1, -1, 4, 998, 1;
1, 256, 0, -1, -1, -1, 4, 999, 2;
1, 256, 0, 1, 1, 1, 5, 1000, 3;
1, 256, 0, 0, 0, 0, 5, 999, 3;
1, 256, 0, 0, 0, 0, 5, 1000, 3;
1, 256, 0, 0, 0, 0, 4, 999, 2;
1, 256, 0, 0, 0, 0, 4, 999, 2;
1, 256, 1, 1, 1, 1, 6, 1001, 4;
1, 256, 0, 0, 0, 0, 5, 999, 2;
1, 256, 0, -1, -1, -1, 4, 999, 2;
1, 256, 0, 0, 0, 0, 4, 999, 2;
1, 256, 0, 0, 0, 0, 5, 1000, 3;
1, 256, 0, 1, 1, 1, 5, 1000, 3;
1, 256, 0, 0, 0, 0, 5, 1000, 3;
1, 256, 0, 1, 1, 1, 5, 1000, 3;
1, 256, 1, 1, 1, 1, 5, 1000, 3;
1, 256, 0, 0, 0, 0, 5, 1000, 3;
1, 256, 0, 0, 0, 0, 4, 999, 2;
1, 256, 0, 0, 0, 0, 4, 999, 2;
1, 256, 0, 0, 0, 0, 5, 1000, 3;
1, 256, 0, 0, 0, 0, 4, 999, 2;
1, 256, 0, 0, 0, 0, 4, 999, 2;
1, 256, 0, 0, 0, 0, 5, 1000, 3;
1, 256, 0, 0, 0, 0, 4, 999, 2;
1, 256, 1, 1, 1, 1, 6, 1001, 4;
1, 256, 0, -1, -1, -1, 4, 999, 2;
0, 256, 0, -1, -1, -1, 3, 998, 1;
1, 256, 0, 0, 0, 0, 5, 1000, 3;
1, 256, 0, -1, -1, -1, 4, 998, 2;
1, 256, 0, 0, 0, 0, 4, 999, 2;
1, 256, 0, 0, 0, 0, 5, 1000, 3;
1, 256, 1, 1, 1, 1, 5, 1000, 3;
1, 256, 0, 0, 0, 0, 5, 1000, 3;
1, 256, 0, -1, -1, -1, 4, 999, 2;
1, 256, 0, -1, -1, -1, 4, 999, 2;
1, 256, 0, 0, 0, 0, 5, 1000, 3;
1, 256, 0, 0, 0, 0, 4, 999, 2;
1, 256, 0, 0, 0, 0, 4, 999, 2;
1, 256, 0, 0, 0, 0, 4, 999, 2;
1, 256, 0, 0, 0, 0, 5, 999, 2;
1, 256, 0, -1, -1, -1, 4, 999, 2;
1, 256, 0, -1, -1, -1, 4, 999, 2;
1, 256, 0, 0, 0, 0, 5, 1000, 3;
1, 256, 1, 1, 1, 1, 6, 1001, 4;
1, 256, 0, -1, -1, -1, 4, 999, 2;
1, 256, 1, 1, 1, 1, 6, 1001, 4;
1, 256, 0, 1, 1, 1, 5, 1000, 3;
1, 256, 0, -1, -1, -1, 4, 999, 2;
1, 256, 0, 0, 0, 0, 4, 999, 2;
1, 256, 0, 0, 0, 0, 4, 999, 2;
1, 256, 0, -1, -1, -1, 4, 999, 2;
1, 256, 0, 0, 0, 0, 5, 1000, 3;
1, 256, 0, 0, 0, 0, 4, 999, 2;
1, 256, 0, 0, 0, 0, 5, 1000, 3;
1, 256, 0, 0, 0, 0, 5, 1000, 3;
1, 256, 0, -1, -1, -1, 4, 998, 2;
1, 256, 0, 0, 0, 0, 5, 1000, 3;
1, 256, 0, -1, -1, -1, 4, 999, 2;
1, 256, 0, 0, 0, 0, 4, 999, 2;
1, 256, 0, 0, 0, 0, 5, 999, 3;
0, 256, 0, -1, -1, -1, 3, 998, 1;
1, 256, 0, 0, 0, 0, 5, 1000, 3;
1, 256, 0, 1, 1, 1, 5, 1000, 3;
1, 256, 0, 0, 0, 0, 5, 1000, 3;
1, 256, 0, 1, 1, 1, 5, 1000, 3;
1, 256, 0, -1, -1, -1, 4, 999, 2;
1, 256, 0, 0, 0, 0, 5, 1000, 3;
1, 256, 0, 0, 0, 0, 5, 1000, 3;
1, 256, 0, 1, 1, 1, 5, 1000, 3;
1, 256, 0, 0, 0, 0, 5, 1000, 3;
0, 256, 0, -1, -1, -1, 3, 998, 1;
1, 256, 0, 0, 0, 0, 5, 1000, 3;
1, 256, 0, 0, 0, 0, 4, 999, 2;
1, 256, 0, 0, 0, 0, 5, 1000, 3;
1, 256, 1, 1, 1, 1, 6, 1001, 4;
1, 256, 0, 0, 0, 0, 5, 1000, 3;
1, 256, 0, -1, -1, -1, 3, 998, 1;
1, 256, 0, 0, 0, 0, 4, 999, 2;
1, 256, 0, 1, 1, 1, 5, 1000, 3;
1, 256, 0, -1, -1, -1, 4, 999, 2;
1, 256, 0, 0, 0, 0, 4, 999, 2;
1, 256, 0, -1, -1, -1, 4, 999, 2;
1, 256, 0, -1, -1, -1, 3, 998, 1;
1, 256, 1, 1, 1, 1, 6, 1001, 4;
1, 256, 1, 1, 1, 1, 5, 1000, 3;
1, 256, 0, -1, -1, -1, 4, 998, 2;
1, 256, 0, -1, -1, -1, 4, 999, 2;
1, 256, 0, 0, 0, 0, 4, 999, 2;
1, 256, 0, -1, -1, -1, 4, 999, 2;
1, 256, 0, 0, 0, 0, 5, 1000, 3;
1, 256, 1, 1, 1, 1, 6, 1001, 4;
1, 256, 0, 0, 0, 0, 5, 999, 3;
1, 256, 0, -1, -1, -1, 4, 998, 2;
1, 256, 1, 1, 1, 1, 6, 1000, 3;
1, 256, 0, 0, 0, 0, 4, 999, 2;
1, 256, 0, -1, -1, -1, 4, 999, 2;
1, 256, 0, 0, 0, 0, 5, 1000, 3;
1, 256, 1, 1, 1, 1, 6, 1000, 4;
1, 256, 0, 0, 0, 0, 5, 1000, 3;
1, 256, 1, 1, 1, 1, 6, 1000, 4;
1, 256, 0, -1, -1, -1, 3, 998, 1;
1, 256, 1, 1, 1, 1, 6, 1001, 4;
1, 256, 0, 0, 0, 0, 5, 1000, 3;
1, 256, 0, 0, 0, 0, 4, 999, 2;
1, 256, 0, -1, -1, -1, 3, 998, 1;
1, 256, 0, -1, -1, -1, 3, 998, 1;
1, 256, 1, 1, 1, 1, 6, 1001, 4;
1, 256, 0, 0, 0, 0, 5, 1000, 3;
1, 256, 0, 0, 0, 0, 5, 1000, 3;
1, 256, 0, 0, 0, 0, 5, 1000, 3;
1, 256, 0, 0, 0, 0, 4, 999, 2;
1, 256, 0, 1, 1, 1, 5, 1000, 3;
1, 256, 1, 1, 1, 1, 6, 1001, 4;
1, 256, 0, -1, -1, -1, 4, 999, 2;
1, 256, 0, -1, -1, -1, 4, 999, 2;
1, 256, 1, 1, 1, 1, 6, 1000, 3;
1, 256, 0, 0, 0, 0, 4, 999, 2;
1, 256, 0, -1, -1, -1, 3, 998, 1;
1, 256, 1, 1, 1, 1, 6, 1001, 4;
1, 256, 0, 0, 0, 0, 5, 1000, 3;
1, 256, 0, 0, 0, 0, 4, 999, 2;
1, 256, 0, 0, 0, 0, 4, 999, 2;
1, 256, 0, -1, -1, -1, 4, 999, 2;
1, 256, 0, 0, 0, 0, 5, 1000, 3;
1, 256, 1, 1, 1, 1, 5, 1000, 3;
1, 256, 0, 0, 0, 0, 4, 999, 2;
1, 256, 1, 1, 1, 1, 6, 1001, 4;
1, 256, 1, 1, 1, 1, 6, 1001, 4;
1, 256, 0, -1, -1, -1, 4, 998, 1;
1, 256, 0, 1, 1, 1, 5, 1000, 3;
1, 256, 0, 0, 0, 0, 5, 1000, 3;
1, 256, 1, 1, 1, 1, 6, 1001, 4;
1, 256, 0, 0, 0, 0, 5, 1000, 3;
1, 256, 0, 0, 0, 0, 5, 1000, 3;
1, 256, 0, 0, 0, 0, 4, 999, 2;
1, 256, 1, 1, 1, 1, 5, 1000, 3;
1, 256, 1, 1, 1, 1, 5, 1000, 3;
1, 256, 0, -1, -1, -1, 4, 999, 2;
1, 256, 0, -1, -1, -1, 4, 999, 2;
1, 256, 0, -1, -1, -1, 3, 998, 1;
1, 256, 0, 0, 0, 0, 5, 1000, 3;
1, 256, 0, -1, -1, -1, 4, 999, 2;
1, 256, 0, 0, 0, 0, 4, 999, 2;
1, 256, 0, -1, -1, -1, 4, 998, 2;
1, 256, 0, -1, -1, -1, 4, 999, 2;
1, 256, 0, 0, 0, 0, 4, 999, 2;
1, 256, 0, -1, -1, -1, 4, 999, 2;
1, 256, 0, 0, 0, 0, 4, 999, 2;
1, 256, 0, 0, 0, 0, 4, 999, 2;
0, 256, 0, -1, -1, -1, 3, 998, 1;
1, 256, 0, 0, 0, 0, 4, 999, 2;
1, 256, 0, 1, 1, 1, 5, 1000, 3;
1, 256, 0, 0, 0, 0, 5, 1000, 3;
1, 256, 0, 0, 0, 0, 4, 999, 2;
1, 256, 0, 0, 0, 0, 5, 1000, 3;
1, 256, 0, -1, -1, -1, 4, 998, 2;
1, 256, 0, 0, 0, 0, 5, 1000, 3;
1, 256, 1, 1, 1, 1, 6, 1001, 4;
1, 256, 0, 0, 0, 0, 5, 1000, 3;
1, 256, 0, 0, 0, 0, 5, 1000, 3;
1, 256, 0, 0, 0, 0, 4, 999, 2;
1, 256, 0, 0, 0, 0, 4, 999, 2;
1, 256, 0, 0, 0, 0, 4, 999, 2;
1, 256, 0, -1, -1, -1, 4, 999, 2;
1, 256, 1, 1, 1, 1, 6, 1001, 4;
1, 256, 0, -1, -1, -1, 4, 999, 2;
1, 256, 0, -1, -1, -1, 4, 999, 2;
1, 256, 0, 0, 0, 0, 5, 1000, 3;
1, 256, 0, 1, 1, 1, 5, 1000, 3;
1, 256, 0, 0, 0, 0, 4, 999, 2;
1, 256, 1, 1, 1, 1, 6, 1000, 4;
1, 256, 1, 1, 1, 1, 6, 1001, 4;
1, 256, 0, 0, 0, 0, 4, 999, 2;
1, 256, 1, 1, 1, 1, 6, 1001, 4;
1, 256, 1, 1, 1, 1, 6, 1000, 4;
1, 256, 1, 1, 1, 1, 6, 1001, 4;
1, 256, 0, 0, 0, 0, 4, 999, 2;
1, 256, 1, 1, 1, 1, 6, 1000, 3;
1, 256, 0, 1, 1, 1, 5, 1000, 3;
0, 256, 0, -1, -1, -1, 3, 998, 1;
0, 256, 0, -1, -1, -1, 3, 998, 1;
1, 256, 0, 0, 0, 0, 5, 1000, 3;
1, 256, 1, 1, 1, 1, 6, 1000, 3;
1, 256, 0, 0, 0, 0, 5, 1000, 3;
1, 256, 0, 0, 0, 0, 5, 999, 3;
1, 256, 0, 0, 0, 0, 4, 999, 2;
1, 256, 0, 0, 0, 0, 4, 999, 2;
1, 256, 0, 0, 0, 0, 5, 1000, 3;
1, 256, 0, 0, 0, 0, 4, 999, 2;
1, 256, 0, 0, 0, 0, 5, 1000, 3;
1, 256, 0, -1, -1, -1, 4, 998, 1;
1, 256, 0, 0, 0, 0, 5, 1000, 3;
1, 256, 0, 0, 0, 0, 5, 1000, 3;
1, 256, 0, 0, 0, 0, 5, 999, 3;
1, 256, 1, 1, 1, 1, 6, 1001, 4;
1, 256, 1, 1, 1, 1, 5, 1000, 3;
1, 256, 0, 0, 0, 0, 5, 1000, 3;
1, 256, 0, 0, 0, 0, 5, 1000, 3;
1, 256, 0, 1, 1, 1, 5, 1000, 3;
1, 256, 0, 0, 0, 0, 4, 999, 2;
1, 256, 0, -1, -1, -1, 4, 999, 2;
1, 256, 0, -1, -1, -1, 4, 998, 2;
1, 256, 0, 0, 0, 0, 4, 999, 2;
1, 256, 0, 0, 0, 0, 4, 999, 2;
1, 256, 0, 0, 0, 0, 5, 999, 2;
1, 256, 0, -1, -1, -1, 3, 998, 1;
1, 256, 0, 0, 0, 0, 5, 1000, 3;
1, 256, 0, 0, 0, 0, 5, 1000, 3;
1, 256, 0, 1, 1, 1, 5, 1000, 3;
1, 256, 0, 0, 0, 0, 5, 999, 3;
1, 256, 0, 0, 0, 0, 5, 1000, 3;
1, 256, 0, 0, 0, 0, 4, 999, 2;
1, 256, 0, 0, 0, 0, 4, 999, 2;
1, 256, 0, -1, -1, -1, 4, 998, 2;
1, 256, 0, 1, 1, 1, 5, 1000, 3;
1, 256, 0, -1, -1, -1, 4, 999, 2;
1, 256, 0, 1, 1, 1, 5, 1000, 3;
1, 256, 1, 1, 1, 1, 6, 1001, 4;
1, 256, 0, 0, 0, 0, 5, 1000, 3;
1, 256, 0, 1, 1, 1, 5, 1000, 3;
1, 256, 0, 0, 0, 0, 5, 1000, 3;
1, 256, 0, 0, 0, 0, 5, 1000, 3;
1, 256, 0, 0, 0, 0, 5, 1000, 3;
1, 256, 1, 1, 1, 1, 6, 1001, 4;
1, 256, 0, 0, 0, 0, 5, 1000, 3;
1, 256, 0, 1, 1, 1, 5, 1000, 3;
1, 256, 0, 0, 0, 0, 5, 1000, 3;
1, 256, 0, 0, 0, 0, 5, 1000, 3;
1, 256, 0, -1, -1, -1, 3, 998, 1;
1, 256, 0, -1, -1, -1, 4, 999, 2;
1, 256, 0, 0, 0, 0, 5, 1000, 3;
1, 256, 0, 1, 1, 1, 5, 1000, 3;
1, 256, 0, 0, 0, 0, 4, 999, 2;
1, 256, 0, 1, 1, 1, 5, 1000, 3;
1, 256, 0, 0, 0, 0, 4, 999, 2;
1, 256, 0, -1, -1, -1, 4, 999, 2;
1, 256, 1, 1, 1, 1, 6, 1001, 4;
1, 256, 0, 1, 1, 1, 5, 1000, 3;
1, 256, 0, 0, 0, 0, 5, 1000, 3;
1, 256, 1, 1, 1, 1, 6, 1001, 4;
1, 256, 0, 0, 0, 0, 4, 999, 2;
1, 256, 0, -1, -1, -1, 4, 999, 2;
0, 256, 0, -1, -1, -1, 3, 998, 1;
1, 256, 0, 0, 0, 0, 5, 1000, 3;
1, 256, 0, 0, 0, 0, 5, 1000, 3;
1, 256, 0, 0, 0, 0, 4, 999, 2;
1, 256, 0, 1, 1, 1, 5, 1000, 3;
1, 256, 0, 0, 0, 0, 5, 999, 2;
1, 256, 0, -1, -1, -1, 4, 999, 2;
1, 256, 0, 0, 0, 0, 5, 1000, 3;
1, 256, 0, -1, -1, -1, 4, 999, 2;
1, 256, 0, 0, 0, 0, 5, 1000, 3;
1, 256, 1, 1, 1, 1, 6, 1001, 4;
1, 256, 1, 1, 1, 1, 6, 1000, 4;
1, 256, 0, 0, 0, 0, 4, 999, 2;
1, 256, 0, -1, -1, -1, 4, 999, 2;
1, 256, 0, 0, 0, 0, 4, 999, 2;
1, 256, 0, -1, -1, -1, 4, 999, 2;
1, 256, 0, 0, 0, 0, 5, 1000, 3;
1, 256, 0, 1, 1, 1, 5, 1000, 3;
1, 256, 0, 0, 0, 0, 5, 999, 2;
1, 256, 0, -1, -1, -1, 4, 999, 2;
1, 256, 0, 0, 0, 0, 5, 1000, 3;
1, 256, 1, 1, 1, 1, 6, 1001, 4;
1, 256, 1, 1, 1, 1, 6, 1000, 3;
1, 256, 0, 0, 0, 0, 4, 999, 2;
1, 256, 1, 1, 1, 1, 6, 1000, 3;
1, 256, 0, 0, 0, 0, 4, 999, 2;
1, 256, 0, 0, 0, 0, 4, 999, 2;
1, 256, 0, -1, -1, -1, 4, 998, 2;
1, 256, 0, 1, 1, 1, 5, 1000, 3;
1, 256, 0, 0, 0, 0, 5, 1000, 3;
1, 256, 1, 1, 1, 1, 6, 1000, 4;
1, 256, 0, 0, 0, 0, 5, 1000, 3;
1, 256, 0, 0, 0, 0, 4, 999, 2;
1, 256, 0, 0, 0, 0, 5, 1000, 3;
1, 256, 0, 1, 1, 1, 5, 1000, 3;
1, 256, 0, -1, -1, -1, 4, 999, 2;
1, 256, 0, 0, 0, 0, 4, 999, 2;
1, 256, 0, 0, 0, 0, 4, 999, 2;
1, 256, 0, -1, -1, -1, 4, 999, 2;
1, 256, 0, -1, -1, -1, 4, 999, 2;