2, 297, 15, 7, 417, 7, 9, 1162, 60;
4, 298, 16, 36, 418, 9, 18, 1164, 62;
0, 292, 9, 44, 398, -9, 1, 1139, 38;
8, 298, 15, 90, 414, 9, 31, 1162, 62;
8, 296, 14, 111, 406, 3, 31, 1155, 55;
4, 290, 9, 122, 386, -11, 18, 1133, 36;
13, 296, 15, 168, 402, 8, 50, 1157, 61;
15, 296, 16, 196, 398, 10, 59, 1157, 64;
13, 292, 13, 211, 380, 0, 52, 1141, 50;
16, 293, 14, 240, 378, 4, 64, 1145, 56;
17, 291, 13, 262, 366, 1, 66, 1138, 53;
20, 292, 15, 290, 362, 6, 78, 1140, 58;
16, 286, 9, 296, 335, -10, 63, 1115, 37;
24, 291, 16, 339, 345, 9, 94, 1137, 63;
19, 284, 10, 342, 315, -8, 76, 1109, 40;
21, 284, 11, 366, 305, -6, 84, 1108, 42;
22, 282, 10, 384, 290, -8, 87, 1101, 40;
26, 284, 13, 413, 286, 1, 104, 1108, 52;
27, 281, 12, 429, 269, -1, 105, 1099, 49;
28, 281, 13, 448, 257, 0, 112, 1096, 52;
28, 277, 11, 459, 236, -4, 109, 1084, 45;
33, 280, 15, 487, 233, 8, 129, 1094, 61;
32, 277, 14, 497, 212, 3, 127, 1082, 55;
33, 275, 14, 510, 195, 3, 130, 1075, 55;
32, 272, 12, 518, 173, -1, 127, 1063, 49;
30, 267, 9, 518, 145, -11, 117, 1043, 36;
33, 268, 12, 536, 135, -3, 130, 1047, 47;
31, 264, 9, 537, 110, -10, 123, 1032, 38;
37, 268, 14, 561, 107, 5, 145, 1045, 58;
34, 263, 11, 558, 79, -3, 135, 1026, 46;
36, 262, 13, 567, 64, 0, 141, 1024, 51;
39, 264, 16, 581, 56, 11, 155, 1030, 64;
32, 255, 9, 560, 14, -11, 127, 995, 36;
38, 259, 15, 581, 13, 7, 151, 1011, 60;
34, 252, 10, 566, -20, -7, 133, 986, 42;
37, 254, 14, 575, -28, 3, 146, 992, 55;
36, 251, 13, 569, -51, 0, 141, 981, 51;
35, 249, 12, 563, -72, -2, 138, 971, 48;
36, 248, 13, 561, -87, 1, 141, 968, 53;
35, 246, 13, 553, -107, 0, 138, 960, 51;
31, 240, 9, 535, -137, -10, 122, 939, 37;
32, 240, 11, 531, -149, -5, 127, 939, 44;
34, 241, 13, 528, -161, 1, 132, 941, 52;
36, 243, 16, 527, -168, 12, 143, 947, 66;
31, 237, 12, 502, -198, 0, 124, 925, 50;
29, 234, 11, 485, -218, -4, 116, 915, 45;
31, 235, 13, 477, -227, 2, 121, 917, 54;
31, 235, 15, 467, -237, 8, 124, 918, 61;
30, 233, 14, 447, -255, 5, 117, 909, 58;
27, 230, 13, 424, -275, 0, 105, 897, 50;
24, 227, 11, 401, -294, -4, 95, 886, 45;
22, 225, 11, 380, -309, -6, 88, 879, 43;
22, 225, 12, 363, -318, -2, 87, 878, 47;
22, 225, 13, 347, -324, 2, 89, 881, 54;
16, 220, 9, 310, -350, -11, 65, 859, 36;
22, 225, 16, 309, -340, 9, 86, 881, 62;
14, 219, 10, 268, -367, -8, 58, 855, 40;
19, 224, 16, 264, -356, 11, 77, 877, 65;
13, 219, 11, 223, -380, -4, 51, 854, 45;
16, 223, 16, 213, -373, 10, 63, 869, 63;
11, 218, 12, 176, -390, 0, 43, 853, 50;
6, 215, 10, 142, -404, -9, 26, 841, 39;
6, 216, 11, 120, -404, -4, 25, 844, 45;
8, 219, 14, 104, -397, 5, 31, 856, 58;
1, 213, 9, 60, -417, -11, 4, 834, 37;
4, 218, 14, 48, -404, 3, 15, 852, 55;
4, 220, 16, 28, -399, 10, 17, 859, 63;
-1, 216, 12, -11, -412, -2, -5, 843, 47;
0, 219, 15, -29, -402, 6, 0, 855, 59;
-2, 218, 14, -58, -403, 4, -10, 853, 56;
-5, 217, 13, -89, -404, 0, -21, 849, 51;
-5, 219, 14, -111, -396, 4, -22, 856, 57;
-9, 218, 12, -143, -397, 0, -36, 850, 49;
-11, 218, 12, -169, -392, -1, -43, 852, 49;
-12, 218, 12, -196, -387, -1, -50, 853, 48;
-10, 223, 16, -208, -367, 10, -41, 872, 64;
-14, 222, 14, -239, -365, 4, -54, 867, 57;
-19, 218, 10, -277, -371, -8, -77, 853, 39;
-19, 222, 12, -293, -353, -1, -74, 866, 49;
-20, 223, 12, -316, -343, 0, -79, 870, 49;
-17, 228, 16, -325, -320, 11, -69, 890, 65;
-24, 224, 11, -363, -324, -4, -94, 875, 45;
-23, 227, 13, -377, -305, 2, -91, 888, 53;
-27, 225, 10, -406, -301, -7, -108, 880, 41;
-27, 228, 11, -421, -283, -3, -108, 891, 46;
-28, 230, 12, -438, -268, -2, -111, 898, 48;
-26, 234, 15, -447, -245, 6, -105, 913, 58;
-27, 235, 15, -463, -229, 6, -109, 919, 58;
-32, 233, 11, -490, -225, -6, -127, 910, 43;
-29, 239, 15, -490, -195, 7, -114, 933, 60;
-31, 239, 13, -508, -183, 2, -124, 933, 53;
-29, 243, 16, -511, -157, 11, -116, 951, 65;
-35, 240, 11, -538, -156, -5, -139, 937, 44;
-37, 240, 10, -551, -141, -9, -146, 939, 39;
-37, 243, 10, -557, -120, -6, -145, 949, 42;
-32, 250, 16, -547, -84, 10, -125, 977, 64;
-39, 245, 9, -573, -87, -10, -153, 958, 38;
-37, 249, 11, -572, -62, -4, -146, 973, 45;
-38, 250, 11, -576, -43, -5, -148, 978, 44;
-34, 256, 14, -567, -13, 5, -135, 999, 58;
-40, 252, 9, -585, -11, -11, -157, 985, 36;
-39, 255, 10, -580, 11, -7, -152, 997, 41;
-37, 258, 11, -575, 33, -4, -147, 1008, 45;
-34, 263, 14, -562, 63, 5, -134, 1028, 57;
-35, 263, 13, -563, 77, 0, -139, 1029, 51;
-38, 262, 10, -566, 86, -8, -149, 1024, 40;
-31, 271, 16, -539, 126, 11, -122, 1057, 65;
-33, 270, 14, -539, 135, 3, -131, 1053, 54;
-30, 274, 16, -521, 162, 11, -118, 1070, 65;
-33, 272, 13, -521, 169, 0, -128, 1064, 52;
-30, 276, 15, -503, 193, 7, -117, 1078, 60;
-30, 277, 14, -494, 207, 4, -118, 1081, 56;
-30, 278, 13, -481, 222, 2, -117, 1085, 54;
-33, 275, 9, -479, 225, -9, -128, 1075, 38;
-25, 283, 16, -442, 261, 10, -99, 1106, 63;
-25, 284, 15, -429, 273, 7, -99, 1108, 59;
-29, 280, 10, -426, 272, -8, -114, 1094, 40;
-23, 286, 15, -392, 301, 6, -90, 1118, 59;
-20, 289, 16, -368, 318, 11, -80, 1128, 65;
-24, 284, 11, -365, 313, -6, -97, 1111, 42;
-22, 287, 12, -338, 329, -1, -85, 1121, 48;
-23, 286, 9, -324, 332, -9, -90, 1115, 38;
-19, 289, 12, -293, 351, -1, -74, 1130, 49;
-17, 290, 12, -270, 359, -2, -69, 1132, 48;
-15, 292, 13, -243, 371, 0, -59, 1139, 51;
-12, 294, 14, -213, 384, 5, -47, 1148, 57;
-10, 295, 14, -188, 391, 5, -41, 1150, 57;
-10, 294, 13, -167, 392, 1, -40, 1147, 52;
-12, 291, 9, -152, 386, -10, -48, 1135, 38;
-7, 294, 12, -117, 400, -1, -30, 1148, 49;
-5, 295, 13, -88, 405, 1, -20, 1152, 52;
-1, 298, 15, -54, 416, 8, -4, 1162, 61;
-4, 293, 10, -43, 401, -7, -18, 1142, 41;
2, 298, 16, 0, 419, 9, 9, 1164, 62;
3, 298, 15, 25, 417, 7, 14, 1162, 60;
0, 293, 10, 37, 401, -7, 1, 1143, 41;
3, 294, 12, 69, 403, -2, 14, 1148, 47;
4, 293, 11, 93, 398, -5, 18, 1144, 44;
4, 291, 10, 115, 390, -9, 19, 1137, 39;
10, 294, 13, 152, 396, 1, 39, 1149, 52;
8, 290, 9, 167, 379, -10, 31, 1132, 38;
11, 291, 11, 198, 379, -4, 45, 1137, 45;
14, 292, 12, 227, 375, 0, 55, 1139, 49;
14, 289, 10, 245, 361, -6, 54, 1129, 42;
19, 292, 14, 282, 365, 5, 76, 1141, 58;
18, 289, 12, 297, 346, -2, 71, 1127, 47;
20, 288, 12, 321, 337, -1, 78, 1125, 49;
23, 289, 14, 350, 333, 5, 92, 1129, 57;
24, 287, 14, 368, 318, 2, 94, 1121, 54;
21, 281, 9, 374, 291, -11, 82, 1099, 36;
28, 287, 15, 414, 298, 9, 112, 1119, 62;
27, 282, 13, 424, 275, 0, 105, 1102, 50;
26, 279, 10, 435, 254, -6, 101, 1089, 42;
31, 281, 15, 464, 252, 6, 121, 1099, 58;
33, 281, 16, 485, 241, 10, 131, 1099, 64;
31, 276, 12, 488, 213, 0, 121, 1079, 50;
34, 277, 15, 510, 205, 7, 134, 1083, 60;
29, 270, 9, 504, 169, -11, 114, 1053, 37;
35, 273, 14, 532, 168, 5, 138, 1067, 58;
36, 272, 15, 544, 152, 7, 143, 1063, 60;
31, 265, 10, 536, 117, -8, 124, 1036, 39;
36, 267, 13, 555, 110, 2, 140, 1043, 53;
38, 267, 15, 567, 97, 8, 149, 1043, 60;
34, 261, 11, 559, 64, -5, 133, 1019, 43;
32, 257, 9, 557, 39, -12, 126, 1004, 35;
38, 261, 15, 578, 38, 6, 150, 1020, 59;
34, 255, 11, 567, 6, -5, 135, 997, 43;
35, 254, 11, 569, -10, -4, 137, 992, 45;
37, 255, 14, 577, -21, 4, 148, 996, 56;
35, 251, 12, 567, -47, -2, 138, 980, 47;
39, 253, 16, 577, -52, 11, 154, 990, 65;
32, 244, 9, 550, -94, -10, 126, 955, 37;
36, 247, 13, 558, -99, 2, 141, 965, 54;
34, 244, 12, 546, -122, -1, 134, 952, 48;
36, 245, 15, 547, -131, 7, 143, 957, 60;
31, 238, 10, 521, -165, -8, 121, 930, 40;
36, 242, 16, 529, -164, 10, 141, 947, 63;
34, 240, 15, 513, -185, 6, 134, 936, 59;
29, 234, 11, 487, -214, -6, 115, 914, 43;
33, 238, 16, 489, -215, 9, 131, 928, 63;
30, 234, 13, 466, -238, 2, 118, 912, 53;
26, 230, 11, 442, -261, -5, 104, 897, 43;
25, 228, 11, 424, -277, -6, 99, 891, 43;
24, 227, 11, 407, -289, -4, 97, 888, 45;
23, 225, 11, 386, -304, -6, 90, 880, 43;
25, 228, 14, 378, -306, 5, 99, 890, 57;
20, 223, 11, 346, -329, -5, 81, 872, 44;
21, 224, 13, 331, -334, 1, 83, 876, 52;
22, 226, 16, 316, -336, 9, 88, 882, 62;
14, 218, 9, 272, -368, -12, 55, 852, 35;
20, 225, 16, 271, -353, 11, 78, 877, 65;
12, 217, 10, 226, -382, -9, 47, 849, 39;
10, 216, 9, 201, -390, -9, 40, 845, 38;
13, 220, 14, 190, -382, 4, 52, 861, 57;
11, 220, 14, 164, -388, 4, 45, 858, 56;
5, 215, 10, 125, -407, -8, 22, 840, 40;
5, 216, 11, 103, -406, -4, 21, 844, 45;
1, 214, 9, 69, -416, -11, 6, 834, 37;
6, 220, 16, 63, -398, 9, 25, 860, 63;
0, 215, 10, 20, -415, -6, -1, 839, 42;
1, 218, 14, 5, -404, 5, 6, 853, 57;
0, 218, 14, -22, -404, 4, -1, 852, 56;
-6, 214, 10, -62, -416, -8, -23, 837, 40;
-2, 219, 15, -73, -398, 7, -11, 857, 59;
-3, 221, 16, -96, -391, 11, -12, 863, 65;
-8, 218, 12, -134, -399, 0, -33, 850, 50;
-12, 216, 11, -166, -399, -6, -47, 845, 43;
-10, 220, 14, -182, -384, 3, -41, 859, 55;
-15, 218, 11, -216, -386, -4, -58, 851, 44;
-13, 222, 14, -231, -368, 4, -52, 866, 56;
-13, 224, 16, -250, -355, 9, -52, 875, 63;
-19, 221, 11, -288, -360, -4, -75, 861, 45;
-18, 224, 14, -303, -341, 4, -70, 876, 56;
-18, 227, 15, -321, -326, 8, -71, 885, 61;
-19, 228, 16, -341, -313, 10, -74, 892, 64;
-27, 222, 9, -384, -323, -11, -106, 869, 36;
-27, 225, 10, -401, -307, -8, -108, 877, 40;
-23, 232, 16, -402, -275, 9, -90, 905, 62;
-27, 230, 12, -431, -272, 0, -108, 897, 49;
-26, 233, 14, -442, -251, 4, -105, 910, 57;
-31, 231, 10, -471, -248, -7, -124, 901, 42;
-33, 231, 9, -489, -235, -10, -131, 903, 38;
-35, 232, 9, -505, -220, -11, -137, 907, 36;
-30, 239, 14, -501, -186, 5, -119, 935, 57;
-34, 237, 11, -524, -179, -5, -135, 928, 44;
-33, 242, 13, -528, -154, 1, -129, 943, 53;
-34, 242, 12, -540, -139, 0, -135, 947, 49;
-36, 243, 11, -553, -125, -4, -142, 948, 44;
-36, 245, 11, -559, -105, -3, -143, 957, 46;
-35, 249, 13, -559, -80, 2, -136, 971, 53;
-34, 252, 14, -561, -58, 5, -134, 982, 57;
-34, 254, 15, -564, -38, 6, -134, 990, 58;
-35, 254, 13, -570, -23, 2, -139, 992, 53;
-36, 256, 13, -573, -5, 0, -141, 998, 51;
-37, 256, 12, -575, 10, -2, -145, 1001, 47;
-36, 259, 13, -570, 33, 1, -140, 1013, 52;
-33, 264, 16, -559, 61, 10, -128, 1031, 63;
-36, 262, 12, -565, 69, 0, -141, 1025, 50;
-36, 264, 12, -562, 86, -2, -142, 1030, 47;
-34, 267, 13, -551, 110, 2, -135, 1042, 53;
-31, 272, 16, -534, 138, 11, -121, 1061, 65;
-35, 269, 11, -540, 141, -3, -137, 1049, 46;
-33, 272, 13, -525, 164, 1, -129, 1062, 52;
-30, 276, 15, -507, 187, 7, -118, 1076, 60;
-31, 275, 13, -501, 199, 1, -122, 1075, 53;
-32, 275, 11, -492, 210, -3, -125, 1075, 46;
-29, 279, 13, -472, 232, 1, -115, 1088, 53;
-25, 283, 16, -446, 258, 12, -98, 1106, 66;
-25, 283, 15, -434, 268, 7, -100, 1106, 60;
-26, 283, 13, -421, 278, 2, -102, 1106, 54;
-28, 281, 10, -412, 282, -7, -109, 1099, 41;
-23, 286, 14, -382, 307, 4, -90, 1118, 56;
-26, 283, 9, -376, 304, -10, -104, 1104, 37;
-24, 285, 10, -351, 320, -6, -94, 1113, 42;
-20, 289, 13, -321, 340, 1, -78, 1127, 52;
-21, 287, 10, -306, 342, -6, -83, 1121, 42;
-14, 293, 15, -268, 367, 8, -58, 1144, 61;
-17, 290, 11, -256, 364, -3, -67, 1132, 46;
-12, 294, 14, -221, 382, 6, -49, 1147, 58;
-14, 291, 11, -207, 378, -4, -55, 1137, 45;
-8, 296, 15, -168, 398, 8, -33, 1156, 61;
-5, 298, 16, -139, 407, 12, -22, 1162, 66;
-8, 294, 12, -126, 398, -1, -33, 1147, 48;
-5, 295, 13, -97, 404, 1, -23, 1152, 52;
-4, 295, 12, -72, 405, 0, -18, 1150, 49;
-5, 292, 10, -54, 399, -9, -22, 1141, 39;
0, 296, 13, -16, 411, 1, -2, 1155, 53;
-2, 292, 10, 0, 400, -8, -8, 1141, 39;
1, 295, 12, 34, 407, -1, 7, 1151, 49;
4, 296, 13, 65, 409, 2, 18, 1155, 54;
4, 293, 11, 84, 399, -5, 16, 1144, 44;
9, 296, 15, 122, 407, 6, 37, 1157, 59;
11, 297, 15, 151, 405, 8, 46, 1158, 61;
12, 295, 14, 174, 397, 5, 48, 1153, 57;
14, 295, 15, 201, 392, 6, 56, 1152, 59;
16, 294, 15, 226, 385, 7, 63, 1150, 60;
14, 290, 11, 240, 366, -4, 55, 1133, 45;
17, 291, 13, 268, 362, 0, 66, 1135, 50;
16, 288, 11, 285, 346, -6, 64, 1123, 43;
17, 286, 10, 307, 335, -7, 69, 1118, 41;
20, 287, 12, 334, 328, -3, 79, 1119, 47;
25, 289, 15, 367, 328, 9, 100, 1130, 62;
25, 287, 14, 384, 312, 4, 100, 1120, 56;
25, 284, 12, 398, 293, -1, 97, 1108, 49;
25, 281, 11, 414, 276, -4, 98, 1099, 45;
24, 278, 9, 426, 256, -9, 96, 1087, 38;
27, 279, 11, 449, 247, -3, 108, 1089, 46;
27, 276, 11, 462, 229, -6, 108, 1079, 42;
33, 280, 15, 493, 228, 8, 131, 1092, 61;
31, 275, 12, 497, 201, -1, 122, 1074, 49;
35, 277, 16, 521, 196, 10, 140, 1082, 63;
36, 275, 16, 533, 179, 10, 143, 1076, 64;
35, 272, 14, 538, 155, 4, 138, 1062, 56;
33, 268, 12, 540, 130, -2, 132, 1046, 48;
33, 265, 10, 544, 107, -6, 128, 1034, 42;
35, 265, 13, 558, 96, 0, 139, 1036, 52;
33, 261, 10, 555, 68, -8, 129, 1018, 40;
36, 262, 13, 568, 58, 0, 142, 1022, 52;
37, 261, 14, 575, 43, 4, 147, 1020, 56;
32, 254, 9, 561, 7, -11, 128, 993, 36;
34, 254, 11, 567, -6, -6, 135, 992, 43;
35, 253, 11, 568, -23, -4, 136, 987, 45;
36, 252, 12, 570, -38, 0, 141, 985, 50;
33, 248, 10, 559, -66, -8, 130, 967, 40;
32, 245, 9, 552, -87, -10, 126, 957, 37;
33, 245, 11, 551, -101, -6, 131, 956, 43;
37, 247, 15, 558, -106, 7, 146, 966, 60;
36, 246, 15, 550, -125, 7, 144, 959, 60;
30, 238, 9, 522, -161, -10, 119, 930, 37;
30, 236, 9, 512, -179, -10, 117, 924, 37;
36, 242, 16, 521, -175, 10, 140, 943, 64;
33, 238, 14, 502, -198, 4, 129, 929, 56;
31, 235, 13, 486, -217, 1, 122, 920, 53;
33, 237, 16, 481, -223, 12, 131, 927, 66;
25, 229, 9, 443, -261, -9, 100, 893, 38;
28, 231, 13, 437, -265, 1, 109, 902, 52;
27, 230, 13, 420, -278, 1, 106, 897, 53;
26, 229, 14, 403, -290, 4, 104, 895, 56;
28, 230, 16, 391, -295, 11, 109, 900, 65;
22, 224, 12, 356, -322, -2, 86, 877, 47;
22, 225, 13, 338, -329, 1, 85, 878, 53;
19, 222, 12, 311, -345, -3, 74, 868, 47;
15, 219, 10, 283, -361, -8, 61, 857, 39;
18, 222, 13, 271, -359, 2, 70, 868, 54;
12, 217, 9, 233, -381, -10, 47, 848, 38;
14, 220, 13, 220, -377, 0, 55, 859, 51;
9, 216, 9, 183, -396, -10, 35, 842, 37;
9, 217, 11, 164, -396, -4, 36, 848, 45;
6, 216, 10, 135, -403, -6, 27, 843, 42;
5, 216, 11, 111, -406, -4, 23, 844, 45;
9, 221, 16, 101, -393, 11, 36, 863, 65;
1, 215, 10, 55, -414, -7, 6, 839, 42;
5, 220, 15, 44, -400, 8, 19, 858, 61;
0, 215, 11, 4, -414, -4, -3, 841, 45;
0, 218, 14, -13, -405, 4, 0, 852, 56;
-2, 217, 13, -44, -407, 1, -9, 848, 52;
-3, 218, 14, -67, -402, 4, -12, 853, 56;
-2, 221, 16, -88, -393, 10, -11, 862, 64;
-4, 221, 16, -115, -390, 9, -19, 862, 62;
-12, 215, 10, -160, -404, -9, -48, 841, 39;
-7, 222, 16, -166, -379, 10, -31, 867, 64;
-12, 220, 13, -201, -382, 0, -49, 858, 52;
-12, 222, 14, -222, -371, 5, -50, 865, 57;
-19, 218, 10, -262, -377, -9, -74, 850, 39;
-14, 225, 16, -265, -348, 10, -55, 879, 64;
-18, 223, 13, -298, -347, 1, -72, 871, 52;
-17, 227, 16, -312, -328, 10, -67, 886, 63;
-22, 224, 12, -347, -330, -2, -89, 874, 47;
-24, 224, 11, -369, -319, -3, -95, 877, 46;
-24, 227, 12, -387, -304, -1, -97, 885, 49;
-25, 229, 13, -404, -288, 1, -99, 893, 52;
-26, 230, 13, -422, -274, 1, -103, 899, 52;
-27, 232, 13, -439, -258, 2, -106, 906, 54;
-29, 232, 12, -460, -247, -1, -116, 905, 48;
-33, 231, 9, -485, -240, -10, -131, 900, 37;
-32, 234, 12, -492, -217, -3, -125, 916, 47;
-33, 235, 11, -508, -203, -6, -132, 918, 43;
-35, 236, 10, -522, -187, -6, -136, 924, 42;
-36, 237, 10, -535, -171, -9, -142, 927, 39;
-32, 244, 15, -530, -138, 6, -125, 954, 59;
-32, 246, 15, -539, -120, 6, -128, 960, 58;
-34, 246, 13, -551, -105, 2, -134, 962, 53;
-33, 250, 15, -552, -82, 7, -130, 975, 59;
-33, 252, 15, -557, -62, 7, -130, 983, 60;
-38, 249, 11, -575, -57, -6, -149, 973, 43;
-33, 256, 16, -562, -22, 9, -129, 1000, 63;
-36, 254, 12, -574, -13, 0, -143, 994, 50;
-37, 256, 12, -576, 3, -2, -146, 998, 47;
-39, 255, 9, -582, 15, -10, -155, 996, 38;
-38, 258, 11, -576, 38, -6, -149, 1009, 43;
-34, 263, 14, -562, 68, 4, -135, 1029, 56;
-34, 265, 14, -557, 87, 3, -134, 1035, 55;
-36, 265, 12, -557, 100, -1, -140, 1035, 48;
-32, 270, 15, -540, 128, 7, -126, 1054, 60;
-37, 266, 9, -550, 127, -11, -148, 1037, 37;
-34, 270, 11, -533, 153, -3, -136, 1054, 46;
-34, 271, 11, -525, 168, -5, -136, 1057, 43;
-35, 271, 10, -516, 182, -9, -137, 1059, 39;
-29, 277, 14, -489, 213, 4, -116, 1083, 56;
-29, 279, 14, -475, 229, 4, -113, 1089, 56;
-31, 277, 11, -469, 235, -5, -122, 1083, 44;
-26, 283, 15, -440, 263, 6, -102, 1104, 59;
-26, 283, 14, -426, 275, 4, -101, 1106, 56;
-25, 284, 14, -408, 288, 3, -97, 1110, 55;
-25, 284, 12, -393, 298, 0, -98, 1111, 50;
-27, 282, 9, -383, 300, -10, -105, 1102, 37;
-24, 284, 10, -359, 316, -7, -96, 1111, 41;
-18, 291, 15, -321, 344, 8, -71, 1136, 62;
-18, 291, 14, -302, 351, 5, -70, 1135, 57;
-18, 290, 12, -285, 355, 0, -71, 1131, 49;
-15, 292, 13, -258, 367, 2, -62, 1138, 53;
-16, 290, 11, -242, 367, -5, -66, 1132, 43;
-13, 293, 13, -210, 381, 0, -51, 1142, 51;
-9, 295, 15, -179, 393, 6, -38, 1152, 58;
-13, 290, 9, -170, 382, -10, -53, 1133, 37;
-7, 295, 14, -129, 402, 4, -27, 1154, 56;
-4, 297, 15, -100, 410, 7, -17, 1159, 60;
-5, 294, 12, -83, 403, -2, -22, 1148, 48;
-3, 295, 13, -52, 409, 1, -11, 1153, 52;
-3, 294, 11, -31, 405, -4, -11, 1147, 45;
0, 295, 13, 0, 409, 0, 0, 1152, 50;
-1, 292, 9, 16, 398, -10, -6, 1139, 37;
3, 295, 13, 54, 408, 0, 14, 1153, 52;
3, 293, 11, 74, 399, -6, 12, 1143, 43;
8, 296, 15, 113, 409, 6, 34, 1158, 59;
10, 296, 14, 139, 403, 5, 39, 1155, 57;
11, 295, 14, 163, 396, 3, 43, 1150, 55;
10, 292, 12, 183, 384, -2, 42, 1141, 47;
10, 289, 9, 200, 370, -10, 39, 1128, 37;
14, 291, 12, 233, 370, -2, 55, 1136, 47;
18, 292, 14, 265, 369, 4, 70, 1141, 56;
17, 290, 12, 282, 354, -1, 69, 1131, 49;
19, 289, 13, 307, 346, 0, 76, 1129, 51;
20, 288, 12, 329, 334, 0, 81, 1124, 50;
24, 289, 15, 357, 330, 6, 95, 1128, 58;
23, 286, 12, 372, 311, 0, 92, 1115, 50;
24, 284, 12, 390, 296, -1, 95, 1109, 48;
28, 286, 15, 419, 293, 7, 112, 1116, 60;
30, 284, 15, 438, 279, 8, 117, 1111, 61;
26, 278, 11, 441, 250, -6, 103, 1087, 43;
33, 282, 16, 474, 251, 10, 128, 1103, 64;
26, 274, 9, 467, 213, -11, 104, 1069, 36;
29, 273, 10, 486, 201, -7, 113, 1068, 41;
31, 273, 12, 503, 188, -3, 122, 1067, 47;
33, 273, 13, 520, 176, 1, 131, 1067, 52;
36, 274, 16, 539, 166, 9, 143, 1070, 62;
37, 273, 16, 551, 149, 11, 148, 1065, 64;
37, 270, 15, 556, 128, 8, 146, 1055, 61;
34, 264, 11, 551, 97, -4, 132, 1032, 45;
37, 266, 14, 567, 88, 5, 146, 1037, 57;
37, 263, 14, 571, 68, 4, 146, 1029, 56;
39, 263, 15, 578, 53, 8, 152, 1027, 61;
34, 257, 11, 566, 19, -5, 135, 1002, 43;
38, 259, 15, 580, 13, 6, 151, 1010, 59;
37, 255, 13, 575, -10, 2, 145, 998, 53;
33, 250, 9, 562, -42, -9, 129, 975, 38;
39, 255, 16, 580, -40, 11, 155, 994, 64;
37, 250, 14, 569, -66, 4, 145, 978, 55;
37, 249, 14, 564, -84, 4, 144, 972, 56;
35, 246, 13, 554, -106, 1, 139, 961, 52;
37, 246, 15, 553, -118, 8, 146, 963, 61;
37, 245, 16, 546, -135, 9, 145, 958, 63;
37, 244, 16, 538, -150, 11, 145, 954, 65;
35, 241, 15, 522, -173, 7, 137, 941, 60;
33, 239, 14, 507, -192, 5, 131, 932, 57;
34, 238, 16, 498, -204, 9, 133, 932, 62;
30, 234, 13, 474, -230, 0, 117, 913, 50;
26, 229, 10, 449, -255, -9, 102, 896, 39;
24, 227, 9, 429, -273, -12, 94, 887, 35;
23, 226, 9, 414, -286, -10, 92, 884, 38;
29, 231, 16, 415, -279, 10, 113, 904, 63;
24, 226, 12, 384, -304, -1, 94, 885, 49;
26, 229, 16, 376, -305, 10, 104, 895, 64;
22, 225, 13, 346, -326, 1, 87, 879, 53;
20, 224, 13, 323, -337, 1, 81, 874, 52;
17, 221, 11, 294, -354, -5, 67, 863, 44;
19, 224, 15, 283, -352, 6, 77, 874, 59;
16, 221, 13, 252, -367, 0, 63, 863, 51;
15, 221, 14, 231, -372, 3, 61, 864, 55;
11, 218, 11, 198, -387, -4, 45, 851, 45;
8, 216, 10, 169, -397, -8, 33, 844, 40;
11, 220, 15, 157, -389, 6, 45, 860, 58;
7, 217, 12, 124, -400, 0, 30, 850, 50;
5, 217, 12, 96, -405, -2, 21, 846, 48;
7, 220, 15, 80, -397, 8, 28, 859, 61;
4, 218, 14, 49, -404, 4, 16, 852, 56;
3, 219, 15, 24, -403, 6, 12, 855, 59;
2, 220, 16, 0, -399, 9, 10, 859, 63;
-2, 217, 13, -36, -409, 0, -8, 847, 50;
0, 220, 16, -51, -396, 10, -1, 861, 64;
-5, 218, 13, -87, -402, 2, -19, 851, 53;
-4, 220, 15, -108, -393, 7, -19, 860, 60;
-9, 218, 12, -143, -397, 0, -36, 850, 50;
-6, 222, 16, -156, -379, 12, -26, 869, 66;
-13, 218, 12, -196, -387, -2, -50, 853, 48;
-11, 222, 15, -211, -370, 7, -45, 868, 60;
-15, 220, 13, -244, -370, 0, -60, 861, 51;
-21, 217, 9, -280, -374, -12, -82, 849, 35;
-18, 223, 13, -290, -351, 1, -70, 870, 52;
-21, 221, 11, -320, -348, -5, -85, 865, 43;
-21, 225, 13, -336, -330, 1, -82, 877, 52;
-22, 226, 13, -356, -317, 2, -86, 883, 54;
-20, 230, 16, -368, -296, 11, -80, 899, 64;
-28, 225, 10, -407, -302, -8, -110, 879, 40;
-23, 232, 16, -408, -271, 9, -92, 907, 62;
-29, 229, 11, -442, -272, -5, -115, 893, 43;
-28, 232, 13, -452, -250, 0, -111, 907, 51;
-30, 232, 12, -472, -238, -2, -120, 908, 47;
-32, 234, 11, -488, -223, -4, -125, 912, 45;
-29, 239, 15, -490, -195, 7, -114, 933, 60;
-34, 237, 11, -515, -190, -4, -132, 924, 45;
-30, 243, 16, -512, -158, 10, -117, 949, 63;
-35, 240, 11, -539, -156, -5, -139, 936, 43;
-30, 247, 16, -530, -120, 12, -119, 965, 66;
-38, 242, 9, -561, -125, -10, -150, 944, 37;
-37, 245, 10, -564, -102, -6, -146, 956, 42;
-32, 252, 16, -552, -65, 11, -126, 985, 64;
-33, 253, 15, -558, -48, 9, -129, 989, 62;
-37, 251, 12, -573, -41, -2, -145, 982, 47;
-35, 255, 14, -569, -15, 3, -138, 997, 55;
-37, 255, 12, -575, -1, -1, -144, 997, 48;
-39, 255, 10, -581, 10, -8, -153, 996, 40;
-32, 263, 16, -559, 50, 12, -127, 1029, 66;
-33, 264, 15, -559, 65, 8, -131, 1031, 61;
-33, 266, 15, -554, 85, 8, -129, 1039, 62;
-37, 264, 11, -562, 90, -4, -144, 1029, 45;
-32, 269, 15, -544, 121, 6, -128, 1051, 59;
-37, 265, 9, -553, 122, -10, -147, 1036, 38;
-33, 270, 13, -533, 151, 0, -132, 1056, 51;
-31, 274, 15, -516, 175, 6, -121, 1071, 59;
-29, 277, 16, -500, 196, 10, -114, 1082, 63;
-28, 279, 16, -487, 214, 10, -110, 1089, 64;
-30, 277, 13, -482, 221, 1, -118, 1083, 53;
-29, 279, 13, -467, 237, 2, -113, 1090, 53;
-25, 283, 16, -442, 261, 10, -99, 1106, 63;
-29, 279, 11, -442, 260, -6, -116, 1091, 43;
-24, 285, 15, -410, 287, 7, -95, 1113, 59;
-25, 284, 12, -400, 293, 0, -100, 1108, 49;
-22, 288, 15, -372, 314, 6, -85, 1123, 59;
-20, 289, 15, -349, 328, 8, -78, 1130, 61;
-21, 287, 12, -337, 330, 0, -84, 1122, 50;
-19, 289, 13, -312, 344, 2, -75, 1130, 53;
-18, 289, 12, -292, 352, 0, -73, 1130, 50;
-19, 288, 10, -276, 353, -8, -77, 1124, 40;
-16, 290, 12, -247, 367, -3, -64, 1134, 47;
-11, 295, 16, -210, 387, 9, -43, 1152, 62;
-10, 295, 15, -187, 392, 7, -39, 1152, 59;
-11, 293, 12, -171, 388, -2, -45, 1142, 47;
-7, 295, 14, -137, 401, 4, -29, 1154, 57;
-7, 294, 13, -115, 401, 0, -28, 1150, 51;
-8, 292, 10, -98, 395, -9, -33, 1139, 39;
-7, 291, 9, -74, 395, -11, -30, 1137, 36;
-2, 295, 12, -36, 408, 0, -9, 1151, 49;
-1, 294, 12, -11, 407, -2, -5, 1150, 48;
0, 294, 11, 13, 404, -4, -1, 1146, 45;
5, 298, 15, 53, 417, 8, 22, 1163, 62;
1, 291, 9, 61, 396, -10, 4, 1138, 37;
9, 297, 15, 107, 412, 8, 35, 1161, 61;
9, 296, 14, 130, 404, 4, 37, 1155, 57;
11, 296, 14, 157, 401, 5, 45, 1154, 58;
8, 291, 10, 170, 382, -7, 35, 1136, 41;
13, 294, 14, 206, 386, 3, 54, 1147, 55;
14, 292, 12, 227, 375, 0, 55, 1139, 50;
16, 291, 12, 252, 367, 0, 62, 1137, 50;
19, 292, 14, 281, 363, 4, 74, 1140, 57;
17, 287, 11, 293, 343, -6, 66, 1122, 43;
18, 287, 11, 317, 333, -5, 73, 1119, 44;
22, 288, 14, 347, 330, 3, 89, 1126, 54;
21, 284, 11, 359, 309, -5, 83, 1110, 43;
24, 285, 13, 387, 304, 0, 97, 1114, 52;
26, 284, 13, 407, 291, 2, 103, 1110, 53;
25, 280, 11, 418, 269, -6, 98, 1095, 43;
26, 279, 11, 436, 255, -5, 103, 1090, 44;
27, 278, 11, 452, 239, -6, 106, 1084, 43;
30, 278, 12, 473, 229, 0, 117, 1085, 50;
31, 276, 12, 488, 213, 0, 121, 1079, 50;
30, 273, 11, 496, 191, -6, 117, 1065, 43;
32, 273, 12, 513, 178, -1, 126, 1065, 48;
30, 268, 9, 515, 151, -11, 117, 1046, 37;
30, 266, 9, 525, 133, -11, 119, 1039, 36;
35, 269, 13, 547, 128, 1, 138, 1049, 53;
33, 264, 10, 546, 101, -6, 129, 1031, 42;
37, 266, 14, 565, 94, 5, 145, 1039, 57;
39, 267, 16, 577, 82, 12, 155, 1041, 66;
37, 262, 14, 572, 54, 3, 146, 1023, 55;
36, 259, 13, 573, 33, 1, 144, 1013, 52;
39, 260, 15, 581, 21, 8, 153, 1015, 61;
38, 258, 15, 580, 0, 6, 151, 1006, 59;
40, 257, 16, 583, -14, 11, 156, 1004, 64;
37, 253, 13, 573, -42, 2, 145, 986, 54;
36, 251, 13, 569, -61, 2, 143, 979, 53;
35, 248, 12, 560, -84, -1, 138, 967, 49;
34, 245, 11, 551, -106, -4, 132, 956, 45;
33, 243, 11, 544, -124, -3, 131, 950, 46;
36, 245, 15, 545, -132, 6, 141, 955, 58;
36, 243, 15, 537, -149, 7, 141, 950, 60;
36, 242, 16, 528, -164, 9, 141, 947, 63;
28, 234, 9, 496, -202, -11, 112, 914, 37;
29, 234, 11, 488, -213, -4, 116, 915, 44;
30, 234, 13, 479, -225, 0, 119, 915, 50;
28, 232, 12, 461, -243, -2, 112, 907, 48;
31, 234, 15, 456, -247, 8, 122, 915, 61;
28, 231, 14, 434, -266, 4, 112, 904, 56;
24, 227, 11, 406, -291, -5, 95, 886, 43;
22, 225, 10, 385, -306, -7, 88, 879, 41;
25, 228, 14, 378, -306, 5, 99, 890, 57;
22, 225, 13, 352, -322, 0, 88, 880, 52;
20, 224, 13, 329, -335, 0, 81, 874, 50;
15, 219, 9, 295, -357, -11, 62, 856, 36;
18, 222, 13, 285, -354, 1, 72, 869, 53;
13, 218, 10, 252, -373, -8, 54, 853, 40;
12, 218, 10, 228, -381, -7, 49, 851, 41;
17, 223, 16, 222, -369, 11, 66, 872, 65;
15, 222, 16, 196, -377, 10, 59, 868, 64;
6, 215, 9, 149, -403, -10, 26, 840, 38;
7, 217, 11, 130, -402, -3, 28, 846, 46;
6, 217, 12, 107, -402, 0, 26, 849, 50;
5, 217, 12, 80, -406, 0, 19, 848, 50;
0, 214, 9, 43, -418, -10, 0, 834, 38;
0, 216, 12, 23, -412, -3, 2, 843, 46;
3, 221, 16, 12, -397, 12, 15, 862, 66;
1, 220, 16, -16, -398, 10, 6, 860, 64;
-4, 215, 11, -58, -412, -4, -18, 842, 45;
-1, 220, 16, -70, -395, 10, -7, 861, 63;
-3, 221, 16, -95, -390, 11, -12, 864, 65;
-11, 214, 9, -144, -408, -10, -46, 838, 37;
-11, 217, 11, -164, -398, -4, -45, 847, 45;
-11, 219, 13, -184, -386, 1, -44, 857, 52;
-15, 217, 10, -218, -388, -7, -61, 848, 41;
-11, 223, 16, -226, -363, 10, -46, 873, 63;
-14, 223, 14, -255, -359, 5, -58, 870, 57;
-14, 226, 16, -272, -343, 12, -55, 882, 65;
-17, 225, 15, -300, -338, 7, -67, 879, 59;
-24, 221, 10, -339, -344, -9, -93, 863, 39;
-23, 224, 12, -353, -326, -2, -90, 876, 48;
-27, 222, 9, -384, -323, -12, -107, 868, 35;
-21, 231, 16, -382, -288, 10, -85, 901, 63;
-24, 231, 15, -405, -278, 6, -94, 901, 59;
-24, 233, 16, -419, -260, 10, -94, 911, 63;
-31, 229, 10, -456, -264, -8, -122, 893, 40;
-27, 235, 15, -458, -234, 6, -107, 917, 58;
-33, 231, 9, -489, -235, -10, -132, 903, 38;
-33, 234, 11, -499, -214, -5, -130, 914, 43;
-36, 234, 9, -518, -203, -11, -140, 913, 36;
-30, 242, 15, -511, -167, 7, -120, 943, 59;
-35, 239, 10, -536, -163, -6, -139, 933, 42;
-35, 241, 11, -543, -142, -3, -139, 943, 46;
-38, 241, 9, -558, -130, -9, -148, 943, 38;
-37, 244, 11, -561, -107, -5, -145, 954, 43;
-36, 247, 12, -564, -85, -2, -143, 965, 47;
-34, 252, 14, -560, -58, 6, -133, 983, 58;
-39, 248, 9, -580, -55, -10, -154, 970, 38;
-36, 253, 12, -574, -27, -1, -144, 988, 49;
-33, 259, 16, -562, 4, 10, -129, 1011, 64;
-38, 255, 11, -579, 6, -6, -150, 997, 43;
-34, 261, 14, -566, 37, 5, -135, 1018, 57;
-37, 260, 12, -571, 48, -2, -144, 1016, 47;
-37, 261, 11, -569, 66, -4, -145, 1020, 45;
-35, 265, 13, -557, 91, 2, -136, 1036, 53;
-38, 263, 10, -562, 98, -9, -149, 1028, 39;
-38, 264, 9, -557, 114, -12, -150, 1032, 35;
-35, 269, 12, -539, 141, -3, -137, 1050, 47;
-34, 271, 12, -528, 160, -2, -133, 1058, 48;
-29, 276, 16, -505, 190, 10, -115, 1079, 63;
-30, 277, 15, -496, 203, 6, -117, 1081, 58;
-28, 280, 16, -479, 223, 9, -109, 1092, 63;
-32, 275, 10, -482, 222, -7, -127, 1076, 41;
-32, 276, 9, -468, 236, -10, -126, 1079, 38;
-31, 278, 9, -452, 250, -10, -122, 1084, 37;
-24, 285, 15, -417, 282, 6, -96, 1111, 59;
-26, 283, 12, -406, 289, 0, -101, 1107, 50;
-23, 286, 14, -382, 306, 3, -91, 1117, 55;
-22, 287, 14, -362, 319, 3, -86, 1122, 55;
-19, 290, 15, -337, 334, 7, -76, 1131, 59;
-17, 292, 16, -312, 349, 10, -67, 1139, 63;
-21, 287, 10, -307, 342, -7, -83, 1121, 41;
-16, 291, 13, -274, 361, 2, -65, 1136, 53;
-15, 292, 13, -249, 370, 2, -59, 1140, 54;
-17, 289, 9, -237, 366, -10, -69, 1127, 38;
-12, 293, 13, -202, 383, 0, -50, 1143, 50;
-10, 294, 14, -174, 393, 3, -40, 1149, 55;
-9, 294, 13, -150, 396, 0, -36, 1148, 52;
-4, 298, 16, -114, 410, 10, -17, 1162, 64;
-5, 295, 13, -97, 405, 1, -22, 1152, 52;
-1, 298, 16, -61, 416, 10, -5, 1164, 63;
0, 299, 16, -33, 419, 11, 2, 1166, 64;
1, 298, 15, -9, 418, 8, 5, 1163, 61;
3, 298, 16, 19, 419, 10, 14, 1165, 63;
0, 293, 11, 30, 403, -5, 1, 1145, 43;
5, 296, 14, 67, 411, 4, 21, 1157, 56;
3, 293, 10, 83, 398, -6, 14, 1142, 42;
9, 296, 14, 121, 406, 5, 35, 1156, 57;
9, 295, 13, 144, 398, 1, 37, 1150, 53;
7, 290, 10, 159, 382, -9, 30, 1134, 39;
15, 296, 16, 204, 396, 10, 61, 1156, 63;
13, 291, 12, 217, 376, -2, 51, 1138, 48;
19, 295, 16, 255, 381, 10, 74, 1151, 64;
20, 294, 16, 280, 373, 11, 81, 1149, 65;
19, 290, 13, 294, 354, 2, 75, 1134, 53;
16, 285, 9, 302, 330, -12, 63, 1112, 35;
22, 288, 13, 339, 333, 2, 86, 1126, 53;
20, 284, 10, 351, 312, -7, 79, 1109, 41;
20, 282, 9, 368, 296, -10, 81, 1101, 37;
22, 281, 10, 390, 285, -9, 87, 1098, 39;
27, 283, 13, 420, 282, 2, 106, 1107, 53;
27, 282, 13, 436, 266, 0, 109, 1099, 51;
29, 280, 13, 454, 252, 1, 114, 1095, 52;
32, 281, 15, 478, 244, 8, 127, 1099, 62;
27, 273, 9, 472, 207, -11, 105, 1067, 36;
30, 274, 11, 493, 198, -4, 118, 1069, 45;
30, 271, 10, 503, 178, -7, 117, 1060, 41;
31, 271, 11, 518, 164, -4, 124, 1057, 45;
31, 268, 10, 524, 142, -8, 121, 1045, 40;
32, 267, 11, 536, 126, -6, 127, 1041, 43;
31, 263, 9, 540, 103, -10, 123, 1029, 37;
37, 267, 15, 565, 103, 7, 148, 1045, 60;
34, 262, 11, 558, 71, -5, 133, 1022, 44;
39, 264, 15, 577, 66, 9, 152, 1032, 62;
37, 261, 14, 574, 42, 3, 146, 1018, 55;
35, 257, 12, 570, 16, -3, 138, 1003, 47;
36, 256, 13, 574, 0, 0, 143, 1000, 51;
32, 250, 9, 561, -31, -11, 127, 978, 36;
34, 250, 10, 564, -45, -7, 133, 976, 42;
37, 252, 14, 572, -53, 4, 146, 983, 56;
38, 251, 15, 571, -69, 7, 149, 980, 60;
32, 244, 10, 548, -104, -9, 127, 952, 39;
34, 245, 12, 550, -114, 0, 136, 956, 50;
38, 247, 16, 554, -121, 11, 149, 964, 65;
31, 239, 10, 524, -159, -8, 121, 932, 40;
33, 240, 13, 523, -168, 0, 130, 937, 51;
32, 238, 12, 509, -187, -1, 125, 928, 49;
35, 240, 16, 509, -192, 10, 137, 937, 64;
32, 236, 14, 488, -215, 4, 125, 923, 56;
30, 234, 14, 472, -232, 3, 120, 916, 55;
25, 228, 9, 441, -263, -12, 97, 891, 35;
27, 230, 13, 436, -266, 0, 108, 900, 51;
26, 229, 12, 417, -280, 0, 103, 894, 50;
28, 231, 16, 409, -284, 10, 112, 902, 63;
25, 227, 13, 382, -304, 2, 97, 888, 54;
20, 223, 11, 352, -325, -5, 81, 873, 43;
18, 221, 10, 328, -340, -9, 72, 864, 39;
23, 227, 16, 326, -330, 11, 92, 886, 65;
22, 226, 16, 304, -340, 12, 87, 883, 66;
13, 218, 9, 257, -373, -11, 53, 851, 37;
17, 222, 15, 250, -364, 6, 68, 869, 58;
17, 224, 16, 231, -366, 12, 69, 873, 66;
10, 217, 11, 188, -391, -5, 41, 849, 43;
9, 217, 11, 164, -395, -3, 37, 849, 46;
8, 217, 12, 141, -398, -1, 33, 849, 49;
4, 214, 9, 105, -411, -10, 16, 837, 38;
4, 216, 11, 86, -408, -3, 17, 844, 46;
3, 216, 12, 61, -408, -1, 13, 846, 49;
4, 219, 15, 44, -400, 8, 19, 857, 61;
3, 220, 16, 18, -400, 9, 13, 858, 62;
-3, 215, 11, -24, -415, -6, -12, 839, 43;
-5, 214, 10, -53, -417, -8, -21, 836, 40;
-2, 219, 15, -65, -400, 6, -10, 855, 58;
-6, 217, 12, -99, -404, 0, -25, 848, 49;
-6, 219, 14, -120, -394, 4, -24, 856, 57;
-13, 214, 9, -163, -407, -12, -52, 837, 35;
-12, 218, 12, -180, -392, -2, -47, 851, 47;
-13, 219, 12, -203, -383, 0, -51, 856, 50;
-13, 221, 14, -223, -372, 3, -51, 864, 55;
-19, 217, 9, -264, -379, -11, -77, 848, 36;
-15, 224, 15, -270, -352, 6, -60, 873, 58;
-16, 225, 15, -290, -340, 8, -63, 880, 62;
-22, 222, 11, -327, -343, -4, -86, 867, 45;
-23, 223, 11, -348, -331, -4, -90, 872, 45;
-25, 224, 11, -371, -321, -5, -98, 874, 43;
-25, 226, 11, -389, -306, -3, -100, 882, 46;
-24, 230, 14, -400, -284, 5, -94, 898, 57;
-26, 230, 13, -422, -273, 2, -103, 899, 53;
-24, 235, 16, -430, -249, 11, -95, 917, 65;
-28, 233, 14, -455, -243, 2, -110, 911, 54;
-32, 232, 10, -481, -236, -6, -126, 905, 42;
-29, 237, 14, -484, -209, 4, -116, 925, 56;
-29, 239, 15, -495, -190, 7, -116, 935, 59;
-30, 241, 15, -506, -171, 8, -117, 943, 61;
-36, 238, 10, -534, -170, -7, -140, 929, 41;
-34, 242, 12, -537, -145, 0, -134, 945, 50;
-31, 247, 15, -536, -117, 8, -124, 963, 62;
-38, 242, 9, -564, -118, -10, -151, 946, 37;
-32, 251, 16, -549, -79, 9, -126, 979, 63;
-34, 250, 14, -561, -67, 3, -136, 977, 55;
-39, 247, 9, -580, -62, -11, -155, 967, 37;
-34, 255, 14, -566, -26, 5, -135, 994, 57;
-35, 256, 14, -569, -9, 3, -138, 999, 55;
-38, 255, 11, -578, 1, -5, -149, 996, 44;
-33, 262, 16, -561, 36, 11, -128, 1023, 64;
-34, 262, 15, -564, 51, 6, -134, 1024, 58;
-32, 266, 16, -554, 76, 11, -126, 1038, 65;
-35, 264, 13, -559, 84, 1, -137, 1033, 53;
-38, 263, 9, -565, 92, -9, -150, 1025, 38;
-32, 270, 15, -540, 128, 7, -126, 1054, 60;
-37, 266, 9, -550, 128, -10, -147, 1038, 37;
-36, 268, 10, -538, 148, -8, -142, 1048, 40;
-35, 271, 11, -525, 168, -6, -136, 1057, 43;
-29, 277, 15, -498, 200, 8, -115, 1082, 61;
-31, 276, 12, -494, 208, 0, -123, 1077, 50;
-30, 277, 12, -480, 224, 0, -120, 1083, 50;
-32, 276, 9, -474, 230, -10, -127, 1077, 38;
-28, 280, 12, -448, 255, 0, -112, 1094, 50;
-28, 281, 12, -432, 268, -2, -109, 1098, 48;
-24, 285, 14, -407, 289, 4, -96, 1112, 56;
-21, 288, 16, -383, 308, 9, -85, 1123, 62;
-27, 282, 9, -384, 300, -11, -106, 1102, 36;
-19, 290, 15, -342, 332, 8, -76, 1131, 62;
-20, 288, 13, -329, 336, 0, -81, 1126, 51;
-18, 291, 14, -302, 350, 4, -70, 1134, 56;
-17, 290, 13, -282, 357, 1, -68, 1134, 53;
-20, 287, 9, -271, 354, -10, -78, 1122, 37;
-14, 292, 13, -234, 374, 1, -57, 1141, 52;
-16, 289, 10, -220, 371, -9, -64, 1130, 39;
-9, 296, 15, -177, 396, 8, -35, 1155, 61;
-11, 292, 11, -163, 389, -3, -44, 1142, 46;
-5, 297, 15, -125, 407, 8, -22, 1159, 61;
-6, 294, 13, -107, 402, 0, -26, 1150, 51;
-4, 295, 13, -78, 408, 2, -17, 1154, 53;
-6, 291, 9, -65, 396, -11, -27, 1138, 37;
-2, 295, 12, -28, 407, -1, -8, 1150, 48;
18, 12, 3, 2100, 4256, 1805, 71, 49, 14;
0, 27, 4, 4269, 2577, 2493, 1, 106, 17;
7, 18, 2, 4000, 2138, 1785, 30, 71, 9;
9, 19, 0, 2700, 4584, 2582, 36, 77, 1;
17, 12, 7, 3397, 2576, 2330, 67, 48, 30;
4, 16, 12, 2680, 4949, 1603, 17, 63, 50;
11, 7, 4, 1959, 5198, 2671, 43, 29, 19;
5, 31, 10, 4062, 3510, 1506, 23, 121, 41;
9, 25, 9, 2930, 3712, 2656, 38, 97, 37;
15, 25, 0, 4233, 2197, 1140, 59, 98, 0;
9, 4, 10, 2275, 5015, 2898, 37, 16, 39;
4, 2, 7, 2253, 3928, 1697, 16, 8, 30;
20, 21, 0, 3508, 3394, 2352, 78, 83, 0;
19, 6, 2, 1723, 3652, 1751, 74, 25, 8;
5, 13, 12, 4012, 1932, 2536, 21, 51, 50;
8, 15, 9, 2927, 3488, 1364, 32, 60, 37;
12, 20, 9, 3687, 1867, 2708, 49, 78, 38;
20, 18, 8, 1926, 4883, 1499, 80, 74, 32;
5, 30, 2, 4112, 5188, 1604, 20, 119, 9;
11, 28, 12, 2647, 5147, 1610, 46, 111, 48;
13, 8, 9, 3390, 3307, 1118, 54, 33, 37;
0, 0, 6, 2669, 2629, 1976, 2, 3, 24;
13, 5, 8, 3737, 4580, 1464, 53, 23, 32;
6, 21, 6, 4120, 3834, 1431, 24, 82, 27;
18, 31, 2, 3937, 4183, 2308, 71, 120, 9;
9, 28, 3, 2888, 5408, 1576, 37, 112, 14;
17, 21, 8, 3827, 2397, 1980, 70, 85, 32;
17, 22, 3, 4126, 3630, 1377, 69, 89, 13;
13, 6, 3, 3219, 5265, 1940, 52, 25, 15;
0, 18, 1, 1565, 4433, 2251, 3, 70, 7;
19, 23, 8, 2353, 4341, 1238, 76, 90, 33;
11, 10, 7, 1816, 3174, 2033, 43, 41, 28;
3, 27, 10, 1769, 2045, 987, 14, 107, 39;
17, 14, 3, 4072, 2280, 1383, 68, 57, 11;
0, 1, 6, 3607, 5251, 1435, 3, 6, 23;
13, 8, 8, 1798, 4960, 1329, 54, 31, 32;
0, 13, 7, 3166, 4409, 1070, 1, 52, 30;
8, 4, 11, 2185, 1836, 1440, 31, 19, 46;
11, 18, 7, 2495, 4365, 1948, 43, 70, 27;
20, 10, 11, 3970, 4580, 2044, 79, 39, 44;
16, 17, 3, 2344, 4011, 2092, 64, 69, 13;
1, 23, 8, 4411, 3738, 1466, 7, 92, 32;
11, 13, 12, 3812, 3313, 1303, 42, 54, 47;
14, 30, 8, 3624, 3520, 2708, 54, 119, 33;
1, 20, 4, 3826, 2755, 1938, 6, 80, 19;
17, 7, 1, 1543, 4059, 1999, 69, 27, 4;
19, 18, 3, 2640, 4723, 1646, 76, 70, 12;
8, 20, 1, 2527, 3919, 2891, 33, 79, 6;
14, 15, 11, 2317, 3723, 2755, 56, 58, 43;
9, 15, 12, 1521, 5104, 1799, 36, 61, 50;
7, 10, 9, 2762, 2216, 2094, 30, 42, 35;
16, 19, 8, 3963, 1968, 1193, 63, 76, 31;
17, 11, 11, 4274, 2695, 1481, 68, 44, 45;
18, 30, 4, 2046, 4840, 1953, 73, 120, 18;
2, 19, 7, 1704, 3139, 1297, 8, 76, 30;
17, 8, 10, 2612, 5070, 2533, 67, 34, 42;
2, 14, 13, 4344, 2298, 2329, 8, 57, 50;
4, 2, 11, 1658, 4650, 2234, 15, 8, 46;
11, 26, 11, 4422, 5349, 2938, 45, 101, 45;
14, 18, 1, 2697, 3801, 1204, 56, 71, 4;
0, 3, 9, 2638, 3906, 2205, 0, 11, 36;
12, 28, 4, 2356, 2682, 2272, 50, 111, 17;
13, 28, 6, 3577, 2453, 1456, 52, 111, 25;
16, 26, 3, 3949, 4708, 1517, 63, 104, 12;
11, 24, 7, 3392, 4685, 1566, 45, 94, 30;
14, 1, 12, 3631, 3744, 1934, 55, 6, 48;
18, 21, 3, 1622, 3924, 1871, 71, 85, 13;
15, 8, 4, 3750, 2321, 2164, 59, 32, 16;
5, 3, 5, 4082, 2200, 2632, 21, 15, 21;
11, 2, 5, 3600, 2500, 1378, 45, 10, 22;
6, 1, 1, 4187, 4005, 2774, 23, 7, 7;
8, 13, 4, 2430, 4268, 1392, 33, 52, 18;
18, 2, 8, 3092, 2006, 2448, 73, 9, 31;
9, 31, 3, 2951, 2046, 1490, 38, 121, 14;
2, 4, 5, 3430, 3183, 1641, 9, 18, 21;
19, 17, 7, 2675, 2285, 1097, 74, 69, 27;
17, 18, 5, 3657, 2237, 1047, 66, 71, 19;
6, 5, 1, 3600, 4783, 1929, 25, 20, 5;
7, 16, 1, 2473, 4592, 1125, 29, 65, 5;
7, 24, 4, 3353, 4814, 2455, 28, 95, 15;
578, 971, 439, 5232, 4577, 3101, 2256, 3788, 1713;
734, 907, 370, 5031, 4401, 2984, 2863, 3537, 1444;
649, 865, 384, 4847, 4241, 2879, 2531, 3373, 1499;
574, 803, 413, 4670, 4088, 2780, 2239, 3135, 1611;
583, 677, 339, 4489, 3930, 2673, 2277, 2642, 1322;
538, 776, 381, 4301, 3765, 2557, 2100, 3029, 1488;
554, 791, 328, 4119, 3603, 2443, 2164, 3086, 1281;
555, 756, 292, 3975, 3480, 2365, 2166, 2951, 1139;
425, 731, 281, 3806, 3330, 2259, 1659, 2854, 1098;
502, 669, 305, 3640, 3182, 2153, 1960, 2609, 1191;
444, 738, 295, 3514, 3074, 2085, 1732, 2880, 1151;
475, 747, 266, 3362, 2940, 1990, 1852, 2914, 1038;
474, 560, 268, 3248, 2843, 1930, 1850, 2184, 1045;
395, 576, 301, 3111, 2722, 1844, 1543, 2246, 1177;
361, 533, 259, 3008, 2633, 1791, 1409, 2080, 1011;
383, 596, 226, 2888, 2528, 1719, 1494, 2326, 882;
400, 610, 209, 2776, 2430, 1652, 1560, 2379, 817;
329, 651, 208, 2662, 2330, 1582, 1286, 2539, 812;
309, 627, 199, 2568, 2248, 1530, 1207, 2446, 779;
336, 612, 237, 2472, 2165, 1475, 1313, 2390, 924;
343, 491, 173, 2354, 2060, 1397, 1338, 1918, 677;
337, 501, 194, 2260, 1977, 1340, 1315, 1956, 760;
290, 469, 167, 2156, 1884, 1272, 1131, 1831, 652;
300, 462, 199, 2093, 1831, 1243, 1170, 1802, 778;
245, 469, 198, 2023, 1772, 1207, 959, 1830, 773;
228, 531, 156, 1906, 1665, 1122, 889, 2073, 612;
249, 503, 177, 1837, 1606, 1084, 973, 1963, 692;
224, 421, 138, 1770, 1547, 1046, 873, 1644, 540;
246, 459, 167, 1726, 1512, 1031, 962, 1791, 653;
214, 476, 160, 1655, 1449, 986, 835, 1856, 624;
217, 406, 130, 1584, 1386, 942, 846, 1585, 508;
172, 402, 107, 1520, 1330, 903, 670, 1570, 418;
180, 473, 107, 1472, 1290, 880, 703, 1847, 420;
161, 415, 117, 1394, 1219, 824, 630, 1622, 458;
194, 454, 96, 1351, 1183, 804, 759, 1771, 377;
157, 407, 117, 1269, 1107, 743, 614, 1590, 457;
183, 421, 98, 1249, 1093, 744, 715, 1643, 385;
163, 391, 121, 1218, 1068, 732, 637, 1525, 474;
145, 410, 99, 1139, 996, 673, 567, 1600, 388;
149, 390, 104, 1092, 954, 644, 584, 1522, 405;
121, 416, 100, 1080, 948, 650, 475, 1624, 391;
135, 379, 102, 1032, 904, 618, 529, 1479, 401;
127, 394, 77, 991, 868, 593, 497, 1540, 302;
140, 348, 94, 952, 835, 571, 547, 1357, 370;
116, 359, 88, 915, 802, 549, 452, 1403, 345;
96, 373, 61, 856, 748, 504, 376, 1455, 241;
92, 365, 65, 828, 724, 489, 359, 1426, 257;
99, 358, 75, 815, 715, 489, 388, 1398, 294;
92, 364, 58, 792, 696, 480, 361, 1422, 227;
86, 343, 67, 757, 665, 457, 337, 1340, 264;
104, 355, 53, 710, 621, 421, 406, 1386, 207;
84, 344, 66, 674, 589, 397, 330, 1343, 257;
70, 336, 55, 634, 552, 368, 274, 1311, 216;
81, 333, 60, 632, 553, 376, 318, 1302, 235;
67, 316, 46, 592, 517, 347, 262, 1233, 181;
78, 310, 52, 576, 503, 340, 305, 1212, 206;
66, 332, 39, 560, 490, 333, 259, 1297, 154;
76, 312, 54, 554, 487, 336, 297, 1219, 211;
63, 330, 43, 498, 433, 288, 249, 1288, 171;
60, 326, 33, 481, 419, 280, 237, 1272, 129;
61, 315, 45, 472, 412, 278, 240, 1230, 176;
59, 319, 39, 476, 419, 290, 231, 1246, 154;
52, 314, 34, 418, 363, 239, 204, 1228, 135;
50, 307, 38, 403, 350, 231, 195, 1197, 150;
48, 297, 40, 410, 360, 246, 188, 1161, 158;
52, 304, 35, 397, 348, 238, 205, 1187, 138;
55, 311, 34, 376, 329, 224, 215, 1216, 134;
50, 304, 37, 374, 329, 228, 196, 1186, 144;
37, 298, 25, 334, 291, 194, 147, 1164, 101;
36, 297, 26, 311, 270, 176, 143, 1161, 103;
39, 296, 22, 308, 268, 179, 155, 1156, 88;
39, 291, 21, 296, 257, 171, 152, 1137, 82;
36, 286, 24, 282, 245, 162, 141, 1117, 94;
36, 297, 21, 292, 256, 177, 142, 1160, 85;
41, 296, 20, 275, 241, 164, 160, 1157, 81;
25, 281, 15, 241, 208, 135, 100, 1098, 62;
32, 283, 23, 255, 223, 153, 125, 1107, 91;
32, 291, 20, 248, 218, 150, 127, 1137, 80;
28, 286, 18, 230, 201, 136, 111, 1116, 71;
28, 280, 17, 215, 188, 125, 112, 1092, 68;
1, 256, 1, 1, 1, 1, 6, 1001, 4;
1, 256, 0, -1, -1, -1, 3, 998, 1;
1, 256, 0, 0, 0, 0, 4, 999, 2;
1, 256, 0, 0, 0, 0, 4, 999, 2;
1, 256, 0, 0, 0, 0, 5, 1000, 3;
1, 256, 0, 0, 0, 0, 5, 1000, 3;
1, 256, 0, 0, 0, 0, 5, 1000, 3;
1, 256, 0, 0, 0, 0, 5, 999, 3;
1, 256, 0, -1, -1, -1, 3, 998, 1;
1, 256, 0, 0, 0, 0, 4, 999, 2;
1, 256, 0, 0, 0, 0, 5, 1000, 3;
1, 256, 0, 0, 0, 0, 5, 1000, 3;
1, 256, 0, 0, 0, 0, 5, 1000, 3;
1, 256, 0, 0, 0, 0, 4, 999, 2;
1, 256, 0, -1, -1, -1, 4, 999, 2;
1, 256, 0, -1, -1, -1, 4, 999, 2;
1, 256, 0, 0, 0, 0, 4, 999, 2;
1, 256, 0, 1, 1, 1, 5, 1000, 3;
1, 256, 0, 0, 0, 0, 4, 999, 2;
1, 256, 0, 0, 0, 0, 4, 999, 2;
1, 256, 0, 0, 0, 0, 4, 999, 2;
1, 256, 0, -1, -1, -1, 4, 998, 2;
1, 256, 0, 0, 0, 0, 5, 1000, 3;
1, 256, 0, 0, 0, 0, 4, 999, 2;
1, 256, 0, 0, 0, 0, 5, 1000, 3;
1, 256, 0, -1, -1, -1, 4, 999, 2;
1, 256, 0, 0, 0, 0, 5, 1000, 3;
1, 256, 0, -1, -1, -1, 4, 999, 2;
1, 256, 0, 1, 1, 1, 5, 1000, 3;
1, 256, 1, 1, 1, 1, 6, 1000, 3;
1, 256, 1, 1, 1, 1, 5, 1000, 3;
1, 256, 0, 0, 0, 0, 4, 999, 2;
1, 256, 0, 0, 0, 0, 5, 1000, 3;
1, 256, 0, 0, 0, 0, 4, 999, 2;
1, 256, 1, 1, 1, 1, 5, 1000, 3;
1, 256, 0, 0, 0, 0, 5, 1000, 3;
1, 256, 0, 1, 1, 1, 5, 1000, 3;
1, 256, 0, 0, 0, 0, 5, 1000, 3;
1, 256, 0, -1, -1, -1, 4, 999, 2;
1, 256, 0, 0, 0, 0, 5, 1000, 3;
1, 256, 0, 1, 1, 1, 5, 1000, 3;
1, 256, 0, 0, 0, 0, 5, 1000, 3;
1, 256, 0, 0, 0, 0, 4, 999, 2;
1, 256, 0, 0, 0, 0, 5, 1000, 3;
1, 256, 0, -1, -1, -1, 3, 998, 1;
1, 256, 0, 0, 0, 0, 4, 999, 2;
1, 256, 1, 1, 1, 1, 6, 1001, 4;
1, 256, 0, 0, 0, 0, 4, 999, 2;
1, 256, 0, 1, 1, 1, 5, 1000, 3;
1, 256, 0, -1, -1, -1, 3, 998, 1;
1, 256, 0, -1, -1, -1, 3, 998, 1;
1, 256, 0, -1, -1, -1, 4, 998, 2;
0, 256, 0, -1, -1, -1, 3, 998, 1;
1, 256, 0, 0, 0, 0, 5, 1000, 3;
1, 256, 0, 1, 1, 1, 5, 1000, 3;
1, 256, 0, 1, 1, 1, 5, 1000, 3;
1, 256, 1, 1, 1, 1, 5, 1000, 3;
1, 256, 0, 0, 0, 0, 5, 1000, 3;
1, 256, 0, 0, 0, 0, 4, 999, 2;
1, 256, 0, 0, 0, 0, 4, 999, 2;
1, 256, 0, 1, 1, 1, 5, 1000, 3;
1, 256, 0, -1, -1, -1, 4, 999, 2;
1, 256, 0, 0, 0, 0, 4, 999, 2;
1, 256, 0, 0, 0, 0, 5, 999, 3;
1, 256, 0, 1, 1, 1, 5, 1000, 3;
1, 256, 1, 1, 1, 1, 6, 1001, 4;
1, 256, 0, -1, -1, -1, 4, 999, 2;
1, 256, 0, 1, 1, 1, 5, 1000, 3;
1, 256, 0, 1, 1, 1, 5, 1000, 3;
1, 256, 0, 0, 0, 0, 5, 1000, 3;
1, 256, 0, 0, 0, 0, 5, 1000, 3;
1, 256, 1, 1, 1, 1, 5, 1000, 3;
1, 256, 0, 0, 0, 0, 5, 1000, 3;
1, 256, 0, -1, -1, -1, 4, 998, 1;
1, 256, 0, 0, 0, 0, 5, 999, 3;
1, 256, 0, 0, 0, 0, 4, 999, 2;
1, 256, 0, -1, -1, -1, 4, 999, 2;
1, 256, 0, 1, 1, 1, 5, 1000, 3;
1, 256, 1, 1, 1, 1, 6, 1001, 4;
1, 256, 0, -1, -1, -1, 4, 999, 2;
1, 256, 0, -1, -1, -1, 4, 999, 2;
1, 256, 0, -1, -1, -1, 3, 998, 1;
1, 256, 0, 1, 1, 1, 5, 1000, 3;
1, 256, 0, 0, 0, 0, 4, 999, 2;
1, 256, 0, 0, 0, 0, 4, 999, 2;
1, 256, 0, -1, -1, -1, 3, 998, 1;
1, 256, 0, -1, -1, -1, 3, 998, 1;
1, 256, 0, -1, -1, -1, 4, 999, 2;
1, 256, 1, 1, 1, 1, 6, 1000, 3;
1, 256, 0, 0, 0, 0, 4, 999, 2;
1, 256, 1, 1, 1, 1, 6, 1001, 4;
1, 256, 0, 0, 0, 0, 4, 999, 2;
1, 256, 0, 1, 1, 1, 5, 1000, 3;
1, 256, 0, 0, 0, 0, 5, 1000, 3;
1, 256, 0, 0, 0, 0, 5, 1000, 3;
1, 256, 0, -1, -1, -1, 4, 998, 1;
1, 256, 0, 0, 0, 0, 5, 1000, 3;
1, 256, 0, 0, 0, 0, 5, 1000, 3;
1, 256, 0, 0, 0, 0, 5, 1000, 3;
1, 256, 0, 0, 0, 0, 4, 999, 2;
1, 256, 0, -1, -1, -1, 4, 999, 2;
1, 256, 0, 0, 0, 0, 4, 999, 2;
1, 256, 0, -1, -1, -1, 4, 998, 1;
1, 256, 0, 0, 0, 0, 5, 1000, 3;
1, 256, 0, -1, -1, -1, 4, 999, 2;
1, 256, 0, 0, 0, 0, 4, 999, 2;
1, 256, 0, -1, -1, -1, 4, 998, 2;
1, 256, 0, -1, -1, -1, 3, 998, 1;
1, 256, 0, 0, 0, 0, 5, 1000, 3;
1, 256, 0, 0, 0, 0, 4, 999, 2;
1, 256, 1, 1, 1, 1, 6, 1000, 4;
1, 256, 0, 0, 0, 0, 5, 1000, 3;
1, 256, 0, 1, 1, 1, 5, 1000, 3;
1, 256, 0, -1, -1, -1, 4, 999, 2;
1, 256, 0, 0, 0, 0, 5, 1000, 3;
1, 256, 0, 1, 1, 1, 5, 1000, 3;
1, 256, 1, 1, 1, 1, 6, 1000, 4;
1, 256, 0, 0, 0, 0, 4, 999, 2;
1, 256, 0, 0, 0, 0, 5, 999, 2;
1, 256, 0, -1, -1, -1, 3, 998, 1;
1, 256, 0, -1, -1, -1, 3, 998, 1;
1, 256, 0, -1, -1, -1, 4, 999, 2;
1, 256, 0, 0, 0, 0, 4, 999, 2;
1, 256, 0, -1, -1, -1, 4, 999, 2;
1, 256, 0, -1, -1, -1, 3, 998, 1;
0, 256, 0, -1, -1, -1, 3, 998, 1;
1, 256, 0, 0, 0, 0, 4, 999, 2;
1, 256, 0, 0, 0, 0, 4, 999, 2;
1, 256, 0, 0, 0, 0, 4, 999, 2;
1, 256, 0, 0, 0, 0, 4, 999, 2;
1, 256, 0, 0, 0, 0, 5, 999, 3;
1, 256, 0, 0, 0, 0, 4, 999, 2;
1, 256, 0, -1, -1, -1, 3, 998, 1;
1, 256, 1, 1, 1, 1, 6, 1001, 4;
1, 256, 0, 0, 0, 0, 5, 999, 2;
1, 256, 1, 1, 1, 1, 6, 1000, 4;
1, 256, 0, 0, 0, 0, 4, 999, 2;
0, 256, 0, -1, -1, -1, 3, 998, 1;
1, 256, 0, 0, 0, 0, 5, 1000, 3;
1, 256, 0, 0, 0, 0, 4, 999, 2;
1, 256, 0, 0, 0, 0, 4, 999, 2;
1, 256, 0, 1, 1, 1, 5, 1000, 3;
1, 256, 1, 1, 1, 1, 5, 1000, 3;
1, 256, 0, -1, -1, -1, 4, 998, 2;
1, 256, 0, -1, -1, -1, 4, 999, 2;
1, 256, 0, 0, 0, 0, 4, 999, 2;
1, 256, 0, 0, 0, 0, 5, 1000, 3;
1, 256, 0, -1, -1, -1, 4, 999, 2;
1, 256, 0, 1, 1, 1, 5, 1000, 3;
1, 256, 0, 0, 0, 0, 5, 1000, 3;
1, 256, 0, 0, 0, 0, 4, 999, 2;
1, 256, 0, -1, -1, -1, 4, 999, 2;
1, 256, 1, 1, 1, 1, 6, 1001, 4;
1, 256, 0, 0, 0, 0, 4, 999, 2;
1, 256, 1, 1, 1, 1, 6, 1001, 4;
1, 256, 0, -1, -1, -1, 4, 999, 2;
1, 256, 0, 0, 0, 0, 4, 999, 2;
1, 256, 0, 0, 0, 0, 4, 999, 2;
1, 256, 0, -1, -1, -1, 4, 999, 2;
1, 256, 0, 0, 0, 0, 4, 999, 2;
1, 256, 0, 1, 1, 1, 5, 1000, 3;
1, 256, 0, 0, 0, 0, 5, 1000, 3;
1, 256, 0, 0, 0, 0, 5, 1000, 3;
1, 256, 0, -1, -1, -1, 3, 998, 1;
1, 256, 0, 0, 0, 0, 4, 999, 2;
1, 256, 0, 0, 0, 0, 5, 1000, 3;
1, 256, 0, -1, -1, -1, 3, 998, 1;
1, 256, 0, 0, 0, 0, 5, 1000, 3;
1, 256, 0, 0, 0, 0, 5, 1000, 3;
1, 256, 0, 0, 0, 0, 5, 1000, 3;
1, 256, 0, 0, 0, 0, 5, 1000, 3;
1, 256, 0, 0, 0, 0, 5, 1000, 3;
1, 256, 1, 1, 1, 1, 6, 1001, 4;
1, 256, 0, 0, 0, 0, 4, 999, 2;
1, 256, 0, 0, 0, 0, 4, 999, 2;
1, 256, 0, 0, 0, 0, 4, 999, 2;
1, 256, 0, 0, 0, 0, 5, 1000, 3;
1, 256, 0, -1, -1, -1, 4, 999, 2;
1, 256, 0, 0, 0, 0, 5, 1000, 3;
1, 256, 1, 1, 1, 1, 6, 1000, 4;
1, 256, 0, 0, 0, 0, 5, 1000, 3;
1, 256, 0, 0, 0, 0, 5, 999, 3;
1, 256, 1, 1, 1, 1, 6, 1000, 3;
1, 256, 1, 1, 1, 1, 6, 1001, 4;
1, 256, 0, 0, 0, 0, 5, 1000, 3;
1, 256, 0, 0, 0, 0, 4, 999, 2;
1, 256, 0, 0, 0, 0, 5, 1000, 3;
1, 256, 0, 0, 0, 0, 5, 1000, 3;
1, 256, 0, 0, 0, 0, 4, 999, 2;
1, 256, 0, 0, 0, 0, 4, 999, 2;
1, 256, 0, 0, 0, 0, 5, 1000, 3;
1, 256, 0, 0, 0, 0, 4, 999, 2;
1, 256, 0, 0, 0, 0, 4, 999, 2;
1, 256, 0, -1, -1, -1, 4, 999, 2;
1, 256, 0, -1, -1, -1, 4, 999, 2;
1, 256, 0, 1, 1, 1, 5, 1000, 3;
1, 256, 0, -1, -1, -1, 4, 999, 2;
1, 256, 0, -1, -1, -1, 4, 998, 1;
1, 256, 0, 0, 0, 0, 4, 999, 2;
1, 256, 0, 0, 0, 0, 4, 999, 2;
1, 256, 0, 0, 0, 0, 5, 1000, 3;
1, 256, 0, 0, 0, 0, 4, 999, 2;
1, 256, 0, 1, 1, 1, 5, 1000, 3;
1, 256, 0, 0, 0, 0, 5, 1000, 3;
1, 256, 0, 1, 1, 1, 5, 1000, 3;
1, 256, 0, -1, -1, -1, 4, 999, 2;
1, 256, 0, -1, -1, -1, 4, 999, 2;
1, 256, 0, 0, 0, 0, 5, 1000, 3;
1, 256, 0, 0, 0, 0, 4, 999, 2;
1, 256, 0, -1, -1, -1, 4, 999, 2;
1, 256, 0, -1, -1, -1, 4, 999, 2;
1, 256, 0, -1, -1, -1, 4, 998, 2;
1, 256, 0, 0, 0, 0, 5, 1000, 3;
1, 256, 1, 1, 1, 1, 6, 1001, 4;
1, 256, 0, 0, 0, 0, 5, 1000, 3;
1, 256, 1, 1, 1, 1, 6, 1001, 4;
1, 256, 0, 0, 0, 0, 5, 1000, 3;
1, 256, 0, 0, 0, 0, 5, 1000, 3;
1, 256, 0, 1, 1, 1, 5, 1000, 3;
1, 256, 0, -1, -1, -1, 4, 999, 2;
1, 256, 1, 1, 1, 1, 5, 1000, 3;
1, 256, 1, 1, 1, 1, 6, 1000, 4;
1, 256, 0, 0, 0, 0, 4, 999, 2;
1, 256, 1, 1, 1, 1, 5, 1000, 3;
1, 256, 0, 1, 1, 1, 5, 1000, 3;
1, 256, 0, -1, -1, -1, 4, 998, 2;
1, 256, 0, 0, 0, 0, 5, 1000, 3;
1, 256, 1, 1, 1, 1, 6, 1001, 4;
1, 256, 0, -1, -1, -1, 4, 999, 2;
1, 256, 0, 0, 0, 0, 4, 999, 2;
1, 256, 0, 0, 0, 0, 5, 999, 3;
1, 256, 0, 0, 0, 0, 5, 1000, 3;
1, 256, 0, 0, 0, 0, 4, 999, 2;
1, 256, 0, -1, -1, -1, 4, 999, 2;
1, 256, 0, 0, 0, 0, 4, 999, 2;
1, 256, 0, 1, 1, 1, 5, 1000, 3;
1, 256, 0, -1, -1, -1, 4, 999, 2;
1, 256, 0, 0, 0, 0, 4, 999, 2;
0, 256, 0, -1, -1, -1, 3, 998, 1;
1, 256, 0, 0, 0, 0, 5, 1000, 3;
1, 256, 0, 0, 0, 0, 4, 999, 2;
1, 256, 0, 0, 0, 0, 4, 999, 2;
1, 256, 0, 0, 0, 0, 5, 1000, 3;
1, 256, 0, -1, -1, -1, 4, 999, 2;
1, 256, 1, 1, 1, 1, 6, 1001, 4;
1, 256, 0, 0, 0, 0, 4, 999, 2;
1, 256, 0, -1, -1, -1, 4, 999, 2;
1, 256, 0, 1, 1, 1, 5, 1000, 3;
1, 256, 0, -1, -1, -1, 4, 999, 2;
1, 256, 0, -1, -1, -1, 4, 999, 2;
1, 256, 1, 1, 1, 1, 5, 1000, 3;
1, 256, 0, -1, -1, -1, 4, 998, 1;
1, 256, 0, 0, 0, 0, 5, 1000, 3;
1, 256, 1, 1, 1, 1, 6, 1000, 3;
1, 256, 0, -1, -1, -1, 3, 998, 1;
1, 256, 1, 1, 1, 1, 5, 1000, 3;
1, 256, 1, 1, 1, 1, 6, 1000, 4;
1, 256, 0, 0, 0, 0, 4, 999, 2;
1, 256, 0, 0, 0, 0, 5, 1000, 3;
1, 256, 0, 0, 0, 0, 5, 1000, 3;
1, 256, 0, -1, -1, -1, 4, 999, 2;
1, 256, 0, -1, -1, -1, 3, 998, 1;
1, 256, 0, -1, -1, -1, 4, 998, 1;
1, 256, 0, 0, 0, 0, 5, 1000, 3;
1, 256, 0, 1, 1, 1, 5, 1000, 3;
1, 256, 0, 0, 0, 0, 5, 1000, 3;
1, 256, 0, 1, 1, 1, 5, 1000, 3;
1, 256, 0, 0, 0, 0, 4, 999, 2;
1, 256, 1, 1, 1, 1, 6, 1000, 3;
1, 256, 0, 0, 0, 0, 5, 1000, 3;
1, 256, 0, -1, -1, -1, 4, 999, 2;
1, 256, 1, 1, 1, 1, 5, 1000, 3;
1, 256, 0, -1, -1, -1, 4, 999, 2;
1, 256, 0, 0, 0, 0, 5, 1000, 3;
1, 256, 0, 0, 0, 0, 5, 1000, 3;
1, 256, 0, 0, 0, 0, 5, 1000, 3;
1, 256, 0, -1, -1, -1, 4, 999, 2;
1, 256, 0, 0, 0, 0, 4, 999, 2;
0, 256, 0, -1, -1, -1, 3, 998, 1;
1, 256, 0, 1, 1, 1, 5, 1000, 3;
1, 256, 0, 0, 0, 0, 4, 999, 2;
1, 256, 1, 1, 1, 1, 5, 1000, 3;
1, 256, 1, 1, 1, 1, 5, 1000, 3;
1, 256, 0, 0, 0, 0, 5, 999, 2;
1, 256, 0, 0, 0, 0, 4, 999, 2;
1, 256, 0, 1, 1, 1, 5, 1000, 3;
1, 256, 1, 1, 1, 1, 6, 1001, 4;
1, 256, 1, 1, 1, 1, 6, 1001, 4;
1, 256, 1, 1, 1, 1, 6, 1001, 4;
1, 256, 0, -1, -1, -1, 3, 998, 1;
1, 256, 0, 1, 1, 1, 5, 1000, 3;
1, 256, 0, -1, -1, -1, 3, 998, 1;
1, 256, 0, 0, 0, 0, 5, 1000, 3;
1, 256, 1, 1, 1, 1, 6, 1001, 4;
1, 256, 0, -1, -1, -1, 4, 999, 2;
1, 256, 0, 0, 0, 0, 4, 999, 2;
1, 256, 0, 0, 0, 0, 5, 1000, 3;
1, 256, 0, -1, -1, -1, 4, 999, 2;
1, 256, 0, -1, -1, -1, 4, 999, 2;
1, 256, 1, 1, 1, 1, 6, 1001, 4;
1, 256, 0, -1, -1, -1, 4, 999, 2;
1, 256, 1, 1, 1, 1, 6, 1001, 4;
1, 256, 0, -1, -1, -1, 4, 999, 2;
1, 256, 0, 0, 0, 0, 5, 1000, 3;
1, 256, 0, 0, 0, 0, 4, 999, 2;
1, 256, 0, 0, 0, 0, 4, 999, 2;
1, 256, 1, 1, 1, 1, 6, 1001, 4;
1, 256, 0, 0, 0, 0, 5, 1000, 3;
1, 256, 0, 0, 0, 0, 5, 1000, 3;
1, 256, 0, 0, 0, 0, 5, 1000, 3;
1, 256, 0, -1, -1, -1, 3, 998, 1;
1, 256, 0, 0, 0, 0, 5, 1000, 3;
1, 256, 1, 1, 1, 1, 6, 1000, 3;
1, 256, 0, 0, 0, 0, 4, 999, 2;
1, 256, 0, 0, 0, 0, 4, 999, 2;
1, 256, 0, 0, 0, 0, 5, 1000, 3;
1, 256, 0, 0, 0, 0, 5, 999, 2;
1, 256, 0, 0, 0, 0, 4, 999, 2;
1, 256, 0, 0, 0, 0, 5, 1000, 3;
1, 256, 0, 0, 0, 0, 5, 1000, 3;
1, 256, 0, 0, 0, 0, 5, 1000, 3;
1, 256, 1, 1, 1, 1, 6, 1001, 4;
1, 256, 0, -1, -1, -1, 4, 999, 2;
1, 256, 0, -1, -1, -1, 4, 999, 2;
1, 256, 0, -1, -1, -1, 4, 999, 2;
1, 256, 0, -1, -1, -1, 4, 999, 2;
1, 256, 0, 0, 0, 0, 5, 1000, 3;
1, 256, 0, 0, 0, 0, 5, 1000, 3;
1, 256, 0, 1, 1, 1, 5, 1000, 3;
1, 256, 0, -1, -1, -1, 4, 999, 2;
1, 256, 1, 1, 1, 1, 6, 1001, 4;
1, 256, 0, 0, 0, 0, 5, 1000, 3;
1, 256, 0, 0, 0, 0, 5, 999, 3;
1, 256, 0, 0, 0, 0, 5, 1000, 3;
1, 256, 0, 0, 0, 0, 4, 999, 2;
1, 256, 0, 0, 0, 0, 4, 999, 2;
1, 256, 0, 0, 0, 0, 5, 1000, 3;
1, 256, 0, 0, 0, 0, 4, 999, 2;
1, 256, 0, -1, -1, -1, 4, 999, 2;
1, 256, 0, 1, 1, 1, 5, 1000, 3;
1, 256, 0, -1, -1, -1, 4, 999, 2;
1, 256, 0, 0, 0, 0, 4, 999, 2;
1, 256, 0, -1, -1, -1, 4, 999, 2;
1, 256, 0, 0, 0, 0, 5, 1000, 3;
1, 256, 0, -1, -1, -1, 4, 999, 2;
1, 256, 0, -1, -1, -1, 4, 998, 1;
1, 256, 0, -1, -1, -1, 3, 998, 1;
1, 256, 0, -1, -1, -1, 4, 999, 2;
1, 256, 0, -1, -1, -1, 4, 999, 2;
1, 256, 0, -1, -1, -1, 4, 998, 1;
1, 256, 0, -1, -1, -1, 4, 999, 2;
1, 256, 0, -1, -1, -1, 4, 999, 2;
1, 256, 0, 0, 0, 0, 4, 999, 2;
1, 256, 0, -1, -1, -1, 3, 998, 1;
1, 256, 0, 0, 0, 0, 4, 999, 2;
1, 256, 0, 0, 0, 0, 5, 1000, 3;
1, 256, 0, 0, 0, 0, 5, 1000, 3;
1, 256, 1, 1, 1, 1, 6, 1000, 4;
1, 256, 0, -1, -1, -1, 4, 999, 2;
1, 256, 0, 0, 0, 0, 5, 999, 2;
1, 256, 0, 0, 0, 0, 5, 1000, 3;
1, 256, 0, -1, -1, -1, 4, 998, 1;
1, 256, 0, -1, -1, -1, 4, 999, 2;
1, 256, 0, 0, 0, 0, 5, 1000, 3;
1, 256, 0, -1, -1, -1, 4, 999, 2;
1, 256, 1, 1, 1, 1, 5, 1000, 3;
1, 256, 0, -1, -1, -1, 4, 998, 1;
1, 256, 1, 1, 1, 1, 6, 1001, 4;
1, 256, 0, 0, 0, 0, 5, 1000, 3;
1, 256, 0, 0, 0, 0, 5, 1000, 3;
1, 256, 0, 0, 0, 0, 4, 999, 2;
1, 256, 0, 1, 1, 1, 5, 1000, 3;
1, 256, 0, -1, -1, -1, 4, 999, 2;
1, 256, 0, -1, -1, -1, 4, 999, 2;
1, 256, 0, 0, 0, 0, 5, 1000, 3;
1, 256, 0, 0, 0, 0, 4, 999, 2;
1, 256, 0, 0, 0, 0, 4, 999, 2;
1, 256, 0, -1, -1, -1, 4, 999, 2;
1, 256, 0, -1, -1, -1, 4, 999, 2;
1, 256, 1, 1, 1, 1, 5, 1000, 3;
1, 256, 0, 0, 0, 0, 4, 999, 2;
1, 256, 0, 0, 0, 0, 5, 1000, 3;
1, 256, 0, 0, 0, 0, 5, 1000, 3;
1, 256, 0, 0, 0, 0, 4, 999, 2;
1, 256, 0, 0, 0, 0, 4, 999, 2;
1, 256, 0, -1, -1, -1, 4, 999, 2;
1, 256, 0, 0, 0, 0, 5, 1000, 3;
0, 256, 0, -1, -1, -1, 3, 998, 1;
1, 256, 0, 0, 0, 0, 5, 1000, 3;
1, 256, 0, 0, 0, 0, 4, 999, 2;
1, 256, 0, 0, 0, 0, 5, 1000, 3;
1, 256, 0, 1, 1, 1, 5, 1000, 3;
1, 256, 0, 0, 0, 0, 5, 1000, 3;
1, 256, 0, -1, -1, -1, 4, 998, 2;
1, 256, 1, 1, 1, 1, 6, 1000, 3;
1, 256, 0, 0, 0, 0, 4, 999, 2;
1, 256, 0, 0, 0, 0, 5, 1000, 3;
1, 256, 1, 1, 1, 1, 6, 1001, 4;
1, 256, 0, 0, 0, 0, 5, 1000, 3;
1, 256, 1, 1, 1, 1, 6, 1001, 4;
1, 256, 0, -1, -1, -1, 4, 998, 1;
1, 256, 0, 1, 1, 1, 5, 1000, 3;
1, 256, 0, 0, 0, 0, 5, 999, 2;
1, 256, 0, -1, -1, -1, 4, 999, 2;
1, 256, 0, -1, -1, -1, 4, 999, 2;
1, 256, 0, 1, 1, 1, 5, 1000, 3;
1, 256, 1, 1, 1, 1, 6, 1001, 4;
1, 256, 0, 1, 1, 1, 5, 1000, 3;
1, 256, 0, 0, 0, 0, 5, 999, 2;
1, 256, 0, 0, 0, 0, 5, 999, 3;
1, 256, 1, 1, 1, 1, 6, 1001, 4;
1, 256, 1, 1, 1, 1, 6, 1001, 4;
1, 256, 0, 0, 0, 0, 5, 1000, 3;
1, 256, 0, 0, 0, 0, 5, 999, 3;
1, 256, 0, 1, 1, 1, 5, 1000, 3;
1, 256, 0, 0, 0, 0, 4, 999, 2;
1, 256, 0, 0, 0, 0, 5, 1000, 3;
1, 256, 0, 1, 1, 1, 5, 1000, 3;
1, 256, 1, 1, 1, 1, 6, 1001, 4;
1, 256, 1, 1, 1, 1, 5, 1000, 3;
1, 256, 0, -1, -1, -1, 4, 999, 2;
1, 256, 1, 1, 1, 1, 6, 1000, 3;
1, 256, 0, 0, 0, 0, 4, 999, 2;
1, 256, 0, 0, 0, 0, 5, 1000, 3;
1, 256, 0, 1, 1, 1, 5, 1000, 3;
1, 256, 0, 0, 0, 0, 5, 1000, 3;
1, 256, 0, 0, 0, 0, 5, 999, 2;
1, 256, 0, 0, 0, 0, 5, 1000, 3;
1, 256, 1, 1, 1, 1, 5, 1000, 3;
1, 256, 0, -1, -1, -1, 4, 999, 2;
1, 256, 0, 0, 0, 0, 4, 999, 2;
1, 256, 0, -1, -1, -1, 3, 998, 1;
1, 256, 1, 1, 1, 1, 6, 1000, 4;
1, 256, 1, 1, 1, 1, 6, 1000, 4;
1, 256, 0, -1, -1, -1, 4, 998, 1;
1, 256, 0, 1, 1, 1, 5, 1000, 3;
1, 256, 0, 1, 1, 1, 5, 1000, 3;
1, 256, 0, 0, 0, 0, 5, 1000, 3;
1, 256, 0, 0, 0, 0, 4, 999, 2;
1, 256, 1, 1, 1, 1, 5, 1000, 3;
1, 256, 1, 1, 1, 1, 5, 1000, 3;
1, 256, 0, 1, 1, 1, 5, 1000, 3;
1, 256, 0, 0, 0, 0, 5, 1000, 3;
1, 256, 0, 0, 0, 0, 5, 1000, 3;
1, 256, 0, 0, 0, 0, 5, 1000, 3;
1, 256, 0, 0, 0, 0, 5, 1000, 3;
1, 256, 0, 0, 0, 0, 5, 1000, 3;
1, 256, 1, 1, 1, 1, 6, 1000, 4;
1, 256, 0, 0, 0, 0, 5, 1000, 3;
1, 256, 0, 0, 0, 0, 4, 999, 2;
1, 256, 0, 0, 0, 0, 4, 999, 2;
1, 256, 0, 0, 0, 0, 5, 1000, 3;
1, 256, 0, 0, 0, 0, 4, 999, 2;
1, 256, 0, 0, 0, 0, 4, 999, 2;
1, 256, 1, 1, 1, 1, 6, 1000, 4;
1, 256, 0, -1, -1, -1, 4, 999, 2;
1, 256, 0, 0, 0, 0, 4, 999, 2;
1, 256, 0, 0, 0, 0, 5, 1000, 3;
1, 256, 1, 1, 1, 1, 5, 1000, 3;
1, 256, 0, -1, -1, -1, 4, 999, 2;
1, 256, 0, 0, 0, 0, 4, 999, 2;
1, 256, 1, 1, 1, 1, 5, 1000, 3;
1, 256, 0, 0, 0, 0, 5, 1000, 3;
1, 256, 0, -1, -1, -1, 4, 999, 2;
1, 256, 0, 0, 0, 0, 5, 1000, 3;
1, 256, 0, -1, -1, -1, 4, 999, 2;
1, 256, 0, 0, 0, 0, 4, 999, 2;
1, 256, 0, 0, 0, 0, 4, 999, 2;
1, 256, 1, 1, 1, 1, 5, 1000, 3;
1, 256, 0, 0, 0, 0, 5, 1000, 3;
1, 256, 0, 0, 0, 0, 5, 1000, 3;
1, 256, 0, 0, 0, 0, 5, 1000, 3;
1, 256, 0, 0, 0, 0, 5, 1000, 3;
1, 256, 0, -1, -1, -1, 4, 999, 2;
1, 256, 0, 0, 0, 0, 5, 999, 3;
1, 256, 0, -1, -1, -1, 4, 999, 2;
1, 256, 0, 1, 1, 1, 5, 1000, 3;
1, 256, 0, -1, -1, -1, 4, 999, 2;
1, 256, 0, -1, -1, -1, 4, 999, 2;
1, 256, 0, 0, 0, 0, 5, 1000, 3;
1, 256, 0, 0, 0, 0, 5, 999, 3;
1, 256, 0, 0, 0, 0, 4, 999, 2;
1, 256, 0, 0, 0, 0, 5, 1000, 3;
1, 256, 0, 0, 0, 0, 4, 999, 2;
1, 256, 0, 0, 0, 0, 4, 999, 2;
1, 256, 0, 1, 1, 1, 5, 1000, 3;
1, 256, 0, 0, 0, 0, 5, 999, 2;
1, 256, 1, 1, 1, 1, 6, 1000, 4;
1, 256, 0, 0, 0, 0, 5, 1000, 3;
1, 256, 1, 1, 1, 1, 6, 1001, 4;
1, 256, 0, 0, 0, 0, 5, 1000, 3;
1, 256, 0, 0, 0, 0, 4, 999, 2;
1, 256, 1, 1, 1, 1, 6, 1001, 4;
1, 256, 0, 1, 1, 1, 5, 1000, 3;
1, 256, 0, 0, 0, 0, 4, 999, 2;
1, 256, 1, 1, 1, 1, 6, 1000, 3;
1, 256, 1, 1, 1, 1, 6, 1001, 4;
1, 256, 0, 0, 0, 0, 5, 1000, 3;
1, 256, 1, 1, 1, 1, 6, 1001, 4;
1, 256, 0, 1, 1, 1, 5, 1000, 3;
1, 256, 0, -1, -1, -1, 4, 999, 2;
1, 256, 0, -1, -1, -1, 4, 999, 2;
1, 256, 0, 0, 0, 0, 5, 1000, 3;
1, 256, 0, -1, -1, -1, 4, 999, 2;
1, 256, 0, -1, -1, -1, 4, 998, 2;
1, 256, 1, 1, 1, 1, 6, 1001, 4;
1, 256, 1, 1, 1, 1, 6, 1001, 4;
1, 256, 0, 0, 0, 0, 5, 1000, 3;
1, 256, 0, 0, 0, 0, 5, 1000, 3;
1, 256, 0, 0, 0, 0, 5, 999, 2;
1, 256, 0, 0, 0, 0, 5, 1000, 3;
1, 256, 0, -1, -1, -1, 4, 998, 2;
1, 256, 1, 1, 1, 1, 6, 1001, 4;
1, 256, 0, 0, 0, 0, 5, 1000, 3;
1, 256, 0, 1, 1, 1, 5, 1000, 3;
1, 256, 0, -1, -1, -1, 4, 999, 2;
1, 256, 1, 1, 1, 1, 6, 1001, 4;
1, 256, 0, 0, 0, 0, 5, 1000, 3;
1, 256, 0, 0, 0, 0, 5, 1000, 3;
1, 256, 1, 1, 1, 1, 6, 1001, 4;
1, 256, 0, -1, -1, -1, 4, 999, 2;
1, 256, 0, 0, 0, 0, 5, 1000, 3;
1, 256, 0, 0, 0, 0, 5, 1000, 3;
1, 256, 0, -1, -1, -1, 4, 999, 2;
1, 256, 0, -1, -1, -1, 4, 999, 2;
1, 256, 0, -1, -1, -1, 4, 999, 2;
1, 256, 0, 0, 0, 0, 4, 999, 2;
1, 256, 0, 0, 0, 0, 5, 1000, 3;
1, 256, 0, 1, 1, 1, 5, 1000, 3;
1, 256, 0, -1, -1, -1, 4, 999, 2;
1, 256, 0, -1, -1, -1, 4, 999, 2;
1, 256, 0, 0, 0, 0, 5, 1000, 3;
1, 256, 0, -1, -1, -1, 4, 998, 2;
1, 256, 0, 0, 0, 0, 4, 999, 2;
1, 256, 0, -1, -1, -1, 4, 999, 2;
1, 256, 0, 0, 0, 0, 4, 999, 2;
1, 256, 0, -1, -1, -1, 4, 998, 2;
1, 256, 0, 0, 0, 0, 5, 1000, 3;
1, 256, 0, -1, -1, -1, 4, 999, 2;
1, 256, 1, 1, 1, 1, 6, 1001, 4;
1, 256, 0, 0, 0, 0, 5, 1000, 3;
1, 256, 0, 0, 0, 0, 4, 999, 2;
1, 256, 0, 0, 0, 0, 5, 1000, 3;
1, 256, 0, 0, 0, 0, 4, 999, 2;
1, 256, 1, 1, 1, 1, 6, 1001, 4;
1, 256, 0, 1, 1, 1, 5, 1000, 3;
1, 256, 0, 0, 0, 0, 4, 999, 2;
1, 256, 0, 0, 0, 0, 5, 1000, 3;
1, 256, 0, -1, -1, -1, 4, 999, 2;
1, 256, 0, 0, 0, 0, 5, 1000, 3;
1, 256, 0, -1, -1, -1, 3, 998, 1;
1, 256, 0, 1, 1, 1, 5, 1000, 3;
1, 256, 0, 0, 0, 0, 4, 999, 2;
1, 256, 0, 0, 0, 0, 4, 999, 2;
1, 256, 0, -1, -1, -1, 3, 998, 1;
1, 256, 0, -1, -1, -1, 4, 999, 2;
1, 256, 1, 1, 1, 1, 6, 1001, 4;
1, 256, 0, -1, -1, -1, 4, 999, 2;
1, 256, 1, 1, 1, 1, 6, 1001, 4;
1, 256, 0, 0, 0, 0, 5, 1000, 3;
1, 256, 0, 0, 0, 0, 5, 1000, 3;
1, 256, 0, -1, -1, -1, 4, 999, 2;
1, 256, 0, 0, 0, 0, 5, 1000, 3;
1, 256, 1, 1, 1, 1, 6, 1001, 4;
1, 256, 0, -1, -1, -1, 4, 999, 2;
1, 256, 0, 1, 1, 1, 5, 1000, 3;
1, 256, 0, 0, 0, 0, 5, 1000, 3;
1, 256, 0, 0, 0, 0, 5, 1000, 3;
1, 256, 0, 0, 0, 0, 5, 1000, 3;
1, 256, 1, 1, 1, 1, 5, 1000, 3;
1, 256, 0, -1, -1, -1, 4, 998, 1;
1, 256, 1, 1, 1, 1, 6, 1001, 4;
1, 256, 0, 0, 0, 0, 5, 1000, 3;
1, 256, 1, 1, 1, 1, 6, 1001, 4;
1, 256, 1, 1, 1, 1, 5, 1000, 3;
1, 256, 0, 0, 0, 0, 4, 999, 2;
1, 256, 0, -1, -1, -1, 3, 998, 1;
1, 256, 0, -1, -1, -1, 4, 999, 2;
1, 256, 0, -1, -1, -1, 4, 999, 2;
1, 256, 1, 1, 1, 1, 6, 1001, 4;
1, 256, 0, 0, 0, 0, 5, 1000, 3;
1, 256, 0, 0, 0, 0, 5, 1000, 3;
1, 256, 0, 0, 0, 0, 4, 999, 2;
1, 256, 0, 0, 0, 0, 5, 1000, 3;
1, 256, 0, 0, 0, 0, 5, 1000, 3;
1, 256, 0, 0, 0, 0, 5, 999, 2;
1, 256, 0, 0, 0, 0, 5, 999, 3;
1, 256, 0, -1, -1, -1, 4, 998, 2;
1, 256, 0, -1, -1, -1, 4, 999, 2;
1, 256, 0, 0, 0, 0, 5, 1000, 3;
1, 256, 0, 0, 0, 0, 5, 1000, 3;
1, 256, 0, 0, 0, 0, 5, 1000, 3;
1, 256, 0, -1, -1, -1, 3, 998, 1;
1, 256, 0, 1, 1, 1, 5, 1000, 3;
1, 256, 0, 0, 0, 0, 5, 1000, 3;
1, 256, 0, 0, 0, 0, 4, 999, 2;
1, 256, 1, 1, 1, 1, 6, 1001, 4;
1, 256, 0, 0, 0, 0, 5, 1000, 3;
1, 256, 0, 0, 0, 0, 5, 1000, 3;
1, 256, 0, -1, -1, -1, 3, 998, 1;
1, 256, 0, 0, 0, 0, 4, 999, 2;
1, 256, 0, -1, -1, -1, 4, 999, 2;
1, 256, 0, 0, 0, 0, 5, 1000, 3;
1, 256, 0, 0, 0, 0, 4, 999, 2;
1, 256, 0, 0, 0, 0, 4, 999, 2;
1, 256, 0, 0, 0, 0, 5, 1000, 3;
1, 256, 0, 0, 0, 0, 4, 999, 2;
1, 256, 0, 0, 0, 0, 5, 1000, 3;
1, 256, 0, 0, 0, 0, 4, 999, 2;
1, 256, 0, 0, 0, 0, 4, 999, 2;
1, 256, 0, 0, 0, 0, 5, 1000, 3;
1, 256, 0, -1, -1, -1, 4, 998, 2;
1, 256, 0, -1, -1, -1, 4, 998, 1;
1, 256, 0, -1, -1, -1, 4, 999, 2;
1, 256, 0, 0, 0, 0, 5, 1000, 3;
1, 256, 1, 1, 1, 1, 6, 1000, 3;
1, 256, 1, 1, 1, 1, 6, 1001, 4;
1, 256, 0, -1, -1, -1, 4, 999, 2;
1, 256, 0, 0, 0, 0, 5, 1000, 3;
1, 256, 0, 0, 0, 0, 5, 999, 3;
1, 256, 0, 0, 0, 0, 5, 1000, 3;
1, 256, 0, 0, 0, 0, 5, 1000, 3;
1, 256, 1, 1, 1, 1, 6, 1001, 4;
1, 256, 0, 0, 0, 0, 5, 1000, 3;
1, 256, 0, -1, -1, -1, 4, 999, 2;
1, 256, 0, 1, 1, 1, 5, 1000, 3;
1, 256, 0, 1, 1, 1, 5, 1000, 3;
1, 256, 0, 0, 0, 0, 4, 999, 2;
1, 256, 1, 1, 1, 1, 5, 1000, 3;
1, 256, 0, -1, -1, -1, 4, 999, 2;
1, 256, 0, 0, 0, 0, 4, 999, 2;
1, 256, 0, -1, -1, -1, 4, 998, 1;
1, 256, 0, 0, 0, 0, 5, 1000, 3;
1, 256, 0, 0, 0, 0, 4, 999, 2;
1, 256, 0, 0, 0, 0, 5, 1000, 3;
1, 256, 0, 0, 0, 0, 5, 1000, 3;
1, 256, 0, -1, -1, -1, 4, 998, 2;
1, 256, 0, -1, -1, -1, 4, 999, 2;
1, 256, 1, 1, 1, 1, 6, 1001, 4;
1, 256, 0, 0, 0, 0, 5, 999, 3;
1, 256, 0, 0, 0, 0, 5, 1000, 3;
1, 256, 0, -1, -1, -1, 3, 998, 1;
1, 256, 0, 0, 0, 0, 4, 999, 2;
1, 256, 0, -1, -1, -1, 4, 999, 2;
1, 256, 0, 1, 1, 1, 5, 1000, 3;
1, 256, 1, 1, 1, 1, 6, 1001, 4;
1, 256, 0, 1, 1, 1, 5, 1000, 3;
1, 256, 0, -1, -1, -1, 4, 999, 2;
1, 256, 0, 0, 0, 0, 4, 999, 2;
1, 256, 1, 1, 1, 1, 6, 1000, 4;
1, 256, 1, 1, 1, 1, 6, 1001, 4;
1, 256, 0, -1, -1, -1, 3, 998, 1;
1, 256, 0, -1, -1, -1, 3, 998, 1;
1, 256, 0, -1, -1, -1, 3, 998, 1;
1, 256, 0, 0, 0, 0, 5, 1000, 3;
1, 256, 1, 1, 1, 1, 6, 1001, 4;
1, 256, 0, 0, 0, 0, 5, 1000, 3;
1, 256, 1, 1, 1, 1, 6, 1001, 4;
1, 256, 0, -1, -1, -1, 4, 999, 2;
1, 256, 0, -1, -1, -1, 3, 998, 1;
1, 256, 0, -1, -1, -1, 3, 998, 1;
1, 256, 1, 1, 1, 1, 6, 1001, 4;
1, 256, 0, 1, 1, 1, 5, 1000, 3;
1, 256, 0, 0, 0, 0, 5, 1000, 3;
1, 256, 0, -1, -1, -1, 4, 999, 2;
1, 256, 0, -1, -1, -1, 4, 999, 2;
1, 256, 0, -1, -1, -1, 4, 999, 2;
1, 256, 0, 0, 0, 0, 5, 1000, 3;
1, 256, 1, 1, 1, 1, 6, 1001, 4;
1, 256, 0, -1, -1, -1, 3, 998, 1;
1, 256, 0, 0, 0, 0, 5, 999, 3;
1, 256, 0, 0, 0, 0, 5, 1000, 3;
1, 256, 1, 1, 1, 1, 6, 1000, 3;
1, 256, 0, 0, 0, 0, 4, 999, 2;
1, 256, 0, 0, 0, 0, 5, 1000, 3;
1, 256, 0, 1, 1, 1, 5, 1000, 3;
1, 256, 0, 0, 0, 0, 4, 999, 2;
1, 256, 1, 1, 1, 1, 5, 1000, 3;
1, 256, 0, 0, 0, 0, 5, 1000, 3;
0, 256, 0, -1, -1, -1, 3, 998, 1;
1, 256, 1, 1, 1, 1, 6, 1001, 4;
1, 256, 0, -1, -1, -1, 4, 999, 2;
1, 256, 0, 0, 0, 0, 4, 999, 2;
1, 256, 0, -1, -1, -1, 4, 999, 2;
1, 256, 0, -1, -1, -1, 4, 999, 2;
1, 256, 0, -1, -1, -1, 4, 999, 2;
1, 256, 0, 0, 0, 0, 5, 1000, 3;
1, 256, 0, -1, -1, -1, 4, 999, 2;
1, 256, 0, 0, 0, 0, 4, 999, 2;
1, 256, 0, -1, -1, -1, 4, 999, 2;
1, 256, 0, 0, 0, 0, 5, 999, 3;
1, 256, 0, 0, 0, 0, 5, 1000, 3;
1, 256, 0, 0, 0, 0, 5, 999, 3;
1, 256, 0, -1, -1, -1, 4, 999, 2;
1, 256, 0, -1, -1, -1, 4, 999, 2;
1, 256, 0, 0, 0, 0, 5, 1000, 3;
1, 256, 0, 0, 0, 0, 5, 1000, 3;
1, 256, 0, -1, -1, -1, 4, 999, 2;
1, 256, 0, 0, 0, 0, 5, 999, 2;
1, 256, 0, -1, -1, -1, 4, 999, 2;
1, 256, 0, 0, 0, 0, 4, 999, 2;
1, 256, 0, 0, 0, 0, 5, 1000, 3;
1, 256, 0, 0, 0, 0, 4, 999, 2;
1, 256, 0, -1, -1, -1, 4, 999, 2;
1, 256, 0, 0, 0, 0, 4, 999, 2;
1, 256, 0, 0, 0, 0, 5, 1000, 3;
1, 256, 0, 0, 0, 0, 4, 999, 2;
1, 256, 0, 0, 0, 0, 5, 999, 3;
1, 256, 0, 0, 0, 0, 5, 1000, 3;
1, 256, 0, -1, -1, -1, 4, 999, 2;
1, 256, 0, -1, -1, -1, 4, 999, 2;
1, 256, 0, -1, -1, -1, 3, 998, 1;
1, 256, 0, 0, 0, 0, 4, 999, 2;
1, 256, 0, 0, 0, 0, 5, 999, 3;
1, 256, 0, -1, -1, -1, 3, 998, 1;
1, 256, 0, 0, 0, 0, 4, 999, 2;
1, 256, 1, 1, 1, 1, 6, 1001, 4;
1, 256, 0, 1, 1, 1, 5, 1000, 3;
1, 256, 0, 0, 0, 0, 5, 1000, 3;
1, 256, 0, -1, -1, -1, 4, 999, 2;
1, 256, 0, 0, 0, 0, 5, 1000, 3;
1, 256, 0, 1, 1, 1, 5, 1000, 3;
1, 256, 0, -1, -1, -1, 4, 999, 2;
1, 256, 0, 0, 0, 0, 5, 1000, 3;
1, 256, 0, 0, 0, 0, 5, 1000, 3;
1, 256, 0, 1, 1, 1, 5, 1000, 3;
1, 256, 0, 1, 1, 1, 5, 1000, 3;
1, 256, 0, 0, 0, 0, 5, 1000, 3;
1, 256, 0, 0, 0, 0, 5, 1000, 3;
1, 256, 0, 0, 0, 0, 5, 1000, 3;
1, 256, 0, 0, 0, 0, 5, 1000, 3;
1, 256, 1, 1, 1, 1, 6, 1000, 4;
1, 256, 0, 1, 1, 1, 5, 1000, 3;
1, 256, 0, 0, 0, 0, 5, 1000, 3;
1, 256, 0, 0, 0, 0, 5, 1000, 3;
1, 256, 0, 0, 0, 0, 4, 999, 2;
1, 256, 0, 0, 0, 0, 4, 999, 2;
1, 256, 0, 0, 0, 0, 5, 1000, 3;
1, 256, 0, 0, 0, 0, 5, 1000, 3;
1, 256, 0, -1, -1, -1, 4, 998, 2;
1, 256, 1, 1, 1, 1, 6, 1000, 4;
1, 256, 0, -1, -1, -1, 3, 998, 1;
1, 256, 1, 1, 1, 1, 6, 1001, 4;
1, 256, 0, -1, -1, -1, 4, 998, 1;
1, 256, 0, -1, -1, -1, 4, 999, 2;
1, 256, 0, 1, 1, 1, 5, 1000, 3;
1, 256, 0, 0, 0, 0, 5, 1000, 3;
1, 256, 0, 1, 1, 1, 5, 1000, 3;
1, 256, 0, 1, 1, 1, 5, 1000, 3;
1, 256, 0, 0, 0, 0, 4, 999, 2;
1, 256, 1, 1, 1, 1, 6, 1001, 4;
1, 256, 0, 0, 0, 0, 4, 999, 2;
1, 256, 0, 0, 0, 0, 4, 999, 2;
1, 256, 0, 0, 0, 0, 5, 1000, 3;
1, 256, 0, 0, 0, 0, 5, 1000, 3;
1, 256, 0, 0, 0, 0, 5, 1000, 3;
1, 256, 0, 0, 0, 0, 4, 999, 2;
1, 256, 0, 0, 0, 0, 5, 1000, 3;
1, 256, 0, 0, 0, 0, 4, 999, 2;
1, 256, 0, -1, -1, -1, 4, 999, 2;
1, 256, 0, 0, 0, 0, 5, 1000, 3;
1, 256, 0, 0, 0, 0, 5, 1000, 3;
1, 256, 1, 1, 1, 1, 6, 1001, 4;
1, 256, 0, 0, 0, 0, 5, 1000, 3;
1, 256, 0, 0, 0, 0, 5, 1000, 3;
1, 256, 0, 0, 0, 0, 5, 1000, 3;
0, 256, 0, -1, -1, -1, 3, 998, 1;
1, 256, 0, -1, -1, -1, 3, 998, 1;
1, 256, 0, 0, 0, 0, 5, 1000, 3;
1, 256, 0, 0, 0, 0, 5, 1000, 3;
1, 256, 0, -1, -1, -1, 4, 999, 2;
1, 256, 0, 0, 0, 0, 4, 999, 2;
1, 256, 0, -1, -1, -1, 4, 999, 2;
1, 256, 0, 0, 0, 0, 4, 999, 2;
1, 256, 0, -1, -1, -1, 4, 998, 1;
1, 256, 0, -1, -1, -1, 4, 999, 2;
1, 256, 1, 1, 1, 1, 6, 1001, 4;
1, 256, 0, 1, 1, 1, 5, 1000, 3;
1, 256, 0, 0, 0, 0, 5, 1000, 3;
1, 256, 0, 0, 0, 0, 4, 999, 2;
1, 256, 0, 0, 0, 0, 5, 1000, 3;
1, 256, 1, 1, 1, 1, 6, 1001, 4;
1, 256, 0, 1, 1, 1, 5, 1000, 3;
1, 256, 0, 0, 0, 0, 5, 1000, 3;
1, 256, 0, -1, -1, -1, 3, 998, 1;
1, 256, 0, 1, 1, 1, 5, 1000, 3;
1, 256, 0, 0, 0, 0, 5, 1000, 3;
1, 256, 0, 1, 1, 1, 5, 1000, 3;
1, 256, 1, 1, 1, 1, 6, 1001, 4;
1, 256, 0, -1, -1, -1, 4, 999, 2;
1, 256, 1, 1, 1, 1, 6, 1001, 4;
1, 256, 0, 0, 0, 0, 4, 999, 2;
1, 256, 0, -1, -1, -1, 4, 999, 2;
1, 256, 0, 0, 0, 0, 4, 999, 2;
1, 256, 0, 0, 0, 0, 5, 1000, 3;
1, 256, 1, 1, 1, 1, 6, 1000, 3;
1, 256, 0, 0, 0, 0, 5, 1000, 3;
1, 256, 0, 0, 0, 0, 4, 999, 2;
1, 256, 0, 0, 0, 0, 5, 1000, 3;
1, 256, 1, 1, 1, 1, 6, 1001, 4;
1, 256, 0, 0, 0, 0, 5, 999, 2;
1, 256, 0, 0, 0, 0, 4, 999, 2;
1, 256, 0, 0, 0, 0, 5, 1000, 3;
1, 256, 0, 0, 0, 0, 4, 999, 2;
1, 256, 0, 0, 0, 0, 5, 1000, 3;
1, 256, 0, 1, 1, 1, 5, 1000, 3;
1, 256, 1, 1, 1, 1, 6, 1001, 4;
1, 256, 0, 0, 0, 0, 4, 999, 2;
1, 256, 0, 0, 0, 0, 5, 1000, 3;
1, 256, 0, 0, 0, 0, 5, 1000, 3;
1, 256, 0, -1, -1, -1, 3, 998, 1;
1, 256, 0, 0, 0, 0, 5, 1000, 3;
1, 256, 1, 1, 1, 1, 6, 1000, 4;
1, 256, 0, 0, 0, 0, 4, 999, 2;
1, 256, 1, 1, 1, 1, 6, 1001, 4;
1, 256, 1, 1, 1, 1, 6, 1000, 4;
1, 256, 0, 0, 0, 0, 4, 999, 2;
1, 256, 0, 0, 0, 0, 4, 999, 2;
1, 256, 0, -1, -1, -1, 4, 999, 2;
1, 256, 0, -1, -1, -1, 3, 998, 1;
1, 256, 0, 0, 0, 0, 5, 999, 3;
1, 256, 0, 0, 0, 0, 4, 999, 2;
1, 256, 0, 0, 0, 0, 5, 1000, 3;
1, 256, 0, -1, -1, -1, 4, 999, 2;
1, 256, 0, -1, -1, -1, 4, 999, 2;
1, 256, 0, -1, -1, -1, 4, 999, 2;
1, 256, 0, 0, 0, 0, 5, 1000, 3;
1, 256, 0, -1, -1, -1, 4, 999, 2;
1, 256, 0, -1, -1, -1, 3, 998, 1;
1, 256, 1, 1, 1, 1, 6, 1001, 4;
1, 256, 0, 0, 0, 0, 5, 999, 2;
1, 256, 0, 0, 0, 0, 5, 1000, 3;
1, 256, 1, 1, 1, 1, 6, 1001, 4;
1, 256, 0, -1, -1, -1, 4, 999, 2;
1, 256, 0, -1, -1, -1, 3, 998, 1;
1, 256, 0, 1, 1, 1, 5, 1000, 3;
1, 256, 0, 0, 0, 0, 5, 1000, 3;
1, 256, 1, 1, 1, 1, 6, 1001, 4;
1, 256, 1, 1, 1, 1, 6, 1000, 3;
1, 256, 0, 0, 0, 0, 5, 999, 3;
1, 256, 0, 0, 0, 0, 5, 1000, 3;
1, 256, 0, 0, 0, 0, 5, 1000, 3;
1, 256, 0, 0, 0, 0, 5, 1000, 3;
1, 256, 0, 0, 0, 0, 5, 1000, 3;
1, 256, 0, -1, -1, -1, 4, 999, 2;
1, 256, 0, -1, -1, -1, 3, 998, 1;
1, 256, 0, -1, -1, -1, 4, 999, 2;
1, 256, 0, 0, 0, 0, 4, 999, 2;
1, 256, 1, 1, 1, 1, 6, 1001, 4;
1, 256, 0, 0, 0, 0, 5, 1000, 3;
1, 256, 0, 0, 0, 0, 4, 999, 2;
1, 256, 0, 1, 1, 1, 5, 1000, 3;
1, 256, 0, 1, 1, 1, 5, 1000, 3;
1, 256, 0, 0, 0, 0, 4, 999, 2;
1, 256, 0, 0, 0, 0, 4, 999, 2;
1, 256, 0, 0, 0, 0, 4, 999, 2;
1, 256, 0, -1, -1, -1, 4, 999, 2;
1, 256, 0, 0, 0, 0, 5, 1000, 3;
1, 256, 0, 0, 0, 0, 5, 1000, 3;
1, 256, 1, 1, 1, 1, 6, 1001, 4;
1, 256, 1, 1, 1, 1, 6, 1001, 4;
1, 256, 0, -1, -1, -1, 3, 998, 1;
1, 256, 0, 0, 0, 0, 5, 1000, 3;
1, 256, 0, 0, 0, 0, 5, 1000, 3;
1, 256, 0, -1, -1, -1, 4, 999, 2;
1, 256, 0, -1, -1, -1, 4, 999, 2;
1, 256, 0, -1, -1, -1, 4, 999, 2;
1, 256, 1, 1, 1, 1, 6, 1000, 4;
1, 256, 1, 1, 1, 1, 5, 1000, 3;
1, 256, 1, 1, 1, 1, 5, 1000, 3;
1, 256, 0, 0, 0, 0, 4, 999, 2;
1, 256, 1, 1, 1, 1, 6, 1001, 4;
1, 256, 0, -1, -1, -1, 4, 999, 2;
1, 256, 0, 0, 0, 0, 5, 999, 3;
1, 256, 1, 1, 1, 1, 6, 1001, 4;
1, 256, 0, 0, 0, 0, 5, 1000, 3;
1, 256, 0, 0, 0, 0, 5, 1000, 3;
1, 256, 0, 0, 0, 0, 5, 1000, 3;
1, 256, 0, -1, -1, -1, 4, 999, 2;
1, 256, 1, 1, 1, 1, 6, 1001, 4;
1, 256, 0, 0, 0, 0, 5, 1000, 3;
1, 256, 1, 1, 1, 1, 6, 1001, 4;
1, 256, 0, -1, -1, -1, 3, 998, 1;
1, 256, 1, 1, 1, 1, 6, 1000, 3;
1, 256, 0, 0, 0, 0, 5, 1000, 3;
1, 256, 0, 1, 1, 1, 5, 1000, 3;
1, 256, 1, 1, 1, 1, 6, 1001, 4;
1, 256, 0, -1, -1, -1, 4, 999, 2;
1, 256, 1, 1, 1, 1, 5, 1000, 3;
1, 256, 0, 0, 0, 0, 5, 1000, 3;
1, 256, 0, 0, 0, 0, 5, 1000, 3;
1, 256, 0, 0, 0, 0, 4, 999, 2;
1, 256, 0, 0, 0, 0, 5, 999, 3;
1, 256, 0, 0, 0, 0, 4, 999, 2;
1, 256, 0, 0, 0, 0, 5, 1000, 3;
1, 256, 0, -1, -1, -1, 4, 999, 2;
1, 256, 0, -1, -1, -1, 4, 999, 2;
1, 256, 1, 1, 1, 1, 6, 1001, 4;
1, 256, 1, 1, 1, 1, 6, 1001, 4;
1, 256, 0, 0, 0, 0, 4, 999, 2;
1, 256, 0, 0, 0, 0, 5, 1000, 3;
1, 256, 0, 0, 0, 0, 5, 1000, 3;
1, 256, 0, -1, -1, -1, 4, 999, 2;
1, 256, 0, 0, 0, 0, 4, 999, 2;
1, 256, 1, 1, 1, 1, 6, 1000, 3;
1, 256, 0, -1, -1, -1, 4, 999, 2;
1, 256, 0, 0, 0, 0, 5, 1000, 3;
1, 256, 1, 1, 1, 1, 5, 1000, 3;
1, 256, 0, 0, 0, 0, 4, 999, 2;
1, 256, 0, -1, -1, -1, 4, 998, 2;
1, 256, 1, 1, 1, 1, 6, 1000, 4;
1, 256, 0, 0, 0, 0, 4, 999, 2;
1, 256, 0, 0, 0, 0, 5, 1000, 3;
1, 256, 0, 1, 1, 1, 5, 1000, 3;
1, 256, 0, 0, 0, 0, 4, 999, 2;
1, 256, 0, 0, 0, 0, 5, 1000, 3;
1, 256, 0, 0, 0, 0, 4, 999, 2;
1, 256, 0, 0, 0, 0, 4, 999, 2;
1, 256, 0, 0, 0, 0, 5, 1000, 3;
1, 256, 0, 1, 1, 1, 5, 1000, 3;
1, 256, 0, 1, 1, 1, 5, 1000, 3;
1, 256, 0, -1, -1, -1, 4, 999, 2;
1, 256, 0, -1, -1, -1, 4, 999, 2;
1, 256, 1, 1, 1, 1, 6, 1000, 4;
1, 256, 1, 1, 1, 1, 6, 1000, 4;
1, 256, 0, -1, -1, -1, 3, 998, 1;
1, 256, 1, 1, 1, 1, 6, 1001, 4;
1, 256, 0, 0, 0, 0, 4, 999, 2;
1, 256, 0, 0, 0, 0, 5, 1000, 3;
1, 256, 0, 0, 0, 0, 4, 999, 2;
1, 256, 1, 1, 1, 1, 6, 1001, 4;
1, 256, 0, 0, 0, 0, 5, 1000, 3;
1, 256, 0, 0, 0, 0, 4, 999, 2;
1, 256, 1, 1, 1, 1, 5, 1000, 3;
1, 256, 0, 1, 1, 1, 5, 1000, 3;
1, 256, 1, 1, 1, 1, 6, 1001, 4;
1, 256, 0, 0, 0, 0, 4, 999, 2;
1, 256, 0, -1, -1, -1, 4, 999, 2;
1, 256, 0, -1, -1, -1, 4, 999, 2;
1, 256, 0, 0, 0, 0, 5, 1000, 3;
1, 256, 0, 0, 0, 0, 4, 999, 2;
1, 256, 1, 1, 1, 1, 6, 1001, 4;
1, 256, 0, -1, -1, -1, 4, 998, 1;
1, 256, 0, 0, 0, 0, 5, 999, 3;
1, 256, 0, 0, 0, 0, 5, 1000, 3;
1, 256, 0, 0, 0, 0, 4, 999, 2;
1, 256, 0, -1, -1, -1, 4, 999, 2;
1, 256, 1, 1, 1, 1, 6, 1000, 4;
1, 256, 0, 0, 0, 0, 5, 1000, 3;
1, 256, 0, 0, 0, 0, 4, 999, 2;
1, 256, 0, 0, 0, 0, 5, 1000, 3;
1, 256, 0, -1, -1, -1, 4, 999, 2;
1, 256, 1, 1, 1, 1, 6, 1000, 4;
1, 256, 0, 0, 0, 0, 4, 999, 2;
1, 256, 0, 0, 0, 0, 5, 1000, 3;
1, 256, 0, 0, 0, 0, 4, 999, 2;
1, 256, 0, -1, -1, -1, 4, 999, 2;
1, 256, 1, 1, 1, 1, 6, 1001, 4;
1, 256, 0, 0, 0, 0, 5, 1000, 3;
1, 256, 1, 1, 1, 1, 6, 1001, 4;
1, 256, 0, 1, 1, 1, 5, 1000, 3;
1, 256, 1, 1, 1, 1, 6, 1000, 3;
1, 256, 0, 0, 0, 0, 4, 999, 2;
1, 256, 0, 0, 0, 0, 5, 1000, 3;
1, 256, 0, 0, 0, 0, 5, 1000, 3;
0, 256, 0, -1, -1, -1, 3, 998, 1;
1, 256, 0, 0, 0, 0, 4, 999, 2;
1, 256, 0, 0, 0, 0, 4, 999, 2;
1, 256, 0, 1, 1, 1, 5, 1000, 3;
1, 256, 0, 1, 1, 1, 5, 1000, 3;
1, 256, 0, 1, 1, 1, 5, 1000, 3;
1, 256, 0, 0, 0, 0, 5, 1000, 3;
1, 256, 0, -1, -1, -1, 3, 998, 1;
1, 256, 1, 1, 1, 1, 6, 1000, 3;
1, 256, 0, 0, 0, 0, 5, 1000, 3;
1, 256, 0, 0, 0, 0, 4, 999, 2;
1, 256, 0, 1, 1, 1, 5, 1000, 3;
1, 256, 1, 1, 1, 1, 6, 1001, 4;
1, 256, 0, -1, -1, -1, 4, 998, 2;
1, 256, 0, 0, 0, 0, 5, 1000, 3;
1, 256, 0, -1, -1, -1, 4, 999, 2;
1, 256, 1, 1, 1, 1, 6, 1001, 4;
1, 256, 1, 1, 1, 1, 6, 1001, 4;
1, 256, 0, 0, 0, 0, 5, 1000, 3;
0, 256, 0, -1, -1, -1, 3, 998, 1;
1, 256, 0, 0, 0, 0, 4, 999, 2;
1, 256, 0, 0, 0, 0, 5, 1000, 3;
1, 256, 0, 0, 0, 0, 4, 999, 2;
1, 256, 0, 0, 0, 0, 5, 1000, 3;
1, 256, 0, 0, 0, 0, 5, 1000, 3;
1, 256, 0, 0, 0, 0, 4, 999, 2;
1, 256, 0, 0, 0, 0, 5, 1000, 3;
1, 256, 0, -1, -1, -1, 4, 999, 2;
1, 256, 0, 0, 0, 0, 4, 999, 2;
1, 256, 0, -1, -1, -1, 4, 999, 2;
1, 256, 0, 0, 0, 0, 4, 999, 2;
1, 256, 0, 0, 0, 0, 4, 999, 2;
1, 256, 0, -1, -1, -1, 3, 998, 1;
1, 256, 0, 1, 1, 1, 5, 1000, 3;
1, 256, 0, -1, -1, -1, 4, 999, 2;
1, 256, 0, 1, 1, 1, 5, 1000, 3;
1, 256, 0, 0, 0, 0, 5, 1000, 3;
1, 256, 0, 0, 0, 0, 5, 999, 3;
1, 256, 0, 1, 1, 1, 5, 1000, 3;
1, 256, 0, 0, 0, 0, 5, 1000, 3;
1, 256, 0, 0, 0, 0, 5, 1000, 3;
1, 256, 0, 0, 0, 0, 5, 1000, 3;
1, 256, 0, 0, 0, 0, 5, 1000, 3;
1, 256, 1, 1, 1, 1, 6, 1000, 4;
1, 256, 0, 0, 0, 0, 4, 999, 2;
1, 256, 0, 0, 0, 0, 5, 999, 3;
1, 256, 0, 0, 0, 0, 4, 999, 2;
1, 256, 0, 0, 0, 0, 4, 999, 2;
1, 256, 1, 1, 1, 1, 6, 1001, 4;
1, 256, 0, 0, 0, 0, 4, 999, 2;
1, 256, 0, -1, -1, -1, 4, 999, 2;
1, 256, 0, -1, -1, -1, 4, 999, 2;
1, 256, 0, 1, 1, 1, 5, 1000, 3;
1, 256, 0, 0, 0, 0, 4, 999, 2;
1, 256, 0, 0, 0, 0, 4, 999, 2;
1, 256, 0, 0, 0, 0, 4, 999, 2;
1, 256, 0, 0, 0, 0, 5, 1000, 3;
1, 256, 0, 0, 0, 0, 5, 1000, 3;
1, 256, 0, 0, 0, 0, 4, 999, 2;
1, 256, 1, 1, 1, 1, 6, 1001, 4;
1, 256, 0, 0, 0, 0, 4, 999, 2;
1, 256, 1, 1, 1, 1, 6, 1001, 4;
1, 256, 0, -1, -1, -1, 4, 999, 2;
1, 256, 0, 0, 0, 0, 4, 999, 2;
1, 256, 0, 0, 0, 0, 4, 999, 2;
1, 256, 0, 0, 0, 0, 5, 1000, 3;
0, 256, 0, -1, -1, -1, 3, 998, 1;
1, 256, 1, 1, 1, 1, 6, 1001, 4;
1, 256, 0, 0, 0, 0, 4, 999, 2;
1, 256, 0, 0, 0, 0, 5, 1000, 3;
1, 256, 0, 0, 0, 0, 5, 1000, 3;
1, 256, 0, 0, 0, 0, 4, 999, 2;
1, 256, 0, 0, 0, 0, 5, 1000, 3;
1, 256, 1, 1, 1, 1, 6, 1001, 4;
1, 256, 0, 0, 0, 0, 4, 999, 2;
1, 256, 0, -1, -1, -1, 3, 998, 1;
1, 256, 0, 0, 0, 0, 4, 999, 2;
1, 256, 1, 1, 1, 1, 6, 1000, 4;
1, 256, 0, 1, 1, 1, 5, 1000, 3;
1, 256, 0, -1, -1, -1, 3, 998, 1;
1, 256, 0, 0, 0, 0, 5, 1000, 3;
1, 256, 1, 1, 1, 1, 6, 1001, 4;
1, 256, 0, 0, 0, 0, 5, 1000, 3;
1, 256, 0, 0, 0, 0, 5, 1000, 3;
1, 256, 0, 1, 1, 1, 5, 1000, 3;
1, 256, 1, 1, 1, 1, 6, 1001, 4;
1, 256, 0, 0, 0, 0, 5, 1000, 3;
1, 256, 1, 1, 1, 1, 6, 1001, 4;
1, 256, 0, 1, 1, 1, 5, 1000, 3;
1, 256, 0, -1, -1, -1, 4, 999, 2;
1, 256, 0, 0, 0, 0, 5, 1000, 3;
1, 256, 0, 0, 0, 0, 4, 999, 2;
1, 256, 0, 0, 0, 0, 4, 999, 2;
1, 256, 0, 0, 0, 0, 5, 999, 2;
1, 256, 0, 0, 0, 0, 5, 1000, 3;
1, 256, 0, 0, 0, 0, 4, 999, 2;
1, 256, 0, -1, -1, -1, 3, 998, 1;
1, 256, 0, -1, -1, -1, 4, 999, 2;
1, 256, 0, 0, 0, 0, 4, 999, 2;
1, 256, 0, 0, 0, 0, 4, 999, 2;
1, 256, 0, 0, 0, 0, 5, 1000, 3;
1, 256, 0, -1, -1, -1, 4, 999, 2;
1, 256, 0, -1, -1, -1, 4, 998, 2;
1, 256, 0, 0, 0, 0, 5, 1000, 3;
1, 256, 0, 0, 0, 0, 5, 999, 3;
1, 256, 0, 0, 0, 0, 5, 999, 2;
1, 256, 0, 0, 0, 0, 4, 999, 2;
1, 256, 0, 0, 0, 0, 5, 1000, 3;
1, 256, 0, -1, -1, -1, 4, 999, 2;
1, 256, 0, 0, 0, 0, 5, 1000, 3;
1, 256, 0, -1, -1, -1, 4, 999, 2;
1, 256, 0, -1, -1, -1, 4, 998, 2;
1, 256, 0, -1, -1, -1, 4, 998, 1;
1, 256, 0, 0, 0, 0, 5, 1000, 3;
1, 256, 0, 0, 0, 0, 5, 1000, 3;
1, 256, 0, 0, 0, 0, 5, 999, 3;
1, 256, 0, 0, 0, 0, 4, 999, 2;
1, 256, 0, 1, 1, 1, 5, 1000, 3;
1, 256, 0, 0, 0, 0, 5, 999, 3;
1, 256, 0, 0, 0, 0, 5, 1000, 3;
1, 256, 0, -1, -1, -1, 3, 998, 1;
1, 256, 0, -1, -1, -1, 4, 998, 2;
1, 256, 0, 0, 0, 0, 4, 999, 2;
1, 256, 0, -1, -1, -1, 4, 999, 2;
1, 256, 0, -1, -1, -1, 4, 998, 1;
1, 256, 0, 0, 0, 0, 5, 1000, 3;
1, 256, 0, 0, 0, 0, 5, 1000, 3;
1, 256, 1, 1, 1, 1, 6, 1001, 4;
1, 256, 0, 0, 0, 0, 5, 1000, 3;
1, 256, 0, -1, -1, -1, 4, 999, 2;
1, 256, 0, 1, 1, 1, 5, 1000, 3;
1, 256, 0, 1, 1, 1, 5, 1000, 3;
1, 256, 0, 1, 1, 1, 5, 1000, 3;
1, 256, 1, 1, 1, 1, 6, 1000, 4;
1, 256, 0, 0, 0, 0, 5, 1000, 3;
1, 256, 0, 0, 0, 0, 5, 1000, 3;
1, 256, 0, -1, -1, -1, 3, 998, 1;
1, 256, 0, -1, -1, -1, 4, 999, 2;
1, 256, 1, 1, 1, 1, 6, 1001, 4;
1, 256, 1, 1, 1, 1, 6, 1001, 4;
1, 256, 0, -1, -1, -1, 4, 999, 2;
1, 256, 0, 0, 0, 0, 5, 999, 3;
1, 256, 0, 0, 0, 0, 4, 999, 2;
1, 256, 1, 1, 1, 1, 6, 1001, 4;
1, 256, 0, -1, -1, -1, 4, 998, 2;
1, 256, 0, -1, -1, -1, 4, 998, 2;
1, 256, 0, 1, 1, 1, 5, 1000, 3;
1, 256, 0, -1, -1, -1, 4, 999, 2;
1, 256, 0, -1, -1, -1, 3, 998, 1;
1, 256, 0, 0, 0, 0, 5, 1000, 3;
1, 256, 1, 1, 1, 1, 6, 1001, 4;
1, 256, 0, 0, 0, 0, 4, 999, 2;
1, 256, 0, 0, 0, 0, 5, 1000, 3;
1, 256, 0, 0, 0, 0, 4, 999, 2;
1, 256, 0, -1, -1, -1, 3, 998, 1;
1, 256, 0, 0, 0, 0, 4, 999, 2;
1, 256, 0, 0, 0, 0, 4, 999, 2;
1, 256, 1, 1, 1, 1, 6, 1001, 4;
1, 256, 0, 0, 0, 0, 4, 999, 2;
1, 256, 1, 1, 1, 1, 6, 1000, 4;
1, 256, 0, 1, 1, 1, 5, 1000, 3;
1, 256, 1, 1, 1, 1, 6, 1000, 3;
1, 256, 0, 0, 0, 0, 5, 999, 3;
1, 256, 0, 0, 0, 0, 5, 1000, 3;
1, 256, 0, 0, 0, 0, 4, 999, 2;
1, 256, 0, -1, -1, -1, 4, 999, 2;
1, 256, 0, -1, -1, -1, 4, 999, 2;
1, 256, 0, 0, 0, 0, 5, 1000, 3;
1, 256, 0, 1, 1, 1, 5, 1000, 3;
1, 256, 0, 0, 0, 0, 5, 1000, 3;
1, 256, 0, -1, -1, -1, 3, 998, 1;
1, 256, 0, 0, 0, 0, 5, 1000, 3;
1, 256, 0, -1, -1, -1, 4, 999, 2;
1, 256, 0, -1, -1, -1, 3, 998, 1;
1, 256, 0, 1, 1, 1, 5, 1000, 3;
1, 256, 0, 0, 0, 0, 4, 999, 2;
1, 256, 0, 1, 1, 1, 5, 1000, 3;
1, 256, 0, 0, 0, 0, 4, 999, 2;
1, 256, 0, 1, 1, 1, 5, 1000, 3;
1, 256, 0, 0, 0, 0, 5, 1000, 3;
1, 256, 0, 0, 0, 0, 5, 1000, 3;
1, 256, 0, 0, 0, 0, 4, 999, 2;
1, 256, 0, -1, -1, -1, 4, 999, 2;
1, 256, 0, 1, 1, 1, 5, 1000, 3;
1, 256, 0, 1, 1, 1, 5, 1000, 3;
1, 256, 0, -1, -1, -1, 4, 999, 2;
1, 256, 0, -1, -1, -1, 4, 999, 2;
1, 256, 0, 0, 0, 0, 5, 1000, 3;
1, 256, 1, 1, 1, 1, 6, 1001, 4;
1, 256, 0, 0, 0, 0, 5, 1000, 3;
1, 256, 0, 1, 1, 1, 5, 1000, 3;
1, 256, 1, 1, 1, 1, 6, 1001, 4;
1, 256, 0, 1, 1, 1, 5, 1000, 3;
1, 256, 0, -1, -1, -1, 4, 998, 2;
1, 256, 0, 0, 0, 0, 4, 999, 2;
1, 256, 0, 0, 0, 0, 5, 1000, 3;
1, 256, 0, -1, -1, -1, 4, 999, 2;
1, 256, 0, 0, 0, 0, 5, 1000, 3;
1, 256, 0, -1, -1, -1, 4, 999, 2;
1, 256, 0, 0, 0, 0, 5, 1000, 3;
1, 256, 0, -1, -1, -1, 4, 999, 2;
1, 256, 0, -1, -1, -1, 4, 999, 2;
1, 256, 0, -1, -1, -1, 4, 999, 2;
1, 256, 0, 1, 1, 1, 5, 1000, 3;
1, 256, 0, 0, 0, 0, 4, 999, 2;
1, 256, 1, 1, 1, 1, 6, 1001, 4;
1, 256, 0, 0, 0, 0, 5, 1000, 3;
1, 256, 0, 0, 0, 0, 5, 1000, 3;
1, 256, 0, 1, 1, 1, 5, 1000, 3;
1, 256, 0, 0, 0, 0, 5, 1000, 3;
1, 256, 1, 1, 1, 1, 6, 1001, 4;
1, 256, 0, 0, 0, 0, 4, 999, 2;
1, 256, 0, 0, 0, 0, 5, 1000, 3;
1, 256, 0, 0, 0, 0, 4, 999, 2;
1, 256, 0, 0, 0, 0, 5, 999, 3;
1, 256, 0, 1, 1, 1, 5, 1000, 3;
1, 256, 1, 1, 1, 1, 6, 1001, 4;
1, 256, 0, -1, -1, -1, 4, 999, 2;
1, 256, 0, 0, 0, 0, 4, 999, 2;
1, 256, 0, 1, 1, 1, 5, 1000, 3;
1, 256, 0, 0, 0, 0, 5, 1000, 3;
1, 256, 0, -1, -1, -1, 4, 998, 2;
1, 256, 0, 0, 0, 0, 4, 999, 2;
1, 256, 0, 1, 1, 1, 5, 1000, 3;
1, 256, 0, 0, 0, 0, 4, 999, 2;
1, 256, 0, -1, -1, -1, 4, 999, 2;
1, 256, 0, 0, 0, 0, 5, 1000, 3;
1, 256, 0, -1, -1, -1, 4, 999, 2;
1, 256, 0, -1, -1, -1, 3, 998, 1;
1, 256, 0, 0, 0, 0, 5, 1000, 3;
1, 256, 0, 0, 0, 0, 4, 999, 2;
1, 256, 0, 0, 0, 0, 5, 1000, 3;
0, 256, 0, -1, -1, -1, 3, 998, 1;
1, 256, 0, 0, 0, 0, 5, 1000, 3;
1, 256, 0, 0, 0, 0, 5, 999, 2;
1, 256, 0, 1, 1, 1, 5, 1000, 3;
1, 256, 0, 0, 0, 0, 4, 999, 2;
1, 256, 0, 0, 0, 0, 4, 999, 2;
1, 256, 0, 0, 0, 0, 4, 999, 2;
1, 256, 0, 0, 0, 0, 5, 999, 2;
1, 256, 0, 0, 0, 0, 4, 999, 2;
1, 256, 0, 0, 0, 0, 5, 1000, 3;
1, 256, 0, 0, 0, 0, 4, 999, 2;
1, 256, 0, -1, -1, -1, 4, 999, 2;
1, 256, 0, 1, 1, 1, 5, 1000, 3;
1, 256, 0, -1, -1, -1, 4, 998, 2;
1, 256, 0, 0, 0, 0, 5, 1000, 3;
1, 256, 0, 1, 1, 1, 5, 1000, 3;
1, 256, 0, 0, 0, 0, 5, 1000, 3;
1, 256, 0, -1, -1, -1, 4, 999, 2;
1, 256, 0, 0, 0, 0, 4, 999, 2;
1, 256, 0, 0, 0, 0, 5, 1000, 3;
1, 256, 0, 1, 1, 1, 5, 1000, 3;
1, 256, 1, 1, 1, 1, 6, 1001, 4;
1, 256, 0, 0, 0, 0, 4, 999, 2;
1, 256, 0, 0, 0, 0, 4, 999, 2;
1, 256, 0, 1, 1, 1, 5, 1000, 3;
1, 256, 0, 0, 0, 0, 5, 1000, 3;
1, 256, 0, -1, -1, -1, 4, 999, 2;
1, 256, 0, -1, -1, -1, 3, 998, 1;
1, 256, 0, 0, 0, 0, 5, 1000, 3;
1, 256, 0, 0, 0, 0, 5, 1000, 3;
1, 256, 0, 0, 0, 0, 4, 999, 2;
1, 256, 0, 1, 1, 1, 5, 1000, 3;
1, 256, 0, 0, 0, 0, 4, 999, 2;
1, 256, 0, 0, 0, 0, 4, 999, 2;
1, 256, 0, -1, -1, -1, 4, 999, 2;
1, 256, 0, -1, -1, -1, 4, 999, 2;
1, 256, 1, 1, 1, 1, 6, 1001, 4;
1, 256, 0, 0, 0, 0, 4, 999, 2;
1, 256, 0, 0, 0, 0, 5, 1000, 3;
1, 256, 0, 0, 0, 0, 5, 1000, 3;
1, 256, 1, 1, 1, 1, 6, 1001, 4;
1, 256, 0, 0, 0, 0, 5, 1000, 3;
1, 256, 1, 1, 1, 1, 6, 1001, 4;
1, 256, 0, 1, 1, 1, 5, 1000, 3;
1, 256, 0, 0, 0, 0, 4, 999, 2;
1, 256, 0, -1, -1, -1, 4, 999, 2;
1, 256, 0, 0, 0, 0, 5, 1000, 3;
1, 256, 0, 0, 0, 0, 5, 1000, 3;
1, 256, 0, 0, 0, 0, 4, 999, 2;
1, 256, 0, 0, 0, 0, 4, 999, 2;
1, 256, 0, 0, 0, 0, 5, 1000, 3;
1, 256, 0, 0, 0, 0, 5, 1000, 3;
1, 256, 0, 0, 0, 0, 5, 1000, 3;
1, 256, 0, 1, 1, 1, 5, 1000, 3;
1, 256, 0, 0, 0, 0, 5, 1000, 3;
1, 256, 0, 0, 0, 0, 5, 1000, 3;
1, 256, 0, 0, 0, 0, 4, 999, 2;
1, 256, 0, 0, 0, 0, 4, 999, 2;
1, 256, 0, 0, 0, 0, 5, 1000, 3;
1, 256, 0, -1, -1, -1, 4, 999, 2;
1, 256, 1, 1, 1, 1, 5, 1000, 3;
1, 256, 0, 0, 0, 0, 4, 999, 2;
1, 256, 0, -1, -1, -1, 4, 999, 2;
1, 256, 1, 1, 1, 1, 6, 1001, 4;
1, 256, 0, -1, -1, -1, 4, 998, 2;
1, 256, 0, -1, -1, -1, 4, 999, 2;
1, 256, 0, -1, -1, -1, 4, 998, 2;
1, 256, 0, 0, 0, 0, 4, 999, 2;
1, 256, 0, -1, -1, -1, 4, 999, 2;
1, 256, 0, 0, 0, 0, 4, 999, 2;
1, 256, 0, 0, 0, 0, 4, 999, 2;
1, 256, 0, 0, 0, 0, 5, 1000, 3;
1, 256, 1, 1, 1, 1, 6, 1000, 4;
1, 256, 0, 1, 1, 1, 5, 1000, 3;
1, 256, 0, 0, 0, 0, 4, 999, 2;
1, 256, 0, 0, 0, 0, 5, 1000, 3;
1, 256, 0, -1, -1, -1, 4, 998, 2;
1, 256, 0, -1, -1, -1, 4, 998, 2;
1, 256, 0, 0, 0, 0, 4, 999, 2;
1, 256, 0, -1, -1, -1, 3, 998, 1;
1, 256, 0, -1, -1, -1, 3, 998, 1;
1, 256, 0, 0, 0, 0, 5, 1000, 3;
1, 256, 0, -1, -1, -1, 4, 999, 2;
1, 256, 0, -1, -1, -1, 3, 998, 1;
1, 256, 1, 1, 1, 1, 5, 1000, 3;
1, 256, 0, 0, 0, 0, 5, 1000, 3;
1, 256, 0, 0, 0, 0, 4, 999, 2;
1, 256, 0, 0, 0, 0, 5, 1000, 3;
1, 256, 0, 0, 0, 0, 5, 1000, 3;
1, 256, 0, 1, 1, 1, 5, 1000, 3;
1, 256, 0, 0, 0, 0, 5, 1000, 3;
1, 256, 0, 1, 1, 1, 5, 1000, 3;
1, 256, 0, 0, 0, 0, 4, 999, 2;
1, 256, 1, 1, 1, 1, 6, 1001, 4;
1, 256, 0, 0, 0, 0, 5, 1000, 3;
1, 256, 0, -1, -1, -1, 4, 999, 2;
1, 256, 0, 0, 0, 0, 5, 1000, 3;
1, 256, 0, 0, 0, 0, 5, 999, 3;
1, 256, 0, 0, 0, 0, 4, 999, 2;
1, 256, 0, 0, 0, 0, 4, 999, 2;
1, 256, 0, 0, 0, 0, 5, 1000, 3;
1, 256, 0, 0, 0, 0, 4, 999, 2;
1, 256, 0, -1, -1, -1, 4, 999, 2;
1, 256, 0, -1, -1, -1, 4, 998, 2;
1, 256, 0, 0, 0, 0, 5, 1000, 3;
1, 256, 0, 0, 0, 0, 4, 999, 2;
1, 256, 1, 1, 1, 1, 6, 1000, 4;
1, 256, 0, 0, 0, 0, 5, 1000, 3;
1, 256, 0, 0, 0, 0, 5, 1000, 3;
1, 256, 1, 1, 1, 1, 6, 1001, 4;
1, 256, 0, 0, 0, 0, 5, 1000, 3;
1, 256, 0, 0, 0, 0, 5, 1000, 3;
1, 256, 0, 0, 0, 0, 5, 1000, 3;
1, 256, 0, 0, 0, 0, 4, 999, 2;
1, 256, 0, 0, 0, 0, 5, 1000, 3;
1, 256, 1, 1, 1, 1, 5, 1000, 3;
1, 256, 0, -1, -1, -1, 4, 999, 2;
1, 256, 1, 1, 1, 1, 6, 1000, 4;
1, 256, 0, -1, -1, -1, 3, 998, 1;
1, 256, 0, -1, -1, -1, 4, 998, 2;
1, 256, 0, 0, 0, 0, 4, 999, 2;
1, 256, 0, 0, 0, 0, 5, 1000, 3;
1, 256, 0, -1, -1, -1, 4, 999, 2;
1, 256, 0, 0, 0, 0, 5, 999, 2;
1, 256, 0, 1, 1, 1, 5, 1000, 3;
1, 256, 0, 0, 0, 0, 5, 1000, 3;
1, 256, 0, 0, 0, 0, 5, 1000, 3;
1, 256, 0, 0, 0, 0, 5, 1000, 3;
1, 256, 0, 0, 0, 0, 5, 1000, 3;
1, 256, 0, 0, 0, 0, 5, 1000, 3;
1, 256, 0, 0, 0, 0, 4, 999, 2;
1, 256, 0, 0, 0, 0, 4, 999, 2;
1, 256, 0, -1, -1, -1, 4, 999, 2;
1, 256, 0, 0, 0, 0, 4, 999, 2;
1, 256, 1, 1, 1, 1, 5, 1000, 3;
1, 256, 0, 0, 0, 0, 4, 999, 2;
1, 256, 1, 1, 1, 1, 6, 1001, 4;
1, 256, 0, 0, 0, 0, 4, 999, 2;
1, 256, 0, 0, 0, 0, 5, 1000, 3;
1, 256, 0, 0, 0, 0, 4, 999, 2;
1, 256, 0, 0, 0, 0, 5, 1000, 3;
0, 256, 0, -1, -1, -1, 3, 998, 1;
1, 256, 1, 1, 1, 1, 6, 1001, 4;
1, 256, 0, 0, 0, 0, 4, 999, 2;
1, 256, 0, 0, 0, 0, 4, 999, 2;
1, 256, 0, 0, 0, 0, 5, 1000, 3;
1, 256, 0, 0, 0, 0, 5, 1000, 3;
1, 256, 0, 0, 0, 0, 5, 1000, 3;
1, 256, 0, -1, -1, -1, 3, 998, 1;
1, 256, 0, -1, -1, -1, 4, 998, 2;
1, 256, 1, 1, 1, 1, 6, 1001, 4;
1, 256, 1, 1, 1, 1, 6, 1001, 4;
1, 256, 0, 0, 0, 0, 5, 999, 3;
1, 256, 0, 0, 0, 0, 5, 999, 2;
1, 256, 0, 0, 0, 0, 5, 999, 3;
1, 256, 0, 1, 1, 1, 5, 1000, 3;
1, 256, 0, 0, 0, 0, 4, 999, 2;
1, 256, 0, -1, -1, -1, 4, 998, 1;
1, 256, 0, 0, 0, 0, 4, 999, 2;
1, 256, 0, -1, -1, -1, 4, 999, 2;
1, 256, 0, 0, 0, 0, 5, 1000, 3;
1, 256, 0, 0, 0, 0, 4, 999, 2;
1, 256, 0, -1, -1, -1, 3, 998, 1;
1, 256, 1, 1, 1, 1, 6, 1000, 3;
1, 256, 1, 1, 1, 1, 6, 1001, 4;
1, 256, 0, 0, 0, 0, 5, 999, 2;
1, 256, 0, 1, 1, 1, 5, 1000, 3;
1, 256, 0, -1, -1, -1, 4, 999, 2;
1, 256, 0, -1, -1, -1, 4, 998, 2;
1, 256, 0, 0, 0, 0, 5, 1000, 3;
1, 256, 0, 1, 1, 1, 5, 1000, 3;
1, 256, 0, 1, 1, 1, 5, 1000, 3;
1, 256, 0, 0, 0, 0, 5, 1000, 3;
1, 256, 0, 0, 0, 0, 5, 1000, 3;
1, 256, 1, 1, 1, 1, 6, 1001, 4;
1, 256, 0, 1, 1, 1, 5, 1000, 3;
1, 256, 1, 1, 1, 1, 6, 1001, 4;
1, 256, 0, -1, -1, -1, 4, 999, 2;
1, 256, 0, 0, 0, 0, 4, 999, 2;
1, 256, 1, 1, 1, 1, 6, 1001, 4;
1, 256, 0, 0, 0, 0, 4, 999, 2;
1, 256, 0, -1, -1, -1, 4, 999, 2;
1, 256, 0, 1, 1, 1, 5, 1000, 3;
1, 256, 0, 0, 0, 0, 5, 1000, 3;
1, 256, 0, 0, 0, 0, 5, 999, 3;
1, 256, 0, 0, 0, 0, 5, 1000, 3;
1, 256, 1, 1, 1, 1, 6, 1001, 4;
1, 256, 1, 1, 1, 1, 5, 1000, 3;
1, 256, 0, 0, 0, 0, 5, 1000, 3;
1, 256, 0, -1, -1, -1, 4, 999, 2;
1, 256, 0, 0, 0, 0, 4, 999, 2;
1, 256, 0, 0, 0, 0, 5, 1000, 3;
1, 256, 1, 1, 1, 1, 6, 1000, 3;
1, 256, 1, 1, 1, 1, 6, 1001, 4;
1, 256, 0, 0, 0, 0, 4, 999, 2;
1, 256, 1, 1, 1, 1, 6, 1000, 4;
1, 256, 1, 1, 1, 1, 6, 1001, 4;
1, 256, 0, -1, -1, -1, 4, 999, 2;
1, 256, 0, 0, 0, 0, 5, 999, 2;
1, 256, 0, 0, 0, 0, 5, 1000, 3;
1, 256, 0, -1, -1, -1, 4, 999, 2;
1, 256, 0, 0, 0, 0, 5, 1000, 3;
1, 256, 1, 1, 1, 1, 6, 1001, 4;
1, 256, 0, 0, 0, 0, 5, 1000, 3;
1, 256, 0, -1, -1, -1, 4, 999, 2;
1, 256, 1, 1, 1, 1, 6, 1001, 4;
1, 256, 1, 1, 1, 1, 5, 1000, 3;
1, 256, 1, 1, 1, 1, 5, 1000, 3;
1, 256, 0, 0, 0, 0, 4, 999, 2;
1, 256, 0, 0, 0, 0, 4, 999, 2;
1, 256, 1, 1, 1, 1, 5, 1000, 3;
1, 256, 0, 0, 0, 0, 4, 999, 2;
1, 256, 0, 0, 0, 0, 4, 999, 2;
1, 256, 0, 0, 0, 0, 4, 999, 2;
1, 256, 0, 1, 1, 1, 5, 1000, 3;
1, 256, 0, 0, 0, 0, 5, 1000, 3;
1, 256, 0, -1, -1, -1, 3, 998, 1;
1, 256, 1, 1, 1, 1, 6, 1000, 3;
1, 256, 0, 0, 0, 0, 5, 1000, 3;
1, 256, 0, 1, 1, 1, 5, 1000, 3;
1, 256, 0, 0, 0, 0, 4, 999, 2;
1, 256, 0, 0, 0, 0, 5, 1000, 3;
1, 256, 0, 0, 0, 0, 5, 1000, 3;
1, 256, 0, 0, 0, 0, 5, 1000, 3;
1, 256, 0, -1, -1, -1, 4, 999, 2;
1, 256, 0, 0, 0, 0, 4, 999, 2;
1, 256, 0, 0, 0, 0, 5, 999, 3;
1, 256, 0, 0, 0, 0, 5, 1000, 3;
1, 256, 0, 0, 0, 0, 5, 999, 2;
1, 256, 0, -1, -1, -1, 3, 998, 1;
1, 256, 1, 1, 1, 1, 5, 1000, 3;
1, 256, 1, 1, 1, 1, 6, 1001, 4;
1, 256, 1, 1, 1, 1, 6, 1001, 4;
1, 256, 1, 1, 1, 1, 6, 1000, 3;
1, 256, 0, 0, 0, 0, 5, 1000, 3;
1, 256, 1, 1, 1, 1, 6, 1001, 4;
1, 256, 0, 0, 0, 0, 5, 1000, 3;
1, 256, 1, 1, 1, 1, 6, 1001, 4;
1, 256, 0, 0, 0, 0, 5, 999, 3;
1, 256, 0, 0, 0, 0, 5, 1000, 3;
1, 256, 0, -1, -1, -1, 4, 999, 2;
1, 256, 1, 1, 1, 1, 6, 1001, 4;
1, 256, 1, 1, 1, 1, 6, 1000, 4;
1, 256, 0, 0, 0, 0, 5, 1000, 3;
1, 256, 0, 0, 0, 0, 5, 1000, 3;
1, 256, 1, 1, 1, 1, 6, 1000, 4;
1, 256, 0, 0, 0, 0, 5, 1000, 3;
1, 256, 0, 0, 0, 0, 5, 1000, 3;
1, 256, 0, -1, -1, -1, 4, 999, 2;
1, 256, 0, 1, 1, 1, 5, 1000, 3;
1, 256, 0, -1, -1, -1, 4, 998, 2;
1, 256, 0, -1, -1, -1, 4, 999, 2;
1, 256, 0, 0, 0, 0, 4, 999, 2;
1, 256, 1, 1, 1, 1, 6, 1001, 4;
1, 256, 0, 0, 0, 0, 4, 999, 2;
1, 256, 0, 0, 0, 0, 5, 1000, 3;
1, 256, 1, 1, 1, 1, 6, 1001, 4;
1, 256, 1, 1, 1, 1, 6, 1001, 4;
1, 256, 0, 0, 0, 0, 5, 1000, 3;
1, 256, 0, -1, -1, -1, 3, 998, 1;
1, 256, 0, 0, 0, 0, 4, 999, 2;
1, 256, 0, 1, 1, 1, 5, 1000, 3;
1, 256, 0, 1, 1, 1, 5, 1000, 3;
1, 256, 0, 0, 0, 0, 5, 1000, 3;
1, 256, 0, 1, 1, 1, 5, 1000, 3;
1, 256, 0, -1, -1, -1, 3, 998, 1;
1, 256, 0, 1, 1, 1, 5, 1000, 3;
1, 256, 0, 0, 0, 0, 4, 999, 2;
1, 256, 0, -1, -1, -1, 4, 999, 2;
1, 256, 0, -1, -1, -1, 4, 998, 2;
1, 256, 0, -1, -1, -1, 4, 999, 2;
1, 256, 1, 1, 1, 1, 6, 1001, 4;
1, 256, 0, 0, 0, 0, 5, 1000, 3;
1, 256, 0, -1, -1, -1, 4, 999, 2;
1, 256, 1, 1, 1, 1, 6, 1000, 4;
1, 256, 0, 0, 0, 0, 5, 1000, 3;
1, 256, 0, 0, 0, 0, 5, 1000, 3;
1, 256, 0, 0, 0, 0, 4, 999, 2;
1, 256, 0, -1, -1, -1, 4, 998, 2;
1, 256, 0, -1, -1, -1, 3, 998, 1;
1, 256, 0, 0, 0, 0, 5, 1000, 3;
1, 256, 1, 1, 1, 1, 6, 1001, 4;
1, 256, 0, 0, 0, 0, 4, 999, 2;
1, 256, 0, 0, 0, 0, 4, 999, 2;
1, 256, 0, -1, -1, -1, 4, 999, 2;
1, 256, 0, 0, 0, 0, 5, 1000, 3;
1, 256, 0, 0, 0, 0, 5, 999, 3;
1, 256, 0, -1, -1, -1, 4, 999, 2;
1, 256, 0, 0, 0, 0, 5, 1000, 3;
1, 256, 0, -1, -1, -1, 3, 998, 1;
1, 256, 0, 0, 0, 0, 5, 1000, 3;
1, 256, 0, -1, -1, -1, 4, 999, 2;
1, 256, 0, 1, 1, 1, 5, 1000, 3;
1, 256, 0, 0, 0, 0, 5, 1000, 3;
1, 256, 0, -1, -1, -1, 4, 999, 2;
1, 256, 0, 0, 0, 0, 4, 999, 2;
1, 256, 0, -1, -1, -1, 3, 998, 1;
1, 256, 0, 0, 0, 0, 5, 1000, 3;
1, 256, 0, 1, 1, 1, 5, 1000, 3;
1, 256, 1, 1, 1, 1, 5, 1000, 3;
1, 256, 0, 0, 0, 0, 4, 999, 2;
1, 256, 0, -1, -1, -1, 3, 998, 1;
1, 256, 0, 1, 1, 1, 5, 1000, 3;
1, 256, 0, 0, 0, 0, 5, 1000, 3;
1, 256, 1, 1, 1, 1, 6, 1001, 4;
1, 256, 0, 0, 0, 0, 5, 1000, 3;
1, 256, 0, -1, -1, -1, 4, 999, 2;
1, 256, 0, 0, 0, 0, 5, 1000, 3;
1, 256, 0, -1, -1, -1, 4, 998, 2;
1, 256, 0, -1, -1, -1, 4, 999, 2;
1, 256, 0, -1, -1, -1, 4, 999, 2;
1, 256, 0, 0, 0, 0, 5, 1000, 3;
1, 256, 0, -1, -1, -1, 4, 999, 2;
1, 256, 1, 1, 1, 1, 6, 1001, 4;
1, 256, 0, 0, 0, 0, 5, 1000, 3;
1, 256, 0, 0, 0, 0, 5, 1000, 3;
1, 256, 0, 0, 0, 0, 5, 999, 3;
1, 256, 0, 0, 0, 0, 4, 999, 2;
1, 256, 0, 0, 0, 0, 4, 999, 2;
1, 256, 0, -1, -1, -1, 4, 999, 2;
1, 256, 1, 1, 1, 1, 6, 1001, 4;
1, 256, 0, 0, 0, 0, 5, 1000, 3;
1, 256, 0, 0, 0, 0, 5, 1000, 3;
1, 256, 0, -1, -1, -1, 4, 999, 2;
1, 256, 0, 0, 0, 0, 4, 999, 2;
1, 256, 0, 1, 1, 1, 5, 1000, 3;
1, 256, 0, 0, 0, 0, 4, 999, 2;
1, 256, 0, 0, 0, 0, 5, 1000, 3;
1, 256, 0, 0, 0, 0, 5, 999, 2;
1, 256, 0, -1, -1, -1, 4, 999, 2;
1, 256, 0, 0, 0, 0, 4, 999, 2;
1, 256, 0, 0, 0, 0, 5, 999, 3;
1, 256, 0, -1, -1, -1, 4, 998, 1;
1, 256, 0, 1, 1, 1, 5, 1000, 3;
1, 256, 0, -1, -1, -1, 4, 999, 2;
1, 256, 0, -1, -1, -1, 4, 999, 2;
1, 256, 0, 0, 0, 0, 5, 1000, 3;
1, 256, 0, 1, 1, 1, 5, 1000, 3;
1, 256, 1, 1, 1, 1, 6, 1001, 4;
1, 256, 1, 1, 1, 1, 6, 1001, 4;
1, 256, 1, 1, 1, 1, 6, 1001, 4;
1, 256, 0, 0, 0, 0, 5, 1000, 3;
1, 256, 0, -1, -1, -1, 4, 999, 2;
1, 256, 0, 0, 0, 0, 5, 1000, 3;
1, 256, 0, 1, 1, 1, 5, 1000, 3;
1, 256, 0, 0, 0, 0, 5, 1000, 3;
1, 256, 0, -1, -1, -1, 3, 998, 1;
1, 256, 0, -1, -1, -1, 4, 999, 2;
1, 256, 0, 0, 0, 0, 4, 999, 2;
1, 256, 0, 1, 1, 1, 5, 1000, 3;
1, 256, 0, 0, 0, 0, 5, 999, 2;
1, 256, 0, 0, 0, 0, 4, 999, 2;
1, 256, 0, 1, 1, 1, 5, 1000, 3;
1, 256, 1, 1, 1, 1, 6, 1001, 4;
1, 256, 1, 1, 1, 1, 6, 1001, 4;
1, 256, 0, 0, 0, 0, 4, 999, 2;
1, 256, 1, 1, 1, 1, 6, 1001, 4;
1, 256, 1, 1, 1, 1, 6, 1000, 4;
1, 256, 0, 0, 0, 0, 5, 1000, 3;
1, 256, 0, 0, 0, 0, 4, 999, 2;
1, 256, 0, 0, 0, 0, 5, 1000, 3;
1, 256, 0, 0, 0, 0, 4, 999, 2;
1, 256, 0, 0, 0, 0, 4, 999, 2;
1, 256, 0, 0, 0, 0, 4, 999, 2;
1, 256, 0, 1, 1, 1, 5, 1000, 3;
1, 256, 0, 0, 0, 0, 5, 1000, 3;
1, 256, 0, 0, 0, 0, 5, 999, 2;
1, 256, 0, 0, 0, 0, 5, 1000, 3;
1, 256, 0, 0, 0, 0, 4, 999, 2;
1, 256, 0, -1, -1, -1, 3, 998, 1;
1, 256, 0, 0, 0, 0, 4, 999, 2;
1, 256, 0, 1, 1, 1, 5, 1000, 3;
1, 256, 0, 0, 0, 0, 5, 1000, 3;
1, 256, 0, -1, -1, -1, 4, 999, 2;
1, 256, 0, 1, 1, 1, 5, 1000, 3;
1, 256, 0, -1, -1, -1, 4, 999, 2;
1, 256, 0, 0, 0, 0, 4, 999, 2;
1, 256, 0, 0, 0, 0, 4, 999, 2;
1, 256, 0, -1, -1, -1, 4, 999, 2;
1, 256, 0, 0, 0, 0, 4, 999, 2;
1, 256, 0, -1, -1, -1, 4, 998, 2;
1, 256, 0, 1, 1, 1, 5, 1000, 3;
1, 256, 0, 0, 0, 0, 5, 1000, 3;
1, 256, 0, -1, -1, -1, 4, 998, 1;
1, 256, 0, -1, -1, -1, 3, 998, 1;
1, 256, 0, 0, 0, 0, 5, 1000, 3;
1, 256, 1, 1, 1, 1, 6, 1001, 4;
1, 256, 0, 0, 0, 0, 4, 999, 2;
1, 256, 0, 0, 0, 0, 5, 1000, 3;
1, 256, 0, -1, -1, -1, 4, 999, 2;
1, 256, 0, 1, 1, 1, 5, 1000, 3;
1, 256, 1, 1, 1, 1, 6, 1001, 4;
1, 256, 1, 1, 1, 1, 6, 1001, 4;
1, 256, 0, -1, -1, -1, 3, 998, 1;
1, 256, 0, 0, 0, 0, 5, 1000, 3;
1, 256, 0, 0, 0, 0, 5, 1000, 3;
1, 256, 0, -1, -1, -1, 4, 999, 2;
1, 256, 0, 0, 0, 0, 5, 1000, 3;
1, 256, 0, -1, -1, -1, 4, 999, 2;
1, 256, 0, -1, -1, -1, 4, 999, 2;
1, 256, 0, -1, -1, -1, 4, 998, 2;
1, 256, 0, -1, -1, -1, 4, 998, 2;
1, 256, 0, 0, 0, 0, 5, 1000, 3;
1, 256, 0, 1, 1, 1, 5, 1000, 3;
1, 256, 0, 0, 0, 0, 4, 999, 2;
1, 256, 1, 1, 1, 1, 6, 1000, 4;
1, 256, 0, -1, -1, -1, 4, 998, 2;
1, 256, 0, -1, -1, -1, 4, 999, 2;
1, 256, 0, 0, 0, 0, 4, 999, 2;
1, 256, 0, 0, 0, 0, 4, 999, 2;
1, 256, 1, 1, 1, 1, 5, 1000, 3;
1, 256, 0, -1, -1, -1, 3, 998, 1;
1, 256, 0, -1, -1, -1, 4, 999, 2;
1, 256, 0, -1, -1, -1, 4, 999, 2;
1, 256, 0, 0, 0, 0, 4, 999, 2;
1, 256, 0, 0, 0, 0, 4, 999, 2;
1, 256, 0, 0, 0, 0, 5, 1000, 3;
1, 256, 0, 0, 0, 0, 5, 1000, 3;
1, 256, 0, 0, 0, 0, 4, 999, 2;
1, 256, 0, 0, 0, 0, 5, 1000, 3;
1, 256, 0, 0, 0, 0, 4, 999, 2;
1, 256, 0, 0, 0, 0, 5, 1000, 3;
1, 256, 0, 0, 0, 0, 4, 999, 2;
1, 256, 0, 0, 0, 0, 4, 999, 2;
1, 256, 0, 0, 0, 0, 4, 999, 2;
1, 256, 0, 0, 0, 0, 5, 1000, 3;
1, 256, 1, 1, 1, 1, 5, 1000, 3;
1, 256, 0, 0, 0, 0, 5, 1000, 3;
1, 256, 0, 0, 0, 0, 4, 999, 2;
1, 256, 0, 0, 0, 0, 4, 999, 2;
1, 256, 0, 0, 0, 0, 5, 999, 3;
1, 256, 0, -1, -1, -1, 3, 998, 1;
1, 256, 1, 1, 1, 1, 5, 1000, 3;
1, 256, 0, -1, -1, -1, 4, 999, 2;
1, 256, 0, -1, -1, -1, 3, 998, 1;
1, 256, 0, -1, -1, -1, 4, 999, 2;
1, 256, 0, 1, 1, 1, 5, 1000, 3;
1, 256, 0, 0, 0, 0, 5, 999, 2;
1, 256, 1, 1, 1, 1, 6, 1001, 4;
1, 256, 0, 0, 0, 0, 5, 1000, 3;
1, 256, 0, 0, 0, 0, 4, 999, 2;
1, 256, 0, 1, 1, 1, 5, 1000, 3;
1, 256, 0, -1, -1, -1, 3, 998, 1;
1, 256, 0, -1, -1, -1, 4, 999, 2;
1, 256, 0, -1, -1, -1, 4, 998, 2;
1, 256, 1, 1, 1, 1, 6, 1001, 4;
1, 256, 1, 1, 1, 1, 5, 1000, 3;
1, 256, 0, 0, 0, 0, 4, 999, 2;
1, 256, 0, -1, -1, -1, 4, 999, 2;
1, 256, 0, 0, 0, 0, 5, 1000, 3;
1, 256, 0, 0, 0, 0, 4, 999, 2;
1, 256, 1, 1, 1, 1, 6, 1000, 4;
1, 256, 0, 0, 0, 0, 5, 1000, 3;
1, 256, 1, 1, 1, 1, 6, 1001, 4;
1, 256, 0, -1, -1, -1, 3, 998, 1;
1, 256, 1, 1, 1, 1, 5, 1000, 3;
1, 256, 0, 0, 0, 0, 5, 1000, 3;
1, 256, 0, 0, 0, 0, 4, 999, 2;
1, 256, 0, 0, 0, 0, 5, 999, 3;
1, 256, 0, -1, -1, -1, 4, 999, 2;
1, 256, 0, -1, -1, -1, 3, 998, 1;
1, 256, 0, 0, 0, 0, 5, 1000, 3;
1, 256, 0, 0, 0, 0, 4, 999, 2;
1, 256, 0, 0, 0, 0, 4, 999, 2;
1, 256, 0, -1, -1, -1, 4, 998, 1;
1, 256, 0, 0, 0, 0, 5, 1000, 3;
1, 256, 0, 0, 0, 0, 5, 999, 3;
1, 256, 0, 0, 0, 0, 4, 999, 2;
1, 256, 1, 1, 1, 1, 6, 1000, 4;
1, 256, 0, 0, 0, 0, 5, 999, 3;
1, 256, 0, -1, -1, -1, 4, 999, 2;
1, 256, 0, -1, -1, -1, 3, 998, 1;
1, 256, 0, 0, 0, 0, 5, 1000, 3;
1, 256, 0, -1, -1, -1, 4, 999, 2;
1, 256, 0, 0, 0, 0, 4, 999, 2;
1, 256, 0, 0, 0, 0, 5, 1000, 3;
1, 256, 0, 0, 0, 0, 4, 999, 2;
1, 256, 0, -1, -1, -1, 4, 999, 2;
1, 256, 0, -1, -1, -1, 4, 998, 1;
1, 256, 0, 0, 0, 0, 5, 1000, 3;
1, 256, 1, 1, 1, 1, 6, 1001, 4;
1, 256, 0, 0, 0, 0, 4, 999, 2;
1, 256, 1, 1, 1, 1, 5, 1000, 3;
1, 256, 0, 0, 0, 0, 5, 1000, 3;
1, 256, 0, 0, 0, 0, 4, 999, 2;
1, 256, 1, 1, 1, 1, 6, 1001, 4;
1, 256, 0, 0, 0, 0, 5, 1000, 3;
1, 256, 0, -1, -1, -1, 4, 998, 1;
1, 256, 0, -1, -1, -1, 4, 999, 2;
1, 256, 0, 0, 0, 0, 4, 999, 2;
1, 256, 0, 0, 0, 0, 4, 999, 2;
1, 256, 1, 1, 1, 1, 6, 1001, 4;
1, 256, 1, 1, 1, 1, 6, 1001, 4;
1, 256, 0, 1, 1, 1, 5, 1000, 3;
1, 256, 0, 0, 0, 0, 4, 999, 2;
1, 256, 0, 0, 0, 0, 5, 1000, 3;
1, 256, 1, 1, 1, 1, 6, 1000, 3;
1, 256, 1, 1, 1, 1, 6, 1001, 4;
1, 256, 1, 1, 1, 1, 6, 1001, 4;
1, 256, 1, 1, 1, 1, 6, 1000, 4;
1, 256, 0, 0, 0, 0, 5, 1000, 3;
1, 256, 0, -1, -1, -1, 4, 999, 2;
1, 256, 1, 1, 1, 1, 5, 1000, 3;
1, 256, 1, 1, 1, 1, 6, 1000, 3;
1, 256, 0, 1, 1, 1, 5, 1000, 3;
1, 256, 0, 0, 0, 0, 5, 1000, 3;
1, 256, 0, -1, -1, -1, 3, 998, 1;
1, 256, 0, -1, -1, -1, 4, 999, 2;
1, 256, 1, 1, 1, 1, 6, 1001, 4;
1, 256, 0, 1, 1, 1, 5, 1000, 3;
1, 256, 1, 1, 1, 1, 6, 1000, 3;
1, 256, 0, -1, -1, -1, 4, 999, 2;
1, 256, 0, -1, -1, -1, 4, 999, 2;
1, 256, 0, 0, 0, 0, 5, 1000, 3;
1, 256, 0, -1, -1, -1, 3, 998, 1;
1, 256, 0, 0, 0, 0, 4, 999, 2;
1, 256, 1, 1, 1, 1, 6, 1001, 4;
1, 256, 0, -1, -1, -1, 4, 999, 2;
1, 256, 0, 0, 0, 0, 5, 1000, 3;
1, 256, 1, 1, 1, 1, 6, 1001, 4;
1, 256, 0, -1, -1, -1, 4, 999, 2;
1, 256, 0, -1, -1, -1, 4, 999, 2;
1, 256, 0, -1, -1, -1, 4, 998, 1;
1, 256, 0, 0, 0, 0, 5, 1000, 3;
1, 256, 1, 1, 1, 1, 6, 1001, 4;
1, 256, 0, 0, 0, 0, 5, 1000, 3;
1, 256, 0, 0, 0, 0, 5, 1000, 3;
1, 256, 0, -1, -1, -1, 4, 999, 2;
1, 256, 0, -1, -1, -1, 4, 999, 2;
1, 256, 0, 0, 0, 0, 5, 1000, 3;
1, 256, 0, 0, 0, 0, 5, 1000, 3;
1, 256, 0, 0, 0, 0, 4, 999, 2;
1, 256, 1, 1, 1, 1, 6, 1000, 3;
1, 256, 0, 0, 0, 0, 4, 999, 2;
1, 256, 0, 0, 0, 0, 4, 999, 2;
1, 256, 0, -1, -1, -1, 3, 998, 1;
1, 256, 1, 1, 1, 1, 6, 1001, 4;
1, 256, 0, 0, 0, 0, 5, 1000, 3;
1, 256, 0, 0, 0, 0, 5, 1000, 3;
1, 256, 0, -1, -1, -1, 4, 999, 2;
1, 256, 0, 0, 0, 0, 5, 1000, 3;
1, 256, 1, 1, 1, 1, 6, 1001, 4;
1, 256, 1, 1, 1, 1, 6, 1000, 3;
1, 256, 0, -1, -1, -1, 4, 999, 2;
1, 256, 0, -1, -1, -1, 4, 999, 2;
1, 256, 0, -1, -1, -1, 4, 999, 2;
1, 256, 0, -1, -1, -1, 3, 998, 1;
1, 256, 1, 1, 1, 1, 6, 1001, 4;
1, 256, 1, 1, 1, 1, 6, 1000, 4;
1, 256, 1, 1, 1, 1, 6, 1000, 4;
1, 256, 0, 1, 1, 1, 5, 1000, 3;
1, 256, 1, 1, 1, 1, 6, 1001, 4;
1, 256, 0, 0, 0, 0, 5, 1000, 3;
1, 256, 0, 0, 0, 0, 4, 999, 2;
1, 256, 0, 0, 0, 0, 5, 1000, 3;
1, 256, 0, -1, -1, -1, 4, 999, 2;
1, 256, 0, 0, 0, 0, 4, 999, 2;
1, 256, 0, 0, 0, 0, 4, 999, 2;
1, 256, 0, 0, 0, 0, 5, 1000, 3;
1, 256, 0, 0, 0, 0, 4, 999, 2;
1, 256, 0, 0, 0, 0, 5, 1000, 3;
1, 256, 1, 1, 1, 1, 6, 1000, 3;
1, 256, 1, 1, 1, 1, 5, 1000, 3;
1, 256, 0, 0, 0, 0, 4, 999, 2;
1, 256, 0, -1, -1, -1, 3, 998, 1;
1, 256, 0, 0, 0, 0, 5, 1000, 3;
1, 256, 0, 1, 1, 1, 5, 1000, 3;
1, 256, 0, 0, 0, 0, 5, 1000, 3;
1, 256, 0, -1, -1, -1, 3, 998, 1;
1, 256, 0, 0, 0, 0, 4, 999, 2;
1, 256, 0, 0, 0, 0, 5, 999, 3;
1, 256, 0, -1, -1, -1, 3, 998, 1;
1, 256, 0, 0, 0, 0, 5, 1000, 3;
1, 256, 0, 0, 0, 0, 5, 1000, 3;
1, 256, 1, 1, 1, 1, 6, 1001, 4;
1, 256, 0, 0, 0, 0, 4, 999, 2;
1, 256, 0, 0, 0, 0, 4, 999, 2;
1, 256, 0, -1, -1, -1, 4, 999, 2;
1, 256, 0, 0, 0, 0, 5, 1000, 3;
1, 256, 0, -1, -1, -1, 4, 999, 2;
1, 256, 1, 1, 1, 1, 6, 1001, 4;
1, 256, 0, 0, 0, 0, 4, 999, 2;
1, 256, 0, -1, -1, -1, 4, 999, 2;
1, 256, 0, 0, 0, 0, 4, 999, 2;
1, 256, 0, 0, 0, 0, 5, 1000, 3;
1, 256, 1, 1, 1, 1, 6, 1000, 4;
1, 256, 0, 0, 0, 0, 5, 999, 2;
1, 256, 1, 1, 1, 1, 6, 1001, 4;
1, 256, 0, 0, 0, 0, 5, 1000, 3;
1, 256, 0, 0, 0, 0, 4, 999, 2;
1, 256, 0, 1, 1, 1, 5, 1000, 3;
1, 256, 0, 0, 0, 0, 5, 1000, 3;
1, 256, 0, 1, 1, 1, 5, 1000, 3;
1, 256, 0, -1, -1, -1, 4, 999, 2;
1, 256, 1, 1, 1, 1, 6, 1000, 4;
1, 256, 0, 0, 0, 0, 5, 1000, 3;
1, 256, 0, -1, -1, -1, 4, 999, 2;
1, 256, 0, 0, 0, 0, 5, 999, 3;
1, 256, 0, -1, -1, -1, 3, 998, 1;
1, 256, 0, 0, 0, 0, 4, 999, 2;
1, 256, 1, 1, 1, 1, 6, 1001, 4;
1, 256, 0, 0, 0, 0, 5, 999, 3;
0, 256, 0, -1, -1, -1, 3, 998, 1;
1, 256, 1, 1, 1, 1, 6, 1000, 3;
1, 256, 0, -1, -1, -1, 3, 998, 1;
1, 256, 0, 0, 0, 0, 4, 999, 2;
1, 256, 0, 0, 0, 0, 4, 999, 2;
1, 256, 0, -1, -1, -1, 4, 999, 2;
1, 256, 0, 0, 0, 0, 4, 999, 2;
1, 256, 0, -1, -1, -1, 4, 999, 2;
1, 256, 0, 0, 0, 0, 4, 999, 2;
1, 256, 0, 0, 0, 0, 5, 1000, 3;
1, 256, 1, 1, 1, 1, 6, 1001, 4;
1, 256, 0, 0, 0, 0, 4, 999, 2;
1, 256, 0, 0, 0, 0, 5, 1000, 3;
1, 256, 0, -1, -1, -1, 4, 998, 2;
1, 256, 0, -1, -1, -1, 4, 998, 1;
1, 256, 1, 1, 1, 1, 6, 1000, 3;
1, 256, 0, 0, 0, 0, 5, 1000, 3;
1, 256, 0, 1, 1, 1, 5, 1000, 3;
1, 256, 0, 0, 0, 0, 4, 999, 2;
1, 256, 0, -1, -1, -1, 4, 999, 2;
1, 256, 0, -1, -1, -1, 3, 998, 1;
1, 256, 1, 1, 1, 1, 6, 1001, 4;
1, 256, 1, 1, 1, 1, 6, 1001, 4;
1, 256, 1, 1, 1, 1, 6, 1001, 4;
1, 256, 0, -1, -1, -1, 4, 999, 2;
1, 256, 1, 1, 1, 1, 6, 1001, 4;
1, 256, 0, 0, 0, 0, 5, 1000, 3;
1, 256, 0, 1, 1, 1, 5, 1000, 3;
1, 256, 0, -1, -1, -1, 4, 999, 2;
1, 256, 1, 1, 1, 1, 6, 1000, 4;
1, 256, 0, -1, -1, -1, 4, 999, 2;
1, 256, 0, -1, -1, -1, 4, 999, 2;
1, 256, 0, 0, 0, 0, 5, 1000, 3;
1, 256, 0, 0, 0, 0, 5, 1000, 3;
1, 256, 1, 1, 1, 1, 5, 1000, 3;
1, 256, 0, -1, -1, -1, 4, 999, 2;
1, 256, 0, 0, 0, 0, 5, 1000, 3;
1, 256, 1, 1, 1, 1, 6, 1001, 4;
1, 256, 0, -1, -1, -1, 3, 998, 1;
1, 256, 0, -1, -1, -1, 4, 999, 2;
1, 256, 0, 0, 0, 0, 4, 999, 2;
1, 256, 0, -1, -1, -1, 3, 998, 1;
1, 256, 0, -1, -1, -1, 4, 998, 2;
1, 256, 0, 0, 0, 0, 4, 999, 2;
1, 256, 0, 0, 0, 0, 4, 999, 2;
1, 256, 0, -1, -1, -1, 3, 998, 1;
1, 256, 0, -1, -1, -1, 3, 998, 1;
1, 256, 0, 0, 0, 0, 5, 1000, 3;
1, 256, 1, 1, 1, 1, 5, 1000, 3;
1, 256, 0, 1, 1, 1, 5, 1000, 3;
1, 256, 0, 0, 0, 0, 4, 999, 2;
1, 256, 0, -1, -1, -1, 4, 999, 2;
1, 256, 0, -1, -1, -1, 3, 998, 1;
1, 256, 0, -1, -1, -1, 3, 998, 1;
1, 256, 0, 0, 0, 0, 5, 999, 3;
1, 256, 0, 0, 0, 0, 5, 1000, 3;
1, 256, 0, 0, 0, 0, 5, 1000, 3;
1, 256, 0, 0, 0, 0, 5, 1000, 3;
1, 256, 0, 0, 0, 0, 4, 999, 2;
1, 256, 0, 0, 0, 0, 4, 999, 2;
1, 256, 0, 0, 0, 0, 5, 1000, 3;
1, 256, 1, 1, 1, 1, 6, 1001, 4;
1, 256, 0, -1, -1, -1, 4, 999, 2;
1, 256, 0, 0, 0, 0, 5, 1000, 3;
1, 256, 0, 0, 0, 0, 5, 1000, 3;
1, 256, 0, 0, 0, 0, 5, 1000, 3;
1, 256, 0, 0, 0, 0, 5, 1000, 3;
1, 256, 0, 0, 0, 0, 4, 999, 2;
1, 256, 0, 0, 0, 0, 5, 1000, 3;
1, 256, 0, -1, -1, -1, 4, 999, 2;
1, 256, 0, 0, 0, 0, 5, 1000, 3;
1, 256, 0, 0, 0, 0, 4, 999, 2;
1, 256, 0, -1, -1, -1, 4, 999, 2;
1, 256, 0, 1, 1, 1, 5, 1000, 3;
1, 256, 1, 1, 1, 1, 6, 1001, 4;
1, 256, 0, 0, 0, 0, 5, 1000, 3;
1, 256, 0, 0, 0, 0, 4, 999, 2;
1, 256, 0, 0, 0, 0, 5, 1000, 3;
1, 256, 0, 0, 0, 0, 5, 1000, 3;
1, 256, 0, 0, 0, 0, 5, 1000, 3;
1, 256, 0, 1, 1, 1, 5, 1000, 3;
1, 256, 1, 1, 1, 1, 5, 1000, 3;
1, 256, 0, 0, 0, 0, 5, 1000, 3;
1, 256, 0, 1, 1, 1, 5, 1000, 3;
1, 256, 0, 0, 0, 0, 4, 999, 2;
1, 256, 0, 0, 0, 0, 4, 999, 2;
1, 256, 0, 0, 0, 0, 4, 999, 2;
1, 256, 0, 0, 0, 0, 5, 1000, 3;
1, 256, 0, 0, 0, 0, 5, 1000, 3;
1, 256, 1, 1, 1, 1, 5, 1000, 3;
1, 256, 0, -1, -1, -1, 4, 999, 2;
1, 256, 0, 0, 0, 0, 5, 1000, 3;
1, 256, 0, -1, -1, -1, 4, 999, 2;
1, 256, 0, 1, 1, 1, 5, 1000, 3;
1, 256, 0, 0, 0, 0, 5, 1000, 3;
1, 256, 0, 0, 0, 0, 5, 1000, 3;
1, 256, 0, 0, 0, 0, 5, 1000, 3;
1, 256, 0, 0, 0, 0, 4, 999, 2;
1, 256, 0, 0, 0, 0, 4, 999, 2;
1, 256, 1, 1, 1, 1, 6, 1000, 3;
1, 256, 0, 0, 0, 0, 5, 1000, 3;
1, 256, 0, -1, -1, -1, 3, 998, 1;
1, 256, 0, 0, 0, 0, 4, 999, 2;
1, 256, 0, -1, -1, -1, 4, 999, 2;
1, 256, 0, 0, 0, 0, 5, 999, 2;
1, 256, 0, -1, -1, -1, 4, 998, 2;
1, 256, 0, -1, -1, -1, 4, 999, 2;
1, 256, 0, 0, 0, 0, 5, 1000, 3;
1, 256, 0, -1, -1, -1, 4, 998, 1;
1, 256, 0, -1, -1, -1, 4, 998, 2;
1, 256, 0, 1, 1, 1, 5, 1000, 3;
1, 256, 0, 0, 0, 0, 5, 1000, 3;
0, 256, 0, -1, -1, -1, 3, 998, 1;
1, 256, 0, -1, -1, -1, 4, 999, 2;
1, 256, 0, 0, 0, 0, 4, 999, 2;
1, 256, 0, 0, 0, 0, 5, 1000, 3;
1, 256, 0, 0, 0, 0, 5, 999, 3;
1, 256, 0, 0, 0, 0, 5, 1000, 3;
1, 256, 0, 0, 0, 0, 5, 999, 3;
1, 256, 1, 1, 1, 1, 5, 1000, 3;
1, 256, 0, 0, 0, 0, 5, 999, 3;
1, 256, 1, 1, 1, 1, 6, 1001, 4;
1, 256, 1, 1, 1, 1, 6, 1001, 4;
1, 256, 0, 0, 0, 0, 5, 999, 3;
1, 256, 0, -1, -1, -1, 4, 999, 2;
1, 256, 0, 0, 0, 0, 4, 999, 2;
1, 256, 0, -1, -1, -1, 4, 999, 2;
1, 256, 0, 0, 0, 0, 5, 1000, 3;
1, 256, 0, 0, 0, 0, 5, 1000, 3;
1, 256, 0, -1, -1, -1, 4, 999, 2;
1, 256, 0, 0, 0, 0, 4, 999, 2;
1, 256, 0, 0, 0, 0, 5, 999, 3;
1, 256, 0, 1, 1, 1, 5, 1000, 3;
1, 256, 1, 1, 1, 1, 6, 1001, 4;
1, 256, 0, 0, 0, 0, 4, 999, 2;
1, 256, 0, 0, 0, 0, 4, 999, 2;
1, 256, 0, 0, 0, 0, 4, 999, 2;
1, 256, 1, 1, 1, 1, 6, 1001, 4;
1, 256, 0, 0, 0, 0, 5, 1000, 3;
1, 256, 0, -1, -1, -1, 4, 999, 2;
1, 256, 0, -1, -1, -1, 4, 999, 2;
1, 256, 0, -1, -1, -1, 4, 999, 2;
1, 256, 0, 0, 0, 0, 4, 999, 2;
1, 256, 0, 0, 0, 0, 4, 999, 2;
1, 256, 0, 0, 0, 0, 5, 1000, 3;
1, 256, 0, 0, 0, 0, 4, 999, 2;
1, 256, 0, 0, 0, 0, 5, 1000, 3;
1, 256, 0, -1, -1, -1, 4, 999, 2;
1, 256, 0, -1, -1, -1, 3, 998, 1;
1, 256, 0, 0, 0, 0, 4, 999, 2;
1, 256, 0, -1, -1, -1, 3, 998, 1;
1, 256, 1, 1, 1, 1, 6, 1001, 4;
1, 256, 0, 1, 1, 1, 5, 1000, 3;
1, 256, 0, -1, -1, -1, 3, 998, 1;
1, 256, 0, 0, 0, 0, 5, 1000, 3;
1, 256, 0, 0, 0, 0, 5, 1000, 3;
1, 256, 0, 0, 0, 0, 4, 999, 2;
1, 256, 0, 0, 0, 0, 5, 1000, 3;
1, 256, 0, 0, 0, 0, 5, 1000, 3;
1, 256, 0, 1, 1, 1, 5, 1000, 3;
1, 256, 1, 1, 1, 1, 6, 1000, 3;
1, 256, 0, -1, -1, -1, 4, 999, 2;
1, 256, 0, 0, 0, 0, 4, 999, 2;
1, 256, 1, 1, 1, 1, 6, 1000, 3;
1, 256, 1, 1, 1, 1, 6, 1000, 4;
1, 256, 0, -1, -1, -1, 4, 999, 2;
1, 256, 0, 0, 0, 0, 4, 999, 2;
1, 256, 1, 1, 1, 1, 6, 1001, 4;
1, 256, 1, 1, 1, 1, 6, 1000, 3;
1, 256, 0, 1, 1, 1, 5, 1000, 3;
1, 256, 0, 0, 0, 0, 5, 1000, 3;
1, 256, 0, 0, 0, 0, 4, 999, 2;
1, 256, 1, 1, 1, 1, 6, 1000, 3;
1, 256, 0, 0, 0, 0, 5, 1000, 3;
1, 256, 0, 0, 0, 0, 5, 1000, 3;
1, 256, 0, 0, 0, 0, 4, 999, 2;
1, 256, 0, 0, 0, 0, 5, 1000, 3;
1, 256, 1, 1, 1, 1, 6, 1000, 4;
1, 256, 0, 0, 0, 0, 4, 999, 2;
1, 256, 0, 1, 1, 1, 5, 1000, 3;
1, 256, 0, 0, 0, 0, 4, 999, 2;
1, 256, 0, 0, 0, 0, 4, 999, 2;
1, 256, 1, 1, 1, 1, 6, 1001, 4;
1, 256, 0, 1, 1, 1, 5, 1000, 3;
1, 256, 0, 0, 0, 0, 5, 1000, 3;
1, 256, 1, 1, 1, 1, 6, 1001, 4;
1, 256, 0, 0, 0, 0, 4, 999, 2;
1, 256, 1, 1, 1, 1, 6, 1000, 4;
1, 256, 1, 1, 1, 1, 6, 1001, 4;
1, 256, 0, -1, -1, -1, 4, 999, 2;
1, 256, 0, 0, 0, 0, 5, 1000, 3;
1, 256, 0, -1, -1, -1, 4, 998, 1;
1, 256, 0, 0, 0, 0, 5, 1000, 3;
1, 256, 0, 0, 0, 0, 5, 1000, 3;
1, 256, 0, 0, 0, 0, 5, 1000, 3;
1, 256, 0, 0, 0, 0, 5, 1000, 3;
1, 256, 0, 0, 0, 0, 4, 999, 2;
1, 256, 0, -1, -1, -1, 4, 999, 2;
1, 256, 0, 0, 0, 0, 5, 1000, 3;
1, 256, 1, 1, 1, 1, 6, 1001, 4;
1, 256, 0, 0, 0, 0, 5, 1000, 3;
1, 256, 0, 0, 0, 0, 5, 1000, 3;
1, 256, 1, 1, 1, 1, 6, 1001, 4;
1, 256, 0, 0, 0, 0, 5, 999, 3;
1, 256, 0, -1, -1, -1, 4, 999, 2;
1, 256, 0, 1, 1, 1, 5, 1000, 3;
1, 256, 0, -1, -1, -1, 4, 999, 2;
1, 256, 0, -1, -1, -1, 4, 999, 2;
1, 256, 0, 0, 0, 0, 5, 1000, 3;
1, 256, 1, 1, 1, 1, 5, 1000, 3;
1, 256, 0, 1, 1, 1, 5, 1000, 3;
1, 256, 0, 0, 0, 0, 4, 999, 2;
1, 256, 1, 1, 1, 1, 6, 1001, 4;
1, 256, 0, 1, 1, 1, 5, 1000, 3;
1, 256, 0, 0, 0, 0, 5, 1000, 3;
1, 256, 0, 0, 0, 0, 5, 1000, 3;
1, 256, 0, -1, -1, -1, 4, 999, 2;
1, 256, 0, 0, 0, 0, 5, 1000, 3;
1, 256, 0, 0, 0, 0, 5, 1000, 3;
1, 256, 0, 1, 1, 1, 5, 1000, 3;
1, 256, 0, -1, -1, -1, 4, 999, 2;
1, 256, 0, -1, -1, -1, 4, 999, 2;
1, 256, 0, -1, -1, -1, 4, 999, 2;
1, 256, 1, 1, 1, 1, 6, 1000, 3;
1, 256, 0, -1, -1, -1, 4, 999, 2;
1, 256, 1, 1, 1, 1, 6, 1001, 4;
1, 256, 0, -1, -1, -1, 4, 999, 2;
1, 256, 0, 0, 0, 0, 4, 999, 2;
1, 256, 0, -1, -1, -1, 3, 998, 1;
1, 256, 1, 1, 1, 1, 5, 1000, 3;
1, 256, 0, 0, 0, 0, 4, 999, 2;
1, 256, 0, 0, 0, 0, 5, 1000, 3;
1, 256, 0, 0, 0, 0, 5, 1000, 3;
1, 256, 0, -1, -1, -1, 4, 999, 2;
1, 256, 0, 0, 0, 0, 5, 1000, 3;
1, 256, 0, 1, 1, 1, 5, 1000, 3;
1, 256, 0, -1, -1, -1, 4, 999, 2;
1, 256, 1, 1, 1, 1, 6, 1000, 4;
1, 256, 0, -1, -1, -1, 4, 999, 2;
1, 256, 0, 0, 0, 0, 5, 1000, 3;
1, 256, 0, -1, -1, -1, 3, 998, 1;