3, 299, 16, 11, 420, 11, 13, 1166, 64;
1, 294, 12, 24, 407, -2, 4, 1150, 48;
0, 292, 10, 44, 398, -9, 1, 1140, 39;
3, 293, 11, 74, 399, -6, 12, 1143, 43;
9, 297, 15, 115, 410, 7, 36, 1159, 60;
6, 292, 11, 127, 392, -6, 25, 1140, 43;
11, 295, 14, 165, 399, 5, 46, 1153, 57;
10, 291, 11, 181, 383, -4, 40, 1138, 45;
12, 292, 12, 208, 378, -2, 49, 1139, 47;
17, 294, 15, 244, 382, 8, 69, 1150, 61;
20, 294, 16, 271, 376, 11, 78, 1150, 64;
16, 288, 11, 278, 349, -6, 62, 1125, 43;
15, 285, 9, 295, 333, -12, 61, 1113, 35;
19, 287, 11, 325, 331, -4, 77, 1120, 45;
25, 290, 16, 362, 334, 10, 100, 1134, 64;
25, 288, 15, 379, 318, 6, 100, 1124, 59;
25, 285, 13, 394, 300, 2, 100, 1114, 53;
25, 283, 12, 410, 283, -1, 100, 1104, 48;
25, 280, 11, 424, 264, -6, 99, 1093, 43;
26, 279, 11, 441, 250, -5, 103, 1088, 43;
26, 276, 10, 454, 231, -9, 103, 1078, 39;
31, 278, 14, 482, 228, 3, 123, 1087, 54;
34, 279, 16, 503, 218, 9, 135, 1090, 63;
30, 273, 11, 501, 186, -5, 119, 1064, 44;
33, 273, 13, 521, 176, 2, 131, 1067, 53;
37, 274, 16, 540, 167, 10, 145, 1071, 64;
34, 269, 12, 539, 138, 0, 133, 1051, 50;
34, 267, 12, 545, 117, -2, 133, 1041, 47;
31, 262, 9, 544, 90, -11, 124, 1024, 37;
37, 266, 14, 567, 88, 5, 146, 1037, 57;
34, 261, 11, 562, 59, -4, 135, 1018, 45;
38, 262, 14, 575, 50, 5, 148, 1023, 57;
37, 259, 13, 575, 28, 2, 145, 1013, 54;
37, 258, 14, 577, 10, 3, 147, 1006, 55;
37, 255, 13, 575, -10, 1, 145, 997, 53;
35, 252, 12, 569, -34, -2, 139, 985, 48;
39, 254, 15, 578, -42, 8, 152, 991, 61;
35, 249, 12, 563, -72, -1, 138, 971, 48;
34, 246, 12, 556, -92, -3, 135, 962, 46;
35, 246, 13, 553, -107, 0, 137, 959, 51;
37, 246, 15, 553, -118, 7, 145, 962, 60;
33, 241, 11, 533, -148, -3, 129, 941, 46;
34, 241, 13, 529, -159, 2, 134, 942, 54;
30, 236, 10, 506, -189, -8, 117, 921, 39;
28, 234, 9, 492, -207, -10, 112, 913, 38;
27, 232, 9, 478, -224, -10, 108, 906, 37;
32, 236, 15, 481, -223, 6, 126, 922, 59;
31, 235, 15, 465, -239, 6, 122, 916, 59;
28, 231, 13, 443, -259, 1, 111, 904, 52;
30, 233, 16, 434, -266, 9, 117, 909, 63;
23, 225, 10, 396, -298, -8, 89, 880, 39;
20, 223, 9, 374, -315, -12, 80, 871, 35;
19, 222, 9, 354, -327, -11, 76, 867, 36;
19, 222, 10, 337, -334, -7, 76, 868, 41;
22, 225, 14, 327, -334, 4, 85, 879, 56;
21, 225, 15, 307, -342, 7, 83, 878, 60;
21, 225, 16, 287, -347, 11, 82, 879, 64;
13, 219, 10, 245, -374, -6, 54, 854, 42;
12, 218, 10, 220, -383, -7, 47, 850, 41;
15, 221, 15, 209, -376, 6, 58, 865, 59;
13, 221, 15, 185, -381, 8, 54, 864, 61;
11, 220, 15, 158, -388, 6, 46, 860, 59;
6, 216, 11, 120, -404, -4, 25, 845, 45;
7, 219, 14, 103, -399, 4, 30, 855, 56;
6, 219, 14, 77, -401, 5, 24, 855, 57;
0, 214, 10, 36, -417, -8, 0, 836, 40;
2, 219, 14, 23, -404, 5, 11, 854, 57;
1, 219, 15, -1, -402, 7, 7, 856, 60;
-2, 216, 12, -37, -410, -1, -10, 845, 49;
-5, 216, 11, -66, -411, -3, -20, 843, 46;
-6, 216, 11, -93, -408, -3, -27, 844, 46;
-5, 219, 14, -111, -396, 5, -22, 856, 57;
-6, 221, 16, -133, -387, 9, -24, 863, 62;
-9, 219, 13, -166, -389, 2, -38, 857, 54;
-9, 222, 16, -184, -375, 10, -35, 868, 63;
-17, 216, 9, -230, -389, -10, -67, 845, 37;
-15, 221, 13, -242, -369, 1, -59, 863, 52;
-18, 220, 11, -272, -366, -4, -72, 859, 45;
-18, 222, 12, -293, -353, -1, -74, 866, 49;
-22, 221, 11, -321, -348, -6, -85, 864, 43;
-24, 221, 10, -345, -340, -8, -94, 865, 40;
-25, 223, 10, -365, -326, -6, -97, 872, 42;
-23, 228, 14, -375, -303, 3, -90, 889, 55;
-23, 230, 15, -391, -286, 7, -90, 899, 60;
-30, 226, 9, -428, -291, -10, -117, 882, 37;
-30, 228, 10, -443, -273, -7, -117, 891, 41;
-30, 230, 11, -459, -257, -6, -120, 898, 43;
-32, 230, 10, -478, -245, -9, -128, 900, 39;
-31, 235, 12, -485, -220, -1, -121, 916, 49;
-31, 237, 13, -496, -201, 1, -121, 926, 53;
-29, 241, 16, -501, -176, 9, -115, 942, 62;
-31, 241, 14, -518, -164, 4, -124, 942, 56;
-32, 243, 14, -530, -147, 3, -128, 947, 55;
-37, 240, 10, -551, -141, -8, -146, 939, 39;
-31, 249, 16, -539, -102, 11, -122, 972, 65;
-35, 247, 13, -556, -94, 1, -136, 966, 52;
-37, 247, 11, -567, -81, -4, -145, 966, 45;
-38, 248, 10, -575, -65, -7, -150, 969, 41;
-34, 254, 14, -565, -33, 5, -135, 992, 57;
-38, 252, 11, -578, -24, -5, -149, 985, 44;
-34, 258, 14, -568, 5, 5, -135, 1006, 57;
-36, 258, 13, -571, 20, 1, -141, 1008, 52;
-34, 261, 14, -565, 44, 5, -134, 1021, 58;
-33, 264, 16, -558, 67, 9, -129, 1033, 62;
-39, 260, 9, -573, 67, -9, -152, 1016, 38;
-32, 268, 16, -548, 105, 9, -127, 1047, 62;
-38, 263, 9, -562, 102, -11, -151, 1027, 36;
-32, 270, 14, -537, 137, 5, -128, 1056, 57;
-30, 273, 16, -523, 160, 9, -120, 1068, 62;
-33, 272, 13, -522, 169, 0, -129, 1063, 51;
-30, 275, 14, -505, 191, 5, -120, 1075, 57;
-33, 273, 11, -504, 197, -5, -131, 1068, 43;
-29, 278, 14, -479, 224, 4, -114, 1088, 57;
-31, 277, 11, -473, 231, -4, -122, 1082, 45;
-26, 283, 15, -444, 260, 9, -101, 1104, 62;
-26, 282, 14, -432, 269, 3, -104, 1103, 55;
-24, 285, 15, -411, 287, 6, -95, 1112, 59;
-28, 281, 9, -410, 283, -11, -113, 1096, 37;
-25, 284, 11, -383, 303, -4, -99, 1109, 45;
-23, 286, 12, -360, 318, -1, -90, 1117, 49;
-24, 285, 10, -345, 323, -8, -94, 1113, 40;
-18, 290, 14, -311, 346, 3, -73, 1132, 55;
-18, 289, 12, -293, 351, -1, -73, 1130, 49;
-14, 293, 15, -261, 369, 7, -57, 1144, 60;
-19, 288, 9, -256, 359, -11, -75, 1123, 36;
-15, 291, 11, -224, 374, -4, -60, 1135, 45;
-12, 293, 13, -194, 385, 0, -48, 1144, 51;
-12, 292, 11, -174, 386, -5, -48, 1139, 44;
-6, 297, 15, -134, 405, 8, -25, 1158, 61;
-7, 294, 12, -117, 400, -1, -30, 1148, 49;
-5, 295, 13, -89, 404, 0, -22, 1150, 50;
-5, 294, 11, -66, 403, -3, -20, 1147, 46;
-4, 293, 10, -43, 401, -7, -17, 1143, 41;
2, 298, 15, 0, 417, 8, 7, 1162, 61;
-1, 293, 10, 10, 401, -7, -5, 1143, 41;
2, 295, 13, 45, 408, 0, 11, 1152, 51;
3, 294, 12, 68, 403, -3, 13, 1147, 46;
5, 294, 12, 95, 400, -3, 20, 1146, 47;
8, 295, 14, 128, 403, 3, 35, 1153, 54;
13, 298, 16, 163, 407, 11, 52, 1162, 65;
14, 297, 16, 187, 400, 10, 57, 1158, 64;
14, 294, 14, 206, 387, 3, 55, 1148, 55;
13, 291, 11, 223, 372, -3, 51, 1135, 46;
18, 294, 15, 261, 376, 8, 73, 1148, 61;
17, 290, 12, 275, 358, 0, 67, 1132, 49;
17, 288, 11, 295, 345, -4, 69, 1125, 45;
17, 285, 10, 312, 329, -9, 68, 1114, 39;
20, 285, 11, 338, 321, -6, 78, 1114, 43;
22, 285, 11, 361, 311, -3, 86, 1112, 46;
21, 282, 10, 377, 294, -9, 84, 1101, 39;
23, 281, 10, 397, 282, -7, 91, 1098, 41;
26, 282, 12, 423, 275, 0, 104, 1102, 50;
25, 278, 10, 433, 252, -8, 99, 1086, 40;
27, 278, 11, 453, 240, -5, 107, 1084, 44;
30, 279, 13, 476, 232, 1, 120, 1088, 53;
32, 278, 14, 492, 217, 3, 126, 1084, 55;
31, 274, 12, 499, 194, -2, 121, 1069, 47;
33, 274, 13, 516, 181, 1, 129, 1068, 52;
29, 268, 9, 514, 150, -12, 115, 1045, 35;
34, 270, 13, 538, 146, 2, 136, 1056, 53;
34, 267, 12, 544, 124, -1, 133, 1045, 48;
33, 264, 10, 546, 101, -7, 128, 1031, 42;
36, 265, 13, 561, 91, 1, 141, 1035, 53;
39, 266, 16, 576, 81, 11, 154, 1040, 65;
35, 260, 12, 567, 49, -1, 139, 1016, 48;
33, 256, 9, 562, 22, -9, 130, 999, 38;
35, 256, 11, 569, 9, -3, 137, 1000, 46;
33, 253, 10, 565, -14, -8, 132, 987, 40;
39, 257, 16, 582, -15, 10, 155, 1003, 63;
33, 249, 10, 562, -52, -7, 132, 973, 41;
34, 248, 11, 562, -68, -4, 135, 970, 45;
34, 247, 11, 558, -86, -3, 135, 964, 46;
32, 243, 9, 544, -112, -10, 124, 948, 37;
34, 244, 12, 546, -122, -2, 133, 952, 48;
31, 240, 10, 530, -147, -8, 123, 937, 39;
36, 243, 15, 537, -149, 7, 141, 951, 60;
36, 243, 16, 530, -162, 11, 143, 949, 65;
33, 239, 14, 510, -188, 3, 130, 932, 54;
29, 234, 11, 488, -214, -5, 115, 914, 43;
30, 234, 12, 478, -225, 0, 118, 915, 50;
30, 234, 14, 468, -237, 3, 120, 914, 55;
26, 229, 11, 441, -262, -6, 103, 896, 43;
27, 230, 13, 431, -269, 1, 108, 900, 52;
24, 227, 11, 407, -289, -4, 97, 888, 45;
24, 227, 12, 392, -299, 0, 96, 887, 50;
21, 224, 10, 365, -319, -7, 83, 874, 41;
23, 226, 14, 355, -320, 3, 91, 883, 55;
21, 225, 13, 332, -333, 2, 84, 877, 53;
19, 223, 13, 307, -345, 0, 76, 871, 51;
19, 224, 14, 289, -350, 5, 77, 874, 57;
19, 224, 15, 268, -356, 8, 75, 874, 61;
16, 222, 14, 240, -369, 4, 64, 865, 56;
16, 222, 15, 219, -372, 8, 62, 868, 61;
12, 219, 13, 186, -386, 1, 47, 856, 52;
10, 219, 13, 160, -392, 0, 40, 854, 51;
6, 216, 11, 128, -403, -5, 27, 845, 44;
5, 216, 12, 104, -405, -3, 22, 845, 47;
8, 221, 16, 91, -394, 10, 33, 862, 64;
6, 220, 16, 64, -397, 10, 25, 860, 63;
1, 216, 12, 25, -410, -1, 5, 845, 49;
2, 219, 15, 8, -401, 8, 10, 857, 61;
-3, 215, 11, -33, -415, -6, -14, 839, 43;
-3, 217, 12, -54, -408, 0, -14, 847, 50;
-2, 219, 15, -73, -398, 6, -11, 857, 59;
-4, 220, 15, -98, -393, 8, -16, 860, 61;
-5, 221, 16, -123, -388, 10, -20, 863, 63;
-10, 218, 13, -160, -393, 0, -39, 853, 51;
-13, 217, 10, -192, -394, -6, -54, 847, 42;
-14, 219, 12, -213, -383, -2, -55, 855, 48;
-11, 223, 16, -225, -363, 10, -45, 873, 63;
-19, 218, 10, -269, -373, -8, -75, 852, 40;
-20, 219, 10, -293, -364, -8, -81, 856, 39;
-20, 222, 12, -308, -347, -1, -78, 869, 49;
-22, 223, 12, -333, -338, -3, -85, 871, 47;
-23, 224, 12, -353, -326, -2, -90, 876, 48;
-26, 223, 9, -382, -321, -9, -104, 871, 38;
-28, 224, 10, -402, -308, -9, -109, 876, 39;
-27, 227, 11, -415, -289, -3, -107, 888, 46;
-28, 229, 11, -434, -274, -3, -111, 894, 46;
-27, 233, 14, -443, -252, 3, -106, 909, 55;
-27, 235, 14, -458, -235, 5, -108, 916, 57;
-27, 238, 16, -469, -214, 10, -106, 928, 63;
-28, 239, 15, -484, -199, 9, -111, 933, 62;
-33, 237, 12, -509, -194, -2, -129, 925, 47;
-30, 242, 15, -510, -166, 8, -118, 945, 61;
-36, 238, 10, -538, -165, -8, -142, 930, 40;
-36, 241, 11, -546, -145, -6, -142, 940, 42;
-36, 243, 11, -553, -125, -4, -142, 948, 44;
-39, 242, 9, -567, -113, -11, -152, 947, 36;
-32, 251, 16, -552, -73, 9, -128, 980, 62;
-39, 246, 9, -577, -74, -10, -154, 962, 37;
-37, 250, 11, -575, -49, -4, -147, 977, 44;
-34, 256, 15, -565, -19, 6, -134, 998, 59;
-40, 251, 9, -585, -18, -11, -157, 982, 36;
-34, 259, 15, -567, 19, 6, -134, 1012, 58;
-34, 261, 14, -566, 37, 5, -135, 1018, 57;
-35, 262, 13, -566, 53, 2, -138, 1022, 54;
-33, 265, 15, -556, 79, 8, -129, 1037, 62;
-39, 261, 9, -571, 77, -11, -153, 1018, 36;
-32, 269, 16, -543, 117, 9, -125, 1052, 63;
-31, 271, 16, -535, 136, 9, -123, 1059, 63;
-36, 268, 11, -542, 139, -5, -140, 1046, 43;
-33, 271, 13, -526, 162, 0, -131, 1060, 50;
-33, 272, 12, -518, 177, -3, -132, 1063, 46;
-34, 273, 10, -509, 190, -7, -133, 1064, 42;
-31, 276, 12, -491, 211, -2, -124, 1077, 48;
-31, 276, 11, -479, 225, -5, -124, 1079, 44;
-28, 280, 14, -455, 249, 3, -110, 1095, 54;
-29, 280, 12, -445, 258, -3, -113, 1093, 47;
-24, 285, 15, -415, 284, 8, -94, 1113, 61;
-27, 282, 11, -411, 284, -5, -107, 1101, 44;
-22, 287, 14, -381, 308, 5, -89, 1119, 57;
-23, 286, 12, -367, 314, -1, -92, 1116, 49;
-25, 283, 9, -356, 315, -12, -100, 1107, 35;
-24, 285, 9, -334, 327, -11, -95, 1111, 36;
-22, 286, 9, -310, 338, -10, -87, 1117, 37;
-19, 288, 10, -283, 352, -7, -77, 1125, 42;
-13, 294, 15, -244, 375, 7, -53, 1147, 60;
-17, 289, 10, -237, 366, -9, -68, 1128, 39;
-16, 289, 9, -213, 372, -10, -64, 1129, 37;
-8, 296, 15, -169, 397, 7, -34, 1155, 60;
-8, 295, 13, -148, 397, 2, -34, 1150, 54;
-5, 297, 15, -116, 408, 8, -20, 1160, 62;
-7, 293, 11, -103, 398, -5, -30, 1144, 44;
-2, 296, 14, -66, 411, 4, -11, 1157, 57;
-3, 294, 12, -47, 406, -2, -13, 1149, 48;
0, 297, 15, -11, 415, 6, 3, 1160, 58;
3, 298, 16, 19, 420, 10, 15, 1165, 64;
2, 295, 13, 36, 409, 0, 9, 1152, 51;
2, 293, 11, 57, 402, -5, 8, 1145, 44;
5, 294, 12, 89, 404, 0, 21, 1150, 50;
5, 292, 11, 110, 395, -5, 21, 1142, 43;
5, 291, 9, 132, 386, -10, 22, 1135, 38;
11, 295, 14, 172, 395, 3, 46, 1150, 55;
9, 290, 10, 184, 376, -9, 36, 1131, 39;
15, 294, 14, 224, 383, 4, 60, 1147, 57;
17, 293, 14, 249, 376, 5, 67, 1145, 58;
14, 288, 10, 260, 354, -7, 56, 1125, 41;
21, 293, 15, 301, 361, 9, 83, 1142, 62;
23, 292, 16, 326, 354, 11, 92, 1142, 65;
20, 286, 11, 332, 327, -4, 78, 1118, 45;
26, 290, 16, 370, 331, 11, 103, 1133, 65;
25, 287, 14, 383, 311, 4, 99, 1119, 56;
22, 281, 10, 389, 285, -9, 87, 1098, 39;
27, 283, 13, 419, 281, 1, 105, 1106, 52;
28, 282, 13, 437, 267, 0, 109, 1100, 52;
29, 281, 14, 456, 254, 3, 116, 1097, 54;
31, 280, 15, 475, 241, 6, 124, 1095, 58;
27, 274, 9, 473, 208, -10, 107, 1068, 37;
30, 274, 11, 494, 198, -4, 118, 1070, 45;
33, 274, 13, 512, 187, 1, 128, 1071, 52;
31, 270, 11, 516, 162, -5, 122, 1055, 43;
31, 268, 10, 525, 142, -8, 122, 1045, 40;
32, 267, 11, 537, 127, -5, 127, 1042, 43;
32, 264, 10, 543, 106, -7, 127, 1033, 41;
39, 269, 16, 569, 107, 11, 153, 1050, 65;
38, 266, 15, 570, 83, 7, 148, 1037, 59;
34, 260, 11, 562, 52, -5, 134, 1014, 44;
37, 260, 13, 573, 40, 1, 144, 1016, 53;
37, 259, 13, 575, 21, 2, 145, 1010, 53;
37, 257, 14, 577, 3, 3, 147, 1004, 55;
37, 255, 14, 577, -15, 4, 147, 998, 56;
32, 249, 9, 560, -49, -10, 128, 972, 37;
37, 252, 14, 572, -52, 4, 147, 984, 56;
38, 251, 15, 572, -68, 8, 150, 982, 61;
37, 249, 14, 563, -90, 5, 145, 971, 57;
31, 242, 9, 540, -124, -9, 124, 944, 38;
34, 243, 13, 543, -132, 0, 135, 950, 51;
33, 241, 12, 530, -153, -2, 129, 940, 47;
30, 237, 9, 513, -178, -9, 117, 924, 38;
29, 235, 9, 501, -196, -9, 114, 918, 38;
31, 236, 12, 497, -204, -1, 122, 922, 49;
33, 237, 15, 491, -212, 7, 129, 927, 60;
28, 232, 11, 465, -239, -4, 111, 906, 45;
27, 231, 11, 449, -255, -4, 107, 900, 45;
31, 234, 16, 448, -254, 11, 123, 915, 65;
24, 227, 10, 410, -288, -7, 94, 885, 41;
26, 229, 14, 402, -290, 3, 103, 894, 55;
24, 227, 13, 381, -305, 1, 96, 887, 53;
20, 223, 10, 351, -327, -7, 80, 871, 42;
20, 224, 12, 335, -333, -1, 81, 874, 48;
20, 224, 13, 316, -340, 1, 80, 874, 52;
15, 219, 9, 281, -363, -10, 59, 854, 37;
14, 219, 10, 259, -370, -8, 56, 854, 40;
18, 224, 16, 254, -360, 10, 73, 874, 63;
13, 219, 12, 218, -379, -1, 52, 857, 49;
12, 219, 12, 193, -386, 0, 47, 855, 49;
10, 218, 12, 168, -392, 0, 41, 853, 50;
7, 217, 11, 138, -401, -4, 30, 846, 45;
8, 218, 13, 118, -398, 2, 32, 853, 54;
2, 214, 10, 80, -414, -9, 10, 837, 39;
2, 216, 11, 59, -410, -3, 11, 843, 46;
6, 220, 16, 47, -397, 11, 23, 861, 65;
0, 217, 13, 9, -409, 0, 2, 847, 51;
-3, 215, 11, -24, -416, -6, -12, 839, 42;
0, 219, 15, -37, -401, 7, -2, 856, 59;
-2, 219, 15, -65, -400, 6, -10, 856, 58;
-5, 218, 13, -97, -402, 1, -22, 851, 52;
-4, 221, 16, -114, -389, 10, -18, 863, 63;
-5, 222, 16, -139, -383, 11, -23, 867, 65;
-8, 221, 15, -168, -381, 8, -33, 865, 61;
-15, 217, 10, -210, -390, -7, -59, 847, 41;
-10, 224, 16, -216, -364, 11, -42, 873, 65;
-17, 219, 11, -256, -372, -4, -67, 857, 45;
-21, 218, 9, -288, -371, -12, -83, 850, 35;
-22, 219, 10, -309, -358, -9, -86, 857, 39;
-23, 221, 10, -330, -346, -7, -89, 863, 41;
-18, 228, 16, -333, -316, 10, -72, 891, 64;
-23, 226, 12, -366, -316, 0, -91, 881, 50;
-23, 228, 13, -384, -301, 2, -93, 889, 53;
-22, 232, 16, -394, -279, 10, -87, 905, 64;
-23, 233, 16, -413, -264, 11, -91, 911, 64;
-27, 232, 13, -439, -259, 2, -107, 905, 53;
-28, 233, 13, -457, -244, 1, -112, 909, 52;
-26, 237, 16, -463, -219, 11, -104, 927, 64;
-28, 238, 15, -482, -207, 7, -112, 928, 59;
-32, 237, 12, -503, -198, -1, -126, 924, 49;
-35, 236, 9, -524, -190, -9, -140, 920, 38;
-36, 238, 10, -534, -171, -8, -141, 928, 40;
-31, 245, 16, -527, -135, 9, -121, 957, 62;
-35, 243, 12, -548, -129, -2, -138, 949, 47;
-36, 244, 11, -558, -113, -5, -144, 953, 44;
-38, 245, 10, -567, -97, -7, -149, 956, 41;
-34, 251, 14, -560, -65, 4, -134, 979, 56;
-38, 248, 10, -577, -59, -8, -151, 970, 40;
-33, 256, 15, -563, -23, 8, -131, 998, 61;
-38, 252, 10, -580, -19, -7, -151, 986, 42;
-35, 258, 14, -568, 11, 4, -136, 1008, 56;
-38, 256, 10, -580, 18, -7, -151, 1000, 41;
-39, 257, 9, -580, 34, -10, -154, 1003, 37;
-38, 259, 10, -574, 56, -8, -151, 1013, 40;
-33, 267, 15, -553, 91, 8, -129, 1041, 61;
-38, 263, 10, -564, 92, -9, -149, 1026, 39;
-31, 271, 16, -536, 132, 11, -121, 1059, 65;
-33, 270, 13, -538, 140, 1, -132, 1053, 52;
-35, 269, 11, -534, 152, -4, -137, 1052, 45;
-34, 271, 11, -523, 169, -4, -134, 1059, 45;
-31, 275, 14, -503, 195, 3, -121, 1076, 55;
-33, 274, 11, -499, 202, -5, -129, 1070, 43;
-29, 278, 14, -476, 228, 3, -115, 1088, 55;
-30, 278, 12, -466, 238, -2, -118, 1086, 47;
-30, 279, 11, -452, 251, -4, -117, 1089, 45;
-29, 280, 11, -436, 264, -6, -114, 1093, 43;
-28, 281, 10, -419, 277, -7, -111, 1097, 41;
-21, 288, 16, -381, 309, 11, -83, 1125, 64;
-27, 282, 9, -383, 300, -11, -106, 1102, 36;
-22, 286, 12, -353, 322, -1, -89, 1118, 48;
-23, 286, 10, -337, 327, -7, -91, 1115, 41;
-21, 287, 10, -314, 339, -6, -85, 1120, 42;
-19, 289, 11, -288, 351, -4, -76, 1127, 45;
-20, 287, 9, -272, 353, -11, -79, 1121, 36;
-12, 294, 15, -228, 380, 7, -49, 1148, 59;
-12, 293, 14, -207, 384, 3, -48, 1146, 55;
-14, 290, 10, -195, 378, -9, -58, 1132, 39;
-10, 293, 12, -161, 392, -1, -41, 1145, 49;
-10, 292, 11, -139, 393, -5, -39, 1142, 44;
-5, 296, 14, -103, 406, 4, -21, 1155, 55;
-7, 292, 10, -88, 398, -7, -29, 1141, 41;
0, 298, 16, -43, 418, 10, 0, 1165, 63;
-1, 295, 13, -26, 410, 1, -5, 1154, 52;
0, 295, 13, 0, 410, 0, 0, 1153, 51;
3, 297, 14, 32, 414, 5, 13, 1159, 57;
7, 299, 16, 65, 419, 11, 28, 1167, 65;
6, 296, 14, 84, 409, 3, 24, 1155, 55;
10, 298, 16, 117, 412, 10, 39, 1162, 63;
7, 293, 12, 131, 396, -2, 30, 1146, 48;
11, 295, 14, 163, 396, 3, 43, 1150, 54;
14, 296, 16, 195, 397, 9, 58, 1156, 62;
14, 293, 13, 214, 383, 2, 56, 1145, 54;
18, 295, 16, 247, 385, 11, 73, 1153, 65;
15, 289, 11, 256, 360, -4, 59, 1130, 45;
17, 289, 12, 281, 353, -2, 67, 1129, 47;
23, 292, 16, 318, 356, 10, 89, 1142, 64;
17, 285, 9, 319, 324, -10, 68, 1111, 37;
20, 285, 11, 346, 318, -5, 80, 1113, 44;
27, 289, 16, 383, 322, 10, 105, 1129, 63;
23, 283, 11, 387, 293, -5, 90, 1104, 43;
29, 286, 16, 421, 294, 9, 114, 1118, 63;
30, 285, 16, 440, 281, 10, 120, 1114, 64;
29, 281, 13, 450, 258, 2, 114, 1098, 53;
27, 277, 11, 458, 235, -5, 108, 1083, 44;
30, 277, 12, 478, 223, -1, 117, 1082, 49;
29, 274, 10, 487, 201, -6, 114, 1069, 42;
35, 277, 16, 516, 201, 9, 137, 1083, 62;
31, 271, 11, 515, 170, -3, 124, 1060, 46;
35, 273, 15, 536, 162, 6, 139, 1066, 58;
36, 272, 15, 547, 146, 7, 144, 1061, 60;
34, 267, 12, 548, 120, 0, 136, 1044, 50;
33, 263, 10, 548, 95, -6, 129, 1029, 42;
36, 264, 13, 563, 84, 1, 141, 1033, 53;
39, 266, 16, 578, 75, 11, 155, 1038, 65;
32, 257, 9, 558, 33, -11, 127, 1002, 36;
32, 255, 9, 561, 14, -11, 128, 995, 37;
33, 254, 10, 564, -2, -9, 131, 990, 39;
34, 253, 11, 568, -17, -5, 136, 988, 44;
33, 250, 10, 562, -41, -9, 130, 976, 39;
34, 249, 11, 564, -56, -4, 135, 974, 45;
35, 249, 12, 563, -72, -1, 138, 971, 48;
37, 249, 14, 565, -83, 5, 146, 973, 57;
35, 245, 12, 553, -108, 0, 137, 959, 50;
34, 244, 13, 546, -126, 0, 136, 953, 51;
32, 241, 11, 532, -148, -3, 128, 941, 46;
32, 240, 12, 524, -165, -2, 128, 936, 48;
30, 236, 10, 507, -188, -8, 118, 922, 40;
33, 238, 14, 507, -193, 4, 130, 931, 56;
31, 236, 13, 491, -212, 1, 124, 922, 53;
26, 230, 9, 463, -241, -11, 103, 899, 36;
30, 233, 13, 461, -243, 2, 117, 911, 54;
26, 229, 11, 436, -266, -5, 103, 895, 44;
28, 231, 14, 427, -272, 3, 110, 901, 55;
25, 228, 12, 405, -290, 0, 100, 891, 50;
28, 230, 16, 396, -292, 10, 109, 900, 64;
25, 228, 15, 373, -308, 7, 100, 891, 60;
25, 228, 16, 354, -317, 10, 98, 890, 63;
22, 225, 14, 327, -333, 5, 86, 879, 57;
21, 225, 15, 308, -341, 8, 84, 879, 61;
18, 223, 14, 280, -355, 4, 73, 871, 56;
17, 222, 14, 255, -365, 2, 66, 866, 54;
12, 218, 11, 222, -381, -5, 50, 853, 44;
9, 216, 9, 191, -394, -10, 36, 843, 37;
11, 218, 12, 176, -390, 0, 43, 853, 50;
10, 219, 13, 153, -393, 1, 39, 854, 53;
9, 220, 14, 131, -394, 5, 38, 858, 58;
5, 216, 12, 95, -406, -2, 21, 845, 47;
7, 219, 15, 79, -399, 7, 27, 857, 60;
1, 215, 11, 40, -412, -4, 5, 842, 45;
0, 215, 10, 11, -416, -6, -3, 838, 42;
0, 216, 12, -10, -411, -1, -3, 845, 49;
-3, 216, 12, -38, -411, -2, -11, 844, 48;
-2, 219, 14, -57, -402, 5, -9, 854, 57;
-3, 219, 15, -83, -398, 6, -14, 857, 59;
-4, 220, 15, -107, -392, 8, -18, 861, 61;
-9, 218, 12, -142, -397, 0, -35, 851, 50;
-7, 222, 16, -158, -381, 10, -29, 866, 63;
-10, 221, 15, -187, -378, 6, -40, 864, 59;
-16, 217, 10, -227, -386, -8, -64, 848, 40;
-18, 218, 10, -252, -379, -8, -71, 850, 40;
-16, 222, 14, -264, -358, 3, -62, 869, 55;
-15, 226, 16, -281, -342, 10, -59, 881, 64;
-23, 220, 9, -326, -353, -11, -92, 858, 36;
-22, 223, 11, -341, -335, -3, -88, 871, 46;
-23, 224, 12, -361, -322, -2, -92, 877, 47;
-26, 224, 10, -386, -314, -6, -102, 876, 42;
-22, 230, 15, -391, -286, 7, -89, 899, 60;
-25, 230, 14, -415, -277, 2, -100, 898, 54;
-30, 228, 10, -444, -274, -8, -118, 890, 40;
-29, 231, 12, -455, -253, -2, -115, 903, 48;
-32, 231, 10, -476, -242, -6, -124, 903, 42;
-27, 238, 16, -475, -210, 9, -108, 929, 62;
-30, 238, 14, -494, -198, 4, -118, 929, 56;
-31, 240, 14, -506, -181, 4, -121, 936, 56;
-31, 241, 14, -517, -163, 4, -123, 943, 57;
-36, 239, 10, -540, -157, -6, -141, 935, 42;
-31, 246, 15, -534, -124, 8, -124, 961, 61;
-32, 247, 15, -543, -106, 7, -127, 966, 60;
-32, 250, 16, -548, -86, 9, -127, 975, 62;
-36, 248, 12, -566, -79, -2, -143, 967, 47;
-35, 251, 13, -565, -55, 2, -138, 981, 53;
-35, 253, 13, -568, -36, 2, -139, 988, 53;
-36, 255, 13, -571, -17, 1, -140, 994, 53;
-39, 253, 9, -583, -9, -9, -154, 987, 38;
-33, 261, 16, -562, 30, 10, -128, 1020, 64;
-33, 263, 16, -560, 49, 10, -129, 1027, 64;
-32, 265, 16, -556, 69, 11, -127, 1035, 65;
-38, 260, 10, -572, 68, -8, -151, 1017, 40;
-36, 264, 11, -561, 92, -3, -143, 1031, 46;
-35, 266, 12, -553, 112, -2, -139, 1039, 48;
-34, 269, 13, -541, 133, 1, -133, 1050, 52;
-37, 266, 9, -545, 138, -12, -147, 1041, 35;
-33, 272, 13, -522, 169, 0, -129, 1063, 52;
-34, 272, 11, -516, 180, -5, -133, 1062, 44;
-33, 274, 11, -504, 197, -5, -131, 1068, 43;
-31, 276, 12, -487, 216, -2, -124, 1078, 47;
-29, 279, 13, -466, 238, 2, -113, 1091, 54;
-29, 280, 12, -454, 249, -1, -114, 1092, 49;
-29, 280, 11, -440, 261, -4, -113, 1093, 45;
-23, 286, 16, -408, 290, 10, -91, 1117, 63;
-26, 283, 12, -402, 291, -3, -103, 1105, 46;
-23, 286, 13, -377, 309, 1, -92, 1117, 53;
-22, 287, 13, -356, 321, 2, -86, 1121, 53;
-20, 288, 13, -335, 333, 1, -81, 1125, 53;
-21, 288, 12, -318, 339, -3, -82, 1123, 47;
-18, 290, 13, -291, 353, 0, -72, 1132, 51;
-18, 289, 11, -273, 356, -5, -73, 1128, 44;
-16, 290, 11, -247, 367, -3, -65, 1133, 46;
-13, 293, 13, -216, 381, 2, -51, 1144, 54;
-12, 293, 12, -194, 385, 0, -48, 1143, 50;
-9, 295, 14, -164, 396, 4, -36, 1151, 56;
-6, 296, 15, -135, 404, 7, -25, 1157, 60;
-6, 296, 14, -112, 405, 3, -24, 1154, 55;
-3, 297, 15, -82, 412, 7, -13, 1159, 59;
-6, 292, 10, -71, 399, -8, -25, 1141, 40;
-4, 293, 10, -42, 402, -6, -17, 1144, 42;
1, 298, 15, -1, 417, 7, 7, 1162, 60;
-1, 293, 10, 10, 402, -7, -4, 1143, 42;
2, 295, 12, 43, 407, -1, 9, 1150, 49;
7, 298, 15, 80, 415, 8, 29, 1162, 62;
2, 291, 9, 86, 392, -11, 9, 1136, 36;
11, 298, 16, 136, 410, 10, 44, 1162, 64;
13, 298, 16, 163, 407, 11, 52, 1162, 65;
12, 295, 14, 181, 394, 4, 49, 1150, 56;
9, 289, 9, 192, 373, -10, 37, 1130, 38;
11, 289, 10, 219, 367, -8, 46, 1130, 40;
19, 295, 16, 264, 379, 11, 77, 1151, 65;
13, 286, 9, 264, 347, -11, 53, 1119, 36;
22, 292, 16, 309, 358, 9, 86, 1142, 62;
21, 289, 13, 324, 341, 2, 83, 1129, 53;
22, 288, 13, 345, 328, 0, 86, 1123, 52;
19, 282, 9, 353, 303, -12, 75, 1102, 35;
28, 289, 16, 397, 314, 11, 110, 1127, 65;
25, 283, 12, 404, 289, 0, 99, 1107, 50;
23, 279, 9, 414, 265, -10, 92, 1090, 38;
28, 282, 13, 444, 263, 2, 112, 1100, 53;
31, 281, 14, 464, 251, 5, 121, 1098, 58;
33, 281, 16, 484, 239, 9, 129, 1097, 62;
33, 279, 15, 497, 222, 8, 132, 1090, 61;
29, 272, 10, 495, 189, -7, 115, 1064, 41;
31, 272, 11, 511, 176, -3, 123, 1062, 46;
34, 272, 13, 528, 164, 1, 133, 1062, 52;
34, 270, 13, 538, 146, 2, 135, 1056, 53;
32, 266, 10, 538, 119, -7, 126, 1038, 41;
35, 266, 12, 553, 107, 0, 137, 1040, 50;
34, 263, 11, 555, 85, -4, 133, 1028, 45;
37, 264, 14, 569, 74, 4, 146, 1031, 56;
39, 264, 16, 578, 60, 9, 153, 1030, 62;
37, 260, 14, 575, 35, 3, 147, 1016, 55;
34, 255, 11, 567, 7, -5, 135, 997, 44;
40, 259, 16, 585, 4, 11, 156, 1011, 65;
36, 253, 13, 572, -25, 0, 142, 990, 50;
38, 254, 15, 577, -37, 7, 150, 992, 59;
39, 253, 15, 575, -55, 9, 152, 987, 62;
36, 248, 13, 562, -82, 0, 140, 969, 51;
38, 249, 16, 565, -92, 9, 150, 973, 62;
32, 242, 10, 539, -129, -8, 125, 944, 40;
34, 243, 13, 539, -138, 0, 134, 948, 50;
35, 242, 14, 534, -152, 4, 137, 946, 56;
31, 238, 11, 513, -179, -5, 122, 928, 44;
30, 235, 10, 500, -198, -6, 117, 919, 42;
32, 237, 14, 497, -205, 3, 127, 926, 55;
31, 236, 14, 483, -220, 4, 124, 921, 56;
31, 235, 14, 469, -235, 5, 122, 917, 58;
27, 230, 11, 442, -261, -4, 105, 898, 44;
25, 228, 10, 423, -277, -6, 98, 890, 42;
24, 227, 11, 406, -290, -5, 95, 886, 43;
27, 230, 15, 399, -291, 6, 106, 897, 59;
25, 228, 15, 379, -304, 6, 101, 892, 59;
19, 222, 9, 341, -334, -10, 74, 866, 38;
22, 225, 14, 333, -331, 3, 86, 879, 55;
23, 226, 16, 318, -335, 10, 90, 884, 64;
19, 224, 14, 289, -350, 5, 77, 874, 58;
19, 224, 15, 269, -356, 8, 75, 874, 61;
18, 224, 16, 246, -363, 10, 71, 873, 64;
14, 220, 13, 213, -378, 2, 55, 860, 54;
15, 222, 16, 195, -377, 9, 58, 867, 63;
13, 221, 16, 169, -383, 9, 52, 865, 63;
10, 220, 14, 139, -393, 5, 40, 858, 57;
6, 217, 12, 105, -404, -1, 24, 847, 48;
5, 218, 13, 82, -403, 2, 22, 851, 53;
0, 214, 10, 46, -415, -7, 3, 838, 41;
-1, 213, 9, 16, -420, -10, -6, 833, 37;
-3, 213, 9, -12, -422, -12, -15, 831, 35;
1, 220, 16, -16, -398, 10, 6, 860, 64;
-1, 219, 15, -46, -401, 7, -4, 856, 59;
-1, 220, 16, -70, -395, 10, -7, 861, 63;
-9, 215, 10, -115, -410, -7, -36, 840, 41;
-5, 221, 15, -125, -389, 8, -22, 862, 61;
-8, 220, 15, -153, -387, 6, -32, 860, 58;
-12, 218, 12, -189, -390, -3, -50, 851, 46;
-14, 219, 12, -214, -383, -2, -56, 854, 47;
-14, 221, 13, -233, -370, 2, -55, 864, 54;
-15, 222, 14, -257, -361, 3, -60, 867, 54;
-21, 219, 9, -294, -366, -10, -83, 854, 38;
-20, 222, 12, -309, -347, -1, -78, 868, 48;
-18, 226, 15, -322, -327, 7, -72, 884, 60;
-24, 223, 11, -358, -330, -6, -95, 871, 43;
-22, 227, 14, -368, -307, 3, -87, 888, 55;
-24, 228, 13, -390, -296, 2, -94, 891, 53;
-28, 226, 10, -418, -291, -6, -110, 885, 42;
-31, 226, 9, -442, -283, -12, -122, 883, 36;
-32, 228, 9, -459, -268, -12, -126, 889, 35;
-26, 236, 16, -454, -231, 9, -103, 921, 62;
-28, 236, 14, -474, -219, 5, -112, 922, 57;
-33, 234, 10, -501, -216, -7, -132, 912, 41;
-28, 241, 16, -495, -180, 11, -112, 942, 64;
-31, 241, 14, -513, -168, 5, -122, 942, 58;
-33, 241, 13, -528, -155, 1, -130, 943, 52;
-32, 244, 14, -534, -133, 5, -127, 954, 57;
-32, 247, 15, -540, -112, 8, -126, 965, 61;
-38, 243, 9, -566, -112, -10, -151, 948, 37;
-35, 248, 13, -561, -82, 0, -138, 969, 51;
-32, 254, 16, -555, -52, 11, -126, 990, 65;
-37, 251, 11, -573, -48, -3, -146, 978, 46;
-36, 253, 12, -573, -26, 0, -142, 989, 50;
-39, 253, 10, -581, -14, -7, -152, 988, 41;
-38, 255, 10, -580, 5, -7, -151, 995, 41;
-32, 263, 16, -560, 43, 11, -128, 1026, 65;
-39, 258, 9, -579, 41, -10, -154, 1006, 38;
-39, 259, 9, -575, 59, -10, -153, 1012, 37;
-34, 266, 14, -556, 93, 3, -134, 1037, 55;
-38, 263, 9, -564, 97, -11, -151, 1026, 37;
-33, 269, 13, -543, 129, 2, -132, 1050, 54;
-33, 271, 14, -532, 148, 3, -128, 1058, 55;
-33, 271, 12, -527, 161, -1, -132, 1059, 49;
-31, 275, 14, -509, 185, 5, -121, 1074, 57;
-32, 275, 13, -502, 197, 0, -125, 1073, 50;
-32, 275, 11, -494, 208, -5, -128, 1073, 44;
-33, 275, 9, -484, 220, -9, -130, 1073, 38;
-29, 279, 12, -459, 245, 0, -114, 1091, 50;
-26, 283, 15, -435, 267, 6, -101, 1105, 59;
-29, 280, 10, -431, 268, -7, -114, 1093, 41;
-22, 287, 16, -395, 299, 10, -88, 1120, 63;
-27, 282, 9, -396, 292, -10, -109, 1100, 37;
-22, 287, 14, -362, 319, 3, -86, 1121, 55;
-22, 287, 13, -344, 327, 0, -85, 1122, 50;
-17, 291, 15, -314, 347, 8, -69, 1136, 61;
-15, 293, 16, -288, 360, 10, -61, 1143, 64;
-16, 291, 14, -273, 362, 3, -64, 1138, 55;
-16, 291, 12, -253, 366, -1, -64, 1135, 49;
-15, 291, 12, -230, 373, -2, -60, 1136, 47;
-13, 292, 12, -205, 380, -2, -53, 1139, 47;
-13, 291, 10, -184, 382, -7, -52, 1136, 42;
-11, 292, 11, -157, 389, -6, -45, 1139, 43;
-4, 298, 16, -114, 411, 11, -17, 1162, 64;
-3, 297, 15, -90, 411, 7, -14, 1160, 60;
-4, 295, 13, -70, 407, 0, -16, 1152, 52;
-1, 296, 14, -40, 413, 4, -5, 1158, 56;
-1, 295, 12, -19, 407, -1, -6, 1150, 48;
3, 298, 16, 19, 420, 10, 15, 1165, 63;
0, 293, 10, 28, 401, -7, 0, 1143, 41;
0, 291, 9, 51, 395, -11, 1, 1137, 36;
6, 296, 14, 93, 408, 3, 26, 1155, 55;
10, 298, 16, 126, 411, 10, 41, 1162, 63;
8, 293, 12, 140, 394, -2, 32, 1144, 47;
9, 292, 11, 163, 386, -5, 35, 1139, 44;
14, 294, 14, 199, 390, 5, 54, 1150, 57;
14, 292, 13, 220, 379, 0, 55, 1142, 51;
18, 294, 15, 252, 378, 8, 70, 1148, 61;
14, 288, 10, 259, 352, -9, 55, 1123, 39;
19, 291, 14, 295, 356, 3, 76, 1135, 55;
21, 290, 14, 318, 345, 3, 82, 1131, 54;
18, 285, 10, 328, 323, -8, 73, 1113, 40;
26, 290, 16, 370, 331, 11, 103, 1133, 65;
26, 288, 15, 386, 314, 7, 103, 1123, 60;
25, 284, 12, 398, 293, 0, 98, 1108, 50;
29, 285, 15, 426, 289, 8, 114, 1115, 61;
26, 280, 12, 433, 262, -3, 104, 1095, 46;
32, 283, 16, 464, 261, 10, 126, 1107, 64;
32, 281, 16, 478, 245, 9, 128, 1099, 62;
30, 276, 12, 482, 217, -1, 118, 1079, 48;
30, 274, 11, 492, 197, -5, 117, 1068, 44;
34, 275, 14, 516, 191, 5, 133, 1075, 57;
30, 269, 10, 514, 159, -8, 119, 1052, 40;
31, 268, 10, 526, 143, -6, 124, 1047, 42;
33, 267, 11, 539, 128, -3, 130, 1044, 46;
31, 264, 9, 540, 104, -10, 124, 1030, 38;
34, 264, 11, 553, 91, -4, 133, 1029, 45;
33, 260, 10, 554, 67, -8, 129, 1017, 40;
38, 263, 14, 573, 63, 5, 148, 1028, 58;
36, 260, 13, 572, 39, 0, 143, 1015, 52;
37, 258, 13, 575, 21, 2, 145, 1009, 53;
35, 255, 12, 570, -3, -3, 138, 996, 46;
37, 255, 13, 575, -17, 2, 145, 995, 53;
38, 255, 15, 578, -30, 7, 151, 995, 60;
38, 252, 14, 573, -51, 5, 148, 985, 58;
36, 249, 13, 563, -76, 0, 140, 971, 51;
37, 249, 14, 563, -89, 5, 146, 971, 58;
38, 249, 16, 562, -103, 11, 150, 971, 64;
32, 241, 10, 534, -140, -8, 124, 940, 40;
34, 242, 13, 534, -149, 1, 134, 945, 52;
30, 237, 10, 514, -177, -8, 119, 926, 40;
32, 238, 12, 509, -187, -1, 125, 928, 48;
32, 237, 13, 499, -201, 1, 125, 926, 52;
32, 237, 15, 491, -213, 6, 128, 926, 59;
27, 231, 10, 461, -243, -8, 106, 901, 40;
32, 235, 16, 463, -241, 10, 125, 918, 63;
28, 231, 13, 438, -264, 1, 110, 903, 53;
29, 232, 15, 427, -271, 9, 115, 906, 62;
28, 231, 16, 408, -284, 9, 111, 902, 62;
24, 227, 13, 381, -305, 2, 97, 887, 53;
24, 227, 14, 364, -314, 5, 95, 887, 57;
18, 221, 10, 328, -340, -8, 72, 865, 39;
18, 221, 11, 309, -347, -5, 71, 865, 44;
20, 224, 14, 296, -348, 4, 78, 873, 56;
14, 219, 10, 260, -370, -8, 56, 854, 40;
13, 219, 11, 238, -376, -5, 53, 854, 43;
10, 216, 9, 209, -389, -10, 41, 845, 38;
12, 219, 13, 194, -385, 0, 48, 856, 51;
7, 215, 9, 158, -401, -9, 29, 841, 38;
9, 219, 13, 145, -394, 2, 38, 855, 54;
9, 220, 15, 123, -394, 6, 37, 858, 59;
3, 215, 10, 82, -412, -7, 12, 839, 41;
4, 218, 13, 65, -405, 2, 18, 850, 53;
1, 216, 12, 34, -410, -1, 6, 844, 48;
-2, 214, 10, 0, -419, -9, -9, 835, 39;
0, 218, 13, -15, -406, 2, -1, 850, 54;
0, 221, 16, -33, -396, 11, 3, 862, 65;
-1, 220, 16, -61, -396, 10, -4, 861, 64;
-6, 217, 12, -99, -404, -1, -25, 847, 49;
-8, 217, 12, -128, -402, -2, -34, 847, 47;
-8, 219, 14, -148, -392, 3, -33, 856, 54;
-13, 216, 10, -184, -396, -7, -53, 845, 42;
-11, 221, 14, -198, -379, 4, -45, 862, 56;
-16, 218, 11, -232, -380, -4, -62, 853, 45;
-19, 217, 9, -263, -379, -11, -77, 848, 36;
-18, 221, 12, -278, -360, -1, -70, 863, 48;
-22, 219, 9, -311, -361, -12, -89, 854, 35;
-22, 222, 11, -328, -344, -5, -87, 866, 44;
-20, 226, 14, -341, -324, 3, -81, 881, 55;
-23, 226, 13, -364, -314, 0, -89, 883, 52;
-27, 224, 9, -396, -313, -10, -108, 874, 38;
-28, 225, 10, -415, -299, -9, -112, 880, 39;
-24, 232, 15, -416, -268, 7, -96, 906, 60;
-30, 228, 10, -449, -268, -7, -119, 892, 41;
-26, 236, 16, -448, -236, 10, -101, 920, 63;
-28, 236, 14, -469, -225, 5, -111, 920, 57;
-34, 232, 10, -498, -223, -9, -133, 908, 39;
-28, 240, 16, -492, -187, 10, -112, 939, 63;
-30, 241, 15, -509, -174, 6, -120, 940, 58;
-32, 242, 14, -522, -158, 4, -125, 944, 56;
-36, 240, 11, -543, -151, -6, -141, 938, 43;
-32, 246, 14, -539, -120, 5, -128, 959, 58;
-33, 248, 15, -546, -101, 6, -129, 968, 59;
-38, 245, 10, -568, -97, -8, -149, 956, 40;
-38, 247, 10, -573, -78, -7, -150, 963, 41;
-35, 252, 13, -566, -48, 2, -138, 984, 54;
-32, 257, 16, -560, -20, 11, -127, 1002, 65;
-39, 251, 9, -583, -22, -10, -155, 982, 38;
-35, 257, 14, -570, 9, 2, -139, 1006, 54;
-34, 260, 14, -566, 31, 5, -134, 1017, 58;
-35, 261, 13, -568, 46, 1, -140, 1018, 52;
-35, 262, 13, -565, 65, 1, -139, 1025, 52;
-33, 266, 15, -555, 89, 6, -132, 1038, 58;
-34, 267, 14, -552, 104, 3, -134, 1041, 54;
-36, 266, 12, -551, 117, -3, -140, 1040, 46;
-33, 271, 14, -535, 143, 4, -128, 1057, 56;
-35, 270, 11, -533, 152, -3, -136, 1053, 46;
-33, 272, 12, -521, 172, -1, -131, 1062, 48;
-34, 272, 10, -515, 183, -8, -136, 1061, 40;
-31, 276, 12, -495, 207, -1, -124, 1076, 49;
-32, 275, 10, -486, 217, -7, -128, 1074, 41;
-32, 276, 10, -472, 232, -8, -126, 1079, 40;
-27, 281, 13, -445, 258, 2, -108, 1098, 53;
-28, 281, 12, -432, 268, -2, -110, 1098, 48;
-24, 285, 15, -405, 291, 6, -94, 1114, 58;
-25, 284, 12, -393, 297, 0, -98, 1110, 49;
-25, 283, 10, -379, 304, -6, -101, 1107, 42;
-19, 290, 16, -341, 334, 10, -74, 1133, 63;
-20, 288, 13, -329, 336, 0, -81, 1126, 52;
-22, 286, 10, -316, 337, -8, -87, 1118, 40;
-19, 288, 11, -289, 351, -4, -76, 1126, 44;
-14, 293, 15, -253, 371, 6, -56, 1144, 59;
-11, 295, 16, -226, 383, 9, -46, 1151, 62;
-10, 295, 15, -203, 389, 8, -42, 1152, 61;
-14, 290, 9, -195, 378, -9, -58, 1132, 38;
-9, 294, 13, -158, 394, 1, -38, 1148, 52;
-5, 297, 15, -125, 406, 8, -22, 1159, 61;
-6, 295, 13, -105, 404, 1, -24, 1152, 53;
-5, 295, 13, -80, 406, 0, -19, 1151, 51;
-2, 296, 14, -51, 410, 2, -9, 1155, 54;
-5, 292, 9, -37, 398, -10, -20, 1139, 37;
16, 5, 4, 4377, 5156, 1872, 62, 22, 16;
6, 29, 5, 4025, 4654, 1006, 25, 113, 22;
5, 7, 0, 3176, 4894, 2369, 22, 28, 3;
3, 30, 5, 2033, 4185, 1309, 12, 118, 19;
16, 22, 3, 2623, 2065, 1432, 63, 87, 14;
4, 27, 11, 1524, 2022, 2327, 17, 106, 45;
19, 27, 9, 3104, 2308, 1235, 74, 107, 35;
7, 6, 3, 2479, 4353, 1127, 31, 25, 12;
1, 12, 12, 1762, 2251, 994, 5, 48, 47;
17, 17, 11, 2871, 1969, 1458, 69, 70, 43;
4, 0, 8, 2518, 4238, 1618, 16, 2, 31;
1, 14, 12, 2232, 4285, 1391, 4, 57, 48;
16, 13, 4, 4280, 3996, 1200, 65, 51, 16;
17, 30, 10, 2043, 5032, 1949, 67, 117, 40;
0, 15, 0, 3438, 2546, 1634, 1, 60, 3;
14, 16, 0, 2655, 3481, 1539, 55, 64, 3;
12, 15, 5, 4084, 5246, 2514, 47, 62, 19;
8, 2, 9, 3963, 2970, 1426, 32, 9, 36;
16, 8, 5, 2778, 4284, 2404, 63, 32, 22;
15, 3, 2, 1817, 2254, 1006, 58, 15, 10;
14, 23, 1, 3320, 3789, 2569, 56, 91, 5;
0, 10, 3, 3746, 2109, 2440, 2, 40, 12;
14, 10, 10, 2908, 3074, 1115, 55, 41, 42;
8, 7, 7, 1538, 4792, 1371, 34, 29, 29;
5, 28, 12, 2197, 5088, 2362, 19, 110, 47;
13, 14, 12, 2859, 3090, 1946, 52, 56, 50;
2, 30, 1, 4200, 3558, 2330, 7, 118, 4;
3, 25, 9, 3808, 5325, 1644, 15, 99, 36;
18, 14, 2, 2125, 4491, 2058, 71, 55, 11;
15, 25, 6, 4084, 2637, 1828, 61, 97, 26;
15, 8, 4, 3278, 2043, 2507, 59, 32, 18;
8, 8, 2, 4195, 4075, 1726, 34, 32, 8;
16, 14, 0, 4379, 4745, 2828, 64, 56, 1;
10, 17, 5, 4023, 3664, 1813, 40, 67, 20;
8, 9, 6, 2219, 4838, 2801, 31, 35, 24;
15, 4, 8, 2563, 4415, 1685, 60, 19, 32;
13, 4, 9, 2182, 2458, 1312, 51, 17, 35;
2, 6, 0, 2496, 3752, 2086, 8, 26, 3;
15, 0, 1, 4043, 3368, 2943, 61, 2, 7;
19, 28, 1, 2431, 4801, 2579, 77, 112, 4;
4, 14, 3, 4137, 3991, 1324, 17, 56, 12;
19, 18, 1, 2794, 3771, 1596, 74, 73, 5;
9, 13, 4, 4363, 2360, 2404, 35, 51, 17;
14, 3, 8, 4200, 3397, 1114, 57, 12, 31;
11, 18, 7, 3801, 4807, 2594, 46, 72, 31;
5, 24, 7, 3854, 2102, 1365, 20, 93, 28;
17, 2, 6, 3204, 2347, 1948, 67, 8, 26;
9, 24, 0, 4199, 5090, 1119, 36, 96, 0;
0, 3, 4, 2758, 2519, 2381, 2, 15, 17;
14, 3, 9, 2231, 4561, 2301, 56, 12, 35;
2, 29, 6, 2112, 4414, 2199, 9, 116, 26;
5, 8, 2, 1861, 3404, 2185, 19, 33, 8;
18, 17, 0, 1806, 2857, 2425, 73, 68, 2;
19, 28, 0, 1634, 4575, 1202, 76, 112, 0;
13, 22, 11, 1984, 4472, 1044, 50, 88, 46;
20, 8, 1, 3239, 3457, 2120, 79, 34, 4;
6, 0, 6, 1698, 4879, 1317, 25, 3, 23;
4, 16, 10, 2031, 5002, 1957, 16, 63, 39;
8, 1, 11, 3752, 4818, 2659, 33, 7, 46;
20, 16, 12, 4372, 2152, 2249, 78, 64, 48;
0, 14, 1, 3269, 5350, 2090, 0, 56, 5;
13, 29, 2, 2948, 1872, 1386, 54, 115, 11;
7, 4, 4, 2700, 4203, 1361, 28, 19, 17;
2, 28, 2, 3372, 3532, 2850, 7, 112, 11;
9, 20, 1, 1552, 5378, 1251, 37, 79, 5;
9, 28, 5, 4286, 4023, 2495, 36, 111, 19;
17, 30, 7, 1480, 5329, 1776, 67, 118, 27;
16, 14, 8, 3686, 2059, 1655, 64, 57, 32;
10, 20, 5, 2629, 5183, 1973, 42, 78, 19;
11, 15, 3, 2244, 2467, 2932, 46, 60, 14;
19, 24, 11, 2853, 4612, 2806, 77, 97, 43;
7, 22, 0, 4187, 2039, 1027, 30, 88, 3;
10, 0, 2, 4153, 2908, 1812, 42, 2, 9;
0, 28, 11, 3437, 3612, 1994, 2, 112, 44;
4, 5, 6, 4301, 2388, 1764, 16, 19, 25;
6, 17, 1, 3737, 2217, 1863, 25, 67, 5;
14, 24, 3, 1493, 3135, 2859, 54, 95, 15;
16, 25, 2, 2315, 4591, 2698, 63, 98, 9;
9, 10, 1, 4130, 2385, 2035, 35, 42, 7;
20, 13, 0, 3581, 4153, 2739, 78, 51, 2;
766, 1021, 409, 5228, 4573, 3097, 2990, 3984, 1597;
576, 974, 375, 5040, 4410, 2993, 2249, 3800, 1466;
720, 808, 349, 4842, 4237, 2875, 2808, 3151, 1363;
613, 930, 378, 4638, 4056, 2748, 2391, 3628, 1474;
523, 672, 432, 4476, 3918, 2660, 2040, 2621, 1685;
627, 770, 384, 4285, 3748, 2541, 2447, 3006, 1498;
554, 664, 402, 4132, 3616, 2455, 2162, 2589, 1570;
569, 782, 311, 3978, 3482, 2367, 2221, 3051, 1213;
439, 646, 295, 3819, 3343, 2272, 1714, 2521, 1152;
538, 799, 278, 3652, 3194, 2165, 2099, 3117, 1086;
398, 735, 330, 3506, 3067, 2078, 1553, 2867, 1290;
456, 598, 315, 3380, 2958, 2008, 1778, 2332, 1230;
381, 610, 292, 3253, 2848, 1935, 1488, 2380, 1140;
463, 692, 261, 3119, 2729, 1852, 1807, 2702, 1021;
397, 670, 262, 2984, 2609, 1767, 1548, 2615, 1023;
314, 644, 198, 2862, 2502, 1692, 1224, 2511, 775;
314, 622, 239, 2766, 2420, 1642, 1224, 2428, 935;
359, 501, 195, 2647, 2315, 1567, 1402, 1956, 762;
366, 616, 243, 2548, 2229, 1510, 1430, 2405, 948;
323, 579, 171, 2433, 2127, 1437, 1261, 2261, 669;
348, 488, 201, 2374, 2079, 1416, 1359, 1905, 784;
282, 580, 190, 2270, 1987, 1350, 1103, 2262, 742;
261, 525, 202, 2193, 1921, 1309, 1019, 2048, 790;
293, 487, 157, 2094, 1832, 1244, 1143, 1899, 612;
278, 490, 162, 2031, 1780, 1215, 1087, 1911, 632;
275, 538, 136, 1938, 1697, 1154, 1074, 2101, 531;
247, 498, 148, 1852, 1620, 1099, 965, 1943, 579;
264, 519, 174, 1794, 1571, 1070, 1029, 2026, 678;
217, 461, 159, 1690, 1476, 995, 847, 1799, 622;
212, 462, 157, 1625, 1420, 957, 829, 1803, 615;
187, 459, 111, 1579, 1381, 937, 731, 1792, 434;
172, 411, 150, 1535, 1346, 919, 671, 1605, 587;
191, 430, 112, 1481, 1299, 888, 744, 1680, 439;
161, 431, 126, 1398, 1223, 829, 628, 1681, 494;
170, 413, 132, 1348, 1180, 801, 665, 1612, 518;
169, 406, 110, 1305, 1143, 779, 661, 1586, 431;
168, 427, 115, 1258, 1103, 753, 656, 1667, 452;
147, 423, 109, 1182, 1033, 697, 574, 1650, 427;
157, 366, 81, 1124, 981, 658, 614, 1431, 317;
146, 380, 87, 1094, 956, 646, 570, 1483, 342;
157, 401, 88, 1076, 944, 646, 614, 1565, 345;
124, 404, 75, 1004, 877, 591, 485, 1575, 293;
145, 393, 75, 989, 867, 592, 567, 1535, 294;
111, 393, 79, 917, 800, 535, 433, 1534, 310;
104, 363, 66, 919, 806, 552, 408, 1418, 258;
107, 351, 84, 871, 762, 518, 419, 1369, 329;
98, 368, 83, 844, 740, 506, 382, 1437, 324;
93, 374, 65, 812, 712, 487, 365, 1461, 253;
92, 335, 60, 791, 695, 479, 362, 1310, 236;
85, 344, 57, 743, 651, 443, 335, 1342, 223;
101, 344, 51, 690, 601, 402, 396, 1343, 200;
77, 356, 57, 699, 613, 422, 303, 1389, 223;
74, 326, 55, 664, 582, 397, 288, 1271, 214;
85, 347, 57, 629, 551, 374, 333, 1354, 223;
88, 332, 48, 601, 526, 356, 345, 1296, 189;
78, 311, 53, 579, 506, 343, 307, 1216, 207;
75, 323, 56, 577, 507, 350, 293, 1260, 219;
57, 306, 38, 517, 450, 299, 223, 1196, 150;
62, 316, 37, 516, 451, 306, 244, 1233, 147;
65, 324, 43, 476, 414, 275, 254, 1266, 170;
56, 316, 39, 495, 435, 301, 220, 1235, 153;
68, 307, 43, 478, 420, 292, 268, 1199, 167;
57, 324, 32, 450, 395, 272, 222, 1263, 127;
44, 311, 38, 402, 349, 230, 173, 1216, 148;
49, 305, 30, 400, 349, 235, 191, 1190, 117;
51, 314, 34, 412, 364, 254, 199, 1226, 134;
43, 296, 26, 360, 313, 208, 168, 1157, 103;
51, 298, 33, 367, 322, 221, 201, 1162, 131;
43, 292, 30, 324, 281, 184, 170, 1139, 120;
43, 296, 23, 310, 268, 175, 169, 1155, 91;
48, 307, 30, 340, 300, 210, 189, 1197, 119;
34, 292, 23, 293, 254, 168, 132, 1141, 90;
36, 287, 24, 313, 277, 194, 142, 1121, 94;
34, 290, 22, 297, 262, 183, 135, 1131, 86;
31, 296, 24, 276, 242, 165, 122, 1155, 93;
34, 292, 26, 278, 245, 172, 134, 1141, 105;
38, 285, 28, 275, 244, 173, 148, 1112, 111;
34, 287, 25, 250, 220, 152, 134, 1120, 99;
34, 288, 18, 239, 210, 145, 136, 1125, 70;
22, 280, 17, 201, 174, 111, 89, 1092, 69;
1, 256, 0, -1, -1, -1, 4, 999, 2;
1, 256, 0, 0, 0, 0, 5, 1000, 3;
1, 256, 0, 0, 0, 0, 5, 1000, 3;
1, 256, 0, -1, -1, -1, 4, 999, 2;
1, 256, 0, 0, 0, 0, 4, 999, 2;
1, 256, 1, 1, 1, 1, 5, 1000, 3;
1, 256, 0, -1, -1, -1, 4, 999, 2;
1, 256, 0, -1, -1, -1, 4, 999, 2;
1, 256, 1, 1, 1, 1, 6, 1001, 4;
1, 256, 0, 0, 0, 0, 4, 999, 2;
1, 256, 0, 0, 0, 0, 4, 999, 2;
1, 256, 0, 1, 1, 1, 5, 1000, 3;
1, 256, 0, 0, 0, 0, 4, 999, 2;
1, 256, 0, 0, 0, 0, 4, 999, 2;
1, 256, 0, 0, 0, 0, 5, 999, 3;
1, 256, 0, 0, 0, 0, 5, 1000, 3;
1, 256, 1, 1, 1, 1, 6, 1001, 4;
1, 256, 1, 1, 1, 1, 6, 1001, 4;
1, 256, 0, 0, 0, 0, 4, 999, 2;
1, 256, 0, 1, 1, 1, 5, 1000, 3;
1, 256, 0, 0, 0, 0, 5, 1000, 3;
1, 256, 0, 1, 1, 1, 5, 1000, 3;
1, 256, 0, 0, 0, 0, 5, 1000, 3;
1, 256, 1, 1, 1, 1, 5, 1000, 3;
1, 256, 0, 0, 0, 0, 5, 1000, 3;
1, 256, 0, 0, 0, 0, 5, 1000, 3;
1, 256, 0, 0, 0, 0, 5, 1000, 3;
1, 256, 0, 0, 0, 0, 4, 999, 2;
1, 256, 0, 0, 0, 0, 4, 999, 2;
1, 256, 0, 0, 0, 0, 4, 999, 2;
1, 256, 0, -1, -1, -1, 4, 999, 2;
1, 256, 0, -1, -1, -1, 4, 998, 2;
1, 256, 1, 1, 1, 1, 6, 1001, 4;
1, 256, 0, -1, -1, -1, 4, 999, 2;
1, 256, 0, 0, 0, 0, 4, 999, 2;
1, 256, 0, -1, -1, -1, 4, 999, 2;
1, 256, 0, 0, 0, 0, 4, 999, 2;
1, 256, 1, 1, 1, 1, 5, 1000, 3;
1, 256, 0, 0, 0, 0, 4, 999, 2;
1, 256, 1, 1, 1, 1, 6, 1000, 4;
1, 256, 0, 0, 0, 0, 4, 999, 2;
1, 256, 0, 0, 0, 0, 4, 999, 2;
1, 256, 1, 1, 1, 1, 6, 1001, 4;
1, 256, 0, -1, -1, -1, 4, 998, 2;
1, 256, 0, 0, 0, 0, 5, 999, 3;
1, 256, 0, -1, -1, -1, 4, 998, 2;
1, 256, 0, 0, 0, 0, 4, 999, 2;
1, 256, 0, 0, 0, 0, 5, 1000, 3;
1, 256, 1, 1, 1, 1, 6, 1000, 4;
1, 256, 0, 1, 1, 1, 5, 1000, 3;
1, 256, 0, -1, -1, -1, 4, 999, 2;
1, 256, 1, 1, 1, 1, 6, 1000, 4;
1, 256, 0, 0, 0, 0, 5, 1000, 3;
1, 256, 0, -1, -1, -1, 3, 998, 1;
1, 256, 0, 0, 0, 0, 5, 1000, 3;
1, 256, 0, 0, 0, 0, 5, 1000, 3;
1, 256, 0, 0, 0, 0, 4, 999, 2;
1, 256, 0, 0, 0, 0, 5, 1000, 3;
1, 256, 0, 0, 0, 0, 4, 999, 2;
1, 256, 0, 1, 1, 1, 5, 1000, 3;
1, 256, 0, 0, 0, 0, 4, 999, 2;
1, 256, 0, 0, 0, 0, 5, 1000, 3;
1, 256, 0, 0, 0, 0, 5, 1000, 3;
1, 256, 0, -1, -1, -1, 4, 999, 2;
1, 256, 0, 0, 0, 0, 4, 999, 2;
1, 256, 0, -1, -1, -1, 3, 998, 1;
1, 256, 0, 1, 1, 1, 5, 1000, 3;
1, 256, 0, 0, 0, 0, 5, 1000, 3;
1, 256, 0, 1, 1, 1, 5, 1000, 3;
1, 256, 0, 0, 0, 0, 5, 1000, 3;
1, 256, 0, 1, 1, 1, 5, 1000, 3;
1, 256, 0, -1, -1, -1, 4, 998, 2;
1, 256, 0, 1, 1, 1, 5, 1000, 3;
1, 256, 0, 0, 0, 0, 5, 1000, 3;
1, 256, 0, -1, -1, -1, 4, 999, 2;
1, 256, 0, 1, 1, 1, 5, 1000, 3;
1, 256, 0, 1, 1, 1, 5, 1000, 3;
1, 256, 1, 1, 1, 1, 6, 1001, 4;
1, 256, 0, 0, 0, 0, 4, 999, 2;
1, 256, 0, -1, -1, -1, 4, 998, 2;
1, 256, 0, 0, 0, 0, 5, 1000, 3;
1, 256, 0, -1, -1, -1, 4, 999, 2;
1, 256, 0, 0, 0, 0, 5, 1000, 3;
1, 256, 0, -1, -1, -1, 4, 999, 2;
1, 256, 0, 0, 0, 0, 5, 1000, 3;
1, 256, 0, 0, 0, 0, 5, 1000, 3;
1, 256, 0, 0, 0, 0, 5, 1000, 3;
1, 256, 0, -1, -1, -1, 4, 999, 2;
1, 256, 0, 0, 0, 0, 4, 999, 2;
1, 256, 1, 1, 1, 1, 6, 1001, 4;
1, 256, 0, 0, 0, 0, 5, 1000, 3;
1, 256, 0, 0, 0, 0, 5, 1000, 3;
1, 256, 0, -1, -1, -1, 4, 999, 2;
1, 256, 0, -1, -1, -1, 4, 998, 1;
1, 256, 0, 0, 0, 0, 5, 1000, 3;
1, 256, 0, 0, 0, 0, 4, 999, 2;
1, 256, 0, 0, 0, 0, 4, 999, 2;
1, 256, 0, 0, 0, 0, 5, 1000, 3;
1, 256, 0, 0, 0, 0, 4, 999, 2;
1, 256, 1, 1, 1, 1, 6, 1001, 4;
1, 256, 0, 0, 0, 0, 4, 999, 2;
1, 256, 0, 0, 0, 0, 5, 999, 3;
1, 256, 0, 0, 0, 0, 5, 1000, 3;
1, 256, 0, 0, 0, 0, 5, 1000, 3;
0, 256, 0, -1, -1, -1, 3, 998, 1;
1, 256, 1, 1, 1, 1, 6, 1000, 4;
1, 256, 0, 0, 0, 0, 5, 1000, 3;
1, 256, 0, 0, 0, 0, 5, 1000, 3;
1, 256, 0, 0, 0, 0, 5, 1000, 3;
1, 256, 0, 0, 0, 0, 5, 1000, 3;
1, 256, 0, -1, -1, -1, 4, 998, 1;
1, 256, 1, 1, 1, 1, 6, 1000, 3;
1, 256, 0, 0, 0, 0, 5, 1000, 3;
1, 256, 1, 1, 1, 1, 6, 1001, 4;
1, 256, 0, -1, -1, -1, 4, 999, 2;
1, 256, 0, 0, 0, 0, 5, 1000, 3;
1, 256, 0, 0, 0, 0, 5, 1000, 3;
1, 256, 0, 0, 0, 0, 5, 1000, 3;
1, 256, 0, 0, 0, 0, 5, 1000, 3;
1, 256, 0, 0, 0, 0, 5, 1000, 3;
1, 256, 0, 0, 0, 0, 5, 1000, 3;
1, 256, 0, 1, 1, 1, 5, 1000, 3;
1, 256, 0, 0, 0, 0, 5, 1000, 3;
1, 256, 1, 1, 1, 1, 6, 1001, 4;
1, 256, 0, -1, -1, -1, 4, 999, 2;
1, 256, 0, 0, 0, 0, 5, 999, 3;
1, 256, 0, -1, -1, -1, 4, 998, 2;
1, 256, 0, -1, -1, -1, 3, 998, 1;
1, 256, 1, 1, 1, 1, 5, 1000, 3;
1, 256, 0, 0, 0, 0, 4, 999, 2;
1, 256, 0, 0, 0, 0, 4, 999, 2;
1, 256, 0, 0, 0, 0, 5, 1000, 3;
1, 256, 1, 1, 1, 1, 6, 1000, 3;
1, 256, 0, -1, -1, -1, 4, 999, 2;
1, 256, 0, 0, 0, 0, 5, 1000, 3;
1, 256, 0, 1, 1, 1, 5, 1000, 3;
1, 256, 1, 1, 1, 1, 6, 1000, 4;
1, 256, 0, 0, 0, 0, 5, 1000, 3;
1, 256, 1, 1, 1, 1, 6, 1001, 4;
1, 256, 0, 0, 0, 0, 4, 999, 2;
1, 256, 0, 0, 0, 0, 4, 999, 2;
1, 256, 0, -1, -1, -1, 4, 999, 2;
1, 256, 1, 1, 1, 1, 6, 1001, 4;
1, 256, 1, 1, 1, 1, 6, 1001, 4;
1, 256, 0, 1, 1, 1, 5, 1000, 3;
1, 256, 1, 1, 1, 1, 6, 1001, 4;
1, 256, 0, -1, -1, -1, 4, 998, 2;
1, 256, 0, 0, 0, 0, 4, 999, 2;
1, 256, 0, 0, 0, 0, 5, 1000, 3;
1, 256, 0, 0, 0, 0, 5, 1000, 3;
1, 256, 0, 0, 0, 0, 4, 999, 2;
1, 256, 0, 0, 0, 0, 5, 1000, 3;
1, 256, 0, -1, -1, -1, 4, 999, 2;
1, 256, 1, 1, 1, 1, 5, 1000, 3;
1, 256, 0, 0, 0, 0, 5, 1000, 3;
1, 256, 0, 0, 0, 0, 5, 1000, 3;
1, 256, 0, 0, 0, 0, 4, 999, 2;
1, 256, 1, 1, 1, 1, 6, 1000, 4;
1, 256, 1, 1, 1, 1, 6, 1000, 3;
1, 256, 0, 1, 1, 1, 5, 1000, 3;
1, 256, 0, 1, 1, 1, 5, 1000, 3;
1, 256, 0, 0, 0, 0, 5, 1000, 3;
1, 256, 1, 1, 1, 1, 5, 1000, 3;
1, 256, 0, 0, 0, 0, 5, 999, 3;
1, 256, 0, -1, -1, -1, 4, 998, 2;
1, 256, 0, 0, 0, 0, 4, 999, 2;
1, 256, 0, 0, 0, 0, 4, 999, 2;
1, 256, 0, 0, 0, 0, 5, 1000, 3;
1, 256, 1, 1, 1, 1, 6, 1001, 4;
1, 256, 0, 0, 0, 0, 5, 999, 3;
1, 256, 0, 0, 0, 0, 4, 999, 2;
1, 256, 0, 0, 0, 0, 4, 999, 2;
1, 256, 0, -1, -1, -1, 4, 999, 2;
1, 256, 0, 0, 0, 0, 4, 999, 2;
1, 256, 0, 0, 0, 0, 4, 999, 2;
1, 256, 0, -1, -1, -1, 4, 998, 2;
1, 256, 0, 0, 0, 0, 4, 999, 2;
1, 256, 0, 0, 0, 0, 4, 999, 2;
1, 256, 0, 0, 0, 0, 4, 999, 2;
1, 256, 0, -1, -1, -1, 4, 999, 2;
1, 256, 0, -1, -1, -1, 3, 998, 1;
1, 256, 0, -1, -1, -1, 4, 999, 2;
1, 256, 0, 0, 0, 0, 4, 999, 2;
1, 256, 0, 0, 0, 0, 4, 999, 2;
1, 256, 0, 0, 0, 0, 5, 1000, 3;
1, 256, 0, 0, 0, 0, 4, 999, 2;
1, 256, 0, 0, 0, 0, 5, 1000, 3;
1, 256, 0, 0, 0, 0, 4, 999, 2;
1, 256, 0, 0, 0, 0, 5, 1000, 3;
1, 256, 1, 1, 1, 1, 6, 1001, 4;
1, 256, 1, 1, 1, 1, 6, 1000, 4;
1, 256, 0, 0, 0, 0, 4, 999, 2;
1, 256, 0, 0, 0, 0, 5, 1000, 3;
1, 256, 0, 0, 0, 0, 5, 1000, 3;
1, 256, 0, -1, -1, -1, 3, 998, 1;
1, 256, 0, -1, -1, -1, 4, 998, 1;
1, 256, 0, -1, -1, -1, 4, 999, 2;
1, 256, 0, -1, -1, -1, 4, 999, 2;
1, 256, 0, 0, 0, 0, 5, 1000, 3;
1, 256, 0, 0, 0, 0, 4, 999, 2;
1, 256, 0, 0, 0, 0, 5, 1000, 3;
1, 256, 0, 0, 0, 0, 4, 999, 2;
1, 256, 0, 0, 0, 0, 5, 1000, 3;
1, 256, 0, 0, 0, 0, 5, 1000, 3;
1, 256, 1, 1, 1, 1, 5, 1000, 3;
1, 256, 0, -1, -1, -1, 4, 999, 2;
1, 256, 0, 0, 0, 0, 5, 1000, 3;
1, 256, 0, -1, -1, -1, 4, 999, 2;
1, 256, 0, -1, -1, -1, 4, 999, 2;
1, 256, 0, 0, 0, 0, 4, 999, 2;
1, 256, 0, 0, 0, 0, 5, 1000, 3;
1, 256, 0, 0, 0, 0, 4, 999, 2;
1, 256, 0, 0, 0, 0, 5, 1000, 3;
1, 256, 0, 0, 0, 0, 4, 999, 2;
1, 256, 0, -1, -1, -1, 4, 999, 2;
1, 256, 0, 0, 0, 0, 5, 1000, 3;
1, 256, 0, 0, 0, 0, 5, 1000, 3;
1, 256, 1, 1, 1, 1, 6, 1001, 4;
1, 256, 1, 1, 1, 1, 5, 1000, 3;
1, 256, 1, 1, 1, 1, 5, 1000, 3;
1, 256, 0, 0, 0, 0, 5, 1000, 3;
1, 256, 1, 1, 1, 1, 6, 1001, 4;
1, 256, 0, 0, 0, 0, 5, 1000, 3;
1, 256, 0, 0, 0, 0, 5, 999, 3;
1, 256, 0, 0, 0, 0, 5, 1000, 3;
1, 256, 0, 0, 0, 0, 5, 1000, 3;
1, 256, 0, -1, -1, -1, 4, 999, 2;
1, 256, 0, 0, 0, 0, 4, 999, 2;
1, 256, 0, 0, 0, 0, 5, 1000, 3;
1, 256, 0, -1, -1, -1, 4, 999, 2;
1, 256, 0, 0, 0, 0, 5, 1000, 3;
1, 256, 0, 0, 0, 0, 4, 999, 2;
1, 256, 0, 0, 0, 0, 4, 999, 2;
1, 256, 0, 1, 1, 1, 5, 1000, 3;
1, 256, 0, 1, 1, 1, 5, 1000, 3;
0, 256, 0, -1, -1, -1, 3, 998, 1;
1, 256, 0, -1, -1, -1, 4, 999, 2;
1, 256, 0, -1, -1, -1, 4, 999, 2;
1, 256, 0, -1, -1, -1, 4, 998, 2;
1, 256, 0, 0, 0, 0, 5, 999, 2;
1, 256, 0, 0, 0, 0, 4, 999, 2;
1, 256, 0, -1, -1, -1, 3, 998, 1;
1, 256, 0, 0, 0, 0, 4, 999, 2;
1, 256, 0, -1, -1, -1, 4, 998, 1;
1, 256, 0, 0, 0, 0, 5, 1000, 3;
1, 256, 0, -1, -1, -1, 4, 999, 2;
1, 256, 0, 0, 0, 0, 4, 999, 2;
1, 256, 0, 1, 1, 1, 5, 1000, 3;
1, 256, 0, 0, 0, 0, 4, 999, 2;
1, 256, 0, 0, 0, 0, 4, 999, 2;
1, 256, 0, 0, 0, 0, 5, 1000, 3;
1, 256, 0, -1, -1, -1, 4, 999, 2;
1, 256, 0, -1, -1, -1, 4, 999, 2;
1, 256, 1, 1, 1, 1, 5, 1000, 3;
1, 256, 0, 0, 0, 0, 4, 999, 2;
1, 256, 0, -1, -1, -1, 4, 999, 2;
1, 256, 0, 1, 1, 1, 5, 1000, 3;
1, 256, 0, 1, 1, 1, 5, 1000, 3;
1, 256, 0, 0, 0, 0, 4, 999, 2;
1, 256, 0, 1, 1, 1, 5, 1000, 3;
1, 256, 1, 1, 1, 1, 6, 1000, 4;
1, 256, 0, 0, 0, 0, 5, 1000, 3;
1, 256, 0, 0, 0, 0, 5, 1000, 3;
1, 256, 0, 0, 0, 0, 5, 999, 3;
1, 256, 0, -1, -1, -1, 4, 999, 2;
1, 256, 0, -1, -1, -1, 4, 999, 2;
1, 256, 0, 1, 1, 1, 5, 1000, 3;
1, 256, 0, 0, 0, 0, 4, 999, 2;
1, 256, 1, 1, 1, 1, 6, 1001, 4;
1, 256, 0, 0, 0, 0, 5, 999, 3;
1, 256, 0, 0, 0, 0, 4, 999, 2;
1, 256, 0, -1, -1, -1, 3, 998, 1;
1, 256, 0, 0, 0, 0, 5, 1000, 3;
1, 256, 0, -1, -1, -1, 4, 999, 2;
1, 256, 0, -1, -1, -1, 4, 998, 2;
1, 256, 1, 1, 1, 1, 6, 1001, 4;
1, 256, 0, -1, -1, -1, 4, 999, 2;
1, 256, 0, 0, 0, 0, 4, 999, 2;
1, 256, 0, -1, -1, -1, 4, 999, 2;
1, 256, 0, 1, 1, 1, 5, 1000, 3;
1, 256, 1, 1, 1, 1, 6, 1001, 4;
1, 256, 1, 1, 1, 1, 6, 1001, 4;
1, 256, 0, 1, 1, 1, 5, 1000, 3;
1, 256, 0, 1, 1, 1, 5, 1000, 3;
1, 256, 0, 0, 0, 0, 4, 999, 2;
1, 256, 0, 0, 0, 0, 5, 1000, 3;
1, 256, 0, 0, 0, 0, 4, 999, 2;
1, 256, 0, -1, -1, -1, 3, 998, 1;
1, 256, 1, 1, 1, 1, 6, 1001, 4;
1, 256, 0, 0, 0, 0, 5, 1000, 3;
1, 256, 0, -1, -1, -1, 4, 998, 2;
1, 256, 0, 0, 0, 0, 5, 999, 2;
1, 256, 0, 0, 0, 0, 4, 999, 2;
1, 256, 0, 0, 0, 0, 5, 1000, 3;
1, 256, 0, 0, 0, 0, 5, 999, 2;
1, 256, 0, 0, 0, 0, 5, 1000, 3;
1, 256, 0, 0, 0, 0, 4, 999, 2;
1, 256, 0, -1, -1, -1, 4, 998, 1;
1, 256, 1, 1, 1, 1, 6, 1000, 4;
1, 256, 0, 0, 0, 0, 4, 999, 2;
1, 256, 0, -1, -1, -1, 3, 998, 1;
1, 256, 0, 0, 0, 0, 4, 999, 2;
1, 256, 0, 0, 0, 0, 5, 999, 3;
1, 256, 0, 0, 0, 0, 5, 1000, 3;
1, 256, 0, -1, -1, -1, 3, 998, 1;
1, 256, 0, 0, 0, 0, 5, 1000, 3;
1, 256, 0, 0, 0, 0, 5, 999, 3;
1, 256, 0, -1, -1, -1, 3, 998, 1;
1, 256, 0, -1, -1, -1, 4, 999, 2;
1, 256, 0, 0, 0, 0, 4, 999, 2;
1, 256, 0, -1, -1, -1, 4, 999, 2;
1, 256, 0, 1, 1, 1, 5, 1000, 3;
1, 256, 0, 0, 0, 0, 5, 999, 3;
1, 256, 0, -1, -1, -1, 4, 999, 2;
1, 256, 0, 1, 1, 1, 5, 1000, 3;
1, 256, 0, -1, -1, -1, 4, 999, 2;
1, 256, 0, 0, 0, 0, 5, 1000, 3;
1, 256, 0, 0, 0, 0, 5, 999, 2;
1, 256, 0, -1, -1, -1, 4, 998, 1;
1, 256, 0, 0, 0, 0, 5, 999, 3;
1, 256, 0, 0, 0, 0, 5, 1000, 3;
1, 256, 0, 0, 0, 0, 5, 1000, 3;
1, 256, 0, 0, 0, 0, 4, 999, 2;
1, 256, 0, 0, 0, 0, 4, 999, 2;
1, 256, 0, -1, -1, -1, 4, 999, 2;
1, 256, 1, 1, 1, 1, 6, 1000, 4;
1, 256, 0, 0, 0, 0, 5, 1000, 3;
1, 256, 0, 0, 0, 0, 4, 999, 2;
1, 256, 0, 0, 0, 0, 4, 999, 2;
1, 256, 0, 0, 0, 0, 4, 999, 2;
1, 256, 0, 0, 0, 0, 4, 999, 2;
1, 256, 0, 0, 0, 0, 5, 1000, 3;
1, 256, 0, -1, -1, -1, 3, 998, 1;
1, 256, 1, 1, 1, 1, 6, 1001, 4;
1, 256, 1, 1, 1, 1, 5, 1000, 3;
1, 256, 0, 1, 1, 1, 5, 1000, 3;
1, 256, 0, 0, 0, 0, 4, 999, 2;
1, 256, 0, -1, -1, -1, 3, 998, 1;
1, 256, 0, 1, 1, 1, 5, 1000, 3;
1, 256, 0, 0, 0, 0, 5, 1000, 3;
1, 256, 0, 0, 0, 0, 5, 1000, 3;
1, 256, 1, 1, 1, 1, 6, 1001, 4;
1, 256, 0, 0, 0, 0, 5, 1000, 3;
1, 256, 0, 0, 0, 0, 5, 1000, 3;
1, 256, 0, -1, -1, -1, 4, 999, 2;
1, 256, 0, 0, 0, 0, 5, 1000, 3;
1, 256, 1, 1, 1, 1, 6, 1001, 4;
1, 256, 0, 0, 0, 0, 5, 1000, 3;
1, 256, 0, 1, 1, 1, 5, 1000, 3;
1, 256, 0, -1, -1, -1, 4, 999, 2;
1, 256, 0, -1, -1, -1, 3, 998, 1;
1, 256, 0, 0, 0, 0, 5, 1000, 3;
1, 256, 0, 0, 0, 0, 5, 1000, 3;
1, 256, 0, -1, -1, -1, 4, 998, 1;
1, 256, 0, -1, -1, -1, 4, 999, 2;
1, 256, 0, 1, 1, 1, 5, 1000, 3;
1, 256, 0, 0, 0, 0, 5, 1000, 3;
1, 256, 0, 0, 0, 0, 5, 1000, 3;
1, 256, 0, -1, -1, -1, 4, 999, 2;
1, 256, 0, 0, 0, 0, 4, 999, 2;
1, 256, 0, 0, 0, 0, 4, 999, 2;
1, 256, 1, 1, 1, 1, 6, 1001, 4;
1, 256, 1, 1, 1, 1, 6, 1001, 4;
1, 256, 0, 0, 0, 0, 5, 1000, 3;
1, 256, 1, 1, 1, 1, 6, 1001, 4;
1, 256, 0, 0, 0, 0, 4, 999, 2;
1, 256, 1, 1, 1, 1, 5, 1000, 3;
1, 256, 0, 0, 0, 0, 4, 999, 2;
1, 256, 0, 1, 1, 1, 5, 1000, 3;
1, 256, 0, 0, 0, 0, 5, 1000, 3;
1, 256, 1, 1, 1, 1, 5, 1000, 3;
1, 256, 0, 0, 0, 0, 5, 1000, 3;
1, 256, 0, -1, -1, -1, 4, 999, 2;
1, 256, 0, -1, -1, -1, 4, 999, 2;
1, 256, 0, 0, 0, 0, 5, 1000, 3;
1, 256, 1, 1, 1, 1, 6, 1001, 4;
1, 256, 0, 0, 0, 0, 5, 1000, 3;
1, 256, 0, -1, -1, -1, 4, 999, 2;
1, 256, 1, 1, 1, 1, 5, 1000, 3;
1, 256, 0, 0, 0, 0, 5, 999, 3;
1, 256, 1, 1, 1, 1, 5, 1000, 3;
1, 256, 0, 0, 0, 0, 4, 999, 2;
1, 256, 0, -1, -1, -1, 4, 999, 2;
1, 256, 1, 1, 1, 1, 6, 1001, 4;
1, 256, 1, 1, 1, 1, 6, 1001, 4;
1, 256, 0, 0, 0, 0, 4, 999, 2;
1, 256, 0, 0, 0, 0, 4, 999, 2;
1, 256, 0, 0, 0, 0, 5, 1000, 3;
1, 256, 0, 0, 0, 0, 5, 999, 2;
1, 256, 0, 0, 0, 0, 4, 999, 2;
1, 256, 0, -1, -1, -1, 4, 999, 2;
1, 256, 0, 0, 0, 0, 5, 1000, 3;
1, 256, 0, 0, 0, 0, 5, 999, 2;
1, 256, 1, 1, 1, 1, 6, 1001, 4;
1, 256, 0, 0, 0, 0, 4, 999, 2;
1, 256, 0, -1, -1, -1, 4, 998, 2;
1, 256, 0, 0, 0, 0, 4, 999, 2;
1, 256, 0, 0, 0, 0, 5, 1000, 3;
1, 256, 0, 0, 0, 0, 4, 999, 2;
1, 256, 0, 1, 1, 1, 5, 1000, 3;
1, 256, 0, 0, 0, 0, 5, 999, 2;
1, 256, 0, 0, 0, 0, 4, 999, 2;
1, 256, 0, 0, 0, 0, 4, 999, 2;
1, 256, 0, 0, 0, 0, 5, 1000, 3;
1, 256, 1, 1, 1, 1, 6, 1000, 3;
1, 256, 0, 0, 0, 0, 4, 999, 2;
1, 256, 0, 0, 0, 0, 4, 999, 2;
1, 256, 0, 0, 0, 0, 4, 999, 2;
1, 256, 0, -1, -1, -1, 4, 998, 2;
1, 256, 0, -1, -1, -1, 4, 999, 2;
1, 256, 0, 0, 0, 0, 5, 999, 2;
1, 256, 0, 1, 1, 1, 5, 1000, 3;
1, 256, 1, 1, 1, 1, 6, 1001, 4;
1, 256, 0, -1, -1, -1, 4, 998, 2;
1, 256, 0, -1, -1, -1, 4, 999, 2;
1, 256, 0, 0, 0, 0, 4, 999, 2;
1, 256, 0, -1, -1, -1, 3, 998, 1;
1, 256, 0, -1, -1, -1, 4, 999, 2;
1, 256, 0, 0, 0, 0, 5, 1000, 3;
1, 256, 0, -1, -1, -1, 4, 999, 2;
1, 256, 1, 1, 1, 1, 6, 1001, 4;
1, 256, 0, -1, -1, -1, 4, 999, 2;
1, 256, 0, -1, -1, -1, 4, 999, 2;
1, 256, 0, 0, 0, 0, 5, 1000, 3;
1, 256, 0, -1, -1, -1, 3, 998, 1;
1, 256, 0, 0, 0, 0, 4, 999, 2;
1, 256, 0, -1, -1, -1, 4, 998, 2;
1, 256, 1, 1, 1, 1, 6, 1001, 4;
1, 256, 0, 0, 0, 0, 5, 1000, 3;
1, 256, 0, -1, -1, -1, 4, 999, 2;
1, 256, 0, 0, 0, 0, 4, 999, 2;
1, 256, 0, 0, 0, 0, 5, 1000, 3;
1, 256, 0, -1, -1, -1, 4, 999, 2;
1, 256, 0, 1, 1, 1, 5, 1000, 3;
0, 256, 0, -1, -1, -1, 3, 998, 1;
1, 256, 0, 1, 1, 1, 5, 1000, 3;
1, 256, 0, 0, 0, 0, 5, 1000, 3;
1, 256, 1, 1, 1, 1, 6, 1000, 4;
1, 256, 1, 1, 1, 1, 5, 1000, 3;
1, 256, 0, 1, 1, 1, 5, 1000, 3;
1, 256, 1, 1, 1, 1, 6, 1000, 4;
1, 256, 0, 0, 0, 0, 4, 999, 2;
1, 256, 1, 1, 1, 1, 6, 1001, 4;
1, 256, 0, 0, 0, 0, 4, 999, 2;
1, 256, 0, 0, 0, 0, 5, 1000, 3;
1, 256, 0, 0, 0, 0, 5, 1000, 3;
1, 256, 0, 0, 0, 0, 4, 999, 2;
1, 256, 0, 0, 0, 0, 5, 1000, 3;
1, 256, 0, 0, 0, 0, 5, 1000, 3;
1, 256, 0, -1, -1, -1, 4, 999, 2;
1, 256, 0, 0, 0, 0, 4, 999, 2;
1, 256, 0, 0, 0, 0, 5, 1000, 3;
1, 256, 0, 0, 0, 0, 4, 999, 2;
1, 256, 1, 1, 1, 1, 6, 1000, 3;
1, 256, 0, -1, -1, -1, 4, 999, 2;
1, 256, 0, 0, 0, 0, 4, 999, 2;
1, 256, 0, -1, -1, -1, 4, 999, 2;
1, 256, 0, 0, 0, 0, 4, 999, 2;
1, 256, 0, -1, -1, -1, 4, 999, 2;
1, 256, 0, 0, 0, 0, 5, 1000, 3;
1, 256, 0, -1, -1, -1, 4, 998, 1;
1, 256, 0, -1, -1, -1, 4, 999, 2;
1, 256, 0, -1, -1, -1, 4, 998, 2;
1, 256, 0, -1, -1, -1, 4, 999, 2;
1, 256, 0, 1, 1, 1, 5, 1000, 3;
1, 256, 0, -1, -1, -1, 4, 999, 2;
1, 256, 1, 1, 1, 1, 6, 1000, 3;
1, 256, 0, 1, 1, 1, 5, 1000, 3;
1, 256, 0, 0, 0, 0, 4, 999, 2;
1, 256, 0, 1, 1, 1, 5, 1000, 3;
1, 256, 0, 0, 0, 0, 5, 1000, 3;
1, 256, 0, 0, 0, 0, 4, 999, 2;
1, 256, 0, 0, 0, 0, 5, 1000, 3;
1, 256, 0, 0, 0, 0, 5, 999, 2;
1, 256, 0, 0, 0, 0, 4, 999, 2;
1, 256, 0, 0, 0, 0, 4, 999, 2;
1, 256, 0, 0, 0, 0, 5, 1000, 3;
1, 256, 0, -1, -1, -1, 4, 999, 2;
1, 256, 0, -1, -1, -1, 4, 998, 2;
1, 256, 0, 1, 1, 1, 5, 1000, 3;
1, 256, 0, -1, -1, -1, 4, 999, 2;
1, 256, 0, 0, 0, 0, 4, 999, 2;
1, 256, 0, -1, -1, -1, 3, 998, 1;
1, 256, 0, -1, -1, -1, 3, 998, 1;
1, 256, 0, 0, 0, 0, 5, 1000, 3;
1, 256, 0, 0, 0, 0, 5, 1000, 3;
1, 256, 0, 1, 1, 1, 5, 1000, 3;
1, 256, 0, 0, 0, 0, 5, 1000, 3;
1, 256, 0, 0, 0, 0, 4, 999, 2;
1, 256, 0, 0, 0, 0, 4, 999, 2;
1, 256, 0, -1, -1, -1, 4, 998, 1;
1, 256, 0, -1, -1, -1, 4, 999, 2;
1, 256, 0, 0, 0, 0, 5, 1000, 3;
1, 256, 0, 0, 0, 0, 4, 999, 2;
1, 256, 0, 0, 0, 0, 5, 1000, 3;
1, 256, 0, 0, 0, 0, 5, 1000, 3;
1, 256, 1, 1, 1, 1, 6, 1000, 4;
1, 256, 0, 0, 0, 0, 4, 999, 2;
1, 256, 1, 1, 1, 1, 6, 1001, 4;
1, 256, 0, -1, -1, -1, 3, 998, 1;
1, 256, 0, 1, 1, 1, 5, 1000, 3;
1, 256, 0, 0, 0, 0, 5, 1000, 3;
1, 256, 0, -1, -1, -1, 3, 998, 1;
1, 256, 0, 0, 0, 0, 5, 1000, 3;
1, 256, 0, 0, 0, 0, 5, 1000, 3;
1, 256, 0, -1, -1, -1, 3, 998, 1;
1, 256, 1, 1, 1, 1, 5, 1000, 3;
1, 256, 0, 0, 0, 0, 5, 1000, 3;
1, 256, 0, 0, 0, 0, 4, 999, 2;
1, 256, 0, 1, 1, 1, 5, 1000, 3;
1, 256, 0, 0, 0, 0, 4, 999, 2;
1, 256, 0, -1, -1, -1, 4, 999, 2;
1, 256, 0, 0, 0, 0, 4, 999, 2;
1, 256, 0, 0, 0, 0, 5, 1000, 3;
1, 256, 0, 0, 0, 0, 5, 1000, 3;
1, 256, 0, 0, 0, 0, 4, 999, 2;
1, 256, 0, 0, 0, 0, 4, 999, 2;
1, 256, 1, 1, 1, 1, 6, 1001, 4;
1, 256, 0, 0, 0, 0, 4, 999, 2;
1, 256, 0, -1, -1, -1, 4, 999, 2;
1, 256, 0, 0, 0, 0, 4, 999, 2;
1, 256, 1, 1, 1, 1, 6, 1001, 4;
1, 256, 0, 0, 0, 0, 5, 999, 2;
1, 256, 0, 0, 0, 0, 5, 1000, 3;
1, 256, 0, 0, 0, 0, 4, 999, 2;
1, 256, 0, -1, -1, -1, 4, 999, 2;
1, 256, 0, 0, 0, 0, 5, 1000, 3;
1, 256, 1, 1, 1, 1, 6, 1001, 4;
1, 256, 1, 1, 1, 1, 6, 1001, 4;
1, 256, 0, -1, -1, -1, 4, 999, 2;
1, 256, 1, 1, 1, 1, 5, 1000, 3;
1, 256, 0, 1, 1, 1, 5, 1000, 3;
1, 256, 0, 0, 0, 0, 5, 1000, 3;
1, 256, 0, -1, -1, -1, 3, 998, 1;
1, 256, 0, -1, -1, -1, 4, 999, 2;
1, 256, 0, 0, 0, 0, 5, 1000, 3;
1, 256, 0, -1, -1, -1, 4, 999, 2;
1, 256, 0, 1, 1, 1, 5, 1000, 3;
1, 256, 0, 0, 0, 0, 5, 1000, 3;
1, 256, 0, 0, 0, 0, 5, 1000, 3;
1, 256, 0, 0, 0, 0, 5, 1000, 3;
1, 256, 0, 0, 0, 0, 4, 999, 2;
1, 256, 1, 1, 1, 1, 6, 1001, 4;
1, 256, 1, 1, 1, 1, 6, 1001, 4;
1, 256, 0, 0, 0, 0, 5, 1000, 3;
1, 256, 0, 0, 0, 0, 5, 1000, 3;
1, 256, 0, 0, 0, 0, 5, 1000, 3;
1, 256, 1, 1, 1, 1, 5, 1000, 3;
1, 256, 0, 0, 0, 0, 4, 999, 2;
1, 256, 0, -1, -1, -1, 4, 999, 2;
1, 256, 0, 0, 0, 0, 4, 999, 2;
1, 256, 0, 0, 0, 0, 5, 1000, 3;
1, 256, 0, 0, 0, 0, 5, 1000, 3;
1, 256, 0, 0, 0, 0, 4, 999, 2;
1, 256, 0, 0, 0, 0, 5, 1000, 3;
1, 256, 0, 0, 0, 0, 4, 999, 2;
1, 256, 0, 1, 1, 1, 5, 1000, 3;
1, 256, 0, 0, 0, 0, 5, 1000, 3;
1, 256, 0, 0, 0, 0, 4, 999, 2;
1, 256, 0, 0, 0, 0, 5, 1000, 3;
1, 256, 0, -1, -1, -1, 4, 998, 2;
1, 256, 0, 0, 0, 0, 5, 999, 3;
1, 256, 1, 1, 1, 1, 5, 1000, 3;
1, 256, 0, 0, 0, 0, 4, 999, 2;
1, 256, 0, 0, 0, 0, 5, 1000, 3;
1, 256, 0, 0, 0, 0, 4, 999, 2;
1, 256, 0, -1, -1, -1, 4, 999, 2;
1, 256, 0, 0, 0, 0, 5, 1000, 3;
1, 256, 1, 1, 1, 1, 6, 1001, 4;
1, 256, 1, 1, 1, 1, 6, 1000, 3;
1, 256, 0, 0, 0, 0, 4, 999, 2;
1, 256, 0, -1, -1, -1, 4, 999, 2;
1, 256, 0, 0, 0, 0, 5, 1000, 3;
1, 256, 0, 0, 0, 0, 4, 999, 2;
1, 256, 0, -1, -1, -1, 4, 999, 2;
0, 256, 0, -1, -1, -1, 3, 998, 1;
1, 256, 0, 0, 0, 0, 5, 1000, 3;
1, 256, 0, -1, -1, -1, 3, 998, 1;
1, 256, 1, 1, 1, 1, 6, 1001, 4;
1, 256, 0, 1, 1, 1, 5, 1000, 3;
1, 256, 0, -1, -1, -1, 4, 999, 2;
1, 256, 0, -1, -1, -1, 4, 999, 2;
1, 256, 1, 1, 1, 1, 6, 1000, 3;
1, 256, 0, 0, 0, 0, 4, 999, 2;
1, 256, 0, 0, 0, 0, 5, 1000, 3;
1, 256, 0, 1, 1, 1, 5, 1000, 3;
1, 256, 0, -1, -1, -1, 4, 999, 2;
1, 256, 0, 0, 0, 0, 5, 1000, 3;
1, 256, 0, 0, 0, 0, 4, 999, 2;
1, 256, 0, 0, 0, 0, 4, 999, 2;
1, 256, 0, 1, 1, 1, 5, 1000, 3;
1, 256, 0, 0, 0, 0, 5, 1000, 3;
1, 256, 0, -1, -1, -1, 4, 999, 2;
1, 256, 0, -1, -1, -1, 4, 999, 2;
1, 256, 0, -1, -1, -1, 4, 999, 2;
1, 256, 0, -1, -1, -1, 4, 999, 2;
1, 256, 0, 0, 0, 0, 5, 1000, 3;
1, 256, 0, 0, 0, 0, 5, 1000, 3;
1, 256, 1, 1, 1, 1, 6, 1001, 4;
1, 256, 1, 1, 1, 1, 6, 1000, 4;
1, 256, 1, 1, 1, 1, 6, 1001, 4;
1, 256, 0, -1, -1, -1, 4, 999, 2;
1, 256, 1, 1, 1, 1, 6, 1001, 4;
1, 256, 0, 0, 0, 0, 5, 1000, 3;
1, 256, 0, 0, 0, 0, 4, 999, 2;
1, 256, 0, -1, -1, -1, 4, 999, 2;
1, 256, 0, 0, 0, 0, 5, 1000, 3;
1, 256, 0, 1, 1, 1, 5, 1000, 3;
1, 256, 0, 1, 1, 1, 5, 1000, 3;
1, 256, 0, -1, -1, -1, 4, 999, 2;
1, 256, 0, 0, 0, 0, 5, 1000, 3;
1, 256, 0, 1, 1, 1, 5, 1000, 3;
1, 256, 1, 1, 1, 1, 5, 1000, 3;
1, 256, 0, 0, 0, 0, 5, 1000, 3;
1, 256, 0, 0, 0, 0, 5, 1000, 3;
1, 256, 0, 0, 0, 0, 4, 999, 2;
1, 256, 1, 1, 1, 1, 6, 1001, 4;
1, 256, 0, -1, -1, -1, 4, 999, 2;
1, 256, 1, 1, 1, 1, 6, 1000, 3;
1, 256, 0, 0, 0, 0, 5, 999, 3;
1, 256, 0, 0, 0, 0, 5, 1000, 3;
1, 256, 0, -1, -1, -1, 4, 999, 2;
1, 256, 1, 1, 1, 1, 6, 1001, 4;
1, 256, 0, 0, 0, 0, 5, 1000, 3;
1, 256, 0, 0, 0, 0, 4, 999, 2;
1, 256, 0, 0, 0, 0, 4, 999, 2;
1, 256, 1, 1, 1, 1, 6, 1001, 4;
1, 256, 1, 1, 1, 1, 6, 1001, 4;
1, 256, 0, 0, 0, 0, 5, 1000, 3;
1, 256, 0, 0, 0, 0, 4, 999, 2;
1, 256, 0, 0, 0, 0, 4, 999, 2;
1, 256, 0, 1, 1, 1, 5, 1000, 3;
1, 256, 0, 0, 0, 0, 5, 1000, 3;
1, 256, 0, 0, 0, 0, 5, 1000, 3;
1, 256, 0, 1, 1, 1, 5, 1000, 3;
1, 256, 0, 0, 0, 0, 5, 1000, 3;
1, 256, 0, 0, 0, 0, 5, 1000, 3;
1, 256, 0, 0, 0, 0, 4, 999, 2;
1, 256, 1, 1, 1, 1, 6, 1000, 4;
1, 256, 0, -1, -1, -1, 4, 998, 2;
1, 256, 1, 1, 1, 1, 6, 1001, 4;
1, 256, 1, 1, 1, 1, 6, 1000, 4;
1, 256, 0, 0, 0, 0, 4, 999, 2;
1, 256, 1, 1, 1, 1, 5, 1000, 3;
1, 256, 0, 0, 0, 0, 4, 999, 2;
1, 256, 0, 0, 0, 0, 5, 1000, 3;
1, 256, 0, 0, 0, 0, 5, 1000, 3;
1, 256, 0, 0, 0, 0, 4, 999, 2;
1, 256, 0, 0, 0, 0, 5, 999, 3;
1, 256, 0, 1, 1, 1, 5, 1000, 3;
1, 256, 0, 0, 0, 0, 4, 999, 2;
1, 256, 0, 0, 0, 0, 5, 1000, 3;
1, 256, 1, 1, 1, 1, 6, 1001, 4;
1, 256, 0, 1, 1, 1, 5, 1000, 3;
1, 256, 1, 1, 1, 1, 6, 1000, 3;
1, 256, 0, 0, 0, 0, 5, 1000, 3;
1, 256, 0, 0, 0, 0, 5, 1000, 3;
1, 256, 0, 0, 0, 0, 4, 999, 2;
1, 256, 0, 1, 1, 1, 5, 1000, 3;
1, 256, 0, 0, 0, 0, 4, 999, 2;
1, 256, 0, -1, -1, -1, 3, 998, 1;
1, 256, 0, -1, -1, -1, 4, 999, 2;
1, 256, 0, 0, 0, 0, 4, 999, 2;
1, 256, 1, 1, 1, 1, 6, 1001, 4;
1, 256, 0, -1, -1, -1, 4, 999, 2;
1, 256, 0, 0, 0, 0, 5, 999, 3;
1, 256, 0, 0, 0, 0, 4, 999, 2;
1, 256, 1, 1, 1, 1, 5, 1000, 3;
1, 256, 0, 0, 0, 0, 4, 999, 2;
1, 256, 0, -1, -1, -1, 3, 998, 1;
1, 256, 1, 1, 1, 1, 6, 1000, 4;
1, 256, 0, 0, 0, 0, 5, 1000, 3;
1, 256, 0, 0, 0, 0, 4, 999, 2;
1, 256, 0, 0, 0, 0, 5, 1000, 3;
1, 256, 0, -1, -1, -1, 3, 998, 1;
1, 256, 0, 0, 0, 0, 4, 999, 2;
1, 256, 0, -1, -1, -1, 4, 999, 2;
1, 256, 0, -1, -1, -1, 4, 999, 2;
1, 256, 1, 1, 1, 1, 6, 1000, 4;
1, 256, 0, 0, 0, 0, 5, 1000, 3;
1, 256, 0, 0, 0, 0, 4, 999, 2;
1, 256, 0, 0, 0, 0, 5, 999, 3;
1, 256, 0, 1, 1, 1, 5, 1000, 3;
1, 256, 0, 0, 0, 0, 4, 999, 2;
1, 256, 0, 0, 0, 0, 4, 999, 2;
1, 256, 0, 1, 1, 1, 5, 1000, 3;
1, 256, 1, 1, 1, 1, 6, 1001, 4;
1, 256, 0, 1, 1, 1, 5, 1000, 3;
1, 256, 0, -1, -1, -1, 4, 999, 2;
1, 256, 0, 0, 0, 0, 4, 999, 2;
1, 256, 0, -1, -1, -1, 4, 999, 2;
1, 256, 0, 0, 0, 0, 4, 999, 2;
1, 256, 1, 1, 1, 1, 6, 1001, 4;
1, 256, 0, 1, 1, 1, 5, 1000, 3;
1, 256, 0, 0, 0, 0, 4, 999, 2;
1, 256, 0, 0, 0, 0, 5, 1000, 3;
1, 256, 0, 0, 0, 0, 5, 1000, 3;
1, 256, 0, 1, 1, 1, 5, 1000, 3;
1, 256, 0, -1, -1, -1, 4, 999, 2;
1, 256, 0, -1, -1, -1, 4, 999, 2;
1, 256, 0, 1, 1, 1, 5, 1000, 3;
1, 256, 0, 0, 0, 0, 5, 1000, 3;
1, 256, 0, -1, -1, -1, 4, 999, 2;
1, 256, 0, 0, 0, 0, 5, 1000, 3;
1, 256, 0, 1, 1, 1, 5, 1000, 3;
1, 256, 0, 0, 0, 0, 5, 1000, 3;
1, 256, 0, -1, -1, -1, 4, 999, 2;
1, 256, 0, -1, -1, -1, 4, 999, 2;
1, 256, 0, 0, 0, 0, 4, 999, 2;
1, 256, 0, 0, 0, 0, 5, 1000, 3;
1, 256, 0, 0, 0, 0, 5, 1000, 3;
1, 256, 0, 1, 1, 1, 5, 1000, 3;
1, 256, 1, 1, 1, 1, 6, 1001, 4;
1, 256, 0, 0, 0, 0, 4, 999, 2;
1, 256, 0, 0, 0, 0, 4, 999, 2;
1, 256, 0, -1, -1, -1, 4, 999, 2;
1, 256, 0, 0, 0, 0, 4, 999, 2;
1, 256, 0, 0, 0, 0, 5, 999, 3;
1, 256, 0, 0, 0, 0, 5, 1000, 3;
1, 256, 0, 0, 0, 0, 4, 999, 2;
1, 256, 0, 1, 1, 1, 5, 1000, 3;
1, 256, 1, 1, 1, 1, 6, 1000, 3;
1, 256, 0, 0, 0, 0, 5, 1000, 3;
1, 256, 0, 0, 0, 0, 4, 999, 2;
1, 256, 1, 1, 1, 1, 6, 1001, 4;
1, 256, 0, 0, 0, 0, 5, 1000, 3;
1, 256, 0, 0, 0, 0, 5, 1000, 3;
1, 256, 0, 0, 0, 0, 4, 999, 2;
1, 256, 0, 0, 0, 0, 5, 1000, 3;
1, 256, 0, 0, 0, 0, 5, 1000, 3;
1, 256, 1, 1, 1, 1, 6, 1001, 4;
1, 256, 0, 0, 0, 0, 4, 999, 2;
1, 256, 1, 1, 1, 1, 6, 1000, 3;
1, 256, 0, 0, 0, 0, 5, 999, 3;
1, 256, 0, 0, 0, 0, 5, 1000, 3;
1, 256, 0, 1, 1, 1, 5, 1000, 3;
1, 256, 0, 0, 0, 0, 5, 1000, 3;
1, 256, 0, 0, 0, 0, 5, 1000, 3;
1, 256, 0, 0, 0, 0, 5, 999, 3;
1, 256, 0, 0, 0, 0, 5, 1000, 3;
1, 256, 0, 0, 0, 0, 4, 999, 2;
1, 256, 0, 0, 0, 0, 5, 999, 3;
1, 256, 0, 0, 0, 0, 5, 1000, 3;
1, 256, 0, 1, 1, 1, 5, 1000, 3;
1, 256, 0, 0, 0, 0, 4, 999, 2;
1, 256, 0, -1, -1, -1, 4, 999, 2;
1, 256, 0, -1, -1, -1, 3, 998, 1;
1, 256, 0, -1, -1, -1, 4, 998, 2;
1, 256, 0, 1, 1, 1, 5, 1000, 3;
1, 256, 0, -1, -1, -1, 3, 998, 1;
1, 256, 0, 0, 0, 0, 4, 999, 2;
1, 256, 0, -1, -1, -1, 4, 998, 2;
1, 256, 0, 0, 0, 0, 5, 1000, 3;
1, 256, 0, -1, -1, -1, 4, 999, 2;
1, 256, 1, 1, 1, 1, 6, 1001, 4;
1, 256, 0, 0, 0, 0, 5, 1000, 3;
1, 256, 0, 1, 1, 1, 5, 1000, 3;
1, 256, 0, 0, 0, 0, 5, 999, 3;
1, 256, 0, 0, 0, 0, 5, 1000, 3;
1, 256, 0, 0, 0, 0, 5, 1000, 3;
1, 256, 0, 0, 0, 0, 4, 999, 2;
1, 256, 1, 1, 1, 1, 5, 1000, 3;
1, 256, 0, 0, 0, 0, 5, 1000, 3;
1, 256, 1, 1, 1, 1, 6, 1001, 4;
1, 256, 0, 0, 0, 0, 5, 1000, 3;
1, 256, 0, 0, 0, 0, 5, 1000, 3;
1, 256, 0, -1, -1, -1, 4, 998, 2;
1, 256, 0, -1, -1, -1, 4, 998, 2;
1, 256, 0, -1, -1, -1, 3, 998, 1;
1, 256, 0, -1, -1, -1, 4, 999, 2;
1, 256, 0, 1, 1, 1, 5, 1000, 3;
1, 256, 0, 0, 0, 0, 5, 999, 3;
1, 256, 0, 0, 0, 0, 5, 999, 2;
1, 256, 0, 0, 0, 0, 5, 1000, 3;
1, 256, 0, -1, -1, -1, 3, 998, 1;
1, 256, 0, -1, -1, -1, 4, 999, 2;
1, 256, 0, -1, -1, -1, 4, 999, 2;
1, 256, 1, 1, 1, 1, 6, 1000, 4;
1, 256, 0, 0, 0, 0, 5, 1000, 3;
1, 256, 1, 1, 1, 1, 6, 1001, 4;
1, 256, 1, 1, 1, 1, 6, 1001, 4;
1, 256, 0, -1, -1, -1, 4, 999, 2;
1, 256, 0, 0, 0, 0, 5, 1000, 3;
1, 256, 0, 1, 1, 1, 5, 1000, 3;
1, 256, 0, 0, 0, 0, 4, 999, 2;
1, 256, 1, 1, 1, 1, 6, 1001, 4;
1, 256, 0, 0, 0, 0, 5, 999, 3;
1, 256, 0, 0, 0, 0, 5, 1000, 3;
1, 256, 0, 0, 0, 0, 5, 1000, 3;
1, 256, 0, 0, 0, 0, 4, 999, 2;
1, 256, 0, -1, -1, -1, 4, 999, 2;
1, 256, 0, 0, 0, 0, 4, 999, 2;
1, 256, 0, -1, -1, -1, 4, 999, 2;
1, 256, 0, 0, 0, 0, 5, 1000, 3;
1, 256, 0, -1, -1, -1, 4, 999, 2;
1, 256, 1, 1, 1, 1, 5, 1000, 3;
1, 256, 1, 1, 1, 1, 6, 1000, 4;
1, 256, 0, -1, -1, -1, 4, 999, 2;
1, 256, 0, 0, 0, 0, 4, 999, 2;
1, 256, 1, 1, 1, 1, 5, 1000, 3;
1, 256, 0, 0, 0, 0, 5, 1000, 3;
1, 256, 0, 0, 0, 0, 5, 1000, 3;
1, 256, 1, 1, 1, 1, 6, 1000, 4;
1, 256, 0, -1, -1, -1, 4, 999, 2;
1, 256, 0, 1, 1, 1, 5, 1000, 3;
1, 256, 0, -1, -1, -1, 4, 998, 2;
1, 256, 0, 0, 0, 0, 5, 999, 3;
1, 256, 0, 0, 0, 0, 4, 999, 2;
1, 256, 0, 0, 0, 0, 4, 999, 2;
1, 256, 0, 0, 0, 0, 5, 1000, 3;
1, 256, 0, 0, 0, 0, 5, 1000, 3;
1, 256, 0, -1, -1, -1, 4, 999, 2;
1, 256, 0, 0, 0, 0, 5, 1000, 3;
1, 256, 0, 0, 0, 0, 4, 999, 2;
1, 256, 0, -1, -1, -1, 3, 998, 1;
1, 256, 1, 1, 1, 1, 6, 1001, 4;
1, 256, 0, 0, 0, 0, 4, 999, 2;
1, 256, 1, 1, 1, 1, 5, 1000, 3;
1, 256, 1, 1, 1, 1, 6, 1000, 3;
1, 256, 0, 0, 0, 0, 5, 1000, 3;
1, 256, 0, 0, 0, 0, 4, 999, 2;
1, 256, 0, 0, 0, 0, 4, 999, 2;
1, 256, 0, -1, -1, -1, 4, 999, 2;
1, 256, 0, -1, -1, -1, 4, 999, 2;
1, 256, 0, 0, 0, 0, 4, 999, 2;
1, 256, 0, 0, 0, 0, 5, 1000, 3;
1, 256, 0, -1, -1, -1, 3, 998, 1;
1, 256, 0, 0, 0, 0, 4, 999, 2;
1, 256, 0, 0, 0, 0, 5, 999, 3;
1, 256, 0, -1, -1, -1, 4, 999, 2;
1, 256, 0, 1, 1, 1, 5, 1000, 3;
1, 256, 0, -1, -1, -1, 4, 998, 1;
1, 256, 0, 0, 0, 0, 5, 1000, 3;
1, 256, 1, 1, 1, 1, 6, 1000, 3;
1, 256, 0, -1, -1, -1, 4, 999, 2;
1, 256, 0, 0, 0, 0, 5, 1000, 3;
1, 256, 0, 0, 0, 0, 5, 1000, 3;
1, 256, 0, 0, 0, 0, 5, 1000, 3;
1, 256, 0, -1, -1, -1, 4, 998, 2;
1, 256, 0, 0, 0, 0, 4, 999, 2;
1, 256, 1, 1, 1, 1, 6, 1000, 4;
1, 256, 0, -1, -1, -1, 4, 999, 2;
1, 256, 0, 0, 0, 0, 4, 999, 2;
1, 256, 0, 0, 0, 0, 5, 1000, 3;
1, 256, 0, 0, 0, 0, 4, 999, 2;
1, 256, 0, -1, -1, -1, 4, 999, 2;
1, 256, 0, 0, 0, 0, 5, 1000, 3;
1, 256, 0, -1, -1, -1, 4, 999, 2;
1, 256, 0, -1, -1, -1, 4, 999, 2;
1, 256, 0, 0, 0, 0, 4, 999, 2;
1, 256, 0, 0, 0, 0, 5, 1000, 3;
1, 256, 1, 1, 1, 1, 6, 1001, 4;
1, 256, 0, 0, 0, 0, 4, 999, 2;
1, 256, 0, -1, -1, -1, 4, 999, 2;
1, 256, 0, 0, 0, 0, 5, 999, 3;
1, 256, 0, 0, 0, 0, 4, 999, 2;
1, 256, 0, -1, -1, -1, 3, 998, 1;
1, 256, 0, 0, 0, 0, 4, 999, 2;
1, 256, 0, 0, 0, 0, 4, 999, 2;
1, 256, 0, 1, 1, 1, 5, 1000, 3;
1, 256, 0, 0, 0, 0, 5, 1000, 3;
1, 256, 0, -1, -1, -1, 4, 999, 2;
1, 256, 0, 1, 1, 1, 5, 1000, 3;
1, 256, 0, -1, -1, -1, 3, 998, 1;
1, 256, 0, 0, 0, 0, 5, 1000, 3;
1, 256, 0, 0, 0, 0, 5, 1000, 3;
1, 256, 0, 0, 0, 0, 5, 1000, 3;
1, 256, 0, 0, 0, 0, 4, 999, 2;
1, 256, 0, 0, 0, 0, 4, 999, 2;
1, 256, 0, 0, 0, 0, 5, 1000, 3;
1, 256, 0, 0, 0, 0, 5, 1000, 3;
1, 256, 1, 1, 1, 1, 6, 1001, 4;
1, 256, 0, 0, 0, 0, 5, 1000, 3;
1, 256, 0, -1, -1, -1, 4, 999, 2;
1, 256, 0, -1, -1, -1, 4, 999, 2;
1, 256, 0, 1, 1, 1, 5, 1000, 3;
1, 256, 0, -1, -1, -1, 4, 999, 2;
1, 256, 0, 0, 0, 0, 5, 1000, 3;
1, 256, 0, 0, 0, 0, 4, 999, 2;
1, 256, 0, 0, 0, 0, 4, 999, 2;
1, 256, 0, -1, -1, -1, 4, 999, 2;
1, 256, 0, 0, 0, 0, 5, 1000, 3;
1, 256, 0, -1, -1, -1, 3, 998, 1;
1, 256, 1, 1, 1, 1, 6, 1000, 4;
1, 256, 0, -1, -1, -1, 4, 999, 2;
1, 256, 1, 1, 1, 1, 6, 1001, 4;
1, 256, 1, 1, 1, 1, 6, 1000, 3;
1, 256, 0, 1, 1, 1, 5, 1000, 3;
1, 256, 1, 1, 1, 1, 6, 1001, 4;
1, 256, 1, 1, 1, 1, 6, 1001, 4;
0, 256, 0, -1, -1, -1, 3, 998, 1;
1, 256, 1, 1, 1, 1, 6, 1000, 4;
1, 256, 0, 0, 0, 0, 5, 1000, 3;
1, 256, 0, 0, 0, 0, 4, 999, 2;
1, 256, 0, -1, -1, -1, 4, 999, 2;
1, 256, 0, -1, -1, -1, 4, 999, 2;
1, 256, 1, 1, 1, 1, 6, 1001, 4;
0, 256, 0, -1, -1, -1, 3, 998, 1;
1, 256, 0, 0, 0, 0, 4, 999, 2;
1, 256, 0, 0, 0, 0, 4, 999, 2;
1, 256, 0, -1, -1, -1, 4, 998, 1;
1, 256, 0, 0, 0, 0, 5, 1000, 3;
1, 256, 1, 1, 1, 1, 5, 1000, 3;
1, 256, 0, -1, -1, -1, 4, 999, 2;
1, 256, 0, 0, 0, 0, 4, 999, 2;
1, 256, 0, -1, -1, -1, 4, 999, 2;
1, 256, 1, 1, 1, 1, 6, 1000, 4;
1, 256, 0, -1, -1, -1, 4, 999, 2;
1, 256, 0, -1, -1, -1, 4, 998, 2;
1, 256, 0, 1, 1, 1, 5, 1000, 3;
1, 256, 0, 0, 0, 0, 4, 999, 2;
1, 256, 1, 1, 1, 1, 6, 1001, 4;
1, 256, 0, -1, -1, -1, 4, 999, 2;
1, 256, 0, 0, 0, 0, 4, 999, 2;
1, 256, 0, -1, -1, -1, 4, 999, 2;
1, 256, 0, 1, 1, 1, 5, 1000, 3;
1, 256, 1, 1, 1, 1, 6, 1000, 4;
1, 256, 0, 0, 0, 0, 4, 999, 2;
1, 256, 0, -1, -1, -1, 4, 998, 1;
1, 256, 0, 1, 1, 1, 5, 1000, 3;
1, 256, 0, 0, 0, 0, 5, 1000, 3;
0, 256, 0, -1, -1, -1, 3, 998, 1;
1, 256, 0, 1, 1, 1, 5, 1000, 3;
1, 256, 0, -1, -1, -1, 3, 998, 1;
1, 256, 0, -1, -1, -1, 4, 999, 2;
1, 256, 0, 0, 0, 0, 5, 1000, 3;
1, 256, 0, 0, 0, 0, 4, 999, 2;
1, 256, 0, 0, 0, 0, 5, 1000, 3;
1, 256, 0, 0, 0, 0, 4, 999, 2;
1, 256, 0, -1, -1, -1, 4, 999, 2;
1, 256, 0, 0, 0, 0, 4, 999, 2;
1, 256, 0, 0, 0, 0, 4, 999, 2;
1, 256, 0, 0, 0, 0, 4, 999, 2;
1, 256, 0, 0, 0, 0, 5, 999, 2;
1, 256, 0, -1, -1, -1, 4, 999, 2;
1, 256, 1, 1, 1, 1, 6, 1001, 4;
1, 256, 0, 1, 1, 1, 5, 1000, 3;
1, 256, 0, 0, 0, 0, 5, 1000, 3;
1, 256, 1, 1, 1, 1, 6, 1000, 4;
1, 256, 0, 0, 0, 0, 4, 999, 2;
1, 256, 0, -1, -1, -1, 4, 998, 1;
1, 256, 0, 0, 0, 0, 5, 1000, 3;
1, 256, 0, -1, -1, -1, 4, 999, 2;
1, 256, 0, 0, 0, 0, 5, 1000, 3;
1, 256, 0, -1, -1, -1, 4, 999, 2;
1, 256, 0, -1, -1, -1, 3, 998, 1;
1, 256, 0, -1, -1, -1, 4, 999, 2;
1, 256, 0, 0, 0, 0, 5, 1000, 3;
1, 256, 1, 1, 1, 1, 6, 1001, 4;
1, 256, 0, 0, 0, 0, 4, 999, 2;
1, 256, 0, 1, 1, 1, 5, 1000, 3;
1, 256, 0, -1, -1, -1, 4, 999, 2;
0, 256, 0, -1, -1, -1, 3, 998, 1;
1, 256, 0, -1, -1, -1, 4, 998, 2;
1, 256, 0, 0, 0, 0, 5, 999, 3;
1, 256, 0, 1, 1, 1, 5, 1000, 3;
1, 256, 0, 0, 0, 0, 5, 1000, 3;
1, 256, 1, 1, 1, 1, 5, 1000, 3;
1, 256, 0, 0, 0, 0, 5, 1000, 3;
1, 256, 0, -1, -1, -1, 4, 998, 1;
1, 256, 0, 0, 0, 0, 4, 999, 2;
1, 256, 0, 0, 0, 0, 4, 999, 2;
1, 256, 0, 1, 1, 1, 5, 1000, 3;
1, 256, 0, 1, 1, 1, 5, 1000, 3;
1, 256, 0, -1, -1, -1, 4, 999, 2;
1, 256, 0, 0, 0, 0, 4, 999, 2;
1, 256, 0, -1, -1, -1, 4, 999, 2;
1, 256, 0, -1, -1, -1, 4, 999, 2;
1, 256, 0, 0, 0, 0, 4, 999, 2;
1, 256, 0, -1, -1, -1, 4, 999, 2;
1, 256, 0, 0, 0, 0, 4, 999, 2;
1, 256, 0, 0, 0, 0, 5, 1000, 3;
1, 256, 0, 1, 1, 1, 5, 1000, 3;
1, 256, 0, 0, 0, 0, 4, 999, 2;
1, 256, 0, 0, 0, 0, 4, 999, 2;
1, 256, 1, 1, 1, 1, 6, 1001, 4;
1, 256, 0, 0, 0, 0, 4, 999, 2;
1, 256, 0, 0, 0, 0, 5, 999, 3;
1, 256, 0, 0, 0, 0, 4, 999, 2;
1, 256, 0, 0, 0, 0, 4, 999, 2;
1, 256, 0, 1, 1, 1, 5, 1000, 3;
1, 256, 0, 0, 0, 0, 5, 1000, 3;
1, 256, 0, 0, 0, 0, 4, 999, 2;
1, 256, 0, 1, 1, 1, 5, 1000, 3;
1, 256, 0, -1, -1, -1, 4, 999, 2;
1, 256, 0, -1, -1, -1, 4, 998, 2;
1, 256, 0, 0, 0, 0, 5, 1000, 3;
1, 256, 0, 0, 0, 0, 5, 1000, 3;
1, 256, 0, 0, 0, 0, 4, 999, 2;
1, 256, 0, -1, -1, -1, 4, 998, 2;
1, 256, 0, -1, -1, -1, 4, 999, 2;
1, 256, 0, 1, 1, 1, 5, 1000, 3;
1, 256, 0, -1, -1, -1, 4, 999, 2;
1, 256, 0, 0, 0, 0, 5, 1000, 3;
1, 256, 0, -1, -1, -1, 4, 998, 2;
1, 256, 0, 0, 0, 0, 4, 999, 2;
1, 256, 0, -1, -1, -1, 4, 999, 2;
1, 256, 0, 0, 0, 0, 4, 999, 2;
1, 256, 0, 0, 0, 0, 5, 1000, 3;
1, 256, 0, 0, 0, 0, 5, 1000, 3;
1, 256, 0, 0, 0, 0, 4, 999, 2;
1, 256, 1, 1, 1, 1, 6, 1001, 4;
1, 256, 0, 0, 0, 0, 5, 1000, 3;
1, 256, 0, 0, 0, 0, 5, 1000, 3;
1, 256, 0, 0, 0, 0, 4, 999, 2;
1, 256, 0, 1, 1, 1, 5, 1000, 3;
1, 256, 0, 0, 0, 0, 5, 1000, 3;
1, 256, 0, 0, 0, 0, 5, 1000, 3;
1, 256, 1, 1, 1, 1, 6, 1001, 4;
1, 256, 0, 0, 0, 0, 4, 999, 2;
1, 256, 0, 0, 0, 0, 5, 999, 3;
1, 256, 0, 0, 0, 0, 5, 1000, 3;
1, 256, 0, 0, 0, 0, 5, 1000, 3;
1, 256, 0, 0, 0, 0, 5, 1000, 3;
1, 256, 1, 1, 1, 1, 6, 1001, 4;
1, 256, 1, 1, 1, 1, 6, 1000, 4;
1, 256, 0, -1, -1, -1, 4, 999, 2;
1, 256, 0, 0, 0, 0, 4, 999, 2;
1, 256, 1, 1, 1, 1, 5, 1000, 3;
1, 256, 0, -1, -1, -1, 3, 998, 1;
1, 256, 1, 1, 1, 1, 6, 1000, 4;
1, 256, 0, 0, 0, 0, 4, 999, 2;
1, 256, 0, -1, -1, -1, 3, 998, 1;
1, 256, 0, 0, 0, 0, 5, 1000, 3;
1, 256, 0, 1, 1, 1, 5, 1000, 3;
1, 256, 0, 0, 0, 0, 4, 999, 2;
1, 256, 0, 0, 0, 0, 4, 999, 2;
1, 256, 0, -1, -1, -1, 4, 999, 2;
1, 256, 0, -1, -1, -1, 4, 999, 2;
1, 256, 0, 0, 0, 0, 5, 999, 2;
1, 256, 0, 0, 0, 0, 5, 1000, 3;
1, 256, 0, 0, 0, 0, 5, 1000, 3;
1, 256, 0, 0, 0, 0, 4, 999, 2;
1, 256, 0, 0, 0, 0, 5, 1000, 3;
1, 256, 0, 0, 0, 0, 5, 999, 3;
1, 256, 0, 0, 0, 0, 4, 999, 2;
1, 256, 0, 0, 0, 0, 4, 999, 2;
1, 256, 0, -1, -1, -1, 4, 999, 2;
1, 256, 0, 1, 1, 1, 5, 1000, 3;
1, 256, 0, 0, 0, 0, 4, 999, 2;
1, 256, 0, 0, 0, 0, 5, 1000, 3;
1, 256, 1, 1, 1, 1, 5, 1000, 3;
1, 256, 1, 1, 1, 1, 6, 1001, 4;
1, 256, 0, 0, 0, 0, 5, 1000, 3;
1, 256, 0, 0, 0, 0, 4, 999, 2;
1, 256, 0, -1, -1, -1, 4, 999, 2;
1, 256, 0, -1, -1, -1, 4, 999, 2;
1, 256, 0, -1, -1, -1, 4, 999, 2;
1, 256, 0, 0, 0, 0, 5, 1000, 3;
1, 256, 0, 0, 0, 0, 4, 999, 2;
1, 256, 0, 0, 0, 0, 4, 999, 2;
1, 256, 0, 0, 0, 0, 4, 999, 2;
1, 256, 0, 0, 0, 0, 5, 1000, 3;
1, 256, 1, 1, 1, 1, 6, 1001, 4;
1, 256, 0, 0, 0, 0, 5, 1000, 3;
1, 256, 0, 0, 0, 0, 4, 999, 2;
1, 256, 0, 0, 0, 0, 5, 1000, 3;
1, 256, 0, 0, 0, 0, 5, 1000, 3;
1, 256, 1, 1, 1, 1, 6, 1001, 4;
1, 256, 0, 0, 0, 0, 5, 1000, 3;
1, 256, 1, 1, 1, 1, 6, 1001, 4;
1, 256, 0, 0, 0, 0, 5, 1000, 3;
1, 256, 0, 0, 0, 0, 5, 1000, 3;
1, 256, 1, 1, 1, 1, 6, 1001, 4;
1, 256, 0, 0, 0, 0, 5, 1000, 3;
1, 256, 0, 0, 0, 0, 5, 999, 3;
1, 256, 0, -1, -1, -1, 4, 998, 2;
1, 256, 1, 1, 1, 1, 6, 1000, 4;
1, 256, 1, 1, 1, 1, 6, 1001, 4;
1, 256, 0, 0, 0, 0, 4, 999, 2;
1, 256, 0, -1, -1, -1, 4, 999, 2;
1, 256, 1, 1, 1, 1, 6, 1001, 4;
1, 256, 1, 1, 1, 1, 6, 1001, 4;
1, 256, 0, 1, 1, 1, 5, 1000, 3;
1, 256, 1, 1, 1, 1, 6, 1000, 3;
1, 256, 0, 0, 0, 0, 4, 999, 2;
1, 256, 0, -1, -1, -1, 4, 999, 2;
1, 256, 0, -1, -1, -1, 3, 998, 1;
1, 256, 0, 0, 0, 0, 4, 999, 2;
1, 256, 0, 1, 1, 1, 5, 1000, 3;
1, 256, 0, 0, 0, 0, 5, 1000, 3;
1, 256, 1, 1, 1, 1, 6, 1001, 4;
1, 256, 0, 0, 0, 0, 5, 1000, 3;
1, 256, 1, 1, 1, 1, 6, 1001, 4;
1, 256, 1, 1, 1, 1, 5, 1000, 3;
1, 256, 1, 1, 1, 1, 6, 1001, 4;
1, 256, 0, 0, 0, 0, 5, 1000, 3;
1, 256, 0, 1, 1, 1, 5, 1000, 3;
1, 256, 1, 1, 1, 1, 6, 1001, 4;
1, 256, 0, 0, 0, 0, 5, 1000, 3;
1, 256, 0, 0, 0, 0, 4, 999, 2;
1, 256, 0, -1, -1, -1, 4, 998, 2;
1, 256, 0, 0, 0, 0, 5, 1000, 3;
1, 256, 0, 0, 0, 0, 5, 1000, 3;
1, 256, 0, 1, 1, 1, 5, 1000, 3;
1, 256, 0, 1, 1, 1, 5, 1000, 3;
1, 256, 0, -1, -1, -1, 4, 999, 2;
1, 256, 0, 0, 0, 0, 5, 1000, 3;
1, 256, 0, 1, 1, 1, 5, 1000, 3;
1, 256, 0, -1, -1, -1, 4, 999, 2;
1, 256, 0, 0, 0, 0, 5, 1000, 3;
1, 256, 0, 0, 0, 0, 4, 999, 2;
1, 256, 0, 0, 0, 0, 4, 999, 2;
1, 256, 0, 0, 0, 0, 5, 1000, 3;
1, 256, 0, 0, 0, 0, 5, 1000, 3;
1, 256, 0, 0, 0, 0, 4, 999, 2;
1, 256, 0, 0, 0, 0, 5, 1000, 3;
1, 256, 0, 0, 0, 0, 4, 999, 2;
1, 256, 0, 1, 1, 1, 5, 1000, 3;
1, 256, 0, 1, 1, 1, 5, 1000, 3;
1, 256, 0, 0, 0, 0, 4, 999, 2;
1, 256, 0, 0, 0, 0, 4, 999, 2;
1, 256, 0, -1, -1, -1, 4, 999, 2;
1, 256, 0, 0, 0, 0, 5, 1000, 3;
1, 256, 1, 1, 1, 1, 5, 1000, 3;
1, 256, 0, 0, 0, 0, 5, 1000, 3;
1, 256, 0, 0, 0, 0, 5, 1000, 3;
1, 256, 1, 1, 1, 1, 6, 1001, 4;
1, 256, 0, 0, 0, 0, 4, 999, 2;
1, 256, 0, 0, 0, 0, 4, 999, 2;
1, 256, 0, 1, 1, 1, 5, 1000, 3;
1, 256, 0, -1, -1, -1, 3, 998, 1;
1, 256, 0, 0, 0, 0, 5, 1000, 3;
1, 256, 0, 1, 1, 1, 5, 1000, 3;
1, 256, 0, 0, 0, 0, 5, 1000, 3;
1, 256, 0, -1, -1, -1, 4, 999, 2;
1, 256, 0, -1, -1, -1, 4, 998, 2;
1, 256, 0, 0, 0, 0, 5, 1000, 3;
1, 256, 0, 1, 1, 1, 5, 1000, 3;
1, 256, 0, 1, 1, 1, 5, 1000, 3;
1, 256, 0, 0, 0, 0, 5, 1000, 3;
0, 256, 0, -1, -1, -1, 3, 998, 1;
1, 256, 1, 1, 1, 1, 6, 1001, 4;
1, 256, 0, 0, 0, 0, 5, 999, 3;
1, 256, 0, 1, 1, 1, 5, 1000, 3;
1, 256, 0, 0, 0, 0, 4, 999, 2;
1, 256, 0, 0, 0, 0, 5, 1000, 3;
1, 256, 0, -1, -1, -1, 4, 999, 2;
1, 256, 0, 1, 1, 1, 5, 1000, 3;
1, 256, 0, 0, 0, 0, 5, 1000, 3;
1, 256, 0, -1, -1, -1, 3, 998, 1;
1, 256, 0, 0, 0, 0, 4, 999, 2;
1, 256, 0, -1, -1, -1, 4, 998, 1;
1, 256, 1, 1, 1, 1, 6, 1000, 3;
1, 256, 0, 0, 0, 0, 4, 999, 2;
1, 256, 1, 1, 1, 1, 6, 1001, 4;
1, 256, 0, 0, 0, 0, 5, 1000, 3;
1, 256, 0, -1, -1, -1, 4, 999, 2;
1, 256, 0, 0, 0, 0, 4, 999, 2;
1, 256, 0, 0, 0, 0, 5, 1000, 3;
1, 256, 0, 0, 0, 0, 4, 999, 2;
1, 256, 1, 1, 1, 1, 6, 1001, 4;
1, 256, 0, 0, 0, 0, 4, 999, 2;
1, 256, 0, -1, -1, -1, 3, 998, 1;
1, 256, 0, 0, 0, 0, 4, 999, 2;
1, 256, 1, 1, 1, 1, 6, 1001, 4;
1, 256, 0, 1, 1, 1, 5, 1000, 3;
1, 256, 0, 0, 0, 0, 4, 999, 2;
1, 256, 0, -1, -1, -1, 4, 999, 2;
1, 256, 0, 0, 0, 0, 4, 999, 2;
1, 256, 1, 1, 1, 1, 6, 1001, 4;
1, 256, 0, -1, -1, -1, 4, 999, 2;
1, 256, 0, 0, 0, 0, 4, 999, 2;
1, 256, 0, 0, 0, 0, 4, 999, 2;
1, 256, 0, 0, 0, 0, 4, 999, 2;
1, 256, 0, 0, 0, 0, 5, 1000, 3;
1, 256, 0, -1, -1, -1, 4, 998, 2;
1, 256, 1, 1, 1, 1, 6, 1001, 4;
1, 256, 1, 1, 1, 1, 6, 1000, 4;
1, 256, 1, 1, 1, 1, 6, 1001, 4;
1, 256, 0, 0, 0, 0, 5, 1000, 3;
1, 256, 0, -1, -1, -1, 3, 998, 1;
1, 256, 0, 0, 0, 0, 4, 999, 2;
1, 256, 0, 0, 0, 0, 5, 1000, 3;
1, 256, 0, 0, 0, 0, 4, 999, 2;
1, 256, 0, -1, -1, -1, 4, 999, 2;
1, 256, 0, 0, 0, 0, 5, 1000, 3;
1, 256, 0, 1, 1, 1, 5, 1000, 3;
1, 256, 0, -1, -1, -1, 4, 999, 2;
1, 256, 0, -1, -1, -1, 4, 999, 2;
1, 256, 1, 1, 1, 1, 6, 1000, 4;
1, 256, 0, 0, 0, 0, 5, 1000, 3;
1, 256, 0, 0, 0, 0, 4, 999, 2;
1, 256, 0, 0, 0, 0, 4, 999, 2;
1, 256, 0, 0, 0, 0, 4, 999, 2;
1, 256, 0, 0, 0, 0, 5, 999, 2;
1, 256, 0, 0, 0, 0, 5, 1000, 3;
1, 256, 0, -1, -1, -1, 4, 999, 2;
1, 256, 1, 1, 1, 1, 6, 1001, 4;
1, 256, 0, -1, -1, -1, 4, 999, 2;
1, 256, 0, -1, -1, -1, 4, 999, 2;
1, 256, 1, 1, 1, 1, 6, 1001, 4;
1, 256, 0, 0, 0, 0, 5, 1000, 3;
1, 256, 0, 0, 0, 0, 5, 1000, 3;
1, 256, 0, 0, 0, 0, 4, 999, 2;
1, 256, 0, 1, 1, 1, 5, 1000, 3;
1, 256, 1, 1, 1, 1, 6, 1001, 4;
1, 256, 0, -1, -1, -1, 4, 999, 2;
1, 256, 0, 0, 0, 0, 5, 999, 2;
1, 256, 1, 1, 1, 1, 6, 1001, 4;
1, 256, 0, 1, 1, 1, 5, 1000, 3;
1, 256, 0, 0, 0, 0, 4, 999, 2;
1, 256, 0, -1, -1, -1, 4, 998, 1;
1, 256, 0, 0, 0, 0, 5, 1000, 3;
1, 256, 1, 1, 1, 1, 6, 1001, 4;
1, 256, 0, 1, 1, 1, 5, 1000, 3;
1, 256, 0, 0, 0, 0, 5, 1000, 3;
1, 256, 0, 0, 0, 0, 4, 999, 2;
1, 256, 0, 0, 0, 0, 5, 999, 3;
1, 256, 0, 0, 0, 0, 4, 999, 2;
1, 256, 0, -1, -1, -1, 4, 998, 2;
1, 256, 0, -1, -1, -1, 4, 999, 2;
1, 256, 0, 0, 0, 0, 4, 999, 2;
1, 256, 1, 1, 1, 1, 6, 1001, 4;
1, 256, 1, 1, 1, 1, 6, 1001, 4;
1, 256, 0, 0, 0, 0, 5, 1000, 3;
1, 256, 0, -1, -1, -1, 4, 998, 2;
1, 256, 0, 0, 0, 0, 4, 999, 2;
1, 256, 0, -1, -1, -1, 4, 998, 2;
1, 256, 0, -1, -1, -1, 4, 999, 2;
1, 256, 1, 1, 1, 1, 6, 1000, 3;
1, 256, 0, -1, -1, -1, 4, 999, 2;
1, 256, 0, -1, -1, -1, 4, 999, 2;
1, 256, 0, 0, 0, 0, 5, 1000, 3;
1, 256, 0, 0, 0, 0, 5, 1000, 3;
1, 256, 0, 0, 0, 0, 4, 999, 2;
1, 256, 0, -1, -1, -1, 4, 999, 2;
1, 256, 0, 0, 0, 0, 5, 1000, 3;
1, 256, 0, 1, 1, 1, 5, 1000, 3;
1, 256, 0, 0, 0, 0, 5, 1000, 3;
1, 256, 0, 0, 0, 0, 4, 999, 2;
1, 256, 0, 0, 0, 0, 4, 999, 2;
1, 256, 1, 1, 1, 1, 6, 1000, 4;
1, 256, 0, 0, 0, 0, 5, 1000, 3;
1, 256, 0, 0, 0, 0, 4, 999, 2;
1, 256, 0, 0, 0, 0, 4, 999, 2;
1, 256, 0, 0, 0, 0, 4, 999, 2;
1, 256, 0, 0, 0, 0, 4, 999, 2;
1, 256, 0, 0, 0, 0, 4, 999, 2;
0, 256, 0, -1, -1, -1, 3, 998, 1;
1, 256, 0, 0, 0, 0, 5, 1000, 3;
1, 256, 0, 0, 0, 0, 5, 1000, 3;
1, 256, 0, 0, 0, 0, 5, 999, 3;
1, 256, 0, 0, 0, 0, 5, 1000, 3;
1, 256, 0, -1, -1, -1, 4, 999, 2;
1, 256, 0, -1, -1, -1, 4, 998, 2;
1, 256, 0, -1, -1, -1, 4, 999, 2;
1, 256, 0, -1, -1, -1, 4, 999, 2;
1, 256, 0, -1, -1, -1, 3, 998, 1;
1, 256, 1, 1, 1, 1, 6, 1001, 4;
1, 256, 0, 0, 0, 0, 5, 1000, 3;
1, 256, 0, 0, 0, 0, 4, 999, 2;
1, 256, 0, -1, -1, -1, 3, 998, 1;
1, 256, 0, -1, -1, -1, 4, 999, 2;
1, 256, 0, 0, 0, 0, 5, 1000, 3;
1, 256, 0, -1, -1, -1, 3, 998, 1;
1, 256, 0, 1, 1, 1, 5, 1000, 3;
1, 256, 0, 0, 0, 0, 5, 999, 3;
1, 256, 0, 0, 0, 0, 5, 999, 2;
1, 256, 0, -1, -1, -1, 4, 999, 2;
1, 256, 0, 0, 0, 0, 5, 1000, 3;
1, 256, 0, 0, 0, 0, 5, 1000, 3;
1, 256, 0, 0, 0, 0, 4, 999, 2;
1, 256, 0, -1, -1, -1, 4, 999, 2;
1, 256, 0, 0, 0, 0, 4, 999, 2;
1, 256, 0, 0, 0, 0, 5, 1000, 3;
1, 256, 0, 1, 1, 1, 5, 1000, 3;
1, 256, 0, 0, 0, 0, 4, 999, 2;
1, 256, 1, 1, 1, 1, 6, 1001, 4;
1, 256, 0, -1, -1, -1, 3, 998, 1;
1, 256, 0, -1, -1, -1, 4, 999, 2;
1, 256, 0, -1, -1, -1, 4, 999, 2;
1, 256, 1, 1, 1, 1, 6, 1001, 4;
1, 256, 0, -1, -1, -1, 4, 999, 2;
1, 256, 0, -1, -1, -1, 4, 998, 2;
1, 256, 1, 1, 1, 1, 6, 1001, 4;
1, 256, 0, 0, 0, 0, 5, 1000, 3;
1, 256, 0, 0, 0, 0, 5, 1000, 3;
1, 256, 0, 0, 0, 0, 4, 999, 2;
1, 256, 0, 0, 0, 0, 4, 999, 2;
1, 256, 0, 0, 0, 0, 4, 999, 2;
1, 256, 0, 0, 0, 0, 4, 999, 2;
1, 256, 1, 1, 1, 1, 6, 1001, 4;
1, 256, 0, 1, 1, 1, 5, 1000, 3;
1, 256, 0, 0, 0, 0, 5, 1000, 3;
1, 256, 0, -1, -1, -1, 4, 998, 2;
1, 256, 0, -1, -1, -1, 4, 999, 2;
1, 256, 0, 0, 0, 0, 5, 1000, 3;
1, 256, 0, 0, 0, 0, 4, 999, 2;
1, 256, 0, 0, 0, 0, 4, 999, 2;
1, 256, 0, -1, -1, -1, 4, 998, 2;
1, 256, 0, -1, -1, -1, 4, 999, 2;
1, 256, 0, 0, 0, 0, 5, 1000, 3;
1, 256, 0, 0, 0, 0, 4, 999, 2;
1, 256, 0, -1, -1, -1, 4, 998, 2;
1, 256, 0, 0, 0, 0, 5, 1000, 3;
1, 256, 0, 0, 0, 0, 5, 999, 3;
1, 256, 0, -1, -1, -1, 4, 998, 2;
1, 256, 0, -1, -1, -1, 4, 999, 2;
1, 256, 0, 0, 0, 0, 5, 999, 2;
1, 256, 0, 0, 0, 0, 5, 1000, 3;
1, 256, 0, 0, 0, 0, 5, 1000, 3;
1, 256, 0, -1, -1, -1, 3, 998, 1;
1, 256, 0, 0, 0, 0, 5, 1000, 3;
1, 256, 0, 0, 0, 0, 5, 1000, 3;
1, 256, 0, 0, 0, 0, 5, 1000, 3;
1, 256, 0, 0, 0, 0, 5, 1000, 3;
1, 256, 1, 1, 1, 1, 6, 1001, 4;
1, 256, 0, 0, 0, 0, 4, 999, 2;
1, 256, 0, 1, 1, 1, 5, 1000, 3;
1, 256, 0, 0, 0, 0, 4, 999, 2;
1, 256, 0, 0, 0, 0, 5, 1000, 3;
1, 256, 0, 0, 0, 0, 5, 1000, 3;
1, 256, 0, -1, -1, -1, 4, 999, 2;
1, 256, 0, -1, -1, -1, 3, 998, 1;
1, 256, 0, -1, -1, -1, 4, 999, 2;
1, 256, 1, 1, 1, 1, 6, 1001, 4;
1, 256, 0, 0, 0, 0, 4, 999, 2;
1, 256, 0, -1, -1, -1, 4, 999, 2;
1, 256, 0, 0, 0, 0, 4, 999, 2;
1, 256, 0, 1, 1, 1, 5, 1000, 3;
1, 256, 0, -1, -1, -1, 4, 999, 2;
1, 256, 0, 0, 0, 0, 5, 1000, 3;
1, 256, 0, 0, 0, 0, 5, 1000, 3;
1, 256, 0, -1, -1, -1, 4, 999, 2;
1, 256, 0, 0, 0, 0, 4, 999, 2;
1, 256, 0, -1, -1, -1, 4, 999, 2;
1, 256, 0, 0, 0, 0, 5, 1000, 3;
1, 256, 0, -1, -1, -1, 3, 998, 1;
1, 256, 1, 1, 1, 1, 6, 1001, 4;
1, 256, 0, 0, 0, 0, 4, 999, 2;
1, 256, 0, 0, 0, 0, 5, 1000, 3;
1, 256, 0, -1, -1, -1, 4, 998, 2;
1, 256, 0, 1, 1, 1, 5, 1000, 3;
1, 256, 0, -1, -1, -1, 4, 999, 2;
1, 256, 0, 0, 0, 0, 5, 1000, 3;
1, 256, 0, 0, 0, 0, 4, 999, 2;
1, 256, 0, 0, 0, 0, 5, 999, 3;
1, 256, 0, 0, 0, 0, 4, 999, 2;
1, 256, 0, -1, -1, -1, 4, 999, 2;
1, 256, 0, 0, 0, 0, 4, 999, 2;
0, 256, 0, -1, -1, -1, 3, 998, 1;
1, 256, 0, 0, 0, 0, 5, 1000, 3;
1, 256, 0, 0, 0, 0, 4, 999, 2;
1, 256, 1, 1, 1, 1, 6, 1001, 4;
1, 256, 0, -1, -1, -1, 4, 999, 2;
1, 256, 1, 1, 1, 1, 6, 1001, 4;
1, 256, 1, 1, 1, 1, 6, 1001, 4;
1, 256, 0, 0, 0, 0, 4, 999, 2;
1, 256, 0, 0, 0, 0, 4, 999, 2;
1, 256, 0, 0, 0, 0, 4, 999, 2;
1, 256, 0, 0, 0, 0, 5, 1000, 3;
1, 256, 0, 0, 0, 0, 4, 999, 2;
1, 256, 0, 0, 0, 0, 4, 999, 2;
1, 256, 0, -1, -1, -1, 4, 998, 1;
1, 256, 0, 1, 1, 1, 5, 1000, 3;
1, 256, 1, 1, 1, 1, 6, 1001, 4;
1, 256, 0, 0, 0, 0, 5, 1000, 3;
1, 256, 1, 1, 1, 1, 5, 1000, 3;
1, 256, 0, 0, 0, 0, 5, 1000, 3;
1, 256, 0, 0, 0, 0, 4, 999, 2;
1, 256, 0, 1, 1, 1, 5, 1000, 3;
1, 256, 0, -1, -1, -1, 4, 999, 2;
1, 256, 1, 1, 1, 1, 6, 1001, 4;
1, 256, 0, 0, 0, 0, 5, 1000, 3;
1, 256, 0, 1, 1, 1, 5, 1000, 3;
1, 256, 0, 0, 0, 0, 5, 1000, 3;
1, 256, 1, 1, 1, 1, 6, 1001, 4;
1, 256, 0, 0, 0, 0, 5, 1000, 3;
1, 256, 0, -1, -1, -1, 3, 998, 1;
1, 256, 0, 0, 0, 0, 5, 1000, 3;
1, 256, 1, 1, 1, 1, 6, 1001, 4;
1, 256, 0, 0, 0, 0, 5, 1000, 3;
1, 256, 0, 0, 0, 0, 5, 1000, 3;
1, 256, 1, 1, 1, 1, 6, 1001, 4;
1, 256, 0, -1, -1, -1, 4, 998, 1;
1, 256, 0, 0, 0, 0, 5, 1000, 3;
1, 256, 0, 0, 0, 0, 4, 999, 2;
1, 256, 0, -1, -1, -1, 4, 999, 2;
1, 256, 0, 0, 0, 0, 5, 1000, 3;
1, 256, 0, -1, -1, -1, 3, 998, 1;
1, 256, 0, 0, 0, 0, 4, 999, 2;
1, 256, 0, 0, 0, 0, 4, 999, 2;
1, 256, 0, -1, -1, -1, 4, 999, 2;
1, 256, 0, 1, 1, 1, 5, 1000, 3;
1, 256, 0, 1, 1, 1, 5, 1000, 3;
1, 256, 0, -1, -1, -1, 4, 999, 2;
1, 256, 0, 0, 0, 0, 5, 1000, 3;
1, 256, 0, 1, 1, 1, 5, 1000, 3;
1, 256, 0, -1, -1, -1, 4, 999, 2;
1, 256, 0, 0, 0, 0, 4, 999, 2;
1, 256, 0, 0, 0, 0, 4, 999, 2;
1, 256, 0, 0, 0, 0, 5, 999, 2;
1, 256, 0, 0, 0, 0, 5, 1000, 3;
1, 256, 0, -1, -1, -1, 4, 999, 2;
1, 256, 0, -1, -1, -1, 4, 999, 2;
1, 256, 0, 0, 0, 0, 5, 1000, 3;
1, 256, 0, -1, -1, -1, 4, 999, 2;
1, 256, 0, 0, 0, 0, 5, 1000, 3;
1, 256, 0, -1, -1, -1, 4, 999, 2;
1, 256, 0, -1, -1, -1, 4, 999, 2;
1, 256, 0, 0, 0, 0, 5, 999, 3;
1, 256, 1, 1, 1, 1, 5, 1000, 3;
1, 256, 0, 0, 0, 0, 4, 999, 2;
1, 256, 0, -1, -1, -1, 3, 998, 1;
1, 256, 0, 0, 0, 0, 4, 999, 2;
1, 256, 0, 1, 1, 1, 5, 1000, 3;
1, 256, 0, 0, 0, 0, 4, 999, 2;
1, 256, 1, 1, 1, 1, 5, 1000, 3;
1, 256, 0, -1, -1, -1, 4, 999, 2;
1, 256, 0, 0, 0, 0, 5, 1000, 3;
1, 256, 1, 1, 1, 1, 6, 1000, 3;
1, 256, 0, 0, 0, 0, 4, 999, 2;
1, 256, 1, 1, 1, 1, 6, 1001, 4;
1, 256, 0, 1, 1, 1, 5, 1000, 3;
1, 256, 1, 1, 1, 1, 6, 1000, 4;
1, 256, 0, 0, 0, 0, 5, 1000, 3;
1, 256, 1, 1, 1, 1, 6, 1000, 3;
1, 256, 0, -1, -1, -1, 4, 999, 2;
1, 256, 0, 0, 0, 0, 4, 999, 2;
1, 256, 0, 0, 0, 0, 5, 1000, 3;
1, 256, 0, 0, 0, 0, 5, 1000, 3;
1, 256, 1, 1, 1, 1, 5, 1000, 3;
1, 256, 1, 1, 1, 1, 6, 1000, 4;
1, 256, 0, 1, 1, 1, 5, 1000, 3;
1, 256, 0, 0, 0, 0, 4, 999, 2;
1, 256, 0, 0, 0, 0, 4, 999, 2;
1, 256, 0, -1, -1, -1, 4, 999, 2;
1, 256, 0, 0, 0, 0, 5, 999, 2;
1, 256, 0, -1, -1, -1, 4, 999, 2;
1, 256, 0, 0, 0, 0, 4, 999, 2;
1, 256, 0, 0, 0, 0, 5, 1000, 3;
1, 256, 0, 0, 0, 0, 5, 1000, 3;
1, 256, 0, 0, 0, 0, 4, 999, 2;
1, 256, 0, 0, 0, 0, 4, 999, 2;
0, 256, 0, -1, -1, -1, 3, 998, 1;
1, 256, 0, -1, -1, -1, 4, 998, 2;
1, 256, 0, -1, -1, -1, 4, 999, 2;
1, 256, 0, 0, 0, 0, 5, 1000, 3;
1, 256, 1, 1, 1, 1, 6, 1001, 4;
1, 256, 0, -1, -1, -1, 4, 999, 2;
1, 256, 0, 1, 1, 1, 5, 1000, 3;
1, 256, 0, 1, 1, 1, 5, 1000, 3;
1, 256, 0, 0, 0, 0, 5, 1000, 3;
1, 256, 0, -1, -1, -1, 4, 998, 2;
1, 256, 0, 1, 1, 1, 5, 1000, 3;
1, 256, 0, -1, -1, -1, 4, 999, 2;
1, 256, 1, 1, 1, 1, 5, 1000, 3;
1, 256, 1, 1, 1, 1, 5, 1000, 3;
1, 256, 0, 0, 0, 0, 4, 999, 2;
1, 256, 0, 0, 0, 0, 5, 1000, 3;
1, 256, 0, -1, -1, -1, 4, 999, 2;
1, 256, 0, 0, 0, 0, 5, 1000, 3;
1, 256, 0, -1, -1, -1, 4, 999, 2;
1, 256, 0, 0, 0, 0, 5, 1000, 3;
1, 256, 0, -1, -1, -1, 4, 999, 2;
1, 256, 0, -1, -1, -1, 3, 998, 1;
1, 256, 0, 0, 0, 0, 5, 1000, 3;
1, 256, 0, 0, 0, 0, 5, 1000, 3;
1, 256, 0, 0, 0, 0, 5, 1000, 3;
1, 256, 0, 0, 0, 0, 4, 999, 2;
1, 256, 0, 0, 0, 0, 5, 1000, 3;
1, 256, 0, 0, 0, 0, 4, 999, 2;
1, 256, 0, -1, -1, -1, 4, 999, 2;
1, 256, 0, 0, 0, 0, 5, 1000, 3;
1, 256, 0, 0, 0, 0, 4, 999, 2;
1, 256, 0, 0, 0, 0, 5, 1000, 3;
1, 256, 0, 0, 0, 0, 5, 1000, 3;
1, 256, 1, 1, 1, 1, 6, 1000, 4;
1, 256, 0, -1, -1, -1, 3, 998, 1;
1, 256, 0, 0, 0, 0, 4, 999, 2;
1, 256, 0, -1, -1, -1, 4, 999, 2;
1, 256, 0, -1, -1, -1, 4, 999, 2;
1, 256, 1, 1, 1, 1, 6, 1001, 4;
1, 256, 0, 0, 0, 0, 5, 1000, 3;
1, 256, 0, 0, 0, 0, 5, 999, 3;
1, 256, 0, 0, 0, 0, 5, 1000, 3;
1, 256, 0, -1, -1, -1, 4, 999, 2;
1, 256, 0, -1, -1, -1, 4, 999, 2;
1, 256, 0, 0, 0, 0, 5, 1000, 3;
1, 256, 0, -1, -1, -1, 4, 999, 2;
1, 256, 0, 0, 0, 0, 4, 999, 2;
1, 256, 0, -1, -1, -1, 4, 999, 2;
1, 256, 0, -1, -1, -1, 4, 999, 2;
1, 256, 0, -1, -1, -1, 3, 998, 1;
1, 256, 0, 0, 0, 0, 4, 999, 2;
1, 256, 0, 0, 0, 0, 4, 999, 2;
1, 256, 1, 1, 1, 1, 6, 1001, 4;
1, 256, 1, 1, 1, 1, 6, 1001, 4;
1, 256, 0, 0, 0, 0, 5, 1000, 3;
1, 256, 1, 1, 1, 1, 6, 1001, 4;
1, 256, 0, 0, 0, 0, 4, 999, 2;
1, 256, 0, -1, -1, -1, 4, 999, 2;
1, 256, 0, -1, -1, -1, 4, 999, 2;
1, 256, 0, 0, 0, 0, 4, 999, 2;
1, 256, 0, 0, 0, 0, 5, 999, 2;
1, 256, 0, 0, 0, 0, 5, 1000, 3;
1, 256, 0, 0, 0, 0, 5, 1000, 3;
1, 256, 0, -1, -1, -1, 4, 999, 2;
1, 256, 0, -1, -1, -1, 3, 998, 1;
1, 256, 0, 0, 0, 0, 4, 999, 2;
1, 256, 0, 1, 1, 1, 5, 1000, 3;
1, 256, 0, 0, 0, 0, 5, 1000, 3;
1, 256, 0, -1, -1, -1, 4, 999, 2;
1, 256, 0, 1, 1, 1, 5, 1000, 3;
1, 256, 0, 0, 0, 0, 5, 1000, 3;
1, 256, 1, 1, 1, 1, 5, 1000, 3;
1, 256, 0, 0, 0, 0, 4, 999, 2;
1, 256, 0, 1, 1, 1, 5, 1000, 3;
1, 256, 0, 0, 0, 0, 4, 999, 2;
1, 256, 0, 1, 1, 1, 5, 1000, 3;
1, 256, 0, 0, 0, 0, 5, 1000, 3;
1, 256, 0, -1, -1, -1, 4, 999, 2;
1, 256, 0, 0, 0, 0, 4, 999, 2;
1, 256, 0, 0, 0, 0, 5, 1000, 3;
1, 256, 0, 0, 0, 0, 5, 1000, 3;
1, 256, 0, 1, 1, 1, 5, 1000, 3;
1, 256, 0, -1, -1, -1, 3, 998, 1;
1, 256, 0, 1, 1, 1, 5, 1000, 3;
1, 256, 0, 0, 0, 0, 4, 999, 2;
1, 256, 0, -1, -1, -1, 4, 999, 2;
1, 256, 0, -1, -1, -1, 4, 999, 2;
1, 256, 1, 1, 1, 1, 6, 1001, 4;
1, 256, 0, 0, 0, 0, 4, 999, 2;
1, 256, 0, 0, 0, 0, 5, 999, 2;
1, 256, 0, 0, 0, 0, 4, 999, 2;
1, 256, 0, 0, 0, 0, 4, 999, 2;
1, 256, 0, 0, 0, 0, 4, 999, 2;
1, 256, 1, 1, 1, 1, 6, 1001, 4;
1, 256, 0, -1, -1, -1, 3, 998, 1;
1, 256, 0, 0, 0, 0, 5, 1000, 3;
1, 256, 0, 0, 0, 0, 5, 1000, 3;
1, 256, 0, -1, -1, -1, 3, 998, 1;
1, 256, 0, 0, 0, 0, 4, 999, 2;
1, 256, 0, -1, -1, -1, 4, 999, 2;
1, 256, 0, 0, 0, 0, 5, 1000, 3;
1, 256, 0, 1, 1, 1, 5, 1000, 3;
1, 256, 0, 0, 0, 0, 5, 1000, 3;
1, 256, 0, 0, 0, 0, 4, 999, 2;
1, 256, 0, 0, 0, 0, 4, 999, 2;
1, 256, 1, 1, 1, 1, 6, 1001, 4;
1, 256, 0, 0, 0, 0, 5, 1000, 3;
1, 256, 1, 1, 1, 1, 6, 1001, 4;
1, 256, 0, 0, 0, 0, 4, 999, 2;
1, 256, 1, 1, 1, 1, 6, 1000, 4;
1, 256, 1, 1, 1, 1, 6, 1001, 4;
1, 256, 0, 0, 0, 0, 5, 1000, 3;
1, 256, 0, -1, -1, -1, 4, 999, 2;
1, 256, 1, 1, 1, 1, 6, 1000, 3;
1, 256, 0, 0, 0, 0, 4, 999, 2;
1, 256, 0, -1, -1, -1, 4, 999, 2;
1, 256, 1, 1, 1, 1, 6, 1001, 4;
1, 256, 0, 0, 0, 0, 4, 999, 2;
1, 256, 0, 1, 1, 1, 5, 1000, 3;
1, 256, 0, 0, 0, 0, 5, 1000, 3;
1, 256, 0, 0, 0, 0, 4, 999, 2;
1, 256, 0, -1, -1, -1, 4, 999, 2;
0, 256, 0, -1, -1, -1, 3, 998, 1;
1, 256, 0, -1, -1, -1, 4, 998, 2;
1, 256, 0, -1, -1, -1, 4, 999, 2;
1, 256, 0, 0, 0, 0, 5, 1000, 3;
1, 256, 0, 0, 0, 0, 5, 1000, 3;
1, 256, 0, 0, 0, 0, 4, 999, 2;
1, 256, 0, 0, 0, 0, 4, 999, 2;
1, 256, 0, -1, -1, -1, 4, 999, 2;
1, 256, 0, -1, -1, -1, 4, 999, 2;
1, 256, 1, 1, 1, 1, 6, 1001, 4;
1, 256, 0, 0, 0, 0, 5, 1000, 3;
1, 256, 0, 0, 0, 0, 4, 999, 2;
1, 256, 0, 0, 0, 0, 4, 999, 2;
1, 256, 0, 0, 0, 0, 4, 999, 2;
1, 256, 0, -1, -1, -1, 3, 998, 1;
1, 256, 0, -1, -1, -1, 4, 999, 2;
1, 256, 0, 1, 1, 1, 5, 1000, 3;
1, 256, 0, -1, -1, -1, 4, 999, 2;
1, 256, 0, 0, 0, 0, 4, 999, 2;
1, 256, 1, 1, 1, 1, 6, 1000, 3;
1, 256, 0, 0, 0, 0, 4, 999, 2;
1, 256, 0, 0, 0, 0, 5, 1000, 3;
1, 256, 1, 1, 1, 1, 6, 1000, 4;
1, 256, 1, 1, 1, 1, 6, 1001, 4;
1, 256, 0, 0, 0, 0, 4, 999, 2;
1, 256, 0, 0, 0, 0, 4, 999, 2;
1, 256, 0, 0, 0, 0, 5, 1000, 3;
0, 256, 0, -1, -1, -1, 3, 998, 1;
1, 256, 0, -1, -1, -1, 4, 999, 2;
1, 256, 0, 0, 0, 0, 5, 1000, 3;
1, 256, 1, 1, 1, 1, 6, 1001, 4;
1, 256, 0, 0, 0, 0, 4, 999, 2;
1, 256, 0, -1, -1, -1, 4, 999, 2;
1, 256, 0, 0, 0, 0, 5, 1000, 3;
1, 256, 0, 0, 0, 0, 4, 999, 2;
1, 256, 0, 0, 0, 0, 4, 999, 2;
1, 256, 0, -1, -1, -1, 4, 999, 2;
1, 256, 0, 1, 1, 1, 5, 1000, 3;
1, 256, 1, 1, 1, 1, 6, 1000, 4;
1, 256, 0, -1, -1, -1, 3, 998, 1;
1, 256, 0, 0, 0, 0, 5, 1000, 3;
1, 256, 0, -1, -1, -1, 4, 999, 2;
1, 256, 0, -1, -1, -1, 4, 999, 2;
1, 256, 0, 0, 0, 0, 4, 999, 2;
1, 256, 0, -1, -1, -1, 3, 998, 1;
1, 256, 0, 1, 1, 1, 5, 1000, 3;
1, 256, 0, 0, 0, 0, 4, 999, 2;
1, 256, 0, 0, 0, 0, 5, 1000, 3;
1, 256, 0, 1, 1, 1, 5, 1000, 3;
1, 256, 0, -1, -1, -1, 4, 998, 2;
1, 256, 1, 1, 1, 1, 5, 1000, 3;
1, 256, 0, 0, 0, 0, 4, 999, 2;
1, 256, 0, -1, -1, -1, 4, 999, 2;
1, 256, 0, -1, -1, -1, 4, 999, 2;
1, 256, 0, -1, -1, -1, 4, 999, 2;
1, 256, 0, 0, 0, 0, 4, 999, 2;
1, 256, 1, 1, 1, 1, 6, 1001, 4;
1, 256, 0, -1, -1, -1, 4, 999, 2;
1, 256, 0, -1, -1, -1, 4, 999, 2;
1, 256, 1, 1, 1, 1, 5, 1000, 3;
1, 256, 0, -1, -1, -1, 4, 999, 2;
1, 256, 0, -1, -1, -1, 4, 999, 2;
1, 256, 1, 1, 1, 1, 5, 1000, 3;
1, 256, 1, 1, 1, 1, 6, 1001, 4;
1, 256, 0, 0, 0, 0, 5, 1000, 3;
1, 256, 0, -1, -1, -1, 4, 999, 2;
1, 256, 0, 0, 0, 0, 4, 999, 2;
1, 256, 0, 0, 0, 0, 4, 999, 2;
1, 256, 0, 0, 0, 0, 4, 999, 2;
1, 256, 0, 0, 0, 0, 4, 999, 2;
1, 256, 0, 0, 0, 0, 5, 1000, 3;
1, 256, 0, 0, 0, 0, 5, 1000, 3;
1, 256, 1, 1, 1, 1, 6, 1000, 4;
1, 256, 0, -1, -1, -1, 3, 998, 1;
1, 256, 1, 1, 1, 1, 5, 1000, 3;
1, 256, 1, 1, 1, 1, 6, 1000, 3;
1, 256, 0, 0, 0, 0, 4, 999, 2;
1, 256, 0, 1, 1, 1, 5, 1000, 3;
1, 256, 1, 1, 1, 1, 5, 1000, 3;
1, 256, 0, 0, 0, 0, 4, 999, 2;
1, 256, 0, 0, 0, 0, 5, 1000, 3;
1, 256, 1, 1, 1, 1, 6, 1001, 4;
1, 256, 0, 0, 0, 0, 5, 1000, 3;
1, 256, 1, 1, 1, 1, 6, 1001, 4;
1, 256, 0, -1, -1, -1, 3, 998, 1;
1, 256, 1, 1, 1, 1, 6, 1000, 4;
1, 256, 0, 0, 0, 0, 4, 999, 2;
1, 256, 0, 1, 1, 1, 5, 1000, 3;
1, 256, 0, 0, 0, 0, 5, 1000, 3;
1, 256, 0, 0, 0, 0, 5, 1000, 3;
1, 256, 0, -1, -1, -1, 4, 999, 2;
1, 256, 0, -1, -1, -1, 3, 998, 1;
1, 256, 0, 0, 0, 0, 4, 999, 2;
1, 256, 0, -1, -1, -1, 4, 999, 2;
1, 256, 0, 0, 0, 0, 5, 1000, 3;
1, 256, 0, 0, 0, 0, 4, 999, 2;
1, 256, 0, 0, 0, 0, 4, 999, 2;
1, 256, 1, 1, 1, 1, 6, 1000, 3;
1, 256, 1, 1, 1, 1, 6, 1001, 4;
1, 256, 0, 1, 1, 1, 5, 1000, 3;
1, 256, 0, -1, -1, -1, 4, 999, 2;
1, 256, 0, 0, 0, 0, 4, 999, 2;
1, 256, 0, -1, -1, -1, 3, 998, 1;
1, 256, 1, 1, 1, 1, 5, 1000, 3;
1, 256, 0, 0, 0, 0, 5, 999, 3;
1, 256, 0, 0, 0, 0, 4, 999, 2;
1, 256, 0, 0, 0, 0, 5, 1000, 3;
1, 256, 0, -1, -1, -1, 4, 999, 2;
1, 256, 0, 0, 0, 0, 5, 1000, 3;
1, 256, 0, 1, 1, 1, 5, 1000, 3;
1, 256, 0, 0, 0, 0, 5, 1000, 3;
1, 256, 0, 1, 1, 1, 5, 1000, 3;
1, 256, 0, 0, 0, 0, 4, 999, 2;
1, 256, 1, 1, 1, 1, 6, 1000, 4;
1, 256, 0, 1, 1, 1, 5, 1000, 3;
1, 256, 0, -1, -1, -1, 4, 998, 1;
1, 256, 0, -1, -1, -1, 4, 999, 2;
1, 256, 0, 0, 0, 0, 4, 999, 2;
1, 256, 0, -1, -1, -1, 4, 999, 2;
1, 256, 0, 0, 0, 0, 4, 999, 2;
1, 256, 1, 1, 1, 1, 6, 1001, 4;
1, 256, 0, 0, 0, 0, 4, 999, 2;
1, 256, 0, -1, -1, -1, 4, 999, 2;
1, 256, 0, 0, 0, 0, 5, 1000, 3;
1, 256, 0, 0, 0, 0, 4, 999, 2;
1, 256, 0, 0, 0, 0, 4, 999, 2;
1, 256, 0, 0, 0, 0, 4, 999, 2;
1, 256, 0, -1, -1, -1, 4, 999, 2;
1, 256, 0, -1, -1, -1, 4, 999, 2;
1, 256, 0, 0, 0, 0, 5, 999, 3;
1, 256, 0, -1, -1, -1, 4, 999, 2;
1, 256, 0, 0, 0, 0, 5, 1000, 3;
1, 256, 0, 0, 0, 0, 4, 999, 2;
1, 256, 1, 1, 1, 1, 6, 1001, 4;
1, 256, 1, 1, 1, 1, 6, 1001, 4;
1, 256, 0, 0, 0, 0, 4, 999, 2;
1, 256, 0, 0, 0, 0, 4, 999, 2;
1, 256, 0, 0, 0, 0, 5, 999, 3;
1, 256, 0, 0, 0, 0, 5, 1000, 3;
1, 256, 0, 1, 1, 1, 5, 1000, 3;
1, 256, 0, -1, -1, -1, 4, 998, 1;
1, 256, 0, 0, 0, 0, 4, 999, 2;
1, 256, 0, 0, 0, 0, 5, 1000, 3;
1, 256, 0, 0, 0, 0, 5, 1000, 3;
1, 256, 1, 1, 1, 1, 6, 1001, 4;
1, 256, 0, -1, -1, -1, 4, 999, 2;
1, 256, 0, -1, -1, -1, 4, 999, 2;
1, 256, 0, 0, 0, 0, 4, 999, 2;
1, 256, 0, 0, 0, 0, 4, 999, 2;
1, 256, 0, -1, -1, -1, 4, 999, 2;
1, 256, 0, 0, 0, 0, 4, 999, 2;
1, 256, 1, 1, 1, 1, 6, 1001, 4;
1, 256, 0, -1, -1, -1, 4, 998, 1;
1, 256, 0, 0, 0, 0, 4, 999, 2;
1, 256, 0, 0, 0, 0, 5, 1000, 3;
1, 256, 0, 0, 0, 0, 5, 1000, 3;
1, 256, 0, 0, 0, 0, 5, 1000, 3;
1, 256, 1, 1, 1, 1, 5, 1000, 3;
1, 256, 0, 0, 0, 0, 4, 999, 2;
1, 256, 1, 1, 1, 1, 6, 1001, 4;
1, 256, 1, 1, 1, 1, 6, 1001, 4;
1, 256, 0, 0, 0, 0, 5, 999, 2;
1, 256, 0, 0, 0, 0, 5, 1000, 3;
1, 256, 1, 1, 1, 1, 5, 1000, 3;
1, 256, 0, 0, 0, 0, 5, 1000, 3;
1, 256, 0, 0, 0, 0, 4, 999, 2;
1, 256, 0, 0, 0, 0, 4, 999, 2;
1, 256, 0, 0, 0, 0, 4, 999, 2;
1, 256, 0, 0, 0, 0, 4, 999, 2;
1, 256, 1, 1, 1, 1, 6, 1001, 4;
1, 256, 0, -1, -1, -1, 4, 998, 1;
1, 256, 0, -1, -1, -1, 4, 999, 2;
1, 256, 0, 1, 1, 1, 5, 1000, 3;
1, 256, 1, 1, 1, 1, 6, 1000, 4;
1, 256, 0, -1, -1, -1, 4, 999, 2;
1, 256, 0, 0, 0, 0, 5, 1000, 3;
1, 256, 0, 0, 0, 0, 5, 999, 2;
1, 256, 0, 0, 0, 0, 5, 1000, 3;
1, 256, 0, -1, -1, -1, 4, 999, 2;
1, 256, 0, 0, 0, 0, 5, 1000, 3;
1, 256, 0, -1, -1, -1, 4, 999, 2;
0, 256, 0, -1, -1, -1, 3, 998, 1;
1, 256, 0, 0, 0, 0, 5, 1000, 3;
1, 256, 0, 0, 0, 0, 4, 999, 2;
1, 256, 0, -1, -1, -1, 4, 999, 2;
1, 256, 1, 1, 1, 1, 6, 1001, 4;
1, 256, 0, 1, 1, 1, 5, 1000, 3;
1, 256, 0, 0, 0, 0, 4, 999, 2;
1, 256, 0, 0, 0, 0, 4, 999, 2;
1, 256, 0, 0, 0, 0, 4, 999, 2;
1, 256, 0, 0, 0, 0, 4, 999, 2;
1, 256, 0, -1, -1, -1, 3, 998, 1;
0, 256, 0, -1, -1, -1, 3, 998, 1;
1, 256, 0, -1, -1, -1, 3, 998, 1;
1, 256, 0, 0, 0, 0, 4, 999, 2;
1, 256, 0, 0, 0, 0, 5, 999, 3;
1, 256, 0, 0, 0, 0, 4, 999, 2;
1, 256, 0, 0, 0, 0, 5, 1000, 3;
1, 256, 0, 0, 0, 0, 5, 1000, 3;
1, 256, 0, 1, 1, 1, 5, 1000, 3;
1, 256, 0, 0, 0, 0, 4, 999, 2;
1, 256, 0, 0, 0, 0, 5, 1000, 3;
1, 256, 0, -1, -1, -1, 4, 999, 2;
1, 256, 0, -1, -1, -1, 4, 999, 2;
1, 256, 0, -1, -1, -1, 4, 999, 2;
1, 256, 0, -1, -1, -1, 3, 998, 1;
1, 256, 0, 0, 0, 0, 5, 999, 2;
1, 256, 0, 0, 0, 0, 4, 999, 2;
1, 256, 0, 0, 0, 0, 4, 999, 2;
1, 256, 0, 0, 0, 0, 4, 999, 2;
1, 256, 0, -1, -1, -1, 4, 999, 2;
1, 256, 0, -1, -1, -1, 3, 998, 1;
1, 256, 0, -1, -1, -1, 3, 998, 1;
1, 256, 0, 0, 0, 0, 5, 1000, 3;
1, 256, 0, 0, 0, 0, 5, 1000, 3;
1, 256, 0, 0, 0, 0, 5, 1000, 3;
1, 256, 0, -1, -1, -1, 4, 999, 2;
1, 256, 0, -1, -1, -1, 4, 998, 1;
1, 256, 0, 0, 0, 0, 5, 1000, 3;
1, 256, 0, 0, 0, 0, 5, 1000, 3;
1, 256, 0, 1, 1, 1, 5, 1000, 3;
1, 256, 0, 0, 0, 0, 5, 999, 3;
1, 256, 0, 0, 0, 0, 4, 999, 2;
1, 256, 0, 0, 0, 0, 4, 999, 2;
1, 256, 0, -1, -1, -1, 4, 999, 2;
1, 256, 0, 1, 1, 1, 5, 1000, 3;
1, 256, 0, 1, 1, 1, 5, 1000, 3;
1, 256, 0, -1, -1, -1, 4, 999, 2;
1, 256, 0, 0, 0, 0, 5, 1000, 3;
0, 256, 0, -1, -1, -1, 3, 998, 1;
1, 256, 0, 0, 0, 0, 4, 999, 2;
1, 256, 0, 0, 0, 0, 5, 1000, 3;
1, 256, 0, 0, 0, 0, 5, 1000, 3;
1, 256, 0, 0, 0, 0, 5, 1000, 3;
1, 256, 0, -1, -1, -1, 3, 998, 1;
1, 256, 1, 1, 1, 1, 6, 1001, 4;
1, 256, 0, -1, -1, -1, 4, 999, 2;
1, 256, 0, 1, 1, 1, 5, 1000, 3;
0, 256, 0, -1, -1, -1, 3, 998, 1;
1, 256, 0, -1, -1, -1, 4, 999, 2;
1, 256, 0, 1, 1, 1, 5, 1000, 3;
1, 256, 1, 1, 1, 1, 6, 1001, 4;
1, 256, 0, 0, 0, 0, 5, 1000, 3;
0, 256, 0, -1, -1, -1, 3, 998, 1;
1, 256, 1, 1, 1, 1, 6, 1001, 4;
1, 256, 0, 0, 0, 0, 4, 999, 2;
1, 256, 1, 1, 1, 1, 6, 1001, 4;
1, 256, 0, 0, 0, 0, 5, 1000, 3;
1, 256, 0, 0, 0, 0, 5, 1000, 3;
1, 256, 0, 0, 0, 0, 4, 999, 2;
1, 256, 0, 0, 0, 0, 5, 1000, 3;
1, 256, 0, 0, 0, 0, 5, 1000, 3;
1, 256, 0, -1, -1, -1, 4, 999, 2;
1, 256, 0, 0, 0, 0, 5, 1000, 3;
1, 256, 0, 0, 0, 0, 5, 1000, 3;
1, 256, 0, 0, 0, 0, 4, 999, 2;
1, 256, 0, 0, 0, 0, 5, 1000, 3;
1, 256, 0, 0, 0, 0, 4, 999, 2;
1, 256, 0, 1, 1, 1, 5, 1000, 3;
1, 256, 0, 0, 0, 0, 4, 999, 2;
1, 256, 0, 1, 1, 1, 5, 1000, 3;
1, 256, 0, -1, -1, -1, 4, 999, 2;
1, 256, 0, -1, -1, -1, 4, 999, 2;
1, 256, 1, 1, 1, 1, 6, 1001, 4;
1, 256, 0, 1, 1, 1, 5, 1000, 3;
1, 256, 0, 0, 0, 0, 5, 1000, 3;
1, 256, 0, 0, 0, 0, 5, 1000, 3;
1, 256, 0, 0, 0, 0, 5, 1000, 3;
1, 256, 0, 0, 0, 0, 5, 1000, 3;
1, 256, 1, 1, 1, 1, 6, 1000, 4;
1, 256, 1, 1, 1, 1, 5, 1000, 3;
1, 256, 0, 0, 0, 0, 4, 999, 2;
1, 256, 1, 1, 1, 1, 6, 1001, 4;
1, 256, 0, -1, -1, -1, 4, 999, 2;
1, 256, 0, 0, 0, 0, 5, 1000, 3;
1, 256, 0, 1, 1, 1, 5, 1000, 3;
1, 256, 0, 0, 0, 0, 5, 1000, 3;
1, 256, 0, 1, 1, 1, 5, 1000, 3;
1, 256, 1, 1, 1, 1, 6, 1001, 4;
1, 256, 1, 1, 1, 1, 5, 1000, 3;
1, 256, 0, -1, -1, -1, 4, 998, 1;
1, 256, 1, 1, 1, 1, 6, 1001, 4;
1, 256, 0, 0, 0, 0, 5, 1000, 3;
1, 256, 0, 1, 1, 1, 5, 1000, 3;
1, 256, 0, 0, 0, 0, 5, 1000, 3;
1, 256, 0, -1, -1, -1, 4, 999, 2;
1, 256, 1, 1, 1, 1, 6, 1001, 4;
1, 256, 0, -1, -1, -1, 4, 999, 2;
1, 256, 0, 0, 0, 0, 4, 999, 2;
1, 256, 1, 1, 1, 1, 6, 1001, 4;
1, 256, 0, 0, 0, 0, 5, 1000, 3;
1, 256, 0, -1, -1, -1, 4, 999, 2;
1, 256, 0, 0, 0, 0, 4, 999, 2;
1, 256, 1, 1, 1, 1, 6, 1000, 3;
1, 256, 0, 0, 0, 0, 5, 1000, 3;
1, 256, 0, 0, 0, 0, 4, 999, 2;
1, 256, 1, 1, 1, 1, 6, 1001, 4;
1, 256, 0, 0, 0, 0, 5, 1000, 3;
1, 256, 0, 0, 0, 0, 4, 999, 2;
1, 256, 0, 0, 0, 0, 5, 1000, 3;
1, 256, 0, -1, -1, -1, 4, 999, 2;
1, 256, 0, 0, 0, 0, 5, 999, 3;
1, 256, 0, 0, 0, 0, 5, 1000, 3;
1, 256, 1, 1, 1, 1, 5, 1000, 3;
1, 256, 0, 0, 0, 0, 5, 999, 2;
1, 256, 0, -1, -1, -1, 4, 999, 2;
1, 256, 0, 1, 1, 1, 5, 1000, 3;
1, 256, 0, 0, 0, 0, 5, 1000, 3;
1, 256, 0, 0, 0, 0, 5, 999, 2;
1, 256, 0, -1, -1, -1, 4, 999, 2;
1, 256, 0, -1, -1, -1, 4, 999, 2;
1, 256, 0, 0, 0, 0, 4, 999, 2;
1, 256, 0, 0, 0, 0, 4, 999, 2;
1, 256, 0, 0, 0, 0, 5, 1000, 3;
1, 256, 0, 0, 0, 0, 4, 999, 2;
1, 256, 0, 1, 1, 1, 5, 1000, 3;
1, 256, 0, -1, -1, -1, 4, 999, 2;
1, 256, 0, 1, 1, 1, 5, 1000, 3;
1, 256, 0, -1, -1, -1, 3, 998, 1;
1, 256, 0, 0, 0, 0, 4, 999, 2;
1, 256, 0, 0, 0, 0, 4, 999, 2;
1, 256, 0, 0, 0, 0, 5, 1000, 3;
1, 256, 1, 1, 1, 1, 6, 1001, 4;
1, 256, 0, 0, 0, 0, 5, 1000, 3;
1, 256, 0, 0, 0, 0, 5, 1000, 3;
1, 256, 0, 0, 0, 0, 4, 999, 2;
1, 256, 0, -1, -1, -1, 3, 998, 1;
1, 256, 0, 0, 0, 0, 5, 1000, 3;
1, 256, 0, 0, 0, 0, 5, 1000, 3;
1, 256, 0, 0, 0, 0, 4, 999, 2;
1, 256, 0, 0, 0, 0, 4, 999, 2;
1, 256, 0, 0, 0, 0, 4, 999, 2;
1, 256, 0, 0, 0, 0, 5, 1000, 3;
1, 256, 0, -1, -1, -1, 4, 999, 2;
1, 256, 1, 1, 1, 1, 6, 1000, 4;
1, 256, 0, 0, 0, 0, 5, 1000, 3;
1, 256, 0, -1, -1, -1, 4, 999, 2;
1, 256, 0, 0, 0, 0, 4, 999, 2;
1, 256, 0, 0, 0, 0, 5, 1000, 3;
1, 256, 1, 1, 1, 1, 6, 1001, 4;
1, 256, 1, 1, 1, 1, 6, 1000, 4;
1, 256, 0, 0, 0, 0, 5, 999, 3;
1, 256, 0, 0, 0, 0, 5, 1000, 3;
1, 256, 0, -1, -1, -1, 4, 999, 2;
1, 256, 0, -1, -1, -1, 4, 999, 2;
1, 256, 0, 0, 0, 0, 4, 999, 2;
1, 256, 1, 1, 1, 1, 6, 1000, 4;
1, 256, 0, 0, 0, 0, 4, 999, 2;
1, 256, 0, 0, 0, 0, 4, 999, 2;
1, 256, 1, 1, 1, 1, 6, 1001, 4;
1, 256, 0, 0, 0, 0, 5, 1000, 3;
1, 256, 0, -1, -1, -1, 4, 999, 2;
1, 256, 0, -1, -1, -1, 4, 999, 2;
1, 256, 0, 0, 0, 0, 4, 999, 2;
1, 256, 0, -1, -1, -1, 3, 998, 1;
1, 256, 0, 0, 0, 0, 5, 1000, 3;
1, 256, 0, 0, 0, 0, 5, 1000, 3;
1, 256, 1, 1, 1, 1, 5, 1000, 3;
1, 256, 0, 0, 0, 0, 5, 1000, 3;
1, 256, 0, 0, 0, 0, 4, 999, 2;
1, 256, 0, 0, 0, 0, 5, 1000, 3;
1, 256, 0, -1, -1, -1, 4, 999, 2;
1, 256, 0, 0, 0, 0, 4, 999, 2;
1, 256, 0, 0, 0, 0, 4, 999, 2;
1, 256, 0, 0, 0, 0, 5, 1000, 3;
1, 256, 0, 0, 0, 0, 5, 999, 3;
1, 256, 0, 0, 0, 0, 4, 999, 2;
1, 256, 0, -1, -1, -1, 4, 999, 2;
1, 256, 0, -1, -1, -1, 3, 998, 1;
1, 256, 0, 0, 0, 0, 4, 999, 2;
1, 256, 1, 1, 1, 1, 6, 1001, 4;
1, 256, 0, -1, -1, -1, 4, 999, 2;
1, 256, 0, 1, 1, 1, 5, 1000, 3;
1, 256, 1, 1, 1, 1, 6, 1001, 4;
1, 256, 0, 0, 0, 0, 4, 999, 2;
1, 256, 0, -1, -1, -1, 4, 999, 2;
1, 256, 0, 0, 0, 0, 5, 1000, 3;
1, 256, 1, 1, 1, 1, 6, 1001, 4;
1, 256, 0, 0, 0, 0, 4, 999, 2;
1, 256, 0, 1, 1, 1, 5, 1000, 3;
1, 256, 1, 1, 1, 1, 5, 1000, 3;
1, 256, 0, 0, 0, 0, 4, 999, 2;
1, 256, 0, 0, 0, 0, 5, 1000, 3;
1, 256, 0, 0, 0, 0, 4, 999, 2;
1, 256, 1, 1, 1, 1, 6, 1001, 4;
1, 256, 0, 0, 0, 0, 5, 1000, 3;
1, 256, 0, 0, 0, 0, 5, 1000, 3;
1, 256, 0, 0, 0, 0, 5, 1000, 3;
1, 256, 0, 0, 0, 0, 5, 1000, 3;
1, 256, 0, 0, 0, 0, 4, 999, 2;
1, 256, 1, 1, 1, 1, 6, 1001, 4;
1, 256, 0, -1, -1, -1, 4, 999, 2;
1, 256, 0, 0, 0, 0, 5, 1000, 3;
1, 256, 0, 0, 0, 0, 5, 1000, 3;
1, 256, 0, 0, 0, 0, 4, 999, 2;
1, 256, 1, 1, 1, 1, 6, 1001, 4;
1, 256, 0, 1, 1, 1, 5, 1000, 3;
1, 256, 0, -1, -1, -1, 4, 999, 2;
1, 256, 0, 0, 0, 0, 5, 1000, 3;
1, 256, 0, 0, 0, 0, 4, 999, 2;
1, 256, 0, -1, -1, -1, 4, 999, 2;
1, 256, 1, 1, 1, 1, 6, 1001, 4;
1, 256, 0, 0, 0, 0, 5, 1000, 3;
1, 256, 0, 0, 0, 0, 5, 1000, 3;
1, 256, 1, 1, 1, 1, 6, 1001, 4;
1, 256, 0, 1, 1, 1, 5, 1000, 3;
1, 256, 0, -1, -1, -1, 4, 998, 1;
1, 256, 0, 0, 0, 0, 5, 1000, 3;
1, 256, 0, 0, 0, 0, 5, 1000, 3;
1, 256, 0, -1, -1, -1, 4, 999, 2;
1, 256, 0, 0, 0, 0, 5, 999, 3;
1, 256, 0, 0, 0, 0, 4, 999, 2;
1, 256, 0, 0, 0, 0, 5, 1000, 3;
1, 256, 0, 0, 0, 0, 5, 1000, 3;
1, 256, 0, 0, 0, 0, 5, 1000, 3;
1, 256, 1, 1, 1, 1, 6, 1001, 4;
1, 256, 0, 1, 1, 1, 5, 1000, 3;
1, 256, 0, 0, 0, 0, 4, 999, 2;
1, 256, 0, -1, -1, -1, 4, 999, 2;
1, 256, 0, 0, 0, 0, 5, 1000, 3;
1, 256, 1, 1, 1, 1, 6, 1001, 4;
1, 256, 0, 0, 0, 0, 5, 1000, 3;
1, 256, 1, 1, 1, 1, 6, 1001, 4;
1, 256, 0, -1, -1, -1, 3, 998, 1;
1, 256, 0, -1, -1, -1, 4, 999, 2;
1, 256, 0, -1, -1, -1, 4, 999, 2;
0, 256, 0, -1, -1, -1, 3, 998, 1;
1, 256, 0, 0, 0, 0, 5, 1000, 3;
1, 256, 1, 1, 1, 1, 6, 1001, 4;
1, 256, 0, -1, -1, -1, 4, 999, 2;
1, 256, 0, -1, -1, -1, 4, 999, 2;
1, 256, 0, 1, 1, 1, 5, 1000, 3;
1, 256, 0, -1, -1, -1, 3, 998, 1;
1, 256, 0, 0, 0, 0, 5, 1000, 3;
1, 256, 0, 0, 0, 0, 4, 999, 2;
1, 256, 1, 1, 1, 1, 5, 1000, 3;
1, 256, 0, 1, 1, 1, 5, 1000, 3;
1, 256, 0, 0, 0, 0, 4, 999, 2;
1, 256, 1, 1, 1, 1, 5, 1000, 3;
1, 256, 0, 0, 0, 0, 5, 999, 2;
1, 256, 0, 0, 0, 0, 5, 1000, 3;
1, 256, 1, 1, 1, 1, 6, 1000, 3;
1, 256, 0, 0, 0, 0, 5, 1000, 3;
1, 256, 0, -1, -1, -1, 4, 999, 2;
1, 256, 0, 0, 0, 0, 4, 999, 2;
1, 256, 0, 0, 0, 0, 5, 1000, 3;
1, 256, 0, 0, 0, 0, 4, 999, 2;
1, 256, 0, -1, -1, -1, 4, 999, 2;
1, 256, 0, -1, -1, -1, 3, 998, 1;
1, 256, 0, 1, 1, 1, 5, 1000, 3;
1, 256, 0, 0, 0, 0, 4, 999, 2;
1, 256, 0, 0, 0, 0, 4, 999, 2;
1, 256, 1, 1, 1, 1, 6, 1001, 4;
1, 256, 0, 1, 1, 1, 5, 1000, 3;
1, 256, 1, 1, 1, 1, 6, 1000, 4;
0, 256, 0, -1, -1, -1, 3, 998, 1;
1, 256, 0, 1, 1, 1, 5, 1000, 3;
1, 256, 0, 0, 0, 0, 5, 1000, 3;
1, 256, 0, 0, 0, 0, 5, 1000, 3;
1, 256, 1, 1, 1, 1, 6, 1001, 4;
1, 256, 0, 1, 1, 1, 5, 1000, 3;
1, 256, 0, 0, 0, 0, 4, 999, 2;
1, 256, 0, 0, 0, 0, 4, 999, 2;
1, 256, 1, 1, 1, 1, 6, 1000, 4;
1, 256, 0, 0, 0, 0, 5, 1000, 3;
1, 256, 0, 0, 0, 0, 4, 999, 2;
1, 256, 0, 0, 0, 0, 4, 999, 2;
1, 256, 0, 1, 1, 1, 5, 1000, 3;
1, 256, 0, -1, -1, -1, 4, 999, 2;
1, 256, 0, 0, 0, 0, 5, 1000, 3;
1, 256, 0, 0, 0, 0, 5, 1000, 3;
1, 256, 0, 0, 0, 0, 5, 1000, 3;
1, 256, 0, 0, 0, 0, 5, 1000, 3;
1, 256, 0, -1, -1, -1, 4, 999, 2;
1, 256, 0, -1, -1, -1, 4, 999, 2;
1, 256, 0, -1, -1, -1, 4, 998, 2;
1, 256, 0, 0, 0, 0, 4, 999, 2;
1, 256, 0, 0, 0, 0, 5, 1000, 3;
1, 256, 0, 0, 0, 0, 4, 999, 2;
1, 256, 0, 0, 0, 0, 4, 999, 2;
1, 256, 0, 0, 0, 0, 4, 999, 2;
1, 256, 0, -1, -1, -1, 3, 998, 1;
1, 256, 0, 0, 0, 0, 4, 999, 2;