1, 297, 14, 5, 415, 5, 7, 1160, 58;
3, 297, 14, 31, 414, 4, 12, 1158, 57;
3, 295, 13, 53, 407, 0, 13, 1151, 50;
6, 296, 14, 86, 411, 5, 26, 1157, 57;
9, 297, 15, 115, 410, 8, 36, 1160, 60;
8, 294, 13, 135, 399, 1, 34, 1150, 52;
14, 297, 16, 171, 405, 11, 54, 1161, 65;
13, 294, 14, 189, 391, 3, 51, 1149, 55;
12, 291, 12, 208, 378, -2, 48, 1138, 47;
12, 289, 10, 226, 364, -9, 47, 1127, 39;
20, 295, 16, 272, 377, 11, 79, 1151, 65;
17, 289, 12, 282, 354, -1, 68, 1130, 48;
17, 287, 11, 301, 340, -5, 69, 1121, 43;
20, 288, 12, 328, 333, -1, 80, 1123, 49;
20, 285, 10, 344, 316, -7, 78, 1112, 42;
22, 285, 12, 369, 308, -3, 88, 1112, 47;
23, 283, 11, 389, 295, -3, 93, 1106, 46;
27, 284, 14, 415, 288, 3, 106, 1110, 54;
29, 283, 14, 435, 276, 5, 113, 1107, 57;
31, 284, 16, 458, 266, 10, 124, 1108, 64;
30, 280, 13, 466, 243, 2, 118, 1092, 53;
27, 274, 9, 469, 214, -10, 106, 1070, 37;
32, 276, 13, 495, 210, 1, 124, 1079, 53;
34, 277, 15, 514, 199, 7, 135, 1081, 60;
29, 269, 9, 509, 164, -9, 116, 1052, 38;
37, 274, 16, 540, 167, 10, 145, 1071, 64;
33, 268, 11, 536, 135, -3, 129, 1047, 46;
33, 266, 11, 542, 114, -5, 129, 1037, 43;
36, 267, 14, 558, 104, 3, 142, 1041, 54;
37, 265, 14, 565, 86, 3, 144, 1035, 55;
39, 265, 16, 576, 74, 10, 153, 1036, 63;
40, 264, 16, 582, 56, 11, 156, 1031, 65;
33, 255, 9, 561, 14, -11, 128, 995, 37;
34, 254, 10, 565, -1, -7, 132, 992, 41;
35, 253, 11, 569, -16, -3, 137, 990, 46;
36, 253, 13, 572, -32, 0, 142, 988, 50;
37, 252, 14, 572, -47, 3, 146, 985, 55;
33, 247, 10, 558, -77, -6, 132, 965, 42;
36, 249, 14, 563, -85, 3, 143, 971, 55;
33, 244, 11, 549, -112, -4, 132, 954, 45;
37, 247, 15, 554, -117, 8, 146, 963, 62;
36, 244, 15, 544, -137, 7, 142, 955, 60;
31, 238, 11, 520, -169, -6, 123, 931, 43;
36, 242, 16, 526, -168, 11, 142, 946, 65;
28, 234, 9, 492, -208, -10, 111, 912, 37;
28, 233, 10, 481, -221, -7, 112, 910, 41;
32, 237, 15, 482, -222, 8, 128, 924, 61;
32, 236, 16, 468, -236, 10, 126, 920, 63;
31, 234, 16, 452, -251, 10, 122, 915, 63;
24, 227, 10, 417, -282, -6, 96, 888, 42;
29, 232, 16, 416, -278, 11, 114, 905, 64;
21, 223, 9, 374, -314, -11, 82, 872, 37;
21, 224, 11, 360, -320, -5, 84, 875, 44;
22, 225, 13, 346, -326, 1, 87, 879, 53;
22, 226, 15, 329, -331, 7, 89, 882, 60;
16, 220, 10, 293, -356, -6, 66, 861, 42;
16, 220, 11, 271, -363, -4, 62, 860, 45;
17, 222, 14, 256, -364, 3, 67, 867, 55;
15, 221, 14, 230, -373, 3, 60, 863, 54;
11, 217, 11, 197, -388, -5, 43, 850, 44;
13, 220, 14, 182, -384, 5, 50, 861, 57;
6, 215, 10, 141, -404, -9, 25, 840, 39;
7, 218, 13, 125, -400, 0, 31, 850, 50;
7, 219, 14, 102, -399, 4, 29, 854, 56;
7, 220, 15, 80, -397, 8, 28, 859, 62;
5, 220, 16, 54, -399, 9, 22, 859, 62;
4, 220, 16, 27, -399, 9, 16, 859, 63;
-2, 215, 11, -13, -414, -4, -8, 841, 45;
0, 219, 15, -28, -401, 7, 0, 857, 60;
-3, 218, 13, -60, -404, 2, -12, 851, 54;
-4, 219, 14, -84, -399, 5, -15, 855, 57;
-8, 217, 12, -119, -404, -2, -32, 846, 47;
-6, 220, 15, -135, -390, 6, -26, 860, 59;
-10, 219, 13, -166, -389, 1, -39, 856, 53;
-10, 221, 15, -187, -378, 6, -39, 864, 59;
-11, 222, 15, -212, -371, 7, -45, 867, 59;
-13, 223, 15, -237, -363, 7, -51, 870, 59;
-16, 222, 13, -267, -361, 1, -65, 866, 52;
-22, 218, 9, -303, -364, -11, -87, 853, 36;
-18, 225, 14, -310, -337, 4, -72, 877, 56;
-20, 225, 13, -335, -329, 2, -81, 878, 53;
-22, 225, 13, -358, -319, 0, -88, 880, 51;
-27, 223, 9, -389, -317, -10, -107, 872, 38;
-26, 227, 12, -402, -297, -3, -103, 886, 47;
-26, 229, 13, -418, -280, 0, -104, 895, 50;
-26, 232, 14, -431, -261, 4, -102, 906, 57;
-29, 232, 12, -453, -251, 0, -113, 905, 50;
-28, 235, 14, -464, -230, 4, -110, 917, 56;
-27, 238, 16, -473, -209, 10, -107, 931, 64;
-35, 233, 9, -508, -213, -10, -136, 911, 38;
-31, 239, 14, -507, -182, 3, -122, 935, 55;
-33, 240, 12, -523, -169, 0, -130, 936, 50;
-36, 239, 10, -541, -159, -8, -143, 933, 40;
-31, 247, 16, -531, -121, 11, -121, 964, 64;
-35, 245, 12, -551, -114, 0, -137, 956, 50;
-36, 246, 12, -559, -97, -1, -141, 962, 48;
-37, 247, 11, -567, -81, -4, -145, 965, 45;
-35, 251, 13, -566, -55, 1, -138, 980, 53;
-36, 252, 12, -572, -39, -1, -143, 984, 49;
-33, 257, 16, -563, -9, 9, -130, 1004, 62;
-37, 255, 12, -575, -1, -1, -144, 998, 49;
-39, 255, 10, -582, 10, -9, -153, 995, 39;
-32, 263, 16, -559, 50, 12, -127, 1029, 66;
-39, 258, 9, -579, 46, -11, -155, 1007, 36;
-35, 264, 13, -561, 78, 2, -137, 1031, 53;
-32, 268, 15, -549, 104, 8, -128, 1046, 61;
-32, 270, 15, -542, 122, 8, -126, 1053, 61;
-35, 268, 12, -545, 130, -2, -138, 1046, 47;
-30, 274, 16, -523, 161, 10, -120, 1068, 63;
-30, 275, 16, -513, 178, 9, -118, 1074, 62;
-32, 274, 12, -511, 185, 0, -127, 1068, 50;
-35, 272, 9, -510, 191, -11, -138, 1061, 36;
-28, 280, 15, -475, 228, 8, -109, 1092, 61;
-28, 280, 14, -466, 239, 3, -112, 1092, 55;
-28, 280, 13, -453, 251, 0, -112, 1094, 51;
-24, 285, 16, -424, 277, 11, -94, 1113, 65;
-27, 282, 12, -421, 277, -2, -107, 1101, 47;
-26, 283, 12, -402, 291, -3, -103, 1105, 47;
-25, 284, 12, -382, 304, -3, -98, 1110, 47;
-24, 285, 11, -364, 313, -5, -96, 1111, 43;
-18, 291, 16, -327, 341, 9, -71, 1135, 63;
-16, 292, 16, -304, 352, 10, -65, 1140, 63;
-17, 291, 14, -288, 355, 3, -68, 1135, 54;
-17, 290, 12, -271, 359, -2, -70, 1131, 47;
-18, 288, 10, -253, 361, -9, -72, 1126, 39;
-12, 294, 14, -214, 383, 5, -48, 1147, 57;
-16, 289, 9, -205, 374, -11, -62, 1129, 36;
-11, 292, 12, -171, 388, -3, -45, 1142, 47;
-9, 293, 12, -144, 394, -2, -38, 1145, 48;
-9, 293, 11, -121, 396, -5, -35, 1143, 44;
-7, 292, 10, -96, 397, -7, -31, 1142, 42;
-7, 292, 9, -72, 397, -9, -27, 1139, 38;
-1, 296, 14, -32, 412, 3, -5, 1156, 54;
-2, 293, 10, -16, 402, -7, -11, 1143, 42;
2, 297, 14, 23, 414, 5, 11, 1159, 57;
1, 294, 11, 41, 405, -3, 6, 1148, 46;
6, 297, 15, 78, 413, 6, 26, 1159, 59;
3, 291, 9, 88, 393, -10, 11, 1138, 38;
9, 296, 14, 130, 405, 5, 38, 1156, 58;
9, 294, 13, 151, 395, 0, 37, 1147, 51;
13, 295, 14, 182, 395, 5, 51, 1152, 57;
15, 295, 15, 210, 390, 7, 59, 1152, 60;
15, 293, 14, 231, 379, 3, 61, 1144, 55;
13, 288, 10, 243, 359, -8, 52, 1126, 40;
15, 288, 11, 270, 353, -6, 61, 1126, 43;
17, 287, 11, 293, 343, -6, 66, 1122, 43;
20, 288, 13, 322, 339, 0, 80, 1126, 51;
18, 283, 9, 332, 315, -12, 70, 1107, 35;
27, 290, 16, 377, 327, 11, 105, 1132, 65;
25, 285, 13, 387, 304, 1, 97, 1114, 52;
23, 281, 10, 397, 281, -8, 90, 1097, 40;
23, 278, 9, 412, 263, -12, 90, 1087, 35;
28, 281, 13, 442, 261, 0, 110, 1098, 51;
32, 283, 16, 469, 257, 11, 127, 1105, 64;
27, 275, 10, 466, 222, -7, 108, 1076, 41;
28, 274, 10, 481, 206, -7, 111, 1069, 41;
32, 276, 13, 505, 199, 2, 127, 1076, 53;
35, 275, 15, 522, 187, 6, 136, 1075, 59;
35, 274, 15, 534, 170, 7, 140, 1070, 60;
34, 270, 13, 538, 146, 1, 135, 1056, 53;
35, 269, 14, 548, 129, 3, 139, 1051, 54;
37, 269, 15, 560, 115, 7, 146, 1049, 60;
39, 268, 16, 571, 101, 12, 154, 1048, 65;
35, 262, 12, 562, 68, -2, 137, 1023, 47;
36, 261, 12, 568, 50, 0, 140, 1018, 50;
34, 257, 11, 565, 25, -6, 134, 1004, 43;
36, 257, 13, 573, 13, 0, 142, 1005, 51;
33, 252, 9, 563, -16, -9, 130, 985, 38;
36, 253, 13, 572, -25, 0, 142, 990, 51;
36, 252, 13, 571, -43, 1, 143, 985, 53;
36, 251, 13, 569, -61, 2, 143, 979, 53;
37, 250, 15, 568, -76, 6, 147, 976, 58;
34, 246, 12, 553, -103, -1, 135, 959, 48;
38, 248, 16, 559, -109, 11, 150, 968, 64;
31, 240, 10, 532, -146, -7, 124, 938, 41;
32, 240, 11, 526, -160, -3, 127, 936, 46;
36, 242, 16, 528, -164, 9, 141, 946, 62;
31, 237, 12, 504, -194, -2, 122, 924, 47;
34, 239, 16, 503, -198, 10, 135, 934, 63;
28, 232, 10, 471, -233, -8, 109, 906, 40;
33, 237, 16, 476, -229, 11, 130, 924, 65;
25, 228, 9, 437, -266, -10, 98, 891, 38;
30, 233, 15, 438, -262, 8, 117, 908, 61;
29, 232, 15, 421, -276, 9, 113, 904, 62;
23, 226, 11, 389, -302, -3, 93, 884, 46;
20, 223, 9, 362, -321, -10, 80, 871, 38;
19, 222, 9, 341, -333, -9, 75, 866, 38;
23, 227, 15, 338, -326, 8, 92, 885, 61;
18, 222, 12, 305, -348, -2, 73, 868, 48;
18, 222, 13, 284, -355, 0, 71, 867, 51;
14, 219, 10, 253, -372, -6, 56, 855, 42;
16, 222, 14, 240, -368, 4, 64, 866, 56;
9, 216, 9, 199, -392, -11, 38, 843, 36;
14, 221, 15, 194, -379, 8, 56, 865, 61;
10, 218, 13, 160, -393, 0, 40, 853, 51;
5, 214, 9, 123, -409, -10, 19, 837, 37;
8, 219, 14, 113, -396, 5, 34, 857, 58;
9, 221, 16, 93, -393, 12, 35, 863, 66;
5, 219, 15, 61, -400, 7, 22, 857, 60;
4, 220, 16, 36, -399, 9, 18, 859, 62;
-1, 215, 11, -4, -413, -4, -4, 842, 45;
-4, 214, 10, -36, -418, -9, -18, 835, 39;
-6, 214, 10, -63, -417, -9, -25, 835, 39;
-6, 215, 11, -86, -411, -5, -26, 841, 44;
-6, 218, 13, -107, -402, 0, -26, 850, 51;
-12, 214, 9, -145, -410, -11, -48, 836, 36;
-14, 214, 9, -172, -405, -12, -55, 837, 35;
-14, 216, 10, -194, -396, -8, -57, 844, 39;
-11, 222, 15, -204, -374, 6, -44, 866, 59;
-16, 219, 11, -239, -377, -3, -63, 856, 46;
-19, 218, 10, -269, -374, -9, -76, 851, 39;
-17, 223, 13, -282, -353, 2, -68, 869, 53;
-21, 221, 11, -313, -351, -5, -83, 863, 44;
-22, 223, 11, -333, -339, -3, -86, 870, 46;
-23, 224, 12, -354, -326, -2, -90, 876, 48;
-21, 228, 15, -365, -304, 7, -83, 892, 59;
-24, 227, 13, -392, -298, 0, -97, 889, 51;
-22, 232, 16, -401, -274, 10, -89, 906, 64;
-29, 228, 11, -436, -277, -6, -114, 891, 43;
-25, 234, 16, -438, -246, 9, -99, 916, 63;
-32, 230, 10, -473, -250, -9, -126, 898, 39;
-27, 237, 15, -470, -215, 9, -107, 927, 62;
-34, 233, 9, -504, -218, -10, -135, 909, 38;
-32, 238, 13, -507, -191, 0, -126, 928, 50;
-29, 243, 16, -507, -163, 11, -114, 949, 65;
-36, 238, 10, -539, -166, -9, -143, 929, 39;
-31, 246, 16, -530, -129, 9, -122, 960, 62;
-33, 246, 14, -542, -114, 5, -129, 962, 58;
-38, 243, 10, -564, -111, -9, -149, 950, 39;
-33, 250, 15, -554, -76, 6, -131, 977, 59;
-36, 250, 12, -567, -64, 0, -141, 975, 50;
-36, 252, 13, -569, -44, 0, -141, 983, 51;
-37, 252, 11, -576, -29, -3, -147, 985, 46;
-39, 253, 10, -581, -14, -7, -152, 987, 41;
-38, 255, 10, -580, 6, -6, -150, 996, 42;
-38, 257, 10, -578, 25, -6, -150, 1003, 42;
-38, 258, 10, -576, 43, -7, -151, 1009, 41;
-32, 266, 16, -554, 81, 10, -127, 1039, 64;
-38, 262, 10, -568, 80, -8, -150, 1022, 39;
-33, 268, 15, -546, 115, 6, -128, 1049, 59;
-37, 266, 10, -553, 119, -7, -145, 1037, 41;
-32, 272, 14, -531, 150, 5, -126, 1060, 57;
-35, 270, 11, -532, 156, -6, -138, 1053, 43;
-35, 270, 10, -524, 170, -9, -139, 1055, 39;
-29, 278, 16, -493, 206, 9, -113, 1085, 62;
-29, 278, 14, -483, 220, 5, -114, 1087, 58;
-33, 275, 10, -483, 221, -8, -128, 1075, 40;
-26, 283, 16, -448, 256, 10, -101, 1104, 63;
-25, 283, 15, -434, 268, 7, -100, 1106, 60;
-26, 282, 13, -424, 276, 0, -105, 1103, 51;
-29, 280, 9, -417, 278, -11, -115, 1093, 36;
-24, 285, 12, -387, 302, -1, -97, 1111, 49;
-23, 286, 12, -367, 313, -1, -93, 1115, 48;
-19, 289, 15, -338, 334, 6, -77, 1130, 59;
-23, 285, 9, -332, 329, -9, -92, 1114, 38;
-15, 292, 16, -289, 359, 9, -62, 1142, 63;
-20, 287, 9, -286, 349, -9, -81, 1121, 38;
-16, 291, 12, -253, 366, -1, -64, 1135, 49;
-13, 293, 13, -225, 378, 2, -54, 1142, 53;
-14, 291, 11, -208, 377, -5, -57, 1135, 43;
-8, 297, 16, -166, 400, 10, -31, 1158, 63;
-13, 290, 9, -162, 384, -11, -51, 1133, 36;
-6, 296, 14, -119, 405, 5, -24, 1155, 57;
-5, 295, 13, -96, 405, 2, -22, 1153, 53;
-6, 293, 11, -78, 400, -6, -25, 1143, 43;
0, 298, 16, -35, 418, 9, 0, 1164, 63;
1, 298, 15, -8, 418, 9, 6, 1164, 62;
0, 296, 13, 10, 411, 1, 3, 1154, 52;
2, 295, 13, 36, 409, 0, 9, 1153, 51;
7, 298, 16, 73, 418, 10, 29, 1165, 64;
6, 296, 14, 92, 407, 3, 26, 1154, 54;
9, 296, 15, 122, 407, 6, 36, 1157, 58;
12, 298, 16, 154, 409, 12, 50, 1163, 66;
11, 294, 14, 171, 394, 2, 45, 1149, 54;
14, 295, 15, 200, 392, 6, 56, 1152, 59;
13, 292, 12, 219, 378, 0, 54, 1140, 50;
12, 289, 10, 235, 362, -8, 49, 1127, 40;
15, 289, 11, 264, 358, -4, 61, 1130, 45;
15, 286, 9, 281, 341, -11, 58, 1117, 37;
20, 289, 13, 316, 344, 1, 80, 1130, 53;
18, 285, 10, 329, 323, -7, 73, 1113, 41;
20, 284, 10, 351, 312, -7, 79, 1110, 41;
25, 287, 14, 383, 311, 4, 99, 1120, 56;
28, 287, 16, 409, 304, 9, 111, 1122, 63;
25, 282, 12, 415, 277, -2, 100, 1101, 47;
30, 284, 15, 443, 273, 6, 117, 1107, 59;
27, 279, 11, 449, 247, -3, 108, 1089, 46;
29, 278, 12, 468, 234, 0, 115, 1086, 49;
32, 279, 14, 490, 225, 5, 127, 1089, 58;
33, 277, 14, 503, 208, 5, 130, 1082, 57;
28, 270, 9, 499, 173, -12, 111, 1054, 35;
36, 275, 16, 532, 178, 9, 142, 1075, 63;
32, 268, 11, 527, 145, -5, 125, 1049, 43;
34, 269, 13, 542, 132, 0, 134, 1049, 50;
33, 265, 11, 546, 109, -4, 131, 1037, 45;
35, 265, 13, 558, 96, 0, 139, 1036, 51;
32, 260, 10, 554, 67, -9, 128, 1016, 39;
32, 258, 9, 557, 47, -10, 127, 1008, 37;
36, 259, 12, 570, 38, 0, 141, 1013, 50;
38, 260, 15, 579, 25, 6, 150, 1014, 58;
32, 252, 9, 562, -11, -11, 128, 985, 36;
35, 253, 12, 571, -21, -1, 140, 990, 48;
34, 250, 11, 565, -44, -6, 134, 977, 43;
37, 252, 14, 571, -54, 3, 145, 983, 55;
33, 246, 10, 556, -83, -6, 131, 963, 42;
35, 247, 12, 557, -96, 0, 138, 963, 50;
34, 244, 12, 549, -115, -1, 135, 955, 48;
36, 245, 14, 548, -127, 5, 141, 957, 57;
30, 238, 9, 522, -161, -10, 119, 930, 37;
32, 239, 12, 521, -170, -1, 127, 934, 48;
29, 235, 9, 500, -196, -10, 113, 917, 37;
34, 239, 15, 506, -195, 7, 133, 933, 60;
32, 237, 14, 490, -213, 5, 127, 925, 57;
33, 237, 16, 479, -225, 10, 129, 924, 63;
30, 233, 14, 457, -246, 4, 118, 911, 56;
25, 228, 10, 427, -274, -8, 97, 889, 40;
25, 228, 11, 413, -285, -4, 98, 889, 45;
22, 225, 10, 389, -303, -9, 87, 878, 39;
25, 228, 14, 383, -303, 4, 99, 890, 56;
23, 226, 13, 361, -317, 2, 92, 883, 54;
23, 226, 15, 343, -324, 6, 92, 884, 59;
19, 223, 12, 314, -343, 0, 77, 871, 49;
16, 220, 10, 285, -359, -6, 63, 859, 42;
18, 222, 14, 271, -358, 3, 70, 869, 55;
18, 224, 16, 254, -360, 10, 74, 874, 64;
10, 217, 9, 209, -388, -9, 42, 846, 38;
12, 219, 12, 193, -386, -1, 46, 854, 49;
14, 222, 16, 179, -380, 10, 55, 867, 64;
7, 216, 11, 136, -402, -5, 28, 844, 43;
6, 216, 11, 112, -405, -3, 24, 845, 46;
9, 221, 16, 101, -392, 11, 37, 863, 65;
3, 217, 12, 62, -407, 0, 15, 847, 50;
0, 214, 10, 27, -417, -8, -1, 837, 40;
0, 216, 11, 5, -413, -3, -2, 842, 46;
-2, 215, 11, -22, -414, -4, -10, 841, 45;
-3, 216, 12, -48, -411, -3, -15, 843, 47;
-7, 214, 10, -80, -415, -8, -28, 837, 39;
-3, 220, 15, -90, -395, 7, -14, 859, 60;
-7, 218, 13, -124, -399, 0, -30, 851, 51;
-9, 218, 12, -152, -396, 0, -38, 851, 49;
-8, 221, 15, -169, -381, 8, -34, 864, 60;
-14, 217, 11, -209, -389, -6, -58, 849, 43;
-17, 217, 10, -235, -383, -7, -66, 849, 41;
-19, 217, 9, -263, -378, -10, -76, 849, 37;
-15, 224, 15, -269, -351, 7, -59, 875, 60;
-16, 225, 15, -291, -340, 8, -63, 880, 61;
-18, 226, 15, -314, -331, 7, -70, 883, 60;
-24, 222, 10, -352, -335, -8, -95, 867, 40;
-25, 224, 10, -372, -322, -6, -99, 873, 42;
-26, 225, 10, -393, -310, -6, -104, 878, 42;
-25, 229, 13, -403, -288, 1, -98, 894, 53;
-29, 227, 10, -431, -283, -7, -114, 887, 41;
-25, 234, 15, -433, -252, 8, -98, 913, 62;
-29, 232, 12, -460, -247, -1, -115, 906, 49;
-32, 231, 10, -483, -238, -8, -128, 903, 40;
-29, 237, 15, -483, -207, 6, -113, 927, 58;
-30, 238, 14, -498, -193, 4, -119, 931, 56;
-29, 242, 16, -505, -170, 9, -115, 944, 63;
-34, 239, 12, -529, -165, -2, -134, 935, 47;
-34, 242, 13, -536, -144, 0, -133, 946, 51;
-32, 247, 15, -536, -117, 8, -124, 963, 61;
-38, 243, 10, -563, -117, -9, -149, 947, 39;
-32, 250, 16, -550, -80, 9, -127, 978, 62;
-35, 250, 13, -563, -68, 1, -138, 975, 53;
-35, 252, 13, -567, -49, 1, -139, 983, 53;
-35, 253, 13, -570, -30, 1, -139, 990, 53;
-33, 257, 15, -564, -4, 8, -131, 1005, 61;
-39, 254, 10, -581, -1, -8, -152, 992, 40;
-37, 258, 12, -575, 23, -2, -145, 1006, 47;
-34, 262, 15, -564, 51, 6, -134, 1024, 58;
-38, 260, 10, -574, 56, -7, -150, 1014, 41;
-35, 264, 13, -561, 83, 0, -139, 1031, 51;
-34, 266, 13, -553, 104, 2, -135, 1040, 53;
-33, 269, 14, -542, 126, 5, -128, 1052, 58;
-36, 267, 11, -545, 133, -5, -140, 1045, 44;
-32, 272, 14, -526, 160, 3, -127, 1062, 55;
-36, 269, 9, -529, 164, -10, -141, 1052, 38;
-35, 271, 9, -516, 182, -9, -138, 1059, 38;
-34, 273, 9, -504, 198, -10, -135, 1064, 37;
-29, 278, 14, -476, 228, 3, -115, 1088, 55;
-30, 278, 12, -465, 239, -1, -117, 1088, 49;
-27, 281, 13, -444, 259, 2, -107, 1099, 54;
-24, 284, 15, -422, 278, 7, -97, 1110, 60;
-29, 280, 9, -422, 275, -10, -115, 1093, 38;
-24, 285, 13, -390, 300, 1, -95, 1113, 53;
-22, 287, 14, -367, 316, 5, -86, 1122, 57;
-23, 286, 11, -355, 319, -3, -92, 1116, 46;
-23, 285, 10, -338, 327, -8, -92, 1114, 40;
-20, 288, 12, -310, 342, -3, -80, 1125, 47;
-15, 292, 15, -276, 363, 7, -61, 1142, 60;
-15, 292, 13, -257, 367, 2, -61, 1139, 54;
-15, 291, 12, -236, 372, 0, -59, 1138, 50;
-15, 291, 11, -216, 375, -5, -58, 1135, 44;
-11, 293, 13, -184, 389, 1, -44, 1146, 52;
-13, 291, 10, -169, 384, -9, -51, 1135, 39;
-9, 293, 12, -136, 396, -2, -36, 1145, 48;
-8, 293, 11, -113, 396, -5, -33, 1143, 43;
-4, 295, 13, -79, 407, 1, -18, 1152, 52;
-5, 293, 10, -60, 401, -6, -21, 1143, 42;
-1, 295, 13, -25, 410, 1, -5, 1154, 52;
2, 298, 15, 8, 418, 8, 11, 1164, 62;
5, 298, 16, 37, 420, 10, 20, 1166, 64;
6, 298, 16, 63, 417, 9, 25, 1163, 62;
2, 292, 10, 71, 396, -9, 8, 1140, 39;
4, 292, 10, 100, 395, -7, 17, 1141, 42;
11, 297, 16, 144, 409, 10, 46, 1162, 64;
11, 295, 14, 164, 397, 3, 44, 1151, 55;
9, 290, 10, 177, 379, -8, 35, 1133, 40;
10, 289, 10, 201, 371, -9, 40, 1130, 39;
11, 288, 9, 223, 361, -12, 43, 1124, 35;
18, 293, 14, 266, 371, 5, 72, 1143, 58;
17, 290, 12, 283, 354, -1, 69, 1131, 49;
21, 290, 14, 311, 350, 4, 82, 1134, 56;
23, 291, 15, 337, 343, 7, 91, 1135, 60;
25, 290, 16, 361, 333, 9, 99, 1132, 62;
20, 282, 9, 362, 301, -10, 79, 1103, 38;
22, 282, 10, 383, 289, -9, 86, 1100, 39;
23, 280, 9, 402, 275, -9, 90, 1094, 38;
27, 282, 12, 429, 270, 0, 106, 1100, 50;
27, 280, 12, 445, 254, -2, 108, 1093, 48;
28, 278, 12, 461, 238, -2, 112, 1086, 47;
32, 280, 15, 487, 232, 7, 128, 1093, 60;
32, 277, 14, 498, 213, 4, 128, 1083, 56;
35, 278, 16, 518, 202, 10, 139, 1085, 64;
34, 274, 14, 522, 178, 3, 133, 1069, 55;
37, 274, 16, 540, 167, 10, 145, 1071, 64;
30, 265, 9, 528, 127, -11, 119, 1037, 36;
32, 265, 10, 540, 112, -8, 126, 1034, 40;
34, 265, 12, 553, 99, -1, 135, 1035, 48;
36, 264, 13, 562, 83, 0, 140, 1031, 51;
33, 259, 10, 557, 55, -8, 129, 1012, 40;
39, 264, 16, 580, 55, 10, 154, 1029, 64;
36, 259, 13, 573, 26, 0, 142, 1010, 51;
34, 255, 11, 568, 0, -5, 135, 995, 44;
36, 254, 12, 572, -13, 0, 141, 994, 49;
36, 253, 13, 573, -30, 1, 144, 989, 52;
39, 254, 16, 580, -40, 10, 155, 994, 64;
38, 252, 15, 573, -61, 8, 151, 984, 61;
33, 245, 11, 553, -95, -6, 131, 959, 43;
36, 247, 14, 557, -104, 3, 142, 964, 55;
35, 244, 13, 547, -125, 1, 137, 954, 52;
34, 242, 12, 536, -145, 0, 132, 945, 50;
35, 242, 14, 531, -157, 5, 137, 945, 57;
30, 236, 10, 507, -188, -7, 118, 922, 41;
35, 240, 16, 513, -187, 10, 137, 939, 63;
29, 234, 11, 484, -218, -4, 116, 914, 45;
28, 232, 11, 468, -236, -6, 110, 906, 42;
32, 235, 16, 468, -236, 9, 125, 919, 62;
30, 234, 15, 450, -253, 8, 120, 912, 61;
30, 233, 16, 435, -264, 11, 119, 911, 64;
28, 231, 15, 413, -281, 8, 111, 902, 61;
28, 231, 16, 398, -290, 12, 111, 902, 66;
20, 223, 10, 357, -324, -8, 80, 871, 40;
21, 224, 12, 342, -330, -2, 82, 874, 47;
21, 224, 13, 324, -337, 1, 82, 875, 53;
21, 225, 15, 308, -340, 8, 85, 880, 61;
13, 218, 9, 265, -370, -11, 54, 851, 36;
12, 217, 9, 242, -378, -10, 50, 849, 38;
17, 223, 16, 237, -366, 9, 68, 871, 62;
12, 219, 12, 202, -383, 0, 49, 856, 50;
7, 215, 9, 165, -401, -11, 29, 839, 36;
8, 217, 11, 148, -398, -3, 33, 848, 46;
6, 217, 12, 121, -403, -3, 27, 846, 46;
4, 216, 11, 94, -407, -4, 19, 844, 45;
1, 214, 9, 62, -416, -9, 5, 836, 38;
1, 215, 11, 40, -413, -4, 5, 841, 44;
1, 217, 13, 18, -408, 0, 5, 847, 51;
0, 218, 14, -4, -405, 4, 3, 852, 56;
-5, 214, 10, -44, -417, -8, -20, 836, 39;
-3, 218, 14, -59, -404, 3, -11, 851, 54;
-1, 221, 16, -77, -392, 12, -7, 864, 66;
-8, 216, 12, -119, -404, -3, -32, 846, 46;
-11, 216, 10, -149, -404, -7, -44, 842, 42;
-12, 216, 10, -175, -398, -6, -50, 845, 42;
-16, 215, 9, -206, -397, -11, -62, 841, 36;
-11, 223, 16, -210, -369, 9, -42, 870, 62;
-13, 223, 15, -237, -363, 6, -52, 870, 59;
-19, 219, 10, -275, -369, -7, -75, 855, 41;
-17, 224, 14, -287, -348, 4, -67, 873, 56;
-22, 221, 10, -322, -350, -7, -87, 862, 41;
-21, 224, 13, -337, -331, 0, -83, 876, 50;
-21, 227, 14, -352, -314, 5, -82, 887, 58;
-24, 226, 12, -380, -308, -1, -96, 883, 49;
-25, 228, 13, -399, -294, 0, -99, 890, 51;
-29, 226, 10, -427, -289, -8, -115, 884, 39;
-29, 228, 11, -442, -272, -6, -116, 892, 43;
-30, 230, 11, -458, -255, -4, -118, 900, 45;
-31, 232, 11, -475, -241, -5, -123, 905, 43;
-29, 236, 14, -480, -215, 4, -115, 923, 56;
-32, 236, 12, -500, -205, -2, -127, 921, 47;
-35, 236, 10, -519, -193, -7, -136, 920, 41;
-34, 238, 11, -527, -172, -4, -135, 932, 45;
-30, 245, 16, -521, -139, 11, -118, 958, 65;
-31, 247, 16, -532, -122, 10, -121, 963, 64;
-31, 249, 16, -539, -103, 11, -123, 971, 64;
-36, 246, 12, -559, -97, -1, -140, 962, 49;
-33, 251, 15, -557, -70, 6, -132, 979, 58;
-33, 253, 15, -560, -50, 7, -131, 987, 60;
-33, 255, 15, -563, -30, 8, -132, 995, 60;
-32, 258, 16, -560, -7, 12, -127, 1007, 66;
-34, 258, 15, -566, 7, 7, -133, 1008, 59;
-38, 256, 11, -578, 14, -5, -148, 1000, 44;
-33, 263, 16, -561, 48, 9, -129, 1026, 63;
-33, 264, 15, -558, 66, 9, -130, 1032, 62;
-35, 264, 13, -562, 77, 1, -138, 1030, 52;
-36, 265, 12, -559, 94, -1, -140, 1033, 48;
-32, 269, 15, -544, 121, 6, -128, 1051, 59;
-31, 271, 15, -534, 141, 8, -124, 1060, 61;
-32, 272, 15, -527, 156, 6, -125, 1063, 58;
-29, 276, 16, -510, 180, 11, -115, 1077, 65;
-32, 274, 13, -511, 185, 0, -127, 1069, 50;
-33, 274, 11, -502, 198, -4, -129, 1070, 45;
-34, 273, 9, -495, 208, -10, -134, 1068, 37;
-28, 280, 14, -464, 240, 4, -111, 1093, 56;
-26, 282, 15, -446, 257, 6, -104, 1101, 58;
-29, 279, 10, -442, 259, -6, -116, 1091, 42;
-28, 281, 11, -423, 275, -4, -110, 1098, 44;
-27, 282, 10, -406, 287, -7, -108, 1101, 42;
-25, 284, 12, -382, 304, -3, -98, 1110, 47;
-21, 288, 14, -354, 324, 4, -83, 1125, 56;
-25, 284, 9, -349, 319, -12, -98, 1108, 35;
-20, 288, 12, -316, 341, -1, -80, 1125, 49;
-18, 290, 13, -292, 352, 0, -72, 1131, 51;
-16, 291, 13, -266, 364, 2, -63, 1138, 53;
-11, 295, 16, -233, 382, 11, -46, 1152, 65;
-14, 292, 12, -221, 377, -1, -56, 1139, 48;
-12, 293, 13, -193, 386, 0, -47, 1144, 51;
-9, 295, 14, -163, 396, 4, -35, 1152, 56;
-7, 295, 14, -138, 401, 4, -30, 1153, 55;
-10, 291, 9, -126, 391, -9, -41, 1137, 38;
-2, 298, 16, -78, 416, 11, -7, 1165, 65;
-2, 297, 14, -57, 412, 5, -8, 1158, 57;
0, 297, 15, -28, 416, 7, 0, 1162, 60;
1, 297, 14, -3, 415, 5, 4, 1159, 57;
1, 296, 13, 19, 411, 1, 6, 1154, 52;
2, 294, 12, 42, 406, -2, 8, 1149, 48;
2, 293, 11, 65, 400, -5, 10, 1144, 43;
6, 295, 13, 99, 404, 0, 25, 1151, 51;
10, 297, 16, 134, 409, 9, 42, 1160, 62;
9, 293, 12, 149, 393, -1, 35, 1145, 48;
9, 291, 10, 170, 383, -6, 35, 1137, 42;
15, 295, 15, 210, 391, 7, 60, 1152, 60;
17, 294, 15, 235, 384, 7, 66, 1150, 60;
17, 293, 14, 257, 373, 5, 69, 1144, 57;
17, 290, 12, 274, 357, -1, 66, 1131, 48;
19, 290, 13, 300, 350, 0, 75, 1131, 51;
23, 291, 16, 332, 348, 9, 92, 1138, 63;
20, 286, 11, 339, 322, -5, 79, 1115, 44;
25, 288, 14, 371, 321, 5, 98, 1125, 58;
26, 287, 14, 391, 308, 5, 102, 1119, 57;
26, 284, 13, 406, 290, 0, 101, 1108, 51;
27, 282, 13, 424, 276, 0, 105, 1103, 51;
24, 278, 9, 431, 251, -10, 97, 1084, 38;
27, 278, 11, 453, 240, -5, 107, 1085, 44;
33, 281, 16, 484, 239, 9, 129, 1097, 62;
28, 274, 10, 481, 206, -7, 112, 1070, 41;
32, 275, 13, 504, 198, 1, 126, 1075, 52;
32, 273, 13, 515, 180, 0, 128, 1067, 51;
30, 268, 9, 516, 152, -9, 118, 1048, 38;
31, 267, 10, 528, 137, -7, 123, 1044, 41;
34, 268, 13, 545, 126, 0, 135, 1047, 50;
33, 265, 11, 548, 103, -4, 131, 1034, 44;
39, 268, 16, 571, 100, 11, 153, 1047, 64;
35, 262, 12, 562, 67, -2, 137, 1023, 47;
38, 263, 14, 574, 56, 5, 148, 1025, 57;
33, 256, 10, 562, 22, -9, 130, 1000, 39;
35, 256, 11, 569, 8, -4, 137, 999, 45;
36, 255, 12, 572, -7, -1, 141, 995, 49;
38, 256, 15, 579, -18, 6, 150, 998, 59;
33, 249, 10, 562, -53, -8, 131, 973, 40;
38, 252, 15, 574, -55, 8, 151, 986, 61;
38, 251, 15, 570, -74, 8, 149, 979, 61;
31, 243, 9, 544, -112, -10, 124, 948, 37;
37, 247, 15, 556, -112, 7, 145, 964, 60;
35, 244, 14, 543, -135, 3, 138, 952, 55;
31, 239, 11, 524, -162, -5, 124, 934, 43;
33, 239, 13, 519, -174, 0, 129, 935, 51;
32, 237, 12, 506, -192, 0, 125, 928, 50;
35, 240, 16, 505, -197, 11, 137, 936, 65;
28, 232, 10, 472, -232, -7, 110, 906, 41;
27, 231, 11, 457, -247, -6, 107, 902, 43;
30, 234, 15, 455, -248, 7, 120, 913, 60;
24, 227, 10, 422, -279, -8, 96, 888, 40;
23, 225, 9, 402, -295, -9, 90, 881, 38;
27, 230, 15, 400, -291, 7, 106, 897, 60;
26, 228, 15, 379, -304, 7, 101, 892, 60;
22, 225, 12, 350, -324, 0, 86, 878, 50;
20, 224, 13, 329, -335, 0, 81, 874, 50;
22, 226, 16, 316, -336, 9, 88, 882, 62;
19, 223, 14, 287, -352, 3, 75, 871, 55;
20, 225, 16, 271, -353, 11, 79, 878, 65;
15, 221, 13, 238, -371, 2, 61, 863, 54;
14, 221, 14, 215, -376, 4, 57, 863, 56;
14, 222, 15, 195, -378, 9, 57, 866, 62;
6, 215, 9, 149, -404, -10, 26, 839, 37;
10, 220, 15, 140, -391, 6, 41, 859, 59;
5, 216, 11, 102, -407, -5, 20, 843, 44;
7, 220, 15, 88, -397, 7, 29, 858, 60;
1, 215, 11, 48, -413, -5, 6, 840, 43;
4, 219, 15, 34, -402, 7, 15, 856, 60;
0, 216, 12, -2, -411, -2, -2, 844, 48;
-3, 215, 11, -32, -414, -5, -12, 840, 44;
-3, 217, 13, -53, -407, 0, -13, 847, 51;
-5, 217, 12, -81, -406, 0, -20, 847, 50;
-7, 217, 12, -110, -405, -2, -29, 846, 47;
-7, 219, 13, -131, -395, 2, -29, 854, 54;
-9, 219, 14, -156, -390, 3, -35, 857, 55;
-9, 221, 15, -179, -381, 6, -38, 863, 59;
-12, 221, 14, -206, -376, 4, -46, 863, 56;
-11, 223, 16, -226, -363, 9, -46, 872, 63;
-20, 217, 9, -272, -376, -11, -79, 849, 36;
-18, 221, 12, -285, -357, -1, -72, 865, 49;
-17, 225, 14, -301, -339, 6, -68, 878, 58;
-20, 224, 13, -328, -333, 1, -79, 876, 53;
-20, 227, 14, -346, -318, 5, -80, 886, 57;
-26, 224, 10, -380, -319, -7, -102, 874, 41;
-25, 227, 13, -392, -298, 0, -97, 888, 50;
-25, 229, 13, -410, -284, 1, -101, 894, 52;
-29, 228, 11, -435, -276, -5, -113, 892, 44;
-32, 228, 9, -458, -267, -10, -124, 890, 37;
-27, 235, 15, -456, -232, 8, -105, 920, 61;
-27, 238, 16, -468, -214, 10, -105, 929, 64;
-31, 236, 13, -493, -208, 0, -122, 922, 51;
-34, 236, 11, -512, -197, -5, -132, 921, 44;
-34, 238, 11, -523, -178, -4, -134, 929, 45;
-35, 240, 11, -534, -161, -4, -137, 936, 45;
-35, 242, 12, -542, -141, -2, -137, 944, 47;
-34, 245, 13, -547, -119, 1, -135, 956, 52;
-32, 249, 15, -547, -94, 7, -128, 971, 60;
-37, 246, 11, -567, -88, -5, -146, 962, 44;
-33, 253, 15, -557, -54, 9, -129, 987, 62;
-36, 251, 12, -571, -46, -1, -143, 981, 48;
-37, 252, 11, -576, -29, -3, -147, 985, 46;
-38, 254, 11, -578, -11, -4, -148, 991, 44;
-39, 254, 10, -582, 4, -8, -153, 993, 40;
-37, 258, 12, -575, 29, -3, -146, 1008, 47;
-38, 259, 10, -576, 44, -6, -149, 1010, 42;
-34, 264, 14, -560, 75, 4, -134, 1032, 56;
-38, 261, 9, -569, 79, -9, -151, 1020, 38;
-37, 264, 11, -559, 101, -6, -145, 1032, 43;
-37, 265, 9, -555, 116, -9, -147, 1035, 38;
-34, 269, 12, -538, 143, -1, -135, 1052, 49;
-32, 273, 14, -522, 166, 3, -126, 1065, 55;
-29, 277, 16, -503, 192, 11, -113, 1082, 65;
-28, 278, 16, -492, 207, 10, -112, 1086, 63;
-32, 275, 11, -493, 209, -4, -127, 1074, 45;
-30, 277, 12, -476, 228, -1, -120, 1083, 48;
-26, 282, 16, -449, 255, 9, -102, 1103, 62;
-26, 282, 14, -438, 265, 4, -104, 1102, 56;
-26, 283, 13, -421, 278, 2, -102, 1106, 54;
-27, 282, 11, -411, 284, -5, -107, 1101, 44;
-26, 283, 10, -392, 296, -6, -104, 1104, 42;
-20, 289, 15, -357, 324, 8, -80, 1128, 61;
-20, 289, 14, -338, 333, 6, -78, 1129, 58;
-20, 288, 12, -322, 338, 0, -80, 1126, 50;
-19, 289, 13, -299, 349, 0, -74, 1130, 50;
-19, 289, 11, -280, 354, -4, -74, 1128, 45;
-12, 294, 16, -242, 378, 10, -50, 1149, 63;
-15, 291, 12, -230, 373, -2, -59, 1137, 47;
-12, 294, 13, -199, 386, 2, -46, 1146, 54;
-12, 292, 12, -180, 386, -3, -47, 1141, 47;
-6, 297, 15, -142, 404, 9, -26, 1158, 62;
-11, 290, 9, -137, 388, -11, -45, 1134, 36;
-5, 295, 13, -96, 405, 2, -22, 1153, 53;
-7, 292, 9, -82, 396, -10, -30, 1139, 38;
0, 298, 15, -36, 417, 8, 0, 1163, 61;
2, 299, 16, -5, 421, 12, 10, 1167, 66;
0, 295, 13, 9, 410, 0, 2, 1153, 51;
2, 296, 13, 37, 410, 1, 11, 1154, 53;
6, 297, 15, 69, 414, 6, 24, 1160, 59;
5, 294, 12, 88, 403, 0, 21, 1149, 49;
11, 298, 16, 128, 413, 12, 44, 1164, 66;
5, 291, 9, 132, 387, -9, 23, 1135, 38;
12, 295, 14, 174, 397, 5, 49, 1153, 58;
10, 291, 11, 188, 379, -5, 40, 1136, 43;
11, 290, 10, 211, 370, -8, 44, 1131, 40;
13, 289, 11, 237, 364, -6, 52, 1130, 43;
14, 288, 10, 261, 354, -7, 57, 1126, 41;
16, 288, 11, 286, 347, -5, 66, 1125, 44;
16, 285, 9, 303, 330, -11, 63, 1113, 36;
20, 287, 12, 334, 329, -2, 80, 1120, 47;
24, 288, 15, 364, 326, 6, 96, 1127, 58;
22, 283, 10, 372, 300, -6, 86, 1106, 42;
23, 282, 10, 392, 287, -7, 90, 1100, 42;
26, 282, 12, 417, 279, 0, 103, 1103, 49;
26, 280, 11, 432, 262, -4, 103, 1094, 45;
30, 281, 14, 457, 255, 4, 118, 1099, 56;
27, 276, 10, 462, 228, -7, 107, 1078, 41;
34, 280, 16, 495, 230, 11, 134, 1095, 64;
32, 276, 13, 500, 205, 2, 126, 1078, 53;
32, 273, 12, 509, 184, -1, 124, 1067, 48;
34, 273, 13, 525, 171, 2, 133, 1066, 54;
34, 270, 13, 533, 150, 0, 132, 1056, 50;
31, 266, 10, 533, 123, -9, 123, 1037, 39;
35, 268, 13, 553, 116, 2, 140, 1045, 54;
37, 267, 14, 563, 101, 5, 145, 1042, 57;
36, 264, 13, 565, 78, 1, 142, 1030, 53;
34, 260, 11, 564, 53, -4, 136, 1016, 45;
37, 260, 13, 573, 40, 2, 144, 1016, 53;
39, 261, 16, 582, 29, 9, 154, 1019, 63;
34, 254, 11, 567, -6, -6, 134, 992, 43;
32, 250, 9, 561, -31, -11, 127, 978, 36;
32, 249, 9, 559, -50, -11, 127, 971, 36;
36, 251, 13, 569, -56, 1, 143, 980, 52;
39, 252, 16, 574, -65, 11, 154, 985, 65;
38, 249, 15, 566, -87, 8, 149, 974, 61;
35, 245, 13, 550, -114, 0, 136, 957, 50;
32, 241, 10, 535, -139, -6, 126, 941, 42;
36, 244, 15, 542, -142, 8, 143, 954, 61;
32, 239, 12, 519, -171, -3, 126, 933, 46;
31, 237, 12, 508, -188, -2, 123, 927, 47;
34, 239, 16, 507, -193, 9, 135, 935, 62;
33, 237, 15, 492, -211, 8, 130, 928, 60;
33, 237, 16, 479, -225, 9, 129, 924, 63;
30, 233, 14, 456, -247, 3, 117, 910, 55;
26, 229, 11, 432, -270, -4, 103, 895, 45;
25, 228, 12, 415, -283, -2, 100, 891, 47;
25, 228, 13, 400, -293, 1, 100, 891, 52;
25, 227, 14, 382, -304, 3, 98, 889, 54;
25, 228, 15, 367, -311, 8, 100, 891, 61;
24, 227, 16, 347, -321, 10, 96, 889, 63;
23, 227, 16, 325, -331, 10, 91, 885, 64;
18, 222, 13, 292, -352, 0, 72, 868, 51;
17, 222, 13, 270, -360, 1, 69, 867, 53;
13, 219, 11, 238, -376, -5, 53, 854, 44;
17, 223, 16, 230, -367, 11, 68, 872, 64;
11, 218, 12, 192, -387, -1, 46, 853, 48;
12, 220, 14, 173, -387, 4, 47, 859, 56;
7, 216, 10, 136, -403, -6, 27, 843, 42;
9, 219, 14, 121, -396, 4, 35, 856, 57;
4, 216, 12, 87, -407, -2, 19, 845, 47;
7, 221, 16, 74, -396, 11, 29, 861, 64;
-1, 213, 9, 23, -421, -12, -6, 832, 35;
-1, 215, 11, 2, -416, -6, -5, 839, 43;
-1, 216, 12, -19, -411, -1, -6, 845, 48;
-2, 218, 13, -42, -406, 2, -8, 850, 54;
-6, 216, 11, -76, -411, -4, -23, 842, 45;
-8, 215, 11, -104, -409, -5, -31, 842, 43;
-9, 216, 11, -131, -405, -5, -38, 843, 43;
-6, 222, 16, -140, -384, 10, -24, 866, 64;
-9, 220, 14, -172, -384, 5, -37, 860, 57;
-13, 219, 12, -203, -383, 0, -51, 856, 50;
-17, 217, 10, -236, -384, -8, -67, 849, 40;
-13, 224, 16, -242, -358, 9, -51, 874, 62;
-19, 220, 11, -280, -363, -4, -74, 860, 45;
-18, 223, 13, -298, -348, 0, -73, 870, 51;
-20, 223, 12, -322, -339, 0, -80, 873, 50;
-19, 227, 15, -336, -319, 8, -75, 887, 61;
-24, 225, 12, -367, -317, -2, -93, 879, 48;
-27, 224, 10, -395, -312, -9, -108, 874, 39;
-23, 231, 15, -396, -280, 8, -89, 903, 62;
-23, 233, 16, -414, -265, 10, -92, 909, 63;
-26, 233, 14, -436, -256, 5, -103, 909, 57;
-32, 229, 9, -469, -256, -10, -127, 895, 37;
-33, 231, 10, -484, -239, -9, -129, 902, 39;
-28, 238, 15, -482, -206, 7, -112, 929, 59;
-28, 240, 16, -492, -187, 10, -112, 938, 63;
-36, 235, 9, -525, -190, -10, -141, 919, 37;
-37, 237, 9, -538, -174, -11, -145, 924, 36;
-31, 245, 15, -528, -136, 8, -123, 956, 61;
-32, 246, 15, -537, -118, 8, -125, 962, 61;
-36, 245, 12, -555, -110, -2, -140, 956, 47;
-35, 247, 13, -559, -89, 0, -138, 967, 51;
-37, 248, 11, -569, -74, -4, -145, 968, 45;
-38, 249, 10, -575, -58, -6, -149, 972, 42;
-33, 255, 15, -563, -24, 8, -132, 997, 60;
-34, 257, 15, -566, -6, 6, -134, 1003, 59;
-34, 258, 15, -567, 12, 6, -135, 1010, 58;
-35, 259, 13, -570, 27, 2, -139, 1012, 53;
-32, 264, 16, -558, 57, 12, -126, 1031, 66;
-33, 265, 15, -558, 72, 7, -131, 1033, 60;
-32, 268, 16, -550, 94, 11, -125, 1045, 65;
-34, 266, 13, -553, 103, 1, -135, 1040, 53;
-32, 270, 16, -539, 129, 9, -124, 1056, 62;
-33, 270, 13, -538, 140, 1, -132, 1054, 53;
-34, 270, 12, -532, 154, -2, -134, 1055, 48;
-32, 273, 13, -518, 175, 0, -128, 1065, 51;
-28, 278, 16, -495, 203, 11, -111, 1085, 65;
-33, 274, 10, -500, 201, -7, -131, 1069, 42;
-33, 275, 10, -488, 216, -8, -130, 1072, 39;
-27, 281, 14, -458, 246, 5, -108, 1096, 58;
-31, 278, 10, -455, 248, -7, -121, 1085, 41;
-26, 283, 13, -428, 273, 2, -104, 1103, 53;
-27, 282, 11, -415, 281, -3, -107, 1101, 46;
-22, 287, 16, -383, 308, 9, -86, 1123, 62;
-23, 286, 12, -373, 311, 0, -93, 1115, 50;
-23, 286, 12, -354, 321, -2, -90, 1117, 47;
-17, 292, 16, -318, 347, 11, -67, 1139, 65;
-21, 287, 10, -313, 339, -6, -84, 1121, 42;
-20, 287, 10, -292, 347, -8, -80, 1122, 40;
-15, 292, 14, -257, 368, 3, -60, 1140, 54;
-18, 288, 9, -246, 363, -9, -71, 1127, 38;
-10, 295, 16, -201, 390, 9, -40, 1154, 63;
-9, 295, 15, -178, 394, 7, -37, 1153, 59;
-11, 293, 12, -162, 390, -2, -43, 1143, 47;
-12, 290, 9, -146, 386, -12, -48, 1133, 35;
-9, 292, 10, -115, 394, -7, -36, 1140, 41;
-7, 292, 10, -88, 397, -8, -30, 1141, 40;
-2, 296, 13, -52, 409, 1, -10, 1154, 53;
0, 296, 14, -24, 412, 3, -2, 1156, 54;
14, 13, 5, 1954, 4741, 1664, 55, 52, 23;
5, 26, 12, 4254, 4493, 2197, 22, 104, 49;
9, 15, 11, 1715, 1949, 1415, 36, 61, 44;
4, 8, 0, 3864, 1969, 1858, 17, 32, 2;
5, 11, 5, 3050, 3271, 2168, 22, 45, 23;
8, 14, 2, 4120, 5012, 1193, 34, 54, 11;
0, 29, 5, 3763, 4422, 1111, 0, 115, 21;
16, 28, 12, 1969, 3865, 1408, 64, 110, 48;
2, 17, 8, 1585, 2198, 1422, 9, 67, 33;
8, 8, 1, 3052, 4694, 1736, 32, 31, 5;
1, 8, 8, 2708, 4608, 1594, 6, 32, 32;
15, 14, 9, 3596, 2551, 2690, 60, 56, 38;
4, 30, 2, 2501, 3899, 1643, 16, 117, 10;
13, 15, 0, 2413, 5383, 2164, 53, 59, 1;
7, 3, 0, 4285, 5259, 2213, 27, 13, 3;
20, 9, 3, 2486, 2183, 1480, 80, 36, 13;
3, 7, 2, 4316, 3466, 1188, 12, 27, 10;
17, 13, 4, 3990, 4135, 2426, 67, 53, 18;
20, 3, 10, 3968, 4921, 1489, 79, 12, 41;
7, 30, 12, 2731, 3978, 1375, 27, 118, 48;
12, 15, 3, 3173, 3988, 1382, 47, 61, 13;
13, 16, 5, 4118, 5152, 2048, 53, 62, 22;
19, 18, 1, 1604, 4715, 2804, 77, 72, 6;
5, 23, 8, 2251, 2094, 2096, 21, 91, 33;
20, 20, 3, 3578, 2183, 1291, 80, 80, 13;
20, 25, 1, 3850, 3158, 2320, 78, 100, 4;
18, 0, 4, 3426, 3091, 2220, 70, 2, 16;
16, 16, 10, 1876, 4063, 2310, 66, 62, 41;
5, 8, 10, 2343, 4743, 2174, 23, 34, 42;
18, 24, 1, 3697, 2881, 1865, 71, 95, 4;
8, 24, 5, 2944, 2874, 1366, 34, 97, 20;
12, 21, 6, 3028, 2703, 1940, 50, 83, 27;
12, 25, 8, 2296, 4672, 1571, 50, 99, 31;
8, 13, 9, 2477, 4288, 1777, 33, 53, 36;
19, 1, 8, 1851, 4369, 1830, 74, 5, 32;
7, 1, 12, 3435, 4245, 2221, 27, 4, 48;
12, 26, 6, 3332, 4173, 1718, 48, 104, 26;
14, 6, 8, 1658, 3989, 1696, 54, 24, 33;
13, 8, 8, 2633, 5395, 2722, 52, 34, 31;
3, 8, 7, 1883, 4057, 2414, 13, 31, 30;
10, 24, 10, 2545, 2273, 1423, 40, 93, 40;
8, 8, 7, 2456, 3017, 1349, 34, 33, 30;
13, 17, 10, 3007, 3521, 1361, 52, 69, 39;
17, 26, 7, 3196, 3262, 1070, 66, 101, 28;
2, 15, 4, 2576, 2561, 2088, 10, 62, 18;
8, 30, 13, 2302, 3755, 2269, 31, 119, 50;
12, 30, 6, 2303, 4024, 2938, 49, 117, 25;
4, 26, 4, 3317, 2047, 1937, 18, 104, 17;
17, 22, 1, 3287, 5096, 1514, 69, 88, 6;
6, 13, 1, 3938, 3561, 1854, 24, 53, 5;
11, 6, 10, 4115, 2441, 2137, 43, 26, 41;
11, 7, 1, 3277, 3821, 1611, 43, 28, 3;
13, 12, 3, 3470, 4323, 1064, 51, 47, 12;
11, 16, 4, 4165, 2296, 1858, 42, 64, 18;
19, 10, 10, 2562, 2637, 1658, 76, 39, 40;
14, 3, 2, 3238, 2949, 2538, 55, 12, 11;
0, 22, 10, 4125, 1921, 2652, 1, 89, 41;
5, 21, 7, 2849, 2731, 2420, 19, 85, 27;
10, 8, 12, 3168, 3577, 1641, 42, 34, 50;
0, 6, 10, 3679, 3645, 1957, 1, 27, 40;
3, 29, 4, 3172, 2323, 1919, 12, 116, 18;
6, 28, 0, 1564, 5349, 1559, 24, 112, 0;
3, 9, 11, 3901, 4519, 1295, 14, 36, 43;
1, 8, 7, 3893, 3914, 2052, 4, 31, 28;
0, 8, 6, 3837, 3931, 2371, 2, 32, 23;
11, 27, 0, 2562, 2125, 1478, 43, 106, 2;
3, 6, 10, 4285, 4626, 1326, 13, 27, 42;
16, 6, 11, 2523, 1972, 1655, 63, 25, 45;
3, 15, 3, 3751, 3720, 2247, 13, 59, 13;
17, 14, 1, 3668, 5308, 1154, 70, 55, 3;
4, 15, 4, 1497, 3011, 1163, 19, 59, 16;
2, 17, 2, 1683, 2806, 1861, 7, 69, 8;
14, 10, 5, 1481, 4427, 1326, 58, 41, 21;
17, 4, 8, 2810, 4690, 1523, 69, 18, 32;
3, 5, 8, 3802, 1870, 1835, 13, 19, 31;
17, 29, 4, 3146, 4195, 1443, 68, 115, 17;
7, 13, 5, 2844, 4318, 1987, 27, 51, 20;
8, 26, 3, 3325, 2675, 1074, 32, 102, 12;
0, 0, 9, 4107, 4438, 1665, 2, 2, 38;
12, 9, 9, 2326, 1813, 1147, 48, 36, 37;
662, 744, 388, 5265, 4609, 3134, 2585, 2902, 1513;
746, 741, 421, 5053, 4423, 3006, 2911, 2893, 1643;
666, 819, 342, 4831, 4226, 2864, 2599, 3195, 1337;
697, 683, 466, 4676, 4095, 2786, 2721, 2666, 1820;
591, 800, 428, 4451, 3892, 2635, 2305, 3121, 1673;
476, 799, 359, 4300, 3763, 2555, 1856, 3117, 1402;
584, 655, 407, 4143, 3628, 2467, 2278, 2557, 1590;
543, 660, 349, 3966, 3471, 2356, 2121, 2575, 1362;
520, 727, 279, 3808, 3331, 2260, 2030, 2837, 1089;
466, 669, 268, 3671, 3214, 2184, 1819, 2609, 1045;
429, 777, 339, 3527, 3088, 2099, 1673, 3032, 1323;
379, 603, 254, 3374, 2951, 2001, 1481, 2353, 992;
358, 568, 316, 3232, 2826, 1913, 1398, 2217, 1234;
435, 677, 223, 3140, 2750, 1873, 1698, 2641, 872;
383, 546, 288, 2972, 2597, 1755, 1494, 2129, 1127;
333, 597, 252, 2899, 2539, 1729, 1298, 2329, 985;
346, 522, 268, 2749, 2404, 1626, 1352, 2039, 1046;
391, 632, 229, 2638, 2306, 1558, 1525, 2466, 896;
359, 627, 192, 2560, 2241, 1523, 1403, 2446, 750;
322, 607, 186, 2461, 2154, 1464, 1256, 2369, 726;
343, 584, 172, 2339, 2045, 1382, 1339, 2278, 671;
257, 554, 221, 2262, 1979, 1342, 1006, 2161, 864;
248, 568, 188, 2191, 1919, 1307, 970, 2215, 736;
275, 546, 182, 2098, 1836, 1248, 1073, 2129, 711;
231, 464, 157, 1985, 1734, 1169, 902, 1810, 615;
275, 524, 149, 1948, 1707, 1164, 1074, 2046, 581;
206, 531, 151, 1844, 1612, 1091, 806, 2071, 591;
216, 427, 164, 1785, 1562, 1061, 844, 1668, 642;
218, 497, 163, 1731, 1517, 1035, 852, 1940, 638;
179, 456, 112, 1626, 1421, 958, 701, 1780, 439;
175, 485, 137, 1565, 1368, 923, 682, 1895, 535;
226, 462, 146, 1541, 1352, 925, 882, 1802, 572;
180, 388, 123, 1444, 1261, 851, 703, 1515, 479;
156, 403, 133, 1390, 1215, 820, 608, 1573, 521;
197, 423, 98, 1356, 1188, 809, 771, 1650, 385;
165, 451, 127, 1310, 1148, 784, 645, 1758, 498;
178, 415, 98, 1263, 1108, 759, 696, 1620, 384;
160, 377, 97, 1181, 1032, 696, 626, 1472, 381;
154, 409, 93, 1127, 983, 661, 601, 1596, 363;
158, 380, 105, 1102, 964, 654, 617, 1485, 412;
145, 371, 79, 1075, 942, 644, 568, 1447, 309;
119, 367, 85, 1002, 875, 589, 466, 1435, 334;
144, 399, 91, 979, 857, 582, 563, 1559, 356;
137, 374, 84, 947, 829, 565, 535, 1460, 330;
118, 356, 86, 921, 809, 555, 462, 1389, 336;
118, 369, 68, 876, 768, 524, 462, 1440, 267;
91, 348, 70, 827, 723, 489, 357, 1357, 273;
111, 373, 69, 813, 713, 488, 433, 1457, 270;
89, 351, 67, 745, 649, 433, 348, 1370, 262;
96, 335, 68, 729, 637, 429, 376, 1309, 269;
76, 321, 52, 700, 611, 412, 298, 1252, 203;
89, 352, 54, 666, 581, 389, 347, 1374, 211;
77, 342, 61, 641, 559, 375, 300, 1335, 239;
82, 321, 48, 618, 539, 362, 323, 1252, 188;
74, 328, 42, 581, 505, 335, 292, 1281, 167;
86, 332, 53, 577, 505, 341, 335, 1295, 208;
76, 332, 53, 559, 489, 332, 297, 1296, 208;
74, 320, 38, 533, 466, 315, 289, 1248, 151;
69, 304, 41, 504, 439, 294, 271, 1188, 162;
59, 309, 40, 488, 426, 287, 233, 1207, 156;
62, 301, 43, 481, 422, 288, 242, 1176, 167;
58, 311, 45, 475, 418, 289, 227, 1215, 175;
58, 302, 40, 446, 392, 268, 227, 1180, 158;
51, 315, 38, 414, 361, 242, 200, 1229, 148;
60, 304, 40, 413, 362, 248, 235, 1186, 159;
42, 289, 34, 366, 318, 208, 165, 1127, 136;
44, 304, 31, 360, 313, 208, 174, 1186, 121;
46, 293, 33, 354, 309, 208, 181, 1143, 130;
44, 303, 24, 336, 293, 196, 173, 1184, 97;
47, 304, 26, 335, 293, 200, 186, 1186, 104;
42, 292, 30, 340, 300, 210, 164, 1141, 119;
48, 304, 27, 324, 286, 200, 187, 1187, 108;
33, 297, 24, 286, 249, 166, 130, 1158, 95;
43, 287, 29, 306, 271, 191, 168, 1120, 116;
36, 289, 22, 256, 222, 145, 143, 1128, 86;
34, 282, 22, 255, 223, 149, 136, 1102, 87;
32, 285, 22, 254, 223, 152, 128, 1113, 87;
33, 285, 21, 260, 230, 162, 129, 1115, 85;
28, 274, 14, 211, 182, 117, 111, 1072, 55;
30, 289, 25, 244, 216, 154, 117, 1130, 97;
1, 256, 0, 0, 0, 0, 4, 999, 2;
1, 256, 0, 0, 0, 0, 5, 1000, 3;
1, 256, 1, 1, 1, 1, 6, 1001, 4;
1, 256, 1, 1, 1, 1, 6, 1000, 3;
1, 256, 0, 0, 0, 0, 5, 1000, 3;
1, 256, 1, 1, 1, 1, 6, 1001, 4;
1, 256, 0, 1, 1, 1, 5, 1000, 3;
1, 256, 0, 0, 0, 0, 4, 999, 2;
1, 256, 1, 1, 1, 1, 6, 1000, 3;
1, 256, 0, -1, -1, -1, 4, 999, 2;
1, 256, 0, 1, 1, 1, 5, 1000, 3;
1, 256, 0, 0, 0, 0, 4, 999, 2;
1, 256, 1, 1, 1, 1, 5, 1000, 3;
1, 256, 0, 1, 1, 1, 5, 1000, 3;
1, 256, 0, -1, -1, -1, 4, 999, 2;
1, 256, 0, 0, 0, 0, 5, 1000, 3;
1, 256, 0, -1, -1, -1, 4, 999, 2;
1, 256, 0, 1, 1, 1, 5, 1000, 3;
1, 256, 0, -1, -1, -1, 4, 998, 1;
1, 256, 0, 0, 0, 0, 4, 999, 2;
1, 256, 1, 1, 1, 1, 5, 1000, 3;
1, 256, 0, 0, 0, 0, 5, 1000, 3;
1, 256, 1, 1, 1, 1, 6, 1001, 4;
1, 256, 0, 1, 1, 1, 5, 1000, 3;
1, 256, 0, 1, 1, 1, 5, 1000, 3;
1, 256, 0, -1, -1, -1, 4, 999, 2;
1, 256, 0, -1, -1, -1, 4, 999, 2;
1, 256, 0, 0, 0, 0, 5, 1000, 3;
1, 256, 0, 0, 0, 0, 5, 999, 2;
1, 256, 1, 1, 1, 1, 6, 1001, 4;
1, 256, 0, 0, 0, 0, 5, 1000, 3;
1, 256, 0, 0, 0, 0, 5, 1000, 3;
1, 256, 0, -1, -1, -1, 4, 999, 2;
1, 256, 0, -1, -1, -1, 4, 999, 2;
1, 256, 1, 1, 1, 1, 6, 1001, 4;
1, 256, 0, 0, 0, 0, 4, 999, 2;
1, 256, 0, 0, 0, 0, 4, 999, 2;
1, 256, 0, 0, 0, 0, 5, 1000, 3;
1, 256, 0, -1, -1, -1, 4, 998, 2;
1, 256, 0, 0, 0, 0, 4, 999, 2;
1, 256, 0, 0, 0, 0, 4, 999, 2;
1, 256, 0, 0, 0, 0, 4, 999, 2;
1, 256, 0, -1, -1, -1, 3, 998, 1;
1, 256, 0, 0, 0, 0, 4, 999, 2;
1, 256, 1, 1, 1, 1, 6, 1000, 4;
1, 256, 0, 0, 0, 0, 5, 1000, 3;
1, 256, 0, 0, 0, 0, 5, 1000, 3;
1, 256, 1, 1, 1, 1, 5, 1000, 3;
1, 256, 0, 0, 0, 0, 5, 1000, 3;
1, 256, 0, 0, 0, 0, 5, 1000, 3;
1, 256, 1, 1, 1, 1, 6, 1000, 3;
1, 256, 0, 1, 1, 1, 5, 1000, 3;
1, 256, 0, 0, 0, 0, 4, 999, 2;
1, 256, 0, 0, 0, 0, 5, 1000, 3;
1, 256, 0, -1, -1, -1, 4, 999, 2;
1, 256, 0, 0, 0, 0, 5, 1000, 3;
1, 256, 0, 0, 0, 0, 5, 1000, 3;
1, 256, 0, 0, 0, 0, 5, 1000, 3;
1, 256, 1, 1, 1, 1, 6, 1000, 3;
1, 256, 0, 0, 0, 0, 4, 999, 2;
1, 256, 0, 0, 0, 0, 5, 1000, 3;
1, 256, 0, 0, 0, 0, 4, 999, 2;
1, 256, 0, 0, 0, 0, 4, 999, 2;
1, 256, 0, 0, 0, 0, 5, 1000, 3;
1, 256, 0, 0, 0, 0, 5, 1000, 3;
1, 256, 0, 0, 0, 0, 4, 999, 2;
1, 256, 0, 0, 0, 0, 4, 999, 2;
0, 256, 0, -1, -1, -1, 3, 998, 1;
1, 256, 1, 1, 1, 1, 6, 1001, 4;
1, 256, 0, -1, -1, -1, 4, 999, 2;
1, 256, 0, 0, 0, 0, 4, 999, 2;
1, 256, 0, 0, 0, 0, 5, 1000, 3;
1, 256, 0, -1, -1, -1, 3, 998, 1;
1, 256, 0, -1, -1, -1, 3, 998, 1;
1, 256, 0, 0, 0, 0, 5, 1000, 3;
1, 256, 0, 0, 0, 0, 5, 1000, 3;
1, 256, 0, 0, 0, 0, 5, 1000, 3;
1, 256, 0, 0, 0, 0, 4, 999, 2;
1, 256, 0, 0, 0, 0, 4, 999, 2;
1, 256, 0, 0, 0, 0, 5, 1000, 3;
1, 256, 1, 1, 1, 1, 6, 1001, 4;
1, 256, 0, 0, 0, 0, 5, 1000, 3;
1, 256, 0, 0, 0, 0, 5, 1000, 3;
1, 256, 0, 1, 1, 1, 5, 1000, 3;
1, 256, 0, 1, 1, 1, 5, 1000, 3;
1, 256, 0, 0, 0, 0, 4, 999, 2;
1, 256, 0, 0, 0, 0, 5, 1000, 3;
1, 256, 0, 0, 0, 0, 5, 1000, 3;
1, 256, 0, 0, 0, 0, 5, 1000, 3;
1, 256, 0, 0, 0, 0, 4, 999, 2;
1, 256, 0, 0, 0, 0, 5, 1000, 3;
1, 256, 0, 0, 0, 0, 5, 1000, 3;
1, 256, 0, 0, 0, 0, 5, 1000, 3;
1, 256, 0, -1, -1, -1, 3, 998, 1;
1, 256, 1, 1, 1, 1, 6, 1000, 4;
1, 256, 0, 0, 0, 0, 5, 999, 2;
1, 256, 0, 0, 0, 0, 5, 999, 2;
1, 256, 0, 0, 0, 0, 5, 1000, 3;
1, 256, 0, -1, -1, -1, 4, 998, 1;
1, 256, 0, 0, 0, 0, 5, 1000, 3;
1, 256, 1, 1, 1, 1, 6, 1001, 4;
1, 256, 0, -1, -1, -1, 4, 999, 2;
1, 256, 1, 1, 1, 1, 6, 1001, 4;
1, 256, 0, 0, 0, 0, 5, 1000, 3;
1, 256, 0, 1, 1, 1, 5, 1000, 3;
1, 256, 0, 0, 0, 0, 5, 1000, 3;
1, 256, 0, 0, 0, 0, 5, 1000, 3;
1, 256, 0, 0, 0, 0, 5, 1000, 3;
1, 256, 0, 0, 0, 0, 4, 999, 2;
1, 256, 0, 0, 0, 0, 4, 999, 2;
1, 256, 0, -1, -1, -1, 4, 998, 1;
1, 256, 0, -1, -1, -1, 4, 999, 2;
1, 256, 0, 1, 1, 1, 5, 1000, 3;
1, 256, 0, 0, 0, 0, 4, 999, 2;
1, 256, 0, -1, -1, -1, 4, 999, 2;
1, 256, 0, -1, -1, -1, 4, 999, 2;
1, 256, 0, -1, -1, -1, 4, 999, 2;
1, 256, 0, 0, 0, 0, 4, 999, 2;
1, 256, 0, 0, 0, 0, 4, 999, 2;
1, 256, 1, 1, 1, 1, 6, 1001, 4;
1, 256, 0, 0, 0, 0, 4, 999, 2;
1, 256, 0, 0, 0, 0, 4, 999, 2;
1, 256, 0, 0, 0, 0, 5, 1000, 3;
1, 256, 1, 1, 1, 1, 6, 1001, 4;
1, 256, 1, 1, 1, 1, 6, 1001, 4;
1, 256, 1, 1, 1, 1, 6, 1000, 4;
0, 256, 0, -1, -1, -1, 3, 998, 1;
1, 256, 1, 1, 1, 1, 6, 1000, 3;
1, 256, 0, 0, 0, 0, 5, 1000, 3;
1, 256, 0, 0, 0, 0, 5, 1000, 3;
1, 256, 0, 0, 0, 0, 5, 1000, 3;
1, 256, 0, 0, 0, 0, 4, 999, 2;
1, 256, 0, 0, 0, 0, 4, 999, 2;
1, 256, 0, -1, -1, -1, 4, 999, 2;
1, 256, 0, 0, 0, 0, 5, 1000, 3;
1, 256, 1, 1, 1, 1, 6, 1001, 4;
1, 256, 0, 1, 1, 1, 5, 1000, 3;
1, 256, 0, 0, 0, 0, 4, 999, 2;
1, 256, 0, 0, 0, 0, 4, 999, 2;
1, 256, 0, 0, 0, 0, 4, 999, 2;
1, 256, 0, 0, 0, 0, 4, 999, 2;
1, 256, 0, -1, -1, -1, 4, 999, 2;
1, 256, 0, 0, 0, 0, 5, 1000, 3;
1, 256, 1, 1, 1, 1, 6, 1001, 4;
1, 256, 0, -1, -1, -1, 4, 999, 2;
1, 256, 0, 0, 0, 0, 4, 999, 2;
1, 256, 0, -1, -1, -1, 4, 999, 2;
1, 256, 0, 0, 0, 0, 5, 1000, 3;
1, 256, 0, 0, 0, 0, 5, 1000, 3;
1, 256, 0, 0, 0, 0, 5, 1000, 3;
1, 256, 0, 0, 0, 0, 4, 999, 2;
1, 256, 0, 0, 0, 0, 4, 999, 2;
1, 256, 0, 1, 1, 1, 5, 1000, 3;
1, 256, 0, 0, 0, 0, 4, 999, 2;
1, 256, 0, 0, 0, 0, 5, 1000, 3;
1, 256, 0, -1, -1, -1, 4, 999, 2;
1, 256, 0, 0, 0, 0, 4, 999, 2;
1, 256, 0, 0, 0, 0, 4, 999, 2;
1, 256, 0, -1, -1, -1, 4, 999, 2;
1, 256, 1, 1, 1, 1, 5, 1000, 3;
1, 256, 1, 1, 1, 1, 5, 1000, 3;
1, 256, 0, -1, -1, -1, 4, 999, 2;
1, 256, 1, 1, 1, 1, 5, 1000, 3;
1, 256, 0, 0, 0, 0, 5, 1000, 3;
1, 256, 0, -1, -1, -1, 4, 999, 2;
1, 256, 0, 0, 0, 0, 4, 999, 2;
1, 256, 0, 0, 0, 0, 5, 1000, 3;
1, 256, 0, -1, -1, -1, 4, 999, 2;
1, 256, 0, -1, -1, -1, 4, 998, 2;
1, 256, 0, 0, 0, 0, 5, 999, 3;
1, 256, 1, 1, 1, 1, 6, 1001, 4;
1, 256, 0, 0, 0, 0, 4, 999, 2;
1, 256, 0, 0, 0, 0, 4, 999, 2;
1, 256, 0, 0, 0, 0, 4, 999, 2;
1, 256, 0, 1, 1, 1, 5, 1000, 3;
1, 256, 0, -1, -1, -1, 3, 998, 1;
1, 256, 0, -1, -1, -1, 3, 998, 1;
1, 256, 0, -1, -1, -1, 4, 999, 2;
1, 256, 1, 1, 1, 1, 6, 1001, 4;
1, 256, 0, 0, 0, 0, 5, 1000, 3;
1, 256, 0, 1, 1, 1, 5, 1000, 3;
1, 256, 0, -1, -1, -1, 4, 998, 2;
1, 256, 0, 1, 1, 1, 5, 1000, 3;
1, 256, 0, 0, 0, 0, 4, 999, 2;
1, 256, 0, 0, 0, 0, 5, 1000, 3;
1, 256, 0, 0, 0, 0, 5, 1000, 3;
1, 256, 0, 1, 1, 1, 5, 1000, 3;
1, 256, 0, 0, 0, 0, 4, 999, 2;
1, 256, 0, 0, 0, 0, 4, 999, 2;
1, 256, 0, 0, 0, 0, 5, 1000, 3;
1, 256, 0, 0, 0, 0, 4, 999, 2;
1, 256, 0, 0, 0, 0, 5, 1000, 3;
1, 256, 1, 1, 1, 1, 6, 1001, 4;
1, 256, 0, -1, -1, -1, 4, 999, 2;
1, 256, 0, -1, -1, -1, 4, 999, 2;
1, 256, 0, 0, 0, 0, 4, 999, 2;
1, 256, 0, 0, 0, 0, 5, 1000, 3;
1, 256, 0, 0, 0, 0, 5, 1000, 3;
1, 256, 0, 0, 0, 0, 5, 999, 3;
1, 256, 0, 0, 0, 0, 5, 1000, 3;
1, 256, 0, 0, 0, 0, 5, 1000, 3;
1, 256, 1, 1, 1, 1, 6, 1001, 4;
1, 256, 1, 1, 1, 1, 6, 1001, 4;
1, 256, 0, -1, -1, -1, 4, 999, 2;
1, 256, 0, 0, 0, 0, 4, 999, 2;
1, 256, 0, -1, -1, -1, 4, 999, 2;
1, 256, 0, 0, 0, 0, 5, 1000, 3;
1, 256, 0, 0, 0, 0, 5, 1000, 3;
1, 256, 0, -1, -1, -1, 4, 999, 2;
1, 256, 0, 0, 0, 0, 5, 1000, 3;
1, 256, 0, 0, 0, 0, 4, 999, 2;
1, 256, 0, -1, -1, -1, 3, 998, 1;
1, 256, 0, 0, 0, 0, 4, 999, 2;
1, 256, 0, -1, -1, -1, 3, 998, 1;
1, 256, 0, -1, -1, -1, 3, 998, 1;
1, 256, 0, 0, 0, 0, 5, 1000, 3;
1, 256, 1, 1, 1, 1, 6, 1000, 3;
1, 256, 0, -1, -1, -1, 3, 998, 1;
1, 256, 0, -1, -1, -1, 4, 999, 2;
1, 256, 0, 0, 0, 0, 4, 999, 2;
1, 256, 0, -1, -1, -1, 4, 999, 2;
1, 256, 0, 0, 0, 0, 5, 1000, 3;
1, 256, 0, 0, 0, 0, 4, 999, 2;
1, 256, 0, -1, -1, -1, 4, 998, 2;
1, 256, 0, 0, 0, 0, 4, 999, 2;
1, 256, 0, 0, 0, 0, 5, 1000, 3;
1, 256, 0, -1, -1, -1, 4, 999, 2;
1, 256, 0, 0, 0, 0, 5, 1000, 3;
1, 256, 0, 0, 0, 0, 4, 999, 2;
1, 256, 1, 1, 1, 1, 6, 1001, 4;
1, 256, 0, -1, -1, -1, 4, 999, 2;
1, 256, 1, 1, 1, 1, 6, 1001, 4;
1, 256, 0, 0, 0, 0, 4, 999, 2;
1, 256, 0, 0, 0, 0, 5, 999, 3;
1, 256, 0, 0, 0, 0, 5, 1000, 3;
1, 256, 0, 0, 0, 0, 5, 1000, 3;
1, 256, 0, 0, 0, 0, 4, 999, 2;
1, 256, 0, 0, 0, 0, 5, 1000, 3;
1, 256, 0, 0, 0, 0, 5, 1000, 3;
1, 256, 0, 0, 0, 0, 4, 999, 2;
1, 256, 0, 0, 0, 0, 5, 1000, 3;
1, 256, 0, 0, 0, 0, 4, 999, 2;
1, 256, 0, 0, 0, 0, 5, 1000, 3;
1, 256, 0, 0, 0, 0, 5, 1000, 3;
1, 256, 0, 1, 1, 1, 5, 1000, 3;
1, 256, 0, 0, 0, 0, 4, 999, 2;
1, 256, 0, 0, 0, 0, 5, 1000, 3;
1, 256, 0, 0, 0, 0, 4, 999, 2;
1, 256, 0, 0, 0, 0, 5, 1000, 3;
1, 256, 0, -1, -1, -1, 4, 999, 2;
1, 256, 1, 1, 1, 1, 6, 1001, 4;
1, 256, 0, -1, -1, -1, 4, 999, 2;
1, 256, 1, 1, 1, 1, 6, 1001, 4;
1, 256, 0, -1, -1, -1, 4, 999, 2;
1, 256, 0, 1, 1, 1, 5, 1000, 3;
1, 256, 1, 1, 1, 1, 6, 1000, 3;
1, 256, 1, 1, 1, 1, 6, 1001, 4;
1, 256, 1, 1, 1, 1, 6, 1001, 4;
1, 256, 0, 0, 0, 0, 5, 1000, 3;
1, 256, 0, 0, 0, 0, 4, 999, 2;
1, 256, 0, 0, 0, 0, 4, 999, 2;
1, 256, 1, 1, 1, 1, 6, 1000, 3;
1, 256, 0, -1, -1, -1, 4, 999, 2;
1, 256, 0, 0, 0, 0, 4, 999, 2;
1, 256, 0, 0, 0, 0, 4, 999, 2;
1, 256, 0, -1, -1, -1, 4, 999, 2;
0, 256, 0, -1, -1, -1, 3, 998, 1;
1, 256, 0, -1, -1, -1, 4, 998, 2;
1, 256, 0, 1, 1, 1, 5, 1000, 3;
1, 256, 0, 0, 0, 0, 5, 1000, 3;
1, 256, 0, 0, 0, 0, 4, 999, 2;
1, 256, 1, 1, 1, 1, 6, 1001, 4;
1, 256, 0, 0, 0, 0, 5, 1000, 3;
1, 256, 0, 1, 1, 1, 5, 1000, 3;
1, 256, 0, 0, 0, 0, 5, 1000, 3;
1, 256, 0, 0, 0, 0, 5, 1000, 3;
1, 256, 0, 0, 0, 0, 5, 1000, 3;
1, 256, 0, -1, -1, -1, 4, 999, 2;
1, 256, 0, 0, 0, 0, 4, 999, 2;
1, 256, 0, -1, -1, -1, 4, 999, 2;
1, 256, 0, -1, -1, -1, 4, 999, 2;
1, 256, 0, -1, -1, -1, 4, 999, 2;
1, 256, 0, 0, 0, 0, 5, 1000, 3;
1, 256, 0, 0, 0, 0, 4, 999, 2;
1, 256, 0, -1, -1, -1, 3, 998, 1;
1, 256, 0, 0, 0, 0, 4, 999, 2;
1, 256, 0, -1, -1, -1, 4, 999, 2;
0, 256, 0, -1, -1, -1, 3, 998, 1;
1, 256, 0, 0, 0, 0, 4, 999, 2;
1, 256, 0, 0, 0, 0, 5, 1000, 3;
1, 256, 0, 1, 1, 1, 5, 1000, 3;
1, 256, 0, 0, 0, 0, 5, 1000, 3;
1, 256, 0, 0, 0, 0, 5, 1000, 3;
1, 256, 0, 1, 1, 1, 5, 1000, 3;
1, 256, 0, -1, -1, -1, 4, 999, 2;
1, 256, 0, 0, 0, 0, 5, 1000, 3;
1, 256, 1, 1, 1, 1, 6, 1001, 4;
1, 256, 0, 1, 1, 1, 5, 1000, 3;
1, 256, 0, 0, 0, 0, 5, 1000, 3;
1, 256, 0, -1, -1, -1, 3, 998, 1;
1, 256, 0, 0, 0, 0, 5, 1000, 3;
1, 256, 0, 0, 0, 0, 5, 1000, 3;
1, 256, 0, 0, 0, 0, 4, 999, 2;
1, 256, 0, 1, 1, 1, 5, 1000, 3;
1, 256, 0, 0, 0, 0, 5, 1000, 3;
1, 256, 0, 0, 0, 0, 5, 1000, 3;
1, 256, 0, 1, 1, 1, 5, 1000, 3;
1, 256, 0, 0, 0, 0, 4, 999, 2;
1, 256, 0, 0, 0, 0, 4, 999, 2;
1, 256, 0, 1, 1, 1, 5, 1000, 3;
1, 256, 0, 1, 1, 1, 5, 1000, 3;
1, 256, 0, 1, 1, 1, 5, 1000, 3;
1, 256, 0, 0, 0, 0, 4, 999, 2;
1, 256, 0, -1, -1, -1, 4, 999, 2;
1, 256, 0, 0, 0, 0, 5, 1000, 3;
1, 256, 0, 0, 0, 0, 5, 1000, 3;
1, 256, 0, 1, 1, 1, 5, 1000, 3;
1, 256, 0, 0, 0, 0, 5, 1000, 3;
1, 256, 0, 0, 0, 0, 4, 999, 2;
1, 256, 0, -1, -1, -1, 4, 999, 2;
1, 256, 0, -1, -1, -1, 4, 999, 2;
1, 256, 0, -1, -1, -1, 4, 999, 2;
1, 256, 0, 0, 0, 0, 4, 999, 2;
1, 256, 0, -1, -1, -1, 4, 998, 2;
1, 256, 0, -1, -1, -1, 4, 999, 2;
1, 256, 0, 0, 0, 0, 5, 999, 2;
1, 256, 0, -1, -1, -1, 4, 999, 2;
1, 256, 0, 0, 0, 0, 4, 999, 2;
0, 256, 0, -1, -1, -1, 3, 998, 1;
1, 256, 0, 0, 0, 0, 4, 999, 2;
1, 256, 0, 0, 0, 0, 5, 1000, 3;
1, 256, 0, 0, 0, 0, 4, 999, 2;
1, 256, 0, 1, 1, 1, 5, 1000, 3;
1, 256, 0, -1, -1, -1, 4, 998, 2;
1, 256, 0, 0, 0, 0, 4, 999, 2;
1, 256, 0, 1, 1, 1, 5, 1000, 3;
1, 256, 0, 0, 0, 0, 5, 1000, 3;
1, 256, 0, 0, 0, 0, 4, 999, 2;
1, 256, 0, 0, 0, 0, 4, 999, 2;
1, 256, 0, 1, 1, 1, 5, 1000, 3;
1, 256, 0, 1, 1, 1, 5, 1000, 3;
1, 256, 0, 0, 0, 0, 5, 1000, 3;
1, 256, 0, 0, 0, 0, 4, 999, 2;
1, 256, 0, 0, 0, 0, 4, 999, 2;
1, 256, 0, 0, 0, 0, 5, 1000, 3;
1, 256, 0, 0, 0, 0, 5, 1000, 3;
1, 256, 0, 1, 1, 1, 5, 1000, 3;
1, 256, 0, 0, 0, 0, 5, 1000, 3;
1, 256, 0, -1, -1, -1, 4, 998, 2;
1, 256, 0, 0, 0, 0, 4, 999, 2;
1, 256, 0, -1, -1, -1, 4, 999, 2;
1, 256, 0, -1, -1, -1, 3, 998, 1;
1, 256, 1, 1, 1, 1, 6, 1001, 4;
1, 256, 0, 0, 0, 0, 4, 999, 2;
1, 256, 0, 0, 0, 0, 5, 1000, 3;
1, 256, 0, 0, 0, 0, 4, 999, 2;
1, 256, 0, -1, -1, -1, 4, 999, 2;
1, 256, 0, -1, -1, -1, 4, 999, 2;
1, 256, 0, -1, -1, -1, 4, 999, 2;
1, 256, 0, -1, -1, -1, 4, 998, 2;
1, 256, 0, 0, 0, 0, 5, 1000, 3;
1, 256, 0, 0, 0, 0, 5, 1000, 3;
1, 256, 0, 0, 0, 0, 4, 999, 2;
1, 256, 0, 0, 0, 0, 4, 999, 2;
1, 256, 0, -1, -1, -1, 4, 999, 2;
1, 256, 0, 0, 0, 0, 4, 999, 2;
1, 256, 0, 0, 0, 0, 5, 1000, 3;
1, 256, 0, 0, 0, 0, 5, 1000, 3;
1, 256, 0, -1, -1, -1, 4, 999, 2;
1, 256, 0, 0, 0, 0, 5, 1000, 3;
1, 256, 0, -1, -1, -1, 4, 999, 2;
1, 256, 0, 0, 0, 0, 5, 1000, 3;
1, 256, 0, -1, -1, -1, 4, 999, 2;
1, 256, 0, 0, 0, 0, 4, 999, 2;
1, 256, 0, 0, 0, 0, 4, 999, 2;
1, 256, 0, -1, -1, -1, 4, 999, 2;
1, 256, 0, -1, -1, -1, 4, 999, 2;
1, 256, 0, 0, 0, 0, 5, 1000, 3;
1, 256, 0, 0, 0, 0, 4, 999, 2;
1, 256, 0, -1, -1, -1, 4, 999, 2;
1, 256, 0, -1, -1, -1, 4, 999, 2;
1, 256, 0, -1, -1, -1, 4, 999, 2;
1, 256, 0, 0, 0, 0, 4, 999, 2;
1, 256, 0, 0, 0, 0, 5, 1000, 3;
1, 256, 0, 0, 0, 0, 5, 1000, 3;
1, 256, 0, 0, 0, 0, 4, 999, 2;
1, 256, 0, 0, 0, 0, 5, 999, 3;
1, 256, 0, 0, 0, 0, 5, 1000, 3;
1, 256, 0, 0, 0, 0, 5, 1000, 3;
1, 256, 0, -1, -1, -1, 4, 998, 2;
1, 256, 0, 0, 0, 0, 4, 999, 2;
1, 256, 0, 0, 0, 0, 4, 999, 2;
1, 256, 0, 0, 0, 0, 5, 999, 3;
1, 256, 1, 1, 1, 1, 6, 1000, 4;
1, 256, 0, 0, 0, 0, 4, 999, 2;
1, 256, 0, 0, 0, 0, 4, 999, 2;
1, 256, 0, -1, -1, -1, 4, 999, 2;
1, 256, 0, 0, 0, 0, 5, 1000, 3;
1, 256, 0, 0, 0, 0, 5, 1000, 3;
1, 256, 1, 1, 1, 1, 6, 1001, 4;
1, 256, 0, -1, -1, -1, 4, 999, 2;
1, 256, 0, -1, -1, -1, 3, 998, 1;
1, 256, 0, 0, 0, 0, 5, 1000, 3;
1, 256, 0, -1, -1, -1, 4, 999, 2;
1, 256, 0, -1, -1, -1, 4, 999, 2;
1, 256, 0, -1, -1, -1, 4, 999, 2;
1, 256, 0, 0, 0, 0, 5, 1000, 3;
1, 256, 0, 0, 0, 0, 5, 1000, 3;
1, 256, 0, 0, 0, 0, 4, 999, 2;
0, 256, 0, -1, -1, -1, 3, 998, 1;
1, 256, 0, 0, 0, 0, 4, 999, 2;
1, 256, 0, 0, 0, 0, 4, 999, 2;
1, 256, 0, 0, 0, 0, 5, 1000, 3;
1, 256, 1, 1, 1, 1, 6, 1001, 4;
1, 256, 0, -1, -1, -1, 4, 999, 2;
1, 256, 0, -1, -1, -1, 4, 999, 2;
1, 256, 1, 1, 1, 1, 5, 1000, 3;
1, 256, 0, 1, 1, 1, 5, 1000, 3;
1, 256, 0, 0, 0, 0, 5, 999, 3;
1, 256, 0, 0, 0, 0, 5, 1000, 3;
1, 256, 0, 0, 0, 0, 5, 1000, 3;
1, 256, 0, -1, -1, -1, 4, 999, 2;
1, 256, 0, 0, 0, 0, 5, 1000, 3;
1, 256, 0, -1, -1, -1, 4, 999, 2;
1, 256, 1, 1, 1, 1, 6, 1001, 4;
1, 256, 0, -1, -1, -1, 4, 999, 2;
1, 256, 0, 0, 0, 0, 5, 1000, 3;
1, 256, 0, -1, -1, -1, 4, 999, 2;
1, 256, 0, -1, -1, -1, 3, 998, 1;
1, 256, 1, 1, 1, 1, 6, 1000, 3;
1, 256, 1, 1, 1, 1, 6, 1001, 4;
1, 256, 0, 1, 1, 1, 5, 1000, 3;
1, 256, 0, -1, -1, -1, 4, 999, 2;
1, 256, 0, 1, 1, 1, 5, 1000, 3;
1, 256, 0, -1, -1, -1, 4, 999, 2;
1, 256, 1, 1, 1, 1, 5, 1000, 3;
1, 256, 1, 1, 1, 1, 5, 1000, 3;
1, 256, 0, -1, -1, -1, 3, 998, 1;
1, 256, 1, 1, 1, 1, 6, 1001, 4;
1, 256, 0, -1, -1, -1, 4, 999, 2;
1, 256, 0, 1, 1, 1, 5, 1000, 3;
1, 256, 0, 0, 0, 0, 4, 999, 2;
1, 256, 0, 1, 1, 1, 5, 1000, 3;
1, 256, 0, 0, 0, 0, 4, 999, 2;
1, 256, 0, 0, 0, 0, 5, 1000, 3;
1, 256, 1, 1, 1, 1, 6, 1001, 4;
1, 256, 0, -1, -1, -1, 4, 999, 2;
1, 256, 0, -1, -1, -1, 3, 998, 1;
1, 256, 1, 1, 1, 1, 6, 1000, 3;
1, 256, 1, 1, 1, 1, 6, 1001, 4;
1, 256, 0, 0, 0, 0, 5, 1000, 3;
1, 256, 0, 1, 1, 1, 5, 1000, 3;
1, 256, 0, 1, 1, 1, 5, 1000, 3;
1, 256, 0, 0, 0, 0, 5, 1000, 3;
1, 256, 0, -1, -1, -1, 4, 999, 2;
1, 256, 0, 1, 1, 1, 5, 1000, 3;
1, 256, 0, 0, 0, 0, 5, 1000, 3;
1, 256, 0, 0, 0, 0, 5, 999, 2;
1, 256, 0, 0, 0, 0, 4, 999, 2;
1, 256, 1, 1, 1, 1, 6, 1001, 4;
1, 256, 0, 0, 0, 0, 5, 1000, 3;
1, 256, 0, 0, 0, 0, 5, 1000, 3;
1, 256, 0, 0, 0, 0, 5, 1000, 3;
1, 256, 0, -1, -1, -1, 4, 999, 2;
1, 256, 1, 1, 1, 1, 6, 1001, 4;
1, 256, 0, -1, -1, -1, 4, 999, 2;
1, 256, 0, 0, 0, 0, 4, 999, 2;
1, 256, 0, -1, -1, -1, 4, 999, 2;
1, 256, 0, 0, 0, 0, 5, 999, 2;
1, 256, 0, -1, -1, -1, 4, 998, 2;
1, 256, 0, 0, 0, 0, 5, 1000, 3;
1, 256, 0, 0, 0, 0, 4, 999, 2;
1, 256, 0, 1, 1, 1, 5, 1000, 3;
1, 256, 0, -1, -1, -1, 4, 999, 2;
1, 256, 0, -1, -1, -1, 4, 999, 2;
1, 256, 0, 0, 0, 0, 5, 1000, 3;
1, 256, 0, 1, 1, 1, 5, 1000, 3;
1, 256, 0, -1, -1, -1, 4, 999, 2;
1, 256, 0, -1, -1, -1, 4, 998, 1;
1, 256, 0, -1, -1, -1, 4, 999, 2;
1, 256, 0, 0, 0, 0, 5, 1000, 3;
1, 256, 0, -1, -1, -1, 4, 998, 2;
1, 256, 0, 0, 0, 0, 5, 1000, 3;
1, 256, 0, 0, 0, 0, 5, 1000, 3;
1, 256, 0, 0, 0, 0, 4, 999, 2;
1, 256, 0, -1, -1, -1, 4, 999, 2;
0, 256, 0, -1, -1, -1, 3, 998, 1;
1, 256, 0, 0, 0, 0, 4, 999, 2;
1, 256, 0, 0, 0, 0, 4, 999, 2;
1, 256, 0, -1, -1, -1, 4, 999, 2;
1, 256, 1, 1, 1, 1, 6, 1000, 4;
1, 256, 0, 0, 0, 0, 5, 999, 2;
1, 256, 0, 0, 0, 0, 5, 1000, 3;
1, 256, 0, 0, 0, 0, 5, 1000, 3;
1, 256, 0, -1, -1, -1, 4, 998, 2;
1, 256, 0, -1, -1, -1, 4, 999, 2;
1, 256, 0, 0, 0, 0, 5, 1000, 3;
1, 256, 1, 1, 1, 1, 6, 1001, 4;
1, 256, 0, 0, 0, 0, 5, 999, 3;
1, 256, 0, 0, 0, 0, 5, 999, 3;
1, 256, 0, 0, 0, 0, 5, 1000, 3;
0, 256, 0, -1, -1, -1, 3, 998, 1;
1, 256, 0, 0, 0, 0, 4, 999, 2;
1, 256, 0, 0, 0, 0, 4, 999, 2;
1, 256, 0, -1, -1, -1, 4, 999, 2;
1, 256, 0, -1, -1, -1, 4, 998, 1;
1, 256, 1, 1, 1, 1, 6, 1000, 3;
1, 256, 0, 0, 0, 0, 5, 1000, 3;
1, 256, 0, 1, 1, 1, 5, 1000, 3;
1, 256, 0, 0, 0, 0, 5, 1000, 3;
1, 256, 0, 1, 1, 1, 5, 1000, 3;
1, 256, 0, 0, 0, 0, 4, 999, 2;
1, 256, 0, -1, -1, -1, 4, 998, 2;
1, 256, 0, 1, 1, 1, 5, 1000, 3;
1, 256, 0, 0, 0, 0, 5, 1000, 3;
1, 256, 0, -1, -1, -1, 4, 999, 2;
1, 256, 0, -1, -1, -1, 4, 998, 2;
1, 256, 0, -1, -1, -1, 4, 999, 2;
1, 256, 0, 0, 0, 0, 4, 999, 2;
1, 256, 0, 0, 0, 0, 5, 1000, 3;
1, 256, 0, 0, 0, 0, 5, 1000, 3;
1, 256, 0, 0, 0, 0, 4, 999, 2;
1, 256, 0, 0, 0, 0, 5, 1000, 3;
1, 256, 0, 0, 0, 0, 5, 1000, 3;
1, 256, 0, 0, 0, 0, 5, 1000, 3;
1, 256, 0, -1, -1, -1, 4, 999, 2;
1, 256, 0, 0, 0, 0, 5, 999, 3;
1, 256, 1, 1, 1, 1, 6, 1001, 4;
1, 256, 0, 0, 0, 0, 5, 1000, 3;
1, 256, 0, -1, -1, -1, 3, 998, 1;
1, 256, 0, 0, 0, 0, 5, 1000, 3;
1, 256, 0, 0, 0, 0, 5, 1000, 3;
1, 256, 0, 0, 0, 0, 5, 1000, 3;
1, 256, 1, 1, 1, 1, 5, 1000, 3;
1, 256, 0, 0, 0, 0, 4, 999, 2;
1, 256, 0, 0, 0, 0, 4, 999, 2;
1, 256, 1, 1, 1, 1, 6, 1000, 4;
1, 256, 0, -1, -1, -1, 4, 999, 2;
1, 256, 1, 1, 1, 1, 6, 1000, 4;
1, 256, 0, 0, 0, 0, 5, 1000, 3;
1, 256, 0, 1, 1, 1, 5, 1000, 3;
1, 256, 1, 1, 1, 1, 6, 1001, 4;
1, 256, 1, 1, 1, 1, 6, 1001, 4;
1, 256, 0, -1, -1, -1, 4, 999, 2;
1, 256, 0, -1, -1, -1, 4, 999, 2;
1, 256, 0, 0, 0, 0, 4, 999, 2;
1, 256, 0, 0, 0, 0, 4, 999, 2;
1, 256, 0, 0, 0, 0, 5, 1000, 3;
1, 256, 0, 0, 0, 0, 5, 1000, 3;
1, 256, 0, -1, -1, -1, 4, 999, 2;
1, 256, 0, 0, 0, 0, 5, 999, 3;
1, 256, 1, 1, 1, 1, 6, 1000, 4;
1, 256, 0, 0, 0, 0, 5, 1000, 3;
1, 256, 0, -1, -1, -1, 4, 998, 2;
1, 256, 0, 0, 0, 0, 4, 999, 2;
1, 256, 1, 1, 1, 1, 6, 1001, 4;
1, 256, 0, -1, -1, -1, 3, 998, 1;
1, 256, 1, 1, 1, 1, 6, 1001, 4;
1, 256, 0, 1, 1, 1, 5, 1000, 3;
1, 256, 0, -1, -1, -1, 4, 999, 2;
1, 256, 0, 0, 0, 0, 5, 1000, 3;
1, 256, 0, -1, -1, -1, 4, 999, 2;
1, 256, 0, -1, -1, -1, 3, 998, 1;
1, 256, 0, 1, 1, 1, 5, 1000, 3;
1, 256, 0, 0, 0, 0, 5, 999, 2;
1, 256, 0, 0, 0, 0, 5, 1000, 3;
1, 256, 0, 0, 0, 0, 5, 1000, 3;
1, 256, 0, 0, 0, 0, 5, 1000, 3;
1, 256, 0, 0, 0, 0, 4, 999, 2;
1, 256, 0, 0, 0, 0, 4, 999, 2;
1, 256, 0, 1, 1, 1, 5, 1000, 3;
1, 256, 0, -1, -1, -1, 4, 999, 2;
1, 256, 0, 1, 1, 1, 5, 1000, 3;
1, 256, 0, 0, 0, 0, 4, 999, 2;
1, 256, 0, 1, 1, 1, 5, 1000, 3;
1, 256, 1, 1, 1, 1, 5, 1000, 3;
1, 256, 0, 0, 0, 0, 5, 1000, 3;
1, 256, 0, 0, 0, 0, 5, 1000, 3;
1, 256, 0, -1, -1, -1, 4, 998, 1;
1, 256, 0, 0, 0, 0, 4, 999, 2;
1, 256, 0, 0, 0, 0, 4, 999, 2;
1, 256, 0, -1, -1, -1, 4, 998, 1;
1, 256, 0, 0, 0, 0, 5, 999, 2;
1, 256, 1, 1, 1, 1, 6, 1001, 4;
1, 256, 0, -1, -1, -1, 4, 999, 2;
1, 256, 0, -1, -1, -1, 4, 998, 1;
1, 256, 1, 1, 1, 1, 6, 1001, 4;
1, 256, 0, -1, -1, -1, 4, 999, 2;
1, 256, 0, 0, 0, 0, 5, 1000, 3;
1, 256, 1, 1, 1, 1, 6, 1000, 4;
1, 256, 0, 0, 0, 0, 5, 1000, 3;
1, 256, 0, -1, -1, -1, 4, 999, 2;
1, 256, 0, -1, -1, -1, 4, 999, 2;
1, 256, 0, 1, 1, 1, 5, 1000, 3;
1, 256, 1, 1, 1, 1, 6, 1001, 4;
1, 256, 0, -1, -1, -1, 4, 999, 2;
1, 256, 0, 1, 1, 1, 5, 1000, 3;
1, 256, 0, 0, 0, 0, 5, 1000, 3;
1, 256, 0, -1, -1, -1, 4, 999, 2;
1, 256, 0, 0, 0, 0, 5, 1000, 3;
1, 256, 1, 1, 1, 1, 6, 1001, 4;
1, 256, 1, 1, 1, 1, 6, 1000, 3;
1, 256, 1, 1, 1, 1, 6, 1000, 4;
1, 256, 0, 0, 0, 0, 4, 999, 2;
1, 256, 0, 1, 1, 1, 5, 1000, 3;
1, 256, 0, -1, -1, -1, 4, 999, 2;
1, 256, 0, 0, 0, 0, 4, 999, 2;
1, 256, 0, 1, 1, 1, 5, 1000, 3;
1, 256, 0, 0, 0, 0, 5, 1000, 3;
1, 256, 1, 1, 1, 1, 6, 1001, 4;
1, 256, 0, 0, 0, 0, 5, 1000, 3;
1, 256, 1, 1, 1, 1, 6, 1000, 4;
1, 256, 0, 0, 0, 0, 4, 999, 2;
1, 256, 0, -1, -1, -1, 4, 999, 2;
1, 256, 0, 0, 0, 0, 4, 999, 2;
1, 256, 1, 1, 1, 1, 6, 1000, 3;
1, 256, 0, 0, 0, 0, 5, 1000, 3;
1, 256, 0, 1, 1, 1, 5, 1000, 3;
1, 256, 1, 1, 1, 1, 6, 1000, 4;
1, 256, 0, 1, 1, 1, 5, 1000, 3;
1, 256, 0, 0, 0, 0, 5, 1000, 3;
1, 256, 0, 0, 0, 0, 4, 999, 2;
1, 256, 0, 0, 0, 0, 5, 1000, 3;
1, 256, 1, 1, 1, 1, 6, 1000, 4;
1, 256, 0, 0, 0, 0, 5, 1000, 3;
1, 256, 0, 0, 0, 0, 4, 999, 2;
1, 256, 0, 0, 0, 0, 4, 999, 2;
1, 256, 0, -1, -1, -1, 4, 999, 2;
1, 256, 0, -1, -1, -1, 4, 999, 2;
1, 256, 0, 0, 0, 0, 5, 1000, 3;
1, 256, 0, -1, -1, -1, 4, 998, 1;
1, 256, 1, 1, 1, 1, 5, 1000, 3;
1, 256, 0, 0, 0, 0, 5, 1000, 3;
1, 256, 0, 1, 1, 1, 5, 1000, 3;
1, 256, 0, -1, -1, -1, 3, 998, 1;
1, 256, 0, -1, -1, -1, 4, 998, 1;
1, 256, 0, 0, 0, 0, 4, 999, 2;
1, 256, 0, 0, 0, 0, 5, 1000, 3;
1, 256, 0, -1, -1, -1, 4, 999, 2;
1, 256, 0, 0, 0, 0, 5, 1000, 3;
1, 256, 0, 0, 0, 0, 5, 1000, 3;
1, 256, 0, -1, -1, -1, 4, 999, 2;
1, 256, 0, -1, -1, -1, 4, 998, 1;
1, 256, 0, 0, 0, 0, 5, 999, 3;
1, 256, 0, 0, 0, 0, 5, 1000, 3;
1, 256, 0, 1, 1, 1, 5, 1000, 3;
1, 256, 0, -1, -1, -1, 4, 998, 2;
1, 256, 0, 0, 0, 0, 4, 999, 2;
1, 256, 0, 0, 0, 0, 5, 1000, 3;
1, 256, 0, 1, 1, 1, 5, 1000, 3;
1, 256, 0, -1, -1, -1, 4, 999, 2;
1, 256, 0, 0, 0, 0, 5, 1000, 3;
1, 256, 0, 0, 0, 0, 5, 1000, 3;
1, 256, 0, 0, 0, 0, 5, 1000, 3;
1, 256, 1, 1, 1, 1, 6, 1000, 4;
1, 256, 0, 0, 0, 0, 5, 1000, 3;
1, 256, 0, -1, -1, -1, 4, 999, 2;
1, 256, 0, -1, -1, -1, 4, 999, 2;
1, 256, 0, 0, 0, 0, 4, 999, 2;
1, 256, 0, -1, -1, -1, 4, 999, 2;
1, 256, 1, 1, 1, 1, 5, 1000, 3;
1, 256, 0, 0, 0, 0, 5, 1000, 3;
1, 256, 1, 1, 1, 1, 6, 1001, 4;
1, 256, 0, 0, 0, 0, 5, 1000, 3;
1, 256, 0, 0, 0, 0, 5, 1000, 3;
1, 256, 0, -1, -1, -1, 4, 999, 2;
1, 256, 0, -1, -1, -1, 3, 998, 1;
1, 256, 0, 0, 0, 0, 5, 1000, 3;
1, 256, 1, 1, 1, 1, 6, 1000, 4;
1, 256, 0, 0, 0, 0, 5, 1000, 3;
1, 256, 0, -1, -1, -1, 4, 999, 2;
1, 256, 1, 1, 1, 1, 6, 1001, 4;
1, 256, 1, 1, 1, 1, 6, 1001, 4;
1, 256, 1, 1, 1, 1, 6, 1001, 4;
1, 256, 0, -1, -1, -1, 4, 999, 2;
1, 256, 0, -1, -1, -1, 4, 999, 2;
1, 256, 0, -1, -1, -1, 4, 999, 2;
1, 256, 0, 0, 0, 0, 4, 999, 2;
1, 256, 0, -1, -1, -1, 4, 999, 2;
1, 256, 0, 1, 1, 1, 5, 1000, 3;
1, 256, 0, 0, 0, 0, 4, 999, 2;
1, 256, 0, 0, 0, 0, 4, 999, 2;
1, 256, 1, 1, 1, 1, 5, 1000, 3;
1, 256, 1, 1, 1, 1, 6, 1001, 4;
1, 256, 0, 1, 1, 1, 5, 1000, 3;
1, 256, 0, -1, -1, -1, 4, 999, 2;
0, 256, 0, -1, -1, -1, 3, 998, 1;
1, 256, 0, 1, 1, 1, 5, 1000, 3;
1, 256, 0, -1, -1, -1, 4, 999, 2;
1, 256, 0, -1, -1, -1, 4, 998, 1;
1, 256, 0, 0, 0, 0, 5, 1000, 3;
1, 256, 0, 0, 0, 0, 4, 999, 2;
1, 256, 0, -1, -1, -1, 3, 998, 1;
1, 256, 1, 1, 1, 1, 6, 1001, 4;
1, 256, 1, 1, 1, 1, 6, 1001, 4;
1, 256, 0, 1, 1, 1, 5, 1000, 3;
1, 256, 0, 0, 0, 0, 5, 1000, 3;
1, 256, 0, 1, 1, 1, 5, 1000, 3;
1, 256, 0, -1, -1, -1, 4, 999, 2;
1, 256, 0, 0, 0, 0, 5, 1000, 3;
1, 256, 0, -1, -1, -1, 3, 998, 1;
1, 256, 0, 0, 0, 0, 5, 1000, 3;
1, 256, 0, 0, 0, 0, 4, 999, 2;
1, 256, 0, 0, 0, 0, 5, 1000, 3;
1, 256, 0, 0, 0, 0, 5, 1000, 3;
1, 256, 0, 0, 0, 0, 5, 1000, 3;
1, 256, 0, 0, 0, 0, 4, 999, 2;
1, 256, 0, 1, 1, 1, 5, 1000, 3;
1, 256, 1, 1, 1, 1, 5, 1000, 3;
1, 256, 0, 0, 0, 0, 5, 1000, 3;
1, 256, 1, 1, 1, 1, 6, 1001, 4;
1, 256, 0, 0, 0, 0, 5, 1000, 3;
1, 256, 0, -1, -1, -1, 4, 999, 2;
1, 256, 0, 0, 0, 0, 4, 999, 2;
1, 256, 0, -1, -1, -1, 4, 999, 2;
1, 256, 0, 0, 0, 0, 4, 999, 2;
1, 256, 1, 1, 1, 1, 5, 1000, 3;
1, 256, 0, -1, -1, -1, 4, 999, 2;
1, 256, 0, -1, -1, -1, 4, 999, 2;
1, 256, 0, 0, 0, 0, 5, 1000, 3;
1, 256, 0, -1, -1, -1, 4, 999, 2;
1, 256, 0, 1, 1, 1, 5, 1000, 3;
1, 256, 0, -1, -1, -1, 4, 999, 2;
1, 256, 0, 0, 0, 0, 4, 999, 2;
1, 256, 1, 1, 1, 1, 6, 1001, 4;
1, 256, 1, 1, 1, 1, 6, 1001, 4;
1, 256, 0, 1, 1, 1, 5, 1000, 3;
1, 256, 0, -1, -1, -1, 4, 999, 2;
1, 256, 1, 1, 1, 1, 6, 1001, 4;
1, 256, 0, 0, 0, 0, 4, 999, 2;
1, 256, 0, -1, -1, -1, 4, 999, 2;
1, 256, 0, 1, 1, 1, 5, 1000, 3;
1, 256, 0, 0, 0, 0, 5, 1000, 3;
1, 256, 0, 0, 0, 0, 4, 999, 2;
1, 256, 0, 1, 1, 1, 5, 1000, 3;
1, 256, 0, -1, -1, -1, 4, 999, 2;
1, 256, 0, 0, 0, 0, 4, 999, 2;
1, 256, 0, 1, 1, 1, 5, 1000, 3;
1, 256, 0, 0, 0, 0, 5, 999, 3;
1, 256, 0, -1, -1, -1, 4, 999, 2;
1, 256, 0, 0, 0, 0, 5, 1000, 3;
1, 256, 0, 0, 0, 0, 4, 999, 2;
1, 256, 0, 1, 1, 1, 5, 1000, 3;
1, 256, 0, 0, 0, 0, 5, 1000, 3;
1, 256, 0, 0, 0, 0, 5, 1000, 3;
1, 256, 0, -1, -1, -1, 3, 998, 1;
1, 256, 0, -1, -1, -1, 4, 999, 2;
1, 256, 0, 0, 0, 0, 5, 1000, 3;
1, 256, 0, 0, 0, 0, 4, 999, 2;
1, 256, 0, -1, -1, -1, 3, 998, 1;
1, 256, 0, 0, 0, 0, 4, 999, 2;
1, 256, 0, 0, 0, 0, 4, 999, 2;
1, 256, 1, 1, 1, 1, 6, 1000, 3;
1, 256, 0, 0, 0, 0, 5, 1000, 3;
1, 256, 0, 0, 0, 0, 5, 1000, 3;
1, 256, 0, -1, -1, -1, 3, 998, 1;
1, 256, 0, -1, -1, -1, 3, 998, 1;
1, 256, 0, 0, 0, 0, 4, 999, 2;
1, 256, 0, -1, -1, -1, 4, 999, 2;
1, 256, 1, 1, 1, 1, 6, 1001, 4;
1, 256, 0, 0, 0, 0, 5, 999, 2;
1, 256, 1, 1, 1, 1, 5, 1000, 3;
1, 256, 0, -1, -1, -1, 4, 999, 2;
1, 256, 1, 1, 1, 1, 6, 1001, 4;
1, 256, 0, -1, -1, -1, 4, 998, 2;
1, 256, 0, 0, 0, 0, 5, 1000, 3;
1, 256, 0, 0, 0, 0, 4, 999, 2;
1, 256, 0, 0, 0, 0, 4, 999, 2;
1, 256, 0, 0, 0, 0, 5, 999, 3;
1, 256, 0, 0, 0, 0, 5, 1000, 3;
1, 256, 0, 0, 0, 0, 5, 999, 2;
1, 256, 0, 1, 1, 1, 5, 1000, 3;
1, 256, 0, 0, 0, 0, 5, 1000, 3;
1, 256, 0, 0, 0, 0, 5, 1000, 3;
1, 256, 0, -1, -1, -1, 4, 999, 2;
1, 256, 0, 0, 0, 0, 4, 999, 2;
1, 256, 0, 0, 0, 0, 5, 1000, 3;
1, 256, 1, 1, 1, 1, 6, 1001, 4;
1, 256, 0, 1, 1, 1, 5, 1000, 3;
1, 256, 0, 1, 1, 1, 5, 1000, 3;
1, 256, 0, -1, -1, -1, 4, 999, 2;
1, 256, 0, -1, -1, -1, 4, 999, 2;
1, 256, 0, -1, -1, -1, 4, 998, 2;
1, 256, 0, -1, -1, -1, 4, 999, 2;
1, 256, 0, 0, 0, 0, 5, 999, 3;
1, 256, 0, 0, 0, 0, 5, 1000, 3;
1, 256, 0, 0, 0, 0, 5, 1000, 3;
1, 256, 0, -1, -1, -1, 4, 998, 1;
1, 256, 0, 0, 0, 0, 5, 1000, 3;
1, 256, 0, -1, -1, -1, 4, 998, 1;
1, 256, 0, 0, 0, 0, 4, 999, 2;
1, 256, 1, 1, 1, 1, 5, 1000, 3;
1, 256, 0, 0, 0, 0, 5, 1000, 3;
1, 256, 0, 1, 1, 1, 5, 1000, 3;
1, 256, 1, 1, 1, 1, 6, 1000, 3;
1, 256, 0, 0, 0, 0, 4, 999, 2;
1, 256, 0, 0, 0, 0, 4, 999, 2;
1, 256, 0, 0, 0, 0, 5, 1000, 3;
1, 256, 0, 0, 0, 0, 5, 1000, 3;
1, 256, 0, 0, 0, 0, 5, 999, 3;
1, 256, 0, -1, -1, -1, 4, 999, 2;
1, 256, 0, -1, -1, -1, 4, 998, 1;
1, 256, 0, -1, -1, -1, 4, 999, 2;
1, 256, 0, 0, 0, 0, 5, 1000, 3;
1, 256, 1, 1, 1, 1, 5, 1000, 3;
1, 256, 0, 0, 0, 0, 4, 999, 2;
1, 256, 0, -1, -1, -1, 3, 998, 1;
1, 256, 1, 1, 1, 1, 6, 1001, 4;
1, 256, 0, -1, -1, -1, 4, 999, 2;
1, 256, 0, 0, 0, 0, 5, 999, 3;
1, 256, 1, 1, 1, 1, 5, 1000, 3;
1, 256, 0, 0, 0, 0, 4, 999, 2;
1, 256, 0, 0, 0, 0, 5, 1000, 3;
1, 256, 0, -1, -1, -1, 4, 999, 2;
1, 256, 0, 0, 0, 0, 5, 1000, 3;
1, 256, 0, 0, 0, 0, 5, 1000, 3;
1, 256, 0, 0, 0, 0, 5, 1000, 3;
1, 256, 1, 1, 1, 1, 6, 1000, 4;
1, 256, 0, 1, 1, 1, 5, 1000, 3;
1, 256, 0, 0, 0, 0, 5, 1000, 3;
1, 256, 0, 0, 0, 0, 4, 999, 2;
1, 256, 0, 0, 0, 0, 5, 1000, 3;
1, 256, 1, 1, 1, 1, 6, 1000, 3;
1, 256, 0, 0, 0, 0, 5, 1000, 3;
1, 256, 0, 0, 0, 0, 5, 1000, 3;
1, 256, 0, -1, -1, -1, 4, 999, 2;
1, 256, 1, 1, 1, 1, 5, 1000, 3;
1, 256, 0, 0, 0, 0, 4, 999, 2;
1, 256, 0, -1, -1, -1, 4, 999, 2;
1, 256, 1, 1, 1, 1, 6, 1001, 4;
1, 256, 0, 0, 0, 0, 4, 999, 2;
1, 256, 0, 0, 0, 0, 5, 1000, 3;
1, 256, 0, 0, 0, 0, 5, 1000, 3;
1, 256, 0, 0, 0, 0, 5, 1000, 3;
1, 256, 0, -1, -1, -1, 3, 998, 1;
1, 256, 0, -1, -1, -1, 4, 999, 2;
1, 256, 0, -1, -1, -1, 4, 999, 2;
1, 256, 0, 1, 1, 1, 5, 1000, 3;
1, 256, 1, 1, 1, 1, 6, 1001, 4;
1, 256, 0, -1, -1, -1, 3, 998, 1;
1, 256, 0, 0, 0, 0, 4, 999, 2;
1, 256, 1, 1, 1, 1, 6, 1001, 4;
1, 256, 0, -1, -1, -1, 4, 999, 2;
1, 256, 0, -1, -1, -1, 4, 999, 2;
1, 256, 0, 0, 0, 0, 4, 999, 2;
1, 256, 0, 0, 0, 0, 5, 1000, 3;
1, 256, 0, 1, 1, 1, 5, 1000, 3;
1, 256, 0, 1, 1, 1, 5, 1000, 3;
1, 256, 0, 0, 0, 0, 5, 1000, 3;
1, 256, 1, 1, 1, 1, 6, 1000, 4;
1, 256, 0, 0, 0, 0, 5, 1000, 3;
1, 256, 0, 0, 0, 0, 4, 999, 2;
1, 256, 0, 0, 0, 0, 4, 999, 2;
1, 256, 0, 0, 0, 0, 5, 1000, 3;
1, 256, 0, 0, 0, 0, 5, 1000, 3;
1, 256, 1, 1, 1, 1, 6, 1000, 4;
1, 256, 0, 0, 0, 0, 5, 999, 2;
1, 256, 0, 0, 0, 0, 5, 1000, 3;
1, 256, 0, -1, -1, -1, 4, 999, 2;
1, 256, 0, 0, 0, 0, 4, 999, 2;
1, 256, 0, 1, 1, 1, 5, 1000, 3;
1, 256, 0, 0, 0, 0, 5, 1000, 3;
1, 256, 0, 0, 0, 0, 5, 1000, 3;
1, 256, 0, 0, 0, 0, 5, 999, 3;
1, 256, 0, 0, 0, 0, 4, 999, 2;
1, 256, 0, -1, -1, -1, 4, 999, 2;
1, 256, 0, 0, 0, 0, 4, 999, 2;
1, 256, 0, 0, 0, 0, 4, 999, 2;
1, 256, 0, 0, 0, 0, 5, 1000, 3;
1, 256, 0, 1, 1, 1, 5, 1000, 3;
1, 256, 0, -1, -1, -1, 4, 999, 2;
1, 256, 0, 0, 0, 0, 4, 999, 2;
1, 256, 0, -1, -1, -1, 4, 999, 2;
1, 256, 0, 0, 0, 0, 5, 1000, 3;
1, 256, 1, 1, 1, 1, 6, 1000, 3;
1, 256, 0, 0, 0, 0, 5, 999, 3;
1, 256, 0, 0, 0, 0, 5, 999, 3;
1, 256, 0, 0, 0, 0, 5, 1000, 3;
1, 256, 0, 0, 0, 0, 5, 1000, 3;
1, 256, 0, -1, -1, -1, 3, 998, 1;
1, 256, 0, -1, -1, -1, 4, 999, 2;
1, 256, 1, 1, 1, 1, 6, 1001, 4;
1, 256, 0, -1, -1, -1, 4, 999, 2;
1, 256, 0, 0, 0, 0, 4, 999, 2;
1, 256, 0, 0, 0, 0, 5, 1000, 3;
1, 256, 0, -1, -1, -1, 4, 999, 2;
1, 256, 0, -1, -1, -1, 4, 999, 2;
1, 256, 1, 1, 1, 1, 6, 1001, 4;
1, 256, 1, 1, 1, 1, 6, 1000, 4;
1, 256, 0, 0, 0, 0, 5, 999, 3;
1, 256, 0, 0, 0, 0, 5, 1000, 3;
1, 256, 0, 0, 0, 0, 4, 999, 2;
1, 256, 0, 0, 0, 0, 5, 1000, 3;
1, 256, 0, 0, 0, 0, 4, 999, 2;
1, 256, 1, 1, 1, 1, 6, 1000, 3;
1, 256, 0, 0, 0, 0, 4, 999, 2;
1, 256, 0, 0, 0, 0, 5, 1000, 3;
1, 256, 0, -1, -1, -1, 4, 999, 2;
1, 256, 1, 1, 1, 1, 5, 1000, 3;
1, 256, 1, 1, 1, 1, 6, 1001, 4;
1, 256, 0, 1, 1, 1, 5, 1000, 3;
1, 256, 0, 0, 0, 0, 5, 1000, 3;
1, 256, 0, 0, 0, 0, 4, 999, 2;
1, 256, 0, 0, 0, 0, 5, 1000, 3;
1, 256, 0, 0, 0, 0, 5, 1000, 3;
1, 256, 0, -1, -1, -1, 4, 999, 2;
1, 256, 0, 0, 0, 0, 5, 1000, 3;
1, 256, 0, 0, 0, 0, 4, 999, 2;
1, 256, 0, -1, -1, -1, 4, 999, 2;
1, 256, 0, -1, -1, -1, 4, 999, 2;
1, 256, 0, -1, -1, -1, 4, 999, 2;
1, 256, 0, -1, -1, -1, 4, 999, 2;
1, 256, 0, -1, -1, -1, 4, 999, 2;
1, 256, 0, 0, 0, 0, 5, 1000, 3;
1, 256, 0, 0, 0, 0, 4, 999, 2;
1, 256, 0, 0, 0, 0, 5, 1000, 3;
1, 256, 0, 0, 0, 0, 4, 999, 2;
1, 256, 0, 0, 0, 0, 4, 999, 2;
1, 256, 0, 0, 0, 0, 4, 999, 2;
1, 256, 0, 0, 0, 0, 4, 999, 2;
1, 256, 0, 0, 0, 0, 5, 1000, 3;
1, 256, 1, 1, 1, 1, 6, 1001, 4;
1, 256, 1, 1, 1, 1, 5, 1000, 3;
1, 256, 1, 1, 1, 1, 6, 1001, 4;
1, 256, 0, -1, -1, -1, 4, 999, 2;
1, 256, 0, -1, -1, -1, 4, 999, 2;
1, 256, 0, 0, 0, 0, 5, 1000, 3;
1, 256, 0, 0, 0, 0, 5, 1000, 3;
1, 256, 0, -1, -1, -1, 4, 999, 2;
1, 256, 1, 1, 1, 1, 6, 1001, 4;
1, 256, 0, 1, 1, 1, 5, 1000, 3;
1, 256, 0, 0, 0, 0, 5, 1000, 3;
1, 256, 0, 0, 0, 0, 5, 1000, 3;
1, 256, 0, 0, 0, 0, 4, 999, 2;
1, 256, 0, 0, 0, 0, 5, 1000, 3;
1, 256, 0, 1, 1, 1, 5, 1000, 3;
1, 256, 0, 1, 1, 1, 5, 1000, 3;
1, 256, 0, 0, 0, 0, 4, 999, 2;
1, 256, 0, 1, 1, 1, 5, 1000, 3;
0, 256, 0, -1, -1, -1, 3, 998, 1;
1, 256, 0, 0, 0, 0, 5, 1000, 3;
1, 256, 0, 0, 0, 0, 5, 1000, 3;
1, 256, 0, -1, -1, -1, 4, 999, 2;
1, 256, 0, -1, -1, -1, 4, 999, 2;
1, 256, 0, -1, -1, -1, 4, 999, 2;
1, 256, 0, -1, -1, -1, 4, 999, 2;
1, 256, 0, -1, -1, -1, 4, 999, 2;
1, 256, 0, 0, 0, 0, 5, 1000, 3;
1, 256, 0, -1, -1, -1, 4, 999, 2;
1, 256, 0, -1, -1, -1, 3, 998, 1;
1, 256, 1, 1, 1, 1, 6, 1001, 4;
1, 256, 0, 1, 1, 1, 5, 1000, 3;
1, 256, 0, 1, 1, 1, 5, 1000, 3;
1, 256, 0, -1, -1, -1, 4, 999, 2;
1, 256, 0, 1, 1, 1, 5, 1000, 3;
1, 256, 0, 0, 0, 0, 5, 1000, 3;
1, 256, 0, -1, -1, -1, 4, 999, 2;
1, 256, 0, 0, 0, 0, 4, 999, 2;
1, 256, 0, 0, 0, 0, 5, 1000, 3;
1, 256, 0, 0, 0, 0, 5, 1000, 3;
1, 256, 1, 1, 1, 1, 6, 1000, 4;
1, 256, 1, 1, 1, 1, 6, 1000, 3;
1, 256, 1, 1, 1, 1, 6, 1001, 4;
1, 256, 1, 1, 1, 1, 6, 1000, 4;
1, 256, 0, 0, 0, 0, 5, 1000, 3;
1, 256, 0, 1, 1, 1, 5, 1000, 3;
1, 256, 1, 1, 1, 1, 6, 1000, 3;
1, 256, 1, 1, 1, 1, 6, 1001, 4;
1, 256, 1, 1, 1, 1, 6, 1000, 4;
1, 256, 1, 1, 1, 1, 6, 1000, 4;
1, 256, 0, -1, -1, -1, 4, 998, 2;
1, 256, 0, -1, -1, -1, 4, 999, 2;
1, 256, 0, 0, 0, 0, 4, 999, 2;
1, 256, 0, 0, 0, 0, 4, 999, 2;
1, 256, 0, 0, 0, 0, 5, 1000, 3;
1, 256, 0, 0, 0, 0, 5, 1000, 3;
1, 256, 0, -1, -1, -1, 4, 999, 2;
1, 256, 0, 0, 0, 0, 5, 1000, 3;
1, 256, 1, 1, 1, 1, 5, 1000, 3;
1, 256, 0, 0, 0, 0, 4, 999, 2;
1, 256, 0, 0, 0, 0, 4, 999, 2;
0, 256, 0, -1, -1, -1, 3, 998, 1;
1, 256, 0, -1, -1, -1, 3, 998, 1;
1, 256, 1, 1, 1, 1, 6, 1001, 4;
1, 256, 0, -1, -1, -1, 4, 998, 2;
1, 256, 0, 0, 0, 0, 5, 1000, 3;
1, 256, 0, 0, 0, 0, 5, 1000, 3;
1, 256, 1, 1, 1, 1, 6, 1001, 4;
1, 256, 1, 1, 1, 1, 6, 1001, 4;
1, 256, 0, 0, 0, 0, 4, 999, 2;
1, 256, 0, 0, 0, 0, 5, 1000, 3;
1, 256, 0, -1, -1, -1, 4, 999, 2;
1, 256, 1, 1, 1, 1, 6, 1000, 3;
1, 256, 0, -1, -1, -1, 4, 999, 2;
1, 256, 0, 1, 1, 1, 5, 1000, 3;
1, 256, 0, 0, 0, 0, 4, 999, 2;
1, 256, 0, 1, 1, 1, 5, 1000, 3;
1, 256, 0, -1, -1, -1, 4, 999, 2;
1, 256, 0, -1, -1, -1, 4, 998, 2;
1, 256, 0, 0, 0, 0, 5, 1000, 3;
1, 256, 0, -1, -1, -1, 4, 998, 2;
1, 256, 0, 1, 1, 1, 5, 1000, 3;
1, 256, 0, 0, 0, 0, 5, 1000, 3;
1, 256, 0, 0, 0, 0, 4, 999, 2;
1, 256, 0, 1, 1, 1, 5, 1000, 3;
1, 256, 0, 0, 0, 0, 4, 999, 2;
1, 256, 1, 1, 1, 1, 6, 1001, 4;
1, 256, 0, 0, 0, 0, 4, 999, 2;
1, 256, 0, 0, 0, 0, 4, 999, 2;
1, 256, 0, 0, 0, 0, 5, 1000, 3;
1, 256, 1, 1, 1, 1, 6, 1001, 4;
1, 256, 0, 0, 0, 0, 5, 1000, 3;
1, 256, 0, 0, 0, 0, 4, 999, 2;
1, 256, 0, 0, 0, 0, 5, 1000, 3;
1, 256, 0, 0, 0, 0, 4, 999, 2;
1, 256, 0, 0, 0, 0, 5, 1000, 3;
1, 256, 0, 0, 0, 0, 4, 999, 2;
1, 256, 0, 0, 0, 0, 5, 1000, 3;
1, 256, 0, -1, -1, -1, 4, 999, 2;
1, 256, 0, 1, 1, 1, 5, 1000, 3;
1, 256, 0, 1, 1, 1, 5, 1000, 3;
1, 256, 0, 0, 0, 0, 5, 999, 3;
1, 256, 0, 0, 0, 0, 5, 1000, 3;
1, 256, 0, 0, 0, 0, 5, 1000, 3;
1, 256, 0, 0, 0, 0, 4, 999, 2;
1, 256, 0, 1, 1, 1, 5, 1000, 3;
1, 256, 1, 1, 1, 1, 6, 1001, 4;
1, 256, 0, 1, 1, 1, 5, 1000, 3;
1, 256, 1, 1, 1, 1, 6, 1001, 4;
1, 256, 0, 0, 0, 0, 5, 999, 3;
1, 256, 1, 1, 1, 1, 6, 1000, 3;
1, 256, 0, 0, 0, 0, 5, 1000, 3;
1, 256, 1, 1, 1, 1, 6, 1000, 4;
1, 256, 0, 0, 0, 0, 5, 1000, 3;
1, 256, 1, 1, 1, 1, 5, 1000, 3;
1, 256, 0, 0, 0, 0, 4, 999, 2;
1, 256, 1, 1, 1, 1, 5, 1000, 3;
1, 256, 0, 1, 1, 1, 5, 1000, 3;
1, 256, 0, -1, -1, -1, 4, 999, 2;
1, 256, 0, -1, -1, -1, 4, 999, 2;
1, 256, 1, 1, 1, 1, 6, 1000, 4;
1, 256, 1, 1, 1, 1, 6, 1001, 4;
1, 256, 0, -1, -1, -1, 4, 999, 2;
1, 256, 0, 0, 0, 0, 4, 999, 2;
1, 256, 0, -1, -1, -1, 4, 999, 2;
1, 256, 0, 0, 0, 0, 5, 999, 2;
1, 256, 0, 1, 1, 1, 5, 1000, 3;
1, 256, 0, -1, -1, -1, 4, 999, 2;
1, 256, 0, 0, 0, 0, 4, 999, 2;
1, 256, 0, -1, -1, -1, 4, 999, 2;
1, 256, 1, 1, 1, 1, 6, 1001, 4;
1, 256, 0, 0, 0, 0, 4, 999, 2;
1, 256, 0, 0, 0, 0, 5, 999, 2;
1, 256, 0, -1, -1, -1, 4, 998, 1;
1, 256, 0, 0, 0, 0, 4, 999, 2;
1, 256, 0, 0, 0, 0, 4, 999, 2;
1, 256, 0, 0, 0, 0, 4, 999, 2;
1, 256, 0, 0, 0, 0, 5, 1000, 3;
1, 256, 0, 0, 0, 0, 4, 999, 2;
1, 256, 0, 0, 0, 0, 4, 999, 2;
1, 256, 0, 0, 0, 0, 5, 1000, 3;
1, 256, 0, -1, -1, -1, 4, 999, 2;
1, 256, 0, -1, -1, -1, 3, 998, 1;
1, 256, 0, -1, -1, -1, 4, 999, 2;
1, 256, 0, 0, 0, 0, 5, 1000, 3;
1, 256, 1, 1, 1, 1, 6, 1001, 4;
1, 256, 0, 0, 0, 0, 4, 999, 2;
1, 256, 0, 0, 0, 0, 5, 1000, 3;
1, 256, 0, -1, -1, -1, 4, 999, 2;
1, 256, 0, 0, 0, 0, 4, 999, 2;
1, 256, 0, 1, 1, 1, 5, 1000, 3;
1, 256, 1, 1, 1, 1, 5, 1000, 3;
1, 256, 0, 0, 0, 0, 4, 999, 2;
1, 256, 1, 1, 1, 1, 6, 1001, 4;
1, 256, 0, -1, -1, -1, 3, 998, 1;
1, 256, 0, -1, -1, -1, 4, 999, 2;
1, 256, 0, 0, 0, 0, 4, 999, 2;
1, 256, 0, 0, 0, 0, 5, 1000, 3;
1, 256, 0, 0, 0, 0, 5, 1000, 3;
1, 256, 0, 0, 0, 0, 4, 999, 2;
1, 256, 0, -1, -1, -1, 4, 999, 2;
1, 256, 0, -1, -1, -1, 4, 998, 1;
1, 256, 1, 1, 1, 1, 6, 1001, 4;
1, 256, 0, -1, -1, -1, 3, 998, 1;
1, 256, 0, -1, -1, -1, 3, 998, 1;
1, 256, 0, 0, 0, 0, 4, 999, 2;
1, 256, 1, 1, 1, 1, 6, 1001, 4;
1, 256, 0, 0, 0, 0, 4, 999, 2;
1, 256, 0, 0, 0, 0, 5, 1000, 3;
1, 256, 0, 0, 0, 0, 5, 1000, 3;
1, 256, 0, 0, 0, 0, 5, 1000, 3;
1, 256, 0, 0, 0, 0, 5, 999, 3;
1, 256, 0, 0, 0, 0, 5, 999, 3;
1, 256, 0, 0, 0, 0, 5, 1000, 3;
1, 256, 1, 1, 1, 1, 6, 1001, 4;
1, 256, 0, 0, 0, 0, 5, 1000, 3;
1, 256, 0, 0, 0, 0, 5, 1000, 3;
1, 256, 0, -1, -1, -1, 4, 999, 2;
1, 256, 1, 1, 1, 1, 6, 1001, 4;
1, 256, 1, 1, 1, 1, 6, 1001, 4;
1, 256, 1, 1, 1, 1, 6, 1001, 4;
1, 256, 0, 0, 0, 0, 4, 999, 2;
1, 256, 0, 0, 0, 0, 4, 999, 2;
1, 256, 0, -1, -1, -1, 4, 999, 2;
1, 256, 0, -1, -1, -1, 4, 998, 2;
1, 256, 0, -1, -1, -1, 4, 999, 2;
1, 256, 0, 1, 1, 1, 5, 1000, 3;
1, 256, 1, 1, 1, 1, 5, 1000, 3;
1, 256, 1, 1, 1, 1, 6, 1000, 4;
1, 256, 0, 0, 0, 0, 5, 1000, 3;
1, 256, 0, -1, -1, -1, 4, 999, 2;
1, 256, 0, -1, -1, -1, 4, 999, 2;
1, 256, 0, 0, 0, 0, 5, 1000, 3;
1, 256, 0, 0, 0, 0, 4, 999, 2;
1, 256, 0, 1, 1, 1, 5, 1000, 3;
1, 256, 0, 0, 0, 0, 5, 1000, 3;
1, 256, 0, 0, 0, 0, 5, 999, 2;
1, 256, 0, 1, 1, 1, 5, 1000, 3;
1, 256, 0, 1, 1, 1, 5, 1000, 3;
1, 256, 0, -1, -1, -1, 4, 999, 2;
1, 256, 0, 0, 0, 0, 5, 1000, 3;
1, 256, 1, 1, 1, 1, 6, 1001, 4;
1, 256, 0, 0, 0, 0, 5, 999, 2;
1, 256, 1, 1, 1, 1, 5, 1000, 3;
1, 256, 0, 0, 0, 0, 4, 999, 2;
1, 256, 1, 1, 1, 1, 6, 1000, 4;
1, 256, 0, 0, 0, 0, 5, 1000, 3;
1, 256, 1, 1, 1, 1, 6, 1001, 4;
1, 256, 0, 0, 0, 0, 4, 999, 2;
1, 256, 0, 0, 0, 0, 4, 999, 2;
1, 256, 0, 0, 0, 0, 5, 1000, 3;
1, 256, 0, 1, 1, 1, 5, 1000, 3;
1, 256, 0, -1, -1, -1, 4, 999, 2;
1, 256, 0, -1, -1, -1, 4, 999, 2;
1, 256, 0, -1, -1, -1, 4, 999, 2;
1, 256, 0, 1, 1, 1, 5, 1000, 3;
1, 256, 0, -1, -1, -1, 4, 999, 2;
1, 256, 0, 0, 0, 0, 4, 999, 2;
1, 256, 0, 1, 1, 1, 5, 1000, 3;
1, 256, 0, 0, 0, 0, 4, 999, 2;
1, 256, 0, 0, 0, 0, 4, 999, 2;
1, 256, 0, -1, -1, -1, 4, 998, 2;
1, 256, 0, -1, -1, -1, 3, 998, 1;
1, 256, 0, -1, -1, -1, 4, 999, 2;
1, 256, 0, 0, 0, 0, 5, 1000, 3;
1, 256, 0, -1, -1, -1, 4, 999, 2;
1, 256, 0, 0, 0, 0, 4, 999, 2;
1, 256, 0, 0, 0, 0, 4, 999, 2;
1, 256, 0, 0, 0, 0, 5, 1000, 3;
1, 256, 0, -1, -1, -1, 4, 999, 2;
1, 256, 0, 0, 0, 0, 5, 1000, 3;
1, 256, 0, 0, 0, 0, 5, 1000, 3;
1, 256, 0, 0, 0, 0, 4, 999, 2;
1, 256, 1, 1, 1, 1, 6, 1000, 3;
1, 256, 0, 0, 0, 0, 5, 1000, 3;
1, 256, 0, 0, 0, 0, 4, 999, 2;
1, 256, 0, -1, -1, -1, 4, 999, 2;
1, 256, 0, 0, 0, 0, 4, 999, 2;
1, 256, 1, 1, 1, 1, 6, 1001, 4;
1, 256, 0, -1, -1, -1, 3, 998, 1;
1, 256, 0, 0, 0, 0, 5, 999, 2;
1, 256, 0, 0, 0, 0, 5, 1000, 3;
1, 256, 0, 0, 0, 0, 4, 999, 2;
1, 256, 0, -1, -1, -1, 4, 999, 2;
1, 256, 0, -1, -1, -1, 4, 999, 2;
1, 256, 0, 0, 0, 0, 5, 1000, 3;
1, 256, 0, -1, -1, -1, 4, 999, 2;
1, 256, 0, 0, 0, 0, 4, 999, 2;
1, 256, 0, -1, -1, -1, 4, 999, 2;
1, 256, 0, 0, 0, 0, 5, 1000, 3;
1, 256, 0, -1, -1, -1, 3, 998, 1;
1, 256, 0, 0, 0, 0, 5, 1000, 3;
1, 256, 0, -1, -1, -1, 4, 999, 2;
1, 256, 0, 1, 1, 1, 5, 1000, 3;
1, 256, 0, 0, 0, 0, 5, 1000, 3;
1, 256, 0, -1, -1, -1, 4, 999, 2;
1, 256, 0, 0, 0, 0, 4, 999, 2;
1, 256, 0, 0, 0, 0, 5, 1000, 3;
1, 256, 0, 0, 0, 0, 5, 1000, 3;
1, 256, 0, 0, 0, 0, 4, 999, 2;
1, 256, 0, 0, 0, 0, 5, 1000, 3;
1, 256, 1, 1, 1, 1, 6, 1001, 4;
1, 256, 0, 0, 0, 0, 5, 1000, 3;
1, 256, 1, 1, 1, 1, 6, 1000, 3;
1, 256, 0, 0, 0, 0, 5, 999, 3;
1, 256, 0, 0, 0, 0, 4, 999, 2;
1, 256, 0, -1, -1, -1, 4, 999, 2;
1, 256, 0, 0, 0, 0, 5, 1000, 3;
1, 256, 1, 1, 1, 1, 6, 1001, 4;
1, 256, 0, 0, 0, 0, 5, 1000, 3;
1, 256, 0, 0, 0, 0, 4, 999, 2;
1, 256, 0, 0, 0, 0, 4, 999, 2;
1, 256, 0, 0, 0, 0, 4, 999, 2;
1, 256, 0, 0, 0, 0, 5, 1000, 3;
1, 256, 0, -1, -1, -1, 4, 998, 2;
1, 256, 0, 0, 0, 0, 4, 999, 2;
1, 256, 0, 0, 0, 0, 4, 999, 2;
0, 256, 0, -1, -1, -1, 3, 998, 1;
1, 256, 0, 0, 0, 0, 5, 1000, 3;
0, 256, 0, -1, -1, -1, 3, 998, 1;
1, 256, 0, -1, -1, -1, 4, 999, 2;
1, 256, 0, 0, 0, 0, 4, 999, 2;
1, 256, 0, 0, 0, 0, 5, 1000, 3;
1, 256, 0, 0, 0, 0, 4, 999, 2;
1, 256, 0, 1, 1, 1, 5, 1000, 3;
1, 256, 0, 0, 0, 0, 5, 1000, 3;
1, 256, 1, 1, 1, 1, 6, 1000, 3;
1, 256, 0, 0, 0, 0, 5, 1000, 3;
1, 256, 0, 1, 1, 1, 5, 1000, 3;
1, 256, 0, -1, -1, -1, 4, 999, 2;
1, 256, 0, -1, -1, -1, 3, 998, 1;
1, 256, 0, -1, -1, -1, 4, 999, 2;
1, 256, 0, 0, 0, 0, 4, 999, 2;
1, 256, 0, 0, 0, 0, 4, 999, 2;
1, 256, 0, 0, 0, 0, 5, 1000, 3;
1, 256, 0, 0, 0, 0, 4, 999, 2;
1, 256, 0, 0, 0, 0, 5, 1000, 3;
1, 256, 0, 0, 0, 0, 4, 999, 2;
1, 256, 0, 0, 0, 0, 4, 999, 2;
1, 256, 0, 0, 0, 0, 5, 1000, 3;
1, 256, 0, 0, 0, 0, 5, 1000, 3;
1, 256, 0, 0, 0, 0, 5, 1000, 3;
1, 256, 0, -1, -1, -1, 4, 999, 2;
1, 256, 0, 0, 0, 0, 5, 1000, 3;
1, 256, 0, 0, 0, 0, 5, 1000, 3;
1, 256, 0, 0, 0, 0, 5, 1000, 3;
1, 256, 1, 1, 1, 1, 6, 1001, 4;
1, 256, 0, 0, 0, 0, 4, 999, 2;
1, 256, 0, 0, 0, 0, 5, 1000, 3;
1, 256, 0, 1, 1, 1, 5, 1000, 3;
1, 256, 1, 1, 1, 1, 6, 1001, 4;
1, 256, 1, 1, 1, 1, 6, 1001, 4;
1, 256, 0, -1, -1, -1, 4, 999, 2;
1, 256, 1, 1, 1, 1, 6, 1001, 4;
1, 256, 0, 0, 0, 0, 5, 1000, 3;
1, 256, 0, 0, 0, 0, 4, 999, 2;
1, 256, 0, -1, -1, -1, 4, 998, 2;
1, 256, 0, 0, 0, 0, 5, 1000, 3;
1, 256, 0, 0, 0, 0, 5, 1000, 3;
1, 256, 0, 0, 0, 0, 5, 1000, 3;
1, 256, 0, -1, -1, -1, 4, 999, 2;
1, 256, 0, 0, 0, 0, 5, 1000, 3;
1, 256, 0, 1, 1, 1, 5, 1000, 3;
1, 256, 0, -1, -1, -1, 4, 999, 2;
1, 256, 1, 1, 1, 1, 6, 1001, 4;
1, 256, 0, -1, -1, -1, 4, 999, 2;
1, 256, 0, -1, -1, -1, 4, 999, 2;
1, 256, 0, 0, 0, 0, 5, 1000, 3;
1, 256, 0, 0, 0, 0, 5, 1000, 3;
1, 256, 0, 0, 0, 0, 5, 1000, 3;
1, 256, 0, 0, 0, 0, 4, 999, 2;
1, 256, 0, 0, 0, 0, 4, 999, 2;
1, 256, 1, 1, 1, 1, 6, 1001, 4;
1, 256, 0, -1, -1, -1, 3, 998, 1;
1, 256, 0, -1, -1, -1, 4, 998, 1;
1, 256, 0, 0, 0, 0, 5, 1000, 3;
1, 256, 0, -1, -1, -1, 3, 998, 1;
1, 256, 0, -1, -1, -1, 3, 998, 1;
1, 256, 0, -1, -1, -1, 4, 999, 2;
1, 256, 0, -1, -1, -1, 3, 998, 1;
1, 256, 1, 1, 1, 1, 6, 1000, 4;
1, 256, 0, 0, 0, 0, 4, 999, 2;
1, 256, 1, 1, 1, 1, 6, 1000, 4;
1, 256, 0, 0, 0, 0, 5, 999, 2;
1, 256, 1, 1, 1, 1, 6, 1001, 4;
1, 256, 0, 0, 0, 0, 5, 999, 3;
1, 256, 0, 0, 0, 0, 5, 1000, 3;
1, 256, 0, 1, 1, 1, 5, 1000, 3;
1, 256, 0, -1, -1, -1, 4, 999, 2;
1, 256, 0, 0, 0, 0, 4, 999, 2;
1, 256, 0, -1, -1, -1, 3, 998, 1;
1, 256, 0, 0, 0, 0, 4, 999, 2;
1, 256, 1, 1, 1, 1, 5, 1000, 3;
1, 256, 0, 0, 0, 0, 5, 1000, 3;
1, 256, 1, 1, 1, 1, 6, 1001, 4;
1, 256, 0, 0, 0, 0, 4, 999, 2;
1, 256, 0, 0, 0, 0, 5, 1000, 3;
1, 256, 0, -1, -1, -1, 4, 999, 2;
1, 256, 0, 0, 0, 0, 5, 1000, 3;
1, 256, 0, 0, 0, 0, 4, 999, 2;
1, 256, 0, -1, -1, -1, 4, 999, 2;
1, 256, 0, 0, 0, 0, 4, 999, 2;
1, 256, 1, 1, 1, 1, 6, 1001, 4;
1, 256, 0, 0, 0, 0, 4, 999, 2;
1, 256, 0, 0, 0, 0, 4, 999, 2;
1, 256, 0, -1, -1, -1, 4, 999, 2;
1, 256, 0, 0, 0, 0, 4, 999, 2;
1, 256, 0, 0, 0, 0, 4, 999, 2;
1, 256, 0, 0, 0, 0, 5, 1000, 3;
1, 256, 0, -1, -1, -1, 4, 999, 2;
1, 256, 0, 0, 0, 0, 4, 999, 2;
1, 256, 0, 0, 0, 0, 5, 1000, 3;
1, 256, 0, -1, -1, -1, 4, 999, 2;
1, 256, 0, 0, 0, 0, 5, 1000, 3;
1, 256, 1, 1, 1, 1, 6, 1000, 4;
1, 256, 1, 1, 1, 1, 6, 1000, 3;
1, 256, 0, -1, -1, -1, 4, 999, 2;
1, 256, 1, 1, 1, 1, 6, 1001, 4;
1, 256, 0, -1, -1, -1, 4, 999, 2;
1, 256, 0, 1, 1, 1, 5, 1000, 3;
1, 256, 0, 0, 0, 0, 4, 999, 2;
1, 256, 0, -1, -1, -1, 4, 999, 2;
1, 256, 0, 1, 1, 1, 5, 1000, 3;
1, 256, 0, 1, 1, 1, 5, 1000, 3;
1, 256, 1, 1, 1, 1, 6, 1001, 4;
1, 256, 0, 0, 0, 0, 5, 1000, 3;
0, 256, 0, -1, -1, -1, 3, 998, 1;
1, 256, 0, 0, 0, 0, 4, 999, 2;
1, 256, 0, 0, 0, 0, 5, 1000, 3;
1, 256, 0, 0, 0, 0, 4, 999, 2;
1, 256, 1, 1, 1, 1, 6, 1001, 4;
1, 256, 0, -1, -1, -1, 4, 999, 2;
1, 256, 0, 1, 1, 1, 5, 1000, 3;
1, 256, 0, 0, 0, 0, 5, 1000, 3;
1, 256, 0, 0, 0, 0, 4, 999, 2;
1, 256, 0, -1, -1, -1, 4, 998, 2;
1, 256, 1, 1, 1, 1, 6, 1000, 4;
1, 256, 1, 1, 1, 1, 6, 1001, 4;
1, 256, 1, 1, 1, 1, 5, 1000, 3;
1, 256, 0, 0, 0, 0, 5, 1000, 3;
1, 256, 0, -1, -1, -1, 4, 999, 2;
1, 256, 1, 1, 1, 1, 6, 1000, 3;
1, 256, 0, 0, 0, 0, 5, 1000, 3;
1, 256, 0, 0, 0, 0, 5, 1000, 3;
1, 256, 0, -1, -1, -1, 4, 999, 2;
1, 256, 0, 1, 1, 1, 5, 1000, 3;
1, 256, 1, 1, 1, 1, 6, 1001, 4;
1, 256, 0, 0, 0, 0, 4, 999, 2;
1, 256, 0, -1, -1, -1, 4, 998, 1;
1, 256, 0, 0, 0, 0, 4, 999, 2;
1, 256, 1, 1, 1, 1, 6, 1000, 3;
1, 256, 0, 0, 0, 0, 4, 999, 2;
1, 256, 1, 1, 1, 1, 6, 1001, 4;
1, 256, 1, 1, 1, 1, 6, 1001, 4;
1, 256, 0, -1, -1, -1, 4, 999, 2;
1, 256, 0, 0, 0, 0, 5, 999, 2;
1, 256, 1, 1, 1, 1, 6, 1001, 4;
1, 256, 0, 0, 0, 0, 5, 1000, 3;
1, 256, 1, 1, 1, 1, 6, 1000, 4;
1, 256, 0, 0, 0, 0, 4, 999, 2;
1, 256, 1, 1, 1, 1, 6, 1001, 4;
1, 256, 1, 1, 1, 1, 6, 1001, 4;
1, 256, 1, 1, 1, 1, 6, 1000, 3;
1, 256, 0, -1, -1, -1, 4, 999, 2;
1, 256, 0, -1, -1, -1, 4, 999, 2;
1, 256, 0, -1, -1, -1, 4, 999, 2;
1, 256, 0, 1, 1, 1, 5, 1000, 3;
0, 256, 0, -1, -1, -1, 3, 998, 1;
1, 256, 0, 1, 1, 1, 5, 1000, 3;
1, 256, 0, -1, -1, -1, 4, 999, 2;
1, 256, 0, 0, 0, 0, 4, 999, 2;
1, 256, 0, 1, 1, 1, 5, 1000, 3;
1, 256, 1, 1, 1, 1, 6, 1000, 4;
1, 256, 0, 1, 1, 1, 5, 1000, 3;
1, 256, 0, 0, 0, 0, 4, 999, 2;
1, 256, 0, -1, -1, -1, 4, 999, 2;
1, 256, 0, 0, 0, 0, 5, 1000, 3;
1, 256, 0, 0, 0, 0, 4, 999, 2;
1, 256, 0, 0, 0, 0, 5, 1000, 3;
1, 256, 1, 1, 1, 1, 5, 1000, 3;
1, 256, 0, 0, 0, 0, 4, 999, 2;
1, 256, 0, 0, 0, 0, 5, 999, 3;
0, 256, 0, -1, -1, -1, 3, 998, 1;
1, 256, 1, 1, 1, 1, 6, 1001, 4;
1, 256, 0, -1, -1, -1, 3, 998, 1;
1, 256, 0, 0, 0, 0, 5, 1000, 3;
1, 256, 0, -1, -1, -1, 4, 998, 2;
1, 256, 0, 1, 1, 1, 5, 1000, 3;
1, 256, 0, -1, -1, -1, 4, 999, 2;
1, 256, 0, -1, -1, -1, 4, 998, 2;
1, 256, 0, 0, 0, 0, 5, 1000, 3;
1, 256, 0, 0, 0, 0, 4, 999, 2;
1, 256, 0, -1, -1, -1, 4, 999, 2;
1, 256, 0, 0, 0, 0, 4, 999, 2;
1, 256, 0, 0, 0, 0, 5, 1000, 3;
1, 256, 0, -1, -1, -1, 4, 998, 1;
1, 256, 0, 0, 0, 0, 5, 1000, 3;
1, 256, 1, 1, 1, 1, 6, 1000, 3;
1, 256, 0, 0, 0, 0, 5, 1000, 3;
1, 256, 0, 0, 0, 0, 5, 1000, 3;
1, 256, 0, 0, 0, 0, 5, 1000, 3;
1, 256, 0, 0, 0, 0, 5, 1000, 3;
1, 256, 0, -1, -1, -1, 4, 999, 2;
1, 256, 0, 0, 0, 0, 5, 1000, 3;
1, 256, 0, 1, 1, 1, 5, 1000, 3;
1, 256, 0, -1, -1, -1, 4, 999, 2;
1, 256, 1, 1, 1, 1, 6, 1000, 4;
1, 256, 0, 0, 0, 0, 5, 999, 3;
1, 256, 0, 0, 0, 0, 5, 1000, 3;
1, 256, 0, 0, 0, 0, 5, 999, 2;
1, 256, 0, 0, 0, 0, 5, 1000, 3;
1, 256, 0, 0, 0, 0, 5, 1000, 3;
1, 256, 0, 1, 1, 1, 5, 1000, 3;
1, 256, 0, 0, 0, 0, 5, 1000, 3;
1, 256, 0, -1, -1, -1, 4, 999, 2;
1, 256, 0, 0, 0, 0, 5, 1000, 3;
1, 256, 0, 0, 0, 0, 5, 1000, 3;
1, 256, 1, 1, 1, 1, 6, 1001, 4;
1, 256, 0, -1, -1, -1, 4, 999, 2;
1, 256, 0, 0, 0, 0, 4, 999, 2;
1, 256, 0, 1, 1, 1, 5, 1000, 3;
1, 256, 0, -1, -1, -1, 4, 999, 2;
1, 256, 0, 0, 0, 0, 4, 999, 2;
1, 256, 1, 1, 1, 1, 6, 1000, 3;
1, 256, 0, 0, 0, 0, 4, 999, 2;
1, 256, 1, 1, 1, 1, 6, 1001, 4;
1, 256, 0, -1, -1, -1, 4, 998, 2;
1, 256, 0, 0, 0, 0, 5, 1000, 3;
1, 256, 1, 1, 1, 1, 6, 1001, 4;
1, 256, 0, 0, 0, 0, 5, 1000, 3;
1, 256, 1, 1, 1, 1, 6, 1001, 4;
0, 256, 0, -1, -1, -1, 3, 998, 1;
1, 256, 0, 0, 0, 0, 4, 999, 2;
1, 256, 0, 0, 0, 0, 5, 1000, 3;
1, 256, 0, 0, 0, 0, 4, 999, 2;
1, 256, 0, -1, -1, -1, 4, 999, 2;
1, 256, 0, -1, -1, -1, 4, 999, 2;
1, 256, 1, 1, 1, 1, 6, 1001, 4;
1, 256, 0, 1, 1, 1, 5, 1000, 3;
1, 256, 0, 0, 0, 0, 5, 1000, 3;
1, 256, 0, 0, 0, 0, 5, 1000, 3;
1, 256, 0, -1, -1, -1, 4, 999, 2;
1, 256, 0, 0, 0, 0, 4, 999, 2;
1, 256, 0, 0, 0, 0, 4, 999, 2;
1, 256, 0, 0, 0, 0, 5, 1000, 3;
1, 256, 0, 0, 0, 0, 5, 1000, 3;
1, 256, 0, 0, 0, 0, 5, 999, 3;
1, 256, 0, 0, 0, 0, 5, 1000, 3;
1, 256, 0, 0, 0, 0, 5, 1000, 3;
1, 256, 0, 0, 0, 0, 5, 1000, 3;
0, 256, 0, -1, -1, -1, 3, 998, 1;
1, 256, 0, 0, 0, 0, 5, 1000, 3;
1, 256, 1, 1, 1, 1, 6, 1001, 4;
1, 256, 0, 0, 0, 0, 4, 999, 2;
1, 256, 0, 0, 0, 0, 4, 999, 2;
1, 256, 0, 0, 0, 0, 4, 999, 2;
1, 256, 0, -1, -1, -1, 4, 999, 2;
1, 256, 0, -1, -1, -1, 4, 999, 2;
1, 256, 1, 1, 1, 1, 6, 1000, 3;
1, 256, 0, 0, 0, 0, 4, 999, 2;
1, 256, 0, 0, 0, 0, 4, 999, 2;
1, 256, 0, 1, 1, 1, 5, 1000, 3;
1, 256, 0, -1, -1, -1, 3, 998, 1;
1, 256, 0, 0, 0, 0, 4, 999, 2;
1, 256, 0, -1, -1, -1, 4, 998, 1;
1, 256, 0, 0, 0, 0, 4, 999, 2;
1, 256, 0, 1, 1, 1, 5, 1000, 3;
1, 256, 0, -1, -1, -1, 3, 998, 1;
1, 256, 0, -1, -1, -1, 4, 998, 2;
1, 256, 0, 0, 0, 0, 5, 1000, 3;
1, 256, 0, 0, 0, 0, 4, 999, 2;
1, 256, 0, 0, 0, 0, 4, 999, 2;
1, 256, 0, -1, -1, -1, 4, 999, 2;
1, 256, 0, 0, 0, 0, 5, 1000, 3;
1, 256, 0, -1, -1, -1, 4, 999, 2;
1, 256, 0, 1, 1, 1, 5, 1000, 3;
1, 256, 0, 0, 0, 0, 4, 999, 2;
1, 256, 0, 0, 0, 0, 5, 1000, 3;
1, 256, 0, 0, 0, 0, 4, 999, 2;
1, 256, 0, 0, 0, 0, 5, 1000, 3;
1, 256, 1, 1, 1, 1, 6, 1001, 4;
1, 256, 0, -1, -1, -1, 4, 998, 2;
1, 256, 0, -1, -1, -1, 4, 999, 2;
1, 256, 0, 0, 0, 0, 5, 1000, 3;
1, 256, 0, -1, -1, -1, 4, 999, 2;
1, 256, 0, -1, -1, -1, 3, 998, 1;
1, 256, 0, -1, -1, -1, 4, 999, 2;
1, 256, 1, 1, 1, 1, 6, 1001, 4;
1, 256, 0, 0, 0, 0, 5, 1000, 3;
1, 256, 0, 0, 0, 0, 5, 1000, 3;
1, 256, 0, 0, 0, 0, 5, 1000, 3;
0, 256, 0, -1, -1, -1, 3, 998, 1;
1, 256, 0, -1, -1, -1, 4, 999, 2;
1, 256, 1, 1, 1, 1, 6, 1001, 4;
1, 256, 0, -1, -1, -1, 4, 998, 1;
1, 256, 0, -1, -1, -1, 4, 999, 2;
1, 256, 0, -1, -1, -1, 4, 998, 2;
1, 256, 0, 1, 1, 1, 5, 1000, 3;
1, 256, 0, 0, 0, 0, 5, 999, 3;
1, 256, 0, 0, 0, 0, 4, 999, 2;
1, 256, 0, 0, 0, 0, 5, 1000, 3;
1, 256, 0, -1, -1, -1, 4, 999, 2;
1, 256, 1, 1, 1, 1, 6, 1000, 4;
1, 256, 0, 0, 0, 0, 5, 1000, 3;
1, 256, 0, 0, 0, 0, 4, 999, 2;
1, 256, 1, 1, 1, 1, 6, 1001, 4;
1, 256, 1, 1, 1, 1, 6, 1001, 4;
1, 256, 0, -1, -1, -1, 4, 999, 2;
1, 256, 0, 0, 0, 0, 4, 999, 2;
1, 256, 0, 0, 0, 0, 5, 1000, 3;
1, 256, 0, 0, 0, 0, 4, 999, 2;
1, 256, 0, 0, 0, 0, 4, 999, 2;
1, 256, 0, 0, 0, 0, 4, 999, 2;
1, 256, 0, -1, -1, -1, 4, 999, 2;
1, 256, 0, 0, 0, 0, 4, 999, 2;
1, 256, 0, -1, -1, -1, 4, 999, 2;
1, 256, 0, 0, 0, 0, 4, 999, 2;
1, 256, 0, -1, -1, -1, 4, 999, 2;
1, 256, 0, -1, -1, -1, 4, 999, 2;
1, 256, 0, 1, 1, 1, 5, 1000, 3;
1, 256, 0, 0, 0, 0, 5, 999, 2;
1, 256, 0, -1, -1, -1, 3, 998, 1;
1, 256, 0, 0, 0, 0, 5, 1000, 3;
1, 256, 0, 0, 0, 0, 5, 1000, 3;
1, 256, 0, 0, 0, 0, 4, 999, 2;
1, 256, 0, -1, -1, -1, 4, 999, 2;
1, 256, 0, 0, 0, 0, 4, 999, 2;
1, 256, 0, 1, 1, 1, 5, 1000, 3;
1, 256, 0, -1, -1, -1, 4, 999, 2;
1, 256, 0, -1, -1, -1, 4, 999, 2;
1, 256, 0, 0, 0, 0, 4, 999, 2;
1, 256, 0, -1, -1, -1, 4, 999, 2;
1, 256, 0, -1, -1, -1, 4, 999, 2;
1, 256, 1, 1, 1, 1, 6, 1000, 3;
1, 256, 0, 0, 0, 0, 5, 1000, 3;
1, 256, 1, 1, 1, 1, 6, 1001, 4;
1, 256, 0, -1, -1, -1, 4, 999, 2;
1, 256, 1, 1, 1, 1, 6, 1001, 4;
1, 256, 0, 0, 0, 0, 4, 999, 2;
1, 256, 1, 1, 1, 1, 6, 1001, 4;
1, 256, 0, 1, 1, 1, 5, 1000, 3;
1, 256, 1, 1, 1, 1, 6, 1000, 3;
0, 256, 0, -1, -1, -1, 3, 998, 1;
1, 256, 0, 0, 0, 0, 4, 999, 2;
1, 256, 0, -1, -1, -1, 4, 999, 2;
1, 256, 0, 0, 0, 0, 5, 1000, 3;
1, 256, 0, 0, 0, 0, 4, 999, 2;
1, 256, 0, 0, 0, 0, 5, 1000, 3;
1, 256, 0, 0, 0, 0, 5, 1000, 3;
1, 256, 1, 1, 1, 1, 6, 1001, 4;
1, 256, 1, 1, 1, 1, 6, 1001, 4;
1, 256, 0, 0, 0, 0, 5, 1000, 3;
1, 256, 0, 0, 0, 0, 5, 1000, 3;
1, 256, 0, 0, 0, 0, 5, 1000, 3;
1, 256, 0, 0, 0, 0, 5, 1000, 3;
1, 256, 0, -1, -1, -1, 4, 999, 2;
1, 256, 0, 0, 0, 0, 5, 1000, 3;
1, 256, 0, 0, 0, 0, 5, 999, 2;
1, 256, 0, -1, -1, -1, 4, 998, 2;
1, 256, 0, 0, 0, 0, 5, 1000, 3;
1, 256, 0, 0, 0, 0, 4, 999, 2;
1, 256, 0, -1, -1, -1, 4, 999, 2;
1, 256, 0, 0, 0, 0, 4, 999, 2;
1, 256, 1, 1, 1, 1, 6, 1001, 4;
1, 256, 1, 1, 1, 1, 5, 1000, 3;
1, 256, 0, 0, 0, 0, 5, 1000, 3;
1, 256, 0, 0, 0, 0, 5, 1000, 3;
1, 256, 1, 1, 1, 1, 6, 1001, 4;
1, 256, 0, 0, 0, 0, 5, 1000, 3;
1, 256, 0, -1, -1, -1, 4, 999, 2;
1, 256, 0, -1, -1, -1, 4, 998, 2;
1, 256, 0, 0, 0, 0, 4, 999, 2;
1, 256, 1, 1, 1, 1, 6, 1000, 4;
1, 256, 0, 0, 0, 0, 5, 1000, 3;
1, 256, 0, 0, 0, 0, 4, 999, 2;
1, 256, 0, 0, 0, 0, 4, 999, 2;
1, 256, 0, 0, 0, 0, 5, 1000, 3;
1, 256, 0, 0, 0, 0, 4, 999, 2;
1, 256, 0, 1, 1, 1, 5, 1000, 3;
1, 256, 0, 0, 0, 0, 4, 999, 2;
1, 256, 1, 1, 1, 1, 6, 1001, 4;
1, 256, 0, -1, -1, -1, 4, 999, 2;
1, 256, 0, -1, -1, -1, 3, 998, 1;
1, 256, 0, 0, 0, 0, 5, 1000, 3;
1, 256, 0, 0, 0, 0, 4, 999, 2;
1, 256, 0, 0, 0, 0, 5, 1000, 3;
1, 256, 0, 0, 0, 0, 4, 999, 2;
1, 256, 0, 1, 1, 1, 5, 1000, 3;
1, 256, 1, 1, 1, 1, 6, 1001, 4;
1, 256, 0, 0, 0, 0, 5, 1000, 3;
1, 256, 1, 1, 1, 1, 6, 1001, 4;
1, 256, 0, 0, 0, 0, 5, 1000, 3;
1, 256, 0, 0, 0, 0, 4, 999, 2;
1, 256, 0, 0, 0, 0, 5, 1000, 3;
1, 256, 0, -1, -1, -1, 4, 999, 2;
1, 256, 0, 0, 0, 0, 4, 999, 2;
1, 256, 0, 0, 0, 0, 5, 1000, 3;
1, 256, 0, -1, -1, -1, 4, 999, 2;
1, 256, 0, 0, 0, 0, 5, 1000, 3;
1, 256, 0, -1, -1, -1, 4, 998, 1;
1, 256, 0, -1, -1, -1, 4, 999, 2;
1, 256, 0, 0, 0, 0, 4, 999, 2;
1, 256, 0, 0, 0, 0, 5, 1000, 3;
1, 256, 0, 0, 0, 0, 5, 1000, 3;
1, 256, 0, 0, 0, 0, 5, 1000, 3;
1, 256, 0, 0, 0, 0, 5, 1000, 3;
1, 256, 0, 0, 0, 0, 4, 999, 2;
1, 256, 1, 1, 1, 1, 6, 1000, 3;
1, 256, 0, 0, 0, 0, 5, 1000, 3;
1, 256, 0, 0, 0, 0, 5, 1000, 3;
1, 256, 0, -1, -1, -1, 4, 999, 2;
1, 256, 0, 0, 0, 0, 5, 1000, 3;
1, 256, 0, 1, 1, 1, 5, 1000, 3;
1, 256, 0, 0, 0, 0, 5, 1000, 3;
1, 256, 1, 1, 1, 1, 5, 1000, 3;
1, 256, 0, -1, -1, -1, 4, 999, 2;
1, 256, 1, 1, 1, 1, 6, 1001, 4;
1, 256, 0, 0, 0, 0, 5, 1000, 3;
1, 256, 0, 0, 0, 0, 4, 999, 2;
1, 256, 0, 0, 0, 0, 5, 999, 3;
1, 256, 0, 0, 0, 0, 5, 1000, 3;
1, 256, 0, -1, -1, -1, 3, 998, 1;
1, 256, 0, 0, 0, 0, 5, 1000, 3;
1, 256, 1, 1, 1, 1, 6, 1001, 4;
1, 256, 0, 0, 0, 0, 5, 1000, 3;
1, 256, 1, 1, 1, 1, 6, 1000, 4;
1, 256, 0, 0, 0, 0, 5, 1000, 3;
1, 256, 0, 0, 0, 0, 5, 1000, 3;
1, 256, 0, -1, -1, -1, 4, 999, 2;
1, 256, 0, 0, 0, 0, 5, 999, 3;
1, 256, 1, 1, 1, 1, 6, 1000, 3;
1, 256, 0, -1, -1, -1, 4, 998, 2;
1, 256, 0, -1, -1, -1, 3, 998, 1;
1, 256, 0, -1, -1, -1, 4, 999, 2;
1, 256, 0, 0, 0, 0, 5, 1000, 3;
1, 256, 0, 0, 0, 0, 4, 999, 2;
1, 256, 0, 0, 0, 0, 4, 999, 2;
1, 256, 0, 0, 0, 0, 5, 999, 2;
1, 256, 0, 0, 0, 0, 4, 999, 2;
1, 256, 0, 1, 1, 1, 5, 1000, 3;
1, 256, 0, 1, 1, 1, 5, 1000, 3;
1, 256, 0, 0, 0, 0, 5, 1000, 3;
1, 256, 0, -1, -1, -1, 4, 999, 2;
1, 256, 1, 1, 1, 1, 5, 1000, 3;
1, 256, 1, 1, 1, 1, 6, 1000, 4;
1, 256, 0, -1, -1, -1, 4, 999, 2;
1, 256, 0, 0, 0, 0, 5, 1000, 3;
1, 256, 0, 0, 0, 0, 5, 1000, 3;
1, 256, 0, 0, 0, 0, 4, 999, 2;
1, 256, 1, 1, 1, 1, 6, 1001, 4;
1, 256, 0, 0, 0, 0, 5, 999, 2;
1, 256, 0, 1, 1, 1, 5, 1000, 3;
1, 256, 1, 1, 1, 1, 6, 1001, 4;
1, 256, 1, 1, 1, 1, 5, 1000, 3;
1, 256, 0, -1, -1, -1, 4, 999, 2;
1, 256, 0, 0, 0, 0, 5, 999, 3;
1, 256, 0, 1, 1, 1, 5, 1000, 3;
1, 256, 0, 0, 0, 0, 5, 1000, 3;
1, 256, 0, 0, 0, 0, 5, 1000, 3;
1, 256, 0, 0, 0, 0, 4, 999, 2;
1, 256, 0, 0, 0, 0, 5, 1000, 3;
1, 256, 1, 1, 1, 1, 6, 1001, 4;
1, 256, 1, 1, 1, 1, 6, 1000, 4;
1, 256, 0, 1, 1, 1, 5, 1000, 3;
1, 256, 0, 1, 1, 1, 5, 1000, 3;
1, 256, 1, 1, 1, 1, 6, 1000, 4;
1, 256, 0, 1, 1, 1, 5, 1000, 3;
1, 256, 0, 1, 1, 1, 5, 1000, 3;
1, 256, 0, 0, 0, 0, 5, 1000, 3;
1, 256, 0, 0, 0, 0, 4, 999, 2;
1, 256, 0, -1, -1, -1, 4, 999, 2;
1, 256, 0, 0, 0, 0, 4, 999, 2;
1, 256, 0, -1, -1, -1, 4, 999, 2;
1, 256, 0, 0, 0, 0, 5, 1000, 3;
1, 256, 0, -1, -1, -1, 4, 999, 2;
1, 256, 0, 1, 1, 1, 5, 1000, 3;
1, 256, 0, -1, -1, -1, 3, 998, 1;
1, 256, 0, 0, 0, 0, 4, 999, 2;
1, 256, 0, 0, 0, 0, 5, 999, 2;
1, 256, 0, 0, 0, 0, 4, 999, 2;
1, 256, 1, 1, 1, 1, 6, 1001, 4;
1, 256, 1, 1, 1, 1, 6, 1000, 3;
1, 256, 1, 1, 1, 1, 6, 1001, 4;
1, 256, 0, 0, 0, 0, 4, 999, 2;
1, 256, 0, 1, 1, 1, 5, 1000, 3;
1, 256, 0, -1, -1, -1, 4, 998, 1;
1, 256, 0, 0, 0, 0, 5, 999, 2;
1, 256, 0, -1, -1, -1, 4, 999, 2;
1, 256, 0, 1, 1, 1, 5, 1000, 3;
1, 256, 0, 0, 0, 0, 5, 1000, 3;
1, 256, 0, 1, 1, 1, 5, 1000, 3;
1, 256, 0, -1, -1, -1, 4, 999, 2;
1, 256, 1, 1, 1, 1, 6, 1001, 4;
1, 256, 0, 0, 0, 0, 5, 1000, 3;
1, 256, 0, 0, 0, 0, 5, 1000, 3;
1, 256, 0, 0, 0, 0, 4, 999, 2;
1, 256, 0, 0, 0, 0, 5, 1000, 3;
1, 256, 0, -1, -1, -1, 4, 999, 2;
1, 256, 0, -1, -1, -1, 4, 999, 2;
1, 256, 0, 0, 0, 0, 5, 1000, 3;
0, 256, 0, -1, -1, -1, 3, 998, 1;
1, 256, 0, -1, -1, -1, 3, 998, 1;
1, 256, 0, 0, 0, 0, 5, 1000, 3;
1, 256, 0, 0, 0, 0, 4, 999, 2;
1, 256, 0, 0, 0, 0, 4, 999, 2;
1, 256, 0, 0, 0, 0, 5, 1000, 3;
1, 256, 0, 0, 0, 0, 5, 1000, 3;
1, 256, 0, 0, 0, 0, 5, 1000, 3;
1, 256, 0, 0, 0, 0, 5, 1000, 3;
1, 256, 0, 0, 0, 0, 5, 1000, 3;
1, 256, 0, 0, 0, 0, 4, 999, 2;
1, 256, 0, 0, 0, 0, 5, 1000, 3;
1, 256, 0, 0, 0, 0, 4, 999, 2;
1, 256, 0, 0, 0, 0, 4, 999, 2;
0, 256, 0, -1, -1, -1, 3, 998, 1;
1, 256, 0, 0, 0, 0, 4, 999, 2;
1, 256, 1, 1, 1, 1, 6, 1001, 4;
1, 256, 0, -1, -1, -1, 4, 999, 2;
1, 256, 0, 0, 0, 0, 4, 999, 2;
1, 256, 0, 0, 0, 0, 5, 1000, 3;
1, 256, 0, 0, 0, 0, 5, 1000, 3;
1, 256, 0, 0, 0, 0, 5, 1000, 3;
1, 256, 0, -1, -1, -1, 4, 999, 2;
1, 256, 0, 1, 1, 1, 5, 1000, 3;
1, 256, 0, 0, 0, 0, 4, 999, 2;
1, 256, 1, 1, 1, 1, 6, 1001, 4;
1, 256, 1, 1, 1, 1, 6, 1001, 4;
1, 256, 1, 1, 1, 1, 6, 1000, 4;
1, 256, 0, 0, 0, 0, 5, 1000, 3;
1, 256, 0, 0, 0, 0, 5, 999, 2;
1, 256, 0, 0, 0, 0, 5, 1000, 3;
1, 256, 1, 1, 1, 1, 6, 1001, 4;
1, 256, 0, 1, 1, 1, 5, 1000, 3;
1, 256, 0, -1, -1, -1, 4, 999, 2;
1, 256, 0, 0, 0, 0, 5, 1000, 3;
1, 256, 0, 0, 0, 0, 4, 999, 2;
1, 256, 0, -1, -1, -1, 4, 998, 2;
1, 256, 0, 0, 0, 0, 4, 999, 2;
1, 256, 0, -1, -1, -1, 4, 999, 2;
1, 256, 0, 1, 1, 1, 5, 1000, 3;
1, 256, 0, 0, 0, 0, 5, 1000, 3;
1, 256, 0, 0, 0, 0, 5, 1000, 3;
1, 256, 0, 0, 0, 0, 4, 999, 2;
1, 256, 0, 0, 0, 0, 5, 999, 2;
1, 256, 0, 0, 0, 0, 5, 1000, 3;
1, 256, 0, 0, 0, 0, 4, 999, 2;
1, 256, 0, 1, 1, 1, 5, 1000, 3;
1, 256, 0, 0, 0, 0, 4, 999, 2;
1, 256, 0, 0, 0, 0, 4, 999, 2;
1, 256, 0, 0, 0, 0, 5, 1000, 3;
1, 256, 0, -1, -1, -1, 4, 999, 2;
1, 256, 0, 0, 0, 0, 5, 999, 3;
1, 256, 0, -1, -1, -1, 3, 998, 1;
1, 256, 0, 0, 0, 0, 4, 999, 2;
1, 256, 0, 0, 0, 0, 5, 999, 3;
1, 256, 0, -1, -1, -1, 4, 999, 2;
1, 256, 0, -1, -1, -1, 4, 999, 2;
1, 256, 0, -1, -1, -1, 4, 998, 2;
1, 256, 0, -1, -1, -1, 4, 998, 2;
1, 256, 0, 0, 0, 0, 5, 1000, 3;
1, 256, 0, 0, 0, 0, 4, 999, 2;
1, 256, 0, 0, 0, 0, 4, 999, 2;
1, 256, 0, 0, 0, 0, 5, 1000, 3;
1, 256, 1, 1, 1, 1, 6, 1000, 3;
1, 256, 0, 0, 0, 0, 5, 1000, 3;
1, 256, 1, 1, 1, 1, 6, 1001, 4;
1, 256, 1, 1, 1, 1, 6, 1001, 4;
1, 256, 0, -1, -1, -1, 4, 999, 2;
1, 256, 0, 0, 0, 0, 5, 1000, 3;
1, 256, 0, 0, 0, 0, 4, 999, 2;
1, 256, 0, 1, 1, 1, 5, 1000, 3;
1, 256, 0, 1, 1, 1, 5, 1000, 3;
1, 256, 0, -1, -1, -1, 4, 998, 2;
1, 256, 1, 1, 1, 1, 6, 1000, 4;
1, 256, 0, 1, 1, 1, 5, 1000, 3;
1, 256, 0, 0, 0, 0, 4, 999, 2;
1, 256, 0, -1, -1, -1, 4, 999, 2;
1, 256, 0, 0, 0, 0, 4, 999, 2;
1, 256, 1, 1, 1, 1, 6, 1001, 4;
1, 256, 1, 1, 1, 1, 6, 1000, 3;
1, 256, 0, 1, 1, 1, 5, 1000, 3;
1, 256, 0, 0, 0, 0, 5, 1000, 3;
1, 256, 0, -1, -1, -1, 4, 999, 2;
1, 256, 0, 0, 0, 0, 5, 1000, 3;
1, 256, 0, 0, 0, 0, 4, 999, 2;
1, 256, 0, 0, 0, 0, 5, 1000, 3;
1, 256, 0, 0, 0, 0, 4, 999, 2;
1, 256, 0, 0, 0, 0, 5, 1000, 3;
1, 256, 0, -1, -1, -1, 4, 999, 2;
1, 256, 0, -1, -1, -1, 3, 998, 1;
1, 256, 0, 0, 0, 0, 5, 1000, 3;
1, 256, 0, -1, -1, -1, 4, 999, 2;
1, 256, 0, 0, 0, 0, 5, 1000, 3;
1, 256, 1, 1, 1, 1, 5, 1000, 3;
1, 256, 0, 0, 0, 0, 5, 1000, 3;
1, 256, 0, 0, 0, 0, 4, 999, 2;
1, 256, 0, -1, -1, -1, 4, 999, 2;
1, 256, 1, 1, 1, 1, 6, 1001, 4;
1, 256, 1, 1, 1, 1, 6, 1001, 4;
1, 256, 0, 0, 0, 0, 5, 1000, 3;
1, 256, 0, 0, 0, 0, 5, 1000, 3;
1, 256, 0, -1, -1, -1, 3, 998, 1;
1, 256, 0, 1, 1, 1, 5, 1000, 3;
1, 256, 0, -1, -1, -1, 3, 998, 1;
1, 256, 0, -1, -1, -1, 3, 998, 1;
1, 256, 0, 0, 0, 0, 5, 1000, 3;
1, 256, 0, -1, -1, -1, 4, 999, 2;
1, 256, 0, 0, 0, 0, 5, 1000, 3;
1, 256, 0, 0, 0, 0, 5, 1000, 3;
1, 256, 0, -1, -1, -1, 4, 999, 2;
1, 256, 0, 0, 0, 0, 4, 999, 2;
1, 256, 0, 0, 0, 0, 5, 1000, 3;
1, 256, 0, -1, -1, -1, 3, 998, 1;
1, 256, 0, 0, 0, 0, 5, 1000, 3;
1, 256, 1, 1, 1, 1, 6, 1001, 4;
1, 256, 0, 0, 0, 0, 4, 999, 2;
1, 256, 0, 0, 0, 0, 4, 999, 2;
1, 256, 0, -1, -1, -1, 3, 998, 1;
1, 256, 0, 0, 0, 0, 5, 1000, 3;
1, 256, 0, 0, 0, 0, 4, 999, 2;
1, 256, 0, 1, 1, 1, 5, 1000, 3;
1, 256, 0, 0, 0, 0, 4, 999, 2;
1, 256, 1, 1, 1, 1, 6, 1000, 4;
1, 256, 0, 0, 0, 0, 5, 1000, 3;
1, 256, 0, 0, 0, 0, 5, 1000, 3;
1, 256, 0, -1, -1, -1, 4, 999, 2;
1, 256, 0, 0, 0, 0, 5, 1000, 3;
1, 256, 0, 0, 0, 0, 5, 1000, 3;
1, 256, 0, 0, 0, 0, 5, 1000, 3;
1, 256, 0, 0, 0, 0, 4, 999, 2;
1, 256, 0, 0, 0, 0, 5, 1000, 3;
1, 256, 0, 0, 0, 0, 5, 1000, 3;
1, 256, 0, 0, 0, 0, 5, 1000, 3;
1, 256, 0, 0, 0, 0, 5, 999, 3;
1, 256, 0, -1, -1, -1, 3, 998, 1;
1, 256, 0, -1, -1, -1, 4, 999, 2;
1, 256, 0, -1, -1, -1, 4, 999, 2;
1, 256, 0, 0, 0, 0, 5, 1000, 3;
1, 256, 0, -1, -1, -1, 4, 999, 2;
1, 256, 0, -1, -1, -1, 4, 999, 2;
1, 256, 1, 1, 1, 1, 6, 1001, 4;
1, 256, 0, 0, 0, 0, 5, 1000, 3;
1, 256, 0, -1, -1, -1, 4, 999, 2;
1, 256, 0, 0, 0, 0, 5, 1000, 3;
1, 256, 0, 0, 0, 0, 5, 1000, 3;
1, 256, 0, 0, 0, 0, 5, 1000, 3;
1, 256, 1, 1, 1, 1, 6, 1001, 4;
1, 256, 0, 0, 0, 0, 4, 999, 2;
1, 256, 0, -1, -1, -1, 4, 999, 2;
1, 256, 0, -1, -1, -1, 4, 998, 2;
1, 256, 0, 0, 0, 0, 5, 1000, 3;
1, 256, 0, 0, 0, 0, 4, 999, 2;
1, 256, 1, 1, 1, 1, 6, 1001, 4;
1, 256, 0, 0, 0, 0, 4, 999, 2;
1, 256, 0, -1, -1, -1, 3, 998, 1;
1, 256, 0, 0, 0, 0, 5, 1000, 3;
1, 256, 0, 0, 0, 0, 4, 999, 2;
1, 256, 1, 1, 1, 1, 6, 1000, 3;
1, 256, 0, 0, 0, 0, 4, 999, 2;
1, 256, 0, 0, 0, 0, 5, 1000, 3;
1, 256, 0, 1, 1, 1, 5, 1000, 3;
1, 256, 1, 1, 1, 1, 6, 1001, 4;
1, 256, 0, 0, 0, 0, 4, 999, 2;
1, 256, 0, 0, 0, 0, 4, 999, 2;
1, 256, 0, 0, 0, 0, 5, 1000, 3;
1, 256, 1, 1, 1, 1, 6, 1001, 4;
1, 256, 0, 1, 1, 1, 5, 1000, 3;
1, 256, 0, -1, -1, -1, 4, 998, 2;
1, 256, 0, 1, 1, 1, 5, 1000, 3;
1, 256, 0, 1, 1, 1, 5, 1000, 3;
1, 256, 0, 0, 0, 0, 4, 999, 2;
1, 256, 0, 1, 1, 1, 5, 1000, 3;
1, 256, 0, 0, 0, 0, 5, 1000, 3;
1, 256, 0, 1, 1, 1, 5, 1000, 3;
1, 256, 0, -1, -1, -1, 4, 999, 2;
1, 256, 0, 0, 0, 0, 5, 1000, 3;
1, 256, 0, 0, 0, 0, 4, 999, 2;
1, 256, 0, 0, 0, 0, 4, 999, 2;
1, 256, 0, 0, 0, 0, 4, 999, 2;
1, 256, 0, 0, 0, 0, 5, 1000, 3;
1, 256, 0, 0, 0, 0, 5, 1000, 3;
1, 256, 0, 0, 0, 0, 5, 1000, 3;
1, 256, 0, 0, 0, 0, 5, 1000, 3;
1, 256, 0, -1, -1, -1, 4, 999, 2;
1, 256, 0, 0, 0, 0, 5, 1000, 3;
1, 256, 0, 0, 0, 0, 5, 1000, 3;
1, 256, 0, 0, 0, 0, 5, 1000, 3;
1, 256, 1, 1, 1, 1, 6, 1001, 4;
1, 256, 0, 0, 0, 0, 5, 1000, 3;
1, 256, 0, 0, 0, 0, 5, 1000, 3;
1, 256, 0, 0, 0, 0, 4, 999, 2;
1, 256, 0, 0, 0, 0, 4, 999, 2;
1, 256, 0, -1, -1, -1, 3, 998, 1;
1, 256, 1, 1, 1, 1, 5, 1000, 3;
1, 256, 0, 1, 1, 1, 5, 1000, 3;
1, 256, 1, 1, 1, 1, 6, 1000, 4;
1, 256, 0, -1, -1, -1, 4, 999, 2;
1, 256, 0, 0, 0, 0, 4, 999, 2;
1, 256, 0, 0, 0, 0, 4, 999, 2;
1, 256, 0, 0, 0, 0, 5, 1000, 3;
1, 256, 0, -1, -1, -1, 4, 999, 2;
1, 256, 0, 0, 0, 0, 4, 999, 2;
1, 256, 0, 0, 0, 0, 4, 999, 2;
1, 256, 1, 1, 1, 1, 6, 1001, 4;
1, 256, 0, 0, 0, 0, 4, 999, 2;
1, 256, 0, 0, 0, 0, 5, 1000, 3;
1, 256, 0, -1, -1, -1, 4, 999, 2;
1, 256, 0, 1, 1, 1, 5, 1000, 3;
1, 256, 0, 1, 1, 1, 5, 1000, 3;
1, 256, 1, 1, 1, 1, 6, 1000, 4;
1, 256, 0, 0, 0, 0, 5, 1000, 3;
1, 256, 1, 1, 1, 1, 6, 1000, 3;
1, 256, 0, 0, 0, 0, 5, 1000, 3;
1, 256, 0, 0, 0, 0, 5, 1000, 3;
1, 256, 0, -1, -1, -1, 4, 999, 2;
1, 256, 0, -1, -1, -1, 4, 998, 1;
1, 256, 0, 0, 0, 0, 5, 1000, 3;
1, 256, 0, 0, 0, 0, 5, 1000, 3;
1, 256, 0, -1, -1, -1, 4, 999, 2;
1, 256, 0, 1, 1, 1, 5, 1000, 3;
1, 256, 0, 0, 0, 0, 4, 999, 2;
1, 256, 1, 1, 1, 1, 6, 1000, 4;
1, 256, 0, -1, -1, -1, 3, 998, 1;
1, 256, 1, 1, 1, 1, 6, 1001, 4;
1, 256, 0, 1, 1, 1, 5, 1000, 3;
0, 256, 0, -1, -1, -1, 3, 998, 1;
1, 256, 0, 0, 0, 0, 5, 1000, 3;
1, 256, 1, 1, 1, 1, 6, 1001, 4;
1, 256, 0, -1, -1, -1, 4, 998, 2;
1, 256, 1, 1, 1, 1, 5, 1000, 3;
1, 256, 0, 1, 1, 1, 5, 1000, 3;
1, 256, 0, -1, -1, -1, 4, 999, 2;
1, 256, 1, 1, 1, 1, 5, 1000, 3;
1, 256, 0, 0, 0, 0, 4, 999, 2;
1, 256, 1, 1, 1, 1, 6, 1000, 3;
1, 256, 0, 0, 0, 0, 5, 1000, 3;
1, 256, 0, 0, 0, 0, 4, 999, 2;
1, 256, 0, -1, -1, -1, 4, 999, 2;
1, 256, 0, 0, 0, 0, 5, 1000, 3;
1, 256, 0, 0, 0, 0, 5, 1000, 3;
1, 256, 1, 1, 1, 1, 5, 1000, 3;
1, 256, 0, -1, -1, -1, 4, 999, 2;
1, 256, 0, 1, 1, 1, 5, 1000, 3;
1, 256, 0, -1, -1, -1, 3, 998, 1;
0, 256, 0, -1, -1, -1, 3, 998, 1;
1, 256, 0, -1, -1, -1, 4, 999, 2;
1, 256, 0, 1, 1, 1, 5, 1000, 3;
1, 256, 0, -1, -1, -1, 4, 999, 2;
1, 256, 0, 0, 0, 0, 5, 1000, 3;
1, 256, 0, 0, 0, 0, 4, 999, 2;
1, 256, 1, 1, 1, 1, 5, 1000, 3;
1, 256, 0, 0, 0, 0, 4, 999, 2;
1, 256, 1, 1, 1, 1, 6, 1000, 4;
1, 256, 0, 0, 0, 0, 4, 999, 2;
1, 256, 1, 1, 1, 1, 6, 1001, 4;
1, 256, 1, 1, 1, 1, 6, 1001, 4;
1, 256, 1, 1, 1, 1, 6, 1000, 3;
1, 256, 0, -1, -1, -1, 4, 999, 2;
1, 256, 0, 0, 0, 0, 4, 999, 2;
1, 256, 0, 0, 0, 0, 4, 999, 2;
1, 256, 0, -1, -1, -1, 4, 999, 2;
1, 256, 1, 1, 1, 1, 6, 1000, 3;
1, 256, 0, 0, 0, 0, 4, 999, 2;
1, 256, 0, -1, -1, -1, 4, 998, 2;
1, 256, 0, 0, 0, 0, 4, 999, 2;
1, 256, 0, 0, 0, 0, 5, 1000, 3;
1, 256, 0, 0, 0, 0, 4, 999, 2;
1, 256, 0, 1, 1, 1, 5, 1000, 3;
1, 256, 0, 0, 0, 0, 5, 1000, 3;
1, 256, 1, 1, 1, 1, 5, 1000, 3;
1, 256, 0, -1, -1, -1, 4, 999, 2;
1, 256, 0, -1, -1, -1, 3, 998, 1;
1, 256, 0, 0, 0, 0, 5, 1000, 3;
1, 256, 0, 1, 1, 1, 5, 1000, 3;
1, 256, 0, -1, -1, -1, 3, 998, 1;
1, 256, 1, 1, 1, 1, 6, 1000, 4;
1, 256, 0, -1, -1, -1, 3, 998, 1;
1, 256, 0, -1, -1, -1, 4, 999, 2;
1, 256, 1, 1, 1, 1, 5, 1000, 3;
1, 256, 0, 0, 0, 0, 4, 999, 2;
1, 256, 0, 0, 0, 0, 5, 1000, 3;
1, 256, 0, 0, 0, 0, 5, 1000, 3;
1, 256, 1, 1, 1, 1, 6, 1000, 3;
1, 256, 0, -1, -1, -1, 4, 998, 1;
1, 256, 0, -1, -1, -1, 4, 999, 2;
0, 256, 0, -1, -1, -1, 3, 998, 1;
1, 256, 1, 1, 1, 1, 6, 1000, 3;
1, 256, 0, 0, 0, 0, 5, 1000, 3;
1, 256, 1, 1, 1, 1, 5, 1000, 3;
1, 256, 0, 0, 0, 0, 5, 1000, 3;
1, 256, 0, 0, 0, 0, 4, 999, 2;
1, 256, 0, 0, 0, 0, 5, 1000, 3;
1, 256, 0, -1, -1, -1, 4, 998, 2;
1, 256, 0, 0, 0, 0, 4, 999, 2;
1, 256, 0, -1, -1, -1, 4, 999, 2;
1, 256, 0, 1, 1, 1, 5, 1000, 3;
1, 256, 1, 1, 1, 1, 5, 1000, 3;
1, 256, 1, 1, 1, 1, 6, 1000, 3;
1, 256, 0, 0, 0, 0, 5, 1000, 3;
1, 256, 0, 0, 0, 0, 5, 1000, 3;
1, 256, 1, 1, 1, 1, 6, 1001, 4;
1, 256, 0, -1, -1, -1, 3, 998, 1;
1, 256, 0, 0, 0, 0, 5, 1000, 3;
1, 256, 0, 0, 0, 0, 4, 999, 2;
1, 256, 0, 1, 1, 1, 5, 1000, 3;
1, 256, 0, -1, -1, -1, 3, 998, 1;
1, 256, 0, 0, 0, 0, 5, 1000, 3;
1, 256, 0, -1, -1, -1, 4, 999, 2;
0, 256, 0, -1, -1, -1, 3, 998, 1;
1, 256, 0, -1, -1, -1, 4, 999, 2;
1, 256, 1, 1, 1, 1, 6, 1001, 4;
1, 256, 0, 0, 0, 0, 4, 999, 2;
1, 256, 0, 0, 0, 0, 4, 999, 2;
1, 256, 0, 0, 0, 0, 5, 999, 3;
1, 256, 0, 0, 0, 0, 5, 1000, 3;
1, 256, 0, -1, -1, -1, 3, 998, 1;
1, 256, 0, 0, 0, 0, 5, 1000, 3;
1, 256, 0, 0, 0, 0, 5, 1000, 3;
1, 256, 0, 1, 1, 1, 5, 1000, 3;
1, 256, 0, 0, 0, 0, 5, 1000, 3;
1, 256, 0, 0, 0, 0, 5, 999, 3;
1, 256, 1, 1, 1, 1, 6, 1001, 4;
1, 256, 0, 0, 0, 0, 5, 1000, 3;
1, 256, 1, 1, 1, 1, 6, 1000, 4;
1, 256, 1, 1, 1, 1, 6, 1001, 4;
1, 256, 0, -1, -1, -1, 4, 999, 2;
1, 256, 1, 1, 1, 1, 6, 1000, 3;
0, 256, 0, -1, -1, -1, 3, 998, 1;
1, 256, 1, 1, 1, 1, 6, 1001, 4;
1, 256, 1, 1, 1, 1, 5, 1000, 3;
1, 256, 0, -1, -1, -1, 4, 999, 2;
1, 256, 0, 0, 0, 0, 5, 1000, 3;
1, 256, 0, 0, 0, 0, 5, 1000, 3;
1, 256, 0, -1, -1, -1, 4, 999, 2;
1, 256, 0, 0, 0, 0, 4, 999, 2;
1, 256, 0, 0, 0, 0, 5, 1000, 3;
1, 256, 0, -1, -1, -1, 4, 999, 2;
1, 256, 0, -1, -1, -1, 3, 998, 1;
1, 256, 0, 0, 0, 0, 4, 999, 2;
1, 256, 0, -1, -1, -1, 4, 998, 1;
1, 256, 0, 0, 0, 0, 4, 999, 2;
1, 256, 1, 1, 1, 1, 6, 1000, 4;
1, 256, 0, 0, 0, 0, 4, 999, 2;
1, 256, 0, 0, 0, 0, 5, 999, 3;
1, 256, 0, 0, 0, 0, 5, 1000, 3;
1, 256, 0, -1, -1, -1, 4, 998, 2;
1, 256, 0, 0, 0, 0, 5, 1000, 3;
1, 256, 1, 1, 1, 1, 6, 1000, 4;
1, 256, 0, 0, 0, 0, 5, 1000, 3;
1, 256, 0, 0, 0, 0, 5, 1000, 3;
1, 256, 0, 0, 0, 0, 5, 1000, 3;
0, 256, 0, -1, -1, -1, 3, 998, 1;
1, 256, 0, 0, 0, 0, 4, 999, 2;
1, 256, 0, -1, -1, -1, 4, 999, 2;
1, 256, 0, 0, 0, 0, 5, 1000, 3;
1, 256, 0, -1, -1, -1, 3, 998, 1;
1, 256, 1, 1, 1, 1, 6, 1000, 4;
1, 256, 0, 0, 0, 0, 5, 1000, 3;
1, 256, 0, 0, 0, 0, 5, 1000, 3;
1, 256, 0, 0, 0, 0, 5, 1000, 3;