-1, 293, 11, -6, 403, -6, -7, 1145, 43;
0, 294, 12, 24, 406, -2, 3, 1149, 47;
4, 296, 14, 58, 412, 4, 19, 1158, 56;
4, 295, 12, 80, 405, 0, 19, 1150, 50;
9, 297, 15, 114, 409, 7, 35, 1159, 59;
9, 295, 14, 137, 402, 3, 38, 1153, 55;
10, 294, 13, 161, 394, 1, 41, 1148, 52;
14, 296, 16, 195, 396, 9, 57, 1156, 62;
16, 296, 16, 221, 391, 10, 65, 1155, 63;
12, 289, 10, 228, 366, -7, 49, 1130, 41;
18, 293, 15, 267, 371, 6, 73, 1144, 59;
17, 289, 12, 280, 352, -3, 66, 1128, 46;
17, 287, 10, 300, 338, -7, 67, 1120, 42;
18, 286, 10, 323, 328, -6, 73, 1116, 42;
18, 283, 9, 339, 311, -12, 72, 1105, 35;
27, 289, 16, 382, 321, 10, 105, 1128, 63;
26, 286, 14, 398, 304, 5, 104, 1118, 57;
27, 284, 14, 415, 289, 3, 107, 1111, 55;
29, 284, 15, 438, 278, 7, 116, 1110, 60;
31, 283, 15, 456, 265, 9, 122, 1106, 62;
28, 278, 12, 462, 238, -2, 112, 1087, 48;
27, 274, 9, 468, 213, -11, 105, 1070, 37;
32, 277, 14, 497, 212, 3, 127, 1082, 55;
35, 278, 16, 518, 203, 11, 140, 1085, 65;
34, 274, 14, 524, 180, 5, 136, 1072, 57;
30, 268, 10, 520, 147, -9, 120, 1046, 39;
31, 266, 9, 529, 128, -10, 121, 1038, 37;
35, 268, 13, 549, 121, 1, 137, 1046, 52;
31, 262, 9, 544, 90, -11, 124, 1024, 37;
34, 262, 11, 556, 78, -4, 133, 1024, 44;
33, 259, 10, 558, 56, -8, 131, 1013, 41;
32, 256, 9, 558, 32, -12, 126, 1001, 35;
36, 258, 13, 572, 25, 0, 142, 1009, 51;
35, 255, 11, 568, 1, -4, 136, 996, 44;
32, 251, 9, 561, -24, -11, 128, 980, 36;
39, 255, 15, 580, -23, 8, 152, 998, 61;
36, 251, 12, 568, -51, 0, 140, 980, 50;
39, 253, 16, 576, -59, 11, 154, 987, 64;
38, 250, 15, 567, -81, 7, 148, 976, 60;
36, 246, 13, 556, -105, 2, 141, 963, 54;
33, 243, 12, 542, -129, -3, 131, 948, 46;
37, 245, 15, 545, -135, 9, 144, 957, 62;
31, 238, 10, 518, -170, -7, 121, 929, 41;
32, 238, 12, 513, -181, -1, 126, 930, 49;
31, 237, 12, 501, -198, -1, 123, 924, 49;
28, 233, 10, 482, -221, -7, 112, 911, 42;
26, 231, 9, 464, -240, -10, 104, 900, 37;
31, 235, 15, 465, -239, 6, 122, 916, 59;
30, 233, 15, 448, -254, 6, 118, 910, 59;
29, 232, 15, 431, -268, 7, 115, 906, 60;
23, 225, 10, 396, -298, -8, 90, 880, 40;
26, 229, 14, 391, -297, 5, 102, 893, 57;
25, 228, 14, 371, -310, 5, 98, 889, 58;
19, 222, 10, 337, -334, -6, 77, 869, 42;
23, 227, 16, 332, -329, 9, 92, 885, 63;
19, 223, 13, 301, -347, 2, 77, 872, 53;
16, 220, 11, 272, -362, -3, 64, 861, 46;
18, 223, 15, 259, -361, 6, 71, 871, 59;
11, 217, 10, 218, -385, -8, 45, 848, 39;
12, 219, 12, 200, -385, -2, 47, 854, 48;
12, 220, 14, 181, -385, 3, 48, 859, 55;
7, 216, 10, 143, -403, -7, 27, 842, 41;
5, 215, 10, 117, -407, -7, 21, 841, 41;
6, 218, 13, 100, -401, 2, 27, 852, 53;
5, 218, 13, 74, -404, 2, 20, 851, 53;
3, 217, 13, 45, -407, 0, 12, 848, 51;
0, 215, 11, 12, -415, -5, -2, 840, 44;
0, 216, 12, -9, -410, 0, -3, 846, 49;
-5, 213, 9, -47, -420, -11, -22, 833, 37;
-3, 218, 13, -60, -405, 2, -12, 850, 53;
-8, 215, 10, -97, -412, -8, -32, 838, 40;
-11, 214, 9, -127, -412, -11, -43, 836, 36;
-7, 220, 14, -136, -390, 6, -27, 859, 58;
-7, 222, 16, -158, -381, 10, -29, 866, 63;
-11, 220, 13, -192, -383, 1, -45, 858, 53;
-13, 221, 13, -216, -376, 2, -51, 861, 54;
-12, 224, 16, -233, -360, 10, -47, 874, 64;
-13, 225, 16, -256, -350, 12, -51, 880, 66;
-19, 222, 12, -294, -354, -2, -75, 865, 48;
-22, 221, 10, -321, -349, -6, -86, 863, 42;
-24, 221, 10, -345, -340, -8, -94, 865, 40;
-24, 223, 11, -365, -326, -6, -97, 872, 43;
-22, 229, 15, -372, -300, 6, -86, 893, 59;
-25, 227, 12, -400, -295, -1, -100, 888, 49;
-29, 226, 10, -426, -288, -8, -114, 885, 40;
-25, 232, 14, -430, -260, 6, -100, 908, 58;
-26, 234, 15, -446, -244, 6, -104, 914, 59;
-32, 230, 10, -478, -245, -9, -128, 900, 39;
-28, 237, 15, -478, -213, 6, -112, 925, 58;
-31, 237, 13, -496, -201, 2, -121, 926, 53;
-36, 235, 9, -522, -197, -10, -140, 916, 37;
-36, 236, 9, -534, -179, -11, -143, 923, 37;
-30, 245, 16, -523, -140, 10, -119, 956, 63;
-34, 244, 13, -541, -131, 1, -132, 952, 53;
-35, 245, 12, -551, -115, 0, -138, 956, 49;
-36, 245, 11, -562, -99, -4, -144, 959, 45;
-34, 250, 14, -559, -72, 3, -135, 976, 55;
-37, 249, 11, -571, -61, -3, -145, 973, 46;
-34, 255, 15, -563, -31, 7, -132, 994, 60;
-33, 258, 16, -562, -8, 10, -128, 1006, 64;
-37, 255, 12, -575, -1, -1, -144, 997, 48;
-40, 254, 9, -585, 7, -11, -157, 992, 36;
-34, 262, 15, -563, 45, 7, -132, 1023, 60;
-35, 262, 13, -566, 58, 1, -139, 1023, 52;
-33, 265, 15, -557, 83, 6, -132, 1036, 58;
-34, 266, 14, -553, 99, 4, -133, 1040, 56;
-35, 267, 12, -551, 114, 0, -137, 1042, 50;
-32, 271, 15, -535, 139, 7, -126, 1058, 59;
-31, 273, 15, -525, 158, 8, -122, 1066, 61;
-31, 274, 14, -518, 173, 4, -124, 1068, 56;
-28, 277, 16, -499, 197, 11, -112, 1083, 65;
-28, 279, 16, -487, 214, 11, -110, 1089, 64;
-31, 276, 12, -487, 216, -2, -123, 1078, 47;
-30, 278, 12, -471, 233, -1, -119, 1085, 48;
-31, 278, 10, -459, 244, -6, -120, 1085, 42;
-28, 280, 12, -439, 263, -2, -112, 1095, 47;
-27, 282, 12, -420, 277, -2, -107, 1101, 47;
-24, 285, 13, -397, 295, 1, -97, 1111, 52;
-25, 285, 12, -381, 304, -2, -97, 1111, 47;
-19, 290, 16, -348, 330, 10, -75, 1132, 64;
-22, 287, 12, -340, 328, -2, -87, 1120, 47;
-17, 291, 15, -306, 351, 8, -67, 1138, 61;
-15, 293, 16, -282, 362, 9, -60, 1143, 63;
-20, 288, 10, -277, 353, -9, -78, 1123, 39;
-15, 291, 12, -244, 370, 0, -61, 1138, 50;
-11, 294, 15, -212, 385, 6, -46, 1149, 59;
-14, 291, 11, -200, 379, -5, -55, 1136, 43;
-14, 290, 9, -180, 379, -11, -56, 1131, 36;
-9, 294, 13, -142, 396, 0, -35, 1148, 50;
-4, 298, 16, -105, 412, 10, -15, 1163, 64;
-4, 296, 13, -86, 407, 2, -18, 1154, 54;
-5, 293, 11, -67, 402, -4, -21, 1146, 45;
-2, 294, 12, -38, 406, -2, -11, 1150, 48;
-2, 293, 10, -15, 402, -6, -10, 1144, 42;
0, 294, 12, 15, 407, -2, 1, 1149, 47;
6, 298, 16, 55, 418, 10, 23, 1164, 63;
4, 294, 12, 70, 404, -1, 15, 1149, 48;
5, 294, 12, 96, 401, -1, 22, 1148, 48;
8, 294, 13, 126, 400, 0, 32, 1150, 52;
10, 295, 13, 153, 397, 2, 40, 1150, 54;
13, 296, 15, 185, 398, 8, 54, 1155, 61;
12, 292, 12, 201, 382, -1, 48, 1141, 49;
16, 293, 14, 232, 381, 4, 62, 1146, 57;
15, 290, 11, 249, 364, -3, 58, 1133, 46;
14, 287, 9, 265, 348, -11, 55, 1120, 37;
20, 291, 14, 303, 353, 3, 79, 1135, 55;
21, 289, 13, 324, 340, 1, 82, 1128, 53;
25, 291, 16, 355, 339, 11, 99, 1136, 65;
26, 289, 16, 375, 325, 9, 102, 1129, 62;
25, 286, 14, 390, 307, 4, 101, 1118, 56;
22, 280, 9, 394, 278, -11, 86, 1093, 36;
25, 281, 11, 420, 272, -3, 101, 1098, 46;
26, 280, 11, 438, 257, -3, 105, 1092, 46;
31, 281, 14, 464, 251, 5, 121, 1098, 58;
29, 277, 12, 472, 228, -1, 115, 1083, 48;
32, 278, 14, 493, 217, 3, 126, 1084, 55;
30, 273, 11, 498, 193, -4, 119, 1068, 45;
30, 271, 11, 509, 174, -5, 120, 1059, 43;
37, 275, 16, 538, 174, 11, 145, 1075, 65;
37, 273, 16, 547, 156, 11, 147, 1067, 64;
37, 271, 16, 555, 136, 9, 147, 1059, 62;
33, 264, 11, 547, 102, -5, 130, 1032, 43;
34, 263, 12, 556, 86, -3, 135, 1029, 46;
37, 264, 14, 569, 74, 4, 145, 1031, 56;
37, 262, 14, 572, 54, 3, 145, 1022, 54;
39, 262, 15, 580, 41, 8, 153, 1023, 62;
39, 260, 15, 582, 21, 8, 153, 1015, 62;
36, 255, 12, 572, -7, -1, 140, 995, 49;
36, 253, 12, 571, -27, -1, 140, 988, 49;
39, 255, 16, 580, -34, 10, 154, 995, 63;
32, 247, 9, 556, -74, -9, 128, 963, 38;
34, 246, 11, 556, -88, -5, 133, 962, 44;
33, 244, 10, 548, -109, -7, 129, 953, 42;
38, 248, 16, 559, -109, 11, 150, 969, 65;
36, 244, 14, 544, -133, 5, 140, 954, 57;
31, 239, 11, 523, -163, -6, 124, 933, 43;
30, 237, 10, 512, -181, -7, 120, 926, 42;
31, 236, 11, 503, -195, -3, 121, 923, 46;
30, 235, 11, 490, -212, -3, 118, 917, 46;
30, 235, 13, 480, -224, 0, 119, 916, 51;
30, 234, 14, 467, -237, 3, 119, 914, 55;
25, 228, 10, 438, -265, -9, 99, 892, 39;
28, 231, 14, 433, -267, 3, 110, 902, 54;
27, 230, 14, 415, -281, 3, 107, 898, 55;
28, 231, 16, 404, -286, 12, 112, 903, 65;
22, 225, 11, 368, -315, -4, 87, 878, 45;
21, 224, 12, 349, -325, -1, 85, 876, 48;
22, 225, 14, 334, -331, 4, 87, 880, 56;
18, 222, 12, 305, -348, -2, 73, 867, 47;
19, 223, 14, 288, -351, 4, 76, 872, 56;
14, 219, 10, 253, -372, -7, 55, 854, 41;
11, 217, 9, 225, -383, -10, 45, 847, 38;
12, 218, 12, 208, -384, -3, 48, 853, 47;
15, 223, 16, 197, -376, 11, 60, 869, 65;
12, 220, 14, 165, -387, 5, 46, 860, 57;
12, 221, 16, 145, -387, 11, 47, 865, 64;
10, 221, 16, 118, -391, 11, 40, 863, 64;
3, 215, 11, 75, -410, -5, 13, 842, 44;
7, 221, 16, 66, -395, 12, 28, 862, 65;
-1, 213, 9, 16, -420, -10, -6, 834, 37;
0, 217, 13, 0, -410, 0, 0, 846, 50;
-2, 216, 12, -28, -410, -1, -8, 845, 49;
-6, 214, 9, -64, -418, -10, -26, 835, 38;
-4, 217, 13, -79, -404, 1, -18, 850, 52;
-4, 220, 15, -99, -394, 8, -16, 860, 61;
-9, 217, 11, -137, -402, -3, -37, 846, 46;
-10, 218, 13, -159, -393, 0, -39, 853, 51;
-12, 219, 12, -186, -388, 0, -47, 854, 49;
-13, 219, 13, -211, -381, 0, -52, 857, 50;
-12, 222, 15, -228, -366, 7, -49, 869, 60;
-17, 220, 12, -262, -367, -2, -67, 860, 47;
-18, 222, 13, -284, -355, 0, -70, 867, 51;
-18, 224, 14, -304, -342, 3, -72, 874, 54;
-19, 226, 15, -323, -328, 6, -74, 882, 58;
-19, 228, 15, -343, -315, 8, -76, 889, 61;
-25, 224, 11, -378, -317, -5, -99, 877, 44;
-21, 231, 16, -382, -288, 10, -84, 901, 63;
-29, 226, 9, -421, -294, -9, -114, 881, 38;
-26, 231, 14, -426, -266, 4, -101, 904, 56;
-31, 229, 10, -456, -264, -8, -122, 893, 40;
-32, 230, 9, -474, -251, -10, -128, 897, 38;
-27, 238, 16, -469, -214, 10, -106, 928, 63;
-31, 236, 13, -492, -207, 1, -121, 923, 52;
-29, 241, 16, -497, -181, 9, -113, 940, 63;
-32, 240, 13, -516, -172, 2, -126, 937, 53;
-34, 240, 12, -532, -159, -2, -134, 938, 48;
-30, 247, 16, -527, -126, 12, -119, 963, 66;
-38, 241, 9, -558, -130, -9, -148, 942, 38;
-34, 247, 14, -552, -98, 3, -133, 966, 55;
-33, 250, 15, -554, -75, 7, -130, 978, 60;
-32, 253, 16, -556, -53, 10, -127, 989, 64;
-34, 254, 15, -563, -37, 7, -133, 992, 59;
-37, 253, 12, -574, -27, -2, -145, 987, 48;
-33, 259, 16, -562, 4, 11, -128, 1011, 64;
-40, 254, 9, -584, 1, -11, -156, 990, 36;
-40, 255, 9, -583, 20, -11, -157, 997, 36;
-33, 264, 15, -560, 60, 8, -130, 1030, 61;
-37, 261, 11, -569, 66, -4, -146, 1020, 45;
-35, 264, 12, -560, 88, 0, -140, 1032, 50;
-38, 263, 9, -563, 97, -10, -150, 1027, 37;
-32, 270, 14, -539, 132, 5, -128, 1054, 58;
-33, 270, 13, -535, 146, 1, -131, 1055, 52;
-30, 274, 15, -518, 171, 8, -120, 1071, 61;
-34, 272, 11, -519, 176, -3, -133, 1062, 46;
-31, 275, 13, -501, 198, 1, -123, 1075, 52;
-34, 273, 9, -500, 202, -11, -135, 1065, 36;
-30, 278, 12, -475, 229, 0, -118, 1085, 50;
-30, 278, 12, -462, 242, -3, -118, 1087, 46;
-24, 285, 16, -429, 273, 12, -94, 1112, 66;
-28, 281, 11, -428, 272, -3, -110, 1098, 46;
-24, 285, 14, -402, 292, 2, -97, 1111, 54;
-25, 284, 12, -388, 300, -2, -98, 1110, 48;
-25, 284, 11, -371, 310, -5, -98, 1110, 43;
-24, 284, 10, -353, 318, -9, -97, 1110, 39;
-19, 289, 14, -319, 342, 3, -75, 1130, 55;
-15, 293, 16, -289, 359, 10, -62, 1142, 63;
-16, 291, 14, -272, 362, 3, -64, 1138, 55;
-16, 291, 13, -252, 368, 0, -62, 1137, 51;
-16, 290, 11, -234, 369, -6, -64, 1132, 43;
-16, 289, 9, -214, 372, -11, -64, 1129, 36;
-8, 296, 16, -167, 399, 9, -31, 1157, 63;
-12, 291, 10, -159, 386, -8, -48, 1137, 40;
-9, 292, 11, -130, 394, -5, -38, 1142, 44;
-4, 296, 14, -93, 408, 5, -18, 1156, 57;
-4, 295, 13, -71, 406, 0, -17, 1151, 50;
-4, 294, 11, -49, 403, -4, -16, 1146, 45;
0, 297, 15, -11, 415, 6, 3, 1160, 58;
-3, 291, 9, -3, 397, -12, -12, 1137, 35;
6, 299, 16, 47, 420, 11, 23, 1167, 65;
5, 296, 14, 67, 411, 4, 20, 1157, 56;
7, 296, 14, 94, 409, 4, 28, 1157, 57;
5, 292, 10, 108, 393, -7, 19, 1140, 41;
8, 294, 12, 141, 396, 0, 34, 1147, 49;
9, 292, 11, 163, 386, -5, 35, 1139, 44;
9, 290, 9, 184, 375, -10, 35, 1131, 38;
12, 290, 11, 214, 373, -5, 47, 1134, 44;
17, 294, 15, 251, 377, 7, 69, 1147, 59;
16, 290, 12, 266, 360, -2, 64, 1132, 48;
17, 289, 12, 289, 350, -2, 69, 1128, 47;
16, 285, 9, 304, 332, -10, 65, 1115, 38;
18, 284, 9, 326, 320, -10, 70, 1110, 37;
20, 284, 10, 352, 313, -6, 81, 1111, 42;
24, 286, 13, 380, 308, 0, 95, 1115, 51;
28, 287, 16, 409, 304, 10, 112, 1122, 64;
25, 282, 12, 416, 278, -2, 101, 1102, 48;
27, 281, 13, 436, 266, 0, 108, 1099, 51;
26, 278, 10, 446, 244, -6, 104, 1085, 42;
30, 279, 13, 470, 236, 0, 117, 1088, 51;
31, 277, 13, 485, 220, 1, 122, 1083, 52;
27, 272, 9, 486, 191, -11, 109, 1060, 36;
33, 274, 13, 513, 188, 2, 129, 1072, 53;
36, 275, 16, 532, 178, 9, 141, 1074, 62;
32, 269, 11, 529, 147, -3, 128, 1051, 46;
33, 267, 11, 538, 128, -3, 130, 1044, 46;
32, 264, 10, 541, 105, -9, 125, 1031, 39;
33, 263, 11, 552, 89, -5, 131, 1028, 43;
37, 265, 14, 568, 82, 5, 146, 1035, 57;
33, 259, 10, 559, 49, -8, 131, 1011, 40;
39, 263, 16, 580, 48, 9, 153, 1026, 62;
34, 256, 11, 566, 13, -6, 134, 999, 43;
37, 257, 14, 576, 3, 3, 146, 1003, 54;
35, 253, 12, 570, -21, -2, 139, 989, 47;
39, 255, 15, 579, -30, 8, 152, 996, 61;
35, 249, 12, 565, -60, -2, 137, 974, 47;
35, 248, 12, 563, -77, 0, 139, 971, 50;
32, 244, 9, 548, -105, -9, 126, 952, 38;
33, 243, 11, 544, -120, -6, 129, 949, 43;
37, 246, 16, 552, -123, 9, 146, 961, 62;
35, 243, 14, 537, -147, 3, 137, 948, 55;
35, 242, 15, 530, -161, 7, 139, 946, 60;
31, 237, 12, 508, -188, -2, 123, 927, 47;
30, 235, 11, 494, -207, -4, 118, 919, 45;
34, 238, 16, 494, -209, 9, 132, 930, 63;
30, 234, 13, 470, -234, 1, 118, 913, 52;
28, 231, 12, 452, -252, -1, 111, 904, 49;
28, 231, 13, 438, -263, 2, 111, 903, 53;
28, 231, 14, 424, -274, 5, 111, 902, 58;
29, 232, 16, 411, -282, 12, 114, 905, 66;
25, 228, 14, 384, -302, 4, 100, 891, 56;
25, 228, 15, 367, -311, 8, 100, 891, 61;
20, 223, 11, 333, -335, -3, 79, 871, 46;
17, 221, 10, 306, -350, -8, 68, 862, 40;
17, 221, 11, 287, -357, -4, 66, 862, 45;
19, 224, 15, 275, -355, 7, 75, 873, 59;
12, 217, 9, 233, -381, -10, 47, 848, 37;
11, 217, 10, 212, -386, -7, 45, 849, 41;
13, 220, 13, 197, -382, 2, 51, 859, 54;
12, 220, 14, 173, -387, 4, 47, 859, 56;
11, 221, 15, 151, -388, 8, 46, 862, 61;
9, 220, 15, 123, -394, 7, 37, 859, 59;
2, 214, 10, 81, -413, -8, 11, 838, 40;
2, 216, 11, 58, -411, -4, 10, 842, 45;
0, 215, 11, 29, -415, -6, 1, 839, 43;
0, 217, 13, 9, -409, 0, 2, 847, 51;
-3, 215, 10, -24, -416, -6, -12, 838, 42;
0, 220, 16, -34, -398, 10, 1, 860, 63;
-6, 215, 10, -79, -414, -7, -27, 838, 41;
-9, 214, 9, -109, -414, -11, -38, 835, 37;
-9, 216, 11, -129, -404, -4, -37, 844, 44;
-6, 221, 15, -142, -386, 8, -26, 863, 62;
-8, 221, 15, -168, -381, 8, -33, 865, 61;
-14, 218, 11, -206, -386, -3, -54, 852, 46;
-12, 222, 14, -221, -370, 6, -49, 867, 58;
-14, 222, 14, -247, -362, 5, -56, 868, 57;
-18, 220, 11, -280, -362, -3, -73, 861, 46;
-17, 224, 14, -295, -345, 3, -69, 874, 55;
-22, 221, 10, -329, -346, -7, -89, 864, 41;
-21, 225, 13, -343, -326, 0, -84, 878, 52;
-24, 224, 11, -369, -320, -4, -96, 876, 45;
-28, 223, 9, -398, -315, -11, -110, 872, 36;
-26, 228, 12, -406, -290, 0, -101, 890, 50;
-28, 228, 11, -430, -281, -6, -113, 889, 43;
-27, 231, 13, -440, -260, 1, -108, 903, 52;
-32, 229, 9, -470, -257, -11, -128, 893, 36;
-27, 237, 16, -464, -220, 10, -105, 926, 63;
-29, 237, 15, -483, -208, 6, -114, 927, 58;
-28, 241, 16, -491, -186, 10, -111, 939, 64;
-29, 242, 16, -503, -168, 11, -113, 947, 65;
-36, 237, 9, -536, -172, -9, -143, 927, 38;
-31, 245, 15, -528, -136, 8, -123, 956, 61;
-33, 245, 14, -540, -121, 5, -129, 959, 57;
-37, 244, 11, -559, -113, -5, -144, 952, 43;
-33, 249, 15, -553, -82, 6, -131, 974, 58;
-36, 249, 12, -567, -72, -1, -142, 971, 48;
-35, 252, 13, -567, -49, 2, -138, 983, 53;
-35, 254, 14, -568, -28, 3, -138, 992, 55;
-36, 254, 12, -574, -14, -1, -144, 993, 49;
-39, 254, 10, -582, -2, -9, -153, 991, 39;
-37, 257, 12, -575, 22, -3, -146, 1005, 47;
-38, 258, 11, -576, 38, -6, -149, 1009, 43;
-37, 260, 11, -571, 59, -5, -147, 1017, 44;
-36, 263, 12, -563, 81, -1, -141, 1029, 49;
-34, 267, 14, -552, 105, 3, -134, 1042, 54;
-32, 270, 15, -541, 127, 6, -127, 1053, 59;
-31, 272, 16, -530, 148, 9, -122, 1063, 62;
-35, 270, 11, -534, 152, -3, -136, 1053, 46;
-33, 272, 12, -520, 173, -1, -130, 1063, 49;
-34, 272, 10, -513, 184, -6, -134, 1063, 42;
-29, 278, 14, -488, 213, 5, -116, 1084, 57;
-33, 275, 10, -487, 217, -7, -129, 1074, 41;
-30, 278, 11, -467, 237, -3, -119, 1085, 46;
-30, 278, 10, -454, 249, -6, -119, 1087, 42;
-26, 283, 14, -426, 274, 3, -102, 1105, 55;
-22, 287, 16, -401, 295, 10, -89, 1119, 63;
-24, 285, 13, -392, 299, 0, -96, 1112, 51;
-20, 289, 16, -361, 322, 11, -78, 1130, 65;
-19, 290, 16, -341, 334, 10, -74, 1133, 63;
-22, 286, 11, -335, 329, -6, -89, 1117, 43;
-18, 290, 14, -302, 350, 4, -70, 1134, 56;
-15, 293, 16, -274, 365, 9, -58, 1144, 62;
-13, 294, 16, -250, 374, 9, -52, 1148, 63;
-15, 291, 12, -239, 370, -2, -62, 1135, 47;
-12, 294, 14, -206, 385, 4, -47, 1147, 56;
-14, 290, 10, -194, 378, -8, -57, 1133, 40;
-12, 292, 11, -165, 387, -5, -46, 1139, 43;
-10, 292, 10, -141, 391, -7, -42, 1139, 41;
-7, 294, 12, -109, 400, -1, -28, 1148, 48;
-1, 298, 16, -69, 417, 11, -5, 1165, 65;
0, 298, 15, -45, 416, 8, -3, 1162, 61;
0, 297, 14, -22, 414, 4, 0, 1158, 56;
0, 296, 14, 3, 412, 3, 3, 1156, 54;
-2, 291, 9, 14, 397, -12, -8, 1137, 35;
5, 297, 14, 59, 413, 5, 19, 1158, 57;
1, 291, 9, 69, 394, -11, 5, 1137, 36;
4, 292, 10, 99, 394, -8, 16, 1140, 40;
5, 290, 9, 122, 387, -11, 19, 1134, 37;
13, 296, 15, 168, 402, 8, 50, 1157, 62;
12, 293, 13, 186, 388, 0, 47, 1145, 52;
9, 289, 9, 199, 369, -11, 38, 1128, 36;
15, 292, 13, 237, 374, 0, 59, 1140, 52;
16, 291, 12, 259, 364, 0, 63, 1135, 50;
16, 288, 11, 279, 351, -4, 64, 1126, 45;
18, 288, 11, 302, 341, -4, 70, 1123, 45;
20, 288, 12, 328, 333, -1, 80, 1123, 49;
25, 290, 15, 360, 332, 9, 98, 1132, 62;
22, 284, 11, 367, 306, -4, 86, 1110, 44;
26, 286, 14, 397, 303, 4, 103, 1116, 56;
23, 280, 10, 403, 276, -8, 91, 1095, 39;
23, 278, 9, 418, 259, -11, 92, 1086, 36;
32, 284, 16, 459, 268, 11, 126, 1110, 65;
27, 277, 10, 457, 234, -6, 107, 1081, 42;
26, 274, 9, 468, 213, -11, 105, 1069, 36;
32, 277, 13, 496, 211, 2, 126, 1081, 54;
29, 271, 10, 497, 182, -9, 114, 1060, 39;
29, 269, 9, 508, 163, -11, 115, 1051, 37;
31, 269, 10, 522, 149, -7, 122, 1049, 41;
34, 269, 13, 539, 138, 0, 134, 1051, 50;
32, 265, 10, 539, 111, -8, 125, 1034, 40;
38, 269, 16, 565, 111, 9, 150, 1049, 62;
38, 266, 15, 569, 90, 7, 149, 1040, 60;
39, 265, 16, 576, 74, 10, 153, 1036, 63;
36, 261, 13, 571, 46, 1, 143, 1018, 52;
39, 261, 15, 581, 34, 8, 153, 1020, 61;
33, 253, 9, 563, -3, -9, 130, 990, 38;
33, 252, 10, 564, -21, -8, 131, 984, 40;
39, 256, 15, 580, -23, 8, 153, 999, 62;
38, 253, 15, 575, -45, 6, 149, 988, 58;
38, 251, 15, 572, -63, 7, 149, 982, 59;
33, 245, 10, 552, -96, -7, 130, 957, 41;
33, 244, 11, 547, -114, -6, 130, 952, 43;
33, 242, 11, 540, -131, -5, 129, 946, 44;
33, 241, 12, 533, -148, -3, 129, 941, 46;
37, 244, 16, 537, -151, 11, 144, 953, 64;
31, 238, 11, 511, -183, -3, 123, 928, 46;
31, 237, 12, 501, -198, -1, 123, 924, 49;
29, 233, 11, 483, -220, -6, 114, 912, 43;
31, 235, 14, 477, -226, 3, 122, 918, 55;
26, 230, 10, 451, -253, -7, 104, 898, 41;
25, 229, 10, 434, -268, -7, 100, 893, 41;
29, 232, 15, 431, -269, 6, 113, 905, 59;
25, 228, 12, 403, -291, -1, 98, 889, 48;
23, 226, 11, 382, -306, -3, 91, 882, 46;
25, 228, 15, 371, -309, 6, 98, 889, 58;
19, 222, 10, 338, -334, -6, 77, 869, 42;
23, 226, 15, 331, -330, 8, 90, 884, 61;
19, 223, 13, 301, -347, 1, 76, 871, 52;
19, 223, 14, 282, -353, 5, 76, 873, 58;
17, 222, 14, 255, -364, 3, 67, 867, 55;
11, 217, 10, 219, -384, -8, 46, 849, 40;
10, 216, 10, 193, -392, -8, 39, 845, 39;
8, 216, 10, 168, -398, -8, 32, 843, 39;
8, 217, 11, 147, -399, -4, 32, 847, 45;
11, 221, 16, 136, -388, 11, 45, 864, 64;
2, 214, 9, 87, -414, -10, 10, 835, 37;
5, 218, 14, 75, -403, 3, 22, 852, 55;
1, 216, 12, 41, -411, -3, 7, 843, 47;
4, 220, 16, 28, -399, 10, 16, 859, 63;
0, 217, 13, -7, -407, 1, 0, 849, 53;
-4, 215, 11, -41, -414, -5, -16, 840, 43;
0, 220, 16, -52, -396, 10, -2, 860, 63;
-5, 217, 12, -90, -405, 0, -23, 848, 50;
-10, 214, 9, -127, -412, -11, -42, 836, 37;
-8, 219, 14, -139, -393, 3, -31, 855, 54;
-12, 216, 11, -175, -398, -6, -49, 845, 43;
-11, 220, 14, -190, -382, 3, -43, 860, 55;
-11, 222, 15, -212, -371, 6, -46, 867, 59;
-15, 221, 13, -243, -369, 1, -59, 863, 52;
-15, 223, 14, -263, -356, 5, -60, 871, 57;
-17, 224, 14, -287, -347, 4, -66, 874, 57;
-22, 221, 10, -322, -349, -7, -87, 863, 42;
-23, 222, 11, -343, -337, -6, -91, 868, 43;
-19, 229, 16, -348, -309, 10, -76, 893, 63;
-23, 227, 13, -376, -304, 2, -91, 888, 54;
-27, 225, 10, -406, -301, -7, -108, 880, 41;
-26, 230, 13, -416, -279, 1, -102, 897, 52;
-28, 230, 12, -438, -268, -2, -111, 898, 48;
-26, 234, 15, -446, -244, 7, -103, 915, 59;
-31, 232, 11, -474, -241, -5, -123, 905, 44;
-33, 232, 10, -492, -227, -8, -130, 907, 40;
-32, 236, 12, -499, -204, -1, -125, 922, 49;
-29, 241, 15, -503, -177, 8, -116, 940, 61;
-31, 242, 15, -516, -162, 6, -121, 945, 59;
-36, 239, 10, -541, -159, -8, -143, 933, 40;
-33, 244, 13, -540, -130, 2, -132, 953, 53;
-32, 247, 15, -543, -106, 7, -127, 966, 60;
-37, 245, 10, -564, -102, -6, -147, 955, 42;
-36, 248, 12, -566, -79, -2, -143, 968, 47;
-36, 250, 12, -569, -59, -1, -143, 976, 48;
-37, 252, 12, -573, -40, -1, -144, 983, 48;
-37, 253, 11, -577, -23, -4, -147, 987, 45;
-37, 255, 11, -577, -3, -3, -147, 995, 46;
-34, 260, 15, -565, 26, 7, -133, 1016, 60;
-38, 258, 11, -577, 32, -6, -149, 1006, 43;
-35, 262, 14, -564, 60, 3, -137, 1025, 54;
-37, 261, 11, -569, 70, -6, -148, 1020, 43;
-33, 267, 15, -551, 102, 6, -130, 1044, 59;
-32, 269, 15, -544, 121, 6, -128, 1051, 59;
-32, 271, 15, -534, 140, 8, -124, 1059, 61;
-36, 268, 10, -540, 144, -6, -141, 1047, 42;
-29, 276, 16, -511, 180, 11, -115, 1077, 65;
-35, 271, 10, -519, 177, -8, -137, 1059, 40;
-29, 278, 15, -490, 210, 7, -114, 1085, 60;
-29, 279, 14, -479, 224, 5, -113, 1088, 57;
-31, 277, 11, -474, 230, -5, -123, 1081, 44;
-26, 282, 14, -447, 257, 6, -105, 1101, 58;
-25, 284, 15, -429, 273, 7, -99, 1108, 59;
-25, 284, 14, -413, 284, 4, -98, 1110, 56;
-23, 286, 14, -394, 299, 5, -92, 1116, 57;
-26, 283, 10, -388, 298, -8, -105, 1103, 40;
-25, 284, 10, -366, 312, -7, -98, 1110, 41;
-19, 290, 15, -330, 338, 6, -75, 1132, 59;
-17, 291, 15, -306, 350, 8, -68, 1137, 60;
-15, 293, 16, -281, 363, 10, -59, 1144, 63;
-19, 288, 10, -275, 355, -6, -75, 1126, 42;
-17, 289, 11, -250, 364, -6, -68, 1130, 42;
-13, 293, 13, -216, 381, 2, -51, 1144, 54;
-12, 293, 13, -193, 386, 0, -47, 1144, 51;
-7, 296, 16, -159, 401, 9, -30, 1158, 62;
-8, 294, 13, -141, 398, 1, -33, 1149, 52;
-10, 292, 10, -124, 393, -8, -39, 1139, 40;
-3, 296, 14, -83, 410, 5, -15, 1158, 58;
-3, 295, 13, -61, 409, 1, -13, 1154, 53;
-1, 296, 14, -32, 412, 3, -4, 1157, 55;
-1, 294, 11, -12, 406, -3, -6, 1148, 46;
-2, 291, 9, 5, 397, -12, -10, 1137, 35;
3, 296, 13, 47, 411, 2, 14, 1155, 54;
4, 294, 12, 70, 404, -1, 15, 1149, 48;
10, 298, 16, 110, 415, 11, 39, 1165, 65;
5, 292, 10, 118, 393, -6, 22, 1141, 42;
8, 293, 12, 148, 392, -3, 33, 1143, 46;
12, 295, 14, 181, 394, 4, 49, 1150, 56;
11, 291, 11, 198, 379, -3, 45, 1138, 46;
18, 295, 16, 238, 387, 10, 70, 1153, 64;
12, 288, 9, 242, 357, -10, 50, 1124, 38;
14, 287, 9, 266, 349, -9, 56, 1121, 38;
19, 290, 13, 300, 350, 1, 75, 1131, 52;
24, 292, 16, 334, 351, 12, 95, 1141, 66;
22, 287, 13, 344, 327, 0, 85, 1122, 51;
21, 284, 10, 358, 308, -6, 82, 1109, 42;
26, 287, 14, 392, 309, 6, 103, 1120, 58;
29, 287, 16, 416, 300, 10, 114, 1121, 64;
28, 284, 14, 429, 281, 5, 112, 1109, 57;
28, 281, 13, 442, 261, 0, 110, 1098, 51;
32, 283, 16, 469, 256, 10, 126, 1104, 63;
30, 278, 12, 474, 230, 0, 117, 1085, 50;
29, 274, 10, 482, 207, -6, 113, 1071, 42;
32, 276, 13, 505, 199, 2, 128, 1076, 54;
30, 271, 11, 509, 174, -6, 120, 1059, 43;
29, 268, 9, 515, 151, -11, 116, 1046, 36;
30, 266, 9, 525, 133, -11, 119, 1039, 36;
32, 266, 11, 539, 120, -6, 127, 1039, 42;
35, 267, 13, 555, 109, 1, 139, 1042, 53;
36, 266, 14, 563, 92, 3, 143, 1037, 55;
34, 261, 11, 559, 64, -6, 132, 1018, 43;
33, 258, 10, 560, 42, -8, 130, 1008, 40;
34, 257, 11, 565, 26, -6, 134, 1004, 43;
35, 256, 11, 568, 8, -4, 136, 999, 45;
34, 254, 11, 568, -11, -5, 136, 991, 44;
35, 253, 12, 570, -27, -1, 140, 987, 48;
34, 250, 11, 565, -49, -4, 135, 977, 44;
34, 248, 11, 562, -68, -4, 135, 970, 45;
37, 250, 15, 568, -76, 6, 148, 977, 59;
37, 249, 15, 563, -94, 7, 147, 971, 60;
35, 245, 13, 551, -117, 2, 139, 958, 54;
31, 240, 10, 530, -148, -9, 122, 936, 39;
35, 243, 14, 535, -151, 5, 138, 947, 57;
35, 242, 15, 526, -166, 7, 138, 944, 60;
30, 236, 11, 501, -197, -5, 119, 921, 43;
29, 234, 10, 486, -215, -7, 113, 913, 41;
31, 235, 13, 482, -222, 2, 122, 919, 54;
27, 231, 11, 459, -246, -5, 109, 903, 44;
30, 233, 14, 452, -251, 4, 117, 910, 56;
24, 227, 9, 420, -280, -9, 95, 886, 38;
28, 231, 15, 419, -278, 7, 111, 902, 59;
24, 227, 12, 391, -300, -1, 95, 886, 48;
20, 223, 9, 361, -322, -10, 79, 870, 37;
23, 226, 14, 354, -320, 2, 91, 882, 54;
23, 226, 15, 338, -327, 8, 92, 884, 61;
15, 219, 9, 295, -357, -11, 62, 856, 36;
14, 218, 9, 273, -366, -10, 57, 853, 37;
18, 223, 14, 265, -359, 5, 71, 870, 57;
14, 220, 12, 234, -375, -2, 56, 858, 48;
13, 220, 13, 211, -380, 0, 52, 858, 51;
12, 220, 14, 188, -384, 2, 49, 859, 54;
11, 220, 14, 164, -388, 4, 45, 858, 56;
6, 216, 11, 127, -404, -6, 25, 843, 43;
6, 217, 12, 106, -403, -1, 25, 848, 49;
6, 218, 14, 84, -402, 3, 24, 852, 55;
4, 218, 13, 56, -405, 2, 16, 851, 54;
5, 221, 16, 39, -397, 11, 21, 862, 65;
-3, 213, 9, -11, -421, -11, -14, 832, 36;
-3, 215, 11, -32, -415, -5, -14, 839, 43;
-1, 219, 15, -46, -400, 7, -3, 857, 60;
-7, 215, 10, -88, -413, -7, -29, 839, 41;
-5, 219, 14, -102, -397, 4, -20, 855, 56;
-12, 214, 9, -146, -410, -12, -48, 836, 35;
-10, 218, 12, -162, -395, -2, -42, 850, 48;
-14, 216, 10, -195, -397, -9, -58, 843, 39;
-12, 220, 13, -209, -379, 1, -50, 859, 52;
-12, 223, 15, -227, -364, 8, -47, 871, 61;
-18, 219, 11, -265, -370, -5, -71, 857, 44;
-21, 219, 10, -293, -365, -9, -82, 855, 39;
-20, 222, 12, -310, -348, -2, -79, 867, 47;
-21, 224, 12, -330, -335, 0, -82, 874, 50;
-20, 226, 14, -346, -319, 4, -81, 885, 56;
-27, 222, 9, -384, -323, -11, -107, 869, 36;
-25, 227, 12, -394, -300, -2, -100, 886, 48;
-26, 228, 12, -414, -287, -2, -105, 890, 48;
-29, 228, 10, -437, -278, -6, -115, 890, 42;
-31, 228, 10, -457, -265, -9, -122, 892, 39;
-31, 231, 11, -470, -247, -6, -123, 902, 43;
-27, 237, 16, -470, -215, 9, -107, 927, 62;
-34, 233, 9, -504, -218, -10, -135, 909, 38;
-30, 240, 15, -499, -184, 7, -117, 937, 59;
-29, 242, 16, -508, -164, 10, -116, 947, 63;
-34, 240, 11, -533, -160, -3, -136, 937, 46;
-33, 243, 13, -537, -136, 2, -131, 950, 53;
-34, 245, 13, -546, -118, 1, -133, 957, 53;
-33, 248, 15, -548, -94, 6, -129, 970, 59;
-33, 250, 15, -555, -76, 6, -132, 976, 58;
-32, 254, 16, -554, -51, 12, -125, 991, 66;
-33, 255, 16, -559, -34, 10, -128, 996, 64;
-32, 257, 16, -560, -14, 11, -127, 1004, 65;
-34, 257, 14, -568, 0, 5, -135, 1004, 57;
-39, 254, 9, -583, 2, -9, -154, 992, 38;
-38, 257, 11, -578, 25, -6, -150, 1004, 43;
-37, 259, 11, -573, 46, -4, -147, 1013, 45;
-32, 266, 16, -555, 80, 10, -128, 1038, 63;
-38, 262, 10, -568, 81, -8, -149, 1023, 40;
-36, 265, 12, -555, 105, -2, -140, 1037, 47;
-32, 270, 15, -539, 133, 6, -127, 1055, 59;
-32, 272, 15, -530, 151, 6, -125, 1061, 58;
-37, 268, 9, -538, 151, -11, -145, 1046, 36;
-31, 275, 14, -509, 185, 5, -121, 1073, 57;
-35, 271, 9, -514, 186, -11, -139, 1059, 36;
-28, 279, 15, -481, 221, 7, -112, 1089, 60;
-33, 275, 10, -483, 221, -8, -129, 1074, 39;
-27, 282, 15, -452, 252, 6, -105, 1100, 59;
-29, 280, 11, -446, 256, -4, -115, 1092, 45;
-23, 286, 16, -412, 287, 12, -90, 1118, 66;
-29, 280, 9, -417, 277, -12, -115, 1093, 36;
-25, 284, 11, -390, 299, -3, -101, 1108, 46;
-19, 290, 16, -353, 328, 12, -75, 1133, 66;
-19, 290, 15, -337, 335, 7, -76, 1131, 60;
-19, 289, 13, -320, 340, 2, -77, 1128, 53;
-21, 287, 10, -307, 341, -7, -83, 1121, 41;
-21, 287, 9, -287, 348, -10, -82, 1120, 37;
-14, 293, 14, -247, 372, 4, -56, 1143, 56;
-16, 290, 11, -233, 370, -6, -64, 1132, 43;
-9, 296, 16, -193, 392, 9, -38, 1154, 62;
-13, 291, 10, -184, 382, -7, -53, 1136, 41;
-5, 298, 16, -139, 407, 12, -22, 1162, 66;
-5, 296, 15, -118, 406, 6, -23, 1157, 58;
-4, 296, 14, -94, 408, 4, -19, 1156, 56;
-5, 294, 12, -73, 404, -1, -20, 1149, 48;
-1, 297, 14, -40, 413, 4, -5, 1158, 57;
-1, 294, 12, -20, 406, -2, -7, 1149, 47;
0, 294, 12, 6, 407, -2, 0, 1149, 47;
3, 296, 13, 38, 411, 2, 11, 1155, 53;
3, 295, 13, 62, 407, 0, 15, 1151, 50;
4, 293, 11, 84, 399, -5, 15, 1144, 44;
4, 291, 10, 107, 391, -9, 17, 1138, 39;
8, 294, 12, 141, 395, -1, 34, 1146, 49;
8, 291, 11, 162, 385, -6, 34, 1138, 43;
9, 290, 10, 185, 376, -9, 36, 1132, 39;
11, 290, 10, 212, 371, -6, 45, 1132, 42;
16, 292, 13, 246, 372, 1, 62, 1140, 53;
15, 289, 11, 263, 357, -4, 60, 1129, 44;
18, 290, 13, 292, 353, 0, 73, 1132, 51;
20, 289, 13, 317, 344, 2, 80, 1130, 53;
20, 286, 11, 332, 327, -4, 78, 1118, 45;
25, 289, 15, 367, 328, 8, 100, 1130, 62;
20, 282, 9, 368, 296, -11, 80, 1100, 37;
22, 281, 10, 389, 284, -9, 87, 1097, 39;
28, 285, 14, 423, 286, 5, 111, 1111, 58;
24, 278, 9, 424, 254, -11, 93, 1084, 36;
27, 279, 11, 449, 247, -3, 107, 1088, 46;
33, 282, 16, 481, 247, 12, 131, 1102, 66;
30, 276, 12, 482, 217, -1, 118, 1079, 48;
34, 278, 15, 507, 212, 9, 135, 1086, 62;
32, 274, 13, 511, 186, 0, 127, 1069, 51;
30, 269, 10, 513, 159, -9, 118, 1051, 39;
35, 272, 14, 537, 154, 3, 137, 1061, 55;
34, 269, 13, 543, 132, 0, 135, 1049, 51;
34, 266, 12, 547, 111, -3, 133, 1038, 47;
34, 264, 11, 553, 91, -4, 133, 1030, 45;
33, 260, 10, 554, 67, -9, 128, 1017, 39;
39, 265, 16, 579, 69, 11, 155, 1036, 65;
34, 257, 10, 564, 31, -6, 133, 1006, 42;
33, 254, 9, 562, 9, -10, 129, 994, 38;
39, 259, 16, 583, 10, 10, 155, 1012, 63;
39, 257, 15, 581, -10, 8, 153, 1003, 61;
38, 255, 15, 578, -31, 7, 151, 994, 60;
34, 249, 11, 563, -61, -4, 136, 973, 45;
35, 248, 12, 562, -78, -1, 138, 969, 49;
37, 248, 14, 562, -90, 5, 145, 970, 57;
39, 249, 16, 563, -102, 12, 152, 972, 66;
34, 244, 13, 543, -131, 0, 136, 951, 52;
33, 241, 12, 530, -153, -2, 129, 940, 47;
29, 236, 9, 511, -180, -11, 115, 922, 36;
33, 239, 14, 515, -181, 4, 132, 935, 56;
31, 236, 12, 496, -204, -1, 121, 921, 48;
28, 232, 10, 476, -227, -8, 110, 907, 40;
28, 232, 11, 466, -239, -3, 112, 907, 46;
26, 229, 10, 445, -259, -8, 102, 896, 40;
29, 232, 14, 441, -260, 5, 115, 907, 57;
26, 229, 13, 418, -280, 0, 103, 895, 50;
21, 224, 9, 387, -305, -11, 84, 875, 36;
27, 230, 16, 391, -295, 11, 109, 899, 65;
22, 225, 12, 357, -320, -1, 87, 879, 49;
21, 225, 13, 338, -330, 1, 85, 877, 52;
20, 224, 13, 316, -340, 1, 80, 874, 53;
16, 220, 10, 284, -360, -7, 62, 858, 41;
18, 223, 14, 273, -356, 5, 73, 871, 57;
14, 219, 11, 239, -375, -4, 54, 855, 44;
16, 223, 16, 228, -369, 9, 66, 870, 62;
9, 216, 10, 185, -394, -8, 37, 845, 40;
9, 217, 11, 163, -396, -4, 35, 847, 44;
10, 219, 14, 147, -392, 4, 40, 857, 56;
9, 220, 15, 123, -394, 7, 38, 859, 60;
5, 217, 12, 89, -405, 0, 21, 848, 50;
4, 217, 13, 64, -406, 1, 17, 849, 52;
3, 218, 14, 40, -404, 4, 14, 852, 56;
0, 216, 12, 7, -411, -1, 0, 845, 49;
2, 221, 16, -5, -397, 12, 10, 862, 66;
-5, 214, 10, -53, -417, -8, -22, 836, 39;
-1, 220, 16, -62, -396, 9, -5, 860, 63;
-6, 217, 12, -99, -404, -1, -26, 847, 49;
-4, 221, 16, -113, -388, 11, -16, 864, 65;
-6, 222, 16, -140, -384, 10, -24, 865, 64;
-13, 216, 10, -184, -397, -7, -53, 845, 41;
-13, 218, 12, -205, -385, -2, -53, 853, 47;
-16, 218, 10, -234, -382, -6, -65, 851, 42;
-12, 224, 16, -240, -356, 11, -48, 877, 65;
-13, 225, 16, -264, -346, 12, -53, 881, 66;
-19, 222, 13, -299, -349, 0, -74, 869, 50;
-23, 221, 10, -331, -347, -8, -91, 862, 39;
-20, 226, 14, -339, -322, 5, -79, 884, 57;
-20, 228, 15, -357, -307, 8, -80, 892, 61;
-27, 224, 10, -394, -311, -8, -106, 876, 40;
-27, 227, 11, -410, -294, -5, -107, 885, 44;
-30, 226, 9, -434, -285, -9, -117, 885, 38;
-25, 233, 15, -434, -253, 7, -100, 911, 60;
-28, 233, 14, -455, -243, 3, -110, 911, 54;
-32, 232, 11, -480, -236, -6, -125, 906, 43;
-29, 237, 14, -484, -209, 4, -115, 926, 57;
-34, 235, 10, -509, -204, -6, -133, 918, 42;
-32, 239, 13, -514, -179, 0, -127, 933, 51;
-30, 243, 16, -517, -153, 9, -119, 950, 62;
-36, 240, 10, -544, -152, -7, -143, 936, 41;
-33, 246, 14, -540, -121, 5, -128, 959, 57;
-39, 242, 9, -565, -120, -12, -152, 944, 35;
-36, 246, 12, -562, -92, -2, -142, 963, 47;
-37, 248, 11, -568, -74, -3, -145, 969, 46;
-35, 251, 13, -568, -50, 0, -140, 982, 52;
-37, 251, 11, -576, -36, -4, -147, 982, 45;
-36, 255, 13, -573, -12, 0, -142, 995, 51;
-38, 255, 11, -579, 0, -5, -149, 995, 43;
-34, 261, 15, -565, 32, 7, -133, 1018, 59;
-38, 258, 10, -577, 37, -7, -151, 1007, 41;
-37, 261, 11, -570, 60, -3, -145, 1019, 46;
-34, 266, 14, -556, 88, 5, -133, 1037, 57;
-37, 264, 11, -562, 95, -6, -146, 1029, 42;
-37, 265, 10, -556, 111, -8, -147, 1034, 40;
-35, 268, 11, -544, 134, -4, -140, 1046, 45;
-31, 274, 15, -521, 165, 8, -120, 1069, 61;
-36, 270, 10, -528, 165, -9, -140, 1053, 39;
-36, 270, 9, -519, 179, -11, -141, 1056, 36;
-32, 275, 11, -497, 204, -4, -127, 1072, 45;
-34, 274, 9, -491, 213, -11, -133, 1069, 36;
-28, 280, 13, -461, 243, 2, -112, 1092, 53;
-26, 282, 14, -442, 261, 4, -105, 1101, 57;
-31, 278, 9, -442, 259, -11, -121, 1086, 36;
-23, 286, 16, -402, 294, 9, -90, 1118, 62;
-22, 287, 15, -385, 306, 7, -88, 1120, 60;
-23, 286, 13, -370, 313, 1, -90, 1118, 53;
-25, 284, 10, -360, 315, -8, -98, 1109, 40;
-18, 290, 15, -323, 341, 6, -74, 1133, 58;
-23, 285, 9, -318, 334, -11, -90, 1115, 36;
-21, 287, 9, -294, 346, -9, -82, 1120, 38;
-20, 287, 9, -272, 352, -12, -79, 1121, 35;
-13, 294, 15, -229, 379, 6, -50, 1147, 58;
-10, 295, 15, -202, 389, 8, -41, 1152, 61;
-10, 294, 13, -182, 390, 2, -42, 1148, 54;
-7, 296, 15, -151, 402, 8, -28, 1157, 61;
-10, 292, 10, -140, 391, -6, -41, 1140, 42;
-10, 291, 9, -117, 392, -10, -39, 1137, 38;
-8, 291, 9, -91, 395, -10, -32, 1138, 38;
-5, 293, 11, -59, 402, -5, -20, 1144, 43;
-1, 295, 13, -27, 409, 0, -6, 1152, 50;
8, 15, 12, 4405, 5316, 2878, 34, 61, 48;
11, 6, 2, 1539, 1906, 1584, 46, 24, 9;
3, 2, 8, 4214, 2328, 2652, 14, 9, 32;
19, 19, 1, 2035, 2500, 2333, 77, 74, 7;
6, 12, 6, 2255, 4967, 2231, 26, 50, 26;
5, 24, 10, 1688, 3196, 1799, 21, 97, 40;
6, 0, 4, 3566, 2395, 2869, 23, 2, 16;
13, 14, 3, 2798, 5403, 2299, 52, 57, 13;
8, 13, 1, 3348, 5040, 1780, 34, 51, 7;
10, 25, 0, 2523, 4909, 2112, 39, 99, 1;
10, 11, 0, 4325, 1950, 2764, 41, 46, 3;
9, 18, 4, 1648, 4708, 2747, 36, 73, 17;
5, 2, 8, 1788, 2762, 1930, 19, 10, 33;
10, 30, 0, 3312, 5299, 2222, 42, 117, 2;
20, 15, 11, 3873, 4111, 1192, 78, 61, 44;
12, 9, 12, 4000, 3986, 2731, 50, 38, 50;
20, 0, 12, 1811, 4207, 1352, 79, 0, 50;
11, 8, 10, 3707, 4052, 1897, 43, 32, 42;
18, 29, 8, 2247, 2421, 1536, 71, 115, 33;
9, 14, 12, 4024, 3956, 2659, 37, 54, 50;
4, 1, 12, 2702, 2751, 1987, 17, 5, 48;
12, 8, 6, 3542, 4158, 2325, 48, 34, 23;
6, 3, 10, 3584, 3679, 1565, 24, 12, 40;
12, 28, 5, 2705, 2240, 1140, 49, 110, 19;
15, 21, 5, 3841, 4215, 1664, 59, 85, 20;
9, 6, 4, 2687, 4807, 1483, 37, 24, 18;
12, 16, 3, 3887, 2169, 1582, 50, 63, 14;
15, 14, 8, 3750, 3923, 2531, 60, 57, 31;
3, 14, 11, 4318, 2827, 2400, 12, 55, 43;
12, 13, 3, 4114, 1903, 2038, 47, 54, 13;
5, 24, 11, 2857, 3207, 1383, 19, 96, 45;
11, 28, 9, 4060, 4548, 1783, 44, 112, 37;
16, 3, 2, 3811, 1888, 2875, 63, 14, 9;
4, 30, 11, 1662, 2035, 1068, 19, 119, 44;
12, 13, 12, 3814, 3044, 1702, 49, 52, 49;
9, 28, 9, 2727, 3856, 1163, 38, 112, 35;
7, 2, 2, 2028, 4674, 2837, 30, 9, 8;
3, 3, 4, 3927, 3958, 1478, 15, 13, 16;
3, 6, 9, 3296, 2736, 2199, 14, 26, 36;
10, 29, 3, 2014, 4626, 2215, 42, 115, 12;
13, 16, 5, 2383, 4738, 1264, 50, 65, 22;
19, 16, 4, 3796, 1809, 2238, 75, 64, 18;
16, 16, 12, 2642, 4693, 2756, 62, 63, 47;
5, 26, 4, 4253, 2111, 1155, 19, 103, 16;
17, 3, 10, 2138, 2994, 2258, 67, 12, 40;
0, 23, 11, 3987, 1875, 2495, 3, 93, 46;
20, 25, 0, 2223, 2211, 1776, 81, 100, 0;
2, 8, 4, 3669, 2250, 2813, 10, 34, 16;
11, 10, 9, 2136, 4209, 1874, 44, 40, 38;
14, 10, 12, 4019, 3769, 2328, 55, 41, 48;
7, 26, 1, 2999, 4761, 2601, 29, 102, 6;
17, 12, 8, 3379, 4637, 1295, 66, 50, 33;
10, 23, 4, 1790, 4332, 2565, 39, 92, 17;
5, 8, 7, 2035, 3736, 2065, 21, 34, 29;
11, 12, 6, 2071, 3798, 1325, 43, 47, 24;
18, 6, 1, 3900, 2649, 2621, 73, 23, 7;
14, 16, 1, 3342, 3340, 1496, 55, 65, 5;
17, 4, 4, 3265, 5293, 2231, 68, 17, 17;
14, 19, 5, 1652, 4333, 2294, 58, 76, 21;
15, 25, 0, 1475, 3067, 1668, 60, 99, 3;
17, 25, 4, 3606, 2555, 2728, 67, 99, 17;
4, 0, 9, 3690, 4983, 2083, 16, 2, 35;
0, 7, 9, 1749, 3532, 2228, 2, 28, 36;
5, 2, 1, 3261, 5394, 1224, 19, 8, 3;
12, 26, 9, 3032, 4119, 1791, 48, 102, 36;
10, 4, 9, 4191, 2281, 1085, 39, 18, 38;
18, 24, 0, 3992, 5381, 2486, 72, 94, 2;
18, 26, 6, 1741, 3455, 1781, 70, 105, 26;
5, 9, 0, 2263, 2831, 2353, 19, 37, 1;
5, 9, 3, 3394, 4468, 2825, 22, 38, 13;
3, 23, 6, 3679, 2716, 2238, 11, 93, 26;
2, 29, 8, 3393, 2691, 2009, 9, 113, 32;
18, 26, 9, 2384, 3740, 1265, 73, 104, 35;
4, 0, 9, 1491, 4776, 1388, 18, 0, 38;
7, 0, 0, 2161, 1827, 2733, 27, 0, 2;
11, 15, 3, 2272, 4860, 1812, 43, 60, 12;
5, 10, 6, 1629, 5104, 2926, 19, 39, 26;
18, 22, 6, 1536, 5174, 1661, 73, 86, 24;
15, 19, 7, 4216, 2954, 2036, 60, 76, 29;
15, 18, 2, 3976, 3686, 1431, 60, 72, 10;
616, 836, 489, 5240, 4585, 3109, 2406, 3262, 1909;
644, 820, 369, 5051, 4421, 3003, 2513, 3199, 1441;
570, 944, 344, 4860, 4255, 2893, 2226, 3683, 1344;
688, 761, 438, 4635, 4054, 2745, 2684, 2968, 1708;
549, 760, 403, 4484, 3925, 2668, 2143, 2964, 1573;
608, 751, 372, 4305, 3768, 2560, 2373, 2929, 1450;
579, 851, 387, 4134, 3618, 2457, 2258, 3319, 1512;
578, 787, 378, 3985, 3489, 2374, 2255, 3072, 1474;
456, 657, 374, 3788, 3312, 2240, 1782, 2562, 1461;
489, 766, 313, 3662, 3204, 2175, 1907, 2988, 1224;
494, 706, 255, 3525, 3086, 2097, 1930, 2755, 994;
448, 642, 329, 3402, 2980, 2029, 1748, 2503, 1286;
382, 701, 307, 3249, 2843, 1930, 1491, 2736, 1197;
344, 585, 272, 3106, 2716, 1839, 1344, 2285, 1060;
395, 570, 267, 3021, 2646, 1803, 1541, 2225, 1042;
322, 543, 270, 2856, 2497, 1687, 1256, 2118, 1056;
365, 605, 270, 2748, 2403, 1625, 1426, 2360, 1056;
324, 513, 239, 2656, 2324, 1576, 1265, 2002, 935;
352, 552, 192, 2562, 2243, 1525, 1375, 2153, 752;
323, 620, 196, 2435, 2129, 1439, 1260, 2418, 766;
342, 496, 168, 2345, 2050, 1387, 1336, 1937, 656;
258, 504, 176, 2264, 1981, 1344, 1007, 1967, 686;
327, 540, 158, 2189, 1917, 1305, 1275, 2109, 618;
261, 517, 188, 2074, 1812, 1224, 1019, 2017, 735;
287, 498, 169, 2021, 1770, 1205, 1122, 1943, 659;
260, 436, 159, 1906, 1665, 1122, 1016, 1702, 621;
255, 465, 179, 1873, 1641, 1120, 994, 1813, 699;
207, 468, 133, 1762, 1539, 1038, 808, 1828, 521;
252, 483, 167, 1706, 1492, 1011, 984, 1887, 652;
204, 501, 164, 1660, 1454, 991, 799, 1957, 643;
182, 462, 147, 1583, 1385, 941, 710, 1803, 573;
201, 485, 113, 1534, 1344, 917, 786, 1892, 442;
163, 438, 125, 1449, 1267, 857, 637, 1711, 487;
199, 458, 119, 1390, 1215, 821, 778, 1789, 464;
179, 458, 110, 1366, 1198, 819, 698, 1788, 431;
155, 437, 119, 1308, 1146, 783, 605, 1706, 466;
134, 425, 108, 1226, 1070, 721, 526, 1657, 423;
132, 369, 89, 1187, 1037, 702, 515, 1441, 350;
129, 413, 88, 1154, 1010, 687, 506, 1612, 343;
150, 378, 81, 1116, 978, 668, 586, 1475, 319;
138, 406, 100, 1065, 933, 635, 538, 1586, 392;
126, 377, 100, 1015, 887, 601, 493, 1471, 392;
144, 362, 89, 978, 855, 580, 564, 1413, 350;
110, 383, 87, 920, 802, 538, 432, 1497, 340;
134, 358, 71, 924, 811, 557, 522, 1396, 280;
127, 359, 61, 874, 765, 521, 496, 1402, 240;
114, 346, 69, 840, 736, 502, 447, 1350, 270;
115, 329, 72, 785, 685, 460, 449, 1285, 284;
105, 357, 60, 770, 674, 458, 411, 1392, 235;
94, 332, 67, 720, 627, 419, 367, 1296, 261;
96, 345, 52, 713, 624, 424, 377, 1347, 206;
88, 352, 54, 698, 613, 421, 343, 1375, 212;
77, 346, 67, 669, 587, 403, 303, 1352, 261;
85, 339, 58, 621, 542, 365, 333, 1324, 229;
82, 324, 53, 619, 544, 373, 323, 1263, 210;
72, 309, 40, 556, 484, 320, 283, 1206, 159;
62, 334, 48, 537, 467, 310, 242, 1303, 190;
62, 336, 49, 537, 470, 319, 241, 1312, 192;
73, 322, 48, 499, 435, 290, 285, 1256, 187;
60, 328, 49, 499, 437, 297, 237, 1282, 193;
65, 306, 47, 500, 440, 306, 257, 1197, 186;
52, 306, 43, 469, 412, 284, 203, 1196, 167;
62, 309, 41, 440, 385, 262, 242, 1208, 160;
57, 309, 37, 445, 392, 273, 222, 1208, 145;
45, 307, 31, 396, 345, 231, 177, 1199, 123;
58, 314, 38, 413, 365, 255, 227, 1227, 152;
46, 292, 30, 376, 329, 224, 181, 1139, 119;
53, 304, 24, 356, 311, 210, 207, 1189, 96;
48, 301, 30, 351, 308, 211, 190, 1175, 119;
46, 303, 24, 322, 281, 187, 180, 1183, 95;
47, 303, 26, 322, 282, 192, 185, 1182, 104;
34, 294, 25, 295, 256, 170, 134, 1147, 100;
42, 294, 28, 303, 267, 184, 167, 1150, 111;
37, 290, 27, 289, 254, 174, 145, 1132, 105;
39, 291, 24, 268, 234, 157, 153, 1135, 94;
37, 292, 21, 263, 231, 157, 146, 1142, 85;
37, 296, 26, 270, 238, 168, 145, 1157, 102;
26, 284, 18, 236, 206, 138, 104, 1108, 72;
35, 284, 20, 245, 216, 151, 139, 1108, 78;
32, 280, 25, 246, 218, 156, 127, 1093, 101;
1, 256, 0, 0, 0, 0, 4, 999, 2;
1, 256, 1, 1, 1, 1, 6, 1001, 4;
1, 256, 0, 0, 0, 0, 4, 999, 2;
1, 256, 0, -1, -1, -1, 4, 998, 1;
1, 256, 0, 0, 0, 0, 5, 1000, 3;
1, 256, 0, -1, -1, -1, 4, 999, 2;
1, 256, 0, 0, 0, 0, 5, 1000, 3;
1, 256, 0, -1, -1, -1, 3, 998, 1;
1, 256, 0, 0, 0, 0, 4, 999, 2;
1, 256, 0, 0, 0, 0, 4, 999, 2;
1, 256, 0, 0, 0, 0, 4, 999, 2;
1, 256, 0, 0, 0, 0, 4, 999, 2;
1, 256, 0, 0, 0, 0, 4, 999, 2;
1, 256, 0, -1, -1, -1, 4, 998, 1;
1, 256, 0, 1, 1, 1, 5, 1000, 3;
1, 256, 0, -1, -1, -1, 4, 998, 2;
1, 256, 0, 0, 0, 0, 4, 999, 2;
1, 256, 0, 0, 0, 0, 4, 999, 2;
1, 256, 1, 1, 1, 1, 6, 1001, 4;
1, 256, 0, -1, -1, -1, 4, 999, 2;
1, 256, 0, 0, 0, 0, 4, 999, 2;
1, 256, 0, 0, 0, 0, 5, 1000, 3;
1, 256, 0, 0, 0, 0, 4, 999, 2;
1, 256, 0, 0, 0, 0, 5, 1000, 3;
1, 256, 0, 0, 0, 0, 5, 1000, 3;
1, 256, 0, 0, 0, 0, 5, 1000, 3;
1, 256, 0, 0, 0, 0, 5, 1000, 3;
1, 256, 0, 0, 0, 0, 5, 1000, 3;
1, 256, 0, -1, -1, -1, 4, 998, 2;
1, 256, 0, 0, 0, 0, 5, 1000, 3;
1, 256, 0, -1, -1, -1, 3, 998, 1;
1, 256, 1, 1, 1, 1, 6, 1001, 4;
1, 256, 0, 0, 0, 0, 4, 999, 2;
1, 256, 0, 0, 0, 0, 4, 999, 2;
1, 256, 0, 0, 0, 0, 5, 1000, 3;
1, 256, 0, 0, 0, 0, 5, 1000, 3;
1, 256, 0, 0, 0, 0, 5, 1000, 3;
1, 256, 0, -1, -1, -1, 4, 999, 2;
1, 256, 0, 0, 0, 0, 4, 999, 2;
1, 256, 0, 0, 0, 0, 4, 999, 2;
1, 256, 1, 1, 1, 1, 6, 1001, 4;
1, 256, 1, 1, 1, 1, 6, 1001, 4;
1, 256, 0, 0, 0, 0, 5, 999, 3;
1, 256, 0, 0, 0, 0, 4, 999, 2;
1, 256, 0, 0, 0, 0, 5, 1000, 3;
1, 256, 0, 0, 0, 0, 5, 1000, 3;
1, 256, 0, -1, -1, -1, 4, 999, 2;
1, 256, 0, -1, -1, -1, 4, 999, 2;
1, 256, 0, -1, -1, -1, 4, 999, 2;
1, 256, 0, 0, 0, 0, 5, 1000, 3;
1, 256, 1, 1, 1, 1, 5, 1000, 3;
1, 256, 1, 1, 1, 1, 6, 1000, 3;
1, 256, 0, 0, 0, 0, 5, 1000, 3;
1, 256, 1, 1, 1, 1, 6, 1000, 4;
1, 256, 0, 0, 0, 0, 5, 1000, 3;
1, 256, 0, -1, -1, -1, 3, 998, 1;
1, 256, 0, 0, 0, 0, 4, 999, 2;
1, 256, 0, 0, 0, 0, 5, 1000, 3;
1, 256, 0, -1, -1, -1, 4, 998, 2;
1, 256, 0, 0, 0, 0, 4, 999, 2;
1, 256, 0, 0, 0, 0, 4, 999, 2;
1, 256, 0, 0, 0, 0, 5, 1000, 3;
1, 256, 0, 0, 0, 0, 5, 1000, 3;
1, 256, 0, 0, 0, 0, 5, 1000, 3;
1, 256, 1, 1, 1, 1, 5, 1000, 3;
1, 256, 0, -1, -1, -1, 4, 999, 2;
1, 256, 0, 0, 0, 0, 5, 1000, 3;
1, 256, 0, 0, 0, 0, 5, 999, 2;
1, 256, 0, -1, -1, -1, 3, 998, 1;
1, 256, 0, 1, 1, 1, 5, 1000, 3;
1, 256, 1, 1, 1, 1, 6, 1000, 4;
1, 256, 0, -1, -1, -1, 4, 998, 2;
1, 256, 0, 0, 0, 0, 5, 1000, 3;
1, 256, 0, 0, 0, 0, 4, 999, 2;
1, 256, 0, 0, 0, 0, 5, 1000, 3;
1, 256, 1, 1, 1, 1, 5, 1000, 3;
1, 256, 0, 0, 0, 0, 4, 999, 2;
1, 256, 0, -1, -1, -1, 3, 998, 1;
1, 256, 0, 0, 0, 0, 4, 999, 2;
1, 256, 0, 0, 0, 0, 5, 1000, 3;
1, 256, 0, -1, -1, -1, 4, 999, 2;
1, 256, 0, 0, 0, 0, 5, 1000, 3;
1, 256, 1, 1, 1, 1, 6, 1001, 4;
1, 256, 1, 1, 1, 1, 6, 1001, 4;
1, 256, 1, 1, 1, 1, 6, 1001, 4;
1, 256, 0, 0, 0, 0, 5, 1000, 3;
1, 256, 1, 1, 1, 1, 6, 1001, 4;
1, 256, 0, 1, 1, 1, 5, 1000, 3;
1, 256, 0, 0, 0, 0, 4, 999, 2;
1, 256, 0, 0, 0, 0, 4, 999, 2;
1, 256, 0, 0, 0, 0, 5, 1000, 3;
1, 256, 0, 1, 1, 1, 5, 1000, 3;
1, 256, 0, -1, -1, -1, 4, 999, 2;
1, 256, 0, 0, 0, 0, 5, 999, 2;
1, 256, 0, 0, 0, 0, 5, 999, 2;
1, 256, 1, 1, 1, 1, 6, 1001, 4;
1, 256, 0, 1, 1, 1, 5, 1000, 3;
1, 256, 0, 1, 1, 1, 5, 1000, 3;
1, 256, 0, 0, 0, 0, 4, 999, 2;
1, 256, 0, 0, 0, 0, 5, 1000, 3;
1, 256, 0, 0, 0, 0, 5, 1000, 3;
1, 256, 1, 1, 1, 1, 6, 1001, 4;
1, 256, 1, 1, 1, 1, 6, 1001, 4;
1, 256, 1, 1, 1, 1, 6, 1001, 4;
1, 256, 0, 0, 0, 0, 5, 1000, 3;
1, 256, 0, 1, 1, 1, 5, 1000, 3;
1, 256, 0, 0, 0, 0, 4, 999, 2;
1, 256, 0, -1, -1, -1, 4, 999, 2;
1, 256, 0, 0, 0, 0, 5, 1000, 3;
1, 256, 0, 0, 0, 0, 4, 999, 2;
1, 256, 0, 0, 0, 0, 4, 999, 2;
1, 256, 1, 1, 1, 1, 6, 1000, 4;
1, 256, 0, -1, -1, -1, 4, 999, 2;
1, 256, 0, 0, 0, 0, 5, 1000, 3;
1, 256, 1, 1, 1, 1, 5, 1000, 3;
1, 256, 0, 0, 0, 0, 4, 999, 2;
1, 256, 1, 1, 1, 1, 5, 1000, 3;
1, 256, 0, 0, 0, 0, 4, 999, 2;
1, 256, 0, 0, 0, 0, 5, 999, 2;
1, 256, 0, 0, 0, 0, 4, 999, 2;
1, 256, 0, 0, 0, 0, 5, 1000, 3;
1, 256, 0, 0, 0, 0, 4, 999, 2;
1, 256, 0, 1, 1, 1, 5, 1000, 3;
1, 256, 0, 0, 0, 0, 5, 1000, 3;
1, 256, 0, 0, 0, 0, 4, 999, 2;
1, 256, 1, 1, 1, 1, 5, 1000, 3;
1, 256, 0, 0, 0, 0, 4, 999, 2;
1, 256, 0, -1, -1, -1, 4, 999, 2;
1, 256, 0, 0, 0, 0, 5, 1000, 3;
1, 256, 0, 0, 0, 0, 5, 1000, 3;
1, 256, 0, 0, 0, 0, 4, 999, 2;
1, 256, 0, 0, 0, 0, 5, 1000, 3;
1, 256, 0, 0, 0, 0, 5, 1000, 3;
1, 256, 0, 0, 0, 0, 5, 1000, 3;
1, 256, 0, 0, 0, 0, 4, 999, 2;
1, 256, 0, 0, 0, 0, 4, 999, 2;
1, 256, 0, 0, 0, 0, 4, 999, 2;
1, 256, 0, 0, 0, 0, 5, 1000, 3;
1, 256, 0, 0, 0, 0, 4, 999, 2;
1, 256, 0, -1, -1, -1, 4, 999, 2;
1, 256, 0, 0, 0, 0, 5, 1000, 3;
1, 256, 1, 1, 1, 1, 6, 1000, 4;
1, 256, 1, 1, 1, 1, 6, 1000, 4;
1, 256, 0, 0, 0, 0, 4, 999, 2;
1, 256, 0, -1, -1, -1, 4, 999, 2;
1, 256, 1, 1, 1, 1, 6, 1001, 4;
1, 256, 0, 1, 1, 1, 5, 1000, 3;
1, 256, 0, 0, 0, 0, 5, 1000, 3;
1, 256, 0, 0, 0, 0, 4, 999, 2;
1, 256, 0, 0, 0, 0, 5, 1000, 3;
1, 256, 1, 1, 1, 1, 6, 1001, 4;
1, 256, 0, 0, 0, 0, 5, 1000, 3;
1, 256, 0, 0, 0, 0, 5, 1000, 3;
1, 256, 0, 0, 0, 0, 5, 1000, 3;
0, 256, 0, -1, -1, -1, 3, 998, 1;
1, 256, 1, 1, 1, 1, 5, 1000, 3;
1, 256, 0, 0, 0, 0, 5, 1000, 3;
1, 256, 0, 0, 0, 0, 4, 999, 2;
1, 256, 0, 0, 0, 0, 5, 1000, 3;
1, 256, 0, -1, -1, -1, 4, 999, 2;
1, 256, 0, 0, 0, 0, 5, 1000, 3;
1, 256, 0, 0, 0, 0, 4, 999, 2;
1, 256, 0, 0, 0, 0, 4, 999, 2;
1, 256, 0, 0, 0, 0, 5, 1000, 3;
1, 256, 0, -1, -1, -1, 4, 999, 2;
1, 256, 0, 0, 0, 0, 4, 999, 2;
1, 256, 0, 0, 0, 0, 5, 1000, 3;
1, 256, 0, -1, -1, -1, 4, 999, 2;
1, 256, 0, 1, 1, 1, 5, 1000, 3;
1, 256, 0, -1, -1, -1, 4, 999, 2;
1, 256, 0, 0, 0, 0, 5, 1000, 3;
1, 256, 0, 0, 0, 0, 4, 999, 2;
1, 256, 0, 0, 0, 0, 4, 999, 2;
1, 256, 0, -1, -1, -1, 4, 999, 2;
1, 256, 0, 1, 1, 1, 5, 1000, 3;
1, 256, 0, -1, -1, -1, 4, 998, 1;
1, 256, 0, 0, 0, 0, 5, 1000, 3;
1, 256, 0, 0, 0, 0, 4, 999, 2;
1, 256, 0, 0, 0, 0, 4, 999, 2;
1, 256, 0, -1, -1, -1, 4, 999, 2;
1, 256, 0, -1, -1, -1, 3, 998, 1;
1, 256, 1, 1, 1, 1, 6, 1001, 4;
1, 256, 0, -1, -1, -1, 4, 998, 1;
1, 256, 0, 0, 0, 0, 4, 999, 2;
1, 256, 0, 0, 0, 0, 4, 999, 2;
1, 256, 0, 0, 0, 0, 4, 999, 2;
1, 256, 0, -1, -1, -1, 4, 999, 2;
1, 256, 0, 0, 0, 0, 5, 999, 3;
1, 256, 0, 0, 0, 0, 4, 999, 2;
1, 256, 1, 1, 1, 1, 6, 1000, 4;
1, 256, 0, 0, 0, 0, 4, 999, 2;
1, 256, 0, 0, 0, 0, 5, 1000, 3;
1, 256, 0, 0, 0, 0, 4, 999, 2;
1, 256, 0, -1, -1, -1, 4, 999, 2;
1, 256, 0, -1, -1, -1, 4, 999, 2;
1, 256, 0, -1, -1, -1, 4, 999, 2;
1, 256, 0, 0, 0, 0, 5, 1000, 3;
1, 256, 1, 1, 1, 1, 6, 1001, 4;
1, 256, 0, 0, 0, 0, 4, 999, 2;
1, 256, 0, 1, 1, 1, 5, 1000, 3;
1, 256, 1, 1, 1, 1, 6, 1001, 4;
1, 256, 0, -1, -1, -1, 4, 999, 2;
1, 256, 0, 0, 0, 0, 5, 1000, 3;
1, 256, 0, -1, -1, -1, 4, 999, 2;
1, 256, 0, 0, 0, 0, 4, 999, 2;
1, 256, 1, 1, 1, 1, 6, 1000, 3;
1, 256, 0, 0, 0, 0, 5, 1000, 3;
1, 256, 0, 0, 0, 0, 4, 999, 2;
1, 256, 0, -1, -1, -1, 4, 999, 2;
1, 256, 0, 0, 0, 0, 4, 999, 2;
0, 256, 0, -1, -1, -1, 3, 998, 1;
1, 256, 0, -1, -1, -1, 4, 999, 2;
1, 256, 0, -1, -1, -1, 4, 999, 2;
1, 256, 0, 1, 1, 1, 5, 1000, 3;
1, 256, 0, 0, 0, 0, 5, 1000, 3;
1, 256, 0, 0, 0, 0, 4, 999, 2;
1, 256, 0, 1, 1, 1, 5, 1000, 3;
1, 256, 0, -1, -1, -1, 4, 999, 2;
1, 256, 0, 1, 1, 1, 5, 1000, 3;
1, 256, 1, 1, 1, 1, 6, 1000, 3;
1, 256, 0, -1, -1, -1, 4, 999, 2;
1, 256, 0, 0, 0, 0, 4, 999, 2;
1, 256, 0, -1, -1, -1, 4, 998, 2;
1, 256, 1, 1, 1, 1, 6, 1001, 4;
1, 256, 0, 0, 0, 0, 5, 1000, 3;
1, 256, 0, 1, 1, 1, 5, 1000, 3;
1, 256, 0, 1, 1, 1, 5, 1000, 3;
1, 256, 0, -1, -1, -1, 3, 998, 1;
1, 256, 0, 0, 0, 0, 4, 999, 2;
1, 256, 0, 0, 0, 0, 4, 999, 2;
1, 256, 0, 0, 0, 0, 4, 999, 2;
1, 256, 0, 0, 0, 0, 5, 1000, 3;
1, 256, 0, 0, 0, 0, 5, 1000, 3;
1, 256, 0, 0, 0, 0, 4, 999, 2;
1, 256, 0, 0, 0, 0, 5, 1000, 3;
1, 256, 0, 0, 0, 0, 4, 999, 2;
1, 256, 0, 0, 0, 0, 5, 1000, 3;
1, 256, 0, 0, 0, 0, 4, 999, 2;
1, 256, 0, 1, 1, 1, 5, 1000, 3;
1, 256, 0, 0, 0, 0, 5, 1000, 3;
1, 256, 0, 0, 0, 0, 5, 1000, 3;
1, 256, 0, -1, -1, -1, 4, 999, 2;
1, 256, 0, 1, 1, 1, 5, 1000, 3;
1, 256, 0, -1, -1, -1, 4, 998, 2;
0, 256, 0, -1, -1, -1, 3, 998, 1;
1, 256, 0, 0, 0, 0, 4, 999, 2;
1, 256, 0, -1, -1, -1, 4, 999, 2;
1, 256, 0, 0, 0, 0, 5, 1000, 3;
1, 256, 1, 1, 1, 1, 6, 1001, 4;
1, 256, 0, -1, -1, -1, 4, 999, 2;
1, 256, 0, 0, 0, 0, 4, 999, 2;
1, 256, 0, 0, 0, 0, 5, 1000, 3;
1, 256, 0, 0, 0, 0, 5, 999, 2;
1, 256, 0, 0, 0, 0, 5, 1000, 3;
1, 256, 0, 0, 0, 0, 4, 999, 2;
1, 256, 0, 1, 1, 1, 5, 1000, 3;
1, 256, 0, 0, 0, 0, 4, 999, 2;
1, 256, 0, 1, 1, 1, 5, 1000, 3;
1, 256, 0, 1, 1, 1, 5, 1000, 3;
1, 256, 1, 1, 1, 1, 6, 1001, 4;
1, 256, 0, 0, 0, 0, 5, 1000, 3;
1, 256, 0, 0, 0, 0, 4, 999, 2;
1, 256, 0, 0, 0, 0, 4, 999, 2;
1, 256, 0, 0, 0, 0, 5, 1000, 3;
1, 256, 0, 0, 0, 0, 4, 999, 2;
1, 256, 0, -1, -1, -1, 4, 999, 2;
1, 256, 0, 0, 0, 0, 5, 1000, 3;
1, 256, 0, 0, 0, 0, 5, 1000, 3;
1, 256, 0, 1, 1, 1, 5, 1000, 3;
1, 256, 0, 1, 1, 1, 5, 1000, 3;
1, 256, 0, -1, -1, -1, 4, 999, 2;
1, 256, 0, 0, 0, 0, 5, 1000, 3;
1, 256, 1, 1, 1, 1, 6, 1001, 4;
1, 256, 0, -1, -1, -1, 4, 998, 1;
1, 256, 0, 0, 0, 0, 4, 999, 2;
1, 256, 0, 0, 0, 0, 5, 1000, 3;
1, 256, 0, -1, -1, -1, 3, 998, 1;
1, 256, 0, 0, 0, 0, 5, 1000, 3;
1, 256, 0, -1, -1, -1, 4, 999, 2;
1, 256, 0, -1, -1, -1, 4, 999, 2;
1, 256, 1, 1, 1, 1, 6, 1000, 4;
1, 256, 0, -1, -1, -1, 4, 999, 2;
1, 256, 0, 0, 0, 0, 5, 1000, 3;
1, 256, 0, 0, 0, 0, 4, 999, 2;
1, 256, 0, 0, 0, 0, 4, 999, 2;
1, 256, 0, 0, 0, 0, 5, 1000, 3;
1, 256, 0, -1, -1, -1, 4, 998, 2;
1, 256, 0, 0, 0, 0, 5, 1000, 3;
1, 256, 0, 0, 0, 0, 5, 1000, 3;
1, 256, 0, 0, 0, 0, 5, 1000, 3;
1, 256, 0, 0, 0, 0, 4, 999, 2;
1, 256, 0, -1, -1, -1, 4, 998, 1;
1, 256, 0, -1, -1, -1, 4, 999, 2;
1, 256, 1, 1, 1, 1, 6, 1001, 4;
1, 256, 0, 0, 0, 0, 4, 999, 2;
1, 256, 0, 0, 0, 0, 5, 1000, 3;
1, 256, 0, 0, 0, 0, 5, 1000, 3;
1, 256, 0, 0, 0, 0, 5, 1000, 3;
1, 256, 1, 1, 1, 1, 6, 1000, 4;
1, 256, 0, 0, 0, 0, 4, 999, 2;
1, 256, 0, -1, -1, -1, 4, 999, 2;
1, 256, 0, 0, 0, 0, 4, 999, 2;
1, 256, 0, -1, -1, -1, 4, 999, 2;
1, 256, 0, -1, -1, -1, 3, 998, 1;
1, 256, 0, 0, 0, 0, 5, 1000, 3;
1, 256, 0, 0, 0, 0, 4, 999, 2;
1, 256, 0, 0, 0, 0, 4, 999, 2;
1, 256, 0, 0, 0, 0, 5, 1000, 3;
1, 256, 0, -1, -1, -1, 4, 999, 2;
1, 256, 0, 0, 0, 0, 4, 999, 2;
1, 256, 0, 1, 1, 1, 5, 1000, 3;
1, 256, 0, 0, 0, 0, 5, 1000, 3;
1, 256, 1, 1, 1, 1, 6, 1000, 3;
1, 256, 0, 0, 0, 0, 4, 999, 2;
1, 256, 0, 0, 0, 0, 4, 999, 2;
1, 256, 0, -1, -1, -1, 4, 998, 2;
1, 256, 0, 0, 0, 0, 4, 999, 2;
1, 256, 0, 1, 1, 1, 5, 1000, 3;
1, 256, 1, 1, 1, 1, 6, 1001, 4;
1, 256, 0, -1, -1, -1, 4, 999, 2;
1, 256, 0, 0, 0, 0, 5, 1000, 3;
1, 256, 0, 0, 0, 0, 5, 1000, 3;
1, 256, 0, 1, 1, 1, 5, 1000, 3;
1, 256, 0, 0, 0, 0, 5, 1000, 3;
1, 256, 0, 0, 0, 0, 4, 999, 2;
1, 256, 0, -1, -1, -1, 4, 999, 2;
0, 256, 0, -1, -1, -1, 3, 998, 1;
1, 256, 0, 1, 1, 1, 5, 1000, 3;
1, 256, 0, 0, 0, 0, 5, 999, 3;
1, 256, 0, 0, 0, 0, 5, 1000, 3;
1, 256, 0, -1, -1, -1, 4, 998, 2;
1, 256, 0, 0, 0, 0, 5, 1000, 3;
1, 256, 0, -1, -1, -1, 4, 999, 2;
1, 256, 0, 1, 1, 1, 5, 1000, 3;
1, 256, 0, -1, -1, -1, 4, 999, 2;
1, 256, 0, -1, -1, -1, 4, 999, 2;
1, 256, 0, 0, 0, 0, 4, 999, 2;
1, 256, 0, 0, 0, 0, 4, 999, 2;
1, 256, 0, 0, 0, 0, 4, 999, 2;
1, 256, 0, -1, -1, -1, 4, 999, 2;
1, 256, 0, 1, 1, 1, 5, 1000, 3;
1, 256, 1, 1, 1, 1, 6, 1001, 4;
1, 256, 0, 0, 0, 0, 5, 1000, 3;
1, 256, 0, 0, 0, 0, 5, 1000, 3;
1, 256, 0, 1, 1, 1, 5, 1000, 3;
1, 256, 0, 0, 0, 0, 5, 1000, 3;
1, 256, 0, 0, 0, 0, 5, 1000, 3;
1, 256, 0, 0, 0, 0, 4, 999, 2;
1, 256, 0, 0, 0, 0, 5, 1000, 3;
1, 256, 0, -1, -1, -1, 4, 998, 1;
1, 256, 0, 0, 0, 0, 5, 1000, 3;
1, 256, 0, 1, 1, 1, 5, 1000, 3;
1, 256, 1, 1, 1, 1, 6, 1000, 3;
1, 256, 0, 1, 1, 1, 5, 1000, 3;
1, 256, 0, 0, 0, 0, 4, 999, 2;
1, 256, 1, 1, 1, 1, 6, 1001, 4;
1, 256, 0, 0, 0, 0, 4, 999, 2;
1, 256, 0, -1, -1, -1, 4, 999, 2;
1, 256, 0, 0, 0, 0, 5, 1000, 3;
1, 256, 0, 0, 0, 0, 4, 999, 2;
1, 256, 0, 0, 0, 0, 4, 999, 2;
1, 256, 1, 1, 1, 1, 6, 1000, 3;
1, 256, 0, 0, 0, 0, 5, 1000, 3;
1, 256, 0, 0, 0, 0, 4, 999, 2;
1, 256, 0, 0, 0, 0, 5, 1000, 3;
1, 256, 0, 0, 0, 0, 5, 1000, 3;
1, 256, 0, -1, -1, -1, 4, 998, 2;
1, 256, 0, 0, 0, 0, 4, 999, 2;
1, 256, 1, 1, 1, 1, 6, 1001, 4;
1, 256, 0, 0, 0, 0, 5, 1000, 3;
1, 256, 0, -1, -1, -1, 3, 998, 1;
1, 256, 0, 1, 1, 1, 5, 1000, 3;
1, 256, 0, 0, 0, 0, 5, 1000, 3;
1, 256, 1, 1, 1, 1, 5, 1000, 3;
1, 256, 1, 1, 1, 1, 6, 1000, 4;
1, 256, 0, -1, -1, -1, 4, 999, 2;
1, 256, 0, 0, 0, 0, 4, 999, 2;
1, 256, 0, 1, 1, 1, 5, 1000, 3;
1, 256, 0, 0, 0, 0, 4, 999, 2;
1, 256, 1, 1, 1, 1, 5, 1000, 3;
1, 256, 0, 0, 0, 0, 5, 1000, 3;
1, 256, 1, 1, 1, 1, 6, 1000, 4;
1, 256, 0, 0, 0, 0, 5, 1000, 3;
1, 256, 1, 1, 1, 1, 6, 1000, 4;
1, 256, 0, -1, -1, -1, 4, 999, 2;
1, 256, 0, 0, 0, 0, 5, 1000, 3;
1, 256, 1, 1, 1, 1, 6, 1001, 4;
1, 256, 0, -1, -1, -1, 4, 999, 2;
1, 256, 0, 1, 1, 1, 5, 1000, 3;
1, 256, 0, 0, 0, 0, 4, 999, 2;
1, 256, 0, -1, -1, -1, 4, 999, 2;
1, 256, 0, 0, 0, 0, 4, 999, 2;
1, 256, 1, 1, 1, 1, 6, 1001, 4;
1, 256, 0, -1, -1, -1, 4, 999, 2;
1, 256, 0, 0, 0, 0, 5, 1000, 3;
1, 256, 0, -1, -1, -1, 4, 999, 2;
1, 256, 1, 1, 1, 1, 6, 1001, 4;
1, 256, 0, 0, 0, 0, 5, 1000, 3;
1, 256, 0, 0, 0, 0, 5, 1000, 3;
1, 256, 0, 0, 0, 0, 5, 999, 2;
1, 256, 0, 0, 0, 0, 4, 999, 2;
1, 256, 0, 0, 0, 0, 5, 1000, 3;
1, 256, 1, 1, 1, 1, 6, 1000, 3;
1, 256, 0, 0, 0, 0, 5, 1000, 3;
1, 256, 0, 0, 0, 0, 5, 999, 3;
1, 256, 0, 0, 0, 0, 5, 1000, 3;
1, 256, 0, -1, -1, -1, 4, 999, 2;
1, 256, 0, 0, 0, 0, 4, 999, 2;
1, 256, 0, 0, 0, 0, 5, 1000, 3;
1, 256, 0, 0, 0, 0, 5, 999, 3;
1, 256, 0, 0, 0, 0, 5, 1000, 3;
1, 256, 0, 0, 0, 0, 5, 1000, 3;
1, 256, 0, -1, -1, -1, 4, 999, 2;
1, 256, 0, -1, -1, -1, 4, 999, 2;
1, 256, 0, 0, 0, 0, 5, 1000, 3;
1, 256, 0, 0, 0, 0, 4, 999, 2;
1, 256, 0, 1, 1, 1, 5, 1000, 3;
1, 256, 0, 0, 0, 0, 5, 1000, 3;
1, 256, 0, 0, 0, 0, 5, 1000, 3;
1, 256, 0, -1, -1, -1, 3, 998, 1;
1, 256, 0, 1, 1, 1, 5, 1000, 3;
1, 256, 0, 0, 0, 0, 4, 999, 2;
1, 256, 0, 0, 0, 0, 4, 999, 2;
1, 256, 1, 1, 1, 1, 5, 1000, 3;
1, 256, 0, -1, -1, -1, 4, 999, 2;
1, 256, 0, 0, 0, 0, 4, 999, 2;
1, 256, 0, 1, 1, 1, 5, 1000, 3;
1, 256, 0, 0, 0, 0, 4, 999, 2;
1, 256, 0, 0, 0, 0, 4, 999, 2;
1, 256, 1, 1, 1, 1, 6, 1001, 4;
1, 256, 0, 0, 0, 0, 4, 999, 2;
1, 256, 0, 1, 1, 1, 5, 1000, 3;
1, 256, 0, 0, 0, 0, 5, 1000, 3;
1, 256, 0, -1, -1, -1, 3, 998, 1;
1, 256, 0, 1, 1, 1, 5, 1000, 3;
1, 256, 1, 1, 1, 1, 5, 1000, 3;
1, 256, 0, 1, 1, 1, 5, 1000, 3;
1, 256, 0, 0, 0, 0, 4, 999, 2;
1, 256, 0, -1, -1, -1, 3, 998, 1;
1, 256, 0, -1, -1, -1, 4, 999, 2;
1, 256, 0, 0, 0, 0, 5, 1000, 3;
1, 256, 1, 1, 1, 1, 6, 1001, 4;
1, 256, 0, 0, 0, 0, 4, 999, 2;
1, 256, 0, 0, 0, 0, 5, 1000, 3;
1, 256, 0, -1, -1, -1, 4, 998, 1;
1, 256, 0, 0, 0, 0, 5, 1000, 3;
1, 256, 0, 0, 0, 0, 4, 999, 2;
1, 256, 0, 0, 0, 0, 4, 999, 2;
1, 256, 0, 0, 0, 0, 4, 999, 2;
1, 256, 0, 0, 0, 0, 4, 999, 2;
1, 256, 0, -1, -1, -1, 3, 998, 1;
1, 256, 0, 0, 0, 0, 4, 999, 2;
1, 256, 0, 1, 1, 1, 5, 1000, 3;
1, 256, 0, 0, 0, 0, 5, 999, 3;
1, 256, 0, 0, 0, 0, 5, 999, 3;
1, 256, 1, 1, 1, 1, 6, 1000, 4;
1, 256, 0, -1, -1, -1, 4, 999, 2;
1, 256, 0, -1, -1, -1, 4, 998, 2;
1, 256, 0, 1, 1, 1, 5, 1000, 3;
1, 256, 0, 0, 0, 0, 4, 999, 2;
1, 256, 0, 0, 0, 0, 5, 1000, 3;
1, 256, 0, -1, -1, -1, 4, 999, 2;
1, 256, 1, 1, 1, 1, 6, 1001, 4;
1, 256, 0, -1, -1, -1, 3, 998, 1;
1, 256, 0, 0, 0, 0, 5, 1000, 3;
1, 256, 1, 1, 1, 1, 6, 1000, 3;
1, 256, 0, 1, 1, 1, 5, 1000, 3;
1, 256, 0, 0, 0, 0, 4, 999, 2;
1, 256, 0, -1, -1, -1, 4, 999, 2;
1, 256, 0, 0, 0, 0, 4, 999, 2;
1, 256, 1, 1, 1, 1, 6, 1001, 4;
1, 256, 0, -1, -1, -1, 4, 999, 2;
1, 256, 0, -1, -1, -1, 4, 999, 2;
1, 256, 0, 0, 0, 0, 5, 1000, 3;
1, 256, 0, 0, 0, 0, 4, 999, 2;
1, 256, 0, -1, -1, -1, 4, 999, 2;
1, 256, 0, 0, 0, 0, 5, 1000, 3;
1, 256, 0, 0, 0, 0, 5, 1000, 3;
1, 256, 0, -1, -1, -1, 4, 999, 2;
1, 256, 0, 0, 0, 0, 4, 999, 2;
1, 256, 0, -1, -1, -1, 4, 998, 1;
1, 256, 0, -1, -1, -1, 4, 999, 2;
1, 256, 0, 0, 0, 0, 4, 999, 2;
1, 256, 0, -1, -1, -1, 4, 999, 2;
1, 256, 0, 0, 0, 0, 5, 1000, 3;
1, 256, 1, 1, 1, 1, 6, 1000, 3;
1, 256, 0, 0, 0, 0, 4, 999, 2;
1, 256, 0, -1, -1, -1, 4, 999, 2;
1, 256, 1, 1, 1, 1, 6, 1001, 4;
1, 256, 0, 0, 0, 0, 4, 999, 2;
1, 256, 0, 0, 0, 0, 4, 999, 2;
1, 256, 0, 0, 0, 0, 4, 999, 2;
1, 256, 1, 1, 1, 1, 6, 1001, 4;
1, 256, 0, 0, 0, 0, 4, 999, 2;
1, 256, 1, 1, 1, 1, 6, 1000, 3;
1, 256, 0, 0, 0, 0, 4, 999, 2;
1, 256, 0, 0, 0, 0, 5, 1000, 3;
1, 256, 0, 0, 0, 0, 4, 999, 2;
1, 256, 0, -1, -1, -1, 4, 999, 2;
1, 256, 0, 1, 1, 1, 5, 1000, 3;
1, 256, 0, -1, -1, -1, 4, 999, 2;
1, 256, 0, -1, -1, -1, 3, 998, 1;
1, 256, 0, 1, 1, 1, 5, 1000, 3;
1, 256, 0, -1, -1, -1, 4, 998, 1;
1, 256, 0, 0, 0, 0, 4, 999, 2;
1, 256, 0, -1, -1, -1, 3, 998, 1;
1, 256, 0, 0, 0, 0, 4, 999, 2;
1, 256, 0, 0, 0, 0, 5, 1000, 3;
1, 256, 0, 0, 0, 0, 5, 1000, 3;
1, 256, 0, -1, -1, -1, 3, 998, 1;
1, 256, 0, -1, -1, -1, 3, 998, 1;
1, 256, 0, 0, 0, 0, 5, 1000, 3;
1, 256, 0, -1, -1, -1, 4, 999, 2;
1, 256, 0, 0, 0, 0, 4, 999, 2;
1, 256, 0, -1, -1, -1, 4, 999, 2;
1, 256, 0, 1, 1, 1, 5, 1000, 3;
1, 256, 0, 1, 1, 1, 5, 1000, 3;
1, 256, 0, -1, -1, -1, 4, 999, 2;
1, 256, 0, 0, 0, 0, 4, 999, 2;
1, 256, 0, 0, 0, 0, 4, 999, 2;
1, 256, 0, 0, 0, 0, 4, 999, 2;
1, 256, 1, 1, 1, 1, 5, 1000, 3;
1, 256, 0, -1, -1, -1, 4, 999, 2;
1, 256, 0, 1, 1, 1, 5, 1000, 3;
1, 256, 0, -1, -1, -1, 4, 999, 2;
1, 256, 0, -1, -1, -1, 4, 998, 2;
1, 256, 0, -1, -1, -1, 4, 998, 2;
1, 256, 0, 0, 0, 0, 4, 999, 2;
1, 256, 0, 0, 0, 0, 5, 1000, 3;
1, 256, 0, 0, 0, 0, 4, 999, 2;
1, 256, 0, 0, 0, 0, 4, 999, 2;
1, 256, 0, 0, 0, 0, 4, 999, 2;
1, 256, 0, 0, 0, 0, 5, 1000, 3;
1, 256, 0, 0, 0, 0, 5, 1000, 3;
1, 256, 1, 1, 1, 1, 6, 1001, 4;
1, 256, 0, -1, -1, -1, 4, 999, 2;
1, 256, 0, 0, 0, 0, 5, 999, 3;
1, 256, 0, -1, -1, -1, 4, 998, 2;
1, 256, 0, -1, -1, -1, 4, 999, 2;
1, 256, 0, 0, 0, 0, 5, 1000, 3;
1, 256, 0, 1, 1, 1, 5, 1000, 3;
1, 256, 0, -1, -1, -1, 4, 999, 2;
1, 256, 0, 0, 0, 0, 5, 1000, 3;
1, 256, 0, 0, 0, 0, 4, 999, 2;
1, 256, 0, -1, -1, -1, 4, 999, 2;
1, 256, 0, -1, -1, -1, 4, 999, 2;
1, 256, 0, 1, 1, 1, 5, 1000, 3;
1, 256, 1, 1, 1, 1, 6, 1000, 4;
1, 256, 0, 0, 0, 0, 5, 1000, 3;
1, 256, 0, -1, -1, -1, 4, 999, 2;
1, 256, 0, -1, -1, -1, 4, 999, 2;
1, 256, 0, 0, 0, 0, 4, 999, 2;
1, 256, 0, -1, -1, -1, 4, 998, 1;
1, 256, 0, -1, -1, -1, 4, 999, 2;
1, 256, 0, 0, 0, 0, 5, 1000, 3;
1, 256, 0, 0, 0, 0, 4, 999, 2;
1, 256, 0, -1, -1, -1, 4, 998, 1;
1, 256, 0, -1, -1, -1, 4, 999, 2;
1, 256, 0, 0, 0, 0, 5, 1000, 3;
1, 256, 0, 0, 0, 0, 4, 999, 2;
1, 256, 0, 0, 0, 0, 4, 999, 2;
1, 256, 0, 0, 0, 0, 5, 1000, 3;
1, 256, 0, 0, 0, 0, 5, 1000, 3;
1, 256, 0, 0, 0, 0, 5, 1000, 3;
1, 256, 0, 0, 0, 0, 5, 1000, 3;
1, 256, 0, 1, 1, 1, 5, 1000, 3;
1, 256, 0, 0, 0, 0, 5, 1000, 3;
1, 256, 0, 1, 1, 1, 5, 1000, 3;
1, 256, 0, 0, 0, 0, 5, 1000, 3;
1, 256, 0, 1, 1, 1, 5, 1000, 3;
1, 256, 0, 1, 1, 1, 5, 1000, 3;
1, 256, 0, -1, -1, -1, 4, 999, 2;
0, 256, 0, -1, -1, -1, 3, 998, 1;
1, 256, 1, 1, 1, 1, 6, 1000, 4;
1, 256, 0, 1, 1, 1, 5, 1000, 3;
1, 256, 0, 0, 0, 0, 5, 1000, 3;
1, 256, 1, 1, 1, 1, 6, 1001, 4;
1, 256, 0, 0, 0, 0, 5, 1000, 3;
1, 256, 0, 0, 0, 0, 4, 999, 2;
1, 256, 0, 0, 0, 0, 5, 1000, 3;
1, 256, 0, 0, 0, 0, 5, 1000, 3;
1, 256, 0, 0, 0, 0, 5, 999, 3;
1, 256, 0, 0, 0, 0, 5, 1000, 3;
1, 256, 0, 0, 0, 0, 5, 1000, 3;
1, 256, 0, 0, 0, 0, 5, 1000, 3;
1, 256, 0, -1, -1, -1, 4, 999, 2;
1, 256, 0, 0, 0, 0, 4, 999, 2;
1, 256, 0, 0, 0, 0, 4, 999, 2;
1, 256, 0, 1, 1, 1, 5, 1000, 3;
1, 256, 0, 0, 0, 0, 4, 999, 2;
1, 256, 0, 0, 0, 0, 5, 1000, 3;
1, 256, 0, -1, -1, -1, 4, 998, 2;
1, 256, 0, 0, 0, 0, 5, 1000, 3;
1, 256, 0, 0, 0, 0, 5, 1000, 3;
1, 256, 0, 1, 1, 1, 5, 1000, 3;
1, 256, 0, 0, 0, 0, 5, 1000, 3;
1, 256, 0, -1, -1, -1, 4, 998, 1;
1, 256, 0, 0, 0, 0, 5, 1000, 3;
1, 256, 0, 0, 0, 0, 5, 1000, 3;
1, 256, 0, 0, 0, 0, 4, 999, 2;
1, 256, 0, 0, 0, 0, 4, 999, 2;
1, 256, 0, -1, -1, -1, 3, 998, 1;
1, 256, 0, 0, 0, 0, 5, 1000, 3;
1, 256, 0, 0, 0, 0, 4, 999, 2;
1, 256, 0, 0, 0, 0, 5, 999, 2;
1, 256, 0, 0, 0, 0, 5, 999, 3;
1, 256, 0, -1, -1, -1, 4, 999, 2;
1, 256, 1, 1, 1, 1, 6, 1000, 4;
1, 256, 0, -1, -1, -1, 4, 999, 2;
1, 256, 0, 0, 0, 0, 5, 999, 2;
1, 256, 0, -1, -1, -1, 3, 998, 1;
1, 256, 0, 0, 0, 0, 5, 1000, 3;
1, 256, 0, 0, 0, 0, 5, 1000, 3;
1, 256, 0, 0, 0, 0, 5, 1000, 3;
1, 256, 0, 0, 0, 0, 4, 999, 2;
1, 256, 0, 1, 1, 1, 5, 1000, 3;
1, 256, 1, 1, 1, 1, 6, 1000, 4;
1, 256, 0, -1, -1, -1, 4, 999, 2;
1, 256, 0, 1, 1, 1, 5, 1000, 3;
1, 256, 0, -1, -1, -1, 3, 998, 1;
1, 256, 0, 0, 0, 0, 5, 999, 2;
1, 256, 0, -1, -1, -1, 4, 998, 1;
1, 256, 0, 0, 0, 0, 4, 999, 2;
1, 256, 0, -1, -1, -1, 4, 999, 2;
1, 256, 0, 0, 0, 0, 5, 1000, 3;
1, 256, 1, 1, 1, 1, 5, 1000, 3;
1, 256, 0, 0, 0, 0, 5, 1000, 3;
1, 256, 0, -1, -1, -1, 3, 998, 1;
1, 256, 0, 1, 1, 1, 5, 1000, 3;
1, 256, 0, 0, 0, 0, 5, 1000, 3;
1, 256, 0, 0, 0, 0, 5, 999, 3;
1, 256, 0, 0, 0, 0, 4, 999, 2;
1, 256, 0, 0, 0, 0, 5, 1000, 3;
1, 256, 0, -1, -1, -1, 4, 999, 2;
1, 256, 1, 1, 1, 1, 6, 1001, 4;
1, 256, 0, 0, 0, 0, 5, 999, 2;
1, 256, 0, 1, 1, 1, 5, 1000, 3;
1, 256, 0, 0, 0, 0, 4, 999, 2;
1, 256, 0, 0, 0, 0, 5, 1000, 3;
1, 256, 0, 0, 0, 0, 5, 1000, 3;
1, 256, 0, 0, 0, 0, 5, 1000, 3;
1, 256, 0, -1, -1, -1, 4, 999, 2;
1, 256, 0, 0, 0, 0, 4, 999, 2;
1, 256, 1, 1, 1, 1, 6, 1001, 4;
1, 256, 0, 0, 0, 0, 5, 1000, 3;
1, 256, 0, 0, 0, 0, 5, 1000, 3;
1, 256, 0, 1, 1, 1, 5, 1000, 3;
1, 256, 0, 0, 0, 0, 5, 1000, 3;
1, 256, 0, -1, -1, -1, 4, 998, 1;
1, 256, 0, 0, 0, 0, 5, 1000, 3;
1, 256, 0, -1, -1, -1, 4, 998, 2;
1, 256, 0, -1, -1, -1, 3, 998, 1;
1, 256, 0, 0, 0, 0, 4, 999, 2;
1, 256, 0, 0, 0, 0, 5, 1000, 3;
1, 256, 0, 0, 0, 0, 5, 1000, 3;
1, 256, 0, 0, 0, 0, 4, 999, 2;
1, 256, 1, 1, 1, 1, 6, 1001, 4;
1, 256, 0, -1, -1, -1, 4, 999, 2;
1, 256, 0, 0, 0, 0, 4, 999, 2;
1, 256, 0, 0, 0, 0, 4, 999, 2;
1, 256, 1, 1, 1, 1, 6, 1001, 4;
1, 256, 0, -1, -1, -1, 4, 999, 2;
1, 256, 0, 1, 1, 1, 5, 1000, 3;
1, 256, 0, 0, 0, 0, 5, 1000, 3;
1, 256, 0, 0, 0, 0, 4, 999, 2;
1, 256, 0, 0, 0, 0, 5, 999, 3;
1, 256, 0, -1, -1, -1, 4, 999, 2;
1, 256, 0, 0, 0, 0, 4, 999, 2;
1, 256, 0, 1, 1, 1, 5, 1000, 3;
1, 256, 0, 1, 1, 1, 5, 1000, 3;
1, 256, 1, 1, 1, 1, 6, 1001, 4;
1, 256, 0, 0, 0, 0, 5, 1000, 3;
1, 256, 0, 0, 0, 0, 4, 999, 2;
1, 256, 0, -1, -1, -1, 4, 999, 2;
1, 256, 1, 1, 1, 1, 6, 1001, 4;
1, 256, 0, 0, 0, 0, 4, 999, 2;
1, 256, 0, 0, 0, 0, 5, 1000, 3;
0, 256, 0, -1, -1, -1, 3, 998, 1;
1, 256, 0, 0, 0, 0, 5, 1000, 3;
1, 256, 0, 0, 0, 0, 5, 999, 2;
1, 256, 0, -1, -1, -1, 3, 998, 1;
1, 256, 0, 0, 0, 0, 4, 999, 2;
1, 256, 0, 0, 0, 0, 4, 999, 2;
1, 256, 0, -1, -1, -1, 4, 999, 2;
1, 256, 0, 0, 0, 0, 5, 1000, 3;
1, 256, 1, 1, 1, 1, 6, 1001, 4;
1, 256, 0, 0, 0, 0, 5, 1000, 3;
1, 256, 1, 1, 1, 1, 6, 1001, 4;
1, 256, 0, -1, -1, -1, 3, 998, 1;
1, 256, 0, -1, -1, -1, 4, 999, 2;
1, 256, 0, 0, 0, 0, 5, 1000, 3;
1, 256, 0, -1, -1, -1, 4, 999, 2;
1, 256, 0, 0, 0, 0, 5, 1000, 3;
1, 256, 0, 0, 0, 0, 4, 999, 2;
1, 256, 0, -1, -1, -1, 4, 998, 1;
1, 256, 0, -1, -1, -1, 4, 999, 2;
1, 256, 0, 1, 1, 1, 5, 1000, 3;
1, 256, 0, 0, 0, 0, 4, 999, 2;
1, 256, 0, 0, 0, 0, 5, 1000, 3;
1, 256, 0, 0, 0, 0, 4, 999, 2;
1, 256, 0, -1, -1, -1, 4, 999, 2;
1, 256, 1, 1, 1, 1, 6, 1000, 3;
1, 256, 0, 0, 0, 0, 5, 999, 3;
1, 256, 0, -1, -1, -1, 4, 999, 2;
1, 256, 0, 0, 0, 0, 5, 1000, 3;
1, 256, 0, -1, -1, -1, 4, 999, 2;
1, 256, 0, 0, 0, 0, 5, 999, 3;
1, 256, 0, 0, 0, 0, 5, 1000, 3;
1, 256, 0, -1, -1, -1, 4, 999, 2;
1, 256, 0, 0, 0, 0, 5, 1000, 3;
1, 256, 0, -1, -1, -1, 4, 999, 2;
1, 256, 0, 1, 1, 1, 5, 1000, 3;
1, 256, 0, 0, 0, 0, 5, 1000, 3;
1, 256, 1, 1, 1, 1, 6, 1001, 4;
1, 256, 1, 1, 1, 1, 6, 1000, 4;
1, 256, 0, 1, 1, 1, 5, 1000, 3;
1, 256, 0, 0, 0, 0, 4, 999, 2;
1, 256, 0, -1, -1, -1, 4, 999, 2;
1, 256, 0, -1, -1, -1, 4, 998, 1;
1, 256, 0, 0, 0, 0, 5, 1000, 3;
1, 256, 0, 0, 0, 0, 4, 999, 2;
1, 256, 0, -1, -1, -1, 4, 999, 2;
1, 256, 0, 0, 0, 0, 5, 1000, 3;
1, 256, 0, 0, 0, 0, 5, 999, 2;
1, 256, 0, 0, 0, 0, 5, 1000, 3;
1, 256, 1, 1, 1, 1, 6, 1001, 4;
1, 256, 1, 1, 1, 1, 5, 1000, 3;
1, 256, 0, -1, -1, -1, 3, 998, 1;
1, 256, 0, -1, -1, -1, 4, 999, 2;
1, 256, 0, 0, 0, 0, 4, 999, 2;
1, 256, 0, 0, 0, 0, 5, 1000, 3;
1, 256, 0, -1, -1, -1, 4, 998, 2;
1, 256, 0, -1, -1, -1, 3, 998, 1;
1, 256, 0, -1, -1, -1, 3, 998, 1;
1, 256, 0, 0, 0, 0, 5, 1000, 3;
1, 256, 1, 1, 1, 1, 6, 1000, 4;
1, 256, 0, -1, -1, -1, 4, 999, 2;
1, 256, 0, -1, -1, -1, 4, 999, 2;
1, 256, 0, 1, 1, 1, 5, 1000, 3;
1, 256, 0, 1, 1, 1, 5, 1000, 3;
1, 256, 0, 0, 0, 0, 5, 999, 3;
1, 256, 0, -1, -1, -1, 4, 999, 2;
1, 256, 1, 1, 1, 1, 6, 1000, 4;
1, 256, 0, 0, 0, 0, 4, 999, 2;
1, 256, 0, 0, 0, 0, 4, 999, 2;
1, 256, 1, 1, 1, 1, 6, 1001, 4;
1, 256, 0, 1, 1, 1, 5, 1000, 3;
1, 256, 0, 1, 1, 1, 5, 1000, 3;
1, 256, 0, 1, 1, 1, 5, 1000, 3;
1, 256, 0, -1, -1, -1, 4, 998, 1;
1, 256, 0, 0, 0, 0, 4, 999, 2;
1, 256, 1, 1, 1, 1, 6, 1000, 3;
1, 256, 0, 0, 0, 0, 5, 1000, 3;
1, 256, 0, 0, 0, 0, 5, 1000, 3;
1, 256, 0, -1, -1, -1, 4, 999, 2;
1, 256, 0, 1, 1, 1, 5, 1000, 3;
1, 256, 0, 0, 0, 0, 4, 999, 2;
1, 256, 0, 0, 0, 0, 5, 999, 3;
1, 256, 0, 1, 1, 1, 5, 1000, 3;
1, 256, 1, 1, 1, 1, 6, 1001, 4;
1, 256, 0, 1, 1, 1, 5, 1000, 3;
1, 256, 0, 0, 0, 0, 5, 1000, 3;
1, 256, 0, 0, 0, 0, 5, 1000, 3;
1, 256, 1, 1, 1, 1, 6, 1000, 3;
1, 256, 0, -1, -1, -1, 4, 999, 2;
1, 256, 1, 1, 1, 1, 6, 1001, 4;
1, 256, 0, 0, 0, 0, 5, 1000, 3;
1, 256, 1, 1, 1, 1, 6, 1000, 4;
1, 256, 0, -1, -1, -1, 4, 998, 2;
1, 256, 0, 0, 0, 0, 5, 1000, 3;
1, 256, 0, 0, 0, 0, 5, 999, 3;
1, 256, 1, 1, 1, 1, 6, 1000, 4;
1, 256, 0, 1, 1, 1, 5, 1000, 3;
1, 256, 0, -1, -1, -1, 4, 999, 2;
1, 256, 0, 0, 0, 0, 4, 999, 2;
1, 256, 0, 0, 0, 0, 5, 1000, 3;
1, 256, 0, -1, -1, -1, 4, 999, 2;
1, 256, 0, 0, 0, 0, 5, 1000, 3;
1, 256, 0, 0, 0, 0, 4, 999, 2;
1, 256, 0, 0, 0, 0, 4, 999, 2;
1, 256, 0, 0, 0, 0, 4, 999, 2;
1, 256, 1, 1, 1, 1, 6, 1000, 3;
1, 256, 0, 0, 0, 0, 5, 1000, 3;
1, 256, 0, 0, 0, 0, 5, 1000, 3;
1, 256, 0, -1, -1, -1, 4, 998, 2;
1, 256, 0, 0, 0, 0, 4, 999, 2;
1, 256, 0, -1, -1, -1, 4, 999, 2;
1, 256, 0, -1, -1, -1, 4, 998, 2;
1, 256, 0, 0, 0, 0, 5, 999, 3;
1, 256, 0, -1, -1, -1, 4, 999, 2;
1, 256, 0, 1, 1, 1, 5, 1000, 3;
1, 256, 0, 0, 0, 0, 4, 999, 2;
1, 256, 1, 1, 1, 1, 6, 1000, 3;
1, 256, 0, 0, 0, 0, 5, 1000, 3;
1, 256, 0, 0, 0, 0, 4, 999, 2;
1, 256, 1, 1, 1, 1, 6, 1001, 4;
1, 256, 0, -1, -1, -1, 4, 999, 2;
1, 256, 0, 0, 0, 0, 5, 1000, 3;
1, 256, 0, 0, 0, 0, 4, 999, 2;
1, 256, 0, 0, 0, 0, 5, 999, 3;
1, 256, 1, 1, 1, 1, 5, 1000, 3;
1, 256, 0, 0, 0, 0, 5, 999, 3;
1, 256, 0, -1, -1, -1, 3, 998, 1;
1, 256, 0, -1, -1, -1, 4, 999, 2;
1, 256, 0, -1, -1, -1, 4, 999, 2;
1, 256, 0, -1, -1, -1, 3, 998, 1;
1, 256, 0, 0, 0, 0, 4, 999, 2;
1, 256, 0, 0, 0, 0, 5, 1000, 3;
1, 256, 0, 0, 0, 0, 5, 1000, 3;
1, 256, 0, 0, 0, 0, 5, 999, 3;
1, 256, 1, 1, 1, 1, 6, 1001, 4;
1, 256, 0, 0, 0, 0, 4, 999, 2;
1, 256, 1, 1, 1, 1, 6, 1000, 4;
1, 256, 0, 0, 0, 0, 5, 1000, 3;
1, 256, 1, 1, 1, 1, 6, 1001, 4;
1, 256, 0, 0, 0, 0, 4, 999, 2;
1, 256, 0, -1, -1, -1, 3, 998, 1;
1, 256, 1, 1, 1, 1, 5, 1000, 3;
1, 256, 0, -1, -1, -1, 4, 999, 2;
1, 256, 0, 0, 0, 0, 4, 999, 2;
1, 256, 0, 0, 0, 0, 4, 999, 2;
1, 256, 0, 0, 0, 0, 5, 1000, 3;
1, 256, 0, -1, -1, -1, 4, 999, 2;
1, 256, 0, -1, -1, -1, 4, 999, 2;
1, 256, 0, -1, -1, -1, 4, 998, 2;
1, 256, 0, 0, 0, 0, 4, 999, 2;
1, 256, 0, 0, 0, 0, 5, 1000, 3;
1, 256, 1, 1, 1, 1, 6, 1000, 3;
1, 256, 0, 0, 0, 0, 5, 1000, 3;
1, 256, 0, 0, 0, 0, 4, 999, 2;
1, 256, 0, 0, 0, 0, 4, 999, 2;
1, 256, 0, 0, 0, 0, 4, 999, 2;
1, 256, 0, 0, 0, 0, 4, 999, 2;
1, 256, 0, 0, 0, 0, 5, 1000, 3;
1, 256, 0, 0, 0, 0, 4, 999, 2;
1, 256, 0, -1, -1, -1, 4, 999, 2;
1, 256, 1, 1, 1, 1, 6, 1001, 4;
1, 256, 0, -1, -1, -1, 4, 999, 2;
1, 256, 0, -1, -1, -1, 3, 998, 1;
1, 256, 0, 0, 0, 0, 5, 1000, 3;
1, 256, 0, -1, -1, -1, 4, 999, 2;
1, 256, 0, -1, -1, -1, 4, 999, 2;
1, 256, 0, -1, -1, -1, 4, 999, 2;
1, 256, 0, -1, -1, -1, 3, 998, 1;
1, 256, 0, 1, 1, 1, 5, 1000, 3;
1, 256, 0, 1, 1, 1, 5, 1000, 3;
1, 256, 1, 1, 1, 1, 6, 1001, 4;
1, 256, 0, 0, 0, 0, 5, 1000, 3;
1, 256, 0, -1, -1, -1, 4, 999, 2;
1, 256, 1, 1, 1, 1, 6, 1000, 4;
1, 256, 0, 0, 0, 0, 5, 1000, 3;
1, 256, 0, 0, 0, 0, 4, 999, 2;
1, 256, 1, 1, 1, 1, 6, 1001, 4;
1, 256, 0, 0, 0, 0, 5, 1000, 3;
1, 256, 1, 1, 1, 1, 6, 1001, 4;
1, 256, 0, 0, 0, 0, 5, 1000, 3;
1, 256, 0, 1, 1, 1, 5, 1000, 3;
1, 256, 0, 0, 0, 0, 4, 999, 2;
1, 256, 1, 1, 1, 1, 5, 1000, 3;
1, 256, 0, 1, 1, 1, 5, 1000, 3;
1, 256, 0, 0, 0, 0, 5, 999, 2;
1, 256, 0, 0, 0, 0, 4, 999, 2;
1, 256, 0, 0, 0, 0, 5, 1000, 3;
1, 256, 0, 0, 0, 0, 5, 1000, 3;
1, 256, 0, -1, -1, -1, 4, 999, 2;
1, 256, 0, 1, 1, 1, 5, 1000, 3;
1, 256, 0, -1, -1, -1, 4, 999, 2;
1, 256, 0, 0, 0, 0, 5, 1000, 3;
1, 256, 0, 0, 0, 0, 4, 999, 2;
1, 256, 0, 1, 1, 1, 5, 1000, 3;
1, 256, 0, -1, -1, -1, 4, 999, 2;
1, 256, 0, 0, 0, 0, 4, 999, 2;
1, 256, 0, 0, 0, 0, 5, 1000, 3;
1, 256, 0, 0, 0, 0, 4, 999, 2;
1, 256, 0, 0, 0, 0, 5, 1000, 3;
1, 256, 0, -1, -1, -1, 4, 998, 1;
1, 256, 0, 1, 1, 1, 5, 1000, 3;
1, 256, 0, 0, 0, 0, 5, 1000, 3;
1, 256, 0, 0, 0, 0, 4, 999, 2;
1, 256, 1, 1, 1, 1, 6, 1001, 4;
1, 256, 1, 1, 1, 1, 6, 1000, 3;
1, 256, 0, 0, 0, 0, 5, 1000, 3;
1, 256, 1, 1, 1, 1, 6, 1000, 3;
1, 256, 1, 1, 1, 1, 6, 1001, 4;
1, 256, 1, 1, 1, 1, 5, 1000, 3;
1, 256, 0, -1, -1, -1, 4, 999, 2;
1, 256, 0, 0, 0, 0, 5, 1000, 3;
1, 256, 0, 0, 0, 0, 4, 999, 2;
1, 256, 0, 1, 1, 1, 5, 1000, 3;
1, 256, 0, 0, 0, 0, 4, 999, 2;
1, 256, 0, 0, 0, 0, 4, 999, 2;
1, 256, 0, 0, 0, 0, 4, 999, 2;
1, 256, 0, 0, 0, 0, 5, 999, 3;
1, 256, 1, 1, 1, 1, 6, 1000, 3;
1, 256, 0, 0, 0, 0, 5, 1000, 3;
1, 256, 0, 0, 0, 0, 5, 1000, 3;
1, 256, 0, 0, 0, 0, 5, 1000, 3;
1, 256, 0, 0, 0, 0, 4, 999, 2;
1, 256, 0, 1, 1, 1, 5, 1000, 3;
1, 256, 0, 0, 0, 0, 5, 1000, 3;
1, 256, 0, -1, -1, -1, 4, 999, 2;
1, 256, 1, 1, 1, 1, 5, 1000, 3;
1, 256, 0, 0, 0, 0, 5, 1000, 3;
1, 256, 0, 0, 0, 0, 4, 999, 2;
1, 256, 1, 1, 1, 1, 6, 1000, 4;
1, 256, 0, 0, 0, 0, 5, 1000, 3;
1, 256, 0, 0, 0, 0, 4, 999, 2;
1, 256, 0, 0, 0, 0, 5, 1000, 3;
1, 256, 0, 0, 0, 0, 5, 1000, 3;
1, 256, 0, 0, 0, 0, 5, 1000, 3;
1, 256, 0, 0, 0, 0, 5, 999, 2;
1, 256, 0, -1, -1, -1, 4, 999, 2;
1, 256, 1, 1, 1, 1, 5, 1000, 3;
1, 256, 0, 0, 0, 0, 5, 1000, 3;
1, 256, 0, 0, 0, 0, 4, 999, 2;
1, 256, 1, 1, 1, 1, 6, 1001, 4;
1, 256, 0, 0, 0, 0, 5, 1000, 3;
1, 256, 0, -1, -1, -1, 4, 999, 2;
1, 256, 0, 0, 0, 0, 4, 999, 2;
1, 256, 1, 1, 1, 1, 6, 1001, 4;
1, 256, 0, 1, 1, 1, 5, 1000, 3;
0, 256, 0, -1, -1, -1, 3, 998, 1;
1, 256, 0, 0, 0, 0, 5, 1000, 3;
1, 256, 0, 0, 0, 0, 4, 999, 2;
1, 256, 0, 0, 0, 0, 4, 999, 2;
1, 256, 0, 0, 0, 0, 5, 999, 2;
1, 256, 0, 1, 1, 1, 5, 1000, 3;
1, 256, 0, 0, 0, 0, 5, 999, 3;
1, 256, 0, -1, -1, -1, 4, 999, 2;
1, 256, 0, 0, 0, 0, 5, 1000, 3;
1, 256, 1, 1, 1, 1, 6, 1000, 3;
1, 256, 0, 0, 0, 0, 5, 1000, 3;
1, 256, 0, 0, 0, 0, 4, 999, 2;
1, 256, 0, -1, -1, -1, 4, 999, 2;
1, 256, 0, 0, 0, 0, 4, 999, 2;
1, 256, 0, 0, 0, 0, 5, 1000, 3;
1, 256, 0, -1, -1, -1, 4, 999, 2;
1, 256, 0, 0, 0, 0, 4, 999, 2;
1, 256, 0, 0, 0, 0, 5, 1000, 3;
1, 256, 0, 0, 0, 0, 5, 1000, 3;
1, 256, 0, 0, 0, 0, 5, 1000, 3;
1, 256, 0, 0, 0, 0, 4, 999, 2;
1, 256, 0, -1, -1, -1, 4, 999, 2;
1, 256, 0, -1, -1, -1, 4, 999, 2;
1, 256, 0, 0, 0, 0, 4, 999, 2;
1, 256, 1, 1, 1, 1, 6, 1001, 4;
1, 256, 0, 1, 1, 1, 5, 1000, 3;
1, 256, 0, 1, 1, 1, 5, 1000, 3;
1, 256, 0, -1, -1, -1, 4, 998, 1;
1, 256, 0, 0, 0, 0, 4, 999, 2;
1, 256, 0, -1, -1, -1, 3, 998, 1;
1, 256, 0, -1, -1, -1, 4, 999, 2;
1, 256, 0, 0, 0, 0, 5, 1000, 3;
1, 256, 0, 0, 0, 0, 4, 999, 2;
1, 256, 0, 1, 1, 1, 5, 1000, 3;
1, 256, 0, 0, 0, 0, 5, 999, 3;
1, 256, 0, 1, 1, 1, 5, 1000, 3;
1, 256, 0, 0, 0, 0, 5, 1000, 3;
1, 256, 0, 0, 0, 0, 5, 1000, 3;
1, 256, 0, 1, 1, 1, 5, 1000, 3;
1, 256, 0, -1, -1, -1, 4, 999, 2;
1, 256, 0, 0, 0, 0, 4, 999, 2;
1, 256, 0, -1, -1, -1, 4, 998, 1;
1, 256, 0, 0, 0, 0, 5, 1000, 3;
1, 256, 0, -1, -1, -1, 3, 998, 1;
1, 256, 0, -1, -1, -1, 4, 999, 2;
1, 256, 0, 0, 0, 0, 5, 1000, 3;
1, 256, 0, 0, 0, 0, 5, 1000, 3;
1, 256, 0, -1, -1, -1, 4, 999, 2;
1, 256, 0, 1, 1, 1, 5, 1000, 3;
1, 256, 0, 0, 0, 0, 4, 999, 2;
1, 256, 0, 0, 0, 0, 5, 1000, 3;
1, 256, 0, 0, 0, 0, 4, 999, 2;
1, 256, 1, 1, 1, 1, 6, 1001, 4;
1, 256, 0, 0, 0, 0, 5, 1000, 3;
1, 256, 0, -1, -1, -1, 4, 999, 2;
1, 256, 0, 0, 0, 0, 4, 999, 2;
1, 256, 1, 1, 1, 1, 6, 1001, 4;
1, 256, 1, 1, 1, 1, 6, 1001, 4;
1, 256, 1, 1, 1, 1, 6, 1001, 4;
1, 256, 0, -1, -1, -1, 4, 998, 2;
1, 256, 0, 0, 0, 0, 5, 1000, 3;
1, 256, 0, -1, -1, -1, 4, 998, 2;
1, 256, 0, -1, -1, -1, 4, 999, 2;
1, 256, 0, -1, -1, -1, 4, 999, 2;
1, 256, 1, 1, 1, 1, 6, 1001, 4;
1, 256, 0, 0, 0, 0, 4, 999, 2;
1, 256, 0, 0, 0, 0, 5, 1000, 3;
1, 256, 0, 1, 1, 1, 5, 1000, 3;
1, 256, 0, 0, 0, 0, 4, 999, 2;
1, 256, 0, 0, 0, 0, 5, 1000, 3;
1, 256, 1, 1, 1, 1, 6, 1001, 4;
1, 256, 0, 0, 0, 0, 5, 999, 2;
1, 256, 0, 1, 1, 1, 5, 1000, 3;
1, 256, 0, -1, -1, -1, 4, 999, 2;
1, 256, 0, -1, -1, -1, 3, 998, 1;
1, 256, 0, 0, 0, 0, 4, 999, 2;
1, 256, 0, 1, 1, 1, 5, 1000, 3;
1, 256, 0, -1, -1, -1, 4, 999, 2;
1, 256, 0, 0, 0, 0, 4, 999, 2;
1, 256, 1, 1, 1, 1, 5, 1000, 3;
1, 256, 0, 0, 0, 0, 5, 1000, 3;
1, 256, 0, 0, 0, 0, 5, 1000, 3;
1, 256, 0, -1, -1, -1, 3, 998, 1;
1, 256, 1, 1, 1, 1, 6, 1001, 4;
1, 256, 0, -1, -1, -1, 4, 999, 2;
1, 256, 0, 0, 0, 0, 4, 999, 2;
1, 256, 0, -1, -1, -1, 4, 999, 2;
1, 256, 0, 0, 0, 0, 4, 999, 2;
1, 256, 0, 0, 0, 0, 4, 999, 2;
1, 256, 0, 1, 1, 1, 5, 1000, 3;
1, 256, 0, 0, 0, 0, 5, 1000, 3;
1, 256, 0, 0, 0, 0, 5, 1000, 3;
1, 256, 0, 1, 1, 1, 5, 1000, 3;
1, 256, 0, 0, 0, 0, 5, 1000, 3;
0, 256, 0, -1, -1, -1, 3, 998, 1;
1, 256, 0, 1, 1, 1, 5, 1000, 3;
1, 256, 0, 0, 0, 0, 5, 1000, 3;
1, 256, 0, 1, 1, 1, 5, 1000, 3;
1, 256, 0, -1, -1, -1, 3, 998, 1;
1, 256, 0, 0, 0, 0, 4, 999, 2;
1, 256, 1, 1, 1, 1, 6, 1001, 4;
1, 256, 0, 0, 0, 0, 4, 999, 2;
1, 256, 1, 1, 1, 1, 6, 1001, 4;
1, 256, 0, 1, 1, 1, 5, 1000, 3;
1, 256, 0, 0, 0, 0, 4, 999, 2;
1, 256, 0, 0, 0, 0, 5, 1000, 3;
1, 256, 0, 0, 0, 0, 4, 999, 2;
1, 256, 0, 1, 1, 1, 5, 1000, 3;
1, 256, 1, 1, 1, 1, 5, 1000, 3;
1, 256, 1, 1, 1, 1, 6, 1001, 4;
1, 256, 0, 1, 1, 1, 5, 1000, 3;
1, 256, 1, 1, 1, 1, 6, 1001, 4;
1, 256, 0, 0, 0, 0, 4, 999, 2;
1, 256, 0, 0, 0, 0, 5, 1000, 3;
1, 256, 0, 0, 0, 0, 5, 1000, 3;
1, 256, 0, -1, -1, -1, 4, 999, 2;
1, 256, 0, -1, -1, -1, 3, 998, 1;
1, 256, 0, -1, -1, -1, 3, 998, 1;
1, 256, 0, 0, 0, 0, 5, 1000, 3;
1, 256, 0, -1, -1, -1, 4, 999, 2;
1, 256, 0, 0, 0, 0, 4, 999, 2;
1, 256, 0, 1, 1, 1, 5, 1000, 3;
1, 256, 0, -1, -1, -1, 4, 999, 2;
1, 256, 0, 0, 0, 0, 4, 999, 2;
1, 256, 0, -1, -1, -1, 4, 999, 2;
1, 256, 0, -1, -1, -1, 4, 999, 2;
1, 256, 0, 1, 1, 1, 5, 1000, 3;
1, 256, 0, 0, 0, 0, 4, 999, 2;
1, 256, 0, 0, 0, 0, 5, 1000, 3;
1, 256, 0, 0, 0, 0, 4, 999, 2;
1, 256, 1, 1, 1, 1, 5, 1000, 3;
1, 256, 0, 1, 1, 1, 5, 1000, 3;
1, 256, 1, 1, 1, 1, 5, 1000, 3;
1, 256, 0, -1, -1, -1, 4, 999, 2;
1, 256, 0, 0, 0, 0, 5, 1000, 3;
1, 256, 0, 0, 0, 0, 5, 1000, 3;
1, 256, 0, 1, 1, 1, 5, 1000, 3;
1, 256, 1, 1, 1, 1, 6, 1001, 4;
1, 256, 0, -1, -1, -1, 4, 999, 2;
1, 256, 0, 0, 0, 0, 5, 1000, 3;
1, 256, 0, 0, 0, 0, 5, 1000, 3;
1, 256, 0, -1, -1, -1, 4, 998, 2;
1, 256, 0, 0, 0, 0, 5, 1000, 3;
1, 256, 0, -1, -1, -1, 4, 999, 2;
1, 256, 0, -1, -1, -1, 4, 998, 1;
1, 256, 1, 1, 1, 1, 6, 1001, 4;
1, 256, 0, 0, 0, 0, 4, 999, 2;
1, 256, 0, 0, 0, 0, 5, 1000, 3;
1, 256, 0, 0, 0, 0, 5, 1000, 3;
1, 256, 1, 1, 1, 1, 6, 1001, 4;
1, 256, 0, 0, 0, 0, 4, 999, 2;
1, 256, 0, 0, 0, 0, 5, 1000, 3;
1, 256, 0, 0, 0, 0, 4, 999, 2;
1, 256, 1, 1, 1, 1, 6, 1001, 4;
1, 256, 0, 0, 0, 0, 5, 1000, 3;
1, 256, 0, 0, 0, 0, 5, 1000, 3;
1, 256, 0, 0, 0, 0, 5, 1000, 3;
1, 256, 0, 0, 0, 0, 4, 999, 2;
1, 256, 0, 0, 0, 0, 4, 999, 2;
1, 256, 1, 1, 1, 1, 6, 1001, 4;
0, 256, 0, -1, -1, -1, 3, 998, 1;
1, 256, 0, 0, 0, 0, 4, 999, 2;
1, 256, 0, 0, 0, 0, 5, 1000, 3;
1, 256, 0, -1, -1, -1, 4, 999, 2;
1, 256, 0, 0, 0, 0, 5, 1000, 3;
1, 256, 0, 0, 0, 0, 5, 1000, 3;
1, 256, 1, 1, 1, 1, 5, 1000, 3;
1, 256, 0, 0, 0, 0, 4, 999, 2;
1, 256, 0, 0, 0, 0, 4, 999, 2;
1, 256, 0, 0, 0, 0, 5, 1000, 3;
1, 256, 0, -1, -1, -1, 4, 999, 2;
1, 256, 0, 0, 0, 0, 5, 1000, 3;
1, 256, 0, -1, -1, -1, 4, 999, 2;
1, 256, 0, 0, 0, 0, 4, 999, 2;
1, 256, 0, -1, -1, -1, 4, 999, 2;
1, 256, 0, 0, 0, 0, 5, 1000, 3;
1, 256, 0, 1, 1, 1, 5, 1000, 3;
1, 256, 0, 0, 0, 0, 4, 999, 2;
1, 256, 1, 1, 1, 1, 6, 1001, 4;
1, 256, 0, -1, -1, -1, 3, 998, 1;
1, 256, 0, 0, 0, 0, 5, 1000, 3;
1, 256, 0, 0, 0, 0, 5, 1000, 3;
1, 256, 1, 1, 1, 1, 5, 1000, 3;
1, 256, 0, 0, 0, 0, 4, 999, 2;
1, 256, 0, 0, 0, 0, 5, 1000, 3;
1, 256, 0, 0, 0, 0, 4, 999, 2;
1, 256, 0, 0, 0, 0, 5, 1000, 3;
1, 256, 0, -1, -1, -1, 3, 998, 1;
1, 256, 0, -1, -1, -1, 4, 999, 2;
1, 256, 0, 0, 0, 0, 4, 999, 2;
1, 256, 0, 1, 1, 1, 5, 1000, 3;
1, 256, 0, -1, -1, -1, 4, 999, 2;
1, 256, 0, 0, 0, 0, 4, 999, 2;
1, 256, 0, 1, 1, 1, 5, 1000, 3;
1, 256, 0, 0, 0, 0, 5, 1000, 3;
1, 256, 1, 1, 1, 1, 6, 1001, 4;
1, 256, 0, 0, 0, 0, 5, 999, 3;
1, 256, 0, 0, 0, 0, 4, 999, 2;
1, 256, 1, 1, 1, 1, 6, 1000, 3;
1, 256, 0, 0, 0, 0, 4, 999, 2;
1, 256, 0, 0, 0, 0, 4, 999, 2;
1, 256, 0, -1, -1, -1, 3, 998, 1;
1, 256, 0, 0, 0, 0, 5, 1000, 3;
1, 256, 1, 1, 1, 1, 6, 1001, 4;
1, 256, 0, -1, -1, -1, 4, 999, 2;
1, 256, 0, 1, 1, 1, 5, 1000, 3;
1, 256, 0, 0, 0, 0, 4, 999, 2;
1, 256, 0, -1, -1, -1, 4, 999, 2;
1, 256, 0, 0, 0, 0, 5, 1000, 3;
1, 256, 1, 1, 1, 1, 5, 1000, 3;
1, 256, 0, -1, -1, -1, 4, 999, 2;
1, 256, 0, 0, 0, 0, 5, 1000, 3;
1, 256, 0, 0, 0, 0, 5, 1000, 3;
1, 256, 0, 1, 1, 1, 5, 1000, 3;
1, 256, 0, 0, 0, 0, 4, 999, 2;
1, 256, 0, -1, -1, -1, 4, 999, 2;
1, 256, 0, 0, 0, 0, 4, 999, 2;
1, 256, 1, 1, 1, 1, 6, 1000, 4;
1, 256, 0, -1, -1, -1, 4, 998, 1;
1, 256, 0, 0, 0, 0, 5, 1000, 3;
1, 256, 0, -1, -1, -1, 4, 999, 2;
1, 256, 0, 0, 0, 0, 4, 999, 2;
1, 256, 0, 0, 0, 0, 5, 1000, 3;
1, 256, 0, -1, -1, -1, 4, 999, 2;
0, 256, 0, -1, -1, -1, 3, 998, 1;
1, 256, 0, 0, 0, 0, 4, 999, 2;
1, 256, 0, -1, -1, -1, 3, 998, 1;
1, 256, 1, 1, 1, 1, 6, 1000, 4;
1, 256, 0, 1, 1, 1, 5, 1000, 3;
1, 256, 0, 0, 0, 0, 5, 1000, 3;
1, 256, 0, 0, 0, 0, 5, 1000, 3;
1, 256, 0, -1, -1, -1, 4, 999, 2;
1, 256, 0, -1, -1, -1, 4, 999, 2;
1, 256, 0, -1, -1, -1, 4, 999, 2;
1, 256, 0, 0, 0, 0, 5, 1000, 3;
1, 256, 0, 0, 0, 0, 4, 999, 2;
1, 256, 0, -1, -1, -1, 4, 999, 2;
1, 256, 0, 1, 1, 1, 5, 1000, 3;
1, 256, 1, 1, 1, 1, 6, 1001, 4;
1, 256, 1, 1, 1, 1, 6, 1000, 3;
1, 256, 0, 0, 0, 0, 5, 1000, 3;
1, 256, 0, 1, 1, 1, 5, 1000, 3;
1, 256, 0, 0, 0, 0, 5, 1000, 3;
1, 256, 1, 1, 1, 1, 6, 1000, 4;
1, 256, 0, -1, -1, -1, 4, 999, 2;
1, 256, 0, -1, -1, -1, 3, 998, 1;
1, 256, 0, 0, 0, 0, 5, 1000, 3;
1, 256, 0, 0, 0, 0, 4, 999, 2;
1, 256, 1, 1, 1, 1, 6, 1001, 4;
1, 256, 0, 0, 0, 0, 5, 1000, 3;
1, 256, 0, 0, 0, 0, 4, 999, 2;
1, 256, 0, -1, -1, -1, 4, 999, 2;
1, 256, 0, -1, -1, -1, 4, 999, 2;
1, 256, 1, 1, 1, 1, 6, 1001, 4;
1, 256, 1, 1, 1, 1, 6, 1001, 4;
1, 256, 0, 0, 0, 0, 5, 999, 3;
1, 256, 1, 1, 1, 1, 6, 1001, 4;
1, 256, 0, -1, -1, -1, 4, 999, 2;
1, 256, 0, 1, 1, 1, 5, 1000, 3;
1, 256, 1, 1, 1, 1, 6, 1001, 4;
1, 256, 1, 1, 1, 1, 6, 1000, 4;
1, 256, 0, 0, 0, 0, 4, 999, 2;
1, 256, 0, -1, -1, -1, 4, 999, 2;
1, 256, 0, 0, 0, 0, 5, 1000, 3;
1, 256, 0, 0, 0, 0, 4, 999, 2;
1, 256, 0, -1, -1, -1, 4, 998, 1;
1, 256, 1, 1, 1, 1, 5, 1000, 3;
1, 256, 0, -1, -1, -1, 4, 999, 2;
1, 256, 0, 0, 0, 0, 5, 1000, 3;
1, 256, 1, 1, 1, 1, 6, 1000, 4;
1, 256, 0, 0, 0, 0, 5, 1000, 3;
1, 256, 1, 1, 1, 1, 6, 1001, 4;
1, 256, 0, 0, 0, 0, 4, 999, 2;
1, 256, 0, -1, -1, -1, 4, 999, 2;
1, 256, 0, -1, -1, -1, 4, 998, 2;
1, 256, 0, 0, 0, 0, 4, 999, 2;
1, 256, 0, -1, -1, -1, 4, 999, 2;
1, 256, 1, 1, 1, 1, 6, 1001, 4;
1, 256, 0, 0, 0, 0, 4, 999, 2;
1, 256, 1, 1, 1, 1, 6, 1001, 4;
1, 256, 0, 0, 0, 0, 5, 1000, 3;
1, 256, 0, 0, 0, 0, 4, 999, 2;
1, 256, 0, -1, -1, -1, 4, 999, 2;
1, 256, 0, 0, 0, 0, 4, 999, 2;
1, 256, 0, -1, -1, -1, 4, 999, 2;
1, 256, 0, 0, 0, 0, 5, 1000, 3;
1, 256, 0, 1, 1, 1, 5, 1000, 3;
1, 256, 0, -1, -1, -1, 4, 999, 2;
1, 256, 0, 0, 0, 0, 5, 1000, 3;
1, 256, 0, -1, -1, -1, 4, 999, 2;
1, 256, 0, -1, -1, -1, 4, 998, 2;
1, 256, 0, -1, -1, -1, 3, 998, 1;
1, 256, 1, 1, 1, 1, 6, 1000, 3;
1, 256, 1, 1, 1, 1, 6, 1000, 4;
1, 256, 0, -1, -1, -1, 4, 999, 2;
1, 256, 0, 0, 0, 0, 5, 1000, 3;
1, 256, 0, 0, 0, 0, 4, 999, 2;
1, 256, 1, 1, 1, 1, 6, 1001, 4;
1, 256, 0, -1, -1, -1, 4, 999, 2;
1, 256, 0, 0, 0, 0, 4, 999, 2;
1, 256, 0, 0, 0, 0, 5, 1000, 3;
1, 256, 0, 0, 0, 0, 5, 1000, 3;
1, 256, 0, 0, 0, 0, 5, 1000, 3;
1, 256, 0, 0, 0, 0, 4, 999, 2;
1, 256, 0, 1, 1, 1, 5, 1000, 3;
1, 256, 0, 0, 0, 0, 4, 999, 2;
1, 256, 0, 0, 0, 0, 4, 999, 2;
1, 256, 0, 0, 0, 0, 4, 999, 2;
1, 256, 0, -1, -1, -1, 4, 999, 2;
1, 256, 0, 1, 1, 1, 5, 1000, 3;
1, 256, 0, 0, 0, 0, 4, 999, 2;
1, 256, 0, 0, 0, 0, 4, 999, 2;
1, 256, 0, 1, 1, 1, 5, 1000, 3;
1, 256, 0, 0, 0, 0, 5, 1000, 3;
1, 256, 0, -1, -1, -1, 4, 999, 2;
1, 256, 0, 0, 0, 0, 5, 1000, 3;
1, 256, 0, 0, 0, 0, 5, 1000, 3;
1, 256, 0, -1, -1, -1, 4, 998, 2;
1, 256, 0, 0, 0, 0, 5, 999, 2;
1, 256, 0, -1, -1, -1, 4, 998, 1;
1, 256, 0, 0, 0, 0, 4, 999, 2;
1, 256, 0, -1, -1, -1, 4, 998, 1;
1, 256, 0, 0, 0, 0, 4, 999, 2;
1, 256, 0, 0, 0, 0, 5, 1000, 3;
1, 256, 0, 0, 0, 0, 5, 1000, 3;
1, 256, 0, -1, -1, -1, 4, 999, 2;
1, 256, 0, 0, 0, 0, 5, 1000, 3;
1, 256, 0, 0, 0, 0, 5, 1000, 3;
1, 256, 1, 1, 1, 1, 6, 1001, 4;
1, 256, 0, 0, 0, 0, 4, 999, 2;
1, 256, 0, 0, 0, 0, 5, 1000, 3;
1, 256, 0, -1, -1, -1, 4, 999, 2;
1, 256, 0, -1, -1, -1, 4, 999, 2;
1, 256, 0, -1, -1, -1, 4, 999, 2;
1, 256, 1, 1, 1, 1, 6, 1001, 4;
1, 256, 0, -1, -1, -1, 4, 999, 2;
1, 256, 0, -1, -1, -1, 3, 998, 1;
1, 256, 0, 0, 0, 0, 5, 1000, 3;
1, 256, 0, -1, -1, -1, 3, 998, 1;
1, 256, 1, 1, 1, 1, 6, 1001, 4;
1, 256, 0, 0, 0, 0, 5, 1000, 3;
1, 256, 0, 0, 0, 0, 5, 1000, 3;
1, 256, 0, 0, 0, 0, 4, 999, 2;
1, 256, 0, 0, 0, 0, 4, 999, 2;
1, 256, 0, 1, 1, 1, 5, 1000, 3;
1, 256, 0, 1, 1, 1, 5, 1000, 3;
1, 256, 0, 0, 0, 0, 5, 1000, 3;
1, 256, 0, 0, 0, 0, 4, 999, 2;
1, 256, 0, -1, -1, -1, 4, 999, 2;
1, 256, 0, 0, 0, 0, 5, 1000, 3;
1, 256, 0, 1, 1, 1, 5, 1000, 3;
1, 256, 0, -1, -1, -1, 4, 999, 2;
1, 256, 0, 0, 0, 0, 4, 999, 2;
1, 256, 0, 0, 0, 0, 5, 1000, 3;
1, 256, 0, 0, 0, 0, 4, 999, 2;
1, 256, 0, 0, 0, 0, 5, 1000, 3;
1, 256, 0, 0, 0, 0, 5, 999, 2;
1, 256, 0, 1, 1, 1, 5, 1000, 3;
1, 256, 0, 0, 0, 0, 5, 1000, 3;
1, 256, 0, -1, -1, -1, 4, 998, 1;
1, 256, 0, 0, 0, 0, 4, 999, 2;
1, 256, 0, -1, -1, -1, 4, 999, 2;
1, 256, 1, 1, 1, 1, 6, 1000, 3;
1, 256, 0, 0, 0, 0, 4, 999, 2;
1, 256, 0, -1, -1, -1, 4, 999, 2;
1, 256, 0, -1, -1, -1, 4, 999, 2;
1, 256, 0, -1, -1, -1, 4, 999, 2;
1, 256, 0, -1, -1, -1, 4, 999, 2;
1, 256, 0, 0, 0, 0, 4, 999, 2;
1, 256, 0, 0, 0, 0, 5, 1000, 3;
1, 256, 0, 0, 0, 0, 4, 999, 2;
1, 256, 0, 0, 0, 0, 4, 999, 2;
1, 256, 1, 1, 1, 1, 6, 1001, 4;
1, 256, 0, 0, 0, 0, 5, 999, 3;
1, 256, 0, 0, 0, 0, 4, 999, 2;
1, 256, 1, 1, 1, 1, 6, 1000, 4;
1, 256, 0, -1, -1, -1, 4, 999, 2;
1, 256, 0, 0, 0, 0, 5, 999, 3;
1, 256, 0, -1, -1, -1, 4, 999, 2;
1, 256, 1, 1, 1, 1, 6, 1001, 4;
1, 256, 0, -1, -1, -1, 4, 999, 2;
1, 256, 1, 1, 1, 1, 6, 1000, 3;
1, 256, 0, 0, 0, 0, 5, 1000, 3;
1, 256, 0, 0, 0, 0, 5, 1000, 3;
1, 256, 1, 1, 1, 1, 6, 1000, 3;
1, 256, 0, -1, -1, -1, 3, 998, 1;
1, 256, 0, 0, 0, 0, 5, 1000, 3;
1, 256, 1, 1, 1, 1, 5, 1000, 3;
1, 256, 0, 1, 1, 1, 5, 1000, 3;
1, 256, 1, 1, 1, 1, 6, 1001, 4;
1, 256, 0, 0, 0, 0, 5, 999, 3;
1, 256, 0, 0, 0, 0, 4, 999, 2;
1, 256, 1, 1, 1, 1, 6, 1001, 4;
1, 256, 0, -1, -1, -1, 4, 999, 2;
1, 256, 1, 1, 1, 1, 6, 1001, 4;
1, 256, 0, 0, 0, 0, 5, 999, 2;
1, 256, 0, 0, 0, 0, 5, 1000, 3;
1, 256, 0, 0, 0, 0, 4, 999, 2;
1, 256, 0, 0, 0, 0, 4, 999, 2;
1, 256, 0, 0, 0, 0, 5, 1000, 3;
1, 256, 0, -1, -1, -1, 4, 998, 1;
1, 256, 0, 0, 0, 0, 5, 1000, 3;
1, 256, 0, 0, 0, 0, 5, 1000, 3;
1, 256, 0, 0, 0, 0, 4, 999, 2;
1, 256, 0, 0, 0, 0, 4, 999, 2;
1, 256, 1, 1, 1, 1, 6, 1000, 3;
1, 256, 0, 0, 0, 0, 5, 1000, 3;
1, 256, 0, 0, 0, 0, 5, 1000, 3;
1, 256, 1, 1, 1, 1, 6, 1001, 4;
1, 256, 0, 0, 0, 0, 5, 1000, 3;
1, 256, 0, 0, 0, 0, 5, 1000, 3;
1, 256, 1, 1, 1, 1, 6, 1000, 3;
1, 256, 0, 0, 0, 0, 4, 999, 2;
1, 256, 0, -1, -1, -1, 4, 999, 2;
1, 256, 0, 1, 1, 1, 5, 1000, 3;
1, 256, 1, 1, 1, 1, 6, 1001, 4;
1, 256, 0, 0, 0, 0, 5, 1000, 3;
1, 256, 1, 1, 1, 1, 6, 1000, 4;
1, 256, 0, -1, -1, -1, 3, 998, 1;
1, 256, 0, -1, -1, -1, 4, 999, 2;
1, 256, 0, 1, 1, 1, 5, 1000, 3;
1, 256, 0, 0, 0, 0, 5, 1000, 3;
1, 256, 0, 0, 0, 0, 5, 1000, 3;
1, 256, 0, 0, 0, 0, 5, 1000, 3;
1, 256, 0, -1, -1, -1, 4, 999, 2;
1, 256, 0, 1, 1, 1, 5, 1000, 3;
1, 256, 0, 1, 1, 1, 5, 1000, 3;
1, 256, 0, 0, 0, 0, 5, 1000, 3;
1, 256, 0, 0, 0, 0, 4, 999, 2;
1, 256, 0, 0, 0, 0, 4, 999, 2;
1, 256, 0, 0, 0, 0, 5, 1000, 3;
1, 256, 0, 0, 0, 0, 4, 999, 2;
1, 256, 1, 1, 1, 1, 5, 1000, 3;
1, 256, 0, -1, -1, -1, 4, 999, 2;
1, 256, 0, 0, 0, 0, 5, 1000, 3;
1, 256, 0, 0, 0, 0, 4, 999, 2;
1, 256, 0, 0, 0, 0, 4, 999, 2;
1, 256, 0, 0, 0, 0, 5, 1000, 3;
1, 256, 0, 0, 0, 0, 5, 1000, 3;
1, 256, 0, 1, 1, 1, 5, 1000, 3;
1, 256, 0, 0, 0, 0, 5, 1000, 3;
1, 256, 0, -1, -1, -1, 4, 999, 2;
1, 256, 0, 1, 1, 1, 5, 1000, 3;
1, 256, 0, 1, 1, 1, 5, 1000, 3;
1, 256, 0, 0, 0, 0, 5, 1000, 3;
1, 256, 0, 0, 0, 0, 5, 1000, 3;
1, 256, 0, 0, 0, 0, 4, 999, 2;
1, 256, 0, 0, 0, 0, 5, 1000, 3;
1, 256, 0, 0, 0, 0, 5, 1000, 3;
1, 256, 0, 0, 0, 0, 5, 1000, 3;
1, 256, 0, 0, 0, 0, 4, 999, 2;
1, 256, 0, 0, 0, 0, 5, 1000, 3;
1, 256, 0, -1, -1, -1, 3, 998, 1;
1, 256, 0, -1, -1, -1, 4, 999, 2;
1, 256, 0, 0, 0, 0, 5, 999, 2;
1, 256, 0, -1, -1, -1, 4, 999, 2;
1, 256, 0, -1, -1, -1, 4, 999, 2;
1, 256, 0, 0, 0, 0, 4, 999, 2;
1, 256, 0, 0, 0, 0, 5, 1000, 3;
1, 256, 0, -1, -1, -1, 4, 999, 2;
1, 256, 0, 0, 0, 0, 4, 999, 2;
1, 256, 0, 0, 0, 0, 4, 999, 2;
1, 256, 0, 0, 0, 0, 4, 999, 2;
1, 256, 0, 0, 0, 0, 4, 999, 2;
1, 256, 1, 1, 1, 1, 6, 1001, 4;
1, 256, 0, 0, 0, 0, 5, 1000, 3;
1, 256, 0, -1, -1, -1, 3, 998, 1;
1, 256, 0, 0, 0, 0, 5, 1000, 3;
1, 256, 0, -1, -1, -1, 4, 998, 2;
1, 256, 0, 0, 0, 0, 5, 1000, 3;
1, 256, 0, -1, -1, -1, 4, 999, 2;
1, 256, 0, -1, -1, -1, 4, 999, 2;
1, 256, 0, 0, 0, 0, 4, 999, 2;
1, 256, 0, -1, -1, -1, 4, 999, 2;
1, 256, 0, 0, 0, 0, 4, 999, 2;
1, 256, 0, -1, -1, -1, 4, 999, 2;
1, 256, 0, 0, 0, 0, 5, 1000, 3;
1, 256, 1, 1, 1, 1, 6, 1000, 3;
1, 256, 0, -1, -1, -1, 4, 999, 2;
1, 256, 0, -1, -1, -1, 4, 999, 2;
1, 256, 0, 1, 1, 1, 5, 1000, 3;
1, 256, 0, -1, -1, -1, 4, 999, 2;
1, 256, 0, -1, -1, -1, 4, 998, 2;
1, 256, 0, -1, -1, -1, 4, 999, 2;
1, 256, 0, 0, 0, 0, 5, 1000, 3;
1, 256, 0, 0, 0, 0, 5, 1000, 3;
1, 256, 0, -1, -1, -1, 4, 999, 2;
1, 256, 0, 1, 1, 1, 5, 1000, 3;
1, 256, 0, -1, -1, -1, 4, 998, 1;
1, 256, 1, 1, 1, 1, 6, 1001, 4;
1, 256, 0, 0, 0, 0, 4, 999, 2;
1, 256, 0, 0, 0, 0, 4, 999, 2;
1, 256, 1, 1, 1, 1, 5, 1000, 3;
1, 256, 1, 1, 1, 1, 6, 1001, 4;
1, 256, 1, 1, 1, 1, 6, 1001, 4;
1, 256, 1, 1, 1, 1, 6, 1001, 4;
1, 256, 0, 0, 0, 0, 4, 999, 2;
1, 256, 0, 0, 0, 0, 5, 999, 3;
1, 256, 0, 0, 0, 0, 5, 1000, 3;
1, 256, 1, 1, 1, 1, 6, 1000, 4;
1, 256, 0, 1, 1, 1, 5, 1000, 3;
1, 256, 0, 0, 0, 0, 5, 999, 2;
1, 256, 1, 1, 1, 1, 6, 1000, 3;
1, 256, 1, 1, 1, 1, 6, 1001, 4;
1, 256, 1, 1, 1, 1, 6, 1001, 4;
1, 256, 0, 0, 0, 0, 5, 999, 2;
1, 256, 0, -1, -1, -1, 4, 999, 2;
1, 256, 1, 1, 1, 1, 6, 1000, 4;
1, 256, 0, 0, 0, 0, 4, 999, 2;
1, 256, 0, 0, 0, 0, 4, 999, 2;
1, 256, 0, -1, -1, -1, 4, 999, 2;
1, 256, 0, 0, 0, 0, 5, 1000, 3;
1, 256, 0, 0, 0, 0, 5, 1000, 3;
1, 256, 0, -1, -1, -1, 4, 999, 2;
1, 256, 1, 1, 1, 1, 6, 1001, 4;
1, 256, 0, -1, -1, -1, 4, 999, 2;
1, 256, 0, -1, -1, -1, 4, 999, 2;
1, 256, 0, 0, 0, 0, 5, 1000, 3;
1, 256, 0, 0, 0, 0, 5, 1000, 3;
1, 256, 0, 0, 0, 0, 5, 1000, 3;
1, 256, 0, 1, 1, 1, 5, 1000, 3;
1, 256, 1, 1, 1, 1, 6, 1001, 4;
1, 256, 0, 0, 0, 0, 4, 999, 2;
1, 256, 1, 1, 1, 1, 6, 1001, 4;
1, 256, 1, 1, 1, 1, 6, 1001, 4;
1, 256, 0, 0, 0, 0, 4, 999, 2;
1, 256, 0, 0, 0, 0, 4, 999, 2;
1, 256, 0, 0, 0, 0, 5, 1000, 3;
1, 256, 0, 0, 0, 0, 4, 999, 2;
1, 256, 1, 1, 1, 1, 6, 1001, 4;
1, 256, 0, 0, 0, 0, 4, 999, 2;
1, 256, 0, 0, 0, 0, 5, 1000, 3;
1, 256, 0, -1, -1, -1, 3, 998, 1;
1, 256, 0, 0, 0, 0, 4, 999, 2;
1, 256, 0, 0, 0, 0, 5, 1000, 3;
1, 256, 1, 1, 1, 1, 6, 1001, 4;
1, 256, 0, 0, 0, 0, 5, 1000, 3;
1, 256, 0, 0, 0, 0, 5, 1000, 3;
1, 256, 0, 1, 1, 1, 5, 1000, 3;
1, 256, 0, -1, -1, -1, 4, 999, 2;
1, 256, 0, 0, 0, 0, 4, 999, 2;
1, 256, 0, 0, 0, 0, 4, 999, 2;
1, 256, 1, 1, 1, 1, 6, 1000, 3;
1, 256, 1, 1, 1, 1, 6, 1001, 4;
1, 256, 0, -1, -1, -1, 4, 999, 2;
1, 256, 0, 0, 0, 0, 5, 1000, 3;
1, 256, 1, 1, 1, 1, 6, 1001, 4;
1, 256, 0, 0, 0, 0, 4, 999, 2;
1, 256, 1, 1, 1, 1, 5, 1000, 3;
1, 256, 0, 0, 0, 0, 5, 999, 2;
1, 256, 1, 1, 1, 1, 6, 1001, 4;
1, 256, 0, 0, 0, 0, 5, 1000, 3;
1, 256, 0, 1, 1, 1, 5, 1000, 3;
1, 256, 0, 0, 0, 0, 5, 1000, 3;
1, 256, 0, -1, -1, -1, 4, 999, 2;
1, 256, 0, 0, 0, 0, 4, 999, 2;
1, 256, 1, 1, 1, 1, 6, 1001, 4;
1, 256, 1, 1, 1, 1, 6, 1001, 4;
1, 256, 0, 0, 0, 0, 4, 999, 2;
1, 256, 0, 0, 0, 0, 4, 999, 2;
1, 256, 1, 1, 1, 1, 6, 1001, 4;
1, 256, 1, 1, 1, 1, 6, 1001, 4;
1, 256, 0, 0, 0, 0, 4, 999, 2;
1, 256, 0, 0, 0, 0, 5, 1000, 3;
1, 256, 0, 1, 1, 1, 5, 1000, 3;
1, 256, 1, 1, 1, 1, 5, 1000, 3;
1, 256, 0, 0, 0, 0, 5, 1000, 3;
0, 256, 0, -1, -1, -1, 3, 998, 1;
1, 256, 0, -1, -1, -1, 4, 998, 2;
0, 256, 0, -1, -1, -1, 3, 998, 1;
1, 256, 0, -1, -1, -1, 4, 999, 2;
1, 256, 0, 0, 0, 0, 5, 1000, 3;
1, 256, 0, 0, 0, 0, 4, 999, 2;
1, 256, 1, 1, 1, 1, 6, 1001, 4;
1, 256, 0, 0, 0, 0, 5, 1000, 3;
1, 256, 0, 0, 0, 0, 4, 999, 2;
1, 256, 1, 1, 1, 1, 6, 1000, 4;
1, 256, 1, 1, 1, 1, 6, 1001, 4;
1, 256, 0, 0, 0, 0, 4, 999, 2;
1, 256, 1, 1, 1, 1, 6, 1001, 4;
1, 256, 0, -1, -1, -1, 4, 999, 2;
1, 256, 0, 0, 0, 0, 5, 1000, 3;
1, 256, 0, -1, -1, -1, 4, 999, 2;
1, 256, 0, 0, 0, 0, 4, 999, 2;
1, 256, 0, 1, 1, 1, 5, 1000, 3;
1, 256, 0, -1, -1, -1, 3, 998, 1;
1, 256, 0, 0, 0, 0, 5, 999, 3;
1, 256, 0, 0, 0, 0, 5, 1000, 3;
1, 256, 0, 0, 0, 0, 4, 999, 2;
1, 256, 0, -1, -1, -1, 4, 999, 2;
1, 256, 0, 0, 0, 0, 4, 999, 2;
1, 256, 0, -1, -1, -1, 4, 999, 2;
1, 256, 1, 1, 1, 1, 6, 1001, 4;
0, 256, 0, -1, -1, -1, 3, 998, 1;
1, 256, 0, 0, 0, 0, 5, 1000, 3;
1, 256, 0, 0, 0, 0, 5, 999, 3;
1, 256, 0, 0, 0, 0, 4, 999, 2;
1, 256, 0, -1, -1, -1, 3, 998, 1;
1, 256, 0, 1, 1, 1, 5, 1000, 3;
1, 256, 0, -1, -1, -1, 4, 999, 2;
1, 256, 1, 1, 1, 1, 6, 1001, 4;
1, 256, 0, 0, 0, 0, 4, 999, 2;
1, 256, 0, 0, 0, 0, 5, 999, 3;
1, 256, 0, 0, 0, 0, 5, 999, 2;
1, 256, 0, -1, -1, -1, 4, 999, 2;
1, 256, 0, 0, 0, 0, 4, 999, 2;
1, 256, 0, 0, 0, 0, 5, 1000, 3;
1, 256, 0, 0, 0, 0, 4, 999, 2;
1, 256, 0, -1, -1, -1, 3, 998, 1;
1, 256, 0, 0, 0, 0, 4, 999, 2;
1, 256, 1, 1, 1, 1, 6, 1001, 4;
1, 256, 0, 0, 0, 0, 5, 1000, 3;
1, 256, 0, 0, 0, 0, 5, 1000, 3;
1, 256, 0, 0, 0, 0, 5, 1000, 3;
1, 256, 0, 0, 0, 0, 5, 1000, 3;
1, 256, 0, -1, -1, -1, 3, 998, 1;
1, 256, 0, -1, -1, -1, 4, 999, 2;
1, 256, 0, 0, 0, 0, 5, 1000, 3;
1, 256, 0, 0, 0, 0, 5, 1000, 3;
1, 256, 0, 0, 0, 0, 4, 999, 2;
1, 256, 0, 0, 0, 0, 5, 1000, 3;
1, 256, 0, -1, -1, -1, 3, 998, 1;
1, 256, 0, 1, 1, 1, 5, 1000, 3;
1, 256, 0, 0, 0, 0, 5, 1000, 3;
1, 256, 0, 0, 0, 0, 5, 1000, 3;
1, 256, 0, -1, -1, -1, 3, 998, 1;
1, 256, 0, 0, 0, 0, 5, 1000, 3;
1, 256, 0, -1, -1, -1, 4, 999, 2;
1, 256, 0, 0, 0, 0, 4, 999, 2;
1, 256, 0, 0, 0, 0, 5, 1000, 3;
1, 256, 0, 1, 1, 1, 5, 1000, 3;
1, 256, 0, 0, 0, 0, 5, 1000, 3;
1, 256, 1, 1, 1, 1, 6, 1001, 4;
1, 256, 0, 0, 0, 0, 4, 999, 2;
1, 256, 0, -1, -1, -1, 4, 999, 2;
1, 256, 0, 0, 0, 0, 4, 999, 2;
1, 256, 0, 0, 0, 0, 5, 1000, 3;
1, 256, 0, 0, 0, 0, 5, 1000, 3;
1, 256, 0, 0, 0, 0, 5, 1000, 3;
1, 256, 0, -1, -1, -1, 4, 999, 2;
1, 256, 0, 0, 0, 0, 4, 999, 2;
1, 256, 0, -1, -1, -1, 4, 999, 2;
1, 256, 1, 1, 1, 1, 6, 1000, 3;
1, 256, 0, 0, 0, 0, 5, 1000, 3;
1, 256, 0, -1, -1, -1, 4, 999, 2;
1, 256, 1, 1, 1, 1, 6, 1000, 3;
0, 256, 0, -1, -1, -1, 3, 998, 1;
1, 256, 1, 1, 1, 1, 6, 1001, 4;
1, 256, 0, 0, 0, 0, 4, 999, 2;
1, 256, 0, -1, -1, -1, 4, 999, 2;
1, 256, 0, -1, -1, -1, 4, 999, 2;
1, 256, 0, 0, 0, 0, 4, 999, 2;
1, 256, 0, 0, 0, 0, 5, 1000, 3;
1, 256, 0, 1, 1, 1, 5, 1000, 3;
1, 256, 0, 0, 0, 0, 5, 1000, 3;
1, 256, 0, 0, 0, 0, 4, 999, 2;
1, 256, 0, 0, 0, 0, 5, 1000, 3;
1, 256, 0, -1, -1, -1, 4, 998, 1;
1, 256, 0, 0, 0, 0, 4, 999, 2;
1, 256, 0, 0, 0, 0, 5, 1000, 3;
1, 256, 0, 0, 0, 0, 5, 1000, 3;
1, 256, 0, 0, 0, 0, 5, 1000, 3;
1, 256, 0, 0, 0, 0, 4, 999, 2;
1, 256, 0, -1, -1, -1, 3, 998, 1;
0, 256, 0, -1, -1, -1, 3, 998, 1;
1, 256, 0, 1, 1, 1, 5, 1000, 3;
1, 256, 0, 0, 0, 0, 5, 999, 2;
1, 256, 0, 0, 0, 0, 5, 1000, 3;
1, 256, 0, 1, 1, 1, 5, 1000, 3;
1, 256, 0, 0, 0, 0, 4, 999, 2;
1, 256, 0, 0, 0, 0, 4, 999, 2;
1, 256, 0, 0, 0, 0, 5, 999, 3;
1, 256, 0, 1, 1, 1, 5, 1000, 3;
1, 256, 1, 1, 1, 1, 6, 1001, 4;
1, 256, 0, 0, 0, 0, 5, 999, 3;
1, 256, 0, 0, 0, 0, 4, 999, 2;
1, 256, 0, -1, -1, -1, 4, 999, 2;
1, 256, 0, 0, 0, 0, 5, 1000, 3;
1, 256, 0, 0, 0, 0, 4, 999, 2;
1, 256, 1, 1, 1, 1, 6, 1001, 4;
1, 256, 0, 0, 0, 0, 4, 999, 2;
1, 256, 0, 0, 0, 0, 4, 999, 2;
1, 256, 0, -1, -1, -1, 4, 999, 2;
1, 256, 0, 0, 0, 0, 5, 1000, 3;
1, 256, 0, 1, 1, 1, 5, 1000, 3;
1, 256, 0, -1, -1, -1, 4, 999, 2;
1, 256, 1, 1, 1, 1, 6, 1000, 4;
1, 256, 0, 0, 0, 0, 4, 999, 2;
1, 256, 0, -1, -1, -1, 3, 998, 1;
1, 256, 0, 0, 0, 0, 4, 999, 2;
1, 256, 0, -1, -1, -1, 4, 999, 2;
1, 256, 0, -1, -1, -1, 4, 999, 2;
1, 256, 0, 0, 0, 0, 5, 1000, 3;
1, 256, 0, 0, 0, 0, 4, 999, 2;
1, 256, 0, 1, 1, 1, 5, 1000, 3;
1, 256, 0, -1, -1, -1, 4, 999, 2;
1, 256, 1, 1, 1, 1, 6, 1001, 4;
1, 256, 0, -1, -1, -1, 3, 998, 1;
1, 256, 0, 0, 0, 0, 5, 1000, 3;
1, 256, 0, 1, 1, 1, 5, 1000, 3;
1, 256, 0, 0, 0, 0, 5, 1000, 3;
1, 256, 1, 1, 1, 1, 6, 1000, 4;
1, 256, 0, -1, -1, -1, 4, 999, 2;
1, 256, 0, 1, 1, 1, 5, 1000, 3;
1, 256, 1, 1, 1, 1, 6, 1000, 3;
1, 256, 0, 0, 0, 0, 5, 1000, 3;
1, 256, 0, 0, 0, 0, 5, 999, 3;
1, 256, 0, 0, 0, 0, 5, 1000, 3;
1, 256, 0, -1, -1, -1, 4, 999, 2;
1, 256, 0, -1, -1, -1, 3, 998, 1;
1, 256, 0, 1, 1, 1, 5, 1000, 3;
1, 256, 0, 1, 1, 1, 5, 1000, 3;
1, 256, 0, 0, 0, 0, 4, 999, 2;
1, 256, 0, 0, 0, 0, 5, 1000, 3;
1, 256, 0, -1, -1, -1, 4, 999, 2;
1, 256, 0, -1, -1, -1, 4, 998, 1;
1, 256, 0, 0, 0, 0, 5, 999, 3;
1, 256, 0, 0, 0, 0, 4, 999, 2;
1, 256, 0, -1, -1, -1, 4, 999, 2;
1, 256, 0, -1, -1, -1, 4, 999, 2;
1, 256, 0, 0, 0, 0, 4, 999, 2;
1, 256, 0, 0, 0, 0, 4, 999, 2;
1, 256, 0, 1, 1, 1, 5, 1000, 3;
1, 256, 0, 0, 0, 0, 4, 999, 2;
1, 256, 0, 0, 0, 0, 4, 999, 2;
1, 256, 0, 0, 0, 0, 5, 1000, 3;
1, 256, 0, 0, 0, 0, 4, 999, 2;
1, 256, 0, 0, 0, 0, 5, 1000, 3;
1, 256, 0, 0, 0, 0, 4, 999, 2;
1, 256, 1, 1, 1, 1, 5, 1000, 3;
1, 256, 0, 0, 0, 0, 5, 1000, 3;
1, 256, 0, 0, 0, 0, 5, 1000, 3;
1, 256, 0, 0, 0, 0, 5, 999, 2;
1, 256, 1, 1, 1, 1, 6, 1000, 3;
1, 256, 0, 0, 0, 0, 5, 1000, 3;
1, 256, 0, -1, -1, -1, 3, 998, 1;
1, 256, 1, 1, 1, 1, 5, 1000, 3;
1, 256, 0, 0, 0, 0, 5, 1000, 3;
1, 256, 0, -1, -1, -1, 4, 998, 1;
1, 256, 1, 1, 1, 1, 6, 1000, 3;
1, 256, 0, 0, 0, 0, 5, 1000, 3;
1, 256, 0, 0, 0, 0, 4, 999, 2;
1, 256, 0, -1, -1, -1, 4, 999, 2;
1, 256, 0, -1, -1, -1, 4, 999, 2;
1, 256, 0, -1, -1, -1, 4, 999, 2;
1, 256, 0, 0, 0, 0, 4, 999, 2;
1, 256, 0, 1, 1, 1, 5, 1000, 3;
1, 256, 0, 1, 1, 1, 5, 1000, 3;
1, 256, 0, 0, 0, 0, 5, 1000, 3;
1, 256, 0, 0, 0, 0, 5, 1000, 3;
1, 256, 0, 0, 0, 0, 4, 999, 2;
1, 256, 0, 0, 0, 0, 5, 1000, 3;
1, 256, 0, 0, 0, 0, 4, 999, 2;
1, 256, 0, 0, 0, 0, 4, 999, 2;
1, 256, 0, 0, 0, 0, 5, 1000, 3;
1, 256, 0, 0, 0, 0, 5, 1000, 3;
1, 256, 0, 1, 1, 1, 5, 1000, 3;
1, 256, 1, 1, 1, 1, 6, 1000, 3;
1, 256, 0, 0, 0, 0, 5, 1000, 3;
1, 256, 0, -1, -1, -1, 3, 998, 1;
1, 256, 0, 0, 0, 0, 5, 1000, 3;
1, 256, 0, 0, 0, 0, 5, 999, 2;
1, 256, 0, -1, -1, -1, 4, 999, 2;
1, 256, 0, 0, 0, 0, 5, 1000, 3;
1, 256, 0, 0, 0, 0, 4, 999, 2;
1, 256, 0, 0, 0, 0, 4, 999, 2;
1, 256, 0, -1, -1, -1, 4, 999, 2;
1, 256, 0, 1, 1, 1, 5, 1000, 3;
1, 256, 0, 0, 0, 0, 5, 1000, 3;
1, 256, 0, -1, -1, -1, 4, 999, 2;
1, 256, 0, 0, 0, 0, 5, 1000, 3;
1, 256, 1, 1, 1, 1, 6, 1001, 4;
1, 256, 0, 0, 0, 0, 5, 999, 3;
1, 256, 1, 1, 1, 1, 6, 1001, 4;
1, 256, 0, -1, -1, -1, 4, 999, 2;
1, 256, 0, -1, -1, -1, 4, 999, 2;
1, 256, 0, -1, -1, -1, 4, 999, 2;
1, 256, 0, -1, -1, -1, 4, 999, 2;
1, 256, 0, -1, -1, -1, 4, 999, 2;
1, 256, 1, 1, 1, 1, 6, 1000, 4;
1, 256, 0, 0, 0, 0, 5, 1000, 3;
1, 256, 0, 0, 0, 0, 4, 999, 2;
1, 256, 0, 0, 0, 0, 4, 999, 2;
1, 256, 0, 1, 1, 1, 5, 1000, 3;
1, 256, 0, 0, 0, 0, 5, 1000, 3;
1, 256, 0, 0, 0, 0, 4, 999, 2;
1, 256, 0, -1, -1, -1, 4, 999, 2;
1, 256, 0, 0, 0, 0, 5, 1000, 3;
1, 256, 1, 1, 1, 1, 6, 1000, 4;
1, 256, 0, 0, 0, 0, 5, 1000, 3;
1, 256, 0, -1, -1, -1, 4, 999, 2;
1, 256, 0, 0, 0, 0, 5, 1000, 3;
1, 256, 1, 1, 1, 1, 5, 1000, 3;
1, 256, 1, 1, 1, 1, 5, 1000, 3;
1, 256, 0, 0, 0, 0, 5, 1000, 3;
1, 256, 0, 0, 0, 0, 5, 1000, 3;
1, 256, 0, 0, 0, 0, 5, 1000, 3;
1, 256, 0, 0, 0, 0, 5, 1000, 3;
1, 256, 0, 0, 0, 0, 5, 1000, 3;
1, 256, 0, 0, 0, 0, 5, 1000, 3;
1, 256, 1, 1, 1, 1, 6, 1000, 4;
1, 256, 0, 0, 0, 0, 4, 999, 2;
1, 256, 0, -1, -1, -1, 3, 998, 1;
1, 256, 0, -1, -1, -1, 4, 998, 1;
1, 256, 0, 0, 0, 0, 5, 1000, 3;
1, 256, 0, -1, -1, -1, 4, 999, 2;
1, 256, 0, 0, 0, 0, 5, 999, 3;
1, 256, 0, 1, 1, 1, 5, 1000, 3;
1, 256, 0, -1, -1, -1, 4, 999, 2;
1, 256, 1, 1, 1, 1, 6, 1001, 4;
1, 256, 0, 0, 0, 0, 5, 1000, 3;
1, 256, 0, 0, 0, 0, 4, 999, 2;
1, 256, 0, 0, 0, 0, 4, 999, 2;
1, 256, 0, 0, 0, 0, 4, 999, 2;
1, 256, 0, -1, -1, -1, 4, 999, 2;
1, 256, 1, 1, 1, 1, 6, 1000, 4;
1, 256, 0, 0, 0, 0, 5, 1000, 3;
1, 256, 1, 1, 1, 1, 6, 1000, 4;
1, 256, 1, 1, 1, 1, 6, 1000, 4;
0, 256, 0, -1, -1, -1, 3, 998, 1;
1, 256, 1, 1, 1, 1, 6, 1001, 4;
1, 256, 0, 0, 0, 0, 4, 999, 2;
1, 256, 0, -1, -1, -1, 4, 998, 1;
1, 256, 0, -1, -1, -1, 3, 998, 1;
1, 256, 0, 1, 1, 1, 5, 1000, 3;
1, 256, 0, 1, 1, 1, 5, 1000, 3;
1, 256, 0, 0, 0, 0, 5, 1000, 3;
1, 256, 0, 0, 0, 0, 4, 999, 2;
1, 256, 0, -1, -1, -1, 4, 999, 2;
1, 256, 1, 1, 1, 1, 5, 1000, 3;
1, 256, 0, 0, 0, 0, 4, 999, 2;
1, 256, 0, 0, 0, 0, 5, 1000, 3;
1, 256, 0, 1, 1, 1, 5, 1000, 3;
1, 256, 0, 0, 0, 0, 4, 999, 2;
1, 256, 0, 1, 1, 1, 5, 1000, 3;
1, 256, 0, 0, 0, 0, 5, 1000, 3;
1, 256, 0, -1, -1, -1, 4, 999, 2;
1, 256, 0, 0, 0, 0, 4, 999, 2;
1, 256, 1, 1, 1, 1, 6, 1001, 4;
1, 256, 1, 1, 1, 1, 6, 1001, 4;
1, 256, 0, -1, -1, -1, 4, 999, 2;
1, 256, 0, 0, 0, 0, 5, 1000, 3;
1, 256, 0, -1, -1, -1, 4, 999, 2;
1, 256, 1, 1, 1, 1, 6, 1001, 4;
1, 256, 1, 1, 1, 1, 6, 1001, 4;
1, 256, 0, 0, 0, 0, 4, 999, 2;
1, 256, 0, 0, 0, 0, 4, 999, 2;
1, 256, 0, -1, -1, -1, 3, 998, 1;
1, 256, 0, -1, -1, -1, 4, 998, 2;
1, 256, 0, -1, -1, -1, 4, 998, 2;
1, 256, 1, 1, 1, 1, 5, 1000, 3;
1, 256, 0, -1, -1, -1, 4, 999, 2;
1, 256, 0, -1, -1, -1, 4, 999, 2;
1, 256, 0, -1, -1, -1, 4, 999, 2;
1, 256, 0, -1, -1, -1, 4, 999, 2;
1, 256, 0, 0, 0, 0, 4, 999, 2;
1, 256, 0, 0, 0, 0, 4, 999, 2;
1, 256, 1, 1, 1, 1, 6, 1001, 4;
1, 256, 1, 1, 1, 1, 6, 1001, 4;
1, 256, 0, 0, 0, 0, 5, 1000, 3;
1, 256, 0, -1, -1, -1, 4, 999, 2;
1, 256, 0, 0, 0, 0, 5, 1000, 3;
1, 256, 0, -1, -1, -1, 4, 999, 2;
1, 256, 0, -1, -1, -1, 4, 999, 2;
1, 256, 0, 0, 0, 0, 5, 1000, 3;
1, 256, 0, -1, -1, -1, 4, 999, 2;
1, 256, 1, 1, 1, 1, 6, 1001, 4;
1, 256, 0, -1, -1, -1, 4, 998, 2;
1, 256, 0, 0, 0, 0, 4, 999, 2;
1, 256, 0, -1, -1, -1, 3, 998, 1;
1, 256, 0, 1, 1, 1, 5, 1000, 3;
1, 256, 1, 1, 1, 1, 5, 1000, 3;
1, 256, 1, 1, 1, 1, 6, 1001, 4;
1, 256, 0, -1, -1, -1, 4, 999, 2;
1, 256, 0, 0, 0, 0, 5, 999, 3;
1, 256, 0, 0, 0, 0, 5, 1000, 3;
1, 256, 1, 1, 1, 1, 6, 1001, 4;
1, 256, 0, 0, 0, 0, 5, 1000, 3;
1, 256, 0, 0, 0, 0, 5, 1000, 3;
1, 256, 0, -1, -1, -1, 4, 998, 2;
1, 256, 1, 1, 1, 1, 6, 1001, 4;
1, 256, 1, 1, 1, 1, 6, 1000, 4;
1, 256, 1, 1, 1, 1, 6, 1000, 4;
1, 256, 0, 0, 0, 0, 4, 999, 2;
1, 256, 0, 0, 0, 0, 5, 1000, 3;
1, 256, 0, 0, 0, 0, 5, 1000, 3;
1, 256, 0, 0, 0, 0, 4, 999, 2;
1, 256, 0, 0, 0, 0, 5, 1000, 3;
1, 256, 0, -1, -1, -1, 3, 998, 1;
1, 256, 0, -1, -1, -1, 4, 998, 1;
1, 256, 0, 0, 0, 0, 4, 999, 2;
1, 256, 0, 1, 1, 1, 5, 1000, 3;
1, 256, 0, 0, 0, 0, 5, 999, 2;
1, 256, 1, 1, 1, 1, 5, 1000, 3;
1, 256, 0, 0, 0, 0, 5, 999, 3;
1, 256, 0, 1, 1, 1, 5, 1000, 3;
1, 256, 0, 0, 0, 0, 4, 999, 2;
1, 256, 0, 0, 0, 0, 4, 999, 2;
1, 256, 0, 0, 0, 0, 5, 1000, 3;
1, 256, 0, 1, 1, 1, 5, 1000, 3;
1, 256, 0, -1, -1, -1, 3, 998, 1;
1, 256, 0, 0, 0, 0, 5, 999, 3;
1, 256, 0, 0, 0, 0, 5, 1000, 3;
1, 256, 0, 0, 0, 0, 5, 1000, 3;
1, 256, 1, 1, 1, 1, 5, 1000, 3;
1, 256, 0, -1, -1, -1, 4, 999, 2;
1, 256, 0, -1, -1, -1, 4, 999, 2;
1, 256, 0, 0, 0, 0, 5, 1000, 3;
1, 256, 1, 1, 1, 1, 6, 1001, 4;
1, 256, 0, -1, -1, -1, 4, 999, 2;
1, 256, 0, 0, 0, 0, 5, 1000, 3;
1, 256, 0, -1, -1, -1, 3, 998, 1;
1, 256, 0, 0, 0, 0, 4, 999, 2;
1, 256, 0, 0, 0, 0, 4, 999, 2;
1, 256, 0, 0, 0, 0, 4, 999, 2;
1, 256, 0, 1, 1, 1, 5, 1000, 3;
1, 256, 0, -1, -1, -1, 4, 999, 2;
1, 256, 1, 1, 1, 1, 6, 1001, 4;
1, 256, 0, 0, 0, 0, 5, 1000, 3;
1, 256, 0, -1, -1, -1, 4, 999, 2;
1, 256, 0, 1, 1, 1, 5, 1000, 3;
1, 256, 0, 0, 0, 0, 4, 999, 2;
1, 256, 0, 0, 0, 0, 4, 999, 2;
1, 256, 0, 0, 0, 0, 5, 1000, 3;
1, 256, 1, 1, 1, 1, 6, 1000, 4;
1, 256, 0, 0, 0, 0, 4, 999, 2;
1, 256, 0, 0, 0, 0, 5, 1000, 3;
1, 256, 0, 0, 0, 0, 4, 999, 2;
1, 256, 0, 0, 0, 0, 4, 999, 2;
1, 256, 0, 0, 0, 0, 4, 999, 2;
1, 256, 0, 1, 1, 1, 5, 1000, 3;
1, 256, 0, -1, -1, -1, 4, 998, 2;
1, 256, 0, 0, 0, 0, 4, 999, 2;
1, 256, 0, 0, 0, 0, 4, 999, 2;
1, 256, 1, 1, 1, 1, 6, 1001, 4;
1, 256, 0, 1, 1, 1, 5, 1000, 3;
1, 256, 0, 0, 0, 0, 4, 999, 2;
1, 256, 0, 0, 0, 0, 5, 1000, 3;
1, 256, 0, 0, 0, 0, 5, 1000, 3;
1, 256, 0, 1, 1, 1, 5, 1000, 3;
1, 256, 1, 1, 1, 1, 6, 1001, 4;
1, 256, 0, -1, -1, -1, 3, 998, 1;
1, 256, 0, 0, 0, 0, 5, 1000, 3;
1, 256, 1, 1, 1, 1, 6, 1001, 4;
1, 256, 0, 1, 1, 1, 5, 1000, 3;
1, 256, 0, 1, 1, 1, 5, 1000, 3;
1, 256, 0, 0, 0, 0, 4, 999, 2;
1, 256, 0, 0, 0, 0, 5, 999, 3;
1, 256, 0, 0, 0, 0, 5, 1000, 3;
1, 256, 0, 0, 0, 0, 5, 999, 3;
1, 256, 0, 1, 1, 1, 5, 1000, 3;
1, 256, 0, -1, -1, -1, 4, 999, 2;
1, 256, 0, 0, 0, 0, 5, 1000, 3;
1, 256, 0, -1, -1, -1, 3, 998, 1;
1, 256, 0, -1, -1, -1, 4, 998, 1;
1, 256, 0, -1, -1, -1, 4, 999, 2;
1, 256, 0, 0, 0, 0, 5, 1000, 3;
1, 256, 0, 0, 0, 0, 4, 999, 2;
1, 256, 0, 0, 0, 0, 5, 1000, 3;
1, 256, 1, 1, 1, 1, 6, 1001, 4;
1, 256, 0, 0, 0, 0, 4, 999, 2;
1, 256, 0, -1, -1, -1, 3, 998, 1;
1, 256, 0, 0, 0, 0, 4, 999, 2;
1, 256, 0, 0, 0, 0, 5, 1000, 3;
1, 256, 0, 0, 0, 0, 5, 999, 3;
1, 256, 0, -1, -1, -1, 3, 998, 1;
1, 256, 1, 1, 1, 1, 6, 1001, 4;
1, 256, 0, 0, 0, 0, 5, 1000, 3;
1, 256, 0, 0, 0, 0, 5, 1000, 3;
1, 256, 0, 1, 1, 1, 5, 1000, 3;
1, 256, 0, -1, -1, -1, 4, 999, 2;
1, 256, 0, 0, 0, 0, 5, 1000, 3;
1, 256, 0, -1, -1, -1, 3, 998, 1;
1, 256, 1, 1, 1, 1, 5, 1000, 3;
1, 256, 0, 0, 0, 0, 4, 999, 2;
1, 256, 1, 1, 1, 1, 6, 1001, 4;
1, 256, 1, 1, 1, 1, 6, 1001, 4;
1, 256, 0, 0, 0, 0, 5, 1000, 3;
1, 256, 0, 0, 0, 0, 4, 999, 2;
1, 256, 0, 1, 1, 1, 5, 1000, 3;
1, 256, 0, -1, -1, -1, 4, 999, 2;
1, 256, 0, -1, -1, -1, 4, 999, 2;
1, 256, 0, -1, -1, -1, 4, 999, 2;
1, 256, 1, 1, 1, 1, 5, 1000, 3;
1, 256, 0, 0, 0, 0, 4, 999, 2;
1, 256, 0, 1, 1, 1, 5, 1000, 3;
1, 256, 0, 1, 1, 1, 5, 1000, 3;
1, 256, 0, 0, 0, 0, 5, 1000, 3;
1, 256, 0, 0, 0, 0, 5, 1000, 3;
1, 256, 0, 0, 0, 0, 5, 1000, 3;
1, 256, 1, 1, 1, 1, 5, 1000, 3;
1, 256, 0, 0, 0, 0, 4, 999, 2;
1, 256, 0, 0, 0, 0, 4, 999, 2;
1, 256, 0, -1, -1, -1, 3, 998, 1;
1, 256, 1, 1, 1, 1, 6, 1001, 4;
1, 256, 0, 0, 0, 0, 4, 999, 2;
1, 256, 1, 1, 1, 1, 6, 1001, 4;
1, 256, 0, 1, 1, 1, 5, 1000, 3;
1, 256, 0, 1, 1, 1, 5, 1000, 3;
1, 256, 0, -1, -1, -1, 4, 999, 2;
1, 256, 1, 1, 1, 1, 6, 1000, 4;
1, 256, 0, -1, -1, -1, 4, 999, 2;
1, 256, 0, 0, 0, 0, 4, 999, 2;
1, 256, 1, 1, 1, 1, 6, 1001, 4;
1, 256, 0, 0, 0, 0, 5, 1000, 3;
1, 256, 0, -1, -1, -1, 4, 999, 2;
1, 256, 0, -1, -1, -1, 4, 998, 1;
1, 256, 0, 0, 0, 0, 5, 1000, 3;
1, 256, 0, -1, -1, -1, 4, 999, 2;
1, 256, 0, 0, 0, 0, 5, 1000, 3;
1, 256, 1, 1, 1, 1, 6, 1000, 3;
1, 256, 0, 0, 0, 0, 5, 1000, 3;
1, 256, 0, 0, 0, 0, 5, 1000, 3;
1, 256, 0, 0, 0, 0, 4, 999, 2;
1, 256, 0, 0, 0, 0, 5, 1000, 3;
1, 256, 0, 0, 0, 0, 4, 999, 2;
1, 256, 0, -1, -1, -1, 4, 999, 2;
1, 256, 0, -1, -1, -1, 4, 999, 2;
1, 256, 1, 1, 1, 1, 6, 1001, 4;
1, 256, 0, -1, -1, -1, 4, 998, 1;
1, 256, 0, 0, 0, 0, 5, 1000, 3;
1, 256, 0, 0, 0, 0, 5, 1000, 3;
1, 256, 1, 1, 1, 1, 6, 1001, 4;
1, 256, 1, 1, 1, 1, 6, 1000, 4;
1, 256, 1, 1, 1, 1, 6, 1001, 4;
1, 256, 0, 0, 0, 0, 5, 1000, 3;
1, 256, 0, 0, 0, 0, 4, 999, 2;
1, 256, 1, 1, 1, 1, 6, 1001, 4;
1, 256, 0, 0, 0, 0, 4, 999, 2;
1, 256, 1, 1, 1, 1, 6, 1000, 4;
1, 256, 0, -1, -1, -1, 4, 998, 2;
1, 256, 1, 1, 1, 1, 6, 1001, 4;
1, 256, 0, 0, 0, 0, 5, 1000, 3;
1, 256, 0, 0, 0, 0, 5, 1000, 3;
1, 256, 1, 1, 1, 1, 6, 1000, 3;
1, 256, 0, 0, 0, 0, 4, 999, 2;
1, 256, 0, -1, -1, -1, 4, 999, 2;
1, 256, 0, 0, 0, 0, 5, 1000, 3;
1, 256, 0, -1, -1, -1, 4, 998, 2;
1, 256, 0, 0, 0, 0, 4, 999, 2;
1, 256, 1, 1, 1, 1, 5, 1000, 3;
1, 256, 0, -1, -1, -1, 3, 998, 1;
1, 256, 0, 1, 1, 1, 5, 1000, 3;
1, 256, 0, 1, 1, 1, 5, 1000, 3;
1, 256, 0, -1, -1, -1, 4, 998, 2;
0, 256, 0, -1, -1, -1, 3, 998, 1;
1, 256, 0, 0, 0, 0, 5, 1000, 3;
1, 256, 0, 0, 0, 0, 5, 1000, 3;
1, 256, 0, 0, 0, 0, 4, 999, 2;
1, 256, 0, 0, 0, 0, 4, 999, 2;
1, 256, 0, 1, 1, 1, 5, 1000, 3;
1, 256, 0, 0, 0, 0, 5, 1000, 3;
1, 256, 1, 1, 1, 1, 6, 1001, 4;
1, 256, 0, 1, 1, 1, 5, 1000, 3;
1, 256, 0, -1, -1, -1, 4, 999, 2;
1, 256, 0, -1, -1, -1, 4, 999, 2;
1, 256, 0, 0, 0, 0, 5, 1000, 3;
1, 256, 0, 0, 0, 0, 5, 1000, 3;
1, 256, 0, 0, 0, 0, 5, 1000, 3;
1, 256, 0, 1, 1, 1, 5, 1000, 3;
1, 256, 0, -1, -1, -1, 4, 999, 2;
1, 256, 0, -1, -1, -1, 4, 999, 2;
1, 256, 0, 0, 0, 0, 4, 999, 2;
1, 256, 0, 0, 0, 0, 4, 999, 2;
1, 256, 0, 0, 0, 0, 4, 999, 2;
1, 256, 0, 1, 1, 1, 5, 1000, 3;
1, 256, 0, 0, 0, 0, 5, 1000, 3;
1, 256, 0, 0, 0, 0, 5, 1000, 3;
1, 256, 0, 0, 0, 0, 5, 1000, 3;
1, 256, 1, 1, 1, 1, 6, 1000, 4;
1, 256, 1, 1, 1, 1, 6, 1001, 4;
1, 256, 0, -1, -1, -1, 4, 999, 2;
1, 256, 0, 0, 0, 0, 4, 999, 2;
1, 256, 0, 0, 0, 0, 5, 999, 2;
1, 256, 0, 1, 1, 1, 5, 1000, 3;
1, 256, 0, 0, 0, 0, 5, 1000, 3;
1, 256, 0, 1, 1, 1, 5, 1000, 3;
1, 256, 0, 1, 1, 1, 5, 1000, 3;
1, 256, 0, 0, 0, 0, 5, 1000, 3;
1, 256, 0, 0, 0, 0, 5, 999, 2;
1, 256, 0, 0, 0, 0, 5, 1000, 3;
1, 256, 0, -1, -1, -1, 4, 999, 2;
1, 256, 0, -1, -1, -1, 3, 998, 1;
1, 256, 1, 1, 1, 1, 5, 1000, 3;
1, 256, 1, 1, 1, 1, 6, 1001, 4;
1, 256, 0, 0, 0, 0, 5, 1000, 3;
1, 256, 0, 1, 1, 1, 5, 1000, 3;
1, 256, 0, 1, 1, 1, 5, 1000, 3;
1, 256, 0, -1, -1, -1, 4, 999, 2;
1, 256, 0, 1, 1, 1, 5, 1000, 3;
1, 256, 1, 1, 1, 1, 6, 1001, 4;
1, 256, 0, 0, 0, 0, 5, 1000, 3;
1, 256, 0, 0, 0, 0, 4, 999, 2;
1, 256, 0, 1, 1, 1, 5, 1000, 3;
1, 256, 0, 0, 0, 0, 4, 999, 2;
1, 256, 0, 0, 0, 0, 4, 999, 2;
1, 256, 0, -1, -1, -1, 4, 999, 2;
1, 256, 0, 0, 0, 0, 5, 1000, 3;
1, 256, 0, 0, 0, 0, 5, 1000, 3;
1, 256, 1, 1, 1, 1, 6, 1000, 3;
1, 256, 0, 0, 0, 0, 5, 1000, 3;
1, 256, 0, -1, -1, -1, 4, 999, 2;
1, 256, 0, 0, 0, 0, 4, 999, 2;
1, 256, 0, 0, 0, 0, 5, 1000, 3;
1, 256, 0, 0, 0, 0, 5, 1000, 3;
1, 256, 0, -1, -1, -1, 4, 999, 2;
1, 256, 1, 1, 1, 1, 6, 1001, 4;
1, 256, 0, -1, -1, -1, 3, 998, 1;
1, 256, 0, 0, 0, 0, 4, 999, 2;
1, 256, 0, 0, 0, 0, 4, 999, 2;
1, 256, 0, 0, 0, 0, 5, 1000, 3;
1, 256, 0, 0, 0, 0, 5, 999, 2;
1, 256, 0, 0, 0, 0, 4, 999, 2;
1, 256, 1, 1, 1, 1, 6, 1001, 4;
1, 256, 1, 1, 1, 1, 6, 1000, 3;
1, 256, 1, 1, 1, 1, 6, 1001, 4;
1, 256, 1, 1, 1, 1, 5, 1000, 3;
1, 256, 0, 0, 0, 0, 5, 999, 3;
1, 256, 0, 0, 0, 0, 5, 1000, 3;