-1, 293, 11, -5, 404, -5, -6, 1146, 44;
0, 293, 11, 21, 403, -5, 0, 1145, 43;
3, 295, 13, 54, 408, 0, 13, 1152, 51;
3, 293, 11, 75, 400, -5, 13, 1144, 44;
9, 297, 16, 116, 411, 9, 38, 1161, 62;
11, 297, 16, 144, 409, 10, 46, 1162, 64;
14, 297, 16, 172, 405, 11, 54, 1161, 65;
12, 294, 13, 187, 389, 1, 48, 1146, 52;
17, 296, 16, 222, 392, 11, 66, 1156, 65;
11, 288, 9, 225, 362, -10, 45, 1125, 37;
16, 291, 12, 260, 364, 0, 64, 1135, 50;
18, 290, 13, 284, 355, 0, 70, 1132, 50;
17, 286, 10, 299, 337, -8, 66, 1119, 40;
19, 286, 11, 325, 330, -4, 76, 1119, 45;
23, 288, 14, 356, 328, 4, 93, 1126, 56;
23, 286, 13, 372, 311, 0, 92, 1116, 51;
26, 286, 14, 396, 302, 3, 102, 1116, 55;
24, 281, 10, 405, 278, -6, 93, 1097, 42;
29, 284, 15, 438, 278, 7, 116, 1110, 60;
26, 279, 11, 442, 251, -5, 105, 1089, 44;
31, 281, 15, 471, 248, 7, 124, 1099, 60;
32, 279, 14, 484, 229, 4, 125, 1090, 57;
29, 274, 11, 488, 203, -5, 116, 1071, 44;
31, 273, 11, 503, 188, -3, 121, 1067, 46;
33, 273, 13, 518, 174, 0, 128, 1064, 50;
36, 273, 15, 537, 164, 7, 141, 1067, 60;
37, 272, 15, 548, 147, 8, 144, 1062, 61;
33, 265, 11, 542, 114, -6, 128, 1037, 43;
36, 267, 14, 558, 104, 3, 142, 1041, 54;
32, 260, 9, 550, 71, -11, 125, 1016, 36;
38, 265, 15, 575, 72, 8, 151, 1034, 61;
32, 256, 9, 558, 33, -11, 127, 1002, 36;
37, 259, 13, 574, 27, 1, 144, 1011, 52;
35, 255, 11, 569, 2, -4, 137, 997, 45;
35, 254, 12, 571, -14, -1, 140, 992, 48;
40, 257, 16, 583, -20, 11, 156, 1002, 65;
36, 251, 12, 568, -51, 0, 140, 980, 50;
33, 247, 10, 556, -78, -8, 130, 963, 40;
36, 248, 13, 562, -86, 2, 142, 969, 54;
36, 246, 13, 555, -105, 2, 140, 962, 53;
32, 242, 10, 538, -133, -6, 127, 944, 42;
31, 239, 10, 528, -153, -8, 122, 935, 40;
31, 238, 10, 519, -169, -6, 122, 930, 42;
36, 242, 16, 525, -170, 9, 140, 945, 63;
30, 235, 11, 497, -202, -5, 118, 919, 44;
32, 237, 14, 493, -209, 4, 127, 925, 56;
28, 232, 11, 469, -235, -5, 111, 907, 44;
26, 230, 10, 449, -255, -8, 102, 897, 39;
27, 230, 12, 440, -262, -1, 108, 900, 49;
24, 227, 10, 415, -284, -8, 94, 886, 40;
22, 225, 9, 394, -301, -11, 86, 877, 36;
26, 229, 14, 391, -298, 5, 102, 893, 57;
20, 223, 10, 357, -324, -8, 80, 871, 40;
19, 222, 10, 336, -335, -7, 75, 867, 41;
16, 220, 9, 311, -350, -11, 65, 859, 36;
20, 224, 14, 305, -343, 5, 81, 876, 58;
18, 222, 13, 279, -356, 2, 72, 869, 54;
13, 218, 10, 244, -376, -8, 52, 852, 40;
15, 221, 13, 230, -373, 2, 59, 862, 54;
12, 219, 12, 202, -384, 0, 49, 856, 50;
12, 219, 13, 179, -387, 2, 47, 857, 54;
11, 220, 14, 156, -390, 4, 43, 858, 57;
10, 220, 15, 133, -392, 7, 40, 860, 60;
5, 216, 12, 95, -406, -3, 20, 845, 47;
6, 219, 14, 76, -401, 5, 24, 854, 57;
3, 217, 13, 46, -406, 1, 13, 849, 53;
1, 218, 13, 20, -406, 2, 7, 850, 54;
-4, 213, 9, -20, -421, -11, -16, 832, 36;
-1, 218, 14, -32, -405, 3, -4, 851, 55;
-2, 219, 14, -57, -402, 5, -9, 854, 57;
-5, 217, 13, -89, -404, 0, -21, 849, 51;
-9, 215, 10, -122, -407, -6, -37, 842, 42;
-8, 219, 14, -139, -393, 3, -31, 855, 54;
-14, 215, 9, -180, -403, -12, -56, 838, 35;
-15, 215, 9, -205, -396, -11, -62, 842, 37;
-15, 218, 11, -223, -382, -3, -59, 853, 46;
-19, 217, 9, -256, -382, -11, -75, 846, 36;
-16, 222, 13, -266, -360, 2, -64, 867, 53;
-20, 221, 11, -296, -357, -4, -78, 862, 45;
-16, 227, 16, -303, -330, 11, -63, 886, 65;
-23, 223, 11, -342, -336, -4, -89, 870, 44;
-24, 224, 11, -362, -323, -3, -93, 875, 46;
-20, 230, 16, -368, -296, 10, -81, 898, 64;
-25, 228, 13, -398, -293, 0, -98, 891, 52;
-26, 230, 13, -416, -278, 2, -101, 897, 53;
-24, 234, 16, -426, -256, 9, -96, 913, 63;
-28, 233, 13, -450, -248, 2, -109, 909, 54;
-27, 236, 15, -460, -226, 9, -105, 923, 62;
-28, 238, 15, -475, -210, 8, -109, 928, 61;
-30, 238, 14, -494, -198, 4, -118, 929, 56;
-34, 236, 11, -517, -192, -5, -134, 923, 43;
-34, 239, 12, -525, -170, -2, -132, 934, 48;
-31, 244, 15, -524, -141, 9, -121, 954, 62;
-31, 247, 16, -532, -121, 10, -121, 963, 64;
-34, 246, 13, -549, -112, 1, -134, 959, 53;
-31, 251, 16, -545, -83, 12, -123, 979, 66;
-33, 251, 15, -555, -68, 8, -129, 981, 61;
-36, 250, 12, -569, -59, -1, -143, 976, 48;
-35, 253, 13, -569, -37, 1, -140, 987, 52;
-33, 258, 16, -562, -8, 10, -129, 1006, 64;
-39, 253, 10, -581, -8, -8, -152, 989, 40;
-38, 255, 10, -580, 11, -7, -151, 997, 41;
-32, 263, 16, -559, 50, 12, -126, 1029, 66;
-37, 260, 11, -571, 54, -3, -145, 1017, 46;
-36, 263, 12, -564, 76, 0, -141, 1027, 49;
-32, 268, 16, -548, 105, 9, -126, 1047, 62;
-35, 267, 12, -552, 113, -1, -138, 1041, 49;
-37, 266, 10, -552, 123, -9, -146, 1038, 39;
-32, 272, 14, -528, 156, 5, -126, 1062, 57;
-36, 269, 9, -534, 157, -11, -143, 1049, 37;
-33, 273, 12, -513, 183, -2, -130, 1066, 47;
-29, 278, 15, -489, 211, 8, -113, 1086, 61;
-32, 275, 11, -489, 215, -4, -126, 1076, 45;
-32, 276, 10, -476, 228, -6, -125, 1079, 42;
-32, 277, 9, -463, 241, -9, -124, 1081, 38;
-31, 278, 9, -448, 254, -12, -123, 1084, 35;
-28, 281, 11, -422, 276, -4, -109, 1099, 45;
-27, 282, 11, -405, 288, -6, -106, 1102, 43;
-21, 289, 16, -369, 317, 9, -81, 1127, 63;
-21, 288, 14, -354, 323, 4, -84, 1124, 56;
-20, 288, 13, -334, 333, 2, -81, 1126, 53;
-17, 292, 16, -305, 351, 9, -66, 1139, 62;
-18, 290, 13, -290, 354, 1, -70, 1134, 53;
-14, 293, 15, -260, 370, 7, -56, 1145, 60;
-16, 291, 12, -246, 368, -2, -64, 1134, 47;
-16, 289, 10, -228, 369, -8, -65, 1130, 39;
-16, 289, 9, -206, 373, -11, -63, 1129, 36;
-9, 295, 14, -165, 395, 3, -37, 1150, 55;
-9, 294, 12, -143, 396, 0, -36, 1147, 50;
-7, 294, 12, -117, 399, -1, -30, 1148, 49;
-4, 296, 14, -86, 407, 2, -18, 1154, 54;
-4, 294, 12, -65, 404, -2, -19, 1148, 47;
0, 298, 16, -26, 418, 9, 3, 1165, 63;
2, 298, 16, 0, 419, 9, 9, 1164, 62;
-1, 292, 9, 8, 399, -9, -7, 1140, 38;
0, 292, 10, 35, 399, -9, 0, 1140, 39;
5, 296, 14, 75, 409, 3, 21, 1155, 54;
7, 296, 14, 103, 408, 4, 30, 1156, 57;
6, 293, 12, 122, 396, -3, 27, 1145, 47;
10, 295, 14, 154, 398, 2, 41, 1151, 54;
10, 292, 11, 173, 386, -3, 39, 1141, 46;
15, 295, 15, 209, 390, 7, 59, 1151, 59;
16, 294, 15, 235, 383, 7, 65, 1149, 60;
14, 290, 11, 248, 364, -3, 58, 1132, 46;
20, 293, 16, 286, 369, 10, 81, 1146, 63;
21, 292, 15, 308, 358, 8, 85, 1141, 61;
21, 289, 14, 325, 342, 3, 84, 1130, 55;
19, 285, 10, 336, 320, -7, 76, 1112, 41;
25, 288, 15, 372, 322, 6, 98, 1125, 58;
24, 284, 12, 384, 301, -1, 93, 1110, 48;
25, 283, 12, 403, 287, -1, 98, 1105, 48;
27, 283, 13, 425, 277, 1, 107, 1104, 52;
26, 279, 10, 435, 254, -6, 101, 1089, 42;
29, 279, 12, 458, 245, 0, 113, 1090, 50;
28, 276, 10, 468, 223, -6, 109, 1077, 42;
27, 273, 9, 478, 202, -11, 107, 1066, 37;
30, 273, 11, 498, 192, -4, 119, 1067, 45;
36, 277, 16, 525, 191, 10, 141, 1080, 64;
30, 269, 10, 517, 153, -8, 119, 1049, 39;
30, 266, 9, 526, 134, -10, 120, 1040, 37;
32, 266, 10, 538, 119, -7, 126, 1037, 41;
33, 265, 11, 548, 103, -4, 131, 1034, 44;
39, 268, 16, 570, 99, 10, 152, 1046, 64;
36, 263, 13, 566, 72, 1, 142, 1028, 53;
33, 258, 10, 560, 42, -8, 130, 1007, 39;
35, 258, 12, 569, 29, -2, 138, 1008, 47;
34, 255, 10, 566, 6, -6, 134, 996, 42;
39, 259, 16, 583, 3, 10, 155, 1010, 63;
38, 256, 15, 579, -18, 7, 151, 999, 59;
35, 251, 12, 567, -47, -2, 138, 979, 47;
38, 252, 15, 572, -57, 6, 148, 983, 58;
37, 250, 14, 567, -77, 5, 146, 975, 57;
33, 244, 11, 549, -107, -5, 130, 954, 43;
33, 243, 11, 543, -125, -5, 129, 948, 44;
32, 241, 10, 533, -145, -6, 126, 940, 42;
37, 244, 16, 540, -146, 10, 144, 954, 64;
35, 242, 15, 527, -166, 8, 139, 944, 60;
33, 238, 13, 509, -188, 2, 129, 932, 54;
32, 237, 13, 495, -206, 1, 125, 924, 53;
32, 236, 15, 486, -218, 6, 127, 924, 59;
33, 237, 16, 475, -229, 11, 129, 924, 65;
28, 232, 13, 448, -255, 0, 112, 905, 52;
23, 226, 9, 418, -283, -12, 91, 883, 35;
28, 231, 15, 418, -278, 6, 110, 901, 59;
25, 228, 13, 393, -297, 0, 98, 889, 52;
20, 223, 9, 361, -322, -11, 78, 869, 37;
21, 224, 12, 348, -326, -2, 83, 875, 47;
19, 223, 12, 326, -338, -3, 77, 870, 46;
15, 219, 9, 295, -358, -12, 61, 855, 35;
15, 220, 10, 276, -363, -7, 61, 858, 41;
18, 223, 14, 265, -360, 5, 71, 870, 57;
14, 220, 12, 235, -374, 0, 57, 859, 50;
12, 219, 12, 208, -383, -2, 49, 854, 47;
11, 219, 12, 185, -388, 0, 45, 854, 50;
14, 222, 16, 172, -381, 12, 55, 868, 66;
6, 216, 11, 127, -404, -6, 25, 843, 43;
7, 218, 14, 110, -399, 3, 30, 853, 54;
2, 215, 10, 73, -413, -7, 10, 839, 41;
6, 220, 15, 62, -399, 8, 24, 858, 62;
4, 220, 15, 36, -400, 9, 18, 858, 62;
2, 219, 15, 8, -401, 8, 10, 857, 61;
0, 219, 15, -19, -401, 7, 2, 856, 60;
-2, 218, 13, -51, -405, 2, -10, 850, 53;
-5, 217, 12, -81, -406, 0, -20, 847, 50;
-5, 218, 14, -104, -399, 3, -22, 853, 54;
-8, 218, 13, -132, -397, 1, -31, 853, 52;
-14, 214, 9, -172, -405, -12, -54, 838, 35;
-11, 220, 13, -183, -385, 2, -43, 858, 54;
-15, 218, 11, -216, -386, -5, -58, 851, 44;
-16, 219, 12, -239, -376, -3, -62, 856, 47;
-16, 221, 13, -259, -364, 0, -63, 864, 52;
-17, 222, 13, -283, -355, 0, -69, 867, 51;
-21, 221, 11, -313, -351, -5, -83, 863, 43;
-24, 220, 9, -341, -347, -11, -96, 860, 36;
-21, 226, 13, -349, -321, 2, -84, 881, 53;
-26, 223, 10, -381, -320, -8, -103, 873, 40;
-23, 229, 14, -388, -294, 4, -91, 894, 56;
-29, 226, 10, -420, -294, -8, -113, 882, 40;
-27, 230, 13, -429, -270, 1, -105, 900, 52;
-30, 230, 11, -453, -261, -5, -118, 897, 43;
-30, 232, 12, -466, -243, -2, -118, 906, 47;
-32, 233, 11, -484, -229, -4, -125, 910, 45;
-29, 238, 15, -487, -202, 6, -115, 929, 58;
-30, 240, 15, -500, -185, 6, -118, 936, 58;
-35, 237, 11, -525, -180, -6, -136, 927, 43;
-32, 243, 14, -524, -151, 5, -124, 948, 57;
-34, 242, 12, -540, -139, 0, -135, 947, 50;
-36, 242, 11, -554, -126, -5, -143, 947, 43;
-35, 246, 12, -556, -103, -1, -139, 960, 49;
-39, 244, 9, -573, -95, -11, -154, 954, 36;
-33, 252, 15, -558, -56, 7, -131, 985, 60;
-34, 254, 15, -564, -38, 6, -134, 991, 58;
-35, 255, 14, -568, -21, 4, -136, 996, 56;
-36, 255, 12, -574, -7, -1, -144, 996, 49;
-35, 258, 13, -571, 15, 2, -139, 1007, 53;
-34, 261, 14, -565, 38, 6, -134, 1019, 58;
-38, 259, 11, -574, 45, -5, -148, 1012, 44;
-39, 259, 9, -575, 59, -10, -153, 1013, 37;
-38, 262, 10, -567, 81, -7, -149, 1023, 41;
-32, 269, 15, -545, 115, 7, -128, 1049, 60;
-35, 267, 11, -549, 123, -3, -140, 1042, 46;
-33, 270, 13, -534, 146, 1, -131, 1056, 53;
-30, 274, 15, -517, 171, 9, -119, 1071, 62;
-36, 269, 9, -527, 168, -11, -142, 1052, 36;
-29, 277, 15, -494, 205, 7, -115, 1083, 60;
-30, 277, 13, -488, 215, 0, -120, 1081, 52;
-33, 275, 10, -483, 221, -8, -129, 1074, 39;
-29, 279, 12, -461, 243, -2, -116, 1089, 48;
-27, 282, 14, -438, 264, 3, -105, 1101, 55;
-27, 282, 12, -425, 274, -1, -106, 1101, 49;
-28, 281, 9, -415, 280, -9, -112, 1096, 38;
-22, 287, 14, -381, 308, 5, -89, 1119, 57;
-21, 287, 14, -361, 320, 4, -85, 1123, 56;
-24, 285, 10, -351, 320, -7, -94, 1113, 41;
-20, 289, 13, -321, 340, 1, -78, 1127, 52;
-16, 292, 15, -291, 357, 8, -64, 1140, 61;
-16, 291, 14, -273, 362, 3, -64, 1137, 54;
-17, 290, 11, -257, 363, -4, -68, 1131, 45;
-10, 295, 16, -216, 387, 11, -42, 1154, 64;
-11, 294, 14, -199, 386, 3, -46, 1147, 55;
-8, 296, 16, -166, 400, 10, -31, 1158, 63;
-9, 294, 13, -150, 396, 1, -36, 1149, 52;
-9, 293, 11, -129, 395, -4, -36, 1144, 45;
-7, 293, 11, -103, 398, -4, -30, 1144, 44;
-7, 292, 9, -82, 396, -10, -30, 1138, 38;
-5, 292, 10, -52, 400, -7, -20, 1142, 41;
-2, 294, 11, -21, 406, -3, -8, 1148, 46;
0, 294, 11, 5, 405, -3, -2, 1148, 46;
5, 298, 16, 46, 419, 10, 22, 1166, 64;
0, 291, 9, 51, 396, -11, 1, 1137, 36;
3, 292, 10, 82, 397, -7, 12, 1141, 41;
7, 294, 12, 115, 400, -1, 27, 1148, 49;
9, 294, 13, 143, 397, 0, 36, 1148, 51;
10, 293, 12, 168, 391, 0, 41, 1145, 50;
11, 292, 12, 192, 383, -2, 45, 1141, 48;
13, 292, 12, 218, 377, -1, 53, 1140, 49;
17, 293, 14, 249, 376, 5, 67, 1145, 57;
13, 287, 9, 257, 351, -10, 53, 1121, 37;
20, 291, 14, 296, 357, 4, 78, 1137, 56;
22, 291, 15, 323, 350, 8, 88, 1138, 61;
23, 290, 15, 344, 339, 7, 93, 1133, 60;
20, 284, 11, 352, 313, -6, 81, 1111, 43;
28, 289, 16, 391, 319, 11, 109, 1129, 65;
28, 288, 16, 410, 305, 11, 113, 1123, 64;
22, 279, 9, 406, 268, -11, 89, 1090, 36;
27, 281, 13, 436, 266, 0, 108, 1099, 51;
29, 280, 13, 453, 251, 0, 113, 1094, 51;
32, 281, 15, 476, 242, 7, 125, 1096, 59;
31, 277, 13, 485, 220, 0, 121, 1083, 52;
31, 275, 12, 497, 201, -1, 122, 1074, 49;
32, 274, 13, 511, 186, 0, 127, 1070, 51;
31, 271, 11, 518, 164, -4, 124, 1057, 45;
35, 272, 14, 538, 155, 5, 138, 1062, 57;
31, 265, 9, 532, 122, -10, 122, 1036, 38;
34, 266, 12, 547, 111, -3, 132, 1038, 46;
32, 262, 9, 547, 85, -10, 125, 1022, 37;
34, 262, 11, 558, 71, -5, 133, 1022, 44;
33, 258, 9, 558, 47, -10, 128, 1009, 38;
34, 258, 11, 565, 33, -5, 135, 1007, 44;
33, 255, 10, 564, 10, -8, 131, 996, 39;
38, 258, 14, 579, 5, 5, 149, 1007, 58;
34, 252, 11, 567, -25, -5, 135, 985, 43;
35, 252, 12, 569, -40, -1, 139, 983, 48;
34, 248, 11, 561, -63, -6, 133, 970, 43;
34, 247, 11, 558, -81, -4, 133, 965, 44;
37, 249, 15, 565, -88, 7, 147, 973, 59;
38, 248, 16, 560, -105, 9, 148, 968, 62;
33, 242, 11, 538, -136, -3, 130, 945, 46;
32, 240, 11, 528, -156, -5, 126, 937, 44;
30, 237, 10, 514, -176, -8, 120, 927, 41;
36, 242, 16, 521, -175, 10, 140, 943, 64;
32, 238, 14, 502, -199, 3, 128, 928, 55;
28, 232, 10, 475, -228, -8, 109, 906, 39;
29, 233, 12, 467, -237, -2, 114, 909, 48;
32, 236, 16, 464, -239, 11, 126, 920, 65;
30, 233, 15, 444, -257, 8, 118, 910, 61;
28, 231, 14, 422, -276, 4, 109, 900, 56;
22, 225, 10, 390, -302, -8, 88, 879, 40;
28, 230, 16, 391, -295, 11, 109, 900, 65;
21, 224, 12, 355, -322, -3, 85, 876, 47;
19, 222, 11, 330, -338, -6, 75, 868, 42;
19, 223, 12, 314, -342, 0, 77, 871, 50;
15, 219, 10, 283, -361, -8, 62, 857, 40;
16, 221, 12, 266, -364, -2, 63, 862, 48;
13, 219, 11, 238, -376, -5, 53, 854, 43;
11, 218, 10, 213, -385, -6, 46, 850, 42;
10, 217, 11, 188, -391, -5, 41, 849, 43;
8, 216, 10, 161, -398, -6, 33, 845, 42;
11, 220, 15, 150, -389, 7, 45, 861, 60;
5, 216, 11, 111, -406, -5, 22, 843, 44;
6, 218, 13, 92, -402, 2, 25, 851, 53;
5, 219, 15, 69, -401, 6, 23, 855, 58;
4, 219, 15, 43, -401, 7, 18, 856, 60;
-2, 214, 9, 0, -419, -9, -9, 835, 38;
2, 221, 16, -5, -397, 12, 10, 862, 65;
-5, 214, 10, -53, -417, -8, -21, 837, 40;
-3, 218, 14, -67, -402, 4, -12, 853, 56;
-2, 221, 16, -88, -393, 10, -11, 862, 63;
-5, 220, 15, -116, -391, 8, -20, 860, 61;
-7, 220, 14, -145, -389, 6, -30, 860, 58;
-9, 221, 15, -170, -382, 6, -35, 863, 59;
-12, 219, 13, -202, -382, 0, -49, 857, 51;
-15, 219, 11, -231, -379, -3, -61, 855, 46;
-15, 221, 13, -250, -366, 1, -60, 865, 53;
-15, 224, 15, -268, -351, 7, -59, 875, 60;
-22, 219, 9, -310, -360, -11, -88, 855, 37;
-20, 223, 12, -323, -340, -1, -81, 872, 49;
-24, 222, 10, -352, -336, -8, -96, 867, 40;
-26, 222, 9, -376, -326, -10, -104, 868, 37;
-21, 230, 16, -375, -292, 10, -83, 899, 63;
-22, 231, 16, -396, -280, 9, -89, 903, 62;
-26, 230, 13, -423, -275, 0, -104, 898, 51;
-31, 228, 10, -450, -270, -8, -120, 891, 39;
-32, 229, 9, -469, -256, -10, -126, 895, 38;
-30, 233, 12, -476, -232, -1, -120, 911, 48;
-29, 237, 14, -485, -210, 3, -116, 924, 55;
-29, 240, 15, -494, -189, 7, -115, 936, 60;
-30, 241, 15, -507, -172, 8, -117, 942, 61;
-34, 239, 12, -529, -165, -3, -134, 935, 47;
-37, 239, 9, -547, -155, -10, -146, 932, 37;
-36, 242, 11, -550, -131, -4, -141, 946, 45;
-38, 242, 9, -563, -118, -10, -150, 947, 38;
-38, 245, 10, -568, -97, -8, -149, 956, 40;
-39, 246, 9, -575, -80, -10, -153, 960, 37;
-32, 255, 16, -557, -39, 11, -126, 995, 65;
-39, 250, 10, -580, -41, -8, -153, 976, 39;
-34, 257, 15, -566, -6, 6, -134, 1003, 59;
-38, 254, 10, -581, 0, -7, -151, 993, 41;
-38, 256, 10, -580, 18, -7, -151, 1000, 41;
-35, 261, 13, -567, 47, 2, -138, 1019, 53;
-33, 264, 15, -559, 71, 7, -131, 1033, 60;
-39, 260, 9, -573, 71, -12, -154, 1015, 35;
-35, 266, 13, -554, 103, 1, -136, 1039, 52;
-35, 267, 12, -550, 118, -2, -139, 1042, 48;
-34, 270, 13, -538, 139, 1, -132, 1053, 52;
-37, 267, 9, -541, 145, -11, -145, 1044, 36;
-31, 275, 15, -512, 180, 6, -121, 1073, 59;
-34, 272, 10, -514, 184, -6, -134, 1062, 42;
-29, 278, 14, -488, 214, 5, -115, 1085, 58;
-28, 279, 15, -473, 231, 6, -111, 1091, 58;
-33, 275, 9, -475, 229, -11, -129, 1075, 36;
-26, 283, 15, -439, 264, 7, -101, 1105, 60;
-29, 280, 11, -436, 265, -5, -114, 1093, 43;
-27, 282, 11, -415, 281, -3, -106, 1102, 46;
-24, 285, 13, -390, 300, 2, -95, 1114, 53;
-26, 283, 10, -381, 302, -9, -104, 1104, 39;
-19, 290, 15, -343, 332, 8, -76, 1131, 61;
-24, 284, 9, -342, 323, -12, -97, 1110, 35;
-21, 287, 10, -314, 338, -7, -85, 1120, 42;
-20, 288, 10, -291, 348, -7, -80, 1123, 41;
-17, 290, 12, -262, 363, -1, -66, 1134, 49;
-15, 292, 13, -236, 373, 0, -58, 1139, 51;
-15, 290, 10, -217, 374, -6, -60, 1133, 42;
-13, 292, 11, -190, 383, -4, -51, 1139, 45;
-7, 297, 16, -150, 403, 9, -27, 1159, 63;
-6, 296, 14, -128, 404, 5, -26, 1155, 58;
-5, 296, 14, -102, 407, 4, -20, 1156, 57;
-8, 291, 9, -92, 393, -11, -34, 1136, 36;
-1, 297, 15, -47, 414, 6, -5, 1159, 58;
0, 298, 15, -18, 417, 8, 3, 1162, 61;
3, 299, 16, 11, 421, 11, 14, 1167, 65;
-1, 292, 10, 17, 399, -9, -5, 1140, 39;
2, 294, 11, 50, 404, -3, 9, 1148, 46;
3, 293, 11, 74, 399, -6, 12, 1143, 43;
6, 294, 12, 105, 400, -1, 24, 1147, 48;
9, 295, 14, 138, 402, 4, 38, 1154, 56;
6, 290, 9, 148, 382, -11, 25, 1132, 37;
8, 290, 10, 176, 378, -9, 34, 1132, 39;
14, 293, 14, 214, 384, 3, 56, 1146, 55;
12, 289, 10, 228, 365, -7, 48, 1129, 41;
20, 294, 16, 271, 376, 11, 78, 1150, 65;
17, 289, 12, 282, 354, -1, 68, 1130, 48;
22, 292, 15, 316, 354, 8, 87, 1140, 61;
21, 289, 13, 331, 337, 2, 84, 1127, 53;
24, 288, 14, 356, 328, 5, 93, 1127, 57;
20, 282, 9, 360, 299, -11, 78, 1101, 36;
27, 287, 15, 399, 305, 7, 106, 1120, 59;
23, 281, 10, 404, 277, -7, 92, 1096, 41;
25, 280, 11, 424, 264, -6, 99, 1093, 43;
27, 279, 12, 444, 253, -3, 107, 1091, 47;
32, 282, 15, 472, 249, 8, 125, 1100, 61;
31, 278, 13, 481, 227, 2, 122, 1086, 53;
34, 279, 16, 504, 219, 10, 136, 1091, 64;
30, 273, 11, 501, 186, -5, 119, 1064, 44;
29, 269, 9, 509, 164, -9, 116, 1052, 38;
31, 268, 10, 521, 148, -8, 121, 1047, 40;
36, 272, 15, 547, 146, 7, 143, 1061, 60;
36, 269, 14, 553, 125, 4, 142, 1050, 56;
37, 268, 15, 561, 108, 6, 145, 1045, 58;
38, 266, 15, 569, 90, 7, 149, 1040, 60;
33, 260, 10, 559, 56, -7, 131, 1014, 41;
33, 257, 9, 559, 34, -10, 128, 1003, 37;
39, 261, 15, 581, 34, 9, 153, 1020, 62;
36, 256, 12, 572, 4, -1, 140, 1000, 48;
34, 252, 10, 566, -20, -7, 133, 985, 41;
36, 253, 12, 571, -32, 0, 141, 987, 50;
36, 252, 13, 571, -49, 1, 143, 983, 53;
34, 247, 11, 558, -76, -6, 132, 965, 43;
31, 243, 9, 547, -101, -12, 124, 951, 35;
38, 249, 16, 565, -96, 11, 152, 974, 65;
37, 246, 15, 552, -119, 7, 144, 961, 60;
35, 243, 14, 539, -141, 3, 137, 949, 54;
36, 243, 16, 536, -153, 9, 142, 951, 62;
35, 241, 15, 523, -171, 8, 138, 943, 61;
32, 237, 13, 503, -196, 0, 125, 926, 51;
31, 236, 13, 489, -213, 0, 122, 921, 51;
34, 238, 16, 486, -218, 12, 133, 929, 66;
29, 233, 13, 460, -244, 1, 115, 909, 52;
24, 228, 9, 431, -271, -10, 97, 889, 38;
29, 232, 15, 432, -267, 8, 115, 907, 61;
26, 229, 13, 407, -288, 1, 102, 893, 53;
24, 226, 12, 384, -304, -1, 94, 884, 48;
25, 228, 15, 372, -308, 7, 99, 890, 59;
18, 221, 9, 333, -339, -11, 71, 863, 36;
21, 224, 13, 324, -336, 2, 83, 876, 53;
15, 219, 9, 289, -359, -9, 62, 857, 38;
16, 220, 11, 272, -363, -4, 63, 860, 45;
14, 219, 11, 248, -372, -4, 57, 857, 45;
12, 218, 10, 220, -383, -7, 47, 850, 41;
9, 215, 9, 190, -395, -12, 35, 841, 35;
9, 217, 11, 172, -394, -4, 38, 848, 45;
9, 218, 12, 150, -396, -1, 36, 851, 49;
8, 219, 13, 127, -397, 2, 34, 854, 54;
6, 218, 13, 100, -401, 1, 26, 851, 53;
3, 216, 12, 69, -408, -2, 15, 845, 48;
5, 220, 16, 54, -399, 9, 22, 859, 62;
4, 220, 15, 27, -400, 9, 15, 858, 62;
0, 217, 13, -6, -407, 2, 0, 849, 53;
-1, 217, 13, -34, -407, 1, -6, 849, 52;
-5, 215, 11, -68, -412, -5, -22, 841, 44;
-9, 213, 9, -101, -416, -11, -36, 834, 36;
-4, 220, 15, -108, -393, 7, -19, 860, 60;
-9, 218, 13, -142, -397, 0, -35, 851, 50;
-8, 220, 14, -162, -385, 5, -34, 861, 58;
-12, 218, 12, -196, -387, -1, -50, 854, 48;
-12, 222, 14, -213, -372, 5, -47, 866, 58;
-16, 220, 12, -246, -372, -1, -63, 859, 48;
-19, 219, 10, -276, -370, -8, -77, 854, 40;
-19, 221, 11, -295, -356, -3, -77, 863, 46;
-18, 225, 14, -309, -337, 5, -71, 878, 57;
-21, 224, 12, -338, -333, -1, -85, 874, 49;
-21, 227, 14, -352, -314, 5, -82, 887, 58;
-23, 227, 13, -378, -306, 0, -93, 886, 51;
-26, 227, 12, -402, -297, -2, -102, 886, 47;
-22, 233, 16, -406, -268, 11, -89, 909, 65;
-27, 231, 13, -436, -265, 0, -108, 901, 51;
-26, 235, 15, -445, -242, 8, -102, 916, 61;
-27, 236, 15, -461, -228, 7, -107, 921, 60;
-31, 234, 12, -486, -222, -2, -123, 915, 47;
-31, 236, 12, -498, -203, 0, -124, 923, 50;
-31, 240, 14, -506, -181, 4, -121, 936, 56;
-35, 237, 10, -531, -176, -8, -140, 926, 40;
-37, 238, 9, -544, -162, -11, -146, 929, 37;
-30, 247, 16, -531, -121, 11, -120, 964, 65;
-35, 245, 12, -552, -115, -1, -138, 955, 49;
-32, 250, 16, -547, -85, 10, -126, 976, 63;
-39, 245, 9, -574, -87, -11, -154, 957, 37;
-34, 252, 15, -561, -51, 6, -133, 986, 58;
-39, 249, 9, -581, -49, -10, -155, 972, 37;
-40, 250, 9, -584, -30, -11, -156, 978, 36;
-36, 256, 13, -572, 1, 1, -140, 1001, 52;
-35, 259, 13, -570, 21, 2, -139, 1010, 54;
-38, 257, 10, -578, 30, -7, -151, 1004, 41;
-32, 265, 16, -557, 68, 11, -127, 1035, 64;
-38, 261, 10, -572, 68, -8, -150, 1018, 40;
-38, 262, 9, -568, 84, -10, -152, 1022, 37;
-37, 265, 10, -557, 107, -6, -145, 1034, 42;
-37, 266, 10, -550, 124, -8, -144, 1039, 41;
-33, 271, 14, -530, 153, 2, -128, 1060, 54;
-34, 271, 11, -527, 163, -4, -136, 1056, 44;
-29, 277, 16, -501, 195, 9, -115, 1080, 62;
-30, 277, 14, -494, 207, 4, -118, 1080, 56;
-32, 275, 11, -488, 215, -4, -126, 1076, 45;
-31, 277, 11, -473, 231, -4, -122, 1082, 45;
-30, 278, 11, -459, 245, -6, -120, 1086, 43;
-28, 281, 12, -437, 264, -1, -110, 1097, 49;
-22, 287, 16, -406, 292, 11, -89, 1119, 65;
-23, 286, 14, -393, 300, 5, -91, 1117, 58;
-22, 287, 14, -373, 313, 5, -87, 1121, 58;
-23, 286, 12, -360, 318, -1, -91, 1117, 48;
-20, 289, 14, -334, 334, 3, -79, 1127, 55;
-21, 287, 11, -319, 337, -4, -84, 1121, 45;
-19, 289, 12, -294, 349, -2, -76, 1128, 47;
-16, 291, 13, -267, 362, 0, -65, 1135, 51;
-14, 293, 14, -240, 374, 4, -55, 1143, 56;
-10, 296, 16, -208, 389, 10, -41, 1154, 64;
-9, 296, 16, -184, 395, 10, -35, 1156, 63;
-14, 290, 9, -178, 381, -10, -54, 1133, 38;
-9, 293, 12, -144, 395, -1, -37, 1146, 49;
-6, 295, 13, -113, 403, 2, -25, 1153, 54;
-2, 298, 16, -78, 415, 11, -8, 1164, 64;
-4, 294, 12, -65, 404, -2, -19, 1148, 47;
-3, 294, 12, -39, 406, -3, -12, 1148, 47;
0, 295, 13, -8, 409, 0, -1, 1153, 51;
-1, 293, 10, 10, 401, -7, -5, 1143, 41;
0, 292, 10, 35, 399, -9, 0, 1141, 39;
3, 293, 11, 67, 402, -4, 12, 1146, 45;
7, 296, 14, 102, 407, 3, 28, 1155, 55;
9, 295, 14, 128, 403, 3, 35, 1153, 55;
6, 291, 10, 141, 385, -9, 25, 1135, 39;
8, 290, 10, 168, 381, -8, 33, 1134, 40;
10, 290, 10, 194, 375, -7, 40, 1133, 41;
11, 289, 9, 217, 365, -10, 43, 1127, 37;
18, 293, 15, 259, 375, 7, 71, 1146, 60;
13, 286, 9, 264, 347, -11, 53, 1119, 36;
17, 287, 11, 293, 343, -5, 67, 1123, 43;
19, 287, 11, 317, 334, -4, 74, 1120, 45;
25, 290, 16, 354, 337, 9, 97, 1134, 62;
25, 288, 14, 371, 321, 6, 98, 1125, 58;
23, 284, 12, 383, 300, -2, 92, 1109, 47;
27, 285, 14, 410, 294, 5, 107, 1114, 57;
30, 286, 16, 436, 287, 11, 120, 1117, 65;
25, 278, 10, 432, 251, -9, 98, 1085, 39;
31, 281, 14, 464, 251, 5, 121, 1098, 58;
30, 278, 13, 475, 231, 0, 119, 1086, 51;
29, 275, 11, 483, 208, -5, 114, 1072, 43;
30, 273, 11, 497, 191, -5, 118, 1066, 44;
35, 276, 15, 523, 188, 8, 138, 1077, 61;
35, 273, 14, 531, 167, 5, 137, 1066, 57;
37, 273, 15, 545, 153, 8, 144, 1065, 62;
34, 268, 12, 545, 126, 0, 135, 1046, 50;
35, 267, 13, 555, 109, 1, 139, 1042, 53;
38, 267, 16, 569, 98, 9, 150, 1044, 62;
37, 264, 14, 568, 74, 3, 145, 1030, 55;
39, 264, 16, 580, 62, 10, 155, 1032, 64;
36, 259, 12, 570, 30, -1, 140, 1010, 49;
34, 255, 11, 567, 6, -6, 134, 996, 43;
37, 256, 13, 575, -4, 1, 144, 999, 52;
33, 251, 10, 564, -34, -8, 131, 979, 40;
34, 250, 11, 564, -50, -5, 134, 975, 43;
33, 247, 10, 558, -72, -8, 130, 966, 40;
34, 247, 11, 558, -86, -3, 135, 964, 46;
39, 250, 16, 567, -90, 11, 152, 976, 65;
31, 241, 9, 538, -130, -10, 123, 942, 38;
33, 242, 12, 537, -140, -1, 131, 945, 48;
31, 239, 11, 523, -163, -6, 123, 933, 42;
30, 237, 10, 510, -182, -8, 118, 924, 40;
33, 239, 14, 511, -187, 4, 131, 934, 56;
31, 236, 12, 493, -209, 0, 121, 921, 49;
32, 236, 14, 485, -219, 5, 126, 923, 58;
30, 234, 14, 468, -236, 4, 120, 915, 56;
26, 230, 11, 441, -262, -5, 104, 897, 43;
28, 231, 14, 433, -267, 3, 111, 903, 55;
24, 227, 11, 407, -290, -4, 96, 887, 44;
27, 229, 15, 399, -292, 6, 105, 896, 59;
21, 223, 10, 363, -320, -8, 81, 872, 40;
20, 223, 10, 344, -330, -6, 78, 870, 42;
19, 222, 11, 325, -339, -4, 76, 869, 45;
22, 226, 16, 316, -336, 9, 88, 882, 62;
15, 219, 10, 276, -364, -8, 60, 857, 40;
13, 218, 10, 251, -374, -8, 53, 852, 39;
13, 219, 12, 232, -376, -3, 54, 856, 46;
14, 221, 14, 215, -376, 4, 57, 863, 56;
10, 218, 11, 182, -391, -3, 41, 850, 46;
9, 218, 12, 158, -394, -1, 38, 851, 49;
7, 216, 11, 129, -403, -4, 27, 845, 45;
9, 220, 15, 114, -395, 7, 35, 858, 60;
1, 214, 9, 70, -415, -10, 7, 836, 38;
1, 215, 11, 48, -413, -5, 7, 841, 44;
-1, 213, 9, 16, -420, -10, -6, 833, 37;
-3, 213, 9, -10, -420, -10, -13, 834, 37;
-3, 215, 11, -33, -415, -6, -14, 839, 43;
0, 219, 15, -45, -399, 8, -3, 857, 60;
-2, 220, 15, -73, -398, 7, -10, 858, 60;
-8, 216, 11, -112, -407, -4, -32, 844, 45;
-11, 215, 10, -143, -408, -9, -45, 839, 39;
-8, 220, 14, -155, -389, 4, -34, 858, 56;
-11, 219, 13, -185, -387, 0, -45, 855, 51;
-13, 219, 12, -211, -381, 0, -53, 857, 50;
-13, 222, 14, -231, -369, 4, -53, 865, 56;
-18, 219, 11, -266, -371, -6, -72, 855, 43;
-17, 222, 13, -283, -355, 0, -69, 868, 52;
-19, 223, 13, -305, -344, 1, -74, 873, 53;
-21, 224, 13, -330, -335, 0, -82, 874, 50;
-20, 227, 14, -346, -318, 5, -80, 885, 57;
-25, 224, 10, -379, -318, -6, -101, 875, 42;
-22, 230, 16, -383, -289, 9, -85, 900, 62;
-23, 231, 15, -403, -276, 8, -91, 904, 61;
-30, 227, 9, -440, -281, -10, -119, 885, 38;
-30, 230, 11, -453, -262, -5, -118, 897, 43;
-26, 236, 16, -452, -229, 11, -101, 924, 64;
-33, 231, 10, -488, -234, -9, -130, 904, 39;
-33, 234, 10, -500, -215, -6, -131, 913, 42;
-35, 234, 9, -517, -202, -10, -139, 915, 37;
-36, 235, 9, -530, -186, -11, -143, 920, 36;
-37, 237, 9, -541, -168, -11, -145, 927, 36;
-37, 239, 9, -550, -149, -10, -147, 934, 37;
-36, 243, 11, -553, -126, -5, -143, 948, 44;
-37, 245, 11, -560, -106, -5, -144, 955, 44;
-37, 247, 11, -566, -87, -4, -145, 963, 45;
-33, 253, 16, -557, -54, 9, -128, 988, 63;
-40, 248, 9, -582, -56, -11, -156, 968, 36;
-35, 255, 14, -568, -21, 4, -137, 995, 56;
-37, 255, 12, -576, -8, -2, -145, 994, 48;
-34, 260, 15, -565, 20, 7, -133, 1014, 60;
-39, 256, 10, -581, 22, -9, -154, 1000, 39;
-34, 263, 15, -562, 58, 6, -133, 1027, 59;
-34, 264, 14, -559, 75, 5, -134, 1032, 57;
-35, 265, 13, -557, 91, 2, -136, 1036, 53;
-38, 263, 9, -564, 96, -11, -151, 1026, 36;
-32, 270, 15, -539, 133, 6, -127, 1055, 58;
-33, 271, 14, -533, 148, 3, -129, 1058, 55;
-30, 274, 15, -518, 171, 8, -120, 1071, 61;
-32, 274, 13, -513, 182, 1, -125, 1069, 53;
-31, 276, 14, -499, 200, 3, -121, 1077, 54;
-28, 279, 15, -480, 223, 9, -110, 1091, 62;
-26, 281, 16, -463, 241, 10, -104, 1099, 64;
-32, 276, 9, -470, 234, -11, -128, 1077, 37;
-26, 283, 14, -436, 266, 5, -103, 1104, 57;
-26, 283, 13, -423, 276, 0, -104, 1104, 52;
-28, 281, 10, -413, 282, -7, -110, 1098, 41;
-25, 284, 12, -387, 301, -1, -97, 1111, 49;
-19, 290, 16, -354, 327, 11, -76, 1131, 64;
-21, 288, 13, -341, 330, 2, -82, 1125, 54;
-20, 289, 13, -321, 339, 0, -79, 1127, 51;
-17, 291, 14, -294, 354, 5, -68, 1136, 57;
-16, 292, 14, -272, 363, 3, -63, 1138, 55;
-15, 291, 13, -251, 369, 1, -61, 1138, 52;
-17, 289, 9, -237, 366, -9, -69, 1127, 38;
-9, 296, 16, -193, 392, 9, -38, 1154, 62;
-9, 295, 14, -172, 394, 4, -38, 1150, 56;
-11, 292, 11, -157, 389, -6, -45, 1139, 43;
-9, 293, 11, -129, 396, -3, -35, 1144, 46;
-9, 291, 9, -109, 392, -11, -38, 1136, 37;
-2, 297, 15, -65, 413, 6, -9, 1159, 58;
-1, 297, 14, -39, 413, 5, -4, 1158, 57;
2, 299, 16, -5, 421, 12, 10, 1167, 65;
2, 297, 14, 14, 415, 5, 9, 1159, 57;
3, 296, 14, 40, 413, 4, 14, 1158, 56;
2, 293, 11, 57, 402, -5, 9, 1145, 44;
2, 291, 9, 78, 393, -11, 8, 1137, 37;
7, 295, 13, 117, 402, 1, 30, 1151, 52;
8, 293, 12, 139, 393, -3, 31, 1144, 47;
14, 297, 16, 180, 403, 11, 56, 1160, 65;
11, 292, 12, 192, 383, -1, 46, 1141, 48;
10, 289, 9, 208, 367, -11, 40, 1127, 37;
19, 295, 16, 255, 381, 10, 74, 1151, 64;
16, 290, 12, 267, 361, 0, 66, 1134, 50;
14, 286, 9, 280, 341, -11, 58, 1117, 36;
22, 291, 15, 322, 349, 7, 87, 1136, 59;
23, 290, 15, 344, 338, 6, 92, 1132, 59;
23, 287, 13, 360, 321, 1, 91, 1121, 53;
21, 283, 10, 371, 299, -8, 84, 1104, 40;
22, 281, 9, 388, 283, -10, 86, 1096, 37;
25, 282, 12, 415, 278, -2, 100, 1101, 47;
28, 282, 13, 438, 268, 2, 111, 1101, 53;
30, 281, 14, 457, 255, 4, 118, 1099, 56;
26, 275, 9, 457, 224, -11, 102, 1073, 36;
31, 278, 14, 487, 222, 2, 124, 1085, 54;
33, 277, 14, 503, 207, 4, 129, 1081, 56;
30, 272, 11, 505, 180, -5, 119, 1062, 43;
37, 276, 16, 534, 180, 11, 144, 1077, 65;
35, 272, 14, 537, 155, 4, 138, 1061, 56;
36, 271, 15, 550, 140, 7, 144, 1058, 60;
33, 265, 11, 545, 108, -5, 129, 1035, 43;
36, 266, 13, 560, 98, 2, 141, 1038, 53;
34, 262, 11, 558, 72, -4, 134, 1022, 45;
38, 264, 15, 576, 66, 8, 152, 1032, 61;
39, 263, 16, 582, 49, 10, 155, 1027, 64;
36, 258, 13, 573, 19, 0, 142, 1007, 51;
36, 256, 13, 574, 1, 1, 143, 1001, 52;
33, 251, 9, 563, -29, -9, 130, 980, 38;
36, 253, 13, 572, -37, 1, 143, 987, 52;
35, 250, 12, 567, -58, 0, 140, 977, 49;
33, 246, 10, 554, -85, -8, 129, 960, 40;
39, 251, 16, 570, -83, 12, 153, 979, 66;
31, 242, 9, 540, -124, -10, 124, 944, 38;
36, 246, 15, 550, -125, 7, 144, 959, 60;
36, 244, 15, 539, -144, 6, 140, 951, 59;
31, 238, 11, 517, -173, -5, 123, 930, 44;
29, 235, 10, 501, -195, -9, 115, 918, 39;
32, 237, 13, 500, -200, 2, 126, 927, 53;
31, 236, 13, 487, -216, 2, 123, 921, 54;
28, 232, 11, 465, -239, -3, 111, 907, 46;
31, 234, 15, 460, -243, 7, 122, 915, 60;
26, 229, 11, 432, -269, -3, 103, 896, 46;
29, 232, 16, 428, -270, 10, 116, 908, 63;
28, 231, 16, 410, -283, 10, 112, 903, 64;
26, 229, 15, 387, -299, 8, 104, 895, 61;
26, 229, 16, 370, -308, 11, 103, 894, 65;
20, 223, 11, 333, -335, -4, 78, 871, 45;
18, 222, 11, 310, -346, -4, 73, 867, 45;
19, 223, 13, 293, -351, 1, 74, 869, 52;
19, 223, 15, 274, -355, 6, 74, 872, 58;
13, 218, 10, 237, -377, -7, 51, 852, 42;
16, 222, 15, 226, -371, 6, 63, 867, 59;
14, 221, 15, 201, -378, 7, 57, 865, 60;
8, 216, 10, 160, -399, -8, 31, 843, 40;
12, 221, 16, 153, -385, 10, 49, 865, 64;
5, 216, 11, 111, -405, -4, 23, 844, 45;
3, 215, 10, 82, -412, -7, 12, 839, 41;
0, 214, 9, 52, -418, -10, 2, 834, 37;
0, 214, 10, 27, -417, -8, -1, 836, 40;
-3, 213, 9, -3, -422, -12, -13, 831, 35;
1, 219, 15, -10, -401, 7, 5, 856, 60;
0, 219, 15, -38, -402, 6, -3, 855, 58;
-6, 216, 11, -76, -411, -4, -23, 842, 45;
-4, 219, 14, -92, -397, 5, -17, 856, 58;
-11, 215, 10, -134, -409, -9, -43, 838, 39;
-12, 215, 10, -160, -404, -9, -49, 840, 39;
-9, 220, 14, -171, -384, 5, -37, 861, 57;
-10, 222, 15, -193, -374, 8, -39, 868, 62;
-16, 218, 11, -234, -382, -6, -64, 851, 43;
-15, 221, 13, -250, -366, 1, -60, 864, 53;
-19, 220, 11, -280, -363, -4, -74, 860, 45;
-18, 223, 13, -298, -347, 1, -72, 871, 52;
-17, 226, 16, -313, -329, 9, -68, 885, 62;
-25, 221, 9, -356, -339, -12, -100, 862, 35;
-21, 227, 14, -361, -311, 4, -85, 887, 56;
-26, 225, 11, -392, -309, -5, -103, 879, 43;
-25, 229, 13, -403, -287, 1, -98, 894, 53;
-30, 226, 9, -434, -286, -10, -118, 884, 38;
-25, 233, 15, -434, -253, 7, -100, 911, 60;
-26, 235, 16, -449, -236, 9, -101, 920, 63;
-33, 231, 9, -484, -240, -9, -130, 901, 38;
-28, 238, 15, -481, -205, 8, -111, 930, 61;
-29, 240, 15, -494, -189, 8, -114, 936, 61;
-32, 239, 13, -514, -179, 1, -126, 934, 52;
-31, 243, 15, -519, -155, 6, -122, 947, 59;
-30, 246, 16, -525, -134, 10, -119, 959, 64;
-36, 242, 11, -550, -131, -4, -141, 946, 44;
-35, 245, 12, -553, -108, 0, -138, 959, 50;
-34, 249, 14, -555, -84, 4, -133, 972, 56;
-32, 253, 16, -554, -59, 10, -127, 986, 64;
-35, 252, 14, -566, -48, 2, -137, 984, 54;
-33, 256, 16, -561, -21, 10, -128, 1001, 64;
-35, 256, 14, -569, -8, 4, -137, 1000, 56;
-36, 257, 13, -571, 8, 1, -140, 1004, 53;
-33, 261, 16, -562, 35, 9, -130, 1021, 63;
-35, 261, 14, -566, 48, 3, -137, 1021, 55;
-39, 258, 9, -578, 52, -11, -155, 1009, 36;
-39, 260, 9, -574, 70, -12, -154, 1015, 35;
-36, 265, 12, -557, 99, -2, -140, 1035, 48;
-38, 264, 9, -559, 109, -11, -150, 1030, 36;
-32, 271, 14, -535, 143, 4, -128, 1057, 56;
-31, 273, 14, -524, 162, 5, -124, 1065, 58;
-31, 274, 14, -513, 180, 5, -122, 1072, 57;
-31, 275, 13, -504, 194, 2, -122, 1074, 54;
-35, 272, 9, -505, 197, -11, -136, 1063, 37;
-29, 278, 13, -477, 227, 2, -116, 1086, 53;
-32, 276, 9, -474, 230, -10, -127, 1077, 38;
-28, 281, 13, -447, 256, 0, -110, 1096, 51;
-26, 283, 14, -426, 274, 3, -102, 1105, 55;
-27, 282, 11, -416, 281, -3, -107, 1101, 46;
-24, 285, 13, -391, 300, 1, -95, 1113, 52;
-24, 285, 12, -375, 308, -3, -96, 1112, 46;
-20, 288, 14, -347, 328, 4, -81, 1126, 56;
-23, 285, 10, -338, 327, -8, -92, 1114, 40;
-21, 287, 11, -312, 340, -5, -83, 1122, 44;
-17, 290, 13, -283, 357, 1, -69, 1134, 52;
-14, 293, 14, -254, 370, 5, -57, 1143, 58;
-14, 292, 13, -234, 374, 1, -57, 1140, 52;
-15, 290, 10, -217, 374, -6, -60, 1133, 42;
-12, 292, 12, -188, 385, -2, -49, 1141, 48;
-7, 296, 15, -151, 402, 8, -29, 1157, 61;
-10, 293, 11, -138, 393, -4, -39, 1142, 45;
-6, 295, 13, -106, 403, 1, -24, 1151, 52;
-8, 291, 9, -91, 395, -10, -33, 1138, 37;
-1, 297, 15, -47, 414, 6, -5, 1160, 59;
-3, 293, 10, -34, 402, -7, -15, 1143, 42;
1, 4, 4, 1718, 4099, 2943, 5, 15, 16;
10, 22, 6, 3870, 4474, 2659, 39, 87, 25;
10, 28, 3, 2317, 2593, 1924, 41, 111, 14;
1, 16, 4, 3586, 3697, 2131, 7, 63, 15;
14, 17, 5, 1661, 5091, 1175, 54, 68, 21;
9, 28, 5, 2743, 3656, 1734, 37, 109, 23;
18, 24, 3, 4364, 5302, 2608, 70, 96, 12;
9, 1, 0, 2127, 4396, 1773, 36, 6, 3;
4, 6, 3, 1771, 3698, 1723, 17, 27, 11;
13, 0, 10, 2716, 2159, 1931, 52, 2, 40;
7, 21, 0, 3414, 3117, 1170, 29, 82, 0;
4, 15, 4, 2119, 4018, 2126, 17, 59, 15;
14, 11, 9, 3769, 3880, 1031, 55, 45, 35;
16, 17, 0, 3825, 3575, 1422, 63, 68, 3;
13, 4, 1, 2993, 4950, 1533, 51, 19, 5;
4, 3, 8, 3432, 4290, 2420, 17, 13, 34;
8, 19, 11, 1754, 3731, 2323, 34, 75, 44;
18, 0, 1, 4245, 4585, 2091, 72, 2, 4;
17, 6, 12, 1954, 1959, 2122, 68, 23, 48;
0, 6, 4, 3226, 4249, 2021, 0, 27, 19;
12, 19, 10, 3192, 2095, 1006, 48, 76, 40;
11, 16, 4, 3871, 2503, 1449, 43, 64, 19;
16, 19, 10, 2432, 2633, 2148, 63, 77, 40;
2, 28, 8, 3028, 4539, 1393, 11, 111, 34;
7, 21, 11, 2862, 3507, 2191, 28, 84, 45;
10, 10, 4, 3847, 2823, 1061, 39, 39, 17;
2, 15, 7, 4130, 2031, 2002, 9, 58, 28;
12, 16, 0, 3703, 4068, 1828, 46, 64, 0;
12, 29, 3, 3308, 4496, 1991, 47, 114, 12;
15, 30, 9, 3264, 1806, 2716, 59, 120, 36;
8, 12, 11, 2617, 3719, 2871, 32, 50, 45;
8, 31, 9, 3742, 2007, 1351, 32, 121, 36;
9, 25, 1, 3359, 3369, 1461, 38, 97, 6;
1, 9, 3, 4309, 3740, 1069, 4, 35, 12;
17, 31, 12, 3654, 2193, 1064, 68, 121, 48;
1, 19, 6, 3206, 1902, 1176, 6, 77, 23;
17, 15, 7, 1574, 4263, 2071, 66, 61, 29;
14, 4, 3, 3817, 1889, 2461, 54, 16, 11;
0, 18, 11, 1760, 4590, 1964, 1, 73, 45;
6, 6, 11, 2635, 5266, 1084, 24, 27, 44;
3, 11, 3, 4400, 3929, 2776, 14, 43, 15;
18, 13, 0, 2863, 3786, 1583, 71, 52, 1;
7, 25, 3, 3064, 3691, 2642, 31, 98, 12;
14, 30, 2, 2633, 4141, 2277, 57, 117, 9;
16, 21, 2, 4264, 5185, 1591, 65, 83, 10;
3, 29, 1, 3539, 3011, 2556, 13, 116, 7;
20, 26, 3, 1575, 3110, 1706, 81, 104, 15;
20, 15, 11, 4136, 1829, 2796, 79, 58, 46;
10, 30, 1, 4412, 3785, 2853, 42, 120, 7;
11, 6, 7, 2521, 5213, 2633, 45, 24, 30;
17, 16, 10, 2850, 2450, 2651, 69, 64, 40;
9, 9, 5, 4306, 2846, 2039, 35, 37, 22;
14, 25, 10, 4132, 2626, 2197, 55, 100, 41;
4, 5, 5, 3770, 3707, 1289, 18, 20, 19;
0, 5, 8, 2300, 2612, 1136, 1, 22, 33;
8, 2, 12, 2549, 3791, 1736, 33, 11, 50;
1, 11, 8, 2586, 5283, 1349, 4, 43, 32;
20, 8, 7, 3060, 4693, 2043, 80, 32, 29;
2, 7, 5, 3916, 2105, 2603, 10, 28, 22;
1, 15, 2, 2894, 2429, 1673, 5, 59, 8;
19, 15, 8, 1579, 4900, 1326, 76, 61, 32;
10, 8, 0, 3827, 2605, 1025, 40, 32, 2;
8, 24, 7, 3106, 4402, 2063, 33, 94, 27;
5, 26, 6, 2220, 3038, 2890, 22, 102, 25;
10, 3, 9, 2611, 4349, 2300, 41, 12, 36;
0, 15, 7, 2590, 3117, 1053, 0, 60, 27;
3, 17, 3, 1909, 4107, 1071, 14, 67, 12;
1, 4, 7, 3741, 3344, 2324, 4, 18, 29;
18, 19, 2, 3888, 3267, 1935, 72, 75, 8;
8, 30, 10, 3242, 2067, 1997, 34, 117, 39;
20, 10, 9, 4045, 5012, 2336, 79, 40, 35;
15, 27, 0, 3984, 3915, 2538, 59, 108, 1;
20, 24, 1, 2736, 4959, 2858, 80, 95, 7;
15, 26, 5, 2500, 3755, 1709, 60, 104, 21;
8, 5, 6, 3757, 3766, 2386, 33, 19, 24;
7, 3, 4, 4091, 3962, 2229, 30, 13, 19;
4, 22, 0, 4313, 4155, 1542, 17, 86, 2;
3, 21, 6, 1635, 2602, 1834, 12, 82, 24;
10, 26, 7, 2560, 5119, 1013, 41, 101, 29;
15, 14, 5, 4045, 5066, 2920, 60, 54, 23;
665, 1028, 443, 5260, 4604, 3129, 2596, 4010, 1729;
690, 986, 500, 5052, 4422, 3005, 2691, 3848, 1950;
699, 749, 475, 4826, 4220, 2858, 2728, 2923, 1855;
522, 822, 452, 4631, 4049, 2741, 2035, 3208, 1765;
515, 887, 356, 4465, 3906, 2649, 2009, 3460, 1391;
637, 729, 338, 4283, 3747, 2539, 2487, 2843, 1319;
503, 769, 409, 4137, 3621, 2461, 1964, 2999, 1598;
571, 735, 331, 3969, 3473, 2358, 2230, 2869, 1291;
438, 711, 269, 3787, 3311, 2240, 1711, 2774, 1049;
426, 604, 353, 3643, 3185, 2156, 1662, 2358, 1377;
428, 762, 305, 3496, 3056, 2067, 1671, 2974, 1190;
482, 691, 308, 3363, 2941, 1990, 1882, 2696, 1204;
441, 644, 253, 3264, 2859, 1946, 1722, 2515, 987;
436, 576, 238, 3106, 2716, 1839, 1700, 2247, 929;
335, 686, 295, 3011, 2637, 1794, 1309, 2675, 1152;
350, 600, 255, 2858, 2499, 1689, 1368, 2340, 995;
307, 554, 264, 2753, 2408, 1630, 1200, 2160, 1032;
329, 528, 246, 2666, 2334, 1587, 1285, 2060, 961;
288, 638, 234, 2545, 2226, 1508, 1124, 2490, 916;
303, 554, 220, 2471, 2164, 1474, 1182, 2162, 859;
291, 529, 192, 2377, 2082, 1419, 1138, 2066, 750;
320, 551, 161, 2255, 1972, 1335, 1251, 2152, 629;
274, 574, 189, 2198, 1926, 1314, 1069, 2239, 740;
231, 509, 169, 2105, 1844, 1256, 903, 1986, 659;
291, 457, 177, 2006, 1755, 1190, 1135, 1784, 691;
228, 436, 160, 1911, 1670, 1127, 889, 1704, 626;
239, 423, 150, 1837, 1605, 1084, 932, 1651, 585;
263, 448, 122, 1764, 1541, 1040, 1027, 1748, 477;
212, 473, 148, 1729, 1516, 1034, 827, 1847, 578;
193, 498, 122, 1650, 1444, 981, 753, 1945, 477;
210, 422, 131, 1557, 1359, 915, 819, 1648, 511;
171, 449, 127, 1516, 1327, 900, 669, 1752, 497;
205, 405, 124, 1438, 1255, 845, 800, 1579, 486;
191, 434, 112, 1386, 1211, 817, 745, 1695, 437;
195, 434, 120, 1335, 1166, 788, 762, 1693, 468;
161, 377, 122, 1302, 1140, 776, 630, 1473, 476;
140, 383, 115, 1232, 1077, 727, 547, 1496, 452;
147, 422, 88, 1171, 1022, 686, 573, 1646, 345;
137, 410, 103, 1127, 983, 661, 536, 1599, 404;
158, 414, 88, 1120, 982, 672, 617, 1615, 344;
140, 385, 91, 1039, 907, 609, 547, 1504, 357;
120, 384, 84, 1024, 896, 610, 471, 1499, 330;
112, 385, 67, 963, 840, 565, 437, 1502, 263;
118, 369, 77, 930, 813, 549, 462, 1439, 301;
112, 382, 66, 907, 794, 541, 437, 1491, 260;
99, 360, 87, 883, 774, 531, 389, 1404, 341;
124, 360, 62, 852, 748, 514, 486, 1405, 242;
102, 347, 72, 781, 681, 456, 398, 1354, 283;
118, 366, 59, 791, 695, 479, 460, 1430, 231;
94, 336, 73, 749, 657, 449, 368, 1311, 287;
103, 341, 66, 715, 626, 427, 402, 1333, 260;
86, 323, 64, 705, 619, 427, 337, 1262, 253;
98, 348, 57, 679, 597, 413, 384, 1359, 223;
89, 343, 58, 649, 570, 393, 350, 1337, 227;
85, 329, 58, 606, 530, 360, 334, 1285, 228;
82, 328, 45, 567, 495, 331, 323, 1281, 175;
63, 316, 54, 555, 485, 328, 246, 1232, 214;
70, 322, 35, 522, 455, 304, 275, 1257, 140;
71, 324, 33, 497, 433, 288, 279, 1266, 129;
64, 326, 38, 480, 418, 278, 249, 1272, 151;
54, 306, 41, 475, 415, 281, 214, 1193, 163;
47, 303, 34, 433, 376, 247, 184, 1183, 134;
58, 319, 47, 462, 407, 284, 228, 1246, 184;
56, 315, 31, 419, 366, 247, 219, 1231, 124;
60, 304, 41, 429, 378, 264, 235, 1186, 161;
47, 309, 28, 381, 332, 223, 185, 1205, 111;
51, 294, 35, 397, 350, 245, 199, 1149, 140;
47, 289, 33, 361, 316, 215, 184, 1129, 130;
41, 301, 28, 355, 312, 215, 162, 1174, 111;
44, 304, 27, 322, 280, 187, 173, 1188, 106;
42, 295, 33, 342, 302, 213, 165, 1152, 129;
36, 297, 27, 312, 273, 187, 142, 1161, 105;
42, 295, 31, 317, 280, 197, 165, 1154, 121;
37, 288, 22, 271, 236, 156, 144, 1126, 88;
40, 283, 26, 275, 241, 165, 158, 1104, 104;
28, 279, 21, 244, 211, 138, 111, 1088, 85;
28, 286, 17, 234, 203, 132, 111, 1116, 69;
29, 292, 24, 252, 222, 154, 115, 1139, 94;
36, 293, 20, 248, 219, 154, 141, 1142, 78;
22, 285, 17, 205, 177, 115, 87, 1113, 66;
1, 256, 1, 1, 1, 1, 6, 1001, 4;
1, 256, 0, -1, -1, -1, 4, 998, 1;
1, 256, 0, 0, 0, 0, 5, 1000, 3;
1, 256, 0, -1, -1, -1, 4, 998, 2;
1, 256, 0, 0, 0, 0, 5, 999, 3;
0, 256, 0, -1, -1, -1, 3, 998, 1;
1, 256, 0, 0, 0, 0, 5, 1000, 3;
1, 256, 1, 1, 1, 1, 5, 1000, 3;
1, 256, 0, 0, 0, 0, 5, 1000, 3;
1, 256, 0, 0, 0, 0, 4, 999, 2;
1, 256, 0, -1, -1, -1, 4, 999, 2;
1, 256, 0, 0, 0, 0, 5, 999, 2;
1, 256, 1, 1, 1, 1, 6, 1001, 4;
1, 256, 0, 1, 1, 1, 5, 1000, 3;
1, 256, 0, -1, -1, -1, 4, 999, 2;
1, 256, 1, 1, 1, 1, 6, 1000, 4;
1, 256, 0, 1, 1, 1, 5, 1000, 3;
1, 256, 0, -1, -1, -1, 3, 998, 1;
1, 256, 0, -1, -1, -1, 4, 998, 2;
1, 256, 0, 0, 0, 0, 5, 1000, 3;
1, 256, 0, 1, 1, 1, 5, 1000, 3;
1, 256, 1, 1, 1, 1, 5, 1000, 3;
1, 256, 0, 0, 0, 0, 4, 999, 2;
1, 256, 0, -1, -1, -1, 4, 999, 2;
1, 256, 1, 1, 1, 1, 6, 1000, 4;
1, 256, 0, 0, 0, 0, 5, 1000, 3;
1, 256, 1, 1, 1, 1, 6, 1001, 4;
1, 256, 0, 0, 0, 0, 5, 1000, 3;
1, 256, 0, 0, 0, 0, 5, 1000, 3;
1, 256, 0, 0, 0, 0, 5, 1000, 3;
1, 256, 0, 0, 0, 0, 5, 1000, 3;
1, 256, 0, 0, 0, 0, 5, 1000, 3;
1, 256, 0, 0, 0, 0, 4, 999, 2;
1, 256, 0, -1, -1, -1, 3, 998, 1;
1, 256, 0, 0, 0, 0, 5, 1000, 3;
1, 256, 1, 1, 1, 1, 6, 1000, 4;
1, 256, 0, 0, 0, 0, 5, 1000, 3;
1, 256, 0, 0, 0, 0, 4, 999, 2;
1, 256, 1, 1, 1, 1, 6, 1001, 4;
1, 256, 0, -1, -1, -1, 4, 999, 2;
1, 256, 0, 0, 0, 0, 4, 999, 2;
1, 256, 0, -1, -1, -1, 4, 999, 2;
1, 256, 0, 0, 0, 0, 4, 999, 2;
1, 256, 1, 1, 1, 1, 6, 1001, 4;
1, 256, 1, 1, 1, 1, 6, 1001, 4;
1, 256, 0, 0, 0, 0, 5, 1000, 3;
1, 256, 0, -1, -1, -1, 4, 999, 2;
1, 256, 0, 0, 0, 0, 5, 1000, 3;
1, 256, 0, 0, 0, 0, 5, 1000, 3;
1, 256, 0, 0, 0, 0, 5, 1000, 3;
1, 256, 0, 0, 0, 0, 5, 1000, 3;
1, 256, 1, 1, 1, 1, 5, 1000, 3;
1, 256, 0, 0, 0, 0, 4, 999, 2;
1, 256, 1, 1, 1, 1, 6, 1001, 4;
1, 256, 0, 1, 1, 1, 5, 1000, 3;
1, 256, 0, -1, -1, -1, 4, 999, 2;
1, 256, 0, 0, 0, 0, 5, 1000, 3;
1, 256, 0, 0, 0, 0, 4, 999, 2;
1, 256, 0, 0, 0, 0, 5, 1000, 3;
1, 256, 0, 0, 0, 0, 4, 999, 2;
1, 256, 0, 0, 0, 0, 5, 1000, 3;
1, 256, 0, 1, 1, 1, 5, 1000, 3;
1, 256, 0, -1, -1, -1, 4, 999, 2;
1, 256, 0, 0, 0, 0, 5, 1000, 3;
1, 256, 0, 0, 0, 0, 4, 999, 2;
1, 256, 0, 0, 0, 0, 5, 1000, 3;
1, 256, 1, 1, 1, 1, 6, 1001, 4;
1, 256, 0, 0, 0, 0, 5, 1000, 3;
1, 256, 0, 0, 0, 0, 5, 1000, 3;
1, 256, 0, -1, -1, -1, 4, 999, 2;
1, 256, 1, 1, 1, 1, 6, 1001, 4;
1, 256, 0, 0, 0, 0, 5, 999, 3;
1, 256, 0, 0, 0, 0, 4, 999, 2;
1, 256, 0, -1, -1, -1, 4, 998, 2;
1, 256, 0, 0, 0, 0, 4, 999, 2;
1, 256, 0, 0, 0, 0, 5, 1000, 3;
1, 256, 0, 0, 0, 0, 5, 1000, 3;
1, 256, 0, 0, 0, 0, 5, 1000, 3;
1, 256, 0, 0, 0, 0, 5, 1000, 3;
1, 256, 0, 0, 0, 0, 5, 999, 2;
1, 256, 0, -1, -1, -1, 3, 998, 1;
1, 256, 0, 1, 1, 1, 5, 1000, 3;
1, 256, 0, 0, 0, 0, 5, 1000, 3;
1, 256, 0, -1, -1, -1, 4, 999, 2;
1, 256, 0, 0, 0, 0, 4, 999, 2;
1, 256, 0, 0, 0, 0, 5, 1000, 3;
1, 256, 0, -1, -1, -1, 4, 999, 2;
1, 256, 0, 0, 0, 0, 5, 1000, 3;
1, 256, 0, 0, 0, 0, 5, 1000, 3;
1, 256, 1, 1, 1, 1, 6, 1001, 4;
1, 256, 0, 0, 0, 0, 5, 1000, 3;
1, 256, 0, 0, 0, 0, 4, 999, 2;
1, 256, 0, 0, 0, 0, 5, 999, 3;
1, 256, 0, 0, 0, 0, 4, 999, 2;
1, 256, 0, -1, -1, -1, 4, 999, 2;
1, 256, 0, 0, 0, 0, 5, 1000, 3;
1, 256, 1, 1, 1, 1, 6, 1001, 4;
1, 256, 0, -1, -1, -1, 4, 999, 2;
1, 256, 1, 1, 1, 1, 6, 1000, 4;
1, 256, 0, -1, -1, -1, 4, 999, 2;
1, 256, 0, -1, -1, -1, 4, 999, 2;
1, 256, 0, 0, 0, 0, 5, 999, 3;
1, 256, 1, 1, 1, 1, 6, 1000, 3;
1, 256, 0, 0, 0, 0, 5, 999, 3;
1, 256, 0, 0, 0, 0, 4, 999, 2;
1, 256, 0, 0, 0, 0, 5, 1000, 3;
1, 256, 0, -1, -1, -1, 4, 999, 2;
1, 256, 0, -1, -1, -1, 4, 999, 2;
1, 256, 0, -1, -1, -1, 4, 999, 2;
1, 256, 0, 0, 0, 0, 5, 999, 3;
1, 256, 0, 0, 0, 0, 4, 999, 2;
1, 256, 1, 1, 1, 1, 6, 1001, 4;
1, 256, 1, 1, 1, 1, 6, 1001, 4;
1, 256, 1, 1, 1, 1, 6, 1000, 3;
1, 256, 0, -1, -1, -1, 4, 999, 2;
1, 256, 0, -1, -1, -1, 4, 999, 2;
1, 256, 0, 1, 1, 1, 5, 1000, 3;
1, 256, 0, 0, 0, 0, 5, 1000, 3;
1, 256, 1, 1, 1, 1, 5, 1000, 3;
1, 256, 0, -1, -1, -1, 4, 999, 2;
1, 256, 0, 1, 1, 1, 5, 1000, 3;
1, 256, 0, 0, 0, 0, 5, 1000, 3;
1, 256, 0, 0, 0, 0, 4, 999, 2;
1, 256, 1, 1, 1, 1, 6, 1001, 4;
1, 256, 1, 1, 1, 1, 6, 1001, 4;
1, 256, 0, 0, 0, 0, 5, 1000, 3;
1, 256, 0, 0, 0, 0, 4, 999, 2;
1, 256, 0, 0, 0, 0, 5, 1000, 3;
1, 256, 0, -1, -1, -1, 3, 998, 1;
1, 256, 0, 1, 1, 1, 5, 1000, 3;
1, 256, 1, 1, 1, 1, 6, 1001, 4;
1, 256, 0, 0, 0, 0, 5, 1000, 3;
1, 256, 0, 0, 0, 0, 5, 1000, 3;
1, 256, 0, 0, 0, 0, 5, 1000, 3;
1, 256, 0, 0, 0, 0, 4, 999, 2;
1, 256, 1, 1, 1, 1, 5, 1000, 3;
1, 256, 0, 0, 0, 0, 4, 999, 2;
1, 256, 0, 1, 1, 1, 5, 1000, 3;
1, 256, 0, 0, 0, 0, 4, 999, 2;
1, 256, 0, 0, 0, 0, 4, 999, 2;
1, 256, 0, 0, 0, 0, 4, 999, 2;
1, 256, 0, 0, 0, 0, 5, 1000, 3;
1, 256, 0, 0, 0, 0, 4, 999, 2;
1, 256, 0, -1, -1, -1, 4, 999, 2;
1, 256, 0, 0, 0, 0, 5, 999, 2;
1, 256, 0, 0, 0, 0, 5, 1000, 3;
1, 256, 0, 0, 0, 0, 4, 999, 2;
1, 256, 0, 0, 0, 0, 4, 999, 2;
1, 256, 0, 1, 1, 1, 5, 1000, 3;
1, 256, 0, 0, 0, 0, 4, 999, 2;
1, 256, 0, 0, 0, 0, 5, 1000, 3;
1, 256, 0, 0, 0, 0, 4, 999, 2;
1, 256, 0, 0, 0, 0, 5, 1000, 3;
1, 256, 0, 0, 0, 0, 4, 999, 2;
1, 256, 0, -1, -1, -1, 3, 998, 1;
1, 256, 0, 0, 0, 0, 4, 999, 2;
1, 256, 0, 0, 0, 0, 5, 1000, 3;
1, 256, 0, 0, 0, 0, 5, 1000, 3;
1, 256, 0, 0, 0, 0, 5, 1000, 3;
1, 256, 0, 0, 0, 0, 5, 999, 2;
1, 256, 0, 0, 0, 0, 5, 1000, 3;
1, 256, 0, -1, -1, -1, 4, 999, 2;
1, 256, 0, -1, -1, -1, 3, 998, 1;
1, 256, 0, 0, 0, 0, 5, 999, 3;
1, 256, 0, 0, 0, 0, 5, 1000, 3;
1, 256, 0, 0, 0, 0, 5, 999, 3;
1, 256, 0, 0, 0, 0, 4, 999, 2;
1, 256, 1, 1, 1, 1, 6, 1001, 4;
1, 256, 0, 0, 0, 0, 4, 999, 2;
1, 256, 0, -1, -1, -1, 3, 998, 1;
1, 256, 0, -1, -1, -1, 4, 999, 2;
1, 256, 0, 1, 1, 1, 5, 1000, 3;
1, 256, 0, 0, 0, 0, 5, 1000, 3;
1, 256, 0, 1, 1, 1, 5, 1000, 3;
1, 256, 0, 0, 0, 0, 5, 1000, 3;
1, 256, 0, -1, -1, -1, 4, 999, 2;
1, 256, 0, 0, 0, 0, 4, 999, 2;
1, 256, 1, 1, 1, 1, 6, 1001, 4;
1, 256, 0, -1, -1, -1, 4, 999, 2;
1, 256, 0, 0, 0, 0, 4, 999, 2;
1, 256, 0, 0, 0, 0, 5, 1000, 3;
1, 256, 0, 0, 0, 0, 4, 999, 2;
1, 256, 0, 1, 1, 1, 5, 1000, 3;
1, 256, 0, -1, -1, -1, 4, 999, 2;
1, 256, 0, 0, 0, 0, 4, 999, 2;
1, 256, 0, 1, 1, 1, 5, 1000, 3;
1, 256, 0, 0, 0, 0, 5, 999, 3;
1, 256, 0, 0, 0, 0, 4, 999, 2;
1, 256, 0, 0, 0, 0, 5, 1000, 3;
1, 256, 0, -1, -1, -1, 4, 999, 2;
1, 256, 0, 0, 0, 0, 5, 1000, 3;
1, 256, 1, 1, 1, 1, 6, 1001, 4;
1, 256, 0, 0, 0, 0, 5, 999, 3;
1, 256, 1, 1, 1, 1, 6, 1001, 4;
1, 256, 0, 0, 0, 0, 5, 1000, 3;
1, 256, 0, 0, 0, 0, 4, 999, 2;
1, 256, 0, 1, 1, 1, 5, 1000, 3;
1, 256, 1, 1, 1, 1, 6, 1000, 3;
1, 256, 0, 0, 0, 0, 4, 999, 2;
1, 256, 0, 0, 0, 0, 5, 999, 3;
1, 256, 0, 1, 1, 1, 5, 1000, 3;
1, 256, 0, -1, -1, -1, 3, 998, 1;
1, 256, 0, 0, 0, 0, 5, 1000, 3;
1, 256, 0, 0, 0, 0, 4, 999, 2;
1, 256, 0, 0, 0, 0, 4, 999, 2;
1, 256, 0, 0, 0, 0, 5, 1000, 3;
1, 256, 1, 1, 1, 1, 6, 1001, 4;
1, 256, 0, 0, 0, 0, 5, 1000, 3;
1, 256, 0, -1, -1, -1, 4, 999, 2;
1, 256, 0, -1, -1, -1, 4, 999, 2;
1, 256, 0, 0, 0, 0, 5, 1000, 3;
1, 256, 0, -1, -1, -1, 3, 998, 1;
1, 256, 0, 0, 0, 0, 4, 999, 2;
1, 256, 0, -1, -1, -1, 4, 999, 2;
1, 256, 0, 1, 1, 1, 5, 1000, 3;
1, 256, 0, 0, 0, 0, 5, 1000, 3;
1, 256, 0, -1, -1, -1, 4, 998, 1;
1, 256, 0, -1, -1, -1, 4, 998, 2;
1, 256, 0, -1, -1, -1, 3, 998, 1;
1, 256, 0, 0, 0, 0, 5, 1000, 3;
1, 256, 1, 1, 1, 1, 6, 1000, 3;
1, 256, 0, 0, 0, 0, 4, 999, 2;
1, 256, 0, -1, -1, -1, 4, 999, 2;
1, 256, 0, -1, -1, -1, 4, 999, 2;
1, 256, 0, 0, 0, 0, 4, 999, 2;
1, 256, 0, 0, 0, 0, 5, 999, 2;
1, 256, 0, 0, 0, 0, 4, 999, 2;
1, 256, 0, 1, 1, 1, 5, 1000, 3;
1, 256, 0, 1, 1, 1, 5, 1000, 3;
1, 256, 0, 1, 1, 1, 5, 1000, 3;
1, 256, 0, 0, 0, 0, 4, 999, 2;
1, 256, 0, 0, 0, 0, 5, 999, 3;
1, 256, 0, 0, 0, 0, 5, 1000, 3;
1, 256, 0, 0, 0, 0, 4, 999, 2;
1, 256, 1, 1, 1, 1, 6, 1001, 4;
1, 256, 1, 1, 1, 1, 6, 1001, 4;
1, 256, 0, 0, 0, 0, 5, 1000, 3;
1, 256, 0, -1, -1, -1, 3, 998, 1;
1, 256, 0, 0, 0, 0, 4, 999, 2;
1, 256, 0, -1, -1, -1, 4, 999, 2;
1, 256, 0, 0, 0, 0, 4, 999, 2;
1, 256, 1, 1, 1, 1, 6, 1001, 4;
1, 256, 0, 0, 0, 0, 5, 1000, 3;
1, 256, 0, 0, 0, 0, 5, 1000, 3;
1, 256, 0, 0, 0, 0, 4, 999, 2;
0, 256, 0, -1, -1, -1, 3, 998, 1;
1, 256, 1, 1, 1, 1, 5, 1000, 3;
1, 256, 1, 1, 1, 1, 5, 1000, 3;
1, 256, 0, 0, 0, 0, 5, 1000, 3;
1, 256, 0, 0, 0, 0, 4, 999, 2;
1, 256, 0, 0, 0, 0, 5, 1000, 3;
1, 256, 0, 0, 0, 0, 4, 999, 2;
1, 256, 1, 1, 1, 1, 6, 1000, 3;
1, 256, 0, -1, -1, -1, 3, 998, 1;
1, 256, 0, 0, 0, 0, 5, 1000, 3;
1, 256, 0, 0, 0, 0, 4, 999, 2;
1, 256, 0, 0, 0, 0, 5, 1000, 3;
1, 256, 0, -1, -1, -1, 4, 998, 2;
1, 256, 0, 0, 0, 0, 4, 999, 2;
1, 256, 0, -1, -1, -1, 4, 999, 2;
1, 256, 0, -1, -1, -1, 4, 999, 2;
1, 256, 0, 0, 0, 0, 4, 999, 2;
1, 256, 0, 0, 0, 0, 5, 1000, 3;
1, 256, 1, 1, 1, 1, 6, 1001, 4;
1, 256, 0, -1, -1, -1, 4, 998, 2;
1, 256, 0, -1, -1, -1, 4, 998, 1;
1, 256, 0, -1, -1, -1, 3, 998, 1;
1, 256, 1, 1, 1, 1, 5, 1000, 3;
1, 256, 0, -1, -1, -1, 4, 999, 2;
1, 256, 0, 0, 0, 0, 5, 1000, 3;
1, 256, 0, 0, 0, 0, 5, 1000, 3;
1, 256, 0, 1, 1, 1, 5, 1000, 3;
1, 256, 0, -1, -1, -1, 4, 998, 1;
1, 256, 0, 0, 0, 0, 4, 999, 2;
1, 256, 0, 0, 0, 0, 5, 1000, 3;
1, 256, 1, 1, 1, 1, 6, 1001, 4;
1, 256, 0, 0, 0, 0, 5, 1000, 3;
1, 256, 0, -1, -1, -1, 4, 999, 2;
1, 256, 0, 0, 0, 0, 4, 999, 2;
1, 256, 0, 1, 1, 1, 5, 1000, 3;
1, 256, 0, 0, 0, 0, 5, 1000, 3;
1, 256, 0, 0, 0, 0, 4, 999, 2;
1, 256, 0, 0, 0, 0, 4, 999, 2;
1, 256, 0, 0, 0, 0, 5, 999, 2;
1, 256, 0, 0, 0, 0, 4, 999, 2;
1, 256, 1, 1, 1, 1, 6, 1001, 4;
1, 256, 0, 0, 0, 0, 4, 999, 2;
1, 256, 0, -1, -1, -1, 4, 999, 2;
1, 256, 0, 0, 0, 0, 4, 999, 2;
1, 256, 1, 1, 1, 1, 6, 1000, 3;
1, 256, 0, -1, -1, -1, 4, 999, 2;
1, 256, 0, -1, -1, -1, 4, 999, 2;
1, 256, 0, 0, 0, 0, 5, 1000, 3;
1, 256, 1, 1, 1, 1, 6, 1001, 4;
1, 256, 0, -1, -1, -1, 4, 999, 2;
1, 256, 0, -1, -1, -1, 4, 999, 2;
1, 256, 0, -1, -1, -1, 3, 998, 1;
1, 256, 0, -1, -1, -1, 3, 998, 1;
1, 256, 0, -1, -1, -1, 4, 999, 2;
1, 256, 0, 0, 0, 0, 5, 1000, 3;
1, 256, 0, 0, 0, 0, 4, 999, 2;
1, 256, 0, 1, 1, 1, 5, 1000, 3;
1, 256, 0, 0, 0, 0, 5, 1000, 3;
1, 256, 0, -1, -1, -1, 3, 998, 1;
1, 256, 0, 0, 0, 0, 5, 1000, 3;
1, 256, 0, 0, 0, 0, 4, 999, 2;
1, 256, 0, 0, 0, 0, 5, 1000, 3;
1, 256, 0, 0, 0, 0, 5, 1000, 3;
1, 256, 0, 0, 0, 0, 4, 999, 2;
1, 256, 0, -1, -1, -1, 4, 999, 2;
1, 256, 1, 1, 1, 1, 6, 1001, 4;
1, 256, 0, -1, -1, -1, 4, 999, 2;
1, 256, 0, 0, 0, 0, 5, 1000, 3;
1, 256, 1, 1, 1, 1, 6, 1000, 4;
1, 256, 0, -1, -1, -1, 4, 999, 2;
1, 256, 0, -1, -1, -1, 4, 999, 2;
1, 256, 0, 0, 0, 0, 4, 999, 2;
1, 256, 0, 0, 0, 0, 4, 999, 2;
1, 256, 0, -1, -1, -1, 4, 999, 2;
1, 256, 0, 0, 0, 0, 5, 1000, 3;
1, 256, 0, -1, -1, -1, 3, 998, 1;
1, 256, 0, 0, 0, 0, 4, 999, 2;
1, 256, 0, 0, 0, 0, 5, 1000, 3;
1, 256, 0, 1, 1, 1, 5, 1000, 3;
1, 256, 0, 0, 0, 0, 5, 1000, 3;
1, 256, 0, 0, 0, 0, 4, 999, 2;
1, 256, 0, -1, -1, -1, 4, 999, 2;
1, 256, 0, -1, -1, -1, 3, 998, 1;
1, 256, 0, 1, 1, 1, 5, 1000, 3;
1, 256, 0, 0, 0, 0, 5, 1000, 3;
1, 256, 0, -1, -1, -1, 4, 999, 2;
1, 256, 0, 0, 0, 0, 5, 1000, 3;
1, 256, 0, 0, 0, 0, 5, 1000, 3;
1, 256, 0, 0, 0, 0, 5, 999, 2;
1, 256, 0, 0, 0, 0, 5, 1000, 3;
1, 256, 0, 0, 0, 0, 4, 999, 2;
1, 256, 0, 1, 1, 1, 5, 1000, 3;
1, 256, 0, 0, 0, 0, 5, 1000, 3;
1, 256, 0, 0, 0, 0, 5, 1000, 3;
1, 256, 0, 0, 0, 0, 5, 1000, 3;
1, 256, 0, 0, 0, 0, 4, 999, 2;
1, 256, 0, 0, 0, 0, 5, 1000, 3;
1, 256, 1, 1, 1, 1, 5, 1000, 3;
1, 256, 0, 0, 0, 0, 4, 999, 2;
1, 256, 0, -1, -1, -1, 4, 999, 2;
1, 256, 0, 0, 0, 0, 5, 1000, 3;
1, 256, 1, 1, 1, 1, 6, 1001, 4;
1, 256, 0, -1, -1, -1, 3, 998, 1;
1, 256, 0, 0, 0, 0, 4, 999, 2;
1, 256, 0, 0, 0, 0, 5, 1000, 3;
1, 256, 0, 0, 0, 0, 4, 999, 2;
1, 256, 0, 0, 0, 0, 5, 999, 2;
1, 256, 0, 1, 1, 1, 5, 1000, 3;
1, 256, 0, -1, -1, -1, 4, 998, 1;
1, 256, 1, 1, 1, 1, 6, 1001, 4;
1, 256, 0, 0, 0, 0, 4, 999, 2;
1, 256, 0, -1, -1, -1, 4, 998, 1;
1, 256, 0, 0, 0, 0, 4, 999, 2;
1, 256, 0, 0, 0, 0, 4, 999, 2;
1, 256, 0, 0, 0, 0, 4, 999, 2;
1, 256, 0, 0, 0, 0, 5, 999, 3;
1, 256, 0, -1, -1, -1, 4, 999, 2;
1, 256, 0, 0, 0, 0, 4, 999, 2;
1, 256, 0, 0, 0, 0, 4, 999, 2;
1, 256, 0, -1, -1, -1, 4, 999, 2;
1, 256, 0, 1, 1, 1, 5, 1000, 3;
1, 256, 0, 0, 0, 0, 5, 1000, 3;
1, 256, 0, 0, 0, 0, 5, 1000, 3;
1, 256, 0, 0, 0, 0, 5, 1000, 3;
1, 256, 0, 0, 0, 0, 5, 999, 2;
1, 256, 0, 0, 0, 0, 5, 1000, 3;
1, 256, 1, 1, 1, 1, 6, 1001, 4;
1, 256, 0, 0, 0, 0, 5, 1000, 3;
1, 256, 0, 0, 0, 0, 5, 999, 2;
1, 256, 0, -1, -1, -1, 4, 999, 2;
1, 256, 0, 0, 0, 0, 5, 1000, 3;
1, 256, 0, 0, 0, 0, 4, 999, 2;
1, 256, 1, 1, 1, 1, 6, 1001, 4;
1, 256, 0, -1, -1, -1, 4, 999, 2;
1, 256, 0, 0, 0, 0, 5, 1000, 3;
1, 256, 0, -1, -1, -1, 4, 998, 2;
1, 256, 1, 1, 1, 1, 6, 1000, 3;
1, 256, 0, 0, 0, 0, 4, 999, 2;
1, 256, 0, 0, 0, 0, 5, 1000, 3;
1, 256, 0, 0, 0, 0, 5, 1000, 3;
1, 256, 0, 0, 0, 0, 5, 1000, 3;
1, 256, 0, 0, 0, 0, 5, 1000, 3;
1, 256, 0, 1, 1, 1, 5, 1000, 3;
1, 256, 0, -1, -1, -1, 4, 999, 2;
1, 256, 0, 0, 0, 0, 4, 999, 2;
1, 256, 0, -1, -1, -1, 4, 998, 2;
1, 256, 0, -1, -1, -1, 4, 998, 2;
1, 256, 0, 1, 1, 1, 5, 1000, 3;
1, 256, 0, 0, 0, 0, 5, 1000, 3;
1, 256, 0, -1, -1, -1, 4, 999, 2;
1, 256, 0, 0, 0, 0, 4, 999, 2;
1, 256, 0, 0, 0, 0, 5, 1000, 3;
1, 256, 0, 0, 0, 0, 5, 999, 2;
1, 256, 0, 0, 0, 0, 4, 999, 2;
1, 256, 0, 0, 0, 0, 5, 1000, 3;
1, 256, 0, 0, 0, 0, 4, 999, 2;
1, 256, 0, 0, 0, 0, 4, 999, 2;
1, 256, 0, 1, 1, 1, 5, 1000, 3;
1, 256, 0, 0, 0, 0, 5, 1000, 3;
1, 256, 0, 0, 0, 0, 5, 999, 3;
1, 256, 0, -1, -1, -1, 3, 998, 1;
1, 256, 0, 0, 0, 0, 4, 999, 2;
0, 256, 0, -1, -1, -1, 3, 998, 1;
1, 256, 0, 0, 0, 0, 4, 999, 2;
1, 256, 0, -1, -1, -1, 4, 999, 2;
1, 256, 0, 0, 0, 0, 5, 1000, 3;
1, 256, 1, 1, 1, 1, 6, 1001, 4;
1, 256, 0, -1, -1, -1, 4, 999, 2;
1, 256, 0, -1, -1, -1, 3, 998, 1;
1, 256, 1, 1, 1, 1, 6, 1001, 4;
1, 256, 0, 1, 1, 1, 5, 1000, 3;
1, 256, 0, 1, 1, 1, 5, 1000, 3;
1, 256, 1, 1, 1, 1, 6, 1001, 4;
1, 256, 0, 0, 0, 0, 5, 1000, 3;
1, 256, 0, 0, 0, 0, 4, 999, 2;
1, 256, 0, 0, 0, 0, 5, 1000, 3;
1, 256, 0, 0, 0, 0, 5, 1000, 3;
1, 256, 0, 0, 0, 0, 5, 1000, 3;
1, 256, 0, 0, 0, 0, 5, 1000, 3;
1, 256, 0, -1, -1, -1, 4, 999, 2;
0, 256, 0, -1, -1, -1, 3, 998, 1;
1, 256, 0, 1, 1, 1, 5, 1000, 3;
1, 256, 0, 0, 0, 0, 5, 1000, 3;
1, 256, 1, 1, 1, 1, 6, 1000, 4;
1, 256, 0, 1, 1, 1, 5, 1000, 3;
1, 256, 1, 1, 1, 1, 6, 1001, 4;
1, 256, 0, 0, 0, 0, 4, 999, 2;
1, 256, 0, 0, 0, 0, 5, 1000, 3;
1, 256, 0, -1, -1, -1, 4, 999, 2;
1, 256, 1, 1, 1, 1, 6, 1001, 4;
1, 256, 0, 0, 0, 0, 4, 999, 2;
1, 256, 0, -1, -1, -1, 4, 999, 2;
1, 256, 0, 0, 0, 0, 4, 999, 2;
1, 256, 1, 1, 1, 1, 6, 1001, 4;
1, 256, 0, 0, 0, 0, 4, 999, 2;
1, 256, 0, 0, 0, 0, 5, 999, 3;
1, 256, 0, -1, -1, -1, 4, 998, 2;
1, 256, 1, 1, 1, 1, 6, 1001, 4;
1, 256, 0, 0, 0, 0, 5, 1000, 3;
1, 256, 0, 0, 0, 0, 4, 999, 2;
1, 256, 0, -1, -1, -1, 4, 999, 2;
1, 256, 0, -1, -1, -1, 4, 999, 2;
1, 256, 0, 0, 0, 0, 5, 1000, 3;
1, 256, 1, 1, 1, 1, 5, 1000, 3;
1, 256, 0, 0, 0, 0, 5, 1000, 3;
1, 256, 0, 0, 0, 0, 5, 1000, 3;
1, 256, 0, 0, 0, 0, 4, 999, 2;
1, 256, 0, 0, 0, 0, 4, 999, 2;
1, 256, 0, 0, 0, 0, 4, 999, 2;
1, 256, 0, -1, -1, -1, 4, 999, 2;
1, 256, 0, 0, 0, 0, 4, 999, 2;
1, 256, 0, 0, 0, 0, 5, 999, 2;
1, 256, 0, 0, 0, 0, 5, 1000, 3;
1, 256, 0, -1, -1, -1, 3, 998, 1;
1, 256, 1, 1, 1, 1, 6, 1001, 4;
1, 256, 1, 1, 1, 1, 6, 1000, 4;
1, 256, 0, -1, -1, -1, 4, 999, 2;
1, 256, 1, 1, 1, 1, 6, 1000, 4;
1, 256, 0, -1, -1, -1, 3, 998, 1;
1, 256, 0, -1, -1, -1, 4, 999, 2;
1, 256, 0, 0, 0, 0, 5, 1000, 3;
1, 256, 0, -1, -1, -1, 4, 999, 2;
1, 256, 1, 1, 1, 1, 6, 1000, 4;
1, 256, 0, 0, 0, 0, 5, 1000, 3;
1, 256, 0, 0, 0, 0, 4, 999, 2;
1, 256, 0, 0, 0, 0, 4, 999, 2;
1, 256, 0, 0, 0, 0, 4, 999, 2;
1, 256, 0, -1, -1, -1, 3, 998, 1;
1, 256, 0, 0, 0, 0, 5, 1000, 3;
1, 256, 0, 0, 0, 0, 4, 999, 2;
1, 256, 0, 1, 1, 1, 5, 1000, 3;
1, 256, 1, 1, 1, 1, 6, 1001, 4;
1, 256, 0, 1, 1, 1, 5, 1000, 3;
1, 256, 0, 1, 1, 1, 5, 1000, 3;
1, 256, 0, -1, -1, -1, 4, 999, 2;
1, 256, 1, 1, 1, 1, 5, 1000, 3;
1, 256, 0, 0, 0, 0, 4, 999, 2;
1, 256, 0, -1, -1, -1, 4, 999, 2;
1, 256, 1, 1, 1, 1, 5, 1000, 3;
1, 256, 0, 0, 0, 0, 5, 1000, 3;
1, 256, 0, 0, 0, 0, 4, 999, 2;
1, 256, 1, 1, 1, 1, 6, 1001, 4;
1, 256, 0, -1, -1, -1, 3, 998, 1;
1, 256, 0, 1, 1, 1, 5, 1000, 3;
1, 256, 0, -1, -1, -1, 4, 999, 2;
1, 256, 0, 0, 0, 0, 4, 999, 2;
1, 256, 0, -1, -1, -1, 4, 999, 2;
1, 256, 0, -1, -1, -1, 3, 998, 1;
1, 256, 0, 0, 0, 0, 5, 1000, 3;
1, 256, 0, 0, 0, 0, 5, 1000, 3;
1, 256, 0, 0, 0, 0, 5, 1000, 3;
1, 256, 1, 1, 1, 1, 6, 1000, 3;
1, 256, 0, 0, 0, 0, 5, 1000, 3;
1, 256, 0, -1, -1, -1, 3, 998, 1;
1, 256, 0, 0, 0, 0, 5, 1000, 3;
1, 256, 0, -1, -1, -1, 4, 999, 2;
1, 256, 0, -1, -1, -1, 4, 998, 1;
1, 256, 0, 0, 0, 0, 5, 1000, 3;
1, 256, 1, 1, 1, 1, 6, 1001, 4;
1, 256, 0, 0, 0, 0, 5, 1000, 3;
1, 256, 0, 0, 0, 0, 5, 1000, 3;
1, 256, 0, 1, 1, 1, 5, 1000, 3;
1, 256, 0, 0, 0, 0, 5, 1000, 3;
1, 256, 0, 0, 0, 0, 5, 1000, 3;
1, 256, 0, 1, 1, 1, 5, 1000, 3;
1, 256, 0, 0, 0, 0, 5, 1000, 3;
1, 256, 0, -1, -1, -1, 4, 999, 2;
1, 256, 0, 0, 0, 0, 5, 1000, 3;
1, 256, 0, 0, 0, 0, 4, 999, 2;
1, 256, 0, -1, -1, -1, 4, 999, 2;
1, 256, 0, -1, -1, -1, 3, 998, 1;
1, 256, 0, -1, -1, -1, 4, 998, 2;
1, 256, 0, -1, -1, -1, 4, 999, 2;
1, 256, 0, -1, -1, -1, 4, 999, 2;
1, 256, 1, 1, 1, 1, 6, 1000, 4;
1, 256, 1, 1, 1, 1, 6, 1001, 4;
1, 256, 0, -1, -1, -1, 4, 999, 2;
1, 256, 0, 0, 0, 0, 4, 999, 2;
1, 256, 0, -1, -1, -1, 4, 999, 2;
1, 256, 0, 0, 0, 0, 4, 999, 2;
1, 256, 0, 0, 0, 0, 4, 999, 2;
1, 256, 0, 0, 0, 0, 5, 1000, 3;
1, 256, 0, 1, 1, 1, 5, 1000, 3;
1, 256, 0, 0, 0, 0, 5, 1000, 3;
1, 256, 0, 0, 0, 0, 5, 1000, 3;
1, 256, 0, 0, 0, 0, 4, 999, 2;
1, 256, 0, 0, 0, 0, 4, 999, 2;
1, 256, 1, 1, 1, 1, 6, 1000, 3;
1, 256, 0, 0, 0, 0, 5, 1000, 3;
1, 256, 0, 0, 0, 0, 4, 999, 2;
1, 256, 0, 1, 1, 1, 5, 1000, 3;
1, 256, 0, 0, 0, 0, 5, 1000, 3;
1, 256, 0, 0, 0, 0, 4, 999, 2;
1, 256, 0, 0, 0, 0, 5, 1000, 3;
1, 256, 0, 0, 0, 0, 5, 1000, 3;
1, 256, 0, 0, 0, 0, 5, 1000, 3;
1, 256, 1, 1, 1, 1, 6, 1000, 4;
1, 256, 0, 1, 1, 1, 5, 1000, 3;
1, 256, 0, -1, -1, -1, 4, 999, 2;
1, 256, 0, -1, -1, -1, 4, 998, 2;
1, 256, 0, 0, 0, 0, 4, 999, 2;
1, 256, 0, 1, 1, 1, 5, 1000, 3;
1, 256, 0, 0, 0, 0, 5, 999, 3;
1, 256, 0, 0, 0, 0, 4, 999, 2;
1, 256, 0, -1, -1, -1, 4, 999, 2;
1, 256, 0, 0, 0, 0, 4, 999, 2;
1, 256, 0, 0, 0, 0, 4, 999, 2;
1, 256, 0, 0, 0, 0, 4, 999, 2;
1, 256, 0, -1, -1, -1, 3, 998, 1;
1, 256, 0, -1, -1, -1, 4, 999, 2;
1, 256, 0, 0, 0, 0, 5, 1000, 3;
1, 256, 0, 0, 0, 0, 4, 999, 2;
1, 256, 0, 0, 0, 0, 4, 999, 2;
1, 256, 0, 1, 1, 1, 5, 1000, 3;
1, 256, 1, 1, 1, 1, 6, 1001, 4;
1, 256, 0, -1, -1, -1, 4, 999, 2;
1, 256, 0, 0, 0, 0, 4, 999, 2;
1, 256, 0, 0, 0, 0, 5, 999, 3;
1, 256, 0, 0, 0, 0, 5, 1000, 3;
1, 256, 0, -1, -1, -1, 3, 998, 1;
1, 256, 0, -1, -1, -1, 4, 999, 2;
1, 256, 1, 1, 1, 1, 6, 1001, 4;
1, 256, 0, 0, 0, 0, 4, 999, 2;
1, 256, 0, 1, 1, 1, 5, 1000, 3;
1, 256, 0, -1, -1, -1, 3, 998, 1;
1, 256, 0, -1, -1, -1, 4, 999, 2;
1, 256, 0, -1, -1, -1, 4, 998, 2;
1, 256, 1, 1, 1, 1, 6, 1001, 4;
1, 256, 0, 0, 0, 0, 5, 999, 3;
1, 256, 0, 0, 0, 0, 4, 999, 2;
1, 256, 1, 1, 1, 1, 6, 1001, 4;
1, 256, 0, -1, -1, -1, 4, 999, 2;
1, 256, 0, -1, -1, -1, 4, 999, 2;
1, 256, 0, 1, 1, 1, 5, 1000, 3;
1, 256, 0, 0, 0, 0, 5, 1000, 3;
1, 256, 0, -1, -1, -1, 3, 998, 1;
1, 256, 1, 1, 1, 1, 6, 1001, 4;
1, 256, 0, 0, 0, 0, 5, 1000, 3;
1, 256, 0, -1, -1, -1, 3, 998, 1;
1, 256, 0, 0, 0, 0, 5, 1000, 3;
1, 256, 0, -1, -1, -1, 3, 998, 1;
1, 256, 0, 0, 0, 0, 5, 1000, 3;
1, 256, 0, -1, -1, -1, 4, 999, 2;
1, 256, 0, 1, 1, 1, 5, 1000, 3;
1, 256, 0, -1, -1, -1, 4, 999, 2;
1, 256, 0, 1, 1, 1, 5, 1000, 3;
1, 256, 0, 0, 0, 0, 5, 999, 2;
1, 256, 1, 1, 1, 1, 6, 1001, 4;
1, 256, 0, -1, -1, -1, 4, 998, 2;
0, 256, 0, -1, -1, -1, 3, 998, 1;
1, 256, 0, -1, -1, -1, 4, 999, 2;
1, 256, 0, -1, -1, -1, 4, 999, 2;
1, 256, 0, 0, 0, 0, 5, 1000, 3;
1, 256, 0, 0, 0, 0, 4, 999, 2;
1, 256, 0, -1, -1, -1, 4, 998, 2;
1, 256, 0, 1, 1, 1, 5, 1000, 3;
1, 256, 0, -1, -1, -1, 4, 999, 2;
1, 256, 0, -1, -1, -1, 4, 999, 2;
1, 256, 0, 0, 0, 0, 5, 1000, 3;
0, 256, 0, -1, -1, -1, 3, 998, 1;
1, 256, 0, -1, -1, -1, 3, 998, 1;
1, 256, 0, 0, 0, 0, 4, 999, 2;
1, 256, 0, 1, 1, 1, 5, 1000, 3;
1, 256, 1, 1, 1, 1, 6, 1001, 4;
1, 256, 0, 0, 0, 0, 5, 1000, 3;
1, 256, 0, 0, 0, 0, 4, 999, 2;
1, 256, 1, 1, 1, 1, 6, 1001, 4;
1, 256, 0, 0, 0, 0, 5, 1000, 3;
1, 256, 1, 1, 1, 1, 6, 1001, 4;
1, 256, 0, 0, 0, 0, 5, 1000, 3;
1, 256, 1, 1, 1, 1, 6, 1000, 3;
1, 256, 0, 0, 0, 0, 5, 1000, 3;
1, 256, 0, 0, 0, 0, 4, 999, 2;
1, 256, 0, 0, 0, 0, 4, 999, 2;
1, 256, 0, 0, 0, 0, 5, 1000, 3;
1, 256, 0, 0, 0, 0, 4, 999, 2;
1, 256, 0, 0, 0, 0, 4, 999, 2;
1, 256, 0, 0, 0, 0, 5, 1000, 3;
1, 256, 0, 0, 0, 0, 4, 999, 2;
1, 256, 0, 0, 0, 0, 5, 1000, 3;
1, 256, 0, -1, -1, -1, 4, 999, 2;
1, 256, 1, 1, 1, 1, 6, 1001, 4;
1, 256, 1, 1, 1, 1, 6, 1001, 4;
1, 256, 0, 0, 0, 0, 4, 999, 2;
1, 256, 0, 0, 0, 0, 4, 999, 2;
1, 256, 1, 1, 1, 1, 6, 1000, 4;
1, 256, 0, 0, 0, 0, 5, 1000, 3;
1, 256, 0, 0, 0, 0, 4, 999, 2;
1, 256, 0, 0, 0, 0, 4, 999, 2;
1, 256, 0, 0, 0, 0, 5, 1000, 3;
1, 256, 0, -1, -1, -1, 3, 998, 1;
1, 256, 0, -1, -1, -1, 4, 998, 2;
1, 256, 0, 1, 1, 1, 5, 1000, 3;
1, 256, 1, 1, 1, 1, 6, 1000, 4;
1, 256, 0, -1, -1, -1, 3, 998, 1;
1, 256, 1, 1, 1, 1, 5, 1000, 3;
1, 256, 0, 0, 0, 0, 4, 999, 2;
1, 256, 0, 0, 0, 0, 4, 999, 2;
1, 256, 0, 0, 0, 0, 5, 999, 2;
1, 256, 0, 0, 0, 0, 5, 1000, 3;
1, 256, 0, 1, 1, 1, 5, 1000, 3;
1, 256, 0, 0, 0, 0, 4, 999, 2;
1, 256, 1, 1, 1, 1, 6, 1001, 4;
1, 256, 0, 1, 1, 1, 5, 1000, 3;
1, 256, 0, -1, -1, -1, 4, 999, 2;
1, 256, 0, -1, -1, -1, 4, 999, 2;
1, 256, 0, 0, 0, 0, 4, 999, 2;
1, 256, 1, 1, 1, 1, 6, 1001, 4;
1, 256, 0, -1, -1, -1, 3, 998, 1;
1, 256, 0, 0, 0, 0, 5, 1000, 3;
1, 256, 0, 0, 0, 0, 5, 999, 3;
1, 256, 0, -1, -1, -1, 4, 999, 2;
1, 256, 1, 1, 1, 1, 5, 1000, 3;
1, 256, 0, -1, -1, -1, 4, 998, 1;
1, 256, 0, 1, 1, 1, 5, 1000, 3;
1, 256, 0, 1, 1, 1, 5, 1000, 3;
1, 256, 0, -1, -1, -1, 4, 999, 2;
1, 256, 0, 0, 0, 0, 5, 1000, 3;
1, 256, 0, 0, 0, 0, 5, 1000, 3;
1, 256, 0, 0, 0, 0, 4, 999, 2;
1, 256, 0, 1, 1, 1, 5, 1000, 3;
1, 256, 0, 0, 0, 0, 5, 1000, 3;
1, 256, 0, 0, 0, 0, 4, 999, 2;
1, 256, 1, 1, 1, 1, 6, 1000, 4;
1, 256, 0, 0, 0, 0, 5, 1000, 3;
1, 256, 0, 0, 0, 0, 4, 999, 2;
1, 256, 0, 0, 0, 0, 4, 999, 2;
1, 256, 0, 0, 0, 0, 5, 1000, 3;
1, 256, 0, 0, 0, 0, 5, 1000, 3;
1, 256, 0, 0, 0, 0, 5, 1000, 3;
1, 256, 0, 0, 0, 0, 4, 999, 2;
1, 256, 0, 0, 0, 0, 5, 1000, 3;
1, 256, 0, 0, 0, 0, 5, 1000, 3;
1, 256, 0, -1, -1, -1, 4, 999, 2;
1, 256, 1, 1, 1, 1, 6, 1001, 4;
1, 256, 0, 0, 0, 0, 4, 999, 2;
1, 256, 0, 1, 1, 1, 5, 1000, 3;
1, 256, 0, 0, 0, 0, 4, 999, 2;
1, 256, 0, 0, 0, 0, 4, 999, 2;
1, 256, 0, -1, -1, -1, 4, 999, 2;
1, 256, 1, 1, 1, 1, 6, 1001, 4;
1, 256, 0, 0, 0, 0, 5, 1000, 3;
1, 256, 1, 1, 1, 1, 6, 1000, 3;
1, 256, 0, 0, 0, 0, 5, 1000, 3;
1, 256, 0, 1, 1, 1, 5, 1000, 3;
1, 256, 1, 1, 1, 1, 6, 1001, 4;
1, 256, 0, 0, 0, 0, 4, 999, 2;
1, 256, 0, 0, 0, 0, 4, 999, 2;
1, 256, 0, -1, -1, -1, 4, 999, 2;
1, 256, 0, 1, 1, 1, 5, 1000, 3;
1, 256, 1, 1, 1, 1, 6, 1000, 4;
1, 256, 0, 0, 0, 0, 4, 999, 2;
1, 256, 0, 0, 0, 0, 4, 999, 2;
1, 256, 0, 0, 0, 0, 4, 999, 2;
1, 256, 0, 1, 1, 1, 5, 1000, 3;
1, 256, 0, 0, 0, 0, 4, 999, 2;
1, 256, 1, 1, 1, 1, 6, 1001, 4;
1, 256, 0, 1, 1, 1, 5, 1000, 3;
1, 256, 0, 0, 0, 0, 5, 1000, 3;
1, 256, 0, 0, 0, 0, 5, 1000, 3;
1, 256, 0, 0, 0, 0, 5, 1000, 3;
1, 256, 1, 1, 1, 1, 6, 1001, 4;
1, 256, 0, 0, 0, 0, 4, 999, 2;
1, 256, 0, 0, 0, 0, 4, 999, 2;
1, 256, 0, -1, -1, -1, 4, 999, 2;
1, 256, 0, 0, 0, 0, 5, 1000, 3;
1, 256, 0, 0, 0, 0, 4, 999, 2;
1, 256, 0, 0, 0, 0, 4, 999, 2;
1, 256, 0, -1, -1, -1, 4, 999, 2;
1, 256, 1, 1, 1, 1, 5, 1000, 3;
1, 256, 0, 0, 0, 0, 5, 1000, 3;
1, 256, 0, 0, 0, 0, 4, 999, 2;
1, 256, 0, 0, 0, 0, 4, 999, 2;
1, 256, 0, 0, 0, 0, 5, 1000, 3;
1, 256, 0, 0, 0, 0, 5, 1000, 3;
1, 256, 1, 1, 1, 1, 6, 1000, 4;
1, 256, 0, 1, 1, 1, 5, 1000, 3;
1, 256, 0, 1, 1, 1, 5, 1000, 3;
1, 256, 0, -1, -1, -1, 4, 999, 2;
1, 256, 0, 0, 0, 0, 5, 1000, 3;
1, 256, 0, 0, 0, 0, 4, 999, 2;
1, 256, 1, 1, 1, 1, 6, 1001, 4;
1, 256, 1, 1, 1, 1, 6, 1001, 4;
1, 256, 0, 0, 0, 0, 4, 999, 2;
1, 256, 0, 0, 0, 0, 5, 1000, 3;
1, 256, 0, -1, -1, -1, 4, 999, 2;
1, 256, 0, -1, -1, -1, 3, 998, 1;
1, 256, 0, -1, -1, -1, 4, 999, 2;
1, 256, 1, 1, 1, 1, 6, 1000, 4;
1, 256, 0, 0, 0, 0, 5, 1000, 3;
1, 256, 0, 0, 0, 0, 4, 999, 2;
1, 256, 0, 0, 0, 0, 5, 1000, 3;
1, 256, 0, -1, -1, -1, 4, 999, 2;
1, 256, 1, 1, 1, 1, 6, 1001, 4;
1, 256, 0, 1, 1, 1, 5, 1000, 3;
1, 256, 0, 1, 1, 1, 5, 1000, 3;
1, 256, 0, 0, 0, 0, 4, 999, 2;
1, 256, 0, 0, 0, 0, 5, 1000, 3;
1, 256, 0, -1, -1, -1, 3, 998, 1;
1, 256, 0, -1, -1, -1, 4, 999, 2;
1, 256, 0, 0, 0, 0, 5, 1000, 3;
1, 256, 0, 0, 0, 0, 4, 999, 2;
0, 256, 0, -1, -1, -1, 3, 998, 1;
1, 256, 0, 1, 1, 1, 5, 1000, 3;
1, 256, 0, 0, 0, 0, 5, 1000, 3;
1, 256, 0, 0, 0, 0, 5, 1000, 3;
1, 256, 0, 0, 0, 0, 5, 1000, 3;
1, 256, 1, 1, 1, 1, 5, 1000, 3;
1, 256, 0, 0, 0, 0, 5, 1000, 3;
1, 256, 0, -1, -1, -1, 4, 998, 2;
1, 256, 0, 0, 0, 0, 4, 999, 2;
1, 256, 0, 0, 0, 0, 5, 999, 2;
1, 256, 1, 1, 1, 1, 6, 1000, 3;
1, 256, 1, 1, 1, 1, 6, 1001, 4;
1, 256, 0, 0, 0, 0, 5, 1000, 3;
1, 256, 0, 0, 0, 0, 4, 999, 2;
1, 256, 0, -1, -1, -1, 4, 999, 2;
1, 256, 0, 0, 0, 0, 4, 999, 2;
1, 256, 0, -1, -1, -1, 4, 999, 2;
1, 256, 0, 0, 0, 0, 5, 1000, 3;
1, 256, 0, 0, 0, 0, 4, 999, 2;
1, 256, 0, 0, 0, 0, 4, 999, 2;
1, 256, 0, -1, -1, -1, 4, 999, 2;
1, 256, 1, 1, 1, 1, 6, 1001, 4;
1, 256, 0, 1, 1, 1, 5, 1000, 3;
1, 256, 0, -1, -1, -1, 4, 999, 2;
1, 256, 0, -1, -1, -1, 4, 999, 2;
1, 256, 0, -1, -1, -1, 4, 999, 2;
1, 256, 0, 1, 1, 1, 5, 1000, 3;
1, 256, 1, 1, 1, 1, 6, 1000, 4;
1, 256, 0, 0, 0, 0, 5, 1000, 3;
1, 256, 0, -1, -1, -1, 3, 998, 1;
1, 256, 0, 0, 0, 0, 4, 999, 2;
1, 256, 0, 0, 0, 0, 4, 999, 2;
1, 256, 0, 1, 1, 1, 5, 1000, 3;
1, 256, 0, 0, 0, 0, 5, 1000, 3;
1, 256, 0, 0, 0, 0, 4, 999, 2;
1, 256, 0, 0, 0, 0, 5, 1000, 3;
1, 256, 0, 0, 0, 0, 5, 1000, 3;
1, 256, 1, 1, 1, 1, 6, 1001, 4;
1, 256, 0, 0, 0, 0, 4, 999, 2;
1, 256, 1, 1, 1, 1, 6, 1001, 4;
1, 256, 0, 1, 1, 1, 5, 1000, 3;
1, 256, 0, 0, 0, 0, 4, 999, 2;
1, 256, 0, 0, 0, 0, 5, 1000, 3;
1, 256, 1, 1, 1, 1, 6, 1000, 4;
1, 256, 0, 0, 0, 0, 4, 999, 2;
1, 256, 0, 0, 0, 0, 5, 1000, 3;
1, 256, 0, 0, 0, 0, 4, 999, 2;
1, 256, 0, 0, 0, 0, 4, 999, 2;
1, 256, 0, 0, 0, 0, 5, 1000, 3;
1, 256, 0, 1, 1, 1, 5, 1000, 3;
1, 256, 1, 1, 1, 1, 6, 1001, 4;
1, 256, 0, -1, -1, -1, 3, 998, 1;
1, 256, 0, 0, 0, 0, 4, 999, 2;
1, 256, 1, 1, 1, 1, 6, 1001, 4;
1, 256, 0, 0, 0, 0, 5, 1000, 3;
1, 256, 0, 0, 0, 0, 4, 999, 2;
1, 256, 1, 1, 1, 1, 6, 1001, 4;
1, 256, 0, 0, 0, 0, 5, 1000, 3;
1, 256, 0, -1, -1, -1, 4, 999, 2;
1, 256, 1, 1, 1, 1, 5, 1000, 3;
1, 256, 0, 0, 0, 0, 4, 999, 2;
1, 256, 0, 0, 0, 0, 5, 1000, 3;
1, 256, 0, 1, 1, 1, 5, 1000, 3;
1, 256, 0, 0, 0, 0, 4, 999, 2;
1, 256, 1, 1, 1, 1, 6, 1001, 4;
1, 256, 1, 1, 1, 1, 6, 1001, 4;
1, 256, 0, 0, 0, 0, 5, 1000, 3;
1, 256, 1, 1, 1, 1, 6, 1001, 4;
1, 256, 0, 0, 0, 0, 5, 999, 2;
1, 256, 0, 0, 0, 0, 5, 1000, 3;
1, 256, 0, 0, 0, 0, 4, 999, 2;
1, 256, 0, 1, 1, 1, 5, 1000, 3;
1, 256, 0, 0, 0, 0, 4, 999, 2;
1, 256, 0, 1, 1, 1, 5, 1000, 3;
1, 256, 0, 0, 0, 0, 5, 1000, 3;
1, 256, 0, 1, 1, 1, 5, 1000, 3;
1, 256, 0, 1, 1, 1, 5, 1000, 3;
1, 256, 0, -1, -1, -1, 3, 998, 1;
1, 256, 1, 1, 1, 1, 5, 1000, 3;
1, 256, 0, -1, -1, -1, 4, 999, 2;
1, 256, 0, -1, -1, -1, 4, 999, 2;
1, 256, 0, 0, 0, 0, 4, 999, 2;
1, 256, 0, 0, 0, 0, 4, 999, 2;
1, 256, 0, 0, 0, 0, 4, 999, 2;
1, 256, 1, 1, 1, 1, 6, 1001, 4;
1, 256, 0, 0, 0, 0, 5, 999, 3;
1, 256, 0, -1, -1, -1, 4, 999, 2;
1, 256, 0, 1, 1, 1, 5, 1000, 3;
1, 256, 0, 0, 0, 0, 5, 1000, 3;
1, 256, 0, 0, 0, 0, 4, 999, 2;
1, 256, 0, 0, 0, 0, 4, 999, 2;
1, 256, 0, 0, 0, 0, 4, 999, 2;
1, 256, 1, 1, 1, 1, 6, 1001, 4;
1, 256, 0, 0, 0, 0, 5, 1000, 3;
1, 256, 1, 1, 1, 1, 6, 1000, 3;
1, 256, 0, 0, 0, 0, 4, 999, 2;
1, 256, 0, 0, 0, 0, 5, 999, 3;
1, 256, 0, 0, 0, 0, 5, 1000, 3;
1, 256, 0, 0, 0, 0, 5, 1000, 3;
1, 256, 1, 1, 1, 1, 6, 1000, 3;
1, 256, 0, -1, -1, -1, 4, 999, 2;
1, 256, 0, 1, 1, 1, 5, 1000, 3;
1, 256, 0, -1, -1, -1, 4, 999, 2;
1, 256, 1, 1, 1, 1, 6, 1001, 4;
1, 256, 0, 0, 0, 0, 5, 1000, 3;
1, 256, 0, 0, 0, 0, 4, 999, 2;
1, 256, 0, 1, 1, 1, 5, 1000, 3;
1, 256, 0, 0, 0, 0, 4, 999, 2;
1, 256, 0, -1, -1, -1, 4, 999, 2;
1, 256, 1, 1, 1, 1, 6, 1000, 3;
1, 256, 0, 0, 0, 0, 5, 1000, 3;
1, 256, 0, 0, 0, 0, 4, 999, 2;
1, 256, 0, 0, 0, 0, 5, 1000, 3;
1, 256, 0, 1, 1, 1, 5, 1000, 3;
1, 256, 0, 0, 0, 0, 4, 999, 2;
1, 256, 0, 0, 0, 0, 5, 1000, 3;
1, 256, 0, 0, 0, 0, 4, 999, 2;
1, 256, 0, 0, 0, 0, 5, 1000, 3;
1, 256, 0, -1, -1, -1, 4, 999, 2;
1, 256, 0, 0, 0, 0, 4, 999, 2;
1, 256, 0, -1, -1, -1, 4, 999, 2;
1, 256, 0, 0, 0, 0, 5, 1000, 3;
1, 256, 0, -1, -1, -1, 3, 998, 1;
1, 256, 0, 1, 1, 1, 5, 1000, 3;
1, 256, 0, 1, 1, 1, 5, 1000, 3;
1, 256, 1, 1, 1, 1, 6, 1001, 4;
1, 256, 0, 0, 0, 0, 5, 1000, 3;
1, 256, 0, 0, 0, 0, 4, 999, 2;
1, 256, 0, 0, 0, 0, 5, 1000, 3;
1, 256, 0, -1, -1, -1, 4, 998, 2;
1, 256, 0, -1, -1, -1, 4, 999, 2;
1, 256, 1, 1, 1, 1, 6, 1001, 4;
1, 256, 0, 0, 0, 0, 4, 999, 2;
1, 256, 1, 1, 1, 1, 5, 1000, 3;
1, 256, 0, 0, 0, 0, 5, 999, 3;
1, 256, 0, 0, 0, 0, 4, 999, 2;
1, 256, 0, -1, -1, -1, 3, 998, 1;
1, 256, 0, 0, 0, 0, 5, 1000, 3;
1, 256, 0, 0, 0, 0, 5, 1000, 3;
1, 256, 0, 1, 1, 1, 5, 1000, 3;
1, 256, 0, 0, 0, 0, 4, 999, 2;
1, 256, 0, 0, 0, 0, 5, 1000, 3;
1, 256, 0, -1, -1, -1, 4, 999, 2;
1, 256, 1, 1, 1, 1, 6, 1001, 4;
1, 256, 0, 0, 0, 0, 5, 1000, 3;
1, 256, 0, 0, 0, 0, 5, 999, 2;
1, 256, 0, 0, 0, 0, 4, 999, 2;
1, 256, 0, 0, 0, 0, 5, 1000, 3;
1, 256, 0, 0, 0, 0, 5, 1000, 3;
1, 256, 0, 1, 1, 1, 5, 1000, 3;
1, 256, 0, 0, 0, 0, 5, 1000, 3;
1, 256, 0, 0, 0, 0, 5, 1000, 3;
1, 256, 1, 1, 1, 1, 5, 1000, 3;
1, 256, 0, -1, -1, -1, 4, 999, 2;
1, 256, 0, 0, 0, 0, 4, 999, 2;
1, 256, 0, 0, 0, 0, 4, 999, 2;
1, 256, 0, -1, -1, -1, 4, 999, 2;
1, 256, 0, 0, 0, 0, 4, 999, 2;
1, 256, 0, 0, 0, 0, 5, 1000, 3;
1, 256, 0, -1, -1, -1, 4, 999, 2;
1, 256, 0, 0, 0, 0, 4, 999, 2;
1, 256, 0, 0, 0, 0, 4, 999, 2;
1, 256, 0, 0, 0, 0, 4, 999, 2;
1, 256, 0, 1, 1, 1, 5, 1000, 3;
1, 256, 0, 0, 0, 0, 5, 1000, 3;
1, 256, 0, -1, -1, -1, 4, 999, 2;
1, 256, 0, 0, 0, 0, 5, 1000, 3;
1, 256, 0, 0, 0, 0, 5, 1000, 3;
1, 256, 1, 1, 1, 1, 6, 1001, 4;
1, 256, 0, 0, 0, 0, 4, 999, 2;
1, 256, 0, 0, 0, 0, 5, 1000, 3;
1, 256, 0, -1, -1, -1, 4, 999, 2;
1, 256, 0, 1, 1, 1, 5, 1000, 3;
1, 256, 0, -1, -1, -1, 3, 998, 1;
1, 256, 0, 0, 0, 0, 4, 999, 2;
1, 256, 1, 1, 1, 1, 6, 1000, 4;
1, 256, 0, 0, 0, 0, 5, 1000, 3;
1, 256, 1, 1, 1, 1, 6, 1000, 3;
1, 256, 0, -1, -1, -1, 3, 998, 1;
1, 256, 0, 0, 0, 0, 4, 999, 2;
1, 256, 0, 0, 0, 0, 4, 999, 2;
1, 256, 1, 1, 1, 1, 6, 1001, 4;
1, 256, 0, 0, 0, 0, 4, 999, 2;
1, 256, 0, 0, 0, 0, 4, 999, 2;
1, 256, 0, 0, 0, 0, 4, 999, 2;
1, 256, 0, 0, 0, 0, 5, 999, 2;
1, 256, 0, 0, 0, 0, 4, 999, 2;
1, 256, 0, -1, -1, -1, 4, 999, 2;
1, 256, 0, 0, 0, 0, 5, 999, 3;
1, 256, 1, 1, 1, 1, 6, 1001, 4;
1, 256, 0, -1, -1, -1, 4, 999, 2;
1, 256, 0, 0, 0, 0, 4, 999, 2;
1, 256, 0, 0, 0, 0, 5, 1000, 3;
1, 256, 1, 1, 1, 1, 6, 1001, 4;
0, 256, 0, -1, -1, -1, 3, 998, 1;
1, 256, 0, -1, -1, -1, 4, 998, 1;
1, 256, 0, 0, 0, 0, 5, 999, 3;
1, 256, 0, 0, 0, 0, 4, 999, 2;
1, 256, 0, -1, -1, -1, 4, 999, 2;
1, 256, 0, 1, 1, 1, 5, 1000, 3;
1, 256, 0, 0, 0, 0, 5, 1000, 3;
1, 256, 1, 1, 1, 1, 6, 1001, 4;
1, 256, 0, -1, -1, -1, 3, 998, 1;
1, 256, 0, 1, 1, 1, 5, 1000, 3;
1, 256, 0, 0, 0, 0, 4, 999, 2;
1, 256, 0, 0, 0, 0, 5, 1000, 3;
1, 256, 1, 1, 1, 1, 6, 1001, 4;
1, 256, 0, 1, 1, 1, 5, 1000, 3;
1, 256, 0, 0, 0, 0, 5, 1000, 3;
1, 256, 1, 1, 1, 1, 6, 1000, 3;
1, 256, 1, 1, 1, 1, 6, 1001, 4;
1, 256, 1, 1, 1, 1, 6, 1001, 4;
1, 256, 0, 1, 1, 1, 5, 1000, 3;
1, 256, 0, 1, 1, 1, 5, 1000, 3;
1, 256, 0, 0, 0, 0, 5, 1000, 3;
1, 256, 0, 0, 0, 0, 4, 999, 2;
1, 256, 0, -1, -1, -1, 4, 999, 2;
1, 256, 0, 1, 1, 1, 5, 1000, 3;
0, 256, 0, -1, -1, -1, 3, 998, 1;
1, 256, 1, 1, 1, 1, 6, 1001, 4;
1, 256, 0, -1, -1, -1, 3, 998, 1;
1, 256, 0, 0, 0, 0, 5, 1000, 3;
1, 256, 0, 0, 0, 0, 4, 999, 2;
1, 256, 0, 0, 0, 0, 5, 1000, 3;
1, 256, 0, -1, -1, -1, 3, 998, 1;
1, 256, 1, 1, 1, 1, 6, 1000, 4;
1, 256, 0, 1, 1, 1, 5, 1000, 3;
1, 256, 0, 0, 0, 0, 4, 999, 2;
1, 256, 0, 0, 0, 0, 4, 999, 2;
1, 256, 0, -1, -1, -1, 3, 998, 1;
1, 256, 0, -1, -1, -1, 4, 999, 2;
1, 256, 0, -1, -1, -1, 3, 998, 1;
1, 256, 0, -1, -1, -1, 3, 998, 1;
1, 256, 0, 0, 0, 0, 4, 999, 2;
1, 256, 1, 1, 1, 1, 6, 1001, 4;
1, 256, 0, -1, -1, -1, 4, 998, 1;
1, 256, 0, -1, -1, -1, 4, 998, 2;
1, 256, 1, 1, 1, 1, 5, 1000, 3;
1, 256, 0, -1, -1, -1, 4, 999, 2;
1, 256, 1, 1, 1, 1, 6, 1001, 4;
1, 256, 0, 0, 0, 0, 5, 1000, 3;
1, 256, 0, -1, -1, -1, 4, 998, 1;
1, 256, 0, -1, -1, -1, 4, 999, 2;
1, 256, 0, 1, 1, 1, 5, 1000, 3;
1, 256, 0, 0, 0, 0, 5, 1000, 3;
1, 256, 1, 1, 1, 1, 6, 1000, 4;
1, 256, 0, 0, 0, 0, 5, 1000, 3;
1, 256, 0, 0, 0, 0, 5, 1000, 3;
1, 256, 0, -1, -1, -1, 4, 999, 2;
1, 256, 0, 0, 0, 0, 5, 1000, 3;
1, 256, 0, 0, 0, 0, 5, 1000, 3;
1, 256, 0, 1, 1, 1, 5, 1000, 3;
1, 256, 1, 1, 1, 1, 6, 1001, 4;
1, 256, 0, -1, -1, -1, 4, 999, 2;
1, 256, 0, -1, -1, -1, 4, 999, 2;
1, 256, 0, 0, 0, 0, 5, 1000, 3;
1, 256, 0, 0, 0, 0, 4, 999, 2;
1, 256, 1, 1, 1, 1, 6, 1001, 4;
1, 256, 1, 1, 1, 1, 6, 1000, 4;
1, 256, 0, 0, 0, 0, 4, 999, 2;
1, 256, 0, 0, 0, 0, 5, 1000, 3;
1, 256, 1, 1, 1, 1, 6, 1001, 4;
1, 256, 0, -1, -1, -1, 4, 999, 2;
1, 256, 0, -1, -1, -1, 3, 998, 1;
1, 256, 0, -1, -1, -1, 4, 999, 2;
1, 256, 0, 0, 0, 0, 5, 1000, 3;
1, 256, 0, 0, 0, 0, 5, 1000, 3;
1, 256, 0, 0, 0, 0, 5, 1000, 3;
1, 256, 1, 1, 1, 1, 6, 1000, 3;
1, 256, 0, 1, 1, 1, 5, 1000, 3;
1, 256, 0, 1, 1, 1, 5, 1000, 3;
1, 256, 0, -1, -1, -1, 4, 999, 2;
1, 256, 0, 0, 0, 0, 5, 1000, 3;
1, 256, 0, -1, -1, -1, 3, 998, 1;
1, 256, 1, 1, 1, 1, 6, 1000, 3;
1, 256, 0, 0, 0, 0, 5, 999, 3;
1, 256, 0, 0, 0, 0, 4, 999, 2;
1, 256, 0, 0, 0, 0, 5, 999, 3;
1, 256, 0, 0, 0, 0, 4, 999, 2;
1, 256, 0, -1, -1, -1, 4, 999, 2;
1, 256, 0, 0, 0, 0, 5, 1000, 3;
1, 256, 0, -1, -1, -1, 4, 999, 2;
1, 256, 0, 1, 1, 1, 5, 1000, 3;
1, 256, 0, -1, -1, -1, 3, 998, 1;
1, 256, 0, 1, 1, 1, 5, 1000, 3;
1, 256, 0, 1, 1, 1, 5, 1000, 3;
1, 256, 0, 1, 1, 1, 5, 1000, 3;
1, 256, 0, 0, 0, 0, 4, 999, 2;
1, 256, 0, 0, 0, 0, 4, 999, 2;
1, 256, 0, 0, 0, 0, 5, 999, 3;
1, 256, 1, 1, 1, 1, 5, 1000, 3;
1, 256, 0, 0, 0, 0, 5, 1000, 3;
1, 256, 0, -1, -1, -1, 3, 998, 1;
1, 256, 1, 1, 1, 1, 6, 1000, 4;
1, 256, 0, 0, 0, 0, 5, 999, 3;
1, 256, 0, 1, 1, 1, 5, 1000, 3;
1, 256, 0, 0, 0, 0, 5, 1000, 3;
1, 256, 0, -1, -1, -1, 4, 998, 1;
1, 256, 0, -1, -1, -1, 4, 999, 2;
1, 256, 1, 1, 1, 1, 6, 1001, 4;
1, 256, 0, -1, -1, -1, 4, 999, 2;
1, 256, 0, 0, 0, 0, 5, 1000, 3;
1, 256, 0, 0, 0, 0, 4, 999, 2;
1, 256, 0, 0, 0, 0, 5, 1000, 3;
1, 256, 0, 0, 0, 0, 4, 999, 2;
1, 256, 0, 0, 0, 0, 5, 1000, 3;
1, 256, 0, -1, -1, -1, 4, 999, 2;
1, 256, 0, -1, -1, -1, 4, 999, 2;
1, 256, 0, 0, 0, 0, 4, 999, 2;
1, 256, 0, 0, 0, 0, 5, 1000, 3;
1, 256, 0, 0, 0, 0, 5, 1000, 3;
1, 256, 0, -1, -1, -1, 4, 998, 2;
1, 256, 0, 0, 0, 0, 4, 999, 2;
1, 256, 0, 0, 0, 0, 5, 1000, 3;
1, 256, 1, 1, 1, 1, 6, 1001, 4;
1, 256, 1, 1, 1, 1, 6, 1000, 4;
1, 256, 1, 1, 1, 1, 6, 1000, 4;
1, 256, 0, -1, -1, -1, 4, 999, 2;
1, 256, 0, 0, 0, 0, 5, 999, 3;
1, 256, 0, -1, -1, -1, 4, 998, 2;
1, 256, 0, -1, -1, -1, 4, 999, 2;
1, 256, 0, -1, -1, -1, 4, 999, 2;
1, 256, 0, 1, 1, 1, 5, 1000, 3;
1, 256, 0, -1, -1, -1, 3, 998, 1;
1, 256, 0, 0, 0, 0, 5, 999, 3;
1, 256, 0, -1, -1, -1, 3, 998, 1;
1, 256, 0, -1, -1, -1, 4, 999, 2;
0, 256, 0, -1, -1, -1, 3, 998, 1;
1, 256, 0, 0, 0, 0, 4, 999, 2;
1, 256, 1, 1, 1, 1, 5, 1000, 3;
1, 256, 0, 1, 1, 1, 5, 1000, 3;
1, 256, 0, -1, -1, -1, 3, 998, 1;
1, 256, 0, 0, 0, 0, 5, 1000, 3;
1, 256, 0, -1, -1, -1, 4, 999, 2;
1, 256, 1, 1, 1, 1, 6, 1001, 4;
1, 256, 0, -1, -1, -1, 4, 998, 1;
1, 256, 1, 1, 1, 1, 5, 1000, 3;
1, 256, 0, 0, 0, 0, 5, 999, 2;
1, 256, 0, 0, 0, 0, 5, 1000, 3;
1, 256, 0, -1, -1, -1, 4, 999, 2;
1, 256, 0, 0, 0, 0, 5, 999, 3;
1, 256, 0, -1, -1, -1, 4, 999, 2;
1, 256, 1, 1, 1, 1, 6, 1001, 4;
1, 256, 0, -1, -1, -1, 4, 999, 2;
1, 256, 0, -1, -1, -1, 4, 998, 2;
1, 256, 0, 0, 0, 0, 4, 999, 2;
1, 256, 0, 0, 0, 0, 5, 1000, 3;
1, 256, 0, 0, 0, 0, 4, 999, 2;
1, 256, 0, 0, 0, 0, 4, 999, 2;
1, 256, 0, 0, 0, 0, 4, 999, 2;
1, 256, 1, 1, 1, 1, 6, 1000, 3;
1, 256, 0, 0, 0, 0, 5, 1000, 3;
1, 256, 0, -1, -1, -1, 4, 999, 2;
1, 256, 1, 1, 1, 1, 6, 1000, 4;
1, 256, 0, 0, 0, 0, 5, 1000, 3;
1, 256, 0, 1, 1, 1, 5, 1000, 3;
1, 256, 0, 0, 0, 0, 5, 1000, 3;
1, 256, 1, 1, 1, 1, 5, 1000, 3;
1, 256, 0, -1, -1, -1, 4, 998, 2;
1, 256, 1, 1, 1, 1, 6, 1000, 3;
1, 256, 0, -1, -1, -1, 4, 999, 2;
1, 256, 0, 0, 0, 0, 4, 999, 2;
1, 256, 0, -1, -1, -1, 4, 999, 2;
1, 256, 0, 0, 0, 0, 4, 999, 2;
1, 256, 0, 0, 0, 0, 5, 1000, 3;
1, 256, 0, -1, -1, -1, 4, 999, 2;
1, 256, 0, -1, -1, -1, 4, 999, 2;
1, 256, 0, 0, 0, 0, 4, 999, 2;
1, 256, 0, 0, 0, 0, 5, 1000, 3;
1, 256, 0, -1, -1, -1, 4, 999, 2;
1, 256, 0, -1, -1, -1, 4, 998, 2;
1, 256, 0, 1, 1, 1, 5, 1000, 3;
1, 256, 0, -1, -1, -1, 4, 998, 1;
1, 256, 0, 0, 0, 0, 5, 1000, 3;
1, 256, 0, 0, 0, 0, 4, 999, 2;
1, 256, 0, 0, 0, 0, 4, 999, 2;
1, 256, 0, 1, 1, 1, 5, 1000, 3;
1, 256, 0, 0, 0, 0, 5, 1000, 3;
1, 256, 0, 0, 0, 0, 5, 1000, 3;
1, 256, 0, 0, 0, 0, 4, 999, 2;
1, 256, 0, 0, 0, 0, 5, 1000, 3;
1, 256, 0, 0, 0, 0, 4, 999, 2;
0, 256, 0, -1, -1, -1, 3, 998, 1;
1, 256, 1, 1, 1, 1, 6, 1000, 4;
1, 256, 0, 0, 0, 0, 4, 999, 2;
1, 256, 0, 1, 1, 1, 5, 1000, 3;
1, 256, 0, 0, 0, 0, 5, 1000, 3;
1, 256, 0, 0, 0, 0, 4, 999, 2;
1, 256, 0, 0, 0, 0, 5, 1000, 3;
1, 256, 1, 1, 1, 1, 6, 1001, 4;
1, 256, 0, 1, 1, 1, 5, 1000, 3;
1, 256, 0, 0, 0, 0, 4, 999, 2;
1, 256, 1, 1, 1, 1, 5, 1000, 3;
1, 256, 0, 0, 0, 0, 5, 1000, 3;
1, 256, 0, -1, -1, -1, 4, 998, 1;
1, 256, 0, -1, -1, -1, 4, 998, 2;
1, 256, 0, -1, -1, -1, 4, 999, 2;
0, 256, 0, -1, -1, -1, 3, 998, 1;
1, 256, 0, 1, 1, 1, 5, 1000, 3;
1, 256, 0, 0, 0, 0, 4, 999, 2;
1, 256, 0, 0, 0, 0, 5, 1000, 3;
1, 256, 0, 0, 0, 0, 4, 999, 2;
1, 256, 0, -1, -1, -1, 4, 999, 2;
1, 256, 0, -1, -1, -1, 4, 998, 2;
1, 256, 1, 1, 1, 1, 6, 1001, 4;
1, 256, 0, -1, -1, -1, 4, 999, 2;
1, 256, 0, 0, 0, 0, 4, 999, 2;
1, 256, 0, 1, 1, 1, 5, 1000, 3;
1, 256, 0, 0, 0, 0, 5, 1000, 3;
1, 256, 0, -1, -1, -1, 4, 998, 1;
1, 256, 0, -1, -1, -1, 4, 999, 2;
1, 256, 0, 0, 0, 0, 5, 1000, 3;
1, 256, 0, 0, 0, 0, 5, 999, 3;
1, 256, 1, 1, 1, 1, 6, 1000, 3;
1, 256, 0, 1, 1, 1, 5, 1000, 3;
1, 256, 0, 0, 0, 0, 5, 1000, 3;
1, 256, 1, 1, 1, 1, 6, 1000, 4;
1, 256, 1, 1, 1, 1, 6, 1001, 4;
1, 256, 0, 0, 0, 0, 4, 999, 2;
1, 256, 0, 0, 0, 0, 4, 999, 2;
1, 256, 0, 0, 0, 0, 5, 1000, 3;
1, 256, 0, 0, 0, 0, 5, 1000, 3;
1, 256, 0, 0, 0, 0, 4, 999, 2;
1, 256, 0, -1, -1, -1, 3, 998, 1;
1, 256, 1, 1, 1, 1, 6, 1001, 4;
1, 256, 0, 0, 0, 0, 4, 999, 2;
1, 256, 1, 1, 1, 1, 6, 1001, 4;
1, 256, 0, 1, 1, 1, 5, 1000, 3;
1, 256, 1, 1, 1, 1, 6, 1001, 4;
1, 256, 1, 1, 1, 1, 5, 1000, 3;
1, 256, 0, -1, -1, -1, 4, 998, 2;
1, 256, 0, 0, 0, 0, 5, 1000, 3;
1, 256, 0, 0, 0, 0, 4, 999, 2;
1, 256, 0, 0, 0, 0, 4, 999, 2;
1, 256, 0, -1, -1, -1, 4, 999, 2;
1, 256, 1, 1, 1, 1, 6, 1001, 4;
1, 256, 0, 0, 0, 0, 4, 999, 2;
1, 256, 0, 0, 0, 0, 5, 1000, 3;
1, 256, 0, 0, 0, 0, 5, 1000, 3;
1, 256, 0, 0, 0, 0, 4, 999, 2;
1, 256, 0, 0, 0, 0, 5, 1000, 3;
1, 256, 0, -1, -1, -1, 4, 999, 2;
1, 256, 0, -1, -1, -1, 4, 998, 1;
1, 256, 0, 0, 0, 0, 4, 999, 2;
1, 256, 0, 0, 0, 0, 5, 1000, 3;
1, 256, 0, -1, -1, -1, 4, 998, 2;
1, 256, 1, 1, 1, 1, 6, 1001, 4;
1, 256, 0, 0, 0, 0, 4, 999, 2;
1, 256, 0, 0, 0, 0, 5, 1000, 3;
1, 256, 1, 1, 1, 1, 6, 1001, 4;
1, 256, 0, 1, 1, 1, 5, 1000, 3;
1, 256, 0, 0, 0, 0, 5, 1000, 3;
1, 256, 0, 1, 1, 1, 5, 1000, 3;
1, 256, 0, -1, -1, -1, 3, 998, 1;
1, 256, 0, 0, 0, 0, 5, 1000, 3;
1, 256, 0, 0, 0, 0, 5, 1000, 3;
1, 256, 0, -1, -1, -1, 3, 998, 1;
1, 256, 1, 1, 1, 1, 6, 1000, 4;
1, 256, 0, -1, -1, -1, 4, 999, 2;
1, 256, 0, 0, 0, 0, 4, 999, 2;
1, 256, 0, -1, -1, -1, 4, 999, 2;
1, 256, 0, 0, 0, 0, 4, 999, 2;
1, 256, 0, 0, 0, 0, 4, 999, 2;
1, 256, 1, 1, 1, 1, 6, 1001, 4;
1, 256, 0, 0, 0, 0, 4, 999, 2;
1, 256, 0, 0, 0, 0, 5, 1000, 3;
1, 256, 1, 1, 1, 1, 6, 1001, 4;
1, 256, 0, -1, -1, -1, 4, 998, 1;
1, 256, 1, 1, 1, 1, 6, 1001, 4;
1, 256, 0, 1, 1, 1, 5, 1000, 3;
1, 256, 0, 0, 0, 0, 5, 999, 3;
1, 256, 0, -1, -1, -1, 4, 999, 2;
1, 256, 1, 1, 1, 1, 6, 1001, 4;
1, 256, 0, -1, -1, -1, 4, 999, 2;
1, 256, 0, 0, 0, 0, 4, 999, 2;
1, 256, 0, 0, 0, 0, 5, 1000, 3;
1, 256, 0, 0, 0, 0, 5, 1000, 3;
1, 256, 0, 0, 0, 0, 5, 1000, 3;
1, 256, 0, -1, -1, -1, 4, 999, 2;
1, 256, 0, 0, 0, 0, 5, 1000, 3;
1, 256, 0, 1, 1, 1, 5, 1000, 3;
1, 256, 1, 1, 1, 1, 6, 1001, 4;
1, 256, 0, 0, 0, 0, 5, 999, 3;
1, 256, 0, 0, 0, 0, 4, 999, 2;
1, 256, 1, 1, 1, 1, 5, 1000, 3;
1, 256, 0, -1, -1, -1, 4, 999, 2;
1, 256, 0, -1, -1, -1, 4, 998, 2;
1, 256, 0, 0, 0, 0, 5, 1000, 3;
1, 256, 1, 1, 1, 1, 6, 1001, 4;
1, 256, 0, 0, 0, 0, 5, 1000, 3;
1, 256, 0, 0, 0, 0, 5, 1000, 3;
1, 256, 0, -1, -1, -1, 4, 998, 1;
1, 256, 0, 0, 0, 0, 4, 999, 2;
1, 256, 0, 0, 0, 0, 5, 1000, 3;
1, 256, 1, 1, 1, 1, 6, 1000, 3;
1, 256, 0, -1, -1, -1, 3, 998, 1;
1, 256, 0, 0, 0, 0, 4, 999, 2;
1, 256, 0, 0, 0, 0, 4, 999, 2;
1, 256, 0, 0, 0, 0, 5, 1000, 3;
1, 256, 0, -1, -1, -1, 4, 999, 2;
1, 256, 0, -1, -1, -1, 4, 998, 1;
1, 256, 0, 0, 0, 0, 5, 1000, 3;
1, 256, 0, 1, 1, 1, 5, 1000, 3;
1, 256, 0, 0, 0, 0, 5, 1000, 3;
1, 256, 0, 0, 0, 0, 5, 1000, 3;
1, 256, 0, -1, -1, -1, 4, 999, 2;
1, 256, 0, 0, 0, 0, 5, 1000, 3;
1, 256, 1, 1, 1, 1, 6, 1000, 4;
1, 256, 0, 0, 0, 0, 4, 999, 2;
1, 256, 0, 1, 1, 1, 5, 1000, 3;
1, 256, 0, 0, 0, 0, 5, 1000, 3;
1, 256, 0, 0, 0, 0, 5, 1000, 3;
1, 256, 0, 0, 0, 0, 4, 999, 2;
1, 256, 0, -1, -1, -1, 4, 999, 2;
1, 256, 0, 0, 0, 0, 5, 1000, 3;
1, 256, 1, 1, 1, 1, 6, 1001, 4;
1, 256, 0, 0, 0, 0, 5, 999, 3;
1, 256, 0, -1, -1, -1, 4, 999, 2;
1, 256, 1, 1, 1, 1, 6, 1001, 4;
1, 256, 0, 0, 0, 0, 5, 1000, 3;
1, 256, 0, -1, -1, -1, 4, 999, 2;
1, 256, 0, 0, 0, 0, 5, 1000, 3;
1, 256, 0, 1, 1, 1, 5, 1000, 3;
1, 256, 0, 0, 0, 0, 4, 999, 2;
1, 256, 0, 0, 0, 0, 4, 999, 2;
1, 256, 0, 1, 1, 1, 5, 1000, 3;
1, 256, 1, 1, 1, 1, 6, 1000, 3;
1, 256, 0, 1, 1, 1, 5, 1000, 3;
1, 256, 0, 0, 0, 0, 4, 999, 2;
1, 256, 0, -1, -1, -1, 4, 998, 2;
1, 256, 0, 0, 0, 0, 4, 999, 2;
1, 256, 0, -1, -1, -1, 4, 998, 1;
1, 256, 0, 0, 0, 0, 5, 1000, 3;
1, 256, 0, 0, 0, 0, 5, 1000, 3;
1, 256, 0, 0, 0, 0, 5, 1000, 3;
1, 256, 1, 1, 1, 1, 6, 1001, 4;
1, 256, 0, -1, -1, -1, 3, 998, 1;
1, 256, 1, 1, 1, 1, 6, 1001, 4;
1, 256, 0, 0, 0, 0, 4, 999, 2;
1, 256, 0, 1, 1, 1, 5, 1000, 3;
1, 256, 0, -1, -1, -1, 4, 999, 2;
1, 256, 1, 1, 1, 1, 6, 1001, 4;
1, 256, 1, 1, 1, 1, 6, 1000, 4;
1, 256, 0, 0, 0, 0, 4, 999, 2;
1, 256, 0, -1, -1, -1, 4, 999, 2;
1, 256, 0, 0, 0, 0, 5, 999, 3;
1, 256, 0, 1, 1, 1, 5, 1000, 3;
1, 256, 0, 0, 0, 0, 4, 999, 2;
1, 256, 0, 0, 0, 0, 4, 999, 2;
1, 256, 0, 0, 0, 0, 5, 1000, 3;
1, 256, 0, 0, 0, 0, 5, 1000, 3;
1, 256, 1, 1, 1, 1, 6, 1000, 3;
1, 256, 0, -1, -1, -1, 4, 999, 2;
1, 256, 0, -1, -1, -1, 4, 999, 2;
1, 256, 0, 0, 0, 0, 5, 1000, 3;
1, 256, 1, 1, 1, 1, 6, 1001, 4;
1, 256, 0, 0, 0, 0, 5, 999, 3;
1, 256, 0, -1, -1, -1, 4, 999, 2;
1, 256, 0, 0, 0, 0, 5, 1000, 3;
1, 256, 0, 0, 0, 0, 5, 1000, 3;
1, 256, 0, -1, -1, -1, 4, 999, 2;
1, 256, 0, -1, -1, -1, 4, 999, 2;
1, 256, 0, 0, 0, 0, 5, 1000, 3;
1, 256, 0, 0, 0, 0, 5, 999, 3;
1, 256, 0, -1, -1, -1, 3, 998, 1;
1, 256, 0, -1, -1, -1, 4, 998, 1;
1, 256, 1, 1, 1, 1, 6, 1000, 4;
1, 256, 0, 0, 0, 0, 5, 1000, 3;
0, 256, 0, -1, -1, -1, 3, 998, 1;
1, 256, 0, 0, 0, 0, 4, 999, 2;
1, 256, 0, 1, 1, 1, 5, 1000, 3;
1, 256, 0, 1, 1, 1, 5, 1000, 3;
1, 256, 0, -1, -1, -1, 4, 998, 1;
0, 256, 0, -1, -1, -1, 3, 998, 1;
1, 256, 1, 1, 1, 1, 6, 1001, 4;
1, 256, 0, 0, 0, 0, 4, 999, 2;
1, 256, 0, -1, -1, -1, 4, 999, 2;
1, 256, 0, -1, -1, -1, 4, 999, 2;
1, 256, 0, -1, -1, -1, 4, 998, 1;
1, 256, 0, -1, -1, -1, 4, 998, 1;
1, 256, 0, -1, -1, -1, 4, 999, 2;
1, 256, 0, 0, 0, 0, 5, 1000, 3;
1, 256, 0, 0, 0, 0, 5, 1000, 3;
1, 256, 0, -1, -1, -1, 4, 999, 2;
1, 256, 0, 0, 0, 0, 4, 999, 2;
1, 256, 0, 0, 0, 0, 4, 999, 2;
1, 256, 0, 1, 1, 1, 5, 1000, 3;
1, 256, 0, 0, 0, 0, 5, 1000, 3;
1, 256, 1, 1, 1, 1, 6, 1001, 4;
1, 256, 0, 0, 0, 0, 4, 999, 2;
1, 256, 0, 0, 0, 0, 5, 999, 3;
1, 256, 0, 0, 0, 0, 4, 999, 2;
1, 256, 0, 0, 0, 0, 4, 999, 2;
1, 256, 0, -1, -1, -1, 4, 999, 2;
1, 256, 0, -1, -1, -1, 4, 999, 2;
1, 256, 0, 0, 0, 0, 4, 999, 2;
1, 256, 0, -1, -1, -1, 4, 998, 1;
1, 256, 1, 1, 1, 1, 6, 1000, 4;
1, 256, 0, 0, 0, 0, 5, 1000, 3;
1, 256, 0, 0, 0, 0, 4, 999, 2;
1, 256, 0, 0, 0, 0, 5, 1000, 3;
1, 256, 1, 1, 1, 1, 5, 1000, 3;
1, 256, 0, 0, 0, 0, 5, 1000, 3;
1, 256, 0, 1, 1, 1, 5, 1000, 3;
1, 256, 0, 0, 0, 0, 4, 999, 2;
1, 256, 0, -1, -1, -1, 4, 998, 1;
1, 256, 0, 0, 0, 0, 5, 1000, 3;
1, 256, 0, 0, 0, 0, 5, 1000, 3;
0, 256, 0, -1, -1, -1, 3, 998, 1;
1, 256, 0, 0, 0, 0, 4, 999, 2;
1, 256, 0, 1, 1, 1, 5, 1000, 3;
1, 256, 0, -1, -1, -1, 3, 998, 1;
1, 256, 0, 0, 0, 0, 5, 1000, 3;
1, 256, 0, 0, 0, 0, 4, 999, 2;
1, 256, 1, 1, 1, 1, 6, 1001, 4;
1, 256, 0, 0, 0, 0, 4, 999, 2;
1, 256, 1, 1, 1, 1, 6, 1001, 4;
1, 256, 0, 0, 0, 0, 4, 999, 2;
1, 256, 1, 1, 1, 1, 6, 1001, 4;
1, 256, 0, 0, 0, 0, 4, 999, 2;
1, 256, 0, 0, 0, 0, 5, 1000, 3;
1, 256, 0, 1, 1, 1, 5, 1000, 3;
1, 256, 0, 0, 0, 0, 5, 999, 2;
1, 256, 0, -1, -1, -1, 4, 999, 2;
1, 256, 0, 1, 1, 1, 5, 1000, 3;
1, 256, 0, -1, -1, -1, 4, 998, 1;
1, 256, 1, 1, 1, 1, 6, 1001, 4;
1, 256, 0, 0, 0, 0, 4, 999, 2;
1, 256, 1, 1, 1, 1, 6, 1000, 4;
1, 256, 0, 0, 0, 0, 4, 999, 2;
1, 256, 0, 1, 1, 1, 5, 1000, 3;
1, 256, 0, -1, -1, -1, 3, 998, 1;
1, 256, 0, 0, 0, 0, 4, 999, 2;
1, 256, 0, 0, 0, 0, 5, 1000, 3;
1, 256, 0, 0, 0, 0, 5, 1000, 3;
1, 256, 0, 0, 0, 0, 5, 999, 3;
1, 256, 0, 1, 1, 1, 5, 1000, 3;
1, 256, 0, -1, -1, -1, 4, 998, 2;
1, 256, 0, -1, -1, -1, 4, 999, 2;
1, 256, 0, 0, 0, 0, 4, 999, 2;
1, 256, 0, 0, 0, 0, 5, 1000, 3;
1, 256, 0, 0, 0, 0, 5, 1000, 3;
1, 256, 0, 0, 0, 0, 4, 999, 2;
1, 256, 0, -1, -1, -1, 4, 999, 2;
1, 256, 0, 0, 0, 0, 4, 999, 2;
1, 256, 0, 0, 0, 0, 4, 999, 2;
1, 256, 0, -1, -1, -1, 4, 999, 2;
1, 256, 1, 1, 1, 1, 6, 1001, 4;
1, 256, 0, 0, 0, 0, 5, 1000, 3;
1, 256, 0, 0, 0, 0, 5, 1000, 3;
1, 256, 0, -1, -1, -1, 4, 998, 2;
1, 256, 1, 1, 1, 1, 6, 1001, 4;
1, 256, 0, 0, 0, 0, 5, 1000, 3;
1, 256, 0, 1, 1, 1, 5, 1000, 3;
1, 256, 0, -1, -1, -1, 4, 999, 2;
1, 256, 0, 1, 1, 1, 5, 1000, 3;
1, 256, 0, -1, -1, -1, 3, 998, 1;
1, 256, 0, 1, 1, 1, 5, 1000, 3;
1, 256, 0, 0, 0, 0, 4, 999, 2;
1, 256, 0, 0, 0, 0, 4, 999, 2;
1, 256, 0, 1, 1, 1, 5, 1000, 3;
1, 256, 0, -1, -1, -1, 3, 998, 1;
1, 256, 0, -1, -1, -1, 4, 999, 2;
1, 256, 0, -1, -1, -1, 4, 999, 2;
1, 256, 0, 1, 1, 1, 5, 1000, 3;
1, 256, 0, 0, 0, 0, 4, 999, 2;
1, 256, 0, 0, 0, 0, 5, 1000, 3;
1, 256, 1, 1, 1, 1, 5, 1000, 3;
1, 256, 0, -1, -1, -1, 4, 999, 2;
1, 256, 0, -1, -1, -1, 4, 998, 2;
1, 256, 0, 0, 0, 0, 4, 999, 2;
1, 256, 0, -1, -1, -1, 4, 998, 1;
1, 256, 0, 0, 0, 0, 4, 999, 2;
1, 256, 0, -1, -1, -1, 4, 999, 2;
1, 256, 0, 0, 0, 0, 5, 1000, 3;
1, 256, 0, -1, -1, -1, 4, 999, 2;
1, 256, 0, -1, -1, -1, 4, 998, 1;
1, 256, 0, -1, -1, -1, 4, 999, 2;
1, 256, 0, -1, -1, -1, 4, 999, 2;
1, 256, 0, 0, 0, 0, 4, 999, 2;
1, 256, 0, -1, -1, -1, 4, 999, 2;
1, 256, 0, 0, 0, 0, 4, 999, 2;
1, 256, 0, -1, -1, -1, 3, 998, 1;
1, 256, 1, 1, 1, 1, 5, 1000, 3;
1, 256, 0, -1, -1, -1, 4, 998, 2;
1, 256, 0, -1, -1, -1, 4, 998, 1;
1, 256, 1, 1, 1, 1, 6, 1001, 4;
1, 256, 1, 1, 1, 1, 6, 1001, 4;
1, 256, 0, 0, 0, 0, 4, 999, 2;
1, 256, 0, -1, -1, -1, 4, 999, 2;
1, 256, 0, 0, 0, 0, 5, 1000, 3;
1, 256, 0, 0, 0, 0, 4, 999, 2;
1, 256, 1, 1, 1, 1, 6, 1000, 4;
1, 256, 0, 0, 0, 0, 4, 999, 2;
1, 256, 0, -1, -1, -1, 4, 999, 2;
1, 256, 0, 0, 0, 0, 5, 1000, 3;
1, 256, 0, -1, -1, -1, 4, 999, 2;
1, 256, 0, -1, -1, -1, 4, 999, 2;
1, 256, 0, 0, 0, 0, 5, 1000, 3;
1, 256, 0, 0, 0, 0, 5, 1000, 3;
1, 256, 1, 1, 1, 1, 6, 1000, 4;
1, 256, 1, 1, 1, 1, 6, 1001, 4;
1, 256, 0, 0, 0, 0, 5, 1000, 3;
1, 256, 0, -1, -1, -1, 4, 999, 2;
1, 256, 0, 0, 0, 0, 5, 1000, 3;
1, 256, 0, 0, 0, 0, 4, 999, 2;
1, 256, 0, 0, 0, 0, 5, 1000, 3;
1, 256, 0, 0, 0, 0, 4, 999, 2;
1, 256, 0, 0, 0, 0, 5, 1000, 3;
1, 256, 0, 0, 0, 0, 4, 999, 2;
1, 256, 1, 1, 1, 1, 6, 1000, 4;
1, 256, 0, -1, -1, -1, 3, 998, 1;
1, 256, 0, 0, 0, 0, 5, 1000, 3;
1, 256, 0, 0, 0, 0, 5, 1000, 3;
1, 256, 1, 1, 1, 1, 5, 1000, 3;
1, 256, 0, 0, 0, 0, 5, 1000, 3;
1, 256, 0, 1, 1, 1, 5, 1000, 3;
1, 256, 0, 0, 0, 0, 4, 999, 2;
1, 256, 0, 0, 0, 0, 5, 1000, 3;
1, 256, 0, -1, -1, -1, 4, 999, 2;
1, 256, 0, 0, 0, 0, 5, 1000, 3;
1, 256, 1, 1, 1, 1, 6, 1001, 4;
1, 256, 0, 0, 0, 0, 5, 1000, 3;
1, 256, 0, -1, -1, -1, 4, 999, 2;
1, 256, 1, 1, 1, 1, 6, 1001, 4;
1, 256, 1, 1, 1, 1, 5, 1000, 3;
1, 256, 0, 0, 0, 0, 4, 999, 2;
1, 256, 0, 0, 0, 0, 5, 1000, 3;
1, 256, 1, 1, 1, 1, 6, 1000, 3;
1, 256, 0, 0, 0, 0, 5, 1000, 3;
1, 256, 0, 1, 1, 1, 5, 1000, 3;
1, 256, 0, 0, 0, 0, 5, 1000, 3;
1, 256, 0, 0, 0, 0, 5, 1000, 3;
1, 256, 0, 1, 1, 1, 5, 1000, 3;
1, 256, 0, 0, 0, 0, 5, 1000, 3;
1, 256, 1, 1, 1, 1, 5, 1000, 3;
1, 256, 0, -1, -1, -1, 4, 999, 2;
1, 256, 0, -1, -1, -1, 4, 999, 2;
1, 256, 0, 0, 0, 0, 4, 999, 2;
1, 256, 0, 1, 1, 1, 5, 1000, 3;
1, 256, 0, -1, -1, -1, 3, 998, 1;
1, 256, 0, -1, -1, -1, 4, 999, 2;
1, 256, 0, 0, 0, 0, 5, 1000, 3;
1, 256, 0, 0, 0, 0, 5, 1000, 3;
1, 256, 1, 1, 1, 1, 6, 1001, 4;
1, 256, 0, 0, 0, 0, 5, 1000, 3;
1, 256, 0, 0, 0, 0, 4, 999, 2;
1, 256, 1, 1, 1, 1, 6, 1001, 4;
1, 256, 1, 1, 1, 1, 6, 1000, 3;
1, 256, 1, 1, 1, 1, 6, 1001, 4;
1, 256, 0, -1, -1, -1, 4, 999, 2;
1, 256, 0, 0, 0, 0, 4, 999, 2;
1, 256, 0, 0, 0, 0, 4, 999, 2;
1, 256, 0, 1, 1, 1, 5, 1000, 3;
1, 256, 1, 1, 1, 1, 6, 1001, 4;
1, 256, 1, 1, 1, 1, 6, 1001, 4;
1, 256, 0, 0, 0, 0, 4, 999, 2;
1, 256, 0, 0, 0, 0, 5, 1000, 3;
1, 256, 0, 0, 0, 0, 4, 999, 2;
1, 256, 0, 0, 0, 0, 5, 1000, 3;
1, 256, 0, 1, 1, 1, 5, 1000, 3;
1, 256, 0, 0, 0, 0, 4, 999, 2;
1, 256, 0, 0, 0, 0, 5, 1000, 3;
1, 256, 0, 0, 0, 0, 4, 999, 2;
1, 256, 0, 0, 0, 0, 4, 999, 2;
1, 256, 0, 0, 0, 0, 5, 1000, 3;
1, 256, 0, 1, 1, 1, 5, 1000, 3;
1, 256, 0, -1, -1, -1, 3, 998, 1;
1, 256, 0, 0, 0, 0, 5, 999, 2;
1, 256, 1, 1, 1, 1, 6, 1000, 4;
1, 256, 0, 1, 1, 1, 5, 1000, 3;
1, 256, 0, 0, 0, 0, 5, 1000, 3;
1, 256, 0, 0, 0, 0, 5, 999, 2;
1, 256, 1, 1, 1, 1, 6, 1001, 4;
1, 256, 0, 0, 0, 0, 4, 999, 2;
1, 256, 1, 1, 1, 1, 6, 1001, 4;
1, 256, 0, 0, 0, 0, 5, 999, 2;
1, 256, 0, 0, 0, 0, 4, 999, 2;
1, 256, 0, -1, -1, -1, 3, 998, 1;
1, 256, 0, 0, 0, 0, 5, 1000, 3;
1, 256, 0, -1, -1, -1, 4, 999, 2;
1, 256, 1, 1, 1, 1, 5, 1000, 3;
1, 256, 0, 1, 1, 1, 5, 1000, 3;
1, 256, 0, 0, 0, 0, 5, 1000, 3;
1, 256, 0, 0, 0, 0, 5, 1000, 3;
1, 256, 0, 0, 0, 0, 5, 999, 3;
1, 256, 0, 0, 0, 0, 5, 1000, 3;
1, 256, 0, 0, 0, 0, 4, 999, 2;
1, 256, 0, -1, -1, -1, 4, 999, 2;
1, 256, 0, 0, 0, 0, 5, 1000, 3;
1, 256, 1, 1, 1, 1, 6, 1000, 3;
1, 256, 0, 0, 0, 0, 5, 1000, 3;
1, 256, 1, 1, 1, 1, 6, 1001, 4;
0, 256, 0, -1, -1, -1, 3, 998, 1;
1, 256, 0, -1, -1, -1, 4, 999, 2;
1, 256, 0, 0, 0, 0, 4, 999, 2;
1, 256, 0, 0, 0, 0, 5, 1000, 3;
0, 256, 0, -1, -1, -1, 3, 998, 1;
1, 256, 0, -1, -1, -1, 4, 999, 2;
1, 256, 1, 1, 1, 1, 6, 1000, 4;
1, 256, 1, 1, 1, 1, 6, 1001, 4;
1, 256, 0, 0, 0, 0, 5, 1000, 3;
1, 256, 0, 0, 0, 0, 4, 999, 2;
1, 256, 0, 0, 0, 0, 5, 1000, 3;
1, 256, 0, 0, 0, 0, 5, 1000, 3;
1, 256, 0, -1, -1, -1, 4, 999, 2;
1, 256, 1, 1, 1, 1, 6, 1001, 4;
1, 256, 0, 1, 1, 1, 5, 1000, 3;
1, 256, 0, 0, 0, 0, 4, 999, 2;
1, 256, 0, 0, 0, 0, 4, 999, 2;
1, 256, 0, 0, 0, 0, 5, 1000, 3;
1, 256, 0, 0, 0, 0, 5, 1000, 3;
1, 256, 0, 0, 0, 0, 5, 1000, 3;
1, 256, 0, 0, 0, 0, 4, 999, 2;
1, 256, 0, 0, 0, 0, 5, 1000, 3;
1, 256, 0, 0, 0, 0, 4, 999, 2;
1, 256, 1, 1, 1, 1, 6, 1001, 4;
1, 256, 0, 0, 0, 0, 4, 999, 2;
1, 256, 0, 0, 0, 0, 5, 1000, 3;
1, 256, 0, -1, -1, -1, 4, 999, 2;
1, 256, 0, -1, -1, -1, 4, 999, 2;
1, 256, 0, -1, -1, -1, 3, 998, 1;
1, 256, 0, 0, 0, 0, 5, 999, 2;
1, 256, 0, 0, 0, 0, 4, 999, 2;
1, 256, 0, 0, 0, 0, 4, 999, 2;
1, 256, 1, 1, 1, 1, 5, 1000, 3;
1, 256, 0, -1, -1, -1, 4, 999, 2;
1, 256, 0, 0, 0, 0, 5, 1000, 3;
1, 256, 0, -1, -1, -1, 4, 999, 2;
1, 256, 0, 0, 0, 0, 4, 999, 2;
1, 256, 0, -1, -1, -1, 4, 998, 2;
1, 256, 0, 0, 0, 0, 5, 1000, 3;
1, 256, 0, 0, 0, 0, 5, 1000, 3;
1, 256, 1, 1, 1, 1, 6, 1001, 4;
1, 256, 1, 1, 1, 1, 6, 1001, 4;
1, 256, 0, 0, 0, 0, 4, 999, 2;
1, 256, 0, 1, 1, 1, 5, 1000, 3;
1, 256, 0, -1, -1, -1, 4, 999, 2;
1, 256, 0, -1, -1, -1, 4, 999, 2;
1, 256, 0, 0, 0, 0, 5, 1000, 3;
1, 256, 0, -1, -1, -1, 4, 998, 2;
1, 256, 0, -1, -1, -1, 4, 999, 2;
1, 256, 0, 0, 0, 0, 4, 999, 2;
1, 256, 0, 0, 0, 0, 5, 1000, 3;
1, 256, 0, 0, 0, 0, 5, 1000, 3;
1, 256, 0, 0, 0, 0, 4, 999, 2;
1, 256, 0, -1, -1, -1, 4, 998, 1;
1, 256, 0, 0, 0, 0, 4, 999, 2;
1, 256, 0, 0, 0, 0, 5, 1000, 3;
1, 256, 0, 0, 0, 0, 5, 1000, 3;
1, 256, 1, 1, 1, 1, 6, 1001, 4;
1, 256, 0, -1, -1, -1, 3, 998, 1;
1, 256, 1, 1, 1, 1, 6, 1001, 4;
1, 256, 0, -1, -1, -1, 4, 999, 2;
1, 256, 0, 0, 0, 0, 4, 999, 2;
1, 256, 0, 1, 1, 1, 5, 1000, 3;
1, 256, 0, 0, 0, 0, 5, 1000, 3;
1, 256, 0, 0, 0, 0, 5, 1000, 3;
1, 256, 1, 1, 1, 1, 6, 1000, 3;
1, 256, 0, 0, 0, 0, 4, 999, 2;
1, 256, 0, 0, 0, 0, 4, 999, 2;
1, 256, 1, 1, 1, 1, 6, 1001, 4;
1, 256, 1, 1, 1, 1, 5, 1000, 3;
1, 256, 0, 0, 0, 0, 5, 1000, 3;
1, 256, 0, 0, 0, 0, 4, 999, 2;
1, 256, 0, 0, 0, 0, 4, 999, 2;
1, 256, 0, -1, -1, -1, 4, 999, 2;
1, 256, 0, 0, 0, 0, 5, 1000, 3;
1, 256, 1, 1, 1, 1, 6, 1001, 4;
1, 256, 0, 0, 0, 0, 4, 999, 2;
1, 256, 0, 0, 0, 0, 4, 999, 2;
1, 256, 0, -1, -1, -1, 4, 999, 2;
1, 256, 1, 1, 1, 1, 5, 1000, 3;
1, 256, 1, 1, 1, 1, 6, 1001, 4;
1, 256, 0, -1, -1, -1, 3, 998, 1;
1, 256, 0, 1, 1, 1, 5, 1000, 3;
1, 256, 0, 1, 1, 1, 5, 1000, 3;
1, 256, 0, -1, -1, -1, 4, 999, 2;
1, 256, 0, 1, 1, 1, 5, 1000, 3;
1, 256, 0, 0, 0, 0, 4, 999, 2;
1, 256, 1, 1, 1, 1, 6, 1001, 4;
1, 256, 0, 0, 0, 0, 4, 999, 2;
1, 256, 0, 0, 0, 0, 4, 999, 2;
1, 256, 0, 0, 0, 0, 5, 1000, 3;
1, 256, 0, -1, -1, -1, 4, 999, 2;
1, 256, 0, 0, 0, 0, 5, 1000, 3;
1, 256, 0, 0, 0, 0, 5, 1000, 3;
1, 256, 0, 0, 0, 0, 4, 999, 2;
1, 256, 0, 0, 0, 0, 4, 999, 2;
1, 256, 0, 0, 0, 0, 5, 1000, 3;
1, 256, 0, 0, 0, 0, 4, 999, 2;
1, 256, 0, 0, 0, 0, 5, 1000, 3;
1, 256, 0, 0, 0, 0, 5, 999, 3;
1, 256, 0, -1, -1, -1, 4, 999, 2;
1, 256, 0, 0, 0, 0, 4, 999, 2;
1, 256, 0, 0, 0, 0, 5, 1000, 3;
1, 256, 0, -1, -1, -1, 3, 998, 1;
1, 256, 1, 1, 1, 1, 6, 1001, 4;
1, 256, 0, -1, -1, -1, 4, 998, 2;
1, 256, 0, 0, 0, 0, 5, 1000, 3;
1, 256, 0, -1, -1, -1, 4, 999, 2;
1, 256, 0, 1, 1, 1, 5, 1000, 3;
1, 256, 0, 0, 0, 0, 5, 999, 3;
1, 256, 0, 0, 0, 0, 4, 999, 2;
1, 256, 0, 0, 0, 0, 4, 999, 2;
1, 256, 0, 0, 0, 0, 5, 1000, 3;
1, 256, 0, 0, 0, 0, 5, 1000, 3;
1, 256, 0, 0, 0, 0, 5, 999, 2;
1, 256, 1, 1, 1, 1, 6, 1001, 4;
1, 256, 0, 0, 0, 0, 4, 999, 2;
1, 256, 0, 0, 0, 0, 4, 999, 2;
1, 256, 0, -1, -1, -1, 4, 999, 2;
1, 256, 1, 1, 1, 1, 5, 1000, 3;
1, 256, 0, 0, 0, 0, 4, 999, 2;
1, 256, 0, -1, -1, -1, 4, 998, 1;
1, 256, 1, 1, 1, 1, 6, 1001, 4;
1, 256, 0, -1, -1, -1, 4, 999, 2;
1, 256, 1, 1, 1, 1, 6, 1001, 4;
1, 256, 0, 0, 0, 0, 5, 1000, 3;
1, 256, 0, 0, 0, 0, 4, 999, 2;
1, 256, 1, 1, 1, 1, 6, 1001, 4;
1, 256, 0, -1, -1, -1, 4, 999, 2;
1, 256, 0, -1, -1, -1, 3, 998, 1;
1, 256, 0, 0, 0, 0, 5, 1000, 3;
1, 256, 0, 0, 0, 0, 4, 999, 2;
1, 256, 0, 0, 0, 0, 5, 1000, 3;
1, 256, 0, 0, 0, 0, 5, 1000, 3;
1, 256, 1, 1, 1, 1, 6, 1001, 4;
1, 256, 0, 0, 0, 0, 4, 999, 2;
1, 256, 0, -1, -1, -1, 4, 999, 2;
1, 256, 1, 1, 1, 1, 6, 1001, 4;
1, 256, 0, 1, 1, 1, 5, 1000, 3;
1, 256, 0, -1, -1, -1, 4, 999, 2;
1, 256, 0, 1, 1, 1, 5, 1000, 3;
1, 256, 1, 1, 1, 1, 6, 1001, 4;
1, 256, 1, 1, 1, 1, 6, 1000, 3;
1, 256, 0, -1, -1, -1, 4, 999, 2;
1, 256, 0, 0, 0, 0, 5, 999, 3;
1, 256, 0, 1, 1, 1, 5, 1000, 3;
1, 256, 1, 1, 1, 1, 6, 1000, 4;
1, 256, 0, 1, 1, 1, 5, 1000, 3;
1, 256, 0, 1, 1, 1, 5, 1000, 3;
1, 256, 0, -1, -1, -1, 4, 999, 2;
1, 256, 0, 1, 1, 1, 5, 1000, 3;
1, 256, 0, 0, 0, 0, 5, 1000, 3;
1, 256, 0, 0, 0, 0, 4, 999, 2;
1, 256, 0, 0, 0, 0, 5, 999, 3;
1, 256, 0, 0, 0, 0, 5, 1000, 3;
1, 256, 0, 0, 0, 0, 5, 1000, 3;
1, 256, 1, 1, 1, 1, 6, 1001, 4;
1, 256, 0, 0, 0, 0, 4, 999, 2;
1, 256, 0, 0, 0, 0, 5, 1000, 3;
1, 256, 0, 0, 0, 0, 5, 1000, 3;
1, 256, 0, 0, 0, 0, 5, 1000, 3;
1, 256, 0, 0, 0, 0, 5, 1000, 3;
1, 256, 0, -1, -1, -1, 4, 999, 2;
1, 256, 0, 0, 0, 0, 5, 1000, 3;
1, 256, 1, 1, 1, 1, 5, 1000, 3;
1, 256, 0, 0, 0, 0, 5, 999, 2;
1, 256, 0, 0, 0, 0, 5, 1000, 3;
1, 256, 0, -1, -1, -1, 4, 999, 2;
1, 256, 0, 0, 0, 0, 5, 1000, 3;
1, 256, 0, -1, -1, -1, 4, 998, 2;
1, 256, 0, 1, 1, 1, 5, 1000, 3;
1, 256, 1, 1, 1, 1, 6, 1001, 4;
1, 256, 0, 1, 1, 1, 5, 1000, 3;
1, 256, 0, -1, -1, -1, 3, 998, 1;
1, 256, 0, -1, -1, -1, 3, 998, 1;
1, 256, 0, 0, 0, 0, 4, 999, 2;
1, 256, 0, 0, 0, 0, 5, 1000, 3;
1, 256, 0, 0, 0, 0, 5, 1000, 3;
1, 256, 0, 0, 0, 0, 5, 1000, 3;
1, 256, 0, -1, -1, -1, 4, 999, 2;
1, 256, 0, 0, 0, 0, 4, 999, 2;
1, 256, 1, 1, 1, 1, 6, 1000, 4;
1, 256, 0, 0, 0, 0, 4, 999, 2;
1, 256, 0, 1, 1, 1, 5, 1000, 3;
1, 256, 0, -1, -1, -1, 4, 999, 2;
1, 256, 0, -1, -1, -1, 4, 999, 2;
1, 256, 0, -1, -1, -1, 4, 999, 2;
1, 256, 0, 0, 0, 0, 5, 1000, 3;
1, 256, 0, 0, 0, 0, 5, 1000, 3;
1, 256, 0, 0, 0, 0, 4, 999, 2;
1, 256, 1, 1, 1, 1, 6, 1001, 4;
1, 256, 0, 0, 0, 0, 5, 1000, 3;
1, 256, 0, -1, -1, -1, 4, 999, 2;
1, 256, 0, 0, 0, 0, 4, 999, 2;
1, 256, 0, -1, -1, -1, 4, 999, 2;
1, 256, 0, 1, 1, 1, 5, 1000, 3;
1, 256, 0, 0, 0, 0, 5, 1000, 3;
1, 256, 0, 0, 0, 0, 5, 999, 3;
1, 256, 0, -1, -1, -1, 4, 999, 2;
1, 256, 0, 0, 0, 0, 5, 1000, 3;
1, 256, 0, 0, 0, 0, 4, 999, 2;
1, 256, 0, 0, 0, 0, 4, 999, 2;
1, 256, 0, 0, 0, 0, 4, 999, 2;
1, 256, 0, -1, -1, -1, 4, 999, 2;
1, 256, 0, 0, 0, 0, 5, 1000, 3;
1, 256, 0, -1, -1, -1, 4, 999, 2;
1, 256, 0, -1, -1, -1, 4, 999, 2;
1, 256, 0, -1, -1, -1, 4, 998, 2;
1, 256, 1, 1, 1, 1, 6, 1001, 4;
1, 256, 0, 0, 0, 0, 5, 999, 3;
1, 256, 0, 0, 0, 0, 4, 999, 2;
1, 256, 0, 0, 0, 0, 5, 1000, 3;
1, 256, 0, -1, -1, -1, 4, 998, 2;
1, 256, 0, 0, 0, 0, 4, 999, 2;
1, 256, 0, 0, 0, 0, 4, 999, 2;
1, 256, 0, 0, 0, 0, 4, 999, 2;
1, 256, 0, 0, 0, 0, 5, 1000, 3;
1, 256, 0, -1, -1, -1, 4, 999, 2;
1, 256, 0, 0, 0, 0, 5, 1000, 3;
1, 256, 1, 1, 1, 1, 6, 1000, 4;
1, 256, 0, 0, 0, 0, 4, 999, 2;
1, 256, 0, 0, 0, 0, 4, 999, 2;
1, 256, 0, 1, 1, 1, 5, 1000, 3;
1, 256, 0, -1, -1, -1, 4, 999, 2;
1, 256, 0, 1, 1, 1, 5, 1000, 3;
1, 256, 0, 0, 0, 0, 4, 999, 2;
1, 256, 0, 0, 0, 0, 5, 1000, 3;
1, 256, 1, 1, 1, 1, 5, 1000, 3;
1, 256, 0, 0, 0, 0, 5, 999, 3;
1, 256, 0, -1, -1, -1, 4, 998, 2;
1, 256, 0, 0, 0, 0, 4, 999, 2;
1, 256, 0, 1, 1, 1, 5, 1000, 3;
1, 256, 0, -1, -1, -1, 4, 999, 2;
1, 256, 0, -1, -1, -1, 4, 999, 2;
1, 256, 0, 0, 0, 0, 4, 999, 2;
1, 256, 1, 1, 1, 1, 6, 1001, 4;
1, 256, 0, 0, 0, 0, 5, 1000, 3;
1, 256, 0, 0, 0, 0, 4, 999, 2;
1, 256, 0, 0, 0, 0, 5, 1000, 3;
1, 256, 0, 0, 0, 0, 4, 999, 2;
1, 256, 0, 0, 0, 0, 4, 999, 2;
1, 256, 0, 0, 0, 0, 4, 999, 2;
1, 256, 0, 0, 0, 0, 5, 1000, 3;
1, 256, 1, 1, 1, 1, 6, 1001, 4;
1, 256, 0, -1, -1, -1, 3, 998, 1;
1, 256, 1, 1, 1, 1, 6, 1001, 4;
1, 256, 0, 0, 0, 0, 4, 999, 2;
1, 256, 0, 0, 0, 0, 4, 999, 2;
1, 256, 0, 0, 0, 0, 4, 999, 2;
1, 256, 1, 1, 1, 1, 6, 1000, 3;
1, 256, 0, 1, 1, 1, 5, 1000, 3;
1, 256, 0, 0, 0, 0, 4, 999, 2;
1, 256, 1, 1, 1, 1, 6, 1001, 4;
1, 256, 0, 0, 0, 0, 4, 999, 2;
1, 256, 0, 0, 0, 0, 4, 999, 2;
1, 256, 0, 0, 0, 0, 5, 999, 3;
1, 256, 0, 0, 0, 0, 4, 999, 2;
1, 256, 0, 0, 0, 0, 4, 999, 2;
1, 256, 0, 1, 1, 1, 5, 1000, 3;
1, 256, 0, 0, 0, 0, 5, 1000, 3;
1, 256, 0, 0, 0, 0, 4, 999, 2;
1, 256, 0, 0, 0, 0, 5, 1000, 3;
1, 256, 0, 0, 0, 0, 5, 1000, 3;
1, 256, 1, 1, 1, 1, 6, 1001, 4;
1, 256, 1, 1, 1, 1, 6, 1001, 4;
1, 256, 1, 1, 1, 1, 5, 1000, 3;
1, 256, 0, 0, 0, 0, 5, 1000, 3;
1, 256, 0, 0, 0, 0, 4, 999, 2;
1, 256, 0, 0, 0, 0, 4, 999, 2;
1, 256, 0, 1, 1, 1, 5, 1000, 3;
1, 256, 0, 0, 0, 0, 5, 1000, 3;
1, 256, 0, -1, -1, -1, 4, 998, 2;
1, 256, 0, 0, 0, 0, 5, 1000, 3;
1, 256, 0, 0, 0, 0, 5, 1000, 3;
1, 256, 1, 1, 1, 1, 6, 1001, 4;
1, 256, 0, -1, -1, -1, 4, 998, 2;
1, 256, 0, 0, 0, 0, 4, 999, 2;
1, 256, 0, 0, 0, 0, 4, 999, 2;
1, 256, 0, 0, 0, 0, 5, 1000, 3;
1, 256, 0, 0, 0, 0, 4, 999, 2;
1, 256, 0, 0, 0, 0, 5, 1000, 3;
1, 256, 0, -1, -1, -1, 4, 999, 2;
1, 256, 0, 0, 0, 0, 5, 1000, 3;
1, 256, 1, 1, 1, 1, 6, 1001, 4;
1, 256, 1, 1, 1, 1, 6, 1001, 4;
1, 256, 0, 0, 0, 0, 5, 999, 3;
1, 256, 0, 0, 0, 0, 5, 1000, 3;
1, 256, 0, 0, 0, 0, 5, 1000, 3;
1, 256, 0, 0, 0, 0, 5, 1000, 3;
1, 256, 0, -1, -1, -1, 4, 998, 2;
1, 256, 0, 0, 0, 0, 5, 999, 3;
1, 256, 0, 0, 0, 0, 4, 999, 2;
1, 256, 1, 1, 1, 1, 6, 1001, 4;
1, 256, 0, -1, -1, -1, 4, 999, 2;
1, 256, 1, 1, 1, 1, 6, 1001, 4;
1, 256, 0, -1, -1, -1, 4, 998, 2;
1, 256, 0, 0, 0, 0, 4, 999, 2;
1, 256, 0, 0, 0, 0, 4, 999, 2;
1, 256, 0, 0, 0, 0, 5, 1000, 3;
1, 256, 0, 0, 0, 0, 5, 1000, 3;
1, 256, 0, 0, 0, 0, 5, 1000, 3;
1, 256, 0, 1, 1, 1, 5, 1000, 3;
1, 256, 0, -1, -1, -1, 4, 999, 2;
1, 256, 0, 0, 0, 0, 4, 999, 2;
1, 256, 0, 0, 0, 0, 5, 1000, 3;
1, 256, 0, 0, 0, 0, 5, 999, 3;
1, 256, 0, 0, 0, 0, 5, 1000, 3;
1, 256, 0, -1, -1, -1, 4, 999, 2;
1, 256, 1, 1, 1, 1, 5, 1000, 3;
1, 256, 0, 0, 0, 0, 5, 1000, 3;
1, 256, 0, -1, -1, -1, 4, 999, 2;
1, 256, 0, 0, 0, 0, 5, 999, 3;
1, 256, 0, 1, 1, 1, 5, 1000, 3;
1, 256, 0, 0, 0, 0, 5, 1000, 3;
1, 256, 0, 1, 1, 1, 5, 1000, 3;
1, 256, 0, 0, 0, 0, 5, 999, 2;
1, 256, 0, 0, 0, 0, 5, 1000, 3;
1, 256, 0, 0, 0, 0, 4, 999, 2;
1, 256, 0, -1, -1, -1, 3, 998, 1;
1, 256, 0, 0, 0, 0, 4, 999, 2;
1, 256, 0, 0, 0, 0, 4, 999, 2;
1, 256, 0, 0, 0, 0, 5, 1000, 3;
1, 256, 0, 0, 0, 0, 5, 1000, 3;
1, 256, 0, 0, 0, 0, 4, 999, 2;
1, 256, 0, 0, 0, 0, 5, 1000, 3;
1, 256, 1, 1, 1, 1, 6, 1001, 4;
1, 256, 1, 1, 1, 1, 5, 1000, 3;
1, 256, 0, 0, 0, 0, 4, 999, 2;
1, 256, 0, 0, 0, 0, 5, 1000, 3;
1, 256, 0, 1, 1, 1, 5, 1000, 3;
1, 256, 0, 0, 0, 0, 5, 1000, 3;
1, 256, 0, -1, -1, -1, 3, 998, 1;
1, 256, 0, 0, 0, 0, 4, 999, 2;
1, 256, 0, 0, 0, 0, 4, 999, 2;
1, 256, 1, 1, 1, 1, 6, 1000, 4;
1, 256, 0, -1, -1, -1, 4, 999, 2;
1, 256, 1, 1, 1, 1, 6, 1000, 4;
1, 256, 0, 0, 0, 0, 5, 1000, 3;
1, 256, 1, 1, 1, 1, 5, 1000, 3;
1, 256, 0, 0, 0, 0, 5, 1000, 3;
1, 256, 0, -1, -1, -1, 4, 999, 2;
1, 256, 0, 0, 0, 0, 5, 1000, 3;
1, 256, 0, 0, 0, 0, 5, 1000, 3;
1, 256, 1, 1, 1, 1, 6, 1001, 4;
1, 256, 1, 1, 1, 1, 6, 1001, 4;
1, 256, 1, 1, 1, 1, 6, 1001, 4;
1, 256, 0, -1, -1, -1, 4, 999, 2;
1, 256, 0, 0, 0, 0, 5, 1000, 3;
1, 256, 0, -1, -1, -1, 3, 998, 1;
1, 256, 0, 0, 0, 0, 5, 1000, 3;
1, 256, 0, 0, 0, 0, 5, 1000, 3;
1, 256, 1, 1, 1, 1, 6, 1000, 3;
1, 256, 0, 0, 0, 0, 5, 1000, 3;
1, 256, 0, -1, -1, -1, 4, 999, 2;
1, 256, 0, -1, -1, -1, 4, 999, 2;
1, 256, 0, 0, 0, 0, 5, 1000, 3;
1, 256, 0, 0, 0, 0, 5, 1000, 3;
1, 256, 0, 0, 0, 0, 4, 999, 2;
1, 256, 0, -1, -1, -1, 4, 998, 2;
1, 256, 0, -1, -1, -1, 4, 998, 2;
1, 256, 0, -1, -1, -1, 4, 999, 2;
1, 256, 0, 0, 0, 0, 4, 999, 2;
1, 256, 0, 0, 0, 0, 5, 1000, 3;
1, 256, 0, -1, -1, -1, 4, 999, 2;
1, 256, 1, 1, 1, 1, 6, 1001, 4;
1, 256, 1, 1, 1, 1, 6, 1001, 4;
1, 256, 0, 0, 0, 0, 5, 1000, 3;
1, 256, 0, 0, 0, 0, 4, 999, 2;
1, 256, 1, 1, 1, 1, 6, 1001, 4;
1, 256, 0, -1, -1, -1, 4, 999, 2;
1, 256, 0, 0, 0, 0, 5, 999, 2;
1, 256, 0, 0, 0, 0, 5, 1000, 3;
1, 256, 0, 0, 0, 0, 4, 999, 2;
1, 256, 0, -1, -1, -1, 3, 998, 1;
1, 256, 0, -1, -1, -1, 4, 999, 2;
1, 256, 1, 1, 1, 1, 6, 1001, 4;
1, 256, 0, -1, -1, -1, 3, 998, 1;
1, 256, 1, 1, 1, 1, 6, 1000, 4;
1, 256, 0, 1, 1, 1, 5, 1000, 3;
1, 256, 0, 0, 0, 0, 5, 1000, 3;
1, 256, 0, 0, 0, 0, 5, 1000, 3;
1, 256, 1, 1, 1, 1, 6, 1000, 4;
1, 256, 0, -1, -1, -1, 3, 998, 1;
0, 256, 0, -1, -1, -1, 3, 998, 1;
1, 256, 1, 1, 1, 1, 6, 1001, 4;
1, 256, 0, 1, 1, 1, 5, 1000, 3;
1, 256, 0, -1, -1, -1, 4, 998, 1;
1, 256, 0, 0, 0, 0, 5, 1000, 3;
1, 256, 0, 0, 0, 0, 5, 1000, 3;
1, 256, 0, 1, 1, 1, 5, 1000, 3;
1, 256, 0, -1, -1, -1, 3, 998, 1;
1, 256, 0, 0, 0, 0, 4, 999, 2;
1, 256, 0, -1, -1, -1, 4, 999, 2;
1, 256, 0, -1, -1, -1, 3, 998, 1;
1, 256, 0, 0, 0, 0, 4, 999, 2;
1, 256, 0, 0, 0, 0, 4, 999, 2;
1, 256, 0, -1, -1, -1, 4, 998, 2;
1, 256, 0, -1, -1, -1, 3, 998, 1;
1, 256, 0, 0, 0, 0, 5, 1000, 3;
1, 256, 1, 1, 1, 1, 6, 1001, 4;
1, 256, 0, -1, -1, -1, 4, 999, 2;
1, 256, 0, -1, -1, -1, 4, 998, 2;
1, 256, 0, -1, -1, -1, 4, 999, 2;
1, 256, 0, -1, -1, -1, 4, 999, 2;
1, 256, 0, 0, 0, 0, 5, 1000, 3;
1, 256, 1, 1, 1, 1, 6, 1001, 4;
1, 256, 1, 1, 1, 1, 6, 1001, 4;
1, 256, 1, 1, 1, 1, 6, 1001, 4;
1, 256, 0, 0, 0, 0, 5, 999, 2;
1, 256, 0, -1, -1, -1, 4, 999, 2;
1, 256, 0, 1, 1, 1, 5, 1000, 3;
1, 256, 0, -1, -1, -1, 4, 999, 2;
1, 256, 0, 0, 0, 0, 5, 999, 3;
1, 256, 0, 1, 1, 1, 5, 1000, 3;
1, 256, 0, 0, 0, 0, 4, 999, 2;
1, 256, 1, 1, 1, 1, 6, 1001, 4;
1, 256, 1, 1, 1, 1, 6, 1000, 3;
1, 256, 0, 0, 0, 0, 5, 1000, 3;
1, 256, 0, 0, 0, 0, 5, 999, 2;
1, 256, 0, -1, -1, -1, 3, 998, 1;
1, 256, 0, -1, -1, -1, 4, 999, 2;
1, 256, 1, 1, 1, 1, 6, 1001, 4;
1, 256, 0, -1, -1, -1, 4, 999, 2;
1, 256, 1, 1, 1, 1, 5, 1000, 3;
1, 256, 1, 1, 1, 1, 6, 1001, 4;
1, 256, 0, 0, 0, 0, 4, 999, 2;
1, 256, 0, 0, 0, 0, 5, 999, 2;
1, 256, 0, 0, 0, 0, 4, 999, 2;
1, 256, 0, 1, 1, 1, 5, 1000, 3;
1, 256, 0, 1, 1, 1, 5, 1000, 3;
1, 256, 0, 0, 0, 0, 4, 999, 2;
1, 256, 0, 0, 0, 0, 4, 999, 2;
1, 256, 0, 0, 0, 0, 5, 1000, 3;
1, 256, 0, 0, 0, 0, 5, 1000, 3;
1, 256, 0, -1, -1, -1, 4, 998, 2;
1, 256, 0, 0, 0, 0, 4, 999, 2;
1, 256, 0, 0, 0, 0, 4, 999, 2;
1, 256, 0, 0, 0, 0, 4, 999, 2;
1, 256, 0, 0, 0, 0, 5, 1000, 3;
1, 256, 0, -1, -1, -1, 4, 999, 2;
1, 256, 1, 1, 1, 1, 5, 1000, 3;
1, 256, 0, 0, 0, 0, 4, 999, 2;
1, 256, 0, 0, 0, 0, 4, 999, 2;
1, 256, 0, -1, -1, -1, 4, 998, 1;
1, 256, 0, -1, -1, -1, 4, 999, 2;
1, 256, 0, -1, -1, -1, 3, 998, 1;
1, 256, 0, 0, 0, 0, 5, 999, 3;
1, 256, 0, -1, -1, -1, 4, 998, 2;
1, 256, 0, 0, 0, 0, 5, 999, 2;
1, 256, 0, 0, 0, 0, 4, 999, 2;
1, 256, 0, -1, -1, -1, 4, 999, 2;
1, 256, 0, -1, -1, -1, 4, 999, 2;
1, 256, 0, 0, 0, 0, 5, 1000, 3;
1, 256, 0, 0, 0, 0, 4, 999, 2;
1, 256, 0, 0, 0, 0, 4, 999, 2;
1, 256, 0, 1, 1, 1, 5, 1000, 3;
1, 256, 0, 0, 0, 0, 4, 999, 2;
1, 256, 0, 0, 0, 0, 5, 1000, 3;
1, 256, 0, 0, 0, 0, 5, 1000, 3;
1, 256, 0, 0, 0, 0, 5, 1000, 3;
1, 256, 0, 0, 0, 0, 4, 999, 2;
1, 256, 0, 0, 0, 0, 4, 999, 2;
1, 256, 0, 0, 0, 0, 5, 1000, 3;
1, 256, 0, 0, 0, 0, 4, 999, 2;
1, 256, 0, 0, 0, 0, 5, 1000, 3;
1, 256, 0, -1, -1, -1, 4, 999, 2;
1, 256, 1, 1, 1, 1, 6, 1001, 4;
1, 256, 0, 0, 0, 0, 5, 1000, 3;
1, 256, 0, -1, -1, -1, 4, 999, 2;
1, 256, 0, 0, 0, 0, 4, 999, 2;
1, 256, 0, 0, 0, 0, 4, 999, 2;
1, 256, 0, 0, 0, 0, 4, 999, 2;
1, 256, 0, -1, -1, -1, 4, 998, 2;
1, 256, 0, 0, 0, 0, 4, 999, 2;
1, 256, 1, 1, 1, 1, 5, 1000, 3;
1, 256, 0, 0, 0, 0, 5, 1000, 3;
1, 256, 0, 0, 0, 0, 5, 1000, 3;
1, 256, 0, 0, 0, 0, 5, 1000, 3;
1, 256, 0, 0, 0, 0, 5, 999, 3;
1, 256, 0, 0, 0, 0, 5, 1000, 3;
1, 256, 0, 0, 0, 0, 5, 1000, 3;
1, 256, 0, 0, 0, 0, 4, 999, 2;
1, 256, 0, 0, 0, 0, 5, 1000, 3;
1, 256, 0, 0, 0, 0, 4, 999, 2;
1, 256, 0, 0, 0, 0, 5, 1000, 3;
1, 256, 0, 0, 0, 0, 4, 999, 2;
1, 256, 0, 0, 0, 0, 4, 999, 2;
1, 256, 0, 0, 0, 0, 5, 1000, 3;
1, 256, 0, 0, 0, 0, 5, 999, 3;
1, 256, 0, -1, -1, -1, 3, 998, 1;
1, 256, 0, -1, -1, -1, 4, 998, 1;
1, 256, 0, 1, 1, 1, 5, 1000, 3;
1, 256, 0, 0, 0, 0, 4, 999, 2;
1, 256, 0, 0, 0, 0, 5, 1000, 3;
1, 256, 0, 0, 0, 0, 5, 1000, 3;
1, 256, 0, 0, 0, 0, 4, 999, 2;
1, 256, 0, -1, -1, -1, 3, 998, 1;
1, 256, 1, 1, 1, 1, 6, 1000, 4;
1, 256, 0, 1, 1, 1, 5, 1000, 3;
1, 256, 0, 0, 0, 0, 4, 999, 2;