0, 295, 13, 0, 410, 0, 1, 1154, 52;
3, 297, 14, 32, 414, 5, 13, 1159, 57;
0, 291, 9, 42, 396, -11, 0, 1138, 36;
3, 293, 11, 76, 401, -3, 15, 1146, 46;
10, 298, 16, 117, 412, 10, 39, 1162, 63;
10, 296, 15, 140, 404, 6, 40, 1156, 58;
8, 292, 11, 153, 387, -6, 31, 1138, 43;
14, 295, 15, 193, 395, 7, 55, 1153, 60;
11, 291, 11, 206, 375, -5, 46, 1135, 44;
13, 291, 11, 232, 369, -3, 54, 1134, 46;
15, 290, 12, 258, 362, -2, 61, 1133, 47;
16, 288, 10, 277, 349, -6, 62, 1124, 42;
17, 286, 10, 299, 337, -8, 66, 1118, 40;
24, 292, 16, 342, 347, 12, 97, 1140, 66;
22, 287, 13, 351, 323, 0, 87, 1120, 50;
25, 288, 15, 379, 318, 6, 101, 1124, 59;
28, 288, 16, 402, 308, 10, 110, 1124, 63;
22, 280, 9, 401, 274, -10, 89, 1093, 37;
26, 281, 12, 428, 269, -1, 105, 1099, 49;
32, 284, 16, 458, 267, 10, 125, 1109, 64;
28, 277, 11, 459, 235, -4, 109, 1083, 44;
33, 280, 15, 488, 234, 9, 130, 1095, 62;
29, 274, 10, 487, 201, -6, 114, 1069, 42;
29, 272, 10, 498, 183, -8, 115, 1061, 40;
32, 272, 12, 517, 173, -1, 127, 1063, 49;
31, 268, 10, 521, 148, -8, 121, 1047, 40;
34, 269, 13, 540, 139, 0, 134, 1052, 51;
38, 271, 16, 560, 132, 11, 151, 1059, 65;
36, 267, 14, 559, 106, 4, 143, 1043, 56;
39, 267, 16, 572, 94, 11, 153, 1044, 64;
36, 263, 13, 568, 65, 1, 142, 1025, 52;
38, 262, 15, 577, 52, 7, 150, 1025, 59;
33, 255, 10, 563, 16, -9, 130, 997, 39;
37, 258, 14, 577, 10, 4, 147, 1007, 56;
38, 257, 15, 580, -6, 6, 150, 1003, 59;
37, 253, 13, 573, -30, 1, 144, 990, 53;
38, 253, 14, 574, -45, 5, 148, 987, 58;
33, 247, 10, 557, -78, -7, 131, 964, 41;
35, 247, 12, 558, -90, -1, 137, 964, 49;
33, 243, 10, 546, -115, -7, 128, 950, 42;
36, 245, 14, 550, -121, 4, 141, 958, 56;
33, 241, 11, 533, -148, -3, 128, 941, 46;
34, 242, 14, 530, -158, 4, 136, 944, 56;
31, 237, 11, 511, -184, -3, 123, 927, 46;
29, 234, 10, 494, -205, -8, 115, 916, 40;
34, 238, 15, 498, -205, 8, 132, 931, 61;
29, 233, 11, 470, -234, -3, 113, 909, 46;
29, 233, 13, 459, -245, 1, 115, 909, 52;
24, 227, 9, 431, -272, -10, 96, 888, 37;
30, 233, 16, 434, -265, 10, 118, 909, 63;
23, 226, 10, 398, -297, -7, 91, 882, 41;
23, 225, 11, 381, -308, -5, 89, 880, 44;
22, 224, 11, 361, -319, -4, 85, 877, 45;
21, 225, 13, 344, -327, 0, 85, 877, 50;
24, 227, 16, 333, -328, 10, 93, 886, 64;
16, 220, 10, 291, -357, -8, 64, 859, 40;
19, 223, 14, 281, -354, 4, 74, 871, 56;
14, 219, 11, 246, -373, -5, 55, 855, 44;
13, 219, 12, 225, -378, -2, 54, 857, 48;
14, 220, 14, 206, -379, 3, 55, 861, 55;
10, 218, 12, 174, -393, -3, 40, 850, 46;
6, 215, 9, 141, -405, -9, 25, 840, 38;
9, 219, 14, 128, -396, 3, 35, 855, 55;
6, 218, 13, 100, -402, 1, 26, 851, 53;
6, 219, 15, 78, -400, 6, 25, 856, 58;
2, 216, 12, 42, -410, -2, 8, 844, 48;
4, 220, 15, 27, -400, 9, 15, 858, 62;
-3, 214, 10, -18, -419, -9, -13, 835, 39;
0, 218, 14, -31, -404, 4, -3, 852, 56;
0, 220, 16, -52, -396, 10, -2, 861, 64;
-9, 213, 9, -101, -416, -11, -36, 834, 36;
-8, 217, 12, -119, -404, -2, -32, 846, 47;
-5, 222, 16, -131, -385, 11, -21, 866, 65;
-9, 219, 14, -165, -388, 2, -38, 857, 54;
-14, 217, 10, -201, -392, -7, -57, 847, 41;
-16, 218, 11, -226, -385, -6, -62, 850, 42;
-16, 220, 12, -247, -373, -2, -64, 858, 47;
-19, 219, 10, -275, -369, -7, -75, 855, 41;
-16, 225, 15, -284, -345, 7, -63, 877, 60;
-16, 226, 16, -305, -332, 9, -66, 884, 63;
-20, 225, 14, -333, -327, 4, -78, 881, 55;
-20, 227, 14, -352, -313, 5, -81, 888, 58;
-20, 230, 16, -369, -297, 10, -81, 898, 63;
-23, 230, 15, -391, -286, 7, -90, 899, 60;
-24, 231, 14, -412, -274, 5, -97, 902, 57;
-25, 232, 15, -429, -259, 6, -100, 908, 58;
-28, 232, 13, -452, -250, 0, -111, 907, 51;
-32, 231, 10, -477, -243, -7, -126, 902, 41;
-31, 234, 12, -486, -221, -1, -122, 915, 48;
-34, 234, 10, -506, -210, -7, -133, 914, 41;
-33, 237, 11, -514, -189, -3, -131, 926, 46;
-35, 238, 10, -529, -175, -6, -138, 928, 42;
-35, 240, 11, -538, -156, -5, -139, 937, 44;
-31, 247, 16, -531, -121, 11, -121, 964, 64;
-38, 242, 10, -560, -123, -9, -148, 945, 39;
-33, 249, 15, -551, -89, 6, -130, 972, 59;
-34, 250, 14, -560, -73, 3, -136, 975, 54;
-38, 249, 11, -573, -63, -5, -148, 971, 43;
-36, 252, 12, -572, -39, -1, -143, 984, 49;
-38, 252, 11, -578, -24, -4, -148, 986, 44;
-37, 255, 12, -576, -2, -2, -146, 996, 47;
-33, 261, 16, -562, 29, 10, -129, 1019, 63;
-32, 263, 16, -559, 50, 11, -127, 1028, 65;
-35, 262, 13, -566, 59, 1, -139, 1023, 52;
-36, 263, 12, -565, 74, -1, -142, 1026, 48;
-35, 265, 13, -557, 96, 0, -138, 1036, 51;
-36, 266, 11, -554, 110, -3, -141, 1038, 46;
-35, 268, 12, -544, 131, -1, -136, 1047, 49;
-31, 273, 15, -524, 159, 8, -121, 1067, 61;
-32, 273, 14, -519, 172, 3, -125, 1067, 55;
-28, 277, 16, -499, 197, 11, -113, 1083, 65;
-29, 278, 15, -491, 209, 6, -115, 1084, 59;
-27, 280, 16, -473, 230, 10, -107, 1095, 64;
-32, 276, 10, -476, 228, -7, -125, 1078, 41;
-26, 282, 15, -446, 257, 6, -104, 1102, 59;
-26, 283, 14, -431, 271, 5, -102, 1105, 57;
-27, 282, 12, -420, 278, -2, -106, 1101, 48;
-25, 284, 12, -399, 293, 0, -100, 1108, 50;
-23, 286, 13, -376, 310, 2, -91, 1118, 54;
-23, 286, 12, -359, 319, 0, -90, 1118, 50;
-19, 289, 14, -332, 336, 4, -77, 1129, 57;
-19, 289, 13, -313, 344, 1, -76, 1129, 52;
-14, 293, 16, -280, 364, 12, -57, 1146, 65;
-20, 287, 9, -278, 351, -10, -79, 1122, 38;
-13, 293, 14, -239, 376, 5, -54, 1144, 57;
-11, 295, 15, -211, 386, 8, -44, 1151, 61;
-10, 295, 15, -187, 392, 6, -40, 1152, 59;
-10, 294, 13, -167, 393, 1, -39, 1148, 52;
-11, 292, 10, -150, 389, -7, -44, 1138, 41;
-5, 296, 14, -111, 405, 4, -23, 1155, 56;
-6, 294, 12, -92, 401, -3, -26, 1147, 47;
-5, 294, 11, -66, 403, -3, -20, 1147, 46;
-5, 292, 9, -45, 399, -9, -21, 1140, 38;
-2, 293, 10, -15, 402, -6, -10, 1144, 42;
1, 295, 13, 18, 410, 0, 5, 1153, 51;
3, 295, 13, 45, 409, 0, 12, 1153, 51;
3, 294, 12, 69, 404, -2, 15, 1149, 48;
7, 296, 14, 101, 406, 3, 28, 1154, 54;
11, 298, 16, 137, 411, 11, 45, 1164, 65;
6, 291, 10, 142, 386, -9, 26, 1135, 39;
14, 297, 16, 188, 401, 11, 58, 1159, 65;
10, 290, 10, 193, 374, -9, 39, 1131, 39;
11, 289, 10, 219, 367, -8, 45, 1129, 40;
16, 291, 13, 252, 368, 0, 63, 1137, 51;
21, 294, 16, 287, 369, 10, 82, 1147, 64;
19, 290, 13, 300, 350, 0, 75, 1131, 51;
20, 288, 13, 322, 339, 0, 80, 1127, 51;
21, 287, 12, 342, 326, -1, 83, 1120, 49;
25, 288, 14, 371, 321, 5, 97, 1124, 57;
20, 281, 9, 374, 291, -11, 81, 1098, 36;
24, 282, 11, 402, 286, -3, 96, 1103, 46;
27, 283, 13, 426, 278, 2, 108, 1105, 54;
27, 280, 12, 440, 259, -1, 108, 1095, 49;
25, 276, 9, 447, 234, -11, 99, 1077, 36;
27, 275, 10, 466, 222, -8, 108, 1075, 40;
29, 274, 10, 482, 207, -6, 113, 1071, 42;
32, 276, 13, 505, 199, 2, 128, 1076, 54;
33, 274, 14, 518, 183, 3, 132, 1071, 55;
33, 272, 13, 527, 163, 0, 132, 1061, 52;
34, 270, 13, 536, 144, 0, 133, 1054, 51;
35, 269, 13, 547, 128, 1, 138, 1049, 53;
32, 263, 10, 543, 98, -9, 125, 1028, 39;
37, 267, 15, 566, 96, 6, 147, 1041, 59;
37, 264, 14, 570, 75, 4, 146, 1032, 57;
35, 260, 11, 565, 47, -3, 137, 1014, 46;
39, 262, 16, 581, 41, 9, 153, 1023, 62;
39, 260, 16, 583, 22, 10, 155, 1017, 63;
32, 252, 9, 562, -18, -11, 128, 983, 36;
36, 254, 13, 573, -25, 0, 143, 990, 51;
39, 255, 16, 580, -35, 9, 154, 995, 63;
36, 250, 13, 568, -62, 1, 142, 977, 52;
36, 249, 14, 564, -80, 2, 143, 972, 54;
34, 245, 11, 552, -105, -3, 133, 957, 46;
32, 242, 10, 539, -129, -8, 125, 943, 39;
38, 247, 16, 552, -126, 12, 149, 963, 66;
35, 242, 14, 534, -152, 4, 137, 947, 56;
36, 243, 16, 529, -163, 10, 142, 947, 64;
34, 239, 14, 512, -186, 5, 132, 935, 57;
31, 236, 12, 493, -209, 0, 121, 921, 50;
32, 236, 14, 484, -220, 4, 125, 922, 57;
26, 230, 10, 454, -250, -9, 103, 898, 39;
25, 229, 10, 439, -264, -8, 100, 893, 40;
28, 231, 14, 433, -268, 3, 110, 902, 54;
27, 230, 13, 414, -282, 2, 106, 897, 54;
28, 231, 16, 404, -286, 11, 112, 903, 65;
23, 226, 13, 372, -311, 0, 93, 884, 51;
22, 225, 13, 352, -322, 1, 88, 880, 52;
21, 225, 13, 332, -332, 2, 84, 877, 53;
16, 220, 10, 298, -354, -8, 65, 860, 40;
16, 221, 11, 280, -360, -4, 65, 861, 45;
13, 218, 10, 251, -374, -9, 53, 852, 39;
12, 218, 10, 228, -381, -7, 49, 850, 41;
13, 220, 13, 212, -379, 1, 54, 859, 52;
10, 217, 11, 181, -391, -4, 41, 850, 45;
12, 221, 15, 168, -384, 8, 50, 864, 61;
6, 215, 10, 126, -406, -7, 23, 841, 41;
7, 219, 14, 111, -399, 3, 31, 854, 55;
3, 216, 11, 76, -409, -3, 15, 843, 46;
0, 213, 9, 42, -419, -11, -1, 833, 36;
0, 216, 12, 23, -412, -3, 2, 843, 47;
-3, 214, 10, -9, -419, -9, -11, 835, 39;
0, 219, 14, -20, -403, 6, 0, 854, 58;
-7, 213, 9, -66, -420, -12, -28, 832, 35;
-5, 217, 12, -81, -406, 0, -20, 848, 50;
-4, 220, 15, -100, -395, 6, -18, 858, 59;
-9, 217, 12, -135, -400, -1, -35, 849, 48;
-13, 215, 9, -170, -403, -9, -52, 840, 38;
-11, 219, 13, -184, -386, 1, -44, 856, 52;
-9, 223, 16, -199, -369, 11, -37, 872, 65;
-18, 217, 9, -246, -383, -9, -71, 848, 38;
-19, 218, 10, -269, -374, -9, -76, 852, 39;
-17, 223, 13, -281, -353, 2, -67, 870, 54;
-16, 226, 16, -297, -335, 10, -63, 883, 63;
-23, 221, 10, -337, -343, -7, -91, 865, 41;
-26, 221, 9, -363, -335, -12, -102, 864, 35;
-27, 222, 9, -384, -323, -12, -107, 868, 35;
-21, 231, 16, -380, -286, 12, -82, 903, 65;
-24, 231, 15, -405, -278, 6, -94, 901, 58;
-27, 230, 13, -430, -270, 0, -106, 899, 51;
-31, 228, 10, -456, -265, -9, -122, 892, 39;
-28, 234, 14, -459, -236, 4, -109, 916, 56;
-28, 237, 15, -471, -217, 7, -109, 925, 60;
-32, 235, 12, -495, -210, -1, -125, 919, 48;
-28, 241, 16, -495, -179, 11, -111, 943, 65;
-35, 237, 10, -526, -181, -6, -137, 926, 42;
-31, 244, 15, -521, -148, 8, -121, 952, 61;
-37, 239, 9, -551, -149, -11, -148, 934, 37;
-31, 247, 16, -538, -110, 9, -124, 966, 62;
-38, 243, 10, -564, -110, -8, -148, 951, 40;
-37, 246, 11, -568, -89, -6, -147, 961, 43;
-37, 248, 11, -570, -68, -4, -146, 970, 45;
-39, 249, 10, -579, -53, -8, -152, 972, 39;
-38, 252, 11, -577, -30, -5, -148, 983, 44;
-35, 256, 13, -571, -4, 2, -140, 1000, 53;
-39, 254, 9, -583, 2, -9, -154, 992, 38;
-33, 262, 16, -561, 42, 10, -129, 1025, 64;
-37, 260, 11, -572, 47, -3, -146, 1014, 46;
-36, 262, 12, -567, 68, -2, -143, 1023, 48;
-34, 266, 14, -556, 93, 3, -134, 1038, 55;
-31, 270, 16, -542, 118, 10, -124, 1053, 64;
-33, 269, 14, -541, 130, 4, -130, 1052, 56;
-31, 273, 15, -527, 153, 9, -122, 1065, 62;
-33, 272, 13, -524, 164, 1, -128, 1062, 53;
-33, 273, 12, -517, 178, -1, -130, 1064, 48;
-33, 273, 11, -507, 192, -4, -131, 1067, 44;
-31, 276, 13, -488, 214, 0, -121, 1080, 51;
-27, 281, 15, -466, 238, 8, -107, 1096, 61;
-29, 279, 12, -460, 244, -1, -116, 1089, 48;
-30, 278, 10, -450, 253, -7, -119, 1087, 41;
-25, 284, 14, -419, 281, 5, -98, 1109, 57;
-23, 286, 14, -399, 295, 5, -93, 1115, 58;
-21, 288, 16, -375, 313, 10, -83, 1126, 63;
-24, 285, 11, -370, 311, -4, -96, 1111, 45;
-20, 289, 14, -339, 332, 4, -79, 1128, 56;
-21, 288, 12, -324, 337, -1, -82, 1124, 48;
-20, 288, 12, -302, 346, -2, -78, 1126, 47;
-14, 294, 16, -265, 369, 10, -55, 1147, 64;
-12, 295, 16, -240, 379, 11, -48, 1151, 65;
-11, 295, 16, -218, 385, 9, -44, 1152, 62;
-14, 291, 11, -206, 379, -3, -54, 1138, 46;
-12, 292, 11, -180, 386, -3, -48, 1141, 46;
-13, 290, 9, -163, 383, -12, -52, 1132, 35;
-7, 295, 13, -122, 402, 2, -28, 1152, 54;
-4, 297, 15, -92, 410, 6, -16, 1158, 59;
-7, 292, 9, -81, 396, -9, -29, 1139, 38;
-2, 296, 13, -42, 410, 2, -8, 1154, 53;
-1, 294, 12, -20, 407, -1, -6, 1150, 48;
2, 297, 15, 15, 416, 6, 10, 1161, 59;
0, 292, 10, 27, 400, -8, -1, 1141, 40;
1, 293, 10, 56, 400, -6, 7, 1143, 42;
9, 299, 16, 101, 416, 12, 37, 1166, 66;
9, 296, 14, 121, 406, 5, 35, 1156, 57;
5, 290, 9, 130, 385, -11, 20, 1133, 36;
10, 293, 13, 168, 391, 0, 41, 1146, 50;
12, 293, 13, 195, 386, 0, 49, 1144, 52;
10, 289, 10, 210, 369, -9, 42, 1129, 39;
14, 290, 11, 240, 366, -4, 55, 1133, 45;
17, 291, 13, 268, 362, 0, 66, 1135, 51;
21, 293, 15, 301, 361, 9, 84, 1143, 62;
19, 289, 12, 314, 342, 0, 77, 1127, 50;
25, 291, 16, 348, 342, 11, 97, 1137, 65;
23, 287, 13, 361, 322, 2, 92, 1122, 54;
22, 283, 10, 372, 300, -6, 86, 1106, 42;
25, 284, 13, 399, 294, 0, 99, 1110, 51;
25, 281, 11, 413, 275, -4, 98, 1098, 45;
25, 279, 10, 428, 258, -7, 98, 1089, 41;
26, 277, 10, 445, 243, -7, 102, 1083, 41;
27, 276, 10, 461, 228, -7, 107, 1078, 41;
33, 279, 15, 491, 226, 6, 129, 1090, 59;
30, 274, 11, 494, 199, -3, 119, 1070, 46;
33, 275, 14, 514, 189, 3, 131, 1073, 55;
37, 276, 16, 534, 180, 11, 144, 1077, 65;
36, 273, 15, 540, 157, 6, 141, 1064, 59;
31, 265, 9, 531, 121, -10, 121, 1035, 37;
36, 268, 14, 556, 119, 5, 143, 1048, 57;
34, 264, 12, 555, 93, -1, 136, 1033, 48;
35, 263, 12, 562, 75, -1, 138, 1027, 49;
35, 261, 12, 565, 55, -2, 137, 1018, 47;
34, 257, 10, 563, 31, -7, 132, 1005, 41;
34, 256, 11, 566, 13, -6, 134, 999, 43;
38, 257, 14, 578, 4, 4, 148, 1006, 57;
39, 257, 15, 581, -11, 8, 152, 1002, 61;
34, 250, 11, 565, -44, -5, 134, 978, 43;
34, 249, 11, 562, -63, -5, 134, 971, 44;
34, 247, 11, 558, -82, -5, 133, 964, 44;
35, 246, 12, 556, -97, -1, 136, 962, 49;
31, 242, 9, 540, -124, -10, 124, 944, 38;
37, 246, 15, 551, -123, 9, 146, 961, 62;
31, 239, 10, 524, -159, -8, 121, 932, 39;
31, 238, 11, 518, -173, -4, 124, 931, 45;
32, 238, 12, 509, -187, -1, 124, 928, 48;
34, 239, 15, 505, -195, 7, 132, 933, 59;
32, 237, 14, 489, -214, 5, 126, 924, 57;
28, 232, 12, 466, -238, -3, 112, 908, 46;
25, 229, 9, 443, -261, -10, 100, 893, 38;
23, 227, 9, 424, -278, -12, 93, 885, 36;
29, 232, 15, 426, -272, 8, 114, 905, 61;
22, 225, 9, 389, -304, -9, 87, 878, 38;
22, 225, 11, 375, -311, -3, 89, 880, 46;
19, 222, 9, 348, -330, -10, 76, 867, 37;
20, 223, 12, 334, -334, -2, 80, 872, 47;
21, 225, 14, 319, -337, 4, 84, 878, 57;
17, 221, 12, 289, -355, -2, 69, 865, 48;
19, 224, 15, 276, -354, 7, 76, 874, 60;
17, 222, 14, 249, -365, 5, 67, 868, 57;
16, 223, 16, 228, -369, 9, 66, 870, 62;
10, 217, 11, 188, -391, -5, 41, 849, 43;
9, 217, 12, 165, -394, -3, 37, 849, 46;
8, 218, 12, 142, -397, 0, 34, 851, 50;
7, 218, 13, 116, -400, 0, 29, 850, 51;
4, 216, 12, 87, -407, -2, 19, 846, 48;
1, 214, 10, 54, -415, -8, 5, 837, 40;
4, 219, 15, 43, -401, 7, 18, 856, 60;
-1, 215, 11, 3, -415, -5, -4, 839, 43;
2, 220, 16, -8, -399, 9, 7, 859, 63;
0, 220, 15, -35, -399, 9, 0, 858, 62;
0, 221, 16, -60, -395, 11, -3, 862, 64;
-3, 220, 16, -89, -394, 9, -12, 860, 62;
-7, 218, 13, -124, -398, 1, -29, 852, 52;
-12, 215, 9, -161, -405, -10, -50, 839, 38;
-12, 217, 11, -181, -394, -4, -49, 849, 45;
-9, 223, 16, -191, -372, 10, -36, 870, 64;
-13, 221, 14, -223, -372, 3, -51, 864, 55;
-19, 217, 9, -264, -379, -11, -77, 847, 36;
-20, 219, 10, -283, -366, -7, -78, 856, 41;
-22, 219, 9, -309, -359, -9, -86, 857, 38;
-18, 225, 14, -316, -333, 5, -73, 880, 57;
-22, 224, 12, -345, -328, -1, -86, 876, 49;
-27, 222, 9, -377, -327, -11, -105, 867, 36;
-20, 231, 16, -373, -290, 12, -80, 902, 66;
-28, 226, 10, -413, -297, -7, -109, 882, 41;
-26, 230, 13, -422, -273, 2, -102, 899, 53;
-30, 229, 10, -449, -268, -7, -118, 893, 41;
-32, 229, 10, -468, -255, -9, -125, 896, 39;
-33, 231, 9, -484, -240, -10, -130, 901, 38;
-29, 238, 15, -482, -207, 6, -113, 928, 59;
-35, 234, 10, -512, -206, -9, -136, 914, 39;
-31, 240, 14, -511, -176, 3, -123, 937, 55;
-35, 239, 11, -532, -168, -5, -137, 932, 43;
-33, 243, 13, -534, -142, 2, -130, 948, 53;
-31, 247, 15, -536, -117, 8, -124, 963, 62;
-33, 248, 15, -546, -101, 6, -129, 967, 59;
-33, 250, 15, -551, -81, 8, -129, 976, 61;
-37, 247, 11, -570, -76, -5, -147, 966, 43;
-39, 248, 10, -578, -60, -9, -153, 969, 39;
-34, 255, 14, -566, -26, 5, -134, 995, 58;
-39, 252, 10, -582, -21, -8, -153, 984, 40;
-34, 258, 14, -567, 12, 5, -135, 1009, 58;
-32, 262, 16, -560, 37, 12, -127, 1024, 66;
-36, 260, 13, -569, 45, 0, -140, 1017, 52;
-36, 261, 12, -568, 61, -2, -143, 1021, 48;
-33, 266, 15, -554, 90, 7, -131, 1039, 59;
-38, 263, 10, -565, 92, -9, -149, 1026, 39;
-33, 269, 14, -544, 124, 4, -131, 1050, 56;
-37, 266, 9, -550, 127, -11, -148, 1038, 37;
-33, 272, 13, -528, 158, 2, -129, 1061, 53;
-34, 271, 11, -523, 170, -4, -134, 1059, 45;
-31, 275, 13, -505, 193, 1, -124, 1073, 52;
-34, 273, 9, -503, 198, -10, -135, 1065, 38;
-28, 279, 14, -474, 230, 5, -112, 1090, 57;
-30, 278, 12, -467, 237, -2, -119, 1086, 47;
-27, 281, 13, -444, 259, 2, -107, 1099, 54;
-25, 283, 14, -425, 275, 4, -101, 1107, 56;
-25, 284, 14, -408, 288, 3, -98, 1110, 54;
-27, 282, 10, -399, 291, -7, -106, 1102, 42;
-25, 284, 11, -377, 306, -4, -98, 1110, 45;
-20, 288, 14, -347, 328, 4, -81, 1126, 56;
-17, 292, 16, -318, 346, 11, -68, 1139, 64;
-20, 288, 12, -310, 342, -3, -80, 1125, 46;
-17, 290, 13, -282, 357, 1, -68, 1134, 53;
-19, 288, 10, -269, 356, -9, -76, 1124, 39;
-16, 290, 11, -240, 368, -4, -64, 1133, 44;
-17, 289, 9, -222, 369, -11, -66, 1128, 36;
-14, 290, 10, -194, 379, -8, -56, 1134, 40;
-11, 292, 11, -164, 389, -4, -44, 1141, 45;
-8, 294, 13, -133, 398, 0, -33, 1148, 51;
-8, 293, 11, -113, 396, -5, -33, 1142, 43;
-1, 298, 16, -70, 416, 10, -6, 1164, 64;
-4, 294, 11, -58, 403, -4, -18, 1147, 45;
1, 298, 16, -17, 419, 9, 5, 1164, 62;
2, 297, 15, 7, 417, 7, 9, 1161, 60;
0, 293, 11, 21, 403, -5, 0, 1145, 44;
4, 296, 14, 58, 412, 4, 18, 1157, 56;
3, 293, 11, 75, 400, -5, 13, 1144, 43;
4, 292, 10, 100, 395, -7, 17, 1140, 41;
9, 295, 13, 135, 400, 1, 35, 1150, 52;
9, 293, 12, 156, 390, -3, 35, 1142, 46;
11, 292, 12, 184, 386, -1, 44, 1142, 48;
15, 294, 15, 217, 387, 6, 60, 1149, 58;
12, 289, 10, 227, 365, -8, 48, 1128, 40;
12, 287, 9, 248, 353, -11, 50, 1121, 36;
20, 292, 15, 291, 363, 7, 79, 1141, 59;
17, 287, 11, 301, 340, -5, 69, 1122, 43;
19, 287, 11, 325, 331, -4, 77, 1120, 45;
25, 290, 15, 360, 332, 8, 98, 1131, 62;
26, 288, 15, 380, 319, 8, 103, 1126, 61;
24, 284, 12, 390, 296, -2, 95, 1108, 48;
25, 282, 11, 408, 281, -3, 97, 1101, 46;
27, 282, 13, 430, 270, 0, 106, 1101, 50;
25, 277, 9, 437, 245, -10, 98, 1082, 37;
26, 276, 10, 455, 232, -8, 104, 1079, 40;
34, 281, 16, 491, 237, 12, 134, 1099, 66;
29, 274, 11, 488, 203, -5, 116, 1071, 44;
28, 270, 9, 495, 179, -11, 111, 1056, 36;
36, 276, 16, 530, 185, 10, 142, 1078, 64;
35, 273, 14, 535, 162, 5, 138, 1065, 58;
37, 273, 16, 550, 149, 10, 147, 1064, 63;
38, 271, 16, 560, 132, 12, 151, 1059, 65;
35, 266, 13, 557, 103, 1, 140, 1039, 52;
39, 267, 16, 572, 93, 10, 152, 1043, 63;
32, 259, 9, 556, 53, -10, 127, 1010, 37;
33, 257, 10, 561, 35, -9, 130, 1005, 39;
39, 261, 16, 582, 35, 9, 154, 1021, 62;
35, 255, 11, 570, 3, -3, 138, 998, 46;
33, 251, 9, 562, -23, -10, 129, 981, 37;
33, 249, 9, 561, -42, -10, 129, 974, 37;
37, 252, 14, 573, -47, 4, 146, 986, 56;
37, 251, 14, 570, -65, 5, 146, 980, 57;
38, 250, 15, 567, -81, 7, 148, 975, 60;
37, 248, 15, 561, -100, 7, 147, 969, 60;
38, 248, 16, 557, -114, 12, 150, 967, 66;
32, 241, 11, 532, -148, -3, 128, 941, 46;
37, 244, 16, 538, -151, 11, 145, 953, 65;
32, 238, 12, 513, -182, -2, 125, 930, 48;
28, 233, 9, 491, -209, -11, 110, 911, 36;
32, 236, 13, 491, -211, 2, 124, 923, 54;
31, 236, 14, 479, -225, 5, 124, 920, 57;
28, 231, 11, 454, -249, -3, 109, 903, 46;
25, 228, 10, 433, -269, -8, 99, 891, 40;
24, 227, 10, 415, -284, -8, 94, 886, 40;
28, 230, 15, 412, -283, 6, 109, 900, 59;
22, 225, 11, 379, -309, -6, 88, 879, 43;
19, 222, 9, 353, -327, -12, 75, 867, 35;
18, 221, 9, 332, -339, -11, 71, 863, 36;
17, 220, 9, 311, -349, -10, 66, 860, 37;
20, 224, 14, 303, -345, 3, 79, 874, 55;
21, 225, 16, 288, -347, 12, 83, 881, 65;
15, 220, 12, 250, -370, -2, 59, 859, 48;
16, 222, 15, 234, -369, 6, 64, 867, 58;
14, 220, 14, 206, -379, 3, 55, 861, 55;
11, 219, 13, 178, -388, 1, 45, 855, 52;
13, 222, 16, 162, -384, 10, 51, 865, 64;
5, 215, 10, 116, -408, -8, 20, 839, 40;
4, 215, 11, 92, -409, -6, 16, 841, 43;
4, 217, 12, 70, -407, -1, 16, 846, 49;
1, 215, 11, 39, -414, -5, 4, 840, 44;
2, 218, 14, 22, -404, 4, 10, 852, 56;
-3, 214, 10, -18, -418, -9, -13, 835, 39;
0, 218, 14, -31, -404, 4, -3, 853, 56;
-4, 217, 12, -63, -407, 0, -15, 847, 50;
-4, 219, 14, -85, -400, 4, -16, 854, 56;
-7, 217, 12, -117, -402, -1, -30, 848, 49;
-9, 218, 12, -143, -398, -1, -36, 850, 49;
-7, 222, 16, -156, -380, 11, -27, 868, 65;
-13, 218, 12, -197, -388, -2, -51, 852, 47;
-11, 223, 15, -210, -369, 9, -43, 870, 62;
-13, 223, 15, -237, -363, 7, -52, 870, 59;
-14, 224, 15, -259, -353, 8, -55, 875, 61;
-19, 222, 12, -293, -354, -1, -74, 866, 48;
-17, 226, 15, -306, -334, 8, -68, 882, 61;
-24, 221, 9, -347, -342, -10, -96, 863, 37;
-25, 223, 10, -366, -327, -8, -99, 870, 40;
-22, 229, 15, -373, -301, 6, -86, 893, 58;
-25, 228, 12, -400, -295, 0, -100, 889, 50;
-25, 230, 13, -415, -277, 2, -100, 898, 54;
-29, 228, 11, -442, -272, -6, -116, 892, 42;
-27, 233, 14, -448, -246, 4, -106, 912, 56;
-27, 236, 15, -460, -226, 9, -105, 923, 62;
-29, 236, 14, -480, -215, 4, -115, 923, 55;
-34, 234, 10, -507, -211, -8, -135, 913, 39;
-28, 242, 16, -499, -174, 11, -112, 945, 65;
-35, 238, 11, -528, -173, -5, -136, 930, 44;
-35, 240, 11, -538, -155, -4, -138, 938, 45;
-32, 245, 14, -537, -127, 5, -128, 956, 57;
-34, 246, 14, -547, -110, 3, -132, 961, 55;
-38, 243, 9, -568, -106, -10, -151, 951, 38;
-38, 246, 10, -572, -85, -9, -151, 960, 39;
-34, 253, 15, -561, -51, 6, -132, 986, 59;
-40, 249, 9, -582, -49, -11, -156, 971, 36;
-37, 253, 12, -576, -22, -3, -146, 988, 46;
-33, 259, 16, -564, 9, 9, -131, 1011, 62;
-37, 257, 12, -575, 16, -2, -146, 1003, 47;
-35, 260, 13, -569, 40, 2, -139, 1017, 53;
-40, 258, 9, -580, 45, -12, -156, 1006, 35;
-37, 262, 11, -567, 72, -4, -145, 1023, 45;
-39, 261, 9, -569, 84, -11, -152, 1021, 36;
-36, 265, 11, -555, 110, -4, -142, 1037, 45;
-33, 270, 14, -537, 137, 4, -128, 1055, 57;
-37, 266, 9, -545, 138, -12, -147, 1041, 35;
-32, 273, 14, -519, 171, 3, -126, 1066, 54;
-36, 270, 9, -522, 175, -10, -140, 1055, 37;
-34, 272, 10, -507, 194, -9, -135, 1064, 39;
-34, 274, 9, -494, 209, -10, -133, 1069, 38;
-32, 276, 10, -476, 229, -6, -125, 1079, 42;
-30, 279, 11, -457, 247, -3, -117, 1089, 46;
-28, 281, 12, -438, 264, -1, -110, 1097, 48;
-29, 280, 10, -425, 272, -7, -113, 1095, 41;
-24, 285, 13, -396, 296, 2, -95, 1113, 54;
-27, 282, 9, -389, 296, -10, -107, 1101, 37;
-20, 289, 15, -349, 328, 8, -78, 1130, 62;
-19, 290, 15, -330, 338, 6, -75, 1131, 58;
-17, 291, 15, -306, 350, 8, -67, 1138, 61;
-21, 287, 10, -301, 343, -9, -84, 1119, 39;
-17, 291, 13, -268, 362, 0, -66, 1135, 51;
-12, 295, 16, -234, 380, 9, -48, 1150, 63;
-16, 290, 11, -225, 372, -6, -62, 1133, 43;
-14, 291, 10, -201, 378, -7, -57, 1134, 42;
-7, 297, 16, -157, 403, 11, -27, 1160, 65;
-5, 297, 16, -132, 406, 9, -23, 1160, 63;
-10, 291, 9, -126, 391, -10, -41, 1136, 38;
-4, 296, 14, -86, 408, 3, -17, 1155, 55;
-6, 292, 10, -70, 399, -7, -24, 1142, 41;
-1, 296, 13, -34, 410, 1, -6, 1154, 53;
-2, 293, 11, -14, 404, -5, -9, 1146, 44;
-1, 293, 10, 10, 402, -7, -4, 1143, 41;
5, 298, 15, 53, 416, 7, 21, 1162, 60;
5, 296, 13, 74, 409, 2, 21, 1154, 54;
6, 294, 12, 97, 403, 0, 23, 1149, 50;
10, 297, 15, 132, 407, 7, 40, 1158, 60;
8, 293, 12, 149, 393, -2, 34, 1144, 48;
11, 294, 13, 179, 391, 1, 46, 1147, 53;
12, 292, 12, 201, 381, -1, 48, 1141, 49;
17, 295, 16, 237, 385, 9, 68, 1151, 62;
13, 288, 10, 243, 358, -9, 51, 1126, 39;
17, 290, 12, 275, 358, 0, 67, 1132, 49;
15, 286, 9, 288, 338, -11, 60, 1116, 37;
19, 287, 11, 317, 334, -4, 74, 1120, 45;
23, 289, 14, 349, 332, 5, 92, 1128, 57;
24, 288, 14, 370, 320, 4, 96, 1123, 56;
21, 282, 9, 376, 293, -9, 84, 1101, 38;
29, 287, 16, 417, 301, 11, 115, 1122, 65;
29, 285, 15, 433, 284, 8, 116, 1113, 61;
29, 282, 14, 446, 265, 4, 115, 1103, 56;
26, 277, 10, 451, 238, -7, 104, 1082, 41;
28, 277, 11, 470, 225, -4, 112, 1080, 45;
32, 278, 14, 494, 219, 5, 128, 1086, 57;
33, 276, 14, 506, 200, 3, 129, 1077, 54;
29, 270, 9, 504, 169, -11, 114, 1053, 37;
32, 270, 11, 522, 158, -4, 125, 1055, 45;
36, 272, 15, 544, 152, 7, 143, 1063, 60;
32, 266, 10, 538, 119, -7, 126, 1037, 41;
34, 266, 12, 551, 106, -2, 135, 1037, 48;
32, 261, 10, 550, 80, -9, 127, 1021, 39;
38, 265, 15, 571, 77, 6, 149, 1034, 59;
36, 261, 12, 568, 50, 0, 141, 1018, 50;
37, 260, 14, 576, 36, 4, 147, 1017, 56;
35, 256, 12, 571, 10, -2, 140, 1002, 48;
38, 257, 14, 579, 0, 6, 150, 1005, 58;
33, 250, 10, 563, -35, -9, 130, 978, 39;
35, 251, 12, 567, -47, -2, 138, 979, 47;
37, 251, 14, 570, -59, 4, 146, 981, 56;
37, 250, 15, 568, -76, 6, 147, 976, 58;
32, 243, 10, 546, -111, -9, 126, 950, 39;
34, 244, 12, 547, -120, 0, 135, 954, 50;
32, 241, 11, 535, -143, -4, 128, 942, 45;
31, 238, 10, 522, -164, -7, 122, 931, 41;
29, 236, 9, 509, -184, -9, 116, 922, 38;
33, 238, 13, 509, -189, 2, 128, 931, 53;
31, 236, 12, 493, -209, 0, 121, 921, 50;
33, 237, 15, 487, -216, 8, 129, 926, 61;
29, 233, 12, 463, -241, 0, 115, 909, 50;
30, 233, 14, 453, -250, 6, 118, 911, 58;
27, 230, 13, 430, -270, 0, 107, 899, 51;
26, 229, 13, 412, -284, 0, 103, 894, 51;
21, 224, 9, 382, -309, -10, 84, 875, 37;
23, 226, 12, 371, -312, -1, 91, 882, 49;
20, 223, 11, 346, -328, -4, 81, 873, 44;
20, 223, 12, 328, -336, -1, 80, 872, 48;
16, 220, 10, 299, -354, -8, 66, 860, 40;
21, 225, 16, 294, -346, 9, 82, 879, 63;
17, 222, 14, 263, -362, 3, 68, 867, 54;
14, 220, 12, 235, -373, 0, 58, 860, 50;
11, 218, 11, 205, -386, -5, 45, 850, 43;
11, 218, 12, 184, -389, -1, 43, 853, 48;
9, 218, 12, 157, -395, -2, 36, 850, 48;
9, 219, 14, 138, -393, 4, 38, 856, 56;
8, 219, 14, 111, -398, 3, 31, 854, 55;
3, 216, 11, 76, -409, -4, 14, 843, 45;
5, 219, 15, 60, -401, 6, 21, 855, 58;
3, 218, 14, 31, -404, 4, 12, 853, 56;
-3, 214, 9, -9, -419, -9, -12, 834, 38;
1, 220, 15, -18, -400, 8, 4, 858, 62;
-4, 216, 11, -57, -411, -3, -18, 843, 46;
-7, 214, 10, -89, -414, -8, -30, 837, 40;
-5, 219, 14, -103, -398, 4, -21, 854, 56;
-12, 214, 9, -144, -409, -10, -46, 837, 37;
-8, 220, 14, -155, -388, 4, -33, 859, 57;
-9, 221, 15, -178, -380, 6, -37, 864, 59;
-10, 222, 15, -202, -372, 8, -42, 868, 61;
-18, 217, 9, -247, -385, -11, -73, 846, 36;
-17, 220, 12, -262, -367, -2, -67, 860, 48;
-14, 225, 16, -274, -346, 9, -58, 879, 63;
-16, 226, 16, -296, -335, 10, -63, 883, 64;
-17, 227, 16, -320, -325, 9, -70, 886, 62;
-20, 227, 15, -344, -316, 7, -78, 888, 60;
-23, 227, 13, -370, -309, 2, -89, 886, 53;
-23, 229, 14, -387, -293, 5, -91, 894, 57;
-29, 226, 10, -421, -294, -9, -113, 882, 39;
-25, 232, 15, -423, -264, 6, -98, 907, 59;
-30, 230, 11, -453, -261, -5, -118, 897, 43;
-29, 233, 12, -464, -241, 0, -116, 909, 50;
-31, 233, 12, -482, -228, -3, -123, 912, 46;
-34, 233, 10, -502, -217, -9, -134, 910, 39;
-32, 238, 13, -506, -190, 1, -124, 929, 52;
-30, 242, 15, -510, -165, 8, -118, 945, 61;
-30, 245, 16, -518, -145, 11, -117, 955, 65;
-34, 243, 13, -539, -138, 0, -133, 949, 51;
-34, 245, 14, -545, -117, 3, -132, 958, 54;
-35, 246, 13, -555, -101, 0, -137, 962, 51;
-33, 251, 15, -553, -74, 8, -129, 979, 61;
-32, 253, 16, -555, -52, 11, -127, 989, 64;
-34, 253, 14, -565, -40, 4, -136, 988, 56;
-32, 257, 16, -561, -14, 11, -128, 1004, 65;
-35, 257, 14, -569, -1, 4, -137, 1003, 56;
-35, 258, 14, -569, 16, 3, -138, 1009, 55;
-36, 259, 13, -571, 32, 0, -141, 1012, 51;
-32, 265, 16, -557, 63, 11, -126, 1034, 65;
-39, 260, 10, -574, 61, -9, -152, 1014, 39;
-34, 266, 14, -556, 93, 3, -134, 1037, 55;
-33, 268, 15, -547, 114, 6, -129, 1048, 58;
-32, 271, 15, -537, 134, 8, -125, 1057, 61;
-36, 268, 11, -542, 138, -6, -141, 1046, 43;
-30, 275, 16, -516, 172, 9, -118, 1072, 62;
-32, 273, 12, -515, 179, 0, -128, 1066, 50;
-30, 277, 15, -496, 203, 6, -117, 1081, 58;
-31, 276, 12, -490, 212, -1, -123, 1078, 49;
-31, 277, 12, -477, 227, -2, -121, 1082, 47;
-32, 276, 9, -470, 234, -11, -128, 1077, 36;
-30, 278, 10, -450, 252, -8, -120, 1086, 40;
-30, 279, 10, -433, 266, -9, -117, 1091, 39;
-22, 287, 16, -393, 301, 11, -86, 1122, 65;
-27, 282, 10, -393, 295, -7, -105, 1103, 41;
-22, 287, 14, -361, 319, 3, -86, 1122, 55;
-18, 290, 16, -334, 337, 9, -73, 1134, 63;
-20, 288, 12, -322, 338, 0, -80, 1125, 50;
-19, 289, 12, -301, 347, -1, -76, 1128, 48;
-21, 287, 9, -287, 348, -10, -82, 1120, 37;
-16, 291, 12, -253, 367, 0, -63, 1136, 49;
-15, 291, 11, -231, 372, -3, -61, 1135, 46;
-10, 295, 15, -196, 389, 6, -42, 1150, 58;
-9, 295, 14, -172, 394, 4, -38, 1150, 56;
-11, 292, 11, -155, 390, -4, -43, 1142, 45;
-7, 294, 13, -124, 400, 0, -30, 1150, 51;
-7, 294, 12, -101, 400, -3, -28, 1146, 47;
-8, 291, 9, -83, 394, -11, -32, 1137, 36;
-5, 292, 10, -52, 400, -7, -20, 1142, 41;
-1, 294, 12, -20, 407, -2, -7, 1149, 47;
2, 297, 14, 14, 415, 5, 9, 1159, 57;
0, 292, 10, 26, 399, -9, -2, 1140, 39;
5, 297, 14, 68, 412, 5, 22, 1158, 57;
8, 298, 16, 99, 414, 9, 34, 1163, 63;
8, 295, 14, 119, 404, 2, 32, 1153, 54;
10, 295, 14, 147, 401, 4, 41, 1153, 56;
10, 293, 12, 168, 391, 0, 41, 1145, 50;
16, 296, 16, 205, 397, 11, 62, 1158, 65;
17, 295, 16, 229, 388, 9, 66, 1153, 63;
17, 294, 15, 251, 377, 6, 69, 1146, 59;
15, 289, 11, 264, 358, -3, 62, 1130, 46;
15, 286, 9, 281, 342, -10, 59, 1118, 37;
23, 292, 16, 324, 351, 9, 89, 1139, 62;
19, 286, 11, 330, 325, -6, 76, 1115, 43;
20, 284, 11, 352, 313, -6, 81, 1111, 43;
25, 287, 14, 383, 311, 4, 99, 1119, 56;
26, 285, 13, 401, 296, 2, 101, 1112, 53;
27, 283, 13, 419, 281, 1, 105, 1106, 52;
31, 285, 16, 446, 276, 10, 121, 1112, 64;
29, 281, 13, 455, 253, 1, 115, 1095, 53;
31, 280, 15, 475, 241, 6, 124, 1095, 58;
33, 280, 16, 493, 229, 9, 132, 1093, 62;
30, 274, 12, 495, 200, -2, 120, 1072, 47;
33, 275, 14, 514, 189, 3, 131, 1074, 55;
37, 276, 16, 534, 180, 11, 144, 1077, 65;
37, 273, 16, 543, 160, 9, 144, 1068, 63;
31, 265, 9, 532, 122, -9, 122, 1037, 38;
36, 268, 14, 554, 117, 3, 141, 1046, 55;
37, 267, 15, 564, 102, 6, 147, 1043, 59;
37, 265, 14, 568, 81, 4, 146, 1034, 57;
38, 263, 14, 573, 63, 5, 148, 1028, 58;
35, 259, 12, 568, 35, -2, 138, 1011, 47;
33, 255, 9, 563, 9, -9, 130, 994, 38;
37, 257, 14, 578, 4, 4, 147, 1005, 56;
38, 256, 14, 577, -14, 4, 148, 998, 56;
39, 255, 16, 581, -28, 10, 154, 998, 63;
37, 252, 14, 572, -52, 4, 147, 984, 57;
39, 252, 16, 573, -66, 10, 152, 984, 63;
37, 248, 14, 563, -90, 5, 145, 971, 57;
36, 247, 14, 556, -109, 5, 143, 963, 57;
30, 239, 9, 531, -144, -11, 120, 935, 36;
35, 243, 14, 537, -147, 3, 137, 948, 55;
35, 242, 15, 530, -161, 7, 139, 946, 60;
30, 236, 10, 503, -193, -7, 117, 920, 41;
30, 235, 11, 494, -207, -4, 118, 918, 45;
32, 237, 14, 490, -213, 5, 127, 925, 58;
33, 237, 16, 479, -225, 10, 129, 924, 63;
30, 234, 14, 459, -245, 6, 120, 913, 58;
27, 230, 12, 435, -267, -1, 106, 899, 49;
24, 227, 10, 411, -287, -6, 95, 886, 42;
24, 227, 12, 397, -295, -1, 97, 888, 49;
26, 229, 15, 387, -299, 8, 104, 895, 61;
23, 226, 13, 360, -318, 1, 91, 882, 53;
20, 223, 11, 333, -335, -3, 79, 871, 46;
22, 225, 15, 321, -335, 6, 86, 880, 59;
14, 218, 9, 280, -364, -12, 57, 853, 36;
14, 219, 10, 260, -370, -8, 56, 854, 40;
15, 220, 12, 243, -371, 0, 59, 860, 49;
10, 217, 10, 210, -388, -9, 42, 846, 39;
9, 216, 9, 184, -395, -10, 35, 843, 38;
12, 221, 15, 175, -384, 6, 50, 862, 59;
11, 221, 15, 151, -388, 8, 45, 862, 61;
8, 219, 14, 120, -396, 4, 34, 855, 56;
4, 216, 12, 87, -407, -2, 18, 845, 47;
2, 216, 11, 59, -410, -3, 11, 843, 46;
1, 216, 11, 32, -412, -3, 4, 842, 46;
1, 217, 13, 10, -408, 1, 4, 849, 52;
-2, 215, 11, -22, -414, -4, -10, 841, 44;
-5, 214, 10, -53, -417, -8, -21, 836, 40;
-2, 220, 15, -64, -398, 7, -8, 858, 60;
-10, 213, 9, -110, -415, -12, -39, 834, 36;
-7, 219, 13, -122, -397, 2, -27, 854, 54;
-6, 221, 15, -142, -386, 8, -26, 863, 62;
-10, 219, 13, -175, -388, 1, -42, 856, 52;
-16, 215, 9, -215, -395, -12, -65, 841, 35;
-17, 217, 9, -238, -386, -10, -69, 846, 37;
-14, 222, 14, -247, -363, 5, -56, 868, 57;
-18, 220, 11, -279, -362, -3, -72, 861, 46;
-21, 220, 10, -307, -357, -8, -84, 859, 40;
-17, 226, 15, -313, -330, 8, -69, 884, 61;
-22, 224, 12, -345, -329, -1, -87, 875, 49;
-20, 228, 15, -358, -308, 7, -81, 891, 60;
-25, 226, 12, -388, -305, -2, -98, 884, 48;
-22, 231, 16, -395, -280, 9, -88, 904, 63;
-25, 231, 14, -420, -271, 4, -100, 902, 56;
-25, 233, 15, -434, -253, 7, -100, 912, 60;
-32, 229, 9, -469, -256, -10, -127, 894, 37;
-32, 232, 11, -480, -236, -6, -125, 906, 43;
-30, 236, 13, -487, -212, 1, -119, 922, 52;
-28, 240, 16, -492, -186, 10, -112, 939, 64;
-32, 239, 13, -514, -179, 0, -127, 933, 52;
-33, 241, 13, -525, -162, 0, -130, 940, 51;
-31, 245, 15, -528, -137, 7, -123, 955, 60;
-32, 246, 15, -538, -119, 7, -126, 962, 60;
-38, 242, 9, -563, -118, -10, -150, 946, 38;
-33, 249, 15, -553, -82, 6, -131, 974, 58;
-34, 251, 14, -559, -64, 5, -133, 980, 57;
-37, 250, 12, -571, -53, -2, -144, 977, 48;
-36, 252, 12, -573, -33, -1, -144, 986, 49;
-36, 254, 12, -574, -14, -1, -144, 993, 49;
-39, 253, 9, -583, -3, -9, -154, 990, 38;
-34, 260, 14, -567, 30, 5, -136, 1015, 57;
-34, 262, 14, -564, 50, 5, -134, 1024, 58;
-32, 266, 16, -554, 75, 11, -126, 1038, 65;
-39, 260, 9, -572, 72, -11, -153, 1017, 37;
-33, 268, 15, -548, 108, 6, -129, 1046, 59;
-35, 266, 12, -551, 117, -3, -140, 1040, 46;
-33, 270, 13, -538, 140, 1, -132, 1053, 53;
-31, 274, 15, -521, 165, 8, -121, 1068, 61;
-34, 272, 12, -522, 171, -2, -132, 1061, 47;
-33, 273, 11, -511, 187, -4, -131, 1065, 45;
-28, 279, 15, -485, 217, 8, -111, 1088, 61;
-31, 277, 12, -482, 222, -2, -122, 1080, 47;
-32, 276, 10, -472, 232, -7, -125, 1080, 41;
-27, 282, 14, -443, 260, 4, -106, 1100, 55;
-27, 282, 12, -430, 270, 0, -107, 1100, 50;
-22, 287, 16, -400, 297, 11, -87, 1121, 65;
-21, 288, 16, -381, 309, 11, -84, 1125, 64;
-24, 285, 12, -375, 308, -3, -96, 1112, 47;
-22, 286, 12, -353, 322, -1, -89, 1119, 49;
-17, 292, 16, -318, 346, 11, -67, 1139, 65;
-17, 291, 14, -301, 351, 5, -69, 1135, 57;
-19, 288, 11, -289, 350, -5, -77, 1126, 44;
-17, 290, 12, -263, 362, -2, -68, 1132, 47;
-15, 291, 12, -236, 372, 0, -59, 1138, 49;
-14, 291, 11, -215, 377, -3, -57, 1137, 46;
-13, 291, 11, -191, 381, -6, -53, 1137, 43;
-6, 297, 16, -149, 404, 10, -26, 1160, 64;
-8, 294, 12, -135, 397, -1, -35, 1146, 49;
-3, 297, 15, -98, 411, 9, -15, 1161, 62;
-8, 292, 10, -90, 396, -9, -31, 1139, 39;
0, 299, 16, -42, 419, 11, 0, 1166, 65;
-3, 293, 10, -33, 402, -6, -15, 1144, 42;
18, 3, 9, 1524, 2121, 2351, 71, 14, 35;
4, 30, 2, 1659, 4126, 2487, 18, 119, 8;
16, 1, 6, 3077, 4708, 1724, 62, 4, 26;
9, 9, 2, 2981, 3885, 1764, 36, 38, 8;
15, 12, 12, 4171, 1841, 1653, 60, 47, 47;
16, 0, 8, 3172, 2896, 1845, 63, 1, 31;
0, 27, 12, 4133, 3998, 1903, 3, 107, 50;
8, 16, 1, 1488, 3972, 1648, 31, 66, 5;
7, 2, 5, 3478, 4454, 2381, 30, 8, 19;
2, 18, 4, 3800, 4736, 2616, 9, 71, 18;
12, 4, 3, 3293, 2792, 1323, 50, 18, 12;
3, 12, 8, 3863, 2995, 1514, 13, 49, 34;
7, 23, 12, 3932, 2706, 2051, 30, 93, 48;
4, 6, 4, 1865, 4578, 1142, 16, 26, 16;
4, 22, 2, 3033, 5328, 1949, 18, 87, 11;
1, 19, 6, 2798, 3408, 1763, 5, 77, 25;
1, 4, 12, 3027, 4983, 1321, 6, 18, 47;
16, 29, 12, 3344, 4564, 987, 65, 116, 47;
9, 21, 9, 2951, 5249, 1634, 37, 83, 37;
1, 12, 10, 2727, 2747, 1168, 7, 49, 40;
5, 4, 6, 1685, 5056, 2918, 22, 17, 23;
3, 3, 7, 1893, 2764, 2857, 14, 15, 29;
13, 1, 11, 3292, 3255, 1995, 54, 6, 45;
12, 14, 8, 3889, 3273, 1714, 48, 58, 34;
2, 2, 12, 2955, 4387, 1841, 10, 8, 48;
3, 5, 4, 4355, 5229, 1415, 14, 19, 16;
10, 25, 8, 2456, 3376, 1071, 41, 98, 31;
13, 25, 2, 2660, 2385, 2265, 52, 98, 10;
17, 28, 1, 3470, 5196, 2211, 70, 112, 7;
6, 22, 4, 2732, 3921, 2175, 24, 89, 18;
0, 11, 10, 2454, 4388, 2093, 0, 46, 42;
19, 13, 3, 1478, 4686, 1341, 77, 52, 11;
17, 20, 3, 1814, 4242, 2528, 69, 79, 14;
9, 23, 3, 4197, 3227, 1555, 38, 90, 14;
0, 5, 7, 1682, 4321, 1225, 1, 19, 27;
20, 23, 4, 3177, 3204, 1860, 79, 90, 17;
2, 18, 9, 3600, 3581, 1481, 8, 73, 36;
18, 30, 4, 3933, 4639, 2239, 71, 120, 16;
6, 5, 10, 1532, 5239, 1291, 24, 23, 42;
17, 27, 0, 3707, 2448, 1895, 69, 107, 0;
4, 4, 0, 2375, 5044, 988, 19, 16, 0;
13, 12, 11, 2263, 4451, 2827, 51, 48, 45;
14, 22, 5, 1663, 2160, 1681, 55, 85, 21;
10, 4, 5, 2978, 3775, 2193, 41, 17, 19;
18, 0, 10, 4217, 4548, 2556, 71, 2, 41;
16, 12, 8, 2637, 2838, 2195, 62, 49, 34;
6, 19, 11, 3152, 3215, 2664, 24, 75, 44;
11, 27, 11, 3350, 4979, 1260, 46, 106, 44;
5, 14, 11, 3194, 2122, 1984, 19, 55, 44;
0, 23, 0, 4354, 2479, 1980, 2, 90, 1;
12, 14, 1, 4080, 4955, 1571, 46, 55, 7;
4, 24, 0, 3660, 3937, 1626, 16, 97, 2;
8, 9, 11, 2067, 4152, 1436, 32, 38, 45;
18, 21, 10, 3349, 3557, 1965, 73, 84, 41;
14, 25, 3, 3368, 3199, 2257, 56, 97, 12;
13, 16, 12, 2318, 2851, 1369, 54, 64, 49;
17, 5, 8, 4245, 2353, 1946, 69, 21, 31;
18, 11, 0, 1990, 5188, 1665, 71, 43, 2;
6, 3, 3, 2787, 2919, 2529, 23, 14, 12;
4, 8, 4, 1495, 3741, 2526, 19, 32, 18;
14, 22, 4, 2094, 3512, 2130, 57, 86, 15;
4, 11, 0, 4150, 5351, 1942, 17, 43, 2;
19, 6, 1, 2450, 3907, 2947, 76, 27, 4;
12, 17, 12, 4279, 3830, 1097, 48, 69, 48;
6, 22, 0, 4305, 3602, 2345, 23, 86, 1;
20, 3, 12, 3519, 4902, 2283, 80, 14, 48;
9, 28, 3, 3550, 2527, 2508, 38, 111, 13;
14, 3, 9, 4286, 4792, 2948, 57, 12, 36;
16, 15, 0, 2092, 3616, 1313, 64, 61, 1;
8, 16, 2, 4029, 3161, 2182, 33, 64, 9;
8, 13, 9, 1590, 4760, 1466, 32, 54, 35;
18, 18, 0, 3927, 3830, 2748, 71, 71, 1;
3, 22, 6, 4384, 3815, 2262, 12, 86, 24;
9, 28, 0, 3392, 4738, 1442, 35, 109, 0;
13, 15, 7, 1661, 2023, 988, 51, 59, 29;
14, 27, 7, 4082, 4266, 2235, 57, 106, 28;
3, 21, 4, 3511, 5112, 1090, 14, 84, 17;
17, 23, 6, 3325, 4092, 2879, 69, 90, 25;
1, 3, 10, 2993, 2287, 1695, 7, 14, 42;
5, 7, 0, 3312, 5309, 1235, 21, 31, 1;
716, 773, 465, 5264, 4608, 3132, 2793, 3017, 1813;
676, 824, 494, 5021, 4391, 2974, 2637, 3216, 1927;
574, 984, 350, 4842, 4236, 2874, 2239, 3839, 1365;
569, 946, 381, 4646, 4064, 2756, 2219, 3693, 1487;
637, 906, 335, 4480, 3921, 2664, 2484, 3533, 1308;
620, 719, 334, 4295, 3758, 2550, 2419, 2804, 1305;
542, 658, 307, 4128, 3612, 2452, 2115, 2568, 1199;
482, 725, 343, 3987, 3492, 2377, 1879, 2828, 1337;
446, 702, 369, 3797, 3321, 2250, 1741, 2741, 1441;
534, 721, 270, 3643, 3186, 2157, 2085, 2814, 1056;
436, 679, 345, 3510, 3070, 2081, 1702, 2649, 1348;
423, 755, 241, 3374, 2952, 2001, 1652, 2945, 941;
386, 716, 229, 3240, 2834, 1921, 1508, 2794, 896;
370, 544, 244, 3119, 2729, 1852, 1444, 2122, 954;
369, 675, 236, 3007, 2632, 1789, 1439, 2632, 923;
425, 686, 219, 2873, 2513, 1704, 1661, 2676, 857;
393, 573, 275, 2776, 2431, 1653, 1536, 2235, 1072;
322, 512, 211, 2642, 2310, 1562, 1257, 2000, 824;
361, 610, 216, 2543, 2223, 1505, 1409, 2379, 845;
271, 487, 221, 2455, 2148, 1458, 1057, 1902, 864;
298, 557, 221, 2377, 2082, 1419, 1164, 2175, 862;
250, 519, 170, 2254, 1970, 1334, 976, 2027, 665;
318, 539, 202, 2168, 1896, 1284, 1240, 2103, 790;
243, 562, 173, 2086, 1825, 1237, 947, 2194, 677;
292, 552, 143, 2026, 1775, 1210, 1141, 2155, 559;
219, 469, 171, 1946, 1704, 1162, 854, 1832, 666;
245, 424, 151, 1836, 1604, 1082, 958, 1655, 589;
240, 492, 166, 1768, 1546, 1045, 936, 1921, 650;
231, 421, 149, 1688, 1474, 993, 901, 1645, 584;
220, 467, 139, 1663, 1458, 995, 859, 1821, 543;
174, 425, 144, 1557, 1359, 915, 679, 1659, 562;
216, 420, 140, 1533, 1343, 916, 842, 1639, 547;
192, 397, 129, 1441, 1258, 848, 749, 1549, 505;
174, 384, 118, 1400, 1225, 831, 681, 1500, 462;
190, 425, 95, 1325, 1156, 778, 743, 1659, 371;
187, 415, 120, 1280, 1118, 754, 730, 1621, 470;
174, 416, 92, 1251, 1095, 746, 681, 1623, 362;
165, 425, 108, 1202, 1052, 717, 646, 1657, 423;
131, 388, 97, 1157, 1014, 691, 511, 1513, 381;
123, 390, 80, 1079, 941, 631, 481, 1522, 314;
117, 365, 84, 1049, 916, 618, 459, 1425, 328;
132, 361, 81, 1017, 890, 604, 515, 1411, 319;
143, 360, 97, 993, 871, 596, 559, 1407, 381;
118, 388, 83, 958, 840, 576, 461, 1514, 324;
114, 352, 87, 920, 807, 553, 448, 1375, 340;
116, 384, 61, 863, 754, 510, 453, 1498, 238;
110, 364, 59, 834, 730, 495, 429, 1420, 233;
117, 368, 78, 824, 724, 499, 458, 1435, 304;
102, 351, 75, 777, 681, 465, 399, 1372, 293;
93, 325, 61, 751, 659, 451, 365, 1270, 241;
98, 330, 55, 732, 644, 444, 384, 1287, 216;
87, 335, 65, 692, 607, 415, 340, 1307, 253;
86, 341, 47, 657, 575, 391, 339, 1332, 184;
75, 335, 62, 641, 563, 385, 293, 1307, 244;
88, 321, 61, 617, 542, 372, 343, 1253, 240;
78, 326, 53, 574, 501, 338, 306, 1273, 208;
69, 341, 57, 576, 506, 349, 272, 1333, 225;
76, 336, 40, 535, 468, 317, 300, 1313, 156;
66, 312, 39, 534, 469, 324, 260, 1218, 153;
67, 304, 48, 509, 448, 308, 263, 1187, 188;
61, 318, 36, 478, 418, 285, 238, 1243, 142;
63, 307, 36, 437, 379, 251, 247, 1200, 140;
54, 317, 35, 428, 373, 250, 213, 1237, 137;
60, 299, 28, 408, 356, 237, 236, 1168, 109;
62, 303, 35, 421, 371, 257, 244, 1185, 139;
48, 301, 30, 370, 322, 212, 188, 1174, 117;
40, 287, 25, 349, 303, 197, 159, 1120, 97;
42, 295, 35, 376, 331, 230, 165, 1152, 137;
39, 288, 25, 337, 294, 197, 155, 1123, 100;
50, 297, 25, 339, 297, 204, 195, 1159, 98;
48, 296, 34, 339, 299, 209, 188, 1155, 132;
41, 296, 29, 328, 290, 203, 163, 1155, 116;
39, 289, 19, 273, 237, 154, 154, 1127, 77;
39, 297, 27, 297, 261, 182, 155, 1159, 106;
35, 291, 25, 280, 246, 170, 138, 1135, 98;
32, 290, 19, 238, 205, 132, 126, 1133, 76;
33, 278, 22, 246, 214, 144, 130, 1086, 86;
35, 291, 17, 237, 207, 139, 138, 1136, 67;
32, 284, 20, 252, 223, 158, 125, 1110, 81;
24, 274, 16, 202, 174, 112, 95, 1070, 64;
1, 256, 0, 0, 0, 0, 4, 999, 2;
1, 256, 0, 0, 0, 0, 5, 1000, 3;
1, 256, 0, 0, 0, 0, 5, 1000, 3;
1, 256, 0, 0, 0, 0, 5, 1000, 3;
1, 256, 0, 0, 0, 0, 4, 999, 2;
1, 256, 0, 0, 0, 0, 5, 1000, 3;
1, 256, 0, 0, 0, 0, 5, 1000, 3;
1, 256, 1, 1, 1, 1, 6, 1000, 4;
1, 256, 0, 0, 0, 0, 5, 1000, 3;
1, 256, 0, 0, 0, 0, 4, 999, 2;
1, 256, 0, 1, 1, 1, 5, 1000, 3;
1, 256, 0, 0, 0, 0, 5, 1000, 3;
1, 256, 0, 1, 1, 1, 5, 1000, 3;
1, 256, 0, 0, 0, 0, 4, 999, 2;
1, 256, 0, 0, 0, 0, 4, 999, 2;
1, 256, 0, -1, -1, -1, 4, 999, 2;
1, 256, 1, 1, 1, 1, 6, 1001, 4;
1, 256, 0, 0, 0, 0, 5, 1000, 3;
1, 256, 0, 0, 0, 0, 5, 1000, 3;
1, 256, 0, 0, 0, 0, 4, 999, 2;
1, 256, 0, -1, -1, -1, 3, 998, 1;
1, 256, 0, -1, -1, -1, 3, 998, 1;
1, 256, 0, 0, 0, 0, 4, 999, 2;
1, 256, 0, 0, 0, 0, 5, 1000, 3;
1, 256, 1, 1, 1, 1, 6, 1001, 4;
1, 256, 0, -1, -1, -1, 4, 999, 2;
1, 256, 0, 0, 0, 0, 5, 1000, 3;
1, 256, 0, -1, -1, -1, 4, 998, 2;
1, 256, 0, -1, -1, -1, 3, 998, 1;
1, 256, 1, 1, 1, 1, 6, 1001, 4;
1, 256, 0, 0, 0, 0, 4, 999, 2;
1, 256, 1, 1, 1, 1, 6, 1001, 4;
1, 256, 0, 0, 0, 0, 5, 1000, 3;
1, 256, 0, 1, 1, 1, 5, 1000, 3;
1, 256, 0, 0, 0, 0, 4, 999, 2;
1, 256, 1, 1, 1, 1, 6, 1001, 4;
1, 256, 0, 0, 0, 0, 5, 1000, 3;
1, 256, 1, 1, 1, 1, 6, 1001, 4;
1, 256, 0, 0, 0, 0, 5, 1000, 3;
1, 256, 1, 1, 1, 1, 6, 1001, 4;
1, 256, 0, 1, 1, 1, 5, 1000, 3;
1, 256, 0, 0, 0, 0, 4, 999, 2;
1, 256, 0, -1, -1, -1, 4, 999, 2;
1, 256, 0, 0, 0, 0, 5, 1000, 3;
1, 256, 0, 0, 0, 0, 4, 999, 2;
1, 256, 1, 1, 1, 1, 6, 1001, 4;
1, 256, 0, 1, 1, 1, 5, 1000, 3;
1, 256, 0, 1, 1, 1, 5, 1000, 3;
1, 256, 0, 0, 0, 0, 5, 1000, 3;
1, 256, 0, -1, -1, -1, 4, 998, 2;
1, 256, 0, -1, -1, -1, 4, 999, 2;
1, 256, 0, 0, 0, 0, 4, 999, 2;
1, 256, 0, 0, 0, 0, 5, 1000, 3;
1, 256, 0, 1, 1, 1, 5, 1000, 3;
1, 256, 0, -1, -1, -1, 4, 999, 2;
1, 256, 0, -1, -1, -1, 3, 998, 1;
1, 256, 0, 0, 0, 0, 4, 999, 2;
1, 256, 1, 1, 1, 1, 5, 1000, 3;
1, 256, 0, 0, 0, 0, 5, 1000, 3;
1, 256, 1, 1, 1, 1, 6, 1001, 4;
1, 256, 0, 0, 0, 0, 4, 999, 2;
1, 256, 0, 0, 0, 0, 5, 1000, 3;
1, 256, 0, -1, -1, -1, 4, 999, 2;
1, 256, 0, 0, 0, 0, 5, 1000, 3;
1, 256, 0, 1, 1, 1, 5, 1000, 3;
1, 256, 1, 1, 1, 1, 6, 1000, 4;
1, 256, 0, 0, 0, 0, 5, 1000, 3;
1, 256, 0, 0, 0, 0, 5, 1000, 3;
1, 256, 0, 0, 0, 0, 5, 1000, 3;
1, 256, 0, 0, 0, 0, 4, 999, 2;
1, 256, 1, 1, 1, 1, 6, 1001, 4;
1, 256, 0, 0, 0, 0, 5, 1000, 3;
1, 256, 0, -1, -1, -1, 3, 998, 1;
1, 256, 0, -1, -1, -1, 4, 999, 2;
1, 256, 1, 1, 1, 1, 6, 1000, 4;
1, 256, 0, -1, -1, -1, 3, 998, 1;
1, 256, 0, 0, 0, 0, 4, 999, 2;
1, 256, 1, 1, 1, 1, 6, 1001, 4;
1, 256, 1, 1, 1, 1, 6, 1001, 4;
1, 256, 0, 0, 0, 0, 5, 1000, 3;
1, 256, 0, 0, 0, 0, 4, 999, 2;
1, 256, 0, 0, 0, 0, 5, 1000, 3;
1, 256, 0, -1, -1, -1, 4, 999, 2;
1, 256, 0, 0, 0, 0, 5, 999, 2;
1, 256, 0, 0, 0, 0, 5, 1000, 3;
1, 256, 0, -1, -1, -1, 4, 999, 2;
1, 256, 0, -1, -1, -1, 4, 999, 2;
1, 256, 0, -1, -1, -1, 4, 999, 2;
1, 256, 0, 0, 0, 0, 5, 1000, 3;
1, 256, 0, 0, 0, 0, 5, 1000, 3;
1, 256, 0, -1, -1, -1, 4, 998, 2;
1, 256, 0, 1, 1, 1, 5, 1000, 3;
1, 256, 1, 1, 1, 1, 6, 1001, 4;
1, 256, 0, 0, 0, 0, 4, 999, 2;
1, 256, 0, -1, -1, -1, 4, 999, 2;
1, 256, 1, 1, 1, 1, 6, 1000, 4;
1, 256, 0, -1, -1, -1, 4, 999, 2;
1, 256, 1, 1, 1, 1, 6, 1000, 3;
1, 256, 0, -1, -1, -1, 4, 999, 2;
1, 256, 0, 0, 0, 0, 4, 999, 2;
1, 256, 0, 0, 0, 0, 4, 999, 2;
1, 256, 0, 0, 0, 0, 5, 1000, 3;
0, 256, 0, -1, -1, -1, 3, 998, 1;
1, 256, 0, 0, 0, 0, 4, 999, 2;
1, 256, 0, -1, -1, -1, 4, 999, 2;
1, 256, 0, 0, 0, 0, 5, 1000, 3;
1, 256, 0, 1, 1, 1, 5, 1000, 3;
1, 256, 0, -1, -1, -1, 4, 999, 2;
1, 256, 0, 0, 0, 0, 4, 999, 2;
1, 256, 0, 0, 0, 0, 4, 999, 2;
1, 256, 1, 1, 1, 1, 6, 1001, 4;
1, 256, 0, 0, 0, 0, 4, 999, 2;
1, 256, 0, 1, 1, 1, 5, 1000, 3;
1, 256, 0, -1, -1, -1, 4, 999, 2;
1, 256, 1, 1, 1, 1, 6, 1000, 4;
1, 256, 0, -1, -1, -1, 4, 999, 2;
1, 256, 0, 1, 1, 1, 5, 1000, 3;
1, 256, 0, 0, 0, 0, 5, 1000, 3;
1, 256, 0, 0, 0, 0, 4, 999, 2;
1, 256, 1, 1, 1, 1, 6, 1000, 4;
1, 256, 0, -1, -1, -1, 4, 999, 2;
1, 256, 0, -1, -1, -1, 4, 999, 2;
1, 256, 0, 0, 0, 0, 4, 999, 2;
1, 256, 1, 1, 1, 1, 6, 1001, 4;
1, 256, 0, 1, 1, 1, 5, 1000, 3;
1, 256, 0, 0, 0, 0, 5, 1000, 3;
1, 256, 0, -1, -1, -1, 4, 998, 2;
1, 256, 0, 1, 1, 1, 5, 1000, 3;
1, 256, 0, -1, -1, -1, 4, 998, 1;
1, 256, 1, 1, 1, 1, 6, 1001, 4;
1, 256, 1, 1, 1, 1, 6, 1001, 4;
1, 256, 0, 0, 0, 0, 5, 1000, 3;
1, 256, 0, 0, 0, 0, 5, 1000, 3;
1, 256, 0, 1, 1, 1, 5, 1000, 3;
1, 256, 0, 0, 0, 0, 5, 1000, 3;
1, 256, 0, -1, -1, -1, 3, 998, 1;
1, 256, 0, 1, 1, 1, 5, 1000, 3;
1, 256, 0, 0, 0, 0, 4, 999, 2;
1, 256, 0, 0, 0, 0, 5, 1000, 3;
1, 256, 0, 0, 0, 0, 5, 1000, 3;
1, 256, 0, -1, -1, -1, 4, 999, 2;
1, 256, 0, -1, -1, -1, 4, 999, 2;
1, 256, 0, 0, 0, 0, 5, 1000, 3;
1, 256, 0, 0, 0, 0, 5, 1000, 3;
1, 256, 0, 0, 0, 0, 4, 999, 2;
1, 256, 0, 0, 0, 0, 5, 1000, 3;
1, 256, 0, -1, -1, -1, 4, 999, 2;
1, 256, 1, 1, 1, 1, 5, 1000, 3;
1, 256, 0, 0, 0, 0, 5, 1000, 3;
1, 256, 0, 0, 0, 0, 4, 999, 2;
1, 256, 0, 0, 0, 0, 4, 999, 2;
1, 256, 0, 0, 0, 0, 4, 999, 2;
1, 256, 0, 0, 0, 0, 4, 999, 2;
1, 256, 0, 0, 0, 0, 4, 999, 2;
1, 256, 0, 1, 1, 1, 5, 1000, 3;
1, 256, 1, 1, 1, 1, 6, 1001, 4;
1, 256, 0, 0, 0, 0, 5, 1000, 3;
1, 256, 0, 0, 0, 0, 5, 1000, 3;
1, 256, 0, 0, 0, 0, 4, 999, 2;
1, 256, 0, -1, -1, -1, 4, 999, 2;
1, 256, 0, 0, 0, 0, 4, 999, 2;
1, 256, 0, -1, -1, -1, 3, 998, 1;
1, 256, 0, 0, 0, 0, 4, 999, 2;
1, 256, 0, 0, 0, 0, 5, 1000, 3;
1, 256, 1, 1, 1, 1, 5, 1000, 3;
1, 256, 0, -1, -1, -1, 4, 999, 2;
1, 256, 0, -1, -1, -1, 4, 999, 2;
1, 256, 0, 0, 0, 0, 5, 1000, 3;
1, 256, 0, 0, 0, 0, 5, 1000, 3;
1, 256, 0, 0, 0, 0, 4, 999, 2;
1, 256, 0, -1, -1, -1, 4, 999, 2;
1, 256, 0, 1, 1, 1, 5, 1000, 3;
1, 256, 0, -1, -1, -1, 3, 998, 1;
1, 256, 0, 0, 0, 0, 4, 999, 2;
1, 256, 0, 0, 0, 0, 5, 1000, 3;
1, 256, 0, -1, -1, -1, 4, 999, 2;
1, 256, 0, -1, -1, -1, 4, 999, 2;
1, 256, 0, 0, 0, 0, 5, 1000, 3;
1, 256, 1, 1, 1, 1, 5, 1000, 3;
1, 256, 0, -1, -1, -1, 4, 999, 2;
1, 256, 0, -1, -1, -1, 4, 999, 2;
1, 256, 0, -1, -1, -1, 4, 999, 2;
1, 256, 0, 0, 0, 0, 5, 999, 3;
1, 256, 0, -1, -1, -1, 3, 998, 1;
1, 256, 0, -1, -1, -1, 4, 999, 2;
1, 256, 0, -1, -1, -1, 4, 999, 2;
1, 256, 1, 1, 1, 1, 5, 1000, 3;
1, 256, 0, 0, 0, 0, 4, 999, 2;
1, 256, 0, -1, -1, -1, 4, 999, 2;
1, 256, 0, 0, 0, 0, 5, 999, 3;
1, 256, 0, -1, -1, -1, 3, 998, 1;
1, 256, 0, 0, 0, 0, 4, 999, 2;
1, 256, 0, -1, -1, -1, 4, 999, 2;
1, 256, 0, -1, -1, -1, 4, 999, 2;
1, 256, 0, 0, 0, 0, 4, 999, 2;
0, 256, 0, -1, -1, -1, 3, 998, 1;
1, 256, 0, 0, 0, 0, 4, 999, 2;
1, 256, 0, 0, 0, 0, 4, 999, 2;
1, 256, 0, -1, -1, -1, 4, 999, 2;
1, 256, 0, -1, -1, -1, 4, 999, 2;
1, 256, 0, 0, 0, 0, 4, 999, 2;
1, 256, 1, 1, 1, 1, 6, 1000, 4;
1, 256, 0, 0, 0, 0, 5, 1000, 3;
1, 256, 0, 1, 1, 1, 5, 1000, 3;
1, 256, 0, -1, -1, -1, 4, 999, 2;
1, 256, 1, 1, 1, 1, 6, 1000, 4;
1, 256, 0, 0, 0, 0, 5, 1000, 3;
1, 256, 1, 1, 1, 1, 5, 1000, 3;
1, 256, 0, -1, -1, -1, 3, 998, 1;
1, 256, 0, 0, 0, 0, 5, 1000, 3;
1, 256, 0, 1, 1, 1, 5, 1000, 3;
1, 256, 0, 0, 0, 0, 5, 1000, 3;
1, 256, 1, 1, 1, 1, 6, 1001, 4;
1, 256, 0, 0, 0, 0, 4, 999, 2;
1, 256, 0, 0, 0, 0, 5, 1000, 3;
1, 256, 0, -1, -1, -1, 4, 999, 2;
1, 256, 0, -1, -1, -1, 4, 999, 2;
1, 256, 0, 0, 0, 0, 5, 1000, 3;
1, 256, 0, -1, -1, -1, 4, 998, 2;
1, 256, 0, 0, 0, 0, 5, 999, 2;
1, 256, 1, 1, 1, 1, 6, 1001, 4;
1, 256, 0, -1, -1, -1, 4, 999, 2;
1, 256, 0, 0, 0, 0, 4, 999, 2;
1, 256, 0, -1, -1, -1, 4, 998, 2;
1, 256, 0, 0, 0, 0, 5, 1000, 3;
1, 256, 0, 0, 0, 0, 5, 1000, 3;
1, 256, 0, -1, -1, -1, 4, 999, 2;
1, 256, 0, 0, 0, 0, 4, 999, 2;
1, 256, 0, -1, -1, -1, 3, 998, 1;
1, 256, 0, 1, 1, 1, 5, 1000, 3;
1, 256, 1, 1, 1, 1, 6, 1001, 4;
1, 256, 0, 1, 1, 1, 5, 1000, 3;
1, 256, 0, -1, -1, -1, 4, 999, 2;
1, 256, 1, 1, 1, 1, 6, 1000, 3;
1, 256, 0, 0, 0, 0, 5, 999, 2;
1, 256, 0, -1, -1, -1, 4, 999, 2;
1, 256, 0, 0, 0, 0, 5, 999, 2;
1, 256, 1, 1, 1, 1, 5, 1000, 3;
1, 256, 0, 0, 0, 0, 5, 1000, 3;
1, 256, 0, -1, -1, -1, 4, 999, 2;
1, 256, 0, 0, 0, 0, 5, 1000, 3;
1, 256, 0, -1, -1, -1, 4, 999, 2;
1, 256, 0, 0, 0, 0, 4, 999, 2;
1, 256, 0, 0, 0, 0, 4, 999, 2;
1, 256, 0, 0, 0, 0, 5, 1000, 3;
1, 256, 0, 1, 1, 1, 5, 1000, 3;
1, 256, 0, -1, -1, -1, 4, 999, 2;
1, 256, 0, 0, 0, 0, 4, 999, 2;
1, 256, 0, 0, 0, 0, 5, 1000, 3;
1, 256, 0, 0, 0, 0, 4, 999, 2;
1, 256, 0, -1, -1, -1, 4, 998, 1;
1, 256, 0, -1, -1, -1, 4, 999, 2;
1, 256, 1, 1, 1, 1, 6, 1001, 4;
1, 256, 0, -1, -1, -1, 4, 999, 2;
1, 256, 0, 0, 0, 0, 5, 1000, 3;
1, 256, 0, 1, 1, 1, 5, 1000, 3;
1, 256, 0, 0, 0, 0, 5, 1000, 3;
1, 256, 0, -1, -1, -1, 3, 998, 1;
1, 256, 0, -1, -1, -1, 4, 998, 2;
1, 256, 0, -1, -1, -1, 4, 999, 2;
1, 256, 0, 0, 0, 0, 5, 999, 3;
1, 256, 0, 0, 0, 0, 4, 999, 2;
1, 256, 0, -1, -1, -1, 4, 998, 1;
1, 256, 0, 1, 1, 1, 5, 1000, 3;
1, 256, 0, 0, 0, 0, 5, 1000, 3;
1, 256, 0, 0, 0, 0, 5, 1000, 3;
1, 256, 1, 1, 1, 1, 6, 1001, 4;
1, 256, 0, -1, -1, -1, 4, 999, 2;
1, 256, 0, 0, 0, 0, 5, 1000, 3;
1, 256, 0, 0, 0, 0, 4, 999, 2;
1, 256, 1, 1, 1, 1, 6, 1001, 4;
1, 256, 0, 0, 0, 0, 5, 1000, 3;
1, 256, 0, 1, 1, 1, 5, 1000, 3;
1, 256, 0, 0, 0, 0, 4, 999, 2;
1, 256, 0, -1, -1, -1, 3, 998, 1;
1, 256, 0, 0, 0, 0, 4, 999, 2;
1, 256, 0, 0, 0, 0, 5, 999, 2;
1, 256, 0, 0, 0, 0, 4, 999, 2;
1, 256, 0, 0, 0, 0, 5, 1000, 3;
1, 256, 0, 0, 0, 0, 4, 999, 2;
1, 256, 0, 0, 0, 0, 5, 1000, 3;
1, 256, 0, 0, 0, 0, 5, 1000, 3;
1, 256, 0, 0, 0, 0, 5, 1000, 3;
1, 256, 0, 0, 0, 0, 5, 1000, 3;
1, 256, 0, 0, 0, 0, 4, 999, 2;
1, 256, 0, 1, 1, 1, 5, 1000, 3;
1, 256, 1, 1, 1, 1, 5, 1000, 3;
1, 256, 0, -1, -1, -1, 4, 999, 2;
1, 256, 0, -1, -1, -1, 4, 999, 2;
1, 256, 0, 0, 0, 0, 5, 1000, 3;
1, 256, 0, -1, -1, -1, 4, 999, 2;
1, 256, 1, 1, 1, 1, 6, 1001, 4;
1, 256, 0, 0, 0, 0, 5, 999, 3;
1, 256, 1, 1, 1, 1, 6, 1001, 4;
1, 256, 0, -1, -1, -1, 4, 998, 1;
1, 256, 0, -1, -1, -1, 4, 999, 2;
1, 256, 0, 0, 0, 0, 5, 1000, 3;
1, 256, 0, -1, -1, -1, 4, 999, 2;
1, 256, 0, 0, 0, 0, 5, 1000, 3;
1, 256, 0, 0, 0, 0, 5, 1000, 3;
1, 256, 0, 0, 0, 0, 5, 999, 2;
0, 256, 0, -1, -1, -1, 3, 998, 1;
1, 256, 0, 0, 0, 0, 5, 1000, 3;
1, 256, 0, 0, 0, 0, 4, 999, 2;
1, 256, 1, 1, 1, 1, 6, 1000, 4;
1, 256, 1, 1, 1, 1, 6, 1001, 4;
1, 256, 0, -1, -1, -1, 4, 999, 2;
1, 256, 0, 0, 0, 0, 4, 999, 2;
1, 256, 0, -1, -1, -1, 4, 999, 2;
1, 256, 0, 0, 0, 0, 5, 1000, 3;
1, 256, 0, 0, 0, 0, 5, 999, 2;
1, 256, 1, 1, 1, 1, 5, 1000, 3;
1, 256, 0, -1, -1, -1, 4, 999, 2;
1, 256, 0, -1, -1, -1, 4, 999, 2;
1, 256, 0, 0, 0, 0, 5, 1000, 3;
1, 256, 0, 0, 0, 0, 4, 999, 2;
1, 256, 0, 0, 0, 0, 5, 1000, 3;
1, 256, 0, 0, 0, 0, 4, 999, 2;
1, 256, 0, 0, 0, 0, 5, 1000, 3;
1, 256, 0, 0, 0, 0, 5, 1000, 3;
1, 256, 0, 0, 0, 0, 4, 999, 2;
1, 256, 0, 0, 0, 0, 5, 1000, 3;
1, 256, 0, 0, 0, 0, 5, 999, 3;
1, 256, 0, 0, 0, 0, 5, 1000, 3;
1, 256, 0, 0, 0, 0, 5, 1000, 3;
1, 256, 0, 0, 0, 0, 4, 999, 2;
1, 256, 0, -1, -1, -1, 4, 999, 2;
1, 256, 0, -1, -1, -1, 3, 998, 1;
1, 256, 0, 1, 1, 1, 5, 1000, 3;
1, 256, 1, 1, 1, 1, 5, 1000, 3;
1, 256, 0, -1, -1, -1, 4, 999, 2;
1, 256, 0, 0, 0, 0, 4, 999, 2;
1, 256, 0, 0, 0, 0, 5, 1000, 3;
1, 256, 1, 1, 1, 1, 6, 1001, 4;
1, 256, 1, 1, 1, 1, 6, 1000, 4;
1, 256, 0, 0, 0, 0, 5, 1000, 3;
1, 256, 0, 0, 0, 0, 4, 999, 2;
1, 256, 1, 1, 1, 1, 5, 1000, 3;
1, 256, 0, 1, 1, 1, 5, 1000, 3;
1, 256, 0, -1, -1, -1, 4, 998, 2;
1, 256, 0, 0, 0, 0, 4, 999, 2;
1, 256, 0, 0, 0, 0, 5, 1000, 3;
1, 256, 0, 0, 0, 0, 5, 1000, 3;
1, 256, 0, 0, 0, 0, 4, 999, 2;
1, 256, 0, -1, -1, -1, 4, 998, 2;
1, 256, 0, -1, -1, -1, 3, 998, 1;
1, 256, 0, 0, 0, 0, 4, 999, 2;
1, 256, 0, 0, 0, 0, 4, 999, 2;
1, 256, 0, -1, -1, -1, 4, 998, 1;
1, 256, 1, 1, 1, 1, 6, 1001, 4;
1, 256, 0, 0, 0, 0, 5, 1000, 3;
1, 256, 0, 0, 0, 0, 4, 999, 2;
1, 256, 0, 0, 0, 0, 5, 1000, 3;
1, 256, 0, 0, 0, 0, 5, 1000, 3;
1, 256, 0, 0, 0, 0, 5, 1000, 3;
1, 256, 0, -1, -1, -1, 4, 999, 2;
1, 256, 0, 1, 1, 1, 5, 1000, 3;
1, 256, 0, 0, 0, 0, 4, 999, 2;
1, 256, 0, 0, 0, 0, 5, 1000, 3;
1, 256, 0, 0, 0, 0, 4, 999, 2;
1, 256, 0, 0, 0, 0, 4, 999, 2;
1, 256, 0, 0, 0, 0, 4, 999, 2;
1, 256, 0, -1, -1, -1, 4, 999, 2;
1, 256, 0, 0, 0, 0, 5, 1000, 3;
1, 256, 1, 1, 1, 1, 6, 1001, 4;
1, 256, 0, 0, 0, 0, 5, 1000, 3;
1, 256, 0, -1, -1, -1, 4, 998, 1;
1, 256, 1, 1, 1, 1, 6, 1000, 4;
1, 256, 0, 0, 0, 0, 5, 1000, 3;
1, 256, 0, -1, -1, -1, 4, 999, 2;
1, 256, 0, 0, 0, 0, 4, 999, 2;
1, 256, 0, 0, 0, 0, 5, 1000, 3;
1, 256, 1, 1, 1, 1, 6, 1001, 4;
1, 256, 0, 0, 0, 0, 4, 999, 2;
1, 256, 0, -1, -1, -1, 4, 999, 2;
1, 256, 1, 1, 1, 1, 6, 1000, 3;
1, 256, 1, 1, 1, 1, 5, 1000, 3;
1, 256, 0, 1, 1, 1, 5, 1000, 3;
1, 256, 0, 0, 0, 0, 5, 1000, 3;
1, 256, 0, 0, 0, 0, 4, 999, 2;
1, 256, 0, -1, -1, -1, 4, 999, 2;
1, 256, 0, 0, 0, 0, 4, 999, 2;
1, 256, 0, 0, 0, 0, 4, 999, 2;
1, 256, 0, 0, 0, 0, 4, 999, 2;
1, 256, 1, 1, 1, 1, 6, 1000, 4;
1, 256, 0, 0, 0, 0, 5, 1000, 3;
1, 256, 0, 1, 1, 1, 5, 1000, 3;
1, 256, 0, 0, 0, 0, 4, 999, 2;
1, 256, 0, 0, 0, 0, 5, 1000, 3;
1, 256, 0, 1, 1, 1, 5, 1000, 3;
1, 256, 0, -1, -1, -1, 4, 999, 2;
1, 256, 0, -1, -1, -1, 4, 998, 1;
1, 256, 1, 1, 1, 1, 6, 1001, 4;
1, 256, 0, 0, 0, 0, 4, 999, 2;
1, 256, 0, 0, 0, 0, 5, 1000, 3;
1, 256, 0, 0, 0, 0, 4, 999, 2;
1, 256, 0, -1, -1, -1, 4, 998, 2;
1, 256, 0, -1, -1, -1, 4, 999, 2;
1, 256, 0, -1, -1, -1, 3, 998, 1;
1, 256, 0, 0, 0, 0, 4, 999, 2;
1, 256, 1, 1, 1, 1, 6, 1000, 4;
1, 256, 0, 0, 0, 0, 4, 999, 2;
1, 256, 0, -1, -1, -1, 4, 999, 2;
1, 256, 0, -1, -1, -1, 3, 998, 1;
1, 256, 0, 0, 0, 0, 5, 1000, 3;
1, 256, 0, 0, 0, 0, 5, 999, 2;
1, 256, 0, 1, 1, 1, 5, 1000, 3;
1, 256, 0, 0, 0, 0, 5, 1000, 3;
1, 256, 0, 0, 0, 0, 5, 1000, 3;
1, 256, 0, 0, 0, 0, 4, 999, 2;
1, 256, 0, 0, 0, 0, 4, 999, 2;
1, 256, 0, -1, -1, -1, 4, 998, 2;
1, 256, 1, 1, 1, 1, 5, 1000, 3;
1, 256, 0, 0, 0, 0, 4, 999, 2;
1, 256, 0, 0, 0, 0, 5, 1000, 3;
1, 256, 0, 0, 0, 0, 4, 999, 2;
1, 256, 0, -1, -1, -1, 4, 999, 2;
1, 256, 1, 1, 1, 1, 6, 1001, 4;
1, 256, 0, 0, 0, 0, 4, 999, 2;
1, 256, 0, 0, 0, 0, 4, 999, 2;
1, 256, 0, 0, 0, 0, 5, 1000, 3;
1, 256, 0, -1, -1, -1, 3, 998, 1;
1, 256, 0, 1, 1, 1, 5, 1000, 3;
1, 256, 0, -1, -1, -1, 4, 999, 2;
1, 256, 0, 0, 0, 0, 5, 1000, 3;
1, 256, 0, -1, -1, -1, 4, 999, 2;
1, 256, 0, 0, 0, 0, 5, 1000, 3;
1, 256, 0, 0, 0, 0, 5, 999, 3;
1, 256, 0, -1, -1, -1, 4, 999, 2;
1, 256, 0, -1, -1, -1, 4, 999, 2;
1, 256, 1, 1, 1, 1, 6, 1001, 4;
1, 256, 0, 0, 0, 0, 4, 999, 2;
1, 256, 0, 1, 1, 1, 5, 1000, 3;
1, 256, 1, 1, 1, 1, 6, 1001, 4;
1, 256, 0, -1, -1, -1, 4, 999, 2;
1, 256, 0, 0, 0, 0, 5, 1000, 3;
1, 256, 0, -1, -1, -1, 4, 999, 2;
1, 256, 0, -1, -1, -1, 3, 998, 1;
1, 256, 1, 1, 1, 1, 6, 1001, 4;
1, 256, 0, 0, 0, 0, 5, 1000, 3;
1, 256, 0, -1, -1, -1, 4, 999, 2;
1, 256, 0, 0, 0, 0, 5, 1000, 3;
1, 256, 0, -1, -1, -1, 4, 998, 1;
1, 256, 0, -1, -1, -1, 3, 998, 1;
1, 256, 0, -1, -1, -1, 4, 999, 2;
1, 256, 0, -1, -1, -1, 4, 999, 2;
1, 256, 0, 0, 0, 0, 5, 1000, 3;
1, 256, 0, -1, -1, -1, 4, 999, 2;
1, 256, 0, -1, -1, -1, 4, 999, 2;
1, 256, 0, 0, 0, 0, 5, 999, 2;
1, 256, 0, 0, 0, 0, 4, 999, 2;
1, 256, 0, 1, 1, 1, 5, 1000, 3;
1, 256, 0, 0, 0, 0, 5, 1000, 3;
1, 256, 0, 1, 1, 1, 5, 1000, 3;
1, 256, 0, -1, -1, -1, 3, 998, 1;
1, 256, 1, 1, 1, 1, 6, 1001, 4;
1, 256, 0, 1, 1, 1, 5, 1000, 3;
1, 256, 0, 0, 0, 0, 4, 999, 2;
1, 256, 0, 0, 0, 0, 5, 1000, 3;
1, 256, 0, 0, 0, 0, 4, 999, 2;
1, 256, 0, -1, -1, -1, 4, 999, 2;
1, 256, 0, -1, -1, -1, 4, 998, 2;
1, 256, 0, 0, 0, 0, 4, 999, 2;
1, 256, 0, 0, 0, 0, 5, 1000, 3;
1, 256, 1, 1, 1, 1, 6, 1000, 4;
1, 256, 0, 0, 0, 0, 5, 1000, 3;
1, 256, 0, 0, 0, 0, 5, 999, 3;
1, 256, 0, 0, 0, 0, 5, 1000, 3;
1, 256, 1, 1, 1, 1, 5, 1000, 3;
1, 256, 1, 1, 1, 1, 6, 1000, 4;
1, 256, 0, -1, -1, -1, 4, 999, 2;
1, 256, 0, 0, 0, 0, 5, 1000, 3;
1, 256, 0, 1, 1, 1, 5, 1000, 3;
1, 256, 1, 1, 1, 1, 5, 1000, 3;
1, 256, 0, 1, 1, 1, 5, 1000, 3;
1, 256, 0, 0, 0, 0, 4, 999, 2;
1, 256, 0, 0, 0, 0, 5, 1000, 3;
1, 256, 0, 0, 0, 0, 4, 999, 2;
1, 256, 0, -1, -1, -1, 3, 998, 1;
1, 256, 0, 0, 0, 0, 4, 999, 2;
1, 256, 0, 0, 0, 0, 4, 999, 2;
1, 256, 0, 0, 0, 0, 4, 999, 2;
1, 256, 1, 1, 1, 1, 6, 1001, 4;
1, 256, 1, 1, 1, 1, 6, 1001, 4;
1, 256, 0, -1, -1, -1, 4, 999, 2;
1, 256, 0, 0, 0, 0, 4, 999, 2;
1, 256, 0, -1, -1, -1, 3, 998, 1;
1, 256, 0, -1, -1, -1, 4, 999, 2;
1, 256, 0, 0, 0, 0, 5, 1000, 3;
1, 256, 0, -1, -1, -1, 4, 999, 2;
1, 256, 0, 0, 0, 0, 5, 999, 2;
1, 256, 0, -1, -1, -1, 4, 999, 2;
1, 256, 0, 1, 1, 1, 5, 1000, 3;
1, 256, 0, -1, -1, -1, 4, 999, 2;
1, 256, 1, 1, 1, 1, 6, 1000, 4;
1, 256, 1, 1, 1, 1, 6, 1001, 4;
1, 256, 0, 0, 0, 0, 5, 1000, 3;
1, 256, 0, -1, -1, -1, 4, 999, 2;
1, 256, 1, 1, 1, 1, 6, 1000, 4;
1, 256, 0, -1, -1, -1, 4, 999, 2;
1, 256, 0, 0, 0, 0, 4, 999, 2;
1, 256, 0, 1, 1, 1, 5, 1000, 3;
1, 256, 0, 0, 0, 0, 5, 1000, 3;
1, 256, 0, 0, 0, 0, 5, 1000, 3;
1, 256, 1, 1, 1, 1, 6, 1001, 4;
1, 256, 1, 1, 1, 1, 6, 1001, 4;
1, 256, 0, 0, 0, 0, 5, 1000, 3;
1, 256, 0, 0, 0, 0, 5, 1000, 3;
1, 256, 0, 0, 0, 0, 5, 1000, 3;
1, 256, 0, 0, 0, 0, 4, 999, 2;
1, 256, 0, 0, 0, 0, 5, 1000, 3;
1, 256, 0, -1, -1, -1, 3, 998, 1;
1, 256, 0, 1, 1, 1, 5, 1000, 3;
1, 256, 0, 0, 0, 0, 5, 1000, 3;
1, 256, 1, 1, 1, 1, 6, 1001, 4;
1, 256, 1, 1, 1, 1, 6, 1001, 4;
1, 256, 1, 1, 1, 1, 6, 1000, 4;
1, 256, 1, 1, 1, 1, 5, 1000, 3;
1, 256, 1, 1, 1, 1, 6, 1001, 4;
1, 256, 0, 0, 0, 0, 4, 999, 2;
1, 256, 0, 0, 0, 0, 5, 1000, 3;
1, 256, 0, 0, 0, 0, 5, 1000, 3;
1, 256, 0, -1, -1, -1, 4, 999, 2;
1, 256, 0, 0, 0, 0, 5, 1000, 3;
1, 256, 0, -1, -1, -1, 4, 999, 2;
1, 256, 0, 1, 1, 1, 5, 1000, 3;
1, 256, 0, 1, 1, 1, 5, 1000, 3;
1, 256, 0, 0, 0, 0, 5, 1000, 3;
1, 256, 0, -1, -1, -1, 4, 998, 2;
1, 256, 0, 0, 0, 0, 5, 1000, 3;
1, 256, 1, 1, 1, 1, 6, 1001, 4;
1, 256, 0, -1, -1, -1, 4, 998, 1;
1, 256, 0, 1, 1, 1, 5, 1000, 3;
1, 256, 0, -1, -1, -1, 4, 999, 2;
1, 256, 0, -1, -1, -1, 3, 998, 1;
1, 256, 0, 0, 0, 0, 5, 1000, 3;
1, 256, 1, 1, 1, 1, 6, 1000, 3;
1, 256, 0, -1, -1, -1, 4, 999, 2;
1, 256, 0, -1, -1, -1, 3, 998, 1;
1, 256, 0, 0, 0, 0, 4, 999, 2;
1, 256, 0, 0, 0, 0, 5, 999, 3;
1, 256, 0, 0, 0, 0, 5, 1000, 3;
1, 256, 0, 0, 0, 0, 4, 999, 2;
1, 256, 0, 0, 0, 0, 5, 1000, 3;
1, 256, 0, 0, 0, 0, 5, 1000, 3;
1, 256, 0, 0, 0, 0, 4, 999, 2;
1, 256, 0, -1, -1, -1, 4, 999, 2;
1, 256, 0, -1, -1, -1, 4, 998, 1;
1, 256, 0, -1, -1, -1, 4, 999, 2;
1, 256, 0, 0, 0, 0, 5, 1000, 3;
1, 256, 1, 1, 1, 1, 6, 1000, 3;
1, 256, 1, 1, 1, 1, 6, 1001, 4;
1, 256, 0, -1, -1, -1, 4, 999, 2;
1, 256, 0, 0, 0, 0, 5, 1000, 3;
1, 256, 1, 1, 1, 1, 6, 1001, 4;
1, 256, 0, 0, 0, 0, 5, 1000, 3;
1, 256, 0, -1, -1, -1, 4, 999, 2;
1, 256, 1, 1, 1, 1, 6, 1001, 4;
1, 256, 0, 0, 0, 0, 5, 1000, 3;
1, 256, 0, 0, 0, 0, 5, 1000, 3;
1, 256, 1, 1, 1, 1, 6, 1001, 4;
1, 256, 0, 0, 0, 0, 4, 999, 2;
1, 256, 0, 1, 1, 1, 5, 1000, 3;
1, 256, 0, 0, 0, 0, 5, 1000, 3;
1, 256, 0, 0, 0, 0, 4, 999, 2;
1, 256, 0, 0, 0, 0, 4, 999, 2;
1, 256, 0, -1, -1, -1, 4, 998, 2;
1, 256, 0, 0, 0, 0, 5, 1000, 3;
1, 256, 0, 0, 0, 0, 5, 1000, 3;
1, 256, 0, 0, 0, 0, 4, 999, 2;
1, 256, 0, 0, 0, 0, 5, 1000, 3;
1, 256, 1, 1, 1, 1, 5, 1000, 3;
1, 256, 0, 1, 1, 1, 5, 1000, 3;
1, 256, 0, -1, -1, -1, 3, 998, 1;
1, 256, 1, 1, 1, 1, 6, 1001, 4;
1, 256, 0, 1, 1, 1, 5, 1000, 3;
1, 256, 0, -1, -1, -1, 3, 998, 1;
1, 256, 1, 1, 1, 1, 6, 1001, 4;
1, 256, 0, -1, -1, -1, 3, 998, 1;
1, 256, 1, 1, 1, 1, 6, 1001, 4;
1, 256, 0, 1, 1, 1, 5, 1000, 3;
1, 256, 0, 0, 0, 0, 5, 1000, 3;
1, 256, 0, 0, 0, 0, 4, 999, 2;
1, 256, 0, 0, 0, 0, 5, 1000, 3;
1, 256, 0, 0, 0, 0, 4, 999, 2;
1, 256, 0, 0, 0, 0, 4, 999, 2;
1, 256, 0, 0, 0, 0, 5, 1000, 3;
1, 256, 1, 1, 1, 1, 6, 1000, 4;
1, 256, 0, 0, 0, 0, 5, 1000, 3;
1, 256, 0, 0, 0, 0, 5, 999, 2;
1, 256, 0, 0, 0, 0, 4, 999, 2;
1, 256, 0, 0, 0, 0, 5, 1000, 3;
1, 256, 1, 1, 1, 1, 6, 1001, 4;
1, 256, 0, -1, -1, -1, 4, 999, 2;
1, 256, 0, -1, -1, -1, 3, 998, 1;
1, 256, 0, 0, 0, 0, 5, 1000, 3;
1, 256, 0, 1, 1, 1, 5, 1000, 3;
1, 256, 0, 0, 0, 0, 5, 1000, 3;
1, 256, 0, -1, -1, -1, 3, 998, 1;
1, 256, 0, 0, 0, 0, 5, 1000, 3;
1, 256, 0, -1, -1, -1, 4, 999, 2;
1, 256, 0, 0, 0, 0, 5, 1000, 3;
1, 256, 0, -1, -1, -1, 4, 998, 2;
1, 256, 1, 1, 1, 1, 6, 1001, 4;
1, 256, 0, -1, -1, -1, 4, 999, 2;
0, 256, 0, -1, -1, -1, 3, 998, 1;
1, 256, 0, 0, 0, 0, 5, 1000, 3;
1, 256, 0, -1, -1, -1, 4, 998, 2;
1, 256, 0, 0, 0, 0, 4, 999, 2;
1, 256, 1, 1, 1, 1, 6, 1000, 4;
1, 256, 0, -1, -1, -1, 4, 999, 2;
1, 256, 0, 1, 1, 1, 5, 1000, 3;
1, 256, 0, -1, -1, -1, 4, 999, 2;
1, 256, 0, 0, 0, 0, 5, 999, 3;
1, 256, 0, -1, -1, -1, 3, 998, 1;
1, 256, 1, 1, 1, 1, 5, 1000, 3;
1, 256, 0, 0, 0, 0, 4, 999, 2;
1, 256, 0, 0, 0, 0, 4, 999, 2;
1, 256, 0, -1, -1, -1, 4, 999, 2;
1, 256, 1, 1, 1, 1, 6, 1001, 4;
1, 256, 1, 1, 1, 1, 6, 1001, 4;
1, 256, 0, 0, 0, 0, 5, 1000, 3;
1, 256, 1, 1, 1, 1, 6, 1000, 4;
1, 256, 0, 0, 0, 0, 5, 1000, 3;
1, 256, 0, 0, 0, 0, 5, 1000, 3;
1, 256, 0, 0, 0, 0, 5, 1000, 3;
1, 256, 1, 1, 1, 1, 6, 1000, 4;
1, 256, 1, 1, 1, 1, 6, 1001, 4;
1, 256, 0, -1, -1, -1, 4, 999, 2;
1, 256, 0, 0, 0, 0, 5, 1000, 3;
1, 256, 0, -1, -1, -1, 4, 998, 2;
1, 256, 0, 0, 0, 0, 5, 999, 2;
1, 256, 0, 0, 0, 0, 4, 999, 2;
1, 256, 0, 0, 0, 0, 5, 1000, 3;
1, 256, 1, 1, 1, 1, 6, 1001, 4;
1, 256, 0, 0, 0, 0, 4, 999, 2;
1, 256, 1, 1, 1, 1, 6, 1001, 4;
1, 256, 0, 0, 0, 0, 5, 1000, 3;
1, 256, 0, 0, 0, 0, 5, 1000, 3;
1, 256, 0, 0, 0, 0, 5, 1000, 3;
1, 256, 0, 0, 0, 0, 4, 999, 2;
1, 256, 0, -1, -1, -1, 4, 999, 2;
1, 256, 1, 1, 1, 1, 6, 1000, 3;
1, 256, 0, 0, 0, 0, 5, 1000, 3;
1, 256, 0, -1, -1, -1, 4, 999, 2;
1, 256, 0, 0, 0, 0, 5, 1000, 3;
1, 256, 0, 0, 0, 0, 5, 1000, 3;
1, 256, 0, -1, -1, -1, 4, 998, 2;
1, 256, 0, 0, 0, 0, 5, 999, 2;
1, 256, 0, -1, -1, -1, 4, 999, 2;
1, 256, 0, 0, 0, 0, 5, 999, 3;
1, 256, 0, 1, 1, 1, 5, 1000, 3;
1, 256, 1, 1, 1, 1, 6, 1001, 4;
1, 256, 0, 0, 0, 0, 5, 1000, 3;
1, 256, 0, 0, 0, 0, 5, 1000, 3;
1, 256, 0, 1, 1, 1, 5, 1000, 3;
1, 256, 0, -1, -1, -1, 4, 999, 2;
1, 256, 0, 1, 1, 1, 5, 1000, 3;
1, 256, 0, 0, 0, 0, 4, 999, 2;
1, 256, 0, -1, -1, -1, 4, 999, 2;
1, 256, 0, 0, 0, 0, 5, 1000, 3;
1, 256, 0, 0, 0, 0, 4, 999, 2;
1, 256, 0, 0, 0, 0, 5, 1000, 3;
1, 256, 0, 0, 0, 0, 4, 999, 2;
1, 256, 0, 0, 0, 0, 5, 1000, 3;
1, 256, 0, 0, 0, 0, 4, 999, 2;
1, 256, 1, 1, 1, 1, 6, 1001, 4;
1, 256, 0, 0, 0, 0, 5, 1000, 3;
1, 256, 0, 0, 0, 0, 5, 1000, 3;
1, 256, 0, 0, 0, 0, 4, 999, 2;
1, 256, 0, 0, 0, 0, 4, 999, 2;
1, 256, 0, 0, 0, 0, 4, 999, 2;
1, 256, 0, -1, -1, -1, 4, 998, 2;
1, 256, 0, 0, 0, 0, 5, 1000, 3;
1, 256, 0, 0, 0, 0, 4, 999, 2;
1, 256, 1, 1, 1, 1, 6, 1001, 4;
1, 256, 1, 1, 1, 1, 6, 1001, 4;
1, 256, 0, 0, 0, 0, 5, 1000, 3;
1, 256, 1, 1, 1, 1, 6, 1001, 4;
1, 256, 0, 0, 0, 0, 5, 1000, 3;
1, 256, 0, 0, 0, 0, 4, 999, 2;
1, 256, 0, 0, 0, 0, 4, 999, 2;
1, 256, 0, -1, -1, -1, 4, 999, 2;
1, 256, 1, 1, 1, 1, 6, 1001, 4;
1, 256, 0, 0, 0, 0, 4, 999, 2;
1, 256, 0, 0, 0, 0, 5, 1000, 3;
1, 256, 1, 1, 1, 1, 6, 1001, 4;
1, 256, 0, -1, -1, -1, 4, 999, 2;
1, 256, 0, -1, -1, -1, 4, 999, 2;
1, 256, 0, 0, 0, 0, 5, 999, 3;
1, 256, 0, 0, 0, 0, 4, 999, 2;
1, 256, 0, -1, -1, -1, 4, 998, 1;
1, 256, 0, -1, -1, -1, 4, 999, 2;
1, 256, 0, -1, -1, -1, 4, 999, 2;
1, 256, 1, 1, 1, 1, 6, 1001, 4;
1, 256, 0, 0, 0, 0, 4, 999, 2;
1, 256, 0, 0, 0, 0, 5, 1000, 3;
1, 256, 0, 1, 1, 1, 5, 1000, 3;
1, 256, 0, 0, 0, 0, 4, 999, 2;
1, 256, 0, -1, -1, -1, 4, 999, 2;
0, 256, 0, -1, -1, -1, 3, 998, 1;
1, 256, 0, 0, 0, 0, 4, 999, 2;
1, 256, 0, 0, 0, 0, 4, 999, 2;
1, 256, 0, 0, 0, 0, 5, 1000, 3;
1, 256, 0, 0, 0, 0, 4, 999, 2;
1, 256, 1, 1, 1, 1, 6, 1001, 4;
1, 256, 0, 0, 0, 0, 4, 999, 2;
1, 256, 1, 1, 1, 1, 6, 1000, 4;
1, 256, 0, 0, 0, 0, 4, 999, 2;
1, 256, 0, -1, -1, -1, 4, 999, 2;
1, 256, 1, 1, 1, 1, 5, 1000, 3;
1, 256, 1, 1, 1, 1, 6, 1001, 4;
1, 256, 0, 0, 0, 0, 5, 999, 2;
1, 256, 0, 0, 0, 0, 4, 999, 2;
1, 256, 0, 0, 0, 0, 4, 999, 2;
1, 256, 0, 0, 0, 0, 4, 999, 2;
1, 256, 0, 0, 0, 0, 4, 999, 2;
1, 256, 0, -1, -1, -1, 3, 998, 1;
1, 256, 0, 0, 0, 0, 4, 999, 2;
1, 256, 0, -1, -1, -1, 4, 998, 2;
1, 256, 0, 0, 0, 0, 5, 1000, 3;
1, 256, 0, 0, 0, 0, 4, 999, 2;
1, 256, 0, 0, 0, 0, 5, 1000, 3;
1, 256, 0, 0, 0, 0, 4, 999, 2;
1, 256, 0, 0, 0, 0, 4, 999, 2;
1, 256, 1, 1, 1, 1, 6, 1001, 4;
1, 256, 1, 1, 1, 1, 6, 1001, 4;
1, 256, 0, 0, 0, 0, 4, 999, 2;
1, 256, 0, 0, 0, 0, 4, 999, 2;
1, 256, 0, 0, 0, 0, 5, 1000, 3;
1, 256, 0, 0, 0, 0, 5, 1000, 3;
1, 256, 1, 1, 1, 1, 6, 1000, 3;
1, 256, 0, 0, 0, 0, 4, 999, 2;
1, 256, 1, 1, 1, 1, 6, 1001, 4;
1, 256, 0, -1, -1, -1, 3, 998, 1;
1, 256, 0, 0, 0, 0, 5, 1000, 3;
1, 256, 0, -1, -1, -1, 4, 999, 2;
0, 256, 0, -1, -1, -1, 3, 998, 1;
1, 256, 0, -1, -1, -1, 4, 999, 2;
1, 256, 0, 0, 0, 0, 5, 1000, 3;
1, 256, 0, 0, 0, 0, 4, 999, 2;
1, 256, 0, -1, -1, -1, 4, 998, 2;
1, 256, 0, -1, -1, -1, 4, 999, 2;
1, 256, 0, 0, 0, 0, 5, 1000, 3;
1, 256, 0, -1, -1, -1, 4, 998, 2;
1, 256, 0, 0, 0, 0, 5, 1000, 3;
1, 256, 0, -1, -1, -1, 4, 999, 2;
1, 256, 0, 0, 0, 0, 4, 999, 2;
1, 256, 0, 1, 1, 1, 5, 1000, 3;
1, 256, 0, 1, 1, 1, 5, 1000, 3;
1, 256, 0, 0, 0, 0, 5, 999, 2;
1, 256, 1, 1, 1, 1, 6, 1001, 4;
1, 256, 0, 0, 0, 0, 5, 1000, 3;
1, 256, 0, 0, 0, 0, 5, 1000, 3;
1, 256, 0, 0, 0, 0, 4, 999, 2;
1, 256, 0, 0, 0, 0, 5, 1000, 3;
1, 256, 0, 0, 0, 0, 5, 999, 3;
1, 256, 0, 0, 0, 0, 4, 999, 2;
1, 256, 0, 1, 1, 1, 5, 1000, 3;
1, 256, 1, 1, 1, 1, 6, 1001, 4;
1, 256, 0, 0, 0, 0, 5, 999, 3;
1, 256, 0, -1, -1, -1, 4, 999, 2;
1, 256, 0, -1, -1, -1, 4, 999, 2;
1, 256, 0, 0, 0, 0, 4, 999, 2;
1, 256, 0, 0, 0, 0, 5, 1000, 3;
1, 256, 0, 1, 1, 1, 5, 1000, 3;
1, 256, 0, 1, 1, 1, 5, 1000, 3;
1, 256, 0, 0, 0, 0, 5, 1000, 3;
1, 256, 0, 0, 0, 0, 4, 999, 2;
1, 256, 0, 0, 0, 0, 4, 999, 2;
1, 256, 0, -1, -1, -1, 4, 999, 2;
1, 256, 0, 0, 0, 0, 4, 999, 2;
1, 256, 0, -1, -1, -1, 3, 998, 1;
1, 256, 0, 0, 0, 0, 4, 999, 2;
1, 256, 0, -1, -1, -1, 4, 999, 2;
1, 256, 1, 1, 1, 1, 6, 1000, 4;
1, 256, 0, 0, 0, 0, 4, 999, 2;
1, 256, 0, -1, -1, -1, 4, 999, 2;
1, 256, 0, -1, -1, -1, 4, 999, 2;
1, 256, 0, 0, 0, 0, 4, 999, 2;
1, 256, 0, -1, -1, -1, 4, 998, 2;
1, 256, 0, 0, 0, 0, 5, 1000, 3;
1, 256, 0, 1, 1, 1, 5, 1000, 3;
1, 256, 0, -1, -1, -1, 4, 999, 2;
1, 256, 0, 0, 0, 0, 5, 1000, 3;
1, 256, 0, 0, 0, 0, 4, 999, 2;
1, 256, 0, 0, 0, 0, 5, 1000, 3;
1, 256, 1, 1, 1, 1, 5, 1000, 3;
1, 256, 1, 1, 1, 1, 6, 1000, 3;
1, 256, 0, -1, -1, -1, 4, 999, 2;
1, 256, 0, -1, -1, -1, 4, 998, 1;
1, 256, 0, 0, 0, 0, 5, 999, 3;
1, 256, 0, 0, 0, 0, 4, 999, 2;
1, 256, 0, 0, 0, 0, 4, 999, 2;
1, 256, 0, 0, 0, 0, 4, 999, 2;
1, 256, 0, -1, -1, -1, 4, 999, 2;
1, 256, 1, 1, 1, 1, 6, 1001, 4;
1, 256, 0, 0, 0, 0, 4, 999, 2;
1, 256, 0, 0, 0, 0, 4, 999, 2;
1, 256, 0, 0, 0, 0, 4, 999, 2;
1, 256, 0, 0, 0, 0, 5, 1000, 3;
1, 256, 1, 1, 1, 1, 6, 1000, 4;
1, 256, 1, 1, 1, 1, 6, 1001, 4;
1, 256, 0, 0, 0, 0, 5, 1000, 3;
1, 256, 1, 1, 1, 1, 6, 1000, 4;
1, 256, 0, 1, 1, 1, 5, 1000, 3;
1, 256, 0, 0, 0, 0, 5, 1000, 3;
1, 256, 0, 0, 0, 0, 5, 1000, 3;
1, 256, 0, 0, 0, 0, 5, 1000, 3;
1, 256, 0, 0, 0, 0, 4, 999, 2;
1, 256, 0, 0, 0, 0, 5, 1000, 3;
1, 256, 0, 0, 0, 0, 4, 999, 2;
1, 256, 0, -1, -1, -1, 3, 998, 1;
1, 256, 0, 0, 0, 0, 4, 999, 2;
1, 256, 0, 1, 1, 1, 5, 1000, 3;
1, 256, 0, 0, 0, 0, 5, 1000, 3;
1, 256, 0, 0, 0, 0, 4, 999, 2;
1, 256, 0, 1, 1, 1, 5, 1000, 3;
1, 256, 0, 1, 1, 1, 5, 1000, 3;
1, 256, 0, -1, -1, -1, 4, 999, 2;
1, 256, 0, -1, -1, -1, 4, 998, 2;
1, 256, 0, -1, -1, -1, 4, 999, 2;
1, 256, 1, 1, 1, 1, 6, 1000, 4;
1, 256, 0, -1, -1, -1, 4, 999, 2;
1, 256, 0, 0, 0, 0, 5, 1000, 3;
1, 256, 0, 0, 0, 0, 5, 1000, 3;
1, 256, 0, 0, 0, 0, 5, 1000, 3;
1, 256, 0, -1, -1, -1, 4, 999, 2;
1, 256, 0, -1, -1, -1, 4, 999, 2;
1, 256, 0, 0, 0, 0, 5, 1000, 3;
1, 256, 0, -1, -1, -1, 4, 999, 2;
1, 256, 0, -1, -1, -1, 3, 998, 1;
1, 256, 1, 1, 1, 1, 6, 1001, 4;
1, 256, 1, 1, 1, 1, 6, 1000, 3;
1, 256, 0, 0, 0, 0, 5, 1000, 3;
1, 256, 0, 0, 0, 0, 4, 999, 2;
1, 256, 0, 0, 0, 0, 5, 1000, 3;
1, 256, 0, 0, 0, 0, 5, 999, 3;
1, 256, 1, 1, 1, 1, 6, 1001, 4;
1, 256, 0, 0, 0, 0, 5, 1000, 3;
1, 256, 0, 0, 0, 0, 4, 999, 2;
1, 256, 0, 0, 0, 0, 5, 1000, 3;
1, 256, 0, 0, 0, 0, 5, 1000, 3;
1, 256, 0, 0, 0, 0, 5, 1000, 3;
1, 256, 0, -1, -1, -1, 4, 999, 2;
1, 256, 0, 1, 1, 1, 5, 1000, 3;
1, 256, 0, -1, -1, -1, 4, 999, 2;
1, 256, 0, 0, 0, 0, 5, 1000, 3;
1, 256, 0, -1, -1, -1, 3, 998, 1;
1, 256, 0, 0, 0, 0, 5, 1000, 3;
1, 256, 0, -1, -1, -1, 4, 998, 1;
1, 256, 1, 1, 1, 1, 6, 1001, 4;
1, 256, 0, -1, -1, -1, 3, 998, 1;
1, 256, 0, 0, 0, 0, 4, 999, 2;
1, 256, 0, 1, 1, 1, 5, 1000, 3;
1, 256, 0, 0, 0, 0, 5, 1000, 3;
1, 256, 0, 0, 0, 0, 4, 999, 2;
1, 256, 0, -1, -1, -1, 4, 999, 2;
1, 256, 0, 0, 0, 0, 5, 1000, 3;
1, 256, 0, 0, 0, 0, 4, 999, 2;
1, 256, 0, 0, 0, 0, 4, 999, 2;
1, 256, 0, 0, 0, 0, 5, 1000, 3;
1, 256, 1, 1, 1, 1, 6, 1000, 4;
1, 256, 0, 0, 0, 0, 4, 999, 2;
1, 256, 0, -1, -1, -1, 4, 999, 2;
1, 256, 0, 1, 1, 1, 5, 1000, 3;
1, 256, 0, 0, 0, 0, 5, 1000, 3;
1, 256, 0, -1, -1, -1, 4, 999, 2;
0, 256, 0, -1, -1, -1, 3, 998, 1;
1, 256, 0, 1, 1, 1, 5, 1000, 3;
1, 256, 0, 0, 0, 0, 5, 1000, 3;
1, 256, 0, 0, 0, 0, 4, 999, 2;
1, 256, 0, 0, 0, 0, 5, 1000, 3;
1, 256, 0, 0, 0, 0, 5, 999, 3;
1, 256, 0, 0, 0, 0, 4, 999, 2;
1, 256, 0, 1, 1, 1, 5, 1000, 3;
1, 256, 0, 0, 0, 0, 5, 1000, 3;
1, 256, 1, 1, 1, 1, 6, 1000, 4;
1, 256, 0, 0, 0, 0, 4, 999, 2;
1, 256, 0, -1, -1, -1, 4, 999, 2;
1, 256, 1, 1, 1, 1, 6, 1001, 4;
1, 256, 1, 1, 1, 1, 6, 1001, 4;
1, 256, 0, -1, -1, -1, 4, 999, 2;
1, 256, 0, 0, 0, 0, 5, 1000, 3;
1, 256, 0, 0, 0, 0, 5, 1000, 3;
1, 256, 0, 0, 0, 0, 4, 999, 2;
1, 256, 1, 1, 1, 1, 6, 1001, 4;
1, 256, 0, 0, 0, 0, 5, 999, 2;
1, 256, 0, 0, 0, 0, 5, 1000, 3;
1, 256, 0, -1, -1, -1, 4, 999, 2;
1, 256, 0, 0, 0, 0, 5, 1000, 3;
1, 256, 0, 0, 0, 0, 5, 1000, 3;
1, 256, 1, 1, 1, 1, 5, 1000, 3;
1, 256, 0, 1, 1, 1, 5, 1000, 3;
1, 256, 0, 0, 0, 0, 4, 999, 2;
1, 256, 0, 0, 0, 0, 5, 1000, 3;
1, 256, 1, 1, 1, 1, 6, 1000, 3;
1, 256, 0, 0, 0, 0, 4, 999, 2;
1, 256, 0, 0, 0, 0, 5, 1000, 3;
1, 256, 0, 0, 0, 0, 5, 1000, 3;
1, 256, 1, 1, 1, 1, 6, 1000, 3;
1, 256, 0, -1, -1, -1, 4, 999, 2;
1, 256, 0, 0, 0, 0, 5, 1000, 3;
1, 256, 0, -1, -1, -1, 4, 999, 2;
1, 256, 0, 1, 1, 1, 5, 1000, 3;
1, 256, 0, 1, 1, 1, 5, 1000, 3;
1, 256, 0, 0, 0, 0, 5, 1000, 3;
1, 256, 0, 0, 0, 0, 4, 999, 2;
1, 256, 0, 0, 0, 0, 5, 1000, 3;
1, 256, 0, -1, -1, -1, 4, 999, 2;
1, 256, 0, -1, -1, -1, 4, 999, 2;
1, 256, 0, -1, -1, -1, 4, 999, 2;
1, 256, 0, 0, 0, 0, 4, 999, 2;
1, 256, 0, -1, -1, -1, 3, 998, 1;
1, 256, 0, -1, -1, -1, 4, 999, 2;
1, 256, 0, 0, 0, 0, 4, 999, 2;
1, 256, 0, 0, 0, 0, 5, 1000, 3;
1, 256, 0, 0, 0, 0, 5, 1000, 3;
1, 256, 0, 1, 1, 1, 5, 1000, 3;
1, 256, 0, 0, 0, 0, 4, 999, 2;
1, 256, 0, 0, 0, 0, 4, 999, 2;
1, 256, 0, 0, 0, 0, 5, 1000, 3;
1, 256, 0, 0, 0, 0, 5, 1000, 3;
1, 256, 0, -1, -1, -1, 4, 998, 2;
1, 256, 0, 1, 1, 1, 5, 1000, 3;
1, 256, 0, 0, 0, 0, 5, 1000, 3;
1, 256, 0, -1, -1, -1, 4, 999, 2;
1, 256, 0, -1, -1, -1, 4, 999, 2;
1, 256, 0, 0, 0, 0, 5, 999, 2;
1, 256, 0, 0, 0, 0, 5, 999, 2;
1, 256, 1, 1, 1, 1, 5, 1000, 3;
1, 256, 0, 0, 0, 0, 5, 1000, 3;
1, 256, 0, 1, 1, 1, 5, 1000, 3;
1, 256, 0, 0, 0, 0, 5, 1000, 3;
1, 256, 0, 0, 0, 0, 5, 1000, 3;
1, 256, 0, -1, -1, -1, 4, 999, 2;
1, 256, 0, 0, 0, 0, 5, 999, 2;
1, 256, 0, 0, 0, 0, 5, 999, 3;
1, 256, 0, -1, -1, -1, 4, 999, 2;
1, 256, 0, 0, 0, 0, 4, 999, 2;
1, 256, 0, 1, 1, 1, 5, 1000, 3;
1, 256, 0, 0, 0, 0, 4, 999, 2;
1, 256, 0, -1, -1, -1, 4, 999, 2;
1, 256, 0, -1, -1, -1, 4, 998, 2;
1, 256, 0, 0, 0, 0, 4, 999, 2;
1, 256, 0, 0, 0, 0, 4, 999, 2;
1, 256, 0, -1, -1, -1, 4, 998, 1;
1, 256, 1, 1, 1, 1, 6, 1000, 4;
1, 256, 0, 0, 0, 0, 4, 999, 2;
1, 256, 0, 1, 1, 1, 5, 1000, 3;
1, 256, 0, -1, -1, -1, 4, 998, 1;
1, 256, 0, 0, 0, 0, 5, 1000, 3;
1, 256, 0, 0, 0, 0, 5, 999, 2;
1, 256, 0, 0, 0, 0, 4, 999, 2;
1, 256, 1, 1, 1, 1, 6, 1000, 4;
1, 256, 0, -1, -1, -1, 4, 999, 2;
1, 256, 0, -1, -1, -1, 4, 999, 2;
1, 256, 0, 0, 0, 0, 5, 1000, 3;
1, 256, 0, 0, 0, 0, 5, 1000, 3;
1, 256, 0, -1, -1, -1, 4, 998, 2;
1, 256, 0, 0, 0, 0, 5, 1000, 3;
1, 256, 0, 0, 0, 0, 4, 999, 2;
1, 256, 0, 0, 0, 0, 5, 1000, 3;
1, 256, 0, 0, 0, 0, 4, 999, 2;
1, 256, 0, 0, 0, 0, 4, 999, 2;
1, 256, 0, 0, 0, 0, 4, 999, 2;
1, 256, 0, 1, 1, 1, 5, 1000, 3;
1, 256, 0, 1, 1, 1, 5, 1000, 3;
1, 256, 0, -1, -1, -1, 4, 999, 2;
1, 256, 0, 1, 1, 1, 5, 1000, 3;
1, 256, 0, 1, 1, 1, 5, 1000, 3;
1, 256, 0, 0, 0, 0, 4, 999, 2;
1, 256, 1, 1, 1, 1, 6, 1000, 3;
1, 256, 1, 1, 1, 1, 6, 1001, 4;
1, 256, 0, 0, 0, 0, 5, 1000, 3;
1, 256, 0, 0, 0, 0, 5, 1000, 3;
1, 256, 0, 0, 0, 0, 5, 1000, 3;
1, 256, 0, 0, 0, 0, 5, 1000, 3;
0, 256, 0, -1, -1, -1, 3, 998, 1;
1, 256, 0, 0, 0, 0, 4, 999, 2;
1, 256, 0, 0, 0, 0, 5, 1000, 3;
1, 256, 0, 0, 0, 0, 4, 999, 2;
1, 256, 0, 0, 0, 0, 4, 999, 2;
1, 256, 0, 0, 0, 0, 4, 999, 2;
1, 256, 0, 0, 0, 0, 4, 999, 2;
1, 256, 0, -1, -1, -1, 4, 999, 2;
1, 256, 0, -1, -1, -1, 3, 998, 1;
1, 256, 1, 1, 1, 1, 5, 1000, 3;
1, 256, 0, -1, -1, -1, 4, 998, 1;
1, 256, 0, 0, 0, 0, 5, 1000, 3;
1, 256, 0, 0, 0, 0, 4, 999, 2;
1, 256, 0, 0, 0, 0, 5, 1000, 3;
1, 256, 0, 0, 0, 0, 5, 1000, 3;
1, 256, 0, 0, 0, 0, 4, 999, 2;
1, 256, 0, -1, -1, -1, 4, 998, 2;
1, 256, 1, 1, 1, 1, 6, 1001, 4;
1, 256, 0, 0, 0, 0, 4, 999, 2;
1, 256, 1, 1, 1, 1, 6, 1001, 4;
1, 256, 0, 0, 0, 0, 4, 999, 2;
1, 256, 0, 0, 0, 0, 5, 1000, 3;
1, 256, 0, 0, 0, 0, 4, 999, 2;
1, 256, 0, -1, -1, -1, 4, 998, 1;
1, 256, 0, 0, 0, 0, 5, 1000, 3;
1, 256, 0, 0, 0, 0, 5, 1000, 3;
1, 256, 0, -1, -1, -1, 4, 998, 1;
1, 256, 0, 0, 0, 0, 5, 1000, 3;
1, 256, 1, 1, 1, 1, 6, 1000, 4;
1, 256, 0, -1, -1, -1, 4, 999, 2;
1, 256, 0, -1, -1, -1, 3, 998, 1;
1, 256, 0, 0, 0, 0, 4, 999, 2;
1, 256, 0, 0, 0, 0, 5, 999, 3;
1, 256, 0, 1, 1, 1, 5, 1000, 3;
1, 256, 0, 0, 0, 0, 4, 999, 2;
1, 256, 0, 0, 0, 0, 5, 1000, 3;
1, 256, 1, 1, 1, 1, 6, 1001, 4;
1, 256, 0, 0, 0, 0, 5, 999, 3;
1, 256, 1, 1, 1, 1, 6, 1001, 4;
1, 256, 0, 0, 0, 0, 5, 1000, 3;
1, 256, 0, -1, -1, -1, 3, 998, 1;
1, 256, 0, -1, -1, -1, 4, 999, 2;
1, 256, 0, -1, -1, -1, 4, 998, 2;
1, 256, 0, -1, -1, -1, 3, 998, 1;
1, 256, 0, -1, -1, -1, 4, 999, 2;
1, 256, 1, 1, 1, 1, 6, 1001, 4;
1, 256, 0, -1, -1, -1, 4, 998, 1;
1, 256, 0, 0, 0, 0, 5, 1000, 3;
1, 256, 0, -1, -1, -1, 4, 999, 2;
1, 256, 0, 0, 0, 0, 5, 1000, 3;
1, 256, 0, 0, 0, 0, 4, 999, 2;
1, 256, 0, 0, 0, 0, 5, 1000, 3;
1, 256, 0, 0, 0, 0, 5, 1000, 3;
1, 256, 0, -1, -1, -1, 4, 999, 2;
1, 256, 0, -1, -1, -1, 4, 999, 2;
1, 256, 0, 0, 0, 0, 5, 999, 3;
1, 256, 0, 0, 0, 0, 5, 1000, 3;
1, 256, 0, 0, 0, 0, 4, 999, 2;
1, 256, 0, 0, 0, 0, 4, 999, 2;
1, 256, 0, 0, 0, 0, 4, 999, 2;
1, 256, 0, 1, 1, 1, 5, 1000, 3;
1, 256, 0, 0, 0, 0, 5, 1000, 3;
1, 256, 0, 0, 0, 0, 5, 999, 2;
1, 256, 0, 0, 0, 0, 5, 1000, 3;
1, 256, 0, 1, 1, 1, 5, 1000, 3;
1, 256, 0, 0, 0, 0, 4, 999, 2;
1, 256, 1, 1, 1, 1, 6, 1001, 4;
1, 256, 0, 0, 0, 0, 5, 1000, 3;
1, 256, 0, 1, 1, 1, 5, 1000, 3;
1, 256, 0, 0, 0, 0, 4, 999, 2;
1, 256, 1, 1, 1, 1, 6, 1001, 4;
1, 256, 0, -1, -1, -1, 4, 998, 2;
1, 256, 0, 0, 0, 0, 5, 999, 2;
1, 256, 0, 0, 0, 0, 5, 1000, 3;
1, 256, 0, 0, 0, 0, 4, 999, 2;
1, 256, 0, 0, 0, 0, 5, 999, 2;
1, 256, 0, -1, -1, -1, 4, 999, 2;
1, 256, 0, 0, 0, 0, 5, 1000, 3;
1, 256, 1, 1, 1, 1, 6, 1001, 4;
1, 256, 0, -1, -1, -1, 4, 998, 2;
1, 256, 0, -1, -1, -1, 4, 998, 2;
1, 256, 0, 1, 1, 1, 5, 1000, 3;
1, 256, 0, 0, 0, 0, 5, 1000, 3;
1, 256, 0, 0, 0, 0, 5, 1000, 3;
1, 256, 0, 0, 0, 0, 5, 1000, 3;
1, 256, 0, -1, -1, -1, 3, 998, 1;
1, 256, 0, 0, 0, 0, 4, 999, 2;
1, 256, 1, 1, 1, 1, 6, 1001, 4;
1, 256, 0, 0, 0, 0, 5, 1000, 3;
1, 256, 0, -1, -1, -1, 3, 998, 1;
1, 256, 0, -1, -1, -1, 3, 998, 1;
1, 256, 1, 1, 1, 1, 6, 1000, 3;
1, 256, 0, 0, 0, 0, 5, 999, 3;
1, 256, 0, 0, 0, 0, 4, 999, 2;
1, 256, 1, 1, 1, 1, 6, 1001, 4;
1, 256, 0, 0, 0, 0, 5, 999, 3;
1, 256, 0, 0, 0, 0, 4, 999, 2;
1, 256, 0, 0, 0, 0, 5, 1000, 3;
1, 256, 0, -1, -1, -1, 4, 999, 2;
1, 256, 0, 0, 0, 0, 5, 1000, 3;
1, 256, 0, 0, 0, 0, 5, 1000, 3;
1, 256, 0, 0, 0, 0, 5, 999, 2;
1, 256, 0, 0, 0, 0, 4, 999, 2;
1, 256, 0, 0, 0, 0, 5, 1000, 3;
1, 256, 0, 0, 0, 0, 5, 1000, 3;
1, 256, 0, -1, -1, -1, 4, 999, 2;
1, 256, 0, 0, 0, 0, 4, 999, 2;
1, 256, 0, 1, 1, 1, 5, 1000, 3;
1, 256, 0, 0, 0, 0, 4, 999, 2;
1, 256, 0, 0, 0, 0, 4, 999, 2;
1, 256, 0, -1, -1, -1, 4, 999, 2;
1, 256, 0, -1, -1, -1, 4, 999, 2;
1, 256, 0, 0, 0, 0, 4, 999, 2;
1, 256, 0, 0, 0, 0, 4, 999, 2;
1, 256, 0, 1, 1, 1, 5, 1000, 3;
1, 256, 0, 1, 1, 1, 5, 1000, 3;
1, 256, 0, 0, 0, 0, 5, 1000, 3;
1, 256, 0, -1, -1, -1, 4, 999, 2;
1, 256, 0, 1, 1, 1, 5, 1000, 3;
1, 256, 0, 1, 1, 1, 5, 1000, 3;
1, 256, 0, 0, 0, 0, 4, 999, 2;
1, 256, 0, 0, 0, 0, 4, 999, 2;
1, 256, 0, -1, -1, -1, 3, 998, 1;
1, 256, 0, 0, 0, 0, 5, 999, 2;
1, 256, 0, 0, 0, 0, 5, 1000, 3;
1, 256, 0, 0, 0, 0, 4, 999, 2;
1, 256, 0, -1, -1, -1, 4, 999, 2;
1, 256, 0, 0, 0, 0, 5, 1000, 3;
1, 256, 1, 1, 1, 1, 6, 1001, 4;
1, 256, 0, 0, 0, 0, 4, 999, 2;
1, 256, 0, -1, -1, -1, 3, 998, 1;
1, 256, 1, 1, 1, 1, 6, 1001, 4;
1, 256, 0, -1, -1, -1, 4, 999, 2;
1, 256, 0, 0, 0, 0, 5, 1000, 3;
1, 256, 0, -1, -1, -1, 4, 998, 2;
1, 256, 0, 0, 0, 0, 5, 1000, 3;
1, 256, 0, -1, -1, -1, 3, 998, 1;
1, 256, 0, 0, 0, 0, 5, 999, 3;
1, 256, 0, 0, 0, 0, 4, 999, 2;
1, 256, 0, 0, 0, 0, 4, 999, 2;
1, 256, 0, -1, -1, -1, 4, 999, 2;
1, 256, 0, 0, 0, 0, 4, 999, 2;
1, 256, 0, -1, -1, -1, 4, 999, 2;
1, 256, 0, -1, -1, -1, 4, 999, 2;
1, 256, 1, 1, 1, 1, 6, 1001, 4;
1, 256, 1, 1, 1, 1, 6, 1001, 4;
1, 256, 0, -1, -1, -1, 4, 999, 2;
1, 256, 0, -1, -1, -1, 4, 999, 2;
1, 256, 0, 1, 1, 1, 5, 1000, 3;
1, 256, 0, -1, -1, -1, 4, 999, 2;
1, 256, 0, 0, 0, 0, 5, 1000, 3;
1, 256, 1, 1, 1, 1, 6, 1001, 4;
1, 256, 0, 0, 0, 0, 4, 999, 2;
1, 256, 1, 1, 1, 1, 6, 1001, 4;
1, 256, 0, 0, 0, 0, 5, 1000, 3;
1, 256, 1, 1, 1, 1, 6, 1001, 4;
1, 256, 1, 1, 1, 1, 6, 1000, 3;
1, 256, 0, -1, -1, -1, 4, 999, 2;
1, 256, 0, 0, 0, 0, 5, 1000, 3;
1, 256, 0, 0, 0, 0, 5, 1000, 3;
1, 256, 0, -1, -1, -1, 4, 998, 2;
1, 256, 0, 0, 0, 0, 5, 1000, 3;
1, 256, 0, -1, -1, -1, 4, 999, 2;
1, 256, 0, 1, 1, 1, 5, 1000, 3;
1, 256, 0, 0, 0, 0, 5, 1000, 3;
1, 256, 0, 0, 0, 0, 4, 999, 2;
1, 256, 0, 0, 0, 0, 4, 999, 2;
1, 256, 0, 0, 0, 0, 5, 1000, 3;
1, 256, 0, 0, 0, 0, 4, 999, 2;
1, 256, 0, 0, 0, 0, 5, 1000, 3;
1, 256, 0, -1, -1, -1, 4, 999, 2;
1, 256, 0, -1, -1, -1, 3, 998, 1;
1, 256, 0, -1, -1, -1, 3, 998, 1;
1, 256, 0, 0, 0, 0, 4, 999, 2;
1, 256, 0, 0, 0, 0, 5, 999, 3;
1, 256, 0, 0, 0, 0, 5, 1000, 3;
1, 256, 0, 0, 0, 0, 4, 999, 2;
1, 256, 0, 1, 1, 1, 5, 1000, 3;
1, 256, 1, 1, 1, 1, 6, 1001, 4;
1, 256, 0, 0, 0, 0, 5, 1000, 3;
1, 256, 0, 0, 0, 0, 4, 999, 2;
1, 256, 0, -1, -1, -1, 4, 999, 2;
1, 256, 0, 0, 0, 0, 4, 999, 2;
1, 256, 0, 0, 0, 0, 4, 999, 2;
1, 256, 1, 1, 1, 1, 6, 1001, 4;
1, 256, 0, 1, 1, 1, 5, 1000, 3;
1, 256, 0, -1, -1, -1, 4, 999, 2;
1, 256, 0, 1, 1, 1, 5, 1000, 3;
1, 256, 0, 0, 0, 0, 4, 999, 2;
1, 256, 0, 0, 0, 0, 4, 999, 2;
0, 256, 0, -1, -1, -1, 3, 998, 1;
1, 256, 0, -1, -1, -1, 4, 999, 2;
1, 256, 0, 0, 0, 0, 4, 999, 2;
1, 256, 0, -1, -1, -1, 4, 999, 2;
1, 256, 0, 0, 0, 0, 5, 1000, 3;
1, 256, 0, 0, 0, 0, 4, 999, 2;
1, 256, 0, -1, -1, -1, 4, 999, 2;
1, 256, 1, 1, 1, 1, 6, 1000, 3;
1, 256, 0, -1, -1, -1, 4, 999, 2;
1, 256, 0, 0, 0, 0, 4, 999, 2;
1, 256, 0, 1, 1, 1, 5, 1000, 3;
1, 256, 0, -1, -1, -1, 4, 999, 2;
1, 256, 0, -1, -1, -1, 4, 999, 2;
1, 256, 0, 1, 1, 1, 5, 1000, 3;
1, 256, 0, 0, 0, 0, 5, 1000, 3;
1, 256, 1, 1, 1, 1, 6, 1001, 4;
1, 256, 0, 0, 0, 0, 5, 1000, 3;
1, 256, 0, 0, 0, 0, 4, 999, 2;
1, 256, 0, 0, 0, 0, 5, 1000, 3;
1, 256, 1, 1, 1, 1, 5, 1000, 3;
1, 256, 0, -1, -1, -1, 4, 999, 2;
1, 256, 0, 0, 0, 0, 4, 999, 2;
1, 256, 0, -1, -1, -1, 4, 999, 2;
1, 256, 0, 0, 0, 0, 5, 1000, 3;
1, 256, 1, 1, 1, 1, 6, 1001, 4;
1, 256, 0, -1, -1, -1, 4, 999, 2;
1, 256, 1, 1, 1, 1, 6, 1001, 4;
1, 256, 0, 0, 0, 0, 4, 999, 2;
1, 256, 0, -1, -1, -1, 4, 999, 2;
1, 256, 1, 1, 1, 1, 5, 1000, 3;
1, 256, 0, -1, -1, -1, 4, 999, 2;
1, 256, 0, 0, 0, 0, 4, 999, 2;
1, 256, 1, 1, 1, 1, 6, 1000, 4;
1, 256, 0, 0, 0, 0, 5, 1000, 3;
1, 256, 0, -1, -1, -1, 4, 999, 2;
1, 256, 0, 0, 0, 0, 4, 999, 2;
1, 256, 0, 0, 0, 0, 5, 1000, 3;
1, 256, 0, 0, 0, 0, 4, 999, 2;
1, 256, 0, 0, 0, 0, 5, 1000, 3;
1, 256, 0, -1, -1, -1, 3, 998, 1;
1, 256, 1, 1, 1, 1, 6, 1000, 4;
1, 256, 0, 0, 0, 0, 5, 1000, 3;
1, 256, 0, -1, -1, -1, 3, 998, 1;
1, 256, 0, -1, -1, -1, 4, 999, 2;
1, 256, 0, 0, 0, 0, 5, 1000, 3;
1, 256, 0, 0, 0, 0, 4, 999, 2;
1, 256, 1, 1, 1, 1, 6, 1000, 3;
1, 256, 0, -1, -1, -1, 4, 999, 2;
1, 256, 0, 0, 0, 0, 4, 999, 2;
1, 256, 0, 0, 0, 0, 5, 1000, 3;
1, 256, 0, 0, 0, 0, 4, 999, 2;
1, 256, 0, -1, -1, -1, 4, 999, 2;
1, 256, 0, 0, 0, 0, 4, 999, 2;
1, 256, 0, -1, -1, -1, 4, 998, 2;
1, 256, 0, 1, 1, 1, 5, 1000, 3;
1, 256, 1, 1, 1, 1, 6, 1001, 4;
1, 256, 0, 0, 0, 0, 5, 999, 3;
1, 256, 0, -1, -1, -1, 4, 999, 2;
1, 256, 0, -1, -1, -1, 4, 999, 2;
1, 256, 1, 1, 1, 1, 6, 1001, 4;
1, 256, 0, -1, -1, -1, 3, 998, 1;
1, 256, 0, -1, -1, -1, 4, 999, 2;
1, 256, 0, 0, 0, 0, 4, 999, 2;
1, 256, 0, 0, 0, 0, 4, 999, 2;
1, 256, 0, -1, -1, -1, 4, 999, 2;
1, 256, 0, -1, -1, -1, 4, 999, 2;
1, 256, 0, -1, -1, -1, 4, 998, 2;
1, 256, 0, 0, 0, 0, 4, 999, 2;
1, 256, 0, -1, -1, -1, 4, 999, 2;
1, 256, 1, 1, 1, 1, 6, 1000, 3;
1, 256, 0, -1, -1, -1, 4, 999, 2;
1, 256, 0, 0, 0, 0, 5, 1000, 3;
1, 256, 0, -1, -1, -1, 4, 999, 2;
1, 256, 1, 1, 1, 1, 6, 1000, 3;
1, 256, 1, 1, 1, 1, 5, 1000, 3;
1, 256, 1, 1, 1, 1, 6, 1001, 4;
1, 256, 0, -1, -1, -1, 3, 998, 1;
1, 256, 0, -1, -1, -1, 4, 998, 2;
1, 256, 0, 1, 1, 1, 5, 1000, 3;
1, 256, 0, 0, 0, 0, 4, 999, 2;
1, 256, 0, 1, 1, 1, 5, 1000, 3;
1, 256, 0, -1, -1, -1, 4, 999, 2;
1, 256, 0, 0, 0, 0, 5, 999, 3;
1, 256, 0, 0, 0, 0, 5, 1000, 3;
1, 256, 0, 0, 0, 0, 4, 999, 2;
1, 256, 0, -1, -1, -1, 3, 998, 1;
1, 256, 0, -1, -1, -1, 4, 998, 1;
1, 256, 0, 0, 0, 0, 4, 999, 2;
1, 256, 0, 1, 1, 1, 5, 1000, 3;
1, 256, 0, 0, 0, 0, 4, 999, 2;
1, 256, 0, 0, 0, 0, 5, 999, 3;
1, 256, 0, 1, 1, 1, 5, 1000, 3;
1, 256, 0, 0, 0, 0, 5, 999, 3;
1, 256, 0, -1, -1, -1, 3, 998, 1;
1, 256, 0, 1, 1, 1, 5, 1000, 3;
1, 256, 0, 1, 1, 1, 5, 1000, 3;
1, 256, 1, 1, 1, 1, 5, 1000, 3;
1, 256, 0, 0, 0, 0, 4, 999, 2;
1, 256, 0, 0, 0, 0, 4, 999, 2;
1, 256, 0, 0, 0, 0, 4, 999, 2;
1, 256, 0, 0, 0, 0, 5, 999, 3;
1, 256, 0, 1, 1, 1, 5, 1000, 3;
1, 256, 0, -1, -1, -1, 3, 998, 1;
1, 256, 0, 1, 1, 1, 5, 1000, 3;
1, 256, 0, 0, 0, 0, 5, 999, 2;
1, 256, 0, 0, 0, 0, 5, 1000, 3;
1, 256, 1, 1, 1, 1, 6, 1001, 4;
1, 256, 0, 0, 0, 0, 4, 999, 2;
1, 256, 0, -1, -1, -1, 4, 999, 2;
1, 256, 0, -1, -1, -1, 4, 999, 2;
1, 256, 0, -1, -1, -1, 4, 998, 1;
1, 256, 0, -1, -1, -1, 4, 999, 2;
1, 256, 0, 1, 1, 1, 5, 1000, 3;
1, 256, 0, 0, 0, 0, 4, 999, 2;
1, 256, 0, 1, 1, 1, 5, 1000, 3;
1, 256, 1, 1, 1, 1, 6, 1001, 4;
1, 256, 0, 1, 1, 1, 5, 1000, 3;
1, 256, 1, 1, 1, 1, 6, 1000, 3;
1, 256, 0, -1, -1, -1, 4, 999, 2;
1, 256, 0, 0, 0, 0, 5, 1000, 3;
1, 256, 0, 0, 0, 0, 4, 999, 2;
1, 256, 0, 0, 0, 0, 4, 999, 2;
1, 256, 0, 0, 0, 0, 5, 1000, 3;
1, 256, 1, 1, 1, 1, 6, 1000, 4;
1, 256, 0, 0, 0, 0, 4, 999, 2;
1, 256, 0, 0, 0, 0, 5, 1000, 3;
1, 256, 0, 0, 0, 0, 4, 999, 2;
1, 256, 0, 1, 1, 1, 5, 1000, 3;
1, 256, 0, 0, 0, 0, 4, 999, 2;
1, 256, 1, 1, 1, 1, 5, 1000, 3;
1, 256, 1, 1, 1, 1, 6, 1000, 4;
1, 256, 0, 0, 0, 0, 5, 1000, 3;
1, 256, 0, 0, 0, 0, 4, 999, 2;
1, 256, 0, 0, 0, 0, 5, 1000, 3;
1, 256, 0, -1, -1, -1, 4, 999, 2;
1, 256, 0, 0, 0, 0, 5, 1000, 3;
1, 256, 0, 0, 0, 0, 4, 999, 2;
1, 256, 0, 0, 0, 0, 4, 999, 2;
1, 256, 1, 1, 1, 1, 6, 1000, 4;
1, 256, 0, 0, 0, 0, 5, 1000, 3;
1, 256, 0, 1, 1, 1, 5, 1000, 3;
1, 256, 1, 1, 1, 1, 6, 1000, 4;
1, 256, 0, 0, 0, 0, 5, 1000, 3;
1, 256, 0, 0, 0, 0, 5, 1000, 3;
1, 256, 0, -1, -1, -1, 4, 999, 2;
1, 256, 0, 0, 0, 0, 5, 1000, 3;
1, 256, 1, 1, 1, 1, 6, 1001, 4;
1, 256, 0, 0, 0, 0, 5, 1000, 3;
1, 256, 0, -1, -1, -1, 3, 998, 1;
1, 256, 1, 1, 1, 1, 5, 1000, 3;
1, 256, 0, 1, 1, 1, 5, 1000, 3;
1, 256, 1, 1, 1, 1, 6, 1001, 4;
1, 256, 0, 0, 0, 0, 5, 1000, 3;
1, 256, 0, 1, 1, 1, 5, 1000, 3;
1, 256, 0, 0, 0, 0, 4, 999, 2;
1, 256, 0, -1, -1, -1, 4, 999, 2;
1, 256, 0, -1, -1, -1, 4, 999, 2;
1, 256, 0, 0, 0, 0, 5, 1000, 3;
1, 256, 0, 0, 0, 0, 4, 999, 2;
1, 256, 0, 0, 0, 0, 4, 999, 2;
1, 256, 0, 0, 0, 0, 4, 999, 2;
1, 256, 0, -1, -1, -1, 3, 998, 1;
1, 256, 0, 0, 0, 0, 5, 1000, 3;
1, 256, 0, -1, -1, -1, 4, 998, 1;
1, 256, 0, 0, 0, 0, 4, 999, 2;
1, 256, 0, 0, 0, 0, 5, 999, 3;
1, 256, 0, -1, -1, -1, 4, 999, 2;
1, 256, 0, 0, 0, 0, 5, 1000, 3;
1, 256, 0, -1, -1, -1, 4, 999, 2;
1, 256, 0, -1, -1, -1, 4, 999, 2;
1, 256, 1, 1, 1, 1, 6, 1001, 4;
1, 256, 0, -1, -1, -1, 4, 999, 2;
1, 256, 0, 1, 1, 1, 5, 1000, 3;
1, 256, 0, 0, 0, 0, 5, 1000, 3;
1, 256, 0, 1, 1, 1, 5, 1000, 3;
1, 256, 0, 0, 0, 0, 5, 1000, 3;
0, 256, 0, -1, -1, -1, 3, 998, 1;
1, 256, 1, 1, 1, 1, 6, 1001, 4;
1, 256, 0, 0, 0, 0, 5, 1000, 3;
1, 256, 1, 1, 1, 1, 6, 1001, 4;
1, 256, 0, 0, 0, 0, 5, 1000, 3;
1, 256, 0, -1, -1, -1, 4, 999, 2;
1, 256, 0, 0, 0, 0, 5, 1000, 3;
1, 256, 0, 0, 0, 0, 4, 999, 2;
1, 256, 0, 0, 0, 0, 5, 1000, 3;
1, 256, 1, 1, 1, 1, 6, 1001, 4;
1, 256, 0, 0, 0, 0, 5, 1000, 3;
1, 256, 1, 1, 1, 1, 6, 1001, 4;
1, 256, 0, -1, -1, -1, 3, 998, 1;
1, 256, 0, -1, -1, -1, 4, 998, 2;
1, 256, 0, 0, 0, 0, 5, 1000, 3;
1, 256, 0, -1, -1, -1, 4, 999, 2;
1, 256, 0, 0, 0, 0, 4, 999, 2;
1, 256, 0, -1, -1, -1, 4, 999, 2;
1, 256, 0, 0, 0, 0, 4, 999, 2;
1, 256, 0, 1, 1, 1, 5, 1000, 3;
1, 256, 0, -1, -1, -1, 4, 999, 2;
1, 256, 0, 0, 0, 0, 5, 1000, 3;
1, 256, 0, 0, 0, 0, 4, 999, 2;
1, 256, 1, 1, 1, 1, 6, 1001, 4;
1, 256, 0, -1, -1, -1, 4, 999, 2;
1, 256, 0, 0, 0, 0, 5, 1000, 3;
1, 256, 0, -1, -1, -1, 4, 999, 2;
1, 256, 0, 0, 0, 0, 5, 1000, 3;
1, 256, 0, 0, 0, 0, 4, 999, 2;
1, 256, 0, 1, 1, 1, 5, 1000, 3;
1, 256, 0, 1, 1, 1, 5, 1000, 3;
1, 256, 0, 0, 0, 0, 5, 1000, 3;
1, 256, 0, 0, 0, 0, 5, 1000, 3;
1, 256, 0, 0, 0, 0, 4, 999, 2;
1, 256, 0, 0, 0, 0, 5, 1000, 3;
1, 256, 0, 0, 0, 0, 4, 999, 2;
1, 256, 0, -1, -1, -1, 4, 999, 2;
1, 256, 0, 0, 0, 0, 4, 999, 2;
1, 256, 0, 0, 0, 0, 5, 1000, 3;
1, 256, 1, 1, 1, 1, 6, 1001, 4;
1, 256, 1, 1, 1, 1, 6, 1001, 4;
1, 256, 0, -1, -1, -1, 3, 998, 1;
1, 256, 0, 0, 0, 0, 5, 1000, 3;
1, 256, 0, 1, 1, 1, 5, 1000, 3;
1, 256, 0, 0, 0, 0, 5, 1000, 3;
1, 256, 1, 1, 1, 1, 6, 1001, 4;
1, 256, 0, -1, -1, -1, 4, 999, 2;
1, 256, 0, 0, 0, 0, 4, 999, 2;
1, 256, 0, 0, 0, 0, 4, 999, 2;
1, 256, 0, 0, 0, 0, 5, 1000, 3;
1, 256, 0, 1, 1, 1, 5, 1000, 3;
1, 256, 1, 1, 1, 1, 6, 1001, 4;
1, 256, 0, -1, -1, -1, 3, 998, 1;
1, 256, 1, 1, 1, 1, 6, 1001, 4;
1, 256, 1, 1, 1, 1, 6, 1001, 4;
1, 256, 0, 0, 0, 0, 5, 1000, 3;
1, 256, 1, 1, 1, 1, 6, 1001, 4;
1, 256, 0, 0, 0, 0, 5, 999, 3;
1, 256, 0, -1, -1, -1, 3, 998, 1;
1, 256, 0, 0, 0, 0, 4, 999, 2;
1, 256, 0, 0, 0, 0, 4, 999, 2;
1, 256, 1, 1, 1, 1, 6, 1000, 3;
1, 256, 0, -1, -1, -1, 3, 998, 1;
1, 256, 0, -1, -1, -1, 3, 998, 1;
1, 256, 0, 0, 0, 0, 5, 1000, 3;
1, 256, 0, -1, -1, -1, 4, 999, 2;
1, 256, 0, 0, 0, 0, 4, 999, 2;
1, 256, 0, -1, -1, -1, 4, 999, 2;
1, 256, 0, 0, 0, 0, 5, 1000, 3;
1, 256, 0, 1, 1, 1, 5, 1000, 3;
1, 256, 0, -1, -1, -1, 4, 999, 2;
1, 256, 0, 0, 0, 0, 4, 999, 2;
1, 256, 0, 0, 0, 0, 5, 1000, 3;
1, 256, 0, 0, 0, 0, 5, 1000, 3;
1, 256, 0, 1, 1, 1, 5, 1000, 3;
1, 256, 0, -1, -1, -1, 4, 999, 2;
1, 256, 0, 0, 0, 0, 5, 1000, 3;
1, 256, 0, -1, -1, -1, 4, 999, 2;
1, 256, 0, 0, 0, 0, 4, 999, 2;
1, 256, 0, -1, -1, -1, 4, 999, 2;
1, 256, 0, 1, 1, 1, 5, 1000, 3;
1, 256, 0, 0, 0, 0, 4, 999, 2;
1, 256, 0, -1, -1, -1, 3, 998, 1;
1, 256, 0, 0, 0, 0, 5, 1000, 3;
1, 256, 0, 0, 0, 0, 4, 999, 2;
1, 256, 0, -1, -1, -1, 3, 998, 1;
1, 256, 0, 1, 1, 1, 5, 1000, 3;
1, 256, 0, 0, 0, 0, 5, 999, 3;
1, 256, 0, 0, 0, 0, 5, 1000, 3;
1, 256, 0, 0, 0, 0, 5, 1000, 3;
1, 256, 0, 0, 0, 0, 5, 1000, 3;
1, 256, 0, 0, 0, 0, 5, 1000, 3;
1, 256, 1, 1, 1, 1, 6, 1001, 4;
1, 256, 0, 0, 0, 0, 4, 999, 2;
1, 256, 0, -1, -1, -1, 4, 999, 2;
0, 256, 0, -1, -1, -1, 3, 998, 1;
1, 256, 0, -1, -1, -1, 3, 998, 1;
1, 256, 0, 0, 0, 0, 5, 1000, 3;
1, 256, 0, 0, 0, 0, 4, 999, 2;
1, 256, 0, 0, 0, 0, 5, 1000, 3;
1, 256, 1, 1, 1, 1, 6, 1001, 4;
1, 256, 0, 0, 0, 0, 5, 1000, 3;
1, 256, 1, 1, 1, 1, 6, 1001, 4;
1, 256, 0, -1, -1, -1, 4, 999, 2;
1, 256, 0, -1, -1, -1, 3, 998, 1;
1, 256, 0, 0, 0, 0, 5, 1000, 3;
1, 256, 1, 1, 1, 1, 6, 1001, 4;
1, 256, 1, 1, 1, 1, 6, 1000, 3;
1, 256, 0, 0, 0, 0, 5, 1000, 3;
1, 256, 1, 1, 1, 1, 5, 1000, 3;
1, 256, 0, -1, -1, -1, 4, 999, 2;
1, 256, 0, 1, 1, 1, 5, 1000, 3;
1, 256, 0, 0, 0, 0, 5, 1000, 3;
1, 256, 1, 1, 1, 1, 5, 1000, 3;
1, 256, 0, 0, 0, 0, 4, 999, 2;
1, 256, 0, 0, 0, 0, 5, 1000, 3;
1, 256, 0, -1, -1, -1, 4, 999, 2;
1, 256, 0, 0, 0, 0, 4, 999, 2;
1, 256, 0, 0, 0, 0, 5, 1000, 3;
1, 256, 0, -1, -1, -1, 4, 999, 2;
1, 256, 1, 1, 1, 1, 6, 1001, 4;
1, 256, 0, 1, 1, 1, 5, 1000, 3;
1, 256, 0, 0, 0, 0, 4, 999, 2;
1, 256, 0, 1, 1, 1, 5, 1000, 3;
1, 256, 0, 0, 0, 0, 5, 1000, 3;
1, 256, 0, -1, -1, -1, 4, 999, 2;
1, 256, 0, 0, 0, 0, 5, 1000, 3;
1, 256, 0, 0, 0, 0, 5, 1000, 3;
1, 256, 0, 1, 1, 1, 5, 1000, 3;
1, 256, 0, -1, -1, -1, 4, 999, 2;
1, 256, 0, 0, 0, 0, 4, 999, 2;
1, 256, 0, 0, 0, 0, 4, 999, 2;
1, 256, 0, -1, -1, -1, 4, 998, 2;
1, 256, 0, 0, 0, 0, 4, 999, 2;
1, 256, 0, 1, 1, 1, 5, 1000, 3;
1, 256, 0, 1, 1, 1, 5, 1000, 3;
1, 256, 0, 0, 0, 0, 5, 1000, 3;
1, 256, 0, 0, 0, 0, 5, 1000, 3;
1, 256, 0, 1, 1, 1, 5, 1000, 3;
1, 256, 0, -1, -1, -1, 4, 999, 2;
1, 256, 0, 0, 0, 0, 4, 999, 2;
1, 256, 0, -1, -1, -1, 4, 999, 2;
1, 256, 0, 0, 0, 0, 4, 999, 2;
1, 256, 0, 1, 1, 1, 5, 1000, 3;
1, 256, 0, 0, 0, 0, 5, 1000, 3;
1, 256, 0, 0, 0, 0, 5, 1000, 3;
1, 256, 0, 0, 0, 0, 5, 1000, 3;
1, 256, 0, -1, -1, -1, 4, 999, 2;
1, 256, 0, 0, 0, 0, 4, 999, 2;
1, 256, 0, 0, 0, 0, 5, 1000, 3;
1, 256, 0, -1, -1, -1, 4, 999, 2;
1, 256, 0, 0, 0, 0, 5, 999, 2;
1, 256, 1, 1, 1, 1, 6, 1000, 4;
1, 256, 0, -1, -1, -1, 3, 998, 1;
1, 256, 0, 0, 0, 0, 4, 999, 2;
1, 256, 0, 0, 0, 0, 4, 999, 2;
1, 256, 0, 0, 0, 0, 5, 1000, 3;
1, 256, 0, 0, 0, 0, 5, 1000, 3;
1, 256, 0, -1, -1, -1, 4, 999, 2;
1, 256, 0, 0, 0, 0, 5, 1000, 3;
1, 256, 0, -1, -1, -1, 4, 999, 2;
1, 256, 0, 0, 0, 0, 5, 1000, 3;
1, 256, 0, -1, -1, -1, 4, 999, 2;
1, 256, 0, 0, 0, 0, 4, 999, 2;
1, 256, 0, 0, 0, 0, 5, 1000, 3;
1, 256, 1, 1, 1, 1, 5, 1000, 3;
1, 256, 0, 0, 0, 0, 5, 1000, 3;
1, 256, 0, 1, 1, 1, 5, 1000, 3;
1, 256, 0, 1, 1, 1, 5, 1000, 3;
1, 256, 0, 0, 0, 0, 4, 999, 2;
1, 256, 0, 0, 0, 0, 4, 999, 2;
1, 256, 1, 1, 1, 1, 6, 1000, 3;
1, 256, 0, 0, 0, 0, 4, 999, 2;
1, 256, 0, 0, 0, 0, 4, 999, 2;
1, 256, 1, 1, 1, 1, 6, 1000, 3;
1, 256, 1, 1, 1, 1, 6, 1001, 4;
1, 256, 0, 0, 0, 0, 5, 1000, 3;
1, 256, 0, -1, -1, -1, 4, 998, 2;
1, 256, 0, 1, 1, 1, 5, 1000, 3;
1, 256, 1, 1, 1, 1, 6, 1001, 4;
1, 256, 0, -1, -1, -1, 4, 999, 2;
1, 256, 0, 0, 0, 0, 4, 999, 2;
1, 256, 0, 0, 0, 0, 4, 999, 2;
1, 256, 0, -1, -1, -1, 4, 999, 2;
1, 256, 0, -1, -1, -1, 4, 999, 2;
1, 256, 0, 0, 0, 0, 5, 1000, 3;
1, 256, 0, 0, 0, 0, 5, 1000, 3;
1, 256, 0, -1, -1, -1, 4, 999, 2;
1, 256, 0, -1, -1, -1, 3, 998, 1;
1, 256, 1, 1, 1, 1, 6, 1001, 4;
1, 256, 0, 1, 1, 1, 5, 1000, 3;
1, 256, 0, 0, 0, 0, 5, 1000, 3;
1, 256, 0, -1, -1, -1, 3, 998, 1;
1, 256, 0, 0, 0, 0, 4, 999, 2;
1, 256, 0, 0, 0, 0, 4, 999, 2;
1, 256, 1, 1, 1, 1, 6, 1000, 4;
0, 256, 0, -1, -1, -1, 3, 998, 1;
1, 256, 0, 0, 0, 0, 5, 1000, 3;
1, 256, 0, 1, 1, 1, 5, 1000, 3;
1, 256, 0, 0, 0, 0, 5, 1000, 3;
1, 256, 0, 0, 0, 0, 5, 999, 2;
1, 256, 0, 0, 0, 0, 5, 1000, 3;
1, 256, 0, 0, 0, 0, 5, 1000, 3;
1, 256, 0, 1, 1, 1, 5, 1000, 3;
1, 256, 0, 0, 0, 0, 5, 999, 2;
1, 256, 0, 0, 0, 0, 5, 1000, 3;
1, 256, 0, 0, 0, 0, 4, 999, 2;
1, 256, 0, 0, 0, 0, 4, 999, 2;
1, 256, 0, 0, 0, 0, 4, 999, 2;
1, 256, 0, 0, 0, 0, 4, 999, 2;
1, 256, 0, 0, 0, 0, 4, 999, 2;
1, 256, 0, 0, 0, 0, 4, 999, 2;
1, 256, 0, 0, 0, 0, 4, 999, 2;
1, 256, 0, 1, 1, 1, 5, 1000, 3;
1, 256, 1, 1, 1, 1, 6, 1001, 4;
1, 256, 0, 0, 0, 0, 4, 999, 2;
1, 256, 0, 0, 0, 0, 4, 999, 2;
1, 256, 0, 0, 0, 0, 4, 999, 2;
1, 256, 1, 1, 1, 1, 6, 1001, 4;
1, 256, 0, 0, 0, 0, 5, 1000, 3;
1, 256, 0, -1, -1, -1, 4, 999, 2;
0, 256, 0, -1, -1, -1, 3, 998, 1;
1, 256, 0, -1, -1, -1, 4, 999, 2;
1, 256, 0, 1, 1, 1, 5, 1000, 3;
1, 256, 0, 0, 0, 0, 5, 1000, 3;
1, 256, 0, 0, 0, 0, 5, 999, 2;
1, 256, 0, 0, 0, 0, 4, 999, 2;
1, 256, 1, 1, 1, 1, 6, 1001, 4;
1, 256, 0, 1, 1, 1, 5, 1000, 3;
1, 256, 0, 0, 0, 0, 5, 1000, 3;
0, 256, 0, -1, -1, -1, 3, 998, 1;
1, 256, 0, 0, 0, 0, 5, 1000, 3;
1, 256, 1, 1, 1, 1, 6, 1000, 4;
1, 256, 0, 0, 0, 0, 5, 1000, 3;
1, 256, 0, 0, 0, 0, 4, 999, 2;
1, 256, 0, 0, 0, 0, 4, 999, 2;
1, 256, 0, 0, 0, 0, 5, 1000, 3;
1, 256, 0, -1, -1, -1, 4, 999, 2;
1, 256, 0, -1, -1, -1, 4, 999, 2;
1, 256, 0, -1, -1, -1, 4, 999, 2;
1, 256, 1, 1, 1, 1, 6, 1001, 4;
1, 256, 0, 0, 0, 0, 5, 999, 2;
1, 256, 0, 1, 1, 1, 5, 1000, 3;
1, 256, 0, 0, 0, 0, 5, 999, 3;
1, 256, 0, -1, -1, -1, 4, 999, 2;
1, 256, 0, -1, -1, -1, 4, 999, 2;
1, 256, 1, 1, 1, 1, 6, 1001, 4;
1, 256, 0, 1, 1, 1, 5, 1000, 3;
1, 256, 1, 1, 1, 1, 6, 1000, 4;
1, 256, 0, 0, 0, 0, 5, 1000, 3;
1, 256, 0, 0, 0, 0, 5, 1000, 3;
1, 256, 0, 0, 0, 0, 4, 999, 2;
1, 256, 1, 1, 1, 1, 6, 1001, 4;
1, 256, 0, 0, 0, 0, 5, 999, 3;
1, 256, 0, 0, 0, 0, 5, 1000, 3;
1, 256, 0, -1, -1, -1, 4, 999, 2;
1, 256, 0, 0, 0, 0, 5, 1000, 3;
1, 256, 0, 1, 1, 1, 5, 1000, 3;
1, 256, 0, 0, 0, 0, 4, 999, 2;
1, 256, 0, 0, 0, 0, 4, 999, 2;
1, 256, 0, -1, -1, -1, 4, 998, 1;
1, 256, 0, -1, -1, -1, 4, 999, 2;
1, 256, 0, -1, -1, -1, 3, 998, 1;
1, 256, 0, 0, 0, 0, 4, 999, 2;
1, 256, 0, 0, 0, 0, 4, 999, 2;
1, 256, 1, 1, 1, 1, 6, 1001, 4;
1, 256, 0, 0, 0, 0, 5, 1000, 3;
1, 256, 0, 1, 1, 1, 5, 1000, 3;
1, 256, 0, 0, 0, 0, 5, 1000, 3;
1, 256, 0, 0, 0, 0, 4, 999, 2;
1, 256, 0, 0, 0, 0, 5, 1000, 3;
1, 256, 0, 0, 0, 0, 5, 999, 3;
1, 256, 0, -1, -1, -1, 4, 998, 2;
1, 256, 0, 0, 0, 0, 5, 1000, 3;
1, 256, 0, -1, -1, -1, 4, 999, 2;
1, 256, 1, 1, 1, 1, 6, 1000, 3;
1, 256, 0, 0, 0, 0, 4, 999, 2;
1, 256, 0, 0, 0, 0, 5, 1000, 3;
1, 256, 0, -1, -1, -1, 4, 999, 2;
1, 256, 0, 0, 0, 0, 4, 999, 2;
1, 256, 0, -1, -1, -1, 4, 998, 2;
1, 256, 1, 1, 1, 1, 6, 1001, 4;
1, 256, 0, 0, 0, 0, 5, 1000, 3;
1, 256, 0, 0, 0, 0, 4, 999, 2;
1, 256, 0, 0, 0, 0, 5, 1000, 3;
1, 256, 1, 1, 1, 1, 6, 1000, 3;
1, 256, 0, 0, 0, 0, 5, 1000, 3;
1, 256, 1, 1, 1, 1, 6, 1000, 3;
1, 256, 0, 0, 0, 0, 5, 1000, 3;
1, 256, 0, -1, -1, -1, 4, 999, 2;
1, 256, 0, -1, -1, -1, 4, 999, 2;
1, 256, 0, 0, 0, 0, 4, 999, 2;
1, 256, 0, -1, -1, -1, 4, 999, 2;
1, 256, 0, 0, 0, 0, 5, 1000, 3;
1, 256, 0, 0, 0, 0, 4, 999, 2;
1, 256, 0, 1, 1, 1, 5, 1000, 3;
1, 256, 1, 1, 1, 1, 6, 1001, 4;
1, 256, 0, 0, 0, 0, 4, 999, 2;
1, 256, 0, -1, -1, -1, 4, 999, 2;
1, 256, 0, 0, 0, 0, 4, 999, 2;
1, 256, 0, -1, -1, -1, 3, 998, 1;
1, 256, 0, 0, 0, 0, 5, 1000, 3;
1, 256, 0, 0, 0, 0, 5, 1000, 3;
1, 256, 0, -1, -1, -1, 4, 999, 2;
1, 256, 0, 0, 0, 0, 5, 1000, 3;
1, 256, 0, 0, 0, 0, 4, 999, 2;
1, 256, 0, -1, -1, -1, 4, 999, 2;
1, 256, 0, 0, 0, 0, 5, 999, 3;
1, 256, 0, 0, 0, 0, 4, 999, 2;
1, 256, 1, 1, 1, 1, 6, 1001, 4;
1, 256, 0, 1, 1, 1, 5, 1000, 3;
1, 256, 1, 1, 1, 1, 6, 1001, 4;
1, 256, 0, 0, 0, 0, 5, 1000, 3;
1, 256, 0, 0, 0, 0, 4, 999, 2;
1, 256, 0, -1, -1, -1, 4, 999, 2;
1, 256, 0, 1, 1, 1, 5, 1000, 3;
1, 256, 0, 0, 0, 0, 4, 999, 2;
0, 256, 0, -1, -1, -1, 3, 998, 1;
1, 256, 0, -1, -1, -1, 4, 999, 2;
1, 256, 0, 0, 0, 0, 4, 999, 2;
1, 256, 1, 1, 1, 1, 6, 1000, 4;
1, 256, 0, 0, 0, 0, 4, 999, 2;
1, 256, 0, -1, -1, -1, 4, 999, 2;
1, 256, 0, 1, 1, 1, 5, 1000, 3;
1, 256, 0, 1, 1, 1, 5, 1000, 3;
1, 256, 0, 0, 0, 0, 5, 1000, 3;
1, 256, 0, -1, -1, -1, 4, 998, 2;
1, 256, 0, 0, 0, 0, 5, 1000, 3;
1, 256, 0, 1, 1, 1, 5, 1000, 3;
1, 256, 0, 0, 0, 0, 5, 999, 2;
1, 256, 0, 0, 0, 0, 5, 1000, 3;
1, 256, 0, -1, -1, -1, 4, 999, 2;
1, 256, 0, 0, 0, 0, 5, 1000, 3;
1, 256, 0, 0, 0, 0, 4, 999, 2;
1, 256, 0, 1, 1, 1, 5, 1000, 3;
1, 256, 0, 0, 0, 0, 5, 1000, 3;
1, 256, 0, 0, 0, 0, 4, 999, 2;
1, 256, 0, 0, 0, 0, 5, 999, 3;
1, 256, 0, 0, 0, 0, 5, 1000, 3;
1, 256, 1, 1, 1, 1, 6, 1001, 4;
1, 256, 0, 1, 1, 1, 5, 1000, 3;
1, 256, 0, 0, 0, 0, 4, 999, 2;
1, 256, 0, 0, 0, 0, 5, 1000, 3;
1, 256, 0, 1, 1, 1, 5, 1000, 3;
1, 256, 0, 1, 1, 1, 5, 1000, 3;
1, 256, 0, 0, 0, 0, 5, 1000, 3;
1, 256, 1, 1, 1, 1, 6, 1001, 4;
1, 256, 0, 0, 0, 0, 4, 999, 2;
1, 256, 1, 1, 1, 1, 6, 1001, 4;
1, 256, 1, 1, 1, 1, 6, 1001, 4;
1, 256, 1, 1, 1, 1, 6, 1001, 4;
1, 256, 1, 1, 1, 1, 6, 1000, 4;
1, 256, 0, 1, 1, 1, 5, 1000, 3;
1, 256, 0, -1, -1, -1, 4, 999, 2;
1, 256, 0, 0, 0, 0, 5, 999, 3;
1, 256, 0, 0, 0, 0, 4, 999, 2;
1, 256, 0, 0, 0, 0, 4, 999, 2;
1, 256, 1, 1, 1, 1, 6, 1001, 4;
1, 256, 0, 0, 0, 0, 4, 999, 2;
1, 256, 0, -1, -1, -1, 3, 998, 1;
1, 256, 0, -1, -1, -1, 4, 999, 2;
1, 256, 1, 1, 1, 1, 6, 1001, 4;
1, 256, 0, 0, 0, 0, 5, 1000, 3;
1, 256, 0, 0, 0, 0, 4, 999, 2;
1, 256, 0, -1, -1, -1, 3, 998, 1;
1, 256, 0, -1, -1, -1, 4, 999, 2;
1, 256, 0, 0, 0, 0, 5, 1000, 3;
1, 256, 0, -1, -1, -1, 4, 998, 1;
1, 256, 0, 1, 1, 1, 5, 1000, 3;
1, 256, 0, 0, 0, 0, 5, 999, 3;
1, 256, 0, 0, 0, 0, 4, 999, 2;
1, 256, 0, -1, -1, -1, 4, 999, 2;
1, 256, 0, -1, -1, -1, 4, 999, 2;
1, 256, 0, 0, 0, 0, 5, 1000, 3;
1, 256, 0, 0, 0, 0, 4, 999, 2;
1, 256, 0, 0, 0, 0, 5, 1000, 3;
1, 256, 0, 0, 0, 0, 4, 999, 2;
1, 256, 0, 0, 0, 0, 5, 1000, 3;
1, 256, 0, 0, 0, 0, 5, 1000, 3;
1, 256, 1, 1, 1, 1, 5, 1000, 3;
1, 256, 0, 0, 0, 0, 5, 1000, 3;
1, 256, 0, 0, 0, 0, 5, 1000, 3;
1, 256, 0, -1, -1, -1, 4, 999, 2;
1, 256, 0, 0, 0, 0, 5, 1000, 3;
1, 256, 0, -1, -1, -1, 3, 998, 1;
1, 256, 1, 1, 1, 1, 5, 1000, 3;
1, 256, 1, 1, 1, 1, 6, 1001, 4;
1, 256, 0, 0, 0, 0, 4, 999, 2;
1, 256, 0, 0, 0, 0, 5, 1000, 3;
1, 256, 0, 0, 0, 0, 4, 999, 2;
1, 256, 0, 1, 1, 1, 5, 1000, 3;
1, 256, 0, -1, -1, -1, 4, 999, 2;
1, 256, 0, 0, 0, 0, 5, 1000, 3;
1, 256, 0, -1, -1, -1, 4, 999, 2;
1, 256, 0, 0, 0, 0, 4, 999, 2;
1, 256, 0, -1, -1, -1, 4, 998, 2;
1, 256, 0, 0, 0, 0, 5, 1000, 3;
1, 256, 1, 1, 1, 1, 6, 1001, 4;
1, 256, 0, -1, -1, -1, 4, 999, 2;
1, 256, 0, 0, 0, 0, 5, 999, 2;
1, 256, 0, 0, 0, 0, 4, 999, 2;
1, 256, 0, 0, 0, 0, 4, 999, 2;
1, 256, 0, 0, 0, 0, 4, 999, 2;
1, 256, 1, 1, 1, 1, 5, 1000, 3;
1, 256, 0, 0, 0, 0, 4, 999, 2;
1, 256, 0, 0, 0, 0, 5, 999, 2;
1, 256, 0, 0, 0, 0, 4, 999, 2;
1, 256, 0, -1, -1, -1, 4, 998, 1;
1, 256, 0, -1, -1, -1, 4, 999, 2;
1, 256, 0, 1, 1, 1, 5, 1000, 3;
1, 256, 0, -1, -1, -1, 4, 999, 2;
1, 256, 0, 1, 1, 1, 5, 1000, 3;
1, 256, 0, 0, 0, 0, 5, 1000, 3;
1, 256, 0, 0, 0, 0, 5, 1000, 3;
1, 256, 0, 0, 0, 0, 5, 1000, 3;
1, 256, 0, 0, 0, 0, 5, 1000, 3;
1, 256, 0, 0, 0, 0, 4, 999, 2;
1, 256, 1, 1, 1, 1, 6, 1001, 4;
1, 256, 1, 1, 1, 1, 5, 1000, 3;
1, 256, 0, 0, 0, 0, 4, 999, 2;
1, 256, 0, -1, -1, -1, 4, 998, 1;
1, 256, 0, 0, 0, 0, 5, 1000, 3;
1, 256, 0, -1, -1, -1, 4, 998, 1;
1, 256, 0, -1, -1, -1, 4, 999, 2;
1, 256, 0, 0, 0, 0, 5, 1000, 3;
1, 256, 0, -1, -1, -1, 4, 999, 2;
1, 256, 0, 1, 1, 1, 5, 1000, 3;
1, 256, 1, 1, 1, 1, 6, 1001, 4;
1, 256, 1, 1, 1, 1, 6, 1001, 4;
1, 256, 0, 0, 0, 0, 4, 999, 2;
1, 256, 0, 0, 0, 0, 4, 999, 2;
1, 256, 0, 0, 0, 0, 4, 999, 2;
1, 256, 0, 0, 0, 0, 5, 999, 2;
1, 256, 0, 0, 0, 0, 4, 999, 2;
1, 256, 0, -1, -1, -1, 4, 999, 2;
1, 256, 0, -1, -1, -1, 3, 998, 1;
1, 256, 1, 1, 1, 1, 6, 1001, 4;
1, 256, 0, 0, 0, 0, 4, 999, 2;
1, 256, 0, -1, -1, -1, 3, 998, 1;
1, 256, 0, 0, 0, 0, 4, 999, 2;
1, 256, 0, 0, 0, 0, 4, 999, 2;
1, 256, 0, -1, -1, -1, 4, 999, 2;
1, 256, 0, -1, -1, -1, 3, 998, 1;
1, 256, 0, 0, 0, 0, 5, 1000, 3;
1, 256, 0, 0, 0, 0, 5, 1000, 3;
1, 256, 0, 0, 0, 0, 4, 999, 2;
1, 256, 0, -1, -1, -1, 4, 999, 2;
1, 256, 0, -1, -1, -1, 4, 999, 2;
1, 256, 1, 1, 1, 1, 6, 1001, 4;
1, 256, 0, 1, 1, 1, 5, 1000, 3;
1, 256, 0, 0, 0, 0, 4, 999, 2;
1, 256, 0, 0, 0, 0, 5, 1000, 3;
1, 256, 0, 0, 0, 0, 4, 999, 2;
1, 256, 0, 0, 0, 0, 5, 1000, 3;
1, 256, 0, 0, 0, 0, 5, 1000, 3;
1, 256, 0, -1, -1, -1, 4, 999, 2;
1, 256, 0, 1, 1, 1, 5, 1000, 3;
1, 256, 0, -1, -1, -1, 4, 998, 1;
1, 256, 0, 0, 0, 0, 4, 999, 2;
1, 256, 0, 0, 0, 0, 4, 999, 2;
1, 256, 0, 0, 0, 0, 5, 1000, 3;
1, 256, 0, 1, 1, 1, 5, 1000, 3;
1, 256, 0, 1, 1, 1, 5, 1000, 3;
1, 256, 0, 0, 0, 0, 5, 1000, 3;
1, 256, 1, 1, 1, 1, 6, 1001, 4;
1, 256, 0, 0, 0, 0, 4, 999, 2;
1, 256, 0, 0, 0, 0, 5, 1000, 3;
1, 256, 0, -1, -1, -1, 4, 999, 2;
1, 256, 0, 0, 0, 0, 4, 999, 2;
1, 256, 1, 1, 1, 1, 5, 1000, 3;
1, 256, 0, -1, -1, -1, 4, 999, 2;
1, 256, 0, 0, 0, 0, 4, 999, 2;
1, 256, 0, 0, 0, 0, 4, 999, 2;
1, 256, 0, -1, -1, -1, 4, 999, 2;
1, 256, 0, 0, 0, 0, 5, 999, 2;
1, 256, 0, 0, 0, 0, 5, 1000, 3;
1, 256, 1, 1, 1, 1, 6, 1001, 4;
1, 256, 0, -1, -1, -1, 4, 998, 2;
1, 256, 0, -1, -1, -1, 4, 999, 2;
1, 256, 0, 0, 0, 0, 4, 999, 2;
1, 256, 0, 0, 0, 0, 5, 1000, 3;
1, 256, 0, 1, 1, 1, 5, 1000, 3;
1, 256, 0, 0, 0, 0, 5, 1000, 3;
1, 256, 0, 0, 0, 0, 5, 999, 3;
1, 256, 0, 1, 1, 1, 5, 1000, 3;
1, 256, 0, -1, -1, -1, 4, 999, 2;
1, 256, 1, 1, 1, 1, 5, 1000, 3;
1, 256, 0, 0, 0, 0, 5, 999, 2;
1, 256, 0, 0, 0, 0, 5, 1000, 3;
1, 256, 0, 0, 0, 0, 5, 1000, 3;
1, 256, 0, 0, 0, 0, 4, 999, 2;
1, 256, 0, 0, 0, 0, 4, 999, 2;
1, 256, 1, 1, 1, 1, 6, 1000, 3;
1, 256, 0, 0, 0, 0, 5, 1000, 3;
1, 256, 0, 0, 0, 0, 5, 999, 3;
1, 256, 0, 0, 0, 0, 5, 1000, 3;
1, 256, 0, 1, 1, 1, 5, 1000, 3;
1, 256, 0, -1, -1, -1, 4, 998, 1;
1, 256, 0, 0, 0, 0, 4, 999, 2;
1, 256, 0, -1, -1, -1, 4, 998, 2;
1, 256, 0, 0, 0, 0, 4, 999, 2;
1, 256, 1, 1, 1, 1, 6, 1000, 4;
1, 256, 0, 0, 0, 0, 5, 999, 3;
1, 256, 0, 0, 0, 0, 5, 1000, 3;
1, 256, 0, 0, 0, 0, 4, 999, 2;
1, 256, 0, 0, 0, 0, 5, 1000, 3;
1, 256, 0, 1, 1, 1, 5, 1000, 3;
1, 256, 0, 0, 0, 0, 4, 999, 2;
1, 256, 0, 1, 1, 1, 5, 1000, 3;
1, 256, 0, -1, -1, -1, 4, 999, 2;
1, 256, 1, 1, 1, 1, 6, 1001, 4;
1, 256, 0, 0, 0, 0, 5, 1000, 3;
1, 256, 0, 0, 0, 0, 4, 999, 2;
1, 256, 0, 0, 0, 0, 4, 999, 2;
1, 256, 0, 0, 0, 0, 5, 1000, 3;
1, 256, 0, 1, 1, 1, 5, 1000, 3;
1, 256, 0, -1, -1, -1, 4, 999, 2;
1, 256, 0, 0, 0, 0, 4, 999, 2;
1, 256, 0, 0, 0, 0, 5, 1000, 3;
1, 256, 0, -1, -1, -1, 4, 999, 2;
1, 256, 0, 0, 0, 0, 4, 999, 2;
1, 256, 0, 0, 0, 0, 4, 999, 2;
1, 256, 0, 1, 1, 1, 5, 1000, 3;
1, 256, 0, 0, 0, 0, 5, 999, 3;
1, 256, 0, -1, -1, -1, 3, 998, 1;
1, 256, 0, 0, 0, 0, 5, 1000, 3;
1, 256, 0, 0, 0, 0, 5, 1000, 3;
1, 256, 0, 0, 0, 0, 5, 1000, 3;
1, 256, 0, 0, 0, 0, 5, 1000, 3;
1, 256, 0, 0, 0, 0, 5, 1000, 3;
1, 256, 0, -1, -1, -1, 4, 999, 2;
1, 256, 1, 1, 1, 1, 6, 1000, 3;
1, 256, 0, 0, 0, 0, 5, 1000, 3;
1, 256, 0, 0, 0, 0, 5, 999, 3;
1, 256, 0, 0, 0, 0, 4, 999, 2;
1, 256, 0, -1, -1, -1, 3, 998, 1;
1, 256, 0, 0, 0, 0, 5, 1000, 3;
1, 256, 0, 1, 1, 1, 5, 1000, 3;
1, 256, 0, -1, -1, -1, 4, 999, 2;
1, 256, 0, -1, -1, -1, 3, 998, 1;
1, 256, 0, -1, -1, -1, 4, 998, 1;
1, 256, 0, -1, -1, -1, 3, 998, 1;
1, 256, 0, 0, 0, 0, 5, 999, 3;
1, 256, 0, 0, 0, 0, 5, 1000, 3;
1, 256, 0, 0, 0, 0, 5, 999, 2;
1, 256, 1, 1, 1, 1, 6, 1001, 4;
1, 256, 0, 1, 1, 1, 5, 1000, 3;
1, 256, 0, 0, 0, 0, 4, 999, 2;
1, 256, 1, 1, 1, 1, 6, 1001, 4;
1, 256, 0, 0, 0, 0, 4, 999, 2;
1, 256, 1, 1, 1, 1, 6, 1001, 4;
1, 256, 0, 0, 0, 0, 4, 999, 2;
1, 256, 0, -1, -1, -1, 3, 998, 1;
1, 256, 0, 0, 0, 0, 5, 1000, 3;
1, 256, 0, 0, 0, 0, 5, 1000, 3;
1, 256, 0, -1, -1, -1, 3, 998, 1;
1, 256, 0, -1, -1, -1, 4, 999, 2;
1, 256, 0, 0, 0, 0, 4, 999, 2;
1, 256, 0, -1, -1, -1, 3, 998, 1;
1, 256, 0, 0, 0, 0, 5, 1000, 3;
1, 256, 0, 1, 1, 1, 5, 1000, 3;
1, 256, 1, 1, 1, 1, 6, 1000, 4;
1, 256, 0, 0, 0, 0, 5, 1000, 3;
1, 256, 0, -1, -1, -1, 4, 998, 1;
1, 256, 0, -1, -1, -1, 4, 999, 2;
1, 256, 0, -1, -1, -1, 4, 999, 2;
1, 256, 0, 0, 0, 0, 4, 999, 2;
1, 256, 0, 0, 0, 0, 4, 999, 2;
1, 256, 1, 1, 1, 1, 6, 1001, 4;
1, 256, 0, -1, -1, -1, 4, 999, 2;
1, 256, 0, 1, 1, 1, 5, 1000, 3;
1, 256, 0, -1, -1, -1, 4, 999, 2;
1, 256, 0, 0, 0, 0, 4, 999, 2;
1, 256, 0, 0, 0, 0, 5, 1000, 3;
1, 256, 0, -1, -1, -1, 4, 999, 2;
1, 256, 0, 0, 0, 0, 4, 999, 2;
0, 256, 0, -1, -1, -1, 3, 998, 1;
1, 256, 0, 0, 0, 0, 5, 1000, 3;
1, 256, 0, 0, 0, 0, 4, 999, 2;
1, 256, 0, 0, 0, 0, 5, 999, 2;
1, 256, 0, 1, 1, 1, 5, 1000, 3;
1, 256, 0, -1, -1, -1, 4, 998, 2;
1, 256, 0, 0, 0, 0, 5, 1000, 3;
1, 256, 0, 0, 0, 0, 5, 1000, 3;
1, 256, 0, 1, 1, 1, 5, 1000, 3;
1, 256, 0, -1, -1, -1, 4, 998, 2;
1, 256, 0, 0, 0, 0, 4, 999, 2;
1, 256, 0, -1, -1, -1, 4, 999, 2;
1, 256, 0, 0, 0, 0, 5, 1000, 3;
1, 256, 0, 0, 0, 0, 4, 999, 2;
1, 256, 0, 0, 0, 0, 5, 1000, 3;
1, 256, 0, -1, -1, -1, 3, 998, 1;
1, 256, 0, -1, -1, -1, 4, 999, 2;
1, 256, 0, 1, 1, 1, 5, 1000, 3;
1, 256, 1, 1, 1, 1, 6, 1001, 4;
1, 256, 1, 1, 1, 1, 6, 1001, 4;
1, 256, 0, -1, -1, -1, 4, 999, 2;
1, 256, 0, 0, 0, 0, 4, 999, 2;
1, 256, 0, -1, -1, -1, 4, 999, 2;
1, 256, 0, 0, 0, 0, 4, 999, 2;
1, 256, 0, -1, -1, -1, 4, 999, 2;
1, 256, 1, 1, 1, 1, 6, 1001, 4;
0, 256, 0, -1, -1, -1, 3, 998, 1;
1, 256, 0, 0, 0, 0, 4, 999, 2;
1, 256, 0, 0, 0, 0, 4, 999, 2;
1, 256, 0, -1, -1, -1, 4, 998, 2;
1, 256, 0, 0, 0, 0, 5, 1000, 3;
1, 256, 1, 1, 1, 1, 6, 1001, 4;
1, 256, 0, 0, 0, 0, 5, 999, 2;
1, 256, 0, 0, 0, 0, 5, 1000, 3;
1, 256, 0, 0, 0, 0, 4, 999, 2;
1, 256, 0, 0, 0, 0, 5, 1000, 3;
1, 256, 0, -1, -1, -1, 3, 998, 1;
1, 256, 0, -1, -1, -1, 4, 999, 2;
1, 256, 1, 1, 1, 1, 6, 1000, 3;
1, 256, 0, -1, -1, -1, 4, 999, 2;
1, 256, 0, 0, 0, 0, 5, 1000, 3;
1, 256, 0, 1, 1, 1, 5, 1000, 3;
1, 256, 0, 0, 0, 0, 5, 1000, 3;
1, 256, 1, 1, 1, 1, 6, 1001, 4;
1, 256, 0, 1, 1, 1, 5, 1000, 3;
1, 256, 0, 0, 0, 0, 5, 1000, 3;
1, 256, 0, -1, -1, -1, 4, 999, 2;
1, 256, 0, 1, 1, 1, 5, 1000, 3;
1, 256, 0, 0, 0, 0, 4, 999, 2;
1, 256, 0, -1, -1, -1, 4, 999, 2;
1, 256, 0, 0, 0, 0, 4, 999, 2;
1, 256, 0, 0, 0, 0, 4, 999, 2;
1, 256, 0, 0, 0, 0, 4, 999, 2;
1, 256, 0, 0, 0, 0, 5, 1000, 3;
1, 256, 1, 1, 1, 1, 6, 1001, 4;
1, 256, 0, 1, 1, 1, 5, 1000, 3;
1, 256, 0, 1, 1, 1, 5, 1000, 3;
1, 256, 0, 0, 0, 0, 5, 1000, 3;
1, 256, 0, 0, 0, 0, 5, 1000, 3;
1, 256, 0, 0, 0, 0, 4, 999, 2;
1, 256, 0, 0, 0, 0, 4, 999, 2;
1, 256, 0, -1, -1, -1, 4, 999, 2;
1, 256, 0, 0, 0, 0, 5, 1000, 3;
1, 256, 1, 1, 1, 1, 6, 1001, 4;
1, 256, 0, 0, 0, 0, 5, 1000, 3;
1, 256, 0, 1, 1, 1, 5, 1000, 3;
1, 256, 0, 0, 0, 0, 5, 1000, 3;
1, 256, 0, -1, -1, -1, 4, 999, 2;
1, 256, 1, 1, 1, 1, 5, 1000, 3;
1, 256, 0, 0, 0, 0, 5, 1000, 3;
1, 256, 0, 0, 0, 0, 4, 999, 2;
1, 256, 0, 0, 0, 0, 5, 1000, 3;
1, 256, 0, 0, 0, 0, 5, 1000, 3;
1, 256, 0, 0, 0, 0, 4, 999, 2;
1, 256, 1, 1, 1, 1, 6, 1000, 3;
1, 256, 0, 0, 0, 0, 4, 999, 2;
1, 256, 0, 0, 0, 0, 5, 1000, 3;
1, 256, 0, 0, 0, 0, 5, 1000, 3;
1, 256, 0, 1, 1, 1, 5, 1000, 3;
1, 256, 0, -1, -1, -1, 4, 999, 2;
1, 256, 0, 0, 0, 0, 4, 999, 2;
1, 256, 0, 1, 1, 1, 5, 1000, 3;
1, 256, 0, -1, -1, -1, 3, 998, 1;
1, 256, 1, 1, 1, 1, 6, 1000, 3;
1, 256, 1, 1, 1, 1, 6, 1001, 4;
1, 256, 0, -1, -1, -1, 4, 999, 2;
1, 256, 1, 1, 1, 1, 6, 1001, 4;
1, 256, 0, 0, 0, 0, 5, 1000, 3;
1, 256, 0, 0, 0, 0, 4, 999, 2;
1, 256, 0, 0, 0, 0, 4, 999, 2;
1, 256, 0, 0, 0, 0, 4, 999, 2;
1, 256, 0, 0, 0, 0, 5, 1000, 3;
1, 256, 1, 1, 1, 1, 6, 1001, 4;
1, 256, 0, 0, 0, 0, 5, 1000, 3;
1, 256, 0, 1, 1, 1, 5, 1000, 3;
1, 256, 0, -1, -1, -1, 4, 999, 2;
1, 256, 0, 1, 1, 1, 5, 1000, 3;
1, 256, 1, 1, 1, 1, 5, 1000, 3;
1, 256, 0, 1, 1, 1, 5, 1000, 3;
1, 256, 0, -1, -1, -1, 3, 998, 1;
1, 256, 1, 1, 1, 1, 5, 1000, 3;
1, 256, 0, 0, 0, 0, 5, 1000, 3;
1, 256, 0, 0, 0, 0, 5, 999, 3;
1, 256, 0, -1, -1, -1, 4, 999, 2;
1, 256, 0, -1, -1, -1, 4, 998, 1;
1, 256, 1, 1, 1, 1, 6, 1001, 4;
1, 256, 0, 0, 0, 0, 5, 1000, 3;
1, 256, 0, 0, 0, 0, 5, 1000, 3;
1, 256, 1, 1, 1, 1, 6, 1001, 4;
1, 256, 0, -1, -1, -1, 4, 999, 2;
1, 256, 0, 0, 0, 0, 4, 999, 2;
1, 256, 1, 1, 1, 1, 6, 1001, 4;
1, 256, 0, 0, 0, 0, 4, 999, 2;
1, 256, 0, 0, 0, 0, 5, 1000, 3;
1, 256, 0, 1, 1, 1, 5, 1000, 3;
1, 256, 0, 0, 0, 0, 4, 999, 2;
1, 256, 0, -1, -1, -1, 4, 999, 2;
1, 256, 1, 1, 1, 1, 6, 1000, 3;
1, 256, 1, 1, 1, 1, 6, 1000, 3;
1, 256, 0, -1, -1, -1, 4, 999, 2;