3, 299, 16, 10, 420, 10, 13, 1166, 64;
3, 297, 14, 33, 415, 6, 14, 1160, 58;
4, 296, 14, 57, 411, 3, 17, 1156, 54;
7, 297, 15, 88, 413, 7, 29, 1161, 60;
3, 291, 9, 96, 391, -10, 13, 1137, 37;
12, 298, 16, 144, 409, 11, 47, 1162, 64;
6, 290, 9, 149, 382, -11, 26, 1133, 37;
13, 295, 15, 192, 394, 6, 54, 1152, 58;
15, 294, 14, 216, 386, 5, 58, 1148, 57;
11, 289, 9, 226, 363, -9, 46, 1127, 38;
13, 288, 9, 250, 354, -10, 52, 1123, 38;
14, 286, 9, 272, 344, -11, 56, 1118, 36;
23, 293, 16, 318, 357, 11, 90, 1143, 65;
20, 287, 12, 327, 332, -2, 78, 1121, 47;
20, 285, 10, 344, 316, -7, 78, 1111, 41;
27, 290, 16, 384, 323, 12, 107, 1131, 66;
24, 284, 12, 390, 296, -2, 94, 1108, 47;
23, 280, 10, 402, 275, -9, 90, 1094, 39;
27, 282, 12, 429, 270, 0, 106, 1100, 50;
28, 280, 12, 446, 254, -1, 109, 1093, 49;
31, 281, 14, 469, 246, 5, 121, 1096, 57;
34, 281, 16, 491, 236, 11, 134, 1098, 65;
32, 277, 13, 496, 211, 2, 126, 1081, 54;
34, 277, 15, 514, 199, 7, 135, 1081, 60;
30, 270, 10, 510, 165, -8, 118, 1054, 40;
31, 268, 10, 521, 148, -8, 121, 1047, 40;
31, 266, 9, 529, 128, -10, 121, 1038, 38;
36, 269, 14, 552, 124, 4, 141, 1050, 56;
32, 263, 9, 545, 92, -9, 126, 1025, 38;
32, 260, 9, 550, 71, -11, 125, 1016, 36;
35, 262, 12, 566, 63, 0, 140, 1023, 50;
36, 261, 13, 571, 46, 1, 143, 1018, 52;
38, 261, 15, 579, 32, 6, 150, 1018, 59;
35, 256, 12, 571, 4, -2, 139, 999, 48;
40, 258, 16, 584, -1, 11, 156, 1008, 64;
37, 254, 13, 574, -29, 2, 145, 991, 54;
36, 251, 13, 569, -50, 0, 142, 981, 51;
33, 247, 10, 556, -78, -8, 130, 963, 40;
35, 247, 13, 560, -89, 0, 139, 967, 51;
31, 242, 9, 542, -119, -11, 123, 945, 37;
36, 245, 14, 550, -122, 4, 141, 958, 56;
34, 242, 12, 536, -145, 0, 132, 945, 50;
31, 238, 10, 518, -170, -8, 120, 929, 40;
33, 240, 14, 518, -176, 3, 132, 937, 55;
28, 233, 9, 490, -209, -12, 109, 911, 35;
32, 236, 14, 492, -211, 3, 125, 923, 54;
33, 237, 16, 484, -220, 9, 129, 925, 62;
26, 229, 9, 449, -255, -9, 102, 896, 38;
27, 230, 11, 438, -264, -3, 105, 898, 46;
25, 228, 11, 418, -281, -6, 98, 889, 43;
23, 226, 10, 397, -297, -8, 90, 881, 40;
23, 226, 12, 383, -305, -2, 93, 884, 48;
23, 226, 13, 367, -314, 1, 92, 883, 52;
18, 221, 9, 333, -338, -10, 72, 864, 37;
17, 221, 10, 313, -347, -8, 69, 862, 39;
18, 222, 12, 299, -349, 0, 73, 868, 50;
15, 220, 11, 270, -364, -5, 61, 859, 44;
14, 219, 11, 246, -374, -6, 55, 854, 43;
10, 216, 9, 215, -388, -12, 41, 844, 35;
16, 223, 16, 214, -371, 12, 65, 871, 65;
11, 219, 13, 178, -388, 1, 45, 856, 52;
12, 221, 16, 161, -385, 10, 50, 865, 63;
4, 214, 9, 113, -411, -11, 16, 836, 36;
9, 221, 16, 109, -392, 10, 38, 862, 64;
1, 214, 10, 62, -416, -9, 5, 836, 39;
5, 220, 15, 54, -399, 9, 22, 858, 62;
-1, 214, 10, 8, -419, -9, -7, 835, 39;
1, 219, 15, -2, -403, 6, 5, 854, 58;
-1, 218, 14, -32, -405, 3, -5, 851, 54;
-3, 217, 13, -61, -406, 0, -14, 849, 52;
-5, 217, 12, -90, -405, 0, -22, 848, 50;
-9, 216, 11, -122, -407, -5, -36, 842, 43;
-5, 222, 16, -131, -385, 11, -21, 865, 65;
-9, 220, 14, -164, -387, 4, -36, 859, 56;
-14, 217, 11, -200, -391, -5, -55, 848, 43;
-15, 218, 11, -224, -383, -4, -60, 853, 45;
-18, 217, 10, -253, -380, -9, -72, 849, 39;
-20, 218, 9, -280, -373, -11, -81, 850, 36;
-19, 222, 12, -294, -354, -1, -75, 865, 48;
-22, 221, 10, -321, -349, -6, -86, 864, 42;
-17, 228, 16, -325, -319, 11, -69, 890, 65;
-23, 224, 11, -362, -323, -3, -93, 876, 46;
-26, 225, 11, -385, -313, -6, -102, 877, 43;
-23, 230, 15, -392, -287, 6, -90, 898, 59;
-28, 227, 10, -425, -287, -6, -112, 886, 42;
-24, 234, 16, -426, -256, 9, -96, 912, 63;
-25, 235, 16, -443, -241, 9, -100, 918, 62;
-26, 237, 16, -458, -225, 10, -103, 925, 63;
-32, 234, 11, -488, -223, -4, -125, 912, 45;
-29, 238, 14, -492, -197, 5, -116, 931, 58;
-36, 235, 9, -522, -196, -10, -140, 917, 37;
-32, 240, 13, -521, -166, 1, -127, 939, 53;
-35, 240, 11, -538, -155, -4, -138, 937, 44;
-37, 240, 10, -551, -141, -8, -145, 939, 40;
-36, 243, 11, -556, -119, -5, -143, 950, 44;
-35, 247, 13, -556, -94, 1, -136, 966, 53;
-33, 251, 15, -554, -67, 8, -129, 982, 62;
-33, 253, 15, -560, -50, 7, -132, 987, 59;
-34, 254, 14, -565, -32, 5, -134, 992, 58;
-35, 255, 14, -568, -15, 4, -137, 998, 56;
-35, 257, 14, -568, 4, 4, -136, 1006, 57;
-39, 255, 10, -581, 11, -8, -152, 996, 40;
-35, 260, 13, -569, 40, 2, -139, 1016, 53;
-36, 262, 13, -567, 58, 0, -140, 1022, 51;
-38, 261, 10, -571, 68, -7, -150, 1018, 41;
-38, 262, 10, -566, 87, -8, -148, 1025, 40;
-35, 266, 12, -553, 112, -2, -139, 1039, 48;
-37, 266, 10, -552, 123, -9, -146, 1038, 39;
-30, 273, 16, -523, 160, 9, -120, 1068, 63;
-35, 270, 10, -530, 161, -7, -139, 1053, 41;
-31, 274, 13, -508, 188, 2, -124, 1072, 53;
-32, 275, 12, -500, 200, -2, -126, 1072, 47;
-27, 280, 16, -474, 229, 10, -107, 1094, 63;
-33, 275, 9, -480, 224, -11, -130, 1074, 37;
-26, 282, 15, -445, 258, 7, -103, 1103, 60;
-29, 280, 11, -440, 261, -4, -114, 1093, 45;
-25, 284, 14, -414, 284, 3, -99, 1109, 55;
-24, 285, 13, -396, 297, 2, -95, 1113, 54;
-25, 284, 11, -383, 303, -4, -99, 1109, 45;
-23, 286, 12, -361, 317, -2, -92, 1116, 48;
-24, 284, 9, -348, 320, -10, -97, 1110, 37;
-22, 286, 10, -323, 334, -8, -88, 1117, 40;
-17, 291, 14, -287, 357, 4, -66, 1137, 57;
-16, 291, 13, -266, 364, 2, -63, 1137, 53;
-15, 291, 12, -245, 369, -1, -62, 1136, 49;
-16, 289, 10, -228, 369, -8, -65, 1130, 39;
-14, 290, 10, -202, 377, -8, -58, 1133, 40;
-10, 294, 13, -167, 392, 1, -40, 1147, 52;
-7, 295, 14, -138, 401, 4, -30, 1153, 56;
-8, 293, 12, -119, 398, -2, -32, 1146, 47;
-5, 295, 13, -87, 406, 1, -19, 1153, 53;
-3, 295, 13, -62, 407, 0, -15, 1152, 51;
0, 298, 15, -27, 417, 8, 1, 1163, 61;
-3, 292, 9, -19, 399, -10, -15, 1139, 37;
-2, 292, 9, 7, 399, -10, -8, 1140, 38;
5, 297, 15, 52, 416, 7, 20, 1161, 60;
4, 295, 13, 72, 407, 0, 18, 1152, 51;
9, 298, 16, 110, 415, 11, 38, 1164, 65;
7, 293, 12, 123, 397, -2, 28, 1146, 48;
10, 295, 14, 154, 398, 3, 42, 1151, 55;
9, 291, 11, 171, 384, -5, 37, 1138, 44;
16, 296, 16, 215, 395, 12, 65, 1158, 66;
15, 293, 14, 231, 379, 3, 60, 1144, 55;
17, 292, 14, 255, 371, 3, 66, 1141, 54;
20, 293, 16, 285, 368, 9, 80, 1145, 62;
20, 291, 14, 304, 353, 4, 80, 1135, 56;
23, 291, 15, 330, 347, 8, 90, 1136, 61;
24, 289, 15, 350, 334, 6, 93, 1130, 58;
24, 288, 14, 370, 320, 4, 96, 1123, 56;
25, 286, 14, 389, 306, 3, 100, 1117, 55;
23, 281, 10, 398, 282, -7, 91, 1099, 42;
26, 281, 12, 421, 272, -3, 101, 1098, 46;
24, 277, 9, 430, 249, -11, 95, 1083, 36;
26, 277, 10, 450, 237, -8, 104, 1081, 40;
31, 280, 14, 479, 235, 4, 124, 1092, 57;
30, 275, 11, 485, 210, -3, 117, 1075, 46;
31, 274, 12, 501, 195, -1, 122, 1071, 48;
33, 274, 13, 517, 182, 2, 130, 1069, 53;
33, 271, 13, 526, 162, 0, 130, 1060, 50;
36, 272, 15, 543, 151, 6, 141, 1062, 59;
37, 270, 15, 553, 133, 7, 144, 1056, 60;
37, 268, 14, 559, 113, 5, 144, 1047, 58;
32, 262, 10, 551, 80, -8, 128, 1022, 40;
35, 262, 12, 562, 68, -2, 137, 1023, 48;
37, 262, 14, 574, 56, 4, 147, 1025, 57;
38, 261, 15, 579, 39, 7, 151, 1021, 60;
38, 259, 14, 578, 17, 4, 148, 1010, 57;
34, 253, 11, 567, -12, -5, 135, 990, 43;
37, 255, 14, 577, -21, 4, 148, 996, 56;
37, 252, 13, 572, -42, 1, 144, 985, 53;
34, 248, 11, 562, -68, -4, 135, 970, 45;
37, 250, 14, 567, -77, 5, 146, 976, 58;
33, 244, 11, 550, -107, -5, 131, 954, 43;
36, 246, 14, 554, -114, 5, 143, 962, 58;
35, 244, 14, 543, -135, 3, 138, 952, 55;
34, 242, 14, 533, -153, 2, 135, 945, 54;
31, 238, 11, 515, -178, -3, 124, 930, 46;
28, 234, 9, 495, -203, -12, 111, 913, 36;
29, 233, 10, 486, -216, -7, 113, 912, 41;
30, 234, 12, 479, -225, 0, 118, 915, 50;
28, 232, 12, 462, -242, -2, 112, 907, 48;
27, 230, 11, 444, -259, -3, 106, 899, 46;
29, 232, 15, 437, -263, 7, 116, 907, 60;
24, 227, 11, 407, -289, -4, 96, 887, 45;
27, 230, 15, 400, -290, 8, 107, 898, 61;
23, 226, 12, 371, -312, 0, 91, 882, 49;
23, 226, 14, 355, -319, 3, 92, 883, 55;
23, 227, 15, 339, -326, 9, 93, 886, 62;
22, 225, 15, 315, -338, 7, 86, 880, 60;
21, 226, 16, 295, -344, 11, 85, 881, 65;
18, 223, 14, 265, -360, 5, 71, 870, 57;
12, 218, 10, 228, -381, -7, 49, 851, 41;
16, 222, 16, 220, -371, 9, 64, 869, 62;
13, 220, 14, 190, -383, 4, 51, 860, 56;
10, 218, 13, 160, -393, 0, 39, 853, 51;
10, 220, 15, 141, -391, 7, 42, 860, 60;
3, 214, 9, 95, -414, -11, 12, 835, 36;
8, 220, 16, 90, -396, 9, 31, 860, 62;
2, 216, 11, 50, -411, -3, 8, 842, 46;
-2, 213, 9, 15, -421, -11, -7, 832, 36;
0, 217, 13, 1, -408, 1, 2, 849, 53;
1, 220, 16, -15, -398, 11, 7, 861, 65;
-6, 214, 9, -64, -418, -10, -26, 834, 38;
-6, 216, 11, -84, -409, -3, -24, 843, 46;
-9, 214, 10, -117, -412, -9, -38, 837, 39;
-11, 215, 10, -142, -406, -8, -43, 840, 40;
-7, 221, 16, -150, -383, 9, -27, 865, 63;
-15, 215, 9, -198, -399, -12, -61, 840, 35;
-12, 221, 14, -206, -376, 4, -47, 863, 56;
-11, 223, 16, -225, -363, 10, -46, 873, 63;
-18, 219, 11, -266, -371, -6, -72, 855, 42;
-18, 222, 12, -284, -356, 0, -71, 866, 50;
-21, 221, 11, -313, -352, -6, -84, 863, 43;
-24, 220, 9, -340, -346, -10, -95, 861, 37;
-24, 223, 10, -358, -330, -6, -95, 870, 42;
-24, 225, 12, -375, -314, -3, -96, 879, 46;
-22, 230, 15, -384, -290, 8, -87, 898, 61;
-27, 228, 12, -414, -287, -2, -105, 890, 47;
-28, 229, 12, -433, -273, -2, -110, 895, 47;
-31, 229, 10, -456, -265, -8, -122, 893, 40;
-28, 234, 14, -460, -237, 3, -111, 914, 55;
-28, 236, 14, -473, -219, 5, -111, 923, 58;
-32, 235, 12, -496, -211, -2, -125, 919, 47;
-31, 238, 13, -504, -189, 2, -122, 931, 54;
-29, 243, 16, -508, -163, 10, -115, 948, 64;
-34, 240, 12, -532, -158, -1, -134, 939, 48;
-35, 241, 11, -544, -143, -4, -139, 942, 45;
-38, 241, 9, -558, -130, -10, -149, 942, 37;
-35, 246, 13, -555, -102, 0, -138, 961, 50;
-38, 245, 10, -571, -92, -9, -151, 957, 39;
-37, 248, 11, -572, -69, -5, -147, 969, 44;
-38, 249, 10, -577, -51, -6, -150, 974, 42;
-40, 250, 9, -583, -36, -11, -156, 976, 37;
-33, 259, 16, -562, 4, 11, -128, 1011, 64;
-37, 256, 11, -577, 8, -4, -147, 999, 45;
-35, 260, 14, -568, 35, 3, -138, 1016, 55;
-39, 258, 10, -578, 42, -9, -153, 1007, 39;
-32, 266, 16, -553, 81, 11, -126, 1040, 65;
-32, 268, 16, -549, 99, 10, -126, 1045, 63;
-35, 266, 13, -553, 108, 0, -137, 1040, 50;
-35, 267, 12, -548, 123, -3, -139, 1043, 47;
-33, 271, 13, -533, 147, 2, -130, 1057, 54;
-35, 270, 11, -532, 156, -6, -138, 1053, 43;
-31, 274, 14, -511, 183, 3, -124, 1071, 55;
-32, 275, 12, -503, 197, 0, -125, 1073, 50;
-28, 279, 15, -482, 221, 6, -113, 1088, 59;
-32, 275, 10, -482, 222, -7, -127, 1076, 41;
-30, 278, 11, -463, 241, -4, -119, 1085, 45;
-31, 278, 9, -452, 251, -10, -122, 1084, 38;
-25, 284, 14, -419, 280, 4, -99, 1108, 56;
-25, 284, 13, -405, 289, 0, -101, 1107, 50;
-22, 287, 15, -379, 309, 6, -88, 1120, 58;
-25, 284, 11, -371, 309, -5, -98, 1110, 43;
-19, 290, 15, -337, 335, 7, -76, 1131, 60;
-21, 287, 11, -325, 335, -3, -84, 1122, 46;
-18, 290, 13, -298, 350, 1, -73, 1131, 52;
-16, 291, 14, -272, 362, 3, -64, 1138, 55;
-14, 293, 14, -246, 374, 6, -55, 1144, 58;
-16, 289, 10, -235, 368, -7, -66, 1130, 41;
-16, 289, 9, -214, 371, -11, -64, 1128, 36;
-11, 293, 12, -179, 387, -2, -46, 1142, 48;
-7, 296, 15, -143, 403, 7, -27, 1157, 60;
-10, 292, 10, -132, 392, -7, -40, 1140, 42;
-10, 291, 9, -110, 391, -12, -39, 1135, 35;
-4, 295, 13, -71, 407, 0, -16, 1152, 52;
-2, 295, 13, -44, 408, 0, -11, 1152, 51;
0, 296, 14, -14, 413, 4, 0, 1157, 55;
-1, 293, 10, 2, 402, -6, -6, 1144, 42;
4, 297, 15, 42, 415, 6, 17, 1160, 59;
1, 292, 10, 54, 399, -8, 5, 1142, 40;
3, 292, 10, 82, 397, -7, 13, 1142, 42;
7, 295, 13, 117, 402, 1, 30, 1151, 52;
5, 291, 9, 132, 386, -10, 22, 1135, 38;
13, 296, 15, 177, 400, 9, 53, 1157, 62;
14, 295, 15, 201, 392, 6, 56, 1152, 59;
12, 291, 11, 215, 374, -4, 49, 1136, 45;
14, 290, 11, 240, 366, -3, 55, 1133, 46;
15, 289, 11, 262, 355, -6, 58, 1127, 42;
18, 290, 12, 291, 352, 0, 72, 1131, 50;
22, 291, 15, 323, 351, 8, 88, 1138, 61;
24, 291, 15, 346, 340, 9, 95, 1135, 62;
20, 285, 11, 352, 313, -5, 81, 1111, 43;
20, 281, 9, 367, 295, -12, 79, 1099, 36;
28, 287, 15, 407, 302, 7, 109, 1119, 60;
25, 282, 12, 415, 277, -2, 100, 1101, 47;
27, 281, 12, 434, 264, -1, 106, 1096, 48;
25, 276, 9, 442, 240, -10, 99, 1080, 37;
33, 282, 16, 480, 247, 11, 130, 1102, 65;
32, 279, 14, 489, 224, 5, 126, 1088, 57;
32, 276, 14, 501, 206, 3, 128, 1079, 55;
35, 277, 15, 520, 195, 9, 138, 1080, 62;
35, 274, 14, 528, 174, 5, 137, 1069, 57;
37, 274, 16, 545, 162, 11, 147, 1070, 65;
32, 266, 10, 535, 125, -7, 125, 1040, 41;
38, 270, 16, 561, 124, 10, 149, 1055, 63;
35, 265, 12, 556, 94, -1, 137, 1034, 49;
32, 260, 9, 552, 66, -10, 126, 1015, 37;
37, 263, 14, 572, 61, 4, 146, 1026, 56;
36, 260, 13, 571, 38, 0, 141, 1014, 50;
36, 258, 12, 572, 18, 0, 141, 1006, 50;
36, 256, 12, 573, 0, 0, 141, 999, 50;
35, 253, 12, 571, -21, -2, 139, 990, 48;
38, 254, 15, 577, -32, 6, 150, 993, 59;
35, 249, 11, 564, -61, -3, 136, 974, 46;
35, 249, 13, 563, -76, 0, 140, 971, 51;
39, 250, 16, 569, -84, 11, 152, 978, 65;
31, 241, 9, 539, -125, -11, 122, 943, 36;
31, 240, 10, 533, -141, -9, 123, 939, 39;
33, 241, 12, 533, -151, 0, 132, 943, 50;
30, 237, 9, 513, -178, -9, 117, 924, 38;
36, 242, 16, 522, -175, 10, 140, 944, 64;
30, 235, 11, 494, -206, -3, 119, 919, 46;
33, 237, 15, 491, -212, 6, 129, 926, 59;
31, 235, 14, 473, -231, 4, 121, 917, 56;
30, 234, 15, 459, -244, 6, 120, 914, 58;
26, 229, 11, 431, -270, -4, 103, 895, 45;
23, 226, 10, 409, -289, -8, 93, 884, 40;
21, 224, 9, 388, -305, -10, 85, 876, 37;
24, 227, 13, 380, -306, 1, 95, 886, 52;
23, 226, 13, 360, -318, 1, 91, 882, 53;
20, 223, 11, 332, -336, -4, 78, 870, 45;
19, 222, 12, 312, -344, -2, 75, 869, 48;
17, 221, 12, 289, -355, -2, 69, 865, 48;
16, 221, 12, 267, -363, 0, 65, 863, 49;
18, 223, 15, 253, -361, 9, 72, 873, 62;
11, 217, 10, 212, -385, -6, 45, 850, 42;
12, 219, 13, 194, -385, 0, 48, 856, 51;
8, 216, 11, 162, -397, -6, 34, 846, 43;
6, 216, 10, 135, -404, -7, 26, 842, 41;
4, 214, 10, 106, -410, -9, 17, 838, 39;
6, 217, 13, 90, -403, 0, 23, 850, 52;
3, 216, 12, 59, -410, -3, 11, 844, 47;
5, 220, 16, 45, -399, 9, 20, 859, 62;
0, 216, 12, 8, -410, 0, 1, 846, 49;
1, 220, 15, -9, -400, 8, 6, 858, 61;
-2, 217, 13, -44, -408, 0, -10, 847, 51;
-7, 214, 9, -81, -416, -9, -30, 835, 38;
-3, 220, 15, -89, -394, 8, -13, 860, 62;
-10, 215, 10, -134, -409, -9, -42, 839, 39;
-10, 217, 11, -155, -398, -3, -42, 847, 46;
-14, 215, 9, -187, -400, -10, -56, 841, 38;
-13, 219, 12, -205, -385, -2, -53, 854, 48;
-13, 221, 14, -223, -371, 4, -50, 865, 56;
-15, 221, 13, -250, -366, 1, -60, 865, 53;
-15, 224, 15, -270, -352, 6, -60, 873, 58;
-17, 224, 14, -294, -344, 4, -68, 875, 57;
-19, 225, 14, -317, -334, 4, -74, 879, 56;
-18, 228, 16, -333, -316, 11, -71, 891, 64;
-24, 225, 12, -368, -318, -2, -94, 878, 47;
-22, 229, 15, -378, -295, 8, -85, 896, 61;
-29, 224, 9, -417, -301, -11, -115, 877, 36;
-25, 231, 14, -418, -270, 5, -98, 903, 57;
-28, 230, 12, -443, -262, -1, -111, 900, 49;
-28, 233, 13, -456, -243, 2, -110, 911, 54;
-28, 236, 15, -468, -224, 6, -110, 921, 58;
-34, 232, 9, -499, -223, -9, -133, 907, 38;
-31, 237, 13, -502, -197, 0, -124, 926, 51;
-32, 239, 13, -514, -179, 0, -127, 933, 51;
-33, 241, 13, -524, -161, 1, -128, 941, 53;
-32, 244, 14, -530, -139, 5, -126, 953, 58;
-31, 248, 16, -533, -114, 11, -120, 967, 65;
-36, 245, 12, -555, -110, -2, -140, 956, 47;
-32, 251, 16, -548, -78, 11, -125, 980, 64;
-38, 247, 10, -571, -77, -6, -148, 965, 42;
-36, 250, 12, -571, -53, -1, -144, 978, 48;
-34, 255, 15, -564, -24, 7, -133, 997, 60;
-40, 251, 9, -584, -23, -11, -156, 981, 37;
-37, 255, 11, -577, 2, -3, -147, 997, 46;
-34, 260, 15, -566, 32, 6, -134, 1017, 58;
-32, 264, 16, -559, 55, 10, -128, 1029, 64;
-35, 263, 13, -564, 66, 2, -137, 1027, 54;
-39, 260, 9, -572, 72, -11, -153, 1017, 37;
-35, 266, 13, -555, 102, 0, -137, 1038, 51;
-33, 269, 14, -543, 125, 4, -130, 1050, 56;
-36, 267, 10, -547, 131, -7, -143, 1042, 41;
-30, 274, 16, -520, 166, 9, -119, 1070, 63;
-31, 275, 15, -512, 180, 6, -121, 1072, 58;
-34, 272, 10, -514, 184, -7, -135, 1062, 41;
-33, 274, 11, -500, 202, -6, -130, 1070, 43;
-32, 276, 11, -485, 219, -5, -126, 1077, 44;
-28, 280, 14, -460, 244, 3, -111, 1094, 55;
-30, 278, 10, -454, 249, -6, -119, 1087, 42;
-29, 280, 10, -437, 263, -7, -115, 1092, 42;
-24, 285, 14, -406, 291, 5, -95, 1113, 58;
-27, 282, 10, -400, 290, -8, -107, 1101, 40;
-25, 284, 11, -377, 307, -4, -98, 1110, 45;
-23, 286, 12, -354, 321, -2, -90, 1117, 47;
-22, 287, 11, -333, 331, -3, -86, 1120, 46;
-22, 286, 9, -317, 335, -10, -89, 1116, 38;
-16, 292, 14, -278, 361, 5, -63, 1140, 58;
-17, 290, 12, -262, 363, -1, -67, 1133, 48;
-16, 290, 11, -241, 367, -5, -65, 1132, 44;
-9, 296, 16, -200, 392, 11, -38, 1156, 64;
-15, 289, 9, -197, 376, -11, -60, 1130, 36;
-6, 297, 16, -148, 404, 11, -25, 1161, 65;
-8, 294, 13, -133, 399, 0, -32, 1149, 51;
-7, 294, 12, -109, 400, -1, -28, 1148, 48;
-5, 295, 13, -80, 406, 0, -19, 1151, 51;
-6, 292, 9, -64, 397, -10, -26, 1139, 37;
-5, 291, 9, -38, 397, -11, -21, 1138, 36;
-3, 292, 9, -9, 400, -9, -12, 1140, 38;
5, 298, 16, 37, 419, 10, 19, 1165, 63;
3, 295, 13, 55, 409, 1, 14, 1153, 52;
4, 294, 12, 79, 404, -1, 18, 1149, 49;
3, 291, 9, 96, 391, -11, 12, 1136, 36;
9, 295, 13, 136, 400, 2, 36, 1151, 53;
12, 296, 15, 167, 400, 7, 48, 1155, 59;
8, 290, 10, 176, 378, -9, 34, 1133, 39;
10, 289, 9, 200, 370, -10, 39, 1129, 38;
15, 292, 13, 237, 374, 1, 60, 1140, 52;
13, 288, 10, 251, 356, -8, 54, 1125, 40;
21, 293, 16, 294, 366, 10, 83, 1145, 63;
17, 287, 11, 301, 340, -5, 69, 1122, 43;
18, 285, 10, 321, 326, -8, 71, 1114, 40;
22, 287, 13, 353, 325, 1, 89, 1122, 52;
21, 284, 10, 365, 304, -6, 84, 1107, 42;
25, 284, 13, 392, 298, 0, 97, 1111, 50;
23, 280, 10, 403, 276, -8, 91, 1095, 40;
24, 279, 10, 422, 262, -8, 96, 1090, 40;
28, 281, 13, 448, 257, 0, 112, 1096, 52;
30, 280, 14, 467, 244, 3, 119, 1094, 55;
30, 277, 13, 479, 225, 0, 119, 1084, 51;
27, 272, 9, 481, 196, -11, 108, 1063, 36;
31, 273, 12, 504, 188, -3, 122, 1067, 47;
33, 273, 13, 520, 175, 1, 130, 1066, 52;
37, 274, 16, 540, 167, 10, 144, 1071, 63;
37, 272, 16, 549, 148, 9, 146, 1063, 62;
31, 264, 9, 536, 108, -12, 121, 1029, 35;
32, 262, 9, 545, 91, -9, 125, 1025, 38;
38, 266, 15, 569, 90, 7, 149, 1040, 60;
39, 266, 16, 577, 75, 11, 154, 1037, 64;
39, 263, 15, 579, 53, 8, 152, 1027, 61;
39, 261, 16, 582, 35, 9, 154, 1021, 62;
33, 254, 10, 565, -2, -8, 131, 991, 40;
36, 255, 13, 574, -12, 0, 143, 996, 51;
39, 256, 15, 580, -23, 8, 153, 999, 61;
33, 248, 10, 561, -59, -8, 131, 970, 40;
37, 251, 14, 569, -66, 4, 146, 979, 56;
38, 250, 15, 568, -81, 8, 149, 976, 61;
35, 246, 13, 553, -108, 0, 137, 959, 50;
32, 241, 10, 537, -134, -7, 125, 942, 41;
36, 244, 15, 544, -137, 7, 142, 955, 60;
35, 242, 14, 531, -157, 4, 136, 945, 56;
34, 240, 14, 519, -176, 4, 133, 938, 56;
30, 235, 11, 497, -202, -5, 118, 919, 44;
28, 233, 10, 480, -222, -8, 111, 909, 40;
32, 236, 14, 480, -224, 6, 125, 921, 58;
26, 230, 10, 450, -254, -8, 103, 897, 40;
26, 229, 11, 436, -267, -5, 102, 895, 43;
26, 228, 12, 421, -279, -3, 101, 893, 46;
29, 231, 16, 415, -279, 10, 113, 904, 63;
25, 227, 13, 387, -301, 1, 98, 889, 53;
25, 228, 15, 372, -308, 7, 99, 891, 59;
18, 221, 9, 334, -337, -9, 73, 865, 38;
21, 224, 13, 324, -336, 2, 83, 876, 53;
15, 219, 9, 287, -361, -12, 59, 854, 35;
21, 225, 16, 287, -347, 11, 82, 879, 64;
12, 217, 9, 240, -380, -12, 47, 847, 35;
10, 216, 9, 215, -388, -12, 41, 844, 35;
12, 219, 12, 201, -385, -1, 48, 854, 48;
13, 221, 15, 185, -381, 8, 54, 864, 61;
9, 218, 13, 152, -394, 0, 38, 853, 51;
6, 216, 11, 119, -406, -6, 23, 843, 43;
9, 221, 16, 109, -393, 10, 37, 862, 64;
6, 219, 14, 77, -400, 5, 25, 855, 58;
3, 217, 13, 45, -407, 0, 12, 848, 52;
3, 219, 15, 26, -401, 8, 14, 857, 61;
0, 217, 13, -7, -408, 1, 0, 848, 52;
-1, 217, 13, -34, -407, 1, -7, 848, 52;
-4, 217, 12, -63, -407, 0, -16, 847, 50;
-7, 215, 11, -95, -410, -5, -29, 842, 44;
-7, 217, 12, -117, -402, -1, -30, 848, 49;
-9, 217, 12, -145, -399, -2, -38, 848, 47;
-13, 216, 10, -176, -399, -7, -51, 844, 41;
-12, 219, 13, -193, -385, 0, -47, 856, 51;
-12, 222, 15, -213, -372, 6, -46, 866, 58;
-11, 224, 16, -232, -359, 11, -46, 876, 65;
-16, 222, 14, -265, -359, 3, -62, 868, 54;
-14, 226, 16, -280, -340, 11, -57, 883, 65;
-18, 225, 14, -309, -337, 5, -72, 878, 57;
-18, 227, 15, -328, -322, 8, -72, 887, 61;
-23, 225, 12, -361, -322, -2, -92, 877, 47;
-26, 224, 10, -385, -313, -6, -102, 877, 42;
-29, 224, 9, -411, -306, -12, -114, 875, 35;
-24, 232, 15, -410, -272, 8, -93, 905, 61;
-23, 234, 16, -424, -253, 12, -93, 915, 66;
-25, 235, 16, -442, -240, 10, -99, 919, 64;
-33, 230, 9, -480, -247, -11, -131, 897, 36;
-32, 233, 11, -489, -224, -4, -126, 912, 45;
-35, 233, 9, -509, -213, -10, -137, 911, 37;
-33, 238, 12, -512, -187, -1, -129, 928, 48;
-29, 243, 16, -512, -157, 10, -116, 950, 64;
-33, 242, 13, -530, -148, 2, -129, 947, 54;
-31, 246, 15, -534, -124, 8, -124, 960, 61;
-32, 247, 15, -543, -106, 7, -127, 966, 60;
-39, 243, 9, -569, -107, -12, -153, 949, 35;
-34, 250, 14, -559, -73, 3, -135, 976, 55;
-34, 252, 14, -563, -53, 4, -135, 983, 56;
-33, 255, 16, -561, -28, 9, -129, 997, 63;
-38, 253, 11, -577, -23, -4, -148, 986, 45;
-35, 257, 13, -571, 2, 2, -139, 1003, 54;
-37, 257, 12, -574, 17, -1, -144, 1004, 48;
-37, 258, 11, -575, 34, -4, -147, 1009, 45;
-38, 259, 10, -575, 50, -6, -149, 1012, 42;
-36, 263, 12, -565, 75, -1, -142, 1026, 48;
-32, 268, 16, -547, 105, 10, -126, 1048, 63;
-35, 266, 12, -552, 113, -1, -138, 1041, 49;
-35, 268, 12, -545, 129, -3, -138, 1045, 47;
-30, 274, 16, -522, 161, 11, -118, 1070, 64;
-33, 272, 12, -523, 168, 0, -130, 1062, 50;
-33, 273, 12, -512, 184, -1, -128, 1067, 49;
-28, 279, 16, -486, 214, 11, -109, 1090, 65;
-33, 274, 10, -493, 210, -9, -132, 1070, 39;
-26, 282, 16, -458, 246, 11, -102, 1101, 64;
-26, 283, 15, -445, 259, 8, -102, 1103, 61;
-24, 285, 16, -425, 277, 10, -94, 1112, 64;
-28, 281, 11, -424, 274, -5, -111, 1097, 43;
-28, 281, 10, -407, 285, -8, -109, 1099, 40;
-25, 284, 12, -382, 304, -3, -98, 1110, 46;
-23, 286, 12, -359, 319, 0, -90, 1118, 49;
-18, 291, 16, -326, 341, 10, -71, 1136, 63;
-23, 285, 9, -326, 331, -11, -92, 1113, 36;
-22, 286, 9, -303, 341, -11, -86, 1117, 37;
-15, 292, 14, -262, 367, 5, -59, 1142, 57;
-15, 292, 13, -243, 371, 0, -59, 1139, 52;
-16, 290, 10, -226, 372, -6, -62, 1133, 42;
-11, 294, 14, -190, 389, 3, -43, 1148, 55;
-12, 292, 11, -172, 387, -4, -46, 1141, 45;
-10, 292, 11, -148, 391, -5, -42, 1141, 44;
-8, 293, 11, -120, 397, -3, -33, 1144, 46;
-4, 296, 14, -84, 410, 5, -15, 1157, 57;
-3, 295, 13, -61, 409, 1, -13, 1154, 53;
-4, 293, 11, -41, 403, -5, -16, 1145, 43;
-2, 293, 10, -16, 402, -7, -11, 1143, 41;
4, 298, 16, 27, 419, 9, 16, 1164, 63;
0, 293, 11, 38, 402, -6, 3, 1144, 43;
6, 297, 14, 77, 412, 5, 25, 1158, 58;
8, 296, 14, 104, 409, 5, 31, 1157, 57;
4, 291, 9, 115, 389, -10, 18, 1136, 38;
9, 294, 12, 151, 395, 0, 37, 1147, 50;
10, 292, 11, 173, 386, -3, 39, 1141, 46;
11, 291, 11, 198, 379, -4, 45, 1137, 45;
12, 289, 10, 220, 368, -7, 47, 1130, 41;
14, 290, 11, 248, 364, -3, 57, 1132, 46;
21, 294, 16, 287, 370, 11, 82, 1147, 64;
22, 292, 16, 309, 359, 9, 86, 1142, 63;
17, 286, 10, 313, 330, -8, 69, 1115, 40;
24, 289, 15, 351, 334, 6, 94, 1130, 59;
26, 289, 16, 376, 326, 10, 104, 1130, 64;
22, 283, 11, 380, 297, -5, 89, 1106, 44;
22, 280, 9, 394, 278, -10, 87, 1094, 37;
24, 279, 10, 414, 266, -9, 93, 1091, 39;
26, 279, 11, 437, 256, -4, 103, 1091, 44;
31, 281, 15, 465, 252, 6, 122, 1099, 58;
32, 280, 15, 481, 236, 6, 126, 1094, 59;
29, 275, 11, 484, 208, -5, 115, 1073, 44;
31, 274, 12, 499, 194, -3, 121, 1069, 47;
35, 276, 16, 524, 189, 9, 140, 1079, 62;
31, 269, 10, 520, 156, -6, 122, 1052, 42;
36, 272, 15, 543, 151, 6, 141, 1062, 59;
37, 271, 15, 554, 135, 8, 146, 1057, 61;
33, 264, 11, 547, 101, -6, 129, 1032, 43;
35, 264, 12, 558, 88, -1, 137, 1031, 49;
34, 261, 11, 559, 64, -5, 133, 1018, 43;
35, 260, 12, 566, 48, -2, 138, 1015, 47;
37, 260, 14, 575, 35, 3, 146, 1016, 55;
35, 257, 12, 571, 11, -1, 140, 1002, 48;
37, 256, 13, 575, -4, 2, 145, 1000, 53;
35, 252, 11, 567, -30, -4, 136, 984, 45;
38, 253, 14, 576, -39, 5, 149, 990, 58;
32, 246, 9, 555, -75, -11, 127, 962, 37;
35, 247, 12, 559, -85, -2, 136, 966, 47;
35, 246, 13, 556, -101, 0, 138, 962, 51;
36, 246, 14, 553, -115, 5, 143, 961, 57;
32, 241, 11, 535, -143, -4, 128, 942, 45;
32, 239, 11, 524, -162, -5, 124, 934, 44;
36, 243, 16, 530, -163, 11, 142, 948, 64;
31, 237, 12, 503, -194, -3, 122, 924, 47;
32, 237, 14, 498, -204, 4, 128, 927, 56;
28, 232, 10, 471, -232, -7, 109, 906, 41;
28, 232, 12, 461, -243, -3, 111, 906, 47;
31, 234, 16, 457, -246, 9, 122, 915, 62;
28, 231, 13, 432, -269, 2, 109, 901, 53;
29, 232, 16, 423, -273, 11, 116, 908, 65;
28, 231, 16, 404, -286, 11, 112, 903, 65;
23, 226, 12, 371, -312, 0, 91, 882, 49;
21, 224, 12, 348, -326, -3, 83, 875, 47;
23, 226, 15, 338, -327, 8, 92, 885, 61;
16, 220, 10, 299, -354, -8, 66, 860, 40;
17, 221, 12, 281, -358, -2, 67, 864, 48;
14, 218, 10, 252, -373, -8, 54, 853, 40;
11, 217, 9, 225, -384, -10, 45, 847, 37;
12, 218, 11, 206, -385, -4, 46, 852, 45;
10, 218, 11, 182, -391, -3, 41, 850, 46;
10, 219, 13, 161, -392, 1, 41, 854, 52;
5, 214, 9, 123, -409, -10, 19, 837, 37;
8, 219, 14, 112, -397, 4, 32, 855, 57;
4, 217, 12, 79, -407, -1, 18, 846, 49;
3, 217, 13, 54, -407, 0, 13, 848, 51;
0, 214, 10, 19, -416, -7, -2, 837, 41;
1, 218, 14, 3, -406, 3, 3, 851, 54;
-3, 215, 11, -33, -415, -6, -14, 839, 43;
0, 221, 16, -41, -395, 12, 1, 862, 66;
-3, 219, 14, -75, -400, 5, -13, 855, 57;
-6, 217, 13, -107, -402, 0, -26, 849, 50;
-5, 221, 16, -124, -389, 9, -21, 863, 62;
-9, 219, 14, -157, -390, 2, -36, 856, 54;
-15, 215, 9, -196, -398, -10, -59, 841, 37;
-16, 216, 10, -220, -390, -9, -64, 846, 39;
-11, 224, 16, -225, -362, 10, -45, 873, 64;
-14, 223, 14, -254, -359, 5, -57, 870, 57;
-19, 221, 11, -288, -359, -3, -75, 862, 46;
-19, 223, 12, -307, -346, 0, -77, 870, 50;
-18, 227, 15, -321, -326, 8, -71, 885, 61;
-23, 224, 12, -353, -326, -2, -90, 876, 48;
-24, 226, 12, -373, -312, 0, -93, 882, 49;
-25, 227, 12, -393, -299, -1, -99, 887, 49;
-24, 231, 15, -405, -278, 6, -94, 901, 59;
-24, 233, 15, -422, -263, 8, -97, 908, 60;
-27, 232, 13, -445, -253, 2, -108, 907, 53;
-25, 237, 16, -452, -228, 12, -100, 925, 66;
-28, 236, 14, -473, -219, 5, -111, 923, 58;
-34, 233, 9, -503, -218, -9, -135, 909, 38;
-34, 236, 11, -512, -196, -5, -132, 921, 44;
-35, 237, 10, -526, -181, -7, -138, 925, 41;
-36, 239, 10, -537, -164, -7, -140, 932, 41;
-31, 245, 15, -531, -130, 8, -124, 958, 60;
-36, 243, 12, -551, -123, -3, -140, 950, 46;
-31, 250, 16, -544, -90, 11, -123, 976, 65;
-32, 252, 16, -549, -71, 11, -124, 983, 65;
-37, 249, 11, -570, -67, -3, -145, 971, 46;
-34, 253, 14, -564, -39, 5, -134, 990, 57;
-35, 255, 14, -569, -22, 3, -138, 994, 55;
-32, 259, 16, -562, 5, 11, -128, 1012, 65;
-34, 259, 15, -566, 19, 6, -134, 1012, 59;
-38, 257, 10, -579, 24, -7, -151, 1002, 41;
-35, 262, 13, -566, 53, 2, -138, 1022, 54;
-38, 261, 11, -571, 64, -6, -148, 1018, 43;
-36, 264, 12, -561, 87, -1, -141, 1031, 48;
-38, 263, 9, -564, 97, -10, -151, 1026, 37;
-37, 265, 10, -555, 117, -9, -147, 1035, 39;
-35, 268, 11, -541, 140, -4, -139, 1048, 45;
-33, 271, 12, -526, 162, 0, -131, 1060, 50;
-31, 275, 14, -510, 185, 4, -122, 1073, 57;
-33, 273, 11, -508, 191, -5, -131, 1066, 44;
-31, 276, 12, -490, 213, -1, -123, 1078, 49;
-32, 276, 11, -480, 224, -6, -125, 1078, 43;
-29, 279, 12, -461, 243, -2, -116, 1089, 48;
-24, 284, 16, -432, 271, 10, -97, 1110, 63;
-26, 283, 14, -421, 279, 3, -101, 1106, 54;
-26, 283, 12, -406, 288, -1, -102, 1106, 49;
-24, 285, 13, -384, 304, 1, -94, 1114, 52;
-20, 289, 16, -355, 325, 10, -78, 1130, 63;
-24, 285, 10, -351, 321, -6, -93, 1114, 42;
-22, 287, 11, -327, 334, -4, -86, 1120, 44;
-20, 288, 11, -304, 344, -4, -80, 1124, 44;
-13, 294, 16, -264, 371, 11, -53, 1148, 65;
-18, 289, 10, -258, 361, -6, -70, 1129, 42;
-18, 288, 9, -239, 364, -12, -71, 1125, 36;
-9, 296, 16, -192, 394, 10, -37, 1156, 64;
-11, 293, 12, -178, 388, -1, -45, 1144, 49;
-10, 293, 12, -152, 394, -1, -39, 1145, 49;
-8, 294, 12, -125, 399, 0, -32, 1148, 49;
-9, 292, 10, -107, 394, -8, -35, 1139, 39;
-7, 292, 10, -79, 398, -7, -27, 1141, 41;
-3, 294, 11, -48, 405, -3, -15, 1148, 46;
0, 296, 13, -15, 412, 2, -1, 1155, 54;
4, 299, 16, 20, 420, 11, 15, 1166, 64;
0, 294, 11, 31, 404, -4, 3, 1147, 45;
4, 295, 13, 63, 407, 0, 16, 1152, 51;
9, 298, 16, 100, 415, 10, 35, 1164, 64;
6, 293, 11, 112, 397, -4, 23, 1144, 45;
10, 295, 14, 147, 401, 4, 41, 1153, 56;
8, 291, 10, 160, 383, -8, 31, 1135, 40;
10, 291, 10, 187, 378, -6, 39, 1135, 42;
15, 294, 15, 225, 384, 6, 62, 1148, 58;
17, 294, 15, 251, 377, 7, 69, 1147, 59;
14, 288, 10, 259, 353, -8, 55, 1123, 39;
18, 290, 13, 292, 353, 0, 73, 1132, 52;
19, 288, 12, 313, 341, -1, 76, 1126, 49;
20, 286, 11, 333, 327, -4, 78, 1118, 45;
25, 289, 15, 366, 327, 7, 98, 1128, 60;
23, 285, 12, 377, 305, -1, 92, 1112, 48;
26, 285, 14, 402, 297, 3, 103, 1113, 54;
29, 286, 16, 428, 290, 10, 116, 1117, 63;
25, 279, 10, 429, 259, -6, 100, 1091, 42;
29, 280, 13, 453, 251, 0, 113, 1094, 51;
29, 278, 12, 468, 234, 0, 115, 1086, 49;
27, 273, 9, 472, 207, -12, 105, 1066, 35;
29, 273, 10, 490, 195, -7, 114, 1066, 41;
36, 277, 16, 522, 197, 11, 140, 1083, 64;
31, 271, 11, 518, 163, -4, 124, 1056, 44;
33, 270, 12, 532, 149, 0, 131, 1055, 49;
37, 271, 15, 550, 140, 7, 144, 1058, 60;
38, 270, 16, 561, 124, 10, 149, 1055, 63;
32, 262, 9, 547, 84, -10, 125, 1022, 37;
36, 264, 13, 566, 79, 2, 143, 1031, 54;
34, 259, 10, 561, 50, -6, 132, 1012, 42;
36, 260, 13, 572, 39, 1, 143, 1015, 52;
36, 258, 12, 572, 19, 0, 142, 1006, 50;
36, 255, 12, 572, -1, -1, 140, 997, 48;
39, 257, 15, 581, -10, 8, 152, 1003, 61;
39, 256, 16, 582, -27, 11, 155, 999, 64;
39, 254, 16, 579, -46, 11, 155, 993, 65;
32, 245, 9, 552, -88, -11, 125, 956, 36;
32, 243, 9, 547, -105, -10, 126, 951, 38;
36, 247, 14, 555, -109, 4, 143, 963, 57;
33, 242, 12, 539, -135, -2, 131, 946, 47;
31, 239, 10, 524, -159, -9, 121, 932, 39;
30, 237, 9, 513, -178, -9, 117, 924, 38;
30, 236, 10, 504, -193, -7, 118, 921, 42;
28, 233, 9, 487, -214, -10, 110, 910, 37;
28, 232, 10, 475, -228, -8, 109, 907, 40;
31, 235, 14, 474, -230, 5, 123, 918, 57;
32, 235, 16, 463, -241, 9, 124, 918, 63;
28, 231, 13, 438, -264, 1, 110, 902, 53;
23, 226, 9, 407, -290, -10, 91, 882, 38;
26, 229, 14, 403, -289, 4, 104, 895, 56;
23, 226, 12, 376, -309, -2, 91, 882, 47;
22, 225, 12, 357, -320, 0, 88, 879, 49;
23, 226, 14, 342, -325, 5, 90, 883, 58;
17, 221, 10, 308, -349, -6, 70, 863, 42;
20, 224, 14, 297, -347, 5, 79, 875, 57;
18, 222, 14, 271, -359, 3, 70, 868, 54;
18, 224, 16, 254, -360, 10, 73, 874, 63;
17, 224, 16, 231, -366, 12, 69, 873, 66;
10, 217, 11, 188, -391, -5, 41, 849, 43;
7, 215, 9, 157, -402, -10, 28, 840, 37;
7, 216, 11, 136, -402, -5, 28, 844, 43;
10, 221, 16, 125, -391, 9, 40, 862, 62;
7, 219, 14, 95, -399, 5, 28, 855, 57;
4, 217, 13, 63, -406, 0, 16, 848, 51;
0, 215, 11, 30, -414, -5, 1, 840, 43;
-2, 214, 10, 0, -417, -8, -7, 837, 40;
-5, 213, 9, -30, -421, -12, -19, 832, 35;
-3, 216, 12, -46, -410, -1, -13, 845, 48;
-6, 215, 11, -77, -411, -5, -24, 841, 44;
-2, 221, 16, -87, -392, 10, -10, 863, 64;
-11, 214, 9, -136, -411, -11, -45, 836, 37;
-6, 221, 16, -140, -384, 10, -24, 865, 63;
-9, 221, 15, -170, -383, 6, -35, 862, 59;
-13, 219, 12, -205, -385, -2, -53, 854, 48;
-12, 222, 15, -221, -369, 6, -48, 867, 58;
-15, 221, 13, -249, -365, 2, -59, 865, 54;
-14, 225, 16, -266, -349, 9, -56, 878, 62;
-20, 221, 11, -303, -353, -4, -79, 864, 45;
-19, 224, 13, -320, -336, 2, -77, 876, 53;
-18, 228, 16, -333, -317, 10, -72, 890, 64;
-21, 228, 15, -358, -308, 6, -82, 890, 59;
-27, 224, 10, -395, -312, -8, -107, 875, 39;
-28, 226, 10, -413, -297, -7, -110, 882, 41;
-24, 232, 15, -416, -268, 7, -95, 906, 60;
-29, 230, 12, -444, -263, -2, -113, 899, 47;
-31, 231, 11, -464, -251, -5, -120, 901, 44;
-26, 237, 16, -464, -220, 10, -105, 926, 63;
-30, 237, 14, -485, -210, 3, -117, 924, 55;
-35, 234, 9, -513, -207, -10, -137, 913, 38;
-36, 235, 9, -527, -192, -11, -142, 918, 36;
-35, 239, 11, -531, -167, -4, -137, 933, 44;
-36, 240, 10, -544, -152, -8, -143, 936, 41;
-35, 243, 12, -546, -127, -1, -137, 951, 49;
-37, 243, 10, -560, -115, -7, -146, 950, 41;
-38, 245, 10, -567, -97, -7, -149, 956, 41;
-34, 251, 14, -560, -66, 4, -135, 979, 56;
-36, 251, 12, -570, -52, 0, -142, 979, 49;
-37, 251, 11, -576, -36, -4, -148, 982, 45;
-35, 256, 14, -570, -9, 2, -138, 998, 54;
-39, 254, 10, -582, -2, -9, -153, 991, 39;
-39, 255, 9, -582, 15, -10, -155, 996, 38;
-34, 262, 15, -563, 52, 7, -132, 1025, 59;
-37, 261, 11, -571, 59, -4, -146, 1017, 45;
-34, 265, 14, -558, 86, 3, -135, 1035, 55;
-33, 267, 14, -551, 106, 4, -132, 1043, 56;
-34, 268, 13, -546, 122, 2, -133, 1047, 53;
-34, 269, 12, -540, 137, 0, -135, 1050, 49;
-34, 270, 12, -532, 154, -2, -135, 1055, 47;
-36, 269, 9, -529, 164, -9, -141, 1052, 38;
-34, 272, 11, -513, 185, -6, -134, 1063, 42;
-32, 275, 12, -496, 205, -2, -126, 1074, 47;
-33, 275, 10, -487, 217, -7, -128, 1074, 41;
-31, 277, 11, -470, 235, -5, -122, 1082, 43;
-28, 281, 13, -447, 256, 0, -110, 1096, 51;
-26, 283, 13, -428, 273, 2, -104, 1103, 53;
-23, 286, 15, -402, 294, 9, -91, 1117, 62;
-22, 287, 15, -383, 307, 9, -86, 1122, 62;
-21, 288, 15, -365, 319, 7, -83, 1125, 60;
-25, 284, 10, -360, 315, -8, -97, 1110, 40;
-20, 288, 13, -328, 336, 1, -80, 1126, 52;
-21, 287, 11, -313, 339, -6, -84, 1121, 43;
-17, 291, 13, -281, 358, 2, -67, 1136, 54;
-17, 290, 11, -264, 361, -3, -69, 1131, 46;
-11, 295, 16, -224, 385, 12, -43, 1154, 65;
-10, 296, 16, -200, 391, 10, -39, 1155, 64;
-10, 294, 14, -181, 392, 4, -40, 1150, 56;
-8, 296, 15, -153, 400, 6, -31, 1154, 59;
-9, 293, 12, -135, 396, -1, -35, 1146, 48;
-8, 293, 11, -112, 397, -5, -33, 1143, 44;
-3, 296, 14, -75, 411, 5, -13, 1158, 57;
-4, 294, 12, -56, 405, -2, -16, 1149, 48;
0, 297, 14, -21, 415, 5, 0, 1159, 57;
13, 4, 0, 1801, 3901, 1918, 53, 17, 1;
12, 10, 6, 4336, 5284, 2146, 50, 39, 25;
13, 4, 8, 2897, 4196, 1234, 51, 17, 33;
7, 28, 1, 2301, 3164, 2905, 30, 112, 7;
2, 20, 5, 3663, 2475, 2000, 8, 78, 20;
3, 0, 6, 1674, 4494, 2046, 11, 2, 23;
18, 14, 7, 1781, 3532, 1350, 72, 56, 28;
1, 13, 12, 4139, 3061, 1908, 4, 53, 48;
18, 24, 6, 2850, 2384, 983, 73, 97, 25;
13, 5, 6, 1781, 5130, 1488, 51, 21, 25;
15, 13, 3, 2981, 2466, 1776, 59, 51, 14;
6, 24, 3, 2765, 2141, 1250, 23, 96, 15;
6, 26, 12, 2581, 3868, 1736, 26, 104, 46;
3, 16, 0, 2740, 2109, 1828, 14, 62, 0;
3, 8, 0, 3066, 4971, 2657, 12, 32, 1;
16, 31, 7, 2743, 4230, 2888, 66, 121, 29;
5, 4, 3, 1805, 3132, 1298, 19, 16, 12;
17, 17, 7, 3432, 1895, 1794, 67, 69, 29;
14, 3, 12, 3948, 1909, 2295, 58, 13, 50;
9, 24, 6, 3954, 5368, 1807, 36, 97, 25;
11, 24, 1, 2161, 1972, 2087, 45, 95, 4;
0, 11, 4, 2997, 5287, 1590, 1, 44, 17;
8, 25, 6, 2741, 3022, 1477, 33, 99, 27;
14, 2, 9, 3228, 3665, 2938, 56, 8, 38;
3, 21, 12, 4063, 5166, 1532, 12, 84, 50;
12, 5, 5, 3091, 3251, 1131, 47, 20, 20;
10, 31, 5, 3332, 3517, 1572, 41, 121, 19;
13, 13, 4, 2451, 4861, 2625, 51, 53, 17;
12, 10, 6, 2647, 2154, 2704, 49, 39, 26;
10, 28, 12, 2750, 2511, 1379, 40, 111, 49;
9, 24, 2, 4211, 3893, 2299, 35, 97, 9;
3, 4, 3, 1715, 2659, 1842, 12, 16, 14;
17, 25, 12, 2431, 3013, 1289, 69, 99, 49;
13, 2, 4, 4189, 4553, 2706, 51, 11, 15;
9, 8, 4, 4177, 3253, 2816, 38, 32, 18;
16, 27, 1, 3435, 5162, 2520, 63, 107, 4;
18, 17, 12, 3156, 3741, 2479, 73, 66, 49;
9, 12, 9, 2892, 4488, 1275, 35, 49, 36;
3, 24, 8, 2281, 5402, 985, 12, 94, 31;
6, 10, 12, 3984, 1810, 2689, 25, 40, 48;
20, 15, 9, 2427, 4607, 1204, 78, 59, 38;
5, 27, 8, 4232, 1894, 2271, 20, 108, 34;
17, 22, 4, 4273, 2096, 1334, 67, 87, 15;
6, 9, 6, 1745, 2452, 2847, 23, 38, 24;
1, 13, 11, 2826, 3466, 2330, 7, 51, 46;
12, 16, 4, 1727, 3433, 1750, 47, 64, 16;
18, 7, 9, 2298, 4565, 1826, 71, 30, 37;
1, 26, 1, 3285, 2756, 1462, 6, 104, 5;
1, 4, 6, 3025, 3310, 1103, 7, 16, 24;
6, 30, 10, 2696, 4032, 1188, 24, 117, 39;
11, 8, 3, 1562, 2486, 2596, 44, 31, 14;
6, 16, 3, 2081, 4123, 1511, 24, 64, 14;
6, 1, 3, 2113, 4058, 2674, 23, 4, 14;
18, 23, 11, 4285, 2591, 1794, 70, 90, 45;
6, 4, 1, 1926, 4134, 2202, 25, 18, 4;
13, 23, 9, 1881, 2721, 2121, 54, 90, 35;
17, 30, 12, 2355, 2690, 1085, 67, 120, 50;
2, 16, 11, 3869, 3335, 1637, 9, 66, 46;
11, 24, 8, 3415, 2891, 2893, 43, 96, 33;
10, 9, 8, 2590, 5153, 2856, 41, 36, 33;
6, 26, 11, 3536, 2490, 1147, 24, 103, 44;
8, 4, 10, 3789, 2026, 2449, 34, 17, 40;
16, 3, 2, 2437, 4079, 1217, 65, 14, 8;
10, 18, 6, 3456, 3816, 2655, 41, 73, 24;
0, 20, 6, 3515, 3564, 1689, 2, 80, 23;
6, 15, 2, 2515, 3069, 1160, 23, 60, 9;
15, 28, 3, 3402, 4921, 2882, 60, 112, 14;
8, 9, 9, 2423, 2494, 2015, 33, 38, 38;
8, 21, 12, 3693, 3807, 1925, 33, 84, 48;
9, 15, 5, 3145, 2835, 2943, 36, 60, 20;
17, 7, 2, 3425, 2823, 2508, 69, 27, 9;
8, 15, 8, 4310, 2267, 1989, 32, 62, 33;
17, 29, 12, 3792, 4645, 2948, 67, 113, 47;
10, 9, 4, 1909, 1814, 2329, 41, 37, 18;
7, 28, 7, 2278, 4997, 1550, 31, 112, 28;
19, 25, 2, 3826, 3115, 2932, 75, 100, 8;
10, 12, 2, 3344, 1872, 1298, 39, 47, 9;
16, 2, 7, 3573, 4113, 2303, 63, 10, 28;
8, 13, 11, 2403, 2769, 2939, 33, 54, 46;
20, 28, 10, 2729, 3857, 1334, 79, 110, 39;
592, 820, 410, 5240, 4584, 3108, 2310, 3201, 1599;
625, 1011, 496, 5044, 4414, 2996, 2440, 3943, 1936;
700, 938, 401, 4838, 4233, 2871, 2730, 3659, 1567;
695, 819, 381, 4664, 4083, 2774, 2712, 3195, 1486;
538, 923, 403, 4473, 3914, 2657, 2099, 3602, 1574;
614, 807, 378, 4303, 3766, 2558, 2396, 3149, 1475;
527, 808, 388, 4105, 3589, 2428, 2055, 3153, 1514;
480, 732, 379, 3948, 3453, 2338, 1875, 2855, 1478;
493, 653, 324, 3818, 3341, 2270, 1923, 2548, 1263;
545, 806, 291, 3667, 3210, 2180, 2129, 3146, 1136;
513, 763, 249, 3518, 3078, 2089, 2003, 2975, 973;
500, 703, 241, 3370, 2948, 1997, 1951, 2742, 942;
470, 693, 245, 3246, 2840, 1927, 1833, 2705, 956;
441, 559, 221, 3112, 2723, 1845, 1721, 2183, 864;
404, 699, 249, 2990, 2616, 1773, 1577, 2728, 971;
373, 596, 277, 2857, 2497, 1687, 1455, 2328, 1083;
339, 570, 207, 2782, 2436, 1658, 1324, 2223, 809;
396, 512, 256, 2663, 2330, 1583, 1547, 1999, 1001;
336, 571, 250, 2547, 2228, 1509, 1311, 2230, 975;
300, 532, 188, 2437, 2130, 1440, 1171, 2075, 735;
272, 533, 187, 2347, 2052, 1389, 1062, 2080, 732;
305, 565, 215, 2266, 1983, 1346, 1190, 2207, 839;
296, 497, 211, 2194, 1922, 1310, 1158, 1939, 825;
269, 473, 173, 2104, 1843, 1255, 1049, 1848, 677;
233, 453, 158, 2029, 1778, 1213, 910, 1768, 616;
265, 448, 176, 1931, 1690, 1147, 1035, 1747, 689;
207, 516, 159, 1871, 1639, 1118, 809, 2015, 620;
214, 415, 152, 1764, 1541, 1040, 834, 1620, 594;
219, 505, 169, 1731, 1517, 1035, 854, 1970, 662;
213, 489, 121, 1651, 1445, 982, 832, 1909, 473;
212, 457, 114, 1602, 1404, 960, 829, 1785, 446;
200, 476, 114, 1521, 1331, 904, 783, 1858, 446;
170, 391, 122, 1466, 1284, 874, 665, 1528, 479;
158, 397, 139, 1414, 1238, 844, 619, 1550, 543;
156, 450, 100, 1332, 1163, 785, 610, 1755, 393;
164, 428, 112, 1303, 1141, 777, 639, 1670, 440;
143, 366, 111, 1223, 1068, 718, 559, 1430, 436;
154, 417, 115, 1195, 1046, 710, 601, 1628, 451;
155, 402, 111, 1142, 998, 675, 608, 1568, 433;
124, 356, 84, 1078, 940, 630, 484, 1388, 328;
146, 393, 89, 1063, 931, 633, 573, 1534, 347;
141, 368, 80, 1004, 877, 591, 551, 1438, 313;
110, 383, 89, 985, 863, 588, 432, 1493, 349;
120, 393, 77, 934, 817, 553, 470, 1533, 302;
137, 353, 68, 926, 814, 560, 534, 1379, 266;
128, 352, 68, 874, 766, 522, 502, 1373, 266;
95, 354, 61, 848, 743, 509, 371, 1381, 239;
121, 347, 78, 816, 716, 491, 472, 1353, 307;
107, 358, 66, 750, 654, 438, 420, 1399, 259;
83, 329, 48, 714, 622, 414, 325, 1285, 190;
103, 350, 60, 707, 618, 418, 405, 1365, 235;
91, 350, 56, 681, 596, 404, 358, 1367, 220;
97, 339, 60, 665, 583, 399, 379, 1322, 235;
85, 335, 60, 640, 561, 384, 332, 1306, 235;
88, 347, 59, 620, 545, 374, 346, 1355, 231;
88, 336, 56, 600, 528, 364, 344, 1311, 219;
61, 332, 51, 540, 471, 313, 238, 1295, 199;
73, 330, 39, 544, 477, 326, 286, 1290, 155;
55, 313, 39, 505, 440, 295, 217, 1223, 153;
73, 317, 47, 495, 433, 293, 285, 1237, 183;
50, 324, 35, 458, 398, 265, 197, 1266, 139;
68, 313, 40, 461, 404, 275, 265, 1221, 158;
51, 313, 42, 435, 380, 256, 201, 1222, 164;
57, 301, 35, 403, 351, 232, 225, 1177, 137;
54, 300, 26, 395, 344, 230, 212, 1173, 105;
48, 302, 32, 401, 352, 242, 188, 1181, 128;
55, 308, 33, 375, 328, 223, 217, 1203, 130;
44, 295, 27, 338, 293, 192, 172, 1152, 107;
39, 302, 33, 338, 295, 197, 154, 1179, 129;
49, 305, 35, 349, 308, 214, 194, 1193, 137;
42, 295, 24, 294, 254, 165, 166, 1153, 96;
39, 299, 28, 306, 268, 182, 155, 1169, 112;
38, 283, 23, 274, 237, 154, 149, 1107, 90;
39, 298, 25, 301, 266, 186, 152, 1163, 98;
39, 293, 22, 291, 257, 181, 153, 1144, 87;
36, 294, 19, 266, 233, 160, 142, 1147, 77;
35, 295, 24, 265, 233, 163, 137, 1154, 96;
27, 283, 22, 231, 201, 133, 106, 1106, 86;
27, 283, 17, 218, 189, 124, 106, 1105, 68;
26, 285, 16, 200, 172, 109, 102, 1112, 63;
1, 256, 0, -1, -1, -1, 3, 998, 1;
1, 256, 0, 0, 0, 0, 5, 1000, 3;
1, 256, 1, 1, 1, 1, 6, 1001, 4;
1, 256, 0, 0, 0, 0, 4, 999, 2;
1, 256, 0, -1, -1, -1, 3, 998, 1;
1, 256, 0, 0, 0, 0, 4, 999, 2;
1, 256, 1, 1, 1, 1, 6, 1001, 4;
1, 256, 0, -1, -1, -1, 4, 999, 2;
1, 256, 1, 1, 1, 1, 6, 1000, 4;
1, 256, 0, 0, 0, 0, 4, 999, 2;
1, 256, 0, -1, -1, -1, 4, 999, 2;
1, 256, 0, 0, 0, 0, 5, 1000, 3;
1, 256, 0, -1, -1, -1, 3, 998, 1;
1, 256, 0, 1, 1, 1, 5, 1000, 3;
1, 256, 0, -1, -1, -1, 4, 999, 2;
1, 256, 0, -1, -1, -1, 4, 999, 2;
1, 256, 1, 1, 1, 1, 6, 1000, 4;
1, 256, 0, 0, 0, 0, 4, 999, 2;
1, 256, 1, 1, 1, 1, 6, 1000, 4;
1, 256, 0, 0, 0, 0, 5, 1000, 3;
1, 256, 1, 1, 1, 1, 6, 1001, 4;
1, 256, 0, 0, 0, 0, 4, 999, 2;
1, 256, 0, 0, 0, 0, 5, 1000, 3;
1, 256, 0, 0, 0, 0, 4, 999, 2;
1, 256, 0, 0, 0, 0, 4, 999, 2;
1, 256, 0, 1, 1, 1, 5, 1000, 3;
1, 256, 1, 1, 1, 1, 6, 1001, 4;
1, 256, 0, 0, 0, 0, 5, 999, 3;
1, 256, 0, 0, 0, 0, 5, 1000, 3;
1, 256, 0, 0, 0, 0, 5, 1000, 3;
1, 256, 0, 1, 1, 1, 5, 1000, 3;
1, 256, 1, 1, 1, 1, 5, 1000, 3;
1, 256, 0, -1, -1, -1, 4, 999, 2;
1, 256, 0, -1, -1, -1, 4, 999, 2;
1, 256, 0, 1, 1, 1, 5, 1000, 3;
1, 256, 0, 0, 0, 0, 5, 1000, 3;
1, 256, 1, 1, 1, 1, 5, 1000, 3;
1, 256, 1, 1, 1, 1, 6, 1001, 4;
1, 256, 1, 1, 1, 1, 6, 1000, 3;
1, 256, 0, 0, 0, 0, 5, 1000, 3;
1, 256, 0, 0, 0, 0, 5, 999, 3;
1, 256, 0, 0, 0, 0, 5, 1000, 3;
1, 256, 0, -1, -1, -1, 3, 998, 1;
1, 256, 0, -1, -1, -1, 4, 998, 2;
1, 256, 0, 0, 0, 0, 4, 999, 2;
1, 256, 0, 0, 0, 0, 5, 1000, 3;
1, 256, 1, 1, 1, 1, 6, 1001, 4;
1, 256, 0, 0, 0, 0, 5, 1000, 3;
1, 256, 0, 0, 0, 0, 5, 1000, 3;
1, 256, 0, 0, 0, 0, 4, 999, 2;
1, 256, 0, 0, 0, 0, 5, 1000, 3;
1, 256, 0, -1, -1, -1, 4, 999, 2;
1, 256, 0, 0, 0, 0, 4, 999, 2;
1, 256, 0, -1, -1, -1, 4, 998, 2;
1, 256, 0, -1, -1, -1, 4, 999, 2;
1, 256, 0, -1, -1, -1, 4, 999, 2;
1, 256, 1, 1, 1, 1, 6, 1000, 4;
1, 256, 0, 1, 1, 1, 5, 1000, 3;
1, 256, 0, 0, 0, 0, 5, 999, 3;
1, 256, 0, -1, -1, -1, 4, 998, 2;
1, 256, 0, -1, -1, -1, 4, 999, 2;
1, 256, 0, -1, -1, -1, 4, 999, 2;
1, 256, 1, 1, 1, 1, 6, 1001, 4;
1, 256, 0, -1, -1, -1, 4, 999, 2;
1, 256, 1, 1, 1, 1, 5, 1000, 3;
1, 256, 0, 0, 0, 0, 4, 999, 2;
1, 256, 0, 0, 0, 0, 5, 1000, 3;
1, 256, 0, 0, 0, 0, 4, 999, 2;
1, 256, 0, 1, 1, 1, 5, 1000, 3;
1, 256, 1, 1, 1, 1, 6, 1001, 4;
1, 256, 0, 0, 0, 0, 5, 1000, 3;
1, 256, 0, 0, 0, 0, 4, 999, 2;
1, 256, 0, 0, 0, 0, 5, 1000, 3;
1, 256, 0, -1, -1, -1, 4, 998, 2;
1, 256, 0, 0, 0, 0, 5, 1000, 3;
1, 256, 0, 0, 0, 0, 4, 999, 2;
1, 256, 0, -1, -1, -1, 4, 999, 2;
1, 256, 0, -1, -1, -1, 4, 999, 2;
1, 256, 0, 0, 0, 0, 5, 1000, 3;
1, 256, 0, 0, 0, 0, 5, 1000, 3;
1, 256, 0, -1, -1, -1, 4, 999, 2;
1, 256, 0, 0, 0, 0, 4, 999, 2;
1, 256, 0, -1, -1, -1, 4, 999, 2;
1, 256, 0, 0, 0, 0, 4, 999, 2;
1, 256, 0, 0, 0, 0, 4, 999, 2;
1, 256, 0, -1, -1, -1, 4, 999, 2;
1, 256, 0, 0, 0, 0, 5, 1000, 3;
1, 256, 0, 0, 0, 0, 5, 1000, 3;
1, 256, 0, -1, -1, -1, 4, 999, 2;
1, 256, 0, 0, 0, 0, 4, 999, 2;
1, 256, 0, -1, -1, -1, 4, 999, 2;
1, 256, 1, 1, 1, 1, 5, 1000, 3;
1, 256, 0, -1, -1, -1, 4, 998, 1;
1, 256, 0, -1, -1, -1, 3, 998, 1;
1, 256, 0, -1, -1, -1, 4, 999, 2;
1, 256, 1, 1, 1, 1, 6, 1000, 3;
1, 256, 1, 1, 1, 1, 6, 1001, 4;
1, 256, 0, 0, 0, 0, 5, 1000, 3;
1, 256, 0, 0, 0, 0, 5, 1000, 3;
1, 256, 0, 0, 0, 0, 4, 999, 2;
1, 256, 0, -1, -1, -1, 4, 998, 2;
1, 256, 0, 1, 1, 1, 5, 1000, 3;
1, 256, 0, 1, 1, 1, 5, 1000, 3;
1, 256, 0, 0, 0, 0, 4, 999, 2;
1, 256, 0, 1, 1, 1, 5, 1000, 3;
1, 256, 1, 1, 1, 1, 6, 1000, 4;
1, 256, 1, 1, 1, 1, 6, 1000, 4;
1, 256, 0, 1, 1, 1, 5, 1000, 3;
1, 256, 1, 1, 1, 1, 6, 1001, 4;
1, 256, 0, 0, 0, 0, 4, 999, 2;
1, 256, 0, 0, 0, 0, 4, 999, 2;
1, 256, 0, -1, -1, -1, 4, 999, 2;
1, 256, 0, 0, 0, 0, 4, 999, 2;
1, 256, 0, 0, 0, 0, 4, 999, 2;
1, 256, 0, -1, -1, -1, 3, 998, 1;
0, 256, 0, -1, -1, -1, 3, 998, 1;
1, 256, 0, -1, -1, -1, 4, 999, 2;
1, 256, 0, 1, 1, 1, 5, 1000, 3;
1, 256, 1, 1, 1, 1, 6, 1000, 3;
1, 256, 0, -1, -1, -1, 4, 999, 2;
1, 256, 0, 0, 0, 0, 4, 999, 2;
1, 256, 0, 0, 0, 0, 4, 999, 2;
1, 256, 0, 1, 1, 1, 5, 1000, 3;
1, 256, 0, 0, 0, 0, 4, 999, 2;
1, 256, 0, 0, 0, 0, 4, 999, 2;
1, 256, 0, 1, 1, 1, 5, 1000, 3;
1, 256, 1, 1, 1, 1, 6, 1000, 4;
1, 256, 0, -1, -1, -1, 4, 999, 2;
1, 256, 0, 0, 0, 0, 4, 999, 2;
1, 256, 0, 0, 0, 0, 4, 999, 2;
1, 256, 0, 0, 0, 0, 5, 1000, 3;
1, 256, 0, -1, -1, -1, 4, 999, 2;
1, 256, 0, -1, -1, -1, 3, 998, 1;
1, 256, 0, 0, 0, 0, 5, 999, 3;
1, 256, 0, -1, -1, -1, 4, 999, 2;
1, 256, 0, 0, 0, 0, 5, 1000, 3;
1, 256, 0, 0, 0, 0, 5, 1000, 3;
1, 256, 0, -1, -1, -1, 4, 999, 2;
1, 256, 0, -1, -1, -1, 3, 998, 1;
1, 256, 0, 0, 0, 0, 5, 1000, 3;
1, 256, 0, 0, 0, 0, 5, 1000, 3;
1, 256, 1, 1, 1, 1, 6, 1000, 4;
1, 256, 0, -1, -1, -1, 3, 998, 1;
1, 256, 0, -1, -1, -1, 4, 999, 2;
1, 256, 0, -1, -1, -1, 4, 998, 2;
1, 256, 0, 0, 0, 0, 4, 999, 2;
1, 256, 0, -1, -1, -1, 4, 999, 2;
1, 256, 0, 0, 0, 0, 4, 999, 2;
1, 256, 0, 0, 0, 0, 4, 999, 2;
1, 256, 0, 0, 0, 0, 4, 999, 2;
1, 256, 0, 0, 0, 0, 4, 999, 2;
1, 256, 0, -1, -1, -1, 4, 999, 2;
1, 256, 1, 1, 1, 1, 6, 1000, 3;
1, 256, 0, -1, -1, -1, 4, 998, 2;
1, 256, 0, 1, 1, 1, 5, 1000, 3;
1, 256, 0, -1, -1, -1, 4, 999, 2;
1, 256, 0, 0, 0, 0, 4, 999, 2;
1, 256, 0, -1, -1, -1, 3, 998, 1;
1, 256, 0, -1, -1, -1, 4, 999, 2;
1, 256, 1, 1, 1, 1, 6, 1000, 4;
1, 256, 1, 1, 1, 1, 6, 1000, 3;
1, 256, 0, 0, 0, 0, 5, 1000, 3;
1, 256, 0, -1, -1, -1, 3, 998, 1;
1, 256, 0, 0, 0, 0, 5, 1000, 3;
1, 256, 0, -1, -1, -1, 3, 998, 1;
1, 256, 0, 0, 0, 0, 4, 999, 2;
1, 256, 1, 1, 1, 1, 6, 1001, 4;
1, 256, 1, 1, 1, 1, 5, 1000, 3;
1, 256, 0, -1, -1, -1, 4, 998, 1;
1, 256, 0, 0, 0, 0, 5, 1000, 3;
1, 256, 0, 0, 0, 0, 4, 999, 2;
1, 256, 0, 0, 0, 0, 4, 999, 2;
1, 256, 0, 0, 0, 0, 4, 999, 2;
1, 256, 0, 0, 0, 0, 5, 1000, 3;
1, 256, 0, 1, 1, 1, 5, 1000, 3;
1, 256, 0, -1, -1, -1, 4, 999, 2;
1, 256, 1, 1, 1, 1, 6, 1000, 4;
1, 256, 0, 0, 0, 0, 5, 1000, 3;
1, 256, 0, 1, 1, 1, 5, 1000, 3;
1, 256, 1, 1, 1, 1, 6, 1000, 3;
1, 256, 0, 0, 0, 0, 4, 999, 2;
1, 256, 0, 0, 0, 0, 5, 1000, 3;
1, 256, 0, 0, 0, 0, 5, 1000, 3;
1, 256, 0, 0, 0, 0, 4, 999, 2;
1, 256, 1, 1, 1, 1, 5, 1000, 3;
1, 256, 0, 0, 0, 0, 4, 999, 2;
1, 256, 0, -1, -1, -1, 4, 999, 2;
1, 256, 0, -1, -1, -1, 4, 999, 2;
1, 256, 0, 0, 0, 0, 4, 999, 2;
1, 256, 0, 0, 0, 0, 5, 1000, 3;
1, 256, 1, 1, 1, 1, 6, 1000, 4;
1, 256, 0, -1, -1, -1, 4, 999, 2;
1, 256, 0, 0, 0, 0, 4, 999, 2;
1, 256, 0, 0, 0, 0, 4, 999, 2;
1, 256, 1, 1, 1, 1, 6, 1001, 4;
1, 256, 0, 0, 0, 0, 4, 999, 2;
1, 256, 0, 0, 0, 0, 5, 1000, 3;
1, 256, 1, 1, 1, 1, 6, 1000, 4;
1, 256, 0, 1, 1, 1, 5, 1000, 3;
1, 256, 0, 0, 0, 0, 4, 999, 2;
1, 256, 0, 0, 0, 0, 5, 999, 2;
1, 256, 0, -1, -1, -1, 4, 999, 2;
1, 256, 0, 0, 0, 0, 4, 999, 2;
1, 256, 0, 0, 0, 0, 5, 1000, 3;
1, 256, 0, 0, 0, 0, 4, 999, 2;
1, 256, 0, 0, 0, 0, 5, 1000, 3;
1, 256, 0, -1, -1, -1, 4, 999, 2;
1, 256, 0, 0, 0, 0, 4, 999, 2;
1, 256, 0, -1, -1, -1, 4, 999, 2;
1, 256, 0, 0, 0, 0, 5, 999, 2;
1, 256, 1, 1, 1, 1, 5, 1000, 3;
1, 256, 1, 1, 1, 1, 6, 1001, 4;
1, 256, 0, 0, 0, 0, 5, 1000, 3;
1, 256, 0, -1, -1, -1, 4, 999, 2;
1, 256, 0, 0, 0, 0, 5, 1000, 3;
1, 256, 1, 1, 1, 1, 6, 1001, 4;
1, 256, 1, 1, 1, 1, 5, 1000, 3;
1, 256, 0, 0, 0, 0, 4, 999, 2;
1, 256, 0, 0, 0, 0, 4, 999, 2;
1, 256, 0, 1, 1, 1, 5, 1000, 3;
1, 256, 0, -1, -1, -1, 4, 999, 2;
1, 256, 0, 0, 0, 0, 5, 1000, 3;
1, 256, 0, 0, 0, 0, 4, 999, 2;
1, 256, 0, -1, -1, -1, 4, 999, 2;
1, 256, 0, -1, -1, -1, 4, 999, 2;
1, 256, 1, 1, 1, 1, 6, 1000, 4;
1, 256, 0, -1, -1, -1, 4, 999, 2;
1, 256, 0, 0, 0, 0, 5, 1000, 3;
1, 256, 0, 0, 0, 0, 4, 999, 2;
1, 256, 0, 0, 0, 0, 4, 999, 2;
1, 256, 0, 0, 0, 0, 5, 1000, 3;
1, 256, 0, 0, 0, 0, 4, 999, 2;
1, 256, 0, 1, 1, 1, 5, 1000, 3;
1, 256, 0, 0, 0, 0, 4, 999, 2;
1, 256, 0, 0, 0, 0, 5, 1000, 3;
1, 256, 1, 1, 1, 1, 5, 1000, 3;
1, 256, 0, 0, 0, 0, 5, 1000, 3;
1, 256, 0, 0, 0, 0, 4, 999, 2;
1, 256, 0, 0, 0, 0, 5, 1000, 3;
1, 256, 0, 1, 1, 1, 5, 1000, 3;
1, 256, 0, 0, 0, 0, 5, 1000, 3;
1, 256, 1, 1, 1, 1, 6, 1001, 4;
1, 256, 0, -1, -1, -1, 4, 999, 2;
1, 256, 0, 0, 0, 0, 5, 1000, 3;
1, 256, 0, -1, -1, -1, 4, 998, 1;
1, 256, 0, -1, -1, -1, 4, 999, 2;
1, 256, 0, 1, 1, 1, 5, 1000, 3;
1, 256, 1, 1, 1, 1, 6, 1001, 4;
1, 256, 1, 1, 1, 1, 6, 1001, 4;
1, 256, 0, -1, -1, -1, 4, 999, 2;
1, 256, 1, 1, 1, 1, 6, 1001, 4;
1, 256, 1, 1, 1, 1, 6, 1001, 4;
1, 256, 0, 0, 0, 0, 4, 999, 2;
1, 256, 0, 1, 1, 1, 5, 1000, 3;
1, 256, 0, -1, -1, -1, 4, 999, 2;
1, 256, 0, -1, -1, -1, 4, 999, 2;
1, 256, 0, -1, -1, -1, 4, 999, 2;
1, 256, 1, 1, 1, 1, 5, 1000, 3;
1, 256, 1, 1, 1, 1, 6, 1001, 4;
1, 256, 0, -1, -1, -1, 4, 999, 2;
1, 256, 0, 0, 0, 0, 4, 999, 2;
1, 256, 0, 0, 0, 0, 5, 1000, 3;
0, 256, 0, -1, -1, -1, 3, 998, 1;
1, 256, 0, -1, -1, -1, 4, 998, 1;
1, 256, 0, 0, 0, 0, 5, 1000, 3;
1, 256, 0, 0, 0, 0, 5, 1000, 3;
1, 256, 0, -1, -1, -1, 4, 999, 2;
0, 256, 0, -1, -1, -1, 3, 998, 1;
1, 256, 0, 0, 0, 0, 5, 1000, 3;
1, 256, 0, 0, 0, 0, 4, 999, 2;
1, 256, 0, 0, 0, 0, 5, 1000, 3;
1, 256, 0, -1, -1, -1, 4, 999, 2;
1, 256, 1, 1, 1, 1, 6, 1001, 4;
1, 256, 0, -1, -1, -1, 3, 998, 1;
1, 256, 0, 0, 0, 0, 4, 999, 2;
1, 256, 0, -1, -1, -1, 4, 999, 2;
1, 256, 0, 0, 0, 0, 4, 999, 2;
1, 256, 0, 0, 0, 0, 5, 1000, 3;
1, 256, 0, 0, 0, 0, 5, 1000, 3;
1, 256, 0, -1, -1, -1, 4, 999, 2;
1, 256, 0, 0, 0, 0, 4, 999, 2;
1, 256, 0, -1, -1, -1, 4, 998, 2;
1, 256, 0, -1, -1, -1, 4, 998, 2;
1, 256, 0, -1, -1, -1, 4, 999, 2;
1, 256, 0, -1, -1, -1, 4, 999, 2;
1, 256, 0, 0, 0, 0, 5, 1000, 3;
1, 256, 1, 1, 1, 1, 6, 1000, 4;
1, 256, 1, 1, 1, 1, 5, 1000, 3;
1, 256, 0, 0, 0, 0, 5, 1000, 3;
1, 256, 0, 0, 0, 0, 5, 1000, 3;
1, 256, 0, -1, -1, -1, 4, 999, 2;
1, 256, 0, 1, 1, 1, 5, 1000, 3;
1, 256, 0, 0, 0, 0, 4, 999, 2;
1, 256, 1, 1, 1, 1, 6, 1001, 4;
1, 256, 1, 1, 1, 1, 6, 1001, 4;
1, 256, 0, 1, 1, 1, 5, 1000, 3;
1, 256, 1, 1, 1, 1, 6, 1001, 4;
1, 256, 0, -1, -1, -1, 3, 998, 1;
1, 256, 0, -1, -1, -1, 4, 999, 2;
1, 256, 0, 0, 0, 0, 4, 999, 2;
1, 256, 0, 0, 0, 0, 5, 1000, 3;
1, 256, 0, 1, 1, 1, 5, 1000, 3;
1, 256, 0, -1, -1, -1, 4, 998, 1;
1, 256, 0, 0, 0, 0, 5, 1000, 3;
1, 256, 1, 1, 1, 1, 6, 1000, 3;
1, 256, 0, 0, 0, 0, 4, 999, 2;
1, 256, 0, 0, 0, 0, 5, 999, 3;
1, 256, 0, -1, -1, -1, 3, 998, 1;
0, 256, 0, -1, -1, -1, 3, 998, 1;
1, 256, 1, 1, 1, 1, 5, 1000, 3;
1, 256, 0, 0, 0, 0, 4, 999, 2;
1, 256, 0, 0, 0, 0, 5, 999, 2;
1, 256, 1, 1, 1, 1, 5, 1000, 3;
1, 256, 0, -1, -1, -1, 4, 999, 2;
1, 256, 0, 0, 0, 0, 4, 999, 2;
1, 256, 0, 0, 0, 0, 4, 999, 2;
1, 256, 1, 1, 1, 1, 6, 1000, 3;
1, 256, 0, 0, 0, 0, 5, 999, 2;
1, 256, 0, -1, -1, -1, 4, 998, 2;
1, 256, 0, 0, 0, 0, 5, 1000, 3;
1, 256, 1, 1, 1, 1, 5, 1000, 3;
1, 256, 1, 1, 1, 1, 6, 1000, 3;
1, 256, 0, -1, -1, -1, 3, 998, 1;
1, 256, 0, -1, -1, -1, 4, 999, 2;
1, 256, 0, 0, 0, 0, 4, 999, 2;
1, 256, 1, 1, 1, 1, 6, 1001, 4;
1, 256, 0, 0, 0, 0, 5, 1000, 3;
1, 256, 0, -1, -1, -1, 4, 999, 2;
1, 256, 0, 0, 0, 0, 5, 1000, 3;
1, 256, 0, -1, -1, -1, 4, 998, 2;
1, 256, 1, 1, 1, 1, 6, 1000, 3;
1, 256, 0, -1, -1, -1, 4, 999, 2;
1, 256, 0, 0, 0, 0, 5, 1000, 3;
1, 256, 0, -1, -1, -1, 4, 999, 2;
1, 256, 0, 0, 0, 0, 4, 999, 2;
1, 256, 0, 0, 0, 0, 5, 1000, 3;
1, 256, 0, 0, 0, 0, 5, 1000, 3;
1, 256, 0, 0, 0, 0, 5, 1000, 3;
1, 256, 0, -1, -1, -1, 4, 999, 2;
1, 256, 0, 0, 0, 0, 5, 1000, 3;
1, 256, 0, 0, 0, 0, 4, 999, 2;
1, 256, 0, 1, 1, 1, 5, 1000, 3;
1, 256, 0, -1, -1, -1, 4, 999, 2;
1, 256, 0, -1, -1, -1, 4, 999, 2;
1, 256, 0, 0, 0, 0, 5, 999, 3;
1, 256, 0, -1, -1, -1, 4, 999, 2;
1, 256, 0, 0, 0, 0, 5, 1000, 3;
1, 256, 0, -1, -1, -1, 4, 999, 2;
1, 256, 0, 0, 0, 0, 4, 999, 2;
1, 256, 0, 0, 0, 0, 5, 1000, 3;
1, 256, 0, 0, 0, 0, 4, 999, 2;
1, 256, 0, 0, 0, 0, 4, 999, 2;
1, 256, 0, 0, 0, 0, 4, 999, 2;
1, 256, 0, 1, 1, 1, 5, 1000, 3;
1, 256, 0, 1, 1, 1, 5, 1000, 3;
1, 256, 0, 0, 0, 0, 5, 1000, 3;
1, 256, 0, 0, 0, 0, 5, 1000, 3;
1, 256, 1, 1, 1, 1, 6, 1001, 4;
1, 256, 1, 1, 1, 1, 6, 1001, 4;
1, 256, 0, 0, 0, 0, 4, 999, 2;
1, 256, 0, 0, 0, 0, 5, 1000, 3;
1, 256, 0, 1, 1, 1, 5, 1000, 3;
1, 256, 0, 0, 0, 0, 4, 999, 2;
1, 256, 0, 0, 0, 0, 5, 1000, 3;
1, 256, 0, 1, 1, 1, 5, 1000, 3;
1, 256, 0, 1, 1, 1, 5, 1000, 3;
1, 256, 1, 1, 1, 1, 6, 1001, 4;
1, 256, 1, 1, 1, 1, 6, 1001, 4;
1, 256, 0, 0, 0, 0, 5, 1000, 3;
1, 256, 0, 0, 0, 0, 5, 1000, 3;
1, 256, 0, 0, 0, 0, 5, 1000, 3;
0, 256, 0, -1, -1, -1, 3, 998, 1;
1, 256, 0, 0, 0, 0, 5, 999, 3;
1, 256, 0, 0, 0, 0, 5, 1000, 3;
1, 256, 0, -1, -1, -1, 3, 998, 1;
1, 256, 0, 0, 0, 0, 4, 999, 2;
1, 256, 0, -1, -1, -1, 4, 999, 2;
1, 256, 0, -1, -1, -1, 4, 999, 2;
1, 256, 0, 0, 0, 0, 5, 1000, 3;
1, 256, 0, 0, 0, 0, 5, 1000, 3;
1, 256, 0, 0, 0, 0, 5, 999, 3;
1, 256, 0, 0, 0, 0, 4, 999, 2;
1, 256, 0, -1, -1, -1, 3, 998, 1;
1, 256, 0, 0, 0, 0, 5, 1000, 3;
1, 256, 0, 0, 0, 0, 5, 1000, 3;
1, 256, 0, -1, -1, -1, 3, 998, 1;
1, 256, 0, 0, 0, 0, 4, 999, 2;
1, 256, 0, 0, 0, 0, 5, 1000, 3;
1, 256, 0, 0, 0, 0, 5, 999, 3;
1, 256, 0, 0, 0, 0, 4, 999, 2;
1, 256, 0, -1, -1, -1, 4, 998, 2;
1, 256, 0, 0, 0, 0, 4, 999, 2;
1, 256, 0, 0, 0, 0, 5, 1000, 3;
1, 256, 0, 0, 0, 0, 5, 1000, 3;
1, 256, 0, 0, 0, 0, 5, 1000, 3;
1, 256, 0, 1, 1, 1, 5, 1000, 3;
1, 256, 0, 1, 1, 1, 5, 1000, 3;
1, 256, 0, 1, 1, 1, 5, 1000, 3;
1, 256, 1, 1, 1, 1, 6, 1000, 4;
1, 256, 1, 1, 1, 1, 6, 1001, 4;
1, 256, 0, 1, 1, 1, 5, 1000, 3;
1, 256, 0, -1, -1, -1, 4, 998, 2;
1, 256, 0, -1, -1, -1, 3, 998, 1;
0, 256, 0, -1, -1, -1, 3, 998, 1;
1, 256, 1, 1, 1, 1, 6, 1001, 4;
1, 256, 0, -1, -1, -1, 4, 999, 2;
1, 256, 0, 0, 0, 0, 5, 1000, 3;
1, 256, 0, 1, 1, 1, 5, 1000, 3;
1, 256, 0, 0, 0, 0, 5, 1000, 3;
1, 256, 1, 1, 1, 1, 6, 1001, 4;
1, 256, 0, -1, -1, -1, 3, 998, 1;
1, 256, 0, 0, 0, 0, 4, 999, 2;
1, 256, 1, 1, 1, 1, 5, 1000, 3;
1, 256, 0, -1, -1, -1, 3, 998, 1;
1, 256, 0, 0, 0, 0, 5, 1000, 3;
1, 256, 0, 0, 0, 0, 4, 999, 2;
1, 256, 0, -1, -1, -1, 4, 999, 2;
1, 256, 0, -1, -1, -1, 4, 999, 2;
1, 256, 0, 0, 0, 0, 4, 999, 2;
1, 256, 0, 0, 0, 0, 4, 999, 2;
1, 256, 0, 0, 0, 0, 4, 999, 2;
1, 256, 0, 0, 0, 0, 4, 999, 2;
1, 256, 0, -1, -1, -1, 4, 999, 2;
1, 256, 0, 1, 1, 1, 5, 1000, 3;
1, 256, 0, 0, 0, 0, 4, 999, 2;
1, 256, 1, 1, 1, 1, 6, 1000, 4;
1, 256, 1, 1, 1, 1, 6, 1000, 4;
1, 256, 0, -1, -1, -1, 4, 999, 2;
1, 256, 0, 0, 0, 0, 4, 999, 2;
1, 256, 1, 1, 1, 1, 5, 1000, 3;
1, 256, 1, 1, 1, 1, 6, 1000, 4;
1, 256, 0, 0, 0, 0, 5, 1000, 3;
1, 256, 0, 0, 0, 0, 4, 999, 2;
1, 256, 1, 1, 1, 1, 6, 1000, 4;
1, 256, 0, -1, -1, -1, 4, 998, 1;
0, 256, 0, -1, -1, -1, 3, 998, 1;
1, 256, 0, -1, -1, -1, 4, 999, 2;
1, 256, 0, -1, -1, -1, 4, 998, 1;
1, 256, 0, -1, -1, -1, 4, 998, 2;
1, 256, 0, 0, 0, 0, 5, 1000, 3;
1, 256, 0, 0, 0, 0, 5, 1000, 3;
1, 256, 0, 0, 0, 0, 4, 999, 2;
1, 256, 0, 0, 0, 0, 4, 999, 2;
1, 256, 0, 0, 0, 0, 4, 999, 2;
1, 256, 0, 0, 0, 0, 5, 1000, 3;
1, 256, 1, 1, 1, 1, 6, 1000, 3;
1, 256, 0, 0, 0, 0, 5, 1000, 3;
1, 256, 0, -1, -1, -1, 4, 999, 2;
1, 256, 0, 1, 1, 1, 5, 1000, 3;
1, 256, 0, 0, 0, 0, 5, 1000, 3;
1, 256, 0, 1, 1, 1, 5, 1000, 3;
1, 256, 0, 0, 0, 0, 5, 1000, 3;
1, 256, 0, 1, 1, 1, 5, 1000, 3;
1, 256, 0, 0, 0, 0, 4, 999, 2;
1, 256, 0, -1, -1, -1, 4, 999, 2;
1, 256, 0, 0, 0, 0, 4, 999, 2;
1, 256, 0, -1, -1, -1, 4, 999, 2;
1, 256, 0, 0, 0, 0, 5, 1000, 3;
1, 256, 1, 1, 1, 1, 6, 1000, 4;
1, 256, 0, 0, 0, 0, 5, 1000, 3;
1, 256, 1, 1, 1, 1, 6, 1000, 4;
1, 256, 0, 0, 0, 0, 4, 999, 2;
1, 256, 0, 0, 0, 0, 5, 999, 3;
1, 256, 0, 0, 0, 0, 5, 1000, 3;
1, 256, 0, 0, 0, 0, 5, 1000, 3;
1, 256, 0, 0, 0, 0, 4, 999, 2;
1, 256, 0, -1, -1, -1, 3, 998, 1;
1, 256, 0, 0, 0, 0, 5, 1000, 3;
1, 256, 0, 0, 0, 0, 5, 1000, 3;
1, 256, 0, -1, -1, -1, 4, 998, 1;
1, 256, 0, 0, 0, 0, 4, 999, 2;
1, 256, 0, 0, 0, 0, 4, 999, 2;
1, 256, 0, 0, 0, 0, 4, 999, 2;
1, 256, 0, 0, 0, 0, 5, 1000, 3;
1, 256, 0, -1, -1, -1, 3, 998, 1;
1, 256, 0, 0, 0, 0, 5, 1000, 3;
1, 256, 1, 1, 1, 1, 6, 1000, 4;
1, 256, 0, 0, 0, 0, 5, 1000, 3;
1, 256, 0, 0, 0, 0, 4, 999, 2;
1, 256, 0, 0, 0, 0, 5, 1000, 3;
1, 256, 0, 0, 0, 0, 4, 999, 2;
1, 256, 0, 0, 0, 0, 4, 999, 2;
1, 256, 0, 0, 0, 0, 5, 1000, 3;
1, 256, 0, 0, 0, 0, 4, 999, 2;
1, 256, 0, 0, 0, 0, 5, 999, 2;
1, 256, 0, 0, 0, 0, 4, 999, 2;
1, 256, 1, 1, 1, 1, 5, 1000, 3;
1, 256, 1, 1, 1, 1, 6, 1001, 4;
1, 256, 0, 0, 0, 0, 5, 1000, 3;
1, 256, 0, 0, 0, 0, 4, 999, 2;
1, 256, 0, 0, 0, 0, 5, 1000, 3;
1, 256, 0, 0, 0, 0, 5, 1000, 3;
1, 256, 0, 0, 0, 0, 4, 999, 2;
1, 256, 0, 1, 1, 1, 5, 1000, 3;
1, 256, 0, 0, 0, 0, 4, 999, 2;
1, 256, 0, 0, 0, 0, 4, 999, 2;
1, 256, 0, 0, 0, 0, 5, 1000, 3;
1, 256, 0, 0, 0, 0, 5, 1000, 3;
1, 256, 0, 0, 0, 0, 4, 999, 2;
1, 256, 0, -1, -1, -1, 4, 998, 2;
1, 256, 0, 0, 0, 0, 5, 1000, 3;
1, 256, 1, 1, 1, 1, 6, 1001, 4;
1, 256, 0, -1, -1, -1, 4, 999, 2;
1, 256, 0, 0, 0, 0, 4, 999, 2;
1, 256, 0, 1, 1, 1, 5, 1000, 3;
1, 256, 0, 0, 0, 0, 4, 999, 2;
1, 256, 0, 0, 0, 0, 5, 1000, 3;
1, 256, 0, 0, 0, 0, 5, 1000, 3;
1, 256, 0, -1, -1, -1, 4, 999, 2;
1, 256, 0, 0, 0, 0, 5, 1000, 3;
1, 256, 0, 0, 0, 0, 4, 999, 2;
1, 256, 0, -1, -1, -1, 3, 998, 1;
1, 256, 0, -1, -1, -1, 3, 998, 1;
1, 256, 0, 0, 0, 0, 4, 999, 2;
1, 256, 0, 0, 0, 0, 4, 999, 2;
1, 256, 1, 1, 1, 1, 5, 1000, 3;
1, 256, 0, 0, 0, 0, 4, 999, 2;
1, 256, 0, 0, 0, 0, 5, 1000, 3;
1, 256, 1, 1, 1, 1, 6, 1001, 4;
1, 256, 0, 0, 0, 0, 5, 1000, 3;
1, 256, 0, 0, 0, 0, 4, 999, 2;
1, 256, 0, 0, 0, 0, 5, 1000, 3;
1, 256, 0, 0, 0, 0, 5, 999, 3;
1, 256, 0, 0, 0, 0, 4, 999, 2;
1, 256, 0, 1, 1, 1, 5, 1000, 3;
1, 256, 0, 0, 0, 0, 5, 1000, 3;
1, 256, 0, -1, -1, -1, 4, 999, 2;
1, 256, 1, 1, 1, 1, 6, 1001, 4;
1, 256, 0, -1, -1, -1, 4, 998, 2;
1, 256, 0, -1, -1, -1, 4, 999, 2;
1, 256, 1, 1, 1, 1, 6, 1001, 4;
1, 256, 0, 0, 0, 0, 5, 999, 2;
1, 256, 0, -1, -1, -1, 4, 999, 2;
1, 256, 0, 0, 0, 0, 4, 999, 2;
1, 256, 0, 0, 0, 0, 4, 999, 2;
1, 256, 0, -1, -1, -1, 4, 999, 2;
1, 256, 0, 1, 1, 1, 5, 1000, 3;
1, 256, 0, 0, 0, 0, 4, 999, 2;
1, 256, 0, 0, 0, 0, 4, 999, 2;
1, 256, 0, 0, 0, 0, 5, 1000, 3;
1, 256, 1, 1, 1, 1, 6, 1000, 3;
1, 256, 0, 0, 0, 0, 4, 999, 2;
1, 256, 0, 0, 0, 0, 5, 1000, 3;
1, 256, 0, 0, 0, 0, 4, 999, 2;
1, 256, 0, 0, 0, 0, 4, 999, 2;
1, 256, 0, -1, -1, -1, 4, 999, 2;
1, 256, 0, 1, 1, 1, 5, 1000, 3;
1, 256, 0, 1, 1, 1, 5, 1000, 3;
1, 256, 1, 1, 1, 1, 6, 1001, 4;
1, 256, 1, 1, 1, 1, 6, 1001, 4;
1, 256, 1, 1, 1, 1, 6, 1001, 4;
1, 256, 0, 1, 1, 1, 5, 1000, 3;
1, 256, 0, 0, 0, 0, 5, 1000, 3;
1, 256, 0, 1, 1, 1, 5, 1000, 3;
1, 256, 0, -1, -1, -1, 4, 999, 2;
1, 256, 0, -1, -1, -1, 4, 999, 2;
1, 256, 0, -1, -1, -1, 3, 998, 1;
1, 256, 1, 1, 1, 1, 6, 1001, 4;
1, 256, 0, 0, 0, 0, 4, 999, 2;
1, 256, 0, -1, -1, -1, 4, 999, 2;
1, 256, 0, 0, 0, 0, 5, 999, 2;
1, 256, 0, 0, 0, 0, 4, 999, 2;
1, 256, 0, -1, -1, -1, 4, 999, 2;
1, 256, 0, 0, 0, 0, 4, 999, 2;
1, 256, 1, 1, 1, 1, 6, 1001, 4;
1, 256, 0, 0, 0, 0, 5, 1000, 3;
1, 256, 0, 0, 0, 0, 4, 999, 2;
1, 256, 0, -1, -1, -1, 4, 999, 2;
1, 256, 0, -1, -1, -1, 4, 999, 2;
1, 256, 0, 0, 0, 0, 5, 1000, 3;
1, 256, 0, 0, 0, 0, 5, 1000, 3;
1, 256, 0, -1, -1, -1, 4, 998, 2;
1, 256, 0, 0, 0, 0, 5, 1000, 3;
1, 256, 0, -1, -1, -1, 4, 999, 2;
1, 256, 0, -1, -1, -1, 3, 998, 1;
1, 256, 0, -1, -1, -1, 3, 998, 1;
1, 256, 0, -1, -1, -1, 4, 999, 2;
1, 256, 1, 1, 1, 1, 5, 1000, 3;
1, 256, 0, 1, 1, 1, 5, 1000, 3;
1, 256, 0, 1, 1, 1, 5, 1000, 3;
1, 256, 0, 0, 0, 0, 5, 1000, 3;
1, 256, 0, 0, 0, 0, 5, 1000, 3;
1, 256, 0, 0, 0, 0, 4, 999, 2;
1, 256, 0, 0, 0, 0, 5, 1000, 3;
1, 256, 0, 0, 0, 0, 5, 1000, 3;
1, 256, 0, 1, 1, 1, 5, 1000, 3;
1, 256, 0, -1, -1, -1, 4, 999, 2;
1, 256, 0, 0, 0, 0, 4, 999, 2;
1, 256, 1, 1, 1, 1, 6, 1001, 4;
1, 256, 0, 0, 0, 0, 5, 999, 2;
1, 256, 0, 0, 0, 0, 5, 1000, 3;
1, 256, 0, -1, -1, -1, 4, 999, 2;
1, 256, 0, 0, 0, 0, 4, 999, 2;
1, 256, 1, 1, 1, 1, 5, 1000, 3;
1, 256, 0, -1, -1, -1, 4, 999, 2;
1, 256, 0, -1, -1, -1, 4, 999, 2;
1, 256, 1, 1, 1, 1, 5, 1000, 3;
1, 256, 0, 0, 0, 0, 5, 1000, 3;
1, 256, 1, 1, 1, 1, 6, 1000, 4;
1, 256, 0, -1, -1, -1, 4, 999, 2;
1, 256, 0, 0, 0, 0, 4, 999, 2;
1, 256, 0, 1, 1, 1, 5, 1000, 3;
1, 256, 0, -1, -1, -1, 4, 999, 2;
1, 256, 0, -1, -1, -1, 4, 999, 2;
1, 256, 0, -1, -1, -1, 4, 999, 2;
1, 256, 0, 0, 0, 0, 5, 1000, 3;
1, 256, 0, 0, 0, 0, 4, 999, 2;
1, 256, 0, 0, 0, 0, 5, 1000, 3;
1, 256, 0, 0, 0, 0, 5, 1000, 3;
1, 256, 0, 0, 0, 0, 5, 1000, 3;
1, 256, 0, -1, -1, -1, 4, 999, 2;
1, 256, 0, -1, -1, -1, 4, 999, 2;
1, 256, 0, -1, -1, -1, 4, 998, 2;
1, 256, 0, 0, 0, 0, 5, 1000, 3;
1, 256, 0, -1, -1, -1, 4, 999, 2;
1, 256, 1, 1, 1, 1, 6, 1000, 4;
1, 256, 0, -1, -1, -1, 4, 999, 2;
1, 256, 0, 0, 0, 0, 4, 999, 2;
1, 256, 0, -1, -1, -1, 3, 998, 1;
1, 256, 0, 0, 0, 0, 4, 999, 2;
1, 256, 0, 0, 0, 0, 5, 1000, 3;
1, 256, 0, 0, 0, 0, 4, 999, 2;
1, 256, 0, 0, 0, 0, 5, 1000, 3;
1, 256, 1, 1, 1, 1, 6, 1001, 4;
1, 256, 0, 0, 0, 0, 4, 999, 2;
1, 256, 0, 0, 0, 0, 4, 999, 2;
1, 256, 0, 0, 0, 0, 5, 1000, 3;
1, 256, 1, 1, 1, 1, 6, 1001, 4;
1, 256, 0, 0, 0, 0, 4, 999, 2;
1, 256, 0, -1, -1, -1, 3, 998, 1;
1, 256, 0, -1, -1, -1, 4, 999, 2;
1, 256, 0, -1, -1, -1, 4, 999, 2;
1, 256, 0, 0, 0, 0, 5, 1000, 3;
1, 256, 0, 0, 0, 0, 5, 1000, 3;
1, 256, 0, -1, -1, -1, 4, 999, 2;
1, 256, 0, 1, 1, 1, 5, 1000, 3;
1, 256, 0, 1, 1, 1, 5, 1000, 3;
1, 256, 0, 0, 0, 0, 4, 999, 2;
1, 256, 1, 1, 1, 1, 5, 1000, 3;
1, 256, 0, 0, 0, 0, 5, 1000, 3;
1, 256, 0, 0, 0, 0, 4, 999, 2;
1, 256, 0, -1, -1, -1, 4, 999, 2;
1, 256, 0, 0, 0, 0, 4, 999, 2;
1, 256, 0, 1, 1, 1, 5, 1000, 3;
1, 256, 0, 1, 1, 1, 5, 1000, 3;
1, 256, 0, 0, 0, 0, 4, 999, 2;
1, 256, 0, -1, -1, -1, 3, 998, 1;
1, 256, 0, 1, 1, 1, 5, 1000, 3;
1, 256, 1, 1, 1, 1, 5, 1000, 3;
1, 256, 0, 0, 0, 0, 5, 1000, 3;
1, 256, 0, 1, 1, 1, 5, 1000, 3;
1, 256, 0, 0, 0, 0, 5, 1000, 3;
1, 256, 1, 1, 1, 1, 6, 1000, 3;
1, 256, 0, 0, 0, 0, 5, 999, 2;
1, 256, 0, -1, -1, -1, 4, 999, 2;
1, 256, 0, 0, 0, 0, 5, 1000, 3;
1, 256, 0, -1, -1, -1, 4, 998, 1;
1, 256, 0, 1, 1, 1, 5, 1000, 3;
1, 256, 1, 1, 1, 1, 6, 1001, 4;
1, 256, 0, 0, 0, 0, 4, 999, 2;
1, 256, 0, 0, 0, 0, 5, 999, 2;
0, 256, 0, -1, -1, -1, 3, 998, 1;
1, 256, 0, -1, -1, -1, 4, 999, 2;
1, 256, 1, 1, 1, 1, 5, 1000, 3;
1, 256, 0, 0, 0, 0, 5, 1000, 3;
1, 256, 0, 0, 0, 0, 5, 1000, 3;
1, 256, 0, 0, 0, 0, 5, 1000, 3;
1, 256, 0, 0, 0, 0, 5, 1000, 3;
1, 256, 0, -1, -1, -1, 3, 998, 1;
1, 256, 0, 0, 0, 0, 4, 999, 2;
1, 256, 0, 0, 0, 0, 5, 1000, 3;
1, 256, 0, 0, 0, 0, 5, 1000, 3;
1, 256, 0, 1, 1, 1, 5, 1000, 3;
1, 256, 0, 0, 0, 0, 4, 999, 2;
1, 256, 0, 0, 0, 0, 4, 999, 2;
1, 256, 0, 0, 0, 0, 5, 1000, 3;
0, 256, 0, -1, -1, -1, 3, 998, 1;
1, 256, 0, -1, -1, -1, 4, 999, 2;
1, 256, 0, 0, 0, 0, 4, 999, 2;
1, 256, 0, 1, 1, 1, 5, 1000, 3;
1, 256, 1, 1, 1, 1, 6, 1001, 4;
1, 256, 0, 0, 0, 0, 4, 999, 2;
1, 256, 0, -1, -1, -1, 3, 998, 1;
1, 256, 0, 0, 0, 0, 4, 999, 2;
1, 256, 0, -1, -1, -1, 4, 999, 2;
1, 256, 0, 0, 0, 0, 5, 1000, 3;
1, 256, 0, 0, 0, 0, 5, 1000, 3;
1, 256, 0, -1, -1, -1, 4, 999, 2;
1, 256, 0, -1, -1, -1, 4, 999, 2;
1, 256, 0, -1, -1, -1, 3, 998, 1;
0, 256, 0, -1, -1, -1, 3, 998, 1;
1, 256, 0, 0, 0, 0, 4, 999, 2;
1, 256, 1, 1, 1, 1, 6, 1000, 3;
1, 256, 1, 1, 1, 1, 6, 1001, 4;
1, 256, 0, -1, -1, -1, 4, 998, 1;
1, 256, 0, 0, 0, 0, 4, 999, 2;
1, 256, 1, 1, 1, 1, 6, 1001, 4;
1, 256, 0, 0, 0, 0, 5, 1000, 3;
1, 256, 0, -1, -1, -1, 3, 998, 1;
1, 256, 0, -1, -1, -1, 4, 998, 1;
1, 256, 1, 1, 1, 1, 6, 1000, 3;
1, 256, 0, 0, 0, 0, 5, 1000, 3;
1, 256, 1, 1, 1, 1, 6, 1001, 4;
1, 256, 0, 0, 0, 0, 5, 1000, 3;
1, 256, 0, 0, 0, 0, 5, 1000, 3;
1, 256, 1, 1, 1, 1, 6, 1001, 4;
1, 256, 0, 0, 0, 0, 5, 1000, 3;
1, 256, 0, 0, 0, 0, 5, 1000, 3;
1, 256, 1, 1, 1, 1, 6, 1001, 4;
1, 256, 0, 0, 0, 0, 5, 1000, 3;
1, 256, 0, -1, -1, -1, 4, 999, 2;
1, 256, 0, 0, 0, 0, 5, 1000, 3;
1, 256, 0, 0, 0, 0, 5, 1000, 3;
1, 256, 0, -1, -1, -1, 4, 998, 1;
1, 256, 0, 0, 0, 0, 5, 1000, 3;
1, 256, 0, 0, 0, 0, 5, 1000, 3;
1, 256, 0, 1, 1, 1, 5, 1000, 3;
1, 256, 0, 0, 0, 0, 5, 1000, 3;
1, 256, 0, -1, -1, -1, 4, 999, 2;
1, 256, 0, -1, -1, -1, 4, 999, 2;
1, 256, 0, -1, -1, -1, 4, 999, 2;
1, 256, 0, 0, 0, 0, 5, 1000, 3;
1, 256, 0, 0, 0, 0, 4, 999, 2;
1, 256, 0, -1, -1, -1, 3, 998, 1;
1, 256, 0, -1, -1, -1, 4, 999, 2;
1, 256, 0, -1, -1, -1, 4, 999, 2;
1, 256, 0, -1, -1, -1, 4, 999, 2;
1, 256, 0, 0, 0, 0, 5, 1000, 3;
1, 256, 0, 1, 1, 1, 5, 1000, 3;
1, 256, 0, 1, 1, 1, 5, 1000, 3;
1, 256, 0, -1, -1, -1, 4, 999, 2;
1, 256, 0, -1, -1, -1, 4, 999, 2;
1, 256, 0, 0, 0, 0, 5, 1000, 3;
1, 256, 0, 0, 0, 0, 5, 1000, 3;
1, 256, 0, -1, -1, -1, 3, 998, 1;
1, 256, 0, -1, -1, -1, 4, 999, 2;
1, 256, 0, -1, -1, -1, 4, 998, 2;
1, 256, 0, 0, 0, 0, 5, 1000, 3;
1, 256, 0, 0, 0, 0, 4, 999, 2;
1, 256, 0, 0, 0, 0, 5, 1000, 3;
1, 256, 0, 0, 0, 0, 5, 1000, 3;
1, 256, 0, -1, -1, -1, 3, 998, 1;
1, 256, 0, 0, 0, 0, 5, 1000, 3;
1, 256, 0, -1, -1, -1, 3, 998, 1;
1, 256, 0, -1, -1, -1, 4, 999, 2;
1, 256, 0, -1, -1, -1, 4, 999, 2;
1, 256, 1, 1, 1, 1, 6, 1001, 4;
1, 256, 0, -1, -1, -1, 4, 998, 1;
1, 256, 0, 0, 0, 0, 4, 999, 2;
1, 256, 0, -1, -1, -1, 3, 998, 1;
1, 256, 1, 1, 1, 1, 5, 1000, 3;
1, 256, 0, 0, 0, 0, 5, 1000, 3;
1, 256, 0, 0, 0, 0, 5, 1000, 3;
1, 256, 0, 0, 0, 0, 5, 1000, 3;
1, 256, 0, -1, -1, -1, 4, 999, 2;
1, 256, 0, 0, 0, 0, 4, 999, 2;
1, 256, 0, 0, 0, 0, 5, 1000, 3;
1, 256, 1, 1, 1, 1, 6, 1001, 4;
1, 256, 0, 0, 0, 0, 5, 999, 2;
1, 256, 0, 0, 0, 0, 5, 1000, 3;
1, 256, 0, 0, 0, 0, 5, 1000, 3;
1, 256, 1, 1, 1, 1, 6, 1000, 4;
1, 256, 0, 0, 0, 0, 4, 999, 2;
1, 256, 0, -1, -1, -1, 4, 999, 2;
1, 256, 0, 0, 0, 0, 5, 1000, 3;
1, 256, 0, -1, -1, -1, 4, 998, 1;
1, 256, 0, 0, 0, 0, 5, 1000, 3;
1, 256, 0, 0, 0, 0, 5, 1000, 3;
1, 256, 0, 0, 0, 0, 4, 999, 2;
1, 256, 0, -1, -1, -1, 4, 998, 2;
1, 256, 0, 0, 0, 0, 5, 1000, 3;
1, 256, 0, 0, 0, 0, 4, 999, 2;
1, 256, 0, 0, 0, 0, 5, 1000, 3;
1, 256, 0, 0, 0, 0, 5, 1000, 3;
1, 256, 0, 0, 0, 0, 5, 999, 3;
1, 256, 1, 1, 1, 1, 6, 1001, 4;
1, 256, 0, 0, 0, 0, 5, 1000, 3;
1, 256, 0, 0, 0, 0, 5, 999, 3;
1, 256, 0, 0, 0, 0, 5, 1000, 3;
1, 256, 1, 1, 1, 1, 5, 1000, 3;
1, 256, 0, -1, -1, -1, 4, 999, 2;
1, 256, 0, 0, 0, 0, 5, 1000, 3;
1, 256, 0, -1, -1, -1, 4, 998, 1;
1, 256, 0, 0, 0, 0, 4, 999, 2;
1, 256, 1, 1, 1, 1, 6, 1001, 4;
1, 256, 0, 0, 0, 0, 5, 1000, 3;
1, 256, 1, 1, 1, 1, 6, 1001, 4;
1, 256, 0, 1, 1, 1, 5, 1000, 3;
1, 256, 0, 0, 0, 0, 4, 999, 2;
1, 256, 0, 0, 0, 0, 5, 999, 2;
1, 256, 0, 0, 0, 0, 5, 999, 3;
1, 256, 1, 1, 1, 1, 6, 1000, 4;
1, 256, 0, -1, -1, -1, 4, 998, 2;
1, 256, 0, 0, 0, 0, 4, 999, 2;
1, 256, 0, 0, 0, 0, 4, 999, 2;
1, 256, 0, 0, 0, 0, 4, 999, 2;
1, 256, 0, 0, 0, 0, 5, 1000, 3;
1, 256, 0, -1, -1, -1, 3, 998, 1;
1, 256, 0, -1, -1, -1, 4, 999, 2;
1, 256, 0, 0, 0, 0, 4, 999, 2;
1, 256, 0, 1, 1, 1, 5, 1000, 3;
1, 256, 0, 0, 0, 0, 4, 999, 2;
1, 256, 0, 0, 0, 0, 5, 1000, 3;
1, 256, 0, -1, -1, -1, 4, 999, 2;
1, 256, 0, -1, -1, -1, 4, 998, 2;
1, 256, 1, 1, 1, 1, 6, 1001, 4;
0, 256, 0, -1, -1, -1, 3, 998, 1;
1, 256, 0, 0, 0, 0, 5, 1000, 3;
1, 256, 0, 0, 0, 0, 5, 1000, 3;
1, 256, 0, 0, 0, 0, 4, 999, 2;
1, 256, 0, -1, -1, -1, 3, 998, 1;
1, 256, 1, 1, 1, 1, 6, 1001, 4;
1, 256, 0, 0, 0, 0, 4, 999, 2;
1, 256, 0, 0, 0, 0, 5, 999, 3;
1, 256, 0, 0, 0, 0, 4, 999, 2;
1, 256, 0, 0, 0, 0, 4, 999, 2;
1, 256, 0, 0, 0, 0, 5, 1000, 3;
1, 256, 0, -1, -1, -1, 4, 998, 1;
1, 256, 0, 0, 0, 0, 5, 1000, 3;
1, 256, 0, 0, 0, 0, 4, 999, 2;
1, 256, 0, -1, -1, -1, 4, 999, 2;
1, 256, 0, -1, -1, -1, 3, 998, 1;
1, 256, 0, -1, -1, -1, 4, 999, 2;
1, 256, 1, 1, 1, 1, 6, 1001, 4;
1, 256, 1, 1, 1, 1, 6, 1001, 4;
1, 256, 0, 1, 1, 1, 5, 1000, 3;
1, 256, 1, 1, 1, 1, 6, 1001, 4;
1, 256, 0, -1, -1, -1, 4, 999, 2;
1, 256, 0, 0, 0, 0, 5, 1000, 3;
1, 256, 0, -1, -1, -1, 3, 998, 1;
1, 256, 0, 0, 0, 0, 4, 999, 2;
1, 256, 0, -1, -1, -1, 4, 999, 2;
1, 256, 0, 0, 0, 0, 5, 1000, 3;
1, 256, 1, 1, 1, 1, 6, 1001, 4;
1, 256, 0, 0, 0, 0, 5, 999, 2;
1, 256, 0, 0, 0, 0, 5, 1000, 3;
1, 256, 0, -1, -1, -1, 4, 999, 2;
1, 256, 0, 0, 0, 0, 5, 1000, 3;
1, 256, 0, 1, 1, 1, 5, 1000, 3;
1, 256, 0, -1, -1, -1, 4, 999, 2;
1, 256, 0, 0, 0, 0, 5, 1000, 3;
1, 256, 0, 1, 1, 1, 5, 1000, 3;
1, 256, 1, 1, 1, 1, 6, 1001, 4;
1, 256, 0, -1, -1, -1, 4, 999, 2;
1, 256, 1, 1, 1, 1, 6, 1001, 4;
1, 256, 0, 0, 0, 0, 4, 999, 2;
1, 256, 1, 1, 1, 1, 6, 1001, 4;
1, 256, 0, 0, 0, 0, 5, 1000, 3;
1, 256, 0, 0, 0, 0, 4, 999, 2;
1, 256, 0, 0, 0, 0, 4, 999, 2;
1, 256, 1, 1, 1, 1, 6, 1000, 3;
1, 256, 0, 0, 0, 0, 5, 1000, 3;
1, 256, 1, 1, 1, 1, 6, 1001, 4;
1, 256, 0, 0, 0, 0, 4, 999, 2;
1, 256, 0, 0, 0, 0, 4, 999, 2;
1, 256, 1, 1, 1, 1, 6, 1001, 4;
1, 256, 0, 0, 0, 0, 5, 1000, 3;
1, 256, 0, 0, 0, 0, 5, 999, 2;
1, 256, 0, 0, 0, 0, 5, 1000, 3;
1, 256, 0, 0, 0, 0, 4, 999, 2;
1, 256, 1, 1, 1, 1, 6, 1000, 4;
1, 256, 0, 0, 0, 0, 5, 1000, 3;
1, 256, 0, 0, 0, 0, 4, 999, 2;
1, 256, 0, -1, -1, -1, 4, 999, 2;
1, 256, 0, 1, 1, 1, 5, 1000, 3;
1, 256, 0, 0, 0, 0, 5, 1000, 3;
1, 256, 1, 1, 1, 1, 5, 1000, 3;
1, 256, 0, 1, 1, 1, 5, 1000, 3;
1, 256, 0, 1, 1, 1, 5, 1000, 3;
1, 256, 0, -1, -1, -1, 4, 999, 2;
1, 256, 0, 0, 0, 0, 4, 999, 2;
1, 256, 0, -1, -1, -1, 4, 999, 2;
1, 256, 0, 0, 0, 0, 5, 999, 3;
1, 256, 0, -1, -1, -1, 4, 998, 2;
0, 256, 0, -1, -1, -1, 3, 998, 1;
1, 256, 1, 1, 1, 1, 6, 1000, 3;
1, 256, 0, 1, 1, 1, 5, 1000, 3;
1, 256, 0, -1, -1, -1, 4, 998, 2;
1, 256, 0, -1, -1, -1, 4, 999, 2;
1, 256, 1, 1, 1, 1, 6, 1000, 4;
1, 256, 0, 0, 0, 0, 5, 1000, 3;
1, 256, 0, -1, -1, -1, 3, 998, 1;
1, 256, 0, 0, 0, 0, 5, 1000, 3;
1, 256, 0, -1, -1, -1, 4, 999, 2;
1, 256, 0, 0, 0, 0, 4, 999, 2;
1, 256, 0, 0, 0, 0, 5, 999, 3;
0, 256, 0, -1, -1, -1, 3, 998, 1;
1, 256, 0, 0, 0, 0, 4, 999, 2;
1, 256, 0, -1, -1, -1, 4, 999, 2;
1, 256, 1, 1, 1, 1, 6, 1000, 3;
1, 256, 0, 0, 0, 0, 4, 999, 2;
1, 256, 0, -1, -1, -1, 4, 999, 2;
1, 256, 0, 0, 0, 0, 5, 999, 2;
1, 256, 0, 0, 0, 0, 5, 1000, 3;
1, 256, 1, 1, 1, 1, 6, 1001, 4;
1, 256, 0, 1, 1, 1, 5, 1000, 3;
1, 256, 0, 0, 0, 0, 5, 999, 3;
1, 256, 0, 0, 0, 0, 5, 1000, 3;
1, 256, 0, 1, 1, 1, 5, 1000, 3;
1, 256, 0, 1, 1, 1, 5, 1000, 3;
1, 256, 0, 0, 0, 0, 5, 1000, 3;
1, 256, 0, 0, 0, 0, 4, 999, 2;
1, 256, 0, -1, -1, -1, 4, 999, 2;
1, 256, 0, -1, -1, -1, 4, 999, 2;
1, 256, 0, 0, 0, 0, 5, 999, 3;
1, 256, 0, -1, -1, -1, 4, 999, 2;
1, 256, 0, -1, -1, -1, 4, 999, 2;
1, 256, 1, 1, 1, 1, 6, 1001, 4;
1, 256, 0, 0, 0, 0, 4, 999, 2;
1, 256, 0, 1, 1, 1, 5, 1000, 3;
1, 256, 0, 0, 0, 0, 4, 999, 2;
1, 256, 0, -1, -1, -1, 4, 998, 1;
1, 256, 0, 0, 0, 0, 5, 1000, 3;
1, 256, 0, -1, -1, -1, 4, 999, 2;
1, 256, 0, -1, -1, -1, 4, 999, 2;
1, 256, 0, 0, 0, 0, 4, 999, 2;
1, 256, 0, -1, -1, -1, 4, 998, 2;
1, 256, 1, 1, 1, 1, 6, 1001, 4;
1, 256, 0, 0, 0, 0, 5, 999, 3;
1, 256, 0, 0, 0, 0, 5, 1000, 3;
1, 256, 0, 0, 0, 0, 5, 1000, 3;
1, 256, 0, -1, -1, -1, 4, 999, 2;
1, 256, 0, 0, 0, 0, 4, 999, 2;
1, 256, 0, 1, 1, 1, 5, 1000, 3;
1, 256, 0, -1, -1, -1, 4, 998, 1;
1, 256, 0, 0, 0, 0, 4, 999, 2;
1, 256, 1, 1, 1, 1, 6, 1001, 4;
1, 256, 1, 1, 1, 1, 6, 1001, 4;
1, 256, 0, 0, 0, 0, 4, 999, 2;
1, 256, 1, 1, 1, 1, 6, 1000, 4;
1, 256, 0, -1, -1, -1, 4, 999, 2;
1, 256, 1, 1, 1, 1, 6, 1001, 4;
1, 256, 0, 0, 0, 0, 5, 1000, 3;
1, 256, 0, 0, 0, 0, 5, 999, 3;
1, 256, 0, 0, 0, 0, 4, 999, 2;
1, 256, 0, 0, 0, 0, 5, 1000, 3;
1, 256, 0, 0, 0, 0, 5, 999, 2;
1, 256, 0, 0, 0, 0, 4, 999, 2;
1, 256, 0, 0, 0, 0, 5, 1000, 3;
1, 256, 1, 1, 1, 1, 6, 1001, 4;
1, 256, 1, 1, 1, 1, 6, 1001, 4;
1, 256, 0, 0, 0, 0, 5, 1000, 3;
1, 256, 0, 0, 0, 0, 5, 1000, 3;
1, 256, 1, 1, 1, 1, 6, 1000, 3;
1, 256, 1, 1, 1, 1, 6, 1001, 4;
1, 256, 0, -1, -1, -1, 4, 999, 2;
1, 256, 1, 1, 1, 1, 6, 1000, 4;
1, 256, 0, -1, -1, -1, 4, 998, 1;
1, 256, 0, 0, 0, 0, 5, 1000, 3;
1, 256, 0, 1, 1, 1, 5, 1000, 3;
1, 256, 0, 0, 0, 0, 4, 999, 2;
1, 256, 1, 1, 1, 1, 6, 1001, 4;
1, 256, 0, -1, -1, -1, 4, 999, 2;
1, 256, 0, 0, 0, 0, 5, 1000, 3;
1, 256, 0, 0, 0, 0, 5, 999, 2;
1, 256, 0, 0, 0, 0, 5, 1000, 3;
1, 256, 1, 1, 1, 1, 6, 1001, 4;
1, 256, 0, 0, 0, 0, 5, 1000, 3;
1, 256, 0, 0, 0, 0, 5, 1000, 3;
1, 256, 0, 0, 0, 0, 4, 999, 2;
1, 256, 0, 1, 1, 1, 5, 1000, 3;
1, 256, 0, -1, -1, -1, 3, 998, 1;
1, 256, 0, 1, 1, 1, 5, 1000, 3;
1, 256, 0, 0, 0, 0, 5, 1000, 3;
1, 256, 0, 0, 0, 0, 4, 999, 2;
1, 256, 0, -1, -1, -1, 4, 999, 2;
1, 256, 0, -1, -1, -1, 4, 998, 1;
1, 256, 1, 1, 1, 1, 6, 1000, 3;
1, 256, 1, 1, 1, 1, 6, 1001, 4;
1, 256, 0, -1, -1, -1, 4, 999, 2;
1, 256, 0, -1, -1, -1, 4, 999, 2;
1, 256, 1, 1, 1, 1, 6, 1001, 4;
1, 256, 0, 1, 1, 1, 5, 1000, 3;
1, 256, 0, -1, -1, -1, 3, 998, 1;
1, 256, 0, 1, 1, 1, 5, 1000, 3;
1, 256, 0, -1, -1, -1, 3, 998, 1;
1, 256, 0, 0, 0, 0, 5, 1000, 3;
1, 256, 0, -1, -1, -1, 3, 998, 1;
1, 256, 0, 0, 0, 0, 4, 999, 2;
1, 256, 1, 1, 1, 1, 6, 1001, 4;
1, 256, 1, 1, 1, 1, 6, 1001, 4;
1, 256, 1, 1, 1, 1, 6, 1000, 4;
1, 256, 1, 1, 1, 1, 6, 1001, 4;
1, 256, 0, 0, 0, 0, 5, 1000, 3;
1, 256, 0, 0, 0, 0, 5, 1000, 3;
1, 256, 0, -1, -1, -1, 4, 999, 2;
1, 256, 0, 0, 0, 0, 5, 1000, 3;
1, 256, 0, 0, 0, 0, 4, 999, 2;
1, 256, 1, 1, 1, 1, 6, 1001, 4;
1, 256, 0, 0, 0, 0, 4, 999, 2;
1, 256, 0, -1, -1, -1, 3, 998, 1;
1, 256, 0, -1, -1, -1, 3, 998, 1;
1, 256, 0, -1, -1, -1, 3, 998, 1;
1, 256, 1, 1, 1, 1, 6, 1001, 4;
1, 256, 0, 0, 0, 0, 4, 999, 2;
1, 256, 0, 0, 0, 0, 4, 999, 2;
1, 256, 0, 1, 1, 1, 5, 1000, 3;
1, 256, 0, 0, 0, 0, 5, 1000, 3;
1, 256, 0, 0, 0, 0, 5, 1000, 3;
1, 256, 0, 0, 0, 0, 5, 1000, 3;
1, 256, 1, 1, 1, 1, 6, 1000, 3;
1, 256, 1, 1, 1, 1, 6, 1001, 4;
1, 256, 0, 0, 0, 0, 5, 1000, 3;
1, 256, 0, 0, 0, 0, 4, 999, 2;
1, 256, 0, 0, 0, 0, 4, 999, 2;
1, 256, 1, 1, 1, 1, 6, 1000, 4;
1, 256, 0, 1, 1, 1, 5, 1000, 3;
1, 256, 0, 0, 0, 0, 5, 1000, 3;
1, 256, 0, -1, -1, -1, 4, 998, 1;
1, 256, 0, -1, -1, -1, 4, 998, 2;
1, 256, 1, 1, 1, 1, 6, 1001, 4;
1, 256, 0, 0, 0, 0, 5, 1000, 3;
1, 256, 0, 0, 0, 0, 5, 1000, 3;
1, 256, 0, 0, 0, 0, 5, 999, 3;
1, 256, 0, 0, 0, 0, 5, 1000, 3;
1, 256, 1, 1, 1, 1, 5, 1000, 3;
1, 256, 0, 1, 1, 1, 5, 1000, 3;
1, 256, 0, 0, 0, 0, 5, 1000, 3;
1, 256, 0, 0, 0, 0, 5, 1000, 3;
1, 256, 0, 0, 0, 0, 4, 999, 2;
1, 256, 0, -1, -1, -1, 4, 999, 2;
1, 256, 0, -1, -1, -1, 3, 998, 1;
1, 256, 0, 0, 0, 0, 5, 1000, 3;
1, 256, 0, -1, -1, -1, 4, 998, 1;
1, 256, 0, -1, -1, -1, 4, 999, 2;
1, 256, 1, 1, 1, 1, 6, 1000, 4;
1, 256, 0, 0, 0, 0, 4, 999, 2;
1, 256, 0, 0, 0, 0, 5, 1000, 3;
1, 256, 0, -1, -1, -1, 4, 998, 1;
1, 256, 0, 0, 0, 0, 4, 999, 2;
1, 256, 1, 1, 1, 1, 5, 1000, 3;
1, 256, 0, 0, 0, 0, 5, 1000, 3;
1, 256, 0, 1, 1, 1, 5, 1000, 3;
1, 256, 0, 0, 0, 0, 5, 1000, 3;
1, 256, 0, 0, 0, 0, 5, 1000, 3;
1, 256, 0, 0, 0, 0, 5, 1000, 3;
1, 256, 0, 0, 0, 0, 5, 1000, 3;
1, 256, 0, 0, 0, 0, 5, 1000, 3;
1, 256, 0, -1, -1, -1, 4, 999, 2;
1, 256, 0, 0, 0, 0, 5, 1000, 3;
1, 256, 0, 0, 0, 0, 5, 1000, 3;
1, 256, 1, 1, 1, 1, 6, 1001, 4;
1, 256, 0, 0, 0, 0, 4, 999, 2;
1, 256, 0, -1, -1, -1, 4, 998, 2;
1, 256, 1, 1, 1, 1, 6, 1001, 4;
1, 256, 0, 0, 0, 0, 4, 999, 2;
1, 256, 0, 0, 0, 0, 5, 1000, 3;
1, 256, 0, 0, 0, 0, 5, 1000, 3;
1, 256, 0, 0, 0, 0, 4, 999, 2;
1, 256, 1, 1, 1, 1, 5, 1000, 3;
1, 256, 1, 1, 1, 1, 6, 1001, 4;
1, 256, 0, -1, -1, -1, 4, 999, 2;
1, 256, 0, 0, 0, 0, 5, 1000, 3;
1, 256, 0, 0, 0, 0, 4, 999, 2;
1, 256, 0, 0, 0, 0, 5, 1000, 3;
1, 256, 1, 1, 1, 1, 6, 1001, 4;
1, 256, 0, 0, 0, 0, 5, 1000, 3;
1, 256, 0, 0, 0, 0, 5, 1000, 3;
1, 256, 0, 1, 1, 1, 5, 1000, 3;
1, 256, 1, 1, 1, 1, 6, 1001, 4;
1, 256, 0, 0, 0, 0, 4, 999, 2;
1, 256, 1, 1, 1, 1, 6, 1001, 4;
1, 256, 0, 0, 0, 0, 5, 1000, 3;
1, 256, 0, -1, -1, -1, 4, 999, 2;
1, 256, 0, -1, -1, -1, 4, 999, 2;
1, 256, 0, 0, 0, 0, 4, 999, 2;
1, 256, 0, 0, 0, 0, 5, 1000, 3;
1, 256, 0, 0, 0, 0, 5, 1000, 3;
1, 256, 1, 1, 1, 1, 6, 1001, 4;
1, 256, 0, 1, 1, 1, 5, 1000, 3;
1, 256, 0, 0, 0, 0, 5, 1000, 3;
1, 256, 0, -1, -1, -1, 3, 998, 1;
1, 256, 1, 1, 1, 1, 6, 1000, 4;
1, 256, 0, 1, 1, 1, 5, 1000, 3;
1, 256, 0, 0, 0, 0, 4, 999, 2;
1, 256, 0, -1, -1, -1, 3, 998, 1;
1, 256, 0, 0, 0, 0, 5, 1000, 3;
1, 256, 0, 0, 0, 0, 4, 999, 2;
1, 256, 1, 1, 1, 1, 6, 1000, 4;
1, 256, 0, -1, -1, -1, 4, 998, 2;
1, 256, 1, 1, 1, 1, 6, 1001, 4;
1, 256, 0, -1, -1, -1, 4, 999, 2;
1, 256, 0, 0, 0, 0, 5, 1000, 3;
1, 256, 0, -1, -1, -1, 4, 999, 2;
1, 256, 0, -1, -1, -1, 4, 999, 2;
1, 256, 0, 0, 0, 0, 4, 999, 2;
1, 256, 0, 0, 0, 0, 5, 1000, 3;
1, 256, 0, 0, 0, 0, 5, 999, 3;
1, 256, 0, 0, 0, 0, 4, 999, 2;
1, 256, 0, 1, 1, 1, 5, 1000, 3;
1, 256, 0, 0, 0, 0, 4, 999, 2;
1, 256, 0, -1, -1, -1, 4, 999, 2;
1, 256, 0, 0, 0, 0, 5, 999, 3;
1, 256, 0, 0, 0, 0, 4, 999, 2;
1, 256, 0, 0, 0, 0, 5, 1000, 3;
1, 256, 0, 0, 0, 0, 4, 999, 2;
1, 256, 0, 0, 0, 0, 4, 999, 2;
1, 256, 0, -1, -1, -1, 4, 998, 2;
1, 256, 1, 1, 1, 1, 6, 1001, 4;
1, 256, 0, 0, 0, 0, 4, 999, 2;
1, 256, 0, 0, 0, 0, 4, 999, 2;
1, 256, 0, 0, 0, 0, 5, 999, 3;
1, 256, 1, 1, 1, 1, 5, 1000, 3;
1, 256, 0, 0, 0, 0, 5, 1000, 3;
1, 256, 0, 0, 0, 0, 4, 999, 2;
1, 256, 0, 0, 0, 0, 5, 1000, 3;
1, 256, 0, 1, 1, 1, 5, 1000, 3;
1, 256, 0, -1, -1, -1, 3, 998, 1;
1, 256, 1, 1, 1, 1, 6, 1001, 4;
1, 256, 0, 0, 0, 0, 4, 999, 2;
1, 256, 1, 1, 1, 1, 6, 1001, 4;
1, 256, 0, 0, 0, 0, 4, 999, 2;
1, 256, 0, -1, -1, -1, 4, 999, 2;
1, 256, 1, 1, 1, 1, 6, 1000, 4;
1, 256, 0, 0, 0, 0, 5, 1000, 3;
1, 256, 0, 0, 0, 0, 5, 1000, 3;
1, 256, 0, 0, 0, 0, 5, 1000, 3;
1, 256, 1, 1, 1, 1, 6, 1000, 4;
1, 256, 0, 0, 0, 0, 5, 999, 3;
1, 256, 0, 0, 0, 0, 4, 999, 2;
1, 256, 0, -1, -1, -1, 4, 999, 2;
1, 256, 1, 1, 1, 1, 6, 1001, 4;
1, 256, 0, 0, 0, 0, 5, 1000, 3;
1, 256, 0, 0, 0, 0, 4, 999, 2;
1, 256, 0, 0, 0, 0, 5, 1000, 3;
1, 256, 0, 1, 1, 1, 5, 1000, 3;
1, 256, 0, 0, 0, 0, 4, 999, 2;
1, 256, 0, -1, -1, -1, 4, 998, 1;
1, 256, 0, 0, 0, 0, 5, 1000, 3;
1, 256, 0, 1, 1, 1, 5, 1000, 3;
1, 256, 1, 1, 1, 1, 5, 1000, 3;
1, 256, 0, 0, 0, 0, 4, 999, 2;
1, 256, 1, 1, 1, 1, 6, 1001, 4;
1, 256, 0, 0, 0, 0, 5, 1000, 3;
1, 256, 0, 0, 0, 0, 5, 1000, 3;
1, 256, 1, 1, 1, 1, 6, 1001, 4;
1, 256, 0, 0, 0, 0, 5, 1000, 3;
1, 256, 0, -1, -1, -1, 4, 998, 2;
1, 256, 0, -1, -1, -1, 4, 999, 2;
1, 256, 0, 0, 0, 0, 4, 999, 2;
1, 256, 0, -1, -1, -1, 4, 999, 2;
1, 256, 0, -1, -1, -1, 4, 999, 2;
1, 256, 0, 0, 0, 0, 4, 999, 2;
1, 256, 0, -1, -1, -1, 3, 998, 1;
1, 256, 0, 0, 0, 0, 5, 1000, 3;
1, 256, 0, -1, -1, -1, 3, 998, 1;
1, 256, 0, -1, -1, -1, 4, 999, 2;
1, 256, 1, 1, 1, 1, 6, 1001, 4;
1, 256, 0, 0, 0, 0, 4, 999, 2;
1, 256, 0, -1, -1, -1, 3, 998, 1;
1, 256, 0, 0, 0, 0, 4, 999, 2;
1, 256, 0, 0, 0, 0, 5, 999, 3;
1, 256, 0, 0, 0, 0, 5, 999, 3;
1, 256, 0, -1, -1, -1, 4, 999, 2;
1, 256, 0, 0, 0, 0, 4, 999, 2;
1, 256, 0, 0, 0, 0, 5, 999, 2;
1, 256, 0, -1, -1, -1, 4, 999, 2;
1, 256, 0, 0, 0, 0, 4, 999, 2;
1, 256, 0, 1, 1, 1, 5, 1000, 3;
1, 256, 0, 0, 0, 0, 4, 999, 2;
1, 256, 0, 1, 1, 1, 5, 1000, 3;
1, 256, 0, -1, -1, -1, 4, 998, 1;
1, 256, 0, 0, 0, 0, 4, 999, 2;
1, 256, 0, 0, 0, 0, 5, 1000, 3;
1, 256, 0, 0, 0, 0, 5, 999, 2;
1, 256, 0, 0, 0, 0, 4, 999, 2;
1, 256, 0, 0, 0, 0, 5, 1000, 3;
1, 256, 1, 1, 1, 1, 6, 1000, 4;
1, 256, 0, 0, 0, 0, 5, 1000, 3;
1, 256, 0, 0, 0, 0, 4, 999, 2;
1, 256, 0, 0, 0, 0, 4, 999, 2;
1, 256, 1, 1, 1, 1, 6, 1001, 4;
1, 256, 0, 0, 0, 0, 5, 1000, 3;
1, 256, 1, 1, 1, 1, 5, 1000, 3;
1, 256, 0, 0, 0, 0, 5, 1000, 3;
1, 256, 0, 0, 0, 0, 5, 1000, 3;
1, 256, 1, 1, 1, 1, 5, 1000, 3;
1, 256, 0, 0, 0, 0, 5, 1000, 3;
1, 256, 0, 1, 1, 1, 5, 1000, 3;
1, 256, 0, 0, 0, 0, 4, 999, 2;
1, 256, 0, 0, 0, 0, 4, 999, 2;
1, 256, 0, 0, 0, 0, 5, 1000, 3;
1, 256, 0, 0, 0, 0, 5, 1000, 3;
1, 256, 0, -1, -1, -1, 4, 999, 2;
1, 256, 0, 0, 0, 0, 4, 999, 2;
1, 256, 0, 0, 0, 0, 5, 999, 3;
1, 256, 0, -1, -1, -1, 4, 999, 2;
1, 256, 0, 0, 0, 0, 5, 1000, 3;
1, 256, 0, -1, -1, -1, 3, 998, 1;
1, 256, 0, 0, 0, 0, 5, 1000, 3;
1, 256, 0, 0, 0, 0, 5, 1000, 3;
1, 256, 0, 0, 0, 0, 5, 999, 2;
1, 256, 0, 1, 1, 1, 5, 1000, 3;
1, 256, 0, 0, 0, 0, 5, 1000, 3;
1, 256, 0, 0, 0, 0, 4, 999, 2;
1, 256, 0, 0, 0, 0, 4, 999, 2;
1, 256, 1, 1, 1, 1, 6, 1001, 4;
1, 256, 0, 0, 0, 0, 4, 999, 2;
1, 256, 0, -1, -1, -1, 4, 999, 2;
1, 256, 0, -1, -1, -1, 4, 999, 2;
1, 256, 0, 0, 0, 0, 4, 999, 2;
1, 256, 0, 0, 0, 0, 4, 999, 2;
1, 256, 0, -1, -1, -1, 4, 999, 2;
1, 256, 0, 0, 0, 0, 5, 1000, 3;
1, 256, 0, 0, 0, 0, 4, 999, 2;
1, 256, 0, 0, 0, 0, 4, 999, 2;
1, 256, 0, 1, 1, 1, 5, 1000, 3;
1, 256, 0, 0, 0, 0, 4, 999, 2;
1, 256, 0, 0, 0, 0, 5, 1000, 3;
1, 256, 0, -1, -1, -1, 3, 998, 1;
1, 256, 1, 1, 1, 1, 6, 1001, 4;
1, 256, 0, -1, -1, -1, 4, 999, 2;
0, 256, 0, -1, -1, -1, 3, 998, 1;
1, 256, 1, 1, 1, 1, 6, 1000, 4;
1, 256, 0, 0, 0, 0, 4, 999, 2;
1, 256, 0, 0, 0, 0, 4, 999, 2;
1, 256, 1, 1, 1, 1, 6, 1001, 4;
1, 256, 0, -1, -1, -1, 4, 999, 2;
1, 256, 0, 0, 0, 0, 4, 999, 2;
1, 256, 0, 0, 0, 0, 4, 999, 2;
1, 256, 0, 1, 1, 1, 5, 1000, 3;
1, 256, 0, 0, 0, 0, 4, 999, 2;
1, 256, 0, 0, 0, 0, 5, 1000, 3;
1, 256, 0, 0, 0, 0, 4, 999, 2;
1, 256, 0, 0, 0, 0, 4, 999, 2;
1, 256, 0, -1, -1, -1, 4, 999, 2;
1, 256, 0, -1, -1, -1, 4, 999, 2;
1, 256, 0, -1, -1, -1, 4, 999, 2;
1, 256, 0, 1, 1, 1, 5, 1000, 3;
1, 256, 0, 0, 0, 0, 5, 1000, 3;
1, 256, 0, -1, -1, -1, 4, 998, 1;
1, 256, 0, 1, 1, 1, 5, 1000, 3;
1, 256, 1, 1, 1, 1, 6, 1001, 4;
1, 256, 0, 0, 0, 0, 5, 999, 2;
1, 256, 0, 1, 1, 1, 5, 1000, 3;
1, 256, 0, -1, -1, -1, 4, 999, 2;
1, 256, 0, -1, -1, -1, 4, 999, 2;
1, 256, 0, 0, 0, 0, 5, 1000, 3;
1, 256, 1, 1, 1, 1, 6, 1000, 4;
1, 256, 0, 1, 1, 1, 5, 1000, 3;
1, 256, 0, 0, 0, 0, 5, 1000, 3;
1, 256, 0, 0, 0, 0, 4, 999, 2;
1, 256, 0, 1, 1, 1, 5, 1000, 3;
1, 256, 0, 0, 0, 0, 5, 1000, 3;
1, 256, 0, 0, 0, 0, 4, 999, 2;
1, 256, 0, 0, 0, 0, 4, 999, 2;
1, 256, 1, 1, 1, 1, 6, 1001, 4;
1, 256, 0, 0, 0, 0, 5, 1000, 3;
1, 256, 0, 0, 0, 0, 4, 999, 2;
1, 256, 0, 0, 0, 0, 5, 1000, 3;
1, 256, 0, 0, 0, 0, 4, 999, 2;
1, 256, 0, 0, 0, 0, 4, 999, 2;
1, 256, 0, 0, 0, 0, 4, 999, 2;
1, 256, 0, 1, 1, 1, 5, 1000, 3;
1, 256, 0, 0, 0, 0, 4, 999, 2;
1, 256, 0, 0, 0, 0, 4, 999, 2;
1, 256, 0, 0, 0, 0, 4, 999, 2;
1, 256, 0, 1, 1, 1, 5, 1000, 3;
1, 256, 0, 0, 0, 0, 5, 1000, 3;
1, 256, 0, 1, 1, 1, 5, 1000, 3;
1, 256, 0, 0, 0, 0, 5, 999, 3;
1, 256, 0, -1, -1, -1, 4, 999, 2;
1, 256, 0, 0, 0, 0, 5, 1000, 3;
1, 256, 0, -1, -1, -1, 4, 999, 2;
1, 256, 0, 0, 0, 0, 5, 1000, 3;
1, 256, 1, 1, 1, 1, 6, 1001, 4;
1, 256, 0, 0, 0, 0, 5, 1000, 3;
1, 256, 0, 0, 0, 0, 5, 1000, 3;
1, 256, 0, 0, 0, 0, 5, 1000, 3;
1, 256, 0, 0, 0, 0, 5, 1000, 3;
1, 256, 0, 1, 1, 1, 5, 1000, 3;
1, 256, 0, 0, 0, 0, 5, 999, 3;
1, 256, 0, -1, -1, -1, 4, 999, 2;
1, 256, 0, 0, 0, 0, 5, 1000, 3;
1, 256, 0, 0, 0, 0, 5, 1000, 3;
1, 256, 0, 0, 0, 0, 4, 999, 2;
1, 256, 0, 0, 0, 0, 4, 999, 2;
1, 256, 0, 0, 0, 0, 4, 999, 2;
1, 256, 0, -1, -1, -1, 4, 999, 2;
1, 256, 0, 0, 0, 0, 4, 999, 2;
1, 256, 0, 1, 1, 1, 5, 1000, 3;
1, 256, 0, 1, 1, 1, 5, 1000, 3;
1, 256, 0, 1, 1, 1, 5, 1000, 3;
1, 256, 0, 0, 0, 0, 5, 1000, 3;
1, 256, 1, 1, 1, 1, 6, 1001, 4;
1, 256, 0, 0, 0, 0, 4, 999, 2;
1, 256, 0, 1, 1, 1, 5, 1000, 3;
1, 256, 0, 0, 0, 0, 4, 999, 2;
1, 256, 0, 0, 0, 0, 5, 1000, 3;
1, 256, 0, 0, 0, 0, 4, 999, 2;
1, 256, 0, 0, 0, 0, 5, 1000, 3;
1, 256, 0, 0, 0, 0, 5, 1000, 3;
1, 256, 1, 1, 1, 1, 6, 1001, 4;
1, 256, 1, 1, 1, 1, 6, 1000, 4;
1, 256, 0, 0, 0, 0, 4, 999, 2;
1, 256, 0, 1, 1, 1, 5, 1000, 3;
1, 256, 0, 0, 0, 0, 4, 999, 2;
1, 256, 0, 1, 1, 1, 5, 1000, 3;
1, 256, 0, 0, 0, 0, 5, 1000, 3;
1, 256, 0, 1, 1, 1, 5, 1000, 3;
1, 256, 0, -1, -1, -1, 3, 998, 1;
1, 256, 0, -1, -1, -1, 4, 999, 2;
1, 256, 0, 0, 0, 0, 5, 1000, 3;
1, 256, 0, 1, 1, 1, 5, 1000, 3;
1, 256, 0, 0, 0, 0, 4, 999, 2;
1, 256, 0, 0, 0, 0, 5, 1000, 3;
1, 256, 0, -1, -1, -1, 4, 999, 2;
1, 256, 1, 1, 1, 1, 6, 1001, 4;
1, 256, 0, 0, 0, 0, 5, 1000, 3;
1, 256, 0, -1, -1, -1, 4, 999, 2;
1, 256, 0, 0, 0, 0, 5, 1000, 3;
1, 256, 0, 0, 0, 0, 4, 999, 2;
1, 256, 0, 0, 0, 0, 5, 1000, 3;
1, 256, 1, 1, 1, 1, 6, 1001, 4;
1, 256, 0, 0, 0, 0, 5, 1000, 3;
1, 256, 0, 0, 0, 0, 5, 1000, 3;
1, 256, 0, 1, 1, 1, 5, 1000, 3;
1, 256, 1, 1, 1, 1, 6, 1001, 4;
1, 256, 1, 1, 1, 1, 5, 1000, 3;
1, 256, 0, 0, 0, 0, 4, 999, 2;
1, 256, 0, 0, 0, 0, 4, 999, 2;
1, 256, 0, 0, 0, 0, 4, 999, 2;
1, 256, 0, 0, 0, 0, 4, 999, 2;
1, 256, 0, -1, -1, -1, 4, 999, 2;
1, 256, 0, -1, -1, -1, 4, 998, 1;
1, 256, 0, -1, -1, -1, 4, 999, 2;
1, 256, 0, -1, -1, -1, 4, 998, 2;
1, 256, 0, 0, 0, 0, 5, 1000, 3;
1, 256, 0, -1, -1, -1, 4, 999, 2;
1, 256, 0, -1, -1, -1, 4, 999, 2;
0, 256, 0, -1, -1, -1, 3, 998, 1;
1, 256, 1, 1, 1, 1, 6, 1001, 4;
1, 256, 0, 0, 0, 0, 4, 999, 2;
1, 256, 1, 1, 1, 1, 6, 1001, 4;
1, 256, 0, 0, 0, 0, 5, 999, 3;
1, 256, 0, -1, -1, -1, 4, 999, 2;
1, 256, 0, 1, 1, 1, 5, 1000, 3;
1, 256, 0, 0, 0, 0, 4, 999, 2;
1, 256, 0, 0, 0, 0, 4, 999, 2;
1, 256, 0, 0, 0, 0, 5, 1000, 3;
1, 256, 0, 0, 0, 0, 4, 999, 2;
1, 256, 0, 0, 0, 0, 5, 999, 2;
1, 256, 0, 0, 0, 0, 4, 999, 2;
1, 256, 0, 1, 1, 1, 5, 1000, 3;
1, 256, 0, -1, -1, -1, 4, 999, 2;
1, 256, 0, 0, 0, 0, 4, 999, 2;
1, 256, 0, 1, 1, 1, 5, 1000, 3;
1, 256, 1, 1, 1, 1, 6, 1001, 4;
1, 256, 0, 0, 0, 0, 4, 999, 2;
1, 256, 1, 1, 1, 1, 6, 1001, 4;
1, 256, 0, 0, 0, 0, 5, 1000, 3;
1, 256, 1, 1, 1, 1, 6, 1001, 4;
1, 256, 1, 1, 1, 1, 6, 1001, 4;
1, 256, 0, -1, -1, -1, 3, 998, 1;
1, 256, 0, 1, 1, 1, 5, 1000, 3;
1, 256, 0, 0, 0, 0, 5, 1000, 3;
1, 256, 0, -1, -1, -1, 4, 999, 2;
1, 256, 0, 1, 1, 1, 5, 1000, 3;
1, 256, 0, -1, -1, -1, 4, 999, 2;
1, 256, 0, 0, 0, 0, 5, 1000, 3;
1, 256, 0, 0, 0, 0, 5, 1000, 3;
1, 256, 0, -1, -1, -1, 4, 999, 2;
1, 256, 0, 0, 0, 0, 4, 999, 2;
1, 256, 0, 1, 1, 1, 5, 1000, 3;
1, 256, 0, -1, -1, -1, 3, 998, 1;
1, 256, 0, 0, 0, 0, 4, 999, 2;
1, 256, 0, -1, -1, -1, 4, 999, 2;
1, 256, 0, 0, 0, 0, 5, 1000, 3;
1, 256, 0, -1, -1, -1, 4, 999, 2;
1, 256, 0, 0, 0, 0, 5, 1000, 3;
1, 256, 0, -1, -1, -1, 4, 999, 2;
1, 256, 0, 0, 0, 0, 5, 1000, 3;
1, 256, 0, -1, -1, -1, 4, 999, 2;
1, 256, 0, 0, 0, 0, 5, 1000, 3;
1, 256, 0, 0, 0, 0, 5, 1000, 3;
1, 256, 0, 1, 1, 1, 5, 1000, 3;
1, 256, 0, 0, 0, 0, 5, 1000, 3;
1, 256, 0, 0, 0, 0, 5, 1000, 3;
1, 256, 0, 0, 0, 0, 5, 1000, 3;
1, 256, 0, 0, 0, 0, 5, 1000, 3;
1, 256, 0, 0, 0, 0, 4, 999, 2;
1, 256, 0, -1, -1, -1, 4, 999, 2;
1, 256, 0, 0, 0, 0, 5, 1000, 3;
1, 256, 0, 1, 1, 1, 5, 1000, 3;
1, 256, 0, 1, 1, 1, 5, 1000, 3;
1, 256, 0, -1, -1, -1, 4, 998, 2;
1, 256, 0, 0, 0, 0, 5, 999, 2;
1, 256, 0, -1, -1, -1, 4, 999, 2;
1, 256, 0, -1, -1, -1, 4, 999, 2;
1, 256, 0, -1, -1, -1, 4, 999, 2;
1, 256, 0, 0, 0, 0, 5, 1000, 3;
1, 256, 0, -1, -1, -1, 4, 999, 2;
1, 256, 1, 1, 1, 1, 6, 1000, 4;
1, 256, 0, 0, 0, 0, 5, 1000, 3;
1, 256, 0, 0, 0, 0, 4, 999, 2;
1, 256, 0, -1, -1, -1, 4, 998, 2;
1, 256, 0, -1, -1, -1, 4, 999, 2;
1, 256, 0, 0, 0, 0, 5, 1000, 3;
1, 256, 0, 0, 0, 0, 5, 1000, 3;
1, 256, 0, 0, 0, 0, 5, 1000, 3;
1, 256, 0, 0, 0, 0, 5, 1000, 3;
1, 256, 0, 0, 0, 0, 4, 999, 2;
1, 256, 0, -1, -1, -1, 4, 999, 2;
1, 256, 1, 1, 1, 1, 6, 1001, 4;
1, 256, 0, 0, 0, 0, 5, 1000, 3;
1, 256, 0, 0, 0, 0, 4, 999, 2;
1, 256, 1, 1, 1, 1, 6, 1001, 4;
1, 256, 0, 0, 0, 0, 5, 1000, 3;
1, 256, 0, 0, 0, 0, 5, 1000, 3;
1, 256, 1, 1, 1, 1, 5, 1000, 3;
1, 256, 0, -1, -1, -1, 4, 999, 2;
1, 256, 0, -1, -1, -1, 4, 999, 2;
1, 256, 0, 0, 0, 0, 5, 1000, 3;
1, 256, 0, -1, -1, -1, 4, 999, 2;
1, 256, 0, 0, 0, 0, 5, 1000, 3;
1, 256, 0, 1, 1, 1, 5, 1000, 3;
1, 256, 0, 0, 0, 0, 4, 999, 2;
1, 256, 0, 0, 0, 0, 5, 1000, 3;
1, 256, 0, 0, 0, 0, 5, 1000, 3;
1, 256, 0, -1, -1, -1, 4, 999, 2;
1, 256, 0, 0, 0, 0, 5, 1000, 3;
1, 256, 1, 1, 1, 1, 6, 1001, 4;
1, 256, 0, 1, 1, 1, 5, 1000, 3;
1, 256, 0, 1, 1, 1, 5, 1000, 3;
1, 256, 1, 1, 1, 1, 6, 1001, 4;
1, 256, 1, 1, 1, 1, 6, 1001, 4;
1, 256, 0, -1, -1, -1, 4, 998, 1;
1, 256, 0, -1, -1, -1, 4, 998, 2;
1, 256, 0, 0, 0, 0, 4, 999, 2;
1, 256, 0, 0, 0, 0, 5, 1000, 3;
1, 256, 0, -1, -1, -1, 4, 998, 2;
1, 256, 0, 1, 1, 1, 5, 1000, 3;
1, 256, 0, 0, 0, 0, 4, 999, 2;
1, 256, 0, 0, 0, 0, 4, 999, 2;
1, 256, 0, 0, 0, 0, 5, 1000, 3;
1, 256, 0, -1, -1, -1, 4, 999, 2;
1, 256, 0, -1, -1, -1, 4, 999, 2;
1, 256, 0, 0, 0, 0, 4, 999, 2;
1, 256, 0, 1, 1, 1, 5, 1000, 3;
1, 256, 1, 1, 1, 1, 6, 1001, 4;
1, 256, 0, 0, 0, 0, 4, 999, 2;
1, 256, 0, 0, 0, 0, 5, 1000, 3;
1, 256, 0, -1, -1, -1, 4, 998, 1;
1, 256, 0, 0, 0, 0, 5, 1000, 3;
1, 256, 0, 0, 0, 0, 5, 1000, 3;
1, 256, 0, -1, -1, -1, 4, 999, 2;
1, 256, 0, 0, 0, 0, 5, 1000, 3;
1, 256, 0, -1, -1, -1, 3, 998, 1;
1, 256, 1, 1, 1, 1, 5, 1000, 3;
1, 256, 0, 0, 0, 0, 4, 999, 2;
1, 256, 0, 0, 0, 0, 5, 1000, 3;
1, 256, 0, 0, 0, 0, 5, 1000, 3;
1, 256, 0, 0, 0, 0, 5, 1000, 3;
1, 256, 0, 0, 0, 0, 5, 1000, 3;
1, 256, 0, 0, 0, 0, 5, 1000, 3;
1, 256, 0, 1, 1, 1, 5, 1000, 3;
1, 256, 0, -1, -1, -1, 4, 999, 2;
1, 256, 0, 0, 0, 0, 5, 1000, 3;
1, 256, 1, 1, 1, 1, 6, 1001, 4;
1, 256, 1, 1, 1, 1, 6, 1001, 4;
1, 256, 0, 0, 0, 0, 5, 1000, 3;
1, 256, 1, 1, 1, 1, 5, 1000, 3;
1, 256, 0, 0, 0, 0, 5, 1000, 3;
1, 256, 1, 1, 1, 1, 6, 1000, 3;
1, 256, 0, 0, 0, 0, 4, 999, 2;
1, 256, 0, 0, 0, 0, 4, 999, 2;
1, 256, 0, 0, 0, 0, 4, 999, 2;
1, 256, 0, 0, 0, 0, 5, 1000, 3;
1, 256, 0, 0, 0, 0, 4, 999, 2;
1, 256, 0, 0, 0, 0, 4, 999, 2;
1, 256, 0, -1, -1, -1, 4, 999, 2;
1, 256, 0, 0, 0, 0, 5, 1000, 3;
1, 256, 0, -1, -1, -1, 4, 999, 2;
1, 256, 0, 0, 0, 0, 4, 999, 2;
1, 256, 0, 0, 0, 0, 5, 999, 2;
1, 256, 0, 0, 0, 0, 4, 999, 2;
1, 256, 0, 0, 0, 0, 4, 999, 2;
1, 256, 0, 0, 0, 0, 5, 1000, 3;
1, 256, 0, -1, -1, -1, 4, 999, 2;
1, 256, 0, -1, -1, -1, 4, 999, 2;
1, 256, 0, -1, -1, -1, 4, 999, 2;
1, 256, 0, 1, 1, 1, 5, 1000, 3;
1, 256, 0, 0, 0, 0, 4, 999, 2;
1, 256, 1, 1, 1, 1, 6, 1001, 4;
1, 256, 0, 0, 0, 0, 4, 999, 2;
1, 256, 1, 1, 1, 1, 6, 1000, 4;
1, 256, 0, -1, -1, -1, 4, 998, 1;
1, 256, 0, 0, 0, 0, 4, 999, 2;
1, 256, 0, 0, 0, 0, 5, 999, 2;
1, 256, 0, 0, 0, 0, 4, 999, 2;
1, 256, 0, 1, 1, 1, 5, 1000, 3;
1, 256, 0, 0, 0, 0, 4, 999, 2;
1, 256, 0, -1, -1, -1, 4, 998, 2;
1, 256, 0, 1, 1, 1, 5, 1000, 3;
1, 256, 0, 0, 0, 0, 5, 999, 2;
1, 256, 0, 0, 0, 0, 4, 999, 2;
1, 256, 1, 1, 1, 1, 6, 1000, 4;
1, 256, 0, 0, 0, 0, 4, 999, 2;
1, 256, 0, -1, -1, -1, 4, 999, 2;
1, 256, 0, 0, 0, 0, 4, 999, 2;
1, 256, 0, -1, -1, -1, 4, 999, 2;
1, 256, 0, 0, 0, 0, 4, 999, 2;
1, 256, 1, 1, 1, 1, 6, 1001, 4;
1, 256, 1, 1, 1, 1, 6, 1001, 4;
1, 256, 0, 0, 0, 0, 4, 999, 2;
1, 256, 1, 1, 1, 1, 6, 1001, 4;
1, 256, 0, 0, 0, 0, 4, 999, 2;
1, 256, 0, -1, -1, -1, 4, 999, 2;
1, 256, 0, -1, -1, -1, 4, 999, 2;
1, 256, 0, 0, 0, 0, 5, 1000, 3;
1, 256, 0, 1, 1, 1, 5, 1000, 3;
1, 256, 0, 0, 0, 0, 5, 1000, 3;
1, 256, 0, -1, -1, -1, 4, 998, 2;
1, 256, 0, 1, 1, 1, 5, 1000, 3;
1, 256, 0, 0, 0, 0, 5, 1000, 3;
1, 256, 0, 0, 0, 0, 5, 999, 3;
1, 256, 0, 0, 0, 0, 5, 1000, 3;
1, 256, 0, 0, 0, 0, 5, 1000, 3;
1, 256, 0, 0, 0, 0, 5, 1000, 3;
1, 256, 0, 0, 0, 0, 4, 999, 2;
1, 256, 0, 0, 0, 0, 5, 1000, 3;
1, 256, 0, 1, 1, 1, 5, 1000, 3;
1, 256, 0, 0, 0, 0, 5, 1000, 3;
1, 256, 0, 0, 0, 0, 5, 1000, 3;
1, 256, 1, 1, 1, 1, 6, 1001, 4;
1, 256, 0, 0, 0, 0, 5, 1000, 3;
1, 256, 0, 0, 0, 0, 5, 1000, 3;
1, 256, 1, 1, 1, 1, 6, 1001, 4;
1, 256, 0, -1, -1, -1, 4, 999, 2;
1, 256, 0, -1, -1, -1, 4, 998, 2;
1, 256, 0, -1, -1, -1, 4, 999, 2;
1, 256, 0, 0, 0, 0, 4, 999, 2;
1, 256, 1, 1, 1, 1, 6, 1001, 4;
1, 256, 0, 0, 0, 0, 5, 1000, 3;
1, 256, 0, 0, 0, 0, 5, 1000, 3;
1, 256, 1, 1, 1, 1, 6, 1001, 4;
1, 256, 0, -1, -1, -1, 3, 998, 1;
1, 256, 0, -1, -1, -1, 4, 999, 2;
1, 256, 0, 0, 0, 0, 5, 1000, 3;
1, 256, 0, 0, 0, 0, 5, 1000, 3;
1, 256, 0, 0, 0, 0, 4, 999, 2;
1, 256, 0, 0, 0, 0, 4, 999, 2;
1, 256, 0, 1, 1, 1, 5, 1000, 3;
1, 256, 0, -1, -1, -1, 4, 999, 2;
1, 256, 1, 1, 1, 1, 6, 1001, 4;
1, 256, 0, -1, -1, -1, 4, 999, 2;
1, 256, 0, -1, -1, -1, 3, 998, 1;
1, 256, 0, 0, 0, 0, 4, 999, 2;
1, 256, 0, 0, 0, 0, 4, 999, 2;
1, 256, 0, 0, 0, 0, 4, 999, 2;
1, 256, 0, 0, 0, 0, 5, 1000, 3;
1, 256, 0, 0, 0, 0, 5, 1000, 3;
1, 256, 0, 0, 0, 0, 4, 999, 2;
1, 256, 0, 0, 0, 0, 5, 1000, 3;
1, 256, 1, 1, 1, 1, 6, 1001, 4;
1, 256, 0, 0, 0, 0, 5, 1000, 3;
1, 256, 0, 0, 0, 0, 4, 999, 2;
1, 256, 0, 0, 0, 0, 5, 1000, 3;
1, 256, 0, 0, 0, 0, 5, 1000, 3;
1, 256, 1, 1, 1, 1, 6, 1000, 4;
1, 256, 0, -1, -1, -1, 3, 998, 1;
1, 256, 1, 1, 1, 1, 6, 1000, 4;
1, 256, 1, 1, 1, 1, 6, 1000, 3;
1, 256, 0, -1, -1, -1, 4, 999, 2;
1, 256, 0, -1, -1, -1, 4, 999, 2;
1, 256, 0, -1, -1, -1, 4, 998, 2;
1, 256, 0, 0, 0, 0, 5, 999, 3;
1, 256, 0, -1, -1, -1, 4, 998, 2;
1, 256, 0, 0, 0, 0, 5, 999, 2;
1, 256, 0, 0, 0, 0, 5, 1000, 3;
1, 256, 1, 1, 1, 1, 5, 1000, 3;
1, 256, 0, 0, 0, 0, 4, 999, 2;
0, 256, 0, -1, -1, -1, 3, 998, 1;
1, 256, 0, 0, 0, 0, 5, 999, 3;
1, 256, 0, 0, 0, 0, 4, 999, 2;
1, 256, 1, 1, 1, 1, 6, 1000, 4;
1, 256, 0, 1, 1, 1, 5, 1000, 3;
0, 256, 0, -1, -1, -1, 3, 998, 1;
1, 256, 0, -1, -1, -1, 3, 998, 1;
1, 256, 0, -1, -1, -1, 4, 998, 1;
1, 256, 0, 0, 0, 0, 5, 1000, 3;
1, 256, 0, -1, -1, -1, 4, 999, 2;
1, 256, 0, 0, 0, 0, 5, 1000, 3;
1, 256, 0, 0, 0, 0, 4, 999, 2;
1, 256, 0, 0, 0, 0, 5, 1000, 3;
1, 256, 0, 0, 0, 0, 5, 1000, 3;
1, 256, 0, 0, 0, 0, 4, 999, 2;
0, 256, 0, -1, -1, -1, 3, 998, 1;
1, 256, 0, 0, 0, 0, 5, 999, 3;
1, 256, 0, 0, 0, 0, 5, 1000, 3;
1, 256, 0, -1, -1, -1, 3, 998, 1;
1, 256, 0, 1, 1, 1, 5, 1000, 3;
1, 256, 1, 1, 1, 1, 6, 1000, 3;
1, 256, 0, -1, -1, -1, 4, 999, 2;
1, 256, 0, 0, 0, 0, 5, 1000, 3;
1, 256, 0, -1, -1, -1, 4, 998, 2;
1, 256, 0, 1, 1, 1, 5, 1000, 3;
1, 256, 0, 0, 0, 0, 4, 999, 2;
1, 256, 0, 0, 0, 0, 5, 1000, 3;
1, 256, 0, 0, 0, 0, 5, 1000, 3;
1, 256, 0, -1, -1, -1, 4, 999, 2;
1, 256, 1, 1, 1, 1, 6, 1001, 4;
1, 256, 0, -1, -1, -1, 4, 999, 2;
1, 256, 0, 0, 0, 0, 4, 999, 2;
1, 256, 0, 0, 0, 0, 5, 999, 2;
1, 256, 1, 1, 1, 1, 6, 1000, 3;
1, 256, 0, 1, 1, 1, 5, 1000, 3;
1, 256, 0, 0, 0, 0, 5, 1000, 3;
1, 256, 0, 0, 0, 0, 5, 1000, 3;
1, 256, 0, 0, 0, 0, 5, 1000, 3;
1, 256, 0, -1, -1, -1, 4, 999, 2;
1, 256, 0, 0, 0, 0, 5, 1000, 3;
1, 256, 0, 0, 0, 0, 4, 999, 2;
1, 256, 0, 0, 0, 0, 5, 1000, 3;
1, 256, 1, 1, 1, 1, 5, 1000, 3;
1, 256, 0, 0, 0, 0, 5, 1000, 3;
1, 256, 0, 1, 1, 1, 5, 1000, 3;
1, 256, 1, 1, 1, 1, 6, 1000, 4;
1, 256, 0, 0, 0, 0, 5, 1000, 3;
1, 256, 0, -1, -1, -1, 3, 998, 1;
1, 256, 0, -1, -1, -1, 4, 999, 2;
1, 256, 0, 0, 0, 0, 5, 999, 2;
1, 256, 0, 0, 0, 0, 4, 999, 2;
1, 256, 0, 0, 0, 0, 5, 1000, 3;
1, 256, 1, 1, 1, 1, 6, 1000, 4;
1, 256, 0, 0, 0, 0, 4, 999, 2;
1, 256, 0, -1, -1, -1, 4, 998, 2;
1, 256, 0, -1, -1, -1, 4, 999, 2;
1, 256, 0, 0, 0, 0, 5, 1000, 3;
1, 256, 0, -1, -1, -1, 4, 999, 2;
1, 256, 0, 0, 0, 0, 4, 999, 2;
1, 256, 0, 0, 0, 0, 4, 999, 2;
1, 256, 0, 0, 0, 0, 5, 1000, 3;
1, 256, 0, 0, 0, 0, 4, 999, 2;
1, 256, 0, 0, 0, 0, 4, 999, 2;
1, 256, 1, 1, 1, 1, 6, 1001, 4;
1, 256, 0, 0, 0, 0, 4, 999, 2;
1, 256, 0, 1, 1, 1, 5, 1000, 3;
1, 256, 0, 0, 0, 0, 5, 1000, 3;
1, 256, 1, 1, 1, 1, 6, 1000, 3;
1, 256, 1, 1, 1, 1, 6, 1001, 4;
1, 256, 0, 1, 1, 1, 5, 1000, 3;
1, 256, 0, 0, 0, 0, 5, 1000, 3;
1, 256, 1, 1, 1, 1, 5, 1000, 3;
1, 256, 0, -1, -1, -1, 4, 999, 2;
1, 256, 0, 0, 0, 0, 4, 999, 2;
1, 256, 1, 1, 1, 1, 5, 1000, 3;
1, 256, 0, 0, 0, 0, 5, 1000, 3;
1, 256, 0, 1, 1, 1, 5, 1000, 3;
1, 256, 0, 0, 0, 0, 5, 1000, 3;
1, 256, 0, 0, 0, 0, 5, 1000, 3;
1, 256, 0, 0, 0, 0, 5, 1000, 3;
1, 256, 0, 1, 1, 1, 5, 1000, 3;
1, 256, 0, 0, 0, 0, 5, 1000, 3;
1, 256, 0, 0, 0, 0, 4, 999, 2;
1, 256, 0, 0, 0, 0, 4, 999, 2;
1, 256, 0, 0, 0, 0, 5, 1000, 3;
1, 256, 0, 0, 0, 0, 4, 999, 2;
1, 256, 0, 0, 0, 0, 5, 1000, 3;
1, 256, 0, 0, 0, 0, 4, 999, 2;
1, 256, 0, 0, 0, 0, 5, 1000, 3;
1, 256, 0, -1, -1, -1, 4, 999, 2;
1, 256, 0, 0, 0, 0, 5, 1000, 3;
1, 256, 0, 0, 0, 0, 5, 1000, 3;
1, 256, 0, 0, 0, 0, 5, 999, 2;
1, 256, 1, 1, 1, 1, 6, 1001, 4;
1, 256, 0, 0, 0, 0, 5, 1000, 3;
0, 256, 0, -1, -1, -1, 3, 998, 1;
1, 256, 0, 0, 0, 0, 4, 999, 2;
1, 256, 0, -1, -1, -1, 4, 998, 2;
1, 256, 0, 0, 0, 0, 4, 999, 2;
1, 256, 0, 0, 0, 0, 4, 999, 2;
1, 256, 0, 0, 0, 0, 4, 999, 2;
1, 256, 1, 1, 1, 1, 6, 1001, 4;
1, 256, 0, -1, -1, -1, 3, 998, 1;
1, 256, 0, 0, 0, 0, 4, 999, 2;
1, 256, 0, 0, 0, 0, 4, 999, 2;
1, 256, 0, 0, 0, 0, 5, 1000, 3;
1, 256, 0, 0, 0, 0, 5, 1000, 3;
1, 256, 0, 0, 0, 0, 5, 999, 3;
1, 256, 0, -1, -1, -1, 4, 999, 2;
1, 256, 0, 0, 0, 0, 4, 999, 2;
1, 256, 0, -1, -1, -1, 4, 999, 2;
1, 256, 0, 0, 0, 0, 4, 999, 2;
1, 256, 0, 0, 0, 0, 5, 1000, 3;
1, 256, 1, 1, 1, 1, 6, 1001, 4;
1, 256, 0, 0, 0, 0, 4, 999, 2;
1, 256, 0, 0, 0, 0, 5, 1000, 3;
1, 256, 0, 0, 0, 0, 4, 999, 2;
1, 256, 0, 0, 0, 0, 5, 1000, 3;
1, 256, 1, 1, 1, 1, 6, 1000, 3;
1, 256, 0, 0, 0, 0, 5, 1000, 3;
1, 256, 0, 0, 0, 0, 4, 999, 2;
1, 256, 0, 0, 0, 0, 4, 999, 2;
1, 256, 0, 0, 0, 0, 4, 999, 2;
1, 256, 0, 0, 0, 0, 5, 1000, 3;
1, 256, 1, 1, 1, 1, 5, 1000, 3;
1, 256, 0, 0, 0, 0, 5, 1000, 3;
1, 256, 0, 0, 0, 0, 4, 999, 2;
1, 256, 0, 0, 0, 0, 4, 999, 2;
1, 256, 1, 1, 1, 1, 6, 1001, 4;
1, 256, 0, -1, -1, -1, 4, 999, 2;
1, 256, 0, 0, 0, 0, 5, 1000, 3;
1, 256, 0, -1, -1, -1, 4, 999, 2;
1, 256, 0, -1, -1, -1, 3, 998, 1;
1, 256, 0, 1, 1, 1, 5, 1000, 3;
1, 256, 0, 0, 0, 0, 5, 1000, 3;
1, 256, 1, 1, 1, 1, 6, 1001, 4;
1, 256, 0, -1, -1, -1, 4, 999, 2;
1, 256, 0, 0, 0, 0, 4, 999, 2;
1, 256, 0, -1, -1, -1, 4, 999, 2;
1, 256, 0, 0, 0, 0, 5, 1000, 3;
1, 256, 0, 0, 0, 0, 4, 999, 2;
1, 256, 0, -1, -1, -1, 4, 999, 2;
1, 256, 0, 0, 0, 0, 5, 1000, 3;
1, 256, 0, -1, -1, -1, 4, 999, 2;
1, 256, 0, 0, 0, 0, 5, 1000, 3;
1, 256, 0, 0, 0, 0, 5, 1000, 3;
1, 256, 1, 1, 1, 1, 6, 1001, 4;
1, 256, 0, -1, -1, -1, 4, 999, 2;
1, 256, 0, -1, -1, -1, 4, 999, 2;
1, 256, 0, -1, -1, -1, 4, 999, 2;
1, 256, 0, 0, 0, 0, 5, 1000, 3;
1, 256, 1, 1, 1, 1, 6, 1001, 4;
1, 256, 0, 0, 0, 0, 5, 1000, 3;
1, 256, 0, 0, 0, 0, 5, 1000, 3;
1, 256, 0, -1, -1, -1, 3, 998, 1;
1, 256, 0, 0, 0, 0, 5, 1000, 3;
1, 256, 0, -1, -1, -1, 4, 999, 2;
1, 256, 0, 0, 0, 0, 4, 999, 2;
1, 256, 0, 0, 0, 0, 5, 1000, 3;
1, 256, 0, 0, 0, 0, 5, 1000, 3;
1, 256, 0, 0, 0, 0, 4, 999, 2;
1, 256, 0, -1, -1, -1, 4, 998, 2;
1, 256, 0, -1, -1, -1, 4, 999, 2;
1, 256, 0, 0, 0, 0, 4, 999, 2;
1, 256, 0, 0, 0, 0, 5, 1000, 3;
1, 256, 0, -1, -1, -1, 4, 999, 2;
1, 256, 1, 1, 1, 1, 5, 1000, 3;
1, 256, 0, -1, -1, -1, 4, 999, 2;
1, 256, 0, -1, -1, -1, 4, 999, 2;
1, 256, 0, 0, 0, 0, 5, 1000, 3;
1, 256, 0, 0, 0, 0, 4, 999, 2;
1, 256, 0, 0, 0, 0, 5, 1000, 3;
1, 256, 0, 0, 0, 0, 4, 999, 2;
1, 256, 0, 0, 0, 0, 5, 1000, 3;
1, 256, 0, 0, 0, 0, 4, 999, 2;
1, 256, 0, 0, 0, 0, 5, 1000, 3;
1, 256, 0, 0, 0, 0, 5, 1000, 3;
1, 256, 0, 1, 1, 1, 5, 1000, 3;
1, 256, 0, -1, -1, -1, 3, 998, 1;
1, 256, 0, 0, 0, 0, 5, 1000, 3;
1, 256, 0, 0, 0, 0, 5, 1000, 3;
1, 256, 0, -1, -1, -1, 4, 999, 2;
1, 256, 0, -1, -1, -1, 4, 999, 2;
1, 256, 0, -1, -1, -1, 4, 999, 2;
1, 256, 1, 1, 1, 1, 6, 1001, 4;
1, 256, 1, 1, 1, 1, 6, 1001, 4;
1, 256, 0, -1, -1, -1, 4, 999, 2;
1, 256, 1, 1, 1, 1, 6, 1001, 4;
1, 256, 0, 0, 0, 0, 4, 999, 2;
1, 256, 1, 1, 1, 1, 6, 1001, 4;
1, 256, 0, 1, 1, 1, 5, 1000, 3;
1, 256, 0, -1, -1, -1, 4, 999, 2;
1, 256, 0, 0, 0, 0, 5, 1000, 3;
1, 256, 0, -1, -1, -1, 4, 998, 2;
1, 256, 0, 0, 0, 0, 4, 999, 2;
1, 256, 0, 0, 0, 0, 5, 1000, 3;
1, 256, 0, -1, -1, -1, 4, 999, 2;
1, 256, 0, 0, 0, 0, 4, 999, 2;
1, 256, 0, 0, 0, 0, 5, 1000, 3;
1, 256, 1, 1, 1, 1, 5, 1000, 3;
0, 256, 0, -1, -1, -1, 3, 998, 1;
1, 256, 0, 0, 0, 0, 5, 1000, 3;
1, 256, 0, 0, 0, 0, 5, 1000, 3;
1, 256, 1, 1, 1, 1, 6, 1001, 4;
1, 256, 0, -1, -1, -1, 4, 999, 2;
1, 256, 1, 1, 1, 1, 5, 1000, 3;
1, 256, 0, 0, 0, 0, 4, 999, 2;
1, 256, 0, 1, 1, 1, 5, 1000, 3;
1, 256, 0, -1, -1, -1, 4, 999, 2;
1, 256, 0, 0, 0, 0, 4, 999, 2;
1, 256, 0, 0, 0, 0, 5, 1000, 3;
1, 256, 0, 1, 1, 1, 5, 1000, 3;
1, 256, 0, 1, 1, 1, 5, 1000, 3;
1, 256, 0, 0, 0, 0, 5, 1000, 3;
1, 256, 0, -1, -1, -1, 4, 999, 2;
1, 256, 0, 0, 0, 0, 5, 1000, 3;
1, 256, 0, 0, 0, 0, 5, 1000, 3;
1, 256, 0, 0, 0, 0, 4, 999, 2;
1, 256, 0, 1, 1, 1, 5, 1000, 3;
1, 256, 0, 0, 0, 0, 4, 999, 2;
1, 256, 0, 0, 0, 0, 5, 1000, 3;
1, 256, 0, 0, 0, 0, 4, 999, 2;
1, 256, 0, -1, -1, -1, 4, 999, 2;
1, 256, 0, 0, 0, 0, 5, 1000, 3;
1, 256, 0, 0, 0, 0, 5, 1000, 3;
1, 256, 0, -1, -1, -1, 4, 999, 2;
1, 256, 0, 0, 0, 0, 4, 999, 2;
1, 256, 0, 0, 0, 0, 4, 999, 2;
1, 256, 0, -1, -1, -1, 4, 999, 2;
1, 256, 0, 0, 0, 0, 5, 1000, 3;
1, 256, 0, 0, 0, 0, 5, 1000, 3;
1, 256, 0, -1, -1, -1, 3, 998, 1;
1, 256, 0, -1, -1, -1, 4, 999, 2;
1, 256, 0, 0, 0, 0, 5, 1000, 3;
1, 256, 0, 0, 0, 0, 5, 1000, 3;
1, 256, 0, -1, -1, -1, 4, 998, 2;
1, 256, 0, 0, 0, 0, 5, 1000, 3;
1, 256, 1, 1, 1, 1, 6, 1001, 4;
1, 256, 0, -1, -1, -1, 4, 999, 2;
1, 256, 1, 1, 1, 1, 6, 1001, 4;
1, 256, 0, 0, 0, 0, 4, 999, 2;
1, 256, 0, -1, -1, -1, 4, 998, 2;
1, 256, 0, -1, -1, -1, 4, 999, 2;
1, 256, 1, 1, 1, 1, 5, 1000, 3;
1, 256, 0, 0, 0, 0, 5, 999, 3;
1, 256, 0, 1, 1, 1, 5, 1000, 3;
1, 256, 0, 0, 0, 0, 5, 1000, 3;
1, 256, 0, 0, 0, 0, 5, 1000, 3;
1, 256, 0, 0, 0, 0, 5, 1000, 3;
1, 256, 0, -1, -1, -1, 3, 998, 1;
1, 256, 0, -1, -1, -1, 4, 998, 1;
1, 256, 0, 0, 0, 0, 5, 1000, 3;
1, 256, 0, 0, 0, 0, 4, 999, 2;
1, 256, 1, 1, 1, 1, 6, 1000, 4;
1, 256, 1, 1, 1, 1, 6, 1001, 4;
1, 256, 1, 1, 1, 1, 6, 1001, 4;
1, 256, 0, 0, 0, 0, 5, 1000, 3;
1, 256, 0, 0, 0, 0, 5, 1000, 3;
1, 256, 0, 0, 0, 0, 5, 1000, 3;
1, 256, 0, 0, 0, 0, 5, 1000, 3;
1, 256, 0, 0, 0, 0, 5, 1000, 3;
1, 256, 0, -1, -1, -1, 4, 999, 2;
1, 256, 0, 1, 1, 1, 5, 1000, 3;
1, 256, 0, 0, 0, 0, 4, 999, 2;
1, 256, 0, 0, 0, 0, 5, 1000, 3;
1, 256, 0, 1, 1, 1, 5, 1000, 3;
1, 256, 0, 0, 0, 0, 5, 1000, 3;
1, 256, 0, 0, 0, 0, 5, 1000, 3;
1, 256, 0, 1, 1, 1, 5, 1000, 3;
1, 256, 0, 0, 0, 0, 4, 999, 2;
1, 256, 0, 1, 1, 1, 5, 1000, 3;
1, 256, 0, -1, -1, -1, 4, 998, 2;
1, 256, 0, -1, -1, -1, 4, 999, 2;
1, 256, 0, 1, 1, 1, 5, 1000, 3;
1, 256, 0, 0, 0, 0, 5, 999, 3;
1, 256, 0, 0, 0, 0, 4, 999, 2;
1, 256, 0, 0, 0, 0, 5, 1000, 3;
1, 256, 1, 1, 1, 1, 5, 1000, 3;
1, 256, 1, 1, 1, 1, 6, 1001, 4;
1, 256, 0, -1, -1, -1, 4, 999, 2;
1, 256, 0, 0, 0, 0, 4, 999, 2;
1, 256, 0, 0, 0, 0, 4, 999, 2;
1, 256, 0, 0, 0, 0, 5, 1000, 3;
1, 256, 0, 0, 0, 0, 4, 999, 2;
1, 256, 0, -1, -1, -1, 4, 999, 2;
1, 256, 0, -1, -1, -1, 4, 999, 2;
1, 256, 0, 0, 0, 0, 5, 1000, 3;
1, 256, 0, 0, 0, 0, 5, 1000, 3;
1, 256, 1, 1, 1, 1, 6, 1001, 4;
1, 256, 0, -1, -1, -1, 4, 999, 2;
1, 256, 0, 0, 0, 0, 5, 1000, 3;
1, 256, 0, 0, 0, 0, 4, 999, 2;
1, 256, 1, 1, 1, 1, 5, 1000, 3;
1, 256, 0, 0, 0, 0, 4, 999, 2;
1, 256, 0, 0, 0, 0, 4, 999, 2;
1, 256, 1, 1, 1, 1, 6, 1001, 4;
1, 256, 1, 1, 1, 1, 6, 1000, 3;
1, 256, 0, 0, 0, 0, 5, 1000, 3;
1, 256, 0, 1, 1, 1, 5, 1000, 3;
1, 256, 0, -1, -1, -1, 3, 998, 1;
0, 256, 0, -1, -1, -1, 3, 998, 1;
1, 256, 0, 0, 0, 0, 5, 1000, 3;
1, 256, 0, -1, -1, -1, 4, 999, 2;
1, 256, 0, 0, 0, 0, 5, 999, 3;
1, 256, 0, 0, 0, 0, 5, 1000, 3;
1, 256, 1, 1, 1, 1, 6, 1001, 4;
1, 256, 0, 0, 0, 0, 5, 999, 2;
1, 256, 0, 0, 0, 0, 5, 1000, 3;
1, 256, 0, 0, 0, 0, 5, 1000, 3;
1, 256, 0, 0, 0, 0, 5, 1000, 3;
1, 256, 0, -1, -1, -1, 3, 998, 1;
1, 256, 0, -1, -1, -1, 4, 999, 2;
1, 256, 0, 0, 0, 0, 5, 1000, 3;
1, 256, 0, 0, 0, 0, 4, 999, 2;
1, 256, 1, 1, 1, 1, 6, 1000, 4;
1, 256, 1, 1, 1, 1, 6, 1001, 4;
1, 256, 0, 0, 0, 0, 5, 1000, 3;
1, 256, 0, -1, -1, -1, 4, 999, 2;
1, 256, 1, 1, 1, 1, 5, 1000, 3;
1, 256, 1, 1, 1, 1, 6, 1001, 4;
1, 256, 0, 0, 0, 0, 5, 1000, 3;
1, 256, 0, -1, -1, -1, 3, 998, 1;
1, 256, 0, -1, -1, -1, 3, 998, 1;
1, 256, 0, 0, 0, 0, 5, 1000, 3;
1, 256, 0, -1, -1, -1, 4, 998, 2;
1, 256, 0, -1, -1, -1, 4, 999, 2;
1, 256, 0, 0, 0, 0, 5, 1000, 3;
1, 256, 0, -1, -1, -1, 3, 998, 1;
1, 256, 0, 0, 0, 0, 4, 999, 2;
1, 256, 1, 1, 1, 1, 6, 1000, 3;
1, 256, 0, -1, -1, -1, 4, 999, 2;
1, 256, 0, 0, 0, 0, 4, 999, 2;
1, 256, 0, 1, 1, 1, 5, 1000, 3;
1, 256, 0, 0, 0, 0, 5, 1000, 3;
1, 256, 1, 1, 1, 1, 6, 1001, 4;
1, 256, 0, 0, 0, 0, 5, 1000, 3;
1, 256, 1, 1, 1, 1, 6, 1001, 4;
1, 256, 0, 0, 0, 0, 5, 1000, 3;
1, 256, 0, -1, -1, -1, 4, 999, 2;
1, 256, 0, 1, 1, 1, 5, 1000, 3;
1, 256, 1, 1, 1, 1, 5, 1000, 3;
1, 256, 1, 1, 1, 1, 6, 1000, 4;
1, 256, 1, 1, 1, 1, 6, 1000, 4;
1, 256, 0, 0, 0, 0, 5, 1000, 3;
1, 256, 0, -1, -1, -1, 4, 999, 2;
1, 256, 0, 0, 0, 0, 5, 999, 2;
1, 256, 0, -1, -1, -1, 4, 999, 2;
1, 256, 0, 0, 0, 0, 5, 1000, 3;
1, 256, 1, 1, 1, 1, 6, 1001, 4;
1, 256, 0, 1, 1, 1, 5, 1000, 3;
1, 256, 1, 1, 1, 1, 6, 1001, 4;
1, 256, 0, 0, 0, 0, 5, 1000, 3;
1, 256, 0, 0, 0, 0, 4, 999, 2;
1, 256, 0, -1, -1, -1, 3, 998, 1;
1, 256, 0, -1, -1, -1, 3, 998, 1;
1, 256, 0, 0, 0, 0, 4, 999, 2;
1, 256, 0, 0, 0, 0, 4, 999, 2;
1, 256, 0, 0, 0, 0, 5, 1000, 3;
1, 256, 0, 1, 1, 1, 5, 1000, 3;
1, 256, 0, -1, -1, -1, 4, 999, 2;
1, 256, 0, 0, 0, 0, 5, 1000, 3;
1, 256, 0, 0, 0, 0, 4, 999, 2;
1, 256, 0, -1, -1, -1, 4, 999, 2;
1, 256, 0, 0, 0, 0, 5, 999, 2;
1, 256, 0, -1, -1, -1, 4, 999, 2;
1, 256, 0, 0, 0, 0, 5, 1000, 3;
1, 256, 0, 0, 0, 0, 5, 1000, 3;
1, 256, 0, 0, 0, 0, 5, 1000, 3;
1, 256, 1, 1, 1, 1, 6, 1000, 4;
1, 256, 0, -1, -1, -1, 4, 999, 2;
1, 256, 0, -1, -1, -1, 4, 999, 2;
1, 256, 0, 0, 0, 0, 5, 1000, 3;
1, 256, 0, -1, -1, -1, 4, 999, 2;
1, 256, 1, 1, 1, 1, 6, 1001, 4;
1, 256, 0, 0, 0, 0, 4, 999, 2;
1, 256, 0, 0, 0, 0, 4, 999, 2;
1, 256, 0, 0, 0, 0, 4, 999, 2;
1, 256, 0, 0, 0, 0, 4, 999, 2;
1, 256, 0, 0, 0, 0, 5, 1000, 3;
1, 256, 0, 0, 0, 0, 5, 1000, 3;
1, 256, 0, 0, 0, 0, 4, 999, 2;
1, 256, 1, 1, 1, 1, 6, 1000, 4;
1, 256, 0, -1, -1, -1, 4, 999, 2;
1, 256, 0, 0, 0, 0, 5, 1000, 3;
1, 256, 0, 0, 0, 0, 4, 999, 2;
1, 256, 0, 1, 1, 1, 5, 1000, 3;
1, 256, 1, 1, 1, 1, 6, 1001, 4;
1, 256, 0, 0, 0, 0, 5, 1000, 3;
0, 256, 0, -1, -1, -1, 3, 998, 1;
1, 256, 0, 0, 0, 0, 5, 1000, 3;
1, 256, 0, 0, 0, 0, 4, 999, 2;
1, 256, 0, 0, 0, 0, 4, 999, 2;
1, 256, 1, 1, 1, 1, 6, 1001, 4;
1, 256, 0, 0, 0, 0, 4, 999, 2;
1, 256, 1, 1, 1, 1, 6, 1001, 4;
1, 256, 0, 0, 0, 0, 5, 1000, 3;
1, 256, 0, 0, 0, 0, 4, 999, 2;
1, 256, 0, 0, 0, 0, 5, 1000, 3;
1, 256, 1, 1, 1, 1, 6, 1001, 4;
1, 256, 0, 0, 0, 0, 4, 999, 2;
1, 256, 0, 0, 0, 0, 5, 1000, 3;
1, 256, 0, 0, 0, 0, 5, 1000, 3;
1, 256, 0, 0, 0, 0, 5, 1000, 3;
1, 256, 0, -1, -1, -1, 4, 999, 2;
1, 256, 0, 0, 0, 0, 5, 1000, 3;
1, 256, 0, 0, 0, 0, 5, 1000, 3;
1, 256, 0, 1, 1, 1, 5, 1000, 3;
1, 256, 0, 1, 1, 1, 5, 1000, 3;
1, 256, 0, 0, 0, 0, 4, 999, 2;
1, 256, 0, 1, 1, 1, 5, 1000, 3;
1, 256, 0, -1, -1, -1, 4, 999, 2;
1, 256, 0, 0, 0, 0, 4, 999, 2;
1, 256, 1, 1, 1, 1, 6, 1001, 4;
1, 256, 0, 0, 0, 0, 5, 1000, 3;
1, 256, 1, 1, 1, 1, 6, 1000, 4;
1, 256, 0, 0, 0, 0, 4, 999, 2;
1, 256, 1, 1, 1, 1, 6, 1001, 4;
1, 256, 0, 0, 0, 0, 4, 999, 2;
1, 256, 0, 0, 0, 0, 5, 1000, 3;
1, 256, 0, -1, -1, -1, 4, 999, 2;
1, 256, 0, 0, 0, 0, 5, 1000, 3;
1, 256, 0, 0, 0, 0, 4, 999, 2;
1, 256, 0, 0, 0, 0, 5, 1000, 3;
1, 256, 0, -1, -1, -1, 4, 998, 1;
1, 256, 0, 0, 0, 0, 5, 1000, 3;
1, 256, 0, 0, 0, 0, 5, 1000, 3;
1, 256, 0, 0, 0, 0, 5, 1000, 3;
1, 256, 0, 1, 1, 1, 5, 1000, 3;
1, 256, 0, 0, 0, 0, 4, 999, 2;
1, 256, 0, 0, 0, 0, 5, 1000, 3;
1, 256, 0, 0, 0, 0, 4, 999, 2;
1, 256, 1, 1, 1, 1, 6, 1000, 3;
1, 256, 0, -1, -1, -1, 4, 999, 2;
1, 256, 0, 0, 0, 0, 4, 999, 2;
1, 256, 1, 1, 1, 1, 6, 1001, 4;
1, 256, 1, 1, 1, 1, 6, 1000, 4;
1, 256, 1, 1, 1, 1, 6, 1000, 4;
1, 256, 1, 1, 1, 1, 6, 1001, 4;
1, 256, 0, 0, 0, 0, 5, 1000, 3;
1, 256, 0, -1, -1, -1, 4, 999, 2;
1, 256, 0, -1, -1, -1, 4, 999, 2;
1, 256, 0, 0, 0, 0, 5, 1000, 3;
1, 256, 0, -1, -1, -1, 4, 999, 2;
1, 256, 1, 1, 1, 1, 6, 1000, 4;
1, 256, 0, -1, -1, -1, 4, 999, 2;
1, 256, 1, 1, 1, 1, 6, 1000, 4;
1, 256, 0, 0, 0, 0, 4, 999, 2;
1, 256, 1, 1, 1, 1, 6, 1001, 4;
1, 256, 0, 0, 0, 0, 4, 999, 2;
1, 256, 0, 0, 0, 0, 4, 999, 2;
1, 256, 0, -1, -1, -1, 4, 999, 2;
1, 256, 0, -1, -1, -1, 3, 998, 1;
1, 256, 0, 1, 1, 1, 5, 1000, 3;
1, 256, 0, 0, 0, 0, 5, 1000, 3;
1, 256, 0, 1, 1, 1, 5, 1000, 3;
1, 256, 0, -1, -1, -1, 4, 999, 2;
1, 256, 0, -1, -1, -1, 4, 999, 2;
1, 256, 0, 1, 1, 1, 5, 1000, 3;
1, 256, 0, 0, 0, 0, 5, 1000, 3;
1, 256, 0, 0, 0, 0, 4, 999, 2;
1, 256, 0, 0, 0, 0, 5, 1000, 3;
1, 256, 0, 0, 0, 0, 5, 999, 2;
1, 256, 0, 0, 0, 0, 4, 999, 2;
1, 256, 0, -1, -1, -1, 4, 999, 2;
1, 256, 0, 0, 0, 0, 5, 1000, 3;
1, 256, 0, -1, -1, -1, 4, 998, 1;
1, 256, 0, 0, 0, 0, 5, 1000, 3;
1, 256, 0, 1, 1, 1, 5, 1000, 3;