-3, 291, 9, -11, 397, -11, -14, 1138, 36;
3, 297, 15, 33, 416, 6, 15, 1161, 59;
1, 293, 11, 48, 402, -5, 6, 1145, 43;
1, 291, 9, 70, 395, -10, 7, 1138, 37;
7, 295, 13, 108, 403, 1, 28, 1151, 52;
6, 292, 10, 126, 391, -7, 24, 1139, 42;
12, 296, 15, 167, 401, 7, 49, 1156, 60;
11, 292, 12, 183, 385, -2, 43, 1141, 47;
16, 295, 16, 220, 390, 9, 64, 1154, 63;
14, 291, 12, 234, 371, -1, 56, 1137, 48;
17, 292, 13, 262, 367, 2, 67, 1139, 53;
16, 289, 11, 280, 352, -3, 66, 1128, 46;
22, 292, 15, 315, 354, 8, 86, 1139, 61;
22, 289, 14, 333, 338, 3, 86, 1129, 55;
21, 286, 12, 348, 320, -3, 83, 1116, 47;
26, 289, 16, 382, 321, 9, 104, 1128, 63;
27, 287, 15, 400, 306, 7, 107, 1121, 60;
29, 286, 15, 420, 293, 8, 113, 1117, 61;
28, 283, 14, 434, 274, 3, 111, 1105, 55;
26, 278, 10, 440, 248, -7, 101, 1085, 41;
30, 280, 14, 468, 245, 4, 120, 1095, 56;
28, 275, 10, 471, 217, -7, 109, 1074, 41;
29, 274, 10, 486, 201, -7, 114, 1069, 42;
29, 272, 10, 498, 183, -8, 115, 1060, 40;
36, 276, 16, 529, 185, 10, 142, 1078, 64;
34, 271, 13, 531, 158, 1, 133, 1060, 52;
35, 270, 14, 543, 142, 3, 139, 1056, 55;
38, 271, 16, 558, 130, 10, 149, 1057, 63;
38, 269, 16, 566, 112, 10, 151, 1051, 64;
38, 267, 15, 570, 91, 8, 150, 1041, 61;
35, 262, 12, 565, 62, -1, 139, 1022, 49;
34, 258, 11, 564, 39, -5, 134, 1009, 43;
37, 259, 14, 575, 29, 3, 146, 1013, 55;
38, 258, 14, 579, 11, 5, 149, 1009, 57;
37, 255, 13, 575, -10, 2, 145, 997, 53;
39, 256, 16, 581, -22, 9, 153, 999, 62;
37, 252, 13, 571, -49, 2, 144, 983, 53;
38, 252, 15, 574, -61, 9, 151, 985, 62;
33, 246, 11, 554, -94, -5, 132, 959, 44;
35, 246, 13, 554, -106, 1, 139, 961, 52;
33, 242, 11, 541, -130, -4, 130, 947, 45;
34, 242, 13, 537, -143, 1, 134, 947, 52;
33, 241, 13, 527, -161, 1, 132, 940, 52;
34, 241, 14, 521, -174, 5, 135, 940, 58;
32, 237, 13, 504, -196, 1, 126, 927, 52;
28, 233, 10, 480, -222, -8, 111, 909, 40;
27, 231, 10, 464, -239, -9, 106, 902, 39;
31, 234, 15, 465, -239, 6, 122, 916, 59;
30, 233, 15, 449, -254, 7, 118, 911, 59;
23, 226, 9, 413, -286, -10, 92, 883, 37;
22, 225, 9, 395, -299, -9, 88, 879, 38;
26, 229, 14, 391, -297, 5, 102, 893, 57;
27, 229, 16, 377, -304, 11, 105, 896, 65;
21, 224, 12, 343, -328, -1, 84, 876, 49;
23, 226, 15, 330, -330, 8, 90, 883, 61;
20, 224, 14, 303, -345, 4, 79, 874, 55;
15, 220, 11, 271, -364, -5, 62, 859, 44;
15, 220, 12, 250, -370, -2, 60, 859, 48;
13, 219, 11, 223, -380, -3, 51, 854, 46;
14, 221, 15, 208, -377, 6, 58, 864, 58;
12, 220, 14, 182, -385, 4, 49, 860, 56;
9, 218, 13, 152, -394, 0, 38, 853, 52;
5, 215, 10, 116, -408, -8, 20, 839, 39;
7, 219, 14, 102, -399, 4, 29, 854, 56;
8, 220, 16, 82, -395, 10, 31, 861, 64;
2, 217, 12, 44, -409, 0, 10, 846, 49;
4, 220, 16, 29, -397, 11, 19, 861, 65;
-1, 215, 11, -12, -413, -3, -6, 842, 46;
-4, 215, 11, -41, -414, -5, -15, 840, 44;
-1, 220, 15, -54, -398, 8, -4, 858, 61;
-6, 216, 11, -93, -408, -3, -26, 844, 46;
-6, 219, 14, -113, -398, 3, -24, 854, 55;
-8, 218, 13, -141, -395, 1, -33, 854, 53;
-9, 219, 14, -165, -388, 3, -38, 857, 54;
-9, 222, 16, -184, -376, 9, -36, 867, 62;
-15, 218, 11, -223, -382, -3, -59, 853, 45;
-15, 221, 13, -243, -370, 0, -60, 862, 51;
-15, 223, 14, -263, -356, 5, -60, 871, 57;
-17, 223, 13, -290, -350, 2, -70, 870, 53;
-23, 220, 9, -326, -353, -11, -92, 858, 36;
-21, 225, 13, -335, -329, 1, -81, 878, 52;
-20, 228, 15, -351, -312, 7, -79, 890, 60;
-27, 224, 10, -388, -316, -9, -105, 873, 39;
-22, 231, 15, -390, -285, 8, -88, 901, 61;
-28, 227, 11, -424, -286, -6, -111, 887, 43;
-26, 231, 14, -433, -263, 3, -104, 904, 54;
-26, 234, 15, -446, -244, 6, -104, 914, 59;
-31, 232, 11, -474, -240, -5, -123, 905, 44;
-33, 232, 10, -493, -228, -9, -131, 906, 39;
-35, 233, 9, -510, -214, -11, -138, 909, 36;
-35, 235, 10, -520, -194, -8, -138, 919, 39;
-36, 237, 10, -531, -177, -8, -140, 926, 40;
-34, 241, 12, -534, -151, 0, -133, 943, 50;
-34, 243, 12, -543, -133, 0, -135, 949, 50;
-32, 247, 15, -543, -106, 7, -127, 966, 60;
-34, 247, 13, -555, -93, 2, -136, 966, 53;
-36, 248, 12, -565, -78, -1, -142, 968, 48;
-36, 250, 12, -569, -59, -1, -143, 976, 48;
-37, 251, 12, -574, -41, -2, -145, 982, 47;
-36, 254, 12, -574, -20, 0, -143, 991, 49;
-36, 256, 12, -574, 0, 0, -143, 999, 50;
-39, 255, 10, -582, 9, -9, -154, 995, 39;
-39, 256, 9, -582, 27, -10, -155, 1000, 37;
-35, 262, 14, -565, 60, 3, -137, 1025, 54;
-37, 262, 11, -568, 71, -5, -146, 1022, 44;
-36, 265, 12, -559, 93, -1, -140, 1033, 48;
-37, 265, 11, -557, 107, -6, -145, 1034, 42;
-38, 265, 9, -554, 121, -11, -148, 1035, 37;
-35, 269, 11, -537, 146, -3, -137, 1051, 46;
-32, 273, 14, -519, 172, 3, -125, 1067, 55;
-34, 271, 10, -518, 178, -7, -136, 1060, 41;
-29, 278, 15, -490, 211, 8, -113, 1086, 61;
-30, 277, 13, -483, 220, 0, -119, 1083, 52;
-31, 276, 11, -475, 229, -6, -124, 1079, 42;
-27, 282, 14, -447, 256, 5, -106, 1100, 57;
-31, 278, 9, -447, 255, -11, -122, 1085, 37;
-30, 279, 9, -429, 269, -11, -117, 1090, 37;
-22, 287, 15, -391, 302, 7, -89, 1119, 60;
-22, 287, 15, -372, 314, 6, -85, 1123, 59;
-24, 285, 11, -363, 315, -4, -94, 1113, 45;
-23, 286, 11, -342, 325, -5, -90, 1116, 43;
-24, 285, 9, -327, 330, -12, -93, 1112, 35;
-16, 292, 15, -283, 360, 8, -62, 1141, 61;
-19, 289, 11, -274, 356, -5, -74, 1127, 43;
-18, 289, 10, -252, 362, -8, -71, 1127, 40;
-17, 289, 9, -229, 368, -9, -66, 1129, 38;
-9, 296, 16, -184, 395, 9, -36, 1155, 62;
-10, 293, 13, -168, 392, 0, -41, 1146, 51;
-11, 291, 10, -151, 387, -9, -46, 1136, 39;
-6, 295, 13, -113, 404, 2, -25, 1153, 54;
-8, 292, 9, -99, 395, -9, -34, 1138, 38;
-7, 291, 9, -75, 395, -12, -30, 1136, 35;
0, 298, 15, -27, 417, 8, 1, 1162, 61;
-3, 292, 10, -17, 401, -8, -12, 1142, 40;
1, 295, 13, 18, 410, 0, 5, 1153, 51;
0, 293, 10, 38, 401, -6, 3, 1144, 42;
4, 295, 13, 72, 406, 0, 18, 1152, 51;
5, 294, 12, 96, 401, -1, 22, 1148, 48;
11, 298, 16, 136, 411, 11, 45, 1163, 64;
11, 295, 14, 156, 400, 4, 43, 1153, 56;
9, 291, 11, 171, 384, -5, 37, 1138, 44;
10, 290, 10, 194, 374, -8, 39, 1132, 40;
16, 294, 15, 235, 383, 7, 65, 1149, 60;
18, 294, 15, 260, 376, 8, 73, 1147, 61;
21, 294, 16, 288, 370, 11, 83, 1148, 65;
22, 293, 16, 310, 360, 10, 87, 1143, 64;
22, 290, 14, 328, 345, 6, 87, 1133, 58;
25, 290, 16, 354, 337, 9, 97, 1134, 62;
23, 286, 12, 364, 314, 0, 89, 1116, 49;
23, 284, 12, 383, 300, -2, 93, 1110, 47;
29, 287, 16, 417, 301, 11, 115, 1122, 65;
25, 281, 11, 419, 271, -4, 99, 1097, 45;
26, 279, 11, 435, 254, -6, 102, 1089, 43;
26, 276, 10, 449, 236, -9, 102, 1079, 39;
31, 279, 14, 477, 233, 3, 122, 1090, 55;
32, 278, 14, 494, 219, 4, 127, 1085, 57;
28, 272, 9, 493, 187, -9, 112, 1061, 38;
30, 270, 10, 506, 171, -8, 117, 1056, 40;
29, 268, 9, 515, 151, -11, 116, 1046, 36;
36, 272, 15, 543, 151, 6, 141, 1062, 59;
37, 271, 15, 553, 134, 8, 145, 1057, 61;
38, 269, 16, 563, 118, 10, 150, 1052, 63;
32, 262, 10, 551, 80, -8, 128, 1022, 40;
36, 263, 13, 565, 70, 0, 140, 1026, 51;
35, 260, 12, 566, 48, -2, 138, 1015, 47;
33, 256, 10, 562, 22, -9, 130, 1000, 39;
34, 255, 10, 565, 5, -7, 132, 995, 41;
35, 255, 12, 571, -8, -2, 139, 994, 48;
36, 253, 12, 571, -27, -1, 140, 988, 49;
33, 248, 9, 560, -54, -9, 129, 970, 38;
37, 251, 14, 571, -59, 4, 146, 981, 56;
36, 248, 13, 563, -81, 1, 141, 970, 52;
32, 243, 10, 546, -111, -9, 126, 950, 39;
38, 248, 16, 559, -109, 11, 150, 968, 64;
31, 240, 10, 530, -148, -9, 122, 936, 39;
29, 237, 9, 518, -168, -11, 116, 926, 36;
32, 238, 12, 516, -177, -2, 125, 931, 47;
35, 240, 15, 515, -183, 8, 136, 939, 61;
28, 233, 10, 484, -217, -9, 111, 910, 39;
30, 235, 13, 480, -224, 0, 119, 916, 51;
31, 235, 15, 470, -234, 6, 123, 917, 58;
26, 230, 11, 441, -262, -5, 104, 897, 43;
29, 232, 15, 437, -264, 6, 115, 907, 59;
28, 231, 15, 418, -278, 6, 110, 902, 59;
25, 228, 13, 394, -297, 1, 99, 890, 53;
25, 228, 15, 379, -304, 6, 101, 892, 59;
23, 226, 14, 356, -319, 4, 93, 885, 56;
20, 223, 12, 328, -336, -1, 80, 873, 49;
19, 222, 12, 306, -347, -1, 74, 869, 49;
19, 223, 14, 287, -352, 3, 74, 871, 54;
15, 220, 12, 257, -368, -3, 60, 859, 46;
12, 218, 10, 229, -380, -6, 50, 852, 42;
16, 223, 16, 222, -370, 10, 66, 871, 64;
15, 222, 16, 195, -377, 10, 58, 867, 63;
10, 218, 13, 160, -393, 0, 40, 853, 51;
9, 219, 13, 136, -395, 2, 36, 854, 54;
4, 215, 10, 100, -409, -6, 18, 841, 42;
4, 216, 12, 78, -408, -2, 17, 845, 48;
3, 217, 13, 54, -407, 0, 14, 848, 52;
4, 219, 15, 34, -401, 7, 16, 856, 60;
0, 217, 12, 0, -410, 0, 0, 846, 50;
0, 218, 14, -21, -404, 5, 0, 853, 57;
-5, 215, 10, -60, -414, -6, -21, 839, 42;
-2, 220, 15, -71, -396, 9, -8, 859, 62;
-10, 214, 9, -118, -413, -11, -40, 835, 37;
-12, 214, 9, -146, -410, -12, -48, 836, 35;
-9, 219, 13, -157, -391, 2, -36, 856, 54;
-10, 220, 13, -182, -384, 2, -42, 858, 54;
-11, 221, 15, -205, -374, 6, -44, 865, 58;
-13, 221, 14, -231, -369, 4, -53, 865, 56;
-14, 223, 15, -252, -357, 7, -55, 873, 60;
-17, 223, 13, -281, -353, 2, -67, 870, 53;
-23, 219, 9, -318, -356, -10, -90, 857, 37;
-21, 224, 12, -330, -336, 0, -82, 873, 50;
-23, 224, 12, -354, -326, -2, -91, 875, 47;
-23, 226, 12, -373, -312, 0, -93, 883, 50;
-27, 225, 11, -398, -304, -6, -105, 880, 43;
-26, 229, 13, -411, -284, 0, -101, 894, 51;
-28, 229, 11, -433, -274, -3, -111, 894, 46;
-29, 231, 12, -449, -258, -2, -113, 901, 48;
-31, 231, 11, -470, -247, -6, -123, 902, 43;
-31, 233, 12, -482, -227, -2, -122, 912, 47;
-30, 237, 14, -489, -204, 4, -117, 927, 56;
-35, 235, 10, -515, -200, -8, -136, 917, 40;
-35, 237, 10, -526, -182, -7, -138, 925, 41;
-37, 238, 9, -540, -167, -10, -144, 928, 38;
-34, 243, 13, -538, -137, 1, -132, 949, 52;
-33, 246, 14, -543, -115, 4, -130, 960, 56;
-35, 246, 13, -555, -101, 0, -138, 961, 50;
-32, 251, 16, -552, -73, 9, -127, 980, 62;
-32, 253, 16, -556, -54, 9, -128, 988, 63;
-35, 252, 13, -568, -43, 1, -139, 985, 53;
-38, 251, 11, -579, -32, -6, -150, 982, 43;
-37, 254, 12, -576, -9, -2, -146, 994, 47;
-36, 257, 12, -574, 12, 0, -143, 1003, 50;
-33, 262, 16, -562, 41, 9, -130, 1023, 62;
-35, 261, 13, -567, 53, 1, -139, 1021, 53;
-38, 261, 10, -571, 63, -6, -148, 1018, 42;
-39, 261, 9, -570, 78, -10, -152, 1020, 37;
-37, 264, 11, -559, 101, -6, -145, 1032, 43;
-35, 267, 12, -548, 124, -2, -138, 1044, 48;
-35, 269, 12, -539, 141, -3, -137, 1050, 47;
-32, 272, 13, -524, 165, 2, -128, 1063, 53;
-31, 275, 14, -510, 184, 4, -122, 1072, 56;
-29, 278, 16, -493, 206, 9, -113, 1085, 62;
-32, 276, 12, -491, 211, -2, -124, 1076, 47;
-27, 281, 16, -465, 239, 9, -106, 1097, 62;
-31, 278, 11, -464, 240, -5, -121, 1084, 43;
-29, 280, 11, -445, 257, -3, -114, 1092, 46;
-30, 279, 9, -434, 265, -9, -117, 1090, 38;
-28, 281, 10, -415, 280, -9, -112, 1096, 39;
-27, 282, 10, -393, 295, -7, -105, 1103, 41;
-25, 284, 10, -372, 308, -6, -99, 1109, 42;
-23, 286, 11, -349, 322, -5, -91, 1116, 44;
-24, 284, 9, -334, 326, -12, -95, 1111, 35;
-19, 289, 12, -300, 348, 0, -75, 1129, 50;
-18, 289, 11, -280, 355, -3, -73, 1129, 45;
-15, 291, 13, -251, 368, 0, -61, 1138, 51;
-10, 296, 16, -215, 388, 12, -41, 1155, 66;
-12, 293, 13, -202, 383, 0, -50, 1143, 51;
-11, 293, 13, -176, 390, 0, -43, 1145, 51;
-11, 292, 11, -157, 388, -6, -45, 1139, 43;
-8, 293, 12, -127, 397, -2, -34, 1145, 47;
-5, 295, 13, -97, 404, 1, -23, 1151, 52;
-4, 294, 12, -72, 405, -1, -19, 1150, 49;
-6, 291, 9, -56, 397, -11, -25, 1138, 36;
0, 296, 14, -14, 413, 3, 0, 1157, 55;
-2, 292, 10, 0, 400, -9, -9, 1141, 39;
4, 297, 15, 43, 416, 7, 17, 1161, 59;
0, 292, 10, 53, 397, -9, 3, 1140, 39;
8, 297, 15, 98, 413, 8, 32, 1161, 61;
10, 298, 16, 127, 412, 11, 42, 1163, 64;
11, 296, 15, 149, 403, 6, 43, 1156, 59;
14, 297, 16, 180, 403, 12, 57, 1161, 66;
12, 293, 13, 194, 385, 0, 48, 1144, 51;
11, 290, 10, 211, 370, -8, 44, 1131, 40;
14, 290, 12, 241, 368, -2, 57, 1134, 47;
15, 289, 11, 263, 357, -4, 61, 1129, 45;
18, 289, 12, 291, 352, 0, 71, 1130, 50;
16, 285, 9, 303, 330, -11, 63, 1113, 36;
24, 291, 16, 346, 340, 9, 95, 1135, 62;
19, 283, 9, 348, 309, -10, 76, 1106, 37;
22, 284, 11, 374, 302, -5, 87, 1108, 44;
29, 288, 16, 411, 306, 11, 114, 1124, 65;
25, 282, 11, 414, 276, -3, 99, 1099, 46;
24, 278, 10, 426, 256, -9, 96, 1087, 39;
32, 283, 16, 463, 260, 9, 124, 1105, 63;
28, 277, 11, 464, 230, -5, 110, 1081, 44;
28, 274, 10, 475, 210, -8, 109, 1071, 40;
32, 277, 14, 502, 206, 3, 128, 1080, 55;
34, 275, 14, 516, 191, 5, 134, 1076, 57;
34, 273, 14, 526, 172, 3, 134, 1067, 55;
36, 273, 15, 541, 158, 7, 142, 1065, 60;
38, 272, 16, 554, 144, 11, 149, 1064, 65;
36, 268, 14, 554, 117, 3, 141, 1047, 55;
33, 263, 11, 551, 89, -6, 130, 1027, 42;
39, 267, 16, 575, 88, 11, 155, 1043, 65;
35, 260, 11, 564, 54, -3, 136, 1016, 46;
35, 258, 11, 567, 34, -3, 137, 1009, 46;
33, 255, 10, 564, 11, -8, 132, 996, 40;
36, 256, 12, 572, 0, 0, 141, 998, 49;
38, 256, 15, 579, -12, 6, 150, 1000, 58;
35, 251, 11, 567, -42, -3, 137, 981, 46;
32, 247, 9, 557, -68, -10, 127, 965, 37;
36, 249, 13, 564, -76, 0, 140, 972, 51;
33, 244, 10, 550, -103, -7, 129, 954, 41;
33, 243, 11, 545, -119, -5, 130, 951, 44;
34, 243, 12, 541, -133, 0, 133, 949, 49;
36, 244, 15, 540, -144, 6, 141, 952, 59;
35, 242, 15, 530, -160, 7, 139, 946, 60;
36, 242, 16, 523, -173, 12, 142, 945, 66;
34, 239, 15, 505, -195, 7, 132, 933, 59;
32, 237, 15, 490, -213, 6, 128, 926, 59;
31, 235, 14, 474, -230, 5, 123, 918, 57;
25, 229, 9, 443, -261, -10, 100, 893, 38;
29, 232, 14, 440, -262, 3, 113, 905, 55;
26, 229, 12, 418, -280, 0, 103, 895, 50;
24, 227, 12, 396, -296, -2, 96, 887, 47;
27, 230, 16, 389, -297, 10, 107, 898, 63;
24, 227, 14, 364, -314, 5, 96, 887, 58;
22, 225, 13, 339, -329, 2, 86, 878, 53;
20, 224, 13, 316, -341, 1, 80, 873, 52;
15, 219, 9, 282, -362, -9, 60, 856, 38;
16, 220, 12, 266, -364, -2, 63, 861, 47;
17, 222, 15, 250, -364, 6, 68, 869, 58;
15, 221, 14, 223, -374, 4, 60, 864, 56;
10, 217, 11, 188, -391, -5, 41, 848, 43;
12, 220, 15, 174, -385, 6, 49, 861, 58;
9, 218, 12, 142, -397, 0, 35, 851, 50;
7, 217, 12, 115, -401, 0, 28, 849, 50;
8, 220, 15, 97, -397, 7, 31, 858, 60;
5, 218, 14, 66, -404, 3, 19, 852, 54;
2, 217, 13, 38, -407, 2, 11, 849, 53;
1, 218, 13, 11, -407, 2, 5, 850, 54;
-2, 215, 11, -22, -414, -4, -10, 841, 44;
0, 219, 15, -38, -401, 6, -2, 855, 59;
0, 221, 16, -59, -394, 12, -2, 863, 66;
-9, 214, 10, -108, -413, -9, -36, 837, 39;
-5, 220, 15, -117, -391, 8, -21, 860, 60;
-11, 217, 11, -155, -399, -4, -43, 847, 45;
-13, 217, 11, -182, -395, -5, -50, 847, 44;
-12, 219, 13, -202, -382, 0, -49, 857, 51;
-16, 217, 10, -235, -383, -7, -66, 850, 41;
-15, 222, 14, -248, -364, 3, -58, 866, 55;
-14, 224, 15, -268, -350, 8, -58, 876, 61;
-20, 221, 12, -302, -352, -3, -78, 865, 47;
-24, 220, 9, -333, -350, -11, -94, 859, 36;
-18, 228, 16, -335, -318, 9, -73, 889, 62;
-25, 223, 10, -373, -323, -8, -101, 872, 40;
-27, 224, 10, -394, -311, -8, -106, 875, 40;
-26, 227, 12, -407, -292, -2, -103, 889, 48;
-26, 230, 13, -422, -273, 1, -103, 899, 53;
-25, 233, 15, -434, -253, 7, -100, 912, 60;
-28, 233, 13, -458, -245, 0, -113, 909, 52;
-29, 234, 13, -473, -229, 0, -116, 915, 52;
-34, 232, 9, -500, -225, -11, -136, 905, 36;
-34, 234, 10, -510, -205, -8, -135, 916, 40;
-32, 239, 13, -512, -177, 2, -125, 935, 54;
-31, 242, 15, -520, -156, 6, -123, 947, 58;
-33, 243, 13, -534, -142, 2, -130, 948, 53;
-34, 244, 13, -544, -125, 0, -134, 953, 51;
-37, 243, 10, -561, -115, -7, -147, 950, 41;
-32, 251, 16, -548, -78, 11, -125, 980, 65;
-39, 245, 9, -577, -82, -11, -155, 958, 36;
-35, 252, 14, -565, -47, 3, -136, 985, 55;
-32, 257, 16, -560, -20, 11, -127, 1002, 65;
-34, 257, 15, -567, -6, 6, -134, 1002, 58;
-36, 256, 12, -574, 5, 0, -143, 1001, 50;
-39, 256, 10, -581, 17, -8, -152, 999, 40;
-33, 263, 15, -561, 54, 9, -130, 1028, 62;
-39, 258, 9, -578, 52, -11, -155, 1009, 36;
-33, 267, 15, -553, 91, 8, -129, 1041, 61;
-39, 262, 9, -567, 89, -11, -153, 1023, 36;
-34, 268, 13, -546, 122, 1, -134, 1047, 53;
-33, 270, 13, -538, 140, 1, -132, 1053, 52;
-30, 274, 16, -520, 166, 9, -119, 1070, 63;
-29, 276, 16, -507, 186, 11, -114, 1079, 65;
-34, 272, 10, -514, 184, -7, -135, 1062, 41;
-34, 273, 10, -502, 200, -8, -133, 1067, 40;
-33, 275, 10, -487, 217, -7, -129, 1074, 41;
-28, 280, 13, -461, 243, 2, -111, 1093, 54;
-30, 279, 11, -452, 251, -4, -117, 1089, 45;
-30, 279, 9, -440, 260, -10, -119, 1088, 38;
-25, 284, 13, -409, 287, 2, -99, 1109, 53;
-25, 284, 12, -393, 298, 0, -98, 1110, 50;
-22, 287, 13, -370, 314, 2, -89, 1119, 54;
-25, 284, 9, -361, 313, -9, -99, 1108, 38;
-17, 292, 16, -317, 347, 12, -66, 1140, 66;
-16, 292, 16, -297, 355, 9, -64, 1141, 62;
-17, 290, 13, -283, 356, 0, -69, 1134, 52;
-20, 287, 9, -272, 353, -11, -79, 1121, 36;
-11, 295, 16, -224, 385, 11, -43, 1154, 65;
-13, 292, 13, -210, 381, 0, -52, 1142, 51;
-8, 296, 16, -175, 398, 10, -33, 1157, 64;
-12, 291, 10, -166, 386, -6, -48, 1138, 42;
-11, 291, 10, -141, 390, -8, -43, 1138, 40;
-9, 292, 10, -115, 394, -8, -37, 1139, 40;
-4, 295, 13, -79, 406, 1, -18, 1152, 52;
-1, 297, 15, -47, 414, 6, -5, 1160, 58;
2, 299, 16, -15, 421, 11, 8, 1167, 65;
0, 294, 12, -2, 407, -2, -2, 1150, 48;
0, 293, 11, 20, 403, -6, 0, 1145, 43;
3, 295, 13, 54, 408, 0, 13, 1152, 51;
8, 298, 16, 92, 417, 11, 34, 1165, 65;
7, 295, 13, 109, 404, 2, 29, 1153, 53;
4, 290, 9, 122, 387, -11, 19, 1134, 36;
6, 290, 9, 148, 381, -11, 25, 1132, 36;
14, 295, 15, 193, 395, 7, 55, 1154, 60;
15, 294, 14, 216, 386, 5, 58, 1148, 57;
17, 294, 15, 244, 381, 8, 69, 1149, 61;
15, 290, 12, 257, 361, -3, 60, 1132, 46;
18, 290, 13, 284, 355, 0, 70, 1132, 50;
18, 287, 11, 302, 341, -4, 70, 1123, 44;
18, 285, 10, 320, 325, -9, 70, 1113, 39;
18, 283, 9, 340, 312, -11, 73, 1107, 37;
26, 289, 15, 381, 320, 8, 103, 1127, 61;
21, 281, 9, 382, 288, -10, 84, 1098, 38;
26, 284, 13, 413, 286, 1, 104, 1107, 52;
25, 280, 11, 424, 265, -6, 99, 1093, 43;
25, 278, 10, 439, 247, -8, 100, 1084, 40;
28, 278, 11, 459, 236, -4, 109, 1084, 45;
30, 277, 12, 478, 223, -1, 117, 1082, 49;
28, 273, 10, 485, 200, -8, 112, 1067, 41;
29, 272, 10, 499, 184, -7, 116, 1062, 41;
30, 270, 10, 509, 165, -9, 117, 1053, 39;
34, 272, 13, 532, 158, 2, 134, 1061, 53;
31, 266, 10, 530, 129, -8, 123, 1040, 39;
32, 265, 10, 541, 113, -7, 127, 1036, 42;
33, 264, 11, 550, 97, -4, 132, 1032, 44;
37, 265, 14, 566, 87, 4, 145, 1036, 56;
33, 259, 9, 556, 54, -9, 128, 1011, 38;
39, 263, 16, 580, 55, 10, 154, 1029, 63;
34, 256, 10, 565, 18, -7, 133, 1000, 41;
34, 254, 10, 565, -1, -7, 132, 992, 41;
38, 257, 15, 580, -5, 7, 151, 1004, 59;
35, 252, 12, 570, -34, -1, 139, 985, 48;
39, 254, 16, 580, -40, 10, 155, 994, 64;
39, 253, 16, 576, -58, 11, 155, 988, 65;
36, 248, 14, 562, -86, 2, 142, 970, 54;
32, 243, 10, 545, -116, -7, 127, 949, 41;
37, 247, 15, 554, -117, 8, 146, 963, 61;
31, 239, 10, 527, -153, -8, 122, 935, 40;
37, 244, 16, 537, -151, 11, 144, 953, 64;
29, 235, 9, 503, -192, -11, 113, 918, 36;
28, 234, 9, 493, -207, -9, 112, 914, 38;
27, 232, 9, 478, -224, -10, 108, 907, 37;
32, 236, 15, 482, -222, 7, 127, 923, 60;
30, 233, 14, 462, -242, 3, 118, 912, 55;
30, 233, 15, 448, -254, 6, 118, 910, 59;
23, 226, 9, 413, -287, -11, 91, 883, 36;
22, 224, 9, 394, -301, -11, 86, 877, 36;
21, 224, 10, 377, -311, -8, 85, 876, 40;
25, 228, 15, 371, -309, 6, 98, 889, 58;
18, 221, 9, 332, -339, -12, 70, 862, 35;
23, 226, 15, 330, -331, 7, 89, 883, 60;
21, 225, 15, 308, -340, 8, 85, 880, 62;
16, 220, 11, 272, -362, -3, 64, 861, 46;
15, 220, 12, 250, -369, -1, 60, 860, 49;
14, 219, 12, 226, -377, -1, 54, 857, 49;
14, 221, 14, 208, -377, 5, 57, 863, 57;
14, 222, 16, 187, -379, 9, 56, 866, 63;
10, 219, 13, 154, -392, 2, 41, 855, 54;
5, 215, 10, 116, -408, -9, 19, 839, 39;
2, 214, 9, 87, -414, -10, 11, 835, 37;
5, 217, 13, 73, -405, 1, 19, 849, 52;
1, 216, 12, 42, -411, -2, 7, 844, 47;
5, 221, 16, 30, -397, 12, 19, 862, 66;
-4, 213, 9, -20, -421, -11, -16, 832, 36;
-1, 218, 14, -32, -405, 3, -4, 852, 55;
-2, 218, 14, -58, -402, 4, -10, 853, 56;
-2, 221, 16, -78, -393, 11, -8, 863, 65;
-7, 217, 12, -117, -402, -1, -30, 848, 49;
-8, 218, 13, -141, -396, 0, -34, 853, 52;
-6, 222, 16, -156, -379, 11, -27, 868, 65;
-8, 222, 16, -183, -374, 10, -35, 869, 64;
-16, 217, 10, -226, -385, -7, -63, 849, 42;
-15, 221, 13, -243, -369, 1, -59, 863, 52;
-13, 225, 16, -257, -350, 11, -52, 878, 65;
-19, 221, 11, -295, -356, -3, -77, 863, 46;
-17, 226, 15, -306, -333, 8, -67, 882, 61;
-19, 226, 14, -331, -325, 6, -76, 883, 58;
-19, 229, 16, -347, -308, 11, -74, 894, 65;
-21, 229, 16, -370, -298, 9, -82, 896, 62;
-25, 227, 12, -400, -295, -1, -100, 888, 49;
-22, 233, 16, -406, -268, 11, -89, 909, 65;
-31, 227, 9, -448, -278, -12, -123, 885, 35;
-29, 231, 12, -456, -254, -2, -116, 902, 47;
-29, 234, 13, -467, -233, 2, -113, 914, 53;
-27, 239, 16, -472, -207, 12, -105, 933, 66;
-30, 238, 14, -494, -199, 3, -119, 928, 55;
-28, 242, 16, -499, -174, 12, -112, 945, 65;
-30, 242, 15, -514, -160, 7, -120, 946, 60;
-33, 242, 13, -532, -149, 1, -131, 945, 52;
-38, 240, 9, -554, -143, -11, -148, 936, 37;
-34, 246, 14, -547, -111, 3, -133, 961, 54;
-39, 243, 9, -569, -107, -12, -153, 949, 35;
-37, 247, 11, -567, -80, -3, -144, 966, 46;
-40, 247, 9, -580, -69, -11, -156, 963, 36;
-32, 256, 16, -560, -27, 10, -128, 999, 64;
-39, 251, 10, -582, -28, -9, -154, 981, 39;
-36, 256, 13, -572, 0, 0, -141, 1001, 51;
-38, 256, 10, -580, 12, -6, -151, 998, 42;
-33, 263, 16, -561, 47, 9, -130, 1025, 62;
-33, 264, 15, -561, 64, 7, -132, 1030, 59;
-39, 260, 9, -575, 65, -11, -154, 1014, 36;
-37, 263, 10, -565, 88, -7, -147, 1026, 41;
-36, 265, 11, -556, 108, -5, -143, 1035, 44;
-37, 265, 9, -552, 122, -9, -147, 1037, 38;
-36, 268, 10, -541, 143, -7, -142, 1046, 41;
-35, 269, 10, -531, 160, -8, -140, 1052, 40;
-31, 275, 13, -508, 188, 2, -123, 1072, 54;
-33, 273, 11, -504, 196, -6, -131, 1067, 43;
-31, 276, 12, -486, 217, -1, -122, 1079, 48;
-32, 276, 10, -476, 228, -6, -125, 1079, 42;
-32, 277, 9, -463, 241, -10, -125, 1081, 38;
-25, 284, 15, -428, 273, 7, -99, 1108, 60;
-30, 279, 9, -429, 269, -10, -117, 1091, 37;
-26, 283, 12, -402, 291, -2, -102, 1106, 47;
-25, 284, 11, -383, 303, -4, -99, 1109, 45;
-19, 290, 16, -348, 330, 10, -75, 1132, 64;
-18, 290, 15, -329, 339, 7, -73, 1133, 60;
-22, 286, 10, -323, 334, -8, -88, 1117, 40;
-17, 291, 14, -287, 357, 4, -66, 1137, 56;
-13, 294, 16, -258, 372, 10, -54, 1147, 63;
-11, 295, 16, -233, 382, 11, -46, 1152, 65;
-11, 294, 15, -213, 385, 6, -46, 1149, 58;
-14, 291, 11, -200, 379, -6, -56, 1135, 42;
-11, 292, 11, -172, 387, -3, -46, 1141, 46;
-8, 294, 13, -141, 398, 1, -33, 1149, 52;
-7, 294, 12, -117, 400, -1, -30, 1148, 49;
-5, 295, 13, -88, 406, 1, -20, 1152, 52;
-3, 296, 14, -60, 410, 2, -12, 1155, 54;
-3, 294, 12, -38, 406, -2, -12, 1149, 47;
1, 297, 14, -3, 414, 5, 4, 1159, 57;
0, 293, 10, 11, 403, -6, -3, 1144, 42;
2, 294, 12, 42, 406, -2, 8, 1149, 48;
7, 297, 15, 79, 414, 7, 27, 1161, 60;
6, 295, 13, 99, 404, 0, 25, 1151, 52;
10, 297, 15, 134, 408, 8, 42, 1160, 62;
7, 292, 10, 144, 388, -6, 29, 1139, 42;
9, 291, 11, 171, 383, -5, 36, 1138, 43;
13, 293, 13, 203, 384, 0, 51, 1144, 52;
10, 288, 9, 215, 363, -12, 41, 1125, 35;
14, 290, 11, 247, 363, -4, 57, 1131, 45;
19, 292, 14, 281, 364, 4, 74, 1140, 57;
22, 293, 16, 310, 360, 11, 88, 1144, 64;
21, 289, 14, 325, 342, 3, 84, 1130, 55;
23, 289, 14, 349, 332, 4, 91, 1128, 56;
23, 286, 12, 364, 314, 0, 89, 1116, 49;
22, 283, 11, 380, 297, -5, 89, 1106, 44;
24, 282, 11, 401, 285, -3, 95, 1103, 46;
29, 285, 15, 433, 284, 8, 116, 1113, 61;
29, 282, 14, 446, 265, 4, 115, 1103, 56;
31, 282, 15, 466, 253, 7, 123, 1101, 60;
29, 277, 12, 471, 227, -2, 114, 1082, 47;
30, 276, 12, 487, 211, -2, 118, 1077, 48;
32, 275, 13, 502, 197, 0, 124, 1073, 50;
29, 270, 10, 505, 171, -9, 116, 1055, 39;
33, 271, 12, 525, 161, -1, 129, 1059, 49;
38, 274, 16, 548, 156, 11, 148, 1068, 65;
36, 270, 14, 551, 132, 5, 142, 1054, 57;
37, 268, 15, 560, 115, 7, 146, 1049, 59;
37, 266, 14, 564, 93, 4, 144, 1038, 56;
36, 263, 13, 566, 71, 0, 141, 1027, 52;
38, 263, 14, 575, 57, 5, 149, 1026, 58;
40, 263, 16, 583, 43, 11, 156, 1026, 65;
34, 255, 11, 567, 7, -5, 135, 997, 44;
34, 253, 10, 566, -13, -7, 133, 988, 42;
34, 251, 10, 564, -33, -7, 132, 980, 41;
34, 250, 11, 565, -50, -5, 135, 976, 44;
34, 248, 11, 561, -68, -4, 135, 970, 45;
32, 244, 9, 550, -94, -11, 125, 954, 36;
37, 248, 15, 562, -95, 6, 146, 970, 59;
35, 245, 13, 550, -118, 2, 139, 958, 53;
31, 240, 10, 530, -147, -9, 122, 936, 39;
34, 242, 13, 532, -154, 2, 134, 944, 54;
34, 241, 14, 523, -170, 4, 134, 940, 56;
35, 241, 16, 517, -180, 10, 139, 941, 64;
33, 238, 15, 500, -202, 6, 130, 930, 58;
26, 230, 9, 467, -237, -12, 104, 900, 35;
33, 237, 16, 476, -229, 11, 130, 924, 65;
29, 233, 14, 452, -251, 4, 116, 909, 56;
25, 228, 11, 425, -276, -5, 100, 892, 44;
24, 227, 11, 406, -290, -5, 96, 887, 44;
27, 230, 15, 401, -289, 9, 108, 899, 62;
21, 224, 11, 366, -317, -5, 85, 876, 43;
20, 223, 10, 344, -331, -7, 78, 869, 41;
21, 224, 13, 331, -333, 2, 84, 877, 53;
22, 226, 16, 317, -336, 9, 88, 883, 63;
21, 226, 16, 295, -344, 11, 84, 881, 65;
15, 220, 12, 257, -368, -2, 61, 860, 47;
11, 216, 9, 223, -385, -12, 43, 845, 35;
9, 216, 9, 199, -393, -12, 37, 842, 35;
14, 222, 15, 194, -378, 9, 57, 866, 62;
7, 216, 10, 152, -401, -8, 29, 843, 40;
10, 219, 14, 138, -393, 4, 39, 857, 56;
9, 220, 15, 116, -393, 9, 37, 861, 62;
6, 218, 14, 83, -402, 2, 23, 852, 54;
5, 219, 15, 61, -400, 7, 22, 857, 60;
0, 215, 11, 22, -414, -4, 0, 841, 44;
-2, 215, 10, -6, -416, -6, -8, 838, 42;
-2, 216, 12, -29, -411, -2, -9, 844, 48;
-5, 215, 11, -60, -414, -6, -21, 840, 43;
-1, 221, 16, -69, -394, 10, -6, 862, 64;
-5, 219, 14, -102, -398, 4, -21, 855, 56;
-8, 218, 13, -133, -397, 0, -32, 852, 51;
-10, 218, 12, -161, -394, -1, -41, 851, 49;
-14, 217, 10, -192, -394, -6, -54, 846, 42;
-14, 219, 12, -213, -383, -1, -54, 855, 48;
-14, 220, 13, -235, -373, 0, -58, 861, 51;
-18, 219, 11, -265, -369, -4, -70, 857, 45;
-17, 222, 13, -283, -355, 0, -69, 868, 52;
-22, 220, 10, -315, -354, -8, -86, 860, 40;
-17, 227, 16, -318, -323, 11, -67, 889, 65;
-23, 224, 11, -355, -327, -4, -92, 874, 45;
-27, 223, 9, -383, -322, -10, -106, 870, 37;
-24, 228, 13, -391, -297, 1, -95, 890, 52;
-27, 227, 11, -416, -290, -4, -108, 887, 44;
-23, 234, 16, -418, -259, 11, -92, 913, 65;
-25, 234, 15, -438, -247, 8, -100, 915, 61;
-29, 233, 12, -464, -241, 0, -116, 909, 50;
-28, 237, 15, -472, -218, 6, -110, 924, 59;
-33, 233, 10, -501, -216, -7, -132, 912, 41;
-28, 241, 16, -495, -180, 11, -111, 942, 65;
-33, 239, 13, -518, -174, 0, -128, 935, 51;
-29, 245, 16, -517, -144, 12, -116, 956, 66;
-35, 242, 12, -543, -142, -3, -138, 944, 46;
-33, 246, 14, -542, -115, 5, -129, 961, 57;
-36, 245, 12, -558, -104, -2, -141, 958, 47;
-35, 248, 13, -561, -82, 0, -139, 969, 51;
-33, 253, 16, -557, -54, 9, -129, 987, 62;
-34, 253, 14, -565, -40, 4, -135, 989, 57;
-39, 251, 10, -581, -34, -9, -153, 978, 39;
-33, 258, 16, -563, 3, 9, -130, 1009, 63;
-34, 259, 14, -568, 18, 5, -136, 1011, 57;
-33, 262, 16, -561, 42, 10, -129, 1024, 63;
-37, 260, 12, -572, 48, -3, -145, 1015, 47;
-32, 266, 16, -555, 80, 10, -127, 1038, 63;
-31, 268, 16, -548, 101, 11, -124, 1048, 65;
-33, 268, 15, -547, 114, 6, -130, 1047, 58;
-33, 270, 14, -540, 131, 4, -129, 1053, 57;
-37, 266, 9, -547, 134, -10, -146, 1040, 37;
-32, 272, 13, -523, 165, 2, -127, 1064, 54;
-30, 275, 15, -508, 187, 6, -119, 1075, 59;
-32, 274, 12, -504, 195, -1, -127, 1071, 48;
-33, 274, 11, -495, 208, -5, -129, 1072, 43;
-27, 281, 15, -466, 238, 8, -107, 1096, 61;
-25, 283, 16, -448, 256, 10, -100, 1105, 64;
-30, 278, 10, -450, 252, -8, -120, 1086, 40;
-23, 286, 16, -412, 287, 11, -90, 1117, 65;
-23, 286, 15, -398, 296, 6, -92, 1116, 59;
-28, 281, 9, -397, 291, -11, -110, 1099, 36;
-25, 284, 11, -371, 310, -5, -97, 1111, 44;
-24, 285, 10, -353, 319, -8, -96, 1111, 40;
-20, 289, 13, -320, 340, 1, -78, 1128, 52;
-20, 288, 11, -304, 344, -4, -80, 1124, 45;
-16, 292, 14, -271, 363, 4, -63, 1139, 56;
-18, 289, 10, -259, 361, -7, -71, 1128, 42;
-18, 288, 9, -239, 364, -11, -71, 1125, 36;
-10, 295, 15, -194, 391, 7, -40, 1152, 60;
-7, 297, 16, -166, 400, 10, -30, 1158, 64;
-7, 296, 15, -143, 402, 7, -28, 1156, 60;
-10, 291, 10, -133, 391, -8, -41, 1138, 40;
-9, 291, 9, -108, 393, -10, -37, 1137, 38;
-3, 296, 14, -66, 411, 4, -11, 1157, 57;
-2, 296, 13, -43, 410, 1, -9, 1154, 52;
-1, 295, 12, -19, 408, 0, -5, 1151, 49;
3, 298, 16, 18, 418, 9, 13, 1164, 62;
1, 294, 12, 33, 406, -2, 6, 1149, 48;
1, 292, 10, 55, 399, -7, 6, 1142, 41;
4, 293, 11, 85, 400, -3, 17, 1146, 46;
7, 294, 13, 116, 401, 0, 29, 1149, 51;
9, 294, 13, 142, 396, 0, 35, 1147, 50;
8, 291, 10, 161, 384, -7, 32, 1136, 41;
16, 296, 16, 205, 397, 11, 62, 1158, 65;
15, 294, 14, 224, 383, 4, 60, 1147, 56;
12, 288, 10, 235, 361, -9, 49, 1127, 39;
13, 287, 9, 258, 352, -10, 54, 1122, 38;
17, 288, 11, 287, 348, -4, 67, 1126, 45;
17, 287, 10, 308, 335, -6, 70, 1119, 42;
21, 287, 12, 336, 330, -1, 82, 1122, 49;
22, 287, 13, 358, 319, 0, 89, 1119, 50;
26, 288, 15, 386, 314, 6, 102, 1123, 59;
22, 281, 10, 390, 285, -8, 88, 1099, 40;
23, 279, 9, 407, 269, -11, 90, 1090, 37;
25, 279, 11, 430, 260, -6, 100, 1091, 43;
31, 283, 15, 461, 259, 8, 123, 1104, 61;
27, 276, 10, 462, 228, -6, 108, 1079, 42;
27, 274, 9, 473, 208, -10, 107, 1068, 37;
34, 278, 15, 505, 210, 7, 132, 1084, 59;
33, 275, 14, 515, 190, 4, 132, 1074, 56;
35, 274, 15, 530, 175, 7, 138, 1071, 59;
32, 268, 11, 527, 144, -6, 125, 1048, 43;
33, 267, 11, 539, 129, -3, 130, 1045, 46;
37, 269, 15, 558, 121, 7, 146, 1051, 59;
33, 263, 11, 552, 90, -5, 131, 1028, 44;
37, 265, 14, 568, 81, 5, 146, 1034, 57;
35, 261, 12, 566, 56, -1, 139, 1020, 49;
38, 261, 14, 577, 44, 5, 149, 1021, 58;
40, 262, 16, 585, 31, 11, 157, 1022, 65;
33, 252, 9, 562, -11, -11, 128, 986, 37;
40, 258, 16, 584, -8, 11, 156, 1006, 64;
39, 256, 16, 581, -28, 10, 154, 998, 63;
34, 249, 11, 563, -62, -4, 135, 972, 44;
33, 246, 10, 556, -84, -7, 130, 961, 41;
32, 244, 10, 549, -104, -8, 127, 953, 40;
36, 246, 13, 553, -111, 2, 140, 960, 54;
34, 243, 12, 542, -132, 0, 134, 950, 50;
36, 244, 15, 541, -143, 7, 142, 953, 60;
30, 237, 10, 513, -177, -9, 118, 925, 39;
33, 239, 13, 513, -184, 1, 129, 933, 53;
33, 239, 15, 505, -196, 6, 132, 932, 59;
29, 233, 11, 479, -224, -5, 114, 911, 44;
31, 235, 14, 473, -231, 4, 121, 917, 55;
32, 235, 16, 463, -241, 10, 125, 918, 63;
27, 230, 12, 434, -268, -1, 106, 898, 48;
27, 230, 14, 421, -276, 3, 108, 899, 55;
29, 231, 16, 410, -282, 11, 113, 904, 65;
21, 224, 10, 371, -315, -7, 84, 875, 41;
25, 228, 15, 366, -312, 7, 98, 889, 60;
18, 222, 10, 329, -339, -8, 73, 866, 40;
23, 227, 16, 325, -331, 10, 91, 885, 64;
18, 223, 13, 293, -351, 1, 74, 869, 52;
20, 225, 16, 279, -351, 10, 80, 878, 64;
14, 219, 12, 241, -373, -3, 56, 857, 47;
13, 219, 12, 217, -381, -2, 51, 855, 47;
14, 222, 15, 202, -377, 7, 58, 865, 60;
10, 218, 12, 166, -393, -1, 39, 851, 48;
6, 215, 10, 134, -405, -8, 24, 841, 40;
8, 218, 13, 118, -398, 2, 31, 853, 54;
4, 216, 11, 85, -409, -4, 16, 843, 45;
2, 215, 11, 58, -412, -4, 9, 841, 44;
2, 217, 13, 37, -407, 1, 10, 848, 52;
-3, 213, 9, -3, -421, -12, -12, 832, 35;
2, 221, 16, -6, -397, 11, 10, 861, 65;
-6, 213, 9, -56, -420, -11, -25, 832, 36;
-2, 219, 14, -66, -400, 5, -10, 855, 58;
-4, 219, 15, -92, -397, 6, -16, 857, 58;
-11, 215, 10, -134, -409, -9, -42, 838, 39;
-7, 220, 15, -144, -388, 6, -29, 860, 59;
-9, 221, 15, -171, -383, 6, -36, 862, 58;
-16, 216, 9, -214, -394, -11, -64, 842, 36;
-16, 218, 11, -234, -382, -6, -64, 851, 43;
-18, 218, 10, -260, -376, -8, -73, 852, 40;
-17, 222, 13, -274, -357, 1, -66, 867, 52;
-20, 221, 11, -304, -353, -4, -80, 864, 45;
-20, 223, 13, -322, -339, 0, -80, 873, 50;
-18, 228, 16, -334, -317, 10, -73, 890, 63;
-24, 224, 11, -369, -319, -4, -96, 877, 45;
-24, 227, 12, -386, -303, 0, -96, 886, 50;
-24, 229, 14, -402, -286, 2, -97, 895, 54;
-29, 227, 10, -433, -284, -8, -116, 886, 40;
-30, 229, 10, -449, -268, -6, -118, 893, 42;
-33, 229, 9, -470, -257, -11, -128, 893, 36;
-33, 230, 9, -485, -241, -10, -131, 900, 37;
-31, 235, 12, -489, -214, 0, -122, 919, 50;
-30, 239, 15, -496, -191, 6, -117, 933, 58;
-32, 239, 13, -513, -178, 1, -126, 934, 52;
-36, 238, 10, -534, -170, -7, -140, 929, 41;
-36, 240, 10, -544, -152, -7, -143, 936, 41;
-38, 240, 9, -556, -137, -11, -149, 938, 37;
-38, 243, 10, -562, -116, -8, -148, 948, 40;
-38, 245, 10, -567, -97, -7, -149, 956, 41;
-34, 250, 14, -561, -66, 4, -135, 978, 56;
-34, 253, 15, -562, -44, 6, -133, 988, 58;
-35, 254, 13, -569, -29, 2, -138, 991, 54;
-35, 256, 14, -569, -8, 3, -137, 1000, 55;
-36, 256, 12, -574, 5, -1, -144, 1000, 49;
-34, 261, 15, -565, 32, 6, -134, 1017, 59;
-38, 258, 11, -576, 39, -5, -149, 1009, 43;
-34, 263, 14, -563, 67, 3, -136, 1028, 55;
-36, 263, 12, -564, 80, -3, -143, 1027, 47;
-36, 264, 11, -559, 97, -4, -143, 1032, 45;
-31, 271, 16, -537, 131, 10, -123, 1058, 64;
-35, 268, 12, -542, 135, -2, -138, 1048, 47;
-29, 275, 16, -517, 169, 12, -116, 1073, 66;
-31, 275, 15, -512, 181, 6, -120, 1073, 59;
-32, 274, 13, -506, 191, 0, -126, 1071, 51;
-27, 280, 16, -482, 220, 11, -108, 1092, 65;
-28, 279, 14, -473, 230, 5, -112, 1091, 58;
-28, 280, 14, -459, 245, 4, -110, 1095, 56;
-27, 282, 14, -443, 260, 4, -105, 1101, 56;
-27, 281, 12, -431, 269, -1, -108, 1099, 49;
-25, 284, 14, -408, 288, 3, -98, 1110, 54;
-22, 287, 15, -385, 305, 7, -88, 1120, 59;
-21, 288, 15, -364, 320, 8, -82, 1126, 61;
-20, 289, 14, -346, 329, 5, -80, 1127, 57;
-24, 284, 9, -341, 323, -11, -96, 1110, 36;
-20, 288, 11, -311, 342, -4, -81, 1124, 45;
-17, 290, 13, -283, 356, 0, -69, 1133, 51;
-16, 291, 12, -261, 364, -1, -66, 1134, 49;
-12, 294, 15, -228, 381, 7, -49, 1148, 60;
-12, 293, 13, -209, 383, 1, -50, 1144, 53;
-15, 289, 9, -197, 376, -11, -60, 1130, 36;
-6, 297, 16, -149, 403, 10, -27, 1159, 63;
-7, 295, 14, -130, 401, 2, -29, 1152, 54;
-3, 298, 16, -96, 414, 11, -12, 1164, 65;
-8, 291, 9, -92, 393, -12, -35, 1136, 36;
-6, 292, 10, -62, 399, -8, -24, 1141, 39;
2, 299, 16, -15, 421, 11, 8, 1167, 65;
12, 9, 5, 3762, 2399, 1508, 48, 36, 22;
19, 11, 3, 2117, 5185, 2261, 77, 44, 11;
10, 27, 9, 3769, 2448, 1989, 41, 106, 38;
13, 23, 1, 2811, 3102, 1578, 53, 93, 7;
8, 23, 8, 4033, 1950, 2796, 31, 89, 35;
10, 14, 1, 3514, 4609, 2888, 40, 54, 4;
7, 11, 11, 3137, 2857, 2809, 29, 44, 44;
8, 11, 7, 3118, 2808, 1822, 32, 46, 30;
17, 13, 0, 3529, 3218, 1955, 67, 51, 3;
18, 26, 13, 2734, 3567, 2072, 73, 103, 50;
15, 11, 12, 4141, 4901, 2609, 58, 45, 49;
7, 6, 4, 3949, 2538, 2439, 28, 26, 18;
7, 22, 3, 4192, 3914, 1081, 30, 87, 13;
10, 31, 5, 1642, 4532, 1315, 42, 122, 20;
13, 23, 10, 2580, 3004, 2543, 52, 91, 39;
1, 19, 4, 3806, 3929, 2725, 4, 75, 17;
1, 6, 10, 3100, 1929, 2738, 5, 25, 39;
12, 24, 3, 2124, 4543, 2237, 48, 95, 12;
16, 10, 8, 3507, 2320, 2398, 64, 39, 34;
16, 12, 9, 3383, 1845, 1932, 63, 49, 38;
8, 2, 12, 1946, 4083, 2654, 33, 10, 48;
10, 12, 8, 4129, 2063, 2466, 39, 50, 34;
8, 9, 1, 3746, 2781, 2590, 33, 37, 6;
10, 10, 1, 3642, 3548, 2182, 40, 42, 4;
20, 4, 2, 2131, 4734, 2143, 78, 18, 8;
6, 15, 11, 2640, 3056, 2502, 25, 61, 45;
9, 16, 3, 2805, 5169, 1412, 37, 66, 15;
13, 30, 5, 4028, 4873, 2810, 54, 118, 23;
17, 17, 10, 3864, 1970, 1761, 66, 69, 39;
14, 21, 12, 3645, 4501, 2279, 55, 85, 49;
20, 0, 0, 2117, 1980, 1143, 78, 3, 1;
15, 0, 12, 2467, 4605, 2766, 62, 3, 49;
15, 10, 9, 3079, 2168, 2605, 58, 40, 38;
11, 31, 6, 3661, 3892, 2675, 46, 120, 26;
6, 10, 8, 2412, 3219, 1386, 23, 40, 33;
0, 24, 10, 3035, 5375, 2710, 3, 94, 41;
3, 20, 9, 3024, 4638, 2103, 13, 80, 37;
6, 11, 12, 1816, 3142, 1030, 25, 43, 47;
4, 22, 0, 1886, 3174, 1415, 17, 89, 2;
5, 12, 9, 2494, 4299, 2377, 23, 50, 35;
8, 29, 5, 3154, 2103, 1806, 31, 113, 21;
16, 2, 7, 2519, 2494, 1509, 64, 9, 29;
18, 25, 3, 4094, 3155, 1041, 73, 98, 11;
8, 24, 12, 2693, 4455, 1964, 34, 93, 49;
18, 13, 5, 3362, 3498, 2347, 71, 50, 22;
18, 23, 11, 3367, 2857, 2186, 70, 92, 43;
9, 10, 5, 4272, 5356, 2483, 35, 42, 22;
4, 10, 10, 2141, 1921, 2686, 16, 39, 39;
2, 21, 8, 1635, 4464, 1326, 10, 83, 34;
11, 10, 3, 2816, 1811, 2534, 46, 42, 15;
5, 30, 13, 2003, 2508, 1334, 21, 117, 50;
1, 12, 8, 3099, 3099, 1338, 6, 49, 34;
3, 13, 1, 1595, 3798, 2127, 11, 53, 4;
0, 19, 8, 2829, 3111, 1858, 0, 75, 34;
14, 8, 5, 1565, 4212, 1190, 56, 31, 21;
9, 27, 9, 1985, 4508, 1681, 38, 107, 37;
0, 0, 10, 2139, 2542, 1953, 1, 1, 41;
5, 4, 1, 1693, 3280, 1172, 22, 18, 4;
2, 31, 12, 2726, 2969, 1110, 11, 121, 50;
6, 30, 4, 1763, 4687, 1462, 25, 117, 17;
5, 15, 12, 4196, 4606, 2517, 19, 62, 47;
10, 4, 3, 4265, 4509, 1080, 41, 18, 14;
6, 7, 0, 4328, 3232, 2734, 24, 27, 3;
10, 17, 2, 2090, 4000, 1306, 39, 68, 9;
19, 17, 10, 1939, 1877, 2000, 75, 69, 42;
18, 3, 12, 4194, 2998, 1759, 71, 13, 47;
4, 24, 9, 2206, 4653, 2000, 16, 95, 35;
8, 0, 0, 2684, 3725, 1401, 34, 2, 1;
9, 23, 0, 3487, 4123, 2115, 38, 89, 1;
1, 27, 1, 3829, 4398, 2665, 7, 108, 5;
16, 3, 6, 1804, 3405, 1748, 64, 11, 24;
11, 2, 11, 2776, 4170, 2030, 44, 8, 46;
16, 12, 8, 3596, 3762, 1848, 63, 49, 33;
6, 15, 0, 1862, 3576, 1253, 24, 59, 3;
19, 0, 0, 4232, 3651, 1084, 75, 0, 2;
10, 0, 0, 4273, 2965, 1774, 42, 0, 0;
4, 11, 9, 4304, 5042, 2583, 18, 45, 35;
8, 21, 3, 2763, 4870, 1620, 33, 85, 12;
3, 16, 6, 3707, 3781, 2412, 14, 65, 24;
20, 13, 3, 4412, 5185, 2915, 80, 53, 14;
735, 1025, 447, 5252, 4596, 3121, 2867, 3998, 1747;
715, 970, 484, 5040, 4410, 2992, 2789, 3784, 1889;
594, 834, 415, 4864, 4258, 2896, 2319, 3253, 1619;
592, 833, 421, 4651, 4069, 2761, 2312, 3250, 1642;
581, 876, 430, 4484, 3925, 2668, 2266, 3417, 1678;
637, 832, 352, 4275, 3738, 2530, 2484, 3245, 1375;
465, 819, 330, 4118, 3602, 2442, 1817, 3195, 1287;
593, 688, 362, 3970, 3474, 2359, 2313, 2684, 1414;
414, 757, 353, 3787, 3311, 2240, 1615, 2954, 1378;
417, 779, 326, 3662, 3205, 2176, 1628, 3041, 1271;
434, 643, 277, 3524, 3085, 2096, 1695, 2507, 1082;
431, 669, 261, 3377, 2955, 2005, 1681, 2611, 1018;
458, 708, 306, 3258, 2852, 1939, 1788, 2763, 1195;
418, 704, 262, 3101, 2711, 1834, 1632, 2746, 1025;
358, 689, 248, 2992, 2618, 1775, 1398, 2688, 968;
411, 534, 284, 2899, 2539, 1730, 1603, 2085, 1109;
388, 610, 229, 2769, 2423, 1645, 1514, 2379, 896;
298, 507, 201, 2662, 2330, 1582, 1165, 1980, 785;
300, 631, 239, 2566, 2247, 1529, 1170, 2461, 935;
311, 506, 232, 2470, 2164, 1474, 1214, 1975, 905;
303, 477, 178, 2337, 2042, 1379, 1184, 1860, 696;
330, 548, 195, 2284, 2001, 1364, 1290, 2140, 763;
254, 545, 169, 2198, 1926, 1314, 993, 2128, 660;
299, 544, 182, 2089, 1828, 1240, 1167, 2123, 713;
261, 471, 187, 2005, 1754, 1189, 1020, 1839, 731;
226, 436, 139, 1912, 1671, 1128, 884, 1701, 544;
238, 473, 184, 1863, 1631, 1110, 929, 1845, 719;
240, 481, 174, 1781, 1558, 1057, 937, 1877, 680;
232, 418, 145, 1694, 1480, 999, 908, 1633, 566;
233, 502, 122, 1646, 1440, 978, 911, 1957, 479;
238, 494, 159, 1594, 1397, 952, 928, 1930, 622;
188, 414, 128, 1526, 1336, 909, 736, 1615, 503;
193, 447, 130, 1479, 1297, 887, 756, 1743, 508;
150, 418, 132, 1377, 1202, 808, 588, 1631, 518;
193, 395, 102, 1333, 1164, 786, 754, 1543, 400;
177, 408, 119, 1298, 1136, 772, 691, 1591, 464;
158, 369, 103, 1232, 1077, 727, 619, 1439, 401;
137, 388, 96, 1175, 1026, 690, 536, 1517, 375;
140, 383, 112, 1140, 996, 673, 546, 1495, 437;
128, 371, 75, 1091, 953, 643, 500, 1448, 293;
152, 362, 89, 1082, 950, 652, 595, 1412, 350;
127, 356, 72, 1020, 893, 607, 495, 1388, 283;
128, 378, 95, 996, 874, 599, 502, 1477, 370;
109, 361, 87, 917, 799, 535, 428, 1409, 340;
111, 363, 65, 894, 781, 527, 435, 1418, 254;
96, 334, 76, 845, 737, 493, 375, 1306, 297;
113, 354, 67, 848, 744, 509, 441, 1382, 261;
104, 343, 76, 815, 715, 490, 408, 1341, 298;
88, 335, 63, 787, 691, 475, 343, 1307, 247;
105, 343, 67, 734, 641, 433, 412, 1339, 264;
105, 362, 51, 720, 632, 432, 409, 1413, 202;
86, 337, 47, 661, 576, 384, 338, 1316, 184;
84, 343, 47, 659, 578, 393, 328, 1338, 185;
88, 340, 48, 649, 570, 393, 345, 1327, 187;
83, 336, 49, 625, 550, 379, 326, 1310, 193;
84, 330, 46, 585, 513, 349, 329, 1290, 181;
73, 326, 47, 548, 478, 321, 288, 1274, 183;
75, 321, 43, 512, 445, 294, 294, 1252, 169;
58, 305, 37, 510, 446, 301, 229, 1190, 145;
64, 318, 38, 496, 434, 295, 252, 1242, 150;
51, 300, 35, 453, 394, 260, 199, 1173, 138;
54, 305, 38, 439, 382, 254, 214, 1189, 151;
50, 318, 41, 424, 369, 245, 197, 1241, 160;
64, 303, 32, 429, 376, 257, 250, 1183, 127;
62, 314, 33, 420, 369, 255, 244, 1225, 132;
41, 298, 34, 374, 325, 215, 160, 1164, 136;
53, 314, 32, 390, 343, 238, 210, 1226, 127;
47, 307, 28, 377, 332, 231, 186, 1199, 111;
40, 297, 32, 351, 307, 210, 158, 1158, 127;
43, 300, 29, 311, 270, 176, 170, 1172, 115;
44, 303, 33, 332, 292, 203, 171, 1183, 132;
37, 295, 26, 302, 264, 178, 144, 1152, 102;
39, 282, 19, 279, 242, 160, 154, 1103, 76;
34, 279, 22, 266, 231, 151, 136, 1090, 88;
32, 287, 25, 260, 226, 150, 128, 1121, 98;
32, 291, 15, 237, 205, 131, 126, 1136, 59;
27, 286, 23, 245, 214, 143, 107, 1115, 92;
30, 280, 15, 231, 201, 134, 118, 1094, 60;
27, 278, 17, 219, 190, 125, 108, 1088, 66;
27, 282, 20, 213, 185, 123, 105, 1102, 78;
1, 256, 1, 1, 1, 1, 6, 1000, 3;
1, 256, 0, 0, 0, 0, 5, 1000, 3;
1, 256, 0, 0, 0, 0, 5, 999, 2;
1, 256, 0, 0, 0, 0, 4, 999, 2;
1, 256, 1, 1, 1, 1, 5, 1000, 3;
1, 256, 0, 0, 0, 0, 4, 999, 2;
1, 256, 0, 1, 1, 1, 5, 1000, 3;
1, 256, 0, 0, 0, 0, 5, 1000, 3;
1, 256, 0, 0, 0, 0, 4, 999, 2;
1, 256, 0, -1, -1, -1, 4, 999, 2;
1, 256, 0, 0, 0, 0, 4, 999, 2;
1, 256, 1, 1, 1, 1, 6, 1001, 4;
1, 256, 0, -1, -1, -1, 3, 998, 1;
1, 256, 0, 1, 1, 1, 5, 1000, 3;
1, 256, 0, 1, 1, 1, 5, 1000, 3;
1, 256, 0, 1, 1, 1, 5, 1000, 3;
1, 256, 0, -1, -1, -1, 4, 998, 2;
1, 256, 0, 0, 0, 0, 5, 1000, 3;
1, 256, 0, 0, 0, 0, 5, 1000, 3;
1, 256, 0, 0, 0, 0, 4, 999, 2;
1, 256, 0, -1, -1, -1, 4, 999, 2;
1, 256, 0, 0, 0, 0, 5, 1000, 3;
1, 256, 0, 0, 0, 0, 5, 1000, 3;
1, 256, 0, 0, 0, 0, 4, 999, 2;
1, 256, 1, 1, 1, 1, 5, 1000, 3;
1, 256, 0, 0, 0, 0, 4, 999, 2;
1, 256, 0, -1, -1, -1, 4, 999, 2;
1, 256, 0, -1, -1, -1, 4, 999, 2;
1, 256, 0, 1, 1, 1, 5, 1000, 3;
1, 256, 0, -1, -1, -1, 4, 999, 2;
1, 256, 0, 1, 1, 1, 5, 1000, 3;
1, 256, 0, -1, -1, -1, 4, 998, 2;
1, 256, 0, -1, -1, -1, 4, 998, 2;
1, 256, 0, -1, -1, -1, 4, 999, 2;
1, 256, 0, 0, 0, 0, 4, 999, 2;
1, 256, 0, 0, 0, 0, 5, 1000, 3;
1, 256, 0, 1, 1, 1, 5, 1000, 3;
1, 256, 0, 0, 0, 0, 5, 1000, 3;
1, 256, 0, 0, 0, 0, 4, 999, 2;
1, 256, 0, 1, 1, 1, 5, 1000, 3;
1, 256, 0, 0, 0, 0, 5, 1000, 3;
1, 256, 0, 0, 0, 0, 4, 999, 2;
1, 256, 0, -1, -1, -1, 4, 999, 2;
1, 256, 0, -1, -1, -1, 4, 998, 2;
1, 256, 0, 0, 0, 0, 5, 1000, 3;
1, 256, 0, -1, -1, -1, 4, 999, 2;
1, 256, 0, 0, 0, 0, 5, 1000, 3;
1, 256, 0, 0, 0, 0, 4, 999, 2;
1, 256, 0, 0, 0, 0, 5, 1000, 3;
1, 256, 0, 0, 0, 0, 5, 999, 2;
1, 256, 0, 0, 0, 0, 4, 999, 2;
1, 256, 0, -1, -1, -1, 4, 999, 2;
0, 256, 0, -1, -1, -1, 3, 998, 1;
1, 256, 0, 0, 0, 0, 5, 1000, 3;
1, 256, 0, 0, 0, 0, 5, 999, 2;
1, 256, 0, -1, -1, -1, 4, 999, 2;
1, 256, 1, 1, 1, 1, 5, 1000, 3;
1, 256, 0, 0, 0, 0, 5, 1000, 3;
1, 256, 0, -1, -1, -1, 4, 999, 2;
0, 256, 0, -1, -1, -1, 3, 998, 1;
1, 256, 0, -1, -1, -1, 4, 999, 2;
1, 256, 0, -1, -1, -1, 4, 998, 1;
1, 256, 0, -1, -1, -1, 4, 999, 2;
1, 256, 0, 0, 0, 0, 4, 999, 2;
1, 256, 0, 0, 0, 0, 5, 1000, 3;
1, 256, 0, -1, -1, -1, 4, 999, 2;
1, 256, 0, 0, 0, 0, 4, 999, 2;
1, 256, 1, 1, 1, 1, 6, 1001, 4;
1, 256, 1, 1, 1, 1, 6, 1001, 4;
1, 256, 0, 0, 0, 0, 5, 1000, 3;
1, 256, 0, -1, -1, -1, 4, 999, 2;
1, 256, 0, -1, -1, -1, 4, 998, 2;
1, 256, 0, -1, -1, -1, 4, 999, 2;
1, 256, 0, 0, 0, 0, 4, 999, 2;
1, 256, 0, 0, 0, 0, 5, 1000, 3;
1, 256, 0, 1, 1, 1, 5, 1000, 3;
1, 256, 0, 0, 0, 0, 5, 1000, 3;
1, 256, 0, 0, 0, 0, 4, 999, 2;
1, 256, 0, 1, 1, 1, 5, 1000, 3;
1, 256, 1, 1, 1, 1, 6, 1000, 4;
1, 256, 1, 1, 1, 1, 6, 1001, 4;
1, 256, 0, 1, 1, 1, 5, 1000, 3;
1, 256, 0, -1, -1, -1, 4, 999, 2;
1, 256, 1, 1, 1, 1, 6, 1001, 4;
1, 256, 0, 0, 0, 0, 5, 1000, 3;
1, 256, 0, -1, -1, -1, 3, 998, 1;
1, 256, 0, 0, 0, 0, 5, 1000, 3;
1, 256, 1, 1, 1, 1, 6, 1001, 4;
1, 256, 1, 1, 1, 1, 6, 1001, 4;
1, 256, 1, 1, 1, 1, 6, 1001, 4;
1, 256, 0, 0, 0, 0, 5, 1000, 3;
1, 256, 0, -1, -1, -1, 3, 998, 1;
1, 256, 0, 0, 0, 0, 5, 1000, 3;
1, 256, 0, 0, 0, 0, 5, 1000, 3;
1, 256, 0, 1, 1, 1, 5, 1000, 3;
1, 256, 0, -1, -1, -1, 4, 999, 2;
1, 256, 0, 0, 0, 0, 5, 1000, 3;
1, 256, 0, -1, -1, -1, 4, 999, 2;
1, 256, 0, -1, -1, -1, 4, 999, 2;
1, 256, 0, 1, 1, 1, 5, 1000, 3;
1, 256, 0, 0, 0, 0, 4, 999, 2;
1, 256, 1, 1, 1, 1, 6, 1001, 4;
1, 256, 0, 0, 0, 0, 5, 999, 3;
1, 256, 0, 0, 0, 0, 4, 999, 2;
1, 256, 0, 0, 0, 0, 4, 999, 2;
1, 256, 0, 0, 0, 0, 5, 1000, 3;
1, 256, 0, -1, -1, -1, 4, 999, 2;
1, 256, 0, 0, 0, 0, 5, 1000, 3;
1, 256, 1, 1, 1, 1, 6, 1001, 4;
1, 256, 0, 0, 0, 0, 5, 1000, 3;
1, 256, 1, 1, 1, 1, 6, 1000, 3;
1, 256, 1, 1, 1, 1, 6, 1001, 4;
0, 256, 0, -1, -1, -1, 3, 998, 1;
1, 256, 0, 0, 0, 0, 5, 999, 3;
1, 256, 0, 0, 0, 0, 5, 1000, 3;
1, 256, 0, 0, 0, 0, 5, 1000, 3;
1, 256, 0, 0, 0, 0, 5, 1000, 3;
1, 256, 0, -1, -1, -1, 4, 999, 2;
1, 256, 0, 0, 0, 0, 5, 1000, 3;
1, 256, 0, -1, -1, -1, 4, 999, 2;
1, 256, 0, 0, 0, 0, 5, 1000, 3;
1, 256, 0, 0, 0, 0, 4, 999, 2;
1, 256, 0, -1, -1, -1, 4, 999, 2;
1, 256, 1, 1, 1, 1, 6, 1000, 3;
1, 256, 1, 1, 1, 1, 6, 1001, 4;
1, 256, 0, 0, 0, 0, 5, 999, 3;
1, 256, 0, -1, -1, -1, 4, 999, 2;
1, 256, 0, 0, 0, 0, 4, 999, 2;
1, 256, 0, 1, 1, 1, 5, 1000, 3;
1, 256, 0, -1, -1, -1, 4, 999, 2;
1, 256, 0, 1, 1, 1, 5, 1000, 3;
1, 256, 0, 0, 0, 0, 4, 999, 2;
1, 256, 0, 1, 1, 1, 5, 1000, 3;
1, 256, 0, 1, 1, 1, 5, 1000, 3;
1, 256, 0, -1, -1, -1, 4, 999, 2;
1, 256, 0, -1, -1, -1, 4, 998, 1;
1, 256, 0, -1, -1, -1, 4, 999, 2;
1, 256, 0, 0, 0, 0, 5, 1000, 3;
1, 256, 0, 1, 1, 1, 5, 1000, 3;
1, 256, 0, 0, 0, 0, 5, 1000, 3;
1, 256, 0, 0, 0, 0, 4, 999, 2;
1, 256, 0, 0, 0, 0, 5, 1000, 3;
1, 256, 0, 0, 0, 0, 5, 1000, 3;
1, 256, 0, 1, 1, 1, 5, 1000, 3;
1, 256, 1, 1, 1, 1, 6, 1001, 4;
1, 256, 0, -1, -1, -1, 4, 999, 2;
1, 256, 1, 1, 1, 1, 6, 1000, 4;
1, 256, 0, 0, 0, 0, 4, 999, 2;
1, 256, 1, 1, 1, 1, 6, 1000, 3;
1, 256, 0, 0, 0, 0, 5, 1000, 3;
1, 256, 0, -1, -1, -1, 4, 999, 2;
1, 256, 0, 1, 1, 1, 5, 1000, 3;
1, 256, 0, 0, 0, 0, 4, 999, 2;
1, 256, 0, 0, 0, 0, 4, 999, 2;
1, 256, 0, -1, -1, -1, 4, 999, 2;
1, 256, 0, -1, -1, -1, 4, 999, 2;
1, 256, 0, 0, 0, 0, 4, 999, 2;
1, 256, 0, 0, 0, 0, 4, 999, 2;
1, 256, 0, 0, 0, 0, 5, 1000, 3;
1, 256, 1, 1, 1, 1, 6, 1001, 4;
1, 256, 1, 1, 1, 1, 6, 1001, 4;
1, 256, 0, 0, 0, 0, 4, 999, 2;
1, 256, 0, 0, 0, 0, 4, 999, 2;
1, 256, 0, 0, 0, 0, 4, 999, 2;
1, 256, 0, -1, -1, -1, 4, 999, 2;
1, 256, 1, 1, 1, 1, 6, 1000, 4;
1, 256, 0, 0, 0, 0, 5, 999, 2;
1, 256, 0, -1, -1, -1, 4, 999, 2;
1, 256, 0, 0, 0, 0, 4, 999, 2;
1, 256, 0, 0, 0, 0, 5, 1000, 3;
1, 256, 0, 0, 0, 0, 4, 999, 2;
1, 256, 0, 0, 0, 0, 4, 999, 2;
1, 256, 0, -1, -1, -1, 4, 999, 2;
1, 256, 0, 0, 0, 0, 5, 999, 3;
1, 256, 1, 1, 1, 1, 6, 1000, 3;
1, 256, 0, -1, -1, -1, 4, 998, 2;
1, 256, 0, -1, -1, -1, 4, 999, 2;
1, 256, 1, 1, 1, 1, 6, 1000, 3;
1, 256, 1, 1, 1, 1, 5, 1000, 3;
1, 256, 0, -1, -1, -1, 4, 999, 2;
1, 256, 0, -1, -1, -1, 3, 998, 1;
1, 256, 0, 0, 0, 0, 5, 999, 2;
1, 256, 1, 1, 1, 1, 5, 1000, 3;
1, 256, 1, 1, 1, 1, 6, 1001, 4;
1, 256, 0, 0, 0, 0, 4, 999, 2;
1, 256, 0, 0, 0, 0, 5, 1000, 3;
1, 256, 0, 0, 0, 0, 4, 999, 2;
1, 256, 1, 1, 1, 1, 6, 1001, 4;
1, 256, 1, 1, 1, 1, 5, 1000, 3;
1, 256, 0, 0, 0, 0, 4, 999, 2;
1, 256, 0, 0, 0, 0, 5, 1000, 3;
1, 256, 0, 0, 0, 0, 4, 999, 2;
1, 256, 0, 0, 0, 0, 5, 999, 3;
1, 256, 0, -1, -1, -1, 4, 999, 2;
1, 256, 0, -1, -1, -1, 4, 999, 2;
1, 256, 0, 0, 0, 0, 5, 1000, 3;
1, 256, 0, -1, -1, -1, 4, 999, 2;
1, 256, 0, 0, 0, 0, 4, 999, 2;
1, 256, 0, 0, 0, 0, 4, 999, 2;
1, 256, 0, 0, 0, 0, 5, 1000, 3;
1, 256, 0, 0, 0, 0, 4, 999, 2;
1, 256, 0, -1, -1, -1, 4, 999, 2;
1, 256, 0, 0, 0, 0, 4, 999, 2;
1, 256, 0, 0, 0, 0, 4, 999, 2;
1, 256, 1, 1, 1, 1, 6, 1001, 4;
1, 256, 0, 0, 0, 0, 5, 1000, 3;
1, 256, 1, 1, 1, 1, 6, 1000, 4;
1, 256, 1, 1, 1, 1, 6, 1001, 4;
1, 256, 0, -1, -1, -1, 4, 999, 2;
1, 256, 0, 1, 1, 1, 5, 1000, 3;
1, 256, 0, 0, 0, 0, 5, 1000, 3;
1, 256, 0, -1, -1, -1, 4, 999, 2;
1, 256, 1, 1, 1, 1, 6, 1000, 3;
1, 256, 0, 0, 0, 0, 4, 999, 2;
1, 256, 0, 0, 0, 0, 4, 999, 2;
1, 256, 0, 0, 0, 0, 5, 1000, 3;
1, 256, 1, 1, 1, 1, 6, 1001, 4;
1, 256, 0, 1, 1, 1, 5, 1000, 3;
1, 256, 0, 0, 0, 0, 5, 1000, 3;
1, 256, 0, 1, 1, 1, 5, 1000, 3;
0, 256, 0, -1, -1, -1, 3, 998, 1;
1, 256, 0, 0, 0, 0, 5, 1000, 3;
1, 256, 0, -1, -1, -1, 4, 999, 2;
1, 256, 0, 0, 0, 0, 4, 999, 2;
1, 256, 0, 0, 0, 0, 4, 999, 2;
1, 256, 0, -1, -1, -1, 4, 999, 2;
1, 256, 0, 0, 0, 0, 4, 999, 2;
1, 256, 0, 0, 0, 0, 5, 1000, 3;
1, 256, 0, 0, 0, 0, 5, 1000, 3;
1, 256, 0, 0, 0, 0, 5, 1000, 3;
1, 256, 0, -1, -1, -1, 4, 999, 2;
1, 256, 0, 0, 0, 0, 4, 999, 2;
1, 256, 0, 0, 0, 0, 4, 999, 2;
1, 256, 0, -1, -1, -1, 4, 999, 2;
1, 256, 0, 0, 0, 0, 5, 1000, 3;
1, 256, 1, 1, 1, 1, 6, 1000, 3;
1, 256, 1, 1, 1, 1, 6, 1001, 4;
1, 256, 0, -1, -1, -1, 4, 999, 2;
1, 256, 0, 1, 1, 1, 5, 1000, 3;
1, 256, 1, 1, 1, 1, 5, 1000, 3;
1, 256, 0, 0, 0, 0, 5, 1000, 3;
1, 256, 0, -1, -1, -1, 4, 998, 2;
1, 256, 0, 0, 0, 0, 4, 999, 2;
1, 256, 0, -1, -1, -1, 4, 999, 2;
1, 256, 0, 0, 0, 0, 5, 1000, 3;
1, 256, 0, 0, 0, 0, 4, 999, 2;
1, 256, 1, 1, 1, 1, 6, 1000, 4;
1, 256, 0, 0, 0, 0, 5, 1000, 3;
1, 256, 1, 1, 1, 1, 6, 1001, 4;
1, 256, 0, -1, -1, -1, 4, 999, 2;
1, 256, 0, 0, 0, 0, 4, 999, 2;
1, 256, 0, 0, 0, 0, 5, 1000, 3;
1, 256, 0, 0, 0, 0, 5, 1000, 3;
1, 256, 0, 0, 0, 0, 4, 999, 2;
1, 256, 0, -1, -1, -1, 4, 999, 2;
1, 256, 0, 0, 0, 0, 4, 999, 2;
1, 256, 0, 0, 0, 0, 5, 999, 3;
1, 256, 0, -1, -1, -1, 4, 999, 2;
1, 256, 0, 0, 0, 0, 4, 999, 2;
1, 256, 0, -1, -1, -1, 3, 998, 1;
1, 256, 0, 0, 0, 0, 5, 999, 3;
1, 256, 0, 0, 0, 0, 5, 1000, 3;
1, 256, 1, 1, 1, 1, 6, 1001, 4;
1, 256, 0, 1, 1, 1, 5, 1000, 3;
1, 256, 0, 0, 0, 0, 4, 999, 2;
1, 256, 0, 0, 0, 0, 5, 1000, 3;
1, 256, 0, 0, 0, 0, 5, 1000, 3;
1, 256, 0, -1, -1, -1, 4, 999, 2;
1, 256, 0, 1, 1, 1, 5, 1000, 3;
1, 256, 0, 1, 1, 1, 5, 1000, 3;
1, 256, 0, 0, 0, 0, 4, 999, 2;
1, 256, 0, 0, 0, 0, 4, 999, 2;
1, 256, 1, 1, 1, 1, 6, 1001, 4;
1, 256, 0, 0, 0, 0, 5, 1000, 3;
1, 256, 1, 1, 1, 1, 6, 1001, 4;
1, 256, 0, 0, 0, 0, 5, 1000, 3;
1, 256, 0, -1, -1, -1, 4, 999, 2;
1, 256, 1, 1, 1, 1, 6, 1000, 4;
1, 256, 0, 0, 0, 0, 5, 999, 3;
1, 256, 0, -1, -1, -1, 4, 998, 2;
1, 256, 0, 1, 1, 1, 5, 1000, 3;
1, 256, 0, 0, 0, 0, 5, 1000, 3;
1, 256, 0, -1, -1, -1, 4, 998, 2;
1, 256, 0, 0, 0, 0, 4, 999, 2;
1, 256, 0, 0, 0, 0, 4, 999, 2;
1, 256, 0, -1, -1, -1, 4, 999, 2;
1, 256, 0, 0, 0, 0, 5, 999, 3;
1, 256, 0, 0, 0, 0, 5, 1000, 3;
1, 256, 1, 1, 1, 1, 6, 1001, 4;
1, 256, 0, 0, 0, 0, 5, 1000, 3;
1, 256, 0, 0, 0, 0, 5, 1000, 3;
1, 256, 0, 0, 0, 0, 4, 999, 2;
1, 256, 0, 1, 1, 1, 5, 1000, 3;
1, 256, 1, 1, 1, 1, 6, 1001, 4;
1, 256, 1, 1, 1, 1, 6, 1000, 3;
1, 256, 0, 1, 1, 1, 5, 1000, 3;
1, 256, 0, -1, -1, -1, 4, 999, 2;
1, 256, 0, -1, -1, -1, 3, 998, 1;
1, 256, 0, 0, 0, 0, 5, 1000, 3;
1, 256, 0, 1, 1, 1, 5, 1000, 3;
1, 256, 1, 1, 1, 1, 5, 1000, 3;
1, 256, 1, 1, 1, 1, 6, 1000, 3;
1, 256, 0, -1, -1, -1, 4, 999, 2;
1, 256, 0, 0, 0, 0, 4, 999, 2;
1, 256, 0, 0, 0, 0, 5, 1000, 3;
1, 256, 0, 1, 1, 1, 5, 1000, 3;
1, 256, 0, 0, 0, 0, 5, 1000, 3;
1, 256, 0, -1, -1, -1, 4, 999, 2;
1, 256, 1, 1, 1, 1, 6, 1001, 4;
1, 256, 1, 1, 1, 1, 6, 1000, 4;
1, 256, 1, 1, 1, 1, 5, 1000, 3;
1, 256, 0, 0, 0, 0, 4, 999, 2;
1, 256, 0, 0, 0, 0, 4, 999, 2;
1, 256, 0, 1, 1, 1, 5, 1000, 3;
1, 256, 0, 1, 1, 1, 5, 1000, 3;
1, 256, 0, -1, -1, -1, 4, 999, 2;
1, 256, 0, 0, 0, 0, 5, 1000, 3;
1, 256, 0, 0, 0, 0, 5, 1000, 3;
1, 256, 1, 1, 1, 1, 6, 1001, 4;
0, 256, 0, -1, -1, -1, 3, 998, 1;
1, 256, 0, -1, -1, -1, 4, 998, 1;
1, 256, 0, -1, -1, -1, 4, 999, 2;
1, 256, 0, 0, 0, 0, 4, 999, 2;
1, 256, 0, -1, -1, -1, 4, 999, 2;
1, 256, 0, 0, 0, 0, 5, 1000, 3;
1, 256, 0, -1, -1, -1, 4, 998, 1;
1, 256, 0, 0, 0, 0, 5, 1000, 3;
1, 256, 0, 1, 1, 1, 5, 1000, 3;
1, 256, 0, 0, 0, 0, 4, 999, 2;
1, 256, 0, 0, 0, 0, 5, 1000, 3;
1, 256, 0, 0, 0, 0, 5, 1000, 3;
1, 256, 0, 0, 0, 0, 4, 999, 2;
1, 256, 0, -1, -1, -1, 4, 998, 2;
1, 256, 0, 0, 0, 0, 4, 999, 2;
1, 256, 0, 1, 1, 1, 5, 1000, 3;
1, 256, 0, -1, -1, -1, 4, 999, 2;
1, 256, 0, 0, 0, 0, 4, 999, 2;
1, 256, 0, 1, 1, 1, 5, 1000, 3;
1, 256, 1, 1, 1, 1, 6, 1001, 4;
1, 256, 0, -1, -1, -1, 4, 999, 2;
1, 256, 0, 0, 0, 0, 5, 1000, 3;
1, 256, 0, -1, -1, -1, 4, 999, 2;
1, 256, 0, -1, -1, -1, 4, 999, 2;
1, 256, 0, -1, -1, -1, 4, 999, 2;
1, 256, 0, 0, 0, 0, 5, 1000, 3;
1, 256, 0, 0, 0, 0, 5, 1000, 3;
1, 256, 0, 1, 1, 1, 5, 1000, 3;
1, 256, 0, -1, -1, -1, 4, 998, 2;
1, 256, 1, 1, 1, 1, 6, 1001, 4;
1, 256, 1, 1, 1, 1, 6, 1001, 4;
1, 256, 0, -1, -1, -1, 4, 999, 2;
1, 256, 1, 1, 1, 1, 6, 1000, 3;
1, 256, 0, 1, 1, 1, 5, 1000, 3;
1, 256, 0, 0, 0, 0, 4, 999, 2;
1, 256, 0, -1, -1, -1, 3, 998, 1;
1, 256, 0, 0, 0, 0, 5, 1000, 3;
1, 256, 0, 0, 0, 0, 5, 1000, 3;
1, 256, 0, -1, -1, -1, 4, 999, 2;
1, 256, 0, -1, -1, -1, 4, 999, 2;
1, 256, 1, 1, 1, 1, 5, 1000, 3;
1, 256, 1, 1, 1, 1, 6, 1000, 4;
1, 256, 0, 0, 0, 0, 4, 999, 2;
1, 256, 0, -1, -1, -1, 4, 999, 2;
1, 256, 0, 0, 0, 0, 5, 1000, 3;
1, 256, 0, 0, 0, 0, 4, 999, 2;
1, 256, 0, -1, -1, -1, 4, 999, 2;
1, 256, 0, 0, 0, 0, 5, 1000, 3;
1, 256, 0, 0, 0, 0, 4, 999, 2;
1, 256, 0, 1, 1, 1, 5, 1000, 3;
1, 256, 0, 1, 1, 1, 5, 1000, 3;
1, 256, 0, -1, -1, -1, 4, 999, 2;
1, 256, 0, -1, -1, -1, 4, 999, 2;
1, 256, 0, 0, 0, 0, 5, 999, 2;
1, 256, 1, 1, 1, 1, 6, 1001, 4;
1, 256, 0, 0, 0, 0, 4, 999, 2;
1, 256, 0, 0, 0, 0, 5, 1000, 3;
1, 256, 1, 1, 1, 1, 6, 1001, 4;
0, 256, 0, -1, -1, -1, 3, 998, 1;
1, 256, 0, 0, 0, 0, 4, 999, 2;
1, 256, 0, 0, 0, 0, 4, 999, 2;
1, 256, 0, 0, 0, 0, 5, 1000, 3;
1, 256, 0, 0, 0, 0, 5, 1000, 3;
1, 256, 0, 1, 1, 1, 5, 1000, 3;
1, 256, 0, -1, -1, -1, 3, 998, 1;
1, 256, 0, -1, -1, -1, 4, 999, 2;
1, 256, 1, 1, 1, 1, 6, 1000, 4;
1, 256, 1, 1, 1, 1, 6, 1001, 4;
1, 256, 0, -1, -1, -1, 4, 998, 2;
1, 256, 0, 0, 0, 0, 4, 999, 2;
1, 256, 0, -1, -1, -1, 4, 998, 2;
1, 256, 0, -1, -1, -1, 4, 999, 2;
0, 256, 0, -1, -1, -1, 3, 998, 1;
1, 256, 0, -1, -1, -1, 3, 998, 1;
1, 256, 0, 0, 0, 0, 5, 1000, 3;
1, 256, 0, -1, -1, -1, 4, 999, 2;
1, 256, 1, 1, 1, 1, 6, 1000, 4;
1, 256, 0, 0, 0, 0, 4, 999, 2;
1, 256, 0, 0, 0, 0, 5, 999, 3;
1, 256, 0, 0, 0, 0, 5, 999, 2;
1, 256, 0, -1, -1, -1, 4, 999, 2;
1, 256, 1, 1, 1, 1, 6, 1001, 4;
1, 256, 0, 0, 0, 0, 5, 1000, 3;
1, 256, 0, 0, 0, 0, 5, 1000, 3;
1, 256, 0, 0, 0, 0, 5, 1000, 3;
1, 256, 0, -1, -1, -1, 4, 999, 2;
1, 256, 1, 1, 1, 1, 5, 1000, 3;
1, 256, 0, -1, -1, -1, 4, 999, 2;
1, 256, 0, 0, 0, 0, 4, 999, 2;
1, 256, 0, -1, -1, -1, 4, 999, 2;
1, 256, 0, 0, 0, 0, 4, 999, 2;
1, 256, 0, 0, 0, 0, 4, 999, 2;
1, 256, 0, 0, 0, 0, 5, 1000, 3;
1, 256, 1, 1, 1, 1, 6, 1000, 4;
1, 256, 0, -1, -1, -1, 4, 999, 2;
1, 256, 0, 0, 0, 0, 4, 999, 2;
1, 256, 0, -1, -1, -1, 4, 999, 2;
1, 256, 0, -1, -1, -1, 4, 999, 2;
1, 256, 0, 0, 0, 0, 4, 999, 2;
1, 256, 1, 1, 1, 1, 6, 1001, 4;
1, 256, 0, 0, 0, 0, 5, 1000, 3;
1, 256, 0, 0, 0, 0, 5, 1000, 3;
1, 256, 0, -1, -1, -1, 3, 998, 1;
1, 256, 0, 0, 0, 0, 4, 999, 2;
1, 256, 0, 0, 0, 0, 4, 999, 2;
1, 256, 0, 0, 0, 0, 5, 1000, 3;
1, 256, 1, 1, 1, 1, 6, 1001, 4;
1, 256, 0, 1, 1, 1, 5, 1000, 3;
1, 256, 0, 0, 0, 0, 5, 1000, 3;
1, 256, 1, 1, 1, 1, 5, 1000, 3;
1, 256, 0, -1, -1, -1, 3, 998, 1;
1, 256, 0, 0, 0, 0, 4, 999, 2;
1, 256, 0, 1, 1, 1, 5, 1000, 3;
1, 256, 0, 0, 0, 0, 4, 999, 2;
1, 256, 0, 0, 0, 0, 4, 999, 2;
1, 256, 0, 0, 0, 0, 4, 999, 2;
1, 256, 0, -1, -1, -1, 4, 999, 2;
1, 256, 0, 0, 0, 0, 4, 999, 2;
1, 256, 0, 0, 0, 0, 5, 1000, 3;
1, 256, 0, 0, 0, 0, 4, 999, 2;
1, 256, 0, 0, 0, 0, 5, 999, 2;
1, 256, 0, -1, -1, -1, 4, 998, 1;
1, 256, 0, -1, -1, -1, 4, 998, 2;
1, 256, 0, 0, 0, 0, 5, 1000, 3;
1, 256, 0, 0, 0, 0, 4, 999, 2;
1, 256, 0, 0, 0, 0, 5, 1000, 3;
1, 256, 0, 0, 0, 0, 5, 1000, 3;
1, 256, 0, 1, 1, 1, 5, 1000, 3;
1, 256, 0, 1, 1, 1, 5, 1000, 3;
1, 256, 0, -1, -1, -1, 4, 999, 2;
1, 256, 0, -1, -1, -1, 4, 999, 2;
1, 256, 0, 0, 0, 0, 4, 999, 2;
1, 256, 0, 0, 0, 0, 5, 1000, 3;
1, 256, 1, 1, 1, 1, 6, 1000, 3;
1, 256, 1, 1, 1, 1, 6, 1000, 4;
1, 256, 0, -1, -1, -1, 4, 999, 2;
1, 256, 0, 0, 0, 0, 5, 1000, 3;
1, 256, 0, 0, 0, 0, 5, 1000, 3;
1, 256, 0, 0, 0, 0, 5, 1000, 3;
1, 256, 0, -1, -1, -1, 4, 999, 2;
1, 256, 0, 0, 0, 0, 4, 999, 2;
1, 256, 0, 0, 0, 0, 5, 999, 3;
1, 256, 0, -1, -1, -1, 4, 998, 2;
1, 256, 0, 0, 0, 0, 5, 1000, 3;
1, 256, 0, 1, 1, 1, 5, 1000, 3;
1, 256, 0, -1, -1, -1, 4, 999, 2;
1, 256, 0, 0, 0, 0, 4, 999, 2;
1, 256, 0, 0, 0, 0, 4, 999, 2;
1, 256, 0, 1, 1, 1, 5, 1000, 3;
1, 256, 0, 0, 0, 0, 4, 999, 2;
0, 256, 0, -1, -1, -1, 3, 998, 1;
1, 256, 1, 1, 1, 1, 6, 1001, 4;
1, 256, 0, -1, -1, -1, 4, 999, 2;
1, 256, 0, 1, 1, 1, 5, 1000, 3;
1, 256, 0, 0, 0, 0, 5, 1000, 3;
1, 256, 0, -1, -1, -1, 4, 999, 2;
1, 256, 0, -1, -1, -1, 4, 998, 2;
1, 256, 0, 1, 1, 1, 5, 1000, 3;
1, 256, 0, 0, 0, 0, 4, 999, 2;
1, 256, 1, 1, 1, 1, 6, 1000, 4;
1, 256, 1, 1, 1, 1, 5, 1000, 3;
1, 256, 0, 0, 0, 0, 5, 1000, 3;
1, 256, 0, -1, -1, -1, 3, 998, 1;
1, 256, 0, 0, 0, 0, 4, 999, 2;
1, 256, 0, -1, -1, -1, 4, 998, 2;
1, 256, 0, 0, 0, 0, 5, 1000, 3;
1, 256, 0, 0, 0, 0, 5, 1000, 3;
1, 256, 0, 0, 0, 0, 4, 999, 2;
1, 256, 0, 0, 0, 0, 5, 1000, 3;
1, 256, 1, 1, 1, 1, 6, 1001, 4;
1, 256, 0, 0, 0, 0, 5, 1000, 3;
1, 256, 0, 0, 0, 0, 4, 999, 2;
1, 256, 0, -1, -1, -1, 4, 999, 2;
1, 256, 0, 0, 0, 0, 4, 999, 2;
0, 256, 0, -1, -1, -1, 3, 998, 1;
1, 256, 0, 0, 0, 0, 4, 999, 2;
1, 256, 0, 1, 1, 1, 5, 1000, 3;
1, 256, 0, 0, 0, 0, 4, 999, 2;
1, 256, 0, 0, 0, 0, 5, 999, 2;
1, 256, 0, 0, 0, 0, 5, 1000, 3;
1, 256, 0, 0, 0, 0, 4, 999, 2;
1, 256, 0, 0, 0, 0, 4, 999, 2;
1, 256, 0, 0, 0, 0, 4, 999, 2;
1, 256, 0, 0, 0, 0, 4, 999, 2;
1, 256, 0, -1, -1, -1, 4, 999, 2;
1, 256, 0, 0, 0, 0, 4, 999, 2;
1, 256, 0, 0, 0, 0, 5, 1000, 3;
1, 256, 1, 1, 1, 1, 5, 1000, 3;
1, 256, 0, -1, -1, -1, 3, 998, 1;
1, 256, 0, 0, 0, 0, 5, 1000, 3;
1, 256, 1, 1, 1, 1, 6, 1001, 4;
1, 256, 0, -1, -1, -1, 4, 999, 2;
1, 256, 0, 0, 0, 0, 4, 999, 2;
1, 256, 0, 0, 0, 0, 4, 999, 2;
1, 256, 0, -1, -1, -1, 4, 999, 2;
1, 256, 0, 0, 0, 0, 5, 1000, 3;
1, 256, 0, -1, -1, -1, 3, 998, 1;
1, 256, 0, 0, 0, 0, 5, 999, 3;
1, 256, 0, 0, 0, 0, 5, 1000, 3;
1, 256, 1, 1, 1, 1, 6, 1001, 4;
1, 256, 0, -1, -1, -1, 4, 999, 2;
1, 256, 0, 0, 0, 0, 4, 999, 2;
1, 256, 0, -1, -1, -1, 4, 999, 2;
1, 256, 0, 1, 1, 1, 5, 1000, 3;
1, 256, 0, 0, 0, 0, 5, 1000, 3;
1, 256, 0, -1, -1, -1, 4, 998, 2;
1, 256, 0, -1, -1, -1, 3, 998, 1;
1, 256, 1, 1, 1, 1, 6, 1001, 4;
1, 256, 0, 0, 0, 0, 4, 999, 2;
1, 256, 0, 0, 0, 0, 5, 1000, 3;
1, 256, 0, 0, 0, 0, 4, 999, 2;
1, 256, 0, 0, 0, 0, 5, 1000, 3;
0, 256, 0, -1, -1, -1, 3, 998, 1;
1, 256, 0, 0, 0, 0, 4, 999, 2;
1, 256, 0, 0, 0, 0, 5, 1000, 3;
1, 256, 0, 0, 0, 0, 5, 1000, 3;
1, 256, 0, -1, -1, -1, 4, 999, 2;
1, 256, 0, 1, 1, 1, 5, 1000, 3;
1, 256, 0, 0, 0, 0, 4, 999, 2;
0, 256, 0, -1, -1, -1, 3, 998, 1;
1, 256, 0, 0, 0, 0, 5, 1000, 3;
1, 256, 0, -1, -1, -1, 4, 999, 2;
1, 256, 1, 1, 1, 1, 5, 1000, 3;
1, 256, 0, 1, 1, 1, 5, 1000, 3;
1, 256, 1, 1, 1, 1, 6, 1001, 4;
1, 256, 0, 0, 0, 0, 5, 1000, 3;
1, 256, 0, -1, -1, -1, 3, 998, 1;
1, 256, 0, 1, 1, 1, 5, 1000, 3;
1, 256, 0, 0, 0, 0, 5, 1000, 3;
1, 256, 0, 0, 0, 0, 5, 1000, 3;
1, 256, 0, 0, 0, 0, 5, 999, 3;
1, 256, 0, -1, -1, -1, 4, 999, 2;
1, 256, 0, 0, 0, 0, 4, 999, 2;
1, 256, 0, 1, 1, 1, 5, 1000, 3;
1, 256, 0, 1, 1, 1, 5, 1000, 3;
1, 256, 0, -1, -1, -1, 4, 998, 2;
1, 256, 0, 0, 0, 0, 5, 1000, 3;
1, 256, 0, -1, -1, -1, 4, 998, 1;
1, 256, 0, 0, 0, 0, 5, 1000, 3;
1, 256, 0, 0, 0, 0, 5, 999, 3;
1, 256, 0, 0, 0, 0, 4, 999, 2;
1, 256, 0, 0, 0, 0, 4, 999, 2;
1, 256, 0, 0, 0, 0, 4, 999, 2;
1, 256, 0, 0, 0, 0, 5, 999, 3;
1, 256, 0, 0, 0, 0, 4, 999, 2;
1, 256, 0, 0, 0, 0, 5, 1000, 3;
1, 256, 1, 1, 1, 1, 6, 1001, 4;
1, 256, 1, 1, 1, 1, 5, 1000, 3;
1, 256, 0, 0, 0, 0, 4, 999, 2;
1, 256, 0, 0, 0, 0, 5, 1000, 3;
1, 256, 0, 0, 0, 0, 4, 999, 2;
1, 256, 0, 1, 1, 1, 5, 1000, 3;
1, 256, 0, 0, 0, 0, 4, 999, 2;
1, 256, 0, 0, 0, 0, 4, 999, 2;
1, 256, 0, 0, 0, 0, 4, 999, 2;
1, 256, 0, 0, 0, 0, 5, 1000, 3;
1, 256, 1, 1, 1, 1, 6, 1001, 4;
1, 256, 0, 0, 0, 0, 4, 999, 2;
1, 256, 0, -1, -1, -1, 3, 998, 1;
1, 256, 0, 0, 0, 0, 5, 1000, 3;
1, 256, 0, 0, 0, 0, 4, 999, 2;
1, 256, 0, -1, -1, -1, 3, 998, 1;
1, 256, 0, -1, -1, -1, 4, 998, 2;
1, 256, 1, 1, 1, 1, 6, 1001, 4;
1, 256, 0, -1, -1, -1, 4, 998, 2;
1, 256, 0, 0, 0, 0, 4, 999, 2;
1, 256, 0, 0, 0, 0, 4, 999, 2;
1, 256, 0, -1, -1, -1, 4, 999, 2;
1, 256, 0, 1, 1, 1, 5, 1000, 3;
1, 256, 0, 0, 0, 0, 4, 999, 2;
1, 256, 0, -1, -1, -1, 4, 999, 2;
1, 256, 0, 0, 0, 0, 4, 999, 2;
1, 256, 0, 0, 0, 0, 5, 1000, 3;
1, 256, 0, 0, 0, 0, 5, 999, 2;
0, 256, 0, -1, -1, -1, 3, 998, 1;
1, 256, 0, 0, 0, 0, 4, 999, 2;
1, 256, 0, 0, 0, 0, 5, 1000, 3;
1, 256, 0, 0, 0, 0, 5, 1000, 3;
1, 256, 1, 1, 1, 1, 6, 1000, 4;
1, 256, 1, 1, 1, 1, 6, 1001, 4;
1, 256, 0, -1, -1, -1, 4, 999, 2;
1, 256, 0, 1, 1, 1, 5, 1000, 3;
1, 256, 0, 0, 0, 0, 5, 999, 3;
1, 256, 0, 1, 1, 1, 5, 1000, 3;
1, 256, 0, 0, 0, 0, 4, 999, 2;
1, 256, 0, 0, 0, 0, 4, 999, 2;
1, 256, 0, 1, 1, 1, 5, 1000, 3;
1, 256, 0, 0, 0, 0, 4, 999, 2;
1, 256, 0, 0, 0, 0, 5, 1000, 3;
1, 256, 1, 1, 1, 1, 6, 1001, 4;
1, 256, 0, 1, 1, 1, 5, 1000, 3;
1, 256, 0, 1, 1, 1, 5, 1000, 3;
1, 256, 0, 0, 0, 0, 5, 1000, 3;
1, 256, 0, 0, 0, 0, 5, 1000, 3;
1, 256, 0, 1, 1, 1, 5, 1000, 3;
1, 256, 0, 0, 0, 0, 5, 1000, 3;
1, 256, 0, 0, 0, 0, 5, 1000, 3;
1, 256, 0, 0, 0, 0, 5, 1000, 3;
1, 256, 0, 0, 0, 0, 5, 1000, 3;
1, 256, 0, 0, 0, 0, 5, 1000, 3;
1, 256, 0, 0, 0, 0, 5, 999, 2;
1, 256, 0, 0, 0, 0, 5, 1000, 3;
1, 256, 0, -1, -1, -1, 4, 999, 2;
1, 256, 0, 0, 0, 0, 4, 999, 2;
1, 256, 1, 1, 1, 1, 6, 1000, 4;
1, 256, 1, 1, 1, 1, 6, 1001, 4;
1, 256, 0, 0, 0, 0, 5, 1000, 3;
1, 256, 0, 0, 0, 0, 4, 999, 2;
1, 256, 0, 0, 0, 0, 4, 999, 2;
1, 256, 0, 1, 1, 1, 5, 1000, 3;
1, 256, 0, 0, 0, 0, 5, 1000, 3;
1, 256, 0, -1, -1, -1, 4, 999, 2;
1, 256, 1, 1, 1, 1, 6, 1000, 4;
1, 256, 1, 1, 1, 1, 6, 1001, 4;
1, 256, 0, 0, 0, 0, 5, 999, 2;
1, 256, 0, 0, 0, 0, 4, 999, 2;
1, 256, 1, 1, 1, 1, 5, 1000, 3;
1, 256, 0, 0, 0, 0, 4, 999, 2;
1, 256, 0, 0, 0, 0, 4, 999, 2;
1, 256, 0, -1, -1, -1, 4, 999, 2;
1, 256, 0, 0, 0, 0, 5, 1000, 3;
1, 256, 0, 0, 0, 0, 4, 999, 2;
1, 256, 0, -1, -1, -1, 4, 999, 2;
1, 256, 0, 1, 1, 1, 5, 1000, 3;
1, 256, 0, 0, 0, 0, 4, 999, 2;
1, 256, 1, 1, 1, 1, 5, 1000, 3;
1, 256, 0, -1, -1, -1, 3, 998, 1;
1, 256, 0, 0, 0, 0, 5, 1000, 3;
1, 256, 0, 0, 0, 0, 5, 1000, 3;
1, 256, 1, 1, 1, 1, 6, 1000, 4;
1, 256, 1, 1, 1, 1, 6, 1001, 4;
1, 256, 0, 1, 1, 1, 5, 1000, 3;
1, 256, 0, 0, 0, 0, 4, 999, 2;
1, 256, 0, 0, 0, 0, 5, 1000, 3;
1, 256, 0, 0, 0, 0, 4, 999, 2;
1, 256, 0, 1, 1, 1, 5, 1000, 3;
1, 256, 0, 1, 1, 1, 5, 1000, 3;
1, 256, 0, -1, -1, -1, 4, 999, 2;
1, 256, 1, 1, 1, 1, 5, 1000, 3;
1, 256, 0, 0, 0, 0, 5, 1000, 3;
1, 256, 0, 0, 0, 0, 5, 1000, 3;
1, 256, 0, 0, 0, 0, 4, 999, 2;
1, 256, 0, 1, 1, 1, 5, 1000, 3;
1, 256, 0, 0, 0, 0, 4, 999, 2;
1, 256, 1, 1, 1, 1, 6, 1001, 4;
1, 256, 0, 0, 0, 0, 4, 999, 2;
1, 256, 0, 0, 0, 0, 5, 1000, 3;
1, 256, 0, 0, 0, 0, 5, 1000, 3;
1, 256, 0, 1, 1, 1, 5, 1000, 3;
1, 256, 1, 1, 1, 1, 5, 1000, 3;
1, 256, 0, -1, -1, -1, 4, 999, 2;
1, 256, 0, -1, -1, -1, 4, 999, 2;
1, 256, 0, -1, -1, -1, 4, 999, 2;
1, 256, 0, 1, 1, 1, 5, 1000, 3;
1, 256, 1, 1, 1, 1, 6, 1000, 3;
1, 256, 0, -1, -1, -1, 4, 999, 2;
1, 256, 0, 0, 0, 0, 4, 999, 2;
1, 256, 0, 0, 0, 0, 5, 1000, 3;
1, 256, 0, 0, 0, 0, 4, 999, 2;
1, 256, 1, 1, 1, 1, 6, 1001, 4;
1, 256, 0, 0, 0, 0, 4, 999, 2;
1, 256, 0, 0, 0, 0, 5, 1000, 3;
1, 256, 0, -1, -1, -1, 4, 998, 1;
1, 256, 0, 1, 1, 1, 5, 1000, 3;
1, 256, 0, 1, 1, 1, 5, 1000, 3;
1, 256, 0, 0, 0, 0, 5, 1000, 3;
1, 256, 1, 1, 1, 1, 6, 1000, 4;
1, 256, 0, 0, 0, 0, 5, 1000, 3;
1, 256, 0, 0, 0, 0, 5, 1000, 3;
1, 256, 0, 0, 0, 0, 5, 1000, 3;
1, 256, 0, 0, 0, 0, 5, 1000, 3;
1, 256, 0, 1, 1, 1, 5, 1000, 3;
1, 256, 0, 0, 0, 0, 5, 1000, 3;
1, 256, 0, 0, 0, 0, 4, 999, 2;
1, 256, 0, 0, 0, 0, 5, 1000, 3;
1, 256, 1, 1, 1, 1, 6, 1000, 4;
1, 256, 0, 0, 0, 0, 5, 1000, 3;
1, 256, 0, 0, 0, 0, 4, 999, 2;
1, 256, 0, 0, 0, 0, 5, 999, 2;
1, 256, 0, -1, -1, -1, 3, 998, 1;
1, 256, 0, 0, 0, 0, 4, 999, 2;
1, 256, 0, 0, 0, 0, 5, 1000, 3;
1, 256, 0, 0, 0, 0, 5, 999, 2;
1, 256, 1, 1, 1, 1, 6, 1001, 4;
1, 256, 0, 1, 1, 1, 5, 1000, 3;
1, 256, 0, 0, 0, 0, 5, 1000, 3;
1, 256, 1, 1, 1, 1, 6, 1001, 4;
1, 256, 0, 0, 0, 0, 5, 1000, 3;
1, 256, 0, 0, 0, 0, 5, 1000, 3;
1, 256, 0, 0, 0, 0, 5, 999, 2;
1, 256, 0, 0, 0, 0, 5, 1000, 3;
1, 256, 0, 0, 0, 0, 5, 999, 2;
1, 256, 0, -1, -1, -1, 3, 998, 1;
1, 256, 0, 0, 0, 0, 5, 999, 3;
1, 256, 0, 0, 0, 0, 5, 1000, 3;
1, 256, 0, 0, 0, 0, 4, 999, 2;
1, 256, 0, -1, -1, -1, 4, 998, 1;
1, 256, 0, 1, 1, 1, 5, 1000, 3;
1, 256, 0, 0, 0, 0, 4, 999, 2;
1, 256, 0, 0, 0, 0, 5, 1000, 3;
1, 256, 0, 0, 0, 0, 4, 999, 2;
1, 256, 0, 1, 1, 1, 5, 1000, 3;
1, 256, 0, -1, -1, -1, 4, 999, 2;
1, 256, 0, 0, 0, 0, 4, 999, 2;
1, 256, 0, 0, 0, 0, 4, 999, 2;
1, 256, 0, 0, 0, 0, 5, 1000, 3;
1, 256, 1, 1, 1, 1, 6, 1001, 4;
1, 256, 1, 1, 1, 1, 6, 1000, 3;
1, 256, 0, -1, -1, -1, 4, 998, 1;
1, 256, 0, 0, 0, 0, 4, 999, 2;
1, 256, 0, -1, -1, -1, 4, 999, 2;
1, 256, 0, 1, 1, 1, 5, 1000, 3;
1, 256, 0, 0, 0, 0, 5, 999, 3;
1, 256, 0, 0, 0, 0, 4, 999, 2;
1, 256, 1, 1, 1, 1, 5, 1000, 3;
1, 256, 0, 0, 0, 0, 5, 1000, 3;
1, 256, 0, 1, 1, 1, 5, 1000, 3;
1, 256, 0, -1, -1, -1, 4, 999, 2;
1, 256, 0, -1, -1, -1, 4, 999, 2;
1, 256, 0, 0, 0, 0, 4, 999, 2;
1, 256, 1, 1, 1, 1, 6, 1001, 4;
1, 256, 0, -1, -1, -1, 4, 999, 2;
1, 256, 0, 0, 0, 0, 5, 1000, 3;
1, 256, 0, 0, 0, 0, 5, 1000, 3;
1, 256, 0, 1, 1, 1, 5, 1000, 3;
1, 256, 0, 0, 0, 0, 5, 1000, 3;
1, 256, 0, -1, -1, -1, 4, 999, 2;
1, 256, 0, -1, -1, -1, 4, 999, 2;
1, 256, 0, -1, -1, -1, 4, 998, 1;
1, 256, 0, -1, -1, -1, 4, 999, 2;
1, 256, 0, 1, 1, 1, 5, 1000, 3;
1, 256, 0, 1, 1, 1, 5, 1000, 3;
1, 256, 0, 0, 0, 0, 5, 1000, 3;
1, 256, 0, 0, 0, 0, 5, 1000, 3;
1, 256, 0, 0, 0, 0, 5, 1000, 3;
1, 256, 0, 0, 0, 0, 4, 999, 2;
1, 256, 0, -1, -1, -1, 3, 998, 1;
1, 256, 0, 0, 0, 0, 5, 1000, 3;
1, 256, 0, 0, 0, 0, 4, 999, 2;
1, 256, 0, 0, 0, 0, 5, 1000, 3;
1, 256, 0, 0, 0, 0, 4, 999, 2;
1, 256, 0, 0, 0, 0, 4, 999, 2;
1, 256, 0, -1, -1, -1, 4, 999, 2;
1, 256, 0, 0, 0, 0, 5, 1000, 3;
1, 256, 0, 0, 0, 0, 4, 999, 2;
1, 256, 1, 1, 1, 1, 6, 1001, 4;
1, 256, 0, -1, -1, -1, 4, 999, 2;
1, 256, 0, 0, 0, 0, 4, 999, 2;
1, 256, 0, 1, 1, 1, 5, 1000, 3;
1, 256, 0, 0, 0, 0, 4, 999, 2;
1, 256, 0, -1, -1, -1, 4, 999, 2;
1, 256, 1, 1, 1, 1, 6, 1001, 4;
1, 256, 1, 1, 1, 1, 6, 1000, 4;
1, 256, 0, 0, 0, 0, 5, 1000, 3;
1, 256, 0, -1, -1, -1, 4, 999, 2;
1, 256, 0, 0, 0, 0, 5, 1000, 3;
1, 256, 0, 0, 0, 0, 4, 999, 2;
1, 256, 0, -1, -1, -1, 4, 999, 2;
1, 256, 1, 1, 1, 1, 6, 1001, 4;
1, 256, 0, 0, 0, 0, 4, 999, 2;
1, 256, 0, 0, 0, 0, 4, 999, 2;
1, 256, 0, -1, -1, -1, 3, 998, 1;
1, 256, 1, 1, 1, 1, 6, 1001, 4;
1, 256, 0, 0, 0, 0, 4, 999, 2;
1, 256, 0, -1, -1, -1, 4, 999, 2;
1, 256, 0, 1, 1, 1, 5, 1000, 3;
1, 256, 0, 0, 0, 0, 5, 999, 2;
1, 256, 0, 0, 0, 0, 4, 999, 2;
1, 256, 0, -1, -1, -1, 4, 999, 2;
1, 256, 1, 1, 1, 1, 6, 1000, 4;
1, 256, 0, -1, -1, -1, 4, 999, 2;
1, 256, 0, 0, 0, 0, 4, 999, 2;
1, 256, 0, 0, 0, 0, 5, 1000, 3;
1, 256, 0, 0, 0, 0, 5, 1000, 3;
1, 256, 0, -1, -1, -1, 4, 999, 2;
1, 256, 0, 0, 0, 0, 4, 999, 2;
1, 256, 0, 0, 0, 0, 4, 999, 2;
1, 256, 0, 0, 0, 0, 4, 999, 2;
1, 256, 0, 0, 0, 0, 5, 1000, 3;
1, 256, 1, 1, 1, 1, 5, 1000, 3;
1, 256, 0, 0, 0, 0, 4, 999, 2;
1, 256, 0, 0, 0, 0, 4, 999, 2;
1, 256, 0, 0, 0, 0, 5, 1000, 3;
1, 256, 0, 0, 0, 0, 4, 999, 2;
1, 256, 0, 0, 0, 0, 5, 1000, 3;
1, 256, 0, -1, -1, -1, 4, 999, 2;
1, 256, 0, -1, -1, -1, 4, 998, 1;
1, 256, 0, -1, -1, -1, 4, 999, 2;
1, 256, 1, 1, 1, 1, 6, 1001, 4;
1, 256, 0, 0, 0, 0, 4, 999, 2;
1, 256, 0, 1, 1, 1, 5, 1000, 3;
1, 256, 1, 1, 1, 1, 6, 1001, 4;
1, 256, 0, 0, 0, 0, 5, 1000, 3;
1, 256, 0, 0, 0, 0, 5, 1000, 3;
1, 256, 0, 0, 0, 0, 4, 999, 2;
1, 256, 0, -1, -1, -1, 4, 999, 2;
1, 256, 0, 0, 0, 0, 4, 999, 2;
1, 256, 0, 0, 0, 0, 5, 1000, 3;
1, 256, 0, 0, 0, 0, 4, 999, 2;
1, 256, 1, 1, 1, 1, 6, 1001, 4;
1, 256, 0, 1, 1, 1, 5, 1000, 3;
1, 256, 0, -1, -1, -1, 4, 999, 2;
1, 256, 0, 0, 0, 0, 5, 1000, 3;
1, 256, 0, 0, 0, 0, 5, 1000, 3;
1, 256, 0, 0, 0, 0, 4, 999, 2;
1, 256, 1, 1, 1, 1, 6, 1001, 4;
1, 256, 0, 0, 0, 0, 5, 1000, 3;
1, 256, 0, 0, 0, 0, 5, 1000, 3;
1, 256, 0, -1, -1, -1, 3, 998, 1;
1, 256, 0, 0, 0, 0, 5, 999, 2;
1, 256, 0, 0, 0, 0, 4, 999, 2;
1, 256, 0, 1, 1, 1, 5, 1000, 3;
1, 256, 0, -1, -1, -1, 3, 998, 1;
1, 256, 0, 0, 0, 0, 4, 999, 2;
1, 256, 0, 0, 0, 0, 4, 999, 2;
1, 256, 0, -1, -1, -1, 4, 999, 2;
1, 256, 0, 0, 0, 0, 5, 1000, 3;
1, 256, 0, -1, -1, -1, 4, 999, 2;
1, 256, 0, 0, 0, 0, 5, 1000, 3;
1, 256, 0, -1, -1, -1, 4, 998, 2;
1, 256, 0, -1, -1, -1, 4, 999, 2;
1, 256, 0, 0, 0, 0, 5, 1000, 3;
1, 256, 0, 0, 0, 0, 5, 999, 3;
1, 256, 0, 0, 0, 0, 4, 999, 2;
1, 256, 0, 1, 1, 1, 5, 1000, 3;
1, 256, 0, -1, -1, -1, 4, 998, 1;
1, 256, 0, 0, 0, 0, 5, 1000, 3;
1, 256, 0, 0, 0, 0, 5, 1000, 3;
1, 256, 0, 0, 0, 0, 5, 1000, 3;
1, 256, 0, 0, 0, 0, 4, 999, 2;
1, 256, 0, -1, -1, -1, 4, 999, 2;
1, 256, 0, 0, 0, 0, 5, 1000, 3;
1, 256, 0, 0, 0, 0, 5, 1000, 3;
1, 256, 1, 1, 1, 1, 6, 1001, 4;
1, 256, 0, -1, -1, -1, 3, 998, 1;
1, 256, 0, -1, -1, -1, 4, 999, 2;
1, 256, 0, -1, -1, -1, 4, 999, 2;
1, 256, 0, 1, 1, 1, 5, 1000, 3;
1, 256, 0, 0, 0, 0, 5, 1000, 3;
1, 256, 0, 1, 1, 1, 5, 1000, 3;
1, 256, 0, 0, 0, 0, 5, 999, 2;
1, 256, 0, 0, 0, 0, 5, 1000, 3;
1, 256, 0, 0, 0, 0, 5, 999, 3;
1, 256, 0, -1, -1, -1, 4, 998, 2;
1, 256, 0, 0, 0, 0, 5, 999, 2;
1, 256, 0, -1, -1, -1, 4, 999, 2;
1, 256, 1, 1, 1, 1, 6, 1001, 4;
1, 256, 0, 0, 0, 0, 4, 999, 2;
1, 256, 0, 0, 0, 0, 4, 999, 2;
1, 256, 0, -1, -1, -1, 4, 999, 2;
1, 256, 0, -1, -1, -1, 4, 999, 2;
1, 256, 0, 0, 0, 0, 5, 1000, 3;
1, 256, 1, 1, 1, 1, 6, 1001, 4;
1, 256, 0, 0, 0, 0, 5, 1000, 3;
1, 256, 0, -1, -1, -1, 3, 998, 1;
1, 256, 0, 1, 1, 1, 5, 1000, 3;
1, 256, 1, 1, 1, 1, 6, 1001, 4;
1, 256, 0, 1, 1, 1, 5, 1000, 3;
1, 256, 0, -1, -1, -1, 4, 999, 2;
1, 256, 1, 1, 1, 1, 6, 1001, 4;
1, 256, 0, -1, -1, -1, 4, 999, 2;
1, 256, 0, -1, -1, -1, 4, 999, 2;
1, 256, 0, 1, 1, 1, 5, 1000, 3;
1, 256, 0, 0, 0, 0, 4, 999, 2;
1, 256, 0, 0, 0, 0, 5, 1000, 3;
1, 256, 0, -1, -1, -1, 4, 999, 2;
1, 256, 0, -1, -1, -1, 3, 998, 1;
1, 256, 0, 0, 0, 0, 4, 999, 2;
0, 256, 0, -1, -1, -1, 3, 998, 1;
1, 256, 0, -1, -1, -1, 4, 999, 2;
1, 256, 0, 1, 1, 1, 5, 1000, 3;
1, 256, 0, 0, 0, 0, 4, 999, 2;
1, 256, 0, 0, 0, 0, 5, 1000, 3;
1, 256, 0, 0, 0, 0, 5, 1000, 3;
1, 256, 0, 0, 0, 0, 5, 999, 2;
1, 256, 0, 1, 1, 1, 5, 1000, 3;
1, 256, 0, -1, -1, -1, 3, 998, 1;
1, 256, 0, 0, 0, 0, 4, 999, 2;
1, 256, 0, 1, 1, 1, 5, 1000, 3;
1, 256, 0, 0, 0, 0, 4, 999, 2;
1, 256, 0, -1, -1, -1, 4, 999, 2;
1, 256, 0, 1, 1, 1, 5, 1000, 3;
1, 256, 0, 0, 0, 0, 4, 999, 2;
1, 256, 0, 1, 1, 1, 5, 1000, 3;
1, 256, 1, 1, 1, 1, 6, 1000, 4;
1, 256, 0, 1, 1, 1, 5, 1000, 3;
1, 256, 1, 1, 1, 1, 6, 1000, 4;
1, 256, 0, 0, 0, 0, 4, 999, 2;
1, 256, 0, 0, 0, 0, 5, 999, 2;
1, 256, 0, 1, 1, 1, 5, 1000, 3;
1, 256, 0, 0, 0, 0, 4, 999, 2;
1, 256, 1, 1, 1, 1, 6, 1000, 4;
1, 256, 0, -1, -1, -1, 4, 999, 2;
1, 256, 0, 1, 1, 1, 5, 1000, 3;
1, 256, 0, 1, 1, 1, 5, 1000, 3;
1, 256, 0, 0, 0, 0, 4, 999, 2;
1, 256, 1, 1, 1, 1, 6, 1001, 4;
1, 256, 0, 0, 0, 0, 5, 999, 2;
1, 256, 0, 0, 0, 0, 5, 1000, 3;
1, 256, 0, 0, 0, 0, 5, 1000, 3;
1, 256, 0, 0, 0, 0, 4, 999, 2;
1, 256, 0, 0, 0, 0, 5, 1000, 3;
1, 256, 0, 1, 1, 1, 5, 1000, 3;
1, 256, 0, 0, 0, 0, 5, 1000, 3;
1, 256, 1, 1, 1, 1, 6, 1001, 4;
1, 256, 0, -1, -1, -1, 4, 999, 2;
1, 256, 1, 1, 1, 1, 6, 1001, 4;
1, 256, 0, 0, 0, 0, 4, 999, 2;
1, 256, 0, 1, 1, 1, 5, 1000, 3;
1, 256, 0, 0, 0, 0, 4, 999, 2;
1, 256, 0, -1, -1, -1, 3, 998, 1;
1, 256, 0, 0, 0, 0, 4, 999, 2;
1, 256, 0, 0, 0, 0, 5, 999, 3;
1, 256, 0, 0, 0, 0, 5, 1000, 3;
1, 256, 1, 1, 1, 1, 6, 1001, 4;
1, 256, 0, 0, 0, 0, 5, 1000, 3;
1, 256, 0, -1, -1, -1, 4, 999, 2;
1, 256, 0, 0, 0, 0, 4, 999, 2;
1, 256, 0, 1, 1, 1, 5, 1000, 3;
1, 256, 1, 1, 1, 1, 6, 1001, 4;
1, 256, 0, 0, 0, 0, 5, 1000, 3;
1, 256, 0, 0, 0, 0, 5, 1000, 3;
1, 256, 0, -1, -1, -1, 4, 999, 2;
1, 256, 0, 0, 0, 0, 4, 999, 2;
1, 256, 0, -1, -1, -1, 4, 998, 2;
1, 256, 0, 0, 0, 0, 4, 999, 2;
1, 256, 0, 0, 0, 0, 5, 1000, 3;
1, 256, 0, 0, 0, 0, 5, 1000, 3;
1, 256, 0, -1, -1, -1, 3, 998, 1;
1, 256, 0, 0, 0, 0, 4, 999, 2;
1, 256, 0, -1, -1, -1, 3, 998, 1;
1, 256, 0, 1, 1, 1, 5, 1000, 3;
1, 256, 1, 1, 1, 1, 6, 1001, 4;
1, 256, 0, 0, 0, 0, 5, 1000, 3;
1, 256, 0, -1, -1, -1, 4, 999, 2;
1, 256, 0, -1, -1, -1, 4, 999, 2;
1, 256, 0, 0, 0, 0, 5, 1000, 3;
1, 256, 0, 0, 0, 0, 5, 999, 3;
1, 256, 1, 1, 1, 1, 5, 1000, 3;
1, 256, 0, 0, 0, 0, 5, 1000, 3;
1, 256, 0, -1, -1, -1, 4, 999, 2;
1, 256, 0, 0, 0, 0, 4, 999, 2;
1, 256, 0, 0, 0, 0, 4, 999, 2;
1, 256, 1, 1, 1, 1, 5, 1000, 3;
1, 256, 0, 1, 1, 1, 5, 1000, 3;
1, 256, 1, 1, 1, 1, 6, 1001, 4;
1, 256, 0, -1, -1, -1, 4, 999, 2;
1, 256, 0, 0, 0, 0, 4, 999, 2;
1, 256, 0, 0, 0, 0, 4, 999, 2;
1, 256, 0, 0, 0, 0, 5, 1000, 3;
1, 256, 0, 0, 0, 0, 5, 1000, 3;
1, 256, 0, 0, 0, 0, 5, 1000, 3;
1, 256, 0, 0, 0, 0, 5, 1000, 3;
1, 256, 0, 0, 0, 0, 5, 1000, 3;
1, 256, 1, 1, 1, 1, 6, 1000, 4;
1, 256, 0, -1, -1, -1, 3, 998, 1;
1, 256, 0, 0, 0, 0, 5, 1000, 3;
1, 256, 0, 0, 0, 0, 5, 1000, 3;
1, 256, 1, 1, 1, 1, 6, 1000, 4;
1, 256, 0, -1, -1, -1, 3, 998, 1;
1, 256, 0, -1, -1, -1, 4, 999, 2;
1, 256, 1, 1, 1, 1, 6, 1001, 4;
1, 256, 0, -1, -1, -1, 4, 999, 2;
1, 256, 0, 0, 0, 0, 4, 999, 2;
1, 256, 0, 0, 0, 0, 5, 1000, 3;
1, 256, 0, 0, 0, 0, 5, 1000, 3;
1, 256, 0, 0, 0, 0, 5, 1000, 3;
1, 256, 0, 0, 0, 0, 5, 1000, 3;
1, 256, 0, 0, 0, 0, 4, 999, 2;
1, 256, 0, 0, 0, 0, 5, 1000, 3;
1, 256, 0, -1, -1, -1, 4, 998, 2;
1, 256, 0, 0, 0, 0, 4, 999, 2;
1, 256, 0, 0, 0, 0, 4, 999, 2;
1, 256, 0, 0, 0, 0, 4, 999, 2;
1, 256, 1, 1, 1, 1, 5, 1000, 3;
1, 256, 0, 0, 0, 0, 4, 999, 2;
1, 256, 0, 1, 1, 1, 5, 1000, 3;
1, 256, 0, 0, 0, 0, 5, 1000, 3;
1, 256, 0, 0, 0, 0, 5, 1000, 3;
1, 256, 0, 0, 0, 0, 4, 999, 2;
1, 256, 0, 0, 0, 0, 4, 999, 2;
1, 256, 0, 0, 0, 0, 4, 999, 2;
1, 256, 0, 1, 1, 1, 5, 1000, 3;
1, 256, 0, 0, 0, 0, 4, 999, 2;
1, 256, 0, -1, -1, -1, 4, 999, 2;
1, 256, 0, 0, 0, 0, 4, 999, 2;
1, 256, 0, 0, 0, 0, 5, 1000, 3;
1, 256, 0, 0, 0, 0, 4, 999, 2;
1, 256, 1, 1, 1, 1, 5, 1000, 3;
1, 256, 0, -1, -1, -1, 4, 999, 2;
1, 256, 0, 0, 0, 0, 4, 999, 2;
1, 256, 0, 0, 0, 0, 5, 1000, 3;
1, 256, 0, -1, -1, -1, 4, 998, 2;
1, 256, 0, 0, 0, 0, 5, 1000, 3;
1, 256, 0, 1, 1, 1, 5, 1000, 3;
1, 256, 0, -1, -1, -1, 4, 999, 2;
1, 256, 0, 0, 0, 0, 4, 999, 2;
1, 256, 0, 0, 0, 0, 5, 1000, 3;
1, 256, 1, 1, 1, 1, 6, 1001, 4;
1, 256, 0, 0, 0, 0, 5, 1000, 3;
1, 256, 0, -1, -1, -1, 4, 999, 2;
1, 256, 0, 0, 0, 0, 4, 999, 2;
1, 256, 0, 0, 0, 0, 5, 1000, 3;
1, 256, 0, 0, 0, 0, 4, 999, 2;
1, 256, 0, -1, -1, -1, 4, 998, 1;
1, 256, 0, -1, -1, -1, 4, 999, 2;
1, 256, 0, 0, 0, 0, 5, 1000, 3;
1, 256, 0, 0, 0, 0, 5, 1000, 3;
1, 256, 0, 0, 0, 0, 5, 1000, 3;
1, 256, 0, 0, 0, 0, 5, 999, 2;
1, 256, 0, -1, -1, -1, 4, 999, 2;
1, 256, 0, 0, 0, 0, 5, 1000, 3;
1, 256, 0, 0, 0, 0, 5, 1000, 3;
1, 256, 0, 0, 0, 0, 5, 999, 2;
1, 256, 0, 1, 1, 1, 5, 1000, 3;
1, 256, 0, 0, 0, 0, 5, 1000, 3;
1, 256, 0, 0, 0, 0, 5, 1000, 3;
1, 256, 1, 1, 1, 1, 6, 1001, 4;
1, 256, 0, 0, 0, 0, 5, 1000, 3;
1, 256, 0, 0, 0, 0, 4, 999, 2;
1, 256, 1, 1, 1, 1, 6, 1001, 4;
1, 256, 1, 1, 1, 1, 5, 1000, 3;
1, 256, 0, 0, 0, 0, 4, 999, 2;
1, 256, 0, 0, 0, 0, 5, 1000, 3;
1, 256, 0, -1, -1, -1, 4, 999, 2;
1, 256, 0, 0, 0, 0, 5, 1000, 3;
1, 256, 0, 0, 0, 0, 4, 999, 2;
1, 256, 0, -1, -1, -1, 3, 998, 1;
1, 256, 0, 0, 0, 0, 5, 1000, 3;
1, 256, 0, 0, 0, 0, 5, 1000, 3;
1, 256, 0, 0, 0, 0, 4, 999, 2;
1, 256, 0, -1, -1, -1, 4, 999, 2;
1, 256, 0, 0, 0, 0, 5, 1000, 3;
1, 256, 0, 0, 0, 0, 5, 999, 3;
1, 256, 1, 1, 1, 1, 6, 1001, 4;
1, 256, 0, 0, 0, 0, 4, 999, 2;
1, 256, 0, 0, 0, 0, 4, 999, 2;
1, 256, 1, 1, 1, 1, 6, 1001, 4;
1, 256, 0, 0, 0, 0, 5, 1000, 3;
1, 256, 0, 0, 0, 0, 4, 999, 2;
1, 256, 0, -1, -1, -1, 3, 998, 1;
1, 256, 0, 0, 0, 0, 5, 1000, 3;
1, 256, 0, 0, 0, 0, 5, 1000, 3;
1, 256, 0, -1, -1, -1, 4, 999, 2;
1, 256, 0, 0, 0, 0, 4, 999, 2;
1, 256, 0, 0, 0, 0, 5, 1000, 3;
1, 256, 0, -1, -1, -1, 3, 998, 1;
1, 256, 1, 1, 1, 1, 6, 1000, 4;
1, 256, 0, 0, 0, 0, 4, 999, 2;
1, 256, 0, 0, 0, 0, 5, 1000, 3;
1, 256, 1, 1, 1, 1, 6, 1000, 3;
1, 256, 0, 0, 0, 0, 5, 1000, 3;
1, 256, 0, 0, 0, 0, 5, 999, 2;
1, 256, 0, -1, -1, -1, 4, 999, 2;
1, 256, 0, 0, 0, 0, 4, 999, 2;
1, 256, 0, 0, 0, 0, 5, 1000, 3;
1, 256, 0, 0, 0, 0, 4, 999, 2;
1, 256, 0, 0, 0, 0, 5, 1000, 3;
1, 256, 0, 0, 0, 0, 5, 1000, 3;
1, 256, 0, 0, 0, 0, 4, 999, 2;
1, 256, 0, 0, 0, 0, 4, 999, 2;
1, 256, 0, 0, 0, 0, 5, 1000, 3;
1, 256, 0, 1, 1, 1, 5, 1000, 3;
1, 256, 0, 0, 0, 0, 4, 999, 2;
1, 256, 1, 1, 1, 1, 6, 1001, 4;
1, 256, 0, 0, 0, 0, 5, 1000, 3;
1, 256, 0, 0, 0, 0, 4, 999, 2;
1, 256, 0, -1, -1, -1, 4, 999, 2;
1, 256, 0, -1, -1, -1, 4, 999, 2;
1, 256, 0, -1, -1, -1, 4, 999, 2;
1, 256, 0, 0, 0, 0, 5, 1000, 3;
1, 256, 1, 1, 1, 1, 6, 1001, 4;
1, 256, 0, -1, -1, -1, 3, 998, 1;
1, 256, 0, 0, 0, 0, 5, 1000, 3;
1, 256, 0, -1, -1, -1, 3, 998, 1;
1, 256, 0, 0, 0, 0, 5, 1000, 3;
1, 256, 0, 0, 0, 0, 4, 999, 2;
1, 256, 0, 0, 0, 0, 4, 999, 2;
1, 256, 0, 0, 0, 0, 4, 999, 2;
1, 256, 1, 1, 1, 1, 6, 1001, 4;
1, 256, 0, 0, 0, 0, 5, 1000, 3;
1, 256, 0, 0, 0, 0, 5, 1000, 3;
1, 256, 0, 0, 0, 0, 5, 1000, 3;
1, 256, 0, -1, -1, -1, 4, 999, 2;
1, 256, 0, 0, 0, 0, 4, 999, 2;
1, 256, 0, 0, 0, 0, 5, 1000, 3;
1, 256, 0, 0, 0, 0, 5, 1000, 3;
1, 256, 0, 0, 0, 0, 5, 1000, 3;
1, 256, 1, 1, 1, 1, 5, 1000, 3;
1, 256, 0, 0, 0, 0, 4, 999, 2;
1, 256, 0, 0, 0, 0, 5, 1000, 3;
1, 256, 0, 1, 1, 1, 5, 1000, 3;
1, 256, 0, 0, 0, 0, 5, 1000, 3;
1, 256, 0, 0, 0, 0, 4, 999, 2;
1, 256, 1, 1, 1, 1, 6, 1000, 3;
1, 256, 0, 0, 0, 0, 4, 999, 2;
1, 256, 0, 0, 0, 0, 5, 1000, 3;
1, 256, 0, -1, -1, -1, 4, 999, 2;
1, 256, 1, 1, 1, 1, 6, 1001, 4;
1, 256, 0, 0, 0, 0, 4, 999, 2;
1, 256, 0, 0, 0, 0, 4, 999, 2;
1, 256, 0, 0, 0, 0, 4, 999, 2;
1, 256, 1, 1, 1, 1, 6, 1001, 4;
1, 256, 0, 0, 0, 0, 4, 999, 2;
1, 256, 0, 0, 0, 0, 5, 1000, 3;
1, 256, 0, 0, 0, 0, 5, 1000, 3;
1, 256, 1, 1, 1, 1, 6, 1000, 4;
1, 256, 0, -1, -1, -1, 3, 998, 1;
1, 256, 0, -1, -1, -1, 4, 999, 2;
1, 256, 0, 0, 0, 0, 4, 999, 2;
1, 256, 0, 0, 0, 0, 4, 999, 2;
1, 256, 0, 0, 0, 0, 5, 1000, 3;
1, 256, 1, 1, 1, 1, 5, 1000, 3;
1, 256, 0, -1, -1, -1, 3, 998, 1;
1, 256, 0, 0, 0, 0, 5, 999, 2;
1, 256, 0, 1, 1, 1, 5, 1000, 3;
1, 256, 0, -1, -1, -1, 4, 999, 2;
1, 256, 0, 0, 0, 0, 5, 1000, 3;
1, 256, 0, 0, 0, 0, 4, 999, 2;
1, 256, 0, 0, 0, 0, 5, 1000, 3;
1, 256, 0, 0, 0, 0, 5, 1000, 3;
1, 256, 0, 0, 0, 0, 5, 1000, 3;
1, 256, 1, 1, 1, 1, 6, 1001, 4;
1, 256, 0, 0, 0, 0, 5, 1000, 3;
1, 256, 0, 0, 0, 0, 5, 1000, 3;
1, 256, 0, -1, -1, -1, 4, 999, 2;
1, 256, 0, 0, 0, 0, 4, 999, 2;
1, 256, 1, 1, 1, 1, 6, 1001, 4;
1, 256, 0, 0, 0, 0, 5, 999, 3;
1, 256, 0, 0, 0, 0, 5, 1000, 3;
1, 256, 0, 0, 0, 0, 5, 1000, 3;
1, 256, 0, -1, -1, -1, 4, 999, 2;
1, 256, 0, 0, 0, 0, 4, 999, 2;
1, 256, 0, 0, 0, 0, 4, 999, 2;
1, 256, 1, 1, 1, 1, 6, 1001, 4;
1, 256, 0, 0, 0, 0, 4, 999, 2;
1, 256, 0, 0, 0, 0, 5, 1000, 3;
1, 256, 0, 0, 0, 0, 5, 1000, 3;
1, 256, 0, 0, 0, 0, 4, 999, 2;
1, 256, 0, -1, -1, -1, 4, 999, 2;
1, 256, 0, -1, -1, -1, 4, 999, 2;
1, 256, 0, 0, 0, 0, 5, 999, 3;
1, 256, 0, 0, 0, 0, 4, 999, 2;
1, 256, 1, 1, 1, 1, 6, 1001, 4;
1, 256, 0, -1, -1, -1, 4, 999, 2;
1, 256, 1, 1, 1, 1, 6, 1001, 4;
1, 256, 0, -1, -1, -1, 4, 999, 2;
1, 256, 0, -1, -1, -1, 4, 999, 2;
1, 256, 0, 0, 0, 0, 5, 999, 2;
1, 256, 0, -1, -1, -1, 4, 999, 2;
1, 256, 0, 1, 1, 1, 5, 1000, 3;
1, 256, 1, 1, 1, 1, 6, 1001, 4;
0, 256, 0, -1, -1, -1, 3, 998, 1;
1, 256, 0, 0, 0, 0, 5, 1000, 3;
1, 256, 0, 0, 0, 0, 5, 1000, 3;
1, 256, 0, 0, 0, 0, 5, 1000, 3;
1, 256, 0, -1, -1, -1, 4, 998, 2;
1, 256, 0, -1, -1, -1, 4, 998, 1;
1, 256, 1, 1, 1, 1, 5, 1000, 3;
1, 256, 1, 1, 1, 1, 5, 1000, 3;
1, 256, 1, 1, 1, 1, 6, 1001, 4;
1, 256, 0, 0, 0, 0, 4, 999, 2;
0, 256, 0, -1, -1, -1, 3, 998, 1;
1, 256, 0, 0, 0, 0, 4, 999, 2;
1, 256, 1, 1, 1, 1, 6, 1001, 4;
1, 256, 1, 1, 1, 1, 6, 1001, 4;
1, 256, 0, 0, 0, 0, 5, 1000, 3;
1, 256, 0, 0, 0, 0, 5, 1000, 3;
1, 256, 0, 0, 0, 0, 5, 999, 2;
1, 256, 0, 1, 1, 1, 5, 1000, 3;
1, 256, 0, 0, 0, 0, 4, 999, 2;
1, 256, 0, 1, 1, 1, 5, 1000, 3;
1, 256, 0, -1, -1, -1, 4, 999, 2;
1, 256, 0, 0, 0, 0, 5, 1000, 3;
1, 256, 0, 1, 1, 1, 5, 1000, 3;
1, 256, 0, 0, 0, 0, 5, 1000, 3;
1, 256, 0, 0, 0, 0, 5, 1000, 3;
1, 256, 0, 0, 0, 0, 5, 1000, 3;
1, 256, 0, 0, 0, 0, 5, 1000, 3;
1, 256, 0, 1, 1, 1, 5, 1000, 3;
1, 256, 0, -1, -1, -1, 4, 999, 2;
1, 256, 1, 1, 1, 1, 6, 1001, 4;
1, 256, 0, 0, 0, 0, 5, 1000, 3;
1, 256, 0, 0, 0, 0, 4, 999, 2;
1, 256, 0, -1, -1, -1, 4, 999, 2;
1, 256, 0, -1, -1, -1, 4, 999, 2;
1, 256, 0, 0, 0, 0, 4, 999, 2;
1, 256, 1, 1, 1, 1, 6, 1001, 4;
1, 256, 0, 0, 0, 0, 5, 1000, 3;
1, 256, 0, 0, 0, 0, 5, 1000, 3;
1, 256, 0, -1, -1, -1, 4, 999, 2;
1, 256, 0, 0, 0, 0, 5, 1000, 3;
0, 256, 0, -1, -1, -1, 3, 998, 1;
1, 256, 0, -1, -1, -1, 4, 999, 2;
1, 256, 0, 0, 0, 0, 5, 1000, 3;
1, 256, 0, -1, -1, -1, 4, 999, 2;
1, 256, 0, -1, -1, -1, 4, 999, 2;
1, 256, 0, -1, -1, -1, 4, 998, 1;
1, 256, 0, 1, 1, 1, 5, 1000, 3;
1, 256, 0, 0, 0, 0, 4, 999, 2;
1, 256, 0, -1, -1, -1, 4, 999, 2;
1, 256, 1, 1, 1, 1, 6, 1001, 4;
1, 256, 0, 0, 0, 0, 4, 999, 2;
1, 256, 0, 0, 0, 0, 5, 1000, 3;
1, 256, 0, 0, 0, 0, 5, 1000, 3;
1, 256, 0, 0, 0, 0, 5, 1000, 3;
1, 256, 0, 0, 0, 0, 5, 1000, 3;
1, 256, 0, 0, 0, 0, 4, 999, 2;
1, 256, 0, 0, 0, 0, 5, 1000, 3;
1, 256, 0, -1, -1, -1, 4, 999, 2;
1, 256, 1, 1, 1, 1, 5, 1000, 3;
1, 256, 0, 0, 0, 0, 4, 999, 2;
1, 256, 0, 0, 0, 0, 4, 999, 2;
1, 256, 0, 0, 0, 0, 5, 1000, 3;
1, 256, 0, 0, 0, 0, 5, 1000, 3;
1, 256, 0, 0, 0, 0, 5, 1000, 3;
1, 256, 0, 0, 0, 0, 5, 1000, 3;
1, 256, 0, 1, 1, 1, 5, 1000, 3;
1, 256, 0, -1, -1, -1, 3, 998, 1;
1, 256, 0, 0, 0, 0, 5, 1000, 3;
1, 256, 0, 0, 0, 0, 5, 1000, 3;
1, 256, 0, 0, 0, 0, 5, 999, 3;
1, 256, 0, 1, 1, 1, 5, 1000, 3;
1, 256, 0, 0, 0, 0, 4, 999, 2;
1, 256, 0, 0, 0, 0, 5, 1000, 3;
1, 256, 0, 0, 0, 0, 5, 999, 3;
1, 256, 0, 0, 0, 0, 5, 1000, 3;
1, 256, 1, 1, 1, 1, 5, 1000, 3;
1, 256, 1, 1, 1, 1, 6, 1001, 4;
1, 256, 0, -1, -1, -1, 4, 999, 2;
1, 256, 0, 0, 0, 0, 5, 1000, 3;
1, 256, 0, 0, 0, 0, 5, 1000, 3;
1, 256, 0, -1, -1, -1, 4, 999, 2;
1, 256, 1, 1, 1, 1, 6, 1001, 4;
1, 256, 0, 0, 0, 0, 4, 999, 2;
1, 256, 0, 1, 1, 1, 5, 1000, 3;
1, 256, 0, 0, 0, 0, 5, 1000, 3;
1, 256, 1, 1, 1, 1, 6, 1001, 4;
1, 256, 0, 1, 1, 1, 5, 1000, 3;
1, 256, 1, 1, 1, 1, 6, 1001, 4;
1, 256, 1, 1, 1, 1, 6, 1000, 4;
1, 256, 0, 1, 1, 1, 5, 1000, 3;
1, 256, 0, 0, 0, 0, 4, 999, 2;
1, 256, 1, 1, 1, 1, 6, 1001, 4;
1, 256, 0, 0, 0, 0, 4, 999, 2;
1, 256, 0, 0, 0, 0, 5, 1000, 3;
1, 256, 0, 0, 0, 0, 5, 1000, 3;
1, 256, 0, -1, -1, -1, 4, 998, 1;
1, 256, 0, 0, 0, 0, 4, 999, 2;
1, 256, 0, 0, 0, 0, 5, 999, 3;
1, 256, 0, 1, 1, 1, 5, 1000, 3;
1, 256, 0, 0, 0, 0, 4, 999, 2;
1, 256, 0, 0, 0, 0, 5, 1000, 3;
1, 256, 1, 1, 1, 1, 6, 1001, 4;
1, 256, 0, 0, 0, 0, 5, 1000, 3;
1, 256, 0, 0, 0, 0, 5, 1000, 3;
1, 256, 1, 1, 1, 1, 5, 1000, 3;
1, 256, 0, 0, 0, 0, 5, 1000, 3;
1, 256, 0, 0, 0, 0, 5, 1000, 3;
1, 256, 0, 0, 0, 0, 5, 1000, 3;
1, 256, 1, 1, 1, 1, 5, 1000, 3;
1, 256, 0, 0, 0, 0, 4, 999, 2;
1, 256, 0, 0, 0, 0, 5, 1000, 3;
1, 256, 0, 0, 0, 0, 4, 999, 2;
1, 256, 0, 0, 0, 0, 5, 1000, 3;
1, 256, 0, 0, 0, 0, 5, 1000, 3;
1, 256, 1, 1, 1, 1, 6, 1001, 4;
1, 256, 0, -1, -1, -1, 4, 999, 2;
1, 256, 1, 1, 1, 1, 6, 1000, 3;
1, 256, 0, 0, 0, 0, 5, 1000, 3;
1, 256, 0, 0, 0, 0, 4, 999, 2;
1, 256, 0, 0, 0, 0, 5, 1000, 3;
1, 256, 0, -1, -1, -1, 4, 999, 2;
1, 256, 0, -1, -1, -1, 4, 999, 2;
1, 256, 0, 0, 0, 0, 5, 1000, 3;
1, 256, 0, 0, 0, 0, 4, 999, 2;
0, 256, 0, -1, -1, -1, 3, 998, 1;
1, 256, 1, 1, 1, 1, 6, 1001, 4;
1, 256, 0, -1, -1, -1, 4, 999, 2;
1, 256, 0, -1, -1, -1, 4, 998, 1;
1, 256, 1, 1, 1, 1, 6, 1001, 4;
1, 256, 0, 0, 0, 0, 4, 999, 2;
1, 256, 0, -1, -1, -1, 4, 998, 2;
1, 256, 0, 0, 0, 0, 4, 999, 2;
1, 256, 0, 0, 0, 0, 4, 999, 2;
1, 256, 0, 1, 1, 1, 5, 1000, 3;
1, 256, 0, -1, -1, -1, 4, 999, 2;
1, 256, 0, 1, 1, 1, 5, 1000, 3;
1, 256, 0, 0, 0, 0, 4, 999, 2;
1, 256, 0, -1, -1, -1, 3, 998, 1;
1, 256, 0, -1, -1, -1, 4, 999, 2;
1, 256, 0, -1, -1, -1, 4, 999, 2;
1, 256, 0, -1, -1, -1, 4, 999, 2;
1, 256, 0, 1, 1, 1, 5, 1000, 3;
1, 256, 0, 0, 0, 0, 5, 1000, 3;
1, 256, 0, 1, 1, 1, 5, 1000, 3;
1, 256, 0, -1, -1, -1, 4, 999, 2;
1, 256, 0, 0, 0, 0, 5, 1000, 3;
1, 256, 0, -1, -1, -1, 4, 999, 2;
1, 256, 1, 1, 1, 1, 6, 1001, 4;
1, 256, 0, 0, 0, 0, 4, 999, 2;
1, 256, 0, -1, -1, -1, 4, 999, 2;
1, 256, 0, 0, 0, 0, 5, 1000, 3;
1, 256, 0, 0, 0, 0, 4, 999, 2;
1, 256, 0, -1, -1, -1, 3, 998, 1;
1, 256, 0, -1, -1, -1, 4, 999, 2;
1, 256, 0, 0, 0, 0, 4, 999, 2;
1, 256, 0, 0, 0, 0, 5, 1000, 3;
1, 256, 0, -1, -1, -1, 3, 998, 1;
1, 256, 0, 0, 0, 0, 5, 1000, 3;
1, 256, 0, -1, -1, -1, 4, 999, 2;
1, 256, 0, 0, 0, 0, 5, 1000, 3;
1, 256, 0, 0, 0, 0, 4, 999, 2;
1, 256, 0, 0, 0, 0, 4, 999, 2;
1, 256, 0, -1, -1, -1, 3, 998, 1;
1, 256, 0, 0, 0, 0, 5, 1000, 3;
1, 256, 0, 0, 0, 0, 5, 999, 3;
1, 256, 0, 0, 0, 0, 5, 1000, 3;
1, 256, 0, 1, 1, 1, 5, 1000, 3;
1, 256, 0, -1, -1, -1, 4, 999, 2;
1, 256, 0, 1, 1, 1, 5, 1000, 3;
1, 256, 0, 0, 0, 0, 5, 1000, 3;
1, 256, 0, 0, 0, 0, 5, 1000, 3;
1, 256, 0, -1, -1, -1, 4, 999, 2;
1, 256, 0, 0, 0, 0, 4, 999, 2;
1, 256, 1, 1, 1, 1, 6, 1001, 4;
1, 256, 0, 0, 0, 0, 4, 999, 2;
1, 256, 0, -1, -1, -1, 4, 999, 2;
1, 256, 0, 0, 0, 0, 5, 1000, 3;
1, 256, 0, 0, 0, 0, 5, 1000, 3;
1, 256, 0, -1, -1, -1, 4, 999, 2;
1, 256, 0, -1, -1, -1, 4, 999, 2;
1, 256, 0, 1, 1, 1, 5, 1000, 3;
1, 256, 0, 0, 0, 0, 4, 999, 2;
1, 256, 0, -1, -1, -1, 4, 998, 2;
1, 256, 0, 0, 0, 0, 5, 1000, 3;
1, 256, 0, 1, 1, 1, 5, 1000, 3;
1, 256, 0, -1, -1, -1, 4, 998, 2;
1, 256, 0, 0, 0, 0, 5, 1000, 3;
1, 256, 0, 0, 0, 0, 5, 999, 3;
1, 256, 0, 0, 0, 0, 4, 999, 2;
1, 256, 0, 0, 0, 0, 4, 999, 2;
1, 256, 0, 0, 0, 0, 5, 1000, 3;
1, 256, 0, 0, 0, 0, 5, 1000, 3;
1, 256, 0, 0, 0, 0, 4, 999, 2;
1, 256, 1, 1, 1, 1, 5, 1000, 3;
1, 256, 0, 0, 0, 0, 4, 999, 2;
1, 256, 0, -1, -1, -1, 4, 999, 2;
1, 256, 0, 0, 0, 0, 4, 999, 2;
1, 256, 0, -1, -1, -1, 4, 998, 2;
1, 256, 0, 0, 0, 0, 4, 999, 2;
1, 256, 0, 0, 0, 0, 5, 1000, 3;
1, 256, 0, 0, 0, 0, 5, 1000, 3;
1, 256, 0, 0, 0, 0, 5, 1000, 3;
1, 256, 0, 0, 0, 0, 5, 1000, 3;
1, 256, 1, 1, 1, 1, 5, 1000, 3;
1, 256, 0, 0, 0, 0, 5, 1000, 3;
1, 256, 0, 0, 0, 0, 4, 999, 2;
1, 256, 0, -1, -1, -1, 4, 999, 2;
1, 256, 0, 0, 0, 0, 5, 1000, 3;
1, 256, 0, 0, 0, 0, 4, 999, 2;
1, 256, 0, -1, -1, -1, 4, 999, 2;
1, 256, 0, 0, 0, 0, 5, 1000, 3;
1, 256, 0, -1, -1, -1, 4, 999, 2;
1, 256, 0, 0, 0, 0, 5, 1000, 3;
1, 256, 0, 0, 0, 0, 5, 1000, 3;
1, 256, 1, 1, 1, 1, 6, 1000, 4;
1, 256, 0, 0, 0, 0, 4, 999, 2;
1, 256, 0, -1, -1, -1, 4, 999, 2;
1, 256, 1, 1, 1, 1, 6, 1001, 4;
1, 256, 0, 0, 0, 0, 5, 1000, 3;
1, 256, 0, 0, 0, 0, 5, 1000, 3;
1, 256, 0, -1, -1, -1, 4, 999, 2;
1, 256, 0, 0, 0, 0, 5, 1000, 3;
1, 256, 0, -1, -1, -1, 4, 998, 2;
1, 256, 1, 1, 1, 1, 6, 1001, 4;
1, 256, 0, 1, 1, 1, 5, 1000, 3;
1, 256, 0, 0, 0, 0, 4, 999, 2;
1, 256, 0, 0, 0, 0, 5, 1000, 3;
1, 256, 1, 1, 1, 1, 6, 1001, 4;
1, 256, 0, -1, -1, -1, 4, 999, 2;
1, 256, 0, 0, 0, 0, 5, 1000, 3;
0, 256, 0, -1, -1, -1, 3, 998, 1;
1, 256, 0, -1, -1, -1, 4, 999, 2;
1, 256, 0, -1, -1, -1, 3, 998, 1;
1, 256, 1, 1, 1, 1, 6, 1001, 4;
1, 256, 0, 0, 0, 0, 4, 999, 2;
1, 256, 1, 1, 1, 1, 6, 1001, 4;
1, 256, 0, 0, 0, 0, 4, 999, 2;
1, 256, 0, 0, 0, 0, 5, 1000, 3;
1, 256, 1, 1, 1, 1, 6, 1001, 4;
1, 256, 0, 0, 0, 0, 5, 1000, 3;
1, 256, 0, -1, -1, -1, 4, 999, 2;
1, 256, 1, 1, 1, 1, 6, 1001, 4;
1, 256, 0, 0, 0, 0, 5, 999, 3;
1, 256, 0, -1, -1, -1, 3, 998, 1;
1, 256, 1, 1, 1, 1, 6, 1000, 4;
1, 256, 0, 1, 1, 1, 5, 1000, 3;
1, 256, 0, -1, -1, -1, 4, 999, 2;
1, 256, 0, 1, 1, 1, 5, 1000, 3;
1, 256, 0, 0, 0, 0, 4, 999, 2;
1, 256, 0, 0, 0, 0, 4, 999, 2;
1, 256, 0, 0, 0, 0, 4, 999, 2;
1, 256, 0, 1, 1, 1, 5, 1000, 3;
1, 256, 0, 1, 1, 1, 5, 1000, 3;
1, 256, 0, -1, -1, -1, 3, 998, 1;
1, 256, 0, -1, -1, -1, 4, 999, 2;
1, 256, 0, 1, 1, 1, 5, 1000, 3;
1, 256, 0, -1, -1, -1, 3, 998, 1;
1, 256, 0, -1, -1, -1, 3, 998, 1;
1, 256, 0, -1, -1, -1, 4, 999, 2;
1, 256, 1, 1, 1, 1, 6, 1001, 4;
1, 256, 0, 0, 0, 0, 5, 1000, 3;
1, 256, 0, 1, 1, 1, 5, 1000, 3;
1, 256, 1, 1, 1, 1, 6, 1001, 4;
1, 256, 0, 0, 0, 0, 5, 1000, 3;
1, 256, 0, -1, -1, -1, 4, 998, 2;
1, 256, 0, 1, 1, 1, 5, 1000, 3;
1, 256, 1, 1, 1, 1, 6, 1000, 4;
1, 256, 0, 0, 0, 0, 5, 1000, 3;
1, 256, 0, -1, -1, -1, 4, 998, 1;
1, 256, 0, 0, 0, 0, 5, 1000, 3;
1, 256, 0, 0, 0, 0, 5, 1000, 3;
1, 256, 0, 0, 0, 0, 5, 1000, 3;
1, 256, 0, 0, 0, 0, 5, 1000, 3;
1, 256, 0, -1, -1, -1, 4, 998, 2;
1, 256, 0, 0, 0, 0, 4, 999, 2;
1, 256, 0, 0, 0, 0, 5, 1000, 3;
1, 256, 0, 0, 0, 0, 4, 999, 2;
1, 256, 1, 1, 1, 1, 6, 1001, 4;
1, 256, 0, 1, 1, 1, 5, 1000, 3;
1, 256, 0, 0, 0, 0, 5, 1000, 3;
1, 256, 0, 0, 0, 0, 4, 999, 2;
1, 256, 0, 0, 0, 0, 4, 999, 2;
1, 256, 0, 0, 0, 0, 4, 999, 2;
1, 256, 0, -1, -1, -1, 4, 999, 2;
1, 256, 0, 1, 1, 1, 5, 1000, 3;
1, 256, 1, 1, 1, 1, 5, 1000, 3;
1, 256, 0, 0, 0, 0, 4, 999, 2;
1, 256, 0, 0, 0, 0, 4, 999, 2;
1, 256, 0, 0, 0, 0, 5, 1000, 3;
1, 256, 0, 0, 0, 0, 4, 999, 2;
1, 256, 0, 0, 0, 0, 5, 1000, 3;
1, 256, 0, -1, -1, -1, 4, 999, 2;
1, 256, 0, -1, -1, -1, 4, 999, 2;
1, 256, 0, 0, 0, 0, 4, 999, 2;
1, 256, 0, 0, 0, 0, 4, 999, 2;
1, 256, 1, 1, 1, 1, 6, 1001, 4;
1, 256, 0, 0, 0, 0, 5, 999, 3;
1, 256, 0, 0, 0, 0, 5, 1000, 3;
1, 256, 0, -1, -1, -1, 4, 999, 2;
1, 256, 0, 1, 1, 1, 5, 1000, 3;
1, 256, 0, -1, -1, -1, 3, 998, 1;
1, 256, 0, 0, 0, 0, 4, 999, 2;
1, 256, 1, 1, 1, 1, 6, 1001, 4;
1, 256, 0, 0, 0, 0, 4, 999, 2;
1, 256, 0, 0, 0, 0, 5, 1000, 3;
1, 256, 0, 0, 0, 0, 4, 999, 2;
1, 256, 0, 0, 0, 0, 4, 999, 2;
1, 256, 0, -1, -1, -1, 4, 999, 2;
1, 256, 1, 1, 1, 1, 6, 1001, 4;
1, 256, 0, 0, 0, 0, 4, 999, 2;
1, 256, 0, 0, 0, 0, 4, 999, 2;
1, 256, 0, 0, 0, 0, 5, 1000, 3;
1, 256, 0, 0, 0, 0, 5, 1000, 3;
1, 256, 0, 0, 0, 0, 5, 1000, 3;
1, 256, 0, 0, 0, 0, 5, 1000, 3;
1, 256, 0, 0, 0, 0, 5, 999, 2;
1, 256, 0, -1, -1, -1, 3, 998, 1;
1, 256, 0, 0, 0, 0, 4, 999, 2;
1, 256, 0, 0, 0, 0, 4, 999, 2;
1, 256, 0, 0, 0, 0, 5, 999, 2;
1, 256, 0, 0, 0, 0, 5, 1000, 3;
1, 256, 0, 0, 0, 0, 5, 999, 3;
1, 256, 0, 0, 0, 0, 5, 1000, 3;
1, 256, 0, 0, 0, 0, 4, 999, 2;
1, 256, 0, -1, -1, -1, 4, 999, 2;
1, 256, 0, -1, -1, -1, 4, 999, 2;
1, 256, 0, -1, -1, -1, 4, 999, 2;
1, 256, 0, 1, 1, 1, 5, 1000, 3;
1, 256, 0, -1, -1, -1, 4, 999, 2;
1, 256, 0, 0, 0, 0, 4, 999, 2;
1, 256, 0, 1, 1, 1, 5, 1000, 3;
1, 256, 0, 0, 0, 0, 4, 999, 2;
1, 256, 0, 0, 0, 0, 5, 999, 2;
1, 256, 0, -1, -1, -1, 4, 999, 2;
1, 256, 0, 0, 0, 0, 5, 1000, 3;
1, 256, 0, 0, 0, 0, 5, 1000, 3;
1, 256, 0, 0, 0, 0, 4, 999, 2;
1, 256, 0, -1, -1, -1, 3, 998, 1;
1, 256, 1, 1, 1, 1, 6, 1001, 4;
1, 256, 1, 1, 1, 1, 6, 1001, 4;
1, 256, 1, 1, 1, 1, 6, 1000, 4;
1, 256, 0, 0, 0, 0, 5, 1000, 3;
1, 256, 1, 1, 1, 1, 6, 1001, 4;
1, 256, 0, 1, 1, 1, 5, 1000, 3;
1, 256, 0, 0, 0, 0, 5, 1000, 3;
1, 256, 0, 0, 0, 0, 5, 1000, 3;
1, 256, 1, 1, 1, 1, 6, 1001, 4;
1, 256, 0, 0, 0, 0, 4, 999, 2;
1, 256, 0, 1, 1, 1, 5, 1000, 3;
1, 256, 0, -1, -1, -1, 3, 998, 1;
1, 256, 0, 0, 0, 0, 5, 1000, 3;
1, 256, 0, 0, 0, 0, 4, 999, 2;
1, 256, 0, 0, 0, 0, 4, 999, 2;
1, 256, 0, 0, 0, 0, 4, 999, 2;
1, 256, 1, 1, 1, 1, 5, 1000, 3;
1, 256, 0, 0, 0, 0, 5, 1000, 3;
1, 256, 0, -1, -1, -1, 3, 998, 1;
1, 256, 0, -1, -1, -1, 4, 999, 2;
1, 256, 0, -1, -1, -1, 4, 999, 2;
1, 256, 1, 1, 1, 1, 6, 1000, 4;
1, 256, 0, -1, -1, -1, 4, 999, 2;
1, 256, 0, 0, 0, 0, 5, 1000, 3;
1, 256, 0, 0, 0, 0, 5, 1000, 3;
1, 256, 0, 0, 0, 0, 5, 1000, 3;
1, 256, 0, -1, -1, -1, 4, 998, 1;
1, 256, 0, -1, -1, -1, 4, 999, 2;
1, 256, 1, 1, 1, 1, 5, 1000, 3;
1, 256, 0, -1, -1, -1, 4, 999, 2;
1, 256, 0, 1, 1, 1, 5, 1000, 3;
1, 256, 0, 0, 0, 0, 4, 999, 2;
1, 256, 0, 0, 0, 0, 5, 1000, 3;
1, 256, 0, 0, 0, 0, 4, 999, 2;
1, 256, 0, 0, 0, 0, 5, 1000, 3;
1, 256, 0, 0, 0, 0, 5, 1000, 3;
1, 256, 0, -1, -1, -1, 4, 999, 2;
1, 256, 1, 1, 1, 1, 6, 1001, 4;
1, 256, 0, 0, 0, 0, 4, 999, 2;
1, 256, 1, 1, 1, 1, 5, 1000, 3;
1, 256, 0, 0, 0, 0, 5, 1000, 3;
1, 256, 0, 0, 0, 0, 5, 1000, 3;
1, 256, 0, 1, 1, 1, 5, 1000, 3;
1, 256, 0, 1, 1, 1, 5, 1000, 3;
1, 256, 0, 0, 0, 0, 4, 999, 2;
1, 256, 0, 0, 0, 0, 5, 1000, 3;
1, 256, 0, 0, 0, 0, 5, 1000, 3;
1, 256, 0, 0, 0, 0, 5, 1000, 3;
1, 256, 0, -1, -1, -1, 3, 998, 1;
1, 256, 0, 0, 0, 0, 4, 999, 2;
1, 256, 0, 1, 1, 1, 5, 1000, 3;
1, 256, 1, 1, 1, 1, 6, 1001, 4;
1, 256, 0, 0, 0, 0, 4, 999, 2;
1, 256, 0, 0, 0, 0, 4, 999, 2;
1, 256, 0, 0, 0, 0, 4, 999, 2;
1, 256, 1, 1, 1, 1, 6, 1001, 4;
1, 256, 0, 0, 0, 0, 4, 999, 2;
1, 256, 0, 0, 0, 0, 5, 1000, 3;
1, 256, 1, 1, 1, 1, 6, 1001, 4;
1, 256, 0, 0, 0, 0, 5, 1000, 3;
1, 256, 1, 1, 1, 1, 5, 1000, 3;
1, 256, 1, 1, 1, 1, 6, 1001, 4;
1, 256, 0, -1, -1, -1, 3, 998, 1;
1, 256, 0, 0, 0, 0, 5, 1000, 3;
1, 256, 0, -1, -1, -1, 4, 999, 2;
1, 256, 0, 0, 0, 0, 5, 1000, 3;
1, 256, 0, 1, 1, 1, 5, 1000, 3;
1, 256, 0, -1, -1, -1, 3, 998, 1;
1, 256, 0, 0, 0, 0, 4, 999, 2;
1, 256, 0, 0, 0, 0, 4, 999, 2;
1, 256, 1, 1, 1, 1, 6, 1001, 4;
1, 256, 0, 0, 0, 0, 5, 1000, 3;
1, 256, 0, 1, 1, 1, 5, 1000, 3;
1, 256, 0, 0, 0, 0, 5, 1000, 3;
1, 256, 1, 1, 1, 1, 6, 1001, 4;
1, 256, 0, -1, -1, -1, 4, 999, 2;
1, 256, 0, -1, -1, -1, 4, 999, 2;
1, 256, 0, -1, -1, -1, 3, 998, 1;
1, 256, 0, 0, 0, 0, 5, 1000, 3;
1, 256, 1, 1, 1, 1, 6, 1000, 3;
1, 256, 1, 1, 1, 1, 6, 1001, 4;
1, 256, 0, 0, 0, 0, 4, 999, 2;
1, 256, 0, 0, 0, 0, 5, 1000, 3;
1, 256, 0, -1, -1, -1, 4, 999, 2;
1, 256, 0, 0, 0, 0, 4, 999, 2;
1, 256, 0, 0, 0, 0, 5, 1000, 3;
1, 256, 1, 1, 1, 1, 6, 1001, 4;
1, 256, 1, 1, 1, 1, 6, 1000, 3;
1, 256, 0, 1, 1, 1, 5, 1000, 3;
1, 256, 0, -1, -1, -1, 3, 998, 1;
1, 256, 0, -1, -1, -1, 3, 998, 1;
1, 256, 0, 0, 0, 0, 5, 1000, 3;
1, 256, 0, 1, 1, 1, 5, 1000, 3;
1, 256, 0, 0, 0, 0, 5, 1000, 3;
1, 256, 0, -1, -1, -1, 4, 999, 2;
1, 256, 0, -1, -1, -1, 4, 999, 2;
1, 256, 0, -1, -1, -1, 4, 999, 2;
1, 256, 0, -1, -1, -1, 4, 999, 2;
1, 256, 0, 0, 0, 0, 4, 999, 2;
1, 256, 0, 0, 0, 0, 5, 1000, 3;
1, 256, 0, -1, -1, -1, 4, 998, 1;
1, 256, 0, 0, 0, 0, 4, 999, 2;
1, 256, 0, -1, -1, -1, 4, 999, 2;
1, 256, 0, 1, 1, 1, 5, 1000, 3;
1, 256, 0, 0, 0, 0, 4, 999, 2;
1, 256, 0, -1, -1, -1, 4, 999, 2;
1, 256, 0, 0, 0, 0, 4, 999, 2;
1, 256, 1, 1, 1, 1, 6, 1001, 4;
1, 256, 1, 1, 1, 1, 5, 1000, 3;
1, 256, 0, 0, 0, 0, 5, 999, 3;
1, 256, 0, 0, 0, 0, 5, 999, 3;
1, 256, 0, 0, 0, 0, 5, 1000, 3;
1, 256, 0, -1, -1, -1, 4, 998, 1;
1, 256, 0, -1, -1, -1, 4, 999, 2;
1, 256, 1, 1, 1, 1, 6, 1001, 4;
1, 256, 0, 0, 0, 0, 5, 999, 3;
1, 256, 0, -1, -1, -1, 4, 999, 2;
1, 256, 0, -1, -1, -1, 4, 999, 2;
1, 256, 0, -1, -1, -1, 4, 999, 2;
1, 256, 0, 0, 0, 0, 5, 1000, 3;
1, 256, 0, 0, 0, 0, 4, 999, 2;
1, 256, 0, 1, 1, 1, 5, 1000, 3;
1, 256, 0, 0, 0, 0, 5, 1000, 3;
1, 256, 1, 1, 1, 1, 6, 1001, 4;
1, 256, 0, -1, -1, -1, 4, 999, 2;
1, 256, 0, 0, 0, 0, 5, 999, 2;
1, 256, 0, -1, -1, -1, 4, 999, 2;
1, 256, 0, 0, 0, 0, 5, 1000, 3;
1, 256, 0, -1, -1, -1, 3, 998, 1;
1, 256, 0, 0, 0, 0, 5, 1000, 3;
1, 256, 0, 0, 0, 0, 5, 1000, 3;
1, 256, 0, -1, -1, -1, 4, 999, 2;
1, 256, 0, -1, -1, -1, 4, 999, 2;
1, 256, 0, -1, -1, -1, 4, 999, 2;
1, 256, 0, 0, 0, 0, 5, 1000, 3;
1, 256, 1, 1, 1, 1, 6, 1001, 4;
1, 256, 0, -1, -1, -1, 4, 999, 2;
1, 256, 1, 1, 1, 1, 5, 1000, 3;
1, 256, 0, 0, 0, 0, 4, 999, 2;
1, 256, 1, 1, 1, 1, 6, 1001, 4;
1, 256, 0, 0, 0, 0, 4, 999, 2;
1, 256, 0, -1, -1, -1, 3, 998, 1;
1, 256, 0, 0, 0, 0, 4, 999, 2;
1, 256, 0, -1, -1, -1, 4, 999, 2;
1, 256, 1, 1, 1, 1, 6, 1001, 4;
1, 256, 0, 0, 0, 0, 5, 1000, 3;
1, 256, 0, 0, 0, 0, 5, 1000, 3;
1, 256, 1, 1, 1, 1, 6, 1000, 4;
1, 256, 0, -1, -1, -1, 4, 999, 2;
1, 256, 1, 1, 1, 1, 6, 1001, 4;
1, 256, 0, 1, 1, 1, 5, 1000, 3;
1, 256, 0, 1, 1, 1, 5, 1000, 3;
1, 256, 0, 1, 1, 1, 5, 1000, 3;
1, 256, 0, 0, 0, 0, 4, 999, 2;
1, 256, 0, 0, 0, 0, 5, 1000, 3;
1, 256, 1, 1, 1, 1, 6, 1001, 4;
1, 256, 1, 1, 1, 1, 6, 1001, 4;
1, 256, 0, 0, 0, 0, 4, 999, 2;
1, 256, 0, -1, -1, -1, 4, 998, 2;
1, 256, 0, 0, 0, 0, 4, 999, 2;
1, 256, 0, -1, -1, -1, 4, 999, 2;
1, 256, 0, 0, 0, 0, 5, 1000, 3;
1, 256, 0, 0, 0, 0, 5, 1000, 3;
1, 256, 1, 1, 1, 1, 6, 1001, 4;
1, 256, 0, -1, -1, -1, 4, 999, 2;
1, 256, 0, -1, -1, -1, 4, 998, 2;
1, 256, 0, 0, 0, 0, 5, 1000, 3;
1, 256, 0, -1, -1, -1, 4, 999, 2;
1, 256, 1, 1, 1, 1, 5, 1000, 3;
1, 256, 0, 0, 0, 0, 5, 1000, 3;
1, 256, 0, 0, 0, 0, 4, 999, 2;
1, 256, 0, -1, -1, -1, 4, 999, 2;
1, 256, 0, 0, 0, 0, 5, 999, 3;
1, 256, 0, -1, -1, -1, 4, 999, 2;
1, 256, 0, -1, -1, -1, 3, 998, 1;
1, 256, 1, 1, 1, 1, 6, 1001, 4;
1, 256, 0, 0, 0, 0, 4, 999, 2;
1, 256, 0, 0, 0, 0, 5, 1000, 3;
1, 256, 0, 0, 0, 0, 4, 999, 2;
1, 256, 0, 0, 0, 0, 5, 999, 3;
1, 256, 0, -1, -1, -1, 4, 998, 2;
1, 256, 1, 1, 1, 1, 6, 1001, 4;
1, 256, 0, 0, 0, 0, 5, 1000, 3;
1, 256, 0, 0, 0, 0, 5, 1000, 3;
1, 256, 0, 0, 0, 0, 5, 1000, 3;
1, 256, 0, 0, 0, 0, 4, 999, 2;
1, 256, 1, 1, 1, 1, 5, 1000, 3;
1, 256, 0, 0, 0, 0, 5, 1000, 3;
1, 256, 0, 0, 0, 0, 5, 1000, 3;
1, 256, 0, -1, -1, -1, 4, 999, 2;
1, 256, 0, 0, 0, 0, 4, 999, 2;
1, 256, 1, 1, 1, 1, 6, 1001, 4;
1, 256, 0, 1, 1, 1, 5, 1000, 3;
1, 256, 0, 0, 0, 0, 5, 1000, 3;
1, 256, 0, 0, 0, 0, 5, 1000, 3;
1, 256, 0, 0, 0, 0, 5, 1000, 3;
1, 256, 0, 0, 0, 0, 4, 999, 2;
1, 256, 0, 0, 0, 0, 4, 999, 2;
1, 256, 1, 1, 1, 1, 6, 1000, 4;
1, 256, 0, -1, -1, -1, 4, 999, 2;
1, 256, 0, 0, 0, 0, 5, 999, 2;
1, 256, 0, -1, -1, -1, 4, 998, 1;
1, 256, 0, -1, -1, -1, 4, 999, 2;
1, 256, 0, 0, 0, 0, 4, 999, 2;
1, 256, 0, 0, 0, 0, 5, 1000, 3;
1, 256, 0, 0, 0, 0, 5, 1000, 3;
1, 256, 0, 0, 0, 0, 4, 999, 2;
1, 256, 0, -1, -1, -1, 4, 999, 2;
1, 256, 0, 0, 0, 0, 5, 1000, 3;
1, 256, 0, -1, -1, -1, 4, 999, 2;
1, 256, 0, -1, -1, -1, 4, 999, 2;
1, 256, 0, 0, 0, 0, 4, 999, 2;
1, 256, 1, 1, 1, 1, 6, 1000, 3;
1, 256, 0, 0, 0, 0, 4, 999, 2;
1, 256, 0, 0, 0, 0, 4, 999, 2;
1, 256, 0, -1, -1, -1, 4, 999, 2;
1, 256, 0, -1, -1, -1, 4, 999, 2;
1, 256, 0, 0, 0, 0, 5, 1000, 3;
1, 256, 1, 1, 1, 1, 6, 1000, 4;
1, 256, 0, 0, 0, 0, 4, 999, 2;
1, 256, 1, 1, 1, 1, 5, 1000, 3;
1, 256, 0, -1, -1, -1, 4, 999, 2;
1, 256, 0, 0, 0, 0, 4, 999, 2;
1, 256, 0, 0, 0, 0, 5, 1000, 3;
1, 256, 1, 1, 1, 1, 6, 1001, 4;
1, 256, 0, 0, 0, 0, 4, 999, 2;
1, 256, 0, -1, -1, -1, 4, 999, 2;
1, 256, 1, 1, 1, 1, 6, 1000, 4;
1, 256, 1, 1, 1, 1, 6, 1001, 4;
1, 256, 0, 0, 0, 0, 4, 999, 2;
1, 256, 0, 0, 0, 0, 4, 999, 2;
1, 256, 0, -1, -1, -1, 4, 998, 2;
1, 256, 0, 0, 0, 0, 5, 1000, 3;
1, 256, 0, 0, 0, 0, 5, 1000, 3;
1, 256, 0, 0, 0, 0, 5, 1000, 3;
1, 256, 1, 1, 1, 1, 6, 1001, 4;
1, 256, 0, 0, 0, 0, 5, 1000, 3;
1, 256, 0, 0, 0, 0, 4, 999, 2;
1, 256, 0, 0, 0, 0, 4, 999, 2;
1, 256, 0, -1, -1, -1, 4, 998, 2;
1, 256, 0, 1, 1, 1, 5, 1000, 3;
1, 256, 0, -1, -1, -1, 4, 999, 2;
1, 256, 0, 0, 0, 0, 4, 999, 2;
1, 256, 0, 0, 0, 0, 5, 1000, 3;
1, 256, 0, 0, 0, 0, 5, 1000, 3;
1, 256, 0, 0, 0, 0, 5, 999, 3;
1, 256, 0, 0, 0, 0, 5, 1000, 3;
1, 256, 1, 1, 1, 1, 6, 1000, 4;
1, 256, 0, 0, 0, 0, 5, 999, 2;
1, 256, 0, -1, -1, -1, 4, 999, 2;
1, 256, 0, -1, -1, -1, 4, 998, 2;
1, 256, 0, 0, 0, 0, 5, 1000, 3;
1, 256, 0, 0, 0, 0, 4, 999, 2;
1, 256, 0, 1, 1, 1, 5, 1000, 3;
1, 256, 0, -1, -1, -1, 4, 998, 2;
1, 256, 0, 0, 0, 0, 4, 999, 2;
1, 256, 0, 0, 0, 0, 5, 1000, 3;
1, 256, 0, 0, 0, 0, 5, 999, 3;
1, 256, 0, 0, 0, 0, 5, 1000, 3;
1, 256, 0, 0, 0, 0, 5, 999, 2;
1, 256, 0, 0, 0, 0, 4, 999, 2;
1, 256, 0, -1, -1, -1, 4, 999, 2;
1, 256, 0, 0, 0, 0, 4, 999, 2;
1, 256, 0, -1, -1, -1, 4, 999, 2;
1, 256, 0, -1, -1, -1, 4, 999, 2;
1, 256, 0, -1, -1, -1, 3, 998, 1;
1, 256, 0, 0, 0, 0, 4, 999, 2;
1, 256, 0, 0, 0, 0, 5, 1000, 3;
1, 256, 0, 0, 0, 0, 5, 1000, 3;
1, 256, 0, 0, 0, 0, 5, 999, 3;
1, 256, 1, 1, 1, 1, 6, 1000, 3;
1, 256, 0, 0, 0, 0, 4, 999, 2;
1, 256, 0, 0, 0, 0, 5, 999, 3;
1, 256, 0, -1, -1, -1, 4, 999, 2;
1, 256, 0, 0, 0, 0, 5, 1000, 3;
1, 256, 0, 0, 0, 0, 5, 1000, 3;
1, 256, 0, -1, -1, -1, 4, 999, 2;
1, 256, 0, -1, -1, -1, 4, 998, 1;
1, 256, 0, -1, -1, -1, 4, 999, 2;
1, 256, 0, 0, 0, 0, 5, 1000, 3;
1, 256, 1, 1, 1, 1, 5, 1000, 3;
1, 256, 0, 0, 0, 0, 4, 999, 2;
1, 256, 0, -1, -1, -1, 4, 998, 2;
1, 256, 0, 0, 0, 0, 5, 1000, 3;
1, 256, 0, -1, -1, -1, 3, 998, 1;
1, 256, 1, 1, 1, 1, 6, 1001, 4;
1, 256, 0, 0, 0, 0, 4, 999, 2;
1, 256, 0, 0, 0, 0, 4, 999, 2;
1, 256, 0, -1, -1, -1, 4, 998, 1;
1, 256, 0, 0, 0, 0, 5, 1000, 3;
1, 256, 0, 0, 0, 0, 5, 1000, 3;
1, 256, 0, 0, 0, 0, 5, 1000, 3;
1, 256, 0, 0, 0, 0, 4, 999, 2;
1, 256, 0, 0, 0, 0, 4, 999, 2;
1, 256, 0, 0, 0, 0, 5, 1000, 3;
1, 256, 1, 1, 1, 1, 5, 1000, 3;
1, 256, 0, 0, 0, 0, 4, 999, 2;
1, 256, 1, 1, 1, 1, 6, 1000, 3;
1, 256, 0, 0, 0, 0, 5, 1000, 3;
1, 256, 0, 0, 0, 0, 5, 999, 2;
1, 256, 0, -1, -1, -1, 4, 999, 2;
1, 256, 0, 0, 0, 0, 5, 1000, 3;
1, 256, 0, 0, 0, 0, 5, 1000, 3;
1, 256, 0, 0, 0, 0, 5, 1000, 3;
1, 256, 0, 0, 0, 0, 4, 999, 2;
1, 256, 0, 0, 0, 0, 5, 1000, 3;
1, 256, 0, 1, 1, 1, 5, 1000, 3;
1, 256, 0, 0, 0, 0, 4, 999, 2;
1, 256, 0, 0, 0, 0, 5, 1000, 3;
1, 256, 0, -1, -1, -1, 4, 999, 2;
1, 256, 0, 0, 0, 0, 4, 999, 2;
1, 256, 0, 0, 0, 0, 4, 999, 2;
1, 256, 1, 1, 1, 1, 6, 1001, 4;
1, 256, 0, 0, 0, 0, 5, 1000, 3;
1, 256, 0, -1, -1, -1, 4, 999, 2;
1, 256, 0, 0, 0, 0, 4, 999, 2;
1, 256, 0, -1, -1, -1, 3, 998, 1;
1, 256, 0, 0, 0, 0, 5, 999, 3;
1, 256, 1, 1, 1, 1, 6, 1001, 4;
1, 256, 1, 1, 1, 1, 6, 1001, 4;
1, 256, 0, 0, 0, 0, 5, 1000, 3;
1, 256, 0, 1, 1, 1, 5, 1000, 3;
1, 256, 1, 1, 1, 1, 6, 1001, 4;
1, 256, 0, 0, 0, 0, 5, 1000, 3;
1, 256, 0, -1, -1, -1, 4, 998, 1;
1, 256, 0, 0, 0, 0, 5, 1000, 3;
1, 256, 0, 0, 0, 0, 5, 1000, 3;
1, 256, 0, 0, 0, 0, 4, 999, 2;
1, 256, 0, 0, 0, 0, 4, 999, 2;
1, 256, 0, -1, -1, -1, 4, 999, 2;
1, 256, 0, 0, 0, 0, 5, 999, 3;
1, 256, 0, 1, 1, 1, 5, 1000, 3;
1, 256, 0, -1, -1, -1, 4, 999, 2;
1, 256, 1, 1, 1, 1, 6, 1000, 4;
1, 256, 0, 1, 1, 1, 5, 1000, 3;
1, 256, 0, 0, 0, 0, 5, 1000, 3;
1, 256, 0, 0, 0, 0, 5, 1000, 3;
1, 256, 0, -1, -1, -1, 4, 999, 2;
1, 256, 0, -1, -1, -1, 4, 999, 2;
1, 256, 0, -1, -1, -1, 4, 998, 1;
1, 256, 0, 0, 0, 0, 5, 1000, 3;
1, 256, 0, 0, 0, 0, 4, 999, 2;
1, 256, 0, 1, 1, 1, 5, 1000, 3;
1, 256, 0, 0, 0, 0, 5, 999, 3;
1, 256, 0, 0, 0, 0, 5, 1000, 3;
1, 256, 0, -1, -1, -1, 4, 999, 2;
1, 256, 1, 1, 1, 1, 6, 1001, 4;
1, 256, 0, 0, 0, 0, 5, 1000, 3;
1, 256, 0, -1, -1, -1, 4, 999, 2;
1, 256, 0, 0, 0, 0, 5, 1000, 3;
1, 256, 1, 1, 1, 1, 6, 1000, 3;
1, 256, 0, 0, 0, 0, 4, 999, 2;
1, 256, 0, 0, 0, 0, 5, 1000, 3;
1, 256, 0, 0, 0, 0, 4, 999, 2;
1, 256, 0, 0, 0, 0, 5, 1000, 3;
1, 256, 0, -1, -1, -1, 4, 999, 2;
1, 256, 0, -1, -1, -1, 4, 999, 2;
1, 256, 0, 0, 0, 0, 4, 999, 2;
1, 256, 0, 0, 0, 0, 4, 999, 2;
1, 256, 0, 0, 0, 0, 4, 999, 2;
1, 256, 0, -1, -1, -1, 4, 999, 2;
1, 256, 0, -1, -1, -1, 4, 999, 2;
1, 256, 1, 1, 1, 1, 6, 1001, 4;
1, 256, 0, -1, -1, -1, 4, 999, 2;
1, 256, 0, 0, 0, 0, 5, 999, 3;
1, 256, 0, 0, 0, 0, 5, 1000, 3;
1, 256, 0, 0, 0, 0, 5, 1000, 3;
1, 256, 0, -1, -1, -1, 4, 999, 2;
1, 256, 0, 1, 1, 1, 5, 1000, 3;
1, 256, 0, 0, 0, 0, 5, 1000, 3;
1, 256, 0, 0, 0, 0, 5, 1000, 3;
1, 256, 0, 0, 0, 0, 4, 999, 2;
1, 256, 0, 0, 0, 0, 4, 999, 2;
1, 256, 0, 0, 0, 0, 4, 999, 2;
1, 256, 0, -1, -1, -1, 4, 999, 2;
1, 256, 0, 0, 0, 0, 4, 999, 2;
1, 256, 0, 0, 0, 0, 4, 999, 2;
1, 256, 0, 0, 0, 0, 4, 999, 2;
1, 256, 0, 0, 0, 0, 5, 999, 2;
1, 256, 0, 0, 0, 0, 4, 999, 2;
1, 256, 0, 0, 0, 0, 4, 999, 2;
1, 256, 0, 0, 0, 0, 5, 1000, 3;
1, 256, 0, 0, 0, 0, 5, 1000, 3;
1, 256, 0, -1, -1, -1, 4, 999, 2;
1, 256, 1, 1, 1, 1, 6, 1001, 4;
1, 256, 0, 1, 1, 1, 5, 1000, 3;
1, 256, 0, -1, -1, -1, 4, 999, 2;
1, 256, 0, 0, 0, 0, 4, 999, 2;
1, 256, 1, 1, 1, 1, 5, 1000, 3;
1, 256, 0, -1, -1, -1, 4, 999, 2;
1, 256, 0, 0, 0, 0, 4, 999, 2;
1, 256, 0, 0, 0, 0, 5, 1000, 3;
1, 256, 0, -1, -1, -1, 4, 998, 1;
1, 256, 0, -1, -1, -1, 4, 998, 2;
1, 256, 0, 0, 0, 0, 5, 1000, 3;
0, 256, 0, -1, -1, -1, 3, 998, 1;
1, 256, 0, -1, -1, -1, 3, 998, 1;
1, 256, 0, -1, -1, -1, 3, 998, 1;
1, 256, 0, 0, 0, 0, 5, 1000, 3;
1, 256, 1, 1, 1, 1, 5, 1000, 3;
1, 256, 0, -1, -1, -1, 4, 999, 2;
1, 256, 0, 0, 0, 0, 4, 999, 2;
1, 256, 0, 0, 0, 0, 5, 1000, 3;
1, 256, 0, 0, 0, 0, 5, 1000, 3;
1, 256, 0, 0, 0, 0, 4, 999, 2;
1, 256, 0, 0, 0, 0, 4, 999, 2;
1, 256, 0, 0, 0, 0, 5, 1000, 3;
1, 256, 0, 0, 0, 0, 4, 999, 2;
1, 256, 0, 0, 0, 0, 4, 999, 2;
1, 256, 0, -1, -1, -1, 4, 999, 2;
1, 256, 0, 0, 0, 0, 5, 1000, 3;
1, 256, 0, 0, 0, 0, 5, 1000, 3;
1, 256, 0, -1, -1, -1, 4, 998, 1;
1, 256, 1, 1, 1, 1, 5, 1000, 3;
1, 256, 0, -1, -1, -1, 4, 998, 1;
1, 256, 0, 0, 0, 0, 5, 1000, 3;
1, 256, 0, 0, 0, 0, 4, 999, 2;
1, 256, 1, 1, 1, 1, 6, 1001, 4;
1, 256, 0, 0, 0, 0, 5, 1000, 3;
1, 256, 0, -1, -1, -1, 4, 998, 1;
1, 256, 0, 0, 0, 0, 5, 1000, 3;
1, 256, 0, 0, 0, 0, 4, 999, 2;
1, 256, 0, 0, 0, 0, 4, 999, 2;
1, 256, 0, 0, 0, 0, 5, 1000, 3;
1, 256, 0, 0, 0, 0, 4, 999, 2;
1, 256, 0, -1, -1, -1, 3, 998, 1;
1, 256, 0, 0, 0, 0, 5, 1000, 3;
1, 256, 0, 0, 0, 0, 5, 1000, 3;
1, 256, 0, 0, 0, 0, 4, 999, 2;
1, 256, 0, 0, 0, 0, 4, 999, 2;
1, 256, 0, -1, -1, -1, 4, 999, 2;
1, 256, 0, -1, -1, -1, 4, 999, 2;
1, 256, 0, 0, 0, 0, 4, 999, 2;
1, 256, 0, 1, 1, 1, 5, 1000, 3;
1, 256, 0, 0, 0, 0, 5, 1000, 3;
1, 256, 0, 0, 0, 0, 5, 1000, 3;
1, 256, 0, -1, -1, -1, 4, 999, 2;
1, 256, 0, 1, 1, 1, 5, 1000, 3;
1, 256, 0, -1, -1, -1, 4, 999, 2;
1, 256, 0, -1, -1, -1, 3, 998, 1;
1, 256, 0, 0, 0, 0, 5, 1000, 3;
1, 256, 0, 0, 0, 0, 5, 1000, 3;
1, 256, 0, -1, -1, -1, 4, 999, 2;
1, 256, 0, 0, 0, 0, 5, 1000, 3;
1, 256, 1, 1, 1, 1, 6, 1001, 4;
1, 256, 0, 0, 0, 0, 4, 999, 2;
1, 256, 0, -1, -1, -1, 4, 999, 2;
1, 256, 0, 0, 0, 0, 5, 999, 3;
1, 256, 0, 0, 0, 0, 4, 999, 2;
1, 256, 0, 0, 0, 0, 4, 999, 2;
1, 256, 0, 0, 0, 0, 4, 999, 2;
1, 256, 0, 0, 0, 0, 5, 1000, 3;
1, 256, 0, 0, 0, 0, 4, 999, 2;
1, 256, 0, -1, -1, -1, 4, 999, 2;
1, 256, 0, 0, 0, 0, 5, 999, 2;
1, 256, 0, 0, 0, 0, 5, 1000, 3;
1, 256, 0, 1, 1, 1, 5, 1000, 3;
1, 256, 0, 0, 0, 0, 5, 1000, 3;
1, 256, 0, 0, 0, 0, 4, 999, 2;
1, 256, 0, 0, 0, 0, 5, 1000, 3;
1, 256, 0, 0, 0, 0, 5, 1000, 3;
1, 256, 1, 1, 1, 1, 6, 1001, 4;
1, 256, 1, 1, 1, 1, 6, 1001, 4;
1, 256, 0, -1, -1, -1, 3, 998, 1;
1, 256, 0, 0, 0, 0, 5, 1000, 3;
1, 256, 1, 1, 1, 1, 6, 1001, 4;
1, 256, 0, 0, 0, 0, 4, 999, 2;
1, 256, 0, -1, -1, -1, 4, 999, 2;
1, 256, 1, 1, 1, 1, 6, 1001, 4;
1, 256, 0, -1, -1, -1, 4, 999, 2;
1, 256, 1, 1, 1, 1, 6, 1000, 3;
1, 256, 1, 1, 1, 1, 6, 1001, 4;
1, 256, 0, -1, -1, -1, 4, 999, 2;
1, 256, 0, 0, 0, 0, 5, 1000, 3;
1, 256, 1, 1, 1, 1, 5, 1000, 3;
1, 256, 0, 0, 0, 0, 4, 999, 2;
1, 256, 1, 1, 1, 1, 6, 1001, 4;
1, 256, 0, -1, -1, -1, 3, 998, 1;
0, 256, 0, -1, -1, -1, 3, 998, 1;
1, 256, 0, 0, 0, 0, 5, 1000, 3;
1, 256, 0, 0, 0, 0, 5, 1000, 3;
1, 256, 0, 0, 0, 0, 4, 999, 2;
1, 256, 1, 1, 1, 1, 6, 1000, 4;
1, 256, 0, 0, 0, 0, 4, 999, 2;
1, 256, 0, -1, -1, -1, 4, 999, 2;
1, 256, 0, 0, 0, 0, 5, 1000, 3;
1, 256, 0, 1, 1, 1, 5, 1000, 3;
1, 256, 1, 1, 1, 1, 6, 1001, 4;
1, 256, 0, -1, -1, -1, 4, 999, 2;
1, 256, 0, -1, -1, -1, 4, 999, 2;
1, 256, 0, 0, 0, 0, 4, 999, 2;
1, 256, 0, 0, 0, 0, 5, 1000, 3;
1, 256, 0, 1, 1, 1, 5, 1000, 3;
1, 256, 0, -1, -1, -1, 4, 999, 2;
1, 256, 0, 0, 0, 0, 5, 1000, 3;
1, 256, 0, 1, 1, 1, 5, 1000, 3;
1, 256, 0, 0, 0, 0, 5, 1000, 3;
1, 256, 0, 0, 0, 0, 5, 1000, 3;
1, 256, 0, 0, 0, 0, 5, 1000, 3;
1, 256, 1, 1, 1, 1, 6, 1001, 4;
1, 256, 0, 0, 0, 0, 4, 999, 2;
1, 256, 0, -1, -1, -1, 4, 999, 2;
1, 256, 0, -1, -1, -1, 4, 998, 1;
1, 256, 1, 1, 1, 1, 6, 1001, 4;
1, 256, 0, -1, -1, -1, 4, 999, 2;
1, 256, 0, 0, 0, 0, 5, 1000, 3;
1, 256, 0, 0, 0, 0, 5, 1000, 3;
1, 256, 0, 0, 0, 0, 4, 999, 2;
1, 256, 0, 0, 0, 0, 5, 1000, 3;
1, 256, 0, 0, 0, 0, 5, 1000, 3;
1, 256, 0, 0, 0, 0, 5, 1000, 3;
1, 256, 0, 0, 0, 0, 4, 999, 2;
1, 256, 0, 0, 0, 0, 4, 999, 2;
1, 256, 0, 1, 1, 1, 5, 1000, 3;
1, 256, 1, 1, 1, 1, 5, 1000, 3;
1, 256, 0, 0, 0, 0, 4, 999, 2;
1, 256, 0, 0, 0, 0, 5, 1000, 3;
1, 256, 0, 0, 0, 0, 5, 1000, 3;
1, 256, 0, -1, -1, -1, 4, 999, 2;
1, 256, 0, -1, -1, -1, 4, 999, 2;
1, 256, 0, 0, 0, 0, 5, 999, 3;
1, 256, 0, 0, 0, 0, 5, 1000, 3;
1, 256, 0, 0, 0, 0, 4, 999, 2;
1, 256, 0, 1, 1, 1, 5, 1000, 3;
1, 256, 0, 0, 0, 0, 5, 999, 3;
1, 256, 0, 0, 0, 0, 4, 999, 2;
1, 256, 0, -1, -1, -1, 4, 998, 2;
1, 256, 0, 1, 1, 1, 5, 1000, 3;
1, 256, 0, 0, 0, 0, 5, 1000, 3;
1, 256, 0, 0, 0, 0, 5, 1000, 3;
1, 256, 0, 0, 0, 0, 4, 999, 2;