-1, 293, 11, -6, 403, -6, -7, 1145, 43;
4, 298, 16, 36, 419, 9, 18, 1164, 63;
6, 298, 15, 62, 416, 8, 23, 1162, 61;
3, 293, 11, 74, 399, -5, 12, 1144, 43;
6, 294, 12, 105, 400, -1, 24, 1147, 48;
5, 291, 10, 124, 389, -8, 22, 1137, 39;
9, 293, 12, 158, 391, -1, 37, 1144, 48;
14, 296, 15, 194, 396, 8, 56, 1155, 61;
10, 290, 10, 203, 373, -7, 42, 1132, 41;
15, 292, 13, 236, 373, 0, 58, 1139, 51;
19, 294, 16, 270, 375, 10, 77, 1149, 63;
16, 288, 10, 277, 349, -6, 62, 1124, 42;
16, 286, 10, 299, 337, -8, 66, 1118, 40;
24, 291, 16, 340, 345, 10, 94, 1137, 63;
24, 289, 15, 358, 331, 7, 96, 1129, 59;
23, 285, 12, 370, 309, -1, 90, 1114, 48;
22, 282, 10, 383, 289, -8, 86, 1100, 40;
27, 284, 14, 415, 288, 3, 106, 1110, 55;
25, 280, 10, 423, 263, -7, 98, 1092, 41;
26, 279, 11, 441, 250, -5, 103, 1088, 43;
31, 281, 15, 470, 247, 6, 123, 1097, 58;
27, 274, 9, 469, 215, -9, 107, 1071, 38;
28, 272, 9, 482, 197, -10, 109, 1064, 37;
31, 274, 12, 504, 189, -2, 123, 1068, 48;
29, 269, 9, 507, 162, -11, 114, 1050, 36;
30, 267, 9, 518, 145, -11, 117, 1044, 36;
38, 273, 16, 551, 150, 11, 148, 1066, 65;
36, 269, 14, 554, 126, 6, 143, 1052, 58;
37, 268, 15, 562, 108, 7, 147, 1046, 59;
39, 267, 16, 572, 93, 10, 153, 1044, 64;
39, 266, 16, 578, 75, 11, 155, 1038, 65;
33, 257, 10, 561, 36, -8, 131, 1006, 40;
38, 260, 15, 579, 32, 6, 150, 1017, 59;
34, 254, 11, 567, 0, -6, 134, 994, 42;
34, 253, 11, 567, -19, -6, 134, 987, 43;
36, 253, 13, 571, -32, 0, 142, 987, 50;
36, 251, 13, 570, -50, 1, 142, 982, 52;
36, 249, 13, 565, -69, 0, 141, 974, 51;
35, 247, 12, 558, -90, -1, 137, 965, 49;
33, 244, 11, 549, -112, -4, 132, 954, 45;
35, 245, 14, 549, -123, 3, 139, 956, 55;
30, 238, 9, 525, -156, -11, 118, 931, 36;
37, 244, 16, 537, -151, 11, 144, 953, 64;
36, 242, 16, 526, -169, 11, 142, 946, 65;
34, 239, 15, 510, -190, 7, 134, 935, 59;
34, 239, 16, 501, -202, 11, 136, 934, 65;
30, 234, 13, 474, -230, 0, 117, 913, 50;
33, 236, 16, 470, -233, 12, 129, 923, 66;
26, 229, 11, 437, -265, -4, 104, 896, 45;
28, 231, 14, 427, -272, 3, 109, 901, 55;
27, 230, 14, 410, -284, 5, 107, 898, 57;
22, 225, 10, 379, -309, -6, 87, 878, 42;
23, 226, 13, 367, -313, 1, 93, 884, 53;
18, 221, 9, 334, -337, -10, 73, 865, 38;
22, 225, 15, 328, -332, 6, 87, 881, 58;
19, 223, 13, 300, -348, 0, 75, 870, 51;
21, 225, 16, 287, -347, 11, 83, 880, 65;
17, 222, 14, 256, -364, 3, 67, 867, 55;
15, 221, 13, 229, -374, 2, 59, 862, 53;
14, 221, 14, 208, -378, 5, 56, 863, 57;
9, 217, 11, 172, -394, -4, 37, 848, 44;
11, 220, 14, 156, -389, 5, 44, 859, 57;
10, 220, 15, 132, -392, 7, 40, 859, 60;
7, 218, 13, 101, -401, 2, 27, 852, 54;
7, 220, 15, 79, -398, 7, 27, 858, 60;
1, 215, 11, 39, -414, -5, 3, 840, 43;
2, 218, 14, 23, -404, 5, 10, 853, 57;
-2, 215, 11, -13, -414, -4, -7, 841, 45;
-2, 216, 12, -37, -410, 0, -10, 846, 49;
-3, 218, 13, -61, -405, 1, -13, 850, 53;
-3, 220, 15, -81, -396, 8, -12, 859, 61;
-8, 217, 12, -118, -403, -1, -31, 847, 48;
-12, 214, 9, -154, -409, -12, -50, 836, 35;
-7, 221, 16, -159, -382, 9, -30, 865, 62;
-9, 222, 16, -184, -375, 9, -36, 868, 62;
-11, 222, 15, -211, -370, 7, -44, 868, 60;
-12, 224, 16, -233, -359, 11, -47, 875, 64;
-19, 219, 10, -276, -369, -7, -76, 855, 41;
-18, 222, 12, -292, -353, 0, -73, 867, 50;
-18, 224, 14, -310, -338, 4, -73, 877, 56;
-19, 227, 15, -329, -323, 7, -74, 885, 60;
-22, 225, 13, -358, -319, 0, -88, 880, 51;
-23, 227, 13, -377, -305, 1, -92, 887, 52;
-28, 225, 9, -409, -304, -9, -111, 877, 38;
-24, 231, 15, -411, -273, 6, -95, 903, 59;
-25, 233, 15, -427, -257, 8, -97, 911, 61;
-25, 236, 16, -441, -239, 12, -97, 921, 66;
-28, 235, 14, -464, -230, 5, -110, 918, 57;
-29, 236, 14, -480, -215, 3, -115, 922, 55;
-29, 239, 15, -490, -195, 7, -114, 934, 60;
-29, 241, 16, -501, -176, 9, -115, 942, 62;
-34, 239, 12, -526, -171, -3, -134, 933, 46;
-32, 243, 14, -528, -146, 4, -126, 949, 56;
-36, 242, 11, -547, -137, -4, -141, 944, 44;
-38, 242, 10, -560, -123, -9, -148, 946, 39;
-35, 247, 13, -556, -94, 1, -137, 965, 52;
-34, 250, 14, -560, -73, 3, -136, 975, 54;
-38, 248, 11, -574, -63, -5, -148, 971, 43;
-36, 252, 12, -572, -40, -1, -144, 983, 48;
-39, 251, 10, -582, -28, -9, -153, 981, 39;
-36, 256, 13, -573, 0, 0, -142, 1000, 51;
-37, 256, 11, -577, 15, -4, -147, 1002, 45;
-36, 260, 13, -570, 39, 0, -141, 1015, 51;
-36, 262, 13, -567, 58, 0, -140, 1022, 51;
-39, 260, 9, -575, 65, -11, -154, 1014, 36;
-32, 268, 15, -549, 104, 8, -128, 1046, 61;
-37, 265, 10, -558, 107, -7, -146, 1033, 41;
-33, 269, 13, -540, 134, 2, -132, 1052, 53;
-35, 269, 11, -539, 145, -5, -139, 1049, 43;
-34, 271, 11, -527, 163, -4, -135, 1057, 45;
-31, 275, 14, -507, 189, 3, -122, 1073, 55;
-30, 277, 14, -494, 207, 4, -118, 1080, 55;
-31, 276, 12, -487, 216, -3, -124, 1078, 47;
-33, 275, 9, -479, 225, -10, -129, 1075, 38;
-30, 278, 11, -458, 246, -5, -119, 1087, 44;
-26, 283, 14, -431, 270, 4, -102, 1105, 56;
-29, 280, 10, -427, 270, -9, -115, 1092, 39;
-28, 281, 9, -409, 284, -10, -111, 1097, 38;
-27, 282, 9, -389, 297, -9, -106, 1102, 38;
-23, 286, 12, -361, 317, -2, -92, 1116, 47;
-22, 287, 12, -340, 328, -2, -87, 1119, 47;
-19, 290, 14, -311, 345, 3, -74, 1131, 55;
-19, 289, 12, -293, 351, -1, -74, 1129, 49;
-13, 294, 16, -257, 372, 10, -53, 1148, 64;
-11, 295, 16, -232, 383, 12, -45, 1153, 66;
-10, 295, 16, -209, 389, 10, -41, 1154, 63;
-12, 293, 13, -194, 385, 0, -48, 1144, 51;
-9, 294, 14, -165, 394, 2, -38, 1149, 54;
-5, 298, 16, -130, 409, 12, -20, 1163, 66;
-10, 291, 9, -126, 391, -10, -41, 1136, 38;
-6, 294, 12, -91, 402, -1, -24, 1148, 48;
-5, 294, 11, -66, 403, -3, -20, 1147, 46;
-4, 293, 11, -41, 403, -5, -15, 1145, 43;
-1, 294, 12, -11, 407, -2, -5, 1149, 47;
-1, 292, 10, 8, 400, -9, -7, 1141, 39;
4, 297, 14, 50, 414, 5, 18, 1159, 58;
7, 298, 16, 82, 416, 10, 30, 1164, 63;
3, 292, 10, 89, 394, -8, 13, 1139, 40;
4, 291, 10, 115, 390, -9, 19, 1137, 39;
12, 296, 15, 159, 403, 8, 48, 1157, 61;
12, 295, 14, 182, 394, 4, 50, 1151, 57;
14, 294, 14, 207, 388, 5, 56, 1149, 57;
13, 291, 12, 225, 373, -2, 53, 1137, 47;
12, 287, 9, 240, 356, -11, 48, 1122, 36;
19, 292, 14, 282, 365, 5, 76, 1141, 58;
19, 290, 13, 301, 351, 1, 76, 1132, 52;
19, 287, 12, 319, 335, -3, 76, 1122, 46;
25, 291, 16, 355, 338, 11, 99, 1136, 64;
20, 283, 10, 356, 306, -8, 79, 1106, 39;
26, 287, 15, 393, 310, 7, 104, 1122, 59;
24, 282, 11, 401, 285, -4, 95, 1102, 45;
30, 286, 16, 436, 287, 12, 120, 1117, 66;
27, 280, 12, 439, 258, -2, 106, 1094, 47;
27, 278, 11, 454, 241, -4, 108, 1085, 45;
32, 280, 15, 481, 236, 6, 126, 1094, 59;
32, 278, 14, 493, 218, 4, 126, 1085, 56;
33, 277, 14, 508, 203, 5, 132, 1080, 58;
35, 276, 15, 523, 188, 8, 138, 1077, 61;
30, 269, 10, 517, 153, -9, 119, 1049, 39;
35, 271, 14, 540, 148, 3, 138, 1058, 55;
31, 264, 9, 534, 115, -11, 121, 1033, 37;
34, 266, 12, 552, 107, -1, 136, 1038, 49;
33, 263, 11, 554, 84, -5, 132, 1026, 44;
35, 262, 12, 564, 69, 0, 139, 1025, 49;
34, 260, 11, 565, 47, -4, 136, 1014, 45;
33, 256, 10, 563, 23, -8, 131, 1001, 40;
35, 256, 11, 569, 8, -4, 137, 999, 45;
40, 259, 16, 585, 5, 12, 157, 1012, 66;
36, 253, 13, 572, -25, 0, 142, 990, 51;
37, 253, 14, 573, -41, 3, 145, 987, 54;
39, 254, 16, 578, -52, 11, 155, 990, 65;
38, 250, 15, 569, -75, 7, 148, 978, 60;
31, 242, 9, 544, -113, -11, 123, 947, 36;
32, 242, 10, 540, -128, -7, 126, 945, 41;
36, 244, 14, 544, -133, 4, 140, 954, 57;
32, 240, 11, 525, -161, -4, 126, 936, 45;
36, 242, 16, 529, -164, 10, 141, 947, 63;
30, 236, 11, 500, -198, -6, 118, 920, 43;
30, 235, 12, 491, -211, -2, 119, 918, 47;
32, 236, 15, 485, -218, 6, 126, 923, 58;
32, 236, 16, 474, -230, 10, 128, 923, 64;
27, 231, 12, 445, -259, -2, 107, 900, 47;
24, 227, 9, 419, -281, -10, 93, 885, 37;
23, 226, 10, 404, -292, -7, 93, 884, 41;
24, 227, 12, 392, -299, 0, 97, 888, 50;
25, 228, 15, 378, -305, 6, 100, 891, 58;
19, 222, 9, 340, -334, -10, 74, 865, 37;
19, 222, 11, 323, -341, -6, 74, 867, 43;
18, 221, 11, 302, -350, -4, 70, 864, 45;
20, 224, 15, 290, -349, 6, 78, 875, 59;
16, 221, 13, 260, -365, 0, 64, 863, 51;
12, 218, 10, 228, -381, -7, 48, 850, 41;
14, 221, 14, 214, -377, 3, 56, 861, 55;
11, 218, 12, 184, -389, -1, 44, 853, 48;
9, 218, 12, 159, -394, 0, 38, 851, 49;
6, 215, 10, 126, -406, -7, 23, 841, 41;
4, 215, 10, 99, -410, -8, 16, 839, 40;
4, 216, 12, 78, -407, -2, 17, 846, 48;
4, 218, 13, 56, -405, 2, 16, 850, 53;
2, 217, 13, 28, -408, 0, 7, 848, 52;
-3, 214, 9, -9, -419, -9, -11, 835, 38;
1, 220, 16, -17, -399, 9, 5, 859, 63;
-6, 214, 10, -62, -416, -8, -24, 836, 39;
-9, 213, 9, -93, -417, -12, -35, 833, 35;
-4, 220, 15, -99, -394, 8, -16, 860, 61;
-7, 219, 13, -131, -395, 2, -30, 854, 54;
-9, 219, 13, -158, -391, 1, -37, 855, 53;
-14, 217, 10, -192, -394, -7, -55, 846, 42;
-13, 220, 13, -210, -380, 0, -52, 858, 51;
-16, 218, 11, -241, -379, -5, -66, 853, 43;
-13, 224, 16, -250, -354, 10, -51, 876, 63;
-16, 223, 14, -280, -352, 3, -65, 872, 55;
-18, 224, 13, -304, -343, 2, -73, 874, 54;
-24, 220, 9, -341, -347, -12, -97, 859, 36;
-24, 223, 11, -357, -329, -5, -94, 871, 43;
-22, 228, 14, -367, -306, 5, -85, 890, 57;
-26, 226, 11, -396, -302, -4, -102, 883, 45;
-24, 231, 15, -405, -278, 6, -94, 901, 58;
-30, 227, 10, -439, -280, -9, -118, 887, 39;
-25, 234, 15, -439, -248, 8, -101, 914, 61;
-26, 236, 15, -455, -232, 8, -104, 920, 61;
-33, 232, 10, -488, -233, -8, -129, 905, 40;
-32, 235, 12, -496, -211, -2, -125, 919, 47;
-34, 236, 11, -513, -198, -6, -134, 920, 43;
-32, 240, 13, -517, -172, 1, -127, 936, 52;
-37, 237, 9, -541, -168, -11, -146, 927, 36;
-30, 246, 16, -528, -126, 11, -119, 962, 65;
-38, 241, 10, -557, -130, -9, -148, 943, 39;
-33, 248, 14, -549, -95, 6, -130, 969, 58;
-37, 247, 11, -565, -86, -3, -144, 964, 46;
-39, 247, 9, -576, -73, -9, -153, 963, 38;
-38, 250, 11, -575, -50, -5, -148, 976, 44;
-39, 251, 10, -580, -33, -7, -152, 980, 41;
-40, 251, 9, -585, -18, -12, -157, 982, 35;
-35, 258, 14, -570, 16, 3, -138, 1008, 54;
-38, 257, 10, -579, 24, -7, -151, 1003, 42;
-36, 261, 13, -569, 51, 0, -141, 1019, 50;
-36, 262, 12, -566, 69, -1, -142, 1024, 49;
-32, 268, 16, -550, 99, 9, -126, 1045, 63;
-37, 265, 11, -558, 102, -5, -144, 1033, 44;
-35, 267, 11, -549, 122, -3, -140, 1042, 46;
-32, 272, 15, -530, 151, 6, -125, 1062, 58;
-37, 268, 9, -537, 151, -10, -144, 1047, 37;
-34, 271, 10, -521, 173, -6, -136, 1058, 42;
-29, 278, 15, -493, 206, 8, -113, 1084, 62;
-31, 276, 12, -489, 213, 0, -122, 1079, 50;
-30, 277, 12, -476, 228, -1, -120, 1083, 48;
-28, 281, 14, -455, 249, 3, -109, 1096, 55;
-30, 279, 10, -448, 254, -6, -118, 1088, 42;
-24, 285, 15, -416, 283, 7, -95, 1112, 60;
-23, 286, 15, -397, 298, 8, -90, 1118, 61;
-21, 288, 15, -377, 312, 8, -85, 1124, 62;
-26, 283, 9, -376, 305, -10, -103, 1104, 38;
-19, 289, 15, -338, 334, 6, -77, 1130, 59;
-19, 289, 13, -320, 341, 2, -77, 1129, 54;
-15, 293, 16, -287, 361, 11, -59, 1145, 65;
-16, 291, 13, -274, 361, 2, -65, 1136, 53;
-19, 287, 9, -263, 356, -11, -76, 1123, 36;
-14, 292, 13, -227, 376, 0, -56, 1140, 51;
-15, 290, 10, -209, 376, -7, -59, 1134, 42;
-9, 295, 14, -172, 394, 4, -38, 1150, 56;
-9, 294, 13, -150, 396, 0, -36, 1148, 51;
-7, 295, 13, -122, 402, 2, -27, 1152, 54;
-10, 291, 9, -110, 391, -11, -39, 1135, 36;
-2, 297, 15, -64, 414, 7, -8, 1161, 60;
-2, 296, 13, -43, 410, 1, -8, 1154, 53;
0, 297, 14, -12, 414, 5, 1, 1159, 57;
-2, 292, 10, 0, 400, -9, -9, 1140, 39;
1, 295, 12, 34, 407, -1, 7, 1151, 49;
6, 297, 15, 70, 414, 7, 24, 1160, 59;
8, 298, 16, 98, 414, 9, 33, 1162, 62;
8, 296, 14, 120, 405, 4, 34, 1155, 56;
12, 297, 16, 152, 406, 9, 47, 1160, 63;
12, 295, 14, 172, 395, 3, 46, 1151, 55;
10, 291, 11, 188, 379, -5, 40, 1136, 43;
11, 289, 10, 210, 369, -9, 43, 1129, 39;
16, 293, 14, 248, 374, 3, 65, 1143, 55;
18, 292, 14, 274, 367, 5, 73, 1142, 58;
18, 290, 13, 292, 352, 0, 72, 1131, 50;
20, 289, 13, 316, 343, 1, 79, 1129, 52;
19, 286, 10, 330, 324, -6, 75, 1115, 42;
23, 287, 13, 359, 320, 0, 90, 1120, 52;
27, 289, 16, 390, 318, 11, 108, 1128, 65;
24, 283, 11, 395, 290, -3, 94, 1105, 46;
23, 279, 9, 408, 270, -10, 91, 1091, 38;
30, 284, 15, 445, 275, 9, 119, 1110, 62;
29, 281, 13, 455, 253, 2, 115, 1096, 53;
26, 275, 9, 459, 225, -9, 104, 1075, 38;
28, 275, 10, 476, 212, -7, 111, 1072, 41;
34, 278, 15, 506, 211, 8, 134, 1086, 61;
30, 272, 11, 504, 179, -6, 119, 1061, 43;
32, 271, 11, 518, 164, -4, 124, 1057, 45;
33, 270, 12, 532, 149, -1, 131, 1054, 49;
36, 271, 15, 549, 139, 6, 143, 1057, 59;
36, 268, 14, 554, 118, 3, 141, 1047, 55;
33, 263, 10, 550, 88, -7, 129, 1026, 41;
35, 263, 12, 562, 75, -1, 138, 1027, 49;
34, 260, 11, 563, 53, -4, 135, 1015, 45;
35, 258, 11, 566, 34, -4, 136, 1008, 45;
36, 258, 13, 573, 19, 0, 142, 1007, 50;
34, 254, 10, 566, -6, -6, 134, 991, 42;
35, 253, 12, 571, -21, -1, 140, 990, 48;
40, 256, 16, 583, -26, 12, 157, 1000, 66;
34, 248, 10, 561, -64, -6, 132, 970, 42;
35, 248, 12, 561, -78, -1, 137, 969, 48;
34, 246, 11, 554, -99, -3, 134, 959, 46;
31, 241, 9, 539, -126, -11, 122, 942, 36;
38, 247, 16, 554, -121, 11, 148, 964, 64;
36, 244, 15, 540, -143, 7, 141, 952, 60;
35, 242, 15, 529, -161, 6, 138, 945, 59;
34, 240, 15, 518, -179, 6, 135, 939, 59;
28, 233, 9, 487, -214, -10, 110, 910, 37;
32, 236, 14, 488, -215, 3, 125, 922, 55;
32, 236, 15, 476, -228, 7, 125, 920, 59;
31, 235, 15, 461, -242, 8, 123, 917, 61;
28, 231, 13, 438, -264, 1, 110, 903, 53;
27, 230, 13, 420, -278, 2, 107, 898, 54;
25, 228, 13, 399, -294, 0, 99, 890, 51;
27, 230, 16, 389, -297, 10, 107, 898, 63;
22, 225, 12, 356, -321, -1, 86, 878, 48;
20, 224, 12, 335, -333, -1, 81, 874, 48;
20, 224, 13, 316, -340, 1, 80, 874, 53;
15, 219, 10, 283, -361, -9, 61, 857, 39;
14, 218, 9, 258, -371, -9, 54, 852, 38;
19, 224, 16, 255, -359, 11, 74, 875, 64;
15, 221, 14, 225, -373, 5, 61, 865, 57;
15, 222, 16, 204, -375, 10, 61, 868, 63;
12, 220, 14, 173, -386, 5, 48, 860, 57;
7, 217, 11, 138, -401, -4, 30, 846, 45;
8, 219, 14, 119, -397, 3, 33, 854, 55;
8, 220, 15, 97, -397, 7, 31, 858, 60;
7, 220, 16, 72, -397, 9, 27, 859, 62;
0, 214, 9, 26, -418, -9, -3, 835, 38;
3, 220, 16, 18, -399, 9, 14, 859, 63;
0, 217, 13, -16, -408, 1, -2, 848, 52;
0, 220, 16, -34, -398, 10, 1, 860, 63;
-4, 217, 13, -71, -406, 0, -17, 848, 51;
-3, 221, 16, -88, -393, 10, -11, 861, 63;
-9, 216, 11, -130, -405, -5, -38, 843, 43;
-9, 218, 13, -151, -394, 0, -37, 852, 51;
-14, 215, 9, -187, -399, -9, -56, 842, 38;
-16, 215, 9, -214, -395, -11, -65, 842, 36;
-13, 221, 13, -225, -373, 2, -53, 863, 54;
-14, 223, 15, -246, -361, 6, -55, 870, 58;
-17, 222, 13, -275, -358, 0, -68, 866, 51;
-18, 223, 13, -298, -347, 1, -72, 871, 53;
-19, 225, 14, -318, -335, 3, -75, 878, 55;
-21, 225, 13, -344, -327, 0, -85, 878, 51;
-22, 227, 14, -362, -312, 3, -87, 885, 54;
-24, 227, 12, -387, -304, 0, -97, 885, 49;
-28, 225, 10, -414, -298, -8, -111, 881, 40;
-27, 229, 12, -425, -276, 0, -106, 896, 50;
-26, 233, 15, -435, -254, 6, -101, 910, 59;
-32, 229, 9, -469, -256, -10, -127, 895, 37;
-27, 237, 16, -464, -220, 9, -105, 926, 63;
-34, 232, 9, -500, -225, -10, -135, 906, 37;
-34, 234, 10, -511, -205, -8, -135, 915, 40;
-31, 240, 14, -510, -175, 4, -122, 938, 56;
-33, 241, 13, -525, -161, 1, -129, 940, 52;
-32, 244, 14, -531, -140, 4, -127, 951, 56;
-37, 241, 10, -553, -134, -7, -145, 942, 41;
-38, 242, 9, -564, -119, -11, -151, 945, 37;
-37, 245, 11, -566, -95, -6, -147, 958, 43;
-37, 248, 11, -570, -75, -5, -146, 967, 44;
-34, 253, 14, -564, -46, 5, -135, 987, 57;
-35, 254, 14, -568, -29, 3, -138, 991, 54;
-34, 257, 14, -567, -7, 5, -135, 1002, 58;
-34, 258, 14, -568, 12, 5, -135, 1009, 58;
-39, 255, 9, -582, 15, -10, -155, 996, 38;
-35, 261, 13, -567, 47, 2, -138, 1019, 53;
-34, 264, 14, -561, 69, 4, -134, 1030, 57;
-32, 268, 16, -550, 94, 11, -125, 1045, 65;
-39, 262, 9, -566, 90, -11, -152, 1024, 37;
-32, 270, 15, -539, 128, 8, -125, 1055, 61;
-35, 268, 11, -544, 134, -4, -140, 1046, 45;
-37, 267, 9, -542, 144, -11, -146, 1043, 36;
-35, 270, 10, -527, 166, -8, -139, 1054, 40;
-28, 278, 16, -495, 203, 11, -111, 1085, 65;
-29, 278, 14, -488, 213, 5, -116, 1084, 57;
-28, 279, 14, -474, 230, 5, -112, 1090, 57;
-30, 278, 12, -465, 239, -1, -117, 1088, 49;
-25, 283, 15, -439, 264, 8, -100, 1106, 61;
-29, 279, 10, -438, 263, -7, -116, 1091, 41;
-23, 286, 15, -402, 294, 9, -91, 1117, 62;
-27, 282, 10, -400, 290, -8, -107, 1101, 40;
-22, 287, 13, -369, 314, 2, -89, 1119, 54;
-19, 290, 15, -342, 332, 8, -76, 1131, 61;
-17, 292, 16, -317, 347, 12, -66, 1140, 66;
-16, 293, 16, -296, 357, 11, -62, 1143, 64;
-20, 287, 10, -293, 347, -8, -81, 1121, 39;
-14, 293, 15, -254, 371, 6, -57, 1143, 58;
-11, 295, 16, -226, 383, 10, -46, 1151, 63;
-15, 290, 11, -217, 375, -5, -59, 1134, 43;
-14, 290, 9, -195, 377, -9, -58, 1132, 38;
-11, 292, 11, -165, 388, -4, -46, 1140, 44;
-11, 291, 10, -143, 389, -9, -44, 1137, 39;
-10, 291, 9, -119, 390, -11, -41, 1135, 36;
-5, 295, 13, -80, 406, 0, -19, 1151, 51;
-6, 291, 9, -64, 397, -10, -27, 1138, 37;
0, 296, 14, -23, 413, 3, -1, 1157, 55;
-1, 294, 11, -3, 405, -3, -4, 1147, 46;
3, 296, 14, 31, 413, 4, 12, 1158, 56;
0, 292, 9, 43, 397, -10, 0, 1138, 37;
2, 292, 9, 70, 395, -9, 7, 1139, 38;
4, 292, 11, 101, 396, -6, 18, 1142, 42;
10, 296, 14, 138, 403, 4, 39, 1154, 57;
7, 290, 9, 150, 383, -9, 27, 1134, 38;
14, 296, 15, 193, 395, 7, 56, 1154, 60;
12, 291, 11, 206, 376, -4, 47, 1136, 45;
11, 288, 9, 224, 361, -11, 44, 1124, 36;
19, 294, 16, 270, 374, 9, 76, 1148, 62;
17, 289, 12, 281, 352, -3, 66, 1128, 47;
19, 289, 13, 308, 347, 1, 77, 1130, 52;
22, 289, 14, 334, 339, 4, 87, 1130, 56;
21, 286, 12, 350, 322, -1, 85, 1119, 49;
20, 282, 9, 362, 301, -10, 79, 1103, 38;
26, 286, 14, 397, 303, 4, 103, 1116, 56;
27, 284, 14, 415, 288, 3, 107, 1110, 55;
23, 278, 9, 418, 258, -12, 91, 1086, 35;
31, 283, 16, 457, 265, 9, 123, 1107, 62;
30, 280, 13, 466, 243, 2, 118, 1093, 54;
27, 274, 9, 468, 214, -10, 106, 1070, 37;
33, 278, 15, 500, 215, 6, 131, 1086, 59;
33, 275, 14, 510, 194, 3, 130, 1075, 54;
31, 271, 11, 514, 169, -4, 123, 1059, 45;
33, 271, 13, 530, 157, 0, 132, 1058, 51;
37, 272, 15, 548, 147, 8, 145, 1062, 61;
37, 270, 15, 556, 128, 8, 146, 1055, 61;
37, 267, 14, 560, 106, 4, 144, 1044, 57;
38, 267, 15, 570, 91, 8, 150, 1041, 61;
35, 261, 12, 564, 61, -2, 138, 1021, 48;
34, 259, 11, 565, 39, -5, 135, 1010, 44;
37, 260, 14, 576, 29, 4, 147, 1014, 56;
35, 255, 11, 569, 2, -4, 137, 996, 45;
36, 255, 13, 573, -12, 0, 142, 995, 51;
40, 257, 16, 584, -20, 12, 157, 1003, 65;
33, 248, 10, 560, -60, -8, 130, 969, 39;
32, 245, 9, 553, -82, -11, 126, 959, 36;
36, 248, 14, 562, -86, 3, 143, 970, 54;
32, 243, 10, 544, -117, -9, 126, 948, 39;
35, 245, 13, 548, -124, 2, 138, 955, 53;
37, 245, 16, 547, -134, 10, 146, 958, 64;
35, 243, 15, 533, -155, 7, 140, 948, 60;
29, 235, 9, 503, -191, -11, 113, 918, 36;
28, 233, 9, 490, -209, -12, 110, 911, 36;
34, 239, 16, 500, -202, 11, 135, 934, 64;
31, 235, 13, 477, -227, 2, 121, 917, 54;
29, 233, 13, 459, -245, 0, 115, 909, 52;
31, 234, 16, 453, -250, 10, 123, 916, 64;
27, 230, 13, 425, -274, 0, 106, 898, 52;
22, 225, 10, 396, -298, -9, 89, 880, 39;
27, 230, 16, 395, -293, 9, 108, 898, 62;
20, 223, 9, 356, -325, -9, 78, 870, 38;
21, 224, 12, 343, -328, 0, 84, 876, 49;
20, 223, 12, 320, -340, -1, 78, 871, 49;
16, 220, 10, 292, -356, -6, 65, 860, 42;
18, 223, 14, 280, -355, 4, 73, 871, 55;
20, 225, 16, 264, -355, 12, 78, 877, 66;
15, 220, 13, 229, -374, 1, 58, 861, 52;
16, 222, 16, 212, -373, 10, 63, 869, 63;
13, 221, 15, 184, -382, 7, 53, 864, 60;
8, 217, 12, 148, -397, -2, 34, 849, 47;
5, 215, 10, 116, -408, -8, 20, 840, 40;
6, 218, 13, 99, -402, 0, 25, 850, 51;
4, 217, 13, 71, -406, 0, 17, 848, 50;
5, 219, 15, 52, -401, 7, 20, 856, 59;
0, 216, 12, 15, -411, -2, 1, 844, 48;
-2, 215, 11, -15, -416, -6, -10, 839, 42;
-1, 218, 14, -32, -405, 3, -4, 851, 54;
-3, 218, 13, -60, -404, 2, -12, 851, 54;
-3, 220, 15, -81, -396, 8, -12, 859, 61;
-5, 219, 14, -111, -396, 4, -22, 856, 57;
-10, 216, 11, -147, -401, -4, -41, 846, 45;
-9, 219, 13, -166, -389, 2, -38, 856, 54;
-8, 223, 16, -182, -373, 11, -33, 870, 65;
-13, 220, 13, -218, -377, 1, -53, 860, 52;
-12, 224, 16, -234, -360, 10, -48, 874, 63;
-19, 219, 10, -275, -369, -7, -75, 856, 42;
-19, 221, 12, -294, -355, -2, -75, 865, 47;
-23, 220, 10, -324, -351, -9, -89, 860, 39;
-23, 222, 11, -343, -337, -6, -91, 868, 43;
-20, 227, 15, -352, -313, 6, -81, 888, 58;
-21, 229, 15, -370, -298, 8, -83, 896, 61;
-26, 227, 12, -401, -296, -2, -101, 887, 48;
-24, 231, 14, -412, -274, 5, -96, 902, 58;
-26, 232, 14, -431, -261, 4, -102, 906, 56;
-25, 236, 16, -442, -239, 11, -98, 920, 65;
-30, 232, 12, -472, -238, -3, -120, 908, 47;
-32, 233, 11, -488, -224, -4, -126, 912, 45;
-33, 235, 11, -502, -207, -4, -129, 919, 45;
-36, 235, 9, -522, -196, -10, -140, 917, 37;
-33, 240, 13, -523, -168, 0, -130, 936, 50;
-34, 241, 12, -534, -151, 0, -133, 942, 50;
-33, 245, 14, -537, -127, 4, -128, 956, 57;
-31, 248, 16, -540, -104, 10, -124, 970, 63;
-36, 246, 12, -561, -98, -3, -142, 960, 46;
-35, 249, 13, -562, -75, 0, -139, 972, 52;
-39, 247, 9, -578, -67, -9, -153, 966, 38;
-35, 254, 14, -566, -34, 4, -136, 991, 56;
-33, 257, 15, -565, -11, 8, -132, 1002, 61;
-35, 257, 13, -571, 2, 2, -139, 1003, 54;
-38, 256, 11, -577, 14, -4, -148, 1001, 45;
-37, 258, 11, -574, 35, -3, -146, 1010, 46;
-34, 263, 14, -562, 63, 5, -134, 1028, 58;
-38, 261, 10, -571, 69, -7, -149, 1019, 41;
-32, 268, 16, -547, 105, 10, -126, 1048, 63;
-36, 265, 11, -556, 108, -5, -144, 1035, 43;
-34, 268, 12, -543, 131, 0, -136, 1048, 49;
-37, 267, 9, -544, 139, -11, -146, 1042, 36;
-36, 269, 9, -533, 157, -10, -143, 1049, 37;
-31, 275, 14, -506, 190, 4, -121, 1074, 56;
-31, 276, 13, -496, 205, 2, -121, 1078, 53;
-30, 278, 13, -481, 222, 2, -117, 1085, 54;
-29, 279, 13, -467, 237, 1, -114, 1090, 53;
-25, 284, 16, -442, 262, 11, -98, 1107, 64;
-31, 278, 9, -448, 254, -11, -123, 1084, 36;
-24, 285, 15, -410, 287, 7, -94, 1113, 60;
-25, 284, 12, -399, 293, 0, -100, 1109, 50;
-21, 288, 15, -371, 315, 7, -84, 1124, 60;
-25, 284, 10, -367, 310, -9, -100, 1108, 39;
-18, 291, 16, -326, 342, 10, -70, 1137, 64;
-22, 286, 10, -323, 333, -8, -89, 1116, 39;
-21, 287, 9, -301, 342, -9, -84, 1119, 38;
-13, 294, 16, -256, 374, 11, -52, 1149, 65;
-17, 290, 11, -250, 364, -5, -68, 1131, 43;
-13, 292, 13, -218, 379, 0, -53, 1142, 52;
-9, 295, 15, -185, 394, 8, -37, 1154, 61;
-11, 293, 12, -170, 390, -1, -43, 1144, 49;
-8, 294, 13, -141, 397, 0, -34, 1149, 52;
-3, 298, 16, -105, 412, 11, -15, 1163, 64;
-7, 293, 11, -94, 399, -5, -28, 1144, 44;
-1, 298, 15, -54, 415, 8, -4, 1162, 61;
-3, 294, 11, -40, 404, -4, -14, 1147, 45;
0, 296, 14, -6, 412, 2, 1, 1156, 54;
4, 299, 16, 29, 420, 11, 18, 1166, 64;
1, 294, 12, 41, 405, -3, 7, 1148, 46;
3, 293, 11, 67, 402, -4, 12, 1146, 45;
5, 294, 12, 96, 401, -1, 22, 1148, 48;
7, 293, 12, 122, 397, -2, 27, 1146, 47;
10, 295, 14, 155, 399, 4, 42, 1152, 56;
9, 291, 11, 171, 384, -5, 37, 1138, 44;
15, 296, 16, 212, 392, 9, 61, 1154, 62;
16, 293, 14, 232, 380, 4, 62, 1146, 56;
13, 289, 10, 244, 359, -8, 52, 1127, 40;
19, 292, 14, 281, 364, 5, 75, 1140, 57;
17, 288, 11, 294, 344, -5, 68, 1123, 44;
21, 289, 14, 325, 341, 3, 83, 1130, 54;
24, 290, 15, 352, 335, 8, 95, 1132, 60;
20, 284, 10, 358, 308, -7, 81, 1108, 41;
24, 284, 12, 384, 301, -1, 94, 1111, 49;
25, 283, 12, 403, 287, -2, 97, 1104, 47;
24, 280, 10, 415, 267, -8, 95, 1092, 40;
30, 283, 15, 449, 268, 7, 118, 1106, 59;
29, 280, 13, 460, 247, 1, 116, 1094, 53;
30, 278, 13, 475, 231, 1, 119, 1087, 52;
29, 274, 11, 483, 208, -6, 114, 1072, 43;
32, 276, 13, 505, 199, 2, 128, 1076, 53;
31, 272, 12, 512, 177, -3, 124, 1063, 46;
30, 269, 10, 518, 154, -8, 120, 1050, 40;
31, 267, 10, 527, 135, -9, 121, 1042, 39;
33, 267, 11, 541, 122, -3, 130, 1042, 46;
31, 263, 9, 542, 97, -11, 123, 1026, 37;
32, 262, 10, 551, 80, -8, 128, 1022, 39;
33, 260, 10, 557, 62, -8, 130, 1016, 40;
39, 264, 15, 578, 60, 9, 152, 1030, 62;
33, 256, 9, 561, 22, -10, 129, 999, 38;
40, 261, 16, 584, 23, 11, 156, 1018, 64;
32, 251, 9, 561, -18, -12, 127, 982, 35;
37, 254, 13, 575, -23, 2, 145, 993, 54;
34, 250, 11, 565, -49, -4, 136, 977, 45;
35, 249, 11, 563, -67, -3, 136, 971, 46;
38, 251, 15, 570, -74, 8, 150, 979, 61;
36, 247, 14, 559, -98, 3, 142, 966, 55;
31, 241, 9, 538, -130, -9, 123, 942, 38;
31, 240, 10, 531, -147, -8, 123, 937, 40;
31, 239, 11, 524, -162, -6, 124, 933, 43;
34, 240, 13, 522, -171, 2, 132, 938, 54;
30, 236, 11, 502, -196, -4, 120, 922, 44;
31, 236, 12, 493, -209, 0, 122, 921, 50;
32, 237, 15, 486, -218, 6, 127, 924, 59;
26, 230, 10, 455, -249, -8, 104, 899, 40;
29, 232, 13, 449, -254, 1, 113, 906, 53;
25, 228, 10, 423, -277, -6, 98, 890, 42;
25, 228, 12, 409, -287, -2, 99, 890, 47;
26, 229, 14, 396, -294, 3, 102, 893, 55;
27, 230, 16, 384, -300, 11, 107, 898, 65;
23, 226, 14, 355, -320, 3, 91, 883, 55;
18, 221, 10, 321, -344, -8, 71, 864, 40;
15, 219, 9, 295, -357, -11, 61, 856, 36;
16, 220, 11, 279, -361, -5, 64, 860, 44;
15, 220, 11, 256, -368, -3, 60, 859, 46;
18, 224, 16, 246, -362, 10, 71, 873, 64;
13, 219, 13, 211, -381, 0, 52, 857, 50;
8, 215, 9, 174, -399, -11, 31, 840, 36;
6, 215, 9, 148, -404, -11, 25, 839, 37;
8, 217, 12, 132, -400, -1, 31, 849, 48;
8, 219, 14, 111, -398, 3, 31, 854, 55;
7, 220, 15, 88, -397, 7, 29, 858, 60;
2, 216, 12, 51, -410, -2, 9, 844, 47;
1, 217, 13, 27, -409, 0, 6, 847, 51;
1, 218, 14, 5, -404, 5, 6, 853, 57;
0, 219, 15, -18, -401, 8, 3, 857, 61;
-7, 213, 9, -65, -419, -11, -27, 833, 36;
-2, 219, 15, -73, -398, 6, -11, 857, 59;
-5, 219, 14, -102, -397, 5, -20, 856, 57;
-9, 217, 12, -136, -400, -2, -36, 848, 47;
-13, 215, 9, -170, -404, -10, -53, 839, 37;
-8, 222, 16, -174, -376, 11, -31, 869, 65;
-15, 217, 10, -218, -388, -7, -61, 848, 41;
-17, 217, 10, -245, -382, -8, -69, 849, 39;
-16, 222, 13, -258, -363, 1, -62, 865, 53;
-18, 221, 12, -285, -357, -1, -72, 865, 49;
-17, 225, 15, -299, -338, 7, -66, 880, 60;
-23, 222, 10, -336, -341, -6, -90, 866, 42;
-23, 224, 12, -354, -326, -2, -91, 875, 47;
-23, 227, 13, -370, -309, 2, -90, 886, 53;
-27, 224, 10, -401, -307, -9, -109, 877, 39;
-26, 229, 13, -411, -284, 0, -101, 894, 51;
-29, 228, 10, -437, -278, -7, -116, 889, 41;
-24, 235, 16, -435, -244, 11, -96, 919, 65;
-26, 236, 16, -453, -229, 11, -101, 923, 64;
-28, 236, 15, -473, -218, 6, -111, 924, 59;
-35, 232, 9, -505, -220, -12, -137, 907, 35;
-31, 239, 14, -503, -188, 3, -121, 933, 55;
-32, 240, 13, -516, -171, 2, -125, 938, 54;
-35, 239, 10, -536, -163, -6, -140, 933, 42;
-35, 241, 11, -543, -142, -3, -138, 943, 46;
-36, 243, 11, -552, -124, -4, -141, 949, 45;
-36, 245, 11, -560, -106, -4, -143, 956, 45;
-36, 248, 12, -562, -84, 0, -140, 967, 49;
-35, 250, 13, -564, -62, 2, -138, 978, 53;
-36, 251, 12, -571, -46, -1, -143, 981, 48;
-40, 250, 9, -584, -37, -11, -157, 975, 36;
-33, 258, 16, -564, 2, 9, -131, 1009, 62;
-35, 259, 14, -569, 17, 4, -137, 1010, 56;
-33, 262, 15, -563, 40, 8, -131, 1022, 61;
-37, 259, 11, -574, 46, -4, -147, 1013, 44;
-35, 263, 13, -563, 72, 1, -138, 1028, 52;
-34, 266, 14, -556, 92, 3, -134, 1037, 55;
-34, 267, 13, -552, 109, 1, -136, 1041, 52;
-34, 268, 13, -545, 126, 0, -135, 1047, 50;
-31, 272, 15, -528, 153, 8, -123, 1064, 61;
-30, 275, 16, -516, 172, 9, -118, 1072, 62;
-32, 273, 13, -514, 180, 0, -127, 1067, 51;
-30, 277, 14, -496, 203, 5, -117, 1080, 58;
-27, 280, 16, -478, 224, 10, -108, 1093, 64;
-33, 274, 9, -485, 219, -11, -131, 1072, 37;
-30, 278, 11, -462, 242, -3, -118, 1087, 46;
-26, 282, 14, -437, 265, 4, -104, 1102, 56;
-27, 282, 12, -426, 274, -1, -107, 1100, 48;
-24, 285, 14, -401, 293, 3, -96, 1112, 55;
-24, 285, 12, -387, 302, 0, -97, 1112, 49;
-26, 283, 9, -375, 305, -9, -103, 1105, 38;
-23, 286, 11, -347, 324, -3, -90, 1117, 46;
-22, 286, 11, -328, 333, -5, -87, 1119, 43;
-21, 287, 10, -308, 340, -8, -85, 1119, 40;
-14, 293, 16, -266, 369, 9, -56, 1146, 63;
-18, 288, 10, -261, 359, -8, -73, 1126, 40;
-11, 295, 16, -217, 386, 9, -44, 1152, 63;
-14, 291, 11, -207, 378, -5, -56, 1136, 44;
-7, 297, 16, -165, 401, 11, -29, 1159, 65;
-12, 291, 9, -161, 385, -10, -50, 1135, 38;
-11, 291, 9, -135, 389, -10, -44, 1136, 38;
-6, 294, 12, -100, 401, -1, -26, 1148, 48;
-6, 293, 11, -77, 401, -5, -24, 1144, 44;
0, 299, 16, -34, 419, 10, 2, 1166, 64;
-2, 294, 12, -21, 406, -3, -8, 1149, 47;
2, 297, 14, 15, 415, 5, 9, 1160, 58;
6, 299, 16, 47, 420, 11, 23, 1167, 65;
3, 295, 13, 62, 407, 0, 15, 1151, 50;
4, 294, 12, 87, 402, -2, 18, 1147, 47;
5, 292, 10, 109, 394, -6, 20, 1141, 42;
6, 291, 10, 134, 388, -8, 25, 1137, 40;
10, 293, 12, 168, 391, 0, 41, 1145, 50;
8, 289, 9, 182, 373, -12, 33, 1128, 35;
12, 291, 11, 214, 373, -4, 48, 1135, 44;
16, 293, 14, 248, 375, 4, 66, 1143, 56;
20, 294, 16, 279, 373, 11, 80, 1149, 64;
17, 288, 11, 287, 348, -4, 67, 1126, 45;
18, 287, 11, 310, 338, -4, 72, 1122, 45;
20, 287, 12, 334, 329, -2, 81, 1120, 48;
26, 290, 16, 370, 331, 12, 104, 1134, 65;
21, 283, 10, 371, 299, -7, 85, 1105, 41;
28, 287, 15, 407, 302, 8, 109, 1120, 61;
22, 279, 9, 406, 268, -11, 89, 1090, 36;
28, 282, 14, 439, 269, 3, 112, 1103, 54;
28, 279, 12, 451, 249, -1, 110, 1091, 48;
32, 281, 15, 476, 242, 6, 125, 1096, 59;
30, 277, 12, 483, 218, 0, 119, 1081, 50;
35, 279, 16, 508, 213, 10, 136, 1088, 63;
34, 276, 15, 518, 193, 7, 136, 1078, 60;
35, 274, 15, 530, 176, 7, 139, 1072, 60;
31, 268, 10, 526, 143, -7, 123, 1047, 42;
38, 272, 16, 553, 143, 10, 148, 1063, 64;
37, 269, 15, 557, 120, 6, 145, 1050, 59;
31, 261, 9, 545, 83, -12, 123, 1020, 35;
38, 265, 15, 570, 83, 6, 148, 1037, 59;
35, 261, 12, 566, 56, -1, 139, 1020, 49;
32, 256, 9, 559, 26, -11, 127, 999, 36;
34, 256, 11, 567, 13, -5, 135, 999, 43;
39, 258, 15, 581, 7, 7, 152, 1009, 60;
37, 255, 13, 575, -16, 2, 145, 996, 54;
40, 256, 16, 583, -26, 11, 156, 1000, 65;
36, 251, 13, 569, -55, 1, 143, 980, 53;
36, 249, 13, 566, -74, 2, 143, 974, 54;
37, 249, 15, 564, -89, 6, 146, 971, 58;
33, 244, 11, 547, -118, -3, 132, 952, 46;
35, 245, 14, 546, -128, 4, 140, 955, 56;
33, 241, 12, 531, -152, -1, 130, 941, 48;
34, 241, 14, 526, -165, 3, 134, 941, 54;
31, 237, 12, 508, -188, -2, 123, 927, 47;
33, 239, 15, 504, -196, 6, 131, 932, 58;
30, 235, 13, 484, -219, 0, 120, 917, 50;
26, 230, 9, 458, -246, -11, 102, 898, 37;
26, 230, 11, 446, -257, -6, 104, 898, 42;
24, 228, 10, 427, -275, -9, 97, 889, 39;
28, 231, 14, 422, -276, 4, 109, 900, 56;
29, 232, 16, 411, -282, 11, 114, 904, 65;
26, 229, 15, 387, -298, 8, 104, 895, 61;
19, 222, 9, 347, -331, -11, 75, 866, 37;
24, 227, 15, 345, -323, 7, 93, 886, 60;
18, 222, 11, 311, -346, -3, 73, 867, 46;
17, 221, 11, 288, -356, -3, 68, 863, 46;
18, 222, 13, 271, -359, 2, 70, 868, 54;
14, 220, 12, 242, -372, -1, 58, 859, 48;
10, 217, 9, 209, -388, -9, 42, 846, 38;
10, 217, 11, 188, -391, -6, 40, 848, 43;
10, 218, 12, 167, -393, -1, 40, 851, 49;
13, 222, 16, 154, -384, 12, 50, 867, 66;
5, 215, 10, 109, -408, -6, 20, 841, 42;
9, 221, 16, 100, -393, 11, 36, 862, 64;
5, 219, 14, 68, -402, 5, 22, 854, 57;
0, 214, 10, 27, -417, -8, -1, 837, 40;
-1, 214, 10, 1, -417, -7, -6, 837, 41;
2, 220, 16, -7, -399, 10, 8, 859, 63;
-1, 219, 14, -39, -402, 5, -4, 854, 58;
-7, 214, 9, -81, -416, -9, -30, 836, 38;
-6, 217, 12, -100, -405, -2, -27, 846, 48;
-5, 220, 15, -116, -391, 8, -20, 861, 61;
-6, 221, 15, -142, -386, 8, -26, 863, 62;
-13, 217, 11, -183, -395, -6, -51, 847, 43;
-12, 220, 13, -201, -382, 0, -49, 858, 52;
-14, 220, 12, -228, -376, 0, -57, 858, 50;
-13, 224, 16, -242, -358, 9, -50, 874, 62;
-15, 224, 15, -269, -352, 7, -59, 874, 59;
-16, 225, 15, -291, -341, 8, -64, 879, 60;
-21, 222, 12, -325, -342, -3, -84, 869, 46;
-25, 221, 9, -356, -339, -11, -100, 862, 36;
-20, 228, 15, -357, -307, 8, -80, 892, 61;
-24, 227, 12, -386, -303, 0, -96, 886, 50;
-23, 230, 15, -399, -283, 6, -92, 899, 58;
-27, 229, 12, -426, -278, -2, -108, 894, 48;
-26, 233, 15, -435, -254, 6, -101, 910, 59;
-30, 231, 11, -464, -251, -5, -120, 901, 44;
-32, 232, 11, -480, -236, -5, -125, 906, 43;
-31, 235, 12, -490, -214, 0, -122, 919, 49;
-30, 238, 14, -499, -193, 3, -120, 931, 55;
-35, 236, 10, -522, -187, -6, -136, 924, 42;
-37, 237, 9, -537, -173, -11, -144, 925, 37;
-37, 239, 9, -547, -155, -10, -147, 932, 37;
-30, 248, 16, -533, -114, 12, -120, 967, 66;
-36, 244, 11, -558, -113, -5, -144, 953, 44;
-37, 245, 11, -566, -95, -6, -147, 958, 43;
-34, 250, 14, -561, -66, 3, -135, 978, 55;
-37, 249, 11, -574, -56, -5, -148, 974, 44;
-35, 253, 13, -570, -30, 1, -139, 990, 53;
-35, 256, 14, -568, -7, 4, -136, 1001, 57;
-33, 260, 16, -562, 17, 11, -128, 1016, 64;
-35, 260, 14, -568, 29, 4, -137, 1014, 56;
-34, 262, 14, -564, 50, 5, -134, 1024, 58;
-38, 259, 10, -575, 55, -8, -151, 1013, 40;
-34, 265, 14, -557, 87, 3, -134, 1035, 55;
-38, 262, 9, -566, 91, -10, -151, 1024, 37;
-37, 265, 10, -555, 113, -7, -145, 1036, 42;
-31, 272, 15, -531, 147, 8, -123, 1062, 61;
-35, 269, 11, -535, 151, -5, -138, 1051, 44;
-31, 275, 15, -512, 180, 6, -121, 1072, 58;
-29, 277, 15, -499, 199, 7, -116, 1081, 60;
-29, 278, 15, -487, 214, 6, -115, 1085, 58;
-27, 281, 16, -469, 234, 9, -107, 1095, 62;
-28, 280, 14, -459, 245, 4, -109, 1095, 56;
-24, 284, 16, -436, 267, 11, -97, 1109, 64;
-24, 285, 15, -421, 279, 8, -96, 1111, 61;
-29, 280, 9, -422, 274, -10, -115, 1093, 38;
-25, 284, 13, -392, 298, 0, -97, 1111, 50;
-21, 288, 15, -365, 318, 6, -84, 1124, 59;
-23, 286, 12, -354, 320, -3, -91, 1116, 47;
-21, 287, 12, -332, 332, -2, -85, 1121, 47;
-18, 290, 13, -304, 348, 2, -72, 1132, 54;
-14, 294, 16, -272, 367, 11, -56, 1147, 65;
-17, 290, 11, -264, 361, -3, -69, 1131, 46;
-16, 290, 11, -241, 368, -5, -65, 1132, 44;
-10, 296, 16, -200, 391, 10, -39, 1155, 64;
-13, 291, 11, -190, 382, -4, -52, 1138, 45;
-8, 295, 14, -155, 398, 4, -33, 1153, 57;
-8, 294, 12, -134, 397, 0, -34, 1147, 50;
-3, 297, 16, -98, 411, 9, -15, 1161, 62;
-4, 295, 13, -78, 408, 2, -17, 1154, 53;
-5, 293, 11, -59, 402, -5, -19, 1145, 44;
0, 297, 15, -20, 415, 6, 1, 1160, 59;
17, 17, 6, 3505, 4911, 1618, 70, 69, 27;
18, 17, 10, 2291, 2826, 2914, 73, 66, 39;
17, 0, 8, 1516, 5215, 1849, 68, 0, 34;
1, 7, 1, 2145, 3213, 2507, 6, 27, 5;
15, 27, 1, 1987, 3118, 2788, 59, 107, 4;
3, 8, 4, 1565, 3424, 2458, 12, 33, 17;
8, 3, 3, 4249, 3511, 1022, 34, 12, 13;
3, 2, 12, 4027, 3126, 2644, 11, 9, 49;
19, 24, 0, 2188, 2470, 2911, 76, 93, 0;
17, 16, 4, 3843, 4117, 2904, 67, 64, 18;
12, 20, 2, 4019, 2152, 1090, 46, 78, 10;
12, 9, 2, 2318, 3780, 1506, 47, 36, 10;
3, 28, 2, 3886, 3506, 1756, 12, 110, 9;
19, 18, 12, 2781, 3988, 1816, 77, 73, 50;
17, 30, 3, 3355, 3963, 1664, 68, 120, 14;
13, 4, 7, 2476, 1848, 1789, 51, 19, 31;
6, 14, 1, 2481, 4912, 2026, 24, 57, 6;
19, 24, 0, 3552, 1943, 2204, 77, 94, 1;
10, 4, 11, 3158, 4207, 1692, 41, 18, 45;
5, 0, 5, 2359, 4885, 1835, 21, 2, 22;
6, 26, 4, 3163, 5297, 2388, 25, 102, 19;
4, 14, 3, 2658, 3099, 2018, 17, 56, 11;
3, 26, 10, 3695, 2424, 1425, 11, 104, 41;
6, 20, 9, 3137, 4086, 1275, 25, 78, 36;
13, 2, 4, 1692, 2429, 2644, 52, 11, 15;
17, 22, 6, 3992, 5348, 1997, 69, 85, 26;
16, 26, 0, 3996, 3306, 1319, 62, 101, 3;
0, 0, 11, 3474, 4690, 1390, 3, 3, 43;
5, 17, 7, 3523, 2322, 2917, 20, 66, 27;
3, 5, 10, 3528, 4553, 1355, 12, 22, 41;
14, 24, 9, 2156, 4772, 2543, 56, 96, 35;
6, 6, 1, 2547, 3309, 2190, 26, 23, 7;
19, 6, 12, 2777, 1928, 2658, 76, 24, 48;
12, 15, 4, 3043, 3608, 2453, 46, 59, 18;
3, 13, 8, 3160, 3006, 1290, 12, 51, 31;
9, 11, 0, 2635, 4278, 1890, 36, 45, 3;
17, 12, 1, 1915, 2074, 1387, 66, 50, 4;
16, 20, 12, 2420, 3600, 1244, 63, 78, 49;
17, 29, 2, 3656, 2766, 1816, 69, 115, 9;
8, 25, 9, 2587, 4992, 1413, 35, 99, 38;
4, 15, 2, 2586, 4405, 2328, 17, 60, 9;
8, 20, 8, 4078, 4162, 2703, 32, 78, 31;
7, 0, 12, 3755, 3551, 2807, 30, 0, 48;
14, 18, 7, 4293, 1815, 2580, 57, 72, 28;
17, 9, 8, 3269, 5017, 1080, 67, 37, 32;
4, 11, 11, 2029, 4959, 1473, 15, 43, 46;
17, 22, 8, 2870, 2469, 2329, 68, 88, 34;
6, 5, 5, 4053, 4581, 2557, 25, 22, 19;
3, 28, 8, 2546, 3633, 2241, 13, 109, 32;
3, 1, 7, 3149, 3433, 2109, 12, 6, 28;
10, 15, 13, 2508, 4871, 1298, 40, 59, 50;
6, 25, 7, 3323, 3189, 2935, 26, 98, 27;
19, 8, 8, 4127, 4639, 2213, 77, 34, 34;
0, 5, 2, 3442, 5091, 1861, 1, 20, 10;
13, 3, 6, 3192, 5351, 1517, 52, 13, 26;
2, 2, 2, 2409, 4744, 1369, 8, 9, 9;
6, 27, 3, 3065, 2465, 1838, 27, 108, 14;
9, 27, 6, 1923, 2005, 2022, 38, 106, 23;
15, 29, 0, 2738, 2073, 1072, 61, 113, 0;
3, 8, 7, 3718, 2330, 1044, 12, 33, 28;
14, 23, 7, 2088, 5274, 2195, 58, 92, 30;
14, 17, 8, 3347, 3637, 2507, 56, 67, 33;
9, 0, 7, 1854, 5247, 2816, 35, 0, 28;
14, 16, 0, 2407, 4095, 2585, 57, 64, 0;
0, 12, 11, 3004, 4483, 2717, 3, 47, 46;
7, 21, 4, 1989, 5103, 1375, 28, 82, 16;
15, 9, 5, 2130, 3968, 2319, 61, 35, 21;
5, 10, 3, 4005, 2895, 2905, 20, 40, 11;
10, 21, 12, 3128, 3788, 1290, 39, 84, 48;
1, 18, 1, 2971, 2588, 1447, 6, 71, 5;
5, 0, 7, 1559, 4237, 1162, 22, 3, 29;
8, 16, 3, 1691, 4576, 1764, 33, 62, 13;
14, 10, 2, 1698, 5307, 1971, 55, 40, 8;
6, 3, 9, 3026, 2416, 2503, 24, 14, 36;
13, 5, 6, 2664, 4583, 1617, 53, 20, 24;
5, 22, 9, 2660, 4538, 1799, 21, 86, 37;
13, 23, 5, 2017, 3623, 1617, 51, 92, 20;
17, 25, 0, 3604, 4376, 2404, 68, 97, 0;
11, 14, 2, 2379, 4520, 2299, 45, 54, 9;
5, 19, 2, 1767, 2941, 2258, 20, 74, 8;
605, 864, 523, 5250, 4594, 3119, 2361, 3370, 2040;
607, 759, 386, 5045, 4415, 2998, 2370, 2961, 1509;
622, 892, 377, 4840, 4235, 2873, 2427, 3479, 1472;
566, 799, 357, 4628, 4046, 2738, 2210, 3116, 1394;
598, 784, 369, 4484, 3925, 2667, 2334, 3060, 1441;
587, 706, 313, 4304, 3767, 2559, 2291, 2755, 1223;
500, 676, 378, 4126, 3610, 2449, 1951, 2637, 1475;
447, 840, 369, 3961, 3465, 2350, 1746, 3277, 1442;
553, 815, 279, 3826, 3349, 2278, 2159, 3180, 1089;
550, 658, 334, 3680, 3223, 2193, 2145, 2567, 1304;
495, 687, 306, 3535, 3095, 2106, 1930, 2682, 1194;
419, 704, 322, 3392, 2970, 2020, 1637, 2748, 1256;
463, 565, 283, 3245, 2840, 1927, 1809, 2203, 1107;
459, 695, 259, 3094, 2704, 1827, 1793, 2713, 1011;
413, 593, 264, 2993, 2619, 1776, 1612, 2313, 1032;
356, 666, 273, 2865, 2505, 1695, 1390, 2600, 1066;
365, 669, 203, 2769, 2423, 1645, 1426, 2609, 792;
313, 652, 242, 2635, 2303, 1556, 1223, 2545, 944;
317, 575, 250, 2531, 2212, 1494, 1239, 2243, 975;
323, 588, 217, 2475, 2168, 1478, 1260, 2296, 849;
335, 548, 188, 2355, 2060, 1397, 1309, 2140, 736;
266, 509, 203, 2247, 1964, 1327, 1038, 1988, 792;
258, 466, 165, 2163, 1891, 1279, 1006, 1820, 646;
276, 449, 185, 2074, 1813, 1225, 1076, 1754, 722;
246, 503, 168, 2009, 1758, 1193, 961, 1964, 656;
241, 438, 186, 1949, 1708, 1165, 940, 1709, 727;
266, 473, 164, 1873, 1641, 1120, 1039, 1848, 640;
264, 505, 146, 1790, 1567, 1066, 1031, 1971, 570;
211, 509, 132, 1710, 1496, 1014, 823, 1985, 517;
187, 421, 120, 1639, 1434, 971, 732, 1643, 470;
190, 412, 155, 1590, 1393, 948, 741, 1606, 607;
201, 424, 117, 1518, 1328, 901, 784, 1653, 458;
207, 462, 116, 1470, 1288, 878, 808, 1802, 454;
197, 434, 106, 1416, 1241, 847, 769, 1696, 416;
181, 423, 129, 1343, 1175, 796, 708, 1652, 504;
178, 384, 105, 1277, 1116, 752, 697, 1497, 409;
160, 428, 94, 1235, 1080, 730, 625, 1670, 367;
156, 367, 90, 1194, 1045, 709, 610, 1434, 353;
127, 370, 104, 1137, 994, 671, 498, 1444, 406;
146, 371, 97, 1106, 968, 658, 570, 1447, 378;
128, 372, 91, 1049, 917, 619, 499, 1452, 355;
145, 375, 84, 1000, 873, 586, 566, 1464, 328;
138, 386, 75, 983, 861, 586, 538, 1507, 292;
132, 378, 82, 918, 801, 536, 515, 1477, 321;
132, 365, 78, 922, 809, 556, 517, 1426, 305;
123, 362, 73, 876, 768, 524, 483, 1413, 287;
107, 377, 72, 843, 739, 505, 418, 1473, 283;
110, 369, 60, 808, 708, 482, 429, 1442, 235;
93, 324, 58, 754, 657, 441, 365, 1265, 228;
101, 343, 65, 720, 628, 420, 394, 1339, 255;
93, 363, 70, 721, 633, 433, 363, 1416, 275;
95, 337, 61, 704, 619, 427, 371, 1316, 241;
91, 332, 56, 679, 597, 413, 355, 1297, 218;
95, 326, 55, 653, 575, 398, 372, 1272, 215;
68, 337, 56, 589, 514, 344, 266, 1318, 220;
65, 328, 50, 589, 516, 352, 256, 1279, 198;
66, 323, 50, 578, 508, 351, 259, 1260, 196;
76, 320, 37, 517, 449, 299, 299, 1249, 145;
56, 331, 44, 506, 442, 297, 218, 1293, 173;
63, 317, 42, 496, 434, 294, 249, 1239, 166;
60, 305, 43, 472, 412, 278, 234, 1193, 170;
63, 321, 32, 440, 383, 254, 248, 1254, 126;
57, 306, 37, 443, 388, 265, 224, 1195, 146;
51, 307, 42, 432, 379, 260, 199, 1201, 166;
46, 314, 31, 394, 343, 229, 182, 1226, 122;
58, 315, 31, 396, 347, 238, 228, 1228, 122;
50, 295, 32, 378, 332, 226, 196, 1151, 125;
53, 311, 33, 381, 336, 235, 208, 1216, 131;
51, 306, 26, 349, 306, 209, 202, 1194, 101;
51, 307, 35, 352, 310, 217, 199, 1198, 137;
39, 296, 23, 307, 267, 177, 155, 1157, 93;
38, 296, 26, 324, 285, 199, 149, 1156, 103;
38, 299, 29, 316, 280, 197, 150, 1167, 113;
32, 297, 23, 286, 250, 171, 124, 1160, 90;
38, 283, 22, 279, 245, 169, 149, 1106, 85;
32, 281, 20, 249, 217, 143, 125, 1096, 80;
26, 281, 21, 238, 206, 136, 102, 1098, 82;
31, 288, 21, 230, 200, 132, 123, 1126, 84;
34, 281, 19, 233, 204, 139, 133, 1098, 76;
33, 279, 17, 235, 207, 145, 128, 1091, 70;
1, 256, 0, 0, 0, 0, 5, 1000, 3;
1, 256, 0, 0, 0, 0, 4, 999, 2;
1, 256, 1, 1, 1, 1, 6, 1000, 3;
1, 256, 0, 0, 0, 0, 5, 1000, 3;
1, 256, 1, 1, 1, 1, 6, 1000, 4;
1, 256, 0, 0, 0, 0, 5, 1000, 3;
1, 256, 0, 1, 1, 1, 5, 1000, 3;
1, 256, 0, 0, 0, 0, 5, 1000, 3;
1, 256, 0, -1, -1, -1, 4, 998, 1;
1, 256, 0, 1, 1, 1, 5, 1000, 3;
1, 256, 1, 1, 1, 1, 6, 1001, 4;
1, 256, 0, 0, 0, 0, 5, 1000, 3;
1, 256, 0, 1, 1, 1, 5, 1000, 3;
1, 256, 0, 0, 0, 0, 5, 1000, 3;
1, 256, 0, -1, -1, -1, 4, 998, 1;
1, 256, 0, 0, 0, 0, 5, 1000, 3;
1, 256, 0, -1, -1, -1, 4, 999, 2;
1, 256, 0, 0, 0, 0, 5, 1000, 3;
1, 256, 0, 1, 1, 1, 5, 1000, 3;
1, 256, 0, 0, 0, 0, 5, 999, 3;
1, 256, 0, 0, 0, 0, 4, 999, 2;
1, 256, 0, -1, -1, -1, 4, 999, 2;
1, 256, 0, -1, -1, -1, 4, 999, 2;
1, 256, 0, 1, 1, 1, 5, 1000, 3;
1, 256, 1, 1, 1, 1, 6, 1001, 4;
1, 256, 0, 0, 0, 0, 4, 999, 2;
1, 256, 1, 1, 1, 1, 6, 1001, 4;
1, 256, 0, 0, 0, 0, 4, 999, 2;
1, 256, 0, -1, -1, -1, 3, 998, 1;
1, 256, 0, -1, -1, -1, 4, 998, 2;
1, 256, 0, 0, 0, 0, 4, 999, 2;
1, 256, 0, 0, 0, 0, 4, 999, 2;
1, 256, 0, 0, 0, 0, 5, 1000, 3;
1, 256, 1, 1, 1, 1, 6, 1001, 4;
1, 256, 0, -1, -1, -1, 4, 999, 2;
1, 256, 0, 0, 0, 0, 5, 1000, 3;
0, 256, 0, -1, -1, -1, 3, 998, 1;
1, 256, 0, 0, 0, 0, 4, 999, 2;
1, 256, 0, 0, 0, 0, 5, 1000, 3;
1, 256, 0, 0, 0, 0, 4, 999, 2;
1, 256, 0, -1, -1, -1, 3, 998, 1;
1, 256, 0, 0, 0, 0, 4, 999, 2;
1, 256, 0, 0, 0, 0, 5, 1000, 3;
1, 256, 0, 0, 0, 0, 4, 999, 2;
1, 256, 0, 0, 0, 0, 4, 999, 2;
1, 256, 0, 0, 0, 0, 5, 1000, 3;
1, 256, 0, -1, -1, -1, 4, 999, 2;
1, 256, 0, -1, -1, -1, 4, 998, 1;
1, 256, 0, 1, 1, 1, 5, 1000, 3;
1, 256, 0, 0, 0, 0, 4, 999, 2;
1, 256, 0, 0, 0, 0, 4, 999, 2;
1, 256, 1, 1, 1, 1, 5, 1000, 3;
1, 256, 0, 1, 1, 1, 5, 1000, 3;
1, 256, 1, 1, 1, 1, 6, 1000, 3;
1, 256, 1, 1, 1, 1, 6, 1001, 4;
1, 256, 0, 0, 0, 0, 5, 999, 2;
1, 256, 0, 0, 0, 0, 5, 1000, 3;
1, 256, 0, 0, 0, 0, 4, 999, 2;
1, 256, 0, 1, 1, 1, 5, 1000, 3;
1, 256, 0, 0, 0, 0, 4, 999, 2;
1, 256, 0, 0, 0, 0, 5, 1000, 3;
1, 256, 0, 0, 0, 0, 4, 999, 2;
1, 256, 0, 0, 0, 0, 5, 999, 2;
1, 256, 0, 0, 0, 0, 4, 999, 2;
1, 256, 0, 0, 0, 0, 5, 999, 2;
1, 256, 0, 0, 0, 0, 5, 1000, 3;
1, 256, 0, 1, 1, 1, 5, 1000, 3;
1, 256, 0, 0, 0, 0, 4, 999, 2;
1, 256, 0, -1, -1, -1, 4, 999, 2;
1, 256, 0, 0, 0, 0, 4, 999, 2;
1, 256, 0, 0, 0, 0, 5, 1000, 3;
1, 256, 0, 0, 0, 0, 5, 1000, 3;
1, 256, 1, 1, 1, 1, 6, 1001, 4;
1, 256, 1, 1, 1, 1, 6, 1001, 4;
1, 256, 0, 0, 0, 0, 5, 999, 3;
1, 256, 0, 0, 0, 0, 4, 999, 2;
1, 256, 0, -1, -1, -1, 4, 999, 2;
1, 256, 0, -1, -1, -1, 4, 999, 2;
1, 256, 0, 0, 0, 0, 5, 1000, 3;
1, 256, 0, 1, 1, 1, 5, 1000, 3;
1, 256, 0, 0, 0, 0, 4, 999, 2;
1, 256, 0, -1, -1, -1, 4, 999, 2;
1, 256, 0, 0, 0, 0, 5, 1000, 3;
1, 256, 1, 1, 1, 1, 5, 1000, 3;
1, 256, 0, 0, 0, 0, 5, 1000, 3;
1, 256, 0, 1, 1, 1, 5, 1000, 3;
1, 256, 0, 0, 0, 0, 4, 999, 2;
1, 256, 0, 0, 0, 0, 5, 1000, 3;
1, 256, 0, 1, 1, 1, 5, 1000, 3;
1, 256, 0, 0, 0, 0, 5, 1000, 3;
1, 256, 0, 0, 0, 0, 4, 999, 2;
1, 256, 1, 1, 1, 1, 6, 1000, 4;
1, 256, 0, 0, 0, 0, 5, 1000, 3;
1, 256, 0, 0, 0, 0, 4, 999, 2;
1, 256, 1, 1, 1, 1, 5, 1000, 3;
1, 256, 0, 1, 1, 1, 5, 1000, 3;
1, 256, 1, 1, 1, 1, 6, 1000, 4;
1, 256, 0, 0, 0, 0, 5, 1000, 3;
1, 256, 0, 0, 0, 0, 4, 999, 2;
1, 256, 0, 0, 0, 0, 5, 1000, 3;
1, 256, 0, 0, 0, 0, 5, 1000, 3;
1, 256, 0, 0, 0, 0, 5, 1000, 3;
1, 256, 0, 0, 0, 0, 5, 1000, 3;
1, 256, 0, -1, -1, -1, 4, 999, 2;
1, 256, 1, 1, 1, 1, 6, 1001, 4;
1, 256, 0, 0, 0, 0, 5, 1000, 3;
1, 256, 0, 0, 0, 0, 4, 999, 2;
1, 256, 0, 0, 0, 0, 5, 1000, 3;
1, 256, 0, -1, -1, -1, 3, 998, 1;
1, 256, 0, -1, -1, -1, 4, 999, 2;
1, 256, 1, 1, 1, 1, 6, 1000, 3;
1, 256, 0, 0, 0, 0, 5, 1000, 3;
1, 256, 0, 0, 0, 0, 5, 1000, 3;
1, 256, 1, 1, 1, 1, 6, 1001, 4;
1, 256, 0, 1, 1, 1, 5, 1000, 3;
1, 256, 0, 0, 0, 0, 5, 1000, 3;
1, 256, 0, 1, 1, 1, 5, 1000, 3;
1, 256, 0, -1, -1, -1, 4, 999, 2;
1, 256, 0, -1, -1, -1, 3, 998, 1;
1, 256, 0, -1, -1, -1, 4, 999, 2;
1, 256, 1, 1, 1, 1, 6, 1001, 4;
1, 256, 0, 0, 0, 0, 5, 1000, 3;
1, 256, 0, -1, -1, -1, 4, 999, 2;
1, 256, 0, 0, 0, 0, 4, 999, 2;
1, 256, 0, 0, 0, 0, 5, 1000, 3;
1, 256, 1, 1, 1, 1, 6, 1000, 4;
1, 256, 0, 0, 0, 0, 5, 1000, 3;
1, 256, 0, 0, 0, 0, 5, 1000, 3;
1, 256, 0, 0, 0, 0, 5, 1000, 3;
1, 256, 0, 0, 0, 0, 5, 1000, 3;
1, 256, 0, 0, 0, 0, 5, 1000, 3;
1, 256, 0, 0, 0, 0, 4, 999, 2;
1, 256, 0, 0, 0, 0, 5, 999, 3;
1, 256, 0, 0, 0, 0, 5, 1000, 3;
1, 256, 0, 0, 0, 0, 5, 1000, 3;
1, 256, 0, 0, 0, 0, 4, 999, 2;
1, 256, 0, -1, -1, -1, 4, 999, 2;
1, 256, 0, -1, -1, -1, 3, 998, 1;
1, 256, 0, 0, 0, 0, 5, 1000, 3;
1, 256, 0, 0, 0, 0, 5, 1000, 3;
1, 256, 0, 0, 0, 0, 5, 1000, 3;
1, 256, 0, -1, -1, -1, 4, 999, 2;
1, 256, 0, 0, 0, 0, 5, 1000, 3;
1, 256, 0, 1, 1, 1, 5, 1000, 3;
1, 256, 0, -1, -1, -1, 4, 998, 2;
1, 256, 0, -1, -1, -1, 4, 999, 2;
1, 256, 0, -1, -1, -1, 3, 998, 1;
1, 256, 1, 1, 1, 1, 6, 1000, 3;
1, 256, 0, -1, -1, -1, 3, 998, 1;
1, 256, 0, 0, 0, 0, 5, 1000, 3;
1, 256, 1, 1, 1, 1, 6, 1001, 4;
1, 256, 0, -1, -1, -1, 4, 999, 2;
1, 256, 0, 0, 0, 0, 4, 999, 2;
1, 256, 0, -1, -1, -1, 4, 999, 2;
1, 256, 0, -1, -1, -1, 4, 999, 2;
1, 256, 0, 0, 0, 0, 5, 1000, 3;
1, 256, 0, 0, 0, 0, 4, 999, 2;
1, 256, 0, 0, 0, 0, 4, 999, 2;
1, 256, 0, 0, 0, 0, 4, 999, 2;
1, 256, 0, 0, 0, 0, 5, 1000, 3;
1, 256, 0, 0, 0, 0, 4, 999, 2;
1, 256, 0, 0, 0, 0, 4, 999, 2;
1, 256, 0, 0, 0, 0, 5, 1000, 3;
1, 256, 0, 0, 0, 0, 5, 999, 2;
1, 256, 0, 0, 0, 0, 4, 999, 2;
1, 256, 1, 1, 1, 1, 6, 1001, 4;
1, 256, 0, -1, -1, -1, 4, 999, 2;
1, 256, 0, 0, 0, 0, 5, 1000, 3;
1, 256, 0, 0, 0, 0, 5, 1000, 3;
1, 256, 0, 1, 1, 1, 5, 1000, 3;
1, 256, 0, 0, 0, 0, 5, 1000, 3;
1, 256, 0, 0, 0, 0, 4, 999, 2;
1, 256, 0, 0, 0, 0, 5, 1000, 3;
1, 256, 1, 1, 1, 1, 6, 1000, 3;
1, 256, 1, 1, 1, 1, 6, 1001, 4;
1, 256, 1, 1, 1, 1, 6, 1001, 4;
1, 256, 0, 0, 0, 0, 5, 1000, 3;
1, 256, 0, 0, 0, 0, 5, 1000, 3;
1, 256, 0, -1, -1, -1, 4, 999, 2;
1, 256, 0, 0, 0, 0, 4, 999, 2;
1, 256, 1, 1, 1, 1, 6, 1001, 4;
1, 256, 0, 0, 0, 0, 4, 999, 2;
1, 256, 0, 0, 0, 0, 4, 999, 2;
1, 256, 0, 0, 0, 0, 4, 999, 2;
1, 256, 0, -1, -1, -1, 4, 999, 2;
1, 256, 0, -1, -1, -1, 4, 998, 2;
1, 256, 0, -1, -1, -1, 4, 999, 2;
1, 256, 0, -1, -1, -1, 4, 999, 2;
1, 256, 0, 0, 0, 0, 4, 999, 2;
1, 256, 0, 0, 0, 0, 5, 1000, 3;
1, 256, 1, 1, 1, 1, 5, 1000, 3;
1, 256, 0, -1, -1, -1, 4, 999, 2;
1, 256, 0, 0, 0, 0, 5, 1000, 3;
1, 256, 0, 0, 0, 0, 5, 1000, 3;
1, 256, 0, 0, 0, 0, 4, 999, 2;
1, 256, 0, 0, 0, 0, 4, 999, 2;
1, 256, 0, -1, -1, -1, 4, 999, 2;
1, 256, 1, 1, 1, 1, 5, 1000, 3;
1, 256, 0, 1, 1, 1, 5, 1000, 3;
1, 256, 0, 0, 0, 0, 4, 999, 2;
1, 256, 0, 0, 0, 0, 5, 1000, 3;
1, 256, 0, 0, 0, 0, 5, 1000, 3;
1, 256, 1, 1, 1, 1, 6, 1001, 4;
1, 256, 0, 0, 0, 0, 4, 999, 2;
1, 256, 1, 1, 1, 1, 6, 1001, 4;
1, 256, 0, -1, -1, -1, 4, 999, 2;
1, 256, 0, -1, -1, -1, 4, 999, 2;
1, 256, 0, -1, -1, -1, 4, 999, 2;
1, 256, 0, 1, 1, 1, 5, 1000, 3;
1, 256, 1, 1, 1, 1, 6, 1001, 4;
1, 256, 0, 0, 0, 0, 5, 1000, 3;
1, 256, 0, -1, -1, -1, 4, 999, 2;
1, 256, 1, 1, 1, 1, 6, 1001, 4;
1, 256, 0, 0, 0, 0, 5, 1000, 3;
0, 256, 0, -1, -1, -1, 3, 998, 1;
1, 256, 0, 0, 0, 0, 4, 999, 2;
1, 256, 0, 0, 0, 0, 4, 999, 2;
1, 256, 1, 1, 1, 1, 6, 1001, 4;
1, 256, 0, 0, 0, 0, 4, 999, 2;
1, 256, 0, -1, -1, -1, 4, 999, 2;
1, 256, 0, 0, 0, 0, 4, 999, 2;
1, 256, 1, 1, 1, 1, 6, 1001, 4;
1, 256, 0, 0, 0, 0, 5, 1000, 3;
1, 256, 0, 0, 0, 0, 4, 999, 2;
1, 256, 0, -1, -1, -1, 4, 999, 2;
1, 256, 0, 0, 0, 0, 5, 1000, 3;
1, 256, 0, 0, 0, 0, 5, 1000, 3;
1, 256, 0, -1, -1, -1, 4, 999, 2;
1, 256, 0, 1, 1, 1, 5, 1000, 3;
1, 256, 0, 0, 0, 0, 5, 1000, 3;
1, 256, 0, 1, 1, 1, 5, 1000, 3;
1, 256, 0, 0, 0, 0, 5, 1000, 3;
1, 256, 1, 1, 1, 1, 6, 1001, 4;
1, 256, 0, 0, 0, 0, 5, 1000, 3;
1, 256, 0, 0, 0, 0, 4, 999, 2;
1, 256, 0, 0, 0, 0, 4, 999, 2;
1, 256, 0, 1, 1, 1, 5, 1000, 3;
1, 256, 0, 0, 0, 0, 5, 1000, 3;
1, 256, 0, 0, 0, 0, 4, 999, 2;
1, 256, 0, 0, 0, 0, 4, 999, 2;
1, 256, 0, 1, 1, 1, 5, 1000, 3;
1, 256, 1, 1, 1, 1, 6, 1000, 4;
1, 256, 0, -1, -1, -1, 4, 998, 2;
1, 256, 0, 0, 0, 0, 4, 999, 2;
1, 256, 0, 0, 0, 0, 4, 999, 2;
1, 256, 0, 1, 1, 1, 5, 1000, 3;
1, 256, 1, 1, 1, 1, 6, 1000, 3;
1, 256, 0, 0, 0, 0, 5, 1000, 3;
1, 256, 0, 0, 0, 0, 4, 999, 2;
1, 256, 1, 1, 1, 1, 6, 1001, 4;
1, 256, 0, 0, 0, 0, 4, 999, 2;
1, 256, 1, 1, 1, 1, 6, 1000, 4;
1, 256, 0, 0, 0, 0, 4, 999, 2;
1, 256, 0, -1, -1, -1, 4, 999, 2;
1, 256, 0, 0, 0, 0, 5, 1000, 3;
1, 256, 0, 0, 0, 0, 5, 1000, 3;
1, 256, 0, 0, 0, 0, 5, 1000, 3;
1, 256, 0, 0, 0, 0, 4, 999, 2;
1, 256, 0, -1, -1, -1, 3, 998, 1;
1, 256, 0, 0, 0, 0, 5, 1000, 3;
1, 256, 0, 0, 0, 0, 5, 1000, 3;
1, 256, 0, -1, -1, -1, 4, 998, 2;
1, 256, 1, 1, 1, 1, 6, 1001, 4;
1, 256, 1, 1, 1, 1, 6, 1001, 4;
1, 256, 0, -1, -1, -1, 4, 999, 2;
1, 256, 0, 0, 0, 0, 5, 999, 3;
1, 256, 0, 0, 0, 0, 4, 999, 2;
1, 256, 0, 1, 1, 1, 5, 1000, 3;
1, 256, 1, 1, 1, 1, 6, 1001, 4;
1, 256, 0, 0, 0, 0, 5, 1000, 3;
1, 256, 0, 0, 0, 0, 4, 999, 2;
1, 256, 0, 1, 1, 1, 5, 1000, 3;
1, 256, 0, 0, 0, 0, 5, 1000, 3;
1, 256, 0, 0, 0, 0, 4, 999, 2;
1, 256, 0, 0, 0, 0, 5, 999, 3;
1, 256, 0, 0, 0, 0, 4, 999, 2;
1, 256, 0, 1, 1, 1, 5, 1000, 3;
1, 256, 0, 0, 0, 0, 4, 999, 2;
1, 256, 0, 0, 0, 0, 4, 999, 2;
1, 256, 0, 1, 1, 1, 5, 1000, 3;
1, 256, 0, 0, 0, 0, 4, 999, 2;
1, 256, 0, 0, 0, 0, 5, 1000, 3;
1, 256, 1, 1, 1, 1, 6, 1000, 4;
1, 256, 0, 0, 0, 0, 4, 999, 2;
1, 256, 1, 1, 1, 1, 6, 1001, 4;
1, 256, 0, 0, 0, 0, 5, 999, 3;
1, 256, 0, -1, -1, -1, 4, 999, 2;
1, 256, 1, 1, 1, 1, 6, 1001, 4;
1, 256, 1, 1, 1, 1, 6, 1001, 4;
1, 256, 0, 0, 0, 0, 5, 1000, 3;
1, 256, 0, -1, -1, -1, 4, 999, 2;
1, 256, 1, 1, 1, 1, 6, 1001, 4;
1, 256, 0, 0, 0, 0, 4, 999, 2;
1, 256, 0, 0, 0, 0, 5, 999, 3;
1, 256, 0, 0, 0, 0, 4, 999, 2;
1, 256, 0, 0, 0, 0, 5, 1000, 3;
1, 256, 0, -1, -1, -1, 4, 999, 2;
1, 256, 0, 0, 0, 0, 4, 999, 2;
1, 256, 0, 0, 0, 0, 5, 1000, 3;
1, 256, 0, -1, -1, -1, 4, 998, 2;
1, 256, 0, 0, 0, 0, 5, 1000, 3;
1, 256, 0, 0, 0, 0, 5, 1000, 3;
1, 256, 0, 0, 0, 0, 5, 1000, 3;
1, 256, 0, 0, 0, 0, 4, 999, 2;
1, 256, 0, -1, -1, -1, 3, 998, 1;
1, 256, 0, -1, -1, -1, 4, 999, 2;
1, 256, 0, -1, -1, -1, 4, 999, 2;
1, 256, 0, -1, -1, -1, 4, 999, 2;
1, 256, 0, 0, 0, 0, 5, 1000, 3;
1, 256, 0, 0, 0, 0, 5, 1000, 3;
1, 256, 0, 0, 0, 0, 4, 999, 2;
1, 256, 1, 1, 1, 1, 6, 1001, 4;
1, 256, 0, 0, 0, 0, 4, 999, 2;
1, 256, 0, 0, 0, 0, 5, 1000, 3;
1, 256, 0, 0, 0, 0, 5, 1000, 3;
1, 256, 0, 0, 0, 0, 5, 1000, 3;
1, 256, 0, 0, 0, 0, 5, 1000, 3;
1, 256, 1, 1, 1, 1, 6, 1001, 4;
1, 256, 0, 0, 0, 0, 5, 1000, 3;
1, 256, 0, -1, -1, -1, 4, 998, 1;
1, 256, 0, 0, 0, 0, 5, 1000, 3;
1, 256, 0, 0, 0, 0, 5, 1000, 3;
1, 256, 0, 0, 0, 0, 5, 1000, 3;
1, 256, 0, 0, 0, 0, 5, 999, 2;
1, 256, 0, 0, 0, 0, 4, 999, 2;
1, 256, 0, 0, 0, 0, 5, 1000, 3;
1, 256, 0, 0, 0, 0, 4, 999, 2;
1, 256, 0, 1, 1, 1, 5, 1000, 3;
1, 256, 0, 0, 0, 0, 5, 1000, 3;
1, 256, 0, 0, 0, 0, 5, 1000, 3;
1, 256, 0, 1, 1, 1, 5, 1000, 3;
1, 256, 0, 1, 1, 1, 5, 1000, 3;
1, 256, 0, 0, 0, 0, 4, 999, 2;
1, 256, 0, -1, -1, -1, 4, 999, 2;
0, 256, 0, -1, -1, -1, 3, 998, 1;
1, 256, 0, 0, 0, 0, 5, 1000, 3;
1, 256, 0, 0, 0, 0, 5, 999, 2;
1, 256, 0, -1, -1, -1, 3, 998, 1;
1, 256, 0, 0, 0, 0, 4, 999, 2;
1, 256, 0, 0, 0, 0, 4, 999, 2;
1, 256, 0, 0, 0, 0, 4, 999, 2;
1, 256, 0, -1, -1, -1, 4, 999, 2;
1, 256, 0, 1, 1, 1, 5, 1000, 3;
1, 256, 1, 1, 1, 1, 6, 1000, 4;
1, 256, 0, 0, 0, 0, 4, 999, 2;
1, 256, 0, 0, 0, 0, 5, 1000, 3;
1, 256, 1, 1, 1, 1, 5, 1000, 3;
1, 256, 0, 0, 0, 0, 4, 999, 2;
1, 256, 0, 0, 0, 0, 4, 999, 2;
1, 256, 0, 0, 0, 0, 4, 999, 2;
1, 256, 0, 0, 0, 0, 4, 999, 2;
1, 256, 1, 1, 1, 1, 6, 1001, 4;
1, 256, 0, 0, 0, 0, 5, 1000, 3;
1, 256, 0, 0, 0, 0, 5, 1000, 3;
1, 256, 0, 0, 0, 0, 5, 999, 2;
1, 256, 1, 1, 1, 1, 6, 1001, 4;
1, 256, 0, 0, 0, 0, 4, 999, 2;
1, 256, 0, 0, 0, 0, 5, 1000, 3;
1, 256, 0, 0, 0, 0, 4, 999, 2;
1, 256, 0, 0, 0, 0, 4, 999, 2;
1, 256, 0, -1, -1, -1, 4, 999, 2;
1, 256, 0, 0, 0, 0, 4, 999, 2;
1, 256, 0, -1, -1, -1, 4, 999, 2;
1, 256, 0, 1, 1, 1, 5, 1000, 3;
1, 256, 0, 0, 0, 0, 4, 999, 2;
1, 256, 1, 1, 1, 1, 6, 1001, 4;
1, 256, 0, 0, 0, 0, 5, 1000, 3;
1, 256, 0, 0, 0, 0, 5, 1000, 3;
1, 256, 0, -1, -1, -1, 4, 999, 2;
1, 256, 0, 0, 0, 0, 5, 999, 3;
1, 256, 0, 0, 0, 0, 4, 999, 2;
1, 256, 1, 1, 1, 1, 6, 1001, 4;
1, 256, 0, 0, 0, 0, 5, 1000, 3;
1, 256, 0, 0, 0, 0, 5, 1000, 3;
1, 256, 0, 1, 1, 1, 5, 1000, 3;
1, 256, 0, 0, 0, 0, 5, 1000, 3;
1, 256, 0, -1, -1, -1, 4, 999, 2;
1, 256, 0, 1, 1, 1, 5, 1000, 3;
1, 256, 1, 1, 1, 1, 6, 1001, 4;
1, 256, 1, 1, 1, 1, 6, 1001, 4;
1, 256, 0, 0, 0, 0, 5, 1000, 3;
1, 256, 0, 0, 0, 0, 5, 999, 3;
1, 256, 0, 0, 0, 0, 5, 1000, 3;
1, 256, 0, -1, -1, -1, 4, 999, 2;
1, 256, 0, 1, 1, 1, 5, 1000, 3;
1, 256, 0, -1, -1, -1, 4, 999, 2;
1, 256, 0, 0, 0, 0, 5, 999, 3;
1, 256, 0, 0, 0, 0, 5, 1000, 3;
1, 256, 0, 0, 0, 0, 5, 1000, 3;
1, 256, 0, 0, 0, 0, 4, 999, 2;
1, 256, 0, 0, 0, 0, 5, 1000, 3;
1, 256, 0, 0, 0, 0, 4, 999, 2;
1, 256, 1, 1, 1, 1, 6, 1000, 3;
1, 256, 0, 0, 0, 0, 5, 1000, 3;
1, 256, 0, 0, 0, 0, 4, 999, 2;
1, 256, 1, 1, 1, 1, 5, 1000, 3;
1, 256, 0, 0, 0, 0, 5, 1000, 3;
1, 256, 0, 0, 0, 0, 4, 999, 2;
1, 256, 0, 0, 0, 0, 5, 999, 2;
1, 256, 0, 0, 0, 0, 5, 1000, 3;
1, 256, 0, 0, 0, 0, 5, 1000, 3;
1, 256, 0, -1, -1, -1, 4, 999, 2;
1, 256, 0, 0, 0, 0, 4, 999, 2;
1, 256, 0, 0, 0, 0, 5, 1000, 3;
1, 256, 0, 0, 0, 0, 4, 999, 2;
1, 256, 0, -1, -1, -1, 4, 999, 2;
1, 256, 1, 1, 1, 1, 6, 1001, 4;
1, 256, 0, -1, -1, -1, 4, 998, 2;
1, 256, 0, 0, 0, 0, 5, 1000, 3;
1, 256, 0, 0, 0, 0, 5, 999, 3;
1, 256, 0, 1, 1, 1, 5, 1000, 3;
1, 256, 0, 0, 0, 0, 5, 1000, 3;
1, 256, 0, -1, -1, -1, 3, 998, 1;
1, 256, 0, 1, 1, 1, 5, 1000, 3;
1, 256, 0, 0, 0, 0, 5, 1000, 3;
1, 256, 0, 0, 0, 0, 4, 999, 2;
1, 256, 0, 0, 0, 0, 5, 1000, 3;
1, 256, 0, 0, 0, 0, 5, 1000, 3;
1, 256, 0, -1, -1, -1, 4, 999, 2;
1, 256, 0, 0, 0, 0, 5, 1000, 3;
1, 256, 0, 0, 0, 0, 5, 999, 2;
1, 256, 0, -1, -1, -1, 4, 999, 2;
1, 256, 0, 0, 0, 0, 4, 999, 2;
1, 256, 0, 1, 1, 1, 5, 1000, 3;
1, 256, 0, -1, -1, -1, 4, 999, 2;
1, 256, 1, 1, 1, 1, 6, 1000, 4;
1, 256, 0, 0, 0, 0, 4, 999, 2;
1, 256, 0, -1, -1, -1, 4, 998, 2;
1, 256, 0, 0, 0, 0, 4, 999, 2;
1, 256, 1, 1, 1, 1, 6, 1001, 4;
1, 256, 0, 0, 0, 0, 4, 999, 2;
1, 256, 0, 0, 0, 0, 5, 1000, 3;
1, 256, 1, 1, 1, 1, 6, 1001, 4;
1, 256, 0, 1, 1, 1, 5, 1000, 3;
1, 256, 0, 0, 0, 0, 4, 999, 2;
1, 256, 1, 1, 1, 1, 5, 1000, 3;
1, 256, 0, -1, -1, -1, 3, 998, 1;
1, 256, 0, 0, 0, 0, 4, 999, 2;
1, 256, 0, 1, 1, 1, 5, 1000, 3;
1, 256, 0, 0, 0, 0, 5, 1000, 3;
1, 256, 1, 1, 1, 1, 6, 1000, 3;
1, 256, 0, 0, 0, 0, 5, 1000, 3;
1, 256, 0, 0, 0, 0, 4, 999, 2;
1, 256, 0, -1, -1, -1, 4, 999, 2;
1, 256, 0, 0, 0, 0, 5, 999, 3;
1, 256, 0, 0, 0, 0, 5, 1000, 3;
1, 256, 0, -1, -1, -1, 4, 999, 2;
1, 256, 0, 0, 0, 0, 5, 999, 2;
1, 256, 0, 0, 0, 0, 5, 1000, 3;
1, 256, 0, -1, -1, -1, 4, 999, 2;
0, 256, 0, -1, -1, -1, 3, 998, 1;
1, 256, 0, 0, 0, 0, 4, 999, 2;
1, 256, 1, 1, 1, 1, 6, 1000, 4;
1, 256, 0, -1, -1, -1, 4, 999, 2;
1, 256, 0, 0, 0, 0, 5, 1000, 3;
1, 256, 0, 0, 0, 0, 4, 999, 2;
1, 256, 1, 1, 1, 1, 5, 1000, 3;
1, 256, 0, -1, -1, -1, 4, 999, 2;
1, 256, 0, 0, 0, 0, 5, 999, 3;
1, 256, 0, 0, 0, 0, 4, 999, 2;
1, 256, 1, 1, 1, 1, 6, 1001, 4;
1, 256, 0, -1, -1, -1, 4, 999, 2;
1, 256, 0, 0, 0, 0, 4, 999, 2;
1, 256, 1, 1, 1, 1, 6, 1001, 4;
1, 256, 1, 1, 1, 1, 6, 1001, 4;
1, 256, 0, -1, -1, -1, 4, 999, 2;
1, 256, 0, -1, -1, -1, 3, 998, 1;
1, 256, 1, 1, 1, 1, 6, 1000, 3;
1, 256, 0, 0, 0, 0, 4, 999, 2;
1, 256, 0, -1, -1, -1, 3, 998, 1;
1, 256, 0, 0, 0, 0, 4, 999, 2;
1, 256, 1, 1, 1, 1, 6, 1000, 4;
1, 256, 0, -1, -1, -1, 3, 998, 1;
1, 256, 0, 1, 1, 1, 5, 1000, 3;
1, 256, 0, 0, 0, 0, 4, 999, 2;
1, 256, 0, 0, 0, 0, 5, 1000, 3;
1, 256, 0, 0, 0, 0, 5, 1000, 3;
1, 256, 0, -1, -1, -1, 4, 998, 2;
1, 256, 0, 0, 0, 0, 5, 1000, 3;
1, 256, 0, 0, 0, 0, 4, 999, 2;
1, 256, 0, 0, 0, 0, 4, 999, 2;
1, 256, 0, -1, -1, -1, 4, 999, 2;
1, 256, 1, 1, 1, 1, 6, 1000, 4;
1, 256, 0, 0, 0, 0, 5, 1000, 3;
1, 256, 0, 0, 0, 0, 5, 1000, 3;
1, 256, 0, 0, 0, 0, 5, 1000, 3;
1, 256, 0, 0, 0, 0, 5, 999, 3;
1, 256, 0, 0, 0, 0, 5, 1000, 3;
1, 256, 0, -1, -1, -1, 4, 999, 2;
1, 256, 0, 0, 0, 0, 5, 1000, 3;
1, 256, 0, 0, 0, 0, 5, 999, 3;
1, 256, 0, -1, -1, -1, 3, 998, 1;
1, 256, 1, 1, 1, 1, 6, 1001, 4;
1, 256, 0, 0, 0, 0, 4, 999, 2;
1, 256, 0, 1, 1, 1, 5, 1000, 3;
1, 256, 1, 1, 1, 1, 6, 1001, 4;
1, 256, 0, 0, 0, 0, 5, 1000, 3;
1, 256, 0, -1, -1, -1, 4, 999, 2;
1, 256, 1, 1, 1, 1, 5, 1000, 3;
1, 256, 0, -1, -1, -1, 3, 998, 1;
1, 256, 0, -1, -1, -1, 4, 998, 1;
1, 256, 0, 1, 1, 1, 5, 1000, 3;
1, 256, 0, 0, 0, 0, 4, 999, 2;
1, 256, 0, 0, 0, 0, 4, 999, 2;
1, 256, 0, -1, -1, -1, 4, 999, 2;
1, 256, 0, 0, 0, 0, 5, 999, 3;
1, 256, 1, 1, 1, 1, 6, 1001, 4;
1, 256, 0, -1, -1, -1, 4, 998, 2;
1, 256, 1, 1, 1, 1, 6, 1000, 4;
1, 256, 0, 0, 0, 0, 4, 999, 2;
0, 256, 0, -1, -1, -1, 3, 998, 1;
1, 256, 0, 0, 0, 0, 4, 999, 2;
1, 256, 1, 1, 1, 1, 6, 1001, 4;
1, 256, 0, -1, -1, -1, 4, 999, 2;
1, 256, 0, 0, 0, 0, 5, 1000, 3;
1, 256, 0, -1, -1, -1, 3, 998, 1;
1, 256, 0, -1, -1, -1, 4, 999, 2;
1, 256, 1, 1, 1, 1, 6, 1000, 3;
1, 256, 1, 1, 1, 1, 6, 1000, 4;
1, 256, 0, 0, 0, 0, 5, 1000, 3;
1, 256, 0, 1, 1, 1, 5, 1000, 3;
1, 256, 0, 0, 0, 0, 5, 1000, 3;
1, 256, 1, 1, 1, 1, 5, 1000, 3;
1, 256, 0, 0, 0, 0, 4, 999, 2;
1, 256, 0, 0, 0, 0, 4, 999, 2;
1, 256, 0, 0, 0, 0, 4, 999, 2;
1, 256, 0, 0, 0, 0, 4, 999, 2;
1, 256, 0, 0, 0, 0, 4, 999, 2;
1, 256, 0, 0, 0, 0, 4, 999, 2;
1, 256, 0, 0, 0, 0, 4, 999, 2;
1, 256, 0, 0, 0, 0, 5, 1000, 3;
1, 256, 0, 0, 0, 0, 4, 999, 2;
1, 256, 0, -1, -1, -1, 4, 999, 2;
1, 256, 0, 0, 0, 0, 4, 999, 2;
1, 256, 0, 1, 1, 1, 5, 1000, 3;
1, 256, 1, 1, 1, 1, 6, 1001, 4;
1, 256, 0, 0, 0, 0, 4, 999, 2;
1, 256, 0, 0, 0, 0, 4, 999, 2;
1, 256, 0, 0, 0, 0, 4, 999, 2;
1, 256, 0, 1, 1, 1, 5, 1000, 3;
1, 256, 0, 0, 0, 0, 4, 999, 2;
1, 256, 0, 0, 0, 0, 4, 999, 2;
1, 256, 0, 0, 0, 0, 4, 999, 2;
1, 256, 0, 0, 0, 0, 4, 999, 2;
1, 256, 0, 0, 0, 0, 4, 999, 2;
1, 256, 1, 1, 1, 1, 5, 1000, 3;
1, 256, 0, 0, 0, 0, 4, 999, 2;
1, 256, 0, -1, -1, -1, 4, 998, 2;
1, 256, 0, 0, 0, 0, 5, 1000, 3;
1, 256, 1, 1, 1, 1, 6, 1000, 3;
1, 256, 0, 0, 0, 0, 5, 999, 3;
1, 256, 1, 1, 1, 1, 5, 1000, 3;
1, 256, 1, 1, 1, 1, 6, 1001, 4;
1, 256, 0, 0, 0, 0, 4, 999, 2;
1, 256, 0, 0, 0, 0, 5, 1000, 3;
1, 256, 0, 0, 0, 0, 5, 1000, 3;
1, 256, 0, 1, 1, 1, 5, 1000, 3;
1, 256, 0, -1, -1, -1, 4, 999, 2;
1, 256, 0, 0, 0, 0, 4, 999, 2;
1, 256, 0, -1, -1, -1, 4, 999, 2;
1, 256, 0, 0, 0, 0, 4, 999, 2;
1, 256, 0, 1, 1, 1, 5, 1000, 3;
1, 256, 1, 1, 1, 1, 6, 1001, 4;
1, 256, 0, 0, 0, 0, 4, 999, 2;
1, 256, 0, 0, 0, 0, 4, 999, 2;
1, 256, 0, 0, 0, 0, 5, 1000, 3;
1, 256, 0, -1, -1, -1, 4, 999, 2;
1, 256, 0, 0, 0, 0, 5, 1000, 3;
1, 256, 0, 1, 1, 1, 5, 1000, 3;
1, 256, 1, 1, 1, 1, 6, 1001, 4;
1, 256, 0, 0, 0, 0, 5, 999, 3;
1, 256, 1, 1, 1, 1, 6, 1001, 4;
1, 256, 1, 1, 1, 1, 6, 1000, 4;
1, 256, 0, 1, 1, 1, 5, 1000, 3;
1, 256, 0, -1, -1, -1, 4, 999, 2;
1, 256, 0, -1, -1, -1, 4, 998, 2;
1, 256, 0, 1, 1, 1, 5, 1000, 3;
1, 256, 0, 0, 0, 0, 5, 1000, 3;
1, 256, 0, 1, 1, 1, 5, 1000, 3;
1, 256, 0, 0, 0, 0, 5, 1000, 3;
0, 256, 0, -1, -1, -1, 3, 998, 1;
1, 256, 0, 0, 0, 0, 4, 999, 2;
1, 256, 0, -1, -1, -1, 4, 999, 2;
1, 256, 0, 1, 1, 1, 5, 1000, 3;
1, 256, 1, 1, 1, 1, 6, 1001, 4;
1, 256, 0, 0, 0, 0, 5, 1000, 3;
1, 256, 1, 1, 1, 1, 5, 1000, 3;
1, 256, 0, 0, 0, 0, 4, 999, 2;
1, 256, 0, 0, 0, 0, 5, 1000, 3;
1, 256, 0, -1, -1, -1, 4, 998, 1;
1, 256, 1, 1, 1, 1, 5, 1000, 3;
1, 256, 0, -1, -1, -1, 4, 999, 2;
1, 256, 0, 0, 0, 0, 5, 999, 2;
1, 256, 0, 0, 0, 0, 4, 999, 2;
1, 256, 0, 0, 0, 0, 5, 1000, 3;
1, 256, 0, 0, 0, 0, 4, 999, 2;
1, 256, 0, -1, -1, -1, 4, 998, 2;
1, 256, 0, 1, 1, 1, 5, 1000, 3;
1, 256, 1, 1, 1, 1, 6, 1000, 4;
1, 256, 0, 0, 0, 0, 5, 1000, 3;
1, 256, 0, 0, 0, 0, 4, 999, 2;
1, 256, 0, 0, 0, 0, 4, 999, 2;
1, 256, 0, -1, -1, -1, 4, 999, 2;
1, 256, 0, 0, 0, 0, 4, 999, 2;
1, 256, 0, -1, -1, -1, 4, 998, 2;
1, 256, 0, 0, 0, 0, 4, 999, 2;
1, 256, 0, -1, -1, -1, 4, 999, 2;
1, 256, 1, 1, 1, 1, 6, 1001, 4;
1, 256, 1, 1, 1, 1, 6, 1000, 3;
1, 256, 0, 1, 1, 1, 5, 1000, 3;
1, 256, 0, -1, -1, -1, 4, 999, 2;
1, 256, 1, 1, 1, 1, 5, 1000, 3;
1, 256, 0, -1, -1, -1, 4, 998, 1;
1, 256, 1, 1, 1, 1, 6, 1001, 4;
1, 256, 0, 0, 0, 0, 5, 1000, 3;
1, 256, 0, -1, -1, -1, 4, 999, 2;
1, 256, 0, 0, 0, 0, 4, 999, 2;
1, 256, 0, 0, 0, 0, 5, 1000, 3;
1, 256, 1, 1, 1, 1, 5, 1000, 3;
1, 256, 0, 0, 0, 0, 4, 999, 2;
1, 256, 1, 1, 1, 1, 6, 1001, 4;
1, 256, 0, 1, 1, 1, 5, 1000, 3;
1, 256, 0, -1, -1, -1, 4, 999, 2;
1, 256, 0, -1, -1, -1, 4, 999, 2;
1, 256, 1, 1, 1, 1, 6, 1000, 3;
1, 256, 0, -1, -1, -1, 4, 998, 2;
1, 256, 0, 0, 0, 0, 5, 1000, 3;
1, 256, 0, 0, 0, 0, 5, 1000, 3;
1, 256, 0, 0, 0, 0, 4, 999, 2;
1, 256, 0, 1, 1, 1, 5, 1000, 3;
1, 256, 1, 1, 1, 1, 6, 1001, 4;
1, 256, 1, 1, 1, 1, 6, 1000, 3;
1, 256, 0, 0, 0, 0, 4, 999, 2;
1, 256, 0, 0, 0, 0, 5, 1000, 3;
1, 256, 1, 1, 1, 1, 5, 1000, 3;
1, 256, 0, 0, 0, 0, 5, 1000, 3;
1, 256, 0, 0, 0, 0, 5, 1000, 3;
1, 256, 0, -1, -1, -1, 4, 999, 2;
1, 256, 0, -1, -1, -1, 4, 998, 2;
1, 256, 0, 1, 1, 1, 5, 1000, 3;
1, 256, 0, 0, 0, 0, 4, 999, 2;
1, 256, 0, 0, 0, 0, 5, 1000, 3;
1, 256, 0, 0, 0, 0, 4, 999, 2;
1, 256, 0, -1, -1, -1, 4, 999, 2;
1, 256, 0, -1, -1, -1, 3, 998, 1;
1, 256, 0, -1, -1, -1, 4, 998, 1;
1, 256, 0, 0, 0, 0, 4, 999, 2;
1, 256, 0, 0, 0, 0, 4, 999, 2;
1, 256, 0, 0, 0, 0, 5, 1000, 3;
1, 256, 0, -1, -1, -1, 3, 998, 1;
1, 256, 0, 0, 0, 0, 5, 1000, 3;
1, 256, 0, 1, 1, 1, 5, 1000, 3;
1, 256, 0, -1, -1, -1, 4, 998, 1;
1, 256, 0, 0, 0, 0, 4, 999, 2;
1, 256, 0, -1, -1, -1, 4, 999, 2;
1, 256, 0, -1, -1, -1, 4, 999, 2;
1, 256, 0, 0, 0, 0, 5, 1000, 3;
1, 256, 0, 0, 0, 0, 4, 999, 2;
1, 256, 0, 0, 0, 0, 4, 999, 2;
1, 256, 1, 1, 1, 1, 5, 1000, 3;
1, 256, 0, 0, 0, 0, 4, 999, 2;
1, 256, 0, 0, 0, 0, 5, 1000, 3;
1, 256, 0, 0, 0, 0, 4, 999, 2;
1, 256, 0, 0, 0, 0, 5, 1000, 3;
1, 256, 1, 1, 1, 1, 6, 1000, 4;
1, 256, 0, 1, 1, 1, 5, 1000, 3;
1, 256, 1, 1, 1, 1, 6, 1001, 4;
1, 256, 0, 0, 0, 0, 4, 999, 2;
1, 256, 0, -1, -1, -1, 4, 999, 2;
1, 256, 0, 0, 0, 0, 4, 999, 2;
1, 256, 0, -1, -1, -1, 4, 999, 2;
1, 256, 0, 0, 0, 0, 4, 999, 2;
1, 256, 0, 0, 0, 0, 4, 999, 2;
1, 256, 0, -1, -1, -1, 4, 999, 2;
1, 256, 0, 0, 0, 0, 4, 999, 2;
1, 256, 0, -1, -1, -1, 4, 999, 2;
1, 256, 0, 1, 1, 1, 5, 1000, 3;
1, 256, 1, 1, 1, 1, 6, 1001, 4;
1, 256, 0, -1, -1, -1, 4, 999, 2;
1, 256, 0, 0, 0, 0, 5, 1000, 3;
1, 256, 0, 0, 0, 0, 5, 1000, 3;
1, 256, 1, 1, 1, 1, 6, 1001, 4;
1, 256, 0, 0, 0, 0, 5, 999, 3;
1, 256, 0, -1, -1, -1, 4, 998, 2;
1, 256, 0, -1, -1, -1, 4, 998, 2;
1, 256, 0, 0, 0, 0, 5, 1000, 3;
1, 256, 0, -1, -1, -1, 3, 998, 1;
1, 256, 0, 1, 1, 1, 5, 1000, 3;
1, 256, 0, 0, 0, 0, 5, 1000, 3;
1, 256, 0, -1, -1, -1, 4, 999, 2;
1, 256, 0, 0, 0, 0, 4, 999, 2;
1, 256, 0, 0, 0, 0, 4, 999, 2;
1, 256, 0, -1, -1, -1, 4, 999, 2;
1, 256, 0, -1, -1, -1, 4, 999, 2;
1, 256, 1, 1, 1, 1, 6, 1001, 4;
1, 256, 0, -1, -1, -1, 4, 999, 2;
1, 256, 0, 0, 0, 0, 4, 999, 2;
1, 256, 1, 1, 1, 1, 6, 1000, 4;
1, 256, 0, 0, 0, 0, 5, 1000, 3;
1, 256, 0, 0, 0, 0, 4, 999, 2;
1, 256, 0, 0, 0, 0, 4, 999, 2;
1, 256, 0, -1, -1, -1, 4, 999, 2;
1, 256, 0, 0, 0, 0, 5, 999, 2;
1, 256, 0, 0, 0, 0, 5, 1000, 3;
1, 256, 0, 0, 0, 0, 5, 1000, 3;
1, 256, 0, 0, 0, 0, 5, 1000, 3;
1, 256, 0, 0, 0, 0, 4, 999, 2;
1, 256, 0, 1, 1, 1, 5, 1000, 3;
1, 256, 0, -1, -1, -1, 4, 999, 2;
1, 256, 0, -1, -1, -1, 4, 999, 2;
1, 256, 0, 0, 0, 0, 4, 999, 2;
1, 256, 0, 0, 0, 0, 5, 1000, 3;
1, 256, 0, 0, 0, 0, 4, 999, 2;
1, 256, 0, -1, -1, -1, 4, 999, 2;
1, 256, 0, 0, 0, 0, 5, 1000, 3;
1, 256, 0, 1, 1, 1, 5, 1000, 3;
1, 256, 1, 1, 1, 1, 6, 1001, 4;
1, 256, 0, -1, -1, -1, 4, 999, 2;
1, 256, 0, 0, 0, 0, 5, 1000, 3;
1, 256, 0, 1, 1, 1, 5, 1000, 3;
1, 256, 1, 1, 1, 1, 6, 1001, 4;
1, 256, 1, 1, 1, 1, 6, 1001, 4;
1, 256, 1, 1, 1, 1, 6, 1001, 4;
1, 256, 0, 1, 1, 1, 5, 1000, 3;
1, 256, 1, 1, 1, 1, 5, 1000, 3;
1, 256, 0, 0, 0, 0, 5, 1000, 3;
1, 256, 0, -1, -1, -1, 4, 998, 2;
1, 256, 0, 0, 0, 0, 4, 999, 2;
1, 256, 0, -1, -1, -1, 4, 999, 2;
1, 256, 0, 0, 0, 0, 5, 1000, 3;
1, 256, 0, 0, 0, 0, 4, 999, 2;
1, 256, 0, 0, 0, 0, 4, 999, 2;
1, 256, 0, 0, 0, 0, 5, 1000, 3;
1, 256, 0, 0, 0, 0, 5, 1000, 3;
1, 256, 0, 0, 0, 0, 4, 999, 2;
1, 256, 0, 0, 0, 0, 4, 999, 2;
1, 256, 0, -1, -1, -1, 3, 998, 1;
1, 256, 0, 0, 0, 0, 4, 999, 2;
1, 256, 0, -1, -1, -1, 4, 999, 2;
1, 256, 0, 1, 1, 1, 5, 1000, 3;
1, 256, 0, 1, 1, 1, 5, 1000, 3;
1, 256, 0, 1, 1, 1, 5, 1000, 3;
1, 256, 0, 0, 0, 0, 4, 999, 2;
1, 256, 0, 0, 0, 0, 4, 999, 2;
1, 256, 0, 0, 0, 0, 5, 999, 2;
1, 256, 0, 0, 0, 0, 4, 999, 2;
1, 256, 0, 0, 0, 0, 5, 1000, 3;
1, 256, 0, 0, 0, 0, 5, 1000, 3;
1, 256, 0, 0, 0, 0, 4, 999, 2;
1, 256, 0, 0, 0, 0, 4, 999, 2;
1, 256, 1, 1, 1, 1, 5, 1000, 3;
1, 256, 0, 0, 0, 0, 5, 1000, 3;
1, 256, 0, 0, 0, 0, 4, 999, 2;
1, 256, 1, 1, 1, 1, 6, 1001, 4;
1, 256, 0, 0, 0, 0, 4, 999, 2;
1, 256, 0, 0, 0, 0, 5, 1000, 3;
1, 256, 0, -1, -1, -1, 4, 999, 2;
1, 256, 0, 0, 0, 0, 4, 999, 2;
1, 256, 1, 1, 1, 1, 6, 1001, 4;
1, 256, 1, 1, 1, 1, 6, 1000, 4;
1, 256, 0, -1, -1, -1, 4, 999, 2;
1, 256, 0, 0, 0, 0, 5, 1000, 3;
1, 256, 0, -1, -1, -1, 4, 999, 2;
1, 256, 1, 1, 1, 1, 6, 1001, 4;
1, 256, 0, 0, 0, 0, 4, 999, 2;
1, 256, 0, 0, 0, 0, 4, 999, 2;
1, 256, 0, 1, 1, 1, 5, 1000, 3;
1, 256, 0, 0, 0, 0, 4, 999, 2;
1, 256, 0, 0, 0, 0, 5, 1000, 3;
1, 256, 0, 0, 0, 0, 5, 1000, 3;
1, 256, 0, 0, 0, 0, 4, 999, 2;
1, 256, 0, -1, -1, -1, 4, 998, 2;
1, 256, 0, 0, 0, 0, 5, 1000, 3;
1, 256, 0, 0, 0, 0, 5, 1000, 3;
1, 256, 0, 0, 0, 0, 4, 999, 2;
1, 256, 0, -1, -1, -1, 4, 999, 2;
1, 256, 0, 1, 1, 1, 5, 1000, 3;
1, 256, 1, 1, 1, 1, 6, 1001, 4;
1, 256, 0, 0, 0, 0, 5, 1000, 3;
1, 256, 0, 0, 0, 0, 4, 999, 2;
1, 256, 0, -1, -1, -1, 4, 999, 2;
1, 256, 0, -1, -1, -1, 4, 999, 2;
1, 256, 0, -1, -1, -1, 4, 999, 2;
1, 256, 1, 1, 1, 1, 5, 1000, 3;
1, 256, 0, 0, 0, 0, 4, 999, 2;
1, 256, 0, 0, 0, 0, 4, 999, 2;
1, 256, 0, 0, 0, 0, 5, 999, 2;
1, 256, 0, 1, 1, 1, 5, 1000, 3;
1, 256, 0, 0, 0, 0, 4, 999, 2;
1, 256, 0, -1, -1, -1, 4, 998, 2;
1, 256, 1, 1, 1, 1, 6, 1001, 4;
1, 256, 1, 1, 1, 1, 6, 1000, 3;
1, 256, 0, 0, 0, 0, 5, 1000, 3;
1, 256, 0, -1, -1, -1, 3, 998, 1;
1, 256, 0, 0, 0, 0, 5, 1000, 3;
1, 256, 1, 1, 1, 1, 6, 1001, 4;
1, 256, 0, -1, -1, -1, 4, 999, 2;
1, 256, 0, -1, -1, -1, 3, 998, 1;
1, 256, 1, 1, 1, 1, 6, 1001, 4;
1, 256, 0, -1, -1, -1, 4, 999, 2;
1, 256, 0, 0, 0, 0, 4, 999, 2;
1, 256, 0, 0, 0, 0, 5, 1000, 3;
1, 256, 0, -1, -1, -1, 3, 998, 1;
1, 256, 0, 1, 1, 1, 5, 1000, 3;
1, 256, 0, 0, 0, 0, 5, 999, 3;
1, 256, 0, -1, -1, -1, 4, 999, 2;
1, 256, 0, 0, 0, 0, 5, 1000, 3;
1, 256, 0, 0, 0, 0, 5, 999, 3;
1, 256, 0, 0, 0, 0, 4, 999, 2;
1, 256, 0, 1, 1, 1, 5, 1000, 3;
1, 256, 0, -1, -1, -1, 4, 999, 2;
1, 256, 0, 0, 0, 0, 5, 1000, 3;
1, 256, 1, 1, 1, 1, 6, 1000, 3;
1, 256, 0, 1, 1, 1, 5, 1000, 3;
1, 256, 0, 0, 0, 0, 4, 999, 2;
1, 256, 0, 0, 0, 0, 4, 999, 2;
1, 256, 0, 0, 0, 0, 4, 999, 2;
1, 256, 0, -1, -1, -1, 4, 999, 2;
1, 256, 1, 1, 1, 1, 6, 1001, 4;
1, 256, 0, 0, 0, 0, 5, 999, 3;
1, 256, 0, -1, -1, -1, 4, 999, 2;
1, 256, 1, 1, 1, 1, 6, 1001, 4;
1, 256, 0, 0, 0, 0, 4, 999, 2;
1, 256, 0, 0, 0, 0, 4, 999, 2;
0, 256, 0, -1, -1, -1, 3, 998, 1;
1, 256, 0, 1, 1, 1, 5, 1000, 3;
1, 256, 0, 0, 0, 0, 4, 999, 2;
1, 256, 0, 0, 0, 0, 5, 1000, 3;
1, 256, 0, 0, 0, 0, 5, 1000, 3;
1, 256, 0, 1, 1, 1, 5, 1000, 3;
1, 256, 0, -1, -1, -1, 4, 999, 2;
1, 256, 0, 1, 1, 1, 5, 1000, 3;
1, 256, 0, -1, -1, -1, 3, 998, 1;
1, 256, 0, -1, -1, -1, 4, 999, 2;
1, 256, 0, -1, -1, -1, 4, 998, 1;
1, 256, 0, -1, -1, -1, 3, 998, 1;
1, 256, 0, -1, -1, -1, 4, 999, 2;
1, 256, 1, 1, 1, 1, 6, 1001, 4;
1, 256, 0, 0, 0, 0, 5, 1000, 3;
1, 256, 1, 1, 1, 1, 6, 1001, 4;
1, 256, 0, 0, 0, 0, 5, 1000, 3;
1, 256, 0, 1, 1, 1, 5, 1000, 3;
1, 256, 0, 1, 1, 1, 5, 1000, 3;
1, 256, 0, 0, 0, 0, 4, 999, 2;
1, 256, 0, -1, -1, -1, 4, 999, 2;
1, 256, 0, 0, 0, 0, 5, 999, 3;
1, 256, 0, 0, 0, 0, 4, 999, 2;
1, 256, 0, -1, -1, -1, 4, 998, 1;
1, 256, 0, -1, -1, -1, 4, 998, 1;
1, 256, 0, 0, 0, 0, 4, 999, 2;
1, 256, 1, 1, 1, 1, 6, 1001, 4;
1, 256, 1, 1, 1, 1, 6, 1001, 4;
1, 256, 1, 1, 1, 1, 5, 1000, 3;
1, 256, 0, 0, 0, 0, 5, 999, 2;
1, 256, 0, 0, 0, 0, 5, 1000, 3;
1, 256, 0, 0, 0, 0, 5, 1000, 3;
1, 256, 1, 1, 1, 1, 6, 1001, 4;
1, 256, 0, 0, 0, 0, 4, 999, 2;
1, 256, 0, -1, -1, -1, 4, 999, 2;
1, 256, 0, 0, 0, 0, 4, 999, 2;
1, 256, 0, 0, 0, 0, 5, 1000, 3;
1, 256, 0, 0, 0, 0, 4, 999, 2;
1, 256, 0, 0, 0, 0, 4, 999, 2;
1, 256, 0, 0, 0, 0, 4, 999, 2;
1, 256, 0, 0, 0, 0, 5, 1000, 3;
1, 256, 1, 1, 1, 1, 6, 1001, 4;
1, 256, 0, 1, 1, 1, 5, 1000, 3;
1, 256, 0, 0, 0, 0, 4, 999, 2;
1, 256, 0, -1, -1, -1, 4, 998, 2;
1, 256, 1, 1, 1, 1, 6, 1001, 4;
1, 256, 0, 1, 1, 1, 5, 1000, 3;
1, 256, 0, -1, -1, -1, 4, 999, 2;
1, 256, 1, 1, 1, 1, 6, 1000, 3;
1, 256, 1, 1, 1, 1, 6, 1000, 4;
1, 256, 0, 1, 1, 1, 5, 1000, 3;
1, 256, 0, -1, -1, -1, 4, 999, 2;
1, 256, 0, 1, 1, 1, 5, 1000, 3;
1, 256, 1, 1, 1, 1, 6, 1001, 4;
1, 256, 0, -1, -1, -1, 4, 998, 2;
1, 256, 0, 0, 0, 0, 5, 1000, 3;
1, 256, 0, 0, 0, 0, 4, 999, 2;
1, 256, 0, 0, 0, 0, 5, 1000, 3;
1, 256, 0, 0, 0, 0, 5, 1000, 3;
1, 256, 0, 0, 0, 0, 4, 999, 2;
1, 256, 0, 0, 0, 0, 4, 999, 2;
1, 256, 0, 1, 1, 1, 5, 1000, 3;
1, 256, 0, 0, 0, 0, 4, 999, 2;
1, 256, 0, -1, -1, -1, 4, 999, 2;
1, 256, 0, 0, 0, 0, 5, 1000, 3;
1, 256, 0, 0, 0, 0, 5, 1000, 3;
1, 256, 0, 0, 0, 0, 5, 1000, 3;
1, 256, 0, 0, 0, 0, 5, 1000, 3;
1, 256, 0, 0, 0, 0, 4, 999, 2;
1, 256, 0, -1, -1, -1, 4, 999, 2;
1, 256, 0, 0, 0, 0, 4, 999, 2;
1, 256, 0, 0, 0, 0, 4, 999, 2;
1, 256, 1, 1, 1, 1, 6, 1001, 4;
1, 256, 0, 0, 0, 0, 5, 1000, 3;
1, 256, 0, 0, 0, 0, 5, 1000, 3;
1, 256, 0, -1, -1, -1, 3, 998, 1;
1, 256, 0, 0, 0, 0, 4, 999, 2;
1, 256, 0, 0, 0, 0, 4, 999, 2;
1, 256, 0, 0, 0, 0, 5, 1000, 3;
1, 256, 0, -1, -1, -1, 4, 999, 2;
1, 256, 0, -1, -1, -1, 3, 998, 1;
1, 256, 0, 0, 0, 0, 4, 999, 2;
1, 256, 0, -1, -1, -1, 3, 998, 1;
1, 256, 0, 0, 0, 0, 5, 1000, 3;
1, 256, 1, 1, 1, 1, 6, 1000, 3;
1, 256, 0, 0, 0, 0, 5, 1000, 3;
1, 256, 0, 1, 1, 1, 5, 1000, 3;
1, 256, 0, -1, -1, -1, 4, 999, 2;
1, 256, 1, 1, 1, 1, 6, 1001, 4;
1, 256, 1, 1, 1, 1, 6, 1001, 4;
1, 256, 0, -1, -1, -1, 4, 999, 2;
1, 256, 0, -1, -1, -1, 3, 998, 1;
1, 256, 0, 0, 0, 0, 5, 1000, 3;
1, 256, 0, 0, 0, 0, 5, 1000, 3;
1, 256, 0, 0, 0, 0, 5, 1000, 3;
1, 256, 0, 0, 0, 0, 4, 999, 2;
1, 256, 1, 1, 1, 1, 6, 1001, 4;
1, 256, 0, 0, 0, 0, 5, 1000, 3;
1, 256, 0, 0, 0, 0, 5, 1000, 3;
1, 256, 0, 0, 0, 0, 4, 999, 2;
1, 256, 0, 0, 0, 0, 4, 999, 2;
1, 256, 1, 1, 1, 1, 6, 1000, 4;
1, 256, 0, 0, 0, 0, 5, 999, 3;
0, 256, 0, -1, -1, -1, 3, 998, 1;
1, 256, 0, -1, -1, -1, 4, 999, 2;
1, 256, 0, -1, -1, -1, 4, 999, 2;
1, 256, 0, -1, -1, -1, 4, 999, 2;
1, 256, 0, 0, 0, 0, 4, 999, 2;
1, 256, 0, -1, -1, -1, 4, 999, 2;
1, 256, 0, 1, 1, 1, 5, 1000, 3;
1, 256, 0, 0, 0, 0, 5, 1000, 3;
1, 256, 0, 0, 0, 0, 4, 999, 2;
1, 256, 0, 0, 0, 0, 5, 1000, 3;
1, 256, 0, 0, 0, 0, 5, 1000, 3;
1, 256, 0, 0, 0, 0, 4, 999, 2;
1, 256, 0, 1, 1, 1, 5, 1000, 3;
1, 256, 0, 1, 1, 1, 5, 1000, 3;
1, 256, 1, 1, 1, 1, 6, 1001, 4;
1, 256, 0, 0, 0, 0, 5, 1000, 3;
1, 256, 1, 1, 1, 1, 5, 1000, 3;
1, 256, 0, 0, 0, 0, 4, 999, 2;
1, 256, 0, 0, 0, 0, 5, 1000, 3;
1, 256, 0, 0, 0, 0, 4, 999, 2;
1, 256, 0, -1, -1, -1, 4, 998, 2;
1, 256, 0, 0, 0, 0, 4, 999, 2;
1, 256, 0, -1, -1, -1, 4, 999, 2;
1, 256, 0, -1, -1, -1, 4, 999, 2;
1, 256, 0, -1, -1, -1, 4, 999, 2;
1, 256, 0, -1, -1, -1, 4, 999, 2;
1, 256, 0, 0, 0, 0, 4, 999, 2;
1, 256, 0, 1, 1, 1, 5, 1000, 3;
1, 256, 0, 0, 0, 0, 4, 999, 2;
1, 256, 0, 0, 0, 0, 4, 999, 2;
1, 256, 0, 0, 0, 0, 5, 1000, 3;
1, 256, 0, -1, -1, -1, 4, 999, 2;
1, 256, 0, 0, 0, 0, 4, 999, 2;
1, 256, 0, 1, 1, 1, 5, 1000, 3;
1, 256, 0, 0, 0, 0, 5, 1000, 3;
1, 256, 0, -1, -1, -1, 4, 998, 2;
1, 256, 1, 1, 1, 1, 6, 1001, 4;
1, 256, 0, 0, 0, 0, 5, 1000, 3;
1, 256, 0, 0, 0, 0, 5, 1000, 3;
1, 256, 0, -1, -1, -1, 4, 998, 1;
1, 256, 0, -1, -1, -1, 4, 999, 2;
1, 256, 0, 1, 1, 1, 5, 1000, 3;
1, 256, 0, 1, 1, 1, 5, 1000, 3;
1, 256, 0, 0, 0, 0, 5, 1000, 3;
1, 256, 0, -1, -1, -1, 4, 999, 2;
1, 256, 1, 1, 1, 1, 6, 1001, 4;
1, 256, 1, 1, 1, 1, 6, 1001, 4;
1, 256, 1, 1, 1, 1, 6, 1000, 4;
1, 256, 0, -1, -1, -1, 4, 999, 2;
1, 256, 0, -1, -1, -1, 4, 999, 2;
1, 256, 0, 0, 0, 0, 4, 999, 2;
1, 256, 0, 0, 0, 0, 5, 1000, 3;
1, 256, 0, 0, 0, 0, 4, 999, 2;
1, 256, 0, -1, -1, -1, 3, 998, 1;
1, 256, 0, -1, -1, -1, 3, 998, 1;
1, 256, 0, 0, 0, 0, 4, 999, 2;
1, 256, 0, 0, 0, 0, 4, 999, 2;
1, 256, 0, -1, -1, -1, 4, 999, 2;
1, 256, 0, 1, 1, 1, 5, 1000, 3;
1, 256, 0, 0, 0, 0, 5, 999, 2;
1, 256, 1, 1, 1, 1, 6, 1000, 4;
1, 256, 0, -1, -1, -1, 4, 999, 2;
1, 256, 0, 1, 1, 1, 5, 1000, 3;
1, 256, 0, 0, 0, 0, 5, 1000, 3;
1, 256, 0, -1, -1, -1, 3, 998, 1;
1, 256, 0, -1, -1, -1, 3, 998, 1;
1, 256, 0, 0, 0, 0, 4, 999, 2;
1, 256, 0, 0, 0, 0, 5, 1000, 3;
1, 256, 0, 0, 0, 0, 4, 999, 2;
1, 256, 0, 0, 0, 0, 4, 999, 2;
1, 256, 0, 0, 0, 0, 4, 999, 2;
1, 256, 1, 1, 1, 1, 6, 1000, 4;
1, 256, 0, -1, -1, -1, 4, 999, 2;
1, 256, 0, 0, 0, 0, 4, 999, 2;
0, 256, 0, -1, -1, -1, 3, 998, 1;
1, 256, 0, 0, 0, 0, 4, 999, 2;
1, 256, 1, 1, 1, 1, 6, 1000, 3;
1, 256, 0, 0, 0, 0, 5, 1000, 3;
1, 256, 0, -1, -1, -1, 3, 998, 1;
1, 256, 1, 1, 1, 1, 6, 1000, 3;
1, 256, 0, 0, 0, 0, 5, 1000, 3;
1, 256, 0, 0, 0, 0, 4, 999, 2;
1, 256, 1, 1, 1, 1, 5, 1000, 3;
1, 256, 1, 1, 1, 1, 5, 1000, 3;
1, 256, 1, 1, 1, 1, 6, 1001, 4;
1, 256, 0, 0, 0, 0, 5, 1000, 3;
1, 256, 0, 0, 0, 0, 5, 1000, 3;
1, 256, 0, 1, 1, 1, 5, 1000, 3;
1, 256, 0, -1, -1, -1, 4, 999, 2;
1, 256, 1, 1, 1, 1, 6, 1001, 4;
1, 256, 0, 0, 0, 0, 4, 999, 2;
1, 256, 0, 0, 0, 0, 4, 999, 2;
1, 256, 0, -1, -1, -1, 4, 999, 2;
1, 256, 0, 1, 1, 1, 5, 1000, 3;
1, 256, 1, 1, 1, 1, 6, 1001, 4;
1, 256, 0, 0, 0, 0, 5, 1000, 3;
1, 256, 1, 1, 1, 1, 6, 1001, 4;
1, 256, 0, -1, -1, -1, 4, 999, 2;
1, 256, 0, 0, 0, 0, 5, 1000, 3;
1, 256, 0, 0, 0, 0, 5, 1000, 3;
1, 256, 1, 1, 1, 1, 6, 1001, 4;
1, 256, 1, 1, 1, 1, 6, 1000, 4;
1, 256, 0, 0, 0, 0, 4, 999, 2;
1, 256, 1, 1, 1, 1, 6, 1001, 4;
1, 256, 0, 0, 0, 0, 5, 1000, 3;
1, 256, 0, -1, -1, -1, 4, 998, 2;
1, 256, 0, 0, 0, 0, 5, 1000, 3;
1, 256, 0, -1, -1, -1, 4, 999, 2;
1, 256, 0, 0, 0, 0, 4, 999, 2;
1, 256, 1, 1, 1, 1, 6, 1000, 4;
1, 256, 0, -1, -1, -1, 3, 998, 1;
1, 256, 0, -1, -1, -1, 4, 999, 2;
1, 256, 0, 0, 0, 0, 4, 999, 2;
1, 256, 0, 0, 0, 0, 5, 1000, 3;
1, 256, 0, 0, 0, 0, 5, 1000, 3;
1, 256, 1, 1, 1, 1, 6, 1001, 4;
1, 256, 0, 0, 0, 0, 4, 999, 2;
1, 256, 0, 0, 0, 0, 5, 1000, 3;
1, 256, 1, 1, 1, 1, 6, 1001, 4;
1, 256, 0, 0, 0, 0, 5, 999, 3;
1, 256, 1, 1, 1, 1, 6, 1000, 3;
1, 256, 0, 0, 0, 0, 5, 1000, 3;
1, 256, 0, 0, 0, 0, 5, 1000, 3;
1, 256, 1, 1, 1, 1, 6, 1001, 4;
1, 256, 1, 1, 1, 1, 6, 1001, 4;
1, 256, 0, 0, 0, 0, 4, 999, 2;
1, 256, 1, 1, 1, 1, 5, 1000, 3;
1, 256, 0, 0, 0, 0, 5, 1000, 3;
1, 256, 0, 0, 0, 0, 4, 999, 2;
1, 256, 0, 0, 0, 0, 4, 999, 2;
1, 256, 1, 1, 1, 1, 6, 1000, 3;
1, 256, 0, -1, -1, -1, 3, 998, 1;
0, 256, 0, -1, -1, -1, 3, 998, 1;
1, 256, 0, 0, 0, 0, 4, 999, 2;
1, 256, 1, 1, 1, 1, 6, 1001, 4;
1, 256, 0, 1, 1, 1, 5, 1000, 3;
1, 256, 0, -1, -1, -1, 4, 999, 2;
1, 256, 0, -1, -1, -1, 4, 999, 2;
1, 256, 0, 0, 0, 0, 4, 999, 2;
1, 256, 1, 1, 1, 1, 6, 1001, 4;
1, 256, 0, 0, 0, 0, 5, 1000, 3;
1, 256, 0, -1, -1, -1, 4, 998, 1;
1, 256, 0, 0, 0, 0, 5, 999, 2;
1, 256, 0, -1, -1, -1, 4, 999, 2;
1, 256, 0, 0, 0, 0, 4, 999, 2;
1, 256, 1, 1, 1, 1, 6, 1001, 4;
1, 256, 0, -1, -1, -1, 3, 998, 1;
1, 256, 0, -1, -1, -1, 4, 999, 2;
1, 256, 0, 0, 0, 0, 5, 1000, 3;
1, 256, 0, -1, -1, -1, 4, 999, 2;
1, 256, 0, 0, 0, 0, 5, 1000, 3;
1, 256, 0, 0, 0, 0, 5, 999, 3;
1, 256, 0, 0, 0, 0, 5, 1000, 3;
1, 256, 0, 0, 0, 0, 4, 999, 2;
1, 256, 0, 0, 0, 0, 4, 999, 2;
1, 256, 0, 0, 0, 0, 4, 999, 2;
1, 256, 0, -1, -1, -1, 4, 999, 2;
1, 256, 0, -1, -1, -1, 4, 999, 2;
1, 256, 0, 0, 0, 0, 5, 1000, 3;
1, 256, 0, -1, -1, -1, 4, 999, 2;
1, 256, 0, 1, 1, 1, 5, 1000, 3;
1, 256, 0, 0, 0, 0, 4, 999, 2;
1, 256, 0, -1, -1, -1, 4, 999, 2;
1, 256, 1, 1, 1, 1, 5, 1000, 3;
1, 256, 0, 0, 0, 0, 5, 999, 3;
1, 256, 0, 0, 0, 0, 4, 999, 2;
1, 256, 0, 0, 0, 0, 5, 1000, 3;
1, 256, 1, 1, 1, 1, 6, 1001, 4;
1, 256, 1, 1, 1, 1, 6, 1000, 3;
1, 256, 0, 1, 1, 1, 5, 1000, 3;
1, 256, 0, -1, -1, -1, 4, 999, 2;
1, 256, 0, -1, -1, -1, 4, 999, 2;
1, 256, 0, -1, -1, -1, 4, 999, 2;
1, 256, 0, 0, 0, 0, 4, 999, 2;
1, 256, 0, -1, -1, -1, 4, 999, 2;
1, 256, 0, 0, 0, 0, 5, 1000, 3;
1, 256, 0, 0, 0, 0, 5, 1000, 3;
1, 256, 0, 1, 1, 1, 5, 1000, 3;
1, 256, 1, 1, 1, 1, 6, 1001, 4;
1, 256, 0, 0, 0, 0, 4, 999, 2;
1, 256, 0, 1, 1, 1, 5, 1000, 3;
1, 256, 0, -1, -1, -1, 4, 999, 2;
1, 256, 0, 0, 0, 0, 4, 999, 2;
1, 256, 0, 0, 0, 0, 5, 1000, 3;
1, 256, 0, 0, 0, 0, 5, 999, 3;
1, 256, 0, 1, 1, 1, 5, 1000, 3;
1, 256, 0, -1, -1, -1, 4, 999, 2;
1, 256, 0, -1, -1, -1, 4, 999, 2;
1, 256, 0, 0, 0, 0, 5, 1000, 3;
1, 256, 1, 1, 1, 1, 6, 1000, 4;
1, 256, 1, 1, 1, 1, 6, 1001, 4;
1, 256, 0, 0, 0, 0, 4, 999, 2;
1, 256, 0, 0, 0, 0, 5, 999, 3;
1, 256, 1, 1, 1, 1, 6, 1001, 4;
1, 256, 0, 1, 1, 1, 5, 1000, 3;
1, 256, 0, 0, 0, 0, 5, 1000, 3;
1, 256, 1, 1, 1, 1, 6, 1000, 4;
1, 256, 0, 1, 1, 1, 5, 1000, 3;
1, 256, 0, 1, 1, 1, 5, 1000, 3;
1, 256, 0, 0, 0, 0, 4, 999, 2;
1, 256, 0, 0, 0, 0, 4, 999, 2;
1, 256, 0, -1, -1, -1, 4, 999, 2;
1, 256, 0, -1, -1, -1, 4, 998, 2;
1, 256, 0, 1, 1, 1, 5, 1000, 3;
1, 256, 0, 1, 1, 1, 5, 1000, 3;
1, 256, 0, -1, -1, -1, 3, 998, 1;
1, 256, 0, 0, 0, 0, 5, 1000, 3;
1, 256, 1, 1, 1, 1, 6, 1001, 4;
1, 256, 0, 0, 0, 0, 5, 999, 2;
1, 256, 1, 1, 1, 1, 5, 1000, 3;
1, 256, 0, 0, 0, 0, 5, 1000, 3;
1, 256, 0, 0, 0, 0, 4, 999, 2;
1, 256, 0, -1, -1, -1, 4, 999, 2;
1, 256, 1, 1, 1, 1, 5, 1000, 3;
1, 256, 0, 0, 0, 0, 4, 999, 2;
1, 256, 0, -1, -1, -1, 3, 998, 1;
1, 256, 1, 1, 1, 1, 6, 1001, 4;
1, 256, 1, 1, 1, 1, 6, 1001, 4;
1, 256, 0, 1, 1, 1, 5, 1000, 3;
1, 256, 0, -1, -1, -1, 4, 999, 2;
1, 256, 0, 0, 0, 0, 5, 1000, 3;
1, 256, 0, -1, -1, -1, 4, 999, 2;
1, 256, 0, 0, 0, 0, 4, 999, 2;
1, 256, 0, -1, -1, -1, 4, 999, 2;
1, 256, 0, 0, 0, 0, 4, 999, 2;
1, 256, 0, 0, 0, 0, 5, 1000, 3;
1, 256, 1, 1, 1, 1, 6, 1001, 4;
1, 256, 0, 0, 0, 0, 4, 999, 2;
1, 256, 0, 0, 0, 0, 4, 999, 2;
1, 256, 0, -1, -1, -1, 4, 998, 1;
1, 256, 0, 0, 0, 0, 4, 999, 2;
1, 256, 0, 0, 0, 0, 5, 1000, 3;
1, 256, 0, -1, -1, -1, 4, 998, 2;
1, 256, 0, 0, 0, 0, 4, 999, 2;
1, 256, 0, 1, 1, 1, 5, 1000, 3;
1, 256, 1, 1, 1, 1, 6, 1001, 4;
1, 256, 0, 0, 0, 0, 5, 999, 3;
1, 256, 0, -1, -1, -1, 4, 999, 2;
1, 256, 0, 0, 0, 0, 5, 1000, 3;
1, 256, 0, 0, 0, 0, 5, 1000, 3;
1, 256, 0, 0, 0, 0, 4, 999, 2;
1, 256, 0, -1, -1, -1, 4, 998, 2;
1, 256, 1, 1, 1, 1, 6, 1001, 4;
1, 256, 1, 1, 1, 1, 6, 1001, 4;
1, 256, 0, 0, 0, 0, 5, 1000, 3;
1, 256, 0, 0, 0, 0, 5, 1000, 3;
1, 256, 1, 1, 1, 1, 6, 1001, 4;
1, 256, 0, 0, 0, 0, 4, 999, 2;
1, 256, 0, 0, 0, 0, 4, 999, 2;
1, 256, 1, 1, 1, 1, 5, 1000, 3;
1, 256, 0, 1, 1, 1, 5, 1000, 3;
1, 256, 0, 0, 0, 0, 5, 1000, 3;
1, 256, 0, -1, -1, -1, 4, 999, 2;
1, 256, 0, 0, 0, 0, 4, 999, 2;
1, 256, 0, 0, 0, 0, 5, 1000, 3;
1, 256, 0, 0, 0, 0, 4, 999, 2;
1, 256, 0, 0, 0, 0, 5, 1000, 3;
1, 256, 1, 1, 1, 1, 6, 1001, 4;
1, 256, 1, 1, 1, 1, 6, 1000, 4;
1, 256, 0, 1, 1, 1, 5, 1000, 3;
1, 256, 0, 0, 0, 0, 5, 1000, 3;
1, 256, 0, 0, 0, 0, 4, 999, 2;
1, 256, 0, -1, -1, -1, 4, 999, 2;
1, 256, 0, 0, 0, 0, 5, 1000, 3;
1, 256, 0, 0, 0, 0, 5, 1000, 3;
1, 256, 0, 0, 0, 0, 4, 999, 2;
1, 256, 0, -1, -1, -1, 3, 998, 1;
1, 256, 0, 0, 0, 0, 5, 1000, 3;
1, 256, 1, 1, 1, 1, 5, 1000, 3;
1, 256, 0, 0, 0, 0, 4, 999, 2;
1, 256, 0, -1, -1, -1, 4, 999, 2;
1, 256, 0, -1, -1, -1, 4, 999, 2;
1, 256, 1, 1, 1, 1, 6, 1001, 4;
1, 256, 0, 0, 0, 0, 4, 999, 2;
1, 256, 0, 0, 0, 0, 5, 1000, 3;
1, 256, 0, 0, 0, 0, 4, 999, 2;
1, 256, 0, 0, 0, 0, 4, 999, 2;
1, 256, 1, 1, 1, 1, 6, 1000, 3;
0, 256, 0, -1, -1, -1, 3, 998, 1;
1, 256, 0, -1, -1, -1, 4, 999, 2;
1, 256, 0, 0, 0, 0, 5, 1000, 3;
1, 256, 0, 0, 0, 0, 4, 999, 2;
1, 256, 0, 0, 0, 0, 5, 1000, 3;
1, 256, 0, -1, -1, -1, 3, 998, 1;
1, 256, 0, 0, 0, 0, 5, 999, 2;
1, 256, 0, 0, 0, 0, 5, 1000, 3;
1, 256, 0, 0, 0, 0, 5, 1000, 3;
1, 256, 0, 0, 0, 0, 5, 1000, 3;
1, 256, 0, -1, -1, -1, 4, 999, 2;
1, 256, 0, 0, 0, 0, 4, 999, 2;
1, 256, 0, -1, -1, -1, 4, 999, 2;
1, 256, 0, 0, 0, 0, 4, 999, 2;
1, 256, 0, 0, 0, 0, 5, 1000, 3;
1, 256, 1, 1, 1, 1, 6, 1001, 4;
1, 256, 0, 0, 0, 0, 4, 999, 2;
1, 256, 1, 1, 1, 1, 5, 1000, 3;
1, 256, 0, -1, -1, -1, 4, 999, 2;
1, 256, 0, 0, 0, 0, 5, 1000, 3;
1, 256, 0, -1, -1, -1, 4, 999, 2;
1, 256, 0, -1, -1, -1, 4, 999, 2;
1, 256, 0, -1, -1, -1, 4, 999, 2;
1, 256, 0, -1, -1, -1, 4, 999, 2;
1, 256, 1, 1, 1, 1, 6, 1001, 4;
1, 256, 0, 0, 0, 0, 4, 999, 2;
1, 256, 0, 0, 0, 0, 5, 1000, 3;
1, 256, 0, 1, 1, 1, 5, 1000, 3;
1, 256, 0, -1, -1, -1, 4, 998, 1;
1, 256, 0, 0, 0, 0, 5, 1000, 3;
1, 256, 0, -1, -1, -1, 4, 999, 2;
1, 256, 1, 1, 1, 1, 6, 1000, 3;
1, 256, 0, 0, 0, 0, 4, 999, 2;
1, 256, 0, 0, 0, 0, 4, 999, 2;
1, 256, 0, 0, 0, 0, 4, 999, 2;
1, 256, 0, 0, 0, 0, 4, 999, 2;
1, 256, 0, -1, -1, -1, 4, 999, 2;
1, 256, 0, 0, 0, 0, 5, 1000, 3;
1, 256, 0, 0, 0, 0, 4, 999, 2;
1, 256, 0, -1, -1, -1, 4, 999, 2;
1, 256, 0, 0, 0, 0, 5, 1000, 3;
1, 256, 0, -1, -1, -1, 4, 999, 2;
1, 256, 0, -1, -1, -1, 4, 998, 2;
1, 256, 0, 0, 0, 0, 5, 1000, 3;
1, 256, 0, 0, 0, 0, 5, 1000, 3;
1, 256, 0, 0, 0, 0, 5, 1000, 3;
1, 256, 0, 1, 1, 1, 5, 1000, 3;
1, 256, 0, 1, 1, 1, 5, 1000, 3;
1, 256, 0, 0, 0, 0, 5, 1000, 3;
1, 256, 0, -1, -1, -1, 3, 998, 1;
1, 256, 0, 0, 0, 0, 5, 1000, 3;
1, 256, 0, 0, 0, 0, 5, 1000, 3;
1, 256, 0, -1, -1, -1, 4, 998, 1;
1, 256, 0, 0, 0, 0, 4, 999, 2;
1, 256, 0, -1, -1, -1, 4, 999, 2;
1, 256, 0, -1, -1, -1, 4, 998, 2;
1, 256, 0, 0, 0, 0, 5, 1000, 3;
1, 256, 0, 0, 0, 0, 5, 1000, 3;
1, 256, 1, 1, 1, 1, 6, 1001, 4;
1, 256, 1, 1, 1, 1, 6, 1001, 4;
1, 256, 0, 0, 0, 0, 4, 999, 2;
1, 256, 0, 0, 0, 0, 4, 999, 2;
1, 256, 0, 0, 0, 0, 4, 999, 2;
1, 256, 1, 1, 1, 1, 6, 1000, 3;
1, 256, 1, 1, 1, 1, 6, 1001, 4;
1, 256, 0, -1, -1, -1, 4, 999, 2;
1, 256, 0, 0, 0, 0, 5, 1000, 3;
1, 256, 0, 0, 0, 0, 5, 1000, 3;
1, 256, 0, 0, 0, 0, 5, 1000, 3;
1, 256, 0, -1, -1, -1, 4, 999, 2;
1, 256, 0, 0, 0, 0, 4, 999, 2;
1, 256, 0, 0, 0, 0, 4, 999, 2;
1, 256, 0, 1, 1, 1, 5, 1000, 3;
1, 256, 0, 0, 0, 0, 5, 1000, 3;
1, 256, 0, 0, 0, 0, 4, 999, 2;
1, 256, 0, 0, 0, 0, 5, 999, 3;
1, 256, 0, 0, 0, 0, 5, 1000, 3;
1, 256, 0, 0, 0, 0, 5, 999, 3;
1, 256, 0, -1, -1, -1, 4, 999, 2;
1, 256, 0, 1, 1, 1, 5, 1000, 3;
0, 256, 0, -1, -1, -1, 3, 998, 1;
1, 256, 0, 0, 0, 0, 4, 999, 2;
1, 256, 0, 0, 0, 0, 5, 1000, 3;
1, 256, 0, 0, 0, 0, 5, 1000, 3;
1, 256, 1, 1, 1, 1, 6, 1001, 4;
1, 256, 0, -1, -1, -1, 4, 999, 2;
1, 256, 0, 0, 0, 0, 4, 999, 2;
1, 256, 1, 1, 1, 1, 5, 1000, 3;
1, 256, 0, 1, 1, 1, 5, 1000, 3;
1, 256, 0, 0, 0, 0, 4, 999, 2;
1, 256, 0, -1, -1, -1, 4, 999, 2;
1, 256, 0, 0, 0, 0, 5, 1000, 3;
1, 256, 0, -1, -1, -1, 4, 999, 2;
1, 256, 1, 1, 1, 1, 6, 1001, 4;
1, 256, 0, 0, 0, 0, 4, 999, 2;
1, 256, 0, 0, 0, 0, 5, 1000, 3;
1, 256, 1, 1, 1, 1, 6, 1001, 4;
1, 256, 0, -1, -1, -1, 4, 999, 2;
1, 256, 0, -1, -1, -1, 4, 999, 2;
1, 256, 0, 0, 0, 0, 4, 999, 2;
1, 256, 0, 0, 0, 0, 5, 999, 3;
1, 256, 0, 1, 1, 1, 5, 1000, 3;
1, 256, 0, 0, 0, 0, 5, 1000, 3;
1, 256, 0, 0, 0, 0, 5, 1000, 3;
1, 256, 0, 0, 0, 0, 4, 999, 2;
1, 256, 0, 1, 1, 1, 5, 1000, 3;
1, 256, 0, 0, 0, 0, 4, 999, 2;
0, 256, 0, -1, -1, -1, 3, 998, 1;
1, 256, 0, 0, 0, 0, 5, 999, 3;
1, 256, 0, 1, 1, 1, 5, 1000, 3;
1, 256, 0, -1, -1, -1, 3, 998, 1;
1, 256, 0, 0, 0, 0, 5, 1000, 3;
1, 256, 0, -1, -1, -1, 4, 999, 2;
1, 256, 0, 1, 1, 1, 5, 1000, 3;
1, 256, 0, 0, 0, 0, 5, 1000, 3;
1, 256, 0, -1, -1, -1, 3, 998, 1;
1, 256, 1, 1, 1, 1, 5, 1000, 3;
1, 256, 1, 1, 1, 1, 6, 1001, 4;
1, 256, 0, -1, -1, -1, 3, 998, 1;
1, 256, 0, 0, 0, 0, 4, 999, 2;
1, 256, 0, 0, 0, 0, 4, 999, 2;
1, 256, 1, 1, 1, 1, 6, 1001, 4;
1, 256, 0, 0, 0, 0, 5, 1000, 3;
1, 256, 0, -1, -1, -1, 4, 999, 2;
1, 256, 0, -1, -1, -1, 4, 999, 2;
1, 256, 0, 0, 0, 0, 4, 999, 2;
1, 256, 0, -1, -1, -1, 4, 999, 2;
1, 256, 0, 1, 1, 1, 5, 1000, 3;
1, 256, 1, 1, 1, 1, 6, 1000, 3;
1, 256, 0, 0, 0, 0, 4, 999, 2;
1, 256, 1, 1, 1, 1, 6, 1000, 3;
1, 256, 0, 0, 0, 0, 5, 1000, 3;
1, 256, 0, 0, 0, 0, 5, 1000, 3;
1, 256, 1, 1, 1, 1, 6, 1001, 4;
1, 256, 0, 0, 0, 0, 4, 999, 2;
1, 256, 0, 0, 0, 0, 4, 999, 2;
1, 256, 0, 0, 0, 0, 5, 1000, 3;
1, 256, 0, 0, 0, 0, 4, 999, 2;
1, 256, 0, -1, -1, -1, 4, 999, 2;
1, 256, 1, 1, 1, 1, 6, 1000, 3;
1, 256, 0, 0, 0, 0, 4, 999, 2;
1, 256, 0, -1, -1, -1, 3, 998, 1;
1, 256, 0, 0, 0, 0, 5, 1000, 3;
1, 256, 0, -1, -1, -1, 3, 998, 1;
1, 256, 0, 0, 0, 0, 4, 999, 2;
1, 256, 0, 1, 1, 1, 5, 1000, 3;
1, 256, 0, -1, -1, -1, 4, 999, 2;
1, 256, 0, -1, -1, -1, 4, 999, 2;
1, 256, 1, 1, 1, 1, 6, 1001, 4;
1, 256, 0, 0, 0, 0, 5, 1000, 3;
1, 256, 0, 0, 0, 0, 5, 999, 3;
1, 256, 0, -1, -1, -1, 3, 998, 1;
1, 256, 0, 0, 0, 0, 5, 1000, 3;
1, 256, 1, 1, 1, 1, 5, 1000, 3;
1, 256, 0, 0, 0, 0, 4, 999, 2;
1, 256, 0, 0, 0, 0, 5, 1000, 3;
1, 256, 0, 0, 0, 0, 5, 1000, 3;
1, 256, 0, 0, 0, 0, 5, 1000, 3;
1, 256, 0, 0, 0, 0, 4, 999, 2;
1, 256, 0, 0, 0, 0, 5, 1000, 3;
1, 256, 0, -1, -1, -1, 4, 998, 1;
1, 256, 0, 0, 0, 0, 4, 999, 2;
1, 256, 0, 1, 1, 1, 5, 1000, 3;
1, 256, 0, 0, 0, 0, 5, 1000, 3;
1, 256, 1, 1, 1, 1, 6, 1000, 3;
1, 256, 0, 0, 0, 0, 5, 1000, 3;
1, 256, 0, 0, 0, 0, 5, 1000, 3;
1, 256, 0, 0, 0, 0, 4, 999, 2;
1, 256, 0, 0, 0, 0, 5, 1000, 3;
1, 256, 0, -1, -1, -1, 4, 999, 2;
1, 256, 0, 0, 0, 0, 4, 999, 2;
1, 256, 0, -1, -1, -1, 4, 999, 2;
1, 256, 0, -1, -1, -1, 3, 998, 1;
1, 256, 0, 0, 0, 0, 4, 999, 2;
1, 256, 0, -1, -1, -1, 4, 999, 2;
1, 256, 0, 0, 0, 0, 4, 999, 2;
1, 256, 0, 0, 0, 0, 5, 1000, 3;
1, 256, 0, 0, 0, 0, 5, 1000, 3;
1, 256, 0, 1, 1, 1, 5, 1000, 3;
1, 256, 0, -1, -1, -1, 4, 999, 2;
1, 256, 0, 0, 0, 0, 5, 1000, 3;
1, 256, 0, 0, 0, 0, 5, 1000, 3;
1, 256, 0, 0, 0, 0, 5, 1000, 3;
1, 256, 0, -1, -1, -1, 4, 999, 2;
1, 256, 0, -1, -1, -1, 4, 999, 2;
1, 256, 0, 0, 0, 0, 5, 1000, 3;
1, 256, 0, 0, 0, 0, 4, 999, 2;
1, 256, 1, 1, 1, 1, 6, 1000, 4;
1, 256, 0, -1, -1, -1, 4, 999, 2;
1, 256, 0, 1, 1, 1, 5, 1000, 3;
1, 256, 0, 0, 0, 0, 5, 1000, 3;
1, 256, 1, 1, 1, 1, 5, 1000, 3;
1, 256, 0, -1, -1, -1, 3, 998, 1;
1, 256, 0, 0, 0, 0, 4, 999, 2;
1, 256, 0, 0, 0, 0, 4, 999, 2;
1, 256, 1, 1, 1, 1, 6, 1001, 4;
1, 256, 0, -1, -1, -1, 4, 999, 2;
1, 256, 1, 1, 1, 1, 6, 1000, 3;
1, 256, 0, 1, 1, 1, 5, 1000, 3;
1, 256, 0, 0, 0, 0, 5, 1000, 3;
1, 256, 0, 0, 0, 0, 5, 1000, 3;
1, 256, 0, 1, 1, 1, 5, 1000, 3;
1, 256, 0, 0, 0, 0, 5, 1000, 3;
1, 256, 0, 0, 0, 0, 5, 1000, 3;
1, 256, 1, 1, 1, 1, 6, 1001, 4;
1, 256, 0, 0, 0, 0, 4, 999, 2;
1, 256, 0, 0, 0, 0, 5, 999, 3;
1, 256, 1, 1, 1, 1, 5, 1000, 3;
1, 256, 0, 0, 0, 0, 5, 1000, 3;
1, 256, 0, 0, 0, 0, 4, 999, 2;
1, 256, 0, 1, 1, 1, 5, 1000, 3;
1, 256, 0, 0, 0, 0, 5, 1000, 3;
1, 256, 0, -1, -1, -1, 4, 998, 1;
1, 256, 0, 1, 1, 1, 5, 1000, 3;
1, 256, 0, -1, -1, -1, 4, 998, 2;
1, 256, 0, 0, 0, 0, 4, 999, 2;
1, 256, 0, 0, 0, 0, 4, 999, 2;
1, 256, 0, 0, 0, 0, 4, 999, 2;
1, 256, 0, 0, 0, 0, 4, 999, 2;
1, 256, 1, 1, 1, 1, 6, 1001, 4;
1, 256, 1, 1, 1, 1, 6, 1001, 4;
1, 256, 1, 1, 1, 1, 6, 1001, 4;
1, 256, 0, 0, 0, 0, 5, 1000, 3;
1, 256, 0, 0, 0, 0, 5, 1000, 3;
1, 256, 0, 0, 0, 0, 4, 999, 2;
1, 256, 0, 1, 1, 1, 5, 1000, 3;
1, 256, 0, 0, 0, 0, 4, 999, 2;
1, 256, 0, -1, -1, -1, 4, 999, 2;
1, 256, 1, 1, 1, 1, 6, 1001, 4;
1, 256, 1, 1, 1, 1, 6, 1001, 4;
1, 256, 1, 1, 1, 1, 6, 1001, 4;
1, 256, 0, 0, 0, 0, 5, 1000, 3;
1, 256, 0, 0, 0, 0, 5, 1000, 3;
1, 256, 0, 1, 1, 1, 5, 1000, 3;
1, 256, 1, 1, 1, 1, 6, 1001, 4;
1, 256, 0, 0, 0, 0, 5, 1000, 3;
1, 256, 0, 0, 0, 0, 4, 999, 2;
1, 256, 0, 0, 0, 0, 5, 1000, 3;
1, 256, 0, 0, 0, 0, 5, 1000, 3;
1, 256, 0, 1, 1, 1, 5, 1000, 3;
1, 256, 0, 0, 0, 0, 5, 999, 2;
1, 256, 0, 0, 0, 0, 4, 999, 2;
1, 256, 0, 0, 0, 0, 5, 1000, 3;
1, 256, 0, 1, 1, 1, 5, 1000, 3;
1, 256, 0, 0, 0, 0, 4, 999, 2;
1, 256, 0, 0, 0, 0, 4, 999, 2;
1, 256, 0, 0, 0, 0, 5, 1000, 3;
1, 256, 0, -1, -1, -1, 4, 999, 2;
1, 256, 0, 0, 0, 0, 4, 999, 2;
1, 256, 0, 0, 0, 0, 4, 999, 2;
1, 256, 0, 0, 0, 0, 5, 1000, 3;
1, 256, 1, 1, 1, 1, 6, 1001, 4;
1, 256, 1, 1, 1, 1, 6, 1001, 4;
1, 256, 0, 0, 0, 0, 4, 999, 2;
1, 256, 0, 1, 1, 1, 5, 1000, 3;
1, 256, 0, 0, 0, 0, 4, 999, 2;
1, 256, 0, -1, -1, -1, 4, 999, 2;
1, 256, 0, -1, -1, -1, 4, 999, 2;
1, 256, 0, -1, -1, -1, 4, 998, 1;
1, 256, 1, 1, 1, 1, 6, 1001, 4;
1, 256, 0, 0, 0, 0, 4, 999, 2;
1, 256, 0, 0, 0, 0, 5, 1000, 3;
1, 256, 1, 1, 1, 1, 6, 1001, 4;
1, 256, 0, 0, 0, 0, 5, 1000, 3;
1, 256, 0, 0, 0, 0, 5, 1000, 3;
1, 256, 0, -1, -1, -1, 4, 999, 2;
1, 256, 0, 0, 0, 0, 5, 1000, 3;
1, 256, 0, -1, -1, -1, 4, 999, 2;
1, 256, 0, 0, 0, 0, 5, 1000, 3;
1, 256, 0, 0, 0, 0, 5, 999, 3;
1, 256, 0, 1, 1, 1, 5, 1000, 3;
1, 256, 0, -1, -1, -1, 4, 999, 2;
1, 256, 0, 0, 0, 0, 4, 999, 2;
1, 256, 0, -1, -1, -1, 4, 998, 2;
1, 256, 0, 0, 0, 0, 5, 1000, 3;
1, 256, 0, 0, 0, 0, 5, 999, 2;
1, 256, 1, 1, 1, 1, 6, 1001, 4;
1, 256, 0, 1, 1, 1, 5, 1000, 3;
1, 256, 0, 0, 0, 0, 5, 1000, 3;
1, 256, 0, 0, 0, 0, 5, 999, 2;
1, 256, 0, -1, -1, -1, 4, 999, 2;
1, 256, 0, -1, -1, -1, 3, 998, 1;
1, 256, 0, 0, 0, 0, 5, 1000, 3;
1, 256, 0, 0, 0, 0, 5, 1000, 3;
1, 256, 0, 1, 1, 1, 5, 1000, 3;
1, 256, 0, 0, 0, 0, 4, 999, 2;
1, 256, 0, -1, -1, -1, 3, 998, 1;
1, 256, 0, 0, 0, 0, 4, 999, 2;
1, 256, 1, 1, 1, 1, 6, 1001, 4;
1, 256, 0, 0, 0, 0, 5, 1000, 3;
1, 256, 0, 0, 0, 0, 5, 999, 3;
1, 256, 0, -1, -1, -1, 4, 998, 1;
1, 256, 0, 0, 0, 0, 4, 999, 2;
1, 256, 0, 1, 1, 1, 5, 1000, 3;
1, 256, 0, -1, -1, -1, 4, 999, 2;
1, 256, 1, 1, 1, 1, 6, 1001, 4;
1, 256, 0, 0, 0, 0, 4, 999, 2;
1, 256, 0, -1, -1, -1, 4, 999, 2;
1, 256, 0, 0, 0, 0, 4, 999, 2;
1, 256, 0, 0, 0, 0, 4, 999, 2;
1, 256, 0, 0, 0, 0, 4, 999, 2;
1, 256, 0, 0, 0, 0, 4, 999, 2;
1, 256, 0, 0, 0, 0, 5, 999, 2;
1, 256, 0, 0, 0, 0, 5, 1000, 3;
1, 256, 0, 0, 0, 0, 4, 999, 2;
1, 256, 0, 0, 0, 0, 4, 999, 2;
0, 256, 0, -1, -1, -1, 3, 998, 1;
1, 256, 0, 0, 0, 0, 5, 1000, 3;
1, 256, 0, -1, -1, -1, 4, 998, 2;
1, 256, 0, 0, 0, 0, 4, 999, 2;
1, 256, 0, 0, 0, 0, 5, 1000, 3;
1, 256, 0, 0, 0, 0, 5, 1000, 3;
1, 256, 1, 1, 1, 1, 5, 1000, 3;
1, 256, 0, 0, 0, 0, 4, 999, 2;
1, 256, 0, -1, -1, -1, 4, 999, 2;
1, 256, 0, 0, 0, 0, 5, 1000, 3;
1, 256, 0, 0, 0, 0, 5, 1000, 3;
1, 256, 0, -1, -1, -1, 4, 999, 2;
1, 256, 0, 1, 1, 1, 5, 1000, 3;
1, 256, 0, 0, 0, 0, 5, 1000, 3;
1, 256, 0, 0, 0, 0, 4, 999, 2;
1, 256, 0, 0, 0, 0, 5, 1000, 3;
1, 256, 0, 0, 0, 0, 5, 999, 2;
1, 256, 1, 1, 1, 1, 6, 1001, 4;
1, 256, 0, 0, 0, 0, 5, 1000, 3;
1, 256, 0, 0, 0, 0, 4, 999, 2;
1, 256, 0, -1, -1, -1, 3, 998, 1;
1, 256, 0, -1, -1, -1, 4, 998, 2;
1, 256, 0, 0, 0, 0, 4, 999, 2;
1, 256, 0, 0, 0, 0, 4, 999, 2;
1, 256, 0, -1, -1, -1, 4, 998, 1;
1, 256, 1, 1, 1, 1, 5, 1000, 3;
1, 256, 0, -1, -1, -1, 4, 999, 2;
1, 256, 1, 1, 1, 1, 6, 1000, 4;
1, 256, 0, -1, -1, -1, 3, 998, 1;
1, 256, 0, -1, -1, -1, 4, 999, 2;
1, 256, 0, 0, 0, 0, 4, 999, 2;
1, 256, 0, -1, -1, -1, 4, 998, 1;
1, 256, 0, 0, 0, 0, 5, 999, 2;
1, 256, 0, 0, 0, 0, 5, 1000, 3;
1, 256, 0, 0, 0, 0, 4, 999, 2;
1, 256, 0, -1, -1, -1, 3, 998, 1;
1, 256, 0, 0, 0, 0, 5, 1000, 3;
1, 256, 0, 1, 1, 1, 5, 1000, 3;
1, 256, 1, 1, 1, 1, 5, 1000, 3;
1, 256, 1, 1, 1, 1, 6, 1001, 4;
1, 256, 1, 1, 1, 1, 6, 1001, 4;
1, 256, 0, -1, -1, -1, 4, 998, 1;
1, 256, 1, 1, 1, 1, 6, 1000, 4;
1, 256, 0, 0, 0, 0, 4, 999, 2;
1, 256, 0, -1, -1, -1, 4, 999, 2;
1, 256, 1, 1, 1, 1, 6, 1001, 4;
1, 256, 0, 0, 0, 0, 4, 999, 2;
1, 256, 0, 0, 0, 0, 5, 1000, 3;
1, 256, 0, -1, -1, -1, 4, 999, 2;
1, 256, 0, 1, 1, 1, 5, 1000, 3;
1, 256, 0, -1, -1, -1, 4, 999, 2;
1, 256, 1, 1, 1, 1, 6, 1001, 4;
1, 256, 0, 0, 0, 0, 5, 1000, 3;
1, 256, 0, 0, 0, 0, 5, 1000, 3;
1, 256, 0, 0, 0, 0, 5, 999, 3;
1, 256, 0, -1, -1, -1, 3, 998, 1;
1, 256, 0, 0, 0, 0, 4, 999, 2;
1, 256, 0, 0, 0, 0, 5, 1000, 3;
1, 256, 0, 0, 0, 0, 5, 1000, 3;
1, 256, 0, -1, -1, -1, 4, 998, 2;
1, 256, 1, 1, 1, 1, 6, 1001, 4;
1, 256, 0, -1, -1, -1, 4, 999, 2;
1, 256, 0, 0, 0, 0, 4, 999, 2;
1, 256, 1, 1, 1, 1, 6, 1001, 4;
1, 256, 0, 0, 0, 0, 5, 1000, 3;
1, 256, 0, 0, 0, 0, 5, 1000, 3;
1, 256, 0, -1, -1, -1, 4, 999, 2;
1, 256, 0, 1, 1, 1, 5, 1000, 3;
1, 256, 0, 1, 1, 1, 5, 1000, 3;
1, 256, 0, 0, 0, 0, 4, 999, 2;
1, 256, 0, 0, 0, 0, 5, 1000, 3;
1, 256, 1, 1, 1, 1, 6, 1001, 4;
1, 256, 1, 1, 1, 1, 6, 1000, 3;
1, 256, 0, 0, 0, 0, 4, 999, 2;
1, 256, 0, 1, 1, 1, 5, 1000, 3;
1, 256, 0, -1, -1, -1, 3, 998, 1;
1, 256, 1, 1, 1, 1, 6, 1001, 4;
1, 256, 0, 0, 0, 0, 4, 999, 2;
1, 256, 0, 0, 0, 0, 5, 1000, 3;
1, 256, 0, 0, 0, 0, 5, 1000, 3;
1, 256, 0, 0, 0, 0, 4, 999, 2;
1, 256, 1, 1, 1, 1, 6, 1001, 4;
1, 256, 0, 0, 0, 0, 4, 999, 2;
1, 256, 0, 1, 1, 1, 5, 1000, 3;
1, 256, 1, 1, 1, 1, 6, 1001, 4;
1, 256, 0, 0, 0, 0, 5, 1000, 3;
1, 256, 1, 1, 1, 1, 6, 1001, 4;
1, 256, 0, 0, 0, 0, 5, 1000, 3;
1, 256, 0, 0, 0, 0, 5, 1000, 3;
1, 256, 0, -1, -1, -1, 4, 998, 2;
1, 256, 0, 0, 0, 0, 4, 999, 2;
1, 256, 1, 1, 1, 1, 6, 1000, 3;
1, 256, 0, 0, 0, 0, 4, 999, 2;
1, 256, 0, 0, 0, 0, 4, 999, 2;
1, 256, 0, 0, 0, 0, 5, 1000, 3;
1, 256, 0, 1, 1, 1, 5, 1000, 3;
1, 256, 0, -1, -1, -1, 3, 998, 1;
1, 256, 0, -1, -1, -1, 4, 999, 2;
1, 256, 0, 0, 0, 0, 4, 999, 2;
1, 256, 0, 0, 0, 0, 5, 1000, 3;
1, 256, 0, 0, 0, 0, 5, 999, 2;
1, 256, 0, -1, -1, -1, 4, 999, 2;
1, 256, 0, 0, 0, 0, 5, 1000, 3;
1, 256, 0, 0, 0, 0, 5, 1000, 3;
1, 256, 0, 0, 0, 0, 5, 1000, 3;
1, 256, 0, -1, -1, -1, 3, 998, 1;
1, 256, 0, 1, 1, 1, 5, 1000, 3;
1, 256, 0, 0, 0, 0, 5, 999, 3;
1, 256, 0, 0, 0, 0, 5, 1000, 3;
1, 256, 1, 1, 1, 1, 6, 1000, 3;
1, 256, 0, 0, 0, 0, 5, 1000, 3;
1, 256, 0, 0, 0, 0, 5, 1000, 3;
1, 256, 0, 0, 0, 0, 4, 999, 2;
1, 256, 0, 0, 0, 0, 4, 999, 2;
1, 256, 0, -1, -1, -1, 4, 999, 2;
1, 256, 0, 0, 0, 0, 5, 1000, 3;
1, 256, 0, 0, 0, 0, 5, 999, 3;
1, 256, 0, 0, 0, 0, 5, 1000, 3;
1, 256, 0, -1, -1, -1, 4, 999, 2;
1, 256, 0, 1, 1, 1, 5, 1000, 3;
1, 256, 0, 0, 0, 0, 5, 1000, 3;
1, 256, 0, -1, -1, -1, 3, 998, 1;
1, 256, 1, 1, 1, 1, 6, 1001, 4;
1, 256, 0, 0, 0, 0, 5, 1000, 3;
1, 256, 1, 1, 1, 1, 6, 1000, 3;
1, 256, 1, 1, 1, 1, 6, 1001, 4;
1, 256, 0, 0, 0, 0, 5, 1000, 3;
1, 256, 0, -1, -1, -1, 4, 999, 2;
1, 256, 1, 1, 1, 1, 5, 1000, 3;
1, 256, 0, -1, -1, -1, 4, 998, 1;
1, 256, 0, 0, 0, 0, 4, 999, 2;
0, 256, 0, -1, -1, -1, 3, 998, 1;
1, 256, 0, -1, -1, -1, 4, 998, 2;
1, 256, 0, 0, 0, 0, 5, 1000, 3;
1, 256, 0, 0, 0, 0, 5, 999, 3;
1, 256, 0, 0, 0, 0, 5, 1000, 3;
1, 256, 0, -1, -1, -1, 4, 998, 2;
1, 256, 0, 0, 0, 0, 5, 999, 3;
1, 256, 0, -1, -1, -1, 4, 999, 2;
1, 256, 0, -1, -1, -1, 4, 999, 2;
1, 256, 0, 0, 0, 0, 4, 999, 2;
1, 256, 0, 0, 0, 0, 4, 999, 2;
1, 256, 0, -1, -1, -1, 4, 999, 2;
1, 256, 0, -1, -1, -1, 3, 998, 1;
1, 256, 0, -1, -1, -1, 4, 998, 2;
1, 256, 0, 0, 0, 0, 5, 1000, 3;
1, 256, 0, -1, -1, -1, 4, 999, 2;
1, 256, 0, -1, -1, -1, 4, 999, 2;
1, 256, 0, -1, -1, -1, 4, 999, 2;
1, 256, 1, 1, 1, 1, 5, 1000, 3;
1, 256, 1, 1, 1, 1, 5, 1000, 3;
1, 256, 0, 0, 0, 0, 4, 999, 2;
1, 256, 0, 0, 0, 0, 4, 999, 2;
1, 256, 0, 0, 0, 0, 5, 1000, 3;
1, 256, 0, 0, 0, 0, 4, 999, 2;
1, 256, 1, 1, 1, 1, 6, 1000, 4;
1, 256, 0, 0, 0, 0, 5, 1000, 3;
1, 256, 0, -1, -1, -1, 3, 998, 1;
1, 256, 0, 1, 1, 1, 5, 1000, 3;
1, 256, 0, 0, 0, 0, 4, 999, 2;
1, 256, 0, -1, -1, -1, 4, 999, 2;
1, 256, 0, 1, 1, 1, 5, 1000, 3;
1, 256, 0, -1, -1, -1, 4, 999, 2;
1, 256, 0, 0, 0, 0, 5, 1000, 3;
1, 256, 0, -1, -1, -1, 4, 999, 2;
1, 256, 0, 1, 1, 1, 5, 1000, 3;
1, 256, 0, 0, 0, 0, 5, 1000, 3;
1, 256, 0, 0, 0, 0, 5, 1000, 3;
1, 256, 0, -1, -1, -1, 4, 999, 2;
1, 256, 0, 0, 0, 0, 5, 999, 3;
1, 256, 0, 0, 0, 0, 4, 999, 2;
1, 256, 0, -1, -1, -1, 4, 998, 2;
1, 256, 0, 0, 0, 0, 4, 999, 2;
1, 256, 1, 1, 1, 1, 6, 1000, 3;
1, 256, 0, 0, 0, 0, 5, 1000, 3;
1, 256, 0, -1, -1, -1, 3, 998, 1;
1, 256, 0, 0, 0, 0, 5, 1000, 3;
1, 256, 0, -1, -1, -1, 4, 999, 2;
1, 256, 0, -1, -1, -1, 4, 999, 2;
1, 256, 0, 0, 0, 0, 5, 1000, 3;
1, 256, 0, 0, 0, 0, 5, 999, 3;
1, 256, 1, 1, 1, 1, 6, 1000, 4;
1, 256, 0, 0, 0, 0, 4, 999, 2;
1, 256, 1, 1, 1, 1, 5, 1000, 3;
1, 256, 0, 0, 0, 0, 5, 1000, 3;
1, 256, 0, 0, 0, 0, 5, 999, 3;
1, 256, 0, 0, 0, 0, 4, 999, 2;
1, 256, 1, 1, 1, 1, 6, 1000, 3;
1, 256, 1, 1, 1, 1, 6, 1000, 3;
1, 256, 0, 0, 0, 0, 5, 1000, 3;
1, 256, 0, 0, 0, 0, 5, 1000, 3;
1, 256, 1, 1, 1, 1, 6, 1001, 4;
1, 256, 0, 0, 0, 0, 5, 1000, 3;
1, 256, 0, 0, 0, 0, 5, 1000, 3;
1, 256, 0, -1, -1, -1, 4, 999, 2;
1, 256, 0, 0, 0, 0, 5, 1000, 3;
1, 256, 1, 1, 1, 1, 6, 1001, 4;
1, 256, 1, 1, 1, 1, 6, 1001, 4;
1, 256, 1, 1, 1, 1, 6, 1000, 4;
1, 256, 0, -1, -1, -1, 4, 999, 2;
1, 256, 0, 0, 0, 0, 4, 999, 2;
1, 256, 0, -1, -1, -1, 4, 998, 1;
1, 256, 1, 1, 1, 1, 6, 1001, 4;
1, 256, 0, -1, -1, -1, 3, 998, 1;
1, 256, 0, 0, 0, 0, 5, 1000, 3;
1, 256, 0, 0, 0, 0, 5, 1000, 3;
1, 256, 1, 1, 1, 1, 6, 1001, 4;
1, 256, 0, 0, 0, 0, 4, 999, 2;
1, 256, 0, 0, 0, 0, 4, 999, 2;
1, 256, 0, 0, 0, 0, 5, 1000, 3;
1, 256, 0, 0, 0, 0, 4, 999, 2;
1, 256, 0, 0, 0, 0, 4, 999, 2;
1, 256, 0, 0, 0, 0, 5, 1000, 3;
1, 256, 0, 0, 0, 0, 5, 1000, 3;
1, 256, 0, -1, -1, -1, 4, 999, 2;
0, 256, 0, -1, -1, -1, 3, 998, 1;
1, 256, 0, 0, 0, 0, 5, 1000, 3;
1, 256, 0, -1, -1, -1, 4, 999, 2;
1, 256, 1, 1, 1, 1, 6, 1001, 4;
1, 256, 0, 0, 0, 0, 5, 1000, 3;
1, 256, 0, 0, 0, 0, 5, 1000, 3;
1, 256, 0, 0, 0, 0, 5, 1000, 3;
1, 256, 0, 0, 0, 0, 4, 999, 2;
1, 256, 0, 0, 0, 0, 5, 1000, 3;
1, 256, 0, 0, 0, 0, 4, 999, 2;
1, 256, 0, 0, 0, 0, 4, 999, 2;
1, 256, 0, -1, -1, -1, 4, 998, 2;
1, 256, 0, 1, 1, 1, 5, 1000, 3;
1, 256, 1, 1, 1, 1, 6, 1001, 4;
1, 256, 0, -1, -1, -1, 3, 998, 1;
1, 256, 1, 1, 1, 1, 5, 1000, 3;
1, 256, 0, 0, 0, 0, 4, 999, 2;
1, 256, 0, -1, -1, -1, 4, 999, 2;
1, 256, 0, 0, 0, 0, 5, 1000, 3;
1, 256, 1, 1, 1, 1, 5, 1000, 3;
1, 256, 0, 1, 1, 1, 5, 1000, 3;
1, 256, 0, 1, 1, 1, 5, 1000, 3;
1, 256, 0, -1, -1, -1, 4, 999, 2;
1, 256, 0, 0, 0, 0, 5, 999, 3;
1, 256, 0, 0, 0, 0, 4, 999, 2;
1, 256, 0, -1, -1, -1, 4, 999, 2;
1, 256, 1, 1, 1, 1, 6, 1001, 4;
1, 256, 1, 1, 1, 1, 6, 1001, 4;
1, 256, 0, 0, 0, 0, 4, 999, 2;
1, 256, 1, 1, 1, 1, 5, 1000, 3;
1, 256, 0, 0, 0, 0, 5, 999, 2;
1, 256, 0, 0, 0, 0, 5, 1000, 3;
1, 256, 0, -1, -1, -1, 4, 999, 2;
1, 256, 0, 0, 0, 0, 4, 999, 2;
1, 256, 1, 1, 1, 1, 5, 1000, 3;
1, 256, 0, 0, 0, 0, 4, 999, 2;
1, 256, 0, 0, 0, 0, 5, 1000, 3;
1, 256, 0, 1, 1, 1, 5, 1000, 3;
1, 256, 0, 0, 0, 0, 4, 999, 2;
1, 256, 0, 0, 0, 0, 5, 1000, 3;
1, 256, 1, 1, 1, 1, 6, 1001, 4;
1, 256, 1, 1, 1, 1, 5, 1000, 3;
1, 256, 0, -1, -1, -1, 3, 998, 1;
1, 256, 0, -1, -1, -1, 4, 999, 2;
1, 256, 0, 0, 0, 0, 4, 999, 2;
1, 256, 0, -1, -1, -1, 3, 998, 1;
1, 256, 0, -1, -1, -1, 4, 998, 2;
1, 256, 1, 1, 1, 1, 5, 1000, 3;
1, 256, 0, -1, -1, -1, 3, 998, 1;
1, 256, 1, 1, 1, 1, 6, 1001, 4;
1, 256, 1, 1, 1, 1, 5, 1000, 3;
1, 256, 1, 1, 1, 1, 6, 1001, 4;
1, 256, 1, 1, 1, 1, 6, 1001, 4;
1, 256, 0, 1, 1, 1, 5, 1000, 3;
1, 256, 0, 0, 0, 0, 4, 999, 2;
1, 256, 0, 0, 0, 0, 4, 999, 2;
1, 256, 0, -1, -1, -1, 4, 999, 2;
1, 256, 0, 0, 0, 0, 4, 999, 2;
1, 256, 0, 1, 1, 1, 5, 1000, 3;
1, 256, 1, 1, 1, 1, 6, 1000, 4;
1, 256, 0, -1, -1, -1, 4, 998, 1;
1, 256, 0, 0, 0, 0, 5, 1000, 3;
1, 256, 0, 1, 1, 1, 5, 1000, 3;
1, 256, 0, 1, 1, 1, 5, 1000, 3;
1, 256, 0, 0, 0, 0, 5, 1000, 3;
1, 256, 0, 1, 1, 1, 5, 1000, 3;
1, 256, 0, 0, 0, 0, 4, 999, 2;
1, 256, 0, 0, 0, 0, 4, 999, 2;
1, 256, 0, 0, 0, 0, 5, 1000, 3;
1, 256, 0, 0, 0, 0, 4, 999, 2;
1, 256, 0, 0, 0, 0, 4, 999, 2;
1, 256, 0, -1, -1, -1, 4, 999, 2;
1, 256, 0, 0, 0, 0, 4, 999, 2;
1, 256, 0, 0, 0, 0, 4, 999, 2;
1, 256, 0, 0, 0, 0, 5, 1000, 3;
1, 256, 1, 1, 1, 1, 6, 1000, 3;
1, 256, 0, -1, -1, -1, 4, 999, 2;
1, 256, 0, -1, -1, -1, 4, 999, 2;
1, 256, 0, 0, 0, 0, 4, 999, 2;
1, 256, 0, -1, -1, -1, 4, 999, 2;
1, 256, 1, 1, 1, 1, 6, 1000, 4;
1, 256, 0, 0, 0, 0, 5, 999, 3;
1, 256, 0, 0, 0, 0, 5, 999, 3;
1, 256, 0, 0, 0, 0, 5, 1000, 3;
1, 256, 0, 0, 0, 0, 5, 1000, 3;
1, 256, 0, 0, 0, 0, 4, 999, 2;
1, 256, 0, 0, 0, 0, 4, 999, 2;
1, 256, 0, 0, 0, 0, 4, 999, 2;
1, 256, 0, -1, -1, -1, 4, 999, 2;
1, 256, 0, 0, 0, 0, 4, 999, 2;
1, 256, 0, 0, 0, 0, 4, 999, 2;
1, 256, 0, 0, 0, 0, 4, 999, 2;
1, 256, 0, 0, 0, 0, 4, 999, 2;
1, 256, 0, 0, 0, 0, 5, 999, 3;
1, 256, 0, 0, 0, 0, 5, 1000, 3;
1, 256, 0, 0, 0, 0, 5, 1000, 3;
1, 256, 0, 0, 0, 0, 5, 1000, 3;
1, 256, 0, 0, 0, 0, 4, 999, 2;
1, 256, 0, 0, 0, 0, 5, 1000, 3;
1, 256, 0, 0, 0, 0, 4, 999, 2;
1, 256, 1, 1, 1, 1, 6, 1001, 4;
1, 256, 0, 0, 0, 0, 5, 1000, 3;
1, 256, 1, 1, 1, 1, 6, 1001, 4;
1, 256, 1, 1, 1, 1, 6, 1000, 3;
1, 256, 0, 0, 0, 0, 5, 1000, 3;
1, 256, 0, -1, -1, -1, 4, 998, 2;
1, 256, 0, 0, 0, 0, 5, 1000, 3;
1, 256, 0, 0, 0, 0, 5, 1000, 3;
1, 256, 1, 1, 1, 1, 6, 1001, 4;
1, 256, 0, 0, 0, 0, 4, 999, 2;
1, 256, 0, -1, -1, -1, 4, 999, 2;
1, 256, 0, 0, 0, 0, 4, 999, 2;
1, 256, 1, 1, 1, 1, 6, 1001, 4;
1, 256, 0, 0, 0, 0, 5, 1000, 3;
1, 256, 1, 1, 1, 1, 6, 1000, 4;
1, 256, 0, 0, 0, 0, 4, 999, 2;
1, 256, 0, -1, -1, -1, 3, 998, 1;
1, 256, 1, 1, 1, 1, 6, 1001, 4;
1, 256, 0, 0, 0, 0, 5, 999, 3;
1, 256, 0, -1, -1, -1, 4, 999, 2;
1, 256, 0, 0, 0, 0, 4, 999, 2;
1, 256, 0, -1, -1, -1, 4, 999, 2;
1, 256, 0, 0, 0, 0, 5, 1000, 3;
1, 256, 0, -1, -1, -1, 3, 998, 1;
1, 256, 0, 0, 0, 0, 5, 1000, 3;
1, 256, 1, 1, 1, 1, 6, 1000, 3;
1, 256, 0, 1, 1, 1, 5, 1000, 3;
1, 256, 0, -1, -1, -1, 4, 999, 2;
1, 256, 0, 0, 0, 0, 5, 1000, 3;
1, 256, 0, 0, 0, 0, 5, 1000, 3;
1, 256, 0, 0, 0, 0, 4, 999, 2;
1, 256, 0, 0, 0, 0, 4, 999, 2;
1, 256, 0, 0, 0, 0, 5, 1000, 3;
1, 256, 0, -1, -1, -1, 4, 998, 2;
1, 256, 0, 0, 0, 0, 4, 999, 2;
0, 256, 0, -1, -1, -1, 3, 998, 1;
1, 256, 0, 0, 0, 0, 4, 999, 2;
1, 256, 0, 0, 0, 0, 5, 1000, 3;
1, 256, 1, 1, 1, 1, 6, 1000, 3;
1, 256, 0, 0, 0, 0, 5, 1000, 3;
1, 256, 1, 1, 1, 1, 6, 1000, 4;
1, 256, 0, -1, -1, -1, 4, 999, 2;
1, 256, 0, 0, 0, 0, 5, 999, 3;
1, 256, 0, 0, 0, 0, 4, 999, 2;
0, 256, 0, -1, -1, -1, 3, 998, 1;
1, 256, 0, 0, 0, 0, 5, 1000, 3;
1, 256, 0, 1, 1, 1, 5, 1000, 3;
1, 256, 0, -1, -1, -1, 4, 999, 2;
1, 256, 0, 1, 1, 1, 5, 1000, 3;
1, 256, 0, 0, 0, 0, 5, 1000, 3;
1, 256, 1, 1, 1, 1, 6, 1001, 4;
1, 256, 0, 0, 0, 0, 4, 999, 2;
1, 256, 0, -1, -1, -1, 4, 999, 2;
1, 256, 1, 1, 1, 1, 6, 1001, 4;
1, 256, 0, 0, 0, 0, 5, 1000, 3;
1, 256, 0, 0, 0, 0, 5, 1000, 3;
1, 256, 0, 0, 0, 0, 4, 999, 2;
1, 256, 0, -1, -1, -1, 4, 999, 2;
1, 256, 0, -1, -1, -1, 4, 999, 2;
1, 256, 0, 0, 0, 0, 4, 999, 2;
1, 256, 1, 1, 1, 1, 5, 1000, 3;
1, 256, 1, 1, 1, 1, 6, 1001, 4;
1, 256, 0, 0, 0, 0, 5, 1000, 3;
1, 256, 0, 1, 1, 1, 5, 1000, 3;
1, 256, 0, 0, 0, 0, 5, 1000, 3;
1, 256, 0, -1, -1, -1, 4, 999, 2;
1, 256, 0, -1, -1, -1, 4, 998, 2;
1, 256, 0, 0, 0, 0, 5, 999, 3;
1, 256, 0, -1, -1, -1, 4, 999, 2;
1, 256, 0, 0, 0, 0, 4, 999, 2;
1, 256, 0, 0, 0, 0, 5, 1000, 3;
1, 256, 0, -1, -1, -1, 3, 998, 1;
1, 256, 1, 1, 1, 1, 6, 1001, 4;
1, 256, 1, 1, 1, 1, 6, 1001, 4;
1, 256, 1, 1, 1, 1, 6, 1001, 4;
1, 256, 0, 1, 1, 1, 5, 1000, 3;
1, 256, 0, 0, 0, 0, 4, 999, 2;
1, 256, 0, 0, 0, 0, 4, 999, 2;
1, 256, 0, -1, -1, -1, 3, 998, 1;
1, 256, 0, 0, 0, 0, 4, 999, 2;
1, 256, 1, 1, 1, 1, 6, 1001, 4;
1, 256, 1, 1, 1, 1, 6, 1001, 4;
1, 256, 0, 0, 0, 0, 5, 1000, 3;
1, 256, 0, 0, 0, 0, 4, 999, 2;
1, 256, 0, 0, 0, 0, 4, 999, 2;
1, 256, 0, -1, -1, -1, 3, 998, 1;
1, 256, 0, 1, 1, 1, 5, 1000, 3;
1, 256, 0, -1, -1, -1, 3, 998, 1;
1, 256, 0, 0, 0, 0, 4, 999, 2;
1, 256, 0, 1, 1, 1, 5, 1000, 3;
1, 256, 0, 0, 0, 0, 4, 999, 2;
1, 256, 0, 0, 0, 0, 4, 999, 2;
1, 256, 0, -1, -1, -1, 4, 999, 2;
1, 256, 0, -1, -1, -1, 4, 999, 2;
1, 256, 0, 0, 0, 0, 4, 999, 2;
1, 256, 0, -1, -1, -1, 3, 998, 1;
1, 256, 0, 0, 0, 0, 4, 999, 2;
1, 256, 0, -1, -1, -1, 4, 998, 2;
1, 256, 0, 0, 0, 0, 4, 999, 2;
1, 256, 0, -1, -1, -1, 4, 998, 2;
1, 256, 0, -1, -1, -1, 4, 999, 2;
1, 256, 0, 0, 0, 0, 4, 999, 2;
1, 256, 0, 0, 0, 0, 4, 999, 2;
1, 256, 0, 0, 0, 0, 5, 1000, 3;
1, 256, 0, 1, 1, 1, 5, 1000, 3;
1, 256, 1, 1, 1, 1, 6, 1001, 4;
1, 256, 0, 0, 0, 0, 5, 1000, 3;
1, 256, 0, -1, -1, -1, 3, 998, 1;
1, 256, 0, -1, -1, -1, 4, 999, 2;
1, 256, 0, 0, 0, 0, 4, 999, 2;
1, 256, 0, 0, 0, 0, 4, 999, 2;
1, 256, 1, 1, 1, 1, 6, 1001, 4;
1, 256, 0, 0, 0, 0, 4, 999, 2;
1, 256, 0, 1, 1, 1, 5, 1000, 3;
1, 256, 0, -1, -1, -1, 4, 998, 2;
1, 256, 0, 0, 0, 0, 5, 1000, 3;
1, 256, 0, 0, 0, 0, 5, 1000, 3;
1, 256, 0, 0, 0, 0, 5, 999, 3;
1, 256, 0, 0, 0, 0, 5, 1000, 3;
1, 256, 0, 0, 0, 0, 4, 999, 2;
1, 256, 0, 1, 1, 1, 5, 1000, 3;
1, 256, 0, 0, 0, 0, 5, 1000, 3;
1, 256, 0, 0, 0, 0, 4, 999, 2;
1, 256, 0, -1, -1, -1, 4, 999, 2;
1, 256, 0, 0, 0, 0, 4, 999, 2;
1, 256, 1, 1, 1, 1, 6, 1001, 4;
1, 256, 0, 0, 0, 0, 5, 1000, 3;
1, 256, 0, 0, 0, 0, 5, 1000, 3;
1, 256, 1, 1, 1, 1, 5, 1000, 3;
1, 256, 0, 0, 0, 0, 5, 1000, 3;
1, 256, 0, 0, 0, 0, 5, 1000, 3;
1, 256, 0, -1, -1, -1, 3, 998, 1;
1, 256, 0, 0, 0, 0, 5, 1000, 3;
1, 256, 0, 0, 0, 0, 5, 1000, 3;
1, 256, 0, -1, -1, -1, 4, 999, 2;
1, 256, 0, 0, 0, 0, 5, 1000, 3;
1, 256, 0, 0, 0, 0, 4, 999, 2;
1, 256, 0, 1, 1, 1, 5, 1000, 3;
1, 256, 0, 0, 0, 0, 4, 999, 2;
1, 256, 1, 1, 1, 1, 6, 1000, 4;
1, 256, 1, 1, 1, 1, 6, 1000, 3;
1, 256, 0, 0, 0, 0, 5, 1000, 3;
1, 256, 0, -1, -1, -1, 4, 999, 2;
1, 256, 0, 0, 0, 0, 4, 999, 2;
1, 256, 0, 0, 0, 0, 4, 999, 2;
1, 256, 0, 1, 1, 1, 5, 1000, 3;
1, 256, 0, -1, -1, -1, 4, 998, 2;
1, 256, 0, 0, 0, 0, 4, 999, 2;
1, 256, 0, -1, -1, -1, 4, 999, 2;
1, 256, 0, -1, -1, -1, 4, 999, 2;
1, 256, 0, 0, 0, 0, 4, 999, 2;
1, 256, 0, -1, -1, -1, 4, 999, 2;
1, 256, 0, 0, 0, 0, 4, 999, 2;
1, 256, 0, 0, 0, 0, 5, 1000, 3;
1, 256, 0, 0, 0, 0, 4, 999, 2;
1, 256, 0, -1, -1, -1, 4, 998, 1;
1, 256, 1, 1, 1, 1, 6, 1001, 4;
1, 256, 0, -1, -1, -1, 4, 999, 2;
1, 256, 1, 1, 1, 1, 6, 1001, 4;
1, 256, 0, 0, 0, 0, 5, 1000, 3;
1, 256, 1, 1, 1, 1, 6, 1001, 4;
1, 256, 0, 1, 1, 1, 5, 1000, 3;
1, 256, 1, 1, 1, 1, 6, 1001, 4;
1, 256, 0, 1, 1, 1, 5, 1000, 3;
1, 256, 0, 0, 0, 0, 5, 1000, 3;
1, 256, 1, 1, 1, 1, 6, 1000, 4;
1, 256, 0, 0, 0, 0, 5, 1000, 3;
1, 256, 0, 0, 0, 0, 5, 999, 3;
1, 256, 0, 0, 0, 0, 4, 999, 2;
1, 256, 0, 1, 1, 1, 5, 1000, 3;
1, 256, 0, 0, 0, 0, 5, 1000, 3;
1, 256, 1, 1, 1, 1, 6, 1001, 4;
1, 256, 0, -1, -1, -1, 3, 998, 1;
1, 256, 0, -1, -1, -1, 4, 999, 2;
1, 256, 0, 1, 1, 1, 5, 1000, 3;
1, 256, 0, 0, 0, 0, 5, 1000, 3;
1, 256, 0, 0, 0, 0, 4, 999, 2;
1, 256, 1, 1, 1, 1, 6, 1000, 3;
1, 256, 0, 0, 0, 0, 5, 1000, 3;
1, 256, 1, 1, 1, 1, 6, 1000, 4;
1, 256, 0, -1, -1, -1, 4, 999, 2;
1, 256, 0, 0, 0, 0, 5, 1000, 3;
1, 256, 0, 0, 0, 0, 5, 999, 3;
1, 256, 1, 1, 1, 1, 6, 1001, 4;
1, 256, 0, 0, 0, 0, 5, 1000, 3;
1, 256, 0, 0, 0, 0, 4, 999, 2;
1, 256, 0, 0, 0, 0, 5, 1000, 3;
1, 256, 0, 0, 0, 0, 5, 1000, 3;
1, 256, 0, 0, 0, 0, 4, 999, 2;
1, 256, 1, 1, 1, 1, 6, 1001, 4;
1, 256, 0, -1, -1, -1, 3, 998, 1;
1, 256, 1, 1, 1, 1, 6, 1000, 4;
1, 256, 0, 0, 0, 0, 5, 1000, 3;
1, 256, 0, 0, 0, 0, 5, 1000, 3;
1, 256, 0, 0, 0, 0, 5, 999, 2;
1, 256, 0, 0, 0, 0, 5, 1000, 3;
1, 256, 0, 0, 0, 0, 5, 1000, 3;
1, 256, 0, -1, -1, -1, 4, 999, 2;
1, 256, 0, -1, -1, -1, 4, 998, 2;
1, 256, 0, 0, 0, 0, 4, 999, 2;
1, 256, 0, 0, 0, 0, 5, 1000, 3;
1, 256, 0, 1, 1, 1, 5, 1000, 3;
1, 256, 0, 0, 0, 0, 4, 999, 2;
1, 256, 0, 0, 0, 0, 5, 1000, 3;
1, 256, 0, 0, 0, 0, 4, 999, 2;
1, 256, 0, 1, 1, 1, 5, 1000, 3;
1, 256, 0, -1, -1, -1, 4, 999, 2;
1, 256, 1, 1, 1, 1, 6, 1000, 4;
1, 256, 0, 0, 0, 0, 4, 999, 2;
1, 256, 0, -1, -1, -1, 4, 999, 2;
1, 256, 0, 1, 1, 1, 5, 1000, 3;
1, 256, 0, 0, 0, 0, 5, 1000, 3;
1, 256, 0, 0, 0, 0, 5, 1000, 3;
1, 256, 0, -1, -1, -1, 4, 999, 2;