2, 298, 15, 8, 418, 8, 10, 1163, 61;
1, 295, 12, 26, 408, 0, 5, 1151, 50;
0, 291, 9, 41, 395, -12, -1, 1137, 35;
8, 298, 16, 91, 416, 10, 32, 1164, 63;
8, 296, 14, 112, 407, 5, 33, 1156, 57;
9, 295, 13, 135, 400, 1, 35, 1150, 52;
7, 290, 9, 150, 383, -9, 27, 1134, 38;
9, 291, 10, 178, 380, -7, 36, 1135, 41;
15, 294, 14, 216, 386, 5, 59, 1149, 57;
16, 294, 14, 242, 379, 5, 66, 1146, 58;
17, 292, 14, 264, 369, 3, 69, 1141, 55;
14, 286, 9, 273, 344, -11, 56, 1119, 37;
15, 285, 9, 295, 334, -11, 61, 1114, 36;
22, 289, 14, 332, 338, 3, 85, 1128, 54;
23, 288, 13, 354, 326, 2, 91, 1124, 54;
27, 290, 16, 384, 323, 11, 107, 1131, 65;
26, 286, 14, 396, 302, 3, 102, 1115, 55;
25, 283, 12, 410, 283, -1, 100, 1103, 48;
27, 282, 13, 431, 272, 1, 108, 1102, 52;
25, 278, 10, 438, 247, -9, 100, 1084, 39;
32, 282, 16, 474, 250, 9, 127, 1102, 63;
27, 274, 9, 469, 215, -9, 107, 1071, 38;
27, 272, 9, 482, 196, -11, 108, 1063, 36;
30, 272, 11, 501, 186, -5, 119, 1064, 43;
32, 272, 12, 516, 172, -2, 126, 1062, 48;
30, 267, 9, 519, 145, -11, 118, 1044, 37;
38, 273, 16, 551, 150, 11, 149, 1066, 65;
34, 267, 12, 546, 118, -1, 134, 1042, 48;
37, 268, 15, 563, 109, 7, 147, 1047, 60;
39, 268, 16, 573, 94, 11, 154, 1045, 65;
32, 259, 9, 556, 53, -10, 127, 1010, 37;
39, 263, 16, 579, 54, 9, 153, 1028, 62;
34, 257, 11, 567, 20, -5, 136, 1003, 44;
34, 255, 11, 568, 0, -5, 135, 995, 43;
39, 258, 15, 582, -3, 8, 153, 1006, 62;
37, 254, 14, 576, -27, 4, 147, 993, 56;
39, 254, 16, 578, -41, 9, 153, 992, 62;
35, 249, 12, 563, -71, -1, 138, 971, 49;
32, 244, 9, 548, -100, -11, 124, 952, 36;
32, 242, 9, 543, -118, -9, 125, 947, 38;
32, 241, 10, 537, -135, -8, 124, 941, 40;
32, 240, 11, 530, -150, -5, 126, 938, 43;
33, 241, 13, 527, -161, 1, 132, 940, 52;
34, 240, 14, 519, -175, 4, 133, 938, 56;
35, 240, 16, 513, -186, 10, 138, 939, 64;
32, 237, 14, 492, -210, 3, 126, 924, 55;
29, 233, 12, 473, -231, -1, 116, 912, 49;
32, 236, 16, 469, -235, 10, 126, 920, 63;
30, 233, 15, 449, -254, 7, 118, 911, 59;
27, 230, 13, 424, -275, 0, 105, 897, 51;
28, 231, 16, 414, -280, 9, 112, 903, 62;
23, 226, 11, 382, -306, -3, 91, 882, 46;
26, 229, 15, 374, -306, 8, 101, 893, 61;
21, 225, 13, 344, -327, 0, 85, 877, 50;
24, 227, 16, 334, -327, 11, 94, 887, 65;
20, 224, 14, 304, -344, 5, 80, 875, 57;
14, 218, 9, 266, -368, -9, 56, 853, 38;
15, 220, 12, 251, -368, 0, 61, 861, 49;
16, 222, 15, 234, -369, 6, 64, 867, 59;
11, 217, 11, 196, -389, -5, 43, 849, 43;
7, 215, 9, 165, -401, -11, 29, 839, 36;
11, 220, 15, 158, -388, 6, 45, 860, 59;
7, 217, 12, 123, -401, -1, 29, 848, 48;
3, 215, 10, 90, -412, -8, 13, 838, 40;
4, 217, 12, 71, -406, 0, 17, 847, 50;
6, 221, 16, 57, -396, 12, 26, 862, 66;
0, 215, 11, 12, -414, -5, -2, 840, 44;
-2, 215, 11, -13, -414, -4, -8, 841, 45;
-3, 215, 11, -41, -414, -4, -15, 841, 44;
-4, 216, 12, -64, -409, -1, -17, 845, 48;
-3, 219, 14, -84, -399, 5, -15, 855, 57;
-9, 216, 11, -121, -406, -5, -35, 843, 44;
-7, 220, 14, -137, -391, 5, -28, 858, 57;
-13, 216, 10, -176, -399, -8, -52, 843, 40;
-9, 222, 15, -186, -377, 7, -38, 866, 60;
-17, 216, 9, -231, -390, -11, -69, 844, 36;
-16, 219, 11, -247, -374, -3, -64, 857, 46;
-13, 225, 16, -256, -350, 11, -52, 879, 65;
-18, 222, 12, -292, -353, 0, -73, 867, 50;
-21, 221, 11, -320, -348, -5, -85, 864, 43;
-24, 221, 9, -346, -341, -9, -95, 864, 38;
-19, 228, 16, -348, -310, 9, -77, 892, 63;
-27, 223, 9, -390, -318, -11, -108, 871, 36;
-26, 227, 12, -401, -296, -2, -102, 887, 48;
-26, 230, 13, -416, -278, 2, -101, 897, 53;
-25, 233, 15, -427, -257, 8, -97, 911, 61;
-29, 231, 12, -455, -252, -1, -114, 904, 48;
-27, 236, 15, -462, -228, 6, -108, 920, 59;
-33, 232, 10, -492, -227, -7, -130, 908, 41;
-29, 239, 15, -490, -195, 7, -114, 933, 60;
-32, 238, 13, -510, -185, 0, -126, 931, 51;
-35, 238, 10, -529, -175, -6, -138, 928, 42;
-30, 245, 16, -521, -138, 12, -117, 958, 65;
-38, 239, 9, -555, -144, -12, -150, 935, 35;
-38, 241, 9, -562, -126, -11, -151, 942, 36;
-39, 243, 9, -569, -106, -11, -152, 950, 36;
-34, 250, 14, -559, -72, 4, -134, 977, 56;
-32, 254, 16, -556, -46, 11, -127, 992, 65;
-33, 255, 15, -563, -30, 7, -132, 995, 60;
-35, 255, 14, -568, -15, 4, -137, 998, 56;
-38, 254, 10, -580, -7, -7, -151, 991, 41;
-36, 257, 12, -574, 18, -1, -144, 1005, 49;
-38, 257, 10, -578, 31, -6, -150, 1005, 42;
-35, 262, 13, -566, 59, 1, -138, 1024, 53;
-39, 260, 9, -574, 65, -10, -153, 1015, 37;
-32, 268, 15, -549, 104, 8, -127, 1046, 61;
-31, 270, 16, -539, 125, 11, -122, 1056, 65;
-37, 265, 9, -553, 122, -10, -148, 1036, 37;
-33, 271, 13, -531, 152, 2, -130, 1058, 53;
-29, 276, 16, -511, 179, 11, -116, 1076, 64;
-32, 274, 13, -510, 187, 0, -125, 1070, 52;
-31, 276, 13, -496, 204, 1, -121, 1078, 53;
-34, 273, 9, -496, 207, -12, -135, 1066, 35;
-31, 277, 11, -475, 229, -5, -124, 1080, 43;
-27, 282, 14, -448, 256, 5, -106, 1100, 57;
-27, 281, 12, -436, 265, 0, -108, 1098, 50;
-23, 286, 16, -408, 290, 9, -91, 1116, 63;
-23, 286, 15, -392, 301, 7, -90, 1118, 60;
-20, 289, 16, -368, 318, 10, -80, 1128, 64;
-26, 283, 9, -369, 309, -10, -102, 1106, 37;
-19, 290, 15, -329, 338, 7, -74, 1132, 60;
-23, 285, 9, -327, 330, -12, -93, 1112, 35;
-20, 288, 10, -298, 346, -6, -81, 1123, 42;
-17, 291, 13, -268, 362, 0, -66, 1135, 51;
-19, 288, 9, -255, 359, -11, -75, 1124, 36;
-12, 294, 14, -214, 383, 4, -48, 1147, 56;
-11, 294, 14, -190, 389, 4, -42, 1149, 56;
-8, 296, 15, -160, 399, 7, -32, 1155, 60;
-11, 292, 11, -149, 390, -6, -43, 1140, 43;
-11, 291, 9, -127, 389, -11, -43, 1135, 36;
-5, 295, 13, -87, 407, 2, -19, 1153, 53;
-7, 291, 9, -74, 396, -11, -29, 1138, 37;
1, 299, 16, -24, 420, 11, 5, 1166, 65;
1, 297, 15, -2, 416, 6, 6, 1161, 59;
3, 297, 15, 25, 416, 7, 13, 1161, 59;
0, 293, 10, 37, 401, -7, 2, 1143, 42;
5, 296, 14, 75, 410, 3, 22, 1155, 55;
6, 295, 13, 98, 403, 0, 24, 1150, 50;
11, 298, 16, 135, 410, 10, 44, 1162, 63;
10, 294, 13, 153, 397, 2, 40, 1150, 53;
13, 296, 15, 184, 397, 7, 53, 1154, 59;
10, 290, 10, 195, 376, -7, 41, 1133, 41;
17, 295, 16, 238, 386, 10, 69, 1153, 63;
14, 290, 11, 248, 364, -3, 58, 1132, 46;
18, 291, 13, 279, 361, 2, 72, 1137, 54;
19, 290, 13, 302, 351, 2, 77, 1133, 54;
21, 290, 14, 326, 343, 4, 85, 1131, 56;
24, 290, 15, 352, 335, 7, 95, 1131, 60;
20, 283, 10, 357, 307, -8, 80, 1107, 40;
27, 288, 16, 396, 313, 10, 109, 1126, 63;
22, 281, 9, 395, 280, -9, 88, 1095, 38;
29, 285, 15, 433, 284, 8, 116, 1113, 61;
28, 281, 13, 443, 262, 1, 111, 1098, 52;
30, 281, 14, 464, 251, 5, 120, 1098, 57;
29, 277, 12, 472, 228, -2, 115, 1083, 48;
32, 277, 13, 491, 216, 2, 125, 1083, 54;
35, 279, 16, 514, 209, 11, 139, 1088, 65;
33, 274, 13, 516, 181, 1, 129, 1068, 52;
36, 274, 15, 535, 171, 8, 142, 1071, 62;
32, 268, 11, 532, 140, -4, 128, 1048, 45;
37, 271, 15, 554, 135, 8, 146, 1058, 61;
31, 263, 9, 541, 96, -11, 123, 1026, 36;
36, 265, 13, 561, 91, 1, 141, 1035, 53;
37, 264, 14, 569, 74, 4, 145, 1031, 56;
35, 261, 12, 568, 50, -1, 140, 1017, 49;
39, 262, 15, 580, 40, 8, 152, 1022, 61;
36, 257, 12, 571, 11, -1, 140, 1002, 48;
36, 255, 13, 573, -6, 0, 142, 997, 50;
39, 257, 16, 583, -14, 10, 155, 1003, 64;
34, 250, 11, 565, -49, -4, 136, 977, 45;
32, 246, 9, 555, -75, -11, 126, 961, 36;
31, 244, 9, 549, -95, -12, 124, 954, 35;
32, 243, 9, 546, -111, -9, 126, 949, 38;
32, 242, 10, 539, -129, -8, 125, 944, 40;
35, 243, 13, 541, -136, 1, 136, 950, 53;
32, 240, 11, 526, -160, -3, 127, 937, 46;
31, 237, 11, 512, -180, -6, 121, 926, 43;
28, 234, 9, 496, -202, -10, 112, 914, 37;
27, 232, 9, 482, -219, -10, 109, 908, 37;
30, 234, 12, 478, -226, -1, 117, 914, 49;
32, 236, 16, 473, -231, 9, 127, 922, 63;
26, 230, 11, 442, -261, -5, 104, 897, 44;
28, 231, 14, 434, -267, 3, 111, 903, 55;
22, 225, 9, 400, -296, -11, 88, 879, 37;
24, 227, 12, 390, -301, -2, 94, 885, 47;
26, 229, 16, 381, -302, 9, 104, 895, 62;
26, 229, 16, 363, -312, 11, 102, 893, 65;
24, 227, 16, 340, -325, 10, 94, 887, 63;
17, 221, 10, 300, -352, -6, 67, 862, 42;
21, 225, 16, 293, -346, 9, 82, 878, 62;
13, 218, 10, 251, -374, -8, 53, 852, 39;
18, 224, 16, 247, -361, 11, 73, 874, 65;
12, 219, 12, 208, -383, -2, 49, 854, 47;
14, 221, 15, 193, -380, 7, 55, 864, 59;
12, 220, 15, 166, -387, 6, 47, 860, 58;
6, 216, 11, 128, -403, -4, 27, 845, 44;
6, 217, 12, 107, -402, 0, 26, 849, 50;
4, 216, 12, 77, -409, -3, 15, 844, 46;
3, 217, 13, 54, -407, 0, 13, 847, 51;
5, 220, 16, 38, -398, 11, 20, 861, 65;
-1, 216, 12, -3, -413, -3, -4, 842, 46;
0, 218, 14, -23, -405, 3, -2, 851, 55;
0, 221, 16, -42, -396, 11, 0, 862, 65;
-6, 216, 11, -84, -409, -3, -24, 844, 46;
-10, 214, 9, -117, -412, -10, -39, 837, 38;
-10, 216, 11, -139, -403, -5, -40, 844, 44;
-6, 222, 16, -148, -381, 11, -25, 867, 65;
-13, 218, 11, -189, -391, -4, -51, 850, 45;
-11, 222, 15, -203, -373, 7, -43, 867, 60;
-15, 220, 12, -236, -374, 0, -59, 859, 50;
-13, 225, 16, -249, -354, 11, -50, 877, 64;
-19, 220, 11, -288, -360, -4, -76, 861, 45;
-18, 224, 14, -304, -343, 2, -72, 874, 54;
-24, 220, 9, -340, -345, -10, -95, 861, 37;
-19, 228, 16, -342, -314, 9, -75, 890, 62;
-23, 226, 12, -373, -312, 0, -93, 883, 50;
-24, 228, 13, -391, -297, 1, -95, 890, 52;
-25, 230, 13, -409, -282, 2, -98, 897, 54;
-24, 233, 15, -422, -263, 7, -97, 908, 60;
-27, 233, 14, -443, -252, 4, -106, 909, 56;
-33, 229, 9, -476, -253, -12, -130, 894, 35;
-28, 237, 15, -472, -217, 7, -110, 925, 60;
-29, 238, 15, -486, -201, 7, -113, 931, 60;
-31, 239, 14, -503, -187, 3, -121, 933, 55;
-30, 242, 15, -510, -165, 8, -118, 946, 62;
-37, 237, 9, -541, -167, -10, -145, 927, 37;
-37, 240, 10, -548, -147, -8, -144, 937, 40;
-34, 245, 13, -546, -118, 2, -133, 957, 53;
-38, 244, 10, -563, -110, -8, -148, 951, 40;
-36, 247, 12, -564, -85, -2, -143, 965, 47;
-37, 249, 12, -569, -67, -2, -144, 972, 47;
-37, 251, 12, -572, -47, -2, -144, 980, 48;
-36, 253, 12, -573, -26, 0, -142, 989, 50;
-40, 252, 9, -584, -17, -10, -156, 983, 37;
-38, 255, 10, -580, 6, -6, -150, 996, 42;
-33, 262, 16, -562, 42, 9, -129, 1024, 63;
-35, 261, 13, -567, 52, 1, -139, 1020, 52;
-32, 266, 16, -554, 81, 10, -126, 1039, 64;
-33, 267, 15, -552, 96, 6, -130, 1042, 59;
-37, 264, 10, -560, 101, -7, -146, 1031, 42;
-30, 272, 16, -533, 138, 12, -120, 1062, 66;
-33, 271, 13, -534, 147, 2, -130, 1057, 53;
-30, 274, 16, -517, 172, 9, -119, 1072, 62;
-33, 272, 12, -518, 177, -2, -131, 1063, 47;
-32, 274, 12, -504, 195, -1, -126, 1071, 49;
-34, 274, 10, -498, 205, -8, -132, 1068, 39;
-32, 276, 11, -480, 224, -5, -124, 1079, 44;
-32, 277, 10, -468, 236, -9, -125, 1080, 39;
-31, 277, 9, -453, 250, -11, -123, 1083, 37;
-24, 284, 15, -417, 282, 6, -97, 1111, 59;
-23, 286, 15, -397, 297, 8, -90, 1118, 61;
-26, 283, 11, -391, 298, -5, -102, 1106, 44;
-24, 285, 11, -369, 312, -3, -95, 1113, 46;
-21, 288, 13, -343, 328, 0, -84, 1123, 51;
-20, 288, 12, -323, 337, -1, -81, 1124, 49;
-21, 287, 10, -307, 342, -7, -83, 1121, 41;
-18, 289, 11, -280, 355, -3, -73, 1129, 46;
-17, 289, 11, -258, 362, -5, -69, 1130, 44;
-17, 289, 10, -236, 367, -8, -67, 1129, 39;
-12, 293, 13, -201, 385, 1, -48, 1145, 53;
-9, 295, 14, -172, 394, 4, -37, 1151, 57;
-9, 294, 13, -149, 397, 1, -35, 1149, 53;
-7, 294, 13, -125, 399, 0, -31, 1149, 50;
-5, 295, 13, -96, 405, 1, -22, 1152, 53;
-1, 298, 15, -63, 415, 8, -6, 1162, 62;
0, 297, 15, -37, 415, 7, -2, 1161, 59;
0, 297, 14, -12, 415, 5, 2, 1160, 58;
0, 294, 11, 4, 405, -4, -3, 1147, 45;
3, 296, 14, 40, 413, 4, 14, 1157, 56;
2, 293, 11, 56, 401, -6, 8, 1144, 43;
6, 295, 13, 90, 405, 1, 23, 1152, 52;
6, 294, 12, 113, 398, -2, 25, 1146, 47;
7, 292, 10, 136, 390, -6, 27, 1140, 42;
8, 291, 10, 160, 383, -8, 31, 1136, 40;
14, 295, 15, 200, 391, 6, 56, 1151, 58;
14, 293, 13, 221, 380, 2, 57, 1144, 53;
13, 289, 10, 236, 363, -7, 51, 1129, 41;
17, 291, 13, 271, 364, 2, 70, 1138, 54;
19, 290, 13, 293, 354, 1, 74, 1133, 52;
22, 291, 15, 322, 349, 7, 87, 1136, 59;
21, 287, 12, 335, 330, -1, 81, 1121, 49;
25, 289, 15, 367, 328, 8, 100, 1130, 62;
25, 287, 14, 383, 311, 4, 99, 1120, 56;
24, 283, 12, 396, 291, -3, 95, 1105, 47;
30, 286, 16, 428, 291, 10, 117, 1117, 64;
26, 280, 11, 432, 262, -4, 103, 1094, 45;
25, 277, 10, 444, 241, -9, 101, 1082, 39;
33, 282, 16, 480, 247, 11, 131, 1102, 65;
29, 276, 11, 481, 216, -3, 116, 1077, 46;
34, 278, 15, 507, 212, 8, 135, 1086, 62;
32, 274, 12, 510, 185, 0, 126, 1068, 50;
36, 275, 16, 532, 178, 9, 142, 1074, 63;
33, 270, 12, 532, 149, -1, 131, 1054, 49;
37, 272, 16, 552, 142, 10, 147, 1062, 63;
31, 263, 9, 540, 103, -10, 123, 1029, 37;
36, 266, 13, 560, 98, 2, 141, 1038, 54;
33, 261, 10, 555, 69, -7, 130, 1019, 41;
37, 263, 14, 571, 61, 3, 145, 1025, 55;
39, 263, 16, 582, 49, 11, 155, 1028, 64;
39, 261, 15, 582, 28, 8, 153, 1018, 62;
34, 253, 10, 565, -8, -8, 132, 989, 40;
36, 254, 12, 572, -19, 0, 142, 992, 50;
38, 255, 15, 579, -30, 7, 151, 995, 60;
35, 250, 12, 565, -59, -2, 138, 975, 48;
32, 245, 9, 552, -87, -10, 126, 957, 37;
32, 244, 10, 549, -103, -8, 128, 953, 40;
38, 248, 15, 560, -105, 9, 148, 968, 62;
34, 243, 13, 543, -131, 0, 135, 951, 51;
37, 245, 16, 544, -139, 11, 146, 957, 64;
31, 238, 11, 517, -173, -5, 123, 930, 44;
35, 241, 16, 521, -176, 9, 139, 942, 63;
33, 238, 14, 504, -197, 5, 131, 931, 58;
27, 231, 9, 472, -231, -11, 105, 903, 36;
27, 231, 11, 463, -241, -6, 109, 904, 43;
25, 228, 9, 441, -263, -11, 98, 891, 36;
28, 231, 13, 437, -265, 0, 109, 901, 51;
26, 229, 13, 418, -280, 0, 104, 895, 51;
22, 225, 10, 389, -303, -9, 87, 878, 39;
26, 229, 15, 386, -300, 6, 103, 894, 59;
25, 228, 15, 367, -310, 9, 100, 891, 62;
22, 225, 14, 340, -327, 3, 88, 880, 55;
18, 222, 11, 311, -346, -3, 73, 867, 46;
22, 226, 16, 302, -342, 10, 85, 881, 64;
17, 222, 13, 271, -359, 2, 70, 868, 54;
11, 217, 9, 232, -382, -11, 46, 847, 36;
16, 222, 15, 226, -371, 7, 63, 867, 60;
10, 217, 10, 187, -392, -7, 39, 847, 41;
13, 222, 16, 178, -381, 10, 54, 866, 63;
9, 219, 13, 145, -394, 2, 38, 854, 54;
9, 220, 15, 124, -393, 8, 38, 860, 61;
3, 215, 10, 82, -411, -6, 13, 840, 42;
5, 218, 14, 66, -403, 3, 20, 852, 55;
0, 214, 10, 28, -416, -7, 0, 838, 41;
-2, 213, 9, -1, -420, -10, -10, 833, 37;
-2, 215, 11, -22, -413, -4, -9, 842, 45;
0, 219, 15, -36, -400, 8, 0, 857, 61;
-7, 214, 9, -81, -416, -9, -30, 835, 38;
-6, 218, 13, -97, -402, 0, -23, 850, 51;
-9, 217, 12, -128, -403, -3, -35, 846, 46;
-9, 218, 13, -150, -394, 0, -36, 853, 51;
-12, 217, 11, -182, -394, -4, -50, 848, 44;
-10, 222, 15, -194, -375, 7, -40, 866, 60;
-14, 220, 12, -228, -376, 0, -57, 858, 50;
-14, 223, 14, -246, -362, 5, -55, 870, 58;
-18, 221, 12, -278, -360, -1, -70, 863, 48;
-16, 225, 15, -290, -340, 9, -63, 880, 62;
-16, 227, 16, -310, -326, 12, -65, 888, 66;
-22, 225, 13, -344, -327, 0, -85, 877, 50;
-22, 227, 14, -362, -312, 3, -86, 886, 55;
-27, 224, 10, -394, -311, -8, -106, 875, 40;
-29, 225, 9, -415, -299, -9, -113, 879, 38;
-25, 231, 14, -420, -272, 3, -101, 901, 55;
-28, 231, 12, -442, -261, 0, -110, 901, 50;
-29, 232, 12, -459, -246, 0, -115, 907, 50;
-33, 231, 10, -483, -239, -8, -129, 902, 39;
-27, 239, 16, -477, -202, 11, -107, 934, 65;
-35, 234, 9, -513, -208, -10, -138, 913, 37;
-32, 239, 13, -513, -178, 1, -126, 934, 52;
-36, 237, 10, -535, -171, -9, -142, 927, 39;
-38, 238, 9, -548, -156, -11, -148, 931, 36;
-34, 244, 13, -543, -124, 1, -133, 955, 53;
-37, 244, 11, -559, -114, -6, -145, 951, 43;
-36, 246, 11, -563, -93, -3, -143, 962, 46;
-37, 248, 11, -569, -74, -4, -145, 968, 45;
-35, 252, 13, -566, -48, 2, -138, 984, 54;
-36, 253, 13, -571, -31, 0, -142, 988, 51;
-39, 252, 10, -582, -22, -9, -154, 983, 39;
-38, 254, 11, -580, 0, -6, -150, 994, 43;
-34, 260, 14, -567, 30, 5, -136, 1015, 57;
-35, 261, 13, -567, 47, 2, -138, 1019, 53;
-34, 264, 14, -561, 69, 5, -134, 1030, 57;
-35, 264, 13, -559, 84, 1, -137, 1033, 53;
-38, 263, 10, -564, 92, -8, -149, 1026, 39;
-32, 270, 15, -539, 129, 8, -125, 1055, 61;
-35, 268, 11, -543, 134, -3, -139, 1047, 46;
-35, 269, 11, -535, 151, -5, -138, 1051, 43;
-31, 275, 14, -513, 180, 6, -121, 1072, 58;
-32, 274, 13, -507, 191, 0, -126, 1071, 51;
-33, 274, 11, -498, 203, -5, -129, 1071, 44;
-30, 277, 12, -480, 223, -1, -120, 1082, 49;
-30, 278, 11, -467, 237, -3, -120, 1085, 46;
-25, 283, 15, -439, 264, 8, -101, 1105, 61;
-28, 281, 11, -434, 267, -3, -111, 1096, 46;
-27, 282, 11, -416, 280, -4, -108, 1100, 45;
-28, 281, 9, -404, 286, -11, -112, 1096, 36;
-19, 290, 16, -360, 323, 11, -77, 1131, 65;
-26, 283, 9, -362, 312, -11, -101, 1106, 36;
-19, 289, 14, -326, 339, 3, -77, 1129, 55;
-20, 288, 12, -310, 342, -3, -80, 1125, 47;
-21, 287, 9, -294, 345, -10, -83, 1120, 38;
-13, 294, 16, -249, 376, 11, -50, 1150, 64;
-16, 290, 11, -240, 369, -3, -63, 1134, 46;
-14, 291, 11, -214, 377, -3, -57, 1137, 46;
-12, 292, 12, -188, 385, -2, -49, 1141, 47;
-8, 296, 15, -153, 399, 6, -31, 1154, 58;
-8, 294, 13, -133, 398, 0, -33, 1148, 50;
-3, 298, 16, -97, 412, 10, -14, 1162, 63;
-6, 293, 11, -85, 401, -4, -25, 1145, 45;
-4, 294, 12, -56, 405, -2, -16, 1148, 47;
-4, 292, 9, -36, 399, -9, -18, 1140, 38;
3, 298, 16, 10, 420, 10, 13, 1165, 64;
4, 298, 15, 36, 418, 9, 18, 1164, 62;
4, 296, 13, 56, 410, 2, 16, 1155, 53;
7, 297, 15, 89, 413, 8, 30, 1161, 61;
9, 297, 15, 115, 410, 7, 36, 1159, 60;
8, 294, 13, 134, 399, 0, 34, 1149, 51;
6, 290, 9, 149, 383, -10, 26, 1133, 37;
14, 296, 15, 194, 396, 8, 57, 1155, 62;
15, 294, 14, 216, 386, 5, 58, 1148, 57;
18, 295, 16, 246, 383, 10, 71, 1151, 63;
19, 294, 15, 269, 373, 8, 75, 1147, 61;
19, 291, 14, 288, 360, 4, 76, 1138, 56;
17, 287, 10, 299, 338, -7, 66, 1119, 41;
20, 288, 12, 328, 334, 0, 80, 1123, 49;
26, 291, 16, 363, 335, 12, 102, 1135, 65;
21, 284, 10, 365, 304, -6, 84, 1107, 42;
24, 284, 12, 389, 295, -2, 94, 1107, 47;
23, 281, 10, 404, 277, -7, 93, 1097, 41;
26, 281, 11, 426, 267, -3, 102, 1096, 46;
30, 282, 14, 452, 261, 4, 117, 1101, 57;
30, 279, 13, 465, 242, 1, 117, 1091, 52;
27, 274, 9, 468, 214, -10, 105, 1070, 37;
34, 279, 16, 504, 218, 10, 135, 1090, 63;
33, 276, 14, 511, 196, 4, 132, 1077, 56;
31, 271, 11, 513, 169, -5, 122, 1058, 44;
34, 272, 14, 533, 160, 3, 136, 1062, 55;
33, 268, 11, 535, 134, -4, 128, 1046, 45;
37, 270, 16, 557, 129, 9, 148, 1056, 62;
32, 263, 10, 546, 93, -8, 127, 1027, 39;
38, 267, 15, 570, 91, 8, 150, 1041, 61;
36, 263, 13, 569, 66, 2, 143, 1026, 53;
35, 259, 12, 567, 41, -3, 138, 1013, 47;
37, 260, 14, 576, 29, 3, 147, 1014, 55;
34, 255, 11, 567, 0, -6, 135, 994, 43;
35, 254, 12, 571, -15, -2, 139, 992, 47;
35, 252, 12, 569, -34, -2, 139, 985, 48;
36, 251, 12, 568, -52, 0, 140, 979, 49;
34, 248, 11, 561, -74, -3, 135, 968, 46;
36, 248, 13, 561, -87, 1, 141, 968, 53;
33, 244, 11, 547, -114, -6, 130, 952, 43;
36, 246, 14, 551, -120, 5, 143, 960, 58;
33, 241, 11, 533, -148, -3, 129, 941, 46;
34, 241, 14, 529, -159, 3, 134, 943, 54;
32, 238, 12, 513, -182, -1, 125, 930, 48;
34, 239, 15, 509, -190, 6, 133, 934, 59;
29, 234, 11, 483, -219, -5, 114, 913, 44;
29, 233, 12, 472, -232, -1, 115, 911, 48;
29, 233, 13, 461, -243, 2, 116, 911, 53;
31, 234, 16, 451, -251, 9, 121, 914, 62;
25, 228, 11, 418, -281, -6, 98, 889, 43;
26, 229, 14, 408, -286, 3, 104, 895, 55;
26, 229, 15, 392, -296, 6, 104, 895, 59;
21, 224, 10, 359, -322, -6, 82, 873, 42;
21, 224, 12, 343, -329, -1, 83, 875, 49;
17, 220, 9, 312, -348, -9, 68, 861, 38;
20, 224, 14, 305, -343, 5, 81, 876, 58;
16, 220, 11, 271, -363, -4, 63, 860, 45;
15, 220, 12, 249, -371, -3, 58, 858, 47;
18, 224, 16, 239, -364, 11, 71, 874, 65;
16, 223, 16, 214, -372, 11, 64, 871, 65;
8, 216, 10, 168, -398, -8, 33, 843, 40;
13, 222, 16, 162, -384, 10, 51, 866, 64;
5, 215, 10, 116, -408, -8, 20, 840, 40;
8, 219, 15, 105, -397, 6, 32, 857, 59;
6, 219, 15, 78, -399, 6, 26, 856, 59;
4, 218, 14, 49, -403, 4, 17, 853, 56;
3, 219, 15, 26, -401, 8, 15, 857, 61;
0, 217, 13, -8, -409, 0, -1, 847, 51;
-4, 215, 11, -41, -414, -5, -15, 840, 44;
-6, 214, 10, -72, -416, -9, -27, 836, 39;
-4, 218, 13, -87, -402, 2, -19, 851, 53;
-9, 216, 11, -121, -406, -5, -35, 844, 44;
-8, 218, 13, -141, -395, 1, -33, 853, 52;
-9, 220, 14, -165, -388, 3, -37, 858, 55;
-11, 220, 13, -192, -383, 2, -45, 858, 53;
-12, 221, 14, -215, -374, 3, -49, 863, 55;
-14, 222, 14, -240, -366, 3, -55, 866, 55;
-13, 225, 16, -256, -350, 11, -52, 879, 65;
-15, 225, 16, -282, -343, 9, -60, 880, 62;
-19, 224, 13, -313, -341, 1, -76, 874, 52;
-21, 224, 13, -337, -331, 0, -84, 876, 50;
-20, 228, 15, -350, -311, 8, -79, 890, 61;
-27, 223, 9, -390, -318, -10, -107, 871, 37;
-23, 230, 15, -392, -287, 6, -90, 898, 59;
-25, 230, 14, -415, -277, 3, -100, 899, 54;
-24, 233, 15, -427, -257, 8, -97, 911, 61;
-26, 235, 15, -444, -242, 8, -101, 917, 62;
-28, 234, 14, -465, -232, 3, -112, 916, 55;
-29, 236, 14, -481, -216, 3, -116, 922, 55;
-30, 238, 14, -494, -198, 4, -118, 929, 56;
-32, 239, 13, -509, -184, 1, -125, 932, 53;
-36, 237, 9, -533, -178, -10, -142, 924, 38;
-33, 242, 14, -530, -147, 2, -129, 947, 54;
-37, 240, 10, -551, -141, -8, -145, 939, 40;
-33, 246, 14, -546, -109, 4, -131, 962, 56;
-35, 247, 13, -556, -94, 1, -137, 966, 52;
-38, 246, 10, -570, -84, -7, -149, 962, 41;
-39, 247, 9, -579, -69, -11, -155, 964, 36;
-34, 254, 14, -566, -33, 4, -135, 991, 57;
-36, 254, 12, -573, -19, 0, -142, 992, 50;
-36, 256, 13, -571, 1, 1, -140, 1002, 53;
-35, 259, 14, -568, 23, 4, -137, 1012, 56;
-33, 263, 16, -561, 47, 9, -130, 1025, 62;
-39, 258, 9, -578, 47, -10, -154, 1008, 37;
-34, 265, 14, -557, 82, 5, -133, 1035, 58;
-32, 268, 15, -548, 104, 9, -127, 1047, 62;
-32, 270, 15, -541, 123, 9, -125, 1053, 62;
-35, 267, 11, -546, 128, -3, -139, 1044, 46;
-35, 269, 12, -536, 147, -3, -136, 1052, 46;
-30, 275, 16, -512, 179, 10, -117, 1075, 63;
-33, 273, 12, -513, 183, -2, -130, 1066, 47;
-31, 276, 13, -496, 205, 2, -121, 1078, 53;
-31, 276, 12, -485, 218, -1, -122, 1080, 49;
-26, 282, 16, -457, 247, 11, -102, 1102, 65;
-31, 278, 10, -461, 243, -7, -122, 1084, 41;
-26, 282, 14, -432, 269, 3, -104, 1103, 55;
-23, 286, 15, -409, 289, 8, -93, 1115, 61;
-24, 285, 14, -396, 297, 3, -95, 1113, 54;
-20, 289, 16, -367, 319, 12, -79, 1129, 66;
-19, 290, 16, -348, 330, 10, -75, 1132, 64;
-21, 288, 13, -336, 332, 0, -83, 1124, 51;
-19, 290, 14, -311, 345, 3, -74, 1131, 54;
-15, 293, 16, -281, 363, 10, -59, 1144, 64;
-13, 294, 16, -257, 372, 10, -53, 1148, 64;
-18, 288, 9, -254, 360, -9, -73, 1126, 38;
-14, 292, 12, -220, 377, -1, -56, 1139, 49;
-9, 296, 16, -184, 395, 9, -36, 1155, 62;
-12, 292, 11, -172, 387, -4, -47, 1141, 45;
-9, 293, 12, -144, 395, -1, -37, 1145, 48;
-3, 298, 16, -105, 412, 11, -15, 1163, 64;
-4, 296, 14, -84, 409, 5, -15, 1157, 57;
-1, 298, 15, -53, 416, 9, -4, 1163, 62;
-2, 295, 13, -35, 409, 0, -7, 1153, 51;
2, 298, 15, 0, 417, 8, 7, 1163, 61;
-1, 292, 10, 9, 401, -8, -5, 1142, 40;
5, 297, 15, 51, 415, 6, 19, 1160, 59;
1, 292, 10, 63, 398, -8, 7, 1141, 40;
7, 296, 14, 102, 408, 4, 29, 1155, 56;
10, 297, 16, 134, 409, 9, 42, 1160, 62;
11, 296, 15, 157, 401, 6, 45, 1155, 59;
12, 295, 14, 182, 394, 5, 50, 1151, 57;
16, 296, 16, 213, 393, 10, 63, 1155, 63;
17, 295, 16, 238, 386, 10, 69, 1153, 63;
14, 290, 11, 248, 364, -3, 58, 1132, 46;
14, 287, 9, 265, 347, -11, 54, 1120, 37;
22, 292, 16, 308, 358, 9, 86, 1141, 62;
20, 288, 12, 321, 338, 0, 79, 1125, 50;
21, 287, 12, 343, 326, -1, 84, 1120, 49;
20, 284, 10, 358, 308, -7, 81, 1108, 41;
23, 284, 12, 383, 300, -3, 92, 1109, 47;
27, 285, 14, 411, 295, 5, 107, 1115, 57;
26, 282, 12, 423, 274, -1, 104, 1101, 49;
30, 283, 15, 448, 267, 6, 117, 1105, 58;
26, 277, 10, 449, 236, -9, 102, 1080, 39;
30, 279, 13, 476, 232, 2, 120, 1088, 53;
28, 274, 10, 480, 205, -8, 110, 1068, 39;
34, 278, 15, 511, 206, 8, 136, 1084, 61;
34, 274, 14, 519, 184, 3, 132, 1071, 55;
32, 270, 11, 522, 158, -3, 126, 1055, 46;
34, 270, 13, 537, 146, 1, 134, 1055, 52;
30, 264, 9, 533, 114, -11, 120, 1032, 36;
32, 263, 9, 543, 97, -10, 124, 1027, 38;
35, 264, 12, 558, 88, -1, 137, 1031, 49;
35, 262, 12, 563, 68, -1, 138, 1024, 49;
37, 262, 14, 574, 56, 5, 148, 1025, 57;
39, 262, 16, 581, 41, 9, 154, 1023, 62;
35, 256, 11, 568, 8, -4, 136, 999, 45;
35, 254, 11, 570, -9, -3, 138, 993, 46;
38, 255, 14, 578, -19, 5, 149, 997, 58;
37, 253, 14, 574, -40, 4, 147, 988, 56;
39, 253, 16, 577, -53, 10, 154, 989, 64;
34, 247, 11, 558, -86, -3, 135, 964, 46;
32, 243, 10, 546, -111, -9, 126, 950, 39;
32, 242, 11, 541, -126, -6, 128, 947, 42;
30, 239, 9, 528, -150, -11, 119, 933, 36;
36, 244, 15, 538, -148, 8, 142, 952, 61;
30, 237, 10, 510, -182, -8, 118, 924, 40;
31, 237, 12, 505, -193, -1, 123, 926, 48;
35, 240, 16, 505, -197, 11, 137, 936, 65;
33, 237, 15, 488, -216, 8, 129, 926, 61;
32, 235, 15, 471, -233, 7, 124, 919, 60;
26, 230, 11, 442, -261, -5, 104, 897, 43;
26, 229, 12, 428, -272, -1, 104, 896, 48;
22, 225, 9, 399, -297, -12, 87, 878, 35;
25, 228, 14, 395, -295, 2, 101, 892, 54;
21, 224, 10, 365, -318, -6, 84, 875, 42;
22, 225, 13, 353, -322, 1, 89, 881, 53;
24, 228, 16, 341, -323, 11, 96, 889, 65;
18, 221, 11, 302, -351, -5, 70, 864, 44;
14, 218, 9, 272, -367, -11, 55, 852, 36;
16, 221, 12, 260, -365, 0, 64, 863, 50;
13, 219, 12, 232, -376, -3, 54, 856, 46;
16, 222, 15, 219, -372, 8, 62, 867, 61;
15, 222, 16, 196, -377, 10, 59, 868, 64;
11, 219, 14, 163, -390, 3, 43, 856, 54;
6, 216, 11, 128, -404, -5, 26, 844, 43;
6, 217, 12, 105, -404, -1, 24, 847, 48;
3, 216, 11, 76, -410, -4, 14, 842, 45;
0, 213, 9, 43, -418, -10, 0, 834, 37;
3, 218, 14, 32, -403, 5, 13, 854, 57;
3, 220, 16, 9, -399, 9, 12, 859, 63;
-1, 217, 13, -25, -407, 1, -4, 849, 53;
0, 220, 16, -43, -397, 10, 0, 860, 63;
-1, 220, 16, -70, -395, 10, -7, 861, 63;
-5, 219, 14, -103, -398, 4, -21, 855, 56;
-7, 219, 13, -131, -395, 2, -29, 854, 54;
-6, 222, 16, -148, -382, 11, -25, 867, 64;
-9, 221, 15, -178, -380, 7, -36, 864, 60;
-11, 222, 15, -203, -373, 7, -43, 867, 60;
-16, 219, 11, -240, -377, -4, -63, 855, 45;
-20, 217, 9, -272, -376, -11, -79, 849, 36;
-17, 222, 13, -282, -354, 1, -68, 869, 53;
-19, 222, 12, -308, -347, -1, -77, 869, 49;
-22, 222, 11, -335, -341, -5, -89, 867, 43;
-26, 221, 9, -362, -335, -11, -101, 865, 36;
-21, 228, 15, -366, -305, 6, -84, 891, 59;
-27, 225, 11, -398, -304, -6, -105, 880, 43;
-23, 232, 16, -402, -275, 9, -90, 905, 62;
-26, 231, 14, -426, -267, 3, -102, 903, 55;
-29, 230, 11, -451, -259, -3, -115, 900, 46;
-26, 236, 16, -453, -230, 10, -102, 923, 64;
-27, 237, 15, -470, -216, 8, -108, 926, 61;
-35, 232, 9, -505, -220, -11, -137, 907, 36;
-33, 236, 11, -511, -196, -4, -131, 922, 45;
-36, 236, 9, -529, -185, -10, -142, 921, 37;
-35, 239, 11, -535, -162, -5, -138, 934, 43;
-37, 239, 9, -550, -149, -11, -147, 934, 37;
-36, 243, 11, -554, -126, -5, -143, 947, 43;
-38, 243, 10, -564, -110, -8, -149, 951, 40;
-34, 249, 14, -557, -78, 4, -134, 974, 56;
-38, 247, 10, -574, -71, -7, -150, 966, 41;
-39, 249, 10, -579, -53, -8, -152, 972, 39;
-39, 250, 10, -582, -35, -9, -154, 978, 39;
-34, 258, 15, -566, 1, 7, -133, 1007, 60;
-40, 254, 9, -584, 1, -11, -156, 990, 36;
-36, 259, 12, -573, 30, -1, -144, 1010, 49;
-36, 260, 12, -570, 49, -1, -143, 1017, 48;
-35, 263, 13, -564, 71, 0, -139, 1027, 52;
-33, 267, 15, -553, 96, 6, -131, 1041, 59;
-34, 267, 13, -552, 109, 1, -136, 1041, 52;
-33, 270, 14, -540, 131, 5, -129, 1053, 57;
-33, 271, 14, -533, 148, 3, -129, 1058, 55;
-32, 273, 14, -521, 167, 4, -124, 1066, 57;
-31, 275, 14, -510, 184, 4, -122, 1072, 56;
-32, 275, 12, -503, 197, 0, -125, 1073, 50;
-31, 276, 12, -490, 212, -1, -123, 1078, 49;
-30, 278, 13, -474, 230, 0, -117, 1086, 51;
-30, 278, 11, -462, 242, -4, -119, 1086, 45;
-27, 282, 13, -439, 264, 2, -106, 1101, 54;
-25, 284, 14, -419, 281, 5, -98, 1109, 57;
-22, 287, 16, -394, 300, 11, -87, 1121, 64;
-27, 282, 10, -394, 295, -8, -106, 1103, 40;
-26, 283, 9, -376, 304, -10, -104, 1104, 37;
-24, 285, 10, -351, 321, -6, -93, 1114, 42;
-16, 292, 16, -310, 350, 11, -65, 1141, 65;
-17, 291, 14, -294, 354, 5, -68, 1136, 57;
-21, 287, 9, -287, 348, -10, -82, 1120, 37;
-12, 295, 16, -240, 380, 12, -47, 1152, 66;
-13, 292, 13, -226, 377, 1, -54, 1142, 53;
-12, 293, 13, -202, 383, 0, -50, 1143, 51;
-9, 295, 14, -171, 395, 5, -37, 1152, 58;
-5, 297, 16, -139, 406, 11, -23, 1161, 65;
-8, 293, 12, -127, 397, -2, -33, 1146, 48;
-9, 291, 9, -108, 393, -10, -37, 1137, 38;
-5, 294, 12, -74, 404, -2, -20, 1148, 47;
-2, 295, 13, -44, 408, 0, -10, 1152, 51;
-4, 292, 9, -28, 399, -10, -17, 1139, 37;
1, 296, 13, 10, 411, 1, 4, 1154, 52;
3, 296, 14, 40, 413, 4, 14, 1157, 56;
3, 295, 12, 62, 406, 0, 14, 1151, 50;
5, 294, 12, 89, 404, 0, 21, 1150, 50;
8, 295, 13, 118, 403, 2, 31, 1152, 53;
8, 294, 12, 141, 396, 0, 34, 1147, 50;
8, 291, 11, 162, 385, -6, 34, 1138, 43;
10, 291, 11, 189, 380, -4, 42, 1137, 44;
12, 290, 11, 214, 373, -5, 47, 1134, 44;
14, 291, 12, 241, 368, -2, 57, 1135, 47;
14, 288, 10, 259, 353, -8, 55, 1124, 40;
17, 288, 11, 288, 348, -4, 67, 1126, 45;
18, 287, 11, 310, 337, -5, 72, 1121, 44;
19, 285, 10, 329, 323, -7, 74, 1114, 41;
26, 290, 16, 370, 331, 11, 103, 1133, 65;
20, 282, 9, 368, 296, -11, 80, 1100, 37;
29, 288, 16, 411, 306, 11, 113, 1124, 65;
23, 280, 9, 408, 270, -10, 91, 1092, 38;
27, 281, 12, 434, 264, -2, 106, 1096, 48;
27, 279, 12, 450, 248, -3, 108, 1089, 47;
27, 276, 10, 460, 227, -8, 106, 1077, 40;
34, 281, 16, 496, 231, 11, 134, 1096, 65;
34, 278, 15, 507, 211, 8, 134, 1086, 61;
35, 277, 16, 521, 195, 9, 139, 1081, 63;
32, 272, 12, 521, 166, -1, 127, 1060, 48;
36, 273, 15, 541, 159, 8, 143, 1066, 61;
32, 266, 10, 535, 125, -7, 126, 1040, 42;
32, 265, 10, 544, 107, -6, 128, 1034, 42;
32, 262, 9, 547, 85, -10, 125, 1022, 37;
39, 267, 16, 574, 87, 11, 154, 1042, 64;
33, 258, 10, 558, 48, -9, 129, 1009, 39;
34, 258, 11, 565, 32, -6, 134, 1006, 43;
35, 256, 11, 568, 14, -4, 137, 1001, 45;
32, 252, 9, 561, -11, -11, 127, 985, 36;
35, 253, 11, 568, -23, -4, 136, 986, 45;
35, 251, 12, 567, -41, -3, 137, 981, 46;
37, 252, 14, 571, -53, 3, 146, 983, 55;
36, 249, 13, 565, -74, 1, 142, 973, 53;
34, 246, 11, 554, -99, -3, 134, 960, 46;
37, 247, 15, 557, -107, 6, 145, 965, 59;
36, 245, 14, 547, -127, 5, 141, 956, 57;
34, 242, 13, 535, -149, 1, 134, 946, 53;
36, 243, 15, 532, -159, 9, 141, 948, 62;
36, 242, 16, 523, -174, 12, 142, 945, 65;
30, 235, 11, 494, -207, -4, 118, 918, 45;
29, 233, 11, 479, -224, -4, 114, 911, 44;
28, 232, 11, 465, -239, -3, 112, 907, 46;
27, 231, 11, 449, -255, -3, 107, 901, 46;
28, 231, 13, 439, -263, 2, 112, 904, 54;
25, 228, 11, 413, -285, -4, 98, 889, 45;
26, 229, 14, 403, -290, 3, 104, 895, 55;
24, 227, 13, 381, -305, 1, 96, 887, 53;
23, 226, 13, 359, -318, 0, 90, 881, 52;
20, 223, 12, 335, -333, -2, 81, 873, 48;
18, 222, 11, 310, -346, -4, 73, 867, 45;
16, 220, 10, 285, -359, -6, 63, 859, 42;
18, 223, 14, 273, -357, 4, 72, 870, 57;
13, 218, 10, 237, -377, -7, 51, 852, 42;
13, 219, 12, 218, -379, -1, 53, 857, 49;
8, 216, 9, 183, -396, -10, 34, 842, 37;
12, 221, 15, 175, -384, 6, 50, 862, 59;
11, 220, 15, 149, -390, 6, 43, 860, 59;
10, 221, 16, 126, -391, 9, 40, 862, 63;
5, 217, 13, 89, -404, 0, 22, 848, 50;
1, 214, 10, 54, -416, -8, 4, 837, 40;
-1, 213, 9, 24, -420, -11, -4, 833, 37;
-1, 214, 10, 1, -417, -7, -7, 837, 41;
-2, 215, 11, -23, -414, -4, -10, 840, 44;
-1, 218, 14, -40, -403, 4, -5, 853, 57;
-8, 213, 9, -83, -418, -11, -32, 833, 36;
-4, 219, 14, -93, -398, 4, -18, 855, 56;
-4, 221, 16, -114, -389, 10, -17, 864, 64;
-10, 217, 12, -153, -397, -2, -40, 849, 47;
-8, 221, 15, -169, -381, 8, -33, 864, 61;
-9, 223, 16, -191, -372, 11, -36, 870, 64;
-12, 222, 14, -222, -370, 5, -50, 866, 57;
-12, 224, 16, -240, -356, 11, -48, 877, 65;
-21, 218, 9, -287, -369, -10, -82, 852, 37;
-15, 226, 16, -288, -338, 11, -60, 883, 64;
-22, 221, 10, -329, -346, -7, -88, 864, 42;
-18, 228, 16, -334, -317, 10, -73, 890, 63;
-21, 227, 14, -360, -310, 5, -84, 888, 57;
-21, 230, 16, -376, -293, 10, -83, 899, 63;
-27, 226, 11, -411, -296, -6, -108, 884, 43;
-25, 231, 14, -419, -270, 5, -99, 903, 57;
-30, 229, 11, -447, -266, -5, -117, 895, 43;
-29, 232, 12, -460, -247, -1, -115, 906, 49;
-32, 232, 10, -481, -237, -6, -126, 905, 42;
-29, 237, 14, -484, -208, 5, -115, 926, 57;
-32, 236, 12, -505, -200, -2, -128, 922, 47;
-30, 241, 15, -507, -172, 7, -119, 941, 60;
-33, 240, 12, -527, -163, 0, -132, 938, 49;
-36, 240, 11, -542, -150, -5, -140, 938, 43;
-31, 247, 16, -535, -116, 10, -122, 965, 63;
-31, 249, 16, -541, -96, 12, -122, 974, 65;
-35, 247, 12, -560, -90, 0, -140, 965, 49;
-39, 246, 9, -576, -81, -11, -154, 960, 37;
-36, 251, 12, -569, -51, 0, -142, 980, 50;
-39, 250, 10, -580, -40, -8, -153, 977, 40;
-37, 253, 11, -577, -16, -4, -147, 990, 45;
-34, 259, 15, -566, 13, 7, -133, 1011, 60;
-36, 258, 12, -573, 24, 0, -143, 1008, 49;
-38, 258, 11, -576, 38, -6, -149, 1008, 43;
-38, 260, 10, -573, 57, -6, -149, 1015, 42;
-38, 261, 10, -570, 74, -8, -150, 1020, 40;
-38, 263, 10, -563, 93, -8, -148, 1028, 40;
-33, 269, 14, -544, 124, 3, -131, 1049, 55;
-36, 267, 11, -545, 133, -5, -141, 1044, 44;
-35, 269, 10, -536, 150, -6, -140, 1050, 42;
-36, 269, 9, -530, 163, -11, -143, 1051, 36;
-30, 276, 15, -500, 198, 6, -118, 1079, 58;
-33, 274, 11, -498, 203, -4, -128, 1071, 45;
-30, 277, 12, -480, 224, 0, -120, 1082, 49;
-29, 280, 13, -462, 242, 1, -113, 1092, 53;
-29, 279, 11, -451, 252, -3, -115, 1091, 46;
-27, 282, 13, -429, 271, 0, -106, 1101, 51;
-27, 282, 12, -415, 281, -3, -106, 1102, 46;
-27, 282, 10, -399, 291, -6, -106, 1102, 42;
-22, 287, 13, -370, 314, 2, -89, 1119, 54;
-25, 284, 9, -362, 313, -10, -100, 1107, 38;
-23, 286, 10, -337, 327, -7, -91, 1115, 41;
-19, 289, 13, -306, 347, 1, -74, 1130, 52;
-15, 293, 15, -275, 364, 8, -59, 1143, 61;
-13, 294, 16, -249, 376, 10, -51, 1149, 64;
-12, 295, 16, -226, 383, 9, -46, 1151, 62;
-16, 289, 9, -221, 371, -9, -64, 1129, 38;
-15, 289, 9, -197, 375, -12, -61, 1129, 35;
-7, 296, 15, -152, 400, 7, -30, 1155, 59;
-7, 295, 13, -131, 400, 2, -30, 1151, 53;
-10, 291, 9, -118, 391, -11, -40, 1136, 37;
-3, 296, 14, -77, 409, 3, -15, 1156, 55;
-5, 293, 10, -61, 400, -7, -22, 1143, 41;
1, 298, 15, -17, 418, 9, 4, 1164, 62;
2, 13, 2, 4368, 5200, 2394, 11, 53, 10;
3, 25, 12, 3279, 2759, 1606, 15, 98, 49;
20, 7, 8, 4285, 2306, 1509, 78, 29, 33;
3, 14, 6, 2365, 4950, 1304, 14, 56, 26;
12, 31, 10, 1699, 1812, 1276, 49, 120, 39;
13, 0, 4, 3994, 5133, 2317, 52, 2, 17;
8, 18, 8, 1521, 5054, 2549, 33, 72, 32;
8, 15, 12, 3405, 1854, 2358, 34, 60, 46;
7, 9, 1, 3299, 2821, 2875, 29, 36, 6;
5, 25, 7, 1831, 4685, 1848, 19, 100, 29;
6, 15, 9, 4373, 4964, 2576, 27, 62, 36;
19, 14, 8, 2942, 2501, 1107, 77, 54, 33;
20, 20, 1, 3611, 3746, 1371, 80, 81, 7;
8, 10, 3, 3401, 4664, 2339, 34, 42, 14;
10, 25, 0, 2387, 3775, 2229, 40, 99, 1;
8, 2, 11, 1830, 2955, 1702, 32, 11, 44;
15, 0, 8, 2747, 3570, 1310, 58, 0, 33;
9, 5, 6, 3323, 3777, 1342, 37, 22, 24;
12, 22, 2, 3271, 4473, 1407, 47, 89, 10;
11, 1, 0, 1584, 3930, 1551, 43, 4, 1;
11, 4, 5, 3362, 2361, 2527, 46, 17, 23;
5, 28, 9, 1611, 5285, 2219, 22, 111, 37;
2, 3, 7, 1804, 4783, 1339, 8, 12, 28;
2, 16, 8, 4187, 4248, 1100, 9, 62, 31;
1, 24, 0, 2748, 4561, 2686, 4, 93, 1;
1, 6, 9, 1618, 3615, 1746, 4, 24, 38;
9, 29, 9, 1901, 3068, 2897, 36, 113, 35;
4, 14, 1, 1502, 4101, 1007, 16, 56, 5;
19, 28, 3, 3972, 3876, 1555, 75, 110, 15;
2, 26, 4, 2990, 4003, 2222, 9, 103, 16;
16, 7, 11, 2241, 4191, 2563, 62, 27, 45;
15, 7, 10, 2436, 2315, 2805, 62, 28, 40;
14, 21, 8, 4240, 3309, 2153, 55, 85, 34;
19, 22, 6, 3354, 3763, 2219, 77, 86, 26;
15, 6, 4, 4299, 3983, 2947, 59, 26, 16;
12, 6, 12, 3012, 1968, 1779, 48, 24, 49;
9, 19, 3, 1621, 2373, 1544, 37, 75, 13;
0, 17, 2, 1840, 2985, 2149, 0, 68, 11;
18, 0, 9, 3883, 2204, 1620, 73, 3, 35;
18, 6, 4, 2279, 4450, 1636, 70, 25, 18;
6, 3, 6, 3972, 3234, 1784, 25, 13, 24;
12, 17, 6, 3170, 5405, 2780, 50, 67, 26;
8, 25, 10, 2259, 4795, 1155, 32, 101, 42;
12, 3, 1, 2011, 4587, 1803, 48, 13, 4;
18, 18, 8, 2099, 4573, 1450, 73, 71, 31;
12, 0, 12, 3193, 5150, 1442, 48, 0, 49;
19, 20, 0, 3587, 2012, 2669, 74, 80, 3;
15, 22, 9, 1543, 3169, 1292, 61, 87, 36;
13, 12, 4, 2477, 4717, 2631, 51, 50, 17;
18, 20, 12, 3221, 3325, 2557, 71, 78, 47;
1, 8, 1, 3099, 1847, 2922, 4, 31, 4;
15, 15, 12, 3474, 2441, 2498, 61, 62, 49;
10, 10, 4, 3560, 2059, 2060, 40, 40, 17;
10, 13, 11, 2966, 3277, 1017, 40, 51, 43;
14, 2, 3, 3091, 3738, 2706, 58, 10, 13;
20, 18, 6, 3350, 2320, 1062, 80, 70, 25;
11, 17, 0, 2628, 2791, 2681, 46, 66, 2;
4, 18, 6, 2307, 4748, 2573, 15, 71, 24;
8, 19, 4, 2295, 2406, 1003, 31, 74, 15;
12, 12, 1, 2007, 3031, 2806, 47, 50, 5;
3, 12, 9, 4284, 1982, 1041, 14, 47, 35;
5, 10, 2, 3290, 2776, 1276, 20, 42, 8;
2, 22, 2, 2603, 1892, 2868, 9, 85, 10;
5, 2, 12, 2162, 2451, 1116, 22, 11, 48;
14, 5, 8, 3817, 1977, 2437, 57, 22, 34;
14, 12, 2, 2688, 4871, 1941, 56, 49, 9;
14, 18, 11, 3624, 4043, 1477, 57, 73, 44;
14, 20, 2, 3754, 1831, 1422, 55, 79, 10;
18, 11, 12, 1482, 3933, 1106, 70, 44, 47;
16, 6, 7, 3171, 4526, 2260, 64, 24, 30;
18, 19, 2, 3312, 2924, 2152, 71, 77, 11;
8, 19, 3, 3990, 3273, 1669, 34, 74, 13;
2, 15, 7, 3796, 2878, 2230, 10, 62, 27;
20, 21, 1, 2537, 2126, 994, 80, 84, 6;
2, 13, 4, 4375, 3127, 1272, 11, 51, 16;
15, 0, 12, 4287, 5272, 1005, 62, 0, 50;
2, 24, 0, 3901, 1986, 1932, 10, 95, 0;
12, 17, 1, 2794, 2536, 2295, 49, 66, 7;
14, 13, 7, 2806, 3163, 1078, 57, 53, 28;
6, 0, 12, 3222, 2470, 1705, 24, 1, 47;
625, 765, 446, 5221, 4565, 3090, 2437, 2986, 1742;
651, 818, 427, 5027, 4396, 2979, 2539, 3190, 1665;
682, 938, 427, 4829, 4223, 2861, 2661, 3661, 1667;
522, 766, 350, 4659, 4078, 2769, 2036, 2988, 1368;
597, 681, 332, 4464, 3905, 2648, 2329, 2658, 1295;
485, 801, 398, 4280, 3743, 2535, 1892, 3125, 1555;
521, 851, 366, 4145, 3630, 2469, 2033, 3319, 1428;
459, 646, 288, 3984, 3488, 2373, 1792, 2520, 1124;
550, 679, 360, 3802, 3326, 2254, 2145, 2651, 1405;
420, 793, 363, 3659, 3202, 2172, 1638, 3095, 1417;
424, 658, 278, 3527, 3088, 2099, 1655, 2567, 1085;
465, 749, 274, 3384, 2962, 2011, 1816, 2923, 1070;
420, 576, 253, 3232, 2826, 1914, 1638, 2247, 989;
427, 714, 229, 3139, 2749, 1872, 1667, 2785, 894;
346, 674, 277, 2986, 2611, 1769, 1351, 2631, 1081;
319, 633, 273, 2870, 2510, 1701, 1246, 2470, 1067;
397, 539, 255, 2767, 2421, 1643, 1549, 2104, 995;
350, 549, 256, 2659, 2327, 1580, 1365, 2144, 998;
361, 576, 239, 2550, 2231, 1513, 1407, 2248, 934;
283, 603, 227, 2434, 2127, 1437, 1104, 2352, 886;
331, 588, 167, 2349, 2055, 1392, 1292, 2293, 654;
258, 572, 211, 2285, 2002, 1365, 1007, 2231, 824;
317, 478, 180, 2177, 1905, 1293, 1238, 1865, 702;
271, 538, 164, 2075, 1814, 1226, 1059, 2099, 640;
230, 471, 159, 1997, 1746, 1181, 900, 1837, 622;
246, 513, 173, 1940, 1699, 1156, 963, 2001, 677;
211, 496, 150, 1837, 1605, 1084, 824, 1936, 585;
235, 440, 146, 1797, 1574, 1073, 916, 1718, 570;
247, 416, 138, 1696, 1482, 1001, 966, 1623, 539;
219, 494, 152, 1652, 1446, 984, 855, 1930, 594;
219, 474, 119, 1594, 1396, 952, 854, 1851, 464;
209, 399, 113, 1494, 1304, 877, 815, 1558, 441;
175, 452, 139, 1480, 1298, 888, 684, 1765, 543;
180, 407, 113, 1392, 1217, 823, 702, 1590, 441;
196, 409, 114, 1333, 1165, 786, 767, 1597, 446;
169, 421, 93, 1290, 1128, 764, 660, 1645, 364;
151, 405, 98, 1235, 1080, 730, 590, 1580, 383;
146, 417, 100, 1198, 1049, 713, 571, 1626, 391;
143, 428, 113, 1159, 1015, 693, 559, 1669, 444;
139, 404, 98, 1082, 944, 634, 542, 1578, 384;
153, 379, 80, 1035, 902, 604, 600, 1481, 315;
112, 358, 77, 1013, 886, 599, 440, 1399, 301;
121, 350, 89, 996, 874, 599, 474, 1366, 347;
115, 383, 87, 919, 802, 537, 449, 1496, 343;
109, 338, 85, 891, 778, 524, 426, 1320, 334;
94, 359, 80, 842, 734, 490, 368, 1402, 314;
108, 375, 63, 851, 746, 512, 424, 1465, 246;
111, 340, 59, 802, 702, 476, 434, 1328, 232;
85, 366, 74, 771, 675, 458, 333, 1428, 290;
105, 352, 58, 745, 653, 445, 411, 1374, 229;
98, 348, 53, 723, 634, 435, 384, 1359, 207;
80, 344, 56, 659, 573, 382, 313, 1343, 221;
87, 327, 59, 651, 569, 385, 341, 1277, 233;
90, 345, 52, 648, 569, 392, 351, 1347, 205;
84, 333, 59, 604, 528, 358, 331, 1299, 231;
78, 330, 44, 596, 523, 360, 305, 1287, 172;
64, 322, 53, 547, 478, 320, 250, 1256, 207;
79, 333, 51, 560, 493, 342, 310, 1299, 200;
70, 323, 40, 536, 471, 326, 276, 1259, 156;
51, 324, 39, 477, 415, 276, 201, 1266, 155;
55, 308, 39, 470, 411, 277, 215, 1202, 152;
63, 302, 32, 433, 376, 247, 245, 1181, 126;
61, 306, 35, 430, 375, 252, 238, 1196, 139;
61, 302, 37, 424, 371, 252, 238, 1180, 144;
51, 312, 32, 382, 332, 218, 201, 1218, 127;
55, 301, 36, 399, 351, 241, 215, 1174, 141;
46, 296, 30, 384, 338, 232, 180, 1155, 117;
43, 309, 34, 373, 328, 227, 169, 1206, 132;
44, 296, 24, 337, 293, 196, 173, 1155, 95;
39, 288, 20, 311, 270, 177, 155, 1125, 78;
34, 296, 26, 314, 274, 184, 134, 1154, 101;
33, 285, 23, 303, 264, 178, 131, 1113, 92;
36, 292, 25, 290, 253, 170, 143, 1141, 100;
36, 290, 22, 295, 260, 180, 143, 1131, 89;
35, 291, 26, 281, 247, 170, 136, 1137, 103;
28, 291, 16, 238, 205, 132, 112, 1135, 64;
30, 283, 18, 244, 212, 142, 117, 1106, 73;
30, 285, 25, 262, 232, 164, 118, 1113, 100;
28, 276, 20, 224, 195, 130, 110, 1078, 78;
28, 281, 18, 225, 198, 135, 112, 1096, 73;
1, 256, 0, 0, 0, 0, 5, 1000, 3;
1, 256, 0, -1, -1, -1, 4, 999, 2;
1, 256, 0, 0, 0, 0, 4, 999, 2;
1, 256, 0, 0, 0, 0, 5, 1000, 3;
1, 256, 0, 0, 0, 0, 5, 1000, 3;
1, 256, 0, -1, -1, -1, 3, 998, 1;
1, 256, 0, 0, 0, 0, 4, 999, 2;
1, 256, 1, 1, 1, 1, 6, 1001, 4;
1, 256, 0, 0, 0, 0, 5, 1000, 3;
1, 256, 1, 1, 1, 1, 6, 1001, 4;
1, 256, 0, -1, -1, -1, 4, 998, 2;
1, 256, 0, 1, 1, 1, 5, 1000, 3;
1, 256, 0, 0, 0, 0, 5, 1000, 3;
1, 256, 0, 1, 1, 1, 5, 1000, 3;
1, 256, 0, -1, -1, -1, 3, 998, 1;
1, 256, 0, 1, 1, 1, 5, 1000, 3;
1, 256, 0, -1, -1, -1, 3, 998, 1;
1, 256, 0, 0, 0, 0, 5, 1000, 3;
1, 256, 1, 1, 1, 1, 5, 1000, 3;
1, 256, 1, 1, 1, 1, 6, 1001, 4;
1, 256, 0, 0, 0, 0, 4, 999, 2;
1, 256, 0, 0, 0, 0, 4, 999, 2;
1, 256, 1, 1, 1, 1, 6, 1001, 4;
1, 256, 0, 0, 0, 0, 4, 999, 2;
1, 256, 0, 0, 0, 0, 4, 999, 2;
1, 256, 0, 0, 0, 0, 5, 1000, 3;
1, 256, 0, -1, -1, -1, 4, 998, 2;
1, 256, 0, 1, 1, 1, 5, 1000, 3;
1, 256, 0, 0, 0, 0, 5, 1000, 3;
1, 256, 1, 1, 1, 1, 6, 1001, 4;
1, 256, 0, 0, 0, 0, 5, 1000, 3;
1, 256, 0, -1, -1, -1, 4, 999, 2;
1, 256, 0, 1, 1, 1, 5, 1000, 3;
1, 256, 0, 0, 0, 0, 5, 1000, 3;
1, 256, 1, 1, 1, 1, 5, 1000, 3;
1, 256, 0, -1, -1, -1, 4, 999, 2;
1, 256, 0, 0, 0, 0, 4, 999, 2;
1, 256, 1, 1, 1, 1, 5, 1000, 3;
1, 256, 1, 1, 1, 1, 6, 1000, 4;
1, 256, 0, 0, 0, 0, 5, 999, 2;
1, 256, 0, 0, 0, 0, 5, 1000, 3;
1, 256, 0, 0, 0, 0, 5, 999, 2;
1, 256, 0, -1, -1, -1, 4, 999, 2;
1, 256, 1, 1, 1, 1, 6, 1001, 4;
1, 256, 0, 0, 0, 0, 5, 1000, 3;
1, 256, 0, 0, 0, 0, 5, 1000, 3;
1, 256, 0, 0, 0, 0, 5, 1000, 3;
1, 256, 0, 0, 0, 0, 4, 999, 2;
1, 256, 0, -1, -1, -1, 4, 999, 2;
1, 256, 1, 1, 1, 1, 6, 1001, 4;
1, 256, 1, 1, 1, 1, 6, 1000, 3;
1, 256, 0, 0, 0, 0, 5, 1000, 3;
1, 256, 0, 0, 0, 0, 5, 1000, 3;
1, 256, 0, 0, 0, 0, 4, 999, 2;
1, 256, 0, 0, 0, 0, 4, 999, 2;
1, 256, 0, 0, 0, 0, 4, 999, 2;
1, 256, 0, 0, 0, 0, 5, 1000, 3;
1, 256, 0, 0, 0, 0, 4, 999, 2;
1, 256, 0, -1, -1, -1, 4, 999, 2;
1, 256, 0, -1, -1, -1, 3, 998, 1;
1, 256, 0, -1, -1, -1, 4, 999, 2;
1, 256, 0, -1, -1, -1, 4, 999, 2;
1, 256, 0, 0, 0, 0, 4, 999, 2;
1, 256, 0, 0, 0, 0, 4, 999, 2;
1, 256, 0, 0, 0, 0, 4, 999, 2;
1, 256, 0, -1, -1, -1, 4, 999, 2;
1, 256, 0, 0, 0, 0, 4, 999, 2;
1, 256, 0, 0, 0, 0, 4, 999, 2;
1, 256, 0, -1, -1, -1, 4, 998, 2;
1, 256, 0, -1, -1, -1, 3, 998, 1;
1, 256, 0, 0, 0, 0, 5, 1000, 3;
1, 256, 0, -1, -1, -1, 4, 999, 2;
1, 256, 0, 1, 1, 1, 5, 1000, 3;
1, 256, 0, 0, 0, 0, 4, 999, 2;
1, 256, 0, -1, -1, -1, 4, 999, 2;
1, 256, 0, 1, 1, 1, 5, 1000, 3;
1, 256, 1, 1, 1, 1, 5, 1000, 3;
1, 256, 0, -1, -1, -1, 4, 999, 2;
1, 256, 0, -1, -1, -1, 4, 999, 2;
1, 256, 0, 0, 0, 0, 5, 1000, 3;
1, 256, 0, -1, -1, -1, 4, 999, 2;
1, 256, 0, 0, 0, 0, 5, 1000, 3;
1, 256, 0, 0, 0, 0, 5, 1000, 3;
1, 256, 1, 1, 1, 1, 6, 1001, 4;
1, 256, 0, 0, 0, 0, 4, 999, 2;
1, 256, 0, 0, 0, 0, 5, 1000, 3;
1, 256, 0, 1, 1, 1, 5, 1000, 3;
1, 256, 0, 0, 0, 0, 5, 999, 3;
1, 256, 0, 0, 0, 0, 4, 999, 2;
1, 256, 0, 0, 0, 0, 4, 999, 2;
1, 256, 0, 1, 1, 1, 5, 1000, 3;
1, 256, 1, 1, 1, 1, 6, 1001, 4;
1, 256, 0, 0, 0, 0, 5, 1000, 3;
1, 256, 0, 0, 0, 0, 5, 999, 3;
1, 256, 0, -1, -1, -1, 4, 999, 2;
1, 256, 0, 1, 1, 1, 5, 1000, 3;
1, 256, 1, 1, 1, 1, 6, 1000, 4;
1, 256, 0, 0, 0, 0, 5, 1000, 3;
1, 256, 0, -1, -1, -1, 4, 999, 2;
1, 256, 0, -1, -1, -1, 4, 999, 2;
1, 256, 1, 1, 1, 1, 5, 1000, 3;
1, 256, 0, 1, 1, 1, 5, 1000, 3;
1, 256, 0, 0, 0, 0, 5, 999, 3;
1, 256, 0, 0, 0, 0, 5, 999, 3;
1, 256, 0, 0, 0, 0, 4, 999, 2;
1, 256, 1, 1, 1, 1, 6, 1001, 4;
1, 256, 0, -1, -1, -1, 4, 999, 2;
1, 256, 0, -1, -1, -1, 4, 999, 2;
1, 256, 0, 0, 0, 0, 4, 999, 2;
1, 256, 0, 0, 0, 0, 5, 1000, 3;
1, 256, 0, 0, 0, 0, 5, 1000, 3;
1, 256, 1, 1, 1, 1, 6, 1001, 4;
1, 256, 0, 1, 1, 1, 5, 1000, 3;
1, 256, 0, 0, 0, 0, 4, 999, 2;
1, 256, 1, 1, 1, 1, 6, 1001, 4;
1, 256, 0, 0, 0, 0, 4, 999, 2;
1, 256, 0, -1, -1, -1, 3, 998, 1;
1, 256, 0, 0, 0, 0, 5, 1000, 3;
1, 256, 0, 0, 0, 0, 5, 1000, 3;
1, 256, 0, 0, 0, 0, 4, 999, 2;
1, 256, 1, 1, 1, 1, 6, 1001, 4;
1, 256, 0, -1, -1, -1, 3, 998, 1;
0, 256, 0, -1, -1, -1, 3, 998, 1;
1, 256, 0, 0, 0, 0, 5, 1000, 3;
1, 256, 1, 1, 1, 1, 6, 1001, 4;
1, 256, 0, -1, -1, -1, 4, 999, 2;
1, 256, 0, 0, 0, 0, 4, 999, 2;
1, 256, 0, 0, 0, 0, 5, 1000, 3;
1, 256, 0, -1, -1, -1, 4, 999, 2;
1, 256, 0, 0, 0, 0, 5, 1000, 3;
1, 256, 0, -1, -1, -1, 4, 999, 2;
1, 256, 0, -1, -1, -1, 4, 999, 2;
1, 256, 1, 1, 1, 1, 6, 1000, 4;
1, 256, 0, 0, 0, 0, 4, 999, 2;
1, 256, 0, -1, -1, -1, 4, 999, 2;
1, 256, 0, 0, 0, 0, 5, 1000, 3;
1, 256, 0, 1, 1, 1, 5, 1000, 3;
1, 256, 0, 1, 1, 1, 5, 1000, 3;
1, 256, 0, 0, 0, 0, 5, 1000, 3;
0, 256, 0, -1, -1, -1, 3, 998, 1;
1, 256, 0, 1, 1, 1, 5, 1000, 3;
1, 256, 0, 0, 0, 0, 4, 999, 2;
1, 256, 0, -1, -1, -1, 4, 999, 2;
1, 256, 1, 1, 1, 1, 6, 1001, 4;
1, 256, 0, -1, -1, -1, 3, 998, 1;
1, 256, 0, 0, 0, 0, 5, 1000, 3;
1, 256, 0, 0, 0, 0, 4, 999, 2;
1, 256, 0, -1, -1, -1, 3, 998, 1;
1, 256, 0, 1, 1, 1, 5, 1000, 3;
1, 256, 0, 1, 1, 1, 5, 1000, 3;
1, 256, 1, 1, 1, 1, 6, 1001, 4;
1, 256, 1, 1, 1, 1, 6, 1001, 4;
1, 256, 1, 1, 1, 1, 6, 1000, 4;
1, 256, 0, 0, 0, 0, 4, 999, 2;
1, 256, 0, 0, 0, 0, 4, 999, 2;
1, 256, 0, 0, 0, 0, 5, 1000, 3;
1, 256, 0, 0, 0, 0, 5, 1000, 3;
1, 256, 0, 0, 0, 0, 4, 999, 2;
1, 256, 1, 1, 1, 1, 6, 1001, 4;
1, 256, 0, 0, 0, 0, 5, 1000, 3;
1, 256, 0, 0, 0, 0, 5, 1000, 3;
1, 256, 0, 0, 0, 0, 5, 1000, 3;
1, 256, 0, 0, 0, 0, 4, 999, 2;
1, 256, 0, 0, 0, 0, 4, 999, 2;
1, 256, 0, 0, 0, 0, 4, 999, 2;
1, 256, 0, 0, 0, 0, 5, 1000, 3;
1, 256, 0, -1, -1, -1, 4, 999, 2;
1, 256, 0, 0, 0, 0, 5, 1000, 3;
1, 256, 1, 1, 1, 1, 6, 1001, 4;
1, 256, 1, 1, 1, 1, 6, 1000, 4;
1, 256, 0, 0, 0, 0, 5, 1000, 3;
1, 256, 0, 1, 1, 1, 5, 1000, 3;
1, 256, 0, 0, 0, 0, 4, 999, 2;
1, 256, 0, -1, -1, -1, 3, 998, 1;
1, 256, 0, 1, 1, 1, 5, 1000, 3;
1, 256, 0, 0, 0, 0, 4, 999, 2;
1, 256, 0, 0, 0, 0, 5, 1000, 3;
1, 256, 0, 0, 0, 0, 4, 999, 2;
1, 256, 0, 0, 0, 0, 4, 999, 2;
1, 256, 0, -1, -1, -1, 4, 999, 2;
1, 256, 1, 1, 1, 1, 5, 1000, 3;
1, 256, 0, 0, 0, 0, 5, 1000, 3;
1, 256, 0, 0, 0, 0, 5, 1000, 3;
1, 256, 0, -1, -1, -1, 4, 998, 1;
1, 256, 0, 0, 0, 0, 4, 999, 2;
1, 256, 0, 0, 0, 0, 5, 1000, 3;
1, 256, 0, -1, -1, -1, 4, 999, 2;
1, 256, 0, 1, 1, 1, 5, 1000, 3;
1, 256, 0, -1, -1, -1, 4, 998, 1;
1, 256, 0, -1, -1, -1, 4, 998, 1;
1, 256, 0, -1, -1, -1, 3, 998, 1;
1, 256, 0, -1, -1, -1, 4, 998, 1;
1, 256, 0, 0, 0, 0, 5, 1000, 3;
1, 256, 0, 0, 0, 0, 5, 1000, 3;
1, 256, 0, 0, 0, 0, 5, 1000, 3;
1, 256, 0, 0, 0, 0, 5, 999, 3;
0, 256, 0, -1, -1, -1, 3, 998, 1;
1, 256, 0, 0, 0, 0, 4, 999, 2;
1, 256, 1, 1, 1, 1, 6, 1001, 4;
1, 256, 1, 1, 1, 1, 6, 1001, 4;
1, 256, 0, 0, 0, 0, 4, 999, 2;
1, 256, 0, 0, 0, 0, 5, 1000, 3;
1, 256, 1, 1, 1, 1, 5, 1000, 3;
1, 256, 0, 0, 0, 0, 4, 999, 2;
1, 256, 0, 0, 0, 0, 5, 1000, 3;
1, 256, 0, -1, -1, -1, 4, 999, 2;
1, 256, 1, 1, 1, 1, 6, 1001, 4;
0, 256, 0, -1, -1, -1, 3, 998, 1;
1, 256, 0, 0, 0, 0, 5, 999, 2;
1, 256, 0, 0, 0, 0, 4, 999, 2;
1, 256, 1, 1, 1, 1, 5, 1000, 3;
0, 256, 0, -1, -1, -1, 3, 998, 1;
1, 256, 0, 0, 0, 0, 5, 1000, 3;
1, 256, 0, 0, 0, 0, 5, 999, 2;
1, 256, 0, -1, -1, -1, 4, 999, 2;
1, 256, 0, 0, 0, 0, 4, 999, 2;
1, 256, 0, 0, 0, 0, 5, 1000, 3;
1, 256, 0, 0, 0, 0, 5, 1000, 3;
1, 256, 0, 0, 0, 0, 4, 999, 2;
1, 256, 1, 1, 1, 1, 6, 1001, 4;
1, 256, 0, 1, 1, 1, 5, 1000, 3;
1, 256, 0, -1, -1, -1, 4, 999, 2;
1, 256, 0, 0, 0, 0, 4, 999, 2;
1, 256, 0, 0, 0, 0, 5, 1000, 3;
1, 256, 0, 0, 0, 0, 4, 999, 2;
1, 256, 1, 1, 1, 1, 6, 1000, 4;
1, 256, 0, 0, 0, 0, 5, 1000, 3;
1, 256, 0, 1, 1, 1, 5, 1000, 3;
1, 256, 1, 1, 1, 1, 6, 1001, 4;
1, 256, 0, 0, 0, 0, 4, 999, 2;
0, 256, 0, -1, -1, -1, 3, 998, 1;
1, 256, 0, 0, 0, 0, 5, 1000, 3;
1, 256, 0, -1, -1, -1, 3, 998, 1;
1, 256, 0, 0, 0, 0, 4, 999, 2;
1, 256, 0, -1, -1, -1, 4, 999, 2;
1, 256, 0, -1, -1, -1, 3, 998, 1;
1, 256, 0, 0, 0, 0, 4, 999, 2;
1, 256, 0, 0, 0, 0, 5, 1000, 3;
1, 256, 0, -1, -1, -1, 4, 998, 1;
1, 256, 0, -1, -1, -1, 4, 998, 1;
1, 256, 0, 0, 0, 0, 4, 999, 2;
1, 256, 0, -1, -1, -1, 4, 999, 2;
1, 256, 0, -1, -1, -1, 4, 999, 2;
1, 256, 0, 1, 1, 1, 5, 1000, 3;
1, 256, 0, 0, 0, 0, 5, 1000, 3;
1, 256, 0, 0, 0, 0, 5, 1000, 3;
1, 256, 0, 0, 0, 0, 5, 1000, 3;
1, 256, 1, 1, 1, 1, 5, 1000, 3;
1, 256, 1, 1, 1, 1, 6, 1001, 4;
1, 256, 0, 0, 0, 0, 5, 1000, 3;
1, 256, 0, 0, 0, 0, 5, 1000, 3;
1, 256, 1, 1, 1, 1, 6, 1000, 4;
1, 256, 0, -1, -1, -1, 4, 999, 2;
1, 256, 0, -1, -1, -1, 3, 998, 1;
1, 256, 0, 0, 0, 0, 4, 999, 2;
1, 256, 0, 0, 0, 0, 5, 1000, 3;
1, 256, 0, 0, 0, 0, 5, 1000, 3;
1, 256, 0, 0, 0, 0, 4, 999, 2;
1, 256, 0, -1, -1, -1, 4, 999, 2;
1, 256, 0, -1, -1, -1, 4, 998, 2;
1, 256, 0, -1, -1, -1, 4, 999, 2;
1, 256, 0, 0, 0, 0, 4, 999, 2;
1, 256, 0, 0, 0, 0, 5, 1000, 3;
1, 256, 1, 1, 1, 1, 6, 1000, 4;
1, 256, 0, -1, -1, -1, 4, 999, 2;
1, 256, 0, 0, 0, 0, 5, 999, 2;
1, 256, 0, 0, 0, 0, 5, 1000, 3;
0, 256, 0, -1, -1, -1, 3, 998, 1;
1, 256, 0, 0, 0, 0, 4, 999, 2;
1, 256, 0, -1, -1, -1, 4, 999, 2;
1, 256, 0, 1, 1, 1, 5, 1000, 3;
1, 256, 0, 0, 0, 0, 4, 999, 2;
1, 256, 0, 0, 0, 0, 4, 999, 2;
1, 256, 0, -1, -1, -1, 4, 999, 2;
1, 256, 0, 0, 0, 0, 4, 999, 2;
1, 256, 0, 0, 0, 0, 5, 999, 2;
1, 256, 0, -1, -1, -1, 4, 999, 2;
1, 256, 0, 0, 0, 0, 4, 999, 2;
1, 256, 1, 1, 1, 1, 6, 1001, 4;
1, 256, 0, -1, -1, -1, 4, 999, 2;
1, 256, 0, 0, 0, 0, 4, 999, 2;
1, 256, 0, -1, -1, -1, 4, 999, 2;
1, 256, 0, 1, 1, 1, 5, 1000, 3;
1, 256, 0, -1, -1, -1, 4, 998, 2;
1, 256, 0, 0, 0, 0, 5, 1000, 3;
1, 256, 0, 0, 0, 0, 5, 1000, 3;
1, 256, 0, 0, 0, 0, 5, 1000, 3;
1, 256, 0, 0, 0, 0, 5, 1000, 3;
1, 256, 1, 1, 1, 1, 6, 1000, 3;
1, 256, 0, -1, -1, -1, 4, 999, 2;
1, 256, 1, 1, 1, 1, 6, 1000, 4;
1, 256, 0, 0, 0, 0, 5, 1000, 3;
1, 256, 0, 0, 0, 0, 4, 999, 2;
1, 256, 1, 1, 1, 1, 6, 1001, 4;
1, 256, 0, 0, 0, 0, 5, 1000, 3;
1, 256, 0, 0, 0, 0, 5, 1000, 3;
1, 256, 0, 0, 0, 0, 5, 1000, 3;
1, 256, 0, -1, -1, -1, 4, 999, 2;
1, 256, 1, 1, 1, 1, 6, 1000, 3;
1, 256, 0, 0, 0, 0, 4, 999, 2;
1, 256, 0, 0, 0, 0, 5, 1000, 3;
1, 256, 0, 0, 0, 0, 5, 1000, 3;
1, 256, 1, 1, 1, 1, 6, 1001, 4;
1, 256, 0, 0, 0, 0, 4, 999, 2;
1, 256, 0, -1, -1, -1, 4, 999, 2;
1, 256, 0, -1, -1, -1, 4, 998, 2;
1, 256, 0, 0, 0, 0, 4, 999, 2;
1, 256, 0, 0, 0, 0, 4, 999, 2;
1, 256, 1, 1, 1, 1, 6, 1000, 4;
1, 256, 0, 0, 0, 0, 5, 1000, 3;
1, 256, 0, 0, 0, 0, 5, 999, 3;
1, 256, 0, 0, 0, 0, 5, 1000, 3;
1, 256, 0, -1, -1, -1, 4, 998, 1;
1, 256, 1, 1, 1, 1, 6, 1001, 4;
1, 256, 0, 0, 0, 0, 4, 999, 2;
1, 256, 1, 1, 1, 1, 5, 1000, 3;
1, 256, 1, 1, 1, 1, 6, 1001, 4;
1, 256, 1, 1, 1, 1, 6, 1001, 4;
1, 256, 0, 0, 0, 0, 4, 999, 2;
1, 256, 1, 1, 1, 1, 6, 1000, 4;
1, 256, 0, 0, 0, 0, 5, 1000, 3;
1, 256, 0, 0, 0, 0, 5, 1000, 3;
1, 256, 0, 1, 1, 1, 5, 1000, 3;
1, 256, 0, 0, 0, 0, 5, 1000, 3;
1, 256, 0, 0, 0, 0, 5, 1000, 3;
1, 256, 1, 1, 1, 1, 6, 1000, 4;
1, 256, 0, 0, 0, 0, 5, 1000, 3;
1, 256, 0, -1, -1, -1, 4, 999, 2;
1, 256, 0, 0, 0, 0, 4, 999, 2;
1, 256, 0, 0, 0, 0, 5, 1000, 3;
1, 256, 0, 0, 0, 0, 5, 999, 2;
1, 256, 0, 1, 1, 1, 5, 1000, 3;
1, 256, 0, -1, -1, -1, 4, 999, 2;
1, 256, 0, -1, -1, -1, 4, 999, 2;
1, 256, 0, -1, -1, -1, 4, 999, 2;
1, 256, 0, 0, 0, 0, 5, 1000, 3;
1, 256, 0, -1, -1, -1, 4, 999, 2;
1, 256, 0, -1, -1, -1, 4, 999, 2;
1, 256, 0, -1, -1, -1, 4, 999, 2;
1, 256, 0, -1, -1, -1, 4, 999, 2;
1, 256, 0, 1, 1, 1, 5, 1000, 3;
1, 256, 1, 1, 1, 1, 6, 1001, 4;
1, 256, 1, 1, 1, 1, 6, 1001, 4;
1, 256, 0, 0, 0, 0, 4, 999, 2;
1, 256, 0, 0, 0, 0, 4, 999, 2;
1, 256, 0, 0, 0, 0, 4, 999, 2;
1, 256, 0, 0, 0, 0, 4, 999, 2;
1, 256, 0, -1, -1, -1, 4, 999, 2;
1, 256, 0, -1, -1, -1, 4, 999, 2;
1, 256, 0, 0, 0, 0, 4, 999, 2;
1, 256, 0, 0, 0, 0, 4, 999, 2;
1, 256, 0, 0, 0, 0, 4, 999, 2;
1, 256, 0, 0, 0, 0, 4, 999, 2;
1, 256, 0, 0, 0, 0, 5, 1000, 3;
1, 256, 0, 0, 0, 0, 5, 1000, 3;
1, 256, 0, -1, -1, -1, 4, 999, 2;
1, 256, 0, 0, 0, 0, 4, 999, 2;
1, 256, 0, -1, -1, -1, 4, 998, 1;
1, 256, 0, 0, 0, 0, 5, 1000, 3;
1, 256, 0, 0, 0, 0, 4, 999, 2;
1, 256, 1, 1, 1, 1, 6, 1001, 4;
1, 256, 0, -1, -1, -1, 4, 999, 2;
1, 256, 1, 1, 1, 1, 5, 1000, 3;
1, 256, 0, 0, 0, 0, 5, 1000, 3;
1, 256, 0, 0, 0, 0, 4, 999, 2;
1, 256, 0, 0, 0, 0, 4, 999, 2;
1, 256, 0, 0, 0, 0, 5, 1000, 3;
1, 256, 0, 0, 0, 0, 4, 999, 2;
1, 256, 0, 1, 1, 1, 5, 1000, 3;
1, 256, 0, 0, 0, 0, 5, 1000, 3;
1, 256, 0, 0, 0, 0, 5, 1000, 3;
1, 256, 0, 0, 0, 0, 5, 1000, 3;
1, 256, 0, 0, 0, 0, 4, 999, 2;
1, 256, 0, 0, 0, 0, 5, 1000, 3;
1, 256, 0, 0, 0, 0, 4, 999, 2;
1, 256, 0, 0, 0, 0, 5, 1000, 3;
1, 256, 1, 1, 1, 1, 6, 1001, 4;
1, 256, 0, 1, 1, 1, 5, 1000, 3;
1, 256, 0, 0, 0, 0, 4, 999, 2;
1, 256, 0, 0, 0, 0, 4, 999, 2;
1, 256, 0, 0, 0, 0, 5, 999, 3;
1, 256, 1, 1, 1, 1, 6, 1001, 4;
1, 256, 0, 0, 0, 0, 4, 999, 2;
1, 256, 0, 0, 0, 0, 4, 999, 2;
1, 256, 0, 0, 0, 0, 5, 1000, 3;
1, 256, 0, 0, 0, 0, 4, 999, 2;
1, 256, 1, 1, 1, 1, 6, 1000, 4;
1, 256, 0, 0, 0, 0, 5, 1000, 3;
1, 256, 0, -1, -1, -1, 3, 998, 1;
1, 256, 0, -1, -1, -1, 3, 998, 1;
1, 256, 0, -1, -1, -1, 3, 998, 1;
1, 256, 0, 0, 0, 0, 5, 1000, 3;
1, 256, 1, 1, 1, 1, 6, 1001, 4;
1, 256, 0, 0, 0, 0, 5, 1000, 3;
1, 256, 0, 0, 0, 0, 5, 1000, 3;
1, 256, 1, 1, 1, 1, 6, 1000, 4;
1, 256, 0, 0, 0, 0, 4, 999, 2;
1, 256, 0, -1, -1, -1, 4, 999, 2;
1, 256, 0, -1, -1, -1, 4, 999, 2;
1, 256, 0, 0, 0, 0, 5, 1000, 3;
1, 256, 0, 0, 0, 0, 5, 1000, 3;
1, 256, 0, -1, -1, -1, 4, 999, 2;
1, 256, 0, 0, 0, 0, 5, 1000, 3;
1, 256, 0, 0, 0, 0, 5, 1000, 3;
1, 256, 0, 0, 0, 0, 5, 1000, 3;
1, 256, 0, 0, 0, 0, 4, 999, 2;
1, 256, 0, -1, -1, -1, 4, 999, 2;
1, 256, 0, 0, 0, 0, 5, 1000, 3;
1, 256, 0, 0, 0, 0, 5, 1000, 3;
1, 256, 0, 1, 1, 1, 5, 1000, 3;
1, 256, 0, 0, 0, 0, 5, 1000, 3;
1, 256, 1, 1, 1, 1, 6, 1001, 4;
1, 256, 0, 0, 0, 0, 5, 1000, 3;
1, 256, 0, -1, -1, -1, 4, 999, 2;
1, 256, 1, 1, 1, 1, 6, 1001, 4;
1, 256, 0, 0, 0, 0, 4, 999, 2;
1, 256, 0, -1, -1, -1, 3, 998, 1;
1, 256, 0, 0, 0, 0, 5, 1000, 3;
1, 256, 0, 0, 0, 0, 5, 1000, 3;
1, 256, 1, 1, 1, 1, 6, 1000, 4;
1, 256, 0, -1, -1, -1, 4, 999, 2;
1, 256, 1, 1, 1, 1, 6, 1001, 4;
1, 256, 0, 0, 0, 0, 4, 999, 2;
1, 256, 0, -1, -1, -1, 4, 999, 2;
1, 256, 0, 0, 0, 0, 5, 1000, 3;
1, 256, 0, 0, 0, 0, 4, 999, 2;
1, 256, 0, 0, 0, 0, 5, 1000, 3;
1, 256, 0, 0, 0, 0, 4, 999, 2;
1, 256, 1, 1, 1, 1, 6, 1000, 4;
1, 256, 0, -1, -1, -1, 4, 999, 2;
1, 256, 0, -1, -1, -1, 4, 999, 2;
1, 256, 1, 1, 1, 1, 5, 1000, 3;
1, 256, 0, -1, -1, -1, 4, 999, 2;
1, 256, 0, -1, -1, -1, 4, 999, 2;
1, 256, 0, 0, 0, 0, 5, 1000, 3;
1, 256, 0, -1, -1, -1, 4, 998, 2;
1, 256, 0, 0, 0, 0, 5, 1000, 3;
1, 256, 0, 0, 0, 0, 4, 999, 2;
1, 256, 0, 1, 1, 1, 5, 1000, 3;
1, 256, 0, 0, 0, 0, 4, 999, 2;
1, 256, 0, -1, -1, -1, 4, 999, 2;
1, 256, 0, 0, 0, 0, 5, 1000, 3;
1, 256, 0, 1, 1, 1, 5, 1000, 3;
1, 256, 0, -1, -1, -1, 4, 998, 2;
1, 256, 0, 0, 0, 0, 4, 999, 2;
1, 256, 1, 1, 1, 1, 6, 1000, 3;
1, 256, 0, 0, 0, 0, 4, 999, 2;
1, 256, 0, 0, 0, 0, 4, 999, 2;
1, 256, 0, 0, 0, 0, 4, 999, 2;
1, 256, 0, 0, 0, 0, 4, 999, 2;
1, 256, 0, 1, 1, 1, 5, 1000, 3;
1, 256, 1, 1, 1, 1, 6, 1001, 4;
1, 256, 0, 0, 0, 0, 5, 1000, 3;
1, 256, 0, 0, 0, 0, 5, 1000, 3;
1, 256, 0, 0, 0, 0, 4, 999, 2;
1, 256, 0, 0, 0, 0, 4, 999, 2;
1, 256, 1, 1, 1, 1, 6, 1001, 4;
1, 256, 1, 1, 1, 1, 6, 1001, 4;
1, 256, 0, -1, -1, -1, 4, 999, 2;
1, 256, 0, -1, -1, -1, 4, 999, 2;
1, 256, 0, 0, 0, 0, 5, 1000, 3;
1, 256, 0, 0, 0, 0, 5, 1000, 3;
1, 256, 0, 0, 0, 0, 5, 1000, 3;
1, 256, 0, 0, 0, 0, 4, 999, 2;
1, 256, 1, 1, 1, 1, 6, 1000, 3;
1, 256, 0, 0, 0, 0, 5, 1000, 3;
1, 256, 0, 0, 0, 0, 4, 999, 2;
1, 256, 0, 0, 0, 0, 4, 999, 2;
1, 256, 0, 0, 0, 0, 4, 999, 2;
1, 256, 0, 0, 0, 0, 5, 1000, 3;
1, 256, 0, -1, -1, -1, 4, 999, 2;
1, 256, 0, 0, 0, 0, 5, 1000, 3;
1, 256, 0, -1, -1, -1, 4, 998, 1;
1, 256, 0, 0, 0, 0, 5, 1000, 3;
1, 256, 1, 1, 1, 1, 6, 1001, 4;
1, 256, 0, 0, 0, 0, 5, 1000, 3;
1, 256, 1, 1, 1, 1, 6, 1001, 4;
1, 256, 0, 0, 0, 0, 4, 999, 2;
1, 256, 0, 0, 0, 0, 5, 1000, 3;
1, 256, 0, -1, -1, -1, 4, 999, 2;
1, 256, 1, 1, 1, 1, 5, 1000, 3;
1, 256, 0, -1, -1, -1, 4, 998, 2;
1, 256, 0, -1, -1, -1, 4, 998, 1;
1, 256, 1, 1, 1, 1, 6, 1001, 4;
1, 256, 0, 0, 0, 0, 4, 999, 2;
1, 256, 1, 1, 1, 1, 6, 1000, 4;
1, 256, 0, 0, 0, 0, 4, 999, 2;
1, 256, 0, 0, 0, 0, 5, 1000, 3;
1, 256, 0, 0, 0, 0, 5, 1000, 3;
1, 256, 0, 0, 0, 0, 4, 999, 2;
1, 256, 0, -1, -1, -1, 4, 998, 2;
1, 256, 0, 0, 0, 0, 4, 999, 2;
1, 256, 0, 0, 0, 0, 5, 1000, 3;
1, 256, 0, 0, 0, 0, 5, 1000, 3;
1, 256, 0, -1, -1, -1, 4, 999, 2;
1, 256, 0, 0, 0, 0, 4, 999, 2;
1, 256, 0, 1, 1, 1, 5, 1000, 3;
1, 256, 1, 1, 1, 1, 5, 1000, 3;
1, 256, 0, -1, -1, -1, 4, 999, 2;
1, 256, 0, 0, 0, 0, 4, 999, 2;
1, 256, 0, -1, -1, -1, 4, 999, 2;
1, 256, 1, 1, 1, 1, 6, 1001, 4;
1, 256, 0, 0, 0, 0, 4, 999, 2;
1, 256, 0, 0, 0, 0, 4, 999, 2;
1, 256, 1, 1, 1, 1, 6, 1001, 4;
1, 256, 0, 1, 1, 1, 5, 1000, 3;
1, 256, 1, 1, 1, 1, 6, 1000, 3;
1, 256, 0, -1, -1, -1, 4, 999, 2;
1, 256, 0, -1, -1, -1, 4, 999, 2;
1, 256, 0, 0, 0, 0, 5, 1000, 3;
1, 256, 0, 0, 0, 0, 5, 999, 2;
1, 256, 0, 0, 0, 0, 5, 1000, 3;
1, 256, 0, -1, -1, -1, 4, 999, 2;
1, 256, 0, -1, -1, -1, 3, 998, 1;
1, 256, 0, 0, 0, 0, 4, 999, 2;
1, 256, 0, -1, -1, -1, 3, 998, 1;
1, 256, 0, 0, 0, 0, 5, 1000, 3;
1, 256, 0, 0, 0, 0, 5, 999, 2;
1, 256, 0, -1, -1, -1, 4, 999, 2;
1, 256, 0, 1, 1, 1, 5, 1000, 3;
1, 256, 0, 0, 0, 0, 5, 1000, 3;
1, 256, 0, 0, 0, 0, 4, 999, 2;
1, 256, 0, 0, 0, 0, 5, 1000, 3;
1, 256, 0, -1, -1, -1, 4, 999, 2;
1, 256, 0, -1, -1, -1, 3, 998, 1;
1, 256, 0, -1, -1, -1, 4, 999, 2;
1, 256, 0, 0, 0, 0, 5, 1000, 3;
1, 256, 0, 0, 0, 0, 4, 999, 2;
1, 256, 0, 0, 0, 0, 5, 999, 3;
1, 256, 0, 0, 0, 0, 5, 1000, 3;
1, 256, 0, 0, 0, 0, 5, 1000, 3;
1, 256, 1, 1, 1, 1, 6, 1001, 4;
1, 256, 1, 1, 1, 1, 6, 1001, 4;
1, 256, 0, 0, 0, 0, 4, 999, 2;
1, 256, 0, 0, 0, 0, 5, 1000, 3;
1, 256, 0, 0, 0, 0, 5, 1000, 3;
1, 256, 0, 0, 0, 0, 5, 1000, 3;
1, 256, 1, 1, 1, 1, 6, 1001, 4;
1, 256, 0, -1, -1, -1, 4, 999, 2;
1, 256, 0, -1, -1, -1, 3, 998, 1;
1, 256, 1, 1, 1, 1, 5, 1000, 3;
1, 256, 1, 1, 1, 1, 6, 1001, 4;
1, 256, 0, 0, 0, 0, 4, 999, 2;
1, 256, 0, 0, 0, 0, 4, 999, 2;
1, 256, 0, 0, 0, 0, 4, 999, 2;
1, 256, 1, 1, 1, 1, 6, 1001, 4;
1, 256, 0, 0, 0, 0, 4, 999, 2;
1, 256, 0, -1, -1, -1, 4, 998, 2;
1, 256, 0, -1, -1, -1, 4, 999, 2;
1, 256, 0, 0, 0, 0, 5, 1000, 3;
1, 256, 0, 0, 0, 0, 5, 1000, 3;
1, 256, 0, 0, 0, 0, 5, 1000, 3;
1, 256, 0, 0, 0, 0, 4, 999, 2;
1, 256, 0, 0, 0, 0, 5, 1000, 3;
1, 256, 0, 1, 1, 1, 5, 1000, 3;
1, 256, 0, 0, 0, 0, 5, 1000, 3;
1, 256, 0, -1, -1, -1, 4, 999, 2;
1, 256, 0, -1, -1, -1, 4, 999, 2;
1, 256, 0, 0, 0, 0, 5, 1000, 3;
1, 256, 0, -1, -1, -1, 4, 998, 2;
1, 256, 0, 0, 0, 0, 4, 999, 2;
1, 256, 0, 0, 0, 0, 5, 1000, 3;
1, 256, 0, -1, -1, -1, 4, 999, 2;
1, 256, 0, 0, 0, 0, 5, 1000, 3;
1, 256, 1, 1, 1, 1, 6, 1001, 4;
1, 256, 0, 0, 0, 0, 4, 999, 2;
1, 256, 1, 1, 1, 1, 6, 1000, 3;
1, 256, 0, 0, 0, 0, 4, 999, 2;
1, 256, 0, -1, -1, -1, 4, 999, 2;
1, 256, 0, 0, 0, 0, 5, 999, 3;
1, 256, 0, 0, 0, 0, 4, 999, 2;
1, 256, 0, 0, 0, 0, 5, 1000, 3;
1, 256, 0, 0, 0, 0, 5, 1000, 3;
1, 256, 0, -1, -1, -1, 4, 999, 2;
1, 256, 0, -1, -1, -1, 4, 998, 2;
1, 256, 0, 0, 0, 0, 5, 1000, 3;
1, 256, 0, 0, 0, 0, 4, 999, 2;
1, 256, 0, 0, 0, 0, 4, 999, 2;
1, 256, 0, 0, 0, 0, 5, 1000, 3;
1, 256, 1, 1, 1, 1, 6, 1001, 4;
1, 256, 0, 0, 0, 0, 5, 999, 2;
1, 256, 0, 0, 0, 0, 4, 999, 2;
1, 256, 0, 0, 0, 0, 5, 1000, 3;
1, 256, 0, 0, 0, 0, 5, 1000, 3;
1, 256, 0, -1, -1, -1, 4, 999, 2;
1, 256, 0, 0, 0, 0, 5, 1000, 3;
1, 256, 0, 0, 0, 0, 5, 1000, 3;
1, 256, 0, 0, 0, 0, 5, 1000, 3;
1, 256, 0, 0, 0, 0, 5, 1000, 3;
1, 256, 0, 0, 0, 0, 4, 999, 2;
1, 256, 0, 0, 0, 0, 5, 999, 3;
1, 256, 0, 0, 0, 0, 5, 1000, 3;
1, 256, 1, 1, 1, 1, 6, 1001, 4;
1, 256, 0, 0, 0, 0, 4, 999, 2;
1, 256, 0, -1, -1, -1, 3, 998, 1;
1, 256, 1, 1, 1, 1, 6, 1000, 4;
1, 256, 1, 1, 1, 1, 6, 1001, 4;
1, 256, 0, 0, 0, 0, 5, 1000, 3;
1, 256, 0, 0, 0, 0, 5, 1000, 3;
0, 256, 0, -1, -1, -1, 3, 998, 1;
1, 256, 1, 1, 1, 1, 6, 1001, 4;
1, 256, 0, -1, -1, -1, 4, 999, 2;
1, 256, 0, 0, 0, 0, 4, 999, 2;
1, 256, 0, 0, 0, 0, 5, 1000, 3;
1, 256, 0, -1, -1, -1, 4, 998, 1;
1, 256, 1, 1, 1, 1, 6, 1000, 3;
1, 256, 0, 0, 0, 0, 4, 999, 2;
1, 256, 0, -1, -1, -1, 4, 999, 2;
1, 256, 0, 0, 0, 0, 5, 1000, 3;
1, 256, 0, 0, 0, 0, 5, 1000, 3;
1, 256, 0, 0, 0, 0, 4, 999, 2;
1, 256, 0, 0, 0, 0, 4, 999, 2;
1, 256, 1, 1, 1, 1, 6, 1001, 4;
1, 256, 0, -1, -1, -1, 4, 999, 2;
1, 256, 1, 1, 1, 1, 6, 1001, 4;
1, 256, 0, -1, -1, -1, 4, 999, 2;
1, 256, 0, 0, 0, 0, 5, 1000, 3;
1, 256, 0, 0, 0, 0, 5, 1000, 3;
1, 256, 0, 0, 0, 0, 5, 999, 3;
1, 256, 0, -1, -1, -1, 4, 999, 2;
1, 256, 0, -1, -1, -1, 4, 998, 2;
1, 256, 1, 1, 1, 1, 6, 1000, 3;
1, 256, 0, 0, 0, 0, 4, 999, 2;
1, 256, 1, 1, 1, 1, 6, 1001, 4;
1, 256, 0, 0, 0, 0, 5, 1000, 3;
1, 256, 0, 1, 1, 1, 5, 1000, 3;
1, 256, 0, 0, 0, 0, 5, 1000, 3;
1, 256, 0, -1, -1, -1, 4, 999, 2;
1, 256, 0, -1, -1, -1, 4, 999, 2;
1, 256, 0, -1, -1, -1, 3, 998, 1;
1, 256, 0, 0, 0, 0, 5, 1000, 3;
1, 256, 1, 1, 1, 1, 6, 1000, 4;
1, 256, 0, 0, 0, 0, 4, 999, 2;
1, 256, 1, 1, 1, 1, 6, 1000, 3;
1, 256, 0, 0, 0, 0, 5, 999, 2;
1, 256, 0, 0, 0, 0, 5, 1000, 3;
1, 256, 0, -1, -1, -1, 4, 998, 2;
1, 256, 1, 1, 1, 1, 6, 1000, 4;
1, 256, 0, -1, -1, -1, 3, 998, 1;
1, 256, 0, 0, 0, 0, 5, 1000, 3;
1, 256, 0, -1, -1, -1, 4, 998, 2;
1, 256, 0, 0, 0, 0, 5, 1000, 3;
1, 256, 0, 0, 0, 0, 4, 999, 2;
1, 256, 0, 0, 0, 0, 5, 1000, 3;
1, 256, 0, 0, 0, 0, 4, 999, 2;
1, 256, 0, 0, 0, 0, 5, 1000, 3;
1, 256, 0, 1, 1, 1, 5, 1000, 3;
1, 256, 0, 0, 0, 0, 4, 999, 2;
1, 256, 0, 0, 0, 0, 4, 999, 2;
1, 256, 0, 0, 0, 0, 5, 1000, 3;
1, 256, 0, 0, 0, 0, 5, 1000, 3;
1, 256, 0, -1, -1, -1, 4, 999, 2;
1, 256, 0, 0, 0, 0, 4, 999, 2;
1, 256, 0, 0, 0, 0, 5, 1000, 3;
1, 256, 0, 1, 1, 1, 5, 1000, 3;
1, 256, 0, 0, 0, 0, 4, 999, 2;
1, 256, 0, 0, 0, 0, 4, 999, 2;
1, 256, 0, 0, 0, 0, 5, 1000, 3;
1, 256, 0, -1, -1, -1, 3, 998, 1;
1, 256, 1, 1, 1, 1, 6, 1001, 4;
1, 256, 0, 0, 0, 0, 5, 1000, 3;
1, 256, 0, -1, -1, -1, 3, 998, 1;
1, 256, 0, 0, 0, 0, 5, 1000, 3;
1, 256, 0, 0, 0, 0, 5, 1000, 3;
1, 256, 1, 1, 1, 1, 6, 1000, 4;
1, 256, 0, 0, 0, 0, 5, 999, 2;
1, 256, 0, -1, -1, -1, 4, 999, 2;
1, 256, 1, 1, 1, 1, 6, 1000, 4;
1, 256, 0, -1, -1, -1, 3, 998, 1;
1, 256, 0, 0, 0, 0, 5, 1000, 3;
1, 256, 1, 1, 1, 1, 6, 1001, 4;
1, 256, 0, 0, 0, 0, 4, 999, 2;
1, 256, 0, 0, 0, 0, 5, 1000, 3;
1, 256, 0, 0, 0, 0, 4, 999, 2;
1, 256, 0, 0, 0, 0, 5, 1000, 3;
1, 256, 0, 1, 1, 1, 5, 1000, 3;
1, 256, 0, 1, 1, 1, 5, 1000, 3;
1, 256, 0, 0, 0, 0, 4, 999, 2;
1, 256, 1, 1, 1, 1, 6, 1000, 4;
1, 256, 0, -1, -1, -1, 4, 999, 2;
1, 256, 0, 0, 0, 0, 4, 999, 2;
1, 256, 0, 0, 0, 0, 5, 1000, 3;
1, 256, 0, 0, 0, 0, 5, 1000, 3;
1, 256, 0, -1, -1, -1, 4, 999, 2;
1, 256, 0, -1, -1, -1, 4, 999, 2;
1, 256, 0, 0, 0, 0, 5, 1000, 3;
1, 256, 0, 0, 0, 0, 5, 1000, 3;
1, 256, 0, 1, 1, 1, 5, 1000, 3;
1, 256, 0, 0, 0, 0, 5, 999, 3;
1, 256, 1, 1, 1, 1, 5, 1000, 3;
1, 256, 1, 1, 1, 1, 6, 1001, 4;
1, 256, 1, 1, 1, 1, 6, 1000, 3;
1, 256, 0, -1, -1, -1, 4, 999, 2;
1, 256, 1, 1, 1, 1, 6, 1000, 3;
1, 256, 0, -1, -1, -1, 4, 999, 2;
1, 256, 0, 0, 0, 0, 4, 999, 2;
1, 256, 0, 0, 0, 0, 4, 999, 2;
1, 256, 1, 1, 1, 1, 6, 1001, 4;
1, 256, 0, -1, -1, -1, 3, 998, 1;
1, 256, 0, -1, -1, -1, 4, 999, 2;
1, 256, 0, 0, 0, 0, 4, 999, 2;
1, 256, 0, -1, -1, -1, 4, 999, 2;
1, 256, 0, 0, 0, 0, 5, 999, 3;
1, 256, 0, 0, 0, 0, 4, 999, 2;
1, 256, 0, 0, 0, 0, 5, 1000, 3;
1, 256, 1, 1, 1, 1, 6, 1001, 4;
1, 256, 0, 1, 1, 1, 5, 1000, 3;
1, 256, 1, 1, 1, 1, 5, 1000, 3;
1, 256, 0, 0, 0, 0, 4, 999, 2;
1, 256, 0, 0, 0, 0, 4, 999, 2;
1, 256, 0, 1, 1, 1, 5, 1000, 3;
1, 256, 0, -1, -1, -1, 3, 998, 1;
1, 256, 0, -1, -1, -1, 4, 999, 2;
1, 256, 0, 0, 0, 0, 4, 999, 2;
1, 256, 0, -1, -1, -1, 4, 999, 2;
1, 256, 0, 1, 1, 1, 5, 1000, 3;
1, 256, 0, 1, 1, 1, 5, 1000, 3;
1, 256, 0, 0, 0, 0, 4, 999, 2;
1, 256, 0, 0, 0, 0, 4, 999, 2;
1, 256, 0, 0, 0, 0, 4, 999, 2;
1, 256, 0, 0, 0, 0, 5, 1000, 3;
1, 256, 0, 1, 1, 1, 5, 1000, 3;
1, 256, 0, 0, 0, 0, 5, 1000, 3;
1, 256, 1, 1, 1, 1, 6, 1001, 4;
1, 256, 0, 0, 0, 0, 5, 1000, 3;
1, 256, 0, 0, 0, 0, 5, 999, 2;
1, 256, 0, 0, 0, 0, 5, 1000, 3;
1, 256, 0, 0, 0, 0, 5, 999, 3;
1, 256, 1, 1, 1, 1, 5, 1000, 3;
1, 256, 1, 1, 1, 1, 5, 1000, 3;
1, 256, 0, 0, 0, 0, 5, 1000, 3;
1, 256, 0, -1, -1, -1, 4, 999, 2;
1, 256, 0, 1, 1, 1, 5, 1000, 3;
1, 256, 0, 0, 0, 0, 4, 999, 2;
1, 256, 1, 1, 1, 1, 5, 1000, 3;
1, 256, 0, 0, 0, 0, 4, 999, 2;
1, 256, 0, 0, 0, 0, 5, 1000, 3;
1, 256, 0, 0, 0, 0, 4, 999, 2;
1, 256, 1, 1, 1, 1, 6, 1001, 4;
1, 256, 1, 1, 1, 1, 6, 1001, 4;
1, 256, 0, -1, -1, -1, 4, 999, 2;
1, 256, 0, 1, 1, 1, 5, 1000, 3;
1, 256, 0, 0, 0, 0, 4, 999, 2;
1, 256, 0, 0, 0, 0, 4, 999, 2;
1, 256, 0, -1, -1, -1, 4, 999, 2;
1, 256, 1, 1, 1, 1, 6, 1000, 3;
1, 256, 0, 0, 0, 0, 4, 999, 2;
1, 256, 0, 0, 0, 0, 4, 999, 2;
1, 256, 0, 1, 1, 1, 5, 1000, 3;
1, 256, 0, 0, 0, 0, 5, 1000, 3;
1, 256, 0, 0, 0, 0, 5, 1000, 3;
1, 256, 0, -1, -1, -1, 4, 999, 2;
1, 256, 0, -1, -1, -1, 4, 999, 2;
1, 256, 0, 0, 0, 0, 5, 1000, 3;
1, 256, 0, 0, 0, 0, 5, 1000, 3;
1, 256, 0, -1, -1, -1, 3, 998, 1;
1, 256, 0, 0, 0, 0, 5, 1000, 3;
1, 256, 0, -1, -1, -1, 4, 998, 2;
1, 256, 0, 0, 0, 0, 4, 999, 2;
1, 256, 1, 1, 1, 1, 6, 1000, 4;
1, 256, 1, 1, 1, 1, 6, 1000, 4;
1, 256, 0, 0, 0, 0, 4, 999, 2;
1, 256, 0, 0, 0, 0, 5, 1000, 3;
1, 256, 0, -1, -1, -1, 4, 998, 2;
1, 256, 0, 0, 0, 0, 4, 999, 2;
1, 256, 0, -1, -1, -1, 4, 999, 2;
1, 256, 0, 0, 0, 0, 4, 999, 2;
1, 256, 0, 0, 0, 0, 4, 999, 2;
1, 256, 0, 0, 0, 0, 4, 999, 2;
1, 256, 0, 0, 0, 0, 4, 999, 2;
1, 256, 0, 1, 1, 1, 5, 1000, 3;
1, 256, 0, 0, 0, 0, 5, 1000, 3;
1, 256, 0, -1, -1, -1, 3, 998, 1;
1, 256, 0, -1, -1, -1, 4, 999, 2;
1, 256, 0, 0, 0, 0, 5, 999, 2;
1, 256, 0, -1, -1, -1, 4, 998, 2;
1, 256, 0, -1, -1, -1, 4, 999, 2;
1, 256, 0, 0, 0, 0, 5, 1000, 3;
1, 256, 1, 1, 1, 1, 6, 1001, 4;
1, 256, 1, 1, 1, 1, 6, 1001, 4;
1, 256, 1, 1, 1, 1, 6, 1000, 3;
1, 256, 0, -1, -1, -1, 4, 999, 2;
1, 256, 0, 0, 0, 0, 5, 1000, 3;
1, 256, 0, -1, -1, -1, 4, 999, 2;
1, 256, 0, -1, -1, -1, 4, 999, 2;
1, 256, 1, 1, 1, 1, 5, 1000, 3;
1, 256, 1, 1, 1, 1, 6, 1001, 4;
1, 256, 0, 0, 0, 0, 5, 1000, 3;
1, 256, 0, 0, 0, 0, 4, 999, 2;
1, 256, 0, 0, 0, 0, 4, 999, 2;
1, 256, 0, -1, -1, -1, 4, 998, 2;
1, 256, 0, 0, 0, 0, 5, 1000, 3;
1, 256, 0, 1, 1, 1, 5, 1000, 3;
1, 256, 0, 0, 0, 0, 5, 1000, 3;
1, 256, 1, 1, 1, 1, 6, 1001, 4;
1, 256, 0, -1, -1, -1, 4, 998, 2;
1, 256, 0, 0, 0, 0, 5, 999, 2;
1, 256, 1, 1, 1, 1, 6, 1000, 3;
1, 256, 0, 0, 0, 0, 5, 999, 3;
1, 256, 0, 0, 0, 0, 5, 1000, 3;
1, 256, 0, 0, 0, 0, 4, 999, 2;
1, 256, 0, -1, -1, -1, 4, 999, 2;
1, 256, 0, 0, 0, 0, 5, 999, 3;
1, 256, 0, 0, 0, 0, 4, 999, 2;
1, 256, 0, -1, -1, -1, 3, 998, 1;
1, 256, 0, -1, -1, -1, 3, 998, 1;
1, 256, 1, 1, 1, 1, 6, 1000, 4;
1, 256, 0, 0, 0, 0, 4, 999, 2;
1, 256, 0, 0, 0, 0, 4, 999, 2;
1, 256, 0, -1, -1, -1, 4, 999, 2;
1, 256, 0, 0, 0, 0, 4, 999, 2;
1, 256, 0, 0, 0, 0, 4, 999, 2;
1, 256, 0, 1, 1, 1, 5, 1000, 3;
1, 256, 0, 0, 0, 0, 5, 1000, 3;
1, 256, 1, 1, 1, 1, 6, 1001, 4;
1, 256, 0, -1, -1, -1, 4, 999, 2;
1, 256, 0, 0, 0, 0, 5, 1000, 3;
1, 256, 1, 1, 1, 1, 5, 1000, 3;
0, 256, 0, -1, -1, -1, 3, 998, 1;
1, 256, 0, 0, 0, 0, 5, 1000, 3;
1, 256, 1, 1, 1, 1, 6, 1001, 4;
1, 256, 0, 0, 0, 0, 4, 999, 2;
1, 256, 0, 0, 0, 0, 5, 999, 2;
1, 256, 0, -1, -1, -1, 4, 999, 2;
1, 256, 0, 0, 0, 0, 4, 999, 2;
1, 256, 0, 0, 0, 0, 5, 1000, 3;
1, 256, 0, 0, 0, 0, 4, 999, 2;
1, 256, 0, 0, 0, 0, 4, 999, 2;
1, 256, 0, 0, 0, 0, 4, 999, 2;
1, 256, 0, -1, -1, -1, 4, 999, 2;
1, 256, 0, -1, -1, -1, 4, 998, 2;
1, 256, 0, 0, 0, 0, 4, 999, 2;
1, 256, 0, -1, -1, -1, 4, 998, 2;
1, 256, 0, -1, -1, -1, 4, 999, 2;
1, 256, 0, 0, 0, 0, 4, 999, 2;
1, 256, 1, 1, 1, 1, 6, 1001, 4;
1, 256, 0, 0, 0, 0, 5, 1000, 3;
1, 256, 0, 0, 0, 0, 4, 999, 2;
1, 256, 0, 1, 1, 1, 5, 1000, 3;
1, 256, 0, -1, -1, -1, 4, 998, 1;
1, 256, 0, 0, 0, 0, 4, 999, 2;
1, 256, 0, 0, 0, 0, 4, 999, 2;
1, 256, 0, 0, 0, 0, 4, 999, 2;
1, 256, 1, 1, 1, 1, 6, 1001, 4;
1, 256, 0, 0, 0, 0, 4, 999, 2;
1, 256, 0, -1, -1, -1, 4, 999, 2;
1, 256, 1, 1, 1, 1, 5, 1000, 3;
1, 256, 0, 0, 0, 0, 4, 999, 2;
1, 256, 0, 0, 0, 0, 5, 1000, 3;
1, 256, 0, 0, 0, 0, 5, 1000, 3;
1, 256, 0, 0, 0, 0, 4, 999, 2;
1, 256, 0, 0, 0, 0, 5, 1000, 3;
1, 256, 0, 0, 0, 0, 5, 1000, 3;
1, 256, 0, -1, -1, -1, 4, 999, 2;
1, 256, 0, -1, -1, -1, 4, 999, 2;
1, 256, 0, -1, -1, -1, 4, 999, 2;
1, 256, 0, 0, 0, 0, 5, 999, 3;
1, 256, 0, 0, 0, 0, 5, 1000, 3;
1, 256, 0, 0, 0, 0, 4, 999, 2;
1, 256, 1, 1, 1, 1, 6, 1001, 4;
1, 256, 1, 1, 1, 1, 5, 1000, 3;
1, 256, 0, 0, 0, 0, 5, 1000, 3;
1, 256, 0, 0, 0, 0, 5, 1000, 3;
1, 256, 0, 0, 0, 0, 5, 999, 3;
1, 256, 1, 1, 1, 1, 6, 1000, 4;
1, 256, 1, 1, 1, 1, 5, 1000, 3;
1, 256, 0, 0, 0, 0, 5, 1000, 3;
1, 256, 0, 0, 0, 0, 4, 999, 2;
1, 256, 0, -1, -1, -1, 3, 998, 1;
1, 256, 0, 0, 0, 0, 4, 999, 2;
1, 256, 0, -1, -1, -1, 4, 999, 2;
1, 256, 0, 0, 0, 0, 4, 999, 2;
1, 256, 0, -1, -1, -1, 3, 998, 1;
1, 256, 1, 1, 1, 1, 6, 1001, 4;
1, 256, 0, -1, -1, -1, 4, 999, 2;
1, 256, 0, 0, 0, 0, 4, 999, 2;
1, 256, 0, 0, 0, 0, 4, 999, 2;
1, 256, 0, 0, 0, 0, 5, 1000, 3;
1, 256, 0, 0, 0, 0, 5, 999, 2;
1, 256, 0, 0, 0, 0, 4, 999, 2;
1, 256, 0, -1, -1, -1, 3, 998, 1;
1, 256, 1, 1, 1, 1, 6, 1001, 4;
1, 256, 0, -1, -1, -1, 3, 998, 1;
1, 256, 0, 0, 0, 0, 5, 1000, 3;
1, 256, 0, 0, 0, 0, 5, 1000, 3;
1, 256, 0, -1, -1, -1, 4, 999, 2;
1, 256, 0, -1, -1, -1, 4, 999, 2;
1, 256, 0, 0, 0, 0, 5, 1000, 3;
1, 256, 0, 0, 0, 0, 4, 999, 2;
1, 256, 0, 0, 0, 0, 4, 999, 2;
1, 256, 1, 1, 1, 1, 6, 1001, 4;
1, 256, 0, -1, -1, -1, 3, 998, 1;
1, 256, 0, 0, 0, 0, 4, 999, 2;
1, 256, 0, 0, 0, 0, 4, 999, 2;
1, 256, 0, 0, 0, 0, 5, 1000, 3;
1, 256, 0, 0, 0, 0, 4, 999, 2;
1, 256, 0, 0, 0, 0, 5, 1000, 3;
1, 256, 0, -1, -1, -1, 4, 999, 2;
1, 256, 0, 0, 0, 0, 5, 999, 3;
0, 256, 0, -1, -1, -1, 3, 998, 1;
1, 256, 0, 1, 1, 1, 5, 1000, 3;
1, 256, 0, 0, 0, 0, 5, 999, 2;
1, 256, 0, 1, 1, 1, 5, 1000, 3;
1, 256, 0, 1, 1, 1, 5, 1000, 3;
1, 256, 1, 1, 1, 1, 6, 1001, 4;
1, 256, 0, 0, 0, 0, 5, 1000, 3;
1, 256, 0, 0, 0, 0, 4, 999, 2;
1, 256, 0, 0, 0, 0, 4, 999, 2;
1, 256, 0, 0, 0, 0, 5, 1000, 3;
1, 256, 0, 0, 0, 0, 4, 999, 2;
1, 256, 0, 0, 0, 0, 5, 999, 2;
1, 256, 0, 0, 0, 0, 5, 999, 2;
1, 256, 0, 0, 0, 0, 4, 999, 2;
0, 256, 0, -1, -1, -1, 3, 998, 1;
1, 256, 0, 0, 0, 0, 5, 1000, 3;
1, 256, 0, 0, 0, 0, 5, 1000, 3;
1, 256, 1, 1, 1, 1, 6, 1000, 4;
1, 256, 0, 0, 0, 0, 4, 999, 2;
1, 256, 0, 0, 0, 0, 4, 999, 2;
1, 256, 0, 0, 0, 0, 5, 1000, 3;
1, 256, 1, 1, 1, 1, 6, 1001, 4;
1, 256, 1, 1, 1, 1, 6, 1001, 4;
1, 256, 1, 1, 1, 1, 6, 1001, 4;
1, 256, 1, 1, 1, 1, 6, 1001, 4;
1, 256, 0, -1, -1, -1, 4, 999, 2;
1, 256, 0, 0, 0, 0, 5, 1000, 3;
1, 256, 0, -1, -1, -1, 4, 999, 2;
1, 256, 0, -1, -1, -1, 4, 999, 2;
1, 256, 0, 0, 0, 0, 5, 1000, 3;
1, 256, 0, -1, -1, -1, 4, 999, 2;
1, 256, 0, -1, -1, -1, 4, 998, 2;
1, 256, 0, -1, -1, -1, 4, 999, 2;
1, 256, 1, 1, 1, 1, 5, 1000, 3;
1, 256, 0, 0, 0, 0, 5, 1000, 3;
1, 256, 0, 1, 1, 1, 5, 1000, 3;
1, 256, 0, -1, -1, -1, 4, 998, 1;
1, 256, 0, -1, -1, -1, 4, 999, 2;
1, 256, 0, -1, -1, -1, 4, 999, 2;
1, 256, 0, -1, -1, -1, 4, 999, 2;
1, 256, 0, 0, 0, 0, 5, 1000, 3;
1, 256, 0, 0, 0, 0, 5, 1000, 3;
1, 256, 0, -1, -1, -1, 3, 998, 1;
1, 256, 0, -1, -1, -1, 3, 998, 1;
1, 256, 0, 0, 0, 0, 5, 1000, 3;
1, 256, 0, 0, 0, 0, 4, 999, 2;
1, 256, 1, 1, 1, 1, 6, 1000, 4;
1, 256, 0, -1, -1, -1, 4, 999, 2;
1, 256, 1, 1, 1, 1, 6, 1001, 4;
1, 256, 0, -1, -1, -1, 4, 999, 2;
1, 256, 1, 1, 1, 1, 6, 1001, 4;
1, 256, 1, 1, 1, 1, 6, 1001, 4;
1, 256, 0, 0, 0, 0, 5, 1000, 3;
1, 256, 0, -1, -1, -1, 4, 998, 2;
1, 256, 0, 1, 1, 1, 5, 1000, 3;
1, 256, 0, -1, -1, -1, 4, 999, 2;
1, 256, 1, 1, 1, 1, 6, 1000, 3;
1, 256, 0, 0, 0, 0, 5, 1000, 3;
1, 256, 0, -1, -1, -1, 4, 998, 2;
1, 256, 0, 0, 0, 0, 5, 999, 2;
1, 256, 0, 0, 0, 0, 5, 1000, 3;
1, 256, 0, -1, -1, -1, 4, 999, 2;
1, 256, 0, 0, 0, 0, 4, 999, 2;
1, 256, 0, -1, -1, -1, 4, 999, 2;
1, 256, 0, 0, 0, 0, 5, 1000, 3;
1, 256, 0, 0, 0, 0, 4, 999, 2;
1, 256, 0, 0, 0, 0, 5, 1000, 3;
1, 256, 0, 0, 0, 0, 5, 1000, 3;
1, 256, 0, 0, 0, 0, 4, 999, 2;
1, 256, 0, 0, 0, 0, 4, 999, 2;
1, 256, 0, 0, 0, 0, 5, 1000, 3;
1, 256, 0, 0, 0, 0, 4, 999, 2;
1, 256, 0, -1, -1, -1, 4, 999, 2;
1, 256, 0, -1, -1, -1, 4, 998, 1;
1, 256, 0, 0, 0, 0, 5, 1000, 3;
1, 256, 1, 1, 1, 1, 6, 1001, 4;
1, 256, 0, 0, 0, 0, 5, 999, 3;
1, 256, 1, 1, 1, 1, 6, 1000, 3;
1, 256, 0, 0, 0, 0, 5, 1000, 3;
1, 256, 0, 0, 0, 0, 5, 1000, 3;
1, 256, 1, 1, 1, 1, 6, 1000, 3;
1, 256, 1, 1, 1, 1, 6, 1000, 3;
1, 256, 1, 1, 1, 1, 5, 1000, 3;
1, 256, 1, 1, 1, 1, 6, 1001, 4;
1, 256, 1, 1, 1, 1, 6, 1001, 4;
1, 256, 0, 0, 0, 0, 5, 1000, 3;
1, 256, 0, -1, -1, -1, 4, 998, 2;
1, 256, 1, 1, 1, 1, 6, 1001, 4;
1, 256, 0, 1, 1, 1, 5, 1000, 3;
1, 256, 0, 0, 0, 0, 5, 1000, 3;
1, 256, 0, 0, 0, 0, 4, 999, 2;
1, 256, 0, 0, 0, 0, 4, 999, 2;
1, 256, 0, 0, 0, 0, 4, 999, 2;
1, 256, 0, 0, 0, 0, 5, 1000, 3;
1, 256, 0, 0, 0, 0, 5, 1000, 3;
1, 256, 0, 1, 1, 1, 5, 1000, 3;
1, 256, 0, 0, 0, 0, 4, 999, 2;
1, 256, 0, -1, -1, -1, 4, 999, 2;
1, 256, 0, 0, 0, 0, 4, 999, 2;
1, 256, 0, -1, -1, -1, 3, 998, 1;
1, 256, 1, 1, 1, 1, 6, 1001, 4;
1, 256, 0, 0, 0, 0, 4, 999, 2;
1, 256, 1, 1, 1, 1, 6, 1000, 3;
1, 256, 1, 1, 1, 1, 6, 1001, 4;
1, 256, 1, 1, 1, 1, 6, 1000, 4;
1, 256, 0, 0, 0, 0, 4, 999, 2;
1, 256, 1, 1, 1, 1, 6, 1000, 3;
1, 256, 0, 0, 0, 0, 4, 999, 2;
1, 256, 0, 0, 0, 0, 4, 999, 2;
1, 256, 0, -1, -1, -1, 4, 999, 2;
1, 256, 0, 0, 0, 0, 4, 999, 2;
1, 256, 1, 1, 1, 1, 6, 1001, 4;
1, 256, 0, -1, -1, -1, 4, 999, 2;
1, 256, 1, 1, 1, 1, 6, 1001, 4;
1, 256, 0, 0, 0, 0, 4, 999, 2;
1, 256, 0, 0, 0, 0, 4, 999, 2;
1, 256, 0, -1, -1, -1, 4, 998, 2;
1, 256, 0, -1, -1, -1, 3, 998, 1;
1, 256, 1, 1, 1, 1, 6, 1000, 4;
1, 256, 0, -1, -1, -1, 4, 999, 2;
1, 256, 0, -1, -1, -1, 3, 998, 1;
1, 256, 1, 1, 1, 1, 6, 1001, 4;
1, 256, 0, -1, -1, -1, 4, 998, 2;
1, 256, 0, 0, 0, 0, 5, 1000, 3;
1, 256, 0, 0, 0, 0, 5, 1000, 3;
1, 256, 1, 1, 1, 1, 6, 1001, 4;
1, 256, 1, 1, 1, 1, 6, 1000, 4;
1, 256, 0, -1, -1, -1, 4, 999, 2;
1, 256, 0, -1, -1, -1, 4, 999, 2;
1, 256, 0, 1, 1, 1, 5, 1000, 3;
1, 256, 0, -1, -1, -1, 4, 999, 2;
1, 256, 0, -1, -1, -1, 4, 999, 2;
1, 256, 0, -1, -1, -1, 4, 999, 2;
1, 256, 0, 0, 0, 0, 5, 1000, 3;
1, 256, 0, 0, 0, 0, 4, 999, 2;
1, 256, 0, 0, 0, 0, 4, 999, 2;
1, 256, 0, 0, 0, 0, 5, 1000, 3;
1, 256, 1, 1, 1, 1, 5, 1000, 3;
1, 256, 0, 0, 0, 0, 4, 999, 2;
1, 256, 0, 0, 0, 0, 5, 1000, 3;
1, 256, 0, 0, 0, 0, 5, 1000, 3;
1, 256, 0, 1, 1, 1, 5, 1000, 3;
1, 256, 1, 1, 1, 1, 6, 1001, 4;
1, 256, 0, -1, -1, -1, 4, 999, 2;
1, 256, 0, 0, 0, 0, 4, 999, 2;
1, 256, 0, 0, 0, 0, 4, 999, 2;
1, 256, 0, 0, 0, 0, 5, 1000, 3;
1, 256, 0, 0, 0, 0, 5, 1000, 3;
1, 256, 0, -1, -1, -1, 3, 998, 1;
1, 256, 1, 1, 1, 1, 6, 1001, 4;
1, 256, 0, 1, 1, 1, 5, 1000, 3;
1, 256, 0, -1, -1, -1, 4, 998, 2;
1, 256, 1, 1, 1, 1, 6, 1000, 3;
1, 256, 0, 0, 0, 0, 4, 999, 2;
1, 256, 0, -1, -1, -1, 4, 998, 2;
1, 256, 0, 0, 0, 0, 5, 1000, 3;
1, 256, 0, 0, 0, 0, 5, 1000, 3;
1, 256, 0, 0, 0, 0, 5, 1000, 3;
1, 256, 0, 1, 1, 1, 5, 1000, 3;
1, 256, 0, 0, 0, 0, 4, 999, 2;
1, 256, 1, 1, 1, 1, 6, 1001, 4;
1, 256, 1, 1, 1, 1, 6, 1001, 4;
1, 256, 0, 0, 0, 0, 5, 1000, 3;
1, 256, 0, 0, 0, 0, 4, 999, 2;
1, 256, 0, 0, 0, 0, 4, 999, 2;
1, 256, 0, 1, 1, 1, 5, 1000, 3;
1, 256, 0, -1, -1, -1, 3, 998, 1;
1, 256, 0, 0, 0, 0, 5, 1000, 3;
1, 256, 0, 0, 0, 0, 5, 999, 3;
1, 256, 0, 0, 0, 0, 4, 999, 2;
1, 256, 0, 0, 0, 0, 5, 1000, 3;
1, 256, 0, 0, 0, 0, 5, 1000, 3;
1, 256, 1, 1, 1, 1, 6, 1001, 4;
1, 256, 0, 1, 1, 1, 5, 1000, 3;
1, 256, 0, 0, 0, 0, 5, 1000, 3;
1, 256, 0, -1, -1, -1, 4, 998, 1;
1, 256, 0, -1, -1, -1, 4, 999, 2;
1, 256, 0, -1, -1, -1, 4, 999, 2;
1, 256, 0, 1, 1, 1, 5, 1000, 3;
1, 256, 0, 1, 1, 1, 5, 1000, 3;
1, 256, 0, -1, -1, -1, 4, 999, 2;
1, 256, 0, 1, 1, 1, 5, 1000, 3;
1, 256, 0, 0, 0, 0, 4, 999, 2;
1, 256, 0, 1, 1, 1, 5, 1000, 3;
1, 256, 0, 1, 1, 1, 5, 1000, 3;
1, 256, 0, 0, 0, 0, 4, 999, 2;
1, 256, 0, 0, 0, 0, 5, 1000, 3;
1, 256, 0, 1, 1, 1, 5, 1000, 3;
1, 256, 0, 0, 0, 0, 5, 1000, 3;
1, 256, 0, 0, 0, 0, 4, 999, 2;
1, 256, 0, 0, 0, 0, 5, 1000, 3;
1, 256, 0, -1, -1, -1, 4, 999, 2;
1, 256, 0, 0, 0, 0, 4, 999, 2;
1, 256, 0, 0, 0, 0, 4, 999, 2;
1, 256, 0, 0, 0, 0, 5, 1000, 3;
1, 256, 0, 0, 0, 0, 5, 1000, 3;
1, 256, 0, 0, 0, 0, 4, 999, 2;
1, 256, 1, 1, 1, 1, 5, 1000, 3;
1, 256, 0, -1, -1, -1, 4, 999, 2;
1, 256, 0, -1, -1, -1, 4, 999, 2;
1, 256, 0, -1, -1, -1, 4, 999, 2;
1, 256, 0, 0, 0, 0, 4, 999, 2;
1, 256, 0, 0, 0, 0, 5, 1000, 3;
1, 256, 0, 0, 0, 0, 4, 999, 2;
1, 256, 0, 0, 0, 0, 5, 1000, 3;
1, 256, 0, 0, 0, 0, 4, 999, 2;
1, 256, 1, 1, 1, 1, 6, 1001, 4;
1, 256, 0, 0, 0, 0, 5, 1000, 3;
1, 256, 0, 0, 0, 0, 5, 1000, 3;
1, 256, 0, -1, -1, -1, 4, 999, 2;
1, 256, 1, 1, 1, 1, 6, 1001, 4;
1, 256, 0, 1, 1, 1, 5, 1000, 3;
1, 256, 0, 0, 0, 0, 4, 999, 2;
1, 256, 0, -1, -1, -1, 4, 999, 2;
1, 256, 1, 1, 1, 1, 6, 1001, 4;
1, 256, 0, 0, 0, 0, 5, 1000, 3;
1, 256, 0, 0, 0, 0, 4, 999, 2;
1, 256, 0, 1, 1, 1, 5, 1000, 3;
1, 256, 0, 0, 0, 0, 5, 1000, 3;
1, 256, 0, -1, -1, -1, 4, 999, 2;
1, 256, 0, 1, 1, 1, 5, 1000, 3;
1, 256, 0, 0, 0, 0, 4, 999, 2;
1, 256, 0, 0, 0, 0, 4, 999, 2;
1, 256, 0, 0, 0, 0, 4, 999, 2;
1, 256, 1, 1, 1, 1, 6, 1001, 4;
1, 256, 0, 0, 0, 0, 4, 999, 2;
1, 256, 0, 0, 0, 0, 5, 1000, 3;
1, 256, 0, -1, -1, -1, 4, 999, 2;
1, 256, 0, 0, 0, 0, 5, 1000, 3;
1, 256, 0, -1, -1, -1, 4, 999, 2;
1, 256, 0, 0, 0, 0, 5, 1000, 3;
1, 256, 0, 0, 0, 0, 5, 1000, 3;
1, 256, 0, 0, 0, 0, 4, 999, 2;
1, 256, 0, 1, 1, 1, 5, 1000, 3;
1, 256, 0, -1, -1, -1, 3, 998, 1;
1, 256, 1, 1, 1, 1, 6, 1001, 4;
1, 256, 0, 0, 0, 0, 4, 999, 2;
1, 256, 0, 0, 0, 0, 5, 1000, 3;
1, 256, 1, 1, 1, 1, 5, 1000, 3;
1, 256, 0, 0, 0, 0, 4, 999, 2;
1, 256, 0, 0, 0, 0, 4, 999, 2;
1, 256, 0, 0, 0, 0, 5, 1000, 3;
1, 256, 0, -1, -1, -1, 3, 998, 1;
1, 256, 0, -1, -1, -1, 4, 999, 2;
1, 256, 0, -1, -1, -1, 4, 998, 1;
1, 256, 1, 1, 1, 1, 6, 1000, 4;
1, 256, 0, 0, 0, 0, 5, 1000, 3;
1, 256, 0, -1, -1, -1, 3, 998, 1;
1, 256, 0, 0, 0, 0, 4, 999, 2;
1, 256, 0, 0, 0, 0, 4, 999, 2;
1, 256, 0, -1, -1, -1, 4, 998, 1;
1, 256, 1, 1, 1, 1, 6, 1001, 4;
1, 256, 0, 0, 0, 0, 5, 1000, 3;
1, 256, 0, -1, -1, -1, 4, 999, 2;
1, 256, 0, 0, 0, 0, 4, 999, 2;
1, 256, 0, -1, -1, -1, 4, 999, 2;
1, 256, 0, -1, -1, -1, 4, 998, 1;
1, 256, 0, -1, -1, -1, 4, 998, 2;
1, 256, 0, 1, 1, 1, 5, 1000, 3;
1, 256, 0, 1, 1, 1, 5, 1000, 3;
1, 256, 0, 1, 1, 1, 5, 1000, 3;
1, 256, 0, 0, 0, 0, 4, 999, 2;
1, 256, 0, -1, -1, -1, 3, 998, 1;
1, 256, 0, 0, 0, 0, 4, 999, 2;
1, 256, 0, 0, 0, 0, 5, 1000, 3;
1, 256, 1, 1, 1, 1, 6, 1001, 4;
1, 256, 0, 0, 0, 0, 5, 1000, 3;
1, 256, 0, 0, 0, 0, 5, 1000, 3;
1, 256, 0, 0, 0, 0, 4, 999, 2;
1, 256, 0, 0, 0, 0, 4, 999, 2;
1, 256, 0, -1, -1, -1, 4, 998, 2;
1, 256, 0, -1, -1, -1, 3, 998, 1;
1, 256, 0, 0, 0, 0, 5, 1000, 3;
1, 256, 0, 0, 0, 0, 4, 999, 2;
1, 256, 0, 0, 0, 0, 5, 1000, 3;
1, 256, 0, 0, 0, 0, 5, 1000, 3;
1, 256, 0, 0, 0, 0, 5, 1000, 3;
1, 256, 0, 0, 0, 0, 5, 1000, 3;
1, 256, 0, 0, 0, 0, 5, 1000, 3;
1, 256, 1, 1, 1, 1, 6, 1000, 4;
1, 256, 0, 1, 1, 1, 5, 1000, 3;
1, 256, 0, 0, 0, 0, 4, 999, 2;
1, 256, 0, 0, 0, 0, 5, 999, 3;
0, 256, 0, -1, -1, -1, 3, 998, 1;
1, 256, 0, -1, -1, -1, 4, 999, 2;
1, 256, 0, 0, 0, 0, 5, 1000, 3;
1, 256, 0, -1, -1, -1, 4, 999, 2;
1, 256, 0, 0, 0, 0, 4, 999, 2;
1, 256, 0, -1, -1, -1, 4, 998, 1;
1, 256, 0, 0, 0, 0, 4, 999, 2;
1, 256, 0, 0, 0, 0, 5, 1000, 3;
1, 256, 0, -1, -1, -1, 4, 999, 2;
1, 256, 0, 0, 0, 0, 5, 1000, 3;
1, 256, 1, 1, 1, 1, 6, 1001, 4;
1, 256, 0, 0, 0, 0, 4, 999, 2;
1, 256, 0, 0, 0, 0, 4, 999, 2;
1, 256, 0, 0, 0, 0, 4, 999, 2;
1, 256, 0, 0, 0, 0, 5, 1000, 3;
1, 256, 0, -1, -1, -1, 4, 999, 2;
1, 256, 0, 0, 0, 0, 5, 1000, 3;
1, 256, 0, -1, -1, -1, 4, 999, 2;
1, 256, 0, -1, -1, -1, 4, 999, 2;
1, 256, 1, 1, 1, 1, 6, 1001, 4;
1, 256, 0, 0, 0, 0, 5, 1000, 3;
1, 256, 0, -1, -1, -1, 4, 999, 2;
1, 256, 0, -1, -1, -1, 4, 999, 2;
1, 256, 0, -1, -1, -1, 3, 998, 1;
1, 256, 0, 1, 1, 1, 5, 1000, 3;
1, 256, 0, 0, 0, 0, 5, 1000, 3;
1, 256, 0, 0, 0, 0, 5, 1000, 3;
1, 256, 0, 0, 0, 0, 4, 999, 2;
1, 256, 0, -1, -1, -1, 4, 999, 2;
1, 256, 0, 0, 0, 0, 5, 1000, 3;
1, 256, 0, 0, 0, 0, 5, 999, 3;
1, 256, 0, 0, 0, 0, 5, 1000, 3;
1, 256, 0, 0, 0, 0, 5, 1000, 3;
1, 256, 0, 1, 1, 1, 5, 1000, 3;
1, 256, 0, 0, 0, 0, 4, 999, 2;
1, 256, 0, 0, 0, 0, 5, 1000, 3;
1, 256, 0, 1, 1, 1, 5, 1000, 3;
1, 256, 1, 1, 1, 1, 6, 1001, 4;
1, 256, 0, 0, 0, 0, 5, 1000, 3;
1, 256, 0, 0, 0, 0, 5, 1000, 3;
1, 256, 0, 0, 0, 0, 5, 1000, 3;
1, 256, 0, 0, 0, 0, 4, 999, 2;
1, 256, 0, -1, -1, -1, 4, 998, 1;
1, 256, 0, -1, -1, -1, 4, 999, 2;
1, 256, 0, 0, 0, 0, 5, 1000, 3;
1, 256, 0, -1, -1, -1, 4, 999, 2;
1, 256, 0, -1, -1, -1, 4, 999, 2;
1, 256, 0, 0, 0, 0, 5, 1000, 3;
1, 256, 0, 0, 0, 0, 5, 1000, 3;
1, 256, 0, 0, 0, 0, 5, 1000, 3;
0, 256, 0, -1, -1, -1, 3, 998, 1;
1, 256, 0, -1, -1, -1, 4, 999, 2;
1, 256, 0, -1, -1, -1, 4, 999, 2;
1, 256, 0, 0, 0, 0, 4, 999, 2;
1, 256, 0, -1, -1, -1, 4, 999, 2;
1, 256, 0, -1, -1, -1, 4, 999, 2;
1, 256, 1, 1, 1, 1, 6, 1001, 4;
1, 256, 0, 0, 0, 0, 5, 1000, 3;
1, 256, 0, 1, 1, 1, 5, 1000, 3;
1, 256, 0, 0, 0, 0, 4, 999, 2;
1, 256, 0, -1, -1, -1, 3, 998, 1;
1, 256, 0, 0, 0, 0, 5, 999, 2;
1, 256, 0, 0, 0, 0, 5, 1000, 3;
1, 256, 1, 1, 1, 1, 5, 1000, 3;
1, 256, 0, -1, -1, -1, 4, 999, 2;
1, 256, 0, -1, -1, -1, 4, 999, 2;
1, 256, 0, 0, 0, 0, 5, 1000, 3;
1, 256, 0, 1, 1, 1, 5, 1000, 3;
1, 256, 0, 0, 0, 0, 4, 999, 2;
1, 256, 0, 1, 1, 1, 5, 1000, 3;
1, 256, 0, 0, 0, 0, 4, 999, 2;
1, 256, 0, 0, 0, 0, 5, 1000, 3;
1, 256, 0, 0, 0, 0, 5, 999, 2;
1, 256, 0, -1, -1, -1, 3, 998, 1;
1, 256, 0, 0, 0, 0, 5, 1000, 3;
1, 256, 0, 0, 0, 0, 5, 1000, 3;
1, 256, 0, -1, -1, -1, 3, 998, 1;
1, 256, 0, 0, 0, 0, 4, 999, 2;
1, 256, 0, 0, 0, 0, 5, 999, 3;
1, 256, 0, -1, -1, -1, 4, 999, 2;
1, 256, 0, 0, 0, 0, 5, 1000, 3;
1, 256, 0, 0, 0, 0, 5, 1000, 3;
1, 256, 0, 0, 0, 0, 5, 1000, 3;
1, 256, 0, 0, 0, 0, 5, 999, 3;
1, 256, 0, 0, 0, 0, 5, 1000, 3;
1, 256, 0, 0, 0, 0, 5, 1000, 3;
1, 256, 0, 1, 1, 1, 5, 1000, 3;
1, 256, 1, 1, 1, 1, 6, 1001, 4;
1, 256, 0, 0, 0, 0, 5, 1000, 3;
1, 256, 0, -1, -1, -1, 4, 999, 2;
1, 256, 0, 0, 0, 0, 4, 999, 2;
1, 256, 0, -1, -1, -1, 4, 999, 2;
1, 256, 0, 0, 0, 0, 5, 1000, 3;
1, 256, 0, 1, 1, 1, 5, 1000, 3;
1, 256, 0, 0, 0, 0, 5, 1000, 3;
1, 256, 0, -1, -1, -1, 4, 999, 2;
1, 256, 1, 1, 1, 1, 6, 1001, 4;
1, 256, 0, -1, -1, -1, 4, 998, 2;
1, 256, 0, -1, -1, -1, 4, 999, 2;
1, 256, 0, 0, 0, 0, 4, 999, 2;
1, 256, 0, 0, 0, 0, 4, 999, 2;
1, 256, 0, 0, 0, 0, 4, 999, 2;
1, 256, 0, -1, -1, -1, 4, 999, 2;
1, 256, 0, 0, 0, 0, 5, 999, 2;
1, 256, 1, 1, 1, 1, 6, 1001, 4;
1, 256, 1, 1, 1, 1, 6, 1000, 4;
1, 256, 0, 0, 0, 0, 4, 999, 2;
0, 256, 0, -1, -1, -1, 3, 998, 1;
1, 256, 0, 0, 0, 0, 5, 1000, 3;
1, 256, 0, 0, 0, 0, 5, 999, 2;
1, 256, 0, 0, 0, 0, 5, 1000, 3;
1, 256, 0, 0, 0, 0, 5, 1000, 3;
1, 256, 0, -1, -1, -1, 4, 998, 1;
1, 256, 0, 0, 0, 0, 4, 999, 2;
1, 256, 1, 1, 1, 1, 6, 1001, 4;
1, 256, 0, 1, 1, 1, 5, 1000, 3;
1, 256, 1, 1, 1, 1, 5, 1000, 3;
1, 256, 0, 0, 0, 0, 5, 1000, 3;
1, 256, 0, 0, 0, 0, 5, 1000, 3;
1, 256, 1, 1, 1, 1, 6, 1001, 4;
1, 256, 0, 0, 0, 0, 4, 999, 2;
1, 256, 0, -1, -1, -1, 4, 999, 2;
1, 256, 0, 0, 0, 0, 4, 999, 2;
1, 256, 0, 0, 0, 0, 5, 1000, 3;
1, 256, 0, 0, 0, 0, 5, 1000, 3;
1, 256, 0, 0, 0, 0, 4, 999, 2;
1, 256, 0, -1, -1, -1, 4, 999, 2;
1, 256, 0, 0, 0, 0, 4, 999, 2;
1, 256, 0, 0, 0, 0, 4, 999, 2;
1, 256, 0, 0, 0, 0, 5, 1000, 3;
1, 256, 0, 0, 0, 0, 5, 1000, 3;
1, 256, 0, 0, 0, 0, 5, 1000, 3;
1, 256, 0, 0, 0, 0, 5, 999, 3;
1, 256, 0, 0, 0, 0, 4, 999, 2;
1, 256, 0, -1, -1, -1, 4, 999, 2;
1, 256, 0, 0, 0, 0, 5, 1000, 3;
1, 256, 0, 0, 0, 0, 5, 1000, 3;
1, 256, 0, -1, -1, -1, 4, 999, 2;
1, 256, 0, 0, 0, 0, 5, 999, 3;
1, 256, 0, -1, -1, -1, 4, 999, 2;
1, 256, 0, 0, 0, 0, 4, 999, 2;
1, 256, 0, -1, -1, -1, 4, 999, 2;
1, 256, 0, 0, 0, 0, 5, 1000, 3;
1, 256, 0, -1, -1, -1, 4, 999, 2;
1, 256, 0, -1, -1, -1, 4, 999, 2;
1, 256, 0, -1, -1, -1, 4, 999, 2;
1, 256, 0, 0, 0, 0, 5, 999, 2;
1, 256, 0, 0, 0, 0, 4, 999, 2;
1, 256, 0, 0, 0, 0, 5, 1000, 3;
1, 256, 0, -1, -1, -1, 4, 999, 2;
1, 256, 0, 0, 0, 0, 5, 1000, 3;
1, 256, 0, 0, 0, 0, 5, 1000, 3;
1, 256, 0, -1, -1, -1, 4, 999, 2;
1, 256, 0, 0, 0, 0, 5, 1000, 3;
1, 256, 0, 0, 0, 0, 5, 1000, 3;
1, 256, 0, 0, 0, 0, 5, 1000, 3;
1, 256, 0, -1, -1, -1, 4, 999, 2;
1, 256, 0, 0, 0, 0, 4, 999, 2;
1, 256, 0, -1, -1, -1, 4, 999, 2;
1, 256, 0, 1, 1, 1, 5, 1000, 3;
1, 256, 0, 0, 0, 0, 5, 1000, 3;
1, 256, 0, 0, 0, 0, 5, 1000, 3;
1, 256, 0, 0, 0, 0, 4, 999, 2;
1, 256, 1, 1, 1, 1, 5, 1000, 3;
1, 256, 0, 0, 0, 0, 5, 999, 2;
1, 256, 0, -1, -1, -1, 4, 999, 2;
1, 256, 0, 1, 1, 1, 5, 1000, 3;
1, 256, 0, -1, -1, -1, 4, 999, 2;
1, 256, 0, 0, 0, 0, 4, 999, 2;
1, 256, 0, 0, 0, 0, 5, 999, 2;
1, 256, 0, 0, 0, 0, 4, 999, 2;
1, 256, 0, -1, -1, -1, 4, 999, 2;
1, 256, 0, 0, 0, 0, 5, 1000, 3;
1, 256, 0, 1, 1, 1, 5, 1000, 3;
1, 256, 0, -1, -1, -1, 4, 999, 2;
1, 256, 0, 0, 0, 0, 5, 1000, 3;
1, 256, 0, 1, 1, 1, 5, 1000, 3;
1, 256, 0, -1, -1, -1, 4, 998, 2;
1, 256, 0, 0, 0, 0, 4, 999, 2;
1, 256, 1, 1, 1, 1, 6, 1001, 4;
1, 256, 0, 0, 0, 0, 5, 999, 3;
1, 256, 0, 0, 0, 0, 5, 1000, 3;
1, 256, 1, 1, 1, 1, 5, 1000, 3;
1, 256, 0, 0, 0, 0, 4, 999, 2;
1, 256, 1, 1, 1, 1, 6, 1001, 4;
1, 256, 0, 0, 0, 0, 4, 999, 2;
1, 256, 0, 0, 0, 0, 4, 999, 2;
1, 256, 0, 0, 0, 0, 4, 999, 2;
1, 256, 0, 0, 0, 0, 4, 999, 2;
1, 256, 0, 0, 0, 0, 4, 999, 2;
1, 256, 0, 0, 0, 0, 4, 999, 2;
1, 256, 0, -1, -1, -1, 3, 998, 1;
1, 256, 0, -1, -1, -1, 4, 999, 2;
1, 256, 0, 1, 1, 1, 5, 1000, 3;
1, 256, 0, -1, -1, -1, 4, 999, 2;
1, 256, 0, -1, -1, -1, 4, 999, 2;
1, 256, 1, 1, 1, 1, 6, 1001, 4;
1, 256, 0, -1, -1, -1, 4, 999, 2;
1, 256, 1, 1, 1, 1, 6, 1000, 3;
1, 256, 0, 0, 0, 0, 5, 1000, 3;
1, 256, 0, -1, -1, -1, 4, 998, 2;
1, 256, 1, 1, 1, 1, 6, 1000, 4;
1, 256, 0, 0, 0, 0, 5, 1000, 3;
1, 256, 0, 0, 0, 0, 5, 1000, 3;
1, 256, 0, 0, 0, 0, 4, 999, 2;
1, 256, 1, 1, 1, 1, 6, 1001, 4;
1, 256, 0, -1, -1, -1, 4, 999, 2;
1, 256, 0, 0, 0, 0, 4, 999, 2;
1, 256, 0, -1, -1, -1, 4, 999, 2;
1, 256, 1, 1, 1, 1, 6, 1001, 4;
0, 256, 0, -1, -1, -1, 3, 998, 1;
1, 256, 0, 0, 0, 0, 5, 1000, 3;
1, 256, 0, 0, 0, 0, 5, 1000, 3;
1, 256, 1, 1, 1, 1, 6, 1001, 4;
1, 256, 0, 0, 0, 0, 5, 1000, 3;
1, 256, 0, 0, 0, 0, 5, 1000, 3;
1, 256, 0, -1, -1, -1, 4, 998, 2;
1, 256, 0, -1, -1, -1, 4, 998, 1;
0, 256, 0, -1, -1, -1, 3, 998, 1;
1, 256, 0, 0, 0, 0, 4, 999, 2;
1, 256, 0, 0, 0, 0, 4, 999, 2;
1, 256, 0, -1, -1, -1, 4, 998, 2;
1, 256, 1, 1, 1, 1, 6, 1001, 4;
1, 256, 1, 1, 1, 1, 6, 1001, 4;
1, 256, 0, 0, 0, 0, 4, 999, 2;
1, 256, 1, 1, 1, 1, 6, 1000, 4;
1, 256, 0, 0, 0, 0, 5, 1000, 3;
1, 256, 0, 0, 0, 0, 4, 999, 2;
1, 256, 0, -1, -1, -1, 3, 998, 1;
1, 256, 1, 1, 1, 1, 6, 1001, 4;
1, 256, 0, 0, 0, 0, 4, 999, 2;
0, 256, 0, -1, -1, -1, 3, 998, 1;
1, 256, 0, 1, 1, 1, 5, 1000, 3;
1, 256, 0, -1, -1, -1, 4, 999, 2;
1, 256, 0, -1, -1, -1, 3, 998, 1;
1, 256, 0, 0, 0, 0, 5, 1000, 3;
1, 256, 0, -1, -1, -1, 4, 999, 2;
1, 256, 0, -1, -1, -1, 4, 999, 2;
1, 256, 0, 0, 0, 0, 4, 999, 2;
1, 256, 0, -1, -1, -1, 4, 999, 2;
1, 256, 0, 0, 0, 0, 4, 999, 2;
1, 256, 0, 1, 1, 1, 5, 1000, 3;
1, 256, 0, 0, 0, 0, 5, 1000, 3;
1, 256, 0, 0, 0, 0, 5, 1000, 3;
1, 256, 1, 1, 1, 1, 6, 1001, 4;
1, 256, 0, 0, 0, 0, 5, 1000, 3;
1, 256, 0, 0, 0, 0, 5, 1000, 3;
1, 256, 0, 0, 0, 0, 5, 1000, 3;
1, 256, 0, 0, 0, 0, 5, 1000, 3;
1, 256, 0, 0, 0, 0, 4, 999, 2;
1, 256, 0, 0, 0, 0, 5, 1000, 3;
1, 256, 0, 0, 0, 0, 4, 999, 2;
1, 256, 0, 0, 0, 0, 4, 999, 2;
1, 256, 1, 1, 1, 1, 6, 1001, 4;
1, 256, 0, 0, 0, 0, 5, 1000, 3;
1, 256, 0, 0, 0, 0, 4, 999, 2;
1, 256, 0, 1, 1, 1, 5, 1000, 3;
1, 256, 0, 0, 0, 0, 4, 999, 2;
1, 256, 0, 0, 0, 0, 4, 999, 2;
1, 256, 0, 0, 0, 0, 4, 999, 2;
1, 256, 0, 0, 0, 0, 4, 999, 2;
1, 256, 0, 0, 0, 0, 5, 1000, 3;
1, 256, 0, -1, -1, -1, 4, 999, 2;
1, 256, 0, 0, 0, 0, 4, 999, 2;
1, 256, 0, 0, 0, 0, 5, 999, 3;
1, 256, 0, 0, 0, 0, 5, 1000, 3;
1, 256, 1, 1, 1, 1, 6, 1000, 4;
1, 256, 0, -1, -1, -1, 4, 999, 2;
1, 256, 1, 1, 1, 1, 6, 1001, 4;
0, 256, 0, -1, -1, -1, 3, 998, 1;
1, 256, 1, 1, 1, 1, 5, 1000, 3;
1, 256, 0, -1, -1, -1, 4, 999, 2;
1, 256, 0, -1, -1, -1, 3, 998, 1;
1, 256, 0, -1, -1, -1, 3, 998, 1;
1, 256, 0, -1, -1, -1, 4, 998, 2;
1, 256, 0, 0, 0, 0, 5, 1000, 3;
1, 256, 0, 0, 0, 0, 5, 1000, 3;
1, 256, 0, 0, 0, 0, 5, 999, 3;
1, 256, 0, 0, 0, 0, 4, 999, 2;
1, 256, 0, 0, 0, 0, 4, 999, 2;
1, 256, 0, -1, -1, -1, 4, 998, 2;
1, 256, 0, 0, 0, 0, 4, 999, 2;
1, 256, 0, 0, 0, 0, 5, 1000, 3;
1, 256, 0, 0, 0, 0, 4, 999, 2;
1, 256, 1, 1, 1, 1, 6, 1001, 4;
1, 256, 0, 0, 0, 0, 5, 1000, 3;
1, 256, 0, 0, 0, 0, 5, 1000, 3;
1, 256, 0, 0, 0, 0, 4, 999, 2;
1, 256, 0, 0, 0, 0, 4, 999, 2;
1, 256, 0, 0, 0, 0, 5, 1000, 3;
1, 256, 0, 0, 0, 0, 5, 1000, 3;
1, 256, 0, 1, 1, 1, 5, 1000, 3;
1, 256, 0, 0, 0, 0, 4, 999, 2;
1, 256, 0, 0, 0, 0, 5, 1000, 3;
1, 256, 1, 1, 1, 1, 6, 1000, 3;
1, 256, 1, 1, 1, 1, 6, 1000, 3;
1, 256, 0, 1, 1, 1, 5, 1000, 3;
1, 256, 1, 1, 1, 1, 6, 1000, 4;
1, 256, 0, 0, 0, 0, 5, 1000, 3;
1, 256, 0, -1, -1, -1, 4, 999, 2;
1, 256, 0, 1, 1, 1, 5, 1000, 3;
1, 256, 0, 0, 0, 0, 5, 1000, 3;
1, 256, 0, 1, 1, 1, 5, 1000, 3;
1, 256, 0, 1, 1, 1, 5, 1000, 3;
1, 256, 0, 0, 0, 0, 5, 1000, 3;
1, 256, 0, -1, -1, -1, 4, 999, 2;
1, 256, 0, -1, -1, -1, 4, 998, 2;
1, 256, 0, -1, -1, -1, 4, 999, 2;
1, 256, 0, -1, -1, -1, 4, 998, 1;
1, 256, 0, 0, 0, 0, 4, 999, 2;
1, 256, 0, 0, 0, 0, 5, 1000, 3;
1, 256, 0, -1, -1, -1, 4, 999, 2;
1, 256, 0, 0, 0, 0, 4, 999, 2;
1, 256, 0, 0, 0, 0, 5, 1000, 3;
1, 256, 1, 1, 1, 1, 6, 1000, 4;
1, 256, 1, 1, 1, 1, 6, 1001, 4;
1, 256, 0, -1, -1, -1, 4, 999, 2;
1, 256, 0, -1, -1, -1, 4, 999, 2;
1, 256, 0, 0, 0, 0, 5, 1000, 3;
1, 256, 0, 0, 0, 0, 5, 1000, 3;
1, 256, 0, -1, -1, -1, 4, 999, 2;
1, 256, 0, 0, 0, 0, 4, 999, 2;
1, 256, 0, 1, 1, 1, 5, 1000, 3;
1, 256, 0, 0, 0, 0, 5, 1000, 3;
1, 256, 0, -1, -1, -1, 4, 998, 2;
1, 256, 0, 0, 0, 0, 5, 1000, 3;
1, 256, 0, 0, 0, 0, 5, 999, 3;
1, 256, 0, -1, -1, -1, 4, 999, 2;
1, 256, 0, 0, 0, 0, 5, 1000, 3;
1, 256, 0, 0, 0, 0, 4, 999, 2;
1, 256, 0, 0, 0, 0, 5, 1000, 3;
1, 256, 0, -1, -1, -1, 4, 999, 2;
1, 256, 0, -1, -1, -1, 3, 998, 1;
1, 256, 0, 1, 1, 1, 5, 1000, 3;
1, 256, 0, 0, 0, 0, 4, 999, 2;
1, 256, 0, 0, 0, 0, 5, 1000, 3;
1, 256, 0, 0, 0, 0, 5, 1000, 3;
1, 256, 0, 0, 0, 0, 5, 999, 2;
1, 256, 0, 0, 0, 0, 5, 1000, 3;
1, 256, 0, 0, 0, 0, 4, 999, 2;
1, 256, 0, 0, 0, 0, 4, 999, 2;
1, 256, 0, 0, 0, 0, 5, 1000, 3;
1, 256, 0, 0, 0, 0, 5, 1000, 3;
1, 256, 0, 0, 0, 0, 4, 999, 2;
1, 256, 0, 0, 0, 0, 4, 999, 2;
1, 256, 0, 0, 0, 0, 5, 999, 3;
1, 256, 0, -1, -1, -1, 4, 999, 2;
1, 256, 1, 1, 1, 1, 6, 1001, 4;
1, 256, 0, 0, 0, 0, 4, 999, 2;
1, 256, 0, 0, 0, 0, 5, 1000, 3;
1, 256, 1, 1, 1, 1, 6, 1000, 3;
1, 256, 0, -1, -1, -1, 3, 998, 1;
1, 256, 0, 0, 0, 0, 4, 999, 2;
1, 256, 0, 0, 0, 0, 5, 1000, 3;
1, 256, 1, 1, 1, 1, 6, 1001, 4;
1, 256, 0, 0, 0, 0, 4, 999, 2;
1, 256, 0, 0, 0, 0, 5, 999, 3;
1, 256, 1, 1, 1, 1, 6, 1000, 3;
1, 256, 0, -1, -1, -1, 4, 999, 2;
1, 256, 0, -1, -1, -1, 4, 999, 2;
1, 256, 0, 0, 0, 0, 5, 1000, 3;
1, 256, 0, 0, 0, 0, 5, 1000, 3;
1, 256, 0, 1, 1, 1, 5, 1000, 3;
1, 256, 0, -1, -1, -1, 4, 999, 2;
1, 256, 1, 1, 1, 1, 6, 1000, 3;
1, 256, 1, 1, 1, 1, 6, 1001, 4;
1, 256, 0, 0, 0, 0, 4, 999, 2;
1, 256, 0, 0, 0, 0, 4, 999, 2;
1, 256, 0, -1, -1, -1, 4, 999, 2;
1, 256, 0, 0, 0, 0, 5, 1000, 3;
1, 256, 1, 1, 1, 1, 6, 1001, 4;
1, 256, 0, 0, 0, 0, 5, 1000, 3;
1, 256, 1, 1, 1, 1, 6, 1001, 4;
1, 256, 0, 1, 1, 1, 5, 1000, 3;
1, 256, 1, 1, 1, 1, 6, 1001, 4;
1, 256, 0, 0, 0, 0, 5, 1000, 3;
1, 256, 0, 0, 0, 0, 4, 999, 2;
1, 256, 0, -1, -1, -1, 4, 999, 2;
1, 256, 0, 0, 0, 0, 5, 1000, 3;
1, 256, 0, 0, 0, 0, 5, 1000, 3;
1, 256, 0, -1, -1, -1, 3, 998, 1;
1, 256, 0, 0, 0, 0, 4, 999, 2;
1, 256, 0, -1, -1, -1, 4, 999, 2;
1, 256, 0, 0, 0, 0, 5, 1000, 3;
1, 256, 0, 0, 0, 0, 5, 1000, 3;
1, 256, 0, 0, 0, 0, 5, 1000, 3;
1, 256, 0, -1, -1, -1, 4, 999, 2;
1, 256, 0, 0, 0, 0, 5, 1000, 3;
1, 256, 0, -1, -1, -1, 3, 998, 1;
1, 256, 0, 0, 0, 0, 4, 999, 2;
1, 256, 0, 0, 0, 0, 5, 1000, 3;
1, 256, 0, 0, 0, 0, 5, 1000, 3;
1, 256, 0, 0, 0, 0, 4, 999, 2;
1, 256, 0, 0, 0, 0, 5, 1000, 3;
1, 256, 1, 1, 1, 1, 6, 1001, 4;
1, 256, 0, 0, 0, 0, 4, 999, 2;
1, 256, 0, 0, 0, 0, 4, 999, 2;
1, 256, 0, 0, 0, 0, 4, 999, 2;
1, 256, 0, 0, 0, 0, 4, 999, 2;
1, 256, 0, -1, -1, -1, 4, 998, 2;
1, 256, 1, 1, 1, 1, 6, 1001, 4;
1, 256, 0, 0, 0, 0, 4, 999, 2;
1, 256, 0, 0, 0, 0, 4, 999, 2;
1, 256, 1, 1, 1, 1, 6, 1001, 4;
1, 256, 0, 0, 0, 0, 5, 1000, 3;
1, 256, 0, 0, 0, 0, 5, 999, 3;
1, 256, 0, 0, 0, 0, 4, 999, 2;
1, 256, 0, -1, -1, -1, 4, 999, 2;
1, 256, 0, 0, 0, 0, 4, 999, 2;
1, 256, 0, -1, -1, -1, 4, 999, 2;
1, 256, 1, 1, 1, 1, 6, 1001, 4;
1, 256, 0, 0, 0, 0, 5, 1000, 3;
1, 256, 0, 0, 0, 0, 5, 1000, 3;
1, 256, 0, 0, 0, 0, 4, 999, 2;
1, 256, 0, -1, -1, -1, 4, 999, 2;
1, 256, 0, 0, 0, 0, 4, 999, 2;
1, 256, 0, 0, 0, 0, 4, 999, 2;
1, 256, 0, 0, 0, 0, 5, 1000, 3;
1, 256, 0, 0, 0, 0, 5, 1000, 3;
1, 256, 1, 1, 1, 1, 6, 1001, 4;
1, 256, 0, 0, 0, 0, 4, 999, 2;
1, 256, 0, 0, 0, 0, 4, 999, 2;
1, 256, 1, 1, 1, 1, 6, 1001, 4;
1, 256, 0, 0, 0, 0, 5, 1000, 3;
1, 256, 0, 0, 0, 0, 5, 999, 2;
1, 256, 0, -1, -1, -1, 4, 999, 2;
1, 256, 0, 0, 0, 0, 5, 1000, 3;
1, 256, 0, 0, 0, 0, 5, 1000, 3;
1, 256, 0, 0, 0, 0, 4, 999, 2;
1, 256, 0, -1, -1, -1, 3, 998, 1;
1, 256, 1, 1, 1, 1, 6, 1001, 4;
1, 256, 0, -1, -1, -1, 4, 998, 1;
1, 256, 0, -1, -1, -1, 3, 998, 1;
1, 256, 0, 0, 0, 0, 5, 1000, 3;
1, 256, 0, 0, 0, 0, 5, 1000, 3;
1, 256, 0, -1, -1, -1, 4, 999, 2;
1, 256, 0, 1, 1, 1, 5, 1000, 3;
1, 256, 0, -1, -1, -1, 4, 999, 2;
1, 256, 0, 0, 0, 0, 4, 999, 2;
1, 256, 0, 1, 1, 1, 5, 1000, 3;
1, 256, 1, 1, 1, 1, 6, 1000, 4;
1, 256, 0, 0, 0, 0, 5, 1000, 3;
1, 256, 0, -1, -1, -1, 4, 999, 2;
1, 256, 0, 0, 0, 0, 4, 999, 2;
1, 256, 0, 0, 0, 0, 4, 999, 2;
1, 256, 1, 1, 1, 1, 6, 1000, 3;
1, 256, 0, -1, -1, -1, 4, 999, 2;
1, 256, 0, 0, 0, 0, 5, 1000, 3;
1, 256, 1, 1, 1, 1, 6, 1001, 4;
1, 256, 0, 0, 0, 0, 4, 999, 2;
1, 256, 0, 0, 0, 0, 5, 1000, 3;
1, 256, 0, 0, 0, 0, 5, 1000, 3;
1, 256, 1, 1, 1, 1, 6, 1001, 4;
1, 256, 0, 0, 0, 0, 5, 1000, 3;
1, 256, 0, -1, -1, -1, 4, 999, 2;
1, 256, 0, 0, 0, 0, 5, 1000, 3;
1, 256, 0, -1, -1, -1, 4, 999, 2;
1, 256, 1, 1, 1, 1, 6, 1001, 4;
1, 256, 0, 0, 0, 0, 5, 1000, 3;
1, 256, 1, 1, 1, 1, 6, 1001, 4;
1, 256, 0, -1, -1, -1, 3, 998, 1;
1, 256, 1, 1, 1, 1, 6, 1001, 4;
1, 256, 0, -1, -1, -1, 4, 999, 2;
1, 256, 0, 0, 0, 0, 5, 1000, 3;
1, 256, 0, -1, -1, -1, 4, 999, 2;
1, 256, 0, 0, 0, 0, 4, 999, 2;
1, 256, 0, -1, -1, -1, 4, 999, 2;
1, 256, 0, 0, 0, 0, 4, 999, 2;
1, 256, 1, 1, 1, 1, 5, 1000, 3;
1, 256, 0, 0, 0, 0, 4, 999, 2;
1, 256, 0, 0, 0, 0, 5, 1000, 3;
1, 256, 0, 0, 0, 0, 5, 1000, 3;
1, 256, 0, 0, 0, 0, 4, 999, 2;
1, 256, 0, 0, 0, 0, 4, 999, 2;
0, 256, 0, -1, -1, -1, 3, 998, 1;
1, 256, 0, -1, -1, -1, 4, 999, 2;
1, 256, 0, 0, 0, 0, 4, 999, 2;
1, 256, 0, 0, 0, 0, 4, 999, 2;
1, 256, 0, -1, -1, -1, 4, 998, 2;
1, 256, 0, 0, 0, 0, 4, 999, 2;
1, 256, 1, 1, 1, 1, 5, 1000, 3;
1, 256, 0, 1, 1, 1, 5, 1000, 3;
1, 256, 0, 0, 0, 0, 4, 999, 2;
1, 256, 0, -1, -1, -1, 4, 998, 2;
1, 256, 0, 0, 0, 0, 5, 1000, 3;
1, 256, 0, 0, 0, 0, 5, 1000, 3;
1, 256, 0, 1, 1, 1, 5, 1000, 3;
1, 256, 1, 1, 1, 1, 6, 1001, 4;
1, 256, 1, 1, 1, 1, 6, 1001, 4;
1, 256, 1, 1, 1, 1, 6, 1001, 4;
1, 256, 0, 0, 0, 0, 4, 999, 2;
1, 256, 1, 1, 1, 1, 6, 1001, 4;
1, 256, 0, 0, 0, 0, 5, 999, 3;
1, 256, 0, 1, 1, 1, 5, 1000, 3;
1, 256, 0, -1, -1, -1, 3, 998, 1;
1, 256, 0, -1, -1, -1, 4, 998, 2;
1, 256, 0, 0, 0, 0, 5, 1000, 3;
1, 256, 0, -1, -1, -1, 4, 999, 2;
1, 256, 0, 0, 0, 0, 5, 1000, 3;
1, 256, 0, -1, -1, -1, 4, 999, 2;
1, 256, 0, 0, 0, 0, 5, 1000, 3;
1, 256, 0, 0, 0, 0, 4, 999, 2;
0, 256, 0, -1, -1, -1, 3, 998, 1;
1, 256, 0, 0, 0, 0, 4, 999, 2;
1, 256, 0, 1, 1, 1, 5, 1000, 3;
1, 256, 0, 0, 0, 0, 5, 1000, 3;
1, 256, 0, -1, -1, -1, 4, 999, 2;
1, 256, 0, 0, 0, 0, 5, 999, 2;
1, 256, 1, 1, 1, 1, 6, 1001, 4;
1, 256, 0, -1, -1, -1, 4, 999, 2;
1, 256, 0, -1, -1, -1, 4, 999, 2;
1, 256, 0, 0, 0, 0, 5, 1000, 3;
1, 256, 0, 0, 0, 0, 5, 1000, 3;
1, 256, 0, 0, 0, 0, 5, 1000, 3;
1, 256, 1, 1, 1, 1, 6, 1001, 4;
1, 256, 0, 1, 1, 1, 5, 1000, 3;
1, 256, 0, 0, 0, 0, 4, 999, 2;
1, 256, 0, 0, 0, 0, 5, 1000, 3;
1, 256, 0, 0, 0, 0, 5, 1000, 3;
1, 256, 1, 1, 1, 1, 6, 1000, 4;
1, 256, 0, -1, -1, -1, 4, 999, 2;
1, 256, 1, 1, 1, 1, 6, 1001, 4;
1, 256, 0, -1, -1, -1, 4, 999, 2;
1, 256, 0, 0, 0, 0, 4, 999, 2;
1, 256, 0, -1, -1, -1, 4, 999, 2;
1, 256, 0, 1, 1, 1, 5, 1000, 3;
1, 256, 1, 1, 1, 1, 6, 1001, 4;
1, 256, 0, 1, 1, 1, 5, 1000, 3;
1, 256, 1, 1, 1, 1, 6, 1000, 4;
1, 256, 0, 0, 0, 0, 5, 999, 3;
1, 256, 1, 1, 1, 1, 6, 1000, 3;
1, 256, 0, 0, 0, 0, 5, 1000, 3;
1, 256, 0, 0, 0, 0, 4, 999, 2;
1, 256, 0, 0, 0, 0, 5, 1000, 3;
1, 256, 0, -1, -1, -1, 4, 999, 2;
1, 256, 0, 0, 0, 0, 5, 1000, 3;
1, 256, 0, 0, 0, 0, 5, 1000, 3;
1, 256, 0, 1, 1, 1, 5, 1000, 3;
1, 256, 1, 1, 1, 1, 5, 1000, 3;
1, 256, 1, 1, 1, 1, 6, 1001, 4;
1, 256, 0, 0, 0, 0, 5, 999, 2;
1, 256, 1, 1, 1, 1, 5, 1000, 3;
1, 256, 0, 0, 0, 0, 5, 1000, 3;
1, 256, 0, -1, -1, -1, 4, 999, 2;
1, 256, 0, 0, 0, 0, 5, 1000, 3;
1, 256, 1, 1, 1, 1, 6, 1001, 4;
1, 256, 0, 1, 1, 1, 5, 1000, 3;
1, 256, 0, 0, 0, 0, 4, 999, 2;
1, 256, 0, -1, -1, -1, 4, 999, 2;
1, 256, 1, 1, 1, 1, 5, 1000, 3;
1, 256, 0, 0, 0, 0, 5, 1000, 3;
1, 256, 0, 0, 0, 0, 4, 999, 2;
1, 256, 1, 1, 1, 1, 6, 1000, 4;
1, 256, 0, 0, 0, 0, 4, 999, 2;
1, 256, 0, -1, -1, -1, 4, 999, 2;
1, 256, 0, -1, -1, -1, 4, 998, 1;
1, 256, 0, 0, 0, 0, 4, 999, 2;
1, 256, 0, -1, -1, -1, 4, 999, 2;
1, 256, 0, -1, -1, -1, 3, 998, 1;
1, 256, 0, -1, -1, -1, 4, 999, 2;
1, 256, 0, -1, -1, -1, 4, 999, 2;
1, 256, 0, -1, -1, -1, 4, 998, 2;
1, 256, 0, 0, 0, 0, 4, 999, 2;
1, 256, 0, 0, 0, 0, 5, 1000, 3;
1, 256, 0, 0, 0, 0, 4, 999, 2;
1, 256, 0, 0, 0, 0, 5, 1000, 3;
1, 256, 0, 1, 1, 1, 5, 1000, 3;
1, 256, 1, 1, 1, 1, 6, 1001, 4;
1, 256, 0, -1, -1, -1, 4, 999, 2;
1, 256, 0, 0, 0, 0, 4, 999, 2;
1, 256, 0, 0, 0, 0, 4, 999, 2;
1, 256, 0, -1, -1, -1, 4, 999, 2;
1, 256, 0, 0, 0, 0, 4, 999, 2;
1, 256, 0, 0, 0, 0, 4, 999, 2;
1, 256, 0, -1, -1, -1, 4, 999, 2;
1, 256, 0, -1, -1, -1, 3, 998, 1;
1, 256, 0, 0, 0, 0, 5, 1000, 3;
1, 256, 0, 0, 0, 0, 5, 1000, 3;
1, 256, 1, 1, 1, 1, 6, 1000, 4;
1, 256, 1, 1, 1, 1, 6, 1001, 4;
1, 256, 0, 0, 0, 0, 5, 1000, 3;
1, 256, 0, 0, 0, 0, 5, 1000, 3;
1, 256, 0, -1, -1, -1, 4, 999, 2;
1, 256, 0, 1, 1, 1, 5, 1000, 3;
1, 256, 0, 1, 1, 1, 5, 1000, 3;
1, 256, 1, 1, 1, 1, 6, 1001, 4;
1, 256, 0, 0, 0, 0, 5, 1000, 3;
1, 256, 0, 0, 0, 0, 4, 999, 2;
1, 256, 0, 0, 0, 0, 5, 1000, 3;
1, 256, 0, -1, -1, -1, 4, 999, 2;
1, 256, 1, 1, 1, 1, 6, 1000, 4;
1, 256, 0, 0, 0, 0, 4, 999, 2;
1, 256, 0, -1, -1, -1, 4, 999, 2;
1, 256, 0, 0, 0, 0, 4, 999, 2;
1, 256, 0, -1, -1, -1, 4, 999, 2;
1, 256, 0, 0, 0, 0, 4, 999, 2;
1, 256, 0, -1, -1, -1, 4, 999, 2;
1, 256, 0, 0, 0, 0, 5, 999, 2;
1, 256, 0, 1, 1, 1, 5, 1000, 3;
1, 256, 0, -1, -1, -1, 4, 999, 2;
1, 256, 0, 0, 0, 0, 5, 1000, 3;
1, 256, 0, -1, -1, -1, 4, 999, 2;
1, 256, 1, 1, 1, 1, 6, 1001, 4;
1, 256, 0, -1, -1, -1, 4, 999, 2;
1, 256, 1, 1, 1, 1, 6, 1001, 4;
1, 256, 0, 0, 0, 0, 4, 999, 2;
1, 256, 0, 0, 0, 0, 5, 1000, 3;
1, 256, 0, -1, -1, -1, 4, 999, 2;
1, 256, 0, 0, 0, 0, 4, 999, 2;
1, 256, 0, -1, -1, -1, 4, 999, 2;
1, 256, 1, 1, 1, 1, 6, 1001, 4;
1, 256, 0, 0, 0, 0, 5, 999, 3;
1, 256, 0, 0, 0, 0, 4, 999, 2;
1, 256, 0, -1, -1, -1, 3, 998, 1;
1, 256, 0, 0, 0, 0, 4, 999, 2;
1, 256, 0, -1, -1, -1, 4, 999, 2;
1, 256, 0, 0, 0, 0, 5, 1000, 3;
1, 256, 1, 1, 1, 1, 6, 1001, 4;
1, 256, 1, 1, 1, 1, 5, 1000, 3;
1, 256, 0, 0, 0, 0, 5, 1000, 3;
1, 256, 0, 1, 1, 1, 5, 1000, 3;
1, 256, 0, 0, 0, 0, 5, 1000, 3;
0, 256, 0, -1, -1, -1, 3, 998, 1;
1, 256, 1, 1, 1, 1, 6, 1001, 4;
1, 256, 0, -1, -1, -1, 4, 999, 2;
1, 256, 0, 0, 0, 0, 4, 999, 2;
1, 256, 0, -1, -1, -1, 4, 999, 2;
1, 256, 0, -1, -1, -1, 4, 999, 2;
1, 256, 0, 0, 0, 0, 5, 999, 3;
1, 256, 0, -1, -1, -1, 4, 998, 1;
1, 256, 1, 1, 1, 1, 6, 1001, 4;
1, 256, 0, 0, 0, 0, 5, 1000, 3;
1, 256, 0, 0, 0, 0, 4, 999, 2;
1, 256, 0, 0, 0, 0, 5, 999, 3;
1, 256, 0, 0, 0, 0, 4, 999, 2;
1, 256, 1, 1, 1, 1, 5, 1000, 3;
1, 256, 0, 0, 0, 0, 5, 1000, 3;
1, 256, 0, 0, 0, 0, 5, 999, 2;
1, 256, 0, 0, 0, 0, 5, 1000, 3;
1, 256, 0, -1, -1, -1, 4, 999, 2;
1, 256, 0, -1, -1, -1, 4, 999, 2;
1, 256, 0, 0, 0, 0, 4, 999, 2;
1, 256, 0, 1, 1, 1, 5, 1000, 3;
1, 256, 0, -1, -1, -1, 4, 999, 2;
1, 256, 0, 0, 0, 0, 5, 1000, 3;
1, 256, 0, 0, 0, 0, 5, 999, 2;
1, 256, 0, 1, 1, 1, 5, 1000, 3;
1, 256, 0, 0, 0, 0, 4, 999, 2;
1, 256, 1, 1, 1, 1, 6, 1001, 4;
1, 256, 0, 0, 0, 0, 4, 999, 2;
1, 256, 1, 1, 1, 1, 6, 1001, 4;
1, 256, 0, 0, 0, 0, 4, 999, 2;
1, 256, 1, 1, 1, 1, 6, 1000, 3;
1, 256, 0, 0, 0, 0, 5, 1000, 3;
0, 256, 0, -1, -1, -1, 3, 998, 1;
1, 256, 0, 0, 0, 0, 5, 1000, 3;
1, 256, 0, -1, -1, -1, 4, 998, 2;
1, 256, 0, -1, -1, -1, 4, 998, 2;
1, 256, 0, 1, 1, 1, 5, 1000, 3;
1, 256, 0, 0, 0, 0, 5, 1000, 3;
1, 256, 0, 1, 1, 1, 5, 1000, 3;
1, 256, 1, 1, 1, 1, 5, 1000, 3;
1, 256, 1, 1, 1, 1, 6, 1001, 4;
1, 256, 0, 0, 0, 0, 4, 999, 2;
1, 256, 0, -1, -1, -1, 4, 998, 1;
1, 256, 0, 0, 0, 0, 5, 999, 2;
1, 256, 0, -1, -1, -1, 4, 999, 2;
1, 256, 0, 0, 0, 0, 5, 999, 2;
1, 256, 0, 0, 0, 0, 4, 999, 2;
1, 256, 0, 0, 0, 0, 4, 999, 2;
1, 256, 0, 0, 0, 0, 4, 999, 2;
1, 256, 0, 0, 0, 0, 4, 999, 2;
1, 256, 0, 1, 1, 1, 5, 1000, 3;
1, 256, 1, 1, 1, 1, 5, 1000, 3;
1, 256, 0, 0, 0, 0, 5, 1000, 3;
1, 256, 1, 1, 1, 1, 6, 1001, 4;
1, 256, 0, 0, 0, 0, 4, 999, 2;
1, 256, 0, 0, 0, 0, 4, 999, 2;
1, 256, 0, 0, 0, 0, 5, 1000, 3;
1, 256, 0, -1, -1, -1, 4, 999, 2;
1, 256, 0, -1, -1, -1, 4, 998, 1;
1, 256, 0, 0, 0, 0, 5, 1000, 3;
1, 256, 0, 0, 0, 0, 4, 999, 2;
1, 256, 0, 1, 1, 1, 5, 1000, 3;
1, 256, 0, 0, 0, 0, 5, 999, 2;
1, 256, 0, 1, 1, 1, 5, 1000, 3;
1, 256, 0, 1, 1, 1, 5, 1000, 3;
1, 256, 0, 0, 0, 0, 4, 999, 2;
1, 256, 0, 0, 0, 0, 5, 1000, 3;
1, 256, 0, -1, -1, -1, 4, 998, 1;
1, 256, 0, -1, -1, -1, 4, 999, 2;
1, 256, 0, -1, -1, -1, 4, 999, 2;
1, 256, 0, 0, 0, 0, 4, 999, 2;
1, 256, 0, -1, -1, -1, 4, 999, 2;
1, 256, 0, 0, 0, 0, 5, 1000, 3;
1, 256, 0, 0, 0, 0, 4, 999, 2;
1, 256, 0, -1, -1, -1, 4, 998, 1;
1, 256, 0, 1, 1, 1, 5, 1000, 3;
1, 256, 0, -1, -1, -1, 4, 999, 2;
1, 256, 0, 0, 0, 0, 5, 1000, 3;
1, 256, 1, 1, 1, 1, 6, 1001, 4;
1, 256, 0, 0, 0, 0, 4, 999, 2;
1, 256, 1, 1, 1, 1, 5, 1000, 3;
1, 256, 0, 0, 0, 0, 5, 1000, 3;
1, 256, 0, 0, 0, 0, 5, 1000, 3;
1, 256, 0, 0, 0, 0, 4, 999, 2;
1, 256, 0, 1, 1, 1, 5, 1000, 3;
1, 256, 0, 1, 1, 1, 5, 1000, 3;
1, 256, 0, 0, 0, 0, 4, 999, 2;
1, 256, 0, -1, -1, -1, 4, 999, 2;
1, 256, 0, 0, 0, 0, 4, 999, 2;
1, 256, 0, 0, 0, 0, 5, 1000, 3;
1, 256, 0, -1, -1, -1, 4, 999, 2;
1, 256, 0, 0, 0, 0, 5, 1000, 3;
1, 256, 1, 1, 1, 1, 6, 1001, 4;
1, 256, 0, -1, -1, -1, 4, 999, 2;
1, 256, 0, 0, 0, 0, 4, 999, 2;
1, 256, 0, 0, 0, 0, 5, 1000, 3;
1, 256, 0, 0, 0, 0, 5, 1000, 3;
1, 256, 0, -1, -1, -1, 4, 999, 2;
1, 256, 0, 0, 0, 0, 4, 999, 2;
1, 256, 0, 0, 0, 0, 4, 999, 2;
1, 256, 0, 0, 0, 0, 5, 999, 3;
1, 256, 0, 0, 0, 0, 5, 1000, 3;
1, 256, 0, -1, -1, -1, 4, 998, 2;
1, 256, 1, 1, 1, 1, 6, 1000, 3;
1, 256, 0, 0, 0, 0, 5, 1000, 3;
1, 256, 0, 1, 1, 1, 5, 1000, 3;
1, 256, 0, -1, -1, -1, 4, 999, 2;
1, 256, 1, 1, 1, 1, 6, 1001, 4;
1, 256, 0, 0, 0, 0, 4, 999, 2;
1, 256, 0, -1, -1, -1, 4, 998, 2;
1, 256, 0, 0, 0, 0, 5, 1000, 3;
1, 256, 0, 0, 0, 0, 5, 1000, 3;
1, 256, 0, -1, -1, -1, 3, 998, 1;
1, 256, 0, 0, 0, 0, 4, 999, 2;
1, 256, 1, 1, 1, 1, 6, 1001, 4;
1, 256, 0, 0, 0, 0, 4, 999, 2;
1, 256, 0, -1, -1, -1, 4, 999, 2;
1, 256, 0, 0, 0, 0, 4, 999, 2;
1, 256, 0, -1, -1, -1, 4, 999, 2;
1, 256, 0, -1, -1, -1, 4, 998, 2;
1, 256, 0, -1, -1, -1, 4, 999, 2;
1, 256, 0, 0, 0, 0, 5, 1000, 3;
1, 256, 0, -1, -1, -1, 4, 999, 2;
1, 256, 0, 0, 0, 0, 4, 999, 2;
1, 256, 0, 0, 0, 0, 5, 1000, 3;
1, 256, 0, 0, 0, 0, 4, 999, 2;
1, 256, 1, 1, 1, 1, 6, 1001, 4;
1, 256, 0, -1, -1, -1, 4, 999, 2;
1, 256, 0, -1, -1, -1, 4, 999, 2;
1, 256, 0, -1, -1, -1, 3, 998, 1;
1, 256, 0, 0, 0, 0, 5, 999, 3;
1, 256, 1, 1, 1, 1, 6, 1000, 4;
1, 256, 0, 0, 0, 0, 4, 999, 2;
1, 256, 0, 0, 0, 0, 5, 1000, 3;
1, 256, 0, -1, -1, -1, 4, 999, 2;
1, 256, 0, -1, -1, -1, 4, 998, 2;
1, 256, 0, 0, 0, 0, 4, 999, 2;
1, 256, 0, 1, 1, 1, 5, 1000, 3;
1, 256, 0, 0, 0, 0, 4, 999, 2;
1, 256, 0, 0, 0, 0, 5, 1000, 3;
1, 256, 0, -1, -1, -1, 4, 999, 2;
1, 256, 0, -1, -1, -1, 3, 998, 1;
1, 256, 0, 0, 0, 0, 4, 999, 2;
1, 256, 0, 0, 0, 0, 4, 999, 2;
1, 256, 0, 0, 0, 0, 4, 999, 2;
1, 256, 0, 0, 0, 0, 5, 1000, 3;
1, 256, 1, 1, 1, 1, 6, 1001, 4;
1, 256, 0, -1, -1, -1, 4, 998, 1;
1, 256, 0, -1, -1, -1, 3, 998, 1;
1, 256, 1, 1, 1, 1, 6, 1001, 4;
1, 256, 1, 1, 1, 1, 5, 1000, 3;
1, 256, 0, 0, 0, 0, 5, 1000, 3;
1, 256, 0, 0, 0, 0, 4, 999, 2;
1, 256, 0, -1, -1, -1, 3, 998, 1;
1, 256, 0, 0, 0, 0, 5, 1000, 3;
1, 256, 0, 0, 0, 0, 4, 999, 2;
1, 256, 0, 0, 0, 0, 4, 999, 2;
1, 256, 0, -1, -1, -1, 4, 999, 2;
1, 256, 0, 0, 0, 0, 5, 1000, 3;
1, 256, 0, 1, 1, 1, 5, 1000, 3;
1, 256, 0, -1, -1, -1, 4, 999, 2;
1, 256, 0, 0, 0, 0, 4, 999, 2;
1, 256, 0, -1, -1, -1, 4, 998, 1;
1, 256, 0, 1, 1, 1, 5, 1000, 3;
1, 256, 0, 0, 0, 0, 5, 1000, 3;
1, 256, 0, 0, 0, 0, 4, 999, 2;
1, 256, 0, 1, 1, 1, 5, 1000, 3;
1, 256, 1, 1, 1, 1, 6, 1000, 3;
1, 256, 1, 1, 1, 1, 6, 1001, 4;
1, 256, 0, 0, 0, 0, 5, 1000, 3;
1, 256, 0, 1, 1, 1, 5, 1000, 3;
1, 256, 0, 0, 0, 0, 4, 999, 2;
1, 256, 0, 0, 0, 0, 5, 1000, 3;
1, 256, 0, -1, -1, -1, 4, 998, 2;
1, 256, 0, -1, -1, -1, 4, 998, 2;
1, 256, 0, -1, -1, -1, 4, 999, 2;
1, 256, 0, 0, 0, 0, 5, 1000, 3;
1, 256, 0, 1, 1, 1, 5, 1000, 3;
1, 256, 0, 0, 0, 0, 5, 1000, 3;
1, 256, 0, 0, 0, 0, 5, 1000, 3;
1, 256, 0, 0, 0, 0, 5, 1000, 3;
1, 256, 0, 0, 0, 0, 5, 1000, 3;
1, 256, 0, 0, 0, 0, 5, 1000, 3;
1, 256, 0, 0, 0, 0, 4, 999, 2;
1, 256, 0, 0, 0, 0, 4, 999, 2;
1, 256, 0, 0, 0, 0, 5, 1000, 3;
1, 256, 0, 0, 0, 0, 5, 1000, 3;
1, 256, 0, -1, -1, -1, 4, 999, 2;
1, 256, 0, 0, 0, 0, 5, 999, 3;
1, 256, 0, -1, -1, -1, 4, 999, 2;
1, 256, 0, -1, -1, -1, 4, 999, 2;
1, 256, 1, 1, 1, 1, 6, 1001, 4;
1, 256, 0, -1, -1, -1, 4, 999, 2;
1, 256, 0, 1, 1, 1, 5, 1000, 3;
1, 256, 0, -1, -1, -1, 4, 999, 2;
1, 256, 0, 0, 0, 0, 5, 999, 2;
1, 256, 0, -1, -1, -1, 4, 998, 2;
1, 256, 0, 0, 0, 0, 5, 1000, 3;
1, 256, 0, 0, 0, 0, 5, 1000, 3;
1, 256, 0, -1, -1, -1, 4, 999, 2;
1, 256, 1, 1, 1, 1, 6, 1001, 4;
1, 256, 1, 1, 1, 1, 6, 1001, 4;
1, 256, 0, 0, 0, 0, 4, 999, 2;
1, 256, 0, 0, 0, 0, 5, 1000, 3;
1, 256, 0, 0, 0, 0, 5, 1000, 3;
1, 256, 0, -1, -1, -1, 4, 999, 2;
1, 256, 0, -1, -1, -1, 4, 999, 2;
1, 256, 0, 0, 0, 0, 5, 999, 3;
1, 256, 1, 1, 1, 1, 6, 1001, 4;
1, 256, 0, 0, 0, 0, 5, 1000, 3;
1, 256, 0, -1, -1, -1, 3, 998, 1;
1, 256, 0, 1, 1, 1, 5, 1000, 3;
1, 256, 0, 0, 0, 0, 4, 999, 2;
1, 256, 0, 1, 1, 1, 5, 1000, 3;
1, 256, 0, -1, -1, -1, 3, 998, 1;
1, 256, 0, -1, -1, -1, 4, 999, 2;
1, 256, 0, -1, -1, -1, 4, 999, 2;
1, 256, 1, 1, 1, 1, 6, 1001, 4;
1, 256, 0, 0, 0, 0, 4, 999, 2;
1, 256, 0, 1, 1, 1, 5, 1000, 3;
1, 256, 0, 0, 0, 0, 5, 1000, 3;
1, 256, 0, 0, 0, 0, 5, 1000, 3;
1, 256, 0, 0, 0, 0, 4, 999, 2;
1, 256, 0, 0, 0, 0, 5, 1000, 3;
1, 256, 0, 0, 0, 0, 5, 1000, 3;
1, 256, 0, -1, -1, -1, 4, 999, 2;
1, 256, 0, 0, 0, 0, 5, 1000, 3;
1, 256, 0, -1, -1, -1, 3, 998, 1;
1, 256, 0, 0, 0, 0, 5, 1000, 3;
1, 256, 0, 0, 0, 0, 4, 999, 2;
1, 256, 0, 0, 0, 0, 4, 999, 2;
1, 256, 0, -1, -1, -1, 4, 999, 2;
1, 256, 0, 0, 0, 0, 5, 1000, 3;
1, 256, 0, 1, 1, 1, 5, 1000, 3;
1, 256, 0, -1, -1, -1, 4, 999, 2;
1, 256, 0, 0, 0, 0, 5, 1000, 3;