-3, 291, 9, -11, 398, -11, -14, 1138, 36;
1, 295, 12, 25, 407, -1, 4, 1150, 48;
3, 295, 13, 53, 407, 0, 13, 1152, 50;
6, 296, 14, 84, 409, 3, 24, 1155, 55;
4, 292, 10, 100, 395, -6, 18, 1141, 42;
8, 294, 12, 133, 397, 0, 32, 1147, 49;
9, 293, 12, 158, 391, -1, 37, 1144, 48;
13, 294, 14, 190, 392, 4, 51, 1149, 56;
11, 290, 10, 204, 374, -7, 43, 1133, 42;
16, 293, 14, 240, 378, 4, 64, 1145, 56;
14, 288, 10, 252, 357, -7, 55, 1126, 41;
21, 294, 16, 295, 367, 11, 84, 1146, 64;
20, 290, 14, 311, 350, 4, 81, 1134, 56;
21, 289, 13, 332, 337, 2, 84, 1127, 53;
19, 284, 9, 341, 314, -9, 75, 1108, 38;
26, 289, 16, 381, 320, 9, 104, 1127, 62;
27, 287, 15, 400, 306, 8, 107, 1121, 61;
27, 284, 14, 415, 289, 3, 107, 1111, 55;
29, 284, 15, 438, 278, 7, 116, 1110, 60;
25, 278, 10, 439, 247, -8, 101, 1085, 40;
29, 279, 12, 463, 240, 0, 114, 1088, 49;
31, 278, 13, 482, 227, 2, 122, 1087, 54;
28, 273, 9, 483, 198, -10, 110, 1065, 38;
33, 276, 14, 511, 196, 4, 131, 1076, 56;
35, 275, 15, 527, 183, 8, 139, 1075, 61;
35, 273, 14, 535, 161, 4, 138, 1064, 57;
37, 272, 16, 549, 148, 9, 146, 1063, 63;
37, 270, 15, 556, 128, 7, 146, 1054, 60;
37, 267, 14, 561, 107, 5, 144, 1044, 57;
33, 261, 10, 553, 74, -8, 129, 1020, 40;
33, 259, 9, 556, 54, -9, 128, 1011, 38;
33, 258, 10, 562, 37, -7, 132, 1006, 41;
33, 256, 10, 563, 17, -8, 131, 998, 40;
35, 256, 12, 570, 3, -3, 138, 998, 47;
35, 254, 12, 570, -15, -2, 139, 991, 47;
36, 253, 13, 572, -32, 0, 142, 988, 51;
39, 255, 16, 580, -40, 11, 155, 994, 65;
35, 248, 12, 562, -73, -2, 137, 970, 47;
34, 247, 12, 557, -91, -2, 136, 963, 47;
34, 245, 12, 550, -110, -2, 134, 956, 47;
35, 244, 13, 547, -125, 1, 137, 954, 53;
34, 242, 12, 536, -145, 0, 133, 945, 50;
34, 241, 13, 528, -161, 1, 132, 941, 52;
29, 235, 9, 504, -190, -10, 115, 919, 38;
33, 238, 14, 506, -193, 4, 130, 931, 55;
31, 235, 13, 489, -214, 0, 121, 920, 50;
30, 234, 13, 475, -229, 1, 119, 915, 52;
31, 234, 15, 465, -239, 6, 121, 915, 58;
25, 228, 10, 434, -269, -7, 100, 892, 41;
30, 232, 16, 433, -266, 9, 117, 908, 62;
29, 232, 16, 417, -278, 11, 115, 906, 65;
26, 229, 14, 391, -297, 5, 102, 893, 57;
21, 224, 11, 359, -321, -5, 83, 874, 43;
22, 225, 13, 345, -327, 0, 86, 878, 51;
24, 227, 16, 334, -327, 11, 95, 888, 65;
16, 219, 10, 290, -358, -9, 62, 857, 39;
14, 219, 10, 267, -368, -9, 57, 854, 39;
16, 221, 13, 254, -366, 1, 64, 864, 53;
11, 217, 9, 217, -386, -10, 43, 846, 38;
13, 220, 13, 205, -380, 2, 53, 860, 54;
11, 219, 13, 177, -389, 0, 44, 854, 51;
7, 216, 10, 143, -403, -7, 27, 842, 41;
11, 221, 16, 137, -388, 11, 45, 865, 65;
9, 220, 15, 107, -394, 9, 35, 860, 62;
6, 219, 15, 78, -399, 6, 26, 856, 59;
5, 220, 15, 54, -399, 9, 22, 858, 62;
0, 217, 12, 17, -410, 0, 3, 846, 50;
-4, 213, 9, -20, -420, -11, -16, 833, 37;
-4, 214, 10, -43, -416, -7, -18, 837, 41;
-5, 216, 11, -66, -411, -3, -20, 843, 45;
-1, 221, 16, -77, -392, 11, -7, 863, 65;
-10, 215, 10, -124, -409, -8, -39, 840, 40;
-10, 217, 12, -145, -400, -3, -39, 848, 47;
-9, 220, 14, -164, -387, 4, -36, 859, 56;
-13, 218, 12, -196, -387, -1, -50, 853, 48;
-17, 216, 9, -230, -389, -10, -67, 845, 37;
-12, 224, 16, -234, -360, 9, -48, 873, 63;
-17, 221, 13, -268, -362, 0, -66, 864, 50;
-21, 220, 10, -300, -360, -7, -82, 858, 41;
-20, 222, 12, -317, -344, -2, -81, 869, 48;
-20, 225, 13, -335, -329, 1, -81, 878, 53;
-19, 229, 16, -346, -307, 11, -74, 895, 65;
-26, 224, 11, -385, -313, -6, -102, 877, 42;
-27, 226, 11, -404, -299, -5, -106, 883, 44;
-25, 230, 13, -415, -277, 2, -100, 898, 54;
-25, 233, 15, -428, -258, 7, -98, 910, 60;
-31, 229, 10, -461, -259, -7, -122, 896, 41;
-27, 235, 15, -462, -228, 6, -108, 920, 59;
-33, 232, 10, -492, -227, -8, -130, 907, 40;
-32, 236, 12, -500, -205, -2, -126, 921, 48;
-29, 241, 16, -502, -176, 9, -115, 942, 62;
-35, 238, 11, -528, -174, -5, -137, 929, 43;
-33, 242, 14, -530, -147, 3, -128, 947, 54;
-37, 240, 10, -552, -141, -9, -146, 939, 39;
-36, 243, 11, -555, -119, -4, -142, 951, 45;
-34, 247, 13, -555, -93, 2, -135, 967, 53;
-37, 247, 11, -569, -82, -5, -146, 964, 44;
-32, 254, 16, -557, -47, 10, -128, 991, 63;
-37, 251, 11, -575, -43, -4, -147, 980, 45;
-38, 252, 10, -580, -26, -7, -151, 983, 42;
-36, 256, 13, -573, 0, 0, -142, 1000, 51;
-37, 257, 12, -574, 17, -1, -144, 1004, 48;
-34, 261, 14, -566, 43, 4, -136, 1020, 56;
-37, 260, 11, -572, 52, -4, -147, 1015, 45;
-35, 263, 13, -563, 76, 0, -139, 1028, 51;
-36, 265, 12, -559, 94, -1, -140, 1033, 49;
-32, 270, 16, -541, 124, 9, -124, 1054, 63;
-31, 271, 15, -534, 141, 8, -124, 1059, 61;
-34, 270, 12, -534, 150, 0, -133, 1055, 50;
-32, 273, 13, -521, 170, 1, -128, 1064, 52;
-33, 273, 12, -513, 183, -2, -129, 1066, 48;
-28, 279, 16, -488, 213, 10, -111, 1088, 63;
-33, 274, 10, -493, 210, -8, -131, 1070, 39;
-27, 281, 15, -460, 244, 8, -105, 1098, 62;
-32, 277, 9, -463, 240, -10, -125, 1080, 37;
-30, 278, 10, -445, 256, -9, -120, 1087, 39;
-25, 284, 14, -414, 283, 3, -99, 1108, 55;
-27, 283, 11, -404, 289, -4, -105, 1103, 44;
-25, 284, 11, -383, 303, -3, -99, 1109, 46;
-26, 283, 9, -369, 309, -10, -102, 1106, 37;
-18, 291, 16, -326, 342, 10, -70, 1137, 64;
-20, 288, 12, -316, 340, -1, -80, 1125, 48;
-17, 291, 14, -287, 357, 4, -66, 1137, 56;
-14, 293, 15, -261, 368, 6, -58, 1143, 59;
-14, 292, 13, -241, 373, 2, -57, 1141, 54;
-12, 293, 14, -215, 382, 3, -49, 1146, 55;
-15, 290, 9, -204, 375, -9, -60, 1131, 38;
-11, 293, 12, -171, 389, -2, -44, 1143, 47;
-5, 297, 16, -131, 407, 10, -22, 1161, 64;
-6, 295, 13, -114, 403, 1, -26, 1151, 53;
-2, 298, 15, -80, 413, 9, -10, 1162, 62;
-3, 295, 13, -61, 408, 1, -14, 1153, 52;
0, 296, 14, -31, 413, 4, -3, 1158, 56;
0, 295, 13, -8, 410, 0, -1, 1154, 52;
5, 299, 16, 30, 421, 12, 19, 1168, 66;
-1, 291, 9, 32, 396, -12, -4, 1137, 35;
3, 294, 12, 68, 403, -3, 14, 1147, 47;
10, 298, 16, 110, 415, 12, 39, 1165, 66;
10, 297, 15, 132, 407, 7, 40, 1158, 60;
9, 294, 13, 152, 396, 0, 38, 1148, 52;
12, 294, 14, 180, 393, 3, 48, 1149, 55;
11, 291, 11, 199, 379, -3, 45, 1138, 46;
11, 289, 9, 217, 365, -10, 43, 1127, 37;
16, 292, 13, 253, 369, 1, 64, 1139, 52;
15, 288, 11, 270, 353, -5, 61, 1126, 43;
21, 292, 15, 307, 357, 7, 84, 1139, 60;
21, 289, 14, 325, 342, 3, 84, 1130, 54;
19, 284, 10, 335, 318, -8, 74, 1111, 40;
24, 288, 14, 370, 320, 4, 96, 1123, 56;
26, 287, 15, 393, 310, 7, 105, 1122, 59;
23, 282, 11, 399, 283, -5, 93, 1100, 43;
28, 283, 14, 428, 279, 3, 110, 1107, 55;
31, 284, 16, 452, 271, 10, 123, 1110, 64;
29, 280, 13, 459, 246, 0, 114, 1092, 51;
26, 275, 9, 464, 220, -10, 105, 1073, 38;
27, 273, 9, 478, 203, -10, 108, 1066, 37;
35, 278, 16, 512, 207, 9, 137, 1085, 63;
29, 270, 9, 504, 169, -10, 114, 1053, 37;
32, 270, 11, 522, 159, -3, 126, 1056, 46;
36, 272, 15, 542, 151, 6, 141, 1061, 58;
34, 268, 13, 545, 126, 0, 136, 1047, 51;
38, 269, 16, 563, 118, 10, 150, 1052, 63;
38, 267, 15, 567, 96, 7, 148, 1042, 60;
37, 264, 14, 568, 73, 3, 144, 1030, 54;
37, 262, 14, 572, 54, 2, 145, 1022, 54;
34, 257, 10, 564, 25, -7, 133, 1003, 42;
35, 256, 11, 568, 8, -4, 136, 998, 44;
39, 258, 15, 581, 1, 7, 152, 1007, 60;
38, 256, 15, 579, -18, 6, 150, 998, 59;
35, 251, 12, 568, -46, -1, 139, 980, 48;
39, 253, 16, 576, -54, 9, 152, 987, 62;
33, 246, 11, 555, -89, -6, 131, 960, 42;
35, 246, 13, 556, -100, 0, 139, 963, 52;
36, 246, 14, 552, -116, 4, 141, 960, 56;
34, 242, 12, 539, -139, 0, 133, 947, 50;
35, 242, 14, 534, -152, 4, 137, 946, 56;
36, 242, 15, 528, -165, 9, 140, 946, 62;
29, 234, 9, 496, -202, -10, 113, 915, 38;
34, 239, 15, 502, -200, 8, 133, 932, 61;
33, 238, 16, 489, -214, 10, 131, 928, 63;
31, 235, 15, 471, -233, 7, 124, 919, 60;
30, 234, 15, 455, -248, 7, 120, 913, 60;
29, 232, 14, 435, -266, 4, 113, 905, 57;
28, 231, 15, 420, -276, 8, 112, 903, 61;
28, 231, 16, 403, -288, 10, 110, 901, 63;
24, 227, 14, 375, -308, 3, 96, 887, 55;
19, 222, 10, 343, -332, -8, 76, 868, 40;
20, 223, 12, 327, -337, -2, 78, 871, 47;
19, 223, 12, 306, -346, 0, 75, 869, 49;
19, 223, 14, 289, -351, 4, 76, 873, 57;
14, 219, 11, 254, -370, -5, 57, 856, 43;
14, 219, 12, 233, -376, -2, 55, 857, 47;
12, 218, 11, 206, -385, -4, 46, 852, 45;
12, 219, 13, 186, -386, 1, 47, 856, 52;
11, 220, 14, 164, -389, 4, 45, 858, 56;
5, 215, 9, 123, -408, -10, 20, 838, 38;
6, 217, 12, 106, -403, -1, 25, 848, 49;
7, 220, 15, 88, -397, 8, 30, 858, 61;
1, 215, 10, 46, -415, -7, 4, 838, 41;
3, 219, 15, 34, -402, 6, 15, 855, 59;
-1, 215, 11, -4, -414, -4, -5, 841, 45;
0, 219, 15, -20, -403, 6, 1, 855, 58;
-3, 217, 13, -52, -407, 1, -12, 849, 52;
-8, 214, 10, -90, -415, -9, -31, 837, 39;
-10, 214, 9, -118, -413, -10, -39, 836, 37;
-12, 214, 9, -144, -409, -10, -46, 837, 37;
-7, 221, 15, -152, -386, 7, -30, 862, 59;
-15, 215, 9, -197, -399, -11, -61, 840, 36;
-13, 219, 12, -211, -381, 0, -53, 857, 50;
-14, 221, 13, -234, -372, 1, -56, 862, 52;
-12, 225, 16, -248, -353, 11, -50, 878, 65;
-17, 222, 13, -283, -355, 0, -70, 867, 51;
-20, 222, 12, -310, -348, -2, -79, 867, 47;
-24, 220, 9, -340, -346, -10, -95, 861, 37;
-19, 228, 15, -342, -315, 8, -76, 889, 61;
-21, 228, 15, -366, -305, 6, -85, 891, 58;
-24, 228, 13, -392, -298, 0, -97, 889, 51;
-26, 229, 13, -411, -284, 0, -101, 894, 51;
-26, 231, 13, -428, -269, 1, -104, 900, 53;
-26, 234, 15, -441, -249, 6, -103, 912, 59;
-25, 237, 16, -451, -228, 12, -100, 925, 66;
-33, 231, 9, -489, -234, -9, -131, 903, 38;
-33, 234, 10, -501, -215, -7, -131, 913, 41;
-32, 237, 12, -508, -192, -1, -127, 926, 49;
-34, 238, 11, -524, -179, -5, -135, 928, 44;
-36, 238, 10, -537, -164, -7, -141, 931, 41;
-37, 239, 9, -549, -148, -10, -146, 935, 38;
-37, 242, 10, -555, -127, -7, -145, 945, 41;
-38, 243, 10, -564, -110, -8, -149, 951, 40;
-32, 251, 16, -551, -72, 10, -126, 982, 64;
-37, 248, 11, -570, -68, -4, -145, 971, 45;
-36, 252, 13, -569, -43, 1, -140, 984, 52;
-39, 250, 9, -582, -36, -10, -155, 977, 38;
-40, 252, 9, -584, -17, -11, -156, 983, 37;
-33, 260, 16, -563, 22, 9, -130, 1016, 62;
-35, 260, 14, -567, 36, 4, -136, 1017, 56;
-38, 259, 11, -575, 45, -6, -149, 1011, 43;
-34, 264, 14, -559, 76, 5, -133, 1033, 57;
-38, 261, 10, -569, 79, -9, -150, 1021, 39;
-34, 267, 13, -552, 109, 1, -136, 1041, 52;
-31, 272, 16, -533, 138, 11, -120, 1061, 65;
-30, 273, 16, -525, 156, 11, -119, 1068, 65;
-35, 270, 11, -531, 158, -4, -136, 1054, 45;
-34, 271, 11, -520, 174, -5, -135, 1060, 43;
-30, 276, 14, -497, 202, 5, -118, 1079, 57;
-28, 279, 15, -480, 222, 8, -111, 1090, 61;
-27, 280, 15, -467, 237, 7, -109, 1094, 59;
-28, 281, 14, -454, 250, 3, -109, 1096, 55;
-29, 280, 12, -444, 258, -2, -113, 1094, 47;
-29, 280, 11, -430, 269, -6, -113, 1095, 43;
-26, 283, 12, -406, 289, 0, -101, 1107, 50;
-26, 283, 11, -392, 297, -5, -103, 1105, 43;
-24, 285, 11, -369, 311, -4, -96, 1112, 45;
-23, 286, 11, -349, 322, -4, -91, 1116, 44;
-19, 289, 13, -319, 341, 2, -77, 1129, 54;
-22, 286, 9, -310, 339, -10, -87, 1117, 38;
-17, 291, 13, -275, 360, 1, -67, 1135, 52;
-12, 294, 16, -242, 378, 10, -50, 1150, 63;
-14, 292, 13, -226, 377, 0, -55, 1141, 52;
-16, 289, 9, -213, 372, -11, -64, 1129, 37;
-10, 294, 13, -174, 392, 2, -40, 1148, 54;
-7, 296, 15, -145, 401, 6, -29, 1155, 58;
-8, 294, 12, -125, 399, 0, -31, 1148, 50;
-6, 295, 13, -98, 403, 0, -24, 1150, 51;
-6, 292, 10, -79, 399, -7, -27, 1142, 41;
-2, 296, 13, -43, 410, 1, -8, 1154, 53;
0, 296, 14, -14, 413, 3, 0, 1157, 55;
0, 294, 11, 4, 405, -4, -3, 1147, 45;
4, 297, 15, 43, 416, 7, 18, 1161, 60;
3, 294, 12, 61, 405, -1, 13, 1149, 48;
9, 298, 16, 100, 415, 11, 36, 1164, 64;
3, 290, 9, 104, 389, -11, 14, 1134, 36;
5, 291, 9, 132, 386, -10, 22, 1135, 38;
8, 291, 10, 161, 384, -6, 33, 1137, 42;
16, 297, 16, 206, 397, 12, 63, 1159, 66;
15, 294, 14, 224, 383, 4, 60, 1147, 57;
15, 291, 12, 243, 370, 0, 60, 1137, 50;
16, 290, 12, 265, 359, -2, 63, 1131, 47;
21, 293, 16, 301, 361, 9, 84, 1143, 62;
16, 285, 9, 303, 331, -11, 64, 1114, 37;
24, 290, 15, 346, 340, 8, 94, 1134, 61;
24, 289, 15, 365, 326, 6, 97, 1127, 58;
22, 283, 11, 373, 301, -5, 87, 1107, 43;
27, 286, 14, 404, 299, 5, 106, 1116, 57;
26, 282, 12, 417, 279, -1, 102, 1103, 49;
26, 280, 11, 432, 262, -3, 104, 1094, 46;
29, 280, 13, 454, 252, 0, 113, 1094, 51;
28, 277, 11, 465, 231, -4, 111, 1082, 45;
29, 276, 11, 480, 215, -4, 115, 1076, 45;
28, 272, 9, 487, 192, -10, 110, 1062, 37;
35, 277, 15, 520, 195, 9, 138, 1080, 62;
34, 273, 14, 527, 173, 4, 135, 1068, 56;
32, 268, 11, 527, 144, -6, 125, 1048, 43;
32, 267, 11, 536, 126, -6, 127, 1041, 43;
31, 264, 9, 540, 103, -10, 124, 1029, 37;
34, 264, 11, 554, 91, -3, 134, 1031, 46;
39, 266, 16, 573, 86, 10, 152, 1041, 63;
35, 261, 12, 567, 56, 0, 140, 1020, 49;
33, 256, 9, 561, 28, -10, 129, 1001, 38;
38, 259, 14, 578, 24, 5, 148, 1013, 57;
37, 257, 13, 576, 2, 2, 145, 1002, 53;
38, 256, 15, 579, -12, 6, 150, 1001, 59;
39, 255, 15, 579, -29, 8, 152, 996, 61;
35, 250, 12, 566, -59, -1, 139, 976, 48;
35, 248, 12, 562, -77, 0, 139, 970, 49;
37, 248, 14, 563, -90, 5, 145, 971, 57;
31, 242, 9, 540, -125, -10, 123, 943, 37;
33, 242, 12, 539, -135, -3, 131, 946, 47;
30, 238, 9, 522, -162, -11, 118, 929, 36;
36, 243, 16, 532, -159, 9, 141, 948, 62;
28, 234, 9, 499, -197, -11, 112, 915, 36;
30, 236, 12, 495, -205, -2, 120, 920, 47;
34, 238, 16, 495, -208, 10, 134, 931, 64;
31, 235, 14, 475, -229, 5, 124, 919, 58;
28, 232, 12, 453, -251, 0, 112, 905, 50;
31, 234, 16, 446, -256, 10, 121, 913, 63;
23, 226, 9, 407, -290, -10, 91, 882, 38;
25, 228, 12, 398, -294, 0, 98, 889, 50;
27, 229, 15, 388, -298, 8, 105, 896, 62;
26, 229, 16, 369, -309, 10, 102, 894, 64;
19, 222, 10, 329, -339, -7, 74, 867, 41;
19, 222, 12, 311, -345, -3, 74, 868, 47;
21, 225, 15, 301, -343, 9, 83, 879, 62;
13, 218, 9, 257, -373, -10, 53, 851, 37;
18, 223, 15, 252, -362, 7, 70, 871, 60;
11, 217, 10, 212, -386, -7, 45, 849, 41;
11, 218, 11, 190, -389, -4, 43, 850, 45;
12, 221, 15, 175, -385, 6, 50, 862, 59;
10, 220, 14, 147, -391, 4, 41, 858, 57;
5, 216, 11, 110, -406, -5, 22, 843, 44;
3, 215, 10, 82, -412, -7, 13, 839, 41;
5, 218, 14, 67, -402, 4, 21, 853, 56;
5, 220, 16, 47, -397, 11, 23, 861, 65;
0, 216, 12, 6, -412, -2, -1, 843, 47;
1, 219, 15, -10, -401, 8, 5, 857, 60;
0, 219, 15, -38, -402, 6, -3, 855, 58;
-2, 219, 15, -64, -398, 7, -8, 857, 60;
-4, 219, 15, -92, -397, 6, -16, 857, 59;
-8, 218, 13, -125, -400, 0, -31, 850, 50;
-6, 222, 16, -140, -384, 11, -23, 866, 64;
-10, 219, 13, -176, -388, 1, -42, 856, 52;
-12, 220, 13, -201, -381, 1, -48, 858, 52;
-16, 218, 11, -233, -381, -5, -63, 852, 43;
-16, 220, 12, -254, -370, -2, -65, 859, 47;
-19, 219, 10, -283, -365, -6, -77, 857, 42;
-21, 220, 10, -307, -356, -7, -83, 860, 41;
-19, 225, 14, -319, -335, 3, -76, 877, 55;
-22, 224, 12, -346, -329, -2, -88, 874, 48;
-21, 227, 14, -360, -311, 4, -85, 888, 56;
-23, 229, 14, -381, -298, 5, -89, 893, 57;
-22, 232, 16, -395, -279, 10, -87, 904, 64;
-25, 231, 14, -418, -270, 5, -98, 904, 57;
-26, 233, 15, -435, -254, 6, -101, 910, 59;
-30, 231, 12, -461, -249, -3, -118, 904, 47;
-33, 231, 9, -484, -240, -9, -130, 901, 38;
-34, 232, 9, -499, -224, -10, -134, 907, 38;
-29, 239, 15, -495, -190, 6, -116, 934, 59;
-34, 237, 11, -519, -184, -4, -133, 927, 45;
-35, 238, 11, -532, -169, -6, -138, 931, 43;
-34, 242, 13, -536, -144, 0, -132, 946, 51;
-35, 243, 11, -549, -130, -3, -140, 948, 46;
-32, 248, 15, -545, -100, 7, -127, 969, 60;
-38, 244, 9, -570, -99, -10, -151, 953, 38;
-39, 245, 9, -577, -82, -12, -155, 958, 35;
-38, 249, 11, -574, -56, -5, -148, 974, 44;
-40, 249, 9, -583, -43, -11, -156, 974, 37;
-36, 254, 12, -574, -14, -1, -144, 993, 49;
-32, 260, 16, -562, 18, 11, -128, 1016, 65;
-38, 257, 11, -578, 19, -5, -149, 1002, 43;
-33, 263, 16, -560, 54, 9, -129, 1028, 62;
-37, 260, 11, -572, 58, -5, -148, 1016, 43;
-37, 262, 11, -566, 78, -4, -145, 1025, 45;
-36, 265, 12, -558, 98, -3, -142, 1034, 46;
-34, 267, 13, -548, 120, 0, -136, 1045, 51;
-38, 265, 9, -552, 126, -12, -149, 1036, 35;
-31, 274, 15, -521, 165, 8, -121, 1068, 61;
-31, 274, 14, -515, 178, 3, -124, 1069, 55;
-29, 277, 16, -496, 201, 10, -113, 1084, 63;
-32, 275, 12, -496, 206, -2, -125, 1074, 47;
-27, 281, 16, -468, 236, 11, -105, 1097, 64;
-32, 276, 9, -474, 230, -10, -127, 1077, 38;
-28, 281, 13, -446, 257, 1, -110, 1096, 52;
-28, 281, 11, -433, 267, -3, -111, 1096, 46;
-25, 284, 13, -409, 287, 2, -99, 1108, 53;
-26, 284, 12, -395, 295, -3, -101, 1107, 47;
-25, 284, 11, -377, 306, -4, -98, 1110, 45;
-22, 286, 12, -353, 322, -1, -89, 1118, 48;
-20, 289, 13, -327, 337, 2, -79, 1127, 53;
-17, 291, 15, -300, 352, 6, -68, 1137, 59;
-16, 292, 15, -277, 362, 6, -62, 1140, 58;
-13, 294, 16, -250, 375, 10, -51, 1149, 63;
-16, 291, 11, -239, 370, -3, -62, 1135, 46;
-12, 293, 13, -208, 383, 2, -49, 1145, 53;
-13, 291, 11, -191, 382, -5, -52, 1138, 44;
-9, 294, 13, -159, 394, 0, -38, 1148, 52;
-7, 295, 13, -131, 401, 2, -30, 1151, 54;
-5, 295, 14, -104, 405, 3, -22, 1154, 54;
-8, 291, 9, -91, 395, -10, -33, 1138, 37;
-3, 295, 13, -53, 408, 0, -12, 1153, 51;
-4, 293, 10, -34, 401, -7, -16, 1143, 41;
0, 295, 12, 0, 409, 0, 0, 1151, 50;
4, 298, 16, 36, 418, 9, 18, 1164, 62;
1, 293, 10, 46, 400, -7, 4, 1143, 42;
2, 292, 10, 72, 397, -8, 9, 1141, 40;
8, 296, 15, 113, 408, 6, 34, 1158, 58;
10, 296, 14, 139, 404, 5, 40, 1155, 58;
8, 292, 11, 155, 388, -4, 33, 1141, 45;
12, 293, 13, 187, 389, 1, 47, 1146, 52;
10, 289, 9, 201, 370, -10, 39, 1129, 38;
14, 292, 13, 235, 373, 0, 58, 1139, 50;
14, 289, 10, 253, 358, -6, 56, 1127, 42;
18, 291, 13, 286, 358, 2, 73, 1136, 54;
19, 289, 12, 306, 344, -1, 74, 1127, 49;
17, 284, 9, 318, 323, -11, 67, 1110, 36;
19, 284, 10, 342, 315, -8, 76, 1109, 40;
25, 288, 15, 379, 318, 6, 101, 1124, 59;
28, 288, 16, 404, 310, 11, 112, 1125, 65;
23, 280, 9, 402, 275, -9, 90, 1094, 38;
29, 284, 15, 437, 277, 6, 115, 1109, 59;
29, 281, 13, 450, 258, 2, 114, 1098, 53;
29, 279, 13, 464, 241, 0, 116, 1090, 51;
34, 281, 16, 490, 235, 10, 132, 1097, 64;
35, 279, 16, 505, 219, 11, 136, 1091, 64;
34, 276, 15, 513, 198, 6, 134, 1079, 59;
36, 276, 16, 530, 185, 11, 142, 1078, 64;
36, 273, 15, 537, 164, 7, 141, 1068, 60;
35, 270, 13, 542, 141, 2, 137, 1055, 54;
33, 266, 12, 545, 117, -3, 132, 1040, 46;
33, 263, 10, 548, 94, -6, 129, 1029, 42;
35, 263, 12, 560, 81, -1, 138, 1029, 49;
38, 264, 15, 573, 70, 6, 149, 1032, 59;
40, 264, 16, 582, 56, 11, 156, 1031, 65;
33, 256, 10, 563, 16, -8, 131, 998, 39;
33, 254, 10, 565, -1, -8, 132, 992, 40;
36, 255, 13, 573, -12, 0, 142, 995, 51;
39, 256, 16, 581, -22, 9, 154, 999, 62;
36, 251, 13, 569, -50, 0, 142, 981, 51;
36, 250, 13, 567, -68, 2, 143, 976, 54;
32, 244, 9, 550, -99, -9, 127, 954, 38;
39, 249, 16, 565, -96, 12, 152, 974, 66;
35, 245, 14, 548, -123, 2, 139, 956, 54;
37, 245, 16, 547, -134, 10, 146, 958, 63;
34, 241, 14, 530, -159, 3, 135, 943, 55;
34, 240, 14, 520, -175, 5, 134, 939, 57;
30, 235, 11, 497, -202, -5, 118, 919, 44;
31, 236, 13, 490, -212, 1, 123, 921, 52;
27, 231, 10, 465, -239, -8, 107, 903, 40;
31, 235, 15, 466, -238, 7, 123, 917, 60;
31, 235, 16, 453, -249, 11, 124, 916, 65;
27, 230, 13, 425, -274, 1, 107, 898, 52;
24, 227, 12, 402, -292, -2, 97, 888, 47;
21, 224, 10, 376, -312, -9, 84, 875, 39;
25, 228, 14, 371, -309, 5, 98, 889, 58;
23, 226, 14, 349, -322, 5, 91, 884, 57;
22, 226, 15, 329, -332, 6, 88, 881, 59;
20, 224, 14, 305, -344, 5, 81, 876, 57;
17, 221, 12, 274, -360, -1, 66, 863, 48;
19, 225, 16, 264, -356, 11, 77, 877, 65;
16, 222, 15, 234, -369, 6, 65, 868, 59;
11, 217, 11, 197, -388, -5, 43, 850, 44;
7, 215, 9, 166, -401, -11, 30, 840, 36;
10, 219, 13, 153, -393, 1, 39, 854, 53;
7, 217, 12, 124, -400, 0, 30, 849, 49;
3, 214, 10, 89, -412, -8, 13, 838, 39;
3, 216, 11, 67, -411, -4, 12, 842, 45;
1, 215, 11, 40, -413, -4, 5, 841, 45;
4, 220, 16, 27, -400, 9, 16, 858, 62;
-3, 213, 9, -19, -420, -10, -14, 834, 38;
0, 219, 15, -29, -402, 6, 0, 855, 59;
-1, 220, 15, -54, -399, 8, -5, 858, 61;
-9, 214, 9, -100, -415, -10, -35, 835, 37;
-6, 218, 13, -114, -399, 1, -26, 852, 53;
-5, 222, 16, -131, -385, 11, -21, 866, 65;
-7, 222, 16, -158, -381, 10, -29, 866, 63;
-12, 219, 12, -195, -387, -1, -50, 854, 48;
-15, 218, 11, -223, -382, -4, -59, 853, 45;
-12, 223, 15, -235, -361, 8, -49, 872, 61;
-17, 221, 13, -268, -362, 0, -66, 865, 51;
-18, 222, 13, -291, -352, 0, -72, 868, 51;
-20, 222, 12, -317, -344, -2, -81, 869, 48;
-24, 221, 9, -347, -341, -10, -96, 863, 38;
-23, 225, 12, -361, -322, -2, -92, 877, 47;
-26, 224, 10, -386, -314, -7, -103, 876, 42;
-27, 226, 11, -405, -300, -6, -106, 882, 43;
-25, 230, 14, -413, -276, 4, -98, 900, 56;
-28, 230, 12, -438, -268, -2, -111, 897, 47;
-26, 234, 15, -445, -243, 7, -102, 916, 60;
-27, 236, 15, -460, -226, 9, -105, 923, 62;
-33, 233, 10, -491, -227, -7, -129, 908, 41;
-35, 233, 9, -509, -214, -11, -137, 910, 37;
-32, 239, 13, -509, -184, 1, -125, 932, 53;
-32, 241, 13, -520, -165, 2, -126, 940, 54;
-34, 241, 12, -535, -152, -2, -135, 941, 48;
-36, 241, 10, -549, -139, -6, -143, 942, 42;
-36, 244, 12, -553, -117, -2, -140, 953, 47;
-39, 243, 9, -569, -107, -11, -153, 949, 36;
-32, 252, 16, -552, -65, 11, -126, 985, 64;
-40, 247, 9, -580, -69, -12, -156, 963, 35;
-40, 248, 9, -583, -50, -11, -156, 970, 36;
-35, 255, 14, -569, -15, 3, -137, 997, 55;
-37, 255, 11, -577, -3, -3, -147, 995, 46;
-39, 255, 10, -581, 10, -8, -153, 996, 40;
-36, 259, 12, -572, 37, 0, -143, 1013, 49;
-33, 264, 15, -560, 64, 7, -132, 1030, 59;
-32, 267, 16, -553, 87, 10, -127, 1041, 64;
-38, 262, 10, -567, 86, -9, -150, 1023, 39;
-31, 270, 16, -540, 124, 10, -124, 1055, 63;
-38, 265, 9, -553, 121, -10, -148, 1035, 37;
-32, 272, 15, -527, 157, 6, -124, 1063, 58;
-33, 272, 13, -522, 169, 0, -129, 1063, 51;
-35, 271, 10, -518, 178, -7, -136, 1060, 41;
-29, 278, 15, -490, 210, 7, -114, 1085, 60;
-34, 273, 9, -495, 208, -11, -134, 1067, 36;
-33, 275, 9, -479, 225, -10, -129, 1075, 38;
-28, 281, 13, -451, 252, 1, -110, 1095, 53;
-30, 279, 10, -444, 258, -7, -118, 1089, 41;
-26, 283, 13, -416, 281, 1, -102, 1106, 52;
-24, 285, 14, -394, 298, 4, -93, 1115, 56;
-21, 288, 16, -369, 317, 9, -82, 1126, 63;
-21, 288, 14, -353, 325, 5, -82, 1125, 57;
-20, 289, 14, -333, 335, 4, -78, 1128, 56;
-18, 290, 14, -309, 347, 5, -71, 1134, 57;
-16, 292, 15, -285, 359, 6, -64, 1139, 59;
-17, 290, 12, -270, 360, -1, -69, 1132, 48;
-16, 290, 11, -247, 367, -3, -65, 1134, 46;
-15, 291, 11, -222, 375, -3, -58, 1137, 46;
-14, 291, 11, -200, 379, -5, -55, 1136, 43;
-8, 295, 15, -162, 398, 6, -33, 1154, 59;
-8, 295, 14, -139, 400, 3, -31, 1151, 54;
-5, 296, 15, -109, 407, 6, -20, 1157, 59;
-6, 294, 12, -92, 402, -2, -25, 1147, 47;
-7, 291, 9, -73, 396, -10, -29, 1138, 37;
-3, 294, 12, -38, 406, -2, -12, 1149, 47;
-1, 294, 11, -12, 406, -3, -6, 1148, 46;
0, 294, 11, 13, 404, -4, -1, 1146, 45;
5, 297, 15, 52, 416, 7, 20, 1161, 60;
1, 291, 9, 60, 395, -11, 4, 1137, 37;
7, 296, 14, 103, 408, 4, 30, 1156, 56;
4, 291, 9, 115, 389, -10, 18, 1136, 38;
12, 296, 15, 159, 403, 8, 47, 1157, 61;
14, 297, 16, 188, 400, 11, 58, 1159, 64;
10, 291, 11, 196, 376, -6, 42, 1134, 42;
13, 291, 12, 225, 373, -2, 53, 1137, 48;
13, 289, 10, 244, 360, -8, 52, 1127, 40;
15, 288, 10, 269, 351, -7, 59, 1124, 41;
16, 287, 10, 292, 341, -7, 65, 1121, 41;
23, 292, 16, 332, 349, 10, 93, 1139, 64;
21, 287, 12, 342, 325, -2, 83, 1119, 48;
24, 287, 14, 369, 319, 4, 96, 1122, 56;
20, 281, 9, 374, 291, -11, 81, 1098, 36;
28, 286, 15, 413, 297, 7, 110, 1117, 60;
25, 281, 11, 419, 271, -4, 100, 1097, 45;
27, 280, 12, 439, 258, -2, 106, 1093, 47;
30, 281, 14, 464, 251, 5, 120, 1098, 57;
27, 275, 10, 466, 222, -7, 108, 1076, 41;
31, 277, 13, 491, 216, 2, 124, 1082, 53;
35, 279, 16, 514, 209, 11, 139, 1088, 65;
34, 275, 14, 520, 185, 5, 134, 1073, 57;
30, 268, 9, 516, 153, -9, 118, 1048, 38;
37, 273, 16, 546, 154, 10, 146, 1066, 63;
32, 266, 10, 538, 119, -7, 126, 1038, 41;
33, 264, 11, 547, 102, -5, 130, 1033, 43;
35, 264, 13, 559, 89, 0, 139, 1033, 50;
32, 259, 9, 554, 59, -10, 127, 1013, 37;
36, 261, 12, 568, 50, 0, 140, 1018, 50;
38, 261, 15, 579, 39, 7, 151, 1021, 59;
39, 260, 16, 582, 22, 9, 154, 1016, 62;
36, 255, 13, 574, -5, 0, 143, 998, 51;
37, 255, 14, 577, -21, 4, 148, 996, 56;
35, 251, 12, 568, -46, -1, 139, 980, 48;
37, 251, 14, 570, -60, 3, 145, 980, 55;
39, 251, 16, 572, -72, 11, 153, 982, 64;
31, 243, 9, 544, -113, -11, 124, 947, 36;
31, 241, 9, 537, -131, -11, 122, 941, 37;
32, 240, 10, 532, -146, -7, 125, 939, 41;
33, 240, 12, 527, -158, -2, 129, 938, 48;
29, 236, 9, 507, -185, -11, 114, 920, 36;
33, 239, 14, 510, -188, 3, 130, 932, 55;
33, 238, 15, 500, -202, 6, 130, 929, 58;
33, 238, 16, 489, -214, 10, 132, 928, 63;
30, 234, 13, 466, -238, 2, 118, 912, 53;
32, 235, 16, 459, -244, 12, 126, 919, 66;
29, 232, 14, 435, -266, 4, 113, 905, 57;
23, 226, 10, 404, -292, -7, 93, 884, 41;
26, 229, 14, 398, -293, 5, 104, 895, 58;
24, 227, 13, 375, -308, 2, 96, 887, 54;
25, 228, 16, 362, -312, 11, 101, 892, 64;
24, 228, 16, 341, -323, 11, 96, 889, 65;
19, 223, 13, 307, -345, 0, 76, 871, 51;
14, 219, 9, 274, -366, -10, 58, 854, 38;
20, 225, 16, 272, -353, 11, 79, 878, 65;
11, 217, 10, 226, -383, -9, 46, 848, 39;
15, 222, 15, 218, -374, 6, 61, 866, 59;
14, 221, 15, 192, -380, 6, 54, 863, 59;
12, 220, 14, 165, -387, 5, 47, 860, 58;
11, 221, 16, 143, -388, 9, 45, 863, 62;
3, 214, 10, 98, -411, -9, 15, 838, 39;
5, 217, 13, 80, -405, 0, 19, 848, 50;
0, 214, 10, 45, -416, -8, 2, 837, 40;
2, 217, 13, 28, -407, 1, 8, 849, 53;
-1, 215, 11, -4, -414, -4, -5, 841, 45;
-1, 217, 13, -25, -407, 1, -4, 849, 52;
-4, 216, 12, -56, -410, -2, -16, 844, 47;
-2, 220, 15, -72, -397, 8, -9, 859, 61;
-9, 215, 10, -115, -410, -8, -36, 839, 40;
-9, 217, 12, -137, -401, -3, -37, 847, 47;
-12, 216, 11, -166, -399, -6, -47, 845, 43;
-12, 218, 12, -187, -389, -1, -48, 853, 48;
-10, 222, 15, -202, -372, 8, -41, 868, 61;
-16, 218, 11, -242, -379, -5, -66, 853, 43;
-15, 222, 13, -258, -363, 2, -62, 866, 53;
-16, 223, 14, -279, -351, 4, -64, 873, 56;
-18, 224, 13, -305, -343, 2, -73, 873, 53;
-22, 223, 12, -332, -338, -3, -85, 871, 47;
-22, 225, 13, -351, -323, 0, -87, 879, 51;
-25, 225, 11, -377, -316, -4, -98, 877, 44;
-25, 226, 12, -395, -301, -2, -101, 884, 47;
-23, 231, 15, -403, -277, 8, -92, 903, 61;
-30, 227, 9, -441, -281, -10, -120, 885, 37;
-27, 232, 13, -445, -253, 2, -108, 907, 54;
-31, 231, 10, -470, -247, -6, -123, 901, 42;
-31, 234, 12, -481, -227, -2, -122, 913, 47;
-28, 239, 15, -485, -200, 8, -112, 932, 61;
-34, 236, 11, -513, -198, -6, -133, 920, 43;
-32, 240, 14, -515, -171, 3, -124, 939, 55;
-31, 243, 14, -524, -150, 5, -124, 948, 58;
-31, 246, 16, -529, -128, 10, -121, 961, 64;
-33, 245, 14, -545, -117, 3, -132, 959, 55;
-34, 247, 13, -552, -99, 2, -134, 965, 54;
-33, 250, 15, -554, -76, 7, -130, 977, 59;
-39, 247, 10, -575, -73, -8, -152, 964, 39;
-32, 255, 16, -558, -33, 11, -127, 998, 65;
-32, 257, 16, -560, -14, 11, -127, 1004, 65;
-37, 254, 11, -577, -10, -3, -147, 992, 46;
-40, 254, 9, -584, 1, -11, -156, 990, 36;
-39, 256, 9, -582, 21, -10, -154, 999, 38;
-33, 264, 15, -560, 60, 8, -130, 1030, 61;
-33, 265, 15, -557, 78, 7, -131, 1035, 60;
-39, 261, 9, -570, 78, -10, -152, 1020, 37;
-38, 263, 10, -562, 98, -9, -149, 1028, 39;
-34, 269, 13, -543, 128, 1, -133, 1049, 53;
-35, 268, 11, -541, 139, -5, -140, 1047, 44;
-36, 269, 10, -535, 153, -8, -141, 1049, 40;
-33, 272, 12, -517, 177, -2, -131, 1064, 47;
-33, 274, 12, -505, 194, -2, -128, 1069, 47;
-28, 279, 15, -481, 222, 8, -111, 1089, 60;
-33, 275, 10, -483, 221, -8, -128, 1075, 40;
-32, 276, 9, -470, 234, -11, -128, 1077, 36;
-28, 281, 13, -442, 261, 0, -110, 1097, 50;
-23, 286, 16, -413, 287, 11, -91, 1117, 65;
-27, 282, 11, -410, 284, -5, -107, 1101, 44;
-24, 285, 13, -385, 304, 1, -94, 1114, 52;
-22, 287, 13, -362, 318, 2, -87, 1121, 54;
-23, 286, 11, -349, 322, -5, -92, 1115, 44;
-19, 290, 14, -318, 343, 4, -74, 1131, 56;
-21, 287, 10, -306, 342, -7, -83, 1121, 42;
-19, 288, 10, -283, 352, -6, -76, 1125, 42;
-15, 291, 13, -251, 368, 0, -61, 1138, 51;
-16, 290, 10, -234, 369, -7, -65, 1131, 42;
-9, 296, 16, -193, 392, 9, -38, 1154, 62;
-9, 295, 14, -172, 394, 4, -38, 1150, 56;
-9, 294, 12, -151, 394, 0, -38, 1146, 50;
-4, 297, 16, -115, 410, 10, -18, 1161, 63;
-7, 293, 11, -103, 398, -4, -30, 1144, 44;
-6, 293, 10, -78, 399, -6, -26, 1143, 42;
-1, 296, 14, -40, 413, 4, -5, 1158, 56;
-1, 294, 12, -20, 407, -2, -7, 1149, 47;
1, 296, 13, 11, 412, 2, 5, 1156, 54;
2, 295, 13, 36, 409, 0, 8, 1152, 50;
5, 297, 14, 68, 412, 5, 22, 1158, 57;
3, 292, 10, 81, 396, -7, 12, 1141, 41;
11, 298, 16, 128, 413, 11, 43, 1164, 65;
7, 292, 11, 136, 390, -6, 27, 1140, 43;
10, 293, 13, 168, 391, 0, 41, 1145, 50;
10, 291, 10, 187, 378, -7, 39, 1135, 42;
15, 293, 14, 222, 382, 3, 58, 1145, 55;
18, 294, 15, 252, 378, 7, 70, 1148, 60;
17, 291, 13, 270, 363, 1, 68, 1137, 52;
20, 292, 15, 299, 359, 6, 81, 1140, 59;
17, 286, 10, 307, 335, -7, 69, 1118, 41;
22, 289, 14, 341, 336, 4, 89, 1129, 56;
25, 289, 15, 365, 326, 7, 98, 1128, 59;
27, 289, 16, 390, 318, 10, 107, 1128, 64;
25, 284, 12, 398, 293, 0, 98, 1109, 50;
28, 284, 14, 422, 284, 4, 109, 1110, 56;
24, 278, 9, 426, 256, -9, 96, 1087, 38;
32, 284, 16, 464, 262, 11, 127, 1108, 65;
32, 281, 15, 476, 242, 7, 125, 1096, 59;
28, 274, 10, 475, 210, -8, 109, 1070, 39;
33, 277, 14, 503, 207, 4, 129, 1081, 56;
28, 270, 9, 499, 173, -12, 112, 1054, 35;
31, 270, 11, 517, 162, -5, 122, 1055, 43;
37, 274, 16, 544, 162, 11, 146, 1070, 65;
37, 272, 16, 552, 142, 10, 147, 1062, 63;
35, 267, 13, 551, 114, 0, 137, 1043, 51;
37, 267, 14, 563, 101, 5, 145, 1042, 57;
32, 260, 10, 554, 67, -9, 128, 1017, 39;
36, 261, 12, 567, 57, 0, 140, 1020, 50;
33, 257, 9, 561, 28, -9, 130, 1002, 38;
38, 259, 14, 578, 24, 4, 148, 1013, 57;
36, 255, 12, 572, -1, -1, 141, 998, 49;
37, 255, 13, 574, -17, 1, 144, 994, 52;
35, 251, 11, 567, -42, -3, 137, 981, 46;
36, 251, 13, 570, -55, 2, 144, 981, 53;
39, 252, 16, 574, -65, 11, 153, 985, 64;
32, 244, 10, 548, -104, -9, 127, 952, 39;
34, 244, 11, 547, -117, -3, 132, 953, 46;
30, 240, 9, 531, -144, -11, 120, 936, 36;
31, 238, 10, 524, -160, -9, 121, 932, 39;
36, 243, 16, 532, -159, 9, 141, 948, 62;
31, 237, 11, 507, -189, -3, 122, 926, 46;
27, 233, 9, 486, -215, -12, 108, 909, 35;
28, 233, 10, 477, -226, -7, 111, 909, 42;
31, 235, 14, 475, -229, 6, 124, 919, 58;
31, 234, 15, 460, -243, 7, 121, 915, 60;
28, 231, 13, 437, -265, 0, 109, 901, 51;
28, 231, 14, 423, -275, 5, 110, 901, 57;
25, 228, 13, 399, -293, 0, 99, 890, 51;
23, 226, 12, 377, -309, -2, 91, 882, 48;
23, 226, 13, 360, -317, 1, 91, 883, 53;
17, 221, 9, 326, -342, -11, 70, 862, 37;
21, 225, 14, 319, -337, 4, 84, 878, 57;
17, 221, 11, 288, -356, -3, 67, 863, 46;
19, 223, 15, 275, -355, 6, 75, 873, 59;
16, 221, 14, 247, -367, 3, 64, 865, 54;
10, 216, 9, 208, -389, -10, 41, 845, 37;
16, 223, 16, 206, -373, 12, 63, 871, 66;
12, 220, 14, 174, -385, 6, 49, 861, 58;
11, 220, 15, 149, -390, 6, 43, 859, 59;
8, 219, 14, 121, -396, 4, 34, 856, 56;
3, 215, 11, 83, -410, -5, 14, 841, 43;
3, 216, 12, 59, -410, -3, 11, 844, 47;
1, 216, 12, 34, -410, -1, 6, 845, 48;
3, 220, 15, 18, -400, 9, 13, 858, 62;
-4, 213, 9, -29, -420, -11, -18, 833, 37;
-2, 217, 13, -45, -408, 0, -11, 847, 50;
-4, 217, 13, -70, -405, 1, -16, 849, 52;
-2, 221, 16, -88, -393, 10, -11, 862, 64;
-6, 219, 14, -120, -395, 4, -25, 856, 56;
-9, 218, 13, -150, -394, 0, -36, 853, 51;
-10, 219, 13, -175, -387, 2, -41, 857, 53;
-14, 217, 11, -208, -389, -6, -58, 849, 43;
-11, 223, 16, -217, -365, 10, -43, 872, 63;
-18, 218, 10, -259, -375, -7, -71, 853, 42;
-18, 221, 12, -279, -361, -2, -72, 862, 47;
-22, 219, 9, -311, -361, -12, -89, 854, 35;
-17, 227, 16, -311, -328, 10, -67, 886, 64;
-22, 224, 12, -344, -328, 0, -86, 877, 50;
-20, 229, 15, -356, -306, 8, -79, 893, 62;
-25, 226, 12, -388, -305, -2, -99, 883, 47;
-26, 227, 12, -408, -292, -3, -104, 887, 47;
-30, 226, 9, -436, -287, -12, -120, 881, 35;
-26, 232, 14, -438, -257, 3, -105, 907, 55;
-29, 232, 13, -458, -246, 0, -114, 908, 50;
-31, 233, 12, -476, -232, -2, -121, 911, 47;
-33, 233, 10, -497, -221, -7, -131, 910, 41;
-33, 235, 11, -507, -202, -4, -131, 920, 45;
-32, 239, 13, -513, -178, 1, -126, 934, 52;
-31, 242, 14, -520, -157, 5, -123, 946, 57;
-35, 241, 11, -541, -149, -4, -138, 940, 45;
-33, 245, 13, -542, -123, 2, -132, 956, 54;
-34, 246, 13, -551, -106, 1, -135, 961, 52;
-37, 246, 11, -565, -94, -5, -145, 959, 44;
-37, 247, 11, -570, -75, -5, -147, 966, 44;
-32, 254, 16, -558, -40, 10, -128, 994, 64;
-35, 254, 14, -567, -27, 4, -136, 993, 56;
-36, 254, 12, -574, -13, 0, -143, 994, 49;
-37, 255, 11, -577, 2, -3, -147, 997, 46;
-39, 256, 10, -580, 17, -8, -152, 999, 40;
-38, 258, 10, -578, 36, -8, -152, 1006, 40;
-34, 264, 15, -560, 70, 6, -132, 1032, 59;
-34, 265, 14, -557, 87, 4, -133, 1036, 56;
-36, 265, 12, -557, 99, -2, -140, 1035, 48;
-34, 268, 13, -548, 120, 0, -136, 1045, 51;
-34, 269, 12, -541, 137, -1, -136, 1049, 49;
-33, 271, 12, -530, 156, 0, -132, 1057, 50;
-35, 270, 10, -527, 166, -8, -139, 1054, 40;
-31, 275, 14, -503, 194, 3, -122, 1075, 54;
-34, 273, 10, -502, 199, -8, -133, 1067, 40;
-27, 280, 15, -470, 233, 8, -108, 1094, 61;
-28, 280, 14, -459, 245, 4, -109, 1095, 56;
-25, 284, 16, -437, 266, 10, -98, 1108, 64;
-28, 281, 12, -432, 268, -2, -109, 1098, 48;
-23, 286, 15, -403, 293, 8, -92, 1116, 61;
-27, 282, 10, -399, 291, -7, -106, 1102, 42;
-25, 284, 11, -378, 306, -5, -99, 1109, 44;
-26, 283, 9, -363, 312, -11, -101, 1106, 36;
-18, 290, 15, -323, 341, 6, -73, 1133, 59;
-16, 292, 16, -297, 356, 10, -63, 1141, 63;
-21, 286, 9, -295, 345, -10, -84, 1119, 37;
-18, 289, 11, -266, 358, -6, -72, 1128, 43;
-14, 292, 13, -234, 375, 1, -56, 1141, 53;
-11, 295, 15, -203, 388, 7, -43, 1151, 60;
-11, 293, 13, -185, 388, 0, -45, 1145, 51;
-10, 293, 12, -160, 392, 0, -40, 1145, 49;
-9, 293, 12, -136, 396, -2, -35, 1146, 48;
-2, 298, 16, -95, 414, 12, -11, 1165, 66;
-3, 297, 15, -74, 412, 6, -12, 1159, 58;
-3, 295, 12, -55, 406, -1, -15, 1150, 49;
-1, 295, 13, -27, 409, 0, -6, 1152, 50;
9, 21, 4, 4003, 2528, 2503, 37, 84, 16;
17, 3, 2, 3705, 4382, 2238, 67, 14, 8;
9, 4, 6, 3158, 3805, 2051, 35, 19, 23;
1, 23, 12, 4093, 2586, 1808, 6, 93, 48;
7, 27, 0, 3327, 3455, 1651, 28, 107, 2;
4, 4, 1, 2125, 5238, 1599, 19, 19, 5;
18, 23, 1, 3991, 4011, 1813, 73, 91, 6;
13, 30, 6, 2932, 2154, 2784, 52, 118, 25;
15, 11, 3, 2352, 3509, 2556, 58, 45, 14;
10, 4, 3, 3185, 4618, 2298, 42, 18, 12;
9, 10, 9, 2982, 5279, 1047, 36, 40, 37;
12, 14, 2, 3010, 2710, 1095, 46, 55, 10;
7, 3, 3, 3611, 2581, 1853, 28, 13, 13;
13, 28, 8, 4419, 2973, 2121, 52, 110, 33;
15, 8, 1, 4170, 5266, 2158, 59, 34, 6;
13, 14, 10, 3055, 3585, 2937, 53, 54, 42;
16, 30, 2, 1576, 2046, 1972, 64, 119, 9;
16, 19, 4, 3309, 3549, 1133, 62, 74, 16;
8, 1, 12, 2118, 3770, 1566, 31, 6, 48;
2, 23, 8, 3041, 2906, 1670, 11, 91, 34;
11, 10, 0, 3642, 4006, 2673, 44, 39, 3;
19, 19, 6, 3225, 5113, 1283, 77, 75, 24;
16, 30, 11, 3708, 2170, 2189, 63, 118, 46;
16, 28, 9, 3199, 2237, 2768, 64, 112, 35;
20, 31, 10, 2327, 2895, 1744, 80, 122, 42;
19, 1, 6, 3540, 4067, 2201, 75, 6, 24;
14, 8, 3, 2854, 2084, 1817, 56, 33, 14;
14, 7, 0, 3376, 5265, 1547, 58, 28, 0;
16, 6, 11, 3768, 2565, 2311, 65, 24, 43;
7, 10, 3, 3812, 2068, 2364, 28, 40, 13;
18, 15, 8, 3221, 3889, 1119, 70, 61, 32;
17, 25, 10, 2928, 4847, 1302, 70, 99, 39;
3, 1, 3, 2227, 4165, 2166, 11, 6, 14;
13, 26, 3, 2621, 5072, 1963, 51, 103, 15;
20, 28, 0, 2741, 2763, 1205, 81, 110, 1;
7, 19, 4, 3337, 2810, 1036, 28, 77, 15;
14, 29, 4, 2284, 2476, 2112, 56, 116, 18;
4, 10, 9, 3616, 2995, 2642, 18, 42, 36;
7, 13, 11, 2355, 5152, 1708, 29, 53, 46;
8, 23, 7, 2313, 4089, 2762, 35, 90, 27;
0, 15, 10, 3550, 2438, 2161, 1, 61, 40;
18, 31, 11, 1981, 4610, 1197, 73, 121, 44;
9, 11, 2, 1665, 2359, 1654, 37, 44, 8;
18, 19, 2, 2064, 3050, 2648, 72, 74, 10;
8, 12, 1, 4261, 4743, 1680, 31, 48, 6;
19, 22, 11, 4083, 4049, 1449, 77, 87, 44;
14, 19, 8, 3800, 4413, 1872, 57, 76, 34;
15, 19, 9, 2239, 3983, 2479, 59, 74, 35;
0, 7, 4, 2482, 2679, 1835, 3, 30, 15;
1, 17, 2, 2751, 4161, 1146, 5, 68, 10;
11, 2, 10, 3628, 3889, 1888, 42, 9, 39;
8, 6, 2, 2932, 4413, 1445, 33, 23, 8;
14, 21, 0, 1860, 3536, 2702, 55, 83, 0;
11, 16, 2, 2948, 1981, 2521, 43, 62, 10;
1, 16, 10, 2022, 5151, 1315, 3, 64, 39;
11, 3, 4, 1647, 4592, 1954, 43, 13, 17;
5, 24, 0, 2194, 2933, 1481, 22, 97, 1;
0, 27, 1, 1480, 4247, 1586, 1, 105, 7;
17, 8, 8, 4366, 2197, 2849, 67, 34, 32;
14, 11, 10, 2796, 2055, 1947, 54, 45, 40;
1, 17, 8, 3377, 4715, 2661, 7, 66, 31;
12, 31, 3, 2010, 1858, 2009, 47, 121, 15;
5, 16, 2, 3417, 4803, 2888, 19, 64, 11;
11, 19, 10, 2319, 4427, 2765, 46, 75, 41;
10, 10, 2, 4114, 4898, 1801, 40, 42, 9;
5, 6, 12, 3743, 2409, 1933, 20, 26, 48;
8, 11, 10, 1768, 5388, 1446, 33, 44, 42;
8, 13, 0, 2759, 2050, 1149, 34, 52, 2;
10, 2, 2, 1731, 4926, 2097, 42, 8, 9;
4, 9, 7, 1849, 1988, 2506, 16, 35, 30;
19, 2, 0, 2521, 3270, 1136, 75, 8, 1;
0, 17, 12, 4011, 3132, 2499, 1, 68, 47;
19, 0, 0, 3451, 4753, 2045, 77, 0, 1;
18, 28, 6, 3105, 2176, 2440, 71, 110, 24;
13, 1, 5, 2732, 2340, 997, 53, 6, 22;
9, 24, 2, 3786, 3833, 2535, 36, 95, 10;
20, 14, 2, 2082, 3479, 1407, 80, 56, 9;
1, 12, 5, 4130, 3076, 1367, 4, 47, 23;
15, 29, 2, 3741, 3393, 1792, 61, 115, 11;
1, 29, 9, 3820, 4469, 1296, 7, 115, 37;
597, 825, 432, 5239, 4584, 3108, 2330, 3219, 1686;
651, 1008, 366, 5026, 4396, 2979, 2539, 3933, 1428;
606, 850, 484, 4862, 4257, 2895, 2367, 3318, 1887;
551, 763, 357, 4630, 4048, 2740, 2152, 2979, 1393;
614, 892, 428, 4475, 3916, 2659, 2395, 3480, 1670;
540, 741, 403, 4304, 3767, 2559, 2106, 2891, 1573;
582, 740, 293, 4106, 3590, 2429, 2271, 2886, 1143;
478, 693, 293, 3949, 3453, 2338, 1864, 2703, 1144;
420, 701, 296, 3810, 3334, 2263, 1640, 2736, 1155;
541, 680, 352, 3660, 3202, 2173, 2112, 2653, 1376;
516, 652, 290, 3530, 3090, 2101, 2013, 2546, 1131;
393, 723, 330, 3393, 2971, 2021, 1535, 2822, 1290;
369, 599, 267, 3256, 2850, 1937, 1441, 2337, 1042;
403, 537, 235, 3098, 2708, 1831, 1571, 2096, 919;
367, 627, 234, 3013, 2638, 1795, 1435, 2447, 912;
331, 597, 219, 2854, 2494, 1685, 1293, 2331, 857;
368, 623, 234, 2772, 2427, 1649, 1437, 2433, 914;
299, 624, 228, 2640, 2308, 1560, 1168, 2437, 891;
311, 627, 244, 2575, 2256, 1538, 1214, 2446, 952;
347, 587, 229, 2429, 2122, 1432, 1357, 2291, 893;
337, 598, 222, 2373, 2078, 1415, 1314, 2334, 867;
276, 475, 171, 2261, 1978, 1341, 1077, 1856, 668;
296, 511, 203, 2183, 1911, 1299, 1158, 1995, 793;
228, 514, 195, 2067, 1806, 1218, 890, 2006, 764;
257, 538, 191, 1993, 1742, 1177, 1003, 2098, 745;
250, 512, 171, 1926, 1684, 1142, 976, 1999, 670;
207, 511, 148, 1874, 1642, 1121, 811, 1996, 577;
193, 492, 158, 1771, 1549, 1048, 755, 1921, 617;
195, 502, 163, 1694, 1480, 999, 763, 1959, 637;
194, 421, 139, 1650, 1445, 982, 757, 1642, 544;
228, 422, 129, 1585, 1387, 943, 891, 1646, 505;
187, 410, 119, 1499, 1309, 882, 731, 1601, 466;
207, 434, 134, 1455, 1273, 863, 807, 1696, 523;
180, 464, 121, 1404, 1229, 835, 704, 1811, 475;
165, 387, 126, 1339, 1171, 792, 646, 1512, 492;
172, 380, 113, 1281, 1120, 756, 671, 1485, 443;
161, 430, 102, 1263, 1107, 758, 628, 1677, 399;
153, 373, 89, 1182, 1032, 697, 597, 1455, 347;
128, 384, 113, 1146, 1003, 680, 502, 1497, 443;
154, 418, 102, 1086, 948, 638, 604, 1631, 398;
117, 409, 88, 1040, 907, 610, 459, 1596, 344;
132, 362, 88, 1003, 876, 590, 515, 1412, 345;
135, 386, 73, 997, 875, 600, 530, 1507, 287;
122, 384, 78, 952, 834, 570, 477, 1498, 305;
105, 372, 79, 898, 785, 531, 411, 1453, 310;
101, 356, 76, 853, 745, 501, 394, 1391, 297;
107, 367, 75, 828, 724, 489, 420, 1432, 295;
105, 332, 69, 788, 688, 463, 410, 1295, 272;
114, 351, 76, 789, 693, 476, 448, 1370, 299;
89, 345, 58, 730, 638, 430, 348, 1348, 229;
77, 328, 50, 694, 605, 405, 302, 1280, 195;
87, 351, 58, 678, 593, 401, 340, 1370, 227;
96, 322, 56, 660, 578, 394, 377, 1257, 219;
79, 315, 49, 605, 526, 349, 310, 1229, 192;
72, 319, 41, 593, 517, 347, 284, 1246, 161;
79, 324, 48, 560, 487, 324, 310, 1266, 189;
72, 311, 37, 543, 473, 316, 282, 1215, 147;
80, 330, 40, 555, 488, 337, 314, 1290, 158;
60, 315, 48, 517, 453, 308, 235, 1228, 187;
72, 305, 45, 511, 449, 310, 282, 1190, 177;
58, 308, 34, 477, 417, 283, 227, 1204, 132;
58, 321, 45, 480, 423, 295, 228, 1255, 179;
54, 313, 44, 450, 395, 272, 214, 1224, 174;
48, 298, 39, 423, 370, 251, 190, 1164, 155;
44, 310, 38, 395, 344, 230, 174, 1211, 150;
46, 316, 30, 404, 355, 245, 183, 1235, 117;
43, 297, 34, 356, 309, 204, 169, 1159, 134;
48, 297, 29, 353, 308, 207, 187, 1159, 115;
35, 295, 25, 323, 280, 183, 139, 1151, 100;
42, 297, 21, 308, 267, 173, 167, 1161, 83;
36, 294, 31, 324, 284, 194, 141, 1149, 122;
40, 288, 23, 307, 269, 183, 156, 1124, 90;
35, 288, 24, 271, 234, 151, 140, 1124, 97;
33, 287, 24, 267, 232, 152, 129, 1120, 95;
34, 291, 21, 251, 217, 141, 135, 1138, 82;
37, 286, 26, 278, 246, 172, 146, 1118, 105;
37, 291, 22, 273, 242, 171, 144, 1136, 89;
24, 283, 19, 222, 192, 124, 95, 1105, 77;
22, 274, 13, 212, 183, 118, 88, 1071, 51;
32, 280, 23, 236, 208, 145, 128, 1094, 91;
1, 256, 0, -1, -1, -1, 3, 998, 1;
1, 256, 1, 1, 1, 1, 6, 1000, 3;
1, 256, 0, 0, 0, 0, 5, 1000, 3;
1, 256, 0, 0, 0, 0, 5, 1000, 3;
1, 256, 0, 0, 0, 0, 5, 1000, 3;
1, 256, 0, 0, 0, 0, 5, 1000, 3;
1, 256, 1, 1, 1, 1, 6, 1000, 3;
1, 256, 1, 1, 1, 1, 6, 1000, 3;
1, 256, 0, 0, 0, 0, 5, 1000, 3;
1, 256, 0, 0, 0, 0, 5, 1000, 3;
1, 256, 1, 1, 1, 1, 6, 1000, 4;
1, 256, 0, 0, 0, 0, 5, 1000, 3;
1, 256, 0, -1, -1, -1, 3, 998, 1;
1, 256, 0, -1, -1, -1, 3, 998, 1;
1, 256, 0, 0, 0, 0, 4, 999, 2;
1, 256, 0, -1, -1, -1, 4, 999, 2;
1, 256, 0, 0, 0, 0, 4, 999, 2;
1, 256, 0, 0, 0, 0, 4, 999, 2;
1, 256, 0, 0, 0, 0, 5, 1000, 3;
1, 256, 0, 0, 0, 0, 4, 999, 2;
1, 256, 0, 0, 0, 0, 5, 1000, 3;
1, 256, 0, 0, 0, 0, 5, 1000, 3;
1, 256, 0, 0, 0, 0, 5, 1000, 3;
1, 256, 0, 0, 0, 0, 4, 999, 2;
1, 256, 0, -1, -1, -1, 4, 999, 2;
1, 256, 0, 0, 0, 0, 5, 1000, 3;
1, 256, 1, 1, 1, 1, 6, 1001, 4;
1, 256, 0, 0, 0, 0, 4, 999, 2;
1, 256, 0, -1, -1, -1, 4, 999, 2;
1, 256, 0, -1, -1, -1, 4, 999, 2;
1, 256, 0, -1, -1, -1, 4, 999, 2;
1, 256, 0, 0, 0, 0, 5, 1000, 3;
1, 256, 0, 0, 0, 0, 5, 1000, 3;
1, 256, 1, 1, 1, 1, 6, 1001, 4;
1, 256, 0, 0, 0, 0, 5, 1000, 3;
1, 256, 0, 1, 1, 1, 5, 1000, 3;
1, 256, 0, 1, 1, 1, 5, 1000, 3;
1, 256, 0, 1, 1, 1, 5, 1000, 3;
1, 256, 0, 1, 1, 1, 5, 1000, 3;
1, 256, 0, -1, -1, -1, 4, 999, 2;
1, 256, 1, 1, 1, 1, 6, 1000, 4;
1, 256, 0, 0, 0, 0, 4, 999, 2;
1, 256, 0, 0, 0, 0, 5, 1000, 3;
1, 256, 0, -1, -1, -1, 4, 999, 2;
1, 256, 0, 0, 0, 0, 4, 999, 2;
1, 256, 0, -1, -1, -1, 4, 999, 2;
1, 256, 0, 1, 1, 1, 5, 1000, 3;
1, 256, 0, 0, 0, 0, 5, 999, 2;
1, 256, 0, 1, 1, 1, 5, 1000, 3;
1, 256, 1, 1, 1, 1, 6, 1001, 4;
1, 256, 0, 0, 0, 0, 4, 999, 2;
1, 256, 0, 0, 0, 0, 5, 1000, 3;
1, 256, 0, 0, 0, 0, 5, 1000, 3;
1, 256, 0, -1, -1, -1, 3, 998, 1;
1, 256, 0, 0, 0, 0, 5, 1000, 3;
1, 256, 0, 0, 0, 0, 4, 999, 2;
1, 256, 1, 1, 1, 1, 6, 1000, 4;
1, 256, 0, 0, 0, 0, 5, 1000, 3;
1, 256, 0, 1, 1, 1, 5, 1000, 3;
1, 256, 1, 1, 1, 1, 6, 1001, 4;
1, 256, 0, 0, 0, 0, 5, 999, 2;
1, 256, 0, 0, 0, 0, 4, 999, 2;
1, 256, 0, -1, -1, -1, 4, 999, 2;
1, 256, 0, 0, 0, 0, 5, 999, 3;
1, 256, 0, 0, 0, 0, 4, 999, 2;
1, 256, 0, 0, 0, 0, 4, 999, 2;
1, 256, 0, 0, 0, 0, 5, 1000, 3;
1, 256, 0, 1, 1, 1, 5, 1000, 3;
1, 256, 0, -1, -1, -1, 3, 998, 1;
1, 256, 1, 1, 1, 1, 6, 1001, 4;
1, 256, 0, 0, 0, 0, 5, 1000, 3;
1, 256, 1, 1, 1, 1, 5, 1000, 3;
1, 256, 0, 0, 0, 0, 4, 999, 2;
1, 256, 0, 0, 0, 0, 5, 1000, 3;
1, 256, 0, -1, -1, -1, 3, 998, 1;
1, 256, 1, 1, 1, 1, 6, 1001, 4;
1, 256, 0, 0, 0, 0, 5, 1000, 3;
1, 256, 0, -1, -1, -1, 4, 999, 2;
1, 256, 0, -1, -1, -1, 4, 999, 2;
1, 256, 0, -1, -1, -1, 4, 999, 2;
1, 256, 0, 0, 0, 0, 5, 1000, 3;
1, 256, 0, 0, 0, 0, 5, 1000, 3;
1, 256, 0, -1, -1, -1, 4, 999, 2;
1, 256, 0, 0, 0, 0, 5, 999, 2;
1, 256, 0, -1, -1, -1, 4, 999, 2;
1, 256, 0, -1, -1, -1, 4, 999, 2;
1, 256, 0, 0, 0, 0, 5, 1000, 3;
1, 256, 0, 0, 0, 0, 4, 999, 2;
1, 256, 1, 1, 1, 1, 6, 1001, 4;
1, 256, 0, 0, 0, 0, 5, 1000, 3;
0, 256, 0, -1, -1, -1, 3, 998, 1;
1, 256, 0, -1, -1, -1, 4, 999, 2;
1, 256, 0, 0, 0, 0, 4, 999, 2;
1, 256, 0, 0, 0, 0, 5, 1000, 3;
1, 256, 0, -1, -1, -1, 4, 999, 2;
1, 256, 0, 0, 0, 0, 5, 1000, 3;
1, 256, 0, -1, -1, -1, 4, 999, 2;
1, 256, 0, 0, 0, 0, 5, 999, 2;
1, 256, 0, 0, 0, 0, 5, 1000, 3;
1, 256, 0, 1, 1, 1, 5, 1000, 3;
1, 256, 0, 0, 0, 0, 5, 1000, 3;
1, 256, 0, 0, 0, 0, 5, 1000, 3;
1, 256, 0, 0, 0, 0, 4, 999, 2;
1, 256, 0, 0, 0, 0, 4, 999, 2;
1, 256, 0, -1, -1, -1, 3, 998, 1;
1, 256, 0, 0, 0, 0, 5, 1000, 3;
1, 256, 0, -1, -1, -1, 4, 999, 2;
1, 256, 0, -1, -1, -1, 4, 998, 1;
1, 256, 0, 0, 0, 0, 5, 999, 3;
1, 256, 0, 1, 1, 1, 5, 1000, 3;
1, 256, 0, 1, 1, 1, 5, 1000, 3;
0, 256, 0, -1, -1, -1, 3, 998, 1;
1, 256, 0, -1, -1, -1, 4, 998, 2;
1, 256, 1, 1, 1, 1, 6, 1000, 4;
1, 256, 0, 0, 0, 0, 4, 999, 2;
1, 256, 0, 0, 0, 0, 4, 999, 2;
1, 256, 0, -1, -1, -1, 4, 998, 2;
1, 256, 0, 0, 0, 0, 5, 1000, 3;
1, 256, 0, 0, 0, 0, 5, 1000, 3;
1, 256, 0, 0, 0, 0, 4, 999, 2;
1, 256, 0, -1, -1, -1, 3, 998, 1;
1, 256, 0, 0, 0, 0, 4, 999, 2;
1, 256, 0, -1, -1, -1, 4, 999, 2;
1, 256, 0, 0, 0, 0, 5, 1000, 3;
1, 256, 0, 0, 0, 0, 4, 999, 2;
1, 256, 0, 0, 0, 0, 5, 1000, 3;
1, 256, 0, 0, 0, 0, 5, 1000, 3;
1, 256, 0, 1, 1, 1, 5, 1000, 3;
1, 256, 1, 1, 1, 1, 6, 1001, 4;
1, 256, 0, 0, 0, 0, 5, 1000, 3;
1, 256, 0, -1, -1, -1, 3, 998, 1;
1, 256, 1, 1, 1, 1, 6, 1000, 3;
1, 256, 0, -1, -1, -1, 4, 998, 1;
1, 256, 0, 0, 0, 0, 4, 999, 2;
1, 256, 0, 0, 0, 0, 5, 1000, 3;
1, 256, 0, 0, 0, 0, 4, 999, 2;
1, 256, 1, 1, 1, 1, 5, 1000, 3;
1, 256, 1, 1, 1, 1, 6, 1001, 4;
1, 256, 0, -1, -1, -1, 4, 999, 2;
1, 256, 0, 1, 1, 1, 5, 1000, 3;
1, 256, 0, 1, 1, 1, 5, 1000, 3;
1, 256, 0, -1, -1, -1, 4, 999, 2;
1, 256, 0, 0, 0, 0, 4, 999, 2;
1, 256, 0, -1, -1, -1, 4, 999, 2;
1, 256, 0, 0, 0, 0, 5, 1000, 3;
1, 256, 0, 0, 0, 0, 5, 1000, 3;
1, 256, 1, 1, 1, 1, 6, 1000, 4;
1, 256, 0, 0, 0, 0, 5, 1000, 3;
1, 256, 0, 0, 0, 0, 5, 1000, 3;
1, 256, 0, -1, -1, -1, 3, 998, 1;
1, 256, 0, 1, 1, 1, 5, 1000, 3;
1, 256, 0, 0, 0, 0, 5, 1000, 3;
1, 256, 0, 0, 0, 0, 5, 1000, 3;
1, 256, 0, 0, 0, 0, 5, 1000, 3;
1, 256, 0, -1, -1, -1, 4, 998, 1;
1, 256, 0, -1, -1, -1, 4, 999, 2;
1, 256, 0, 1, 1, 1, 5, 1000, 3;
1, 256, 0, 1, 1, 1, 5, 1000, 3;
0, 256, 0, -1, -1, -1, 3, 998, 1;
1, 256, 0, -1, -1, -1, 4, 999, 2;
1, 256, 0, 1, 1, 1, 5, 1000, 3;
1, 256, 0, -1, -1, -1, 3, 998, 1;
1, 256, 0, -1, -1, -1, 4, 999, 2;
1, 256, 0, -1, -1, -1, 4, 999, 2;
1, 256, 1, 1, 1, 1, 5, 1000, 3;
1, 256, 1, 1, 1, 1, 6, 1000, 4;
1, 256, 0, 0, 0, 0, 4, 999, 2;
1, 256, 0, 0, 0, 0, 5, 1000, 3;
1, 256, 0, 0, 0, 0, 4, 999, 2;
1, 256, 1, 1, 1, 1, 6, 1000, 3;
1, 256, 0, 0, 0, 0, 5, 1000, 3;
1, 256, 1, 1, 1, 1, 6, 1001, 4;
1, 256, 0, 0, 0, 0, 5, 999, 3;
1, 256, 1, 1, 1, 1, 6, 1001, 4;
1, 256, 0, 0, 0, 0, 4, 999, 2;
1, 256, 1, 1, 1, 1, 6, 1001, 4;
1, 256, 0, -1, -1, -1, 4, 999, 2;
1, 256, 1, 1, 1, 1, 6, 1001, 4;
1, 256, 0, 0, 0, 0, 4, 999, 2;
1, 256, 0, 0, 0, 0, 4, 999, 2;
1, 256, 0, -1, -1, -1, 4, 998, 1;
1, 256, 0, -1, -1, -1, 4, 998, 2;
1, 256, 0, -1, -1, -1, 4, 999, 2;
1, 256, 0, 1, 1, 1, 5, 1000, 3;
1, 256, 0, 1, 1, 1, 5, 1000, 3;
1, 256, 0, 0, 0, 0, 4, 999, 2;
1, 256, 0, 0, 0, 0, 5, 1000, 3;
1, 256, 0, -1, -1, -1, 4, 999, 2;
1, 256, 0, 1, 1, 1, 5, 1000, 3;
1, 256, 1, 1, 1, 1, 6, 1000, 4;
1, 256, 0, -1, -1, -1, 4, 999, 2;
1, 256, 0, -1, -1, -1, 3, 998, 1;
1, 256, 0, 0, 0, 0, 5, 1000, 3;
1, 256, 1, 1, 1, 1, 6, 1001, 4;
1, 256, 1, 1, 1, 1, 6, 1000, 3;
1, 256, 1, 1, 1, 1, 6, 1000, 3;
1, 256, 0, -1, -1, -1, 4, 998, 1;
1, 256, 0, 0, 0, 0, 5, 1000, 3;
1, 256, 0, -1, -1, -1, 4, 999, 2;
1, 256, 0, -1, -1, -1, 4, 999, 2;
1, 256, 1, 1, 1, 1, 6, 1000, 3;
1, 256, 0, -1, -1, -1, 4, 999, 2;
1, 256, 0, -1, -1, -1, 4, 999, 2;
1, 256, 0, 0, 0, 0, 5, 1000, 3;
0, 256, 0, -1, -1, -1, 3, 998, 1;
1, 256, 0, 0, 0, 0, 4, 999, 2;
1, 256, 0, -1, -1, -1, 4, 999, 2;
1, 256, 1, 1, 1, 1, 6, 1001, 4;
1, 256, 0, 0, 0, 0, 5, 1000, 3;
1, 256, 0, 1, 1, 1, 5, 1000, 3;
1, 256, 0, 0, 0, 0, 5, 999, 2;
1, 256, 1, 1, 1, 1, 5, 1000, 3;
1, 256, 0, 0, 0, 0, 5, 1000, 3;
1, 256, 0, 0, 0, 0, 5, 1000, 3;
1, 256, 0, 0, 0, 0, 5, 999, 3;
1, 256, 1, 1, 1, 1, 6, 1000, 4;
1, 256, 0, 0, 0, 0, 5, 1000, 3;
1, 256, 0, 0, 0, 0, 5, 999, 3;
1, 256, 0, 1, 1, 1, 5, 1000, 3;
1, 256, 0, -1, -1, -1, 4, 999, 2;
1, 256, 0, 0, 0, 0, 4, 999, 2;
1, 256, 0, -1, -1, -1, 4, 999, 2;
1, 256, 0, 0, 0, 0, 5, 1000, 3;
1, 256, 0, -1, -1, -1, 4, 998, 1;
1, 256, 0, -1, -1, -1, 4, 999, 2;
1, 256, 0, -1, -1, -1, 3, 998, 1;
1, 256, 0, 0, 0, 0, 4, 999, 2;
1, 256, 1, 1, 1, 1, 6, 1001, 4;
1, 256, 1, 1, 1, 1, 5, 1000, 3;
1, 256, 0, 0, 0, 0, 5, 999, 3;
1, 256, 0, -1, -1, -1, 3, 998, 1;
1, 256, 0, 0, 0, 0, 5, 1000, 3;
1, 256, 0, -1, -1, -1, 4, 998, 1;
1, 256, 0, 0, 0, 0, 5, 1000, 3;
1, 256, 0, 0, 0, 0, 4, 999, 2;
1, 256, 0, -1, -1, -1, 4, 999, 2;
1, 256, 0, 0, 0, 0, 4, 999, 2;
1, 256, 0, 0, 0, 0, 4, 999, 2;
1, 256, 0, 0, 0, 0, 5, 1000, 3;
1, 256, 0, -1, -1, -1, 4, 999, 2;
1, 256, 0, -1, -1, -1, 4, 999, 2;
1, 256, 0, 0, 0, 0, 5, 1000, 3;
1, 256, 0, 1, 1, 1, 5, 1000, 3;
1, 256, 0, 0, 0, 0, 5, 999, 3;
1, 256, 0, 0, 0, 0, 4, 999, 2;
1, 256, 0, -1, -1, -1, 3, 998, 1;
1, 256, 0, 0, 0, 0, 4, 999, 2;
1, 256, 0, 0, 0, 0, 5, 1000, 3;
1, 256, 0, 0, 0, 0, 4, 999, 2;
1, 256, 0, -1, -1, -1, 4, 999, 2;
1, 256, 0, -1, -1, -1, 4, 998, 1;
1, 256, 0, 0, 0, 0, 4, 999, 2;
1, 256, 0, 0, 0, 0, 5, 1000, 3;
1, 256, 0, 0, 0, 0, 5, 1000, 3;
1, 256, 0, 0, 0, 0, 4, 999, 2;
1, 256, 0, 0, 0, 0, 4, 999, 2;
1, 256, 0, 0, 0, 0, 5, 1000, 3;
1, 256, 0, 0, 0, 0, 5, 1000, 3;
1, 256, 0, -1, -1, -1, 4, 998, 2;
1, 256, 0, -1, -1, -1, 3, 998, 1;
1, 256, 0, 0, 0, 0, 4, 999, 2;
1, 256, 0, 0, 0, 0, 4, 999, 2;
1, 256, 1, 1, 1, 1, 6, 1000, 4;
1, 256, 0, 1, 1, 1, 5, 1000, 3;
1, 256, 0, -1, -1, -1, 4, 999, 2;
1, 256, 0, 0, 0, 0, 5, 1000, 3;
1, 256, 0, -1, -1, -1, 4, 999, 2;
1, 256, 0, -1, -1, -1, 4, 999, 2;
1, 256, 0, 0, 0, 0, 4, 999, 2;
1, 256, 0, 0, 0, 0, 4, 999, 2;
1, 256, 1, 1, 1, 1, 6, 1001, 4;
1, 256, 0, 0, 0, 0, 5, 1000, 3;
1, 256, 1, 1, 1, 1, 6, 1000, 3;
1, 256, 0, 0, 0, 0, 4, 999, 2;
1, 256, 0, 0, 0, 0, 4, 999, 2;
1, 256, 1, 1, 1, 1, 6, 1001, 4;
1, 256, 0, 0, 0, 0, 5, 1000, 3;
1, 256, 0, 1, 1, 1, 5, 1000, 3;
1, 256, 0, 0, 0, 0, 4, 999, 2;
1, 256, 0, -1, -1, -1, 4, 999, 2;
1, 256, 0, 0, 0, 0, 5, 999, 2;
1, 256, 0, -1, -1, -1, 4, 999, 2;
1, 256, 0, 0, 0, 0, 4, 999, 2;
1, 256, 0, 0, 0, 0, 5, 1000, 3;
1, 256, 1, 1, 1, 1, 6, 1001, 4;
1, 256, 0, -1, -1, -1, 4, 999, 2;
1, 256, 0, 0, 0, 0, 4, 999, 2;
1, 256, 0, 0, 0, 0, 5, 1000, 3;
1, 256, 0, -1, -1, -1, 4, 998, 2;
1, 256, 0, 0, 0, 0, 5, 999, 2;
1, 256, 0, 0, 0, 0, 4, 999, 2;
1, 256, 0, 0, 0, 0, 4, 999, 2;
1, 256, 1, 1, 1, 1, 6, 1001, 4;
1, 256, 0, 0, 0, 0, 5, 1000, 3;
1, 256, 0, 0, 0, 0, 5, 1000, 3;
1, 256, 0, -1, -1, -1, 4, 999, 2;
1, 256, 0, 0, 0, 0, 4, 999, 2;
1, 256, 0, 0, 0, 0, 5, 999, 2;
1, 256, 1, 1, 1, 1, 6, 1001, 4;
1, 256, 0, -1, -1, -1, 3, 998, 1;
1, 256, 1, 1, 1, 1, 6, 1001, 4;
1, 256, 0, 0, 0, 0, 4, 999, 2;
1, 256, 1, 1, 1, 1, 6, 1001, 4;
1, 256, 0, 1, 1, 1, 5, 1000, 3;
1, 256, 0, -1, -1, -1, 3, 998, 1;
1, 256, 0, 0, 0, 0, 4, 999, 2;
1, 256, 1, 1, 1, 1, 6, 1000, 4;
1, 256, 0, 0, 0, 0, 5, 1000, 3;
1, 256, 0, 0, 0, 0, 5, 999, 2;
1, 256, 0, 0, 0, 0, 5, 1000, 3;
1, 256, 0, 0, 0, 0, 5, 1000, 3;
1, 256, 1, 1, 1, 1, 6, 1001, 4;
1, 256, 0, 0, 0, 0, 4, 999, 2;
1, 256, 0, -1, -1, -1, 3, 998, 1;
1, 256, 0, -1, -1, -1, 4, 999, 2;
1, 256, 0, 0, 0, 0, 4, 999, 2;
1, 256, 1, 1, 1, 1, 6, 1001, 4;
1, 256, 0, 0, 0, 0, 4, 999, 2;
1, 256, 0, -1, -1, -1, 4, 999, 2;
1, 256, 0, -1, -1, -1, 4, 998, 2;
1, 256, 0, 0, 0, 0, 4, 999, 2;
1, 256, 0, 0, 0, 0, 5, 1000, 3;
1, 256, 0, -1, -1, -1, 4, 998, 1;
1, 256, 0, 0, 0, 0, 5, 1000, 3;
1, 256, 1, 1, 1, 1, 6, 1000, 3;
1, 256, 0, -1, -1, -1, 4, 998, 1;
1, 256, 0, 1, 1, 1, 5, 1000, 3;
1, 256, 0, -1, -1, -1, 4, 998, 2;
1, 256, 0, -1, -1, -1, 4, 999, 2;
1, 256, 0, 0, 0, 0, 5, 1000, 3;
1, 256, 1, 1, 1, 1, 6, 1000, 4;
1, 256, 0, 0, 0, 0, 4, 999, 2;
1, 256, 0, -1, -1, -1, 4, 998, 2;
1, 256, 0, -1, -1, -1, 4, 999, 2;
1, 256, 0, -1, -1, -1, 4, 999, 2;
1, 256, 0, 1, 1, 1, 5, 1000, 3;
1, 256, 0, 0, 0, 0, 4, 999, 2;
0, 256, 0, -1, -1, -1, 3, 998, 1;
1, 256, 0, -1, -1, -1, 4, 998, 2;
1, 256, 1, 1, 1, 1, 5, 1000, 3;
1, 256, 1, 1, 1, 1, 6, 1000, 4;
1, 256, 0, 0, 0, 0, 5, 1000, 3;
1, 256, 0, -1, -1, -1, 4, 999, 2;
1, 256, 0, 0, 0, 0, 4, 999, 2;
1, 256, 0, 0, 0, 0, 5, 1000, 3;
1, 256, 0, -1, -1, -1, 3, 998, 1;
1, 256, 0, 0, 0, 0, 5, 1000, 3;
1, 256, 0, 0, 0, 0, 5, 1000, 3;
1, 256, 0, -1, -1, -1, 4, 999, 2;
1, 256, 0, 0, 0, 0, 4, 999, 2;
1, 256, 0, 1, 1, 1, 5, 1000, 3;
1, 256, 0, 0, 0, 0, 5, 1000, 3;
1, 256, 0, 0, 0, 0, 4, 999, 2;
1, 256, 1, 1, 1, 1, 6, 1001, 4;
1, 256, 0, -1, -1, -1, 4, 999, 2;
1, 256, 0, -1, -1, -1, 3, 998, 1;
1, 256, 0, -1, -1, -1, 4, 999, 2;
1, 256, 0, 1, 1, 1, 5, 1000, 3;
1, 256, 0, 0, 0, 0, 4, 999, 2;
1, 256, 0, -1, -1, -1, 4, 998, 2;
1, 256, 0, 0, 0, 0, 5, 1000, 3;
1, 256, 0, 0, 0, 0, 5, 999, 3;
1, 256, 0, -1, -1, -1, 4, 999, 2;
1, 256, 0, 1, 1, 1, 5, 1000, 3;
1, 256, 0, -1, -1, -1, 4, 999, 2;
1, 256, 0, 0, 0, 0, 5, 1000, 3;
1, 256, 0, -1, -1, -1, 4, 998, 2;
1, 256, 0, 0, 0, 0, 4, 999, 2;
1, 256, 0, 0, 0, 0, 5, 1000, 3;
1, 256, 0, 0, 0, 0, 5, 1000, 3;
1, 256, 0, -1, -1, -1, 3, 998, 1;
1, 256, 0, 0, 0, 0, 4, 999, 2;
1, 256, 0, -1, -1, -1, 4, 998, 1;
1, 256, 0, 0, 0, 0, 4, 999, 2;
1, 256, 0, -1, -1, -1, 4, 999, 2;
1, 256, 0, -1, -1, -1, 3, 998, 1;
1, 256, 0, 0, 0, 0, 5, 1000, 3;
1, 256, 0, 0, 0, 0, 4, 999, 2;
1, 256, 0, 0, 0, 0, 5, 1000, 3;
1, 256, 1, 1, 1, 1, 5, 1000, 3;
1, 256, 0, -1, -1, -1, 3, 998, 1;
1, 256, 0, -1, -1, -1, 4, 999, 2;
1, 256, 0, 0, 0, 0, 5, 1000, 3;
0, 256, 0, -1, -1, -1, 3, 998, 1;
1, 256, 0, -1, -1, -1, 4, 999, 2;
1, 256, 0, 0, 0, 0, 5, 1000, 3;
1, 256, 1, 1, 1, 1, 6, 1001, 4;
1, 256, 1, 1, 1, 1, 6, 1001, 4;
1, 256, 0, -1, -1, -1, 4, 998, 2;
1, 256, 1, 1, 1, 1, 6, 1001, 4;
1, 256, 0, 0, 0, 0, 5, 1000, 3;
1, 256, 0, -1, -1, -1, 4, 999, 2;
1, 256, 1, 1, 1, 1, 6, 1001, 4;
0, 256, 0, -1, -1, -1, 3, 998, 1;
1, 256, 0, -1, -1, -1, 4, 999, 2;
1, 256, 0, -1, -1, -1, 4, 999, 2;
1, 256, 0, 0, 0, 0, 4, 999, 2;
1, 256, 0, -1, -1, -1, 4, 999, 2;
1, 256, 0, 0, 0, 0, 4, 999, 2;
1, 256, 0, 1, 1, 1, 5, 1000, 3;
1, 256, 0, 0, 0, 0, 5, 1000, 3;
1, 256, 0, -1, -1, -1, 4, 998, 2;
1, 256, 0, -1, -1, -1, 4, 999, 2;
1, 256, 0, -1, -1, -1, 3, 998, 1;
1, 256, 0, 0, 0, 0, 4, 999, 2;
1, 256, 0, 0, 0, 0, 4, 999, 2;
1, 256, 0, 0, 0, 0, 5, 1000, 3;
1, 256, 0, 0, 0, 0, 5, 999, 2;
1, 256, 0, 1, 1, 1, 5, 1000, 3;
1, 256, 0, 1, 1, 1, 5, 1000, 3;
1, 256, 0, 0, 0, 0, 5, 1000, 3;
1, 256, 0, 0, 0, 0, 5, 999, 2;
1, 256, 0, 1, 1, 1, 5, 1000, 3;
1, 256, 0, 0, 0, 0, 5, 1000, 3;
1, 256, 0, 0, 0, 0, 5, 1000, 3;
1, 256, 0, 0, 0, 0, 5, 1000, 3;
1, 256, 0, 0, 0, 0, 4, 999, 2;
1, 256, 0, 0, 0, 0, 5, 999, 3;
1, 256, 0, -1, -1, -1, 3, 998, 1;
1, 256, 0, 1, 1, 1, 5, 1000, 3;
1, 256, 0, 0, 0, 0, 4, 999, 2;
1, 256, 0, 0, 0, 0, 5, 1000, 3;
1, 256, 0, 0, 0, 0, 4, 999, 2;
1, 256, 0, 0, 0, 0, 5, 1000, 3;
1, 256, 1, 1, 1, 1, 6, 1001, 4;
1, 256, 1, 1, 1, 1, 6, 1001, 4;
1, 256, 1, 1, 1, 1, 5, 1000, 3;
1, 256, 1, 1, 1, 1, 5, 1000, 3;
1, 256, 0, -1, -1, -1, 4, 998, 1;
1, 256, 0, 0, 0, 0, 5, 1000, 3;
1, 256, 0, -1, -1, -1, 4, 999, 2;
1, 256, 0, 0, 0, 0, 4, 999, 2;
1, 256, 0, 0, 0, 0, 5, 999, 2;
1, 256, 0, 0, 0, 0, 4, 999, 2;
1, 256, 0, 0, 0, 0, 5, 1000, 3;
1, 256, 0, 1, 1, 1, 5, 1000, 3;
1, 256, 0, 0, 0, 0, 4, 999, 2;
1, 256, 0, -1, -1, -1, 4, 999, 2;
1, 256, 1, 1, 1, 1, 5, 1000, 3;
1, 256, 0, 1, 1, 1, 5, 1000, 3;
1, 256, 1, 1, 1, 1, 6, 1001, 4;
1, 256, 1, 1, 1, 1, 6, 1001, 4;
0, 256, 0, -1, -1, -1, 3, 998, 1;
1, 256, 0, -1, -1, -1, 4, 999, 2;
1, 256, 0, -1, -1, -1, 4, 999, 2;
1, 256, 0, 0, 0, 0, 5, 1000, 3;
1, 256, 0, 0, 0, 0, 4, 999, 2;
1, 256, 0, 0, 0, 0, 4, 999, 2;
1, 256, 0, 0, 0, 0, 4, 999, 2;
0, 256, 0, -1, -1, -1, 3, 998, 1;
1, 256, 0, -1, -1, -1, 4, 999, 2;
1, 256, 1, 1, 1, 1, 6, 1001, 4;
1, 256, 0, 0, 0, 0, 5, 1000, 3;
1, 256, 1, 1, 1, 1, 6, 1001, 4;
1, 256, 0, -1, -1, -1, 4, 999, 2;
1, 256, 1, 1, 1, 1, 5, 1000, 3;
1, 256, 0, 0, 0, 0, 4, 999, 2;
1, 256, 0, -1, -1, -1, 3, 998, 1;
1, 256, 1, 1, 1, 1, 6, 1001, 4;
1, 256, 0, 0, 0, 0, 5, 999, 2;
1, 256, 0, 0, 0, 0, 5, 1000, 3;
1, 256, 1, 1, 1, 1, 6, 1000, 3;
1, 256, 0, -1, -1, -1, 4, 999, 2;
1, 256, 0, 0, 0, 0, 5, 1000, 3;
1, 256, 0, 0, 0, 0, 5, 1000, 3;
1, 256, 0, 0, 0, 0, 5, 1000, 3;
1, 256, 1, 1, 1, 1, 6, 1001, 4;
1, 256, 0, 0, 0, 0, 4, 999, 2;
1, 256, 0, 0, 0, 0, 5, 999, 2;
1, 256, 0, 1, 1, 1, 5, 1000, 3;
1, 256, 0, 0, 0, 0, 5, 1000, 3;
1, 256, 0, 0, 0, 0, 4, 999, 2;
1, 256, 1, 1, 1, 1, 6, 1001, 4;
1, 256, 0, 0, 0, 0, 5, 1000, 3;
1, 256, 0, 0, 0, 0, 5, 1000, 3;
1, 256, 0, -1, -1, -1, 4, 999, 2;
1, 256, 0, 0, 0, 0, 5, 1000, 3;
1, 256, 0, -1, -1, -1, 4, 999, 2;
1, 256, 1, 1, 1, 1, 6, 1000, 3;
1, 256, 0, 0, 0, 0, 5, 1000, 3;
0, 256, 0, -1, -1, -1, 3, 998, 1;
1, 256, 0, 0, 0, 0, 5, 1000, 3;
1, 256, 0, -1, -1, -1, 4, 998, 1;
1, 256, 0, 0, 0, 0, 5, 1000, 3;
1, 256, 0, 0, 0, 0, 5, 999, 3;
1, 256, 0, 0, 0, 0, 5, 1000, 3;
1, 256, 0, 1, 1, 1, 5, 1000, 3;
1, 256, 0, 0, 0, 0, 5, 1000, 3;
0, 256, 0, -1, -1, -1, 3, 998, 1;
1, 256, 0, 0, 0, 0, 4, 999, 2;
1, 256, 0, 0, 0, 0, 4, 999, 2;
1, 256, 0, 0, 0, 0, 5, 999, 2;
1, 256, 0, -1, -1, -1, 4, 998, 2;
1, 256, 0, 0, 0, 0, 5, 1000, 3;
1, 256, 0, -1, -1, -1, 4, 999, 2;
1, 256, 1, 1, 1, 1, 6, 1000, 4;
1, 256, 1, 1, 1, 1, 6, 1001, 4;
1, 256, 1, 1, 1, 1, 6, 1001, 4;
1, 256, 0, -1, -1, -1, 4, 998, 2;
1, 256, 0, -1, -1, -1, 4, 999, 2;
1, 256, 0, 0, 0, 0, 5, 1000, 3;
1, 256, 0, -1, -1, -1, 4, 999, 2;
1, 256, 0, 0, 0, 0, 4, 999, 2;
1, 256, 0, 0, 0, 0, 4, 999, 2;
1, 256, 0, 0, 0, 0, 5, 1000, 3;
1, 256, 0, 1, 1, 1, 5, 1000, 3;
1, 256, 1, 1, 1, 1, 6, 1000, 4;
1, 256, 0, 0, 0, 0, 5, 999, 2;
1, 256, 0, 0, 0, 0, 5, 1000, 3;
1, 256, 1, 1, 1, 1, 6, 1001, 4;
1, 256, 0, 0, 0, 0, 5, 1000, 3;
1, 256, 0, 1, 1, 1, 5, 1000, 3;
1, 256, 0, -1, -1, -1, 4, 999, 2;
1, 256, 0, 0, 0, 0, 4, 999, 2;
1, 256, 0, -1, -1, -1, 4, 998, 2;
1, 256, 0, 0, 0, 0, 4, 999, 2;
1, 256, 1, 1, 1, 1, 5, 1000, 3;
1, 256, 0, -1, -1, -1, 4, 998, 2;
1, 256, 1, 1, 1, 1, 5, 1000, 3;
1, 256, 0, 0, 0, 0, 4, 999, 2;
1, 256, 1, 1, 1, 1, 6, 1001, 4;
1, 256, 0, -1, -1, -1, 4, 999, 2;
1, 256, 0, -1, -1, -1, 4, 999, 2;
1, 256, 0, 1, 1, 1, 5, 1000, 3;
1, 256, 0, 0, 0, 0, 5, 999, 3;
0, 256, 0, -1, -1, -1, 3, 998, 1;
1, 256, 0, 0, 0, 0, 5, 1000, 3;
1, 256, 0, 0, 0, 0, 5, 1000, 3;
1, 256, 1, 1, 1, 1, 5, 1000, 3;
1, 256, 1, 1, 1, 1, 5, 1000, 3;
1, 256, 0, 0, 0, 0, 5, 1000, 3;
1, 256, 0, 0, 0, 0, 4, 999, 2;
1, 256, 0, 0, 0, 0, 5, 1000, 3;
1, 256, 0, 0, 0, 0, 4, 999, 2;
1, 256, 1, 1, 1, 1, 6, 1001, 4;
1, 256, 0, 0, 0, 0, 5, 1000, 3;
1, 256, 0, -1, -1, -1, 3, 998, 1;
1, 256, 0, 0, 0, 0, 5, 1000, 3;
1, 256, 0, 0, 0, 0, 5, 1000, 3;
1, 256, 0, 1, 1, 1, 5, 1000, 3;
1, 256, 0, 1, 1, 1, 5, 1000, 3;
1, 256, 0, 1, 1, 1, 5, 1000, 3;
1, 256, 0, 0, 0, 0, 4, 999, 2;
1, 256, 0, -1, -1, -1, 3, 998, 1;
1, 256, 0, 1, 1, 1, 5, 1000, 3;
1, 256, 0, 0, 0, 0, 5, 1000, 3;
1, 256, 0, 0, 0, 0, 4, 999, 2;
1, 256, 0, 0, 0, 0, 5, 999, 3;
1, 256, 1, 1, 1, 1, 6, 1001, 4;
1, 256, 0, 0, 0, 0, 5, 1000, 3;
1, 256, 0, 0, 0, 0, 5, 1000, 3;
1, 256, 0, 1, 1, 1, 5, 1000, 3;
1, 256, 1, 1, 1, 1, 6, 1000, 3;
1, 256, 0, -1, -1, -1, 4, 999, 2;
1, 256, 0, 0, 0, 0, 5, 1000, 3;
1, 256, 0, 1, 1, 1, 5, 1000, 3;
1, 256, 0, 0, 0, 0, 4, 999, 2;
1, 256, 0, 0, 0, 0, 5, 1000, 3;
1, 256, 0, -1, -1, -1, 3, 998, 1;
1, 256, 0, -1, -1, -1, 4, 999, 2;
1, 256, 0, 0, 0, 0, 5, 1000, 3;
1, 256, 0, 0, 0, 0, 5, 999, 3;
1, 256, 1, 1, 1, 1, 6, 1001, 4;
0, 256, 0, -1, -1, -1, 3, 998, 1;
1, 256, 0, 1, 1, 1, 5, 1000, 3;
1, 256, 0, 0, 0, 0, 4, 999, 2;
1, 256, 0, -1, -1, -1, 4, 998, 2;
1, 256, 0, 0, 0, 0, 4, 999, 2;
1, 256, 0, 0, 0, 0, 4, 999, 2;
1, 256, 0, 0, 0, 0, 5, 1000, 3;
1, 256, 0, 0, 0, 0, 5, 1000, 3;
1, 256, 1, 1, 1, 1, 6, 1000, 4;
1, 256, 0, 0, 0, 0, 4, 999, 2;
1, 256, 1, 1, 1, 1, 6, 1000, 4;
1, 256, 0, 0, 0, 0, 5, 1000, 3;
1, 256, 1, 1, 1, 1, 6, 1000, 4;
1, 256, 1, 1, 1, 1, 6, 1001, 4;
1, 256, 0, 0, 0, 0, 5, 1000, 3;
1, 256, 0, 0, 0, 0, 4, 999, 2;
1, 256, 0, 1, 1, 1, 5, 1000, 3;
1, 256, 1, 1, 1, 1, 6, 1000, 4;
1, 256, 0, -1, -1, -1, 3, 998, 1;
1, 256, 0, -1, -1, -1, 4, 998, 2;
1, 256, 0, 0, 0, 0, 4, 999, 2;
1, 256, 0, 0, 0, 0, 5, 1000, 3;
1, 256, 1, 1, 1, 1, 5, 1000, 3;
1, 256, 1, 1, 1, 1, 5, 1000, 3;
1, 256, 0, -1, -1, -1, 3, 998, 1;
1, 256, 1, 1, 1, 1, 6, 1001, 4;
1, 256, 0, 0, 0, 0, 4, 999, 2;
1, 256, 0, -1, -1, -1, 4, 999, 2;
1, 256, 0, 1, 1, 1, 5, 1000, 3;
1, 256, 0, -1, -1, -1, 4, 999, 2;
1, 256, 0, 0, 0, 0, 4, 999, 2;
1, 256, 1, 1, 1, 1, 6, 1001, 4;
1, 256, 0, 0, 0, 0, 4, 999, 2;
1, 256, 0, -1, -1, -1, 4, 999, 2;
1, 256, 0, 0, 0, 0, 4, 999, 2;
1, 256, 0, -1, -1, -1, 3, 998, 1;
1, 256, 0, 0, 0, 0, 4, 999, 2;
1, 256, 0, 0, 0, 0, 5, 999, 2;
1, 256, 0, 0, 0, 0, 5, 1000, 3;
1, 256, 0, 0, 0, 0, 5, 1000, 3;
1, 256, 0, -1, -1, -1, 4, 998, 2;
1, 256, 0, -1, -1, -1, 4, 999, 2;
1, 256, 0, -1, -1, -1, 4, 999, 2;
1, 256, 0, -1, -1, -1, 4, 999, 2;
1, 256, 0, 0, 0, 0, 4, 999, 2;
1, 256, 0, 0, 0, 0, 4, 999, 2;
1, 256, 0, 0, 0, 0, 5, 1000, 3;
1, 256, 0, 0, 0, 0, 5, 1000, 3;
1, 256, 1, 1, 1, 1, 5, 1000, 3;
1, 256, 0, 0, 0, 0, 5, 1000, 3;
1, 256, 0, 0, 0, 0, 4, 999, 2;
1, 256, 0, 0, 0, 0, 5, 1000, 3;
1, 256, 0, 0, 0, 0, 4, 999, 2;
1, 256, 0, 0, 0, 0, 4, 999, 2;
1, 256, 0, 0, 0, 0, 5, 999, 3;
1, 256, 0, 0, 0, 0, 5, 1000, 3;
1, 256, 0, -1, -1, -1, 4, 999, 2;
1, 256, 1, 1, 1, 1, 6, 1001, 4;
1, 256, 0, 0, 0, 0, 5, 1000, 3;
1, 256, 0, 0, 0, 0, 5, 999, 3;
1, 256, 0, -1, -1, -1, 3, 998, 1;
1, 256, 0, -1, -1, -1, 4, 999, 2;
1, 256, 0, 0, 0, 0, 5, 1000, 3;
1, 256, 0, -1, -1, -1, 4, 999, 2;
1, 256, 0, -1, -1, -1, 4, 998, 1;
1, 256, 0, 0, 0, 0, 5, 1000, 3;
1, 256, 0, 0, 0, 0, 5, 999, 2;
1, 256, 0, -1, -1, -1, 4, 999, 2;
1, 256, 0, 0, 0, 0, 4, 999, 2;
1, 256, 0, 0, 0, 0, 4, 999, 2;
1, 256, 0, 0, 0, 0, 5, 1000, 3;
1, 256, 0, 0, 0, 0, 4, 999, 2;
1, 256, 0, 1, 1, 1, 5, 1000, 3;
1, 256, 1, 1, 1, 1, 6, 1000, 4;
1, 256, 1, 1, 1, 1, 6, 1000, 4;
1, 256, 0, 0, 0, 0, 4, 999, 2;
1, 256, 0, 0, 0, 0, 5, 1000, 3;
1, 256, 0, 0, 0, 0, 5, 1000, 3;
1, 256, 0, 0, 0, 0, 5, 1000, 3;
1, 256, 0, 0, 0, 0, 5, 1000, 3;
1, 256, 0, 0, 0, 0, 5, 1000, 3;
1, 256, 0, -1, -1, -1, 4, 999, 2;
1, 256, 0, -1, -1, -1, 4, 999, 2;
1, 256, 0, 0, 0, 0, 5, 1000, 3;
1, 256, 1, 1, 1, 1, 6, 1001, 4;
1, 256, 0, -1, -1, -1, 4, 998, 1;
1, 256, 0, 0, 0, 0, 4, 999, 2;
1, 256, 0, 0, 0, 0, 5, 1000, 3;
1, 256, 0, 0, 0, 0, 5, 999, 2;
1, 256, 1, 1, 1, 1, 6, 1000, 4;
1, 256, 0, 0, 0, 0, 4, 999, 2;
1, 256, 0, -1, -1, -1, 3, 998, 1;
1, 256, 1, 1, 1, 1, 5, 1000, 3;
1, 256, 0, 0, 0, 0, 5, 1000, 3;
1, 256, 0, 0, 0, 0, 5, 1000, 3;
1, 256, 0, 0, 0, 0, 4, 999, 2;
1, 256, 0, -1, -1, -1, 4, 999, 2;
1, 256, 0, 0, 0, 0, 5, 1000, 3;
1, 256, 0, -1, -1, -1, 4, 999, 2;
1, 256, 0, 0, 0, 0, 5, 1000, 3;
1, 256, 0, 0, 0, 0, 5, 1000, 3;
1, 256, 0, 0, 0, 0, 5, 1000, 3;
1, 256, 0, 0, 0, 0, 5, 1000, 3;
1, 256, 0, 0, 0, 0, 4, 999, 2;
1, 256, 0, 0, 0, 0, 4, 999, 2;
1, 256, 0, 0, 0, 0, 5, 1000, 3;
1, 256, 0, -1, -1, -1, 4, 998, 2;
1, 256, 0, 0, 0, 0, 4, 999, 2;
1, 256, 0, -1, -1, -1, 4, 999, 2;
1, 256, 1, 1, 1, 1, 6, 1001, 4;
1, 256, 0, 0, 0, 0, 5, 1000, 3;
1, 256, 0, -1, -1, -1, 3, 998, 1;
1, 256, 0, 1, 1, 1, 5, 1000, 3;
1, 256, 0, 0, 0, 0, 5, 1000, 3;
1, 256, 0, 0, 0, 0, 4, 999, 2;
1, 256, 0, 0, 0, 0, 5, 1000, 3;
1, 256, 0, 0, 0, 0, 4, 999, 2;
1, 256, 0, 0, 0, 0, 4, 999, 2;
1, 256, 0, 0, 0, 0, 5, 1000, 3;
1, 256, 0, 0, 0, 0, 4, 999, 2;
1, 256, 0, 0, 0, 0, 4, 999, 2;
1, 256, 0, 0, 0, 0, 5, 1000, 3;
1, 256, 0, 0, 0, 0, 5, 1000, 3;
1, 256, 1, 1, 1, 1, 6, 1000, 4;
1, 256, 0, -1, -1, -1, 4, 999, 2;
1, 256, 0, -1, -1, -1, 4, 999, 2;
1, 256, 1, 1, 1, 1, 6, 1001, 4;
1, 256, 0, 0, 0, 0, 5, 1000, 3;
1, 256, 0, 1, 1, 1, 5, 1000, 3;
1, 256, 0, 0, 0, 0, 5, 1000, 3;
1, 256, 0, 0, 0, 0, 5, 1000, 3;
1, 256, 0, 0, 0, 0, 5, 1000, 3;
1, 256, 1, 1, 1, 1, 6, 1001, 4;
1, 256, 0, 1, 1, 1, 5, 1000, 3;
1, 256, 0, -1, -1, -1, 4, 999, 2;
1, 256, 1, 1, 1, 1, 6, 1001, 4;
1, 256, 0, -1, -1, -1, 4, 999, 2;
1, 256, 0, 0, 0, 0, 5, 1000, 3;
1, 256, 0, -1, -1, -1, 4, 999, 2;
1, 256, 0, 0, 0, 0, 4, 999, 2;
1, 256, 0, 0, 0, 0, 5, 1000, 3;
1, 256, 0, -1, -1, -1, 4, 999, 2;
1, 256, 1, 1, 1, 1, 5, 1000, 3;
1, 256, 0, -1, -1, -1, 4, 999, 2;
1, 256, 0, 0, 0, 0, 4, 999, 2;
1, 256, 0, 0, 0, 0, 5, 1000, 3;
1, 256, 0, 0, 0, 0, 4, 999, 2;
1, 256, 0, -1, -1, -1, 4, 999, 2;
1, 256, 0, -1, -1, -1, 4, 999, 2;
1, 256, 0, 1, 1, 1, 5, 1000, 3;
1, 256, 0, 0, 0, 0, 5, 1000, 3;
1, 256, 0, 0, 0, 0, 4, 999, 2;
1, 256, 0, 0, 0, 0, 5, 1000, 3;
1, 256, 0, -1, -1, -1, 4, 999, 2;
1, 256, 0, 0, 0, 0, 5, 1000, 3;
1, 256, 0, 0, 0, 0, 4, 999, 2;
1, 256, 0, 0, 0, 0, 5, 1000, 3;
1, 256, 0, 0, 0, 0, 4, 999, 2;
1, 256, 0, 0, 0, 0, 5, 1000, 3;
1, 256, 0, 0, 0, 0, 4, 999, 2;
1, 256, 0, -1, -1, -1, 3, 998, 1;
1, 256, 1, 1, 1, 1, 6, 1001, 4;
1, 256, 0, 0, 0, 0, 5, 1000, 3;
1, 256, 0, 0, 0, 0, 5, 1000, 3;
1, 256, 0, 0, 0, 0, 5, 1000, 3;
1, 256, 0, 0, 0, 0, 5, 1000, 3;
1, 256, 0, 0, 0, 0, 5, 1000, 3;
1, 256, 0, 0, 0, 0, 4, 999, 2;
1, 256, 0, 0, 0, 0, 4, 999, 2;
1, 256, 0, 0, 0, 0, 5, 1000, 3;
1, 256, 0, 1, 1, 1, 5, 1000, 3;
1, 256, 0, -1, -1, -1, 4, 999, 2;
1, 256, 1, 1, 1, 1, 6, 1001, 4;
1, 256, 0, 0, 0, 0, 4, 999, 2;
1, 256, 0, -1, -1, -1, 4, 998, 2;
1, 256, 0, 0, 0, 0, 5, 1000, 3;
1, 256, 0, 1, 1, 1, 5, 1000, 3;
1, 256, 0, 0, 0, 0, 4, 999, 2;
1, 256, 0, -1, -1, -1, 4, 999, 2;
1, 256, 0, 0, 0, 0, 5, 1000, 3;
1, 256, 1, 1, 1, 1, 6, 1000, 3;
1, 256, 0, 0, 0, 0, 5, 1000, 3;
1, 256, 0, -1, -1, -1, 4, 999, 2;
1, 256, 0, -1, -1, -1, 3, 998, 1;
1, 256, 0, 0, 0, 0, 4, 999, 2;
1, 256, 0, 1, 1, 1, 5, 1000, 3;
1, 256, 0, -1, -1, -1, 4, 999, 2;
1, 256, 1, 1, 1, 1, 6, 1000, 4;
1, 256, 0, 0, 0, 0, 5, 1000, 3;
1, 256, 1, 1, 1, 1, 6, 1001, 4;
1, 256, 0, 0, 0, 0, 4, 999, 2;
1, 256, 0, 0, 0, 0, 4, 999, 2;
1, 256, 1, 1, 1, 1, 6, 1000, 4;
1, 256, 0, -1, -1, -1, 4, 999, 2;
1, 256, 0, 0, 0, 0, 5, 999, 2;
1, 256, 0, 0, 0, 0, 5, 1000, 3;
1, 256, 0, 0, 0, 0, 5, 1000, 3;
1, 256, 0, 0, 0, 0, 5, 1000, 3;
1, 256, 1, 1, 1, 1, 6, 1000, 4;
1, 256, 0, 0, 0, 0, 4, 999, 2;
1, 256, 0, 0, 0, 0, 4, 999, 2;
1, 256, 0, 0, 0, 0, 4, 999, 2;
1, 256, 0, 0, 0, 0, 4, 999, 2;
1, 256, 0, 0, 0, 0, 5, 1000, 3;
1, 256, 0, -1, -1, -1, 4, 998, 1;
1, 256, 0, -1, -1, -1, 4, 999, 2;
1, 256, 1, 1, 1, 1, 6, 1001, 4;
1, 256, 1, 1, 1, 1, 6, 1001, 4;
1, 256, 0, 0, 0, 0, 5, 1000, 3;
1, 256, 0, -1, -1, -1, 4, 999, 2;
1, 256, 0, 1, 1, 1, 5, 1000, 3;
1, 256, 1, 1, 1, 1, 6, 1001, 4;
1, 256, 0, 0, 0, 0, 5, 999, 3;
1, 256, 0, 0, 0, 0, 5, 1000, 3;
1, 256, 0, 0, 0, 0, 5, 1000, 3;
1, 256, 0, 0, 0, 0, 5, 1000, 3;
1, 256, 0, 0, 0, 0, 4, 999, 2;
1, 256, 1, 1, 1, 1, 5, 1000, 3;
1, 256, 1, 1, 1, 1, 6, 1001, 4;
1, 256, 0, 0, 0, 0, 4, 999, 2;
1, 256, 1, 1, 1, 1, 6, 1001, 4;
1, 256, 1, 1, 1, 1, 6, 1001, 4;
1, 256, 1, 1, 1, 1, 5, 1000, 3;
0, 256, 0, -1, -1, -1, 3, 998, 1;
1, 256, 0, 0, 0, 0, 5, 1000, 3;
1, 256, 0, 1, 1, 1, 5, 1000, 3;
1, 256, 0, 0, 0, 0, 5, 1000, 3;
1, 256, 0, 0, 0, 0, 5, 1000, 3;
1, 256, 1, 1, 1, 1, 6, 1001, 4;
1, 256, 1, 1, 1, 1, 6, 1001, 4;
1, 256, 0, 0, 0, 0, 4, 999, 2;
1, 256, 0, -1, -1, -1, 4, 999, 2;
1, 256, 0, 0, 0, 0, 4, 999, 2;
1, 256, 1, 1, 1, 1, 6, 1001, 4;
1, 256, 0, -1, -1, -1, 3, 998, 1;
1, 256, 0, 0, 0, 0, 4, 999, 2;
1, 256, 0, 0, 0, 0, 4, 999, 2;
1, 256, 0, 0, 0, 0, 5, 1000, 3;
1, 256, 0, 0, 0, 0, 5, 1000, 3;
1, 256, 0, 0, 0, 0, 4, 999, 2;
1, 256, 0, -1, -1, -1, 3, 998, 1;
1, 256, 0, 0, 0, 0, 4, 999, 2;
1, 256, 0, 0, 0, 0, 5, 1000, 3;
1, 256, 0, -1, -1, -1, 4, 999, 2;
1, 256, 0, -1, -1, -1, 4, 999, 2;
1, 256, 0, -1, -1, -1, 4, 998, 2;
1, 256, 0, 0, 0, 0, 4, 999, 2;
1, 256, 0, -1, -1, -1, 4, 999, 2;
1, 256, 0, 0, 0, 0, 5, 1000, 3;
1, 256, 1, 1, 1, 1, 6, 1001, 4;
1, 256, 0, 0, 0, 0, 5, 1000, 3;
1, 256, 1, 1, 1, 1, 6, 1001, 4;
1, 256, 0, 0, 0, 0, 5, 1000, 3;
1, 256, 0, 1, 1, 1, 5, 1000, 3;
1, 256, 1, 1, 1, 1, 6, 1000, 4;
1, 256, 0, 0, 0, 0, 5, 1000, 3;
1, 256, 1, 1, 1, 1, 6, 1001, 4;
1, 256, 1, 1, 1, 1, 6, 1001, 4;
1, 256, 0, 0, 0, 0, 4, 999, 2;
1, 256, 0, 0, 0, 0, 5, 1000, 3;
1, 256, 0, 0, 0, 0, 4, 999, 2;
1, 256, 1, 1, 1, 1, 6, 1001, 4;
1, 256, 0, 0, 0, 0, 5, 1000, 3;
1, 256, 0, 0, 0, 0, 4, 999, 2;
1, 256, 0, 0, 0, 0, 4, 999, 2;
1, 256, 0, -1, -1, -1, 4, 998, 1;
1, 256, 0, 1, 1, 1, 5, 1000, 3;
1, 256, 0, 1, 1, 1, 5, 1000, 3;
1, 256, 0, 1, 1, 1, 5, 1000, 3;
1, 256, 0, 0, 0, 0, 5, 1000, 3;
1, 256, 1, 1, 1, 1, 6, 1000, 4;
1, 256, 0, -1, -1, -1, 4, 999, 2;
1, 256, 0, 0, 0, 0, 5, 1000, 3;
1, 256, 0, 0, 0, 0, 5, 1000, 3;
1, 256, 0, -1, -1, -1, 3, 998, 1;
1, 256, 0, 0, 0, 0, 4, 999, 2;
1, 256, 0, 0, 0, 0, 5, 1000, 3;
1, 256, 0, 0, 0, 0, 4, 999, 2;
1, 256, 0, -1, -1, -1, 4, 999, 2;
1, 256, 0, 0, 0, 0, 4, 999, 2;
1, 256, 0, 0, 0, 0, 5, 1000, 3;
1, 256, 0, 1, 1, 1, 5, 1000, 3;
1, 256, 0, 0, 0, 0, 4, 999, 2;
1, 256, 0, 0, 0, 0, 5, 1000, 3;
1, 256, 1, 1, 1, 1, 5, 1000, 3;
1, 256, 0, 0, 0, 0, 4, 999, 2;
1, 256, 1, 1, 1, 1, 6, 1001, 4;
1, 256, 0, 0, 0, 0, 5, 1000, 3;
1, 256, 0, -1, -1, -1, 4, 999, 2;
1, 256, 1, 1, 1, 1, 6, 1000, 4;
1, 256, 0, 0, 0, 0, 5, 1000, 3;
1, 256, 0, -1, -1, -1, 4, 999, 2;
1, 256, 0, 0, 0, 0, 5, 1000, 3;
1, 256, 0, 0, 0, 0, 4, 999, 2;
1, 256, 0, 0, 0, 0, 4, 999, 2;
1, 256, 0, 0, 0, 0, 5, 1000, 3;
1, 256, 0, 1, 1, 1, 5, 1000, 3;
1, 256, 0, 1, 1, 1, 5, 1000, 3;
1, 256, 1, 1, 1, 1, 6, 1001, 4;
1, 256, 1, 1, 1, 1, 5, 1000, 3;
1, 256, 0, -1, -1, -1, 4, 999, 2;
1, 256, 0, 1, 1, 1, 5, 1000, 3;
1, 256, 0, 0, 0, 0, 5, 1000, 3;
0, 256, 0, -1, -1, -1, 3, 998, 1;
1, 256, 0, 0, 0, 0, 5, 1000, 3;
1, 256, 1, 1, 1, 1, 5, 1000, 3;
1, 256, 0, 0, 0, 0, 4, 999, 2;
1, 256, 0, -1, -1, -1, 4, 999, 2;
1, 256, 0, -1, -1, -1, 3, 998, 1;
1, 256, 0, 0, 0, 0, 4, 999, 2;
1, 256, 0, 0, 0, 0, 5, 999, 2;
1, 256, 1, 1, 1, 1, 6, 1001, 4;
1, 256, 0, 1, 1, 1, 5, 1000, 3;
1, 256, 0, 0, 0, 0, 4, 999, 2;
1, 256, 0, 0, 0, 0, 5, 1000, 3;
1, 256, 0, 1, 1, 1, 5, 1000, 3;
1, 256, 0, 0, 0, 0, 4, 999, 2;
1, 256, 0, 0, 0, 0, 5, 1000, 3;
1, 256, 0, 1, 1, 1, 5, 1000, 3;
1, 256, 0, 0, 0, 0, 5, 1000, 3;
1, 256, 1, 1, 1, 1, 6, 1000, 3;
1, 256, 0, 0, 0, 0, 5, 999, 3;
1, 256, 0, 0, 0, 0, 5, 1000, 3;
1, 256, 0, 0, 0, 0, 5, 1000, 3;
1, 256, 0, 0, 0, 0, 5, 1000, 3;
1, 256, 0, 0, 0, 0, 5, 1000, 3;
1, 256, 1, 1, 1, 1, 6, 1001, 4;
1, 256, 0, 0, 0, 0, 5, 1000, 3;
1, 256, 1, 1, 1, 1, 6, 1001, 4;
1, 256, 0, 0, 0, 0, 5, 1000, 3;
1, 256, 0, 0, 0, 0, 4, 999, 2;
1, 256, 0, -1, -1, -1, 4, 999, 2;
1, 256, 0, 0, 0, 0, 5, 999, 2;
1, 256, 0, 0, 0, 0, 4, 999, 2;
1, 256, 0, 0, 0, 0, 4, 999, 2;
1, 256, 0, 0, 0, 0, 5, 1000, 3;
1, 256, 1, 1, 1, 1, 6, 1001, 4;
1, 256, 0, 0, 0, 0, 4, 999, 2;
1, 256, 0, 1, 1, 1, 5, 1000, 3;
1, 256, 0, 0, 0, 0, 5, 1000, 3;
1, 256, 1, 1, 1, 1, 6, 1000, 4;
0, 256, 0, -1, -1, -1, 3, 998, 1;
1, 256, 0, 0, 0, 0, 4, 999, 2;
1, 256, 0, 0, 0, 0, 5, 1000, 3;
1, 256, 0, 0, 0, 0, 5, 1000, 3;
1, 256, 0, -1, -1, -1, 4, 999, 2;
1, 256, 1, 1, 1, 1, 6, 1000, 3;
1, 256, 0, -1, -1, -1, 4, 999, 2;
1, 256, 0, 0, 0, 0, 5, 1000, 3;
1, 256, 0, 0, 0, 0, 4, 999, 2;
1, 256, 0, 0, 0, 0, 4, 999, 2;
1, 256, 0, 1, 1, 1, 5, 1000, 3;
1, 256, 0, 0, 0, 0, 4, 999, 2;
1, 256, 0, 0, 0, 0, 4, 999, 2;
1, 256, 0, 0, 0, 0, 5, 999, 2;
1, 256, 0, 0, 0, 0, 4, 999, 2;
1, 256, 0, 0, 0, 0, 5, 1000, 3;
1, 256, 0, 0, 0, 0, 4, 999, 2;
1, 256, 0, 0, 0, 0, 4, 999, 2;
1, 256, 0, 0, 0, 0, 5, 1000, 3;
1, 256, 0, -1, -1, -1, 4, 999, 2;
1, 256, 1, 1, 1, 1, 6, 1000, 3;
1, 256, 0, 1, 1, 1, 5, 1000, 3;
1, 256, 0, -1, -1, -1, 4, 999, 2;
1, 256, 0, 0, 0, 0, 5, 1000, 3;
1, 256, 0, 0, 0, 0, 5, 1000, 3;
1, 256, 1, 1, 1, 1, 6, 1001, 4;
1, 256, 0, 1, 1, 1, 5, 1000, 3;
1, 256, 0, 0, 0, 0, 5, 1000, 3;
1, 256, 0, -1, -1, -1, 3, 998, 1;
1, 256, 0, 0, 0, 0, 5, 1000, 3;
1, 256, 0, 1, 1, 1, 5, 1000, 3;
1, 256, 0, -1, -1, -1, 3, 998, 1;
1, 256, 0, 1, 1, 1, 5, 1000, 3;
1, 256, 0, -1, -1, -1, 4, 999, 2;
1, 256, 0, 0, 0, 0, 5, 999, 2;
1, 256, 0, 0, 0, 0, 4, 999, 2;
1, 256, 0, -1, -1, -1, 4, 999, 2;
1, 256, 0, 0, 0, 0, 4, 999, 2;
1, 256, 0, 0, 0, 0, 4, 999, 2;
1, 256, 0, 0, 0, 0, 5, 1000, 3;
1, 256, 0, 0, 0, 0, 4, 999, 2;
1, 256, 0, 0, 0, 0, 4, 999, 2;
1, 256, 0, 0, 0, 0, 5, 1000, 3;
1, 256, 1, 1, 1, 1, 6, 1001, 4;
1, 256, 0, -1, -1, -1, 4, 999, 2;
1, 256, 0, -1, -1, -1, 4, 999, 2;
1, 256, 0, -1, -1, -1, 4, 999, 2;
1, 256, 0, 0, 0, 0, 4, 999, 2;
1, 256, 0, 0, 0, 0, 4, 999, 2;
1, 256, 1, 1, 1, 1, 6, 1001, 4;
1, 256, 0, 0, 0, 0, 4, 999, 2;
1, 256, 0, 0, 0, 0, 5, 1000, 3;
1, 256, 0, -1, -1, -1, 4, 999, 2;
1, 256, 0, -1, -1, -1, 4, 998, 1;
1, 256, 0, -1, -1, -1, 4, 999, 2;
1, 256, 0, -1, -1, -1, 3, 998, 1;
1, 256, 0, -1, -1, -1, 3, 998, 1;
1, 256, 0, 1, 1, 1, 5, 1000, 3;
1, 256, 0, 0, 0, 0, 4, 999, 2;
1, 256, 0, 0, 0, 0, 4, 999, 2;
1, 256, 0, 0, 0, 0, 4, 999, 2;
1, 256, 1, 1, 1, 1, 6, 1001, 4;
1, 256, 0, -1, -1, -1, 3, 998, 1;
1, 256, 0, -1, -1, -1, 4, 998, 2;
1, 256, 0, 0, 0, 0, 5, 1000, 3;
1, 256, 0, -1, -1, -1, 3, 998, 1;
1, 256, 0, -1, -1, -1, 3, 998, 1;
1, 256, 1, 1, 1, 1, 6, 1000, 4;
1, 256, 0, 0, 0, 0, 4, 999, 2;
1, 256, 0, -1, -1, -1, 3, 998, 1;
1, 256, 0, 0, 0, 0, 5, 1000, 3;
1, 256, 0, -1, -1, -1, 3, 998, 1;
0, 256, 0, -1, -1, -1, 3, 998, 1;
1, 256, 0, -1, -1, -1, 3, 998, 1;
1, 256, 0, 0, 0, 0, 5, 1000, 3;
1, 256, 0, 0, 0, 0, 4, 999, 2;
1, 256, 0, 1, 1, 1, 5, 1000, 3;
1, 256, 0, 0, 0, 0, 4, 999, 2;
1, 256, 0, 0, 0, 0, 4, 999, 2;
1, 256, 0, 0, 0, 0, 5, 1000, 3;
1, 256, 0, 0, 0, 0, 4, 999, 2;
1, 256, 0, -1, -1, -1, 4, 998, 1;
1, 256, 0, 1, 1, 1, 5, 1000, 3;
1, 256, 0, -1, -1, -1, 4, 999, 2;
1, 256, 0, -1, -1, -1, 4, 999, 2;
1, 256, 0, 0, 0, 0, 5, 1000, 3;
1, 256, 0, -1, -1, -1, 4, 998, 1;
1, 256, 0, 0, 0, 0, 5, 1000, 3;
1, 256, 0, 0, 0, 0, 5, 1000, 3;
1, 256, 0, 0, 0, 0, 5, 1000, 3;
1, 256, 0, 0, 0, 0, 5, 1000, 3;
1, 256, 0, 0, 0, 0, 5, 999, 3;
1, 256, 0, -1, -1, -1, 4, 999, 2;
1, 256, 0, 0, 0, 0, 5, 1000, 3;
1, 256, 0, 0, 0, 0, 4, 999, 2;
1, 256, 0, -1, -1, -1, 3, 998, 1;
1, 256, 0, -1, -1, -1, 4, 999, 2;
1, 256, 1, 1, 1, 1, 6, 1001, 4;
1, 256, 1, 1, 1, 1, 6, 1001, 4;
1, 256, 0, 0, 0, 0, 4, 999, 2;
1, 256, 0, -1, -1, -1, 3, 998, 1;
1, 256, 0, 0, 0, 0, 5, 1000, 3;
1, 256, 0, -1, -1, -1, 4, 999, 2;
1, 256, 1, 1, 1, 1, 6, 1000, 4;
1, 256, 0, 0, 0, 0, 5, 1000, 3;
1, 256, 1, 1, 1, 1, 6, 1001, 4;
1, 256, 0, 0, 0, 0, 4, 999, 2;
1, 256, 0, 0, 0, 0, 5, 1000, 3;
1, 256, 0, 0, 0, 0, 5, 1000, 3;
1, 256, 0, -1, -1, -1, 4, 999, 2;
1, 256, 0, 1, 1, 1, 5, 1000, 3;
1, 256, 1, 1, 1, 1, 6, 1001, 4;
1, 256, 0, 1, 1, 1, 5, 1000, 3;
1, 256, 0, 0, 0, 0, 5, 1000, 3;
1, 256, 1, 1, 1, 1, 6, 1001, 4;
1, 256, 0, 1, 1, 1, 5, 1000, 3;
1, 256, 0, -1, -1, -1, 3, 998, 1;
1, 256, 0, 0, 0, 0, 5, 1000, 3;
1, 256, 0, 0, 0, 0, 5, 999, 2;
1, 256, 0, -1, -1, -1, 4, 999, 2;
0, 256, 0, -1, -1, -1, 3, 998, 1;
1, 256, 0, 0, 0, 0, 5, 999, 3;
1, 256, 0, 0, 0, 0, 5, 999, 3;
1, 256, 0, 0, 0, 0, 5, 1000, 3;
1, 256, 0, 0, 0, 0, 4, 999, 2;
0, 256, 0, -1, -1, -1, 3, 998, 1;
1, 256, 0, -1, -1, -1, 4, 999, 2;
1, 256, 0, 0, 0, 0, 4, 999, 2;
1, 256, 0, 0, 0, 0, 4, 999, 2;
1, 256, 1, 1, 1, 1, 6, 1001, 4;
1, 256, 0, 0, 0, 0, 5, 1000, 3;
1, 256, 0, 0, 0, 0, 5, 1000, 3;
1, 256, 0, -1, -1, -1, 4, 999, 2;
1, 256, 0, 0, 0, 0, 5, 1000, 3;
1, 256, 0, -1, -1, -1, 4, 999, 2;
1, 256, 0, 0, 0, 0, 5, 1000, 3;
1, 256, 0, 0, 0, 0, 5, 999, 2;
1, 256, 0, 0, 0, 0, 4, 999, 2;
1, 256, 0, 1, 1, 1, 5, 1000, 3;
1, 256, 1, 1, 1, 1, 6, 1001, 4;
1, 256, 0, 0, 0, 0, 5, 1000, 3;
1, 256, 0, 0, 0, 0, 4, 999, 2;
1, 256, 0, 0, 0, 0, 5, 1000, 3;
1, 256, 0, 1, 1, 1, 5, 1000, 3;
1, 256, 1, 1, 1, 1, 6, 1001, 4;
1, 256, 1, 1, 1, 1, 6, 1000, 4;
1, 256, 0, 0, 0, 0, 5, 1000, 3;
1, 256, 0, 0, 0, 0, 5, 1000, 3;
1, 256, 0, -1, -1, -1, 4, 999, 2;
1, 256, 1, 1, 1, 1, 6, 1000, 4;
0, 256, 0, -1, -1, -1, 3, 998, 1;
1, 256, 1, 1, 1, 1, 6, 1001, 4;
1, 256, 0, 1, 1, 1, 5, 1000, 3;
1, 256, 0, 0, 0, 0, 4, 999, 2;
1, 256, 0, 0, 0, 0, 4, 999, 2;
1, 256, 0, 0, 0, 0, 4, 999, 2;
1, 256, 0, 0, 0, 0, 5, 999, 3;
1, 256, 0, -1, -1, -1, 4, 999, 2;
1, 256, 0, 0, 0, 0, 5, 1000, 3;
1, 256, 0, -1, -1, -1, 4, 998, 1;
1, 256, 0, -1, -1, -1, 4, 999, 2;
1, 256, 0, 1, 1, 1, 5, 1000, 3;
1, 256, 0, 0, 0, 0, 4, 999, 2;
1, 256, 0, -1, -1, -1, 4, 999, 2;
1, 256, 0, 0, 0, 0, 5, 1000, 3;
1, 256, 0, -1, -1, -1, 4, 998, 1;
1, 256, 0, -1, -1, -1, 4, 999, 2;
1, 256, 0, -1, -1, -1, 4, 999, 2;
1, 256, 0, 0, 0, 0, 4, 999, 2;
1, 256, 0, -1, -1, -1, 4, 999, 2;
1, 256, 0, -1, -1, -1, 3, 998, 1;
1, 256, 0, -1, -1, -1, 4, 999, 2;
1, 256, 0, -1, -1, -1, 4, 998, 1;
1, 256, 0, 0, 0, 0, 5, 999, 2;
1, 256, 1, 1, 1, 1, 5, 1000, 3;
1, 256, 0, -1, -1, -1, 4, 998, 2;
1, 256, 0, 0, 0, 0, 5, 1000, 3;
1, 256, 0, -1, -1, -1, 4, 999, 2;
1, 256, 0, 0, 0, 0, 5, 1000, 3;
1, 256, 0, 0, 0, 0, 5, 1000, 3;
1, 256, 1, 1, 1, 1, 6, 1000, 3;
1, 256, 0, 0, 0, 0, 5, 1000, 3;
1, 256, 0, 0, 0, 0, 4, 999, 2;
1, 256, 0, 0, 0, 0, 4, 999, 2;
1, 256, 0, -1, -1, -1, 4, 999, 2;
1, 256, 0, 0, 0, 0, 4, 999, 2;
1, 256, 0, -1, -1, -1, 4, 999, 2;
1, 256, 1, 1, 1, 1, 5, 1000, 3;
1, 256, 0, 1, 1, 1, 5, 1000, 3;
1, 256, 0, 0, 0, 0, 4, 999, 2;
1, 256, 0, -1, -1, -1, 4, 999, 2;
1, 256, 1, 1, 1, 1, 6, 1000, 3;
1, 256, 0, 1, 1, 1, 5, 1000, 3;
1, 256, 0, 0, 0, 0, 5, 1000, 3;
0, 256, 0, -1, -1, -1, 3, 998, 1;
1, 256, 0, 0, 0, 0, 4, 999, 2;
1, 256, 0, 0, 0, 0, 4, 999, 2;
1, 256, 1, 1, 1, 1, 6, 1000, 4;
1, 256, 0, 0, 0, 0, 5, 1000, 3;
1, 256, 0, -1, -1, -1, 4, 998, 2;
1, 256, 0, -1, -1, -1, 4, 999, 2;
0, 256, 0, -1, -1, -1, 3, 998, 1;
1, 256, 1, 1, 1, 1, 6, 1001, 4;
1, 256, 0, 0, 0, 0, 5, 1000, 3;
1, 256, 0, 0, 0, 0, 5, 1000, 3;
1, 256, 0, -1, -1, -1, 4, 999, 2;
1, 256, 0, 0, 0, 0, 4, 999, 2;
1, 256, 0, 0, 0, 0, 5, 1000, 3;
1, 256, 0, 0, 0, 0, 4, 999, 2;
1, 256, 0, 0, 0, 0, 5, 1000, 3;
1, 256, 0, -1, -1, -1, 4, 999, 2;
0, 256, 0, -1, -1, -1, 3, 998, 1;
1, 256, 1, 1, 1, 1, 6, 1001, 4;
1, 256, 1, 1, 1, 1, 6, 1001, 4;
1, 256, 0, 0, 0, 0, 4, 999, 2;
1, 256, 0, 0, 0, 0, 5, 1000, 3;
1, 256, 0, -1, -1, -1, 4, 999, 2;
1, 256, 1, 1, 1, 1, 6, 1000, 3;
1, 256, 0, 0, 0, 0, 4, 999, 2;
1, 256, 0, 0, 0, 0, 5, 1000, 3;
1, 256, 0, 0, 0, 0, 5, 1000, 3;
1, 256, 0, 0, 0, 0, 5, 1000, 3;
1, 256, 0, 0, 0, 0, 4, 999, 2;
1, 256, 0, -1, -1, -1, 4, 999, 2;
1, 256, 0, -1, -1, -1, 4, 999, 2;
1, 256, 0, -1, -1, -1, 4, 999, 2;
1, 256, 1, 1, 1, 1, 6, 1001, 4;
1, 256, 0, 0, 0, 0, 5, 1000, 3;
1, 256, 0, -1, -1, -1, 4, 999, 2;
1, 256, 0, 0, 0, 0, 5, 1000, 3;
1, 256, 1, 1, 1, 1, 6, 1001, 4;
1, 256, 0, 0, 0, 0, 4, 999, 2;
1, 256, 1, 1, 1, 1, 5, 1000, 3;
1, 256, 0, 0, 0, 0, 4, 999, 2;
1, 256, 0, 0, 0, 0, 5, 1000, 3;
1, 256, 1, 1, 1, 1, 6, 1000, 4;
1, 256, 1, 1, 1, 1, 5, 1000, 3;
1, 256, 0, -1, -1, -1, 3, 998, 1;
1, 256, 0, 0, 0, 0, 5, 1000, 3;
1, 256, 1, 1, 1, 1, 6, 1001, 4;
1, 256, 0, 0, 0, 0, 5, 999, 2;
1, 256, 0, -1, -1, -1, 4, 998, 1;
1, 256, 0, 0, 0, 0, 4, 999, 2;
1, 256, 1, 1, 1, 1, 6, 1001, 4;
1, 256, 0, 0, 0, 0, 4, 999, 2;
1, 256, 0, 0, 0, 0, 4, 999, 2;
1, 256, 0, 0, 0, 0, 5, 1000, 3;
1, 256, 1, 1, 1, 1, 6, 1000, 4;
1, 256, 0, 0, 0, 0, 5, 1000, 3;
1, 256, 0, -1, -1, -1, 4, 999, 2;
1, 256, 0, -1, -1, -1, 4, 999, 2;
1, 256, 1, 1, 1, 1, 6, 1000, 4;
1, 256, 1, 1, 1, 1, 6, 1001, 4;
1, 256, 0, -1, -1, -1, 4, 999, 2;
1, 256, 1, 1, 1, 1, 5, 1000, 3;
1, 256, 0, 1, 1, 1, 5, 1000, 3;
1, 256, 0, -1, -1, -1, 4, 999, 2;
1, 256, 0, 0, 0, 0, 5, 1000, 3;
1, 256, 0, 0, 0, 0, 4, 999, 2;
1, 256, 0, 0, 0, 0, 5, 1000, 3;
1, 256, 1, 1, 1, 1, 6, 1000, 4;
0, 256, 0, -1, -1, -1, 3, 998, 1;
1, 256, 0, 0, 0, 0, 5, 1000, 3;
1, 256, 1, 1, 1, 1, 6, 1001, 4;
1, 256, 0, 1, 1, 1, 5, 1000, 3;
1, 256, 1, 1, 1, 1, 6, 1001, 4;
1, 256, 0, 0, 0, 0, 4, 999, 2;
1, 256, 0, 0, 0, 0, 5, 1000, 3;
1, 256, 0, 1, 1, 1, 5, 1000, 3;
1, 256, 0, 0, 0, 0, 4, 999, 2;
1, 256, 0, -1, -1, -1, 4, 999, 2;
1, 256, 0, 0, 0, 0, 5, 1000, 3;
1, 256, 1, 1, 1, 1, 6, 1001, 4;
1, 256, 1, 1, 1, 1, 6, 1001, 4;
1, 256, 1, 1, 1, 1, 6, 1000, 3;
1, 256, 0, -1, -1, -1, 4, 999, 2;
1, 256, 0, 1, 1, 1, 5, 1000, 3;
1, 256, 1, 1, 1, 1, 6, 1001, 4;
1, 256, 0, 1, 1, 1, 5, 1000, 3;
1, 256, 0, 1, 1, 1, 5, 1000, 3;
1, 256, 0, -1, -1, -1, 4, 999, 2;
1, 256, 0, 0, 0, 0, 4, 999, 2;
1, 256, 0, -1, -1, -1, 4, 999, 2;
1, 256, 0, 1, 1, 1, 5, 1000, 3;
1, 256, 0, 0, 0, 0, 5, 1000, 3;
1, 256, 1, 1, 1, 1, 6, 1001, 4;
1, 256, 0, 0, 0, 0, 5, 1000, 3;
1, 256, 1, 1, 1, 1, 6, 1001, 4;
1, 256, 0, -1, -1, -1, 3, 998, 1;
1, 256, 0, 1, 1, 1, 5, 1000, 3;
1, 256, 0, 0, 0, 0, 5, 1000, 3;
1, 256, 0, 1, 1, 1, 5, 1000, 3;
1, 256, 0, -1, -1, -1, 4, 999, 2;
1, 256, 0, -1, -1, -1, 4, 999, 2;
1, 256, 0, 0, 0, 0, 5, 1000, 3;
1, 256, 0, -1, -1, -1, 4, 999, 2;
1, 256, 1, 1, 1, 1, 6, 1001, 4;
1, 256, 1, 1, 1, 1, 6, 1001, 4;
1, 256, 0, 1, 1, 1, 5, 1000, 3;
1, 256, 1, 1, 1, 1, 5, 1000, 3;
1, 256, 0, 0, 0, 0, 5, 1000, 3;
1, 256, 0, 0, 0, 0, 5, 1000, 3;
1, 256, 0, 0, 0, 0, 5, 999, 2;
1, 256, 0, 0, 0, 0, 5, 1000, 3;
1, 256, 1, 1, 1, 1, 6, 1001, 4;
1, 256, 0, 0, 0, 0, 4, 999, 2;
1, 256, 0, 0, 0, 0, 4, 999, 2;
1, 256, 0, 1, 1, 1, 5, 1000, 3;
1, 256, 0, -1, -1, -1, 4, 999, 2;
1, 256, 0, 0, 0, 0, 5, 1000, 3;
1, 256, 1, 1, 1, 1, 6, 1001, 4;
1, 256, 0, 1, 1, 1, 5, 1000, 3;
1, 256, 0, -1, -1, -1, 3, 998, 1;
1, 256, 0, 0, 0, 0, 4, 999, 2;
1, 256, 0, -1, -1, -1, 4, 999, 2;
1, 256, 1, 1, 1, 1, 5, 1000, 3;
1, 256, 0, 0, 0, 0, 5, 999, 2;
1, 256, 0, 1, 1, 1, 5, 1000, 3;
1, 256, 0, 0, 0, 0, 5, 999, 2;
1, 256, 0, -1, -1, -1, 4, 999, 2;
1, 256, 0, -1, -1, -1, 4, 999, 2;
1, 256, 1, 1, 1, 1, 6, 1000, 4;
1, 256, 1, 1, 1, 1, 6, 1001, 4;
1, 256, 0, 0, 0, 0, 4, 999, 2;
1, 256, 0, 0, 0, 0, 5, 1000, 3;
1, 256, 0, 0, 0, 0, 5, 1000, 3;
1, 256, 0, 0, 0, 0, 5, 1000, 3;
1, 256, 1, 1, 1, 1, 6, 1000, 4;
1, 256, 1, 1, 1, 1, 6, 1001, 4;
1, 256, 0, 0, 0, 0, 4, 999, 2;
1, 256, 0, -1, -1, -1, 3, 998, 1;
1, 256, 0, 0, 0, 0, 5, 1000, 3;
1, 256, 1, 1, 1, 1, 6, 1001, 4;
1, 256, 0, -1, -1, -1, 3, 998, 1;
1, 256, 0, -1, -1, -1, 4, 998, 2;
1, 256, 0, 0, 0, 0, 4, 999, 2;
1, 256, 0, 0, 0, 0, 5, 1000, 3;
1, 256, 0, 0, 0, 0, 5, 1000, 3;
1, 256, 0, 0, 0, 0, 4, 999, 2;
1, 256, 0, 0, 0, 0, 5, 1000, 3;
1, 256, 0, 1, 1, 1, 5, 1000, 3;
1, 256, 0, 0, 0, 0, 5, 1000, 3;
1, 256, 0, 1, 1, 1, 5, 1000, 3;
1, 256, 0, -1, -1, -1, 4, 999, 2;
1, 256, 1, 1, 1, 1, 6, 1000, 4;
1, 256, 0, 0, 0, 0, 4, 999, 2;
1, 256, 0, -1, -1, -1, 4, 998, 2;
1, 256, 1, 1, 1, 1, 5, 1000, 3;
1, 256, 0, 0, 0, 0, 5, 1000, 3;
1, 256, 0, 1, 1, 1, 5, 1000, 3;
1, 256, 1, 1, 1, 1, 6, 1001, 4;
1, 256, 0, -1, -1, -1, 4, 999, 2;
1, 256, 0, -1, -1, -1, 4, 999, 2;
1, 256, 0, 0, 0, 0, 4, 999, 2;
0, 256, 0, -1, -1, -1, 3, 998, 1;
1, 256, 0, 1, 1, 1, 5, 1000, 3;
1, 256, 0, 1, 1, 1, 5, 1000, 3;
1, 256, 0, 0, 0, 0, 5, 1000, 3;
1, 256, 0, 1, 1, 1, 5, 1000, 3;
1, 256, 0, 0, 0, 0, 4, 999, 2;
1, 256, 1, 1, 1, 1, 6, 1001, 4;
1, 256, 0, 0, 0, 0, 5, 1000, 3;
1, 256, 0, 0, 0, 0, 5, 999, 2;
1, 256, 0, 0, 0, 0, 5, 1000, 3;
1, 256, 0, -1, -1, -1, 3, 998, 1;
1, 256, 0, 0, 0, 0, 5, 1000, 3;
1, 256, 0, 0, 0, 0, 5, 1000, 3;
1, 256, 0, 0, 0, 0, 5, 1000, 3;
1, 256, 0, 0, 0, 0, 5, 1000, 3;
1, 256, 0, -1, -1, -1, 3, 998, 1;
0, 256, 0, -1, -1, -1, 3, 998, 1;
1, 256, 0, -1, -1, -1, 4, 999, 2;
1, 256, 0, 0, 0, 0, 5, 1000, 3;
1, 256, 0, 0, 0, 0, 5, 1000, 3;
1, 256, 0, 0, 0, 0, 5, 999, 2;
1, 256, 0, -1, -1, -1, 3, 998, 1;
1, 256, 0, -1, -1, -1, 4, 999, 2;
1, 256, 0, 0, 0, 0, 5, 1000, 3;
1, 256, 0, -1, -1, -1, 4, 999, 2;
1, 256, 0, 1, 1, 1, 5, 1000, 3;
1, 256, 0, 0, 0, 0, 5, 1000, 3;
1, 256, 0, 1, 1, 1, 5, 1000, 3;
1, 256, 0, -1, -1, -1, 4, 999, 2;
1, 256, 0, -1, -1, -1, 3, 998, 1;
1, 256, 0, -1, -1, -1, 4, 999, 2;
1, 256, 0, 1, 1, 1, 5, 1000, 3;
1, 256, 0, -1, -1, -1, 4, 999, 2;
1, 256, 0, -1, -1, -1, 4, 998, 1;
1, 256, 0, 0, 0, 0, 4, 999, 2;
1, 256, 0, -1, -1, -1, 3, 998, 1;
1, 256, 0, 0, 0, 0, 5, 1000, 3;
1, 256, 0, 0, 0, 0, 5, 1000, 3;
1, 256, 1, 1, 1, 1, 6, 1001, 4;
1, 256, 0, -1, -1, -1, 4, 999, 2;
1, 256, 0, 1, 1, 1, 5, 1000, 3;
1, 256, 0, 0, 0, 0, 4, 999, 2;
1, 256, 1, 1, 1, 1, 6, 1001, 4;
1, 256, 1, 1, 1, 1, 6, 1001, 4;
1, 256, 0, 0, 0, 0, 5, 999, 3;
1, 256, 0, 0, 0, 0, 4, 999, 2;
1, 256, 0, 0, 0, 0, 4, 999, 2;
1, 256, 0, 0, 0, 0, 4, 999, 2;
1, 256, 0, 0, 0, 0, 5, 1000, 3;
1, 256, 0, 0, 0, 0, 5, 1000, 3;
1, 256, 0, 0, 0, 0, 5, 1000, 3;
1, 256, 0, -1, -1, -1, 4, 999, 2;
1, 256, 0, 0, 0, 0, 4, 999, 2;
1, 256, 1, 1, 1, 1, 6, 1001, 4;
1, 256, 0, 1, 1, 1, 5, 1000, 3;
1, 256, 0, 0, 0, 0, 5, 1000, 3;
1, 256, 0, -1, -1, -1, 4, 998, 1;
1, 256, 0, 0, 0, 0, 5, 1000, 3;
1, 256, 0, 0, 0, 0, 5, 1000, 3;
1, 256, 0, -1, -1, -1, 3, 998, 1;
1, 256, 1, 1, 1, 1, 6, 1001, 4;
1, 256, 0, 0, 0, 0, 5, 1000, 3;
1, 256, 1, 1, 1, 1, 6, 1001, 4;
1, 256, 1, 1, 1, 1, 6, 1001, 4;
1, 256, 0, 0, 0, 0, 5, 1000, 3;
1, 256, 1, 1, 1, 1, 6, 1001, 4;
1, 256, 0, 1, 1, 1, 5, 1000, 3;
1, 256, 1, 1, 1, 1, 6, 1000, 4;
1, 256, 0, 0, 0, 0, 5, 1000, 3;
1, 256, 0, 0, 0, 0, 5, 1000, 3;
1, 256, 0, 0, 0, 0, 4, 999, 2;
1, 256, 0, 0, 0, 0, 5, 1000, 3;
1, 256, 0, 0, 0, 0, 4, 999, 2;
1, 256, 1, 1, 1, 1, 6, 1001, 4;
1, 256, 0, 0, 0, 0, 4, 999, 2;
1, 256, 0, 0, 0, 0, 4, 999, 2;
1, 256, 1, 1, 1, 1, 6, 1001, 4;
1, 256, 0, -1, -1, -1, 4, 999, 2;
1, 256, 0, 0, 0, 0, 4, 999, 2;
1, 256, 1, 1, 1, 1, 6, 1001, 4;
1, 256, 0, 0, 0, 0, 4, 999, 2;
1, 256, 0, -1, -1, -1, 4, 999, 2;
1, 256, 0, 0, 0, 0, 4, 999, 2;
1, 256, 0, 0, 0, 0, 5, 1000, 3;
1, 256, 0, 0, 0, 0, 5, 1000, 3;
1, 256, 0, -1, -1, -1, 4, 999, 2;
1, 256, 0, 0, 0, 0, 5, 1000, 3;
1, 256, 0, 0, 0, 0, 5, 1000, 3;
1, 256, 0, -1, -1, -1, 4, 998, 1;
1, 256, 0, 0, 0, 0, 5, 1000, 3;
1, 256, 0, 0, 0, 0, 5, 1000, 3;
1, 256, 0, 0, 0, 0, 4, 999, 2;
1, 256, 0, 0, 0, 0, 5, 1000, 3;
1, 256, 0, 0, 0, 0, 4, 999, 2;
1, 256, 0, -1, -1, -1, 4, 998, 1;
1, 256, 0, 0, 0, 0, 5, 1000, 3;
1, 256, 0, 1, 1, 1, 5, 1000, 3;
1, 256, 0, -1, -1, -1, 4, 999, 2;
1, 256, 0, -1, -1, -1, 3, 998, 1;
1, 256, 0, 0, 0, 0, 4, 999, 2;
1, 256, 0, 0, 0, 0, 4, 999, 2;
1, 256, 1, 1, 1, 1, 6, 1001, 4;
1, 256, 1, 1, 1, 1, 6, 1000, 3;
1, 256, 1, 1, 1, 1, 6, 1001, 4;
1, 256, 0, 0, 0, 0, 5, 1000, 3;
1, 256, 0, -1, -1, -1, 4, 998, 2;
1, 256, 0, 0, 0, 0, 5, 1000, 3;
1, 256, 0, 0, 0, 0, 4, 999, 2;
1, 256, 0, 1, 1, 1, 5, 1000, 3;
1, 256, 0, 0, 0, 0, 5, 1000, 3;
1, 256, 0, 1, 1, 1, 5, 1000, 3;
1, 256, 0, 1, 1, 1, 5, 1000, 3;
1, 256, 1, 1, 1, 1, 5, 1000, 3;
1, 256, 0, -1, -1, -1, 4, 998, 2;
1, 256, 1, 1, 1, 1, 6, 1000, 4;
1, 256, 0, 0, 0, 0, 5, 1000, 3;
1, 256, 0, 0, 0, 0, 4, 999, 2;
1, 256, 0, 0, 0, 0, 5, 1000, 3;
1, 256, 0, 0, 0, 0, 4, 999, 2;
1, 256, 0, 0, 0, 0, 5, 1000, 3;
1, 256, 0, -1, -1, -1, 4, 998, 1;
1, 256, 0, 0, 0, 0, 4, 999, 2;
1, 256, 0, 0, 0, 0, 5, 999, 3;
1, 256, 0, 0, 0, 0, 5, 999, 2;
1, 256, 0, -1, -1, -1, 4, 999, 2;
1, 256, 0, 0, 0, 0, 5, 1000, 3;
1, 256, 1, 1, 1, 1, 6, 1000, 4;
1, 256, 0, -1, -1, -1, 4, 999, 2;
1, 256, 0, -1, -1, -1, 4, 999, 2;
1, 256, 0, 0, 0, 0, 4, 999, 2;
1, 256, 0, 0, 0, 0, 4, 999, 2;
1, 256, 1, 1, 1, 1, 5, 1000, 3;
1, 256, 1, 1, 1, 1, 6, 1001, 4;
1, 256, 0, 0, 0, 0, 4, 999, 2;
1, 256, 0, 0, 0, 0, 4, 999, 2;
1, 256, 0, 0, 0, 0, 5, 1000, 3;
1, 256, 0, 0, 0, 0, 4, 999, 2;
1, 256, 1, 1, 1, 1, 6, 1001, 4;
1, 256, 0, 0, 0, 0, 4, 999, 2;
1, 256, 1, 1, 1, 1, 6, 1000, 3;
1, 256, 1, 1, 1, 1, 6, 1001, 4;
1, 256, 0, -1, -1, -1, 4, 999, 2;
1, 256, 0, 0, 0, 0, 5, 1000, 3;
1, 256, 0, 0, 0, 0, 4, 999, 2;
1, 256, 0, -1, -1, -1, 4, 999, 2;
1, 256, 1, 1, 1, 1, 6, 1001, 4;
1, 256, 0, 0, 0, 0, 5, 999, 2;
1, 256, 0, 1, 1, 1, 5, 1000, 3;
1, 256, 0, 0, 0, 0, 5, 1000, 3;
1, 256, 0, 0, 0, 0, 4, 999, 2;
1, 256, 0, 0, 0, 0, 5, 999, 2;
1, 256, 0, 0, 0, 0, 4, 999, 2;
1, 256, 0, -1, -1, -1, 4, 999, 2;
1, 256, 0, 0, 0, 0, 5, 1000, 3;
1, 256, 0, -1, -1, -1, 4, 998, 2;
1, 256, 0, 0, 0, 0, 5, 999, 3;
1, 256, 0, -1, -1, -1, 4, 999, 2;
1, 256, 0, 0, 0, 0, 4, 999, 2;
1, 256, 0, 0, 0, 0, 5, 1000, 3;
1, 256, 0, 0, 0, 0, 4, 999, 2;
1, 256, 0, 0, 0, 0, 4, 999, 2;
1, 256, 0, -1, -1, -1, 4, 999, 2;
1, 256, 0, 1, 1, 1, 5, 1000, 3;
1, 256, 0, -1, -1, -1, 4, 999, 2;
1, 256, 0, 0, 0, 0, 4, 999, 2;
1, 256, 0, 1, 1, 1, 5, 1000, 3;
1, 256, 0, 0, 0, 0, 5, 1000, 3;
1, 256, 0, 1, 1, 1, 5, 1000, 3;
1, 256, 1, 1, 1, 1, 6, 1001, 4;
1, 256, 0, 0, 0, 0, 5, 1000, 3;
1, 256, 0, 0, 0, 0, 5, 1000, 3;
1, 256, 0, 1, 1, 1, 5, 1000, 3;
1, 256, 0, 0, 0, 0, 5, 1000, 3;
1, 256, 0, -1, -1, -1, 4, 998, 1;
1, 256, 0, 1, 1, 1, 5, 1000, 3;
1, 256, 0, -1, -1, -1, 3, 998, 1;
1, 256, 0, 0, 0, 0, 5, 999, 2;
1, 256, 0, -1, -1, -1, 4, 998, 2;
1, 256, 0, 0, 0, 0, 4, 999, 2;
1, 256, 0, 1, 1, 1, 5, 1000, 3;
1, 256, 0, 0, 0, 0, 4, 999, 2;
1, 256, 0, 0, 0, 0, 4, 999, 2;
1, 256, 0, -1, -1, -1, 4, 999, 2;
1, 256, 0, 0, 0, 0, 5, 1000, 3;
1, 256, 0, 0, 0, 0, 4, 999, 2;
1, 256, 1, 1, 1, 1, 5, 1000, 3;
1, 256, 0, 0, 0, 0, 5, 1000, 3;
1, 256, 0, 0, 0, 0, 5, 1000, 3;
1, 256, 0, 0, 0, 0, 4, 999, 2;
1, 256, 0, 0, 0, 0, 5, 1000, 3;
1, 256, 1, 1, 1, 1, 6, 1001, 4;
1, 256, 0, 0, 0, 0, 4, 999, 2;
1, 256, 0, 0, 0, 0, 5, 1000, 3;
1, 256, 1, 1, 1, 1, 6, 1001, 4;
1, 256, 0, 0, 0, 0, 4, 999, 2;
1, 256, 0, -1, -1, -1, 4, 998, 1;
1, 256, 0, 1, 1, 1, 5, 1000, 3;
1, 256, 0, -1, -1, -1, 4, 999, 2;
1, 256, 0, 0, 0, 0, 5, 999, 2;
1, 256, 0, 1, 1, 1, 5, 1000, 3;
1, 256, 0, 1, 1, 1, 5, 1000, 3;
1, 256, 0, 1, 1, 1, 5, 1000, 3;
1, 256, 1, 1, 1, 1, 6, 1000, 4;
1, 256, 0, 0, 0, 0, 4, 999, 2;
1, 256, 0, -1, -1, -1, 4, 998, 1;
1, 256, 1, 1, 1, 1, 6, 1001, 4;
1, 256, 0, 0, 0, 0, 4, 999, 2;
1, 256, 0, 0, 0, 0, 5, 1000, 3;
1, 256, 0, 0, 0, 0, 5, 1000, 3;
1, 256, 0, -1, -1, -1, 3, 998, 1;
1, 256, 0, 0, 0, 0, 5, 1000, 3;
1, 256, 0, 0, 0, 0, 4, 999, 2;
1, 256, 0, -1, -1, -1, 3, 998, 1;
1, 256, 0, 0, 0, 0, 4, 999, 2;
1, 256, 0, 0, 0, 0, 5, 1000, 3;
1, 256, 0, -1, -1, -1, 3, 998, 1;
1, 256, 0, 0, 0, 0, 5, 1000, 3;
1, 256, 1, 1, 1, 1, 6, 1000, 3;
1, 256, 0, 0, 0, 0, 5, 999, 3;
1, 256, 0, 0, 0, 0, 5, 999, 3;
1, 256, 1, 1, 1, 1, 6, 1001, 4;
1, 256, 0, -1, -1, -1, 4, 999, 2;
1, 256, 1, 1, 1, 1, 6, 1000, 3;
1, 256, 0, 0, 0, 0, 4, 999, 2;
1, 256, 0, 1, 1, 1, 5, 1000, 3;
1, 256, 1, 1, 1, 1, 6, 1000, 4;
1, 256, 1, 1, 1, 1, 5, 1000, 3;
1, 256, 0, -1, -1, -1, 3, 998, 1;
1, 256, 0, 0, 0, 0, 5, 1000, 3;
1, 256, 0, 0, 0, 0, 5, 1000, 3;
1, 256, 0, 0, 0, 0, 5, 1000, 3;
1, 256, 0, -1, -1, -1, 3, 998, 1;
1, 256, 0, 0, 0, 0, 4, 999, 2;
1, 256, 0, 0, 0, 0, 4, 999, 2;
1, 256, 0, 0, 0, 0, 4, 999, 2;
1, 256, 0, 0, 0, 0, 4, 999, 2;
1, 256, 0, 0, 0, 0, 4, 999, 2;
1, 256, 0, -1, -1, -1, 4, 999, 2;
1, 256, 0, 0, 0, 0, 5, 1000, 3;
1, 256, 1, 1, 1, 1, 6, 1000, 3;
1, 256, 0, 0, 0, 0, 4, 999, 2;
1, 256, 0, -1, -1, -1, 4, 999, 2;
1, 256, 0, 0, 0, 0, 5, 999, 3;
1, 256, 1, 1, 1, 1, 5, 1000, 3;
1, 256, 0, -1, -1, -1, 4, 999, 2;
1, 256, 0, 0, 0, 0, 4, 999, 2;
1, 256, 0, -1, -1, -1, 4, 999, 2;
1, 256, 0, 0, 0, 0, 4, 999, 2;
1, 256, 0, -1, -1, -1, 4, 999, 2;
1, 256, 0, 0, 0, 0, 5, 999, 3;
1, 256, 0, 0, 0, 0, 5, 1000, 3;
1, 256, 0, -1, -1, -1, 4, 999, 2;
1, 256, 0, 1, 1, 1, 5, 1000, 3;
1, 256, 0, 0, 0, 0, 5, 1000, 3;
1, 256, 0, -1, -1, -1, 4, 999, 2;
1, 256, 0, 1, 1, 1, 5, 1000, 3;
1, 256, 0, 0, 0, 0, 4, 999, 2;
1, 256, 1, 1, 1, 1, 6, 1001, 4;
1, 256, 0, -1, -1, -1, 4, 998, 2;
1, 256, 0, 1, 1, 1, 5, 1000, 3;
1, 256, 0, -1, -1, -1, 4, 999, 2;
1, 256, 0, 1, 1, 1, 5, 1000, 3;
0, 256, 0, -1, -1, -1, 3, 998, 1;
1, 256, 0, 0, 0, 0, 4, 999, 2;
1, 256, 0, -1, -1, -1, 3, 998, 1;
1, 256, 1, 1, 1, 1, 6, 1001, 4;
1, 256, 0, 0, 0, 0, 5, 1000, 3;
1, 256, 0, 0, 0, 0, 5, 1000, 3;
1, 256, 0, 0, 0, 0, 5, 1000, 3;
1, 256, 0, -1, -1, -1, 4, 998, 2;
1, 256, 1, 1, 1, 1, 6, 1000, 4;
1, 256, 1, 1, 1, 1, 6, 1001, 4;
1, 256, 0, 0, 0, 0, 5, 1000, 3;
1, 256, 0, 0, 0, 0, 4, 999, 2;
1, 256, 0, 0, 0, 0, 5, 1000, 3;
1, 256, 0, 0, 0, 0, 5, 1000, 3;
1, 256, 0, -1, -1, -1, 4, 999, 2;
1, 256, 0, 0, 0, 0, 4, 999, 2;
1, 256, 0, 0, 0, 0, 5, 999, 3;
1, 256, 1, 1, 1, 1, 6, 1001, 4;
1, 256, 0, -1, -1, -1, 4, 999, 2;
1, 256, 0, -1, -1, -1, 4, 999, 2;
1, 256, 0, 1, 1, 1, 5, 1000, 3;
1, 256, 0, 0, 0, 0, 4, 999, 2;
1, 256, 0, 0, 0, 0, 4, 999, 2;
1, 256, 0, 0, 0, 0, 4, 999, 2;
1, 256, 0, 0, 0, 0, 5, 1000, 3;
1, 256, 1, 1, 1, 1, 6, 1001, 4;
1, 256, 0, 0, 0, 0, 5, 1000, 3;
1, 256, 0, 1, 1, 1, 5, 1000, 3;
1, 256, 1, 1, 1, 1, 5, 1000, 3;
1, 256, 1, 1, 1, 1, 6, 1001, 4;
1, 256, 0, 1, 1, 1, 5, 1000, 3;
1, 256, 0, 0, 0, 0, 4, 999, 2;
1, 256, 0, 1, 1, 1, 5, 1000, 3;
1, 256, 1, 1, 1, 1, 6, 1001, 4;
1, 256, 0, -1, -1, -1, 4, 999, 2;
1, 256, 0, 0, 0, 0, 5, 1000, 3;
1, 256, 0, 0, 0, 0, 4, 999, 2;
1, 256, 0, -1, -1, -1, 4, 999, 2;
1, 256, 0, 0, 0, 0, 4, 999, 2;
1, 256, 0, 0, 0, 0, 4, 999, 2;
1, 256, 0, -1, -1, -1, 4, 999, 2;
1, 256, 0, -1, -1, -1, 4, 999, 2;
1, 256, 1, 1, 1, 1, 6, 1000, 4;
1, 256, 0, -1, -1, -1, 3, 998, 1;
1, 256, 0, 0, 0, 0, 5, 1000, 3;
1, 256, 0, -1, -1, -1, 4, 999, 2;
1, 256, 0, 0, 0, 0, 5, 1000, 3;
1, 256, 0, -1, -1, -1, 4, 999, 2;
1, 256, 0, 0, 0, 0, 5, 1000, 3;
1, 256, 0, 0, 0, 0, 4, 999, 2;
1, 256, 0, 0, 0, 0, 5, 999, 2;
1, 256, 0, 1, 1, 1, 5, 1000, 3;
1, 256, 0, 0, 0, 0, 4, 999, 2;
1, 256, 0, 0, 0, 0, 4, 999, 2;
1, 256, 1, 1, 1, 1, 5, 1000, 3;
1, 256, 0, -1, -1, -1, 4, 999, 2;
1, 256, 0, 0, 0, 0, 5, 1000, 3;
1, 256, 0, -1, -1, -1, 3, 998, 1;
1, 256, 0, 0, 0, 0, 4, 999, 2;
1, 256, 1, 1, 1, 1, 6, 1001, 4;
1, 256, 0, 0, 0, 0, 5, 1000, 3;
1, 256, 1, 1, 1, 1, 6, 1001, 4;
1, 256, 1, 1, 1, 1, 6, 1000, 4;
1, 256, 0, 0, 0, 0, 4, 999, 2;
1, 256, 0, 0, 0, 0, 4, 999, 2;
1, 256, 0, 0, 0, 0, 4, 999, 2;
1, 256, 0, 0, 0, 0, 4, 999, 2;
1, 256, 0, 0, 0, 0, 5, 1000, 3;
1, 256, 0, 1, 1, 1, 5, 1000, 3;
1, 256, 0, 0, 0, 0, 5, 1000, 3;
1, 256, 0, -1, -1, -1, 4, 999, 2;
1, 256, 0, -1, -1, -1, 4, 999, 2;
1, 256, 0, 0, 0, 0, 4, 999, 2;
1, 256, 0, -1, -1, -1, 4, 999, 2;
1, 256, 0, 0, 0, 0, 4, 999, 2;
1, 256, 0, -1, -1, -1, 4, 999, 2;
1, 256, 1, 1, 1, 1, 6, 1000, 4;
1, 256, 0, -1, -1, -1, 3, 998, 1;
1, 256, 1, 1, 1, 1, 6, 1001, 4;
1, 256, 0, 0, 0, 0, 5, 1000, 3;
1, 256, 0, -1, -1, -1, 4, 999, 2;
1, 256, 0, 0, 0, 0, 5, 1000, 3;
1, 256, 0, 0, 0, 0, 5, 999, 3;
1, 256, 0, 0, 0, 0, 4, 999, 2;
1, 256, 1, 1, 1, 1, 6, 1001, 4;
1, 256, 1, 1, 1, 1, 6, 1001, 4;
1, 256, 0, 0, 0, 0, 5, 1000, 3;
1, 256, 0, 0, 0, 0, 5, 1000, 3;
1, 256, 0, 0, 0, 0, 4, 999, 2;
1, 256, 0, -1, -1, -1, 4, 999, 2;
1, 256, 0, -1, -1, -1, 4, 999, 2;
1, 256, 0, 0, 0, 0, 5, 1000, 3;
1, 256, 0, 0, 0, 0, 4, 999, 2;
1, 256, 0, 0, 0, 0, 4, 999, 2;
1, 256, 0, 0, 0, 0, 5, 1000, 3;
1, 256, 0, -1, -1, -1, 4, 999, 2;
1, 256, 0, 0, 0, 0, 5, 1000, 3;
1, 256, 0, 1, 1, 1, 5, 1000, 3;
1, 256, 0, -1, -1, -1, 4, 999, 2;
1, 256, 0, 0, 0, 0, 4, 999, 2;
1, 256, 0, -1, -1, -1, 3, 998, 1;
1, 256, 0, 0, 0, 0, 5, 1000, 3;
1, 256, 0, 0, 0, 0, 5, 1000, 3;
1, 256, 0, -1, -1, -1, 4, 999, 2;
1, 256, 0, 0, 0, 0, 5, 1000, 3;
1, 256, 0, 0, 0, 0, 4, 999, 2;
1, 256, 0, 0, 0, 0, 4, 999, 2;
1, 256, 0, 0, 0, 0, 5, 1000, 3;
1, 256, 0, -1, -1, -1, 3, 998, 1;
1, 256, 0, 0, 0, 0, 4, 999, 2;
1, 256, 0, 0, 0, 0, 5, 1000, 3;
0, 256, 0, -1, -1, -1, 3, 998, 1;
1, 256, 0, 0, 0, 0, 5, 1000, 3;
1, 256, 0, 0, 0, 0, 4, 999, 2;
1, 256, 0, -1, -1, -1, 4, 999, 2;
1, 256, 0, 0, 0, 0, 5, 999, 3;
1, 256, 0, 0, 0, 0, 5, 1000, 3;
1, 256, 0, 1, 1, 1, 5, 1000, 3;
1, 256, 0, 0, 0, 0, 4, 999, 2;
1, 256, 0, -1, -1, -1, 4, 999, 2;
1, 256, 0, 0, 0, 0, 4, 999, 2;
1, 256, 1, 1, 1, 1, 6, 1000, 4;
1, 256, 1, 1, 1, 1, 6, 1001, 4;
1, 256, 0, 0, 0, 0, 5, 999, 3;
1, 256, 1, 1, 1, 1, 6, 1001, 4;
1, 256, 0, 0, 0, 0, 5, 1000, 3;
1, 256, 0, 0, 0, 0, 5, 999, 3;
1, 256, 1, 1, 1, 1, 6, 1001, 4;
1, 256, 0, 0, 0, 0, 5, 1000, 3;
1, 256, 0, -1, -1, -1, 4, 998, 2;
1, 256, 1, 1, 1, 1, 6, 1001, 4;
1, 256, 0, 0, 0, 0, 4, 999, 2;
1, 256, 0, 0, 0, 0, 4, 999, 2;
1, 256, 0, 1, 1, 1, 5, 1000, 3;
1, 256, 0, 1, 1, 1, 5, 1000, 3;
1, 256, 1, 1, 1, 1, 6, 1001, 4;
1, 256, 0, 0, 0, 0, 4, 999, 2;
1, 256, 0, 0, 0, 0, 4, 999, 2;
1, 256, 0, 0, 0, 0, 4, 999, 2;
1, 256, 0, -1, -1, -1, 4, 999, 2;
1, 256, 0, 0, 0, 0, 4, 999, 2;
1, 256, 0, -1, -1, -1, 4, 999, 2;
1, 256, 0, -1, -1, -1, 3, 998, 1;
1, 256, 0, 0, 0, 0, 5, 1000, 3;
1, 256, 0, 0, 0, 0, 5, 1000, 3;
1, 256, 0, 0, 0, 0, 5, 1000, 3;
1, 256, 0, 0, 0, 0, 5, 1000, 3;
1, 256, 0, 0, 0, 0, 4, 999, 2;
1, 256, 0, 0, 0, 0, 5, 1000, 3;
1, 256, 0, -1, -1, -1, 4, 998, 2;
1, 256, 1, 1, 1, 1, 6, 1000, 4;
1, 256, 0, 0, 0, 0, 4, 999, 2;
1, 256, 0, 0, 0, 0, 5, 1000, 3;
1, 256, 0, -1, -1, -1, 4, 999, 2;
1, 256, 0, -1, -1, -1, 4, 999, 2;
0, 256, 0, -1, -1, -1, 3, 998, 1;
1, 256, 0, 0, 0, 0, 4, 999, 2;
1, 256, 0, 0, 0, 0, 5, 999, 3;
1, 256, 0, 0, 0, 0, 5, 1000, 3;
1, 256, 0, 0, 0, 0, 4, 999, 2;
1, 256, 0, -1, -1, -1, 3, 998, 1;
1, 256, 1, 1, 1, 1, 6, 1001, 4;
1, 256, 0, 0, 0, 0, 5, 1000, 3;
1, 256, 1, 1, 1, 1, 6, 1001, 4;
1, 256, 0, 0, 0, 0, 4, 999, 2;
1, 256, 0, 0, 0, 0, 5, 1000, 3;
1, 256, 0, 0, 0, 0, 5, 1000, 3;
1, 256, 0, -1, -1, -1, 4, 999, 2;
1, 256, 1, 1, 1, 1, 6, 1001, 4;
1, 256, 0, 0, 0, 0, 5, 1000, 3;
1, 256, 0, -1, -1, -1, 4, 999, 2;
1, 256, 0, -1, -1, -1, 4, 998, 1;
1, 256, 0, 0, 0, 0, 5, 1000, 3;
1, 256, 1, 1, 1, 1, 6, 1001, 4;
1, 256, 0, 0, 0, 0, 5, 999, 2;
1, 256, 0, -1, -1, -1, 4, 999, 2;
1, 256, 0, -1, -1, -1, 4, 999, 2;
1, 256, 0, 0, 0, 0, 4, 999, 2;
1, 256, 0, 0, 0, 0, 4, 999, 2;
1, 256, 0, -1, -1, -1, 4, 999, 2;
1, 256, 0, 0, 0, 0, 4, 999, 2;
1, 256, 0, 1, 1, 1, 5, 1000, 3;
1, 256, 0, 0, 0, 0, 5, 1000, 3;
1, 256, 0, 0, 0, 0, 5, 1000, 3;
1, 256, 1, 1, 1, 1, 6, 1001, 4;
1, 256, 0, -1, -1, -1, 4, 999, 2;
1, 256, 1, 1, 1, 1, 5, 1000, 3;
1, 256, 1, 1, 1, 1, 6, 1001, 4;
1, 256, 0, 0, 0, 0, 5, 1000, 3;
1, 256, 0, 0, 0, 0, 5, 999, 3;
1, 256, 0, 0, 0, 0, 5, 999, 3;
1, 256, 1, 1, 1, 1, 6, 1000, 4;
1, 256, 0, 0, 0, 0, 4, 999, 2;
1, 256, 0, 0, 0, 0, 4, 999, 2;
1, 256, 0, -1, -1, -1, 4, 998, 1;
1, 256, 1, 1, 1, 1, 6, 1000, 3;
1, 256, 0, -1, -1, -1, 4, 999, 2;
1, 256, 0, -1, -1, -1, 4, 999, 2;
1, 256, 0, 0, 0, 0, 4, 999, 2;
1, 256, 0, 0, 0, 0, 4, 999, 2;
1, 256, 0, 0, 0, 0, 4, 999, 2;
1, 256, 0, 0, 0, 0, 5, 1000, 3;
1, 256, 0, 0, 0, 0, 5, 1000, 3;
1, 256, 0, 0, 0, 0, 5, 1000, 3;
1, 256, 0, 0, 0, 0, 5, 1000, 3;
1, 256, 0, 0, 0, 0, 5, 1000, 3;
1, 256, 0, 0, 0, 0, 4, 999, 2;
1, 256, 0, 0, 0, 0, 4, 999, 2;
1, 256, 0, 0, 0, 0, 4, 999, 2;
1, 256, 0, 0, 0, 0, 5, 1000, 3;
1, 256, 0, 0, 0, 0, 4, 999, 2;
1, 256, 0, 0, 0, 0, 4, 999, 2;
1, 256, 1, 1, 1, 1, 6, 1001, 4;
1, 256, 0, 0, 0, 0, 5, 1000, 3;
1, 256, 0, 0, 0, 0, 5, 1000, 3;
1, 256, 0, -1, -1, -1, 4, 999, 2;
1, 256, 0, 0, 0, 0, 5, 1000, 3;
1, 256, 0, 0, 0, 0, 5, 1000, 3;
1, 256, 0, 0, 0, 0, 4, 999, 2;
1, 256, 1, 1, 1, 1, 6, 1001, 4;
1, 256, 0, 1, 1, 1, 5, 1000, 3;
1, 256, 1, 1, 1, 1, 5, 1000, 3;
1, 256, 0, 0, 0, 0, 5, 1000, 3;
1, 256, 0, 0, 0, 0, 5, 1000, 3;
1, 256, 0, 0, 0, 0, 5, 1000, 3;
1, 256, 1, 1, 1, 1, 6, 1001, 4;
1, 256, 0, -1, -1, -1, 4, 999, 2;
1, 256, 0, -1, -1, -1, 4, 999, 2;
1, 256, 0, 0, 0, 0, 4, 999, 2;
1, 256, 0, 0, 0, 0, 4, 999, 2;
1, 256, 0, 0, 0, 0, 5, 1000, 3;
1, 256, 0, 0, 0, 0, 5, 1000, 3;
1, 256, 0, 0, 0, 0, 5, 999, 3;
1, 256, 0, -1, -1, -1, 4, 999, 2;
1, 256, 1, 1, 1, 1, 6, 1000, 3;
1, 256, 0, 0, 0, 0, 5, 1000, 3;
1, 256, 0, 0, 0, 0, 5, 1000, 3;
1, 256, 0, 0, 0, 0, 4, 999, 2;
1, 256, 0, -1, -1, -1, 4, 999, 2;
1, 256, 0, -1, -1, -1, 4, 999, 2;
1, 256, 0, 0, 0, 0, 4, 999, 2;
1, 256, 0, 0, 0, 0, 5, 1000, 3;
1, 256, 0, 0, 0, 0, 5, 999, 2;
1, 256, 0, -1, -1, -1, 4, 999, 2;
1, 256, 0, -1, -1, -1, 4, 999, 2;
1, 256, 0, 0, 0, 0, 4, 999, 2;
1, 256, 1, 1, 1, 1, 6, 1001, 4;
1, 256, 0, -1, -1, -1, 4, 999, 2;
1, 256, 0, 0, 0, 0, 4, 999, 2;
1, 256, 0, 0, 0, 0, 4, 999, 2;
1, 256, 0, 0, 0, 0, 5, 1000, 3;
1, 256, 0, 0, 0, 0, 4, 999, 2;
1, 256, 0, 0, 0, 0, 4, 999, 2;
1, 256, 0, 0, 0, 0, 5, 1000, 3;
1, 256, 0, 0, 0, 0, 4, 999, 2;
1, 256, 0, 0, 0, 0, 4, 999, 2;
1, 256, 0, 0, 0, 0, 4, 999, 2;
1, 256, 0, -1, -1, -1, 3, 998, 1;
1, 256, 0, -1, -1, -1, 4, 999, 2;
1, 256, 0, 1, 1, 1, 5, 1000, 3;
1, 256, 0, 0, 0, 0, 4, 999, 2;
1, 256, 1, 1, 1, 1, 5, 1000, 3;
1, 256, 0, 0, 0, 0, 5, 1000, 3;
1, 256, 0, 0, 0, 0, 4, 999, 2;
1, 256, 0, 0, 0, 0, 4, 999, 2;
1, 256, 0, 0, 0, 0, 5, 1000, 3;
1, 256, 1, 1, 1, 1, 6, 1000, 3;
1, 256, 0, 1, 1, 1, 5, 1000, 3;
1, 256, 0, 0, 0, 0, 5, 1000, 3;
1, 256, 0, 0, 0, 0, 5, 1000, 3;
1, 256, 0, 0, 0, 0, 5, 1000, 3;
1, 256, 1, 1, 1, 1, 6, 1000, 4;
1, 256, 0, 0, 0, 0, 5, 1000, 3;
1, 256, 0, 0, 0, 0, 5, 1000, 3;
1, 256, 0, -1, -1, -1, 4, 999, 2;
1, 256, 0, 0, 0, 0, 5, 1000, 3;
1, 256, 0, -1, -1, -1, 4, 999, 2;
0, 256, 0, -1, -1, -1, 3, 998, 1;
1, 256, 1, 1, 1, 1, 5, 1000, 3;
1, 256, 0, -1, -1, -1, 4, 999, 2;
1, 256, 0, 0, 0, 0, 5, 1000, 3;
1, 256, 0, -1, -1, -1, 4, 999, 2;
1, 256, 0, 0, 0, 0, 4, 999, 2;
1, 256, 0, 0, 0, 0, 4, 999, 2;
1, 256, 0, 1, 1, 1, 5, 1000, 3;
1, 256, 0, 0, 0, 0, 4, 999, 2;
1, 256, 0, 0, 0, 0, 4, 999, 2;
1, 256, 0, -1, -1, -1, 3, 998, 1;
1, 256, 0, 0, 0, 0, 5, 1000, 3;
1, 256, 0, -1, -1, -1, 4, 999, 2;
1, 256, 0, -1, -1, -1, 4, 998, 2;
1, 256, 0, 0, 0, 0, 5, 1000, 3;
1, 256, 0, 0, 0, 0, 5, 1000, 3;
1, 256, 0, 1, 1, 1, 5, 1000, 3;
1, 256, 1, 1, 1, 1, 5, 1000, 3;
1, 256, 1, 1, 1, 1, 6, 1001, 4;
1, 256, 0, 0, 0, 0, 5, 1000, 3;
1, 256, 1, 1, 1, 1, 6, 1001, 4;
1, 256, 0, -1, -1, -1, 4, 999, 2;
1, 256, 0, 0, 0, 0, 5, 1000, 3;
1, 256, 1, 1, 1, 1, 5, 1000, 3;
1, 256, 0, -1, -1, -1, 4, 999, 2;
1, 256, 0, -1, -1, -1, 4, 998, 2;
1, 256, 0, 0, 0, 0, 5, 1000, 3;
1, 256, 0, 0, 0, 0, 5, 1000, 3;
1, 256, 0, -1, -1, -1, 4, 998, 1;
1, 256, 0, 0, 0, 0, 5, 999, 3;
1, 256, 0, 1, 1, 1, 5, 1000, 3;
1, 256, 1, 1, 1, 1, 6, 1001, 4;
1, 256, 0, 1, 1, 1, 5, 1000, 3;
1, 256, 0, 0, 0, 0, 4, 999, 2;
1, 256, 0, 0, 0, 0, 4, 999, 2;
1, 256, 0, 0, 0, 0, 5, 1000, 3;
1, 256, 0, -1, -1, -1, 3, 998, 1;
1, 256, 0, -1, -1, -1, 4, 999, 2;
1, 256, 0, 0, 0, 0, 4, 999, 2;
1, 256, 1, 1, 1, 1, 6, 1001, 4;
1, 256, 0, -1, -1, -1, 4, 999, 2;
1, 256, 1, 1, 1, 1, 6, 1000, 4;
1, 256, 0, -1, -1, -1, 4, 998, 1;
1, 256, 0, 0, 0, 0, 4, 999, 2;
1, 256, 0, 0, 0, 0, 5, 1000, 3;
1, 256, 0, 1, 1, 1, 5, 1000, 3;
1, 256, 0, 0, 0, 0, 4, 999, 2;
1, 256, 0, 1, 1, 1, 5, 1000, 3;
1, 256, 0, -1, -1, -1, 4, 999, 2;
1, 256, 0, 0, 0, 0, 5, 1000, 3;
1, 256, 1, 1, 1, 1, 6, 1000, 3;
1, 256, 0, 0, 0, 0, 5, 1000, 3;
1, 256, 0, -1, -1, -1, 3, 998, 1;
1, 256, 0, 0, 0, 0, 5, 1000, 3;
1, 256, 1, 1, 1, 1, 6, 1001, 4;
1, 256, 0, -1, -1, -1, 3, 998, 1;
1, 256, 0, 1, 1, 1, 5, 1000, 3;
1, 256, 0, 1, 1, 1, 5, 1000, 3;
1, 256, 0, -1, -1, -1, 3, 998, 1;
1, 256, 0, -1, -1, -1, 4, 998, 1;
1, 256, 0, -1, -1, -1, 4, 999, 2;
1, 256, 0, 0, 0, 0, 5, 1000, 3;
1, 256, 1, 1, 1, 1, 6, 1001, 4;
1, 256, 0, 0, 0, 0, 5, 1000, 3;
1, 256, 0, 0, 0, 0, 4, 999, 2;
1, 256, 0, 0, 0, 0, 5, 1000, 3;
1, 256, 0, 0, 0, 0, 5, 1000, 3;
1, 256, 0, 0, 0, 0, 4, 999, 2;
0, 256, 0, -1, -1, -1, 3, 998, 1;
1, 256, 1, 1, 1, 1, 6, 1001, 4;
1, 256, 1, 1, 1, 1, 6, 1001, 4;
1, 256, 0, 0, 0, 0, 5, 999, 2;
1, 256, 0, 0, 0, 0, 5, 1000, 3;
1, 256, 0, -1, -1, -1, 4, 999, 2;
1, 256, 1, 1, 1, 1, 6, 1001, 4;
1, 256, 0, 0, 0, 0, 4, 999, 2;
1, 256, 1, 1, 1, 1, 5, 1000, 3;
1, 256, 0, 0, 0, 0, 4, 999, 2;
1, 256, 0, -1, -1, -1, 3, 998, 1;
1, 256, 0, 0, 0, 0, 4, 999, 2;
1, 256, 0, 0, 0, 0, 4, 999, 2;
1, 256, 0, 0, 0, 0, 4, 999, 2;
1, 256, 0, 0, 0, 0, 4, 999, 2;
1, 256, 0, -1, -1, -1, 4, 999, 2;
1, 256, 0, 0, 0, 0, 4, 999, 2;
1, 256, 0, 0, 0, 0, 5, 1000, 3;
1, 256, 0, 0, 0, 0, 4, 999, 2;
1, 256, 1, 1, 1, 1, 6, 1001, 4;
1, 256, 0, -1, -1, -1, 4, 999, 2;
1, 256, 0, -1, -1, -1, 3, 998, 1;
1, 256, 0, 0, 0, 0, 5, 999, 2;
1, 256, 0, 0, 0, 0, 4, 999, 2;
1, 256, 0, 0, 0, 0, 5, 1000, 3;
1, 256, 0, 0, 0, 0, 5, 1000, 3;
1, 256, 0, 0, 0, 0, 5, 1000, 3;
1, 256, 0, 0, 0, 0, 5, 1000, 3;
1, 256, 1, 1, 1, 1, 6, 1001, 4;
1, 256, 0, 0, 0, 0, 4, 999, 2;
1, 256, 0, -1, -1, -1, 4, 999, 2;
1, 256, 0, -1, -1, -1, 4, 999, 2;
1, 256, 0, -1, -1, -1, 4, 999, 2;
1, 256, 0, 0, 0, 0, 5, 1000, 3;
1, 256, 1, 1, 1, 1, 6, 1001, 4;
1, 256, 0, 0, 0, 0, 5, 1000, 3;
1, 256, 0, 0, 0, 0, 5, 1000, 3;
1, 256, 0, 0, 0, 0, 5, 1000, 3;
1, 256, 1, 1, 1, 1, 5, 1000, 3;
1, 256, 0, 0, 0, 0, 4, 999, 2;
1, 256, 1, 1, 1, 1, 5, 1000, 3;
1, 256, 0, 0, 0, 0, 4, 999, 2;
1, 256, 0, 0, 0, 0, 4, 999, 2;
1, 256, 0, 1, 1, 1, 5, 1000, 3;
1, 256, 0, 0, 0, 0, 4, 999, 2;
1, 256, 0, -1, -1, -1, 4, 999, 2;
1, 256, 0, 0, 0, 0, 5, 1000, 3;
1, 256, 0, 0, 0, 0, 4, 999, 2;
1, 256, 0, -1, -1, -1, 3, 998, 1;
1, 256, 0, -1, -1, -1, 4, 999, 2;
1, 256, 0, 0, 0, 0, 5, 1000, 3;
1, 256, 0, 0, 0, 0, 5, 1000, 3;
1, 256, 0, -1, -1, -1, 4, 999, 2;
1, 256, 0, 0, 0, 0, 5, 1000, 3;
1, 256, 0, 0, 0, 0, 4, 999, 2;
1, 256, 0, -1, -1, -1, 4, 999, 2;
1, 256, 0, -1, -1, -1, 4, 999, 2;
1, 256, 0, -1, -1, -1, 4, 999, 2;
1, 256, 0, 0, 0, 0, 4, 999, 2;
1, 256, 0, 1, 1, 1, 5, 1000, 3;
1, 256, 0, -1, -1, -1, 4, 999, 2;
1, 256, 0, 0, 0, 0, 5, 1000, 3;
1, 256, 0, -1, -1, -1, 4, 999, 2;
1, 256, 0, 0, 0, 0, 4, 999, 2;
1, 256, 0, 0, 0, 0, 4, 999, 2;
1, 256, 0, 1, 1, 1, 5, 1000, 3;
1, 256, 0, 0, 0, 0, 5, 1000, 3;
1, 256, 0, 0, 0, 0, 5, 1000, 3;
1, 256, 0, -1, -1, -1, 4, 998, 2;
1, 256, 0, 0, 0, 0, 4, 999, 2;
1, 256, 0, -1, -1, -1, 3, 998, 1;
1, 256, 0, -1, -1, -1, 4, 999, 2;
1, 256, 1, 1, 1, 1, 5, 1000, 3;
1, 256, 0, 1, 1, 1, 5, 1000, 3;
1, 256, 1, 1, 1, 1, 6, 1001, 4;
1, 256, 0, -1, -1, -1, 4, 999, 2;
1, 256, 0, -1, -1, -1, 3, 998, 1;
1, 256, 0, -1, -1, -1, 4, 998, 2;
0, 256, 0, -1, -1, -1, 3, 998, 1;
1, 256, 0, 0, 0, 0, 5, 1000, 3;
1, 256, 0, -1, -1, -1, 4, 998, 2;
1, 256, 0, 0, 0, 0, 4, 999, 2;
1, 256, 0, 0, 0, 0, 4, 999, 2;
1, 256, 0, 1, 1, 1, 5, 1000, 3;
1, 256, 0, 0, 0, 0, 4, 999, 2;
1, 256, 0, 0, 0, 0, 4, 999, 2;
1, 256, 0, -1, -1, -1, 4, 999, 2;
1, 256, 0, 0, 0, 0, 5, 1000, 3;
1, 256, 0, 0, 0, 0, 5, 1000, 3;
1, 256, 0, -1, -1, -1, 4, 998, 2;
1, 256, 0, -1, -1, -1, 4, 999, 2;
1, 256, 0, 0, 0, 0, 4, 999, 2;
1, 256, 0, 0, 0, 0, 5, 1000, 3;
1, 256, 1, 1, 1, 1, 6, 1001, 4;
1, 256, 0, 0, 0, 0, 4, 999, 2;
1, 256, 0, 0, 0, 0, 5, 1000, 3;
1, 256, 0, 0, 0, 0, 5, 999, 3;
1, 256, 1, 1, 1, 1, 6, 1000, 4;
1, 256, 0, 0, 0, 0, 5, 1000, 3;
1, 256, 0, -1, -1, -1, 4, 999, 2;
1, 256, 0, 0, 0, 0, 4, 999, 2;
1, 256, 0, -1, -1, -1, 4, 999, 2;
1, 256, 0, 0, 0, 0, 4, 999, 2;
1, 256, 0, 0, 0, 0, 5, 1000, 3;
1, 256, 1, 1, 1, 1, 6, 1000, 3;
1, 256, 1, 1, 1, 1, 5, 1000, 3;
1, 256, 0, -1, -1, -1, 4, 999, 2;
1, 256, 0, 0, 0, 0, 5, 1000, 3;
1, 256, 0, 0, 0, 0, 4, 999, 2;
1, 256, 0, 1, 1, 1, 5, 1000, 3;
1, 256, 0, -1, -1, -1, 4, 999, 2;
1, 256, 0, 0, 0, 0, 5, 1000, 3;
1, 256, 0, 0, 0, 0, 5, 1000, 3;
1, 256, 0, 0, 0, 0, 5, 1000, 3;
1, 256, 0, -1, -1, -1, 4, 999, 2;
1, 256, 0, 0, 0, 0, 5, 1000, 3;
1, 256, 0, -1, -1, -1, 4, 999, 2;
1, 256, 0, 0, 0, 0, 5, 1000, 3;
1, 256, 0, 0, 0, 0, 5, 999, 3;
1, 256, 0, 1, 1, 1, 5, 1000, 3;
1, 256, 0, 1, 1, 1, 5, 1000, 3;
1, 256, 0, 0, 0, 0, 5, 1000, 3;
1, 256, 0, 0, 0, 0, 4, 999, 2;
1, 256, 0, -1, -1, -1, 4, 999, 2;
1, 256, 1, 1, 1, 1, 6, 1001, 4;
1, 256, 0, 1, 1, 1, 5, 1000, 3;
1, 256, 0, 0, 0, 0, 4, 999, 2;
1, 256, 0, 0, 0, 0, 5, 1000, 3;
1, 256, 0, 0, 0, 0, 5, 1000, 3;
1, 256, 1, 1, 1, 1, 6, 1001, 4;
1, 256, 0, 0, 0, 0, 4, 999, 2;
1, 256, 0, 0, 0, 0, 4, 999, 2;
1, 256, 1, 1, 1, 1, 6, 1001, 4;
1, 256, 0, 0, 0, 0, 4, 999, 2;
1, 256, 0, -1, -1, -1, 4, 998, 2;
1, 256, 0, 0, 0, 0, 4, 999, 2;
1, 256, 0, -1, -1, -1, 4, 999, 2;
1, 256, 1, 1, 1, 1, 5, 1000, 3;
1, 256, 0, -1, -1, -1, 4, 999, 2;
1, 256, 0, 0, 0, 0, 4, 999, 2;
1, 256, 1, 1, 1, 1, 6, 1001, 4;
1, 256, 0, 0, 0, 0, 4, 999, 2;
1, 256, 0, 0, 0, 0, 4, 999, 2;
1, 256, 0, 1, 1, 1, 5, 1000, 3;
1, 256, 0, 1, 1, 1, 5, 1000, 3;
1, 256, 1, 1, 1, 1, 6, 1001, 4;
1, 256, 0, -1, -1, -1, 4, 998, 2;
1, 256, 0, 0, 0, 0, 5, 1000, 3;
1, 256, 0, 0, 0, 0, 5, 1000, 3;
1, 256, 0, 0, 0, 0, 4, 999, 2;
1, 256, 0, -1, -1, -1, 4, 998, 1;
1, 256, 1, 1, 1, 1, 6, 1000, 4;
1, 256, 0, 1, 1, 1, 5, 1000, 3;
1, 256, 0, -1, -1, -1, 4, 999, 2;
1, 256, 0, 0, 0, 0, 5, 999, 2;
1, 256, 0, 0, 0, 0, 4, 999, 2;
1, 256, 0, -1, -1, -1, 4, 999, 2;
1, 256, 0, 0, 0, 0, 4, 999, 2;
1, 256, 1, 1, 1, 1, 6, 1001, 4;
1, 256, 0, -1, -1, -1, 3, 998, 1;
1, 256, 0, 0, 0, 0, 4, 999, 2;
1, 256, 0, -1, -1, -1, 4, 998, 2;
1, 256, 0, 0, 0, 0, 4, 999, 2;
1, 256, 0, 0, 0, 0, 5, 1000, 3;
1, 256, 0, -1, -1, -1, 4, 999, 2;
1, 256, 0, -1, -1, -1, 4, 999, 2;
1, 256, 0, 0, 0, 0, 5, 1000, 3;
1, 256, 0, -1, -1, -1, 4, 998, 1;
0, 256, 0, -1, -1, -1, 3, 998, 1;
1, 256, 0, -1, -1, -1, 4, 999, 2;
1, 256, 0, -1, -1, -1, 4, 998, 2;
1, 256, 0, 0, 0, 0, 5, 1000, 3;
1, 256, 0, 0, 0, 0, 5, 1000, 3;
1, 256, 0, 0, 0, 0, 5, 1000, 3;
1, 256, 0, -1, -1, -1, 4, 999, 2;