1, 296, 14, 3, 413, 3, 4, 1156, 55;
2, 296, 14, 29, 412, 2, 10, 1156, 54;
0, 292, 9, 43, 397, -10, 0, 1139, 37;
1, 291, 9, 69, 394, -11, 6, 1137, 36;
7, 295, 14, 110, 405, 2, 30, 1153, 54;
4, 290, 9, 122, 387, -11, 19, 1134, 36;
10, 294, 13, 161, 394, 1, 41, 1148, 52;
10, 292, 11, 181, 383, -4, 40, 1138, 45;
14, 293, 13, 213, 383, 2, 55, 1145, 54;
11, 288, 9, 225, 363, -10, 45, 1126, 38;
12, 287, 9, 248, 352, -12, 49, 1120, 35;
16, 288, 11, 278, 350, -5, 63, 1125, 43;
20, 290, 13, 309, 348, 2, 79, 1132, 53;
20, 287, 12, 327, 332, -2, 78, 1121, 47;
20, 285, 11, 346, 319, -4, 81, 1114, 45;
26, 289, 15, 381, 320, 8, 103, 1127, 62;
25, 285, 13, 393, 299, 0, 98, 1112, 52;
27, 285, 14, 417, 290, 4, 108, 1112, 57;
31, 286, 16, 441, 282, 11, 121, 1115, 65;
26, 278, 10, 440, 248, -7, 102, 1086, 41;
29, 279, 13, 465, 241, 1, 116, 1091, 52;
32, 280, 15, 486, 232, 7, 128, 1092, 59;
33, 278, 14, 499, 214, 5, 129, 1084, 57;
28, 271, 9, 496, 180, -11, 112, 1057, 37;
34, 274, 14, 525, 180, 5, 136, 1072, 58;
36, 274, 16, 539, 166, 9, 144, 1070, 63;
30, 266, 9, 528, 127, -11, 120, 1037, 36;
34, 267, 12, 546, 118, -1, 133, 1042, 48;
32, 263, 10, 547, 94, -7, 128, 1028, 41;
38, 266, 15, 569, 91, 8, 149, 1041, 60;
34, 260, 11, 560, 57, -6, 133, 1016, 43;
39, 263, 16, 580, 54, 9, 154, 1029, 63;
36, 259, 13, 573, 26, 1, 143, 1010, 52;
34, 254, 11, 567, 0, -6, 134, 994, 43;
39, 258, 16, 582, -3, 9, 154, 1006, 62;
37, 254, 14, 575, -28, 3, 146, 992, 55;
34, 249, 11, 564, -56, -5, 135, 974, 44;
36, 250, 13, 567, -68, 2, 143, 976, 53;
36, 248, 13, 562, -87, 2, 142, 969, 53;
32, 242, 9, 543, -118, -10, 125, 947, 38;
36, 246, 14, 551, -120, 5, 143, 960, 58;
33, 241, 12, 534, -146, -1, 131, 943, 48;
31, 238, 11, 520, -168, -5, 123, 932, 43;
30, 237, 10, 508, -186, -6, 120, 924, 42;
30, 235, 11, 497, -203, -5, 117, 919, 43;
33, 238, 15, 496, -206, 7, 130, 929, 59;
27, 231, 10, 465, -239, -8, 106, 902, 39;
26, 230, 10, 450, -254, -8, 103, 897, 40;
28, 231, 13, 443, -259, 1, 111, 904, 52;
23, 226, 9, 413, -287, -11, 91, 883, 37;
22, 225, 9, 395, -299, -10, 88, 879, 38;
25, 228, 13, 388, -300, 2, 99, 890, 54;
24, 227, 14, 369, -312, 3, 95, 886, 55;
25, 228, 16, 355, -316, 11, 99, 891, 65;
17, 221, 10, 313, -348, -9, 68, 862, 39;
17, 221, 11, 294, -354, -5, 67, 862, 44;
21, 225, 16, 287, -348, 10, 82, 879, 64;
19, 224, 16, 262, -358, 9, 75, 875, 63;
10, 216, 9, 215, -388, -12, 41, 844, 35;
11, 218, 11, 199, -386, -3, 46, 852, 46;
10, 218, 12, 174, -392, -2, 41, 851, 47;
8, 217, 11, 147, -399, -4, 32, 847, 45;
10, 220, 15, 133, -391, 8, 41, 860, 61;
6, 217, 12, 98, -404, 0, 24, 848, 50;
6, 219, 15, 78, -400, 6, 25, 856, 58;
5, 220, 15, 53, -400, 8, 21, 858, 61;
3, 219, 15, 24, -402, 6, 12, 855, 59;
2, 220, 16, 0, -400, 9, 9, 859, 63;
1, 220, 16, -24, -397, 11, 5, 861, 65;
-1, 220, 15, -54, -398, 8, -4, 858, 61;
-1, 221, 16, -77, -392, 11, -7, 863, 65;
-8, 216, 11, -119, -404, -3, -33, 845, 46;
-7, 220, 14, -137, -391, 5, -28, 858, 57;
-14, 215, 9, -179, -402, -10, -55, 840, 37;
-8, 222, 16, -183, -374, 10, -34, 869, 64;
-10, 224, 16, -207, -366, 12, -39, 873, 66;
-18, 218, 10, -251, -378, -7, -70, 852, 41;
-18, 220, 11, -271, -365, -3, -70, 860, 46;
-16, 225, 15, -284, -344, 7, -62, 878, 60;
-22, 220, 10, -323, -350, -8, -88, 861, 40;
-18, 227, 15, -328, -322, 8, -72, 887, 61;
-21, 226, 14, -355, -316, 3, -84, 885, 55;
-20, 230, 16, -368, -296, 10, -80, 898, 64;
-24, 228, 13, -396, -292, 2, -96, 893, 53;
-25, 230, 14, -415, -277, 3, -100, 899, 54;
-30, 227, 10, -445, -275, -9, -120, 889, 39;
-30, 230, 10, -459, -257, -6, -120, 898, 42;
-30, 233, 12, -470, -236, -1, -118, 910, 49;
-28, 238, 15, -475, -210, 8, -109, 928, 61;
-32, 236, 12, -501, -206, -3, -127, 920, 47;
-31, 239, 14, -507, -181, 4, -121, 935, 56;
-35, 238, 11, -529, -174, -6, -137, 929, 43;
-32, 243, 14, -530, -147, 3, -128, 947, 55;
-36, 242, 11, -547, -137, -4, -140, 945, 45;
-31, 249, 16, -538, -102, 12, -122, 972, 65;
-31, 251, 16, -545, -83, 12, -123, 979, 66;
-35, 249, 13, -562, -75, 0, -139, 972, 52;
-32, 254, 16, -557, -46, 10, -127, 991, 64;
-40, 249, 9, -582, -50, -11, -156, 971, 36;
-39, 251, 9, -582, -29, -9, -154, 980, 38;
-34, 258, 14, -568, 5, 5, -135, 1006, 57;
-36, 258, 13, -572, 20, 0, -141, 1008, 52;
-33, 263, 16, -561, 48, 9, -129, 1026, 63;
-35, 262, 13, -567, 58, 0, -140, 1022, 52;
-32, 267, 16, -551, 88, 12, -125, 1043, 65;
-36, 264, 12, -560, 92, -2, -142, 1032, 47;
-35, 267, 12, -551, 113, 0, -137, 1041, 50;
-33, 270, 14, -539, 136, 3, -130, 1054, 55;
-37, 267, 10, -542, 141, -9, -144, 1044, 39;
-34, 271, 12, -526, 165, -3, -134, 1058, 46;
-28, 277, 16, -499, 197, 11, -112, 1083, 65;
-34, 273, 10, -506, 194, -8, -134, 1065, 40;
-31, 277, 12, -485, 218, -1, -122, 1080, 49;
-26, 282, 16, -459, 246, 10, -103, 1100, 63;
-26, 282, 15, -446, 257, 6, -104, 1102, 59;
-29, 280, 11, -440, 261, -4, -113, 1093, 45;
-23, 286, 16, -408, 290, 9, -91, 1116, 63;
-26, 283, 11, -402, 290, -3, -103, 1105, 46;
-27, 282, 9, -391, 295, -11, -108, 1100, 36;
-19, 290, 16, -347, 330, 11, -75, 1133, 64;
-17, 291, 16, -325, 343, 12, -68, 1138, 65;
-17, 292, 16, -305, 352, 9, -66, 1139, 63;
-15, 293, 16, -281, 362, 10, -59, 1144, 63;
-14, 293, 15, -260, 370, 7, -56, 1145, 60;
-19, 288, 9, -256, 359, -11, -75, 1123, 36;
-13, 292, 13, -219, 379, 0, -54, 1141, 51;
-12, 292, 12, -195, 384, -1, -49, 1142, 49;
-7, 296, 16, -159, 401, 9, -30, 1158, 62;
-6, 296, 15, -135, 404, 7, -26, 1157, 60;
-5, 296, 14, -110, 407, 5, -21, 1156, 58;
-5, 294, 12, -90, 404, 0, -22, 1150, 50;
-7, 292, 9, -73, 397, -10, -28, 1139, 38;
-1, 296, 13, -33, 411, 2, -6, 1155, 53;
0, 295, 12, -9, 409, 0, -3, 1151, 50;
2, 297, 14, 23, 414, 5, 10, 1159, 57;
4, 296, 14, 48, 412, 3, 15, 1156, 55;
2, 293, 11, 66, 400, -5, 10, 1144, 43;
6, 295, 13, 100, 405, 1, 26, 1152, 53;
10, 297, 15, 134, 408, 8, 42, 1160, 62;
12, 296, 15, 159, 403, 7, 47, 1157, 60;
14, 297, 16, 188, 400, 10, 57, 1158, 64;
16, 296, 16, 213, 393, 10, 63, 1155, 63;
18, 296, 16, 239, 387, 11, 70, 1154, 65;
19, 294, 16, 262, 378, 10, 75, 1150, 63;
19, 292, 15, 283, 365, 6, 77, 1142, 59;
19, 289, 13, 299, 349, 0, 74, 1130, 50;
20, 288, 13, 322, 339, 0, 80, 1126, 51;
24, 290, 15, 353, 336, 8, 96, 1133, 61;
19, 282, 9, 354, 304, -11, 76, 1103, 36;
28, 289, 16, 397, 314, 11, 110, 1127, 65;
27, 285, 14, 410, 294, 4, 107, 1114, 57;
29, 285, 15, 432, 284, 8, 116, 1113, 61;
25, 278, 10, 434, 253, -7, 100, 1087, 41;
27, 277, 10, 451, 239, -6, 105, 1083, 42;
27, 275, 10, 465, 221, -9, 106, 1074, 39;
29, 275, 11, 483, 208, -5, 114, 1073, 44;
28, 271, 9, 491, 185, -11, 110, 1059, 36;
29, 270, 10, 506, 171, -9, 116, 1056, 39;
32, 270, 11, 522, 158, -4, 125, 1055, 45;
33, 269, 11, 532, 141, -3, 128, 1049, 46;
35, 269, 13, 548, 129, 2, 139, 1050, 54;
33, 265, 11, 549, 103, -4, 132, 1035, 45;
33, 262, 10, 552, 81, -7, 129, 1024, 41;
38, 266, 15, 574, 79, 9, 151, 1037, 62;
33, 258, 10, 559, 41, -9, 129, 1007, 39;
36, 259, 12, 571, 31, 0, 141, 1011, 50;
33, 254, 10, 564, 4, -8, 131, 994, 40;
34, 253, 10, 565, -14, -7, 133, 987, 41;
38, 255, 14, 578, -19, 5, 149, 997, 58;
39, 255, 16, 579, -35, 9, 153, 995, 62;
37, 251, 14, 571, -59, 4, 146, 981, 56;
39, 251, 16, 571, -73, 10, 152, 981, 63;
32, 243, 9, 545, -112, -10, 125, 949, 38;
31, 241, 9, 538, -130, -10, 123, 942, 38;
31, 240, 10, 530, -147, -9, 122, 936, 39;
33, 240, 12, 527, -158, -2, 129, 938, 48;
36, 243, 16, 530, -162, 11, 143, 949, 65;
35, 241, 16, 518, -180, 11, 140, 942, 64;
30, 235, 12, 491, -211, -2, 119, 918, 47;
30, 234, 13, 479, -225, 0, 119, 915, 50;
26, 230, 9, 453, -251, -10, 102, 897, 37;
27, 231, 12, 445, -258, -2, 108, 901, 47;
27, 230, 13, 430, -271, 0, 107, 898, 50;
23, 226, 10, 404, -293, -8, 92, 883, 40;
28, 231, 16, 402, -288, 10, 110, 901, 63;
26, 229, 16, 381, -302, 9, 104, 895, 62;
24, 227, 14, 357, -318, 5, 94, 886, 57;
17, 220, 9, 317, -347, -12, 66, 859, 35;
22, 225, 15, 315, -338, 7, 85, 880, 60;
18, 222, 13, 284, -355, 0, 71, 867, 51;
16, 221, 13, 261, -364, 0, 65, 864, 51;
13, 218, 11, 230, -378, -5, 51, 853, 44;
14, 220, 13, 213, -378, 2, 55, 861, 54;
12, 219, 13, 186, -387, 0, 47, 856, 51;
7, 215, 9, 150, -403, -9, 27, 841, 38;
6, 215, 10, 126, -405, -7, 24, 842, 41;
3, 214, 9, 97, -412, -10, 14, 837, 38;
8, 221, 16, 92, -394, 11, 34, 863, 65;
2, 216, 11, 49, -412, -4, 8, 842, 45;
0, 215, 11, 20, -415, -6, 0, 839, 43;
0, 217, 13, 0, -409, 0, 0, 847, 51;
0, 218, 14, -22, -405, 4, -1, 852, 56;
-1, 219, 14, -48, -402, 5, -6, 854, 57;
-5, 216, 12, -83, -408, -2, -23, 845, 47;
-10, 214, 9, -119, -414, -12, -41, 834, 36;
-9, 216, 11, -138, -402, -4, -38, 846, 45;
-6, 222, 16, -148, -381, 11, -25, 867, 65;
-12, 219, 12, -186, -388, 0, -47, 854, 49;
-16, 216, 9, -221, -391, -10, -65, 844, 37;
-15, 220, 12, -236, -374, 0, -59, 859, 49;
-19, 218, 10, -269, -374, -8, -75, 852, 39;
-14, 225, 16, -274, -346, 9, -58, 879, 63;
-19, 223, 13, -306, -345, 0, -75, 871, 51;
-19, 225, 14, -325, -330, 4, -76, 880, 56;
-21, 226, 13, -349, -321, 2, -84, 881, 53;
-27, 222, 9, -384, -323, -11, -107, 868, 36;
-28, 224, 9, -403, -309, -10, -110, 875, 37;
-26, 229, 12, -412, -285, 0, -102, 893, 50;
-31, 226, 9, -441, -282, -11, -121, 884, 37;
-30, 229, 10, -454, -263, -7, -120, 895, 42;
-30, 232, 12, -466, -243, -2, -118, 907, 48;
-33, 232, 10, -487, -232, -7, -129, 906, 41;
-31, 235, 12, -495, -210, -1, -124, 920, 49;
-33, 237, 12, -510, -194, -3, -129, 924, 47;
-36, 236, 10, -528, -183, -9, -140, 923, 39;
-30, 244, 16, -520, -146, 9, -119, 953, 63;
-31, 246, 16, -530, -129, 9, -122, 960, 63;
-32, 247, 15, -540, -112, 8, -126, 965, 61;
-34, 247, 13, -553, -99, 2, -135, 964, 53;
-33, 250, 15, -554, -75, 7, -130, 978, 59;
-35, 251, 13, -564, -61, 2, -137, 979, 54;
-35, 253, 14, -566, -41, 3, -136, 988, 55;
-39, 251, 10, -580, -33, -7, -152, 980, 41;
-36, 256, 13, -572, -5, 1, -141, 999, 52;
-37, 256, 11, -577, 8, -4, -147, 999, 45;
-39, 256, 10, -580, 23, -8, -152, 1001, 40;
-38, 259, 11, -575, 45, -6, -149, 1011, 43;
-33, 265, 15, -557, 78, 7, -130, 1036, 60;
-34, 266, 14, -554, 94, 5, -132, 1039, 57;
-37, 264, 10, -560, 101, -7, -146, 1031, 42;
-33, 270, 14, -540, 131, 4, -129, 1053, 57;
-36, 267, 10, -545, 136, -8, -143, 1043, 40;
-34, 271, 12, -528, 160, -2, -133, 1057, 48;
-34, 271, 11, -521, 174, -6, -135, 1059, 43;
-33, 274, 11, -506, 194, -3, -129, 1069, 46;
-27, 280, 16, -478, 224, 10, -108, 1093, 64;
-30, 278, 12, -475, 229, 0, -118, 1085, 50;
-26, 282, 16, -449, 255, 9, -102, 1103, 62;
-25, 284, 15, -433, 269, 8, -99, 1108, 61;
-30, 279, 9, -434, 266, -9, -117, 1090, 38;
-26, 283, 12, -407, 287, -2, -103, 1105, 48;
-24, 285, 13, -384, 304, 1, -94, 1114, 52;
-22, 287, 14, -362, 319, 3, -86, 1122, 55;
-19, 290, 15, -337, 334, 7, -76, 1131, 59;
-16, 292, 16, -310, 350, 11, -65, 1140, 65;
-19, 288, 12, -302, 346, -2, -77, 1127, 47;
-20, 287, 9, -286, 349, -9, -81, 1121, 38;
-15, 292, 14, -249, 371, 3, -58, 1141, 55;
-13, 293, 14, -223, 380, 4, -51, 1145, 56;
-10, 295, 15, -196, 389, 6, -42, 1151, 59;
-14, 290, 9, -186, 380, -9, -56, 1133, 38;
-6, 297, 16, -140, 406, 11, -23, 1161, 64;
-11, 290, 9, -136, 388, -11, -45, 1134, 36;
-5, 295, 13, -96, 406, 2, -21, 1153, 54;
-5, 294, 12, -74, 403, -2, -21, 1148, 47;
-6, 292, 9, -54, 398, -9, -23, 1140, 38;
-3, 292, 10, -26, 400, -8, -15, 1141, 40;
0, 294, 11, 4, 405, -4, -2, 1147, 45;
0, 293, 11, 30, 403, -5, 2, 1145, 44;
6, 297, 15, 69, 414, 6, 24, 1160, 59;
6, 295, 13, 90, 405, 0, 23, 1152, 52;
10, 298, 16, 126, 411, 10, 41, 1162, 63;
9, 294, 13, 143, 398, 1, 37, 1149, 52;
12, 295, 14, 172, 395, 4, 47, 1151, 56;
10, 290, 10, 186, 378, -7, 39, 1134, 41;
11, 290, 10, 211, 370, -7, 44, 1131, 41;
13, 289, 10, 236, 363, -7, 51, 1129, 41;
18, 292, 14, 273, 367, 5, 73, 1141, 57;
16, 287, 10, 285, 345, -6, 64, 1123, 42;
17, 286, 10, 307, 334, -8, 68, 1117, 41;
18, 285, 10, 328, 322, -9, 72, 1112, 39;
19, 283, 9, 348, 309, -10, 76, 1106, 37;
20, 282, 9, 369, 297, -10, 81, 1102, 38;
23, 282, 10, 391, 286, -7, 89, 1100, 41;
27, 284, 14, 421, 283, 3, 107, 1108, 54;
29, 283, 14, 440, 270, 3, 113, 1104, 55;
29, 281, 13, 456, 253, 2, 116, 1097, 54;
29, 278, 12, 468, 234, -1, 115, 1086, 49;
29, 275, 11, 479, 214, -4, 114, 1076, 45;
32, 276, 13, 500, 205, 2, 126, 1078, 53;
32, 273, 12, 509, 184, -1, 125, 1067, 49;
33, 272, 13, 523, 169, 0, 130, 1063, 51;
35, 272, 14, 538, 155, 5, 139, 1062, 57;
32, 266, 10, 535, 124, -7, 125, 1039, 41;
32, 264, 10, 543, 106, -7, 127, 1032, 41;
32, 262, 10, 549, 87, -8, 128, 1025, 40;
36, 264, 13, 565, 78, 1, 142, 1030, 53;
38, 264, 15, 576, 65, 8, 151, 1031, 61;
33, 256, 9, 561, 28, -9, 129, 1002, 38;
34, 256, 11, 567, 13, -5, 135, 999, 43;
33, 253, 10, 565, -8, -8, 132, 989, 40;
39, 257, 16, 583, -9, 10, 155, 1005, 63;
32, 249, 9, 560, -49, -10, 128, 972, 37;
39, 253, 15, 577, -48, 9, 152, 989, 62;
39, 252, 16, 574, -65, 11, 154, 985, 64;
38, 250, 16, 567, -86, 9, 150, 976, 62;
34, 244, 12, 548, -116, -2, 133, 954, 47;
38, 247, 16, 554, -120, 11, 149, 965, 65;
35, 243, 14, 539, -144, 5, 140, 951, 58;
37, 244, 16, 535, -156, 12, 145, 952, 66;
36, 242, 16, 522, -175, 10, 140, 944, 64;
29, 234, 10, 490, -210, -7, 114, 914, 41;
31, 236, 13, 486, -217, 2, 123, 921, 54;
32, 236, 15, 477, -227, 7, 126, 921, 60;
32, 235, 16, 463, -240, 10, 125, 919, 63;
26, 229, 11, 432, -269, -3, 103, 896, 46;
29, 232, 15, 427, -271, 8, 114, 906, 61;
24, 226, 11, 395, -298, -3, 94, 885, 46;
22, 225, 11, 375, -311, -4, 89, 880, 45;
25, 228, 16, 368, -310, 9, 101, 892, 62;
23, 226, 14, 341, -326, 4, 89, 882, 56;
22, 225, 15, 321, -335, 6, 86, 880, 59;
20, 224, 15, 299, -345, 7, 81, 877, 59;
14, 219, 10, 260, -370, -8, 56, 854, 40;
18, 223, 15, 252, -362, 8, 71, 872, 61;
16, 222, 15, 226, -371, 7, 63, 867, 59;
14, 221, 15, 200, -379, 6, 56, 864, 58;
12, 220, 14, 172, -387, 3, 46, 858, 55;
11, 220, 15, 150, -389, 7, 45, 861, 60;
9, 220, 15, 123, -394, 6, 37, 858, 59;
6, 218, 14, 93, -401, 3, 26, 853, 55;
0, 214, 9, 52, -417, -10, 2, 835, 38;
0, 215, 11, 30, -414, -5, 1, 840, 43;
0, 216, 11, 5, -413, -3, -2, 842, 46;
-3, 214, 10, -25, -417, -7, -14, 837, 41;
0, 220, 16, -34, -397, 10, 1, 860, 64;
-1, 220, 16, -62, -396, 9, -5, 860, 63;
-6, 217, 12, -99, -404, -1, -25, 848, 49;
-6, 219, 14, -121, -396, 3, -26, 855, 55;
-6, 221, 16, -140, -384, 10, -24, 865, 63;
-13, 216, 10, -184, -396, -7, -52, 845, 42;
-15, 217, 10, -210, -391, -8, -60, 846, 40;
-15, 219, 11, -231, -380, -4, -61, 854, 45;
-19, 218, 9, -262, -377, -9, -74, 850, 38;
-14, 224, 15, -267, -350, 8, -57, 876, 61;
-17, 225, 15, -293, -343, 6, -66, 877, 58;
-19, 225, 14, -318, -334, 4, -74, 878, 56;
-24, 222, 10, -353, -336, -8, -96, 867, 40;
-23, 226, 12, -366, -316, 0, -91, 881, 50;
-24, 227, 13, -385, -302, 0, -95, 887, 51;
-27, 226, 11, -411, -295, -5, -107, 885, 44;
-28, 228, 11, -429, -281, -5, -111, 890, 44;
-28, 231, 12, -442, -261, 0, -110, 901, 50;
-30, 231, 11, -463, -250, -4, -119, 902, 45;
-32, 232, 10, -481, -237, -6, -126, 905, 42;
-29, 237, 14, -483, -208, 5, -114, 926, 57;
-31, 238, 14, -499, -194, 3, -120, 930, 55;
-36, 235, 9, -526, -191, -11, -142, 918, 37;
-36, 238, 10, -534, -170, -7, -140, 929, 41;
-30, 246, 16, -524, -132, 12, -118, 961, 66;
-32, 246, 14, -539, -120, 5, -128, 959, 58;
-31, 249, 16, -542, -96, 11, -123, 973, 64;
-33, 250, 15, -551, -81, 8, -128, 977, 61;
-33, 251, 15, -558, -63, 7, -131, 982, 59;
-36, 250, 12, -571, -53, -1, -143, 978, 48;
-37, 252, 12, -575, -35, -3, -146, 983, 46;
-35, 256, 14, -570, -9, 3, -138, 998, 54;
-36, 256, 13, -573, 6, 0, -142, 1002, 50;
-37, 257, 11, -576, 21, -4, -147, 1004, 45;
-35, 261, 14, -566, 48, 3, -137, 1021, 55;
-35, 263, 13, -564, 66, 2, -138, 1026, 53;
-36, 263, 12, -563, 81, -1, -141, 1029, 49;
-37, 264, 11, -560, 96, -5, -144, 1031, 44;
-37, 265, 10, -557, 111, -8, -147, 1034, 40;
-36, 267, 10, -547, 131, -7, -143, 1042, 41;
-33, 271, 13, -529, 157, 0, -131, 1058, 51;
-33, 273, 13, -519, 174, 0, -129, 1065, 51;
-32, 274, 12, -508, 190, -1, -127, 1069, 49;
-29, 278, 15, -486, 215, 7, -114, 1086, 59;
-26, 281, 16, -467, 237, 12, -104, 1098, 65;
-32, 276, 9, -474, 230, -10, -128, 1076, 37;
-26, 283, 15, -440, 263, 7, -101, 1105, 60;
-28, 281, 12, -432, 268, -2, -110, 1097, 47;
-25, 284, 13, -409, 287, 2, -99, 1109, 53;
-25, 284, 12, -393, 298, 0, -98, 1110, 50;
-24, 285, 12, -374, 309, -2, -95, 1113, 48;
-20, 289, 14, -346, 329, 5, -80, 1127, 57;
-19, 289, 14, -325, 339, 4, -76, 1130, 56;
-18, 290, 14, -303, 350, 4, -71, 1134, 56;
-14, 294, 16, -272, 368, 12, -55, 1147, 65;
-13, 294, 16, -250, 375, 10, -51, 1149, 63;
-14, 292, 13, -235, 374, 0, -57, 1140, 51;
-11, 294, 14, -206, 385, 4, -46, 1147, 56;
-10, 294, 14, -182, 391, 3, -41, 1149, 55;
-9, 294, 13, -157, 396, 2, -36, 1150, 54;
-7, 295, 13, -131, 401, 2, -29, 1152, 54;
-9, 291, 10, -117, 392, -9, -38, 1138, 39;
-4, 295, 13, -79, 407, 1, -18, 1152, 52;
-6, 292, 9, -63, 398, -9, -25, 1139, 38;
-1, 296, 13, -25, 410, 1, -4, 1154, 52;
2, 297, 15, 7, 416, 7, 8, 1161, 59;
1, 295, 13, 26, 409, 0, 6, 1152, 50;
6, 298, 16, 63, 417, 9, 25, 1164, 63;
5, 295, 13, 81, 406, 0, 21, 1152, 52;
5, 293, 11, 102, 397, -5, 19, 1143, 44;
8, 294, 12, 133, 398, 0, 32, 1148, 50;
12, 296, 15, 167, 401, 7, 49, 1156, 60;
11, 293, 12, 185, 386, 0, 45, 1143, 49;
14, 293, 14, 214, 384, 2, 56, 1145, 54;
12, 289, 10, 226, 363, -9, 46, 1127, 39;
13, 288, 9, 250, 354, -10, 51, 1123, 38;
17, 289, 12, 282, 354, -1, 68, 1130, 48;
19, 289, 12, 306, 344, -1, 75, 1127, 49;
22, 289, 14, 334, 339, 4, 87, 1130, 56;
23, 288, 14, 355, 327, 4, 92, 1125, 55;
26, 289, 16, 382, 321, 10, 105, 1128, 63;
28, 288, 16, 403, 309, 10, 111, 1124, 64;
26, 283, 13, 411, 285, 0, 102, 1106, 50;
26, 281, 12, 427, 268, -2, 104, 1098, 47;
26, 278, 11, 441, 250, -6, 103, 1088, 43;
32, 281, 15, 472, 248, 7, 125, 1099, 60;
28, 276, 11, 473, 219, -5, 111, 1076, 43;
33, 278, 15, 500, 215, 7, 131, 1086, 59;
31, 273, 11, 503, 188, -3, 121, 1067, 46;
35, 275, 15, 525, 181, 6, 137, 1073, 59;
29, 267, 9, 517, 144, -12, 116, 1043, 35;
34, 269, 13, 539, 138, 0, 134, 1051, 50;
36, 269, 14, 552, 125, 4, 142, 1050, 56;
38, 269, 16, 566, 112, 10, 151, 1051, 64;
36, 265, 13, 564, 85, 2, 142, 1034, 54;
37, 263, 14, 570, 68, 4, 146, 1029, 56;
38, 262, 14, 575, 50, 5, 148, 1023, 57;
39, 261, 15, 580, 33, 8, 152, 1019, 60;
38, 258, 14, 578, 11, 4, 148, 1008, 56;
38, 256, 14, 578, -7, 5, 148, 1001, 57;
33, 250, 10, 564, -40, -7, 132, 978, 41;
33, 248, 10, 560, -60, -9, 130, 969, 39;
33, 246, 10, 555, -79, -9, 128, 962, 39;
37, 249, 14, 565, -84, 5, 145, 972, 57;
36, 246, 13, 556, -105, 2, 140, 962, 54;
36, 245, 14, 550, -122, 4, 141, 958, 56;
33, 241, 12, 534, -147, -2, 130, 943, 48;
32, 239, 11, 521, -167, -4, 125, 933, 45;
31, 237, 11, 510, -185, -4, 122, 926, 45;
34, 239, 15, 509, -190, 6, 133, 934, 59;
33, 238, 15, 497, -206, 7, 131, 929, 60;
30, 235, 13, 476, -228, 2, 120, 916, 53;
28, 231, 12, 455, -249, -2, 110, 904, 47;
24, 228, 9, 432, -271, -10, 97, 889, 38;
30, 233, 16, 434, -265, 9, 117, 909, 63;
29, 232, 16, 416, -278, 11, 114, 905, 64;
20, 223, 9, 374, -314, -11, 81, 872, 36;
26, 229, 16, 375, -305, 9, 103, 894, 63;
25, 228, 16, 356, -315, 11, 100, 892, 65;
22, 226, 15, 329, -332, 6, 88, 881, 59;
20, 224, 14, 304, -344, 4, 80, 875, 56;
16, 221, 12, 273, -362, -3, 64, 861, 46;
15, 220, 12, 251, -368, 0, 61, 861, 50;
14, 220, 12, 227, -376, 0, 56, 859, 50;
13, 220, 13, 204, -381, 2, 53, 859, 53;
9, 217, 11, 172, -394, -4, 38, 848, 45;
9, 218, 12, 149, -396, -1, 35, 850, 49;
10, 220, 15, 132, -392, 7, 40, 859, 59;
4, 215, 11, 92, -409, -5, 17, 842, 43;
2, 215, 11, 66, -411, -4, 11, 842, 44;
0, 214, 10, 35, -418, -9, 0, 835, 39;
0, 215, 10, 11, -416, -6, -3, 838, 42;
0, 218, 14, -4, -405, 4, 3, 852, 56;
0, 220, 16, -25, -398, 10, 3, 860, 63;
-4, 216, 12, -64, -408, -1, -17, 846, 49;
-4, 218, 14, -86, -401, 3, -18, 853, 55;
-10, 214, 9, -126, -411, -9, -41, 837, 38;
-8, 218, 13, -141, -395, 1, -33, 853, 52;
-13, 216, 10, -177, -400, -8, -52, 843, 40;
-10, 221, 15, -188, -379, 6, -40, 863, 58;
-17, 217, 10, -229, -388, -9, -66, 846, 39;
-14, 222, 14, -240, -367, 3, -56, 866, 55;
-18, 220, 12, -271, -365, -2, -70, 861, 47;
-20, 220, 11, -297, -358, -5, -79, 861, 44;
-18, 225, 14, -309, -337, 5, -71, 879, 57;
-23, 223, 11, -342, -336, -4, -89, 870, 45;
-26, 222, 9, -370, -331, -11, -103, 866, 36;
-27, 223, 9, -391, -319, -11, -109, 870, 36;
-26, 227, 12, -402, -297, -2, -102, 886, 47;
-25, 230, 14, -414, -276, 3, -99, 899, 55;
-31, 227, 9, -448, -278, -12, -123, 885, 35;
-30, 230, 11, -458, -256, -5, -119, 899, 44;
-27, 236, 15, -462, -228, 6, -108, 920, 59;
-34, 232, 9, -494, -230, -10, -133, 905, 37;
-28, 239, 16, -489, -193, 9, -112, 935, 62;
-33, 237, 11, -514, -189, -3, -131, 926, 46;
-29, 244, 16, -510, -156, 12, -115, 952, 66;
-35, 240, 11, -538, -155, -4, -138, 937, 44;
-32, 245, 14, -536, -126, 5, -127, 957, 58;
-35, 245, 12, -552, -115, -1, -138, 955, 49;
-33, 249, 14, -552, -90, 5, -131, 971, 58;
-33, 251, 15, -556, -70, 6, -131, 979, 59;
-37, 249, 11, -572, -62, -4, -146, 973, 45;
-35, 253, 13, -568, -36, 2, -139, 988, 54;
-33, 257, 15, -564, -10, 8, -131, 1003, 61;
-38, 254, 11, -580, -6, -6, -150, 992, 43;
-39, 254, 9, -583, 8, -10, -155, 994, 37;
-32, 263, 16, -559, 50, 11, -127, 1028, 65;
-33, 265, 16, -558, 67, 10, -128, 1034, 63;
-35, 263, 13, -562, 77, 0, -139, 1029, 51;
-33, 267, 15, -550, 102, 7, -129, 1044, 59;
-35, 267, 12, -551, 113, 0, -137, 1041, 50;
-36, 267, 11, -547, 127, -4, -141, 1043, 44;
-35, 269, 11, -537, 146, -4, -137, 1050, 45;
-32, 273, 13, -520, 170, 2, -127, 1065, 53;
-31, 275, 14, -506, 190, 4, -121, 1075, 56;
-35, 272, 9, -508, 192, -10, -136, 1063, 38;
-29, 278, 14, -479, 224, 4, -114, 1087, 56;
-27, 281, 15, -462, 242, 6, -108, 1096, 59;
-27, 281, 14, -449, 254, 3, -108, 1098, 55;
-29, 280, 11, -440, 262, -3, -113, 1094, 46;
-26, 283, 12, -418, 280, 0, -104, 1104, 50;
-28, 281, 9, -409, 284, -9, -111, 1097, 38;
-22, 287, 14, -375, 311, 3, -89, 1119, 55;
-20, 289, 15, -349, 328, 8, -78, 1130, 62;
-24, 285, 9, -347, 321, -9, -96, 1111, 38;
-16, 292, 16, -304, 352, 10, -65, 1140, 63;
-17, 291, 14, -289, 355, 3, -68, 1135, 54;
-13, 294, 16, -257, 373, 11, -52, 1149, 65;
-12, 294, 15, -235, 379, 9, -49, 1149, 62;
-17, 289, 9, -229, 368, -9, -66, 1128, 38;
-14, 290, 10, -202, 377, -8, -58, 1133, 40;
-12, 292, 11, -173, 387, -4, -47, 1140, 45;
-8, 295, 13, -140, 399, 2, -32, 1150, 53;
-9, 293, 11, -121, 396, -5, -35, 1143, 44;
-8, 292, 10, -99, 395, -9, -34, 1139, 39;
0, 298, 16, -53, 416, 9, -3, 1163, 62;
-3, 294, 11, -39, 405, -3, -13, 1148, 46;
0, 295, 13, -9, 409, 0, -2, 1152, 50;
5, 299, 16, 30, 421, 12, 19, 1167, 66;
0, 292, 10, 35, 399, -9, 0, 1140, 39;
1, 292, 10, 63, 397, -8, 6, 1140, 39;
7, 295, 14, 101, 406, 2, 28, 1154, 54;
6, 293, 11, 119, 394, -5, 24, 1142, 44;
8, 293, 11, 147, 391, -3, 32, 1142, 46;
9, 292, 11, 171, 384, -5, 37, 1138, 44;
9, 290, 10, 193, 373, -9, 38, 1131, 39;
17, 295, 16, 238, 386, 10, 69, 1153, 63;
18, 293, 15, 258, 374, 6, 70, 1145, 59;
14, 287, 10, 266, 349, -9, 56, 1122, 39;
20, 291, 14, 303, 353, 3, 79, 1134, 55;
16, 285, 9, 311, 327, -11, 66, 1112, 37;
24, 289, 15, 351, 334, 6, 94, 1130, 59;
24, 287, 13, 368, 318, 2, 93, 1120, 53;
24, 285, 13, 386, 303, 0, 95, 1112, 50;
22, 281, 10, 396, 280, -9, 89, 1096, 39;
26, 281, 12, 421, 273, -2, 102, 1099, 47;
29, 283, 14, 447, 266, 5, 116, 1104, 57;
27, 278, 11, 454, 241, -4, 108, 1086, 45;
29, 277, 12, 472, 228, -2, 115, 1083, 48;
32, 278, 14, 494, 219, 5, 127, 1086, 57;
30, 274, 11, 498, 193, -4, 120, 1068, 45;
30, 270, 10, 506, 171, -8, 117, 1056, 39;
31, 269, 10, 519, 155, -7, 122, 1051, 42;
30, 266, 9, 524, 133, -11, 118, 1039, 36;
33, 267, 11, 541, 122, -3, 131, 1042, 46;
36, 268, 14, 558, 112, 4, 143, 1046, 56;
33, 262, 10, 551, 81, -8, 129, 1023, 40;
38, 265, 15, 571, 76, 6, 148, 1034, 58;
38, 263, 15, 577, 59, 8, 151, 1029, 61;
35, 258, 11, 568, 28, -3, 137, 1007, 46;
37, 258, 13, 575, 14, 1, 145, 1007, 53;
33, 252, 9, 563, -16, -9, 130, 985, 38;
34, 252, 11, 567, -31, -5, 135, 983, 44;
33, 249, 10, 562, -52, -7, 132, 973, 41;
38, 252, 15, 572, -58, 6, 148, 983, 58;
39, 252, 16, 573, -71, 11, 154, 983, 65;
31, 243, 9, 544, -113, -11, 124, 948, 37;
31, 241, 9, 538, -130, -10, 123, 942, 38;
35, 243, 13, 542, -136, 2, 137, 951, 54;
37, 245, 16, 541, -144, 11, 146, 956, 65;
31, 238, 11, 514, -179, -5, 122, 928, 44;
31, 237, 12, 504, -193, -2, 123, 925, 48;
34, 239, 15, 502, -199, 9, 134, 933, 62;
31, 235, 13, 481, -223, 1, 121, 918, 53;
27, 230, 10, 456, -248, -7, 106, 900, 41;
25, 229, 10, 438, -265, -9, 100, 893, 39;
30, 233, 16, 440, -260, 10, 119, 911, 63;
25, 228, 12, 410, -287, -1, 100, 891, 48;
24, 227, 12, 390, -300, -1, 95, 886, 48;
26, 229, 15, 381, -302, 8, 103, 894, 62;
21, 224, 11, 348, -327, -3, 83, 874, 46;
22, 225, 14, 335, -330, 5, 88, 881, 57;
23, 227, 16, 319, -334, 11, 90, 885, 65;
18, 222, 13, 284, -355, 0, 71, 867, 51;
19, 224, 15, 269, -356, 8, 75, 874, 62;
14, 220, 12, 235, -374, 0, 57, 859, 49;
16, 223, 16, 221, -370, 10, 65, 870, 63;
10, 217, 11, 181, -391, -4, 40, 850, 45;
9, 218, 12, 158, -394, -1, 38, 851, 49;
5, 215, 10, 124, -408, -9, 21, 839, 39;
6, 217, 13, 107, -402, 0, 26, 849, 50;
2, 215, 10, 74, -412, -6, 11, 840, 42;
6, 220, 15, 63, -398, 9, 24, 859, 62;
-2, 213, 9, 14, -421, -12, -8, 832, 35;
-3, 214, 10, -9, -419, -9, -11, 835, 39;
2, 221, 16, -14, -397, 12, 8, 862, 66;
-5, 215, 11, -59, -413, -5, -20, 841, 44;
-5, 216, 12, -83, -408, -2, -23, 845, 48;
-3, 221, 16, -95, -390, 11, -11, 864, 65;
-10, 216, 11, -138, -403, -4, -39, 845, 45;
-10, 218, 12, -160, -394, 0, -40, 852, 50;
-14, 216, 10, -193, -395, -7, -55, 846, 41;
-10, 223, 16, -200, -370, 10, -39, 871, 64;
-16, 219, 11, -241, -378, -5, -64, 854, 44;
-14, 224, 15, -252, -357, 7, -54, 873, 60;
-14, 226, 16, -272, -343, 12, -55, 882, 65;
-21, 221, 11, -312, -350, -4, -82, 865, 45;
-19, 226, 15, -323, -328, 6, -74, 882, 58;
-24, 222, 10, -359, -331, -7, -97, 869, 41;
-27, 222, 9, -384, -323, -12, -107, 868, 35;
-26, 226, 11, -398, -304, -5, -104, 882, 44;
-22, 232, 16, -400, -274, 11, -88, 907, 64;
-25, 232, 14, -425, -266, 5, -100, 905, 57;
-27, 232, 13, -445, -254, 1, -108, 906, 53;
-27, 235, 15, -457, -234, 6, -107, 918, 59;
-30, 234, 12, -480, -225, 0, -119, 915, 50;
-33, 234, 11, -499, -214, -5, -129, 915, 44;
-32, 238, 13, -507, -191, 0, -126, 928, 50;
-32, 240, 14, -515, -171, 3, -124, 939, 55;
-34, 240, 12, -531, -158, -1, -133, 939, 49;
-37, 239, 9, -550, -149, -11, -148, 934, 37;
-35, 244, 12, -550, -122, -1, -138, 952, 48;
-31, 250, 16, -544, -90, 11, -123, 976, 65;
-35, 248, 13, -561, -83, 0, -139, 968, 50;
-33, 252, 15, -559, -56, 7, -131, 985, 60;
-38, 249, 10, -578, -52, -7, -151, 973, 41;
-34, 256, 15, -565, -18, 7, -133, 999, 60;
-35, 256, 14, -570, -3, 3, -138, 1001, 54;
-35, 258, 13, -570, 15, 2, -139, 1008, 54;
-34, 261, 15, -565, 38, 6, -133, 1020, 59;
-39, 257, 9, -580, 40, -11, -155, 1005, 37;
-34, 264, 14, -560, 75, 4, -134, 1032, 57;
-37, 262, 11, -566, 83, -6, -147, 1025, 43;
-39, 262, 9, -565, 96, -12, -152, 1025, 35;
-35, 268, 12, -546, 125, 0, -136, 1046, 50;
-31, 272, 15, -529, 152, 7, -123, 1063, 60;
-34, 271, 12, -529, 159, -2, -134, 1057, 47;
-34, 272, 11, -519, 175, -4, -133, 1061, 45;
-31, 275, 13, -501, 198, 1, -123, 1075, 52;
-28, 279, 15, -481, 222, 8, -111, 1090, 61;
-31, 276, 11, -479, 225, -5, -124, 1079, 44;
-32, 276, 9, -468, 236, -9, -126, 1079, 38;
-30, 279, 11, -448, 255, -6, -117, 1089, 43;
-30, 279, 9, -435, 264, -11, -119, 1088, 36;
-25, 284, 13, -404, 290, 0, -99, 1109, 52;
-22, 287, 15, -379, 309, 6, -88, 1120, 58;
-21, 288, 15, -359, 322, 6, -82, 1125, 59;
-25, 284, 9, -355, 316, -11, -99, 1108, 36;
-22, 287, 11, -327, 333, -5, -86, 1119, 44;
-22, 286, 9, -311, 337, -11, -89, 1115, 36;
-19, 288, 10, -283, 352, -6, -77, 1125, 42;
-13, 293, 15, -245, 375, 7, -53, 1146, 59;
-10, 296, 16, -216, 387, 11, -42, 1154, 65;
-10, 295, 15, -194, 391, 8, -40, 1153, 61;
-11, 293, 12, -179, 387, -2, -46, 1142, 48;
-8, 295, 13, -148, 397, 2, -34, 1150, 54;
-9, 293, 11, -129, 395, -3, -36, 1144, 46;
-3, 297, 15, -91, 410, 7, -15, 1159, 59;
-2, 297, 15, -65, 412, 6, -10, 1159, 58;
0, 299, 16, -33, 420, 11, 3, 1167, 65;
-3, 292, 10, -26, 400, -8, -15, 1141, 39;
4, 299, 16, 20, 421, 11, 17, 1167, 65;
3, 296, 14, 39, 412, 3, 13, 1156, 55;
2, 293, 11, 58, 402, -4, 9, 1146, 45;
3, 292, 10, 81, 396, -8, 12, 1140, 40;
7, 294, 12, 115, 400, 0, 27, 1148, 49;
6, 291, 10, 134, 388, -8, 25, 1138, 40;
10, 293, 12, 167, 390, -1, 40, 1144, 49;
8, 289, 9, 182, 373, -12, 33, 1128, 35;
13, 292, 12, 217, 376, -1, 52, 1138, 48;
18, 294, 15, 252, 378, 7, 70, 1148, 60;
14, 288, 10, 259, 353, -8, 56, 1124, 40;
17, 288, 11, 287, 348, -4, 67, 1126, 45;
19, 288, 12, 311, 339, -3, 74, 1123, 46;
19, 286, 11, 331, 326, -5, 77, 1116, 44;
23, 287, 13, 361, 322, 2, 92, 1122, 54;
21, 282, 10, 370, 298, -9, 82, 1103, 39;
25, 284, 12, 398, 293, -1, 97, 1108, 49;
23, 279, 9, 408, 270, -10, 91, 1091, 38;
30, 285, 16, 446, 276, 9, 120, 1111, 63;
25, 277, 10, 443, 241, -9, 100, 1081, 39;
30, 279, 13, 472, 238, 2, 120, 1091, 54;
30, 277, 13, 484, 219, 0, 120, 1081, 50;
28, 272, 9, 487, 192, -10, 110, 1062, 37;
34, 276, 15, 517, 192, 6, 134, 1077, 58;
32, 271, 12, 520, 166, -2, 127, 1060, 48;
30, 267, 9, 521, 139, -11, 118, 1041, 36;
30, 265, 9, 531, 121, -11, 120, 1035, 36;
36, 268, 14, 555, 118, 4, 142, 1048, 56;
39, 269, 16, 569, 107, 12, 153, 1050, 65;
38, 266, 15, 571, 84, 7, 149, 1038, 60;
32, 258, 9, 557, 46, -10, 127, 1007, 37;
38, 262, 15, 577, 44, 6, 149, 1022, 58;
36, 258, 13, 574, 20, 1, 144, 1008, 52;
37, 257, 14, 577, 3, 3, 147, 1004, 55;
36, 254, 13, 574, -18, 0, 143, 993, 52;
37, 253, 13, 573, -36, 2, 144, 988, 53;
33, 247, 9, 558, -67, -9, 129, 966, 38;
32, 245, 9, 551, -88, -11, 125, 956, 36;
31, 243, 9, 546, -107, -11, 124, 949, 36;
35, 245, 13, 551, -113, 0, 138, 958, 52;
35, 244, 13, 545, -129, 2, 138, 954, 54;
35, 243, 14, 538, -146, 4, 138, 949, 56;
32, 239, 12, 519, -172, -3, 125, 932, 46;
31, 237, 12, 508, -188, -2, 123, 926, 47;
34, 239, 15, 505, -195, 7, 133, 933, 60;
29, 234, 12, 481, -222, -3, 116, 914, 47;
28, 232, 11, 465, -239, -4, 111, 906, 45;
29, 232, 13, 453, -250, 0, 113, 906, 51;
24, 227, 9, 424, -277, -11, 94, 886, 36;
29, 231, 15, 425, -273, 7, 113, 904, 60;
27, 230, 15, 405, -287, 6, 107, 898, 59;
26, 229, 15, 386, -300, 7, 103, 894, 59;
19, 222, 9, 348, -330, -10, 75, 867, 37;
23, 226, 14, 343, -325, 5, 91, 883, 58;
23, 227, 16, 326, -330, 11, 92, 886, 65;
20, 224, 14, 297, -347, 5, 79, 874, 57;
15, 220, 11, 263, -367, -5, 60, 858, 44;
17, 222, 15, 250, -364, 6, 68, 869, 58;
13, 219, 12, 217, -381, -2, 51, 855, 47;
10, 217, 11, 188, -391, -6, 40, 848, 43;
7, 215, 9, 158, -401, -10, 29, 841, 38;
10, 219, 14, 146, -393, 3, 39, 856, 55;
9, 220, 15, 124, -393, 7, 38, 859, 60;
8, 220, 15, 97, -397, 7, 31, 858, 60;
2, 215, 11, 57, -412, -5, 8, 841, 44;
4, 219, 14, 41, -403, 5, 15, 854, 57;
-2, 214, 9, 0, -419, -9, -9, 834, 38;
2, 220, 16, -6, -398, 11, 9, 860, 64;
-4, 215, 11, -49, -412, -4, -16, 842, 45;
-6, 215, 11, -77, -411, -5, -24, 841, 44;
-7, 216, 11, -102, -408, -4, -29, 844, 45;
-4, 221, 16, -115, -390, 9, -18, 862, 63;
-11, 216, 11, -157, -401, -5, -44, 845, 43;
-13, 216, 10, -185, -397, -8, -54, 844, 40;
-14, 218, 11, -207, -388, -5, -56, 850, 44;
-11, 223, 16, -217, -365, 10, -43, 872, 63;
-13, 223, 15, -243, -359, 8, -52, 873, 61;
-16, 223, 14, -271, -354, 5, -62, 872, 57;
-21, 221, 11, -305, -355, -6, -82, 861, 43;
-19, 224, 13, -320, -336, 2, -77, 876, 53;
-20, 226, 14, -340, -323, 3, -80, 882, 55;
-20, 228, 15, -357, -307, 8, -80, 892, 61;
-28, 223, 9, -397, -314, -11, -110, 872, 36;
-27, 227, 11, -410, -294, -4, -106, 886, 45;
-29, 227, 10, -433, -284, -8, -116, 886, 40;
-27, 231, 13, -441, -260, 1, -108, 903, 52;
-25, 236, 16, -447, -235, 10, -100, 921, 64;
-30, 233, 12, -476, -232, -1, -120, 911, 48;
-28, 238, 16, -480, -204, 9, -110, 931, 62;
-35, 233, 9, -514, -209, -12, -140, 911, 36;
-34, 237, 11, -519, -184, -3, -132, 927, 46;
-34, 240, 12, -528, -164, -2, -133, 936, 48;
-32, 243, 14, -532, -140, 3, -128, 950, 55;
-34, 244, 13, -543, -124, 1, -133, 955, 53;
-31, 249, 16, -541, -95, 12, -122, 974, 66;
-35, 247, 12, -560, -89, 0, -139, 966, 50;
-35, 250, 13, -563, -69, 1, -138, 975, 52;
-33, 254, 15, -560, -42, 9, -130, 992, 62;
-39, 250, 10, -580, -40, -8, -152, 977, 40;
-36, 255, 12, -573, -13, 0, -143, 994, 50;
-39, 254, 10, -581, -1, -7, -152, 992, 41;
-36, 259, 13, -571, 26, 0, -141, 1010, 51;
-35, 261, 13, -568, 47, 2, -139, 1019, 53;
-35, 263, 13, -565, 65, 1, -139, 1025, 52;
-37, 262, 11, -567, 77, -5, -146, 1024, 44;
-37, 263, 10, -563, 94, -7, -147, 1028, 41;
-38, 264, 9, -558, 110, -10, -148, 1032, 38;
-33, 270, 13, -538, 140, 1, -132, 1053, 52;
-30, 274, 16, -519, 167, 10, -118, 1071, 63;
-31, 274, 14, -515, 178, 3, -124, 1069, 55;
-28, 278, 16, -496, 202, 10, -112, 1084, 64;
-32, 275, 11, -497, 204, -4, -127, 1072, 45;
-28, 280, 15, -472, 232, 7, -110, 1093, 60;
-29, 279, 13, -463, 241, 0, -115, 1090, 51;
-30, 278, 10, -454, 249, -7, -120, 1086, 42;
-26, 283, 14, -426, 274, 3, -102, 1105, 55;
-22, 287, 16, -399, 297, 12, -87, 1121, 65;
-28, 281, 9, -403, 288, -10, -110, 1098, 38;
-22, 287, 14, -367, 316, 4, -86, 1122, 57;
-19, 290, 15, -342, 332, 9, -76, 1132, 62;
-21, 288, 12, -330, 334, 0, -83, 1123, 49;
-17, 291, 15, -299, 353, 7, -66, 1138, 60;
-18, 290, 12, -285, 354, -1, -72, 1131, 49;
-20, 287, 9, -271, 354, -10, -78, 1122, 37;
-14, 293, 14, -233, 376, 3, -54, 1143, 54;
-13, 292, 12, -212, 379, -1, -53, 1140, 49;
-10, 295, 14, -180, 393, 5, -39, 1151, 57;
-13, 291, 10, -169, 384, -9, -51, 1135, 39;
-5, 297, 16, -124, 408, 9, -21, 1160, 63;
-4, 296, 15, -101, 408, 6, -18, 1158, 58;
-2, 297, 15, -72, 414, 8, -9, 1161, 61;
-2, 296, 14, -50, 411, 3, -8, 1156, 55;
0, 296, 13, -24, 411, 2, -3, 1155, 53;
15, 5, 2, 3422, 4294, 2349, 60, 22, 11;
16, 20, 12, 1964, 3304, 1462, 66, 78, 47;
20, 2, 11, 2924, 3407, 1487, 80, 10, 43;
10, 31, 12, 3862, 2114, 1664, 40, 121, 49;
6, 25, 9, 2037, 2810, 1870, 25, 98, 38;
18, 20, 9, 2590, 2635, 1974, 71, 80, 36;
17, 13, 8, 2174, 3647, 1345, 69, 51, 33;
5, 26, 8, 2842, 2832, 2430, 20, 105, 34;
18, 27, 1, 4210, 3784, 2351, 70, 109, 6;
6, 11, 6, 2238, 3247, 2219, 25, 43, 23;
4, 8, 8, 2850, 4850, 2132, 18, 31, 33;
7, 5, 3, 4120, 5123, 2111, 30, 19, 12;
17, 1, 10, 2050, 5026, 1081, 67, 6, 42;
15, 19, 9, 3203, 4710, 2301, 61, 75, 36;
3, 20, 1, 2391, 5264, 2555, 13, 81, 5;
16, 9, 7, 3914, 3595, 1656, 65, 36, 29;
16, 30, 3, 2582, 3987, 1407, 65, 118, 12;
17, 2, 2, 2461, 4635, 1366, 66, 8, 9;
11, 6, 2, 1759, 3609, 2379, 45, 24, 9;
16, 21, 2, 3210, 3258, 2681, 62, 83, 8;
6, 9, 0, 2449, 2747, 1463, 23, 38, 0;
17, 30, 8, 3576, 3710, 2224, 66, 119, 34;
2, 0, 4, 3165, 2195, 1692, 10, 3, 17;
14, 0, 13, 4299, 2004, 2876, 58, 2, 50;
6, 6, 8, 2240, 4091, 2271, 24, 24, 32;
12, 11, 12, 2444, 2217, 1592, 49, 44, 47;
9, 30, 1, 2954, 4109, 2256, 37, 119, 6;
4, 11, 10, 4061, 5000, 1068, 18, 46, 42;
7, 10, 1, 1898, 2734, 2759, 30, 40, 7;
18, 11, 12, 4310, 4254, 2134, 71, 45, 50;
14, 29, 0, 1713, 3525, 2791, 58, 115, 0;
13, 15, 3, 3315, 2187, 2756, 53, 59, 12;
10, 0, 4, 3563, 3015, 1247, 39, 0, 16;
1, 11, 7, 3392, 3354, 1426, 4, 45, 31;
14, 5, 11, 2779, 3694, 1416, 57, 21, 43;
7, 15, 9, 2864, 5007, 1198, 27, 62, 37;
20, 13, 9, 3761, 2408, 1417, 81, 52, 37;
14, 2, 12, 3314, 1874, 2041, 57, 7, 48;
1, 15, 7, 1708, 2764, 2632, 4, 59, 29;
15, 12, 2, 4215, 3520, 1869, 60, 49, 11;
1, 9, 9, 2036, 4630, 2437, 5, 37, 35;
10, 16, 11, 2884, 5163, 2165, 40, 64, 44;
4, 13, 3, 2262, 5377, 1354, 18, 54, 12;
4, 10, 4, 2590, 5153, 2683, 18, 40, 16;
12, 18, 1, 2358, 3094, 1296, 50, 71, 6;
14, 27, 7, 2657, 3161, 2845, 55, 109, 28;
13, 19, 1, 3659, 2990, 2058, 51, 76, 4;
16, 11, 1, 2963, 1860, 1074, 63, 45, 4;
8, 9, 7, 1629, 4779, 2691, 34, 35, 28;
11, 20, 7, 2766, 4834, 2011, 44, 81, 28;
18, 27, 0, 2964, 3344, 1555, 73, 107, 0;
1, 8, 2, 2328, 5057, 1856, 6, 31, 11;
1, 28, 6, 2960, 2945, 2576, 7, 111, 26;
0, 28, 3, 3299, 2630, 1710, 0, 109, 15;
4, 21, 11, 4378, 3365, 1943, 17, 85, 45;
13, 16, 2, 1633, 4005, 1562, 52, 65, 7;
5, 1, 5, 4141, 3781, 1482, 21, 5, 22;
4, 31, 7, 3638, 3856, 2698, 17, 121, 30;
19, 16, 3, 2136, 5361, 2516, 77, 66, 14;
16, 24, 8, 3133, 1888, 2792, 64, 94, 31;
14, 28, 7, 4387, 5055, 2455, 56, 112, 29;
15, 3, 6, 3379, 4163, 1394, 61, 15, 25;
5, 2, 11, 1656, 2593, 1796, 21, 8, 43;
7, 28, 9, 2212, 3403, 2047, 29, 113, 37;
9, 11, 10, 4249, 2974, 2055, 38, 43, 39;
7, 2, 8, 3911, 2173, 1880, 29, 7, 33;
10, 30, 10, 2761, 2317, 1478, 42, 120, 41;
7, 16, 12, 1512, 2331, 1597, 30, 63, 49;
3, 28, 2, 2475, 1959, 1597, 14, 110, 8;
17, 15, 4, 3695, 1829, 2424, 67, 59, 17;
19, 28, 6, 3078, 2862, 1873, 74, 110, 23;
6, 4, 8, 3515, 3333, 2619, 26, 16, 32;
9, 7, 12, 1904, 4872, 1386, 35, 28, 48;
10, 15, 0, 1572, 4628, 1635, 39, 62, 3;
5, 6, 6, 2766, 3398, 1604, 19, 26, 25;
7, 25, 10, 3742, 4778, 2623, 29, 101, 39;
17, 30, 2, 4191, 4569, 1166, 67, 117, 10;
13, 26, 5, 2004, 1812, 1365, 51, 104, 21;
14, 22, 1, 1970, 2647, 1736, 56, 86, 5;
3, 13, 11, 2092, 3910, 1614, 15, 54, 44;
648, 973, 405, 5252, 4596, 3121, 2530, 3797, 1582;
752, 920, 478, 5032, 4402, 2985, 2933, 3589, 1864;
621, 825, 485, 4865, 4260, 2898, 2422, 3219, 1894;
567, 944, 353, 4642, 4060, 2752, 2214, 3682, 1380;
657, 779, 443, 4489, 3930, 2673, 2565, 3038, 1727;
606, 792, 361, 4296, 3759, 2551, 2366, 3091, 1410;
518, 752, 335, 4149, 3634, 2473, 2023, 2936, 1306;
511, 767, 291, 3976, 3481, 2366, 1995, 2993, 1135;
465, 739, 347, 3804, 3327, 2256, 1814, 2885, 1356;
508, 644, 338, 3675, 3217, 2188, 1981, 2514, 1321;
511, 686, 268, 3535, 3096, 2107, 1995, 2679, 1047;
500, 668, 337, 3390, 2968, 2017, 1950, 2609, 1315;
474, 650, 312, 3247, 2841, 1928, 1851, 2535, 1218;
395, 647, 258, 3103, 2713, 1836, 1542, 2526, 1009;
406, 616, 240, 2983, 2608, 1765, 1585, 2403, 937;
413, 544, 287, 2894, 2534, 1724, 1611, 2121, 1119;
375, 546, 270, 2747, 2401, 1623, 1465, 2131, 1053;
388, 518, 208, 2675, 2343, 1595, 1515, 2020, 812;
317, 530, 181, 2542, 2223, 1505, 1237, 2068, 708;
360, 527, 236, 2462, 2155, 1465, 1406, 2056, 920;
336, 567, 224, 2352, 2057, 1394, 1312, 2212, 876;
273, 550, 210, 2259, 1976, 1339, 1066, 2146, 819;
248, 468, 189, 2183, 1911, 1299, 968, 1828, 737;
277, 498, 202, 2077, 1815, 1227, 1081, 1945, 790;
288, 522, 193, 2013, 1762, 1197, 1125, 2036, 753;
220, 469, 137, 1924, 1683, 1140, 860, 1831, 534;
265, 506, 155, 1836, 1605, 1083, 1034, 1975, 605;
218, 520, 172, 1777, 1554, 1053, 852, 2029, 672;
234, 503, 159, 1724, 1510, 1029, 913, 1962, 621;
200, 428, 160, 1636, 1430, 967, 781, 1670, 627;
179, 445, 130, 1599, 1401, 957, 700, 1738, 507;
202, 457, 138, 1518, 1328, 901, 790, 1784, 541;
196, 475, 122, 1461, 1279, 869, 765, 1856, 478;
196, 406, 119, 1425, 1250, 856, 767, 1585, 465;
167, 405, 134, 1360, 1191, 813, 653, 1580, 526;
161, 434, 101, 1289, 1128, 764, 628, 1693, 396;
175, 438, 121, 1246, 1091, 741, 685, 1711, 474;
172, 367, 101, 1203, 1054, 718, 673, 1433, 396;
134, 430, 100, 1158, 1014, 692, 523, 1678, 393;
153, 369, 106, 1109, 971, 661, 598, 1439, 415;
155, 372, 105, 1074, 941, 643, 605, 1450, 411;
126, 363, 83, 998, 871, 585, 491, 1416, 325;
108, 394, 88, 969, 847, 572, 422, 1540, 343;
104, 348, 83, 948, 831, 567, 408, 1357, 327;
133, 365, 74, 911, 798, 545, 521, 1425, 289;
122, 363, 62, 878, 770, 526, 478, 1416, 243;
95, 363, 60, 827, 723, 489, 371, 1418, 235;
90, 371, 59, 806, 706, 480, 351, 1447, 232;
109, 359, 72, 768, 672, 455, 426, 1401, 283;
93, 327, 70, 749, 656, 448, 366, 1277, 274;
102, 334, 63, 714, 625, 425, 399, 1303, 245;
87, 337, 58, 698, 613, 421, 341, 1314, 227;
73, 349, 47, 655, 573, 388, 286, 1362, 185;
72, 340, 43, 606, 527, 350, 282, 1326, 168;
88, 325, 48, 620, 545, 375, 346, 1271, 188;
81, 326, 46, 556, 484, 320, 319, 1274, 181;
62, 334, 38, 545, 475, 318, 242, 1303, 148;
57, 308, 46, 515, 448, 297, 222, 1202, 179;
56, 303, 35, 504, 440, 295, 220, 1181, 140;
69, 319, 38, 496, 434, 295, 269, 1245, 149;
59, 318, 36, 497, 438, 304, 231, 1242, 144;
58, 308, 37, 436, 379, 250, 226, 1204, 146;
59, 307, 40, 458, 403, 279, 232, 1199, 156;
49, 303, 39, 438, 385, 267, 194, 1183, 154;
49, 301, 40, 406, 355, 241, 193, 1174, 156;
45, 298, 34, 385, 337, 227, 177, 1164, 133;
58, 308, 30, 397, 350, 245, 227, 1204, 119;
51, 306, 36, 369, 325, 223, 199, 1194, 142;
49, 286, 25, 333, 290, 193, 193, 1116, 97;
37, 291, 25, 315, 273, 180, 147, 1137, 98;
43, 298, 22, 297, 257, 168, 170, 1163, 86;
40, 291, 29, 303, 264, 178, 159, 1137, 114;
39, 298, 23, 294, 257, 174, 154, 1165, 93;
34, 296, 29, 295, 260, 180, 135, 1157, 116;
28, 284, 22, 263, 229, 152, 111, 1108, 86;
33, 286, 19, 256, 223, 150, 132, 1115, 77;
30, 284, 22, 237, 206, 136, 118, 1109, 88;
28, 290, 22, 253, 222, 155, 110, 1134, 86;
33, 277, 16, 226, 198, 132, 129, 1080, 66;
23, 288, 15, 217, 189, 127, 93, 1124, 61;
1, 256, 0, 0, 0, 0, 4, 999, 2;
1, 256, 1, 1, 1, 1, 6, 1001, 4;
1, 256, 1, 1, 1, 1, 5, 1000, 3;
1, 256, 0, 0, 0, 0, 5, 999, 3;
1, 256, 0, 1, 1, 1, 5, 1000, 3;
1, 256, 0, 0, 0, 0, 4, 999, 2;
1, 256, 0, 0, 0, 0, 4, 999, 2;
1, 256, 0, -1, -1, -1, 3, 998, 1;
1, 256, 0, 0, 0, 0, 4, 999, 2;
1, 256, 0, 0, 0, 0, 4, 999, 2;
1, 256, 0, 0, 0, 0, 5, 999, 2;
1, 256, 0, -1, -1, -1, 3, 998, 1;
1, 256, 0, 1, 1, 1, 5, 1000, 3;
1, 256, 0, -1, -1, -1, 4, 999, 2;
1, 256, 0, 0, 0, 0, 5, 1000, 3;
1, 256, 0, 1, 1, 1, 5, 1000, 3;
1, 256, 0, 0, 0, 0, 4, 999, 2;
1, 256, 0, -1, -1, -1, 4, 998, 2;
1, 256, 0, 0, 0, 0, 4, 999, 2;
1, 256, 0, 1, 1, 1, 5, 1000, 3;
1, 256, 0, -1, -1, -1, 4, 999, 2;
1, 256, 0, 0, 0, 0, 4, 999, 2;
1, 256, 0, 0, 0, 0, 5, 1000, 3;
1, 256, 0, 1, 1, 1, 5, 1000, 3;
1, 256, 0, 0, 0, 0, 5, 1000, 3;
1, 256, 0, 0, 0, 0, 5, 999, 2;
1, 256, 0, -1, -1, -1, 4, 998, 1;
1, 256, 0, -1, -1, -1, 4, 998, 2;
1, 256, 0, 1, 1, 1, 5, 1000, 3;
1, 256, 0, 1, 1, 1, 5, 1000, 3;
1, 256, 0, 0, 0, 0, 4, 999, 2;
1, 256, 0, 0, 0, 0, 5, 1000, 3;
1, 256, 0, -1, -1, -1, 4, 999, 2;
1, 256, 0, 0, 0, 0, 5, 1000, 3;
1, 256, 0, 0, 0, 0, 4, 999, 2;
1, 256, 1, 1, 1, 1, 6, 1001, 4;
1, 256, 0, 0, 0, 0, 5, 1000, 3;
1, 256, 1, 1, 1, 1, 6, 1000, 3;
1, 256, 0, 0, 0, 0, 5, 1000, 3;
1, 256, 0, -1, -1, -1, 4, 999, 2;
1, 256, 0, 0, 0, 0, 4, 999, 2;
1, 256, 0, 0, 0, 0, 4, 999, 2;
1, 256, 0, 0, 0, 0, 4, 999, 2;
0, 256, 0, -1, -1, -1, 3, 998, 1;
1, 256, 0, 0, 0, 0, 5, 1000, 3;
1, 256, 0, 0, 0, 0, 5, 1000, 3;
1, 256, 0, -1, -1, -1, 4, 999, 2;
1, 256, 0, 1, 1, 1, 5, 1000, 3;
1, 256, 0, 0, 0, 0, 5, 999, 2;
1, 256, 0, 0, 0, 0, 5, 999, 2;
1, 256, 0, 0, 0, 0, 4, 999, 2;
1, 256, 0, 0, 0, 0, 5, 1000, 3;
1, 256, 0, 0, 0, 0, 5, 999, 2;
1, 256, 0, -1, -1, -1, 4, 998, 1;
1, 256, 0, 0, 0, 0, 5, 1000, 3;
1, 256, 0, 0, 0, 0, 4, 999, 2;
1, 256, 0, -1, -1, -1, 3, 998, 1;
1, 256, 0, -1, -1, -1, 3, 998, 1;
1, 256, 1, 1, 1, 1, 5, 1000, 3;
1, 256, 0, -1, -1, -1, 4, 999, 2;
1, 256, 1, 1, 1, 1, 6, 1001, 4;
1, 256, 0, -1, -1, -1, 4, 999, 2;
1, 256, 1, 1, 1, 1, 6, 1001, 4;
1, 256, 0, -1, -1, -1, 4, 999, 2;
1, 256, 0, -1, -1, -1, 4, 999, 2;
1, 256, 0, 0, 0, 0, 4, 999, 2;
1, 256, 0, 0, 0, 0, 4, 999, 2;
1, 256, 0, 0, 0, 0, 5, 1000, 3;
1, 256, 0, -1, -1, -1, 4, 998, 1;
1, 256, 1, 1, 1, 1, 6, 1001, 4;
1, 256, 0, 0, 0, 0, 5, 1000, 3;
1, 256, 0, 0, 0, 0, 5, 1000, 3;
1, 256, 0, 0, 0, 0, 5, 1000, 3;
1, 256, 0, -1, -1, -1, 4, 999, 2;
0, 256, 0, -1, -1, -1, 3, 998, 1;
1, 256, 0, -1, -1, -1, 3, 998, 1;
1, 256, 1, 1, 1, 1, 6, 1001, 4;
1, 256, 0, 0, 0, 0, 5, 999, 3;
1, 256, 0, 0, 0, 0, 5, 1000, 3;
1, 256, 0, 0, 0, 0, 4, 999, 2;
1, 256, 0, 0, 0, 0, 5, 1000, 3;
1, 256, 0, -1, -1, -1, 4, 999, 2;
1, 256, 0, 0, 0, 0, 5, 1000, 3;
1, 256, 0, 0, 0, 0, 5, 1000, 3;
1, 256, 0, -1, -1, -1, 4, 999, 2;
1, 256, 0, -1, -1, -1, 4, 999, 2;
1, 256, 0, -1, -1, -1, 4, 999, 2;
1, 256, 0, -1, -1, -1, 4, 999, 2;
1, 256, 1, 1, 1, 1, 5, 1000, 3;
1, 256, 0, 1, 1, 1, 5, 1000, 3;
1, 256, 0, -1, -1, -1, 4, 999, 2;
1, 256, 0, 0, 0, 0, 4, 999, 2;
1, 256, 0, 0, 0, 0, 4, 999, 2;
1, 256, 0, 0, 0, 0, 4, 999, 2;
1, 256, 0, 0, 0, 0, 5, 999, 3;
1, 256, 0, 0, 0, 0, 4, 999, 2;
1, 256, 0, 1, 1, 1, 5, 1000, 3;
1, 256, 0, 0, 0, 0, 4, 999, 2;
1, 256, 0, 0, 0, 0, 5, 1000, 3;
1, 256, 1, 1, 1, 1, 6, 1001, 4;
1, 256, 0, 0, 0, 0, 5, 1000, 3;
1, 256, 0, 0, 0, 0, 4, 999, 2;
1, 256, 0, -1, -1, -1, 3, 998, 1;
1, 256, 0, 0, 0, 0, 5, 999, 3;
1, 256, 0, 0, 0, 0, 4, 999, 2;
1, 256, 0, 0, 0, 0, 5, 1000, 3;
1, 256, 0, 0, 0, 0, 4, 999, 2;
1, 256, 0, 0, 0, 0, 5, 1000, 3;
1, 256, 0, 0, 0, 0, 5, 1000, 3;
1, 256, 0, 0, 0, 0, 5, 1000, 3;
1, 256, 0, 0, 0, 0, 5, 1000, 3;
1, 256, 0, 0, 0, 0, 5, 1000, 3;
1, 256, 0, 0, 0, 0, 5, 1000, 3;
1, 256, 1, 1, 1, 1, 6, 1001, 4;
1, 256, 0, 0, 0, 0, 5, 1000, 3;
1, 256, 1, 1, 1, 1, 6, 1001, 4;
1, 256, 0, 0, 0, 0, 4, 999, 2;
1, 256, 0, 0, 0, 0, 4, 999, 2;
1, 256, 0, 0, 0, 0, 5, 999, 2;
1, 256, 0, 0, 0, 0, 4, 999, 2;
1, 256, 0, 0, 0, 0, 5, 1000, 3;
1, 256, 0, 0, 0, 0, 4, 999, 2;
1, 256, 0, -1, -1, -1, 4, 998, 2;
1, 256, 0, -1, -1, -1, 4, 999, 2;
0, 256, 0, -1, -1, -1, 3, 998, 1;
1, 256, 0, -1, -1, -1, 4, 999, 2;
1, 256, 0, 1, 1, 1, 5, 1000, 3;
1, 256, 0, 0, 0, 0, 5, 1000, 3;
1, 256, 0, 0, 0, 0, 4, 999, 2;
1, 256, 0, -1, -1, -1, 4, 999, 2;
1, 256, 0, 0, 0, 0, 4, 999, 2;
1, 256, 0, 0, 0, 0, 5, 1000, 3;
1, 256, 1, 1, 1, 1, 6, 1001, 4;
1, 256, 0, 0, 0, 0, 5, 1000, 3;
1, 256, 1, 1, 1, 1, 6, 1000, 4;
1, 256, 0, 0, 0, 0, 4, 999, 2;
1, 256, 0, 0, 0, 0, 5, 1000, 3;
1, 256, 0, -1, -1, -1, 4, 999, 2;
1, 256, 0, 0, 0, 0, 5, 1000, 3;
1, 256, 0, -1, -1, -1, 4, 999, 2;
1, 256, 0, 0, 0, 0, 5, 1000, 3;
1, 256, 0, 0, 0, 0, 5, 1000, 3;
1, 256, 0, 0, 0, 0, 4, 999, 2;
1, 256, 0, 0, 0, 0, 5, 1000, 3;
1, 256, 0, 0, 0, 0, 5, 1000, 3;
1, 256, 1, 1, 1, 1, 6, 1001, 4;
1, 256, 0, 0, 0, 0, 5, 1000, 3;
1, 256, 0, 0, 0, 0, 5, 1000, 3;
1, 256, 0, 0, 0, 0, 4, 999, 2;
1, 256, 0, 0, 0, 0, 4, 999, 2;
1, 256, 0, 0, 0, 0, 5, 1000, 3;
1, 256, 0, 0, 0, 0, 5, 1000, 3;
1, 256, 0, 0, 0, 0, 4, 999, 2;
1, 256, 0, 0, 0, 0, 4, 999, 2;
1, 256, 0, 0, 0, 0, 4, 999, 2;
1, 256, 0, 1, 1, 1, 5, 1000, 3;
1, 256, 0, 0, 0, 0, 5, 1000, 3;
1, 256, 0, -1, -1, -1, 4, 998, 1;
1, 256, 1, 1, 1, 1, 6, 1000, 4;
1, 256, 0, 0, 0, 0, 4, 999, 2;
1, 256, 0, 0, 0, 0, 5, 1000, 3;
1, 256, 0, 0, 0, 0, 5, 1000, 3;
1, 256, 0, 1, 1, 1, 5, 1000, 3;
0, 256, 0, -1, -1, -1, 3, 998, 1;
1, 256, 0, -1, -1, -1, 4, 999, 2;
1, 256, 0, 0, 0, 0, 4, 999, 2;
1, 256, 0, 0, 0, 0, 4, 999, 2;
1, 256, 0, 1, 1, 1, 5, 1000, 3;
1, 256, 0, -1, -1, -1, 4, 998, 1;
1, 256, 0, -1, -1, -1, 4, 999, 2;
1, 256, 0, 0, 0, 0, 5, 999, 3;
1, 256, 1, 1, 1, 1, 6, 1000, 3;
1, 256, 0, 0, 0, 0, 4, 999, 2;
1, 256, 0, 0, 0, 0, 5, 1000, 3;
1, 256, 0, 0, 0, 0, 4, 999, 2;
1, 256, 0, 0, 0, 0, 4, 999, 2;
1, 256, 1, 1, 1, 1, 6, 1001, 4;
1, 256, 1, 1, 1, 1, 6, 1001, 4;
1, 256, 1, 1, 1, 1, 6, 1001, 4;
1, 256, 1, 1, 1, 1, 6, 1000, 4;
1, 256, 0, 0, 0, 0, 5, 1000, 3;
1, 256, 0, 1, 1, 1, 5, 1000, 3;
1, 256, 0, 0, 0, 0, 5, 1000, 3;
1, 256, 0, 0, 0, 0, 4, 999, 2;
1, 256, 0, 0, 0, 0, 5, 1000, 3;
1, 256, 0, 0, 0, 0, 5, 1000, 3;
1, 256, 1, 1, 1, 1, 6, 1001, 4;
1, 256, 0, 0, 0, 0, 4, 999, 2;
1, 256, 0, 0, 0, 0, 5, 1000, 3;
1, 256, 0, 0, 0, 0, 5, 1000, 3;
1, 256, 0, 0, 0, 0, 5, 1000, 3;
1, 256, 1, 1, 1, 1, 6, 1000, 4;
1, 256, 1, 1, 1, 1, 6, 1000, 4;
1, 256, 0, 0, 0, 0, 4, 999, 2;
1, 256, 0, -1, -1, -1, 4, 999, 2;
1, 256, 0, 0, 0, 0, 4, 999, 2;
1, 256, 0, -1, -1, -1, 4, 999, 2;
1, 256, 0, 0, 0, 0, 5, 1000, 3;
1, 256, 0, 0, 0, 0, 4, 999, 2;
1, 256, 0, 0, 0, 0, 4, 999, 2;
1, 256, 0, 0, 0, 0, 5, 1000, 3;
1, 256, 0, 1, 1, 1, 5, 1000, 3;
1, 256, 1, 1, 1, 1, 6, 1001, 4;
1, 256, 0, 0, 0, 0, 5, 1000, 3;
1, 256, 0, 0, 0, 0, 4, 999, 2;
1, 256, 0, 0, 0, 0, 5, 1000, 3;
1, 256, 0, -1, -1, -1, 4, 999, 2;
1, 256, 0, 0, 0, 0, 5, 1000, 3;
1, 256, 1, 1, 1, 1, 6, 1001, 4;
1, 256, 1, 1, 1, 1, 6, 1001, 4;
1, 256, 0, 0, 0, 0, 5, 1000, 3;
1, 256, 0, -1, -1, -1, 4, 999, 2;
1, 256, 0, -1, -1, -1, 4, 999, 2;
1, 256, 1, 1, 1, 1, 6, 1001, 4;
1, 256, 0, 0, 0, 0, 5, 999, 2;
1, 256, 0, 0, 0, 0, 4, 999, 2;
1, 256, 0, 0, 0, 0, 4, 999, 2;
1, 256, 0, 0, 0, 0, 4, 999, 2;
1, 256, 1, 1, 1, 1, 6, 1000, 4;
1, 256, 0, 1, 1, 1, 5, 1000, 3;
1, 256, 0, 0, 0, 0, 4, 999, 2;
1, 256, 0, 0, 0, 0, 5, 1000, 3;
1, 256, 0, -1, -1, -1, 4, 999, 2;
1, 256, 0, 1, 1, 1, 5, 1000, 3;
1, 256, 0, 0, 0, 0, 5, 999, 3;
1, 256, 1, 1, 1, 1, 5, 1000, 3;
1, 256, 0, 1, 1, 1, 5, 1000, 3;
1, 256, 0, 0, 0, 0, 4, 999, 2;
1, 256, 0, 0, 0, 0, 4, 999, 2;
1, 256, 0, -1, -1, -1, 4, 999, 2;
1, 256, 1, 1, 1, 1, 6, 1001, 4;
1, 256, 0, 0, 0, 0, 5, 1000, 3;
1, 256, 1, 1, 1, 1, 6, 1001, 4;
1, 256, 0, -1, -1, -1, 4, 998, 2;
1, 256, 0, -1, -1, -1, 4, 999, 2;
1, 256, 0, -1, -1, -1, 4, 998, 2;
1, 256, 0, 1, 1, 1, 5, 1000, 3;
1, 256, 0, -1, -1, -1, 4, 999, 2;
1, 256, 0, 1, 1, 1, 5, 1000, 3;
1, 256, 1, 1, 1, 1, 6, 1000, 4;
1, 256, 0, 0, 0, 0, 4, 999, 2;
1, 256, 0, 0, 0, 0, 4, 999, 2;
1, 256, 0, -1, -1, -1, 4, 999, 2;
1, 256, 0, 0, 0, 0, 5, 1000, 3;
1, 256, 0, 0, 0, 0, 5, 999, 3;
1, 256, 0, 1, 1, 1, 5, 1000, 3;
1, 256, 0, 0, 0, 0, 5, 1000, 3;
1, 256, 0, 0, 0, 0, 5, 1000, 3;
1, 256, 0, 0, 0, 0, 4, 999, 2;
1, 256, 1, 1, 1, 1, 5, 1000, 3;
0, 256, 0, -1, -1, -1, 3, 998, 1;
1, 256, 0, -1, -1, -1, 4, 998, 1;
1, 256, 0, 0, 0, 0, 4, 999, 2;
1, 256, 0, -1, -1, -1, 4, 999, 2;
1, 256, 1, 1, 1, 1, 6, 1001, 4;
1, 256, 1, 1, 1, 1, 6, 1001, 4;
1, 256, 0, 0, 0, 0, 5, 1000, 3;
1, 256, 0, -1, -1, -1, 3, 998, 1;
1, 256, 0, 0, 0, 0, 4, 999, 2;
1, 256, 0, 0, 0, 0, 4, 999, 2;
1, 256, 0, -1, -1, -1, 4, 999, 2;
1, 256, 0, -1, -1, -1, 4, 999, 2;
1, 256, 1, 1, 1, 1, 6, 1001, 4;
1, 256, 0, 0, 0, 0, 4, 999, 2;
1, 256, 0, 0, 0, 0, 5, 999, 3;
1, 256, 0, 0, 0, 0, 5, 1000, 3;
1, 256, 0, -1, -1, -1, 4, 998, 2;
1, 256, 1, 1, 1, 1, 5, 1000, 3;
1, 256, 0, -1, -1, -1, 4, 998, 2;
1, 256, 0, 0, 0, 0, 4, 999, 2;
1, 256, 0, -1, -1, -1, 4, 999, 2;
1, 256, 0, 0, 0, 0, 5, 1000, 3;
1, 256, 0, -1, -1, -1, 4, 999, 2;
1, 256, 0, 0, 0, 0, 5, 1000, 3;
1, 256, 0, -1, -1, -1, 4, 998, 2;
1, 256, 1, 1, 1, 1, 6, 1001, 4;
1, 256, 0, 0, 0, 0, 5, 1000, 3;
1, 256, 0, 0, 0, 0, 5, 1000, 3;
1, 256, 0, 0, 0, 0, 4, 999, 2;
1, 256, 0, 0, 0, 0, 4, 999, 2;
1, 256, 0, -1, -1, -1, 4, 999, 2;
1, 256, 1, 1, 1, 1, 6, 1001, 4;
1, 256, 0, 0, 0, 0, 5, 1000, 3;
1, 256, 0, 0, 0, 0, 5, 1000, 3;
1, 256, 0, 0, 0, 0, 4, 999, 2;
1, 256, 0, 1, 1, 1, 5, 1000, 3;
1, 256, 1, 1, 1, 1, 6, 1001, 4;
1, 256, 1, 1, 1, 1, 6, 1001, 4;
1, 256, 0, -1, -1, -1, 4, 999, 2;
1, 256, 0, 1, 1, 1, 5, 1000, 3;
1, 256, 0, 0, 0, 0, 5, 1000, 3;
1, 256, 1, 1, 1, 1, 6, 1001, 4;
1, 256, 1, 1, 1, 1, 6, 1001, 4;
1, 256, 0, -1, -1, -1, 4, 999, 2;
1, 256, 0, -1, -1, -1, 4, 998, 1;
1, 256, 0, -1, -1, -1, 4, 999, 2;
1, 256, 0, -1, -1, -1, 3, 998, 1;
1, 256, 0, 0, 0, 0, 4, 999, 2;
1, 256, 0, 0, 0, 0, 5, 1000, 3;
1, 256, 1, 1, 1, 1, 6, 1000, 3;
1, 256, 0, -1, -1, -1, 4, 999, 2;
1, 256, 0, 1, 1, 1, 5, 1000, 3;
1, 256, 0, 0, 0, 0, 4, 999, 2;
1, 256, 0, 0, 0, 0, 4, 999, 2;
1, 256, 0, -1, -1, -1, 4, 999, 2;
1, 256, 0, 0, 0, 0, 4, 999, 2;
1, 256, 1, 1, 1, 1, 6, 1000, 3;
1, 256, 0, 0, 0, 0, 4, 999, 2;
1, 256, 0, -1, -1, -1, 4, 998, 2;
1, 256, 0, 0, 0, 0, 4, 999, 2;
1, 256, 0, 0, 0, 0, 4, 999, 2;
1, 256, 1, 1, 1, 1, 5, 1000, 3;
1, 256, 0, 0, 0, 0, 4, 999, 2;
1, 256, 0, -1, -1, -1, 4, 999, 2;
1, 256, 0, -1, -1, -1, 4, 998, 2;
1, 256, 0, -1, -1, -1, 4, 999, 2;
1, 256, 0, 0, 0, 0, 5, 1000, 3;
1, 256, 0, 0, 0, 0, 5, 1000, 3;
0, 256, 0, -1, -1, -1, 3, 998, 1;
1, 256, 0, 1, 1, 1, 5, 1000, 3;
1, 256, 0, -1, -1, -1, 4, 999, 2;
1, 256, 0, 0, 0, 0, 5, 1000, 3;
1, 256, 0, 0, 0, 0, 4, 999, 2;
1, 256, 0, 0, 0, 0, 4, 999, 2;
1, 256, 0, 1, 1, 1, 5, 1000, 3;
1, 256, 1, 1, 1, 1, 6, 1001, 4;
1, 256, 0, 0, 0, 0, 5, 1000, 3;
1, 256, 0, 1, 1, 1, 5, 1000, 3;
1, 256, 0, -1, -1, -1, 4, 999, 2;
1, 256, 1, 1, 1, 1, 6, 1001, 4;
1, 256, 0, 0, 0, 0, 4, 999, 2;
1, 256, 0, -1, -1, -1, 3, 998, 1;
1, 256, 0, -1, -1, -1, 4, 999, 2;
1, 256, 0, 1, 1, 1, 5, 1000, 3;
1, 256, 1, 1, 1, 1, 6, 1000, 3;
1, 256, 0, 0, 0, 0, 4, 999, 2;
1, 256, 0, 0, 0, 0, 4, 999, 2;
1, 256, 0, 0, 0, 0, 5, 1000, 3;
1, 256, 0, 0, 0, 0, 4, 999, 2;
1, 256, 1, 1, 1, 1, 6, 1001, 4;
1, 256, 0, 0, 0, 0, 5, 1000, 3;
1, 256, 1, 1, 1, 1, 5, 1000, 3;
1, 256, 0, -1, -1, -1, 3, 998, 1;
1, 256, 0, 0, 0, 0, 5, 1000, 3;
1, 256, 0, 0, 0, 0, 5, 1000, 3;
1, 256, 0, 0, 0, 0, 4, 999, 2;
1, 256, 0, 0, 0, 0, 4, 999, 2;
1, 256, 0, -1, -1, -1, 4, 999, 2;
1, 256, 0, 0, 0, 0, 4, 999, 2;
1, 256, 0, 0, 0, 0, 5, 1000, 3;
1, 256, 0, -1, -1, -1, 4, 999, 2;
1, 256, 0, 0, 0, 0, 4, 999, 2;
1, 256, 0, -1, -1, -1, 4, 999, 2;
1, 256, 0, 0, 0, 0, 5, 1000, 3;
1, 256, 0, 0, 0, 0, 5, 1000, 3;
1, 256, 0, -1, -1, -1, 4, 999, 2;
1, 256, 1, 1, 1, 1, 6, 1000, 4;
1, 256, 1, 1, 1, 1, 6, 1001, 4;
1, 256, 0, 0, 0, 0, 5, 1000, 3;
1, 256, 0, 0, 0, 0, 5, 1000, 3;
1, 256, 0, 0, 0, 0, 5, 1000, 3;
1, 256, 0, 0, 0, 0, 4, 999, 2;
1, 256, 0, 0, 0, 0, 4, 999, 2;
1, 256, 1, 1, 1, 1, 6, 1000, 3;
1, 256, 0, 0, 0, 0, 5, 1000, 3;
1, 256, 0, 0, 0, 0, 4, 999, 2;
1, 256, 0, 1, 1, 1, 5, 1000, 3;
1, 256, 0, -1, -1, -1, 4, 999, 2;
1, 256, 0, 0, 0, 0, 5, 1000, 3;
1, 256, 0, -1, -1, -1, 4, 999, 2;
1, 256, 0, -1, -1, -1, 3, 998, 1;
1, 256, 0, 1, 1, 1, 5, 1000, 3;
1, 256, 0, -1, -1, -1, 3, 998, 1;
1, 256, 0, 0, 0, 0, 4, 999, 2;
1, 256, 0, -1, -1, -1, 4, 999, 2;
1, 256, 0, -1, -1, -1, 4, 998, 1;
1, 256, 1, 1, 1, 1, 5, 1000, 3;
1, 256, 0, -1, -1, -1, 4, 999, 2;
1, 256, 0, 0, 0, 0, 4, 999, 2;
1, 256, 0, 0, 0, 0, 5, 1000, 3;
1, 256, 0, 0, 0, 0, 5, 999, 3;
1, 256, 1, 1, 1, 1, 6, 1001, 4;
1, 256, 0, 0, 0, 0, 5, 1000, 3;
1, 256, 0, 0, 0, 0, 5, 1000, 3;
1, 256, 0, 0, 0, 0, 4, 999, 2;
1, 256, 0, 0, 0, 0, 4, 999, 2;
1, 256, 0, 0, 0, 0, 4, 999, 2;
1, 256, 0, 0, 0, 0, 4, 999, 2;
1, 256, 1, 1, 1, 1, 5, 1000, 3;
1, 256, 0, 0, 0, 0, 4, 999, 2;
1, 256, 0, 0, 0, 0, 4, 999, 2;
1, 256, 0, 1, 1, 1, 5, 1000, 3;
1, 256, 0, -1, -1, -1, 4, 999, 2;
1, 256, 0, 0, 0, 0, 5, 1000, 3;
1, 256, 0, 0, 0, 0, 5, 1000, 3;
1, 256, 0, 1, 1, 1, 5, 1000, 3;
1, 256, 0, 0, 0, 0, 4, 999, 2;
1, 256, 0, 0, 0, 0, 5, 1000, 3;
1, 256, 0, -1, -1, -1, 4, 999, 2;
1, 256, 0, 0, 0, 0, 5, 1000, 3;
1, 256, 0, 0, 0, 0, 5, 1000, 3;
1, 256, 1, 1, 1, 1, 6, 1000, 3;
1, 256, 0, 1, 1, 1, 5, 1000, 3;
1, 256, 0, -1, -1, -1, 4, 999, 2;
1, 256, 0, 1, 1, 1, 5, 1000, 3;
1, 256, 0, 0, 0, 0, 5, 1000, 3;
1, 256, 0, 0, 0, 0, 5, 1000, 3;
0, 256, 0, -1, -1, -1, 3, 998, 1;
0, 256, 0, -1, -1, -1, 3, 998, 1;
1, 256, 0, 1, 1, 1, 5, 1000, 3;
1, 256, 0, -1, -1, -1, 4, 999, 2;
1, 256, 0, -1, -1, -1, 4, 998, 2;
1, 256, 0, 0, 0, 0, 5, 1000, 3;
1, 256, 0, -1, -1, -1, 3, 998, 1;
1, 256, 0, 0, 0, 0, 5, 1000, 3;
1, 256, 0, 0, 0, 0, 5, 1000, 3;
1, 256, 0, 0, 0, 0, 5, 1000, 3;
1, 256, 0, -1, -1, -1, 4, 999, 2;
1, 256, 1, 1, 1, 1, 6, 1000, 3;
1, 256, 0, -1, -1, -1, 3, 998, 1;
1, 256, 0, -1, -1, -1, 4, 999, 2;
1, 256, 0, -1, -1, -1, 4, 999, 2;
1, 256, 1, 1, 1, 1, 5, 1000, 3;
1, 256, 0, 0, 0, 0, 5, 1000, 3;
1, 256, 0, 0, 0, 0, 5, 1000, 3;
1, 256, 0, 1, 1, 1, 5, 1000, 3;
1, 256, 0, 1, 1, 1, 5, 1000, 3;
1, 256, 0, 0, 0, 0, 5, 1000, 3;
1, 256, 1, 1, 1, 1, 6, 1001, 4;
1, 256, 0, 1, 1, 1, 5, 1000, 3;
1, 256, 0, 0, 0, 0, 4, 999, 2;
1, 256, 1, 1, 1, 1, 6, 1001, 4;
1, 256, 0, 0, 0, 0, 4, 999, 2;
1, 256, 0, 0, 0, 0, 4, 999, 2;
1, 256, 0, -1, -1, -1, 4, 999, 2;
1, 256, 0, -1, -1, -1, 4, 998, 2;
1, 256, 0, 0, 0, 0, 4, 999, 2;
1, 256, 0, 0, 0, 0, 5, 1000, 3;
1, 256, 0, 0, 0, 0, 5, 1000, 3;
1, 256, 0, 0, 0, 0, 5, 1000, 3;
1, 256, 0, 0, 0, 0, 5, 1000, 3;
1, 256, 0, 0, 0, 0, 4, 999, 2;
1, 256, 0, 0, 0, 0, 4, 999, 2;
1, 256, 0, 0, 0, 0, 4, 999, 2;
1, 256, 0, 0, 0, 0, 5, 999, 2;
1, 256, 0, 0, 0, 0, 5, 1000, 3;
1, 256, 0, 1, 1, 1, 5, 1000, 3;
1, 256, 0, -1, -1, -1, 4, 999, 2;
1, 256, 0, 0, 0, 0, 4, 999, 2;
1, 256, 0, -1, -1, -1, 4, 999, 2;
1, 256, 0, -1, -1, -1, 4, 998, 1;
1, 256, 0, -1, -1, -1, 4, 999, 2;
1, 256, 0, 0, 0, 0, 5, 1000, 3;
1, 256, 0, 0, 0, 0, 5, 1000, 3;
1, 256, 1, 1, 1, 1, 6, 1001, 4;
1, 256, 0, -1, -1, -1, 4, 999, 2;
1, 256, 1, 1, 1, 1, 5, 1000, 3;
1, 256, 0, 1, 1, 1, 5, 1000, 3;
1, 256, 0, 0, 0, 0, 4, 999, 2;
1, 256, 0, 0, 0, 0, 5, 1000, 3;
1, 256, 0, 0, 0, 0, 4, 999, 2;
1, 256, 0, 0, 0, 0, 5, 1000, 3;
1, 256, 0, 0, 0, 0, 5, 1000, 3;
1, 256, 0, 0, 0, 0, 5, 1000, 3;
1, 256, 0, 0, 0, 0, 4, 999, 2;
1, 256, 1, 1, 1, 1, 6, 1001, 4;
1, 256, 0, -1, -1, -1, 4, 999, 2;
1, 256, 0, 0, 0, 0, 4, 999, 2;
1, 256, 0, 0, 0, 0, 5, 1000, 3;
1, 256, 0, 0, 0, 0, 5, 1000, 3;
1, 256, 0, 0, 0, 0, 5, 1000, 3;
1, 256, 0, 0, 0, 0, 5, 1000, 3;
1, 256, 1, 1, 1, 1, 6, 1001, 4;
1, 256, 0, -1, -1, -1, 3, 998, 1;
1, 256, 0, 0, 0, 0, 5, 1000, 3;
1, 256, 0, 0, 0, 0, 4, 999, 2;
1, 256, 0, 0, 0, 0, 5, 1000, 3;
1, 256, 1, 1, 1, 1, 5, 1000, 3;
1, 256, 0, -1, -1, -1, 4, 999, 2;
1, 256, 1, 1, 1, 1, 6, 1001, 4;
1, 256, 1, 1, 1, 1, 6, 1000, 4;
1, 256, 0, -1, -1, -1, 4, 999, 2;
1, 256, 0, 0, 0, 0, 4, 999, 2;
1, 256, 0, -1, -1, -1, 4, 999, 2;
1, 256, 0, 0, 0, 0, 4, 999, 2;
1, 256, 0, 1, 1, 1, 5, 1000, 3;
1, 256, 0, 0, 0, 0, 5, 1000, 3;
1, 256, 0, 0, 0, 0, 5, 1000, 3;
1, 256, 1, 1, 1, 1, 6, 1001, 4;
1, 256, 0, 0, 0, 0, 5, 1000, 3;
1, 256, 0, 0, 0, 0, 5, 1000, 3;
1, 256, 0, -1, -1, -1, 4, 999, 2;
1, 256, 0, 0, 0, 0, 5, 1000, 3;
1, 256, 1, 1, 1, 1, 6, 1001, 4;
1, 256, 0, -1, -1, -1, 4, 999, 2;
1, 256, 0, -1, -1, -1, 3, 998, 1;
1, 256, 0, 0, 0, 0, 4, 999, 2;
1, 256, 0, 0, 0, 0, 5, 1000, 3;
1, 256, 0, 0, 0, 0, 5, 1000, 3;
1, 256, 0, 0, 0, 0, 4, 999, 2;
1, 256, 0, 1, 1, 1, 5, 1000, 3;
1, 256, 0, 0, 0, 0, 4, 999, 2;
1, 256, 0, 0, 0, 0, 5, 1000, 3;
1, 256, 0, 0, 0, 0, 5, 1000, 3;
1, 256, 0, 0, 0, 0, 4, 999, 2;
1, 256, 0, 0, 0, 0, 4, 999, 2;
1, 256, 0, 0, 0, 0, 5, 1000, 3;
1, 256, 0, -1, -1, -1, 4, 998, 1;
1, 256, 0, 1, 1, 1, 5, 1000, 3;
1, 256, 1, 1, 1, 1, 6, 1000, 4;
1, 256, 1, 1, 1, 1, 5, 1000, 3;
1, 256, 1, 1, 1, 1, 6, 1001, 4;
1, 256, 0, 0, 0, 0, 5, 1000, 3;
1, 256, 0, -1, -1, -1, 4, 999, 2;
1, 256, 0, -1, -1, -1, 4, 998, 1;
1, 256, 0, 0, 0, 0, 5, 999, 3;
1, 256, 0, 0, 0, 0, 4, 999, 2;
1, 256, 0, -1, -1, -1, 3, 998, 1;
1, 256, 0, 0, 0, 0, 5, 1000, 3;
1, 256, 0, 0, 0, 0, 4, 999, 2;
1, 256, 0, 0, 0, 0, 5, 999, 3;
1, 256, 0, 0, 0, 0, 4, 999, 2;
1, 256, 1, 1, 1, 1, 6, 1001, 4;
1, 256, 1, 1, 1, 1, 6, 1000, 3;
1, 256, 0, -1, -1, -1, 4, 999, 2;
1, 256, 1, 1, 1, 1, 6, 1001, 4;
1, 256, 0, -1, -1, -1, 4, 999, 2;
1, 256, 0, 1, 1, 1, 5, 1000, 3;
1, 256, 1, 1, 1, 1, 6, 1001, 4;
1, 256, 0, 0, 0, 0, 5, 999, 3;
1, 256, 0, 0, 0, 0, 5, 1000, 3;
1, 256, 0, 0, 0, 0, 5, 1000, 3;
1, 256, 0, 0, 0, 0, 4, 999, 2;
1, 256, 0, 0, 0, 0, 4, 999, 2;
1, 256, 0, 0, 0, 0, 4, 999, 2;
1, 256, 0, 0, 0, 0, 5, 1000, 3;
1, 256, 0, -1, -1, -1, 4, 999, 2;
1, 256, 0, 0, 0, 0, 4, 999, 2;
1, 256, 0, 0, 0, 0, 4, 999, 2;
1, 256, 0, 1, 1, 1, 5, 1000, 3;
1, 256, 1, 1, 1, 1, 6, 1000, 3;
1, 256, 0, -1, -1, -1, 3, 998, 1;
1, 256, 1, 1, 1, 1, 6, 1001, 4;
1, 256, 0, -1, -1, -1, 3, 998, 1;
1, 256, 0, 0, 0, 0, 5, 1000, 3;
1, 256, 1, 1, 1, 1, 5, 1000, 3;
1, 256, 0, 0, 0, 0, 4, 999, 2;
1, 256, 0, 0, 0, 0, 4, 999, 2;
1, 256, 0, 0, 0, 0, 4, 999, 2;
1, 256, 0, 0, 0, 0, 4, 999, 2;
1, 256, 0, 0, 0, 0, 5, 999, 3;
1, 256, 1, 1, 1, 1, 6, 1001, 4;
1, 256, 0, -1, -1, -1, 3, 998, 1;
1, 256, 0, 0, 0, 0, 4, 999, 2;
1, 256, 0, 0, 0, 0, 5, 1000, 3;
1, 256, 0, -1, -1, -1, 4, 999, 2;
1, 256, 0, 0, 0, 0, 5, 1000, 3;
1, 256, 0, 0, 0, 0, 5, 1000, 3;
1, 256, 0, 1, 1, 1, 5, 1000, 3;
1, 256, 1, 1, 1, 1, 5, 1000, 3;
1, 256, 1, 1, 1, 1, 6, 1000, 4;
1, 256, 0, 0, 0, 0, 4, 999, 2;
1, 256, 0, -1, -1, -1, 4, 998, 2;
1, 256, 0, 0, 0, 0, 4, 999, 2;
1, 256, 0, 0, 0, 0, 4, 999, 2;
1, 256, 0, -1, -1, -1, 4, 999, 2;
1, 256, 0, 0, 0, 0, 4, 999, 2;
1, 256, 0, 0, 0, 0, 5, 999, 3;
1, 256, 0, -1, -1, -1, 4, 999, 2;
1, 256, 0, -1, -1, -1, 4, 999, 2;
1, 256, 1, 1, 1, 1, 5, 1000, 3;
1, 256, 0, 0, 0, 0, 5, 1000, 3;
1, 256, 0, -1, -1, -1, 4, 999, 2;
1, 256, 0, 0, 0, 0, 5, 1000, 3;
1, 256, 0, 0, 0, 0, 5, 1000, 3;
1, 256, 0, -1, -1, -1, 3, 998, 1;
1, 256, 0, 1, 1, 1, 5, 1000, 3;
1, 256, 0, 0, 0, 0, 4, 999, 2;
1, 256, 1, 1, 1, 1, 6, 1001, 4;
1, 256, 0, -1, -1, -1, 4, 999, 2;
1, 256, 1, 1, 1, 1, 6, 1001, 4;
1, 256, 0, 0, 0, 0, 5, 1000, 3;
1, 256, 0, 0, 0, 0, 5, 999, 2;
1, 256, 0, 0, 0, 0, 5, 1000, 3;
1, 256, 0, 0, 0, 0, 5, 1000, 3;
1, 256, 0, 0, 0, 0, 5, 999, 3;
1, 256, 0, 0, 0, 0, 4, 999, 2;
1, 256, 0, -1, -1, -1, 3, 998, 1;
1, 256, 1, 1, 1, 1, 6, 1000, 3;
1, 256, 0, -1, -1, -1, 4, 999, 2;
1, 256, 0, 0, 0, 0, 4, 999, 2;
1, 256, 0, -1, -1, -1, 4, 999, 2;
1, 256, 0, -1, -1, -1, 4, 998, 2;
1, 256, 0, 0, 0, 0, 5, 1000, 3;
1, 256, 0, -1, -1, -1, 3, 998, 1;
1, 256, 0, -1, -1, -1, 3, 998, 1;
1, 256, 0, -1, -1, -1, 3, 998, 1;
1, 256, 1, 1, 1, 1, 5, 1000, 3;
1, 256, 0, 0, 0, 0, 5, 1000, 3;
1, 256, 1, 1, 1, 1, 6, 1001, 4;
1, 256, 0, 0, 0, 0, 4, 999, 2;
1, 256, 0, 0, 0, 0, 5, 1000, 3;
1, 256, 0, -1, -1, -1, 4, 998, 2;
1, 256, 1, 1, 1, 1, 6, 1001, 4;
1, 256, 0, 0, 0, 0, 4, 999, 2;
1, 256, 0, 0, 0, 0, 4, 999, 2;
1, 256, 0, 0, 0, 0, 5, 1000, 3;
1, 256, 1, 1, 1, 1, 6, 1001, 4;
1, 256, 0, 0, 0, 0, 5, 999, 2;
1, 256, 1, 1, 1, 1, 6, 1001, 4;
1, 256, 0, 0, 0, 0, 5, 1000, 3;
1, 256, 0, -1, -1, -1, 3, 998, 1;
1, 256, 0, -1, -1, -1, 4, 999, 2;
1, 256, 0, 1, 1, 1, 5, 1000, 3;
1, 256, 0, -1, -1, -1, 4, 999, 2;
1, 256, 0, 0, 0, 0, 5, 1000, 3;
1, 256, 0, 0, 0, 0, 4, 999, 2;
1, 256, 0, 1, 1, 1, 5, 1000, 3;
1, 256, 0, 0, 0, 0, 4, 999, 2;
1, 256, 0, 0, 0, 0, 5, 1000, 3;
1, 256, 0, 0, 0, 0, 5, 1000, 3;
1, 256, 1, 1, 1, 1, 6, 1000, 4;
1, 256, 0, 0, 0, 0, 4, 999, 2;
1, 256, 0, 0, 0, 0, 5, 1000, 3;
1, 256, 0, -1, -1, -1, 4, 999, 2;
1, 256, 0, 0, 0, 0, 5, 1000, 3;
1, 256, 0, 0, 0, 0, 5, 1000, 3;
1, 256, 0, 0, 0, 0, 4, 999, 2;
1, 256, 0, 1, 1, 1, 5, 1000, 3;
1, 256, 1, 1, 1, 1, 5, 1000, 3;
1, 256, 0, 0, 0, 0, 4, 999, 2;
1, 256, 0, 1, 1, 1, 5, 1000, 3;
1, 256, 0, -1, -1, -1, 3, 998, 1;
1, 256, 0, 0, 0, 0, 5, 1000, 3;
1, 256, 0, 0, 0, 0, 4, 999, 2;
1, 256, 0, -1, -1, -1, 4, 999, 2;
1, 256, 0, 0, 0, 0, 5, 1000, 3;
1, 256, 0, 0, 0, 0, 4, 999, 2;
1, 256, 0, 0, 0, 0, 5, 1000, 3;
1, 256, 1, 1, 1, 1, 6, 1000, 4;
1, 256, 0, 1, 1, 1, 5, 1000, 3;
1, 256, 0, 1, 1, 1, 5, 1000, 3;
1, 256, 0, -1, -1, -1, 3, 998, 1;
1, 256, 0, 0, 0, 0, 4, 999, 2;
1, 256, 0, 0, 0, 0, 5, 1000, 3;
1, 256, 0, 0, 0, 0, 5, 1000, 3;
1, 256, 0, -1, -1, -1, 4, 998, 2;
1, 256, 1, 1, 1, 1, 6, 1000, 4;
1, 256, 0, -1, -1, -1, 4, 998, 2;
1, 256, 0, 0, 0, 0, 5, 1000, 3;
1, 256, 0, 0, 0, 0, 5, 1000, 3;
1, 256, 0, 0, 0, 0, 5, 999, 2;
1, 256, 0, 0, 0, 0, 5, 1000, 3;
1, 256, 1, 1, 1, 1, 6, 1001, 4;
1, 256, 0, -1, -1, -1, 4, 999, 2;
1, 256, 0, 0, 0, 0, 5, 1000, 3;
1, 256, 0, 0, 0, 0, 4, 999, 2;
1, 256, 0, 0, 0, 0, 4, 999, 2;
1, 256, 0, 0, 0, 0, 5, 1000, 3;
1, 256, 0, 0, 0, 0, 5, 1000, 3;
1, 256, 0, -1, -1, -1, 3, 998, 1;
1, 256, 0, 0, 0, 0, 5, 999, 3;
1, 256, 0, -1, -1, -1, 4, 999, 2;
1, 256, 0, 0, 0, 0, 5, 1000, 3;
1, 256, 0, 1, 1, 1, 5, 1000, 3;
1, 256, 0, 0, 0, 0, 5, 1000, 3;
1, 256, 0, 0, 0, 0, 4, 999, 2;
1, 256, 0, 1, 1, 1, 5, 1000, 3;
1, 256, 0, 1, 1, 1, 5, 1000, 3;
1, 256, 0, 1, 1, 1, 5, 1000, 3;
1, 256, 0, -1, -1, -1, 4, 999, 2;
1, 256, 0, -1, -1, -1, 4, 999, 2;
1, 256, 0, -1, -1, -1, 4, 998, 2;
1, 256, 1, 1, 1, 1, 6, 1001, 4;
1, 256, 0, -1, -1, -1, 4, 999, 2;
1, 256, 0, -1, -1, -1, 4, 998, 2;
1, 256, 0, 1, 1, 1, 5, 1000, 3;
1, 256, 1, 1, 1, 1, 5, 1000, 3;
1, 256, 0, 1, 1, 1, 5, 1000, 3;
1, 256, 0, -1, -1, -1, 4, 999, 2;
1, 256, 0, 0, 0, 0, 5, 1000, 3;
1, 256, 1, 1, 1, 1, 6, 1001, 4;
1, 256, 0, 0, 0, 0, 5, 999, 2;
1, 256, 0, -1, -1, -1, 4, 998, 2;
1, 256, 0, -1, -1, -1, 4, 998, 1;
1, 256, 0, -1, -1, -1, 4, 999, 2;
1, 256, 0, 0, 0, 0, 4, 999, 2;
1, 256, 1, 1, 1, 1, 6, 1000, 4;
1, 256, 0, 0, 0, 0, 5, 1000, 3;
1, 256, 0, -1, -1, -1, 4, 999, 2;
1, 256, 1, 1, 1, 1, 6, 1001, 4;
1, 256, 0, -1, -1, -1, 4, 998, 2;
1, 256, 0, 0, 0, 0, 4, 999, 2;
1, 256, 0, -1, -1, -1, 4, 999, 2;
1, 256, 1, 1, 1, 1, 6, 1001, 4;
1, 256, 0, 0, 0, 0, 4, 999, 2;
1, 256, 1, 1, 1, 1, 6, 1001, 4;
1, 256, 0, 0, 0, 0, 4, 999, 2;
1, 256, 0, 0, 0, 0, 5, 1000, 3;
1, 256, 0, 0, 0, 0, 5, 1000, 3;
0, 256, 0, -1, -1, -1, 3, 998, 1;
1, 256, 1, 1, 1, 1, 6, 1001, 4;
1, 256, 0, 1, 1, 1, 5, 1000, 3;
1, 256, 0, -1, -1, -1, 4, 998, 2;
1, 256, 1, 1, 1, 1, 6, 1001, 4;
1, 256, 0, -1, -1, -1, 3, 998, 1;
1, 256, 0, 0, 0, 0, 4, 999, 2;
1, 256, 0, 0, 0, 0, 4, 999, 2;
1, 256, 1, 1, 1, 1, 6, 1001, 4;
1, 256, 0, -1, -1, -1, 4, 999, 2;
1, 256, 0, -1, -1, -1, 4, 998, 2;
1, 256, 0, 0, 0, 0, 5, 999, 2;
1, 256, 0, 0, 0, 0, 4, 999, 2;
1, 256, 0, -1, -1, -1, 4, 998, 1;
1, 256, 1, 1, 1, 1, 6, 1000, 3;
1, 256, 0, 0, 0, 0, 4, 999, 2;
1, 256, 1, 1, 1, 1, 5, 1000, 3;
1, 256, 0, -1, -1, -1, 4, 999, 2;
1, 256, 0, -1, -1, -1, 4, 999, 2;
1, 256, 0, 1, 1, 1, 5, 1000, 3;
1, 256, 0, 0, 0, 0, 4, 999, 2;
1, 256, 0, 0, 0, 0, 4, 999, 2;
1, 256, 0, -1, -1, -1, 3, 998, 1;
1, 256, 0, 0, 0, 0, 4, 999, 2;
1, 256, 0, 0, 0, 0, 4, 999, 2;
1, 256, 0, -1, -1, -1, 4, 999, 2;
1, 256, 1, 1, 1, 1, 6, 1001, 4;
1, 256, 0, 0, 0, 0, 4, 999, 2;
1, 256, 0, 1, 1, 1, 5, 1000, 3;
1, 256, 0, 1, 1, 1, 5, 1000, 3;
1, 256, 0, 0, 0, 0, 5, 1000, 3;
1, 256, 0, 0, 0, 0, 5, 1000, 3;
1, 256, 0, -1, -1, -1, 3, 998, 1;
1, 256, 0, -1, -1, -1, 3, 998, 1;
1, 256, 0, 0, 0, 0, 5, 1000, 3;
1, 256, 0, 0, 0, 0, 5, 1000, 3;
1, 256, 0, -1, -1, -1, 4, 998, 2;
1, 256, 1, 1, 1, 1, 6, 1001, 4;
1, 256, 0, 0, 0, 0, 4, 999, 2;
1, 256, 1, 1, 1, 1, 6, 1001, 4;
1, 256, 0, 0, 0, 0, 5, 1000, 3;
1, 256, 0, 0, 0, 0, 5, 1000, 3;
1, 256, 1, 1, 1, 1, 5, 1000, 3;
1, 256, 1, 1, 1, 1, 6, 1000, 4;
0, 256, 0, -1, -1, -1, 3, 998, 1;
1, 256, 0, 0, 0, 0, 4, 999, 2;
1, 256, 0, 1, 1, 1, 5, 1000, 3;
1, 256, 1, 1, 1, 1, 6, 1001, 4;
1, 256, 0, 0, 0, 0, 5, 1000, 3;
1, 256, 0, 0, 0, 0, 4, 999, 2;
1, 256, 0, 0, 0, 0, 4, 999, 2;
1, 256, 1, 1, 1, 1, 6, 1000, 4;
1, 256, 0, -1, -1, -1, 3, 998, 1;
1, 256, 0, 0, 0, 0, 5, 1000, 3;
1, 256, 0, 0, 0, 0, 4, 999, 2;
1, 256, 0, -1, -1, -1, 4, 999, 2;
1, 256, 0, 0, 0, 0, 5, 1000, 3;
1, 256, 0, 0, 0, 0, 4, 999, 2;
1, 256, 0, -1, -1, -1, 4, 999, 2;
1, 256, 1, 1, 1, 1, 6, 1001, 4;
1, 256, 0, 0, 0, 0, 5, 1000, 3;
1, 256, 0, -1, -1, -1, 3, 998, 1;
1, 256, 0, 0, 0, 0, 4, 999, 2;
1, 256, 0, -1, -1, -1, 4, 998, 2;
1, 256, 0, -1, -1, -1, 3, 998, 1;
1, 256, 0, -1, -1, -1, 4, 998, 1;
1, 256, 0, 1, 1, 1, 5, 1000, 3;
1, 256, 0, 1, 1, 1, 5, 1000, 3;
1, 256, 0, 0, 0, 0, 4, 999, 2;
1, 256, 0, -1, -1, -1, 4, 999, 2;
1, 256, 1, 1, 1, 1, 5, 1000, 3;
1, 256, 0, -1, -1, -1, 4, 999, 2;
1, 256, 0, 0, 0, 0, 4, 999, 2;
1, 256, 0, 0, 0, 0, 4, 999, 2;
1, 256, 0, 0, 0, 0, 4, 999, 2;
1, 256, 0, 1, 1, 1, 5, 1000, 3;
1, 256, 0, 0, 0, 0, 4, 999, 2;
1, 256, 0, 0, 0, 0, 5, 1000, 3;
1, 256, 0, 0, 0, 0, 4, 999, 2;
1, 256, 0, 0, 0, 0, 5, 1000, 3;
1, 256, 0, 0, 0, 0, 5, 1000, 3;
1, 256, 1, 1, 1, 1, 6, 1001, 4;
1, 256, 0, 0, 0, 0, 5, 1000, 3;
1, 256, 0, 0, 0, 0, 4, 999, 2;
1, 256, 1, 1, 1, 1, 6, 1000, 4;
1, 256, 0, -1, -1, -1, 3, 998, 1;
1, 256, 1, 1, 1, 1, 6, 1001, 4;
1, 256, 0, 0, 0, 0, 4, 999, 2;
1, 256, 0, -1, -1, -1, 3, 998, 1;
1, 256, 0, 1, 1, 1, 5, 1000, 3;
1, 256, 1, 1, 1, 1, 6, 1001, 4;
1, 256, 0, 1, 1, 1, 5, 1000, 3;
1, 256, 0, -1, -1, -1, 4, 999, 2;
1, 256, 0, 0, 0, 0, 4, 999, 2;
1, 256, 0, 0, 0, 0, 4, 999, 2;
1, 256, 1, 1, 1, 1, 6, 1000, 4;
1, 256, 0, 0, 0, 0, 5, 1000, 3;
1, 256, 0, -1, -1, -1, 4, 999, 2;
1, 256, 0, 0, 0, 0, 4, 999, 2;
1, 256, 0, 0, 0, 0, 4, 999, 2;
1, 256, 0, 0, 0, 0, 5, 1000, 3;
1, 256, 0, 0, 0, 0, 5, 1000, 3;
1, 256, 1, 1, 1, 1, 6, 1001, 4;
1, 256, 0, -1, -1, -1, 4, 999, 2;
1, 256, 0, 1, 1, 1, 5, 1000, 3;
1, 256, 0, 1, 1, 1, 5, 1000, 3;
1, 256, 0, 1, 1, 1, 5, 1000, 3;
1, 256, 0, 0, 0, 0, 4, 999, 2;
1, 256, 0, -1, -1, -1, 3, 998, 1;
1, 256, 1, 1, 1, 1, 6, 1000, 4;
1, 256, 0, 1, 1, 1, 5, 1000, 3;
1, 256, 1, 1, 1, 1, 6, 1000, 3;
1, 256, 0, -1, -1, -1, 4, 998, 2;
1, 256, 0, 0, 0, 0, 4, 999, 2;
1, 256, 0, 0, 0, 0, 4, 999, 2;
1, 256, 0, 0, 0, 0, 5, 1000, 3;
1, 256, 1, 1, 1, 1, 6, 1001, 4;
1, 256, 0, 0, 0, 0, 4, 999, 2;
1, 256, 0, 0, 0, 0, 5, 1000, 3;
1, 256, 0, 0, 0, 0, 4, 999, 2;
1, 256, 0, 1, 1, 1, 5, 1000, 3;
1, 256, 0, 0, 0, 0, 4, 999, 2;
1, 256, 0, 0, 0, 0, 5, 1000, 3;
1, 256, 1, 1, 1, 1, 6, 1000, 4;
1, 256, 0, 0, 0, 0, 5, 1000, 3;
1, 256, 0, 0, 0, 0, 4, 999, 2;
1, 256, 0, 0, 0, 0, 4, 999, 2;
1, 256, 0, 0, 0, 0, 4, 999, 2;
1, 256, 0, -1, -1, -1, 4, 998, 1;
1, 256, 0, 1, 1, 1, 5, 1000, 3;
1, 256, 0, -1, -1, -1, 4, 999, 2;
1, 256, 0, 0, 0, 0, 4, 999, 2;
1, 256, 0, 0, 0, 0, 5, 1000, 3;
1, 256, 0, 0, 0, 0, 5, 999, 3;
1, 256, 1, 1, 1, 1, 5, 1000, 3;
1, 256, 0, 0, 0, 0, 4, 999, 2;
1, 256, 0, 0, 0, 0, 5, 999, 3;
1, 256, 0, 0, 0, 0, 5, 1000, 3;
1, 256, 1, 1, 1, 1, 6, 1001, 4;
1, 256, 1, 1, 1, 1, 6, 1001, 4;
1, 256, 0, 0, 0, 0, 5, 1000, 3;
1, 256, 1, 1, 1, 1, 5, 1000, 3;
1, 256, 1, 1, 1, 1, 6, 1001, 4;
1, 256, 0, 0, 0, 0, 4, 999, 2;
1, 256, 0, -1, -1, -1, 4, 999, 2;
1, 256, 0, 1, 1, 1, 5, 1000, 3;
1, 256, 0, 0, 0, 0, 4, 999, 2;
1, 256, 0, 0, 0, 0, 4, 999, 2;
1, 256, 0, 0, 0, 0, 4, 999, 2;
1, 256, 0, 0, 0, 0, 4, 999, 2;
1, 256, 0, -1, -1, -1, 4, 999, 2;
1, 256, 0, -1, -1, -1, 4, 999, 2;
1, 256, 0, -1, -1, -1, 4, 999, 2;
1, 256, 0, -1, -1, -1, 4, 999, 2;
1, 256, 0, 0, 0, 0, 5, 1000, 3;
1, 256, 0, -1, -1, -1, 3, 998, 1;
1, 256, 0, -1, -1, -1, 4, 999, 2;
1, 256, 1, 1, 1, 1, 6, 1000, 4;
1, 256, 0, 0, 0, 0, 4, 999, 2;
1, 256, 1, 1, 1, 1, 6, 1001, 4;
1, 256, 1, 1, 1, 1, 5, 1000, 3;
1, 256, 0, 0, 0, 0, 5, 1000, 3;
1, 256, 1, 1, 1, 1, 5, 1000, 3;
1, 256, 0, -1, -1, -1, 4, 999, 2;
1, 256, 1, 1, 1, 1, 6, 1000, 3;
1, 256, 0, 0, 0, 0, 4, 999, 2;
1, 256, 0, 0, 0, 0, 4, 999, 2;
1, 256, 0, 1, 1, 1, 5, 1000, 3;
1, 256, 0, -1, -1, -1, 4, 999, 2;
1, 256, 0, 0, 0, 0, 5, 1000, 3;
1, 256, 1, 1, 1, 1, 5, 1000, 3;
1, 256, 1, 1, 1, 1, 5, 1000, 3;
1, 256, 0, 0, 0, 0, 5, 1000, 3;
1, 256, 0, 0, 0, 0, 4, 999, 2;
1, 256, 0, 1, 1, 1, 5, 1000, 3;
1, 256, 0, 0, 0, 0, 5, 1000, 3;
1, 256, 1, 1, 1, 1, 6, 1001, 4;
1, 256, 0, 0, 0, 0, 4, 999, 2;
1, 256, 0, 0, 0, 0, 4, 999, 2;
1, 256, 0, 0, 0, 0, 4, 999, 2;
1, 256, 0, 0, 0, 0, 4, 999, 2;
0, 256, 0, -1, -1, -1, 3, 998, 1;
1, 256, 0, 0, 0, 0, 5, 999, 3;
1, 256, 0, 0, 0, 0, 4, 999, 2;
1, 256, 0, -1, -1, -1, 4, 999, 2;
1, 256, 0, 0, 0, 0, 4, 999, 2;
1, 256, 1, 1, 1, 1, 6, 1001, 4;
1, 256, 0, 1, 1, 1, 5, 1000, 3;
1, 256, 0, 0, 0, 0, 5, 999, 2;
1, 256, 0, 0, 0, 0, 4, 999, 2;
1, 256, 0, 0, 0, 0, 5, 1000, 3;
1, 256, 0, 0, 0, 0, 5, 999, 3;
1, 256, 0, 0, 0, 0, 4, 999, 2;
1, 256, 0, -1, -1, -1, 4, 999, 2;
1, 256, 1, 1, 1, 1, 6, 1000, 3;
1, 256, 0, 0, 0, 0, 4, 999, 2;
1, 256, 0, 0, 0, 0, 5, 1000, 3;
1, 256, 0, 0, 0, 0, 4, 999, 2;
1, 256, 1, 1, 1, 1, 5, 1000, 3;
1, 256, 0, 1, 1, 1, 5, 1000, 3;
1, 256, 0, 0, 0, 0, 5, 1000, 3;
1, 256, 0, 0, 0, 0, 4, 999, 2;
1, 256, 0, -1, -1, -1, 4, 999, 2;
1, 256, 0, 0, 0, 0, 5, 1000, 3;
1, 256, 0, 0, 0, 0, 4, 999, 2;
1, 256, 0, -1, -1, -1, 3, 998, 1;
1, 256, 1, 1, 1, 1, 6, 1000, 3;
1, 256, 0, 0, 0, 0, 4, 999, 2;
1, 256, 0, 0, 0, 0, 4, 999, 2;
1, 256, 0, 0, 0, 0, 5, 999, 3;
1, 256, 0, 0, 0, 0, 5, 1000, 3;
1, 256, 0, 0, 0, 0, 5, 1000, 3;
1, 256, 1, 1, 1, 1, 6, 1001, 4;
1, 256, 0, -1, -1, -1, 3, 998, 1;
1, 256, 0, 0, 0, 0, 5, 1000, 3;
1, 256, 1, 1, 1, 1, 5, 1000, 3;
1, 256, 0, 0, 0, 0, 5, 1000, 3;
1, 256, 0, 0, 0, 0, 5, 1000, 3;
1, 256, 0, 0, 0, 0, 4, 999, 2;
1, 256, 1, 1, 1, 1, 5, 1000, 3;
1, 256, 0, -1, -1, -1, 4, 999, 2;
1, 256, 0, 1, 1, 1, 5, 1000, 3;
1, 256, 0, 0, 0, 0, 4, 999, 2;
1, 256, 0, 0, 0, 0, 5, 1000, 3;
1, 256, 0, 1, 1, 1, 5, 1000, 3;
1, 256, 0, -1, -1, -1, 3, 998, 1;
1, 256, 1, 1, 1, 1, 6, 1001, 4;
1, 256, 1, 1, 1, 1, 5, 1000, 3;
1, 256, 0, -1, -1, -1, 4, 998, 2;
1, 256, 0, 0, 0, 0, 5, 1000, 3;
1, 256, 0, -1, -1, -1, 4, 998, 1;
1, 256, 0, 0, 0, 0, 4, 999, 2;
1, 256, 0, -1, -1, -1, 4, 999, 2;
1, 256, 1, 1, 1, 1, 6, 1001, 4;
0, 256, 0, -1, -1, -1, 3, 998, 1;
1, 256, 0, 1, 1, 1, 5, 1000, 3;
1, 256, 0, 0, 0, 0, 5, 1000, 3;
1, 256, 0, 0, 0, 0, 4, 999, 2;
1, 256, 0, 0, 0, 0, 5, 1000, 3;
1, 256, 0, -1, -1, -1, 4, 999, 2;
1, 256, 1, 1, 1, 1, 6, 1001, 4;
1, 256, 0, 0, 0, 0, 5, 1000, 3;
1, 256, 0, 0, 0, 0, 4, 999, 2;
1, 256, 0, -1, -1, -1, 4, 999, 2;
1, 256, 0, 0, 0, 0, 5, 1000, 3;
1, 256, 0, 0, 0, 0, 4, 999, 2;
1, 256, 0, 0, 0, 0, 5, 1000, 3;
1, 256, 0, 1, 1, 1, 5, 1000, 3;
1, 256, 1, 1, 1, 1, 6, 1001, 4;
1, 256, 0, 0, 0, 0, 4, 999, 2;
1, 256, 0, 0, 0, 0, 5, 1000, 3;
1, 256, 0, -1, -1, -1, 4, 999, 2;
1, 256, 0, 0, 0, 0, 4, 999, 2;
1, 256, 0, -1, -1, -1, 4, 999, 2;
1, 256, 0, -1, -1, -1, 4, 998, 2;
1, 256, 0, 0, 0, 0, 4, 999, 2;
1, 256, 0, 0, 0, 0, 5, 1000, 3;
1, 256, 0, 1, 1, 1, 5, 1000, 3;
1, 256, 0, 1, 1, 1, 5, 1000, 3;
1, 256, 0, 1, 1, 1, 5, 1000, 3;
1, 256, 1, 1, 1, 1, 5, 1000, 3;
1, 256, 1, 1, 1, 1, 6, 1000, 3;
1, 256, 1, 1, 1, 1, 5, 1000, 3;
1, 256, 1, 1, 1, 1, 6, 1001, 4;
1, 256, 0, 0, 0, 0, 4, 999, 2;
1, 256, 0, 0, 0, 0, 5, 999, 2;
1, 256, 0, 0, 0, 0, 5, 1000, 3;
1, 256, 0, 0, 0, 0, 4, 999, 2;
1, 256, 0, -1, -1, -1, 4, 999, 2;
1, 256, 0, 0, 0, 0, 4, 999, 2;
1, 256, 0, -1, -1, -1, 4, 999, 2;
1, 256, 0, 1, 1, 1, 5, 1000, 3;
1, 256, 0, 0, 0, 0, 5, 999, 2;
1, 256, 0, 0, 0, 0, 4, 999, 2;
1, 256, 0, 1, 1, 1, 5, 1000, 3;
1, 256, 0, 0, 0, 0, 5, 1000, 3;
1, 256, 0, 0, 0, 0, 5, 1000, 3;
1, 256, 0, 0, 0, 0, 5, 1000, 3;
1, 256, 1, 1, 1, 1, 6, 1000, 4;
1, 256, 0, -1, -1, -1, 4, 999, 2;
1, 256, 0, 0, 0, 0, 5, 1000, 3;
1, 256, 0, 0, 0, 0, 4, 999, 2;
1, 256, 0, 0, 0, 0, 4, 999, 2;
1, 256, 0, -1, -1, -1, 4, 999, 2;
1, 256, 0, 0, 0, 0, 5, 1000, 3;
1, 256, 0, 0, 0, 0, 4, 999, 2;
1, 256, 0, 0, 0, 0, 4, 999, 2;
1, 256, 0, 0, 0, 0, 5, 1000, 3;
1, 256, 0, 0, 0, 0, 5, 1000, 3;
1, 256, 0, -1, -1, -1, 4, 999, 2;
1, 256, 0, 0, 0, 0, 5, 1000, 3;
1, 256, 0, -1, -1, -1, 4, 999, 2;
1, 256, 0, 0, 0, 0, 4, 999, 2;
0, 256, 0, -1, -1, -1, 3, 998, 1;
1, 256, 0, -1, -1, -1, 4, 999, 2;
1, 256, 0, -1, -1, -1, 4, 999, 2;
1, 256, 0, 0, 0, 0, 5, 1000, 3;
1, 256, 0, -1, -1, -1, 4, 998, 2;
1, 256, 0, 0, 0, 0, 5, 1000, 3;
1, 256, 0, 0, 0, 0, 5, 1000, 3;
1, 256, 0, 1, 1, 1, 5, 1000, 3;
1, 256, 1, 1, 1, 1, 6, 1001, 4;
1, 256, 0, -1, -1, -1, 4, 999, 2;
1, 256, 0, -1, -1, -1, 4, 999, 2;
1, 256, 0, 0, 0, 0, 4, 999, 2;
1, 256, 0, -1, -1, -1, 3, 998, 1;
1, 256, 0, -1, -1, -1, 4, 998, 2;
1, 256, 0, -1, -1, -1, 4, 999, 2;
1, 256, 0, 0, 0, 0, 5, 1000, 3;
1, 256, 1, 1, 1, 1, 6, 1000, 3;
1, 256, 0, 1, 1, 1, 5, 1000, 3;
1, 256, 0, 0, 0, 0, 4, 999, 2;
1, 256, 0, 0, 0, 0, 4, 999, 2;
1, 256, 0, -1, -1, -1, 4, 998, 1;
1, 256, 1, 1, 1, 1, 6, 1000, 3;
1, 256, 1, 1, 1, 1, 6, 1001, 4;
1, 256, 0, 0, 0, 0, 5, 1000, 3;
1, 256, 0, 0, 0, 0, 5, 1000, 3;
1, 256, 0, 0, 0, 0, 4, 999, 2;
1, 256, 0, -1, -1, -1, 4, 998, 2;
1, 256, 0, 0, 0, 0, 4, 999, 2;
1, 256, 0, 1, 1, 1, 5, 1000, 3;
1, 256, 0, 0, 0, 0, 5, 1000, 3;
1, 256, 0, 0, 0, 0, 4, 999, 2;
1, 256, 0, 0, 0, 0, 5, 1000, 3;
1, 256, 0, 0, 0, 0, 4, 999, 2;
1, 256, 1, 1, 1, 1, 6, 1001, 4;
1, 256, 0, -1, -1, -1, 4, 999, 2;
1, 256, 0, 0, 0, 0, 5, 999, 2;
1, 256, 0, -1, -1, -1, 4, 999, 2;
1, 256, 0, 0, 0, 0, 4, 999, 2;
1, 256, 1, 1, 1, 1, 6, 1000, 3;
1, 256, 0, 1, 1, 1, 5, 1000, 3;
1, 256, 0, -1, -1, -1, 4, 998, 2;
1, 256, 0, 0, 0, 0, 4, 999, 2;
1, 256, 1, 1, 1, 1, 6, 1000, 3;
1, 256, 0, 0, 0, 0, 5, 1000, 3;
1, 256, 0, 0, 0, 0, 4, 999, 2;
1, 256, 0, 0, 0, 0, 4, 999, 2;
1, 256, 0, -1, -1, -1, 4, 999, 2;
1, 256, 1, 1, 1, 1, 6, 1001, 4;
1, 256, 0, -1, -1, -1, 4, 999, 2;
1, 256, 1, 1, 1, 1, 6, 1001, 4;
1, 256, 0, 0, 0, 0, 5, 1000, 3;
1, 256, 0, 1, 1, 1, 5, 1000, 3;
1, 256, 0, 0, 0, 0, 5, 1000, 3;
1, 256, 0, 0, 0, 0, 4, 999, 2;
1, 256, 0, 0, 0, 0, 4, 999, 2;
1, 256, 0, -1, -1, -1, 4, 999, 2;
1, 256, 0, -1, -1, -1, 3, 998, 1;
1, 256, 0, 0, 0, 0, 5, 999, 3;
1, 256, 0, -1, -1, -1, 4, 999, 2;
1, 256, 1, 1, 1, 1, 6, 1001, 4;
1, 256, 1, 1, 1, 1, 6, 1001, 4;
1, 256, 0, -1, -1, -1, 4, 999, 2;
1, 256, 0, 0, 0, 0, 4, 999, 2;
1, 256, 0, 0, 0, 0, 5, 1000, 3;
1, 256, 0, 1, 1, 1, 5, 1000, 3;
1, 256, 0, 0, 0, 0, 4, 999, 2;
1, 256, 0, 0, 0, 0, 5, 1000, 3;
1, 256, 0, 0, 0, 0, 4, 999, 2;
1, 256, 0, 0, 0, 0, 5, 1000, 3;
1, 256, 0, -1, -1, -1, 4, 999, 2;
1, 256, 0, 0, 0, 0, 5, 1000, 3;
1, 256, 0, 0, 0, 0, 4, 999, 2;
1, 256, 0, 0, 0, 0, 5, 1000, 3;
1, 256, 0, 0, 0, 0, 4, 999, 2;
1, 256, 0, 0, 0, 0, 4, 999, 2;
1, 256, 0, 0, 0, 0, 4, 999, 2;
1, 256, 0, 0, 0, 0, 5, 1000, 3;
1, 256, 0, 0, 0, 0, 5, 1000, 3;
1, 256, 0, 0, 0, 0, 5, 1000, 3;
1, 256, 0, -1, -1, -1, 4, 998, 2;
1, 256, 0, 0, 0, 0, 5, 999, 3;
1, 256, 0, 0, 0, 0, 4, 999, 2;
1, 256, 0, -1, -1, -1, 4, 999, 2;
1, 256, 0, -1, -1, -1, 4, 999, 2;
1, 256, 0, 0, 0, 0, 5, 1000, 3;
1, 256, 1, 1, 1, 1, 6, 1001, 4;
1, 256, 0, 1, 1, 1, 5, 1000, 3;
1, 256, 0, -1, -1, -1, 4, 998, 1;
1, 256, 0, -1, -1, -1, 4, 999, 2;
1, 256, 0, -1, -1, -1, 3, 998, 1;
1, 256, 0, -1, -1, -1, 4, 999, 2;
1, 256, 0, 1, 1, 1, 5, 1000, 3;
1, 256, 0, -1, -1, -1, 4, 998, 1;
1, 256, 0, 0, 0, 0, 5, 999, 3;
1, 256, 0, 0, 0, 0, 4, 999, 2;
1, 256, 1, 1, 1, 1, 6, 1000, 3;
1, 256, 1, 1, 1, 1, 6, 1001, 4;
1, 256, 0, 0, 0, 0, 4, 999, 2;
1, 256, 1, 1, 1, 1, 6, 1000, 4;
1, 256, 0, 0, 0, 0, 5, 1000, 3;
1, 256, 0, 0, 0, 0, 5, 1000, 3;
1, 256, 0, 0, 0, 0, 5, 1000, 3;
1, 256, 0, 0, 0, 0, 5, 1000, 3;
1, 256, 0, 0, 0, 0, 5, 1000, 3;
1, 256, 0, -1, -1, -1, 4, 998, 1;
1, 256, 0, 0, 0, 0, 5, 1000, 3;
1, 256, 0, 0, 0, 0, 4, 999, 2;
1, 256, 0, 1, 1, 1, 5, 1000, 3;
1, 256, 0, 0, 0, 0, 4, 999, 2;
1, 256, 0, 0, 0, 0, 4, 999, 2;
1, 256, 0, 0, 0, 0, 4, 999, 2;
1, 256, 0, 0, 0, 0, 5, 1000, 3;
1, 256, 0, -1, -1, -1, 4, 999, 2;
1, 256, 0, 0, 0, 0, 5, 1000, 3;
1, 256, 0, 0, 0, 0, 5, 1000, 3;
1, 256, 1, 1, 1, 1, 6, 1001, 4;
1, 256, 0, -1, -1, -1, 3, 998, 1;
1, 256, 1, 1, 1, 1, 6, 1000, 4;
1, 256, 0, 0, 0, 0, 4, 999, 2;
1, 256, 0, 0, 0, 0, 4, 999, 2;
1, 256, 0, 0, 0, 0, 4, 999, 2;
1, 256, 0, 0, 0, 0, 4, 999, 2;
1, 256, 0, 0, 0, 0, 5, 1000, 3;
1, 256, 0, 0, 0, 0, 5, 1000, 3;
1, 256, 1, 1, 1, 1, 5, 1000, 3;
1, 256, 0, 0, 0, 0, 4, 999, 2;
1, 256, 0, -1, -1, -1, 4, 998, 2;
1, 256, 0, -1, -1, -1, 4, 999, 2;
1, 256, 0, 0, 0, 0, 4, 999, 2;
1, 256, 0, 0, 0, 0, 5, 1000, 3;
1, 256, 0, 0, 0, 0, 4, 999, 2;
1, 256, 0, 0, 0, 0, 5, 1000, 3;
1, 256, 0, 1, 1, 1, 5, 1000, 3;
1, 256, 0, -1, -1, -1, 4, 999, 2;
1, 256, 0, -1, -1, -1, 4, 999, 2;
1, 256, 0, -1, -1, -1, 3, 998, 1;
1, 256, 0, -1, -1, -1, 4, 999, 2;
1, 256, 0, 0, 0, 0, 4, 999, 2;
1, 256, 0, 0, 0, 0, 5, 999, 2;
1, 256, 1, 1, 1, 1, 6, 1000, 4;
1, 256, 1, 1, 1, 1, 5, 1000, 3;
1, 256, 0, 0, 0, 0, 5, 1000, 3;
1, 256, 0, 0, 0, 0, 5, 999, 2;
1, 256, 0, -1, -1, -1, 3, 998, 1;
1, 256, 0, 0, 0, 0, 5, 1000, 3;
1, 256, 1, 1, 1, 1, 6, 1001, 4;
1, 256, 0, 0, 0, 0, 5, 1000, 3;
1, 256, 0, 0, 0, 0, 4, 999, 2;
1, 256, 0, 0, 0, 0, 5, 1000, 3;
1, 256, 0, 0, 0, 0, 5, 1000, 3;
1, 256, 0, -1, -1, -1, 4, 999, 2;
1, 256, 0, 0, 0, 0, 5, 1000, 3;
1, 256, 0, 0, 0, 0, 4, 999, 2;
1, 256, 1, 1, 1, 1, 6, 1000, 4;
1, 256, 0, 1, 1, 1, 5, 1000, 3;
1, 256, 0, 0, 0, 0, 4, 999, 2;
1, 256, 0, 0, 0, 0, 5, 999, 3;
1, 256, 0, -1, -1, -1, 4, 999, 2;
1, 256, 0, 0, 0, 0, 5, 999, 3;
1, 256, 1, 1, 1, 1, 5, 1000, 3;
1, 256, 1, 1, 1, 1, 6, 1000, 3;
1, 256, 0, 1, 1, 1, 5, 1000, 3;
1, 256, 0, 0, 0, 0, 4, 999, 2;
1, 256, 0, -1, -1, -1, 4, 999, 2;
1, 256, 0, 0, 0, 0, 4, 999, 2;
1, 256, 0, -1, -1, -1, 4, 999, 2;
1, 256, 0, 0, 0, 0, 4, 999, 2;
1, 256, 0, -1, -1, -1, 4, 999, 2;
1, 256, 0, 0, 0, 0, 5, 1000, 3;
1, 256, 0, 0, 0, 0, 5, 1000, 3;
1, 256, 0, 0, 0, 0, 5, 1000, 3;
1, 256, 0, 1, 1, 1, 5, 1000, 3;
1, 256, 1, 1, 1, 1, 6, 1001, 4;
1, 256, 1, 1, 1, 1, 6, 1001, 4;
1, 256, 1, 1, 1, 1, 6, 1001, 4;
1, 256, 0, -1, -1, -1, 3, 998, 1;
1, 256, 0, 0, 0, 0, 5, 1000, 3;
1, 256, 0, -1, -1, -1, 4, 999, 2;
1, 256, 0, -1, -1, -1, 4, 998, 2;
1, 256, 0, 0, 0, 0, 4, 999, 2;
1, 256, 0, 0, 0, 0, 4, 999, 2;
1, 256, 0, 0, 0, 0, 4, 999, 2;
1, 256, 0, -1, -1, -1, 4, 999, 2;
1, 256, 0, -1, -1, -1, 4, 999, 2;
1, 256, 0, 0, 0, 0, 5, 1000, 3;
1, 256, 0, 1, 1, 1, 5, 1000, 3;
1, 256, 0, -1, -1, -1, 4, 998, 2;
1, 256, 0, 0, 0, 0, 4, 999, 2;
1, 256, 0, 1, 1, 1, 5, 1000, 3;
1, 256, 0, 0, 0, 0, 5, 1000, 3;
1, 256, 0, -1, -1, -1, 3, 998, 1;
1, 256, 0, 0, 0, 0, 5, 1000, 3;
1, 256, 0, -1, -1, -1, 4, 999, 2;
1, 256, 0, 0, 0, 0, 5, 1000, 3;
1, 256, 0, -1, -1, -1, 3, 998, 1;
1, 256, 0, -1, -1, -1, 4, 999, 2;
1, 256, 0, 0, 0, 0, 5, 1000, 3;
1, 256, 0, 0, 0, 0, 4, 999, 2;
1, 256, 0, 0, 0, 0, 4, 999, 2;
1, 256, 1, 1, 1, 1, 6, 1000, 4;
1, 256, 0, -1, -1, -1, 3, 998, 1;
1, 256, 0, 1, 1, 1, 5, 1000, 3;
1, 256, 0, 0, 0, 0, 5, 1000, 3;
1, 256, 1, 1, 1, 1, 6, 1000, 3;
1, 256, 1, 1, 1, 1, 6, 1000, 4;
1, 256, 0, 0, 0, 0, 4, 999, 2;
1, 256, 0, 0, 0, 0, 4, 999, 2;
1, 256, 0, 0, 0, 0, 5, 1000, 3;
1, 256, 0, 0, 0, 0, 4, 999, 2;
1, 256, 0, 0, 0, 0, 5, 1000, 3;
1, 256, 1, 1, 1, 1, 6, 1000, 3;
1, 256, 0, 0, 0, 0, 4, 999, 2;
1, 256, 0, 0, 0, 0, 4, 999, 2;
1, 256, 0, 0, 0, 0, 5, 1000, 3;
1, 256, 0, 0, 0, 0, 4, 999, 2;
1, 256, 0, 0, 0, 0, 5, 1000, 3;
1, 256, 0, -1, -1, -1, 4, 999, 2;
1, 256, 1, 1, 1, 1, 6, 1000, 4;
1, 256, 0, 1, 1, 1, 5, 1000, 3;
1, 256, 0, -1, -1, -1, 4, 999, 2;
1, 256, 0, 0, 0, 0, 5, 1000, 3;
1, 256, 0, -1, -1, -1, 4, 999, 2;
1, 256, 0, 0, 0, 0, 5, 1000, 3;
1, 256, 0, 1, 1, 1, 5, 1000, 3;
1, 256, 0, 0, 0, 0, 5, 1000, 3;
1, 256, 0, 0, 0, 0, 5, 999, 3;
1, 256, 0, -1, -1, -1, 4, 998, 2;
1, 256, 1, 1, 1, 1, 5, 1000, 3;
1, 256, 0, 0, 0, 0, 4, 999, 2;
1, 256, 1, 1, 1, 1, 6, 1001, 4;
1, 256, 0, 0, 0, 0, 5, 1000, 3;
1, 256, 0, 0, 0, 0, 5, 1000, 3;
1, 256, 0, 0, 0, 0, 5, 1000, 3;
1, 256, 0, 0, 0, 0, 5, 1000, 3;
1, 256, 0, 0, 0, 0, 5, 1000, 3;
1, 256, 0, 0, 0, 0, 4, 999, 2;
1, 256, 0, 0, 0, 0, 5, 999, 2;
1, 256, 0, 0, 0, 0, 5, 999, 3;
1, 256, 1, 1, 1, 1, 6, 1000, 4;
1, 256, 0, 0, 0, 0, 5, 1000, 3;
1, 256, 0, 0, 0, 0, 5, 999, 3;
1, 256, 0, 0, 0, 0, 4, 999, 2;
1, 256, 0, 0, 0, 0, 4, 999, 2;
1, 256, 0, -1, -1, -1, 4, 999, 2;
1, 256, 0, -1, -1, -1, 4, 999, 2;
1, 256, 0, -1, -1, -1, 4, 998, 1;
1, 256, 0, 0, 0, 0, 4, 999, 2;
1, 256, 0, 0, 0, 0, 5, 1000, 3;
1, 256, 0, 0, 0, 0, 4, 999, 2;
1, 256, 0, 0, 0, 0, 5, 1000, 3;
1, 256, 0, 1, 1, 1, 5, 1000, 3;
1, 256, 0, -1, -1, -1, 4, 998, 2;
1, 256, 0, 0, 0, 0, 5, 1000, 3;
1, 256, 0, 0, 0, 0, 5, 1000, 3;
1, 256, 1, 1, 1, 1, 6, 1001, 4;
1, 256, 1, 1, 1, 1, 6, 1001, 4;
1, 256, 0, 0, 0, 0, 5, 1000, 3;
1, 256, 0, 0, 0, 0, 5, 999, 3;
1, 256, 1, 1, 1, 1, 6, 1001, 4;
1, 256, 0, -1, -1, -1, 3, 998, 1;
1, 256, 0, -1, -1, -1, 4, 999, 2;
1, 256, 1, 1, 1, 1, 6, 1001, 4;
1, 256, 0, 1, 1, 1, 5, 1000, 3;
1, 256, 0, 0, 0, 0, 5, 1000, 3;
1, 256, 0, -1, -1, -1, 4, 999, 2;
1, 256, 1, 1, 1, 1, 6, 1000, 4;
1, 256, 0, 0, 0, 0, 4, 999, 2;
1, 256, 0, 0, 0, 0, 4, 999, 2;
1, 256, 0, 0, 0, 0, 4, 999, 2;
1, 256, 0, 0, 0, 0, 5, 1000, 3;
1, 256, 0, 0, 0, 0, 4, 999, 2;
1, 256, 0, 0, 0, 0, 4, 999, 2;
1, 256, 1, 1, 1, 1, 5, 1000, 3;
1, 256, 0, 0, 0, 0, 4, 999, 2;
1, 256, 0, 0, 0, 0, 4, 999, 2;
1, 256, 0, 0, 0, 0, 5, 1000, 3;
1, 256, 0, 0, 0, 0, 5, 1000, 3;
1, 256, 0, 0, 0, 0, 5, 1000, 3;
1, 256, 0, 0, 0, 0, 5, 1000, 3;
1, 256, 0, -1, -1, -1, 4, 999, 2;
1, 256, 0, -1, -1, -1, 4, 998, 1;
1, 256, 0, -1, -1, -1, 4, 999, 2;
1, 256, 0, -1, -1, -1, 4, 998, 2;
1, 256, 0, 0, 0, 0, 5, 1000, 3;
1, 256, 0, 0, 0, 0, 5, 999, 3;
1, 256, 0, 0, 0, 0, 4, 999, 2;
1, 256, 0, 0, 0, 0, 4, 999, 2;
1, 256, 0, 0, 0, 0, 5, 999, 3;
1, 256, 0, 0, 0, 0, 5, 1000, 3;
1, 256, 0, 1, 1, 1, 5, 1000, 3;
1, 256, 0, 0, 0, 0, 5, 999, 2;
1, 256, 0, 0, 0, 0, 5, 1000, 3;
1, 256, 0, -1, -1, -1, 4, 999, 2;
1, 256, 0, 0, 0, 0, 4, 999, 2;
1, 256, 0, 1, 1, 1, 5, 1000, 3;
0, 256, 0, -1, -1, -1, 3, 998, 1;
1, 256, 0, 0, 0, 0, 5, 1000, 3;
1, 256, 0, 0, 0, 0, 4, 999, 2;
1, 256, 0, 0, 0, 0, 4, 999, 2;
1, 256, 0, -1, -1, -1, 4, 999, 2;
1, 256, 0, 1, 1, 1, 5, 1000, 3;
1, 256, 0, 0, 0, 0, 5, 1000, 3;
1, 256, 0, 0, 0, 0, 4, 999, 2;
1, 256, 0, 0, 0, 0, 4, 999, 2;
1, 256, 0, 0, 0, 0, 5, 1000, 3;
1, 256, 0, 0, 0, 0, 4, 999, 2;
1, 256, 0, 1, 1, 1, 5, 1000, 3;
1, 256, 0, 0, 0, 0, 5, 999, 2;
1, 256, 0, 0, 0, 0, 5, 999, 2;
1, 256, 1, 1, 1, 1, 6, 1001, 4;
1, 256, 0, -1, -1, -1, 4, 999, 2;
1, 256, 1, 1, 1, 1, 6, 1000, 4;
1, 256, 0, -1, -1, -1, 4, 999, 2;
1, 256, 0, 0, 0, 0, 4, 999, 2;
1, 256, 1, 1, 1, 1, 5, 1000, 3;
1, 256, 1, 1, 1, 1, 6, 1000, 4;
1, 256, 0, -1, -1, -1, 4, 999, 2;
1, 256, 0, 0, 0, 0, 4, 999, 2;
1, 256, 0, 0, 0, 0, 5, 1000, 3;
1, 256, 0, 0, 0, 0, 5, 1000, 3;
0, 256, 0, -1, -1, -1, 3, 998, 1;
1, 256, 0, 0, 0, 0, 4, 999, 2;
1, 256, 0, -1, -1, -1, 4, 998, 1;
1, 256, 0, -1, -1, -1, 4, 998, 1;
1, 256, 1, 1, 1, 1, 6, 1001, 4;
1, 256, 0, -1, -1, -1, 3, 998, 1;
1, 256, 0, -1, -1, -1, 4, 999, 2;
1, 256, 0, -1, -1, -1, 4, 999, 2;
1, 256, 0, -1, -1, -1, 4, 999, 2;
1, 256, 0, -1, -1, -1, 3, 998, 1;
1, 256, 0, 0, 0, 0, 5, 1000, 3;
1, 256, 0, 1, 1, 1, 5, 1000, 3;
1, 256, 0, 0, 0, 0, 5, 1000, 3;
1, 256, 0, 1, 1, 1, 5, 1000, 3;
1, 256, 0, -1, -1, -1, 4, 999, 2;
1, 256, 0, 0, 0, 0, 4, 999, 2;
1, 256, 0, -1, -1, -1, 4, 999, 2;
1, 256, 0, -1, -1, -1, 3, 998, 1;
1, 256, 0, 0, 0, 0, 5, 1000, 3;
1, 256, 0, 0, 0, 0, 5, 1000, 3;
1, 256, 0, 0, 0, 0, 5, 1000, 3;
1, 256, 0, 0, 0, 0, 5, 999, 3;
1, 256, 0, 1, 1, 1, 5, 1000, 3;
1, 256, 1, 1, 1, 1, 6, 1001, 4;
1, 256, 0, 1, 1, 1, 5, 1000, 3;
1, 256, 0, 0, 0, 0, 4, 999, 2;
1, 256, 0, 0, 0, 0, 4, 999, 2;
1, 256, 1, 1, 1, 1, 6, 1001, 4;
1, 256, 0, 1, 1, 1, 5, 1000, 3;
1, 256, 0, 0, 0, 0, 4, 999, 2;
1, 256, 1, 1, 1, 1, 6, 1001, 4;
1, 256, 0, 0, 0, 0, 4, 999, 2;
1, 256, 0, 0, 0, 0, 4, 999, 2;
1, 256, 0, -1, -1, -1, 4, 999, 2;
1, 256, 0, 0, 0, 0, 4, 999, 2;
1, 256, 1, 1, 1, 1, 6, 1000, 4;
1, 256, 0, -1, -1, -1, 4, 999, 2;
1, 256, 0, -1, -1, -1, 4, 999, 2;
1, 256, 0, -1, -1, -1, 4, 999, 2;
1, 256, 0, 0, 0, 0, 5, 1000, 3;
1, 256, 1, 1, 1, 1, 6, 1001, 4;
1, 256, 0, -1, -1, -1, 4, 999, 2;
1, 256, 0, 0, 0, 0, 4, 999, 2;
1, 256, 1, 1, 1, 1, 6, 1000, 4;
1, 256, 0, -1, -1, -1, 4, 998, 1;
1, 256, 0, -1, -1, -1, 3, 998, 1;
1, 256, 0, 0, 0, 0, 4, 999, 2;
1, 256, 0, 0, 0, 0, 5, 1000, 3;
1, 256, 0, -1, -1, -1, 4, 999, 2;
1, 256, 0, 0, 0, 0, 4, 999, 2;
1, 256, 0, 0, 0, 0, 5, 1000, 3;
1, 256, 0, -1, -1, -1, 4, 999, 2;
1, 256, 0, 0, 0, 0, 5, 1000, 3;
1, 256, 0, 1, 1, 1, 5, 1000, 3;
1, 256, 0, 0, 0, 0, 5, 1000, 3;
1, 256, 0, 0, 0, 0, 4, 999, 2;
1, 256, 0, 0, 0, 0, 5, 999, 2;
1, 256, 0, 0, 0, 0, 4, 999, 2;
1, 256, 1, 1, 1, 1, 6, 1001, 4;
1, 256, 0, -1, -1, -1, 4, 999, 2;
1, 256, 0, 0, 0, 0, 4, 999, 2;
1, 256, 0, 0, 0, 0, 5, 1000, 3;
1, 256, 0, 0, 0, 0, 5, 1000, 3;
1, 256, 0, 1, 1, 1, 5, 1000, 3;
1, 256, 0, -1, -1, -1, 4, 998, 2;
1, 256, 0, 0, 0, 0, 4, 999, 2;
1, 256, 0, -1, -1, -1, 4, 999, 2;
1, 256, 0, -1, -1, -1, 4, 999, 2;
1, 256, 1, 1, 1, 1, 6, 1001, 4;
1, 256, 1, 1, 1, 1, 6, 1001, 4;
1, 256, 0, 0, 0, 0, 5, 1000, 3;
1, 256, 1, 1, 1, 1, 6, 1001, 4;
1, 256, 1, 1, 1, 1, 6, 1001, 4;
1, 256, 1, 1, 1, 1, 6, 1001, 4;
1, 256, 0, 0, 0, 0, 5, 1000, 3;
1, 256, 0, -1, -1, -1, 4, 999, 2;
1, 256, 0, 0, 0, 0, 4, 999, 2;
1, 256, 0, 0, 0, 0, 4, 999, 2;
1, 256, 0, -1, -1, -1, 4, 999, 2;
1, 256, 1, 1, 1, 1, 6, 1001, 4;
1, 256, 0, 0, 0, 0, 4, 999, 2;
1, 256, 0, 0, 0, 0, 5, 1000, 3;
1, 256, 0, -1, -1, -1, 4, 999, 2;
1, 256, 0, 0, 0, 0, 5, 1000, 3;
1, 256, 0, 0, 0, 0, 5, 1000, 3;
1, 256, 0, 0, 0, 0, 5, 1000, 3;
1, 256, 1, 1, 1, 1, 6, 1001, 4;
1, 256, 0, 0, 0, 0, 5, 1000, 3;
1, 256, 0, 0, 0, 0, 5, 1000, 3;
1, 256, 0, -1, -1, -1, 4, 998, 1;
1, 256, 0, 0, 0, 0, 5, 999, 2;
1, 256, 0, 0, 0, 0, 5, 1000, 3;
1, 256, 0, -1, -1, -1, 4, 999, 2;
1, 256, 0, 0, 0, 0, 5, 999, 3;
1, 256, 0, 0, 0, 0, 5, 1000, 3;
1, 256, 0, 0, 0, 0, 5, 999, 3;
1, 256, 0, 0, 0, 0, 4, 999, 2;
1, 256, 0, 1, 1, 1, 5, 1000, 3;
1, 256, 0, 0, 0, 0, 5, 1000, 3;
1, 256, 0, 0, 0, 0, 4, 999, 2;
1, 256, 0, -1, -1, -1, 4, 999, 2;
1, 256, 0, 0, 0, 0, 4, 999, 2;
1, 256, 1, 1, 1, 1, 6, 1001, 4;
1, 256, 0, -1, -1, -1, 4, 999, 2;
1, 256, 0, -1, -1, -1, 4, 999, 2;
1, 256, 0, 0, 0, 0, 4, 999, 2;
1, 256, 0, 0, 0, 0, 4, 999, 2;
1, 256, 0, 0, 0, 0, 4, 999, 2;
1, 256, 1, 1, 1, 1, 6, 1001, 4;
1, 256, 0, 0, 0, 0, 5, 1000, 3;
1, 256, 0, 0, 0, 0, 5, 1000, 3;
1, 256, 0, -1, -1, -1, 3, 998, 1;
1, 256, 0, 1, 1, 1, 5, 1000, 3;
1, 256, 0, -1, -1, -1, 4, 999, 2;
1, 256, 0, -1, -1, -1, 3, 998, 1;
1, 256, 1, 1, 1, 1, 6, 1000, 3;
1, 256, 0, -1, -1, -1, 4, 999, 2;
1, 256, 0, 0, 0, 0, 5, 1000, 3;
1, 256, 0, 0, 0, 0, 5, 1000, 3;
1, 256, 0, 0, 0, 0, 5, 1000, 3;
1, 256, 0, 0, 0, 0, 4, 999, 2;
1, 256, 1, 1, 1, 1, 6, 1001, 4;
1, 256, 0, 0, 0, 0, 5, 1000, 3;
1, 256, 0, 0, 0, 0, 4, 999, 2;
1, 256, 0, -1, -1, -1, 3, 998, 1;
1, 256, 0, 0, 0, 0, 4, 999, 2;
1, 256, 0, 1, 1, 1, 5, 1000, 3;
1, 256, 0, 0, 0, 0, 5, 999, 3;
1, 256, 1, 1, 1, 1, 6, 1001, 4;
1, 256, 0, -1, -1, -1, 4, 999, 2;
1, 256, 0, -1, -1, -1, 3, 998, 1;
1, 256, 0, 0, 0, 0, 5, 1000, 3;
1, 256, 0, 0, 0, 0, 5, 1000, 3;
1, 256, 0, 0, 0, 0, 4, 999, 2;
1, 256, 0, -1, -1, -1, 3, 998, 1;
1, 256, 1, 1, 1, 1, 6, 1000, 3;
1, 256, 0, 0, 0, 0, 4, 999, 2;
1, 256, 0, 0, 0, 0, 4, 999, 2;
1, 256, 0, 1, 1, 1, 5, 1000, 3;
1, 256, 1, 1, 1, 1, 6, 1001, 4;
1, 256, 0, -1, -1, -1, 4, 999, 2;
1, 256, 0, 0, 0, 0, 5, 1000, 3;
1, 256, 0, 0, 0, 0, 5, 1000, 3;
1, 256, 0, -1, -1, -1, 4, 998, 1;
1, 256, 0, 0, 0, 0, 5, 1000, 3;
1, 256, 1, 1, 1, 1, 6, 1001, 4;
1, 256, 0, 0, 0, 0, 5, 1000, 3;
1, 256, 0, 0, 0, 0, 5, 1000, 3;
1, 256, 0, -1, -1, -1, 4, 998, 2;
1, 256, 1, 1, 1, 1, 5, 1000, 3;
1, 256, 0, 0, 0, 0, 5, 1000, 3;
1, 256, 0, 0, 0, 0, 5, 1000, 3;
1, 256, 0, -1, -1, -1, 4, 998, 2;
1, 256, 0, -1, -1, -1, 4, 999, 2;
1, 256, 0, 0, 0, 0, 5, 999, 3;
1, 256, 0, 0, 0, 0, 4, 999, 2;
1, 256, 0, 0, 0, 0, 4, 999, 2;
1, 256, 0, 0, 0, 0, 4, 999, 2;
1, 256, 0, -1, -1, -1, 4, 999, 2;
1, 256, 0, 0, 0, 0, 5, 1000, 3;
1, 256, 1, 1, 1, 1, 6, 1001, 4;
1, 256, 0, 0, 0, 0, 5, 999, 2;
1, 256, 0, -1, -1, -1, 3, 998, 1;
1, 256, 1, 1, 1, 1, 5, 1000, 3;
1, 256, 1, 1, 1, 1, 5, 1000, 3;
1, 256, 0, 1, 1, 1, 5, 1000, 3;
1, 256, 0, 0, 0, 0, 5, 1000, 3;
1, 256, 1, 1, 1, 1, 6, 1001, 4;
1, 256, 0, 0, 0, 0, 5, 1000, 3;
1, 256, 0, 0, 0, 0, 4, 999, 2;
1, 256, 0, 0, 0, 0, 5, 999, 3;
0, 256, 0, -1, -1, -1, 3, 998, 1;
1, 256, 0, -1, -1, -1, 4, 998, 1;
1, 256, 0, -1, -1, -1, 4, 998, 2;
1, 256, 1, 1, 1, 1, 6, 1001, 4;
1, 256, 0, -1, -1, -1, 4, 999, 2;
1, 256, 0, -1, -1, -1, 4, 999, 2;
1, 256, 0, 1, 1, 1, 5, 1000, 3;
1, 256, 0, 1, 1, 1, 5, 1000, 3;
1, 256, 0, 0, 0, 0, 5, 1000, 3;
1, 256, 0, 0, 0, 0, 5, 1000, 3;
1, 256, 0, 0, 0, 0, 4, 999, 2;
1, 256, 1, 1, 1, 1, 6, 1001, 4;
1, 256, 0, 1, 1, 1, 5, 1000, 3;
1, 256, 0, 0, 0, 0, 4, 999, 2;
1, 256, 0, -1, -1, -1, 3, 998, 1;
1, 256, 0, 0, 0, 0, 5, 1000, 3;
1, 256, 0, 1, 1, 1, 5, 1000, 3;
1, 256, 0, -1, -1, -1, 3, 998, 1;
1, 256, 0, 0, 0, 0, 4, 999, 2;
1, 256, 0, 0, 0, 0, 5, 1000, 3;
1, 256, 0, -1, -1, -1, 4, 999, 2;
1, 256, 1, 1, 1, 1, 6, 1001, 4;
1, 256, 0, 0, 0, 0, 4, 999, 2;
1, 256, 0, -1, -1, -1, 4, 999, 2;
1, 256, 0, 0, 0, 0, 5, 1000, 3;
1, 256, 0, 0, 0, 0, 4, 999, 2;
1, 256, 0, 0, 0, 0, 4, 999, 2;
1, 256, 0, -1, -1, -1, 4, 999, 2;
1, 256, 0, 0, 0, 0, 5, 1000, 3;
1, 256, 0, -1, -1, -1, 3, 998, 1;
1, 256, 0, 0, 0, 0, 5, 1000, 3;
1, 256, 0, -1, -1, -1, 4, 999, 2;
1, 256, 0, -1, -1, -1, 4, 999, 2;
1, 256, 1, 1, 1, 1, 6, 1001, 4;
1, 256, 0, -1, -1, -1, 3, 998, 1;
1, 256, 1, 1, 1, 1, 6, 1001, 4;
1, 256, 1, 1, 1, 1, 6, 1000, 3;
1, 256, 1, 1, 1, 1, 6, 1001, 4;
1, 256, 0, -1, -1, -1, 4, 999, 2;
1, 256, 0, -1, -1, -1, 4, 999, 2;
1, 256, 0, 0, 0, 0, 5, 1000, 3;
1, 256, 0, 0, 0, 0, 4, 999, 2;
1, 256, 0, -1, -1, -1, 4, 999, 2;
1, 256, 0, -1, -1, -1, 4, 999, 2;
1, 256, 0, -1, -1, -1, 4, 999, 2;
1, 256, 0, 0, 0, 0, 5, 1000, 3;
1, 256, 0, 0, 0, 0, 4, 999, 2;
1, 256, 0, 1, 1, 1, 5, 1000, 3;
1, 256, 0, 0, 0, 0, 5, 1000, 3;
1, 256, 0, 1, 1, 1, 5, 1000, 3;
1, 256, 0, -1, -1, -1, 4, 999, 2;
1, 256, 0, 0, 0, 0, 4, 999, 2;
1, 256, 0, 0, 0, 0, 5, 1000, 3;
1, 256, 0, 1, 1, 1, 5, 1000, 3;
1, 256, 0, 0, 0, 0, 5, 1000, 3;
1, 256, 0, -1, -1, -1, 4, 999, 2;
1, 256, 0, 0, 0, 0, 5, 1000, 3;
1, 256, 0, -1, -1, -1, 3, 998, 1;
1, 256, 0, 0, 0, 0, 5, 1000, 3;
1, 256, 0, 1, 1, 1, 5, 1000, 3;
1, 256, 0, 0, 0, 0, 5, 1000, 3;
1, 256, 1, 1, 1, 1, 6, 1001, 4;
1, 256, 0, 0, 0, 0, 5, 1000, 3;
1, 256, 0, 0, 0, 0, 5, 999, 3;
1, 256, 0, 0, 0, 0, 5, 1000, 3;
1, 256, 0, -1, -1, -1, 4, 999, 2;
1, 256, 0, -1, -1, -1, 4, 999, 2;
1, 256, 0, 1, 1, 1, 5, 1000, 3;
1, 256, 0, 1, 1, 1, 5, 1000, 3;
1, 256, 1, 1, 1, 1, 6, 1001, 4;
1, 256, 0, 0, 0, 0, 4, 999, 2;
1, 256, 0, 0, 0, 0, 5, 1000, 3;
1, 256, 0, -1, -1, -1, 4, 999, 2;
1, 256, 0, 0, 0, 0, 5, 1000, 3;
1, 256, 1, 1, 1, 1, 6, 1000, 4;
1, 256, 0, -1, -1, -1, 4, 999, 2;
1, 256, 1, 1, 1, 1, 5, 1000, 3;
1, 256, 1, 1, 1, 1, 6, 1000, 4;
1, 256, 1, 1, 1, 1, 6, 1001, 4;
1, 256, 0, 1, 1, 1, 5, 1000, 3;
1, 256, 1, 1, 1, 1, 6, 1001, 4;
1, 256, 0, 1, 1, 1, 5, 1000, 3;
1, 256, 0, 0, 0, 0, 5, 1000, 3;
1, 256, 0, 0, 0, 0, 5, 1000, 3;
1, 256, 0, -1, -1, -1, 4, 998, 1;
0, 256, 0, -1, -1, -1, 3, 998, 1;
1, 256, 0, 1, 1, 1, 5, 1000, 3;
1, 256, 0, 1, 1, 1, 5, 1000, 3;
1, 256, 0, 0, 0, 0, 5, 1000, 3;
1, 256, 0, 0, 0, 0, 5, 1000, 3;
1, 256, 0, 0, 0, 0, 5, 1000, 3;
1, 256, 0, -1, -1, -1, 3, 998, 1;
1, 256, 1, 1, 1, 1, 6, 1000, 3;
1, 256, 0, 0, 0, 0, 5, 1000, 3;
1, 256, 0, 0, 0, 0, 5, 1000, 3;
1, 256, 0, 1, 1, 1, 5, 1000, 3;
1, 256, 0, 0, 0, 0, 5, 1000, 3;
1, 256, 0, -1, -1, -1, 4, 999, 2;
1, 256, 0, -1, -1, -1, 4, 998, 1;
1, 256, 0, -1, -1, -1, 4, 999, 2;
1, 256, 0, 0, 0, 0, 4, 999, 2;
1, 256, 0, 0, 0, 0, 5, 1000, 3;
1, 256, 1, 1, 1, 1, 6, 1000, 4;
1, 256, 1, 1, 1, 1, 5, 1000, 3;
1, 256, 0, -1, -1, -1, 4, 999, 2;
1, 256, 0, 0, 0, 0, 5, 1000, 3;
1, 256, 0, 0, 0, 0, 5, 1000, 3;
1, 256, 0, -1, -1, -1, 3, 998, 1;
1, 256, 0, -1, -1, -1, 4, 999, 2;
1, 256, 1, 1, 1, 1, 6, 1000, 3;
1, 256, 1, 1, 1, 1, 6, 1001, 4;
1, 256, 0, 0, 0, 0, 5, 1000, 3;
1, 256, 0, 0, 0, 0, 5, 1000, 3;
1, 256, 0, -1, -1, -1, 4, 999, 2;
1, 256, 0, 0, 0, 0, 4, 999, 2;
1, 256, 1, 1, 1, 1, 6, 1001, 4;
1, 256, 0, 0, 0, 0, 4, 999, 2;
1, 256, 0, 0, 0, 0, 5, 1000, 3;
1, 256, 0, 0, 0, 0, 5, 1000, 3;
1, 256, 0, -1, -1, -1, 4, 998, 2;
1, 256, 0, 0, 0, 0, 5, 1000, 3;
1, 256, 0, -1, -1, -1, 4, 999, 2;
1, 256, 0, 0, 0, 0, 4, 999, 2;
1, 256, 0, 0, 0, 0, 5, 1000, 3;
1, 256, 0, 0, 0, 0, 4, 999, 2;
1, 256, 0, 0, 0, 0, 5, 999, 2;
1, 256, 0, -1, -1, -1, 4, 998, 2;
1, 256, 0, 0, 0, 0, 5, 999, 2;
1, 256, 0, -1, -1, -1, 4, 999, 2;
1, 256, 0, 0, 0, 0, 5, 1000, 3;
1, 256, 0, 0, 0, 0, 5, 1000, 3;
1, 256, 0, 0, 0, 0, 5, 1000, 3;
1, 256, 0, 0, 0, 0, 4, 999, 2;
1, 256, 0, 0, 0, 0, 5, 1000, 3;
1, 256, 0, 0, 0, 0, 4, 999, 2;
1, 256, 0, 1, 1, 1, 5, 1000, 3;
1, 256, 1, 1, 1, 1, 6, 1000, 4;
1, 256, 0, -1, -1, -1, 4, 999, 2;
1, 256, 0, -1, -1, -1, 4, 998, 1;
1, 256, 0, 1, 1, 1, 5, 1000, 3;
1, 256, 0, 0, 0, 0, 5, 1000, 3;
1, 256, 0, 0, 0, 0, 5, 1000, 3;
1, 256, 1, 1, 1, 1, 6, 1000, 4;
1, 256, 0, 0, 0, 0, 5, 1000, 3;
1, 256, 0, 0, 0, 0, 4, 999, 2;
1, 256, 0, 0, 0, 0, 4, 999, 2;
1, 256, 1, 1, 1, 1, 6, 1001, 4;
1, 256, 0, 0, 0, 0, 5, 1000, 3;
1, 256, 0, -1, -1, -1, 4, 999, 2;
1, 256, 0, 0, 0, 0, 5, 1000, 3;
1, 256, 0, 0, 0, 0, 4, 999, 2;
1, 256, 0, -1, -1, -1, 4, 999, 2;
1, 256, 1, 1, 1, 1, 6, 1000, 4;
1, 256, 0, 0, 0, 0, 4, 999, 2;
1, 256, 0, 0, 0, 0, 4, 999, 2;
1, 256, 0, -1, -1, -1, 4, 998, 2;
1, 256, 0, 0, 0, 0, 5, 1000, 3;
1, 256, 0, 1, 1, 1, 5, 1000, 3;
1, 256, 0, 0, 0, 0, 5, 1000, 3;
1, 256, 0, 0, 0, 0, 4, 999, 2;
1, 256, 0, -1, -1, -1, 4, 999, 2;
1, 256, 0, 0, 0, 0, 5, 1000, 3;
1, 256, 0, 0, 0, 0, 4, 999, 2;
1, 256, 1, 1, 1, 1, 6, 1001, 4;
1, 256, 0, 0, 0, 0, 4, 999, 2;
1, 256, 0, 0, 0, 0, 5, 1000, 3;
1, 256, 0, 0, 0, 0, 4, 999, 2;
1, 256, 1, 1, 1, 1, 5, 1000, 3;
1, 256, 0, 1, 1, 1, 5, 1000, 3;
1, 256, 1, 1, 1, 1, 6, 1001, 4;
1, 256, 0, 0, 0, 0, 5, 1000, 3;
1, 256, 1, 1, 1, 1, 6, 1001, 4;
1, 256, 1, 1, 1, 1, 6, 1001, 4;
1, 256, 0, -1, -1, -1, 4, 999, 2;
1, 256, 0, 0, 0, 0, 4, 999, 2;
1, 256, 0, 0, 0, 0, 4, 999, 2;
1, 256, 1, 1, 1, 1, 6, 1001, 4;
1, 256, 0, -1, -1, -1, 4, 999, 2;
1, 256, 0, 0, 0, 0, 5, 1000, 3;
1, 256, 0, 0, 0, 0, 4, 999, 2;
1, 256, 0, 0, 0, 0, 5, 1000, 3;
1, 256, 0, 0, 0, 0, 5, 1000, 3;
0, 256, 0, -1, -1, -1, 3, 998, 1;
1, 256, 0, 0, 0, 0, 5, 1000, 3;
1, 256, 0, 0, 0, 0, 5, 1000, 3;
1, 256, 1, 1, 1, 1, 6, 1000, 4;
1, 256, 0, -1, -1, -1, 4, 999, 2;
1, 256, 1, 1, 1, 1, 5, 1000, 3;
1, 256, 0, -1, -1, -1, 3, 998, 1;
1, 256, 1, 1, 1, 1, 5, 1000, 3;
1, 256, 0, 0, 0, 0, 4, 999, 2;
1, 256, 0, 0, 0, 0, 5, 1000, 3;
1, 256, 0, 0, 0, 0, 5, 1000, 3;
1, 256, 0, -1, -1, -1, 4, 999, 2;
1, 256, 0, 1, 1, 1, 5, 1000, 3;
1, 256, 0, -1, -1, -1, 4, 999, 2;
1, 256, 0, -1, -1, -1, 4, 999, 2;
1, 256, 0, 0, 0, 0, 4, 999, 2;
1, 256, 0, 0, 0, 0, 4, 999, 2;
1, 256, 0, 0, 0, 0, 4, 999, 2;
1, 256, 0, -1, -1, -1, 4, 999, 2;
1, 256, 0, -1, -1, -1, 4, 999, 2;
1, 256, 0, -1, -1, -1, 4, 999, 2;
1, 256, 0, -1, -1, -1, 4, 998, 2;
1, 256, 0, 0, 0, 0, 4, 999, 2;
0, 256, 0, -1, -1, -1, 3, 998, 1;
1, 256, 0, -1, -1, -1, 4, 999, 2;
1, 256, 0, 0, 0, 0, 5, 1000, 3;
1, 256, 0, 0, 0, 0, 5, 1000, 3;
1, 256, 0, -1, -1, -1, 4, 999, 2;
1, 256, 0, 0, 0, 0, 4, 999, 2;
1, 256, 0, 0, 0, 0, 5, 1000, 3;
1, 256, 0, -1, -1, -1, 4, 999, 2;
1, 256, 0, -1, -1, -1, 4, 998, 1;
1, 256, 0, 0, 0, 0, 4, 999, 2;
1, 256, 0, 1, 1, 1, 5, 1000, 3;
1, 256, 0, 0, 0, 0, 5, 1000, 3;
1, 256, 0, -1, -1, -1, 4, 999, 2;
1, 256, 0, -1, -1, -1, 4, 999, 2;
1, 256, 1, 1, 1, 1, 5, 1000, 3;
1, 256, 0, 1, 1, 1, 5, 1000, 3;
1, 256, 1, 1, 1, 1, 6, 1001, 4;
1, 256, 0, -1, -1, -1, 4, 999, 2;
1, 256, 0, 0, 0, 0, 4, 999, 2;
1, 256, 0, 0, 0, 0, 4, 999, 2;
1, 256, 0, 0, 0, 0, 5, 999, 2;
1, 256, 0, -1, -1, -1, 4, 999, 2;
1, 256, 0, 0, 0, 0, 5, 1000, 3;
1, 256, 0, 1, 1, 1, 5, 1000, 3;
1, 256, 0, 1, 1, 1, 5, 1000, 3;
1, 256, 0, 0, 0, 0, 5, 1000, 3;
1, 256, 0, 0, 0, 0, 5, 1000, 3;
1, 256, 0, -1, -1, -1, 4, 999, 2;
1, 256, 0, 0, 0, 0, 5, 999, 2;
1, 256, 0, 0, 0, 0, 4, 999, 2;
1, 256, 0, 0, 0, 0, 5, 1000, 3;
1, 256, 0, -1, -1, -1, 4, 999, 2;
1, 256, 0, 0, 0, 0, 5, 1000, 3;
1, 256, 0, 0, 0, 0, 5, 1000, 3;
1, 256, 0, 0, 0, 0, 4, 999, 2;
1, 256, 0, 1, 1, 1, 5, 1000, 3;
1, 256, 1, 1, 1, 1, 5, 1000, 3;
1, 256, 0, 0, 0, 0, 4, 999, 2;
1, 256, 0, 0, 0, 0, 5, 1000, 3;
1, 256, 0, -1, -1, -1, 3, 998, 1;
1, 256, 0, -1, -1, -1, 4, 998, 2;
1, 256, 1, 1, 1, 1, 6, 1000, 4;
1, 256, 0, -1, -1, -1, 3, 998, 1;
1, 256, 0, 1, 1, 1, 5, 1000, 3;
1, 256, 0, -1, -1, -1, 3, 998, 1;
1, 256, 0, 0, 0, 0, 5, 1000, 3;
1, 256, 1, 1, 1, 1, 6, 1000, 4;
1, 256, 0, 0, 0, 0, 4, 999, 2;
1, 256, 0, 0, 0, 0, 4, 999, 2;
1, 256, 0, -1, -1, -1, 4, 998, 1;
1, 256, 0, 0, 0, 0, 5, 1000, 3;
1, 256, 0, 0, 0, 0, 5, 1000, 3;
1, 256, 0, 1, 1, 1, 5, 1000, 3;
1, 256, 1, 1, 1, 1, 6, 1001, 4;
1, 256, 0, -1, -1, -1, 4, 999, 2;
1, 256, 1, 1, 1, 1, 5, 1000, 3;
1, 256, 1, 1, 1, 1, 6, 1001, 4;
1, 256, 0, 0, 0, 0, 4, 999, 2;
1, 256, 0, -1, -1, -1, 4, 999, 2;
1, 256, 0, -1, -1, -1, 3, 998, 1;
1, 256, 1, 1, 1, 1, 6, 1001, 4;
1, 256, 0, 0, 0, 0, 5, 1000, 3;
1, 256, 0, -1, -1, -1, 4, 999, 2;
1, 256, 0, -1, -1, -1, 4, 999, 2;
1, 256, 0, -1, -1, -1, 4, 999, 2;
1, 256, 0, 0, 0, 0, 5, 1000, 3;
1, 256, 0, 0, 0, 0, 5, 1000, 3;
1, 256, 0, 0, 0, 0, 5, 1000, 3;
1, 256, 0, -1, -1, -1, 4, 998, 2;
1, 256, 0, -1, -1, -1, 4, 998, 2;
1, 256, 0, -1, -1, -1, 4, 999, 2;
1, 256, 0, -1, -1, -1, 4, 999, 2;
1, 256, 1, 1, 1, 1, 6, 1001, 4;
1, 256, 1, 1, 1, 1, 6, 1000, 3;
1, 256, 0, 1, 1, 1, 5, 1000, 3;
1, 256, 0, -1, -1, -1, 4, 999, 2;
1, 256, 0, 0, 0, 0, 4, 999, 2;
1, 256, 0, 0, 0, 0, 5, 1000, 3;
1, 256, 0, 1, 1, 1, 5, 1000, 3;
1, 256, 0, -1, -1, -1, 4, 999, 2;
1, 256, 0, 0, 0, 0, 5, 1000, 3;
1, 256, 0, 0, 0, 0, 5, 1000, 3;
1, 256, 1, 1, 1, 1, 6, 1001, 4;
1, 256, 0, -1, -1, -1, 3, 998, 1;
1, 256, 0, 0, 0, 0, 4, 999, 2;
1, 256, 0, 0, 0, 0, 5, 1000, 3;
1, 256, 0, 1, 1, 1, 5, 1000, 3;
1, 256, 1, 1, 1, 1, 6, 1000, 3;
1, 256, 1, 1, 1, 1, 5, 1000, 3;
1, 256, 0, 0, 0, 0, 4, 999, 2;
1, 256, 1, 1, 1, 1, 6, 1000, 4;
1, 256, 0, -1, -1, -1, 4, 999, 2;
1, 256, 0, 0, 0, 0, 5, 1000, 3;
1, 256, 0, -1, -1, -1, 4, 999, 2;
1, 256, 0, 0, 0, 0, 4, 999, 2;
1, 256, 1, 1, 1, 1, 6, 1001, 4;
1, 256, 0, 0, 0, 0, 4, 999, 2;
1, 256, 0, 0, 0, 0, 5, 1000, 3;
1, 256, 0, 0, 0, 0, 5, 999, 3;
1, 256, 1, 1, 1, 1, 6, 1000, 4;
1, 256, 0, 1, 1, 1, 5, 1000, 3;
1, 256, 0, 0, 0, 0, 4, 999, 2;
1, 256, 0, 0, 0, 0, 5, 1000, 3;
1, 256, 0, -1, -1, -1, 4, 999, 2;
1, 256, 0, -1, -1, -1, 4, 999, 2;
1, 256, 0, 0, 0, 0, 5, 1000, 3;
1, 256, 0, 0, 0, 0, 5, 1000, 3;
1, 256, 0, -1, -1, -1, 3, 998, 1;
1, 256, 1, 1, 1, 1, 6, 1001, 4;
1, 256, 0, 0, 0, 0, 5, 1000, 3;
1, 256, 0, 0, 0, 0, 4, 999, 2;
0, 256, 0, -1, -1, -1, 3, 998, 1;
1, 256, 0, 0, 0, 0, 5, 1000, 3;
1, 256, 0, 0, 0, 0, 4, 999, 2;
1, 256, 0, -1, -1, -1, 4, 999, 2;
1, 256, 0, 0, 0, 0, 5, 1000, 3;
1, 256, 0, -1, -1, -1, 4, 999, 2;
1, 256, 1, 1, 1, 1, 6, 1000, 4;
1, 256, 0, 0, 0, 0, 5, 999, 2;
1, 256, 0, -1, -1, -1, 4, 999, 2;
1, 256, 1, 1, 1, 1, 6, 1001, 4;
1, 256, 0, 1, 1, 1, 5, 1000, 3;
1, 256, 0, -1, -1, -1, 4, 999, 2;
1, 256, 0, 1, 1, 1, 5, 1000, 3;
1, 256, 0, -1, -1, -1, 4, 999, 2;
1, 256, 0, 0, 0, 0, 4, 999, 2;
1, 256, 0, -1, -1, -1, 4, 999, 2;
1, 256, 0, 0, 0, 0, 4, 999, 2;
1, 256, 1, 1, 1, 1, 6, 1001, 4;
1, 256, 0, 0, 0, 0, 4, 999, 2;
1, 256, 0, -1, -1, -1, 4, 999, 2;
1, 256, 1, 1, 1, 1, 6, 1001, 4;
1, 256, 0, 1, 1, 1, 5, 1000, 3;
1, 256, 0, 0, 0, 0, 5, 1000, 3;
1, 256, 0, 0, 0, 0, 4, 999, 2;
1, 256, 1, 1, 1, 1, 6, 1001, 4;
1, 256, 0, 0, 0, 0, 5, 999, 3;
1, 256, 0, 0, 0, 0, 5, 1000, 3;
1, 256, 1, 1, 1, 1, 5, 1000, 3;
1, 256, 0, 0, 0, 0, 4, 999, 2;
1, 256, 0, 0, 0, 0, 4, 999, 2;
1, 256, 0, -1, -1, -1, 4, 999, 2;
1, 256, 0, 0, 0, 0, 5, 1000, 3;
1, 256, 0, -1, -1, -1, 4, 999, 2;
1, 256, 0, -1, -1, -1, 4, 999, 2;
1, 256, 0, -1, -1, -1, 4, 999, 2;
1, 256, 1, 1, 1, 1, 5, 1000, 3;
1, 256, 0, 1, 1, 1, 5, 1000, 3;
1, 256, 0, 0, 0, 0, 5, 1000, 3;
1, 256, 0, -1, -1, -1, 4, 998, 2;
1, 256, 0, 1, 1, 1, 5, 1000, 3;
1, 256, 0, 0, 0, 0, 4, 999, 2;
1, 256, 0, -1, -1, -1, 4, 999, 2;
1, 256, 0, 1, 1, 1, 5, 1000, 3;
1, 256, 1, 1, 1, 1, 5, 1000, 3;
1, 256, 1, 1, 1, 1, 5, 1000, 3;
1, 256, 0, 0, 0, 0, 5, 999, 2;
1, 256, 1, 1, 1, 1, 6, 1001, 4;
1, 256, 0, 0, 0, 0, 5, 999, 3;
1, 256, 0, 0, 0, 0, 5, 1000, 3;
1, 256, 0, 0, 0, 0, 5, 1000, 3;
1, 256, 0, 0, 0, 0, 4, 999, 2;
1, 256, 0, -1, -1, -1, 3, 998, 1;
1, 256, 0, 0, 0, 0, 4, 999, 2;
1, 256, 0, 0, 0, 0, 5, 1000, 3;
1, 256, 0, -1, -1, -1, 4, 999, 2;
1, 256, 0, -1, -1, -1, 4, 998, 1;
1, 256, 0, -1, -1, -1, 4, 998, 2;
1, 256, 1, 1, 1, 1, 5, 1000, 3;
1, 256, 0, 0, 0, 0, 4, 999, 2;
1, 256, 0, 0, 0, 0, 5, 1000, 3;
1, 256, 1, 1, 1, 1, 6, 1000, 3;
1, 256, 0, 0, 0, 0, 4, 999, 2;
0, 256, 0, -1, -1, -1, 3, 998, 1;
1, 256, 0, 1, 1, 1, 5, 1000, 3;
1, 256, 0, 0, 0, 0, 4, 999, 2;
1, 256, 0, 0, 0, 0, 4, 999, 2;
1, 256, 0, -1, -1, -1, 4, 998, 2;
1, 256, 0, 0, 0, 0, 5, 1000, 3;
1, 256, 0, 0, 0, 0, 5, 999, 2;
1, 256, 0, 0, 0, 0, 4, 999, 2;
1, 256, 0, -1, -1, -1, 3, 998, 1;
1, 256, 0, 0, 0, 0, 5, 1000, 3;
1, 256, 0, 1, 1, 1, 5, 1000, 3;
1, 256, 0, 1, 1, 1, 5, 1000, 3;
1, 256, 0, 0, 0, 0, 4, 999, 2;
1, 256, 1, 1, 1, 1, 6, 1000, 4;
1, 256, 0, 0, 0, 0, 4, 999, 2;
1, 256, 0, 0, 0, 0, 4, 999, 2;
1, 256, 0, 0, 0, 0, 4, 999, 2;
1, 256, 0, 0, 0, 0, 5, 1000, 3;
1, 256, 0, 0, 0, 0, 5, 1000, 3;
1, 256, 0, 0, 0, 0, 4, 999, 2;
1, 256, 0, -1, -1, -1, 4, 998, 2;
1, 256, 0, 0, 0, 0, 4, 999, 2;
1, 256, 0, 0, 0, 0, 5, 1000, 3;
1, 256, 0, 0, 0, 0, 5, 1000, 3;
1, 256, 0, 0, 0, 0, 4, 999, 2;
1, 256, 1, 1, 1, 1, 6, 1000, 4;
1, 256, 0, 0, 0, 0, 5, 1000, 3;
1, 256, 0, 0, 0, 0, 5, 1000, 3;
1, 256, 0, 0, 0, 0, 5, 1000, 3;
1, 256, 0, -1, -1, -1, 3, 998, 1;
1, 256, 0, -1, -1, -1, 4, 999, 2;
1, 256, 0, -1, -1, -1, 4, 998, 2;
1, 256, 0, 0, 0, 0, 5, 1000, 3;
1, 256, 0, -1, -1, -1, 4, 999, 2;
1, 256, 1, 1, 1, 1, 6, 1001, 4;
1, 256, 0, 0, 0, 0, 5, 1000, 3;
1, 256, 0, 0, 0, 0, 5, 999, 2;
1, 256, 1, 1, 1, 1, 6, 1001, 4;
1, 256, 0, 0, 0, 0, 5, 999, 2;
1, 256, 0, 0, 0, 0, 5, 1000, 3;
1, 256, 0, -1, -1, -1, 4, 999, 2;
1, 256, 0, -1, -1, -1, 4, 999, 2;
1, 256, 1, 1, 1, 1, 6, 1000, 4;
1, 256, 0, 0, 0, 0, 5, 1000, 3;
1, 256, 1, 1, 1, 1, 6, 1001, 4;
1, 256, 0, 0, 0, 0, 4, 999, 2;
1, 256, 0, 0, 0, 0, 5, 1000, 3;
1, 256, 0, 0, 0, 0, 4, 999, 2;
1, 256, 0, 0, 0, 0, 4, 999, 2;
1, 256, 0, 0, 0, 0, 4, 999, 2;
1, 256, 0, -1, -1, -1, 4, 999, 2;
1, 256, 1, 1, 1, 1, 6, 1000, 4;
1, 256, 0, 0, 0, 0, 5, 1000, 3;
1, 256, 1, 1, 1, 1, 6, 1001, 4;
1, 256, 0, 0, 0, 0, 5, 1000, 3;
1, 256, 0, 0, 0, 0, 5, 1000, 3;
1, 256, 0, -1, -1, -1, 4, 998, 1;
1, 256, 0, 0, 0, 0, 5, 1000, 3;
1, 256, 0, 0, 0, 0, 4, 999, 2;
0, 256, 0, -1, -1, -1, 3, 998, 1;
1, 256, 0, 0, 0, 0, 5, 1000, 3;
1, 256, 0, 0, 0, 0, 5, 1000, 3;
1, 256, 0, 0, 0, 0, 4, 999, 2;
1, 256, 0, 0, 0, 0, 5, 999, 3;
1, 256, 0, -1, -1, -1, 4, 999, 2;
1, 256, 0, 1, 1, 1, 5, 1000, 3;
1, 256, 0, 0, 0, 0, 4, 999, 2;
1, 256, 1, 1, 1, 1, 6, 1001, 4;
1, 256, 0, 0, 0, 0, 5, 1000, 3;
1, 256, 0, 0, 0, 0, 5, 1000, 3;
1, 256, 0, 0, 0, 0, 5, 1000, 3;
1, 256, 0, -1, -1, -1, 3, 998, 1;
1, 256, 0, 1, 1, 1, 5, 1000, 3;
1, 256, 1, 1, 1, 1, 6, 1001, 4;
1, 256, 0, -1, -1, -1, 4, 998, 2;
1, 256, 0, 0, 0, 0, 5, 1000, 3;
1, 256, 0, 0, 0, 0, 5, 1000, 3;
1, 256, 1, 1, 1, 1, 6, 1001, 4;
1, 256, 0, 0, 0, 0, 4, 999, 2;
1, 256, 0, 0, 0, 0, 4, 999, 2;
1, 256, 0, -1, -1, -1, 4, 999, 2;
1, 256, 0, 0, 0, 0, 4, 999, 2;
1, 256, 0, 1, 1, 1, 5, 1000, 3;
1, 256, 0, -1, -1, -1, 3, 998, 1;
1, 256, 0, 0, 0, 0, 5, 1000, 3;
1, 256, 0, 0, 0, 0, 5, 1000, 3;
1, 256, 0, 0, 0, 0, 4, 999, 2;
1, 256, 0, 0, 0, 0, 5, 1000, 3;
1, 256, 0, 0, 0, 0, 5, 1000, 3;
1, 256, 1, 1, 1, 1, 6, 1001, 4;
1, 256, 0, 0, 0, 0, 5, 1000, 3;
1, 256, 0, 0, 0, 0, 4, 999, 2;
1, 256, 0, 0, 0, 0, 5, 1000, 3;
1, 256, 0, 0, 0, 0, 4, 999, 2;
1, 256, 0, 0, 0, 0, 5, 1000, 3;
1, 256, 1, 1, 1, 1, 6, 1001, 4;
1, 256, 0, 0, 0, 0, 4, 999, 2;
1, 256, 0, 0, 0, 0, 5, 1000, 3;
1, 256, 0, 0, 0, 0, 5, 1000, 3;
1, 256, 0, 0, 0, 0, 5, 1000, 3;
1, 256, 1, 1, 1, 1, 6, 1000, 3;
1, 256, 0, 0, 0, 0, 5, 1000, 3;
1, 256, 0, 0, 0, 0, 4, 999, 2;
1, 256, 0, 0, 0, 0, 5, 1000, 3;
1, 256, 0, 0, 0, 0, 5, 1000, 3;
1, 256, 0, 0, 0, 0, 4, 999, 2;
1, 256, 0, -1, -1, -1, 4, 999, 2;
1, 256, 0, 0, 0, 0, 4, 999, 2;
1, 256, 1, 1, 1, 1, 6, 1001, 4;
1, 256, 0, 0, 0, 0, 4, 999, 2;
1, 256, 0, 0, 0, 0, 4, 999, 2;
1, 256, 0, 0, 0, 0, 5, 1000, 3;
1, 256, 0, 0, 0, 0, 4, 999, 2;
1, 256, 1, 1, 1, 1, 6, 1000, 4;
1, 256, 0, 0, 0, 0, 4, 999, 2;
1, 256, 0, -1, -1, -1, 4, 999, 2;
1, 256, 0, -1, -1, -1, 3, 998, 1;
1, 256, 0, 0, 0, 0, 5, 1000, 3;
1, 256, 0, 0, 0, 0, 4, 999, 2;
1, 256, 0, -1, -1, -1, 4, 999, 2;
1, 256, 0, 0, 0, 0, 5, 1000, 3;
1, 256, 0, -1, -1, -1, 3, 998, 1;
1, 256, 0, 0, 0, 0, 4, 999, 2;
1, 256, 1, 1, 1, 1, 6, 1000, 3;
1, 256, 0, 0, 0, 0, 5, 1000, 3;
1, 256, 0, 0, 0, 0, 5, 1000, 3;
1, 256, 0, 0, 0, 0, 4, 999, 2;
1, 256, 0, 1, 1, 1, 5, 1000, 3;
1, 256, 0, 0, 0, 0, 5, 1000, 3;
1, 256, 0, 0, 0, 0, 5, 1000, 3;
1, 256, 0, -1, -1, -1, 4, 999, 2;
1, 256, 0, 0, 0, 0, 4, 999, 2;
1, 256, 0, -1, -1, -1, 4, 999, 2;
1, 256, 0, 0, 0, 0, 5, 1000, 3;
1, 256, 0, 1, 1, 1, 5, 1000, 3;
1, 256, 0, -1, -1, -1, 4, 999, 2;
1, 256, 0, 1, 1, 1, 5, 1000, 3;
1, 256, 0, 0, 0, 0, 5, 1000, 3;
1, 256, 0, -1, -1, -1, 4, 999, 2;
1, 256, 0, -1, -1, -1, 4, 999, 2;
1, 256, 1, 1, 1, 1, 5, 1000, 3;
1, 256, 0, 0, 0, 0, 4, 999, 2;
1, 256, 0, 0, 0, 0, 5, 999, 3;
1, 256, 0, -1, -1, -1, 4, 999, 2;
1, 256, 0, -1, -1, -1, 4, 999, 2;
1, 256, 0, 0, 0, 0, 5, 1000, 3;
1, 256, 0, -1, -1, -1, 3, 998, 1;
1, 256, 0, 0, 0, 0, 4, 999, 2;
1, 256, 0, -1, -1, -1, 4, 999, 2;
1, 256, 0, 0, 0, 0, 5, 1000, 3;
1, 256, 0, -1, -1, -1, 4, 999, 2;
1, 256, 0, 1, 1, 1, 5, 1000, 3;
1, 256, 1, 1, 1, 1, 6, 1001, 4;
1, 256, 0, 0, 0, 0, 5, 1000, 3;
1, 256, 0, 1, 1, 1, 5, 1000, 3;
1, 256, 0, 0, 0, 0, 5, 1000, 3;
1, 256, 0, 0, 0, 0, 5, 1000, 3;
1, 256, 0, 0, 0, 0, 4, 999, 2;
1, 256, 0, 0, 0, 0, 4, 999, 2;
1, 256, 1, 1, 1, 1, 6, 1001, 4;
1, 256, 0, -1, -1, -1, 3, 998, 1;
1, 256, 0, 0, 0, 0, 5, 1000, 3;
1, 256, 0, -1, -1, -1, 4, 998, 1;
1, 256, 1, 1, 1, 1, 6, 1001, 4;
1, 256, 0, 0, 0, 0, 5, 1000, 3;
1, 256, 0, 0, 0, 0, 4, 999, 2;
1, 256, 0, 0, 0, 0, 5, 999, 3;
1, 256, 0, 0, 0, 0, 5, 1000, 3;
1, 256, 0, 0, 0, 0, 4, 999, 2;
1, 256, 0, 0, 0, 0, 4, 999, 2;
1, 256, 0, 1, 1, 1, 5, 1000, 3;
1, 256, 0, 0, 0, 0, 4, 999, 2;
1, 256, 0, 1, 1, 1, 5, 1000, 3;
1, 256, 1, 1, 1, 1, 6, 1001, 4;
1, 256, 0, 0, 0, 0, 5, 1000, 3;
1, 256, 0, -1, -1, -1, 3, 998, 1;
1, 256, 0, 0, 0, 0, 5, 1000, 3;
1, 256, 0, 0, 0, 0, 5, 1000, 3;