2, 298, 16, 9, 419, 9, 11, 1164, 62;
2, 296, 13, 29, 411, 2, 9, 1155, 54;
3, 295, 13, 55, 409, 1, 15, 1154, 53;
3, 293, 11, 76, 401, -4, 14, 1145, 45;
4, 292, 10, 100, 395, -7, 17, 1141, 42;
7, 293, 12, 131, 396, -2, 30, 1146, 48;
9, 293, 12, 158, 391, -1, 37, 1144, 48;
14, 296, 15, 194, 396, 8, 56, 1155, 61;
15, 295, 15, 218, 388, 7, 61, 1151, 59;
11, 288, 9, 224, 362, -11, 44, 1125, 36;
16, 291, 13, 261, 366, 1, 66, 1137, 52;
21, 293, 16, 294, 366, 10, 83, 1145, 63;
18, 288, 12, 305, 343, -2, 73, 1126, 48;
20, 287, 12, 327, 333, -2, 79, 1122, 48;
20, 285, 11, 345, 318, -5, 80, 1113, 43;
22, 284, 11, 368, 307, -4, 87, 1111, 45;
25, 285, 13, 394, 300, 1, 99, 1113, 52;
24, 281, 11, 405, 279, -6, 94, 1098, 43;
29, 283, 14, 435, 275, 4, 113, 1107, 57;
24, 277, 9, 435, 244, -11, 96, 1080, 36;
32, 281, 15, 472, 248, 7, 125, 1099, 60;
29, 277, 12, 477, 222, -2, 116, 1080, 47;
33, 278, 14, 499, 214, 5, 129, 1084, 57;
28, 271, 9, 495, 180, -11, 111, 1057, 36;
32, 272, 12, 516, 172, -2, 126, 1062, 48;
30, 268, 9, 520, 147, -9, 119, 1046, 38;
32, 267, 11, 533, 132, -5, 126, 1044, 43;
37, 270, 15, 556, 128, 7, 145, 1054, 60;
35, 266, 13, 555, 101, 0, 138, 1037, 50;
34, 262, 11, 556, 77, -5, 132, 1023, 43;
34, 260, 11, 560, 58, -5, 133, 1016, 43;
34, 259, 11, 565, 40, -4, 136, 1011, 45;
38, 260, 14, 578, 31, 5, 149, 1016, 57;
32, 253, 9, 561, -5, -11, 128, 987, 36;
38, 257, 15, 580, -6, 6, 151, 1003, 59;
35, 252, 11, 568, -35, -3, 137, 983, 46;
38, 253, 14, 574, -45, 5, 148, 987, 58;
34, 248, 11, 561, -74, -3, 135, 969, 46;
38, 250, 15, 568, -80, 9, 150, 977, 62;
38, 248, 15, 561, -99, 8, 148, 970, 61;
36, 245, 14, 550, -121, 4, 141, 958, 57;
33, 242, 12, 535, -145, 0, 132, 944, 49;
33, 240, 12, 524, -164, -1, 128, 937, 48;
30, 236, 10, 508, -187, -7, 119, 923, 42;
28, 233, 9, 491, -208, -11, 111, 912, 37;
29, 234, 11, 484, -218, -4, 116, 914, 45;
33, 238, 16, 486, -218, 11, 132, 928, 65;
28, 232, 12, 456, -248, -2, 111, 905, 48;
28, 231, 13, 443, -260, 1, 111, 903, 52;
27, 230, 13, 425, -275, 0, 106, 898, 51;
29, 232, 16, 417, -278, 11, 115, 906, 65;
24, 227, 12, 385, -304, -1, 94, 885, 49;
27, 230, 16, 377, -303, 12, 106, 897, 66;
19, 222, 10, 336, -335, -7, 76, 868, 41;
23, 226, 15, 330, -330, 8, 90, 884, 61;
18, 221, 12, 296, -352, -3, 70, 865, 46;
15, 220, 11, 270, -365, -6, 60, 858, 43;
15, 220, 12, 250, -369, -1, 60, 860, 48;
12, 218, 11, 222, -381, -5, 50, 853, 44;
15, 222, 15, 210, -376, 7, 59, 866, 60;
11, 218, 12, 176, -390, 0, 43, 853, 50;
10, 219, 14, 155, -391, 3, 42, 857, 55;
5, 215, 10, 117, -407, -7, 22, 841, 41;
4, 216, 11, 94, -408, -4, 18, 843, 45;
6, 219, 15, 78, -400, 6, 25, 856, 58;
1, 216, 11, 41, -412, -3, 6, 842, 45;
-2, 213, 9, 7, -420, -10, -9, 833, 37;
0, 217, 13, -8, -409, 0, -1, 847, 51;
-4, 215, 11, -42, -415, -6, -16, 839, 43;
-2, 219, 14, -57, -401, 5, -8, 855, 58;
-2, 220, 16, -79, -394, 10, -9, 861, 63;
-5, 220, 15, -109, -394, 6, -20, 858, 59;
-5, 221, 16, -132, -387, 9, -23, 864, 63;
-8, 221, 15, -160, -383, 8, -31, 864, 61;
-11, 219, 13, -193, -384, 1, -46, 857, 52;
-12, 221, 14, -214, -373, 5, -47, 865, 57;
-16, 220, 12, -245, -372, -1, -62, 859, 48;
-15, 223, 14, -264, -357, 4, -61, 870, 56;
-16, 224, 14, -286, -347, 5, -65, 875, 57;
-22, 221, 11, -321, -348, -6, -85, 864, 43;
-24, 222, 10, -345, -339, -8, -93, 866, 40;
-23, 224, 12, -361, -322, -2, -92, 877, 47;
-25, 226, 12, -382, -310, -2, -97, 881, 47;
-22, 231, 16, -389, -285, 9, -87, 901, 62;
-28, 227, 10, -425, -287, -6, -112, 886, 42;
-25, 233, 15, -428, -258, 7, -98, 910, 60;
-29, 231, 12, -455, -253, -2, -115, 903, 47;
-26, 237, 16, -458, -224, 11, -102, 926, 65;
-30, 235, 13, -483, -218, 0, -119, 918, 51;
-30, 238, 14, -495, -199, 3, -119, 928, 55;
-34, 236, 10, -518, -193, -7, -136, 921, 42;
-35, 238, 11, -528, -173, -5, -136, 930, 44;
-35, 240, 11, -538, -155, -5, -138, 937, 44;
-33, 245, 14, -538, -128, 4, -129, 956, 56;
-37, 243, 10, -557, -121, -6, -145, 948, 42;
-35, 247, 13, -557, -95, 0, -138, 965, 51;
-35, 249, 13, -561, -74, 2, -137, 974, 53;
-39, 247, 10, -577, -67, -9, -153, 966, 39;
-36, 252, 12, -571, -39, 0, -142, 984, 50;
-33, 257, 15, -564, -11, 8, -132, 1002, 61;
-37, 255, 12, -575, -1, -1, -144, 998, 49;
-35, 258, 13, -570, 21, 2, -139, 1009, 53;
-39, 256, 9, -581, 27, -10, -155, 1001, 37;
-36, 261, 12, -569, 55, -1, -143, 1019, 48;
-37, 261, 11, -569, 70, -6, -148, 1020, 43;
-33, 267, 14, -552, 101, 5, -131, 1042, 58;
-37, 264, 10, -559, 105, -8, -147, 1032, 40;
-31, 272, 16, -531, 143, 11, -121, 1063, 64;
-33, 271, 13, -532, 152, 1, -130, 1058, 52;
-33, 272, 12, -523, 168, 0, -130, 1062, 50;
-29, 277, 16, -500, 197, 11, -113, 1083, 64;
-28, 279, 16, -487, 214, 11, -110, 1089, 64;
-30, 278, 13, -482, 221, 2, -117, 1084, 53;
-29, 279, 13, -467, 237, 1, -114, 1090, 53;
-25, 283, 16, -442, 261, 10, -99, 1106, 64;
-31, 278, 9, -446, 255, -10, -121, 1086, 38;
-27, 282, 12, -420, 277, -2, -107, 1101, 47;
-25, 284, 12, -399, 293, 0, -99, 1109, 50;
-25, 284, 11, -384, 302, -5, -100, 1108, 44;
-25, 284, 10, -367, 310, -9, -100, 1108, 39;
-20, 289, 14, -332, 336, 4, -78, 1129, 56;
-22, 286, 10, -323, 334, -8, -88, 1117, 40;
-14, 293, 16, -280, 364, 11, -58, 1146, 65;
-17, 290, 12, -270, 359, -2, -69, 1132, 47;
-14, 293, 14, -239, 375, 4, -55, 1143, 56;
-14, 292, 12, -220, 377, -1, -56, 1139, 49;
-12, 293, 12, -195, 384, 0, -49, 1143, 50;
-12, 292, 11, -172, 387, -4, -47, 1140, 45;
-7, 295, 14, -138, 401, 4, -30, 1153, 56;
-6, 295, 13, -114, 402, 1, -26, 1151, 52;
-6, 294, 12, -92, 401, -2, -25, 1147, 47;
-2, 297, 14, -57, 412, 5, -9, 1158, 57;
0, 296, 14, -31, 413, 4, -3, 1158, 56;
0, 296, 13, -6, 412, 2, 1, 1156, 54;
4, 298, 16, 27, 418, 9, 15, 1164, 62;
3, 295, 13, 46, 409, 1, 12, 1154, 52;
5, 296, 13, 74, 409, 2, 20, 1154, 54;
5, 294, 12, 97, 402, -1, 23, 1149, 49;
10, 297, 16, 134, 409, 9, 42, 1160, 62;
10, 294, 13, 153, 397, 2, 40, 1150, 53;
12, 294, 14, 181, 393, 4, 49, 1150, 56;
12, 292, 12, 200, 381, -2, 47, 1140, 48;
12, 290, 11, 222, 370, -5, 49, 1133, 43;
12, 288, 9, 242, 358, -9, 50, 1125, 38;
14, 287, 9, 265, 348, -10, 55, 1120, 37;
22, 292, 15, 308, 358, 9, 85, 1141, 62;
18, 286, 10, 315, 331, -7, 71, 1117, 41;
20, 286, 11, 339, 322, -5, 79, 1115, 44;
21, 285, 11, 361, 311, -4, 85, 1112, 45;
24, 285, 12, 384, 301, -1, 94, 1111, 49;
29, 287, 16, 417, 301, 11, 115, 1122, 65;
28, 284, 14, 429, 280, 4, 111, 1108, 56;
25, 278, 10, 434, 253, -7, 100, 1088, 41;
33, 283, 16, 470, 258, 11, 128, 1106, 65;
33, 281, 16, 485, 241, 10, 131, 1099, 64;
34, 279, 15, 498, 223, 8, 132, 1090, 62;
32, 275, 13, 503, 197, 0, 125, 1073, 51;
36, 277, 16, 527, 192, 11, 143, 1082, 65;
36, 274, 15, 535, 171, 8, 141, 1071, 61;
31, 267, 10, 529, 137, -7, 124, 1044, 41;
34, 268, 12, 544, 125, 0, 134, 1046, 49;
38, 269, 16, 563, 117, 9, 149, 1052, 63;
35, 264, 12, 558, 88, -1, 137, 1031, 49;
36, 263, 13, 565, 71, 0, 141, 1027, 51;
37, 262, 14, 573, 55, 4, 146, 1024, 56;
35, 258, 12, 570, 30, -1, 139, 1009, 48;
40, 261, 16, 584, 23, 11, 156, 1018, 64;
36, 256, 13, 574, -5, 1, 143, 998, 52;
34, 251, 10, 565, -33, -7, 133, 981, 41;
33, 249, 10, 562, -52, -7, 132, 973, 41;
37, 251, 14, 571, -59, 4, 147, 982, 57;
38, 251, 15, 570, -74, 8, 150, 979, 61;
38, 249, 15, 563, -93, 8, 148, 972, 61;
34, 244, 12, 548, -120, 0, 135, 954, 50;
32, 241, 11, 534, -144, -5, 127, 941, 44;
34, 242, 13, 531, -154, 1, 134, 943, 53;
30, 236, 10, 510, -183, -8, 118, 924, 40;
31, 236, 11, 503, -195, -3, 121, 924, 46;
28, 233, 10, 484, -218, -9, 110, 910, 39;
26, 231, 9, 467, -236, -11, 104, 901, 36;
27, 230, 10, 456, -248, -7, 105, 900, 41;
26, 230, 11, 442, -261, -5, 104, 897, 43;
24, 227, 9, 419, -281, -10, 93, 885, 37;
26, 229, 13, 414, -282, 2, 105, 896, 53;
25, 228, 13, 393, -297, 0, 98, 889, 52;
25, 227, 14, 376, -307, 4, 97, 889, 56;
20, 223, 10, 344, -330, -6, 78, 870, 42;
24, 227, 16, 341, -324, 11, 95, 888, 64;
20, 224, 13, 310, -343, 2, 79, 874, 54;
16, 220, 11, 278, -361, -5, 63, 859, 43;
15, 220, 12, 258, -367, -2, 61, 860, 47;
16, 221, 14, 240, -369, 3, 63, 865, 55;
13, 219, 12, 210, -382, -1, 51, 856, 49;
14, 221, 15, 192, -380, 6, 54, 863, 59;
6, 215, 9, 148, -405, -11, 25, 838, 36;
7, 216, 11, 129, -403, -4, 27, 845, 45;
3, 214, 10, 97, -412, -9, 14, 837, 39;
1, 214, 9, 70, -416, -10, 6, 835, 37;
7, 221, 16, 66, -395, 12, 28, 862, 66;
0, 214, 10, 19, -416, -7, -2, 838, 42;
-3, 213, 9, -10, -420, -10, -13, 834, 37;
-3, 215, 11, -31, -414, -4, -12, 841, 44;
-6, 213, 9, -64, -418, -10, -26, 834, 37;
-2, 220, 15, -72, -397, 8, -10, 858, 60;
-6, 218, 13, -105, -400, 2, -23, 852, 53;
-4, 222, 16, -122, -386, 11, -18, 866, 65;
-9, 219, 13, -158, -392, 1, -38, 854, 52;
-8, 222, 15, -176, -378, 9, -34, 866, 62;
-11, 221, 14, -205, -375, 5, -45, 865, 58;
-18, 216, 9, -248, -385, -12, -74, 845, 35;
-17, 220, 11, -264, -369, -3, -69, 858, 46;
-20, 220, 10, -290, -362, -6, -78, 859, 42;
-19, 223, 13, -307, -345, 0, -76, 870, 51;
-19, 225, 14, -326, -331, 3, -77, 879, 55;
-26, 221, 9, -363, -335, -11, -101, 864, 36;
-27, 222, 9, -384, -323, -12, -107, 868, 35;
-21, 231, 16, -381, -287, 11, -83, 902, 65;
-27, 228, 11, -415, -288, -3, -106, 889, 46;
-27, 230, 13, -429, -270, 0, -106, 899, 51;
-28, 232, 13, -446, -254, 1, -109, 906, 52;
-31, 231, 11, -470, -246, -6, -122, 902, 43;
-29, 235, 14, -476, -221, 3, -115, 920, 55;
-31, 236, 13, -493, -207, 0, -121, 923, 51;
-31, 238, 13, -504, -189, 2, -123, 931, 53;
-33, 239, 12, -519, -175, 0, -130, 933, 49;
-36, 238, 10, -539, -165, -9, -143, 930, 39;
-31, 246, 16, -530, -129, 9, -122, 959, 62;
-34, 245, 13, -546, -118, 2, -133, 957, 53;
-34, 247, 14, -552, -98, 3, -133, 966, 55;
-34, 249, 14, -557, -78, 4, -133, 974, 56;
-37, 249, 11, -570, -67, -3, -145, 971, 46;
-35, 252, 13, -567, -42, 2, -138, 986, 54;
-33, 257, 16, -562, -15, 9, -130, 1002, 63;
-35, 257, 14, -569, -2, 3, -137, 1002, 55;
-35, 259, 14, -568, 17, 4, -137, 1010, 56;
-34, 261, 14, -566, 37, 5, -135, 1018, 57;
-37, 259, 11, -574, 46, -5, -148, 1012, 44;
-38, 260, 10, -574, 61, -9, -151, 1014, 39;
-32, 268, 16, -549, 99, 10, -126, 1045, 63;
-36, 265, 11, -557, 104, -3, -142, 1035, 46;
-33, 269, 14, -541, 130, 4, -130, 1052, 56;
-37, 266, 9, -548, 133, -11, -147, 1039, 36;
-32, 273, 14, -522, 167, 4, -125, 1066, 56;
-35, 270, 10, -524, 170, -9, -139, 1055, 39;
-29, 278, 15, -494, 205, 8, -114, 1084, 61;
-33, 274, 10, -496, 207, -6, -130, 1071, 42;
-28, 280, 15, -467, 237, 6, -109, 1094, 59;
-31, 277, 11, -465, 239, -6, -121, 1083, 43;
-28, 280, 12, -444, 258, -2, -113, 1094, 47;
-30, 279, 10, -433, 266, -9, -117, 1091, 39;
-27, 282, 11, -409, 286, -3, -105, 1103, 46;
-20, 289, 16, -374, 314, 11, -81, 1127, 65;
-21, 288, 14, -361, 320, 4, -85, 1123, 56;
-19, 289, 15, -338, 334, 6, -77, 1130, 58;
-17, 291, 16, -312, 348, 9, -68, 1138, 63;
-19, 289, 12, -302, 347, -2, -77, 1127, 48;
-20, 288, 10, -284, 351, -8, -78, 1123, 40;
-15, 292, 14, -249, 371, 2, -59, 1141, 54;
-17, 289, 9, -237, 366, -9, -68, 1128, 38;
-14, 291, 11, -208, 377, -5, -57, 1135, 43;
-9, 295, 14, -171, 395, 5, -36, 1152, 58;
-12, 291, 9, -161, 385, -9, -50, 1135, 38;
-9, 293, 11, -130, 394, -5, -37, 1142, 44;
-7, 293, 11, -102, 399, -4, -29, 1145, 45;
-7, 292, 10, -79, 398, -7, -27, 1142, 41;
-2, 295, 13, -44, 408, 0, -11, 1152, 51;
0, 296, 14, -14, 412, 3, 0, 1156, 54;
0, 295, 13, 9, 410, 0, 3, 1154, 52;
0, 293, 11, 30, 403, -5, 2, 1145, 44;
5, 297, 14, 68, 412, 5, 22, 1158, 57;
4, 294, 11, 86, 401, -3, 18, 1146, 46;
8, 295, 13, 119, 404, 2, 32, 1153, 54;
7, 292, 11, 137, 391, -5, 28, 1141, 44;
13, 297, 16, 178, 401, 9, 54, 1158, 63;
15, 296, 16, 205, 396, 10, 61, 1157, 64;
14, 292, 13, 219, 379, 0, 55, 1141, 51;
14, 290, 11, 239, 366, -4, 55, 1132, 45;
17, 291, 13, 269, 363, 0, 67, 1136, 52;
17, 289, 11, 288, 349, -3, 68, 1127, 46;
16, 285, 9, 303, 331, -11, 64, 1113, 36;
19, 285, 10, 330, 324, -6, 75, 1115, 42;
20, 284, 10, 351, 312, -7, 80, 1110, 41;
22, 284, 11, 374, 302, -4, 88, 1109, 45;
28, 287, 16, 409, 304, 10, 112, 1122, 64;
28, 284, 14, 423, 285, 5, 110, 1111, 57;
28, 282, 14, 439, 269, 3, 112, 1103, 54;
32, 283, 16, 464, 262, 10, 126, 1107, 64;
33, 282, 16, 481, 247, 11, 131, 1102, 65;
30, 277, 12, 484, 219, 0, 119, 1081, 50;
31, 275, 12, 496, 201, -1, 121, 1073, 48;
33, 275, 14, 515, 189, 3, 131, 1074, 55;
33, 272, 13, 523, 169, 0, 130, 1063, 51;
37, 274, 16, 544, 161, 11, 146, 1070, 64;
32, 267, 11, 537, 127, -5, 128, 1042, 44;
34, 266, 12, 547, 111, -3, 133, 1038, 47;
32, 262, 9, 548, 85, -9, 126, 1023, 38;
38, 266, 15, 571, 84, 7, 149, 1038, 60;
34, 259, 10, 561, 51, -6, 132, 1013, 42;
36, 259, 12, 569, 37, -1, 140, 1012, 49;
36, 257, 12, 571, 17, -1, 140, 1005, 49;
40, 259, 16, 584, 10, 10, 156, 1013, 64;
40, 258, 16, 584, -7, 11, 156, 1007, 65;
35, 251, 12, 567, -41, -3, 138, 981, 46;
35, 250, 12, 567, -58, 0, 140, 977, 50;
39, 252, 16, 574, -65, 11, 154, 985, 64;
33, 244, 10, 550, -103, -7, 129, 954, 41;
34, 244, 12, 548, -116, -2, 133, 954, 47;
36, 245, 14, 548, -126, 6, 142, 957, 58;
36, 243, 15, 539, -144, 6, 140, 951, 58;
29, 236, 9, 510, -180, -11, 115, 922, 36;
30, 236, 11, 505, -192, -6, 119, 923, 43;
28, 233, 9, 487, -213, -10, 110, 910, 37;
27, 231, 9, 472, -231, -11, 105, 903, 36;
31, 235, 14, 473, -231, 4, 122, 917, 56;
32, 235, 16, 464, -240, 10, 126, 919, 64;
23, 227, 9, 424, -278, -12, 93, 885, 35;
23, 226, 9, 408, -290, -10, 91, 882, 38;
23, 226, 10, 392, -300, -6, 91, 882, 42;
26, 229, 15, 387, -299, 7, 103, 894, 60;
22, 225, 13, 358, -319, 0, 89, 880, 51;
18, 221, 10, 327, -341, -9, 71, 864, 39;
17, 221, 10, 308, -349, -6, 69, 863, 42;
14, 218, 9, 279, -364, -12, 57, 853, 35;
14, 218, 10, 259, -371, -9, 55, 853, 39;
14, 219, 12, 240, -374, -3, 56, 857, 46;
11, 217, 10, 211, -386, -7, 45, 849, 41;
8, 215, 9, 182, -397, -11, 33, 841, 36;
13, 221, 15, 175, -384, 7, 50, 862, 59;
12, 222, 16, 154, -385, 11, 49, 866, 65;
5, 216, 11, 110, -407, -6, 21, 842, 43;
2, 214, 10, 80, -414, -9, 10, 837, 39;
2, 215, 11, 57, -413, -5, 8, 840, 43;
5, 220, 16, 47, -397, 11, 22, 861, 64;
1, 218, 13, 11, -407, 2, 5, 850, 54;
-3, 214, 10, -25, -417, -7, -14, 837, 41;
-4, 215, 11, -49, -412, -4, -16, 842, 45;
-8, 213, 9, -82, -417, -11, -31, 834, 37;
-5, 218, 13, -96, -401, 2, -21, 852, 54;
-6, 219, 14, -121, -396, 3, -26, 855, 55;
-13, 214, 9, -163, -407, -12, -52, 837, 35;
-12, 217, 11, -181, -393, -4, -49, 849, 45;
-12, 219, 13, -202, -382, 0, -49, 857, 51;
-10, 224, 16, -216, -364, 11, -42, 873, 65;
-14, 222, 14, -247, -362, 5, -56, 869, 57;
-18, 220, 12, -279, -362, -3, -72, 861, 46;
-20, 221, 11, -305, -355, -5, -81, 862, 43;
-23, 220, 9, -333, -349, -10, -93, 860, 37;
-25, 221, 9, -356, -339, -12, -100, 862, 35;
-22, 226, 13, -364, -314, 1, -89, 884, 52;
-23, 228, 14, -382, -299, 3, -91, 891, 55;
-26, 227, 12, -408, -292, -2, -104, 888, 47;
-24, 232, 15, -416, -267, 8, -95, 907, 61;
-25, 234, 16, -432, -251, 9, -98, 914, 62;
-29, 232, 13, -458, -246, 0, -114, 908, 50;
-31, 232, 11, -479, -235, -5, -124, 907, 44;
-32, 234, 11, -492, -217, -3, -126, 915, 46;
-34, 235, 10, -510, -205, -7, -134, 916, 41;
-33, 238, 12, -518, -183, -3, -131, 928, 47;
-31, 242, 15, -520, -156, 6, -122, 947, 58;
-31, 245, 16, -526, -134, 9, -121, 958, 63;
-36, 242, 11, -550, -131, -4, -141, 946, 44;
-31, 249, 16, -541, -96, 11, -122, 974, 65;
-35, 248, 13, -558, -87, 1, -137, 968, 52;
-32, 252, 16, -554, -60, 10, -127, 986, 63;
-37, 250, 12, -571, -53, -2, -144, 977, 47;
-36, 253, 13, -571, -31, 0, -141, 989, 52;
-37, 254, 12, -575, -14, -2, -145, 992, 48;
-40, 253, 9, -585, -5, -11, -157, 987, 36;
-34, 260, 15, -566, 32, 6, -134, 1017, 59;
-37, 259, 12, -573, 41, -3, -145, 1013, 47;
-34, 263, 14, -562, 67, 3, -136, 1028, 55;
-36, 263, 12, -563, 81, -1, -141, 1028, 48;
-36, 264, 11, -559, 97, -4, -143, 1032, 45;
-37, 265, 10, -556, 112, -7, -146, 1035, 41;
-33, 270, 13, -538, 140, 1, -132, 1054, 53;
-35, 269, 11, -535, 151, -5, -139, 1051, 43;
-30, 275, 15, -511, 182, 7, -119, 1074, 60;
-35, 271, 9, -517, 181, -10, -138, 1058, 38;
-31, 276, 12, -494, 208, 0, -123, 1077, 50;
-28, 280, 15, -471, 232, 7, -109, 1093, 60;
-28, 280, 14, -460, 244, 4, -110, 1094, 56;
-31, 277, 9, -457, 246, -10, -123, 1083, 38;
-29, 280, 11, -435, 265, -5, -113, 1094, 44;
-26, 283, 13, -411, 285, 0, -101, 1106, 51;
-24, 285, 13, -392, 299, 0, -97, 1112, 51;
-23, 286, 13, -372, 311, 0, -92, 1116, 50;
-21, 288, 14, -347, 327, 3, -82, 1125, 55;
-22, 286, 11, -335, 330, -5, -88, 1118, 44;
-16, 292, 16, -297, 355, 9, -64, 1141, 62;
-20, 288, 11, -290, 349, -6, -78, 1125, 43;
-16, 291, 13, -259, 365, 0, -63, 1137, 51;
-17, 290, 11, -242, 367, -6, -66, 1131, 42;
-9, 296, 16, -199, 392, 11, -37, 1156, 65;
-8, 297, 16, -174, 399, 11, -31, 1159, 65;
-12, 291, 10, -168, 385, -8, -49, 1136, 40;
-12, 290, 9, -145, 387, -11, -47, 1134, 36;
-9, 291, 9, -117, 392, -9, -38, 1138, 38;
-9, 291, 9, -92, 393, -12, -35, 1136, 35;
-3, 295, 13, -53, 408, 0, -13, 1152, 51;
1, 298, 16, -17, 419, 9, 5, 1164, 63;
1, 296, 14, 3, 413, 3, 4, 1157, 55;
2, 296, 13, 29, 411, 2, 9, 1155, 53;
4, 296, 13, 56, 410, 2, 16, 1155, 53;
4, 294, 12, 79, 404, -1, 18, 1149, 48;
3, 291, 9, 97, 392, -10, 13, 1137, 37;
10, 296, 14, 138, 403, 4, 39, 1154, 57;
6, 290, 9, 149, 383, -10, 26, 1134, 38;
13, 295, 14, 191, 393, 5, 52, 1151, 57;
11, 290, 11, 204, 374, -6, 44, 1134, 43;
13, 291, 11, 232, 369, -3, 54, 1134, 46;
18, 292, 14, 265, 369, 4, 70, 1142, 56;
17, 289, 12, 281, 352, -3, 66, 1128, 47;
20, 290, 14, 310, 348, 2, 80, 1132, 54;
17, 284, 9, 318, 323, -11, 67, 1110, 36;
21, 286, 12, 349, 321, -2, 84, 1117, 48;
20, 282, 9, 361, 300, -10, 79, 1102, 37;
26, 286, 14, 397, 303, 4, 103, 1117, 56;
27, 285, 14, 417, 290, 5, 108, 1112, 57;
26, 281, 12, 427, 268, -2, 103, 1098, 47;
25, 277, 9, 437, 246, -10, 98, 1082, 38;
29, 279, 13, 464, 241, 0, 116, 1090, 51;
33, 280, 15, 488, 234, 9, 130, 1095, 62;
34, 279, 16, 503, 218, 9, 135, 1090, 63;
32, 275, 13, 508, 193, 1, 128, 1073, 53;
31, 271, 11, 513, 169, -5, 122, 1058, 44;
30, 267, 9, 519, 145, -10, 118, 1044, 37;
37, 273, 16, 550, 149, 10, 147, 1065, 64;
35, 268, 13, 550, 122, 2, 138, 1047, 53;
39, 269, 16, 567, 113, 11, 152, 1052, 65;
33, 261, 10, 553, 74, -8, 129, 1020, 40;
32, 258, 9, 555, 52, -11, 126, 1009, 36;
35, 259, 12, 566, 41, -3, 137, 1012, 46;
37, 260, 14, 577, 30, 4, 148, 1015, 56;
38, 258, 14, 578, 10, 4, 148, 1008, 56;
38, 257, 14, 579, -6, 5, 150, 1002, 58;
38, 255, 15, 578, -25, 6, 150, 996, 59;
37, 252, 14, 572, -48, 3, 145, 984, 54;
38, 251, 15, 571, -63, 6, 148, 981, 59;
36, 248, 13, 562, -86, 2, 142, 970, 54;
37, 248, 15, 560, -101, 7, 146, 968, 59;
36, 246, 14, 551, -120, 5, 142, 959, 58;
34, 243, 13, 538, -142, 2, 136, 948, 53;
36, 243, 15, 534, -154, 8, 141, 949, 61;
31, 238, 11, 511, -183, -3, 123, 928, 46;
32, 237, 13, 502, -197, 0, 125, 926, 51;
30, 234, 11, 485, -217, -3, 117, 915, 46;
26, 230, 9, 463, -241, -11, 103, 899, 36;
30, 234, 14, 463, -241, 5, 120, 914, 57;
28, 231, 13, 442, -260, 0, 110, 903, 51;
26, 229, 12, 422, -278, -2, 102, 894, 48;
29, 232, 16, 417, -277, 11, 115, 906, 65;
23, 226, 12, 383, -305, -2, 93, 884, 48;
23, 226, 13, 366, -314, 1, 92, 883, 52;
19, 222, 10, 335, -336, -9, 74, 866, 39;
22, 226, 15, 329, -331, 7, 89, 882, 59;
21, 225, 15, 308, -340, 8, 85, 880, 61;
13, 218, 9, 264, -371, -11, 53, 851, 36;
15, 220, 12, 250, -369, -1, 60, 860, 48;
14, 220, 13, 229, -374, 1, 58, 861, 52;
12, 219, 12, 201, -384, -1, 49, 855, 49;
14, 221, 15, 186, -380, 8, 55, 865, 61;
12, 221, 15, 160, -386, 8, 48, 863, 61;
9, 220, 14, 131, -394, 5, 38, 858, 58;
6, 217, 13, 99, -403, 0, 25, 850, 51;
5, 218, 13, 73, -404, 1, 20, 850, 53;
0, 214, 9, 34, -418, -10, -1, 835, 38;
4, 220, 16, 29, -398, 11, 18, 861, 65;
0, 218, 14, -5, -406, 3, 2, 851, 55;
-2, 216, 12, -38, -411, -1, -11, 844, 48;
-2, 219, 15, -56, -401, 6, -7, 855, 58;
-4, 218, 14, -86, -401, 3, -18, 853, 55;
-4, 220, 15, -108, -393, 7, -19, 859, 60;
-7, 220, 14, -137, -391, 5, -29, 858, 57;
-11, 218, 12, -171, -394, -2, -45, 850, 47;
-14, 217, 10, -201, -393, -7, -57, 846, 41;
-15, 218, 11, -224, -383, -5, -61, 852, 44;
-12, 224, 16, -233, -359, 10, -47, 875, 64;
-16, 222, 13, -265, -359, 2, -63, 868, 54;
-21, 219, 10, -300, -361, -8, -83, 857, 40;
-20, 223, 12, -316, -344, -1, -80, 870, 49;
-22, 224, 12, -338, -333, -1, -85, 874, 48;
-23, 225, 12, -360, -321, -1, -91, 878, 48;
-26, 224, 10, -387, -315, -7, -104, 875, 41;
-27, 226, 11, -405, -300, -5, -106, 883, 43;
-24, 231, 14, -412, -274, 6, -96, 902, 58;
-24, 233, 16, -426, -256, 9, -96, 912, 62;
-27, 234, 14, -448, -245, 5, -106, 912, 57;
-26, 237, 16, -457, -223, 12, -101, 927, 66;
-28, 237, 15, -476, -211, 8, -110, 928, 61;
-32, 236, 12, -499, -203, 0, -124, 923, 49;
-31, 239, 13, -508, -183, 2, -124, 933, 54;
-34, 239, 12, -525, -171, -2, -133, 933, 47;
-30, 245, 16, -521, -139, 11, -118, 958, 65;
-34, 243, 12, -543, -133, 0, -135, 949, 50;
-33, 247, 14, -545, -108, 5, -130, 964, 57;
-35, 247, 13, -557, -95, 0, -138, 964, 50;
-35, 249, 13, -561, -74, 2, -137, 974, 54;
-39, 247, 10, -577, -66, -9, -152, 967, 39;
-35, 253, 13, -569, -36, 1, -139, 987, 53;
-34, 257, 15, -565, -11, 7, -133, 1002, 60;
-39, 253, 9, -583, -10, -10, -155, 987, 38;
-33, 261, 16, -562, 29, 10, -129, 1020, 64;
-35, 261, 14, -568, 41, 3, -138, 1018, 54;
-32, 265, 16, -557, 68, 10, -128, 1034, 63;
-37, 262, 11, -567, 72, -4, -145, 1023, 45;
-31, 269, 16, -546, 107, 11, -124, 1050, 65;
-31, 271, 16, -539, 126, 11, -122, 1057, 65;
-37, 265, 9, -553, 122, -10, -147, 1036, 38;
-33, 271, 13, -531, 153, 2, -129, 1059, 53;
-35, 270, 10, -530, 161, -7, -139, 1053, 41;
-34, 272, 11, -517, 179, -6, -134, 1061, 43;
-28, 279, 16, -487, 214, 11, -109, 1089, 65;
-28, 280, 15, -476, 227, 8, -110, 1092, 61;
-26, 281, 16, -460, 245, 9, -105, 1099, 62;
-30, 278, 11, -459, 244, -6, -120, 1085, 43;
-27, 282, 13, -434, 267, 1, -106, 1101, 52;
-24, 285, 15, -411, 287, 6, -95, 1112, 59;
-26, 283, 12, -401, 291, -2, -102, 1106, 47;
-24, 285, 12, -380, 305, -1, -96, 1112, 49;
-26, 283, 9, -369, 309, -10, -102, 1106, 37;
-18, 291, 16, -327, 341, 10, -71, 1136, 63;
-22, 286, 10, -322, 334, -7, -88, 1117, 41;
-19, 289, 12, -295, 349, -3, -76, 1127, 46;
-18, 290, 12, -271, 359, -2, -70, 1131, 47;
-12, 295, 16, -234, 380, 9, -48, 1150, 63;
-17, 289, 9, -229, 368, -10, -67, 1128, 38;
-11, 293, 13, -192, 387, 1, -46, 1145, 52;
-7, 297, 16, -157, 403, 11, -27, 1160, 65;
-11, 291, 10, -150, 388, -8, -45, 1138, 40;
-5, 296, 14, -111, 406, 4, -22, 1155, 57;
-5, 295, 13, -89, 405, 0, -21, 1151, 51;
-7, 292, 9, -73, 397, -10, -28, 1139, 38;
-3, 293, 11, -41, 403, -5, -15, 1146, 44;
-2, 293, 11, -15, 403, -6, -10, 1144, 43;
1, 296, 13, 20, 411, 2, 7, 1155, 53;
0, 293, 11, 38, 402, -6, 3, 1144, 43;
2, 292, 10, 64, 398, -7, 8, 1141, 41;
4, 292, 10, 91, 396, -6, 16, 1142, 42;
6, 293, 12, 121, 396, -3, 27, 1145, 47;
8, 293, 12, 148, 391, -3, 33, 1143, 46;
9, 291, 10, 170, 383, -6, 35, 1137, 42;
14, 294, 14, 208, 388, 5, 56, 1149, 57;
16, 294, 15, 234, 383, 6, 65, 1148, 59;
14, 289, 11, 247, 362, -5, 56, 1130, 44;
14, 287, 9, 266, 349, -9, 56, 1121, 38;
22, 293, 16, 309, 359, 10, 87, 1143, 63;
16, 285, 9, 310, 327, -11, 65, 1111, 36;
21, 286, 12, 341, 325, -2, 82, 1119, 47;
23, 286, 12, 364, 315, 0, 90, 1116, 50;
21, 282, 9, 376, 293, -9, 83, 1100, 38;
24, 282, 11, 401, 285, -4, 95, 1102, 45;
27, 283, 13, 426, 278, 2, 108, 1106, 54;
31, 285, 16, 453, 273, 11, 124, 1112, 65;
25, 276, 9, 447, 235, -11, 100, 1078, 37;
31, 279, 14, 477, 233, 3, 122, 1090, 55;
28, 274, 10, 480, 205, -8, 111, 1069, 40;
29, 273, 10, 496, 190, -6, 116, 1065, 42;
31, 272, 11, 511, 176, -3, 123, 1063, 46;
34, 272, 13, 528, 164, 1, 132, 1062, 52;
33, 270, 12, 536, 144, 0, 132, 1053, 50;
33, 266, 11, 540, 121, -5, 129, 1040, 44;
34, 265, 12, 550, 104, -3, 133, 1036, 46;
33, 262, 10, 553, 82, -6, 130, 1024, 42;
39, 266, 16, 577, 82, 11, 155, 1041, 65;
38, 263, 15, 576, 58, 7, 150, 1028, 60;
38, 261, 14, 577, 37, 5, 149, 1018, 57;
34, 255, 10, 566, 6, -6, 134, 996, 42;
37, 256, 13, 575, -4, 1, 144, 999, 52;
38, 255, 14, 577, -20, 5, 148, 996, 57;
35, 251, 12, 568, -46, -1, 139, 981, 48;
34, 248, 10, 560, -70, -6, 132, 967, 42;
32, 245, 10, 552, -92, -9, 128, 957, 39;
32, 243, 10, 546, -110, -8, 127, 950, 39;
35, 245, 13, 549, -119, 1, 138, 956, 52;
33, 241, 11, 536, -142, -3, 129, 943, 46;
35, 243, 15, 536, -150, 6, 140, 949, 59;
32, 239, 12, 517, -176, -1, 126, 932, 48;
28, 234, 9, 495, -203, -11, 111, 913, 36;
27, 232, 9, 481, -220, -11, 107, 907, 36;
33, 237, 15, 487, -216, 8, 129, 926, 61;
29, 233, 12, 463, -241, 0, 114, 909, 49;
28, 231, 13, 447, -256, 0, 111, 904, 51;
27, 230, 12, 429, -272, -1, 105, 897, 49;
28, 231, 15, 419, -277, 7, 111, 903, 60;
22, 225, 10, 385, -306, -7, 88, 879, 41;
27, 229, 16, 383, -301, 10, 105, 896, 64;
20, 223, 10, 344, -330, -6, 79, 870, 42;
20, 223, 12, 328, -336, -1, 80, 873, 49;
20, 224, 13, 309, -343, 2, 79, 873, 54;
14, 218, 9, 273, -366, -10, 57, 853, 37;
17, 222, 13, 262, -362, 2, 67, 866, 53;
16, 221, 14, 239, -369, 3, 63, 865, 55;
17, 223, 16, 222, -369, 11, 66, 871, 64;
9, 217, 11, 179, -393, -6, 38, 847, 43;
11, 220, 14, 164, -389, 3, 44, 858, 55;
7, 216, 11, 129, -402, -4, 28, 846, 45;
7, 218, 14, 110, -399, 3, 31, 854, 55;
6, 219, 14, 85, -401, 4, 25, 854, 56;
6, 220, 16, 64, -397, 10, 25, 860, 63;
-1, 214, 9, 16, -419, -10, -5, 834, 38;
2, 219, 15, 7, -402, 7, 9, 856, 60;
2, 221, 16, -14, -397, 12, 8, 862, 66;
-1, 219, 15, -47, -401, 6, -5, 855, 58;
-2, 220, 15, -73, -398, 7, -10, 858, 60;
-10, 214, 9, -119, -414, -11, -41, 835, 36;
-7, 219, 14, -130, -395, 2, -29, 855, 54;
-13, 215, 9, -170, -404, -10, -52, 840, 37;
-11, 219, 13, -184, -385, 1, -43, 857, 53;
-14, 219, 12, -213, -383, -2, -55, 854, 47;
-18, 217, 9, -247, -384, -10, -72, 847, 37;
-17, 220, 11, -264, -369, -4, -69, 858, 45;
-15, 224, 15, -277, -348, 7, -61, 876, 59;
-22, 220, 10, -315, -353, -7, -86, 860, 41;
-20, 224, 13, -329, -334, 0, -81, 875, 51;
-23, 224, 12, -353, -326, -2, -90, 876, 48;
-21, 229, 15, -364, -303, 7, -82, 893, 60;
-23, 229, 14, -388, -294, 3, -92, 893, 55;
-23, 231, 15, -403, -276, 8, -91, 904, 62;
-30, 227, 9, -440, -281, -10, -120, 885, 37;
-28, 231, 12, -448, -257, 0, -112, 903, 49;
-27, 235, 15, -456, -233, 7, -105, 919, 60;
-32, 232, 10, -486, -231, -6, -127, 907, 42;
-31, 236, 13, -492, -207, 1, -121, 923, 52;
-33, 236, 11, -511, -196, -4, -131, 922, 45;
-32, 240, 13, -517, -173, 1, -127, 936, 52;
-32, 242, 14, -525, -152, 4, -125, 947, 56;
-34, 243, 13, -539, -138, 0, -134, 948, 51;
-31, 248, 16, -536, -108, 11, -121, 969, 65;
-35, 246, 12, -556, -102, 0, -139, 960, 49;
-38, 246, 10, -569, -90, -7, -149, 959, 41;
-34, 252, 15, -560, -57, 6, -133, 983, 58;
-36, 251, 12, -571, -46, -1, -143, 981, 48;
-38, 252, 11, -578, -31, -5, -149, 983, 44;
-35, 256, 13, -571, -4, 2, -139, 1000, 53;
-38, 255, 11, -578, 7, -5, -149, 998, 44;
-33, 262, 16, -561, 42, 10, -129, 1025, 64;
-36, 261, 13, -569, 51, 0, -141, 1019, 50;
-38, 260, 10, -572, 63, -7, -149, 1017, 42;
-32, 268, 16, -550, 99, 9, -127, 1045, 63;
-38, 263, 10, -562, 98, -9, -149, 1028, 39;
-37, 266, 10, -552, 119, -7, -144, 1038, 42;
-33, 271, 13, -533, 147, 2, -129, 1057, 54;
-30, 274, 15, -518, 171, 8, -120, 1070, 61;
-32, 274, 13, -512, 182, 2, -125, 1070, 54;
-31, 275, 13, -502, 198, 0, -124, 1074, 51;
-30, 277, 13, -487, 216, 2, -119, 1082, 53;
-29, 279, 13, -472, 232, 2, -115, 1088, 53;
-29, 279, 12, -460, 244, -1, -116, 1089, 48;
-25, 284, 15, -433, 269, 8, -99, 1107, 61;
-27, 282, 12, -425, 274, 0, -106, 1101, 49;
-24, 285, 14, -401, 293, 3, -96, 1112, 55;
-27, 282, 9, -395, 293, -9, -108, 1101, 38;
-26, 283, 10, -374, 306, -9, -102, 1106, 39;
-22, 287, 13, -344, 327, 0, -85, 1122, 50;
-21, 287, 11, -325, 335, -3, -84, 1122, 46;
-22, 286, 9, -309, 339, -9, -86, 1118, 38;
-16, 291, 14, -272, 362, 3, -64, 1138, 55;
-18, 288, 10, -260, 359, -8, -73, 1127, 40;
-13, 293, 14, -224, 379, 3, -52, 1144, 55;
-9, 296, 16, -192, 393, 10, -37, 1156, 64;
-10, 294, 14, -173, 393, 3, -39, 1149, 55;
-7, 295, 14, -145, 400, 5, -30, 1154, 57;
-11, 291, 9, -136, 389, -10, -44, 1135, 37;
-8, 292, 10, -105, 396, -6, -33, 1142, 42;
0, 299, 16, -59, 418, 12, -2, 1166, 66;
0, 299, 16, -33, 419, 11, 2, 1166, 64;
2, 299, 16, -6, 421, 11, 9, 1167, 65;
-1, 293, 11, 2, 403, -6, -5, 1144, 43;
4, 297, 15, 42, 415, 6, 17, 1160, 59;
0, 291, 9, 52, 396, -10, 2, 1138, 37;
5, 295, 13, 90, 405, 0, 23, 1151, 51;
4, 292, 10, 108, 393, -7, 19, 1140, 41;
8, 293, 12, 140, 394, -2, 32, 1145, 47;
10, 293, 13, 168, 391, 0, 42, 1146, 51;
12, 293, 12, 193, 384, 0, 47, 1142, 49;
17, 295, 16, 229, 388, 9, 66, 1153, 63;
18, 294, 16, 253, 380, 9, 72, 1149, 62;
20, 294, 16, 280, 373, 11, 81, 1149, 65;
22, 293, 16, 304, 364, 11, 87, 1146, 65;
18, 287, 11, 310, 338, -4, 72, 1122, 45;
21, 287, 12, 336, 330, -1, 82, 1122, 49;
22, 286, 12, 357, 319, 0, 88, 1118, 50;
25, 287, 14, 383, 311, 4, 99, 1119, 56;
21, 280, 9, 387, 282, -12, 84, 1094, 35;
25, 281, 11, 413, 275, -5, 97, 1098, 44;
26, 280, 11, 432, 262, -3, 103, 1094, 46;
25, 276, 9, 442, 240, -11, 98, 1079, 37;
31, 280, 14, 473, 239, 3, 121, 1092, 55;
34, 280, 16, 495, 230, 11, 134, 1095, 64;
29, 273, 10, 491, 196, -6, 115, 1067, 42;
33, 274, 13, 513, 188, 2, 130, 1072, 53;
34, 273, 14, 527, 173, 4, 135, 1068, 56;
34, 271, 13, 534, 152, 1, 134, 1057, 52;
34, 268, 12, 541, 131, -1, 133, 1048, 49;
33, 266, 11, 546, 110, -4, 131, 1037, 45;
37, 267, 15, 564, 102, 6, 146, 1043, 58;
33, 261, 10, 555, 68, -8, 129, 1018, 40;
33, 259, 10, 559, 49, -8, 131, 1011, 40;
35, 259, 12, 569, 36, -1, 140, 1012, 48;
33, 255, 9, 563, 9, -9, 130, 994, 38;
33, 252, 9, 563, -10, -10, 129, 986, 37;
38, 256, 15, 580, -11, 7, 152, 1002, 60;
39, 255, 16, 581, -28, 9, 154, 998, 63;
35, 250, 12, 565, -60, -2, 138, 975, 47;
33, 246, 10, 555, -85, -8, 129, 961, 40;
35, 246, 12, 556, -97, -1, 137, 962, 49;
32, 242, 10, 542, -123, -8, 125, 946, 39;
33, 242, 11, 538, -137, -4, 129, 944, 45;
37, 245, 16, 544, -140, 10, 146, 957, 64;
29, 236, 9, 511, -180, -11, 115, 922, 36;
32, 238, 12, 510, -186, 0, 126, 929, 50;
35, 240, 16, 509, -192, 10, 137, 937, 64;
27, 231, 9, 472, -231, -12, 105, 902, 35;
29, 233, 12, 468, -236, 0, 115, 911, 50;
28, 232, 13, 453, -250, 0, 113, 906, 51;
25, 228, 10, 429, -273, -7, 99, 891, 42;
24, 227, 10, 410, -288, -7, 94, 885, 41;
21, 224, 9, 387, -305, -11, 85, 876, 36;
20, 223, 9, 367, -319, -12, 79, 870, 36;
21, 224, 11, 354, -324, -4, 83, 875, 45;
24, 227, 16, 347, -321, 10, 96, 889, 63;
20, 223, 13, 315, -341, 0, 79, 872, 51;
18, 222, 12, 290, -354, -1, 70, 865, 48;
14, 218, 10, 259, -371, -9, 55, 853, 39;
12, 218, 10, 235, -379, -8, 49, 850, 40;
13, 219, 12, 218, -379, -1, 53, 857, 49;
10, 217, 11, 189, -390, -5, 41, 849, 44;
7, 215, 9, 158, -401, -10, 29, 841, 38;
7, 216, 11, 136, -403, -6, 27, 844, 43;
3, 214, 9, 105, -412, -10, 15, 836, 37;
2, 214, 9, 79, -414, -10, 9, 836, 38;
4, 218, 13, 65, -404, 2, 19, 851, 54;
1, 216, 12, 34, -410, -1, 7, 845, 49;
0, 217, 13, 10, -408, 1, 3, 848, 52;
-4, 213, 9, -28, -420, -10, -17, 833, 37;
-2, 217, 12, -45, -408, 0, -11, 847, 50;
-6, 215, 11, -77, -412, -5, -25, 841, 43;
-6, 217, 12, -100, -405, -2, -27, 846, 48;
-6, 220, 14, -119, -394, 5, -23, 858, 58;
-6, 221, 16, -141, -384, 10, -24, 865, 63;
-7, 222, 16, -166, -379, 10, -30, 867, 64;
-10, 221, 15, -196, -376, 6, -42, 865, 59;
-17, 217, 9, -238, -386, -10, -69, 846, 37;
-14, 222, 14, -247, -363, 4, -57, 868, 56;
-14, 225, 16, -266, -349, 9, -56, 878, 62;
-16, 225, 15, -291, -341, 8, -64, 879, 61;
-24, 220, 9, -333, -350, -11, -94, 859, 37;
-25, 221, 9, -354, -337, -9, -97, 865, 38;
-21, 227, 14, -360, -310, 5, -84, 888, 57;
-23, 228, 13, -383, -300, 2, -92, 890, 54;
-29, 225, 9, -417, -301, -11, -114, 877, 36;
-25, 231, 14, -419, -270, 4, -99, 903, 57;
-31, 228, 10, -451, -270, -9, -121, 891, 39;
-33, 228, 9, -471, -258, -12, -129, 892, 35;
-33, 231, 10, -483, -239, -9, -129, 902, 39;
-32, 234, 11, -494, -219, -5, -128, 913, 44;
-34, 235, 10, -509, -204, -6, -133, 918, 42;
-32, 239, 13, -514, -179, 0, -127, 933, 51;
-35, 238, 10, -533, -169, -7, -139, 930, 41;
-33, 243, 13, -534, -143, 1, -131, 948, 53;
-37, 241, 10, -553, -134, -7, -145, 943, 41;
-33, 248, 15, -546, -100, 7, -128, 968, 59;
-34, 248, 13, -557, -86, 2, -135, 970, 54;
-37, 247, 11, -571, -76, -5, -147, 966, 43;
-38, 249, 11, -575, -57, -6, -149, 973, 43;
-32, 256, 16, -560, -20, 11, -128, 1001, 64;
-32, 259, 16, -561, 0, 12, -127, 1010, 66;
-38, 255, 11, -579, 0, -5, -149, 995, 43;
-33, 261, 16, -563, 35, 9, -130, 1021, 62;
-32, 264, 16, -559, 55, 10, -128, 1030, 64;
-34, 263, 14, -562, 68, 4, -135, 1029, 56;
-35, 265, 13, -559, 85, 2, -137, 1033, 53;
-34, 267, 14, -552, 104, 3, -134, 1041, 54;
-34, 268, 13, -546, 121, 1, -134, 1046, 52;
-30, 273, 16, -528, 149, 11, -120, 1065, 64;
-35, 269, 11, -536, 150, -6, -139, 1050, 43;
-29, 276, 16, -507, 186, 11, -114, 1079, 65;
-32, 274, 12, -507, 190, 0, -127, 1070, 49;
-31, 276, 13, -492, 210, 1, -121, 1079, 52;
-29, 278, 14, -476, 228, 3, -115, 1088, 55;
-28, 280, 13, -461, 243, 2, -111, 1093, 54;
-27, 281, 14, -444, 259, 3, -107, 1099, 54;
-27, 282, 13, -430, 270, 0, -107, 1100, 50;
-23, 286, 15, -402, 294, 9, -91, 1117, 62;
-21, 288, 16, -382, 308, 10, -85, 1123, 63;
-27, 282, 9, -383, 301, -10, -105, 1103, 37;
-22, 287, 12, -352, 323, 0, -88, 1119, 49;
-19, 289, 14, -325, 339, 4, -76, 1130, 56;
-21, 287, 10, -314, 339, -6, -84, 1120, 42;
-15, 293, 15, -275, 364, 8, -59, 1143, 61;
-15, 292, 14, -256, 368, 3, -60, 1140, 55;
-14, 293, 14, -232, 376, 3, -54, 1143, 54;
-9, 296, 16, -199, 393, 12, -37, 1157, 65;
-13, 292, 11, -190, 383, -4, -51, 1139, 45;
-7, 297, 16, -150, 403, 9, -28, 1158, 62;
-5, 297, 15, -125, 406, 8, -22, 1159, 61;
-3, 298, 16, -95, 414, 11, -12, 1164, 65;
-7, 292, 10, -89, 397, -8, -30, 1140, 40;
-2, 296, 13, -51, 410, 2, -10, 1155, 53;
-3, 294, 11, -31, 404, -4, -12, 1146, 45;
14, 28, 4, 3350, 3778, 2698, 58, 111, 17;
12, 19, 9, 2683, 5115, 2186, 49, 77, 37;
12, 11, 6, 3321, 3324, 2453, 47, 44, 25;
0, 7, 3, 1637, 4102, 2914, 2, 30, 13;
17, 0, 11, 4268, 4297, 2833, 67, 0, 43;
13, 15, 5, 3277, 5280, 1028, 51, 60, 21;
14, 25, 1, 2976, 1831, 1695, 55, 97, 6;
12, 12, 7, 3017, 2096, 1699, 50, 47, 30;
13, 27, 10, 3042, 2852, 2890, 50, 106, 41;
10, 23, 9, 2115, 2207, 2531, 39, 92, 35;
4, 13, 6, 4273, 2830, 1334, 19, 52, 24;
5, 26, 10, 2768, 4277, 2846, 22, 103, 39;
13, 6, 3, 2103, 3698, 1336, 54, 24, 13;
17, 12, 5, 1774, 4692, 2115, 67, 50, 21;
18, 15, 7, 3372, 2834, 1702, 73, 60, 29;
4, 22, 2, 3726, 4378, 2527, 19, 89, 9;
3, 27, 4, 2122, 3247, 2287, 13, 105, 17;
13, 30, 4, 4189, 2098, 2437, 53, 119, 17;
0, 20, 5, 2360, 2026, 2612, 0, 81, 21;
18, 1, 3, 3313, 2033, 1642, 73, 4, 12;
19, 1, 2, 3557, 3306, 2294, 74, 7, 10;
13, 9, 8, 2250, 3297, 2436, 52, 38, 32;
3, 14, 2, 3569, 5167, 1168, 14, 55, 9;
6, 10, 12, 3210, 4258, 1586, 23, 42, 50;
6, 14, 8, 2154, 4638, 2688, 25, 57, 34;
14, 30, 12, 2395, 5001, 2347, 56, 120, 50;
12, 18, 5, 3855, 5403, 2498, 50, 71, 19;
2, 14, 7, 2973, 4359, 2376, 11, 57, 28;
7, 6, 2, 4270, 4110, 2421, 28, 26, 9;
3, 9, 1, 4297, 3844, 1551, 13, 35, 5;
20, 6, 6, 2377, 3344, 1068, 80, 26, 25;
5, 10, 9, 4046, 5158, 1454, 20, 40, 38;
0, 17, 6, 3755, 1870, 1400, 1, 68, 25;
13, 11, 11, 1791, 2001, 2457, 51, 46, 46;
15, 6, 12, 2547, 3792, 2892, 61, 25, 49;
9, 7, 1, 2101, 2415, 2181, 38, 29, 4;
18, 26, 2, 3485, 4208, 1118, 73, 101, 9;
6, 9, 4, 1873, 2913, 2762, 25, 35, 19;
17, 18, 4, 3506, 4994, 1897, 66, 73, 16;
4, 28, 5, 3219, 3307, 1347, 16, 110, 20;
7, 24, 10, 2246, 4669, 1431, 29, 96, 41;
8, 2, 6, 3359, 3413, 1882, 33, 8, 25;
8, 8, 3, 3610, 3951, 2246, 32, 32, 15;
11, 12, 1, 1803, 4412, 2653, 43, 47, 4;
17, 16, 0, 3525, 3700, 2118, 70, 64, 1;
18, 28, 7, 2071, 4803, 2648, 73, 112, 27;
14, 22, 4, 1764, 5031, 1909, 55, 87, 16;
7, 18, 0, 4237, 3898, 2211, 28, 70, 2;
0, 31, 4, 4421, 2173, 2778, 2, 121, 19;
18, 13, 3, 3884, 4820, 2026, 71, 51, 14;
9, 6, 0, 4365, 3325, 2834, 38, 27, 2;
11, 28, 9, 1814, 4328, 1555, 44, 109, 35;
5, 9, 6, 3047, 2770, 1741, 21, 38, 24;
18, 8, 12, 4339, 4739, 1956, 70, 32, 47;
16, 15, 5, 3791, 2855, 1274, 65, 61, 20;
10, 8, 4, 2980, 2202, 1161, 41, 33, 17;
5, 9, 4, 4124, 2028, 2035, 22, 35, 16;
13, 27, 8, 2929, 2761, 2253, 51, 106, 33;
19, 2, 0, 3055, 4365, 1302, 76, 11, 3;
11, 0, 8, 1966, 4994, 1485, 44, 3, 33;
11, 30, 3, 2727, 5245, 1125, 44, 120, 15;
0, 22, 1, 3712, 4135, 2857, 0, 86, 4;
7, 11, 12, 3679, 3335, 2852, 28, 44, 48;
11, 0, 12, 1869, 2538, 2664, 45, 0, 47;
18, 27, 6, 3352, 4076, 1538, 70, 106, 25;
20, 1, 10, 1730, 4031, 1296, 79, 4, 40;
0, 14, 10, 1914, 3227, 1949, 1, 58, 40;
19, 6, 9, 4165, 3466, 1096, 76, 24, 36;
5, 3, 11, 1903, 3989, 2484, 22, 14, 44;
3, 22, 8, 3095, 3008, 2361, 12, 87, 31;
11, 20, 11, 4136, 3020, 2622, 45, 78, 43;
9, 18, 11, 1686, 5010, 1812, 36, 71, 46;
4, 21, 10, 2957, 2001, 1517, 17, 82, 39;
5, 22, 12, 3027, 3677, 1147, 23, 87, 49;
9, 3, 5, 2600, 4250, 1811, 38, 15, 21;
1, 20, 3, 2884, 5160, 2476, 7, 80, 14;
14, 29, 4, 2558, 4646, 1883, 56, 116, 18;
0, 3, 10, 1977, 4980, 1549, 2, 14, 42;
3, 31, 11, 1833, 5308, 1345, 14, 121, 45;
11, 24, 0, 2237, 3187, 1236, 46, 94, 1;
608, 975, 471, 5230, 4574, 3098, 2373, 3805, 1838;
572, 852, 488, 5030, 4400, 2982, 2231, 3324, 1907;
560, 874, 372, 4822, 4217, 2855, 2187, 3410, 1454;
600, 929, 353, 4645, 4063, 2755, 2342, 3625, 1378;
523, 902, 349, 4494, 3935, 2678, 2042, 3518, 1362;
578, 740, 414, 4301, 3764, 2556, 2256, 2889, 1617;
506, 649, 366, 4121, 3605, 2445, 1974, 2532, 1428;
572, 806, 375, 3955, 3459, 2344, 2232, 3143, 1464;
433, 695, 345, 3812, 3336, 2264, 1691, 2712, 1345;
460, 594, 286, 3676, 3219, 2189, 1795, 2318, 1117;
406, 663, 323, 3520, 3081, 2092, 1587, 2586, 1262;
417, 667, 249, 3368, 2946, 1996, 1629, 2601, 971;
405, 656, 263, 3256, 2850, 1937, 1581, 2558, 1029;
364, 671, 311, 3142, 2753, 1875, 1422, 2619, 1214;
360, 557, 278, 3018, 2643, 1800, 1405, 2173, 1087;
411, 577, 281, 2871, 2511, 1702, 1606, 2251, 1098;
314, 618, 266, 2783, 2437, 1659, 1225, 2410, 1040;
369, 580, 245, 2643, 2311, 1564, 1442, 2265, 958;
353, 535, 191, 2543, 2224, 1505, 1378, 2089, 746;
327, 596, 175, 2462, 2155, 1465, 1278, 2325, 683;
335, 512, 181, 2374, 2079, 1416, 1307, 1998, 707;
290, 466, 185, 2274, 1990, 1353, 1131, 1817, 725;
279, 564, 196, 2165, 1893, 1281, 1088, 2202, 768;
304, 473, 188, 2082, 1821, 1233, 1186, 1845, 736;
235, 483, 185, 2011, 1759, 1195, 917, 1884, 723;
283, 454, 138, 1926, 1685, 1142, 1105, 1771, 539;
255, 456, 153, 1832, 1600, 1079, 994, 1778, 598;
260, 431, 159, 1757, 1535, 1034, 1016, 1681, 621;
247, 459, 148, 1688, 1474, 992, 966, 1792, 578;
197, 421, 125, 1666, 1460, 998, 769, 1642, 488;
198, 463, 145, 1576, 1379, 934, 773, 1807, 566;
212, 458, 120, 1537, 1347, 920, 828, 1790, 468;
195, 442, 144, 1456, 1274, 863, 760, 1724, 563;
166, 392, 109, 1381, 1206, 812, 650, 1529, 427;
200, 426, 116, 1363, 1194, 816, 781, 1662, 454;
163, 416, 95, 1300, 1138, 774, 637, 1624, 372;
137, 414, 112, 1235, 1080, 731, 537, 1616, 440;
144, 407, 101, 1175, 1025, 690, 562, 1591, 394;
161, 379, 92, 1167, 1023, 701, 629, 1480, 361;
158, 394, 105, 1120, 982, 672, 619, 1537, 411;
138, 391, 105, 1062, 930, 632, 539, 1528, 411;
145, 392, 92, 1027, 900, 614, 566, 1532, 362;
129, 404, 91, 1001, 879, 604, 504, 1576, 357;
126, 372, 68, 929, 811, 547, 493, 1453, 265;
116, 355, 77, 915, 803, 549, 454, 1386, 302;
112, 387, 66, 879, 771, 527, 438, 1512, 260;
111, 335, 72, 844, 740, 506, 434, 1310, 282;
117, 358, 74, 814, 714, 489, 456, 1399, 289;
115, 355, 63, 788, 692, 476, 451, 1385, 249;
83, 355, 65, 732, 639, 431, 325, 1387, 256;
101, 341, 50, 701, 612, 412, 394, 1331, 197;
76, 323, 50, 674, 588, 397, 299, 1262, 196;
82, 318, 50, 665, 583, 399, 321, 1240, 195;
84, 338, 49, 630, 551, 374, 329, 1319, 193;
76, 323, 55, 616, 541, 371, 298, 1261, 216;
66, 342, 51, 579, 506, 343, 259, 1334, 200;
65, 333, 43, 544, 474, 317, 256, 1301, 170;
75, 312, 40, 527, 460, 309, 294, 1219, 157;
73, 314, 48, 539, 475, 330, 287, 1225, 188;
68, 327, 36, 484, 422, 283, 267, 1278, 142;
57, 323, 40, 492, 433, 299, 222, 1261, 157;
55, 307, 41, 474, 417, 288, 217, 1198, 160;
53, 302, 40, 434, 379, 255, 209, 1180, 158;
58, 301, 42, 427, 374, 255, 229, 1175, 164;
44, 306, 30, 393, 342, 228, 174, 1193, 118;
56, 299, 32, 387, 339, 229, 221, 1167, 128;
53, 309, 32, 365, 318, 213, 210, 1206, 128;
41, 297, 24, 340, 296, 194, 162, 1161, 96;
41, 291, 30, 363, 320, 223, 162, 1135, 119;
45, 294, 29, 347, 306, 213, 179, 1147, 113;
43, 297, 22, 307, 267, 178, 168, 1162, 89;
37, 300, 25, 309, 270, 184, 144, 1173, 98;
34, 288, 22, 302, 265, 182, 133, 1123, 86;
39, 290, 19, 270, 235, 155, 154, 1131, 74;
42, 297, 23, 294, 260, 183, 164, 1161, 91;
35, 292, 22, 239, 207, 133, 137, 1139, 86;
32, 295, 24, 270, 239, 168, 126, 1151, 96;
33, 282, 20, 251, 221, 153, 129, 1101, 79;
31, 282, 21, 245, 216, 151, 124, 1100, 84;
25, 276, 14, 207, 179, 117, 99, 1078, 57;
1, 256, 1, 1, 1, 1, 6, 1000, 4;
1, 256, 0, 0, 0, 0, 5, 1000, 3;
1, 256, 1, 1, 1, 1, 6, 1000, 3;
1, 256, 0, -1, -1, -1, 4, 999, 2;
1, 256, 0, 0, 0, 0, 5, 1000, 3;
1, 256, 0, 0, 0, 0, 4, 999, 2;
1, 256, 1, 1, 1, 1, 5, 1000, 3;
1, 256, 0, -1, -1, -1, 4, 999, 2;
1, 256, 0, 1, 1, 1, 5, 1000, 3;
1, 256, 0, 0, 0, 0, 5, 1000, 3;
1, 256, 0, -1, -1, -1, 4, 999, 2;
1, 256, 1, 1, 1, 1, 6, 1001, 4;
1, 256, 0, 0, 0, 0, 4, 999, 2;
1, 256, 1, 1, 1, 1, 6, 1001, 4;
1, 256, 1, 1, 1, 1, 6, 1000, 4;
1, 256, 0, 0, 0, 0, 5, 999, 3;
1, 256, 0, 0, 0, 0, 4, 999, 2;
1, 256, 0, 0, 0, 0, 4, 999, 2;
1, 256, 0, -1, -1, -1, 4, 999, 2;
1, 256, 0, 0, 0, 0, 5, 1000, 3;
1, 256, 0, 0, 0, 0, 4, 999, 2;
1, 256, 0, 0, 0, 0, 5, 1000, 3;
1, 256, 0, -1, -1, -1, 4, 998, 1;
1, 256, 0, -1, -1, -1, 4, 999, 2;
1, 256, 0, -1, -1, -1, 4, 999, 2;
1, 256, 0, 0, 0, 0, 5, 1000, 3;
1, 256, 0, -1, -1, -1, 4, 998, 1;
1, 256, 0, 0, 0, 0, 4, 999, 2;
1, 256, 0, 0, 0, 0, 5, 1000, 3;
1, 256, 0, 0, 0, 0, 5, 1000, 3;
1, 256, 0, 0, 0, 0, 4, 999, 2;
1, 256, 1, 1, 1, 1, 6, 1001, 4;
1, 256, 0, 0, 0, 0, 5, 1000, 3;
0, 256, 0, -1, -1, -1, 3, 998, 1;
1, 256, 0, -1, -1, -1, 4, 999, 2;
1, 256, 0, 1, 1, 1, 5, 1000, 3;
1, 256, 0, 0, 0, 0, 4, 999, 2;
1, 256, 0, -1, -1, -1, 3, 998, 1;
1, 256, 0, 0, 0, 0, 5, 999, 2;
1, 256, 0, -1, -1, -1, 4, 999, 2;
1, 256, 1, 1, 1, 1, 6, 1001, 4;
1, 256, 0, -1, -1, -1, 4, 999, 2;
1, 256, 0, 0, 0, 0, 5, 1000, 3;
1, 256, 0, -1, -1, -1, 4, 998, 2;
1, 256, 0, -1, -1, -1, 4, 999, 2;
1, 256, 0, 0, 0, 0, 4, 999, 2;
1, 256, 0, -1, -1, -1, 4, 999, 2;
1, 256, 0, 0, 0, 0, 5, 1000, 3;
1, 256, 0, 0, 0, 0, 5, 1000, 3;
1, 256, 0, 0, 0, 0, 4, 999, 2;
1, 256, 0, 1, 1, 1, 5, 1000, 3;
1, 256, 0, 0, 0, 0, 4, 999, 2;
1, 256, 0, 1, 1, 1, 5, 1000, 3;
1, 256, 0, -1, -1, -1, 4, 999, 2;
1, 256, 0, -1, -1, -1, 4, 999, 2;
1, 256, 0, 0, 0, 0, 5, 1000, 3;
1, 256, 0, 1, 1, 1, 5, 1000, 3;
1, 256, 0, 0, 0, 0, 5, 1000, 3;
1, 256, 1, 1, 1, 1, 6, 1001, 4;
1, 256, 0, 1, 1, 1, 5, 1000, 3;
1, 256, 0, -1, -1, -1, 3, 998, 1;
1, 256, 0, 0, 0, 0, 4, 999, 2;
1, 256, 0, 0, 0, 0, 5, 1000, 3;
1, 256, 0, -1, -1, -1, 4, 999, 2;
1, 256, 0, 0, 0, 0, 4, 999, 2;
1, 256, 1, 1, 1, 1, 6, 1001, 4;
1, 256, 1, 1, 1, 1, 6, 1001, 4;
1, 256, 0, -1, -1, -1, 4, 999, 2;
1, 256, 0, -1, -1, -1, 4, 999, 2;
0, 256, 0, -1, -1, -1, 3, 998, 1;
1, 256, 0, -1, -1, -1, 4, 999, 2;
1, 256, 0, -1, -1, -1, 3, 998, 1;
1, 256, 0, 0, 0, 0, 5, 1000, 3;
1, 256, 0, 0, 0, 0, 4, 999, 2;
1, 256, 0, 0, 0, 0, 4, 999, 2;
1, 256, 0, 0, 0, 0, 5, 1000, 3;
1, 256, 0, 0, 0, 0, 5, 1000, 3;
1, 256, 0, 0, 0, 0, 4, 999, 2;
1, 256, 0, 0, 0, 0, 4, 999, 2;
1, 256, 0, 0, 0, 0, 5, 1000, 3;
1, 256, 0, -1, -1, -1, 4, 999, 2;
1, 256, 0, 0, 0, 0, 5, 1000, 3;
1, 256, 0, 1, 1, 1, 5, 1000, 3;
1, 256, 0, 0, 0, 0, 4, 999, 2;
1, 256, 0, 0, 0, 0, 4, 999, 2;
1, 256, 0, 0, 0, 0, 4, 999, 2;
1, 256, 0, -1, -1, -1, 4, 998, 1;
1, 256, 0, 0, 0, 0, 4, 999, 2;
1, 256, 0, 0, 0, 0, 5, 1000, 3;
1, 256, 0, 0, 0, 0, 5, 999, 3;
1, 256, 0, 0, 0, 0, 5, 1000, 3;
1, 256, 0, 0, 0, 0, 4, 999, 2;
1, 256, 0, 1, 1, 1, 5, 1000, 3;
1, 256, 0, 0, 0, 0, 5, 1000, 3;
1, 256, 1, 1, 1, 1, 6, 1001, 4;
1, 256, 0, 1, 1, 1, 5, 1000, 3;
1, 256, 0, -1, -1, -1, 3, 998, 1;
1, 256, 0, 0, 0, 0, 4, 999, 2;
1, 256, 0, -1, -1, -1, 4, 998, 1;
1, 256, 0, 0, 0, 0, 5, 1000, 3;
1, 256, 0, 0, 0, 0, 5, 1000, 3;
1, 256, 0, -1, -1, -1, 4, 999, 2;
1, 256, 0, 1, 1, 1, 5, 1000, 3;
1, 256, 0, 1, 1, 1, 5, 1000, 3;
1, 256, 0, -1, -1, -1, 3, 998, 1;
1, 256, 0, 0, 0, 0, 5, 1000, 3;
1, 256, 0, 0, 0, 0, 5, 1000, 3;
1, 256, 0, 0, 0, 0, 5, 1000, 3;
1, 256, 0, 0, 0, 0, 4, 999, 2;
1, 256, 0, 0, 0, 0, 4, 999, 2;
1, 256, 1, 1, 1, 1, 6, 1001, 4;
1, 256, 1, 1, 1, 1, 6, 1001, 4;
1, 256, 0, 0, 0, 0, 4, 999, 2;
1, 256, 0, -1, -1, -1, 4, 999, 2;
1, 256, 0, -1, -1, -1, 4, 998, 2;
1, 256, 0, 0, 0, 0, 5, 1000, 3;
1, 256, 0, 0, 0, 0, 5, 999, 2;
1, 256, 0, 0, 0, 0, 4, 999, 2;
1, 256, 0, 1, 1, 1, 5, 1000, 3;
1, 256, 0, 0, 0, 0, 5, 1000, 3;
1, 256, 0, -1, -1, -1, 4, 999, 2;
1, 256, 0, 0, 0, 0, 4, 999, 2;
1, 256, 0, -1, -1, -1, 4, 999, 2;
1, 256, 0, 0, 0, 0, 5, 1000, 3;
1, 256, 0, -1, -1, -1, 4, 998, 1;
1, 256, 0, 0, 0, 0, 5, 1000, 3;
1, 256, 1, 1, 1, 1, 6, 1000, 4;
0, 256, 0, -1, -1, -1, 3, 998, 1;
1, 256, 0, -1, -1, -1, 3, 998, 1;
1, 256, 0, 0, 0, 0, 4, 999, 2;
1, 256, 0, 1, 1, 1, 5, 1000, 3;
1, 256, 0, 0, 0, 0, 5, 999, 2;
1, 256, 0, 1, 1, 1, 5, 1000, 3;
1, 256, 0, 0, 0, 0, 5, 999, 3;
1, 256, 1, 1, 1, 1, 6, 1001, 4;
1, 256, 0, 0, 0, 0, 4, 999, 2;
1, 256, 0, -1, -1, -1, 4, 999, 2;
1, 256, 1, 1, 1, 1, 5, 1000, 3;
1, 256, 0, 0, 0, 0, 5, 1000, 3;
1, 256, 0, -1, -1, -1, 4, 999, 2;
1, 256, 0, 0, 0, 0, 4, 999, 2;
1, 256, 0, 0, 0, 0, 4, 999, 2;
1, 256, 0, -1, -1, -1, 4, 999, 2;
1, 256, 0, 1, 1, 1, 5, 1000, 3;
1, 256, 0, 0, 0, 0, 5, 999, 2;
1, 256, 0, 0, 0, 0, 4, 999, 2;
1, 256, 0, 0, 0, 0, 4, 999, 2;
1, 256, 0, 0, 0, 0, 5, 1000, 3;
1, 256, 0, 0, 0, 0, 5, 999, 2;
1, 256, 0, 0, 0, 0, 5, 1000, 3;
1, 256, 0, 0, 0, 0, 5, 1000, 3;
1, 256, 0, 0, 0, 0, 4, 999, 2;
1, 256, 0, 0, 0, 0, 5, 1000, 3;
1, 256, 0, 0, 0, 0, 5, 999, 2;
1, 256, 0, 1, 1, 1, 5, 1000, 3;
1, 256, 0, -1, -1, -1, 4, 999, 2;
1, 256, 0, 0, 0, 0, 5, 1000, 3;
1, 256, 0, 0, 0, 0, 5, 1000, 3;
1, 256, 0, -1, -1, -1, 4, 999, 2;
1, 256, 1, 1, 1, 1, 6, 1001, 4;
1, 256, 0, 0, 0, 0, 4, 999, 2;
1, 256, 0, -1, -1, -1, 4, 998, 2;
1, 256, 0, 0, 0, 0, 5, 1000, 3;
1, 256, 0, -1, -1, -1, 4, 999, 2;
1, 256, 0, 0, 0, 0, 5, 1000, 3;
1, 256, 1, 1, 1, 1, 6, 1001, 4;
1, 256, 1, 1, 1, 1, 6, 1001, 4;
1, 256, 1, 1, 1, 1, 6, 1000, 3;
1, 256, 0, 0, 0, 0, 4, 999, 2;
1, 256, 0, 1, 1, 1, 5, 1000, 3;
1, 256, 0, 0, 0, 0, 4, 999, 2;
1, 256, 0, 0, 0, 0, 5, 999, 3;
1, 256, 0, 1, 1, 1, 5, 1000, 3;
1, 256, 0, -1, -1, -1, 3, 998, 1;
1, 256, 0, 0, 0, 0, 5, 1000, 3;
1, 256, 0, 0, 0, 0, 5, 1000, 3;
1, 256, 0, -1, -1, -1, 4, 999, 2;
1, 256, 1, 1, 1, 1, 6, 1001, 4;
1, 256, 0, -1, -1, -1, 4, 999, 2;
1, 256, 0, 0, 0, 0, 4, 999, 2;
1, 256, 1, 1, 1, 1, 6, 1000, 4;
1, 256, 0, 0, 0, 0, 5, 1000, 3;
1, 256, 1, 1, 1, 1, 5, 1000, 3;
1, 256, 1, 1, 1, 1, 6, 1001, 4;
1, 256, 0, 1, 1, 1, 5, 1000, 3;
1, 256, 0, -1, -1, -1, 3, 998, 1;
1, 256, 0, 0, 0, 0, 5, 1000, 3;
1, 256, 0, 0, 0, 0, 5, 1000, 3;
1, 256, 1, 1, 1, 1, 6, 1001, 4;
1, 256, 1, 1, 1, 1, 6, 1000, 4;
1, 256, 0, 0, 0, 0, 4, 999, 2;
1, 256, 0, 0, 0, 0, 5, 1000, 3;
1, 256, 0, 0, 0, 0, 4, 999, 2;
1, 256, 0, -1, -1, -1, 4, 999, 2;
1, 256, 0, 0, 0, 0, 5, 1000, 3;
1, 256, 1, 1, 1, 1, 6, 1000, 3;
1, 256, 0, 0, 0, 0, 5, 1000, 3;
1, 256, 1, 1, 1, 1, 6, 1000, 4;
1, 256, 0, -1, -1, -1, 4, 999, 2;
1, 256, 0, -1, -1, -1, 4, 998, 1;
1, 256, 0, 0, 0, 0, 5, 1000, 3;
1, 256, 0, -1, -1, -1, 4, 999, 2;
1, 256, 0, -1, -1, -1, 4, 999, 2;
1, 256, 0, -1, -1, -1, 4, 998, 1;
1, 256, 0, -1, -1, -1, 4, 999, 2;
1, 256, 0, 0, 0, 0, 4, 999, 2;
1, 256, 0, 0, 0, 0, 4, 999, 2;
1, 256, 0, 0, 0, 0, 5, 1000, 3;
1, 256, 0, 0, 0, 0, 5, 1000, 3;
1, 256, 0, 0, 0, 0, 4, 999, 2;
1, 256, 0, -1, -1, -1, 4, 998, 1;
1, 256, 0, 0, 0, 0, 5, 1000, 3;
1, 256, 0, 1, 1, 1, 5, 1000, 3;
1, 256, 0, 1, 1, 1, 5, 1000, 3;
1, 256, 0, 0, 0, 0, 5, 999, 3;
1, 256, 0, -1, -1, -1, 4, 999, 2;
1, 256, 0, 0, 0, 0, 4, 999, 2;
1, 256, 0, 0, 0, 0, 4, 999, 2;
1, 256, 0, 1, 1, 1, 5, 1000, 3;
1, 256, 0, 0, 0, 0, 5, 1000, 3;
1, 256, 0, -1, -1, -1, 4, 998, 2;
1, 256, 0, -1, -1, -1, 4, 999, 2;
1, 256, 0, -1, -1, -1, 4, 999, 2;
1, 256, 0, 0, 0, 0, 5, 1000, 3;
1, 256, 0, 1, 1, 1, 5, 1000, 3;
1, 256, 0, -1, -1, -1, 3, 998, 1;
1, 256, 1, 1, 1, 1, 6, 1001, 4;
1, 256, 0, -1, -1, -1, 4, 998, 2;
1, 256, 0, -1, -1, -1, 4, 999, 2;
1, 256, 0, -1, -1, -1, 3, 998, 1;
1, 256, 0, -1, -1, -1, 4, 999, 2;
1, 256, 0, 0, 0, 0, 4, 999, 2;
1, 256, 1, 1, 1, 1, 6, 1001, 4;
1, 256, 0, 0, 0, 0, 5, 1000, 3;
1, 256, 0, 0, 0, 0, 5, 1000, 3;
1, 256, 1, 1, 1, 1, 6, 1001, 4;
1, 256, 0, 0, 0, 0, 4, 999, 2;
1, 256, 0, 0, 0, 0, 5, 1000, 3;
1, 256, 0, 0, 0, 0, 4, 999, 2;
1, 256, 0, 0, 0, 0, 4, 999, 2;
1, 256, 0, 0, 0, 0, 5, 1000, 3;
1, 256, 0, 0, 0, 0, 4, 999, 2;
1, 256, 0, -1, -1, -1, 4, 999, 2;
1, 256, 1, 1, 1, 1, 6, 1001, 4;
1, 256, 0, 0, 0, 0, 5, 1000, 3;
1, 256, 1, 1, 1, 1, 6, 1001, 4;
1, 256, 0, -1, -1, -1, 4, 999, 2;
1, 256, 0, 0, 0, 0, 5, 1000, 3;
1, 256, 0, -1, -1, -1, 4, 999, 2;
1, 256, 0, 0, 0, 0, 4, 999, 2;
1, 256, 0, -1, -1, -1, 4, 999, 2;
1, 256, 1, 1, 1, 1, 6, 1001, 4;
1, 256, 0, -1, -1, -1, 4, 999, 2;
1, 256, 1, 1, 1, 1, 6, 1001, 4;
1, 256, 0, -1, -1, -1, 3, 998, 1;
1, 256, 0, 0, 0, 0, 5, 999, 2;
1, 256, 0, 0, 0, 0, 4, 999, 2;
1, 256, 0, 0, 0, 0, 4, 999, 2;
1, 256, 0, 0, 0, 0, 5, 1000, 3;
1, 256, 0, 0, 0, 0, 5, 1000, 3;
1, 256, 0, -1, -1, -1, 3, 998, 1;
1, 256, 0, -1, -1, -1, 4, 999, 2;
1, 256, 0, -1, -1, -1, 4, 998, 1;
1, 256, 0, 0, 0, 0, 4, 999, 2;
1, 256, 0, 0, 0, 0, 4, 999, 2;
1, 256, 0, -1, -1, -1, 3, 998, 1;
1, 256, 0, -1, -1, -1, 3, 998, 1;
1, 256, 0, -1, -1, -1, 4, 999, 2;
1, 256, 1, 1, 1, 1, 6, 1001, 4;
1, 256, 0, 0, 0, 0, 4, 999, 2;
1, 256, 0, 0, 0, 0, 5, 1000, 3;
1, 256, 0, -1, -1, -1, 4, 999, 2;
1, 256, 0, 0, 0, 0, 5, 1000, 3;
1, 256, 0, 0, 0, 0, 4, 999, 2;
1, 256, 1, 1, 1, 1, 6, 1001, 4;
1, 256, 0, -1, -1, -1, 4, 999, 2;
0, 256, 0, -1, -1, -1, 3, 998, 1;
1, 256, 0, -1, -1, -1, 4, 999, 2;
1, 256, 0, 0, 0, 0, 5, 1000, 3;
1, 256, 0, 0, 0, 0, 5, 1000, 3;
0, 256, 0, -1, -1, -1, 3, 998, 1;
1, 256, 0, 0, 0, 0, 5, 1000, 3;
1, 256, 0, 0, 0, 0, 5, 1000, 3;
1, 256, 0, 0, 0, 0, 5, 1000, 3;
1, 256, 0, 1, 1, 1, 5, 1000, 3;
1, 256, 0, -1, -1, -1, 4, 999, 2;
1, 256, 0, 0, 0, 0, 4, 999, 2;
1, 256, 0, 0, 0, 0, 5, 1000, 3;
1, 256, 1, 1, 1, 1, 6, 1001, 4;
1, 256, 0, 0, 0, 0, 5, 1000, 3;
1, 256, 0, 0, 0, 0, 5, 1000, 3;
1, 256, 0, 1, 1, 1, 5, 1000, 3;
1, 256, 1, 1, 1, 1, 6, 1000, 3;
1, 256, 0, 0, 0, 0, 5, 1000, 3;
1, 256, 0, 0, 0, 0, 4, 999, 2;
1, 256, 0, 0, 0, 0, 5, 1000, 3;
1, 256, 0, 0, 0, 0, 4, 999, 2;
1, 256, 1, 1, 1, 1, 6, 1001, 4;
1, 256, 0, 0, 0, 0, 5, 1000, 3;
1, 256, 0, 0, 0, 0, 5, 1000, 3;
1, 256, 0, 0, 0, 0, 5, 1000, 3;
1, 256, 0, 0, 0, 0, 5, 1000, 3;
1, 256, 0, 0, 0, 0, 5, 1000, 3;
1, 256, 1, 1, 1, 1, 6, 1001, 4;
1, 256, 0, -1, -1, -1, 4, 999, 2;
1, 256, 0, -1, -1, -1, 3, 998, 1;
1, 256, 0, 0, 0, 0, 5, 1000, 3;
1, 256, 0, 1, 1, 1, 5, 1000, 3;
1, 256, 1, 1, 1, 1, 5, 1000, 3;
1, 256, 0, -1, -1, -1, 4, 999, 2;
1, 256, 0, 1, 1, 1, 5, 1000, 3;
1, 256, 1, 1, 1, 1, 6, 1000, 3;
1, 256, 0, -1, -1, -1, 4, 999, 2;
1, 256, 0, 0, 0, 0, 5, 1000, 3;
1, 256, 0, 0, 0, 0, 5, 999, 2;
1, 256, 0, 0, 0, 0, 5, 1000, 3;
1, 256, 0, 0, 0, 0, 5, 1000, 3;
1, 256, 1, 1, 1, 1, 5, 1000, 3;
1, 256, 0, 0, 0, 0, 4, 999, 2;
1, 256, 0, -1, -1, -1, 4, 999, 2;
1, 256, 0, -1, -1, -1, 4, 999, 2;
1, 256, 0, 0, 0, 0, 5, 1000, 3;
1, 256, 0, 0, 0, 0, 4, 999, 2;
1, 256, 0, 0, 0, 0, 5, 1000, 3;
1, 256, 0, 1, 1, 1, 5, 1000, 3;
1, 256, 0, 0, 0, 0, 5, 1000, 3;
1, 256, 0, 0, 0, 0, 4, 999, 2;
1, 256, 0, 0, 0, 0, 4, 999, 2;
1, 256, 0, 0, 0, 0, 4, 999, 2;
1, 256, 1, 1, 1, 1, 6, 1001, 4;
1, 256, 0, 0, 0, 0, 5, 1000, 3;
1, 256, 0, -1, -1, -1, 4, 999, 2;
1, 256, 0, 0, 0, 0, 4, 999, 2;
1, 256, 0, -1, -1, -1, 3, 998, 1;
1, 256, 1, 1, 1, 1, 6, 1000, 3;
1, 256, 0, -1, -1, -1, 4, 999, 2;
1, 256, 0, 0, 0, 0, 5, 1000, 3;
1, 256, 0, -1, -1, -1, 4, 999, 2;
1, 256, 0, 0, 0, 0, 5, 1000, 3;
0, 256, 0, -1, -1, -1, 3, 998, 1;
1, 256, 0, 0, 0, 0, 4, 999, 2;
1, 256, 1, 1, 1, 1, 5, 1000, 3;
1, 256, 0, 1, 1, 1, 5, 1000, 3;
1, 256, 0, 0, 0, 0, 5, 1000, 3;
1, 256, 0, 0, 0, 0, 5, 1000, 3;
1, 256, 0, 0, 0, 0, 4, 999, 2;
1, 256, 0, 0, 0, 0, 5, 1000, 3;
1, 256, 0, 0, 0, 0, 5, 1000, 3;
1, 256, 1, 1, 1, 1, 6, 1001, 4;
1, 256, 0, 0, 0, 0, 5, 1000, 3;
1, 256, 0, -1, -1, -1, 4, 999, 2;
1, 256, 0, 0, 0, 0, 5, 1000, 3;
1, 256, 1, 1, 1, 1, 6, 1001, 4;
1, 256, 1, 1, 1, 1, 6, 1001, 4;
1, 256, 0, 0, 0, 0, 5, 1000, 3;
1, 256, 0, 0, 0, 0, 4, 999, 2;
1, 256, 0, 0, 0, 0, 4, 999, 2;
1, 256, 0, 0, 0, 0, 5, 1000, 3;
1, 256, 0, -1, -1, -1, 4, 998, 1;
1, 256, 0, 0, 0, 0, 5, 1000, 3;
1, 256, 0, 1, 1, 1, 5, 1000, 3;
1, 256, 1, 1, 1, 1, 6, 1000, 3;
1, 256, 0, 0, 0, 0, 5, 1000, 3;
1, 256, 1, 1, 1, 1, 6, 1001, 4;
1, 256, 0, 0, 0, 0, 5, 999, 3;
1, 256, 1, 1, 1, 1, 5, 1000, 3;
1, 256, 0, 0, 0, 0, 5, 1000, 3;
1, 256, 1, 1, 1, 1, 6, 1000, 4;
1, 256, 0, -1, -1, -1, 3, 998, 1;
1, 256, 0, 0, 0, 0, 5, 1000, 3;
1, 256, 0, 0, 0, 0, 4, 999, 2;
1, 256, 0, 0, 0, 0, 5, 1000, 3;
1, 256, 1, 1, 1, 1, 6, 1001, 4;
1, 256, 0, 0, 0, 0, 5, 999, 2;
1, 256, 0, 0, 0, 0, 4, 999, 2;
1, 256, 0, 1, 1, 1, 5, 1000, 3;
1, 256, 0, 0, 0, 0, 4, 999, 2;
1, 256, 0, -1, -1, -1, 4, 999, 2;
1, 256, 0, 0, 0, 0, 4, 999, 2;
1, 256, 0, 0, 0, 0, 5, 1000, 3;
1, 256, 0, -1, -1, -1, 4, 999, 2;
1, 256, 0, 0, 0, 0, 5, 999, 2;
1, 256, 0, -1, -1, -1, 4, 999, 2;
1, 256, 0, -1, -1, -1, 4, 999, 2;
1, 256, 0, -1, -1, -1, 4, 998, 1;
1, 256, 0, 0, 0, 0, 4, 999, 2;
1, 256, 0, -1, -1, -1, 4, 999, 2;
1, 256, 0, 0, 0, 0, 4, 999, 2;
1, 256, 0, -1, -1, -1, 4, 999, 2;
1, 256, 0, 0, 0, 0, 4, 999, 2;
1, 256, 0, 0, 0, 0, 5, 1000, 3;
1, 256, 0, 0, 0, 0, 5, 1000, 3;
1, 256, 0, 0, 0, 0, 5, 1000, 3;
1, 256, 0, 0, 0, 0, 5, 1000, 3;
1, 256, 0, 1, 1, 1, 5, 1000, 3;
1, 256, 0, 0, 0, 0, 4, 999, 2;
1, 256, 0, 0, 0, 0, 4, 999, 2;
1, 256, 0, 0, 0, 0, 4, 999, 2;
1, 256, 0, 0, 0, 0, 4, 999, 2;
1, 256, 1, 1, 1, 1, 6, 1000, 3;
1, 256, 0, 0, 0, 0, 5, 1000, 3;
1, 256, 0, -1, -1, -1, 4, 999, 2;
1, 256, 0, -1, -1, -1, 4, 999, 2;
1, 256, 0, 0, 0, 0, 4, 999, 2;
1, 256, 0, 0, 0, 0, 4, 999, 2;
1, 256, 0, -1, -1, -1, 4, 999, 2;
1, 256, 0, 1, 1, 1, 5, 1000, 3;
1, 256, 0, 0, 0, 0, 5, 1000, 3;
1, 256, 0, 0, 0, 0, 4, 999, 2;
1, 256, 0, 0, 0, 0, 5, 1000, 3;
1, 256, 1, 1, 1, 1, 6, 1001, 4;
1, 256, 0, 0, 0, 0, 5, 1000, 3;
1, 256, 0, 0, 0, 0, 5, 1000, 3;
1, 256, 1, 1, 1, 1, 5, 1000, 3;
1, 256, 0, 0, 0, 0, 5, 1000, 3;
1, 256, 0, -1, -1, -1, 4, 999, 2;
1, 256, 0, 0, 0, 0, 5, 1000, 3;
1, 256, 0, 0, 0, 0, 4, 999, 2;
1, 256, 1, 1, 1, 1, 6, 1001, 4;
1, 256, 0, 1, 1, 1, 5, 1000, 3;
1, 256, 0, -1, -1, -1, 4, 999, 2;
1, 256, 0, 0, 0, 0, 5, 1000, 3;
1, 256, 0, 0, 0, 0, 5, 1000, 3;
1, 256, 0, 0, 0, 0, 4, 999, 2;
1, 256, 0, -1, -1, -1, 4, 998, 1;
1, 256, 0, 0, 0, 0, 5, 1000, 3;
1, 256, 0, -1, -1, -1, 3, 998, 1;
1, 256, 0, 0, 0, 0, 5, 999, 2;
1, 256, 0, 0, 0, 0, 4, 999, 2;
1, 256, 0, 0, 0, 0, 4, 999, 2;
1, 256, 0, 0, 0, 0, 5, 1000, 3;
1, 256, 0, 0, 0, 0, 4, 999, 2;
1, 256, 0, 1, 1, 1, 5, 1000, 3;
1, 256, 0, 0, 0, 0, 5, 1000, 3;
1, 256, 0, 1, 1, 1, 5, 1000, 3;
1, 256, 0, 0, 0, 0, 4, 999, 2;
1, 256, 0, -1, -1, -1, 4, 999, 2;
1, 256, 0, -1, -1, -1, 4, 999, 2;
1, 256, 0, -1, -1, -1, 4, 998, 1;
1, 256, 0, 0, 0, 0, 4, 999, 2;
1, 256, 0, 0, 0, 0, 5, 1000, 3;
1, 256, 0, 1, 1, 1, 5, 1000, 3;
1, 256, 0, -1, -1, -1, 4, 999, 2;
1, 256, 0, -1, -1, -1, 4, 999, 2;
1, 256, 0, 0, 0, 0, 5, 1000, 3;
1, 256, 0, 0, 0, 0, 5, 1000, 3;
1, 256, 0, 1, 1, 1, 5, 1000, 3;
1, 256, 0, 0, 0, 0, 5, 1000, 3;
1, 256, 0, 0, 0, 0, 5, 1000, 3;
1, 256, 0, 0, 0, 0, 5, 1000, 3;
1, 256, 0, 0, 0, 0, 4, 999, 2;
1, 256, 0, 0, 0, 0, 5, 999, 3;
1, 256, 1, 1, 1, 1, 6, 1001, 4;
1, 256, 0, 0, 0, 0, 4, 999, 2;
1, 256, 0, -1, -1, -1, 4, 999, 2;
1, 256, 0, 0, 0, 0, 5, 1000, 3;
1, 256, 0, 1, 1, 1, 5, 1000, 3;
1, 256, 1, 1, 1, 1, 6, 1001, 4;
1, 256, 0, 1, 1, 1, 5, 1000, 3;
1, 256, 0, 0, 0, 0, 5, 1000, 3;
1, 256, 0, 0, 0, 0, 4, 999, 2;
1, 256, 0, 1, 1, 1, 5, 1000, 3;
1, 256, 0, 0, 0, 0, 5, 1000, 3;
1, 256, 0, -1, -1, -1, 4, 999, 2;
1, 256, 0, -1, -1, -1, 3, 998, 1;
1, 256, 0, 0, 0, 0, 5, 1000, 3;
1, 256, 1, 1, 1, 1, 6, 1001, 4;
1, 256, 0, 0, 0, 0, 5, 1000, 3;
1, 256, 0, 0, 0, 0, 5, 1000, 3;
1, 256, 1, 1, 1, 1, 6, 1000, 4;
1, 256, 1, 1, 1, 1, 6, 1001, 4;
1, 256, 0, -1, -1, -1, 4, 999, 2;
1, 256, 0, -1, -1, -1, 4, 998, 2;
1, 256, 0, 0, 0, 0, 4, 999, 2;
1, 256, 0, 1, 1, 1, 5, 1000, 3;
1, 256, 0, 0, 0, 0, 4, 999, 2;
1, 256, 0, 0, 0, 0, 5, 1000, 3;
1, 256, 0, 1, 1, 1, 5, 1000, 3;
1, 256, 0, 0, 0, 0, 4, 999, 2;
1, 256, 0, 0, 0, 0, 4, 999, 2;
1, 256, 0, 0, 0, 0, 5, 1000, 3;
1, 256, 0, 0, 0, 0, 4, 999, 2;
1, 256, 0, -1, -1, -1, 4, 998, 2;
1, 256, 1, 1, 1, 1, 5, 1000, 3;
1, 256, 0, 0, 0, 0, 5, 1000, 3;
1, 256, 0, -1, -1, -1, 4, 998, 1;
1, 256, 0, -1, -1, -1, 4, 998, 2;
1, 256, 0, 0, 0, 0, 5, 1000, 3;
1, 256, 0, 0, 0, 0, 5, 1000, 3;
1, 256, 0, 0, 0, 0, 4, 999, 2;
1, 256, 0, 0, 0, 0, 4, 999, 2;
1, 256, 0, 0, 0, 0, 5, 1000, 3;
1, 256, 0, -1, -1, -1, 4, 999, 2;
1, 256, 1, 1, 1, 1, 6, 1001, 4;
1, 256, 0, 0, 0, 0, 5, 1000, 3;
1, 256, 0, 0, 0, 0, 5, 1000, 3;
1, 256, 0, 0, 0, 0, 5, 1000, 3;
1, 256, 0, 0, 0, 0, 5, 1000, 3;
1, 256, 0, 0, 0, 0, 4, 999, 2;
1, 256, 0, 0, 0, 0, 4, 999, 2;
1, 256, 0, 1, 1, 1, 5, 1000, 3;
1, 256, 0, 0, 0, 0, 4, 999, 2;
1, 256, 0, 0, 0, 0, 4, 999, 2;
1, 256, 0, 1, 1, 1, 5, 1000, 3;
1, 256, 0, -1, -1, -1, 4, 999, 2;
1, 256, 0, 0, 0, 0, 5, 1000, 3;
1, 256, 0, -1, -1, -1, 4, 999, 2;
1, 256, 0, -1, -1, -1, 4, 999, 2;
1, 256, 1, 1, 1, 1, 6, 1001, 4;
1, 256, 1, 1, 1, 1, 6, 1001, 4;
1, 256, 0, 1, 1, 1, 5, 1000, 3;
1, 256, 0, 0, 0, 0, 5, 1000, 3;
1, 256, 0, -1, -1, -1, 4, 999, 2;
1, 256, 1, 1, 1, 1, 5, 1000, 3;
1, 256, 1, 1, 1, 1, 6, 1001, 4;
1, 256, 0, 0, 0, 0, 5, 1000, 3;
1, 256, 0, 0, 0, 0, 4, 999, 2;
1, 256, 1, 1, 1, 1, 6, 1000, 4;
1, 256, 0, 0, 0, 0, 4, 999, 2;
1, 256, 0, -1, -1, -1, 4, 999, 2;
1, 256, 0, -1, -1, -1, 4, 999, 2;
1, 256, 1, 1, 1, 1, 6, 1001, 4;
1, 256, 0, 0, 0, 0, 5, 1000, 3;
1, 256, 0, 0, 0, 0, 4, 999, 2;
1, 256, 0, 0, 0, 0, 4, 999, 2;
1, 256, 0, 0, 0, 0, 4, 999, 2;
1, 256, 0, 1, 1, 1, 5, 1000, 3;
1, 256, 0, 0, 0, 0, 5, 1000, 3;
1, 256, 0, 1, 1, 1, 5, 1000, 3;
1, 256, 0, 0, 0, 0, 4, 999, 2;
1, 256, 0, 1, 1, 1, 5, 1000, 3;
1, 256, 1, 1, 1, 1, 6, 1001, 4;
1, 256, 0, -1, -1, -1, 4, 999, 2;
1, 256, 0, 0, 0, 0, 5, 1000, 3;
1, 256, 0, 0, 0, 0, 5, 1000, 3;
1, 256, 0, -1, -1, -1, 4, 999, 2;
1, 256, 1, 1, 1, 1, 6, 1001, 4;
1, 256, 0, 0, 0, 0, 4, 999, 2;
1, 256, 0, 0, 0, 0, 5, 999, 2;
1, 256, 0, -1, -1, -1, 4, 999, 2;
1, 256, 0, -1, -1, -1, 4, 999, 2;
1, 256, 0, 1, 1, 1, 5, 1000, 3;
1, 256, 0, 0, 0, 0, 4, 999, 2;
1, 256, 0, -1, -1, -1, 4, 999, 2;
1, 256, 0, 0, 0, 0, 5, 1000, 3;
1, 256, 0, -1, -1, -1, 4, 999, 2;
1, 256, 1, 1, 1, 1, 5, 1000, 3;
1, 256, 1, 1, 1, 1, 6, 1000, 4;
1, 256, 0, 1, 1, 1, 5, 1000, 3;
1, 256, 0, 0, 0, 0, 4, 999, 2;
1, 256, 1, 1, 1, 1, 6, 1001, 4;
1, 256, 0, 0, 0, 0, 4, 999, 2;
1, 256, 0, 0, 0, 0, 5, 1000, 3;
1, 256, 0, 0, 0, 0, 5, 999, 3;
1, 256, 1, 1, 1, 1, 6, 1000, 4;
1, 256, 1, 1, 1, 1, 6, 1000, 4;
1, 256, 0, 0, 0, 0, 5, 1000, 3;
1, 256, 1, 1, 1, 1, 6, 1000, 3;
1, 256, 0, 0, 0, 0, 4, 999, 2;
1, 256, 0, -1, -1, -1, 3, 998, 1;
1, 256, 0, 0, 0, 0, 5, 1000, 3;
1, 256, 0, 0, 0, 0, 5, 1000, 3;
1, 256, 0, 0, 0, 0, 4, 999, 2;
1, 256, 0, 0, 0, 0, 4, 999, 2;
1, 256, 0, -1, -1, -1, 4, 999, 2;
1, 256, 0, 0, 0, 0, 4, 999, 2;
1, 256, 1, 1, 1, 1, 6, 1001, 4;
1, 256, 0, -1, -1, -1, 4, 999, 2;
1, 256, 1, 1, 1, 1, 5, 1000, 3;
1, 256, 1, 1, 1, 1, 6, 1001, 4;
1, 256, 1, 1, 1, 1, 6, 1001, 4;
1, 256, 0, 1, 1, 1, 5, 1000, 3;
1, 256, 0, 0, 0, 0, 4, 999, 2;
1, 256, 0, 0, 0, 0, 5, 1000, 3;
1, 256, 0, 0, 0, 0, 5, 1000, 3;
1, 256, 0, 0, 0, 0, 4, 999, 2;
1, 256, 0, -1, -1, -1, 4, 999, 2;
1, 256, 0, 0, 0, 0, 5, 1000, 3;
1, 256, 0, 0, 0, 0, 5, 1000, 3;
1, 256, 0, -1, -1, -1, 4, 999, 2;
1, 256, 0, 1, 1, 1, 5, 1000, 3;
1, 256, 0, -1, -1, -1, 4, 998, 2;
1, 256, 0, 0, 0, 0, 5, 1000, 3;
1, 256, 0, -1, -1, -1, 4, 999, 2;
1, 256, 0, 0, 0, 0, 4, 999, 2;
1, 256, 0, 0, 0, 0, 5, 999, 2;
1, 256, 0, 0, 0, 0, 4, 999, 2;
1, 256, 0, 0, 0, 0, 4, 999, 2;
1, 256, 1, 1, 1, 1, 5, 1000, 3;
1, 256, 0, -1, -1, -1, 4, 999, 2;
1, 256, 0, 0, 0, 0, 5, 1000, 3;
1, 256, 0, -1, -1, -1, 4, 999, 2;
1, 256, 0, 1, 1, 1, 5, 1000, 3;
1, 256, 0, 0, 0, 0, 5, 1000, 3;
1, 256, 0, 0, 0, 0, 5, 999, 3;
1, 256, 0, 0, 0, 0, 5, 1000, 3;
1, 256, 0, 0, 0, 0, 5, 1000, 3;
1, 256, 0, -1, -1, -1, 4, 998, 1;
1, 256, 0, -1, -1, -1, 4, 999, 2;
1, 256, 0, 0, 0, 0, 5, 999, 2;
1, 256, 0, -1, -1, -1, 4, 999, 2;
1, 256, 0, -1, -1, -1, 4, 999, 2;
1, 256, 0, 1, 1, 1, 5, 1000, 3;
1, 256, 0, -1, -1, -1, 4, 999, 2;
1, 256, 1, 1, 1, 1, 6, 1001, 4;
1, 256, 0, 0, 0, 0, 5, 1000, 3;
1, 256, 0, 1, 1, 1, 5, 1000, 3;
1, 256, 0, 1, 1, 1, 5, 1000, 3;
1, 256, 1, 1, 1, 1, 6, 1001, 4;
1, 256, 0, -1, -1, -1, 4, 999, 2;
1, 256, 1, 1, 1, 1, 6, 1000, 3;
1, 256, 0, -1, -1, -1, 4, 999, 2;
1, 256, 0, -1, -1, -1, 3, 998, 1;
1, 256, 0, 1, 1, 1, 5, 1000, 3;
1, 256, 0, -1, -1, -1, 3, 998, 1;
1, 256, 1, 1, 1, 1, 6, 1001, 4;
1, 256, 0, 0, 0, 0, 5, 1000, 3;
1, 256, 0, 0, 0, 0, 4, 999, 2;
1, 256, 1, 1, 1, 1, 6, 1000, 3;
1, 256, 0, 0, 0, 0, 4, 999, 2;
1, 256, 0, 0, 0, 0, 5, 1000, 3;
1, 256, 0, 0, 0, 0, 5, 1000, 3;
1, 256, 0, 0, 0, 0, 5, 999, 3;
1, 256, 1, 1, 1, 1, 6, 1001, 4;
1, 256, 0, -1, -1, -1, 4, 999, 2;
1, 256, 0, 0, 0, 0, 4, 999, 2;
1, 256, 0, 0, 0, 0, 4, 999, 2;
1, 256, 0, 0, 0, 0, 4, 999, 2;
1, 256, 0, -1, -1, -1, 4, 999, 2;
1, 256, 0, 0, 0, 0, 4, 999, 2;
1, 256, 0, 0, 0, 0, 4, 999, 2;
1, 256, 0, 0, 0, 0, 5, 999, 3;
1, 256, 1, 1, 1, 1, 5, 1000, 3;
1, 256, 0, 0, 0, 0, 5, 1000, 3;
1, 256, 1, 1, 1, 1, 6, 1000, 4;
1, 256, 0, -1, -1, -1, 4, 999, 2;
1, 256, 0, 0, 0, 0, 4, 999, 2;
1, 256, 0, -1, -1, -1, 4, 999, 2;
0, 256, 0, -1, -1, -1, 3, 998, 1;
1, 256, 0, -1, -1, -1, 4, 998, 2;
1, 256, 0, -1, -1, -1, 4, 999, 2;
1, 256, 0, 0, 0, 0, 4, 999, 2;
1, 256, 0, 1, 1, 1, 5, 1000, 3;
1, 256, 0, 0, 0, 0, 5, 1000, 3;
1, 256, 1, 1, 1, 1, 6, 1001, 4;
1, 256, 0, 0, 0, 0, 4, 999, 2;
1, 256, 1, 1, 1, 1, 6, 1001, 4;
1, 256, 0, 1, 1, 1, 5, 1000, 3;
1, 256, 0, -1, -1, -1, 4, 999, 2;
1, 256, 0, -1, -1, -1, 3, 998, 1;
1, 256, 0, 0, 0, 0, 5, 1000, 3;
1, 256, 0, 0, 0, 0, 4, 999, 2;
1, 256, 0, -1, -1, -1, 4, 998, 2;
1, 256, 0, 0, 0, 0, 4, 999, 2;
1, 256, 0, -1, -1, -1, 4, 998, 1;
1, 256, 0, 0, 0, 0, 5, 1000, 3;
1, 256, 0, 0, 0, 0, 5, 1000, 3;
1, 256, 0, 1, 1, 1, 5, 1000, 3;
1, 256, 0, 0, 0, 0, 5, 1000, 3;
1, 256, 0, 1, 1, 1, 5, 1000, 3;
1, 256, 0, 0, 0, 0, 5, 1000, 3;
1, 256, 0, -1, -1, -1, 4, 999, 2;
1, 256, 0, 1, 1, 1, 5, 1000, 3;
1, 256, 0, 0, 0, 0, 5, 1000, 3;
1, 256, 0, 0, 0, 0, 5, 1000, 3;
1, 256, 0, 0, 0, 0, 5, 1000, 3;
1, 256, 0, -1, -1, -1, 4, 998, 1;
1, 256, 1, 1, 1, 1, 5, 1000, 3;
1, 256, 0, 0, 0, 0, 5, 1000, 3;
1, 256, 0, 0, 0, 0, 4, 999, 2;
1, 256, 0, 0, 0, 0, 4, 999, 2;
1, 256, 0, 0, 0, 0, 5, 1000, 3;
1, 256, 1, 1, 1, 1, 6, 1000, 4;
1, 256, 0, -1, -1, -1, 4, 999, 2;
1, 256, 0, -1, -1, -1, 4, 999, 2;
1, 256, 0, 0, 0, 0, 5, 1000, 3;
1, 256, 0, 1, 1, 1, 5, 1000, 3;
1, 256, 0, 0, 0, 0, 4, 999, 2;
1, 256, 0, 0, 0, 0, 5, 1000, 3;
1, 256, 0, 0, 0, 0, 5, 1000, 3;
1, 256, 0, 1, 1, 1, 5, 1000, 3;
1, 256, 0, 1, 1, 1, 5, 1000, 3;
1, 256, 0, 0, 0, 0, 5, 1000, 3;
1, 256, 0, -1, -1, -1, 4, 999, 2;
1, 256, 0, 0, 0, 0, 4, 999, 2;
1, 256, 0, -1, -1, -1, 4, 999, 2;
1, 256, 0, 0, 0, 0, 4, 999, 2;
1, 256, 1, 1, 1, 1, 6, 1000, 4;
1, 256, 0, 0, 0, 0, 4, 999, 2;
1, 256, 0, 1, 1, 1, 5, 1000, 3;
1, 256, 0, 0, 0, 0, 4, 999, 2;
1, 256, 1, 1, 1, 1, 6, 1001, 4;
1, 256, 0, -1, -1, -1, 4, 998, 2;
1, 256, 0, 0, 0, 0, 4, 999, 2;
1, 256, 1, 1, 1, 1, 6, 1001, 4;
1, 256, 0, -1, -1, -1, 4, 998, 2;
1, 256, 0, 0, 0, 0, 5, 1000, 3;
1, 256, 0, 1, 1, 1, 5, 1000, 3;
1, 256, 0, -1, -1, -1, 3, 998, 1;
1, 256, 0, 1, 1, 1, 5, 1000, 3;
1, 256, 1, 1, 1, 1, 6, 1001, 4;
1, 256, 1, 1, 1, 1, 6, 1001, 4;
1, 256, 0, 0, 0, 0, 4, 999, 2;
1, 256, 0, -1, -1, -1, 3, 998, 1;
1, 256, 0, 1, 1, 1, 5, 1000, 3;
1, 256, 0, 0, 0, 0, 4, 999, 2;
1, 256, 0, 0, 0, 0, 5, 999, 3;
1, 256, 0, 0, 0, 0, 4, 999, 2;
1, 256, 0, -1, -1, -1, 4, 999, 2;
1, 256, 0, -1, -1, -1, 3, 998, 1;
1, 256, 0, 1, 1, 1, 5, 1000, 3;
1, 256, 0, 0, 0, 0, 4, 999, 2;
1, 256, 0, -1, -1, -1, 4, 999, 2;
1, 256, 0, 0, 0, 0, 4, 999, 2;
1, 256, 0, 0, 0, 0, 4, 999, 2;
1, 256, 0, -1, -1, -1, 4, 999, 2;
1, 256, 0, 0, 0, 0, 4, 999, 2;
1, 256, 0, -1, -1, -1, 4, 999, 2;
1, 256, 0, 0, 0, 0, 4, 999, 2;
1, 256, 0, -1, -1, -1, 4, 999, 2;
1, 256, 0, 1, 1, 1, 5, 1000, 3;
1, 256, 0, -1, -1, -1, 4, 999, 2;
1, 256, 0, 1, 1, 1, 5, 1000, 3;
1, 256, 0, -1, -1, -1, 3, 998, 1;
1, 256, 0, 0, 0, 0, 4, 999, 2;
1, 256, 0, 0, 0, 0, 4, 999, 2;
1, 256, 0, 0, 0, 0, 5, 1000, 3;
1, 256, 0, 0, 0, 0, 5, 1000, 3;
1, 256, 0, 0, 0, 0, 4, 999, 2;
1, 256, 0, 0, 0, 0, 4, 999, 2;
1, 256, 0, -1, -1, -1, 3, 998, 1;
1, 256, 0, -1, -1, -1, 4, 999, 2;
1, 256, 0, 0, 0, 0, 5, 1000, 3;
1, 256, 0, 0, 0, 0, 5, 1000, 3;
1, 256, 0, -1, -1, -1, 4, 999, 2;
1, 256, 0, 1, 1, 1, 5, 1000, 3;
1, 256, 0, -1, -1, -1, 4, 999, 2;
1, 256, 0, 0, 0, 0, 4, 999, 2;
1, 256, 0, 0, 0, 0, 4, 999, 2;
1, 256, 1, 1, 1, 1, 5, 1000, 3;
1, 256, 0, 0, 0, 0, 4, 999, 2;
1, 256, 0, -1, -1, -1, 4, 999, 2;
0, 256, 0, -1, -1, -1, 3, 998, 1;
1, 256, 1, 1, 1, 1, 6, 1000, 3;
1, 256, 0, 1, 1, 1, 5, 1000, 3;
1, 256, 0, 0, 0, 0, 5, 1000, 3;
1, 256, 1, 1, 1, 1, 6, 1001, 4;
1, 256, 0, -1, -1, -1, 3, 998, 1;
1, 256, 0, 1, 1, 1, 5, 1000, 3;
1, 256, 0, -1, -1, -1, 4, 998, 1;
1, 256, 1, 1, 1, 1, 6, 1001, 4;
1, 256, 0, 1, 1, 1, 5, 1000, 3;
1, 256, 0, 0, 0, 0, 5, 1000, 3;
1, 256, 0, 0, 0, 0, 5, 999, 3;
1, 256, 0, -1, -1, -1, 4, 999, 2;
1, 256, 0, 0, 0, 0, 4, 999, 2;
1, 256, 0, 0, 0, 0, 4, 999, 2;
1, 256, 0, 0, 0, 0, 4, 999, 2;
1, 256, 0, -1, -1, -1, 3, 998, 1;
1, 256, 0, 0, 0, 0, 5, 999, 2;
1, 256, 0, 0, 0, 0, 4, 999, 2;
1, 256, 0, 0, 0, 0, 4, 999, 2;
1, 256, 0, 0, 0, 0, 5, 1000, 3;
1, 256, 0, -1, -1, -1, 4, 999, 2;
1, 256, 0, 1, 1, 1, 5, 1000, 3;
1, 256, 0, 0, 0, 0, 4, 999, 2;
1, 256, 0, -1, -1, -1, 4, 999, 2;
1, 256, 0, 0, 0, 0, 5, 1000, 3;
1, 256, 0, -1, -1, -1, 4, 998, 1;
1, 256, 0, 0, 0, 0, 4, 999, 2;
1, 256, 0, -1, -1, -1, 4, 999, 2;
1, 256, 0, -1, -1, -1, 4, 999, 2;
1, 256, 0, 0, 0, 0, 5, 999, 2;
1, 256, 0, -1, -1, -1, 3, 998, 1;
1, 256, 0, 0, 0, 0, 5, 999, 2;
1, 256, 0, 1, 1, 1, 5, 1000, 3;
1, 256, 0, 1, 1, 1, 5, 1000, 3;
1, 256, 0, 0, 0, 0, 4, 999, 2;
1, 256, 0, -1, -1, -1, 4, 999, 2;
1, 256, 0, 0, 0, 0, 4, 999, 2;
1, 256, 0, -1, -1, -1, 4, 998, 2;
1, 256, 1, 1, 1, 1, 6, 1001, 4;
1, 256, 0, 0, 0, 0, 5, 1000, 3;
1, 256, 1, 1, 1, 1, 6, 1001, 4;
1, 256, 0, 0, 0, 0, 5, 1000, 3;
1, 256, 0, -1, -1, -1, 4, 999, 2;
1, 256, 1, 1, 1, 1, 6, 1001, 4;
1, 256, 0, 0, 0, 0, 5, 1000, 3;
1, 256, 0, 1, 1, 1, 5, 1000, 3;
1, 256, 0, 0, 0, 0, 4, 999, 2;
1, 256, 0, 0, 0, 0, 4, 999, 2;
1, 256, 0, -1, -1, -1, 4, 999, 2;
1, 256, 0, 0, 0, 0, 5, 1000, 3;
1, 256, 0, 0, 0, 0, 5, 1000, 3;
1, 256, 0, -1, -1, -1, 4, 999, 2;
1, 256, 0, -1, -1, -1, 4, 999, 2;
1, 256, 0, 0, 0, 0, 5, 1000, 3;
1, 256, 0, 0, 0, 0, 4, 999, 2;
1, 256, 0, 0, 0, 0, 5, 1000, 3;
1, 256, 1, 1, 1, 1, 6, 1000, 4;
1, 256, 1, 1, 1, 1, 6, 1000, 4;
1, 256, 1, 1, 1, 1, 6, 1001, 4;
1, 256, 0, 0, 0, 0, 4, 999, 2;
1, 256, 0, 0, 0, 0, 5, 1000, 3;
1, 256, 1, 1, 1, 1, 5, 1000, 3;
1, 256, 1, 1, 1, 1, 6, 1001, 4;
1, 256, 0, 0, 0, 0, 4, 999, 2;
1, 256, 0, 0, 0, 0, 4, 999, 2;
1, 256, 0, 0, 0, 0, 4, 999, 2;
1, 256, 1, 1, 1, 1, 6, 1001, 4;
1, 256, 0, 0, 0, 0, 5, 1000, 3;
1, 256, 1, 1, 1, 1, 6, 1001, 4;
1, 256, 0, -1, -1, -1, 4, 999, 2;
1, 256, 0, 0, 0, 0, 4, 999, 2;
1, 256, 0, 0, 0, 0, 5, 1000, 3;
1, 256, 0, -1, -1, -1, 4, 999, 2;
1, 256, 0, -1, -1, -1, 4, 998, 2;
1, 256, 0, 0, 0, 0, 4, 999, 2;
1, 256, 0, -1, -1, -1, 3, 998, 1;
0, 256, 0, -1, -1, -1, 3, 998, 1;
1, 256, 0, 0, 0, 0, 4, 999, 2;
1, 256, 0, 0, 0, 0, 5, 1000, 3;
1, 256, 0, 0, 0, 0, 5, 1000, 3;
1, 256, 0, -1, -1, -1, 4, 998, 2;
1, 256, 0, 0, 0, 0, 4, 999, 2;
1, 256, 0, -1, -1, -1, 4, 999, 2;
1, 256, 0, 1, 1, 1, 5, 1000, 3;
1, 256, 0, 0, 0, 0, 5, 1000, 3;
1, 256, 0, 0, 0, 0, 4, 999, 2;
1, 256, 0, 1, 1, 1, 5, 1000, 3;
1, 256, 0, 0, 0, 0, 4, 999, 2;
1, 256, 0, -1, -1, -1, 4, 999, 2;
1, 256, 0, 0, 0, 0, 4, 999, 2;
1, 256, 0, 0, 0, 0, 5, 999, 2;
1, 256, 0, 0, 0, 0, 5, 1000, 3;
1, 256, 0, 1, 1, 1, 5, 1000, 3;
1, 256, 0, -1, -1, -1, 4, 999, 2;
1, 256, 0, 1, 1, 1, 5, 1000, 3;
1, 256, 1, 1, 1, 1, 6, 1001, 4;
1, 256, 1, 1, 1, 1, 6, 1000, 4;
1, 256, 1, 1, 1, 1, 5, 1000, 3;
1, 256, 0, 0, 0, 0, 4, 999, 2;
1, 256, 0, 0, 0, 0, 5, 1000, 3;
1, 256, 0, 0, 0, 0, 5, 1000, 3;
1, 256, 1, 1, 1, 1, 6, 1001, 4;
1, 256, 0, 0, 0, 0, 5, 1000, 3;
1, 256, 1, 1, 1, 1, 5, 1000, 3;
1, 256, 0, -1, -1, -1, 4, 999, 2;
1, 256, 0, 0, 0, 0, 5, 999, 3;
1, 256, 1, 1, 1, 1, 6, 1001, 4;
1, 256, 1, 1, 1, 1, 6, 1001, 4;
1, 256, 0, -1, -1, -1, 4, 999, 2;
1, 256, 0, 0, 0, 0, 5, 1000, 3;
1, 256, 1, 1, 1, 1, 5, 1000, 3;
1, 256, 0, 0, 0, 0, 4, 999, 2;
1, 256, 0, -1, -1, -1, 4, 999, 2;
1, 256, 0, 0, 0, 0, 4, 999, 2;
1, 256, 0, 0, 0, 0, 5, 1000, 3;
1, 256, 0, 0, 0, 0, 4, 999, 2;
1, 256, 0, 0, 0, 0, 5, 1000, 3;
1, 256, 0, 0, 0, 0, 4, 999, 2;
1, 256, 0, 0, 0, 0, 5, 1000, 3;
1, 256, 0, 0, 0, 0, 4, 999, 2;
1, 256, 0, -1, -1, -1, 4, 999, 2;
1, 256, 0, -1, -1, -1, 3, 998, 1;
1, 256, 0, -1, -1, -1, 4, 999, 2;
1, 256, 0, -1, -1, -1, 3, 998, 1;
1, 256, 0, -1, -1, -1, 4, 999, 2;
1, 256, 0, 0, 0, 0, 5, 999, 2;
1, 256, 0, -1, -1, -1, 4, 999, 2;
1, 256, 0, -1, -1, -1, 4, 999, 2;
1, 256, 0, 0, 0, 0, 4, 999, 2;
1, 256, 0, 0, 0, 0, 4, 999, 2;
1, 256, 0, 0, 0, 0, 4, 999, 2;
1, 256, 0, 0, 0, 0, 4, 999, 2;
1, 256, 0, 0, 0, 0, 4, 999, 2;
1, 256, 0, 0, 0, 0, 5, 1000, 3;
1, 256, 0, 1, 1, 1, 5, 1000, 3;
1, 256, 0, 0, 0, 0, 5, 1000, 3;
1, 256, 0, 0, 0, 0, 4, 999, 2;
1, 256, 0, 0, 0, 0, 5, 1000, 3;
1, 256, 0, -1, -1, -1, 4, 998, 2;
1, 256, 1, 1, 1, 1, 6, 1001, 4;
1, 256, 0, 0, 0, 0, 5, 1000, 3;
1, 256, 0, 0, 0, 0, 5, 999, 3;
1, 256, 0, 1, 1, 1, 5, 1000, 3;
1, 256, 0, 0, 0, 0, 5, 1000, 3;
1, 256, 0, -1, -1, -1, 4, 999, 2;
1, 256, 1, 1, 1, 1, 6, 1001, 4;
1, 256, 1, 1, 1, 1, 6, 1001, 4;
1, 256, 0, 0, 0, 0, 5, 1000, 3;
1, 256, 0, 0, 0, 0, 5, 1000, 3;
1, 256, 0, 0, 0, 0, 4, 999, 2;
1, 256, 0, -1, -1, -1, 4, 998, 2;
1, 256, 0, 0, 0, 0, 5, 1000, 3;
1, 256, 0, 0, 0, 0, 5, 999, 2;
1, 256, 0, 0, 0, 0, 4, 999, 2;
1, 256, 0, 0, 0, 0, 4, 999, 2;
1, 256, 1, 1, 1, 1, 6, 1001, 4;
1, 256, 0, 0, 0, 0, 4, 999, 2;
1, 256, 0, 0, 0, 0, 5, 999, 3;
1, 256, 0, 0, 0, 0, 4, 999, 2;
1, 256, 0, 0, 0, 0, 5, 1000, 3;
1, 256, 1, 1, 1, 1, 6, 1001, 4;
1, 256, 0, 0, 0, 0, 5, 1000, 3;
1, 256, 0, 0, 0, 0, 4, 999, 2;
1, 256, 0, 0, 0, 0, 5, 999, 2;
1, 256, 0, -1, -1, -1, 3, 998, 1;
1, 256, 0, 1, 1, 1, 5, 1000, 3;
1, 256, 0, -1, -1, -1, 3, 998, 1;
1, 256, 0, 0, 0, 0, 4, 999, 2;
1, 256, 1, 1, 1, 1, 5, 1000, 3;
1, 256, 0, 0, 0, 0, 5, 1000, 3;
1, 256, 0, 0, 0, 0, 5, 1000, 3;
1, 256, 0, 0, 0, 0, 5, 1000, 3;
1, 256, 1, 1, 1, 1, 6, 1000, 4;
1, 256, 0, -1, -1, -1, 4, 999, 2;
0, 256, 0, -1, -1, -1, 3, 998, 1;
1, 256, 0, -1, -1, -1, 3, 998, 1;
1, 256, 0, 1, 1, 1, 5, 1000, 3;
1, 256, 0, 0, 0, 0, 4, 999, 2;
1, 256, 0, 0, 0, 0, 5, 999, 2;
1, 256, 0, 0, 0, 0, 4, 999, 2;
1, 256, 0, 0, 0, 0, 5, 1000, 3;
1, 256, 0, 0, 0, 0, 4, 999, 2;
1, 256, 0, 0, 0, 0, 5, 999, 3;
1, 256, 0, 0, 0, 0, 5, 999, 2;
1, 256, 0, 0, 0, 0, 5, 1000, 3;
1, 256, 0, -1, -1, -1, 4, 999, 2;
1, 256, 0, 0, 0, 0, 4, 999, 2;
1, 256, 0, -1, -1, -1, 4, 999, 2;
1, 256, 0, 0, 0, 0, 5, 1000, 3;
1, 256, 0, -1, -1, -1, 4, 999, 2;
1, 256, 0, 0, 0, 0, 4, 999, 2;
1, 256, 1, 1, 1, 1, 6, 1001, 4;
1, 256, 1, 1, 1, 1, 6, 1000, 4;
1, 256, 0, 0, 0, 0, 5, 999, 3;
1, 256, 0, 0, 0, 0, 5, 1000, 3;
1, 256, 0, -1, -1, -1, 3, 998, 1;
1, 256, 1, 1, 1, 1, 6, 1001, 4;
0, 256, 0, -1, -1, -1, 3, 998, 1;
1, 256, 0, 0, 0, 0, 4, 999, 2;
1, 256, 0, -1, -1, -1, 4, 999, 2;
1, 256, 0, 0, 0, 0, 5, 1000, 3;
1, 256, 0, 0, 0, 0, 5, 1000, 3;
1, 256, 0, 0, 0, 0, 5, 1000, 3;
1, 256, 1, 1, 1, 1, 5, 1000, 3;
1, 256, 0, -1, -1, -1, 4, 999, 2;
1, 256, 1, 1, 1, 1, 6, 1001, 4;
1, 256, 0, 0, 0, 0, 4, 999, 2;
1, 256, 0, 0, 0, 0, 4, 999, 2;
1, 256, 0, 0, 0, 0, 5, 1000, 3;
1, 256, 0, 0, 0, 0, 4, 999, 2;
1, 256, 0, 0, 0, 0, 4, 999, 2;
1, 256, 1, 1, 1, 1, 6, 1000, 3;
1, 256, 0, -1, -1, -1, 4, 998, 2;
1, 256, 0, -1, -1, -1, 4, 999, 2;
1, 256, 1, 1, 1, 1, 5, 1000, 3;
1, 256, 0, 0, 0, 0, 5, 1000, 3;
1, 256, 0, -1, -1, -1, 4, 999, 2;
1, 256, 0, 0, 0, 0, 4, 999, 2;
1, 256, 0, 1, 1, 1, 5, 1000, 3;
1, 256, 0, -1, -1, -1, 4, 999, 2;
1, 256, 1, 1, 1, 1, 6, 1001, 4;
1, 256, 0, 0, 0, 0, 4, 999, 2;
1, 256, 0, 0, 0, 0, 4, 999, 2;
1, 256, 0, 0, 0, 0, 5, 1000, 3;
1, 256, 0, -1, -1, -1, 4, 999, 2;
1, 256, 0, 1, 1, 1, 5, 1000, 3;
1, 256, 0, 0, 0, 0, 5, 999, 2;
1, 256, 0, -1, -1, -1, 4, 999, 2;
1, 256, 0, 0, 0, 0, 5, 999, 3;
1, 256, 0, -1, -1, -1, 4, 999, 2;
1, 256, 0, -1, -1, -1, 4, 999, 2;
1, 256, 1, 1, 1, 1, 6, 1001, 4;
1, 256, 0, 0, 0, 0, 4, 999, 2;
1, 256, 0, 0, 0, 0, 4, 999, 2;
1, 256, 1, 1, 1, 1, 6, 1001, 4;
1, 256, 0, -1, -1, -1, 4, 998, 1;
1, 256, 0, 0, 0, 0, 5, 999, 3;
1, 256, 0, 0, 0, 0, 5, 1000, 3;
1, 256, 0, 1, 1, 1, 5, 1000, 3;
1, 256, 0, -1, -1, -1, 3, 998, 1;
1, 256, 0, -1, -1, -1, 4, 999, 2;
1, 256, 0, 0, 0, 0, 5, 1000, 3;
1, 256, 0, -1, -1, -1, 4, 999, 2;
1, 256, 0, -1, -1, -1, 4, 999, 2;
1, 256, 0, 0, 0, 0, 4, 999, 2;
1, 256, 0, -1, -1, -1, 4, 999, 2;
1, 256, 0, 0, 0, 0, 4, 999, 2;
1, 256, 0, -1, -1, -1, 4, 999, 2;
1, 256, 0, -1, -1, -1, 3, 998, 1;
1, 256, 0, -1, -1, -1, 4, 999, 2;
1, 256, 0, 1, 1, 1, 5, 1000, 3;
1, 256, 1, 1, 1, 1, 5, 1000, 3;
1, 256, 0, 0, 0, 0, 5, 1000, 3;
1, 256, 1, 1, 1, 1, 6, 1001, 4;
1, 256, 0, 0, 0, 0, 5, 1000, 3;
1, 256, 0, 0, 0, 0, 4, 999, 2;
1, 256, 0, 0, 0, 0, 4, 999, 2;
1, 256, 0, 0, 0, 0, 5, 1000, 3;
1, 256, 0, 0, 0, 0, 4, 999, 2;
1, 256, 0, 0, 0, 0, 4, 999, 2;
1, 256, 0, 0, 0, 0, 5, 1000, 3;
1, 256, 0, 0, 0, 0, 4, 999, 2;
1, 256, 0, 0, 0, 0, 4, 999, 2;
1, 256, 0, 0, 0, 0, 5, 1000, 3;
1, 256, 1, 1, 1, 1, 6, 1001, 4;
1, 256, 1, 1, 1, 1, 6, 1001, 4;
1, 256, 1, 1, 1, 1, 5, 1000, 3;
1, 256, 0, 1, 1, 1, 5, 1000, 3;
1, 256, 0, 0, 0, 0, 5, 1000, 3;
1, 256, 1, 1, 1, 1, 6, 1001, 4;
1, 256, 0, 0, 0, 0, 5, 1000, 3;
1, 256, 0, 0, 0, 0, 5, 1000, 3;
1, 256, 0, 0, 0, 0, 5, 1000, 3;
1, 256, 0, 1, 1, 1, 5, 1000, 3;
1, 256, 0, 1, 1, 1, 5, 1000, 3;
1, 256, 0, 0, 0, 0, 5, 1000, 3;
1, 256, 0, 1, 1, 1, 5, 1000, 3;
1, 256, 0, 0, 0, 0, 5, 999, 2;
0, 256, 0, -1, -1, -1, 3, 998, 1;
1, 256, 0, 0, 0, 0, 5, 1000, 3;
1, 256, 0, -1, -1, -1, 3, 998, 1;
1, 256, 0, 0, 0, 0, 4, 999, 2;
1, 256, 1, 1, 1, 1, 6, 1001, 4;
1, 256, 0, 0, 0, 0, 4, 999, 2;
1, 256, 0, 0, 0, 0, 4, 999, 2;
1, 256, 0, 0, 0, 0, 5, 1000, 3;
1, 256, 0, -1, -1, -1, 4, 999, 2;
1, 256, 0, 0, 0, 0, 5, 1000, 3;
1, 256, 0, -1, -1, -1, 4, 999, 2;
1, 256, 0, 0, 0, 0, 5, 1000, 3;
1, 256, 0, 0, 0, 0, 5, 1000, 3;
1, 256, 0, 0, 0, 0, 5, 1000, 3;
1, 256, 0, 0, 0, 0, 4, 999, 2;
1, 256, 0, -1, -1, -1, 4, 999, 2;
1, 256, 0, -1, -1, -1, 3, 998, 1;
1, 256, 0, -1, -1, -1, 4, 998, 1;
1, 256, 0, 1, 1, 1, 5, 1000, 3;
1, 256, 0, 0, 0, 0, 5, 1000, 3;
1, 256, 0, 0, 0, 0, 5, 1000, 3;
1, 256, 1, 1, 1, 1, 6, 1001, 4;
1, 256, 0, -1, -1, -1, 4, 999, 2;
1, 256, 0, 0, 0, 0, 4, 999, 2;
1, 256, 0, 1, 1, 1, 5, 1000, 3;
1, 256, 0, -1, -1, -1, 4, 998, 1;
1, 256, 0, 0, 0, 0, 5, 1000, 3;
1, 256, 0, 0, 0, 0, 5, 1000, 3;
1, 256, 0, 0, 0, 0, 5, 999, 3;
1, 256, 0, 0, 0, 0, 5, 999, 3;
1, 256, 0, 0, 0, 0, 4, 999, 2;
1, 256, 0, 0, 0, 0, 5, 1000, 3;
1, 256, 0, 1, 1, 1, 5, 1000, 3;
1, 256, 0, 0, 0, 0, 5, 1000, 3;
1, 256, 0, 0, 0, 0, 5, 1000, 3;
1, 256, 0, 0, 0, 0, 5, 999, 3;
1, 256, 0, 0, 0, 0, 4, 999, 2;
1, 256, 1, 1, 1, 1, 6, 1000, 3;
1, 256, 0, 0, 0, 0, 4, 999, 2;
1, 256, 0, -1, -1, -1, 4, 999, 2;
1, 256, 0, -1, -1, -1, 4, 999, 2;
1, 256, 0, 0, 0, 0, 4, 999, 2;
1, 256, 0, 0, 0, 0, 5, 1000, 3;
1, 256, 0, 0, 0, 0, 4, 999, 2;
1, 256, 0, 0, 0, 0, 4, 999, 2;
1, 256, 0, -1, -1, -1, 4, 999, 2;
1, 256, 1, 1, 1, 1, 6, 1000, 4;
1, 256, 1, 1, 1, 1, 6, 1001, 4;
1, 256, 0, 0, 0, 0, 5, 1000, 3;
1, 256, 0, -1, -1, -1, 4, 999, 2;
1, 256, 0, 0, 0, 0, 4, 999, 2;
1, 256, 0, 0, 0, 0, 5, 1000, 3;
1, 256, 0, 0, 0, 0, 5, 1000, 3;
1, 256, 0, -1, -1, -1, 4, 999, 2;
1, 256, 0, 0, 0, 0, 4, 999, 2;
1, 256, 0, 0, 0, 0, 5, 1000, 3;
1, 256, 0, 0, 0, 0, 5, 1000, 3;
1, 256, 0, -1, -1, -1, 4, 999, 2;
1, 256, 0, 1, 1, 1, 5, 1000, 3;
1, 256, 0, -1, -1, -1, 4, 999, 2;
1, 256, 0, 0, 0, 0, 5, 1000, 3;
1, 256, 1, 1, 1, 1, 6, 1001, 4;
1, 256, 0, 0, 0, 0, 5, 1000, 3;
1, 256, 0, -1, -1, -1, 4, 998, 1;
1, 256, 0, 0, 0, 0, 5, 1000, 3;
1, 256, 0, 0, 0, 0, 4, 999, 2;
1, 256, 1, 1, 1, 1, 6, 1001, 4;
1, 256, 0, 0, 0, 0, 4, 999, 2;
1, 256, 0, 0, 0, 0, 5, 999, 3;
1, 256, 0, 0, 0, 0, 5, 1000, 3;
1, 256, 0, 0, 0, 0, 5, 1000, 3;
1, 256, 0, 0, 0, 0, 4, 999, 2;
1, 256, 0, 0, 0, 0, 5, 1000, 3;
1, 256, 0, 0, 0, 0, 4, 999, 2;
1, 256, 0, 0, 0, 0, 5, 1000, 3;
1, 256, 0, 1, 1, 1, 5, 1000, 3;
1, 256, 0, 0, 0, 0, 5, 1000, 3;
1, 256, 0, 0, 0, 0, 5, 1000, 3;
1, 256, 0, 1, 1, 1, 5, 1000, 3;
1, 256, 0, 0, 0, 0, 5, 1000, 3;
1, 256, 0, 1, 1, 1, 5, 1000, 3;
1, 256, 0, 0, 0, 0, 5, 1000, 3;
1, 256, 0, 0, 0, 0, 4, 999, 2;
0, 256, 0, -1, -1, -1, 3, 998, 1;
1, 256, 0, 0, 0, 0, 4, 999, 2;
1, 256, 0, -1, -1, -1, 3, 998, 1;
1, 256, 0, 0, 0, 0, 5, 1000, 3;
1, 256, 0, 0, 0, 0, 4, 999, 2;
1, 256, 0, 0, 0, 0, 5, 999, 2;
1, 256, 0, 0, 0, 0, 4, 999, 2;
1, 256, 1, 1, 1, 1, 6, 1001, 4;
1, 256, 0, 1, 1, 1, 5, 1000, 3;
1, 256, 0, 0, 0, 0, 5, 1000, 3;
1, 256, 0, -1, -1, -1, 3, 998, 1;
1, 256, 0, 0, 0, 0, 4, 999, 2;
1, 256, 1, 1, 1, 1, 6, 1000, 3;
1, 256, 1, 1, 1, 1, 5, 1000, 3;
1, 256, 0, 0, 0, 0, 5, 1000, 3;
1, 256, 0, -1, -1, -1, 3, 998, 1;
1, 256, 0, 0, 0, 0, 5, 1000, 3;
1, 256, 0, 0, 0, 0, 5, 1000, 3;
1, 256, 0, 0, 0, 0, 4, 999, 2;
1, 256, 0, 0, 0, 0, 5, 1000, 3;
1, 256, 0, 0, 0, 0, 5, 1000, 3;
1, 256, 0, 1, 1, 1, 5, 1000, 3;
1, 256, 0, 0, 0, 0, 5, 1000, 3;
1, 256, 0, 0, 0, 0, 5, 1000, 3;
1, 256, 0, 0, 0, 0, 4, 999, 2;
1, 256, 0, -1, -1, -1, 4, 998, 2;
1, 256, 0, -1, -1, -1, 4, 998, 1;
1, 256, 0, 0, 0, 0, 5, 1000, 3;
1, 256, 0, -1, -1, -1, 4, 999, 2;
1, 256, 0, 0, 0, 0, 4, 999, 2;
1, 256, 0, -1, -1, -1, 4, 999, 2;
1, 256, 0, 0, 0, 0, 4, 999, 2;
1, 256, 1, 1, 1, 1, 6, 1001, 4;
1, 256, 0, -1, -1, -1, 3, 998, 1;
1, 256, 1, 1, 1, 1, 6, 1001, 4;
1, 256, 0, -1, -1, -1, 4, 999, 2;
1, 256, 0, -1, -1, -1, 4, 999, 2;
1, 256, 0, 0, 0, 0, 4, 999, 2;
1, 256, 0, 0, 0, 0, 4, 999, 2;
1, 256, 0, -1, -1, -1, 4, 999, 2;
1, 256, 1, 1, 1, 1, 6, 1001, 4;
1, 256, 0, 0, 0, 0, 5, 999, 2;
1, 256, 0, 0, 0, 0, 5, 1000, 3;
1, 256, 0, 0, 0, 0, 4, 999, 2;
1, 256, 0, 0, 0, 0, 5, 999, 2;
1, 256, 0, 0, 0, 0, 4, 999, 2;
1, 256, 1, 1, 1, 1, 6, 1001, 4;
1, 256, 0, -1, -1, -1, 3, 998, 1;
1, 256, 0, 0, 0, 0, 5, 1000, 3;
1, 256, 0, 0, 0, 0, 4, 999, 2;
1, 256, 0, -1, -1, -1, 4, 999, 2;
1, 256, 0, 1, 1, 1, 5, 1000, 3;
1, 256, 0, 1, 1, 1, 5, 1000, 3;
1, 256, 0, 0, 0, 0, 4, 999, 2;
1, 256, 0, -1, -1, -1, 4, 999, 2;
1, 256, 0, -1, -1, -1, 4, 998, 2;
1, 256, 0, 0, 0, 0, 5, 1000, 3;
1, 256, 0, 0, 0, 0, 5, 1000, 3;
1, 256, 0, 0, 0, 0, 5, 1000, 3;
1, 256, 0, -1, -1, -1, 4, 999, 2;
1, 256, 0, -1, -1, -1, 4, 999, 2;
1, 256, 0, 0, 0, 0, 4, 999, 2;
1, 256, 0, -1, -1, -1, 3, 998, 1;
1, 256, 0, 0, 0, 0, 4, 999, 2;
1, 256, 0, -1, -1, -1, 3, 998, 1;
1, 256, 0, 1, 1, 1, 5, 1000, 3;
1, 256, 1, 1, 1, 1, 6, 1001, 4;
1, 256, 0, -1, -1, -1, 4, 999, 2;
1, 256, 0, 0, 0, 0, 4, 999, 2;
1, 256, 0, 0, 0, 0, 5, 1000, 3;
1, 256, 0, 0, 0, 0, 5, 1000, 3;
1, 256, 0, 0, 0, 0, 5, 1000, 3;
1, 256, 0, 0, 0, 0, 5, 1000, 3;
1, 256, 0, 0, 0, 0, 5, 1000, 3;
1, 256, 0, 1, 1, 1, 5, 1000, 3;
1, 256, 0, -1, -1, -1, 4, 999, 2;
1, 256, 1, 1, 1, 1, 6, 1000, 3;
1, 256, 0, 0, 0, 0, 4, 999, 2;
1, 256, 0, -1, -1, -1, 4, 999, 2;
1, 256, 1, 1, 1, 1, 6, 1001, 4;
1, 256, 0, 0, 0, 0, 4, 999, 2;
1, 256, 1, 1, 1, 1, 6, 1001, 4;
1, 256, 1, 1, 1, 1, 6, 1001, 4;
1, 256, 0, 1, 1, 1, 5, 1000, 3;
1, 256, 0, 1, 1, 1, 5, 1000, 3;
1, 256, 0, 0, 0, 0, 4, 999, 2;
1, 256, 1, 1, 1, 1, 6, 1001, 4;
1, 256, 0, 0, 0, 0, 5, 1000, 3;
0, 256, 0, -1, -1, -1, 3, 998, 1;
1, 256, 1, 1, 1, 1, 6, 1000, 3;
1, 256, 0, -1, -1, -1, 4, 999, 2;
1, 256, 0, 0, 0, 0, 4, 999, 2;
1, 256, 0, 1, 1, 1, 5, 1000, 3;
1, 256, 1, 1, 1, 1, 5, 1000, 3;
1, 256, 0, -1, -1, -1, 4, 999, 2;
1, 256, 0, 0, 0, 0, 5, 1000, 3;
1, 256, 0, 0, 0, 0, 5, 1000, 3;
1, 256, 0, 0, 0, 0, 4, 999, 2;
1, 256, 0, -1, -1, -1, 4, 999, 2;
1, 256, 0, 0, 0, 0, 5, 1000, 3;
1, 256, 0, 0, 0, 0, 4, 999, 2;
1, 256, 0, 0, 0, 0, 4, 999, 2;
1, 256, 0, 0, 0, 0, 4, 999, 2;
1, 256, 0, 0, 0, 0, 5, 1000, 3;
1, 256, 0, -1, -1, -1, 4, 999, 2;
1, 256, 0, 1, 1, 1, 5, 1000, 3;
1, 256, 1, 1, 1, 1, 6, 1001, 4;
1, 256, 0, 1, 1, 1, 5, 1000, 3;
1, 256, 0, 0, 0, 0, 5, 1000, 3;
1, 256, 0, 0, 0, 0, 5, 1000, 3;
1, 256, 0, -1, -1, -1, 3, 998, 1;
1, 256, 0, 0, 0, 0, 5, 1000, 3;
1, 256, 0, 0, 0, 0, 5, 1000, 3;
1, 256, 1, 1, 1, 1, 6, 1000, 3;
1, 256, 0, -1, -1, -1, 4, 999, 2;
1, 256, 0, 0, 0, 0, 5, 1000, 3;
1, 256, 1, 1, 1, 1, 6, 1000, 4;
1, 256, 1, 1, 1, 1, 6, 1001, 4;
1, 256, 0, -1, -1, -1, 4, 998, 2;
1, 256, 0, 1, 1, 1, 5, 1000, 3;
1, 256, 0, -1, -1, -1, 4, 999, 2;
1, 256, 0, 1, 1, 1, 5, 1000, 3;
1, 256, 0, 0, 0, 0, 5, 1000, 3;
1, 256, 0, 0, 0, 0, 5, 1000, 3;
1, 256, 0, 0, 0, 0, 5, 1000, 3;
1, 256, 1, 1, 1, 1, 6, 1001, 4;
1, 256, 1, 1, 1, 1, 6, 1000, 3;
1, 256, 0, 0, 0, 0, 5, 1000, 3;
1, 256, 1, 1, 1, 1, 6, 1001, 4;
1, 256, 0, 0, 0, 0, 5, 1000, 3;
1, 256, 0, -1, -1, -1, 4, 999, 2;
1, 256, 0, 0, 0, 0, 5, 1000, 3;
1, 256, 0, -1, -1, -1, 3, 998, 1;
1, 256, 0, 0, 0, 0, 4, 999, 2;
1, 256, 0, 0, 0, 0, 4, 999, 2;
1, 256, 0, 0, 0, 0, 5, 1000, 3;
1, 256, 1, 1, 1, 1, 6, 1000, 3;
1, 256, 0, -1, -1, -1, 4, 999, 2;
1, 256, 0, -1, -1, -1, 4, 999, 2;
1, 256, 0, 0, 0, 0, 5, 1000, 3;
1, 256, 0, 1, 1, 1, 5, 1000, 3;
1, 256, 0, -1, -1, -1, 3, 998, 1;
1, 256, 0, -1, -1, -1, 4, 998, 1;
1, 256, 0, 0, 0, 0, 5, 999, 3;
1, 256, 0, -1, -1, -1, 3, 998, 1;
1, 256, 1, 1, 1, 1, 6, 1001, 4;
1, 256, 1, 1, 1, 1, 6, 1001, 4;
1, 256, 0, -1, -1, -1, 3, 998, 1;
1, 256, 0, 0, 0, 0, 4, 999, 2;
1, 256, 0, 0, 0, 0, 4, 999, 2;
1, 256, 0, 1, 1, 1, 5, 1000, 3;
1, 256, 0, -1, -1, -1, 4, 999, 2;
1, 256, 1, 1, 1, 1, 6, 1001, 4;
1, 256, 0, -1, -1, -1, 4, 999, 2;
1, 256, 0, -1, -1, -1, 4, 998, 2;
1, 256, 0, 0, 0, 0, 4, 999, 2;
1, 256, 0, 0, 0, 0, 4, 999, 2;
1, 256, 1, 1, 1, 1, 5, 1000, 3;
1, 256, 0, 0, 0, 0, 5, 1000, 3;
1, 256, 0, 0, 0, 0, 5, 1000, 3;
1, 256, 1, 1, 1, 1, 6, 1001, 4;
1, 256, 0, -1, -1, -1, 4, 999, 2;
1, 256, 0, 0, 0, 0, 5, 1000, 3;
1, 256, 1, 1, 1, 1, 6, 1001, 4;
1, 256, 0, 0, 0, 0, 5, 1000, 3;
1, 256, 0, -1, -1, -1, 3, 998, 1;
1, 256, 0, -1, -1, -1, 4, 999, 2;
1, 256, 0, 0, 0, 0, 5, 1000, 3;
0, 256, 0, -1, -1, -1, 3, 998, 1;
1, 256, 0, 0, 0, 0, 4, 999, 2;
1, 256, 0, 0, 0, 0, 5, 999, 3;
1, 256, 0, 1, 1, 1, 5, 1000, 3;
1, 256, 0, 0, 0, 0, 4, 999, 2;
1, 256, 0, 0, 0, 0, 5, 1000, 3;
1, 256, 0, 0, 0, 0, 5, 1000, 3;
1, 256, 0, -1, -1, -1, 4, 999, 2;
1, 256, 0, 0, 0, 0, 5, 1000, 3;
1, 256, 0, 1, 1, 1, 5, 1000, 3;
1, 256, 0, -1, -1, -1, 3, 998, 1;
1, 256, 0, 0, 0, 0, 5, 1000, 3;
1, 256, 0, 1, 1, 1, 5, 1000, 3;
1, 256, 0, -1, -1, -1, 4, 998, 2;
1, 256, 0, -1, -1, -1, 4, 999, 2;
1, 256, 0, 0, 0, 0, 4, 999, 2;
1, 256, 1, 1, 1, 1, 6, 1000, 4;
1, 256, 1, 1, 1, 1, 6, 1001, 4;
1, 256, 0, 0, 0, 0, 5, 1000, 3;
1, 256, 0, -1, -1, -1, 3, 998, 1;
1, 256, 0, 0, 0, 0, 4, 999, 2;
1, 256, 1, 1, 1, 1, 6, 1000, 3;
1, 256, 1, 1, 1, 1, 5, 1000, 3;
1, 256, 0, 0, 0, 0, 5, 1000, 3;
1, 256, 0, 0, 0, 0, 5, 1000, 3;
1, 256, 1, 1, 1, 1, 6, 1001, 4;
1, 256, 0, -1, -1, -1, 3, 998, 1;
1, 256, 0, -1, -1, -1, 4, 999, 2;
1, 256, 0, -1, -1, -1, 4, 999, 2;
1, 256, 0, 0, 0, 0, 4, 999, 2;
1, 256, 0, 0, 0, 0, 5, 1000, 3;
1, 256, 0, -1, -1, -1, 3, 998, 1;
1, 256, 0, 0, 0, 0, 5, 1000, 3;
1, 256, 0, 1, 1, 1, 5, 1000, 3;
1, 256, 0, 0, 0, 0, 4, 999, 2;
1, 256, 0, 0, 0, 0, 5, 999, 2;
1, 256, 0, 0, 0, 0, 5, 1000, 3;
1, 256, 0, -1, -1, -1, 4, 999, 2;
1, 256, 0, 0, 0, 0, 4, 999, 2;
1, 256, 0, 0, 0, 0, 5, 1000, 3;
1, 256, 0, 1, 1, 1, 5, 1000, 3;
1, 256, 1, 1, 1, 1, 5, 1000, 3;
1, 256, 0, 0, 0, 0, 5, 1000, 3;
1, 256, 0, 0, 0, 0, 5, 1000, 3;
1, 256, 0, -1, -1, -1, 3, 998, 1;
1, 256, 0, 0, 0, 0, 4, 999, 2;
1, 256, 0, 0, 0, 0, 4, 999, 2;
1, 256, 0, -1, -1, -1, 4, 999, 2;
1, 256, 0, 0, 0, 0, 4, 999, 2;
1, 256, 1, 1, 1, 1, 6, 1001, 4;
1, 256, 1, 1, 1, 1, 6, 1001, 4;
1, 256, 0, -1, -1, -1, 4, 998, 2;
1, 256, 0, 0, 0, 0, 4, 999, 2;
1, 256, 1, 1, 1, 1, 6, 1001, 4;
1, 256, 0, -1, -1, -1, 4, 999, 2;
1, 256, 0, 0, 0, 0, 5, 999, 3;
1, 256, 0, 0, 0, 0, 4, 999, 2;
1, 256, 0, -1, -1, -1, 4, 998, 2;
1, 256, 0, 0, 0, 0, 4, 999, 2;
1, 256, 0, -1, -1, -1, 4, 998, 1;
1, 256, 0, 0, 0, 0, 4, 999, 2;
1, 256, 0, 1, 1, 1, 5, 1000, 3;
1, 256, 0, -1, -1, -1, 3, 998, 1;
1, 256, 0, 0, 0, 0, 4, 999, 2;
1, 256, 0, 0, 0, 0, 4, 999, 2;
1, 256, 0, -1, -1, -1, 4, 999, 2;
1, 256, 0, -1, -1, -1, 4, 998, 1;
1, 256, 0, 0, 0, 0, 5, 1000, 3;
1, 256, 0, -1, -1, -1, 4, 998, 1;
1, 256, 0, 0, 0, 0, 5, 1000, 3;
1, 256, 0, 1, 1, 1, 5, 1000, 3;
1, 256, 0, 1, 1, 1, 5, 1000, 3;
1, 256, 0, -1, -1, -1, 4, 999, 2;
1, 256, 0, 0, 0, 0, 5, 1000, 3;
1, 256, 0, 0, 0, 0, 4, 999, 2;
1, 256, 0, 0, 0, 0, 5, 1000, 3;
1, 256, 0, -1, -1, -1, 4, 999, 2;
1, 256, 0, 0, 0, 0, 4, 999, 2;
1, 256, 1, 1, 1, 1, 6, 1001, 4;
1, 256, 1, 1, 1, 1, 6, 1000, 4;
1, 256, 0, -1, -1, -1, 4, 999, 2;
1, 256, 0, 0, 0, 0, 4, 999, 2;
1, 256, 0, 0, 0, 0, 5, 1000, 3;
1, 256, 1, 1, 1, 1, 6, 1001, 4;
1, 256, 0, -1, -1, -1, 4, 999, 2;
1, 256, 1, 1, 1, 1, 6, 1000, 3;
1, 256, 0, 0, 0, 0, 4, 999, 2;
1, 256, 0, 0, 0, 0, 5, 1000, 3;
1, 256, 0, 0, 0, 0, 4, 999, 2;
1, 256, 0, 1, 1, 1, 5, 1000, 3;
1, 256, 1, 1, 1, 1, 6, 1000, 4;
1, 256, 1, 1, 1, 1, 6, 1001, 4;
1, 256, 0, 1, 1, 1, 5, 1000, 3;
1, 256, 0, 0, 0, 0, 5, 1000, 3;
1, 256, 0, 0, 0, 0, 5, 1000, 3;
1, 256, 0, 0, 0, 0, 5, 1000, 3;
1, 256, 0, -1, -1, -1, 4, 999, 2;
1, 256, 0, -1, -1, -1, 4, 999, 2;
1, 256, 1, 1, 1, 1, 6, 1001, 4;
1, 256, 0, 0, 0, 0, 4, 999, 2;
1, 256, 1, 1, 1, 1, 6, 1001, 4;
1, 256, 0, 0, 0, 0, 5, 1000, 3;
1, 256, 0, 0, 0, 0, 4, 999, 2;
1, 256, 0, -1, -1, -1, 4, 999, 2;
1, 256, 0, 0, 0, 0, 5, 1000, 3;
1, 256, 0, 0, 0, 0, 4, 999, 2;
1, 256, 0, 1, 1, 1, 5, 1000, 3;
1, 256, 1, 1, 1, 1, 6, 1001, 4;
1, 256, 0, 0, 0, 0, 5, 1000, 3;
1, 256, 0, 0, 0, 0, 4, 999, 2;
1, 256, 0, 1, 1, 1, 5, 1000, 3;
1, 256, 0, 0, 0, 0, 5, 1000, 3;
1, 256, 0, -1, -1, -1, 4, 999, 2;
1, 256, 0, 1, 1, 1, 5, 1000, 3;
1, 256, 0, 0, 0, 0, 5, 999, 3;
1, 256, 0, 1, 1, 1, 5, 1000, 3;
1, 256, 0, 0, 0, 0, 5, 1000, 3;
1, 256, 0, 0, 0, 0, 4, 999, 2;
1, 256, 0, 0, 0, 0, 4, 999, 2;
1, 256, 0, -1, -1, -1, 4, 999, 2;
1, 256, 0, 0, 0, 0, 5, 1000, 3;
1, 256, 0, 0, 0, 0, 5, 1000, 3;
1, 256, 0, 0, 0, 0, 5, 999, 3;
1, 256, 0, 0, 0, 0, 4, 999, 2;
1, 256, 0, 1, 1, 1, 5, 1000, 3;
1, 256, 0, -1, -1, -1, 3, 998, 1;
1, 256, 0, 0, 0, 0, 5, 1000, 3;
1, 256, 0, 0, 0, 0, 5, 1000, 3;
1, 256, 0, 1, 1, 1, 5, 1000, 3;
1, 256, 0, -1, -1, -1, 4, 999, 2;
1, 256, 1, 1, 1, 1, 6, 1001, 4;
1, 256, 0, -1, -1, -1, 4, 998, 2;
1, 256, 0, 1, 1, 1, 5, 1000, 3;
1, 256, 0, -1, -1, -1, 4, 999, 2;
1, 256, 0, 0, 0, 0, 4, 999, 2;
1, 256, 0, 0, 0, 0, 5, 999, 3;
1, 256, 0, -1, -1, -1, 4, 998, 1;
1, 256, 0, 1, 1, 1, 5, 1000, 3;
1, 256, 0, 0, 0, 0, 4, 999, 2;
1, 256, 0, -1, -1, -1, 4, 999, 2;
1, 256, 0, 1, 1, 1, 5, 1000, 3;
1, 256, 0, 0, 0, 0, 5, 1000, 3;
1, 256, 1, 1, 1, 1, 6, 1001, 4;
1, 256, 0, -1, -1, -1, 4, 999, 2;
1, 256, 0, -1, -1, -1, 4, 999, 2;
1, 256, 0, 0, 0, 0, 4, 999, 2;
1, 256, 0, 1, 1, 1, 5, 1000, 3;
1, 256, 0, 0, 0, 0, 4, 999, 2;
1, 256, 0, 0, 0, 0, 5, 1000, 3;
1, 256, 1, 1, 1, 1, 6, 1001, 4;
1, 256, 0, 0, 0, 0, 5, 1000, 3;
1, 256, 0, -1, -1, -1, 3, 998, 1;
1, 256, 0, -1, -1, -1, 4, 999, 2;
1, 256, 1, 1, 1, 1, 5, 1000, 3;
1, 256, 0, 0, 0, 0, 4, 999, 2;
1, 256, 0, 0, 0, 0, 4, 999, 2;
1, 256, 0, 0, 0, 0, 5, 1000, 3;
1, 256, 0, 0, 0, 0, 5, 1000, 3;
1, 256, 0, 0, 0, 0, 4, 999, 2;
1, 256, 1, 1, 1, 1, 6, 1001, 4;
1, 256, 0, 0, 0, 0, 4, 999, 2;
1, 256, 0, 0, 0, 0, 4, 999, 2;
1, 256, 0, 0, 0, 0, 5, 1000, 3;
1, 256, 1, 1, 1, 1, 6, 1001, 4;
1, 256, 0, -1, -1, -1, 4, 999, 2;
1, 256, 0, 0, 0, 0, 4, 999, 2;
1, 256, 0, 0, 0, 0, 5, 1000, 3;
1, 256, 0, 0, 0, 0, 5, 1000, 3;
1, 256, 0, 1, 1, 1, 5, 1000, 3;
1, 256, 0, 0, 0, 0, 5, 1000, 3;
1, 256, 1, 1, 1, 1, 6, 1001, 4;
1, 256, 0, -1, -1, -1, 4, 998, 1;
1, 256, 0, 0, 0, 0, 4, 999, 2;
1, 256, 0, 0, 0, 0, 5, 1000, 3;
1, 256, 1, 1, 1, 1, 6, 1001, 4;
1, 256, 0, 0, 0, 0, 4, 999, 2;
1, 256, 0, -1, -1, -1, 4, 999, 2;
1, 256, 1, 1, 1, 1, 6, 1001, 4;
1, 256, 0, 0, 0, 0, 5, 1000, 3;
1, 256, 0, 0, 0, 0, 5, 1000, 3;
1, 256, 0, 0, 0, 0, 5, 1000, 3;
1, 256, 0, 0, 0, 0, 5, 1000, 3;
1, 256, 0, 0, 0, 0, 4, 999, 2;
1, 256, 0, 0, 0, 0, 4, 999, 2;
1, 256, 0, 0, 0, 0, 4, 999, 2;
1, 256, 0, 0, 0, 0, 4, 999, 2;
1, 256, 1, 1, 1, 1, 6, 1001, 4;
1, 256, 0, -1, -1, -1, 4, 998, 2;
1, 256, 0, -1, -1, -1, 4, 998, 1;
1, 256, 0, -1, -1, -1, 4, 999, 2;
1, 256, 0, -1, -1, -1, 4, 998, 1;
1, 256, 0, 0, 0, 0, 5, 1000, 3;
1, 256, 1, 1, 1, 1, 6, 1001, 4;
1, 256, 0, -1, -1, -1, 3, 998, 1;
1, 256, 0, 0, 0, 0, 4, 999, 2;
1, 256, 0, 0, 0, 0, 5, 1000, 3;
1, 256, 0, 0, 0, 0, 5, 1000, 3;
1, 256, 0, 0, 0, 0, 4, 999, 2;
1, 256, 0, 0, 0, 0, 4, 999, 2;
1, 256, 0, 0, 0, 0, 5, 1000, 3;
1, 256, 0, 0, 0, 0, 4, 999, 2;
1, 256, 0, -1, -1, -1, 4, 998, 1;
1, 256, 1, 1, 1, 1, 6, 1001, 4;
1, 256, 0, 1, 1, 1, 5, 1000, 3;
1, 256, 0, 0, 0, 0, 4, 999, 2;
1, 256, 0, 1, 1, 1, 5, 1000, 3;
1, 256, 0, 1, 1, 1, 5, 1000, 3;
1, 256, 0, 0, 0, 0, 5, 1000, 3;
1, 256, 1, 1, 1, 1, 6, 1000, 3;
1, 256, 0, 0, 0, 0, 5, 1000, 3;
1, 256, 0, -1, -1, -1, 3, 998, 1;
1, 256, 0, 0, 0, 0, 5, 1000, 3;
1, 256, 0, 0, 0, 0, 4, 999, 2;
1, 256, 0, 0, 0, 0, 5, 1000, 3;
1, 256, 0, -1, -1, -1, 4, 999, 2;
1, 256, 0, 0, 0, 0, 5, 1000, 3;
1, 256, 0, 0, 0, 0, 5, 1000, 3;
1, 256, 0, 0, 0, 0, 4, 999, 2;
1, 256, 0, 0, 0, 0, 5, 1000, 3;
1, 256, 0, -1, -1, -1, 4, 998, 1;
1, 256, 0, 0, 0, 0, 4, 999, 2;
1, 256, 0, -1, -1, -1, 4, 999, 2;
1, 256, 0, 0, 0, 0, 5, 1000, 3;
1, 256, 0, 0, 0, 0, 5, 1000, 3;
1, 256, 0, -1, -1, -1, 4, 999, 2;
1, 256, 0, 0, 0, 0, 4, 999, 2;
0, 256, 0, -1, -1, -1, 3, 998, 1;
1, 256, 0, -1, -1, -1, 4, 999, 2;
1, 256, 0, 1, 1, 1, 5, 1000, 3;
1, 256, 0, -1, -1, -1, 4, 999, 2;
1, 256, 0, 0, 0, 0, 4, 999, 2;
1, 256, 1, 1, 1, 1, 5, 1000, 3;
1, 256, 0, 0, 0, 0, 5, 1000, 3;
1, 256, 0, 0, 0, 0, 4, 999, 2;
1, 256, 0, -1, -1, -1, 4, 999, 2;
1, 256, 0, 0, 0, 0, 5, 1000, 3;
1, 256, 0, 0, 0, 0, 5, 999, 2;
1, 256, 0, 0, 0, 0, 5, 1000, 3;
1, 256, 0, 0, 0, 0, 5, 1000, 3;
1, 256, 1, 1, 1, 1, 6, 1001, 4;
1, 256, 0, 0, 0, 0, 4, 999, 2;
1, 256, 0, 0, 0, 0, 5, 1000, 3;
1, 256, 0, 0, 0, 0, 5, 1000, 3;
1, 256, 0, 0, 0, 0, 5, 1000, 3;
1, 256, 0, 0, 0, 0, 5, 1000, 3;
1, 256, 0, 1, 1, 1, 5, 1000, 3;
1, 256, 0, 0, 0, 0, 5, 1000, 3;
1, 256, 0, 0, 0, 0, 5, 999, 3;
1, 256, 0, 0, 0, 0, 5, 1000, 3;
1, 256, 0, 1, 1, 1, 5, 1000, 3;
1, 256, 0, -1, -1, -1, 4, 998, 1;
1, 256, 0, 0, 0, 0, 5, 999, 3;
1, 256, 0, 0, 0, 0, 5, 1000, 3;
1, 256, 0, -1, -1, -1, 4, 999, 2;
1, 256, 0, 0, 0, 0, 4, 999, 2;
1, 256, 0, 0, 0, 0, 4, 999, 2;
1, 256, 0, 1, 1, 1, 5, 1000, 3;
1, 256, 0, 0, 0, 0, 5, 1000, 3;
1, 256, 0, 0, 0, 0, 4, 999, 2;
1, 256, 1, 1, 1, 1, 6, 1001, 4;
1, 256, 0, -1, -1, -1, 4, 999, 2;
1, 256, 0, 0, 0, 0, 4, 999, 2;
1, 256, 0, 0, 0, 0, 4, 999, 2;
1, 256, 0, 0, 0, 0, 5, 1000, 3;
1, 256, 0, -1, -1, -1, 4, 998, 2;
1, 256, 0, 0, 0, 0, 5, 1000, 3;
1, 256, 0, 0, 0, 0, 4, 999, 2;
1, 256, 0, 0, 0, 0, 5, 999, 2;
1, 256, 0, 0, 0, 0, 5, 1000, 3;
1, 256, 0, -1, -1, -1, 4, 999, 2;
1, 256, 0, 0, 0, 0, 4, 999, 2;
1, 256, 0, -1, -1, -1, 4, 999, 2;
1, 256, 0, 0, 0, 0, 4, 999, 2;
1, 256, 1, 1, 1, 1, 6, 1001, 4;
1, 256, 0, 0, 0, 0, 4, 999, 2;
1, 256, 0, 0, 0, 0, 4, 999, 2;
1, 256, 0, 1, 1, 1, 5, 1000, 3;
1, 256, 0, 0, 0, 0, 5, 1000, 3;
1, 256, 1, 1, 1, 1, 5, 1000, 3;
1, 256, 0, 0, 0, 0, 5, 1000, 3;
1, 256, 0, 0, 0, 0, 4, 999, 2;
1, 256, 0, 0, 0, 0, 4, 999, 2;
1, 256, 0, -1, -1, -1, 4, 998, 2;
1, 256, 0, 0, 0, 0, 4, 999, 2;
1, 256, 1, 1, 1, 1, 6, 1001, 4;
1, 256, 1, 1, 1, 1, 6, 1001, 4;
1, 256, 0, -1, -1, -1, 4, 999, 2;
1, 256, 0, -1, -1, -1, 4, 999, 2;
1, 256, 0, 0, 0, 0, 5, 1000, 3;
1, 256, 0, 0, 0, 0, 5, 1000, 3;
1, 256, 0, 0, 0, 0, 4, 999, 2;
1, 256, 0, 0, 0, 0, 5, 1000, 3;
1, 256, 1, 1, 1, 1, 6, 1001, 4;
1, 256, 0, -1, -1, -1, 4, 999, 2;
1, 256, 1, 1, 1, 1, 6, 1000, 3;
1, 256, 0, 0, 0, 0, 4, 999, 2;
1, 256, 0, 1, 1, 1, 5, 1000, 3;
1, 256, 0, -1, -1, -1, 4, 999, 2;
1, 256, 0, 0, 0, 0, 4, 999, 2;
1, 256, 0, 0, 0, 0, 5, 1000, 3;
1, 256, 0, 0, 0, 0, 5, 1000, 3;
1, 256, 0, -1, -1, -1, 4, 999, 2;
1, 256, 0, -1, -1, -1, 4, 999, 2;
1, 256, 1, 1, 1, 1, 6, 1001, 4;
1, 256, 0, 1, 1, 1, 5, 1000, 3;
1, 256, 0, -1, -1, -1, 4, 999, 2;
1, 256, 0, 0, 0, 0, 4, 999, 2;
1, 256, 0, -1, -1, -1, 4, 999, 2;
1, 256, 0, 1, 1, 1, 5, 1000, 3;
1, 256, 0, -1, -1, -1, 4, 998, 1;
1, 256, 0, 0, 0, 0, 4, 999, 2;
1, 256, 0, -1, -1, -1, 4, 999, 2;
1, 256, 0, 0, 0, 0, 4, 999, 2;
1, 256, 0, 0, 0, 0, 5, 1000, 3;
1, 256, 1, 1, 1, 1, 6, 1000, 4;
1, 256, 0, -1, -1, -1, 4, 999, 2;
1, 256, 0, -1, -1, -1, 3, 998, 1;
1, 256, 0, 0, 0, 0, 5, 1000, 3;
1, 256, 0, 0, 0, 0, 5, 1000, 3;
1, 256, 0, 0, 0, 0, 5, 1000, 3;
1, 256, 0, 0, 0, 0, 5, 1000, 3;
0, 256, 0, -1, -1, -1, 3, 998, 1;
1, 256, 0, 0, 0, 0, 4, 999, 2;
1, 256, 0, 0, 0, 0, 4, 999, 2;
1, 256, 0, 0, 0, 0, 4, 999, 2;
1, 256, 0, 0, 0, 0, 4, 999, 2;
1, 256, 0, 0, 0, 0, 5, 999, 2;
1, 256, 0, 0, 0, 0, 4, 999, 2;
1, 256, 0, 0, 0, 0, 4, 999, 2;
1, 256, 0, 1, 1, 1, 5, 1000, 3;
1, 256, 1, 1, 1, 1, 6, 1001, 4;
1, 256, 0, -1, -1, -1, 4, 999, 2;
1, 256, 0, 0, 0, 0, 4, 999, 2;
1, 256, 1, 1, 1, 1, 5, 1000, 3;
1, 256, 0, 0, 0, 0, 4, 999, 2;
1, 256, 0, 0, 0, 0, 5, 1000, 3;
1, 256, 0, -1, -1, -1, 4, 999, 2;
1, 256, 0, -1, -1, -1, 4, 999, 2;
1, 256, 0, -1, -1, -1, 4, 999, 2;
1, 256, 0, 0, 0, 0, 5, 1000, 3;
1, 256, 0, 0, 0, 0, 5, 1000, 3;
1, 256, 1, 1, 1, 1, 6, 1001, 4;
1, 256, 0, 0, 0, 0, 5, 1000, 3;
1, 256, 0, -1, -1, -1, 4, 999, 2;
1, 256, 0, 0, 0, 0, 4, 999, 2;
0, 256, 0, -1, -1, -1, 3, 998, 1;
1, 256, 0, 0, 0, 0, 5, 1000, 3;
1, 256, 0, 0, 0, 0, 4, 999, 2;
1, 256, 0, -1, -1, -1, 3, 998, 1;
1, 256, 0, 0, 0, 0, 4, 999, 2;
1, 256, 0, -1, -1, -1, 4, 999, 2;
1, 256, 0, 0, 0, 0, 4, 999, 2;
1, 256, 1, 1, 1, 1, 5, 1000, 3;
0, 256, 0, -1, -1, -1, 3, 998, 1;
1, 256, 0, -1, -1, -1, 4, 998, 1;
1, 256, 0, -1, -1, -1, 4, 999, 2;
1, 256, 0, 0, 0, 0, 4, 999, 2;
1, 256, 0, 1, 1, 1, 5, 1000, 3;
1, 256, 0, 0, 0, 0, 5, 1000, 3;
1, 256, 0, 0, 0, 0, 5, 999, 2;
1, 256, 0, 1, 1, 1, 5, 1000, 3;
1, 256, 0, 1, 1, 1, 5, 1000, 3;
1, 256, 1, 1, 1, 1, 6, 1000, 3;
1, 256, 0, 0, 0, 0, 4, 999, 2;
1, 256, 1, 1, 1, 1, 6, 1001, 4;
1, 256, 1, 1, 1, 1, 6, 1001, 4;
1, 256, 0, 1, 1, 1, 5, 1000, 3;
1, 256, 0, 1, 1, 1, 5, 1000, 3;
1, 256, 1, 1, 1, 1, 6, 1001, 4;
1, 256, 0, -1, -1, -1, 4, 999, 2;
1, 256, 0, 0, 0, 0, 4, 999, 2;
1, 256, 0, 0, 0, 0, 4, 999, 2;
1, 256, 0, 0, 0, 0, 5, 1000, 3;
1, 256, 0, -1, -1, -1, 4, 999, 2;
0, 256, 0, -1, -1, -1, 3, 998, 1;
1, 256, 0, 0, 0, 0, 5, 1000, 3;
1, 256, 0, -1, -1, -1, 4, 999, 2;
1, 256, 1, 1, 1, 1, 6, 1000, 3;
1, 256, 0, 0, 0, 0, 5, 1000, 3;
1, 256, 0, 0, 0, 0, 5, 1000, 3;
1, 256, 0, -1, -1, -1, 4, 999, 2;
1, 256, 0, 0, 0, 0, 4, 999, 2;
1, 256, 1, 1, 1, 1, 6, 1001, 4;
1, 256, 0, 0, 0, 0, 5, 1000, 3;
1, 256, 0, 0, 0, 0, 5, 1000, 3;
1, 256, 0, 0, 0, 0, 5, 1000, 3;
1, 256, 0, 0, 0, 0, 5, 999, 3;
1, 256, 0, -1, -1, -1, 4, 998, 2;
1, 256, 0, 0, 0, 0, 5, 1000, 3;
1, 256, 0, 0, 0, 0, 4, 999, 2;
1, 256, 0, -1, -1, -1, 4, 999, 2;
1, 256, 0, 0, 0, 0, 4, 999, 2;
1, 256, 0, 1, 1, 1, 5, 1000, 3;
1, 256, 0, -1, -1, -1, 4, 999, 2;
1, 256, 0, -1, -1, -1, 4, 999, 2;
1, 256, 0, 0, 0, 0, 4, 999, 2;
1, 256, 1, 1, 1, 1, 5, 1000, 3;
1, 256, 0, 0, 0, 0, 4, 999, 2;
1, 256, 0, 0, 0, 0, 5, 1000, 3;
1, 256, 0, -1, -1, -1, 4, 999, 2;
1, 256, 0, 0, 0, 0, 4, 999, 2;
1, 256, 0, -1, -1, -1, 4, 999, 2;
1, 256, 1, 1, 1, 1, 6, 1001, 4;
1, 256, 0, 0, 0, 0, 5, 1000, 3;
1, 256, 0, 1, 1, 1, 5, 1000, 3;
1, 256, 0, 0, 0, 0, 4, 999, 2;
1, 256, 0, -1, -1, -1, 4, 998, 2;
1, 256, 0, -1, -1, -1, 4, 999, 2;
1, 256, 0, 0, 0, 0, 5, 1000, 3;
1, 256, 0, 0, 0, 0, 5, 1000, 3;
1, 256, 0, 0, 0, 0, 5, 1000, 3;
1, 256, 0, 0, 0, 0, 4, 999, 2;
1, 256, 0, 0, 0, 0, 5, 999, 2;
1, 256, 0, 0, 0, 0, 4, 999, 2;
1, 256, 1, 1, 1, 1, 6, 1001, 4;
1, 256, 0, 0, 0, 0, 5, 1000, 3;
1, 256, 0, 0, 0, 0, 5, 1000, 3;
1, 256, 1, 1, 1, 1, 6, 1000, 4;
1, 256, 0, 0, 0, 0, 4, 999, 2;
1, 256, 0, 0, 0, 0, 4, 999, 2;
1, 256, 0, 0, 0, 0, 5, 1000, 3;
1, 256, 0, -1, -1, -1, 4, 999, 2;
1, 256, 1, 1, 1, 1, 6, 1000, 3;
1, 256, 0, 0, 0, 0, 4, 999, 2;
1, 256, 0, -1, -1, -1, 4, 998, 2;
1, 256, 0, -1, -1, -1, 4, 999, 2;
1, 256, 0, 0, 0, 0, 5, 999, 3;
1, 256, 0, -1, -1, -1, 4, 998, 2;
1, 256, 0, 0, 0, 0, 4, 999, 2;
1, 256, 0, -1, -1, -1, 4, 999, 2;
1, 256, 0, 0, 0, 0, 5, 1000, 3;
1, 256, 0, 0, 0, 0, 5, 1000, 3;
1, 256, 0, -1, -1, -1, 3, 998, 1;
1, 256, 0, 1, 1, 1, 5, 1000, 3;
1, 256, 0, -1, -1, -1, 3, 998, 1;
1, 256, 0, 0, 0, 0, 4, 999, 2;
1, 256, 0, 0, 0, 0, 4, 999, 2;
1, 256, 1, 1, 1, 1, 5, 1000, 3;
1, 256, 0, 1, 1, 1, 5, 1000, 3;
1, 256, 0, 0, 0, 0, 4, 999, 2;
1, 256, 0, 0, 0, 0, 5, 1000, 3;
1, 256, 0, 0, 0, 0, 5, 1000, 3;
1, 256, 0, 0, 0, 0, 5, 1000, 3;
1, 256, 1, 1, 1, 1, 6, 1001, 4;
1, 256, 1, 1, 1, 1, 6, 1000, 4;
1, 256, 0, 0, 0, 0, 5, 1000, 3;
1, 256, 0, 0, 0, 0, 4, 999, 2;
1, 256, 0, 0, 0, 0, 4, 999, 2;
1, 256, 0, 0, 0, 0, 5, 1000, 3;
1, 256, 0, 0, 0, 0, 5, 1000, 3;
1, 256, 0, -1, -1, -1, 3, 998, 1;
1, 256, 0, -1, -1, -1, 4, 999, 2;
1, 256, 1, 1, 1, 1, 6, 1001, 4;
1, 256, 0, -1, -1, -1, 4, 999, 2;
1, 256, 0, -1, -1, -1, 4, 999, 2;
1, 256, 0, 1, 1, 1, 5, 1000, 3;
1, 256, 0, 1, 1, 1, 5, 1000, 3;
1, 256, 0, 1, 1, 1, 5, 1000, 3;
1, 256, 0, 0, 0, 0, 5, 1000, 3;
1, 256, 0, 0, 0, 0, 4, 999, 2;
1, 256, 0, -1, -1, -1, 3, 998, 1;
1, 256, 0, 0, 0, 0, 4, 999, 2;
1, 256, 0, 0, 0, 0, 4, 999, 2;
1, 256, 0, 0, 0, 0, 5, 1000, 3;
1, 256, 0, 0, 0, 0, 4, 999, 2;
1, 256, 0, 1, 1, 1, 5, 1000, 3;
1, 256, 1, 1, 1, 1, 6, 1001, 4;
1, 256, 0, 1, 1, 1, 5, 1000, 3;
1, 256, 0, 0, 0, 0, 5, 1000, 3;
1, 256, 0, -1, -1, -1, 4, 999, 2;
1, 256, 0, 0, 0, 0, 4, 999, 2;
1, 256, 0, 0, 0, 0, 4, 999, 2;
1, 256, 0, 1, 1, 1, 5, 1000, 3;
1, 256, 0, 1, 1, 1, 5, 1000, 3;
1, 256, 0, 0, 0, 0, 5, 1000, 3;
1, 256, 0, 0, 0, 0, 5, 1000, 3;
1, 256, 0, 0, 0, 0, 4, 999, 2;
1, 256, 0, 0, 0, 0, 5, 1000, 3;
1, 256, 0, -1, -1, -1, 4, 999, 2;
1, 256, 0, 1, 1, 1, 5, 1000, 3;
1, 256, 0, -1, -1, -1, 4, 998, 1;
1, 256, 0, 0, 0, 0, 4, 999, 2;
1, 256, 0, 1, 1, 1, 5, 1000, 3;
1, 256, 0, 0, 0, 0, 5, 1000, 3;
1, 256, 0, 0, 0, 0, 5, 1000, 3;
1, 256, 0, -1, -1, -1, 4, 998, 2;
1, 256, 0, 0, 0, 0, 5, 999, 3;
1, 256, 0, 0, 0, 0, 4, 999, 2;
1, 256, 0, -1, -1, -1, 4, 998, 2;
1, 256, 0, 0, 0, 0, 5, 1000, 3;
1, 256, 0, 0, 0, 0, 5, 1000, 3;
1, 256, 0, -1, -1, -1, 4, 999, 2;
1, 256, 0, -1, -1, -1, 4, 999, 2;
1, 256, 0, -1, -1, -1, 4, 999, 2;
1, 256, 0, -1, -1, -1, 4, 999, 2;
1, 256, 0, 0, 0, 0, 5, 999, 2;
1, 256, 1, 1, 1, 1, 6, 1000, 3;
1, 256, 0, 0, 0, 0, 5, 1000, 3;
1, 256, 0, -1, -1, -1, 3, 998, 1;
1, 256, 1, 1, 1, 1, 6, 1000, 4;
1, 256, 1, 1, 1, 1, 5, 1000, 3;
1, 256, 0, -1, -1, -1, 4, 999, 2;
1, 256, 0, 0, 0, 0, 5, 1000, 3;
1, 256, 0, 0, 0, 0, 5, 1000, 3;
1, 256, 0, 0, 0, 0, 4, 999, 2;
1, 256, 0, 0, 0, 0, 4, 999, 2;
1, 256, 0, 0, 0, 0, 5, 1000, 3;
1, 256, 0, 0, 0, 0, 5, 1000, 3;
1, 256, 0, 0, 0, 0, 5, 1000, 3;
1, 256, 0, 0, 0, 0, 4, 999, 2;
1, 256, 0, 0, 0, 0, 5, 1000, 3;
1, 256, 0, 0, 0, 0, 4, 999, 2;
1, 256, 0, 0, 0, 0, 4, 999, 2;
1, 256, 0, 0, 0, 0, 5, 1000, 3;
1, 256, 0, 1, 1, 1, 5, 1000, 3;
1, 256, 0, 0, 0, 0, 4, 999, 2;
1, 256, 0, 0, 0, 0, 4, 999, 2;
1, 256, 0, 0, 0, 0, 4, 999, 2;
1, 256, 0, -1, -1, -1, 4, 999, 2;
1, 256, 0, 0, 0, 0, 5, 1000, 3;
1, 256, 0, 0, 0, 0, 5, 1000, 3;
1, 256, 0, 0, 0, 0, 5, 1000, 3;
1, 256, 0, -1, -1, -1, 4, 999, 2;
1, 256, 0, -1, -1, -1, 3, 998, 1;
1, 256, 0, 1, 1, 1, 5, 1000, 3;
1, 256, 1, 1, 1, 1, 6, 1001, 4;
1, 256, 0, 0, 0, 0, 4, 999, 2;
1, 256, 0, 0, 0, 0, 4, 999, 2;
1, 256, 0, 0, 0, 0, 5, 1000, 3;
1, 256, 0, -1, -1, -1, 4, 998, 2;
1, 256, 1, 1, 1, 1, 6, 1001, 4;
1, 256, 1, 1, 1, 1, 6, 1001, 4;
1, 256, 1, 1, 1, 1, 5, 1000, 3;
1, 256, 0, 0, 0, 0, 5, 1000, 3;
1, 256, 0, -1, -1, -1, 4, 999, 2;
1, 256, 0, 0, 0, 0, 4, 999, 2;
1, 256, 0, -1, -1, -1, 4, 999, 2;
1, 256, 0, -1, -1, -1, 4, 999, 2;
1, 256, 0, 1, 1, 1, 5, 1000, 3;
1, 256, 1, 1, 1, 1, 6, 1001, 4;
1, 256, 0, 0, 0, 0, 4, 999, 2;
1, 256, 0, 0, 0, 0, 4, 999, 2;
1, 256, 0, 0, 0, 0, 5, 999, 2;
1, 256, 1, 1, 1, 1, 6, 1000, 4;
1, 256, 0, -1, -1, -1, 4, 999, 2;
1, 256, 0, 0, 0, 0, 5, 1000, 3;
1, 256, 0, 0, 0, 0, 5, 999, 3;
1, 256, 0, 0, 0, 0, 5, 1000, 3;
1, 256, 0, 0, 0, 0, 4, 999, 2;
1, 256, 1, 1, 1, 1, 6, 1001, 4;
1, 256, 0, 0, 0, 0, 5, 1000, 3;
1, 256, 0, 0, 0, 0, 4, 999, 2;
1, 256, 0, 0, 0, 0, 4, 999, 2;
1, 256, 1, 1, 1, 1, 6, 1001, 4;
1, 256, 0, -1, -1, -1, 4, 999, 2;
1, 256, 1, 1, 1, 1, 6, 1001, 4;
1, 256, 0, 0, 0, 0, 5, 1000, 3;
1, 256, 0, -1, -1, -1, 4, 999, 2;
1, 256, 0, 1, 1, 1, 5, 1000, 3;
1, 256, 0, -1, -1, -1, 4, 999, 2;
1, 256, 0, -1, -1, -1, 3, 998, 1;
1, 256, 0, 0, 0, 0, 5, 999, 3;
1, 256, 1, 1, 1, 1, 5, 1000, 3;
1, 256, 0, 1, 1, 1, 5, 1000, 3;
1, 256, 0, 0, 0, 0, 5, 1000, 3;
1, 256, 0, 1, 1, 1, 5, 1000, 3;
1, 256, 0, 1, 1, 1, 5, 1000, 3;
1, 256, 0, -1, -1, -1, 3, 998, 1;
1, 256, 0, 0, 0, 0, 4, 999, 2;
1, 256, 0, 0, 0, 0, 4, 999, 2;
1, 256, 0, 0, 0, 0, 4, 999, 2;
1, 256, 0, 0, 0, 0, 4, 999, 2;
1, 256, 1, 1, 1, 1, 6, 1001, 4;
1, 256, 1, 1, 1, 1, 6, 1001, 4;
1, 256, 0, -1, -1, -1, 4, 998, 2;
1, 256, 0, 0, 0, 0, 5, 1000, 3;
1, 256, 0, -1, -1, -1, 4, 999, 2;
1, 256, 0, 0, 0, 0, 4, 999, 2;
1, 256, 0, 0, 0, 0, 4, 999, 2;
1, 256, 0, 0, 0, 0, 5, 1000, 3;
1, 256, 0, -1, -1, -1, 4, 999, 2;
1, 256, 0, 0, 0, 0, 4, 999, 2;
1, 256, 0, 0, 0, 0, 4, 999, 2;
1, 256, 0, 1, 1, 1, 5, 1000, 3;
1, 256, 0, 0, 0, 0, 5, 999, 2;
1, 256, 1, 1, 1, 1, 6, 1001, 4;
1, 256, 0, 0, 0, 0, 5, 1000, 3;
1, 256, 0, 1, 1, 1, 5, 1000, 3;
1, 256, 0, 0, 0, 0, 5, 1000, 3;
1, 256, 0, -1, -1, -1, 4, 999, 2;
1, 256, 0, -1, -1, -1, 4, 999, 2;
1, 256, 0, 0, 0, 0, 4, 999, 2;
1, 256, 1, 1, 1, 1, 5, 1000, 3;
1, 256, 0, 0, 0, 0, 4, 999, 2;
1, 256, 0, 0, 0, 0, 5, 1000, 3;
1, 256, 0, -1, -1, -1, 4, 999, 2;
1, 256, 0, 0, 0, 0, 5, 1000, 3;
1, 256, 1, 1, 1, 1, 6, 1001, 4;
1, 256, 0, 0, 0, 0, 5, 999, 3;
1, 256, 0, 1, 1, 1, 5, 1000, 3;
1, 256, 0, 0, 0, 0, 5, 1000, 3;
1, 256, 1, 1, 1, 1, 6, 1001, 4;
1, 256, 0, 0, 0, 0, 4, 999, 2;
1, 256, 0, 1, 1, 1, 5, 1000, 3;
1, 256, 0, 1, 1, 1, 5, 1000, 3;
1, 256, 0, 0, 0, 0, 4, 999, 2;
1, 256, 0, 0, 0, 0, 4, 999, 2;
1, 256, 0, -1, -1, -1, 4, 999, 2;
1, 256, 0, 0, 0, 0, 5, 1000, 3;
1, 256, 0, 0, 0, 0, 4, 999, 2;
1, 256, 0, 0, 0, 0, 5, 1000, 3;
0, 256, 0, -1, -1, -1, 3, 998, 1;
1, 256, 0, -1, -1, -1, 4, 998, 1;
1, 256, 0, 0, 0, 0, 4, 999, 2;
1, 256, 1, 1, 1, 1, 6, 1001, 4;
1, 256, 0, -1, -1, -1, 4, 999, 2;
1, 256, 0, 1, 1, 1, 5, 1000, 3;
1, 256, 0, -1, -1, -1, 4, 998, 1;
1, 256, 0, -1, -1, -1, 3, 998, 1;
1, 256, 0, -1, -1, -1, 3, 998, 1;
1, 256, 0, 0, 0, 0, 5, 1000, 3;
1, 256, 0, 0, 0, 0, 5, 1000, 3;
1, 256, 0, 0, 0, 0, 5, 1000, 3;
1, 256, 0, -1, -1, -1, 4, 999, 2;
1, 256, 0, -1, -1, -1, 4, 999, 2;
1, 256, 0, 1, 1, 1, 5, 1000, 3;
1, 256, 0, 0, 0, 0, 4, 999, 2;
1, 256, 0, 1, 1, 1, 5, 1000, 3;
1, 256, 0, 0, 0, 0, 4, 999, 2;
1, 256, 0, -1, -1, -1, 4, 999, 2;
1, 256, 1, 1, 1, 1, 5, 1000, 3;
1, 256, 0, -1, -1, -1, 4, 998, 2;
1, 256, 0, 0, 0, 0, 5, 1000, 3;
1, 256, 1, 1, 1, 1, 6, 1001, 4;
1, 256, 0, 0, 0, 0, 5, 1000, 3;
1, 256, 0, 1, 1, 1, 5, 1000, 3;
1, 256, 1, 1, 1, 1, 6, 1001, 4;
1, 256, 1, 1, 1, 1, 6, 1000, 4;
1, 256, 0, -1, -1, -1, 4, 999, 2;
1, 256, 1, 1, 1, 1, 6, 1000, 3;
1, 256, 0, 0, 0, 0, 4, 999, 2;
1, 256, 0, 0, 0, 0, 5, 1000, 3;
1, 256, 0, -1, -1, -1, 4, 998, 2;
1, 256, 0, -1, -1, -1, 3, 998, 1;
1, 256, 1, 1, 1, 1, 5, 1000, 3;
1, 256, 0, 0, 0, 0, 4, 999, 2;
1, 256, 0, -1, -1, -1, 3, 998, 1;
1, 256, 1, 1, 1, 1, 5, 1000, 3;
1, 256, 1, 1, 1, 1, 6, 1001, 4;
1, 256, 0, 0, 0, 0, 5, 1000, 3;
1, 256, 0, 0, 0, 0, 4, 999, 2;
1, 256, 1, 1, 1, 1, 6, 1001, 4;
1, 256, 0, 0, 0, 0, 5, 1000, 3;
1, 256, 1, 1, 1, 1, 5, 1000, 3;
1, 256, 0, 0, 0, 0, 5, 1000, 3;
1, 256, 0, 0, 0, 0, 5, 1000, 3;
1, 256, 0, 0, 0, 0, 4, 999, 2;
1, 256, 0, -1, -1, -1, 4, 999, 2;
1, 256, 0, 0, 0, 0, 5, 1000, 3;
1, 256, 0, -1, -1, -1, 4, 999, 2;
1, 256, 0, 0, 0, 0, 4, 999, 2;
1, 256, 0, -1, -1, -1, 4, 999, 2;
1, 256, 0, 0, 0, 0, 4, 999, 2;
1, 256, 0, 0, 0, 0, 5, 1000, 3;
1, 256, 0, 0, 0, 0, 4, 999, 2;
1, 256, 1, 1, 1, 1, 6, 1001, 4;
1, 256, 0, 0, 0, 0, 4, 999, 2;
1, 256, 0, -1, -1, -1, 4, 999, 2;
1, 256, 0, 0, 0, 0, 4, 999, 2;
1, 256, 0, 0, 0, 0, 5, 1000, 3;
1, 256, 0, -1, -1, -1, 4, 999, 2;
1, 256, 0, 0, 0, 0, 4, 999, 2;
1, 256, 0, 0, 0, 0, 5, 1000, 3;
1, 256, 0, 0, 0, 0, 5, 1000, 3;
1, 256, 0, 0, 0, 0, 5, 1000, 3;
1, 256, 0, 0, 0, 0, 5, 1000, 3;
1, 256, 0, 0, 0, 0, 4, 999, 2;
1, 256, 0, 0, 0, 0, 5, 1000, 3;
1, 256, 0, -1, -1, -1, 4, 999, 2;
1, 256, 0, 0, 0, 0, 4, 999, 2;
1, 256, 0, 0, 0, 0, 4, 999, 2;
1, 256, 0, -1, -1, -1, 4, 999, 2;
1, 256, 1, 1, 1, 1, 6, 1001, 4;
1, 256, 0, 1, 1, 1, 5, 1000, 3;
1, 256, 0, 0, 0, 0, 5, 1000, 3;
1, 256, 0, 0, 0, 0, 5, 1000, 3;
1, 256, 0, -1, -1, -1, 4, 999, 2;
1, 256, 0, 0, 0, 0, 4, 999, 2;
1, 256, 0, 0, 0, 0, 5, 1000, 3;
1, 256, 0, -1, -1, -1, 4, 998, 1;
1, 256, 1, 1, 1, 1, 6, 1001, 4;
1, 256, 0, 0, 0, 0, 5, 1000, 3;
1, 256, 0, 0, 0, 0, 5, 999, 2;
1, 256, 0, 1, 1, 1, 5, 1000, 3;
1, 256, 0, 0, 0, 0, 4, 999, 2;
1, 256, 0, 0, 0, 0, 5, 1000, 3;
1, 256, 0, 0, 0, 0, 5, 1000, 3;
1, 256, 0, 1, 1, 1, 5, 1000, 3;
1, 256, 0, 0, 0, 0, 5, 999, 3;
1, 256, 0, 0, 0, 0, 5, 1000, 3;
1, 256, 0, -1, -1, -1, 4, 999, 2;
1, 256, 0, -1, -1, -1, 4, 999, 2;
1, 256, 0, 1, 1, 1, 5, 1000, 3;
1, 256, 1, 1, 1, 1, 6, 1000, 4;
1, 256, 0, 0, 0, 0, 5, 1000, 3;
1, 256, 0, 0, 0, 0, 5, 1000, 3;
1, 256, 0, 0, 0, 0, 5, 1000, 3;
1, 256, 0, -1, -1, -1, 4, 999, 2;
1, 256, 0, -1, -1, -1, 4, 999, 2;
1, 256, 0, 0, 0, 0, 4, 999, 2;
1, 256, 0, 0, 0, 0, 4, 999, 2;
1, 256, 0, -1, -1, -1, 3, 998, 1;
0, 256, 0, -1, -1, -1, 3, 998, 1;
1, 256, 0, 0, 0, 0, 4, 999, 2;
1, 256, 0, 0, 0, 0, 4, 999, 2;
1, 256, 0, 0, 0, 0, 5, 1000, 3;
1, 256, 0, -1, -1, -1, 4, 998, 2;
1, 256, 0, 0, 0, 0, 4, 999, 2;
1, 256, 0, 0, 0, 0, 4, 999, 2;
1, 256, 1, 1, 1, 1, 6, 1000, 4;
1, 256, 0, -1, -1, -1, 4, 999, 2;
1, 256, 0, -1, -1, -1, 4, 999, 2;
1, 256, 0, 1, 1, 1, 5, 1000, 3;
1, 256, 0, 1, 1, 1, 5, 1000, 3;
1, 256, 0, -1, -1, -1, 4, 999, 2;
1, 256, 0, -1, -1, -1, 4, 999, 2;
1, 256, 0, 0, 0, 0, 5, 1000, 3;
1, 256, 0, 0, 0, 0, 4, 999, 2;
1, 256, 0, 0, 0, 0, 5, 1000, 3;
1, 256, 0, 1, 1, 1, 5, 1000, 3;
1, 256, 1, 1, 1, 1, 6, 1000, 4;
1, 256, 0, 0, 0, 0, 4, 999, 2;
1, 256, 0, 0, 0, 0, 5, 999, 3;
1, 256, 0, 0, 0, 0, 5, 1000, 3;
1, 256, 0, 0, 0, 0, 5, 1000, 3;
1, 256, 0, 0, 0, 0, 4, 999, 2;
1, 256, 0, 0, 0, 0, 5, 1000, 3;
1, 256, 0, -1, -1, -1, 4, 999, 2;
1, 256, 0, -1, -1, -1, 3, 998, 1;
1, 256, 0, -1, -1, -1, 4, 999, 2;
1, 256, 0, 0, 0, 0, 4, 999, 2;
1, 256, 0, 1, 1, 1, 5, 1000, 3;
1, 256, 0, 0, 0, 0, 5, 1000, 3;
1, 256, 0, 0, 0, 0, 4, 999, 2;
1, 256, 0, 0, 0, 0, 4, 999, 2;
1, 256, 0, 0, 0, 0, 5, 999, 3;
1, 256, 1, 1, 1, 1, 6, 1001, 4;
1, 256, 0, 0, 0, 0, 4, 999, 2;
1, 256, 0, 0, 0, 0, 4, 999, 2;
1, 256, 1, 1, 1, 1, 6, 1000, 4;
1, 256, 1, 1, 1, 1, 6, 1001, 4;
1, 256, 0, -1, -1, -1, 4, 999, 2;
1, 256, 0, 0, 0, 0, 5, 1000, 3;
1, 256, 0, -1, -1, -1, 4, 999, 2;
1, 256, 0, 0, 0, 0, 4, 999, 2;
1, 256, 0, 0, 0, 0, 4, 999, 2;
1, 256, 0, -1, -1, -1, 4, 999, 2;
1, 256, 0, 1, 1, 1, 5, 1000, 3;
1, 256, 0, -1, -1, -1, 4, 999, 2;
1, 256, 0, 0, 0, 0, 5, 1000, 3;
1, 256, 0, -1, -1, -1, 4, 999, 2;
1, 256, 0, 0, 0, 0, 4, 999, 2;
1, 256, 0, 0, 0, 0, 5, 1000, 3;
1, 256, 0, 0, 0, 0, 4, 999, 2;
1, 256, 0, 0, 0, 0, 4, 999, 2;
1, 256, 0, -1, -1, -1, 4, 999, 2;
1, 256, 0, -1, -1, -1, 4, 999, 2;
1, 256, 0, -1, -1, -1, 4, 999, 2;