3, 299, 16, 11, 421, 11, 14, 1167, 65;
0, 292, 10, 18, 401, -8, -3, 1142, 40;
0, 291, 9, 42, 396, -11, 0, 1138, 36;
1, 291, 9, 70, 395, -10, 6, 1138, 37;
9, 297, 15, 115, 410, 8, 36, 1160, 60;
11, 297, 16, 143, 408, 9, 45, 1160, 63;
13, 297, 16, 169, 402, 9, 51, 1158, 62;
14, 296, 16, 195, 397, 9, 57, 1156, 62;
17, 296, 16, 222, 392, 11, 67, 1156, 65;
14, 291, 12, 233, 371, -2, 55, 1136, 47;
19, 294, 16, 271, 375, 10, 77, 1149, 64;
18, 290, 13, 285, 357, 1, 72, 1134, 52;
22, 292, 15, 315, 353, 7, 86, 1138, 60;
24, 291, 16, 339, 344, 9, 93, 1136, 62;
23, 288, 14, 356, 328, 4, 93, 1126, 56;
24, 286, 13, 374, 313, 1, 95, 1118, 53;
27, 287, 15, 401, 307, 8, 108, 1121, 61;
29, 286, 16, 421, 294, 9, 114, 1118, 63;
26, 281, 12, 427, 267, -3, 103, 1097, 47;
26, 278, 10, 440, 248, -7, 102, 1086, 41;
31, 281, 15, 470, 247, 6, 123, 1098, 59;
31, 279, 14, 483, 229, 4, 124, 1088, 55;
29, 274, 11, 487, 202, -6, 115, 1070, 43;
33, 275, 13, 509, 194, 2, 129, 1074, 53;
36, 276, 16, 528, 183, 9, 140, 1076, 62;
34, 272, 13, 532, 159, 2, 135, 1061, 54;
35, 270, 13, 541, 140, 2, 136, 1054, 53;
31, 264, 9, 538, 110, -10, 123, 1032, 38;
34, 264, 11, 551, 98, -3, 133, 1033, 46;
37, 265, 14, 565, 86, 3, 144, 1035, 55;
36, 263, 13, 568, 65, 1, 142, 1025, 52;
39, 264, 16, 581, 56, 11, 155, 1030, 65;
34, 256, 10, 565, 18, -6, 133, 1001, 42;
35, 256, 12, 570, 3, -2, 139, 999, 47;
35, 253, 11, 568, -17, -4, 136, 989, 44;
36, 253, 13, 573, -31, 1, 143, 989, 52;
32, 247, 9, 557, -63, -12, 126, 965, 35;
35, 249, 12, 564, -70, 0, 140, 973, 50;
36, 248, 14, 563, -85, 3, 143, 971, 55;
35, 246, 13, 555, -106, 2, 140, 962, 53;
37, 246, 15, 553, -118, 7, 145, 962, 60;
35, 244, 14, 541, -140, 4, 139, 951, 56;
34, 241, 13, 528, -160, 1, 133, 941, 53;
31, 237, 11, 511, -184, -4, 123, 927, 45;
32, 237, 13, 503, -197, 0, 125, 926, 51;
31, 235, 12, 488, -214, 0, 121, 919, 50;
26, 231, 9, 464, -240, -10, 105, 901, 37;
31, 234, 15, 465, -239, 6, 122, 916, 58;
29, 232, 14, 445, -258, 2, 113, 906, 54;
28, 231, 14, 429, -270, 4, 111, 903, 57;
24, 227, 11, 401, -293, -3, 96, 887, 46;
23, 226, 11, 382, -306, -3, 91, 882, 46;
25, 227, 14, 371, -310, 5, 97, 889, 57;
24, 228, 16, 353, -318, 9, 97, 889, 62;
19, 223, 12, 320, -341, -2, 77, 870, 47;
17, 221, 11, 296, -353, -3, 69, 865, 46;
19, 224, 15, 282, -352, 6, 76, 873, 58;
12, 217, 9, 240, -379, -11, 48, 847, 36;
17, 223, 16, 237, -366, 9, 68, 871, 62;
11, 218, 12, 199, -386, -3, 46, 852, 46;
10, 218, 12, 174, -392, -3, 40, 850, 47;
9, 218, 13, 152, -394, 0, 38, 853, 51;
6, 216, 11, 119, -405, -5, 24, 843, 43;
3, 215, 10, 90, -411, -8, 14, 839, 40;
3, 216, 11, 68, -410, -3, 13, 843, 46;
0, 214, 10, 36, -416, -8, 1, 837, 40;
1, 217, 13, 19, -408, 1, 6, 848, 52;
-2, 214, 10, -16, -417, -7, -11, 837, 41;
0, 219, 15, -28, -401, 7, 0, 857, 60;
-1, 219, 15, -56, -400, 6, -7, 855, 58;
-6, 217, 12, -90, -405, 0, -23, 847, 49;
-9, 215, 11, -122, -407, -6, -36, 842, 42;
-8, 219, 13, -140, -394, 2, -32, 854, 54;
-8, 221, 15, -160, -383, 8, -31, 864, 61;
-12, 219, 12, -194, -385, 0, -48, 855, 50;
-17, 216, 9, -231, -390, -12, -69, 843, 35;
-15, 221, 13, -242, -369, 1, -58, 863, 52;
-20, 217, 9, -280, -374, -12, -81, 849, 36;
-19, 221, 12, -295, -355, -3, -76, 864, 47;
-20, 223, 12, -316, -344, -1, -80, 869, 48;
-21, 224, 12, -337, -332, 0, -84, 875, 50;
-25, 222, 10, -368, -329, -9, -101, 868, 39;
-27, 223, 10, -388, -316, -9, -106, 873, 39;
-24, 229, 14, -395, -290, 4, -94, 895, 56;
-25, 230, 13, -415, -277, 2, -100, 898, 54;
-28, 230, 12, -438, -268, -2, -111, 897, 48;
-28, 232, 13, -453, -250, 0, -112, 906, 51;
-31, 231, 11, -475, -241, -6, -124, 904, 43;
-32, 233, 11, -489, -225, -5, -127, 911, 44;
-28, 240, 16, -486, -191, 11, -109, 938, 65;
-34, 237, 11, -515, -190, -4, -132, 924, 45;
-35, 238, 10, -529, -175, -6, -138, 928, 42;
-34, 241, 12, -536, -153, -2, -136, 940, 47;
-34, 244, 13, -541, -131, 1, -133, 952, 52;
-37, 243, 10, -557, -121, -6, -145, 948, 42;
-37, 245, 11, -563, -101, -6, -146, 956, 43;
-36, 248, 12, -566, -80, -3, -144, 967, 46;
-36, 250, 12, -570, -59, -2, -143, 975, 48;
-32, 256, 16, -559, -27, 11, -128, 999, 64;
-39, 251, 10, -581, -27, -8, -152, 982, 40;
-33, 259, 16, -562, 11, 11, -128, 1013, 64;
-33, 260, 15, -564, 27, 8, -131, 1017, 61;
-32, 263, 16, -560, 49, 11, -128, 1028, 64;
-35, 262, 13, -566, 59, 1, -139, 1023, 53;
-39, 260, 9, -574, 65, -10, -153, 1015, 37;
-34, 266, 14, -554, 98, 3, -134, 1039, 54;
-38, 264, 10, -560, 105, -9, -148, 1031, 39;
-33, 270, 14, -539, 136, 3, -130, 1054, 55;
-37, 267, 9, -543, 140, -9, -144, 1044, 38;
-31, 274, 15, -516, 175, 6, -121, 1071, 59;
-34, 271, 10, -518, 179, -6, -135, 1060, 42;
-28, 278, 16, -489, 212, 9, -112, 1087, 62;
-28, 280, 15, -476, 228, 8, -110, 1092, 61;
-30, 278, 12, -471, 233, -2, -119, 1085, 48;
-28, 281, 13, -451, 253, 2, -110, 1096, 53;
-26, 283, 14, -431, 271, 5, -102, 1105, 57;
-25, 284, 13, -415, 283, 2, -100, 1107, 54;
-23, 286, 15, -392, 301, 6, -90, 1118, 59;
-26, 283, 11, -385, 301, -6, -101, 1107, 43;
-23, 286, 12, -359, 319, 0, -90, 1118, 50;
-21, 287, 12, -338, 330, -1, -85, 1121, 49;
-16, 292, 16, -303, 354, 11, -63, 1142, 65;
-15, 293, 16, -282, 362, 10, -60, 1144, 63;
-19, 288, 10, -275, 354, -7, -75, 1126, 41;
-16, 291, 12, -246, 368, -2, -63, 1135, 47;
-12, 294, 14, -214, 383, 4, -48, 1146, 56;
-13, 292, 11, -197, 382, -3, -52, 1139, 46;
-10, 294, 13, -167, 392, 1, -40, 1147, 52;
-9, 294, 12, -143, 396, 0, -36, 1147, 50;
-10, 292, 10, -124, 392, -8, -39, 1139, 40;
-5, 295, 13, -87, 406, 1, -20, 1153, 53;
-6, 292, 10, -71, 398, -8, -26, 1140, 39;
-6, 291, 9, -48, 396, -12, -23, 1137, 35;
0, 295, 12, -9, 409, 0, -2, 1152, 50;
2, 297, 14, 22, 414, 4, 10, 1158, 56;
3, 296, 14, 48, 411, 3, 15, 1156, 55;
1, 292, 9, 62, 396, -9, 5, 1139, 38;
9, 298, 16, 108, 413, 9, 36, 1162, 62;
10, 297, 15, 133, 408, 8, 42, 1160, 61;
12, 296, 15, 159, 403, 7, 47, 1157, 60;
14, 297, 16, 188, 401, 11, 58, 1159, 65;
16, 296, 16, 213, 393, 10, 63, 1155, 63;
15, 292, 13, 229, 377, 1, 58, 1142, 53;
19, 294, 16, 262, 377, 9, 74, 1149, 63;
15, 288, 10, 269, 352, -7, 60, 1125, 42;
18, 288, 12, 296, 346, -3, 70, 1126, 46;
23, 291, 15, 331, 347, 8, 91, 1137, 61;
21, 287, 12, 343, 326, 0, 84, 1121, 49;
25, 288, 14, 371, 321, 5, 98, 1125, 58;
26, 287, 14, 391, 308, 5, 102, 1119, 57;
24, 283, 12, 402, 286, -3, 97, 1104, 47;
30, 286, 16, 435, 287, 11, 119, 1117, 65;
26, 279, 11, 435, 254, -6, 101, 1089, 42;
26, 277, 10, 450, 238, -8, 104, 1081, 40;
33, 281, 16, 484, 239, 9, 129, 1097, 62;
33, 278, 14, 495, 220, 5, 128, 1087, 58;
35, 278, 16, 513, 208, 10, 138, 1087, 64;
30, 271, 10, 507, 172, -7, 118, 1057, 41;
33, 271, 12, 526, 162, 0, 130, 1060, 50;
30, 266, 9, 525, 134, -10, 120, 1040, 37;
31, 265, 10, 536, 117, -9, 123, 1035, 39;
38, 269, 15, 562, 117, 9, 148, 1051, 62;
33, 263, 11, 554, 84, -5, 132, 1026, 44;
37, 264, 14, 569, 75, 4, 146, 1032, 56;
32, 257, 9, 558, 40, -10, 128, 1006, 37;
35, 258, 11, 568, 28, -3, 137, 1007, 46;
40, 261, 16, 584, 23, 10, 156, 1018, 64;
33, 252, 9, 563, -16, -10, 129, 984, 38;
37, 254, 14, 575, -22, 3, 146, 994, 55;
35, 251, 12, 567, -48, -3, 138, 979, 47;
33, 247, 10, 557, -73, -8, 129, 964, 39;
33, 246, 11, 555, -89, -6, 132, 961, 43;
37, 248, 14, 561, -96, 5, 145, 969, 58;
33, 243, 11, 542, -126, -5, 129, 947, 43;
36, 245, 15, 546, -132, 6, 142, 955, 58;
34, 241, 13, 531, -155, 1, 133, 943, 52;
29, 236, 9, 508, -184, -10, 116, 921, 37;
28, 234, 9, 495, -203, -11, 111, 913, 36;
32, 237, 13, 496, -206, 2, 125, 925, 54;
29, 233, 11, 476, -228, -3, 115, 911, 46;
25, 229, 9, 452, -252, -12, 100, 895, 35;
31, 234, 15, 456, -247, 8, 121, 914, 61;
23, 226, 9, 419, -282, -10, 93, 885, 37;
30, 232, 16, 423, -273, 11, 117, 908, 65;
25, 228, 13, 395, -296, 2, 100, 891, 53;
25, 228, 14, 377, -306, 5, 99, 890, 57;
21, 224, 12, 350, -325, -1, 85, 877, 49;
23, 227, 15, 338, -326, 8, 92, 885, 61;
23, 227, 16, 319, -333, 12, 91, 886, 66;
18, 222, 13, 286, -354, 1, 72, 869, 53;
13, 218, 9, 250, -374, -9, 52, 851, 38;
16, 221, 14, 239, -370, 3, 62, 864, 54;
14, 220, 13, 213, -378, 2, 55, 860, 54;
10, 217, 11, 180, -392, -5, 39, 848, 44;
13, 222, 16, 170, -383, 10, 52, 866, 64;
12, 222, 16, 145, -386, 11, 48, 866, 65;
9, 220, 15, 115, -394, 7, 36, 859, 60;
8, 221, 16, 92, -394, 11, 34, 862, 65;
0, 214, 10, 46, -415, -7, 3, 837, 41;
2, 217, 13, 28, -407, 1, 8, 849, 52;
0, 218, 13, 2, -407, 2, 3, 850, 54;
-2, 216, 11, -30, -413, -3, -11, 842, 46;
-6, 214, 10, -62, -416, -8, -24, 836, 40;
-2, 220, 15, -72, -397, 7, -10, 858, 60;
-5, 219, 14, -102, -397, 4, -20, 855, 56;
-6, 220, 14, -128, -392, 5, -25, 858, 58;
-6, 222, 16, -148, -381, 12, -24, 868, 65;
-13, 217, 10, -192, -394, -6, -54, 847, 42;
-13, 219, 12, -212, -382, -1, -54, 856, 49;
-11, 224, 16, -225, -362, 11, -44, 874, 64;
-19, 218, 10, -269, -373, -8, -75, 853, 40;
-14, 225, 16, -273, -345, 10, -57, 880, 64;
-22, 220, 10, -315, -353, -7, -86, 861, 41;
-19, 225, 14, -326, -331, 3, -77, 879, 55;
-23, 224, 12, -354, -326, -2, -90, 875, 47;
-25, 225, 11, -377, -316, -4, -98, 878, 45;
-27, 225, 10, -401, -307, -8, -108, 877, 40;
-23, 231, 15, -403, -276, 8, -91, 904, 61;
-27, 230, 13, -430, -270, 0, -106, 899, 51;
-28, 231, 13, -447, -256, 0, -111, 904, 51;
-32, 230, 10, -473, -250, -9, -127, 898, 39;
-28, 236, 14, -473, -218, 6, -111, 923, 58;
-33, 234, 11, -499, -213, -5, -129, 915, 44;
-28, 241, 16, -495, -180, 11, -111, 942, 65;
-34, 238, 11, -522, -177, -3, -133, 930, 46;
-30, 244, 16, -518, -145, 11, -117, 955, 64;
-32, 245, 15, -532, -131, 7, -124, 957, 60;
-34, 245, 13, -546, -118, 1, -133, 957, 53;
-33, 248, 14, -549, -96, 5, -130, 969, 58;
-36, 247, 11, -565, -86, -3, -144, 964, 46;
-33, 252, 15, -558, -55, 8, -130, 986, 61;
-38, 250, 11, -576, -51, -6, -149, 975, 43;
-38, 252, 11, -577, -30, -5, -148, 984, 44;
-35, 257, 14, -569, -2, 3, -137, 1002, 55;
-38, 255, 11, -579, 6, -6, -150, 997, 43;
-36, 259, 12, -573, 30, -1, -143, 1010, 49;
-39, 258, 10, -577, 42, -8, -152, 1008, 40;
-39, 259, 9, -575, 59, -10, -153, 1013, 37;
-36, 264, 12, -561, 87, -1, -141, 1031, 48;
-34, 268, 14, -549, 112, 3, -132, 1045, 55;
-37, 265, 10, -554, 118, -8, -146, 1036, 40;
-35, 269, 12, -539, 141, -3, -137, 1050, 46;
-36, 269, 10, -535, 154, -8, -141, 1050, 40;
-32, 273, 12, -515, 180, 0, -128, 1066, 50;
-29, 278, 16, -493, 206, 9, -113, 1085, 62;
-30, 277, 13, -487, 215, 1, -119, 1082, 53;
-31, 277, 12, -476, 227, -2, -121, 1082, 47;
-29, 279, 12, -459, 245, 0, -114, 1091, 50;
-28, 280, 12, -443, 259, -1, -112, 1095, 48;
-24, 285, 15, -417, 282, 7, -96, 1111, 59;
-25, 284, 12, -406, 289, 0, -101, 1107, 50;
-21, 288, 16, -375, 314, 11, -82, 1126, 64;
-21, 288, 15, -358, 322, 6, -82, 1126, 59;
-19, 289, 15, -338, 333, 6, -77, 1129, 58;
-17, 292, 16, -312, 348, 10, -67, 1138, 63;
-21, 287, 10, -306, 342, -6, -82, 1122, 42;
-18, 289, 12, -279, 355, -3, -72, 1129, 46;
-15, 292, 13, -251, 369, 1, -61, 1138, 52;
-16, 290, 11, -233, 370, -5, -63, 1133, 44;
-10, 295, 15, -193, 392, 8, -39, 1154, 62;
-12, 292, 11, -181, 385, -4, -49, 1140, 45;
-11, 292, 10, -158, 388, -6, -45, 1139, 42;
-10, 292, 10, -132, 392, -7, -39, 1140, 42;
-7, 293, 11, -103, 398, -4, -30, 1144, 44;
-3, 296, 14, -67, 411, 4, -11, 1157, 57;
-2, 296, 13, -42, 411, 2, -7, 1155, 54;
0, 296, 13, -15, 411, 2, -1, 1155, 53;
-1, 293, 11, 3, 404, -5, -4, 1145, 43;
3, 296, 14, 39, 412, 3, 13, 1157, 55;
6, 297, 15, 71, 415, 8, 25, 1162, 60;
4, 293, 11, 85, 400, -4, 16, 1145, 45;
4, 291, 10, 106, 391, -9, 17, 1137, 39;
8, 294, 12, 142, 396, 0, 34, 1147, 50;
13, 296, 15, 175, 398, 7, 50, 1155, 59;
9, 289, 9, 183, 375, -10, 35, 1130, 37;
15, 294, 14, 225, 384, 5, 62, 1148, 58;
13, 289, 11, 237, 364, -6, 52, 1130, 42;
19, 293, 15, 276, 369, 7, 76, 1144, 60;
20, 291, 14, 296, 357, 4, 78, 1137, 56;
19, 288, 12, 313, 340, -1, 76, 1125, 48;
21, 288, 13, 337, 331, 0, 83, 1123, 51;
24, 289, 15, 365, 326, 6, 97, 1127, 59;
20, 282, 9, 368, 296, -11, 80, 1100, 37;
23, 282, 11, 393, 288, -5, 92, 1102, 44;
24, 280, 10, 410, 273, -7, 94, 1095, 41;
30, 284, 15, 444, 274, 8, 118, 1109, 61;
29, 280, 13, 453, 251, 0, 113, 1094, 51;
32, 281, 15, 477, 244, 8, 127, 1098, 61;
32, 279, 15, 490, 225, 6, 128, 1089, 58;
27, 271, 9, 486, 190, -12, 108, 1060, 35;
30, 272, 10, 504, 179, -6, 119, 1061, 42;
31, 271, 11, 518, 163, -4, 124, 1057, 45;
31, 267, 10, 524, 141, -9, 120, 1044, 39;
33, 268, 12, 540, 130, -2, 131, 1046, 47;
33, 265, 11, 545, 108, -5, 130, 1035, 44;
36, 265, 13, 559, 97, 1, 140, 1037, 52;
39, 267, 16, 574, 87, 10, 153, 1042, 64;
39, 264, 15, 576, 66, 8, 152, 1032, 61;
34, 258, 11, 566, 33, -5, 135, 1008, 44;
36, 258, 13, 573, 19, 0, 143, 1007, 51;
39, 259, 16, 584, 10, 10, 155, 1013, 64;
36, 254, 12, 572, -19, 0, 142, 992, 50;
33, 249, 10, 562, -47, -8, 130, 974, 39;
33, 248, 10, 559, -65, -8, 131, 968, 40;
36, 249, 13, 565, -74, 1, 142, 973, 53;
36, 247, 13, 559, -94, 1, 140, 966, 52;
37, 247, 15, 557, -107, 6, 145, 965, 59;
36, 245, 14, 548, -126, 5, 142, 957, 58;
33, 241, 12, 532, -151, -1, 131, 942, 49;
33, 240, 13, 523, -167, 0, 131, 938, 52;
28, 234, 9, 499, -197, -11, 112, 916, 36;
34, 239, 15, 507, -194, 9, 135, 935, 62;
31, 236, 13, 486, -217, 2, 123, 920, 53;
31, 235, 14, 473, -231, 4, 121, 917, 55;
32, 235, 16, 464, -239, 11, 126, 920, 65;
29, 232, 14, 441, -260, 5, 115, 907, 57;
26, 229, 12, 416, -282, -1, 102, 893, 49;
28, 231, 16, 409, -284, 9, 111, 902, 63;
25, 228, 14, 384, -302, 5, 100, 891, 57;
24, 227, 15, 365, -313, 6, 97, 888, 58;
21, 224, 12, 336, -332, 0, 83, 875, 50;
20, 223, 13, 315, -342, 0, 78, 872, 51;
22, 226, 16, 303, -341, 11, 86, 882, 64;
15, 220, 11, 264, -366, -3, 61, 859, 46;
16, 221, 13, 245, -369, 1, 62, 863, 52;
15, 221, 14, 224, -374, 4, 60, 864, 56;
12, 219, 12, 193, -386, 0, 47, 855, 50;
8, 216, 10, 160, -399, -7, 32, 844, 41;
8, 218, 12, 141, -398, -1, 34, 850, 49;
10, 220, 15, 125, -392, 8, 40, 861, 62;
2, 214, 9, 78, -415, -10, 8, 835, 37;
0, 213, 9, 52, -418, -10, 2, 834, 37;
2, 217, 13, 36, -408, 0, 9, 847, 51;
2, 219, 14, 14, -403, 5, 9, 854, 58;
2, 220, 16, -7, -399, 10, 8, 859, 63;
-1, 219, 14, -39, -402, 5, -4, 854, 58;
-5, 217, 12, -73, -407, -1, -19, 846, 49;
-2, 221, 16, -87, -392, 11, -10, 863, 65;
-7, 218, 13, -123, -398, 1, -29, 852, 52;
-10, 218, 12, -153, -397, -1, -39, 850, 48;
-12, 218, 12, -179, -392, -2, -46, 851, 48;
-9, 223, 16, -191, -372, 11, -36, 870, 64;
-11, 223, 15, -219, -367, 8, -46, 870, 61;
-16, 220, 12, -254, -370, -2, -65, 860, 48;
-17, 221, 12, -277, -360, 0, -69, 864, 49;
-19, 222, 12, -301, -350, -1, -76, 867, 49;
-18, 225, 14, -317, -333, 5, -73, 879, 57;
-19, 227, 15, -337, -320, 7, -76, 887, 60;
-22, 226, 13, -363, -313, 2, -88, 884, 53;
-26, 225, 11, -391, -308, -5, -103, 879, 43;
-24, 229, 14, -402, -286, 3, -96, 896, 55;
-24, 232, 15, -417, -269, 6, -97, 905, 59;
-27, 232, 13, -439, -258, 2, -106, 906, 54;
-26, 235, 15, -449, -237, 8, -102, 919, 62;
-33, 230, 9, -485, -241, -11, -132, 900, 36;
-27, 239, 16, -478, -203, 10, -108, 933, 64;
-32, 237, 12, -504, -199, -1, -127, 924, 49;
-36, 235, 9, -526, -191, -10, -141, 919, 37;
-33, 240, 13, -526, -162, 0, -131, 939, 50;
-34, 242, 13, -536, -145, 0, -133, 945, 50;
-37, 241, 10, -553, -134, -8, -146, 942, 40;
-33, 248, 15, -547, -101, 6, -129, 967, 58;
-35, 247, 13, -560, -89, 0, -139, 966, 50;
-35, 249, 13, -564, -69, 0, -139, 974, 51;
-37, 250, 12, -571, -53, -2, -144, 977, 47;
-36, 253, 12, -572, -32, 0, -143, 987, 50;
-34, 257, 14, -567, -6, 5, -135, 1002, 58;
-38, 254, 10, -580, 0, -6, -151, 993, 42;
-35, 260, 14, -568, 30, 4, -136, 1015, 56;
-37, 259, 11, -574, 40, -4, -147, 1010, 45;
-34, 264, 14, -561, 69, 5, -134, 1030, 57;
-39, 260, 9, -573, 71, -11, -153, 1016, 36;
-36, 264, 11, -559, 98, -3, -142, 1033, 46;
-31, 271, 16, -536, 132, 11, -122, 1059, 65;
-32, 271, 14, -535, 143, 4, -128, 1057, 56;
-31, 273, 14, -524, 162, 5, -124, 1065, 58;
-31, 274, 14, -513, 180, 5, -121, 1072, 58;
-35, 271, 9, -518, 180, -11, -140, 1057, 36;
-32, 275, 12, -497, 205, -3, -126, 1073, 47;
-28, 279, 14, -473, 230, 5, -112, 1090, 57;
-27, 282, 15, -456, 249, 8, -105, 1099, 61;
-30, 278, 11, -454, 249, -6, -119, 1087, 43;
-30, 279, 9, -440, 261, -9, -119, 1088, 38;
-30, 279, 9, -423, 273, -11, -117, 1091, 36;
-21, 288, 16, -382, 308, 10, -85, 1124, 63;
-20, 289, 16, -361, 322, 10, -79, 1129, 64;
-19, 290, 16, -341, 334, 10, -74, 1134, 64;
-18, 290, 15, -323, 341, 6, -73, 1133, 59;
-17, 291, 15, -301, 352, 6, -68, 1136, 58;
-19, 288, 11, -288, 351, -4, -76, 1127, 45;
-14, 292, 14, -255, 370, 5, -58, 1142, 57;
-14, 292, 13, -234, 375, 1, -56, 1141, 53;
-10, 296, 16, -201, 391, 10, -39, 1154, 63;
-9, 295, 15, -179, 394, 6, -38, 1152, 59;
-7, 297, 16, -150, 403, 9, -27, 1158, 63;
-11, 291, 10, -142, 389, -8, -44, 1137, 40;
-5, 296, 14, -102, 407, 5, -20, 1156, 57;
-4, 296, 13, -78, 408, 2, -17, 1154, 54;
-1, 297, 15, -46, 415, 7, -4, 1161, 60;
-3, 293, 11, -32, 404, -5, -13, 1146, 44;
0, 296, 13, 1, 411, 1, 2, 1155, 53;
0, 293, 10, 20, 402, -6, -1, 1144, 42;
3, 295, 13, 55, 409, 1, 15, 1154, 53;
8, 299, 16, 92, 417, 11, 34, 1166, 65;
10, 298, 16, 118, 413, 11, 40, 1164, 64;
9, 295, 14, 138, 402, 4, 38, 1153, 56;
10, 294, 13, 161, 395, 1, 41, 1148, 53;
8, 289, 9, 174, 376, -11, 32, 1130, 37;
13, 292, 13, 211, 381, 0, 52, 1142, 51;
13, 290, 11, 230, 367, -5, 51, 1132, 43;
19, 293, 15, 268, 372, 7, 74, 1145, 60;
19, 291, 14, 288, 360, 4, 76, 1138, 56;
23, 293, 16, 319, 358, 12, 91, 1144, 66;
23, 290, 15, 337, 343, 7, 91, 1134, 60;
23, 288, 14, 354, 326, 3, 91, 1124, 54;
25, 287, 14, 376, 315, 4, 97, 1121, 56;
26, 286, 14, 398, 304, 5, 104, 1118, 58;
24, 282, 11, 407, 280, -4, 96, 1100, 44;
26, 281, 12, 427, 268, -2, 103, 1097, 47;
29, 281, 13, 450, 258, 2, 114, 1098, 54;
31, 281, 14, 470, 246, 5, 122, 1097, 58;
33, 280, 16, 488, 234, 9, 130, 1095, 62;
34, 279, 16, 504, 219, 10, 136, 1091, 64;
32, 275, 13, 508, 193, 1, 127, 1073, 52;
31, 271, 11, 512, 168, -6, 121, 1057, 43;
34, 271, 13, 530, 157, 0, 132, 1059, 52;
34, 270, 13, 541, 140, 1, 135, 1053, 52;
31, 264, 9, 537, 109, -10, 122, 1031, 37;
33, 264, 11, 551, 97, -4, 132, 1032, 45;
32, 260, 9, 550, 72, -10, 126, 1017, 37;
36, 263, 13, 568, 65, 1, 143, 1026, 53;
39, 263, 16, 580, 55, 10, 154, 1029, 63;
34, 256, 11, 566, 19, -6, 134, 1001, 42;
38, 258, 14, 579, 11, 5, 149, 1009, 57;
35, 254, 11, 569, -16, -3, 138, 990, 46;
34, 251, 11, 567, -36, -4, 136, 981, 44;
37, 253, 14, 574, -46, 5, 147, 987, 57;
37, 251, 14, 569, -66, 4, 146, 979, 56;
33, 245, 10, 552, -96, -7, 130, 957, 41;
32, 243, 10, 544, -117, -8, 126, 948, 39;
36, 246, 15, 552, -119, 6, 144, 961, 59;
33, 242, 12, 535, -146, -1, 131, 943, 48;
32, 239, 11, 521, -167, -4, 124, 933, 44;
32, 238, 12, 513, -182, -2, 125, 930, 48;
32, 238, 13, 505, -195, 2, 127, 929, 53;
29, 234, 11, 483, -220, -5, 114, 912, 43;
32, 236, 14, 480, -224, 5, 125, 921, 58;
33, 236, 16, 470, -234, 11, 128, 922, 65;
25, 228, 10, 434, -268, -7, 100, 893, 41;
26, 229, 12, 422, -277, -1, 103, 894, 48;
25, 228, 12, 404, -290, -1, 99, 890, 49;
25, 228, 13, 388, -300, 2, 99, 889, 54;
26, 229, 16, 377, -304, 11, 105, 896, 65;
19, 222, 10, 335, -336, -8, 74, 866, 40;
20, 223, 12, 321, -340, -1, 78, 872, 49;
20, 224, 14, 303, -345, 4, 79, 874, 55;
16, 220, 11, 271, -363, -4, 62, 860, 45;
12, 217, 9, 242, -378, -10, 50, 850, 38;
17, 223, 16, 238, -365, 10, 69, 872, 63;
12, 219, 12, 202, -384, 0, 49, 856, 50;
11, 219, 13, 179, -388, 1, 46, 856, 53;
10, 219, 14, 154, -392, 3, 41, 856, 55;
10, 220, 15, 133, -391, 8, 41, 860, 60;
3, 215, 10, 90, -411, -8, 14, 839, 40;
4, 217, 13, 72, -406, 0, 18, 848, 51;
6, 220, 16, 55, -398, 10, 23, 860, 63;
2, 218, 14, 22, -405, 4, 9, 852, 56;
-2, 215, 11, -14, -415, -5, -8, 840, 44;
-3, 216, 12, -38, -411, -2, -12, 843, 47;
-6, 214, 10, -71, -415, -8, -26, 837, 40;
-6, 217, 12, -91, -406, -1, -24, 846, 48;
-10, 214, 9, -127, -412, -10, -42, 836, 37;
-6, 220, 15, -135, -389, 7, -26, 861, 60;
-12, 217, 11, -174, -397, -5, -48, 846, 44;
-9, 222, 15, -185, -376, 8, -37, 867, 62;
-10, 223, 16, -209, -368, 9, -42, 871, 63;
-18, 218, 10, -253, -379, -8, -71, 850, 40;
-18, 220, 11, -272, -365, -3, -71, 860, 46;
-16, 224, 14, -286, -346, 5, -65, 875, 58;
-21, 222, 11, -319, -347, -4, -84, 866, 45;
-20, 225, 14, -333, -328, 3, -79, 880, 55;
-19, 229, 16, -347, -308, 11, -75, 894, 64;
-23, 228, 14, -375, -303, 3, -89, 889, 55;
-22, 230, 15, -390, -285, 8, -88, 900, 61;
-27, 229, 12, -419, -282, -1, -106, 893, 48;
-29, 229, 11, -441, -271, -5, -115, 894, 44;
-25, 235, 16, -443, -241, 9, -101, 918, 62;
-31, 232, 11, -474, -240, -4, -122, 906, 45;
-33, 233, 10, -491, -226, -6, -129, 909, 42;
-28, 240, 16, -487, -192, 10, -110, 937, 64;
-33, 237, 12, -513, -188, -2, -130, 927, 47;
-34, 239, 12, -526, -171, -3, -134, 933, 46;
-33, 242, 13, -531, -149, 1, -130, 945, 53;
-34, 243, 13, -542, -132, 0, -134, 950, 51;
-33, 247, 14, -545, -108, 5, -130, 964, 57;
-34, 248, 14, -554, -91, 3, -134, 968, 55;
-35, 249, 13, -561, -74, 2, -137, 973, 53;
-36, 250, 13, -567, -57, 0, -140, 978, 51;
-39, 249, 9, -581, -48, -10, -154, 973, 38;
-32, 258, 16, -561, -7, 12, -127, 1007, 65;
-37, 255, 12, -576, -2, -2, -145, 997, 48;
-35, 259, 14, -568, 24, 4, -136, 1013, 56;
-33, 262, 15, -562, 46, 8, -131, 1024, 61;
-36, 261, 13, -567, 57, 0, -141, 1021, 51;
-37, 262, 11, -568, 72, -4, -145, 1022, 45;
-33, 267, 15, -551, 101, 6, -131, 1043, 58;
-38, 264, 10, -560, 104, -9, -148, 1030, 39;
-37, 266, 10, -551, 123, -9, -146, 1038, 39;
-36, 267, 10, -542, 141, -9, -144, 1044, 39;
-29, 276, 16, -510, 180, 12, -114, 1078, 66;
-31, 275, 13, -508, 188, 2, -123, 1072, 54;
-32, 275, 12, -499, 201, -1, -125, 1073, 49;
-27, 280, 16, -473, 230, 10, -107, 1095, 64;
-29, 279, 13, -466, 238, 2, -113, 1091, 54;
-31, 277, 10, -461, 242, -8, -123, 1083, 40;
-31, 278, 9, -446, 255, -10, -121, 1086, 37;
-29, 280, 10, -427, 271, -9, -115, 1093, 39;
-27, 282, 11, -404, 288, -5, -106, 1102, 44;
-26, 283, 10, -387, 299, -7, -103, 1105, 41;
-21, 288, 14, -353, 324, 4, -83, 1125, 57;
-18, 291, 16, -326, 342, 10, -70, 1137, 64;
-21, 287, 11, -318, 338, -3, -83, 1123, 46;
-16, 291, 14, -286, 358, 5, -65, 1138, 57;
-15, 292, 14, -263, 367, 5, -60, 1141, 57;
-13, 293, 15, -238, 377, 6, -53, 1146, 58;
-13, 293, 13, -218, 379, 1, -53, 1142, 52;
-8, 297, 16, -182, 397, 11, -33, 1158, 65;
-12, 291, 11, -175, 385, -6, -49, 1138, 42;
-6, 296, 15, -135, 404, 7, -26, 1157, 59;
-5, 297, 15, -109, 408, 7, -20, 1158, 59;
-8, 292, 10, -97, 397, -7, -31, 1141, 41;
-5, 293, 11, -67, 402, -4, -21, 1146, 45;
-3, 294, 11, -40, 405, -4, -13, 1147, 45;
2, 299, 16, 1, 420, 10, 11, 1166, 64;
3, 298, 15, 26, 417, 8, 14, 1163, 61;
6, 298, 16, 54, 418, 9, 23, 1164, 63;
1, 292, 10, 62, 397, -9, 6, 1140, 39;
4, 293, 11, 93, 398, -5, 18, 1144, 44;
6, 293, 11, 121, 396, -3, 26, 1144, 46;
8, 293, 12, 148, 392, -2, 34, 1144, 47;
12, 294, 13, 179, 391, 2, 46, 1148, 53;
13, 293, 13, 203, 384, 0, 51, 1144, 51;
11, 289, 10, 218, 366, -9, 44, 1128, 39;
17, 292, 14, 255, 371, 3, 66, 1141, 54;
18, 291, 13, 278, 361, 2, 71, 1137, 54;
22, 293, 16, 310, 359, 10, 87, 1143, 63;
17, 285, 9, 312, 328, -10, 67, 1113, 38;
22, 288, 13, 345, 328, 1, 86, 1123, 52;
22, 286, 12, 364, 314, -1, 89, 1116, 49;
23, 284, 11, 382, 299, -3, 91, 1108, 46;
27, 285, 14, 409, 293, 3, 105, 1112, 55;
27, 283, 13, 425, 276, 0, 106, 1104, 52;
29, 282, 13, 444, 263, 2, 113, 1100, 54;
30, 281, 14, 462, 250, 3, 119, 1096, 55;
31, 279, 14, 479, 234, 4, 123, 1091, 56;
30, 276, 12, 487, 212, -2, 119, 1077, 48;
30, 273, 11, 496, 190, -6, 117, 1065, 42;
36, 276, 16, 525, 190, 10, 141, 1080, 63;
34, 272, 13, 528, 164, 1, 132, 1062, 52;
32, 268, 11, 532, 140, -4, 128, 1049, 45;
37, 271, 15, 554, 135, 9, 147, 1058, 62;
38, 269, 15, 562, 117, 8, 148, 1051, 62;
35, 264, 12, 558, 87, -1, 137, 1031, 48;
36, 263, 13, 567, 72, 1, 142, 1028, 53;
38, 263, 14, 575, 57, 5, 148, 1026, 58;
37, 260, 14, 575, 35, 3, 146, 1015, 54;
38, 259, 15, 580, 19, 7, 151, 1013, 59;
39, 258, 15, 582, 2, 8, 153, 1008, 61;
38, 255, 15, 578, -19, 6, 150, 998, 58;
33, 248, 9, 560, -54, -9, 129, 971, 38;
34, 248, 10, 560, -70, -6, 132, 967, 42;
39, 251, 16, 571, -73, 10, 152, 981, 63;
37, 248, 14, 560, -96, 5, 144, 968, 57;
35, 244, 13, 548, -120, 0, 136, 955, 51;
32, 240, 10, 532, -146, -7, 125, 939, 41;
33, 241, 13, 530, -156, 0, 131, 941, 50;
33, 239, 13, 519, -174, 0, 129, 934, 50;
34, 240, 15, 514, -184, 7, 135, 937, 60;
34, 239, 16, 504, -198, 10, 135, 935, 63;
28, 232, 10, 472, -231, -6, 110, 907, 42;
26, 230, 10, 455, -249, -8, 105, 899, 40;
31, 234, 16, 457, -246, 9, 122, 916, 62;
29, 232, 15, 437, -263, 7, 116, 908, 60;
25, 228, 12, 410, -286, -1, 100, 891, 48;
28, 231, 16, 404, -287, 11, 112, 903, 65;
26, 229, 15, 380, -303, 8, 102, 894, 61;
18, 221, 9, 340, -335, -11, 73, 865, 36;
21, 224, 13, 331, -334, 1, 83, 876, 52;
20, 224, 13, 310, -343, 2, 79, 874, 54;
17, 221, 12, 282, -358, -2, 68, 864, 48;
20, 225, 16, 272, -353, 11, 79, 878, 65;
13, 218, 11, 229, -379, -6, 50, 852, 43;
16, 222, 16, 220, -371, 9, 64, 869, 62;
9, 216, 10, 176, -396, -8, 35, 844, 39;
9, 218, 12, 158, -395, -1, 37, 850, 48;
8, 217, 12, 132, -399, -1, 31, 849, 49;
8, 219, 14, 113, -396, 6, 34, 857, 58;
8, 220, 16, 90, -396, 9, 31, 860, 62;
1, 215, 11, 48, -413, -5, 6, 840, 43;
1, 217, 12, 26, -409, 0, 6, 846, 50;
3, 220, 16, 11, -398, 11, 13, 861, 64;
0, 218, 13, -24, -406, 2, -3, 850, 54;
-2, 218, 13, -51, -405, 2, -9, 851, 54;
-6, 216, 11, -84, -409, -3, -24, 844, 46;
-4, 219, 15, -101, -396, 6, -19, 857, 58;
-8, 218, 13, -132, -396, 1, -31, 853, 53;
-7, 221, 15, -151, -384, 8, -29, 863, 61;
-14, 217, 10, -192, -394, -7, -54, 846, 42;
-11, 221, 15, -204, -374, 6, -44, 865, 58;
-15, 219, 12, -238, -376, -2, -62, 857, 47;
-13, 224, 16, -250, -355, 10, -52, 876, 63;
-14, 226, 16, -272, -344, 11, -55, 881, 65;
-22, 220, 10, -316, -355, -9, -88, 859, 39;
-23, 221, 10, -337, -342, -7, -91, 865, 41;
-24, 223, 11, -357, -329, -5, -94, 871, 43;
-22, 227, 14, -369, -308, 3, -88, 888, 55;
-26, 226, 11, -397, -303, -4, -103, 882, 45;
-28, 226, 10, -419, -292, -7, -111, 884, 42;
-26, 231, 14, -426, -267, 4, -102, 903, 55;
-27, 232, 13, -445, -254, 2, -108, 907, 53;
-27, 235, 15, -457, -234, 6, -107, 918, 59;
-30, 234, 12, -479, -225, 0, -119, 915, 50;
-31, 236, 12, -494, -208, 0, -123, 921, 50;
-34, 235, 10, -513, -198, -6, -134, 919, 42;
-34, 238, 11, -522, -178, -3, -133, 930, 46;
-36, 239, 10, -536, -163, -6, -140, 932, 42;
-36, 241, 11, -544, -143, -5, -140, 941, 44;
-32, 247, 15, -541, -113, 7, -127, 964, 60;
-35, 246, 13, -555, -101, 0, -138, 961, 50;
-34, 249, 14, -558, -80, 2, -136, 972, 54;
-37, 248, 11, -570, -68, -4, -146, 970, 45;
-38, 249, 10, -577, -52, -7, -150, 974, 42;
-34, 255, 15, -566, -19, 6, -134, 998, 58;
-36, 256, 13, -572, -5, 0, -141, 998, 52;
-37, 256, 11, -577, 9, -3, -147, 1000, 46;
-34, 261, 14, -566, 37, 5, -135, 1018, 57;
-34, 262, 14, -564, 55, 4, -136, 1024, 56;
-37, 261, 11, -569, 65, -4, -146, 1020, 45;
-34, 266, 14, -556, 92, 3, -134, 1037, 55;
-38, 263, 9, -564, 96, -11, -151, 1026, 36;
-31, 271, 16, -536, 136, 9, -124, 1058, 62;
-31, 273, 15, -527, 153, 8, -122, 1064, 61;
-33, 271, 13, -526, 162, 0, -131, 1060, 50;
-29, 276, 16, -505, 189, 9, -116, 1078, 62;
-28, 278, 16, -491, 208, 11, -111, 1087, 65;
-28, 279, 15, -482, 221, 6, -113, 1088, 59;
-28, 280, 14, -469, 235, 5, -111, 1092, 57;
-29, 279, 12, -459, 245, 0, -114, 1091, 50;
-26, 282, 14, -437, 266, 4, -103, 1103, 57;
-30, 279, 9, -436, 264, -11, -120, 1088, 36;
-27, 282, 11, -410, 285, -4, -106, 1102, 45;
-20, 289, 16, -374, 315, 12, -80, 1128, 66;
-22, 287, 13, -363, 318, 2, -88, 1120, 53;
-24, 285, 10, -352, 319, -8, -95, 1112, 40;
-24, 285, 9, -334, 327, -11, -94, 1111, 36;
-19, 289, 13, -299, 349, 0, -74, 1130, 50;
-20, 287, 10, -285, 349, -9, -80, 1122, 39;
-14, 293, 14, -246, 373, 5, -55, 1144, 57;
-13, 293, 14, -223, 380, 4, -51, 1145, 56;
-9, 296, 16, -193, 392, 9, -38, 1154, 62;
-9, 295, 14, -172, 394, 4, -38, 1151, 57;
-10, 293, 12, -153, 393, -2, -40, 1144, 48;
-8, 293, 12, -128, 396, -3, -34, 1145, 47;
-4, 296, 14, -93, 408, 5, -18, 1156, 57;
-6, 293, 11, -77, 401, -5, -24, 1144, 44;
-2, 296, 13, -42, 411, 2, -8, 1155, 54;
0, 296, 14, -14, 413, 4, 0, 1157, 55;
1, 297, 14, 13, 414, 4, 7, 1158, 56;
0, 293, 11, 29, 402, -6, 1, 1144, 43;
1, 292, 10, 54, 398, -8, 5, 1141, 40;
4, 293, 11, 85, 400, -3, 17, 1146, 46;
6, 294, 12, 114, 399, -1, 27, 1147, 49;
7, 292, 11, 137, 392, -4, 29, 1141, 44;
8, 291, 10, 160, 383, -8, 31, 1136, 40;
8, 289, 9, 182, 373, -12, 33, 1128, 35;
12, 291, 11, 215, 374, -4, 49, 1135, 45;
14, 290, 12, 241, 367, -3, 56, 1134, 47;
15, 289, 11, 263, 357, -5, 60, 1128, 44;
20, 292, 15, 299, 360, 7, 81, 1140, 60;
21, 290, 14, 318, 346, 3, 83, 1132, 55;
20, 286, 11, 333, 327, -4, 78, 1118, 45;
24, 288, 14, 364, 325, 6, 96, 1126, 58;
23, 284, 12, 376, 304, -3, 90, 1110, 46;
23, 282, 10, 392, 287, -6, 91, 1101, 42;
23, 280, 10, 409, 271, -8, 92, 1093, 39;
29, 283, 14, 440, 270, 4, 114, 1104, 56;
28, 279, 12, 451, 249, -1, 110, 1091, 48;
32, 281, 15, 476, 242, 6, 125, 1096, 59;
31, 278, 13, 487, 222, 2, 123, 1085, 54;
28, 272, 9, 487, 191, -11, 109, 1061, 36;
29, 271, 10, 502, 177, -8, 116, 1059, 40;
30, 269, 9, 513, 158, -9, 117, 1050, 38;
33, 270, 12, 531, 148, -1, 130, 1053, 48;
32, 266, 10, 536, 125, -6, 126, 1041, 42;
38, 270, 16, 561, 124, 10, 149, 1055, 63;
36, 266, 13, 560, 98, 2, 141, 1038, 54;
32, 260, 9, 552, 65, -10, 126, 1015, 37;
36, 262, 13, 568, 58, 0, 142, 1022, 51;
35, 258, 11, 567, 35, -3, 137, 1010, 46;
38, 259, 14, 577, 23, 4, 148, 1012, 56;
34, 253, 10, 566, -7, -7, 133, 990, 41;
33, 251, 9, 562, -29, -10, 129, 979, 37;
38, 254, 15, 578, -31, 7, 150, 994, 59;
33, 248, 10, 560, -65, -7, 131, 969, 41;
34, 247, 11, 559, -80, -3, 135, 966, 46;
38, 249, 15, 566, -87, 8, 149, 974, 61;
36, 246, 14, 555, -110, 4, 142, 962, 56;
37, 246, 15, 551, -123, 9, 146, 961, 62;
33, 241, 12, 532, -151, 0, 131, 942, 50;
33, 240, 13, 524, -166, 2, 132, 939, 53;
30, 236, 11, 505, -192, -5, 119, 923, 43;
34, 239, 15, 506, -195, 7, 133, 933, 60;
31, 235, 13, 485, -218, 0, 121, 918, 51;
30, 234, 14, 472, -232, 3, 120, 915, 54;
26, 229, 10, 444, -259, -8, 102, 895, 40;
31, 234, 16, 448, -254, 11, 123, 915, 65;
28, 231, 14, 424, -274, 5, 111, 902, 58;
23, 226, 10, 392, -301, -6, 90, 881, 42;
21, 223, 9, 369, -317, -9, 82, 873, 38;
21, 224, 12, 355, -323, -3, 85, 876, 46;
20, 224, 12, 335, -333, -1, 81, 874, 48;
22, 225, 15, 322, -335, 7, 87, 881, 59;
21, 225, 15, 301, -343, 9, 84, 879, 62;
19, 223, 15, 275, -355, 6, 75, 873, 59;
16, 222, 14, 248, -366, 4, 66, 867, 56;
16, 223, 15, 228, -369, 8, 65, 869, 62;
10, 217, 11, 189, -390, -5, 41, 849, 44;
9, 217, 11, 164, -395, -3, 37, 849, 46;
7, 217, 11, 138, -400, -3, 30, 847, 46;
11, 221, 16, 128, -389, 11, 43, 864, 65;
2, 214, 9, 80, -414, -9, 10, 836, 38;
1, 215, 10, 55, -414, -7, 6, 838, 41;
5, 220, 16, 46, -399, 10, 21, 859, 63;
4, 220, 16, 20, -398, 11, 16, 861, 65;
-1, 216, 12, -19, -410, -1, -6, 845, 49;
-2, 218, 13, -42, -406, 2, -8, 850, 53;
-2, 219, 14, -65, -400, 6, -10, 855, 58;
-3, 221, 16, -88, -393, 10, -11, 862, 63;
-10, 215, 10, -134, -409, -9, -42, 839, 39;
-9, 219, 13, -150, -393, 1, -35, 854, 52;
-11, 219, 13, -176, -388, 0, -42, 855, 52;
-12, 219, 13, -202, -383, 0, -50, 856, 50;
-12, 222, 14, -222, -370, 5, -50, 866, 57;
-15, 221, 13, -251, -367, 0, -61, 863, 51;
-15, 224, 15, -268, -351, 8, -58, 876, 61;
-18, 223, 14, -296, -346, 3, -70, 873, 54;
-22, 221, 10, -329, -345, -6, -88, 864, 42;
-19, 227, 15, -336, -320, 7, -76, 887, 60;
-21, 228, 15, -359, -309, 6, -83, 889, 58;
-24, 227, 12, -386, -303, 0, -96, 886, 50;
-26, 228, 12, -406, -290, 0, -102, 890, 49;
-30, 226, 9, -434, -285, -9, -117, 884, 38;
-30, 228, 10, -449, -269, -7, -119, 892, 41;
-31, 230, 10, -466, -253, -7, -123, 899, 42;
-31, 233, 11, -478, -233, -3, -122, 909, 46;
-34, 232, 9, -500, -225, -11, -135, 906, 37;
-35, 234, 9, -513, -208, -10, -138, 913, 37;
-35, 236, 9, -525, -190, -9, -140, 920, 38;
-36, 238, 10, -534, -170, -8, -141, 929, 40;
-33, 243, 14, -533, -141, 3, -128, 950, 55;
-32, 246, 15, -539, -120, 6, -128, 960, 58;
-38, 242, 9, -563, -118, -10, -150, 946, 38;
-37, 245, 11, -566, -95, -6, -147, 958, 43;
-36, 249, 12, -566, -71, -1, -142, 972, 49;
-38, 249, 10, -576, -58, -7, -150, 971, 41;
-34, 254, 14, -567, -27, 4, -136, 994, 57;
-33, 258, 16, -563, -3, 9, -130, 1007, 63;
-34, 259, 15, -566, 14, 7, -133, 1011, 60;
-35, 260, 14, -567, 30, 4, -136, 1015, 56;
-37, 259, 12, -572, 42, -2, -145, 1013, 47;
-39, 258, 9, -578, 52, -11, -155, 1009, 36;
-38, 261, 10, -571, 73, -9, -151, 1019, 39;
-36, 265, 12, -558, 99, -2, -141, 1034, 47;
-31, 271, 16, -538, 130, 9, -124, 1057, 63;
-36, 268, 11, -545, 133, -5, -140, 1045, 44;
-35, 270, 11, -534, 152, -4, -137, 1053, 45;
-36, 269, 9, -529, 164, -10, -141, 1052, 38;
-33, 273, 11, -510, 188, -3, -130, 1067, 46;
-29, 278, 14, -488, 213, 5, -116, 1084, 57;
-28, 280, 15, -472, 232, 7, -109, 1093, 60;
-31, 277, 11, -470, 234, -6, -123, 1082, 43;
-31, 277, 9, -457, 246, -9, -123, 1083, 38;
-29, 280, 11, -436, 264, -6, -114, 1093, 43;
-25, 284, 13, -410, 286, 1, -101, 1107, 52;
-21, 288, 16, -380, 311, 12, -82, 1126, 66;
-25, 284, 10, -379, 304, -6, -101, 1107, 42;
-24, 285, 11, -357, 318, -5, -94, 1114, 44;
-19, 290, 14, -324, 340, 5, -75, 1131, 57;
-19, 289, 13, -307, 345, 0, -76, 1129, 50;
-17, 291, 13, -282, 357, 1, -68, 1135, 53;
-15, 292, 14, -255, 369, 4, -59, 1141, 56;
-11, 295, 16, -224, 385, 11, -43, 1154, 65;
-10, 295, 15, -202, 389, 8, -42, 1152, 61;
-12, 293, 12, -186, 387, 0, -46, 1144, 50;
-8, 295, 14, -154, 398, 5, -33, 1153, 57;
-5, 298, 16, -122, 409, 10, -19, 1162, 64;
-4, 297, 15, -99, 410, 7, -16, 1159, 60;
-5, 294, 12, -81, 404, 0, -21, 1150, 49;
0, 298, 16, -43, 418, 10, 0, 1165, 63;
0, 297, 14, -21, 414, 5, 0, 1159, 57;
7, 10, 2, 4264, 2626, 2304, 28, 41, 9;
18, 3, 12, 1854, 5131, 2053, 70, 13, 48;
4, 16, 3, 1572, 2139, 2890, 19, 65, 14;
8, 10, 4, 2984, 3473, 1011, 32, 40, 18;
19, 4, 12, 4271, 4714, 1407, 76, 17, 50;
16, 10, 7, 3990, 2781, 2659, 64, 41, 27;
18, 30, 1, 2538, 3247, 1740, 72, 119, 7;
20, 30, 5, 1633, 2117, 2753, 80, 120, 20;
11, 9, 1, 3914, 2750, 2049, 44, 37, 7;
12, 22, 8, 1663, 3768, 1291, 47, 86, 34;
19, 22, 12, 2351, 3788, 2135, 75, 86, 48;
10, 5, 0, 1995, 3877, 1476, 41, 22, 1;
15, 12, 11, 2028, 2411, 2176, 62, 49, 44;
7, 28, 5, 2519, 2442, 2127, 29, 111, 21;
16, 21, 5, 2171, 2384, 1326, 62, 85, 20;
16, 4, 7, 2622, 5373, 983, 64, 15, 29;
13, 27, 7, 3980, 2216, 2935, 51, 105, 28;
4, 24, 7, 2685, 4084, 1631, 16, 95, 29;
12, 28, 3, 1893, 2385, 1824, 47, 109, 12;
6, 25, 3, 2753, 1978, 2861, 25, 97, 12;
11, 17, 10, 3023, 2088, 1618, 44, 68, 41;
0, 19, 5, 2361, 4305, 2950, 3, 77, 22;
15, 30, 7, 1959, 4358, 2541, 61, 120, 27;
1, 9, 11, 3532, 4037, 1561, 6, 38, 43;
15, 14, 12, 2341, 3313, 2285, 60, 55, 47;
7, 8, 11, 3311, 4391, 1459, 27, 33, 44;
19, 22, 9, 4334, 5399, 2134, 76, 87, 37;
9, 16, 1, 2155, 4548, 1437, 36, 64, 7;
3, 26, 9, 3111, 3530, 1260, 13, 101, 37;
20, 3, 0, 2617, 4926, 2498, 79, 13, 1;
10, 10, 8, 2732, 4180, 2414, 40, 41, 31;
2, 0, 3, 2727, 4702, 2483, 10, 2, 14;
3, 2, 10, 2055, 4629, 1552, 11, 11, 42;
12, 5, 6, 2172, 3918, 1561, 47, 22, 24;
15, 0, 1, 3804, 3448, 2299, 59, 2, 4;
4, 13, 5, 1530, 4597, 2703, 17, 51, 23;
14, 4, 10, 2408, 4296, 1932, 58, 15, 42;
11, 31, 10, 2770, 2017, 2380, 43, 121, 41;
9, 8, 8, 3034, 5345, 1423, 36, 34, 32;
7, 16, 4, 3292, 4448, 995, 30, 66, 18;
6, 3, 3, 3601, 4666, 2146, 24, 14, 14;
4, 5, 0, 1645, 3271, 1815, 17, 22, 3;
5, 15, 10, 2175, 2690, 1466, 22, 60, 41;
10, 23, 1, 2434, 3815, 1427, 40, 90, 7;
18, 9, 1, 3592, 5203, 2735, 73, 37, 7;
16, 2, 5, 1743, 5140, 1947, 66, 10, 23;
5, 18, 12, 3810, 5161, 1514, 23, 73, 48;
18, 13, 6, 2154, 4452, 2038, 73, 53, 24;
18, 17, 0, 3530, 4415, 2479, 70, 67, 1;
1, 23, 9, 2187, 5348, 1523, 6, 92, 36;
1, 20, 1, 1654, 4709, 1764, 3, 81, 4;
7, 24, 10, 3036, 2252, 1858, 29, 97, 42;
12, 22, 5, 3520, 2228, 2403, 50, 87, 21;
6, 27, 11, 1632, 2148, 1843, 24, 105, 43;
18, 2, 2, 2941, 2979, 1565, 70, 9, 11;
0, 2, 9, 2120, 4438, 2092, 1, 9, 35;
14, 16, 5, 1981, 3339, 1159, 58, 63, 22;
7, 4, 5, 2089, 4928, 984, 27, 17, 21;
4, 7, 10, 1868, 2914, 1601, 16, 30, 39;
13, 28, 8, 3679, 3452, 1188, 54, 112, 33;
1, 3, 1, 4303, 4729, 1976, 6, 13, 6;
9, 9, 9, 3021, 4138, 2309, 36, 36, 38;
1, 17, 9, 4272, 5272, 1160, 5, 66, 38;
16, 23, 12, 2685, 4375, 2112, 64, 92, 50;
14, 5, 7, 3235, 3964, 1159, 57, 22, 29;
7, 24, 2, 2970, 4630, 2042, 28, 97, 9;
19, 1, 8, 1807, 4639, 2630, 75, 3, 33;
1, 15, 8, 1602, 5123, 1774, 7, 60, 35;
7, 16, 0, 2817, 5002, 2287, 28, 65, 2;
10, 14, 6, 3789, 4526, 2834, 41, 54, 24;
0, 30, 9, 3649, 4447, 2619, 1, 119, 38;
0, 19, 1, 1702, 2075, 1082, 0, 77, 5;
13, 1, 5, 3682, 4196, 2797, 52, 7, 21;
2, 29, 8, 2621, 4963, 2709, 11, 113, 31;
3, 5, 2, 3007, 2273, 1999, 13, 20, 10;
19, 5, 0, 3991, 3973, 2056, 76, 23, 2;
9, 28, 1, 2144, 2090, 1896, 35, 110, 6;
18, 24, 12, 1643, 1996, 2001, 72, 97, 49;
7, 16, 12, 3870, 2621, 2933, 27, 64, 47;
5, 17, 0, 3812, 5005, 1204, 19, 68, 3;
647, 794, 429, 5253, 4598, 3122, 2524, 3096, 1674;
632, 786, 478, 5025, 4395, 2977, 2468, 3066, 1867;
718, 807, 413, 4825, 4220, 2858, 2803, 3149, 1612;
631, 797, 466, 4670, 4088, 2780, 2462, 3110, 1818;
513, 758, 354, 4490, 3932, 2674, 2001, 2959, 1381;
540, 739, 347, 4274, 3737, 2529, 2106, 2885, 1356;
469, 830, 353, 4128, 3612, 2452, 1831, 3237, 1380;
491, 817, 289, 3966, 3470, 2355, 1916, 3189, 1129;
477, 692, 334, 3818, 3342, 2270, 1860, 2701, 1306;
492, 780, 348, 3644, 3187, 2157, 1922, 3042, 1360;
403, 642, 303, 3532, 3092, 2103, 1574, 2505, 1185;
496, 647, 312, 3369, 2947, 1997, 1935, 2524, 1219;
428, 733, 319, 3258, 2852, 1939, 1670, 2860, 1244;
459, 560, 247, 3117, 2727, 1850, 1791, 2186, 966;
377, 533, 230, 2991, 2616, 1773, 1473, 2078, 898;
427, 629, 258, 2884, 2524, 1714, 1665, 2453, 1006;
340, 672, 263, 2771, 2425, 1647, 1326, 2624, 1028;
310, 589, 228, 2676, 2343, 1596, 1209, 2299, 892;
333, 562, 200, 2548, 2229, 1511, 1299, 2195, 780;
351, 617, 219, 2446, 2139, 1449, 1370, 2409, 857;
284, 582, 196, 2337, 2043, 1380, 1111, 2272, 765;
339, 467, 194, 2276, 1993, 1356, 1323, 1824, 759;
319, 487, 181, 2185, 1913, 1301, 1246, 1901, 707;
272, 540, 177, 2108, 1847, 1259, 1061, 2109, 692;
245, 458, 201, 2016, 1765, 1200, 957, 1789, 784;
277, 456, 183, 1908, 1667, 1124, 1083, 1781, 717;
255, 431, 130, 1843, 1611, 1089, 995, 1684, 509;
200, 452, 148, 1798, 1576, 1075, 781, 1765, 580;
199, 440, 128, 1691, 1477, 995, 779, 1719, 500;
178, 447, 136, 1627, 1422, 959, 697, 1745, 532;
224, 405, 151, 1601, 1403, 959, 876, 1581, 590;
171, 436, 121, 1521, 1331, 904, 667, 1703, 474;
177, 431, 136, 1437, 1254, 844, 692, 1681, 530;
195, 441, 95, 1380, 1205, 811, 764, 1723, 373;
192, 391, 103, 1351, 1183, 804, 750, 1527, 405;
168, 433, 91, 1270, 1109, 745, 656, 1691, 355;
164, 439, 99, 1257, 1102, 752, 641, 1713, 389;
139, 419, 116, 1196, 1047, 711, 544, 1636, 455;
130, 398, 104, 1129, 986, 663, 509, 1554, 406;
148, 405, 97, 1110, 972, 662, 578, 1581, 380;
134, 411, 74, 1053, 920, 622, 524, 1605, 291;
127, 348, 83, 1005, 878, 592, 498, 1359, 324;
131, 349, 85, 969, 846, 571, 511, 1362, 332;
128, 347, 73, 917, 799, 535, 501, 1354, 286;
103, 358, 79, 902, 789, 535, 403, 1398, 308;
107, 367, 69, 876, 768, 524, 419, 1434, 270;
104, 361, 63, 836, 732, 498, 406, 1409, 246;
115, 333, 57, 796, 696, 471, 451, 1300, 224;
112, 357, 75, 790, 694, 477, 440, 1394, 294;
103, 362, 60, 728, 635, 427, 404, 1415, 236;
84, 359, 49, 708, 620, 420, 329, 1402, 193;
98, 347, 53, 669, 583, 392, 383, 1356, 206;
90, 334, 51, 639, 557, 373, 353, 1305, 200;
90, 322, 64, 643, 564, 387, 351, 1257, 249;
86, 344, 52, 608, 532, 362, 336, 1345, 204;
69, 333, 46, 592, 519, 356, 270, 1301, 179;
80, 310, 47, 562, 492, 335, 312, 1211, 186;
68, 323, 45, 516, 449, 298, 266, 1262, 176;
61, 312, 42, 536, 472, 327, 239, 1218, 167;
65, 302, 39, 486, 424, 285, 256, 1180, 152;
56, 312, 46, 492, 432, 298, 219, 1220, 179;
67, 306, 40, 453, 396, 267, 261, 1196, 158;
46, 294, 31, 425, 370, 246, 180, 1150, 121;
55, 313, 42, 441, 389, 270, 217, 1222, 165;
60, 297, 32, 409, 358, 244, 237, 1159, 127;
59, 311, 37, 403, 354, 245, 233, 1214, 144;
53, 300, 38, 385, 338, 232, 206, 1172, 151;
51, 309, 26, 362, 317, 216, 202, 1205, 103;
41, 291, 27, 349, 305, 208, 160, 1138, 107;
36, 300, 24, 328, 287, 193, 143, 1173, 96;
39, 290, 25, 323, 283, 193, 154, 1134, 100;
39, 286, 29, 319, 280, 194, 153, 1118, 114;
40, 293, 20, 280, 244, 161, 159, 1143, 79;
44, 291, 27, 300, 265, 185, 172, 1135, 109;
39, 287, 27, 294, 260, 183, 152, 1121, 107;
36, 289, 25, 268, 236, 162, 143, 1128, 100;
32, 289, 22, 258, 227, 156, 125, 1129, 88;
24, 279, 15, 216, 186, 118, 94, 1089, 59;
36, 288, 22, 246, 217, 152, 143, 1123, 87;
29, 284, 15, 213, 185, 122, 113, 1108, 59;
1, 256, 0, 0, 0, 0, 5, 1000, 3;
1, 256, 0, 0, 0, 0, 5, 1000, 3;
1, 256, 1, 1, 1, 1, 6, 1000, 3;
1, 256, 0, 0, 0, 0, 5, 1000, 3;
1, 256, 0, -1, -1, -1, 4, 998, 2;
1, 256, 0, 0, 0, 0, 5, 1000, 3;
1, 256, 0, 0, 0, 0, 4, 999, 2;
1, 256, 0, -1, -1, -1, 4, 999, 2;
1, 256, 0, 0, 0, 0, 4, 999, 2;
1, 256, 0, -1, -1, -1, 4, 999, 2;
1, 256, 0, -1, -1, -1, 3, 998, 1;
1, 256, 0, -1, -1, -1, 4, 999, 2;
1, 256, 0, 0, 0, 0, 5, 1000, 3;
1, 256, 0, -1, -1, -1, 4, 998, 2;
1, 256, 0, 0, 0, 0, 5, 1000, 3;
1, 256, 0, 0, 0, 0, 5, 1000, 3;
1, 256, 0, 0, 0, 0, 5, 1000, 3;
1, 256, 0, -1, -1, -1, 3, 998, 1;
1, 256, 0, 1, 1, 1, 5, 1000, 3;
1, 256, 0, 0, 0, 0, 5, 1000, 3;
1, 256, 0, 0, 0, 0, 5, 999, 3;
1, 256, 0, 1, 1, 1, 5, 1000, 3;
1, 256, 0, -1, -1, -1, 4, 999, 2;
1, 256, 0, 0, 0, 0, 5, 1000, 3;
1, 256, 1, 1, 1, 1, 6, 1001, 4;
1, 256, 0, -1, -1, -1, 4, 998, 1;
1, 256, 0, 1, 1, 1, 5, 1000, 3;
1, 256, 0, -1, -1, -1, 4, 999, 2;
1, 256, 0, -1, -1, -1, 4, 999, 2;
1, 256, 0, 0, 0, 0, 5, 1000, 3;
1, 256, 0, -1, -1, -1, 4, 999, 2;
1, 256, 0, 0, 0, 0, 5, 1000, 3;
1, 256, 1, 1, 1, 1, 6, 1000, 4;
1, 256, 1, 1, 1, 1, 5, 1000, 3;
1, 256, 0, -1, -1, -1, 3, 998, 1;
1, 256, 0, 0, 0, 0, 4, 999, 2;
1, 256, 0, -1, -1, -1, 4, 999, 2;
1, 256, 0, 1, 1, 1, 5, 1000, 3;
1, 256, 0, -1, -1, -1, 4, 999, 2;
1, 256, 1, 1, 1, 1, 6, 1001, 4;
1, 256, 0, -1, -1, -1, 4, 999, 2;
1, 256, 0, 0, 0, 0, 5, 1000, 3;
1, 256, 0, 0, 0, 0, 5, 999, 3;
1, 256, 0, 0, 0, 0, 5, 1000, 3;
1, 256, 0, 0, 0, 0, 5, 1000, 3;
1, 256, 1, 1, 1, 1, 6, 1001, 4;
1, 256, 0, 0, 0, 0, 4, 999, 2;
1, 256, 0, 1, 1, 1, 5, 1000, 3;
1, 256, 0, 0, 0, 0, 5, 1000, 3;
1, 256, 1, 1, 1, 1, 6, 1001, 4;
1, 256, 0, 0, 0, 0, 5, 1000, 3;
1, 256, 0, 0, 0, 0, 5, 999, 2;
1, 256, 0, 0, 0, 0, 5, 1000, 3;
1, 256, 1, 1, 1, 1, 6, 1001, 4;
1, 256, 0, -1, -1, -1, 3, 998, 1;
0, 256, 0, -1, -1, -1, 3, 998, 1;
1, 256, 0, 0, 0, 0, 5, 1000, 3;
1, 256, 1, 1, 1, 1, 5, 1000, 3;
1, 256, 0, -1, -1, -1, 3, 998, 1;
1, 256, 1, 1, 1, 1, 5, 1000, 3;
1, 256, 0, 0, 0, 0, 5, 1000, 3;
1, 256, 0, 0, 0, 0, 5, 1000, 3;
1, 256, 0, -1, -1, -1, 4, 999, 2;
1, 256, 0, 0, 0, 0, 5, 1000, 3;
1, 256, 1, 1, 1, 1, 6, 1001, 4;
1, 256, 1, 1, 1, 1, 6, 1001, 4;
1, 256, 0, 0, 0, 0, 5, 1000, 3;
1, 256, 0, 0, 0, 0, 5, 1000, 3;
1, 256, 0, -1, -1, -1, 4, 998, 2;
1, 256, 0, -1, -1, -1, 4, 999, 2;
1, 256, 1, 1, 1, 1, 6, 1001, 4;
1, 256, 0, 0, 0, 0, 4, 999, 2;
1, 256, 1, 1, 1, 1, 6, 1001, 4;
1, 256, 0, 0, 0, 0, 5, 1000, 3;
1, 256, 0, 0, 0, 0, 4, 999, 2;
1, 256, 0, 0, 0, 0, 4, 999, 2;
1, 256, 0, 0, 0, 0, 5, 1000, 3;
1, 256, 0, 1, 1, 1, 5, 1000, 3;
1, 256, 0, 0, 0, 0, 5, 999, 3;
1, 256, 1, 1, 1, 1, 6, 1001, 4;
1, 256, 0, 0, 0, 0, 4, 999, 2;
1, 256, 1, 1, 1, 1, 5, 1000, 3;
1, 256, 0, 0, 0, 0, 5, 1000, 3;
1, 256, 0, 0, 0, 0, 5, 1000, 3;
1, 256, 1, 1, 1, 1, 6, 1001, 4;
1, 256, 0, -1, -1, -1, 4, 998, 1;
1, 256, 0, 0, 0, 0, 5, 1000, 3;
1, 256, 0, -1, -1, -1, 4, 999, 2;
1, 256, 0, 0, 0, 0, 5, 999, 3;
1, 256, 0, 0, 0, 0, 4, 999, 2;
1, 256, 0, 0, 0, 0, 4, 999, 2;
1, 256, 0, -1, -1, -1, 4, 998, 2;
1, 256, 0, -1, -1, -1, 4, 999, 2;
1, 256, 0, -1, -1, -1, 4, 998, 2;
1, 256, 1, 1, 1, 1, 5, 1000, 3;
1, 256, 0, 0, 0, 0, 4, 999, 2;
1, 256, 0, 0, 0, 0, 5, 1000, 3;
1, 256, 0, 0, 0, 0, 4, 999, 2;
1, 256, 0, 0, 0, 0, 4, 999, 2;
1, 256, 0, 0, 0, 0, 4, 999, 2;
1, 256, 0, -1, -1, -1, 4, 999, 2;
1, 256, 0, -1, -1, -1, 4, 999, 2;
1, 256, 1, 1, 1, 1, 6, 1000, 4;
1, 256, 0, 0, 0, 0, 5, 1000, 3;
1, 256, 0, 0, 0, 0, 4, 999, 2;
1, 256, 0, 0, 0, 0, 4, 999, 2;
1, 256, 0, 1, 1, 1, 5, 1000, 3;
1, 256, 0, -1, -1, -1, 4, 999, 2;
1, 256, 0, 0, 0, 0, 5, 999, 2;
1, 256, 0, 1, 1, 1, 5, 1000, 3;
1, 256, 1, 1, 1, 1, 6, 1000, 4;
1, 256, 1, 1, 1, 1, 6, 1000, 4;
1, 256, 0, -1, -1, -1, 4, 999, 2;
1, 256, 0, 0, 0, 0, 4, 999, 2;
1, 256, 0, 0, 0, 0, 4, 999, 2;
1, 256, 0, 0, 0, 0, 5, 1000, 3;
1, 256, 0, 0, 0, 0, 4, 999, 2;
1, 256, 0, 0, 0, 0, 5, 1000, 3;
1, 256, 0, -1, -1, -1, 4, 998, 1;
1, 256, 0, -1, -1, -1, 4, 999, 2;
1, 256, 0, 0, 0, 0, 4, 999, 2;
1, 256, 0, 0, 0, 0, 5, 1000, 3;
1, 256, 0, -1, -1, -1, 4, 999, 2;
1, 256, 0, 0, 0, 0, 5, 1000, 3;
1, 256, 1, 1, 1, 1, 6, 1000, 3;
1, 256, 0, 0, 0, 0, 5, 999, 3;
1, 256, 0, 0, 0, 0, 5, 999, 2;
1, 256, 0, 0, 0, 0, 5, 1000, 3;
1, 256, 0, 0, 0, 0, 4, 999, 2;
1, 256, 0, -1, -1, -1, 4, 999, 2;
1, 256, 0, -1, -1, -1, 4, 998, 1;
1, 256, 0, 0, 0, 0, 5, 1000, 3;
1, 256, 0, -1, -1, -1, 3, 998, 1;
1, 256, 1, 1, 1, 1, 6, 1001, 4;
1, 256, 0, 1, 1, 1, 5, 1000, 3;
1, 256, 0, -1, -1, -1, 4, 999, 2;
1, 256, 0, 0, 0, 0, 5, 1000, 3;
1, 256, 0, -1, -1, -1, 4, 999, 2;
1, 256, 0, 0, 0, 0, 4, 999, 2;
1, 256, 1, 1, 1, 1, 5, 1000, 3;
1, 256, 0, 1, 1, 1, 5, 1000, 3;
1, 256, 0, 0, 0, 0, 5, 999, 3;
1, 256, 0, 0, 0, 0, 5, 1000, 3;
1, 256, 0, 1, 1, 1, 5, 1000, 3;
0, 256, 0, -1, -1, -1, 3, 998, 1;
1, 256, 0, 1, 1, 1, 5, 1000, 3;
1, 256, 0, 0, 0, 0, 4, 999, 2;
1, 256, 1, 1, 1, 1, 6, 1001, 4;
1, 256, 0, 0, 0, 0, 5, 1000, 3;
1, 256, 0, -1, -1, -1, 4, 999, 2;
1, 256, 0, 0, 0, 0, 4, 999, 2;
1, 256, 0, 0, 0, 0, 5, 1000, 3;
1, 256, 0, 0, 0, 0, 5, 1000, 3;
1, 256, 0, 0, 0, 0, 5, 999, 3;
1, 256, 0, 0, 0, 0, 4, 999, 2;
1, 256, 0, 1, 1, 1, 5, 1000, 3;
1, 256, 0, 0, 0, 0, 5, 1000, 3;
1, 256, 0, -1, -1, -1, 4, 999, 2;
1, 256, 0, 0, 0, 0, 4, 999, 2;
1, 256, 0, 0, 0, 0, 5, 999, 2;
1, 256, 1, 1, 1, 1, 6, 1001, 4;
1, 256, 1, 1, 1, 1, 6, 1001, 4;
1, 256, 0, 0, 0, 0, 5, 1000, 3;
1, 256, 0, 0, 0, 0, 5, 1000, 3;
1, 256, 1, 1, 1, 1, 5, 1000, 3;
1, 256, 0, 0, 0, 0, 5, 999, 3;
1, 256, 0, 0, 0, 0, 4, 999, 2;
1, 256, 0, -1, -1, -1, 4, 999, 2;
1, 256, 0, -1, -1, -1, 3, 998, 1;
1, 256, 0, -1, -1, -1, 3, 998, 1;
1, 256, 0, -1, -1, -1, 3, 998, 1;
1, 256, 0, -1, -1, -1, 4, 999, 2;
1, 256, 0, 0, 0, 0, 4, 999, 2;
1, 256, 1, 1, 1, 1, 6, 1001, 4;
1, 256, 0, -1, -1, -1, 4, 999, 2;
1, 256, 0, 0, 0, 0, 4, 999, 2;
1, 256, 0, 0, 0, 0, 4, 999, 2;
1, 256, 1, 1, 1, 1, 6, 1001, 4;
1, 256, 0, 0, 0, 0, 5, 1000, 3;
1, 256, 0, 0, 0, 0, 4, 999, 2;
1, 256, 0, -1, -1, -1, 4, 999, 2;
1, 256, 0, 0, 0, 0, 5, 1000, 3;
1, 256, 0, -1, -1, -1, 4, 999, 2;
1, 256, 0, 0, 0, 0, 5, 1000, 3;
1, 256, 0, 0, 0, 0, 5, 1000, 3;
1, 256, 0, 0, 0, 0, 5, 1000, 3;
1, 256, 0, -1, -1, -1, 4, 999, 2;
1, 256, 0, -1, -1, -1, 4, 999, 2;
1, 256, 0, 0, 0, 0, 4, 999, 2;
1, 256, 0, 1, 1, 1, 5, 1000, 3;
1, 256, 0, 0, 0, 0, 5, 1000, 3;
1, 256, 0, 0, 0, 0, 4, 999, 2;
1, 256, 0, 0, 0, 0, 4, 999, 2;
1, 256, 0, 0, 0, 0, 4, 999, 2;
1, 256, 0, 0, 0, 0, 4, 999, 2;
1, 256, 0, 0, 0, 0, 5, 999, 2;
1, 256, 0, 0, 0, 0, 4, 999, 2;
1, 256, 0, 0, 0, 0, 4, 999, 2;
1, 256, 0, 0, 0, 0, 4, 999, 2;
1, 256, 0, 0, 0, 0, 5, 1000, 3;
1, 256, 0, 0, 0, 0, 4, 999, 2;
1, 256, 1, 1, 1, 1, 6, 1001, 4;
1, 256, 0, -1, -1, -1, 4, 999, 2;
1, 256, 0, 0, 0, 0, 5, 1000, 3;
1, 256, 0, 0, 0, 0, 4, 999, 2;
1, 256, 0, 0, 0, 0, 4, 999, 2;
1, 256, 1, 1, 1, 1, 6, 1001, 4;
1, 256, 1, 1, 1, 1, 6, 1001, 4;
1, 256, 1, 1, 1, 1, 6, 1001, 4;
1, 256, 0, 0, 0, 0, 4, 999, 2;
1, 256, 0, 0, 0, 0, 5, 1000, 3;
1, 256, 0, 1, 1, 1, 5, 1000, 3;
1, 256, 0, 1, 1, 1, 5, 1000, 3;
1, 256, 0, 0, 0, 0, 5, 1000, 3;
1, 256, 0, 0, 0, 0, 5, 1000, 3;
1, 256, 0, 1, 1, 1, 5, 1000, 3;
1, 256, 0, -1, -1, -1, 4, 999, 2;
1, 256, 0, 0, 0, 0, 5, 999, 2;
1, 256, 0, 1, 1, 1, 5, 1000, 3;
1, 256, 0, 1, 1, 1, 5, 1000, 3;
1, 256, 1, 1, 1, 1, 6, 1000, 3;
1, 256, 0, 0, 0, 0, 5, 1000, 3;
1, 256, 0, -1, -1, -1, 4, 999, 2;
1, 256, 0, 0, 0, 0, 4, 999, 2;
1, 256, 0, -1, -1, -1, 4, 999, 2;
1, 256, 0, 0, 0, 0, 4, 999, 2;
1, 256, 0, 1, 1, 1, 5, 1000, 3;
1, 256, 0, 0, 0, 0, 4, 999, 2;
1, 256, 0, 0, 0, 0, 4, 999, 2;
1, 256, 0, 0, 0, 0, 5, 1000, 3;
1, 256, 0, 0, 0, 0, 5, 1000, 3;
1, 256, 0, 0, 0, 0, 5, 999, 2;
1, 256, 0, 0, 0, 0, 5, 999, 3;
1, 256, 0, -1, -1, -1, 4, 999, 2;
1, 256, 1, 1, 1, 1, 6, 1000, 4;
1, 256, 0, 1, 1, 1, 5, 1000, 3;
1, 256, 0, -1, -1, -1, 4, 999, 2;
1, 256, 0, 0, 0, 0, 5, 1000, 3;
1, 256, 0, -1, -1, -1, 3, 998, 1;
1, 256, 0, -1, -1, -1, 4, 999, 2;
1, 256, 0, 0, 0, 0, 4, 999, 2;
1, 256, 0, 0, 0, 0, 4, 999, 2;
1, 256, 0, 0, 0, 0, 5, 1000, 3;
1, 256, 0, 0, 0, 0, 5, 1000, 3;
1, 256, 0, 0, 0, 0, 5, 999, 2;
1, 256, 1, 1, 1, 1, 6, 1001, 4;
1, 256, 0, 0, 0, 0, 4, 999, 2;
1, 256, 0, 0, 0, 0, 5, 1000, 3;
1, 256, 0, 0, 0, 0, 4, 999, 2;
1, 256, 0, 0, 0, 0, 5, 999, 2;
1, 256, 0, 0, 0, 0, 5, 1000, 3;
1, 256, 0, 0, 0, 0, 5, 1000, 3;
1, 256, 1, 1, 1, 1, 6, 1000, 3;
1, 256, 0, 0, 0, 0, 5, 1000, 3;
1, 256, 0, 0, 0, 0, 5, 1000, 3;
1, 256, 0, -1, -1, -1, 4, 999, 2;
1, 256, 0, 1, 1, 1, 5, 1000, 3;
1, 256, 0, 0, 0, 0, 5, 1000, 3;
1, 256, 0, 1, 1, 1, 5, 1000, 3;
1, 256, 0, -1, -1, -1, 4, 998, 2;
1, 256, 0, -1, -1, -1, 3, 998, 1;
1, 256, 0, -1, -1, -1, 4, 999, 2;
1, 256, 0, -1, -1, -1, 3, 998, 1;
1, 256, 0, 0, 0, 0, 4, 999, 2;
1, 256, 0, 0, 0, 0, 5, 1000, 3;
1, 256, 0, 0, 0, 0, 4, 999, 2;
1, 256, 0, 0, 0, 0, 4, 999, 2;
1, 256, 0, -1, -1, -1, 4, 999, 2;
1, 256, 0, -1, -1, -1, 4, 999, 2;
1, 256, 0, 0, 0, 0, 4, 999, 2;
1, 256, 1, 1, 1, 1, 6, 1000, 3;
1, 256, 0, 0, 0, 0, 4, 999, 2;
1, 256, 1, 1, 1, 1, 5, 1000, 3;
1, 256, 0, 0, 0, 0, 5, 1000, 3;
1, 256, 0, -1, -1, -1, 3, 998, 1;
1, 256, 0, 0, 0, 0, 4, 999, 2;
1, 256, 1, 1, 1, 1, 5, 1000, 3;
1, 256, 0, 1, 1, 1, 5, 1000, 3;
1, 256, 0, 0, 0, 0, 4, 999, 2;
1, 256, 0, 0, 0, 0, 4, 999, 2;
1, 256, 0, 0, 0, 0, 5, 1000, 3;
1, 256, 0, -1, -1, -1, 4, 999, 2;
1, 256, 1, 1, 1, 1, 6, 1000, 4;
1, 256, 0, 0, 0, 0, 4, 999, 2;
1, 256, 0, 0, 0, 0, 5, 1000, 3;
1, 256, 0, -1, -1, -1, 4, 999, 2;
1, 256, 0, 0, 0, 0, 4, 999, 2;
0, 256, 0, -1, -1, -1, 3, 998, 1;
1, 256, 0, 0, 0, 0, 4, 999, 2;
1, 256, 0, -1, -1, -1, 3, 998, 1;
1, 256, 0, 0, 0, 0, 4, 999, 2;
1, 256, 0, -1, -1, -1, 4, 999, 2;
1, 256, 0, 1, 1, 1, 5, 1000, 3;
1, 256, 0, 0, 0, 0, 5, 1000, 3;
1, 256, 1, 1, 1, 1, 6, 1001, 4;
1, 256, 0, 0, 0, 0, 4, 999, 2;
1, 256, 0, 1, 1, 1, 5, 1000, 3;
1, 256, 0, -1, -1, -1, 4, 999, 2;
1, 256, 1, 1, 1, 1, 6, 1001, 4;
1, 256, 0, 0, 0, 0, 5, 1000, 3;
1, 256, 0, 0, 0, 0, 5, 1000, 3;
0, 256, 0, -1, -1, -1, 3, 998, 1;
1, 256, 0, 0, 0, 0, 5, 1000, 3;
1, 256, 0, 0, 0, 0, 5, 999, 3;
1, 256, 0, -1, -1, -1, 4, 999, 2;
1, 256, 1, 1, 1, 1, 6, 1001, 4;
1, 256, 0, 0, 0, 0, 5, 1000, 3;
1, 256, 0, -1, -1, -1, 4, 999, 2;
1, 256, 0, -1, -1, -1, 3, 998, 1;
1, 256, 0, 0, 0, 0, 5, 1000, 3;
1, 256, 0, -1, -1, -1, 4, 999, 2;
1, 256, 0, 0, 0, 0, 4, 999, 2;
1, 256, 1, 1, 1, 1, 6, 1001, 4;
1, 256, 1, 1, 1, 1, 6, 1001, 4;
1, 256, 0, -1, -1, -1, 4, 999, 2;
1, 256, 0, -1, -1, -1, 4, 998, 1;
1, 256, 1, 1, 1, 1, 6, 1001, 4;
1, 256, 0, 0, 0, 0, 4, 999, 2;
1, 256, 0, 0, 0, 0, 5, 1000, 3;
1, 256, 0, 1, 1, 1, 5, 1000, 3;
1, 256, 0, 0, 0, 0, 4, 999, 2;
1, 256, 0, 0, 0, 0, 5, 1000, 3;
1, 256, 0, 0, 0, 0, 4, 999, 2;
1, 256, 0, -1, -1, -1, 4, 999, 2;
1, 256, 1, 1, 1, 1, 6, 1000, 4;
1, 256, 0, 1, 1, 1, 5, 1000, 3;
1, 256, 0, -1, -1, -1, 4, 999, 2;
1, 256, 0, -1, -1, -1, 4, 999, 2;
1, 256, 1, 1, 1, 1, 6, 1001, 4;
1, 256, 0, 0, 0, 0, 4, 999, 2;
1, 256, 0, 0, 0, 0, 4, 999, 2;
1, 256, 0, 0, 0, 0, 5, 1000, 3;
1, 256, 0, 0, 0, 0, 4, 999, 2;
1, 256, 0, 0, 0, 0, 5, 1000, 3;
1, 256, 1, 1, 1, 1, 6, 1001, 4;
1, 256, 0, -1, -1, -1, 3, 998, 1;
1, 256, 0, -1, -1, -1, 3, 998, 1;
1, 256, 0, -1, -1, -1, 4, 999, 2;
1, 256, 1, 1, 1, 1, 6, 1001, 4;
1, 256, 0, 0, 0, 0, 4, 999, 2;
1, 256, 0, 0, 0, 0, 5, 1000, 3;
1, 256, 0, 1, 1, 1, 5, 1000, 3;
1, 256, 0, 0, 0, 0, 4, 999, 2;
1, 256, 0, 0, 0, 0, 5, 1000, 3;
1, 256, 0, 0, 0, 0, 5, 1000, 3;
1, 256, 0, 0, 0, 0, 5, 1000, 3;
1, 256, 1, 1, 1, 1, 6, 1001, 4;
1, 256, 0, 0, 0, 0, 5, 999, 3;
1, 256, 0, 0, 0, 0, 5, 1000, 3;
1, 256, 0, 1, 1, 1, 5, 1000, 3;
0, 256, 0, -1, -1, -1, 3, 998, 1;
1, 256, 1, 1, 1, 1, 6, 1000, 4;
1, 256, 0, 0, 0, 0, 5, 1000, 3;
1, 256, 0, 1, 1, 1, 5, 1000, 3;
1, 256, 1, 1, 1, 1, 6, 1001, 4;
1, 256, 0, 0, 0, 0, 5, 1000, 3;
1, 256, 0, 0, 0, 0, 5, 1000, 3;
1, 256, 0, -1, -1, -1, 4, 999, 2;
1, 256, 0, -1, -1, -1, 4, 999, 2;
1, 256, 0, 0, 0, 0, 4, 999, 2;
1, 256, 0, -1, -1, -1, 4, 999, 2;
1, 256, 0, -1, -1, -1, 3, 998, 1;
1, 256, 1, 1, 1, 1, 6, 1001, 4;
1, 256, 0, 1, 1, 1, 5, 1000, 3;
1, 256, 0, 0, 0, 0, 4, 999, 2;
1, 256, 0, 0, 0, 0, 5, 1000, 3;
1, 256, 0, 0, 0, 0, 5, 1000, 3;
1, 256, 0, 0, 0, 0, 5, 1000, 3;
1, 256, 0, 0, 0, 0, 4, 999, 2;
1, 256, 0, 0, 0, 0, 5, 999, 3;
1, 256, 0, 0, 0, 0, 4, 999, 2;
1, 256, 0, 0, 0, 0, 4, 999, 2;
1, 256, 0, 0, 0, 0, 4, 999, 2;
1, 256, 0, 0, 0, 0, 5, 1000, 3;
1, 256, 0, -1, -1, -1, 3, 998, 1;
1, 256, 0, 0, 0, 0, 4, 999, 2;
1, 256, 1, 1, 1, 1, 6, 1001, 4;
1, 256, 0, 0, 0, 0, 5, 1000, 3;
1, 256, 0, 0, 0, 0, 4, 999, 2;
1, 256, 0, -1, -1, -1, 4, 999, 2;
1, 256, 0, -1, -1, -1, 4, 999, 2;
1, 256, 0, 0, 0, 0, 4, 999, 2;
1, 256, 0, -1, -1, -1, 4, 999, 2;
1, 256, 0, 1, 1, 1, 5, 1000, 3;
1, 256, 0, 1, 1, 1, 5, 1000, 3;
1, 256, 0, 0, 0, 0, 4, 999, 2;
1, 256, 0, 0, 0, 0, 5, 999, 2;
1, 256, 0, 0, 0, 0, 4, 999, 2;
1, 256, 0, 0, 0, 0, 4, 999, 2;
1, 256, 0, 1, 1, 1, 5, 1000, 3;
1, 256, 0, 0, 0, 0, 4, 999, 2;
1, 256, 0, 0, 0, 0, 5, 999, 2;
1, 256, 0, 0, 0, 0, 4, 999, 2;
1, 256, 1, 1, 1, 1, 6, 1001, 4;
1, 256, 0, 0, 0, 0, 4, 999, 2;
1, 256, 1, 1, 1, 1, 6, 1000, 3;
1, 256, 0, 1, 1, 1, 5, 1000, 3;
1, 256, 0, 0, 0, 0, 4, 999, 2;
1, 256, 0, 0, 0, 0, 4, 999, 2;
1, 256, 1, 1, 1, 1, 6, 1001, 4;
1, 256, 1, 1, 1, 1, 6, 1000, 3;
1, 256, 0, 1, 1, 1, 5, 1000, 3;
1, 256, 0, 0, 0, 0, 5, 1000, 3;
1, 256, 0, 0, 0, 0, 5, 1000, 3;
1, 256, 0, 0, 0, 0, 4, 999, 2;
1, 256, 1, 1, 1, 1, 6, 1000, 4;
1, 256, 0, -1, -1, -1, 4, 999, 2;
1, 256, 0, -1, -1, -1, 4, 999, 2;
1, 256, 0, 0, 0, 0, 5, 1000, 3;
1, 256, 0, 0, 0, 0, 5, 1000, 3;
1, 256, 0, -1, -1, -1, 4, 999, 2;
1, 256, 0, -1, -1, -1, 4, 999, 2;
1, 256, 0, 0, 0, 0, 5, 1000, 3;
1, 256, 0, 0, 0, 0, 4, 999, 2;
1, 256, 1, 1, 1, 1, 6, 1001, 4;
1, 256, 0, 0, 0, 0, 4, 999, 2;
1, 256, 0, 0, 0, 0, 5, 1000, 3;
1, 256, 0, 0, 0, 0, 5, 1000, 3;
1, 256, 0, 0, 0, 0, 5, 1000, 3;
1, 256, 0, 0, 0, 0, 4, 999, 2;
1, 256, 0, 1, 1, 1, 5, 1000, 3;
1, 256, 1, 1, 1, 1, 5, 1000, 3;
1, 256, 0, 0, 0, 0, 4, 999, 2;
1, 256, 0, 0, 0, 0, 4, 999, 2;
1, 256, 0, 0, 0, 0, 4, 999, 2;
1, 256, 0, 0, 0, 0, 5, 1000, 3;
1, 256, 0, 0, 0, 0, 5, 1000, 3;
1, 256, 0, 0, 0, 0, 4, 999, 2;
1, 256, 0, 0, 0, 0, 4, 999, 2;
1, 256, 0, 0, 0, 0, 4, 999, 2;
1, 256, 0, -1, -1, -1, 4, 999, 2;
1, 256, 0, 0, 0, 0, 5, 1000, 3;
1, 256, 0, 0, 0, 0, 5, 1000, 3;
1, 256, 1, 1, 1, 1, 6, 1001, 4;
1, 256, 1, 1, 1, 1, 6, 1001, 4;
1, 256, 0, 0, 0, 0, 5, 1000, 3;
1, 256, 0, 0, 0, 0, 5, 1000, 3;
1, 256, 0, 0, 0, 0, 4, 999, 2;
1, 256, 0, 0, 0, 0, 5, 1000, 3;
1, 256, 0, 0, 0, 0, 5, 1000, 3;
1, 256, 0, 0, 0, 0, 5, 999, 2;
1, 256, 0, 0, 0, 0, 5, 1000, 3;
1, 256, 0, -1, -1, -1, 4, 998, 2;
1, 256, 0, -1, -1, -1, 4, 999, 2;
1, 256, 0, -1, -1, -1, 4, 998, 2;
1, 256, 0, 0, 0, 0, 5, 1000, 3;
1, 256, 0, -1, -1, -1, 4, 998, 2;
0, 256, 0, -1, -1, -1, 3, 998, 1;
1, 256, 0, 0, 0, 0, 4, 999, 2;
1, 256, 0, 0, 0, 0, 5, 1000, 3;
1, 256, 0, -1, -1, -1, 4, 998, 1;
1, 256, 1, 1, 1, 1, 5, 1000, 3;
1, 256, 0, 0, 0, 0, 5, 999, 2;
1, 256, 0, 0, 0, 0, 5, 1000, 3;
1, 256, 0, 0, 0, 0, 5, 999, 3;
1, 256, 0, -1, -1, -1, 4, 999, 2;
1, 256, 0, -1, -1, -1, 4, 998, 1;
1, 256, 0, 0, 0, 0, 4, 999, 2;
1, 256, 0, 0, 0, 0, 4, 999, 2;
1, 256, 0, 0, 0, 0, 4, 999, 2;
1, 256, 0, 0, 0, 0, 5, 1000, 3;
1, 256, 0, 0, 0, 0, 4, 999, 2;
1, 256, 0, 0, 0, 0, 4, 999, 2;
1, 256, 0, -1, -1, -1, 3, 998, 1;
1, 256, 0, 0, 0, 0, 5, 1000, 3;
1, 256, 0, 0, 0, 0, 5, 999, 2;
1, 256, 0, 0, 0, 0, 5, 1000, 3;
1, 256, 1, 1, 1, 1, 5, 1000, 3;
1, 256, 1, 1, 1, 1, 6, 1001, 4;
1, 256, 0, -1, -1, -1, 4, 999, 2;
1, 256, 0, 0, 0, 0, 5, 1000, 3;
1, 256, 0, 0, 0, 0, 4, 999, 2;
1, 256, 0, 0, 0, 0, 5, 1000, 3;
1, 256, 0, 0, 0, 0, 4, 999, 2;
1, 256, 0, 0, 0, 0, 5, 1000, 3;
1, 256, 1, 1, 1, 1, 6, 1001, 4;
1, 256, 0, 0, 0, 0, 5, 999, 3;
1, 256, 0, 0, 0, 0, 5, 999, 3;
1, 256, 0, 0, 0, 0, 4, 999, 2;
1, 256, 0, 1, 1, 1, 5, 1000, 3;
1, 256, 1, 1, 1, 1, 6, 1000, 3;
1, 256, 1, 1, 1, 1, 6, 1000, 4;
0, 256, 0, -1, -1, -1, 3, 998, 1;
1, 256, 0, 0, 0, 0, 5, 1000, 3;
1, 256, 1, 1, 1, 1, 6, 1001, 4;
1, 256, 0, -1, -1, -1, 4, 999, 2;
1, 256, 0, 0, 0, 0, 4, 999, 2;
1, 256, 0, -1, -1, -1, 4, 999, 2;
1, 256, 0, 0, 0, 0, 5, 1000, 3;
1, 256, 0, 0, 0, 0, 4, 999, 2;
1, 256, 0, 0, 0, 0, 4, 999, 2;
1, 256, 1, 1, 1, 1, 6, 1000, 4;
1, 256, 0, 0, 0, 0, 5, 1000, 3;
1, 256, 0, 0, 0, 0, 4, 999, 2;
1, 256, 1, 1, 1, 1, 6, 1001, 4;
1, 256, 0, 0, 0, 0, 5, 1000, 3;
1, 256, 0, 0, 0, 0, 5, 1000, 3;
1, 256, 0, -1, -1, -1, 4, 998, 1;
1, 256, 0, 0, 0, 0, 5, 1000, 3;
1, 256, 0, 0, 0, 0, 4, 999, 2;
1, 256, 0, -1, -1, -1, 4, 999, 2;
1, 256, 0, 0, 0, 0, 4, 999, 2;
1, 256, 0, 0, 0, 0, 5, 1000, 3;
1, 256, 0, -1, -1, -1, 4, 999, 2;
1, 256, 0, 0, 0, 0, 5, 1000, 3;
1, 256, 0, -1, -1, -1, 4, 998, 2;
1, 256, 0, 0, 0, 0, 4, 999, 2;
1, 256, 0, 0, 0, 0, 5, 1000, 3;
1, 256, 0, -1, -1, -1, 4, 999, 2;
1, 256, 0, 0, 0, 0, 4, 999, 2;
1, 256, 0, 0, 0, 0, 4, 999, 2;
1, 256, 0, -1, -1, -1, 3, 998, 1;
1, 256, 0, 0, 0, 0, 4, 999, 2;
1, 256, 0, -1, -1, -1, 4, 999, 2;
1, 256, 1, 1, 1, 1, 6, 1000, 4;
1, 256, 0, 0, 0, 0, 4, 999, 2;
1, 256, 1, 1, 1, 1, 6, 1001, 4;
1, 256, 0, 0, 0, 0, 5, 1000, 3;
1, 256, 0, -1, -1, -1, 4, 999, 2;
1, 256, 0, 0, 0, 0, 5, 1000, 3;
1, 256, 0, 0, 0, 0, 5, 1000, 3;
1, 256, 0, 0, 0, 0, 4, 999, 2;
1, 256, 0, -1, -1, -1, 4, 998, 1;
1, 256, 1, 1, 1, 1, 6, 1000, 4;
1, 256, 0, 0, 0, 0, 4, 999, 2;
1, 256, 0, -1, -1, -1, 4, 999, 2;
1, 256, 0, -1, -1, -1, 4, 999, 2;
1, 256, 0, -1, -1, -1, 3, 998, 1;
1, 256, 0, 0, 0, 0, 5, 1000, 3;
1, 256, 0, 0, 0, 0, 4, 999, 2;
1, 256, 0, 0, 0, 0, 4, 999, 2;
1, 256, 0, 0, 0, 0, 4, 999, 2;
1, 256, 0, 0, 0, 0, 4, 999, 2;
1, 256, 0, -1, -1, -1, 4, 999, 2;
1, 256, 0, 0, 0, 0, 5, 999, 3;
1, 256, 0, 0, 0, 0, 4, 999, 2;
1, 256, 0, 0, 0, 0, 5, 1000, 3;
1, 256, 0, -1, -1, -1, 4, 999, 2;
1, 256, 0, 0, 0, 0, 5, 1000, 3;
1, 256, 0, 0, 0, 0, 4, 999, 2;
1, 256, 0, 0, 0, 0, 5, 999, 2;
1, 256, 0, 0, 0, 0, 5, 1000, 3;
1, 256, 1, 1, 1, 1, 6, 1001, 4;
1, 256, 0, 0, 0, 0, 5, 1000, 3;
1, 256, 0, 1, 1, 1, 5, 1000, 3;
1, 256, 0, -1, -1, -1, 4, 998, 1;
1, 256, 1, 1, 1, 1, 5, 1000, 3;
1, 256, 0, -1, -1, -1, 3, 998, 1;
1, 256, 0, 0, 0, 0, 5, 1000, 3;
1, 256, 0, -1, -1, -1, 4, 999, 2;
1, 256, 1, 1, 1, 1, 6, 1001, 4;
1, 256, 0, 0, 0, 0, 5, 1000, 3;
1, 256, 0, 0, 0, 0, 5, 1000, 3;
1, 256, 0, -1, -1, -1, 4, 998, 1;
1, 256, 0, -1, -1, -1, 4, 999, 2;
1, 256, 0, 0, 0, 0, 4, 999, 2;
1, 256, 0, -1, -1, -1, 3, 998, 1;
1, 256, 0, -1, -1, -1, 4, 998, 2;
1, 256, 0, -1, -1, -1, 3, 998, 1;
1, 256, 1, 1, 1, 1, 6, 1001, 4;
1, 256, 0, 0, 0, 0, 4, 999, 2;
1, 256, 0, -1, -1, -1, 4, 998, 1;
1, 256, 1, 1, 1, 1, 6, 1001, 4;
1, 256, 0, 1, 1, 1, 5, 1000, 3;
1, 256, 0, -1, -1, -1, 4, 999, 2;
1, 256, 0, -1, -1, -1, 4, 999, 2;
1, 256, 0, 0, 0, 0, 4, 999, 2;
1, 256, 0, 0, 0, 0, 4, 999, 2;
1, 256, 0, 0, 0, 0, 4, 999, 2;
1, 256, 0, 0, 0, 0, 5, 1000, 3;
1, 256, 0, -1, -1, -1, 4, 999, 2;
1, 256, 0, 0, 0, 0, 5, 1000, 3;
1, 256, 0, 0, 0, 0, 5, 1000, 3;
1, 256, 0, 0, 0, 0, 4, 999, 2;
1, 256, 0, 0, 0, 0, 4, 999, 2;
1, 256, 0, -1, -1, -1, 4, 998, 1;
1, 256, 0, 0, 0, 0, 5, 1000, 3;
1, 256, 1, 1, 1, 1, 6, 1000, 4;
1, 256, 1, 1, 1, 1, 6, 1001, 4;
1, 256, 0, -1, -1, -1, 4, 999, 2;
1, 256, 1, 1, 1, 1, 6, 1000, 3;
1, 256, 0, 1, 1, 1, 5, 1000, 3;
1, 256, 0, 0, 0, 0, 5, 1000, 3;
1, 256, 1, 1, 1, 1, 6, 1001, 4;
1, 256, 1, 1, 1, 1, 6, 1001, 4;
1, 256, 0, 0, 0, 0, 4, 999, 2;
1, 256, 0, 1, 1, 1, 5, 1000, 3;
1, 256, 0, 0, 0, 0, 5, 1000, 3;
1, 256, 0, 0, 0, 0, 4, 999, 2;
1, 256, 0, -1, -1, -1, 4, 998, 2;
1, 256, 0, 0, 0, 0, 5, 999, 3;
1, 256, 1, 1, 1, 1, 6, 1001, 4;
1, 256, 0, 0, 0, 0, 4, 999, 2;
1, 256, 1, 1, 1, 1, 5, 1000, 3;
1, 256, 0, 0, 0, 0, 5, 1000, 3;
1, 256, 0, 0, 0, 0, 4, 999, 2;
1, 256, 0, -1, -1, -1, 4, 999, 2;
1, 256, 1, 1, 1, 1, 6, 1001, 4;
1, 256, 0, 0, 0, 0, 5, 1000, 3;
1, 256, 0, 0, 0, 0, 4, 999, 2;
1, 256, 1, 1, 1, 1, 5, 1000, 3;
1, 256, 0, 0, 0, 0, 4, 999, 2;
1, 256, 1, 1, 1, 1, 6, 1001, 4;
1, 256, 1, 1, 1, 1, 6, 1001, 4;
1, 256, 0, 0, 0, 0, 4, 999, 2;
1, 256, 0, 0, 0, 0, 4, 999, 2;
1, 256, 0, 0, 0, 0, 4, 999, 2;
1, 256, 1, 1, 1, 1, 6, 1001, 4;
1, 256, 0, -1, -1, -1, 3, 998, 1;
1, 256, 0, 0, 0, 0, 4, 999, 2;
1, 256, 0, 0, 0, 0, 5, 1000, 3;
1, 256, 0, 0, 0, 0, 5, 999, 3;
1, 256, 0, 0, 0, 0, 4, 999, 2;
1, 256, 0, -1, -1, -1, 4, 999, 2;
1, 256, 0, -1, -1, -1, 4, 999, 2;
1, 256, 0, 0, 0, 0, 4, 999, 2;
1, 256, 0, 0, 0, 0, 5, 1000, 3;
1, 256, 0, 0, 0, 0, 5, 1000, 3;
1, 256, 0, -1, -1, -1, 4, 998, 2;
1, 256, 0, 1, 1, 1, 5, 1000, 3;
1, 256, 0, -1, -1, -1, 3, 998, 1;
1, 256, 0, -1, -1, -1, 4, 999, 2;
1, 256, 0, 0, 0, 0, 5, 1000, 3;
1, 256, 0, -1, -1, -1, 4, 998, 2;
1, 256, 0, 0, 0, 0, 5, 1000, 3;
1, 256, 0, -1, -1, -1, 4, 999, 2;
1, 256, 0, 0, 0, 0, 5, 1000, 3;
1, 256, 0, -1, -1, -1, 4, 999, 2;
1, 256, 0, 0, 0, 0, 4, 999, 2;
1, 256, 0, 0, 0, 0, 4, 999, 2;
1, 256, 0, -1, -1, -1, 4, 999, 2;
1, 256, 0, 0, 0, 0, 4, 999, 2;
1, 256, 0, 0, 0, 0, 4, 999, 2;
1, 256, 1, 1, 1, 1, 6, 1001, 4;
1, 256, 0, 0, 0, 0, 5, 1000, 3;
1, 256, 0, -1, -1, -1, 4, 999, 2;
1, 256, 0, 0, 0, 0, 5, 1000, 3;
1, 256, 0, 0, 0, 0, 4, 999, 2;
1, 256, 0, -1, -1, -1, 4, 999, 2;
1, 256, 1, 1, 1, 1, 6, 1001, 4;
1, 256, 0, -1, -1, -1, 4, 998, 2;
1, 256, 0, 0, 0, 0, 5, 1000, 3;
1, 256, 0, 0, 0, 0, 5, 1000, 3;
1, 256, 0, -1, -1, -1, 4, 999, 2;
1, 256, 1, 1, 1, 1, 6, 1001, 4;
1, 256, 0, 0, 0, 0, 5, 1000, 3;
1, 256, 0, 0, 0, 0, 4, 999, 2;
1, 256, 0, -1, -1, -1, 4, 999, 2;
1, 256, 0, 0, 0, 0, 4, 999, 2;
1, 256, 0, 0, 0, 0, 4, 999, 2;
1, 256, 0, 1, 1, 1, 5, 1000, 3;
1, 256, 0, -1, -1, -1, 4, 999, 2;
1, 256, 0, 0, 0, 0, 4, 999, 2;
1, 256, 0, 0, 0, 0, 4, 999, 2;
0, 256, 0, -1, -1, -1, 3, 998, 1;
1, 256, 0, 0, 0, 0, 4, 999, 2;
1, 256, 0, 0, 0, 0, 4, 999, 2;
1, 256, 0, 0, 0, 0, 4, 999, 2;
1, 256, 0, -1, -1, -1, 4, 999, 2;
1, 256, 0, 0, 0, 0, 4, 999, 2;
1, 256, 0, 0, 0, 0, 4, 999, 2;
1, 256, 0, 0, 0, 0, 5, 1000, 3;
1, 256, 0, 0, 0, 0, 5, 1000, 3;
1, 256, 0, 0, 0, 0, 5, 999, 2;
1, 256, 0, 0, 0, 0, 5, 1000, 3;
1, 256, 0, 0, 0, 0, 5, 1000, 3;
1, 256, 0, 0, 0, 0, 5, 1000, 3;
1, 256, 0, 1, 1, 1, 5, 1000, 3;
1, 256, 0, 1, 1, 1, 5, 1000, 3;
1, 256, 0, -1, -1, -1, 4, 998, 2;
1, 256, 0, -1, -1, -1, 4, 999, 2;
1, 256, 0, 0, 0, 0, 5, 1000, 3;
1, 256, 0, 0, 0, 0, 5, 1000, 3;
1, 256, 0, 0, 0, 0, 5, 999, 2;
1, 256, 0, 0, 0, 0, 4, 999, 2;
1, 256, 0, -1, -1, -1, 4, 999, 2;
1, 256, 1, 1, 1, 1, 6, 1000, 3;
1, 256, 0, 0, 0, 0, 5, 1000, 3;
1, 256, 0, -1, -1, -1, 4, 999, 2;
1, 256, 0, 0, 0, 0, 5, 1000, 3;
1, 256, 0, -1, -1, -1, 4, 999, 2;
1, 256, 0, 0, 0, 0, 4, 999, 2;
1, 256, 0, -1, -1, -1, 4, 998, 2;
1, 256, 0, 0, 0, 0, 5, 999, 3;
1, 256, 0, -1, -1, -1, 3, 998, 1;
1, 256, 0, 0, 0, 0, 5, 1000, 3;
1, 256, 0, 0, 0, 0, 5, 1000, 3;
1, 256, 0, -1, -1, -1, 3, 998, 1;
1, 256, 0, 0, 0, 0, 5, 1000, 3;
1, 256, 0, 0, 0, 0, 5, 1000, 3;
1, 256, 0, 1, 1, 1, 5, 1000, 3;
1, 256, 0, -1, -1, -1, 3, 998, 1;
1, 256, 0, 1, 1, 1, 5, 1000, 3;
1, 256, 0, 0, 0, 0, 5, 1000, 3;
1, 256, 0, 0, 0, 0, 5, 1000, 3;
1, 256, 0, -1, -1, -1, 4, 998, 2;
1, 256, 0, 0, 0, 0, 4, 999, 2;
1, 256, 0, 0, 0, 0, 4, 999, 2;
1, 256, 0, 0, 0, 0, 5, 1000, 3;
1, 256, 0, 0, 0, 0, 5, 1000, 3;
1, 256, 0, 1, 1, 1, 5, 1000, 3;
1, 256, 1, 1, 1, 1, 6, 1001, 4;
1, 256, 0, 0, 0, 0, 5, 1000, 3;
1, 256, 0, 0, 0, 0, 4, 999, 2;
1, 256, 0, -1, -1, -1, 3, 998, 1;
1, 256, 1, 1, 1, 1, 6, 1000, 4;
1, 256, 0, -1, -1, -1, 4, 999, 2;
1, 256, 0, -1, -1, -1, 4, 998, 1;
1, 256, 0, 0, 0, 0, 5, 1000, 3;
1, 256, 0, -1, -1, -1, 3, 998, 1;
1, 256, 1, 1, 1, 1, 6, 1001, 4;
1, 256, 0, -1, -1, -1, 4, 999, 2;
1, 256, 0, 1, 1, 1, 5, 1000, 3;
1, 256, 0, 0, 0, 0, 4, 999, 2;
1, 256, 0, 0, 0, 0, 5, 1000, 3;
1, 256, 0, 1, 1, 1, 5, 1000, 3;
1, 256, 0, 0, 0, 0, 4, 999, 2;
1, 256, 0, 0, 0, 0, 5, 1000, 3;
1, 256, 1, 1, 1, 1, 6, 1001, 4;
1, 256, 1, 1, 1, 1, 6, 1000, 3;
0, 256, 0, -1, -1, -1, 3, 998, 1;
1, 256, 0, 0, 0, 0, 4, 999, 2;
1, 256, 0, -1, -1, -1, 4, 999, 2;
1, 256, 0, 0, 0, 0, 5, 1000, 3;
1, 256, 1, 1, 1, 1, 6, 1000, 4;
1, 256, 0, 0, 0, 0, 5, 1000, 3;
1, 256, 0, -1, -1, -1, 4, 999, 2;
1, 256, 0, 0, 0, 0, 4, 999, 2;
1, 256, 0, 0, 0, 0, 5, 1000, 3;
1, 256, 0, -1, -1, -1, 4, 999, 2;
1, 256, 0, -1, -1, -1, 3, 998, 1;
1, 256, 0, 0, 0, 0, 5, 999, 3;
1, 256, 0, -1, -1, -1, 4, 999, 2;
1, 256, 1, 1, 1, 1, 6, 1001, 4;
1, 256, 0, 0, 0, 0, 5, 1000, 3;
1, 256, 0, 0, 0, 0, 4, 999, 2;
1, 256, 0, 0, 0, 0, 4, 999, 2;
1, 256, 0, -1, -1, -1, 4, 998, 1;
1, 256, 1, 1, 1, 1, 6, 1001, 4;
1, 256, 0, 0, 0, 0, 5, 1000, 3;
1, 256, 0, 1, 1, 1, 5, 1000, 3;
1, 256, 0, -1, -1, -1, 4, 998, 2;
1, 256, 0, 0, 0, 0, 4, 999, 2;
1, 256, 0, 0, 0, 0, 4, 999, 2;
1, 256, 0, -1, -1, -1, 4, 999, 2;
1, 256, 1, 1, 1, 1, 5, 1000, 3;
1, 256, 0, 0, 0, 0, 5, 1000, 3;
1, 256, 0, 0, 0, 0, 5, 1000, 3;
1, 256, 0, 1, 1, 1, 5, 1000, 3;
1, 256, 0, 0, 0, 0, 5, 1000, 3;
1, 256, 1, 1, 1, 1, 5, 1000, 3;
1, 256, 1, 1, 1, 1, 6, 1001, 4;
1, 256, 0, -1, -1, -1, 3, 998, 1;
1, 256, 1, 1, 1, 1, 6, 1001, 4;
1, 256, 0, 0, 0, 0, 4, 999, 2;
1, 256, 1, 1, 1, 1, 6, 1001, 4;
1, 256, 0, -1, -1, -1, 4, 999, 2;
1, 256, 0, 0, 0, 0, 5, 999, 2;
1, 256, 1, 1, 1, 1, 6, 1001, 4;
1, 256, 0, 0, 0, 0, 4, 999, 2;
1, 256, 0, 0, 0, 0, 5, 1000, 3;
1, 256, 0, 0, 0, 0, 4, 999, 2;
1, 256, 0, -1, -1, -1, 4, 998, 1;
1, 256, 0, 0, 0, 0, 5, 1000, 3;
1, 256, 0, 0, 0, 0, 4, 999, 2;
1, 256, 0, 0, 0, 0, 4, 999, 2;
1, 256, 1, 1, 1, 1, 6, 1001, 4;
1, 256, 1, 1, 1, 1, 6, 1000, 4;
1, 256, 0, 0, 0, 0, 5, 999, 2;
1, 256, 1, 1, 1, 1, 6, 1001, 4;
1, 256, 0, 0, 0, 0, 4, 999, 2;
1, 256, 0, 1, 1, 1, 5, 1000, 3;
1, 256, 1, 1, 1, 1, 6, 1001, 4;
1, 256, 1, 1, 1, 1, 5, 1000, 3;
1, 256, 1, 1, 1, 1, 5, 1000, 3;
0, 256, 0, -1, -1, -1, 3, 998, 1;
1, 256, 0, 0, 0, 0, 4, 999, 2;
1, 256, 0, 0, 0, 0, 5, 1000, 3;
1, 256, 1, 1, 1, 1, 6, 1000, 4;
1, 256, 0, -1, -1, -1, 4, 998, 1;
1, 256, 0, 0, 0, 0, 4, 999, 2;
1, 256, 1, 1, 1, 1, 6, 1001, 4;
1, 256, 0, 0, 0, 0, 4, 999, 2;
1, 256, 1, 1, 1, 1, 6, 1001, 4;
1, 256, 0, 0, 0, 0, 4, 999, 2;
1, 256, 0, -1, -1, -1, 3, 998, 1;
1, 256, 1, 1, 1, 1, 6, 1000, 4;
0, 256, 0, -1, -1, -1, 3, 998, 1;
1, 256, 0, -1, -1, -1, 3, 998, 1;
1, 256, 1, 1, 1, 1, 6, 1000, 3;
1, 256, 1, 1, 1, 1, 6, 1000, 4;
1, 256, 0, 0, 0, 0, 5, 1000, 3;
1, 256, 0, 0, 0, 0, 5, 1000, 3;
0, 256, 0, -1, -1, -1, 3, 998, 1;
1, 256, 0, 0, 0, 0, 5, 1000, 3;
1, 256, 0, -1, -1, -1, 4, 999, 2;
1, 256, 0, -1, -1, -1, 4, 998, 2;
1, 256, 0, -1, -1, -1, 4, 998, 2;
1, 256, 0, -1, -1, -1, 4, 999, 2;
1, 256, 0, 0, 0, 0, 5, 1000, 3;
1, 256, 1, 1, 1, 1, 6, 1001, 4;
1, 256, 0, -1, -1, -1, 4, 998, 1;
1, 256, 0, 0, 0, 0, 5, 1000, 3;
1, 256, 0, 0, 0, 0, 5, 1000, 3;
1, 256, 0, 0, 0, 0, 5, 1000, 3;
1, 256, 0, 0, 0, 0, 5, 1000, 3;
1, 256, 0, 0, 0, 0, 4, 999, 2;
1, 256, 0, 0, 0, 0, 4, 999, 2;
1, 256, 0, -1, -1, -1, 4, 999, 2;
1, 256, 0, -1, -1, -1, 4, 999, 2;
1, 256, 0, 0, 0, 0, 4, 999, 2;
1, 256, 0, 0, 0, 0, 5, 1000, 3;
1, 256, 0, -1, -1, -1, 3, 998, 1;
1, 256, 0, 0, 0, 0, 5, 1000, 3;
1, 256, 0, 0, 0, 0, 5, 1000, 3;
1, 256, 0, -1, -1, -1, 3, 998, 1;
1, 256, 0, -1, -1, -1, 4, 998, 2;
1, 256, 0, 0, 0, 0, 5, 1000, 3;
1, 256, 0, 0, 0, 0, 5, 1000, 3;
1, 256, 0, -1, -1, -1, 4, 999, 2;
1, 256, 0, 0, 0, 0, 5, 1000, 3;
1, 256, 0, -1, -1, -1, 4, 998, 1;
1, 256, 0, -1, -1, -1, 4, 998, 2;
1, 256, 0, 0, 0, 0, 5, 1000, 3;
1, 256, 0, 0, 0, 0, 5, 1000, 3;
1, 256, 0, 0, 0, 0, 5, 1000, 3;
1, 256, 0, 0, 0, 0, 5, 1000, 3;
1, 256, 1, 1, 1, 1, 6, 1001, 4;
1, 256, 1, 1, 1, 1, 6, 1001, 4;
1, 256, 0, 0, 0, 0, 5, 1000, 3;
1, 256, 0, -1, -1, -1, 4, 999, 2;
1, 256, 1, 1, 1, 1, 5, 1000, 3;
1, 256, 0, 0, 0, 0, 5, 1000, 3;
1, 256, 0, 0, 0, 0, 5, 1000, 3;
1, 256, 1, 1, 1, 1, 6, 1000, 4;
1, 256, 0, 0, 0, 0, 4, 999, 2;
1, 256, 1, 1, 1, 1, 6, 1000, 4;
1, 256, 0, 0, 0, 0, 5, 1000, 3;
1, 256, 0, -1, -1, -1, 4, 999, 2;
1, 256, 0, 0, 0, 0, 4, 999, 2;
1, 256, 0, -1, -1, -1, 4, 999, 2;
1, 256, 0, -1, -1, -1, 4, 999, 2;
1, 256, 1, 1, 1, 1, 6, 1000, 4;
1, 256, 0, -1, -1, -1, 4, 999, 2;
1, 256, 0, 0, 0, 0, 5, 1000, 3;
1, 256, 0, 0, 0, 0, 5, 1000, 3;
1, 256, 0, 1, 1, 1, 5, 1000, 3;
1, 256, 0, 0, 0, 0, 5, 1000, 3;
1, 256, 0, 0, 0, 0, 4, 999, 2;
1, 256, 0, 0, 0, 0, 5, 1000, 3;
1, 256, 0, 0, 0, 0, 5, 1000, 3;
1, 256, 0, 1, 1, 1, 5, 1000, 3;
1, 256, 1, 1, 1, 1, 6, 1001, 4;
1, 256, 0, -1, -1, -1, 3, 998, 1;
1, 256, 0, 0, 0, 0, 4, 999, 2;
1, 256, 0, -1, -1, -1, 4, 998, 1;
1, 256, 0, -1, -1, -1, 4, 998, 1;
1, 256, 0, 0, 0, 0, 5, 1000, 3;
1, 256, 0, 0, 0, 0, 4, 999, 2;
1, 256, 0, -1, -1, -1, 4, 999, 2;
1, 256, 0, 0, 0, 0, 4, 999, 2;
1, 256, 0, 0, 0, 0, 5, 1000, 3;
1, 256, 0, 0, 0, 0, 5, 1000, 3;
1, 256, 0, 0, 0, 0, 5, 1000, 3;
1, 256, 0, 0, 0, 0, 4, 999, 2;
1, 256, 0, 0, 0, 0, 4, 999, 2;
1, 256, 0, -1, -1, -1, 4, 999, 2;
1, 256, 0, 1, 1, 1, 5, 1000, 3;
1, 256, 0, 0, 0, 0, 5, 1000, 3;
1, 256, 0, -1, -1, -1, 4, 999, 2;
1, 256, 0, 1, 1, 1, 5, 1000, 3;
1, 256, 1, 1, 1, 1, 6, 1001, 4;
1, 256, 0, 1, 1, 1, 5, 1000, 3;
1, 256, 0, 0, 0, 0, 5, 999, 3;
1, 256, 0, -1, -1, -1, 4, 999, 2;
1, 256, 0, 0, 0, 0, 5, 1000, 3;
1, 256, 0, 0, 0, 0, 5, 1000, 3;
1, 256, 0, 0, 0, 0, 5, 1000, 3;
1, 256, 0, -1, -1, -1, 4, 998, 1;
1, 256, 0, 0, 0, 0, 5, 1000, 3;
1, 256, 0, 0, 0, 0, 4, 999, 2;
1, 256, 0, 1, 1, 1, 5, 1000, 3;
1, 256, 0, -1, -1, -1, 3, 998, 1;
1, 256, 0, 0, 0, 0, 5, 1000, 3;
1, 256, 0, -1, -1, -1, 4, 999, 2;
1, 256, 0, 0, 0, 0, 4, 999, 2;
1, 256, 1, 1, 1, 1, 6, 1001, 4;
1, 256, 0, 1, 1, 1, 5, 1000, 3;
1, 256, 0, -1, -1, -1, 3, 998, 1;
1, 256, 0, 0, 0, 0, 4, 999, 2;
1, 256, 0, 0, 0, 0, 5, 999, 2;
1, 256, 0, 0, 0, 0, 4, 999, 2;
1, 256, 0, 0, 0, 0, 5, 1000, 3;
1, 256, 0, 0, 0, 0, 4, 999, 2;
1, 256, 0, 0, 0, 0, 5, 1000, 3;
1, 256, 0, 0, 0, 0, 5, 1000, 3;
1, 256, 0, -1, -1, -1, 4, 999, 2;
1, 256, 0, -1, -1, -1, 4, 999, 2;
1, 256, 0, 0, 0, 0, 4, 999, 2;
1, 256, 0, -1, -1, -1, 4, 998, 2;
1, 256, 0, 1, 1, 1, 5, 1000, 3;
1, 256, 0, -1, -1, -1, 4, 999, 2;
1, 256, 1, 1, 1, 1, 6, 1001, 4;
1, 256, 0, 0, 0, 0, 5, 1000, 3;
1, 256, 0, 0, 0, 0, 5, 1000, 3;
1, 256, 0, -1, -1, -1, 4, 999, 2;
1, 256, 0, -1, -1, -1, 4, 999, 2;
1, 256, 0, 0, 0, 0, 5, 1000, 3;
1, 256, 0, 1, 1, 1, 5, 1000, 3;
1, 256, 0, 0, 0, 0, 4, 999, 2;
1, 256, 0, 0, 0, 0, 5, 1000, 3;
1, 256, 0, -1, -1, -1, 4, 999, 2;
1, 256, 1, 1, 1, 1, 6, 1000, 4;
1, 256, 1, 1, 1, 1, 6, 1001, 4;
1, 256, 0, 0, 0, 0, 5, 1000, 3;
1, 256, 0, 0, 0, 0, 4, 999, 2;
1, 256, 0, -1, -1, -1, 4, 999, 2;
1, 256, 0, -1, -1, -1, 4, 999, 2;
1, 256, 0, 0, 0, 0, 5, 999, 2;
1, 256, 0, 0, 0, 0, 4, 999, 2;
1, 256, 0, -1, -1, -1, 4, 999, 2;
1, 256, 0, 0, 0, 0, 5, 1000, 3;
1, 256, 0, 1, 1, 1, 5, 1000, 3;
1, 256, 0, 0, 0, 0, 5, 1000, 3;
1, 256, 0, 0, 0, 0, 4, 999, 2;
1, 256, 0, 1, 1, 1, 5, 1000, 3;
0, 256, 0, -1, -1, -1, 3, 998, 1;
1, 256, 0, 0, 0, 0, 5, 1000, 3;
1, 256, 0, 0, 0, 0, 5, 1000, 3;
1, 256, 0, -1, -1, -1, 3, 998, 1;
1, 256, 0, 1, 1, 1, 5, 1000, 3;
1, 256, 1, 1, 1, 1, 6, 1000, 3;
1, 256, 0, 0, 0, 0, 4, 999, 2;
1, 256, 0, -1, -1, -1, 4, 999, 2;
1, 256, 0, -1, -1, -1, 4, 999, 2;
1, 256, 0, 0, 0, 0, 5, 1000, 3;
1, 256, 0, -1, -1, -1, 4, 999, 2;
1, 256, 0, 1, 1, 1, 5, 1000, 3;
1, 256, 0, 0, 0, 0, 4, 999, 2;
1, 256, 1, 1, 1, 1, 6, 1001, 4;
1, 256, 0, 0, 0, 0, 4, 999, 2;
1, 256, 0, 1, 1, 1, 5, 1000, 3;
1, 256, 0, 0, 0, 0, 4, 999, 2;
1, 256, 0, -1, -1, -1, 4, 999, 2;
1, 256, 0, -1, -1, -1, 4, 999, 2;
1, 256, 0, 0, 0, 0, 4, 999, 2;
1, 256, 0, 0, 0, 0, 5, 1000, 3;
1, 256, 0, 1, 1, 1, 5, 1000, 3;
1, 256, 0, -1, -1, -1, 3, 998, 1;
1, 256, 0, -1, -1, -1, 4, 999, 2;
0, 256, 0, -1, -1, -1, 3, 998, 1;
1, 256, 1, 1, 1, 1, 6, 1001, 4;
1, 256, 0, 0, 0, 0, 4, 999, 2;
1, 256, 0, -1, -1, -1, 4, 999, 2;
1, 256, 0, 0, 0, 0, 5, 999, 2;
1, 256, 1, 1, 1, 1, 5, 1000, 3;
1, 256, 0, 0, 0, 0, 5, 1000, 3;
1, 256, 0, 1, 1, 1, 5, 1000, 3;
1, 256, 1, 1, 1, 1, 6, 1001, 4;
1, 256, 0, 0, 0, 0, 4, 999, 2;
1, 256, 0, -1, -1, -1, 3, 998, 1;
1, 256, 0, 0, 0, 0, 5, 1000, 3;
1, 256, 1, 1, 1, 1, 6, 1001, 4;
1, 256, 0, -1, -1, -1, 4, 999, 2;
1, 256, 0, 1, 1, 1, 5, 1000, 3;
1, 256, 0, -1, -1, -1, 4, 999, 2;
1, 256, 0, 0, 0, 0, 4, 999, 2;
1, 256, 0, 1, 1, 1, 5, 1000, 3;
1, 256, 0, 0, 0, 0, 5, 999, 2;
1, 256, 0, -1, -1, -1, 4, 999, 2;
1, 256, 1, 1, 1, 1, 6, 1001, 4;
1, 256, 0, 0, 0, 0, 5, 999, 3;
1, 256, 0, 1, 1, 1, 5, 1000, 3;
1, 256, 0, 0, 0, 0, 4, 999, 2;
1, 256, 0, 0, 0, 0, 4, 999, 2;
1, 256, 1, 1, 1, 1, 6, 1000, 3;
1, 256, 0, 0, 0, 0, 5, 1000, 3;
1, 256, 0, 0, 0, 0, 5, 999, 3;
1, 256, 0, -1, -1, -1, 4, 999, 2;
1, 256, 1, 1, 1, 1, 6, 1001, 4;
1, 256, 0, 0, 0, 0, 5, 1000, 3;
1, 256, 0, 0, 0, 0, 5, 1000, 3;
1, 256, 1, 1, 1, 1, 6, 1001, 4;
1, 256, 0, 0, 0, 0, 5, 1000, 3;
1, 256, 0, 0, 0, 0, 4, 999, 2;
1, 256, 0, 0, 0, 0, 5, 1000, 3;
1, 256, 0, 1, 1, 1, 5, 1000, 3;
1, 256, 0, 0, 0, 0, 5, 1000, 3;
1, 256, 0, -1, -1, -1, 4, 998, 1;
1, 256, 1, 1, 1, 1, 6, 1001, 4;
1, 256, 0, 0, 0, 0, 4, 999, 2;
1, 256, 0, 0, 0, 0, 5, 999, 2;
1, 256, 1, 1, 1, 1, 6, 1000, 3;
1, 256, 0, 1, 1, 1, 5, 1000, 3;
1, 256, 0, 0, 0, 0, 4, 999, 2;
1, 256, 0, 0, 0, 0, 5, 999, 3;
1, 256, 0, 0, 0, 0, 5, 1000, 3;
1, 256, 0, 0, 0, 0, 4, 999, 2;
1, 256, 0, -1, -1, -1, 4, 999, 2;
1, 256, 0, 0, 0, 0, 4, 999, 2;
1, 256, 0, 0, 0, 0, 4, 999, 2;
1, 256, 0, 0, 0, 0, 5, 1000, 3;
1, 256, 0, -1, -1, -1, 4, 999, 2;
1, 256, 0, 0, 0, 0, 4, 999, 2;
1, 256, 0, 0, 0, 0, 5, 1000, 3;
1, 256, 1, 1, 1, 1, 6, 1001, 4;
1, 256, 0, 0, 0, 0, 4, 999, 2;
1, 256, 0, 1, 1, 1, 5, 1000, 3;
1, 256, 0, 0, 0, 0, 4, 999, 2;
1, 256, 0, -1, -1, -1, 4, 999, 2;
1, 256, 0, 1, 1, 1, 5, 1000, 3;
1, 256, 0, 0, 0, 0, 5, 1000, 3;
1, 256, 0, 0, 0, 0, 4, 999, 2;
1, 256, 1, 1, 1, 1, 6, 1000, 3;
1, 256, 0, 0, 0, 0, 4, 999, 2;
1, 256, 0, 0, 0, 0, 4, 999, 2;
1, 256, 0, 1, 1, 1, 5, 1000, 3;
1, 256, 1, 1, 1, 1, 5, 1000, 3;
1, 256, 0, 0, 0, 0, 4, 999, 2;
1, 256, 0, 0, 0, 0, 5, 1000, 3;
1, 256, 0, 0, 0, 0, 5, 1000, 3;
1, 256, 0, -1, -1, -1, 4, 999, 2;
1, 256, 0, 0, 0, 0, 4, 999, 2;
1, 256, 1, 1, 1, 1, 6, 1000, 3;
1, 256, 0, 0, 0, 0, 5, 1000, 3;
1, 256, 1, 1, 1, 1, 6, 1001, 4;
1, 256, 0, 0, 0, 0, 4, 999, 2;
1, 256, 0, -1, -1, -1, 3, 998, 1;
1, 256, 0, 0, 0, 0, 5, 1000, 3;
1, 256, 0, 0, 0, 0, 4, 999, 2;
1, 256, 0, -1, -1, -1, 4, 999, 2;
1, 256, 0, 0, 0, 0, 4, 999, 2;
1, 256, 1, 1, 1, 1, 6, 1001, 4;
1, 256, 0, 0, 0, 0, 5, 1000, 3;
1, 256, 0, 0, 0, 0, 5, 1000, 3;
1, 256, 0, 0, 0, 0, 5, 1000, 3;
1, 256, 0, 0, 0, 0, 4, 999, 2;
1, 256, 0, -1, -1, -1, 3, 998, 1;
1, 256, 0, -1, -1, -1, 4, 998, 1;
1, 256, 0, 0, 0, 0, 5, 1000, 3;
1, 256, 0, 0, 0, 0, 4, 999, 2;
1, 256, 0, 0, 0, 0, 4, 999, 2;
1, 256, 0, 0, 0, 0, 4, 999, 2;
1, 256, 0, 0, 0, 0, 4, 999, 2;
1, 256, 0, -1, -1, -1, 4, 999, 2;
1, 256, 0, -1, -1, -1, 4, 999, 2;
1, 256, 0, 0, 0, 0, 4, 999, 2;
1, 256, 0, 0, 0, 0, 4, 999, 2;
1, 256, 1, 1, 1, 1, 6, 1001, 4;
1, 256, 0, 0, 0, 0, 5, 1000, 3;
1, 256, 0, 0, 0, 0, 4, 999, 2;
1, 256, 1, 1, 1, 1, 6, 1001, 4;
1, 256, 0, 0, 0, 0, 4, 999, 2;
1, 256, 0, 0, 0, 0, 4, 999, 2;
1, 256, 0, 0, 0, 0, 4, 999, 2;
1, 256, 0, -1, -1, -1, 3, 998, 1;
1, 256, 0, -1, -1, -1, 3, 998, 1;
1, 256, 0, 0, 0, 0, 4, 999, 2;
1, 256, 0, 0, 0, 0, 4, 999, 2;
1, 256, 0, -1, -1, -1, 4, 998, 2;
1, 256, 0, -1, -1, -1, 4, 999, 2;
1, 256, 1, 1, 1, 1, 5, 1000, 3;
1, 256, 1, 1, 1, 1, 6, 1001, 4;
1, 256, 0, 0, 0, 0, 5, 1000, 3;
0, 256, 0, -1, -1, -1, 3, 998, 1;
1, 256, 1, 1, 1, 1, 6, 1001, 4;
1, 256, 0, 0, 0, 0, 5, 1000, 3;
1, 256, 0, 0, 0, 0, 5, 1000, 3;
1, 256, 0, -1, -1, -1, 4, 999, 2;
1, 256, 0, 0, 0, 0, 5, 1000, 3;
1, 256, 0, 0, 0, 0, 5, 1000, 3;
1, 256, 0, -1, -1, -1, 4, 999, 2;
1, 256, 0, -1, -1, -1, 4, 999, 2;
1, 256, 1, 1, 1, 1, 6, 1000, 4;
1, 256, 0, -1, -1, -1, 3, 998, 1;
1, 256, 0, 1, 1, 1, 5, 1000, 3;
1, 256, 0, 1, 1, 1, 5, 1000, 3;
1, 256, 0, -1, -1, -1, 4, 998, 1;
1, 256, 1, 1, 1, 1, 6, 1000, 4;
1, 256, 0, -1, -1, -1, 4, 999, 2;
1, 256, 0, -1, -1, -1, 4, 999, 2;
1, 256, 0, 0, 0, 0, 5, 1000, 3;
1, 256, 0, 0, 0, 0, 4, 999, 2;
1, 256, 0, 1, 1, 1, 5, 1000, 3;
1, 256, 1, 1, 1, 1, 6, 1001, 4;
1, 256, 1, 1, 1, 1, 5, 1000, 3;
1, 256, 0, 0, 0, 0, 5, 1000, 3;
1, 256, 0, -1, -1, -1, 4, 998, 1;
1, 256, 0, 0, 0, 0, 4, 999, 2;
1, 256, 1, 1, 1, 1, 6, 1000, 3;
0, 256, 0, -1, -1, -1, 3, 998, 1;
1, 256, 0, 0, 0, 0, 5, 999, 2;
1, 256, 0, 0, 0, 0, 4, 999, 2;
1, 256, 0, 1, 1, 1, 5, 1000, 3;
1, 256, 0, 0, 0, 0, 5, 1000, 3;
1, 256, 0, 0, 0, 0, 4, 999, 2;
1, 256, 0, 0, 0, 0, 5, 1000, 3;
1, 256, 0, 1, 1, 1, 5, 1000, 3;
1, 256, 0, 0, 0, 0, 5, 1000, 3;
1, 256, 1, 1, 1, 1, 6, 1001, 4;
1, 256, 0, 0, 0, 0, 5, 999, 2;
1, 256, 0, 0, 0, 0, 5, 1000, 3;
1, 256, 0, 0, 0, 0, 5, 1000, 3;
1, 256, 0, 0, 0, 0, 5, 1000, 3;
1, 256, 0, 0, 0, 0, 5, 1000, 3;
1, 256, 0, 0, 0, 0, 4, 999, 2;
1, 256, 0, 0, 0, 0, 5, 999, 3;
1, 256, 0, 0, 0, 0, 4, 999, 2;
1, 256, 1, 1, 1, 1, 6, 1001, 4;
1, 256, 0, 0, 0, 0, 4, 999, 2;
1, 256, 0, 0, 0, 0, 4, 999, 2;
1, 256, 1, 1, 1, 1, 6, 1001, 4;
1, 256, 0, 0, 0, 0, 4, 999, 2;
1, 256, 0, 0, 0, 0, 5, 1000, 3;
1, 256, 0, 0, 0, 0, 4, 999, 2;
1, 256, 1, 1, 1, 1, 5, 1000, 3;
1, 256, 0, 1, 1, 1, 5, 1000, 3;
1, 256, 0, 0, 0, 0, 5, 999, 3;
1, 256, 0, 1, 1, 1, 5, 1000, 3;
1, 256, 0, 0, 0, 0, 5, 1000, 3;
1, 256, 0, -1, -1, -1, 4, 999, 2;
1, 256, 0, 1, 1, 1, 5, 1000, 3;
1, 256, 0, 0, 0, 0, 5, 1000, 3;
1, 256, 0, 0, 0, 0, 5, 1000, 3;
1, 256, 0, 0, 0, 0, 5, 1000, 3;
1, 256, 0, -1, -1, -1, 4, 999, 2;
1, 256, 0, 0, 0, 0, 5, 999, 2;
1, 256, 0, 1, 1, 1, 5, 1000, 3;
1, 256, 0, 0, 0, 0, 5, 1000, 3;
1, 256, 0, 1, 1, 1, 5, 1000, 3;
1, 256, 0, 1, 1, 1, 5, 1000, 3;
1, 256, 1, 1, 1, 1, 6, 1001, 4;
1, 256, 0, 1, 1, 1, 5, 1000, 3;
1, 256, 0, 0, 0, 0, 5, 1000, 3;
1, 256, 0, 1, 1, 1, 5, 1000, 3;
1, 256, 0, 0, 0, 0, 4, 999, 2;
1, 256, 0, 0, 0, 0, 5, 1000, 3;
1, 256, 0, 0, 0, 0, 5, 1000, 3;
1, 256, 0, -1, -1, -1, 4, 998, 1;
1, 256, 0, -1, -1, -1, 4, 999, 2;
1, 256, 0, 0, 0, 0, 4, 999, 2;
1, 256, 0, 0, 0, 0, 5, 1000, 3;
1, 256, 0, 0, 0, 0, 5, 1000, 3;
1, 256, 0, 0, 0, 0, 4, 999, 2;
1, 256, 0, -1, -1, -1, 4, 999, 2;
1, 256, 0, 0, 0, 0, 4, 999, 2;
1, 256, 0, 0, 0, 0, 4, 999, 2;
1, 256, 1, 1, 1, 1, 6, 1001, 4;
1, 256, 0, -1, -1, -1, 4, 998, 2;
1, 256, 1, 1, 1, 1, 6, 1001, 4;
1, 256, 0, 0, 0, 0, 4, 999, 2;
1, 256, 0, 0, 0, 0, 4, 999, 2;
1, 256, 0, 0, 0, 0, 4, 999, 2;
1, 256, 0, 0, 0, 0, 4, 999, 2;
1, 256, 1, 1, 1, 1, 5, 1000, 3;
1, 256, 0, 0, 0, 0, 5, 1000, 3;
1, 256, 0, -1, -1, -1, 3, 998, 1;
1, 256, 0, 0, 0, 0, 5, 1000, 3;
1, 256, 0, 0, 0, 0, 5, 1000, 3;
1, 256, 0, 0, 0, 0, 4, 999, 2;
1, 256, 1, 1, 1, 1, 6, 1000, 3;
1, 256, 0, 0, 0, 0, 4, 999, 2;
1, 256, 0, 0, 0, 0, 4, 999, 2;
1, 256, 0, 0, 0, 0, 5, 1000, 3;
1, 256, 0, -1, -1, -1, 4, 999, 2;
1, 256, 0, 0, 0, 0, 4, 999, 2;
1, 256, 0, 0, 0, 0, 5, 1000, 3;
1, 256, 0, -1, -1, -1, 4, 999, 2;
1, 256, 0, 0, 0, 0, 5, 1000, 3;
1, 256, 0, 0, 0, 0, 5, 1000, 3;
1, 256, 0, 1, 1, 1, 5, 1000, 3;
1, 256, 0, 0, 0, 0, 5, 1000, 3;
1, 256, 1, 1, 1, 1, 6, 1000, 3;
1, 256, 0, 0, 0, 0, 5, 1000, 3;
1, 256, 0, 0, 0, 0, 5, 999, 2;
1, 256, 0, 1, 1, 1, 5, 1000, 3;
1, 256, 0, -1, -1, -1, 4, 999, 2;
1, 256, 0, 1, 1, 1, 5, 1000, 3;
1, 256, 0, 0, 0, 0, 4, 999, 2;
1, 256, 0, 0, 0, 0, 5, 1000, 3;
1, 256, 0, 0, 0, 0, 4, 999, 2;
1, 256, 0, 0, 0, 0, 4, 999, 2;
1, 256, 0, 0, 0, 0, 4, 999, 2;
1, 256, 1, 1, 1, 1, 5, 1000, 3;
1, 256, 1, 1, 1, 1, 6, 1001, 4;
1, 256, 1, 1, 1, 1, 6, 1001, 4;
1, 256, 0, 1, 1, 1, 5, 1000, 3;
1, 256, 1, 1, 1, 1, 6, 1000, 4;
0, 256, 0, -1, -1, -1, 3, 998, 1;
1, 256, 0, 0, 0, 0, 4, 999, 2;
1, 256, 0, -1, -1, -1, 4, 999, 2;
1, 256, 0, -1, -1, -1, 4, 998, 2;
1, 256, 1, 1, 1, 1, 6, 1001, 4;
1, 256, 1, 1, 1, 1, 6, 1001, 4;
1, 256, 1, 1, 1, 1, 5, 1000, 3;
1, 256, 0, 1, 1, 1, 5, 1000, 3;
1, 256, 0, 0, 0, 0, 4, 999, 2;
1, 256, 0, 0, 0, 0, 5, 1000, 3;
1, 256, 0, 0, 0, 0, 4, 999, 2;
1, 256, 0, 0, 0, 0, 5, 1000, 3;
1, 256, 0, 0, 0, 0, 5, 1000, 3;
1, 256, 0, -1, -1, -1, 4, 998, 1;
1, 256, 0, 0, 0, 0, 5, 1000, 3;
1, 256, 0, 1, 1, 1, 5, 1000, 3;
1, 256, 1, 1, 1, 1, 6, 1000, 4;
1, 256, 0, 0, 0, 0, 4, 999, 2;
1, 256, 0, 0, 0, 0, 4, 999, 2;
1, 256, 0, 0, 0, 0, 5, 1000, 3;
1, 256, 0, 0, 0, 0, 5, 1000, 3;
1, 256, 0, 0, 0, 0, 5, 1000, 3;
1, 256, 0, 1, 1, 1, 5, 1000, 3;
1, 256, 1, 1, 1, 1, 6, 1001, 4;
1, 256, 0, 0, 0, 0, 5, 1000, 3;
1, 256, 0, 0, 0, 0, 5, 1000, 3;
1, 256, 0, -1, -1, -1, 4, 999, 2;
1, 256, 0, 0, 0, 0, 5, 1000, 3;
1, 256, 0, -1, -1, -1, 3, 998, 1;
1, 256, 0, -1, -1, -1, 4, 998, 2;
1, 256, 0, 0, 0, 0, 5, 1000, 3;
1, 256, 0, -1, -1, -1, 3, 998, 1;
1, 256, 0, -1, -1, -1, 4, 999, 2;
1, 256, 0, 0, 0, 0, 4, 999, 2;
1, 256, 0, 0, 0, 0, 5, 1000, 3;
1, 256, 0, -1, -1, -1, 4, 999, 2;
1, 256, 0, 0, 0, 0, 4, 999, 2;
1, 256, 1, 1, 1, 1, 6, 1001, 4;
1, 256, 1, 1, 1, 1, 6, 1000, 4;
1, 256, 0, -1, -1, -1, 4, 998, 2;
1, 256, 0, 1, 1, 1, 5, 1000, 3;
1, 256, 1, 1, 1, 1, 6, 1001, 4;
1, 256, 0, -1, -1, -1, 4, 999, 2;
1, 256, 1, 1, 1, 1, 6, 1000, 4;
1, 256, 0, -1, -1, -1, 4, 998, 1;
1, 256, 1, 1, 1, 1, 6, 1000, 4;
1, 256, 1, 1, 1, 1, 6, 1000, 4;
1, 256, 0, 0, 0, 0, 4, 999, 2;
1, 256, 0, 0, 0, 0, 5, 1000, 3;
1, 256, 0, 0, 0, 0, 5, 1000, 3;
1, 256, 0, 0, 0, 0, 4, 999, 2;
1, 256, 0, 0, 0, 0, 4, 999, 2;
1, 256, 0, 1, 1, 1, 5, 1000, 3;
1, 256, 1, 1, 1, 1, 6, 1001, 4;
1, 256, 0, -1, -1, -1, 4, 999, 2;
1, 256, 0, 0, 0, 0, 4, 999, 2;
1, 256, 1, 1, 1, 1, 6, 1000, 3;
1, 256, 0, 1, 1, 1, 5, 1000, 3;
1, 256, 0, -1, -1, -1, 4, 998, 2;
1, 256, 1, 1, 1, 1, 6, 1001, 4;
1, 256, 1, 1, 1, 1, 6, 1001, 4;
1, 256, 0, 0, 0, 0, 5, 1000, 3;
1, 256, 0, 0, 0, 0, 5, 999, 2;
1, 256, 0, 0, 0, 0, 5, 1000, 3;
1, 256, 0, 0, 0, 0, 4, 999, 2;
1, 256, 0, 0, 0, 0, 5, 999, 3;
1, 256, 0, 0, 0, 0, 5, 1000, 3;
1, 256, 0, -1, -1, -1, 4, 999, 2;
1, 256, 1, 1, 1, 1, 6, 1001, 4;
1, 256, 0, 0, 0, 0, 5, 1000, 3;
1, 256, 0, 0, 0, 0, 5, 1000, 3;
1, 256, 0, 0, 0, 0, 4, 999, 2;
1, 256, 0, -1, -1, -1, 3, 998, 1;
1, 256, 0, 0, 0, 0, 4, 999, 2;
1, 256, 0, -1, -1, -1, 4, 999, 2;
1, 256, 1, 1, 1, 1, 6, 1001, 4;
1, 256, 0, 0, 0, 0, 4, 999, 2;
1, 256, 0, -1, -1, -1, 4, 998, 2;
1, 256, 0, 0, 0, 0, 5, 1000, 3;
0, 256, 0, -1, -1, -1, 3, 998, 1;
1, 256, 0, 0, 0, 0, 5, 999, 2;
1, 256, 0, 0, 0, 0, 5, 1000, 3;
1, 256, 0, 0, 0, 0, 4, 999, 2;
1, 256, 0, 0, 0, 0, 5, 999, 2;
1, 256, 1, 1, 1, 1, 6, 1001, 4;
1, 256, 0, -1, -1, -1, 4, 999, 2;
1, 256, 0, 1, 1, 1, 5, 1000, 3;
1, 256, 0, -1, -1, -1, 4, 999, 2;
1, 256, 1, 1, 1, 1, 6, 1000, 3;
1, 256, 1, 1, 1, 1, 6, 1001, 4;
1, 256, 0, -1, -1, -1, 4, 998, 2;
1, 256, 0, -1, -1, -1, 4, 999, 2;
1, 256, 1, 1, 1, 1, 5, 1000, 3;
1, 256, 0, -1, -1, -1, 4, 999, 2;
1, 256, 1, 1, 1, 1, 6, 1001, 4;
1, 256, 0, 0, 0, 0, 5, 1000, 3;
1, 256, 0, 0, 0, 0, 5, 1000, 3;
1, 256, 0, 0, 0, 0, 5, 1000, 3;
1, 256, 0, 0, 0, 0, 5, 1000, 3;
1, 256, 0, 1, 1, 1, 5, 1000, 3;
1, 256, 0, 0, 0, 0, 4, 999, 2;
1, 256, 0, 0, 0, 0, 4, 999, 2;
1, 256, 0, 0, 0, 0, 5, 1000, 3;
1, 256, 0, 0, 0, 0, 5, 999, 2;
1, 256, 0, 1, 1, 1, 5, 1000, 3;
1, 256, 1, 1, 1, 1, 6, 1000, 3;
1, 256, 1, 1, 1, 1, 6, 1000, 4;
1, 256, 0, 1, 1, 1, 5, 1000, 3;
1, 256, 0, 0, 0, 0, 5, 1000, 3;
1, 256, 0, 1, 1, 1, 5, 1000, 3;
1, 256, 0, -1, -1, -1, 4, 999, 2;
1, 256, 0, 1, 1, 1, 5, 1000, 3;
1, 256, 1, 1, 1, 1, 6, 1001, 4;
1, 256, 0, 0, 0, 0, 5, 1000, 3;
1, 256, 0, 0, 0, 0, 5, 1000, 3;
1, 256, 0, 0, 0, 0, 4, 999, 2;
1, 256, 1, 1, 1, 1, 6, 1000, 3;
1, 256, 1, 1, 1, 1, 5, 1000, 3;
1, 256, 1, 1, 1, 1, 6, 1001, 4;
1, 256, 0, 0, 0, 0, 4, 999, 2;
1, 256, 0, 0, 0, 0, 4, 999, 2;
1, 256, 0, -1, -1, -1, 4, 998, 2;
1, 256, 0, 0, 0, 0, 4, 999, 2;
1, 256, 1, 1, 1, 1, 6, 1001, 4;
1, 256, 0, 1, 1, 1, 5, 1000, 3;
1, 256, 0, -1, -1, -1, 4, 998, 1;
1, 256, 0, 0, 0, 0, 5, 1000, 3;
1, 256, 0, 0, 0, 0, 5, 999, 3;
1, 256, 0, 0, 0, 0, 5, 1000, 3;
1, 256, 0, 0, 0, 0, 5, 1000, 3;
1, 256, 0, -1, -1, -1, 4, 998, 2;
1, 256, 1, 1, 1, 1, 6, 1001, 4;
1, 256, 0, 0, 0, 0, 5, 1000, 3;
1, 256, 0, 1, 1, 1, 5, 1000, 3;
1, 256, 1, 1, 1, 1, 6, 1001, 4;
1, 256, 0, 0, 0, 0, 5, 1000, 3;
1, 256, 0, -1, -1, -1, 4, 999, 2;
1, 256, 0, 0, 0, 0, 5, 1000, 3;
1, 256, 0, 0, 0, 0, 5, 999, 2;
1, 256, 0, 0, 0, 0, 4, 999, 2;
1, 256, 1, 1, 1, 1, 6, 1001, 4;
1, 256, 0, 0, 0, 0, 4, 999, 2;
1, 256, 0, 0, 0, 0, 4, 999, 2;
1, 256, 1, 1, 1, 1, 6, 1000, 3;
1, 256, 1, 1, 1, 1, 6, 1000, 3;
1, 256, 0, 1, 1, 1, 5, 1000, 3;
1, 256, 0, 0, 0, 0, 4, 999, 2;
1, 256, 0, -1, -1, -1, 4, 999, 2;
1, 256, 0, -1, -1, -1, 4, 999, 2;
1, 256, 1, 1, 1, 1, 6, 1001, 4;
1, 256, 0, -1, -1, -1, 4, 999, 2;
1, 256, 0, -1, -1, -1, 4, 998, 2;
1, 256, 0, 0, 0, 0, 4, 999, 2;
1, 256, 0, 1, 1, 1, 5, 1000, 3;
1, 256, 0, 0, 0, 0, 5, 999, 3;
1, 256, 0, 0, 0, 0, 5, 1000, 3;
1, 256, 0, 0, 0, 0, 4, 999, 2;
1, 256, 0, 0, 0, 0, 5, 1000, 3;
1, 256, 0, 0, 0, 0, 5, 1000, 3;
1, 256, 0, 1, 1, 1, 5, 1000, 3;
1, 256, 0, 0, 0, 0, 4, 999, 2;
1, 256, 0, 0, 0, 0, 4, 999, 2;
1, 256, 0, 0, 0, 0, 4, 999, 2;
1, 256, 0, 0, 0, 0, 5, 1000, 3;
1, 256, 0, -1, -1, -1, 4, 999, 2;
1, 256, 0, -1, -1, -1, 4, 999, 2;
1, 256, 0, 0, 0, 0, 4, 999, 2;
1, 256, 0, -1, -1, -1, 4, 998, 1;
1, 256, 1, 1, 1, 1, 6, 1001, 4;
1, 256, 1, 1, 1, 1, 6, 1001, 4;
1, 256, 0, 0, 0, 0, 5, 1000, 3;
1, 256, 0, 0, 0, 0, 5, 1000, 3;
1, 256, 0, 0, 0, 0, 5, 999, 2;
1, 256, 0, 0, 0, 0, 4, 999, 2;
1, 256, 0, -1, -1, -1, 4, 999, 2;
1, 256, 0, 0, 0, 0, 5, 1000, 3;
1, 256, 0, -1, -1, -1, 4, 999, 2;
1, 256, 0, 0, 0, 0, 5, 1000, 3;
1, 256, 1, 1, 1, 1, 6, 1000, 4;
1, 256, 0, 0, 0, 0, 5, 1000, 3;
1, 256, 0, 0, 0, 0, 4, 999, 2;
1, 256, 0, 0, 0, 0, 4, 999, 2;
1, 256, 0, 0, 0, 0, 4, 999, 2;
1, 256, 0, 0, 0, 0, 5, 1000, 3;
1, 256, 0, -1, -1, -1, 4, 999, 2;
1, 256, 0, 0, 0, 0, 4, 999, 2;
1, 256, 0, -1, -1, -1, 3, 998, 1;
1, 256, 0, -1, -1, -1, 3, 998, 1;
1, 256, 0, 0, 0, 0, 5, 1000, 3;
1, 256, 0, 0, 0, 0, 4, 999, 2;
1, 256, 0, 0, 0, 0, 4, 999, 2;
1, 256, 0, 0, 0, 0, 4, 999, 2;
1, 256, 0, 1, 1, 1, 5, 1000, 3;
1, 256, 0, 1, 1, 1, 5, 1000, 3;
1, 256, 0, 0, 0, 0, 4, 999, 2;
1, 256, 0, 0, 0, 0, 4, 999, 2;
1, 256, 1, 1, 1, 1, 5, 1000, 3;
1, 256, 0, -1, -1, -1, 4, 999, 2;
1, 256, 1, 1, 1, 1, 6, 1001, 4;
1, 256, 0, -1, -1, -1, 4, 999, 2;
1, 256, 0, 0, 0, 0, 4, 999, 2;
1, 256, 0, -1, -1, -1, 4, 999, 2;
1, 256, 0, -1, -1, -1, 4, 999, 2;
1, 256, 0, 0, 0, 0, 4, 999, 2;
1, 256, 1, 1, 1, 1, 6, 1001, 4;
1, 256, 0, 0, 0, 0, 5, 1000, 3;
1, 256, 0, 0, 0, 0, 5, 1000, 3;
1, 256, 0, 0, 0, 0, 5, 1000, 3;
1, 256, 1, 1, 1, 1, 6, 1001, 4;
1, 256, 0, 0, 0, 0, 4, 999, 2;
1, 256, 0, 1, 1, 1, 5, 1000, 3;
1, 256, 0, 0, 0, 0, 4, 999, 2;
1, 256, 0, -1, -1, -1, 3, 998, 1;
1, 256, 1, 1, 1, 1, 5, 1000, 3;
1, 256, 0, -1, -1, -1, 4, 999, 2;
1, 256, 0, 0, 0, 0, 5, 1000, 3;
1, 256, 0, 0, 0, 0, 5, 1000, 3;
1, 256, 0, 0, 0, 0, 5, 999, 3;
1, 256, 0, 0, 0, 0, 5, 999, 2;
1, 256, 0, 1, 1, 1, 5, 1000, 3;
0, 256, 0, -1, -1, -1, 3, 998, 1;
1, 256, 0, -1, -1, -1, 4, 999, 2;
1, 256, 0, 0, 0, 0, 4, 999, 2;
1, 256, 0, 0, 0, 0, 5, 999, 3;
1, 256, 0, -1, -1, -1, 3, 998, 1;
1, 256, 1, 1, 1, 1, 6, 1000, 4;
1, 256, 0, 1, 1, 1, 5, 1000, 3;
1, 256, 1, 1, 1, 1, 6, 1001, 4;
1, 256, 0, -1, -1, -1, 4, 999, 2;
1, 256, 0, 0, 0, 0, 4, 999, 2;
1, 256, 0, -1, -1, -1, 4, 999, 2;
1, 256, 0, 0, 0, 0, 5, 1000, 3;
1, 256, 0, 0, 0, 0, 5, 1000, 3;
1, 256, 0, -1, -1, -1, 4, 999, 2;
1, 256, 0, 0, 0, 0, 5, 1000, 3;
1, 256, 0, 0, 0, 0, 5, 1000, 3;
1, 256, 0, 0, 0, 0, 4, 999, 2;
1, 256, 0, 0, 0, 0, 4, 999, 2;
1, 256, 1, 1, 1, 1, 5, 1000, 3;
1, 256, 0, 1, 1, 1, 5, 1000, 3;
1, 256, 0, -1, -1, -1, 4, 998, 1;
1, 256, 0, -1, -1, -1, 4, 998, 1;
1, 256, 0, 0, 0, 0, 5, 1000, 3;
1, 256, 0, -1, -1, -1, 3, 998, 1;
1, 256, 0, -1, -1, -1, 4, 999, 2;
1, 256, 0, 0, 0, 0, 5, 1000, 3;
1, 256, 0, 0, 0, 0, 5, 1000, 3;
1, 256, 0, 0, 0, 0, 5, 999, 3;
1, 256, 0, 0, 0, 0, 5, 1000, 3;
1, 256, 1, 1, 1, 1, 6, 1001, 4;
1, 256, 0, 0, 0, 0, 5, 1000, 3;
1, 256, 0, 0, 0, 0, 4, 999, 2;
1, 256, 1, 1, 1, 1, 5, 1000, 3;
1, 256, 0, 0, 0, 0, 5, 1000, 3;
1, 256, 1, 1, 1, 1, 6, 1000, 4;
1, 256, 1, 1, 1, 1, 6, 1001, 4;
1, 256, 0, -1, -1, -1, 4, 998, 2;
1, 256, 0, 0, 0, 0, 4, 999, 2;
1, 256, 1, 1, 1, 1, 6, 1000, 4;
1, 256, 0, 0, 0, 0, 4, 999, 2;
1, 256, 0, 0, 0, 0, 5, 1000, 3;
1, 256, 0, -1, -1, -1, 4, 998, 2;
1, 256, 0, 0, 0, 0, 5, 1000, 3;
1, 256, 0, 0, 0, 0, 5, 1000, 3;
1, 256, 0, -1, -1, -1, 4, 999, 2;
1, 256, 0, 0, 0, 0, 5, 1000, 3;
1, 256, 0, 0, 0, 0, 5, 999, 3;
1, 256, 0, 1, 1, 1, 5, 1000, 3;
1, 256, 0, 0, 0, 0, 5, 1000, 3;
1, 256, 1, 1, 1, 1, 6, 1001, 4;
1, 256, 0, -1, -1, -1, 4, 999, 2;
0, 256, 0, -1, -1, -1, 3, 998, 1;
1, 256, 0, 0, 0, 0, 4, 999, 2;
1, 256, 0, 0, 0, 0, 4, 999, 2;
1, 256, 0, 0, 0, 0, 5, 1000, 3;
1, 256, 0, -1, -1, -1, 4, 999, 2;
1, 256, 1, 1, 1, 1, 6, 1001, 4;
1, 256, 0, -1, -1, -1, 4, 999, 2;
1, 256, 0, 0, 0, 0, 4, 999, 2;
1, 256, 0, -1, -1, -1, 4, 998, 1;
0, 256, 0, -1, -1, -1, 3, 998, 1;
1, 256, 0, 0, 0, 0, 5, 1000, 3;
1, 256, 0, 0, 0, 0, 5, 1000, 3;
1, 256, 0, 0, 0, 0, 5, 1000, 3;
1, 256, 0, 0, 0, 0, 5, 1000, 3;
1, 256, 0, 0, 0, 0, 4, 999, 2;
1, 256, 0, 0, 0, 0, 5, 999, 2;
1, 256, 0, -1, -1, -1, 3, 998, 1;
1, 256, 0, 0, 0, 0, 5, 1000, 3;
0, 256, 0, -1, -1, -1, 3, 998, 1;
1, 256, 1, 1, 1, 1, 6, 1001, 4;
1, 256, 1, 1, 1, 1, 6, 1001, 4;
1, 256, 0, 1, 1, 1, 5, 1000, 3;
1, 256, 0, 1, 1, 1, 5, 1000, 3;
1, 256, 0, 0, 0, 0, 5, 1000, 3;
1, 256, 1, 1, 1, 1, 6, 1001, 4;
1, 256, 0, 0, 0, 0, 4, 999, 2;
1, 256, 0, 1, 1, 1, 5, 1000, 3;
1, 256, 0, 0, 0, 0, 4, 999, 2;
1, 256, 0, 1, 1, 1, 5, 1000, 3;
1, 256, 0, -1, -1, -1, 4, 999, 2;
1, 256, 1, 1, 1, 1, 6, 1001, 4;
1, 256, 0, 0, 0, 0, 5, 1000, 3;
1, 256, 0, 0, 0, 0, 4, 999, 2;
1, 256, 0, 1, 1, 1, 5, 1000, 3;
1, 256, 0, 0, 0, 0, 4, 999, 2;
1, 256, 0, 0, 0, 0, 5, 1000, 3;
1, 256, 0, -1, -1, -1, 4, 999, 2;
1, 256, 0, 0, 0, 0, 5, 1000, 3;
1, 256, 0, -1, -1, -1, 4, 999, 2;
1, 256, 1, 1, 1, 1, 6, 1001, 4;
1, 256, 0, -1, -1, -1, 4, 999, 2;
1, 256, 1, 1, 1, 1, 5, 1000, 3;
1, 256, 0, -1, -1, -1, 4, 999, 2;
1, 256, 0, 0, 0, 0, 5, 1000, 3;
1, 256, 0, -1, -1, -1, 4, 999, 2;
1, 256, 0, 0, 0, 0, 4, 999, 2;
1, 256, 0, 0, 0, 0, 5, 1000, 3;
1, 256, 0, -1, -1, -1, 4, 998, 2;
1, 256, 0, 0, 0, 0, 5, 1000, 3;
1, 256, 0, 0, 0, 0, 4, 999, 2;
1, 256, 0, 0, 0, 0, 4, 999, 2;
1, 256, 0, 0, 0, 0, 4, 999, 2;
1, 256, 0, 0, 0, 0, 5, 1000, 3;
1, 256, 0, 0, 0, 0, 4, 999, 2;
1, 256, 0, 0, 0, 0, 4, 999, 2;
1, 256, 0, -1, -1, -1, 4, 999, 2;
1, 256, 0, 0, 0, 0, 4, 999, 2;
1, 256, 0, 0, 0, 0, 4, 999, 2;
1, 256, 0, -1, -1, -1, 3, 998, 1;
1, 256, 0, 0, 0, 0, 4, 999, 2;
1, 256, 0, -1, -1, -1, 4, 999, 2;
1, 256, 0, 0, 0, 0, 4, 999, 2;
1, 256, 1, 1, 1, 1, 6, 1001, 4;
1, 256, 0, 0, 0, 0, 5, 1000, 3;
1, 256, 0, -1, -1, -1, 4, 998, 2;
1, 256, 0, 0, 0, 0, 4, 999, 2;
1, 256, 1, 1, 1, 1, 6, 1000, 4;
1, 256, 0, -1, -1, -1, 4, 998, 1;
1, 256, 0, 0, 0, 0, 5, 1000, 3;
1, 256, 0, 0, 0, 0, 5, 1000, 3;
1, 256, 0, 0, 0, 0, 5, 1000, 3;
1, 256, 0, 0, 0, 0, 4, 999, 2;
1, 256, 0, 0, 0, 0, 5, 1000, 3;
1, 256, 1, 1, 1, 1, 6, 1001, 4;
1, 256, 0, -1, -1, -1, 4, 999, 2;
1, 256, 0, -1, -1, -1, 4, 999, 2;
1, 256, 0, 0, 0, 0, 5, 1000, 3;
1, 256, 0, 0, 0, 0, 4, 999, 2;
1, 256, 0, 0, 0, 0, 4, 999, 2;
1, 256, 1, 1, 1, 1, 6, 1000, 3;
1, 256, 0, 0, 0, 0, 5, 1000, 3;
1, 256, 0, 0, 0, 0, 4, 999, 2;
1, 256, 0, 0, 0, 0, 4, 999, 2;
1, 256, 0, 1, 1, 1, 5, 1000, 3;
1, 256, 0, 0, 0, 0, 5, 1000, 3;
1, 256, 0, 0, 0, 0, 4, 999, 2;
1, 256, 0, 0, 0, 0, 5, 1000, 3;
1, 256, 0, -1, -1, -1, 4, 999, 2;
1, 256, 0, 0, 0, 0, 5, 1000, 3;
1, 256, 0, -1, -1, -1, 4, 998, 2;
1, 256, 0, -1, -1, -1, 4, 999, 2;
1, 256, 0, 0, 0, 0, 4, 999, 2;
1, 256, 0, -1, -1, -1, 4, 999, 2;
1, 256, 0, 0, 0, 0, 5, 1000, 3;
1, 256, 0, -1, -1, -1, 3, 998, 1;
1, 256, 0, 0, 0, 0, 4, 999, 2;
1, 256, 0, 0, 0, 0, 5, 1000, 3;
1, 256, 1, 1, 1, 1, 6, 1001, 4;
1, 256, 1, 1, 1, 1, 6, 1001, 4;
1, 256, 0, -1, -1, -1, 4, 999, 2;
1, 256, 1, 1, 1, 1, 6, 1001, 4;
1, 256, 0, -1, -1, -1, 3, 998, 1;
1, 256, 0, 0, 0, 0, 4, 999, 2;
1, 256, 0, 1, 1, 1, 5, 1000, 3;
1, 256, 0, 0, 0, 0, 5, 999, 3;
1, 256, 1, 1, 1, 1, 6, 1001, 4;
1, 256, 0, 0, 0, 0, 5, 1000, 3;
1, 256, 0, 0, 0, 0, 4, 999, 2;
1, 256, 0, 0, 0, 0, 4, 999, 2;
1, 256, 0, 0, 0, 0, 4, 999, 2;
1, 256, 0, 0, 0, 0, 5, 1000, 3;
1, 256, 0, -1, -1, -1, 4, 999, 2;
1, 256, 0, 0, 0, 0, 4, 999, 2;
1, 256, 0, 1, 1, 1, 5, 1000, 3;
1, 256, 0, 0, 0, 0, 5, 1000, 3;
1, 256, 1, 1, 1, 1, 6, 1001, 4;
1, 256, 0, 0, 0, 0, 5, 1000, 3;
1, 256, 0, 0, 0, 0, 5, 1000, 3;
1, 256, 0, 0, 0, 0, 4, 999, 2;
1, 256, 1, 1, 1, 1, 5, 1000, 3;
1, 256, 0, 0, 0, 0, 5, 1000, 3;
1, 256, 0, 0, 0, 0, 4, 999, 2;
1, 256, 0, 0, 0, 0, 4, 999, 2;
1, 256, 0, 1, 1, 1, 5, 1000, 3;
1, 256, 0, 0, 0, 0, 5, 1000, 3;
1, 256, 0, 0, 0, 0, 5, 1000, 3;
1, 256, 0, 0, 0, 0, 5, 1000, 3;
1, 256, 0, 0, 0, 0, 5, 1000, 3;
1, 256, 0, 0, 0, 0, 5, 1000, 3;
1, 256, 0, 0, 0, 0, 5, 1000, 3;
1, 256, 0, 0, 0, 0, 5, 1000, 3;
1, 256, 0, -1, -1, -1, 3, 998, 1;
1, 256, 0, 0, 0, 0, 5, 1000, 3;
1, 256, 0, 0, 0, 0, 5, 1000, 3;
1, 256, 0, 0, 0, 0, 4, 999, 2;
1, 256, 0, 0, 0, 0, 5, 1000, 3;
1, 256, 0, 0, 0, 0, 5, 1000, 3;
1, 256, 0, 0, 0, 0, 4, 999, 2;
1, 256, 0, 1, 1, 1, 5, 1000, 3;
1, 256, 0, 0, 0, 0, 5, 1000, 3;
1, 256, 0, 0, 0, 0, 5, 999, 3;
1, 256, 0, -1, -1, -1, 4, 999, 2;
1, 256, 0, 0, 0, 0, 4, 999, 2;
1, 256, 0, -1, -1, -1, 4, 999, 2;
1, 256, 0, 0, 0, 0, 5, 1000, 3;
1, 256, 0, 0, 0, 0, 4, 999, 2;
1, 256, 0, 0, 0, 0, 5, 1000, 3;
1, 256, 0, 0, 0, 0, 5, 1000, 3;
1, 256, 0, -1, -1, -1, 4, 999, 2;
1, 256, 0, -1, -1, -1, 4, 999, 2;
1, 256, 0, 0, 0, 0, 5, 999, 2;
1, 256, 1, 1, 1, 1, 6, 1000, 4;
1, 256, 0, 0, 0, 0, 5, 1000, 3;
1, 256, 0, 1, 1, 1, 5, 1000, 3;
1, 256, 0, 0, 0, 0, 5, 1000, 3;
1, 256, 0, -1, -1, -1, 4, 999, 2;
1, 256, 1, 1, 1, 1, 6, 1000, 3;
1, 256, 0, 0, 0, 0, 5, 1000, 3;
1, 256, 0, -1, -1, -1, 3, 998, 1;
1, 256, 0, 0, 0, 0, 4, 999, 2;
1, 256, 0, -1, -1, -1, 4, 999, 2;
1, 256, 0, 0, 0, 0, 5, 1000, 3;
1, 256, 0, -1, -1, -1, 4, 999, 2;
1, 256, 1, 1, 1, 1, 6, 1001, 4;
1, 256, 0, 0, 0, 0, 5, 1000, 3;
1, 256, 1, 1, 1, 1, 6, 1001, 4;
1, 256, 0, 1, 1, 1, 5, 1000, 3;
1, 256, 0, -1, -1, -1, 4, 999, 2;
1, 256, 1, 1, 1, 1, 5, 1000, 3;
1, 256, 0, 0, 0, 0, 5, 999, 3;
1, 256, 0, 1, 1, 1, 5, 1000, 3;
1, 256, 0, 0, 0, 0, 4, 999, 2;
1, 256, 0, -1, -1, -1, 4, 999, 2;
1, 256, 0, 0, 0, 0, 4, 999, 2;
1, 256, 0, -1, -1, -1, 4, 999, 2;
1, 256, 1, 1, 1, 1, 6, 1001, 4;
1, 256, 0, -1, -1, -1, 4, 999, 2;
1, 256, 0, 1, 1, 1, 5, 1000, 3;
1, 256, 0, 0, 0, 0, 4, 999, 2;
1, 256, 0, 0, 0, 0, 5, 1000, 3;
1, 256, 0, 0, 0, 0, 5, 1000, 3;
1, 256, 1, 1, 1, 1, 6, 1001, 4;
1, 256, 0, -1, -1, -1, 4, 999, 2;
1, 256, 0, -1, -1, -1, 4, 999, 2;
1, 256, 0, 0, 0, 0, 4, 999, 2;
1, 256, 0, 0, 0, 0, 5, 999, 3;
1, 256, 1, 1, 1, 1, 6, 1001, 4;
1, 256, 1, 1, 1, 1, 6, 1001, 4;
1, 256, 0, -1, -1, -1, 4, 999, 2;
1, 256, 0, 0, 0, 0, 5, 1000, 3;
1, 256, 0, 1, 1, 1, 5, 1000, 3;
1, 256, 0, 0, 0, 0, 4, 999, 2;
1, 256, 0, 0, 0, 0, 4, 999, 2;
1, 256, 0, -1, -1, -1, 4, 999, 2;
1, 256, 1, 1, 1, 1, 5, 1000, 3;
1, 256, 0, -1, -1, -1, 3, 998, 1;
1, 256, 0, -1, -1, -1, 4, 999, 2;
1, 256, 0, 0, 0, 0, 5, 1000, 3;
1, 256, 0, 0, 0, 0, 5, 1000, 3;
1, 256, 0, 0, 0, 0, 4, 999, 2;
1, 256, 0, 0, 0, 0, 4, 999, 2;
1, 256, 0, 0, 0, 0, 4, 999, 2;
1, 256, 0, -1, -1, -1, 4, 999, 2;
1, 256, 1, 1, 1, 1, 6, 1001, 4;
1, 256, 0, 0, 0, 0, 4, 999, 2;
1, 256, 0, 0, 0, 0, 4, 999, 2;
1, 256, 0, 0, 0, 0, 4, 999, 2;
1, 256, 1, 1, 1, 1, 6, 1000, 3;
1, 256, 0, 0, 0, 0, 5, 1000, 3;
1, 256, 0, 0, 0, 0, 5, 999, 3;
1, 256, 0, 0, 0, 0, 5, 1000, 3;
1, 256, 0, 0, 0, 0, 5, 1000, 3;
1, 256, 0, 0, 0, 0, 5, 1000, 3;
1, 256, 0, 0, 0, 0, 5, 1000, 3;
1, 256, 0, 0, 0, 0, 4, 999, 2;
1, 256, 0, 0, 0, 0, 4, 999, 2;
1, 256, 0, 0, 0, 0, 5, 1000, 3;
1, 256, 0, -1, -1, -1, 4, 999, 2;
1, 256, 0, -1, -1, -1, 3, 998, 1;
1, 256, 0, 0, 0, 0, 5, 1000, 3;
1, 256, 0, 0, 0, 0, 4, 999, 2;
1, 256, 0, -1, -1, -1, 4, 998, 2;
1, 256, 1, 1, 1, 1, 6, 1001, 4;
1, 256, 1, 1, 1, 1, 5, 1000, 3;
1, 256, 0, -1, -1, -1, 4, 999, 2;
1, 256, 0, 0, 0, 0, 4, 999, 2;
1, 256, 1, 1, 1, 1, 6, 1001, 4;
1, 256, 1, 1, 1, 1, 6, 1000, 3;
1, 256, 0, 0, 0, 0, 5, 1000, 3;
1, 256, 0, 0, 0, 0, 4, 999, 2;
1, 256, 1, 1, 1, 1, 5, 1000, 3;
1, 256, 0, 0, 0, 0, 5, 1000, 3;
1, 256, 0, -1, -1, -1, 4, 999, 2;
1, 256, 1, 1, 1, 1, 6, 1000, 4;
1, 256, 0, 0, 0, 0, 4, 999, 2;
1, 256, 1, 1, 1, 1, 6, 1001, 4;
1, 256, 0, -1, -1, -1, 4, 999, 2;
1, 256, 0, 0, 0, 0, 4, 999, 2;
1, 256, 0, 0, 0, 0, 4, 999, 2;
1, 256, 0, 0, 0, 0, 4, 999, 2;
1, 256, 0, 0, 0, 0, 5, 1000, 3;
1, 256, 0, -1, -1, -1, 3, 998, 1;
1, 256, 0, 0, 0, 0, 4, 999, 2;
1, 256, 0, 0, 0, 0, 5, 1000, 3;
1, 256, 0, -1, -1, -1, 4, 999, 2;
1, 256, 0, -1, -1, -1, 4, 999, 2;
1, 256, 1, 1, 1, 1, 6, 1001, 4;
1, 256, 0, 0, 0, 0, 5, 999, 3;
1, 256, 0, -1, -1, -1, 3, 998, 1;
1, 256, 1, 1, 1, 1, 5, 1000, 3;
1, 256, 0, 0, 0, 0, 4, 999, 2;
1, 256, 0, 0, 0, 0, 5, 999, 3;
1, 256, 0, 0, 0, 0, 5, 1000, 3;
1, 256, 1, 1, 1, 1, 6, 1000, 3;
1, 256, 0, 0, 0, 0, 5, 1000, 3;
1, 256, 0, 0, 0, 0, 5, 1000, 3;
1, 256, 0, 0, 0, 0, 4, 999, 2;
1, 256, 0, -1, -1, -1, 4, 999, 2;
1, 256, 0, -1, -1, -1, 4, 998, 1;
1, 256, 0, 1, 1, 1, 5, 1000, 3;
1, 256, 0, -1, -1, -1, 4, 999, 2;
1, 256, 0, 0, 0, 0, 4, 999, 2;
1, 256, 0, -1, -1, -1, 3, 998, 1;
1, 256, 0, 0, 0, 0, 5, 1000, 3;
1, 256, 0, 1, 1, 1, 5, 1000, 3;
1, 256, 0, 1, 1, 1, 5, 1000, 3;
1, 256, 1, 1, 1, 1, 6, 1000, 3;
1, 256, 0, 0, 0, 0, 5, 1000, 3;
1, 256, 1, 1, 1, 1, 5, 1000, 3;
1, 256, 0, -1, -1, -1, 4, 999, 2;
1, 256, 0, 0, 0, 0, 4, 999, 2;
1, 256, 1, 1, 1, 1, 6, 1000, 4;
1, 256, 0, 0, 0, 0, 4, 999, 2;
1, 256, 1, 1, 1, 1, 6, 1000, 4;
1, 256, 0, 0, 0, 0, 5, 1000, 3;
1, 256, 0, 0, 0, 0, 5, 1000, 3;
1, 256, 0, 0, 0, 0, 4, 999, 2;
1, 256, 0, 0, 0, 0, 5, 1000, 3;
1, 256, 0, 1, 1, 1, 5, 1000, 3;
1, 256, 0, 0, 0, 0, 5, 999, 2;
1, 256, 0, -1, -1, -1, 4, 999, 2;
1, 256, 0, 0, 0, 0, 5, 1000, 3;
1, 256, 0, 0, 0, 0, 5, 1000, 3;
1, 256, 0, 1, 1, 1, 5, 1000, 3;
1, 256, 0, -1, -1, -1, 4, 999, 2;
1, 256, 1, 1, 1, 1, 6, 1000, 3;
1, 256, 1, 1, 1, 1, 6, 1000, 3;
1, 256, 0, 0, 0, 0, 4, 999, 2;
1, 256, 1, 1, 1, 1, 6, 1001, 4;
1, 256, 0, 0, 0, 0, 5, 1000, 3;
1, 256, 0, 0, 0, 0, 5, 1000, 3;
1, 256, 0, 0, 0, 0, 4, 999, 2;
1, 256, 0, 0, 0, 0, 4, 999, 2;
1, 256, 0, 0, 0, 0, 5, 1000, 3;
1, 256, 0, 0, 0, 0, 5, 1000, 3;
1, 256, 0, 0, 0, 0, 5, 1000, 3;
1, 256, 0, -1, -1, -1, 4, 999, 2;
1, 256, 0, 0, 0, 0, 4, 999, 2;
1, 256, 0, 0, 0, 0, 5, 1000, 3;
1, 256, 1, 1, 1, 1, 6, 1001, 4;
1, 256, 0, 0, 0, 0, 5, 1000, 3;
1, 256, 0, 1, 1, 1, 5, 1000, 3;
1, 256, 0, 0, 0, 0, 4, 999, 2;
1, 256, 0, 1, 1, 1, 5, 1000, 3;
1, 256, 1, 1, 1, 1, 6, 1001, 4;
1, 256, 1, 1, 1, 1, 6, 1000, 4;
1, 256, 0, -1, -1, -1, 3, 998, 1;
1, 256, 0, 0, 0, 0, 5, 1000, 3;
1, 256, 0, -1, -1, -1, 4, 998, 2;
1, 256, 1, 1, 1, 1, 6, 1001, 4;
1, 256, 0, -1, -1, -1, 4, 999, 2;
1, 256, 0, 0, 0, 0, 4, 999, 2;
1, 256, 0, 0, 0, 0, 5, 1000, 3;
1, 256, 0, 0, 0, 0, 5, 1000, 3;
1, 256, 0, -1, -1, -1, 4, 999, 2;
1, 256, 0, 0, 0, 0, 4, 999, 2;
1, 256, 0, 0, 0, 0, 5, 1000, 3;
1, 256, 0, 1, 1, 1, 5, 1000, 3;
1, 256, 0, 0, 0, 0, 5, 1000, 3;
1, 256, 0, 0, 0, 0, 5, 1000, 3;
1, 256, 0, 0, 0, 0, 5, 1000, 3;
1, 256, 0, 0, 0, 0, 5, 1000, 3;
1, 256, 0, 0, 0, 0, 4, 999, 2;
1, 256, 0, 0, 0, 0, 5, 1000, 3;
1, 256, 1, 1, 1, 1, 6, 1001, 4;
1, 256, 0, 0, 0, 0, 4, 999, 2;
1, 256, 0, -1, -1, -1, 4, 998, 2;
1, 256, 1, 1, 1, 1, 6, 1001, 4;
1, 256, 0, 1, 1, 1, 5, 1000, 3;
1, 256, 1, 1, 1, 1, 5, 1000, 3;
1, 256, 0, 0, 0, 0, 5, 999, 3;
1, 256, 1, 1, 1, 1, 6, 1001, 4;
1, 256, 0, 0, 0, 0, 4, 999, 2;
1, 256, 1, 1, 1, 1, 6, 1000, 3;
1, 256, 0, -1, -1, -1, 4, 999, 2;
1, 256, 0, -1, -1, -1, 4, 999, 2;
1, 256, 0, 0, 0, 0, 5, 1000, 3;
1, 256, 0, 0, 0, 0, 5, 1000, 3;
1, 256, 0, 0, 0, 0, 5, 1000, 3;
1, 256, 0, -1, -1, -1, 4, 999, 2;
1, 256, 0, 1, 1, 1, 5, 1000, 3;
1, 256, 0, -1, -1, -1, 3, 998, 1;
0, 256, 0, -1, -1, -1, 3, 998, 1;
1, 256, 0, 0, 0, 0, 4, 999, 2;
1, 256, 1, 1, 1, 1, 6, 1001, 4;
1, 256, 0, -1, -1, -1, 3, 998, 1;
1, 256, 1, 1, 1, 1, 5, 1000, 3;
1, 256, 0, 0, 0, 0, 5, 1000, 3;
1, 256, 0, -1, -1, -1, 4, 999, 2;
1, 256, 0, -1, -1, -1, 4, 999, 2;
1, 256, 0, 0, 0, 0, 5, 1000, 3;
1, 256, 0, 0, 0, 0, 5, 1000, 3;
1, 256, 0, -1, -1, -1, 4, 999, 2;
1, 256, 0, 0, 0, 0, 5, 1000, 3;
1, 256, 0, 0, 0, 0, 5, 1000, 3;
1, 256, 0, 1, 1, 1, 5, 1000, 3;
1, 256, 0, -1, -1, -1, 4, 998, 2;
1, 256, 0, 1, 1, 1, 5, 1000, 3;
1, 256, 0, 0, 0, 0, 5, 999, 2;
1, 256, 0, -1, -1, -1, 4, 999, 2;
1, 256, 0, 0, 0, 0, 4, 999, 2;
1, 256, 1, 1, 1, 1, 6, 1001, 4;
1, 256, 0, 1, 1, 1, 5, 1000, 3;
1, 256, 0, 0, 0, 0, 5, 1000, 3;
1, 256, 0, -1, -1, -1, 4, 999, 2;
1, 256, 0, -1, -1, -1, 4, 999, 2;
1, 256, 0, 0, 0, 0, 4, 999, 2;
1, 256, 1, 1, 1, 1, 6, 1000, 3;
1, 256, 0, -1, -1, -1, 4, 999, 2;
1, 256, 0, -1, -1, -1, 4, 999, 2;
1, 256, 0, 0, 0, 0, 5, 1000, 3;
1, 256, 0, 0, 0, 0, 5, 1000, 3;
1, 256, 0, -1, -1, -1, 4, 999, 2;
1, 256, 0, 0, 0, 0, 5, 1000, 3;
1, 256, 0, -1, -1, -1, 4, 999, 2;
1, 256, 0, 1, 1, 1, 5, 1000, 3;
1, 256, 1, 1, 1, 1, 6, 1001, 4;
1, 256, 1, 1, 1, 1, 6, 1000, 3;
1, 256, 0, 0, 0, 0, 5, 999, 3;
1, 256, 1, 1, 1, 1, 6, 1001, 4;
1, 256, 0, 0, 0, 0, 5, 1000, 3;
1, 256, 0, 0, 0, 0, 5, 1000, 3;
1, 256, 0, -1, -1, -1, 4, 999, 2;
1, 256, 0, 0, 0, 0, 4, 999, 2;
1, 256, 1, 1, 1, 1, 6, 1001, 4;
1, 256, 0, 0, 0, 0, 4, 999, 2;
1, 256, 0, 1, 1, 1, 5, 1000, 3;
1, 256, 0, -1, -1, -1, 4, 999, 2;
1, 256, 0, 0, 0, 0, 4, 999, 2;
1, 256, 0, 1, 1, 1, 5, 1000, 3;
1, 256, 0, 0, 0, 0, 4, 999, 2;
1, 256, 0, 0, 0, 0, 5, 1000, 3;
1, 256, 0, 0, 0, 0, 5, 1000, 3;
1, 256, 0, 0, 0, 0, 4, 999, 2;
1, 256, 0, 0, 0, 0, 4, 999, 2;
1, 256, 0, 0, 0, 0, 4, 999, 2;
1, 256, 0, -1, -1, -1, 4, 999, 2;
1, 256, 0, 0, 0, 0, 4, 999, 2;
1, 256, 0, 0, 0, 0, 4, 999, 2;
1, 256, 1, 1, 1, 1, 6, 1000, 4;
1, 256, 1, 1, 1, 1, 6, 1000, 4;
1, 256, 0, -1, -1, -1, 4, 998, 1;
1, 256, 0, 0, 0, 0, 5, 1000, 3;
1, 256, 0, 0, 0, 0, 4, 999, 2;
1, 256, 1, 1, 1, 1, 6, 1001, 4;
1, 256, 0, 0, 0, 0, 4, 999, 2;
1, 256, 0, -1, -1, -1, 4, 999, 2;
1, 256, 0, -1, -1, -1, 4, 999, 2;
1, 256, 0, 1, 1, 1, 5, 1000, 3;
1, 256, 0, 0, 0, 0, 5, 1000, 3;
1, 256, 0, 0, 0, 0, 4, 999, 2;
1, 256, 0, 1, 1, 1, 5, 1000, 3;
1, 256, 0, 0, 0, 0, 5, 1000, 3;
1, 256, 0, 0, 0, 0, 4, 999, 2;
1, 256, 0, 0, 0, 0, 4, 999, 2;
1, 256, 1, 1, 1, 1, 6, 1001, 4;
1, 256, 0, 1, 1, 1, 5, 1000, 3;
1, 256, 0, 0, 0, 0, 5, 1000, 3;
1, 256, 0, -1, -1, -1, 4, 998, 1;
1, 256, 0, 1, 1, 1, 5, 1000, 3;
1, 256, 0, 0, 0, 0, 4, 999, 2;
1, 256, 0, 0, 0, 0, 5, 1000, 3;
1, 256, 0, -1, -1, -1, 3, 998, 1;
1, 256, 0, 0, 0, 0, 5, 1000, 3;
1, 256, 0, -1, -1, -1, 4, 999, 2;
1, 256, 0, 0, 0, 0, 5, 1000, 3;
1, 256, 0, 0, 0, 0, 5, 1000, 3;
1, 256, 0, -1, -1, -1, 4, 999, 2;
1, 256, 0, 0, 0, 0, 4, 999, 2;
1, 256, 0, 0, 0, 0, 5, 1000, 3;
1, 256, 0, 0, 0, 0, 4, 999, 2;
1, 256, 0, 0, 0, 0, 5, 1000, 3;
1, 256, 0, -1, -1, -1, 4, 999, 2;
1, 256, 0, 0, 0, 0, 4, 999, 2;
1, 256, 0, 0, 0, 0, 5, 1000, 3;
1, 256, 0, -1, -1, -1, 4, 998, 2;
1, 256, 0, 1, 1, 1, 5, 1000, 3;
1, 256, 0, 0, 0, 0, 4, 999, 2;
1, 256, 0, 0, 0, 0, 4, 999, 2;
1, 256, 0, 0, 0, 0, 5, 1000, 3;
1, 256, 0, 1, 1, 1, 5, 1000, 3;
1, 256, 1, 1, 1, 1, 6, 1000, 3;
1, 256, 0, -1, -1, -1, 4, 999, 2;
1, 256, 0, -1, -1, -1, 4, 999, 2;
1, 256, 0, 0, 0, 0, 5, 1000, 3;
1, 256, 0, 0, 0, 0, 5, 1000, 3;
1, 256, 0, 0, 0, 0, 5, 1000, 3;
1, 256, 0, -1, -1, -1, 4, 999, 2;
1, 256, 0, 0, 0, 0, 4, 999, 2;
1, 256, 0, 0, 0, 0, 5, 1000, 3;
1, 256, 0, 0, 0, 0, 5, 1000, 3;
1, 256, 0, 0, 0, 0, 4, 999, 2;
1, 256, 0, 0, 0, 0, 4, 999, 2;
1, 256, 0, 0, 0, 0, 5, 1000, 3;
1, 256, 0, -1, -1, -1, 4, 999, 2;
1, 256, 0, -1, -1, -1, 3, 998, 1;
1, 256, 0, 0, 0, 0, 4, 999, 2;
1, 256, 0, -1, -1, -1, 3, 998, 1;
1, 256, 0, 0, 0, 0, 4, 999, 2;
1, 256, 0, 0, 0, 0, 5, 1000, 3;
1, 256, 1, 1, 1, 1, 6, 1001, 4;
1, 256, 0, -1, -1, -1, 3, 998, 1;
1, 256, 0, 0, 0, 0, 4, 999, 2;
1, 256, 0, -1, -1, -1, 4, 999, 2;
1, 256, 0, 0, 0, 0, 5, 999, 2;
1, 256, 0, -1, -1, -1, 4, 999, 2;
1, 256, 0, 0, 0, 0, 5, 999, 3;
1, 256, 0, 0, 0, 0, 5, 999, 2;
1, 256, 0, 0, 0, 0, 5, 1000, 3;
1, 256, 0, 0, 0, 0, 4, 999, 2;
1, 256, 0, 0, 0, 0, 5, 1000, 3;
1, 256, 0, 0, 0, 0, 5, 1000, 3;
1, 256, 0, -1, -1, -1, 4, 999, 2;
1, 256, 0, 0, 0, 0, 5, 1000, 3;
1, 256, 0, 0, 0, 0, 4, 999, 2;
1, 256, 0, 0, 0, 0, 4, 999, 2;
1, 256, 0, 1, 1, 1, 5, 1000, 3;
1, 256, 0, 0, 0, 0, 4, 999, 2;
1, 256, 0, 1, 1, 1, 5, 1000, 3;
1, 256, 0, 0, 0, 0, 5, 1000, 3;
1, 256, 1, 1, 1, 1, 6, 1001, 4;
1, 256, 0, -1, -1, -1, 4, 999, 2;
1, 256, 0, 1, 1, 1, 5, 1000, 3;
1, 256, 0, -1, -1, -1, 4, 999, 2;
1, 256, 0, -1, -1, -1, 4, 999, 2;
1, 256, 0, 0, 0, 0, 5, 1000, 3;
1, 256, 0, 0, 0, 0, 4, 999, 2;
1, 256, 0, 0, 0, 0, 5, 1000, 3;
1, 256, 0, 0, 0, 0, 5, 1000, 3;
1, 256, 0, 0, 0, 0, 5, 1000, 3;
1, 256, 0, 0, 0, 0, 5, 999, 3;
1, 256, 0, 0, 0, 0, 4, 999, 2;
1, 256, 0, 1, 1, 1, 5, 1000, 3;
1, 256, 0, 1, 1, 1, 5, 1000, 3;
1, 256, 0, -1, -1, -1, 4, 999, 2;
1, 256, 0, -1, -1, -1, 4, 999, 2;
1, 256, 0, 0, 0, 0, 4, 999, 2;
1, 256, 0, 0, 0, 0, 5, 1000, 3;
1, 256, 0, 0, 0, 0, 4, 999, 2;
1, 256, 0, 0, 0, 0, 5, 1000, 3;
1, 256, 0, 1, 1, 1, 5, 1000, 3;
1, 256, 0, 0, 0, 0, 5, 1000, 3;
1, 256, 0, 0, 0, 0, 5, 999, 3;
1, 256, 0, -1, -1, -1, 4, 999, 2;
1, 256, 0, 0, 0, 0, 4, 999, 2;
1, 256, 0, 0, 0, 0, 4, 999, 2;
1, 256, 0, -1, -1, -1, 3, 998, 1;
1, 256, 0, 1, 1, 1, 5, 1000, 3;
1, 256, 1, 1, 1, 1, 6, 1000, 4;
1, 256, 0, 0, 0, 0, 5, 1000, 3;
1, 256, 1, 1, 1, 1, 6, 1000, 3;
1, 256, 0, 0, 0, 0, 5, 1000, 3;
1, 256, 0, -1, -1, -1, 4, 999, 2;
1, 256, 0, 0, 0, 0, 4, 999, 2;
1, 256, 0, 1, 1, 1, 5, 1000, 3;
1, 256, 0, 0, 0, 0, 4, 999, 2;
1, 256, 0, -1, -1, -1, 4, 999, 2;
1, 256, 1, 1, 1, 1, 6, 1001, 4;
1, 256, 0, 0, 0, 0, 5, 999, 3;
1, 256, 1, 1, 1, 1, 6, 1001, 4;
1, 256, 0, -1, -1, -1, 4, 998, 2;
1, 256, 0, 0, 0, 0, 4, 999, 2;
1, 256, 0, -1, -1, -1, 4, 999, 2;
1, 256, 0, 0, 0, 0, 4, 999, 2;
1, 256, 0, 1, 1, 1, 5, 1000, 3;
1, 256, 1, 1, 1, 1, 6, 1001, 4;
1, 256, 0, 0, 0, 0, 4, 999, 2;
0, 256, 0, -1, -1, -1, 3, 998, 1;
1, 256, 0, 0, 0, 0, 4, 999, 2;
1, 256, 0, 0, 0, 0, 4, 999, 2;
1, 256, 0, 0, 0, 0, 5, 1000, 3;
1, 256, 0, 1, 1, 1, 5, 1000, 3;
1, 256, 0, -1, -1, -1, 4, 998, 2;
1, 256, 0, 0, 0, 0, 5, 1000, 3;
1, 256, 0, 1, 1, 1, 5, 1000, 3;
1, 256, 0, 0, 0, 0, 5, 999, 2;
1, 256, 0, 0, 0, 0, 5, 1000, 3;
1, 256, 0, 1, 1, 1, 5, 1000, 3;
1, 256, 1, 1, 1, 1, 6, 1001, 4;
1, 256, 0, 0, 0, 0, 4, 999, 2;
1, 256, 0, -1, -1, -1, 3, 998, 1;
1, 256, 0, 0, 0, 0, 4, 999, 2;
1, 256, 0, -1, -1, -1, 4, 999, 2;
1, 256, 0, 0, 0, 0, 5, 1000, 3;
1, 256, 0, 1, 1, 1, 5, 1000, 3;
1, 256, 0, 0, 0, 0, 4, 999, 2;
1, 256, 0, 0, 0, 0, 5, 1000, 3;
1, 256, 0, 0, 0, 0, 4, 999, 2;
1, 256, 0, 0, 0, 0, 5, 1000, 3;
1, 256, 0, 0, 0, 0, 4, 999, 2;
1, 256, 1, 1, 1, 1, 6, 1001, 4;
1, 256, 1, 1, 1, 1, 6, 1000, 3;
1, 256, 1, 1, 1, 1, 6, 1001, 4;
1, 256, 0, 0, 0, 0, 5, 1000, 3;
1, 256, 0, -1, -1, -1, 3, 998, 1;
1, 256, 0, 0, 0, 0, 5, 1000, 3;
1, 256, 0, -1, -1, -1, 4, 999, 2;
1, 256, 1, 1, 1, 1, 6, 1001, 4;
1, 256, 0, 0, 0, 0, 5, 1000, 3;
1, 256, 0, 0, 0, 0, 4, 999, 2;
1, 256, 0, 0, 0, 0, 5, 1000, 3;
1, 256, 0, 0, 0, 0, 4, 999, 2;
1, 256, 0, 0, 0, 0, 5, 999, 2;
1, 256, 0, 0, 0, 0, 5, 1000, 3;
1, 256, 0, 0, 0, 0, 4, 999, 2;
1, 256, 0, 0, 0, 0, 4, 999, 2;
1, 256, 1, 1, 1, 1, 6, 1001, 4;
1, 256, 0, -1, -1, -1, 4, 999, 2;
1, 256, 0, -1, -1, -1, 3, 998, 1;
1, 256, 0, 0, 0, 0, 5, 1000, 3;
1, 256, 0, 0, 0, 0, 5, 1000, 3;
1, 256, 0, -1, -1, -1, 3, 998, 1;
1, 256, 1, 1, 1, 1, 6, 1001, 4;
1, 256, 0, 0, 0, 0, 5, 999, 3;
1, 256, 0, 0, 0, 0, 4, 999, 2;
1, 256, 0, -1, -1, -1, 4, 999, 2;
1, 256, 1, 1, 1, 1, 6, 1001, 4;
1, 256, 0, 0, 0, 0, 5, 1000, 3;
1, 256, 0, 0, 0, 0, 5, 1000, 3;
1, 256, 0, 0, 0, 0, 4, 999, 2;
1, 256, 1, 1, 1, 1, 6, 1001, 4;