0, 295, 12, 0, 409, 0, 0, 1152, 50;
-1, 292, 9, 15, 398, -11, -7, 1138, 37;
2, 294, 11, 49, 403, -4, 8, 1147, 45;
4, 294, 12, 78, 403, -1, 17, 1148, 48;
10, 298, 16, 119, 414, 12, 41, 1165, 66;
6, 292, 10, 126, 390, -7, 23, 1139, 41;
9, 292, 11, 156, 389, -3, 35, 1142, 46;
10, 292, 11, 182, 383, -3, 41, 1139, 46;
15, 295, 15, 218, 388, 7, 62, 1151, 60;
14, 291, 12, 233, 370, -2, 55, 1135, 47;
17, 291, 13, 261, 366, 1, 66, 1137, 52;
21, 293, 16, 293, 365, 9, 82, 1144, 62;
19, 289, 13, 308, 346, 0, 77, 1130, 51;
23, 290, 15, 336, 341, 6, 90, 1133, 59;
23, 288, 14, 356, 328, 4, 93, 1126, 56;
20, 283, 10, 363, 302, -9, 81, 1105, 39;
22, 282, 10, 383, 289, -9, 86, 1099, 39;
25, 283, 12, 409, 283, -2, 99, 1103, 48;
31, 286, 16, 442, 283, 12, 122, 1116, 66;
25, 277, 10, 438, 246, -9, 99, 1083, 39;
32, 281, 15, 472, 248, 7, 125, 1099, 60;
33, 281, 16, 489, 235, 10, 132, 1096, 63;
31, 276, 13, 494, 209, 0, 123, 1078, 51;
29, 272, 10, 498, 183, -8, 115, 1061, 40;
32, 272, 12, 517, 173, -1, 127, 1063, 49;
32, 270, 11, 526, 152, -4, 126, 1053, 45;
34, 270, 13, 540, 139, 1, 135, 1053, 52;
36, 269, 14, 553, 125, 5, 142, 1051, 57;
38, 268, 15, 563, 109, 8, 148, 1048, 60;
39, 267, 16, 572, 94, 10, 153, 1044, 64;
37, 264, 14, 571, 69, 5, 147, 1030, 57;
36, 260, 12, 569, 44, 0, 141, 1015, 50;
35, 258, 12, 570, 23, -2, 139, 1007, 48;
36, 256, 12, 572, 5, -1, 141, 1000, 49;
35, 254, 11, 569, -16, -3, 138, 990, 46;
34, 250, 10, 564, -39, -7, 132, 978, 41;
39, 255, 16, 580, -40, 11, 155, 994, 65;
32, 246, 9, 553, -81, -11, 126, 959, 36;
32, 244, 10, 550, -98, -9, 127, 955, 39;
35, 246, 13, 555, -106, 1, 140, 962, 53;
37, 246, 15, 553, -119, 7, 144, 961, 60;
34, 243, 13, 538, -143, 1, 135, 948, 53;
33, 240, 12, 525, -163, 0, 129, 938, 49;
33, 239, 13, 516, -178, 1, 130, 934, 52;
28, 234, 9, 493, -207, -9, 112, 914, 38;
32, 237, 14, 494, -209, 4, 127, 926, 57;
31, 235, 13, 477, -227, 2, 121, 917, 54;
30, 233, 13, 461, -243, 2, 117, 911, 54;
28, 231, 13, 443, -260, 0, 111, 903, 52;
28, 231, 14, 430, -269, 5, 112, 904, 58;
28, 231, 15, 414, -281, 8, 111, 902, 61;
21, 224, 10, 377, -312, -9, 84, 875, 39;
26, 229, 15, 374, -306, 9, 102, 893, 62;
18, 221, 9, 333, -338, -11, 71, 863, 37;
20, 223, 12, 320, -340, -1, 78, 871, 48;
20, 224, 14, 304, -344, 4, 80, 875, 56;
15, 220, 11, 270, -364, -5, 62, 859, 44;
15, 220, 12, 249, -370, -2, 59, 859, 47;
18, 224, 16, 239, -364, 11, 71, 874, 65;
14, 221, 14, 207, -378, 4, 55, 862, 56;
9, 217, 11, 172, -394, -4, 38, 848, 45;
12, 221, 15, 159, -387, 7, 47, 862, 60;
11, 221, 16, 135, -389, 10, 44, 863, 63;
3, 215, 10, 91, -410, -7, 15, 840, 41;
0, 213, 9, 60, -418, -11, 3, 834, 36;
2, 216, 12, 43, -410, -1, 9, 845, 48;
0, 215, 11, 13, -414, -4, 0, 841, 45;
0, 217, 13, -8, -409, 0, -2, 847, 51;
-3, 215, 11, -40, -413, -4, -14, 841, 45;
-4, 216, 12, -65, -409, -2, -18, 844, 47;
-7, 216, 11, -94, -409, -4, -28, 843, 45;
-5, 220, 15, -109, -394, 7, -20, 858, 59;
-5, 222, 16, -131, -385, 11, -21, 865, 65;
-10, 218, 13, -168, -391, 0, -41, 853, 51;
-15, 216, 9, -204, -395, -10, -60, 843, 38;
-16, 217, 10, -226, -386, -7, -63, 849, 41;
-15, 220, 12, -245, -371, -1, -62, 860, 49;
-13, 225, 16, -258, -352, 10, -54, 877, 63;
-18, 222, 13, -291, -351, 0, -71, 869, 51;
-17, 225, 15, -308, -335, 6, -69, 880, 59;
-19, 227, 15, -329, -323, 7, -74, 885, 60;
-24, 224, 11, -362, -323, -3, -94, 875, 46;
-20, 230, 16, -368, -296, 11, -80, 899, 64;
-25, 228, 13, -397, -292, 1, -97, 891, 52;
-25, 230, 14, -415, -277, 3, -100, 899, 54;
-26, 232, 14, -432, -261, 4, -103, 905, 56;
-32, 228, 9, -465, -263, -12, -127, 891, 35;
-27, 236, 15, -461, -228, 7, -107, 921, 60;
-32, 233, 11, -488, -224, -4, -126, 912, 45;
-33, 234, 11, -504, -209, -6, -131, 916, 43;
-34, 237, 11, -516, -190, -4, -133, 924, 44;
-29, 244, 16, -510, -156, 12, -114, 952, 66;
-37, 238, 9, -545, -162, -11, -147, 929, 36;
-37, 240, 10, -551, -141, -9, -146, 939, 39;
-32, 247, 15, -544, -107, 6, -128, 965, 59;
-39, 243, 9, -569, -107, -11, -152, 950, 36;
-33, 251, 15, -555, -68, 8, -130, 981, 61;
-39, 247, 9, -578, -68, -10, -154, 965, 37;
-39, 249, 9, -581, -48, -10, -154, 972, 38;
-33, 258, 16, -562, -8, 11, -128, 1006, 64;
-39, 253, 9, -583, -9, -9, -154, 987, 38;
-36, 258, 13, -571, 20, 1, -140, 1008, 52;
-37, 258, 11, -575, 33, -4, -147, 1008, 45;
-35, 262, 13, -565, 60, 2, -138, 1024, 54;
-39, 259, 9, -575, 64, -12, -155, 1013, 35;
-35, 265, 12, -558, 95, 0, -139, 1035, 50;
-32, 269, 15, -543, 122, 7, -127, 1052, 60;
-36, 267, 11, -548, 127, -5, -141, 1042, 44;
-34, 270, 12, -534, 149, -1, -134, 1054, 49;
-33, 272, 12, -524, 167, -1, -132, 1060, 49;
-33, 273, 12, -512, 184, -1, -128, 1067, 49;
-32, 275, 12, -499, 201, -1, -125, 1074, 49;
-34, 274, 9, -494, 209, -9, -132, 1069, 38;
-30, 278, 12, -471, 233, -2, -119, 1085, 48;
-29, 279, 12, -456, 247, -3, -116, 1089, 46;
-30, 279, 10, -443, 259, -6, -117, 1090, 42;
-28, 281, 11, -422, 276, -4, -109, 1099, 45;
-24, 285, 13, -397, 295, 1, -97, 1111, 52;
-23, 286, 13, -378, 308, 1, -92, 1116, 52;
-22, 287, 13, -358, 320, 0, -88, 1119, 51;
-19, 290, 15, -330, 337, 6, -75, 1131, 58;
-19, 289, 13, -312, 345, 2, -75, 1130, 54;
-20, 288, 11, -296, 348, -4, -78, 1125, 45;
-14, 293, 15, -261, 369, 6, -58, 1143, 59;
-16, 291, 12, -246, 368, -2, -63, 1135, 47;
-16, 290, 11, -225, 372, -6, -62, 1133, 43;
-12, 292, 12, -195, 384, -1, -49, 1142, 49;
-7, 297, 16, -157, 403, 11, -27, 1160, 65;
-9, 294, 13, -142, 397, 0, -35, 1148, 51;
-10, 292, 10, -124, 392, -8, -39, 1139, 40;
-4, 296, 14, -84, 409, 4, -16, 1157, 57;
-3, 295, 13, -61, 408, 1, -14, 1153, 52;
0, 297, 14, -31, 413, 4, -3, 1158, 56;
-2, 293, 11, -14, 404, -5, -9, 1146, 44;
-1, 293, 10, 10, 402, -7, -4, 1143, 41;
0, 291, 9, 32, 396, -12, -3, 1137, 35;
8, 298, 16, 83, 417, 11, 31, 1165, 64;
6, 295, 13, 100, 405, 1, 26, 1152, 52;
11, 298, 16, 137, 412, 12, 46, 1164, 66;
13, 298, 16, 163, 407, 11, 52, 1162, 65;
7, 289, 9, 165, 377, -12, 29, 1130, 36;
12, 292, 12, 202, 382, 0, 49, 1142, 50;
12, 289, 10, 220, 368, -7, 46, 1130, 41;
16, 292, 13, 254, 370, 2, 65, 1139, 53;
14, 287, 10, 267, 350, -9, 57, 1122, 39;
17, 287, 11, 293, 343, -6, 66, 1122, 43;
21, 290, 14, 326, 343, 4, 85, 1131, 56;
20, 286, 11, 339, 323, -4, 80, 1116, 45;
24, 287, 13, 368, 318, 2, 94, 1120, 54;
26, 287, 15, 393, 310, 6, 104, 1121, 59;
28, 286, 15, 414, 298, 8, 111, 1118, 61;
24, 279, 10, 414, 266, -9, 93, 1091, 39;
28, 282, 13, 444, 263, 2, 112, 1099, 53;
27, 278, 11, 453, 240, -5, 107, 1084, 43;
32, 280, 14, 480, 236, 5, 125, 1092, 57;
33, 279, 15, 495, 220, 6, 129, 1088, 59;
28, 272, 9, 492, 187, -10, 112, 1060, 38;
34, 274, 14, 518, 183, 3, 132, 1071, 55;
35, 273, 14, 531, 168, 5, 137, 1067, 57;
31, 267, 10, 528, 136, -8, 123, 1043, 40;
33, 267, 11, 541, 122, -4, 130, 1041, 45;
32, 263, 10, 544, 99, -8, 126, 1029, 39;
33, 262, 10, 551, 81, -7, 129, 1023, 41;
39, 266, 16, 575, 80, 9, 152, 1038, 63;
36, 261, 13, 569, 51, 0, 141, 1019, 51;
38, 261, 14, 577, 37, 5, 148, 1018, 57;
38, 259, 14, 578, 17, 4, 148, 1010, 57;
32, 251, 9, 561, -18, -12, 127, 982, 36;
34, 252, 11, 567, -31, -5, 135, 983, 44;
38, 254, 15, 577, -37, 7, 150, 992, 60;
38, 252, 15, 572, -58, 6, 148, 983, 58;
34, 246, 11, 556, -88, -5, 133, 962, 44;
32, 243, 9, 545, -111, -9, 126, 949, 38;
34, 244, 12, 548, -120, 0, 135, 954, 50;
30, 239, 9, 528, -149, -11, 120, 934, 37;
33, 241, 13, 529, -156, 0, 131, 941, 50;
36, 242, 15, 528, -165, 9, 140, 946, 62;
30, 236, 11, 502, -196, -4, 120, 923, 45;
28, 233, 9, 483, -218, -10, 110, 909, 38;
31, 236, 14, 483, -220, 4, 124, 921, 56;
29, 233, 13, 464, -240, 0, 115, 910, 51;
30, 233, 14, 453, -250, 5, 118, 911, 57;
24, 227, 10, 422, -279, -8, 96, 888, 40;
25, 228, 12, 409, -287, -2, 99, 890, 47;
26, 228, 14, 396, -295, 3, 101, 892, 55;
25, 227, 14, 376, -307, 4, 97, 888, 55;
25, 228, 16, 361, -314, 9, 99, 890, 62;
20, 223, 12, 328, -337, -1, 79, 872, 48;
16, 220, 9, 297, -355, -9, 64, 858, 38;
16, 220, 11, 279, -360, -4, 64, 861, 45;
13, 218, 9, 250, -375, -10, 51, 850, 37;
16, 222, 14, 241, -368, 5, 65, 867, 57;
17, 223, 16, 223, -369, 11, 67, 872, 65;
8, 215, 9, 174, -399, -11, 31, 840, 36;
11, 219, 13, 162, -390, 2, 43, 856, 54;
6, 216, 11, 128, -403, -5, 26, 844, 44;
9, 220, 15, 115, -394, 7, 36, 859, 60;
5, 218, 13, 82, -403, 2, 22, 851, 53;
1, 214, 10, 46, -415, -7, 4, 838, 41;
3, 218, 14, 31, -404, 4, 12, 852, 56;
0, 216, 12, -1, -411, -1, -2, 844, 48;
-2, 215, 11, -31, -413, -3, -11, 842, 46;
-4, 216, 12, -57, -411, -3, -17, 843, 47;
-8, 214, 9, -91, -416, -11, -33, 834, 37;
-3, 221, 16, -96, -391, 11, -12, 863, 65;
-5, 221, 16, -123, -388, 10, -20, 863, 63;
-10, 218, 13, -159, -393, 0, -39, 853, 51;
-8, 222, 16, -176, -378, 9, -34, 867, 62;
-16, 217, 10, -219, -389, -8, -62, 847, 40;
-11, 223, 16, -226, -363, 9, -46, 872, 63;
-14, 223, 15, -253, -358, 6, -56, 872, 59;
-15, 224, 15, -277, -348, 7, -61, 876, 59;
-23, 219, 9, -318, -357, -11, -90, 857, 37;
-20, 224, 13, -329, -334, 0, -80, 875, 52;
-24, 223, 10, -359, -331, -7, -96, 869, 41;
-26, 223, 10, -381, -320, -8, -103, 872, 39;
-28, 224, 9, -404, -310, -11, -111, 874, 36;
-27, 228, 12, -414, -287, -2, -105, 890, 47;
-31, 226, 9, -441, -282, -11, -120, 885, 37;
-32, 228, 9, -459, -268, -11, -126, 889, 36;
-26, 236, 15, -455, -232, 8, -104, 921, 61;
-32, 233, 11, -484, -230, -5, -125, 909, 44;
-32, 235, 12, -496, -211, -3, -126, 918, 47;
-35, 234, 9, -516, -201, -9, -138, 916, 38;
-29, 243, 16, -508, -163, 10, -115, 948, 64;
-37, 237, 9, -541, -167, -11, -145, 927, 37;
-37, 240, 10, -548, -147, -8, -144, 937, 40;
-37, 242, 10, -556, -128, -7, -146, 945, 41;
-32, 249, 15, -547, -93, 8, -127, 972, 61;
-38, 245, 9, -571, -92, -9, -151, 957, 38;
-33, 252, 15, -559, -56, 7, -131, 985, 60;
-33, 255, 15, -561, -35, 9, -130, 994, 62;
-39, 251, 10, -580, -33, -8, -152, 980, 40;
-32, 259, 16, -561, 5, 11, -127, 1012, 65;
-33, 260, 15, -565, 21, 8, -132, 1015, 61;
-33, 262, 16, -561, 42, 10, -129, 1024, 63;
-33, 264, 15, -560, 60, 8, -130, 1030, 62;
-32, 266, 16, -554, 80, 10, -127, 1039, 63;
-34, 265, 13, -557, 91, 2, -136, 1036, 54;
-38, 263, 10, -562, 99, -8, -148, 1029, 40;
-31, 271, 16, -535, 136, 9, -123, 1059, 63;
-37, 266, 9, -548, 133, -11, -147, 1040, 36;
-36, 268, 9, -536, 153, -9, -143, 1048, 38;
-33, 273, 12, -516, 179, 0, -129, 1066, 49;
-34, 272, 10, -511, 188, -8, -136, 1062, 39;
-28, 279, 16, -480, 223, 9, -110, 1091, 62;
-26, 281, 16, -463, 241, 10, -104, 1099, 64;
-31, 277, 10, -467, 237, -8, -124, 1081, 40;
-27, 282, 13, -439, 263, 2, -107, 1100, 53;
-23, 286, 16, -413, 287, 11, -91, 1117, 65;
-29, 280, 9, -415, 279, -9, -113, 1095, 38;
-23, 286, 14, -381, 308, 4, -89, 1119, 57;
-19, 290, 16, -354, 327, 11, -76, 1131, 65;
-22, 287, 12, -344, 327, 0, -86, 1121, 50;
-24, 285, 9, -334, 327, -11, -94, 1111, 36;
-20, 288, 12, -302, 346, -3, -78, 1126, 47;
-16, 292, 14, -272, 363, 4, -63, 1139, 55;
-17, 290, 11, -257, 363, -5, -69, 1131, 44;
-17, 289, 10, -236, 367, -8, -67, 1129, 39;
-10, 295, 15, -194, 392, 8, -39, 1153, 61;
-11, 293, 12, -179, 387, -1, -46, 1143, 48;
-6, 297, 16, -140, 406, 11, -23, 1161, 64;
-4, 298, 16, -112, 412, 12, -15, 1164, 66;
-6, 294, 12, -100, 402, -1, -26, 1148, 48;
0, 299, 16, -60, 418, 11, -3, 1166, 65;
-1, 296, 14, -40, 412, 4, -6, 1157, 55;
-4, 292, 10, -27, 400, -9, -16, 1140, 39;
0, 294, 11, 5, 406, -3, -2, 1148, 46;
0, 293, 11, 31, 404, -4, 2, 1146, 44;
6, 297, 15, 70, 415, 7, 25, 1161, 60;
3, 293, 11, 83, 398, -6, 14, 1143, 42;
5, 293, 11, 110, 395, -5, 21, 1142, 44;
7, 292, 11, 136, 390, -6, 27, 1140, 43;
8, 292, 11, 163, 386, -5, 34, 1139, 43;
8, 289, 9, 182, 373, -12, 33, 1128, 35;
13, 291, 12, 217, 376, -2, 51, 1138, 47;
14, 291, 12, 241, 368, -2, 57, 1135, 47;
14, 288, 10, 260, 354, -7, 57, 1125, 41;
16, 287, 10, 284, 345, -7, 63, 1122, 41;
20, 289, 13, 317, 344, 2, 81, 1130, 53;
20, 286, 11, 333, 327, -3, 79, 1119, 46;
26, 290, 16, 369, 330, 11, 103, 1133, 64;
20, 282, 9, 369, 296, -10, 81, 1101, 37;
26, 286, 14, 403, 298, 4, 104, 1115, 56;
28, 285, 15, 425, 287, 7, 112, 1113, 59;
25, 279, 10, 429, 259, -6, 100, 1090, 42;
26, 277, 10, 444, 242, -9, 101, 1082, 39;
29, 278, 12, 468, 234, 0, 115, 1087, 50;
31, 278, 13, 487, 222, 2, 124, 1085, 54;
27, 271, 9, 486, 190, -12, 108, 1060, 35;
35, 277, 16, 521, 196, 10, 140, 1082, 63;
35, 274, 15, 529, 174, 6, 137, 1070, 58;
35, 272, 14, 539, 156, 5, 139, 1063, 58;
33, 268, 12, 540, 130, -1, 132, 1047, 48;
35, 267, 13, 552, 115, 1, 138, 1044, 52;
36, 266, 14, 561, 99, 3, 143, 1039, 55;
33, 261, 10, 556, 69, -7, 130, 1019, 41;
37, 263, 14, 573, 63, 5, 148, 1028, 57;
35, 259, 12, 567, 35, -3, 137, 1010, 46;
37, 259, 13, 575, 21, 2, 145, 1010, 54;
39, 258, 15, 581, 7, 7, 152, 1009, 60;
38, 256, 14, 578, -13, 5, 149, 999, 57;
33, 249, 10, 561, -48, -9, 130, 973, 39;
34, 248, 11, 561, -63, -6, 133, 970, 43;
35, 249, 13, 563, -76, 0, 139, 971, 50;
31, 243, 9, 545, -107, -12, 123, 949, 36;
33, 244, 11, 546, -118, -4, 131, 951, 45;
37, 246, 15, 551, -123, 8, 146, 961, 62;
32, 240, 11, 529, -154, -3, 127, 938, 46;
34, 241, 14, 527, -164, 4, 135, 942, 56;
31, 237, 11, 506, -190, -4, 121, 925, 45;
33, 238, 14, 502, -199, 3, 128, 929, 55;
32, 236, 14, 489, -214, 4, 126, 923, 56;
32, 236, 15, 477, -227, 7, 126, 921, 60;
28, 232, 13, 453, -251, 0, 112, 906, 51;
25, 228, 10, 428, -274, -8, 98, 890, 40;
24, 227, 11, 412, -286, -5, 97, 888, 44;
27, 230, 15, 406, -286, 7, 108, 899, 60;
24, 227, 13, 380, -306, 1, 95, 886, 52;
23, 226, 13, 360, -317, 1, 91, 883, 53;
22, 225, 13, 338, -329, 1, 86, 878, 53;
17, 221, 10, 308, -349, -6, 69, 863, 42;
17, 221, 12, 289, -355, -2, 69, 865, 47;
17, 222, 13, 269, -361, 0, 67, 865, 51;
15, 221, 13, 245, -369, 0, 61, 862, 52;
14, 221, 13, 222, -375, 2, 58, 862, 54;
11, 218, 12, 191, -388, -2, 44, 852, 47;
12, 220, 14, 174, -385, 5, 49, 861, 58;
9, 219, 13, 145, -394, 2, 38, 855, 54;
4, 214, 9, 106, -411, -10, 16, 837, 38;
7, 219, 14, 95, -399, 5, 29, 856, 58;
4, 217, 13, 63, -406, 0, 16, 849, 52;
3, 218, 14, 40, -404, 4, 14, 852, 56;
-1, 214, 10, 1, -417, -7, -6, 838, 41;
-1, 216, 12, -18, -410, 0, -5, 845, 49;
-6, 213, 9, -56, -420, -11, -25, 833, 36;
-5, 217, 12, -73, -408, -1, -19, 846, 49;
-4, 219, 14, -93, -398, 5, -17, 856, 57;
-4, 221, 16, -115, -390, 9, -19, 862, 62;
-7, 220, 15, -144, -387, 7, -28, 861, 60;
-11, 218, 12, -179, -391, -2, -46, 852, 48;
-12, 219, 13, -202, -383, 0, -50, 856, 50;
-15, 219, 12, -229, -377, -1, -58, 857, 48;
-13, 223, 15, -245, -361, 6, -54, 871, 59;
-19, 219, 10, -283, -366, -7, -77, 857, 42;
-20, 221, 11, -303, -353, -3, -79, 864, 46;
-19, 224, 13, -320, -337, 1, -77, 875, 53;
-18, 228, 16, -335, -318, 9, -74, 889, 62;
-20, 229, 15, -356, -306, 8, -79, 893, 61;
-23, 228, 14, -383, -300, 2, -92, 890, 54;
-23, 230, 15, -398, -282, 6, -92, 900, 59;
-29, 227, 10, -432, -283, -7, -115, 887, 41;
-27, 232, 13, -440, -259, 1, -107, 904, 53;
-26, 236, 16, -449, -236, 9, -101, 920, 63;
-31, 233, 12, -477, -233, -3, -121, 910, 47;
-34, 232, 9, -500, -224, -10, -135, 906, 37;
-31, 238, 13, -500, -194, 2, -121, 929, 54;
-35, 236, 10, -524, -189, -8, -139, 921, 39;
-36, 238, 10, -535, -171, -8, -141, 928, 40;
-35, 241, 11, -540, -148, -3, -137, 941, 46;
-32, 246, 15, -538, -119, 7, -126, 961, 59;
-38, 243, 10, -562, -116, -8, -148, 948, 40;
-32, 250, 16, -550, -80, 9, -127, 978, 62;
-37, 248, 11, -570, -75, -5, -146, 967, 44;
-33, 254, 15, -560, -42, 8, -130, 991, 61;
-38, 251, 11, -576, -37, -4, -148, 981, 44;
-38, 253, 11, -579, -18, -5, -149, 988, 44;
-37, 255, 12, -577, 3, -3, -146, 998, 46;
-39, 255, 10, -581, 16, -9, -153, 998, 39;
-39, 258, 10, -578, 36, -8, -152, 1006, 40;
-33, 265, 15, -558, 72, 8, -130, 1033, 61;
-39, 260, 9, -572, 72, -11, -153, 1017, 37;
-39, 262, 9, -567, 90, -11, -152, 1023, 36;
-38, 264, 9, -558, 110, -9, -148, 1032, 38;
-31, 273, 16, -529, 149, 10, -121, 1064, 63;
-30, 275, 16, -518, 168, 11, -117, 1072, 65;
-35, 270, 10, -526, 166, -7, -138, 1055, 41;
-30, 276, 15, -500, 198, 6, -118, 1079, 58;
-29, 278, 14, -488, 214, 5, -115, 1085, 58;
-28, 279, 14, -473, 230, 5, -112, 1091, 58;
-26, 282, 15, -455, 250, 9, -104, 1101, 62;
-26, 283, 15, -439, 264, 8, -101, 1105, 60;
-26, 283, 14, -427, 274, 3, -103, 1104, 54;
-24, 285, 15, -404, 292, 7, -93, 1115, 59;
-27, 282, 10, -400, 291, -7, -107, 1102, 41;
-25, 284, 11, -377, 306, -4, -98, 1110, 44;
-18, 291, 16, -340, 335, 11, -73, 1135, 65;
-23, 285, 10, -338, 326, -8, -92, 1114, 40;
-19, 289, 13, -306, 346, 0, -75, 1129, 51;
-18, 290, 12, -284, 355, 0, -71, 1132, 50;
-12, 295, 16, -248, 376, 11, -50, 1150, 65;
-12, 295, 15, -227, 382, 8, -47, 1150, 62;
-11, 294, 14, -206, 386, 5, -46, 1148, 57;
-12, 292, 12, -188, 385, -2, -49, 1141, 47;
-13, 291, 10, -169, 384, -9, -51, 1135, 39;
-8, 294, 13, -133, 399, 0, -32, 1149, 51;
-7, 294, 12, -110, 400, -2, -29, 1146, 47;
-6, 294, 12, -84, 402, -3, -24, 1147, 46;
-4, 294, 11, -57, 404, -3, -18, 1147, 46;
1, 299, 16, -15, 421, 11, 7, 1167, 65;
0, 295, 12, -1, 408, -1, -1, 1150, 49;
0, 293, 10, 19, 401, -7, -2, 1143, 41;
0, 292, 10, 45, 399, -8, 3, 1142, 40;
4, 294, 12, 77, 402, -2, 16, 1147, 47;
9, 297, 15, 115, 411, 8, 37, 1160, 61;
11, 297, 15, 142, 407, 8, 44, 1159, 61;
9, 293, 12, 158, 392, -1, 37, 1144, 49;
10, 291, 11, 180, 382, -4, 40, 1138, 44;
11, 290, 11, 204, 374, -6, 44, 1134, 43;
12, 289, 10, 229, 366, -6, 50, 1130, 42;
15, 290, 12, 258, 363, -1, 62, 1133, 48;
17, 289, 11, 280, 352, -3, 66, 1128, 46;
19, 289, 13, 308, 346, 0, 77, 1130, 51;
21, 289, 13, 331, 336, 1, 84, 1127, 52;
21, 286, 12, 348, 320, -3, 83, 1116, 46;
20, 282, 9, 361, 300, -10, 79, 1103, 37;
22, 282, 10, 384, 290, -7, 87, 1101, 41;
29, 286, 15, 420, 294, 8, 113, 1117, 61;
23, 278, 9, 419, 260, -10, 93, 1087, 37;
30, 282, 14, 452, 260, 4, 117, 1101, 56;
26, 276, 10, 455, 232, -8, 104, 1079, 40;
27, 274, 9, 468, 214, -10, 105, 1070, 37;
34, 279, 16, 503, 218, 9, 134, 1089, 62;
33, 275, 14, 510, 195, 3, 130, 1076, 55;
31, 271, 11, 514, 169, -4, 123, 1059, 45;
35, 273, 14, 535, 162, 5, 138, 1065, 57;
34, 269, 13, 539, 138, 0, 134, 1051, 50;
36, 269, 14, 553, 126, 5, 143, 1051, 57;
36, 267, 14, 560, 106, 4, 143, 1043, 56;
34, 263, 11, 558, 79, -3, 135, 1026, 46;
39, 265, 15, 575, 73, 9, 152, 1035, 62;
35, 259, 12, 567, 42, -2, 138, 1013, 47;
38, 261, 15, 579, 33, 7, 151, 1018, 60;
38, 259, 15, 581, 13, 7, 152, 1011, 60;
36, 255, 13, 573, -12, 0, 142, 995, 51;
36, 253, 13, 572, -31, 0, 142, 988, 51;
36, 252, 13, 570, -49, 1, 143, 982, 53;
34, 247, 11, 559, -76, -6, 132, 966, 43;
35, 247, 12, 558, -91, -1, 136, 964, 48;
37, 248, 15, 560, -101, 6, 146, 968, 59;
37, 246, 15, 552, -119, 7, 144, 961, 59;
32, 240, 11, 530, -151, -6, 125, 937, 42;
34, 241, 14, 529, -159, 3, 134, 943, 54;
34, 240, 14, 519, -175, 4, 133, 938, 56;
29, 234, 10, 494, -205, -8, 114, 916, 40;
31, 236, 13, 490, -212, 1, 123, 921, 52;
27, 232, 10, 467, -237, -7, 108, 904, 41;
27, 231, 11, 453, -251, -5, 107, 901, 44;
29, 232, 14, 446, -256, 4, 116, 908, 57;
28, 231, 14, 428, -271, 4, 111, 902, 56;
24, 227, 11, 400, -294, -4, 94, 885, 44;
21, 224, 10, 377, -311, -8, 85, 875, 40;
21, 224, 10, 358, -322, -6, 82, 873, 42;
22, 225, 13, 347, -325, 2, 89, 881, 54;
21, 224, 13, 324, -336, 2, 83, 876, 53;
22, 226, 16, 311, -337, 12, 89, 884, 65;
19, 224, 15, 283, -352, 6, 77, 874, 59;
19, 225, 16, 264, -355, 12, 77, 877, 66;
18, 224, 16, 239, -364, 11, 70, 873, 64;
14, 221, 14, 208, -377, 5, 57, 864, 58;
11, 218, 12, 176, -390, 0, 43, 853, 50;
7, 215, 10, 143, -403, -8, 27, 842, 40;
9, 219, 14, 130, -394, 5, 38, 857, 58;
3, 215, 10, 90, -412, -8, 14, 839, 40;
5, 218, 13, 74, -404, 2, 20, 851, 53;
0, 215, 10, 38, -415, -6, 2, 839, 42;
2, 219, 14, 23, -403, 5, 11, 854, 58;
0, 217, 13, -9, -409, 0, -2, 846, 50;
-5, 214, 10, -44, -417, -8, -19, 836, 40;
-5, 216, 11, -67, -411, -4, -21, 842, 45;
-8, 215, 10, -97, -412, -8, -32, 838, 40;
-7, 217, 13, -116, -401, 0, -29, 850, 50;
-5, 221, 16, -132, -387, 9, -23, 864, 63;
-11, 218, 12, -170, -393, -1, -43, 852, 49;
-11, 220, 13, -191, -383, 2, -45, 859, 54;
-16, 217, 10, -226, -385, -6, -63, 850, 42;
-19, 217, 9, -255, -382, -11, -74, 847, 37;
-15, 223, 14, -263, -356, 5, -60, 871, 57;
-17, 223, 13, -289, -350, 2, -70, 871, 53;
-20, 223, 12, -315, -343, 0, -78, 871, 50;
-19, 226, 15, -330, -324, 6, -75, 884, 59;
-26, 221, 9, -370, -331, -12, -104, 865, 36;
-22, 228, 14, -374, -302, 5, -88, 891, 57;
-28, 225, 10, -407, -302, -8, -109, 880, 40;
-26, 229, 12, -418, -281, 0, -104, 894, 50;
-30, 228, 10, -444, -274, -8, -119, 890, 40;
-32, 228, 9, -464, -262, -10, -126, 892, 37;
-26, 236, 16, -459, -226, 9, -104, 923, 62;
-32, 233, 11, -489, -224, -4, -126, 912, 45;
-35, 233, 9, -509, -213, -10, -137, 910, 37;
-35, 235, 10, -520, -194, -8, -138, 919, 40;
-32, 241, 14, -519, -165, 3, -126, 941, 54;
-31, 244, 15, -526, -144, 6, -124, 952, 59;
-36, 242, 11, -547, -137, -4, -140, 944, 45;
-32, 247, 15, -543, -107, 7, -128, 966, 60;
-34, 248, 14, -553, -90, 4, -132, 970, 57;
-33, 251, 15, -556, -69, 6, -131, 979, 59;
-33, 253, 16, -558, -48, 9, -129, 990, 62;
-37, 251, 11, -575, -42, -4, -147, 980, 45;
-33, 258, 16, -562, -8, 11, -128, 1006, 64;
-36, 256, 13, -572, 0, 0, -141, 1001, 52;
-40, 254, 9, -583, 8, -10, -156, 993, 37;
-33, 263, 16, -561, 48, 10, -129, 1026, 63;
-37, 260, 11, -572, 52, -4, -147, 1015, 44;
-34, 264, 14, -560, 80, 3, -136, 1032, 55;
-32, 268, 16, -548, 105, 9, -127, 1047, 62;
-34, 267, 13, -550, 114, 0, -136, 1043, 51;
-34, 268, 12, -543, 131, 0, -135, 1048, 49;
-32, 272, 14, -529, 155, 4, -127, 1061, 56;
-36, 268, 9, -534, 157, -11, -144, 1048, 36;
-32, 273, 12, -511, 185, 0, -128, 1068, 50;
-33, 273, 10, -505, 196, -6, -132, 1067, 42;
-34, 273, 9, -495, 208, -10, -133, 1068, 37;
-27, 281, 15, -462, 242, 7, -107, 1096, 59;
-30, 279, 11, -457, 246, -4, -118, 1088, 45;
-27, 281, 12, -436, 265, 0, -108, 1098, 50;
-26, 283, 13, -416, 282, 2, -101, 1107, 53;
-21, 288, 16, -387, 305, 11, -85, 1123, 65;
-21, 288, 16, -369, 317, 9, -82, 1126, 63;
-21, 288, 14, -354, 324, 4, -83, 1124, 56;
-22, 287, 12, -339, 328, -2, -87, 1120, 47;
-17, 292, 15, -305, 351, 9, -67, 1139, 62;
-20, 288, 11, -297, 347, -4, -78, 1125, 44;
-13, 294, 16, -256, 374, 12, -51, 1150, 65;
-16, 291, 12, -246, 368, -1, -63, 1136, 48;
-15, 291, 11, -224, 373, -4, -60, 1135, 44;
-9, 296, 16, -185, 394, 9, -36, 1155, 62;
-13, 291, 10, -177, 382, -8, -53, 1135, 39;
-10, 293, 11, -146, 392, -4, -40, 1142, 45;
-4, 297, 15, -107, 410, 8, -17, 1160, 61;
-4, 295, 13, -87, 407, 2, -18, 1154, 54;
-7, 291, 9, -73, 396, -10, -28, 1138, 37;
1, 298, 16, -25, 419, 10, 4, 1165, 64;
0, 297, 14, -4, 414, 4, 3, 1158, 56;
2, 296, 14, 22, 413, 4, 9, 1157, 56;
1, 293, 11, 39, 402, -5, 4, 1145, 44;
1, 292, 10, 63, 397, -8, 6, 1140, 39;
6, 295, 13, 98, 403, 0, 24, 1150, 51;
5, 292, 11, 118, 393, -6, 23, 1141, 42;
11, 296, 15, 157, 401, 6, 45, 1155, 58;
11, 293, 13, 177, 390, 0, 44, 1145, 51;
15, 295, 15, 211, 392, 8, 61, 1154, 61;
15, 292, 13, 229, 377, 1, 58, 1142, 53;
12, 287, 9, 240, 356, -11, 48, 1122, 36;
14, 287, 9, 265, 347, -11, 54, 1120, 37;
20, 291, 14, 305, 354, 5, 81, 1137, 57;
21, 289, 13, 323, 340, 1, 82, 1128, 52;
22, 287, 13, 344, 328, 0, 86, 1122, 51;
25, 288, 14, 371, 321, 5, 98, 1125, 58;
25, 286, 14, 389, 306, 3, 100, 1117, 55;
27, 285, 14, 411, 295, 5, 107, 1115, 57;
27, 282, 13, 424, 276, 0, 106, 1103, 51;
31, 284, 16, 452, 272, 10, 123, 1111, 64;
27, 277, 10, 452, 239, -6, 105, 1083, 42;
33, 281, 16, 485, 240, 10, 131, 1099, 64;
31, 277, 13, 490, 215, 1, 123, 1081, 52;
28, 271, 9, 490, 185, -12, 109, 1058, 35;
30, 271, 10, 508, 173, -7, 119, 1058, 42;
31, 269, 11, 520, 156, -6, 123, 1052, 43;
35, 271, 14, 540, 149, 4, 138, 1059, 56;
31, 265, 9, 535, 116, -9, 123, 1035, 38;
31, 262, 9, 541, 96, -12, 122, 1025, 35;
38, 268, 16, 570, 99, 10, 151, 1046, 63;
38, 266, 16, 574, 79, 9, 152, 1037, 62;
32, 257, 9, 558, 40, -10, 128, 1005, 37;
37, 260, 13, 574, 34, 2, 144, 1014, 53;
32, 254, 9, 562, 1, -11, 128, 990, 36;
39, 258, 15, 581, 1, 7, 152, 1007, 60;
35, 252, 11, 568, -29, -3, 137, 985, 46;
35, 251, 12, 566, -48, -3, 137, 979, 46;
35, 249, 12, 563, -66, -2, 137, 972, 47;
34, 246, 11, 556, -88, -5, 132, 961, 43;
38, 249, 16, 565, -92, 9, 149, 973, 62;
33, 243, 11, 544, -124, -3, 131, 950, 46;
31, 240, 10, 531, -146, -7, 124, 938, 41;
30, 238, 10, 521, -165, -9, 120, 930, 39;
33, 240, 13, 520, -173, 1, 130, 936, 52;
29, 234, 9, 497, -201, -9, 113, 916, 38;
27, 232, 9, 481, -220, -12, 107, 906, 35;
27, 231, 9, 469, -235, -10, 106, 903, 37;
26, 230, 10, 454, -250, -9, 103, 898, 39;
32, 235, 16, 458, -245, 10, 125, 918, 64;
27, 230, 12, 429, -272, -1, 105, 897, 49;
29, 232, 16, 421, -275, 9, 114, 905, 63;
28, 230, 16, 402, -288, 9, 109, 900, 63;
25, 227, 14, 377, -307, 4, 98, 889, 56;
24, 227, 15, 358, -317, 6, 95, 887, 59;
20, 223, 12, 328, -336, -1, 80, 873, 49;
19, 223, 12, 306, -346, 0, 75, 869, 49;
15, 219, 10, 274, -365, -9, 58, 855, 39;
17, 222, 14, 264, -361, 4, 69, 868, 55;
12, 218, 10, 228, -381, -8, 48, 850, 40;
12, 219, 12, 209, -383, -2, 49, 855, 48;
8, 216, 9, 175, -398, -10, 33, 842, 38;
9, 218, 12, 157, -395, -2, 37, 850, 48;
10, 220, 15, 140, -392, 6, 41, 859, 58;
9, 220, 15, 116, -394, 8, 37, 860, 61;
8, 220, 15, 89, -396, 9, 31, 859, 62;
0, 214, 9, 43, -418, -10, 0, 835, 38;
4, 220, 16, 37, -399, 10, 19, 859, 63;
-1, 215, 11, -4, -414, -4, -5, 841, 45;
-1, 217, 13, -26, -408, 0, -6, 847, 51;
-4, 216, 12, -56, -410, -2, -16, 844, 47;
-1, 220, 16, -70, -395, 10, -6, 861, 64;
-6, 218, 13, -105, -400, 2, -23, 852, 53;
-6, 219, 14, -129, -393, 4, -27, 857, 57;
-12, 216, 11, -165, -399, -5, -46, 846, 43;
-13, 217, 11, -190, -392, -4, -51, 849, 45;
-10, 222, 15, -202, -372, 8, -42, 868, 61;
-18, 216, 9, -247, -385, -11, -73, 846, 36;
-13, 224, 15, -251, -356, 8, -53, 874, 61;
-17, 222, 13, -282, -354, 1, -68, 869, 53;
-21, 220, 10, -314, -353, -7, -85, 861, 41;
-18, 226, 15, -321, -327, 8, -71, 885, 61;
-21, 226, 13, -348, -321, 2, -84, 882, 54;
-21, 228, 15, -365, -304, 6, -84, 892, 59;
-28, 224, 9, -402, -308, -10, -110, 875, 38;
-23, 232, 16, -401, -275, 10, -89, 906, 63;
-25, 232, 14, -425, -265, 5, -100, 905, 57;
-31, 229, 10, -456, -264, -8, -122, 893, 40;
-28, 234, 14, -459, -236, 4, -109, 915, 56;
-33, 232, 10, -487, -232, -7, -129, 906, 41;
-33, 234, 11, -499, -213, -5, -129, 915, 44;
-33, 236, 11, -511, -196, -4, -132, 922, 45;
-33, 239, 12, -519, -175, 0, -130, 934, 50;
-32, 242, 14, -526, -153, 3, -127, 945, 55;
-31, 246, 16, -530, -129, 9, -122, 960, 62;
-35, 244, 12, -549, -121, -1, -137, 953, 49;
-33, 248, 15, -548, -94, 7, -129, 970, 59;
-32, 252, 16, -550, -71, 11, -125, 983, 65;
-33, 252, 15, -559, -56, 7, -131, 985, 60;
-34, 254, 15, -563, -38, 6, -133, 991, 59;
-36, 253, 12, -573, -26, 0, -142, 989, 50;
-40, 252, 9, -584, -17, -11, -156, 983, 36;
-37, 256, 11, -577, 8, -4, -147, 999, 45;
-37, 258, 12, -574, 30, -2, -144, 1009, 48;
-38, 258, 10, -576, 43, -7, -150, 1009, 41;
-38, 260, 10, -573, 62, -8, -150, 1015, 40;
-34, 266, 14, -555, 93, 4, -133, 1038, 56;
-37, 264, 10, -561, 100, -7, -147, 1030, 41;
-37, 265, 10, -553, 118, -7, -145, 1037, 41;
-31, 272, 15, -528, 153, 8, -123, 1064, 61;
-31, 274, 15, -518, 170, 7, -121, 1070, 60;
-31, 275, 14, -509, 185, 5, -121, 1074, 57;
-33, 273, 11, -508, 191, -5, -131, 1066, 44;
-33, 274, 10, -496, 207, -7, -130, 1071, 42;
-26, 281, 16, -463, 241, 10, -104, 1099, 64;
-26, 282, 15, -450, 254, 8, -103, 1102, 61;
-24, 284, 16, -431, 271, 10, -96, 1110, 64;
-28, 281, 12, -427, 272, -3, -109, 1099, 47;
-26, 283, 12, -406, 288, -1, -102, 1106, 49;
-25, 284, 12, -387, 301, -1, -97, 1111, 49;
-19, 290, 16, -355, 326, 10, -77, 1131, 64;
-19, 290, 15, -335, 336, 9, -74, 1133, 62;
-24, 285, 9, -333, 328, -10, -93, 1113, 37;
-16, 292, 16, -290, 358, 9, -62, 1142, 62;
-20, 288, 10, -284, 350, -8, -79, 1123, 40;
-15, 291, 13, -251, 368, 0, -62, 1137, 51;
-16, 290, 11, -233, 370, -5, -63, 1133, 44;
-16, 289, 9, -212, 373, -9, -62, 1130, 38;
-13, 291, 11, -183, 383, -6, -52, 1137, 42;
-10, 293, 11, -154, 391, -3, -42, 1143, 46;
-9, 293, 11, -128, 396, -3, -35, 1144, 46;
-10, 291, 9, -110, 391, -11, -39, 1136, 36;
-3, 295, 13, -70, 408, 1, -15, 1154, 53;
0, 298, 15, -36, 417, 8, 0, 1163, 61;
1, 298, 15, -9, 418, 8, 6, 1163, 61;
-3, 291, 9, -2, 397, -11, -12, 1138, 36;
0, 292, 10, 27, 400, -8, -1, 1142, 40;
2, 293, 11, 56, 401, -6, 8, 1144, 43;
4, 293, 11, 84, 399, -5, 15, 1144, 44;
10, 298, 16, 127, 412, 10, 42, 1163, 64;
8, 294, 12, 141, 395, -1, 33, 1146, 49;
13, 297, 16, 178, 401, 10, 54, 1158, 63;
11, 292, 12, 192, 383, -1, 45, 1141, 48;
17, 296, 16, 231, 390, 11, 69, 1156, 65;
16, 292, 14, 247, 374, 3, 65, 1142, 55;
20, 294, 16, 278, 372, 9, 79, 1147, 63;
21, 292, 15, 300, 361, 8, 83, 1142, 61;
20, 289, 13, 315, 342, 0, 78, 1128, 51;
19, 286, 10, 330, 325, -6, 75, 1115, 42;
25, 289, 15, 366, 327, 7, 98, 1129, 60;
23, 285, 12, 377, 305, -2, 91, 1111, 48;
27, 286, 15, 405, 300, 6, 107, 1117, 59;
23, 280, 9, 408, 270, -9, 91, 1092, 38;
31, 285, 16, 446, 276, 10, 121, 1112, 64;
25, 277, 9, 442, 240, -10, 99, 1080, 37;
28, 277, 11, 463, 229, -5, 109, 1080, 43;
31, 278, 13, 487, 222, 2, 123, 1085, 54;
32, 276, 14, 501, 206, 3, 128, 1079, 55;
30, 271, 10, 503, 178, -7, 117, 1060, 41;
31, 271, 11, 518, 163, -4, 124, 1057, 45;
33, 269, 12, 530, 147, -3, 128, 1052, 47;
33, 268, 12, 540, 130, -1, 132, 1047, 48;
36, 269, 14, 556, 120, 5, 144, 1049, 58;
37, 267, 14, 563, 101, 6, 146, 1043, 58;
36, 264, 13, 565, 79, 2, 143, 1031, 53;
35, 261, 12, 565, 55, -2, 138, 1018, 48;
32, 256, 9, 560, 27, -11, 128, 1000, 37;
33, 255, 10, 564, 10, -8, 131, 996, 39;
39, 259, 15, 581, 8, 8, 152, 1010, 61;
40, 258, 16, 585, -7, 12, 157, 1007, 66;
38, 254, 15, 577, -32, 6, 149, 993, 58;
36, 251, 13, 568, -56, 0, 142, 979, 51;
34, 248, 12, 560, -79, -2, 136, 967, 47;
35, 246, 12, 557, -96, 0, 137, 963, 49;
36, 246, 14, 555, -109, 4, 142, 963, 56;
34, 243, 13, 542, -132, 0, 134, 950, 50;
35, 243, 14, 539, -145, 5, 139, 950, 57;
36, 243, 15, 531, -159, 8, 141, 948, 61;
28, 234, 9, 499, -198, -12, 111, 915, 35;
28, 233, 9, 487, -214, -10, 110, 910, 37;
29, 234, 11, 480, -223, -4, 115, 912, 45;
29, 233, 12, 468, -236, 0, 115, 911, 50;
29, 232, 13, 454, -249, 1, 114, 907, 52;
24, 227, 9, 425, -276, -10, 95, 887, 37;
30, 233, 16, 429, -269, 10, 117, 908, 64;
24, 227, 11, 395, -298, -3, 94, 885, 46;
26, 228, 14, 385, -301, 5, 101, 892, 58;
25, 228, 15, 367, -311, 8, 99, 891, 61;
19, 223, 11, 332, -336, -4, 77, 870, 44;
22, 226, 15, 323, -334, 8, 88, 882, 61;
16, 220, 10, 284, -360, -7, 62, 858, 41;
17, 222, 13, 270, -359, 2, 69, 867, 53;
14, 219, 11, 239, -375, -4, 54, 855, 45;
15, 222, 15, 225, -372, 6, 62, 866, 58;
13, 220, 13, 196, -383, 2, 51, 858, 53;
8, 216, 11, 162, -397, -6, 34, 846, 43;
7, 217, 11, 139, -400, -3, 30, 847, 46;
7, 217, 12, 116, -401, 0, 28, 849, 50;
8, 220, 16, 99, -395, 9, 33, 860, 62;
6, 219, 15, 70, -400, 7, 24, 857, 60;
2, 217, 13, 37, -407, 1, 10, 849, 52;
0, 217, 13, 8, -409, 0, 2, 846, 50;
2, 220, 16, -6, -397, 11, 10, 861, 65;
-2, 217, 13, -43, -406, 1, -8, 849, 53;
-4, 217, 13, -71, -405, 0, -17, 849, 51;
-8, 215, 10, -105, -410, -6, -32, 840, 42;
-5, 220, 15, -116, -391, 8, -20, 861, 61;
-6, 221, 15, -142, -386, 9, -26, 863, 62;
-9, 220, 14, -172, -384, 5, -37, 860, 57;
-9, 223, 16, -191, -371, 11, -36, 871, 65;
-14, 220, 13, -226, -374, 1, -54, 861, 53;
-16, 221, 13, -252, -368, 0, -63, 862, 50;
-18, 221, 12, -277, -360, -1, -70, 864, 49;
-19, 222, 12, -302, -352, -2, -77, 866, 47;
-19, 224, 13, -320, -337, 1, -77, 875, 53;
-22, 224, 12, -345, -328, 0, -86, 876, 50;
-20, 228, 15, -357, -307, 7, -81, 891, 60;
-27, 224, 9, -396, -313, -10, -108, 874, 38;
-22, 231, 16, -395, -279, 9, -88, 904, 63;
-30, 226, 9, -434, -285, -9, -117, 884, 38;
-28, 231, 12, -443, -262, 0, -111, 901, 49;
-30, 232, 12, -461, -248, -2, -117, 905, 47;
-31, 233, 12, -477, -233, -2, -121, 910, 47;
-32, 234, 11, -494, -219, -5, -127, 913, 44;
-33, 235, 11, -507, -202, -4, -131, 920, 44;
-35, 236, 9, -525, -190, -9, -140, 920, 38;
-30, 243, 15, -517, -153, 9, -119, 950, 62;
-30, 246, 16, -525, -133, 11, -118, 960, 65;
-32, 246, 15, -537, -118, 8, -125, 962, 60;
-32, 248, 15, -544, -99, 8, -126, 970, 61;
-38, 244, 10, -569, -98, -9, -151, 954, 39;
-39, 245, 9, -576, -82, -11, -155, 959, 36;
-35, 252, 14, -566, -48, 3, -137, 984, 54;
-36, 253, 12, -572, -32, 0, -142, 987, 50;
-35, 255, 13, -571, -10, 2, -140, 997, 53;
-34, 259, 15, -567, 12, 6, -134, 1010, 59;
-39, 255, 9, -582, 16, -9, -154, 997, 38;
-35, 261, 14, -566, 48, 3, -136, 1021, 55;
-33, 265, 15, -557, 72, 8, -130, 1034, 61;
-38, 261, 9, -571, 73, -9, -151, 1018, 38;
-33, 268, 15, -549, 108, 6, -130, 1045, 58;
-37, 265, 10, -557, 111, -8, -147, 1033, 39;
-37, 266, 9, -550, 128, -10, -146, 1039, 38;
-35, 270, 11, -534, 152, -4, -136, 1053, 45;
-31, 274, 14, -514, 179, 4, -123, 1071, 56;
-30, 276, 14, -501, 197, 5, -119, 1078, 57;
-29, 278, 15, -487, 215, 6, -114, 1085, 59;
-29, 279, 14, -476, 228, 3, -114, 1088, 55;
-30, 278, 12, -465, 239, -1, -117, 1087, 48;
-29, 280, 12, -450, 253, -2, -114, 1092, 47;
-27, 281, 12, -431, 269, -1, -108, 1099, 49;
-27, 282, 11, -416, 280, -4, -108, 1100, 45;
-23, 286, 15, -386, 304, 6, -90, 1119, 58;
-26, 282, 9, -382, 301, -10, -105, 1103, 38;
-20, 289, 14, -345, 329, 5, -80, 1127, 58;
-18, 290, 15, -322, 342, 7, -73, 1134, 59;
-21, 287, 11, -313, 339, -6, -84, 1121, 43;
-15, 292, 15, -277, 363, 7, -61, 1141, 59;
-16, 291, 13, -258, 366, 1, -62, 1138, 52;
-14, 292, 13, -233, 375, 2, -55, 1142, 54;
-13, 293, 13, -210, 381, 0, -51, 1143, 52;
-10, 294, 14, -181, 391, 3, -41, 1149, 55;
-11, 293, 12, -163, 390, -2, -43, 1143, 47;
-4, 298, 16, -122, 409, 11, -19, 1162, 64;
-6, 295, 13, -106, 404, 1, -24, 1151, 52;
-1, 298, 16, -70, 416, 10, -6, 1164, 64;
-4, 294, 11, -58, 403, -4, -18, 1146, 45;
-1, 295, 12, -27, 408, 0, -7, 1151, 49;
19, 11, 5, 3496, 2482, 2624, 77, 44, 22;
14, 20, 7, 3172, 3915, 2817, 56, 80, 27;
13, 20, 9, 2499, 3636, 1730, 51, 81, 37;
17, 18, 11, 4330, 5182, 1663, 69, 72, 46;
4, 21, 8, 1594, 1849, 2693, 15, 84, 32;
4, 5, 11, 3922, 4574, 1919, 17, 21, 45;
18, 21, 5, 2763, 3932, 1585, 71, 84, 19;
17, 18, 2, 3725, 1858, 2390, 68, 71, 11;
18, 18, 0, 1980, 2386, 2104, 73, 71, 0;
18, 8, 0, 3253, 3194, 2522, 70, 31, 3;
10, 24, 5, 3103, 3731, 2451, 40, 94, 22;
18, 7, 6, 3206, 4374, 2949, 72, 30, 27;
15, 20, 11, 1661, 2978, 1206, 61, 81, 46;
11, 28, 5, 3965, 3827, 2120, 46, 112, 22;
6, 7, 10, 2509, 3591, 1632, 25, 28, 41;
9, 31, 1, 4379, 3645, 2519, 35, 122, 7;
3, 16, 2, 1641, 4508, 1133, 12, 65, 8;
12, 22, 12, 3125, 1869, 2891, 47, 86, 50;
13, 18, 9, 3908, 3121, 1138, 54, 72, 37;
10, 4, 8, 3727, 2421, 1180, 40, 18, 34;
17, 19, 4, 2378, 4892, 2245, 66, 74, 18;
18, 9, 6, 2689, 4398, 2539, 72, 38, 24;
13, 20, 6, 2882, 2573, 2365, 54, 78, 23;
1, 26, 12, 4349, 3331, 2007, 5, 103, 50;
12, 29, 12, 1835, 4146, 1344, 48, 115, 47;
7, 7, 4, 2596, 3016, 1883, 28, 28, 18;
14, 21, 1, 4297, 3560, 2789, 56, 83, 6;
9, 31, 2, 2480, 4605, 2525, 35, 121, 11;
14, 0, 4, 3045, 4154, 1493, 55, 3, 15;
1, 24, 7, 3134, 2689, 2639, 7, 95, 29;
16, 18, 6, 4102, 4370, 2675, 63, 73, 24;
13, 6, 2, 3274, 1833, 1823, 51, 25, 10;
7, 12, 10, 2396, 3556, 1714, 30, 47, 41;
10, 1, 2, 2241, 2046, 1308, 40, 4, 10;
19, 22, 12, 2206, 2717, 1339, 75, 87, 48;
0, 16, 3, 2533, 1931, 1073, 3, 62, 12;
3, 3, 8, 3860, 4119, 2176, 13, 14, 32;
11, 3, 0, 3165, 2441, 2366, 45, 14, 3;
2, 13, 4, 2225, 4523, 1401, 11, 51, 16;
10, 17, 11, 3103, 4351, 1592, 42, 68, 45;
20, 31, 1, 2756, 2179, 2652, 81, 122, 6;
8, 10, 8, 4145, 4895, 1037, 32, 40, 35;
16, 25, 11, 2182, 5292, 2535, 63, 98, 43;
1, 3, 0, 2676, 2022, 2912, 7, 11, 2;
9, 2, 9, 2302, 2399, 2320, 36, 8, 38;
17, 12, 1, 3763, 2187, 2125, 67, 47, 4;
6, 16, 5, 2764, 2284, 2646, 24, 64, 21;
10, 14, 11, 3244, 5267, 2391, 42, 58, 45;
12, 12, 10, 4307, 4655, 1176, 47, 48, 42;
9, 15, 3, 1698, 5140, 2103, 36, 58, 15;
17, 22, 7, 3313, 1822, 1278, 69, 88, 27;
12, 14, 8, 2810, 4714, 2464, 47, 57, 34;
15, 21, 5, 2619, 4708, 2335, 59, 85, 22;
8, 1, 5, 3658, 3110, 1347, 32, 6, 22;
13, 9, 2, 4077, 2115, 2744, 53, 36, 8;
4, 13, 1, 2664, 2799, 1187, 15, 51, 4;
11, 18, 5, 4269, 3072, 2297, 44, 74, 23;
16, 15, 11, 2883, 2467, 2917, 65, 61, 45;
20, 6, 4, 3944, 4643, 2032, 80, 24, 16;
15, 25, 4, 2344, 2709, 2413, 59, 100, 19;
15, 27, 12, 3212, 2236, 2010, 61, 108, 49;
13, 6, 0, 2985, 2446, 1010, 54, 25, 2;
3, 31, 5, 2663, 4715, 2361, 12, 121, 21;
3, 23, 12, 2132, 2612, 2728, 14, 91, 49;
6, 19, 6, 2386, 3014, 2937, 23, 75, 26;
20, 0, 2, 4236, 4274, 1821, 80, 2, 11;
10, 31, 7, 3755, 2255, 1449, 41, 121, 29;
11, 27, 6, 1631, 2060, 1366, 44, 106, 24;
18, 10, 1, 3569, 3218, 1892, 71, 41, 5;
18, 11, 11, 3361, 4445, 2027, 71, 46, 44;
8, 3, 7, 3478, 4814, 2402, 32, 15, 31;
4, 11, 8, 2120, 1979, 1758, 19, 43, 33;
16, 13, 0, 3771, 4444, 2619, 62, 51, 1;
14, 27, 0, 2120, 5005, 2008, 57, 107, 0;
19, 16, 4, 3205, 4395, 1177, 75, 64, 17;
7, 23, 5, 1752, 2179, 1504, 28, 89, 20;
14, 5, 11, 2486, 4195, 1790, 56, 22, 45;
9, 18, 12, 3489, 3099, 2856, 35, 72, 47;
10, 20, 2, 2410, 3928, 2059, 40, 78, 9;
16, 14, 5, 1791, 3402, 1825, 64, 56, 21;
762, 1019, 374, 5228, 4573, 3097, 2974, 3974, 1461;
657, 879, 376, 5028, 4398, 2981, 2564, 3430, 1468;
704, 807, 349, 4859, 4254, 2892, 2748, 3149, 1362;
599, 833, 409, 4653, 4071, 2763, 2339, 3252, 1596;
502, 783, 327, 4487, 3928, 2671, 1959, 3056, 1275;
629, 766, 383, 4309, 3772, 2564, 2454, 2988, 1496;
531, 687, 296, 4130, 3614, 2453, 2071, 2682, 1158;
574, 831, 316, 3944, 3449, 2334, 2240, 3243, 1235;
491, 771, 292, 3803, 3327, 2256, 1918, 3006, 1139;
535, 733, 287, 3684, 3226, 2197, 2087, 2861, 1120;
455, 631, 324, 3508, 3068, 2079, 1775, 2463, 1264;
385, 572, 257, 3372, 2949, 1999, 1502, 2233, 1004;
408, 578, 316, 3229, 2823, 1910, 1591, 2257, 1234;
457, 633, 297, 3119, 2729, 1852, 1786, 2472, 1160;
402, 532, 243, 2982, 2607, 1764, 1568, 2075, 949;
371, 604, 284, 2863, 2503, 1693, 1449, 2359, 1108;
315, 655, 217, 2783, 2438, 1660, 1230, 2555, 848;
383, 629, 258, 2645, 2313, 1566, 1496, 2456, 1007;
313, 625, 176, 2530, 2211, 1493, 1223, 2440, 687;
307, 524, 199, 2468, 2161, 1471, 1199, 2043, 777;
297, 496, 207, 2360, 2065, 1402, 1160, 1935, 809;
259, 491, 220, 2259, 1976, 1339, 1012, 1917, 858;
263, 544, 177, 2163, 1891, 1279, 1027, 2123, 691;
268, 520, 166, 2072, 1810, 1222, 1047, 2031, 647;
253, 527, 181, 2015, 1764, 1199, 987, 2056, 709;
267, 454, 164, 1916, 1675, 1132, 1043, 1773, 641;
275, 491, 141, 1854, 1622, 1101, 1073, 1917, 551;
241, 419, 150, 1770, 1548, 1047, 943, 1634, 585;
237, 445, 166, 1734, 1520, 1039, 926, 1738, 649;
195, 445, 139, 1659, 1453, 991, 761, 1736, 542;
202, 418, 148, 1584, 1387, 942, 789, 1632, 580;
206, 469, 106, 1511, 1321, 894, 803, 1831, 416;
210, 463, 106, 1452, 1270, 859, 821, 1809, 413;
158, 468, 103, 1423, 1248, 854, 619, 1827, 405;
187, 383, 95, 1336, 1168, 789, 732, 1495, 372;
161, 401, 120, 1309, 1148, 784, 629, 1566, 470;
139, 420, 126, 1259, 1103, 754, 543, 1639, 491;
166, 385, 105, 1218, 1069, 733, 650, 1504, 410;
129, 380, 84, 1162, 1018, 696, 503, 1483, 330;
131, 361, 76, 1082, 944, 634, 514, 1411, 298;
135, 392, 103, 1067, 934, 636, 529, 1528, 403;
133, 389, 89, 1023, 896, 610, 519, 1517, 350;
108, 365, 80, 960, 837, 562, 424, 1425, 313;
136, 380, 78, 927, 809, 545, 531, 1483, 306;
118, 349, 63, 893, 780, 526, 460, 1362, 246;
113, 335, 71, 863, 754, 510, 441, 1307, 279;
100, 354, 67, 808, 704, 470, 392, 1381, 263;
90, 372, 58, 779, 679, 454, 352, 1451, 228;
83, 364, 60, 751, 655, 439, 324, 1423, 237;
104, 330, 62, 746, 653, 445, 406, 1287, 244;
105, 361, 71, 716, 627, 428, 411, 1408, 279;
101, 361, 67, 702, 617, 425, 394, 1408, 263;
96, 337, 64, 663, 581, 396, 376, 1315, 249;
76, 335, 46, 645, 566, 389, 299, 1308, 181;
75, 317, 47, 629, 553, 383, 295, 1236, 184;
66, 317, 53, 599, 526, 363, 260, 1236, 210;
67, 328, 43, 544, 474, 317, 265, 1282, 169;
66, 335, 49, 542, 475, 324, 257, 1306, 192;
74, 311, 46, 516, 452, 307, 290, 1214, 182;
60, 312, 50, 510, 448, 309, 237, 1218, 198;
61, 314, 44, 467, 408, 274, 239, 1227, 174;
51, 325, 32, 460, 402, 274, 199, 1267, 127;
63, 305, 45, 451, 396, 273, 249, 1192, 177;
51, 300, 32, 400, 348, 229, 200, 1170, 128;
59, 314, 30, 403, 352, 238, 231, 1224, 118;
51, 308, 28, 365, 316, 206, 198, 1201, 111;
43, 307, 27, 350, 303, 198, 167, 1197, 109;
43, 302, 22, 335, 290, 189, 167, 1181, 87;
41, 309, 27, 360, 316, 219, 162, 1205, 106;
34, 292, 23, 313, 272, 178, 133, 1139, 91;
35, 287, 31, 317, 277, 188, 139, 1119, 121;
42, 283, 22, 289, 251, 164, 166, 1106, 88;
37, 292, 18, 280, 243, 161, 146, 1140, 72;
31, 293, 22, 261, 225, 146, 123, 1144, 89;
26, 280, 20, 250, 216, 140, 103, 1093, 79;
33, 284, 24, 269, 237, 163, 132, 1109, 95;
34, 282, 23, 262, 231, 160, 133, 1100, 90;
28, 285, 19, 237, 207, 139, 112, 1113, 77;
23, 286, 18, 211, 182, 117, 90, 1116, 72;
25, 288, 21, 220, 192, 130, 100, 1126, 85;
1, 256, 0, -1, -1, -1, 4, 999, 2;
1, 256, 0, -1, -1, -1, 4, 999, 2;
1, 256, 0, 1, 1, 1, 5, 1000, 3;
1, 256, 0, 0, 0, 0, 5, 1000, 3;
1, 256, 0, -1, -1, -1, 4, 998, 1;
1, 256, 0, 0, 0, 0, 4, 999, 2;
1, 256, 0, 0, 0, 0, 5, 1000, 3;
1, 256, 0, 0, 0, 0, 4, 999, 2;
1, 256, 0, 0, 0, 0, 5, 999, 3;
1, 256, 1, 1, 1, 1, 6, 1000, 4;
1, 256, 0, 0, 0, 0, 5, 1000, 3;
1, 256, 0, 1, 1, 1, 5, 1000, 3;
1, 256, 1, 1, 1, 1, 6, 1000, 4;
1, 256, 0, 0, 0, 0, 5, 1000, 3;
1, 256, 0, 0, 0, 0, 4, 999, 2;
1, 256, 0, 0, 0, 0, 5, 1000, 3;
1, 256, 0, 1, 1, 1, 5, 1000, 3;
1, 256, 0, 0, 0, 0, 5, 1000, 3;
1, 256, 0, 0, 0, 0, 4, 999, 2;
1, 256, 0, -1, -1, -1, 4, 999, 2;
1, 256, 1, 1, 1, 1, 6, 1001, 4;
1, 256, 0, 0, 0, 0, 5, 1000, 3;
1, 256, 0, -1, -1, -1, 4, 999, 2;
1, 256, 0, 0, 0, 0, 5, 999, 3;
1, 256, 0, 0, 0, 0, 4, 999, 2;
1, 256, 0, -1, -1, -1, 4, 998, 1;
1, 256, 1, 1, 1, 1, 5, 1000, 3;
0, 256, 0, -1, -1, -1, 3, 998, 1;
1, 256, 0, 0, 0, 0, 5, 1000, 3;
1, 256, 0, 0, 0, 0, 4, 999, 2;
1, 256, 0, -1, -1, -1, 4, 999, 2;
1, 256, 0, 0, 0, 0, 5, 1000, 3;
1, 256, 1, 1, 1, 1, 5, 1000, 3;
1, 256, 0, 0, 0, 0, 5, 1000, 3;
1, 256, 1, 1, 1, 1, 5, 1000, 3;
1, 256, 0, 0, 0, 0, 5, 1000, 3;
1, 256, 0, 0, 0, 0, 4, 999, 2;
1, 256, 0, 0, 0, 0, 5, 1000, 3;
1, 256, 0, 0, 0, 0, 5, 1000, 3;
1, 256, 0, 0, 0, 0, 4, 999, 2;
1, 256, 0, -1, -1, -1, 4, 998, 2;
1, 256, 0, -1, -1, -1, 4, 998, 1;
1, 256, 0, -1, -1, -1, 4, 998, 2;
1, 256, 0, 1, 1, 1, 5, 1000, 3;
1, 256, 0, 0, 0, 0, 4, 999, 2;
1, 256, 1, 1, 1, 1, 5, 1000, 3;
1, 256, 0, 0, 0, 0, 5, 1000, 3;
1, 256, 0, 0, 0, 0, 5, 1000, 3;
1, 256, 0, -1, -1, -1, 4, 999, 2;
1, 256, 0, 0, 0, 0, 5, 1000, 3;
1, 256, 0, 0, 0, 0, 5, 999, 2;
1, 256, 0, 0, 0, 0, 4, 999, 2;
1, 256, 0, 1, 1, 1, 5, 1000, 3;
1, 256, 1, 1, 1, 1, 6, 1001, 4;
1, 256, 0, 0, 0, 0, 5, 999, 3;
1, 256, 0, 1, 1, 1, 5, 1000, 3;
1, 256, 0, 0, 0, 0, 4, 999, 2;
1, 256, 1, 1, 1, 1, 6, 1000, 4;
1, 256, 0, -1, -1, -1, 4, 999, 2;
1, 256, 0, 0, 0, 0, 5, 1000, 3;
1, 256, 0, 0, 0, 0, 5, 1000, 3;
1, 256, 0, 1, 1, 1, 5, 1000, 3;
1, 256, 0, 0, 0, 0, 5, 1000, 3;
1, 256, 0, 0, 0, 0, 5, 1000, 3;
1, 256, 1, 1, 1, 1, 6, 1001, 4;
1, 256, 0, -1, -1, -1, 4, 998, 2;
1, 256, 0, 1, 1, 1, 5, 1000, 3;
1, 256, 0, -1, -1, -1, 4, 998, 1;
1, 256, 0, 1, 1, 1, 5, 1000, 3;
1, 256, 0, -1, -1, -1, 4, 999, 2;
1, 256, 0, 0, 0, 0, 4, 999, 2;
1, 256, 0, 0, 0, 0, 5, 1000, 3;
1, 256, 0, -1, -1, -1, 4, 999, 2;
1, 256, 0, 0, 0, 0, 5, 999, 3;
1, 256, 0, 0, 0, 0, 5, 1000, 3;
1, 256, 1, 1, 1, 1, 6, 1001, 4;
1, 256, 1, 1, 1, 1, 6, 1001, 4;
1, 256, 0, 0, 0, 0, 4, 999, 2;
1, 256, 0, 1, 1, 1, 5, 1000, 3;
1, 256, 1, 1, 1, 1, 6, 1001, 4;
1, 256, 1, 1, 1, 1, 5, 1000, 3;
1, 256, 1, 1, 1, 1, 6, 1001, 4;
1, 256, 0, 1, 1, 1, 5, 1000, 3;
1, 256, 0, 0, 0, 0, 4, 999, 2;
1, 256, 0, -1, -1, -1, 4, 998, 2;
1, 256, 0, 0, 0, 0, 5, 999, 3;
1, 256, 0, 0, 0, 0, 5, 1000, 3;
1, 256, 0, 0, 0, 0, 5, 1000, 3;
1, 256, 0, -1, -1, -1, 4, 999, 2;
1, 256, 0, -1, -1, -1, 3, 998, 1;
1, 256, 0, -1, -1, -1, 4, 999, 2;
0, 256, 0, -1, -1, -1, 3, 998, 1;
1, 256, 0, -1, -1, -1, 4, 999, 2;
1, 256, 0, 0, 0, 0, 4, 999, 2;
1, 256, 0, 0, 0, 0, 4, 999, 2;
0, 256, 0, -1, -1, -1, 3, 998, 1;
1, 256, 0, 0, 0, 0, 5, 1000, 3;
1, 256, 0, 0, 0, 0, 5, 1000, 3;
1, 256, 0, 0, 0, 0, 4, 999, 2;
1, 256, 1, 1, 1, 1, 6, 1000, 4;
1, 256, 0, 0, 0, 0, 4, 999, 2;
1, 256, 1, 1, 1, 1, 5, 1000, 3;
1, 256, 0, 0, 0, 0, 5, 1000, 3;
1, 256, 0, 0, 0, 0, 5, 1000, 3;
1, 256, 0, -1, -1, -1, 4, 999, 2;
1, 256, 0, -1, -1, -1, 3, 998, 1;
1, 256, 0, 0, 0, 0, 5, 1000, 3;
1, 256, 1, 1, 1, 1, 6, 1000, 4;
1, 256, 0, -1, -1, -1, 4, 999, 2;
1, 256, 1, 1, 1, 1, 5, 1000, 3;
1, 256, 0, -1, -1, -1, 3, 998, 1;
1, 256, 0, 0, 0, 0, 4, 999, 2;
1, 256, 1, 1, 1, 1, 6, 1001, 4;
1, 256, 0, -1, -1, -1, 4, 999, 2;
1, 256, 0, -1, -1, -1, 4, 999, 2;
1, 256, 0, 0, 0, 0, 5, 1000, 3;
1, 256, 1, 1, 1, 1, 6, 1000, 4;
1, 256, 0, 0, 0, 0, 5, 999, 3;
1, 256, 1, 1, 1, 1, 6, 1000, 3;
1, 256, 0, 0, 0, 0, 5, 1000, 3;
1, 256, 0, -1, -1, -1, 3, 998, 1;
1, 256, 0, -1, -1, -1, 4, 999, 2;
1, 256, 0, 1, 1, 1, 5, 1000, 3;
1, 256, 0, 0, 0, 0, 5, 1000, 3;
1, 256, 0, 0, 0, 0, 5, 1000, 3;
1, 256, 1, 1, 1, 1, 6, 1000, 3;
1, 256, 0, 0, 0, 0, 5, 1000, 3;
1, 256, 0, 0, 0, 0, 4, 999, 2;
1, 256, 0, 0, 0, 0, 5, 1000, 3;
1, 256, 1, 1, 1, 1, 6, 1001, 4;
1, 256, 0, -1, -1, -1, 4, 999, 2;
1, 256, 0, 0, 0, 0, 4, 999, 2;
1, 256, 0, 0, 0, 0, 4, 999, 2;
1, 256, 0, 0, 0, 0, 4, 999, 2;
1, 256, 1, 1, 1, 1, 6, 1000, 4;
1, 256, 0, 0, 0, 0, 4, 999, 2;
1, 256, 0, -1, -1, -1, 4, 999, 2;
1, 256, 0, 0, 0, 0, 5, 1000, 3;
1, 256, 0, 0, 0, 0, 4, 999, 2;
1, 256, 0, -1, -1, -1, 3, 998, 1;
1, 256, 0, 1, 1, 1, 5, 1000, 3;
1, 256, 0, 0, 0, 0, 4, 999, 2;
1, 256, 1, 1, 1, 1, 6, 1001, 4;
1, 256, 0, -1, -1, -1, 4, 999, 2;
1, 256, 0, 1, 1, 1, 5, 1000, 3;
1, 256, 0, 1, 1, 1, 5, 1000, 3;
1, 256, 0, 0, 0, 0, 5, 999, 2;
1, 256, 0, 0, 0, 0, 5, 1000, 3;
1, 256, 0, -1, -1, -1, 4, 999, 2;
1, 256, 0, -1, -1, -1, 4, 998, 2;
1, 256, 0, 0, 0, 0, 4, 999, 2;
1, 256, 0, 1, 1, 1, 5, 1000, 3;
1, 256, 0, 0, 0, 0, 5, 1000, 3;
1, 256, 0, 0, 0, 0, 4, 999, 2;
1, 256, 0, 1, 1, 1, 5, 1000, 3;
1, 256, 0, 1, 1, 1, 5, 1000, 3;
0, 256, 0, -1, -1, -1, 3, 998, 1;
1, 256, 1, 1, 1, 1, 5, 1000, 3;
1, 256, 0, -1, -1, -1, 4, 999, 2;
1, 256, 0, 0, 0, 0, 5, 999, 3;
1, 256, 0, 0, 0, 0, 5, 1000, 3;
1, 256, 0, 1, 1, 1, 5, 1000, 3;
1, 256, 0, 0, 0, 0, 5, 1000, 3;
1, 256, 0, 0, 0, 0, 5, 1000, 3;
1, 256, 0, 0, 0, 0, 4, 999, 2;
1, 256, 0, 0, 0, 0, 5, 1000, 3;
1, 256, 1, 1, 1, 1, 6, 1000, 3;
1, 256, 0, 0, 0, 0, 5, 1000, 3;
1, 256, 0, 0, 0, 0, 4, 999, 2;
1, 256, 0, 0, 0, 0, 5, 999, 2;
1, 256, 0, 0, 0, 0, 4, 999, 2;
1, 256, 0, 1, 1, 1, 5, 1000, 3;
1, 256, 0, 1, 1, 1, 5, 1000, 3;
1, 256, 1, 1, 1, 1, 6, 1000, 4;
1, 256, 0, 0, 0, 0, 4, 999, 2;
1, 256, 1, 1, 1, 1, 6, 1000, 3;
1, 256, 0, -1, -1, -1, 4, 998, 2;
1, 256, 0, 1, 1, 1, 5, 1000, 3;
1, 256, 0, 0, 0, 0, 5, 1000, 3;
1, 256, 1, 1, 1, 1, 6, 1001, 4;
1, 256, 1, 1, 1, 1, 6, 1001, 4;
1, 256, 0, 0, 0, 0, 4, 999, 2;
1, 256, 0, -1, -1, -1, 4, 999, 2;
1, 256, 0, 0, 0, 0, 5, 1000, 3;
1, 256, 0, 0, 0, 0, 5, 1000, 3;
1, 256, 1, 1, 1, 1, 5, 1000, 3;
1, 256, 0, 0, 0, 0, 4, 999, 2;
1, 256, 0, 0, 0, 0, 5, 1000, 3;
1, 256, 1, 1, 1, 1, 6, 1000, 4;
1, 256, 0, -1, -1, -1, 4, 999, 2;
1, 256, 0, -1, -1, -1, 4, 999, 2;
1, 256, 0, 0, 0, 0, 4, 999, 2;
1, 256, 0, -1, -1, -1, 4, 998, 2;
1, 256, 0, 0, 0, 0, 4, 999, 2;
1, 256, 0, -1, -1, -1, 3, 998, 1;
1, 256, 0, 0, 0, 0, 5, 1000, 3;
1, 256, 0, 0, 0, 0, 4, 999, 2;
1, 256, 0, 0, 0, 0, 4, 999, 2;
1, 256, 1, 1, 1, 1, 6, 1000, 4;
1, 256, 0, 0, 0, 0, 4, 999, 2;
1, 256, 0, 0, 0, 0, 4, 999, 2;
1, 256, 0, 0, 0, 0, 5, 999, 2;
1, 256, 0, 1, 1, 1, 5, 1000, 3;
1, 256, 0, -1, -1, -1, 4, 999, 2;
1, 256, 0, 0, 0, 0, 4, 999, 2;
1, 256, 0, 0, 0, 0, 5, 1000, 3;
1, 256, 0, 0, 0, 0, 5, 1000, 3;
1, 256, 0, -1, -1, -1, 4, 999, 2;
1, 256, 0, -1, -1, -1, 4, 999, 2;
1, 256, 0, 1, 1, 1, 5, 1000, 3;
1, 256, 0, 0, 0, 0, 5, 1000, 3;
1, 256, 0, 0, 0, 0, 5, 1000, 3;
1, 256, 0, 0, 0, 0, 4, 999, 2;
1, 256, 0, 0, 0, 0, 4, 999, 2;
1, 256, 0, -1, -1, -1, 4, 999, 2;
1, 256, 1, 1, 1, 1, 6, 1001, 4;
1, 256, 0, 0, 0, 0, 4, 999, 2;
1, 256, 0, 0, 0, 0, 5, 1000, 3;
1, 256, 0, 0, 0, 0, 4, 999, 2;
1, 256, 0, 0, 0, 0, 5, 1000, 3;
1, 256, 0, -1, -1, -1, 3, 998, 1;
1, 256, 0, -1, -1, -1, 4, 999, 2;
1, 256, 0, 0, 0, 0, 5, 1000, 3;
1, 256, 0, 0, 0, 0, 5, 1000, 3;
1, 256, 0, 1, 1, 1, 5, 1000, 3;
1, 256, 0, 0, 0, 0, 5, 999, 3;
1, 256, 0, 0, 0, 0, 5, 1000, 3;
1, 256, 0, 1, 1, 1, 5, 1000, 3;
1, 256, 0, 0, 0, 0, 5, 1000, 3;
1, 256, 0, 0, 0, 0, 4, 999, 2;
1, 256, 0, 0, 0, 0, 5, 1000, 3;
1, 256, 1, 1, 1, 1, 6, 1001, 4;
1, 256, 0, 1, 1, 1, 5, 1000, 3;
1, 256, 0, -1, -1, -1, 4, 998, 2;
1, 256, 0, 0, 0, 0, 4, 999, 2;
1, 256, 0, 0, 0, 0, 5, 1000, 3;
1, 256, 1, 1, 1, 1, 6, 1001, 4;
1, 256, 0, 0, 0, 0, 4, 999, 2;
1, 256, 0, 0, 0, 0, 4, 999, 2;
1, 256, 0, 0, 0, 0, 4, 999, 2;
1, 256, 1, 1, 1, 1, 5, 1000, 3;
1, 256, 0, 0, 0, 0, 5, 1000, 3;
1, 256, 0, 0, 0, 0, 5, 1000, 3;
1, 256, 0, 0, 0, 0, 5, 999, 2;
1, 256, 1, 1, 1, 1, 6, 1001, 4;
1, 256, 0, -1, -1, -1, 3, 998, 1;
1, 256, 0, 0, 0, 0, 5, 1000, 3;
1, 256, 0, 0, 0, 0, 5, 1000, 3;
1, 256, 0, 0, 0, 0, 5, 1000, 3;
1, 256, 1, 1, 1, 1, 6, 1001, 4;
1, 256, 0, -1, -1, -1, 4, 999, 2;
1, 256, 0, 1, 1, 1, 5, 1000, 3;
1, 256, 0, 0, 0, 0, 5, 1000, 3;
1, 256, 0, -1, -1, -1, 4, 999, 2;
1, 256, 0, 1, 1, 1, 5, 1000, 3;
1, 256, 0, 0, 0, 0, 5, 1000, 3;
1, 256, 0, 0, 0, 0, 4, 999, 2;
1, 256, 1, 1, 1, 1, 6, 1000, 3;
1, 256, 0, -1, -1, -1, 4, 999, 2;
1, 256, 0, 1, 1, 1, 5, 1000, 3;
1, 256, 0, -1, -1, -1, 3, 998, 1;
1, 256, 0, -1, -1, -1, 4, 999, 2;
1, 256, 0, -1, -1, -1, 4, 999, 2;
1, 256, 0, 0, 0, 0, 4, 999, 2;
1, 256, 0, 0, 0, 0, 4, 999, 2;
1, 256, 1, 1, 1, 1, 6, 1001, 4;
1, 256, 0, -1, -1, -1, 4, 999, 2;
1, 256, 1, 1, 1, 1, 6, 1001, 4;
1, 256, 0, 0, 0, 0, 5, 1000, 3;
1, 256, 0, 1, 1, 1, 5, 1000, 3;
1, 256, 0, 0, 0, 0, 5, 1000, 3;
1, 256, 0, 0, 0, 0, 4, 999, 2;
1, 256, 0, 0, 0, 0, 5, 1000, 3;
1, 256, 0, 1, 1, 1, 5, 1000, 3;
1, 256, 0, 0, 0, 0, 5, 1000, 3;
1, 256, 0, 0, 0, 0, 4, 999, 2;
1, 256, 0, 0, 0, 0, 5, 1000, 3;
1, 256, 1, 1, 1, 1, 5, 1000, 3;
1, 256, 1, 1, 1, 1, 6, 1001, 4;
1, 256, 0, -1, -1, -1, 4, 999, 2;
1, 256, 0, 0, 0, 0, 5, 1000, 3;
1, 256, 1, 1, 1, 1, 6, 1001, 4;
1, 256, 0, 0, 0, 0, 5, 1000, 3;
1, 256, 0, 1, 1, 1, 5, 1000, 3;
1, 256, 1, 1, 1, 1, 6, 1001, 4;
1, 256, 0, 0, 0, 0, 4, 999, 2;
1, 256, 1, 1, 1, 1, 6, 1001, 4;
1, 256, 0, 1, 1, 1, 5, 1000, 3;
1, 256, 0, 1, 1, 1, 5, 1000, 3;
1, 256, 0, 0, 0, 0, 4, 999, 2;
1, 256, 0, 1, 1, 1, 5, 1000, 3;
1, 256, 0, 0, 0, 0, 5, 1000, 3;
1, 256, 0, 1, 1, 1, 5, 1000, 3;
1, 256, 0, 0, 0, 0, 4, 999, 2;
1, 256, 0, 1, 1, 1, 5, 1000, 3;
1, 256, 0, 0, 0, 0, 4, 999, 2;
1, 256, 0, -1, -1, -1, 3, 998, 1;
1, 256, 0, -1, -1, -1, 4, 999, 2;
1, 256, 0, 0, 0, 0, 5, 1000, 3;
1, 256, 0, -1, -1, -1, 4, 999, 2;
1, 256, 0, 0, 0, 0, 5, 1000, 3;
1, 256, 0, 1, 1, 1, 5, 1000, 3;
1, 256, 0, 0, 0, 0, 5, 999, 2;
1, 256, 0, -1, -1, -1, 4, 999, 2;
1, 256, 1, 1, 1, 1, 6, 1001, 4;
1, 256, 0, 0, 0, 0, 5, 1000, 3;
1, 256, 0, 0, 0, 0, 5, 1000, 3;
1, 256, 0, 0, 0, 0, 5, 1000, 3;
1, 256, 0, -1, -1, -1, 4, 998, 1;
1, 256, 0, 0, 0, 0, 4, 999, 2;
1, 256, 0, 0, 0, 0, 5, 1000, 3;
1, 256, 0, 0, 0, 0, 4, 999, 2;
1, 256, 0, 0, 0, 0, 4, 999, 2;
1, 256, 0, 1, 1, 1, 5, 1000, 3;
1, 256, 0, 0, 0, 0, 4, 999, 2;
1, 256, 0, 0, 0, 0, 4, 999, 2;
1, 256, 0, 0, 0, 0, 4, 999, 2;
1, 256, 0, -1, -1, -1, 4, 999, 2;
1, 256, 0, 0, 0, 0, 5, 1000, 3;
1, 256, 0, 0, 0, 0, 5, 1000, 3;
1, 256, 0, 0, 0, 0, 5, 999, 3;
1, 256, 0, 0, 0, 0, 4, 999, 2;
1, 256, 0, 0, 0, 0, 4, 999, 2;
1, 256, 0, 0, 0, 0, 4, 999, 2;
1, 256, 1, 1, 1, 1, 6, 1001, 4;
1, 256, 0, 0, 0, 0, 5, 1000, 3;
1, 256, 1, 1, 1, 1, 6, 1001, 4;
1, 256, 0, 0, 0, 0, 4, 999, 2;
1, 256, 1, 1, 1, 1, 6, 1001, 4;
1, 256, 1, 1, 1, 1, 6, 1001, 4;
1, 256, 0, -1, -1, -1, 3, 998, 1;
1, 256, 0, 0, 0, 0, 4, 999, 2;
1, 256, 0, 0, 0, 0, 5, 1000, 3;
1, 256, 1, 1, 1, 1, 5, 1000, 3;
1, 256, 0, -1, -1, -1, 4, 999, 2;
1, 256, 0, -1, -1, -1, 4, 999, 2;
1, 256, 0, 1, 1, 1, 5, 1000, 3;
1, 256, 0, 1, 1, 1, 5, 1000, 3;
1, 256, 0, 0, 0, 0, 4, 999, 2;
1, 256, 0, 0, 0, 0, 5, 1000, 3;
1, 256, 0, 0, 0, 0, 5, 1000, 3;
1, 256, 0, 0, 0, 0, 4, 999, 2;
1, 256, 0, 0, 0, 0, 4, 999, 2;
1, 256, 0, 0, 0, 0, 5, 1000, 3;
1, 256, 0, 0, 0, 0, 5, 999, 3;
1, 256, 0, 0, 0, 0, 5, 1000, 3;
1, 256, 1, 1, 1, 1, 6, 1001, 4;
1, 256, 0, 0, 0, 0, 5, 1000, 3;
1, 256, 0, 0, 0, 0, 5, 1000, 3;
1, 256, 0, 0, 0, 0, 5, 1000, 3;
1, 256, 0, 0, 0, 0, 5, 1000, 3;
1, 256, 1, 1, 1, 1, 6, 1000, 4;
1, 256, 0, 0, 0, 0, 4, 999, 2;
1, 256, 0, 0, 0, 0, 5, 1000, 3;
1, 256, 0, -1, -1, -1, 4, 999, 2;
1, 256, 0, 1, 1, 1, 5, 1000, 3;
1, 256, 0, 0, 0, 0, 5, 1000, 3;
1, 256, 0, 1, 1, 1, 5, 1000, 3;
1, 256, 0, 0, 0, 0, 5, 1000, 3;
1, 256, 0, -1, -1, -1, 4, 998, 2;
1, 256, 0, -1, -1, -1, 4, 999, 2;
1, 256, 1, 1, 1, 1, 6, 1000, 4;
1, 256, 0, 0, 0, 0, 5, 1000, 3;
1, 256, 0, 0, 0, 0, 5, 1000, 3;
1, 256, 0, 0, 0, 0, 5, 1000, 3;
1, 256, 0, -1, -1, -1, 3, 998, 1;
1, 256, 1, 1, 1, 1, 6, 1001, 4;
1, 256, 0, -1, -1, -1, 4, 999, 2;
1, 256, 0, 0, 0, 0, 5, 1000, 3;
1, 256, 1, 1, 1, 1, 6, 1001, 4;
1, 256, 1, 1, 1, 1, 6, 1001, 4;
1, 256, 0, 0, 0, 0, 4, 999, 2;
1, 256, 0, 0, 0, 0, 4, 999, 2;
1, 256, 0, 0, 0, 0, 4, 999, 2;
1, 256, 0, -1, -1, -1, 4, 998, 1;
1, 256, 1, 1, 1, 1, 5, 1000, 3;
1, 256, 1, 1, 1, 1, 6, 1001, 4;
1, 256, 0, 1, 1, 1, 5, 1000, 3;
1, 256, 1, 1, 1, 1, 5, 1000, 3;
1, 256, 0, -1, -1, -1, 4, 998, 1;
1, 256, 0, 0, 0, 0, 5, 1000, 3;
1, 256, 0, 0, 0, 0, 5, 1000, 3;
1, 256, 0, 0, 0, 0, 4, 999, 2;
1, 256, 0, -1, -1, -1, 4, 998, 1;
1, 256, 0, 0, 0, 0, 5, 1000, 3;
1, 256, 0, 1, 1, 1, 5, 1000, 3;
1, 256, 0, 0, 0, 0, 4, 999, 2;
1, 256, 0, -1, -1, -1, 4, 999, 2;
1, 256, 0, 0, 0, 0, 5, 1000, 3;
1, 256, 1, 1, 1, 1, 5, 1000, 3;
1, 256, 0, -1, -1, -1, 4, 999, 2;
1, 256, 1, 1, 1, 1, 6, 1001, 4;
1, 256, 0, 0, 0, 0, 4, 999, 2;
1, 256, 0, 0, 0, 0, 4, 999, 2;
1, 256, 0, 1, 1, 1, 5, 1000, 3;
1, 256, 0, 0, 0, 0, 4, 999, 2;
1, 256, 0, 0, 0, 0, 5, 1000, 3;
1, 256, 0, 0, 0, 0, 5, 1000, 3;
1, 256, 1, 1, 1, 1, 6, 1000, 4;
1, 256, 0, 0, 0, 0, 5, 1000, 3;
1, 256, 0, -1, -1, -1, 4, 999, 2;
1, 256, 0, -1, -1, -1, 4, 999, 2;
1, 256, 1, 1, 1, 1, 6, 1001, 4;
1, 256, 0, 0, 0, 0, 5, 999, 2;
1, 256, 0, 0, 0, 0, 4, 999, 2;
1, 256, 0, -1, -1, -1, 4, 999, 2;
1, 256, 0, -1, -1, -1, 3, 998, 1;
1, 256, 0, 1, 1, 1, 5, 1000, 3;
1, 256, 0, 1, 1, 1, 5, 1000, 3;
1, 256, 0, -1, -1, -1, 3, 998, 1;
1, 256, 0, 0, 0, 0, 4, 999, 2;
1, 256, 0, 0, 0, 0, 5, 1000, 3;
1, 256, 0, 0, 0, 0, 5, 1000, 3;
1, 256, 0, 0, 0, 0, 5, 1000, 3;
1, 256, 1, 1, 1, 1, 6, 1000, 4;
1, 256, 0, 1, 1, 1, 5, 1000, 3;
1, 256, 0, 0, 0, 0, 5, 1000, 3;
1, 256, 0, 0, 0, 0, 4, 999, 2;
1, 256, 0, 1, 1, 1, 5, 1000, 3;
1, 256, 0, -1, -1, -1, 4, 999, 2;
1, 256, 0, 0, 0, 0, 4, 999, 2;
1, 256, 0, 0, 0, 0, 4, 999, 2;
1, 256, 0, 0, 0, 0, 4, 999, 2;
1, 256, 1, 1, 1, 1, 6, 1001, 4;
1, 256, 0, 0, 0, 0, 5, 1000, 3;
1, 256, 1, 1, 1, 1, 6, 1001, 4;
1, 256, 0, 0, 0, 0, 4, 999, 2;
1, 256, 0, 0, 0, 0, 5, 1000, 3;
1, 256, 0, 0, 0, 0, 5, 1000, 3;
1, 256, 0, -1, -1, -1, 3, 998, 1;
1, 256, 0, -1, -1, -1, 4, 999, 2;
1, 256, 0, 0, 0, 0, 4, 999, 2;
1, 256, 0, 0, 0, 0, 4, 999, 2;
1, 256, 0, 0, 0, 0, 5, 1000, 3;
1, 256, 0, -1, -1, -1, 4, 999, 2;
1, 256, 0, 0, 0, 0, 4, 999, 2;
1, 256, 0, 0, 0, 0, 5, 1000, 3;
1, 256, 0, 0, 0, 0, 5, 1000, 3;
1, 256, 0, -1, -1, -1, 4, 999, 2;
1, 256, 0, -1, -1, -1, 4, 999, 2;
1, 256, 0, -1, -1, -1, 3, 998, 1;
1, 256, 0, -1, -1, -1, 4, 998, 2;
1, 256, 0, 0, 0, 0, 4, 999, 2;
1, 256, 0, -1, -1, -1, 3, 998, 1;
1, 256, 0, -1, -1, -1, 4, 999, 2;
1, 256, 1, 1, 1, 1, 6, 1001, 4;
1, 256, 0, 0, 0, 0, 5, 1000, 3;
1, 256, 0, 0, 0, 0, 5, 1000, 3;
1, 256, 0, -1, -1, -1, 4, 998, 1;
1, 256, 0, 0, 0, 0, 4, 999, 2;
1, 256, 0, 0, 0, 0, 5, 1000, 3;
1, 256, 0, 1, 1, 1, 5, 1000, 3;
1, 256, 0, 0, 0, 0, 5, 999, 3;
1, 256, 1, 1, 1, 1, 5, 1000, 3;
1, 256, 0, -1, -1, -1, 4, 999, 2;
1, 256, 0, 0, 0, 0, 5, 1000, 3;
1, 256, 0, 1, 1, 1, 5, 1000, 3;
1, 256, 0, 0, 0, 0, 4, 999, 2;
1, 256, 0, -1, -1, -1, 4, 999, 2;
1, 256, 0, 0, 0, 0, 5, 1000, 3;
1, 256, 0, 1, 1, 1, 5, 1000, 3;
1, 256, 0, 1, 1, 1, 5, 1000, 3;
1, 256, 0, 0, 0, 0, 5, 1000, 3;
1, 256, 0, 0, 0, 0, 4, 999, 2;
1, 256, 0, 0, 0, 0, 5, 1000, 3;
1, 256, 0, 0, 0, 0, 4, 999, 2;
1, 256, 0, 0, 0, 0, 5, 1000, 3;
1, 256, 0, 0, 0, 0, 4, 999, 2;
1, 256, 0, 0, 0, 0, 4, 999, 2;
1, 256, 0, 0, 0, 0, 5, 1000, 3;
1, 256, 0, -1, -1, -1, 4, 999, 2;
1, 256, 0, 0, 0, 0, 5, 1000, 3;
1, 256, 1, 1, 1, 1, 6, 1000, 3;
1, 256, 0, 0, 0, 0, 4, 999, 2;
1, 256, 0, 1, 1, 1, 5, 1000, 3;
1, 256, 1, 1, 1, 1, 6, 1001, 4;
1, 256, 0, -1, -1, -1, 4, 999, 2;
1, 256, 0, 0, 0, 0, 4, 999, 2;
1, 256, 1, 1, 1, 1, 6, 1001, 4;
0, 256, 0, -1, -1, -1, 3, 998, 1;
1, 256, 0, -1, -1, -1, 4, 999, 2;
1, 256, 0, 1, 1, 1, 5, 1000, 3;
1, 256, 0, 1, 1, 1, 5, 1000, 3;
1, 256, 0, 1, 1, 1, 5, 1000, 3;
1, 256, 1, 1, 1, 1, 6, 1000, 4;
1, 256, 0, 0, 0, 0, 5, 1000, 3;
1, 256, 0, 0, 0, 0, 5, 1000, 3;
1, 256, 0, -1, -1, -1, 4, 999, 2;
1, 256, 0, 0, 0, 0, 5, 1000, 3;
1, 256, 0, 0, 0, 0, 5, 1000, 3;
1, 256, 1, 1, 1, 1, 6, 1000, 4;
1, 256, 0, 0, 0, 0, 5, 1000, 3;
1, 256, 0, -1, -1, -1, 4, 999, 2;
1, 256, 0, -1, -1, -1, 4, 999, 2;
1, 256, 0, -1, -1, -1, 4, 998, 2;
1, 256, 1, 1, 1, 1, 5, 1000, 3;
1, 256, 0, 0, 0, 0, 5, 1000, 3;
1, 256, 0, 0, 0, 0, 4, 999, 2;
1, 256, 0, 0, 0, 0, 4, 999, 2;
1, 256, 0, 0, 0, 0, 4, 999, 2;
1, 256, 0, 0, 0, 0, 4, 999, 2;
1, 256, 0, -1, -1, -1, 4, 999, 2;
1, 256, 0, -1, -1, -1, 4, 999, 2;
1, 256, 0, -1, -1, -1, 4, 999, 2;
1, 256, 0, -1, -1, -1, 4, 999, 2;
1, 256, 0, 1, 1, 1, 5, 1000, 3;
1, 256, 1, 1, 1, 1, 6, 1001, 4;
1, 256, 0, 0, 0, 0, 4, 999, 2;
1, 256, 0, 0, 0, 0, 5, 1000, 3;
1, 256, 0, -1, -1, -1, 4, 999, 2;
1, 256, 0, -1, -1, -1, 4, 999, 2;
1, 256, 0, 0, 0, 0, 4, 999, 2;
1, 256, 0, 0, 0, 0, 5, 999, 2;
1, 256, 0, 0, 0, 0, 5, 1000, 3;
1, 256, 0, -1, -1, -1, 3, 998, 1;
1, 256, 0, 0, 0, 0, 5, 1000, 3;
1, 256, 1, 1, 1, 1, 5, 1000, 3;
1, 256, 0, 0, 0, 0, 4, 999, 2;
1, 256, 0, 0, 0, 0, 4, 999, 2;
1, 256, 0, -1, -1, -1, 4, 999, 2;
1, 256, 0, 1, 1, 1, 5, 1000, 3;
1, 256, 0, 0, 0, 0, 5, 999, 2;
1, 256, 0, -1, -1, -1, 3, 998, 1;
1, 256, 0, 1, 1, 1, 5, 1000, 3;
1, 256, 0, 0, 0, 0, 5, 1000, 3;
1, 256, 0, -1, -1, -1, 4, 999, 2;
1, 256, 1, 1, 1, 1, 6, 1001, 4;
1, 256, 0, 0, 0, 0, 5, 1000, 3;
1, 256, 0, -1, -1, -1, 4, 998, 2;
1, 256, 0, 0, 0, 0, 5, 1000, 3;
1, 256, 0, 1, 1, 1, 5, 1000, 3;
1, 256, 0, 0, 0, 0, 5, 1000, 3;
1, 256, 0, 0, 0, 0, 4, 999, 2;
1, 256, 0, 0, 0, 0, 5, 1000, 3;
1, 256, 0, 0, 0, 0, 4, 999, 2;
1, 256, 0, 0, 0, 0, 4, 999, 2;
1, 256, 1, 1, 1, 1, 5, 1000, 3;
1, 256, 0, 0, 0, 0, 4, 999, 2;
1, 256, 0, 0, 0, 0, 4, 999, 2;
1, 256, 0, 0, 0, 0, 5, 1000, 3;
1, 256, 0, -1, -1, -1, 3, 998, 1;
1, 256, 1, 1, 1, 1, 5, 1000, 3;
1, 256, 0, -1, -1, -1, 4, 999, 2;
1, 256, 0, 0, 0, 0, 4, 999, 2;
1, 256, 0, 0, 0, 0, 5, 1000, 3;
1, 256, 0, 0, 0, 0, 4, 999, 2;
1, 256, 1, 1, 1, 1, 6, 1001, 4;
1, 256, 0, 0, 0, 0, 5, 1000, 3;
1, 256, 0, -1, -1, -1, 4, 998, 2;
1, 256, 0, 0, 0, 0, 5, 1000, 3;
1, 256, 1, 1, 1, 1, 6, 1001, 4;
1, 256, 0, 1, 1, 1, 5, 1000, 3;
1, 256, 0, -1, -1, -1, 4, 999, 2;
1, 256, 0, 0, 0, 0, 4, 999, 2;
1, 256, 1, 1, 1, 1, 6, 1000, 4;
1, 256, 1, 1, 1, 1, 6, 1000, 4;
1, 256, 0, 0, 0, 0, 5, 1000, 3;
1, 256, 0, -1, -1, -1, 4, 999, 2;
1, 256, 1, 1, 1, 1, 6, 1001, 4;
1, 256, 1, 1, 1, 1, 6, 1001, 4;
1, 256, 0, 1, 1, 1, 5, 1000, 3;
1, 256, 0, -1, -1, -1, 4, 999, 2;
1, 256, 0, 0, 0, 0, 5, 999, 3;
1, 256, 0, -1, -1, -1, 4, 999, 2;
1, 256, 0, 0, 0, 0, 4, 999, 2;
1, 256, 0, -1, -1, -1, 4, 998, 2;
1, 256, 0, 0, 0, 0, 5, 1000, 3;
1, 256, 0, 0, 0, 0, 5, 1000, 3;
1, 256, 0, -1, -1, -1, 4, 998, 1;
1, 256, 0, -1, -1, -1, 4, 998, 1;
1, 256, 0, -1, -1, -1, 4, 999, 2;
1, 256, 0, 1, 1, 1, 5, 1000, 3;
1, 256, 0, -1, -1, -1, 4, 999, 2;
1, 256, 0, 0, 0, 0, 5, 1000, 3;
1, 256, 0, 0, 0, 0, 5, 999, 3;
1, 256, 0, 0, 0, 0, 5, 1000, 3;
1, 256, 0, 0, 0, 0, 4, 999, 2;
1, 256, 0, 0, 0, 0, 4, 999, 2;
1, 256, 0, 0, 0, 0, 5, 1000, 3;
1, 256, 0, 0, 0, 0, 5, 1000, 3;
1, 256, 0, -1, -1, -1, 4, 999, 2;
1, 256, 0, 0, 0, 0, 5, 999, 3;
1, 256, 0, 0, 0, 0, 4, 999, 2;
1, 256, 0, 0, 0, 0, 4, 999, 2;
1, 256, 0, 0, 0, 0, 4, 999, 2;
1, 256, 0, 0, 0, 0, 5, 1000, 3;
1, 256, 1, 1, 1, 1, 6, 1001, 4;
1, 256, 0, 0, 0, 0, 5, 1000, 3;
1, 256, 0, -1, -1, -1, 3, 998, 1;
1, 256, 0, -1, -1, -1, 4, 999, 2;
1, 256, 1, 1, 1, 1, 6, 1001, 4;
1, 256, 0, 0, 0, 0, 4, 999, 2;
1, 256, 0, 0, 0, 0, 4, 999, 2;
1, 256, 0, 0, 0, 0, 5, 1000, 3;
1, 256, 0, -1, -1, -1, 4, 999, 2;
1, 256, 1, 1, 1, 1, 6, 1001, 4;
0, 256, 0, -1, -1, -1, 3, 998, 1;
1, 256, 0, 0, 0, 0, 4, 999, 2;
1, 256, 0, 1, 1, 1, 5, 1000, 3;
1, 256, 0, 0, 0, 0, 4, 999, 2;
1, 256, 0, -1, -1, -1, 4, 999, 2;
1, 256, 0, 0, 0, 0, 4, 999, 2;
1, 256, 0, -1, -1, -1, 4, 999, 2;
1, 256, 0, 0, 0, 0, 4, 999, 2;
1, 256, 0, 1, 1, 1, 5, 1000, 3;
1, 256, 0, 0, 0, 0, 4, 999, 2;
1, 256, 1, 1, 1, 1, 6, 1000, 3;
1, 256, 1, 1, 1, 1, 6, 1001, 4;
1, 256, 0, -1, -1, -1, 4, 999, 2;
1, 256, 1, 1, 1, 1, 6, 1001, 4;
1, 256, 0, 0, 0, 0, 5, 1000, 3;
1, 256, 0, 0, 0, 0, 5, 1000, 3;
1, 256, 0, 0, 0, 0, 5, 1000, 3;
1, 256, 0, -1, -1, -1, 4, 999, 2;
1, 256, 0, 0, 0, 0, 4, 999, 2;
1, 256, 0, 0, 0, 0, 5, 1000, 3;
1, 256, 0, 0, 0, 0, 4, 999, 2;
1, 256, 0, 0, 0, 0, 5, 1000, 3;
1, 256, 0, 0, 0, 0, 5, 1000, 3;
1, 256, 0, 0, 0, 0, 4, 999, 2;
1, 256, 0, 1, 1, 1, 5, 1000, 3;
1, 256, 0, -1, -1, -1, 4, 998, 2;
1, 256, 0, 0, 0, 0, 5, 1000, 3;
1, 256, 0, 0, 0, 0, 4, 999, 2;
1, 256, 0, -1, -1, -1, 3, 998, 1;
1, 256, 0, 0, 0, 0, 4, 999, 2;
1, 256, 1, 1, 1, 1, 6, 1001, 4;
1, 256, 1, 1, 1, 1, 6, 1001, 4;
1, 256, 0, 1, 1, 1, 5, 1000, 3;
1, 256, 0, 0, 0, 0, 4, 999, 2;
1, 256, 0, 0, 0, 0, 4, 999, 2;
1, 256, 0, 0, 0, 0, 4, 999, 2;
1, 256, 0, 0, 0, 0, 4, 999, 2;
1, 256, 0, -1, -1, -1, 4, 999, 2;
1, 256, 1, 1, 1, 1, 6, 1001, 4;
1, 256, 0, 1, 1, 1, 5, 1000, 3;
1, 256, 0, 0, 0, 0, 5, 1000, 3;
1, 256, 0, 0, 0, 0, 4, 999, 2;
1, 256, 0, 0, 0, 0, 5, 1000, 3;
1, 256, 0, -1, -1, -1, 4, 999, 2;
1, 256, 1, 1, 1, 1, 6, 1001, 4;
1, 256, 0, 0, 0, 0, 5, 1000, 3;
1, 256, 0, 0, 0, 0, 4, 999, 2;
1, 256, 1, 1, 1, 1, 6, 1001, 4;
1, 256, 0, -1, -1, -1, 4, 999, 2;
1, 256, 0, -1, -1, -1, 4, 999, 2;
1, 256, 0, 0, 0, 0, 4, 999, 2;
1, 256, 0, 0, 0, 0, 5, 1000, 3;
1, 256, 0, -1, -1, -1, 3, 998, 1;
1, 256, 0, 0, 0, 0, 5, 1000, 3;
1, 256, 0, 0, 0, 0, 4, 999, 2;
1, 256, 0, 0, 0, 0, 5, 999, 3;
1, 256, 0, 0, 0, 0, 5, 1000, 3;
1, 256, 0, -1, -1, -1, 4, 999, 2;
1, 256, 0, 0, 0, 0, 4, 999, 2;
1, 256, 0, 0, 0, 0, 5, 1000, 3;
1, 256, 1, 1, 1, 1, 6, 1000, 4;
1, 256, 0, -1, -1, -1, 4, 999, 2;
1, 256, 0, 1, 1, 1, 5, 1000, 3;
1, 256, 1, 1, 1, 1, 6, 1001, 4;
1, 256, 0, 0, 0, 0, 4, 999, 2;
1, 256, 0, 1, 1, 1, 5, 1000, 3;
1, 256, 0, 0, 0, 0, 4, 999, 2;
1, 256, 1, 1, 1, 1, 6, 1001, 4;
1, 256, 0, 0, 0, 0, 5, 1000, 3;
1, 256, 1, 1, 1, 1, 6, 1001, 4;
1, 256, 1, 1, 1, 1, 6, 1000, 4;
1, 256, 0, 1, 1, 1, 5, 1000, 3;
1, 256, 1, 1, 1, 1, 6, 1001, 4;
1, 256, 1, 1, 1, 1, 6, 1001, 4;
1, 256, 1, 1, 1, 1, 6, 1000, 4;
1, 256, 0, 0, 0, 0, 4, 999, 2;
1, 256, 0, 0, 0, 0, 4, 999, 2;
1, 256, 0, 0, 0, 0, 5, 1000, 3;
1, 256, 0, 0, 0, 0, 4, 999, 2;
1, 256, 0, -1, -1, -1, 4, 999, 2;
1, 256, 0, 0, 0, 0, 5, 1000, 3;
1, 256, 1, 1, 1, 1, 6, 1001, 4;
1, 256, 0, 0, 0, 0, 5, 1000, 3;
1, 256, 0, 0, 0, 0, 4, 999, 2;
1, 256, 0, -1, -1, -1, 4, 999, 2;
1, 256, 1, 1, 1, 1, 6, 1001, 4;
1, 256, 1, 1, 1, 1, 6, 1001, 4;
1, 256, 0, 0, 0, 0, 5, 1000, 3;
1, 256, 0, 0, 0, 0, 5, 1000, 3;
1, 256, 0, 0, 0, 0, 5, 999, 2;
1, 256, 1, 1, 1, 1, 6, 1001, 4;
1, 256, 0, -1, -1, -1, 3, 998, 1;
1, 256, 0, 0, 0, 0, 4, 999, 2;
1, 256, 0, -1, -1, -1, 4, 999, 2;
1, 256, 0, -1, -1, -1, 3, 998, 1;
1, 256, 1, 1, 1, 1, 6, 1001, 4;
1, 256, 0, -1, -1, -1, 4, 999, 2;
1, 256, 0, 0, 0, 0, 4, 999, 2;
1, 256, 1, 1, 1, 1, 6, 1000, 3;
1, 256, 0, -1, -1, -1, 4, 999, 2;
1, 256, 0, -1, -1, -1, 4, 999, 2;
1, 256, 0, 0, 0, 0, 4, 999, 2;
1, 256, 0, -1, -1, -1, 4, 999, 2;
1, 256, 0, -1, -1, -1, 4, 999, 2;
1, 256, 1, 1, 1, 1, 6, 1001, 4;
1, 256, 0, 0, 0, 0, 4, 999, 2;
1, 256, 0, 0, 0, 0, 4, 999, 2;
1, 256, 0, 0, 0, 0, 5, 1000, 3;
1, 256, 0, 0, 0, 0, 5, 1000, 3;
1, 256, 1, 1, 1, 1, 6, 1000, 3;
1, 256, 1, 1, 1, 1, 6, 1001, 4;
1, 256, 0, 1, 1, 1, 5, 1000, 3;
1, 256, 0, 0, 0, 0, 4, 999, 2;
1, 256, 0, 0, 0, 0, 4, 999, 2;
1, 256, 0, 0, 0, 0, 5, 1000, 3;
1, 256, 0, 0, 0, 0, 4, 999, 2;
1, 256, 0, 0, 0, 0, 4, 999, 2;
1, 256, 0, 0, 0, 0, 4, 999, 2;
1, 256, 0, 0, 0, 0, 4, 999, 2;
1, 256, 0, 0, 0, 0, 4, 999, 2;
1, 256, 0, -1, -1, -1, 4, 998, 2;
1, 256, 0, -1, -1, -1, 4, 999, 2;
1, 256, 1, 1, 1, 1, 6, 1001, 4;
1, 256, 0, 0, 0, 0, 4, 999, 2;
1, 256, 0, 0, 0, 0, 5, 1000, 3;
1, 256, 0, 0, 0, 0, 5, 1000, 3;
1, 256, 1, 1, 1, 1, 6, 1001, 4;
1, 256, 0, -1, -1, -1, 3, 998, 1;
1, 256, 0, 0, 0, 0, 4, 999, 2;
1, 256, 0, 0, 0, 0, 5, 1000, 3;
1, 256, 0, 1, 1, 1, 5, 1000, 3;
1, 256, 1, 1, 1, 1, 6, 1001, 4;
1, 256, 0, 0, 0, 0, 5, 1000, 3;
1, 256, 0, -1, -1, -1, 4, 998, 1;
1, 256, 0, -1, -1, -1, 4, 999, 2;
1, 256, 0, -1, -1, -1, 4, 999, 2;
1, 256, 0, -1, -1, -1, 4, 999, 2;
1, 256, 1, 1, 1, 1, 5, 1000, 3;
1, 256, 0, 1, 1, 1, 5, 1000, 3;
1, 256, 1, 1, 1, 1, 5, 1000, 3;
1, 256, 1, 1, 1, 1, 6, 1000, 3;
1, 256, 0, 0, 0, 0, 5, 1000, 3;
1, 256, 0, 0, 0, 0, 5, 1000, 3;
1, 256, 0, 0, 0, 0, 4, 999, 2;
1, 256, 0, 0, 0, 0, 5, 999, 3;
1, 256, 0, 0, 0, 0, 4, 999, 2;
1, 256, 0, -1, -1, -1, 4, 999, 2;
1, 256, 0, -1, -1, -1, 4, 998, 1;
1, 256, 0, 0, 0, 0, 5, 1000, 3;
1, 256, 0, 0, 0, 0, 5, 1000, 3;
1, 256, 0, 0, 0, 0, 5, 1000, 3;
1, 256, 0, 0, 0, 0, 4, 999, 2;
1, 256, 0, 0, 0, 0, 4, 999, 2;
1, 256, 0, 0, 0, 0, 5, 1000, 3;
1, 256, 0, 0, 0, 0, 5, 1000, 3;
1, 256, 0, -1, -1, -1, 4, 999, 2;
1, 256, 0, -1, -1, -1, 4, 999, 2;
1, 256, 0, 0, 0, 0, 5, 999, 2;
1, 256, 0, 0, 0, 0, 5, 1000, 3;
1, 256, 1, 1, 1, 1, 6, 1001, 4;
1, 256, 1, 1, 1, 1, 6, 1001, 4;
1, 256, 0, 0, 0, 0, 5, 1000, 3;
1, 256, 1, 1, 1, 1, 5, 1000, 3;
1, 256, 0, -1, -1, -1, 4, 999, 2;
1, 256, 0, 0, 0, 0, 5, 1000, 3;
1, 256, 0, -1, -1, -1, 4, 999, 2;
1, 256, 1, 1, 1, 1, 6, 1001, 4;
1, 256, 0, 0, 0, 0, 4, 999, 2;
1, 256, 0, -1, -1, -1, 3, 998, 1;
1, 256, 0, 0, 0, 0, 4, 999, 2;
1, 256, 0, 0, 0, 0, 4, 999, 2;
1, 256, 1, 1, 1, 1, 6, 1001, 4;
1, 256, 0, 0, 0, 0, 4, 999, 2;
1, 256, 0, 0, 0, 0, 5, 1000, 3;
1, 256, 0, 0, 0, 0, 5, 1000, 3;
1, 256, 0, -1, -1, -1, 4, 999, 2;
1, 256, 0, 0, 0, 0, 5, 1000, 3;
1, 256, 0, 0, 0, 0, 5, 1000, 3;
1, 256, 0, 0, 0, 0, 5, 1000, 3;
1, 256, 0, 0, 0, 0, 4, 999, 2;
1, 256, 0, 0, 0, 0, 5, 1000, 3;
1, 256, 0, -1, -1, -1, 4, 998, 1;
1, 256, 0, -1, -1, -1, 4, 999, 2;
1, 256, 0, 0, 0, 0, 5, 1000, 3;
1, 256, 1, 1, 1, 1, 6, 1001, 4;
1, 256, 0, 0, 0, 0, 4, 999, 2;
1, 256, 1, 1, 1, 1, 6, 1001, 4;
1, 256, 0, 0, 0, 0, 4, 999, 2;
1, 256, 0, 0, 0, 0, 4, 999, 2;
1, 256, 1, 1, 1, 1, 6, 1000, 4;
1, 256, 0, 0, 0, 0, 5, 1000, 3;
1, 256, 0, 0, 0, 0, 4, 999, 2;
1, 256, 0, -1, -1, -1, 4, 999, 2;
1, 256, 0, 0, 0, 0, 5, 1000, 3;
1, 256, 0, 0, 0, 0, 4, 999, 2;
1, 256, 0, 0, 0, 0, 5, 1000, 3;
1, 256, 0, 0, 0, 0, 4, 999, 2;
1, 256, 0, 0, 0, 0, 5, 999, 2;
1, 256, 0, 0, 0, 0, 4, 999, 2;
1, 256, 0, 0, 0, 0, 5, 999, 2;
1, 256, 0, 0, 0, 0, 4, 999, 2;
1, 256, 0, -1, -1, -1, 4, 999, 2;
1, 256, 0, 0, 0, 0, 4, 999, 2;
1, 256, 0, 0, 0, 0, 5, 1000, 3;
1, 256, 0, 0, 0, 0, 4, 999, 2;
1, 256, 0, 0, 0, 0, 5, 1000, 3;
1, 256, 0, 0, 0, 0, 4, 999, 2;
1, 256, 0, 0, 0, 0, 5, 1000, 3;
1, 256, 0, 0, 0, 0, 5, 1000, 3;
1, 256, 0, 0, 0, 0, 4, 999, 2;
1, 256, 0, 0, 0, 0, 5, 1000, 3;
1, 256, 0, 0, 0, 0, 5, 1000, 3;
1, 256, 0, -1, -1, -1, 4, 998, 2;
1, 256, 1, 1, 1, 1, 6, 1001, 4;
1, 256, 0, 0, 0, 0, 5, 1000, 3;
1, 256, 0, 0, 0, 0, 4, 999, 2;
1, 256, 0, 1, 1, 1, 5, 1000, 3;
1, 256, 1, 1, 1, 1, 6, 1000, 3;
1, 256, 1, 1, 1, 1, 6, 1001, 4;
1, 256, 0, 0, 0, 0, 5, 1000, 3;
1, 256, 1, 1, 1, 1, 6, 1000, 4;
1, 256, 0, 0, 0, 0, 5, 1000, 3;
1, 256, 0, 0, 0, 0, 5, 999, 3;
1, 256, 1, 1, 1, 1, 6, 1000, 4;
1, 256, 0, 0, 0, 0, 5, 1000, 3;
1, 256, 0, 0, 0, 0, 5, 1000, 3;
1, 256, 0, 0, 0, 0, 5, 1000, 3;
1, 256, 0, 0, 0, 0, 5, 1000, 3;
1, 256, 1, 1, 1, 1, 6, 1000, 3;
1, 256, 0, 0, 0, 0, 5, 1000, 3;
1, 256, 0, 0, 0, 0, 5, 1000, 3;
1, 256, 0, 0, 0, 0, 5, 1000, 3;
1, 256, 0, 1, 1, 1, 5, 1000, 3;
1, 256, 0, -1, -1, -1, 3, 998, 1;
1, 256, 0, 0, 0, 0, 5, 1000, 3;
1, 256, 0, 0, 0, 0, 4, 999, 2;
1, 256, 0, 0, 0, 0, 4, 999, 2;
1, 256, 0, 0, 0, 0, 5, 1000, 3;
1, 256, 0, 0, 0, 0, 4, 999, 2;
1, 256, 0, 0, 0, 0, 4, 999, 2;
1, 256, 0, 1, 1, 1, 5, 1000, 3;
1, 256, 0, 0, 0, 0, 5, 1000, 3;
1, 256, 1, 1, 1, 1, 6, 1000, 4;
1, 256, 0, 0, 0, 0, 5, 1000, 3;
1, 256, 0, 0, 0, 0, 4, 999, 2;
1, 256, 0, -1, -1, -1, 4, 999, 2;
1, 256, 0, 1, 1, 1, 5, 1000, 3;
1, 256, 0, 1, 1, 1, 5, 1000, 3;
1, 256, 1, 1, 1, 1, 6, 1001, 4;
1, 256, 1, 1, 1, 1, 6, 1001, 4;
1, 256, 0, -1, -1, -1, 4, 998, 1;
1, 256, 0, -1, -1, -1, 4, 999, 2;
1, 256, 0, 1, 1, 1, 5, 1000, 3;
1, 256, 0, 0, 0, 0, 5, 1000, 3;
1, 256, 0, -1, -1, -1, 4, 999, 2;
1, 256, 0, 0, 0, 0, 5, 1000, 3;
1, 256, 0, 0, 0, 0, 5, 1000, 3;
1, 256, 0, 1, 1, 1, 5, 1000, 3;
1, 256, 0, 0, 0, 0, 5, 1000, 3;
1, 256, 0, 0, 0, 0, 4, 999, 2;
1, 256, 0, 0, 0, 0, 4, 999, 2;
1, 256, 0, 0, 0, 0, 5, 1000, 3;
1, 256, 0, 0, 0, 0, 4, 999, 2;
1, 256, 0, -1, -1, -1, 4, 999, 2;
1, 256, 0, -1, -1, -1, 4, 999, 2;
1, 256, 0, 0, 0, 0, 5, 1000, 3;
1, 256, 0, 0, 0, 0, 4, 999, 2;
1, 256, 1, 1, 1, 1, 6, 1001, 4;
1, 256, 0, -1, -1, -1, 4, 999, 2;
1, 256, 0, 0, 0, 0, 5, 1000, 3;
1, 256, 1, 1, 1, 1, 6, 1000, 3;
1, 256, 0, 0, 0, 0, 4, 999, 2;
1, 256, 0, 0, 0, 0, 5, 1000, 3;
1, 256, 0, -1, -1, -1, 3, 998, 1;
1, 256, 0, 0, 0, 0, 5, 999, 2;
1, 256, 1, 1, 1, 1, 6, 1001, 4;
1, 256, 0, 0, 0, 0, 5, 999, 2;
1, 256, 0, 0, 0, 0, 5, 1000, 3;
1, 256, 0, -1, -1, -1, 4, 999, 2;
1, 256, 0, 0, 0, 0, 4, 999, 2;
1, 256, 0, -1, -1, -1, 4, 999, 2;
1, 256, 0, 0, 0, 0, 4, 999, 2;
1, 256, 0, 0, 0, 0, 5, 1000, 3;
1, 256, 0, 0, 0, 0, 4, 999, 2;
1, 256, 0, 0, 0, 0, 4, 999, 2;
1, 256, 0, 0, 0, 0, 4, 999, 2;
1, 256, 0, 1, 1, 1, 5, 1000, 3;
1, 256, 0, -1, -1, -1, 4, 999, 2;
1, 256, 0, 0, 0, 0, 5, 1000, 3;
1, 256, 0, 0, 0, 0, 4, 999, 2;
1, 256, 0, 0, 0, 0, 5, 1000, 3;
1, 256, 0, -1, -1, -1, 3, 998, 1;
1, 256, 0, -1, -1, -1, 4, 999, 2;
1, 256, 0, 1, 1, 1, 5, 1000, 3;
1, 256, 0, 0, 0, 0, 4, 999, 2;
1, 256, 0, 1, 1, 1, 5, 1000, 3;
1, 256, 0, 0, 0, 0, 5, 1000, 3;
1, 256, 0, 0, 0, 0, 4, 999, 2;
1, 256, 0, 0, 0, 0, 4, 999, 2;
1, 256, 0, -1, -1, -1, 4, 999, 2;
1, 256, 0, 1, 1, 1, 5, 1000, 3;
1, 256, 0, 0, 0, 0, 5, 1000, 3;
1, 256, 0, -1, -1, -1, 3, 998, 1;
1, 256, 1, 1, 1, 1, 6, 1001, 4;
1, 256, 0, 0, 0, 0, 5, 1000, 3;
1, 256, 0, -1, -1, -1, 4, 999, 2;
1, 256, 0, 1, 1, 1, 5, 1000, 3;
1, 256, 1, 1, 1, 1, 5, 1000, 3;
1, 256, 0, 0, 0, 0, 4, 999, 2;
1, 256, 0, 0, 0, 0, 4, 999, 2;
1, 256, 0, -1, -1, -1, 4, 999, 2;
1, 256, 0, 0, 0, 0, 5, 1000, 3;
1, 256, 0, 0, 0, 0, 4, 999, 2;
1, 256, 1, 1, 1, 1, 6, 1001, 4;
1, 256, 0, 0, 0, 0, 5, 1000, 3;
1, 256, 0, -1, -1, -1, 4, 999, 2;
1, 256, 0, 0, 0, 0, 5, 1000, 3;
1, 256, 0, -1, -1, -1, 4, 999, 2;
1, 256, 0, 0, 0, 0, 5, 1000, 3;
1, 256, 0, 0, 0, 0, 5, 1000, 3;
1, 256, 0, 0, 0, 0, 5, 1000, 3;
1, 256, 1, 1, 1, 1, 5, 1000, 3;
1, 256, 0, -1, -1, -1, 4, 998, 2;
1, 256, 0, 0, 0, 0, 5, 1000, 3;
1, 256, 0, 1, 1, 1, 5, 1000, 3;
1, 256, 0, 0, 0, 0, 4, 999, 2;
1, 256, 0, -1, -1, -1, 4, 999, 2;
1, 256, 1, 1, 1, 1, 6, 1001, 4;
1, 256, 0, 0, 0, 0, 5, 1000, 3;
0, 256, 0, -1, -1, -1, 3, 998, 1;
1, 256, 0, -1, -1, -1, 4, 999, 2;
1, 256, 0, 0, 0, 0, 4, 999, 2;
1, 256, 0, 0, 0, 0, 4, 999, 2;
1, 256, 0, -1, -1, -1, 3, 998, 1;
1, 256, 0, 0, 0, 0, 5, 1000, 3;
1, 256, 0, -1, -1, -1, 4, 999, 2;
1, 256, 0, 0, 0, 0, 5, 1000, 3;
1, 256, 0, -1, -1, -1, 4, 998, 1;
1, 256, 0, 0, 0, 0, 4, 999, 2;
1, 256, 0, 0, 0, 0, 5, 1000, 3;
0, 256, 0, -1, -1, -1, 3, 998, 1;
1, 256, 0, -1, -1, -1, 4, 999, 2;
1, 256, 0, 0, 0, 0, 4, 999, 2;
1, 256, 0, -1, -1, -1, 4, 999, 2;
1, 256, 0, -1, -1, -1, 3, 998, 1;
1, 256, 0, 1, 1, 1, 5, 1000, 3;
0, 256, 0, -1, -1, -1, 3, 998, 1;
1, 256, 0, 1, 1, 1, 5, 1000, 3;
1, 256, 1, 1, 1, 1, 6, 1001, 4;
1, 256, 0, 0, 0, 0, 5, 1000, 3;
1, 256, 0, 0, 0, 0, 4, 999, 2;
1, 256, 0, 0, 0, 0, 5, 1000, 3;
1, 256, 0, 0, 0, 0, 4, 999, 2;
1, 256, 0, -1, -1, -1, 4, 998, 2;
1, 256, 0, 0, 0, 0, 5, 1000, 3;
1, 256, 0, 0, 0, 0, 5, 1000, 3;
1, 256, 0, 0, 0, 0, 5, 1000, 3;
1, 256, 0, 0, 0, 0, 5, 999, 3;
1, 256, 0, -1, -1, -1, 4, 998, 1;
1, 256, 0, 0, 0, 0, 4, 999, 2;
1, 256, 1, 1, 1, 1, 5, 1000, 3;
1, 256, 0, 1, 1, 1, 5, 1000, 3;
1, 256, 1, 1, 1, 1, 6, 1000, 4;
1, 256, 0, -1, -1, -1, 4, 998, 2;
1, 256, 0, -1, -1, -1, 3, 998, 1;
1, 256, 0, 0, 0, 0, 5, 1000, 3;
1, 256, 0, -1, -1, -1, 4, 999, 2;
1, 256, 0, 0, 0, 0, 4, 999, 2;
1, 256, 0, 0, 0, 0, 5, 1000, 3;
1, 256, 0, -1, -1, -1, 4, 999, 2;
1, 256, 1, 1, 1, 1, 6, 1000, 3;
1, 256, 0, 0, 0, 0, 5, 1000, 3;
1, 256, 0, 0, 0, 0, 4, 999, 2;
1, 256, 0, -1, -1, -1, 4, 999, 2;
1, 256, 1, 1, 1, 1, 6, 1000, 3;
1, 256, 0, 0, 0, 0, 4, 999, 2;
1, 256, 1, 1, 1, 1, 6, 1001, 4;
1, 256, 0, 0, 0, 0, 4, 999, 2;
1, 256, 0, 0, 0, 0, 4, 999, 2;
1, 256, 1, 1, 1, 1, 6, 1001, 4;
1, 256, 1, 1, 1, 1, 6, 1000, 4;
1, 256, 0, 1, 1, 1, 5, 1000, 3;
1, 256, 0, 0, 0, 0, 5, 1000, 3;
1, 256, 1, 1, 1, 1, 6, 1001, 4;
1, 256, 0, 0, 0, 0, 4, 999, 2;
1, 256, 0, 0, 0, 0, 5, 1000, 3;
1, 256, 1, 1, 1, 1, 6, 1001, 4;
0, 256, 0, -1, -1, -1, 3, 998, 1;
1, 256, 0, -1, -1, -1, 4, 998, 2;
1, 256, 0, 0, 0, 0, 5, 1000, 3;
1, 256, 0, 0, 0, 0, 5, 999, 2;
1, 256, 0, 0, 0, 0, 4, 999, 2;
1, 256, 0, 0, 0, 0, 4, 999, 2;
1, 256, 0, 0, 0, 0, 5, 999, 3;
1, 256, 0, 0, 0, 0, 5, 999, 2;
1, 256, 0, 0, 0, 0, 4, 999, 2;
1, 256, 0, 0, 0, 0, 5, 1000, 3;
1, 256, 1, 1, 1, 1, 5, 1000, 3;
1, 256, 0, 0, 0, 0, 4, 999, 2;
0, 256, 0, -1, -1, -1, 3, 998, 1;
1, 256, 0, 0, 0, 0, 4, 999, 2;
1, 256, 0, -1, -1, -1, 4, 999, 2;
1, 256, 1, 1, 1, 1, 6, 1000, 4;
1, 256, 0, 0, 0, 0, 5, 1000, 3;
0, 256, 0, -1, -1, -1, 3, 998, 1;
1, 256, 0, 0, 0, 0, 5, 1000, 3;
1, 256, 0, 1, 1, 1, 5, 1000, 3;
1, 256, 0, -1, -1, -1, 4, 999, 2;
1, 256, 0, 0, 0, 0, 5, 1000, 3;
1, 256, 0, 0, 0, 0, 4, 999, 2;
1, 256, 0, 0, 0, 0, 5, 1000, 3;
1, 256, 0, 1, 1, 1, 5, 1000, 3;
1, 256, 0, 1, 1, 1, 5, 1000, 3;
1, 256, 0, -1, -1, -1, 4, 999, 2;
1, 256, 0, 1, 1, 1, 5, 1000, 3;
1, 256, 0, -1, -1, -1, 3, 998, 1;
1, 256, 0, 0, 0, 0, 4, 999, 2;
1, 256, 0, 1, 1, 1, 5, 1000, 3;
1, 256, 0, 0, 0, 0, 5, 1000, 3;
1, 256, 0, 1, 1, 1, 5, 1000, 3;
1, 256, 0, 0, 0, 0, 5, 1000, 3;
1, 256, 0, 0, 0, 0, 5, 1000, 3;
1, 256, 0, -1, -1, -1, 4, 999, 2;
1, 256, 0, 1, 1, 1, 5, 1000, 3;
1, 256, 0, 1, 1, 1, 5, 1000, 3;
1, 256, 0, 0, 0, 0, 5, 1000, 3;
1, 256, 0, 0, 0, 0, 4, 999, 2;
1, 256, 0, -1, -1, -1, 4, 999, 2;
1, 256, 1, 1, 1, 1, 6, 1001, 4;
1, 256, 0, 0, 0, 0, 5, 999, 2;
1, 256, 0, 0, 0, 0, 5, 1000, 3;
1, 256, 0, 1, 1, 1, 5, 1000, 3;
1, 256, 0, 0, 0, 0, 5, 1000, 3;
1, 256, 0, 0, 0, 0, 4, 999, 2;
1, 256, 0, -1, -1, -1, 4, 999, 2;
1, 256, 1, 1, 1, 1, 6, 1001, 4;
1, 256, 0, 0, 0, 0, 4, 999, 2;
1, 256, 0, 1, 1, 1, 5, 1000, 3;
1, 256, 0, 1, 1, 1, 5, 1000, 3;
1, 256, 1, 1, 1, 1, 6, 1000, 3;
1, 256, 0, 0, 0, 0, 5, 1000, 3;
1, 256, 0, 0, 0, 0, 5, 999, 3;
1, 256, 0, 0, 0, 0, 5, 1000, 3;
1, 256, 0, 0, 0, 0, 5, 1000, 3;
1, 256, 0, 0, 0, 0, 5, 1000, 3;
1, 256, 0, -1, -1, -1, 4, 999, 2;
1, 256, 1, 1, 1, 1, 6, 1001, 4;
1, 256, 0, 0, 0, 0, 5, 1000, 3;
1, 256, 0, 0, 0, 0, 5, 1000, 3;
1, 256, 0, -1, -1, -1, 4, 999, 2;
1, 256, 0, 0, 0, 0, 5, 999, 2;
1, 256, 0, 0, 0, 0, 5, 1000, 3;
1, 256, 0, 0, 0, 0, 5, 1000, 3;
1, 256, 1, 1, 1, 1, 6, 1001, 4;
1, 256, 0, -1, -1, -1, 3, 998, 1;
1, 256, 0, -1, -1, -1, 4, 999, 2;
1, 256, 0, 0, 0, 0, 4, 999, 2;
1, 256, 0, 0, 0, 0, 4, 999, 2;
1, 256, 1, 1, 1, 1, 6, 1001, 4;
1, 256, 0, -1, -1, -1, 4, 999, 2;
1, 256, 0, -1, -1, -1, 3, 998, 1;
1, 256, 0, 0, 0, 0, 4, 999, 2;
1, 256, 0, 0, 0, 0, 4, 999, 2;
1, 256, 0, -1, -1, -1, 4, 999, 2;
1, 256, 0, 0, 0, 0, 5, 1000, 3;
1, 256, 0, 0, 0, 0, 5, 1000, 3;
1, 256, 0, 1, 1, 1, 5, 1000, 3;
1, 256, 1, 1, 1, 1, 6, 1000, 4;
1, 256, 1, 1, 1, 1, 6, 1001, 4;
1, 256, 0, 0, 0, 0, 5, 1000, 3;
1, 256, 0, 0, 0, 0, 4, 999, 2;
1, 256, 0, 0, 0, 0, 5, 1000, 3;
1, 256, 0, 0, 0, 0, 5, 1000, 3;
0, 256, 0, -1, -1, -1, 3, 998, 1;
1, 256, 1, 1, 1, 1, 6, 1001, 4;
1, 256, 0, -1, -1, -1, 4, 999, 2;
1, 256, 0, 1, 1, 1, 5, 1000, 3;
1, 256, 1, 1, 1, 1, 5, 1000, 3;
1, 256, 1, 1, 1, 1, 6, 1000, 4;
1, 256, 1, 1, 1, 1, 6, 1001, 4;
1, 256, 0, 0, 0, 0, 4, 999, 2;
1, 256, 0, 0, 0, 0, 5, 1000, 3;
1, 256, 0, -1, -1, -1, 4, 999, 2;
1, 256, 0, 0, 0, 0, 5, 1000, 3;
1, 256, 1, 1, 1, 1, 6, 1001, 4;
1, 256, 0, 1, 1, 1, 5, 1000, 3;
1, 256, 0, 0, 0, 0, 4, 999, 2;
1, 256, 1, 1, 1, 1, 6, 1000, 4;
1, 256, 0, 0, 0, 0, 4, 999, 2;
1, 256, 1, 1, 1, 1, 6, 1000, 3;
1, 256, 0, 0, 0, 0, 5, 1000, 3;
1, 256, 0, -1, -1, -1, 4, 999, 2;
1, 256, 0, -1, -1, -1, 4, 999, 2;
1, 256, 0, -1, -1, -1, 3, 998, 1;
1, 256, 1, 1, 1, 1, 6, 1001, 4;
1, 256, 0, 0, 0, 0, 4, 999, 2;
1, 256, 0, 0, 0, 0, 5, 1000, 3;
1, 256, 0, -1, -1, -1, 4, 999, 2;
1, 256, 0, 0, 0, 0, 5, 1000, 3;
1, 256, 0, -1, -1, -1, 3, 998, 1;
1, 256, 0, -1, -1, -1, 4, 999, 2;
1, 256, 0, 0, 0, 0, 5, 1000, 3;
1, 256, 1, 1, 1, 1, 6, 1000, 3;
1, 256, 1, 1, 1, 1, 6, 1001, 4;
1, 256, 0, 0, 0, 0, 4, 999, 2;
1, 256, 1, 1, 1, 1, 6, 1000, 4;
1, 256, 0, 0, 0, 0, 4, 999, 2;
1, 256, 0, -1, -1, -1, 4, 999, 2;
1, 256, 0, -1, -1, -1, 4, 999, 2;
1, 256, 0, 0, 0, 0, 4, 999, 2;
1, 256, 0, -1, -1, -1, 3, 998, 1;
1, 256, 1, 1, 1, 1, 6, 1001, 4;
1, 256, 0, 0, 0, 0, 5, 999, 2;
1, 256, 0, 0, 0, 0, 4, 999, 2;
1, 256, 0, 0, 0, 0, 5, 1000, 3;
1, 256, 0, -1, -1, -1, 4, 998, 2;
1, 256, 0, -1, -1, -1, 4, 998, 1;
1, 256, 0, 0, 0, 0, 4, 999, 2;
1, 256, 1, 1, 1, 1, 5, 1000, 3;
1, 256, 0, 0, 0, 0, 4, 999, 2;
1, 256, 0, 0, 0, 0, 4, 999, 2;
1, 256, 0, -1, -1, -1, 4, 999, 2;
1, 256, 0, 0, 0, 0, 5, 1000, 3;
1, 256, 0, 0, 0, 0, 5, 1000, 3;
1, 256, 0, -1, -1, -1, 4, 998, 2;
1, 256, 0, 1, 1, 1, 5, 1000, 3;
1, 256, 0, 0, 0, 0, 5, 999, 3;
1, 256, 1, 1, 1, 1, 6, 1000, 4;
1, 256, 1, 1, 1, 1, 6, 1001, 4;
1, 256, 0, 0, 0, 0, 4, 999, 2;
1, 256, 0, -1, -1, -1, 4, 998, 1;
1, 256, 0, 0, 0, 0, 5, 1000, 3;
1, 256, 0, -1, -1, -1, 4, 999, 2;
1, 256, 0, -1, -1, -1, 4, 999, 2;
1, 256, 0, 0, 0, 0, 5, 1000, 3;
1, 256, 0, 0, 0, 0, 5, 1000, 3;
1, 256, 0, 1, 1, 1, 5, 1000, 3;
1, 256, 1, 1, 1, 1, 5, 1000, 3;
1, 256, 1, 1, 1, 1, 5, 1000, 3;
1, 256, 1, 1, 1, 1, 6, 1000, 4;
1, 256, 0, -1, -1, -1, 4, 998, 1;
1, 256, 0, 1, 1, 1, 5, 1000, 3;
1, 256, 0, 0, 0, 0, 4, 999, 2;
1, 256, 0, -1, -1, -1, 4, 999, 2;
1, 256, 1, 1, 1, 1, 6, 1001, 4;
1, 256, 0, 0, 0, 0, 5, 1000, 3;
1, 256, 1, 1, 1, 1, 6, 1001, 4;
1, 256, 0, -1, -1, -1, 4, 999, 2;
1, 256, 0, -1, -1, -1, 4, 998, 2;
1, 256, 0, 0, 0, 0, 4, 999, 2;
1, 256, 0, 0, 0, 0, 5, 1000, 3;
1, 256, 0, -1, -1, -1, 4, 999, 2;
1, 256, 0, 0, 0, 0, 5, 999, 3;
1, 256, 0, 0, 0, 0, 5, 1000, 3;
1, 256, 0, 0, 0, 0, 5, 1000, 3;
1, 256, 0, 1, 1, 1, 5, 1000, 3;
1, 256, 0, -1, -1, -1, 4, 999, 2;
1, 256, 0, 0, 0, 0, 5, 1000, 3;
1, 256, 0, -1, -1, -1, 4, 999, 2;
1, 256, 0, 0, 0, 0, 5, 1000, 3;
1, 256, 0, -1, -1, -1, 4, 999, 2;
1, 256, 0, 0, 0, 0, 4, 999, 2;
1, 256, 0, 0, 0, 0, 4, 999, 2;
0, 256, 0, -1, -1, -1, 3, 998, 1;
1, 256, 0, -1, -1, -1, 3, 998, 1;
1, 256, 0, 1, 1, 1, 5, 1000, 3;
1, 256, 1, 1, 1, 1, 6, 1001, 4;
1, 256, 0, 0, 0, 0, 5, 1000, 3;
1, 256, 0, 0, 0, 0, 5, 999, 3;
1, 256, 0, -1, -1, -1, 3, 998, 1;
1, 256, 0, -1, -1, -1, 4, 999, 2;
1, 256, 0, 0, 0, 0, 5, 1000, 3;
1, 256, 1, 1, 1, 1, 6, 1001, 4;
1, 256, 1, 1, 1, 1, 6, 1000, 4;
1, 256, 0, 0, 0, 0, 5, 999, 3;
1, 256, 0, -1, -1, -1, 4, 998, 2;
1, 256, 0, -1, -1, -1, 3, 998, 1;
1, 256, 0, 0, 0, 0, 5, 1000, 3;
1, 256, 1, 1, 1, 1, 6, 1001, 4;
1, 256, 1, 1, 1, 1, 6, 1001, 4;
1, 256, 0, 0, 0, 0, 5, 1000, 3;
1, 256, 0, 0, 0, 0, 5, 999, 2;
1, 256, 0, -1, -1, -1, 4, 999, 2;
1, 256, 0, 0, 0, 0, 4, 999, 2;
1, 256, 0, -1, -1, -1, 4, 999, 2;
1, 256, 0, 0, 0, 0, 5, 1000, 3;
1, 256, 1, 1, 1, 1, 6, 1001, 4;
1, 256, 0, 0, 0, 0, 5, 1000, 3;
1, 256, 0, -1, -1, -1, 4, 999, 2;
1, 256, 0, 1, 1, 1, 5, 1000, 3;
1, 256, 0, 0, 0, 0, 5, 1000, 3;
1, 256, 0, 0, 0, 0, 4, 999, 2;
1, 256, 0, -1, -1, -1, 4, 998, 2;
1, 256, 0, -1, -1, -1, 4, 998, 2;
1, 256, 0, 0, 0, 0, 5, 1000, 3;
1, 256, 0, 0, 0, 0, 4, 999, 2;
1, 256, 0, -1, -1, -1, 4, 999, 2;
1, 256, 0, 0, 0, 0, 4, 999, 2;
1, 256, 0, -1, -1, -1, 4, 999, 2;
1, 256, 1, 1, 1, 1, 6, 1001, 4;
1, 256, 0, 0, 0, 0, 5, 1000, 3;
1, 256, 0, 0, 0, 0, 5, 1000, 3;
1, 256, 1, 1, 1, 1, 6, 1000, 4;
1, 256, 0, 0, 0, 0, 5, 1000, 3;
1, 256, 0, -1, -1, -1, 4, 999, 2;
1, 256, 1, 1, 1, 1, 6, 1001, 4;
1, 256, 0, 0, 0, 0, 5, 1000, 3;
1, 256, 0, 0, 0, 0, 4, 999, 2;
1, 256, 0, 0, 0, 0, 5, 1000, 3;
1, 256, 0, 0, 0, 0, 4, 999, 2;
1, 256, 0, -1, -1, -1, 3, 998, 1;
1, 256, 0, 0, 0, 0, 4, 999, 2;
1, 256, 0, 0, 0, 0, 4, 999, 2;
1, 256, 0, 0, 0, 0, 5, 1000, 3;
1, 256, 1, 1, 1, 1, 6, 1001, 4;
1, 256, 0, 0, 0, 0, 4, 999, 2;
1, 256, 0, 0, 0, 0, 5, 1000, 3;
1, 256, 0, 0, 0, 0, 5, 1000, 3;
0, 256, 0, -1, -1, -1, 3, 998, 1;
1, 256, 0, 0, 0, 0, 5, 1000, 3;
1, 256, 0, 0, 0, 0, 5, 1000, 3;
1, 256, 0, -1, -1, -1, 4, 999, 2;
1, 256, 0, -1, -1, -1, 4, 998, 2;
1, 256, 0, -1, -1, -1, 4, 999, 2;
1, 256, 1, 1, 1, 1, 5, 1000, 3;
1, 256, 1, 1, 1, 1, 6, 1001, 4;
1, 256, 0, 0, 0, 0, 5, 1000, 3;
1, 256, 0, 0, 0, 0, 4, 999, 2;
1, 256, 0, 0, 0, 0, 5, 1000, 3;
1, 256, 0, 0, 0, 0, 4, 999, 2;
1, 256, 0, 0, 0, 0, 5, 1000, 3;
1, 256, 0, -1, -1, -1, 4, 999, 2;
1, 256, 1, 1, 1, 1, 6, 1000, 4;
1, 256, 0, 0, 0, 0, 4, 999, 2;
1, 256, 0, -1, -1, -1, 3, 998, 1;
1, 256, 0, 0, 0, 0, 5, 1000, 3;
1, 256, 0, 0, 0, 0, 4, 999, 2;
1, 256, 0, -1, -1, -1, 4, 999, 2;
1, 256, 0, 1, 1, 1, 5, 1000, 3;
1, 256, 1, 1, 1, 1, 5, 1000, 3;
1, 256, 0, 0, 0, 0, 5, 999, 3;
1, 256, 0, -1, -1, -1, 4, 999, 2;
1, 256, 0, 0, 0, 0, 4, 999, 2;
1, 256, 0, 0, 0, 0, 4, 999, 2;
1, 256, 0, -1, -1, -1, 4, 999, 2;
1, 256, 0, 0, 0, 0, 5, 1000, 3;
1, 256, 0, -1, -1, -1, 4, 998, 2;
1, 256, 0, 1, 1, 1, 5, 1000, 3;
1, 256, 1, 1, 1, 1, 6, 1001, 4;
1, 256, 0, -1, -1, -1, 4, 999, 2;
1, 256, 0, 0, 0, 0, 5, 1000, 3;
1, 256, 1, 1, 1, 1, 6, 1001, 4;
1, 256, 0, 0, 0, 0, 5, 1000, 3;
1, 256, 0, -1, -1, -1, 4, 999, 2;
1, 256, 0, -1, -1, -1, 4, 999, 2;
1, 256, 0, 0, 0, 0, 5, 1000, 3;
1, 256, 0, 0, 0, 0, 5, 1000, 3;
1, 256, 0, 0, 0, 0, 5, 1000, 3;
1, 256, 0, 1, 1, 1, 5, 1000, 3;
1, 256, 0, 0, 0, 0, 5, 1000, 3;
1, 256, 0, 1, 1, 1, 5, 1000, 3;
1, 256, 0, -1, -1, -1, 4, 999, 2;
1, 256, 0, 0, 0, 0, 4, 999, 2;
1, 256, 0, 0, 0, 0, 4, 999, 2;
1, 256, 0, 0, 0, 0, 4, 999, 2;
1, 256, 0, 0, 0, 0, 5, 1000, 3;
1, 256, 0, -1, -1, -1, 4, 998, 1;
1, 256, 0, 0, 0, 0, 5, 1000, 3;
1, 256, 0, 0, 0, 0, 5, 1000, 3;
1, 256, 0, 1, 1, 1, 5, 1000, 3;
1, 256, 0, 0, 0, 0, 5, 1000, 3;
1, 256, 1, 1, 1, 1, 5, 1000, 3;
1, 256, 0, 0, 0, 0, 4, 999, 2;
1, 256, 1, 1, 1, 1, 6, 1001, 4;
1, 256, 0, 0, 0, 0, 5, 1000, 3;
1, 256, 1, 1, 1, 1, 6, 1001, 4;
1, 256, 0, 1, 1, 1, 5, 1000, 3;
1, 256, 0, -1, -1, -1, 4, 999, 2;
1, 256, 0, 0, 0, 0, 5, 1000, 3;
1, 256, 0, -1, -1, -1, 4, 999, 2;
1, 256, 0, 0, 0, 0, 5, 1000, 3;
1, 256, 1, 1, 1, 1, 6, 1000, 4;
1, 256, 0, 0, 0, 0, 4, 999, 2;
1, 256, 0, 0, 0, 0, 5, 1000, 3;
1, 256, 0, 1, 1, 1, 5, 1000, 3;
1, 256, 0, 0, 0, 0, 5, 1000, 3;
1, 256, 0, -1, -1, -1, 3, 998, 1;
1, 256, 0, 0, 0, 0, 5, 1000, 3;
1, 256, 0, -1, -1, -1, 4, 999, 2;
1, 256, 0, 0, 0, 0, 4, 999, 2;
1, 256, 0, 0, 0, 0, 4, 999, 2;
1, 256, 0, 0, 0, 0, 5, 999, 3;
1, 256, 1, 1, 1, 1, 6, 1001, 4;
1, 256, 0, 0, 0, 0, 5, 1000, 3;
1, 256, 0, 1, 1, 1, 5, 1000, 3;
1, 256, 0, -1, -1, -1, 4, 999, 2;
1, 256, 0, 0, 0, 0, 5, 1000, 3;
1, 256, 0, 0, 0, 0, 5, 1000, 3;
1, 256, 0, 0, 0, 0, 4, 999, 2;
1, 256, 0, -1, -1, -1, 4, 999, 2;
1, 256, 1, 1, 1, 1, 6, 1001, 4;
1, 256, 0, 0, 0, 0, 4, 999, 2;
1, 256, 0, -1, -1, -1, 4, 999, 2;
1, 256, 0, 0, 0, 0, 5, 1000, 3;
1, 256, 0, 0, 0, 0, 5, 1000, 3;
1, 256, 0, 0, 0, 0, 5, 999, 3;
1, 256, 0, -1, -1, -1, 3, 998, 1;
1, 256, 0, 0, 0, 0, 4, 999, 2;
1, 256, 0, 0, 0, 0, 4, 999, 2;
1, 256, 1, 1, 1, 1, 6, 1000, 4;
1, 256, 0, 0, 0, 0, 4, 999, 2;
1, 256, 0, 0, 0, 0, 5, 1000, 3;
1, 256, 0, -1, -1, -1, 4, 998, 2;
1, 256, 0, 1, 1, 1, 5, 1000, 3;
1, 256, 0, 1, 1, 1, 5, 1000, 3;
1, 256, 0, 0, 0, 0, 5, 1000, 3;
1, 256, 0, 0, 0, 0, 5, 1000, 3;
1, 256, 0, 0, 0, 0, 5, 1000, 3;
1, 256, 0, 0, 0, 0, 4, 999, 2;
1, 256, 0, 0, 0, 0, 4, 999, 2;
1, 256, 0, 1, 1, 1, 5, 1000, 3;
1, 256, 0, -1, -1, -1, 4, 999, 2;
1, 256, 0, 0, 0, 0, 4, 999, 2;
1, 256, 0, -1, -1, -1, 3, 998, 1;
1, 256, 1, 1, 1, 1, 5, 1000, 3;
1, 256, 0, 0, 0, 0, 5, 1000, 3;
1, 256, 1, 1, 1, 1, 6, 1001, 4;
1, 256, 0, 0, 0, 0, 4, 999, 2;
1, 256, 0, -1, -1, -1, 3, 998, 1;
1, 256, 0, 0, 0, 0, 4, 999, 2;
1, 256, 0, 0, 0, 0, 5, 1000, 3;
1, 256, 0, 0, 0, 0, 4, 999, 2;
1, 256, 1, 1, 1, 1, 6, 1001, 4;
1, 256, 0, 1, 1, 1, 5, 1000, 3;
1, 256, 1, 1, 1, 1, 6, 1000, 4;
1, 256, 0, 0, 0, 0, 4, 999, 2;
1, 256, 0, 0, 0, 0, 5, 1000, 3;
1, 256, 0, 0, 0, 0, 4, 999, 2;
1, 256, 0, -1, -1, -1, 4, 999, 2;
1, 256, 0, 0, 0, 0, 4, 999, 2;
1, 256, 0, -1, -1, -1, 4, 999, 2;
1, 256, 0, -1, -1, -1, 3, 998, 1;
1, 256, 1, 1, 1, 1, 6, 1000, 4;
1, 256, 0, -1, -1, -1, 4, 999, 2;
1, 256, 0, -1, -1, -1, 3, 998, 1;
1, 256, 0, -1, -1, -1, 4, 998, 2;
1, 256, 0, 0, 0, 0, 4, 999, 2;
1, 256, 0, 0, 0, 0, 4, 999, 2;
1, 256, 1, 1, 1, 1, 6, 1001, 4;
1, 256, 0, 1, 1, 1, 5, 1000, 3;
1, 256, 1, 1, 1, 1, 6, 1000, 4;
1, 256, 0, 0, 0, 0, 5, 1000, 3;
1, 256, 0, 0, 0, 0, 5, 999, 2;
1, 256, 0, 0, 0, 0, 5, 1000, 3;
1, 256, 0, -1, -1, -1, 3, 998, 1;
1, 256, 0, 0, 0, 0, 5, 1000, 3;
1, 256, 0, -1, -1, -1, 4, 999, 2;
1, 256, 1, 1, 1, 1, 6, 1001, 4;
1, 256, 0, 0, 0, 0, 5, 1000, 3;
1, 256, 0, 1, 1, 1, 5, 1000, 3;
1, 256, 0, 0, 0, 0, 4, 999, 2;
1, 256, 1, 1, 1, 1, 5, 1000, 3;
1, 256, 1, 1, 1, 1, 6, 1001, 4;
1, 256, 0, -1, -1, -1, 4, 999, 2;
1, 256, 0, -1, -1, -1, 4, 998, 1;
1, 256, 0, 0, 0, 0, 5, 1000, 3;
1, 256, 0, 0, 0, 0, 5, 1000, 3;
1, 256, 0, -1, -1, -1, 3, 998, 1;
1, 256, 1, 1, 1, 1, 6, 1000, 4;
1, 256, 0, 0, 0, 0, 5, 1000, 3;
1, 256, 0, -1, -1, -1, 4, 999, 2;
1, 256, 1, 1, 1, 1, 6, 1001, 4;
1, 256, 0, 0, 0, 0, 4, 999, 2;
1, 256, 0, 1, 1, 1, 5, 1000, 3;
1, 256, 0, 0, 0, 0, 4, 999, 2;
1, 256, 0, 0, 0, 0, 4, 999, 2;
1, 256, 0, 1, 1, 1, 5, 1000, 3;
1, 256, 0, 0, 0, 0, 4, 999, 2;
1, 256, 0, 0, 0, 0, 4, 999, 2;
1, 256, 0, 1, 1, 1, 5, 1000, 3;
1, 256, 0, -1, -1, -1, 4, 998, 2;
1, 256, 0, 1, 1, 1, 5, 1000, 3;
1, 256, 0, 0, 0, 0, 5, 1000, 3;
1, 256, 0, 0, 0, 0, 5, 1000, 3;
1, 256, 0, 0, 0, 0, 4, 999, 2;
1, 256, 0, -1, -1, -1, 4, 998, 1;
1, 256, 0, 0, 0, 0, 5, 1000, 3;
1, 256, 0, 0, 0, 0, 4, 999, 2;
1, 256, 0, 0, 0, 0, 5, 1000, 3;
1, 256, 0, -1, -1, -1, 3, 998, 1;
1, 256, 0, -1, -1, -1, 4, 999, 2;
1, 256, 0, -1, -1, -1, 4, 999, 2;
1, 256, 0, 1, 1, 1, 5, 1000, 3;
1, 256, 0, 0, 0, 0, 5, 1000, 3;
1, 256, 1, 1, 1, 1, 5, 1000, 3;
1, 256, 0, -1, -1, -1, 3, 998, 1;
1, 256, 0, 0, 0, 0, 5, 1000, 3;
1, 256, 0, -1, -1, -1, 4, 999, 2;
1, 256, 0, 0, 0, 0, 5, 1000, 3;
1, 256, 0, -1, -1, -1, 4, 998, 2;
1, 256, 0, 0, 0, 0, 5, 999, 3;
1, 256, 0, 0, 0, 0, 5, 1000, 3;
1, 256, 0, 0, 0, 0, 5, 1000, 3;
1, 256, 1, 1, 1, 1, 5, 1000, 3;
1, 256, 1, 1, 1, 1, 6, 1000, 4;
1, 256, 0, 0, 0, 0, 4, 999, 2;
1, 256, 0, 0, 0, 0, 4, 999, 2;
1, 256, 0, -1, -1, -1, 4, 999, 2;
1, 256, 0, -1, -1, -1, 4, 999, 2;
1, 256, 0, 0, 0, 0, 5, 999, 3;
1, 256, 0, 0, 0, 0, 5, 1000, 3;
1, 256, 0, 0, 0, 0, 4, 999, 2;
1, 256, 0, -1, -1, -1, 4, 999, 2;
1, 256, 1, 1, 1, 1, 6, 1001, 4;
1, 256, 0, 0, 0, 0, 5, 1000, 3;
1, 256, 0, 0, 0, 0, 4, 999, 2;
1, 256, 1, 1, 1, 1, 5, 1000, 3;
1, 256, 0, 0, 0, 0, 5, 1000, 3;
1, 256, 0, 0, 0, 0, 4, 999, 2;
1, 256, 1, 1, 1, 1, 6, 1001, 4;
1, 256, 0, 0, 0, 0, 4, 999, 2;
1, 256, 0, 0, 0, 0, 4, 999, 2;
1, 256, 1, 1, 1, 1, 6, 1001, 4;
1, 256, 0, 0, 0, 0, 4, 999, 2;
1, 256, 0, 0, 0, 0, 5, 1000, 3;
1, 256, 0, -1, -1, -1, 4, 999, 2;
1, 256, 0, 0, 0, 0, 4, 999, 2;
1, 256, 0, 0, 0, 0, 4, 999, 2;
1, 256, 0, -1, -1, -1, 4, 999, 2;
1, 256, 0, 0, 0, 0, 4, 999, 2;
1, 256, 0, 0, 0, 0, 5, 1000, 3;
1, 256, 0, 1, 1, 1, 5, 1000, 3;
1, 256, 0, -1, -1, -1, 4, 999, 2;
1, 256, 0, 0, 0, 0, 5, 1000, 3;
1, 256, 0, 0, 0, 0, 5, 1000, 3;
1, 256, 0, 1, 1, 1, 5, 1000, 3;
1, 256, 0, -1, -1, -1, 3, 998, 1;
1, 256, 1, 1, 1, 1, 6, 1000, 4;
1, 256, 0, 1, 1, 1, 5, 1000, 3;
1, 256, 0, 0, 0, 0, 5, 999, 2;
1, 256, 0, 0, 0, 0, 4, 999, 2;
1, 256, 0, 1, 1, 1, 5, 1000, 3;
1, 256, 1, 1, 1, 1, 6, 1001, 4;
1, 256, 1, 1, 1, 1, 6, 1000, 3;
1, 256, 0, 0, 0, 0, 5, 1000, 3;
1, 256, 0, 1, 1, 1, 5, 1000, 3;
1, 256, 0, 0, 0, 0, 5, 1000, 3;
1, 256, 0, 0, 0, 0, 4, 999, 2;
1, 256, 0, 0, 0, 0, 5, 1000, 3;
1, 256, 1, 1, 1, 1, 6, 1000, 3;
1, 256, 0, 1, 1, 1, 5, 1000, 3;
1, 256, 0, 1, 1, 1, 5, 1000, 3;
1, 256, 1, 1, 1, 1, 6, 1001, 4;
1, 256, 0, -1, -1, -1, 4, 999, 2;
1, 256, 0, -1, -1, -1, 4, 999, 2;
1, 256, 1, 1, 1, 1, 6, 1000, 4;
1, 256, 0, -1, -1, -1, 4, 999, 2;
1, 256, 0, 0, 0, 0, 4, 999, 2;
1, 256, 0, 1, 1, 1, 5, 1000, 3;
1, 256, 0, 0, 0, 0, 5, 1000, 3;
1, 256, 0, -1, -1, -1, 4, 999, 2;
1, 256, 0, 0, 0, 0, 5, 999, 3;
1, 256, 0, 0, 0, 0, 4, 999, 2;
1, 256, 0, 0, 0, 0, 5, 1000, 3;
1, 256, 0, -1, -1, -1, 4, 999, 2;
1, 256, 1, 1, 1, 1, 5, 1000, 3;
1, 256, 0, -1, -1, -1, 4, 999, 2;
1, 256, 0, -1, -1, -1, 4, 999, 2;
1, 256, 0, 0, 0, 0, 4, 999, 2;
1, 256, 0, 0, 0, 0, 4, 999, 2;
1, 256, 1, 1, 1, 1, 6, 1001, 4;
1, 256, 0, 0, 0, 0, 4, 999, 2;
1, 256, 0, -1, -1, -1, 4, 998, 2;
1, 256, 0, -1, -1, -1, 4, 999, 2;
1, 256, 0, 1, 1, 1, 5, 1000, 3;
1, 256, 0, 1, 1, 1, 5, 1000, 3;
1, 256, 0, 0, 0, 0, 5, 1000, 3;
1, 256, 0, -1, -1, -1, 4, 999, 2;
1, 256, 0, 0, 0, 0, 5, 1000, 3;
1, 256, 0, 0, 0, 0, 4, 999, 2;
1, 256, 0, -1, -1, -1, 4, 999, 2;
1, 256, 0, 0, 0, 0, 4, 999, 2;
1, 256, 0, 1, 1, 1, 5, 1000, 3;
1, 256, 0, -1, -1, -1, 4, 999, 2;
1, 256, 0, 0, 0, 0, 5, 1000, 3;
1, 256, 0, 1, 1, 1, 5, 1000, 3;
1, 256, 0, -1, -1, -1, 4, 998, 2;
1, 256, 0, 0, 0, 0, 5, 1000, 3;
1, 256, 0, 1, 1, 1, 5, 1000, 3;
1, 256, 0, 1, 1, 1, 5, 1000, 3;
1, 256, 0, 0, 0, 0, 5, 1000, 3;
1, 256, 1, 1, 1, 1, 6, 1000, 3;
1, 256, 1, 1, 1, 1, 6, 1001, 4;
1, 256, 1, 1, 1, 1, 6, 1001, 4;
1, 256, 1, 1, 1, 1, 6, 1001, 4;
1, 256, 1, 1, 1, 1, 6, 1001, 4;
1, 256, 1, 1, 1, 1, 5, 1000, 3;
1, 256, 0, -1, -1, -1, 3, 998, 1;
1, 256, 0, -1, -1, -1, 4, 998, 1;
1, 256, 0, 0, 0, 0, 5, 1000, 3;
1, 256, 0, 0, 0, 0, 5, 999, 2;
1, 256, 0, -1, -1, -1, 3, 998, 1;
1, 256, 1, 1, 1, 1, 6, 1001, 4;
1, 256, 0, -1, -1, -1, 4, 999, 2;
1, 256, 0, 0, 0, 0, 4, 999, 2;
1, 256, 0, 0, 0, 0, 5, 1000, 3;
1, 256, 0, 1, 1, 1, 5, 1000, 3;
1, 256, 0, 0, 0, 0, 4, 999, 2;
1, 256, 0, 0, 0, 0, 5, 1000, 3;
1, 256, 0, -1, -1, -1, 4, 999, 2;
1, 256, 0, 1, 1, 1, 5, 1000, 3;
1, 256, 1, 1, 1, 1, 6, 1001, 4;
1, 256, 0, -1, -1, -1, 4, 998, 2;
1, 256, 1, 1, 1, 1, 6, 1001, 4;
1, 256, 0, 0, 0, 0, 4, 999, 2;
1, 256, 0, 0, 0, 0, 5, 1000, 3;
1, 256, 0, 1, 1, 1, 5, 1000, 3;
1, 256, 0, 0, 0, 0, 4, 999, 2;
1, 256, 0, 0, 0, 0, 4, 999, 2;
1, 256, 0, 0, 0, 0, 5, 1000, 3;
1, 256, 0, 1, 1, 1, 5, 1000, 3;
1, 256, 0, 0, 0, 0, 4, 999, 2;
1, 256, 0, 0, 0, 0, 5, 1000, 3;
1, 256, 1, 1, 1, 1, 6, 1000, 3;
1, 256, 0, -1, -1, -1, 4, 999, 2;
1, 256, 0, 0, 0, 0, 5, 1000, 3;
1, 256, 0, 0, 0, 0, 4, 999, 2;
1, 256, 0, 0, 0, 0, 4, 999, 2;
1, 256, 0, -1, -1, -1, 4, 998, 1;
1, 256, 0, 0, 0, 0, 5, 1000, 3;
1, 256, 0, 0, 0, 0, 5, 1000, 3;
1, 256, 0, 1, 1, 1, 5, 1000, 3;
1, 256, 0, 0, 0, 0, 5, 1000, 3;
1, 256, 1, 1, 1, 1, 6, 1000, 4;
1, 256, 1, 1, 1, 1, 6, 1001, 4;
1, 256, 0, 0, 0, 0, 4, 999, 2;
1, 256, 0, 0, 0, 0, 4, 999, 2;
1, 256, 0, 0, 0, 0, 5, 999, 3;
1, 256, 0, 1, 1, 1, 5, 1000, 3;
1, 256, 0, -1, -1, -1, 4, 999, 2;
1, 256, 0, 0, 0, 0, 4, 999, 2;
1, 256, 0, -1, -1, -1, 3, 998, 1;
1, 256, 0, -1, -1, -1, 4, 999, 2;
1, 256, 1, 1, 1, 1, 6, 1001, 4;
1, 256, 1, 1, 1, 1, 6, 1001, 4;
1, 256, 0, -1, -1, -1, 4, 999, 2;
1, 256, 0, 0, 0, 0, 5, 1000, 3;
1, 256, 0, -1, -1, -1, 4, 999, 2;
1, 256, 0, 0, 0, 0, 4, 999, 2;
1, 256, 0, 0, 0, 0, 5, 1000, 3;
1, 256, 0, 0, 0, 0, 4, 999, 2;
1, 256, 0, -1, -1, -1, 4, 998, 1;
1, 256, 0, -1, -1, -1, 3, 998, 1;
1, 256, 1, 1, 1, 1, 6, 1001, 4;
1, 256, 0, -1, -1, -1, 4, 999, 2;
1, 256, 0, -1, -1, -1, 4, 998, 1;
1, 256, 0, 0, 0, 0, 4, 999, 2;
1, 256, 0, 0, 0, 0, 5, 1000, 3;
1, 256, 0, -1, -1, -1, 4, 999, 2;
1, 256, 0, 0, 0, 0, 5, 1000, 3;
1, 256, 0, 0, 0, 0, 4, 999, 2;
1, 256, 0, 0, 0, 0, 5, 1000, 3;
0, 256, 0, -1, -1, -1, 3, 998, 1;
1, 256, 0, 0, 0, 0, 4, 999, 2;
1, 256, 1, 1, 1, 1, 5, 1000, 3;
1, 256, 0, 0, 0, 0, 5, 1000, 3;
1, 256, 0, -1, -1, -1, 4, 999, 2;
1, 256, 0, 1, 1, 1, 5, 1000, 3;
1, 256, 0, -1, -1, -1, 4, 999, 2;
1, 256, 0, -1, -1, -1, 3, 998, 1;
1, 256, 1, 1, 1, 1, 5, 1000, 3;
1, 256, 0, 0, 0, 0, 4, 999, 2;
1, 256, 0, 0, 0, 0, 4, 999, 2;
1, 256, 0, -1, -1, -1, 4, 999, 2;
1, 256, 0, 0, 0, 0, 5, 1000, 3;
1, 256, 0, 0, 0, 0, 4, 999, 2;
1, 256, 0, 0, 0, 0, 5, 1000, 3;
1, 256, 1, 1, 1, 1, 6, 1001, 4;
1, 256, 0, 0, 0, 0, 5, 1000, 3;
1, 256, 0, 0, 0, 0, 4, 999, 2;
1, 256, 0, -1, -1, -1, 4, 999, 2;
1, 256, 0, 0, 0, 0, 4, 999, 2;
1, 256, 0, 0, 0, 0, 4, 999, 2;
1, 256, 0, 0, 0, 0, 4, 999, 2;
1, 256, 0, 0, 0, 0, 5, 1000, 3;
1, 256, 1, 1, 1, 1, 6, 1001, 4;
1, 256, 0, 0, 0, 0, 4, 999, 2;
1, 256, 0, 0, 0, 0, 4, 999, 2;
1, 256, 0, 0, 0, 0, 5, 1000, 3;
1, 256, 0, 0, 0, 0, 5, 1000, 3;
1, 256, 0, 0, 0, 0, 5, 1000, 3;
1, 256, 0, 0, 0, 0, 4, 999, 2;
1, 256, 0, 0, 0, 0, 5, 1000, 3;
1, 256, 0, 0, 0, 0, 5, 1000, 3;
1, 256, 0, -1, -1, -1, 4, 999, 2;
1, 256, 0, -1, -1, -1, 4, 998, 1;
1, 256, 0, 0, 0, 0, 4, 999, 2;
1, 256, 0, 0, 0, 0, 5, 1000, 3;
1, 256, 0, 0, 0, 0, 5, 1000, 3;
1, 256, 0, -1, -1, -1, 4, 999, 2;
1, 256, 0, 0, 0, 0, 4, 999, 2;
1, 256, 1, 1, 1, 1, 6, 1001, 4;
1, 256, 0, -1, -1, -1, 3, 998, 1;
1, 256, 0, 0, 0, 0, 4, 999, 2;
1, 256, 1, 1, 1, 1, 5, 1000, 3;
1, 256, 0, -1, -1, -1, 3, 998, 1;
1, 256, 1, 1, 1, 1, 6, 1001, 4;
1, 256, 0, 0, 0, 0, 4, 999, 2;
1, 256, 0, 0, 0, 0, 5, 1000, 3;
1, 256, 0, 0, 0, 0, 4, 999, 2;
1, 256, 1, 1, 1, 1, 6, 1000, 3;
1, 256, 0, -1, -1, -1, 4, 999, 2;
1, 256, 0, 0, 0, 0, 4, 999, 2;
1, 256, 0, 0, 0, 0, 4, 999, 2;
1, 256, 1, 1, 1, 1, 5, 1000, 3;
1, 256, 0, 1, 1, 1, 5, 1000, 3;
1, 256, 0, -1, -1, -1, 3, 998, 1;
1, 256, 1, 1, 1, 1, 5, 1000, 3;
1, 256, 0, 0, 0, 0, 4, 999, 2;
1, 256, 0, 1, 1, 1, 5, 1000, 3;
1, 256, 0, 0, 0, 0, 4, 999, 2;
1, 256, 0, 1, 1, 1, 5, 1000, 3;
1, 256, 0, -1, -1, -1, 4, 999, 2;
1, 256, 0, -1, -1, -1, 4, 999, 2;
1, 256, 0, -1, -1, -1, 4, 998, 2;
1, 256, 0, 0, 0, 0, 5, 1000, 3;
1, 256, 0, 0, 0, 0, 5, 999, 2;
1, 256, 1, 1, 1, 1, 6, 1001, 4;
1, 256, 0, 0, 0, 0, 4, 999, 2;
1, 256, 0, 0, 0, 0, 4, 999, 2;
1, 256, 0, 1, 1, 1, 5, 1000, 3;
1, 256, 0, 0, 0, 0, 4, 999, 2;
1, 256, 0, -1, -1, -1, 4, 999, 2;
1, 256, 0, 0, 0, 0, 4, 999, 2;
1, 256, 0, -1, -1, -1, 4, 999, 2;
1, 256, 0, 0, 0, 0, 4, 999, 2;
1, 256, 0, 1, 1, 1, 5, 1000, 3;
1, 256, 1, 1, 1, 1, 6, 1001, 4;
1, 256, 1, 1, 1, 1, 6, 1001, 4;
1, 256, 0, 0, 0, 0, 5, 999, 3;
1, 256, 0, 0, 0, 0, 5, 1000, 3;
1, 256, 0, 0, 0, 0, 5, 1000, 3;
1, 256, 0, 0, 0, 0, 4, 999, 2;
1, 256, 1, 1, 1, 1, 5, 1000, 3;
1, 256, 0, -1, -1, -1, 4, 999, 2;
1, 256, 0, 1, 1, 1, 5, 1000, 3;
1, 256, 0, 0, 0, 0, 5, 1000, 3;
1, 256, 0, 0, 0, 0, 5, 1000, 3;
1, 256, 0, 0, 0, 0, 4, 999, 2;
1, 256, 1, 1, 1, 1, 6, 1001, 4;
1, 256, 0, 0, 0, 0, 4, 999, 2;
1, 256, 0, 0, 0, 0, 4, 999, 2;
1, 256, 0, 0, 0, 0, 5, 999, 2;
1, 256, 0, 1, 1, 1, 5, 1000, 3;
1, 256, 0, -1, -1, -1, 4, 999, 2;
1, 256, 0, -1, -1, -1, 3, 998, 1;
1, 256, 0, 0, 0, 0, 5, 1000, 3;
1, 256, 1, 1, 1, 1, 6, 1001, 4;
1, 256, 1, 1, 1, 1, 5, 1000, 3;
1, 256, 0, 0, 0, 0, 4, 999, 2;
1, 256, 1, 1, 1, 1, 6, 1001, 4;
1, 256, 1, 1, 1, 1, 6, 1001, 4;
1, 256, 0, 1, 1, 1, 5, 1000, 3;
1, 256, 0, 0, 0, 0, 5, 1000, 3;
1, 256, 0, -1, -1, -1, 3, 998, 1;
1, 256, 0, -1, -1, -1, 4, 999, 2;
1, 256, 1, 1, 1, 1, 5, 1000, 3;
1, 256, 0, 0, 0, 0, 4, 999, 2;
0, 256, 0, -1, -1, -1, 3, 998, 1;
1, 256, 0, 1, 1, 1, 5, 1000, 3;
1, 256, 0, -1, -1, -1, 4, 999, 2;
1, 256, 0, 0, 0, 0, 5, 1000, 3;
1, 256, 0, 1, 1, 1, 5, 1000, 3;
1, 256, 1, 1, 1, 1, 6, 1001, 4;
1, 256, 0, 0, 0, 0, 5, 1000, 3;
1, 256, 0, 0, 0, 0, 4, 999, 2;
1, 256, 0, 0, 0, 0, 4, 999, 2;
1, 256, 0, 0, 0, 0, 5, 1000, 3;
1, 256, 0, 0, 0, 0, 5, 999, 2;
1, 256, 0, 0, 0, 0, 5, 1000, 3;
1, 256, 0, 1, 1, 1, 5, 1000, 3;
1, 256, 0, 0, 0, 0, 4, 999, 2;
1, 256, 1, 1, 1, 1, 6, 1001, 4;
1, 256, 0, 0, 0, 0, 5, 1000, 3;
1, 256, 0, -1, -1, -1, 4, 999, 2;
1, 256, 0, 0, 0, 0, 5, 1000, 3;
1, 256, 0, -1, -1, -1, 4, 999, 2;
1, 256, 0, 0, 0, 0, 5, 1000, 3;
1, 256, 1, 1, 1, 1, 6, 1001, 4;
1, 256, 0, -1, -1, -1, 4, 999, 2;
1, 256, 0, 0, 0, 0, 5, 1000, 3;
1, 256, 0, -1, -1, -1, 4, 998, 1;
1, 256, 1, 1, 1, 1, 6, 1000, 3;
1, 256, 0, 0, 0, 0, 5, 999, 3;
1, 256, 0, 1, 1, 1, 5, 1000, 3;
1, 256, 1, 1, 1, 1, 5, 1000, 3;
1, 256, 0, 0, 0, 0, 4, 999, 2;
1, 256, 1, 1, 1, 1, 5, 1000, 3;
1, 256, 0, 0, 0, 0, 5, 1000, 3;
1, 256, 0, 0, 0, 0, 5, 1000, 3;
1, 256, 0, 0, 0, 0, 4, 999, 2;
1, 256, 0, 0, 0, 0, 5, 1000, 3;
1, 256, 0, 0, 0, 0, 4, 999, 2;
1, 256, 0, 1, 1, 1, 5, 1000, 3;
1, 256, 0, 0, 0, 0, 5, 1000, 3;
1, 256, 0, 1, 1, 1, 5, 1000, 3;
1, 256, 0, 0, 0, 0, 4, 999, 2;
1, 256, 0, 0, 0, 0, 5, 999, 3;
1, 256, 0, 0, 0, 0, 5, 1000, 3;
1, 256, 0, -1, -1, -1, 4, 999, 2;
1, 256, 0, 0, 0, 0, 5, 1000, 3;
1, 256, 1, 1, 1, 1, 5, 1000, 3;
1, 256, 0, -1, -1, -1, 4, 999, 2;
1, 256, 0, 0, 0, 0, 4, 999, 2;
1, 256, 0, -1, -1, -1, 4, 999, 2;
1, 256, 0, 0, 0, 0, 5, 1000, 3;
1, 256, 1, 1, 1, 1, 6, 1001, 4;
0, 256, 0, -1, -1, -1, 3, 998, 1;
1, 256, 0, 0, 0, 0, 5, 1000, 3;
1, 256, 0, 0, 0, 0, 5, 1000, 3;
1, 256, 0, 1, 1, 1, 5, 1000, 3;
1, 256, 0, 1, 1, 1, 5, 1000, 3;
1, 256, 0, 0, 0, 0, 5, 1000, 3;
1, 256, 0, 1, 1, 1, 5, 1000, 3;
1, 256, 1, 1, 1, 1, 6, 1001, 4;
1, 256, 1, 1, 1, 1, 6, 1000, 4;
1, 256, 0, 0, 0, 0, 4, 999, 2;
1, 256, 0, 1, 1, 1, 5, 1000, 3;
1, 256, 1, 1, 1, 1, 6, 1000, 3;
1, 256, 0, 0, 0, 0, 5, 1000, 3;
1, 256, 1, 1, 1, 1, 6, 1001, 4;
1, 256, 0, 0, 0, 0, 5, 999, 2;
1, 256, 0, 0, 0, 0, 5, 1000, 3;
1, 256, 0, 0, 0, 0, 5, 1000, 3;
1, 256, 0, -1, -1, -1, 4, 999, 2;
1, 256, 0, 0, 0, 0, 5, 1000, 3;
1, 256, 0, 0, 0, 0, 5, 1000, 3;
1, 256, 0, 0, 0, 0, 5, 1000, 3;
1, 256, 0, 0, 0, 0, 4, 999, 2;
1, 256, 0, 0, 0, 0, 5, 1000, 3;
1, 256, 0, 0, 0, 0, 5, 1000, 3;
1, 256, 0, -1, -1, -1, 3, 998, 1;
1, 256, 0, -1, -1, -1, 4, 998, 2;
1, 256, 0, 0, 0, 0, 5, 1000, 3;
1, 256, 0, 0, 0, 0, 5, 1000, 3;
1, 256, 0, 1, 1, 1, 5, 1000, 3;
1, 256, 0, 0, 0, 0, 5, 1000, 3;
1, 256, 0, 0, 0, 0, 5, 999, 2;
1, 256, 0, 1, 1, 1, 5, 1000, 3;
1, 256, 0, 0, 0, 0, 5, 1000, 3;
1, 256, 0, -1, -1, -1, 4, 999, 2;
1, 256, 0, 0, 0, 0, 5, 1000, 3;
1, 256, 1, 1, 1, 1, 6, 1000, 4;
1, 256, 0, 1, 1, 1, 5, 1000, 3;
1, 256, 0, -1, -1, -1, 4, 999, 2;
1, 256, 0, 0, 0, 0, 5, 1000, 3;
1, 256, 0, -1, -1, -1, 3, 998, 1;
1, 256, 0, 0, 0, 0, 5, 1000, 3;
1, 256, 0, -1, -1, -1, 3, 998, 1;
1, 256, 0, -1, -1, -1, 3, 998, 1;
1, 256, 0, 0, 0, 0, 4, 999, 2;
1, 256, 0, 0, 0, 0, 4, 999, 2;
1, 256, 0, -1, -1, -1, 3, 998, 1;
1, 256, 1, 1, 1, 1, 6, 1001, 4;
1, 256, 0, 0, 0, 0, 5, 1000, 3;
1, 256, 0, 1, 1, 1, 5, 1000, 3;
1, 256, 0, -1, -1, -1, 3, 998, 1;
1, 256, 0, -1, -1, -1, 4, 998, 1;
1, 256, 0, -1, -1, -1, 4, 999, 2;
1, 256, 0, 0, 0, 0, 4, 999, 2;
1, 256, 0, -1, -1, -1, 4, 999, 2;
1, 256, 0, -1, -1, -1, 4, 999, 2;
1, 256, 0, 0, 0, 0, 4, 999, 2;
1, 256, 0, -1, -1, -1, 3, 998, 1;
1, 256, 0, 0, 0, 0, 5, 1000, 3;
1, 256, 0, 1, 1, 1, 5, 1000, 3;
1, 256, 0, 0, 0, 0, 4, 999, 2;
1, 256, 0, 0, 0, 0, 5, 999, 3;
1, 256, 0, -1, -1, -1, 4, 999, 2;
1, 256, 0, 0, 0, 0, 5, 1000, 3;
1, 256, 0, 0, 0, 0, 4, 999, 2;
1, 256, 0, 0, 0, 0, 4, 999, 2;
1, 256, 0, 0, 0, 0, 4, 999, 2;
1, 256, 0, -1, -1, -1, 4, 999, 2;
1, 256, 0, -1, -1, -1, 4, 998, 2;
1, 256, 0, 0, 0, 0, 4, 999, 2;
1, 256, 0, 0, 0, 0, 5, 1000, 3;
1, 256, 0, 0, 0, 0, 4, 999, 2;
1, 256, 0, -1, -1, -1, 4, 999, 2;
1, 256, 0, 1, 1, 1, 5, 1000, 3;
1, 256, 0, 0, 0, 0, 5, 1000, 3;
1, 256, 0, -1, -1, -1, 3, 998, 1;
1, 256, 0, 0, 0, 0, 4, 999, 2;
1, 256, 0, 0, 0, 0, 5, 1000, 3;
1, 256, 0, 0, 0, 0, 4, 999, 2;
1, 256, 0, 1, 1, 1, 5, 1000, 3;
1, 256, 0, 1, 1, 1, 5, 1000, 3;
1, 256, 0, 0, 0, 0, 4, 999, 2;
1, 256, 0, 0, 0, 0, 5, 1000, 3;
1, 256, 0, 0, 0, 0, 5, 1000, 3;
1, 256, 0, -1, -1, -1, 4, 999, 2;
1, 256, 0, -1, -1, -1, 4, 998, 2;
1, 256, 0, -1, -1, -1, 4, 999, 2;
1, 256, 0, -1, -1, -1, 4, 998, 1;
1, 256, 0, 0, 0, 0, 5, 1000, 3;
1, 256, 0, 0, 0, 0, 4, 999, 2;
1, 256, 0, 1, 1, 1, 5, 1000, 3;
1, 256, 1, 1, 1, 1, 6, 1001, 4;
1, 256, 0, 0, 0, 0, 4, 999, 2;
1, 256, 0, 0, 0, 0, 5, 1000, 3;
1, 256, 0, 0, 0, 0, 5, 1000, 3;
1, 256, 0, 0, 0, 0, 5, 1000, 3;
1, 256, 0, 0, 0, 0, 5, 1000, 3;
1, 256, 0, 0, 0, 0, 4, 999, 2;
1, 256, 0, 0, 0, 0, 4, 999, 2;
1, 256, 0, -1, -1, -1, 4, 999, 2;
1, 256, 0, 0, 0, 0, 5, 1000, 3;
1, 256, 0, 1, 1, 1, 5, 1000, 3;
1, 256, 0, 0, 0, 0, 5, 1000, 3;
1, 256, 0, 0, 0, 0, 5, 1000, 3;
1, 256, 0, -1, -1, -1, 4, 999, 2;
1, 256, 0, 0, 0, 0, 5, 1000, 3;
1, 256, 0, -1, -1, -1, 4, 999, 2;
1, 256, 1, 1, 1, 1, 6, 1000, 3;
1, 256, 0, 0, 0, 0, 4, 999, 2;
1, 256, 1, 1, 1, 1, 6, 1001, 4;
1, 256, 0, 0, 0, 0, 5, 1000, 3;
1, 256, 0, 0, 0, 0, 4, 999, 2;
1, 256, 1, 1, 1, 1, 5, 1000, 3;
1, 256, 0, 0, 0, 0, 5, 999, 3;
1, 256, 0, 0, 0, 0, 5, 999, 2;
1, 256, 0, 1, 1, 1, 5, 1000, 3;
1, 256, 0, 0, 0, 0, 5, 1000, 3;
1, 256, 0, 0, 0, 0, 5, 999, 3;
1, 256, 0, 1, 1, 1, 5, 1000, 3;
1, 256, 0, 0, 0, 0, 4, 999, 2;
1, 256, 0, 1, 1, 1, 5, 1000, 3;
1, 256, 0, 0, 0, 0, 4, 999, 2;
1, 256, 1, 1, 1, 1, 6, 1000, 3;
1, 256, 0, 0, 0, 0, 4, 999, 2;
1, 256, 1, 1, 1, 1, 6, 1001, 4;
1, 256, 0, -1, -1, -1, 4, 999, 2;
1, 256, 0, 1, 1, 1, 5, 1000, 3;
1, 256, 1, 1, 1, 1, 6, 1000, 3;
1, 256, 0, 0, 0, 0, 5, 999, 2;
1, 256, 0, -1, -1, -1, 4, 999, 2;
1, 256, 0, 1, 1, 1, 5, 1000, 3;
1, 256, 0, -1, -1, -1, 4, 999, 2;
1, 256, 0, 0, 0, 0, 4, 999, 2;
1, 256, 0, 0, 0, 0, 5, 999, 3;
1, 256, 1, 1, 1, 1, 6, 1001, 4;
1, 256, 0, 0, 0, 0, 5, 1000, 3;
1, 256, 0, 0, 0, 0, 4, 999, 2;
1, 256, 0, -1, -1, -1, 4, 998, 2;
1, 256, 0, 0, 0, 0, 4, 999, 2;
1, 256, 0, 0, 0, 0, 5, 1000, 3;
1, 256, 0, -1, -1, -1, 4, 999, 2;
1, 256, 0, -1, -1, -1, 3, 998, 1;
1, 256, 0, -1, -1, -1, 3, 998, 1;
1, 256, 0, -1, -1, -1, 4, 999, 2;
1, 256, 0, 0, 0, 0, 5, 1000, 3;
1, 256, 0, 0, 0, 0, 5, 1000, 3;
1, 256, 0, 1, 1, 1, 5, 1000, 3;
1, 256, 1, 1, 1, 1, 6, 1001, 4;
1, 256, 0, -1, -1, -1, 4, 999, 2;
1, 256, 0, -1, -1, -1, 4, 999, 2;
1, 256, 1, 1, 1, 1, 6, 1001, 4;
1, 256, 0, 0, 0, 0, 5, 999, 2;
1, 256, 0, 0, 0, 0, 5, 1000, 3;
1, 256, 1, 1, 1, 1, 6, 1001, 4;
1, 256, 0, 0, 0, 0, 4, 999, 2;
1, 256, 0, 1, 1, 1, 5, 1000, 3;
1, 256, 0, 0, 0, 0, 4, 999, 2;
1, 256, 0, 0, 0, 0, 5, 999, 2;
1, 256, 0, -1, -1, -1, 4, 999, 2;
1, 256, 0, 0, 0, 0, 4, 999, 2;
1, 256, 0, -1, -1, -1, 3, 998, 1;
1, 256, 0, 0, 0, 0, 5, 1000, 3;
1, 256, 0, 0, 0, 0, 5, 1000, 3;
1, 256, 1, 1, 1, 1, 5, 1000, 3;
1, 256, 0, 1, 1, 1, 5, 1000, 3;
1, 256, 0, 0, 0, 0, 4, 999, 2;
1, 256, 0, 0, 0, 0, 5, 1000, 3;
1, 256, 0, 0, 0, 0, 5, 1000, 3;
1, 256, 0, 0, 0, 0, 5, 1000, 3;
1, 256, 1, 1, 1, 1, 6, 1001, 4;
1, 256, 0, -1, -1, -1, 4, 998, 2;
1, 256, 1, 1, 1, 1, 6, 1001, 4;
1, 256, 0, 0, 0, 0, 5, 999, 2;
1, 256, 0, 0, 0, 0, 4, 999, 2;
1, 256, 0, -1, -1, -1, 4, 999, 2;
1, 256, 0, -1, -1, -1, 3, 998, 1;
1, 256, 0, 0, 0, 0, 4, 999, 2;
1, 256, 1, 1, 1, 1, 6, 1001, 4;
1, 256, 0, 0, 0, 0, 4, 999, 2;
1, 256, 0, 1, 1, 1, 5, 1000, 3;
1, 256, 0, 0, 0, 0, 4, 999, 2;
1, 256, 1, 1, 1, 1, 6, 1000, 4;
1, 256, 0, 0, 0, 0, 4, 999, 2;
1, 256, 1, 1, 1, 1, 6, 1001, 4;
1, 256, 0, 0, 0, 0, 4, 999, 2;
1, 256, 0, 0, 0, 0, 4, 999, 2;
1, 256, 0, -1, -1, -1, 4, 999, 2;
1, 256, 0, 0, 0, 0, 5, 1000, 3;
1, 256, 0, 0, 0, 0, 5, 1000, 3;
1, 256, 1, 1, 1, 1, 6, 1001, 4;
1, 256, 1, 1, 1, 1, 6, 1000, 4;
1, 256, 0, 1, 1, 1, 5, 1000, 3;
1, 256, 0, 0, 0, 0, 4, 999, 2;
1, 256, 0, 0, 0, 0, 4, 999, 2;
1, 256, 1, 1, 1, 1, 6, 1001, 4;
1, 256, 0, -1, -1, -1, 3, 998, 1;
1, 256, 0, 0, 0, 0, 5, 1000, 3;
1, 256, 0, -1, -1, -1, 4, 999, 2;
1, 256, 1, 1, 1, 1, 5, 1000, 3;
1, 256, 0, 0, 0, 0, 5, 1000, 3;
1, 256, 0, 1, 1, 1, 5, 1000, 3;
1, 256, 0, 0, 0, 0, 4, 999, 2;
1, 256, 1, 1, 1, 1, 6, 1001, 4;
1, 256, 0, 0, 0, 0, 5, 1000, 3;
1, 256, 0, -1, -1, -1, 3, 998, 1;
1, 256, 0, 0, 0, 0, 5, 1000, 3;
1, 256, 0, 0, 0, 0, 5, 1000, 3;
1, 256, 0, -1, -1, -1, 4, 999, 2;
1, 256, 0, 0, 0, 0, 5, 1000, 3;
1, 256, 0, 0, 0, 0, 4, 999, 2;
1, 256, 0, 0, 0, 0, 5, 1000, 3;
1, 256, 0, -1, -1, -1, 4, 998, 2;
1, 256, 0, 0, 0, 0, 5, 1000, 3;
1, 256, 0, 0, 0, 0, 5, 999, 2;
1, 256, 1, 1, 1, 1, 6, 1001, 4;
1, 256, 0, -1, -1, -1, 4, 999, 2;
1, 256, 0, 0, 0, 0, 5, 1000, 3;
1, 256, 0, 0, 0, 0, 5, 999, 3;
1, 256, 0, 0, 0, 0, 5, 1000, 3;
1, 256, 0, 0, 0, 0, 4, 999, 2;
1, 256, 1, 1, 1, 1, 5, 1000, 3;
1, 256, 0, -1, -1, -1, 3, 998, 1;
1, 256, 0, 0, 0, 0, 5, 1000, 3;
1, 256, 0, -1, -1, -1, 3, 998, 1;
1, 256, 0, -1, -1, -1, 3, 998, 1;
1, 256, 0, 0, 0, 0, 4, 999, 2;
1, 256, 0, -1, -1, -1, 4, 999, 2;
1, 256, 0, 0, 0, 0, 4, 999, 2;
1, 256, 0, 1, 1, 1, 5, 1000, 3;
1, 256, 0, 0, 0, 0, 5, 1000, 3;
1, 256, 0, -1, -1, -1, 4, 999, 2;
1, 256, 0, 0, 0, 0, 4, 999, 2;
1, 256, 1, 1, 1, 1, 5, 1000, 3;
1, 256, 0, -1, -1, -1, 4, 999, 2;
1, 256, 0, 0, 0, 0, 5, 1000, 3;
1, 256, 0, -1, -1, -1, 4, 999, 2;
1, 256, 0, 0, 0, 0, 4, 999, 2;
1, 256, 0, 0, 0, 0, 4, 999, 2;
1, 256, 0, 0, 0, 0, 5, 1000, 3;
1, 256, 0, 0, 0, 0, 4, 999, 2;
1, 256, 0, -1, -1, -1, 3, 998, 1;
1, 256, 0, 0, 0, 0, 5, 1000, 3;
1, 256, 0, 0, 0, 0, 5, 1000, 3;
1, 256, 0, 0, 0, 0, 5, 1000, 3;
1, 256, 0, -1, -1, -1, 4, 999, 2;
1, 256, 0, 1, 1, 1, 5, 1000, 3;
1, 256, 0, -1, -1, -1, 3, 998, 1;
1, 256, 0, -1, -1, -1, 4, 999, 2;
1, 256, 0, 0, 0, 0, 5, 1000, 3;
1, 256, 0, -1, -1, -1, 4, 999, 2;
1, 256, 0, -1, -1, -1, 4, 999, 2;
1, 256, 0, -1, -1, -1, 3, 998, 1;
1, 256, 0, -1, -1, -1, 4, 999, 2;
1, 256, 0, 1, 1, 1, 5, 1000, 3;
1, 256, 0, 0, 0, 0, 5, 1000, 3;
1, 256, 0, 0, 0, 0, 5, 1000, 3;
1, 256, 0, 0, 0, 0, 5, 1000, 3;
1, 256, 0, 0, 0, 0, 4, 999, 2;
1, 256, 1, 1, 1, 1, 6, 1000, 3;
1, 256, 0, 1, 1, 1, 5, 1000, 3;
1, 256, 0, -1, -1, -1, 4, 999, 2;
1, 256, 0, -1, -1, -1, 3, 998, 1;
1, 256, 0, -1, -1, -1, 3, 998, 1;
1, 256, 0, 0, 0, 0, 4, 999, 2;
1, 256, 0, 0, 0, 0, 4, 999, 2;
1, 256, 0, 0, 0, 0, 4, 999, 2;
1, 256, 0, 0, 0, 0, 4, 999, 2;
1, 256, 0, 0, 0, 0, 5, 1000, 3;
1, 256, 0, 0, 0, 0, 5, 1000, 3;
1, 256, 0, 0, 0, 0, 5, 1000, 3;
1, 256, 0, 0, 0, 0, 4, 999, 2;
1, 256, 0, 1, 1, 1, 5, 1000, 3;
1, 256, 0, -1, -1, -1, 4, 999, 2;
1, 256, 0, 0, 0, 0, 4, 999, 2;
1, 256, 0, 0, 0, 0, 4, 999, 2;
1, 256, 0, 1, 1, 1, 5, 1000, 3;
1, 256, 0, 0, 0, 0, 5, 1000, 3;
1, 256, 0, 0, 0, 0, 5, 1000, 3;
1, 256, 0, 0, 0, 0, 4, 999, 2;
1, 256, 0, 0, 0, 0, 4, 999, 2;
1, 256, 0, 0, 0, 0, 4, 999, 2;
1, 256, 1, 1, 1, 1, 6, 1001, 4;
1, 256, 0, -1, -1, -1, 4, 999, 2;
1, 256, 0, 0, 0, 0, 4, 999, 2;
1, 256, 0, 0, 0, 0, 5, 1000, 3;
1, 256, 1, 1, 1, 1, 5, 1000, 3;
1, 256, 0, 0, 0, 0, 5, 999, 3;
1, 256, 0, -1, -1, -1, 4, 999, 2;
1, 256, 0, 0, 0, 0, 5, 1000, 3;
1, 256, 0, -1, -1, -1, 4, 999, 2;
1, 256, 1, 1, 1, 1, 6, 1000, 3;
1, 256, 0, 1, 1, 1, 5, 1000, 3;
1, 256, 0, -1, -1, -1, 4, 999, 2;
1, 256, 0, 0, 0, 0, 4, 999, 2;
1, 256, 0, 0, 0, 0, 5, 1000, 3;
1, 256, 0, 0, 0, 0, 4, 999, 2;
1, 256, 0, -1, -1, -1, 3, 998, 1;
1, 256, 0, -1, -1, -1, 4, 998, 1;
1, 256, 0, 0, 0, 0, 5, 1000, 3;
1, 256, 0, 0, 0, 0, 4, 999, 2;
1, 256, 0, 1, 1, 1, 5, 1000, 3;
1, 256, 0, 1, 1, 1, 5, 1000, 3;
1, 256, 0, 0, 0, 0, 4, 999, 2;
1, 256, 1, 1, 1, 1, 6, 1001, 4;
1, 256, 0, 0, 0, 0, 5, 1000, 3;
1, 256, 1, 1, 1, 1, 6, 1001, 4;
1, 256, 1, 1, 1, 1, 5, 1000, 3;
1, 256, 0, 0, 0, 0, 4, 999, 2;
1, 256, 0, 0, 0, 0, 5, 1000, 3;
1, 256, 0, -1, -1, -1, 4, 999, 2;
1, 256, 0, -1, -1, -1, 4, 999, 2;
1, 256, 0, 0, 0, 0, 4, 999, 2;
1, 256, 0, 0, 0, 0, 5, 1000, 3;
1, 256, 0, 0, 0, 0, 5, 1000, 3;
1, 256, 0, 1, 1, 1, 5, 1000, 3;
1, 256, 0, 0, 0, 0, 4, 999, 2;
1, 256, 1, 1, 1, 1, 6, 1001, 4;
1, 256, 0, 0, 0, 0, 4, 999, 2;
1, 256, 0, -1, -1, -1, 3, 998, 1;
1, 256, 1, 1, 1, 1, 6, 1001, 4;
1, 256, 0, 0, 0, 0, 4, 999, 2;
1, 256, 1, 1, 1, 1, 6, 1000, 3;
1, 256, 0, 1, 1, 1, 5, 1000, 3;
1, 256, 0, 0, 0, 0, 5, 999, 3;
1, 256, 0, 0, 0, 0, 5, 1000, 3;
1, 256, 0, 0, 0, 0, 5, 1000, 3;
1, 256, 0, 0, 0, 0, 5, 1000, 3;
1, 256, 0, -1, -1, -1, 4, 999, 2;