-1, 294, 11, -4, 404, -4, -6, 1146, 44;
0, 294, 11, 23, 405, -3, 1, 1147, 46;
6, 298, 15, 63, 417, 9, 24, 1163, 62;
7, 297, 15, 86, 411, 6, 27, 1158, 58;
5, 293, 11, 102, 397, -4, 20, 1144, 44;
4, 290, 9, 122, 387, -11, 19, 1134, 36;
9, 293, 12, 157, 391, -2, 36, 1143, 48;
8, 290, 10, 176, 378, -9, 34, 1133, 39;
16, 295, 16, 220, 390, 9, 64, 1153, 62;
14, 292, 12, 235, 373, 0, 58, 1138, 50;
15, 290, 12, 257, 362, -3, 60, 1132, 47;
21, 293, 16, 294, 365, 9, 82, 1145, 63;
19, 289, 13, 307, 345, 0, 76, 1128, 50;
24, 292, 16, 342, 347, 12, 97, 1140, 66;
19, 284, 10, 343, 316, -7, 77, 1111, 41;
20, 283, 10, 363, 302, -9, 80, 1104, 39;
26, 285, 14, 395, 301, 3, 101, 1115, 54;
23, 281, 10, 403, 277, -8, 92, 1096, 40;
24, 279, 10, 422, 263, -7, 97, 1091, 41;
26, 278, 10, 441, 249, -6, 103, 1087, 42;
30, 279, 13, 465, 242, 1, 117, 1091, 52;
30, 277, 13, 479, 225, 0, 119, 1084, 51;
28, 272, 9, 482, 197, -10, 109, 1064, 37;
34, 276, 14, 512, 197, 5, 133, 1078, 57;
33, 273, 13, 520, 176, 1, 131, 1067, 53;
30, 267, 9, 518, 145, -11, 117, 1043, 36;
36, 272, 15, 547, 146, 7, 143, 1060, 60;
35, 268, 13, 549, 121, 1, 138, 1046, 52;
38, 268, 15, 564, 110, 8, 148, 1048, 61;
32, 261, 10, 552, 73, -9, 128, 1019, 39;
32, 259, 9, 555, 53, -11, 127, 1010, 37;
35, 259, 11, 566, 40, -4, 136, 1011, 45;
32, 255, 9, 560, 13, -11, 127, 994, 36;
39, 259, 15, 581, 14, 8, 152, 1012, 61;
38, 257, 15, 580, -6, 6, 150, 1003, 59;
39, 256, 16, 582, -21, 10, 155, 1001, 64;
39, 254, 16, 579, -41, 10, 154, 993, 63;
34, 247, 11, 559, -75, -5, 133, 966, 44;
33, 246, 11, 554, -95, -5, 132, 959, 43;
32, 243, 10, 543, -117, -9, 125, 947, 39;
32, 241, 10, 538, -134, -7, 126, 943, 41;
37, 246, 16, 547, -133, 11, 147, 959, 64;
33, 240, 13, 526, -162, 0, 130, 939, 50;
30, 236, 10, 506, -189, -8, 117, 921, 39;
29, 235, 10, 495, -204, -6, 116, 917, 42;
28, 233, 10, 481, -221, -7, 112, 910, 41;
33, 237, 15, 483, -221, 8, 129, 925, 61;
25, 229, 9, 448, -256, -10, 101, 895, 37;
24, 227, 9, 430, -272, -11, 95, 888, 36;
26, 229, 12, 423, -276, -1, 104, 895, 49;
26, 229, 13, 407, -288, 1, 102, 893, 52;
21, 223, 9, 375, -314, -11, 82, 873, 37;
27, 230, 16, 377, -303, 11, 105, 897, 65;
23, 226, 14, 348, -323, 4, 90, 882, 56;
19, 222, 11, 319, -342, -3, 75, 869, 46;
21, 225, 15, 308, -340, 8, 85, 880, 61;
20, 224, 15, 284, -351, 7, 78, 875, 60;
13, 218, 10, 244, -376, -8, 52, 852, 40;
10, 216, 9, 216, -387, -11, 42, 845, 36;
14, 221, 14, 207, -378, 5, 56, 863, 57;
8, 216, 10, 169, -398, -8, 33, 844, 40;
7, 216, 10, 143, -402, -7, 28, 842, 41;
9, 219, 14, 130, -394, 5, 38, 857, 58;
2, 214, 9, 88, -414, -10, 11, 836, 37;
6, 219, 15, 78, -399, 6, 26, 856, 59;
5, 220, 15, 53, -400, 8, 21, 858, 61;
4, 220, 16, 28, -398, 10, 17, 860, 64;
-1, 215, 11, -13, -414, -4, -7, 841, 45;
1, 220, 16, -24, -397, 11, 4, 861, 64;
-4, 217, 12, -64, -408, -1, -17, 846, 49;
-6, 217, 12, -91, -406, -1, -24, 847, 49;
-3, 221, 16, -105, -389, 11, -14, 864, 65;
-6, 220, 15, -135, -389, 7, -26, 861, 60;
-10, 219, 13, -167, -390, 1, -40, 855, 52;
-10, 221, 14, -188, -379, 5, -40, 863, 58;
-16, 217, 10, -226, -385, -7, -63, 849, 42;
-16, 219, 11, -247, -374, -3, -65, 857, 46;
-16, 222, 13, -267, -361, 0, -65, 865, 52;
-15, 226, 16, -281, -341, 11, -58, 882, 64;
-21, 222, 11, -319, -347, -4, -83, 866, 45;
-20, 225, 14, -333, -327, 4, -78, 881, 56;
-19, 228, 16, -349, -310, 9, -77, 892, 62;
-21, 229, 16, -370, -298, 9, -82, 896, 62;
-26, 227, 11, -403, -298, -3, -104, 885, 46;
-25, 231, 14, -413, -275, 4, -98, 901, 56;
-29, 229, 11, -440, -269, -3, -113, 896, 46;
-30, 230, 11, -457, -255, -4, -118, 900, 45;
-33, 230, 9, -479, -246, -10, -129, 899, 37;
-30, 236, 13, -482, -217, 1, -118, 920, 53;
-32, 236, 12, -501, -205, -2, -127, 920, 47;
-30, 240, 15, -505, -179, 6, -119, 938, 58;
-29, 243, 16, -511, -157, 11, -116, 951, 64;
-34, 241, 12, -535, -152, -1, -134, 941, 48;
-36, 241, 11, -548, -138, -5, -141, 943, 44;
-33, 246, 14, -546, -109, 4, -131, 962, 56;
-39, 243, 9, -569, -107, -11, -153, 949, 36;
-32, 252, 16, -553, -66, 10, -127, 984, 64;
-33, 253, 15, -561, -50, 6, -132, 987, 59;
-37, 252, 12, -573, -40, -2, -144, 983, 48;
-37, 253, 12, -575, -21, -1, -144, 990, 48;
-36, 256, 13, -573, 0, 0, -142, 1000, 51;
-37, 257, 12, -575, 16, -2, -145, 1003, 47;
-32, 263, 16, -559, 50, 12, -126, 1029, 66;
-36, 262, 13, -567, 58, 0, -140, 1022, 51;
-38, 261, 10, -570, 69, -7, -149, 1019, 42;
-34, 266, 14, -553, 100, 4, -133, 1041, 56;
-34, 267, 13, -549, 116, 1, -134, 1044, 53;
-35, 268, 12, -544, 131, -1, -137, 1047, 48;
-37, 267, 9, -543, 140, -9, -144, 1043, 38;
-34, 271, 12, -526, 165, -3, -134, 1058, 46;
-32, 273, 12, -512, 185, -1, -128, 1068, 49;
-34, 272, 9, -508, 193, -9, -136, 1063, 38;
-34, 274, 9, -495, 208, -10, -133, 1068, 37;
-27, 281, 15, -462, 242, 7, -107, 1097, 60;
-25, 283, 16, -443, 261, 10, -100, 1106, 63;
-26, 282, 14, -433, 269, 3, -104, 1103, 55;
-29, 280, 10, -426, 272, -8, -114, 1094, 40;
-25, 284, 13, -399, 294, 0, -99, 1109, 50;
-21, 288, 15, -370, 316, 8, -83, 1125, 61;
-20, 289, 15, -352, 326, 6, -81, 1127, 59;
-18, 290, 15, -329, 339, 8, -73, 1133, 61;
-19, 290, 14, -311, 345, 3, -74, 1131, 55;
-18, 290, 13, -290, 354, 1, -70, 1133, 52;
-13, 294, 16, -256, 374, 12, -51, 1150, 66;
-17, 290, 11, -249, 365, -5, -67, 1132, 44;
-14, 292, 12, -220, 378, 0, -55, 1140, 50;
-14, 291, 11, -200, 379, -5, -55, 1136, 43;
-13, 291, 10, -176, 384, -7, -51, 1136, 41;
-11, 291, 10, -150, 388, -8, -45, 1137, 40;
-6, 295, 13, -113, 403, 2, -25, 1152, 54;
-7, 293, 11, -95, 399, -5, -29, 1144, 44;
-7, 291, 9, -73, 396, -10, -29, 1138, 37;
0, 297, 15, -28, 416, 7, 0, 1161, 59;
-2, 294, 11, -13, 405, -4, -8, 1147, 45;
2, 296, 14, 20, 412, 2, 8, 1156, 54;
1, 294, 11, 40, 403, -4, 5, 1146, 45;
6, 297, 15, 78, 413, 6, 26, 1160, 59;
3, 292, 10, 89, 394, -8, 13, 1139, 39;
9, 295, 14, 128, 403, 3, 35, 1153, 55;
6, 291, 10, 141, 385, -9, 25, 1135, 39;
10, 292, 11, 173, 385, -3, 39, 1140, 46;
13, 293, 13, 204, 385, 2, 53, 1145, 53;
11, 289, 9, 217, 365, -10, 43, 1127, 37;
15, 291, 12, 251, 366, -1, 61, 1135, 49;
19, 292, 14, 280, 363, 4, 74, 1139, 56;
19, 290, 13, 300, 349, 0, 75, 1131, 51;
22, 290, 15, 329, 345, 6, 88, 1134, 59;
21, 287, 12, 342, 325, -1, 83, 1120, 48;
24, 287, 13, 368, 318, 2, 94, 1120, 54;
22, 282, 10, 378, 295, -7, 86, 1103, 41;
23, 281, 10, 398, 282, -6, 92, 1099, 42;
23, 279, 9, 414, 265, -10, 92, 1090, 38;
25, 278, 10, 432, 251, -9, 98, 1085, 39;
26, 277, 10, 450, 237, -8, 103, 1081, 40;
28, 276, 11, 469, 224, -5, 111, 1079, 44;
31, 276, 13, 489, 214, 0, 121, 1079, 50;
30, 273, 11, 497, 192, -5, 118, 1067, 44;
33, 274, 13, 517, 182, 2, 131, 1070, 54;
31, 269, 10, 519, 155, -6, 122, 1052, 42;
33, 269, 11, 533, 141, -3, 129, 1049, 46;
37, 271, 16, 555, 136, 9, 147, 1059, 63;
38, 270, 16, 564, 118, 10, 151, 1053, 64;
38, 267, 15, 567, 96, 7, 148, 1042, 60;
38, 265, 15, 573, 79, 8, 151, 1037, 61;
34, 259, 11, 563, 45, -5, 134, 1012, 44;
34, 257, 11, 567, 27, -4, 136, 1006, 45;
40, 261, 16, 585, 24, 11, 157, 1019, 65;
37, 256, 14, 577, -2, 3, 147, 1001, 55;
36, 253, 13, 572, -25, 0, 142, 990, 50;
37, 253, 14, 575, -40, 4, 147, 989, 56;
35, 250, 12, 566, -64, 0, 140, 975, 50;
39, 251, 16, 572, -72, 10, 152, 982, 64;
32, 243, 10, 547, -110, -8, 127, 951, 40;
31, 241, 9, 537, -131, -11, 122, 940, 36;
31, 239, 9, 529, -148, -10, 121, 935, 38;
30, 237, 9, 519, -167, -11, 118, 927, 37;
31, 237, 11, 513, -180, -5, 121, 927, 43;
33, 239, 14, 512, -186, 5, 132, 934, 57;
30, 235, 12, 491, -210, -2, 120, 919, 48;
33, 237, 15, 487, -216, 8, 129, 926, 61;
33, 236, 16, 474, -230, 10, 128, 923, 64;
32, 235, 16, 459, -244, 11, 125, 918, 65;
27, 230, 13, 431, -269, 1, 108, 900, 52;
22, 225, 9, 400, -296, -11, 88, 879, 37;
28, 231, 16, 402, -288, 10, 110, 901, 63;
21, 224, 11, 366, -317, -6, 84, 876, 43;
24, 227, 14, 357, -318, 5, 94, 885, 57;
17, 220, 9, 318, -347, -11, 67, 860, 36;
23, 226, 16, 318, -334, 11, 90, 884, 64;
14, 218, 9, 273, -367, -11, 56, 853, 37;
16, 221, 12, 259, -365, 0, 63, 862, 49;
13, 219, 11, 231, -378, -4, 53, 854, 45;
10, 216, 9, 201, -390, -9, 40, 845, 38;
14, 222, 15, 194, -379, 8, 57, 866, 61;
7, 215, 10, 151, -402, -8, 28, 842, 39;
4, 214, 9, 122, -409, -11, 19, 837, 36;
5, 216, 11, 104, -405, -3, 22, 845, 46;
3, 215, 11, 74, -411, -6, 12, 840, 43;
1, 215, 11, 48, -413, -5, 6, 841, 44;
0, 215, 11, 22, -414, -4, 0, 841, 44;
1, 218, 14, 3, -406, 3, 4, 851, 55;
-4, 214, 10, -34, -416, -7, -15, 837, 41;
0, 220, 16, -43, -397, 10, 0, 861, 64;
-2, 220, 15, -71, -396, 8, -9, 859, 61;
-6, 218, 13, -106, -401, 0, -25, 850, 51;
-8, 218, 13, -133, -397, 0, -32, 852, 51;
-9, 219, 13, -158, -391, 2, -37, 855, 53;
-12, 219, 12, -186, -388, 0, -47, 854, 49;
-13, 220, 13, -210, -380, 0, -51, 859, 52;
-17, 218, 10, -244, -381, -8, -68, 850, 40;
-15, 222, 14, -256, -361, 3, -60, 868, 55;
-18, 222, 13, -284, -355, 0, -70, 867, 50;
-18, 224, 14, -302, -341, 5, -70, 877, 57;
-23, 221, 10, -338, -344, -8, -93, 863, 39;
-23, 224, 11, -355, -327, -4, -92, 874, 45;
-24, 226, 12, -373, -312, -1, -94, 882, 49;
-27, 225, 10, -399, -305, -6, -105, 880, 42;
-27, 227, 11, -416, -289, -4, -107, 888, 45;
-26, 231, 13, -427, -268, 2, -104, 901, 53;
-24, 235, 16, -435, -244, 12, -96, 919, 65;
-27, 235, 15, -456, -233, 7, -106, 919, 60;
-27, 238, 16, -469, -214, 10, -106, 928, 63;
-32, 235, 12, -496, -211, -2, -126, 918, 47;
-33, 236, 11, -510, -195, -3, -130, 923, 46;
-31, 240, 14, -515, -170, 3, -124, 939, 55;
-31, 244, 15, -521, -148, 8, -121, 952, 61;
-33, 243, 13, -538, -137, 1, -132, 950, 52;
-33, 246, 14, -543, -115, 5, -130, 961, 57;
-32, 249, 15, -547, -93, 8, -128, 971, 60;
-39, 244, 9, -572, -94, -11, -153, 955, 37;
-35, 251, 14, -563, -60, 3, -136, 980, 55;
-34, 253, 14, -565, -40, 4, -135, 989, 56;
-37, 253, 12, -574, -27, -1, -144, 988, 48;
-35, 256, 13, -571, -3, 2, -139, 1000, 54;
-37, 256, 12, -575, 10, -2, -145, 1001, 48;
-34, 261, 14, -566, 37, 5, -135, 1019, 58;
-32, 264, 16, -557, 62, 11, -127, 1033, 64;
-39, 260, 10, -574, 60, -9, -152, 1014, 39;
-34, 266, 14, -556, 92, 3, -134, 1037, 55;
-36, 265, 11, -557, 104, -3, -142, 1035, 46;
-38, 264, 9, -556, 115, -11, -149, 1033, 37;
-32, 272, 14, -531, 150, 5, -126, 1060, 57;
-34, 271, 12, -528, 160, -2, -133, 1057, 48;
-33, 273, 12, -515, 179, 0, -128, 1066, 50;
-35, 271, 9, -513, 186, -10, -138, 1060, 37;
-27, 280, 16, -478, 224, 10, -108, 1093, 64;
-27, 280, 15, -467, 237, 7, -109, 1094, 59;
-31, 278, 11, -464, 240, -5, -121, 1084, 43;
-31, 278, 9, -451, 251, -9, -122, 1085, 38;
-30, 279, 9, -436, 264, -11, -120, 1088, 36;
-24, 285, 14, -400, 295, 5, -93, 1115, 58;
-22, 287, 15, -379, 309, 6, -87, 1121, 59;
-24, 285, 12, -368, 313, -2, -93, 1114, 47;
-22, 287, 12, -344, 327, 0, -86, 1121, 50;
-18, 290, 14, -317, 344, 5, -73, 1133, 57;
-16, 292, 15, -291, 357, 8, -64, 1140, 61;
-14, 293, 15, -268, 367, 8, -58, 1144, 61;
-14, 292, 14, -248, 371, 3, -58, 1141, 55;
-11, 295, 16, -217, 386, 10, -43, 1153, 63;
-12, 293, 13, -201, 384, 1, -48, 1144, 52;
-10, 294, 13, -175, 392, 2, -41, 1148, 53;
-9, 294, 13, -149, 396, 1, -35, 1149, 52;
-11, 291, 9, -136, 388, -11, -45, 1135, 36;
-7, 293, 11, -103, 399, -4, -30, 1144, 45;
-1, 298, 16, -61, 417, 10, -4, 1164, 64;
-4, 293, 11, -51, 402, -6, -18, 1144, 43;
1, 297, 15, -10, 417, 7, 4, 1162, 60;
-1, 293, 11, 3, 404, -5, -4, 1145, 44;
2, 295, 13, 37, 410, 1, 10, 1154, 52;
5, 296, 14, 67, 412, 4, 21, 1157, 56;
5, 294, 12, 89, 404, 0, 21, 1150, 50;
4, 291, 9, 105, 390, -10, 15, 1136, 37;
6, 292, 10, 136, 390, -6, 27, 1139, 42;
7, 290, 9, 158, 381, -10, 29, 1133, 38;
16, 296, 16, 205, 397, 11, 62, 1158, 65;
10, 288, 9, 207, 366, -11, 39, 1126, 36;
14, 290, 11, 240, 367, -3, 56, 1133, 46;
20, 294, 16, 279, 372, 10, 80, 1148, 64;
15, 287, 10, 283, 343, -8, 61, 1120, 39;
18, 287, 11, 310, 337, -4, 72, 1121, 44;
23, 290, 15, 344, 338, 6, 92, 1132, 59;
21, 285, 11, 355, 316, -3, 85, 1115, 46;
22, 284, 11, 374, 302, -5, 87, 1108, 44;
22, 282, 10, 391, 286, -7, 89, 1100, 41;
28, 285, 15, 424, 286, 6, 111, 1112, 58;
30, 284, 15, 444, 273, 7, 118, 1108, 60;
25, 276, 9, 441, 239, -11, 97, 1078, 36;
32, 281, 15, 476, 242, 6, 125, 1096, 59;
29, 275, 11, 479, 215, -4, 114, 1076, 45;
32, 276, 13, 500, 205, 2, 126, 1078, 53;
35, 276, 15, 519, 194, 8, 137, 1080, 61;
34, 273, 14, 527, 173, 4, 135, 1068, 56;
31, 268, 10, 524, 142, -8, 121, 1045, 40;
35, 270, 14, 546, 136, 3, 139, 1054, 55;
36, 268, 14, 555, 118, 4, 142, 1048, 56;
39, 269, 16, 570, 107, 12, 154, 1050, 66;
35, 263, 12, 561, 74, -1, 137, 1026, 48;
37, 262, 13, 570, 60, 2, 144, 1025, 54;
38, 262, 15, 578, 46, 7, 151, 1023, 60;
35, 257, 12, 570, 16, -2, 138, 1003, 47;
33, 253, 10, 564, -9, -9, 131, 988, 39;
35, 253, 11, 568, -23, -4, 137, 987, 45;
39, 255, 15, 579, -30, 8, 152, 995, 61;
33, 248, 10, 560, -65, -7, 131, 968, 41;
36, 249, 13, 566, -73, 2, 143, 974, 54;
36, 248, 14, 562, -91, 4, 144, 969, 56;
36, 246, 14, 553, -111, 2, 140, 961, 54;
34, 243, 12, 541, -134, -1, 133, 948, 48;
31, 239, 10, 524, -159, -8, 121, 932, 39;
29, 236, 9, 512, -179, -10, 116, 923, 37;
28, 234, 9, 499, -197, -11, 112, 916, 36;
31, 236, 12, 497, -204, -1, 122, 922, 49;
31, 236, 13, 487, -216, 2, 123, 921, 54;
33, 237, 16, 480, -224, 10, 130, 925, 64;
26, 230, 10, 446, -258, -6, 104, 897, 42;
30, 233, 15, 444, -258, 8, 118, 910, 60;
25, 228, 11, 414, -284, -4, 98, 890, 45;
27, 230, 15, 407, -286, 7, 109, 900, 60;
26, 229, 15, 388, -298, 8, 105, 896, 61;
24, 227, 14, 362, -315, 4, 94, 885, 55;
23, 226, 14, 342, -326, 5, 90, 882, 57;
20, 224, 13, 317, -340, 2, 80, 874, 53;
18, 222, 12, 291, -353, 0, 71, 867, 49;
13, 218, 9, 258, -372, -9, 54, 852, 38;
17, 223, 15, 251, -363, 6, 69, 870, 59;
16, 223, 15, 228, -369, 8, 65, 869, 62;
11, 218, 12, 192, -387, -1, 45, 853, 48;
9, 217, 11, 165, -395, -3, 37, 849, 46;
8, 218, 12, 141, -398, -1, 34, 850, 49;
6, 217, 12, 114, -402, -1, 27, 848, 49;
5, 217, 13, 90, -404, 0, 22, 849, 51;
7, 220, 16, 72, -397, 9, 27, 860, 63;
5, 220, 16, 46, -398, 10, 21, 860, 63;
3, 220, 15, 17, -400, 8, 13, 858, 62;
-1, 217, 13, -17, -409, 0, -4, 847, 51;
-2, 218, 13, -42, -405, 2, -7, 850, 54;
-2, 219, 15, -65, -399, 6, -9, 856, 59;
-6, 217, 12, -100, -405, -1, -26, 847, 49;
-7, 218, 13, -123, -398, 1, -29, 852, 52;
-10, 217, 12, -154, -398, -3, -41, 848, 46;
-13, 217, 11, -182, -395, -5, -50, 847, 44;
-14, 218, 11, -206, -386, -3, -54, 852, 46;
-12, 222, 15, -220, -369, 7, -47, 868, 59;
-16, 220, 12, -253, -368, 0, -63, 861, 50;
-18, 220, 11, -279, -362, -3, -73, 861, 46;
-20, 221, 11, -304, -354, -4, -80, 863, 45;
-20, 224, 13, -320, -337, 1, -78, 875, 52;
-20, 226, 14, -340, -323, 3, -81, 882, 55;
-21, 228, 14, -359, -309, 5, -83, 889, 58;
-24, 227, 13, -385, -302, 0, -95, 887, 51;
-22, 232, 16, -393, -277, 11, -86, 906, 65;
-24, 232, 15, -416, -267, 7, -95, 906, 60;
-25, 234, 16, -432, -251, 9, -98, 914, 62;
-27, 234, 15, -452, -239, 6, -106, 915, 58;
-28, 236, 14, -469, -225, 5, -111, 920, 57;
-28, 238, 15, -480, -205, 8, -111, 930, 61;
-34, 234, 10, -510, -205, -8, -135, 916, 40;
-34, 237, 11, -519, -184, -4, -133, 927, 45;
-34, 239, 12, -529, -166, -3, -135, 935, 46;
-37, 238, 9, -548, -156, -11, -147, 931, 36;
-36, 243, 11, -549, -130, -3, -140, 948, 46;
-38, 243, 10, -562, -117, -9, -149, 948, 39;
-36, 247, 12, -561, -90, -1, -140, 964, 49;
-36, 248, 12, -567, -72, -2, -143, 970, 48;
-34, 253, 14, -563, -45, 5, -134, 987, 57;
-39, 250, 9, -582, -42, -10, -155, 975, 38;
-33, 258, 16, -563, -2, 10, -129, 1008, 63;
-38, 255, 11, -579, 0, -5, -149, 995, 43;
-35, 259, 13, -569, 28, 2, -138, 1013, 54;
-36, 260, 12, -570, 44, 0, -142, 1016, 50;
-34, 264, 14, -560, 69, 5, -133, 1031, 58;
-37, 262, 10, -568, 76, -6, -147, 1022, 42;
-39, 262, 9, -567, 90, -11, -152, 1023, 36;
-34, 268, 13, -547, 121, 1, -135, 1046, 52;
-35, 268, 12, -542, 136, -2, -137, 1048, 48;
-30, 274, 16, -519, 167, 10, -118, 1072, 64;
-32, 273, 13, -518, 175, 1, -127, 1066, 52;
-34, 272, 10, -514, 184, -7, -135, 1062, 42;
-28, 279, 15, -484, 217, 9, -111, 1089, 62;
-28, 280, 15, -472, 232, 7, -110, 1092, 59;
-33, 275, 9, -475, 229, -11, -129, 1075, 36;
-28, 280, 13, -447, 256, 0, -111, 1095, 50;
-27, 281, 12, -431, 269, -1, -108, 1099, 49;
-24, 285, 14, -406, 290, 5, -96, 1112, 57;
-25, 284, 12, -393, 298, 0, -98, 1110, 50;
-26, 283, 10, -381, 303, -8, -103, 1105, 40;
-24, 285, 11, -357, 317, -6, -95, 1113, 43;
-18, 290, 15, -323, 342, 6, -73, 1133, 59;
-20, 288, 12, -310, 343, -3, -80, 1125, 47;
-18, 290, 12, -284, 355, 0, -71, 1132, 50;
-13, 293, 15, -252, 373, 8, -54, 1146, 61;
-14, 292, 13, -235, 374, 0, -57, 1140, 51;
-13, 292, 12, -212, 379, -1, -54, 1140, 49;
-7, 297, 16, -173, 399, 12, -30, 1159, 66;
-12, 291, 10, -168, 385, -8, -50, 1136, 40;
-8, 294, 12, -134, 398, 0, -33, 1148, 50;
-9, 291, 9, -117, 392, -9, -38, 1137, 38;
-1, 298, 16, -69, 417, 11, -5, 1166, 65;
-4, 294, 12, -55, 406, -1, -15, 1149, 48;
0, 296, 14, -23, 412, 3, -2, 1156, 54;
-3, 291, 9, -11, 398, -11, -14, 1138, 36;
0, 293, 10, 19, 401, -7, -2, 1143, 41;
0, 291, 9, 41, 396, -12, -1, 1137, 36;
5, 295, 13, 82, 407, 1, 22, 1153, 53;
8, 296, 15, 113, 408, 6, 34, 1157, 58;
5, 291, 10, 124, 388, -9, 21, 1136, 39;
11, 295, 14, 165, 398, 5, 46, 1153, 57;
11, 293, 13, 186, 387, 0, 46, 1144, 51;
16, 295, 15, 220, 389, 8, 63, 1153, 61;
18, 295, 16, 247, 384, 10, 72, 1152, 64;
19, 294, 16, 270, 375, 10, 77, 1148, 63;
14, 286, 9, 273, 345, -10, 57, 1119, 37;
19, 289, 12, 306, 345, -1, 75, 1127, 49;
22, 290, 14, 334, 340, 4, 88, 1131, 57;
18, 283, 9, 339, 311, -11, 72, 1105, 36;
27, 289, 16, 383, 322, 11, 106, 1130, 65;
25, 285, 13, 395, 301, 2, 100, 1114, 53;
27, 285, 14, 417, 290, 5, 108, 1112, 57;
28, 283, 13, 432, 273, 2, 109, 1103, 53;
25, 277, 10, 438, 247, -9, 99, 1084, 39;
27, 277, 10, 457, 234, -6, 106, 1081, 42;
27, 274, 9, 469, 214, -10, 106, 1071, 38;
31, 276, 12, 493, 207, 0, 121, 1076, 49;
34, 277, 15, 514, 198, 7, 134, 1080, 59;
30, 270, 10, 511, 166, -7, 119, 1055, 41;
30, 267, 9, 519, 146, -10, 118, 1045, 37;
31, 267, 10, 531, 130, -7, 124, 1042, 41;
32, 265, 11, 542, 114, -6, 128, 1037, 43;
37, 267, 14, 560, 106, 4, 144, 1044, 57;
36, 264, 13, 563, 85, 1, 142, 1033, 53;
35, 262, 12, 565, 63, 0, 139, 1022, 49;
36, 261, 13, 571, 46, 1, 143, 1018, 52;
40, 262, 16, 583, 37, 11, 156, 1023, 65;
33, 253, 9, 563, -3, -10, 130, 989, 38;
33, 251, 9, 563, -23, -10, 130, 982, 38;
36, 253, 13, 572, -31, 0, 142, 988, 51;
39, 254, 16, 579, -41, 10, 154, 993, 63;
36, 249, 13, 566, -69, 0, 141, 974, 51;
36, 248, 13, 562, -86, 2, 142, 969, 54;
37, 247, 14, 559, -102, 5, 144, 966, 58;
31, 241, 9, 535, -136, -10, 123, 940, 38;
34, 243, 13, 538, -142, 2, 136, 948, 53;
31, 239, 11, 520, -168, -5, 123, 932, 43;
36, 242, 16, 527, -168, 12, 143, 947, 65;
35, 240, 16, 512, -188, 9, 136, 937, 62;
34, 239, 16, 499, -203, 10, 134, 932, 63;
28, 232, 11, 469, -234, -4, 112, 908, 45;
27, 231, 11, 454, -250, -3, 109, 903, 46;
27, 230, 12, 440, -262, -1, 107, 900, 48;
26, 229, 12, 422, -278, -2, 102, 894, 48;
23, 226, 10, 397, -297, -7, 91, 882, 41;
24, 227, 13, 387, -302, 1, 97, 888, 52;
26, 228, 15, 374, -307, 8, 101, 893, 61;
21, 224, 12, 343, -329, -1, 83, 875, 49;
24, 227, 16, 333, -328, 10, 93, 886, 64;
21, 225, 15, 308, -340, 8, 85, 880, 62;
15, 220, 11, 271, -364, -5, 62, 859, 44;
12, 217, 9, 241, -378, -10, 49, 849, 37;
16, 222, 14, 233, -370, 5, 63, 866, 57;
13, 220, 13, 204, -381, 2, 53, 859, 53;
14, 222, 16, 186, -380, 9, 55, 866, 62;
6, 215, 10, 142, -404, -8, 26, 841, 39;
8, 219, 13, 128, -397, 2, 34, 854, 54;
8, 219, 15, 105, -397, 6, 32, 857, 59;
3, 215, 11, 67, -411, -4, 11, 842, 44;
3, 218, 13, 47, -406, 2, 14, 850, 53;
3, 220, 15, 26, -400, 8, 15, 858, 62;
-3, 213, 9, -19, -420, -10, -15, 833, 37;
0, 219, 14, -30, -403, 5, -1, 854, 58;
-2, 218, 14, -59, -403, 3, -11, 852, 55;
-4, 219, 14, -84, -399, 5, -15, 855, 57;
-3, 221, 16, -104, -389, 11, -14, 864, 65;
-5, 221, 16, -132, -387, 9, -23, 864, 63;
-8, 221, 15, -160, -383, 8, -31, 864, 61;
-8, 223, 16, -182, -374, 11, -34, 870, 65;
-15, 219, 11, -223, -382, -3, -59, 854, 46;
-18, 217, 10, -253, -380, -9, -72, 849, 39;
-16, 222, 13, -267, -360, 1, -65, 866, 52;
-15, 225, 15, -283, -343, 8, -61, 879, 61;
-16, 227, 16, -303, -330, 11, -63, 886, 65;
-20, 226, 14, -332, -327, 4, -78, 881, 56;
-26, 221, 9, -370, -331, -11, -104, 865, 36;
-22, 228, 14, -374, -302, 4, -88, 891, 57;
-25, 228, 12, -399, -294, 0, -100, 889, 50;
-30, 226, 9, -428, -291, -10, -117, 882, 37;
-26, 231, 14, -433, -263, 3, -104, 904, 54;
-25, 236, 16, -441, -239, 11, -98, 920, 65;
-33, 230, 9, -481, -247, -11, -131, 897, 36;
-31, 234, 12, -486, -221, -1, -122, 915, 48;
-27, 240, 16, -486, -191, 11, -109, 939, 65;
-35, 235, 10, -519, -194, -8, -137, 920, 40;
-31, 242, 15, -516, -161, 6, -121, 945, 59;
-35, 240, 11, -538, -155, -5, -138, 937, 44;
-34, 243, 12, -543, -133, -1, -136, 949, 49;
-37, 243, 10, -557, -121, -6, -145, 949, 42;
-37, 245, 11, -563, -101, -5, -146, 956, 43;
-37, 247, 11, -567, -80, -3, -145, 966, 46;
-34, 252, 14, -563, -52, 4, -135, 984, 56;
-33, 256, 16, -560, -28, 10, -128, 998, 64;
-36, 254, 12, -574, -20, 0, -143, 991, 49;
-38, 254, 10, -581, -7, -7, -151, 990, 41;
-36, 258, 13, -572, 19, 0, -142, 1007, 51;
-33, 263, 16, -561, 48, 9, -129, 1026, 63;
-37, 260, 12, -571, 54, -3, -145, 1017, 47;
-34, 265, 14, -558, 82, 5, -133, 1035, 57;
-33, 267, 14, -552, 101, 5, -131, 1042, 57;
-33, 268, 14, -547, 118, 3, -132, 1047, 55;
-34, 269, 13, -540, 134, 1, -132, 1051, 53;
-34, 269, 12, -536, 148, -2, -136, 1052, 47;
-34, 270, 11, -528, 163, -5, -136, 1056, 44;
-35, 270, 9, -521, 175, -10, -139, 1056, 38;
-32, 275, 12, -500, 200, -2, -126, 1073, 48;
-32, 275, 11, -490, 213, -5, -127, 1074, 43;
-29, 278, 13, -469, 235, 0, -116, 1087, 50;
-30, 278, 11, -458, 246, -4, -118, 1087, 45;
-24, 285, 16, -426, 276, 10, -95, 1112, 63;
-25, 284, 14, -413, 284, 4, -98, 1110, 56;
-25, 284, 13, -399, 294, 0, -99, 1110, 51;
-22, 287, 14, -375, 311, 4, -89, 1119, 56;
-25, 284, 10, -366, 312, -7, -98, 1109, 41;
-20, 288, 13, -335, 333, 2, -81, 1126, 53;
-18, 290, 14, -309, 348, 5, -71, 1134, 57;
-20, 288, 11, -298, 346, -6, -80, 1123, 43;
-18, 289, 11, -272, 358, -3, -71, 1130, 46;
-18, 289, 10, -252, 362, -8, -71, 1127, 40;
-14, 291, 12, -221, 376, -2, -57, 1138, 48;
-12, 293, 13, -193, 386, 0, -47, 1144, 51;
-10, 294, 13, -166, 393, 2, -39, 1148, 53;
-6, 296, 15, -135, 404, 7, -26, 1157, 60;
-6, 295, 13, -114, 402, 1, -27, 1151, 52;
-3, 297, 15, -83, 411, 6, -14, 1159, 59;
-2, 296, 14, -58, 412, 4, -9, 1158, 57;
-2, 295, 13, -36, 408, 0, -9, 1152, 50;
-3, 292, 10, -17, 400, -8, -13, 1141, 39;
5, 299, 16, 30, 421, 12, 19, 1167, 66;
5, 297, 15, 52, 415, 7, 20, 1161, 59;
1, 291, 9, 60, 395, -10, 4, 1138, 37;
9, 298, 16, 109, 414, 11, 38, 1164, 64;
4, 291, 9, 115, 390, -9, 18, 1136, 38;
6, 290, 9, 140, 384, -10, 24, 1134, 37;
8, 291, 10, 168, 381, -8, 33, 1135, 40;
10, 291, 11, 196, 376, -6, 42, 1135, 43;
15, 293, 13, 230, 378, 2, 60, 1143, 54;
19, 294, 16, 262, 377, 9, 75, 1149, 63;
17, 290, 13, 276, 359, 0, 68, 1133, 50;
22, 293, 16, 310, 360, 10, 88, 1143, 64;
20, 289, 13, 323, 340, 1, 81, 1127, 52;
22, 288, 13, 346, 329, 1, 87, 1124, 52;
25, 289, 15, 373, 324, 8, 101, 1128, 61;
28, 288, 16, 397, 314, 10, 109, 1126, 64;
24, 282, 11, 401, 285, -4, 95, 1103, 45;
25, 281, 11, 418, 270, -5, 98, 1096, 44;
29, 282, 14, 447, 266, 4, 116, 1103, 57;
25, 276, 9, 447, 234, -11, 99, 1077, 36;
30, 279, 13, 476, 232, 2, 120, 1088, 53;
29, 275, 11, 484, 209, -4, 116, 1074, 45;
33, 277, 14, 508, 203, 5, 131, 1080, 57;
30, 270, 10, 506, 171, -8, 117, 1056, 39;
33, 271, 12, 526, 162, 0, 130, 1060, 50;
38, 274, 16, 548, 157, 12, 148, 1069, 66;
37, 270, 15, 553, 134, 7, 145, 1056, 60;
38, 270, 16, 564, 119, 10, 151, 1054, 64;
37, 266, 14, 564, 94, 5, 145, 1039, 57;
33, 260, 10, 557, 62, -7, 130, 1016, 41;
36, 261, 13, 571, 53, 1, 144, 1021, 53;
33, 256, 9, 562, 22, -9, 129, 999, 38;
37, 258, 13, 575, 14, 1, 144, 1007, 53;
39, 258, 16, 583, 3, 9, 154, 1009, 62;
39, 256, 15, 581, -16, 8, 153, 1001, 62;
38, 254, 15, 577, -37, 7, 150, 992, 59;
36, 251, 13, 569, -61, 2, 143, 979, 53;
38, 251, 16, 571, -73, 9, 151, 980, 62;
35, 246, 13, 555, -101, 0, 138, 962, 51;
36, 246, 15, 554, -114, 6, 144, 962, 58;
37, 245, 15, 548, -130, 8, 144, 958, 61;
30, 238, 9, 520, -166, -9, 119, 929, 38;
34, 241, 14, 524, -168, 5, 136, 941, 57;
29, 234, 9, 496, -202, -10, 113, 915, 38;
30, 235, 12, 491, -210, -1, 120, 919, 48;
31, 235, 13, 481, -223, 1, 121, 918, 52;
29, 232, 12, 462, -242, -1, 113, 907, 48;
27, 230, 11, 444, -259, -3, 106, 899, 46;
27, 230, 13, 431, -269, 1, 108, 900, 52;
24, 227, 11, 405, -291, -6, 94, 885, 42;
22, 225, 10, 384, -306, -8, 87, 878, 40;
27, 230, 16, 384, -300, 11, 106, 897, 65;
21, 224, 12, 349, -325, -1, 85, 876, 48;
23, 227, 15, 338, -326, 8, 92, 885, 61;
20, 224, 13, 309, -343, 2, 79, 873, 53;
20, 224, 15, 291, -349, 6, 79, 875, 59;
13, 218, 9, 249, -375, -10, 51, 850, 37;
15, 221, 13, 237, -372, 1, 60, 862, 52;
12, 219, 12, 208, -383, -2, 49, 854, 47;
12, 219, 13, 187, -386, 1, 47, 857, 52;
10, 219, 13, 161, -391, 1, 42, 855, 53;
9, 218, 13, 135, -396, 2, 35, 853, 53;
9, 220, 15, 115, -394, 8, 37, 860, 61;
6, 218, 14, 84, -401, 3, 24, 853, 55;
0, 214, 9, 43, -418, -10, 0, 834, 38;
1, 216, 12, 24, -411, -2, 3, 844, 48;
3, 220, 16, 11, -398, 11, 14, 861, 65;
-1, 217, 12, -27, -410, 0, -7, 846, 50;
-3, 217, 13, -54, -408, 0, -13, 847, 50;
-1, 221, 16, -68, -393, 12, -5, 863, 65;
-8, 216, 11, -112, -407, -5, -33, 843, 44;
-10, 216, 10, -140, -405, -6, -41, 843, 42;
-12, 215, 10, -168, -402, -8, -50, 842, 40;
-11, 219, 13, -184, -386, 1, -44, 857, 52;
-11, 222, 15, -204, -374, 6, -44, 865, 59;
-11, 224, 16, -224, -361, 11, -44, 875, 65;
-17, 220, 12, -263, -368, -3, -68, 859, 46;
-14, 225, 16, -273, -345, 10, -57, 880, 64;
-22, 220, 10, -315, -354, -8, -86, 860, 40;
-22, 223, 11, -333, -339, -3, -86, 870, 46;
-20, 227, 14, -346, -318, 5, -80, 885, 57;
-23, 227, 13, -370, -309, 2, -89, 886, 53;
-28, 224, 9, -404, -310, -11, -112, 873, 36;
-25, 229, 13, -410, -283, 1, -100, 895, 52;
-28, 229, 12, -433, -273, -2, -110, 895, 47;
-26, 233, 14, -442, -250, 5, -104, 911, 57;
-32, 230, 10, -473, -250, -9, -127, 898, 39;
-32, 233, 11, -484, -229, -4, -125, 910, 44;
-32, 235, 11, -498, -212, -4, -128, 916, 45;
-32, 238, 13, -506, -191, 0, -125, 929, 51;
-32, 240, 13, -517, -172, 1, -127, 936, 52;
-31, 243, 15, -522, -148, 7, -121, 951, 60;
-37, 239, 9, -550, -149, -10, -147, 934, 37;
-38, 241, 9, -560, -132, -11, -150, 940, 36;
-34, 247, 14, -552, -98, 3, -133, 966, 55;
-38, 245, 10, -570, -91, -8, -150, 958, 40;
-36, 250, 12, -567, -64, 0, -141, 975, 50;
-39, 248, 9, -580, -55, -10, -154, 970, 37;
-32, 257, 16, -560, -13, 12, -127, 1005, 66;
-34, 257, 14, -567, 0, 5, -135, 1004, 58;
-37, 256, 12, -576, 10, -2, -145, 1001, 47;
-32, 263, 16, -560, 43, 11, -127, 1026, 65;
-35, 262, 13, -567, 53, 2, -138, 1021, 53;
-39, 259, 9, -577, 58, -12, -155, 1011, 35;
-37, 263, 11, -564, 84, -4, -144, 1027, 45;
-33, 268, 15, -547, 114, 6, -129, 1048, 58;
-34, 268, 13, -545, 127, 0, -134, 1047, 51;
-34, 269, 12, -538, 143, -1, -135, 1052, 49;
-36, 268, 10, -535, 153, -9, -142, 1049, 39;
-29, 277, 16, -503, 191, 11, -113, 1081, 65;
-31, 275, 13, -501, 198, 1, -123, 1075, 52;
-30, 277, 13, -487, 216, 2, -119, 1082, 53;
-30, 278, 13, -474, 230, 0, -118, 1085, 50;
-28, 280, 13, -457, 247, 1, -112, 1093, 53;
-31, 277, 9, -453, 249, -11, -124, 1082, 36;
-30, 279, 10, -433, 266, -9, -117, 1091, 39;
-28, 281, 10, -412, 282, -7, -109, 1099, 41;
-23, 286, 14, -382, 306, 3, -91, 1117, 55;
-19, 290, 16, -355, 326, 10, -77, 1131, 64;
-23, 285, 11, -350, 321, -5, -93, 1114, 43;
-22, 286, 10, -329, 331, -6, -88, 1117, 42;
-21, 287, 10, -308, 341, -8, -84, 1120, 40;
-14, 293, 16, -266, 369, 9, -56, 1146, 63;
-16, 291, 12, -253, 366, -1, -64, 1135, 49;
-13, 293, 14, -223, 380, 4, -50, 1146, 56;
-12, 293, 13, -200, 385, 2, -47, 1145, 53;
-9, 295, 14, -171, 395, 5, -37, 1152, 58;
-6, 297, 15, -142, 404, 8, -26, 1158, 61;
-5, 297, 15, -117, 407, 7, -21, 1158, 60;
-9, 291, 9, -109, 393, -10, -37, 1137, 37;
-1, 298, 15, -62, 415, 9, -6, 1162, 62;
-1, 297, 14, -40, 413, 4, -5, 1158, 57;
0, 296, 13, -15, 412, 2, 0, 1156, 54;
2, 297, 14, 14, 415, 5, 8, 1159, 57;
4, 297, 14, 42, 415, 6, 16, 1160, 58;
1, 292, 10, 55, 399, -7, 6, 1142, 41;
8, 298, 16, 99, 414, 9, 34, 1162, 62;
3, 291, 9, 105, 390, -10, 15, 1136, 37;
8, 293, 12, 140, 394, -2, 32, 1145, 47;
9, 292, 11, 163, 386, -4, 35, 1139, 44;
14, 295, 15, 201, 392, 6, 56, 1152, 59;
12, 290, 11, 213, 372, -5, 47, 1133, 43;
12, 288, 10, 234, 361, -9, 48, 1126, 39;
16, 290, 12, 267, 361, 0, 65, 1134, 50;
21, 293, 16, 301, 362, 9, 84, 1143, 63;
23, 292, 16, 326, 354, 11, 93, 1142, 65;
24, 291, 16, 347, 342, 10, 96, 1136, 63;
22, 287, 13, 359, 320, 0, 89, 1119, 51;
26, 287, 14, 385, 313, 5, 101, 1122, 58;
23, 282, 11, 393, 288, -5, 92, 1102, 43;
27, 284, 14, 421, 283, 3, 108, 1108, 54;
24, 278, 9, 425, 255, -10, 95, 1086, 37;
27, 279, 11, 449, 246, -4, 107, 1088, 45;
33, 282, 16, 479, 245, 10, 129, 1100, 63;
30, 277, 13, 484, 219, 0, 120, 1082, 51;
34, 278, 15, 505, 210, 7, 133, 1084, 60;
34, 275, 14, 516, 191, 5, 133, 1075, 57;
31, 270, 10, 516, 161, -6, 121, 1054, 42;
32, 269, 11, 529, 146, -4, 127, 1050, 45;
34, 269, 13, 543, 133, 0, 135, 1050, 51;
38, 270, 16, 562, 125, 11, 150, 1056, 64;
39, 269, 16, 569, 106, 11, 152, 1049, 64;
39, 267, 16, 574, 88, 11, 154, 1042, 64;
33, 258, 10, 558, 48, -9, 129, 1009, 39;
39, 263, 16, 580, 47, 9, 153, 1026, 62;
36, 258, 12, 572, 18, 0, 141, 1006, 50;
39, 259, 16, 584, 10, 10, 155, 1012, 63;
38, 256, 15, 579, -12, 6, 150, 1000, 58;
34, 250, 11, 565, -44, -5, 134, 978, 43;
39, 254, 16, 579, -45, 11, 155, 993, 65;
39, 252, 16, 574, -66, 10, 153, 984, 63;
37, 249, 15, 565, -88, 7, 147, 973, 59;
31, 241, 9, 539, -125, -11, 122, 943, 36;
35, 244, 13, 544, -131, 1, 137, 952, 53;
32, 240, 11, 527, -156, -6, 125, 936, 43;
30, 237, 10, 514, -177, -8, 119, 926, 40;
32, 238, 12, 510, -186, 0, 126, 929, 49;
33, 238, 14, 504, -197, 5, 131, 931, 58;
33, 238, 16, 494, -209, 9, 132, 930, 63;
31, 235, 14, 473, -231, 4, 122, 917, 56;
30, 233, 14, 457, -247, 3, 117, 911, 55;
26, 229, 11, 432, -269, -3, 104, 896, 46;
29, 232, 15, 426, -272, 7, 113, 905, 60;
26, 229, 14, 402, -290, 3, 103, 894, 55;
20, 223, 9, 368, -318, -10, 81, 872, 37;
21, 224, 11, 354, -324, -4, 83, 874, 45;
24, 227, 16, 346, -322, 9, 95, 888, 62;
20, 224, 13, 316, -341, 1, 80, 873, 52;
19, 223, 13, 294, -350, 2, 75, 871, 53;
17, 221, 13, 268, -361, 0, 67, 865, 51;
13, 218, 10, 236, -378, -7, 51, 852, 41;
16, 222, 15, 227, -370, 7, 64, 868, 60;
13, 220, 14, 198, -381, 4, 53, 861, 56;
7, 215, 9, 157, -402, -10, 28, 840, 37;
8, 218, 12, 141, -398, -1, 33, 850, 49;
11, 221, 16, 128, -389, 11, 43, 865, 65;
3, 215, 11, 83, -410, -6, 14, 841, 43;
4, 217, 13, 63, -407, 0, 15, 848, 51;
5, 220, 16, 46, -398, 10, 22, 860, 64;
0, 216, 12, 7, -410, -1, 0, 845, 49;
0, 218, 14, -14, -406, 3, 0, 851, 55;
-3, 216, 12, -46, -410, -1, -13, 845, 49;
-3, 218, 13, -69, -404, 2, -14, 851, 54;
-9, 214, 10, -107, -412, -9, -35, 838, 39;
-9, 216, 11, -129, -404, -4, -36, 845, 45;
-9, 218, 12, -152, -396, 0, -38, 851, 50;
-9, 221, 15, -170, -382, 7, -35, 863, 59;
-9, 222, 16, -192, -373, 10, -37, 869, 63;
-15, 219, 12, -231, -379, -3, -60, 855, 47;
-19, 218, 9, -262, -377, -9, -74, 850, 38;
-19, 220, 11, -280, -363, -4, -74, 860, 45;
-19, 222, 12, -301, -351, -1, -76, 867, 48;
-24, 220, 9, -334, -351, -12, -95, 858, 35;
-24, 222, 10, -351, -334, -7, -94, 868, 42;
-23, 225, 12, -367, -317, -1, -92, 880, 49;
-26, 225, 11, -390, -307, -4, -101, 881, 45;
-25, 229, 13, -403, -287, 2, -97, 895, 54;
-28, 228, 11, -428, -279, -3, -110, 892, 46;
-30, 228, 10, -450, -269, -8, -120, 891, 40;
-27, 234, 14, -454, -241, 4, -109, 913, 56;
-33, 231, 9, -484, -240, -9, -130, 901, 38;
-34, 232, 9, -499, -223, -9, -133, 907, 38;
-34, 235, 11, -508, -203, -6, -132, 918, 43;
-31, 240, 14, -511, -176, 3, -123, 937, 55;
-33, 241, 13, -525, -161, 1, -129, 941, 52;
-32, 244, 14, -532, -140, 4, -127, 951, 56;
-33, 245, 14, -541, -122, 3, -130, 957, 55;
-34, 246, 13, -552, -106, 1, -136, 961, 52;
-37, 246, 11, -564, -94, -4, -145, 960, 45;
-39, 246, 9, -575, -80, -10, -153, 960, 37;
-39, 247, 9, -580, -62, -11, -155, 966, 36;
-33, 256, 16, -561, -21, 10, -129, 1000, 63;
-39, 252, 9, -583, -22, -9, -154, 983, 38;
-38, 255, 11, -578, 1, -5, -149, 995, 44;
-39, 256, 10, -580, 17, -8, -152, 999, 40;
-37, 260, 12, -572, 42, -1, -144, 1014, 48;
-35, 263, 13, -564, 65, 1, -138, 1026, 53;
-32, 268, 16, -549, 95, 11, -124, 1045, 65;
-33, 268, 14, -549, 107, 6, -130, 1045, 58;
-32, 270, 15, -539, 129, 8, -125, 1055, 61;
-31, 272, 16, -529, 149, 10, -121, 1064, 63;
-34, 270, 11, -533, 153, -3, -136, 1054, 46;
-35, 270, 10, -526, 167, -6, -137, 1056, 42;
-36, 270, 9, -519, 179, -12, -141, 1056, 35;
-29, 278, 15, -486, 215, 6, -114, 1086, 59;
-28, 279, 14, -474, 230, 5, -112, 1090, 57;
-29, 279, 12, -464, 240, 0, -115, 1089, 50;
-25, 283, 15, -438, 265, 8, -100, 1106, 62;
-30, 279, 10, -439, 262, -8, -118, 1090, 40;
-26, 283, 12, -412, 284, 0, -103, 1105, 50;
-27, 282, 10, -400, 291, -7, -106, 1102, 41;
-20, 289, 16, -361, 322, 11, -78, 1130, 64;
-20, 289, 15, -344, 331, 7, -78, 1129, 59;
-24, 285, 9, -340, 324, -10, -95, 1112, 37;
-21, 287, 10, -314, 338, -7, -85, 1120, 41;
-16, 291, 14, -279, 360, 4, -65, 1138, 56;
-15, 292, 13, -257, 367, 2, -61, 1139, 54;
-17, 290, 11, -242, 367, -6, -66, 1131, 42;
-13, 292, 12, -212, 380, -1, -53, 1140, 49;
-10, 294, 14, -182, 390, 3, -42, 1148, 54;
-13, 290, 9, -170, 383, -10, -52, 1134, 38;
-6, 296, 15, -126, 406, 7, -23, 1158, 60;
-3, 298, 16, -96, 413, 10, -13, 1163, 64;
-4, 295, 13, -78, 407, 1, -17, 1153, 53;
-4, 294, 11, -57, 404, -3, -18, 1147, 46;
1, 298, 16, -17, 418, 9, 5, 1164, 62;
18, 22, 6, 2642, 5279, 2931, 72, 88, 24;
15, 30, 5, 3563, 5217, 1677, 59, 117, 20;
20, 7, 3, 2022, 2083, 2924, 79, 31, 13;
2, 1, 6, 2620, 3938, 1569, 10, 7, 25;
6, 27, 2, 1830, 2722, 2452, 23, 106, 10;
5, 6, 4, 1942, 2255, 1010, 23, 26, 16;
19, 21, 5, 3176, 4762, 1356, 74, 83, 21;
7, 1, 5, 1518, 5255, 1772, 28, 7, 20;
18, 16, 9, 2795, 2770, 2322, 72, 63, 36;
13, 7, 1, 3836, 2348, 2113, 52, 31, 4;
14, 12, 8, 4107, 4234, 2671, 58, 47, 34;
17, 23, 6, 4271, 3053, 1369, 70, 91, 23;
14, 11, 9, 2295, 4231, 2667, 55, 44, 36;
9, 3, 9, 3089, 5098, 2501, 38, 13, 38;
19, 4, 5, 3219, 5152, 2687, 77, 17, 22;
12, 6, 11, 2954, 3185, 1199, 49, 24, 45;
14, 3, 12, 3717, 3447, 1766, 56, 14, 48;
5, 29, 1, 2698, 2824, 2056, 22, 116, 7;
14, 23, 1, 2192, 2994, 2662, 57, 93, 6;
20, 29, 2, 2906, 4176, 2824, 79, 114, 10;
2, 4, 7, 2817, 3968, 2501, 10, 19, 27;
2, 7, 1, 4388, 2698, 1748, 9, 29, 5;
11, 18, 3, 3180, 5230, 2603, 44, 73, 15;
8, 6, 11, 4261, 5024, 2917, 31, 24, 43;
0, 22, 12, 1827, 4001, 2148, 3, 89, 47;
2, 12, 7, 4192, 3085, 2024, 10, 49, 29;
5, 19, 10, 2673, 2660, 1236, 22, 75, 41;
4, 23, 10, 3769, 4491, 2534, 18, 91, 40;
18, 20, 10, 2130, 3619, 1161, 71, 79, 42;
16, 0, 8, 3077, 4278, 1541, 62, 1, 32;
5, 22, 12, 2228, 5156, 1401, 21, 88, 47;
13, 7, 9, 3031, 4961, 1727, 51, 31, 36;
19, 2, 10, 3877, 2628, 2138, 76, 11, 42;
14, 30, 1, 1979, 2631, 1164, 56, 118, 6;
1, 2, 3, 2575, 2592, 2393, 5, 9, 14;
10, 21, 6, 1950, 4137, 1431, 40, 84, 25;
16, 12, 5, 1548, 4263, 1360, 65, 50, 20;
8, 4, 9, 1486, 5316, 1066, 34, 16, 38;
6, 0, 11, 2713, 3128, 2778, 24, 0, 45;
3, 7, 7, 3873, 4770, 2868, 13, 27, 30;
12, 27, 3, 2218, 3964, 1308, 49, 106, 13;
6, 14, 2, 4038, 3594, 1248, 27, 58, 11;
20, 20, 1, 1929, 5388, 1814, 80, 79, 5;
14, 22, 5, 3179, 5087, 1343, 56, 88, 21;
9, 22, 5, 2356, 3689, 2509, 35, 88, 20;
4, 26, 0, 4119, 3936, 2849, 19, 104, 1;
0, 30, 2, 1576, 3254, 2682, 0, 120, 9;
16, 11, 10, 2232, 4722, 1818, 65, 44, 39;
11, 11, 5, 2288, 4460, 1810, 44, 43, 23;
1, 10, 3, 1684, 3430, 1426, 5, 39, 14;
10, 15, 12, 3178, 1806, 1383, 41, 61, 49;
3, 3, 1, 4159, 4073, 2909, 12, 15, 5;
19, 8, 13, 2969, 4323, 2828, 75, 33, 50;
15, 22, 0, 3353, 2023, 1235, 59, 86, 2;
5, 13, 5, 4089, 4094, 1983, 20, 52, 21;
5, 8, 0, 3263, 2848, 1367, 20, 34, 0;
12, 25, 11, 4157, 3190, 1976, 49, 100, 46;
14, 22, 1, 2594, 1995, 1898, 54, 85, 6;
6, 28, 2, 2286, 3166, 2929, 26, 112, 9;
11, 27, 12, 3666, 5049, 1761, 45, 108, 49;
17, 11, 5, 2904, 3383, 2269, 68, 43, 22;
2, 17, 10, 2556, 4702, 1931, 9, 70, 40;
3, 0, 0, 1832, 4059, 1504, 12, 3, 2;
11, 16, 9, 2824, 3013, 2671, 44, 64, 35;
20, 23, 10, 1740, 4733, 1848, 81, 91, 41;
11, 2, 9, 3038, 3684, 2514, 44, 10, 38;
6, 19, 7, 2768, 2907, 2470, 26, 76, 27;
5, 23, 10, 2517, 5000, 2854, 19, 91, 41;
1, 12, 4, 1515, 2927, 2901, 7, 50, 16;
2, 27, 4, 2131, 1965, 1023, 10, 108, 18;
18, 16, 5, 2759, 2714, 1959, 73, 64, 19;
2, 11, 0, 4388, 3402, 2551, 10, 45, 1;
19, 23, 5, 3089, 2066, 1868, 77, 90, 19;
20, 18, 2, 1962, 2124, 2486, 80, 71, 9;
18, 30, 5, 1478, 3047, 1758, 71, 120, 21;
1, 14, 5, 4171, 2312, 2283, 3, 55, 20;
3, 27, 1, 1904, 1828, 1651, 13, 107, 7;
1, 5, 10, 3203, 4454, 2711, 5, 23, 41;
16, 7, 11, 4186, 5170, 2812, 62, 29, 46;
20, 2, 2, 3783, 2061, 1549, 79, 10, 10;
613, 1030, 436, 5221, 4565, 3090, 2392, 4020, 1703;
748, 932, 447, 5046, 4416, 2999, 2919, 3637, 1743;
566, 876, 352, 4847, 4242, 2880, 2210, 3419, 1375;
551, 775, 437, 4669, 4087, 2778, 2149, 3024, 1707;
636, 687, 340, 4449, 3890, 2633, 2481, 2679, 1326;
551, 674, 314, 4289, 3752, 2544, 2150, 2630, 1228;
515, 753, 389, 4115, 3599, 2439, 2010, 2937, 1519;
479, 639, 319, 3967, 3472, 2356, 1871, 2493, 1247;
549, 648, 354, 3799, 3323, 2252, 2141, 2528, 1384;
420, 633, 350, 3644, 3186, 2157, 1640, 2469, 1366;
411, 632, 307, 3526, 3086, 2097, 1603, 2465, 1199;
478, 712, 250, 3389, 2967, 2017, 1865, 2779, 977;
419, 562, 300, 3235, 2829, 1916, 1637, 2195, 1170;
358, 633, 284, 3137, 2748, 1870, 1396, 2469, 1109;
440, 576, 266, 2988, 2613, 1770, 1718, 2249, 1038;
430, 617, 250, 2882, 2522, 1712, 1679, 2409, 977;
360, 650, 262, 2781, 2435, 1657, 1405, 2536, 1023;
373, 600, 267, 2678, 2346, 1598, 1455, 2341, 1042;
384, 546, 198, 2571, 2252, 1534, 1498, 2130, 774;
332, 579, 223, 2438, 2131, 1441, 1295, 2258, 871;
317, 508, 164, 2342, 2047, 1384, 1238, 1981, 640;
322, 527, 160, 2242, 1959, 1322, 1256, 2058, 624;
254, 574, 182, 2185, 1913, 1301, 991, 2239, 713;
278, 457, 168, 2072, 1811, 1223, 1087, 1785, 657;
231, 480, 192, 2017, 1766, 1201, 901, 1872, 750;
235, 483, 165, 1942, 1701, 1158, 918, 1886, 644;
255, 479, 137, 1840, 1608, 1087, 995, 1868, 536;
255, 482, 134, 1805, 1582, 1081, 998, 1882, 523;
241, 426, 118, 1691, 1477, 996, 943, 1664, 462;
232, 441, 150, 1635, 1430, 967, 908, 1722, 586;
227, 444, 135, 1587, 1390, 945, 889, 1735, 527;
191, 455, 104, 1502, 1312, 885, 747, 1776, 406;
195, 421, 102, 1439, 1256, 846, 763, 1643, 398;
199, 402, 135, 1377, 1201, 807, 779, 1570, 527;
200, 409, 112, 1351, 1183, 804, 783, 1598, 438;
171, 385, 118, 1278, 1116, 752, 667, 1504, 463;
154, 428, 116, 1223, 1067, 718, 600, 1671, 452;
133, 380, 113, 1192, 1043, 707, 522, 1485, 441;
156, 384, 90, 1169, 1025, 703, 611, 1501, 353;
154, 404, 103, 1106, 969, 658, 602, 1576, 403;
149, 358, 88, 1046, 914, 616, 583, 1399, 346;
138, 370, 98, 1039, 912, 626, 541, 1444, 384;
126, 379, 78, 985, 863, 588, 493, 1481, 306;
125, 354, 85, 946, 829, 565, 488, 1383, 332;
123, 385, 74, 919, 807, 553, 482, 1501, 288;
104, 378, 62, 880, 771, 527, 408, 1474, 244;
121, 350, 71, 825, 721, 487, 474, 1367, 278;
107, 354, 79, 815, 715, 489, 418, 1384, 310;
100, 353, 66, 764, 668, 451, 392, 1377, 257;
99, 342, 64, 761, 669, 461, 387, 1334, 249;
109, 335, 66, 729, 640, 440, 425, 1308, 257;
92, 324, 53, 671, 585, 394, 361, 1265, 208;
70, 317, 55, 631, 549, 365, 275, 1236, 217;
75, 341, 51, 636, 558, 381, 292, 1330, 201;
87, 331, 57, 620, 544, 374, 340, 1292, 225;
83, 309, 54, 562, 489, 326, 325, 1208, 214;
67, 310, 39, 552, 482, 325, 261, 1212, 155;
76, 331, 47, 540, 473, 322, 298, 1290, 183;
67, 327, 50, 523, 459, 314, 262, 1277, 196;
58, 319, 46, 511, 449, 310, 227, 1245, 180;
58, 319, 39, 486, 426, 292, 228, 1247, 153;
60, 310, 41, 473, 416, 287, 237, 1210, 163;
62, 313, 35, 438, 383, 259, 242, 1223, 138;
45, 303, 36, 405, 352, 234, 179, 1184, 144;
55, 313, 38, 424, 373, 259, 217, 1222, 150;
56, 306, 28, 395, 346, 237, 221, 1195, 109;
51, 295, 28, 355, 309, 203, 199, 1150, 111;
39, 293, 26, 348, 304, 202, 152, 1145, 104;
40, 288, 24, 335, 291, 194, 157, 1124, 95;
36, 286, 25, 329, 287, 194, 143, 1117, 98;
41, 287, 30, 330, 290, 200, 162, 1120, 118;
32, 284, 26, 283, 244, 158, 125, 1107, 102;
39, 287, 29, 313, 276, 193, 154, 1122, 114;
30, 295, 22, 266, 230, 151, 118, 1153, 87;
38, 292, 18, 270, 236, 159, 149, 1139, 73;
41, 298, 22, 281, 248, 175, 160, 1164, 88;
31, 288, 17, 238, 206, 136, 123, 1125, 69;
35, 293, 23, 261, 231, 163, 136, 1145, 89;
30, 277, 18, 216, 187, 122, 117, 1082, 71;
28, 281, 23, 239, 211, 148, 111, 1097, 90;
1, 256, 0, -1, -1, -1, 4, 998, 2;
1, 256, 0, 0, 0, 0, 4, 999, 2;
1, 256, 1, 1, 1, 1, 5, 1000, 3;
1, 256, 0, 0, 0, 0, 5, 1000, 3;
1, 256, 0, 0, 0, 0, 5, 1000, 3;
1, 256, 0, 0, 0, 0, 5, 1000, 3;
1, 256, 0, -1, -1, -1, 4, 999, 2;
1, 256, 1, 1, 1, 1, 6, 1001, 4;
1, 256, 0, 0, 0, 0, 4, 999, 2;
1, 256, 0, 0, 0, 0, 5, 1000, 3;
1, 256, 0, -1, -1, -1, 3, 998, 1;
1, 256, 0, 0, 0, 0, 5, 1000, 3;
1, 256, 0, 0, 0, 0, 4, 999, 2;
1, 256, 0, 0, 0, 0, 4, 999, 2;
1, 256, 0, 0, 0, 0, 4, 999, 2;
1, 256, 0, 0, 0, 0, 5, 1000, 3;
1, 256, 0, -1, -1, -1, 4, 999, 2;
1, 256, 1, 1, 1, 1, 6, 1000, 3;
1, 256, 0, 0, 0, 0, 5, 1000, 3;
1, 256, 0, 0, 0, 0, 4, 999, 2;
1, 256, 0, 0, 0, 0, 4, 999, 2;
1, 256, 0, 0, 0, 0, 5, 1000, 3;
1, 256, 0, -1, -1, -1, 3, 998, 1;
1, 256, 0, 1, 1, 1, 5, 1000, 3;
1, 256, 0, 0, 0, 0, 5, 1000, 3;
1, 256, 0, 0, 0, 0, 5, 1000, 3;
1, 256, 0, 0, 0, 0, 4, 999, 2;
1, 256, 1, 1, 1, 1, 6, 1001, 4;
1, 256, 0, -1, -1, -1, 4, 998, 1;
1, 256, 0, 0, 0, 0, 5, 1000, 3;
1, 256, 0, 0, 0, 0, 4, 999, 2;
1, 256, 0, 0, 0, 0, 5, 1000, 3;
1, 256, 0, 0, 0, 0, 4, 999, 2;
1, 256, 0, -1, -1, -1, 3, 998, 1;
1, 256, 0, 1, 1, 1, 5, 1000, 3;
1, 256, 1, 1, 1, 1, 6, 1001, 4;
1, 256, 1, 1, 1, 1, 6, 1001, 4;
1, 256, 0, 0, 0, 0, 4, 999, 2;
1, 256, 0, 0, 0, 0, 5, 1000, 3;
1, 256, 0, -1, -1, -1, 4, 999, 2;
1, 256, 0, 0, 0, 0, 5, 1000, 3;
1, 256, 0, 1, 1, 1, 5, 1000, 3;
1, 256, 1, 1, 1, 1, 6, 1001, 4;
1, 256, 0, 0, 0, 0, 4, 999, 2;
1, 256, 0, -1, -1, -1, 4, 999, 2;
1, 256, 1, 1, 1, 1, 5, 1000, 3;
1, 256, 0, 1, 1, 1, 5, 1000, 3;
1, 256, 0, 1, 1, 1, 5, 1000, 3;
1, 256, 0, -1, -1, -1, 4, 999, 2;
1, 256, 0, 1, 1, 1, 5, 1000, 3;
1, 256, 1, 1, 1, 1, 6, 1001, 4;
1, 256, 0, 0, 0, 0, 5, 1000, 3;
1, 256, 1, 1, 1, 1, 6, 1001, 4;
1, 256, 0, 0, 0, 0, 5, 1000, 3;
1, 256, 0, -1, -1, -1, 3, 998, 1;
1, 256, 1, 1, 1, 1, 5, 1000, 3;
1, 256, 0, 1, 1, 1, 5, 1000, 3;
1, 256, 0, -1, -1, -1, 4, 999, 2;
1, 256, 0, -1, -1, -1, 4, 999, 2;
1, 256, 0, 1, 1, 1, 5, 1000, 3;
1, 256, 0, 0, 0, 0, 4, 999, 2;
1, 256, 0, 0, 0, 0, 5, 1000, 3;
1, 256, 0, 0, 0, 0, 5, 1000, 3;
1, 256, 1, 1, 1, 1, 6, 1000, 4;
1, 256, 0, 1, 1, 1, 5, 1000, 3;
1, 256, 0, 0, 0, 0, 4, 999, 2;
1, 256, 0, -1, -1, -1, 3, 998, 1;
1, 256, 0, 0, 0, 0, 4, 999, 2;
1, 256, 0, 0, 0, 0, 4, 999, 2;
1, 256, 0, 0, 0, 0, 5, 1000, 3;
1, 256, 0, 0, 0, 0, 5, 1000, 3;
1, 256, 0, 0, 0, 0, 4, 999, 2;
1, 256, 0, -1, -1, -1, 3, 998, 1;
1, 256, 0, 0, 0, 0, 4, 999, 2;
1, 256, 0, -1, -1, -1, 4, 999, 2;
0, 256, 0, -1, -1, -1, 3, 998, 1;
1, 256, 0, 0, 0, 0, 5, 1000, 3;
1, 256, 1, 1, 1, 1, 6, 1001, 4;
1, 256, 0, -1, -1, -1, 4, 998, 1;
0, 256, 0, -1, -1, -1, 3, 998, 1;
1, 256, 0, -1, -1, -1, 4, 998, 2;
1, 256, 1, 1, 1, 1, 6, 1001, 4;
1, 256, 0, 0, 0, 0, 5, 999, 2;
1, 256, 0, 0, 0, 0, 4, 999, 2;
1, 256, 0, 0, 0, 0, 4, 999, 2;
1, 256, 1, 1, 1, 1, 6, 1001, 4;
1, 256, 0, 0, 0, 0, 4, 999, 2;
1, 256, 0, -1, -1, -1, 4, 999, 2;
1, 256, 0, -1, -1, -1, 4, 998, 2;
1, 256, 0, 1, 1, 1, 5, 1000, 3;
1, 256, 0, 0, 0, 0, 5, 1000, 3;
1, 256, 1, 1, 1, 1, 6, 1001, 4;
1, 256, 0, 0, 0, 0, 5, 1000, 3;
1, 256, 0, 0, 0, 0, 5, 1000, 3;
1, 256, 0, 0, 0, 0, 5, 1000, 3;
1, 256, 0, 0, 0, 0, 5, 1000, 3;
1, 256, 0, 0, 0, 0, 4, 999, 2;
1, 256, 0, 0, 0, 0, 5, 1000, 3;
1, 256, 0, 0, 0, 0, 5, 1000, 3;
1, 256, 0, 0, 0, 0, 5, 1000, 3;
1, 256, 0, 0, 0, 0, 4, 999, 2;
1, 256, 0, 1, 1, 1, 5, 1000, 3;
1, 256, 0, 0, 0, 0, 4, 999, 2;
1, 256, 0, -1, -1, -1, 4, 999, 2;
1, 256, 0, 1, 1, 1, 5, 1000, 3;
1, 256, 0, 0, 0, 0, 5, 1000, 3;
1, 256, 0, -1, -1, -1, 3, 998, 1;
1, 256, 0, 1, 1, 1, 5, 1000, 3;
1, 256, 0, 0, 0, 0, 4, 999, 2;
1, 256, 0, -1, -1, -1, 3, 998, 1;
1, 256, 0, -1, -1, -1, 4, 998, 1;
1, 256, 0, 0, 0, 0, 5, 1000, 3;
1, 256, 0, 1, 1, 1, 5, 1000, 3;
1, 256, 1, 1, 1, 1, 6, 1001, 4;
1, 256, 0, 0, 0, 0, 5, 1000, 3;
1, 256, 0, 1, 1, 1, 5, 1000, 3;
1, 256, 0, 0, 0, 0, 4, 999, 2;
1, 256, 0, 0, 0, 0, 5, 999, 3;
1, 256, 0, -1, -1, -1, 3, 998, 1;
1, 256, 0, -1, -1, -1, 4, 999, 2;
1, 256, 0, 0, 0, 0, 4, 999, 2;
0, 256, 0, -1, -1, -1, 3, 998, 1;
1, 256, 0, 0, 0, 0, 4, 999, 2;
1, 256, 0, 0, 0, 0, 5, 1000, 3;
1, 256, 0, 0, 0, 0, 4, 999, 2;
1, 256, 0, 1, 1, 1, 5, 1000, 3;
1, 256, 1, 1, 1, 1, 6, 1000, 3;
1, 256, 0, -1, -1, -1, 3, 998, 1;
1, 256, 0, 0, 0, 0, 4, 999, 2;
1, 256, 0, 0, 0, 0, 5, 1000, 3;
1, 256, 0, 0, 0, 0, 4, 999, 2;
1, 256, 0, -1, -1, -1, 4, 999, 2;
1, 256, 0, -1, -1, -1, 3, 998, 1;
1, 256, 0, 0, 0, 0, 5, 999, 3;
1, 256, 0, 0, 0, 0, 4, 999, 2;
1, 256, 0, 0, 0, 0, 4, 999, 2;
1, 256, 0, -1, -1, -1, 4, 998, 2;
1, 256, 0, 0, 0, 0, 4, 999, 2;
1, 256, 0, 0, 0, 0, 5, 1000, 3;
1, 256, 0, -1, -1, -1, 4, 998, 1;
1, 256, 0, 1, 1, 1, 5, 1000, 3;
1, 256, 0, -1, -1, -1, 3, 998, 1;
1, 256, 0, -1, -1, -1, 4, 998, 2;
1, 256, 1, 1, 1, 1, 6, 1001, 4;
1, 256, 1, 1, 1, 1, 5, 1000, 3;
1, 256, 0, -1, -1, -1, 4, 999, 2;
1, 256, 0, 0, 0, 0, 4, 999, 2;
1, 256, 0, -1, -1, -1, 4, 999, 2;
1, 256, 0, 0, 0, 0, 5, 1000, 3;
1, 256, 0, 0, 0, 0, 5, 1000, 3;
1, 256, 0, 0, 0, 0, 5, 1000, 3;
1, 256, 0, -1, -1, -1, 4, 999, 2;
1, 256, 0, -1, -1, -1, 4, 998, 2;
1, 256, 0, 0, 0, 0, 5, 1000, 3;
1, 256, 0, 0, 0, 0, 4, 999, 2;
1, 256, 0, 0, 0, 0, 5, 1000, 3;
1, 256, 1, 1, 1, 1, 6, 1001, 4;
1, 256, 0, 0, 0, 0, 4, 999, 2;
1, 256, 1, 1, 1, 1, 6, 1001, 4;
1, 256, 0, 0, 0, 0, 5, 1000, 3;
1, 256, 0, 0, 0, 0, 4, 999, 2;
1, 256, 0, 0, 0, 0, 4, 999, 2;
1, 256, 0, -1, -1, -1, 4, 999, 2;
1, 256, 0, -1, -1, -1, 4, 999, 2;
1, 256, 0, -1, -1, -1, 4, 999, 2;
1, 256, 0, -1, -1, -1, 4, 999, 2;
1, 256, 0, 1, 1, 1, 5, 1000, 3;
1, 256, 0, 0, 0, 0, 5, 1000, 3;
1, 256, 0, -1, -1, -1, 3, 998, 1;
1, 256, 1, 1, 1, 1, 6, 1001, 4;
1, 256, 0, -1, -1, -1, 4, 998, 1;
1, 256, 0, 0, 0, 0, 5, 1000, 3;
1, 256, 1, 1, 1, 1, 6, 1001, 4;
1, 256, 0, 1, 1, 1, 5, 1000, 3;
1, 256, 0, -1, -1, -1, 4, 999, 2;
1, 256, 0, -1, -1, -1, 4, 998, 2;
1, 256, 0, -1, -1, -1, 3, 998, 1;
1, 256, 1, 1, 1, 1, 5, 1000, 3;
1, 256, 1, 1, 1, 1, 6, 1001, 4;
1, 256, 0, -1, -1, -1, 3, 998, 1;
1, 256, 0, -1, -1, -1, 4, 999, 2;
1, 256, 1, 1, 1, 1, 6, 1001, 4;
1, 256, 0, 0, 0, 0, 4, 999, 2;
1, 256, 0, 0, 0, 0, 5, 1000, 3;
1, 256, 0, -1, -1, -1, 4, 999, 2;
1, 256, 0, -1, -1, -1, 4, 999, 2;
1, 256, 0, 1, 1, 1, 5, 1000, 3;
1, 256, 0, 0, 0, 0, 5, 1000, 3;
1, 256, 0, -1, -1, -1, 4, 999, 2;
1, 256, 0, 0, 0, 0, 4, 999, 2;
1, 256, 0, 0, 0, 0, 4, 999, 2;
1, 256, 0, 0, 0, 0, 5, 1000, 3;
1, 256, 0, 0, 0, 0, 4, 999, 2;
1, 256, 0, -1, -1, -1, 3, 998, 1;
1, 256, 0, 0, 0, 0, 5, 1000, 3;
1, 256, 1, 1, 1, 1, 6, 1001, 4;
1, 256, 0, -1, -1, -1, 4, 999, 2;
1, 256, 0, 0, 0, 0, 5, 1000, 3;
1, 256, 1, 1, 1, 1, 6, 1001, 4;
1, 256, 0, 0, 0, 0, 4, 999, 2;
1, 256, 1, 1, 1, 1, 6, 1001, 4;
1, 256, 0, -1, -1, -1, 4, 998, 2;
1, 256, 1, 1, 1, 1, 6, 1001, 4;
1, 256, 0, 0, 0, 0, 4, 999, 2;
1, 256, 0, 0, 0, 0, 4, 999, 2;
1, 256, 0, 0, 0, 0, 5, 1000, 3;
1, 256, 0, 1, 1, 1, 5, 1000, 3;
1, 256, 1, 1, 1, 1, 6, 1001, 4;
1, 256, 0, 0, 0, 0, 5, 1000, 3;
1, 256, 0, 1, 1, 1, 5, 1000, 3;
1, 256, 0, 0, 0, 0, 5, 1000, 3;
1, 256, 0, 1, 1, 1, 5, 1000, 3;
1, 256, 0, 1, 1, 1, 5, 1000, 3;
1, 256, 0, -1, -1, -1, 4, 999, 2;
1, 256, 0, -1, -1, -1, 4, 999, 2;
1, 256, 0, 0, 0, 0, 5, 1000, 3;
1, 256, 0, 0, 0, 0, 5, 1000, 3;
1, 256, 1, 1, 1, 1, 6, 1001, 4;
1, 256, 0, 0, 0, 0, 4, 999, 2;
1, 256, 0, 0, 0, 0, 4, 999, 2;
1, 256, 1, 1, 1, 1, 6, 1000, 3;
1, 256, 0, 0, 0, 0, 4, 999, 2;
1, 256, 0, 0, 0, 0, 5, 1000, 3;
1, 256, 0, 0, 0, 0, 5, 1000, 3;
1, 256, 0, 0, 0, 0, 4, 999, 2;
1, 256, 0, 0, 0, 0, 4, 999, 2;
1, 256, 0, -1, -1, -1, 4, 998, 2;
1, 256, 1, 1, 1, 1, 6, 1001, 4;
1, 256, 0, 0, 0, 0, 4, 999, 2;
1, 256, 0, -1, -1, -1, 4, 999, 2;
1, 256, 0, -1, -1, -1, 4, 999, 2;
1, 256, 0, 0, 0, 0, 5, 1000, 3;
1, 256, 0, 1, 1, 1, 5, 1000, 3;
1, 256, 0, 0, 0, 0, 5, 1000, 3;
1, 256, 0, 0, 0, 0, 4, 999, 2;
1, 256, 0, 1, 1, 1, 5, 1000, 3;
1, 256, 0, 0, 0, 0, 5, 1000, 3;
1, 256, 0, -1, -1, -1, 4, 999, 2;
1, 256, 1, 1, 1, 1, 6, 1001, 4;
1, 256, 0, 0, 0, 0, 5, 1000, 3;
1, 256, 0, 0, 0, 0, 4, 999, 2;
1, 256, 0, -1, -1, -1, 4, 998, 1;
1, 256, 0, -1, -1, -1, 4, 999, 2;
1, 256, 0, -1, -1, -1, 4, 999, 2;
1, 256, 0, 0, 0, 0, 5, 1000, 3;
1, 256, 0, 0, 0, 0, 5, 1000, 3;
1, 256, 0, -1, -1, -1, 4, 999, 2;
1, 256, 0, -1, -1, -1, 3, 998, 1;
1, 256, 0, -1, -1, -1, 4, 999, 2;
1, 256, 0, 0, 0, 0, 5, 1000, 3;
1, 256, 0, -1, -1, -1, 3, 998, 1;
1, 256, 1, 1, 1, 1, 6, 1001, 4;
1, 256, 0, 0, 0, 0, 5, 999, 2;
1, 256, 1, 1, 1, 1, 5, 1000, 3;
1, 256, 0, 0, 0, 0, 4, 999, 2;
1, 256, 0, 1, 1, 1, 5, 1000, 3;
1, 256, 0, 0, 0, 0, 5, 1000, 3;
1, 256, 0, -1, -1, -1, 4, 999, 2;
1, 256, 0, 0, 0, 0, 4, 999, 2;
1, 256, 0, 0, 0, 0, 5, 1000, 3;
1, 256, 0, 0, 0, 0, 5, 1000, 3;
1, 256, 0, 0, 0, 0, 4, 999, 2;
1, 256, 1, 1, 1, 1, 6, 1000, 4;
1, 256, 0, 0, 0, 0, 5, 1000, 3;
1, 256, 0, -1, -1, -1, 4, 999, 2;
1, 256, 0, 0, 0, 0, 5, 999, 3;
1, 256, 0, 0, 0, 0, 5, 999, 3;
1, 256, 1, 1, 1, 1, 5, 1000, 3;
1, 256, 1, 1, 1, 1, 6, 1001, 4;
1, 256, 0, -1, -1, -1, 3, 998, 1;
1, 256, 1, 1, 1, 1, 5, 1000, 3;
1, 256, 0, -1, -1, -1, 4, 999, 2;
1, 256, 0, 0, 0, 0, 5, 1000, 3;
1, 256, 1, 1, 1, 1, 6, 1000, 4;
1, 256, 1, 1, 1, 1, 6, 1000, 4;
1, 256, 0, 0, 0, 0, 4, 999, 2;
1, 256, 0, 0, 0, 0, 5, 1000, 3;
1, 256, 0, 0, 0, 0, 5, 1000, 3;
1, 256, 0, -1, -1, -1, 4, 999, 2;
1, 256, 1, 1, 1, 1, 6, 1001, 4;
1, 256, 0, 1, 1, 1, 5, 1000, 3;
1, 256, 0, 0, 0, 0, 5, 1000, 3;
1, 256, 1, 1, 1, 1, 5, 1000, 3;
1, 256, 0, 0, 0, 0, 5, 1000, 3;
1, 256, 0, -1, -1, -1, 4, 999, 2;
1, 256, 1, 1, 1, 1, 6, 1000, 4;
1, 256, 0, 0, 0, 0, 5, 1000, 3;
1, 256, 0, -1, -1, -1, 4, 999, 2;
1, 256, 0, 1, 1, 1, 5, 1000, 3;
1, 256, 0, 0, 0, 0, 4, 999, 2;
1, 256, 0, 0, 0, 0, 4, 999, 2;
1, 256, 0, 0, 0, 0, 4, 999, 2;
1, 256, 0, 0, 0, 0, 5, 1000, 3;
1, 256, 0, 0, 0, 0, 4, 999, 2;
1, 256, 1, 1, 1, 1, 5, 1000, 3;
1, 256, 0, 0, 0, 0, 5, 1000, 3;
1, 256, 0, 0, 0, 0, 5, 1000, 3;
1, 256, 1, 1, 1, 1, 6, 1000, 4;
1, 256, 0, 1, 1, 1, 5, 1000, 3;
1, 256, 0, 0, 0, 0, 5, 1000, 3;
1, 256, 1, 1, 1, 1, 6, 1001, 4;
1, 256, 0, 0, 0, 0, 5, 1000, 3;
1, 256, 0, 0, 0, 0, 4, 999, 2;
1, 256, 0, -1, -1, -1, 4, 998, 2;
1, 256, 0, 0, 0, 0, 5, 1000, 3;
1, 256, 0, -1, -1, -1, 4, 999, 2;
1, 256, 0, 1, 1, 1, 5, 1000, 3;
1, 256, 0, 0, 0, 0, 5, 1000, 3;
1, 256, 0, -1, -1, -1, 3, 998, 1;
1, 256, 1, 1, 1, 1, 5, 1000, 3;
1, 256, 1, 1, 1, 1, 5, 1000, 3;
1, 256, 0, -1, -1, -1, 4, 999, 2;
1, 256, 0, 0, 0, 0, 4, 999, 2;
1, 256, 0, 0, 0, 0, 5, 1000, 3;
1, 256, 1, 1, 1, 1, 5, 1000, 3;
1, 256, 0, 0, 0, 0, 4, 999, 2;
1, 256, 0, 1, 1, 1, 5, 1000, 3;
0, 256, 0, -1, -1, -1, 3, 998, 1;
1, 256, 1, 1, 1, 1, 6, 1001, 4;
1, 256, 0, 0, 0, 0, 4, 999, 2;
1, 256, 0, 0, 0, 0, 5, 999, 3;
1, 256, 0, 0, 0, 0, 5, 1000, 3;
1, 256, 0, -1, -1, -1, 4, 999, 2;
1, 256, 0, 1, 1, 1, 5, 1000, 3;
1, 256, 1, 1, 1, 1, 6, 1001, 4;
1, 256, 0, 0, 0, 0, 4, 999, 2;
1, 256, 0, 0, 0, 0, 5, 1000, 3;
1, 256, 0, 0, 0, 0, 4, 999, 2;
1, 256, 0, 0, 0, 0, 4, 999, 2;
1, 256, 0, 1, 1, 1, 5, 1000, 3;
1, 256, 0, 0, 0, 0, 5, 1000, 3;
1, 256, 0, 1, 1, 1, 5, 1000, 3;
1, 256, 0, 0, 0, 0, 5, 1000, 3;
1, 256, 1, 1, 1, 1, 6, 1000, 4;
1, 256, 0, 0, 0, 0, 5, 1000, 3;
1, 256, 0, -1, -1, -1, 3, 998, 1;
1, 256, 0, 0, 0, 0, 5, 1000, 3;
1, 256, 1, 1, 1, 1, 6, 1000, 4;
1, 256, 1, 1, 1, 1, 6, 1001, 4;
1, 256, 1, 1, 1, 1, 6, 1001, 4;
1, 256, 0, 0, 0, 0, 5, 999, 2;
1, 256, 0, 0, 0, 0, 4, 999, 2;
1, 256, 0, 0, 0, 0, 4, 999, 2;
1, 256, 0, -1, -1, -1, 4, 999, 2;
1, 256, 0, -1, -1, -1, 4, 999, 2;
1, 256, 0, 0, 0, 0, 4, 999, 2;
1, 256, 0, 0, 0, 0, 4, 999, 2;
1, 256, 0, 1, 1, 1, 5, 1000, 3;
1, 256, 0, -1, -1, -1, 3, 998, 1;
1, 256, 0, 0, 0, 0, 4, 999, 2;
1, 256, 1, 1, 1, 1, 6, 1000, 4;
1, 256, 0, 0, 0, 0, 4, 999, 2;
1, 256, 0, 0, 0, 0, 5, 999, 2;
1, 256, 0, -1, -1, -1, 4, 999, 2;
1, 256, 1, 1, 1, 1, 6, 1000, 3;
1, 256, 0, 0, 0, 0, 5, 1000, 3;
1, 256, 0, 0, 0, 0, 4, 999, 2;
1, 256, 0, 0, 0, 0, 4, 999, 2;
1, 256, 0, 1, 1, 1, 5, 1000, 3;
1, 256, 0, 0, 0, 0, 5, 1000, 3;
1, 256, 1, 1, 1, 1, 6, 1001, 4;
1, 256, 0, 0, 0, 0, 5, 1000, 3;
1, 256, 0, 0, 0, 0, 5, 1000, 3;
1, 256, 0, 0, 0, 0, 4, 999, 2;
1, 256, 1, 1, 1, 1, 6, 1001, 4;
1, 256, 0, -1, -1, -1, 3, 998, 1;
1, 256, 0, 1, 1, 1, 5, 1000, 3;
1, 256, 0, -1, -1, -1, 4, 999, 2;
1, 256, 0, -1, -1, -1, 4, 999, 2;
1, 256, 0, 1, 1, 1, 5, 1000, 3;
1, 256, 0, -1, -1, -1, 4, 999, 2;
1, 256, 1, 1, 1, 1, 6, 1001, 4;
1, 256, 0, -1, -1, -1, 4, 998, 2;
1, 256, 0, -1, -1, -1, 4, 998, 2;
1, 256, 0, 0, 0, 0, 5, 1000, 3;
1, 256, 0, -1, -1, -1, 4, 999, 2;
1, 256, 0, -1, -1, -1, 4, 999, 2;
1, 256, 0, 0, 0, 0, 4, 999, 2;
1, 256, 0, 1, 1, 1, 5, 1000, 3;
1, 256, 0, 0, 0, 0, 5, 1000, 3;
1, 256, 0, 0, 0, 0, 5, 1000, 3;
1, 256, 0, -1, -1, -1, 3, 998, 1;
1, 256, 1, 1, 1, 1, 6, 1001, 4;
1, 256, 0, 0, 0, 0, 5, 1000, 3;
1, 256, 1, 1, 1, 1, 6, 1001, 4;
1, 256, 0, 0, 0, 0, 4, 999, 2;
1, 256, 0, 0, 0, 0, 4, 999, 2;
1, 256, 0, -1, -1, -1, 4, 999, 2;
1, 256, 0, 0, 0, 0, 5, 1000, 3;
1, 256, 0, 0, 0, 0, 5, 1000, 3;
1, 256, 0, 0, 0, 0, 5, 999, 2;
1, 256, 0, 0, 0, 0, 4, 999, 2;
1, 256, 0, 0, 0, 0, 5, 999, 3;
1, 256, 0, 0, 0, 0, 5, 999, 2;
1, 256, 0, 0, 0, 0, 5, 1000, 3;
1, 256, 0, 0, 0, 0, 5, 1000, 3;
1, 256, 0, 0, 0, 0, 5, 1000, 3;
1, 256, 0, 0, 0, 0, 4, 999, 2;
1, 256, 0, -1, -1, -1, 4, 999, 2;
1, 256, 1, 1, 1, 1, 6, 1001, 4;
1, 256, 0, 0, 0, 0, 4, 999, 2;
1, 256, 0, 0, 0, 0, 4, 999, 2;
1, 256, 0, 0, 0, 0, 5, 1000, 3;
1, 256, 0, 0, 0, 0, 4, 999, 2;
1, 256, 0, -1, -1, -1, 3, 998, 1;
1, 256, 0, 0, 0, 0, 5, 1000, 3;
1, 256, 0, -1, -1, -1, 4, 998, 1;
1, 256, 1, 1, 1, 1, 6, 1000, 4;
1, 256, 0, -1, -1, -1, 4, 999, 2;
1, 256, 0, 0, 0, 0, 5, 1000, 3;
1, 256, 0, 0, 0, 0, 5, 1000, 3;
1, 256, 0, -1, -1, -1, 4, 998, 2;
1, 256, 0, 0, 0, 0, 5, 1000, 3;
1, 256, 0, 0, 0, 0, 4, 999, 2;
0, 256, 0, -1, -1, -1, 3, 998, 1;
1, 256, 0, 0, 0, 0, 5, 1000, 3;
1, 256, 0, 1, 1, 1, 5, 1000, 3;
1, 256, 0, 0, 0, 0, 5, 1000, 3;
1, 256, 0, 0, 0, 0, 5, 999, 3;
1, 256, 0, 0, 0, 0, 4, 999, 2;
1, 256, 0, -1, -1, -1, 4, 999, 2;
1, 256, 0, 0, 0, 0, 5, 1000, 3;
1, 256, 0, 0, 0, 0, 4, 999, 2;
1, 256, 0, -1, -1, -1, 3, 998, 1;
1, 256, 0, 0, 0, 0, 4, 999, 2;
1, 256, 1, 1, 1, 1, 6, 1001, 4;
1, 256, 0, -1, -1, -1, 4, 999, 2;
1, 256, 0, 0, 0, 0, 5, 1000, 3;
1, 256, 1, 1, 1, 1, 6, 1000, 3;
1, 256, 0, 0, 0, 0, 5, 1000, 3;
1, 256, 0, 0, 0, 0, 5, 1000, 3;
1, 256, 0, 1, 1, 1, 5, 1000, 3;
1, 256, 0, 1, 1, 1, 5, 1000, 3;
1, 256, 0, 0, 0, 0, 5, 1000, 3;
1, 256, 1, 1, 1, 1, 5, 1000, 3;
1, 256, 0, -1, -1, -1, 4, 999, 2;
1, 256, 0, 0, 0, 0, 4, 999, 2;
1, 256, 0, 0, 0, 0, 5, 1000, 3;
1, 256, 0, -1, -1, -1, 4, 999, 2;
1, 256, 0, 1, 1, 1, 5, 1000, 3;
1, 256, 0, 0, 0, 0, 5, 999, 2;
1, 256, 0, 0, 0, 0, 4, 999, 2;
1, 256, 0, -1, -1, -1, 4, 998, 2;
1, 256, 0, -1, -1, -1, 4, 999, 2;
1, 256, 0, 0, 0, 0, 5, 1000, 3;
1, 256, 0, -1, -1, -1, 4, 998, 2;
1, 256, 0, -1, -1, -1, 4, 999, 2;
1, 256, 0, 0, 0, 0, 5, 1000, 3;
1, 256, 0, 0, 0, 0, 4, 999, 2;
1, 256, 0, 0, 0, 0, 4, 999, 2;
1, 256, 0, 1, 1, 1, 5, 1000, 3;
1, 256, 0, 0, 0, 0, 5, 1000, 3;
1, 256, 0, -1, -1, -1, 4, 999, 2;
1, 256, 0, 0, 0, 0, 5, 1000, 3;
1, 256, 0, -1, -1, -1, 4, 998, 2;
1, 256, 0, 0, 0, 0, 4, 999, 2;
1, 256, 0, 1, 1, 1, 5, 1000, 3;
1, 256, 0, 0, 0, 0, 5, 1000, 3;
1, 256, 0, 0, 0, 0, 5, 1000, 3;
1, 256, 0, 1, 1, 1, 5, 1000, 3;
1, 256, 0, 0, 0, 0, 5, 999, 2;
1, 256, 0, 0, 0, 0, 5, 1000, 3;
1, 256, 0, 0, 0, 0, 5, 1000, 3;
1, 256, 0, 0, 0, 0, 4, 999, 2;
1, 256, 1, 1, 1, 1, 6, 1001, 4;
1, 256, 0, 0, 0, 0, 5, 1000, 3;
1, 256, 0, 1, 1, 1, 5, 1000, 3;
1, 256, 0, 0, 0, 0, 5, 1000, 3;
1, 256, 1, 1, 1, 1, 5, 1000, 3;
1, 256, 0, 0, 0, 0, 4, 999, 2;
1, 256, 1, 1, 1, 1, 5, 1000, 3;
1, 256, 1, 1, 1, 1, 6, 1001, 4;
1, 256, 0, 1, 1, 1, 5, 1000, 3;
1, 256, 0, 1, 1, 1, 5, 1000, 3;
1, 256, 0, 0, 0, 0, 4, 999, 2;
1, 256, 0, -1, -1, -1, 3, 998, 1;
1, 256, 0, -1, -1, -1, 4, 999, 2;
1, 256, 0, 1, 1, 1, 5, 1000, 3;
0, 256, 0, -1, -1, -1, 3, 998, 1;
1, 256, 0, 1, 1, 1, 5, 1000, 3;
1, 256, 0, 0, 0, 0, 4, 999, 2;
1, 256, 0, 1, 1, 1, 5, 1000, 3;
1, 256, 1, 1, 1, 1, 6, 1000, 4;
1, 256, 0, 1, 1, 1, 5, 1000, 3;
0, 256, 0, -1, -1, -1, 3, 998, 1;
1, 256, 0, 0, 0, 0, 4, 999, 2;
1, 256, 0, -1, -1, -1, 3, 998, 1;
1, 256, 0, -1, -1, -1, 4, 999, 2;
1, 256, 1, 1, 1, 1, 6, 1001, 4;
1, 256, 1, 1, 1, 1, 6, 1001, 4;
1, 256, 0, -1, -1, -1, 3, 998, 1;
1, 256, 0, 0, 0, 0, 5, 1000, 3;
1, 256, 0, 0, 0, 0, 5, 1000, 3;
1, 256, 0, 0, 0, 0, 5, 1000, 3;
1, 256, 0, 0, 0, 0, 4, 999, 2;
1, 256, 1, 1, 1, 1, 6, 1000, 4;
1, 256, 0, -1, -1, -1, 4, 999, 2;
1, 256, 0, -1, -1, -1, 3, 998, 1;
1, 256, 0, -1, -1, -1, 4, 999, 2;
1, 256, 1, 1, 1, 1, 6, 1001, 4;
1, 256, 0, 0, 0, 0, 5, 1000, 3;
1, 256, 0, 1, 1, 1, 5, 1000, 3;
1, 256, 0, 0, 0, 0, 5, 1000, 3;
1, 256, 0, 0, 0, 0, 5, 1000, 3;
1, 256, 0, -1, -1, -1, 4, 999, 2;
1, 256, 0, -1, -1, -1, 4, 999, 2;
1, 256, 0, 0, 0, 0, 4, 999, 2;
1, 256, 0, 0, 0, 0, 4, 999, 2;
1, 256, 0, 0, 0, 0, 4, 999, 2;
1, 256, 1, 1, 1, 1, 6, 1000, 4;
1, 256, 0, 1, 1, 1, 5, 1000, 3;
1, 256, 1, 1, 1, 1, 6, 1001, 4;
1, 256, 1, 1, 1, 1, 6, 1001, 4;
1, 256, 0, -1, -1, -1, 4, 998, 1;
1, 256, 0, 1, 1, 1, 5, 1000, 3;
1, 256, 0, 0, 0, 0, 5, 1000, 3;
1, 256, 1, 1, 1, 1, 6, 1001, 4;
1, 256, 0, 0, 0, 0, 4, 999, 2;
1, 256, 0, -1, -1, -1, 4, 998, 1;
1, 256, 0, -1, -1, -1, 4, 999, 2;
1, 256, 0, -1, -1, -1, 3, 998, 1;
1, 256, 0, 0, 0, 0, 5, 1000, 3;
1, 256, 0, -1, -1, -1, 4, 999, 2;
1, 256, 0, 0, 0, 0, 4, 999, 2;
1, 256, 0, -1, -1, -1, 3, 998, 1;
1, 256, 0, -1, -1, -1, 4, 998, 1;
1, 256, 0, -1, -1, -1, 4, 999, 2;
1, 256, 0, 0, 0, 0, 5, 1000, 3;
1, 256, 0, 0, 0, 0, 5, 1000, 3;
1, 256, 0, -1, -1, -1, 4, 999, 2;
1, 256, 0, 0, 0, 0, 5, 999, 2;
1, 256, 1, 1, 1, 1, 5, 1000, 3;
1, 256, 0, 0, 0, 0, 5, 1000, 3;
1, 256, 0, -1, -1, -1, 3, 998, 1;
1, 256, 0, 0, 0, 0, 4, 999, 2;
1, 256, 0, 0, 0, 0, 5, 1000, 3;
1, 256, 0, 1, 1, 1, 5, 1000, 3;
1, 256, 0, 0, 0, 0, 5, 999, 3;
1, 256, 0, 0, 0, 0, 4, 999, 2;
1, 256, 0, 0, 0, 0, 5, 1000, 3;
1, 256, 1, 1, 1, 1, 6, 1001, 4;
1, 256, 0, 0, 0, 0, 4, 999, 2;
1, 256, 0, 0, 0, 0, 5, 1000, 3;
1, 256, 0, 0, 0, 0, 5, 1000, 3;
1, 256, 0, -1, -1, -1, 4, 999, 2;
1, 256, 0, -1, -1, -1, 4, 999, 2;
1, 256, 0, -1, -1, -1, 4, 998, 2;
1, 256, 0, 0, 0, 0, 4, 999, 2;
1, 256, 0, 0, 0, 0, 4, 999, 2;
1, 256, 0, 1, 1, 1, 5, 1000, 3;
1, 256, 0, 1, 1, 1, 5, 1000, 3;
1, 256, 0, 0, 0, 0, 5, 1000, 3;
1, 256, 0, 0, 0, 0, 5, 1000, 3;
1, 256, 0, -1, -1, -1, 3, 998, 1;
1, 256, 0, 1, 1, 1, 5, 1000, 3;
1, 256, 1, 1, 1, 1, 5, 1000, 3;
1, 256, 1, 1, 1, 1, 6, 1001, 4;
1, 256, 1, 1, 1, 1, 5, 1000, 3;
1, 256, 0, 0, 0, 0, 5, 1000, 3;
1, 256, 0, 1, 1, 1, 5, 1000, 3;
1, 256, 0, -1, -1, -1, 4, 999, 2;
1, 256, 0, 0, 0, 0, 5, 1000, 3;
1, 256, 0, 0, 0, 0, 4, 999, 2;
1, 256, 0, 0, 0, 0, 4, 999, 2;
1, 256, 0, 0, 0, 0, 5, 1000, 3;
1, 256, 0, -1, -1, -1, 4, 999, 2;
0, 256, 0, -1, -1, -1, 3, 998, 1;
1, 256, 0, -1, -1, -1, 4, 999, 2;
1, 256, 0, -1, -1, -1, 4, 998, 2;
1, 256, 0, 0, 0, 0, 5, 999, 3;
1, 256, 0, 0, 0, 0, 5, 1000, 3;
0, 256, 0, -1, -1, -1, 3, 998, 1;
1, 256, 0, 0, 0, 0, 4, 999, 2;
1, 256, 1, 1, 1, 1, 6, 1001, 4;
1, 256, 0, 1, 1, 1, 5, 1000, 3;
1, 256, 0, 0, 0, 0, 5, 1000, 3;
1, 256, 0, 0, 0, 0, 5, 1000, 3;
1, 256, 1, 1, 1, 1, 6, 1001, 4;
1, 256, 0, 1, 1, 1, 5, 1000, 3;
1, 256, 0, 0, 0, 0, 4, 999, 2;
1, 256, 1, 1, 1, 1, 6, 1001, 4;
1, 256, 0, 0, 0, 0, 5, 1000, 3;
1, 256, 0, -1, -1, -1, 4, 999, 2;
1, 256, 0, -1, -1, -1, 4, 999, 2;
1, 256, 0, 0, 0, 0, 5, 1000, 3;
1, 256, 0, -1, -1, -1, 4, 999, 2;
1, 256, 0, -1, -1, -1, 4, 999, 2;
1, 256, 0, 0, 0, 0, 5, 1000, 3;
1, 256, 0, 0, 0, 0, 5, 1000, 3;
1, 256, 0, -1, -1, -1, 3, 998, 1;
1, 256, 0, 0, 0, 0, 5, 1000, 3;
1, 256, 0, -1, -1, -1, 3, 998, 1;
1, 256, 0, 0, 0, 0, 4, 999, 2;
1, 256, 0, -1, -1, -1, 3, 998, 1;
1, 256, 0, 0, 0, 0, 4, 999, 2;
1, 256, 0, 0, 0, 0, 5, 1000, 3;
1, 256, 0, 0, 0, 0, 5, 1000, 3;
1, 256, 0, 0, 0, 0, 4, 999, 2;
1, 256, 1, 1, 1, 1, 5, 1000, 3;
1, 256, 0, 1, 1, 1, 5, 1000, 3;
1, 256, 0, -1, -1, -1, 4, 999, 2;
1, 256, 0, 0, 0, 0, 4, 999, 2;
1, 256, 0, -1, -1, -1, 3, 998, 1;
1, 256, 0, 0, 0, 0, 4, 999, 2;
1, 256, 0, 0, 0, 0, 4, 999, 2;
1, 256, 0, -1, -1, -1, 4, 999, 2;
1, 256, 1, 1, 1, 1, 6, 1001, 4;
1, 256, 0, 0, 0, 0, 5, 1000, 3;
1, 256, 1, 1, 1, 1, 6, 1001, 4;
1, 256, 0, 0, 0, 0, 5, 1000, 3;
1, 256, 0, -1, -1, -1, 4, 999, 2;
1, 256, 0, 0, 0, 0, 5, 1000, 3;
1, 256, 0, 0, 0, 0, 5, 1000, 3;
1, 256, 0, 1, 1, 1, 5, 1000, 3;
1, 256, 0, 0, 0, 0, 5, 1000, 3;
1, 256, 0, 0, 0, 0, 5, 1000, 3;
1, 256, 0, 0, 0, 0, 5, 1000, 3;
1, 256, 1, 1, 1, 1, 5, 1000, 3;
1, 256, 0, -1, -1, -1, 4, 999, 2;
1, 256, 1, 1, 1, 1, 6, 1000, 3;
1, 256, 0, 0, 0, 0, 5, 1000, 3;
1, 256, 0, 1, 1, 1, 5, 1000, 3;
1, 256, 0, 0, 0, 0, 5, 1000, 3;
1, 256, 0, 0, 0, 0, 4, 999, 2;
1, 256, 0, -1, -1, -1, 4, 999, 2;
1, 256, 0, 0, 0, 0, 4, 999, 2;
1, 256, 0, 0, 0, 0, 4, 999, 2;
1, 256, 1, 1, 1, 1, 5, 1000, 3;
1, 256, 0, 0, 0, 0, 4, 999, 2;
1, 256, 0, 0, 0, 0, 5, 999, 2;
1, 256, 0, -1, -1, -1, 4, 998, 1;
1, 256, 0, -1, -1, -1, 4, 999, 2;
1, 256, 0, 0, 0, 0, 5, 1000, 3;
1, 256, 0, -1, -1, -1, 4, 998, 2;
1, 256, 0, 0, 0, 0, 5, 1000, 3;
1, 256, 0, -1, -1, -1, 4, 998, 2;
1, 256, 0, 0, 0, 0, 5, 1000, 3;
1, 256, 0, 0, 0, 0, 5, 1000, 3;
1, 256, 0, 0, 0, 0, 5, 1000, 3;
1, 256, 0, 0, 0, 0, 4, 999, 2;
1, 256, 0, 0, 0, 0, 5, 999, 3;
1, 256, 0, 0, 0, 0, 5, 1000, 3;
1, 256, 0, -1, -1, -1, 4, 999, 2;
1, 256, 0, -1, -1, -1, 3, 998, 1;
1, 256, 0, 1, 1, 1, 5, 1000, 3;
1, 256, 0, 0, 0, 0, 4, 999, 2;
1, 256, 0, 0, 0, 0, 5, 1000, 3;
1, 256, 0, 0, 0, 0, 4, 999, 2;
1, 256, 0, 0, 0, 0, 5, 1000, 3;
1, 256, 0, 0, 0, 0, 5, 1000, 3;
1, 256, 0, 0, 0, 0, 5, 999, 3;
1, 256, 0, 0, 0, 0, 5, 1000, 3;
1, 256, 0, 0, 0, 0, 4, 999, 2;
1, 256, 0, 1, 1, 1, 5, 1000, 3;
1, 256, 1, 1, 1, 1, 6, 1000, 4;
1, 256, 0, 0, 0, 0, 5, 1000, 3;
1, 256, 0, -1, -1, -1, 4, 998, 2;
1, 256, 1, 1, 1, 1, 6, 1000, 3;
1, 256, 1, 1, 1, 1, 6, 1001, 4;
1, 256, 1, 1, 1, 1, 6, 1000, 4;
1, 256, 0, 0, 0, 0, 4, 999, 2;
1, 256, 1, 1, 1, 1, 6, 1001, 4;
1, 256, 0, 0, 0, 0, 5, 1000, 3;
1, 256, 0, -1, -1, -1, 4, 999, 2;
1, 256, 0, 0, 0, 0, 4, 999, 2;
1, 256, 0, 0, 0, 0, 5, 1000, 3;
1, 256, 0, 1, 1, 1, 5, 1000, 3;
1, 256, 0, 0, 0, 0, 4, 999, 2;
1, 256, 0, 0, 0, 0, 5, 1000, 3;
1, 256, 0, -1, -1, -1, 4, 999, 2;
1, 256, 0, 0, 0, 0, 5, 1000, 3;
1, 256, 0, 1, 1, 1, 5, 1000, 3;
1, 256, 0, 0, 0, 0, 4, 999, 2;
1, 256, 0, -1, -1, -1, 4, 999, 2;
1, 256, 0, 0, 0, 0, 4, 999, 2;
1, 256, 0, 0, 0, 0, 5, 1000, 3;
1, 256, 0, -1, -1, -1, 4, 998, 2;
1, 256, 0, 1, 1, 1, 5, 1000, 3;
1, 256, 0, -1, -1, -1, 4, 998, 2;
1, 256, 0, -1, -1, -1, 4, 999, 2;
1, 256, 0, 0, 0, 0, 5, 1000, 3;
1, 256, 0, 0, 0, 0, 4, 999, 2;
1, 256, 0, 0, 0, 0, 5, 999, 3;
1, 256, 0, 1, 1, 1, 5, 1000, 3;
1, 256, 0, 0, 0, 0, 4, 999, 2;
1, 256, 0, 0, 0, 0, 4, 999, 2;
1, 256, 0, 0, 0, 0, 4, 999, 2;
1, 256, 0, 0, 0, 0, 4, 999, 2;
1, 256, 0, 0, 0, 0, 5, 1000, 3;
1, 256, 0, 1, 1, 1, 5, 1000, 3;
1, 256, 0, -1, -1, -1, 3, 998, 1;
1, 256, 0, 0, 0, 0, 4, 999, 2;
1, 256, 0, 0, 0, 0, 5, 1000, 3;
1, 256, 0, 0, 0, 0, 5, 999, 3;
1, 256, 0, 0, 0, 0, 4, 999, 2;
1, 256, 0, -1, -1, -1, 3, 998, 1;
1, 256, 0, -1, -1, -1, 4, 999, 2;
1, 256, 0, 0, 0, 0, 5, 999, 3;
1, 256, 0, 0, 0, 0, 4, 999, 2;
1, 256, 0, -1, -1, -1, 4, 999, 2;
1, 256, 1, 1, 1, 1, 6, 1001, 4;
1, 256, 1, 1, 1, 1, 6, 1000, 3;
1, 256, 0, 0, 0, 0, 5, 1000, 3;
1, 256, 1, 1, 1, 1, 6, 1000, 4;
1, 256, 1, 1, 1, 1, 5, 1000, 3;
1, 256, 0, 1, 1, 1, 5, 1000, 3;
1, 256, 0, -1, -1, -1, 4, 998, 2;
1, 256, 0, 0, 0, 0, 4, 999, 2;
1, 256, 0, -1, -1, -1, 4, 999, 2;
1, 256, 0, -1, -1, -1, 3, 998, 1;
1, 256, 0, -1, -1, -1, 4, 999, 2;
1, 256, 0, -1, -1, -1, 4, 999, 2;
1, 256, 0, 0, 0, 0, 4, 999, 2;
1, 256, 0, 0, 0, 0, 5, 1000, 3;
1, 256, 0, 0, 0, 0, 5, 999, 3;
1, 256, 0, 0, 0, 0, 4, 999, 2;
1, 256, 0, 0, 0, 0, 5, 1000, 3;
1, 256, 0, -1, -1, -1, 4, 999, 2;
1, 256, 0, 0, 0, 0, 5, 1000, 3;
1, 256, 0, 1, 1, 1, 5, 1000, 3;
1, 256, 0, 0, 0, 0, 4, 999, 2;
1, 256, 0, 0, 0, 0, 5, 1000, 3;
0, 256, 0, -1, -1, -1, 3, 998, 1;
1, 256, 0, 0, 0, 0, 5, 1000, 3;
1, 256, 0, 0, 0, 0, 4, 999, 2;
1, 256, 0, 0, 0, 0, 4, 999, 2;
1, 256, 0, 0, 0, 0, 5, 1000, 3;
1, 256, 0, -1, -1, -1, 4, 998, 2;
1, 256, 0, -1, -1, -1, 4, 999, 2;
1, 256, 0, 0, 0, 0, 5, 1000, 3;
1, 256, 0, 0, 0, 0, 5, 1000, 3;
1, 256, 0, 0, 0, 0, 4, 999, 2;
1, 256, 0, 0, 0, 0, 5, 1000, 3;
1, 256, 0, 0, 0, 0, 5, 1000, 3;
1, 256, 0, 0, 0, 0, 4, 999, 2;
1, 256, 0, -1, -1, -1, 4, 999, 2;
1, 256, 0, 0, 0, 0, 5, 1000, 3;
1, 256, 0, 0, 0, 0, 4, 999, 2;
1, 256, 0, 0, 0, 0, 5, 999, 2;
1, 256, 1, 1, 1, 1, 6, 1001, 4;
1, 256, 0, 0, 0, 0, 5, 1000, 3;
1, 256, 0, -1, -1, -1, 4, 999, 2;
1, 256, 0, 1, 1, 1, 5, 1000, 3;
1, 256, 0, 1, 1, 1, 5, 1000, 3;
1, 256, 1, 1, 1, 1, 5, 1000, 3;
1, 256, 1, 1, 1, 1, 6, 1001, 4;
1, 256, 0, 1, 1, 1, 5, 1000, 3;
1, 256, 1, 1, 1, 1, 6, 1001, 4;
1, 256, 0, -1, -1, -1, 4, 999, 2;
1, 256, 0, 0, 0, 0, 5, 1000, 3;
1, 256, 0, 0, 0, 0, 4, 999, 2;
1, 256, 0, 0, 0, 0, 5, 1000, 3;
1, 256, 0, 0, 0, 0, 4, 999, 2;
1, 256, 1, 1, 1, 1, 6, 1001, 4;
1, 256, 0, -1, -1, -1, 3, 998, 1;
1, 256, 0, -1, -1, -1, 4, 999, 2;
1, 256, 0, -1, -1, -1, 4, 999, 2;
1, 256, 0, -1, -1, -1, 4, 999, 2;
1, 256, 0, -1, -1, -1, 4, 998, 2;
1, 256, 1, 1, 1, 1, 6, 1001, 4;
1, 256, 0, 0, 0, 0, 5, 1000, 3;
1, 256, 0, 1, 1, 1, 5, 1000, 3;
1, 256, 0, 1, 1, 1, 5, 1000, 3;
1, 256, 0, 0, 0, 0, 4, 999, 2;
1, 256, 0, 0, 0, 0, 4, 999, 2;
1, 256, 0, -1, -1, -1, 4, 998, 1;
1, 256, 0, -1, -1, -1, 4, 999, 2;
0, 256, 0, -1, -1, -1, 3, 998, 1;
1, 256, 0, 1, 1, 1, 5, 1000, 3;
1, 256, 0, 0, 0, 0, 4, 999, 2;
1, 256, 0, 0, 0, 0, 4, 999, 2;
1, 256, 0, -1, -1, -1, 4, 999, 2;
1, 256, 0, 1, 1, 1, 5, 1000, 3;
1, 256, 0, -1, -1, -1, 4, 999, 2;
1, 256, 0, -1, -1, -1, 4, 999, 2;
1, 256, 0, 0, 0, 0, 5, 1000, 3;
1, 256, 0, 0, 0, 0, 5, 1000, 3;
1, 256, 0, -1, -1, -1, 4, 998, 2;
1, 256, 0, 1, 1, 1, 5, 1000, 3;
1, 256, 0, -1, -1, -1, 4, 999, 2;
1, 256, 0, -1, -1, -1, 4, 999, 2;
1, 256, 0, 0, 0, 0, 4, 999, 2;
1, 256, 1, 1, 1, 1, 6, 1001, 4;
1, 256, 0, 0, 0, 0, 4, 999, 2;
1, 256, 0, 0, 0, 0, 4, 999, 2;
1, 256, 0, 0, 0, 0, 5, 1000, 3;
1, 256, 1, 1, 1, 1, 5, 1000, 3;
1, 256, 0, 0, 0, 0, 5, 1000, 3;
1, 256, 0, 0, 0, 0, 5, 1000, 3;
1, 256, 0, 0, 0, 0, 4, 999, 2;
1, 256, 1, 1, 1, 1, 6, 1001, 4;
1, 256, 0, 1, 1, 1, 5, 1000, 3;
1, 256, 0, -1, -1, -1, 3, 998, 1;
1, 256, 1, 1, 1, 1, 6, 1001, 4;
1, 256, 0, 0, 0, 0, 5, 999, 3;
1, 256, 1, 1, 1, 1, 5, 1000, 3;
1, 256, 1, 1, 1, 1, 6, 1001, 4;
1, 256, 0, 0, 0, 0, 5, 1000, 3;
1, 256, 1, 1, 1, 1, 6, 1001, 4;
1, 256, 0, 0, 0, 0, 5, 1000, 3;
1, 256, 0, 1, 1, 1, 5, 1000, 3;
1, 256, 0, 0, 0, 0, 4, 999, 2;
1, 256, 0, 0, 0, 0, 4, 999, 2;
1, 256, 0, 0, 0, 0, 4, 999, 2;
1, 256, 1, 1, 1, 1, 6, 1001, 4;
1, 256, 0, 0, 0, 0, 5, 1000, 3;
1, 256, 0, 0, 0, 0, 4, 999, 2;
1, 256, 0, 1, 1, 1, 5, 1000, 3;
1, 256, 1, 1, 1, 1, 6, 1001, 4;
1, 256, 1, 1, 1, 1, 6, 1001, 4;
1, 256, 0, -1, -1, -1, 4, 998, 1;
1, 256, 0, 0, 0, 0, 5, 1000, 3;
1, 256, 0, -1, -1, -1, 3, 998, 1;
1, 256, 0, 0, 0, 0, 4, 999, 2;
1, 256, 0, -1, -1, -1, 4, 999, 2;
1, 256, 1, 1, 1, 1, 6, 1001, 4;
1, 256, 0, 0, 0, 0, 4, 999, 2;
1, 256, 0, 1, 1, 1, 5, 1000, 3;
1, 256, 0, -1, -1, -1, 4, 999, 2;
1, 256, 0, 1, 1, 1, 5, 1000, 3;
1, 256, 0, 0, 0, 0, 5, 1000, 3;
1, 256, 0, 0, 0, 0, 5, 1000, 3;
1, 256, 0, 0, 0, 0, 4, 999, 2;
1, 256, 0, 1, 1, 1, 5, 1000, 3;
1, 256, 0, 1, 1, 1, 5, 1000, 3;
1, 256, 0, 1, 1, 1, 5, 1000, 3;
1, 256, 0, 1, 1, 1, 5, 1000, 3;
1, 256, 0, 0, 0, 0, 5, 1000, 3;
1, 256, 0, -1, -1, -1, 4, 998, 1;
1, 256, 0, 0, 0, 0, 5, 1000, 3;
1, 256, 0, -1, -1, -1, 4, 999, 2;
1, 256, 0, 0, 0, 0, 5, 1000, 3;
1, 256, 0, 0, 0, 0, 5, 1000, 3;
1, 256, 0, 0, 0, 0, 4, 999, 2;
1, 256, 0, 0, 0, 0, 4, 999, 2;
1, 256, 0, 0, 0, 0, 5, 1000, 3;
1, 256, 0, 1, 1, 1, 5, 1000, 3;
1, 256, 1, 1, 1, 1, 6, 1001, 4;
1, 256, 0, -1, -1, -1, 3, 998, 1;
1, 256, 0, 0, 0, 0, 5, 1000, 3;
1, 256, 0, 0, 0, 0, 5, 1000, 3;
1, 256, 0, 0, 0, 0, 5, 999, 2;
1, 256, 0, 0, 0, 0, 5, 1000, 3;
1, 256, 0, -1, -1, -1, 4, 999, 2;
1, 256, 0, 0, 0, 0, 4, 999, 2;
1, 256, 1, 1, 1, 1, 6, 1001, 4;
1, 256, 0, -1, -1, -1, 4, 999, 2;
1, 256, 0, -1, -1, -1, 4, 999, 2;
1, 256, 0, 0, 0, 0, 5, 1000, 3;
1, 256, 0, 0, 0, 0, 5, 1000, 3;
1, 256, 0, -1, -1, -1, 4, 999, 2;
1, 256, 0, -1, -1, -1, 4, 998, 1;
1, 256, 1, 1, 1, 1, 6, 1000, 4;
1, 256, 0, 0, 0, 0, 4, 999, 2;
1, 256, 0, 0, 0, 0, 5, 999, 3;
1, 256, 0, 0, 0, 0, 4, 999, 2;
1, 256, 0, 0, 0, 0, 5, 1000, 3;
1, 256, 0, 0, 0, 0, 5, 1000, 3;
1, 256, 1, 1, 1, 1, 6, 1001, 4;
1, 256, 0, 0, 0, 0, 4, 999, 2;
1, 256, 0, 0, 0, 0, 5, 1000, 3;
1, 256, 0, 0, 0, 0, 4, 999, 2;
1, 256, 0, 1, 1, 1, 5, 1000, 3;
1, 256, 0, 0, 0, 0, 4, 999, 2;
1, 256, 0, 0, 0, 0, 5, 999, 2;
1, 256, 0, 0, 0, 0, 5, 1000, 3;
1, 256, 1, 1, 1, 1, 5, 1000, 3;
1, 256, 0, 0, 0, 0, 4, 999, 2;
1, 256, 0, 0, 0, 0, 5, 1000, 3;
1, 256, 0, -1, -1, -1, 4, 998, 1;
1, 256, 0, -1, -1, -1, 4, 999, 2;
1, 256, 0, -1, -1, -1, 4, 999, 2;
1, 256, 0, 1, 1, 1, 5, 1000, 3;
1, 256, 0, 0, 0, 0, 4, 999, 2;
1, 256, 0, 0, 0, 0, 4, 999, 2;
0, 256, 0, -1, -1, -1, 3, 998, 1;
1, 256, 0, 0, 0, 0, 5, 1000, 3;
1, 256, 0, -1, -1, -1, 4, 999, 2;
1, 256, 0, 0, 0, 0, 4, 999, 2;
1, 256, 1, 1, 1, 1, 6, 1001, 4;
1, 256, 0, -1, -1, -1, 4, 998, 2;
1, 256, 0, 0, 0, 0, 4, 999, 2;
1, 256, 0, 0, 0, 0, 5, 1000, 3;
1, 256, 0, 0, 0, 0, 5, 1000, 3;
1, 256, 0, 0, 0, 0, 5, 1000, 3;
1, 256, 0, -1, -1, -1, 4, 999, 2;
1, 256, 0, 0, 0, 0, 4, 999, 2;
1, 256, 0, 1, 1, 1, 5, 1000, 3;
1, 256, 1, 1, 1, 1, 6, 1001, 4;
1, 256, 1, 1, 1, 1, 6, 1001, 4;
1, 256, 0, -1, -1, -1, 4, 999, 2;
1, 256, 0, -1, -1, -1, 4, 999, 2;
1, 256, 0, -1, -1, -1, 4, 999, 2;
1, 256, 0, 0, 0, 0, 4, 999, 2;
1, 256, 1, 1, 1, 1, 6, 1001, 4;
1, 256, 0, -1, -1, -1, 4, 999, 2;
1, 256, 0, -1, -1, -1, 4, 999, 2;
1, 256, 1, 1, 1, 1, 6, 1001, 4;
1, 256, 0, 0, 0, 0, 4, 999, 2;
1, 256, 1, 1, 1, 1, 6, 1001, 4;
1, 256, 0, 0, 0, 0, 5, 1000, 3;
1, 256, 0, 0, 0, 0, 5, 1000, 3;
1, 256, 0, 0, 0, 0, 5, 1000, 3;
1, 256, 1, 1, 1, 1, 6, 1001, 4;
1, 256, 0, -1, -1, -1, 4, 999, 2;
1, 256, 0, 0, 0, 0, 4, 999, 2;
1, 256, 0, 0, 0, 0, 5, 1000, 3;
1, 256, 0, -1, -1, -1, 4, 999, 2;
1, 256, 0, -1, -1, -1, 4, 999, 2;
1, 256, 0, 0, 0, 0, 5, 1000, 3;
1, 256, 1, 1, 1, 1, 6, 1000, 3;
1, 256, 0, 0, 0, 0, 4, 999, 2;
1, 256, 0, 0, 0, 0, 5, 999, 3;
1, 256, 0, -1, -1, -1, 4, 999, 2;
1, 256, 0, 0, 0, 0, 5, 1000, 3;
1, 256, 0, 0, 0, 0, 4, 999, 2;
1, 256, 1, 1, 1, 1, 5, 1000, 3;
1, 256, 0, -1, -1, -1, 4, 999, 2;
1, 256, 0, 0, 0, 0, 5, 1000, 3;
1, 256, 1, 1, 1, 1, 6, 1000, 4;
1, 256, 0, -1, -1, -1, 4, 999, 2;
1, 256, 0, 0, 0, 0, 5, 1000, 3;
1, 256, 0, 0, 0, 0, 4, 999, 2;
1, 256, 1, 1, 1, 1, 6, 1000, 3;
1, 256, 0, 0, 0, 0, 5, 1000, 3;
1, 256, 0, -1, -1, -1, 4, 998, 1;
1, 256, 0, 0, 0, 0, 5, 1000, 3;
1, 256, 0, 1, 1, 1, 5, 1000, 3;
1, 256, 0, -1, -1, -1, 4, 999, 2;
1, 256, 0, 0, 0, 0, 4, 999, 2;
1, 256, 0, -1, -1, -1, 4, 999, 2;
1, 256, 0, 0, 0, 0, 4, 999, 2;
1, 256, 0, 0, 0, 0, 4, 999, 2;
1, 256, 0, 0, 0, 0, 5, 1000, 3;
1, 256, 0, 0, 0, 0, 5, 1000, 3;
1, 256, 0, 0, 0, 0, 4, 999, 2;
1, 256, 0, 0, 0, 0, 4, 999, 2;
1, 256, 0, 1, 1, 1, 5, 1000, 3;
1, 256, 0, 1, 1, 1, 5, 1000, 3;
1, 256, 0, 1, 1, 1, 5, 1000, 3;
1, 256, 0, 0, 0, 0, 5, 1000, 3;
1, 256, 0, 0, 0, 0, 5, 1000, 3;
1, 256, 0, 0, 0, 0, 4, 999, 2;
1, 256, 0, 0, 0, 0, 4, 999, 2;
1, 256, 0, 1, 1, 1, 5, 1000, 3;
1, 256, 0, 0, 0, 0, 5, 1000, 3;
1, 256, 0, 0, 0, 0, 4, 999, 2;
1, 256, 0, -1, -1, -1, 4, 999, 2;
1, 256, 0, 0, 0, 0, 4, 999, 2;
1, 256, 0, 0, 0, 0, 5, 999, 2;
1, 256, 0, 0, 0, 0, 5, 1000, 3;
1, 256, 0, 0, 0, 0, 5, 1000, 3;
1, 256, 1, 1, 1, 1, 5, 1000, 3;
1, 256, 0, 0, 0, 0, 5, 1000, 3;
1, 256, 0, -1, -1, -1, 4, 998, 2;
1, 256, 1, 1, 1, 1, 6, 1001, 4;
1, 256, 0, -1, -1, -1, 4, 998, 2;
1, 256, 0, 0, 0, 0, 5, 1000, 3;
1, 256, 0, 0, 0, 0, 5, 1000, 3;
1, 256, 0, -1, -1, -1, 4, 999, 2;
1, 256, 0, 0, 0, 0, 4, 999, 2;
1, 256, 0, -1, -1, -1, 3, 998, 1;
1, 256, 1, 1, 1, 1, 6, 1001, 4;
1, 256, 0, -1, -1, -1, 3, 998, 1;
1, 256, 0, 0, 0, 0, 4, 999, 2;
1, 256, 0, 1, 1, 1, 5, 1000, 3;
1, 256, 0, 0, 0, 0, 5, 1000, 3;
1, 256, 0, 0, 0, 0, 5, 1000, 3;
1, 256, 0, 0, 0, 0, 5, 1000, 3;
1, 256, 0, 0, 0, 0, 4, 999, 2;
1, 256, 0, 0, 0, 0, 5, 1000, 3;
1, 256, 1, 1, 1, 1, 6, 1001, 4;
1, 256, 0, 0, 0, 0, 5, 1000, 3;
1, 256, 0, 0, 0, 0, 5, 999, 3;
1, 256, 0, -1, -1, -1, 4, 999, 2;
1, 256, 0, 0, 0, 0, 5, 1000, 3;
1, 256, 0, 0, 0, 0, 4, 999, 2;
1, 256, 1, 1, 1, 1, 6, 1001, 4;
1, 256, 0, -1, -1, -1, 4, 999, 2;
1, 256, 0, 1, 1, 1, 5, 1000, 3;
1, 256, 1, 1, 1, 1, 6, 1001, 4;
1, 256, 0, -1, -1, -1, 4, 998, 2;
1, 256, 0, -1, -1, -1, 4, 999, 2;
1, 256, 0, -1, -1, -1, 4, 999, 2;
1, 256, 0, 0, 0, 0, 5, 1000, 3;
1, 256, 0, 0, 0, 0, 4, 999, 2;
1, 256, 0, 1, 1, 1, 5, 1000, 3;
1, 256, 0, 0, 0, 0, 4, 999, 2;
1, 256, 0, 0, 0, 0, 5, 1000, 3;
1, 256, 1, 1, 1, 1, 6, 1000, 3;
1, 256, 0, 0, 0, 0, 5, 1000, 3;
1, 256, 0, -1, -1, -1, 3, 998, 1;
1, 256, 0, 0, 0, 0, 5, 1000, 3;
1, 256, 0, 0, 0, 0, 4, 999, 2;
1, 256, 0, 0, 0, 0, 5, 999, 2;
1, 256, 1, 1, 1, 1, 5, 1000, 3;
1, 256, 0, -1, -1, -1, 4, 999, 2;
1, 256, 0, 0, 0, 0, 5, 1000, 3;
1, 256, 0, -1, -1, -1, 4, 999, 2;
1, 256, 0, 0, 0, 0, 4, 999, 2;
1, 256, 0, 0, 0, 0, 5, 1000, 3;
1, 256, 1, 1, 1, 1, 6, 1000, 4;
1, 256, 0, 1, 1, 1, 5, 1000, 3;
1, 256, 1, 1, 1, 1, 5, 1000, 3;
1, 256, 0, 0, 0, 0, 4, 999, 2;
1, 256, 0, 0, 0, 0, 5, 999, 2;
1, 256, 0, 0, 0, 0, 4, 999, 2;
1, 256, 0, -1, -1, -1, 4, 999, 2;
1, 256, 0, 0, 0, 0, 5, 999, 2;
1, 256, 0, 0, 0, 0, 5, 1000, 3;
1, 256, 1, 1, 1, 1, 6, 1001, 4;
1, 256, 0, 1, 1, 1, 5, 1000, 3;
1, 256, 0, -1, -1, -1, 4, 999, 2;
1, 256, 0, 0, 0, 0, 4, 999, 2;
1, 256, 0, -1, -1, -1, 4, 998, 1;
1, 256, 0, 0, 0, 0, 5, 1000, 3;
1, 256, 0, -1, -1, -1, 4, 999, 2;
1, 256, 0, 1, 1, 1, 5, 1000, 3;
1, 256, 0, 0, 0, 0, 5, 1000, 3;
1, 256, 0, 0, 0, 0, 4, 999, 2;
1, 256, 1, 1, 1, 1, 6, 1001, 4;
1, 256, 0, 0, 0, 0, 5, 999, 2;
1, 256, 0, 1, 1, 1, 5, 1000, 3;
1, 256, 0, -1, -1, -1, 4, 999, 2;
1, 256, 0, 0, 0, 0, 5, 1000, 3;
1, 256, 1, 1, 1, 1, 6, 1000, 4;
1, 256, 0, 0, 0, 0, 4, 999, 2;
1, 256, 0, 0, 0, 0, 4, 999, 2;
1, 256, 0, 1, 1, 1, 5, 1000, 3;
1, 256, 1, 1, 1, 1, 6, 1001, 4;
1, 256, 1, 1, 1, 1, 6, 1000, 3;
1, 256, 0, -1, -1, -1, 4, 998, 1;
1, 256, 0, 0, 0, 0, 4, 999, 2;
1, 256, 0, 0, 0, 0, 5, 1000, 3;
1, 256, 0, -1, -1, -1, 3, 998, 1;
1, 256, 0, -1, -1, -1, 4, 999, 2;
1, 256, 0, 0, 0, 0, 5, 1000, 3;
1, 256, 0, 0, 0, 0, 4, 999, 2;
1, 256, 0, -1, -1, -1, 4, 999, 2;
1, 256, 0, 0, 0, 0, 5, 1000, 3;
1, 256, 0, -1, -1, -1, 4, 999, 2;
1, 256, 0, 0, 0, 0, 4, 999, 2;
1, 256, 0, 0, 0, 0, 5, 1000, 3;
1, 256, 0, 0, 0, 0, 4, 999, 2;
1, 256, 0, 0, 0, 0, 5, 1000, 3;
1, 256, 0, 1, 1, 1, 5, 1000, 3;
1, 256, 1, 1, 1, 1, 6, 1001, 4;
1, 256, 0, -1, -1, -1, 4, 998, 1;
1, 256, 0, 0, 0, 0, 5, 1000, 3;
1, 256, 1, 1, 1, 1, 6, 1001, 4;
1, 256, 0, 0, 0, 0, 4, 999, 2;
1, 256, 1, 1, 1, 1, 6, 1001, 4;
1, 256, 0, 0, 0, 0, 5, 1000, 3;
1, 256, 0, -1, -1, -1, 4, 998, 2;
1, 256, 0, 1, 1, 1, 5, 1000, 3;
1, 256, 1, 1, 1, 1, 6, 1001, 4;
1, 256, 1, 1, 1, 1, 6, 1001, 4;
1, 256, 0, -1, -1, -1, 4, 999, 2;
1, 256, 0, 0, 0, 0, 5, 1000, 3;
1, 256, 0, 0, 0, 0, 5, 999, 3;
1, 256, 0, 0, 0, 0, 4, 999, 2;
1, 256, 0, -1, -1, -1, 4, 999, 2;
1, 256, 0, -1, -1, -1, 4, 998, 2;
1, 256, 0, 0, 0, 0, 5, 999, 3;
1, 256, 0, 0, 0, 0, 4, 999, 2;
1, 256, 0, 0, 0, 0, 5, 999, 3;
1, 256, 0, 0, 0, 0, 5, 1000, 3;
1, 256, 0, 0, 0, 0, 5, 1000, 3;
1, 256, 1, 1, 1, 1, 6, 1001, 4;
1, 256, 0, 0, 0, 0, 4, 999, 2;
1, 256, 0, -1, -1, -1, 4, 999, 2;
1, 256, 1, 1, 1, 1, 6, 1000, 3;
1, 256, 0, 0, 0, 0, 4, 999, 2;
1, 256, 0, 0, 0, 0, 5, 1000, 3;
1, 256, 0, 1, 1, 1, 5, 1000, 3;
1, 256, 0, 0, 0, 0, 5, 1000, 3;
1, 256, 0, 0, 0, 0, 4, 999, 2;
1, 256, 1, 1, 1, 1, 6, 1000, 4;
1, 256, 0, 0, 0, 0, 5, 1000, 3;
1, 256, 1, 1, 1, 1, 6, 1001, 4;
1, 256, 0, 0, 0, 0, 4, 999, 2;
1, 256, 0, 0, 0, 0, 5, 1000, 3;
1, 256, 0, 0, 0, 0, 5, 1000, 3;
1, 256, 0, -1, -1, -1, 4, 999, 2;
1, 256, 0, 1, 1, 1, 5, 1000, 3;
1, 256, 0, 0, 0, 0, 4, 999, 2;
1, 256, 0, 0, 0, 0, 4, 999, 2;
1, 256, 0, -1, -1, -1, 4, 999, 2;
1, 256, 0, 0, 0, 0, 4, 999, 2;
1, 256, 0, 0, 0, 0, 4, 999, 2;
1, 256, 0, -1, -1, -1, 4, 999, 2;
1, 256, 1, 1, 1, 1, 6, 1001, 4;
1, 256, 1, 1, 1, 1, 5, 1000, 3;
1, 256, 0, 0, 0, 0, 5, 1000, 3;
1, 256, 0, 0, 0, 0, 5, 1000, 3;
1, 256, 0, -1, -1, -1, 4, 999, 2;
1, 256, 0, 0, 0, 0, 5, 1000, 3;
1, 256, 0, -1, -1, -1, 4, 998, 2;
1, 256, 0, 0, 0, 0, 5, 999, 2;
1, 256, 1, 1, 1, 1, 6, 1001, 4;
1, 256, 1, 1, 1, 1, 6, 1001, 4;
1, 256, 0, 0, 0, 0, 5, 1000, 3;
1, 256, 0, -1, -1, -1, 3, 998, 1;
1, 256, 0, 0, 0, 0, 4, 999, 2;
1, 256, 0, 0, 0, 0, 5, 1000, 3;
1, 256, 0, -1, -1, -1, 4, 999, 2;
1, 256, 0, 0, 0, 0, 5, 1000, 3;
1, 256, 0, 0, 0, 0, 4, 999, 2;
1, 256, 1, 1, 1, 1, 6, 1001, 4;
1, 256, 0, 1, 1, 1, 5, 1000, 3;
1, 256, 0, -1, -1, -1, 4, 999, 2;
1, 256, 0, -1, -1, -1, 4, 999, 2;
1, 256, 0, -1, -1, -1, 4, 999, 2;
1, 256, 0, 0, 0, 0, 4, 999, 2;
1, 256, 0, 0, 0, 0, 5, 1000, 3;
1, 256, 0, -1, -1, -1, 4, 999, 2;
1, 256, 0, 0, 0, 0, 5, 1000, 3;
1, 256, 0, -1, -1, -1, 4, 999, 2;
1, 256, 0, 0, 0, 0, 4, 999, 2;
1, 256, 0, 1, 1, 1, 5, 1000, 3;
1, 256, 0, 0, 0, 0, 5, 999, 2;
1, 256, 0, 1, 1, 1, 5, 1000, 3;
1, 256, 0, 0, 0, 0, 5, 1000, 3;
1, 256, 0, -1, -1, -1, 4, 999, 2;
1, 256, 0, 1, 1, 1, 5, 1000, 3;
1, 256, 1, 1, 1, 1, 6, 1000, 3;
1, 256, 0, 0, 0, 0, 5, 1000, 3;
1, 256, 1, 1, 1, 1, 6, 1001, 4;
1, 256, 0, 0, 0, 0, 5, 1000, 3;
1, 256, 0, 0, 0, 0, 5, 1000, 3;
1, 256, 0, 0, 0, 0, 4, 999, 2;
1, 256, 0, 0, 0, 0, 4, 999, 2;
1, 256, 0, 0, 0, 0, 5, 1000, 3;
1, 256, 1, 1, 1, 1, 6, 1001, 4;
1, 256, 0, 0, 0, 0, 4, 999, 2;
1, 256, 0, 0, 0, 0, 5, 1000, 3;
1, 256, 0, 0, 0, 0, 4, 999, 2;
1, 256, 0, -1, -1, -1, 4, 999, 2;
1, 256, 0, 0, 0, 0, 5, 1000, 3;
1, 256, 0, 0, 0, 0, 5, 1000, 3;
1, 256, 0, 1, 1, 1, 5, 1000, 3;
1, 256, 0, 1, 1, 1, 5, 1000, 3;
1, 256, 1, 1, 1, 1, 6, 1001, 4;
1, 256, 0, -1, -1, -1, 4, 999, 2;
1, 256, 0, -1, -1, -1, 4, 999, 2;
1, 256, 0, 0, 0, 0, 5, 1000, 3;
1, 256, 0, 0, 0, 0, 5, 999, 3;
1, 256, 0, 0, 0, 0, 4, 999, 2;
1, 256, 0, 0, 0, 0, 5, 999, 3;
1, 256, 0, 0, 0, 0, 5, 1000, 3;
1, 256, 0, 0, 0, 0, 4, 999, 2;
1, 256, 0, 0, 0, 0, 5, 1000, 3;
1, 256, 0, 0, 0, 0, 5, 999, 3;
1, 256, 0, 1, 1, 1, 5, 1000, 3;
1, 256, 0, -1, -1, -1, 4, 999, 2;
1, 256, 0, 0, 0, 0, 4, 999, 2;
1, 256, 0, -1, -1, -1, 4, 999, 2;
1, 256, 1, 1, 1, 1, 6, 1001, 4;
1, 256, 0, 0, 0, 0, 5, 1000, 3;
1, 256, 1, 1, 1, 1, 6, 1001, 4;
1, 256, 0, 0, 0, 0, 5, 1000, 3;
1, 256, 0, 0, 0, 0, 5, 1000, 3;
1, 256, 0, -1, -1, -1, 4, 998, 1;
1, 256, 0, -1, -1, -1, 4, 999, 2;
1, 256, 0, -1, -1, -1, 4, 998, 2;
1, 256, 0, 0, 0, 0, 5, 1000, 3;
1, 256, 0, 0, 0, 0, 4, 999, 2;
1, 256, 0, 0, 0, 0, 4, 999, 2;
1, 256, 1, 1, 1, 1, 6, 1001, 4;
1, 256, 0, -1, -1, -1, 4, 999, 2;
1, 256, 1, 1, 1, 1, 6, 1001, 4;
1, 256, 0, 0, 0, 0, 5, 1000, 3;
1, 256, 1, 1, 1, 1, 6, 1000, 4;
1, 256, 0, 0, 0, 0, 5, 1000, 3;
1, 256, 0, -1, -1, -1, 3, 998, 1;
1, 256, 0, 0, 0, 0, 5, 999, 2;
1, 256, 1, 1, 1, 1, 6, 1001, 4;
1, 256, 0, -1, -1, -1, 4, 999, 2;
1, 256, 0, 0, 0, 0, 5, 1000, 3;
1, 256, 0, 0, 0, 0, 4, 999, 2;
1, 256, 0, 0, 0, 0, 5, 999, 2;
1, 256, 0, -1, -1, -1, 3, 998, 1;
1, 256, 0, 0, 0, 0, 4, 999, 2;
1, 256, 0, 0, 0, 0, 4, 999, 2;
1, 256, 1, 1, 1, 1, 6, 1000, 3;
1, 256, 0, 0, 0, 0, 4, 999, 2;
1, 256, 0, 0, 0, 0, 4, 999, 2;
1, 256, 1, 1, 1, 1, 5, 1000, 3;
1, 256, 0, 1, 1, 1, 5, 1000, 3;
1, 256, 0, -1, -1, -1, 4, 999, 2;
1, 256, 0, 0, 0, 0, 4, 999, 2;
1, 256, 0, 0, 0, 0, 5, 1000, 3;
1, 256, 0, -1, -1, -1, 4, 998, 2;
1, 256, 0, 0, 0, 0, 4, 999, 2;
1, 256, 0, 0, 0, 0, 5, 1000, 3;
1, 256, 0, 0, 0, 0, 4, 999, 2;
1, 256, 0, 0, 0, 0, 5, 1000, 3;
1, 256, 1, 1, 1, 1, 6, 1001, 4;
1, 256, 0, 0, 0, 0, 5, 1000, 3;
1, 256, 0, 0, 0, 0, 5, 1000, 3;
1, 256, 0, 0, 0, 0, 4, 999, 2;
1, 256, 0, 0, 0, 0, 5, 999, 3;
1, 256, 0, 0, 0, 0, 5, 1000, 3;
1, 256, 0, 0, 0, 0, 4, 999, 2;
1, 256, 1, 1, 1, 1, 5, 1000, 3;
1, 256, 0, -1, -1, -1, 4, 998, 2;
1, 256, 0, 0, 0, 0, 5, 1000, 3;
1, 256, 0, 1, 1, 1, 5, 1000, 3;
1, 256, 0, 0, 0, 0, 5, 999, 3;
0, 256, 0, -1, -1, -1, 3, 998, 1;
1, 256, 0, 0, 0, 0, 5, 1000, 3;
1, 256, 0, 0, 0, 0, 5, 1000, 3;
1, 256, 0, 1, 1, 1, 5, 1000, 3;
1, 256, 0, 0, 0, 0, 5, 999, 2;
1, 256, 0, 0, 0, 0, 5, 1000, 3;
1, 256, 0, 0, 0, 0, 4, 999, 2;
1, 256, 0, 0, 0, 0, 4, 999, 2;
1, 256, 0, -1, -1, -1, 3, 998, 1;
1, 256, 1, 1, 1, 1, 5, 1000, 3;
1, 256, 1, 1, 1, 1, 6, 1001, 4;
1, 256, 1, 1, 1, 1, 6, 1001, 4;
1, 256, 0, 1, 1, 1, 5, 1000, 3;
1, 256, 1, 1, 1, 1, 5, 1000, 3;
1, 256, 0, -1, -1, -1, 4, 999, 2;
1, 256, 0, 0, 0, 0, 4, 999, 2;
1, 256, 0, -1, -1, -1, 4, 999, 2;
1, 256, 0, 1, 1, 1, 5, 1000, 3;
1, 256, 1, 1, 1, 1, 6, 1000, 4;
1, 256, 0, 0, 0, 0, 4, 999, 2;
1, 256, 1, 1, 1, 1, 6, 1001, 4;
1, 256, 0, -1, -1, -1, 4, 998, 2;
1, 256, 0, 0, 0, 0, 4, 999, 2;
1, 256, 1, 1, 1, 1, 6, 1001, 4;
1, 256, 0, 1, 1, 1, 5, 1000, 3;
1, 256, 0, 0, 0, 0, 4, 999, 2;
1, 256, 0, 0, 0, 0, 5, 1000, 3;
1, 256, 0, 0, 0, 0, 5, 1000, 3;
1, 256, 0, -1, -1, -1, 4, 999, 2;
1, 256, 0, 1, 1, 1, 5, 1000, 3;
1, 256, 0, 0, 0, 0, 4, 999, 2;
1, 256, 0, 0, 0, 0, 5, 1000, 3;
1, 256, 0, 0, 0, 0, 4, 999, 2;
1, 256, 1, 1, 1, 1, 6, 1001, 4;
1, 256, 0, 0, 0, 0, 5, 1000, 3;
1, 256, 0, 0, 0, 0, 4, 999, 2;
1, 256, 0, 0, 0, 0, 5, 1000, 3;
1, 256, 0, 0, 0, 0, 4, 999, 2;
1, 256, 0, -1, -1, -1, 4, 998, 2;
1, 256, 0, -1, -1, -1, 4, 999, 2;
1, 256, 0, 0, 0, 0, 5, 1000, 3;
1, 256, 0, 0, 0, 0, 5, 1000, 3;
1, 256, 0, 0, 0, 0, 5, 1000, 3;
1, 256, 0, 1, 1, 1, 5, 1000, 3;
1, 256, 0, 0, 0, 0, 5, 1000, 3;
1, 256, 1, 1, 1, 1, 5, 1000, 3;
1, 256, 0, 0, 0, 0, 5, 1000, 3;
1, 256, 0, 0, 0, 0, 4, 999, 2;
1, 256, 0, -1, -1, -1, 4, 999, 2;
1, 256, 0, 0, 0, 0, 5, 1000, 3;
1, 256, 0, -1, -1, -1, 4, 999, 2;
1, 256, 0, 0, 0, 0, 5, 1000, 3;
1, 256, 0, 0, 0, 0, 5, 1000, 3;
1, 256, 0, 0, 0, 0, 4, 999, 2;
1, 256, 0, 0, 0, 0, 4, 999, 2;
1, 256, 0, 0, 0, 0, 5, 1000, 3;
1, 256, 0, 0, 0, 0, 5, 1000, 3;
1, 256, 0, 0, 0, 0, 5, 1000, 3;
1, 256, 0, -1, -1, -1, 4, 998, 1;
1, 256, 0, 1, 1, 1, 5, 1000, 3;
1, 256, 0, 0, 0, 0, 4, 999, 2;
1, 256, 0, 1, 1, 1, 5, 1000, 3;
1, 256, 0, 0, 0, 0, 5, 999, 3;
1, 256, 0, 0, 0, 0, 5, 999, 2;
1, 256, 1, 1, 1, 1, 6, 1000, 3;
1, 256, 0, 0, 0, 0, 5, 1000, 3;
1, 256, 0, 0, 0, 0, 5, 999, 3;
1, 256, 0, 0, 0, 0, 4, 999, 2;
1, 256, 0, -1, -1, -1, 3, 998, 1;
1, 256, 0, 1, 1, 1, 5, 1000, 3;
1, 256, 0, 0, 0, 0, 5, 1000, 3;
1, 256, 0, 0, 0, 0, 4, 999, 2;
1, 256, 0, 0, 0, 0, 4, 999, 2;
1, 256, 0, -1, -1, -1, 4, 999, 2;
1, 256, 0, -1, -1, -1, 3, 998, 1;
1, 256, 1, 1, 1, 1, 6, 1001, 4;
1, 256, 0, 0, 0, 0, 5, 1000, 3;
1, 256, 0, 1, 1, 1, 5, 1000, 3;
1, 256, 0, 0, 0, 0, 5, 1000, 3;
1, 256, 0, 0, 0, 0, 5, 1000, 3;
1, 256, 0, -1, -1, -1, 4, 999, 2;
1, 256, 0, -1, -1, -1, 4, 999, 2;
1, 256, 0, 0, 0, 0, 5, 1000, 3;
1, 256, 0, 0, 0, 0, 4, 999, 2;
1, 256, 0, 0, 0, 0, 4, 999, 2;
1, 256, 0, 0, 0, 0, 5, 1000, 3;
1, 256, 1, 1, 1, 1, 6, 1001, 4;
1, 256, 0, -1, -1, -1, 4, 999, 2;
1, 256, 0, 0, 0, 0, 4, 999, 2;
1, 256, 1, 1, 1, 1, 5, 1000, 3;
1, 256, 1, 1, 1, 1, 6, 1001, 4;
1, 256, 0, -1, -1, -1, 4, 998, 1;
1, 256, 1, 1, 1, 1, 6, 1000, 3;
1, 256, 0, 1, 1, 1, 5, 1000, 3;
1, 256, 0, -1, -1, -1, 4, 998, 2;
1, 256, 0, 0, 0, 0, 5, 1000, 3;
1, 256, 0, 1, 1, 1, 5, 1000, 3;
1, 256, 0, 0, 0, 0, 4, 999, 2;
1, 256, 1, 1, 1, 1, 6, 1001, 4;
1, 256, 1, 1, 1, 1, 5, 1000, 3;
1, 256, 0, 0, 0, 0, 4, 999, 2;
1, 256, 1, 1, 1, 1, 6, 1000, 3;
1, 256, 0, -1, -1, -1, 4, 999, 2;
1, 256, 1, 1, 1, 1, 6, 1001, 4;
1, 256, 1, 1, 1, 1, 6, 1000, 3;
1, 256, 0, -1, -1, -1, 4, 999, 2;
1, 256, 0, 0, 0, 0, 5, 1000, 3;
1, 256, 0, 0, 0, 0, 5, 1000, 3;
0, 256, 0, -1, -1, -1, 3, 998, 1;
1, 256, 0, 0, 0, 0, 5, 1000, 3;
1, 256, 0, 0, 0, 0, 5, 999, 3;
1, 256, 0, 1, 1, 1, 5, 1000, 3;
1, 256, 1, 1, 1, 1, 6, 1000, 4;
1, 256, 0, -1, -1, -1, 4, 999, 2;
1, 256, 1, 1, 1, 1, 6, 1000, 3;
1, 256, 0, 1, 1, 1, 5, 1000, 3;
1, 256, 0, 0, 0, 0, 4, 999, 2;
1, 256, 0, 0, 0, 0, 4, 999, 2;
1, 256, 0, 0, 0, 0, 5, 1000, 3;
1, 256, 0, 0, 0, 0, 5, 1000, 3;
1, 256, 0, 0, 0, 0, 4, 999, 2;
1, 256, 0, 0, 0, 0, 4, 999, 2;
1, 256, 0, 0, 0, 0, 4, 999, 2;
1, 256, 0, 0, 0, 0, 4, 999, 2;
1, 256, 0, 0, 0, 0, 5, 1000, 3;
1, 256, 0, -1, -1, -1, 4, 999, 2;
1, 256, 0, 0, 0, 0, 5, 1000, 3;
1, 256, 0, 1, 1, 1, 5, 1000, 3;
1, 256, 0, 0, 0, 0, 5, 1000, 3;
1, 256, 0, 0, 0, 0, 5, 1000, 3;
1, 256, 1, 1, 1, 1, 6, 1001, 4;
1, 256, 0, -1, -1, -1, 4, 999, 2;
1, 256, 1, 1, 1, 1, 6, 1001, 4;
1, 256, 0, 0, 0, 0, 5, 1000, 3;
1, 256, 0, 0, 0, 0, 5, 1000, 3;
1, 256, 0, 0, 0, 0, 5, 1000, 3;
1, 256, 0, -1, -1, -1, 4, 999, 2;
1, 256, 0, 0, 0, 0, 5, 999, 3;
1, 256, 0, 0, 0, 0, 4, 999, 2;
1, 256, 0, 1, 1, 1, 5, 1000, 3;
1, 256, 0, 0, 0, 0, 5, 1000, 3;
1, 256, 0, 0, 0, 0, 4, 999, 2;
1, 256, 0, -1, -1, -1, 4, 999, 2;
1, 256, 0, -1, -1, -1, 4, 998, 1;
1, 256, 0, 0, 0, 0, 4, 999, 2;
1, 256, 0, 0, 0, 0, 5, 1000, 3;
1, 256, 0, 1, 1, 1, 5, 1000, 3;
1, 256, 0, -1, -1, -1, 4, 999, 2;
1, 256, 0, 0, 0, 0, 5, 999, 3;
1, 256, 1, 1, 1, 1, 6, 1001, 4;
1, 256, 0, -1, -1, -1, 3, 998, 1;
1, 256, 0, 0, 0, 0, 4, 999, 2;
1, 256, 0, 0, 0, 0, 5, 1000, 3;
1, 256, 0, -1, -1, -1, 3, 998, 1;
1, 256, 0, -1, -1, -1, 4, 998, 2;
1, 256, 1, 1, 1, 1, 6, 1001, 4;
1, 256, 0, 0, 0, 0, 4, 999, 2;
0, 256, 0, -1, -1, -1, 3, 998, 1;
1, 256, 0, 0, 0, 0, 5, 1000, 3;
1, 256, 0, -1, -1, -1, 4, 999, 2;
1, 256, 0, 0, 0, 0, 4, 999, 2;
1, 256, 0, 0, 0, 0, 5, 1000, 3;
1, 256, 0, 0, 0, 0, 5, 1000, 3;
1, 256, 0, -1, -1, -1, 4, 999, 2;
1, 256, 0, -1, -1, -1, 4, 999, 2;
1, 256, 1, 1, 1, 1, 6, 1000, 4;
1, 256, 0, -1, -1, -1, 4, 999, 2;
1, 256, 0, -1, -1, -1, 3, 998, 1;
1, 256, 0, 1, 1, 1, 5, 1000, 3;
1, 256, 0, 0, 0, 0, 4, 999, 2;
1, 256, 1, 1, 1, 1, 6, 1001, 4;
1, 256, 0, -1, -1, -1, 4, 999, 2;
1, 256, 1, 1, 1, 1, 6, 1001, 4;
1, 256, 0, -1, -1, -1, 3, 998, 1;
1, 256, 0, 0, 0, 0, 4, 999, 2;
1, 256, 0, 1, 1, 1, 5, 1000, 3;
1, 256, 0, 0, 0, 0, 4, 999, 2;
1, 256, 0, -1, -1, -1, 3, 998, 1;
1, 256, 0, -1, -1, -1, 4, 998, 1;
1, 256, 0, 0, 0, 0, 5, 1000, 3;
1, 256, 0, 0, 0, 0, 5, 1000, 3;
1, 256, 1, 1, 1, 1, 6, 1001, 4;
1, 256, 0, 1, 1, 1, 5, 1000, 3;
1, 256, 0, 0, 0, 0, 5, 1000, 3;
1, 256, 0, 0, 0, 0, 4, 999, 2;
1, 256, 0, 0, 0, 0, 4, 999, 2;
1, 256, 0, -1, -1, -1, 4, 999, 2;
1, 256, 0, -1, -1, -1, 4, 999, 2;
1, 256, 0, -1, -1, -1, 4, 999, 2;
1, 256, 1, 1, 1, 1, 6, 1001, 4;
1, 256, 0, 0, 0, 0, 5, 1000, 3;
1, 256, 0, -1, -1, -1, 4, 998, 1;
1, 256, 0, 0, 0, 0, 5, 1000, 3;
1, 256, 0, 0, 0, 0, 5, 1000, 3;
1, 256, 0, -1, -1, -1, 4, 999, 2;
1, 256, 0, 0, 0, 0, 5, 1000, 3;
1, 256, 0, 1, 1, 1, 5, 1000, 3;
1, 256, 0, -1, -1, -1, 4, 999, 2;
1, 256, 0, 1, 1, 1, 5, 1000, 3;
1, 256, 0, 0, 0, 0, 5, 1000, 3;
1, 256, 0, 0, 0, 0, 5, 1000, 3;
1, 256, 1, 1, 1, 1, 6, 1000, 4;
1, 256, 0, 0, 0, 0, 5, 1000, 3;
1, 256, 0, 1, 1, 1, 5, 1000, 3;
1, 256, 0, -1, -1, -1, 4, 998, 1;
1, 256, 0, -1, -1, -1, 4, 998, 2;
1, 256, 0, 0, 0, 0, 5, 1000, 3;
1, 256, 0, -1, -1, -1, 4, 999, 2;
1, 256, 0, -1, -1, -1, 4, 999, 2;
1, 256, 0, -1, -1, -1, 4, 998, 2;
1, 256, 0, 0, 0, 0, 5, 1000, 3;
1, 256, 0, 0, 0, 0, 4, 999, 2;
1, 256, 0, 0, 0, 0, 4, 999, 2;
0, 256, 0, -1, -1, -1, 3, 998, 1;
1, 256, 0, 0, 0, 0, 4, 999, 2;
1, 256, 1, 1, 1, 1, 6, 1001, 4;
1, 256, 0, 0, 0, 0, 4, 999, 2;
1, 256, 1, 1, 1, 1, 5, 1000, 3;
1, 256, 0, 0, 0, 0, 4, 999, 2;
1, 256, 0, 0, 0, 0, 5, 1000, 3;
1, 256, 0, 0, 0, 0, 4, 999, 2;
1, 256, 0, 0, 0, 0, 4, 999, 2;
1, 256, 0, 0, 0, 0, 4, 999, 2;
1, 256, 0, 0, 0, 0, 5, 1000, 3;
1, 256, 0, 0, 0, 0, 5, 1000, 3;
1, 256, 0, -1, -1, -1, 4, 999, 2;
1, 256, 0, 0, 0, 0, 4, 999, 2;
1, 256, 0, -1, -1, -1, 4, 998, 1;
1, 256, 0, 0, 0, 0, 4, 999, 2;
1, 256, 0, 1, 1, 1, 5, 1000, 3;
1, 256, 0, 0, 0, 0, 5, 999, 2;
1, 256, 0, -1, -1, -1, 4, 999, 2;
1, 256, 1, 1, 1, 1, 6, 1001, 4;
1, 256, 1, 1, 1, 1, 6, 1001, 4;
1, 256, 1, 1, 1, 1, 6, 1001, 4;
1, 256, 1, 1, 1, 1, 5, 1000, 3;
1, 256, 0, -1, -1, -1, 3, 998, 1;
1, 256, 1, 1, 1, 1, 6, 1001, 4;
0, 256, 0, -1, -1, -1, 3, 998, 1;
1, 256, 1, 1, 1, 1, 6, 1000, 3;
1, 256, 0, 0, 0, 0, 5, 1000, 3;
1, 256, 0, 0, 0, 0, 4, 999, 2;
1, 256, 0, 0, 0, 0, 4, 999, 2;
1, 256, 0, 1, 1, 1, 5, 1000, 3;
1, 256, 0, -1, -1, -1, 4, 999, 2;
1, 256, 1, 1, 1, 1, 5, 1000, 3;
1, 256, 0, -1, -1, -1, 4, 999, 2;
1, 256, 0, -1, -1, -1, 4, 999, 2;
1, 256, 0, 0, 0, 0, 5, 1000, 3;
1, 256, 0, -1, -1, -1, 4, 999, 2;
1, 256, 0, 0, 0, 0, 4, 999, 2;
1, 256, 0, 0, 0, 0, 5, 1000, 3;
1, 256, 1, 1, 1, 1, 6, 1001, 4;
1, 256, 0, 0, 0, 0, 4, 999, 2;
1, 256, 0, 0, 0, 0, 5, 1000, 3;
1, 256, 0, -1, -1, -1, 4, 999, 2;
1, 256, 0, -1, -1, -1, 4, 999, 2;
1, 256, 0, 0, 0, 0, 5, 1000, 3;
1, 256, 0, 0, 0, 0, 4, 999, 2;
1, 256, 0, 0, 0, 0, 5, 1000, 3;
0, 256, 0, -1, -1, -1, 3, 998, 1;
1, 256, 0, 0, 0, 0, 5, 1000, 3;
1, 256, 0, 0, 0, 0, 5, 1000, 3;
1, 256, 0, -1, -1, -1, 3, 998, 1;
1, 256, 1, 1, 1, 1, 6, 1001, 4;
1, 256, 0, 0, 0, 0, 5, 1000, 3;
1, 256, 1, 1, 1, 1, 6, 1001, 4;
1, 256, 0, -1, -1, -1, 4, 999, 2;
1, 256, 0, 0, 0, 0, 5, 1000, 3;
1, 256, 1, 1, 1, 1, 6, 1001, 4;
1, 256, 1, 1, 1, 1, 6, 1001, 4;
1, 256, 0, 0, 0, 0, 5, 1000, 3;
1, 256, 1, 1, 1, 1, 6, 1001, 4;
1, 256, 0, -1, -1, -1, 4, 999, 2;
1, 256, 0, 0, 0, 0, 5, 1000, 3;
1, 256, 0, -1, -1, -1, 4, 999, 2;
1, 256, 0, 0, 0, 0, 5, 1000, 3;
1, 256, 0, -1, -1, -1, 3, 998, 1;
1, 256, 0, 0, 0, 0, 5, 1000, 3;
1, 256, 0, -1, -1, -1, 4, 999, 2;
1, 256, 0, 0, 0, 0, 5, 1000, 3;
1, 256, 0, 0, 0, 0, 4, 999, 2;
1, 256, 0, 1, 1, 1, 5, 1000, 3;
1, 256, 0, 1, 1, 1, 5, 1000, 3;
1, 256, 1, 1, 1, 1, 6, 1001, 4;
1, 256, 0, 0, 0, 0, 4, 999, 2;
1, 256, 0, -1, -1, -1, 4, 999, 2;
1, 256, 0, -1, -1, -1, 4, 999, 2;
1, 256, 1, 1, 1, 1, 6, 1001, 4;
1, 256, 0, 0, 0, 0, 4, 999, 2;
1, 256, 0, 0, 0, 0, 5, 1000, 3;
1, 256, 0, 0, 0, 0, 5, 1000, 3;
1, 256, 0, 0, 0, 0, 5, 999, 3;
1, 256, 0, 0, 0, 0, 5, 1000, 3;
1, 256, 1, 1, 1, 1, 6, 1000, 4;
1, 256, 0, 1, 1, 1, 5, 1000, 3;
1, 256, 0, 1, 1, 1, 5, 1000, 3;
1, 256, 1, 1, 1, 1, 6, 1001, 4;
1, 256, 0, 1, 1, 1, 5, 1000, 3;
1, 256, 0, 0, 0, 0, 5, 999, 2;
1, 256, 0, 0, 0, 0, 5, 1000, 3;
1, 256, 0, 1, 1, 1, 5, 1000, 3;
1, 256, 0, 0, 0, 0, 5, 1000, 3;
1, 256, 1, 1, 1, 1, 6, 1000, 3;
1, 256, 0, 0, 0, 0, 5, 1000, 3;
1, 256, 0, 0, 0, 0, 5, 1000, 3;
1, 256, 0, -1, -1, -1, 4, 999, 2;
1, 256, 0, -1, -1, -1, 4, 999, 2;
1, 256, 0, 0, 0, 0, 5, 999, 3;
1, 256, 0, 0, 0, 0, 4, 999, 2;
1, 256, 1, 1, 1, 1, 5, 1000, 3;
1, 256, 0, 0, 0, 0, 5, 1000, 3;
1, 256, 0, 0, 0, 0, 5, 1000, 3;
1, 256, 0, 0, 0, 0, 5, 1000, 3;
1, 256, 0, 0, 0, 0, 4, 999, 2;
1, 256, 0, 0, 0, 0, 4, 999, 2;
1, 256, 0, 0, 0, 0, 5, 1000, 3;
1, 256, 0, 0, 0, 0, 4, 999, 2;
1, 256, 0, -1, -1, -1, 4, 999, 2;
1, 256, 1, 1, 1, 1, 6, 1001, 4;
1, 256, 0, 1, 1, 1, 5, 1000, 3;
1, 256, 0, 0, 0, 0, 4, 999, 2;
1, 256, 0, -1, -1, -1, 4, 999, 2;
1, 256, 0, -1, -1, -1, 4, 999, 2;
1, 256, 0, -1, -1, -1, 4, 999, 2;
1, 256, 0, 0, 0, 0, 4, 999, 2;
1, 256, 0, 0, 0, 0, 4, 999, 2;
1, 256, 0, 0, 0, 0, 5, 999, 2;
1, 256, 0, -1, -1, -1, 4, 999, 2;
1, 256, 0, -1, -1, -1, 4, 999, 2;
1, 256, 1, 1, 1, 1, 6, 1000, 3;
1, 256, 1, 1, 1, 1, 6, 1001, 4;
1, 256, 0, 0, 0, 0, 4, 999, 2;
1, 256, 0, 0, 0, 0, 4, 999, 2;
1, 256, 0, -1, -1, -1, 4, 998, 2;
1, 256, 0, 0, 0, 0, 4, 999, 2;
1, 256, 0, 0, 0, 0, 5, 1000, 3;
1, 256, 0, 0, 0, 0, 5, 1000, 3;
1, 256, 0, -1, -1, -1, 4, 999, 2;
1, 256, 0, 0, 0, 0, 5, 1000, 3;
1, 256, 0, 0, 0, 0, 4, 999, 2;
1, 256, 0, 1, 1, 1, 5, 1000, 3;
1, 256, 0, 0, 0, 0, 5, 1000, 3;
1, 256, 0, -1, -1, -1, 4, 999, 2;
1, 256, 0, 0, 0, 0, 5, 1000, 3;
1, 256, 0, 0, 0, 0, 5, 1000, 3;
1, 256, 0, 0, 0, 0, 4, 999, 2;
1, 256, 1, 1, 1, 1, 6, 1001, 4;
1, 256, 0, 0, 0, 0, 5, 1000, 3;
1, 256, 0, 0, 0, 0, 5, 1000, 3;
1, 256, 0, -1, -1, -1, 4, 998, 2;
1, 256, 0, -1, -1, -1, 4, 999, 2;
1, 256, 0, 1, 1, 1, 5, 1000, 3;
1, 256, 0, 0, 0, 0, 5, 1000, 3;
1, 256, 0, 0, 0, 0, 5, 1000, 3;
1, 256, 0, 1, 1, 1, 5, 1000, 3;
1, 256, 0, 0, 0, 0, 5, 1000, 3;
1, 256, 0, 0, 0, 0, 5, 1000, 3;
1, 256, 1, 1, 1, 1, 6, 1001, 4;
1, 256, 0, -1, -1, -1, 4, 999, 2;
1, 256, 1, 1, 1, 1, 5, 1000, 3;
1, 256, 0, -1, -1, -1, 4, 999, 2;
1, 256, 0, 0, 0, 0, 5, 1000, 3;
1, 256, 0, 0, 0, 0, 5, 1000, 3;
1, 256, 0, 0, 0, 0, 4, 999, 2;
1, 256, 0, 0, 0, 0, 4, 999, 2;
1, 256, 0, 1, 1, 1, 5, 1000, 3;
1, 256, 1, 1, 1, 1, 6, 1001, 4;
1, 256, 0, 1, 1, 1, 5, 1000, 3;
1, 256, 0, -1, -1, -1, 4, 999, 2;
1, 256, 1, 1, 1, 1, 5, 1000, 3;
1, 256, 0, 0, 0, 0, 5, 1000, 3;
1, 256, 0, -1, -1, -1, 4, 999, 2;
1, 256, 0, 0, 0, 0, 5, 1000, 3;
1, 256, 0, 0, 0, 0, 5, 1000, 3;
1, 256, 0, 0, 0, 0, 4, 999, 2;
1, 256, 0, 0, 0, 0, 5, 1000, 3;
1, 256, 0, 0, 0, 0, 5, 1000, 3;
1, 256, 0, 0, 0, 0, 5, 1000, 3;
1, 256, 0, 1, 1, 1, 5, 1000, 3;
1, 256, 0, 0, 0, 0, 4, 999, 2;
1, 256, 0, 0, 0, 0, 5, 1000, 3;
1, 256, 0, 0, 0, 0, 5, 1000, 3;
1, 256, 1, 1, 1, 1, 6, 1001, 4;
1, 256, 0, 1, 1, 1, 5, 1000, 3;
1, 256, 0, 0, 0, 0, 4, 999, 2;
1, 256, 0, 0, 0, 0, 5, 1000, 3;
1, 256, 1, 1, 1, 1, 6, 1001, 4;
1, 256, 0, 0, 0, 0, 4, 999, 2;
1, 256, 0, 0, 0, 0, 5, 1000, 3;
1, 256, 0, 0, 0, 0, 4, 999, 2;
1, 256, 0, 0, 0, 0, 4, 999, 2;
1, 256, 0, -1, -1, -1, 4, 999, 2;
1, 256, 0, 0, 0, 0, 4, 999, 2;
1, 256, 0, -1, -1, -1, 4, 999, 2;
1, 256, 0, -1, -1, -1, 3, 998, 1;
1, 256, 0, 0, 0, 0, 5, 1000, 3;
1, 256, 0, 0, 0, 0, 5, 1000, 3;
1, 256, 1, 1, 1, 1, 6, 1001, 4;
1, 256, 0, 1, 1, 1, 5, 1000, 3;
1, 256, 0, 0, 0, 0, 5, 999, 3;
1, 256, 0, -1, -1, -1, 4, 999, 2;
1, 256, 1, 1, 1, 1, 5, 1000, 3;
1, 256, 0, 0, 0, 0, 5, 1000, 3;
1, 256, 0, -1, -1, -1, 4, 998, 2;
1, 256, 0, 0, 0, 0, 5, 1000, 3;
1, 256, 0, 1, 1, 1, 5, 1000, 3;
1, 256, 1, 1, 1, 1, 6, 1001, 4;
1, 256, 0, 1, 1, 1, 5, 1000, 3;
1, 256, 0, 0, 0, 0, 5, 999, 2;
1, 256, 1, 1, 1, 1, 5, 1000, 3;
1, 256, 0, -1, -1, -1, 3, 998, 1;
1, 256, 0, -1, -1, -1, 4, 999, 2;
1, 256, 0, 1, 1, 1, 5, 1000, 3;
1, 256, 1, 1, 1, 1, 6, 1001, 4;
1, 256, 0, 0, 0, 0, 5, 1000, 3;
1, 256, 0, -1, -1, -1, 4, 999, 2;
1, 256, 0, 0, 0, 0, 5, 1000, 3;
1, 256, 0, 0, 0, 0, 5, 1000, 3;
1, 256, 0, -1, -1, -1, 3, 998, 1;
0, 256, 0, -1, -1, -1, 3, 998, 1;
1, 256, 0, 0, 0, 0, 4, 999, 2;
1, 256, 0, -1, -1, -1, 4, 999, 2;
1, 256, 1, 1, 1, 1, 6, 1001, 4;
1, 256, 0, -1, -1, -1, 4, 998, 2;
1, 256, 0, 0, 0, 0, 4, 999, 2;
1, 256, 0, 0, 0, 0, 5, 1000, 3;
1, 256, 0, 0, 0, 0, 5, 1000, 3;
1, 256, 1, 1, 1, 1, 6, 1000, 3;
1, 256, 0, 0, 0, 0, 4, 999, 2;
1, 256, 0, -1, -1, -1, 4, 999, 2;
1, 256, 0, 0, 0, 0, 4, 999, 2;
1, 256, 0, 1, 1, 1, 5, 1000, 3;
1, 256, 0, 0, 0, 0, 4, 999, 2;
1, 256, 0, 0, 0, 0, 4, 999, 2;
1, 256, 0, 0, 0, 0, 4, 999, 2;
1, 256, 0, -1, -1, -1, 4, 998, 1;
1, 256, 0, 0, 0, 0, 4, 999, 2;
1, 256, 1, 1, 1, 1, 6, 1000, 3;
0, 256, 0, -1, -1, -1, 3, 998, 1;
1, 256, 0, 0, 0, 0, 4, 999, 2;
1, 256, 0, -1, -1, -1, 4, 999, 2;
1, 256, 0, 0, 0, 0, 5, 1000, 3;
1, 256, 1, 1, 1, 1, 6, 1001, 4;
1, 256, 0, 0, 0, 0, 5, 1000, 3;
1, 256, 0, -1, -1, -1, 4, 998, 2;
1, 256, 0, 0, 0, 0, 5, 999, 3;
1, 256, 0, 0, 0, 0, 5, 1000, 3;
1, 256, 0, 1, 1, 1, 5, 1000, 3;
1, 256, 0, 0, 0, 0, 5, 1000, 3;
1, 256, 1, 1, 1, 1, 6, 1001, 4;
1, 256, 0, 0, 0, 0, 4, 999, 2;
1, 256, 0, -1, -1, -1, 4, 999, 2;
1, 256, 0, 0, 0, 0, 5, 1000, 3;
1, 256, 0, 0, 0, 0, 4, 999, 2;
1, 256, 1, 1, 1, 1, 6, 1001, 4;
1, 256, 0, 0, 0, 0, 4, 999, 2;
1, 256, 0, 0, 0, 0, 5, 1000, 3;
1, 256, 0, -1, -1, -1, 4, 998, 2;
1, 256, 1, 1, 1, 1, 6, 1000, 3;
1, 256, 0, 0, 0, 0, 4, 999, 2;
1, 256, 0, -1, -1, -1, 4, 999, 2;
1, 256, 0, 0, 0, 0, 4, 999, 2;
1, 256, 1, 1, 1, 1, 6, 1001, 4;
1, 256, 1, 1, 1, 1, 5, 1000, 3;
1, 256, 0, 0, 0, 0, 5, 1000, 3;
1, 256, 0, 0, 0, 0, 4, 999, 2;
1, 256, 0, 0, 0, 0, 5, 1000, 3;
1, 256, 0, 0, 0, 0, 4, 999, 2;
1, 256, 0, 0, 0, 0, 4, 999, 2;
1, 256, 0, 1, 1, 1, 5, 1000, 3;
1, 256, 0, 0, 0, 0, 4, 999, 2;
1, 256, 0, 0, 0, 0, 5, 1000, 3;
1, 256, 0, 0, 0, 0, 4, 999, 2;
1, 256, 0, 0, 0, 0, 5, 1000, 3;
1, 256, 0, -1, -1, -1, 4, 999, 2;
1, 256, 0, 1, 1, 1, 5, 1000, 3;
1, 256, 0, 0, 0, 0, 4, 999, 2;
1, 256, 0, -1, -1, -1, 4, 998, 1;
1, 256, 0, -1, -1, -1, 4, 999, 2;
1, 256, 0, 1, 1, 1, 5, 1000, 3;
1, 256, 0, 0, 0, 0, 5, 1000, 3;
1, 256, 0, 1, 1, 1, 5, 1000, 3;
1, 256, 0, 0, 0, 0, 5, 999, 2;
1, 256, 1, 1, 1, 1, 6, 1001, 4;
1, 256, 1, 1, 1, 1, 6, 1001, 4;
1, 256, 0, 0, 0, 0, 4, 999, 2;
1, 256, 1, 1, 1, 1, 5, 1000, 3;
1, 256, 0, 0, 0, 0, 5, 1000, 3;
1, 256, 0, -1, -1, -1, 3, 998, 1;
1, 256, 0, 0, 0, 0, 5, 999, 3;
1, 256, 0, 0, 0, 0, 4, 999, 2;
1, 256, 0, 0, 0, 0, 4, 999, 2;
1, 256, 0, 0, 0, 0, 4, 999, 2;
1, 256, 0, -1, -1, -1, 4, 999, 2;
1, 256, 0, 1, 1, 1, 5, 1000, 3;
1, 256, 0, 1, 1, 1, 5, 1000, 3;
1, 256, 0, 0, 0, 0, 4, 999, 2;
1, 256, 0, 0, 0, 0, 4, 999, 2;
1, 256, 0, -1, -1, -1, 4, 999, 2;
1, 256, 1, 1, 1, 1, 6, 1001, 4;
1, 256, 0, -1, -1, -1, 3, 998, 1;
1, 256, 1, 1, 1, 1, 5, 1000, 3;
1, 256, 0, 0, 0, 0, 4, 999, 2;
1, 256, 0, 0, 0, 0, 4, 999, 2;
1, 256, 0, 0, 0, 0, 4, 999, 2;
1, 256, 0, 1, 1, 1, 5, 1000, 3;
1, 256, 0, 0, 0, 0, 5, 1000, 3;
1, 256, 1, 1, 1, 1, 6, 1000, 4;
1, 256, 0, 0, 0, 0, 5, 1000, 3;
1, 256, 1, 1, 1, 1, 6, 1001, 4;
1, 256, 0, 0, 0, 0, 4, 999, 2;
1, 256, 0, 0, 0, 0, 5, 1000, 3;
1, 256, 0, 0, 0, 0, 5, 1000, 3;
1, 256, 0, -1, -1, -1, 3, 998, 1;
1, 256, 0, 0, 0, 0, 5, 1000, 3;
1, 256, 0, -1, -1, -1, 3, 998, 1;
1, 256, 0, -1, -1, -1, 4, 998, 1;
1, 256, 0, 0, 0, 0, 4, 999, 2;
1, 256, 0, 0, 0, 0, 5, 1000, 3;
1, 256, 0, 1, 1, 1, 5, 1000, 3;
1, 256, 1, 1, 1, 1, 6, 1001, 4;
1, 256, 0, 0, 0, 0, 5, 1000, 3;
1, 256, 1, 1, 1, 1, 6, 1001, 4;
1, 256, 1, 1, 1, 1, 6, 1000, 3;
1, 256, 0, 0, 0, 0, 4, 999, 2;
1, 256, 0, 0, 0, 0, 5, 1000, 3;
1, 256, 0, -1, -1, -1, 3, 998, 1;
1, 256, 1, 1, 1, 1, 6, 1001, 4;
1, 256, 0, 1, 1, 1, 5, 1000, 3;
1, 256, 0, 0, 0, 0, 4, 999, 2;
1, 256, 0, 0, 0, 0, 4, 999, 2;
1, 256, 1, 1, 1, 1, 6, 1001, 4;
1, 256, 0, 0, 0, 0, 5, 999, 3;
1, 256, 0, 0, 0, 0, 4, 999, 2;
1, 256, 0, -1, -1, -1, 3, 998, 1;
1, 256, 0, 0, 0, 0, 4, 999, 2;
1, 256, 0, 0, 0, 0, 4, 999, 2;
1, 256, 0, -1, -1, -1, 4, 999, 2;
1, 256, 0, -1, -1, -1, 4, 999, 2;
1, 256, 0, 0, 0, 0, 4, 999, 2;
1, 256, 0, 0, 0, 0, 4, 999, 2;
1, 256, 0, 0, 0, 0, 4, 999, 2;
1, 256, 0, 0, 0, 0, 4, 999, 2;
1, 256, 0, 0, 0, 0, 4, 999, 2;
1, 256, 0, 0, 0, 0, 5, 1000, 3;
1, 256, 1, 1, 1, 1, 6, 1001, 4;
1, 256, 0, 0, 0, 0, 5, 1000, 3;
1, 256, 0, 0, 0, 0, 4, 999, 2;
1, 256, 0, -1, -1, -1, 4, 999, 2;
1, 256, 0, 0, 0, 0, 5, 1000, 3;
0, 256, 0, -1, -1, -1, 3, 998, 1;
1, 256, 0, -1, -1, -1, 3, 998, 1;
1, 256, 1, 1, 1, 1, 6, 1001, 4;
1, 256, 1, 1, 1, 1, 6, 1001, 4;
1, 256, 1, 1, 1, 1, 6, 1000, 4;
1, 256, 1, 1, 1, 1, 6, 1001, 4;
1, 256, 0, -1, -1, -1, 4, 999, 2;
1, 256, 0, -1, -1, -1, 4, 998, 1;
1, 256, 0, -1, -1, -1, 4, 998, 2;
1, 256, 0, 0, 0, 0, 5, 1000, 3;
1, 256, 0, 0, 0, 0, 4, 999, 2;
1, 256, 0, 0, 0, 0, 5, 999, 2;
1, 256, 0, 0, 0, 0, 4, 999, 2;
1, 256, 0, 0, 0, 0, 5, 1000, 3;
1, 256, 0, -1, -1, -1, 4, 999, 2;
1, 256, 0, 0, 0, 0, 5, 999, 3;
1, 256, 1, 1, 1, 1, 6, 1001, 4;
1, 256, 0, 0, 0, 0, 4, 999, 2;
1, 256, 0, 0, 0, 0, 5, 999, 3;
1, 256, 0, -1, -1, -1, 4, 999, 2;
1, 256, 0, -1, -1, -1, 4, 999, 2;
1, 256, 1, 1, 1, 1, 6, 1001, 4;
1, 256, 0, 0, 0, 0, 5, 1000, 3;
1, 256, 1, 1, 1, 1, 6, 1001, 4;
1, 256, 0, -1, -1, -1, 4, 999, 2;
1, 256, 0, 0, 0, 0, 5, 1000, 3;
1, 256, 0, 0, 0, 0, 5, 1000, 3;
1, 256, 0, 0, 0, 0, 5, 1000, 3;
1, 256, 0, 0, 0, 0, 4, 999, 2;
1, 256, 0, 0, 0, 0, 5, 999, 3;
1, 256, 1, 1, 1, 1, 6, 1001, 4;
1, 256, 0, 1, 1, 1, 5, 1000, 3;
1, 256, 0, 1, 1, 1, 5, 1000, 3;
1, 256, 0, 0, 0, 0, 5, 1000, 3;
1, 256, 0, 0, 0, 0, 4, 999, 2;
1, 256, 0, -1, -1, -1, 4, 999, 2;
1, 256, 0, 0, 0, 0, 5, 1000, 3;
1, 256, 1, 1, 1, 1, 6, 1000, 4;
1, 256, 0, 0, 0, 0, 5, 1000, 3;
1, 256, 0, 0, 0, 0, 4, 999, 2;
1, 256, 0, 0, 0, 0, 5, 1000, 3;
1, 256, 0, 0, 0, 0, 5, 1000, 3;
1, 256, 0, 0, 0, 0, 5, 1000, 3;
1, 256, 0, 0, 0, 0, 5, 1000, 3;
1, 256, 0, 0, 0, 0, 4, 999, 2;
1, 256, 0, 0, 0, 0, 5, 1000, 3;
1, 256, 1, 1, 1, 1, 6, 1001, 4;
1, 256, 0, 0, 0, 0, 5, 1000, 3;
1, 256, 0, 0, 0, 0, 4, 999, 2;
1, 256, 0, 0, 0, 0, 5, 999, 2;
1, 256, 1, 1, 1, 1, 6, 1001, 4;
1, 256, 1, 1, 1, 1, 6, 1001, 4;
1, 256, 0, 0, 0, 0, 5, 1000, 3;
1, 256, 0, -1, -1, -1, 4, 999, 2;
1, 256, 1, 1, 1, 1, 6, 1001, 4;
1, 256, 0, 0, 0, 0, 5, 1000, 3;
1, 256, 0, 1, 1, 1, 5, 1000, 3;
1, 256, 0, -1, -1, -1, 4, 999, 2;
1, 256, 0, 1, 1, 1, 5, 1000, 3;
1, 256, 0, 0, 0, 0, 4, 999, 2;
1, 256, 0, -1, -1, -1, 4, 998, 2;
1, 256, 1, 1, 1, 1, 6, 1001, 4;
1, 256, 1, 1, 1, 1, 6, 1001, 4;
1, 256, 0, 0, 0, 0, 4, 999, 2;
1, 256, 1, 1, 1, 1, 6, 1001, 4;
1, 256, 0, 0, 0, 0, 5, 1000, 3;
1, 256, 1, 1, 1, 1, 6, 1000, 4;
1, 256, 0, 0, 0, 0, 4, 999, 2;
1, 256, 0, -1, -1, -1, 4, 999, 2;
1, 256, 0, -1, -1, -1, 4, 998, 1;
1, 256, 0, 1, 1, 1, 5, 1000, 3;
1, 256, 1, 1, 1, 1, 6, 1001, 4;
1, 256, 1, 1, 1, 1, 6, 1001, 4;
1, 256, 1, 1, 1, 1, 6, 1000, 3;
1, 256, 1, 1, 1, 1, 5, 1000, 3;
0, 256, 0, -1, -1, -1, 3, 998, 1;
1, 256, 0, 0, 0, 0, 5, 1000, 3;
1, 256, 0, 0, 0, 0, 4, 999, 2;
1, 256, 0, 0, 0, 0, 4, 999, 2;
1, 256, 0, 0, 0, 0, 5, 1000, 3;
1, 256, 0, 1, 1, 1, 5, 1000, 3;
1, 256, 1, 1, 1, 1, 5, 1000, 3;
1, 256, 0, -1, -1, -1, 4, 999, 2;
1, 256, 0, 0, 0, 0, 5, 1000, 3;
1, 256, 0, 0, 0, 0, 5, 1000, 3;
1, 256, 0, -1, -1, -1, 4, 998, 2;
1, 256, 0, -1, -1, -1, 4, 999, 2;
1, 256, 0, 0, 0, 0, 5, 1000, 3;
1, 256, 1, 1, 1, 1, 6, 1001, 4;
1, 256, 0, 0, 0, 0, 4, 999, 2;
1, 256, 0, 1, 1, 1, 5, 1000, 3;
1, 256, 1, 1, 1, 1, 6, 1001, 4;
1, 256, 0, 0, 0, 0, 5, 999, 3;
1, 256, 0, -1, -1, -1, 4, 999, 2;
1, 256, 0, 0, 0, 0, 5, 999, 3;
1, 256, 0, 0, 0, 0, 5, 999, 2;
1, 256, 0, 0, 0, 0, 4, 999, 2;
1, 256, 0, 0, 0, 0, 4, 999, 2;
1, 256, 0, 0, 0, 0, 4, 999, 2;
1, 256, 1, 1, 1, 1, 6, 1001, 4;
1, 256, 0, -1, -1, -1, 4, 999, 2;
1, 256, 0, 0, 0, 0, 4, 999, 2;
1, 256, 0, -1, -1, -1, 4, 999, 2;
1, 256, 0, 0, 0, 0, 5, 1000, 3;
1, 256, 0, 0, 0, 0, 4, 999, 2;
1, 256, 0, 0, 0, 0, 5, 1000, 3;
1, 256, 1, 1, 1, 1, 6, 1001, 4;
1, 256, 0, 0, 0, 0, 5, 1000, 3;
1, 256, 1, 1, 1, 1, 6, 1001, 4;
1, 256, 0, -1, -1, -1, 3, 998, 1;
1, 256, 0, 0, 0, 0, 4, 999, 2;
1, 256, 0, -1, -1, -1, 4, 998, 2;
1, 256, 0, 0, 0, 0, 5, 1000, 3;
1, 256, 0, -1, -1, -1, 4, 999, 2;
1, 256, 1, 1, 1, 1, 6, 1001, 4;
1, 256, 0, -1, -1, -1, 4, 999, 2;
1, 256, 0, 0, 0, 0, 4, 999, 2;
1, 256, 0, 0, 0, 0, 5, 1000, 3;
1, 256, 1, 1, 1, 1, 6, 1001, 4;
1, 256, 0, 1, 1, 1, 5, 1000, 3;
1, 256, 0, 0, 0, 0, 5, 1000, 3;
1, 256, 0, 0, 0, 0, 4, 999, 2;
1, 256, 1, 1, 1, 1, 6, 1001, 4;
1, 256, 0, 0, 0, 0, 5, 1000, 3;
1, 256, 0, 0, 0, 0, 4, 999, 2;
1, 256, 0, 0, 0, 0, 4, 999, 2;
1, 256, 0, 0, 0, 0, 4, 999, 2;
1, 256, 1, 1, 1, 1, 6, 1001, 4;
1, 256, 0, 0, 0, 0, 4, 999, 2;
1, 256, 0, 0, 0, 0, 5, 1000, 3;
1, 256, 0, 0, 0, 0, 5, 1000, 3;
1, 256, 1, 1, 1, 1, 6, 1001, 4;
1, 256, 1, 1, 1, 1, 5, 1000, 3;
1, 256, 0, -1, -1, -1, 4, 999, 2;
1, 256, 0, 0, 0, 0, 4, 999, 2;
1, 256, 0, 0, 0, 0, 5, 1000, 3;
1, 256, 1, 1, 1, 1, 6, 1001, 4;
1, 256, 0, 0, 0, 0, 4, 999, 2;
1, 256, 0, 0, 0, 0, 4, 999, 2;
1, 256, 0, 1, 1, 1, 5, 1000, 3;
1, 256, 0, 0, 0, 0, 4, 999, 2;
1, 256, 0, -1, -1, -1, 4, 999, 2;
1, 256, 1, 1, 1, 1, 6, 1001, 4;
1, 256, 0, 0, 0, 0, 4, 999, 2;
1, 256, 1, 1, 1, 1, 6, 1001, 4;
1, 256, 0, 0, 0, 0, 5, 1000, 3;
1, 256, 0, -1, -1, -1, 3, 998, 1;
1, 256, 0, -1, -1, -1, 4, 999, 2;
1, 256, 0, 0, 0, 0, 4, 999, 2;
1, 256, 0, -1, -1, -1, 4, 999, 2;
1, 256, 0, -1, -1, -1, 4, 999, 2;
1, 256, 0, 0, 0, 0, 4, 999, 2;
1, 256, 0, 0, 0, 0, 4, 999, 2;
1, 256, 0, 0, 0, 0, 5, 1000, 3;
1, 256, 0, -1, -1, -1, 3, 998, 1;
1, 256, 0, 0, 0, 0, 4, 999, 2;
1, 256, 0, 0, 0, 0, 4, 999, 2;
1, 256, 0, 0, 0, 0, 4, 999, 2;
1, 256, 1, 1, 1, 1, 6, 1001, 4;
1, 256, 0, 0, 0, 0, 5, 1000, 3;
1, 256, 1, 1, 1, 1, 5, 1000, 3;
1, 256, 0, 0, 0, 0, 5, 1000, 3;
1, 256, 0, -1, -1, -1, 3, 998, 1;
1, 256, 0, 0, 0, 0, 4, 999, 2;
1, 256, 1, 1, 1, 1, 6, 1001, 4;
1, 256, 0, 0, 0, 0, 5, 1000, 3;
1, 256, 0, -1, -1, -1, 3, 998, 1;
1, 256, 0, 1, 1, 1, 5, 1000, 3;
1, 256, 0, 0, 0, 0, 5, 1000, 3;
1, 256, 0, 0, 0, 0, 4, 999, 2;
1, 256, 0, -1, -1, -1, 3, 998, 1;
1, 256, 0, 1, 1, 1, 5, 1000, 3;
1, 256, 0, 0, 0, 0, 5, 1000, 3;
1, 256, 0, 0, 0, 0, 5, 1000, 3;
1, 256, 0, 1, 1, 1, 5, 1000, 3;
1, 256, 1, 1, 1, 1, 6, 1001, 4;
1, 256, 0, 0, 0, 0, 5, 999, 3;
1, 256, 0, -1, -1, -1, 4, 999, 2;
1, 256, 1, 1, 1, 1, 5, 1000, 3;
1, 256, 0, 0, 0, 0, 5, 999, 3;
1, 256, 0, 0, 0, 0, 5, 999, 3;
1, 256, 0, 1, 1, 1, 5, 1000, 3;
1, 256, 0, 0, 0, 0, 5, 1000, 3;
1, 256, 0, 0, 0, 0, 5, 999, 2;
1, 256, 0, 1, 1, 1, 5, 1000, 3;
1, 256, 0, 0, 0, 0, 5, 1000, 3;
1, 256, 0, 0, 0, 0, 4, 999, 2;
1, 256, 0, -1, -1, -1, 4, 999, 2;
1, 256, 1, 1, 1, 1, 6, 1001, 4;
1, 256, 0, 0, 0, 0, 5, 1000, 3;
1, 256, 0, 0, 0, 0, 5, 1000, 3;
1, 256, 0, 0, 0, 0, 5, 1000, 3;
1, 256, 0, 0, 0, 0, 4, 999, 2;
1, 256, 0, 0, 0, 0, 4, 999, 2;
1, 256, 0, 0, 0, 0, 5, 1000, 3;
1, 256, 1, 1, 1, 1, 6, 1000, 4;
1, 256, 0, 0, 0, 0, 4, 999, 2;
1, 256, 0, -1, -1, -1, 3, 998, 1;
1, 256, 0, -1, -1, -1, 4, 999, 2;
1, 256, 0, 0, 0, 0, 4, 999, 2;
1, 256, 0, 0, 0, 0, 5, 1000, 3;
1, 256, 0, 0, 0, 0, 5, 1000, 3;
1, 256, 0, 0, 0, 0, 5, 1000, 3;
1, 256, 0, 0, 0, 0, 5, 999, 2;
1, 256, 1, 1, 1, 1, 6, 1001, 4;
1, 256, 0, 0, 0, 0, 5, 1000, 3;
1, 256, 0, 0, 0, 0, 4, 999, 2;
1, 256, 0, 0, 0, 0, 4, 999, 2;
1, 256, 0, 0, 0, 0, 5, 1000, 3;
1, 256, 1, 1, 1, 1, 6, 1001, 4;
1, 256, 0, -1, -1, -1, 4, 999, 2;
1, 256, 0, 0, 0, 0, 5, 1000, 3;
1, 256, 0, 0, 0, 0, 4, 999, 2;
1, 256, 0, -1, -1, -1, 4, 998, 2;
1, 256, 0, 0, 0, 0, 5, 1000, 3;
1, 256, 0, -1, -1, -1, 4, 998, 1;
1, 256, 1, 1, 1, 1, 6, 1001, 4;
1, 256, 0, 0, 0, 0, 5, 1000, 3;
1, 256, 0, -1, -1, -1, 4, 999, 2;
1, 256, 0, 1, 1, 1, 5, 1000, 3;
1, 256, 0, -1, -1, -1, 4, 998, 2;
1, 256, 1, 1, 1, 1, 6, 1001, 4;
1, 256, 0, 0, 0, 0, 4, 999, 2;
1, 256, 0, 0, 0, 0, 5, 1000, 3;
1, 256, 0, 0, 0, 0, 4, 999, 2;
1, 256, 0, 0, 0, 0, 5, 1000, 3;
1, 256, 1, 1, 1, 1, 5, 1000, 3;
1, 256, 0, 0, 0, 0, 4, 999, 2;
1, 256, 0, 0, 0, 0, 5, 1000, 3;
1, 256, 1, 1, 1, 1, 6, 1001, 4;
1, 256, 0, 0, 0, 0, 5, 1000, 3;
1, 256, 0, 0, 0, 0, 4, 999, 2;
1, 256, 0, 1, 1, 1, 5, 1000, 3;
1, 256, 0, 0, 0, 0, 5, 1000, 3;
1, 256, 0, 0, 0, 0, 5, 1000, 3;
1, 256, 0, 0, 0, 0, 5, 999, 3;
1, 256, 0, 0, 0, 0, 4, 999, 2;
1, 256, 0, 0, 0, 0, 5, 1000, 3;
1, 256, 1, 1, 1, 1, 6, 1001, 4;
1, 256, 0, 0, 0, 0, 4, 999, 2;
1, 256, 0, 1, 1, 1, 5, 1000, 3;
1, 256, 0, 0, 0, 0, 4, 999, 2;
1, 256, 0, 0, 0, 0, 5, 1000, 3;
1, 256, 0, -1, -1, -1, 4, 998, 2;
1, 256, 1, 1, 1, 1, 6, 1001, 4;
1, 256, 0, -1, -1, -1, 3, 998, 1;
1, 256, 0, 0, 0, 0, 4, 999, 2;
1, 256, 0, 0, 0, 0, 5, 999, 3;
1, 256, 0, 1, 1, 1, 5, 1000, 3;
1, 256, 0, -1, -1, -1, 4, 999, 2;
1, 256, 0, -1, -1, -1, 4, 999, 2;
1, 256, 0, -1, -1, -1, 4, 999, 2;
1, 256, 0, 1, 1, 1, 5, 1000, 3;
1, 256, 0, 0, 0, 0, 4, 999, 2;
1, 256, 0, 1, 1, 1, 5, 1000, 3;
1, 256, 1, 1, 1, 1, 6, 1001, 4;
1, 256, 0, 0, 0, 0, 4, 999, 2;
1, 256, 0, 0, 0, 0, 5, 1000, 3;
1, 256, 0, 0, 0, 0, 4, 999, 2;
1, 256, 0, 0, 0, 0, 4, 999, 2;
1, 256, 0, 1, 1, 1, 5, 1000, 3;
1, 256, 1, 1, 1, 1, 6, 1001, 4;
1, 256, 1, 1, 1, 1, 6, 1001, 4;
1, 256, 0, -1, -1, -1, 4, 999, 2;
1, 256, 0, 0, 0, 0, 4, 999, 2;
1, 256, 0, -1, -1, -1, 3, 998, 1;
1, 256, 0, 0, 0, 0, 4, 999, 2;
1, 256, 1, 1, 1, 1, 6, 1000, 4;
1, 256, 0, 0, 0, 0, 5, 1000, 3;
1, 256, 0, 0, 0, 0, 4, 999, 2;
1, 256, 0, 0, 0, 0, 5, 1000, 3;
1, 256, 0, 0, 0, 0, 5, 1000, 3;
1, 256, 0, -1, -1, -1, 4, 998, 2;
1, 256, 0, 0, 0, 0, 4, 999, 2;
1, 256, 1, 1, 1, 1, 6, 1001, 4;
1, 256, 0, 0, 0, 0, 5, 1000, 3;
1, 256, 1, 1, 1, 1, 6, 1001, 4;
1, 256, 0, 0, 0, 0, 4, 999, 2;
1, 256, 0, 0, 0, 0, 4, 999, 2;
1, 256, 0, 0, 0, 0, 4, 999, 2;