-1, 294, 11, -4, 405, -4, -5, 1147, 45;
3, 297, 14, 31, 414, 4, 12, 1158, 56;
0, 291, 9, 42, 396, -11, 0, 1138, 37;
8, 298, 16, 91, 416, 10, 33, 1164, 64;
3, 291, 10, 98, 393, -9, 14, 1138, 39;
9, 295, 14, 137, 402, 3, 37, 1153, 55;
14, 297, 16, 172, 405, 11, 54, 1161, 65;
13, 295, 14, 191, 393, 5, 53, 1151, 58;
15, 295, 15, 218, 388, 7, 61, 1151, 59;
13, 290, 11, 232, 369, -4, 53, 1134, 45;
19, 294, 16, 270, 375, 10, 77, 1149, 63;
20, 292, 15, 291, 362, 6, 79, 1141, 59;
18, 288, 11, 303, 342, -3, 72, 1124, 46;
20, 287, 12, 326, 332, -3, 78, 1121, 47;
23, 288, 14, 354, 326, 3, 91, 1124, 54;
27, 289, 16, 384, 323, 11, 107, 1130, 65;
24, 284, 12, 392, 298, 0, 97, 1111, 50;
26, 284, 13, 413, 287, 1, 104, 1108, 53;
29, 284, 15, 438, 278, 7, 116, 1110, 60;
32, 284, 16, 459, 267, 11, 125, 1109, 65;
27, 277, 10, 456, 233, -7, 106, 1080, 41;
34, 281, 16, 491, 236, 11, 133, 1098, 65;
33, 278, 15, 500, 214, 6, 130, 1085, 58;
33, 276, 14, 511, 195, 3, 131, 1076, 55;
34, 274, 14, 524, 179, 5, 135, 1071, 57;
33, 271, 12, 528, 155, -1, 130, 1056, 49;
31, 266, 9, 529, 128, -10, 120, 1038, 37;
36, 269, 14, 552, 124, 3, 141, 1049, 55;
37, 268, 15, 562, 108, 6, 146, 1046, 59;
33, 262, 11, 555, 76, -6, 131, 1023, 43;
37, 264, 14, 571, 68, 4, 146, 1029, 56;
32, 257, 9, 559, 34, -10, 128, 1003, 37;
40, 262, 16, 583, 37, 11, 156, 1023, 65;
35, 255, 11, 569, 1, -4, 137, 996, 45;
36, 254, 12, 572, -13, 0, 141, 993, 49;
33, 250, 10, 563, -40, -8, 132, 977, 40;
39, 254, 15, 578, -42, 9, 152, 992, 62;
35, 249, 12, 563, -71, -1, 138, 971, 49;
38, 250, 15, 568, -80, 8, 150, 977, 61;
36, 247, 14, 557, -104, 3, 142, 964, 55;
33, 243, 11, 542, -130, -3, 131, 948, 46;
34, 242, 13, 538, -143, 1, 135, 947, 52;
33, 240, 12, 525, -164, -1, 129, 937, 49;
34, 240, 14, 519, -175, 4, 133, 938, 56;
33, 238, 14, 506, -193, 4, 130, 931, 56;
31, 236, 13, 490, -212, 1, 123, 921, 52;
33, 237, 16, 485, -219, 10, 131, 927, 64;
26, 229, 10, 449, -255, -9, 102, 896, 39;
32, 235, 16, 454, -249, 12, 125, 917, 66;
30, 233, 16, 433, -266, 9, 117, 908, 62;
29, 231, 16, 416, -279, 10, 113, 904, 63;
27, 230, 15, 395, -293, 9, 107, 898, 62;
24, 227, 14, 369, -312, 3, 95, 886, 55;
25, 228, 16, 355, -316, 11, 99, 892, 65;
22, 226, 15, 329, -331, 7, 89, 882, 60;
18, 222, 12, 299, -350, 0, 73, 868, 50;
14, 218, 9, 266, -369, -10, 55, 853, 38;
13, 218, 10, 244, -375, -7, 53, 853, 41;
11, 217, 10, 218, -385, -9, 45, 848, 39;
14, 221, 14, 208, -377, 5, 57, 864, 58;
11, 219, 13, 178, -388, 1, 45, 856, 52;
12, 221, 15, 159, -387, 8, 47, 862, 61;
5, 215, 10, 117, -407, -7, 21, 841, 41;
10, 221, 16, 110, -392, 11, 39, 863, 65;
1, 214, 10, 62, -415, -9, 6, 836, 39;
1, 215, 11, 40, -412, -4, 5, 842, 45;
3, 219, 15, 25, -402, 7, 13, 856, 60;
1, 219, 15, -1, -402, 7, 6, 856, 60;
-5, 213, 9, -46, -419, -10, -21, 834, 38;
-4, 216, 12, -64, -409, -1, -18, 845, 48;
-6, 216, 12, -92, -407, -2, -25, 845, 47;
-5, 220, 15, -109, -394, 6, -20, 858, 59;
-10, 216, 11, -148, -402, -5, -42, 845, 44;
-10, 218, 13, -168, -391, 0, -41, 853, 50;
-11, 220, 13, -192, -383, 2, -45, 858, 53;
-12, 221, 14, -214, -373, 5, -48, 865, 57;
-14, 221, 13, -242, -368, 1, -58, 863, 53;
-20, 218, 9, -278, -371, -9, -78, 852, 38;
-14, 226, 16, -280, -340, 11, -57, 883, 65;
-19, 224, 13, -313, -340, 1, -76, 874, 53;
-21, 224, 12, -338, -332, 0, -85, 875, 49;
-25, 223, 10, -367, -328, -8, -99, 870, 40;
-23, 227, 13, -377, -305, 2, -91, 887, 53;
-23, 230, 15, -392, -287, 6, -91, 898, 58;
-22, 233, 16, -405, -268, 12, -88, 910, 66;
-29, 229, 11, -440, -270, -4, -114, 895, 45;
-27, 233, 14, -449, -247, 3, -108, 910, 55;
-33, 230, 9, -480, -247, -11, -131, 897, 36;
-32, 234, 11, -487, -223, -3, -124, 913, 46;
-29, 239, 15, -491, -195, 7, -115, 933, 59;
-31, 239, 13, -509, -183, 2, -124, 933, 53;
-35, 238, 10, -529, -175, -6, -138, 928, 42;
-31, 244, 15, -526, -143, 6, -123, 952, 59;
-34, 243, 12, -543, -133, 0, -135, 949, 50;
-36, 244, 11, -555, -118, -4, -142, 952, 45;
-38, 243, 9, -568, -105, -10, -151, 951, 38;
-37, 247, 11, -569, -83, -6, -147, 963, 43;
-36, 250, 12, -569, -59, -1, -143, 976, 48;
-36, 252, 12, -572, -39, 0, -143, 984, 49;
-39, 251, 10, -581, -27, -8, -152, 982, 40;
-40, 252, 9, -586, -12, -12, -157, 984, 35;
-39, 255, 10, -581, 10, -8, -152, 996, 40;
-35, 260, 13, -568, 40, 2, -139, 1017, 53;
-34, 263, 14, -562, 63, 5, -134, 1028, 58;
-37, 261, 11, -569, 71, -5, -147, 1021, 43;
-35, 265, 12, -558, 94, 0, -139, 1034, 50;
-37, 264, 10, -559, 105, -8, -148, 1031, 39;
-31, 271, 15, -533, 141, 9, -123, 1060, 62;
-32, 272, 14, -527, 156, 5, -125, 1063, 58;
-32, 273, 14, -519, 171, 3, -126, 1066, 54;
-32, 273, 12, -512, 184, -1, -128, 1067, 49;
-28, 278, 16, -488, 212, 9, -111, 1087, 63;
-33, 275, 10, -491, 212, -7, -129, 1072, 42;
-27, 281, 15, -462, 242, 6, -108, 1096, 59;
-28, 280, 13, -453, 251, 0, -112, 1093, 51;
-26, 282, 14, -432, 269, 3, -104, 1103, 55;
-25, 284, 14, -413, 285, 4, -97, 1110, 57;
-22, 287, 16, -389, 304, 10, -86, 1122, 63;
-21, 288, 16, -370, 316, 9, -82, 1126, 62;
-21, 288, 14, -354, 324, 4, -84, 1124, 56;
-19, 289, 14, -331, 336, 5, -77, 1130, 57;
-23, 285, 9, -326, 330, -11, -92, 1113, 36;
-22, 286, 9, -304, 340, -12, -87, 1116, 35;
-19, 288, 10, -275, 355, -6, -75, 1126, 42;
-18, 288, 9, -254, 360, -9, -73, 1126, 38;
-10, 295, 16, -209, 389, 10, -41, 1154, 64;
-10, 294, 14, -189, 390, 5, -41, 1150, 57;
-11, 293, 12, -169, 390, 0, -43, 1145, 49;
-9, 294, 12, -143, 396, 0, -36, 1147, 50;
-3, 298, 16, -105, 412, 11, -15, 1163, 64;
-7, 293, 11, -95, 399, -5, -28, 1144, 44;
-6, 293, 10, -69, 400, -6, -23, 1143, 42;
0, 298, 15, -27, 417, 8, 1, 1163, 61;
-3, 292, 9, -18, 400, -9, -14, 1140, 38;
0, 295, 12, 16, 408, -1, 2, 1151, 49;
0, 293, 10, 37, 401, -7, 2, 1143, 41;
6, 296, 14, 76, 411, 4, 24, 1157, 57;
5, 293, 11, 94, 400, -3, 19, 1146, 46;
5, 291, 10, 116, 390, -9, 19, 1137, 39;
11, 296, 15, 158, 402, 7, 46, 1156, 60;
13, 295, 15, 184, 396, 7, 52, 1154, 59;
10, 291, 11, 196, 376, -6, 42, 1134, 42;
15, 293, 13, 230, 378, 2, 59, 1143, 53;
14, 290, 11, 247, 363, -4, 56, 1131, 45;
17, 290, 13, 276, 359, 0, 69, 1134, 51;
18, 289, 12, 299, 348, 0, 73, 1129, 50;
18, 286, 11, 316, 332, -6, 72, 1118, 43;
20, 286, 12, 341, 324, -3, 81, 1118, 47;
21, 284, 11, 359, 309, -6, 83, 1109, 43;
26, 287, 15, 393, 310, 7, 105, 1122, 60;
23, 281, 10, 397, 281, -8, 90, 1097, 40;
28, 284, 14, 428, 280, 4, 110, 1108, 56;
27, 280, 12, 440, 259, -2, 107, 1094, 48;
25, 276, 9, 448, 235, -10, 101, 1078, 37;
30, 279, 13, 476, 232, 1, 120, 1088, 53;
28, 274, 10, 480, 205, -8, 110, 1069, 40;
29, 272, 10, 494, 189, -8, 114, 1063, 40;
33, 274, 13, 517, 182, 2, 130, 1069, 53;
36, 274, 15, 534, 170, 8, 141, 1070, 61;
33, 269, 11, 532, 141, -3, 128, 1049, 46;
34, 268, 13, 546, 127, 0, 136, 1047, 51;
32, 263, 10, 544, 99, -8, 126, 1029, 39;
39, 268, 16, 571, 101, 11, 154, 1048, 65;
38, 266, 15, 574, 79, 8, 151, 1037, 62;
40, 265, 16, 581, 63, 11, 156, 1033, 65;
35, 258, 12, 569, 29, -2, 139, 1009, 48;
36, 257, 12, 571, 11, -1, 140, 1002, 49;
37, 257, 14, 577, -2, 4, 147, 1002, 55;
33, 251, 10, 563, -34, -9, 131, 979, 39;
37, 252, 13, 573, -42, 2, 145, 986, 54;
35, 249, 12, 563, -66, -2, 137, 972, 47;
37, 250, 14, 567, -77, 5, 146, 976, 57;
32, 243, 10, 546, -111, -9, 126, 950, 39;
31, 241, 10, 538, -130, -9, 124, 943, 39;
34, 243, 13, 541, -137, 1, 135, 949, 52;
33, 240, 12, 527, -159, -2, 128, 938, 47;
30, 237, 10, 511, -181, -7, 119, 925, 41;
29, 234, 9, 496, -202, -10, 113, 915, 38;
31, 236, 12, 492, -209, -1, 121, 920, 49;
33, 238, 16, 489, -214, 10, 131, 928, 63;
29, 232, 12, 462, -242, -1, 113, 907, 48;
29, 232, 13, 450, -253, 2, 114, 907, 54;
23, 226, 9, 419, -282, -11, 92, 884, 36;
23, 226, 10, 403, -293, -8, 91, 882, 40;
26, 229, 14, 397, -293, 5, 104, 894, 57;
25, 227, 14, 376, -307, 4, 97, 888, 55;
25, 228, 15, 360, -315, 8, 98, 889, 61;
22, 226, 14, 335, -329, 5, 89, 882, 58;
19, 223, 12, 306, -346, 0, 75, 869, 50;
14, 219, 9, 273, -366, -10, 57, 854, 37;
14, 219, 11, 254, -371, -6, 56, 855, 42;
17, 222, 15, 243, -366, 6, 67, 869, 59;
14, 221, 14, 214, -377, 3, 56, 862, 55;
9, 216, 10, 176, -396, -8, 35, 844, 39;
11, 220, 14, 165, -388, 5, 46, 859, 57;
11, 221, 16, 144, -387, 10, 46, 864, 64;
8, 219, 14, 112, -397, 4, 32, 855, 57;
2, 214, 9, 70, -415, -9, 7, 836, 38;
1, 215, 11, 48, -413, -5, 6, 840, 44;
3, 218, 14, 32, -404, 5, 13, 853, 57;
0, 217, 13, 1, -408, 1, 1, 848, 52;
0, 219, 15, -20, -402, 6, 1, 855, 59;
-5, 215, 11, -59, -413, -5, -20, 840, 43;
-8, 214, 10, -90, -415, -9, -32, 836, 39;
-9, 215, 10, -115, -410, -7, -36, 840, 41;
-9, 217, 12, -136, -401, -2, -36, 847, 47;
-9, 219, 13, -157, -391, 2, -36, 856, 53;
-14, 216, 10, -193, -395, -7, -55, 846, 41;
-11, 221, 14, -206, -376, 4, -46, 863, 56;
-17, 217, 10, -245, -382, -8, -69, 849, 39;
-17, 220, 12, -262, -367, -2, -67, 861, 48;
-17, 222, 13, -283, -355, 0, -70, 867, 51;
-23, 219, 9, -319, -358, -12, -91, 855, 35;
-17, 227, 16, -319, -325, 10, -69, 887, 63;
-22, 225, 13, -350, -322, 0, -86, 880, 52;
-24, 225, 11, -376, -315, -3, -97, 879, 46;
-24, 228, 13, -390, -296, 2, -94, 891, 54;
-27, 227, 11, -417, -290, -5, -108, 887, 44;
-24, 233, 16, -419, -260, 10, -94, 911, 63;
-31, 228, 9, -457, -266, -9, -123, 892, 38;
-25, 237, 16, -451, -228, 12, -100, 925, 66;
-29, 236, 14, -474, -220, 4, -113, 921, 56;
-33, 234, 11, -498, -213, -5, -129, 915, 44;
-28, 241, 16, -494, -179, 12, -111, 943, 66;
-32, 240, 13, -516, -171, 2, -125, 938, 54;
-34, 240, 12, -532, -159, -2, -134, 938, 48;
-32, 245, 15, -533, -132, 6, -126, 955, 58;
-38, 241, 9, -558, -130, -10, -149, 942, 38;
-35, 246, 12, -556, -102, 0, -138, 961, 50;
-36, 248, 12, -563, -84, -1, -141, 967, 49;
-33, 252, 15, -558, -56, 7, -131, 985, 60;
-36, 251, 12, -571, -46, -1, -143, 981, 49;
-35, 254, 13, -570, -23, 2, -139, 993, 53;
-35, 256, 14, -570, -3, 3, -138, 1001, 54;
-37, 256, 11, -577, 8, -3, -147, 999, 46;
-33, 262, 16, -562, 42, 9, -129, 1024, 63;
-39, 258, 9, -579, 41, -9, -153, 1006, 38;
-38, 261, 11, -571, 64, -6, -148, 1018, 42;
-39, 261, 9, -571, 78, -11, -153, 1019, 37;
-35, 266, 13, -552, 108, 0, -136, 1041, 51;
-33, 269, 14, -542, 130, 3, -131, 1051, 55;
-36, 267, 10, -545, 136, -8, -143, 1043, 40;
-33, 271, 13, -526, 162, 0, -131, 1060, 50;
-34, 271, 11, -520, 174, -5, -135, 1060, 43;
-28, 278, 16, -492, 207, 10, -112, 1086, 63;
-29, 278, 14, -484, 218, 4, -115, 1085, 56;
-32, 276, 10, -481, 223, -7, -127, 1076, 41;
-30, 279, 12, -461, 243, -2, -117, 1088, 47;
-29, 280, 12, -444, 258, -2, -113, 1093, 47;
-23, 286, 16, -413, 286, 10, -92, 1116, 64;
-22, 287, 16, -393, 301, 12, -85, 1123, 65;
-21, 288, 15, -377, 311, 8, -85, 1123, 61;
-23, 286, 12, -366, 314, -1, -92, 1116, 49;
-25, 284, 9, -354, 317, -10, -98, 1109, 38;
-20, 288, 13, -322, 339, 0, -79, 1126, 51;
-21, 287, 10, -306, 342, -6, -83, 1121, 42;
-20, 287, 9, -286, 349, -9, -81, 1121, 38;
-18, 289, 10, -259, 360, -7, -71, 1128, 42;
-17, 289, 10, -236, 367, -8, -66, 1130, 40;
-10, 295, 15, -194, 392, 8, -39, 1153, 61;
-14, 290, 10, -186, 380, -9, -55, 1133, 39;
-11, 292, 10, -158, 388, -6, -46, 1139, 42;
-6, 296, 14, -120, 405, 5, -24, 1155, 57;
-8, 293, 11, -104, 397, -5, -31, 1143, 43;
-7, 291, 9, -82, 396, -10, -31, 1138, 37;
-4, 294, 11, -49, 404, -4, -16, 1147, 45;
-1, 295, 12, -18, 408, 0, -5, 1151, 50;
4, 299, 16, 20, 421, 11, 16, 1167, 65;
5, 298, 16, 46, 419, 10, 21, 1165, 63;
2, 293, 11, 58, 402, -4, 9, 1146, 45;
2, 292, 10, 80, 395, -9, 10, 1139, 39;
5, 292, 11, 110, 395, -5, 21, 1142, 43;
7, 292, 11, 138, 392, -4, 29, 1142, 45;
9, 292, 11, 164, 387, -4, 36, 1140, 45;
9, 290, 9, 184, 375, -10, 35, 1131, 38;
13, 291, 12, 217, 376, -2, 51, 1138, 48;
17, 293, 14, 249, 375, 5, 67, 1144, 57;
14, 288, 10, 261, 354, -7, 57, 1125, 41;
15, 287, 10, 283, 344, -8, 62, 1121, 40;
19, 288, 12, 313, 341, -1, 76, 1126, 49;
23, 290, 15, 344, 338, 7, 92, 1132, 59;
24, 288, 14, 364, 325, 5, 96, 1126, 58;
23, 285, 12, 376, 304, -2, 91, 1111, 47;
22, 281, 9, 388, 283, -10, 86, 1096, 38;
24, 281, 11, 412, 274, -5, 96, 1097, 43;
26, 280, 11, 432, 262, -3, 104, 1094, 46;
31, 282, 15, 460, 258, 7, 122, 1103, 60;
26, 275, 9, 458, 224, -11, 102, 1073, 36;
33, 280, 16, 493, 228, 9, 132, 1093, 62;
31, 275, 12, 497, 201, -1, 122, 1074, 49;
36, 278, 16, 523, 198, 12, 142, 1084, 66;
30, 269, 10, 514, 160, -8, 120, 1052, 40;
36, 273, 15, 542, 159, 9, 143, 1067, 62;
35, 270, 14, 546, 136, 3, 139, 1054, 55;
38, 270, 16, 561, 124, 10, 149, 1055, 63;
34, 264, 12, 554, 92, -3, 134, 1031, 46;
33, 261, 10, 555, 68, -8, 129, 1018, 40;
33, 259, 10, 560, 49, -7, 131, 1011, 41;
33, 257, 9, 561, 28, -9, 130, 1002, 38;
39, 261, 16, 583, 29, 10, 155, 1020, 63;
37, 257, 14, 577, 3, 3, 147, 1004, 55;
37, 255, 13, 574, -17, 1, 144, 994, 52;
37, 253, 14, 574, -35, 3, 145, 989, 54;
38, 253, 15, 575, -50, 7, 150, 987, 60;
36, 249, 13, 565, -74, 1, 142, 973, 53;
32, 244, 9, 548, -105, -9, 126, 952, 38;
34, 244, 12, 548, -116, -2, 134, 954, 48;
37, 247, 16, 553, -122, 10, 147, 963, 63;
31, 239, 11, 527, -157, -6, 124, 935, 43;
33, 240, 13, 523, -167, 0, 131, 938, 52;
32, 238, 12, 509, -187, -1, 125, 928, 49;
27, 233, 9, 486, -214, -11, 109, 909, 36;
29, 233, 11, 479, -224, -5, 113, 911, 44;
33, 237, 16, 480, -224, 11, 130, 925, 64;
26, 230, 11, 446, -257, -6, 104, 898, 42;
26, 229, 12, 433, -269, -3, 104, 896, 47;
25, 228, 12, 414, -283, -3, 99, 891, 46;
27, 230, 15, 406, -286, 7, 108, 899, 60;
20, 223, 9, 369, -317, -10, 81, 872, 38;
19, 222, 9, 347, -331, -11, 75, 866, 36;
20, 224, 12, 335, -333, -1, 81, 873, 48;
17, 220, 10, 305, -351, -9, 66, 860, 39;
18, 222, 12, 291, -353, 0, 71, 867, 50;
19, 223, 15, 274, -355, 6, 74, 872, 58;
14, 219, 11, 240, -375, -4, 55, 856, 45;
12, 218, 11, 215, -382, -3, 49, 853, 46;
14, 221, 15, 201, -378, 7, 57, 865, 59;
11, 219, 13, 170, -389, 1, 44, 856, 53;
5, 214, 9, 131, -408, -11, 21, 837, 36;
10, 221, 16, 125, -391, 9, 40, 861, 62;
2, 214, 9, 79, -415, -10, 9, 835, 37;
0, 214, 9, 52, -417, -10, 2, 835, 38;
-1, 213, 9, 24, -421, -12, -5, 832, 36;
4, 220, 16, 19, -398, 10, 15, 860, 64;
0, 218, 14, -13, -405, 4, 0, 852, 56;
-5, 214, 10, -54, -418, -9, -22, 835, 39;
-2, 219, 15, -65, -399, 6, -9, 856, 59;
-6, 217, 13, -98, -403, 0, -23, 850, 51;
-4, 221, 16, -115, -390, 9, -19, 862, 62;
-7, 220, 15, -145, -388, 6, -29, 860, 58;
-14, 216, 10, -186, -398, -8, -55, 843, 39;
-13, 218, 12, -206, -386, -3, -54, 852, 46;
-13, 221, 14, -223, -371, 4, -50, 865, 56;
-15, 221, 13, -250, -365, 2, -59, 865, 53;
-21, 218, 9, -288, -370, -11, -83, 851, 36;
-17, 224, 14, -295, -345, 3, -69, 874, 55;
-23, 220, 9, -332, -349, -10, -93, 860, 38;
-18, 228, 16, -333, -316, 11, -71, 891, 64;
-20, 228, 15, -357, -307, 8, -80, 892, 61;
-26, 225, 11, -391, -308, -4, -102, 880, 44;
-26, 228, 12, -407, -291, -1, -103, 889, 48;
-25, 231, 14, -419, -270, 5, -99, 903, 57;
-29, 230, 11, -445, -264, -3, -114, 897, 46;
-27, 235, 15, -452, -239, 6, -105, 916, 59;
-33, 230, 9, -485, -240, -10, -131, 900, 37;
-30, 236, 13, -487, -212, 1, -119, 922, 53;
-32, 236, 12, -504, -199, -1, -127, 924, 48;
-32, 239, 13, -513, -178, 2, -125, 935, 53;
-35, 239, 11, -531, -167, -5, -137, 932, 44;
-32, 244, 15, -530, -138, 6, -125, 954, 59;
-31, 248, 16, -533, -114, 11, -121, 967, 65;
-33, 247, 14, -548, -103, 4, -131, 965, 56;
-36, 247, 12, -562, -91, -2, -142, 963, 48;
-38, 247, 11, -571, -76, -6, -148, 966, 43;
-34, 253, 15, -562, -44, 7, -132, 989, 59;
-33, 256, 16, -561, -21, 10, -129, 1001, 64;
-32, 258, 16, -561, -1, 11, -128, 1009, 65;
-38, 255, 11, -578, 1, -4, -148, 996, 45;
-35, 259, 14, -569, 28, 3, -138, 1013, 54;
-34, 262, 15, -563, 51, 6, -133, 1024, 59;
-33, 265, 15, -558, 72, 8, -130, 1034, 61;
-32, 268, 16, -550, 94, 11, -125, 1045, 65;
-38, 262, 9, -566, 91, -10, -151, 1025, 38;
-31, 271, 16, -536, 132, 12, -121, 1060, 66;
-36, 267, 11, -546, 132, -6, -141, 1044, 43;
-33, 271, 13, -529, 157, 0, -131, 1059, 51;
-34, 271, 11, -523, 170, -4, -134, 1060, 45;
-31, 275, 13, -505, 193, 1, -124, 1073, 52;
-31, 276, 13, -492, 209, 1, -121, 1079, 52;
-31, 276, 12, -482, 222, -2, -122, 1080, 47;
-28, 280, 14, -461, 243, 3, -111, 1093, 54;
-24, 284, 16, -435, 268, 11, -96, 1110, 65;
-23, 286, 16, -418, 283, 12, -91, 1116, 66;
-28, 281, 11, -417, 279, -5, -109, 1099, 43;
-22, 287, 15, -385, 306, 7, -88, 1120, 60;
-22, 287, 14, -368, 315, 4, -87, 1121, 55;
-23, 286, 12, -354, 320, -3, -91, 1117, 47;
-23, 286, 10, -336, 328, -6, -90, 1116, 42;
-21, 287, 11, -312, 340, -5, -82, 1122, 44;
-16, 292, 15, -277, 362, 6, -62, 1140, 59;
-20, 287, 9, -272, 353, -11, -79, 1121, 36;
-15, 291, 12, -237, 371, -1, -61, 1137, 48;
-17, 289, 9, -222, 369, -11, -66, 1127, 36;
-9, 295, 14, -180, 393, 5, -38, 1151, 58;
-8, 295, 14, -155, 397, 4, -34, 1152, 56;
-9, 293, 12, -136, 395, -3, -37, 1144, 47;
-7, 293, 12, -110, 399, -3, -30, 1146, 47;
-4, 295, 13, -79, 407, 1, -18, 1153, 52;
-7, 291, 9, -65, 396, -11, -28, 1137, 36;
-3, 293, 11, -32, 403, -5, -13, 1145, 43;
-2, 293, 10, -8, 401, -8, -10, 1142, 40;
5, 299, 16, 38, 420, 11, 20, 1166, 64;
1, 293, 11, 48, 402, -5, 5, 1144, 43;
7, 297, 15, 89, 414, 8, 30, 1161, 61;
4, 292, 10, 99, 394, -7, 17, 1140, 41;
10, 296, 15, 140, 405, 6, 41, 1157, 59;
9, 293, 12, 156, 390, -3, 35, 1142, 46;
13, 295, 14, 190, 392, 4, 52, 1150, 56;
9, 289, 9, 199, 369, -11, 37, 1127, 36;
16, 293, 14, 241, 378, 5, 65, 1146, 57;
16, 291, 13, 261, 366, 1, 66, 1137, 52;
17, 290, 12, 283, 355, 0, 70, 1132, 50;
20, 290, 14, 310, 349, 3, 80, 1133, 55;
19, 286, 11, 323, 329, -6, 74, 1117, 43;
23, 288, 14, 356, 328, 4, 93, 1126, 56;
26, 288, 15, 381, 320, 8, 103, 1126, 61;
22, 282, 10, 386, 292, -6, 89, 1103, 42;
22, 280, 9, 401, 274, -10, 89, 1093, 37;
26, 281, 12, 427, 267, -3, 102, 1097, 46;
27, 280, 12, 445, 254, -2, 108, 1093, 48;
26, 276, 10, 455, 232, -8, 105, 1079, 40;
28, 275, 11, 473, 218, -6, 111, 1076, 43;
34, 279, 16, 504, 218, 10, 135, 1090, 63;
30, 273, 11, 502, 186, -4, 120, 1065, 44;
29, 269, 9, 508, 163, -11, 115, 1051, 37;
30, 268, 10, 520, 147, -9, 120, 1046, 39;
36, 271, 15, 546, 145, 6, 142, 1059, 58;
36, 269, 14, 552, 124, 4, 141, 1050, 56;
32, 262, 9, 545, 91, -10, 125, 1025, 38;
33, 261, 10, 554, 75, -7, 130, 1021, 41;
38, 264, 15, 572, 70, 6, 148, 1031, 58;
38, 262, 15, 576, 51, 6, 149, 1024, 58;
33, 255, 9, 562, 15, -10, 129, 996, 38;
32, 253, 9, 562, -4, -11, 128, 988, 36;
34, 253, 11, 568, -18, -5, 136, 988, 44;
32, 249, 9, 559, -44, -12, 127, 972, 35;
34, 249, 11, 563, -57, -5, 134, 973, 43;
38, 251, 15, 571, -63, 6, 148, 981, 59;
36, 248, 14, 563, -85, 3, 143, 970, 55;
31, 242, 9, 541, -120, -12, 122, 944, 35;
33, 243, 12, 542, -129, -3, 131, 948, 47;
36, 245, 15, 545, -136, 8, 144, 956, 61;
36, 244, 16, 536, -152, 10, 143, 951, 63;
35, 241, 15, 522, -172, 7, 137, 941, 60;
30, 235, 11, 497, -203, -5, 117, 919, 43;
34, 239, 16, 499, -203, 10, 134, 933, 64;
30, 234, 13, 475, -229, 1, 119, 915, 52;
27, 230, 11, 452, -252, -6, 106, 900, 42;
28, 232, 13, 444, -258, 2, 112, 905, 53;
28, 231, 14, 429, -270, 5, 112, 904, 57;
28, 230, 15, 412, -283, 6, 109, 900, 59;
27, 230, 16, 396, -292, 10, 108, 899, 63;
23, 226, 13, 366, -314, 1, 92, 883, 52;
22, 226, 14, 347, -324, 3, 89, 881, 54;
18, 221, 10, 314, -346, -7, 70, 864, 41;
21, 225, 15, 306, -342, 6, 82, 877, 59;
18, 222, 13, 278, -356, 2, 71, 868, 53;
18, 223, 15, 259, -360, 7, 72, 871, 60;
13, 219, 12, 224, -379, -2, 53, 856, 47;
10, 216, 10, 194, -391, -8, 39, 846, 40;
10, 217, 11, 173, -393, -3, 39, 849, 46;
7, 216, 10, 144, -402, -6, 29, 844, 42;
10, 220, 15, 131, -393, 6, 39, 858, 58;
3, 214, 9, 88, -413, -9, 12, 837, 38;
2, 215, 10, 65, -413, -6, 9, 839, 42;
4, 219, 15, 51, -402, 6, 18, 855, 58;
1, 218, 13, 20, -407, 2, 7, 850, 54;
-3, 214, 10, -17, -417, -8, -12, 837, 40;
-5, 214, 10, -45, -418, -9, -20, 836, 39;
-7, 213, 9, -75, -419, -12, -30, 832, 35;
-8, 214, 10, -99, -414, -9, -33, 837, 39;
-11, 214, 9, -127, -412, -11, -43, 836, 36;
-12, 214, 9, -153, -407, -10, -49, 838, 37;
-7, 221, 16, -159, -382, 9, -30, 865, 62;
-10, 221, 15, -187, -378, 6, -39, 864, 59;
-12, 221, 14, -214, -373, 4, -48, 864, 56;
-16, 220, 12, -246, -372, -2, -63, 858, 48;
-15, 223, 14, -263, -356, 5, -60, 871, 57;
-14, 226, 16, -279, -340, 12, -57, 883, 66;
-19, 224, 14, -311, -339, 3, -74, 876, 54;
-21, 224, 12, -338, -332, 0, -84, 875, 49;
-25, 223, 10, -365, -326, -7, -97, 871, 42;
-26, 224, 10, -388, -316, -8, -105, 874, 40;
-28, 225, 9, -409, -304, -10, -111, 877, 38;
-26, 229, 13, -418, -280, 0, -103, 895, 51;
-25, 233, 15, -429, -259, 6, -100, 909, 59;
-25, 235, 16, -443, -241, 9, -101, 917, 62;
-26, 237, 16, -457, -223, 11, -102, 926, 65;
-30, 235, 13, -483, -218, 0, -119, 918, 51;
-35, 233, 9, -509, -214, -11, -138, 909, 36;
-34, 236, 11, -517, -192, -6, -134, 923, 43;
-35, 237, 10, -530, -175, -7, -138, 928, 42;
-36, 239, 10, -541, -158, -7, -142, 933, 41;
-36, 241, 10, -549, -139, -6, -143, 942, 42;
-38, 241, 9, -562, -126, -11, -151, 942, 36;
-31, 251, 16, -546, -83, 11, -124, 978, 65;
-32, 252, 16, -553, -66, 10, -127, 984, 63;
-38, 248, 10, -576, -65, -8, -151, 968, 40;
-38, 250, 11, -576, -44, -5, -149, 978, 44;
-34, 256, 15, -567, -13, 6, -134, 1000, 58;
-39, 253, 9, -584, -10, -10, -155, 986, 37;
-34, 260, 15, -565, 27, 7, -132, 1017, 60;
-36, 259, 12, -572, 37, -1, -143, 1012, 49;
-37, 260, 11, -572, 52, -4, -147, 1015, 44;
-33, 265, 15, -557, 82, 6, -132, 1036, 58;
-32, 268, 16, -548, 105, 9, -127, 1047, 62;
-31, 270, 16, -540, 124, 10, -124, 1055, 63;
-33, 270, 14, -538, 137, 4, -129, 1055, 56;
-35, 269, 11, -536, 147, -3, -136, 1052, 46;
-33, 272, 12, -524, 167, -1, -132, 1060, 48;
-30, 276, 14, -505, 192, 5, -119, 1076, 58;
-31, 276, 13, -496, 204, 1, -122, 1077, 52;
-34, 273, 9, -496, 207, -11, -135, 1067, 36;
-26, 282, 16, -457, 247, 11, -102, 1102, 65;
-25, 284, 16, -441, 262, 11, -98, 1108, 65;
-25, 283, 15, -430, 272, 6, -100, 1106, 58;
-26, 283, 13, -417, 281, 1, -102, 1106, 52;
-21, 288, 16, -387, 306, 11, -84, 1124, 65;
-23, 286, 13, -377, 309, 1, -92, 1116, 53;
-21, 288, 14, -354, 324, 4, -83, 1124, 56;
-17, 291, 16, -325, 342, 11, -69, 1137, 65;
-21, 288, 11, -318, 338, -3, -82, 1123, 46;
-19, 289, 12, -293, 351, -1, -74, 1129, 49;
-13, 294, 16, -257, 372, 10, -53, 1148, 64;
-12, 294, 15, -235, 379, 8, -50, 1148, 61;
-11, 294, 15, -212, 385, 7, -45, 1150, 59;
-9, 296, 16, -183, 396, 10, -35, 1156, 63;
-11, 292, 12, -171, 388, -2, -45, 1142, 47;
-9, 293, 12, -145, 394, -2, -38, 1144, 47;
-3, 298, 16, -105, 412, 10, -15, 1163, 64;
-3, 297, 15, -82, 411, 7, -13, 1159, 59;
-7, 291, 9, -74, 396, -11, -29, 1138, 37;
-1, 295, 13, -34, 410, 1, -7, 1154, 52;
0, 296, 14, -5, 412, 3, 1, 1156, 54;
0, 295, 12, 17, 408, 0, 3, 1151, 49;
5, 298, 15, 53, 416, 8, 21, 1162, 61;
7, 298, 16, 82, 416, 10, 30, 1164, 63;
7, 296, 14, 103, 408, 4, 30, 1156, 57;
10, 297, 16, 134, 409, 9, 42, 1160, 62;
6, 290, 9, 140, 384, -10, 24, 1134, 37;
8, 291, 10, 169, 381, -7, 34, 1135, 41;
10, 290, 10, 194, 374, -8, 39, 1132, 40;
12, 290, 11, 222, 370, -5, 49, 1133, 43;
12, 288, 9, 241, 357, -11, 49, 1123, 37;
14, 288, 10, 268, 350, -8, 58, 1123, 40;
19, 290, 13, 301, 350, 1, 76, 1132, 52;
18, 286, 11, 316, 332, -6, 72, 1118, 43;
25, 290, 16, 354, 337, 9, 98, 1134, 63;
20, 283, 10, 357, 307, -8, 80, 1107, 40;
22, 283, 11, 380, 297, -5, 89, 1106, 44;
29, 287, 16, 416, 300, 10, 113, 1121, 63;
24, 279, 10, 414, 266, -9, 93, 1091, 39;
26, 279, 11, 435, 254, -6, 102, 1089, 43;
28, 279, 12, 456, 244, -1, 111, 1089, 48;
26, 274, 9, 463, 219, -11, 104, 1072, 37;
31, 276, 12, 488, 213, 0, 120, 1079, 50;
35, 278, 16, 514, 208, 11, 139, 1087, 65;
29, 269, 9, 503, 168, -11, 113, 1052, 36;
32, 270, 11, 522, 158, -4, 125, 1055, 45;
32, 268, 11, 532, 140, -4, 127, 1048, 45;
37, 271, 15, 553, 134, 8, 145, 1057, 60;
35, 267, 13, 555, 109, 1, 139, 1042, 53;
33, 262, 10, 553, 82, -6, 130, 1024, 42;
36, 263, 13, 565, 70, 0, 141, 1026, 51;
38, 263, 14, 574, 57, 5, 148, 1026, 58;
40, 263, 16, 583, 43, 11, 156, 1026, 65;
39, 260, 16, 583, 22, 9, 154, 1016, 63;
37, 256, 13, 575, -4, 2, 145, 1000, 53;
38, 256, 15, 580, -18, 7, 151, 999, 60;
38, 254, 15, 578, -36, 8, 152, 993, 61;
36, 250, 13, 567, -63, 0, 142, 977, 52;
33, 246, 10, 555, -89, -6, 131, 960, 42;
33, 244, 11, 550, -107, -5, 131, 955, 44;
37, 247, 15, 555, -113, 7, 145, 963, 59;
31, 240, 10, 531, -147, -8, 124, 938, 40;
32, 240, 11, 526, -160, -3, 127, 937, 46;
34, 241, 14, 523, -169, 4, 134, 940, 56;
34, 240, 15, 514, -184, 7, 135, 937, 59;
32, 236, 13, 495, -207, 1, 124, 924, 52;
28, 232, 11, 473, -231, -6, 111, 908, 43;
32, 236, 16, 473, -231, 9, 127, 921, 62;
25, 228, 9, 436, -267, -10, 97, 890, 37;
24, 227, 10, 421, -279, -8, 96, 888, 40;
29, 232, 15, 421, -276, 9, 113, 904, 62;
26, 229, 14, 398, -292, 5, 105, 895, 58;
26, 228, 15, 379, -304, 7, 101, 892, 60;
23, 226, 14, 355, -319, 4, 92, 884, 56;
23, 227, 15, 338, -326, 8, 92, 885, 61;
16, 220, 10, 298, -355, -9, 65, 859, 39;
15, 219, 10, 275, -365, -9, 59, 855, 39;
19, 224, 15, 269, -356, 8, 75, 874, 62;
13, 219, 11, 231, -378, -4, 52, 854, 45;
14, 221, 14, 214, -377, 3, 56, 862, 55;
12, 219, 13, 187, -385, 2, 48, 857, 53;
9, 218, 12, 158, -395, -1, 37, 850, 48;
9, 219, 14, 137, -395, 3, 37, 855, 55;
3, 214, 10, 98, -411, -9, 15, 838, 39;
3, 216, 11, 77, -409, -3, 15, 844, 46;
6, 219, 15, 62, -399, 8, 23, 857, 61;
0, 214, 10, 19, -417, -7, -3, 837, 41;
0, 216, 12, -2, -411, -2, -2, 844, 48;
-5, 213, 9, -38, -421, -11, -21, 832, 36;
-2, 218, 13, -51, -405, 2, -10, 850, 53;
-2, 220, 15, -72, -397, 7, -10, 858, 60;
-5, 218, 13, -104, -399, 2, -23, 853, 54;
-4, 221, 16, -122, -387, 11, -19, 865, 65;
-8, 220, 15, -153, -387, 6, -31, 861, 59;
-14, 216, 9, -195, -397, -9, -58, 843, 38;
-16, 217, 10, -220, -390, -9, -63, 846, 39;
-13, 221, 14, -232, -370, 3, -54, 864, 55;
-14, 223, 14, -254, -359, 5, -57, 870, 58;
-15, 224, 15, -276, -348, 7, -61, 876, 60;
-18, 224, 14, -303, -342, 3, -71, 875, 55;
-20, 224, 13, -329, -334, 0, -81, 875, 51;
-22, 225, 13, -351, -323, 0, -87, 879, 50;
-27, 223, 9, -383, -322, -11, -106, 870, 37;
-25, 227, 13, -392, -298, 0, -97, 888, 51;
-23, 231, 15, -403, -277, 8, -92, 903, 61;
-23, 234, 16, -418, -258, 12, -91, 913, 66;
-25, 234, 16, -438, -246, 9, -99, 916, 62;
-26, 236, 15, -455, -232, 8, -105, 920, 61;
-28, 236, 15, -473, -218, 6, -111, 924, 58;
-32, 235, 11, -497, -212, -3, -127, 917, 46;
-33, 236, 11, -511, -196, -4, -131, 922, 45;
-30, 241, 15, -512, -167, 6, -120, 943, 59;
-36, 238, 10, -538, -165, -8, -142, 930, 40;
-36, 241, 11, -545, -144, -5, -141, 941, 43;
-34, 245, 13, -546, -118, 2, -133, 957, 53;
-32, 249, 16, -545, -91, 10, -125, 974, 63;
-36, 247, 12, -564, -85, -2, -143, 965, 47;
-37, 249, 12, -569, -67, -3, -145, 972, 46;
-35, 253, 14, -567, -41, 3, -137, 987, 54;
-36, 254, 13, -571, -24, 1, -140, 992, 52;
-37, 254, 12, -576, -9, -2, -146, 994, 47;
-33, 260, 15, -565, 21, 8, -132, 1015, 61;
-34, 261, 15, -565, 38, 6, -134, 1020, 59;
-38, 259, 10, -575, 44, -6, -149, 1010, 42;
-37, 262, 11, -568, 66, -3, -144, 1021, 46;
-39, 261, 9, -571, 77, -11, -154, 1018, 36;
-38, 263, 9, -563, 97, -10, -150, 1027, 37;
-33, 270, 14, -540, 131, 5, -129, 1053, 57;
-36, 268, 11, -542, 139, -5, -140, 1046, 43;
-33, 271, 12, -527, 161, 0, -131, 1059, 49;
-33, 272, 12, -517, 178, -2, -130, 1064, 48;
-32, 274, 12, -504, 196, -1, -126, 1071, 49;
-32, 275, 11, -493, 209, -4, -127, 1074, 45;
-31, 277, 12, -477, 227, -3, -122, 1081, 46;
-27, 281, 14, -452, 252, 6, -106, 1099, 58;
-29, 279, 11, -446, 256, -4, -115, 1091, 45;
-29, 280, 10, -431, 268, -7, -114, 1094, 42;
-22, 287, 16, -395, 299, 9, -88, 1120, 63;
-22, 287, 15, -379, 310, 7, -87, 1121, 59;
-21, 288, 15, -359, 322, 6, -82, 1125, 59;
-19, 290, 15, -336, 335, 8, -75, 1132, 60;
-17, 291, 16, -313, 348, 9, -68, 1137, 62;
-19, 289, 13, -299, 349, 0, -74, 1130, 51;
-17, 291, 13, -274, 360, 1, -66, 1136, 53;
-14, 293, 14, -247, 372, 4, -57, 1142, 56;
-13, 293, 14, -224, 379, 3, -52, 1144, 55;
-11, 294, 14, -199, 386, 3, -46, 1146, 54;
-10, 294, 13, -174, 392, 2, -41, 1148, 54;
-8, 295, 13, -148, 398, 2, -34, 1150, 54;
-10, 291, 10, -134, 390, -9, -42, 1137, 39;
-5, 296, 14, -95, 407, 3, -20, 1154, 55;
-7, 292, 10, -80, 397, -8, -28, 1140, 40;
-5, 292, 10, -53, 399, -8, -21, 1141, 40;
0, 296, 13, -15, 411, 2, -1, 1155, 53;
4, 299, 16, 20, 421, 11, 16, 1167, 65;
0, 294, 11, 31, 404, -4, 3, 1147, 45;
4, 295, 13, 62, 407, 0, 15, 1152, 51;
3, 292, 10, 82, 397, -6, 13, 1142, 42;
6, 293, 12, 113, 398, -2, 25, 1146, 47;
8, 293, 12, 141, 395, -1, 33, 1146, 49;
9, 292, 11, 164, 387, -4, 36, 1140, 45;
16, 297, 16, 206, 397, 11, 63, 1158, 65;
15, 294, 14, 223, 383, 4, 60, 1146, 56;
16, 292, 13, 246, 372, 2, 63, 1140, 53;
17, 291, 13, 269, 362, 0, 67, 1135, 51;
20, 291, 14, 296, 357, 4, 78, 1137, 57;
16, 285, 9, 304, 331, -10, 64, 1114, 37;
22, 289, 14, 341, 335, 4, 89, 1128, 56;
25, 289, 15, 366, 327, 7, 99, 1129, 60;
23, 284, 12, 376, 304, -2, 91, 1111, 47;
21, 281, 9, 388, 283, -10, 85, 1096, 37;
24, 281, 11, 411, 274, -6, 96, 1096, 42;
30, 284, 15, 443, 273, 7, 117, 1108, 60;
32, 283, 16, 463, 261, 10, 125, 1106, 63;
29, 278, 12, 466, 233, -2, 113, 1084, 47;
32, 278, 14, 488, 224, 4, 125, 1087, 56;
28, 272, 9, 487, 192, -10, 110, 1062, 37;
30, 271, 10, 504, 179, -6, 118, 1060, 42;
33, 272, 13, 523, 168, 0, 130, 1063, 51;
37, 274, 16, 544, 162, 11, 146, 1070, 65;
35, 270, 14, 546, 136, 3, 139, 1053, 55;
32, 264, 10, 542, 105, -8, 126, 1031, 40;
37, 267, 15, 564, 102, 7, 147, 1044, 59;
38, 266, 15, 572, 85, 8, 150, 1039, 61;
37, 263, 14, 571, 61, 3, 146, 1026, 55;
34, 258, 11, 566, 34, -4, 136, 1008, 45;
34, 256, 11, 567, 13, -5, 135, 1000, 44;
34, 254, 10, 566, -7, -7, 133, 990, 41;
39, 257, 15, 581, -11, 8, 152, 1002, 61;
37, 254, 14, 575, -34, 4, 147, 990, 56;
39, 254, 16, 579, -46, 11, 155, 992, 65;
33, 246, 10, 555, -85, -8, 129, 960, 40;
33, 244, 10, 550, -103, -7, 129, 955, 41;
38, 249, 16, 563, -102, 12, 152, 972, 65;
36, 245, 15, 549, -125, 6, 143, 959, 59;
30, 238, 9, 522, -161, -11, 118, 929, 37;
32, 238, 11, 518, -172, -4, 124, 931, 45;
29, 235, 10, 503, -194, -8, 116, 920, 40;
30, 235, 11, 492, -208, -5, 117, 917, 44;
34, 238, 16, 494, -209, 10, 133, 930, 63;
33, 237, 16, 479, -225, 10, 129, 925, 64;
28, 231, 12, 451, -253, -2, 110, 903, 48;
24, 227, 9, 425, -276, -10, 95, 887, 37;
24, 227, 11, 411, -286, -6, 96, 887, 43;
22, 225, 9, 389, -304, -9, 86, 877, 38;
21, 224, 10, 372, -314, -7, 85, 876, 41;
21, 224, 11, 353, -325, -5, 82, 874, 44;
19, 222, 11, 331, -337, -6, 76, 868, 43;
18, 222, 11, 310, -347, -4, 72, 866, 45;
20, 224, 15, 298, -346, 6, 80, 876, 58;
19, 223, 15, 274, -356, 6, 74, 872, 58;
16, 221, 14, 247, -367, 2, 64, 865, 54;
11, 217, 10, 212, -385, -7, 45, 849, 41;
9, 216, 9, 183, -396, -10, 35, 843, 37;
10, 218, 12, 167, -392, 0, 40, 852, 49;
5, 215, 9, 132, -407, -10, 22, 839, 38;
4, 215, 10, 107, -410, -9, 17, 838, 39;
8, 220, 16, 99, -394, 10, 35, 861, 63;
4, 218, 13, 64, -405, 2, 18, 850, 53;
5, 220, 16, 46, -398, 10, 21, 859, 63;
-2, 213, 9, -1, -420, -10, -10, 834, 38;
-1, 216, 12, -19, -411, -1, -6, 845, 48;
0, 221, 16, -33, -396, 12, 3, 862, 65;
-3, 219, 14, -67, -401, 4, -11, 854, 56;
-6, 217, 13, -98, -403, 0, -23, 850, 51;
-9, 216, 11, -131, -406, -6, -38, 843, 43;
-12, 215, 10, -160, -404, -8, -48, 841, 39;
-8, 222, 16, -168, -380, 9, -32, 866, 62;
-12, 220, 13, -200, -380, 2, -47, 860, 54;
-18, 216, 9, -239, -388, -12, -71, 844, 35;
-14, 223, 15, -245, -361, 6, -54, 870, 59;
-16, 223, 14, -271, -354, 5, -62, 872, 57;
-20, 221, 11, -304, -354, -4, -80, 863, 45;
-20, 224, 13, -320, -337, 1, -78, 875, 53;
-24, 222, 10, -353, -337, -9, -97, 866, 39;
-20, 229, 15, -356, -306, 8, -79, 893, 62;
-24, 227, 13, -385, -302, 0, -95, 887, 51;
-24, 229, 14, -402, -286, 3, -96, 896, 55;
-27, 229, 12, -425, -276, -1, -106, 895, 49;
-26, 233, 14, -436, -255, 5, -102, 909, 58;
-29, 232, 12, -459, -246, 0, -115, 907, 49;
-30, 234, 12, -474, -230, 0, -118, 913, 50;
-29, 237, 14, -484, -209, 4, -115, 925, 56;
-32, 236, 12, -505, -199, -2, -128, 923, 47;
-36, 235, 9, -526, -191, -11, -142, 918, 36;
-30, 243, 15, -517, -153, 8, -119, 950, 62;
-34, 242, 12, -537, -145, 0, -134, 944, 49;
-33, 245, 14, -540, -121, 4, -129, 958, 56;
-36, 245, 12, -556, -111, -3, -141, 955, 46;
-32, 250, 15, -551, -80, 8, -128, 977, 61;
-33, 252, 16, -555, -61, 9, -129, 985, 62;
-38, 249, 10, -576, -58, -6, -150, 972, 42;
-34, 255, 15, -565, -25, 6, -133, 996, 59;
-38, 253, 11, -579, -18, -5, -149, 988, 43;
-34, 259, 15, -565, 14, 7, -133, 1012, 60;
-38, 256, 10, -580, 18, -7, -151, 1000, 41;
-36, 260, 12, -571, 43, -1, -143, 1014, 49;
-35, 262, 13, -565, 65, 1, -139, 1025, 52;
-32, 267, 16, -551, 93, 9, -127, 1043, 63;
-33, 267, 14, -551, 106, 4, -132, 1043, 56;
-34, 268, 13, -547, 121, 1, -134, 1046, 52;
-32, 271, 14, -533, 144, 5, -126, 1059, 58;
-35, 269, 11, -535, 151, -5, -138, 1051, 43;
-32, 273, 13, -517, 175, 1, -127, 1066, 52;
-30, 276, 14, -502, 196, 4, -120, 1077, 57;
-33, 274, 10, -500, 201, -7, -131, 1068, 42;
-30, 278, 13, -478, 225, 0, -118, 1085, 52;
-31, 277, 11, -470, 235, -5, -122, 1082, 43;
-28, 281, 13, -447, 256, 0, -110, 1096, 51;
-30, 279, 10, -439, 262, -8, -117, 1090, 40;
-24, 285, 15, -405, 292, 6, -93, 1115, 59;
-22, 287, 15, -385, 306, 7, -88, 1121, 60;
-27, 282, 9, -384, 299, -11, -107, 1101, 36;
-22, 286, 12, -352, 322, -1, -89, 1119, 49;
-23, 285, 10, -338, 327, -8, -92, 1114, 40;
-16, 292, 15, -298, 354, 8, -65, 1139, 61;
-16, 292, 14, -279, 361, 5, -64, 1139, 57;
-15, 292, 13, -257, 368, 2, -61, 1139, 54;
-13, 293, 14, -230, 378, 5, -52, 1146, 57;
-16, 289, 9, -221, 371, -9, -64, 1129, 38;
-12, 292, 12, -188, 385, -2, -49, 1141, 47;
-7, 296, 15, -151, 402, 8, -28, 1157, 62;
-4, 298, 16, -122, 410, 11, -18, 1163, 65;
-10, 291, 9, -117, 392, -10, -39, 1137, 38;
-1, 298, 16, -69, 416, 10, -6, 1164, 64;
-1, 297, 15, -46, 415, 7, -4, 1161, 60;
-3, 293, 11, -33, 403, -6, -14, 1145, 43;
18, 27, 2, 3492, 4483, 2564, 72, 108, 10;
16, 26, 5, 2394, 2138, 2791, 63, 102, 21;
20, 15, 9, 4157, 2564, 2884, 81, 62, 36;
5, 0, 8, 2727, 2783, 1205, 19, 2, 32;
3, 7, 9, 4255, 1915, 1707, 13, 27, 35;
0, 5, 0, 1779, 2743, 1255, 0, 23, 2;
17, 6, 6, 3575, 3332, 1174, 68, 24, 24;
7, 25, 10, 2547, 3026, 2296, 29, 99, 39;
4, 8, 11, 2159, 3668, 1519, 16, 31, 44;
1, 9, 12, 2602, 4798, 2375, 7, 37, 48;
9, 26, 10, 4395, 3662, 1299, 37, 102, 41;
6, 24, 0, 1535, 3594, 2531, 26, 96, 3;
8, 4, 7, 4372, 2712, 1034, 32, 19, 28;
7, 22, 1, 3062, 4559, 2298, 27, 87, 5;
10, 28, 7, 2974, 2063, 2890, 42, 111, 28;
18, 27, 10, 3932, 3095, 1281, 70, 106, 39;
1, 7, 8, 4131, 3543, 2838, 5, 28, 33;
5, 14, 1, 1837, 5117, 1029, 20, 56, 6;
11, 21, 1, 1613, 2385, 2159, 43, 85, 7;
4, 16, 11, 2496, 1824, 1562, 16, 65, 43;
2, 18, 3, 2379, 4432, 1936, 8, 71, 11;
5, 10, 8, 2464, 2426, 1160, 19, 39, 32;
14, 25, 3, 2668, 4782, 1378, 54, 98, 13;
7, 8, 3, 1662, 5326, 1826, 29, 32, 14;
7, 1, 9, 3453, 3658, 2599, 30, 6, 35;
0, 28, 1, 1763, 3036, 2652, 0, 109, 4;
7, 15, 3, 2476, 3513, 1216, 30, 61, 14;
11, 12, 6, 4301, 4064, 2829, 43, 48, 23;
6, 0, 2, 3316, 5193, 1790, 26, 3, 11;
1, 2, 7, 3400, 3952, 1382, 7, 9, 30;
11, 9, 6, 1732, 5189, 2167, 43, 37, 23;
10, 8, 8, 3050, 2782, 1393, 39, 35, 32;
0, 7, 2, 4060, 3007, 1180, 3, 30, 10;
11, 27, 0, 3039, 2925, 1561, 45, 105, 3;
1, 26, 11, 3519, 5133, 2280, 7, 103, 46;
5, 25, 7, 2744, 3839, 2634, 19, 99, 30;
1, 9, 1, 2220, 4286, 1224, 7, 37, 7;
3, 30, 10, 3642, 3785, 1109, 13, 118, 42;
18, 24, 6, 2358, 3396, 1429, 72, 96, 24;
16, 4, 11, 3411, 5190, 2675, 64, 19, 43;
11, 30, 7, 2823, 4589, 1516, 43, 117, 30;
1, 25, 0, 2917, 3759, 1597, 5, 100, 2;
10, 1, 0, 1948, 2268, 2233, 40, 6, 2;
8, 9, 11, 2804, 2450, 1610, 35, 37, 45;
16, 26, 4, 2376, 5020, 2638, 64, 104, 19;
8, 29, 3, 3861, 4237, 1482, 33, 116, 14;
20, 16, 7, 4005, 4056, 1668, 80, 62, 29;
7, 12, 10, 4273, 1822, 1495, 28, 47, 39;
1, 2, 7, 2453, 4135, 1023, 7, 8, 29;
15, 12, 4, 3748, 3541, 2070, 60, 49, 17;
7, 9, 3, 3387, 2228, 2461, 30, 35, 12;
17, 16, 2, 1715, 3529, 2778, 66, 65, 11;
17, 4, 6, 3108, 4099, 1047, 69, 17, 24;
18, 20, 9, 4141, 2328, 1527, 71, 80, 38;
17, 30, 7, 3407, 3504, 2277, 69, 117, 27;
6, 10, 6, 3524, 3042, 2277, 24, 39, 25;
4, 12, 1, 3519, 2923, 1619, 18, 47, 4;
12, 28, 12, 2700, 4848, 2306, 49, 111, 49;
7, 10, 2, 3020, 2332, 2882, 28, 40, 11;
4, 14, 4, 1906, 5004, 1985, 17, 57, 16;
14, 3, 11, 3312, 4908, 2671, 54, 12, 46;
11, 14, 1, 2399, 2726, 2541, 46, 57, 6;
2, 25, 7, 2129, 4446, 1033, 11, 100, 30;
17, 25, 3, 4005, 2805, 1312, 67, 98, 12;
5, 23, 10, 4384, 4857, 1162, 19, 92, 39;
0, 19, 11, 1947, 2505, 1378, 0, 75, 45;
1, 1, 10, 3087, 2482, 2175, 5, 6, 39;
16, 20, 1, 2347, 4573, 1044, 66, 80, 5;
17, 26, 1, 1930, 2896, 2277, 67, 103, 4;
12, 0, 2, 3825, 3945, 2141, 49, 1, 10;
8, 23, 10, 1966, 3923, 1380, 34, 91, 42;
19, 26, 13, 3454, 4224, 2050, 76, 105, 50;
4, 16, 5, 4293, 2144, 2892, 17, 65, 20;
9, 2, 8, 4160, 2934, 2665, 36, 11, 34;
8, 0, 3, 3515, 3460, 1165, 31, 0, 13;
10, 12, 1, 1626, 5000, 2052, 42, 48, 7;
7, 12, 12, 3305, 2019, 2678, 29, 50, 48;
12, 26, 2, 4376, 3313, 2025, 47, 101, 9;
15, 21, 9, 3944, 3550, 2076, 59, 82, 38;
13, 25, 11, 3772, 5367, 2286, 52, 100, 43;
717, 834, 444, 5229, 4573, 3098, 2798, 3254, 1734;
659, 742, 349, 5023, 4393, 2975, 2570, 2896, 1361;
594, 880, 460, 4851, 4246, 2884, 2319, 3432, 1794;
589, 740, 328, 4674, 4092, 2784, 2298, 2889, 1281;
653, 887, 420, 4446, 3887, 2630, 2549, 3462, 1638;
545, 690, 343, 4271, 3734, 2526, 2128, 2691, 1339;
532, 725, 376, 4109, 3593, 2433, 2075, 2831, 1467;
510, 776, 357, 3944, 3448, 2333, 1991, 3027, 1395;
561, 765, 323, 3792, 3316, 2245, 2189, 2984, 1260;
507, 666, 281, 3639, 3181, 2152, 1981, 2600, 1098;
397, 706, 324, 3536, 3096, 2107, 1551, 2756, 1263;
436, 563, 262, 3380, 2958, 2008, 1702, 2198, 1025;
413, 662, 242, 3247, 2841, 1929, 1611, 2584, 945;
409, 722, 262, 3122, 2732, 1855, 1597, 2818, 1022;
413, 696, 242, 2972, 2597, 1755, 1610, 2715, 944;
387, 555, 283, 2898, 2538, 1728, 1510, 2165, 1104;
306, 530, 263, 2742, 2396, 1618, 1195, 2070, 1027;
338, 604, 263, 2661, 2329, 1581, 1321, 2357, 1027;
355, 626, 186, 2536, 2217, 1499, 1388, 2442, 727;
308, 541, 190, 2470, 2163, 1473, 1203, 2111, 742;
341, 604, 213, 2347, 2053, 1390, 1333, 2355, 831;
307, 481, 198, 2268, 1985, 1348, 1198, 1877, 773;
273, 468, 165, 2199, 1927, 1316, 1067, 1825, 644;
264, 541, 203, 2091, 1830, 1242, 1031, 2110, 794;
276, 540, 160, 2009, 1758, 1193, 1076, 2109, 624;
237, 537, 176, 1920, 1679, 1136, 925, 2095, 686;
254, 527, 154, 1862, 1630, 1109, 994, 2056, 601;
201, 490, 178, 1790, 1567, 1066, 784, 1911, 694;
249, 433, 168, 1730, 1516, 1035, 971, 1691, 655;
237, 465, 123, 1621, 1415, 953, 926, 1817, 479;
200, 413, 110, 1576, 1379, 934, 782, 1613, 429;
224, 405, 130, 1504, 1314, 887, 874, 1582, 510;
203, 459, 122, 1452, 1270, 860, 793, 1792, 477;
162, 455, 111, 1418, 1243, 849, 635, 1774, 433;
178, 439, 128, 1345, 1176, 798, 695, 1712, 500;
181, 436, 126, 1295, 1133, 769, 708, 1704, 494;
177, 434, 93, 1246, 1091, 741, 692, 1694, 363;
170, 381, 109, 1192, 1043, 707, 666, 1487, 428;
159, 405, 94, 1128, 984, 662, 621, 1582, 369;
123, 371, 100, 1095, 957, 647, 482, 1447, 392;
136, 368, 80, 1075, 943, 645, 530, 1435, 314;
147, 358, 85, 1012, 884, 598, 576, 1397, 331;
119, 396, 87, 977, 855, 580, 466, 1546, 339;
122, 360, 93, 952, 834, 570, 476, 1406, 364;
127, 385, 71, 888, 775, 521, 496, 1502, 279;
119, 384, 72, 870, 762, 518, 465, 1499, 284;
106, 358, 77, 815, 711, 477, 415, 1398, 301;
102, 328, 66, 798, 698, 473, 400, 1283, 261;
84, 329, 56, 751, 655, 439, 328, 1284, 219;
88, 349, 57, 755, 662, 454, 343, 1364, 223;
87, 361, 71, 727, 638, 439, 343, 1411, 278;
84, 339, 57, 665, 579, 388, 330, 1325, 226;
81, 327, 62, 661, 579, 394, 319, 1277, 242;
82, 349, 49, 622, 544, 367, 321, 1361, 191;
81, 339, 45, 602, 526, 356, 319, 1323, 175;
77, 334, 37, 563, 490, 327, 303, 1302, 147;
65, 314, 46, 556, 486, 329, 255, 1226, 180;
68, 311, 41, 529, 462, 311, 267, 1216, 163;
55, 304, 47, 507, 443, 298, 215, 1187, 185;
57, 323, 37, 492, 430, 291, 224, 1261, 145;
62, 327, 46, 482, 422, 288, 242, 1276, 182;
62, 295, 37, 432, 375, 247, 244, 1152, 144;
51, 304, 38, 425, 370, 246, 202, 1186, 151;
55, 292, 28, 401, 348, 230, 218, 1141, 112;
53, 305, 31, 402, 351, 237, 207, 1190, 123;
55, 309, 38, 392, 343, 234, 217, 1205, 152;
45, 304, 29, 364, 317, 211, 176, 1187, 116;
47, 306, 30, 353, 308, 207, 183, 1194, 119;
41, 302, 32, 348, 305, 207, 162, 1178, 125;
36, 295, 27, 331, 290, 197, 143, 1151, 106;
46, 289, 26, 314, 274, 185, 182, 1129, 102;
33, 294, 26, 298, 260, 173, 130, 1149, 103;
40, 282, 25, 287, 250, 167, 156, 1103, 100;
39, 291, 24, 281, 246, 167, 152, 1137, 96;
37, 285, 24, 290, 256, 179, 145, 1113, 96;
28, 289, 18, 254, 221, 148, 109, 1129, 71;
38, 288, 23, 258, 227, 156, 149, 1124, 93;
26, 281, 15, 222, 192, 124, 101, 1096, 60;
37, 286, 21, 254, 225, 160, 145, 1118, 83;
24, 275, 19, 207, 179, 117, 97, 1072, 74;
1, 256, 0, 0, 0, 0, 5, 1000, 3;
1, 256, 0, 0, 0, 0, 5, 999, 3;
1, 256, 0, -1, -1, -1, 4, 998, 1;
1, 256, 1, 1, 1, 1, 5, 1000, 3;
1, 256, 1, 1, 1, 1, 6, 1001, 4;
1, 256, 0, 0, 0, 0, 5, 999, 3;
1, 256, 0, 0, 0, 0, 4, 999, 2;
1, 256, 0, -1, -1, -1, 3, 998, 1;
1, 256, 0, -1, -1, -1, 4, 999, 2;
1, 256, 1, 1, 1, 1, 6, 1001, 4;
1, 256, 0, 0, 0, 0, 5, 1000, 3;
1, 256, 0, -1, -1, -1, 4, 998, 1;
1, 256, 0, -1, -1, -1, 4, 998, 1;
1, 256, 0, 0, 0, 0, 5, 1000, 3;
1, 256, 0, 0, 0, 0, 4, 999, 2;
1, 256, 0, -1, -1, -1, 4, 999, 2;
1, 256, 0, -1, -1, -1, 4, 999, 2;
1, 256, 0, 0, 0, 0, 4, 999, 2;
1, 256, 0, 0, 0, 0, 5, 1000, 3;
1, 256, 0, 0, 0, 0, 4, 999, 2;
1, 256, 0, -1, -1, -1, 4, 999, 2;
1, 256, 1, 1, 1, 1, 6, 1001, 4;
1, 256, 0, 0, 0, 0, 5, 1000, 3;
1, 256, 0, 0, 0, 0, 4, 999, 2;
1, 256, 1, 1, 1, 1, 6, 1001, 4;
1, 256, 0, -1, -1, -1, 4, 999, 2;
1, 256, 1, 1, 1, 1, 6, 1001, 4;
1, 256, 0, 0, 0, 0, 5, 1000, 3;
1, 256, 0, 0, 0, 0, 5, 1000, 3;
1, 256, 0, -1, -1, -1, 4, 999, 2;
1, 256, 0, -1, -1, -1, 4, 998, 2;
1, 256, 0, 0, 0, 0, 4, 999, 2;
1, 256, 0, 0, 0, 0, 5, 999, 3;
1, 256, 0, 0, 0, 0, 4, 999, 2;
1, 256, 0, -1, -1, -1, 4, 999, 2;
1, 256, 0, 0, 0, 0, 5, 1000, 3;
1, 256, 0, 0, 0, 0, 5, 1000, 3;
1, 256, 0, 0, 0, 0, 5, 999, 3;
1, 256, 0, 0, 0, 0, 4, 999, 2;
1, 256, 0, 0, 0, 0, 5, 1000, 3;
1, 256, 0, -1, -1, -1, 4, 999, 2;
1, 256, 0, 0, 0, 0, 5, 1000, 3;
1, 256, 0, 0, 0, 0, 5, 1000, 3;
1, 256, 0, 0, 0, 0, 5, 1000, 3;
1, 256, 0, 0, 0, 0, 5, 1000, 3;
1, 256, 0, -1, -1, -1, 4, 999, 2;
1, 256, 0, 1, 1, 1, 5, 1000, 3;
1, 256, 0, 0, 0, 0, 4, 999, 2;
1, 256, 0, 0, 0, 0, 5, 1000, 3;
1, 256, 0, 0, 0, 0, 4, 999, 2;
1, 256, 0, 1, 1, 1, 5, 1000, 3;
1, 256, 1, 1, 1, 1, 6, 1001, 4;
1, 256, 0, 1, 1, 1, 5, 1000, 3;
1, 256, 1, 1, 1, 1, 5, 1000, 3;
1, 256, 0, 1, 1, 1, 5, 1000, 3;
1, 256, 0, 0, 0, 0, 4, 999, 2;
1, 256, 0, -1, -1, -1, 4, 998, 1;
1, 256, 0, 0, 0, 0, 5, 1000, 3;
1, 256, 0, 0, 0, 0, 5, 1000, 3;
1, 256, 0, 1, 1, 1, 5, 1000, 3;
1, 256, 0, 0, 0, 0, 5, 1000, 3;
1, 256, 0, 0, 0, 0, 5, 1000, 3;
1, 256, 0, 0, 0, 0, 5, 1000, 3;
1, 256, 0, -1, -1, -1, 4, 999, 2;
1, 256, 1, 1, 1, 1, 6, 1001, 4;
1, 256, 0, 0, 0, 0, 4, 999, 2;
1, 256, 0, 0, 0, 0, 4, 999, 2;
1, 256, 0, -1, -1, -1, 4, 999, 2;
1, 256, 0, 0, 0, 0, 5, 1000, 3;
0, 256, 0, -1, -1, -1, 3, 998, 1;
1, 256, 0, 0, 0, 0, 4, 999, 2;
1, 256, 0, 0, 0, 0, 4, 999, 2;
1, 256, 0, 0, 0, 0, 4, 999, 2;
1, 256, 0, 0, 0, 0, 5, 1000, 3;
1, 256, 0, 0, 0, 0, 4, 999, 2;
1, 256, 0, -1, -1, -1, 4, 999, 2;
1, 256, 0, -1, -1, -1, 4, 999, 2;
1, 256, 0, 0, 0, 0, 5, 1000, 3;
1, 256, 0, 0, 0, 0, 4, 999, 2;
1, 256, 0, 0, 0, 0, 4, 999, 2;
1, 256, 0, 0, 0, 0, 5, 1000, 3;
1, 256, 0, 0, 0, 0, 5, 1000, 3;
1, 256, 0, 0, 0, 0, 4, 999, 2;
1, 256, 0, 0, 0, 0, 4, 999, 2;
1, 256, 0, 0, 0, 0, 4, 999, 2;
1, 256, 1, 1, 1, 1, 6, 1000, 3;
1, 256, 0, 0, 0, 0, 5, 1000, 3;
1, 256, 0, 0, 0, 0, 4, 999, 2;
1, 256, 0, 0, 0, 0, 5, 999, 2;
1, 256, 0, -1, -1, -1, 4, 999, 2;
1, 256, 0, 0, 0, 0, 5, 999, 2;
1, 256, 0, 0, 0, 0, 4, 999, 2;
1, 256, 0, 0, 0, 0, 5, 1000, 3;
1, 256, 0, 1, 1, 1, 5, 1000, 3;
1, 256, 0, 0, 0, 0, 5, 1000, 3;
0, 256, 0, -1, -1, -1, 3, 998, 1;
1, 256, 1, 1, 1, 1, 6, 1001, 4;
1, 256, 0, 0, 0, 0, 4, 999, 2;
1, 256, 1, 1, 1, 1, 6, 1001, 4;
1, 256, 0, 0, 0, 0, 4, 999, 2;
1, 256, 0, 1, 1, 1, 5, 1000, 3;
1, 256, 0, -1, -1, -1, 4, 998, 2;
1, 256, 0, 1, 1, 1, 5, 1000, 3;
1, 256, 0, -1, -1, -1, 4, 999, 2;
1, 256, 0, -1, -1, -1, 4, 999, 2;
1, 256, 0, -1, -1, -1, 4, 999, 2;
1, 256, 0, 0, 0, 0, 5, 1000, 3;
1, 256, 0, 0, 0, 0, 4, 999, 2;
1, 256, 0, 0, 0, 0, 5, 999, 3;
1, 256, 0, -1, -1, -1, 4, 999, 2;
1, 256, 0, 0, 0, 0, 5, 999, 3;
1, 256, 0, 0, 0, 0, 4, 999, 2;
1, 256, 0, 1, 1, 1, 5, 1000, 3;
1, 256, 1, 1, 1, 1, 6, 1001, 4;
1, 256, 0, -1, -1, -1, 4, 999, 2;
1, 256, 0, 0, 0, 0, 4, 999, 2;
1, 256, 1, 1, 1, 1, 6, 1001, 4;
1, 256, 0, 1, 1, 1, 5, 1000, 3;
1, 256, 1, 1, 1, 1, 5, 1000, 3;
1, 256, 0, 0, 0, 0, 4, 999, 2;
1, 256, 0, 0, 0, 0, 5, 1000, 3;
1, 256, 0, 0, 0, 0, 5, 999, 3;
1, 256, 1, 1, 1, 1, 6, 1001, 4;
1, 256, 0, -1, -1, -1, 4, 999, 2;
1, 256, 0, -1, -1, -1, 4, 999, 2;
1, 256, 1, 1, 1, 1, 6, 1001, 4;
1, 256, 0, 0, 0, 0, 4, 999, 2;
1, 256, 0, -1, -1, -1, 4, 999, 2;
1, 256, 0, 0, 0, 0, 4, 999, 2;
1, 256, 0, -1, -1, -1, 4, 999, 2;
1, 256, 0, 0, 0, 0, 4, 999, 2;
1, 256, 0, 0, 0, 0, 5, 1000, 3;
1, 256, 0, 0, 0, 0, 5, 1000, 3;
1, 256, 0, 0, 0, 0, 5, 1000, 3;
1, 256, 0, 0, 0, 0, 4, 999, 2;
1, 256, 0, -1, -1, -1, 4, 998, 2;
1, 256, 0, 0, 0, 0, 4, 999, 2;
1, 256, 1, 1, 1, 1, 6, 1001, 4;
1, 256, 0, 0, 0, 0, 4, 999, 2;
1, 256, 0, 0, 0, 0, 4, 999, 2;
1, 256, 1, 1, 1, 1, 6, 1001, 4;
1, 256, 0, 0, 0, 0, 4, 999, 2;
1, 256, 0, 0, 0, 0, 5, 1000, 3;
1, 256, 0, -1, -1, -1, 4, 998, 2;
1, 256, 1, 1, 1, 1, 6, 1001, 4;
1, 256, 1, 1, 1, 1, 6, 1001, 4;
1, 256, 0, 1, 1, 1, 5, 1000, 3;
1, 256, 0, 0, 0, 0, 4, 999, 2;
1, 256, 0, 0, 0, 0, 5, 1000, 3;
1, 256, 0, 0, 0, 0, 4, 999, 2;
1, 256, 0, 1, 1, 1, 5, 1000, 3;
1, 256, 1, 1, 1, 1, 6, 1000, 4;
1, 256, 0, 1, 1, 1, 5, 1000, 3;
1, 256, 0, 0, 0, 0, 5, 1000, 3;
1, 256, 0, -1, -1, -1, 4, 999, 2;
1, 256, 0, 0, 0, 0, 5, 999, 3;
1, 256, 0, 0, 0, 0, 5, 1000, 3;
1, 256, 0, 1, 1, 1, 5, 1000, 3;
1, 256, 0, 0, 0, 0, 4, 999, 2;
1, 256, 0, 0, 0, 0, 4, 999, 2;
1, 256, 0, 0, 0, 0, 4, 999, 2;
0, 256, 0, -1, -1, -1, 3, 998, 1;
1, 256, 0, 1, 1, 1, 5, 1000, 3;
1, 256, 0, 0, 0, 0, 5, 999, 3;
1, 256, 0, -1, -1, -1, 3, 998, 1;
1, 256, 0, 0, 0, 0, 4, 999, 2;
1, 256, 0, -1, -1, -1, 4, 999, 2;
1, 256, 0, -1, -1, -1, 4, 999, 2;
1, 256, 0, 0, 0, 0, 4, 999, 2;
1, 256, 0, 0, 0, 0, 4, 999, 2;
1, 256, 0, 0, 0, 0, 4, 999, 2;
1, 256, 0, 0, 0, 0, 5, 999, 2;
1, 256, 0, 0, 0, 0, 4, 999, 2;
1, 256, 0, -1, -1, -1, 4, 999, 2;
1, 256, 0, -1, -1, -1, 4, 999, 2;
1, 256, 0, -1, -1, -1, 4, 999, 2;
1, 256, 0, 0, 0, 0, 5, 999, 3;
1, 256, 1, 1, 1, 1, 6, 1001, 4;
1, 256, 0, -1, -1, -1, 4, 999, 2;
1, 256, 1, 1, 1, 1, 6, 1000, 3;
1, 256, 0, 0, 0, 0, 5, 1000, 3;
1, 256, 0, 0, 0, 0, 5, 1000, 3;
1, 256, 0, 0, 0, 0, 4, 999, 2;
1, 256, 0, 0, 0, 0, 4, 999, 2;
1, 256, 0, 0, 0, 0, 4, 999, 2;
1, 256, 0, 0, 0, 0, 5, 1000, 3;
1, 256, 0, 0, 0, 0, 5, 999, 3;
1, 256, 0, 0, 0, 0, 4, 999, 2;
1, 256, 1, 1, 1, 1, 6, 1001, 4;
0, 256, 0, -1, -1, -1, 3, 998, 1;
1, 256, 0, 0, 0, 0, 5, 1000, 3;
1, 256, 0, 1, 1, 1, 5, 1000, 3;
1, 256, 0, -1, -1, -1, 3, 998, 1;
1, 256, 0, -1, -1, -1, 4, 999, 2;
1, 256, 0, -1, -1, -1, 4, 999, 2;
1, 256, 0, -1, -1, -1, 4, 999, 2;
1, 256, 0, -1, -1, -1, 4, 998, 1;
1, 256, 1, 1, 1, 1, 6, 1001, 4;
1, 256, 0, 1, 1, 1, 5, 1000, 3;
1, 256, 1, 1, 1, 1, 6, 1001, 4;
1, 256, 0, -1, -1, -1, 4, 999, 2;
1, 256, 0, 0, 0, 0, 4, 999, 2;
1, 256, 0, 0, 0, 0, 4, 999, 2;
1, 256, 0, 0, 0, 0, 5, 1000, 3;
1, 256, 0, -1, -1, -1, 4, 999, 2;
1, 256, 0, 0, 0, 0, 5, 1000, 3;
1, 256, 0, -1, -1, -1, 4, 998, 1;
1, 256, 0, -1, -1, -1, 4, 999, 2;
1, 256, 0, 0, 0, 0, 5, 1000, 3;
1, 256, 0, 0, 0, 0, 4, 999, 2;
0, 256, 0, -1, -1, -1, 3, 998, 1;
1, 256, 1, 1, 1, 1, 6, 1001, 4;
1, 256, 0, -1, -1, -1, 4, 999, 2;
1, 256, 0, 0, 0, 0, 5, 1000, 3;
1, 256, 0, -1, -1, -1, 4, 999, 2;
1, 256, 0, 0, 0, 0, 4, 999, 2;
1, 256, 0, 0, 0, 0, 4, 999, 2;
1, 256, 0, 0, 0, 0, 4, 999, 2;
1, 256, 0, 0, 0, 0, 4, 999, 2;
1, 256, 0, 0, 0, 0, 4, 999, 2;
1, 256, 0, 0, 0, 0, 4, 999, 2;
1, 256, 0, 0, 0, 0, 4, 999, 2;
1, 256, 0, 0, 0, 0, 4, 999, 2;
1, 256, 0, 0, 0, 0, 5, 1000, 3;
1, 256, 0, 0, 0, 0, 4, 999, 2;
1, 256, 0, -1, -1, -1, 4, 999, 2;
1, 256, 0, 0, 0, 0, 5, 1000, 3;
1, 256, 0, 0, 0, 0, 4, 999, 2;
1, 256, 0, 0, 0, 0, 4, 999, 2;
1, 256, 0, 0, 0, 0, 5, 1000, 3;
1, 256, 0, 0, 0, 0, 4, 999, 2;
1, 256, 0, -1, -1, -1, 4, 999, 2;
1, 256, 1, 1, 1, 1, 6, 1001, 4;
1, 256, 0, 0, 0, 0, 5, 1000, 3;
1, 256, 0, -1, -1, -1, 4, 999, 2;
1, 256, 0, -1, -1, -1, 4, 999, 2;
1, 256, 0, 0, 0, 0, 4, 999, 2;
1, 256, 0, 0, 0, 0, 4, 999, 2;
1, 256, 0, 1, 1, 1, 5, 1000, 3;
1, 256, 0, 0, 0, 0, 4, 999, 2;
1, 256, 0, 0, 0, 0, 5, 1000, 3;
1, 256, 0, 0, 0, 0, 4, 999, 2;
1, 256, 0, 0, 0, 0, 5, 1000, 3;
1, 256, 0, -1, -1, -1, 4, 999, 2;
1, 256, 0, 0, 0, 0, 4, 999, 2;
1, 256, 0, 0, 0, 0, 4, 999, 2;
1, 256, 1, 1, 1, 1, 6, 1001, 4;
1, 256, 0, -1, -1, -1, 3, 998, 1;
1, 256, 0, 0, 0, 0, 4, 999, 2;
1, 256, 1, 1, 1, 1, 6, 1001, 4;
1, 256, 0, 0, 0, 0, 5, 1000, 3;
1, 256, 0, -1, -1, -1, 4, 999, 2;
1, 256, 0, 0, 0, 0, 4, 999, 2;
1, 256, 1, 1, 1, 1, 6, 1000, 4;
1, 256, 0, -1, -1, -1, 4, 999, 2;
1, 256, 0, -1, -1, -1, 4, 998, 1;
0, 256, 0, -1, -1, -1, 3, 998, 1;
1, 256, 0, -1, -1, -1, 4, 999, 2;
1, 256, 0, -1, -1, -1, 4, 999, 2;
1, 256, 0, -1, -1, -1, 4, 998, 1;
1, 256, 0, 0, 0, 0, 5, 1000, 3;
1, 256, 1, 1, 1, 1, 6, 1001, 4;
1, 256, 0, -1, -1, -1, 4, 999, 2;
1, 256, 0, -1, -1, -1, 4, 998, 2;
1, 256, 0, 0, 0, 0, 5, 1000, 3;
1, 256, 0, 0, 0, 0, 4, 999, 2;
1, 256, 0, 0, 0, 0, 5, 1000, 3;
1, 256, 0, 1, 1, 1, 5, 1000, 3;
1, 256, 1, 1, 1, 1, 6, 1001, 4;
1, 256, 1, 1, 1, 1, 5, 1000, 3;
1, 256, 0, 0, 0, 0, 5, 1000, 3;
1, 256, 0, 0, 0, 0, 5, 1000, 3;
1, 256, 0, 0, 0, 0, 5, 1000, 3;
1, 256, 1, 1, 1, 1, 5, 1000, 3;
1, 256, 0, 0, 0, 0, 4, 999, 2;
1, 256, 0, 0, 0, 0, 5, 1000, 3;
1, 256, 0, 0, 0, 0, 5, 999, 3;
1, 256, 0, 1, 1, 1, 5, 1000, 3;
1, 256, 1, 1, 1, 1, 5, 1000, 3;
1, 256, 0, 0, 0, 0, 5, 1000, 3;
1, 256, 0, 0, 0, 0, 5, 1000, 3;
1, 256, 0, 0, 0, 0, 5, 1000, 3;
1, 256, 1, 1, 1, 1, 6, 1001, 4;
1, 256, 0, 1, 1, 1, 5, 1000, 3;
1, 256, 1, 1, 1, 1, 6, 1000, 3;
1, 256, 0, 0, 0, 0, 4, 999, 2;
1, 256, 0, 0, 0, 0, 5, 1000, 3;
1, 256, 0, -1, -1, -1, 4, 999, 2;
1, 256, 0, 0, 0, 0, 4, 999, 2;
1, 256, 0, 0, 0, 0, 4, 999, 2;
1, 256, 1, 1, 1, 1, 6, 1000, 4;
1, 256, 1, 1, 1, 1, 5, 1000, 3;
1, 256, 0, 0, 0, 0, 5, 999, 3;
1, 256, 0, 0, 0, 0, 4, 999, 2;
1, 256, 0, 0, 0, 0, 4, 999, 2;
1, 256, 1, 1, 1, 1, 6, 1000, 3;
1, 256, 0, 0, 0, 0, 5, 1000, 3;
1, 256, 0, -1, -1, -1, 4, 999, 2;
1, 256, 0, 1, 1, 1, 5, 1000, 3;
1, 256, 0, 0, 0, 0, 5, 999, 3;
1, 256, 1, 1, 1, 1, 6, 1001, 4;
1, 256, 0, 0, 0, 0, 5, 1000, 3;
1, 256, 0, 0, 0, 0, 5, 1000, 3;
1, 256, 0, -1, -1, -1, 4, 999, 2;
1, 256, 0, -1, -1, -1, 4, 999, 2;
1, 256, 0, 0, 0, 0, 5, 1000, 3;
1, 256, 0, -1, -1, -1, 4, 999, 2;
1, 256, 0, 0, 0, 0, 4, 999, 2;
1, 256, 0, 0, 0, 0, 5, 1000, 3;
1, 256, 0, 0, 0, 0, 5, 1000, 3;
1, 256, 0, 0, 0, 0, 5, 1000, 3;
1, 256, 0, 0, 0, 0, 5, 1000, 3;
1, 256, 0, 1, 1, 1, 5, 1000, 3;
1, 256, 0, 0, 0, 0, 5, 1000, 3;
1, 256, 0, 1, 1, 1, 5, 1000, 3;
1, 256, 0, 0, 0, 0, 5, 1000, 3;
1, 256, 0, -1, -1, -1, 4, 999, 2;
1, 256, 0, -1, -1, -1, 4, 999, 2;
1, 256, 0, 1, 1, 1, 5, 1000, 3;
1, 256, 0, 0, 0, 0, 5, 1000, 3;
1, 256, 0, 1, 1, 1, 5, 1000, 3;
1, 256, 0, -1, -1, -1, 4, 999, 2;
1, 256, 1, 1, 1, 1, 5, 1000, 3;
1, 256, 0, 0, 0, 0, 5, 1000, 3;
1, 256, 0, 0, 0, 0, 4, 999, 2;
1, 256, 0, 0, 0, 0, 5, 1000, 3;
1, 256, 0, 0, 0, 0, 4, 999, 2;
1, 256, 1, 1, 1, 1, 5, 1000, 3;
1, 256, 0, 0, 0, 0, 5, 999, 3;
1, 256, 0, 0, 0, 0, 5, 1000, 3;
1, 256, 0, 0, 0, 0, 4, 999, 2;
1, 256, 1, 1, 1, 1, 6, 1001, 4;
1, 256, 0, -1, -1, -1, 4, 999, 2;
1, 256, 0, 0, 0, 0, 4, 999, 2;
1, 256, 0, 0, 0, 0, 4, 999, 2;
1, 256, 1, 1, 1, 1, 6, 1000, 3;
1, 256, 0, 0, 0, 0, 5, 1000, 3;
1, 256, 0, 0, 0, 0, 5, 1000, 3;
1, 256, 0, 0, 0, 0, 5, 1000, 3;
1, 256, 0, 1, 1, 1, 5, 1000, 3;
1, 256, 1, 1, 1, 1, 6, 1000, 4;
1, 256, 0, -1, -1, -1, 4, 998, 2;
1, 256, 0, 0, 0, 0, 5, 1000, 3;
1, 256, 0, -1, -1, -1, 4, 999, 2;
1, 256, 0, 0, 0, 0, 5, 1000, 3;
1, 256, 0, 0, 0, 0, 5, 1000, 3;
1, 256, 0, 0, 0, 0, 4, 999, 2;
1, 256, 0, -1, -1, -1, 4, 999, 2;
1, 256, 0, 0, 0, 0, 5, 1000, 3;
1, 256, 0, 1, 1, 1, 5, 1000, 3;
1, 256, 0, -1, -1, -1, 4, 999, 2;
1, 256, 0, -1, -1, -1, 4, 999, 2;
1, 256, 0, 0, 0, 0, 4, 999, 2;
1, 256, 0, -1, -1, -1, 4, 999, 2;
1, 256, 0, -1, -1, -1, 4, 999, 2;
1, 256, 0, 0, 0, 0, 5, 1000, 3;
1, 256, 0, 0, 0, 0, 5, 1000, 3;
1, 256, 0, -1, -1, -1, 4, 999, 2;
1, 256, 0, 0, 0, 0, 4, 999, 2;
1, 256, 0, 0, 0, 0, 5, 1000, 3;
1, 256, 0, 0, 0, 0, 4, 999, 2;
1, 256, 0, 0, 0, 0, 5, 1000, 3;
1, 256, 0, -1, -1, -1, 4, 999, 2;
1, 256, 0, 0, 0, 0, 4, 999, 2;
1, 256, 0, 0, 0, 0, 5, 1000, 3;
1, 256, 0, 0, 0, 0, 5, 1000, 3;
1, 256, 0, 0, 0, 0, 5, 1000, 3;
1, 256, 0, -1, -1, -1, 3, 998, 1;
1, 256, 0, -1, -1, -1, 3, 998, 1;
1, 256, 0, 0, 0, 0, 4, 999, 2;
1, 256, 0, 0, 0, 0, 4, 999, 2;
1, 256, 1, 1, 1, 1, 6, 1001, 4;
1, 256, 0, 0, 0, 0, 5, 1000, 3;
1, 256, 0, 0, 0, 0, 5, 1000, 3;
1, 256, 0, 0, 0, 0, 5, 999, 3;
1, 256, 1, 1, 1, 1, 6, 1001, 4;
1, 256, 0, -1, -1, -1, 4, 999, 2;
1, 256, 0, 0, 0, 0, 4, 999, 2;
1, 256, 0, -1, -1, -1, 3, 998, 1;
1, 256, 0, 1, 1, 1, 5, 1000, 3;
1, 256, 0, -1, -1, -1, 4, 999, 2;
1, 256, 0, 0, 0, 0, 4, 999, 2;
1, 256, 0, 0, 0, 0, 4, 999, 2;
1, 256, 1, 1, 1, 1, 5, 1000, 3;
1, 256, 0, -1, -1, -1, 4, 998, 2;
1, 256, 1, 1, 1, 1, 6, 1000, 3;
1, 256, 1, 1, 1, 1, 6, 1001, 4;
1, 256, 0, 0, 0, 0, 4, 999, 2;
1, 256, 0, -1, -1, -1, 4, 999, 2;
1, 256, 0, 0, 0, 0, 5, 1000, 3;
1, 256, 0, 0, 0, 0, 4, 999, 2;
1, 256, 1, 1, 1, 1, 5, 1000, 3;
1, 256, 0, 1, 1, 1, 5, 1000, 3;
1, 256, 0, 0, 0, 0, 4, 999, 2;
1, 256, 1, 1, 1, 1, 6, 1000, 3;
1, 256, 0, 0, 0, 0, 5, 1000, 3;
1, 256, 1, 1, 1, 1, 6, 1001, 4;
1, 256, 0, 0, 0, 0, 4, 999, 2;
1, 256, 0, -1, -1, -1, 3, 998, 1;
1, 256, 0, 0, 0, 0, 5, 1000, 3;
1, 256, 0, 0, 0, 0, 5, 999, 3;
1, 256, 1, 1, 1, 1, 6, 1000, 3;
1, 256, 0, 0, 0, 0, 5, 1000, 3;
1, 256, 0, -1, -1, -1, 4, 998, 2;
1, 256, 0, 0, 0, 0, 5, 1000, 3;
1, 256, 0, -1, -1, -1, 4, 999, 2;
1, 256, 1, 1, 1, 1, 6, 1001, 4;
1, 256, 0, 0, 0, 0, 4, 999, 2;
1, 256, 1, 1, 1, 1, 6, 1000, 3;
1, 256, 0, 0, 0, 0, 5, 1000, 3;
1, 256, 0, 0, 0, 0, 4, 999, 2;
1, 256, 0, 0, 0, 0, 4, 999, 2;
1, 256, 0, -1, -1, -1, 3, 998, 1;
1, 256, 0, 0, 0, 0, 5, 1000, 3;
1, 256, 0, 1, 1, 1, 5, 1000, 3;
1, 256, 0, 0, 0, 0, 4, 999, 2;
1, 256, 0, 1, 1, 1, 5, 1000, 3;
1, 256, 0, 0, 0, 0, 5, 1000, 3;
1, 256, 0, 0, 0, 0, 4, 999, 2;
1, 256, 1, 1, 1, 1, 5, 1000, 3;
1, 256, 0, 0, 0, 0, 5, 1000, 3;
1, 256, 0, 0, 0, 0, 5, 1000, 3;
1, 256, 0, 0, 0, 0, 5, 1000, 3;
1, 256, 0, -1, -1, -1, 4, 999, 2;
1, 256, 0, -1, -1, -1, 4, 999, 2;
1, 256, 0, 0, 0, 0, 4, 999, 2;
1, 256, 0, 1, 1, 1, 5, 1000, 3;
1, 256, 0, -1, -1, -1, 4, 998, 2;
1, 256, 0, 0, 0, 0, 4, 999, 2;
1, 256, 0, 0, 0, 0, 5, 1000, 3;
1, 256, 1, 1, 1, 1, 6, 1001, 4;
1, 256, 0, -1, -1, -1, 4, 999, 2;
1, 256, 0, 0, 0, 0, 5, 1000, 3;
1, 256, 0, 0, 0, 0, 5, 1000, 3;
1, 256, 1, 1, 1, 1, 6, 1001, 4;
1, 256, 0, 1, 1, 1, 5, 1000, 3;
1, 256, 0, 0, 0, 0, 4, 999, 2;
1, 256, 0, -1, -1, -1, 4, 998, 2;
0, 256, 0, -1, -1, -1, 3, 998, 1;
1, 256, 0, 0, 0, 0, 4, 999, 2;
1, 256, 0, -1, -1, -1, 4, 999, 2;
1, 256, 1, 1, 1, 1, 6, 1000, 4;
1, 256, 0, -1, -1, -1, 4, 999, 2;
1, 256, 0, -1, -1, -1, 3, 998, 1;
1, 256, 0, 0, 0, 0, 4, 999, 2;
1, 256, 0, 0, 0, 0, 5, 1000, 3;
1, 256, 0, 1, 1, 1, 5, 1000, 3;
1, 256, 0, 0, 0, 0, 5, 1000, 3;
1, 256, 0, 0, 0, 0, 4, 999, 2;
1, 256, 0, 0, 0, 0, 5, 1000, 3;
1, 256, 0, 0, 0, 0, 5, 1000, 3;
1, 256, 0, 1, 1, 1, 5, 1000, 3;
1, 256, 0, 0, 0, 0, 5, 1000, 3;
1, 256, 1, 1, 1, 1, 6, 1001, 4;
1, 256, 0, 0, 0, 0, 5, 1000, 3;
1, 256, 1, 1, 1, 1, 6, 1001, 4;
1, 256, 0, -1, -1, -1, 3, 998, 1;
1, 256, 0, 0, 0, 0, 4, 999, 2;
1, 256, 1, 1, 1, 1, 6, 1000, 4;
1, 256, 0, 0, 0, 0, 5, 1000, 3;
1, 256, 0, 0, 0, 0, 5, 1000, 3;
1, 256, 0, 0, 0, 0, 5, 1000, 3;
1, 256, 0, 0, 0, 0, 4, 999, 2;
1, 256, 0, 0, 0, 0, 4, 999, 2;
1, 256, 0, -1, -1, -1, 4, 999, 2;
1, 256, 0, 0, 0, 0, 4, 999, 2;
1, 256, 0, 0, 0, 0, 4, 999, 2;
1, 256, 0, 0, 0, 0, 5, 1000, 3;
1, 256, 0, 0, 0, 0, 5, 1000, 3;
1, 256, 1, 1, 1, 1, 6, 1001, 4;
1, 256, 0, 1, 1, 1, 5, 1000, 3;
1, 256, 0, 0, 0, 0, 5, 1000, 3;
1, 256, 0, 0, 0, 0, 5, 999, 3;
1, 256, 0, 0, 0, 0, 5, 1000, 3;
1, 256, 0, -1, -1, -1, 4, 998, 2;
1, 256, 0, 0, 0, 0, 4, 999, 2;
1, 256, 1, 1, 1, 1, 6, 1001, 4;
1, 256, 1, 1, 1, 1, 6, 1001, 4;
1, 256, 0, 0, 0, 0, 4, 999, 2;
1, 256, 0, 0, 0, 0, 5, 1000, 3;
1, 256, 0, 0, 0, 0, 5, 1000, 3;
1, 256, 1, 1, 1, 1, 5, 1000, 3;
1, 256, 1, 1, 1, 1, 6, 1001, 4;
1, 256, 1, 1, 1, 1, 6, 1001, 4;
1, 256, 0, -1, -1, -1, 4, 998, 1;
1, 256, 1, 1, 1, 1, 5, 1000, 3;
1, 256, 0, 1, 1, 1, 5, 1000, 3;
1, 256, 1, 1, 1, 1, 6, 1001, 4;
1, 256, 0, -1, -1, -1, 4, 998, 1;
1, 256, 1, 1, 1, 1, 5, 1000, 3;
1, 256, 0, 0, 0, 0, 5, 1000, 3;
1, 256, 0, 0, 0, 0, 4, 999, 2;
1, 256, 0, 0, 0, 0, 5, 999, 3;
1, 256, 0, 0, 0, 0, 5, 999, 2;
1, 256, 0, 0, 0, 0, 4, 999, 2;
1, 256, 0, 0, 0, 0, 5, 1000, 3;
1, 256, 0, 0, 0, 0, 5, 1000, 3;
1, 256, 0, 0, 0, 0, 4, 999, 2;
1, 256, 0, -1, -1, -1, 4, 999, 2;
1, 256, 0, -1, -1, -1, 3, 998, 1;
1, 256, 0, 0, 0, 0, 4, 999, 2;
1, 256, 0, 0, 0, 0, 4, 999, 2;
1, 256, 1, 1, 1, 1, 5, 1000, 3;
1, 256, 0, 0, 0, 0, 4, 999, 2;
1, 256, 0, 0, 0, 0, 5, 1000, 3;
1, 256, 0, -1, -1, -1, 4, 999, 2;
1, 256, 0, 0, 0, 0, 5, 1000, 3;
1, 256, 0, 0, 0, 0, 4, 999, 2;
1, 256, 0, 0, 0, 0, 4, 999, 2;
1, 256, 0, 1, 1, 1, 5, 1000, 3;
1, 256, 1, 1, 1, 1, 6, 1001, 4;
1, 256, 0, 0, 0, 0, 4, 999, 2;
1, 256, 0, 0, 0, 0, 5, 1000, 3;
1, 256, 0, 0, 0, 0, 4, 999, 2;
1, 256, 0, 0, 0, 0, 5, 1000, 3;
1, 256, 0, 0, 0, 0, 5, 1000, 3;
1, 256, 0, 0, 0, 0, 5, 1000, 3;
1, 256, 0, 0, 0, 0, 4, 999, 2;
1, 256, 0, 0, 0, 0, 4, 999, 2;
1, 256, 0, 0, 0, 0, 5, 1000, 3;
1, 256, 0, 0, 0, 0, 5, 999, 3;
1, 256, 1, 1, 1, 1, 6, 1001, 4;
1, 256, 0, 0, 0, 0, 5, 999, 3;
1, 256, 0, -1, -1, -1, 3, 998, 1;
1, 256, 0, -1, -1, -1, 4, 999, 2;
1, 256, 1, 1, 1, 1, 6, 1001, 4;
1, 256, 0, 0, 0, 0, 5, 1000, 3;
1, 256, 0, 0, 0, 0, 4, 999, 2;
1, 256, 1, 1, 1, 1, 6, 1001, 4;
1, 256, 0, -1, -1, -1, 4, 999, 2;
1, 256, 0, 0, 0, 0, 5, 1000, 3;
1, 256, 1, 1, 1, 1, 6, 1000, 3;
1, 256, 0, -1, -1, -1, 4, 999, 2;
1, 256, 0, -1, -1, -1, 4, 999, 2;
1, 256, 0, -1, -1, -1, 3, 998, 1;
1, 256, 1, 1, 1, 1, 6, 1001, 4;
1, 256, 0, 0, 0, 0, 4, 999, 2;
1, 256, 0, -1, -1, -1, 4, 999, 2;
1, 256, 1, 1, 1, 1, 6, 1001, 4;
1, 256, 0, 0, 0, 0, 5, 1000, 3;
1, 256, 0, 1, 1, 1, 5, 1000, 3;
1, 256, 0, 0, 0, 0, 5, 1000, 3;
1, 256, 0, 0, 0, 0, 5, 1000, 3;
1, 256, 0, -1, -1, -1, 4, 999, 2;
1, 256, 0, 0, 0, 0, 5, 1000, 3;
1, 256, 0, 0, 0, 0, 4, 999, 2;
1, 256, 0, 0, 0, 0, 4, 999, 2;
1, 256, 1, 1, 1, 1, 6, 1001, 4;
1, 256, 0, -1, -1, -1, 4, 999, 2;
1, 256, 0, 0, 0, 0, 5, 1000, 3;
1, 256, 0, 0, 0, 0, 5, 1000, 3;
1, 256, 0, 0, 0, 0, 5, 1000, 3;
1, 256, 0, -1, -1, -1, 4, 998, 2;
1, 256, 0, 0, 0, 0, 4, 999, 2;
1, 256, 0, -1, -1, -1, 4, 999, 2;
1, 256, 0, 0, 0, 0, 4, 999, 2;
1, 256, 0, 1, 1, 1, 5, 1000, 3;
1, 256, 1, 1, 1, 1, 6, 1001, 4;
1, 256, 0, -1, -1, -1, 4, 999, 2;
1, 256, 1, 1, 1, 1, 5, 1000, 3;
1, 256, 0, 0, 0, 0, 4, 999, 2;
1, 256, 0, -1, -1, -1, 4, 999, 2;
1, 256, 1, 1, 1, 1, 6, 1000, 4;
1, 256, 0, 0, 0, 0, 4, 999, 2;
1, 256, 0, 0, 0, 0, 4, 999, 2;
1, 256, 0, 0, 0, 0, 4, 999, 2;
1, 256, 1, 1, 1, 1, 6, 1001, 4;
1, 256, 0, 0, 0, 0, 5, 999, 3;
1, 256, 0, 0, 0, 0, 4, 999, 2;
1, 256, 0, 0, 0, 0, 5, 1000, 3;
1, 256, 0, 0, 0, 0, 5, 1000, 3;
1, 256, 0, -1, -1, -1, 4, 999, 2;
1, 256, 0, -1, -1, -1, 4, 999, 2;
1, 256, 0, 0, 0, 0, 5, 1000, 3;
1, 256, 0, -1, -1, -1, 4, 999, 2;
1, 256, 0, 1, 1, 1, 5, 1000, 3;
1, 256, 0, 0, 0, 0, 4, 999, 2;
1, 256, 0, -1, -1, -1, 4, 999, 2;
1, 256, 0, 0, 0, 0, 5, 1000, 3;
1, 256, 0, 0, 0, 0, 5, 1000, 3;
1, 256, 1, 1, 1, 1, 6, 1000, 3;
1, 256, 0, 1, 1, 1, 5, 1000, 3;
1, 256, 0, 0, 0, 0, 4, 999, 2;
1, 256, 0, 0, 0, 0, 4, 999, 2;
1, 256, 0, 0, 0, 0, 4, 999, 2;
1, 256, 1, 1, 1, 1, 6, 1001, 4;
1, 256, 0, 0, 0, 0, 5, 1000, 3;
1, 256, 0, -1, -1, -1, 4, 999, 2;
1, 256, 0, 0, 0, 0, 5, 1000, 3;
1, 256, 0, -1, -1, -1, 4, 998, 2;
1, 256, 0, -1, -1, -1, 4, 999, 2;
1, 256, 1, 1, 1, 1, 6, 1001, 4;
1, 256, 0, -1, -1, -1, 4, 999, 2;
1, 256, 0, 0, 0, 0, 5, 1000, 3;
1, 256, 0, 0, 0, 0, 5, 1000, 3;
1, 256, 0, 1, 1, 1, 5, 1000, 3;
1, 256, 1, 1, 1, 1, 6, 1001, 4;
1, 256, 0, -1, -1, -1, 4, 999, 2;
1, 256, 0, 0, 0, 0, 5, 1000, 3;
1, 256, 0, 0, 0, 0, 5, 1000, 3;
1, 256, 0, 0, 0, 0, 5, 999, 2;
1, 256, 0, 0, 0, 0, 4, 999, 2;
1, 256, 1, 1, 1, 1, 6, 1000, 4;
1, 256, 0, 0, 0, 0, 5, 1000, 3;
1, 256, 0, 0, 0, 0, 5, 1000, 3;
1, 256, 0, 1, 1, 1, 5, 1000, 3;
1, 256, 0, 1, 1, 1, 5, 1000, 3;
1, 256, 0, 0, 0, 0, 5, 1000, 3;
1, 256, 0, 0, 0, 0, 4, 999, 2;
1, 256, 0, -1, -1, -1, 4, 998, 2;
1, 256, 0, 0, 0, 0, 4, 999, 2;
1, 256, 0, -1, -1, -1, 4, 999, 2;
1, 256, 0, 0, 0, 0, 5, 1000, 3;
1, 256, 0, -1, -1, -1, 4, 999, 2;
1, 256, 0, 0, 0, 0, 5, 1000, 3;
1, 256, 0, 0, 0, 0, 4, 999, 2;
1, 256, 0, 0, 0, 0, 5, 1000, 3;
1, 256, 0, 0, 0, 0, 4, 999, 2;
1, 256, 0, 1, 1, 1, 5, 1000, 3;
1, 256, 0, 0, 0, 0, 4, 999, 2;
1, 256, 0, 0, 0, 0, 5, 1000, 3;
1, 256, 0, -1, -1, -1, 4, 999, 2;
1, 256, 0, 0, 0, 0, 4, 999, 2;
1, 256, 0, 0, 0, 0, 5, 1000, 3;
1, 256, 0, 0, 0, 0, 5, 1000, 3;
1, 256, 0, -1, -1, -1, 3, 998, 1;
1, 256, 0, -1, -1, -1, 4, 998, 2;
1, 256, 1, 1, 1, 1, 6, 1001, 4;
1, 256, 0, 0, 0, 0, 4, 999, 2;
1, 256, 1, 1, 1, 1, 6, 1001, 4;
1, 256, 0, -1, -1, -1, 3, 998, 1;
1, 256, 0, 0, 0, 0, 5, 999, 3;
1, 256, 1, 1, 1, 1, 6, 1000, 4;
1, 256, 0, 0, 0, 0, 4, 999, 2;
1, 256, 0, 0, 0, 0, 5, 1000, 3;
1, 256, 0, 0, 0, 0, 5, 1000, 3;
1, 256, 1, 1, 1, 1, 6, 1001, 4;
1, 256, 0, 0, 0, 0, 4, 999, 2;
1, 256, 1, 1, 1, 1, 6, 1000, 3;
1, 256, 0, 0, 0, 0, 5, 1000, 3;
1, 256, 0, 0, 0, 0, 5, 1000, 3;
1, 256, 0, -1, -1, -1, 4, 999, 2;
1, 256, 0, 0, 0, 0, 5, 1000, 3;
1, 256, 0, 0, 0, 0, 5, 999, 3;
1, 256, 0, 1, 1, 1, 5, 1000, 3;
1, 256, 1, 1, 1, 1, 6, 1001, 4;
1, 256, 0, 0, 0, 0, 4, 999, 2;
1, 256, 0, 0, 0, 0, 5, 1000, 3;
1, 256, 0, -1, -1, -1, 4, 999, 2;
1, 256, 0, 0, 0, 0, 4, 999, 2;
1, 256, 0, 1, 1, 1, 5, 1000, 3;
1, 256, 0, 0, 0, 0, 5, 999, 2;
1, 256, 0, 1, 1, 1, 5, 1000, 3;
1, 256, 0, 0, 0, 0, 4, 999, 2;
1, 256, 0, 0, 0, 0, 4, 999, 2;
1, 256, 0, 0, 0, 0, 5, 1000, 3;
1, 256, 0, -1, -1, -1, 4, 999, 2;
1, 256, 1, 1, 1, 1, 5, 1000, 3;
1, 256, 0, 1, 1, 1, 5, 1000, 3;
1, 256, 0, 0, 0, 0, 5, 1000, 3;
1, 256, 0, 0, 0, 0, 5, 1000, 3;
1, 256, 1, 1, 1, 1, 6, 1001, 4;
1, 256, 0, -1, -1, -1, 4, 999, 2;
1, 256, 0, -1, -1, -1, 4, 998, 1;
1, 256, 0, -1, -1, -1, 3, 998, 1;
1, 256, 0, -1, -1, -1, 4, 999, 2;
1, 256, 0, 0, 0, 0, 5, 1000, 3;
1, 256, 0, 0, 0, 0, 4, 999, 2;
1, 256, 0, 0, 0, 0, 4, 999, 2;
1, 256, 0, -1, -1, -1, 4, 999, 2;
1, 256, 1, 1, 1, 1, 6, 1000, 4;
1, 256, 0, 0, 0, 0, 5, 1000, 3;
1, 256, 1, 1, 1, 1, 6, 1001, 4;
1, 256, 0, -1, -1, -1, 4, 999, 2;
1, 256, 0, -1, -1, -1, 4, 999, 2;
1, 256, 0, 0, 0, 0, 4, 999, 2;
1, 256, 0, 0, 0, 0, 4, 999, 2;
1, 256, 0, 0, 0, 0, 5, 1000, 3;
1, 256, 0, 0, 0, 0, 5, 1000, 3;
1, 256, 0, 0, 0, 0, 5, 1000, 3;
1, 256, 0, -1, -1, -1, 4, 999, 2;
1, 256, 0, 1, 1, 1, 5, 1000, 3;
1, 256, 0, 0, 0, 0, 4, 999, 2;
1, 256, 0, -1, -1, -1, 4, 998, 2;
1, 256, 1, 1, 1, 1, 6, 1001, 4;
1, 256, 0, 0, 0, 0, 5, 1000, 3;
1, 256, 0, 1, 1, 1, 5, 1000, 3;
1, 256, 0, 1, 1, 1, 5, 1000, 3;
1, 256, 0, 0, 0, 0, 5, 1000, 3;
1, 256, 0, 0, 0, 0, 5, 1000, 3;
1, 256, 0, 0, 0, 0, 4, 999, 2;
1, 256, 0, 0, 0, 0, 5, 1000, 3;
1, 256, 1, 1, 1, 1, 6, 1001, 4;
1, 256, 0, -1, -1, -1, 4, 999, 2;
1, 256, 0, 0, 0, 0, 4, 999, 2;
1, 256, 1, 1, 1, 1, 6, 1001, 4;
1, 256, 0, -1, -1, -1, 3, 998, 1;
1, 256, 0, 0, 0, 0, 4, 999, 2;
1, 256, 0, -1, -1, -1, 4, 999, 2;
1, 256, 0, 1, 1, 1, 5, 1000, 3;
1, 256, 0, 0, 0, 0, 5, 1000, 3;
1, 256, 0, -1, -1, -1, 4, 999, 2;
0, 256, 0, -1, -1, -1, 3, 998, 1;
1, 256, 0, -1, -1, -1, 4, 999, 2;
1, 256, 0, -1, -1, -1, 4, 998, 2;
1, 256, 0, -1, -1, -1, 4, 999, 2;
1, 256, 0, -1, -1, -1, 4, 999, 2;
1, 256, 0, -1, -1, -1, 4, 999, 2;
1, 256, 0, 0, 0, 0, 5, 1000, 3;
1, 256, 0, -1, -1, -1, 4, 999, 2;
1, 256, 1, 1, 1, 1, 6, 1001, 4;
1, 256, 0, -1, -1, -1, 4, 999, 2;
1, 256, 0, 0, 0, 0, 5, 999, 2;
1, 256, 0, 0, 0, 0, 4, 999, 2;
1, 256, 1, 1, 1, 1, 6, 1000, 3;
1, 256, 0, 0, 0, 0, 5, 1000, 3;
1, 256, 0, -1, -1, -1, 4, 999, 2;
1, 256, 0, 0, 0, 0, 4, 999, 2;
1, 256, 0, -1, -1, -1, 4, 999, 2;
1, 256, 1, 1, 1, 1, 6, 1001, 4;
1, 256, 0, -1, -1, -1, 4, 999, 2;
1, 256, 1, 1, 1, 1, 6, 1000, 3;
1, 256, 0, -1, -1, -1, 4, 998, 1;
1, 256, 0, -1, -1, -1, 4, 999, 2;
1, 256, 1, 1, 1, 1, 6, 1001, 4;
1, 256, 0, 0, 0, 0, 4, 999, 2;
1, 256, 1, 1, 1, 1, 6, 1000, 4;
1, 256, 0, -1, -1, -1, 3, 998, 1;
1, 256, 1, 1, 1, 1, 5, 1000, 3;
1, 256, 0, 0, 0, 0, 4, 999, 2;
1, 256, 0, 0, 0, 0, 5, 1000, 3;
0, 256, 0, -1, -1, -1, 3, 998, 1;
1, 256, 0, 0, 0, 0, 5, 999, 2;
1, 256, 1, 1, 1, 1, 6, 1001, 4;
1, 256, 1, 1, 1, 1, 6, 1001, 4;
1, 256, 0, 0, 0, 0, 4, 999, 2;
1, 256, 0, 0, 0, 0, 5, 1000, 3;
1, 256, 0, 1, 1, 1, 5, 1000, 3;
1, 256, 1, 1, 1, 1, 5, 1000, 3;
1, 256, 0, -1, -1, -1, 3, 998, 1;
1, 256, 0, 0, 0, 0, 4, 999, 2;
1, 256, 0, 1, 1, 1, 5, 1000, 3;
1, 256, 1, 1, 1, 1, 6, 1001, 4;
1, 256, 0, 0, 0, 0, 4, 999, 2;
1, 256, 0, 1, 1, 1, 5, 1000, 3;
1, 256, 0, -1, -1, -1, 4, 999, 2;
1, 256, 0, 0, 0, 0, 5, 1000, 3;
1, 256, 0, -1, -1, -1, 4, 999, 2;
1, 256, 0, -1, -1, -1, 4, 999, 2;
1, 256, 0, 0, 0, 0, 5, 1000, 3;
1, 256, 0, 0, 0, 0, 4, 999, 2;
1, 256, 0, 0, 0, 0, 5, 1000, 3;
1, 256, 0, 0, 0, 0, 4, 999, 2;
1, 256, 0, -1, -1, -1, 4, 999, 2;
1, 256, 0, 0, 0, 0, 5, 999, 2;
1, 256, 0, -1, -1, -1, 4, 999, 2;
1, 256, 0, 0, 0, 0, 5, 1000, 3;
1, 256, 1, 1, 1, 1, 6, 1000, 3;
1, 256, 1, 1, 1, 1, 5, 1000, 3;
1, 256, 0, 0, 0, 0, 5, 999, 2;
1, 256, 0, -1, -1, -1, 4, 999, 2;
1, 256, 0, 0, 0, 0, 5, 999, 3;
1, 256, 1, 1, 1, 1, 5, 1000, 3;
1, 256, 1, 1, 1, 1, 6, 1000, 4;
1, 256, 0, 0, 0, 0, 5, 1000, 3;
1, 256, 0, 0, 0, 0, 5, 1000, 3;
1, 256, 0, -1, -1, -1, 4, 999, 2;
1, 256, 1, 1, 1, 1, 6, 1000, 4;
1, 256, 0, 0, 0, 0, 5, 1000, 3;
1, 256, 0, 0, 0, 0, 4, 999, 2;
1, 256, 1, 1, 1, 1, 6, 1000, 3;
1, 256, 0, 0, 0, 0, 5, 1000, 3;
1, 256, 0, 0, 0, 0, 5, 1000, 3;
1, 256, 0, 0, 0, 0, 4, 999, 2;
1, 256, 0, -1, -1, -1, 4, 998, 2;
1, 256, 0, 0, 0, 0, 4, 999, 2;
1, 256, 0, 0, 0, 0, 4, 999, 2;
1, 256, 0, 0, 0, 0, 5, 1000, 3;
1, 256, 0, 0, 0, 0, 5, 1000, 3;
1, 256, 0, 0, 0, 0, 5, 1000, 3;
1, 256, 1, 1, 1, 1, 6, 1000, 4;
1, 256, 0, 0, 0, 0, 5, 1000, 3;
1, 256, 0, -1, -1, -1, 4, 999, 2;
1, 256, 0, -1, -1, -1, 4, 999, 2;
1, 256, 0, 0, 0, 0, 4, 999, 2;
1, 256, 0, -1, -1, -1, 4, 999, 2;
1, 256, 1, 1, 1, 1, 6, 1001, 4;
1, 256, 0, -1, -1, -1, 4, 999, 2;
1, 256, 0, 0, 0, 0, 5, 999, 3;
1, 256, 0, 0, 0, 0, 5, 1000, 3;
1, 256, 1, 1, 1, 1, 6, 1000, 4;
1, 256, 0, 0, 0, 0, 4, 999, 2;
1, 256, 1, 1, 1, 1, 6, 1001, 4;
1, 256, 0, -1, -1, -1, 4, 999, 2;
1, 256, 0, 0, 0, 0, 4, 999, 2;
1, 256, 0, 0, 0, 0, 5, 1000, 3;
1, 256, 0, 0, 0, 0, 5, 1000, 3;
1, 256, 0, 0, 0, 0, 5, 1000, 3;
1, 256, 0, -1, -1, -1, 4, 999, 2;
1, 256, 0, 0, 0, 0, 5, 1000, 3;
1, 256, 0, 0, 0, 0, 4, 999, 2;
1, 256, 0, 0, 0, 0, 4, 999, 2;
1, 256, 0, 0, 0, 0, 5, 1000, 3;
1, 256, 0, -1, -1, -1, 3, 998, 1;
1, 256, 0, 0, 0, 0, 5, 1000, 3;
1, 256, 1, 1, 1, 1, 6, 1001, 4;
1, 256, 0, 0, 0, 0, 5, 1000, 3;
1, 256, 0, 0, 0, 0, 4, 999, 2;
1, 256, 0, 1, 1, 1, 5, 1000, 3;
1, 256, 0, 1, 1, 1, 5, 1000, 3;
1, 256, 0, 0, 0, 0, 4, 999, 2;
1, 256, 0, 0, 0, 0, 5, 1000, 3;
1, 256, 0, 0, 0, 0, 4, 999, 2;
1, 256, 1, 1, 1, 1, 6, 1001, 4;
1, 256, 1, 1, 1, 1, 6, 1001, 4;
1, 256, 0, -1, -1, -1, 4, 999, 2;
1, 256, 0, -1, -1, -1, 4, 999, 2;
1, 256, 1, 1, 1, 1, 6, 1001, 4;
1, 256, 0, 0, 0, 0, 4, 999, 2;
1, 256, 0, -1, -1, -1, 4, 999, 2;
1, 256, 0, 0, 0, 0, 4, 999, 2;
1, 256, 1, 1, 1, 1, 6, 1001, 4;
1, 256, 0, 0, 0, 0, 5, 1000, 3;
1, 256, 0, 0, 0, 0, 5, 1000, 3;
1, 256, 1, 1, 1, 1, 6, 1001, 4;
1, 256, 0, 0, 0, 0, 4, 999, 2;
1, 256, 0, 0, 0, 0, 4, 999, 2;
1, 256, 0, 0, 0, 0, 5, 1000, 3;
1, 256, 1, 1, 1, 1, 6, 1001, 4;
1, 256, 0, -1, -1, -1, 4, 999, 2;
1, 256, 1, 1, 1, 1, 6, 1001, 4;
1, 256, 1, 1, 1, 1, 6, 1000, 4;
1, 256, 0, 0, 0, 0, 4, 999, 2;
1, 256, 1, 1, 1, 1, 5, 1000, 3;
1, 256, 0, 0, 0, 0, 5, 1000, 3;
1, 256, 0, 0, 0, 0, 5, 1000, 3;
1, 256, 0, -1, -1, -1, 4, 999, 2;
1, 256, 0, 1, 1, 1, 5, 1000, 3;
1, 256, 0, 0, 0, 0, 4, 999, 2;
1, 256, 0, 1, 1, 1, 5, 1000, 3;
1, 256, 0, 0, 0, 0, 5, 1000, 3;
1, 256, 0, 0, 0, 0, 5, 1000, 3;
1, 256, 0, -1, -1, -1, 4, 999, 2;
1, 256, 0, 0, 0, 0, 5, 1000, 3;
1, 256, 0, -1, -1, -1, 4, 999, 2;
1, 256, 0, 0, 0, 0, 5, 1000, 3;
1, 256, 0, 0, 0, 0, 4, 999, 2;
1, 256, 0, 0, 0, 0, 5, 1000, 3;
1, 256, 1, 1, 1, 1, 6, 1001, 4;
1, 256, 0, -1, -1, -1, 4, 999, 2;
1, 256, 0, 0, 0, 0, 5, 1000, 3;
1, 256, 0, 0, 0, 0, 4, 999, 2;
1, 256, 1, 1, 1, 1, 6, 1000, 4;
1, 256, 0, 0, 0, 0, 4, 999, 2;
1, 256, 0, -1, -1, -1, 4, 999, 2;
1, 256, 0, -1, -1, -1, 4, 999, 2;
0, 256, 0, -1, -1, -1, 3, 998, 1;
1, 256, 1, 1, 1, 1, 6, 1001, 4;
1, 256, 0, 0, 0, 0, 5, 999, 2;
1, 256, 0, 0, 0, 0, 4, 999, 2;
1, 256, 0, 0, 0, 0, 5, 1000, 3;
1, 256, 0, -1, -1, -1, 4, 998, 2;
1, 256, 0, 0, 0, 0, 4, 999, 2;
1, 256, 0, 0, 0, 0, 5, 1000, 3;
1, 256, 0, 0, 0, 0, 4, 999, 2;
1, 256, 0, -1, -1, -1, 3, 998, 1;
1, 256, 0, -1, -1, -1, 4, 998, 2;
1, 256, 1, 1, 1, 1, 6, 1001, 4;
1, 256, 0, 0, 0, 0, 4, 999, 2;
1, 256, 0, 0, 0, 0, 4, 999, 2;
1, 256, 1, 1, 1, 1, 6, 1001, 4;
1, 256, 0, 0, 0, 0, 4, 999, 2;
1, 256, 0, 1, 1, 1, 5, 1000, 3;
1, 256, 0, 0, 0, 0, 5, 1000, 3;
1, 256, 0, 0, 0, 0, 4, 999, 2;
1, 256, 1, 1, 1, 1, 5, 1000, 3;
1, 256, 1, 1, 1, 1, 5, 1000, 3;
1, 256, 1, 1, 1, 1, 6, 1001, 4;
1, 256, 0, 0, 0, 0, 5, 1000, 3;
1, 256, 1, 1, 1, 1, 6, 1001, 4;
1, 256, 1, 1, 1, 1, 6, 1001, 4;
1, 256, 0, -1, -1, -1, 4, 999, 2;
1, 256, 1, 1, 1, 1, 6, 1001, 4;
1, 256, 0, 0, 0, 0, 5, 1000, 3;
1, 256, 0, 0, 0, 0, 4, 999, 2;
1, 256, 0, 0, 0, 0, 5, 999, 3;
0, 256, 0, -1, -1, -1, 3, 998, 1;
1, 256, 0, 0, 0, 0, 5, 1000, 3;
1, 256, 0, 0, 0, 0, 4, 999, 2;
1, 256, 0, -1, -1, -1, 3, 998, 1;
1, 256, 1, 1, 1, 1, 5, 1000, 3;
1, 256, 1, 1, 1, 1, 6, 1001, 4;
1, 256, 0, 0, 0, 0, 5, 1000, 3;
1, 256, 0, 1, 1, 1, 5, 1000, 3;
1, 256, 0, 0, 0, 0, 4, 999, 2;
1, 256, 0, 1, 1, 1, 5, 1000, 3;
1, 256, 0, 0, 0, 0, 5, 1000, 3;
1, 256, 0, 0, 0, 0, 5, 1000, 3;
1, 256, 0, -1, -1, -1, 4, 999, 2;
1, 256, 0, -1, -1, -1, 3, 998, 1;
1, 256, 0, 0, 0, 0, 4, 999, 2;
1, 256, 0, 0, 0, 0, 4, 999, 2;
1, 256, 0, -1, -1, -1, 4, 999, 2;
1, 256, 0, 0, 0, 0, 5, 1000, 3;
1, 256, 1, 1, 1, 1, 6, 1001, 4;
1, 256, 0, 0, 0, 0, 4, 999, 2;
1, 256, 1, 1, 1, 1, 6, 1000, 3;
1, 256, 1, 1, 1, 1, 6, 1001, 4;
1, 256, 0, 0, 0, 0, 4, 999, 2;
1, 256, 1, 1, 1, 1, 6, 1001, 4;
1, 256, 0, 0, 0, 0, 5, 1000, 3;
1, 256, 0, 0, 0, 0, 5, 1000, 3;
1, 256, 0, 0, 0, 0, 5, 1000, 3;
1, 256, 0, 0, 0, 0, 5, 999, 2;
1, 256, 0, -1, -1, -1, 4, 999, 2;
1, 256, 1, 1, 1, 1, 6, 1001, 4;
1, 256, 0, 0, 0, 0, 4, 999, 2;
1, 256, 0, -1, -1, -1, 4, 999, 2;
1, 256, 0, 0, 0, 0, 5, 1000, 3;
1, 256, 0, 0, 0, 0, 4, 999, 2;
1, 256, 0, 1, 1, 1, 5, 1000, 3;
1, 256, 0, 0, 0, 0, 5, 1000, 3;
1, 256, 0, 0, 0, 0, 4, 999, 2;
1, 256, 0, 0, 0, 0, 4, 999, 2;
1, 256, 0, 0, 0, 0, 4, 999, 2;
1, 256, 0, 0, 0, 0, 5, 1000, 3;
1, 256, 0, 0, 0, 0, 4, 999, 2;
1, 256, 0, -1, -1, -1, 4, 998, 1;
1, 256, 0, -1, -1, -1, 3, 998, 1;
1, 256, 0, 0, 0, 0, 4, 999, 2;
1, 256, 0, 0, 0, 0, 4, 999, 2;
1, 256, 0, 0, 0, 0, 5, 1000, 3;
1, 256, 0, -1, -1, -1, 3, 998, 1;
1, 256, 0, 0, 0, 0, 5, 1000, 3;
1, 256, 0, 0, 0, 0, 5, 1000, 3;
1, 256, 0, 1, 1, 1, 5, 1000, 3;
1, 256, 0, 0, 0, 0, 4, 999, 2;
1, 256, 0, 0, 0, 0, 4, 999, 2;
1, 256, 1, 1, 1, 1, 5, 1000, 3;
1, 256, 0, 0, 0, 0, 5, 1000, 3;
1, 256, 1, 1, 1, 1, 6, 1001, 4;
1, 256, 0, -1, -1, -1, 4, 999, 2;
1, 256, 0, 0, 0, 0, 4, 999, 2;
1, 256, 1, 1, 1, 1, 6, 1000, 4;
1, 256, 0, -1, -1, -1, 4, 999, 2;
1, 256, 0, 0, 0, 0, 5, 1000, 3;
1, 256, 0, -1, -1, -1, 4, 999, 2;
1, 256, 1, 1, 1, 1, 6, 1001, 4;
1, 256, 0, 1, 1, 1, 5, 1000, 3;
1, 256, 0, 1, 1, 1, 5, 1000, 3;
1, 256, 0, 0, 0, 0, 4, 999, 2;
1, 256, 0, -1, -1, -1, 4, 999, 2;
1, 256, 0, 0, 0, 0, 4, 999, 2;
1, 256, 0, 0, 0, 0, 5, 1000, 3;
1, 256, 0, -1, -1, -1, 4, 999, 2;
1, 256, 0, 0, 0, 0, 5, 1000, 3;
1, 256, 1, 1, 1, 1, 6, 1001, 4;
1, 256, 0, -1, -1, -1, 4, 999, 2;
1, 256, 0, 0, 0, 0, 4, 999, 2;
1, 256, 0, 1, 1, 1, 5, 1000, 3;
1, 256, 1, 1, 1, 1, 6, 1001, 4;
1, 256, 1, 1, 1, 1, 6, 1000, 3;
1, 256, 0, 0, 0, 0, 4, 999, 2;
1, 256, 0, -1, -1, -1, 3, 998, 1;
1, 256, 0, -1, -1, -1, 4, 999, 2;
1, 256, 0, -1, -1, -1, 4, 999, 2;
1, 256, 0, -1, -1, -1, 3, 998, 1;
1, 256, 0, 0, 0, 0, 4, 999, 2;
1, 256, 0, 0, 0, 0, 5, 1000, 3;
1, 256, 0, -1, -1, -1, 4, 999, 2;
1, 256, 0, 0, 0, 0, 4, 999, 2;
1, 256, 0, 0, 0, 0, 5, 1000, 3;
1, 256, 0, 0, 0, 0, 5, 1000, 3;
1, 256, 0, -1, -1, -1, 4, 999, 2;
1, 256, 0, 1, 1, 1, 5, 1000, 3;
1, 256, 1, 1, 1, 1, 6, 1001, 4;
1, 256, 0, -1, -1, -1, 4, 998, 2;
1, 256, 0, 0, 0, 0, 5, 1000, 3;
1, 256, 0, -1, -1, -1, 4, 999, 2;
1, 256, 1, 1, 1, 1, 6, 1000, 3;
1, 256, 0, 0, 0, 0, 4, 999, 2;
1, 256, 0, 0, 0, 0, 4, 999, 2;
1, 256, 0, 0, 0, 0, 4, 999, 2;
1, 256, 0, -1, -1, -1, 4, 999, 2;
1, 256, 0, 0, 0, 0, 5, 1000, 3;
1, 256, 0, -1, -1, -1, 3, 998, 1;
1, 256, 0, 0, 0, 0, 4, 999, 2;
1, 256, 1, 1, 1, 1, 6, 1001, 4;
1, 256, 0, 0, 0, 0, 5, 1000, 3;
1, 256, 1, 1, 1, 1, 6, 1001, 4;
1, 256, 0, 0, 0, 0, 4, 999, 2;
1, 256, 0, 0, 0, 0, 4, 999, 2;
1, 256, 0, 0, 0, 0, 5, 1000, 3;
1, 256, 0, -1, -1, -1, 4, 998, 1;
1, 256, 0, 0, 0, 0, 4, 999, 2;
1, 256, 1, 1, 1, 1, 6, 1000, 4;
1, 256, 0, 0, 0, 0, 4, 999, 2;
1, 256, 0, 0, 0, 0, 5, 1000, 3;
1, 256, 0, 0, 0, 0, 5, 1000, 3;
1, 256, 0, 0, 0, 0, 4, 999, 2;
1, 256, 0, 0, 0, 0, 4, 999, 2;
1, 256, 0, -1, -1, -1, 4, 999, 2;
1, 256, 1, 1, 1, 1, 6, 1001, 4;
1, 256, 0, 0, 0, 0, 4, 999, 2;
1, 256, 1, 1, 1, 1, 6, 1001, 4;
1, 256, 0, 1, 1, 1, 5, 1000, 3;
1, 256, 0, 0, 0, 0, 4, 999, 2;
1, 256, 0, 0, 0, 0, 5, 1000, 3;
1, 256, 0, 0, 0, 0, 5, 999, 3;
1, 256, 0, 0, 0, 0, 5, 1000, 3;
1, 256, 0, -1, -1, -1, 4, 999, 2;
1, 256, 0, 0, 0, 0, 5, 1000, 3;
1, 256, 0, 0, 0, 0, 5, 1000, 3;
1, 256, 0, 1, 1, 1, 5, 1000, 3;
1, 256, 0, 0, 0, 0, 4, 999, 2;
1, 256, 0, 0, 0, 0, 4, 999, 2;
1, 256, 0, 0, 0, 0, 4, 999, 2;
1, 256, 0, 0, 0, 0, 5, 1000, 3;
1, 256, 0, 0, 0, 0, 4, 999, 2;
1, 256, 0, -1, -1, -1, 4, 999, 2;
1, 256, 1, 1, 1, 1, 5, 1000, 3;
1, 256, 0, -1, -1, -1, 4, 999, 2;
1, 256, 1, 1, 1, 1, 6, 1001, 4;
1, 256, 0, 0, 0, 0, 5, 1000, 3;
1, 256, 0, -1, -1, -1, 4, 999, 2;
1, 256, 0, 0, 0, 0, 4, 999, 2;
1, 256, 0, 0, 0, 0, 4, 999, 2;
1, 256, 0, 0, 0, 0, 5, 1000, 3;
1, 256, 0, 0, 0, 0, 5, 1000, 3;
1, 256, 0, -1, -1, -1, 4, 999, 2;
1, 256, 1, 1, 1, 1, 6, 1000, 3;
1, 256, 0, 0, 0, 0, 5, 999, 2;
1, 256, 0, 0, 0, 0, 4, 999, 2;
1, 256, 1, 1, 1, 1, 6, 1001, 4;
1, 256, 0, 0, 0, 0, 4, 999, 2;
1, 256, 0, -1, -1, -1, 4, 999, 2;
1, 256, 0, 0, 0, 0, 5, 1000, 3;
1, 256, 0, -1, -1, -1, 3, 998, 1;
1, 256, 0, 0, 0, 0, 5, 1000, 3;
1, 256, 0, 0, 0, 0, 5, 999, 3;
1, 256, 0, 0, 0, 0, 5, 1000, 3;
1, 256, 1, 1, 1, 1, 6, 1000, 3;
1, 256, 0, 1, 1, 1, 5, 1000, 3;
1, 256, 0, -1, -1, -1, 4, 999, 2;
1, 256, 0, 0, 0, 0, 4, 999, 2;
1, 256, 0, 0, 0, 0, 4, 999, 2;
1, 256, 0, 0, 0, 0, 5, 1000, 3;
1, 256, 1, 1, 1, 1, 6, 1000, 4;
1, 256, 1, 1, 1, 1, 5, 1000, 3;
1, 256, 0, -1, -1, -1, 4, 999, 2;
1, 256, 0, 0, 0, 0, 5, 1000, 3;
1, 256, 0, 0, 0, 0, 4, 999, 2;
1, 256, 0, 0, 0, 0, 5, 1000, 3;
1, 256, 0, 1, 1, 1, 5, 1000, 3;
1, 256, 1, 1, 1, 1, 6, 1000, 3;
1, 256, 0, 0, 0, 0, 5, 1000, 3;
1, 256, 0, 0, 0, 0, 5, 1000, 3;
1, 256, 0, 1, 1, 1, 5, 1000, 3;
1, 256, 0, -1, -1, -1, 4, 999, 2;
1, 256, 1, 1, 1, 1, 5, 1000, 3;
1, 256, 0, 0, 0, 0, 5, 1000, 3;
1, 256, 0, -1, -1, -1, 4, 999, 2;
1, 256, 1, 1, 1, 1, 5, 1000, 3;
1, 256, 0, 0, 0, 0, 5, 999, 3;
1, 256, 0, 0, 0, 0, 5, 1000, 3;
1, 256, 0, 0, 0, 0, 4, 999, 2;
1, 256, 0, 0, 0, 0, 5, 1000, 3;
1, 256, 0, 1, 1, 1, 5, 1000, 3;
1, 256, 0, 1, 1, 1, 5, 1000, 3;
1, 256, 1, 1, 1, 1, 6, 1000, 3;
1, 256, 0, 0, 0, 0, 4, 999, 2;
1, 256, 0, -1, -1, -1, 4, 999, 2;
1, 256, 0, -1, -1, -1, 3, 998, 1;
1, 256, 0, -1, -1, -1, 4, 999, 2;
1, 256, 0, -1, -1, -1, 3, 998, 1;
1, 256, 1, 1, 1, 1, 6, 1001, 4;
1, 256, 0, 0, 0, 0, 5, 1000, 3;
1, 256, 0, -1, -1, -1, 4, 999, 2;
1, 256, 0, 0, 0, 0, 5, 1000, 3;
1, 256, 1, 1, 1, 1, 5, 1000, 3;
1, 256, 0, -1, -1, -1, 3, 998, 1;
1, 256, 0, -1, -1, -1, 3, 998, 1;
1, 256, 1, 1, 1, 1, 6, 1001, 4;
1, 256, 0, -1, -1, -1, 4, 998, 1;
1, 256, 0, 0, 0, 0, 4, 999, 2;
1, 256, 1, 1, 1, 1, 6, 1001, 4;
1, 256, 0, -1, -1, -1, 4, 999, 2;
1, 256, 0, 0, 0, 0, 4, 999, 2;
1, 256, 0, 0, 0, 0, 5, 1000, 3;
1, 256, 0, 0, 0, 0, 5, 1000, 3;
1, 256, 0, -1, -1, -1, 4, 998, 1;
1, 256, 0, 0, 0, 0, 5, 1000, 3;
1, 256, 0, 0, 0, 0, 4, 999, 2;
1, 256, 0, 0, 0, 0, 5, 999, 2;
1, 256, 0, -1, -1, -1, 4, 999, 2;
1, 256, 0, -1, -1, -1, 4, 999, 2;
1, 256, 0, 0, 0, 0, 5, 1000, 3;
1, 256, 0, 0, 0, 0, 5, 1000, 3;
1, 256, 0, -1, -1, -1, 4, 999, 2;
1, 256, 0, 0, 0, 0, 5, 1000, 3;
1, 256, 0, 0, 0, 0, 5, 1000, 3;
1, 256, 0, 0, 0, 0, 5, 1000, 3;
1, 256, 1, 1, 1, 1, 6, 1001, 4;
1, 256, 1, 1, 1, 1, 6, 1000, 3;
1, 256, 0, 0, 0, 0, 4, 999, 2;
1, 256, 0, 0, 0, 0, 4, 999, 2;
1, 256, 0, -1, -1, -1, 3, 998, 1;
1, 256, 0, -1, -1, -1, 4, 999, 2;
1, 256, 0, -1, -1, -1, 4, 999, 2;
1, 256, 0, 0, 0, 0, 4, 999, 2;
1, 256, 0, 0, 0, 0, 5, 1000, 3;
1, 256, 0, 1, 1, 1, 5, 1000, 3;
1, 256, 0, -1, -1, -1, 4, 998, 1;
1, 256, 0, -1, -1, -1, 4, 999, 2;
1, 256, 0, 0, 0, 0, 5, 1000, 3;
1, 256, 0, 0, 0, 0, 5, 1000, 3;
1, 256, 1, 1, 1, 1, 6, 1001, 4;
1, 256, 0, 0, 0, 0, 5, 1000, 3;
1, 256, 1, 1, 1, 1, 6, 1000, 3;
1, 256, 1, 1, 1, 1, 6, 1001, 4;
1, 256, 0, 1, 1, 1, 5, 1000, 3;
1, 256, 0, -1, -1, -1, 4, 998, 1;
1, 256, 0, 0, 0, 0, 5, 1000, 3;
1, 256, 0, -1, -1, -1, 4, 999, 2;
1, 256, 0, -1, -1, -1, 4, 999, 2;
1, 256, 0, -1, -1, -1, 4, 999, 2;
1, 256, 0, 0, 0, 0, 5, 1000, 3;
1, 256, 0, 0, 0, 0, 5, 1000, 3;
1, 256, 0, 0, 0, 0, 4, 999, 2;
1, 256, 1, 1, 1, 1, 6, 1000, 3;
1, 256, 0, -1, -1, -1, 4, 999, 2;
1, 256, 0, 0, 0, 0, 5, 999, 3;
1, 256, 0, 0, 0, 0, 4, 999, 2;
1, 256, 0, -1, -1, -1, 4, 999, 2;
1, 256, 0, 0, 0, 0, 5, 1000, 3;
1, 256, 1, 1, 1, 1, 6, 1001, 4;
1, 256, 0, 0, 0, 0, 4, 999, 2;
1, 256, 0, -1, -1, -1, 4, 999, 2;
1, 256, 0, -1, -1, -1, 4, 999, 2;
1, 256, 0, 0, 0, 0, 5, 1000, 3;
1, 256, 0, 0, 0, 0, 5, 1000, 3;
1, 256, 0, -1, -1, -1, 4, 999, 2;
1, 256, 0, -1, -1, -1, 4, 999, 2;
1, 256, 0, -1, -1, -1, 4, 999, 2;
1, 256, 0, 0, 0, 0, 4, 999, 2;
1, 256, 1, 1, 1, 1, 5, 1000, 3;
1, 256, 0, 0, 0, 0, 4, 999, 2;
1, 256, 0, 0, 0, 0, 5, 1000, 3;
1, 256, 0, 0, 0, 0, 4, 999, 2;
1, 256, 0, -1, -1, -1, 4, 999, 2;
1, 256, 0, 1, 1, 1, 5, 1000, 3;
1, 256, 0, 0, 0, 0, 4, 999, 2;
1, 256, 0, -1, -1, -1, 3, 998, 1;
1, 256, 0, -1, -1, -1, 4, 999, 2;
1, 256, 1, 1, 1, 1, 6, 1000, 4;
1, 256, 1, 1, 1, 1, 6, 1001, 4;
1, 256, 0, 0, 0, 0, 5, 1000, 3;
1, 256, 0, 0, 0, 0, 4, 999, 2;
1, 256, 0, 0, 0, 0, 5, 1000, 3;
1, 256, 0, 0, 0, 0, 5, 1000, 3;
1, 256, 0, 0, 0, 0, 5, 999, 2;
1, 256, 0, 0, 0, 0, 4, 999, 2;
1, 256, 0, 0, 0, 0, 5, 1000, 3;
1, 256, 0, 0, 0, 0, 5, 1000, 3;
1, 256, 0, -1, -1, -1, 4, 999, 2;
1, 256, 0, -1, -1, -1, 4, 999, 2;
1, 256, 0, 0, 0, 0, 4, 999, 2;
1, 256, 0, 0, 0, 0, 5, 999, 3;
1, 256, 1, 1, 1, 1, 6, 1000, 4;
1, 256, 1, 1, 1, 1, 6, 1000, 4;
1, 256, 0, -1, -1, -1, 4, 998, 1;
1, 256, 0, 0, 0, 0, 4, 999, 2;
1, 256, 0, 0, 0, 0, 4, 999, 2;
1, 256, 0, -1, -1, -1, 4, 999, 2;
0, 256, 0, -1, -1, -1, 3, 998, 1;
1, 256, 0, 0, 0, 0, 5, 1000, 3;
1, 256, 0, 0, 0, 0, 5, 1000, 3;
1, 256, 0, -1, -1, -1, 4, 999, 2;
1, 256, 1, 1, 1, 1, 6, 1001, 4;
1, 256, 0, 0, 0, 0, 4, 999, 2;
1, 256, 0, 0, 0, 0, 4, 999, 2;
1, 256, 0, 0, 0, 0, 4, 999, 2;
1, 256, 0, -1, -1, -1, 4, 998, 1;
1, 256, 1, 1, 1, 1, 6, 1001, 4;
1, 256, 0, 0, 0, 0, 4, 999, 2;
1, 256, 0, 0, 0, 0, 5, 1000, 3;
1, 256, 0, 1, 1, 1, 5, 1000, 3;
1, 256, 0, 0, 0, 0, 5, 1000, 3;
1, 256, 0, 0, 0, 0, 5, 1000, 3;
1, 256, 0, 0, 0, 0, 5, 1000, 3;
1, 256, 0, 0, 0, 0, 5, 1000, 3;
1, 256, 0, 0, 0, 0, 4, 999, 2;
1, 256, 0, 0, 0, 0, 4, 999, 2;
1, 256, 0, 1, 1, 1, 5, 1000, 3;
1, 256, 1, 1, 1, 1, 6, 1001, 4;
1, 256, 0, 0, 0, 0, 5, 1000, 3;
1, 256, 1, 1, 1, 1, 6, 1001, 4;
1, 256, 1, 1, 1, 1, 6, 1000, 4;
1, 256, 0, 1, 1, 1, 5, 1000, 3;
1, 256, 0, 0, 0, 0, 4, 999, 2;
1, 256, 1, 1, 1, 1, 6, 1001, 4;
1, 256, 0, 0, 0, 0, 5, 1000, 3;
1, 256, 0, -1, -1, -1, 4, 999, 2;
1, 256, 0, 0, 0, 0, 5, 1000, 3;
1, 256, 0, 1, 1, 1, 5, 1000, 3;
1, 256, 0, 0, 0, 0, 5, 1000, 3;
1, 256, 0, 0, 0, 0, 5, 1000, 3;
1, 256, 1, 1, 1, 1, 6, 1001, 4;
1, 256, 0, 0, 0, 0, 5, 1000, 3;
1, 256, 0, 0, 0, 0, 4, 999, 2;
1, 256, 0, 0, 0, 0, 4, 999, 2;
1, 256, 0, -1, -1, -1, 4, 999, 2;
1, 256, 0, 0, 0, 0, 5, 1000, 3;
1, 256, 0, 0, 0, 0, 5, 1000, 3;
1, 256, 0, 0, 0, 0, 5, 1000, 3;
1, 256, 0, 0, 0, 0, 5, 1000, 3;
1, 256, 0, 0, 0, 0, 5, 1000, 3;
1, 256, 0, -1, -1, -1, 4, 999, 2;
1, 256, 1, 1, 1, 1, 6, 1001, 4;
1, 256, 0, -1, -1, -1, 4, 999, 2;
1, 256, 1, 1, 1, 1, 6, 1001, 4;
1, 256, 0, -1, -1, -1, 4, 999, 2;
1, 256, 0, 0, 0, 0, 4, 999, 2;
1, 256, 0, 1, 1, 1, 5, 1000, 3;
1, 256, 0, 0, 0, 0, 4, 999, 2;
1, 256, 0, 0, 0, 0, 5, 1000, 3;
1, 256, 1, 1, 1, 1, 6, 1000, 3;
1, 256, 1, 1, 1, 1, 5, 1000, 3;
1, 256, 0, -1, -1, -1, 4, 999, 2;
1, 256, 0, 1, 1, 1, 5, 1000, 3;
1, 256, 0, 0, 0, 0, 4, 999, 2;
1, 256, 0, 0, 0, 0, 5, 1000, 3;
1, 256, 0, 0, 0, 0, 5, 1000, 3;
1, 256, 0, 0, 0, 0, 4, 999, 2;
1, 256, 0, -1, -1, -1, 4, 999, 2;
1, 256, 0, -1, -1, -1, 4, 999, 2;
1, 256, 0, -1, -1, -1, 4, 999, 2;
1, 256, 0, 0, 0, 0, 4, 999, 2;
1, 256, 0, 0, 0, 0, 4, 999, 2;
1, 256, 0, 0, 0, 0, 5, 999, 2;
1, 256, 0, -1, -1, -1, 4, 999, 2;
1, 256, 0, 0, 0, 0, 5, 1000, 3;
1, 256, 0, 0, 0, 0, 5, 1000, 3;
1, 256, 0, 0, 0, 0, 4, 999, 2;
1, 256, 1, 1, 1, 1, 6, 1001, 4;
1, 256, 0, 0, 0, 0, 4, 999, 2;
1, 256, 0, -1, -1, -1, 4, 999, 2;
1, 256, 0, 1, 1, 1, 5, 1000, 3;
1, 256, 0, 0, 0, 0, 4, 999, 2;
1, 256, 0, 0, 0, 0, 5, 1000, 3;
1, 256, 0, 1, 1, 1, 5, 1000, 3;
1, 256, 0, 1, 1, 1, 5, 1000, 3;
1, 256, 0, 0, 0, 0, 5, 1000, 3;
1, 256, 0, 0, 0, 0, 4, 999, 2;
1, 256, 1, 1, 1, 1, 5, 1000, 3;
1, 256, 0, 0, 0, 0, 4, 999, 2;
1, 256, 0, 0, 0, 0, 5, 1000, 3;
1, 256, 0, 1, 1, 1, 5, 1000, 3;
1, 256, 0, 0, 0, 0, 4, 999, 2;
1, 256, 0, 1, 1, 1, 5, 1000, 3;
1, 256, 0, 1, 1, 1, 5, 1000, 3;
1, 256, 0, -1, -1, -1, 4, 999, 2;
1, 256, 0, 0, 0, 0, 4, 999, 2;
1, 256, 1, 1, 1, 1, 6, 1001, 4;
1, 256, 1, 1, 1, 1, 5, 1000, 3;
1, 256, 0, 0, 0, 0, 5, 1000, 3;
1, 256, 1, 1, 1, 1, 5, 1000, 3;
1, 256, 1, 1, 1, 1, 5, 1000, 3;
1, 256, 0, 0, 0, 0, 4, 999, 2;
1, 256, 0, -1, -1, -1, 4, 999, 2;
1, 256, 0, -1, -1, -1, 4, 998, 1;
1, 256, 0, 0, 0, 0, 5, 1000, 3;
1, 256, 0, 0, 0, 0, 4, 999, 2;
1, 256, 0, 0, 0, 0, 5, 999, 3;
1, 256, 0, -1, -1, -1, 4, 999, 2;
1, 256, 0, 0, 0, 0, 5, 1000, 3;
1, 256, 0, 0, 0, 0, 5, 1000, 3;
1, 256, 0, -1, -1, -1, 4, 999, 2;
1, 256, 0, 0, 0, 0, 5, 999, 2;
1, 256, 0, -1, -1, -1, 4, 999, 2;
1, 256, 0, 0, 0, 0, 5, 1000, 3;
1, 256, 0, -1, -1, -1, 4, 999, 2;
1, 256, 1, 1, 1, 1, 6, 1000, 3;
1, 256, 0, 0, 0, 0, 4, 999, 2;
1, 256, 1, 1, 1, 1, 6, 1001, 4;
1, 256, 0, -1, -1, -1, 4, 999, 2;
1, 256, 1, 1, 1, 1, 6, 1000, 4;
1, 256, 0, 0, 0, 0, 5, 1000, 3;
0, 256, 0, -1, -1, -1, 3, 998, 1;
1, 256, 0, 0, 0, 0, 5, 1000, 3;
1, 256, 0, 0, 0, 0, 4, 999, 2;
1, 256, 0, 0, 0, 0, 5, 1000, 3;
1, 256, 0, 0, 0, 0, 4, 999, 2;
1, 256, 0, -1, -1, -1, 4, 999, 2;
1, 256, 0, 0, 0, 0, 5, 999, 3;
1, 256, 0, -1, -1, -1, 4, 999, 2;
1, 256, 0, -1, -1, -1, 4, 998, 1;
1, 256, 0, -1, -1, -1, 4, 999, 2;
1, 256, 0, 0, 0, 0, 4, 999, 2;
1, 256, 1, 1, 1, 1, 6, 1001, 4;
1, 256, 0, -1, -1, -1, 4, 999, 2;
1, 256, 0, 0, 0, 0, 5, 1000, 3;
1, 256, 0, 0, 0, 0, 5, 1000, 3;
1, 256, 0, -1, -1, -1, 4, 999, 2;
1, 256, 0, -1, -1, -1, 4, 999, 2;
1, 256, 0, 0, 0, 0, 5, 1000, 3;
1, 256, 0, 0, 0, 0, 5, 1000, 3;
1, 256, 1, 1, 1, 1, 6, 1001, 4;
1, 256, 0, 0, 0, 0, 5, 1000, 3;
1, 256, 0, 0, 0, 0, 4, 999, 2;
1, 256, 0, -1, -1, -1, 3, 998, 1;
1, 256, 0, 0, 0, 0, 5, 1000, 3;
1, 256, 0, 0, 0, 0, 4, 999, 2;
1, 256, 0, 0, 0, 0, 5, 1000, 3;
1, 256, 0, -1, -1, -1, 4, 999, 2;
1, 256, 1, 1, 1, 1, 6, 1001, 4;
1, 256, 1, 1, 1, 1, 5, 1000, 3;
1, 256, 0, -1, -1, -1, 4, 999, 2;
1, 256, 0, 0, 0, 0, 5, 1000, 3;
1, 256, 0, 1, 1, 1, 5, 1000, 3;
0, 256, 0, -1, -1, -1, 3, 998, 1;
1, 256, 0, 0, 0, 0, 4, 999, 2;
1, 256, 1, 1, 1, 1, 6, 1001, 4;
1, 256, 0, 1, 1, 1, 5, 1000, 3;
1, 256, 0, 1, 1, 1, 5, 1000, 3;
1, 256, 1, 1, 1, 1, 6, 1001, 4;
1, 256, 0, 1, 1, 1, 5, 1000, 3;
1, 256, 0, 0, 0, 0, 5, 1000, 3;
1, 256, 0, 0, 0, 0, 4, 999, 2;
1, 256, 0, -1, -1, -1, 3, 998, 1;
1, 256, 0, 0, 0, 0, 5, 1000, 3;
1, 256, 0, 0, 0, 0, 5, 1000, 3;
1, 256, 0, 1, 1, 1, 5, 1000, 3;
1, 256, 0, 1, 1, 1, 5, 1000, 3;
1, 256, 0, -1, -1, -1, 4, 999, 2;
1, 256, 1, 1, 1, 1, 6, 1000, 3;
1, 256, 1, 1, 1, 1, 6, 1001, 4;
1, 256, 0, 0, 0, 0, 4, 999, 2;
1, 256, 0, 0, 0, 0, 5, 1000, 3;
1, 256, 0, 0, 0, 0, 4, 999, 2;
1, 256, 0, 0, 0, 0, 4, 999, 2;
1, 256, 0, 0, 0, 0, 5, 1000, 3;
1, 256, 0, -1, -1, -1, 4, 999, 2;
1, 256, 0, 0, 0, 0, 4, 999, 2;
1, 256, 1, 1, 1, 1, 6, 1001, 4;
1, 256, 0, -1, -1, -1, 4, 999, 2;
1, 256, 0, 0, 0, 0, 5, 1000, 3;
1, 256, 0, 0, 0, 0, 5, 1000, 3;
1, 256, 0, 0, 0, 0, 4, 999, 2;
1, 256, 0, -1, -1, -1, 4, 999, 2;
1, 256, 0, 0, 0, 0, 4, 999, 2;
1, 256, 1, 1, 1, 1, 6, 1001, 4;
1, 256, 1, 1, 1, 1, 6, 1000, 4;
1, 256, 0, -1, -1, -1, 4, 999, 2;
1, 256, 0, 0, 0, 0, 4, 999, 2;
1, 256, 0, 0, 0, 0, 5, 1000, 3;
1, 256, 1, 1, 1, 1, 6, 1000, 3;
1, 256, 0, 0, 0, 0, 4, 999, 2;
1, 256, 0, 0, 0, 0, 5, 1000, 3;
1, 256, 0, 0, 0, 0, 4, 999, 2;
1, 256, 0, 1, 1, 1, 5, 1000, 3;
1, 256, 0, 1, 1, 1, 5, 1000, 3;
1, 256, 0, -1, -1, -1, 4, 999, 2;
1, 256, 0, -1, -1, -1, 4, 999, 2;
1, 256, 0, 0, 0, 0, 4, 999, 2;
1, 256, 0, 0, 0, 0, 5, 1000, 3;
1, 256, 0, 0, 0, 0, 5, 1000, 3;
1, 256, 0, 0, 0, 0, 4, 999, 2;
1, 256, 0, 0, 0, 0, 5, 1000, 3;
1, 256, 0, 1, 1, 1, 5, 1000, 3;
1, 256, 0, 0, 0, 0, 5, 1000, 3;
1, 256, 0, 0, 0, 0, 5, 1000, 3;
1, 256, 0, -1, -1, -1, 4, 999, 2;
1, 256, 0, 0, 0, 0, 4, 999, 2;
1, 256, 0, -1, -1, -1, 4, 999, 2;
1, 256, 0, 0, 0, 0, 5, 1000, 3;
1, 256, 0, 0, 0, 0, 5, 1000, 3;
1, 256, 0, 0, 0, 0, 5, 1000, 3;
1, 256, 1, 1, 1, 1, 6, 1000, 3;
1, 256, 0, -1, -1, -1, 4, 999, 2;
1, 256, 0, 1, 1, 1, 5, 1000, 3;
1, 256, 0, 1, 1, 1, 5, 1000, 3;
1, 256, 0, -1, -1, -1, 3, 998, 1;
1, 256, 0, 0, 0, 0, 5, 1000, 3;
1, 256, 0, -1, -1, -1, 3, 998, 1;
1, 256, 0, -1, -1, -1, 3, 998, 1;
1, 256, 0, 1, 1, 1, 5, 1000, 3;
1, 256, 0, 0, 0, 0, 4, 999, 2;
1, 256, 0, 0, 0, 0, 5, 1000, 3;
1, 256, 1, 1, 1, 1, 6, 1001, 4;
1, 256, 0, -1, -1, -1, 4, 999, 2;
1, 256, 1, 1, 1, 1, 6, 1001, 4;
1, 256, 0, 0, 0, 0, 4, 999, 2;
1, 256, 1, 1, 1, 1, 6, 1000, 3;
1, 256, 0, 0, 0, 0, 4, 999, 2;
1, 256, 0, -1, -1, -1, 4, 999, 2;
1, 256, 0, 1, 1, 1, 5, 1000, 3;
1, 256, 0, -1, -1, -1, 3, 998, 1;
1, 256, 0, -1, -1, -1, 4, 999, 2;
1, 256, 0, -1, -1, -1, 4, 999, 2;
1, 256, 0, 0, 0, 0, 5, 1000, 3;
1, 256, 1, 1, 1, 1, 5, 1000, 3;
1, 256, 0, 0, 0, 0, 5, 1000, 3;
1, 256, 0, 0, 0, 0, 5, 1000, 3;
1, 256, 0, 0, 0, 0, 5, 1000, 3;
1, 256, 0, 1, 1, 1, 5, 1000, 3;
1, 256, 1, 1, 1, 1, 6, 1001, 4;
1, 256, 0, 0, 0, 0, 5, 1000, 3;
1, 256, 0, -1, -1, -1, 4, 999, 2;
1, 256, 0, -1, -1, -1, 4, 999, 2;
1, 256, 0, 0, 0, 0, 5, 999, 3;
1, 256, 0, 1, 1, 1, 5, 1000, 3;
1, 256, 0, 1, 1, 1, 5, 1000, 3;
1, 256, 0, 0, 0, 0, 5, 1000, 3;
1, 256, 0, 0, 0, 0, 5, 1000, 3;
1, 256, 0, 0, 0, 0, 5, 999, 3;
1, 256, 0, 0, 0, 0, 5, 1000, 3;
1, 256, 1, 1, 1, 1, 6, 1001, 4;
1, 256, 0, 0, 0, 0, 5, 999, 3;
1, 256, 0, 0, 0, 0, 5, 999, 3;
1, 256, 0, 0, 0, 0, 4, 999, 2;
1, 256, 0, 0, 0, 0, 4, 999, 2;
1, 256, 0, 0, 0, 0, 5, 1000, 3;
1, 256, 1, 1, 1, 1, 6, 1000, 3;
1, 256, 0, 0, 0, 0, 4, 999, 2;
1, 256, 0, -1, -1, -1, 4, 999, 2;
1, 256, 0, 0, 0, 0, 4, 999, 2;
1, 256, 0, 0, 0, 0, 5, 1000, 3;
1, 256, 0, 0, 0, 0, 4, 999, 2;
1, 256, 0, -1, -1, -1, 4, 999, 2;
1, 256, 0, 0, 0, 0, 5, 1000, 3;
1, 256, 1, 1, 1, 1, 6, 1000, 3;
1, 256, 0, -1, -1, -1, 4, 999, 2;
1, 256, 0, 0, 0, 0, 5, 1000, 3;
1, 256, 0, -1, -1, -1, 4, 999, 2;
1, 256, 0, -1, -1, -1, 4, 999, 2;
1, 256, 0, 1, 1, 1, 5, 1000, 3;
1, 256, 1, 1, 1, 1, 6, 1000, 4;
1, 256, 1, 1, 1, 1, 6, 1001, 4;
1, 256, 1, 1, 1, 1, 6, 1001, 4;
1, 256, 0, 1, 1, 1, 5, 1000, 3;
1, 256, 0, 0, 0, 0, 5, 1000, 3;
1, 256, 0, 0, 0, 0, 5, 1000, 3;
1, 256, 0, 0, 0, 0, 5, 1000, 3;
1, 256, 1, 1, 1, 1, 6, 1001, 4;
1, 256, 0, -1, -1, -1, 3, 998, 1;
1, 256, 0, 1, 1, 1, 5, 1000, 3;
1, 256, 0, 0, 0, 0, 5, 1000, 3;
1, 256, 1, 1, 1, 1, 6, 1001, 4;
1, 256, 0, 0, 0, 0, 5, 1000, 3;
1, 256, 0, -1, -1, -1, 4, 999, 2;
1, 256, 0, 0, 0, 0, 5, 1000, 3;
1, 256, 0, 1, 1, 1, 5, 1000, 3;
1, 256, 0, 0, 0, 0, 4, 999, 2;
1, 256, 0, 0, 0, 0, 5, 999, 3;
1, 256, 0, -1, -1, -1, 4, 999, 2;
1, 256, 0, 0, 0, 0, 4, 999, 2;
1, 256, 0, 0, 0, 0, 5, 1000, 3;
1, 256, 1, 1, 1, 1, 6, 1001, 4;
1, 256, 0, 0, 0, 0, 5, 1000, 3;
1, 256, 0, 0, 0, 0, 5, 1000, 3;
1, 256, 0, 0, 0, 0, 5, 1000, 3;
1, 256, 1, 1, 1, 1, 5, 1000, 3;
1, 256, 1, 1, 1, 1, 5, 1000, 3;
1, 256, 0, -1, -1, -1, 4, 999, 2;
1, 256, 0, 0, 0, 0, 5, 999, 3;
1, 256, 0, -1, -1, -1, 3, 998, 1;
1, 256, 0, 0, 0, 0, 5, 1000, 3;
1, 256, 0, 0, 0, 0, 4, 999, 2;
1, 256, 0, 0, 0, 0, 4, 999, 2;
1, 256, 0, 0, 0, 0, 5, 1000, 3;
1, 256, 0, -1, -1, -1, 4, 999, 2;
1, 256, 0, -1, -1, -1, 4, 998, 2;
1, 256, 1, 1, 1, 1, 6, 1001, 4;
1, 256, 0, -1, -1, -1, 4, 999, 2;
1, 256, 0, 1, 1, 1, 5, 1000, 3;
1, 256, 0, 0, 0, 0, 5, 1000, 3;
1, 256, 0, 0, 0, 0, 5, 1000, 3;
1, 256, 1, 1, 1, 1, 6, 1001, 4;
0, 256, 0, -1, -1, -1, 3, 998, 1;
1, 256, 0, -1, -1, -1, 4, 998, 2;
1, 256, 0, -1, -1, -1, 4, 998, 1;
1, 256, 1, 1, 1, 1, 6, 1000, 3;
1, 256, 1, 1, 1, 1, 6, 1001, 4;
1, 256, 0, 0, 0, 0, 4, 999, 2;
1, 256, 0, -1, -1, -1, 4, 999, 2;
1, 256, 0, 0, 0, 0, 5, 1000, 3;
1, 256, 0, 0, 0, 0, 5, 1000, 3;
1, 256, 0, 0, 0, 0, 5, 1000, 3;
1, 256, 0, 0, 0, 0, 5, 1000, 3;
1, 256, 0, -1, -1, -1, 4, 999, 2;
1, 256, 1, 1, 1, 1, 6, 1000, 4;
1, 256, 1, 1, 1, 1, 6, 1001, 4;
1, 256, 0, 0, 0, 0, 5, 1000, 3;
1, 256, 1, 1, 1, 1, 6, 1000, 3;
1, 256, 0, -1, -1, -1, 4, 998, 2;
1, 256, 0, 0, 0, 0, 4, 999, 2;
1, 256, 0, 1, 1, 1, 5, 1000, 3;
1, 256, 0, 0, 0, 0, 4, 999, 2;
1, 256, 1, 1, 1, 1, 6, 1000, 3;
1, 256, 0, 0, 0, 0, 5, 1000, 3;
1, 256, 0, -1, -1, -1, 4, 998, 2;
1, 256, 0, 0, 0, 0, 4, 999, 2;
1, 256, 0, 0, 0, 0, 5, 999, 2;
1, 256, 0, 0, 0, 0, 5, 1000, 3;
1, 256, 0, 0, 0, 0, 5, 1000, 3;
1, 256, 0, 1, 1, 1, 5, 1000, 3;
1, 256, 1, 1, 1, 1, 6, 1000, 4;
1, 256, 0, 0, 0, 0, 5, 1000, 3;
1, 256, 0, 0, 0, 0, 5, 1000, 3;
1, 256, 0, 0, 0, 0, 5, 1000, 3;
1, 256, 0, 0, 0, 0, 5, 1000, 3;
1, 256, 0, 0, 0, 0, 5, 1000, 3;
1, 256, 0, 0, 0, 0, 4, 999, 2;
1, 256, 1, 1, 1, 1, 6, 1000, 3;
1, 256, 1, 1, 1, 1, 5, 1000, 3;
1, 256, 0, -1, -1, -1, 4, 999, 2;
1, 256, 0, 0, 0, 0, 4, 999, 2;
1, 256, 0, 0, 0, 0, 4, 999, 2;
1, 256, 0, 0, 0, 0, 4, 999, 2;
1, 256, 1, 1, 1, 1, 6, 1001, 4;
1, 256, 0, 0, 0, 0, 5, 1000, 3;
1, 256, 0, 0, 0, 0, 4, 999, 2;
1, 256, 0, 0, 0, 0, 5, 1000, 3;
1, 256, 0, -1, -1, -1, 4, 999, 2;
1, 256, 0, 0, 0, 0, 5, 1000, 3;
1, 256, 0, 0, 0, 0, 5, 1000, 3;
1, 256, 0, -1, -1, -1, 4, 999, 2;
1, 256, 0, 0, 0, 0, 5, 1000, 3;
1, 256, 0, 0, 0, 0, 5, 1000, 3;
1, 256, 0, -1, -1, -1, 3, 998, 1;
1, 256, 0, 1, 1, 1, 5, 1000, 3;
1, 256, 0, -1, -1, -1, 4, 999, 2;
1, 256, 0, 0, 0, 0, 5, 999, 3;
1, 256, 1, 1, 1, 1, 6, 1001, 4;
1, 256, 0, 1, 1, 1, 5, 1000, 3;
1, 256, 0, -1, -1, -1, 4, 999, 2;
1, 256, 0, 0, 0, 0, 5, 1000, 3;
1, 256, 0, 0, 0, 0, 5, 1000, 3;
1, 256, 0, 0, 0, 0, 4, 999, 2;
1, 256, 0, 0, 0, 0, 5, 1000, 3;
1, 256, 0, 0, 0, 0, 5, 1000, 3;
1, 256, 0, 0, 0, 0, 4, 999, 2;
1, 256, 0, -1, -1, -1, 4, 998, 1;
1, 256, 0, 0, 0, 0, 4, 999, 2;
1, 256, 0, -1, -1, -1, 4, 999, 2;
1, 256, 1, 1, 1, 1, 6, 1000, 3;
1, 256, 0, -1, -1, -1, 3, 998, 1;
1, 256, 0, 0, 0, 0, 4, 999, 2;
1, 256, 0, -1, -1, -1, 4, 999, 2;
1, 256, 0, 0, 0, 0, 5, 999, 3;
1, 256, 0, 1, 1, 1, 5, 1000, 3;
1, 256, 0, 0, 0, 0, 5, 1000, 3;
1, 256, 0, 0, 0, 0, 5, 1000, 3;
1, 256, 0, 0, 0, 0, 4, 999, 2;
1, 256, 0, 0, 0, 0, 4, 999, 2;
1, 256, 0, 1, 1, 1, 5, 1000, 3;
1, 256, 0, -1, -1, -1, 4, 998, 2;
1, 256, 0, 0, 0, 0, 5, 1000, 3;
1, 256, 1, 1, 1, 1, 6, 1001, 4;
1, 256, 0, -1, -1, -1, 4, 999, 2;
1, 256, 0, 0, 0, 0, 4, 999, 2;
1, 256, 1, 1, 1, 1, 6, 1000, 3;
1, 256, 0, -1, -1, -1, 4, 999, 2;
1, 256, 0, 0, 0, 0, 4, 999, 2;
1, 256, 0, -1, -1, -1, 4, 998, 2;
1, 256, 0, 0, 0, 0, 4, 999, 2;
1, 256, 0, -1, -1, -1, 4, 998, 2;
1, 256, 0, 0, 0, 0, 5, 1000, 3;
1, 256, 0, 0, 0, 0, 4, 999, 2;
1, 256, 0, 0, 0, 0, 4, 999, 2;
1, 256, 1, 1, 1, 1, 6, 1001, 4;
1, 256, 0, 0, 0, 0, 4, 999, 2;
1, 256, 0, 0, 0, 0, 5, 1000, 3;
1, 256, 0, 1, 1, 1, 5, 1000, 3;
1, 256, 0, -1, -1, -1, 4, 999, 2;
1, 256, 0, 0, 0, 0, 5, 1000, 3;
1, 256, 1, 1, 1, 1, 6, 1001, 4;
1, 256, 0, -1, -1, -1, 4, 999, 2;
1, 256, 0, 0, 0, 0, 5, 1000, 3;
1, 256, 0, -1, -1, -1, 4, 999, 2;
1, 256, 0, 1, 1, 1, 5, 1000, 3;
1, 256, 0, 0, 0, 0, 5, 1000, 3;
1, 256, 0, 0, 0, 0, 5, 1000, 3;
1, 256, 0, 0, 0, 0, 5, 1000, 3;
1, 256, 1, 1, 1, 1, 6, 1000, 3;
1, 256, 0, -1, -1, -1, 3, 998, 1;
1, 256, 0, -1, -1, -1, 4, 998, 1;
1, 256, 0, -1, -1, -1, 4, 999, 2;
1, 256, 0, 0, 0, 0, 4, 999, 2;
1, 256, 0, 0, 0, 0, 5, 1000, 3;
1, 256, 0, 0, 0, 0, 4, 999, 2;
1, 256, 0, 0, 0, 0, 5, 1000, 3;
1, 256, 0, 0, 0, 0, 4, 999, 2;
1, 256, 0, 0, 0, 0, 4, 999, 2;
1, 256, 0, 0, 0, 0, 5, 1000, 3;
1, 256, 0, 0, 0, 0, 5, 999, 3;
1, 256, 0, 0, 0, 0, 5, 1000, 3;
1, 256, 0, 0, 0, 0, 5, 1000, 3;
1, 256, 0, 0, 0, 0, 5, 999, 2;
0, 256, 0, -1, -1, -1, 3, 998, 1;
1, 256, 0, -1, -1, -1, 4, 999, 2;
1, 256, 1, 1, 1, 1, 6, 1001, 4;
1, 256, 0, 0, 0, 0, 5, 1000, 3;
1, 256, 0, 0, 0, 0, 5, 1000, 3;
1, 256, 0, 0, 0, 0, 5, 1000, 3;
1, 256, 1, 1, 1, 1, 6, 1000, 4;
1, 256, 0, 0, 0, 0, 4, 999, 2;
1, 256, 1, 1, 1, 1, 6, 1001, 4;
1, 256, 1, 1, 1, 1, 5, 1000, 3;
1, 256, 0, 0, 0, 0, 5, 999, 3;
1, 256, 0, 0, 0, 0, 4, 999, 2;
1, 256, 1, 1, 1, 1, 6, 1001, 4;
1, 256, 1, 1, 1, 1, 6, 1000, 4;
1, 256, 0, 0, 0, 0, 4, 999, 2;
1, 256, 0, 0, 0, 0, 5, 1000, 3;
1, 256, 0, 0, 0, 0, 4, 999, 2;
1, 256, 1, 1, 1, 1, 5, 1000, 3;
1, 256, 0, 0, 0, 0, 5, 1000, 3;
1, 256, 0, 0, 0, 0, 5, 1000, 3;
1, 256, 0, 0, 0, 0, 4, 999, 2;
1, 256, 0, 0, 0, 0, 5, 1000, 3;
1, 256, 0, 0, 0, 0, 5, 1000, 3;
1, 256, 1, 1, 1, 1, 6, 1001, 4;
1, 256, 1, 1, 1, 1, 6, 1000, 4;
1, 256, 0, -1, -1, -1, 4, 999, 2;
1, 256, 0, 0, 0, 0, 5, 1000, 3;
1, 256, 1, 1, 1, 1, 6, 1001, 4;
1, 256, 0, 0, 0, 0, 5, 1000, 3;
1, 256, 0, 0, 0, 0, 4, 999, 2;
1, 256, 0, 0, 0, 0, 4, 999, 2;
1, 256, 0, 0, 0, 0, 4, 999, 2;
1, 256, 0, 0, 0, 0, 4, 999, 2;
1, 256, 0, 0, 0, 0, 5, 1000, 3;
1, 256, 0, 0, 0, 0, 4, 999, 2;
1, 256, 0, 0, 0, 0, 5, 1000, 3;
1, 256, 0, -1, -1, -1, 4, 998, 2;
1, 256, 0, 0, 0, 0, 5, 1000, 3;
1, 256, 0, 0, 0, 0, 5, 1000, 3;
1, 256, 0, 0, 0, 0, 4, 999, 2;
1, 256, 0, 0, 0, 0, 5, 999, 3;
1, 256, 0, -1, -1, -1, 4, 999, 2;
1, 256, 0, 0, 0, 0, 4, 999, 2;
1, 256, 0, 0, 0, 0, 5, 1000, 3;
1, 256, 0, -1, -1, -1, 4, 999, 2;
1, 256, 0, 0, 0, 0, 4, 999, 2;
1, 256, 0, 0, 0, 0, 4, 999, 2;
1, 256, 0, 0, 0, 0, 5, 1000, 3;
1, 256, 0, 1, 1, 1, 5, 1000, 3;
0, 256, 0, -1, -1, -1, 3, 998, 1;
1, 256, 0, -1, -1, -1, 4, 999, 2;
1, 256, 0, -1, -1, -1, 4, 999, 2;
1, 256, 0, 0, 0, 0, 5, 999, 2;
1, 256, 0, -1, -1, -1, 3, 998, 1;
1, 256, 0, 0, 0, 0, 5, 1000, 3;
1, 256, 0, 0, 0, 0, 5, 1000, 3;
1, 256, 0, 0, 0, 0, 4, 999, 2;
1, 256, 0, 0, 0, 0, 4, 999, 2;
1, 256, 0, 0, 0, 0, 5, 1000, 3;
1, 256, 0, 0, 0, 0, 4, 999, 2;
1, 256, 0, 0, 0, 0, 5, 1000, 3;
1, 256, 0, 1, 1, 1, 5, 1000, 3;
1, 256, 0, -1, -1, -1, 4, 999, 2;
1, 256, 0, 0, 0, 0, 5, 1000, 3;
1, 256, 0, 1, 1, 1, 5, 1000, 3;
1, 256, 0, 0, 0, 0, 4, 999, 2;
1, 256, 1, 1, 1, 1, 6, 1001, 4;
1, 256, 0, 0, 0, 0, 4, 999, 2;
1, 256, 0, -1, -1, -1, 4, 999, 2;
1, 256, 0, -1, -1, -1, 4, 999, 2;
1, 256, 1, 1, 1, 1, 6, 1001, 4;
1, 256, 0, 0, 0, 0, 5, 1000, 3;
1, 256, 0, -1, -1, -1, 4, 999, 2;
0, 256, 0, -1, -1, -1, 3, 998, 1;
1, 256, 0, 0, 0, 0, 5, 1000, 3;
1, 256, 0, -1, -1, -1, 4, 999, 2;
1, 256, 0, 0, 0, 0, 5, 1000, 3;
1, 256, 0, 1, 1, 1, 5, 1000, 3;
1, 256, 0, 0, 0, 0, 5, 1000, 3;
1, 256, 0, -1, -1, -1, 3, 998, 1;
1, 256, 0, -1, -1, -1, 4, 998, 2;
1, 256, 0, 0, 0, 0, 5, 1000, 3;
1, 256, 0, 0, 0, 0, 4, 999, 2;
1, 256, 0, 0, 0, 0, 4, 999, 2;
1, 256, 0, 0, 0, 0, 5, 1000, 3;
1, 256, 0, -1, -1, -1, 4, 999, 2;
1, 256, 0, -1, -1, -1, 4, 999, 2;
1, 256, 0, 0, 0, 0, 5, 1000, 3;
1, 256, 0, -1, -1, -1, 4, 999, 2;
1, 256, 0, 0, 0, 0, 5, 1000, 3;
1, 256, 0, 0, 0, 0, 5, 1000, 3;
1, 256, 0, 0, 0, 0, 5, 1000, 3;
1, 256, 0, 0, 0, 0, 4, 999, 2;
1, 256, 0, -1, -1, -1, 4, 999, 2;
1, 256, 0, 0, 0, 0, 4, 999, 2;
1, 256, 0, -1, -1, -1, 4, 999, 2;
1, 256, 0, -1, -1, -1, 4, 999, 2;
1, 256, 0, 0, 0, 0, 5, 999, 2;
1, 256, 0, 0, 0, 0, 4, 999, 2;
1, 256, 0, -1, -1, -1, 4, 999, 2;
1, 256, 0, 0, 0, 0, 5, 999, 3;
1, 256, 0, 0, 0, 0, 4, 999, 2;
1, 256, 1, 1, 1, 1, 6, 1001, 4;
1, 256, 0, -1, -1, -1, 4, 999, 2;
1, 256, 1, 1, 1, 1, 6, 1001, 4;
1, 256, 0, 0, 0, 0, 5, 1000, 3;
1, 256, 0, 0, 0, 0, 4, 999, 2;
1, 256, 0, 0, 0, 0, 4, 999, 2;
1, 256, 0, 0, 0, 0, 5, 1000, 3;
1, 256, 0, 0, 0, 0, 5, 1000, 3;
0, 256, 0, -1, -1, -1, 3, 998, 1;
1, 256, 0, -1, -1, -1, 4, 998, 2;
1, 256, 0, 0, 0, 0, 5, 1000, 3;
1, 256, 0, -1, -1, -1, 3, 998, 1;
1, 256, 1, 1, 1, 1, 5, 1000, 3;
1, 256, 0, 0, 0, 0, 5, 1000, 3;
1, 256, 0, 0, 0, 0, 4, 999, 2;
1, 256, 0, 1, 1, 1, 5, 1000, 3;
1, 256, 0, 0, 0, 0, 4, 999, 2;
1, 256, 0, 0, 0, 0, 5, 999, 2;
1, 256, 1, 1, 1, 1, 6, 1000, 4;
1, 256, 0, 0, 0, 0, 5, 1000, 3;
1, 256, 0, 0, 0, 0, 5, 1000, 3;
1, 256, 0, 0, 0, 0, 5, 1000, 3;
1, 256, 0, 0, 0, 0, 5, 1000, 3;
1, 256, 0, 0, 0, 0, 4, 999, 2;
1, 256, 0, 0, 0, 0, 5, 1000, 3;
1, 256, 0, 0, 0, 0, 5, 1000, 3;
1, 256, 0, 0, 0, 0, 5, 1000, 3;
1, 256, 0, 0, 0, 0, 5, 1000, 3;
1, 256, 0, -1, -1, -1, 3, 998, 1;
1, 256, 1, 1, 1, 1, 6, 1000, 3;
1, 256, 0, 0, 0, 0, 4, 999, 2;
1, 256, 0, 0, 0, 0, 4, 999, 2;
1, 256, 0, 0, 0, 0, 4, 999, 2;
1, 256, 1, 1, 1, 1, 6, 1000, 4;
1, 256, 0, 0, 0, 0, 4, 999, 2;
1, 256, 0, -1, -1, -1, 4, 999, 2;
1, 256, 0, 0, 0, 0, 5, 1000, 3;
1, 256, 0, 0, 0, 0, 5, 999, 2;
1, 256, 0, 0, 0, 0, 4, 999, 2;
1, 256, 0, 0, 0, 0, 4, 999, 2;
1, 256, 0, -1, -1, -1, 3, 998, 1;
0, 256, 0, -1, -1, -1, 3, 998, 1;
1, 256, 1, 1, 1, 1, 6, 1000, 4;
1, 256, 0, 0, 0, 0, 4, 999, 2;
1, 256, 1, 1, 1, 1, 6, 1001, 4;
1, 256, 0, 0, 0, 0, 5, 999, 3;
1, 256, 0, 0, 0, 0, 5, 1000, 3;
1, 256, 0, -1, -1, -1, 4, 999, 2;
1, 256, 0, 0, 0, 0, 4, 999, 2;
1, 256, 0, 0, 0, 0, 5, 1000, 3;
1, 256, 0, 0, 0, 0, 4, 999, 2;
1, 256, 0, -1, -1, -1, 4, 999, 2;
1, 256, 0, 0, 0, 0, 5, 1000, 3;
1, 256, 0, 1, 1, 1, 5, 1000, 3;
1, 256, 0, 0, 0, 0, 5, 1000, 3;
1, 256, 0, 0, 0, 0, 4, 999, 2;
1, 256, 0, -1, -1, -1, 4, 999, 2;
1, 256, 1, 1, 1, 1, 6, 1000, 3;
1, 256, 0, -1, -1, -1, 3, 998, 1;
1, 256, 0, 0, 0, 0, 4, 999, 2;
1, 256, 0, 0, 0, 0, 5, 1000, 3;
1, 256, 0, -1, -1, -1, 4, 999, 2;
1, 256, 0, 0, 0, 0, 4, 999, 2;
1, 256, 0, -1, -1, -1, 4, 999, 2;
1, 256, 0, 0, 0, 0, 5, 1000, 3;
1, 256, 0, -1, -1, -1, 4, 999, 2;
1, 256, 0, 0, 0, 0, 4, 999, 2;
1, 256, 0, 0, 0, 0, 5, 1000, 3;
1, 256, 0, 0, 0, 0, 5, 1000, 3;
1, 256, 0, 0, 0, 0, 5, 999, 2;
1, 256, 0, 0, 0, 0, 5, 1000, 3;
1, 256, 0, 0, 0, 0, 4, 999, 2;
1, 256, 0, 0, 0, 0, 4, 999, 2;
1, 256, 0, 0, 0, 0, 4, 999, 2;
1, 256, 0, -1, -1, -1, 4, 999, 2;
1, 256, 0, -1, -1, -1, 4, 999, 2;
1, 256, 0, 0, 0, 0, 5, 1000, 3;
1, 256, 0, 0, 0, 0, 5, 1000, 3;
1, 256, 0, 0, 0, 0, 4, 999, 2;
1, 256, 0, 0, 0, 0, 5, 1000, 3;
1, 256, 0, -1, -1, -1, 4, 999, 2;
1, 256, 0, 0, 0, 0, 5, 1000, 3;
1, 256, 1, 1, 1, 1, 6, 1001, 4;
1, 256, 0, -1, -1, -1, 4, 999, 2;
1, 256, 1, 1, 1, 1, 6, 1001, 4;
1, 256, 0, -1, -1, -1, 4, 999, 2;
1, 256, 0, 0, 0, 0, 5, 999, 2;
1, 256, 0, 0, 0, 0, 4, 999, 2;
1, 256, 1, 1, 1, 1, 6, 1001, 4;
1, 256, 0, 0, 0, 0, 4, 999, 2;
1, 256, 0, 0, 0, 0, 5, 1000, 3;
1, 256, 1, 1, 1, 1, 6, 1001, 4;
1, 256, 0, 0, 0, 0, 4, 999, 2;
1, 256, 0, -1, -1, -1, 4, 999, 2;
1, 256, 0, 0, 0, 0, 4, 999, 2;
1, 256, 0, 0, 0, 0, 5, 999, 2;
1, 256, 0, 0, 0, 0, 5, 1000, 3;
1, 256, 0, -1, -1, -1, 4, 999, 2;
1, 256, 0, -1, -1, -1, 4, 998, 2;
1, 256, 0, 1, 1, 1, 5, 1000, 3;
1, 256, 0, 1, 1, 1, 5, 1000, 3;
1, 256, 0, 0, 0, 0, 4, 999, 2;
1, 256, 0, 1, 1, 1, 5, 1000, 3;
1, 256, 0, 0, 0, 0, 5, 1000, 3;
1, 256, 0, 0, 0, 0, 5, 1000, 3;
1, 256, 0, 0, 0, 0, 4, 999, 2;
1, 256, 0, 0, 0, 0, 5, 1000, 3;
1, 256, 0, 0, 0, 0, 5, 1000, 3;
1, 256, 0, 0, 0, 0, 4, 999, 2;
1, 256, 0, 0, 0, 0, 4, 999, 2;
1, 256, 0, -1, -1, -1, 4, 999, 2;
1, 256, 0, 0, 0, 0, 5, 1000, 3;
1, 256, 0, 0, 0, 0, 4, 999, 2;
1, 256, 1, 1, 1, 1, 6, 1001, 4;
1, 256, 0, -1, -1, -1, 4, 999, 2;
1, 256, 0, 0, 0, 0, 5, 999, 3;
1, 256, 0, 1, 1, 1, 5, 1000, 3;
1, 256, 0, 0, 0, 0, 5, 1000, 3;
1, 256, 0, -1, -1, -1, 4, 999, 2;
1, 256, 0, 0, 0, 0, 4, 999, 2;
1, 256, 1, 1, 1, 1, 5, 1000, 3;
1, 256, 0, -1, -1, -1, 4, 999, 2;
1, 256, 0, 0, 0, 0, 5, 999, 2;
1, 256, 1, 1, 1, 1, 5, 1000, 3;
1, 256, 0, -1, -1, -1, 4, 999, 2;
1, 256, 0, 0, 0, 0, 5, 999, 3;
1, 256, 0, -1, -1, -1, 3, 998, 1;
1, 256, 0, 0, 0, 0, 5, 1000, 3;
1, 256, 0, -1, -1, -1, 4, 999, 2;
1, 256, 0, -1, -1, -1, 3, 998, 1;
1, 256, 0, 0, 0, 0, 4, 999, 2;
1, 256, 0, 0, 0, 0, 5, 1000, 3;
1, 256, 0, 0, 0, 0, 4, 999, 2;
1, 256, 0, -1, -1, -1, 4, 999, 2;
1, 256, 1, 1, 1, 1, 6, 1000, 4;
1, 256, 0, 0, 0, 0, 5, 1000, 3;
1, 256, 0, -1, -1, -1, 4, 999, 2;
1, 256, 0, 0, 0, 0, 4, 999, 2;
1, 256, 0, 0, 0, 0, 4, 999, 2;
1, 256, 0, 0, 0, 0, 5, 999, 3;
1, 256, 1, 1, 1, 1, 6, 1001, 4;
1, 256, 0, -1, -1, -1, 4, 999, 2;
1, 256, 0, 0, 0, 0, 5, 1000, 3;
1, 256, 0, 1, 1, 1, 5, 1000, 3;
1, 256, 1, 1, 1, 1, 6, 1001, 4;
1, 256, 0, 0, 0, 0, 5, 1000, 3;
1, 256, 0, 0, 0, 0, 5, 1000, 3;
1, 256, 0, 0, 0, 0, 4, 999, 2;
1, 256, 0, -1, -1, -1, 4, 999, 2;
1, 256, 0, 0, 0, 0, 4, 999, 2;
1, 256, 0, -1, -1, -1, 4, 999, 2;
1, 256, 0, 1, 1, 1, 5, 1000, 3;
1, 256, 0, 0, 0, 0, 5, 999, 3;
1, 256, 0, 0, 0, 0, 4, 999, 2;
1, 256, 0, 0, 0, 0, 5, 1000, 3;
1, 256, 0, 0, 0, 0, 4, 999, 2;
0, 256, 0, -1, -1, -1, 3, 998, 1;
1, 256, 0, -1, -1, -1, 3, 998, 1;
1, 256, 0, 0, 0, 0, 5, 1000, 3;
1, 256, 0, 0, 0, 0, 5, 1000, 3;
1, 256, 0, 0, 0, 0, 4, 999, 2;
0, 256, 0, -1, -1, -1, 3, 998, 1;
1, 256, 0, 0, 0, 0, 5, 1000, 3;
1, 256, 1, 1, 1, 1, 5, 1000, 3;
1, 256, 0, -1, -1, -1, 4, 999, 2;
1, 256, 1, 1, 1, 1, 6, 1001, 4;
1, 256, 0, 1, 1, 1, 5, 1000, 3;
1, 256, 0, 0, 0, 0, 4, 999, 2;
1, 256, 1, 1, 1, 1, 5, 1000, 3;
1, 256, 0, 0, 0, 0, 5, 999, 2;
1, 256, 0, 0, 0, 0, 4, 999, 2;
1, 256, 0, -1, -1, -1, 4, 999, 2;
1, 256, 0, 0, 0, 0, 4, 999, 2;
1, 256, 0, 0, 0, 0, 4, 999, 2;
1, 256, 1, 1, 1, 1, 6, 1001, 4;
1, 256, 0, 0, 0, 0, 4, 999, 2;
1, 256, 1, 1, 1, 1, 6, 1001, 4;
1, 256, 1, 1, 1, 1, 6, 1000, 4;
1, 256, 0, 0, 0, 0, 5, 1000, 3;
1, 256, 0, 0, 0, 0, 5, 1000, 3;
1, 256, 0, 0, 0, 0, 5, 1000, 3;
1, 256, 0, -1, -1, -1, 4, 999, 2;
1, 256, 0, 1, 1, 1, 5, 1000, 3;
1, 256, 0, 0, 0, 0, 5, 1000, 3;
1, 256, 0, 0, 0, 0, 5, 1000, 3;
1, 256, 0, 1, 1, 1, 5, 1000, 3;
1, 256, 0, 0, 0, 0, 5, 1000, 3;
1, 256, 1, 1, 1, 1, 6, 1001, 4;
1, 256, 0, 1, 1, 1, 5, 1000, 3;
1, 256, 0, 1, 1, 1, 5, 1000, 3;
1, 256, 0, 0, 0, 0, 5, 1000, 3;
1, 256, 0, -1, -1, -1, 4, 999, 2;
1, 256, 1, 1, 1, 1, 6, 1001, 4;
1, 256, 0, 0, 0, 0, 5, 1000, 3;
1, 256, 0, 0, 0, 0, 5, 1000, 3;
1, 256, 0, 0, 0, 0, 5, 1000, 3;
1, 256, 0, 0, 0, 0, 4, 999, 2;
1, 256, 0, 0, 0, 0, 4, 999, 2;
1, 256, 0, 0, 0, 0, 4, 999, 2;
1, 256, 0, 1, 1, 1, 5, 1000, 3;
1, 256, 1, 1, 1, 1, 6, 1000, 3;
1, 256, 0, -1, -1, -1, 4, 999, 2;
1, 256, 0, 0, 0, 0, 4, 999, 2;
1, 256, 1, 1, 1, 1, 6, 1001, 4;
1, 256, 0, -1, -1, -1, 4, 999, 2;
1, 256, 0, -1, -1, -1, 4, 999, 2;
1, 256, 0, 0, 0, 0, 5, 1000, 3;
1, 256, 1, 1, 1, 1, 6, 1001, 4;
1, 256, 0, 0, 0, 0, 4, 999, 2;
1, 256, 0, 1, 1, 1, 5, 1000, 3;
1, 256, 0, 0, 0, 0, 5, 1000, 3;
1, 256, 0, -1, -1, -1, 3, 998, 1;
1, 256, 1, 1, 1, 1, 6, 1001, 4;
1, 256, 0, 0, 0, 0, 5, 1000, 3;
1, 256, 0, -1, -1, -1, 4, 998, 2;
1, 256, 0, 0, 0, 0, 4, 999, 2;
1, 256, 0, 0, 0, 0, 4, 999, 2;
1, 256, 0, 0, 0, 0, 5, 999, 3;
1, 256, 0, 0, 0, 0, 5, 1000, 3;
1, 256, 1, 1, 1, 1, 6, 1000, 3;
1, 256, 0, 0, 0, 0, 4, 999, 2;
1, 256, 0, 0, 0, 0, 5, 1000, 3;
1, 256, 0, 0, 0, 0, 5, 1000, 3;
1, 256, 0, 0, 0, 0, 4, 999, 2;
1, 256, 0, 0, 0, 0, 4, 999, 2;
1, 256, 0, 0, 0, 0, 5, 1000, 3;
1, 256, 0, -1, -1, -1, 4, 999, 2;
1, 256, 1, 1, 1, 1, 6, 1001, 4;
1, 256, 1, 1, 1, 1, 6, 1000, 4;
1, 256, 0, 0, 0, 0, 4, 999, 2;
1, 256, 0, -1, -1, -1, 3, 998, 1;
1, 256, 0, 0, 0, 0, 5, 1000, 3;
1, 256, 1, 1, 1, 1, 6, 1000, 3;
1, 256, 0, -1, -1, -1, 3, 998, 1;
1, 256, 0, -1, -1, -1, 3, 998, 1;
1, 256, 1, 1, 1, 1, 6, 1001, 4;
1, 256, 0, 0, 0, 0, 5, 999, 2;
1, 256, 0, -1, -1, -1, 4, 999, 2;
1, 256, 0, -1, -1, -1, 4, 999, 2;
1, 256, 0, -1, -1, -1, 4, 999, 2;
1, 256, 0, 0, 0, 0, 5, 1000, 3;
1, 256, 0, -1, -1, -1, 4, 999, 2;
1, 256, 0, 0, 0, 0, 5, 1000, 3;
1, 256, 0, 0, 0, 0, 4, 999, 2;
1, 256, 0, 0, 0, 0, 5, 1000, 3;
1, 256, 0, 0, 0, 0, 5, 1000, 3;
1, 256, 0, 0, 0, 0, 5, 1000, 3;
1, 256, 0, -1, -1, -1, 4, 999, 2;
1, 256, 1, 1, 1, 1, 6, 1000, 4;
0, 256, 0, -1, -1, -1, 3, 998, 1;
1, 256, 0, 0, 0, 0, 5, 1000, 3;
1, 256, 0, 0, 0, 0, 5, 1000, 3;
1, 256, 0, 0, 0, 0, 4, 999, 2;
1, 256, 0, -1, -1, -1, 4, 999, 2;
1, 256, 1, 1, 1, 1, 6, 1000, 4;
1, 256, 0, 0, 0, 0, 5, 1000, 3;
1, 256, 1, 1, 1, 1, 5, 1000, 3;
1, 256, 0, -1, -1, -1, 3, 998, 1;
1, 256, 1, 1, 1, 1, 6, 1001, 4;
1, 256, 0, 0, 0, 0, 5, 1000, 3;
1, 256, 0, -1, -1, -1, 3, 998, 1;
1, 256, 0, -1, -1, -1, 4, 999, 2;
1, 256, 1, 1, 1, 1, 6, 1000, 3;
1, 256, 1, 1, 1, 1, 6, 1001, 4;
1, 256, 0, 0, 0, 0, 5, 1000, 3;
1, 256, 0, 0, 0, 0, 5, 1000, 3;
1, 256, 0, 0, 0, 0, 5, 999, 3;
1, 256, 0, 0, 0, 0, 4, 999, 2;
1, 256, 0, 0, 0, 0, 4, 999, 2;
1, 256, 0, 1, 1, 1, 5, 1000, 3;
1, 256, 1, 1, 1, 1, 6, 1001, 4;
1, 256, 0, 1, 1, 1, 5, 1000, 3;
1, 256, 0, -1, -1, -1, 4, 998, 1;
1, 256, 0, 0, 0, 0, 4, 999, 2;
1, 256, 0, 0, 0, 0, 5, 1000, 3;
1, 256, 0, 0, 0, 0, 5, 999, 2;
1, 256, 0, 0, 0, 0, 4, 999, 2;
1, 256, 0, 0, 0, 0, 5, 1000, 3;
1, 256, 0, -1, -1, -1, 3, 998, 1;
1, 256, 0, 0, 0, 0, 5, 1000, 3;
1, 256, 1, 1, 1, 1, 6, 1001, 4;
1, 256, 0, 0, 0, 0, 4, 999, 2;
1, 256, 0, 0, 0, 0, 5, 1000, 3;
1, 256, 0, 0, 0, 0, 4, 999, 2;
1, 256, 0, 1, 1, 1, 5, 1000, 3;
1, 256, 0, 0, 0, 0, 4, 999, 2;
1, 256, 1, 1, 1, 1, 6, 1000, 3;
0, 256, 0, -1, -1, -1, 3, 998, 1;
1, 256, 0, 1, 1, 1, 5, 1000, 3;
1, 256, 0, 1, 1, 1, 5, 1000, 3;
1, 256, 0, 0, 0, 0, 4, 999, 2;
1, 256, 0, -1, -1, -1, 4, 999, 2;
1, 256, 1, 1, 1, 1, 5, 1000, 3;
1, 256, 0, -1, -1, -1, 4, 998, 1;
1, 256, 0, 0, 0, 0, 5, 1000, 3;
1, 256, 1, 1, 1, 1, 6, 1001, 4;
1, 256, 1, 1, 1, 1, 6, 1001, 4;
1, 256, 0, -1, -1, -1, 3, 998, 1;
1, 256, 0, 0, 0, 0, 4, 999, 2;
1, 256, 0, 0, 0, 0, 5, 1000, 3;
1, 256, 0, 0, 0, 0, 5, 1000, 3;
1, 256, 0, 0, 0, 0, 5, 1000, 3;
1, 256, 0, 1, 1, 1, 5, 1000, 3;
1, 256, 0, 1, 1, 1, 5, 1000, 3;
1, 256, 0, 0, 0, 0, 5, 1000, 3;
1, 256, 0, 0, 0, 0, 5, 1000, 3;
1, 256, 0, 0, 0, 0, 5, 1000, 3;
1, 256, 1, 1, 1, 1, 5, 1000, 3;
1, 256, 0, 0, 0, 0, 5, 1000, 3;
1, 256, 0, -1, -1, -1, 4, 998, 2;
1, 256, 1, 1, 1, 1, 6, 1000, 4;
1, 256, 0, 0, 0, 0, 5, 1000, 3;
1, 256, 0, 0, 0, 0, 4, 999, 2;
1, 256, 0, 0, 0, 0, 5, 1000, 3;
1, 256, 0, -1, -1, -1, 4, 999, 2;
1, 256, 0, 0, 0, 0, 5, 1000, 3;
1, 256, 0, 0, 0, 0, 4, 999, 2;
1, 256, 1, 1, 1, 1, 6, 1001, 4;
1, 256, 0, 0, 0, 0, 5, 1000, 3;
1, 256, 0, -1, -1, -1, 3, 998, 1;
1, 256, 0, 0, 0, 0, 4, 999, 2;
1, 256, 0, 0, 0, 0, 5, 1000, 3;
1, 256, 0, -1, -1, -1, 4, 999, 2;
1, 256, 0, 0, 0, 0, 4, 999, 2;
1, 256, 0, 0, 0, 0, 4, 999, 2;
1, 256, 0, 0, 0, 0, 5, 1000, 3;
1, 256, 1, 1, 1, 1, 6, 1001, 4;
1, 256, 0, 0, 0, 0, 5, 1000, 3;
1, 256, 0, 0, 0, 0, 5, 999, 2;
1, 256, 0, -1, -1, -1, 3, 998, 1;
1, 256, 0, 1, 1, 1, 5, 1000, 3;
1, 256, 0, -1, -1, -1, 3, 998, 1;
1, 256, 1, 1, 1, 1, 5, 1000, 3;
1, 256, 0, 0, 0, 0, 5, 1000, 3;
1, 256, 0, 0, 0, 0, 4, 999, 2;
1, 256, 0, 0, 0, 0, 5, 1000, 3;
1, 256, 0, 0, 0, 0, 4, 999, 2;
1, 256, 0, 0, 0, 0, 4, 999, 2;