-2, 292, 10, -8, 401, -8, -10, 1141, 40;
5, 299, 16, 38, 420, 11, 20, 1166, 65;
4, 296, 14, 57, 411, 3, 17, 1156, 54;
6, 296, 14, 85, 410, 4, 25, 1156, 56;
8, 296, 14, 113, 408, 5, 33, 1157, 58;
12, 298, 16, 144, 409, 11, 47, 1162, 64;
9, 293, 12, 157, 390, -2, 36, 1143, 47;
14, 295, 15, 193, 395, 7, 55, 1154, 60;
12, 292, 12, 208, 378, -2, 49, 1139, 47;
15, 292, 13, 238, 375, 1, 61, 1141, 53;
13, 288, 10, 251, 356, -8, 53, 1125, 39;
15, 287, 10, 276, 347, -8, 60, 1122, 40;
23, 293, 16, 318, 357, 11, 90, 1142, 64;
22, 289, 14, 334, 339, 4, 87, 1130, 56;
25, 290, 16, 361, 333, 9, 99, 1132, 62;
25, 287, 14, 376, 315, 3, 97, 1121, 55;
22, 282, 10, 384, 290, -8, 86, 1100, 40;
23, 280, 9, 402, 275, -9, 90, 1094, 38;
28, 283, 14, 434, 275, 4, 112, 1106, 56;
26, 279, 11, 441, 250, -5, 104, 1088, 43;
29, 279, 13, 464, 241, 0, 115, 1090, 51;
34, 281, 16, 490, 236, 11, 132, 1097, 64;
33, 278, 15, 501, 216, 7, 132, 1087, 60;
34, 277, 15, 515, 200, 8, 136, 1081, 61;
33, 273, 13, 521, 176, 2, 131, 1067, 53;
30, 267, 9, 518, 145, -11, 117, 1044, 37;
34, 269, 13, 540, 139, 0, 135, 1052, 51;
31, 264, 9, 536, 108, -12, 121, 1030, 36;
32, 263, 9, 545, 92, -9, 126, 1025, 38;
36, 265, 14, 565, 86, 3, 144, 1035, 55;
32, 259, 9, 555, 53, -10, 127, 1010, 37;
32, 257, 9, 559, 33, -10, 128, 1003, 37;
33, 255, 10, 563, 16, -9, 131, 998, 39;
34, 255, 11, 567, 0, -5, 135, 995, 43;
35, 254, 12, 571, -14, -2, 140, 992, 48;
33, 250, 10, 562, -41, -9, 131, 976, 39;
34, 249, 11, 562, -57, -6, 133, 973, 43;
33, 247, 10, 556, -78, -8, 130, 963, 40;
33, 245, 10, 551, -97, -8, 129, 956, 40;
34, 244, 11, 549, -112, -3, 132, 954, 46;
34, 243, 12, 543, -129, -2, 132, 949, 47;
31, 240, 10, 529, -151, -7, 124, 937, 42;
30, 238, 10, 517, -171, -8, 119, 928, 39;
32, 239, 12, 514, -180, 0, 127, 932, 50;
32, 238, 13, 504, -195, 1, 127, 928, 53;
30, 235, 12, 487, -215, -1, 119, 918, 48;
30, 234, 13, 474, -230, 0, 118, 914, 51;
32, 236, 16, 469, -235, 10, 127, 921, 64;
29, 233, 14, 447, -256, 5, 116, 908, 57;
28, 231, 14, 429, -270, 5, 112, 903, 57;
28, 231, 15, 414, -280, 9, 112, 903, 62;
22, 225, 11, 380, -308, -5, 89, 880, 44;
21, 224, 11, 361, -320, -4, 85, 876, 45;
25, 228, 16, 354, -318, 9, 97, 889, 62;
18, 222, 11, 317, -344, -5, 73, 866, 44;
16, 220, 10, 290, -358, -9, 63, 858, 39;
20, 224, 15, 284, -350, 8, 79, 876, 61;
14, 219, 11, 247, -373, -5, 56, 856, 44;
15, 221, 14, 231, -372, 3, 60, 863, 54;
11, 218, 11, 198, -388, -4, 44, 851, 45;
12, 220, 14, 180, -386, 3, 48, 858, 54;
7, 216, 10, 143, -403, -7, 27, 842, 41;
9, 220, 14, 131, -394, 5, 38, 858, 58;
3, 215, 10, 90, -411, -8, 14, 839, 40;
7, 220, 16, 81, -397, 9, 29, 860, 62;
0, 214, 10, 36, -416, -8, 0, 837, 40;
0, 216, 12, 15, -412, -2, 1, 844, 48;
2, 220, 16, 0, -400, 9, 9, 859, 62;
-5, 214, 10, -45, -418, -8, -20, 836, 39;
-3, 217, 13, -62, -406, 0, -15, 848, 51;
-3, 219, 14, -83, -398, 5, -15, 856, 58;
-5, 219, 14, -110, -395, 5, -21, 857, 58;
-9, 217, 12, -144, -398, -1, -37, 849, 48;
-8, 221, 15, -160, -383, 7, -32, 863, 60;
-16, 215, 9, -206, -397, -12, -63, 841, 35;
-16, 217, 10, -226, -385, -7, -63, 849, 42;
-16, 220, 12, -246, -373, -2, -64, 858, 47;
-13, 225, 16, -258, -351, 10, -53, 877, 63;
-22, 219, 9, -302, -363, -10, -86, 854, 37;
-22, 220, 10, -323, -351, -8, -89, 861, 40;
-19, 226, 14, -331, -326, 5, -77, 883, 57;
-20, 228, 15, -350, -311, 7, -79, 890, 60;
-23, 227, 13, -376, -304, 2, -91, 888, 54;
-22, 231, 16, -389, -284, 9, -87, 902, 62;
-29, 227, 10, -425, -287, -7, -113, 886, 41;
-30, 228, 10, -444, -274, -8, -118, 890, 40;
-29, 231, 12, -454, -252, -1, -114, 904, 49;
-30, 233, 12, -471, -238, -2, -119, 908, 47;
-29, 236, 14, -481, -216, 2, -116, 921, 54;
-29, 238, 14, -492, -197, 5, -116, 931, 58;
-33, 238, 12, -512, -187, -1, -128, 928, 49;
-36, 236, 9, -533, -178, -10, -142, 924, 38;
-35, 240, 11, -539, -156, -5, -139, 936, 43;
-35, 242, 11, -547, -136, -4, -140, 945, 45;
-36, 244, 11, -555, -118, -4, -142, 951, 45;
-34, 247, 13, -556, -93, 1, -136, 966, 53;
-33, 251, 15, -555, -69, 7, -130, 980, 60;
-32, 254, 16, -556, -46, 11, -126, 992, 65;
-39, 249, 10, -579, -47, -8, -152, 974, 40;
-39, 251, 10, -581, -27, -8, -152, 982, 40;
-37, 255, 12, -575, -2, -2, -145, 997, 48;
-36, 258, 13, -571, 20, 1, -140, 1008, 52;
-33, 262, 15, -562, 47, 8, -131, 1025, 61;
-33, 264, 15, -560, 65, 7, -131, 1030, 60;
-33, 266, 15, -554, 85, 9, -128, 1039, 62;
-37, 263, 10, -564, 88, -7, -147, 1026, 42;
-33, 268, 14, -547, 118, 3, -132, 1047, 55;
-37, 266, 10, -552, 123, -9, -146, 1037, 39;
-34, 270, 12, -535, 148, -2, -135, 1053, 48;
-34, 271, 11, -526, 165, -3, -134, 1058, 46;
-33, 272, 11, -515, 181, -4, -132, 1064, 45;
-35, 272, 9, -509, 191, -11, -137, 1061, 37;
-31, 276, 12, -486, 217, -1, -122, 1079, 48;
-30, 277, 12, -472, 232, -3, -120, 1083, 46;
-29, 279, 12, -456, 247, -3, -116, 1089, 46;
-27, 282, 13, -435, 266, 0, -107, 1100, 51;
-28, 281, 10, -425, 273, -6, -112, 1096, 42;
-26, 283, 12, -402, 291, -2, -102, 1106, 47;
-22, 287, 15, -372, 313, 6, -86, 1122, 59;
-25, 284, 10, -366, 312, -7, -98, 1110, 41;
-23, 286, 10, -343, 325, -6, -92, 1115, 42;
-22, 286, 10, -322, 334, -7, -87, 1118, 41;
-21, 287, 10, -299, 344, -7, -82, 1121, 41;
-19, 288, 10, -275, 354, -7, -75, 1126, 41;
-12, 295, 16, -233, 381, 10, -47, 1151, 64;
-15, 291, 12, -222, 375, -3, -58, 1137, 47;
-14, 290, 10, -202, 377, -7, -58, 1133, 41;
-14, 290, 9, -179, 381, -10, -55, 1132, 37;
-9, 293, 12, -145, 394, -2, -38, 1145, 48;
-11, 291, 9, -127, 389, -11, -43, 1135, 36;
-3, 296, 14, -84, 410, 5, -15, 1158, 58;
-4, 295, 13, -63, 407, 0, -15, 1151, 50;
-4, 293, 10, -43, 401, -7, -18, 1143, 41;
1, 297, 14, -3, 415, 5, 4, 1159, 57;
-1, 292, 10, 9, 400, -8, -6, 1141, 39;
6, 298, 16, 54, 418, 9, 23, 1164, 63;
8, 298, 16, 82, 417, 10, 31, 1165, 64;
5, 293, 11, 94, 399, -3, 19, 1145, 46;
8, 295, 13, 127, 402, 2, 34, 1152, 54;
10, 294, 13, 152, 396, 1, 39, 1149, 52;
12, 295, 14, 181, 393, 4, 49, 1150, 56;
16, 296, 16, 214, 395, 11, 64, 1157, 65;
11, 289, 9, 217, 365, -10, 43, 1127, 37;
13, 288, 9, 242, 358, -9, 50, 1125, 38;
14, 287, 9, 265, 348, -10, 55, 1120, 37;
16, 286, 10, 290, 340, -9, 63, 1119, 39;
24, 292, 16, 333, 349, 10, 93, 1140, 64;
24, 290, 15, 351, 335, 7, 94, 1131, 60;
26, 289, 16, 375, 325, 9, 103, 1129, 63;
24, 285, 13, 387, 304, 1, 97, 1114, 52;
27, 285, 14, 409, 293, 4, 106, 1113, 56;
24, 279, 10, 415, 266, -9, 93, 1091, 39;
30, 283, 15, 450, 269, 8, 120, 1107, 61;
27, 277, 11, 452, 239, -6, 106, 1084, 43;
28, 276, 10, 467, 223, -6, 109, 1077, 42;
28, 273, 10, 479, 204, -9, 109, 1068, 39;
30, 273, 11, 497, 192, -5, 118, 1067, 44;
35, 275, 15, 522, 187, 6, 136, 1075, 59;
37, 275, 16, 538, 174, 11, 145, 1075, 65;
30, 266, 9, 525, 133, -11, 119, 1039, 36;
32, 265, 10, 536, 117, -8, 124, 1036, 40;
32, 264, 10, 545, 100, -7, 127, 1030, 41;
38, 268, 16, 569, 99, 9, 151, 1045, 63;
33, 260, 10, 558, 63, -6, 131, 1017, 42;
37, 262, 14, 572, 54, 3, 145, 1022, 54;
35, 258, 12, 570, 30, -1, 139, 1009, 48;
39, 260, 15, 581, 20, 7, 152, 1014, 60;
38, 257, 14, 578, -1, 4, 148, 1003, 56;
39, 256, 15, 581, -16, 8, 153, 1001, 61;
37, 253, 14, 575, -40, 4, 147, 989, 57;
37, 251, 14, 570, -60, 3, 145, 980, 55;
39, 252, 16, 573, -71, 11, 154, 983, 65;
34, 246, 12, 553, -103, -1, 135, 959, 48;
35, 245, 13, 551, -117, 2, 140, 958, 54;
32, 241, 11, 535, -143, -4, 128, 942, 45;
33, 241, 13, 530, -156, 0, 131, 941, 50;
34, 241, 14, 524, -169, 5, 135, 941, 57;
30, 236, 11, 501, -197, -5, 119, 921, 44;
34, 239, 16, 503, -198, 9, 134, 934, 62;
26, 231, 9, 467, -236, -11, 104, 901, 36;
27, 230, 10, 456, -248, -7, 105, 900, 41;
27, 231, 12, 445, -258, -1, 108, 901, 48;
24, 227, 9, 419, -281, -10, 93, 885, 37;
29, 231, 15, 420, -276, 8, 113, 904, 62;
24, 227, 12, 392, -299, 0, 97, 888, 50;
21, 224, 10, 364, -319, -7, 82, 873, 41;
26, 229, 16, 363, -311, 12, 102, 894, 66;
18, 222, 10, 323, -342, -6, 73, 866, 42;
19, 222, 12, 305, -347, -1, 74, 869, 49;
15, 219, 10, 276, -363, -7, 60, 857, 41;
20, 225, 16, 272, -353, 11, 79, 878, 65;
14, 220, 12, 234, -374, -1, 57, 859, 49;
14, 220, 13, 213, -378, 2, 55, 860, 53;
14, 222, 16, 195, -378, 9, 58, 867, 63;
8, 217, 11, 156, -397, -4, 34, 848, 45;
12, 222, 16, 146, -386, 12, 48, 866, 66;
8, 219, 15, 113, -396, 6, 34, 857, 58;
4, 216, 12, 78, -408, -2, 17, 845, 47;
3, 217, 13, 54, -407, 0, 13, 848, 51;
4, 219, 15, 35, -401, 7, 16, 857, 60;
-3, 213, 9, -10, -420, -10, -13, 833, 37;
-2, 216, 12, -28, -410, -1, -8, 845, 49;
-3, 217, 13, -53, -407, 0, -12, 848, 51;
-6, 216, 11, -85, -410, -4, -25, 842, 45;
-4, 220, 15, -99, -394, 7, -17, 859, 60;
-5, 221, 15, -125, -389, 8, -22, 862, 61;
-12, 216, 10, -168, -402, -8, -50, 842, 40;
-9, 222, 15, -177, -378, 8, -35, 866, 61;
-14, 219, 12, -213, -383, -2, -55, 854, 47;
-15, 220, 13, -236, -373, 0, -58, 860, 51;
-18, 219, 10, -267, -371, -6, -73, 855, 42;
-16, 224, 14, -279, -350, 5, -64, 873, 57;
-16, 226, 16, -297, -335, 10, -63, 883, 63;
-23, 221, 10, -338, -343, -8, -92, 864, 40;
-24, 223, 10, -358, -331, -7, -96, 870, 42;
-27, 223, 9, -383, -322, -10, -106, 870, 37;
-28, 223, 9, -404, -310, -12, -112, 873, 35;
-28, 227, 11, -418, -291, -6, -110, 885, 43;
-26, 231, 13, -428, -269, 1, -104, 901, 53;
-27, 233, 14, -443, -252, 4, -106, 909, 56;
-33, 229, 9, -475, -252, -11, -129, 896, 37;
-30, 234, 13, -479, -224, 0, -119, 916, 51;
-31, 236, 13, -493, -208, 0, -122, 922, 51;
-34, 236, 11, -512, -197, -5, -133, 921, 44;
-31, 240, 14, -515, -170, 3, -124, 939, 55;
-32, 243, 14, -524, -151, 5, -125, 947, 57;
-34, 243, 12, -540, -139, 0, -134, 947, 50;
-38, 240, 9, -560, -132, -12, -151, 939, 35;
-37, 244, 11, -561, -107, -6, -145, 954, 43;
-35, 248, 13, -561, -82, 0, -139, 969, 51;
-34, 252, 15, -560, -57, 6, -133, 984, 58;
-37, 250, 11, -574, -49, -4, -146, 978, 45;
-34, 256, 15, -564, -17, 7, -132, 1000, 60;
-38, 254, 11, -578, -11, -5, -149, 991, 44;
-36, 258, 13, -572, 14, 1, -141, 1006, 52;
-33, 262, 16, -561, 43, 10, -128, 1025, 64;
-36, 260, 12, -570, 49, -1, -143, 1017, 48;
-38, 260, 10, -574, 61, -9, -151, 1014, 39;
-39, 261, 9, -570, 78, -10, -152, 1019, 37;
-34, 267, 14, -550, 111, 3, -133, 1044, 54;
-32, 271, 15, -537, 135, 8, -125, 1057, 61;
-32, 272, 15, -530, 151, 6, -125, 1061, 58;
-35, 270, 11, -531, 157, -5, -137, 1054, 44;
-34, 271, 11, -520, 174, -5, -134, 1060, 44;
-34, 272, 10, -511, 188, -8, -135, 1062, 40;
-29, 278, 15, -482, 220, 6, -113, 1087, 58;
-28, 279, 14, -470, 234, 4, -112, 1091, 56;
-30, 278, 11, -463, 241, -4, -119, 1085, 45;
-31, 278, 9, -452, 250, -10, -122, 1084, 37;
-27, 281, 12, -427, 273, -2, -108, 1099, 47;
-29, 280, 9, -416, 278, -11, -114, 1094, 37;
-26, 283, 11, -390, 298, -4, -101, 1107, 45;
-20, 289, 15, -357, 323, 8, -80, 1127, 60;
-20, 289, 14, -338, 333, 5, -78, 1129, 58;
-16, 292, 16, -311, 350, 11, -66, 1140, 64;
-21, 287, 11, -306, 343, -6, -82, 1122, 42;
-14, 294, 16, -265, 370, 11, -54, 1148, 65;
-12, 295, 16, -241, 378, 10, -49, 1150, 64;
-16, 290, 10, -234, 369, -6, -65, 1131, 42;
-12, 293, 13, -201, 384, 0, -49, 1144, 52;
-13, 291, 10, -185, 382, -7, -53, 1135, 41;
-11, 292, 10, -158, 388, -6, -45, 1139, 42;
-6, 296, 14, -120, 404, 4, -25, 1154, 56;
-4, 296, 14, -94, 408, 4, -19, 1155, 56;
-3, 296, 14, -68, 409, 3, -13, 1155, 54;
-2, 295, 13, -44, 408, 0, -10, 1152, 51;
1, 298, 15, -10, 417, 7, 4, 1162, 60;
-2, 292, 9, -1, 399, -10, -10, 1139, 38;
5, 298, 16, 45, 418, 9, 20, 1164, 62;
1, 292, 10, 53, 398, -9, 4, 1140, 39;
3, 292, 10, 82, 397, -7, 12, 1141, 41;
10, 297, 15, 125, 410, 8, 39, 1160, 61;
10, 295, 14, 146, 401, 4, 40, 1153, 56;
12, 295, 14, 173, 396, 4, 47, 1151, 56;
11, 292, 12, 192, 383, -2, 45, 1141, 48;
13, 292, 12, 218, 377, -1, 53, 1139, 49;
15, 291, 12, 243, 370, 0, 59, 1137, 50;
15, 289, 11, 264, 357, -4, 61, 1129, 45;
17, 288, 11, 287, 348, -4, 66, 1125, 45;
18, 287, 11, 310, 338, -4, 73, 1122, 45;
25, 291, 16, 349, 343, 12, 98, 1138, 65;
22, 286, 12, 356, 317, -2, 86, 1116, 47;
23, 284, 12, 376, 304, -2, 90, 1111, 47;
25, 285, 13, 400, 295, 1, 101, 1111, 52;
28, 285, 15, 425, 287, 6, 112, 1113, 59;
26, 280, 11, 431, 261, -4, 102, 1093, 44;
28, 279, 12, 450, 248, -2, 109, 1090, 47;
26, 275, 10, 459, 226, -9, 104, 1076, 39;
34, 280, 16, 494, 229, 9, 132, 1094, 63;
30, 274, 11, 493, 197, -5, 117, 1069, 44;
34, 275, 14, 516, 191, 5, 133, 1075, 57;
35, 274, 15, 529, 175, 6, 138, 1071, 59;
37, 274, 16, 545, 162, 11, 147, 1070, 65;
38, 272, 16, 553, 143, 10, 148, 1062, 64;
35, 267, 13, 552, 115, 1, 138, 1044, 52;
34, 264, 11, 553, 91, -4, 133, 1030, 45;
33, 261, 10, 556, 69, -6, 131, 1020, 42;
38, 264, 15, 575, 64, 7, 150, 1030, 59;
37, 260, 13, 573, 40, 1, 144, 1016, 53;
37, 258, 13, 575, 21, 2, 145, 1009, 53;
34, 253, 10, 566, -7, -7, 133, 990, 41;
36, 254, 13, 574, -18, 0, 143, 993, 52;
39, 255, 15, 579, -30, 8, 152, 995, 61;
37, 251, 13, 570, -54, 2, 144, 981, 54;
37, 250, 14, 569, -71, 5, 147, 978, 57;
38, 250, 16, 568, -85, 10, 151, 977, 63;
37, 247, 15, 557, -107, 6, 145, 965, 59;
31, 240, 10, 533, -142, -9, 123, 938, 39;
36, 244, 15, 542, -141, 9, 144, 955, 62;
34, 241, 13, 525, -166, 2, 132, 939, 53;
35, 241, 15, 520, -177, 8, 138, 941, 62;
33, 238, 14, 503, -197, 5, 130, 930, 57;
28, 233, 10, 477, -226, -6, 112, 909, 42;
27, 231, 10, 460, -244, -8, 105, 901, 39;
31, 235, 15, 462, -242, 8, 123, 917, 61;
29, 232, 14, 441, -260, 5, 115, 907, 57;
26, 229, 13, 418, -280, 0, 103, 895, 50;
27, 230, 15, 405, -287, 6, 107, 898, 59;
26, 229, 15, 386, -300, 7, 103, 894, 59;
26, 229, 16, 370, -307, 11, 104, 895, 65;
23, 226, 15, 343, -325, 6, 91, 884, 58;
17, 221, 10, 307, -350, -7, 68, 862, 41;
17, 221, 11, 287, -357, -5, 66, 862, 44;
15, 220, 11, 263, -367, -4, 60, 858, 44;
13, 219, 11, 239, -376, -5, 54, 855, 44;
13, 219, 12, 217, -380, -2, 51, 856, 48;
10, 217, 10, 187, -392, -7, 39, 847, 42;
13, 221, 15, 176, -384, 7, 51, 863, 60;
10, 220, 14, 148, -391, 5, 42, 858, 57;
8, 219, 14, 119, -397, 3, 33, 854, 55;
2, 214, 10, 80, -413, -9, 11, 837, 39;
5, 218, 14, 66, -403, 3, 19, 852, 55;
0, 214, 10, 27, -417, -8, -1, 837, 40;
0, 217, 13, 8, -409, 0, 2, 846, 50;
1, 219, 15, -9, -401, 8, 6, 857, 61;
0, 219, 15, -37, -400, 7, -1, 857, 60;
-2, 219, 14, -66, -401, 5, -11, 854, 57;
-8, 215, 10, -105, -410, -7, -33, 840, 41;
-11, 215, 10, -134, -409, -9, -43, 838, 39;
-7, 221, 15, -143, -387, 8, -27, 862, 60;
-14, 216, 10, -186, -398, -9, -55, 843, 39;
-14, 217, 11, -208, -389, -6, -58, 849, 43;
-14, 220, 12, -228, -377, -1, -58, 858, 49;
-16, 221, 13, -252, -368, 0, -62, 862, 50;
-16, 223, 14, -273, -355, 3, -64, 870, 55;
-16, 225, 15, -291, -340, 8, -63, 880, 61;
-17, 226, 15, -313, -330, 8, -69, 884, 62;
-24, 222, 10, -352, -336, -8, -96, 867, 40;
-21, 228, 15, -358, -308, 7, -81, 891, 60;
-20, 231, 16, -374, -291, 11, -81, 901, 65;
-26, 227, 12, -408, -292, -3, -104, 887, 46;
-23, 233, 16, -412, -263, 11, -90, 911, 65;
-27, 231, 13, -440, -259, 1, -108, 904, 52;
-32, 229, 9, -470, -257, -11, -128, 894, 36;
-32, 232, 10, -481, -237, -6, -126, 905, 42;
-27, 239, 16, -478, -203, 10, -108, 933, 64;
-32, 237, 12, -503, -197, 0, -125, 925, 50;
-34, 237, 11, -520, -186, -5, -135, 925, 43;
-36, 238, 10, -534, -170, -8, -141, 929, 40;
-32, 244, 15, -530, -138, 6, -125, 954, 59;
-33, 246, 14, -540, -121, 5, -129, 959, 57;
-33, 247, 14, -548, -103, 4, -131, 965, 56;
-36, 247, 12, -562, -91, -2, -141, 964, 48;
-39, 246, 9, -576, -81, -10, -154, 960, 37;
-35, 252, 13, -567, -49, 1, -139, 983, 53;
-35, 254, 13, -569, -29, 2, -139, 990, 53;
-37, 253, 11, -577, -16, -3, -147, 990, 46;
-38, 254, 10, -580, 0, -6, -150, 994, 42;
-35, 259, 14, -569, 28, 3, -138, 1013, 54;
-33, 263, 16, -560, 54, 9, -130, 1028, 62;
-37, 261, 11, -571, 59, -4, -146, 1017, 45;
-37, 262, 11, -567, 77, -5, -146, 1024, 44;
-32, 268, 15, -547, 110, 8, -127, 1048, 61;
-33, 269, 14, -543, 125, 4, -130, 1051, 57;
-36, 267, 10, -546, 132, -6, -142, 1043, 42;
-33, 271, 12, -530, 156, 0, -132, 1057, 50;
-32, 273, 13, -518, 175, 1, -127, 1066, 52;
-29, 277, 16, -497, 201, 10, -113, 1084, 63;
-28, 279, 15, -484, 217, 9, -111, 1089, 62;
-32, 275, 10, -486, 217, -7, -128, 1074, 41;
-31, 277, 10, -470, 234, -6, -123, 1081, 42;
-28, 281, 13, -446, 257, 1, -109, 1097, 52;
-28, 281, 12, -433, 267, -3, -111, 1096, 46;
-25, 284, 13, -410, 286, 1, -101, 1107, 52;
-23, 286, 14, -388, 303, 4, -92, 1116, 56;
-25, 284, 11, -379, 305, -6, -100, 1108, 43;
-19, 289, 15, -343, 331, 7, -77, 1130, 60;
-18, 290, 15, -323, 341, 6, -73, 1133, 59;
-20, 288, 12, -309, 343, -2, -79, 1126, 47;
-22, 286, 9, -296, 343, -12, -85, 1117, 35;
-14, 293, 15, -253, 372, 7, -56, 1144, 59;
-14, 292, 13, -234, 374, 1, -57, 1140, 52;
-9, 296, 16, -199, 392, 11, -38, 1156, 65;
-14, 290, 10, -194, 378, -8, -57, 1133, 40;
-13, 290, 9, -170, 382, -10, -53, 1133, 37;
-5, 297, 16, -123, 408, 10, -20, 1161, 63;
-7, 294, 12, -110, 399, -2, -29, 1146, 47;
-2, 297, 15, -73, 413, 7, -11, 1160, 60;
-3, 294, 12, -55, 406, -1, -15, 1150, 48;
0, 297, 14, -21, 414, 5, 0, 1159, 57;
-1, 293, 11, -5, 403, -5, -7, 1145, 43;
0, 293, 10, 19, 402, -7, -2, 1143, 41;
3, 295, 13, 55, 409, 1, 15, 1153, 52;
3, 293, 11, 75, 400, -5, 13, 1145, 44;
7, 296, 14, 111, 406, 3, 31, 1154, 55;
9, 295, 14, 137, 401, 3, 37, 1152, 55;
10, 294, 13, 159, 393, 0, 39, 1146, 50;
12, 294, 13, 188, 390, 2, 49, 1147, 54;
16, 295, 16, 220, 390, 9, 64, 1153, 62;
14, 291, 12, 235, 372, 0, 57, 1138, 49;
17, 291, 13, 261, 366, 1, 66, 1138, 52;
15, 287, 10, 275, 346, -9, 59, 1121, 39;
22, 292, 15, 316, 354, 8, 87, 1139, 61;
18, 286, 10, 322, 328, -7, 73, 1116, 42;
21, 286, 11, 347, 319, -3, 82, 1115, 46;
23, 286, 13, 372, 312, 0, 93, 1116, 51;
23, 283, 11, 388, 294, -4, 92, 1106, 45;
29, 286, 15, 421, 294, 9, 113, 1117, 62;
30, 285, 15, 439, 280, 9, 118, 1112, 62;
28, 280, 12, 446, 254, -1, 109, 1093, 49;
31, 281, 14, 469, 246, 5, 122, 1097, 58;
28, 275, 10, 471, 216, -8, 109, 1073, 40;
35, 280, 16, 505, 220, 11, 137, 1092, 65;
35, 277, 15, 516, 200, 9, 137, 1082, 62;
35, 275, 15, 527, 182, 8, 139, 1075, 61;
33, 271, 12, 529, 156, 0, 130, 1057, 50;
34, 269, 12, 539, 138, 0, 133, 1051, 50;
38, 271, 16, 558, 131, 10, 149, 1058, 64;
37, 268, 15, 561, 108, 6, 145, 1045, 58;
33, 262, 11, 555, 76, -6, 131, 1023, 43;
34, 261, 11, 561, 59, -4, 135, 1018, 45;
34, 259, 11, 565, 40, -4, 136, 1011, 45;
36, 259, 13, 574, 27, 1, 144, 1011, 52;
33, 254, 10, 564, -2, -9, 131, 990, 39;
34, 253, 11, 568, -18, -5, 136, 988, 44;
35, 252, 12, 569, -34, -2, 138, 984, 47;
39, 254, 15, 577, -42, 8, 152, 991, 61;
33, 246, 10, 555, -79, -9, 128, 961, 39;
38, 250, 15, 567, -81, 7, 148, 975, 60;
32, 243, 10, 545, -115, -7, 128, 950, 41;
34, 244, 13, 546, -126, 0, 136, 953, 51;
33, 242, 12, 535, -145, 0, 132, 944, 49;
34, 241, 14, 529, -159, 3, 134, 943, 54;
33, 239, 13, 516, -179, 0, 129, 933, 52;
29, 234, 10, 494, -205, -8, 114, 916, 40;
31, 236, 13, 491, -212, 1, 124, 922, 53;
31, 235, 14, 478, -226, 4, 123, 919, 56;
29, 232, 13, 458, -246, 0, 114, 908, 50;
32, 235, 16, 454, -249, 11, 124, 917, 65;
29, 232, 15, 433, -266, 8, 116, 908, 62;
24, 226, 11, 399, -295, -5, 93, 884, 43;
22, 225, 11, 380, -308, -5, 89, 879, 43;
24, 227, 14, 369, -312, 3, 95, 886, 55;
19, 222, 10, 336, -335, -8, 75, 867, 40;
21, 224, 13, 325, -336, 2, 83, 876, 54;
22, 225, 15, 308, -340, 9, 85, 880, 62;
15, 220, 11, 271, -364, -5, 62, 859, 44;
13, 218, 9, 242, -377, -9, 50, 850, 38;
14, 220, 13, 229, -374, 1, 58, 861, 52;
11, 218, 11, 197, -388, -5, 43, 850, 44;
10, 218, 12, 174, -393, -3, 40, 850, 46;
6, 215, 9, 141, -405, -9, 25, 840, 38;
8, 218, 13, 127, -398, 1, 33, 853, 53;
9, 220, 16, 108, -394, 9, 36, 861, 62;
3, 216, 11, 68, -410, -3, 13, 843, 46;
0, 214, 10, 35, -417, -9, 0, 836, 39;
-1, 214, 9, 8, -419, -9, -7, 835, 38;
-3, 214, 10, -18, -419, -9, -13, 835, 39;
1, 220, 16, -24, -397, 11, 4, 861, 64;
-2, 219, 14, -56, -401, 5, -8, 855, 58;
-6, 216, 12, -92, -407, -2, -25, 845, 47;
-5, 220, 15, -108, -393, 7, -19, 859, 60;
-8, 219, 14, -139, -393, 3, -31, 855, 54;
-11, 217, 12, -171, -394, -3, -45, 849, 47;
-10, 221, 15, -187, -378, 6, -39, 864, 59;
-16, 217, 10, -226, -385, -7, -63, 849, 42;
-12, 223, 15, -235, -362, 8, -49, 872, 61;
-13, 225, 16, -257, -351, 11, -52, 878, 64;
-18, 222, 13, -291, -352, 0, -71, 869, 51;
-23, 220, 10, -324, -352, -9, -90, 860, 39;
-25, 220, 9, -348, -343, -11, -98, 861, 36;
-21, 227, 14, -354, -315, 4, -84, 885, 55;
-27, 224, 10, -388, -316, -9, -106, 873, 39;
-25, 228, 13, -398, -293, 1, -98, 891, 52;
-26, 229, 12, -418, -280, 0, -104, 894, 50;
-29, 229, 11, -440, -270, -4, -114, 895, 45;
-31, 229, 10, -462, -260, -9, -124, 895, 39;
-32, 231, 10, -477, -243, -8, -126, 901, 40;
-29, 236, 14, -480, -215, 3, -115, 922, 55;
-27, 240, 16, -486, -191, 12, -108, 939, 65;
-31, 239, 14, -508, -183, 2, -123, 934, 54;
-31, 242, 15, -516, -161, 6, -121, 945, 59;
-37, 238, 9, -543, -160, -10, -145, 931, 38;
-31, 246, 15, -534, -124, 8, -124, 961, 61;
-32, 248, 15, -542, -106, 8, -127, 967, 60;
-32, 250, 16, -548, -86, 9, -127, 976, 62;
-33, 251, 15, -554, -67, 9, -128, 982, 62;
-39, 247, 9, -577, -67, -9, -153, 966, 38;
-36, 252, 13, -570, -37, 0, -141, 986, 51;
-33, 258, 16, -562, -8, 10, -129, 1006, 64;
-37, 255, 12, -575, -2, -2, -145, 997, 48;
-37, 256, 11, -577, 15, -4, -147, 1002, 45;
-37, 258, 11, -574, 35, -3, -146, 1009, 46;
-39, 258, 9, -577, 47, -9, -153, 1009, 38;
-39, 260, 9, -574, 65, -10, -153, 1015, 37;
-32, 268, 16, -547, 105, 10, -126, 1048, 63;
-36, 265, 11, -555, 109, -4, -143, 1036, 44;
-37, 265, 9, -552, 122, -10, -147, 1036, 38;
-33, 271, 13, -532, 151, 0, -131, 1057, 51;
-30, 275, 16, -513, 178, 9, -118, 1074, 62;
-36, 270, 9, -523, 174, -11, -141, 1054, 36;
-34, 273, 10, -506, 194, -8, -134, 1065, 40;
-31, 277, 12, -485, 218, 0, -121, 1080, 49;
-30, 278, 12, -471, 233, -1, -119, 1085, 48;
-28, 281, 13, -450, 253, 2, -109, 1096, 54;
-26, 283, 14, -431, 271, 4, -102, 1105, 57;
-28, 281, 11, -423, 275, -5, -110, 1097, 44;
-23, 286, 15, -391, 301, 7, -89, 1119, 60;
-22, 287, 14, -374, 312, 5, -87, 1121, 57;
-24, 285, 11, -364, 313, -6, -96, 1111, 43;
-22, 287, 12, -340, 328, -2, -87, 1120, 47;
-17, 292, 16, -305, 352, 9, -66, 1139, 62;
-18, 289, 12, -293, 351, 0, -73, 1130, 49;
-13, 294, 16, -256, 374, 12, -51, 1150, 65;
-12, 295, 16, -233, 381, 10, -47, 1151, 64;
-10, 295, 16, -209, 389, 10, -41, 1154, 63;
-9, 295, 15, -186, 393, 8, -38, 1154, 61;
-7, 296, 15, -159, 400, 8, -30, 1157, 62;
-8, 294, 13, -142, 397, 0, -34, 1148, 51;
-7, 294, 12, -117, 399, -1, -30, 1147, 48;
-7, 292, 10, -96, 398, -6, -30, 1142, 42;
-5, 293, 11, -68, 402, -5, -22, 1145, 44;
0, 297, 14, -30, 414, 5, -2, 1159, 57;
2, 299, 16, 1, 420, 10, 10, 1166, 64;
1, 295, 13, 18, 410, 0, 5, 1153, 51;
0, 293, 11, 38, 402, -6, 3, 1144, 43;
7, 298, 15, 80, 415, 8, 28, 1162, 61;
8, 296, 14, 104, 409, 5, 31, 1157, 58;
10, 297, 15, 133, 408, 8, 41, 1159, 61;
13, 297, 16, 161, 405, 10, 50, 1160, 64;
9, 292, 11, 172, 385, -4, 38, 1140, 45;
15, 295, 15, 211, 392, 8, 61, 1153, 61;
14, 292, 12, 226, 375, -1, 55, 1138, 49;
17, 292, 14, 256, 371, 3, 67, 1141, 55;
18, 291, 13, 278, 360, 1, 70, 1136, 53;
15, 286, 9, 288, 338, -11, 60, 1116, 37;
19, 287, 11, 317, 334, -4, 74, 1120, 45;
20, 285, 11, 338, 321, -5, 78, 1115, 43;
21, 285, 11, 361, 311, -4, 85, 1112, 45;
25, 286, 14, 389, 306, 3, 99, 1116, 54;
28, 286, 15, 412, 296, 6, 109, 1116, 59;
26, 282, 12, 423, 274, -1, 104, 1101, 49;
30, 284, 15, 450, 269, 8, 120, 1108, 61;
25, 276, 9, 448, 235, -10, 100, 1078, 37;
30, 278, 13, 474, 230, 0, 118, 1086, 51;
29, 274, 11, 482, 207, -6, 113, 1072, 43;
34, 278, 15, 511, 205, 8, 135, 1084, 61;
29, 269, 9, 503, 168, -11, 113, 1052, 36;
30, 269, 10, 518, 154, -8, 120, 1050, 40;
37, 273, 16, 548, 156, 11, 147, 1068, 64;
37, 271, 16, 555, 136, 9, 148, 1059, 63;
31, 262, 9, 541, 96, -11, 122, 1025, 36;
33, 263, 11, 554, 83, -5, 132, 1026, 44;
33, 260, 10, 555, 61, -9, 128, 1014, 39;
33, 258, 10, 559, 41, -9, 129, 1007, 39;
37, 260, 13, 574, 34, 2, 145, 1014, 53;
35, 256, 12, 571, 10, -2, 139, 1001, 48;
37, 257, 14, 578, -2, 4, 148, 1002, 56;
36, 253, 12, 571, -26, 0, 141, 989, 49;
39, 255, 16, 581, -34, 10, 155, 996, 64;
39, 253, 16, 578, -52, 11, 155, 990, 65;
38, 251, 15, 570, -74, 9, 150, 980, 62;
33, 244, 11, 549, -107, -5, 130, 954, 43;
36, 246, 14, 553, -115, 4, 142, 960, 56;
32, 241, 11, 533, -144, -5, 126, 940, 43;
30, 238, 10, 520, -166, -9, 120, 929, 39;
34, 241, 14, 523, -169, 4, 134, 940, 56;
35, 241, 16, 518, -180, 11, 140, 942, 65;
29, 234, 10, 486, -215, -7, 113, 913, 41;
28, 233, 11, 474, -230, -5, 113, 909, 44;
26, 230, 10, 455, -249, -8, 105, 899, 40;
28, 232, 13, 449, -254, 1, 113, 906, 52;
25, 228, 11, 425, -276, -5, 100, 892, 44;
24, 227, 11, 406, -290, -5, 96, 887, 44;
23, 226, 11, 388, -302, -4, 92, 883, 45;
20, 223, 9, 361, -322, -11, 78, 869, 37;
26, 229, 16, 363, -311, 11, 102, 894, 65;
19, 222, 11, 323, -341, -6, 74, 867, 43;
22, 226, 16, 317, -335, 10, 89, 883, 63;
18, 222, 13, 284, -356, 0, 70, 866, 50;
15, 220, 12, 257, -368, -3, 60, 859, 46;
15, 221, 13, 237, -372, 1, 60, 862, 52;
9, 216, 9, 199, -393, -12, 37, 842, 35;
14, 222, 15, 194, -379, 8, 56, 866, 61;
12, 221, 15, 167, -386, 7, 49, 862, 60;
9, 218, 13, 136, -396, 2, 36, 854, 53;
5, 216, 11, 102, -407, -5, 20, 843, 44;
1, 214, 9, 70, -415, -9, 7, 836, 38;
3, 216, 12, 52, -409, -1, 11, 846, 49;
0, 215, 11, 21, -415, -6, 0, 839, 43;
2, 219, 15, 7, -402, 7, 9, 856, 60;
0, 218, 14, -22, -404, 4, -1, 852, 56;
-7, 213, 9, -65, -419, -11, -27, 833, 36;
-3, 219, 14, -75, -400, 5, -13, 855, 57;
-5, 219, 14, -102, -397, 4, -20, 855, 56;
-8, 218, 13, -132, -397, 1, -31, 853, 52;
-13, 215, 10, -169, -402, -8, -50, 842, 39;
-11, 219, 13, -184, -386, 1, -44, 857, 52;
-14, 219, 12, -214, -383, -2, -56, 854, 47;
-13, 221, 14, -232, -369, 3, -53, 865, 55;
-19, 218, 10, -269, -373, -8, -75, 852, 40;
-19, 220, 11, -288, -360, -4, -76, 861, 45;
-16, 226, 16, -297, -335, 10, -63, 883, 63;
-23, 222, 10, -336, -341, -6, -90, 866, 42;
-25, 222, 9, -362, -334, -10, -100, 865, 37;
-26, 223, 9, -382, -321, -9, -104, 871, 38;
-27, 225, 10, -399, -305, -6, -105, 880, 42;
-24, 231, 15, -405, -278, 6, -94, 901, 58;
-28, 229, 12, -432, -272, -1, -109, 896, 48;
-25, 234, 15, -438, -247, 8, -100, 915, 62;
-28, 234, 14, -460, -236, 3, -110, 915, 55;
-26, 238, 16, -467, -213, 11, -104, 930, 65;
-35, 232, 9, -505, -220, -11, -137, 907, 36;
-32, 237, 12, -507, -192, 0, -126, 928, 50;
-34, 237, 11, -525, -180, -5, -136, 927, 43;
-31, 243, 15, -523, -150, 6, -123, 949, 58;
-34, 243, 13, -539, -138, 0, -134, 948, 50;
-33, 246, 14, -542, -114, 6, -128, 962, 58;
-32, 249, 15, -547, -93, 8, -127, 972, 61;
-35, 249, 13, -559, -80, 2, -136, 972, 54;
-34, 252, 14, -561, -58, 5, -133, 983, 57;
-37, 250, 11, -574, -49, -4, -147, 977, 45;
-36, 253, 12, -573, -26, 0, -143, 989, 49;
-33, 258, 16, -564, 3, 9, -130, 1009, 62;
-34, 259, 15, -566, 19, 6, -133, 1013, 59;
-36, 259, 12, -573, 31, -1, -143, 1010, 49;
-34, 263, 15, -562, 57, 6, -133, 1026, 58;
-39, 259, 9, -577, 58, -12, -155, 1011, 35;
-34, 266, 14, -554, 94, 5, -132, 1039, 57;
-31, 270, 16, -541, 120, 12, -122, 1055, 66;
-34, 268, 13, -544, 127, 0, -134, 1048, 52;
-37, 267, 10, -545, 135, -9, -144, 1042, 39;
-32, 273, 14, -522, 166, 3, -126, 1065, 55;
-32, 273, 13, -514, 181, 0, -126, 1068, 52;
-28, 279, 16, -490, 209, 12, -110, 1088, 65;
-31, 276, 12, -490, 212, -1, -123, 1078, 49;
-26, 282, 16, -462, 242, 11, -103, 1100, 65;
-31, 278, 11, -464, 240, -5, -121, 1084, 43;
-27, 281, 13, -440, 262, 1, -108, 1099, 52;
-24, 285, 15, -415, 284, 8, -94, 1113, 61;
-27, 282, 11, -411, 283, -6, -108, 1100, 43;
-22, 287, 15, -379, 309, 6, -87, 1121, 59;
-27, 282, 9, -377, 303, -12, -105, 1102, 35;
-18, 290, 16, -334, 337, 10, -73, 1134, 63;
-20, 289, 13, -321, 339, 0, -79, 1127, 52;
-18, 290, 13, -296, 352, 2, -70, 1133, 54;
-14, 294, 16, -265, 370, 10, -55, 1147, 64;
-12, 295, 16, -240, 379, 11, -48, 1151, 65;
-16, 290, 11, -233, 370, -5, -63, 1133, 44;
-16, 289, 9, -213, 372, -10, -63, 1129, 37;
-10, 294, 14, -173, 393, 3, -39, 1149, 55;
-13, 290, 9, -163, 383, -11, -52, 1132, 36;
-4, 298, 16, -113, 411, 11, -16, 1163, 65;
-4, 296, 14, -93, 408, 5, -18, 1156, 57;
-2, 297, 15, -65, 413, 6, -9, 1160, 59;
0, 298, 15, -36, 416, 8, 0, 1162, 61;
1, 297, 15, -10, 417, 7, 4, 1162, 60;
1, 296, 13, 10, 411, 1, 4, 1154, 52;
0, 292, 10, 26, 399, -9, -3, 1140, 39;
2, 293, 11, 56, 401, -6, 8, 1144, 43;
9, 298, 16, 101, 416, 11, 36, 1165, 65;
10, 298, 16, 126, 411, 10, 41, 1162, 63;
6, 291, 10, 133, 388, -8, 24, 1137, 40;
7, 290, 9, 158, 381, -10, 29, 1133, 38;
9, 290, 10, 185, 377, -8, 37, 1133, 40;
12, 291, 11, 215, 374, -4, 48, 1135, 45;
17, 293, 14, 249, 376, 5, 67, 1144, 57;
18, 292, 14, 272, 366, 3, 71, 1139, 55;
15, 287, 10, 283, 344, -8, 62, 1121, 40;
17, 286, 9, 305, 332, -9, 66, 1115, 38;
25, 291, 16, 349, 343, 11, 98, 1138, 65;
25, 289, 16, 367, 329, 9, 100, 1130, 62;
23, 285, 12, 377, 305, -2, 91, 1111, 48;
25, 284, 13, 400, 295, 1, 100, 1111, 52;
23, 280, 9, 408, 270, -10, 91, 1092, 38;
26, 280, 11, 430, 260, -5, 101, 1092, 43;
32, 283, 16, 463, 261, 9, 125, 1106, 63;
28, 277, 11, 463, 230, -5, 109, 1080, 43;
30, 277, 13, 484, 219, 0, 120, 1081, 50;
32, 276, 13, 499, 204, 1, 125, 1077, 52;
33, 275, 14, 515, 190, 4, 132, 1074, 56;
35, 274, 15, 529, 174, 6, 137, 1070, 58;
35, 272, 14, 539, 156, 5, 139, 1063, 57;
32, 266, 10, 536, 126, -6, 126, 1041, 42;
37, 269, 15, 558, 121, 7, 145, 1051, 59;
38, 268, 16, 568, 106, 10, 151, 1048, 64;
34, 261, 11, 557, 70, -5, 132, 1021, 43;
39, 265, 16, 578, 68, 10, 154, 1034, 63;
35, 258, 11, 567, 34, -4, 136, 1009, 45;
34, 256, 10, 566, 12, -6, 134, 999, 42;
34, 254, 11, 567, -5, -5, 135, 992, 43;
37, 255, 13, 575, -16, 2, 145, 996, 54;
34, 250, 10, 564, -45, -6, 134, 977, 42;
39, 254, 16, 579, -46, 11, 154, 992, 64;
37, 250, 14, 568, -72, 4, 146, 977, 56;
36, 248, 14, 561, -91, 3, 143, 969, 55;
37, 247, 15, 558, -106, 7, 146, 966, 60;
31, 240, 9, 532, -143, -10, 121, 937, 37;
35, 243, 14, 537, -146, 4, 138, 949, 56;
32, 239, 12, 520, -171, -2, 126, 933, 47;
30, 236, 10, 503, -193, -7, 117, 920, 41;
30, 235, 11, 493, -207, -4, 117, 918, 45;
29, 233, 11, 479, -224, -5, 114, 911, 44;
28, 232, 11, 465, -240, -4, 111, 906, 45;
30, 233, 14, 456, -247, 3, 117, 910, 55;
26, 229, 11, 432, -269, -3, 104, 896, 46;
24, 227, 11, 412, -286, -5, 96, 888, 43;
22, 225, 9, 389, -304, -9, 87, 878, 38;
23, 226, 12, 377, -309, -2, 91, 882, 48;
21, 224, 12, 355, -322, -3, 85, 876, 47;
23, 226, 15, 343, -324, 6, 92, 884, 59;
21, 224, 14, 318, -339, 3, 82, 875, 54;
15, 219, 9, 281, -363, -10, 59, 855, 37;
20, 225, 16, 280, -350, 12, 81, 879, 66;
15, 220, 12, 242, -372, -1, 59, 859, 49;
14, 220, 13, 221, -377, 1, 56, 860, 52;
12, 219, 13, 195, -384, 1, 49, 857, 52;
14, 222, 16, 179, -381, 10, 54, 866, 63;
9, 218, 13, 142, -397, 0, 35, 851, 50;
4, 215, 10, 107, -410, -8, 17, 839, 39;
6, 218, 14, 92, -401, 3, 26, 852, 54;
7, 220, 16, 73, -396, 10, 28, 861, 64;
0, 215, 11, 30, -414, -5, 1, 840, 43;
0, 216, 11, 5, -413, -3, -2, 842, 46;
-2, 215, 11, -22, -413, -4, -9, 841, 45;
-6, 213, 9, -55, -419, -10, -24, 834, 37;
-5, 216, 11, -75, -410, -3, -22, 843, 46;
-8, 215, 10, -106, -411, -8, -34, 839, 40;
-8, 217, 12, -125, -400, 0, -32, 849, 49;
-13, 214, 9, -162, -406, -11, -51, 838, 36;
-8, 221, 15, -168, -381, 8, -33, 864, 61;
-12, 220, 13, -201, -382, 1, -49, 858, 52;
-13, 221, 14, -223, -371, 4, -51, 865, 56;
-14, 222, 14, -248, -364, 3, -57, 867, 55;
-14, 225, 16, -267, -349, 9, -57, 877, 62;
-20, 221, 11, -304, -353, -4, -80, 864, 45;
-24, 220, 9, -334, -350, -11, -94, 858, 36;
-21, 225, 13, -341, -324, 2, -82, 881, 54;
-20, 228, 15, -357, -307, 8, -80, 892, 61;
-22, 229, 14, -380, -297, 5, -89, 893, 57;
-22, 231, 16, -396, -280, 9, -89, 903, 62;
-25, 231, 14, -420, -271, 4, -100, 902, 56;
-29, 230, 11, -446, -265, -3, -114, 897, 46;
-26, 235, 15, -449, -237, 9, -102, 919, 62;
-30, 234, 12, -474, -230, 0, -118, 913, 50;
-32, 234, 11, -492, -217, -3, -126, 915, 46;
-35, 234, 10, -512, -206, -9, -136, 914, 39;
-34, 237, 11, -520, -185, -5, -134, 926, 44;
-31, 242, 15, -519, -156, 6, -122, 947, 59;
-35, 241, 12, -539, -147, -2, -136, 942, 47;
-33, 246, 14, -540, -121, 5, -128, 959, 57;
-33, 248, 15, -546, -101, 6, -129, 967, 59;
-35, 247, 12, -560, -89, 0, -139, 966, 50;
-39, 246, 9, -576, -81, -11, -154, 959, 37;
-39, 248, 9, -579, -61, -10, -154, 967, 37;
-34, 255, 15, -564, -25, 7, -133, 996, 59;
-39, 251, 9, -584, -23, -10, -155, 981, 37;
-38, 255, 11, -578, 1, -4, -148, 996, 44;
-40, 255, 9, -584, 14, -11, -157, 995, 36;
-38, 258, 10, -577, 37, -7, -151, 1007, 41;
-33, 265, 15, -557, 73, 9, -129, 1035, 62;
-38, 261, 10, -569, 75, -7, -149, 1021, 41;
-32, 269, 16, -545, 111, 9, -126, 1050, 63;
-34, 268, 13, -547, 121, 1, -135, 1046, 52;
-33, 270, 14, -536, 142, 3, -129, 1056, 55;
-34, 270, 12, -531, 155, -1, -134, 1056, 48;
-36, 269, 9, -530, 163, -11, -142, 1051, 37;
-33, 274, 12, -509, 189, -2, -128, 1068, 48;
-30, 277, 13, -491, 210, 2, -120, 1080, 53;
-28, 280, 15, -472, 231, 6, -110, 1092, 59;
-31, 277, 11, -470, 234, -6, -123, 1081, 43;
-26, 282, 14, -441, 262, 5, -104, 1102, 58;
-28, 281, 12, -433, 267, -3, -110, 1097, 47;
-29, 280, 10, -420, 276, -8, -113, 1095, 39;
-26, 283, 11, -398, 293, -5, -104, 1104, 44;
-24, 285, 11, -376, 307, -3, -97, 1111, 46;
-23, 285, 11, -356, 319, -4, -93, 1114, 45;
-18, 291, 16, -320, 344, 9, -70, 1136, 62;
-22, 287, 10, -315, 338, -7, -86, 1119, 41;
-19, 289, 11, -287, 352, -3, -74, 1128, 46;
-19, 288, 10, -268, 357, -7, -74, 1126, 41;
-18, 288, 9, -247, 361, -11, -73, 1124, 36;
-10, 295, 16, -201, 390, 9, -40, 1153, 62;
-13, 291, 11, -191, 382, -5, -53, 1137, 43;
-7, 296, 15, -152, 400, 7, -30, 1156, 60;
-7, 295, 14, -130, 402, 3, -28, 1153, 55;
-4, 297, 15, -99, 410, 7, -17, 1159, 60;
-4, 296, 13, -77, 408, 2, -16, 1154, 54;
-2, 296, 13, -51, 410, 2, -10, 1155, 53;
-5, 292, 9, -38, 398, -11, -20, 1138, 37;
13, 6, 11, 1860, 3931, 1164, 50, 26, 45;
6, 25, 2, 4362, 2807, 1783, 27, 101, 10;
10, 10, 2, 4183, 3826, 1825, 39, 39, 9;
2, 0, 1, 1851, 2004, 2515, 8, 2, 7;
16, 5, 4, 3004, 4971, 1566, 65, 20, 15;
15, 20, 0, 4376, 3783, 2472, 59, 78, 3;
17, 23, 12, 2290, 3096, 1525, 66, 89, 49;
15, 27, 6, 3188, 4041, 2310, 59, 107, 27;
12, 11, 2, 3463, 3067, 1779, 48, 45, 8;
12, 21, 5, 2540, 4387, 2449, 49, 85, 21;
14, 4, 5, 4091, 4933, 2557, 57, 19, 23;
10, 10, 3, 2820, 4603, 2389, 41, 40, 13;
8, 19, 1, 1551, 4187, 1983, 35, 77, 4;
14, 22, 5, 3147, 4889, 1238, 57, 89, 20;
20, 9, 9, 1840, 3845, 2491, 79, 35, 35;
12, 7, 8, 3357, 2217, 1362, 49, 30, 33;
6, 18, 10, 2196, 4830, 2631, 23, 73, 41;
10, 19, 8, 4253, 3374, 1000, 42, 74, 32;
16, 2, 12, 1772, 2708, 2780, 62, 11, 50;
6, 12, 0, 1991, 4984, 1665, 26, 49, 2;
11, 28, 9, 1646, 4955, 2728, 44, 111, 38;
18, 23, 11, 3612, 2404, 2485, 70, 92, 46;
1, 1, 10, 2797, 2627, 1591, 5, 4, 41;
0, 23, 5, 3051, 2565, 2235, 3, 91, 22;
15, 1, 10, 2083, 3471, 2236, 60, 4, 39;
18, 23, 10, 1520, 3390, 1901, 73, 90, 41;
1, 9, 3, 3180, 2580, 2426, 5, 38, 13;
18, 29, 3, 3516, 3497, 2628, 71, 113, 13;
12, 18, 6, 4144, 5004, 2534, 46, 70, 25;
19, 16, 7, 3841, 3012, 1638, 76, 64, 27;
12, 18, 6, 3429, 2903, 2003, 50, 72, 24;
4, 18, 4, 3400, 3679, 1999, 19, 71, 18;
14, 20, 8, 4414, 3927, 2551, 57, 80, 31;
10, 7, 6, 4180, 4923, 1821, 39, 31, 26;
12, 28, 3, 2062, 5399, 2920, 48, 112, 13;
18, 7, 8, 2625, 2455, 1420, 72, 29, 31;
20, 25, 7, 1517, 4287, 1787, 80, 100, 28;
12, 29, 6, 3602, 2588, 2905, 49, 113, 24;
15, 5, 8, 4184, 3765, 2203, 59, 22, 33;
12, 7, 10, 4045, 1870, 2547, 48, 29, 40;
2, 26, 6, 4243, 4463, 2247, 9, 104, 23;
1, 18, 8, 4084, 5258, 1511, 6, 71, 32;
14, 26, 2, 2917, 5386, 1316, 55, 102, 11;
19, 14, 9, 3162, 2244, 2257, 74, 58, 35;
9, 12, 12, 2951, 3285, 2409, 36, 48, 48;
2, 17, 10, 4320, 2312, 2800, 11, 67, 41;
14, 6, 12, 1971, 3731, 1338, 56, 25, 46;
1, 8, 9, 4107, 4543, 2240, 5, 33, 38;
10, 31, 11, 2652, 4501, 2577, 39, 122, 45;
4, 12, 12, 1827, 4900, 1298, 18, 50, 49;
8, 21, 11, 3920, 1910, 1575, 32, 85, 43;
14, 27, 7, 3921, 2583, 2096, 56, 106, 27;
20, 5, 2, 3774, 4576, 1523, 81, 22, 8;
14, 18, 8, 1517, 2756, 2271, 55, 71, 33;
15, 28, 9, 2607, 4650, 1997, 61, 111, 38;
20, 15, 5, 2724, 3618, 2713, 78, 60, 19;
9, 28, 7, 2175, 4194, 1761, 35, 112, 27;
12, 27, 2, 2706, 2592, 1593, 49, 107, 10;
13, 8, 0, 3484, 2928, 1890, 53, 33, 0;
15, 8, 11, 2581, 4976, 1883, 61, 33, 43;
11, 22, 3, 2546, 3433, 2474, 46, 89, 14;
4, 17, 4, 4317, 2873, 1792, 18, 68, 16;
16, 10, 12, 4294, 5155, 1479, 62, 40, 49;
16, 28, 1, 2245, 2363, 2694, 63, 111, 6;
1, 10, 6, 3146, 2857, 2935, 4, 41, 26;
19, 3, 9, 1739, 3323, 1498, 77, 14, 36;
20, 7, 12, 1826, 3189, 1807, 79, 27, 50;
17, 6, 5, 3504, 3138, 2057, 67, 26, 22;
6, 18, 4, 2544, 4798, 1003, 24, 70, 17;
16, 21, 2, 2873, 2727, 1064, 65, 85, 9;
1, 1, 11, 2655, 4574, 2462, 4, 7, 45;
19, 20, 2, 2707, 1978, 2939, 77, 81, 11;
2, 26, 0, 2783, 1856, 2859, 9, 103, 0;
15, 29, 3, 4073, 2800, 2176, 61, 116, 14;
17, 20, 11, 3962, 3149, 2457, 68, 79, 46;
17, 2, 5, 3227, 2033, 1033, 67, 8, 22;
10, 6, 9, 1716, 1823, 2346, 42, 25, 37;
17, 8, 8, 4295, 2400, 2650, 69, 33, 33;
17, 26, 0, 4339, 2631, 2129, 69, 101, 0;
11, 18, 9, 2312, 2598, 2495, 43, 73, 38;
723, 933, 367, 5250, 4594, 3119, 2821, 3640, 1433;
726, 736, 411, 5061, 4431, 3013, 2832, 2873, 1604;
625, 738, 435, 4847, 4242, 2880, 2441, 2878, 1697;
539, 699, 461, 4672, 4091, 2782, 2103, 2728, 1799;
579, 745, 440, 4450, 3891, 2634, 2259, 2907, 1718;
510, 793, 424, 4307, 3770, 2562, 1989, 3094, 1656;
567, 795, 294, 4118, 3602, 2442, 2211, 3100, 1148;
498, 750, 299, 3974, 3478, 2363, 1943, 2927, 1169;
549, 601, 346, 3793, 3317, 2245, 2143, 2345, 1350;
517, 694, 275, 3657, 3199, 2170, 2017, 2707, 1075;
438, 679, 334, 3532, 3093, 2104, 1709, 2648, 1304;
453, 735, 325, 3383, 2961, 2011, 1770, 2868, 1268;
474, 680, 252, 3235, 2829, 1916, 1850, 2653, 984;
414, 588, 284, 3098, 2709, 1831, 1615, 2294, 1110;
442, 638, 295, 2993, 2619, 1776, 1726, 2489, 1152;
353, 651, 253, 2882, 2523, 1713, 1377, 2542, 988;
366, 661, 227, 2747, 2401, 1623, 1427, 2580, 888;
311, 514, 247, 2653, 2320, 1573, 1216, 2005, 967;
357, 519, 211, 2569, 2250, 1532, 1392, 2025, 825;
299, 523, 221, 2472, 2165, 1475, 1167, 2043, 864;
265, 561, 171, 2367, 2073, 1410, 1034, 2190, 668;
312, 595, 224, 2259, 1976, 1339, 1219, 2322, 876;
250, 495, 163, 2161, 1889, 1277, 976, 1934, 636;
282, 550, 204, 2079, 1818, 1230, 1099, 2148, 797;
238, 468, 179, 2016, 1765, 1200, 928, 1825, 698;
227, 452, 137, 1938, 1697, 1154, 888, 1763, 535;
224, 429, 137, 1873, 1641, 1119, 873, 1675, 537;
257, 483, 173, 1795, 1572, 1071, 1004, 1886, 678;
244, 491, 132, 1687, 1473, 992, 954, 1918, 516;
216, 446, 118, 1668, 1462, 1000, 844, 1741, 462;
236, 483, 132, 1601, 1404, 959, 922, 1885, 516;
195, 453, 150, 1541, 1352, 925, 764, 1768, 585;
166, 427, 134, 1453, 1271, 860, 648, 1665, 525;
160, 419, 122, 1404, 1229, 835, 626, 1637, 478;
178, 422, 100, 1343, 1174, 796, 695, 1649, 393;
168, 374, 102, 1279, 1117, 753, 658, 1460, 401;
159, 430, 104, 1249, 1093, 744, 622, 1680, 407;
154, 420, 119, 1198, 1049, 713, 603, 1638, 464;
150, 417, 113, 1147, 1003, 681, 588, 1626, 444;
162, 413, 87, 1091, 953, 643, 632, 1613, 341;
142, 381, 94, 1049, 916, 618, 555, 1489, 369;
147, 356, 78, 1030, 902, 616, 575, 1390, 306;
109, 389, 85, 984, 862, 587, 427, 1518, 335;
119, 363, 77, 935, 817, 553, 465, 1419, 303;
133, 379, 89, 926, 813, 559, 520, 1479, 349;
119, 366, 82, 863, 755, 511, 465, 1430, 321;
108, 380, 67, 827, 723, 489, 423, 1482, 264;
105, 356, 61, 800, 700, 474, 411, 1392, 238;
83, 356, 62, 754, 658, 441, 325, 1390, 244;
105, 340, 65, 734, 642, 434, 412, 1327, 253;
105, 338, 50, 709, 620, 420, 410, 1318, 197;
86, 327, 52, 668, 583, 391, 338, 1278, 203;
74, 355, 51, 667, 585, 401, 291, 1386, 201;
92, 333, 57, 619, 540, 363, 359, 1302, 225;
72, 329, 55, 605, 529, 359, 281, 1285, 218;
65, 322, 39, 566, 493, 329, 253, 1258, 154;
80, 337, 57, 576, 506, 349, 313, 1316, 222;
69, 331, 45, 560, 492, 342, 270, 1294, 176;
63, 322, 45, 523, 459, 314, 246, 1256, 175;
70, 306, 37, 501, 439, 300, 273, 1197, 145;
70, 313, 41, 493, 433, 299, 275, 1224, 160;
59, 301, 36, 480, 422, 294, 230, 1176, 140;
59, 314, 31, 436, 381, 257, 230, 1226, 121;
64, 300, 44, 444, 391, 272, 251, 1172, 174;
45, 310, 38, 411, 360, 246, 177, 1209, 148;
50, 314, 32, 402, 353, 244, 195, 1227, 126;
47, 310, 36, 383, 336, 231, 184, 1211, 142;
42, 296, 23, 346, 301, 200, 166, 1154, 91;
44, 296, 24, 323, 280, 183, 173, 1157, 95;
46, 298, 29, 344, 302, 209, 179, 1163, 115;
47, 293, 24, 322, 282, 192, 187, 1146, 97;
44, 296, 27, 328, 290, 203, 174, 1157, 105;
35, 290, 22, 291, 254, 172, 137, 1133, 88;
40, 293, 26, 307, 271, 192, 158, 1146, 105;
38, 296, 25, 278, 244, 167, 148, 1157, 101;
30, 292, 17, 247, 214, 141, 119, 1139, 69;
28, 291, 20, 255, 224, 153, 111, 1138, 79;
32, 291, 26, 262, 232, 164, 128, 1137, 104;
30, 284, 16, 226, 197, 131, 118, 1109, 65;
29, 286, 18, 222, 194, 132, 116, 1118, 73;
1, 256, 0, -1, -1, -1, 4, 999, 2;
1, 256, 0, -1, -1, -1, 4, 998, 1;
1, 256, 1, 1, 1, 1, 5, 1000, 3;
1, 256, 0, 0, 0, 0, 5, 1000, 3;
1, 256, 0, 0, 0, 0, 4, 999, 2;
1, 256, 0, -1, -1, -1, 4, 999, 2;
1, 256, 1, 1, 1, 1, 6, 1001, 4;
1, 256, 0, 0, 0, 0, 4, 999, 2;
1, 256, 0, 0, 0, 0, 4, 999, 2;
1, 256, 0, 0, 0, 0, 4, 999, 2;
1, 256, 0, 0, 0, 0, 5, 999, 3;
1, 256, 0, 1, 1, 1, 5, 1000, 3;
1, 256, 0, -1, -1, -1, 3, 998, 1;
1, 256, 0, 0, 0, 0, 5, 1000, 3;
1, 256, 0, -1, -1, -1, 4, 999, 2;
1, 256, 0, 0, 0, 0, 5, 1000, 3;
1, 256, 0, 0, 0, 0, 5, 999, 2;
1, 256, 0, -1, -1, -1, 4, 999, 2;
1, 256, 1, 1, 1, 1, 6, 1001, 4;
1, 256, 0, 0, 0, 0, 5, 1000, 3;
1, 256, 0, 0, 0, 0, 5, 1000, 3;
1, 256, 0, -1, -1, -1, 4, 999, 2;
1, 256, 0, -1, -1, -1, 4, 999, 2;
1, 256, 0, 0, 0, 0, 4, 999, 2;
1, 256, 0, 0, 0, 0, 4, 999, 2;
1, 256, 0, 0, 0, 0, 5, 1000, 3;
1, 256, 0, 0, 0, 0, 5, 999, 3;
1, 256, 0, 0, 0, 0, 5, 1000, 3;
1, 256, 0, -1, -1, -1, 4, 999, 2;
1, 256, 0, 1, 1, 1, 5, 1000, 3;
1, 256, 1, 1, 1, 1, 6, 1001, 4;
1, 256, 0, -1, -1, -1, 4, 998, 2;
1, 256, 1, 1, 1, 1, 6, 1000, 4;
1, 256, 1, 1, 1, 1, 6, 1001, 4;
1, 256, 0, 0, 0, 0, 5, 999, 3;
1, 256, 0, 0, 0, 0, 4, 999, 2;
1, 256, 0, 0, 0, 0, 5, 1000, 3;
1, 256, 0, 0, 0, 0, 5, 1000, 3;
1, 256, 0, 0, 0, 0, 4, 999, 2;
1, 256, 1, 1, 1, 1, 6, 1000, 4;
1, 256, 0, 0, 0, 0, 5, 1000, 3;
1, 256, 0, 1, 1, 1, 5, 1000, 3;
1, 256, 0, 1, 1, 1, 5, 1000, 3;
1, 256, 0, 0, 0, 0, 4, 999, 2;
1, 256, 0, 0, 0, 0, 5, 1000, 3;
1, 256, 0, 0, 0, 0, 4, 999, 2;
1, 256, 0, 0, 0, 0, 5, 1000, 3;
1, 256, 0, 1, 1, 1, 5, 1000, 3;
1, 256, 0, 0, 0, 0, 5, 1000, 3;
1, 256, 0, 0, 0, 0, 5, 1000, 3;
1, 256, 1, 1, 1, 1, 5, 1000, 3;
1, 256, 1, 1, 1, 1, 6, 1001, 4;
1, 256, 1, 1, 1, 1, 6, 1001, 4;
1, 256, 0, -1, -1, -1, 4, 998, 1;
1, 256, 0, 1, 1, 1, 5, 1000, 3;
1, 256, 0, 0, 0, 0, 5, 1000, 3;
1, 256, 0, 0, 0, 0, 5, 1000, 3;
1, 256, 0, 0, 0, 0, 4, 999, 2;
1, 256, 0, -1, -1, -1, 3, 998, 1;
1, 256, 1, 1, 1, 1, 6, 1000, 4;
1, 256, 0, 0, 0, 0, 5, 1000, 3;
1, 256, 0, 1, 1, 1, 5, 1000, 3;
1, 256, 0, 0, 0, 0, 5, 1000, 3;
1, 256, 0, 0, 0, 0, 5, 1000, 3;
1, 256, 0, 0, 0, 0, 5, 1000, 3;
1, 256, 0, 0, 0, 0, 5, 1000, 3;
1, 256, 1, 1, 1, 1, 5, 1000, 3;
1, 256, 1, 1, 1, 1, 6, 1001, 4;
1, 256, 1, 1, 1, 1, 6, 1001, 4;
1, 256, 0, -1, -1, -1, 4, 999, 2;
1, 256, 1, 1, 1, 1, 6, 1001, 4;
1, 256, 0, 0, 0, 0, 4, 999, 2;
1, 256, 0, 1, 1, 1, 5, 1000, 3;
1, 256, 0, -1, -1, -1, 4, 999, 2;
1, 256, 0, 0, 0, 0, 4, 999, 2;
1, 256, 0, 0, 0, 0, 5, 1000, 3;
1, 256, 0, 0, 0, 0, 4, 999, 2;
1, 256, 0, 0, 0, 0, 5, 1000, 3;
1, 256, 0, -1, -1, -1, 4, 999, 2;
1, 256, 1, 1, 1, 1, 6, 1001, 4;
1, 256, 0, -1, -1, -1, 4, 999, 2;
1, 256, 0, -1, -1, -1, 4, 999, 2;
1, 256, 0, 0, 0, 0, 5, 1000, 3;
1, 256, 0, 0, 0, 0, 5, 1000, 3;
1, 256, 0, 0, 0, 0, 5, 1000, 3;
1, 256, 0, 0, 0, 0, 4, 999, 2;
1, 256, 0, 0, 0, 0, 5, 1000, 3;
1, 256, 0, 0, 0, 0, 4, 999, 2;
1, 256, 1, 1, 1, 1, 6, 1000, 4;
1, 256, 0, -1, -1, -1, 4, 999, 2;
1, 256, 0, -1, -1, -1, 4, 999, 2;
1, 256, 0, -1, -1, -1, 4, 999, 2;
1, 256, 0, 0, 0, 0, 5, 1000, 3;
1, 256, 0, 0, 0, 0, 4, 999, 2;
1, 256, 1, 1, 1, 1, 6, 1000, 4;
1, 256, 0, 0, 0, 0, 5, 1000, 3;
1, 256, 0, 0, 0, 0, 5, 1000, 3;
1, 256, 0, -1, -1, -1, 4, 999, 2;
1, 256, 1, 1, 1, 1, 6, 1000, 4;
1, 256, 0, -1, -1, -1, 3, 998, 1;
1, 256, 0, 0, 0, 0, 5, 1000, 3;
1, 256, 0, 0, 0, 0, 4, 999, 2;
1, 256, 0, 0, 0, 0, 4, 999, 2;
1, 256, 0, 0, 0, 0, 5, 999, 2;
1, 256, 0, 0, 0, 0, 4, 999, 2;
1, 256, 0, 0, 0, 0, 5, 1000, 3;
1, 256, 0, 0, 0, 0, 4, 999, 2;
1, 256, 0, 0, 0, 0, 4, 999, 2;
0, 256, 0, -1, -1, -1, 3, 998, 1;
1, 256, 0, 0, 0, 0, 4, 999, 2;
1, 256, 0, 1, 1, 1, 5, 1000, 3;
1, 256, 0, -1, -1, -1, 4, 999, 2;
1, 256, 0, -1, -1, -1, 4, 998, 1;
1, 256, 0, -1, -1, -1, 3, 998, 1;
1, 256, 0, 0, 0, 0, 5, 1000, 3;
1, 256, 0, 0, 0, 0, 4, 999, 2;
1, 256, 1, 1, 1, 1, 6, 1000, 4;
1, 256, 1, 1, 1, 1, 6, 1001, 4;
1, 256, 0, 0, 0, 0, 5, 999, 2;
1, 256, 0, 1, 1, 1, 5, 1000, 3;
1, 256, 0, 0, 0, 0, 5, 999, 2;
1, 256, 0, 0, 0, 0, 5, 1000, 3;
1, 256, 1, 1, 1, 1, 6, 1000, 4;
1, 256, 1, 1, 1, 1, 6, 1000, 4;
1, 256, 0, 0, 0, 0, 4, 999, 2;
1, 256, 1, 1, 1, 1, 6, 1001, 4;
1, 256, 0, 1, 1, 1, 5, 1000, 3;
1, 256, 0, 1, 1, 1, 5, 1000, 3;
1, 256, 0, 0, 0, 0, 5, 1000, 3;
1, 256, 0, -1, -1, -1, 4, 998, 1;
1, 256, 0, 0, 0, 0, 5, 1000, 3;
0, 256, 0, -1, -1, -1, 3, 998, 1;
1, 256, 0, 0, 0, 0, 5, 1000, 3;
1, 256, 0, 0, 0, 0, 4, 999, 2;
1, 256, 0, 0, 0, 0, 4, 999, 2;
1, 256, 0, 0, 0, 0, 4, 999, 2;
1, 256, 0, 0, 0, 0, 5, 1000, 3;
1, 256, 0, 0, 0, 0, 5, 1000, 3;
1, 256, 0, 0, 0, 0, 5, 1000, 3;
1, 256, 0, 1, 1, 1, 5, 1000, 3;
1, 256, 0, 1, 1, 1, 5, 1000, 3;
1, 256, 0, 1, 1, 1, 5, 1000, 3;
1, 256, 0, 0, 0, 0, 5, 1000, 3;
1, 256, 0, -1, -1, -1, 3, 998, 1;
1, 256, 0, -1, -1, -1, 4, 999, 2;
1, 256, 0, 0, 0, 0, 4, 999, 2;
1, 256, 0, 0, 0, 0, 4, 999, 2;
1, 256, 0, 0, 0, 0, 5, 1000, 3;
1, 256, 0, 0, 0, 0, 5, 1000, 3;
1, 256, 0, 1, 1, 1, 5, 1000, 3;
1, 256, 0, 0, 0, 0, 5, 1000, 3;
1, 256, 1, 1, 1, 1, 6, 1001, 4;
1, 256, 0, 0, 0, 0, 5, 1000, 3;
1, 256, 0, -1, -1, -1, 3, 998, 1;
1, 256, 0, 0, 0, 0, 5, 1000, 3;
1, 256, 0, 0, 0, 0, 5, 1000, 3;
1, 256, 0, 0, 0, 0, 5, 1000, 3;
1, 256, 0, 0, 0, 0, 4, 999, 2;
1, 256, 0, 0, 0, 0, 4, 999, 2;
1, 256, 0, 1, 1, 1, 5, 1000, 3;
1, 256, 0, -1, -1, -1, 4, 999, 2;
1, 256, 0, 0, 0, 0, 4, 999, 2;
1, 256, 0, -1, -1, -1, 4, 999, 2;
1, 256, 0, 1, 1, 1, 5, 1000, 3;
1, 256, 1, 1, 1, 1, 6, 1001, 4;
1, 256, 0, 0, 0, 0, 4, 999, 2;
1, 256, 0, 0, 0, 0, 5, 1000, 3;
1, 256, 0, 0, 0, 0, 4, 999, 2;
1, 256, 0, 0, 0, 0, 4, 999, 2;
0, 256, 0, -1, -1, -1, 3, 998, 1;
1, 256, 0, -1, -1, -1, 4, 999, 2;
1, 256, 0, 0, 0, 0, 4, 999, 2;
1, 256, 0, -1, -1, -1, 4, 999, 2;
1, 256, 0, 0, 0, 0, 4, 999, 2;
1, 256, 0, 0, 0, 0, 4, 999, 2;
1, 256, 0, -1, -1, -1, 3, 998, 1;
1, 256, 0, -1, -1, -1, 4, 999, 2;
1, 256, 0, 0, 0, 0, 5, 999, 2;
1, 256, 1, 1, 1, 1, 6, 1001, 4;
1, 256, 0, 0, 0, 0, 4, 999, 2;
1, 256, 0, 0, 0, 0, 5, 999, 3;
1, 256, 0, 0, 0, 0, 4, 999, 2;
1, 256, 0, 0, 0, 0, 5, 1000, 3;
1, 256, 0, -1, -1, -1, 4, 999, 2;
1, 256, 0, -1, -1, -1, 4, 999, 2;
1, 256, 0, -1, -1, -1, 4, 998, 2;
1, 256, 1, 1, 1, 1, 5, 1000, 3;
1, 256, 0, 1, 1, 1, 5, 1000, 3;
1, 256, 1, 1, 1, 1, 6, 1001, 4;
1, 256, 0, 0, 0, 0, 5, 1000, 3;
1, 256, 0, -1, -1, -1, 4, 999, 2;
1, 256, 0, 0, 0, 0, 5, 1000, 3;
1, 256, 0, 0, 0, 0, 4, 999, 2;
1, 256, 0, 0, 0, 0, 4, 999, 2;
1, 256, 0, -1, -1, -1, 4, 999, 2;
1, 256, 0, 0, 0, 0, 5, 1000, 3;
1, 256, 0, 0, 0, 0, 4, 999, 2;
1, 256, 1, 1, 1, 1, 6, 1001, 4;
1, 256, 0, -1, -1, -1, 4, 999, 2;
1, 256, 1, 1, 1, 1, 6, 1000, 4;
1, 256, 0, 0, 0, 0, 4, 999, 2;
1, 256, 0, 0, 0, 0, 4, 999, 2;
1, 256, 0, -1, -1, -1, 4, 999, 2;
1, 256, 0, 0, 0, 0, 5, 1000, 3;
1, 256, 0, 0, 0, 0, 5, 1000, 3;
1, 256, 0, -1, -1, -1, 4, 998, 2;
1, 256, 0, 0, 0, 0, 4, 999, 2;
1, 256, 0, -1, -1, -1, 3, 998, 1;
1, 256, 1, 1, 1, 1, 6, 1001, 4;
1, 256, 0, 0, 0, 0, 4, 999, 2;
1, 256, 1, 1, 1, 1, 6, 1000, 4;
1, 256, 1, 1, 1, 1, 6, 1000, 4;
1, 256, 0, 0, 0, 0, 5, 1000, 3;
0, 256, 0, -1, -1, -1, 3, 998, 1;
1, 256, 0, 1, 1, 1, 5, 1000, 3;
1, 256, 0, -1, -1, -1, 4, 998, 1;
1, 256, 0, 0, 0, 0, 5, 1000, 3;
1, 256, 0, 0, 0, 0, 4, 999, 2;
1, 256, 0, 0, 0, 0, 5, 1000, 3;
1, 256, 0, 0, 0, 0, 4, 999, 2;
1, 256, 0, 0, 0, 0, 4, 999, 2;
1, 256, 0, 0, 0, 0, 5, 1000, 3;
1, 256, 0, 0, 0, 0, 4, 999, 2;
1, 256, 0, 1, 1, 1, 5, 1000, 3;
1, 256, 1, 1, 1, 1, 6, 1001, 4;
1, 256, 0, 0, 0, 0, 5, 999, 3;
1, 256, 0, -1, -1, -1, 4, 999, 2;
1, 256, 0, -1, -1, -1, 4, 999, 2;
1, 256, 0, -1, -1, -1, 4, 999, 2;
1, 256, 0, -1, -1, -1, 4, 999, 2;
1, 256, 1, 1, 1, 1, 6, 1001, 4;
1, 256, 0, 0, 0, 0, 5, 1000, 3;
1, 256, 0, -1, -1, -1, 3, 998, 1;
1, 256, 0, 0, 0, 0, 5, 1000, 3;
1, 256, 0, 0, 0, 0, 4, 999, 2;
1, 256, 0, 0, 0, 0, 5, 1000, 3;
1, 256, 0, 0, 0, 0, 5, 1000, 3;
1, 256, 0, 1, 1, 1, 5, 1000, 3;
1, 256, 0, -1, -1, -1, 3, 998, 1;
1, 256, 0, 0, 0, 0, 5, 1000, 3;
1, 256, 0, 0, 0, 0, 5, 1000, 3;
1, 256, 0, -1, -1, -1, 3, 998, 1;
1, 256, 0, 0, 0, 0, 5, 1000, 3;
1, 256, 0, -1, -1, -1, 4, 998, 2;
1, 256, 0, 0, 0, 0, 4, 999, 2;
1, 256, 1, 1, 1, 1, 5, 1000, 3;
1, 256, 0, -1, -1, -1, 4, 999, 2;
1, 256, 0, 0, 0, 0, 4, 999, 2;
1, 256, 0, 0, 0, 0, 5, 1000, 3;
1, 256, 0, 1, 1, 1, 5, 1000, 3;
1, 256, 0, 0, 0, 0, 5, 1000, 3;
1, 256, 0, 0, 0, 0, 4, 999, 2;
1, 256, 0, 0, 0, 0, 4, 999, 2;
1, 256, 0, 0, 0, 0, 4, 999, 2;
1, 256, 0, -1, -1, -1, 4, 998, 1;
1, 256, 0, 0, 0, 0, 4, 999, 2;
1, 256, 0, 0, 0, 0, 5, 1000, 3;
1, 256, 0, 0, 0, 0, 5, 999, 2;
1, 256, 1, 1, 1, 1, 5, 1000, 3;
1, 256, 1, 1, 1, 1, 6, 1001, 4;
1, 256, 0, 0, 0, 0, 5, 1000, 3;
1, 256, 1, 1, 1, 1, 6, 1001, 4;
1, 256, 0, 0, 0, 0, 4, 999, 2;
1, 256, 0, 0, 0, 0, 4, 999, 2;
1, 256, 0, -1, -1, -1, 4, 999, 2;
1, 256, 1, 1, 1, 1, 6, 1000, 4;
1, 256, 0, -1, -1, -1, 4, 998, 1;
1, 256, 0, -1, -1, -1, 4, 999, 2;
1, 256, 0, -1, -1, -1, 4, 999, 2;
1, 256, 1, 1, 1, 1, 6, 1001, 4;
1, 256, 1, 1, 1, 1, 6, 1001, 4;
1, 256, 0, 0, 0, 0, 4, 999, 2;
1, 256, 0, 0, 0, 0, 5, 1000, 3;
1, 256, 1, 1, 1, 1, 6, 1000, 3;
1, 256, 0, 1, 1, 1, 5, 1000, 3;
1, 256, 1, 1, 1, 1, 5, 1000, 3;
1, 256, 0, 0, 0, 0, 4, 999, 2;
1, 256, 0, 0, 0, 0, 4, 999, 2;
1, 256, 1, 1, 1, 1, 6, 1001, 4;
1, 256, 0, -1, -1, -1, 4, 998, 1;
1, 256, 0, 1, 1, 1, 5, 1000, 3;
1, 256, 0, 0, 0, 0, 5, 1000, 3;
1, 256, 0, -1, -1, -1, 3, 998, 1;
1, 256, 0, 0, 0, 0, 5, 1000, 3;
1, 256, 0, 0, 0, 0, 5, 1000, 3;
1, 256, 0, -1, -1, -1, 3, 998, 1;
1, 256, 0, -1, -1, -1, 4, 998, 1;
1, 256, 0, 0, 0, 0, 4, 999, 2;
1, 256, 0, 0, 0, 0, 4, 999, 2;
1, 256, 0, -1, -1, -1, 4, 999, 2;
1, 256, 0, -1, -1, -1, 4, 998, 2;
1, 256, 0, 0, 0, 0, 4, 999, 2;
1, 256, 0, 0, 0, 0, 5, 1000, 3;
1, 256, 0, -1, -1, -1, 4, 998, 2;
1, 256, 0, 0, 0, 0, 5, 1000, 3;
1, 256, 0, 0, 0, 0, 4, 999, 2;
1, 256, 0, 0, 0, 0, 5, 1000, 3;
1, 256, 0, 0, 0, 0, 5, 1000, 3;
1, 256, 0, -1, -1, -1, 3, 998, 1;
1, 256, 0, 1, 1, 1, 5, 1000, 3;
1, 256, 0, 0, 0, 0, 4, 999, 2;
1, 256, 0, -1, -1, -1, 4, 999, 2;
1, 256, 1, 1, 1, 1, 5, 1000, 3;
1, 256, 0, 0, 0, 0, 4, 999, 2;
1, 256, 0, 0, 0, 0, 4, 999, 2;
1, 256, 0, 0, 0, 0, 4, 999, 2;
1, 256, 1, 1, 1, 1, 6, 1001, 4;
1, 256, 1, 1, 1, 1, 6, 1001, 4;
1, 256, 0, 0, 0, 0, 5, 1000, 3;
1, 256, 0, 0, 0, 0, 5, 999, 3;
1, 256, 0, 0, 0, 0, 4, 999, 2;
1, 256, 0, 0, 0, 0, 5, 1000, 3;
1, 256, 1, 1, 1, 1, 6, 1001, 4;
1, 256, 1, 1, 1, 1, 5, 1000, 3;
1, 256, 0, 1, 1, 1, 5, 1000, 3;
1, 256, 0, 0, 0, 0, 4, 999, 2;
1, 256, 0, -1, -1, -1, 4, 999, 2;
1, 256, 0, 0, 0, 0, 4, 999, 2;
1, 256, 1, 1, 1, 1, 6, 1001, 4;
1, 256, 1, 1, 1, 1, 6, 1001, 4;
1, 256, 0, -1, -1, -1, 4, 999, 2;
1, 256, 1, 1, 1, 1, 6, 1001, 4;
1, 256, 1, 1, 1, 1, 6, 1001, 4;
1, 256, 0, 0, 0, 0, 5, 999, 2;
1, 256, 0, -1, -1, -1, 4, 999, 2;
1, 256, 0, -1, -1, -1, 3, 998, 1;
1, 256, 0, -1, -1, -1, 4, 999, 2;
1, 256, 0, 1, 1, 1, 5, 1000, 3;
1, 256, 0, 0, 0, 0, 5, 1000, 3;
1, 256, 0, -1, -1, -1, 4, 999, 2;
1, 256, 0, -1, -1, -1, 4, 999, 2;
1, 256, 1, 1, 1, 1, 6, 1000, 3;
1, 256, 0, 1, 1, 1, 5, 1000, 3;
1, 256, 1, 1, 1, 1, 6, 1000, 3;
1, 256, 0, 1, 1, 1, 5, 1000, 3;
1, 256, 0, -1, -1, -1, 4, 999, 2;
1, 256, 0, 0, 0, 0, 4, 999, 2;
1, 256, 1, 1, 1, 1, 6, 1000, 4;
1, 256, 0, 0, 0, 0, 5, 1000, 3;
1, 256, 1, 1, 1, 1, 6, 1000, 4;
1, 256, 0, 0, 0, 0, 4, 999, 2;
1, 256, 0, 0, 0, 0, 4, 999, 2;
1, 256, 0, 0, 0, 0, 5, 1000, 3;
1, 256, 0, -1, -1, -1, 4, 998, 2;
1, 256, 0, -1, -1, -1, 4, 998, 1;
1, 256, 0, 0, 0, 0, 4, 999, 2;
1, 256, 1, 1, 1, 1, 6, 1001, 4;
1, 256, 0, -1, -1, -1, 4, 999, 2;
1, 256, 0, 0, 0, 0, 4, 999, 2;
1, 256, 0, 0, 0, 0, 4, 999, 2;
1, 256, 0, -1, -1, -1, 4, 999, 2;
1, 256, 0, 0, 0, 0, 4, 999, 2;
1, 256, 0, -1, -1, -1, 4, 999, 2;
1, 256, 0, -1, -1, -1, 4, 999, 2;
1, 256, 0, 0, 0, 0, 5, 1000, 3;
1, 256, 0, -1, -1, -1, 4, 999, 2;
1, 256, 0, 0, 0, 0, 5, 1000, 3;
1, 256, 0, 0, 0, 0, 4, 999, 2;
1, 256, 0, -1, -1, -1, 4, 999, 2;
1, 256, 0, 0, 0, 0, 5, 1000, 3;
1, 256, 0, -1, -1, -1, 4, 999, 2;
1, 256, 0, 0, 0, 0, 5, 1000, 3;
1, 256, 0, 0, 0, 0, 4, 999, 2;
1, 256, 0, 0, 0, 0, 5, 1000, 3;
1, 256, 0, 0, 0, 0, 4, 999, 2;
1, 256, 0, -1, -1, -1, 4, 999, 2;
1, 256, 0, 0, 0, 0, 4, 999, 2;
1, 256, 0, -1, -1, -1, 4, 999, 2;
1, 256, 0, 0, 0, 0, 5, 1000, 3;
1, 256, 0, 1, 1, 1, 5, 1000, 3;
1, 256, 0, 0, 0, 0, 4, 999, 2;
1, 256, 0, -1, -1, -1, 4, 999, 2;
1, 256, 0, 1, 1, 1, 5, 1000, 3;
1, 256, 1, 1, 1, 1, 6, 1001, 4;
1, 256, 0, 0, 0, 0, 5, 1000, 3;
1, 256, 0, 0, 0, 0, 5, 1000, 3;
1, 256, 0, 0, 0, 0, 5, 1000, 3;
1, 256, 0, 0, 0, 0, 4, 999, 2;
1, 256, 1, 1, 1, 1, 6, 1000, 3;
1, 256, 0, 1, 1, 1, 5, 1000, 3;
1, 256, 0, 0, 0, 0, 5, 1000, 3;
1, 256, 0, 0, 0, 0, 4, 999, 2;
1, 256, 0, 1, 1, 1, 5, 1000, 3;
1, 256, 0, 0, 0, 0, 4, 999, 2;
1, 256, 1, 1, 1, 1, 5, 1000, 3;
1, 256, 0, 0, 0, 0, 4, 999, 2;
0, 256, 0, -1, -1, -1, 3, 998, 1;
1, 256, 0, -1, -1, -1, 4, 998, 2;
1, 256, 1, 1, 1, 1, 6, 1001, 4;
1, 256, 0, 1, 1, 1, 5, 1000, 3;
1, 256, 0, -1, -1, -1, 4, 998, 1;
1, 256, 1, 1, 1, 1, 6, 1001, 4;
1, 256, 0, 1, 1, 1, 5, 1000, 3;
1, 256, 0, 0, 0, 0, 5, 1000, 3;
1, 256, 0, 0, 0, 0, 5, 1000, 3;
1, 256, 0, 0, 0, 0, 5, 1000, 3;
1, 256, 0, 0, 0, 0, 5, 999, 2;
1, 256, 0, -1, -1, -1, 4, 998, 2;
1, 256, 1, 1, 1, 1, 6, 1000, 3;
1, 256, 0, 0, 0, 0, 4, 999, 2;
1, 256, 0, -1, -1, -1, 3, 998, 1;
1, 256, 0, 0, 0, 0, 5, 1000, 3;
1, 256, 0, -1, -1, -1, 4, 999, 2;
1, 256, 0, -1, -1, -1, 4, 999, 2;
1, 256, 0, -1, -1, -1, 3, 998, 1;
1, 256, 1, 1, 1, 1, 6, 1001, 4;
1, 256, 0, 0, 0, 0, 5, 1000, 3;
1, 256, 0, 0, 0, 0, 5, 999, 2;
1, 256, 0, 0, 0, 0, 5, 1000, 3;
1, 256, 0, 0, 0, 0, 4, 999, 2;
1, 256, 0, 1, 1, 1, 5, 1000, 3;
1, 256, 0, 0, 0, 0, 5, 1000, 3;
1, 256, 0, 1, 1, 1, 5, 1000, 3;
1, 256, 0, 0, 0, 0, 5, 1000, 3;
1, 256, 0, 0, 0, 0, 4, 999, 2;
1, 256, 0, 0, 0, 0, 5, 1000, 3;
1, 256, 0, 0, 0, 0, 5, 1000, 3;
1, 256, 0, 0, 0, 0, 5, 1000, 3;
1, 256, 0, 0, 0, 0, 4, 999, 2;
1, 256, 0, 0, 0, 0, 4, 999, 2;
1, 256, 0, -1, -1, -1, 4, 998, 1;
1, 256, 0, 0, 0, 0, 4, 999, 2;
1, 256, 0, -1, -1, -1, 3, 998, 1;
1, 256, 0, 0, 0, 0, 4, 999, 2;
1, 256, 0, 0, 0, 0, 5, 1000, 3;
1, 256, 0, -1, -1, -1, 4, 998, 2;
1, 256, 0, -1, -1, -1, 4, 998, 2;
1, 256, 1, 1, 1, 1, 5, 1000, 3;
1, 256, 0, 0, 0, 0, 5, 1000, 3;
1, 256, 0, 0, 0, 0, 4, 999, 2;
1, 256, 0, 0, 0, 0, 4, 999, 2;
1, 256, 0, 0, 0, 0, 5, 1000, 3;
1, 256, 0, 0, 0, 0, 4, 999, 2;
1, 256, 0, 0, 0, 0, 4, 999, 2;
1, 256, 0, 0, 0, 0, 5, 1000, 3;
1, 256, 0, 0, 0, 0, 4, 999, 2;
1, 256, 0, 0, 0, 0, 4, 999, 2;
1, 256, 1, 1, 1, 1, 6, 1000, 4;
1, 256, 1, 1, 1, 1, 6, 1001, 4;
1, 256, 0, 0, 0, 0, 4, 999, 2;
1, 256, 0, 0, 0, 0, 5, 1000, 3;
1, 256, 0, 1, 1, 1, 5, 1000, 3;
1, 256, 0, 1, 1, 1, 5, 1000, 3;
1, 256, 0, -1, -1, -1, 4, 999, 2;
1, 256, 0, 0, 0, 0, 5, 1000, 3;
1, 256, 0, 1, 1, 1, 5, 1000, 3;
1, 256, 0, 1, 1, 1, 5, 1000, 3;
1, 256, 0, 1, 1, 1, 5, 1000, 3;
1, 256, 0, -1, -1, -1, 4, 999, 2;
1, 256, 0, 0, 0, 0, 5, 1000, 3;
1, 256, 1, 1, 1, 1, 5, 1000, 3;
1, 256, 0, -1, -1, -1, 4, 998, 1;
1, 256, 0, 0, 0, 0, 5, 1000, 3;
1, 256, 0, -1, -1, -1, 3, 998, 1;
1, 256, 0, 0, 0, 0, 5, 1000, 3;
1, 256, 0, 0, 0, 0, 4, 999, 2;
1, 256, 0, -1, -1, -1, 4, 998, 2;
1, 256, 0, 0, 0, 0, 5, 1000, 3;
1, 256, 0, -1, -1, -1, 4, 999, 2;
1, 256, 0, 1, 1, 1, 5, 1000, 3;
1, 256, 1, 1, 1, 1, 5, 1000, 3;
1, 256, 1, 1, 1, 1, 6, 1001, 4;
1, 256, 0, 0, 0, 0, 4, 999, 2;
1, 256, 0, 0, 0, 0, 4, 999, 2;
1, 256, 0, -1, -1, -1, 4, 999, 2;
1, 256, 0, 1, 1, 1, 5, 1000, 3;
1, 256, 0, -1, -1, -1, 4, 999, 2;
1, 256, 0, 0, 0, 0, 4, 999, 2;
1, 256, 0, 0, 0, 0, 4, 999, 2;
1, 256, 0, 0, 0, 0, 5, 1000, 3;
1, 256, 0, 0, 0, 0, 4, 999, 2;
1, 256, 0, -1, -1, -1, 3, 998, 1;
1, 256, 1, 1, 1, 1, 5, 1000, 3;
1, 256, 0, 0, 0, 0, 5, 1000, 3;
1, 256, 0, 0, 0, 0, 5, 1000, 3;
1, 256, 0, -1, -1, -1, 4, 999, 2;
1, 256, 0, 1, 1, 1, 5, 1000, 3;
1, 256, 0, -1, -1, -1, 4, 999, 2;
1, 256, 0, 0, 0, 0, 5, 1000, 3;
1, 256, 1, 1, 1, 1, 6, 1001, 4;
1, 256, 0, -1, -1, -1, 4, 998, 1;
1, 256, 0, -1, -1, -1, 4, 999, 2;
1, 256, 0, -1, -1, -1, 4, 999, 2;
1, 256, 0, 0, 0, 0, 4, 999, 2;
1, 256, 0, 0, 0, 0, 5, 1000, 3;
1, 256, 0, -1, -1, -1, 4, 999, 2;
1, 256, 1, 1, 1, 1, 6, 1001, 4;
1, 256, 1, 1, 1, 1, 6, 1000, 4;
1, 256, 0, -1, -1, -1, 4, 999, 2;
1, 256, 1, 1, 1, 1, 5, 1000, 3;
1, 256, 0, 0, 0, 0, 5, 1000, 3;
1, 256, 0, 1, 1, 1, 5, 1000, 3;
1, 256, 0, 0, 0, 0, 4, 999, 2;
1, 256, 0, -1, -1, -1, 4, 998, 2;
1, 256, 0, 1, 1, 1, 5, 1000, 3;
1, 256, 0, 0, 0, 0, 5, 1000, 3;
1, 256, 0, 0, 0, 0, 4, 999, 2;
1, 256, 0, 0, 0, 0, 5, 1000, 3;
1, 256, 0, 0, 0, 0, 5, 1000, 3;
1, 256, 0, -1, -1, -1, 3, 998, 1;
1, 256, 0, -1, -1, -1, 4, 999, 2;
1, 256, 0, -1, -1, -1, 4, 999, 2;
1, 256, 0, 0, 0, 0, 5, 1000, 3;
1, 256, 0, 0, 0, 0, 5, 1000, 3;
1, 256, 1, 1, 1, 1, 6, 1001, 4;
1, 256, 0, 0, 0, 0, 4, 999, 2;
1, 256, 0, -1, -1, -1, 4, 999, 2;
1, 256, 0, 0, 0, 0, 4, 999, 2;
1, 256, 0, 0, 0, 0, 4, 999, 2;
1, 256, 0, 1, 1, 1, 5, 1000, 3;
1, 256, 0, 0, 0, 0, 5, 1000, 3;
1, 256, 1, 1, 1, 1, 6, 1001, 4;
1, 256, 0, 0, 0, 0, 5, 1000, 3;
1, 256, 0, 0, 0, 0, 5, 1000, 3;
1, 256, 0, 0, 0, 0, 5, 1000, 3;
1, 256, 0, 1, 1, 1, 5, 1000, 3;
1, 256, 0, 0, 0, 0, 4, 999, 2;
1, 256, 0, -1, -1, -1, 4, 998, 2;
1, 256, 0, 0, 0, 0, 4, 999, 2;
1, 256, 0, 1, 1, 1, 5, 1000, 3;
1, 256, 1, 1, 1, 1, 6, 1000, 4;
1, 256, 0, 0, 0, 0, 5, 1000, 3;
1, 256, 0, 0, 0, 0, 4, 999, 2;
1, 256, 0, -1, -1, -1, 3, 998, 1;
1, 256, 0, 0, 0, 0, 5, 1000, 3;
1, 256, 0, -1, -1, -1, 4, 999, 2;
1, 256, 0, -1, -1, -1, 4, 999, 2;
1, 256, 0, 1, 1, 1, 5, 1000, 3;
1, 256, 0, 0, 0, 0, 5, 999, 2;
1, 256, 1, 1, 1, 1, 6, 1001, 4;
1, 256, 0, 0, 0, 0, 4, 999, 2;
1, 256, 0, 0, 0, 0, 5, 1000, 3;
1, 256, 0, 1, 1, 1, 5, 1000, 3;
1, 256, 0, 0, 0, 0, 5, 1000, 3;
1, 256, 1, 1, 1, 1, 5, 1000, 3;
1, 256, 0, -1, -1, -1, 4, 999, 2;
1, 256, 0, 1, 1, 1, 5, 1000, 3;
1, 256, 0, 0, 0, 0, 5, 1000, 3;
1, 256, 0, 0, 0, 0, 4, 999, 2;
1, 256, 0, 0, 0, 0, 5, 1000, 3;
1, 256, 0, -1, -1, -1, 4, 999, 2;
1, 256, 0, 0, 0, 0, 5, 1000, 3;
1, 256, 1, 1, 1, 1, 6, 1001, 4;
1, 256, 0, -1, -1, -1, 4, 999, 2;
1, 256, 0, 0, 0, 0, 5, 1000, 3;
1, 256, 0, 0, 0, 0, 5, 1000, 3;
1, 256, 0, -1, -1, -1, 4, 998, 1;
1, 256, 0, 0, 0, 0, 5, 1000, 3;
1, 256, 0, 0, 0, 0, 5, 1000, 3;
1, 256, 0, 0, 0, 0, 4, 999, 2;
1, 256, 0, 0, 0, 0, 5, 1000, 3;
1, 256, 0, 0, 0, 0, 5, 999, 2;
1, 256, 0, -1, -1, -1, 4, 999, 2;
1, 256, 0, -1, -1, -1, 4, 998, 2;
1, 256, 0, -1, -1, -1, 4, 999, 2;
1, 256, 0, 1, 1, 1, 5, 1000, 3;
1, 256, 0, 0, 0, 0, 5, 1000, 3;
1, 256, 0, 0, 0, 0, 5, 1000, 3;
1, 256, 0, 0, 0, 0, 5, 1000, 3;
1, 256, 0, -1, -1, -1, 4, 999, 2;
1, 256, 0, 1, 1, 1, 5, 1000, 3;
1, 256, 0, 0, 0, 0, 4, 999, 2;
1, 256, 0, 1, 1, 1, 5, 1000, 3;
1, 256, 1, 1, 1, 1, 6, 1001, 4;
1, 256, 0, 0, 0, 0, 5, 1000, 3;
1, 256, 0, -1, -1, -1, 4, 999, 2;
1, 256, 0, 0, 0, 0, 4, 999, 2;
1, 256, 0, -1, -1, -1, 4, 998, 1;
1, 256, 0, 0, 0, 0, 4, 999, 2;
1, 256, 0, 0, 0, 0, 5, 1000, 3;
1, 256, 0, 1, 1, 1, 5, 1000, 3;
1, 256, 1, 1, 1, 1, 6, 1001, 4;
1, 256, 1, 1, 1, 1, 6, 1001, 4;
1, 256, 0, -1, -1, -1, 3, 998, 1;
1, 256, 0, 1, 1, 1, 5, 1000, 3;
1, 256, 0, 1, 1, 1, 5, 1000, 3;
1, 256, 0, 0, 0, 0, 5, 1000, 3;
1, 256, 0, 0, 0, 0, 5, 1000, 3;
1, 256, 0, 1, 1, 1, 5, 1000, 3;
1, 256, 0, 0, 0, 0, 5, 1000, 3;
1, 256, 0, -1, -1, -1, 4, 999, 2;
1, 256, 0, 0, 0, 0, 4, 999, 2;
1, 256, 1, 1, 1, 1, 6, 1000, 4;
1, 256, 0, -1, -1, -1, 4, 999, 2;
1, 256, 0, 0, 0, 0, 4, 999, 2;
1, 256, 0, 0, 0, 0, 4, 999, 2;
1, 256, 0, 0, 0, 0, 5, 1000, 3;
1, 256, 1, 1, 1, 1, 6, 1001, 4;
1, 256, 0, 0, 0, 0, 5, 1000, 3;
1, 256, 0, 0, 0, 0, 5, 1000, 3;
1, 256, 0, 0, 0, 0, 4, 999, 2;
1, 256, 0, 0, 0, 0, 5, 999, 2;
1, 256, 0, 0, 0, 0, 4, 999, 2;
1, 256, 0, 0, 0, 0, 4, 999, 2;
1, 256, 0, 0, 0, 0, 5, 1000, 3;
1, 256, 0, 0, 0, 0, 4, 999, 2;
1, 256, 0, 0, 0, 0, 4, 999, 2;
1, 256, 1, 1, 1, 1, 6, 1001, 4;
1, 256, 1, 1, 1, 1, 6, 1001, 4;
1, 256, 0, 0, 0, 0, 4, 999, 2;
1, 256, 1, 1, 1, 1, 5, 1000, 3;
1, 256, 0, 0, 0, 0, 4, 999, 2;
1, 256, 1, 1, 1, 1, 6, 1001, 4;
1, 256, 0, -1, -1, -1, 4, 999, 2;
1, 256, 0, 0, 0, 0, 5, 1000, 3;
1, 256, 0, 0, 0, 0, 5, 1000, 3;
1, 256, 0, 0, 0, 0, 5, 1000, 3;
1, 256, 0, -1, -1, -1, 3, 998, 1;
1, 256, 0, 0, 0, 0, 4, 999, 2;
1, 256, 1, 1, 1, 1, 5, 1000, 3;
1, 256, 0, -1, -1, -1, 3, 998, 1;
1, 256, 0, 0, 0, 0, 5, 999, 2;
1, 256, 0, 0, 0, 0, 5, 1000, 3;
1, 256, 1, 1, 1, 1, 6, 1001, 4;
1, 256, 0, -1, -1, -1, 3, 998, 1;
1, 256, 0, 0, 0, 0, 5, 1000, 3;
1, 256, 0, 1, 1, 1, 5, 1000, 3;
1, 256, 0, 0, 0, 0, 5, 1000, 3;
1, 256, 0, 0, 0, 0, 5, 1000, 3;
1, 256, 0, 0, 0, 0, 4, 999, 2;
1, 256, 0, -1, -1, -1, 4, 999, 2;
1, 256, 0, -1, -1, -1, 3, 998, 1;
1, 256, 0, 0, 0, 0, 5, 999, 3;
1, 256, 0, -1, -1, -1, 3, 998, 1;
1, 256, 0, -1, -1, -1, 4, 999, 2;
1, 256, 0, 0, 0, 0, 5, 1000, 3;
1, 256, 0, 0, 0, 0, 4, 999, 2;
1, 256, 0, 0, 0, 0, 5, 999, 3;
1, 256, 0, -1, -1, -1, 4, 999, 2;
1, 256, 1, 1, 1, 1, 6, 1000, 3;
1, 256, 0, -1, -1, -1, 4, 999, 2;
1, 256, 0, 0, 0, 0, 5, 1000, 3;
1, 256, 0, -1, -1, -1, 4, 999, 2;
1, 256, 0, -1, -1, -1, 3, 998, 1;
1, 256, 0, 0, 0, 0, 4, 999, 2;
1, 256, 0, 0, 0, 0, 5, 1000, 3;
1, 256, 1, 1, 1, 1, 6, 1001, 4;
1, 256, 0, -1, -1, -1, 4, 998, 2;
1, 256, 0, 0, 0, 0, 4, 999, 2;
1, 256, 0, 0, 0, 0, 5, 1000, 3;
1, 256, 0, 0, 0, 0, 5, 999, 2;
1, 256, 1, 1, 1, 1, 6, 1001, 4;
1, 256, 0, -1, -1, -1, 4, 999, 2;
1, 256, 1, 1, 1, 1, 6, 1001, 4;
1, 256, 0, 0, 0, 0, 5, 999, 3;
1, 256, 0, 0, 0, 0, 5, 999, 3;
1, 256, 0, 0, 0, 0, 5, 1000, 3;
1, 256, 0, 0, 0, 0, 5, 1000, 3;
1, 256, 0, 0, 0, 0, 4, 999, 2;
1, 256, 0, 0, 0, 0, 5, 999, 2;
1, 256, 1, 1, 1, 1, 6, 1001, 4;
1, 256, 0, 0, 0, 0, 4, 999, 2;
1, 256, 0, 1, 1, 1, 5, 1000, 3;
1, 256, 0, 0, 0, 0, 4, 999, 2;
1, 256, 0, 0, 0, 0, 5, 1000, 3;
1, 256, 0, 0, 0, 0, 5, 1000, 3;
1, 256, 0, 0, 0, 0, 4, 999, 2;
1, 256, 0, 0, 0, 0, 5, 1000, 3;
0, 256, 0, -1, -1, -1, 3, 998, 1;
1, 256, 0, 1, 1, 1, 5, 1000, 3;
1, 256, 1, 1, 1, 1, 6, 1000, 4;
1, 256, 0, 1, 1, 1, 5, 1000, 3;
1, 256, 0, -1, -1, -1, 4, 999, 2;
1, 256, 0, 0, 0, 0, 5, 1000, 3;
1, 256, 0, -1, -1, -1, 4, 999, 2;
1, 256, 1, 1, 1, 1, 5, 1000, 3;
1, 256, 0, 0, 0, 0, 5, 1000, 3;
1, 256, 0, 0, 0, 0, 5, 1000, 3;
1, 256, 0, 0, 0, 0, 4, 999, 2;
1, 256, 0, 0, 0, 0, 5, 999, 3;
1, 256, 0, 1, 1, 1, 5, 1000, 3;
1, 256, 1, 1, 1, 1, 6, 1001, 4;
1, 256, 0, 0, 0, 0, 5, 1000, 3;
1, 256, 0, 0, 0, 0, 5, 999, 2;
1, 256, 1, 1, 1, 1, 6, 1000, 4;
1, 256, 0, -1, -1, -1, 4, 999, 2;
1, 256, 0, 0, 0, 0, 4, 999, 2;
1, 256, 0, 0, 0, 0, 4, 999, 2;
1, 256, 0, -1, -1, -1, 4, 998, 1;
1, 256, 0, 0, 0, 0, 4, 999, 2;
1, 256, 1, 1, 1, 1, 6, 1001, 4;
1, 256, 0, 0, 0, 0, 5, 1000, 3;
1, 256, 0, 0, 0, 0, 5, 1000, 3;
1, 256, 0, 0, 0, 0, 4, 999, 2;
1, 256, 0, 0, 0, 0, 4, 999, 2;
1, 256, 0, -1, -1, -1, 4, 999, 2;
1, 256, 0, 0, 0, 0, 4, 999, 2;
1, 256, 0, 0, 0, 0, 5, 1000, 3;
1, 256, 0, 0, 0, 0, 4, 999, 2;
1, 256, 0, 0, 0, 0, 4, 999, 2;
1, 256, 0, 0, 0, 0, 5, 1000, 3;
1, 256, 0, 0, 0, 0, 4, 999, 2;
1, 256, 1, 1, 1, 1, 6, 1001, 4;
1, 256, 0, 0, 0, 0, 5, 1000, 3;
1, 256, 0, 0, 0, 0, 4, 999, 2;
1, 256, 0, -1, -1, -1, 4, 998, 2;
1, 256, 0, 0, 0, 0, 5, 1000, 3;
1, 256, 1, 1, 1, 1, 6, 1001, 4;
1, 256, 0, 0, 0, 0, 4, 999, 2;
1, 256, 0, -1, -1, -1, 4, 999, 2;
1, 256, 0, 0, 0, 0, 5, 1000, 3;
1, 256, 0, 0, 0, 0, 5, 999, 3;
1, 256, 0, -1, -1, -1, 3, 998, 1;
1, 256, 0, 1, 1, 1, 5, 1000, 3;
1, 256, 0, -1, -1, -1, 4, 999, 2;
1, 256, 0, 0, 0, 0, 4, 999, 2;
1, 256, 0, 0, 0, 0, 4, 999, 2;
1, 256, 0, -1, -1, -1, 4, 999, 2;
1, 256, 0, 1, 1, 1, 5, 1000, 3;
1, 256, 0, 0, 0, 0, 5, 1000, 3;
1, 256, 0, 0, 0, 0, 4, 999, 2;
1, 256, 1, 1, 1, 1, 6, 1001, 4;
1, 256, 0, -1, -1, -1, 4, 999, 2;
1, 256, 0, 0, 0, 0, 4, 999, 2;
1, 256, 0, 0, 0, 0, 5, 1000, 3;
1, 256, 0, -1, -1, -1, 4, 999, 2;
1, 256, 0, 0, 0, 0, 4, 999, 2;
1, 256, 0, 0, 0, 0, 5, 1000, 3;
1, 256, 0, 0, 0, 0, 5, 1000, 3;
1, 256, 0, 0, 0, 0, 5, 1000, 3;
1, 256, 0, -1, -1, -1, 4, 999, 2;
1, 256, 0, 0, 0, 0, 4, 999, 2;
1, 256, 0, -1, -1, -1, 4, 999, 2;
1, 256, 0, 0, 0, 0, 5, 1000, 3;
1, 256, 0, -1, -1, -1, 4, 999, 2;
1, 256, 0, 0, 0, 0, 5, 1000, 3;
1, 256, 0, 0, 0, 0, 5, 1000, 3;
1, 256, 0, -1, -1, -1, 4, 999, 2;
1, 256, 0, 0, 0, 0, 4, 999, 2;
1, 256, 0, 0, 0, 0, 5, 1000, 3;
1, 256, 0, 0, 0, 0, 4, 999, 2;
1, 256, 0, 0, 0, 0, 5, 1000, 3;
1, 256, 1, 1, 1, 1, 6, 1001, 4;
1, 256, 0, -1, -1, -1, 4, 999, 2;
1, 256, 0, 1, 1, 1, 5, 1000, 3;
1, 256, 0, 0, 0, 0, 4, 999, 2;
1, 256, 0, 0, 0, 0, 5, 1000, 3;
1, 256, 0, 0, 0, 0, 4, 999, 2;
1, 256, 0, 0, 0, 0, 4, 999, 2;
1, 256, 0, -1, -1, -1, 3, 998, 1;
1, 256, 0, 0, 0, 0, 4, 999, 2;
1, 256, 0, -1, -1, -1, 4, 999, 2;
1, 256, 0, 0, 0, 0, 5, 1000, 3;
1, 256, 0, 0, 0, 0, 4, 999, 2;
1, 256, 0, 0, 0, 0, 5, 1000, 3;
1, 256, 0, 0, 0, 0, 5, 1000, 3;
1, 256, 0, -1, -1, -1, 4, 998, 1;
1, 256, 0, 0, 0, 0, 4, 999, 2;
1, 256, 0, 0, 0, 0, 4, 999, 2;
1, 256, 0, 1, 1, 1, 5, 1000, 3;
1, 256, 0, 0, 0, 0, 4, 999, 2;
1, 256, 0, 1, 1, 1, 5, 1000, 3;
1, 256, 0, 0, 0, 0, 5, 999, 2;
1, 256, 0, 1, 1, 1, 5, 1000, 3;
1, 256, 0, 0, 0, 0, 4, 999, 2;
1, 256, 0, 0, 0, 0, 4, 999, 2;
1, 256, 0, 0, 0, 0, 4, 999, 2;
1, 256, 1, 1, 1, 1, 6, 1001, 4;
1, 256, 0, 0, 0, 0, 5, 1000, 3;
1, 256, 0, 0, 0, 0, 4, 999, 2;
1, 256, 0, 0, 0, 0, 5, 1000, 3;
1, 256, 1, 1, 1, 1, 6, 1001, 4;
1, 256, 0, 1, 1, 1, 5, 1000, 3;
1, 256, 1, 1, 1, 1, 6, 1001, 4;
1, 256, 0, 0, 0, 0, 5, 1000, 3;
1, 256, 1, 1, 1, 1, 6, 1001, 4;
1, 256, 0, 0, 0, 0, 5, 1000, 3;
1, 256, 0, 1, 1, 1, 5, 1000, 3;
1, 256, 1, 1, 1, 1, 6, 1001, 4;
1, 256, 0, 0, 0, 0, 5, 1000, 3;
1, 256, 0, 0, 0, 0, 4, 999, 2;
1, 256, 0, 0, 0, 0, 4, 999, 2;
1, 256, 0, 0, 0, 0, 5, 1000, 3;
1, 256, 0, 0, 0, 0, 5, 999, 3;
1, 256, 0, -1, -1, -1, 4, 999, 2;
1, 256, 0, -1, -1, -1, 4, 999, 2;
1, 256, 0, 0, 0, 0, 5, 1000, 3;
1, 256, 0, 0, 0, 0, 5, 1000, 3;
1, 256, 0, 0, 0, 0, 5, 1000, 3;
1, 256, 0, 0, 0, 0, 4, 999, 2;
1, 256, 0, 0, 0, 0, 5, 1000, 3;
1, 256, 0, 0, 0, 0, 4, 999, 2;
1, 256, 1, 1, 1, 1, 6, 1001, 4;
1, 256, 0, 0, 0, 0, 4, 999, 2;
1, 256, 1, 1, 1, 1, 6, 1001, 4;
1, 256, 0, -1, -1, -1, 4, 999, 2;
1, 256, 0, 0, 0, 0, 5, 1000, 3;
1, 256, 0, 1, 1, 1, 5, 1000, 3;
1, 256, 0, -1, -1, -1, 4, 999, 2;
1, 256, 0, 0, 0, 0, 5, 1000, 3;
1, 256, 0, 0, 0, 0, 4, 999, 2;
1, 256, 0, 0, 0, 0, 5, 1000, 3;
1, 256, 0, 0, 0, 0, 4, 999, 2;
1, 256, 0, -1, -1, -1, 4, 999, 2;
1, 256, 0, 0, 0, 0, 5, 1000, 3;
1, 256, 0, 0, 0, 0, 5, 1000, 3;
1, 256, 1, 1, 1, 1, 5, 1000, 3;
1, 256, 0, 0, 0, 0, 5, 1000, 3;
1, 256, 0, 0, 0, 0, 5, 999, 3;
1, 256, 0, 0, 0, 0, 4, 999, 2;
1, 256, 0, 0, 0, 0, 5, 1000, 3;
1, 256, 0, 0, 0, 0, 5, 1000, 3;
1, 256, 1, 1, 1, 1, 6, 1001, 4;
1, 256, 1, 1, 1, 1, 6, 1001, 4;
1, 256, 0, 0, 0, 0, 4, 999, 2;
1, 256, 1, 1, 1, 1, 6, 1001, 4;
1, 256, 0, 0, 0, 0, 4, 999, 2;
1, 256, 0, -1, -1, -1, 4, 999, 2;
1, 256, 0, 0, 0, 0, 5, 1000, 3;
1, 256, 0, -1, -1, -1, 4, 998, 2;
1, 256, 0, -1, -1, -1, 4, 999, 2;
1, 256, 0, 0, 0, 0, 4, 999, 2;
1, 256, 0, 0, 0, 0, 5, 1000, 3;
1, 256, 1, 1, 1, 1, 6, 1001, 4;
1, 256, 0, 1, 1, 1, 5, 1000, 3;
1, 256, 0, 0, 0, 0, 5, 999, 3;
1, 256, 0, 0, 0, 0, 4, 999, 2;
1, 256, 0, 0, 0, 0, 5, 1000, 3;
1, 256, 1, 1, 1, 1, 6, 1000, 4;
1, 256, 1, 1, 1, 1, 6, 1000, 3;
1, 256, 0, -1, -1, -1, 3, 998, 1;
1, 256, 0, -1, -1, -1, 3, 998, 1;
1, 256, 0, 0, 0, 0, 5, 1000, 3;
1, 256, 0, -1, -1, -1, 4, 999, 2;
1, 256, 0, 0, 0, 0, 4, 999, 2;
1, 256, 0, -1, -1, -1, 3, 998, 1;
1, 256, 0, 0, 0, 0, 5, 1000, 3;
1, 256, 0, 0, 0, 0, 4, 999, 2;
1, 256, 0, 0, 0, 0, 5, 1000, 3;
1, 256, 0, -1, -1, -1, 4, 999, 2;
1, 256, 0, 0, 0, 0, 4, 999, 2;
1, 256, 0, 1, 1, 1, 5, 1000, 3;
1, 256, 0, 0, 0, 0, 5, 1000, 3;
1, 256, 0, 0, 0, 0, 5, 1000, 3;
1, 256, 0, 1, 1, 1, 5, 1000, 3;
1, 256, 0, 0, 0, 0, 5, 1000, 3;
1, 256, 0, 0, 0, 0, 4, 999, 2;
1, 256, 0, 0, 0, 0, 5, 1000, 3;
1, 256, 0, 0, 0, 0, 5, 1000, 3;
1, 256, 0, 1, 1, 1, 5, 1000, 3;
1, 256, 0, 0, 0, 0, 4, 999, 2;
1, 256, 0, 0, 0, 0, 5, 1000, 3;
1, 256, 0, 0, 0, 0, 5, 1000, 3;
1, 256, 1, 1, 1, 1, 6, 1001, 4;
1, 256, 0, -1, -1, -1, 4, 999, 2;
1, 256, 1, 1, 1, 1, 6, 1001, 4;
1, 256, 0, -1, -1, -1, 4, 999, 2;
1, 256, 1, 1, 1, 1, 5, 1000, 3;
1, 256, 1, 1, 1, 1, 6, 1001, 4;
1, 256, 0, -1, -1, -1, 4, 999, 2;
1, 256, 1, 1, 1, 1, 6, 1001, 4;
1, 256, 0, -1, -1, -1, 4, 999, 2;
1, 256, 0, -1, -1, -1, 4, 998, 1;
1, 256, 0, 0, 0, 0, 5, 999, 3;
1, 256, 0, -1, -1, -1, 4, 999, 2;
1, 256, 1, 1, 1, 1, 6, 1001, 4;
1, 256, 0, 0, 0, 0, 5, 1000, 3;
1, 256, 0, 0, 0, 0, 5, 1000, 3;
1, 256, 0, -1, -1, -1, 4, 999, 2;
1, 256, 0, 1, 1, 1, 5, 1000, 3;
1, 256, 0, 0, 0, 0, 4, 999, 2;
1, 256, 0, 0, 0, 0, 5, 999, 3;
1, 256, 0, 0, 0, 0, 5, 1000, 3;
1, 256, 0, 0, 0, 0, 5, 1000, 3;
1, 256, 0, 0, 0, 0, 5, 1000, 3;
1, 256, 0, 0, 0, 0, 5, 1000, 3;
1, 256, 0, 1, 1, 1, 5, 1000, 3;
1, 256, 0, 0, 0, 0, 4, 999, 2;
1, 256, 0, 0, 0, 0, 5, 1000, 3;
1, 256, 0, -1, -1, -1, 4, 999, 2;
1, 256, 0, -1, -1, -1, 4, 998, 1;
1, 256, 0, 0, 0, 0, 5, 1000, 3;
1, 256, 0, 0, 0, 0, 5, 1000, 3;
1, 256, 0, 0, 0, 0, 4, 999, 2;
1, 256, 0, -1, -1, -1, 4, 998, 2;
1, 256, 1, 1, 1, 1, 6, 1001, 4;
1, 256, 0, 1, 1, 1, 5, 1000, 3;
1, 256, 0, 0, 0, 0, 5, 1000, 3;
1, 256, 0, 1, 1, 1, 5, 1000, 3;
1, 256, 1, 1, 1, 1, 6, 1001, 4;
1, 256, 0, -1, -1, -1, 4, 999, 2;
1, 256, 1, 1, 1, 1, 6, 1001, 4;
1, 256, 0, 0, 0, 0, 5, 1000, 3;
1, 256, 1, 1, 1, 1, 6, 1001, 4;
1, 256, 0, 0, 0, 0, 4, 999, 2;
1, 256, 0, -1, -1, -1, 4, 999, 2;
1, 256, 0, -1, -1, -1, 4, 998, 2;
1, 256, 1, 1, 1, 1, 6, 1001, 4;
1, 256, 0, 1, 1, 1, 5, 1000, 3;
1, 256, 0, 0, 0, 0, 4, 999, 2;
1, 256, 1, 1, 1, 1, 6, 1001, 4;
1, 256, 0, -1, -1, -1, 4, 999, 2;
1, 256, 0, 0, 0, 0, 4, 999, 2;
1, 256, 0, 0, 0, 0, 5, 1000, 3;
1, 256, 0, 0, 0, 0, 4, 999, 2;
1, 256, 0, 0, 0, 0, 4, 999, 2;
1, 256, 0, 0, 0, 0, 5, 1000, 3;
1, 256, 1, 1, 1, 1, 6, 1000, 3;
1, 256, 0, -1, -1, -1, 4, 999, 2;
1, 256, 0, 0, 0, 0, 4, 999, 2;
1, 256, 0, -1, -1, -1, 3, 998, 1;
1, 256, 0, 0, 0, 0, 5, 1000, 3;
1, 256, 0, 0, 0, 0, 4, 999, 2;
1, 256, 0, 0, 0, 0, 4, 999, 2;
1, 256, 0, 1, 1, 1, 5, 1000, 3;
1, 256, 1, 1, 1, 1, 6, 1001, 4;
1, 256, 0, 1, 1, 1, 5, 1000, 3;
1, 256, 0, 0, 0, 0, 5, 1000, 3;
1, 256, 0, -1, -1, -1, 4, 999, 2;
1, 256, 0, -1, -1, -1, 4, 999, 2;
1, 256, 0, 0, 0, 0, 4, 999, 2;
1, 256, 0, -1, -1, -1, 4, 999, 2;
1, 256, 0, 0, 0, 0, 4, 999, 2;
1, 256, 0, 0, 0, 0, 4, 999, 2;
1, 256, 0, 0, 0, 0, 5, 1000, 3;
1, 256, 0, 1, 1, 1, 5, 1000, 3;
1, 256, 0, 0, 0, 0, 5, 999, 3;
1, 256, 0, 0, 0, 0, 5, 1000, 3;
1, 256, 0, -1, -1, -1, 4, 999, 2;
1, 256, 0, 0, 0, 0, 5, 1000, 3;
1, 256, 0, 0, 0, 0, 5, 1000, 3;
1, 256, 0, 0, 0, 0, 5, 1000, 3;
1, 256, 0, 0, 0, 0, 4, 999, 2;
1, 256, 0, -1, -1, -1, 4, 999, 2;
1, 256, 0, -1, -1, -1, 4, 999, 2;
1, 256, 0, 0, 0, 0, 5, 1000, 3;
1, 256, 0, 0, 0, 0, 5, 1000, 3;
1, 256, 0, 0, 0, 0, 5, 1000, 3;
1, 256, 0, -1, -1, -1, 4, 999, 2;
1, 256, 0, 0, 0, 0, 4, 999, 2;
1, 256, 0, -1, -1, -1, 4, 999, 2;
1, 256, 0, 1, 1, 1, 5, 1000, 3;
1, 256, 0, 0, 0, 0, 4, 999, 2;
1, 256, 0, 0, 0, 0, 5, 1000, 3;
1, 256, 0, 0, 0, 0, 4, 999, 2;
1, 256, 1, 1, 1, 1, 6, 1001, 4;
1, 256, 0, 0, 0, 0, 4, 999, 2;
1, 256, 0, -1, -1, -1, 3, 998, 1;
1, 256, 0, 1, 1, 1, 5, 1000, 3;
1, 256, 0, -1, -1, -1, 4, 999, 2;
1, 256, 1, 1, 1, 1, 5, 1000, 3;
1, 256, 0, 0, 0, 0, 4, 999, 2;
1, 256, 0, 0, 0, 0, 4, 999, 2;
1, 256, 0, -1, -1, -1, 4, 999, 2;
1, 256, 0, 1, 1, 1, 5, 1000, 3;
1, 256, 1, 1, 1, 1, 6, 1000, 4;
1, 256, 0, 0, 0, 0, 5, 1000, 3;
1, 256, 0, 0, 0, 0, 5, 1000, 3;
1, 256, 1, 1, 1, 1, 6, 1000, 3;
1, 256, 0, 0, 0, 0, 5, 1000, 3;
1, 256, 0, 0, 0, 0, 5, 1000, 3;
1, 256, 1, 1, 1, 1, 5, 1000, 3;
1, 256, 1, 1, 1, 1, 5, 1000, 3;
1, 256, 0, 0, 0, 0, 4, 999, 2;
1, 256, 1, 1, 1, 1, 6, 1001, 4;
1, 256, 0, 0, 0, 0, 5, 1000, 3;
1, 256, 0, 0, 0, 0, 5, 1000, 3;
1, 256, 0, 0, 0, 0, 5, 1000, 3;
1, 256, 0, 0, 0, 0, 4, 999, 2;
1, 256, 0, -1, -1, -1, 4, 999, 2;
1, 256, 0, -1, -1, -1, 4, 999, 2;
1, 256, 0, -1, -1, -1, 4, 998, 1;
1, 256, 0, -1, -1, -1, 4, 999, 2;
1, 256, 0, -1, -1, -1, 4, 999, 2;
1, 256, 0, -1, -1, -1, 4, 999, 2;
1, 256, 0, -1, -1, -1, 3, 998, 1;
1, 256, 1, 1, 1, 1, 6, 1000, 4;
1, 256, 0, 0, 0, 0, 5, 1000, 3;
1, 256, 0, -1, -1, -1, 3, 998, 1;
1, 256, 0, -1, -1, -1, 3, 998, 1;
1, 256, 0, 0, 0, 0, 5, 1000, 3;
1, 256, 0, 0, 0, 0, 4, 999, 2;
1, 256, 0, -1, -1, -1, 4, 999, 2;
1, 256, 0, -1, -1, -1, 4, 998, 1;
1, 256, 0, 0, 0, 0, 4, 999, 2;
1, 256, 0, 0, 0, 0, 4, 999, 2;
1, 256, 0, 1, 1, 1, 5, 1000, 3;
1, 256, 0, 0, 0, 0, 5, 1000, 3;
1, 256, 0, 0, 0, 0, 5, 1000, 3;
1, 256, 0, -1, -1, -1, 3, 998, 1;
1, 256, 0, 0, 0, 0, 4, 999, 2;
1, 256, 0, -1, -1, -1, 4, 999, 2;
1, 256, 0, -1, -1, -1, 4, 999, 2;
1, 256, 0, 0, 0, 0, 5, 1000, 3;
1, 256, 0, -1, -1, -1, 4, 998, 1;
1, 256, 0, 0, 0, 0, 5, 1000, 3;
1, 256, 0, -1, -1, -1, 4, 998, 2;
1, 256, 0, 0, 0, 0, 5, 1000, 3;
1, 256, 0, 0, 0, 0, 5, 1000, 3;
1, 256, 0, 0, 0, 0, 5, 1000, 3;
1, 256, 0, 0, 0, 0, 5, 1000, 3;
1, 256, 0, 0, 0, 0, 5, 1000, 3;
1, 256, 0, -1, -1, -1, 4, 999, 2;
1, 256, 0, -1, -1, -1, 4, 999, 2;
1, 256, 0, 0, 0, 0, 5, 1000, 3;
1, 256, 1, 1, 1, 1, 5, 1000, 3;
1, 256, 0, 0, 0, 0, 5, 1000, 3;
1, 256, 1, 1, 1, 1, 6, 1001, 4;
1, 256, 0, 0, 0, 0, 5, 1000, 3;
1, 256, 0, 0, 0, 0, 5, 1000, 3;
1, 256, 0, -1, -1, -1, 3, 998, 1;
1, 256, 0, 0, 0, 0, 5, 1000, 3;
1, 256, 0, -1, -1, -1, 4, 999, 2;
1, 256, 0, 0, 0, 0, 4, 999, 2;
1, 256, 0, 0, 0, 0, 5, 1000, 3;
1, 256, 0, 0, 0, 0, 4, 999, 2;
1, 256, 0, 0, 0, 0, 5, 1000, 3;
1, 256, 0, -1, -1, -1, 4, 999, 2;
1, 256, 0, -1, -1, -1, 3, 998, 1;
1, 256, 0, -1, -1, -1, 4, 999, 2;
1, 256, 0, -1, -1, -1, 4, 998, 2;
1, 256, 0, -1, -1, -1, 4, 999, 2;
1, 256, 0, 0, 0, 0, 4, 999, 2;
1, 256, 1, 1, 1, 1, 6, 1001, 4;
1, 256, 0, -1, -1, -1, 4, 999, 2;
1, 256, 0, 0, 0, 0, 5, 1000, 3;
0, 256, 0, -1, -1, -1, 3, 998, 1;
1, 256, 0, -1, -1, -1, 4, 999, 2;
1, 256, 0, -1, -1, -1, 4, 999, 2;
1, 256, 0, 0, 0, 0, 5, 1000, 3;
1, 256, 0, 1, 1, 1, 5, 1000, 3;
1, 256, 0, 0, 0, 0, 5, 1000, 3;
1, 256, 0, -1, -1, -1, 4, 999, 2;
1, 256, 0, -1, -1, -1, 3, 998, 1;
1, 256, 0, 0, 0, 0, 5, 1000, 3;
1, 256, 1, 1, 1, 1, 5, 1000, 3;
1, 256, 0, 0, 0, 0, 4, 999, 2;
1, 256, 0, 0, 0, 0, 4, 999, 2;
1, 256, 0, 0, 0, 0, 5, 1000, 3;
1, 256, 0, 0, 0, 0, 4, 999, 2;
1, 256, 0, 0, 0, 0, 4, 999, 2;
1, 256, 0, 0, 0, 0, 5, 1000, 3;
1, 256, 0, 0, 0, 0, 4, 999, 2;
1, 256, 0, 0, 0, 0, 4, 999, 2;
1, 256, 0, -1, -1, -1, 4, 999, 2;
1, 256, 0, -1, -1, -1, 4, 999, 2;
1, 256, 0, 0, 0, 0, 5, 1000, 3;
1, 256, 0, 1, 1, 1, 5, 1000, 3;
1, 256, 0, 0, 0, 0, 4, 999, 2;
1, 256, 1, 1, 1, 1, 6, 1001, 4;
1, 256, 1, 1, 1, 1, 6, 1000, 3;
1, 256, 0, 0, 0, 0, 5, 999, 3;
1, 256, 0, 0, 0, 0, 4, 999, 2;
1, 256, 1, 1, 1, 1, 6, 1001, 4;
1, 256, 0, 0, 0, 0, 5, 1000, 3;
1, 256, 0, -1, -1, -1, 4, 999, 2;
1, 256, 0, 0, 0, 0, 5, 1000, 3;
1, 256, 1, 1, 1, 1, 6, 1000, 4;
1, 256, 1, 1, 1, 1, 6, 1001, 4;
1, 256, 0, -1, -1, -1, 4, 999, 2;
1, 256, 0, 0, 0, 0, 5, 1000, 3;
1, 256, 1, 1, 1, 1, 6, 1001, 4;
1, 256, 0, 1, 1, 1, 5, 1000, 3;
1, 256, 1, 1, 1, 1, 6, 1001, 4;
1, 256, 1, 1, 1, 1, 5, 1000, 3;
1, 256, 0, 1, 1, 1, 5, 1000, 3;
1, 256, 0, 0, 0, 0, 5, 1000, 3;
1, 256, 0, -1, -1, -1, 3, 998, 1;
1, 256, 0, 0, 0, 0, 5, 1000, 3;
1, 256, 0, 0, 0, 0, 4, 999, 2;
1, 256, 0, 0, 0, 0, 5, 999, 2;
1, 256, 0, 1, 1, 1, 5, 1000, 3;
1, 256, 0, 0, 0, 0, 5, 1000, 3;
1, 256, 0, 0, 0, 0, 4, 999, 2;
1, 256, 1, 1, 1, 1, 5, 1000, 3;
1, 256, 0, 0, 0, 0, 4, 999, 2;
1, 256, 0, 0, 0, 0, 5, 1000, 3;
1, 256, 0, 0, 0, 0, 4, 999, 2;
1, 256, 0, 0, 0, 0, 5, 1000, 3;
1, 256, 0, 0, 0, 0, 5, 1000, 3;
1, 256, 0, -1, -1, -1, 4, 998, 1;
1, 256, 0, 1, 1, 1, 5, 1000, 3;
1, 256, 0, 0, 0, 0, 5, 1000, 3;
1, 256, 0, -1, -1, -1, 4, 999, 2;
1, 256, 0, 0, 0, 0, 5, 1000, 3;
1, 256, 1, 1, 1, 1, 6, 1001, 4;
1, 256, 0, 0, 0, 0, 4, 999, 2;
1, 256, 0, 0, 0, 0, 4, 999, 2;
1, 256, 0, 0, 0, 0, 4, 999, 2;
1, 256, 0, 0, 0, 0, 5, 1000, 3;
1, 256, 0, -1, -1, -1, 4, 998, 1;
1, 256, 0, -1, -1, -1, 4, 999, 2;
1, 256, 0, 0, 0, 0, 4, 999, 2;
1, 256, 0, 0, 0, 0, 4, 999, 2;
1, 256, 0, 0, 0, 0, 4, 999, 2;
1, 256, 0, 0, 0, 0, 4, 999, 2;
1, 256, 1, 1, 1, 1, 6, 1000, 3;
1, 256, 1, 1, 1, 1, 6, 1000, 3;
1, 256, 1, 1, 1, 1, 5, 1000, 3;
1, 256, 0, -1, -1, -1, 4, 998, 1;
1, 256, 0, 1, 1, 1, 5, 1000, 3;
1, 256, 0, 0, 0, 0, 4, 999, 2;
1, 256, 1, 1, 1, 1, 6, 1001, 4;
1, 256, 0, 0, 0, 0, 5, 1000, 3;
1, 256, 0, 0, 0, 0, 4, 999, 2;
1, 256, 0, -1, -1, -1, 3, 998, 1;
1, 256, 0, 0, 0, 0, 4, 999, 2;
1, 256, 0, -1, -1, -1, 4, 999, 2;
1, 256, 0, 0, 0, 0, 5, 999, 3;
1, 256, 1, 1, 1, 1, 6, 1001, 4;
1, 256, 0, 0, 0, 0, 4, 999, 2;
1, 256, 0, 1, 1, 1, 5, 1000, 3;
1, 256, 0, 0, 0, 0, 5, 1000, 3;
1, 256, 0, -1, -1, -1, 4, 999, 2;
1, 256, 0, 0, 0, 0, 5, 1000, 3;
1, 256, 0, 0, 0, 0, 4, 999, 2;
1, 256, 0, 0, 0, 0, 4, 999, 2;
1, 256, 0, 0, 0, 0, 4, 999, 2;
1, 256, 0, 0, 0, 0, 5, 1000, 3;
1, 256, 0, 0, 0, 0, 4, 999, 2;
1, 256, 0, 0, 0, 0, 5, 1000, 3;
1, 256, 0, 0, 0, 0, 5, 1000, 3;
1, 256, 0, 0, 0, 0, 5, 1000, 3;
1, 256, 0, 0, 0, 0, 4, 999, 2;
1, 256, 0, 0, 0, 0, 5, 1000, 3;
1, 256, 0, 0, 0, 0, 4, 999, 2;
1, 256, 0, 0, 0, 0, 4, 999, 2;
1, 256, 0, -1, -1, -1, 4, 999, 2;
1, 256, 0, 0, 0, 0, 5, 1000, 3;
1, 256, 0, 0, 0, 0, 4, 999, 2;
1, 256, 0, -1, -1, -1, 4, 999, 2;
1, 256, 0, 0, 0, 0, 4, 999, 2;
1, 256, 0, 0, 0, 0, 5, 1000, 3;
1, 256, 0, 0, 0, 0, 4, 999, 2;
1, 256, 0, 0, 0, 0, 5, 1000, 3;
1, 256, 0, 0, 0, 0, 4, 999, 2;
1, 256, 0, 0, 0, 0, 4, 999, 2;
1, 256, 0, -1, -1, -1, 4, 999, 2;
1, 256, 0, 0, 0, 0, 5, 1000, 3;
1, 256, 1, 1, 1, 1, 6, 1001, 4;
1, 256, 0, 0, 0, 0, 5, 1000, 3;
1, 256, 0, 0, 0, 0, 5, 1000, 3;
1, 256, 0, 0, 0, 0, 4, 999, 2;
1, 256, 1, 1, 1, 1, 6, 1001, 4;
1, 256, 0, -1, -1, -1, 4, 999, 2;
1, 256, 1, 1, 1, 1, 5, 1000, 3;
1, 256, 0, 0, 0, 0, 5, 1000, 3;
1, 256, 0, 0, 0, 0, 5, 1000, 3;
1, 256, 0, -1, -1, -1, 4, 999, 2;
1, 256, 0, -1, -1, -1, 4, 999, 2;
0, 256, 0, -1, -1, -1, 3, 998, 1;
1, 256, 0, 0, 0, 0, 5, 1000, 3;
1, 256, 0, -1, -1, -1, 4, 999, 2;
1, 256, 0, -1, -1, -1, 3, 998, 1;
1, 256, 0, -1, -1, -1, 3, 998, 1;
1, 256, 0, -1, -1, -1, 4, 999, 2;
1, 256, 0, 1, 1, 1, 5, 1000, 3;
1, 256, 0, -1, -1, -1, 4, 999, 2;
1, 256, 1, 1, 1, 1, 6, 1001, 4;
1, 256, 0, -1, -1, -1, 4, 999, 2;
1, 256, 0, 1, 1, 1, 5, 1000, 3;
1, 256, 1, 1, 1, 1, 6, 1001, 4;
1, 256, 1, 1, 1, 1, 5, 1000, 3;
1, 256, 0, 0, 0, 0, 4, 999, 2;
1, 256, 0, 0, 0, 0, 4, 999, 2;
1, 256, 0, 0, 0, 0, 4, 999, 2;
1, 256, 0, -1, -1, -1, 4, 999, 2;
1, 256, 0, 0, 0, 0, 4, 999, 2;
1, 256, 0, 0, 0, 0, 5, 999, 2;
0, 256, 0, -1, -1, -1, 3, 998, 1;
1, 256, 0, 0, 0, 0, 4, 999, 2;
1, 256, 0, 1, 1, 1, 5, 1000, 3;
1, 256, 0, 1, 1, 1, 5, 1000, 3;
1, 256, 0, 0, 0, 0, 4, 999, 2;
1, 256, 0, 0, 0, 0, 5, 1000, 3;
1, 256, 0, 0, 0, 0, 5, 1000, 3;
1, 256, 1, 1, 1, 1, 6, 1001, 4;
1, 256, 0, 1, 1, 1, 5, 1000, 3;
1, 256, 1, 1, 1, 1, 6, 1001, 4;
1, 256, 0, -1, -1, -1, 4, 999, 2;
1, 256, 0, 0, 0, 0, 4, 999, 2;
1, 256, 0, 0, 0, 0, 4, 999, 2;
1, 256, 0, 1, 1, 1, 5, 1000, 3;
1, 256, 0, 0, 0, 0, 5, 1000, 3;
1, 256, 1, 1, 1, 1, 6, 1000, 4;
1, 256, 1, 1, 1, 1, 6, 1001, 4;
1, 256, 0, 0, 0, 0, 4, 999, 2;
1, 256, 0, -1, -1, -1, 3, 998, 1;
1, 256, 1, 1, 1, 1, 6, 1001, 4;
1, 256, 0, -1, -1, -1, 4, 999, 2;
1, 256, 0, -1, -1, -1, 4, 998, 2;
1, 256, 0, 0, 0, 0, 4, 999, 2;
1, 256, 0, 1, 1, 1, 5, 1000, 3;
1, 256, 0, 0, 0, 0, 4, 999, 2;
1, 256, 0, 0, 0, 0, 5, 999, 3;
1, 256, 1, 1, 1, 1, 5, 1000, 3;
1, 256, 0, -1, -1, -1, 4, 999, 2;
1, 256, 1, 1, 1, 1, 6, 1001, 4;
1, 256, 0, 0, 0, 0, 4, 999, 2;
1, 256, 0, 0, 0, 0, 5, 1000, 3;
1, 256, 1, 1, 1, 1, 6, 1000, 3;
1, 256, 0, -1, -1, -1, 4, 998, 1;
1, 256, 0, 1, 1, 1, 5, 1000, 3;
1, 256, 1, 1, 1, 1, 6, 1001, 4;
1, 256, 1, 1, 1, 1, 6, 1001, 4;
1, 256, 1, 1, 1, 1, 6, 1000, 3;
1, 256, 0, 0, 0, 0, 4, 999, 2;
1, 256, 0, 0, 0, 0, 5, 1000, 3;
1, 256, 0, 0, 0, 0, 4, 999, 2;
1, 256, 0, 0, 0, 0, 4, 999, 2;
1, 256, 0, 0, 0, 0, 5, 1000, 3;
1, 256, 1, 1, 1, 1, 6, 1001, 4;
1, 256, 0, 0, 0, 0, 5, 1000, 3;
1, 256, 0, 0, 0, 0, 5, 1000, 3;
0, 256, 0, -1, -1, -1, 3, 998, 1;
1, 256, 0, -1, -1, -1, 3, 998, 1;
1, 256, 0, 0, 0, 0, 4, 999, 2;
1, 256, 0, 0, 0, 0, 4, 999, 2;
1, 256, 0, 0, 0, 0, 5, 1000, 3;
1, 256, 0, 0, 0, 0, 5, 1000, 3;
1, 256, 0, 0, 0, 0, 5, 1000, 3;
1, 256, 0, 0, 0, 0, 5, 1000, 3;
1, 256, 0, 0, 0, 0, 4, 999, 2;
1, 256, 0, 0, 0, 0, 5, 1000, 3;
1, 256, 0, 0, 0, 0, 5, 1000, 3;
1, 256, 1, 1, 1, 1, 6, 1000, 4;
1, 256, 0, 0, 0, 0, 5, 1000, 3;
1, 256, 0, -1, -1, -1, 4, 999, 2;
1, 256, 0, -1, -1, -1, 4, 998, 1;
1, 256, 1, 1, 1, 1, 6, 1001, 4;
1, 256, 0, 0, 0, 0, 5, 999, 3;
1, 256, 0, 0, 0, 0, 5, 1000, 3;
1, 256, 0, 0, 0, 0, 5, 1000, 3;
1, 256, 1, 1, 1, 1, 5, 1000, 3;
1, 256, 0, -1, -1, -1, 4, 999, 2;
1, 256, 1, 1, 1, 1, 6, 1000, 4;
1, 256, 0, 0, 0, 0, 4, 999, 2;
1, 256, 0, 0, 0, 0, 5, 1000, 3;
1, 256, 0, -1, -1, -1, 3, 998, 1;
1, 256, 0, 0, 0, 0, 5, 1000, 3;
0, 256, 0, -1, -1, -1, 3, 998, 1;
1, 256, 0, -1, -1, -1, 3, 998, 1;
1, 256, 1, 1, 1, 1, 5, 1000, 3;
1, 256, 0, 0, 0, 0, 4, 999, 2;
1, 256, 0, -1, -1, -1, 4, 999, 2;
1, 256, 0, 0, 0, 0, 5, 1000, 3;
1, 256, 1, 1, 1, 1, 6, 1001, 4;
1, 256, 0, 0, 0, 0, 5, 1000, 3;
1, 256, 0, 0, 0, 0, 5, 1000, 3;
1, 256, 1, 1, 1, 1, 6, 1000, 4;
1, 256, 0, 0, 0, 0, 5, 999, 2;
1, 256, 0, -1, -1, -1, 4, 999, 2;
1, 256, 0, 0, 0, 0, 4, 999, 2;
1, 256, 0, 0, 0, 0, 5, 999, 3;
1, 256, 0, 1, 1, 1, 5, 1000, 3;
1, 256, 1, 1, 1, 1, 6, 1000, 3;
0, 256, 0, -1, -1, -1, 3, 998, 1;
1, 256, 0, 0, 0, 0, 5, 1000, 3;
1, 256, 0, -1, -1, -1, 3, 998, 1;
1, 256, 1, 1, 1, 1, 6, 1000, 3;
1, 256, 0, 0, 0, 0, 5, 1000, 3;
1, 256, 0, 0, 0, 0, 5, 1000, 3;
1, 256, 1, 1, 1, 1, 6, 1001, 4;
1, 256, 0, 0, 0, 0, 5, 999, 3;
1, 256, 0, 1, 1, 1, 5, 1000, 3;
1, 256, 0, 0, 0, 0, 5, 1000, 3;
1, 256, 1, 1, 1, 1, 6, 1001, 4;
1, 256, 0, 0, 0, 0, 5, 1000, 3;
1, 256, 0, 0, 0, 0, 5, 1000, 3;
1, 256, 1, 1, 1, 1, 6, 1001, 4;
1, 256, 0, -1, -1, -1, 4, 999, 2;
1, 256, 0, 0, 0, 0, 4, 999, 2;
1, 256, 0, -1, -1, -1, 4, 999, 2;
1, 256, 0, -1, -1, -1, 4, 999, 2;
1, 256, 0, 0, 0, 0, 4, 999, 2;
1, 256, 0, -1, -1, -1, 4, 999, 2;
1, 256, 0, 0, 0, 0, 5, 1000, 3;
1, 256, 1, 1, 1, 1, 6, 1000, 4;
1, 256, 0, 0, 0, 0, 5, 1000, 3;
1, 256, 0, -1, -1, -1, 4, 998, 1;
1, 256, 0, -1, -1, -1, 4, 998, 1;
1, 256, 0, -1, -1, -1, 4, 999, 2;
1, 256, 0, -1, -1, -1, 4, 998, 2;
1, 256, 0, 0, 0, 0, 4, 999, 2;
1, 256, 0, -1, -1, -1, 4, 998, 2;
1, 256, 0, 0, 0, 0, 4, 999, 2;
1, 256, 0, -1, -1, -1, 4, 999, 2;
1, 256, 0, 0, 0, 0, 5, 1000, 3;
1, 256, 0, 0, 0, 0, 4, 999, 2;
1, 256, 1, 1, 1, 1, 6, 1000, 4;
1, 256, 0, -1, -1, -1, 4, 999, 2;
1, 256, 0, -1, -1, -1, 4, 999, 2;
1, 256, 1, 1, 1, 1, 6, 1000, 4;
1, 256, 0, -1, -1, -1, 4, 999, 2;
1, 256, 0, 0, 0, 0, 5, 1000, 3;
1, 256, 1, 1, 1, 1, 6, 1001, 4;
1, 256, 1, 1, 1, 1, 5, 1000, 3;
1, 256, 0, 0, 0, 0, 5, 1000, 3;
1, 256, 0, 0, 0, 0, 5, 1000, 3;
1, 256, 0, -1, -1, -1, 4, 999, 2;
1, 256, 1, 1, 1, 1, 5, 1000, 3;
1, 256, 0, -1, -1, -1, 3, 998, 1;
1, 256, 0, 0, 0, 0, 5, 1000, 3;
1, 256, 0, 0, 0, 0, 5, 1000, 3;
1, 256, 0, 0, 0, 0, 5, 1000, 3;
1, 256, 1, 1, 1, 1, 6, 1001, 4;
1, 256, 0, 0, 0, 0, 5, 1000, 3;
1, 256, 0, 0, 0, 0, 4, 999, 2;
1, 256, 1, 1, 1, 1, 6, 1000, 4;
1, 256, 0, 0, 0, 0, 4, 999, 2;
1, 256, 0, 0, 0, 0, 5, 1000, 3;
1, 256, 0, 0, 0, 0, 4, 999, 2;
1, 256, 1, 1, 1, 1, 6, 1001, 4;
1, 256, 0, 0, 0, 0, 4, 999, 2;
1, 256, 1, 1, 1, 1, 6, 1001, 4;
1, 256, 0, 0, 0, 0, 5, 1000, 3;
1, 256, 0, 0, 0, 0, 4, 999, 2;
1, 256, 0, 0, 0, 0, 4, 999, 2;
1, 256, 0, -1, -1, -1, 4, 999, 2;
1, 256, 0, 0, 0, 0, 5, 1000, 3;
1, 256, 0, -1, -1, -1, 4, 999, 2;
1, 256, 0, 0, 0, 0, 5, 1000, 3;
1, 256, 0, -1, -1, -1, 4, 998, 2;
1, 256, 0, 0, 0, 0, 5, 1000, 3;
1, 256, 0, 0, 0, 0, 5, 1000, 3;
1, 256, 0, 0, 0, 0, 5, 1000, 3;
1, 256, 0, 0, 0, 0, 4, 999, 2;
1, 256, 0, 0, 0, 0, 5, 1000, 3;
1, 256, 0, 1, 1, 1, 5, 1000, 3;
1, 256, 0, 0, 0, 0, 5, 1000, 3;
1, 256, 0, 0, 0, 0, 4, 999, 2;
1, 256, 0, 0, 0, 0, 5, 1000, 3;
1, 256, 0, -1, -1, -1, 4, 998, 2;
1, 256, 0, -1, -1, -1, 4, 999, 2;
1, 256, 0, -1, -1, -1, 4, 998, 2;
1, 256, 1, 1, 1, 1, 6, 1001, 4;
1, 256, 1, 1, 1, 1, 6, 1001, 4;
1, 256, 0, 0, 0, 0, 4, 999, 2;
1, 256, 0, 0, 0, 0, 4, 999, 2;
1, 256, 0, -1, -1, -1, 4, 999, 2;
1, 256, 0, 0, 0, 0, 4, 999, 2;
1, 256, 0, 0, 0, 0, 4, 999, 2;
1, 256, 0, 0, 0, 0, 5, 1000, 3;
1, 256, 0, 0, 0, 0, 4, 999, 2;
1, 256, 0, 0, 0, 0, 5, 999, 3;
1, 256, 0, 0, 0, 0, 5, 1000, 3;
1, 256, 0, -1, -1, -1, 4, 998, 2;
1, 256, 0, 1, 1, 1, 5, 1000, 3;
1, 256, 0, -1, -1, -1, 3, 998, 1;
1, 256, 0, 0, 0, 0, 5, 1000, 3;
1, 256, 0, -1, -1, -1, 3, 998, 1;
1, 256, 0, 0, 0, 0, 5, 1000, 3;
1, 256, 0, -1, -1, -1, 4, 999, 2;
1, 256, 1, 1, 1, 1, 6, 1001, 4;
1, 256, 0, 0, 0, 0, 5, 1000, 3;
1, 256, 0, 0, 0, 0, 5, 999, 3;
1, 256, 1, 1, 1, 1, 6, 1000, 3;
1, 256, 1, 1, 1, 1, 6, 1000, 4;
1, 256, 0, 0, 0, 0, 4, 999, 2;
1, 256, 0, 0, 0, 0, 5, 1000, 3;
1, 256, 0, 1, 1, 1, 5, 1000, 3;
1, 256, 0, 0, 0, 0, 4, 999, 2;
1, 256, 0, 0, 0, 0, 4, 999, 2;
1, 256, 0, 1, 1, 1, 5, 1000, 3;
1, 256, 0, 0, 0, 0, 5, 1000, 3;
1, 256, 0, -1, -1, -1, 4, 999, 2;
1, 256, 0, 0, 0, 0, 4, 999, 2;
1, 256, 0, 0, 0, 0, 5, 1000, 3;
1, 256, 1, 1, 1, 1, 6, 1001, 4;
1, 256, 0, 0, 0, 0, 5, 1000, 3;
1, 256, 0, 0, 0, 0, 5, 1000, 3;
1, 256, 0, 0, 0, 0, 5, 1000, 3;
1, 256, 0, -1, -1, -1, 4, 999, 2;
1, 256, 0, 0, 0, 0, 4, 999, 2;
1, 256, 0, -1, -1, -1, 4, 999, 2;
1, 256, 0, 1, 1, 1, 5, 1000, 3;
1, 256, 0, 0, 0, 0, 5, 999, 2;
1, 256, 0, 0, 0, 0, 5, 999, 3;
1, 256, 0, 1, 1, 1, 5, 1000, 3;
1, 256, 0, 0, 0, 0, 5, 1000, 3;
1, 256, 1, 1, 1, 1, 6, 1001, 4;
1, 256, 0, 0, 0, 0, 5, 1000, 3;
1, 256, 1, 1, 1, 1, 6, 1001, 4;
1, 256, 1, 1, 1, 1, 6, 1001, 4;
1, 256, 0, 0, 0, 0, 5, 1000, 3;
1, 256, 0, 1, 1, 1, 5, 1000, 3;
1, 256, 0, -1, -1, -1, 4, 999, 2;
1, 256, 0, -1, -1, -1, 4, 999, 2;
1, 256, 1, 1, 1, 1, 6, 1000, 3;
1, 256, 0, 0, 0, 0, 5, 999, 3;
1, 256, 0, 0, 0, 0, 5, 1000, 3;
1, 256, 0, 0, 0, 0, 5, 1000, 3;
1, 256, 0, 0, 0, 0, 5, 1000, 3;
1, 256, 0, 1, 1, 1, 5, 1000, 3;
1, 256, 0, -1, -1, -1, 3, 998, 1;
1, 256, 0, -1, -1, -1, 4, 999, 2;
1, 256, 0, 0, 0, 0, 5, 1000, 3;
1, 256, 0, -1, -1, -1, 4, 999, 2;
1, 256, 0, 0, 0, 0, 4, 999, 2;
1, 256, 0, 0, 0, 0, 4, 999, 2;
1, 256, 0, 0, 0, 0, 5, 1000, 3;
1, 256, 0, 0, 0, 0, 5, 999, 2;
1, 256, 0, 0, 0, 0, 4, 999, 2;
1, 256, 0, 0, 0, 0, 5, 1000, 3;
1, 256, 0, 1, 1, 1, 5, 1000, 3;
1, 256, 0, 1, 1, 1, 5, 1000, 3;
1, 256, 0, -1, -1, -1, 4, 998, 1;
1, 256, 0, 0, 0, 0, 4, 999, 2;
1, 256, 0, 0, 0, 0, 4, 999, 2;
1, 256, 1, 1, 1, 1, 6, 1001, 4;
1, 256, 0, 0, 0, 0, 5, 1000, 3;
1, 256, 0, -1, -1, -1, 4, 999, 2;
1, 256, 0, 1, 1, 1, 5, 1000, 3;
1, 256, 0, -1, -1, -1, 4, 999, 2;
1, 256, 0, 0, 0, 0, 4, 999, 2;
1, 256, 0, -1, -1, -1, 4, 999, 2;
1, 256, 0, 1, 1, 1, 5, 1000, 3;
1, 256, 0, 0, 0, 0, 5, 999, 3;
1, 256, 0, 0, 0, 0, 4, 999, 2;
1, 256, 1, 1, 1, 1, 6, 1001, 4;
0, 256, 0, -1, -1, -1, 3, 998, 1;
1, 256, 0, -1, -1, -1, 4, 999, 2;
1, 256, 0, -1, -1, -1, 3, 998, 1;
1, 256, 0, 0, 0, 0, 5, 1000, 3;
1, 256, 0, 0, 0, 0, 4, 999, 2;
1, 256, 0, 0, 0, 0, 4, 999, 2;
1, 256, 1, 1, 1, 1, 6, 1001, 4;
1, 256, 0, -1, -1, -1, 4, 999, 2;
1, 256, 0, 0, 0, 0, 4, 999, 2;
1, 256, 0, 0, 0, 0, 4, 999, 2;
1, 256, 0, 1, 1, 1, 5, 1000, 3;
1, 256, 0, 0, 0, 0, 5, 1000, 3;
1, 256, 0, 0, 0, 0, 4, 999, 2;
1, 256, 0, 0, 0, 0, 5, 1000, 3;
1, 256, 0, 0, 0, 0, 5, 999, 2;
1, 256, 1, 1, 1, 1, 6, 1001, 4;
1, 256, 0, -1, -1, -1, 4, 999, 2;
1, 256, 0, 0, 0, 0, 4, 999, 2;
1, 256, 0, 0, 0, 0, 5, 1000, 3;
1, 256, 0, -1, -1, -1, 4, 999, 2;
1, 256, 0, 0, 0, 0, 4, 999, 2;
1, 256, 0, -1, -1, -1, 4, 998, 1;
1, 256, 1, 1, 1, 1, 6, 1000, 4;
1, 256, 0, 0, 0, 0, 4, 999, 2;
1, 256, 1, 1, 1, 1, 6, 1001, 4;
1, 256, 0, -1, -1, -1, 4, 999, 2;
1, 256, 0, -1, -1, -1, 4, 999, 2;
1, 256, 0, 0, 0, 0, 4, 999, 2;
1, 256, 1, 1, 1, 1, 6, 1001, 4;
1, 256, 0, 1, 1, 1, 5, 1000, 3;
1, 256, 0, -1, -1, -1, 4, 999, 2;
1, 256, 0, 0, 0, 0, 4, 999, 2;
1, 256, 0, 0, 0, 0, 5, 1000, 3;
1, 256, 0, 0, 0, 0, 5, 1000, 3;
1, 256, 1, 1, 1, 1, 6, 1001, 4;
1, 256, 0, 0, 0, 0, 4, 999, 2;
1, 256, 0, 0, 0, 0, 5, 1000, 3;
1, 256, 0, 0, 0, 0, 4, 999, 2;
0, 256, 0, -1, -1, -1, 3, 998, 1;
1, 256, 0, 0, 0, 0, 5, 1000, 3;
1, 256, 0, 1, 1, 1, 5, 1000, 3;
1, 256, 1, 1, 1, 1, 6, 1001, 4;
1, 256, 0, -1, -1, -1, 3, 998, 1;
1, 256, 0, 0, 0, 0, 5, 1000, 3;
1, 256, 0, -1, -1, -1, 4, 999, 2;
1, 256, 0, 0, 0, 0, 4, 999, 2;
1, 256, 0, 0, 0, 0, 4, 999, 2;
1, 256, 1, 1, 1, 1, 6, 1001, 4;
1, 256, 1, 1, 1, 1, 6, 1001, 4;
1, 256, 0, 0, 0, 0, 5, 1000, 3;
1, 256, 0, 0, 0, 0, 5, 1000, 3;
1, 256, 0, 0, 0, 0, 4, 999, 2;
1, 256, 0, 0, 0, 0, 5, 1000, 3;
1, 256, 0, 0, 0, 0, 4, 999, 2;
1, 256, 1, 1, 1, 1, 6, 1001, 4;
1, 256, 0, 0, 0, 0, 5, 1000, 3;
1, 256, 0, 1, 1, 1, 5, 1000, 3;
1, 256, 1, 1, 1, 1, 6, 1001, 4;
1, 256, 0, 0, 0, 0, 5, 1000, 3;
1, 256, 1, 1, 1, 1, 6, 1001, 4;
1, 256, 0, 0, 0, 0, 5, 1000, 3;
1, 256, 0, -1, -1, -1, 3, 998, 1;
1, 256, 0, 1, 1, 1, 5, 1000, 3;
1, 256, 0, -1, -1, -1, 3, 998, 1;
1, 256, 0, 0, 0, 0, 4, 999, 2;
1, 256, 0, 0, 0, 0, 4, 999, 2;
1, 256, 0, 0, 0, 0, 4, 999, 2;
1, 256, 0, 0, 0, 0, 5, 1000, 3;
1, 256, 0, -1, -1, -1, 4, 999, 2;
1, 256, 0, 0, 0, 0, 4, 999, 2;
1, 256, 0, 1, 1, 1, 5, 1000, 3;
1, 256, 0, -1, -1, -1, 3, 998, 1;
1, 256, 0, 0, 0, 0, 4, 999, 2;
1, 256, 0, 0, 0, 0, 5, 1000, 3;
1, 256, 1, 1, 1, 1, 6, 1001, 4;
1, 256, 0, 1, 1, 1, 5, 1000, 3;
1, 256, 0, 0, 0, 0, 5, 1000, 3;
1, 256, 0, 0, 0, 0, 5, 1000, 3;
1, 256, 0, 0, 0, 0, 5, 1000, 3;
1, 256, 1, 1, 1, 1, 5, 1000, 3;
1, 256, 0, 0, 0, 0, 4, 999, 2;
1, 256, 0, 0, 0, 0, 5, 1000, 3;
1, 256, 0, 0, 0, 0, 5, 999, 3;
1, 256, 0, 0, 0, 0, 4, 999, 2;
1, 256, 1, 1, 1, 1, 6, 1001, 4;
1, 256, 1, 1, 1, 1, 6, 1001, 4;
1, 256, 0, 1, 1, 1, 5, 1000, 3;
1, 256, 0, 0, 0, 0, 5, 1000, 3;
1, 256, 0, 0, 0, 0, 4, 999, 2;
1, 256, 1, 1, 1, 1, 6, 1001, 4;
1, 256, 0, 0, 0, 0, 5, 1000, 3;
1, 256, 0, 0, 0, 0, 5, 1000, 3;
1, 256, 1, 1, 1, 1, 6, 1001, 4;
1, 256, 0, 0, 0, 0, 4, 999, 2;
1, 256, 0, -1, -1, -1, 4, 999, 2;
1, 256, 1, 1, 1, 1, 6, 1001, 4;
1, 256, 0, 0, 0, 0, 5, 1000, 3;
1, 256, 0, -1, -1, -1, 4, 999, 2;
1, 256, 0, 0, 0, 0, 4, 999, 2;
1, 256, 0, 1, 1, 1, 5, 1000, 3;
1, 256, 1, 1, 1, 1, 5, 1000, 3;
1, 256, 1, 1, 1, 1, 6, 1001, 4;
1, 256, 0, 0, 0, 0, 5, 1000, 3;
1, 256, 0, -1, -1, -1, 4, 999, 2;
1, 256, 1, 1, 1, 1, 6, 1001, 4;
1, 256, 0, 0, 0, 0, 5, 1000, 3;
1, 256, 0, 0, 0, 0, 4, 999, 2;
1, 256, 0, 0, 0, 0, 4, 999, 2;
1, 256, 0, 0, 0, 0, 4, 999, 2;
1, 256, 1, 1, 1, 1, 6, 1001, 4;
1, 256, 0, 0, 0, 0, 5, 1000, 3;
1, 256, 1, 1, 1, 1, 5, 1000, 3;
1, 256, 0, 0, 0, 0, 4, 999, 2;
1, 256, 0, -1, -1, -1, 4, 999, 2;
0, 256, 0, -1, -1, -1, 3, 998, 1;
1, 256, 0, 0, 0, 0, 4, 999, 2;
1, 256, 0, 0, 0, 0, 5, 1000, 3;
1, 256, 0, 0, 0, 0, 4, 999, 2;
1, 256, 0, -1, -1, -1, 4, 999, 2;
1, 256, 0, -1, -1, -1, 4, 999, 2;
1, 256, 0, 0, 0, 0, 4, 999, 2;
1, 256, 0, 0, 0, 0, 4, 999, 2;
1, 256, 0, -1, -1, -1, 4, 999, 2;
1, 256, 0, 0, 0, 0, 5, 1000, 3;
1, 256, 0, 0, 0, 0, 5, 1000, 3;
1, 256, 0, 0, 0, 0, 4, 999, 2;
1, 256, 0, -1, -1, -1, 4, 999, 2;
1, 256, 0, -1, -1, -1, 4, 999, 2;
1, 256, 0, 0, 0, 0, 4, 999, 2;
1, 256, 0, -1, -1, -1, 4, 999, 2;
1, 256, 0, 0, 0, 0, 4, 999, 2;
1, 256, 0, 0, 0, 0, 5, 1000, 3;
1, 256, 0, -1, -1, -1, 4, 998, 1;
1, 256, 0, 1, 1, 1, 5, 1000, 3;
1, 256, 0, 0, 0, 0, 5, 1000, 3;
1, 256, 0, -1, -1, -1, 4, 999, 2;
1, 256, 0, -1, -1, -1, 4, 999, 2;
1, 256, 0, 1, 1, 1, 5, 1000, 3;
1, 256, 0, 1, 1, 1, 5, 1000, 3;
1, 256, 0, 1, 1, 1, 5, 1000, 3;
1, 256, 0, -1, -1, -1, 4, 998, 2;
1, 256, 0, 0, 0, 0, 5, 1000, 3;
1, 256, 0, 0, 0, 0, 4, 999, 2;
1, 256, 0, -1, -1, -1, 4, 999, 2;
1, 256, 0, 0, 0, 0, 5, 999, 2;
1, 256, 0, -1, -1, -1, 4, 999, 2;
1, 256, 0, 0, 0, 0, 5, 999, 3;
1, 256, 0, 0, 0, 0, 4, 999, 2;
1, 256, 0, -1, -1, -1, 4, 998, 2;
1, 256, 1, 1, 1, 1, 5, 1000, 3;
1, 256, 0, 0, 0, 0, 5, 1000, 3;
1, 256, 1, 1, 1, 1, 6, 1000, 4;
1, 256, 0, 1, 1, 1, 5, 1000, 3;
1, 256, 0, 0, 0, 0, 4, 999, 2;
1, 256, 0, 0, 0, 0, 5, 1000, 3;
1, 256, 0, -1, -1, -1, 4, 999, 2;
1, 256, 0, 0, 0, 0, 4, 999, 2;
1, 256, 0, 1, 1, 1, 5, 1000, 3;
1, 256, 0, 0, 0, 0, 4, 999, 2;
1, 256, 0, 0, 0, 0, 5, 1000, 3;
1, 256, 0, 1, 1, 1, 5, 1000, 3;
1, 256, 0, 1, 1, 1, 5, 1000, 3;
1, 256, 0, -1, -1, -1, 4, 999, 2;
1, 256, 0, -1, -1, -1, 4, 998, 1;
1, 256, 0, 1, 1, 1, 5, 1000, 3;
1, 256, 0, 0, 0, 0, 5, 1000, 3;
1, 256, 1, 1, 1, 1, 6, 1001, 4;
1, 256, 0, 0, 0, 0, 4, 999, 2;
1, 256, 0, 0, 0, 0, 4, 999, 2;
1, 256, 0, -1, -1, -1, 4, 999, 2;
1, 256, 0, 0, 0, 0, 5, 1000, 3;
1, 256, 0, 0, 0, 0, 5, 1000, 3;
1, 256, 0, 0, 0, 0, 4, 999, 2;
1, 256, 1, 1, 1, 1, 6, 1000, 3;
1, 256, 0, 0, 0, 0, 4, 999, 2;
1, 256, 0, -1, -1, -1, 4, 998, 2;
1, 256, 0, -1, -1, -1, 4, 999, 2;
1, 256, 0, 1, 1, 1, 5, 1000, 3;
1, 256, 0, 0, 0, 0, 4, 999, 2;
1, 256, 0, 0, 0, 0, 5, 1000, 3;
1, 256, 0, -1, -1, -1, 3, 998, 1;
1, 256, 0, -1, -1, -1, 4, 999, 2;
1, 256, 0, -1, -1, -1, 3, 998, 1;
1, 256, 0, 0, 0, 0, 5, 1000, 3;
1, 256, 0, 0, 0, 0, 4, 999, 2;
1, 256, 0, 0, 0, 0, 4, 999, 2;
1, 256, 0, 0, 0, 0, 4, 999, 2;
1, 256, 0, -1, -1, -1, 3, 998, 1;
1, 256, 0, -1, -1, -1, 4, 999, 2;
1, 256, 0, 0, 0, 0, 5, 999, 2;
1, 256, 0, -1, -1, -1, 4, 998, 2;
1, 256, 1, 1, 1, 1, 5, 1000, 3;
1, 256, 0, 0, 0, 0, 5, 1000, 3;
1, 256, 1, 1, 1, 1, 6, 1001, 4;
1, 256, 1, 1, 1, 1, 6, 1001, 4;
1, 256, 0, -1, -1, -1, 4, 999, 2;
1, 256, 0, -1, -1, -1, 4, 999, 2;
1, 256, 0, -1, -1, -1, 4, 999, 2;
1, 256, 0, -1, -1, -1, 4, 999, 2;
1, 256, 0, -1, -1, -1, 4, 999, 2;
1, 256, 0, -1, -1, -1, 4, 999, 2;
1, 256, 0, 0, 0, 0, 5, 1000, 3;
1, 256, 0, 1, 1, 1, 5, 1000, 3;
1, 256, 0, 0, 0, 0, 5, 999, 2;
1, 256, 1, 1, 1, 1, 6, 1000, 3;
1, 256, 1, 1, 1, 1, 6, 1000, 3;
1, 256, 0, 0, 0, 0, 5, 1000, 3;
1, 256, 0, -1, -1, -1, 4, 999, 2;
1, 256, 0, 0, 0, 0, 5, 999, 3;
1, 256, 0, 0, 0, 0, 5, 1000, 3;
1, 256, 0, -1, -1, -1, 4, 999, 2;
1, 256, 0, -1, -1, -1, 3, 998, 1;
1, 256, 1, 1, 1, 1, 6, 1001, 4;
1, 256, 0, -1, -1, -1, 4, 999, 2;
1, 256, 0, -1, -1, -1, 4, 999, 2;
1, 256, 0, 1, 1, 1, 5, 1000, 3;
1, 256, 0, 0, 0, 0, 5, 1000, 3;
1, 256, 1, 1, 1, 1, 6, 1001, 4;
1, 256, 0, 0, 0, 0, 5, 1000, 3;
1, 256, 0, 0, 0, 0, 5, 1000, 3;
1, 256, 0, -1, -1, -1, 4, 998, 2;
1, 256, 0, 0, 0, 0, 5, 1000, 3;
1, 256, 0, 0, 0, 0, 5, 1000, 3;
1, 256, 0, -1, -1, -1, 4, 999, 2;
1, 256, 0, 0, 0, 0, 4, 999, 2;
1, 256, 0, 0, 0, 0, 5, 1000, 3;
1, 256, 0, 0, 0, 0, 4, 999, 2;
1, 256, 0, 0, 0, 0, 4, 999, 2;
1, 256, 1, 1, 1, 1, 5, 1000, 3;
1, 256, 0, 0, 0, 0, 5, 999, 3;
1, 256, 0, 0, 0, 0, 4, 999, 2;
1, 256, 0, -1, -1, -1, 4, 998, 2;
1, 256, 0, 0, 0, 0, 5, 1000, 3;
1, 256, 1, 1, 1, 1, 6, 1001, 4;
1, 256, 0, -1, -1, -1, 3, 998, 1;
1, 256, 0, -1, -1, -1, 3, 998, 1;
1, 256, 0, 0, 0, 0, 5, 1000, 3;
1, 256, 0, 0, 0, 0, 5, 1000, 3;
1, 256, 0, -1, -1, -1, 3, 998, 1;
1, 256, 0, 0, 0, 0, 4, 999, 2;
1, 256, 1, 1, 1, 1, 6, 1001, 4;
1, 256, 0, -1, -1, -1, 4, 999, 2;
1, 256, 0, 1, 1, 1, 5, 1000, 3;
1, 256, 0, 0, 0, 0, 5, 1000, 3;
1, 256, 0, 0, 0, 0, 5, 1000, 3;
1, 256, 0, 0, 0, 0, 5, 1000, 3;
1, 256, 0, -1, -1, -1, 3, 998, 1;
1, 256, 1, 1, 1, 1, 6, 1000, 4;
1, 256, 0, 1, 1, 1, 5, 1000, 3;
1, 256, 0, 0, 0, 0, 5, 1000, 3;
1, 256, 0, -1, -1, -1, 4, 999, 2;
1, 256, 0, 0, 0, 0, 4, 999, 2;
1, 256, 0, 1, 1, 1, 5, 1000, 3;
1, 256, 1, 1, 1, 1, 5, 1000, 3;
1, 256, 0, 0, 0, 0, 4, 999, 2;
1, 256, 0, 0, 0, 0, 5, 1000, 3;
1, 256, 0, 0, 0, 0, 5, 1000, 3;
1, 256, 0, 0, 0, 0, 4, 999, 2;
1, 256, 0, 0, 0, 0, 5, 1000, 3;
1, 256, 0, 0, 0, 0, 5, 999, 2;
1, 256, 0, 0, 0, 0, 5, 1000, 3;
1, 256, 0, 0, 0, 0, 4, 999, 2;
1, 256, 0, 0, 0, 0, 4, 999, 2;
1, 256, 0, 0, 0, 0, 5, 1000, 3;
1, 256, 0, 0, 0, 0, 5, 1000, 3;
1, 256, 0, 0, 0, 0, 5, 1000, 3;
1, 256, 0, 0, 0, 0, 5, 1000, 3;
1, 256, 0, 0, 0, 0, 4, 999, 2;
1, 256, 0, -1, -1, -1, 4, 998, 1;
1, 256, 0, -1, -1, -1, 4, 999, 2;
1, 256, 0, -1, -1, -1, 4, 998, 2;
1, 256, 1, 1, 1, 1, 5, 1000, 3;
1, 256, 0, 0, 0, 0, 5, 1000, 3;
1, 256, 0, 0, 0, 0, 4, 999, 2;
1, 256, 0, -1, -1, -1, 4, 998, 2;
1, 256, 0, 0, 0, 0, 4, 999, 2;
1, 256, 0, 0, 0, 0, 4, 999, 2;
1, 256, 0, 0, 0, 0, 5, 1000, 3;
1, 256, 0, -1, -1, -1, 4, 999, 2;
1, 256, 0, 0, 0, 0, 5, 1000, 3;
1, 256, 0, 1, 1, 1, 5, 1000, 3;
1, 256, 1, 1, 1, 1, 6, 1001, 4;
1, 256, 0, 0, 0, 0, 5, 1000, 3;
1, 256, 1, 1, 1, 1, 6, 1001, 4;
1, 256, 1, 1, 1, 1, 6, 1001, 4;
1, 256, 1, 1, 1, 1, 6, 1001, 4;
1, 256, 0, 0, 0, 0, 5, 1000, 3;
1, 256, 0, -1, -1, -1, 4, 999, 2;
1, 256, 1, 1, 1, 1, 6, 1000, 3;
1, 256, 0, 0, 0, 0, 5, 1000, 3;
1, 256, 0, -1, -1, -1, 4, 999, 2;
1, 256, 0, -1, -1, -1, 4, 999, 2;
1, 256, 0, 0, 0, 0, 5, 1000, 3;
1, 256, 0, -1, -1, -1, 4, 999, 2;
1, 256, 0, 1, 1, 1, 5, 1000, 3;
1, 256, 0, 0, 0, 0, 5, 999, 2;
1, 256, 0, 0, 0, 0, 4, 999, 2;
1, 256, 0, -1, -1, -1, 3, 998, 1;
1, 256, 0, 0, 0, 0, 4, 999, 2;
1, 256, 1, 1, 1, 1, 6, 1001, 4;
1, 256, 0, 0, 0, 0, 4, 999, 2;
1, 256, 0, -1, -1, -1, 4, 998, 1;
1, 256, 0, 1, 1, 1, 5, 1000, 3;
1, 256, 0, -1, -1, -1, 4, 999, 2;
1, 256, 0, 0, 0, 0, 5, 1000, 3;
1, 256, 0, 0, 0, 0, 5, 1000, 3;
1, 256, 0, -1, -1, -1, 4, 999, 2;
1, 256, 0, 1, 1, 1, 5, 1000, 3;
1, 256, 0, 0, 0, 0, 5, 1000, 3;
1, 256, 0, 0, 0, 0, 5, 1000, 3;
1, 256, 0, 0, 0, 0, 4, 999, 2;
1, 256, 0, 0, 0, 0, 4, 999, 2;
1, 256, 0, 0, 0, 0, 5, 1000, 3;
1, 256, 0, 0, 0, 0, 4, 999, 2;
1, 256, 1, 1, 1, 1, 6, 1001, 4;
1, 256, 0, 0, 0, 0, 4, 999, 2;
1, 256, 0, 0, 0, 0, 5, 1000, 3;
1, 256, 0, 0, 0, 0, 5, 1000, 3;
1, 256, 0, -1, -1, -1, 3, 998, 1;
1, 256, 0, 0, 0, 0, 4, 999, 2;
1, 256, 1, 1, 1, 1, 6, 1001, 4;
1, 256, 0, 0, 0, 0, 4, 999, 2;
1, 256, 0, -1, -1, -1, 4, 999, 2;
1, 256, 0, 0, 0, 0, 4, 999, 2;
1, 256, 0, 0, 0, 0, 4, 999, 2;
1, 256, 0, 0, 0, 0, 4, 999, 2;
1, 256, 0, 0, 0, 0, 5, 1000, 3;
1, 256, 0, 0, 0, 0, 5, 1000, 3;
1, 256, 0, -1, -1, -1, 4, 998, 2;
1, 256, 0, 0, 0, 0, 5, 1000, 3;
1, 256, 0, 0, 0, 0, 4, 999, 2;
1, 256, 0, 0, 0, 0, 5, 1000, 3;
1, 256, 1, 1, 1, 1, 6, 1001, 4;
1, 256, 1, 1, 1, 1, 6, 1001, 4;
1, 256, 0, 0, 0, 0, 4, 999, 2;
1, 256, 0, 1, 1, 1, 5, 1000, 3;
1, 256, 1, 1, 1, 1, 6, 1001, 4;
1, 256, 0, -1, -1, -1, 3, 998, 1;
1, 256, 0, -1, -1, -1, 4, 998, 2;
1, 256, 0, 0, 0, 0, 5, 999, 3;
1, 256, 0, 0, 0, 0, 4, 999, 2;
1, 256, 0, -1, -1, -1, 4, 998, 2;
1, 256, 0, 0, 0, 0, 4, 999, 2;
1, 256, 0, 0, 0, 0, 5, 1000, 3;
1, 256, 0, -1, -1, -1, 4, 999, 2;
1, 256, 0, 0, 0, 0, 5, 1000, 3;
1, 256, 0, 1, 1, 1, 5, 1000, 3;
1, 256, 0, 0, 0, 0, 4, 999, 2;
1, 256, 0, 0, 0, 0, 5, 1000, 3;
1, 256, 1, 1, 1, 1, 6, 1001, 4;
1, 256, 0, 0, 0, 0, 5, 1000, 3;
1, 256, 0, 0, 0, 0, 5, 1000, 3;
1, 256, 0, 0, 0, 0, 5, 1000, 3;
1, 256, 0, 1, 1, 1, 5, 1000, 3;
1, 256, 0, -1, -1, -1, 4, 999, 2;
1, 256, 0, 0, 0, 0, 4, 999, 2;
1, 256, 1, 1, 1, 1, 6, 1001, 4;
1, 256, 0, 0, 0, 0, 5, 1000, 3;
1, 256, 0, -1, -1, -1, 4, 999, 2;
1, 256, 1, 1, 1, 1, 6, 1000, 3;
1, 256, 1, 1, 1, 1, 6, 1000, 4;
1, 256, 0, -1, -1, -1, 4, 998, 2;
1, 256, 0, -1, -1, -1, 4, 999, 2;
1, 256, 0, 0, 0, 0, 4, 999, 2;
1, 256, 0, -1, -1, -1, 3, 998, 1;
1, 256, 0, 0, 0, 0, 4, 999, 2;
1, 256, 0, 0, 0, 0, 5, 1000, 3;
1, 256, 0, 0, 0, 0, 5, 999, 3;
1, 256, 0, -1, -1, -1, 3, 998, 1;
1, 256, 0, 0, 0, 0, 5, 1000, 3;
1, 256, 0, 0, 0, 0, 5, 1000, 3;
1, 256, 0, 0, 0, 0, 5, 1000, 3;
1, 256, 0, 1, 1, 1, 5, 1000, 3;
1, 256, 0, -1, -1, -1, 3, 998, 1;
1, 256, 1, 1, 1, 1, 6, 1000, 4;
1, 256, 0, 0, 0, 0, 5, 1000, 3;
1, 256, 0, 0, 0, 0, 4, 999, 2;
1, 256, 0, 0, 0, 0, 4, 999, 2;
1, 256, 0, 1, 1, 1, 5, 1000, 3;
1, 256, 0, 0, 0, 0, 5, 1000, 3;
1, 256, 0, 0, 0, 0, 5, 1000, 3;
1, 256, 0, 0, 0, 0, 5, 1000, 3;
1, 256, 0, 1, 1, 1, 5, 1000, 3;
1, 256, 0, 0, 0, 0, 4, 999, 2;
1, 256, 0, -1, -1, -1, 4, 999, 2;
1, 256, 0, -1, -1, -1, 4, 999, 2;
1, 256, 1, 1, 1, 1, 5, 1000, 3;
1, 256, 0, 0, 0, 0, 5, 1000, 3;
1, 256, 1, 1, 1, 1, 6, 1000, 3;
1, 256, 0, 0, 0, 0, 5, 1000, 3;
1, 256, 0, -1, -1, -1, 4, 999, 2;
1, 256, 0, -1, -1, -1, 4, 998, 2;
1, 256, 0, 0, 0, 0, 5, 1000, 3;
1, 256, 1, 1, 1, 1, 5, 1000, 3;
1, 256, 1, 1, 1, 1, 5, 1000, 3;
1, 256, 0, 0, 0, 0, 5, 1000, 3;
1, 256, 0, -1, -1, -1, 4, 999, 2;
1, 256, 0, 0, 0, 0, 4, 999, 2;
1, 256, 0, 0, 0, 0, 5, 1000, 3;
1, 256, 0, -1, -1, -1, 4, 999, 2;
1, 256, 1, 1, 1, 1, 6, 1000, 4;
1, 256, 0, 0, 0, 0, 4, 999, 2;
1, 256, 0, 1, 1, 1, 5, 1000, 3;
1, 256, 0, -1, -1, -1, 4, 998, 2;
1, 256, 0, 0, 0, 0, 4, 999, 2;
1, 256, 0, 1, 1, 1, 5, 1000, 3;
1, 256, 0, 0, 0, 0, 5, 1000, 3;
1, 256, 0, 0, 0, 0, 5, 1000, 3;
1, 256, 0, 0, 0, 0, 5, 1000, 3;
1, 256, 0, 0, 0, 0, 4, 999, 2;
1, 256, 1, 1, 1, 1, 6, 1001, 4;
1, 256, 0, 0, 0, 0, 4, 999, 2;
1, 256, 1, 1, 1, 1, 6, 1001, 4;
1, 256, 0, -1, -1, -1, 4, 999, 2;
1, 256, 0, 1, 1, 1, 5, 1000, 3;
1, 256, 0, 1, 1, 1, 5, 1000, 3;
1, 256, 0, 0, 0, 0, 5, 1000, 3;
1, 256, 0, 0, 0, 0, 4, 999, 2;
1, 256, 0, 0, 0, 0, 5, 1000, 3;
1, 256, 0, 0, 0, 0, 4, 999, 2;
1, 256, 1, 1, 1, 1, 6, 1001, 4;
1, 256, 0, -1, -1, -1, 4, 999, 2;
1, 256, 1, 1, 1, 1, 6, 1001, 4;
1, 256, 0, 0, 0, 0, 5, 1000, 3;
1, 256, 0, -1, -1, -1, 3, 998, 1;
1, 256, 0, 0, 0, 0, 5, 999, 2;
1, 256, 0, -1, -1, -1, 4, 998, 2;
1, 256, 0, 0, 0, 0, 5, 1000, 3;
1, 256, 0, 0, 0, 0, 5, 1000, 3;
1, 256, 0, 0, 0, 0, 5, 1000, 3;
1, 256, 0, 1, 1, 1, 5, 1000, 3;
1, 256, 0, 0, 0, 0, 4, 999, 2;
1, 256, 0, 0, 0, 0, 4, 999, 2;
1, 256, 0, -1, -1, -1, 4, 999, 2;
1, 256, 0, -1, -1, -1, 4, 999, 2;
1, 256, 0, -1, -1, -1, 4, 999, 2;
1, 256, 0, -1, -1, -1, 4, 999, 2;
1, 256, 0, 0, 0, 0, 4, 999, 2;
1, 256, 0, -1, -1, -1, 4, 999, 2;
1, 256, 0, 0, 0, 0, 5, 1000, 3;
1, 256, 0, -1, -1, -1, 3, 998, 1;
1, 256, 0, 0, 0, 0, 4, 999, 2;
1, 256, 0, -1, -1, -1, 4, 998, 1;
1, 256, 0, 0, 0, 0, 5, 1000, 3;
1, 256, 0, 0, 0, 0, 4, 999, 2;
1, 256, 0, 0, 0, 0, 4, 999, 2;
1, 256, 0, -1, -1, -1, 4, 999, 2;
1, 256, 0, 0, 0, 0, 4, 999, 2;
1, 256, 0, 0, 0, 0, 5, 1000, 3;
1, 256, 0, 0, 0, 0, 4, 999, 2;
1, 256, 0, 0, 0, 0, 5, 999, 3;
1, 256, 0, 0, 0, 0, 5, 1000, 3;
1, 256, 0, 0, 0, 0, 4, 999, 2;
1, 256, 0, 0, 0, 0, 4, 999, 2;
1, 256, 0, 0, 0, 0, 5, 1000, 3;
1, 256, 0, 0, 0, 0, 5, 1000, 3;
1, 256, 0, -1, -1, -1, 4, 999, 2;
1, 256, 0, 1, 1, 1, 5, 1000, 3;
1, 256, 1, 1, 1, 1, 6, 1000, 3;
1, 256, 1, 1, 1, 1, 6, 1000, 3;
1, 256, 0, -1, -1, -1, 4, 999, 2;
1, 256, 0, 0, 0, 0, 5, 1000, 3;
1, 256, 1, 1, 1, 1, 6, 1001, 4;
1, 256, 0, 0, 0, 0, 4, 999, 2;
1, 256, 0, 0, 0, 0, 5, 1000, 3;
1, 256, 0, 0, 0, 0, 5, 1000, 3;
1, 256, 0, 0, 0, 0, 4, 999, 2;
1, 256, 0, 0, 0, 0, 4, 999, 2;
1, 256, 0, -1, -1, -1, 4, 999, 2;
1, 256, 0, 0, 0, 0, 5, 999, 2;
1, 256, 0, 1, 1, 1, 5, 1000, 3;
1, 256, 0, -1, -1, -1, 4, 999, 2;
1, 256, 0, 0, 0, 0, 5, 1000, 3;
1, 256, 0, 0, 0, 0, 5, 1000, 3;
1, 256, 0, 0, 0, 0, 5, 1000, 3;
1, 256, 0, 0, 0, 0, 5, 1000, 3;
1, 256, 0, 0, 0, 0, 4, 999, 2;
1, 256, 0, 0, 0, 0, 5, 1000, 3;
1, 256, 0, 0, 0, 0, 5, 1000, 3;
1, 256, 1, 1, 1, 1, 6, 1001, 4;
1, 256, 0, 0, 0, 0, 5, 1000, 3;
1, 256, 0, 0, 0, 0, 4, 999, 2;
1, 256, 0, 1, 1, 1, 5, 1000, 3;
1, 256, 0, 0, 0, 0, 5, 1000, 3;
1, 256, 0, 0, 0, 0, 5, 1000, 3;
1, 256, 0, -1, -1, -1, 4, 999, 2;
1, 256, 0, 0, 0, 0, 5, 1000, 3;
1, 256, 1, 1, 1, 1, 6, 1001, 4;
1, 256, 1, 1, 1, 1, 6, 1001, 4;
1, 256, 0, -1, -1, -1, 3, 998, 1;
1, 256, 0, 0, 0, 0, 4, 999, 2;
1, 256, 0, 0, 0, 0, 5, 999, 3;
1, 256, 0, -1, -1, -1, 4, 999, 2;
1, 256, 0, 0, 0, 0, 5, 1000, 3;
1, 256, 1, 1, 1, 1, 6, 1001, 4;
1, 256, 0, 0, 0, 0, 4, 999, 2;
1, 256, 0, 1, 1, 1, 5, 1000, 3;
1, 256, 0, 0, 0, 0, 5, 1000, 3;
1, 256, 0, 0, 0, 0, 4, 999, 2;
1, 256, 0, 0, 0, 0, 4, 999, 2;
1, 256, 1, 1, 1, 1, 6, 1001, 4;
1, 256, 0, 0, 0, 0, 5, 1000, 3;
1, 256, 0, -1, -1, -1, 4, 999, 2;
1, 256, 0, 1, 1, 1, 5, 1000, 3;
1, 256, 0, -1, -1, -1, 4, 999, 2;
1, 256, 0, 0, 0, 0, 4, 999, 2;
1, 256, 0, 0, 0, 0, 5, 1000, 3;
1, 256, 0, -1, -1, -1, 4, 999, 2;
1, 256, 0, 0, 0, 0, 5, 1000, 3;
1, 256, 0, 0, 0, 0, 5, 999, 2;
1, 256, 0, -1, -1, -1, 3, 998, 1;
1, 256, 0, 0, 0, 0, 4, 999, 2;
1, 256, 0, 1, 1, 1, 5, 1000, 3;
1, 256, 1, 1, 1, 1, 5, 1000, 3;
1, 256, 0, -1, -1, -1, 4, 999, 2;
1, 256, 0, -1, -1, -1, 3, 998, 1;
1, 256, 0, 0, 0, 0, 4, 999, 2;
1, 256, 0, 0, 0, 0, 5, 1000, 3;
1, 256, 0, -1, -1, -1, 4, 998, 2;
1, 256, 0, 0, 0, 0, 4, 999, 2;
1, 256, 0, 0, 0, 0, 5, 1000, 3;
1, 256, 0, 0, 0, 0, 5, 1000, 3;
1, 256, 0, 0, 0, 0, 4, 999, 2;
1, 256, 0, -1, -1, -1, 4, 999, 2;
1, 256, 0, 0, 0, 0, 5, 1000, 3;
1, 256, 0, -1, -1, -1, 4, 999, 2;
1, 256, 0, -1, -1, -1, 4, 999, 2;
1, 256, 0, 0, 0, 0, 4, 999, 2;
1, 256, 1, 1, 1, 1, 6, 1000, 4;
1, 256, 0, 0, 0, 0, 4, 999, 2;
1, 256, 0, 0, 0, 0, 5, 1000, 3;
1, 256, 0, 0, 0, 0, 4, 999, 2;
1, 256, 1, 1, 1, 1, 6, 1001, 4;
1, 256, 0, 1, 1, 1, 5, 1000, 3;
1, 256, 0, 0, 0, 0, 4, 999, 2;
1, 256, 0, 0, 0, 0, 4, 999, 2;
1, 256, 0, 0, 0, 0, 4, 999, 2;
1, 256, 0, 0, 0, 0, 4, 999, 2;
1, 256, 0, 0, 0, 0, 5, 1000, 3;
1, 256, 0, 0, 0, 0, 5, 1000, 3;
1, 256, 1, 1, 1, 1, 6, 1001, 4;
1, 256, 0, -1, -1, -1, 4, 998, 2;
1, 256, 0, 0, 0, 0, 5, 1000, 3;
1, 256, 0, -1, -1, -1, 4, 998, 1;
1, 256, 1, 1, 1, 1, 6, 1001, 4;
1, 256, 0, 0, 0, 0, 4, 999, 2;
1, 256, 0, 0, 0, 0, 5, 1000, 3;
1, 256, 0, -1, -1, -1, 4, 999, 2;
1, 256, 0, 0, 0, 0, 5, 999, 3;
1, 256, 1, 1, 1, 1, 6, 1000, 4;
1, 256, 0, 0, 0, 0, 4, 999, 2;
1, 256, 0, 0, 0, 0, 4, 999, 2;
1, 256, 0, 0, 0, 0, 4, 999, 2;
1, 256, 0, -1, -1, -1, 4, 999, 2;
1, 256, 1, 1, 1, 1, 6, 1001, 4;
1, 256, 0, -1, -1, -1, 4, 999, 2;
1, 256, 0, 0, 0, 0, 4, 999, 2;
1, 256, 0, -1, -1, -1, 3, 998, 1;
1, 256, 0, -1, -1, -1, 3, 998, 1;
1, 256, 1, 1, 1, 1, 6, 1001, 4;
1, 256, 0, 1, 1, 1, 5, 1000, 3;
1, 256, 0, -1, -1, -1, 4, 999, 2;
1, 256, 0, -1, -1, -1, 4, 999, 2;
1, 256, 0, 1, 1, 1, 5, 1000, 3;
1, 256, 0, -1, -1, -1, 4, 999, 2;
1, 256, 1, 1, 1, 1, 6, 1001, 4;
1, 256, 0, 0, 0, 0, 5, 1000, 3;
1, 256, 1, 1, 1, 1, 6, 1000, 3;
1, 256, 0, 0, 0, 0, 5, 999, 3;
1, 256, 0, 0, 0, 0, 5, 1000, 3;
1, 256, 0, 0, 0, 0, 5, 1000, 3;
1, 256, 0, 0, 0, 0, 5, 999, 2;
1, 256, 0, -1, -1, -1, 3, 998, 1;
1, 256, 0, 0, 0, 0, 4, 999, 2;
1, 256, 0, 0, 0, 0, 4, 999, 2;
1, 256, 0, 1, 1, 1, 5, 1000, 3;
1, 256, 0, 0, 0, 0, 5, 1000, 3;
1, 256, 0, 0, 0, 0, 4, 999, 2;
1, 256, 1, 1, 1, 1, 6, 1001, 4;
1, 256, 0, -1, -1, -1, 4, 999, 2;
1, 256, 0, 0, 0, 0, 4, 999, 2;
1, 256, 0, 0, 0, 0, 5, 1000, 3;
1, 256, 0, 1, 1, 1, 5, 1000, 3;
1, 256, 0, 0, 0, 0, 4, 999, 2;
1, 256, 0, 0, 0, 0, 4, 999, 2;
1, 256, 0, 0, 0, 0, 4, 999, 2;
1, 256, 0, 0, 0, 0, 5, 1000, 3;
1, 256, 1, 1, 1, 1, 6, 1001, 4;
1, 256, 0, 0, 0, 0, 5, 1000, 3;
1, 256, 0, 0, 0, 0, 5, 1000, 3;
1, 256, 0, 0, 0, 0, 4, 999, 2;
1, 256, 0, 0, 0, 0, 5, 1000, 3;
1, 256, 1, 1, 1, 1, 6, 1000, 3;
1, 256, 0, 1, 1, 1, 5, 1000, 3;
1, 256, 0, -1, -1, -1, 4, 999, 2;
1, 256, 0, 0, 0, 0, 4, 999, 2;
1, 256, 0, 0, 0, 0, 5, 1000, 3;
1, 256, 0, -1, -1, -1, 4, 999, 2;
1, 256, 0, -1, -1, -1, 4, 999, 2;
1, 256, 0, 0, 0, 0, 4, 999, 2;
1, 256, 0, 0, 0, 0, 5, 1000, 3;
1, 256, 0, 0, 0, 0, 4, 999, 2;
1, 256, 0, -1, -1, -1, 4, 998, 2;
1, 256, 0, 0, 0, 0, 4, 999, 2;
1, 256, 0, -1, -1, -1, 4, 999, 2;
1, 256, 0, -1, -1, -1, 4, 999, 2;
1, 256, 0, 1, 1, 1, 5, 1000, 3;
1, 256, 1, 1, 1, 1, 6, 1001, 4;
1, 256, 0, -1, -1, -1, 4, 999, 2;
1, 256, 0, 0, 0, 0, 5, 1000, 3;
1, 256, 1, 1, 1, 1, 6, 1000, 4;
1, 256, 0, -1, -1, -1, 4, 999, 2;
1, 256, 1, 1, 1, 1, 6, 1000, 4;
1, 256, 0, 0, 0, 0, 4, 999, 2;
1, 256, 0, 0, 0, 0, 4, 999, 2;
1, 256, 0, 0, 0, 0, 5, 1000, 3;
1, 256, 0, -1, -1, -1, 4, 999, 2;
1, 256, 1, 1, 1, 1, 6, 1001, 4;
1, 256, 0, 1, 1, 1, 5, 1000, 3;
1, 256, 1, 1, 1, 1, 6, 1001, 4;
1, 256, 0, -1, -1, -1, 4, 999, 2;
1, 256, 0, -1, -1, -1, 4, 998, 2;
1, 256, 0, 1, 1, 1, 5, 1000, 3;
1, 256, 0, -1, -1, -1, 4, 999, 2;
1, 256, 1, 1, 1, 1, 6, 1001, 4;
1, 256, 0, 0, 0, 0, 4, 999, 2;
1, 256, 0, 0, 0, 0, 5, 1000, 3;
1, 256, 0, 0, 0, 0, 5, 1000, 3;
1, 256, 0, 0, 0, 0, 5, 1000, 3;
1, 256, 1, 1, 1, 1, 6, 1001, 4;