0, 296, 13, 1, 411, 1, 1, 1154, 52;
4, 298, 15, 35, 418, 8, 17, 1163, 61;
5, 297, 14, 59, 413, 5, 20, 1159, 58;
3, 293, 11, 75, 400, -5, 13, 1145, 44;
8, 296, 14, 112, 407, 4, 32, 1155, 56;
5, 291, 9, 123, 388, -10, 20, 1136, 38;
13, 297, 16, 171, 405, 11, 54, 1161, 65;
12, 293, 13, 186, 388, 1, 47, 1146, 52;
12, 292, 12, 208, 378, -2, 49, 1138, 47;
18, 295, 16, 247, 384, 11, 72, 1153, 65;
17, 291, 13, 262, 366, 1, 66, 1138, 52;
19, 291, 14, 288, 360, 4, 76, 1138, 56;
20, 290, 14, 311, 350, 4, 81, 1134, 56;
17, 284, 9, 318, 323, -11, 67, 1110, 36;
21, 286, 12, 349, 321, -2, 84, 1118, 48;
22, 285, 11, 368, 307, -3, 88, 1111, 46;
28, 288, 16, 403, 309, 11, 111, 1125, 64;
27, 285, 14, 417, 290, 5, 108, 1112, 57;
23, 278, 9, 418, 258, -12, 91, 1086, 35;
26, 279, 11, 442, 251, -5, 105, 1089, 44;
31, 281, 15, 471, 247, 6, 123, 1098, 59;
34, 281, 16, 490, 235, 10, 132, 1097, 64;
34, 279, 16, 504, 219, 10, 136, 1091, 64;
35, 278, 16, 518, 203, 11, 140, 1085, 65;
35, 275, 15, 525, 180, 6, 136, 1072, 58;
32, 270, 12, 527, 153, -3, 128, 1054, 47;
30, 266, 9, 528, 127, -11, 120, 1037, 36;
35, 268, 13, 550, 122, 2, 139, 1047, 53;
31, 262, 9, 544, 90, -10, 124, 1024, 37;
33, 261, 10, 554, 75, -7, 130, 1021, 41;
33, 260, 10, 559, 57, -6, 132, 1015, 42;
38, 263, 15, 578, 52, 7, 151, 1026, 60;
37, 259, 14, 575, 28, 3, 146, 1013, 54;
32, 253, 9, 561, -5, -12, 127, 987, 35;
39, 258, 16, 583, -2, 10, 155, 1008, 63;
33, 250, 10, 563, -40, -8, 132, 977, 40;
35, 250, 11, 565, -55, -3, 137, 976, 46;
37, 251, 14, 569, -66, 4, 146, 979, 56;
32, 244, 9, 549, -99, -9, 126, 954, 38;
36, 247, 14, 557, -103, 4, 143, 965, 56;
36, 246, 14, 551, -120, 5, 143, 960, 58;
34, 242, 13, 537, -144, 0, 133, 946, 51;
34, 241, 13, 528, -161, 1, 132, 941, 52;
34, 240, 14, 520, -175, 4, 134, 938, 56;
35, 240, 16, 512, -187, 9, 137, 938, 63;
32, 236, 13, 491, -211, 2, 125, 923, 54;
33, 237, 16, 484, -219, 10, 130, 926, 63;
29, 232, 12, 458, -246, 0, 113, 907, 50;
27, 230, 12, 439, -263, -2, 106, 899, 47;
23, 226, 9, 413, -286, -10, 92, 883, 37;
29, 231, 16, 415, -279, 10, 113, 904, 63;
26, 229, 14, 391, -297, 5, 102, 893, 57;
26, 229, 16, 376, -305, 10, 104, 895, 64;
24, 227, 15, 352, -319, 7, 95, 887, 60;
18, 221, 10, 315, -346, -7, 71, 864, 42;
17, 221, 11, 293, -355, -5, 67, 862, 43;
15, 220, 11, 271, -364, -5, 62, 859, 44;
17, 222, 14, 257, -362, 5, 69, 869, 57;
12, 218, 11, 222, -381, -5, 49, 852, 43;
11, 217, 11, 196, -389, -5, 43, 849, 43;
13, 221, 15, 184, -382, 6, 52, 863, 59;
8, 217, 11, 147, -399, -3, 32, 847, 46;
6, 216, 11, 119, -405, -5, 24, 844, 44;
5, 216, 12, 95, -406, -2, 20, 845, 47;
7, 220, 15, 80, -398, 8, 28, 858, 61;
5, 220, 16, 54, -399, 9, 22, 859, 62;
0, 215, 11, 12, -414, -5, -1, 840, 44;
0, 217, 13, -6, -407, 2, 0, 850, 53;
-2, 216, 12, -37, -410, -1, -11, 845, 48;
-7, 214, 9, -73, -417, -10, -28, 835, 37;
-9, 213, 9, -101, -416, -11, -37, 834, 36;
-11, 214, 9, -127, -412, -11, -43, 835, 36;
-9, 218, 12, -143, -397, 0, -36, 850, 49;
-9, 220, 14, -163, -386, 5, -35, 860, 57;
-11, 220, 13, -191, -382, 2, -45, 859, 54;
-16, 217, 10, -228, -387, -9, -65, 847, 39;
-17, 218, 10, -251, -378, -7, -70, 852, 41;
-14, 223, 15, -261, -355, 6, -58, 873, 59;
-15, 225, 15, -283, -343, 8, -61, 879, 61;
-22, 220, 10, -323, -351, -8, -88, 861, 40;
-22, 223, 12, -340, -334, -3, -87, 872, 46;
-21, 227, 14, -353, -314, 5, -82, 887, 57;
-20, 230, 16, -368, -296, 10, -81, 898, 64;
-29, 224, 9, -411, -306, -12, -114, 875, 35;
-28, 227, 11, -423, -286, -5, -111, 888, 43;
-31, 227, 9, -448, -278, -12, -123, 885, 35;
-25, 235, 16, -442, -240, 10, -99, 919, 64;
-26, 237, 16, -459, -225, 10, -103, 924, 63;
-30, 235, 13, -482, -218, 1, -118, 919, 52;
-30, 238, 14, -495, -199, 3, -119, 928, 55;
-29, 241, 16, -500, -175, 10, -114, 943, 64;
-33, 240, 12, -523, -169, 0, -130, 936, 50;
-35, 240, 11, -537, -154, -3, -137, 939, 46;
-35, 243, 12, -544, -134, -1, -137, 948, 48;
-38, 241, 9, -562, -126, -11, -151, 942, 36;
-34, 248, 14, -554, -92, 2, -135, 967, 54;
-36, 248, 12, -564, -77, 0, -140, 970, 50;
-32, 254, 16, -557, -46, 10, -127, 992, 64;
-39, 249, 9, -581, -48, -10, -154, 972, 38;
-35, 256, 14, -568, -14, 4, -136, 998, 56;
-40, 252, 9, -585, -12, -12, -157, 985, 35;
-34, 260, 14, -567, 25, 5, -135, 1014, 58;
-37, 259, 12, -573, 35, -2, -145, 1011, 47;
-32, 265, 16, -556, 68, 11, -127, 1035, 64;
-32, 266, 16, -554, 86, 9, -128, 1040, 62;
-39, 261, 9, -569, 83, -12, -153, 1020, 36;
-31, 271, 16, -539, 126, 11, -122, 1057, 65;
-31, 271, 15, -534, 141, 8, -124, 1060, 61;
-31, 273, 15, -526, 157, 7, -123, 1065, 59;
-30, 275, 16, -513, 178, 9, -117, 1075, 63;
-30, 276, 15, -504, 193, 7, -118, 1078, 59;
-35, 272, 9, -508, 192, -10, -136, 1062, 37;
-29, 279, 14, -479, 224, 5, -114, 1088, 57;
-31, 277, 11, -473, 232, -3, -121, 1083, 46;
-29, 280, 12, -454, 250, -1, -114, 1092, 49;
-30, 278, 10, -445, 257, -9, -119, 1088, 39;
-30, 279, 9, -430, 268, -12, -118, 1089, 36;
-26, 283, 12, -401, 292, -2, -102, 1107, 48;
-27, 282, 9, -389, 297, -10, -107, 1102, 38;
-20, 289, 15, -350, 328, 8, -78, 1129, 61;
-20, 288, 13, -335, 333, 2, -81, 1126, 53;
-20, 288, 12, -316, 341, -1, -79, 1126, 49;
-18, 290, 13, -290, 354, 1, -70, 1133, 52;
-19, 288, 10, -275, 355, -6, -75, 1126, 42;
-13, 293, 15, -238, 377, 6, -52, 1146, 58;
-11, 295, 15, -211, 387, 8, -44, 1151, 61;
-8, 296, 16, -183, 396, 11, -34, 1157, 64;
-11, 293, 12, -170, 390, -1, -43, 1144, 49;
-9, 293, 12, -144, 395, -1, -37, 1146, 49;
-5, 296, 14, -110, 407, 5, -21, 1156, 58;
-2, 298, 16, -79, 414, 10, -9, 1163, 63;
-6, 292, 10, -70, 399, -7, -25, 1142, 41;
-1, 296, 13, -34, 410, 1, -7, 1154, 52;
-2, 293, 11, -15, 403, -6, -10, 1144, 42;
4, 299, 16, 29, 420, 11, 18, 1166, 64;
3, 295, 13, 46, 409, 1, 12, 1154, 52;
5, 296, 14, 75, 409, 3, 21, 1155, 54;
8, 297, 15, 105, 410, 6, 32, 1158, 58;
4, 291, 9, 113, 388, -11, 16, 1134, 36;
11, 296, 15, 158, 401, 6, 45, 1155, 59;
10, 293, 12, 175, 387, -2, 41, 1142, 48;
15, 295, 15, 210, 390, 7, 59, 1152, 60;
15, 293, 13, 230, 378, 2, 59, 1143, 53;
14, 289, 10, 245, 361, -6, 54, 1129, 42;
14, 287, 9, 266, 348, -10, 56, 1121, 38;
18, 289, 12, 299, 348, 0, 73, 1129, 50;
19, 287, 11, 318, 334, -4, 75, 1121, 45;
23, 288, 14, 347, 331, 3, 89, 1126, 55;
21, 285, 11, 361, 311, -4, 85, 1112, 45;
21, 282, 9, 375, 292, -10, 83, 1100, 38;
29, 287, 16, 415, 299, 10, 113, 1120, 63;
23, 279, 9, 412, 264, -11, 91, 1088, 36;
25, 278, 10, 433, 252, -8, 99, 1087, 40;
27, 277, 11, 452, 239, -6, 106, 1083, 43;
31, 279, 14, 478, 233, 3, 122, 1090, 55;
32, 278, 14, 493, 218, 4, 126, 1085, 56;
28, 272, 9, 492, 187, -9, 112, 1061, 38;
35, 276, 15, 522, 187, 7, 137, 1076, 60;
35, 274, 15, 533, 169, 6, 139, 1069, 59;
30, 266, 9, 525, 133, -11, 119, 1039, 36;
31, 264, 9, 534, 114, -11, 121, 1032, 36;
31, 263, 9, 543, 97, -10, 124, 1027, 38;
34, 263, 11, 555, 85, -4, 134, 1028, 45;
39, 266, 16, 575, 80, 9, 152, 1038, 63;
33, 258, 9, 558, 41, -10, 128, 1006, 38;
33, 256, 10, 563, 23, -8, 131, 1001, 40;
35, 256, 11, 569, 8, -3, 137, 999, 46;
39, 258, 15, 582, 2, 9, 154, 1008, 62;
33, 250, 9, 562, -36, -10, 129, 977, 38;
38, 253, 14, 575, -39, 5, 148, 990, 57;
38, 252, 14, 572, -58, 5, 148, 983, 58;
38, 251, 16, 571, -73, 9, 151, 980, 62;
34, 245, 12, 552, -105, -3, 134, 958, 47;
32, 242, 11, 542, -126, -6, 128, 947, 43;
37, 245, 15, 548, -129, 8, 145, 959, 62;
35, 243, 15, 536, -150, 6, 140, 949, 59;
32, 238, 12, 516, -177, -2, 125, 931, 47;
29, 235, 10, 497, -200, -9, 114, 917, 39;
28, 233, 10, 484, -217, -9, 111, 910, 39;
31, 235, 13, 481, -222, 2, 122, 919, 53;
30, 234, 14, 468, -236, 4, 120, 915, 56;
27, 230, 12, 444, -259, -3, 107, 900, 46;
26, 229, 11, 425, -275, -4, 101, 893, 45;
24, 227, 11, 405, -291, -6, 94, 885, 42;
28, 231, 16, 403, -288, 10, 110, 901, 64;
20, 223, 10, 363, -320, -9, 81, 872, 39;
23, 226, 14, 356, -319, 4, 93, 885, 56;
21, 224, 13, 330, -334, 0, 83, 876, 52;
15, 219, 9, 295, -358, -12, 61, 855, 35;
19, 223, 14, 288, -352, 3, 75, 872, 55;
18, 223, 14, 265, -360, 5, 71, 869, 57;
11, 217, 9, 224, -384, -11, 44, 846, 37;
16, 222, 15, 220, -371, 9, 63, 869, 62;
13, 220, 14, 191, -382, 5, 52, 861, 57;
14, 222, 16, 172, -381, 12, 54, 868, 65;
9, 219, 13, 136, -395, 2, 36, 854, 54;
7, 218, 13, 108, -401, 0, 27, 850, 51;
4, 216, 12, 78, -408, -2, 16, 845, 47;
5, 219, 15, 61, -400, 7, 22, 856, 60;
0, 214, 10, 19, -416, -7, -2, 838, 41;
0, 218, 13, 2, -407, 2, 3, 850, 54;
0, 219, 15, -20, -402, 6, 1, 855, 59;
-3, 217, 12, -54, -408, 0, -14, 846, 49;
-6, 216, 11, -85, -410, -4, -26, 842, 44;
-4, 220, 15, -99, -394, 8, -16, 859, 61;
-5, 220, 15, -125, -390, 8, -22, 861, 61;
-7, 221, 15, -151, -385, 8, -29, 863, 61;
-15, 216, 9, -196, -398, -10, -59, 842, 38;
-16, 216, 10, -220, -390, -9, -64, 845, 39;
-12, 223, 15, -227, -364, 8, -47, 871, 61;
-17, 220, 12, -262, -366, -1, -66, 861, 48;
-18, 221, 12, -285, -357, -1, -72, 865, 49;
-18, 224, 14, -303, -342, 3, -71, 875, 55;
-24, 221, 9, -339, -344, -9, -94, 862, 38;
-25, 222, 10, -360, -332, -8, -98, 868, 39;
-26, 223, 10, -381, -320, -8, -103, 872, 39;
-25, 227, 12, -394, -300, -1, -99, 886, 48;
-24, 231, 15, -405, -278, 6, -94, 901, 58;
-26, 231, 14, -426, -267, 3, -102, 903, 55;
-30, 229, 10, -454, -263, -6, -119, 895, 42;
-29, 233, 12, -464, -241, 0, -115, 909, 50;
-33, 231, 9, -489, -235, -10, -131, 903, 38;
-31, 236, 12, -494, -209, 0, -123, 921, 50;
-31, 238, 13, -505, -189, 2, -123, 930, 53;
-35, 236, 10, -527, -183, -8, -139, 924, 40;
-30, 244, 16, -519, -146, 10, -119, 954, 63;
-37, 240, 10, -548, -147, -8, -144, 937, 40;
-32, 247, 15, -541, -113, 6, -127, 963, 59;
-33, 248, 15, -548, -94, 6, -129, 970, 59;
-38, 245, 10, -570, -91, -8, -150, 958, 40;
-39, 247, 9, -576, -73, -9, -152, 964, 38;
-34, 253, 14, -564, -39, 5, -135, 989, 57;
-33, 257, 16, -562, -15, 10, -129, 1003, 63;
-38, 253, 11, -579, -12, -6, -150, 990, 43;
-34, 259, 15, -567, 18, 6, -135, 1012, 58;
-35, 260, 14, -569, 35, 2, -138, 1015, 54;
-36, 261, 12, -569, 50, 0, -142, 1018, 50;
-32, 266, 16, -555, 80, 9, -128, 1038, 63;
-37, 263, 11, -565, 83, -5, -146, 1026, 43;
-33, 268, 14, -549, 112, 4, -132, 1045, 56;
-34, 268, 13, -545, 127, 0, -135, 1047, 51;
-37, 266, 9, -548, 133, -11, -147, 1039, 36;
-37, 268, 9, -538, 150, -12, -146, 1045, 35;
-36, 270, 9, -526, 169, -11, -142, 1053, 37;
-30, 277, 14, -496, 203, 6, -117, 1081, 58;
-27, 280, 16, -478, 224, 10, -108, 1092, 63;
-32, 276, 10, -481, 222, -7, -127, 1076, 41;
-27, 281, 14, -452, 251, 5, -106, 1099, 58;
-28, 281, 12, -442, 260, 0, -110, 1096, 49;
-24, 285, 15, -416, 284, 8, -95, 1113, 61;
-28, 281, 10, -413, 282, -7, -110, 1099, 41;
-23, 286, 14, -381, 307, 4, -90, 1118, 56;
-20, 289, 15, -356, 324, 8, -80, 1128, 61;
-22, 287, 12, -345, 326, -1, -87, 1120, 49;
-17, 291, 15, -313, 348, 9, -68, 1137, 62;
-21, 287, 11, -306, 343, -6, -82, 1122, 43;
-19, 289, 11, -281, 353, -5, -75, 1127, 44;
-17, 289, 11, -257, 362, -5, -69, 1130, 44;
-14, 292, 13, -226, 377, 0, -55, 1141, 52;
-12, 293, 13, -201, 384, 0, -49, 1144, 52;
-7, 297, 16, -166, 400, 10, -31, 1158, 63;
-7, 296, 14, -145, 401, 5, -30, 1154, 58;
-9, 293, 11, -129, 395, -4, -36, 1143, 45;
-8, 293, 11, -104, 397, -6, -32, 1143, 43;
-7, 292, 9, -81, 396, -9, -30, 1139, 38;
-5, 292, 10, -54, 399, -9, -22, 1140, 39;
1, 298, 15, -9, 417, 8, 5, 1162, 61;
0, 295, 13, 8, 409, 0, 1, 1152, 50;
5, 298, 16, 46, 419, 10, 22, 1165, 64;
4, 296, 13, 65, 410, 2, 19, 1155, 54;
6, 295, 13, 91, 406, 1, 24, 1153, 53;
6, 293, 11, 112, 397, -3, 24, 1144, 46;
7, 292, 11, 137, 391, -5, 29, 1141, 44;
8, 291, 10, 161, 384, -7, 32, 1136, 41;
12, 293, 13, 195, 387, 1, 50, 1145, 52;
13, 292, 12, 218, 377, -1, 52, 1139, 49;
17, 293, 14, 250, 376, 5, 67, 1145, 58;
13, 287, 9, 258, 352, -10, 54, 1122, 38;
15, 287, 10, 282, 343, -9, 61, 1120, 39;
18, 288, 11, 311, 339, -3, 73, 1123, 46;
20, 286, 11, 333, 327, -3, 78, 1118, 46;
23, 287, 13, 361, 322, 2, 92, 1122, 54;
24, 286, 13, 381, 309, 1, 96, 1117, 53;
25, 284, 13, 399, 294, 0, 100, 1110, 51;
24, 281, 10, 411, 273, -6, 95, 1096, 42;
30, 284, 15, 443, 273, 7, 117, 1108, 60;
31, 283, 16, 462, 260, 9, 124, 1105, 62;
28, 277, 11, 464, 230, -5, 110, 1081, 44;
27, 274, 9, 474, 209, -9, 108, 1069, 38;
31, 276, 13, 498, 203, 0, 124, 1076, 51;
33, 275, 14, 514, 189, 3, 131, 1073, 54;
36, 276, 16, 533, 179, 10, 143, 1076, 64;
35, 272, 14, 538, 156, 5, 139, 1062, 57;
34, 269, 13, 543, 133, 0, 135, 1049, 51;
31, 263, 9, 539, 102, -11, 122, 1028, 36;
32, 262, 9, 546, 84, -10, 125, 1022, 37;
33, 261, 10, 556, 70, -6, 131, 1020, 42;
39, 265, 16, 578, 68, 10, 154, 1034, 64;
33, 257, 10, 562, 29, -8, 131, 1003, 40;
38, 260, 15, 579, 25, 6, 150, 1015, 59;
38, 257, 14, 578, 4, 4, 148, 1006, 56;
35, 253, 12, 570, -21, -2, 139, 990, 48;
38, 254, 15, 577, -32, 6, 150, 993, 58;
35, 250, 12, 566, -58, -1, 139, 977, 49;
32, 245, 9, 552, -87, -11, 126, 957, 37;
35, 247, 12, 557, -96, 0, 137, 963, 50;
37, 248, 15, 559, -105, 8, 147, 967, 61;
30, 240, 9, 531, -144, -11, 120, 936, 36;
32, 240, 11, 528, -156, -5, 126, 937, 44;
34, 241, 14, 525, -165, 2, 133, 940, 54;
31, 237, 12, 508, -188, -2, 123, 927, 47;
28, 233, 9, 488, -212, -9, 111, 912, 38;
34, 239, 16, 496, -208, 11, 134, 932, 65;
29, 233, 12, 469, -235, 0, 116, 911, 50;
31, 235, 15, 461, -242, 8, 123, 916, 61;
25, 228, 10, 429, -272, -6, 100, 892, 42;
24, 227, 11, 412, -286, -5, 96, 888, 43;
23, 226, 10, 392, -301, -6, 90, 881, 42;
26, 229, 15, 386, -300, 6, 102, 893, 59;
19, 222, 9, 348, -330, -10, 76, 867, 38;
20, 223, 11, 333, -335, -4, 78, 871, 45;
16, 220, 9, 303, -353, -11, 64, 858, 37;
15, 219, 9, 281, -363, -10, 59, 855, 37;
19, 224, 15, 276, -354, 7, 76, 874, 60;
17, 222, 14, 249, -365, 4, 66, 867, 57;
11, 217, 10, 211, -386, -7, 44, 848, 41;
11, 219, 12, 192, -387, -1, 46, 854, 49;
7, 215, 9, 157, -403, -11, 27, 839, 36;
10, 219, 14, 146, -393, 3, 39, 856, 55;
4, 215, 10, 107, -410, -9, 17, 838, 39;
3, 215, 11, 83, -410, -6, 14, 841, 43;
6, 220, 15, 71, -398, 8, 26, 859, 62;
4, 218, 14, 41, -403, 5, 15, 854, 57;
-2, 214, 9, 0, -419, -9, -10, 834, 38;
0, 217, 13, -15, -407, 2, -1, 849, 53;
-6, 213, 9, -56, -420, -11, -25, 832, 36;
-6, 216, 11, -76, -411, -4, -23, 842, 45;
-7, 217, 12, -101, -406, -2, -27, 846, 48;
-6, 219, 14, -120, -395, 4, -25, 856, 57;
-10, 218, 12, -152, -396, -1, -39, 850, 49;
-9, 221, 15, -170, -383, 6, -36, 862, 58;
-15, 217, 10, -211, -391, -8, -60, 846, 40;
-16, 218, 10, -235, -383, -7, -66, 850, 41;
-15, 221, 13, -250, -366, 1, -60, 865, 53;
-21, 218, 9, -287, -370, -10, -82, 852, 37;
-15, 226, 16, -288, -338, 11, -60, 883, 64;
-23, 221, 10, -330, -346, -7, -89, 863, 41;
-25, 221, 9, -354, -337, -9, -97, 865, 38;
-20, 228, 15, -357, -307, 8, -80, 892, 61;
-27, 224, 10, -394, -311, -8, -106, 876, 40;
-27, 227, 11, -409, -293, -3, -105, 886, 46;
-30, 226, 9, -434, -285, -10, -118, 884, 38;
-31, 227, 9, -453, -272, -11, -124, 887, 36;
-25, 236, 16, -446, -234, 12, -99, 923, 65;
-28, 235, 14, -469, -225, 4, -111, 920, 57;
-30, 236, 14, -486, -210, 3, -117, 924, 54;
-31, 237, 13, -502, -197, 0, -124, 926, 51;
-30, 241, 15, -506, -171, 8, -117, 943, 61;
-36, 237, 9, -536, -172, -10, -143, 926, 38;
-37, 239, 10, -546, -154, -9, -145, 934, 39;
-34, 244, 13, -545, -126, 0, -135, 952, 50;
-34, 247, 14, -549, -104, 3, -133, 964, 55;
-38, 245, 10, -568, -98, -8, -150, 955, 40;
-33, 251, 15, -558, -63, 6, -131, 982, 59;
-32, 255, 16, -557, -39, 12, -126, 995, 65;
-39, 250, 10, -580, -41, -8, -153, 976, 39;
-33, 258, 15, -564, -3, 9, -131, 1006, 62;
-35, 258, 14, -569, 10, 4, -137, 1007, 56;
-39, 255, 10, -581, 16, -9, -153, 998, 39;
-35, 261, 13, -567, 47, 2, -138, 1019, 54;
-39, 258, 9, -578, 52, -12, -155, 1008, 36;
-39, 260, 9, -573, 71, -11, -154, 1016, 36;
-33, 268, 14, -549, 107, 5, -130, 1045, 58;
-34, 268, 13, -547, 121, 0, -135, 1045, 51;
-34, 269, 12, -541, 137, -1, -135, 1050, 49;
-36, 268, 10, -538, 148, -8, -142, 1048, 40;
-35, 270, 10, -527, 165, -8, -139, 1054, 40;
-33, 273, 11, -511, 187, -4, -131, 1065, 45;
-33, 274, 10, -500, 201, -7, -131, 1068, 42;
-27, 280, 15, -470, 234, 9, -107, 1095, 62;
-26, 282, 15, -455, 249, 8, -104, 1100, 61;
-27, 282, 14, -443, 260, 4, -105, 1101, 56;
-24, 285, 15, -422, 279, 8, -96, 1111, 61;
-23, 286, 16, -402, 294, 9, -90, 1118, 62;
-23, 286, 14, -387, 303, 5, -91, 1117, 57;
-21, 288, 15, -365, 319, 7, -83, 1125, 60;
-20, 289, 14, -346, 329, 5, -80, 1127, 57;
-18, 290, 15, -322, 342, 7, -73, 1134, 59;
-22, 286, 9, -317, 336, -9, -88, 1116, 38;
-16, 292, 14, -279, 361, 5, -64, 1139, 57;
-12, 295, 16, -248, 377, 11, -50, 1151, 65;
-14, 292, 13, -234, 374, 1, -57, 1140, 52;
-12, 293, 14, -208, 384, 2, -48, 1145, 54;
-10, 294, 14, -182, 391, 3, -41, 1149, 55;
-8, 296, 15, -153, 400, 6, -31, 1155, 59;
-11, 291, 10, -143, 388, -9, -45, 1136, 39;
-3, 298, 16, -96, 413, 11, -12, 1164, 64;
-4, 295, 13, -78, 407, 1, -17, 1153, 53;
-3, 295, 13, -52, 409, 1, -12, 1153, 52;
-2, 294, 12, -29, 407, -2, -9, 1149, 48;
0, 295, 12, -1, 408, -1, -2, 1150, 48;
1, 294, 12, 25, 407, -1, 4, 1150, 48;
0, 291, 9, 42, 396, -11, 0, 1138, 36;
5, 295, 13, 82, 406, 1, 21, 1152, 52;
9, 297, 16, 116, 411, 9, 38, 1161, 62;
11, 297, 15, 141, 406, 8, 43, 1158, 60;
7, 291, 10, 152, 385, -7, 30, 1137, 41;
15, 296, 16, 196, 398, 10, 59, 1157, 63;
13, 292, 13, 211, 381, 0, 52, 1142, 51;
17, 294, 15, 243, 381, 7, 68, 1148, 60;
18, 293, 15, 266, 371, 6, 72, 1143, 58;
18, 291, 13, 286, 358, 2, 73, 1135, 53;
17, 287, 10, 299, 338, -7, 67, 1119, 41;
21, 289, 13, 332, 337, 2, 84, 1127, 53;
21, 286, 12, 349, 322, -1, 85, 1118, 48;
25, 288, 14, 378, 317, 5, 99, 1123, 58;
27, 287, 15, 399, 305, 6, 106, 1119, 59;
28, 285, 15, 418, 291, 6, 110, 1114, 58;
26, 281, 12, 427, 268, -2, 103, 1097, 47;
26, 279, 11, 441, 250, -5, 104, 1088, 43;
33, 283, 16, 476, 252, 11, 130, 1104, 65;
29, 277, 12, 477, 222, -2, 116, 1081, 48;
29, 274, 11, 488, 202, -5, 115, 1070, 43;
28, 270, 9, 494, 179, -12, 111, 1056, 35;
32, 272, 12, 517, 173, -1, 127, 1063, 49;
30, 268, 9, 520, 146, -10, 119, 1046, 38;
33, 269, 12, 537, 136, -1, 131, 1049, 48;
35, 268, 13, 549, 121, 0, 137, 1046, 52;
32, 263, 10, 547, 93, -8, 128, 1028, 40;
37, 266, 15, 568, 89, 6, 147, 1038, 58;
35, 261, 12, 564, 61, -2, 138, 1021, 48;
33, 257, 9, 560, 34, -10, 129, 1004, 38;
35, 257, 12, 569, 22, -3, 138, 1005, 46;
38, 259, 15, 580, 13, 7, 151, 1011, 59;
40, 258, 16, 584, -1, 11, 156, 1009, 65;
34, 251, 10, 565, -38, -6, 134, 979, 42;
39, 255, 16, 580, -40, 10, 155, 994, 64;
33, 246, 10, 556, -78, -8, 130, 963, 40;
34, 246, 11, 554, -94, -5, 132, 960, 44;
37, 248, 15, 560, -101, 6, 145, 967, 59;
36, 246, 15, 552, -120, 6, 143, 960, 59;
32, 241, 11, 532, -148, -3, 128, 941, 46;
32, 240, 12, 523, -165, -2, 127, 936, 47;
35, 242, 16, 524, -171, 9, 139, 944, 62;
31, 236, 12, 500, -199, -2, 121, 923, 47;
32, 237, 14, 493, -210, 3, 126, 924, 55;
33, 237, 16, 484, -220, 10, 130, 926, 63;
30, 233, 14, 462, -242, 3, 118, 912, 55;
30, 233, 15, 449, -254, 7, 118, 911, 59;
29, 232, 15, 432, -268, 7, 115, 906, 60;
26, 229, 13, 407, -288, 1, 102, 893, 52;
28, 231, 16, 398, -290, 12, 111, 901, 66;
23, 226, 13, 367, -314, 1, 92, 884, 52;
19, 222, 10, 335, -336, -8, 74, 866, 40;
23, 226, 15, 331, -330, 8, 91, 884, 61;
15, 219, 9, 287, -361, -12, 59, 854, 35;
19, 223, 14, 281, -353, 5, 75, 872, 57;
19, 224, 15, 261, -358, 9, 74, 874, 62;
15, 220, 13, 229, -374, 1, 58, 861, 53;
12, 219, 12, 200, -385, -2, 47, 854, 48;
15, 222, 16, 189, -377, 11, 58, 869, 65;
13, 221, 16, 162, -384, 10, 50, 865, 64;
5, 215, 10, 116, -408, -8, 20, 840, 40;
3, 214, 10, 89, -412, -9, 13, 837, 39;
1, 214, 10, 63, -414, -8, 7, 838, 40;
1, 216, 11, 41, -412, -3, 6, 843, 46;
4, 220, 16, 28, -399, 10, 17, 860, 64;
1, 219, 15, -2, -403, 6, 5, 854, 58;
0, 219, 15, -29, -402, 6, 0, 855, 59;
-7, 213, 9, -74, -419, -11, -30, 833, 36;
-5, 217, 12, -89, -405, 0, -22, 848, 50;
-11, 214, 9, -128, -413, -11, -43, 835, 36;
-8, 218, 13, -142, -396, 0, -34, 852, 51;
-12, 216, 11, -174, -397, -6, -49, 846, 43;
-15, 216, 9, -204, -396, -10, -61, 842, 37;
-14, 219, 12, -220, -379, -1, -55, 857, 49;
-18, 218, 10, -252, -378, -7, -70, 852, 41;
-13, 225, 16, -257, -351, 10, -53, 878, 64;
-22, 218, 9, -303, -364, -11, -87, 853, 36;
-23, 219, 9, -326, -354, -11, -92, 857, 36;
-17, 228, 16, -325, -320, 11, -69, 890, 65;
-23, 225, 12, -360, -321, -2, -91, 878, 48;
-22, 228, 14, -375, -303, 4, -89, 890, 55;
-28, 225, 9, -409, -304, -10, -111, 877, 38;
-27, 228, 11, -422, -284, -3, -109, 890, 45;
-26, 232, 14, -430, -260, 5, -101, 907, 57;
-28, 232, 13, -451, -249, 1, -110, 908, 53;
-27, 236, 15, -460, -226, 9, -105, 923, 62;
-32, 233, 11, -490, -225, -5, -127, 910, 43;
-31, 237, 13, -498, -202, 0, -123, 924, 51;
-30, 240, 15, -504, -179, 6, -118, 939, 59;
-36, 236, 9, -533, -179, -11, -143, 923, 37;
-31, 244, 15, -525, -143, 7, -123, 953, 60;
-33, 244, 14, -539, -129, 3, -130, 954, 55;
-35, 245, 12, -551, -114, 0, -137, 956, 50;
-36, 245, 11, -562, -99, -4, -144, 959, 45;
-38, 246, 10, -571, -84, -8, -150, 961, 40;
-33, 254, 16, -558, -47, 9, -128, 990, 63;
-33, 255, 15, -562, -29, 8, -130, 996, 62;
-33, 257, 16, -563, -9, 9, -130, 1004, 62;
-39, 253, 10, -582, -8, -8, -153, 989, 40;
-35, 259, 14, -570, 22, 2, -138, 1010, 54;
-36, 260, 13, -570, 39, 0, -141, 1015, 51;
-35, 262, 13, -565, 59, 2, -138, 1024, 53;
-35, 263, 13, -562, 77, 0, -139, 1029, 51;
-38, 262, 10, -567, 86, -9, -150, 1024, 39;
-35, 267, 13, -551, 114, 0, -137, 1042, 50;
-37, 266, 10, -551, 124, -8, -145, 1039, 40;
-32, 272, 14, -528, 155, 4, -127, 1061, 56;
-33, 272, 12, -524, 167, -1, -131, 1061, 49;
-31, 275, 14, -508, 189, 3, -123, 1073, 54;
-33, 273, 10, -505, 196, -6, -132, 1067, 42;
-34, 274, 9, -494, 209, -9, -132, 1069, 38;
-32, 276, 10, -476, 228, -6, -125, 1079, 42;
-31, 277, 10, -462, 242, -9, -124, 1082, 39;
-24, 285, 16, -425, 277, 11, -94, 1113, 64;
-30, 279, 9, -429, 269, -10, -117, 1091, 37;
-27, 282, 11, -404, 289, -4, -105, 1103, 44;
-23, 286, 14, -375, 310, 3, -89, 1119, 55;
-21, 288, 14, -355, 323, 3, -84, 1123, 55;
-23, 285, 10, -344, 324, -7, -92, 1114, 42;
-17, 292, 15, -305, 351, 9, -67, 1139, 62;
-16, 292, 15, -285, 359, 6, -64, 1139, 59;
-19, 288, 10, -277, 353, -8, -77, 1124, 40;
-19, 288, 9, -255, 359, -11, -75, 1123, 36;
-11, 295, 15, -211, 386, 7, -45, 1150, 60;
-12, 293, 13, -194, 385, 0, -48, 1143, 50;
-10, 294, 13, -167, 393, 1, -39, 1148, 53;
-8, 295, 14, -139, 399, 2, -31, 1151, 54;
-8, 294, 12, -118, 399, -1, -31, 1147, 48;
-3, 297, 15, -82, 412, 7, -13, 1160, 60;
0, 298, 16, -53, 417, 9, -3, 1164, 63;
0, 297, 14, -31, 413, 4, -2, 1158, 57;
1, 297, 14, -3, 415, 5, 4, 1160, 58;
0, 294, 11, 14, 406, -3, 0, 1148, 46;
1, 293, 11, 40, 403, -4, 5, 1146, 45;
3, 294, 12, 68, 403, -3, 13, 1147, 46;
8, 297, 15, 104, 409, 6, 32, 1158, 58;
10, 296, 15, 131, 406, 6, 39, 1157, 58;
6, 290, 9, 141, 385, -10, 24, 1134, 38;
13, 296, 15, 184, 397, 7, 53, 1154, 60;
12, 292, 12, 201, 381, -1, 48, 1140, 48;
11, 289, 10, 218, 366, -9, 45, 1128, 39;
15, 291, 12, 251, 367, 0, 61, 1136, 49;
19, 292, 15, 283, 365, 6, 77, 1142, 59;
18, 289, 12, 298, 347, -1, 72, 1128, 48;
18, 286, 10, 314, 331, -7, 70, 1116, 41;
20, 286, 11, 339, 322, -5, 79, 1115, 44;
23, 287, 13, 367, 317, 2, 93, 1120, 53;
28, 288, 16, 396, 313, 10, 109, 1126, 64;
28, 287, 16, 415, 299, 9, 113, 1120, 63;
27, 283, 13, 426, 277, 1, 107, 1105, 53;
29, 282, 13, 444, 263, 2, 113, 1100, 54;
29, 279, 13, 458, 246, 0, 114, 1091, 51;
29, 277, 12, 471, 227, -3, 114, 1082, 47;
31, 277, 13, 491, 216, 2, 124, 1082, 54;
35, 278, 16, 514, 208, 11, 139, 1087, 65;
35, 276, 16, 524, 189, 9, 140, 1079, 62;
32, 270, 11, 522, 159, -3, 126, 1056, 46;
34, 270, 13, 538, 147, 2, 136, 1056, 53;
37, 270, 15, 552, 133, 7, 144, 1056, 59;
33, 264, 11, 546, 101, -6, 129, 1032, 42;
34, 263, 11, 556, 85, -3, 134, 1028, 46;
35, 262, 12, 564, 69, 0, 139, 1025, 49;
38, 263, 15, 575, 57, 6, 149, 1026, 58;
34, 257, 10, 564, 24, -7, 132, 1002, 41;
37, 258, 13, 576, 15, 2, 146, 1008, 54;
39, 258, 15, 581, 1, 8, 152, 1007, 60;
34, 251, 10, 565, -33, -7, 133, 981, 41;
34, 250, 11, 565, -49, -4, 136, 977, 45;
36, 250, 13, 568, -62, 1, 143, 978, 53;
36, 249, 13, 564, -80, 2, 142, 971, 53;
35, 246, 13, 555, -101, 0, 138, 962, 51;
34, 244, 12, 547, -121, 0, 135, 954, 50;
34, 243, 13, 540, -138, 0, 134, 948, 51;
30, 238, 9, 519, -167, -10, 118, 928, 37;
29, 236, 9, 508, -185, -10, 115, 921, 37;
34, 240, 15, 513, -185, 6, 133, 936, 58;
32, 237, 13, 496, -206, 2, 125, 925, 53;
33, 237, 15, 488, -215, 9, 130, 927, 62;
32, 236, 16, 474, -230, 10, 128, 922, 63;
29, 233, 14, 451, -252, 3, 116, 909, 55;
25, 228, 10, 423, -278, -7, 97, 889, 41;
23, 226, 10, 403, -293, -8, 92, 883, 40;
22, 225, 10, 385, -305, -6, 89, 879, 42;
27, 230, 16, 383, -300, 11, 106, 897, 64;
21, 224, 11, 347, -327, -3, 82, 874, 46;
17, 221, 9, 320, -345, -9, 69, 862, 38;
21, 224, 14, 312, -340, 5, 82, 877, 57;
17, 221, 12, 281, -359, -3, 66, 863, 47;
13, 218, 9, 249, -375, -10, 51, 850, 37;
16, 222, 14, 242, -367, 6, 66, 868, 58;
16, 223, 16, 221, -370, 10, 65, 871, 64;
13, 221, 14, 191, -382, 5, 53, 862, 58;
9, 217, 12, 157, -396, -3, 36, 849, 47;
6, 216, 11, 127, -404, -6, 25, 843, 43;
4, 215, 10, 100, -410, -7, 17, 840, 41;
5, 217, 13, 80, -405, 0, 19, 848, 50;
4, 218, 14, 57, -404, 3, 18, 852, 55;
3, 219, 15, 33, -402, 6, 14, 855, 58;
-3, 213, 9, -12, -422, -12, -15, 831, 35;
1, 220, 16, -16, -398, 10, 6, 860, 64;
0, 220, 16, -44, -398, 9, -1, 859, 62;
-7, 214, 10, -89, -414, -8, -30, 837, 40;
-6, 218, 13, -106, -401, 1, -25, 851, 52;
-8, 218, 12, -134, -399, 0, -34, 850, 50;
-13, 215, 9, -170, -403, -10, -52, 840, 38;
-12, 219, 12, -186, -388, 0, -46, 854, 50;
-14, 219, 12, -213, -383, -2, -55, 854, 47;
-16, 219, 12, -239, -376, -3, -62, 856, 47;
-18, 219, 10, -267, -371, -6, -73, 855, 42;
-21, 218, 9, -295, -366, -10, -84, 853, 37;
-15, 226, 16, -295, -334, 11, -62, 885, 65;
-24, 220, 9, -340, -345, -10, -95, 861, 37;
-23, 224, 12, -354, -327, -3, -91, 875, 46;
-21, 228, 14, -366, -305, 6, -85, 891, 58;
-25, 227, 12, -394, -300, -1, -99, 886, 48;
-24, 230, 14, -407, -280, 4, -97, 898, 56;
-26, 231, 14, -426, -267, 3, -102, 903, 55;
-32, 228, 9, -459, -267, -11, -125, 890, 37;
-27, 235, 15, -457, -234, 6, -107, 918, 59;
-27, 238, 16, -468, -213, 11, -105, 929, 64;
-33, 234, 11, -499, -214, -5, -130, 914, 43;
-30, 239, 14, -502, -186, 5, -119, 934, 57;
-36, 236, 9, -529, -184, -10, -141, 922, 38;
-33, 241, 13, -529, -156, 0, -130, 942, 51;
-37, 240, 10, -548, -147, -8, -144, 937, 40;
-33, 246, 14, -544, -116, 3, -131, 959, 55;
-35, 247, 13, -554, -100, 1, -136, 963, 52;
-37, 247, 11, -566, -87, -4, -145, 963, 45;
-33, 252, 15, -559, -57, 7, -132, 984, 59;
-39, 248, 9, -581, -56, -11, -155, 969, 36;
-37, 252, 11, -576, -29, -3, -146, 985, 46;
-38, 254, 11, -579, -11, -5, -149, 990, 44;
-34, 260, 15, -565, 20, 7, -133, 1014, 60;
-34, 261, 15, -565, 38, 6, -134, 1020, 59;
-39, 257, 9, -580, 39, -11, -155, 1005, 36;
-34, 264, 14, -561, 74, 3, -135, 1030, 55;
-33, 266, 15, -553, 95, 6, -131, 1041, 58;
-37, 265, 11, -558, 102, -5, -144, 1033, 44;
-37, 265, 10, -553, 118, -8, -146, 1036, 40;
-34, 269, 12, -538, 143, -1, -135, 1052, 49;
-36, 269, 10, -534, 154, -7, -140, 1051, 41;
-29, 277, 16, -503, 191, 11, -113, 1081, 65;
-29, 278, 16, -493, 206, 9, -113, 1085, 62;
-30, 277, 13, -488, 215, 0, -120, 1081, 52;
-30, 278, 12, -475, 229, 0, -118, 1085, 50;
-28, 280, 13, -456, 248, 2, -111, 1094, 53;
-27, 282, 13, -439, 263, 2, -107, 1100, 53;
-28, 281, 12, -427, 272, -2, -109, 1099, 47;
-22, 287, 16, -393, 301, 11, -86, 1122, 65;
-24, 285, 13, -385, 303, 0, -94, 1114, 52;
-21, 288, 15, -359, 321, 6, -83, 1125, 58;
-18, 290, 16, -334, 337, 9, -73, 1134, 63;
-19, 290, 14, -317, 343, 4, -74, 1132, 56;
-16, 292, 15, -291, 357, 8, -64, 1140, 61;
-14, 293, 16, -266, 368, 9, -56, 1146, 63;
-17, 290, 11, -256, 364, -3, -67, 1132, 46;
-17, 289, 10, -237, 366, -9, -68, 1128, 39;
-15, 290, 10, -210, 375, -7, -59, 1133, 41;
-14, 290, 9, -187, 379, -10, -56, 1132, 38;
-9, 294, 13, -149, 397, 1, -35, 1149, 53;
-6, 296, 14, -119, 406, 6, -23, 1156, 58;
-7, 293, 11, -103, 398, -5, -30, 1144, 44;
-5, 294, 12, -73, 404, -1, -20, 1149, 48;
-5, 292, 10, -54, 399, -9, -22, 1141, 39;
0, 297, 14, -13, 414, 4, 1, 1158, 56;
3, 298, 15, 17, 418, 8, 12, 1163, 61;
5, 298, 16, 46, 419, 10, 22, 1165, 64;
6, 298, 15, 72, 416, 9, 26, 1163, 62;
8, 297, 15, 98, 413, 8, 32, 1161, 61;
6, 293, 12, 113, 398, -3, 25, 1145, 47;
9, 294, 13, 142, 396, 0, 35, 1148, 50;
12, 296, 15, 175, 398, 6, 50, 1154, 59;
13, 294, 14, 199, 390, 4, 54, 1149, 57;
10, 289, 9, 209, 368, -10, 41, 1128, 37;
16, 292, 13, 246, 372, 2, 63, 1141, 53;
13, 287, 9, 258, 352, -9, 54, 1122, 38;
20, 292, 15, 299, 359, 7, 81, 1140, 59;
20, 289, 13, 315, 343, 0, 79, 1128, 51;
23, 290, 15, 344, 338, 7, 92, 1132, 59;
25, 289, 15, 366, 327, 8, 99, 1129, 60;
25, 287, 14, 384, 312, 5, 101, 1121, 57;
26, 285, 13, 402, 297, 2, 102, 1113, 54;
23, 280, 9, 408, 270, -9, 91, 1092, 38;
26, 280, 11, 430, 260, -5, 101, 1092, 44;
27, 279, 11, 449, 247, -3, 108, 1089, 46;
32, 281, 15, 476, 242, 7, 125, 1096, 59;
30, 277, 12, 483, 218, -1, 118, 1080, 49;
28, 272, 9, 487, 192, -10, 110, 1062, 37;
31, 273, 12, 508, 183, -2, 123, 1066, 47;
31, 271, 11, 518, 164, -4, 124, 1057, 45;
37, 274, 16, 544, 161, 10, 146, 1069, 64;
36, 270, 14, 548, 137, 5, 141, 1056, 57;
31, 264, 9, 540, 103, -10, 124, 1029, 37;
33, 263, 11, 552, 89, -5, 131, 1028, 43;
34, 261, 11, 557, 71, -5, 133, 1021, 43;
35, 261, 12, 566, 56, -1, 139, 1020, 49;
34, 258, 11, 565, 33, -5, 135, 1007, 44;
40, 261, 16, 584, 30, 11, 156, 1021, 64;
35, 255, 12, 571, -2, -2, 139, 996, 47;
33, 251, 10, 563, -28, -9, 130, 981, 39;
38, 254, 15, 578, -31, 6, 150, 994, 59;
34, 249, 11, 563, -61, -4, 136, 973, 45;
38, 251, 15, 570, -69, 6, 148, 979, 59;
32, 244, 10, 549, -103, -8, 128, 954, 40;
33, 243, 11, 544, -120, -6, 129, 949, 43;
34, 243, 13, 542, -132, 0, 135, 950, 50;
37, 245, 16, 544, -139, 11, 146, 957, 65;
34, 241, 14, 525, -165, 2, 133, 940, 54;
33, 239, 14, 514, -182, 3, 131, 935, 55;
30, 235, 11, 494, -206, -3, 119, 919, 46;
32, 237, 15, 490, -213, 6, 128, 925, 58;
31, 235, 14, 473, -231, 3, 121, 916, 55;
25, 228, 9, 441, -263, -12, 97, 891, 35;
24, 227, 9, 426, -275, -9, 96, 888, 38;
28, 231, 15, 424, -274, 6, 111, 902, 58;
28, 231, 16, 410, -283, 10, 112, 903, 64;
21, 224, 10, 372, -314, -7, 85, 876, 42;
21, 224, 11, 354, -323, -4, 84, 875, 45;
23, 226, 15, 343, -325, 6, 91, 884, 59;
21, 225, 14, 320, -337, 5, 84, 878, 57;
19, 223, 14, 295, -349, 3, 77, 872, 55;
19, 224, 15, 275, -354, 7, 75, 873, 60;
13, 218, 10, 236, -378, -7, 51, 851, 41;
14, 220, 13, 221, -376, 2, 57, 861, 53;
13, 220, 14, 198, -381, 4, 53, 861, 56;
6, 215, 9, 156, -403, -11, 27, 839, 36;
8, 217, 12, 139, -400, -3, 31, 848, 47;
4, 214, 9, 106, -411, -9, 16, 838, 38;
6, 218, 13, 91, -402, 1, 24, 851, 53;
6, 220, 15, 71, -398, 8, 26, 858, 61;
1, 216, 11, 32, -412, -3, 4, 842, 46;
2, 219, 15, 15, -403, 6, 10, 854, 58;
2, 220, 16, -7, -398, 10, 9, 860, 64;
-5, 214, 10, -52, -416, -7, -20, 837, 41;
-8, 214, 9, -82, -417, -10, -31, 834, 37;
-6, 217, 12, -100, -405, -1, -26, 847, 48;
-9, 216, 11, -130, -405, -5, -37, 844, 44;
-9, 218, 13, -150, -394, 0, -37, 853, 51;
-14, 216, 10, -186, -398, -9, -55, 843, 39;
-16, 215, 9, -214, -395, -12, -65, 841, 35;
-18, 216, 9, -240, -388, -12, -71, 844, 35;
-15, 221, 13, -251, -367, 0, -62, 863, 51;
-15, 223, 14, -271, -353, 5, -62, 872, 57;
-19, 222, 12, -301, -351, -1, -76, 867, 48;
-23, 220, 10, -331, -348, -9, -92, 861, 39;
-23, 223, 11, -350, -333, -5, -92, 870, 44;
-22, 227, 13, -363, -313, 2, -87, 885, 54;
-24, 227, 13, -384, -301, 1, -94, 888, 52;
-23, 231, 15, -397, -281, 8, -90, 902, 61;
-25, 231, 14, -418, -270, 5, -98, 904, 58;
-29, 230, 11, -445, -264, -3, -114, 898, 46;
-29, 232, 12, -459, -246, 0, -115, 907, 49;
-30, 234, 13, -474, -229, 0, -117, 914, 51;
-35, 232, 9, -501, -226, -11, -136, 905, 36;
-28, 241, 16, -490, -185, 12, -109, 941, 66;
-33, 238, 12, -516, -181, -1, -129, 931, 49;
-30, 243, 15, -518, -154, 8, -120, 949, 61;
-34, 241, 12, -538, -146, -1, -135, 943, 48;
-37, 241, 10, -554, -135, -9, -147, 941, 39;
-31, 249, 16, -541, -95, 12, -122, 974, 66;
-35, 247, 13, -559, -89, 0, -138, 967, 51;
-36, 248, 12, -567, -72, -2, -143, 970, 48;
-38, 249, 11, -575, -57, -6, -149, 973, 43;
-39, 249, 9, -582, -42, -10, -155, 974, 37;
-40, 251, 9, -584, -23, -10, -156, 981, 37;
-34, 259, 15, -565, 14, 7, -132, 1012, 60;
-37, 258, 12, -575, 23, -2, -145, 1006, 47;
-37, 259, 12, -573, 42, -2, -145, 1013, 47;
-33, 265, 15, -558, 71, 7, -131, 1033, 60;
-33, 267, 15, -553, 91, 8, -128, 1041, 61;
-35, 266, 12, -556, 101, 0, -138, 1037, 50;
-37, 265, 10, -555, 113, -6, -144, 1036, 42;
-31, 272, 15, -531, 146, 7, -124, 1061, 60;
-34, 270, 12, -533, 153, -2, -135, 1054, 47;
-35, 270, 10, -525, 167, -6, -137, 1056, 42;
-33, 273, 12, -509, 189, -2, -129, 1068, 47;
-31, 276, 12, -494, 208, 0, -123, 1077, 50;
-30, 278, 13, -478, 226, 1, -117, 1085, 52;
-28, 280, 14, -459, 245, 4, -109, 1095, 56;
-32, 277, 9, -459, 244, -12, -126, 1080, 35;
-25, 284, 15, -422, 278, 7, -97, 1110, 60;
-23, 286, 16, -401, 295, 10, -89, 1118, 63;
-22, 287, 15, -384, 306, 8, -87, 1121, 61;
-25, 284, 10, -379, 304, -6, -101, 1107, 42;
-24, 285, 10, -358, 317, -6, -95, 1112, 42;
-20, 289, 13, -327, 337, 2, -79, 1127, 53;
-19, 289, 13, -306, 346, 0, -75, 1129, 51;
-17, 291, 14, -281, 359, 3, -66, 1136, 54;
-18, 289, 11, -265, 360, -4, -70, 1130, 44;
-12, 294, 15, -227, 382, 8, -47, 1150, 61;
-14, 292, 12, -213, 379, -1, -54, 1139, 48;
-8, 296, 16, -176, 397, 9, -34, 1156, 62;
-7, 296, 15, -152, 401, 7, -30, 1156, 60;
-5, 297, 15, -125, 407, 8, -22, 1159, 61;
-6, 294, 13, -107, 402, 0, -26, 1150, 51;
-7, 292, 10, -89, 396, -8, -31, 1140, 39;
-1, 297, 15, -46, 415, 7, -4, 1161, 59;
-1, 295, 12, -27, 408, 0, -7, 1151, 50;
12, 16, 7, 2167, 3143, 1639, 48, 64, 30;
9, 19, 3, 3725, 3649, 1498, 38, 74, 13;
13, 4, 2, 4004, 2335, 2228, 52, 17, 9;
12, 20, 11, 3508, 5184, 1934, 49, 78, 46;
17, 0, 4, 1773, 3128, 1191, 69, 0, 16;
16, 24, 11, 4020, 3174, 2773, 62, 95, 45;
3, 14, 8, 4100, 2605, 2038, 15, 57, 33;
6, 17, 5, 2254, 2042, 1879, 25, 69, 22;
11, 1, 11, 1499, 4611, 1898, 46, 7, 45;
9, 21, 3, 3812, 2944, 1193, 38, 84, 14;
15, 12, 12, 1820, 4922, 2014, 59, 46, 48;
9, 18, 11, 3554, 2905, 1324, 36, 72, 45;
4, 16, 4, 3578, 3202, 1486, 17, 64, 17;
20, 16, 11, 2364, 4936, 1978, 80, 66, 46;
1, 9, 9, 1716, 4111, 1729, 6, 36, 37;
8, 22, 3, 4016, 5375, 1142, 33, 89, 15;
15, 12, 9, 1900, 3826, 2282, 59, 50, 37;
19, 7, 11, 2751, 5375, 1217, 77, 31, 46;
9, 6, 4, 4196, 1948, 1715, 38, 25, 17;
8, 11, 10, 2076, 2253, 1931, 34, 45, 40;
6, 19, 9, 4200, 4657, 2157, 23, 77, 36;
7, 11, 3, 2918, 5304, 2586, 29, 44, 14;
19, 23, 6, 2776, 3654, 1422, 76, 93, 23;
16, 28, 1, 1565, 3704, 1391, 62, 110, 7;
2, 10, 11, 2493, 5348, 2521, 9, 42, 45;
9, 21, 11, 2992, 3447, 1966, 37, 83, 43;
17, 15, 7, 2657, 2829, 1747, 69, 60, 28;
8, 9, 12, 4025, 3215, 1514, 31, 35, 48;
8, 31, 3, 3097, 4317, 1721, 33, 122, 14;
20, 28, 10, 2783, 1942, 1354, 79, 111, 39;
18, 16, 6, 4138, 3055, 2450, 72, 63, 26;
16, 0, 12, 3266, 2914, 2627, 65, 1, 47;
8, 29, 11, 3657, 5125, 2738, 32, 113, 46;
8, 17, 7, 2482, 3139, 1114, 32, 67, 29;
11, 29, 8, 2332, 2651, 2483, 46, 116, 33;
17, 24, 7, 2714, 2023, 2712, 67, 94, 31;
18, 16, 7, 2292, 2885, 1483, 70, 65, 27;
11, 6, 1, 4035, 3722, 2736, 45, 24, 5;
9, 8, 2, 2688, 3101, 1010, 36, 31, 7;
17, 10, 6, 2464, 5247, 984, 66, 42, 23;
8, 24, 5, 2917, 2546, 1056, 34, 95, 22;
0, 23, 4, 1811, 2662, 2284, 3, 92, 19;
13, 7, 4, 1953, 2926, 1815, 54, 28, 18;
13, 25, 9, 3199, 4152, 1230, 52, 100, 36;
0, 7, 3, 3808, 1869, 1651, 1, 27, 13;
20, 26, 9, 4138, 4838, 2501, 78, 102, 38;
16, 21, 2, 4059, 4448, 1542, 64, 84, 11;
4, 5, 3, 4208, 3068, 1763, 18, 19, 13;
4, 5, 7, 2228, 4836, 2667, 18, 20, 29;
13, 5, 4, 1644, 3954, 1515, 50, 20, 18;
16, 15, 12, 3036, 3762, 2390, 63, 60, 47;
1, 4, 7, 3683, 1819, 1909, 4, 18, 27;
1, 9, 10, 2588, 4711, 2027, 5, 36, 40;
6, 23, 11, 2250, 2747, 1636, 24, 92, 45;
12, 20, 3, 2526, 2617, 2276, 49, 81, 15;
13, 7, 7, 3063, 3953, 2422, 53, 28, 31;
8, 31, 4, 2347, 1809, 2929, 31, 121, 17;
8, 21, 9, 4033, 3580, 2825, 33, 83, 37;
1, 12, 3, 1823, 2026, 2574, 6, 48, 12;
13, 9, 10, 4280, 4340, 1080, 52, 38, 40;
5, 12, 11, 1983, 4621, 1383, 22, 49, 44;
4, 26, 8, 3902, 3152, 1555, 15, 102, 33;
8, 30, 3, 4200, 3207, 2040, 32, 118, 12;
19, 10, 6, 1601, 5028, 1613, 77, 42, 25;
7, 17, 7, 2425, 3963, 1863, 28, 70, 29;
19, 26, 7, 1778, 3393, 1616, 76, 102, 29;
11, 13, 0, 3643, 4487, 2707, 43, 52, 2;
9, 20, 5, 1695, 2150, 1896, 37, 78, 23;
1, 18, 1, 3353, 2260, 2841, 4, 73, 7;
3, 12, 7, 3886, 2261, 1393, 12, 47, 30;
17, 26, 1, 2366, 2165, 2497, 69, 103, 7;
14, 15, 6, 2112, 3393, 2710, 55, 59, 24;
17, 4, 10, 2546, 4210, 2778, 69, 19, 40;
10, 17, 3, 3114, 2087, 2549, 40, 69, 14;
18, 6, 8, 3098, 4892, 1501, 72, 26, 31;
8, 13, 11, 2512, 3984, 2084, 31, 52, 45;
13, 6, 0, 3993, 2420, 2751, 52, 26, 0;
9, 31, 11, 3578, 4347, 1095, 35, 121, 44;
9, 25, 8, 4058, 3013, 2909, 36, 97, 32;
15, 30, 7, 3189, 3479, 1356, 60, 119, 29;
668, 743, 434, 5235, 4579, 3104, 2607, 2898, 1693;
746, 838, 450, 5034, 4404, 2986, 2912, 3269, 1756;
715, 860, 472, 4848, 4243, 2881, 2790, 3355, 1841;
570, 897, 360, 4644, 4062, 2754, 2224, 3499, 1404;
577, 912, 372, 4468, 3909, 2652, 2253, 3558, 1453;
634, 861, 363, 4309, 3772, 2564, 2472, 3360, 1417;
557, 699, 373, 4141, 3625, 2464, 2176, 2728, 1455;
462, 809, 314, 3974, 3478, 2363, 1804, 3157, 1227;
512, 650, 378, 3805, 3329, 2258, 1997, 2537, 1477;
521, 603, 332, 3665, 3208, 2178, 2032, 2354, 1296;
428, 695, 247, 3526, 3087, 2098, 1669, 2710, 964;
394, 651, 265, 3361, 2939, 1989, 1538, 2539, 1035;
363, 692, 291, 3257, 2851, 1938, 1417, 2701, 1135;
346, 659, 258, 3135, 2745, 1868, 1352, 2573, 1007;
429, 671, 220, 2975, 2600, 1757, 1676, 2618, 858;
319, 588, 242, 2896, 2536, 1726, 1246, 2295, 945;
398, 653, 230, 2758, 2412, 1635, 1552, 2550, 898;
364, 560, 245, 2661, 2329, 1582, 1421, 2187, 959;
323, 536, 197, 2542, 2223, 1505, 1260, 2090, 771;
314, 501, 180, 2437, 2130, 1440, 1224, 1955, 703;
305, 499, 232, 2368, 2073, 1410, 1190, 1946, 905;
250, 543, 203, 2245, 1962, 1325, 978, 2118, 792;
276, 547, 169, 2183, 1911, 1299, 1080, 2136, 661;
242, 552, 194, 2111, 1850, 1262, 946, 2156, 759;
295, 538, 171, 2028, 1777, 1212, 1153, 2098, 667;
275, 468, 158, 1939, 1698, 1155, 1074, 1827, 616;
259, 477, 130, 1863, 1631, 1110, 1010, 1861, 510;
266, 484, 163, 1795, 1572, 1071, 1039, 1890, 636;
237, 451, 158, 1729, 1515, 1034, 924, 1760, 618;
206, 436, 122, 1660, 1454, 992, 804, 1701, 476;
186, 467, 114, 1586, 1389, 944, 726, 1821, 447;
227, 409, 151, 1532, 1342, 915, 886, 1597, 591;
185, 414, 128, 1464, 1282, 872, 723, 1617, 502;
158, 412, 101, 1387, 1212, 818, 617, 1610, 397;
152, 390, 102, 1335, 1166, 788, 595, 1524, 399;
170, 387, 113, 1304, 1142, 778, 665, 1509, 441;
147, 400, 100, 1229, 1074, 724, 573, 1560, 393;
146, 428, 104, 1181, 1032, 696, 572, 1670, 408;
152, 395, 92, 1167, 1023, 701, 594, 1540, 361;
141, 398, 84, 1100, 962, 652, 552, 1554, 328;
157, 419, 80, 1082, 950, 652, 615, 1634, 312;
139, 366, 80, 1017, 889, 603, 542, 1429, 312;
113, 394, 74, 996, 873, 598, 440, 1537, 291;
125, 355, 73, 963, 846, 581, 491, 1385, 288;
128, 385, 83, 886, 773, 519, 502, 1502, 324;
105, 366, 67, 888, 780, 536, 411, 1430, 262;
113, 353, 73, 845, 741, 506, 443, 1377, 284;
107, 332, 70, 790, 689, 464, 419, 1297, 275;
106, 357, 64, 777, 681, 465, 415, 1393, 253;
105, 358, 52, 743, 650, 443, 412, 1399, 204;
85, 340, 53, 707, 618, 419, 332, 1329, 210;
81, 351, 52, 691, 605, 413, 315, 1369, 204;
83, 340, 54, 650, 568, 384, 325, 1329, 210;
76, 315, 59, 629, 550, 373, 297, 1228, 230;
76, 311, 39, 584, 508, 338, 298, 1214, 153;
81, 314, 59, 595, 522, 358, 318, 1228, 231;
68, 327, 52, 570, 500, 343, 267, 1277, 204;
74, 329, 40, 533, 465, 315, 290, 1283, 159;
71, 312, 33, 497, 432, 287, 276, 1217, 130;
52, 321, 44, 484, 422, 283, 206, 1253, 174;
63, 314, 49, 498, 438, 304, 247, 1227, 193;
64, 317, 40, 443, 386, 257, 253, 1239, 156;
53, 313, 35, 428, 373, 249, 207, 1221, 137;
53, 298, 30, 427, 374, 255, 207, 1162, 120;
52, 305, 39, 400, 349, 235, 205, 1189, 152;
52, 295, 28, 384, 335, 225, 204, 1153, 111;
40, 296, 23, 353, 306, 201, 159, 1155, 93;
51, 294, 32, 358, 313, 211, 199, 1147, 127;
48, 300, 31, 341, 298, 201, 187, 1172, 122;
45, 304, 29, 326, 285, 192, 178, 1188, 116;
41, 284, 28, 308, 268, 178, 160, 1111, 110;
47, 304, 32, 321, 283, 197, 184, 1185, 125;
38, 296, 22, 297, 260, 178, 151, 1155, 86;
41, 296, 29, 296, 261, 181, 161, 1154, 115;
38, 289, 25, 261, 227, 150, 150, 1128, 97;
32, 291, 18, 259, 227, 153, 126, 1135, 73;
26, 285, 19, 234, 202, 132, 105, 1114, 74;
30, 281, 20, 255, 224, 157, 119, 1099, 78;
35, 284, 23, 248, 219, 154, 139, 1110, 91;
33, 280, 17, 229, 202, 139, 130, 1095, 67;
1, 256, 0, -1, -1, -1, 3, 998, 1;
1, 256, 0, 0, 0, 0, 4, 999, 2;
1, 256, 0, 0, 0, 0, 5, 999, 3;
1, 256, 0, 0, 0, 0, 4, 999, 2;
1, 256, 0, 0, 0, 0, 5, 1000, 3;
1, 256, 0, 0, 0, 0, 5, 1000, 3;
1, 256, 1, 1, 1, 1, 5, 1000, 3;
1, 256, 0, 0, 0, 0, 5, 1000, 3;
1, 256, 0, 0, 0, 0, 4, 999, 2;
1, 256, 0, -1, -1, -1, 4, 999, 2;
1, 256, 0, -1, -1, -1, 4, 999, 2;
1, 256, 0, 0, 0, 0, 5, 1000, 3;
1, 256, 0, 0, 0, 0, 4, 999, 2;
1, 256, 0, 0, 0, 0, 4, 999, 2;
1, 256, 0, 0, 0, 0, 4, 999, 2;
1, 256, 0, 0, 0, 0, 4, 999, 2;
1, 256, 0, 0, 0, 0, 5, 999, 2;
1, 256, 0, 0, 0, 0, 4, 999, 2;
1, 256, 1, 1, 1, 1, 6, 1001, 4;
1, 256, 0, 1, 1, 1, 5, 1000, 3;
1, 256, 0, 0, 0, 0, 4, 999, 2;
1, 256, 0, 0, 0, 0, 5, 999, 2;
1, 256, 1, 1, 1, 1, 6, 1001, 4;
1, 256, 1, 1, 1, 1, 6, 1001, 4;
1, 256, 0, 0, 0, 0, 5, 999, 3;
1, 256, 0, -1, -1, -1, 3, 998, 1;
1, 256, 1, 1, 1, 1, 6, 1000, 3;
1, 256, 0, -1, -1, -1, 4, 999, 2;
1, 256, 0, 1, 1, 1, 5, 1000, 3;
1, 256, 0, 0, 0, 0, 5, 1000, 3;
1, 256, 0, 0, 0, 0, 5, 1000, 3;
1, 256, 0, 0, 0, 0, 4, 999, 2;
1, 256, 0, 0, 0, 0, 5, 1000, 3;
1, 256, 0, 0, 0, 0, 4, 999, 2;
1, 256, 0, 0, 0, 0, 5, 1000, 3;
1, 256, 0, 0, 0, 0, 4, 999, 2;
1, 256, 0, 0, 0, 0, 5, 1000, 3;
1, 256, 0, 0, 0, 0, 4, 999, 2;
1, 256, 0, 0, 0, 0, 4, 999, 2;
1, 256, 0, 0, 0, 0, 5, 1000, 3;
1, 256, 0, 1, 1, 1, 5, 1000, 3;
1, 256, 0, 0, 0, 0, 5, 1000, 3;
1, 256, 1, 1, 1, 1, 6, 1001, 4;
1, 256, 0, 0, 0, 0, 4, 999, 2;
1, 256, 1, 1, 1, 1, 5, 1000, 3;
1, 256, 0, 0, 0, 0, 5, 999, 3;
1, 256, 0, 0, 0, 0, 5, 999, 2;
1, 256, 0, 0, 0, 0, 4, 999, 2;
1, 256, 1, 1, 1, 1, 5, 1000, 3;
1, 256, 0, -1, -1, -1, 4, 999, 2;
1, 256, 0, -1, -1, -1, 4, 999, 2;
1, 256, 1, 1, 1, 1, 6, 1001, 4;
1, 256, 0, 0, 0, 0, 4, 999, 2;
1, 256, 0, -1, -1, -1, 3, 998, 1;
1, 256, 0, 0, 0, 0, 4, 999, 2;
1, 256, 1, 1, 1, 1, 6, 1001, 4;
1, 256, 0, 0, 0, 0, 5, 1000, 3;
1, 256, 0, 1, 1, 1, 5, 1000, 3;
1, 256, 0, 0, 0, 0, 4, 999, 2;
1, 256, 0, 0, 0, 0, 4, 999, 2;
1, 256, 0, 0, 0, 0, 4, 999, 2;
1, 256, 0, -1, -1, -1, 4, 999, 2;
1, 256, 1, 1, 1, 1, 6, 1001, 4;
1, 256, 1, 1, 1, 1, 6, 1001, 4;
1, 256, 0, 1, 1, 1, 5, 1000, 3;
1, 256, 1, 1, 1, 1, 6, 1001, 4;
1, 256, 0, 0, 0, 0, 4, 999, 2;
1, 256, 0, -1, -1, -1, 4, 999, 2;
1, 256, 1, 1, 1, 1, 6, 1001, 4;
1, 256, 1, 1, 1, 1, 6, 1000, 3;
1, 256, 0, 0, 0, 0, 5, 1000, 3;
1, 256, 0, 0, 0, 0, 4, 999, 2;
1, 256, 0, 0, 0, 0, 4, 999, 2;
1, 256, 0, -1, -1, -1, 4, 999, 2;
1, 256, 0, 1, 1, 1, 5, 1000, 3;
1, 256, 0, -1, -1, -1, 4, 999, 2;
0, 256, 0, -1, -1, -1, 3, 998, 1;
1, 256, 1, 1, 1, 1, 6, 1001, 4;
1, 256, 0, 0, 0, 0, 5, 1000, 3;
1, 256, 1, 1, 1, 1, 6, 1001, 4;
0, 256, 0, -1, -1, -1, 3, 998, 1;
1, 256, 0, 0, 0, 0, 4, 999, 2;
1, 256, 1, 1, 1, 1, 6, 1001, 4;
1, 256, 0, 0, 0, 0, 5, 1000, 3;
1, 256, 0, -1, -1, -1, 4, 999, 2;
1, 256, 0, 0, 0, 0, 5, 1000, 3;
1, 256, 0, -1, -1, -1, 4, 999, 2;
1, 256, 0, 0, 0, 0, 5, 999, 2;
1, 256, 0, -1, -1, -1, 3, 998, 1;
1, 256, 1, 1, 1, 1, 6, 1000, 3;
1, 256, 0, 0, 0, 0, 5, 1000, 3;
1, 256, 0, -1, -1, -1, 4, 999, 2;
1, 256, 1, 1, 1, 1, 6, 1000, 4;
1, 256, 0, 0, 0, 0, 5, 1000, 3;
1, 256, 0, -1, -1, -1, 4, 998, 1;
1, 256, 0, 1, 1, 1, 5, 1000, 3;
1, 256, 0, 0, 0, 0, 5, 1000, 3;
1, 256, 0, 0, 0, 0, 5, 1000, 3;
1, 256, 0, 0, 0, 0, 5, 999, 3;
1, 256, 0, 0, 0, 0, 4, 999, 2;
1, 256, 0, 0, 0, 0, 5, 1000, 3;
1, 256, 0, -1, -1, -1, 4, 999, 2;
1, 256, 0, 0, 0, 0, 4, 999, 2;
1, 256, 1, 1, 1, 1, 6, 1001, 4;
1, 256, 1, 1, 1, 1, 6, 1001, 4;
1, 256, 0, 0, 0, 0, 5, 1000, 3;
1, 256, 0, -1, -1, -1, 4, 999, 2;
1, 256, 0, -1, -1, -1, 4, 999, 2;
1, 256, 1, 1, 1, 1, 6, 1001, 4;
1, 256, 0, -1, -1, -1, 3, 998, 1;
1, 256, 0, -1, -1, -1, 4, 999, 2;
1, 256, 1, 1, 1, 1, 6, 1001, 4;
1, 256, 0, -1, -1, -1, 4, 999, 2;
1, 256, 0, 1, 1, 1, 5, 1000, 3;
1, 256, 0, 0, 0, 0, 5, 1000, 3;
1, 256, 0, 0, 0, 0, 5, 1000, 3;
1, 256, 0, -1, -1, -1, 4, 998, 2;
1, 256, 1, 1, 1, 1, 6, 1001, 4;
1, 256, 0, 0, 0, 0, 5, 1000, 3;
1, 256, 0, -1, -1, -1, 4, 999, 2;
1, 256, 0, 0, 0, 0, 4, 999, 2;
1, 256, 0, 0, 0, 0, 4, 999, 2;
1, 256, 0, -1, -1, -1, 4, 999, 2;
1, 256, 0, 0, 0, 0, 5, 999, 2;
1, 256, 0, 1, 1, 1, 5, 1000, 3;
1, 256, 0, 0, 0, 0, 4, 999, 2;
1, 256, 0, 0, 0, 0, 5, 1000, 3;
1, 256, 0, 0, 0, 0, 4, 999, 2;
1, 256, 0, 0, 0, 0, 5, 1000, 3;
1, 256, 0, 0, 0, 0, 4, 999, 2;
1, 256, 0, 0, 0, 0, 5, 1000, 3;
1, 256, 0, 0, 0, 0, 5, 1000, 3;
1, 256, 0, -1, -1, -1, 4, 999, 2;
1, 256, 0, -1, -1, -1, 4, 998, 1;
1, 256, 0, 0, 0, 0, 5, 999, 3;
1, 256, 0, 0, 0, 0, 5, 1000, 3;
1, 256, 0, 0, 0, 0, 4, 999, 2;
1, 256, 0, -1, -1, -1, 4, 999, 2;
1, 256, 1, 1, 1, 1, 6, 1001, 4;
1, 256, 0, 0, 0, 0, 5, 999, 2;
1, 256, 0, 0, 0, 0, 4, 999, 2;
1, 256, 0, 0, 0, 0, 5, 1000, 3;
1, 256, 0, 0, 0, 0, 4, 999, 2;
1, 256, 0, 0, 0, 0, 4, 999, 2;
1, 256, 0, 0, 0, 0, 5, 1000, 3;
1, 256, 0, -1, -1, -1, 4, 999, 2;
1, 256, 1, 1, 1, 1, 6, 1001, 4;
1, 256, 0, 0, 0, 0, 5, 1000, 3;
1, 256, 0, 0, 0, 0, 5, 1000, 3;
1, 256, 0, 0, 0, 0, 4, 999, 2;
1, 256, 0, -1, -1, -1, 4, 998, 2;
1, 256, 0, 0, 0, 0, 5, 1000, 3;
1, 256, 1, 1, 1, 1, 6, 1000, 4;
1, 256, 0, 0, 0, 0, 4, 999, 2;
1, 256, 0, -1, -1, -1, 4, 998, 2;
1, 256, 0, 0, 0, 0, 5, 1000, 3;
1, 256, 0, 0, 0, 0, 5, 1000, 3;
1, 256, 0, 0, 0, 0, 5, 1000, 3;
1, 256, 1, 1, 1, 1, 5, 1000, 3;
1, 256, 0, 0, 0, 0, 4, 999, 2;
1, 256, 0, 0, 0, 0, 5, 1000, 3;
1, 256, 0, 0, 0, 0, 5, 1000, 3;
1, 256, 0, 0, 0, 0, 4, 999, 2;
1, 256, 0, 0, 0, 0, 5, 1000, 3;
1, 256, 0, 0, 0, 0, 4, 999, 2;
1, 256, 0, -1, -1, -1, 4, 999, 2;
1, 256, 0, 0, 0, 0, 5, 1000, 3;
1, 256, 0, 1, 1, 1, 5, 1000, 3;
1, 256, 0, -1, -1, -1, 4, 999, 2;
1, 256, 0, 0, 0, 0, 5, 1000, 3;
1, 256, 0, 0, 0, 0, 5, 1000, 3;
1, 256, 0, 1, 1, 1, 5, 1000, 3;
1, 256, 0, -1, -1, -1, 4, 998, 1;
1, 256, 0, 0, 0, 0, 4, 999, 2;
1, 256, 0, 0, 0, 0, 5, 1000, 3;
1, 256, 0, 0, 0, 0, 5, 999, 3;
1, 256, 0, 0, 0, 0, 4, 999, 2;
1, 256, 0, 0, 0, 0, 5, 1000, 3;
1, 256, 0, 0, 0, 0, 5, 1000, 3;
1, 256, 0, 0, 0, 0, 4, 999, 2;
1, 256, 0, -1, -1, -1, 4, 999, 2;
1, 256, 0, -1, -1, -1, 4, 998, 2;
1, 256, 1, 1, 1, 1, 6, 1001, 4;
1, 256, 0, -1, -1, -1, 4, 998, 2;
1, 256, 0, 0, 0, 0, 5, 1000, 3;
1, 256, 0, 0, 0, 0, 5, 1000, 3;
1, 256, 0, 0, 0, 0, 5, 1000, 3;
1, 256, 0, -1, -1, -1, 4, 999, 2;
1, 256, 0, 0, 0, 0, 4, 999, 2;
1, 256, 0, -1, -1, -1, 4, 998, 2;
1, 256, 0, 0, 0, 0, 5, 1000, 3;
1, 256, 0, -1, -1, -1, 4, 999, 2;
1, 256, 0, 0, 0, 0, 4, 999, 2;
0, 256, 0, -1, -1, -1, 3, 998, 1;
1, 256, 0, 0, 0, 0, 5, 1000, 3;
1, 256, 0, 0, 0, 0, 5, 1000, 3;
1, 256, 0, 0, 0, 0, 5, 1000, 3;
1, 256, 0, -1, -1, -1, 3, 998, 1;
1, 256, 0, 1, 1, 1, 5, 1000, 3;
1, 256, 1, 1, 1, 1, 5, 1000, 3;
1, 256, 0, 0, 0, 0, 5, 1000, 3;
1, 256, 0, 0, 0, 0, 4, 999, 2;
1, 256, 0, 0, 0, 0, 5, 1000, 3;
1, 256, 0, 0, 0, 0, 4, 999, 2;
1, 256, 0, 0, 0, 0, 5, 1000, 3;
1, 256, 0, -1, -1, -1, 4, 999, 2;
1, 256, 0, 0, 0, 0, 5, 1000, 3;
1, 256, 0, -1, -1, -1, 4, 999, 2;
0, 256, 0, -1, -1, -1, 3, 998, 1;
1, 256, 0, 0, 0, 0, 5, 1000, 3;
1, 256, 0, 0, 0, 0, 5, 1000, 3;
1, 256, 1, 1, 1, 1, 6, 1000, 4;
1, 256, 0, 0, 0, 0, 5, 1000, 3;
1, 256, 0, 0, 0, 0, 4, 999, 2;
1, 256, 0, 0, 0, 0, 4, 999, 2;
1, 256, 1, 1, 1, 1, 6, 1000, 4;
1, 256, 0, 0, 0, 0, 5, 1000, 3;
1, 256, 0, -1, -1, -1, 4, 999, 2;
1, 256, 0, 0, 0, 0, 5, 1000, 3;
1, 256, 0, 0, 0, 0, 5, 1000, 3;
1, 256, 0, 0, 0, 0, 5, 1000, 3;
1, 256, 1, 1, 1, 1, 6, 1000, 3;
1, 256, 0, -1, -1, -1, 4, 999, 2;
1, 256, 1, 1, 1, 1, 5, 1000, 3;
1, 256, 0, 0, 0, 0, 5, 1000, 3;
1, 256, 0, 0, 0, 0, 5, 1000, 3;
1, 256, 0, 0, 0, 0, 4, 999, 2;
1, 256, 0, 0, 0, 0, 4, 999, 2;
1, 256, 0, -1, -1, -1, 4, 999, 2;
1, 256, 0, 0, 0, 0, 5, 1000, 3;
1, 256, 0, 1, 1, 1, 5, 1000, 3;
1, 256, 0, 0, 0, 0, 4, 999, 2;
1, 256, 0, 1, 1, 1, 5, 1000, 3;
1, 256, 0, 1, 1, 1, 5, 1000, 3;
1, 256, 0, 0, 0, 0, 5, 999, 3;
1, 256, 1, 1, 1, 1, 6, 1001, 4;
1, 256, 0, 0, 0, 0, 5, 1000, 3;
1, 256, 0, 0, 0, 0, 5, 999, 2;
1, 256, 0, 0, 0, 0, 4, 999, 2;
1, 256, 1, 1, 1, 1, 6, 1001, 4;
1, 256, 0, 0, 0, 0, 5, 999, 3;
1, 256, 0, 0, 0, 0, 4, 999, 2;
1, 256, 0, -1, -1, -1, 4, 999, 2;
1, 256, 0, 1, 1, 1, 5, 1000, 3;
1, 256, 0, 1, 1, 1, 5, 1000, 3;
1, 256, 0, -1, -1, -1, 4, 998, 2;
1, 256, 0, -1, -1, -1, 4, 998, 1;
1, 256, 0, 1, 1, 1, 5, 1000, 3;
1, 256, 0, 0, 0, 0, 5, 1000, 3;
1, 256, 0, 0, 0, 0, 5, 999, 3;
1, 256, 0, -1, -1, -1, 4, 998, 2;
1, 256, 0, 0, 0, 0, 4, 999, 2;
1, 256, 0, 0, 0, 0, 5, 1000, 3;
1, 256, 0, 0, 0, 0, 4, 999, 2;
1, 256, 0, 0, 0, 0, 4, 999, 2;
1, 256, 0, 0, 0, 0, 5, 1000, 3;
1, 256, 0, 0, 0, 0, 4, 999, 2;
1, 256, 0, 0, 0, 0, 5, 1000, 3;
1, 256, 0, 0, 0, 0, 5, 1000, 3;
1, 256, 0, 0, 0, 0, 4, 999, 2;
1, 256, 0, 0, 0, 0, 5, 1000, 3;
1, 256, 0, 1, 1, 1, 5, 1000, 3;
1, 256, 0, 0, 0, 0, 5, 1000, 3;
1, 256, 0, -1, -1, -1, 4, 999, 2;
1, 256, 0, 0, 0, 0, 4, 999, 2;
1, 256, 0, 0, 0, 0, 5, 1000, 3;
1, 256, 0, 1, 1, 1, 5, 1000, 3;
1, 256, 0, -1, -1, -1, 4, 998, 2;
1, 256, 0, 0, 0, 0, 4, 999, 2;
1, 256, 0, -1, -1, -1, 4, 999, 2;
1, 256, 0, 0, 0, 0, 4, 999, 2;
1, 256, 0, 0, 0, 0, 4, 999, 2;
1, 256, 0, 0, 0, 0, 4, 999, 2;
1, 256, 0, -1, -1, -1, 4, 999, 2;
1, 256, 0, 0, 0, 0, 4, 999, 2;
1, 256, 0, -1, -1, -1, 4, 999, 2;
1, 256, 0, 0, 0, 0, 5, 1000, 3;
1, 256, 0, 0, 0, 0, 5, 1000, 3;
1, 256, 0, 0, 0, 0, 4, 999, 2;
1, 256, 0, 0, 0, 0, 5, 1000, 3;
1, 256, 0, -1, -1, -1, 3, 998, 1;
1, 256, 0, -1, -1, -1, 4, 999, 2;
1, 256, 0, 0, 0, 0, 5, 1000, 3;
1, 256, 0, 0, 0, 0, 5, 1000, 3;
1, 256, 0, 0, 0, 0, 4, 999, 2;
1, 256, 1, 1, 1, 1, 6, 1001, 4;
1, 256, 0, 0, 0, 0, 5, 1000, 3;
1, 256, 0, 0, 0, 0, 5, 999, 3;
1, 256, 0, -1, -1, -1, 4, 999, 2;
1, 256, 0, 0, 0, 0, 5, 1000, 3;
1, 256, 1, 1, 1, 1, 6, 1001, 4;
1, 256, 0, 0, 0, 0, 4, 999, 2;
1, 256, 1, 1, 1, 1, 6, 1001, 4;
1, 256, 0, 0, 0, 0, 4, 999, 2;
1, 256, 0, 0, 0, 0, 4, 999, 2;
1, 256, 0, -1, -1, -1, 4, 999, 2;
1, 256, 0, 0, 0, 0, 4, 999, 2;
1, 256, 0, 1, 1, 1, 5, 1000, 3;
1, 256, 0, -1, -1, -1, 4, 999, 2;
1, 256, 1, 1, 1, 1, 6, 1000, 4;
1, 256, 0, -1, -1, -1, 3, 998, 1;
1, 256, 0, 1, 1, 1, 5, 1000, 3;
1, 256, 1, 1, 1, 1, 6, 1000, 4;
1, 256, 0, -1, -1, -1, 4, 998, 2;
1, 256, 1, 1, 1, 1, 6, 1000, 4;
1, 256, 0, 0, 0, 0, 5, 1000, 3;
1, 256, 1, 1, 1, 1, 6, 1000, 4;
1, 256, 0, 0, 0, 0, 5, 1000, 3;
1, 256, 0, -1, -1, -1, 4, 999, 2;
1, 256, 0, 0, 0, 0, 4, 999, 2;
1, 256, 0, 0, 0, 0, 5, 1000, 3;
1, 256, 1, 1, 1, 1, 6, 1001, 4;
1, 256, 0, 0, 0, 0, 5, 999, 2;
1, 256, 0, 0, 0, 0, 5, 1000, 3;
1, 256, 0, 0, 0, 0, 5, 999, 2;
1, 256, 0, -1, -1, -1, 4, 999, 2;
1, 256, 0, 1, 1, 1, 5, 1000, 3;
1, 256, 0, 0, 0, 0, 4, 999, 2;
1, 256, 1, 1, 1, 1, 6, 1001, 4;
1, 256, 0, 0, 0, 0, 4, 999, 2;
1, 256, 0, 0, 0, 0, 4, 999, 2;
1, 256, 0, 1, 1, 1, 5, 1000, 3;
1, 256, 0, 0, 0, 0, 5, 1000, 3;
0, 256, 0, -1, -1, -1, 3, 998, 1;
1, 256, 0, 0, 0, 0, 4, 999, 2;
1, 256, 0, 0, 0, 0, 5, 1000, 3;
1, 256, 1, 1, 1, 1, 5, 1000, 3;
1, 256, 1, 1, 1, 1, 6, 1001, 4;
1, 256, 0, 0, 0, 0, 4, 999, 2;
1, 256, 0, 0, 0, 0, 5, 1000, 3;
1, 256, 1, 1, 1, 1, 6, 1001, 4;
1, 256, 0, 0, 0, 0, 4, 999, 2;
1, 256, 0, 0, 0, 0, 4, 999, 2;
1, 256, 0, 0, 0, 0, 5, 1000, 3;
1, 256, 0, 0, 0, 0, 4, 999, 2;
1, 256, 1, 1, 1, 1, 6, 1001, 4;
1, 256, 0, 0, 0, 0, 5, 1000, 3;
1, 256, 0, -1, -1, -1, 4, 999, 2;
1, 256, 0, 0, 0, 0, 5, 1000, 3;
1, 256, 0, 0, 0, 0, 5, 1000, 3;
1, 256, 0, 0, 0, 0, 4, 999, 2;
1, 256, 0, 0, 0, 0, 5, 1000, 3;
1, 256, 0, -1, -1, -1, 4, 999, 2;
1, 256, 0, 0, 0, 0, 4, 999, 2;
1, 256, 0, -1, -1, -1, 4, 998, 2;
1, 256, 0, 0, 0, 0, 5, 1000, 3;
1, 256, 0, 0, 0, 0, 4, 999, 2;
1, 256, 0, 0, 0, 0, 4, 999, 2;
1, 256, 0, 1, 1, 1, 5, 1000, 3;
1, 256, 0, 0, 0, 0, 5, 999, 2;
1, 256, 0, 1, 1, 1, 5, 1000, 3;
1, 256, 1, 1, 1, 1, 6, 1001, 4;
1, 256, 0, 0, 0, 0, 5, 1000, 3;
1, 256, 0, 0, 0, 0, 5, 1000, 3;
1, 256, 0, 0, 0, 0, 5, 1000, 3;
1, 256, 0, 0, 0, 0, 4, 999, 2;
1, 256, 0, -1, -1, -1, 4, 999, 2;
1, 256, 0, 0, 0, 0, 4, 999, 2;
1, 256, 0, -1, -1, -1, 4, 999, 2;
1, 256, 0, 0, 0, 0, 5, 1000, 3;
1, 256, 0, 1, 1, 1, 5, 1000, 3;
1, 256, 0, 0, 0, 0, 5, 1000, 3;
1, 256, 1, 1, 1, 1, 6, 1001, 4;
1, 256, 0, 0, 0, 0, 5, 999, 2;
1, 256, 0, -1, -1, -1, 4, 999, 2;
1, 256, 0, 1, 1, 1, 5, 1000, 3;
1, 256, 0, 0, 0, 0, 5, 999, 3;
1, 256, 0, 0, 0, 0, 5, 1000, 3;
1, 256, 0, 0, 0, 0, 5, 1000, 3;
1, 256, 0, 0, 0, 0, 5, 1000, 3;
1, 256, 0, 1, 1, 1, 5, 1000, 3;
1, 256, 0, 0, 0, 0, 5, 1000, 3;
1, 256, 0, -1, -1, -1, 4, 998, 2;
1, 256, 0, 0, 0, 0, 4, 999, 2;
1, 256, 1, 1, 1, 1, 6, 1001, 4;
1, 256, 0, 0, 0, 0, 5, 1000, 3;
1, 256, 0, 0, 0, 0, 5, 1000, 3;
1, 256, 0, 0, 0, 0, 5, 1000, 3;
1, 256, 0, 0, 0, 0, 5, 1000, 3;
1, 256, 0, -1, -1, -1, 4, 998, 1;
1, 256, 0, 0, 0, 0, 5, 999, 3;
1, 256, 1, 1, 1, 1, 6, 1001, 4;
1, 256, 0, 0, 0, 0, 5, 1000, 3;
1, 256, 0, 0, 0, 0, 4, 999, 2;
1, 256, 1, 1, 1, 1, 6, 1001, 4;
1, 256, 1, 1, 1, 1, 5, 1000, 3;
1, 256, 0, -1, -1, -1, 4, 998, 2;
1, 256, 0, 0, 0, 0, 5, 1000, 3;
1, 256, 0, 0, 0, 0, 5, 1000, 3;
1, 256, 0, -1, -1, -1, 4, 998, 2;
0, 256, 0, -1, -1, -1, 3, 998, 1;
1, 256, 0, 0, 0, 0, 4, 999, 2;
1, 256, 0, 0, 0, 0, 5, 1000, 3;
1, 256, 0, -1, -1, -1, 4, 999, 2;
1, 256, 0, 0, 0, 0, 5, 1000, 3;
1, 256, 1, 1, 1, 1, 6, 1001, 4;
1, 256, 0, -1, -1, -1, 3, 998, 1;
1, 256, 0, 0, 0, 0, 4, 999, 2;
1, 256, 0, 0, 0, 0, 5, 999, 2;
1, 256, 0, 1, 1, 1, 5, 1000, 3;
1, 256, 0, 0, 0, 0, 5, 1000, 3;
1, 256, 0, -1, -1, -1, 4, 999, 2;
1, 256, 0, -1, -1, -1, 4, 998, 1;
1, 256, 0, 0, 0, 0, 4, 999, 2;
1, 256, 0, -1, -1, -1, 4, 999, 2;
1, 256, 0, 0, 0, 0, 5, 1000, 3;
1, 256, 0, 0, 0, 0, 4, 999, 2;
1, 256, 0, 0, 0, 0, 4, 999, 2;
1, 256, 0, -1, -1, -1, 3, 998, 1;
1, 256, 0, -1, -1, -1, 4, 999, 2;
1, 256, 0, 0, 0, 0, 4, 999, 2;
1, 256, 0, -1, -1, -1, 4, 999, 2;
1, 256, 0, -1, -1, -1, 4, 999, 2;
1, 256, 0, 0, 0, 0, 4, 999, 2;
1, 256, 0, 1, 1, 1, 5, 1000, 3;
1, 256, 0, 0, 0, 0, 4, 999, 2;
1, 256, 0, -1, -1, -1, 4, 999, 2;
1, 256, 0, 0, 0, 0, 5, 1000, 3;
1, 256, 1, 1, 1, 1, 6, 1001, 4;
1, 256, 0, 0, 0, 0, 4, 999, 2;
1, 256, 0, -1, -1, -1, 3, 998, 1;
1, 256, 0, 0, 0, 0, 5, 999, 3;
1, 256, 1, 1, 1, 1, 6, 1001, 4;
1, 256, 0, 0, 0, 0, 5, 1000, 3;
1, 256, 1, 1, 1, 1, 6, 1000, 3;
1, 256, 1, 1, 1, 1, 6, 1000, 4;
1, 256, 0, 1, 1, 1, 5, 1000, 3;
1, 256, 0, 0, 0, 0, 5, 1000, 3;
1, 256, 0, 0, 0, 0, 5, 1000, 3;
1, 256, 0, 0, 0, 0, 5, 999, 2;
1, 256, 0, 0, 0, 0, 5, 999, 2;
1, 256, 0, 0, 0, 0, 5, 1000, 3;
1, 256, 0, 0, 0, 0, 5, 1000, 3;
1, 256, 1, 1, 1, 1, 6, 1001, 4;
1, 256, 0, 1, 1, 1, 5, 1000, 3;
1, 256, 0, 0, 0, 0, 4, 999, 2;
1, 256, 1, 1, 1, 1, 6, 1000, 3;
1, 256, 0, 0, 0, 0, 5, 1000, 3;
1, 256, 1, 1, 1, 1, 6, 1001, 4;
0, 256, 0, -1, -1, -1, 3, 998, 1;
1, 256, 0, -1, -1, -1, 4, 999, 2;
1, 256, 0, 1, 1, 1, 5, 1000, 3;
1, 256, 0, 0, 0, 0, 5, 1000, 3;
1, 256, 0, 0, 0, 0, 5, 1000, 3;
1, 256, 1, 1, 1, 1, 6, 1001, 4;
1, 256, 0, 1, 1, 1, 5, 1000, 3;
1, 256, 1, 1, 1, 1, 6, 1000, 3;
1, 256, 0, 1, 1, 1, 5, 1000, 3;
1, 256, 0, -1, -1, -1, 4, 998, 2;
1, 256, 0, -1, -1, -1, 4, 999, 2;
1, 256, 0, -1, -1, -1, 4, 999, 2;
1, 256, 0, -1, -1, -1, 4, 999, 2;
1, 256, 0, 1, 1, 1, 5, 1000, 3;
1, 256, 0, -1, -1, -1, 3, 998, 1;
1, 256, 1, 1, 1, 1, 6, 1001, 4;
1, 256, 0, 0, 0, 0, 5, 1000, 3;
1, 256, 0, 0, 0, 0, 5, 1000, 3;
1, 256, 0, 0, 0, 0, 5, 1000, 3;
1, 256, 0, 0, 0, 0, 4, 999, 2;
1, 256, 0, 1, 1, 1, 5, 1000, 3;
1, 256, 0, 0, 0, 0, 5, 1000, 3;
1, 256, 0, 0, 0, 0, 5, 1000, 3;
1, 256, 0, 0, 0, 0, 4, 999, 2;
1, 256, 0, 0, 0, 0, 5, 1000, 3;
1, 256, 0, 1, 1, 1, 5, 1000, 3;
1, 256, 0, 0, 0, 0, 5, 1000, 3;
1, 256, 0, -1, -1, -1, 4, 999, 2;
1, 256, 0, 0, 0, 0, 5, 1000, 3;
1, 256, 0, 0, 0, 0, 5, 999, 3;
1, 256, 1, 1, 1, 1, 6, 1001, 4;
1, 256, 0, 0, 0, 0, 5, 1000, 3;
1, 256, 1, 1, 1, 1, 6, 1001, 4;
1, 256, 0, 0, 0, 0, 4, 999, 2;
1, 256, 1, 1, 1, 1, 6, 1001, 4;
1, 256, 0, 0, 0, 0, 5, 1000, 3;
1, 256, 0, 1, 1, 1, 5, 1000, 3;
1, 256, 0, 0, 0, 0, 4, 999, 2;
1, 256, 0, 0, 0, 0, 5, 1000, 3;
1, 256, 0, 0, 0, 0, 5, 1000, 3;
1, 256, 0, 0, 0, 0, 5, 1000, 3;
1, 256, 0, 1, 1, 1, 5, 1000, 3;
1, 256, 0, 0, 0, 0, 5, 1000, 3;
1, 256, 0, -1, -1, -1, 4, 999, 2;
1, 256, 0, 0, 0, 0, 5, 1000, 3;
0, 256, 0, -1, -1, -1, 3, 998, 1;
1, 256, 0, 1, 1, 1, 5, 1000, 3;
1, 256, 0, 0, 0, 0, 5, 1000, 3;
1, 256, 1, 1, 1, 1, 6, 1001, 4;
1, 256, 0, 0, 0, 0, 4, 999, 2;
1, 256, 0, 1, 1, 1, 5, 1000, 3;
1, 256, 0, 0, 0, 0, 5, 999, 2;
1, 256, 0, 0, 0, 0, 5, 999, 2;
1, 256, 0, -1, -1, -1, 3, 998, 1;
1, 256, 1, 1, 1, 1, 6, 1001, 4;
1, 256, 0, 0, 0, 0, 5, 1000, 3;
1, 256, 0, -1, -1, -1, 4, 999, 2;
1, 256, 1, 1, 1, 1, 6, 1000, 3;
1, 256, 0, -1, -1, -1, 3, 998, 1;
1, 256, 0, 0, 0, 0, 4, 999, 2;
1, 256, 0, -1, -1, -1, 4, 999, 2;
1, 256, 0, 0, 0, 0, 4, 999, 2;
1, 256, 0, 0, 0, 0, 4, 999, 2;
1, 256, 0, 1, 1, 1, 5, 1000, 3;
1, 256, 0, 0, 0, 0, 5, 1000, 3;
1, 256, 1, 1, 1, 1, 6, 1001, 4;
1, 256, 0, -1, -1, -1, 4, 999, 2;
1, 256, 0, -1, -1, -1, 4, 998, 1;
1, 256, 0, 0, 0, 0, 4, 999, 2;
1, 256, 0, 0, 0, 0, 5, 999, 2;
1, 256, 0, 0, 0, 0, 5, 1000, 3;
1, 256, 0, 0, 0, 0, 5, 999, 2;
1, 256, 0, -1, -1, -1, 3, 998, 1;
1, 256, 0, 0, 0, 0, 5, 1000, 3;
1, 256, 0, 0, 0, 0, 4, 999, 2;
1, 256, 1, 1, 1, 1, 6, 1001, 4;
1, 256, 1, 1, 1, 1, 6, 1001, 4;
1, 256, 0, -1, -1, -1, 4, 999, 2;
1, 256, 0, 0, 0, 0, 5, 999, 3;
1, 256, 1, 1, 1, 1, 6, 1001, 4;
1, 256, 0, 0, 0, 0, 5, 999, 2;
1, 256, 0, 0, 0, 0, 5, 1000, 3;
1, 256, 1, 1, 1, 1, 5, 1000, 3;
1, 256, 0, -1, -1, -1, 4, 998, 1;
1, 256, 0, 0, 0, 0, 5, 1000, 3;
1, 256, 0, 1, 1, 1, 5, 1000, 3;
1, 256, 0, 0, 0, 0, 5, 1000, 3;
1, 256, 0, 0, 0, 0, 5, 1000, 3;
1, 256, 0, 0, 0, 0, 5, 1000, 3;
1, 256, 0, -1, -1, -1, 3, 998, 1;
1, 256, 0, -1, -1, -1, 4, 998, 1;
1, 256, 1, 1, 1, 1, 6, 1001, 4;
1, 256, 0, 1, 1, 1, 5, 1000, 3;
1, 256, 0, -1, -1, -1, 4, 999, 2;
1, 256, 0, 1, 1, 1, 5, 1000, 3;
1, 256, 0, -1, -1, -1, 4, 998, 2;
1, 256, 0, -1, -1, -1, 4, 999, 2;
1, 256, 0, 0, 0, 0, 4, 999, 2;
1, 256, 0, 0, 0, 0, 5, 1000, 3;
1, 256, 1, 1, 1, 1, 6, 1000, 3;
1, 256, 0, 1, 1, 1, 5, 1000, 3;
1, 256, 1, 1, 1, 1, 6, 1001, 4;
1, 256, 0, 0, 0, 0, 5, 1000, 3;
1, 256, 0, 0, 0, 0, 4, 999, 2;
1, 256, 0, 1, 1, 1, 5, 1000, 3;
1, 256, 0, 0, 0, 0, 5, 1000, 3;
1, 256, 0, 0, 0, 0, 4, 999, 2;
1, 256, 1, 1, 1, 1, 6, 1000, 3;
1, 256, 0, -1, -1, -1, 4, 999, 2;
1, 256, 0, -1, -1, -1, 4, 999, 2;
1, 256, 1, 1, 1, 1, 6, 1001, 4;
1, 256, 0, 0, 0, 0, 4, 999, 2;
1, 256, 1, 1, 1, 1, 6, 1001, 4;
1, 256, 0, 0, 0, 0, 5, 1000, 3;
1, 256, 0, -1, -1, -1, 4, 999, 2;
1, 256, 0, -1, -1, -1, 4, 998, 2;
1, 256, 0, 1, 1, 1, 5, 1000, 3;
1, 256, 0, 0, 0, 0, 4, 999, 2;
1, 256, 0, -1, -1, -1, 4, 999, 2;
1, 256, 1, 1, 1, 1, 6, 1001, 4;
1, 256, 0, 0, 0, 0, 4, 999, 2;
1, 256, 0, 0, 0, 0, 5, 1000, 3;
1, 256, 0, 0, 0, 0, 5, 1000, 3;
1, 256, 0, 0, 0, 0, 5, 1000, 3;
1, 256, 0, 1, 1, 1, 5, 1000, 3;
1, 256, 0, -1, -1, -1, 4, 999, 2;
1, 256, 0, 0, 0, 0, 5, 1000, 3;
1, 256, 0, 0, 0, 0, 5, 1000, 3;
1, 256, 0, -1, -1, -1, 4, 999, 2;
1, 256, 0, -1, -1, -1, 4, 999, 2;
1, 256, 0, 0, 0, 0, 4, 999, 2;
1, 256, 1, 1, 1, 1, 6, 1001, 4;
1, 256, 0, 0, 0, 0, 4, 999, 2;
1, 256, 0, 0, 0, 0, 5, 1000, 3;
1, 256, 0, 1, 1, 1, 5, 1000, 3;
1, 256, 0, -1, -1, -1, 3, 998, 1;
1, 256, 0, 0, 0, 0, 5, 1000, 3;
1, 256, 0, -1, -1, -1, 4, 999, 2;
1, 256, 0, -1, -1, -1, 4, 999, 2;
1, 256, 0, -1, -1, -1, 4, 999, 2;
1, 256, 0, 0, 0, 0, 4, 999, 2;
1, 256, 1, 1, 1, 1, 6, 1001, 4;
1, 256, 0, 0, 0, 0, 4, 999, 2;
1, 256, 0, -1, -1, -1, 4, 999, 2;
1, 256, 0, -1, -1, -1, 4, 998, 2;
1, 256, 0, 1, 1, 1, 5, 1000, 3;
1, 256, 0, -1, -1, -1, 3, 998, 1;
1, 256, 0, 0, 0, 0, 5, 1000, 3;
1, 256, 0, -1, -1, -1, 4, 999, 2;
1, 256, 0, 0, 0, 0, 5, 1000, 3;
1, 256, 1, 1, 1, 1, 5, 1000, 3;
1, 256, 0, -1, -1, -1, 4, 998, 2;
1, 256, 0, -1, -1, -1, 4, 999, 2;
1, 256, 0, -1, -1, -1, 4, 999, 2;
1, 256, 0, -1, -1, -1, 4, 999, 2;
1, 256, 0, 0, 0, 0, 4, 999, 2;
1, 256, 0, 0, 0, 0, 5, 1000, 3;
1, 256, 0, 0, 0, 0, 5, 1000, 3;
1, 256, 0, -1, -1, -1, 4, 999, 2;
1, 256, 0, 0, 0, 0, 5, 1000, 3;
1, 256, 0, 0, 0, 0, 5, 999, 2;
1, 256, 0, 0, 0, 0, 5, 1000, 3;
1, 256, 0, 0, 0, 0, 4, 999, 2;
1, 256, 0, 0, 0, 0, 5, 1000, 3;
1, 256, 0, 0, 0, 0, 4, 999, 2;
1, 256, 0, -1, -1, -1, 4, 999, 2;
1, 256, 0, 0, 0, 0, 5, 999, 3;
1, 256, 1, 1, 1, 1, 6, 1001, 4;
1, 256, 1, 1, 1, 1, 6, 1000, 4;
1, 256, 0, -1, -1, -1, 4, 999, 2;
1, 256, 1, 1, 1, 1, 6, 1001, 4;
1, 256, 0, 0, 0, 0, 4, 999, 2;
1, 256, 0, 1, 1, 1, 5, 1000, 3;
1, 256, 0, 1, 1, 1, 5, 1000, 3;
1, 256, 1, 1, 1, 1, 6, 1001, 4;
1, 256, 0, 0, 0, 0, 5, 1000, 3;
1, 256, 0, -1, -1, -1, 4, 999, 2;
1, 256, 0, 0, 0, 0, 5, 1000, 3;
1, 256, 0, 0, 0, 0, 4, 999, 2;
1, 256, 0, -1, -1, -1, 4, 999, 2;
1, 256, 0, 0, 0, 0, 5, 1000, 3;
1, 256, 0, 0, 0, 0, 4, 999, 2;
1, 256, 0, -1, -1, -1, 4, 999, 2;
1, 256, 0, 0, 0, 0, 5, 1000, 3;
1, 256, 1, 1, 1, 1, 6, 1000, 4;
1, 256, 0, -1, -1, -1, 4, 999, 2;
1, 256, 0, 0, 0, 0, 5, 1000, 3;
1, 256, 0, -1, -1, -1, 4, 998, 2;
1, 256, 0, 0, 0, 0, 5, 1000, 3;
1, 256, 0, 0, 0, 0, 4, 999, 2;
1, 256, 0, -1, -1, -1, 4, 999, 2;
1, 256, 1, 1, 1, 1, 6, 1001, 4;
1, 256, 0, 0, 0, 0, 5, 999, 3;
1, 256, 0, 1, 1, 1, 5, 1000, 3;
1, 256, 1, 1, 1, 1, 6, 1000, 4;
1, 256, 0, -1, -1, -1, 4, 999, 2;
1, 256, 0, -1, -1, -1, 4, 999, 2;
1, 256, 0, -1, -1, -1, 4, 999, 2;
1, 256, 0, 0, 0, 0, 5, 1000, 3;
1, 256, 0, 0, 0, 0, 5, 999, 3;
1, 256, 0, 0, 0, 0, 5, 1000, 3;
1, 256, 0, 1, 1, 1, 5, 1000, 3;
1, 256, 0, 0, 0, 0, 5, 1000, 3;
1, 256, 0, 0, 0, 0, 5, 1000, 3;
1, 256, 0, -1, -1, -1, 4, 999, 2;
1, 256, 1, 1, 1, 1, 6, 1001, 4;
1, 256, 1, 1, 1, 1, 6, 1001, 4;
1, 256, 0, 0, 0, 0, 5, 1000, 3;
1, 256, 0, 0, 0, 0, 4, 999, 2;
1, 256, 0, 0, 0, 0, 5, 1000, 3;
1, 256, 0, 0, 0, 0, 5, 1000, 3;
1, 256, 1, 1, 1, 1, 6, 1001, 4;
1, 256, 0, 0, 0, 0, 4, 999, 2;
1, 256, 1, 1, 1, 1, 6, 1001, 4;
1, 256, 0, 0, 0, 0, 4, 999, 2;
1, 256, 0, -1, -1, -1, 4, 999, 2;
1, 256, 1, 1, 1, 1, 6, 1001, 4;
1, 256, 0, 1, 1, 1, 5, 1000, 3;
1, 256, 0, 0, 0, 0, 4, 999, 2;
1, 256, 0, 0, 0, 0, 5, 1000, 3;
1, 256, 0, 0, 0, 0, 4, 999, 2;
1, 256, 0, 0, 0, 0, 5, 1000, 3;
1, 256, 0, 0, 0, 0, 5, 1000, 3;
1, 256, 1, 1, 1, 1, 5, 1000, 3;
1, 256, 0, -1, -1, -1, 4, 999, 2;
1, 256, 1, 1, 1, 1, 6, 1000, 4;
1, 256, 1, 1, 1, 1, 6, 1000, 3;
1, 256, 0, 0, 0, 0, 4, 999, 2;
1, 256, 1, 1, 1, 1, 6, 1001, 4;
1, 256, 0, 0, 0, 0, 5, 1000, 3;
1, 256, 1, 1, 1, 1, 6, 1001, 4;
1, 256, 0, 0, 0, 0, 4, 999, 2;
1, 256, 0, -1, -1, -1, 4, 999, 2;
1, 256, 0, 0, 0, 0, 4, 999, 2;
1, 256, 0, -1, -1, -1, 4, 999, 2;
1, 256, 0, 0, 0, 0, 5, 1000, 3;
1, 256, 0, -1, -1, -1, 3, 998, 1;
1, 256, 0, 0, 0, 0, 5, 1000, 3;
1, 256, 0, 0, 0, 0, 5, 1000, 3;
1, 256, 0, 1, 1, 1, 5, 1000, 3;
1, 256, 0, 0, 0, 0, 5, 1000, 3;
1, 256, 0, 0, 0, 0, 5, 1000, 3;
1, 256, 0, 1, 1, 1, 5, 1000, 3;
1, 256, 0, -1, -1, -1, 4, 999, 2;
1, 256, 0, -1, -1, -1, 4, 999, 2;
1, 256, 0, 0, 0, 0, 4, 999, 2;
1, 256, 0, 1, 1, 1, 5, 1000, 3;
1, 256, 0, 0, 0, 0, 4, 999, 2;
1, 256, 0, 1, 1, 1, 5, 1000, 3;
1, 256, 0, 0, 0, 0, 4, 999, 2;
1, 256, 0, 0, 0, 0, 5, 1000, 3;
1, 256, 0, -1, -1, -1, 3, 998, 1;
1, 256, 1, 1, 1, 1, 6, 1001, 4;
1, 256, 0, 0, 0, 0, 5, 1000, 3;
1, 256, 0, 0, 0, 0, 5, 1000, 3;
1, 256, 0, 0, 0, 0, 5, 1000, 3;
1, 256, 0, -1, -1, -1, 4, 999, 2;
1, 256, 0, 0, 0, 0, 5, 999, 3;
1, 256, 0, 0, 0, 0, 4, 999, 2;
1, 256, 0, -1, -1, -1, 4, 999, 2;
1, 256, 0, 0, 0, 0, 4, 999, 2;
1, 256, 0, -1, -1, -1, 4, 999, 2;
1, 256, 1, 1, 1, 1, 6, 1001, 4;
1, 256, 0, -1, -1, -1, 3, 998, 1;
1, 256, 0, -1, -1, -1, 4, 999, 2;
1, 256, 0, -1, -1, -1, 4, 999, 2;
1, 256, 1, 1, 1, 1, 6, 1001, 4;
1, 256, 1, 1, 1, 1, 6, 1000, 4;
1, 256, 0, 0, 0, 0, 5, 1000, 3;
1, 256, 0, 0, 0, 0, 5, 1000, 3;
1, 256, 0, 0, 0, 0, 4, 999, 2;
1, 256, 1, 1, 1, 1, 6, 1001, 4;
1, 256, 0, 0, 0, 0, 5, 1000, 3;
1, 256, 0, 1, 1, 1, 5, 1000, 3;
1, 256, 0, 0, 0, 0, 5, 1000, 3;
1, 256, 0, 1, 1, 1, 5, 1000, 3;
1, 256, 0, -1, -1, -1, 4, 998, 2;
1, 256, 1, 1, 1, 1, 6, 1001, 4;
1, 256, 1, 1, 1, 1, 6, 1001, 4;
1, 256, 0, -1, -1, -1, 3, 998, 1;
1, 256, 0, 0, 0, 0, 5, 1000, 3;
1, 256, 1, 1, 1, 1, 5, 1000, 3;
1, 256, 0, 0, 0, 0, 4, 999, 2;
1, 256, 0, -1, -1, -1, 3, 998, 1;
1, 256, 0, 0, 0, 0, 4, 999, 2;
1, 256, 0, 0, 0, 0, 4, 999, 2;
1, 256, 0, 0, 0, 0, 5, 1000, 3;
1, 256, 0, 0, 0, 0, 5, 1000, 3;
1, 256, 0, -1, -1, -1, 4, 999, 2;
1, 256, 1, 1, 1, 1, 6, 1001, 4;
1, 256, 0, 0, 0, 0, 5, 1000, 3;
1, 256, 0, 0, 0, 0, 5, 999, 3;
1, 256, 0, 0, 0, 0, 5, 1000, 3;
1, 256, 0, -1, -1, -1, 4, 999, 2;
1, 256, 0, 1, 1, 1, 5, 1000, 3;
1, 256, 0, 0, 0, 0, 5, 1000, 3;
1, 256, 0, 0, 0, 0, 4, 999, 2;
1, 256, 0, -1, -1, -1, 4, 999, 2;
1, 256, 0, -1, -1, -1, 4, 999, 2;
1, 256, 0, 0, 0, 0, 5, 1000, 3;
1, 256, 0, -1, -1, -1, 4, 999, 2;
1, 256, 0, -1, -1, -1, 4, 999, 2;
1, 256, 1, 1, 1, 1, 5, 1000, 3;
1, 256, 0, 0, 0, 0, 4, 999, 2;
1, 256, 0, 0, 0, 0, 4, 999, 2;
1, 256, 0, -1, -1, -1, 3, 998, 1;
1, 256, 0, -1, -1, -1, 4, 998, 2;
1, 256, 0, 1, 1, 1, 5, 1000, 3;
1, 256, 0, -1, -1, -1, 4, 999, 2;
1, 256, 0, 0, 0, 0, 4, 999, 2;
1, 256, 0, 0, 0, 0, 5, 1000, 3;
1, 256, 0, 0, 0, 0, 5, 999, 2;
1, 256, 1, 1, 1, 1, 6, 1000, 3;
1, 256, 1, 1, 1, 1, 6, 1001, 4;
1, 256, 0, -1, -1, -1, 4, 999, 2;
1, 256, 0, 0, 0, 0, 5, 1000, 3;
1, 256, 0, 0, 0, 0, 4, 999, 2;
1, 256, 0, 0, 0, 0, 5, 1000, 3;
1, 256, 0, 0, 0, 0, 4, 999, 2;
1, 256, 0, 0, 0, 0, 5, 1000, 3;
1, 256, 1, 1, 1, 1, 6, 1001, 4;
1, 256, 0, 0, 0, 0, 5, 1000, 3;
1, 256, 0, 0, 0, 0, 4, 999, 2;
1, 256, 0, 0, 0, 0, 4, 999, 2;
1, 256, 0, 0, 0, 0, 5, 1000, 3;
1, 256, 0, 0, 0, 0, 4, 999, 2;
1, 256, 0, 0, 0, 0, 4, 999, 2;
1, 256, 0, -1, -1, -1, 4, 999, 2;
1, 256, 0, 0, 0, 0, 5, 999, 3;
1, 256, 0, 0, 0, 0, 5, 1000, 3;
1, 256, 0, -1, -1, -1, 4, 999, 2;
1, 256, 0, 0, 0, 0, 4, 999, 2;
1, 256, 0, -1, -1, -1, 4, 999, 2;
1, 256, 0, -1, -1, -1, 4, 999, 2;
1, 256, 0, -1, -1, -1, 4, 999, 2;
1, 256, 0, -1, -1, -1, 3, 998, 1;
1, 256, 0, 0, 0, 0, 4, 999, 2;
1, 256, 0, 0, 0, 0, 5, 1000, 3;
1, 256, 0, -1, -1, -1, 4, 998, 1;
1, 256, 0, -1, -1, -1, 4, 999, 2;
1, 256, 0, 0, 0, 0, 5, 1000, 3;
1, 256, 0, 0, 0, 0, 4, 999, 2;
1, 256, 1, 1, 1, 1, 6, 1000, 3;
1, 256, 0, 0, 0, 0, 4, 999, 2;
1, 256, 0, 0, 0, 0, 5, 1000, 3;
1, 256, 0, -1, -1, -1, 4, 998, 2;
1, 256, 0, 0, 0, 0, 5, 1000, 3;
1, 256, 0, 0, 0, 0, 5, 999, 3;
1, 256, 0, 0, 0, 0, 5, 1000, 3;
1, 256, 0, -1, -1, -1, 4, 998, 2;
1, 256, 1, 1, 1, 1, 6, 1000, 3;
1, 256, 0, 0, 0, 0, 4, 999, 2;
1, 256, 0, 0, 0, 0, 5, 1000, 3;
1, 256, 1, 1, 1, 1, 6, 1001, 4;
1, 256, 0, 0, 0, 0, 5, 1000, 3;
1, 256, 0, -1, -1, -1, 4, 999, 2;
0, 256, 0, -1, -1, -1, 3, 998, 1;
1, 256, 1, 1, 1, 1, 5, 1000, 3;
1, 256, 0, 0, 0, 0, 4, 999, 2;
1, 256, 0, -1, -1, -1, 4, 999, 2;
1, 256, 0, 0, 0, 0, 5, 1000, 3;
1, 256, 0, 0, 0, 0, 5, 1000, 3;
1, 256, 0, 1, 1, 1, 5, 1000, 3;
1, 256, 0, 0, 0, 0, 5, 999, 2;
1, 256, 1, 1, 1, 1, 6, 1001, 4;
1, 256, 0, 1, 1, 1, 5, 1000, 3;
1, 256, 0, 0, 0, 0, 5, 1000, 3;
1, 256, 0, 0, 0, 0, 5, 1000, 3;
1, 256, 0, 0, 0, 0, 5, 1000, 3;
1, 256, 0, 0, 0, 0, 5, 1000, 3;
1, 256, 0, 1, 1, 1, 5, 1000, 3;
1, 256, 1, 1, 1, 1, 6, 1000, 4;
1, 256, 0, 0, 0, 0, 5, 1000, 3;
1, 256, 0, -1, -1, -1, 3, 998, 1;
1, 256, 0, 0, 0, 0, 4, 999, 2;
1, 256, 0, -1, -1, -1, 3, 998, 1;
1, 256, 0, 0, 0, 0, 4, 999, 2;
1, 256, 0, -1, -1, -1, 4, 999, 2;
1, 256, 0, -1, -1, -1, 4, 998, 2;
1, 256, 0, 0, 0, 0, 5, 1000, 3;
1, 256, 0, 0, 0, 0, 5, 1000, 3;
1, 256, 0, 0, 0, 0, 5, 1000, 3;
1, 256, 0, 0, 0, 0, 4, 999, 2;
1, 256, 0, 0, 0, 0, 4, 999, 2;
1, 256, 0, -1, -1, -1, 4, 999, 2;
1, 256, 1, 1, 1, 1, 6, 1000, 4;
1, 256, 0, 0, 0, 0, 4, 999, 2;
1, 256, 0, 0, 0, 0, 5, 999, 2;
1, 256, 0, -1, -1, -1, 3, 998, 1;
1, 256, 1, 1, 1, 1, 5, 1000, 3;
1, 256, 0, 0, 0, 0, 5, 999, 2;
1, 256, 0, 0, 0, 0, 5, 1000, 3;
1, 256, 0, 0, 0, 0, 4, 999, 2;
1, 256, 0, 0, 0, 0, 4, 999, 2;
1, 256, 0, 1, 1, 1, 5, 1000, 3;
1, 256, 0, 0, 0, 0, 5, 1000, 3;
1, 256, 0, 0, 0, 0, 5, 1000, 3;
1, 256, 0, 0, 0, 0, 5, 1000, 3;
1, 256, 0, 0, 0, 0, 4, 999, 2;
1, 256, 0, 0, 0, 0, 4, 999, 2;
1, 256, 0, 0, 0, 0, 4, 999, 2;
1, 256, 0, -1, -1, -1, 4, 999, 2;
1, 256, 0, 0, 0, 0, 5, 1000, 3;
1, 256, 0, -1, -1, -1, 4, 999, 2;
1, 256, 0, 0, 0, 0, 4, 999, 2;
1, 256, 1, 1, 1, 1, 6, 1000, 4;
1, 256, 0, -1, -1, -1, 3, 998, 1;
1, 256, 0, 1, 1, 1, 5, 1000, 3;
1, 256, 0, -1, -1, -1, 4, 999, 2;
1, 256, 0, 0, 0, 0, 4, 999, 2;
1, 256, 0, 0, 0, 0, 5, 1000, 3;
1, 256, 0, 0, 0, 0, 4, 999, 2;
1, 256, 0, 0, 0, 0, 5, 1000, 3;
1, 256, 1, 1, 1, 1, 6, 1001, 4;
1, 256, 1, 1, 1, 1, 6, 1001, 4;
1, 256, 0, 0, 0, 0, 4, 999, 2;
1, 256, 0, -1, -1, -1, 4, 998, 1;
1, 256, 0, 0, 0, 0, 4, 999, 2;
1, 256, 0, 0, 0, 0, 4, 999, 2;
1, 256, 1, 1, 1, 1, 5, 1000, 3;
1, 256, 0, -1, -1, -1, 4, 999, 2;
1, 256, 0, 0, 0, 0, 5, 1000, 3;
1, 256, 0, 0, 0, 0, 5, 1000, 3;
1, 256, 0, 1, 1, 1, 5, 1000, 3;
1, 256, 0, 0, 0, 0, 5, 1000, 3;
1, 256, 1, 1, 1, 1, 6, 1001, 4;
1, 256, 0, 0, 0, 0, 4, 999, 2;
1, 256, 0, 0, 0, 0, 4, 999, 2;
1, 256, 0, 0, 0, 0, 5, 1000, 3;
1, 256, 0, -1, -1, -1, 4, 999, 2;
1, 256, 0, 0, 0, 0, 5, 1000, 3;
1, 256, 0, 0, 0, 0, 5, 1000, 3;
1, 256, 0, 1, 1, 1, 5, 1000, 3;
1, 256, 0, -1, -1, -1, 4, 999, 2;
1, 256, 0, 0, 0, 0, 4, 999, 2;
1, 256, 0, 0, 0, 0, 5, 1000, 3;
1, 256, 0, 0, 0, 0, 4, 999, 2;
1, 256, 0, -1, -1, -1, 4, 999, 2;
1, 256, 0, -1, -1, -1, 3, 998, 1;
1, 256, 0, -1, -1, -1, 3, 998, 1;
1, 256, 1, 1, 1, 1, 6, 1001, 4;
1, 256, 1, 1, 1, 1, 5, 1000, 3;
1, 256, 0, -1, -1, -1, 3, 998, 1;
1, 256, 0, 1, 1, 1, 5, 1000, 3;
1, 256, 0, 0, 0, 0, 4, 999, 2;
1, 256, 1, 1, 1, 1, 6, 1001, 4;
1, 256, 0, -1, -1, -1, 4, 998, 2;
1, 256, 0, 0, 0, 0, 4, 999, 2;
1, 256, 1, 1, 1, 1, 6, 1001, 4;
1, 256, 0, 0, 0, 0, 4, 999, 2;
1, 256, 0, 0, 0, 0, 5, 1000, 3;
1, 256, 0, 0, 0, 0, 5, 1000, 3;
1, 256, 0, 0, 0, 0, 4, 999, 2;
1, 256, 0, 0, 0, 0, 5, 1000, 3;
1, 256, 0, -1, -1, -1, 4, 999, 2;
1, 256, 1, 1, 1, 1, 6, 1001, 4;
1, 256, 0, 0, 0, 0, 5, 1000, 3;
1, 256, 0, 0, 0, 0, 4, 999, 2;
1, 256, 0, 0, 0, 0, 4, 999, 2;
1, 256, 0, 1, 1, 1, 5, 1000, 3;
1, 256, 0, 0, 0, 0, 4, 999, 2;
1, 256, 0, 0, 0, 0, 5, 1000, 3;
1, 256, 0, 0, 0, 0, 4, 999, 2;
1, 256, 0, 0, 0, 0, 5, 1000, 3;
1, 256, 0, 0, 0, 0, 5, 1000, 3;
1, 256, 1, 1, 1, 1, 6, 1001, 4;
1, 256, 0, 0, 0, 0, 4, 999, 2;
1, 256, 0, 0, 0, 0, 4, 999, 2;
1, 256, 0, 0, 0, 0, 4, 999, 2;
1, 256, 0, 0, 0, 0, 4, 999, 2;
1, 256, 0, 0, 0, 0, 4, 999, 2;
1, 256, 0, 0, 0, 0, 5, 1000, 3;
1, 256, 0, 0, 0, 0, 5, 1000, 3;
1, 256, 0, 1, 1, 1, 5, 1000, 3;
1, 256, 0, -1, -1, -1, 3, 998, 1;
1, 256, 0, -1, -1, -1, 3, 998, 1;
1, 256, 1, 1, 1, 1, 6, 1001, 4;
1, 256, 1, 1, 1, 1, 6, 1000, 4;
1, 256, 0, -1, -1, -1, 4, 999, 2;
1, 256, 0, 0, 0, 0, 4, 999, 2;
1, 256, 0, 0, 0, 0, 5, 1000, 3;
1, 256, 0, 1, 1, 1, 5, 1000, 3;
1, 256, 0, 0, 0, 0, 4, 999, 2;
1, 256, 0, -1, -1, -1, 3, 998, 1;
1, 256, 0, 0, 0, 0, 4, 999, 2;
1, 256, 0, -1, -1, -1, 4, 998, 1;
1, 256, 0, 0, 0, 0, 5, 1000, 3;
1, 256, 0, 0, 0, 0, 4, 999, 2;
1, 256, 1, 1, 1, 1, 6, 1001, 4;
1, 256, 0, 0, 0, 0, 5, 1000, 3;
1, 256, 0, -1, -1, -1, 3, 998, 1;
1, 256, 0, 0, 0, 0, 5, 1000, 3;
1, 256, 1, 1, 1, 1, 6, 1000, 3;
1, 256, 0, -1, -1, -1, 4, 999, 2;
1, 256, 0, 0, 0, 0, 5, 1000, 3;
1, 256, 0, 0, 0, 0, 4, 999, 2;
1, 256, 0, 0, 0, 0, 4, 999, 2;
1, 256, 0, 0, 0, 0, 5, 1000, 3;
1, 256, 0, 0, 0, 0, 4, 999, 2;
1, 256, 0, 0, 0, 0, 4, 999, 2;
1, 256, 1, 1, 1, 1, 5, 1000, 3;
1, 256, 0, 0, 0, 0, 5, 1000, 3;
1, 256, 1, 1, 1, 1, 6, 1000, 4;
1, 256, 0, -1, -1, -1, 4, 999, 2;
1, 256, 0, -1, -1, -1, 4, 998, 2;
1, 256, 0, 0, 0, 0, 4, 999, 2;
1, 256, 0, 0, 0, 0, 4, 999, 2;
1, 256, 0, 0, 0, 0, 4, 999, 2;
1, 256, 0, 0, 0, 0, 5, 1000, 3;
1, 256, 0, 0, 0, 0, 5, 1000, 3;
1, 256, 0, 0, 0, 0, 5, 1000, 3;
1, 256, 1, 1, 1, 1, 5, 1000, 3;
1, 256, 0, 0, 0, 0, 4, 999, 2;
1, 256, 0, 0, 0, 0, 5, 1000, 3;
1, 256, 1, 1, 1, 1, 6, 1000, 4;
1, 256, 0, 0, 0, 0, 4, 999, 2;
1, 256, 0, -1, -1, -1, 4, 998, 1;
1, 256, 0, -1, -1, -1, 4, 999, 2;
1, 256, 1, 1, 1, 1, 6, 1001, 4;
1, 256, 0, -1, -1, -1, 4, 999, 2;
1, 256, 0, 0, 0, 0, 5, 1000, 3;
1, 256, 0, -1, -1, -1, 4, 999, 2;
1, 256, 0, 0, 0, 0, 4, 999, 2;
1, 256, 0, 0, 0, 0, 4, 999, 2;
1, 256, 0, 0, 0, 0, 5, 999, 3;
1, 256, 0, 0, 0, 0, 5, 1000, 3;
1, 256, 0, 0, 0, 0, 5, 1000, 3;
1, 256, 0, 0, 0, 0, 4, 999, 2;
1, 256, 1, 1, 1, 1, 5, 1000, 3;
1, 256, 0, 0, 0, 0, 4, 999, 2;
1, 256, 0, 0, 0, 0, 4, 999, 2;
1, 256, 0, -1, -1, -1, 3, 998, 1;
1, 256, 0, 0, 0, 0, 4, 999, 2;
1, 256, 0, 0, 0, 0, 5, 1000, 3;
1, 256, 0, 0, 0, 0, 5, 1000, 3;
1, 256, 0, -1, -1, -1, 4, 999, 2;
1, 256, 0, 0, 0, 0, 4, 999, 2;
1, 256, 0, 0, 0, 0, 4, 999, 2;
1, 256, 0, 0, 0, 0, 5, 1000, 3;
1, 256, 0, 1, 1, 1, 5, 1000, 3;
1, 256, 0, -1, -1, -1, 4, 999, 2;
1, 256, 0, 0, 0, 0, 5, 1000, 3;
0, 256, 0, -1, -1, -1, 3, 998, 1;
1, 256, 0, 0, 0, 0, 5, 1000, 3;
1, 256, 0, -1, -1, -1, 4, 998, 2;
1, 256, 0, 0, 0, 0, 4, 999, 2;
1, 256, 0, 0, 0, 0, 5, 1000, 3;
1, 256, 0, 1, 1, 1, 5, 1000, 3;
1, 256, 0, 0, 0, 0, 5, 1000, 3;
1, 256, 0, -1, -1, -1, 4, 999, 2;
1, 256, 1, 1, 1, 1, 6, 1001, 4;
1, 256, 0, 0, 0, 0, 4, 999, 2;
1, 256, 0, 0, 0, 0, 4, 999, 2;
1, 256, 0, 0, 0, 0, 4, 999, 2;
1, 256, 0, 0, 0, 0, 4, 999, 2;
1, 256, 0, -1, -1, -1, 4, 999, 2;
1, 256, 0, 0, 0, 0, 5, 1000, 3;
1, 256, 0, -1, -1, -1, 4, 999, 2;
1, 256, 0, -1, -1, -1, 3, 998, 1;
1, 256, 0, -1, -1, -1, 4, 999, 2;
1, 256, 0, -1, -1, -1, 4, 998, 2;
1, 256, 0, 0, 0, 0, 4, 999, 2;
1, 256, 0, 0, 0, 0, 5, 1000, 3;
1, 256, 0, 1, 1, 1, 5, 1000, 3;
1, 256, 0, -1, -1, -1, 4, 999, 2;
1, 256, 0, 0, 0, 0, 5, 1000, 3;
1, 256, 0, 1, 1, 1, 5, 1000, 3;
1, 256, 0, 0, 0, 0, 4, 999, 2;
1, 256, 0, 0, 0, 0, 4, 999, 2;
1, 256, 1, 1, 1, 1, 6, 1001, 4;
1, 256, 0, 0, 0, 0, 5, 1000, 3;
1, 256, 1, 1, 1, 1, 6, 1001, 4;
1, 256, 0, 0, 0, 0, 5, 1000, 3;
1, 256, 0, 0, 0, 0, 5, 1000, 3;
1, 256, 1, 1, 1, 1, 6, 1001, 4;
1, 256, 0, 0, 0, 0, 5, 1000, 3;
1, 256, 0, 0, 0, 0, 5, 1000, 3;
1, 256, 0, -1, -1, -1, 4, 999, 2;
1, 256, 0, -1, -1, -1, 3, 998, 1;
1, 256, 0, 0, 0, 0, 4, 999, 2;
1, 256, 0, -1, -1, -1, 4, 998, 2;
1, 256, 0, 0, 0, 0, 4, 999, 2;
1, 256, 0, -1, -1, -1, 4, 998, 2;
1, 256, 0, 0, 0, 0, 5, 1000, 3;
1, 256, 1, 1, 1, 1, 5, 1000, 3;
1, 256, 1, 1, 1, 1, 6, 1001, 4;
1, 256, 0, 0, 0, 0, 4, 999, 2;
1, 256, 0, 0, 0, 0, 5, 999, 2;
1, 256, 0, -1, -1, -1, 4, 999, 2;
1, 256, 0, 0, 0, 0, 4, 999, 2;
1, 256, 0, 0, 0, 0, 5, 1000, 3;
1, 256, 0, -1, -1, -1, 4, 998, 2;
1, 256, 0, 0, 0, 0, 5, 1000, 3;
1, 256, 0, -1, -1, -1, 4, 999, 2;
1, 256, 0, 0, 0, 0, 5, 1000, 3;
1, 256, 0, 0, 0, 0, 5, 1000, 3;
1, 256, 0, 0, 0, 0, 4, 999, 2;
1, 256, 0, 0, 0, 0, 5, 1000, 3;
1, 256, 0, 0, 0, 0, 4, 999, 2;
1, 256, 0, 0, 0, 0, 4, 999, 2;
1, 256, 0, -1, -1, -1, 4, 999, 2;
1, 256, 0, 0, 0, 0, 5, 1000, 3;
1, 256, 0, 0, 0, 0, 4, 999, 2;
1, 256, 0, 0, 0, 0, 5, 1000, 3;
1, 256, 0, 0, 0, 0, 4, 999, 2;
1, 256, 0, 1, 1, 1, 5, 1000, 3;
1, 256, 0, 0, 0, 0, 4, 999, 2;
1, 256, 0, 0, 0, 0, 5, 1000, 3;
1, 256, 0, 0, 0, 0, 4, 999, 2;
1, 256, 0, 0, 0, 0, 4, 999, 2;
1, 256, 0, 0, 0, 0, 5, 1000, 3;
1, 256, 0, -1, -1, -1, 4, 999, 2;
1, 256, 1, 1, 1, 1, 6, 1000, 3;
1, 256, 1, 1, 1, 1, 6, 1001, 4;
1, 256, 0, -1, -1, -1, 3, 998, 1;
1, 256, 0, -1, -1, -1, 4, 999, 2;
1, 256, 0, 0, 0, 0, 4, 999, 2;
1, 256, 0, 1, 1, 1, 5, 1000, 3;
1, 256, 0, 0, 0, 0, 4, 999, 2;
1, 256, 0, -1, -1, -1, 4, 999, 2;
1, 256, 0, 0, 0, 0, 4, 999, 2;
1, 256, 1, 1, 1, 1, 6, 1001, 4;
1, 256, 0, -1, -1, -1, 4, 999, 2;
1, 256, 0, 0, 0, 0, 5, 1000, 3;
1, 256, 0, 0, 0, 0, 5, 1000, 3;
1, 256, 0, 1, 1, 1, 5, 1000, 3;
1, 256, 0, 0, 0, 0, 4, 999, 2;
1, 256, 0, 1, 1, 1, 5, 1000, 3;
1, 256, 0, 0, 0, 0, 4, 999, 2;
1, 256, 0, -1, -1, -1, 4, 999, 2;
1, 256, 1, 1, 1, 1, 6, 1001, 4;
1, 256, 0, 0, 0, 0, 4, 999, 2;
1, 256, 0, 1, 1, 1, 5, 1000, 3;
1, 256, 0, -1, -1, -1, 4, 999, 2;
1, 256, 0, 0, 0, 0, 5, 999, 2;
1, 256, 1, 1, 1, 1, 6, 1001, 4;
1, 256, 0, 0, 0, 0, 5, 1000, 3;
1, 256, 0, 0, 0, 0, 5, 1000, 3;
1, 256, 0, 0, 0, 0, 4, 999, 2;
1, 256, 0, -1, -1, -1, 4, 999, 2;
1, 256, 0, -1, -1, -1, 4, 999, 2;
1, 256, 0, 0, 0, 0, 5, 1000, 3;
1, 256, 0, 0, 0, 0, 4, 999, 2;
1, 256, 0, 1, 1, 1, 5, 1000, 3;
1, 256, 0, -1, -1, -1, 3, 998, 1;
1, 256, 1, 1, 1, 1, 6, 1000, 3;
1, 256, 0, 1, 1, 1, 5, 1000, 3;
1, 256, 0, 0, 0, 0, 4, 999, 2;
1, 256, 0, -1, -1, -1, 4, 999, 2;
1, 256, 0, 0, 0, 0, 5, 1000, 3;
1, 256, 0, -1, -1, -1, 4, 999, 2;
1, 256, 0, -1, -1, -1, 4, 999, 2;
1, 256, 0, 0, 0, 0, 5, 1000, 3;
1, 256, 0, 0, 0, 0, 4, 999, 2;
1, 256, 0, 0, 0, 0, 4, 999, 2;
1, 256, 0, 1, 1, 1, 5, 1000, 3;
1, 256, 0, 0, 0, 0, 5, 1000, 3;
1, 256, 0, -1, -1, -1, 4, 999, 2;
1, 256, 0, 0, 0, 0, 4, 999, 2;
1, 256, 0, -1, -1, -1, 4, 998, 1;
1, 256, 0, -1, -1, -1, 4, 999, 2;
1, 256, 1, 1, 1, 1, 6, 1001, 4;
1, 256, 0, 0, 0, 0, 4, 999, 2;
1, 256, 0, 0, 0, 0, 5, 1000, 3;
1, 256, 0, 0, 0, 0, 5, 1000, 3;
1, 256, 0, 0, 0, 0, 5, 1000, 3;
1, 256, 0, 0, 0, 0, 5, 1000, 3;
1, 256, 0, 0, 0, 0, 5, 1000, 3;
1, 256, 0, -1, -1, -1, 4, 999, 2;
1, 256, 0, 0, 0, 0, 5, 1000, 3;
1, 256, 0, 0, 0, 0, 4, 999, 2;
1, 256, 0, -1, -1, -1, 4, 999, 2;
1, 256, 0, -1, -1, -1, 4, 999, 2;
1, 256, 0, -1, -1, -1, 4, 999, 2;
1, 256, 0, 0, 0, 0, 5, 1000, 3;
1, 256, 0, -1, -1, -1, 4, 998, 1;
1, 256, 0, -1, -1, -1, 4, 999, 2;
1, 256, 1, 1, 1, 1, 6, 1001, 4;
1, 256, 0, -1, -1, -1, 4, 999, 2;
1, 256, 0, 0, 0, 0, 5, 1000, 3;
1, 256, 1, 1, 1, 1, 6, 1000, 3;
1, 256, 0, -1, -1, -1, 4, 999, 2;
1, 256, 0, 0, 0, 0, 5, 1000, 3;
1, 256, 0, 0, 0, 0, 5, 1000, 3;
1, 256, 0, 0, 0, 0, 5, 1000, 3;
1, 256, 0, 0, 0, 0, 5, 999, 2;
1, 256, 0, -1, -1, -1, 4, 999, 2;
1, 256, 1, 1, 1, 1, 6, 1001, 4;
1, 256, 0, 0, 0, 0, 4, 999, 2;
1, 256, 0, -1, -1, -1, 4, 999, 2;
1, 256, 0, 0, 0, 0, 4, 999, 2;
1, 256, 1, 1, 1, 1, 5, 1000, 3;
1, 256, 1, 1, 1, 1, 6, 1001, 4;
1, 256, 0, 0, 0, 0, 4, 999, 2;
1, 256, 0, 0, 0, 0, 4, 999, 2;
1, 256, 0, -1, -1, -1, 4, 998, 1;
1, 256, 0, 0, 0, 0, 4, 999, 2;
1, 256, 1, 1, 1, 1, 6, 1001, 4;
1, 256, 0, 0, 0, 0, 5, 1000, 3;
1, 256, 0, -1, -1, -1, 4, 999, 2;
1, 256, 0, 0, 0, 0, 5, 1000, 3;
1, 256, 0, 0, 0, 0, 4, 999, 2;
1, 256, 0, -1, -1, -1, 4, 999, 2;
1, 256, 0, 0, 0, 0, 5, 1000, 3;
1, 256, 0, 0, 0, 0, 4, 999, 2;
1, 256, 1, 1, 1, 1, 6, 1001, 4;
1, 256, 0, 0, 0, 0, 5, 1000, 3;
1, 256, 0, 1, 1, 1, 5, 1000, 3;
1, 256, 0, 1, 1, 1, 5, 1000, 3;
1, 256, 0, 0, 0, 0, 5, 1000, 3;
1, 256, 0, 0, 0, 0, 5, 1000, 3;
1, 256, 0, 0, 0, 0, 4, 999, 2;
1, 256, 1, 1, 1, 1, 6, 1000, 3;
1, 256, 0, -1, -1, -1, 4, 999, 2;
1, 256, 0, 1, 1, 1, 5, 1000, 3;
1, 256, 0, -1, -1, -1, 4, 998, 2;
1, 256, 0, 0, 0, 0, 4, 999, 2;
1, 256, 0, 0, 0, 0, 4, 999, 2;
1, 256, 0, 0, 0, 0, 5, 1000, 3;
1, 256, 0, -1, -1, -1, 4, 998, 2;
1, 256, 1, 1, 1, 1, 6, 1001, 4;
1, 256, 0, -1, -1, -1, 3, 998, 1;
1, 256, 0, -1, -1, -1, 4, 998, 2;
1, 256, 0, 0, 0, 0, 5, 1000, 3;
1, 256, 0, 0, 0, 0, 5, 999, 3;
1, 256, 0, 0, 0, 0, 4, 999, 2;
1, 256, 0, 0, 0, 0, 5, 1000, 3;
1, 256, 0, -1, -1, -1, 3, 998, 1;
1, 256, 0, 1, 1, 1, 5, 1000, 3;
1, 256, 0, -1, -1, -1, 4, 998, 1;
1, 256, 0, 0, 0, 0, 4, 999, 2;
1, 256, 0, 0, 0, 0, 4, 999, 2;
1, 256, 0, -1, -1, -1, 4, 999, 2;
1, 256, 0, 0, 0, 0, 5, 1000, 3;
1, 256, 0, -1, -1, -1, 3, 998, 1;
1, 256, 0, 0, 0, 0, 4, 999, 2;
1, 256, 0, 0, 0, 0, 5, 1000, 3;
1, 256, 1, 1, 1, 1, 5, 1000, 3;
1, 256, 1, 1, 1, 1, 6, 1000, 4;
1, 256, 0, 0, 0, 0, 4, 999, 2;
1, 256, 0, 0, 0, 0, 5, 1000, 3;
1, 256, 0, -1, -1, -1, 4, 999, 2;
1, 256, 1, 1, 1, 1, 6, 1001, 4;
1, 256, 0, 0, 0, 0, 5, 1000, 3;
1, 256, 0, 0, 0, 0, 4, 999, 2;
1, 256, 0, -1, -1, -1, 4, 999, 2;
1, 256, 0, 0, 0, 0, 4, 999, 2;
1, 256, 0, -1, -1, -1, 4, 999, 2;
1, 256, 0, 0, 0, 0, 4, 999, 2;
1, 256, 0, 0, 0, 0, 5, 999, 3;
1, 256, 0, 0, 0, 0, 4, 999, 2;
1, 256, 0, 0, 0, 0, 5, 1000, 3;
1, 256, 1, 1, 1, 1, 6, 1000, 4;
1, 256, 0, -1, -1, -1, 4, 998, 1;
1, 256, 0, -1, -1, -1, 4, 999, 2;
1, 256, 1, 1, 1, 1, 6, 1000, 3;
1, 256, 0, -1, -1, -1, 4, 999, 2;
1, 256, 1, 1, 1, 1, 6, 1000, 4;
1, 256, 1, 1, 1, 1, 6, 1001, 4;
1, 256, 0, 0, 0, 0, 5, 1000, 3;
1, 256, 1, 1, 1, 1, 6, 1001, 4;
1, 256, 0, -1, -1, -1, 4, 999, 2;
1, 256, 0, 0, 0, 0, 5, 1000, 3;
1, 256, 0, 0, 0, 0, 5, 999, 2;
1, 256, 1, 1, 1, 1, 6, 1001, 4;
1, 256, 0, -1, -1, -1, 4, 998, 1;
1, 256, 1, 1, 1, 1, 6, 1001, 4;
1, 256, 0, 0, 0, 0, 4, 999, 2;
1, 256, 0, -1, -1, -1, 4, 999, 2;
1, 256, 0, 0, 0, 0, 5, 1000, 3;
1, 256, 0, 1, 1, 1, 5, 1000, 3;
1, 256, 0, -1, -1, -1, 3, 998, 1;
1, 256, 0, -1, -1, -1, 4, 999, 2;
1, 256, 0, 1, 1, 1, 5, 1000, 3;
1, 256, 0, -1, -1, -1, 4, 999, 2;
0, 256, 0, -1, -1, -1, 3, 998, 1;
0, 256, 0, -1, -1, -1, 3, 998, 1;
1, 256, 0, 0, 0, 0, 5, 1000, 3;
1, 256, 0, 0, 0, 0, 5, 1000, 3;
1, 256, 0, 0, 0, 0, 5, 1000, 3;
0, 256, 0, -1, -1, -1, 3, 998, 1;
1, 256, 1, 1, 1, 1, 6, 1001, 4;
1, 256, 0, -1, -1, -1, 4, 999, 2;
1, 256, 0, 0, 0, 0, 5, 999, 2;
1, 256, 0, 0, 0, 0, 4, 999, 2;
1, 256, 0, 0, 0, 0, 5, 999, 3;
1, 256, 0, -1, -1, -1, 4, 998, 1;
1, 256, 0, -1, -1, -1, 4, 999, 2;
1, 256, 1, 1, 1, 1, 6, 1001, 4;
1, 256, 0, 0, 0, 0, 4, 999, 2;
1, 256, 0, -1, -1, -1, 4, 999, 2;
1, 256, 0, -1, -1, -1, 4, 999, 2;
1, 256, 0, 0, 0, 0, 5, 1000, 3;
1, 256, 1, 1, 1, 1, 6, 1001, 4;
1, 256, 0, -1, -1, -1, 4, 999, 2;
1, 256, 0, -1, -1, -1, 4, 999, 2;
1, 256, 1, 1, 1, 1, 6, 1001, 4;
1, 256, 0, 0, 0, 0, 4, 999, 2;
1, 256, 0, -1, -1, -1, 4, 998, 2;
1, 256, 0, 0, 0, 0, 5, 1000, 3;
1, 256, 0, 0, 0, 0, 4, 999, 2;
1, 256, 0, 0, 0, 0, 4, 999, 2;
1, 256, 1, 1, 1, 1, 6, 1000, 3;
1, 256, 0, -1, -1, -1, 3, 998, 1;
1, 256, 0, -1, -1, -1, 4, 998, 1;
1, 256, 0, 0, 0, 0, 5, 1000, 3;
1, 256, 0, 0, 0, 0, 4, 999, 2;
1, 256, 0, 0, 0, 0, 5, 1000, 3;
1, 256, 0, 0, 0, 0, 4, 999, 2;
1, 256, 0, 0, 0, 0, 5, 1000, 3;
1, 256, 0, 0, 0, 0, 4, 999, 2;
1, 256, 0, 0, 0, 0, 5, 1000, 3;
1, 256, 0, 1, 1, 1, 5, 1000, 3;
1, 256, 1, 1, 1, 1, 5, 1000, 3;
1, 256, 1, 1, 1, 1, 6, 1001, 4;
1, 256, 0, -1, -1, -1, 3, 998, 1;
1, 256, 0, -1, -1, -1, 4, 999, 2;
1, 256, 0, 0, 0, 0, 4, 999, 2;
1, 256, 0, 0, 0, 0, 5, 1000, 3;
1, 256, 0, 0, 0, 0, 4, 999, 2;
1, 256, 0, 0, 0, 0, 5, 1000, 3;
1, 256, 0, -1, -1, -1, 4, 999, 2;
1, 256, 1, 1, 1, 1, 6, 1000, 3;
1, 256, 0, 0, 0, 0, 4, 999, 2;
1, 256, 0, 0, 0, 0, 4, 999, 2;
1, 256, 0, 0, 0, 0, 5, 1000, 3;
1, 256, 0, 0, 0, 0, 5, 1000, 3;
1, 256, 0, 0, 0, 0, 4, 999, 2;
1, 256, 0, -1, -1, -1, 4, 999, 2;
1, 256, 0, 0, 0, 0, 4, 999, 2;
1, 256, 0, 1, 1, 1, 5, 1000, 3;
1, 256, 0, 0, 0, 0, 4, 999, 2;
1, 256, 0, 1, 1, 1, 5, 1000, 3;
1, 256, 0, 0, 0, 0, 5, 1000, 3;
1, 256, 1, 1, 1, 1, 6, 1001, 4;
1, 256, 0, 1, 1, 1, 5, 1000, 3;
1, 256, 0, 0, 0, 0, 4, 999, 2;
1, 256, 1, 1, 1, 1, 6, 1000, 3;
1, 256, 0, 1, 1, 1, 5, 1000, 3;
1, 256, 0, 0, 0, 0, 5, 1000, 3;
1, 256, 0, 0, 0, 0, 5, 1000, 3;
1, 256, 1, 1, 1, 1, 6, 1001, 4;
1, 256, 0, 0, 0, 0, 5, 1000, 3;
1, 256, 0, 0, 0, 0, 5, 999, 3;
1, 256, 0, 1, 1, 1, 5, 1000, 3;
1, 256, 0, 1, 1, 1, 5, 1000, 3;
1, 256, 1, 1, 1, 1, 6, 1001, 4;
1, 256, 1, 1, 1, 1, 6, 1000, 4;
1, 256, 0, 0, 0, 0, 5, 1000, 3;
1, 256, 0, -1, -1, -1, 4, 999, 2;
1, 256, 0, -1, -1, -1, 4, 999, 2;
1, 256, 0, 1, 1, 1, 5, 1000, 3;
1, 256, 0, 0, 0, 0, 5, 1000, 3;
1, 256, 0, -1, -1, -1, 3, 998, 1;
1, 256, 0, -1, -1, -1, 4, 999, 2;
1, 256, 0, 0, 0, 0, 4, 999, 2;
1, 256, 0, 0, 0, 0, 4, 999, 2;
1, 256, 0, 0, 0, 0, 5, 1000, 3;
1, 256, 1, 1, 1, 1, 6, 1001, 4;
1, 256, 0, 1, 1, 1, 5, 1000, 3;
1, 256, 0, 0, 0, 0, 4, 999, 2;
1, 256, 0, 0, 0, 0, 5, 1000, 3;
1, 256, 0, 0, 0, 0, 4, 999, 2;
1, 256, 0, 1, 1, 1, 5, 1000, 3;
1, 256, 0, -1, -1, -1, 3, 998, 1;
1, 256, 0, -1, -1, -1, 4, 998, 1;
1, 256, 0, 0, 0, 0, 4, 999, 2;
1, 256, 0, 0, 0, 0, 5, 1000, 3;
1, 256, 0, -1, -1, -1, 4, 998, 1;
1, 256, 0, -1, -1, -1, 3, 998, 1;
1, 256, 0, 0, 0, 0, 4, 999, 2;
1, 256, 0, 0, 0, 0, 4, 999, 2;
1, 256, 0, 0, 0, 0, 5, 999, 2;
1, 256, 0, 1, 1, 1, 5, 1000, 3;
1, 256, 0, -1, -1, -1, 4, 999, 2;
1, 256, 0, 0, 0, 0, 4, 999, 2;
1, 256, 0, 0, 0, 0, 5, 1000, 3;
1, 256, 0, 0, 0, 0, 4, 999, 2;
1, 256, 0, -1, -1, -1, 4, 998, 2;
1, 256, 0, 0, 0, 0, 4, 999, 2;
1, 256, 0, 0, 0, 0, 4, 999, 2;
1, 256, 0, 0, 0, 0, 4, 999, 2;
1, 256, 0, 0, 0, 0, 5, 1000, 3;
1, 256, 0, 0, 0, 0, 5, 1000, 3;
1, 256, 1, 1, 1, 1, 6, 1001, 4;
1, 256, 0, 0, 0, 0, 5, 1000, 3;
1, 256, 0, 0, 0, 0, 5, 1000, 3;
1, 256, 1, 1, 1, 1, 6, 1001, 4;
1, 256, 0, 0, 0, 0, 5, 1000, 3;
1, 256, 0, 0, 0, 0, 5, 1000, 3;
1, 256, 0, 0, 0, 0, 4, 999, 2;
1, 256, 0, 0, 0, 0, 4, 999, 2;
1, 256, 1, 1, 1, 1, 6, 1001, 4;
1, 256, 0, 0, 0, 0, 5, 1000, 3;
1, 256, 0, 0, 0, 0, 4, 999, 2;
1, 256, 0, 0, 0, 0, 5, 1000, 3;
1, 256, 0, 0, 0, 0, 5, 1000, 3;
1, 256, 1, 1, 1, 1, 6, 1001, 4;
1, 256, 0, 0, 0, 0, 5, 1000, 3;
1, 256, 0, -1, -1, -1, 4, 999, 2;
1, 256, 0, 0, 0, 0, 4, 999, 2;
1, 256, 0, 0, 0, 0, 4, 999, 2;
1, 256, 0, 0, 0, 0, 5, 1000, 3;
1, 256, 0, 0, 0, 0, 4, 999, 2;
1, 256, 0, 0, 0, 0, 5, 1000, 3;
1, 256, 0, 0, 0, 0, 5, 999, 3;
1, 256, 0, 0, 0, 0, 4, 999, 2;
1, 256, 0, -1, -1, -1, 4, 999, 2;
1, 256, 0, 0, 0, 0, 4, 999, 2;
1, 256, 1, 1, 1, 1, 6, 1000, 3;
1, 256, 0, -1, -1, -1, 4, 999, 2;
1, 256, 0, 0, 0, 0, 5, 1000, 3;
1, 256, 0, 1, 1, 1, 5, 1000, 3;
1, 256, 0, -1, -1, -1, 4, 999, 2;
1, 256, 1, 1, 1, 1, 6, 1001, 4;
1, 256, 0, 0, 0, 0, 4, 999, 2;
1, 256, 0, 0, 0, 0, 5, 1000, 3;
1, 256, 0, 1, 1, 1, 5, 1000, 3;
1, 256, 0, -1, -1, -1, 3, 998, 1;
1, 256, 0, 0, 0, 0, 5, 1000, 3;
1, 256, 1, 1, 1, 1, 6, 1001, 4;
1, 256, 0, 0, 0, 0, 5, 1000, 3;
1, 256, 0, -1, -1, -1, 4, 998, 2;
1, 256, 0, 1, 1, 1, 5, 1000, 3;
1, 256, 0, 0, 0, 0, 5, 1000, 3;
1, 256, 0, -1, -1, -1, 3, 998, 1;
1, 256, 0, 0, 0, 0, 4, 999, 2;
1, 256, 0, 0, 0, 0, 5, 1000, 3;
1, 256, 0, 0, 0, 0, 5, 1000, 3;
1, 256, 1, 1, 1, 1, 6, 1000, 4;
1, 256, 1, 1, 1, 1, 6, 1001, 4;
1, 256, 1, 1, 1, 1, 6, 1001, 4;
1, 256, 0, 0, 0, 0, 4, 999, 2;
1, 256, 0, 0, 0, 0, 4, 999, 2;
1, 256, 0, 0, 0, 0, 5, 1000, 3;
1, 256, 0, -1, -1, -1, 3, 998, 1;
1, 256, 0, 0, 0, 0, 5, 1000, 3;
1, 256, 0, -1, -1, -1, 4, 999, 2;
1, 256, 0, 0, 0, 0, 5, 1000, 3;
1, 256, 0, 0, 0, 0, 5, 1000, 3;
1, 256, 0, 1, 1, 1, 5, 1000, 3;
1, 256, 0, 0, 0, 0, 4, 999, 2;
1, 256, 0, 0, 0, 0, 4, 999, 2;
1, 256, 1, 1, 1, 1, 6, 1001, 4;
1, 256, 0, -1, -1, -1, 4, 999, 2;
1, 256, 0, 0, 0, 0, 5, 1000, 3;
1, 256, 0, 0, 0, 0, 5, 999, 3;
1, 256, 0, 0, 0, 0, 4, 999, 2;
1, 256, 0, 0, 0, 0, 5, 999, 3;
1, 256, 0, 0, 0, 0, 5, 1000, 3;
1, 256, 0, 0, 0, 0, 5, 1000, 3;
1, 256, 0, 0, 0, 0, 5, 1000, 3;
1, 256, 0, -1, -1, -1, 4, 999, 2;
1, 256, 0, 0, 0, 0, 5, 1000, 3;
1, 256, 0, 0, 0, 0, 5, 1000, 3;
1, 256, 0, 0, 0, 0, 5, 1000, 3;
1, 256, 0, 0, 0, 0, 5, 1000, 3;
1, 256, 1, 1, 1, 1, 6, 1001, 4;
1, 256, 0, -1, -1, -1, 4, 999, 2;
1, 256, 0, 0, 0, 0, 5, 1000, 3;
1, 256, 0, 1, 1, 1, 5, 1000, 3;
1, 256, 0, 0, 0, 0, 5, 1000, 3;
1, 256, 0, 0, 0, 0, 4, 999, 2;
1, 256, 0, 1, 1, 1, 5, 1000, 3;
1, 256, 0, 1, 1, 1, 5, 1000, 3;
1, 256, 0, -1, -1, -1, 4, 999, 2;
1, 256, 0, 1, 1, 1, 5, 1000, 3;
1, 256, 0, 1, 1, 1, 5, 1000, 3;
1, 256, 0, -1, -1, -1, 4, 999, 2;
1, 256, 0, 0, 0, 0, 5, 999, 2;
1, 256, 0, 1, 1, 1, 5, 1000, 3;
1, 256, 0, 0, 0, 0, 4, 999, 2;
1, 256, 0, 0, 0, 0, 5, 1000, 3;
1, 256, 0, 0, 0, 0, 4, 999, 2;
1, 256, 0, 0, 0, 0, 4, 999, 2;
1, 256, 0, 0, 0, 0, 5, 1000, 3;
1, 256, 0, 0, 0, 0, 5, 1000, 3;
1, 256, 0, 0, 0, 0, 4, 999, 2;
1, 256, 1, 1, 1, 1, 6, 1000, 3;
1, 256, 1, 1, 1, 1, 6, 1000, 4;
1, 256, 1, 1, 1, 1, 6, 1001, 4;
1, 256, 0, -1, -1, -1, 4, 999, 2;
1, 256, 0, 0, 0, 0, 5, 1000, 3;
1, 256, 0, -1, -1, -1, 4, 998, 2;
1, 256, 0, -1, -1, -1, 4, 998, 1;
1, 256, 1, 1, 1, 1, 5, 1000, 3;
1, 256, 0, 0, 0, 0, 5, 1000, 3;
1, 256, 0, 0, 0, 0, 5, 1000, 3;
1, 256, 0, -1, -1, -1, 4, 999, 2;
1, 256, 0, 0, 0, 0, 5, 1000, 3;
1, 256, 0, -1, -1, -1, 4, 999, 2;
1, 256, 1, 1, 1, 1, 6, 1001, 4;
1, 256, 0, 0, 0, 0, 5, 1000, 3;
1, 256, 0, 1, 1, 1, 5, 1000, 3;
1, 256, 0, 0, 0, 0, 5, 999, 3;
1, 256, 0, 1, 1, 1, 5, 1000, 3;
1, 256, 1, 1, 1, 1, 6, 1001, 4;
1, 256, 0, -1, -1, -1, 4, 999, 2;
1, 256, 1, 1, 1, 1, 6, 1001, 4;
1, 256, 0, 0, 0, 0, 5, 1000, 3;
1, 256, 0, -1, -1, -1, 4, 999, 2;
1, 256, 0, 0, 0, 0, 5, 1000, 3;
1, 256, 0, 0, 0, 0, 5, 1000, 3;
1, 256, 0, 0, 0, 0, 4, 999, 2;
1, 256, 0, 0, 0, 0, 4, 999, 2;
1, 256, 0, -1, -1, -1, 4, 999, 2;
1, 256, 0, -1, -1, -1, 4, 999, 2;
1, 256, 0, 1, 1, 1, 5, 1000, 3;
1, 256, 0, 1, 1, 1, 5, 1000, 3;
1, 256, 0, 0, 0, 0, 5, 1000, 3;
1, 256, 0, 0, 0, 0, 5, 1000, 3;
1, 256, 0, -1, -1, -1, 4, 999, 2;
1, 256, 1, 1, 1, 1, 6, 1001, 4;
1, 256, 0, 0, 0, 0, 5, 1000, 3;
1, 256, 1, 1, 1, 1, 6, 1000, 4;
1, 256, 1, 1, 1, 1, 5, 1000, 3;
1, 256, 0, -1, -1, -1, 4, 999, 2;
1, 256, 0, -1, -1, -1, 4, 999, 2;
1, 256, 0, 1, 1, 1, 5, 1000, 3;
1, 256, 0, -1, -1, -1, 4, 999, 2;
1, 256, 0, 0, 0, 0, 5, 1000, 3;
1, 256, 1, 1, 1, 1, 6, 1001, 4;
0, 256, 0, -1, -1, -1, 3, 998, 1;
1, 256, 0, 0, 0, 0, 4, 999, 2;
1, 256, 1, 1, 1, 1, 6, 1001, 4;
1, 256, 0, 0, 0, 0, 4, 999, 2;
1, 256, 0, 0, 0, 0, 5, 1000, 3;
1, 256, 0, 0, 0, 0, 5, 1000, 3;
1, 256, 0, -1, -1, -1, 4, 999, 2;
1, 256, 1, 1, 1, 1, 6, 1000, 3;
1, 256, 0, -1, -1, -1, 4, 999, 2;
1, 256, 0, 0, 0, 0, 4, 999, 2;
1, 256, 0, 0, 0, 0, 5, 1000, 3;
1, 256, 0, 0, 0, 0, 5, 1000, 3;
1, 256, 0, 0, 0, 0, 5, 1000, 3;
1, 256, 0, -1, -1, -1, 4, 999, 2;
1, 256, 0, 0, 0, 0, 4, 999, 2;
1, 256, 0, -1, -1, -1, 3, 998, 1;
1, 256, 0, -1, -1, -1, 4, 999, 2;
1, 256, 1, 1, 1, 1, 6, 1000, 3;
1, 256, 0, 0, 0, 0, 5, 1000, 3;
1, 256, 0, 0, 0, 0, 5, 1000, 3;
1, 256, 0, 0, 0, 0, 4, 999, 2;
0, 256, 0, -1, -1, -1, 3, 998, 1;
1, 256, 0, -1, -1, -1, 4, 999, 2;
1, 256, 0, 0, 0, 0, 5, 1000, 3;
1, 256, 1, 1, 1, 1, 6, 1001, 4;
1, 256, 0, -1, -1, -1, 4, 998, 2;
1, 256, 0, -1, -1, -1, 4, 998, 2;
1, 256, 0, -1, -1, -1, 4, 999, 2;
1, 256, 0, 0, 0, 0, 5, 1000, 3;
1, 256, 0, 0, 0, 0, 5, 999, 3;
1, 256, 0, -1, -1, -1, 4, 998, 1;
1, 256, 0, 0, 0, 0, 5, 1000, 3;
1, 256, 0, 0, 0, 0, 5, 1000, 3;
1, 256, 0, 0, 0, 0, 5, 1000, 3;
1, 256, 0, -1, -1, -1, 4, 999, 2;
1, 256, 0, 0, 0, 0, 5, 1000, 3;
1, 256, 0, 0, 0, 0, 5, 1000, 3;
1, 256, 0, 0, 0, 0, 5, 1000, 3;
1, 256, 0, 0, 0, 0, 5, 1000, 3;
1, 256, 0, -1, -1, -1, 4, 999, 2;
1, 256, 0, -1, -1, -1, 4, 999, 2;
1, 256, 0, 1, 1, 1, 5, 1000, 3;
1, 256, 0, 0, 0, 0, 5, 999, 3;
1, 256, 1, 1, 1, 1, 6, 1001, 4;
1, 256, 0, 1, 1, 1, 5, 1000, 3;
1, 256, 0, -1, -1, -1, 4, 998, 1;
1, 256, 0, -1, -1, -1, 4, 998, 2;
1, 256, 0, 0, 0, 0, 4, 999, 2;
1, 256, 1, 1, 1, 1, 6, 1000, 4;
1, 256, 0, 1, 1, 1, 5, 1000, 3;
1, 256, 0, -1, -1, -1, 4, 998, 2;
1, 256, 0, -1, -1, -1, 4, 999, 2;
1, 256, 1, 1, 1, 1, 5, 1000, 3;
1, 256, 0, -1, -1, -1, 4, 998, 2;
1, 256, 0, 0, 0, 0, 4, 999, 2;
1, 256, 0, 0, 0, 0, 5, 1000, 3;
1, 256, 0, -1, -1, -1, 4, 998, 1;
1, 256, 0, -1, -1, -1, 4, 999, 2;
1, 256, 0, 0, 0, 0, 4, 999, 2;
1, 256, 0, 0, 0, 0, 5, 1000, 3;
1, 256, 0, 0, 0, 0, 4, 999, 2;
1, 256, 0, 0, 0, 0, 5, 1000, 3;
1, 256, 0, 0, 0, 0, 4, 999, 2;
1, 256, 1, 1, 1, 1, 6, 1000, 4;
1, 256, 0, 1, 1, 1, 5, 1000, 3;
1, 256, 0, 0, 0, 0, 4, 999, 2;
1, 256, 0, 1, 1, 1, 5, 1000, 3;
1, 256, 0, 0, 0, 0, 5, 1000, 3;
1, 256, 1, 1, 1, 1, 6, 1000, 3;
1, 256, 1, 1, 1, 1, 6, 1001, 4;
1, 256, 0, 0, 0, 0, 4, 999, 2;
1, 256, 0, -1, -1, -1, 4, 998, 1;
1, 256, 0, 1, 1, 1, 5, 1000, 3;
1, 256, 0, 1, 1, 1, 5, 1000, 3;
1, 256, 0, 0, 0, 0, 5, 1000, 3;
1, 256, 0, 0, 0, 0, 5, 1000, 3;
1, 256, 1, 1, 1, 1, 6, 1001, 4;
1, 256, 0, 0, 0, 0, 4, 999, 2;
1, 256, 0, -1, -1, -1, 4, 999, 2;
1, 256, 1, 1, 1, 1, 6, 1001, 4;
1, 256, 0, -1, -1, -1, 4, 999, 2;
1, 256, 0, 0, 0, 0, 5, 999, 3;
1, 256, 0, 1, 1, 1, 5, 1000, 3;
1, 256, 0, 1, 1, 1, 5, 1000, 3;
1, 256, 0, -1, -1, -1, 4, 999, 2;
1, 256, 0, 0, 0, 0, 5, 1000, 3;
1, 256, 0, 0, 0, 0, 4, 999, 2;
1, 256, 1, 1, 1, 1, 6, 1001, 4;
1, 256, 1, 1, 1, 1, 6, 1001, 4;
1, 256, 0, -1, -1, -1, 4, 998, 2;
1, 256, 1, 1, 1, 1, 6, 1001, 4;
1, 256, 0, 0, 0, 0, 4, 999, 2;
1, 256, 0, 0, 0, 0, 5, 1000, 3;
1, 256, 0, 0, 0, 0, 5, 1000, 3;
1, 256, 1, 1, 1, 1, 6, 1001, 4;
1, 256, 0, -1, -1, -1, 4, 999, 2;
1, 256, 0, 0, 0, 0, 5, 1000, 3;
1, 256, 0, 1, 1, 1, 5, 1000, 3;
1, 256, 0, 0, 0, 0, 4, 999, 2;
1, 256, 0, 0, 0, 0, 4, 999, 2;
1, 256, 0, 0, 0, 0, 4, 999, 2;
1, 256, 0, 0, 0, 0, 5, 1000, 3;
1, 256, 1, 1, 1, 1, 6, 1001, 4;
1, 256, 0, 0, 0, 0, 5, 1000, 3;
1, 256, 0, 0, 0, 0, 4, 999, 2;
1, 256, 0, 0, 0, 0, 5, 1000, 3;
1, 256, 1, 1, 1, 1, 6, 1001, 4;
1, 256, 0, -1, -1, -1, 4, 999, 2;
0, 256, 0, -1, -1, -1, 3, 998, 1;
1, 256, 0, 0, 0, 0, 5, 1000, 3;
1, 256, 1, 1, 1, 1, 6, 1001, 4;
1, 256, 0, -1, -1, -1, 3, 998, 1;
1, 256, 0, 1, 1, 1, 5, 1000, 3;
1, 256, 0, 1, 1, 1, 5, 1000, 3;
1, 256, 0, 0, 0, 0, 5, 1000, 3;
1, 256, 0, 0, 0, 0, 5, 1000, 3;
1, 256, 0, 0, 0, 0, 5, 1000, 3;
1, 256, 1, 1, 1, 1, 6, 1001, 4;
1, 256, 0, 0, 0, 0, 5, 1000, 3;
1, 256, 0, 0, 0, 0, 5, 1000, 3;
1, 256, 0, 0, 0, 0, 4, 999, 2;
1, 256, 0, 1, 1, 1, 5, 1000, 3;
1, 256, 0, -1, -1, -1, 4, 998, 1;
1, 256, 1, 1, 1, 1, 6, 1001, 4;
1, 256, 0, -1, -1, -1, 4, 999, 2;
1, 256, 0, 0, 0, 0, 4, 999, 2;
1, 256, 0, -1, -1, -1, 4, 999, 2;
1, 256, 0, 0, 0, 0, 5, 999, 3;
1, 256, 1, 1, 1, 1, 5, 1000, 3;
1, 256, 0, -1, -1, -1, 4, 998, 1;
1, 256, 0, 0, 0, 0, 4, 999, 2;
1, 256, 0, -1, -1, -1, 4, 999, 2;
1, 256, 0, 0, 0, 0, 5, 1000, 3;
1, 256, 0, 0, 0, 0, 5, 1000, 3;
1, 256, 0, -1, -1, -1, 4, 999, 2;
1, 256, 0, 0, 0, 0, 5, 1000, 3;
1, 256, 0, -1, -1, -1, 4, 999, 2;
1, 256, 0, 0, 0, 0, 4, 999, 2;
1, 256, 1, 1, 1, 1, 6, 1000, 4;
1, 256, 0, 0, 0, 0, 4, 999, 2;
1, 256, 0, 0, 0, 0, 5, 1000, 3;
1, 256, 0, -1, -1, -1, 4, 999, 2;
1, 256, 0, 1, 1, 1, 5, 1000, 3;
1, 256, 1, 1, 1, 1, 5, 1000, 3;
1, 256, 1, 1, 1, 1, 5, 1000, 3;
0, 256, 0, -1, -1, -1, 3, 998, 1;
1, 256, 0, -1, -1, -1, 4, 999, 2;
1, 256, 1, 1, 1, 1, 6, 1000, 3;
1, 256, 1, 1, 1, 1, 6, 1000, 3;
1, 256, 0, 1, 1, 1, 5, 1000, 3;
1, 256, 0, -1, -1, -1, 4, 999, 2;
1, 256, 0, -1, -1, -1, 4, 999, 2;
1, 256, 0, 0, 0, 0, 5, 999, 3;
1, 256, 0, 0, 0, 0, 4, 999, 2;
1, 256, 0, -1, -1, -1, 4, 999, 2;
1, 256, 0, 0, 0, 0, 5, 1000, 3;
1, 256, 1, 1, 1, 1, 6, 1001, 4;
1, 256, 0, -1, -1, -1, 3, 998, 1;
1, 256, 0, 0, 0, 0, 5, 1000, 3;
1, 256, 0, -1, -1, -1, 4, 999, 2;
1, 256, 0, 0, 0, 0, 4, 999, 2;
1, 256, 0, 1, 1, 1, 5, 1000, 3;
1, 256, 0, -1, -1, -1, 3, 998, 1;
1, 256, 1, 1, 1, 1, 6, 1001, 4;
1, 256, 0, 1, 1, 1, 5, 1000, 3;
1, 256, 0, 0, 0, 0, 5, 1000, 3;
1, 256, 1, 1, 1, 1, 6, 1001, 4;
0, 256, 0, -1, -1, -1, 3, 998, 1;
1, 256, 0, 1, 1, 1, 5, 1000, 3;
1, 256, 0, 0, 0, 0, 5, 999, 3;
1, 256, 0, -1, -1, -1, 4, 999, 2;
1, 256, 0, 0, 0, 0, 4, 999, 2;
1, 256, 0, 0, 0, 0, 5, 999, 2;
1, 256, 0, -1, -1, -1, 4, 999, 2;
1, 256, 1, 1, 1, 1, 6, 1000, 3;
0, 256, 0, -1, -1, -1, 3, 998, 1;
1, 256, 0, -1, -1, -1, 4, 999, 2;
1, 256, 0, 0, 0, 0, 4, 999, 2;
1, 256, 0, 0, 0, 0, 4, 999, 2;
1, 256, 0, -1, -1, -1, 4, 999, 2;
1, 256, 0, 0, 0, 0, 4, 999, 2;
1, 256, 0, 0, 0, 0, 4, 999, 2;
1, 256, 0, 0, 0, 0, 4, 999, 2;
1, 256, 0, -1, -1, -1, 4, 998, 2;
1, 256, 0, -1, -1, -1, 3, 998, 1;
0, 256, 0, -1, -1, -1, 3, 998, 1;
1, 256, 0, 0, 0, 0, 5, 1000, 3;
1, 256, 0, 0, 0, 0, 5, 1000, 3;
1, 256, 0, -1, -1, -1, 4, 999, 2;
1, 256, 0, 0, 0, 0, 4, 999, 2;
1, 256, 0, 0, 0, 0, 5, 1000, 3;
1, 256, 0, 0, 0, 0, 4, 999, 2;
1, 256, 1, 1, 1, 1, 6, 1001, 4;
1, 256, 0, -1, -1, -1, 4, 999, 2;
1, 256, 0, -1, -1, -1, 4, 999, 2;
1, 256, 0, 0, 0, 0, 5, 1000, 3;
1, 256, 0, 0, 0, 0, 4, 999, 2;
1, 256, 0, 0, 0, 0, 5, 1000, 3;
1, 256, 0, -1, -1, -1, 4, 999, 2;
1, 256, 0, 0, 0, 0, 5, 1000, 3;
1, 256, 0, -1, -1, -1, 4, 999, 2;
1, 256, 0, 0, 0, 0, 5, 1000, 3;
1, 256, 0, -1, -1, -1, 4, 999, 2;
1, 256, 0, 0, 0, 0, 5, 1000, 3;
1, 256, 0, -1, -1, -1, 4, 998, 1;
0, 256, 0, -1, -1, -1, 3, 998, 1;
1, 256, 1, 1, 1, 1, 6, 1001, 4;
1, 256, 0, 0, 0, 0, 5, 1000, 3;
1, 256, 1, 1, 1, 1, 6, 1001, 4;
1, 256, 0, 0, 0, 0, 4, 999, 2;
1, 256, 0, 0, 0, 0, 4, 999, 2;
1, 256, 0, -1, -1, -1, 4, 999, 2;
1, 256, 0, 0, 0, 0, 5, 1000, 3;
1, 256, 0, -1, -1, -1, 4, 998, 1;
1, 256, 1, 1, 1, 1, 5, 1000, 3;
1, 256, 0, 1, 1, 1, 5, 1000, 3;
1, 256, 0, -1, -1, -1, 4, 999, 2;
1, 256, 0, -1, -1, -1, 4, 999, 2;
1, 256, 0, -1, -1, -1, 4, 998, 1;
1, 256, 0, 0, 0, 0, 4, 999, 2;
1, 256, 1, 1, 1, 1, 6, 1001, 4;
1, 256, 0, -1, -1, -1, 4, 999, 2;
1, 256, 0, 0, 0, 0, 5, 1000, 3;
1, 256, 1, 1, 1, 1, 5, 1000, 3;
1, 256, 0, 0, 0, 0, 4, 999, 2;
1, 256, 0, 0, 0, 0, 4, 999, 2;
1, 256, 1, 1, 1, 1, 6, 1001, 4;
1, 256, 0, 0, 0, 0, 4, 999, 2;
1, 256, 1, 1, 1, 1, 6, 1001, 4;
1, 256, 0, -1, -1, -1, 4, 998, 2;
1, 256, 0, 0, 0, 0, 5, 1000, 3;
1, 256, 0, 1, 1, 1, 5, 1000, 3;
1, 256, 0, 0, 0, 0, 4, 999, 2;
1, 256, 0, 0, 0, 0, 4, 999, 2;
1, 256, 0, 1, 1, 1, 5, 1000, 3;
1, 256, 0, 0, 0, 0, 4, 999, 2;
1, 256, 0, -1, -1, -1, 4, 999, 2;
1, 256, 1, 1, 1, 1, 6, 1001, 4;
1, 256, 0, 0, 0, 0, 4, 999, 2;
1, 256, 1, 1, 1, 1, 6, 1001, 4;
1, 256, 1, 1, 1, 1, 6, 1001, 4;
1, 256, 0, 1, 1, 1, 5, 1000, 3;
1, 256, 0, 0, 0, 0, 5, 1000, 3;
1, 256, 0, 0, 0, 0, 4, 999, 2;
1, 256, 0, -1, -1, -1, 4, 999, 2;
1, 256, 0, 0, 0, 0, 4, 999, 2;
1, 256, 0, 0, 0, 0, 4, 999, 2;
1, 256, 1, 1, 1, 1, 6, 1001, 4;
1, 256, 0, 0, 0, 0, 5, 1000, 3;
1, 256, 1, 1, 1, 1, 6, 1000, 4;
1, 256, 0, 0, 0, 0, 5, 1000, 3;
1, 256, 0, 1, 1, 1, 5, 1000, 3;
1, 256, 0, 0, 0, 0, 5, 1000, 3;
1, 256, 0, -1, -1, -1, 4, 998, 2;
1, 256, 1, 1, 1, 1, 6, 1001, 4;
1, 256, 0, -1, -1, -1, 4, 999, 2;
1, 256, 0, 0, 0, 0, 4, 999, 2;
1, 256, 0, -1, -1, -1, 3, 998, 1;
1, 256, 0, 0, 0, 0, 5, 1000, 3;
1, 256, 0, 0, 0, 0, 5, 1000, 3;
1, 256, 1, 1, 1, 1, 6, 1000, 3;
1, 256, 0, 0, 0, 0, 4, 999, 2;
1, 256, 0, 0, 0, 0, 5, 1000, 3;
1, 256, 1, 1, 1, 1, 6, 1001, 4;
1, 256, 0, 0, 0, 0, 5, 1000, 3;
1, 256, 0, 0, 0, 0, 5, 1000, 3;
1, 256, 0, -1, -1, -1, 3, 998, 1;
1, 256, 0, 0, 0, 0, 5, 1000, 3;
1, 256, 0, 0, 0, 0, 5, 1000, 3;
1, 256, 0, -1, -1, -1, 4, 999, 2;
1, 256, 0, 0, 0, 0, 4, 999, 2;
1, 256, 0, 0, 0, 0, 5, 999, 3;
1, 256, 0, -1, -1, -1, 4, 998, 2;
1, 256, 0, -1, -1, -1, 4, 998, 2;
1, 256, 1, 1, 1, 1, 6, 1000, 3;
1, 256, 1, 1, 1, 1, 6, 1001, 4;
1, 256, 0, 1, 1, 1, 5, 1000, 3;
1, 256, 0, -1, -1, -1, 4, 999, 2;
1, 256, 0, -1, -1, -1, 4, 999, 2;
1, 256, 1, 1, 1, 1, 5, 1000, 3;
1, 256, 0, 0, 0, 0, 4, 999, 2;
1, 256, 0, -1, -1, -1, 4, 999, 2;
1, 256, 0, 0, 0, 0, 4, 999, 2;
1, 256, 0, 0, 0, 0, 5, 1000, 3;
1, 256, 0, -1, -1, -1, 4, 999, 2;
1, 256, 0, -1, -1, -1, 3, 998, 1;
1, 256, 0, -1, -1, -1, 4, 998, 2;
1, 256, 0, -1, -1, -1, 4, 999, 2;
1, 256, 0, -1, -1, -1, 4, 999, 2;
1, 256, 0, -1, -1, -1, 3, 998, 1;
1, 256, 1, 1, 1, 1, 5, 1000, 3;
1, 256, 0, 0, 0, 0, 5, 1000, 3;
1, 256, 0, 0, 0, 0, 5, 1000, 3;
1, 256, 0, 0, 0, 0, 5, 999, 3;
1, 256, 0, 0, 0, 0, 4, 999, 2;
1, 256, 1, 1, 1, 1, 6, 1000, 3;
1, 256, 1, 1, 1, 1, 6, 1001, 4;
1, 256, 1, 1, 1, 1, 6, 1001, 4;
1, 256, 0, 0, 0, 0, 5, 1000, 3;
1, 256, 0, -1, -1, -1, 4, 999, 2;
1, 256, 0, -1, -1, -1, 4, 999, 2;
1, 256, 0, 0, 0, 0, 5, 999, 3;
1, 256, 0, -1, -1, -1, 4, 999, 2;
1, 256, 0, 0, 0, 0, 5, 1000, 3;
1, 256, 0, -1, -1, -1, 4, 999, 2;
1, 256, 0, 1, 1, 1, 5, 1000, 3;
1, 256, 0, -1, -1, -1, 4, 998, 2;
1, 256, 0, -1, -1, -1, 4, 999, 2;
1, 256, 1, 1, 1, 1, 6, 1000, 4;
1, 256, 0, 0, 0, 0, 5, 1000, 3;
1, 256, 0, -1, -1, -1, 4, 999, 2;
1, 256, 0, 0, 0, 0, 5, 1000, 3;
1, 256, 0, 0, 0, 0, 4, 999, 2;
1, 256, 0, 0, 0, 0, 5, 1000, 3;
1, 256, 0, 0, 0, 0, 4, 999, 2;
1, 256, 0, 0, 0, 0, 4, 999, 2;
1, 256, 0, -1, -1, -1, 4, 999, 2;
1, 256, 0, 0, 0, 0, 5, 1000, 3;
1, 256, 0, 1, 1, 1, 5, 1000, 3;
1, 256, 0, 0, 0, 0, 5, 1000, 3;
1, 256, 1, 1, 1, 1, 6, 1001, 4;
1, 256, 0, 0, 0, 0, 4, 999, 2;
1, 256, 0, -1, -1, -1, 4, 999, 2;
1, 256, 1, 1, 1, 1, 6, 1001, 4;
1, 256, 0, 0, 0, 0, 5, 1000, 3;
1, 256, 0, 0, 0, 0, 5, 1000, 3;
1, 256, 1, 1, 1, 1, 6, 1001, 4;
1, 256, 1, 1, 1, 1, 6, 1001, 4;
1, 256, 0, 0, 0, 0, 4, 999, 2;
1, 256, 0, -1, -1, -1, 4, 999, 2;
1, 256, 0, 1, 1, 1, 5, 1000, 3;
1, 256, 0, 1, 1, 1, 5, 1000, 3;
1, 256, 0, 0, 0, 0, 5, 1000, 3;
1, 256, 0, 0, 0, 0, 5, 1000, 3;
1, 256, 0, -1, -1, -1, 3, 998, 1;
1, 256, 0, 0, 0, 0, 5, 1000, 3;
1, 256, 0, 0, 0, 0, 5, 1000, 3;
1, 256, 0, -1, -1, -1, 4, 999, 2;
1, 256, 0, 1, 1, 1, 5, 1000, 3;
1, 256, 1, 1, 1, 1, 6, 1001, 4;
1, 256, 0, 0, 0, 0, 4, 999, 2;
1, 256, 0, 0, 0, 0, 4, 999, 2;
1, 256, 0, 1, 1, 1, 5, 1000, 3;
1, 256, 0, -1, -1, -1, 3, 998, 1;
1, 256, 0, 0, 0, 0, 5, 1000, 3;
1, 256, 0, 0, 0, 0, 4, 999, 2;
1, 256, 0, 0, 0, 0, 5, 1000, 3;
1, 256, 0, 0, 0, 0, 5, 999, 3;
1, 256, 0, -1, -1, -1, 4, 998, 2;
1, 256, 0, 0, 0, 0, 5, 1000, 3;
1, 256, 0, -1, -1, -1, 4, 998, 2;
1, 256, 0, -1, -1, -1, 4, 998, 2;
1, 256, 0, 0, 0, 0, 5, 999, 3;
1, 256, 0, 0, 0, 0, 4, 999, 2;
1, 256, 0, 0, 0, 0, 4, 999, 2;
1, 256, 0, -1, -1, -1, 3, 998, 1;
1, 256, 0, 0, 0, 0, 5, 1000, 3;
1, 256, 0, -1, -1, -1, 4, 999, 2;
1, 256, 0, -1, -1, -1, 4, 999, 2;
1, 256, 0, 1, 1, 1, 5, 1000, 3;
1, 256, 0, 0, 0, 0, 5, 1000, 3;
1, 256, 0, 0, 0, 0, 5, 1000, 3;
1, 256, 0, 1, 1, 1, 5, 1000, 3;
1, 256, 0, -1, -1, -1, 4, 999, 2;
1, 256, 0, 0, 0, 0, 5, 999, 2;
1, 256, 0, 0, 0, 0, 5, 1000, 3;
1, 256, 1, 1, 1, 1, 6, 1001, 4;
1, 256, 0, 0, 0, 0, 4, 999, 2;
1, 256, 0, 0, 0, 0, 5, 1000, 3;
1, 256, 0, 0, 0, 0, 5, 1000, 3;
1, 256, 0, 0, 0, 0, 4, 999, 2;
1, 256, 0, -1, -1, -1, 4, 999, 2;
1, 256, 0, 0, 0, 0, 4, 999, 2;
1, 256, 0, 0, 0, 0, 5, 1000, 3;
1, 256, 0, 0, 0, 0, 5, 1000, 3;
1, 256, 0, 0, 0, 0, 4, 999, 2;
1, 256, 0, 0, 0, 0, 4, 999, 2;
1, 256, 1, 1, 1, 1, 6, 1001, 4;
1, 256, 0, -1, -1, -1, 4, 999, 2;
1, 256, 0, -1, -1, -1, 4, 999, 2;
1, 256, 0, 0, 0, 0, 5, 1000, 3;
1, 256, 1, 1, 1, 1, 5, 1000, 3;
1, 256, 0, -1, -1, -1, 4, 999, 2;
1, 256, 0, -1, -1, -1, 4, 999, 2;
1, 256, 0, 0, 0, 0, 5, 1000, 3;
1, 256, 0, 0, 0, 0, 4, 999, 2;
1, 256, 0, 0, 0, 0, 5, 999, 3;
1, 256, 0, 0, 0, 0, 5, 1000, 3;
1, 256, 0, 0, 0, 0, 4, 999, 2;
1, 256, 0, 0, 0, 0, 5, 1000, 3;
1, 256, 0, 0, 0, 0, 4, 999, 2;
1, 256, 0, 0, 0, 0, 4, 999, 2;
1, 256, 0, 0, 0, 0, 4, 999, 2;
1, 256, 0, -1, -1, -1, 4, 999, 2;
1, 256, 0, -1, -1, -1, 4, 999, 2;
1, 256, 0, -1, -1, -1, 3, 998, 1;
1, 256, 0, -1, -1, -1, 4, 999, 2;
1, 256, 0, 0, 0, 0, 5, 1000, 3;
1, 256, 0, 0, 0, 0, 4, 999, 2;
1, 256, 1, 1, 1, 1, 6, 1000, 4;
1, 256, 0, -1, -1, -1, 4, 999, 2;
1, 256, 0, 0, 0, 0, 4, 999, 2;
0, 256, 0, -1, -1, -1, 3, 998, 1;
1, 256, 0, 0, 0, 0, 4, 999, 2;
1, 256, 0, 0, 0, 0, 4, 999, 2;
1, 256, 0, 1, 1, 1, 5, 1000, 3;
1, 256, 0, 0, 0, 0, 4, 999, 2;
1, 256, 1, 1, 1, 1, 6, 1001, 4;
1, 256, 0, 0, 0, 0, 4, 999, 2;
1, 256, 0, 0, 0, 0, 5, 1000, 3;
1, 256, 0, 0, 0, 0, 5, 1000, 3;
1, 256, 1, 1, 1, 1, 6, 1000, 3;
1, 256, 0, 0, 0, 0, 4, 999, 2;
1, 256, 0, 0, 0, 0, 4, 999, 2;
1, 256, 0, -1, -1, -1, 4, 999, 2;
1, 256, 0, 1, 1, 1, 5, 1000, 3;
1, 256, 1, 1, 1, 1, 5, 1000, 3;
1, 256, 0, 0, 0, 0, 4, 999, 2;
1, 256, 0, 0, 0, 0, 4, 999, 2;
1, 256, 0, 1, 1, 1, 5, 1000, 3;
1, 256, 0, 0, 0, 0, 5, 1000, 3;
1, 256, 0, 0, 0, 0, 5, 1000, 3;
1, 256, 0, 0, 0, 0, 4, 999, 2;
1, 256, 0, 0, 0, 0, 5, 1000, 3;
1, 256, 0, 0, 0, 0, 4, 999, 2;
1, 256, 0, 0, 0, 0, 5, 1000, 3;
1, 256, 0, 0, 0, 0, 5, 1000, 3;
1, 256, 0, 0, 0, 0, 5, 999, 3;
1, 256, 1, 1, 1, 1, 6, 1000, 3;
1, 256, 1, 1, 1, 1, 6, 1001, 4;
1, 256, 0, 0, 0, 0, 4, 999, 2;
1, 256, 0, -1, -1, -1, 4, 999, 2;
1, 256, 0, 0, 0, 0, 5, 1000, 3;
1, 256, 0, 0, 0, 0, 4, 999, 2;
1, 256, 0, 0, 0, 0, 5, 999, 3;
1, 256, 0, -1, -1, -1, 4, 999, 2;
1, 256, 1, 1, 1, 1, 6, 1001, 4;
1, 256, 0, 0, 0, 0, 4, 999, 2;
1, 256, 0, 0, 0, 0, 4, 999, 2;
1, 256, 0, 1, 1, 1, 5, 1000, 3;
1, 256, 0, 0, 0, 0, 4, 999, 2;
1, 256, 0, 0, 0, 0, 4, 999, 2;
1, 256, 0, 0, 0, 0, 4, 999, 2;
1, 256, 0, 1, 1, 1, 5, 1000, 3;
1, 256, 0, 0, 0, 0, 5, 1000, 3;
1, 256, 0, -1, -1, -1, 3, 998, 1;
1, 256, 0, -1, -1, -1, 4, 999, 2;
1, 256, 0, -1, -1, -1, 4, 999, 2;
1, 256, 0, 0, 0, 0, 5, 999, 3;
1, 256, 0, 1, 1, 1, 5, 1000, 3;
1, 256, 0, 0, 0, 0, 5, 1000, 3;
1, 256, 0, 0, 0, 0, 4, 999, 2;
1, 256, 0, 0, 0, 0, 5, 1000, 3;
1, 256, 0, 0, 0, 0, 4, 999, 2;
0, 256, 0, -1, -1, -1, 3, 998, 1;
1, 256, 0, 0, 0, 0, 5, 1000, 3;
1, 256, 0, 0, 0, 0, 4, 999, 2;
1, 256, 0, 0, 0, 0, 5, 1000, 3;
1, 256, 0, -1, -1, -1, 4, 998, 2;
1, 256, 0, 0, 0, 0, 5, 1000, 3;
1, 256, 0, -1, -1, -1, 4, 999, 2;
1, 256, 0, 0, 0, 0, 5, 1000, 3;
1, 256, 0, 0, 0, 0, 4, 999, 2;
1, 256, 0, 0, 0, 0, 4, 999, 2;
1, 256, 1, 1, 1, 1, 6, 1001, 4;
1, 256, 0, 0, 0, 0, 5, 1000, 3;
1, 256, 0, 0, 0, 0, 4, 999, 2;
1, 256, 0, 0, 0, 0, 5, 999, 2;
1, 256, 0, 0, 0, 0, 4, 999, 2;
1, 256, 1, 1, 1, 1, 6, 1000, 4;
1, 256, 0, 1, 1, 1, 5, 1000, 3;
1, 256, 0, 0, 0, 0, 5, 1000, 3;
1, 256, 0, 0, 0, 0, 5, 1000, 3;
1, 256, 0, 0, 0, 0, 5, 1000, 3;
1, 256, 0, -1, -1, -1, 4, 999, 2;
1, 256, 0, 0, 0, 0, 5, 1000, 3;
1, 256, 0, -1, -1, -1, 4, 999, 2;
1, 256, 1, 1, 1, 1, 6, 1001, 4;
1, 256, 0, -1, -1, -1, 4, 998, 1;
1, 256, 0, 1, 1, 1, 5, 1000, 3;
1, 256, 0, -1, -1, -1, 4, 998, 2;
1, 256, 0, 0, 0, 0, 5, 1000, 3;
1, 256, 0, -1, -1, -1, 4, 999, 2;
1, 256, 1, 1, 1, 1, 5, 1000, 3;
1, 256, 1, 1, 1, 1, 6, 1001, 4;
1, 256, 1, 1, 1, 1, 6, 1000, 4;
1, 256, 1, 1, 1, 1, 6, 1001, 4;
1, 256, 0, 0, 0, 0, 4, 999, 2;
1, 256, 0, -1, -1, -1, 4, 999, 2;
1, 256, 1, 1, 1, 1, 6, 1001, 4;
1, 256, 0, -1, -1, -1, 3, 998, 1;
1, 256, 0, 0, 0, 0, 4, 999, 2;
1, 256, 0, -1, -1, -1, 4, 999, 2;
1, 256, 0, -1, -1, -1, 4, 999, 2;
1, 256, 0, 0, 0, 0, 4, 999, 2;
1, 256, 1, 1, 1, 1, 6, 1000, 3;
1, 256, 0, 0, 0, 0, 4, 999, 2;
1, 256, 1, 1, 1, 1, 6, 1000, 4;
1, 256, 1, 1, 1, 1, 5, 1000, 3;
1, 256, 0, 0, 0, 0, 4, 999, 2;
1, 256, 0, 1, 1, 1, 5, 1000, 3;
1, 256, 1, 1, 1, 1, 6, 1001, 4;
1, 256, 0, 0, 0, 0, 4, 999, 2;
1, 256, 0, 0, 0, 0, 5, 1000, 3;
1, 256, 0, -1, -1, -1, 4, 999, 2;
1, 256, 0, 0, 0, 0, 5, 999, 3;
1, 256, 0, 1, 1, 1, 5, 1000, 3;
1, 256, 0, 1, 1, 1, 5, 1000, 3;
1, 256, 1, 1, 1, 1, 6, 1001, 4;
1, 256, 0, 1, 1, 1, 5, 1000, 3;
1, 256, 0, 0, 0, 0, 4, 999, 2;
1, 256, 0, 0, 0, 0, 4, 999, 2;
1, 256, 0, 0, 0, 0, 5, 1000, 3;
1, 256, 0, -1, -1, -1, 4, 999, 2;
1, 256, 0, -1, -1, -1, 4, 999, 2;
1, 256, 0, 1, 1, 1, 5, 1000, 3;
1, 256, 0, 0, 0, 0, 5, 1000, 3;
1, 256, 0, 0, 0, 0, 4, 999, 2;
1, 256, 0, 0, 0, 0, 5, 1000, 3;
1, 256, 0, -1, -1, -1, 4, 998, 2;
1, 256, 0, 0, 0, 0, 5, 1000, 3;
1, 256, 0, 0, 0, 0, 5, 1000, 3;
1, 256, 0, -1, -1, -1, 4, 999, 2;
1, 256, 0, -1, -1, -1, 4, 999, 2;
1, 256, 0, 0, 0, 0, 5, 1000, 3;
1, 256, 0, 1, 1, 1, 5, 1000, 3;
1, 256, 0, -1, -1, -1, 4, 999, 2;
1, 256, 0, -1, -1, -1, 3, 998, 1;
1, 256, 0, -1, -1, -1, 4, 999, 2;
1, 256, 1, 1, 1, 1, 6, 1001, 4;
1, 256, 0, 1, 1, 1, 5, 1000, 3;
1, 256, 0, -1, -1, -1, 4, 999, 2;
1, 256, 0, 0, 0, 0, 4, 999, 2;
1, 256, 0, 0, 0, 0, 5, 1000, 3;
1, 256, 0, 0, 0, 0, 4, 999, 2;
1, 256, 0, -1, -1, -1, 4, 998, 1;
1, 256, 0, 0, 0, 0, 4, 999, 2;
1, 256, 1, 1, 1, 1, 6, 1001, 4;
1, 256, 0, 0, 0, 0, 5, 1000, 3;
1, 256, 1, 1, 1, 1, 6, 1001, 4;
1, 256, 0, 0, 0, 0, 5, 1000, 3;
1, 256, 0, -1, -1, -1, 4, 999, 2;
1, 256, 0, 0, 0, 0, 5, 1000, 3;
1, 256, 0, 0, 0, 0, 4, 999, 2;
1, 256, 0, -1, -1, -1, 3, 998, 1;
1, 256, 0, 0, 0, 0, 4, 999, 2;
1, 256, 0, 0, 0, 0, 5, 1000, 3;
1, 256, 0, -1, -1, -1, 4, 999, 2;
1, 256, 0, 0, 0, 0, 5, 1000, 3;
1, 256, 0, 0, 0, 0, 5, 1000, 3;
1, 256, 1, 1, 1, 1, 6, 1001, 4;
0, 256, 0, -1, -1, -1, 3, 998, 1;
1, 256, 0, 0, 0, 0, 4, 999, 2;
1, 256, 0, -1, -1, -1, 4, 999, 2;
1, 256, 0, 0, 0, 0, 4, 999, 2;
1, 256, 0, 0, 0, 0, 5, 1000, 3;
1, 256, 0, 0, 0, 0, 5, 1000, 3;
1, 256, 0, 0, 0, 0, 4, 999, 2;
1, 256, 0, 0, 0, 0, 4, 999, 2;
1, 256, 1, 1, 1, 1, 6, 1000, 4;
1, 256, 0, 0, 0, 0, 5, 999, 3;
1, 256, 0, -1, -1, -1, 4, 999, 2;
1, 256, 0, 0, 0, 0, 4, 999, 2;
1, 256, 0, -1, -1, -1, 4, 999, 2;
1, 256, 0, 0, 0, 0, 5, 999, 2;
1, 256, 0, -1, -1, -1, 4, 999, 2;
1, 256, 0, 0, 0, 0, 4, 999, 2;
1, 256, 0, 0, 0, 0, 5, 1000, 3;
1, 256, 0, -1, -1, -1, 4, 999, 2;
1, 256, 0, 0, 0, 0, 5, 1000, 3;
1, 256, 0, 0, 0, 0, 5, 1000, 3;
1, 256, 0, 0, 0, 0, 4, 999, 2;
1, 256, 1, 1, 1, 1, 6, 1001, 4;
1, 256, 0, 0, 0, 0, 5, 999, 3;
1, 256, 0, 1, 1, 1, 5, 1000, 3;
1, 256, 1, 1, 1, 1, 6, 1001, 4;
1, 256, 0, 0, 0, 0, 5, 999, 3;
1, 256, 0, 0, 0, 0, 5, 1000, 3;
1, 256, 0, 1, 1, 1, 5, 1000, 3;