0, 294, 12, -2, 407, -2, -3, 1149, 47;
4, 298, 16, 36, 418, 9, 18, 1164, 62;
5, 297, 15, 60, 414, 6, 21, 1159, 58;
2, 292, 10, 73, 398, -7, 10, 1142, 41;
7, 295, 13, 110, 405, 2, 29, 1153, 54;
12, 298, 16, 145, 409, 11, 47, 1162, 64;
8, 292, 11, 154, 388, -5, 32, 1139, 44;
14, 296, 15, 194, 396, 8, 56, 1155, 61;
15, 295, 15, 218, 388, 7, 62, 1151, 60;
14, 291, 12, 232, 370, -3, 54, 1135, 47;
16, 291, 12, 259, 364, 0, 63, 1135, 49;
21, 294, 16, 296, 368, 12, 85, 1147, 65;
19, 289, 12, 306, 345, 0, 75, 1128, 50;
19, 287, 11, 325, 330, -4, 76, 1119, 45;
22, 287, 12, 351, 323, 0, 86, 1120, 50;
24, 287, 13, 375, 314, 2, 95, 1119, 54;
21, 281, 9, 381, 287, -11, 83, 1096, 36;
27, 285, 14, 417, 290, 5, 108, 1112, 57;
24, 279, 9, 420, 260, -10, 94, 1088, 38;
32, 284, 16, 459, 268, 11, 126, 1110, 65;
29, 279, 12, 463, 239, 0, 114, 1088, 49;
26, 274, 9, 468, 213, -11, 105, 1069, 36;
30, 275, 12, 491, 205, -2, 119, 1074, 47;
33, 275, 13, 509, 194, 2, 129, 1074, 53;
29, 269, 9, 507, 162, -11, 114, 1050, 36;
37, 274, 16, 540, 167, 10, 144, 1071, 64;
31, 267, 10, 531, 130, -8, 124, 1041, 40;
35, 268, 13, 548, 120, 0, 136, 1045, 51;
33, 264, 10, 549, 95, -6, 130, 1029, 42;
35, 263, 12, 559, 80, -2, 136, 1028, 48;
36, 263, 13, 569, 66, 2, 144, 1027, 54;
40, 264, 16, 582, 57, 12, 156, 1031, 65;
37, 260, 14, 577, 30, 4, 148, 1015, 56;
32, 253, 9, 561, -5, -11, 128, 987, 36;
38, 257, 15, 580, -5, 7, 151, 1004, 60;
36, 253, 12, 571, -32, 0, 141, 987, 50;
33, 248, 9, 558, -61, -10, 128, 968, 38;
39, 253, 16, 575, -59, 10, 153, 986, 64;
32, 244, 9, 549, -100, -10, 125, 953, 37;
36, 247, 14, 558, -103, 4, 143, 965, 57;
37, 247, 16, 554, -117, 9, 147, 964, 62;
32, 241, 11, 532, -149, -4, 128, 940, 45;
34, 241, 14, 529, -159, 3, 135, 943, 55;
34, 240, 14, 520, -175, 5, 134, 939, 57;
35, 241, 16, 513, -186, 11, 138, 940, 64;
29, 233, 10, 482, -220, -6, 113, 911, 42;
29, 234, 12, 473, -231, -1, 116, 912, 49;
31, 235, 15, 466, -238, 7, 123, 917, 60;
31, 234, 16, 453, -250, 10, 123, 916, 64;
28, 231, 14, 428, -272, 3, 110, 901, 55;
26, 229, 14, 409, -286, 3, 105, 896, 55;
27, 229, 15, 394, -295, 7, 105, 896, 60;
23, 226, 13, 366, -314, 0, 92, 883, 52;
18, 221, 9, 334, -337, -9, 73, 865, 38;
21, 225, 14, 326, -335, 3, 85, 878, 55;
21, 225, 15, 306, -342, 6, 82, 877, 59;
17, 222, 13, 276, -359, 0, 68, 865, 50;
14, 219, 11, 246, -373, -5, 55, 855, 43;
12, 218, 10, 220, -383, -7, 47, 850, 41;
16, 222, 16, 212, -373, 9, 62, 868, 62;
13, 220, 14, 183, -383, 5, 51, 861, 58;
9, 218, 13, 151, -395, 0, 37, 852, 50;
10, 220, 15, 132, -392, 7, 39, 859, 59;
6, 218, 13, 100, -402, 1, 26, 851, 52;
6, 219, 15, 78, -399, 6, 26, 856, 59;
1, 215, 11, 40, -413, -4, 5, 841, 45;
1, 217, 13, 18, -409, 0, 4, 847, 51;
2, 219, 15, 0, -401, 8, 8, 857, 61;
0, 220, 16, -26, -399, 9, 2, 859, 62;
-4, 217, 13, -63, -407, 0, -15, 847, 50;
-6, 216, 12, -92, -407, -3, -26, 845, 47;
-3, 221, 16, -105, -390, 11, -15, 864, 64;
-9, 218, 12, -143, -397, 0, -35, 851, 50;
-13, 215, 10, -177, -400, -9, -53, 842, 39;
-10, 220, 14, -189, -381, 4, -42, 861, 56;
-17, 217, 9, -229, -388, -9, -66, 846, 38;
-16, 220, 12, -246, -373, -2, -63, 858, 47;
-16, 222, 13, -266, -360, 1, -64, 866, 52;
-17, 224, 14, -287, -347, 4, -66, 874, 57;
-18, 225, 14, -310, -337, 4, -72, 878, 56;
-22, 223, 11, -341, -335, -4, -89, 870, 45;
-24, 223, 11, -364, -325, -6, -96, 873, 43;
-24, 226, 12, -379, -307, 0, -94, 884, 50;
-23, 229, 14, -393, -288, 5, -92, 896, 57;
-28, 228, 11, -423, -285, -4, -110, 889, 44;
-29, 228, 10, -443, -272, -6, -116, 892, 42;
-29, 231, 12, -455, -253, -1, -115, 903, 48;
-27, 236, 15, -460, -227, 8, -106, 922, 61;
-28, 237, 15, -477, -212, 7, -111, 927, 59;
-30, 238, 14, -493, -197, 5, -117, 930, 57;
-34, 236, 10, -518, -193, -7, -135, 921, 42;
-30, 242, 15, -515, -160, 7, -120, 946, 60;
-30, 245, 16, -522, -140, 10, -119, 956, 64;
-37, 240, 9, -552, -142, -9, -147, 938, 38;
-37, 243, 10, -558, -121, -7, -146, 948, 41;
-36, 246, 12, -560, -97, -2, -141, 961, 48;
-32, 252, 16, -553, -66, 10, -127, 984, 63;
-36, 250, 13, -568, -57, 0, -141, 978, 50;
-38, 250, 10, -578, -45, -6, -150, 977, 42;
-35, 256, 14, -568, -14, 4, -136, 998, 56;
-36, 256, 13, -573, 0, 0, -141, 1000, 51;
-34, 259, 14, -567, 24, 5, -135, 1013, 57;
-33, 263, 16, -561, 48, 9, -129, 1026, 63;
-33, 264, 15, -559, 66, 8, -130, 1031, 61;
-36, 262, 12, -565, 74, -2, -143, 1025, 48;
-37, 263, 11, -564, 89, -6, -146, 1027, 42;
-31, 270, 16, -539, 125, 11, -123, 1056, 64;
-33, 270, 14, -539, 136, 3, -130, 1053, 55;
-30, 274, 16, -521, 163, 12, -117, 1071, 66;
-35, 270, 11, -528, 163, -5, -136, 1056, 44;
-34, 271, 10, -518, 179, -6, -135, 1060, 42;
-32, 274, 12, -501, 199, -3, -127, 1071, 46;
-29, 278, 13, -481, 222, 2, -116, 1085, 54;
-30, 278, 12, -472, 232, -2, -120, 1084, 47;
-30, 278, 11, -457, 246, -4, -118, 1088, 45;
-30, 278, 9, -446, 256, -9, -120, 1087, 38;
-29, 280, 9, -428, 270, -9, -116, 1092, 38;
-26, 283, 12, -401, 292, -1, -101, 1107, 48;
-22, 287, 15, -373, 313, 6, -86, 1122, 58;
-22, 287, 13, -356, 322, 2, -85, 1122, 54;
-20, 288, 13, -335, 333, 2, -81, 1126, 53;
-17, 291, 15, -308, 349, 6, -70, 1136, 59;
-20, 288, 11, -298, 346, -6, -80, 1123, 43;
-17, 290, 12, -268, 361, 0, -67, 1134, 50;
-18, 288, 9, -254, 360, -10, -73, 1125, 38;
-15, 291, 11, -223, 374, -3, -59, 1136, 46;
-10, 295, 15, -188, 391, 6, -40, 1151, 58;
-9, 294, 13, -165, 394, 2, -38, 1149, 54;
-10, 293, 12, -145, 393, -3, -39, 1144, 47;
-5, 296, 15, -109, 408, 6, -20, 1158, 59;
-9, 291, 9, -101, 392, -11, -37, 1136, 36;
-1, 298, 15, -54, 415, 8, -5, 1162, 61;
-1, 296, 14, -33, 411, 2, -5, 1156, 54;
2, 298, 15, 0, 418, 8, 8, 1164, 62;
3, 297, 15, 25, 417, 7, 13, 1162, 60;
1, 294, 11, 41, 404, -3, 6, 1147, 46;
7, 298, 15, 80, 415, 8, 28, 1162, 62;
8, 297, 15, 106, 411, 8, 34, 1160, 60;
8, 294, 13, 125, 400, 0, 32, 1150, 51;
9, 293, 12, 150, 394, -1, 36, 1146, 49;
11, 293, 13, 177, 389, 0, 44, 1145, 50;
12, 292, 12, 200, 381, -2, 47, 1140, 48;
15, 293, 14, 231, 380, 4, 61, 1145, 56;
12, 288, 9, 241, 356, -11, 48, 1123, 36;
15, 289, 11, 271, 353, -5, 62, 1127, 44;
19, 290, 13, 301, 350, 1, 76, 1132, 52;
20, 289, 13, 323, 339, 0, 81, 1127, 51;
24, 290, 15, 352, 335, 8, 95, 1132, 61;
26, 289, 15, 374, 324, 8, 102, 1128, 62;
26, 287, 15, 393, 310, 7, 104, 1121, 59;
28, 286, 15, 414, 298, 8, 111, 1119, 62;
28, 284, 14, 429, 281, 5, 112, 1109, 57;
29, 282, 14, 445, 265, 3, 114, 1102, 55;
32, 283, 16, 469, 257, 11, 127, 1105, 64;
30, 278, 13, 475, 231, 1, 119, 1087, 52;
31, 277, 13, 490, 215, 1, 123, 1081, 52;
33, 276, 14, 507, 202, 4, 131, 1079, 57;
32, 273, 13, 515, 180, 0, 128, 1067, 51;
30, 269, 10, 517, 153, -9, 119, 1049, 39;
33, 269, 12, 534, 142, -2, 130, 1050, 47;
35, 269, 14, 549, 130, 3, 140, 1051, 55;
33, 265, 11, 548, 102, -5, 131, 1033, 44;
34, 263, 11, 555, 84, -4, 133, 1027, 44;
36, 263, 13, 565, 70, 0, 140, 1026, 51;
38, 263, 15, 577, 59, 7, 151, 1029, 60;
35, 258, 12, 570, 30, -1, 140, 1009, 48;
33, 254, 10, 564, 3, -9, 131, 993, 39;
32, 251, 9, 561, -18, -12, 127, 982, 36;
35, 252, 11, 569, -29, -3, 138, 985, 46;
33, 249, 10, 561, -54, -9, 130, 971, 39;
33, 247, 10, 559, -71, -7, 131, 966, 41;
38, 250, 15, 569, -75, 7, 149, 978, 60;
37, 248, 14, 561, -96, 5, 145, 968, 57;
38, 248, 16, 559, -109, 10, 149, 968, 64;
31, 240, 9, 530, -148, -9, 122, 936, 38;
35, 243, 15, 536, -150, 6, 139, 949, 59;
29, 235, 9, 507, -186, -11, 114, 920, 36;
29, 235, 10, 498, -200, -8, 115, 917, 39;
30, 235, 12, 490, -211, -3, 118, 918, 46;
32, 237, 15, 486, -218, 6, 127, 924, 59;
31, 235, 14, 469, -235, 5, 121, 916, 57;
29, 233, 14, 452, -251, 4, 116, 909, 56;
28, 231, 14, 435, -266, 4, 112, 904, 56;
26, 229, 13, 412, -284, 0, 103, 894, 51;
22, 225, 10, 385, -305, -7, 88, 879, 41;
25, 228, 15, 379, -304, 6, 101, 892, 59;
22, 225, 12, 350, -324, 0, 86, 878, 50;
17, 220, 9, 319, -346, -10, 68, 861, 37;
17, 220, 10, 299, -353, -7, 67, 861, 41;
15, 220, 10, 277, -362, -6, 62, 858, 42;
18, 223, 15, 267, -358, 6, 73, 872, 59;
13, 219, 11, 231, -378, -4, 53, 855, 45;
13, 220, 13, 212, -379, 1, 54, 859, 53;
11, 219, 12, 185, -388, 0, 45, 854, 49;
6, 215, 9, 149, -404, -10, 26, 839, 37;
10, 220, 14, 139, -392, 5, 40, 858, 57;
2, 213, 9, 95, -414, -12, 11, 834, 35;
1, 214, 9, 69, -416, -10, 6, 834, 37;
3, 217, 13, 54, -407, 0, 14, 848, 52;
5, 220, 16, 37, -398, 10, 19, 860, 64;
2, 220, 16, 9, -400, 9, 11, 858, 62;
1, 220, 16, -17, -399, 10, 5, 859, 63;
-5, 214, 10, -61, -415, -7, -23, 838, 41;
-6, 216, 11, -85, -410, -4, -25, 842, 45;
-7, 216, 12, -110, -405, -3, -30, 845, 46;
-5, 221, 15, -124, -389, 8, -22, 862, 62;
-8, 220, 14, -156, -389, 3, -34, 858, 55;
-14, 216, 10, -193, -395, -7, -55, 846, 41;
-14, 219, 12, -213, -383, -2, -55, 854, 47;
-18, 217, 9, -247, -384, -10, -72, 846, 37;
-15, 222, 14, -257, -361, 3, -60, 868, 55;
-16, 223, 14, -280, -352, 3, -66, 871, 55;
-22, 220, 10, -316, -354, -8, -87, 860, 40;
-20, 225, 13, -327, -332, 2, -78, 878, 54;
-21, 226, 14, -348, -320, 3, -83, 883, 55;
-25, 224, 10, -379, -318, -6, -101, 875, 42;
-28, 224, 10, -402, -308, -9, -109, 876, 39;
-23, 232, 16, -402, -275, 9, -90, 905, 62;
-26, 231, 13, -427, -268, 2, -104, 901, 53;
-27, 232, 13, -445, -253, 2, -107, 907, 54;
-26, 236, 16, -454, -230, 10, -102, 922, 63;
-26, 238, 16, -467, -213, 11, -104, 930, 65;
-34, 233, 10, -501, -216, -7, -132, 912, 41;
-31, 238, 13, -505, -190, 1, -124, 930, 53;
-34, 237, 11, -524, -180, -5, -136, 928, 44;
-34, 240, 12, -532, -159, -2, -134, 938, 47;
-33, 244, 14, -536, -135, 3, -130, 952, 55;
-31, 248, 16, -537, -109, 10, -122, 968, 64;
-38, 243, 9, -565, -111, -9, -150, 949, 38;
-34, 249, 14, -557, -78, 4, -134, 974, 56;
-35, 251, 14, -563, -61, 3, -137, 979, 54;
-38, 249, 10, -577, -52, -7, -151, 973, 41;
-33, 257, 16, -562, -15, 10, -129, 1003, 64;
-37, 255, 12, -576, -8, -2, -145, 994, 47;
-34, 260, 15, -565, 20, 7, -133, 1014, 60;
-39, 256, 9, -582, 21, -10, -154, 999, 38;
-38, 259, 11, -574, 45, -5, -148, 1012, 44;
-39, 259, 9, -576, 59, -11, -154, 1012, 37;
-35, 265, 13, -559, 90, 0, -138, 1034, 52;
-32, 269, 15, -545, 116, 8, -127, 1050, 61;
-37, 265, 9, -555, 116, -9, -148, 1034, 38;
-33, 271, 13, -534, 147, 2, -130, 1057, 54;
-34, 271, 12, -528, 161, -1, -133, 1058, 48;
-35, 271, 10, -522, 172, -7, -137, 1058, 41;
-30, 276, 14, -499, 201, 3, -120, 1078, 55;
-29, 278, 14, -485, 218, 4, -116, 1085, 56;
-28, 280, 14, -469, 235, 5, -111, 1092, 57;
-28, 280, 13, -455, 248, 2, -110, 1095, 54;
-27, 282, 13, -439, 263, 2, -107, 1100, 53;
-26, 283, 13, -422, 277, 2, -103, 1105, 53;
-29, 280, 9, -417, 278, -11, -115, 1093, 36;
-28, 281, 9, -397, 292, -11, -109, 1099, 37;
-20, 289, 16, -356, 325, 9, -78, 1129, 63;
-20, 289, 14, -338, 333, 5, -78, 1129, 58;
-17, 291, 15, -313, 348, 9, -68, 1137, 62;
-19, 289, 12, -301, 347, -1, -76, 1128, 49;
-14, 294, 16, -265, 369, 10, -55, 1147, 63;
-14, 293, 15, -246, 374, 6, -55, 1144, 58;
-12, 294, 14, -222, 381, 5, -49, 1147, 57;
-15, 290, 10, -209, 376, -6, -58, 1134, 42;
-8, 296, 15, -169, 397, 7, -34, 1154, 60;
-10, 293, 12, -154, 392, -3, -41, 1143, 46;
-8, 294, 12, -126, 398, -1, -32, 1147, 49;
-7, 294, 12, -101, 401, -2, -27, 1147, 47;
-4, 295, 13, -70, 407, 1, -16, 1153, 52;
-5, 292, 10, -53, 399, -8, -22, 1141, 39;
-2, 294, 12, -20, 406, -2, -7, 1149, 47;
3, 298, 15, 17, 418, 8, 12, 1163, 61;
5, 299, 16, 46, 419, 10, 22, 1166, 64;
5, 296, 14, 67, 411, 4, 21, 1157, 56;
1, 291, 9, 77, 392, -12, 7, 1136, 36;
7, 295, 13, 117, 402, 0, 30, 1150, 52;
7, 292, 11, 137, 391, -5, 28, 1141, 43;
12, 295, 14, 174, 397, 5, 48, 1152, 57;
12, 293, 12, 193, 385, 0, 47, 1143, 50;
11, 289, 10, 210, 369, -8, 43, 1130, 39;
14, 290, 11, 239, 366, -4, 54, 1132, 45;
15, 289, 11, 263, 356, -5, 60, 1128, 44;
16, 287, 10, 285, 345, -7, 63, 1122, 42;
16, 285, 9, 303, 331, -11, 64, 1113, 36;
25, 291, 16, 348, 342, 10, 97, 1137, 64;
20, 284, 10, 350, 311, -8, 78, 1109, 40;
25, 287, 14, 385, 313, 5, 101, 1121, 57;
28, 287, 15, 407, 302, 8, 109, 1120, 61;
29, 285, 15, 426, 288, 7, 113, 1114, 60;
26, 280, 11, 432, 262, -3, 103, 1094, 46;
25, 276, 9, 441, 238, -12, 97, 1078, 35;
26, 275, 9, 459, 225, -10, 103, 1075, 38;
28, 274, 10, 475, 211, -8, 109, 1071, 40;
33, 277, 14, 503, 208, 5, 130, 1082, 57;
31, 273, 12, 508, 183, -2, 123, 1065, 47;
32, 272, 12, 521, 167, -1, 128, 1061, 49;
33, 270, 12, 531, 149, -1, 130, 1054, 49;
37, 272, 16, 553, 143, 10, 148, 1062, 64;
34, 267, 12, 550, 113, 0, 135, 1041, 49;
37, 267, 14, 562, 100, 4, 144, 1041, 56;
34, 262, 11, 558, 71, -5, 133, 1022, 44;
36, 261, 12, 567, 57, 0, 140, 1020, 50;
35, 259, 12, 569, 37, -1, 140, 1012, 49;
36, 257, 12, 572, 18, 0, 141, 1006, 49;
39, 259, 16, 583, 10, 10, 155, 1012, 63;
33, 251, 9, 562, -30, -10, 128, 979, 37;
36, 252, 13, 571, -37, 0, 142, 986, 51;
34, 249, 11, 564, -61, -3, 136, 973, 46;
35, 248, 12, 560, -79, -2, 136, 967, 47;
38, 250, 16, 567, -86, 9, 150, 976, 62;
36, 247, 14, 556, -109, 5, 143, 963, 57;
34, 243, 13, 543, -132, 0, 135, 950, 51;
34, 242, 13, 535, -148, 2, 135, 946, 53;
34, 241, 13, 525, -165, 2, 133, 940, 54;
32, 238, 12, 510, -186, 0, 126, 930, 50;
31, 236, 12, 496, -204, -1, 122, 922, 49;
33, 238, 15, 492, -211, 8, 130, 928, 61;
28, 232, 11, 464, -240, -5, 110, 905, 44;
31, 234, 15, 461, -243, 7, 122, 916, 60;
31, 234, 16, 446, -256, 10, 121, 913, 63;
27, 230, 14, 421, -276, 3, 108, 899, 55;
26, 229, 14, 402, -291, 2, 103, 893, 54;
27, 229, 15, 388, -298, 8, 105, 896, 62;
25, 228, 15, 367, -311, 8, 99, 891, 61;
21, 224, 12, 336, -332, -1, 82, 874, 49;
17, 220, 10, 305, -351, -9, 66, 860, 39;
16, 220, 11, 286, -358, -5, 65, 861, 43;
20, 224, 15, 277, -353, 9, 78, 876, 62;
14, 219, 11, 239, -375, -4, 55, 856, 45;
14, 220, 13, 220, -377, 1, 56, 860, 52;
14, 221, 15, 201, -378, 6, 56, 864, 59;
11, 220, 14, 172, -388, 3, 46, 858, 55;
10, 219, 14, 146, -392, 4, 40, 857, 56;
9, 220, 15, 123, -394, 6, 37, 858, 59;
5, 217, 12, 89, -405, 0, 21, 848, 50;
5, 218, 14, 66, -404, 3, 19, 852, 54;
0, 215, 11, 30, -414, -5, 2, 840, 44;
-2, 214, 10, 0, -417, -8, -7, 836, 40;
-2, 216, 12, -21, -412, -3, -8, 843, 46;
0, 221, 16, -33, -396, 11, 3, 862, 65;
-5, 216, 12, -75, -409, -3, -21, 844, 47;
-6, 217, 12, -100, -405, -2, -27, 846, 48;
-6, 219, 14, -119, -394, 5, -24, 857, 57;
-10, 218, 12, -152, -396, -1, -39, 850, 49;
-10, 219, 13, -174, -387, 2, -41, 857, 53;
-9, 222, 16, -193, -374, 9, -38, 868, 62;
-15, 219, 11, -232, -380, -4, -61, 854, 45;
-16, 221, 13, -252, -368, 0, -62, 862, 50;
-17, 222, 13, -274, -357, 1, -66, 868, 53;
-15, 226, 16, -287, -337, 12, -59, 884, 65;
-23, 221, 10, -330, -346, -7, -89, 863, 41;
-22, 224, 12, -346, -330, -2, -88, 874, 48;
-21, 227, 14, -361, -311, 4, -85, 887, 56;
-21, 230, 16, -375, -292, 10, -83, 899, 63;
-24, 230, 14, -400, -284, 5, -94, 898, 57;
-24, 232, 15, -415, -267, 8, -95, 907, 61;
-27, 232, 14, -438, -257, 3, -105, 907, 55;
-31, 231, 11, -464, -251, -5, -121, 900, 43;
-28, 235, 14, -469, -225, 4, -111, 920, 57;
-33, 233, 10, -497, -222, -8, -131, 909, 40;
-31, 238, 13, -500, -194, 2, -121, 929, 54;
-31, 240, 14, -512, -177, 3, -124, 936, 54;
-35, 239, 11, -531, -168, -5, -137, 932, 44;
-36, 240, 10, -544, -152, -7, -143, 936, 41;
-35, 243, 12, -548, -129, -3, -139, 948, 46;
-33, 247, 14, -548, -103, 5, -131, 965, 57;
-33, 250, 15, -551, -81, 8, -128, 976, 61;
-38, 247, 10, -572, -77, -6, -149, 965, 42;
-32, 255, 16, -557, -39, 11, -126, 995, 65;
-40, 249, 9, -583, -43, -11, -156, 973, 36;
-33, 257, 15, -565, -4, 8, -132, 1005, 61;
-39, 254, 10, -581, -1, -7, -152, 992, 41;
-34, 260, 14, -567, 30, 4, -136, 1015, 57;
-36, 260, 13, -569, 45, 0, -140, 1017, 52;
-36, 262, 12, -567, 63, 0, -141, 1023, 50;
-36, 263, 12, -564, 80, -2, -143, 1027, 47;
-31, 269, 16, -544, 112, 11, -124, 1051, 64;
-32, 270, 15, -540, 128, 7, -126, 1054, 60;
-37, 266, 10, -548, 129, -8, -145, 1040, 39;
-33, 272, 13, -527, 158, 2, -129, 1061, 53;
-30, 275, 15, -510, 183, 8, -118, 1075, 61;
-29, 277, 16, -497, 201, 9, -113, 1083, 63;
-30, 276, 13, -492, 210, 1, -120, 1079, 53;
-33, 274, 9, -489, 215, -9, -131, 1071, 38;
-28, 281, 14, -459, 245, 4, -109, 1095, 57;
-26, 283, 15, -440, 263, 7, -101, 1105, 60;
-26, 283, 13, -428, 273, 2, -104, 1103, 53;
-22, 287, 16, -400, 296, 11, -88, 1120, 64;
-28, 281, 9, -404, 287, -11, -112, 1096, 36;
-25, 284, 11, -377, 306, -5, -99, 1109, 44;
-19, 290, 15, -343, 332, 8, -77, 1131, 61;
-19, 289, 14, -325, 339, 3, -77, 1130, 55;
-16, 292, 15, -298, 355, 9, -65, 1140, 62;
-19, 289, 12, -287, 352, -3, -74, 1128, 46;
-14, 293, 15, -253, 372, 7, -56, 1144, 59;
-18, 288, 9, -247, 362, -11, -73, 1125, 36;
-9, 296, 16, -199, 392, 11, -38, 1156, 65;
-9, 295, 14, -179, 393, 5, -38, 1152, 58;
-7, 296, 15, -151, 401, 8, -29, 1157, 61;
-6, 296, 14, -127, 404, 5, -25, 1156, 58;
-10, 291, 9, -118, 392, -10, -39, 1137, 37;
-2, 297, 15, -72, 414, 8, -9, 1162, 61;
-1, 297, 15, -47, 414, 6, -5, 1160, 59;
1, 298, 16, -16, 420, 10, 6, 1166, 64;
-3, 292, 9, -11, 398, -11, -14, 1138, 36;
0, 293, 10, 19, 401, -7, -2, 1143, 41;
3, 295, 12, 53, 407, 0, 12, 1151, 50;
7, 297, 15, 87, 412, 6, 28, 1159, 59;
8, 296, 14, 111, 406, 3, 31, 1154, 55;
5, 291, 9, 123, 388, -10, 20, 1135, 38;
7, 291, 10, 150, 384, -9, 28, 1135, 39;
10, 291, 11, 180, 382, -5, 39, 1138, 44;
11, 290, 11, 204, 374, -6, 44, 1134, 43;
11, 288, 9, 225, 362, -10, 45, 1126, 37;
17, 292, 13, 262, 367, 2, 67, 1138, 53;
19, 292, 14, 290, 361, 5, 77, 1140, 58;
21, 291, 14, 313, 351, 5, 83, 1136, 58;
21, 288, 13, 330, 336, 1, 83, 1126, 52;
22, 287, 12, 350, 323, 0, 86, 1119, 50;
25, 287, 14, 376, 316, 4, 98, 1121, 56;
21, 281, 9, 381, 287, -11, 83, 1097, 36;
24, 281, 11, 405, 279, -6, 94, 1098, 43;
28, 283, 14, 434, 275, 4, 112, 1106, 56;
29, 281, 14, 451, 259, 3, 115, 1099, 55;
32, 282, 16, 474, 251, 10, 128, 1102, 64;
30, 277, 12, 478, 223, -1, 117, 1082, 49;
30, 275, 11, 489, 204, -4, 117, 1072, 45;
29, 271, 10, 498, 183, -8, 115, 1060, 40;
33, 273, 13, 521, 176, 1, 131, 1067, 53;
35, 272, 14, 533, 160, 3, 136, 1063, 55;
37, 272, 16, 549, 148, 9, 146, 1063, 62;
32, 265, 10, 539, 111, -8, 125, 1034, 40;
35, 266, 13, 555, 101, 0, 137, 1037, 50;
36, 265, 13, 564, 85, 2, 142, 1033, 53;
37, 263, 14, 569, 67, 3, 144, 1027, 54;
39, 263, 15, 579, 53, 8, 152, 1027, 62;
38, 260, 14, 578, 31, 5, 149, 1016, 57;
35, 256, 12, 571, 3, -2, 139, 999, 47;
33, 251, 9, 563, -23, -10, 129, 982, 38;
38, 255, 15, 578, -25, 6, 150, 995, 58;
40, 255, 16, 580, -39, 11, 156, 995, 65;
33, 247, 10, 558, -77, -7, 131, 964, 42;
35, 247, 12, 558, -90, -1, 137, 965, 49;
36, 246, 13, 556, -105, 2, 141, 963, 54;
32, 242, 11, 539, -132, -6, 128, 945, 43;
31, 239, 10, 527, -154, -9, 121, 934, 39;
33, 240, 13, 526, -162, 0, 131, 939, 51;
35, 241, 15, 522, -173, 6, 136, 941, 59;
32, 238, 13, 504, -195, 2, 127, 929, 53;
28, 233, 10, 480, -222, -8, 110, 909, 40;
26, 230, 9, 462, -242, -12, 103, 899, 36;
26, 230, 10, 449, -255, -8, 102, 897, 39;
31, 234, 15, 451, -252, 9, 121, 913, 62;
23, 226, 9, 413, -286, -10, 92, 883, 37;
28, 231, 16, 415, -280, 9, 112, 903, 62;
25, 228, 13, 388, -300, 2, 99, 890, 54;
27, 229, 16, 377, -303, 11, 105, 896, 65;
22, 225, 13, 346, -325, 2, 88, 880, 53;
21, 224, 13, 323, -337, 1, 81, 875, 52;
18, 222, 12, 298, -351, -1, 72, 867, 49;
16, 220, 11, 271, -364, -5, 62, 859, 44;
19, 224, 16, 263, -356, 11, 76, 876, 65;
13, 219, 12, 224, -379, -3, 52, 855, 47;
10, 216, 10, 193, -392, -8, 39, 845, 39;
9, 217, 11, 172, -394, -4, 38, 848, 45;
6, 215, 9, 141, -405, -9, 25, 840, 38;
9, 219, 14, 130, -394, 5, 37, 857, 57;
6, 218, 13, 99, -402, 0, 25, 850, 51;
4, 217, 12, 71, -406, 0, 17, 847, 50;
0, 213, 9, 34, -419, -10, -2, 834, 37;
-1, 214, 10, 8, -419, -9, -7, 835, 39;
-3, 214, 10, -16, -417, -7, -11, 837, 41;
0, 218, 14, -31, -404, 4, -3, 853, 56;
-5, 215, 11, -69, -413, -6, -23, 840, 43;
-7, 216, 11, -94, -409, -5, -28, 842, 44;
-9, 216, 11, -122, -407, -6, -36, 842, 43;
-10, 216, 11, -148, -402, -5, -42, 844, 43;
-11, 218, 12, -169, -392, -1, -43, 852, 49;
-14, 217, 11, -199, -390, -5, -54, 849, 44;
-14, 219, 12, -220, -379, -1, -56, 857, 49;
-12, 224, 16, -233, -360, 10, -47, 875, 64;
-19, 219, 10, -276, -370, -8, -77, 854, 40;
-21, 220, 10, -299, -360, -7, -82, 858, 41;
-17, 226, 16, -305, -333, 9, -66, 883, 62;
-20, 225, 13, -334, -329, 2, -80, 879, 54;
-25, 223, 10, -365, -326, -6, -97, 872, 42;
-24, 226, 12, -380, -308, 0, -95, 884, 49;
-26, 227, 12, -401, -296, -2, -102, 887, 48;
-25, 230, 14, -414, -277, 3, -99, 899, 55;
-30, 228, 10, -444, -274, -8, -119, 890, 40;
-27, 233, 14, -449, -247, 3, -108, 910, 55;
-32, 231, 10, -477, -244, -8, -127, 901, 40;
-34, 231, 9, -495, -230, -11, -134, 904, 37;
-33, 235, 11, -503, -207, -4, -130, 918, 44;
-29, 241, 15, -502, -177, 8, -116, 941, 61;
-30, 242, 15, -514, -160, 7, -120, 946, 60;
-33, 242, 13, -532, -149, 1, -131, 945, 52;
-32, 245, 15, -536, -126, 6, -127, 958, 58;
-38, 242, 9, -561, -125, -10, -150, 943, 37;
-38, 244, 9, -568, -105, -10, -151, 951, 38;
-32, 252, 16, -553, -66, 10, -127, 983, 63;
-38, 248, 10, -574, -64, -6, -149, 970, 42;
-35, 253, 14, -567, -35, 3, -137, 989, 55;
-36, 254, 12, -573, -19, 0, -143, 992, 50;
-33, 259, 16, -562, 10, 10, -129, 1013, 64;
-39, 255, 10, -581, 11, -8, -152, 997, 40;
-37, 259, 12, -573, 36, -2, -144, 1011, 48;
-39, 258, 9, -579, 46, -11, -155, 1007, 37;
-32, 267, 16, -551, 88, 11, -125, 1043, 65;
-32, 268, 16, -547, 105, 10, -126, 1048, 63;
-36, 265, 11, -556, 108, -5, -144, 1035, 43;
-35, 267, 11, -546, 128, -3, -139, 1044, 46;
-33, 271, 13, -532, 151, 0, -131, 1057, 52;
-36, 269, 9, -533, 157, -10, -143, 1049, 37;
-31, 275, 14, -508, 189, 3, -123, 1073, 54;
-34, 273, 10, -507, 194, -8, -134, 1064, 39;
-31, 276, 12, -485, 218, -1, -122, 1080, 49;
-26, 282, 16, -458, 246, 11, -102, 1101, 64;
-30, 278, 11, -459, 245, -6, -120, 1086, 43;
-26, 283, 14, -431, 270, 4, -103, 1104, 56;
-24, 285, 15, -411, 287, 7, -95, 1113, 59;
-27, 282, 11, -405, 288, -6, -107, 1101, 43;
-24, 285, 12, -381, 305, -2, -97, 1111, 48;
-25, 284, 10, -368, 310, -9, -100, 1107, 39;
-17, 291, 16, -325, 342, 11, -69, 1137, 65;
-22, 287, 11, -321, 336, -6, -86, 1120, 43;
-21, 287, 10, -299, 344, -7, -82, 1121, 41;
-20, 287, 9, -279, 351, -11, -80, 1121, 37;
-14, 293, 14, -240, 374, 4, -55, 1143, 56;
-16, 289, 10, -228, 370, -8, -65, 1130, 40;
-10, 295, 15, -187, 392, 6, -39, 1152, 59;
-11, 293, 12, -170, 389, -2, -44, 1143, 48;
-8, 294, 13, -141, 398, 1, -33, 1149, 52;
-4, 297, 16, -107, 410, 9, -17, 1161, 62;
-6, 294, 12, -92, 401, -2, -25, 1147, 47;
-1, 297, 15, -55, 414, 7, -6, 1161, 60;
0, 297, 15, -29, 415, 6, -1, 1160, 58;
-2, 293, 11, -14, 404, -5, -8, 1146, 44;
1, 295, 12, 17, 409, 0, 3, 1152, 50;
0, 291, 9, 33, 397, -11, -2, 1138, 36;
5, 296, 14, 75, 409, 3, 21, 1155, 54;
5, 294, 12, 95, 400, -2, 21, 1147, 47;
7, 294, 12, 123, 397, -2, 28, 1146, 48;
8, 292, 11, 147, 391, -3, 32, 1142, 46;
13, 295, 15, 184, 396, 6, 52, 1153, 59;
14, 294, 14, 206, 386, 3, 54, 1147, 55;
11, 289, 9, 217, 366, -10, 44, 1127, 38;
14, 290, 11, 248, 363, -4, 57, 1132, 45;
20, 293, 15, 284, 366, 7, 78, 1143, 60;
18, 289, 12, 298, 348, 0, 73, 1129, 49;
21, 290, 14, 326, 342, 3, 84, 1131, 55;
22, 288, 13, 346, 329, 1, 87, 1124, 53;
24, 287, 13, 367, 317, 2, 93, 1120, 53;
26, 287, 15, 392, 309, 6, 104, 1121, 59;
28, 286, 15, 413, 297, 7, 110, 1117, 60;
30, 286, 16, 436, 287, 11, 120, 1117, 65;
27, 280, 12, 440, 259, -1, 108, 1095, 49;
27, 278, 11, 453, 240, -5, 107, 1084, 43;
28, 277, 11, 470, 226, -4, 112, 1080, 45;
35, 280, 16, 501, 226, 12, 136, 1095, 66;
34, 277, 15, 510, 205, 8, 135, 1083, 61;
35, 275, 15, 522, 187, 6, 136, 1075, 59;
31, 269, 11, 520, 156, -6, 122, 1052, 42;
33, 269, 12, 534, 142, -2, 130, 1050, 47;
32, 265, 10, 537, 117, -8, 124, 1036, 40;
35, 266, 12, 552, 107, 0, 136, 1039, 50;
34, 263, 11, 555, 85, -3, 134, 1028, 46;
32, 259, 9, 554, 59, -11, 126, 1012, 37;
40, 265, 16, 581, 63, 11, 156, 1033, 65;
33, 256, 10, 562, 22, -9, 130, 1000, 39;
36, 257, 12, 572, 12, 0, 141, 1004, 50;
35, 254, 11, 569, -10, -4, 137, 992, 45;
34, 251, 10, 565, -33, -7, 132, 980, 41;
34, 250, 11, 565, -50, -5, 135, 976, 44;
36, 250, 13, 568, -62, 1, 143, 978, 53;
37, 250, 15, 567, -77, 6, 147, 976, 58;
38, 249, 16, 565, -91, 10, 150, 974, 63;
36, 246, 14, 553, -115, 4, 142, 961, 56;
37, 246, 16, 549, -128, 10, 146, 960, 63;
34, 242, 13, 532, -154, 1, 134, 943, 53;
31, 237, 11, 512, -180, -6, 121, 926, 43;
32, 238, 13, 508, -190, 1, 128, 930, 52;
34, 239, 15, 503, -199, 9, 134, 933, 62;
31, 236, 14, 483, -221, 3, 123, 920, 55;
29, 233, 12, 463, -241, 0, 115, 909, 50;
26, 229, 10, 439, -264, -7, 101, 894, 41;
24, 227, 9, 420, -281, -10, 94, 885, 38;
24, 227, 11, 405, -291, -6, 94, 885, 42;
25, 228, 13, 394, -297, 1, 99, 890, 52;
26, 229, 16, 382, -301, 10, 105, 896, 63;
22, 225, 12, 350, -325, -1, 85, 877, 49;
20, 223, 12, 328, -336, -1, 80, 873, 49;
18, 222, 12, 304, -349, -3, 72, 867, 47;
21, 225, 16, 294, -346, 9, 83, 879, 63;
13, 218, 9, 250, -375, -10, 52, 851, 38;
11, 217, 9, 225, -384, -10, 45, 847, 37;
13, 219, 12, 210, -381, 0, 51, 857, 50;
13, 221, 15, 192, -381, 6, 54, 863, 59;
11, 219, 13, 162, -390, 2, 43, 856, 54;
8, 218, 13, 135, -397, 1, 34, 852, 52;
5, 216, 11, 103, -406, -3, 21, 844, 46;
8, 221, 16, 91, -394, 10, 33, 862, 64;
1, 214, 10, 46, -415, -7, 4, 838, 41;
2, 217, 13, 29, -407, 2, 9, 849, 53;
-2, 214, 10, -8, -418, -8, -10, 836, 39;
0, 218, 13, -24, -406, 2, -3, 850, 53;
-4, 216, 12, -55, -409, -1, -15, 845, 48;
-8, 214, 10, -89, -414, -9, -31, 837, 39;
-5, 219, 14, -103, -398, 4, -21, 855, 56;
-4, 221, 16, -122, -387, 11, -19, 865, 65;
-6, 222, 16, -148, -381, 11, -25, 867, 65;
-13, 217, 11, -190, -392, -4, -51, 849, 45;
-14, 219, 12, -213, -383, -2, -55, 854, 48;
-17, 218, 10, -242, -380, -6, -67, 852, 42;
-17, 220, 12, -263, -367, -2, -67, 860, 47;
-17, 222, 13, -282, -354, 1, -68, 868, 52;
-15, 227, 16, -295, -333, 12, -61, 886, 66;
-21, 223, 12, -331, -337, -1, -84, 872, 48;
-26, 221, 9, -363, -336, -12, -102, 863, 35;
-25, 225, 11, -377, -316, -4, -98, 877, 45;
-22, 230, 15, -384, -290, 8, -86, 899, 61;
-22, 232, 16, -401, -274, 10, -89, 906, 64;
-30, 227, 9, -441, -281, -10, -120, 885, 37;
-26, 233, 15, -441, -249, 6, -103, 912, 59;
-32, 230, 10, -471, -248, -7, -124, 900, 41;
-32, 233, 11, -484, -230, -5, -125, 909, 44;
-28, 239, 15, -485, -199, 8, -112, 932, 61;
-30, 240, 15, -500, -185, 6, -117, 936, 59;
-31, 241, 14, -514, -169, 4, -122, 941, 57;
-32, 242, 14, -526, -153, 3, -127, 945, 55;
-32, 244, 14, -534, -132, 5, -127, 955, 58;
-31, 248, 16, -537, -110, 10, -123, 967, 63;
-31, 250, 16, -543, -89, 12, -123, 976, 65;
-37, 246, 11, -566, -87, -4, -145, 963, 45;
-38, 248, 11, -572, -70, -6, -148, 968, 43;
-35, 252, 13, -568, -42, 2, -139, 985, 53;
-39, 251, 10, -581, -34, -9, -153, 979, 39;
-40, 251, 9, -585, -18, -12, -157, 982, 36;
-37, 256, 11, -577, 9, -3, -147, 1000, 46;
-34, 261, 14, -567, 36, 4, -136, 1017, 56;
-35, 261, 13, -567, 53, 1, -139, 1021, 53;
-33, 265, 15, -556, 78, 8, -129, 1036, 61;
-32, 268, 16, -548, 100, 11, -124, 1047, 65;
-38, 263, 10, -562, 99, -8, -148, 1029, 40;
-32, 270, 15, -538, 133, 6, -127, 1055, 59;
-35, 268, 11, -541, 140, -4, -139, 1048, 45;
-37, 268, 9, -537, 151, -10, -144, 1047, 37;
-36, 269, 9, -526, 168, -11, -142, 1052, 36;
-35, 272, 9, -512, 187, -9, -137, 1061, 38;
-32, 275, 11, -494, 209, -4, -127, 1073, 44;
-29, 279, 13, -472, 232, 2, -114, 1089, 54;
-31, 277, 10, -467, 237, -8, -124, 1081, 40;
-28, 280, 12, -443, 259, -1, -111, 1095, 49;
-26, 282, 13, -424, 276, 0, -105, 1103, 51;
-26, 283, 12, -408, 286, -3, -104, 1104, 46;
-20, 289, 16, -373, 315, 12, -80, 1128, 66;
-20, 289, 15, -357, 323, 7, -81, 1127, 60;
-23, 285, 11, -350, 322, -5, -92, 1115, 43;
-16, 292, 16, -310, 351, 12, -64, 1141, 66;
-18, 290, 13, -299, 350, 0, -73, 1131, 51;
-17, 291, 13, -275, 360, 1, -67, 1135, 52;
-16, 291, 12, -253, 367, -1, -64, 1136, 49;
-17, 289, 10, -236, 367, -8, -67, 1129, 40;
-10, 295, 15, -195, 390, 7, -41, 1151, 59;
-12, 292, 11, -181, 385, -3, -48, 1140, 46;
-10, 293, 12, -154, 391, -3, -41, 1143, 46;
-4, 298, 16, -113, 411, 11, -16, 1163, 65;
-6, 295, 13, -98, 404, 0, -24, 1151, 51;
-6, 293, 10, -78, 399, -6, -26, 1143, 42;
-6, 292, 9, -55, 397, -10, -24, 1138, 37;
-2, 294, 12, -20, 406, -2, -8, 1149, 47;
0, 295, 12, 8, 408, 0, 1, 1151, 49;
0, 292, 9, 26, 399, -9, -3, 1140, 38;
2, 293, 11, 58, 402, -4, 9, 1146, 45;
7, 297, 15, 96, 411, 6, 30, 1159, 59;
8, 296, 14, 120, 405, 4, 34, 1155, 56;
6, 291, 10, 134, 388, -8, 25, 1138, 40;
7, 290, 10, 159, 382, -9, 30, 1134, 39;
11, 292, 11, 190, 381, -3, 43, 1139, 46;
10, 289, 9, 209, 368, -10, 42, 1128, 38;
14, 290, 12, 241, 367, -2, 57, 1134, 47;
18, 292, 14, 272, 366, 4, 72, 1140, 56;
20, 292, 15, 299, 359, 7, 81, 1140, 59;
16, 285, 9, 304, 331, -10, 64, 1114, 37;
21, 287, 12, 336, 331, 0, 83, 1123, 50;
25, 290, 16, 368, 329, 9, 101, 1131, 62;
23, 285, 12, 378, 306, -1, 92, 1113, 49;
26, 285, 14, 402, 297, 3, 103, 1113, 54;
27, 283, 13, 420, 282, 1, 106, 1107, 53;
27, 281, 13, 436, 266, 0, 108, 1099, 50;
30, 281, 14, 457, 255, 3, 117, 1098, 55;
29, 278, 12, 468, 234, 0, 115, 1086, 49;
29, 275, 11, 478, 214, -5, 113, 1075, 44;
34, 278, 15, 505, 210, 7, 133, 1085, 60;
36, 278, 16, 523, 197, 11, 141, 1084, 65;
34, 273, 14, 526, 172, 3, 134, 1067, 55;
36, 273, 15, 541, 159, 8, 143, 1066, 61;
37, 271, 15, 551, 140, 8, 145, 1059, 61;
37, 270, 15, 559, 122, 8, 147, 1053, 61;
32, 262, 10, 549, 86, -8, 127, 1024, 39;
32, 260, 9, 552, 65, -11, 125, 1014, 36;
36, 262, 13, 569, 59, 1, 143, 1023, 52;
32, 256, 9, 559, 26, -12, 127, 999, 35;
38, 260, 15, 579, 25, 6, 150, 1015, 58;
33, 252, 9, 562, -10, -10, 129, 986, 37;
35, 253, 11, 569, -23, -4, 137, 987, 45;
34, 250, 10, 563, -46, -7, 132, 976, 41;
36, 251, 13, 569, -56, 1, 143, 980, 52;
38, 251, 15, 571, -69, 7, 149, 980, 60;
32, 244, 10, 549, -104, -8, 127, 953, 40;
34, 244, 12, 548, -117, -2, 133, 953, 47;
35, 244, 14, 546, -129, 3, 139, 954, 55;
35, 243, 14, 537, -147, 3, 137, 948, 55;
31, 238, 10, 516, -175, -6, 121, 928, 42;
30, 236, 10, 503, -194, -8, 117, 920, 40;
28, 233, 9, 487, -213, -10, 110, 911, 37;
30, 234, 12, 481, -222, -2, 117, 914, 47;
32, 236, 15, 477, -227, 8, 126, 922, 61;
32, 235, 16, 463, -240, 10, 125, 919, 63;
27, 230, 12, 434, -268, -2, 105, 898, 48;
22, 225, 9, 406, -292, -12, 88, 880, 35;
26, 229, 14, 402, -290, 3, 103, 894, 55;
22, 225, 11, 374, -312, -4, 88, 879, 45;
19, 222, 10, 349, -328, -9, 77, 869, 39;
19, 222, 11, 331, -337, -6, 76, 868, 43;
20, 224, 13, 316, -341, 1, 80, 873, 52;
17, 221, 12, 289, -354, -2, 70, 865, 48;
15, 220, 11, 264, -366, -4, 61, 859, 45;
14, 219, 11, 240, -375, -4, 55, 856, 45;
17, 223, 16, 230, -367, 11, 68, 872, 64;
9, 216, 10, 185, -394, -8, 37, 845, 40;
6, 215, 9, 156, -403, -12, 26, 838, 35;
6, 215, 10, 134, -404, -7, 25, 842, 41;
4, 215, 10, 108, -409, -7, 19, 840, 41;
9, 221, 16, 100, -394, 10, 35, 862, 64;
2, 215, 11, 58, -412, -4, 9, 842, 45;
2, 217, 13, 37, -407, 1, 10, 848, 52;
-3, 213, 9, -2, -421, -11, -12, 832, 36;
-3, 214, 10, -26, -418, -8, -15, 836, 40;
-3, 216, 12, -47, -411, -2, -14, 844, 47;
-1, 220, 15, -62, -397, 9, -6, 859, 62;
-9, 214, 9, -110, -415, -11, -38, 835, 36;
-9, 216, 11, -129, -404, -4, -36, 845, 45;
-9, 218, 13, -150, -394, 1, -36, 854, 52;
-7, 222, 16, -166, -379, 10, -30, 867, 64;
-12, 220, 13, -201, -381, 1, -48, 859, 53;
-14, 220, 13, -227, -375, 0, -55, 860, 51;
-13, 223, 15, -245, -361, 6, -54, 871, 59;
-20, 219, 10, -285, -368, -9, -80, 854, 39;
-16, 225, 16, -290, -340, 9, -62, 881, 62;
-17, 227, 16, -312, -328, 10, -67, 886, 63;
-20, 226, 14, -339, -322, 5, -79, 884, 57;
-20, 228, 15, -357, -308, 7, -81, 891, 60;
-28, 223, 9, -398, -315, -11, -110, 872, 36;
-23, 231, 15, -397, -281, 7, -91, 901, 60;
-29, 228, 11, -430, -282, -6, -113, 889, 43;
-24, 234, 16, -431, -250, 10, -97, 915, 63;
-27, 234, 14, -454, -241, 4, -108, 914, 56;
-28, 236, 15, -467, -223, 7, -109, 922, 59;
-27, 239, 16, -478, -203, 10, -108, 933, 64;
-29, 240, 15, -494, -189, 8, -114, 936, 61;
-31, 241, 14, -509, -174, 5, -120, 939, 58;
-34, 240, 12, -529, -165, -2, -134, 936, 47;
-31, 245, 16, -527, -135, 9, -121, 957, 62;
-33, 246, 14, -540, -121, 5, -128, 959, 57;
-37, 243, 10, -561, -116, -8, -147, 949, 41;
-38, 245, 10, -568, -97, -8, -149, 955, 40;
-34, 250, 14, -561, -66, 3, -135, 978, 55;
-39, 247, 9, -580, -62, -11, -155, 967, 37;
-36, 253, 13, -571, -31, 0, -142, 988, 51;
-40, 251, 9, -584, -24, -11, -156, 980, 36;
-38, 254, 10, -580, 0, -6, -150, 994, 42;
-38, 256, 10, -579, 18, -6, -150, 1001, 42;
-35, 261, 13, -567, 47, 2, -138, 1019, 53;
-34, 263, 14, -562, 68, 4, -135, 1029, 56;
-37, 262, 11, -567, 77, -5, -146, 1024, 44;
-34, 266, 13, -554, 103, 1, -136, 1040, 53;
-33, 269, 14, -542, 126, 5, -129, 1051, 57;
-37, 266, 10, -549, 129, -9, -145, 1040, 39;
-31, 274, 15, -521, 165, 8, -120, 1069, 61;
-29, 276, 16, -508, 185, 10, -115, 1078, 64;
-30, 276, 14, -502, 196, 4, -120, 1077, 56;
-34, 273, 10, -502, 199, -8, -133, 1066, 40;
-32, 276, 11, -485, 219, -5, -126, 1076, 44;
-29, 279, 13, -462, 242, 1, -113, 1091, 52;
-28, 280, 12, -448, 255, 0, -111, 1095, 50;
-27, 281, 12, -431, 269, -1, -108, 1099, 49;
-28, 281, 10, -418, 278, -6, -110, 1098, 42;
-27, 282, 10, -400, 291, -7, -106, 1102, 41;
-22, 287, 13, -369, 314, 2, -89, 1119, 54;
-19, 289, 15, -343, 331, 7, -77, 1130, 60;
-19, 290, 14, -324, 340, 5, -75, 1131, 57;
-17, 291, 15, -299, 353, 7, -66, 1138, 60;
-15, 293, 15, -275, 364, 8, -60, 1143, 61;
-14, 293, 15, -252, 372, 7, -55, 1145, 60;
-14, 292, 13, -234, 374, 1, -56, 1141, 52;
-11, 294, 14, -205, 386, 5, -45, 1149, 58;
-13, 291, 11, -191, 381, -5, -53, 1137, 43;
-12, 291, 10, -167, 386, -7, -48, 1138, 42;
-9, 293, 11, -138, 394, -4, -38, 1143, 45;
-9, 292, 10, -115, 394, -8, -37, 1139, 40;
-2, 297, 15, -72, 413, 8, -10, 1161, 61;
0, 298, 15, -45, 416, 8, -3, 1162, 60;
0, 297, 15, -20, 415, 6, 1, 1160, 58;
20, 10, 5, 4057, 4947, 1545, 79, 41, 21;
18, 22, 1, 4356, 3817, 2872, 71, 88, 4;
4, 10, 12, 3963, 2004, 1489, 17, 41, 49;
1, 1, 8, 3685, 2430, 1302, 7, 5, 33;
6, 5, 8, 3818, 2149, 1108, 24, 19, 34;
10, 16, 12, 3269, 2564, 1637, 41, 63, 47;
9, 6, 8, 2156, 3209, 2193, 35, 24, 34;
5, 10, 6, 1523, 2048, 2507, 20, 42, 24;
18, 4, 9, 3726, 5099, 990, 71, 18, 38;
9, 17, 11, 1814, 3589, 1931, 37, 69, 44;
20, 29, 10, 4107, 2370, 1521, 79, 114, 42;
13, 8, 9, 2568, 4309, 2794, 52, 34, 35;
7, 1, 9, 2736, 3748, 2901, 30, 4, 38;
5, 0, 5, 1818, 4571, 1739, 22, 2, 21;
18, 18, 2, 1879, 2268, 2567, 73, 71, 9;
3, 25, 2, 3725, 3250, 1853, 15, 100, 7;
4, 20, 5, 3062, 3881, 1641, 16, 79, 22;
2, 21, 6, 3437, 2795, 2537, 10, 85, 24;
19, 1, 12, 2203, 1859, 2402, 77, 4, 48;
4, 24, 10, 1611, 3049, 2096, 15, 95, 41;
9, 22, 2, 3833, 3854, 2640, 38, 86, 9;
9, 18, 1, 2179, 3445, 1704, 36, 73, 6;
2, 19, 3, 2051, 2448, 1253, 10, 75, 14;
18, 16, 8, 2038, 2592, 2786, 73, 66, 31;
1, 15, 0, 1776, 4513, 1406, 7, 60, 3;
9, 19, 10, 2423, 1999, 1587, 36, 77, 41;
4, 7, 9, 4223, 5384, 2569, 18, 30, 37;
18, 10, 6, 4167, 4212, 2602, 72, 40, 26;
3, 17, 1, 1694, 5155, 2305, 11, 69, 7;
16, 9, 1, 2978, 2147, 1707, 66, 36, 4;
19, 19, 12, 2129, 2630, 1749, 77, 76, 49;
11, 24, 6, 2921, 2244, 2827, 46, 96, 26;
9, 19, 5, 3116, 2402, 1586, 38, 77, 21;
10, 2, 7, 2222, 2373, 2249, 40, 8, 29;
15, 12, 4, 4098, 4790, 1790, 58, 47, 15;
11, 7, 0, 4402, 4106, 1058, 45, 27, 2;
19, 16, 6, 4110, 4615, 2473, 75, 65, 25;
2, 17, 6, 2824, 2328, 2828, 8, 68, 23;
0, 15, 6, 2214, 1835, 1071, 0, 60, 23;
2, 29, 6, 4062, 5169, 1257, 9, 114, 26;
20, 15, 1, 1988, 4361, 2159, 78, 60, 6;
7, 13, 3, 2229, 2636, 1158, 29, 51, 11;
18, 0, 5, 4069, 2905, 1359, 70, 3, 20;
13, 4, 5, 2436, 4335, 2537, 53, 16, 20;
16, 3, 5, 1858, 4799, 2177, 64, 11, 20;
12, 21, 4, 2233, 5160, 2500, 47, 82, 16;
3, 3, 12, 3068, 4746, 1813, 12, 13, 47;
15, 19, 2, 1981, 3159, 1611, 59, 76, 8;
15, 3, 11, 4141, 4020, 2695, 59, 12, 43;
7, 16, 0, 3694, 3370, 2730, 28, 62, 1;
9, 28, 0, 1928, 2689, 1372, 36, 111, 3;
14, 1, 5, 3944, 1860, 1342, 56, 4, 23;
18, 1, 7, 2769, 3200, 1136, 73, 4, 30;
2, 24, 0, 3224, 1958, 1463, 11, 94, 0;
16, 22, 5, 4337, 4272, 1226, 64, 88, 22;
1, 10, 7, 1816, 1906, 2770, 7, 39, 29;
15, 5, 1, 3786, 5282, 1932, 59, 20, 7;
15, 13, 3, 4272, 4642, 1496, 61, 51, 14;
7, 4, 9, 2183, 3650, 1279, 30, 18, 35;
2, 17, 7, 3129, 4291, 2438, 8, 69, 30;
19, 18, 4, 3829, 3641, 2947, 77, 72, 16;
16, 27, 8, 2548, 3268, 1381, 66, 106, 34;
20, 13, 11, 2244, 4974, 1508, 81, 54, 45;
4, 30, 4, 4348, 2160, 2526, 16, 119, 16;
18, 8, 11, 4307, 4376, 1363, 72, 32, 43;
5, 4, 7, 3709, 4345, 2435, 21, 18, 28;
4, 24, 11, 2357, 2833, 1422, 17, 96, 43;
10, 28, 7, 2971, 4904, 2735, 39, 112, 31;
3, 24, 9, 3702, 2774, 2914, 15, 93, 37;
5, 10, 4, 2391, 1902, 1812, 20, 41, 18;
20, 30, 10, 1813, 2512, 2290, 78, 119, 40;
10, 23, 11, 2381, 2153, 2253, 40, 93, 44;
16, 13, 4, 3970, 2067, 2381, 62, 52, 16;
18, 22, 10, 1787, 1937, 2150, 72, 86, 42;
12, 12, 11, 2406, 3535, 1384, 48, 47, 43;
0, 3, 4, 1987, 3214, 2781, 3, 13, 16;
20, 1, 4, 4355, 5109, 2504, 78, 5, 18;
12, 7, 7, 1735, 1911, 1948, 50, 28, 30;
13, 25, 8, 1805, 4265, 1447, 50, 98, 31;
5, 23, 11, 2279, 4321, 2036, 20, 90, 46;
595, 882, 521, 5264, 4608, 3133, 2321, 3443, 2035;
569, 723, 431, 5064, 4434, 3016, 2220, 2821, 1680;
602, 881, 430, 4832, 4227, 2865, 2351, 3436, 1679;
553, 683, 377, 4649, 4067, 2759, 2158, 2665, 1470;
621, 866, 428, 4449, 3890, 2633, 2422, 3379, 1671;
601, 822, 344, 4271, 3734, 2526, 2347, 3206, 1344;
575, 655, 323, 4108, 3592, 2432, 2244, 2557, 1261;
489, 824, 334, 3965, 3470, 2355, 1910, 3214, 1303;
440, 757, 375, 3824, 3348, 2277, 1719, 2952, 1462;
496, 796, 281, 3661, 3203, 2174, 1936, 3108, 1096;
393, 772, 283, 3527, 3087, 2098, 1534, 3012, 1105;
445, 733, 266, 3361, 2939, 1989, 1735, 2862, 1040;
467, 580, 265, 3233, 2828, 1915, 1823, 2263, 1034;
462, 662, 248, 3137, 2748, 1870, 1803, 2582, 968;
443, 616, 283, 3014, 2640, 1797, 1729, 2402, 1104;
368, 578, 257, 2902, 2542, 1732, 1437, 2257, 1003;
402, 564, 204, 2788, 2442, 1664, 1568, 2203, 798;
377, 623, 236, 2644, 2312, 1565, 1470, 2430, 924;
314, 617, 201, 2569, 2250, 1531, 1225, 2407, 787;
288, 501, 213, 2466, 2160, 1470, 1124, 1957, 831;
271, 579, 215, 2377, 2082, 1419, 1059, 2261, 839;
331, 594, 193, 2253, 1970, 1333, 1293, 2318, 753;
283, 460, 210, 2184, 1912, 1300, 1107, 1797, 820;
250, 527, 171, 2114, 1853, 1265, 976, 2057, 669;
295, 485, 174, 2007, 1755, 1191, 1152, 1892, 680;
240, 514, 180, 1919, 1678, 1135, 939, 2006, 704;
229, 462, 175, 1844, 1612, 1090, 896, 1801, 686;
203, 524, 126, 1785, 1562, 1061, 794, 2045, 492;
231, 490, 163, 1688, 1474, 993, 904, 1911, 637;
228, 453, 163, 1667, 1462, 999, 892, 1767, 638;
218, 444, 153, 1590, 1392, 948, 852, 1732, 599;
224, 433, 124, 1506, 1316, 889, 876, 1688, 486;
199, 401, 122, 1463, 1280, 870, 778, 1566, 478;
179, 457, 127, 1409, 1234, 840, 699, 1785, 496;
147, 426, 118, 1343, 1175, 796, 575, 1661, 462;
153, 410, 97, 1309, 1147, 784, 598, 1601, 381;
149, 389, 117, 1227, 1071, 722, 582, 1518, 456;
145, 395, 95, 1215, 1066, 730, 566, 1542, 373;
165, 405, 98, 1151, 1007, 684, 646, 1583, 385;
128, 424, 106, 1123, 986, 676, 500, 1653, 416;
118, 415, 88, 1066, 934, 636, 461, 1618, 346;
140, 365, 75, 1027, 900, 614, 546, 1424, 293;
129, 390, 81, 980, 858, 583, 506, 1524, 318;
109, 377, 77, 948, 830, 566, 427, 1471, 304;
123, 351, 76, 912, 799, 545, 481, 1369, 297;
109, 351, 83, 869, 761, 517, 425, 1370, 324;
110, 333, 73, 837, 732, 498, 429, 1299, 285;
119, 348, 60, 821, 721, 496, 464, 1357, 234;
102, 344, 66, 789, 693, 477, 401, 1344, 260;
104, 367, 68, 752, 660, 452, 408, 1435, 266;
87, 349, 67, 701, 612, 413, 339, 1361, 261;
96, 327, 68, 692, 607, 415, 376, 1276, 266;
91, 320, 59, 642, 560, 376, 355, 1248, 231;
87, 323, 54, 637, 558, 381, 341, 1262, 211;
85, 333, 56, 609, 534, 364, 333, 1301, 218;
72, 320, 48, 592, 520, 356, 280, 1250, 188;
65, 314, 53, 581, 511, 354, 254, 1227, 209;
62, 328, 48, 522, 455, 304, 244, 1282, 190;
71, 304, 47, 500, 435, 290, 280, 1188, 185;
51, 308, 32, 476, 414, 275, 201, 1202, 127;
60, 312, 39, 456, 397, 263, 235, 1217, 154;
54, 299, 33, 436, 379, 250, 213, 1168, 131;
61, 316, 45, 454, 399, 275, 240, 1235, 179;
63, 302, 39, 437, 384, 266, 248, 1178, 154;
45, 303, 34, 405, 354, 240, 176, 1184, 135;
53, 300, 37, 391, 343, 233, 209, 1173, 144;
54, 311, 36, 372, 326, 220, 213, 1215, 140;
52, 304, 26, 366, 321, 220, 204, 1187, 102;
39, 306, 29, 353, 310, 213, 155, 1195, 116;
36, 289, 24, 310, 269, 175, 142, 1130, 93;
44, 305, 34, 340, 300, 210, 172, 1191, 136;
42, 301, 26, 311, 273, 187, 166, 1175, 102;
38, 284, 21, 277, 240, 157, 148, 1108, 85;
34, 295, 21, 290, 254, 175, 132, 1153, 83;
30, 296, 19, 273, 240, 163, 117, 1154, 77;
32, 288, 27, 273, 240, 167, 128, 1123, 106;
34, 292, 18, 252, 221, 150, 133, 1139, 70;
32, 290, 23, 258, 228, 160, 127, 1134, 90;
28, 276, 17, 214, 185, 120, 110, 1076, 67;
24, 284, 13, 209, 181, 118, 93, 1109, 53;
1, 256, 1, 1, 1, 1, 6, 1001, 4;
1, 256, 1, 1, 1, 1, 6, 1001, 4;
1, 256, 1, 1, 1, 1, 6, 1001, 4;
1, 256, 0, 0, 0, 0, 4, 999, 2;
1, 256, 0, 0, 0, 0, 5, 1000, 3;
1, 256, 0, -1, -1, -1, 4, 999, 2;
1, 256, 0, -1, -1, -1, 4, 999, 2;
1, 256, 0, 1, 1, 1, 5, 1000, 3;
1, 256, 0, 0, 0, 0, 5, 1000, 3;
1, 256, 0, 0, 0, 0, 5, 999, 3;
1, 256, 0, 0, 0, 0, 5, 1000, 3;
1, 256, 0, 0, 0, 0, 5, 1000, 3;
1, 256, 0, -1, -1, -1, 4, 998, 1;
1, 256, 0, 0, 0, 0, 4, 999, 2;
1, 256, 0, -1, -1, -1, 4, 999, 2;
1, 256, 0, -1, -1, -1, 4, 999, 2;
1, 256, 1, 1, 1, 1, 5, 1000, 3;
1, 256, 0, 0, 0, 0, 4, 999, 2;
1, 256, 0, 0, 0, 0, 5, 1000, 3;
1, 256, 0, 1, 1, 1, 5, 1000, 3;
1, 256, 0, -1, -1, -1, 4, 999, 2;
1, 256, 0, 1, 1, 1, 5, 1000, 3;
1, 256, 0, 0, 0, 0, 5, 1000, 3;
1, 256, 0, 0, 0, 0, 5, 999, 3;
1, 256, 0, 0, 0, 0, 5, 1000, 3;
1, 256, 0, -1, -1, -1, 4, 998, 2;
1, 256, 0, 1, 1, 1, 5, 1000, 3;
1, 256, 0, 1, 1, 1, 5, 1000, 3;
1, 256, 0, 0, 0, 0, 5, 1000, 3;
1, 256, 1, 1, 1, 1, 6, 1000, 4;
1, 256, 0, 0, 0, 0, 4, 999, 2;
1, 256, 1, 1, 1, 1, 6, 1001, 4;
1, 256, 1, 1, 1, 1, 6, 1001, 4;
1, 256, 0, -1, -1, -1, 4, 998, 1;
1, 256, 0, -1, -1, -1, 4, 999, 2;
1, 256, 0, -1, -1, -1, 4, 999, 2;
1, 256, 1, 1, 1, 1, 6, 1000, 4;
1, 256, 0, 0, 0, 0, 4, 999, 2;
1, 256, 1, 1, 1, 1, 6, 1001, 4;
1, 256, 0, 1, 1, 1, 5, 1000, 3;
1, 256, 0, -1, -1, -1, 4, 999, 2;
1, 256, 0, 0, 0, 0, 5, 1000, 3;
1, 256, 0, 0, 0, 0, 4, 999, 2;
1, 256, 0, 1, 1, 1, 5, 1000, 3;
1, 256, 0, 0, 0, 0, 5, 1000, 3;
1, 256, 1, 1, 1, 1, 6, 1000, 4;
1, 256, 0, 0, 0, 0, 5, 1000, 3;
1, 256, 0, 0, 0, 0, 4, 999, 2;
1, 256, 0, 0, 0, 0, 5, 1000, 3;
1, 256, 1, 1, 1, 1, 6, 1000, 4;
1, 256, 1, 1, 1, 1, 6, 1001, 4;
1, 256, 0, 1, 1, 1, 5, 1000, 3;
1, 256, 0, -1, -1, -1, 3, 998, 1;
1, 256, 0, 1, 1, 1, 5, 1000, 3;
1, 256, 0, 0, 0, 0, 5, 1000, 3;
1, 256, 0, 0, 0, 0, 4, 999, 2;
1, 256, 0, 0, 0, 0, 4, 999, 2;
1, 256, 0, 1, 1, 1, 5, 1000, 3;
1, 256, 0, -1, -1, -1, 3, 998, 1;
1, 256, 0, 0, 0, 0, 4, 999, 2;
1, 256, 0, 0, 0, 0, 5, 1000, 3;
1, 256, 0, -1, -1, -1, 3, 998, 1;
1, 256, 1, 1, 1, 1, 5, 1000, 3;
1, 256, 1, 1, 1, 1, 5, 1000, 3;
1, 256, 0, 1, 1, 1, 5, 1000, 3;
1, 256, 0, -1, -1, -1, 4, 999, 2;
1, 256, 0, 0, 0, 0, 4, 999, 2;
1, 256, 0, -1, -1, -1, 4, 999, 2;
1, 256, 0, -1, -1, -1, 4, 998, 2;
1, 256, 0, 0, 0, 0, 4, 999, 2;
1, 256, 0, 1, 1, 1, 5, 1000, 3;
1, 256, 0, -1, -1, -1, 4, 999, 2;
1, 256, 0, 0, 0, 0, 5, 999, 3;
1, 256, 0, 1, 1, 1, 5, 1000, 3;
1, 256, 1, 1, 1, 1, 6, 1000, 4;
1, 256, 0, -1, -1, -1, 4, 998, 2;
1, 256, 0, 0, 0, 0, 4, 999, 2;
1, 256, 1, 1, 1, 1, 6, 1001, 4;
1, 256, 0, 1, 1, 1, 5, 1000, 3;
1, 256, 0, 0, 0, 0, 4, 999, 2;
1, 256, 0, 0, 0, 0, 5, 1000, 3;
1, 256, 0, 1, 1, 1, 5, 1000, 3;
1, 256, 0, -1, -1, -1, 4, 999, 2;
1, 256, 0, 0, 0, 0, 5, 1000, 3;
1, 256, 0, 0, 0, 0, 5, 1000, 3;
1, 256, 0, -1, -1, -1, 4, 999, 2;
1, 256, 0, -1, -1, -1, 3, 998, 1;
1, 256, 0, 0, 0, 0, 4, 999, 2;
1, 256, 1, 1, 1, 1, 5, 1000, 3;
1, 256, 0, 0, 0, 0, 5, 1000, 3;
1, 256, 0, -1, -1, -1, 4, 999, 2;
1, 256, 0, 0, 0, 0, 5, 1000, 3;
1, 256, 0, 0, 0, 0, 5, 1000, 3;
1, 256, 0, 0, 0, 0, 4, 999, 2;
1, 256, 0, 0, 0, 0, 5, 1000, 3;
1, 256, 0, -1, -1, -1, 4, 999, 2;
1, 256, 0, 0, 0, 0, 5, 1000, 3;
1, 256, 0, 0, 0, 0, 4, 999, 2;
1, 256, 0, -1, -1, -1, 3, 998, 1;
1, 256, 1, 1, 1, 1, 6, 1001, 4;
1, 256, 0, 0, 0, 0, 4, 999, 2;
1, 256, 0, -1, -1, -1, 4, 998, 2;
1, 256, 0, 0, 0, 0, 5, 1000, 3;
1, 256, 0, -1, -1, -1, 4, 999, 2;
1, 256, 0, 0, 0, 0, 5, 1000, 3;
1, 256, 0, 0, 0, 0, 5, 1000, 3;
1, 256, 1, 1, 1, 1, 6, 1000, 4;
1, 256, 0, 0, 0, 0, 4, 999, 2;
1, 256, 0, 0, 0, 0, 4, 999, 2;
1, 256, 0, 1, 1, 1, 5, 1000, 3;
1, 256, 0, 0, 0, 0, 5, 1000, 3;
1, 256, 0, -1, -1, -1, 4, 999, 2;
1, 256, 0, 0, 0, 0, 5, 1000, 3;
1, 256, 0, -1, -1, -1, 4, 999, 2;
1, 256, 0, 0, 0, 0, 4, 999, 2;
1, 256, 0, 0, 0, 0, 4, 999, 2;
1, 256, 0, 0, 0, 0, 5, 1000, 3;
1, 256, 0, -1, -1, -1, 4, 999, 2;
1, 256, 0, 0, 0, 0, 5, 1000, 3;
1, 256, 0, -1, -1, -1, 4, 999, 2;
1, 256, 1, 1, 1, 1, 6, 1001, 4;
1, 256, 1, 1, 1, 1, 5, 1000, 3;
1, 256, 0, 1, 1, 1, 5, 1000, 3;
1, 256, 0, 0, 0, 0, 4, 999, 2;
1, 256, 1, 1, 1, 1, 6, 1000, 4;
1, 256, 0, 0, 0, 0, 5, 1000, 3;
1, 256, 1, 1, 1, 1, 6, 1001, 4;
1, 256, 1, 1, 1, 1, 6, 1001, 4;
1, 256, 0, 0, 0, 0, 5, 1000, 3;
1, 256, 0, 0, 0, 0, 5, 1000, 3;
1, 256, 0, -1, -1, -1, 4, 999, 2;
1, 256, 0, 1, 1, 1, 5, 1000, 3;
1, 256, 0, 0, 0, 0, 5, 1000, 3;
1, 256, 1, 1, 1, 1, 6, 1000, 3;
1, 256, 1, 1, 1, 1, 6, 1001, 4;
1, 256, 0, 1, 1, 1, 5, 1000, 3;
1, 256, 1, 1, 1, 1, 6, 1001, 4;
1, 256, 0, 0, 0, 0, 5, 999, 2;
1, 256, 0, 0, 0, 0, 4, 999, 2;
1, 256, 0, 0, 0, 0, 5, 1000, 3;
1, 256, 1, 1, 1, 1, 6, 1001, 4;
1, 256, 0, 0, 0, 0, 5, 1000, 3;
0, 256, 0, -1, -1, -1, 3, 998, 1;
1, 256, 0, 0, 0, 0, 5, 1000, 3;
1, 256, 0, -1, -1, -1, 4, 999, 2;
1, 256, 1, 1, 1, 1, 6, 1001, 4;
1, 256, 0, 0, 0, 0, 5, 1000, 3;
1, 256, 1, 1, 1, 1, 6, 1000, 3;
1, 256, 0, -1, -1, -1, 4, 998, 2;
1, 256, 0, 0, 0, 0, 5, 1000, 3;
1, 256, 1, 1, 1, 1, 6, 1001, 4;
1, 256, 1, 1, 1, 1, 6, 1000, 4;
1, 256, 0, 0, 0, 0, 4, 999, 2;
1, 256, 0, 0, 0, 0, 5, 1000, 3;
1, 256, 0, 0, 0, 0, 5, 1000, 3;
1, 256, 1, 1, 1, 1, 6, 1001, 4;
1, 256, 1, 1, 1, 1, 6, 1001, 4;
1, 256, 0, 0, 0, 0, 5, 999, 3;
1, 256, 0, 0, 0, 0, 4, 999, 2;
1, 256, 1, 1, 1, 1, 6, 1000, 4;
1, 256, 1, 1, 1, 1, 6, 1001, 4;
1, 256, 1, 1, 1, 1, 6, 1000, 4;
1, 256, 1, 1, 1, 1, 6, 1001, 4;
1, 256, 0, 0, 0, 0, 5, 1000, 3;
1, 256, 0, -1, -1, -1, 4, 999, 2;
1, 256, 0, 0, 0, 0, 5, 1000, 3;
1, 256, 0, 0, 0, 0, 5, 1000, 3;
1, 256, 0, 1, 1, 1, 5, 1000, 3;
1, 256, 0, 0, 0, 0, 4, 999, 2;
1, 256, 0, 0, 0, 0, 5, 999, 3;
1, 256, 0, 0, 0, 0, 5, 1000, 3;
1, 256, 1, 1, 1, 1, 6, 1001, 4;
1, 256, 0, -1, -1, -1, 3, 998, 1;
1, 256, 0, -1, -1, -1, 4, 999, 2;
1, 256, 0, 0, 0, 0, 5, 1000, 3;
1, 256, 0, 1, 1, 1, 5, 1000, 3;
1, 256, 0, 0, 0, 0, 5, 1000, 3;
1, 256, 0, -1, -1, -1, 4, 999, 2;
1, 256, 1, 1, 1, 1, 5, 1000, 3;
1, 256, 0, 0, 0, 0, 4, 999, 2;
1, 256, 0, 0, 0, 0, 4, 999, 2;
1, 256, 0, 1, 1, 1, 5, 1000, 3;
1, 256, 0, 1, 1, 1, 5, 1000, 3;
1, 256, 0, 0, 0, 0, 5, 1000, 3;
1, 256, 0, 0, 0, 0, 5, 1000, 3;
1, 256, 0, 1, 1, 1, 5, 1000, 3;
1, 256, 0, 0, 0, 0, 4, 999, 2;
1, 256, 0, 0, 0, 0, 4, 999, 2;
1, 256, 0, -1, -1, -1, 4, 999, 2;
1, 256, 0, 1, 1, 1, 5, 1000, 3;
1, 256, 0, 1, 1, 1, 5, 1000, 3;
1, 256, 0, 0, 0, 0, 5, 1000, 3;
1, 256, 0, -1, -1, -1, 4, 999, 2;
1, 256, 0, -1, -1, -1, 4, 999, 2;
1, 256, 0, 0, 0, 0, 4, 999, 2;
1, 256, 0, 0, 0, 0, 5, 1000, 3;
1, 256, 0, -1, -1, -1, 3, 998, 1;
1, 256, 0, -1, -1, -1, 4, 999, 2;
1, 256, 0, 0, 0, 0, 4, 999, 2;
1, 256, 0, 0, 0, 0, 5, 1000, 3;
1, 256, 1, 1, 1, 1, 6, 1001, 4;
1, 256, 0, 0, 0, 0, 4, 999, 2;
1, 256, 1, 1, 1, 1, 6, 1000, 4;
1, 256, 0, -1, -1, -1, 4, 999, 2;
1, 256, 0, 1, 1, 1, 5, 1000, 3;
1, 256, 0, -1, -1, -1, 4, 999, 2;
1, 256, 0, 0, 0, 0, 5, 1000, 3;
1, 256, 0, 0, 0, 0, 5, 999, 3;
1, 256, 0, 0, 0, 0, 4, 999, 2;
1, 256, 0, 1, 1, 1, 5, 1000, 3;
1, 256, 0, 0, 0, 0, 5, 1000, 3;
1, 256, 0, 0, 0, 0, 4, 999, 2;
1, 256, 1, 1, 1, 1, 6, 1001, 4;
1, 256, 0, 0, 0, 0, 5, 1000, 3;
1, 256, 0, 0, 0, 0, 4, 999, 2;
1, 256, 0, 0, 0, 0, 5, 999, 3;
0, 256, 0, -1, -1, -1, 3, 998, 1;
1, 256, 0, 0, 0, 0, 5, 1000, 3;
1, 256, 1, 1, 1, 1, 6, 1001, 4;
1, 256, 0, 0, 0, 0, 5, 1000, 3;
1, 256, 0, 0, 0, 0, 5, 1000, 3;
1, 256, 0, 0, 0, 0, 4, 999, 2;
1, 256, 0, 1, 1, 1, 5, 1000, 3;
1, 256, 0, -1, -1, -1, 4, 999, 2;
1, 256, 0, 0, 0, 0, 5, 1000, 3;
1, 256, 0, 0, 0, 0, 4, 999, 2;
1, 256, 0, -1, -1, -1, 4, 999, 2;
1, 256, 0, 0, 0, 0, 5, 1000, 3;
1, 256, 0, 0, 0, 0, 5, 1000, 3;
1, 256, 0, 1, 1, 1, 5, 1000, 3;
1, 256, 0, -1, -1, -1, 4, 999, 2;
1, 256, 0, 1, 1, 1, 5, 1000, 3;
1, 256, 0, 1, 1, 1, 5, 1000, 3;
1, 256, 0, 0, 0, 0, 5, 1000, 3;
1, 256, 0, 0, 0, 0, 5, 999, 3;
1, 256, 0, 0, 0, 0, 5, 1000, 3;
1, 256, 0, 0, 0, 0, 5, 1000, 3;
1, 256, 0, 0, 0, 0, 5, 1000, 3;
1, 256, 0, 0, 0, 0, 5, 1000, 3;
1, 256, 0, -1, -1, -1, 4, 999, 2;
1, 256, 0, -1, -1, -1, 3, 998, 1;
1, 256, 0, 0, 0, 0, 5, 1000, 3;
1, 256, 0, 0, 0, 0, 5, 1000, 3;
1, 256, 0, 0, 0, 0, 5, 1000, 3;
1, 256, 0, -1, -1, -1, 4, 999, 2;
1, 256, 0, -1, -1, -1, 3, 998, 1;
1, 256, 0, 0, 0, 0, 4, 999, 2;
1, 256, 0, 0, 0, 0, 5, 1000, 3;
1, 256, 0, 0, 0, 0, 5, 1000, 3;
1, 256, 0, 0, 0, 0, 4, 999, 2;
1, 256, 0, 1, 1, 1, 5, 1000, 3;
1, 256, 0, 1, 1, 1, 5, 1000, 3;
1, 256, 0, -1, -1, -1, 3, 998, 1;
1, 256, 0, 1, 1, 1, 5, 1000, 3;
1, 256, 0, 0, 0, 0, 5, 1000, 3;
1, 256, 0, 0, 0, 0, 5, 1000, 3;
1, 256, 0, 1, 1, 1, 5, 1000, 3;
1, 256, 0, 1, 1, 1, 5, 1000, 3;
1, 256, 0, 0, 0, 0, 4, 999, 2;
1, 256, 1, 1, 1, 1, 6, 1001, 4;
1, 256, 0, 0, 0, 0, 4, 999, 2;
1, 256, 0, 0, 0, 0, 4, 999, 2;
1, 256, 0, 0, 0, 0, 4, 999, 2;
1, 256, 0, 0, 0, 0, 5, 1000, 3;
1, 256, 0, 0, 0, 0, 5, 1000, 3;
1, 256, 0, 0, 0, 0, 4, 999, 2;
1, 256, 1, 1, 1, 1, 6, 1001, 4;
1, 256, 0, -1, -1, -1, 4, 999, 2;
1, 256, 0, 0, 0, 0, 5, 1000, 3;
1, 256, 0, 0, 0, 0, 5, 999, 3;
1, 256, 1, 1, 1, 1, 6, 1001, 4;
1, 256, 0, 0, 0, 0, 4, 999, 2;
1, 256, 0, -1, -1, -1, 4, 999, 2;
1, 256, 0, -1, -1, -1, 4, 999, 2;
1, 256, 0, -1, -1, -1, 4, 999, 2;
1, 256, 0, -1, -1, -1, 4, 999, 2;
1, 256, 0, 0, 0, 0, 4, 999, 2;
1, 256, 0, 0, 0, 0, 4, 999, 2;
1, 256, 0, 0, 0, 0, 5, 1000, 3;
1, 256, 0, -1, -1, -1, 4, 999, 2;
1, 256, 0, 0, 0, 0, 5, 1000, 3;
1, 256, 1, 1, 1, 1, 6, 1001, 4;
1, 256, 1, 1, 1, 1, 6, 1000, 3;
1, 256, 0, -1, -1, -1, 3, 998, 1;
1, 256, 0, 1, 1, 1, 5, 1000, 3;
1, 256, 0, -1, -1, -1, 4, 999, 2;
1, 256, 0, 1, 1, 1, 5, 1000, 3;
1, 256, 0, 0, 0, 0, 4, 999, 2;
1, 256, 0, 0, 0, 0, 5, 1000, 3;
1, 256, 0, 0, 0, 0, 5, 1000, 3;
1, 256, 0, 0, 0, 0, 5, 1000, 3;
1, 256, 0, -1, -1, -1, 4, 999, 2;
1, 256, 1, 1, 1, 1, 6, 1000, 4;
1, 256, 1, 1, 1, 1, 6, 1001, 4;
1, 256, 0, -1, -1, -1, 4, 999, 2;
1, 256, 0, -1, -1, -1, 4, 999, 2;
1, 256, 0, -1, -1, -1, 3, 998, 1;
1, 256, 0, -1, -1, -1, 4, 999, 2;
1, 256, 0, 1, 1, 1, 5, 1000, 3;
1, 256, 0, 0, 0, 0, 5, 1000, 3;
1, 256, 0, -1, -1, -1, 4, 999, 2;
1, 256, 0, -1, -1, -1, 4, 999, 2;
1, 256, 1, 1, 1, 1, 6, 1001, 4;
1, 256, 0, -1, -1, -1, 4, 999, 2;
1, 256, 0, 0, 0, 0, 5, 1000, 3;
1, 256, 1, 1, 1, 1, 6, 1001, 4;
1, 256, 0, 0, 0, 0, 5, 1000, 3;
1, 256, 0, 0, 0, 0, 5, 1000, 3;
1, 256, 0, 0, 0, 0, 4, 999, 2;
1, 256, 0, 0, 0, 0, 4, 999, 2;
1, 256, 0, 0, 0, 0, 5, 1000, 3;
1, 256, 0, 0, 0, 0, 4, 999, 2;
1, 256, 0, 0, 0, 0, 5, 1000, 3;
1, 256, 0, -1, -1, -1, 4, 998, 2;
1, 256, 0, -1, -1, -1, 3, 998, 1;
1, 256, 0, -1, -1, -1, 4, 999, 2;
1, 256, 0, -1, -1, -1, 4, 999, 2;
1, 256, 0, 0, 0, 0, 5, 1000, 3;
1, 256, 0, 1, 1, 1, 5, 1000, 3;
1, 256, 0, 0, 0, 0, 5, 1000, 3;
1, 256, 0, 0, 0, 0, 5, 1000, 3;
1, 256, 0, 0, 0, 0, 5, 1000, 3;
1, 256, 0, 0, 0, 0, 5, 1000, 3;
1, 256, 0, 0, 0, 0, 4, 999, 2;
1, 256, 0, 0, 0, 0, 4, 999, 2;
1, 256, 0, 0, 0, 0, 5, 1000, 3;
1, 256, 0, 1, 1, 1, 5, 1000, 3;
1, 256, 0, 0, 0, 0, 5, 1000, 3;
1, 256, 0, -1, -1, -1, 4, 998, 2;
1, 256, 0, 0, 0, 0, 4, 999, 2;
1, 256, 0, 0, 0, 0, 4, 999, 2;
1, 256, 0, 1, 1, 1, 5, 1000, 3;
1, 256, 0, 0, 0, 0, 5, 999, 3;
1, 256, 1, 1, 1, 1, 6, 1001, 4;
1, 256, 0, 0, 0, 0, 4, 999, 2;
1, 256, 1, 1, 1, 1, 6, 1000, 4;
1, 256, 0, -1, -1, -1, 4, 999, 2;
1, 256, 0, 0, 0, 0, 5, 1000, 3;
1, 256, 1, 1, 1, 1, 6, 1001, 4;
1, 256, 1, 1, 1, 1, 6, 1001, 4;
1, 256, 0, -1, -1, -1, 4, 998, 2;
1, 256, 0, 0, 0, 0, 5, 1000, 3;
1, 256, 0, -1, -1, -1, 4, 999, 2;
1, 256, 0, 0, 0, 0, 4, 999, 2;
1, 256, 0, 0, 0, 0, 4, 999, 2;
1, 256, 0, 0, 0, 0, 5, 1000, 3;
1, 256, 0, 1, 1, 1, 5, 1000, 3;
1, 256, 0, 0, 0, 0, 5, 1000, 3;
1, 256, 0, -1, -1, -1, 4, 999, 2;
1, 256, 1, 1, 1, 1, 6, 1000, 4;
1, 256, 0, -1, -1, -1, 4, 998, 2;
1, 256, 0, 0, 0, 0, 5, 1000, 3;
1, 256, 0, 0, 0, 0, 5, 1000, 3;
1, 256, 0, 0, 0, 0, 4, 999, 2;
1, 256, 0, 0, 0, 0, 5, 999, 3;
1, 256, 0, 1, 1, 1, 5, 1000, 3;
1, 256, 0, -1, -1, -1, 4, 998, 2;
1, 256, 0, -1, -1, -1, 4, 999, 2;
1, 256, 0, -1, -1, -1, 4, 999, 2;
1, 256, 1, 1, 1, 1, 6, 1001, 4;
1, 256, 1, 1, 1, 1, 6, 1000, 3;
1, 256, 0, -1, -1, -1, 4, 999, 2;
1, 256, 0, 0, 0, 0, 5, 999, 2;
1, 256, 0, 0, 0, 0, 4, 999, 2;
1, 256, 0, 0, 0, 0, 5, 1000, 3;
1, 256, 0, 0, 0, 0, 5, 1000, 3;
1, 256, 0, -1, -1, -1, 4, 999, 2;
1, 256, 0, 0, 0, 0, 5, 999, 3;
1, 256, 0, 1, 1, 1, 5, 1000, 3;
1, 256, 0, -1, -1, -1, 4, 999, 2;
1, 256, 0, 0, 0, 0, 5, 1000, 3;
1, 256, 0, 0, 0, 0, 5, 1000, 3;
1, 256, 0, 0, 0, 0, 4, 999, 2;
1, 256, 0, 0, 0, 0, 4, 999, 2;
1, 256, 0, -1, -1, -1, 4, 999, 2;
1, 256, 0, 0, 0, 0, 4, 999, 2;
1, 256, 0, -1, -1, -1, 4, 999, 2;
1, 256, 0, -1, -1, -1, 4, 999, 2;
1, 256, 1, 1, 1, 1, 6, 1001, 4;
1, 256, 0, 0, 0, 0, 4, 999, 2;
1, 256, 0, 0, 0, 0, 5, 1000, 3;
1, 256, 0, 1, 1, 1, 5, 1000, 3;
1, 256, 0, -1, -1, -1, 4, 998, 2;
1, 256, 0, -1, -1, -1, 4, 999, 2;
0, 256, 0, -1, -1, -1, 3, 998, 1;
1, 256, 1, 1, 1, 1, 6, 1001, 4;
1, 256, 0, 0, 0, 0, 5, 1000, 3;
1, 256, 0, -1, -1, -1, 4, 999, 2;
1, 256, 0, 0, 0, 0, 5, 1000, 3;
1, 256, 0, 0, 0, 0, 5, 1000, 3;
1, 256, 0, 0, 0, 0, 4, 999, 2;
1, 256, 0, 0, 0, 0, 5, 999, 3;
1, 256, 0, 1, 1, 1, 5, 1000, 3;
1, 256, 0, 0, 0, 0, 5, 1000, 3;
1, 256, 0, 1, 1, 1, 5, 1000, 3;
1, 256, 0, 0, 0, 0, 5, 1000, 3;
1, 256, 0, -1, -1, -1, 4, 999, 2;
1, 256, 0, 0, 0, 0, 4, 999, 2;
1, 256, 0, 0, 0, 0, 5, 1000, 3;
1, 256, 0, 0, 0, 0, 5, 999, 2;
1, 256, 0, -1, -1, -1, 4, 999, 2;
1, 256, 0, 1, 1, 1, 5, 1000, 3;
1, 256, 1, 1, 1, 1, 6, 1001, 4;
1, 256, 1, 1, 1, 1, 6, 1001, 4;
1, 256, 1, 1, 1, 1, 6, 1001, 4;
1, 256, 0, 1, 1, 1, 5, 1000, 3;
1, 256, 0, 0, 0, 0, 4, 999, 2;
1, 256, 1, 1, 1, 1, 6, 1000, 4;
1, 256, 0, 0, 0, 0, 5, 1000, 3;
1, 256, 0, -1, -1, -1, 4, 999, 2;
1, 256, 0, 0, 0, 0, 4, 999, 2;
1, 256, 0, -1, -1, -1, 4, 999, 2;
1, 256, 0, 0, 0, 0, 5, 1000, 3;
1, 256, 1, 1, 1, 1, 5, 1000, 3;
1, 256, 0, 1, 1, 1, 5, 1000, 3;
1, 256, 1, 1, 1, 1, 5, 1000, 3;
1, 256, 0, -1, -1, -1, 4, 999, 2;
1, 256, 0, 0, 0, 0, 4, 999, 2;
1, 256, 0, 0, 0, 0, 4, 999, 2;
1, 256, 0, -1, -1, -1, 4, 999, 2;
1, 256, 0, 0, 0, 0, 4, 999, 2;
1, 256, 0, 0, 0, 0, 4, 999, 2;
1, 256, 0, 0, 0, 0, 5, 1000, 3;
1, 256, 0, -1, -1, -1, 4, 998, 2;
1, 256, 0, 1, 1, 1, 5, 1000, 3;
1, 256, 1, 1, 1, 1, 6, 1000, 3;
1, 256, 1, 1, 1, 1, 6, 1001, 4;
1, 256, 0, -1, -1, -1, 4, 999, 2;
1, 256, 0, 0, 0, 0, 5, 1000, 3;
1, 256, 1, 1, 1, 1, 6, 1001, 4;
1, 256, 0, 0, 0, 0, 4, 999, 2;
1, 256, 0, 0, 0, 0, 4, 999, 2;
1, 256, 0, 0, 0, 0, 4, 999, 2;
1, 256, 1, 1, 1, 1, 6, 1001, 4;
1, 256, 0, 0, 0, 0, 5, 1000, 3;
1, 256, 1, 1, 1, 1, 6, 1001, 4;
1, 256, 0, 1, 1, 1, 5, 1000, 3;
1, 256, 0, -1, -1, -1, 4, 999, 2;
1, 256, 0, 0, 0, 0, 5, 1000, 3;
1, 256, 0, 0, 0, 0, 5, 1000, 3;
1, 256, 1, 1, 1, 1, 6, 1001, 4;
1, 256, 0, 0, 0, 0, 4, 999, 2;
1, 256, 0, 0, 0, 0, 5, 1000, 3;
1, 256, 0, 0, 0, 0, 5, 1000, 3;
1, 256, 0, 0, 0, 0, 4, 999, 2;
1, 256, 0, 1, 1, 1, 5, 1000, 3;
1, 256, 0, 0, 0, 0, 5, 999, 3;
1, 256, 0, -1, -1, -1, 4, 999, 2;
1, 256, 0, -1, -1, -1, 4, 999, 2;
1, 256, 0, -1, -1, -1, 4, 999, 2;
1, 256, 1, 1, 1, 1, 6, 1001, 4;
1, 256, 0, 0, 0, 0, 4, 999, 2;
1, 256, 0, 0, 0, 0, 5, 1000, 3;
1, 256, 0, -1, -1, -1, 3, 998, 1;
1, 256, 0, -1, -1, -1, 4, 999, 2;
1, 256, 0, -1, -1, -1, 4, 999, 2;
1, 256, 1, 1, 1, 1, 5, 1000, 3;
1, 256, 0, 0, 0, 0, 4, 999, 2;
1, 256, 0, 0, 0, 0, 5, 1000, 3;
1, 256, 0, 0, 0, 0, 4, 999, 2;
1, 256, 0, 0, 0, 0, 4, 999, 2;
1, 256, 0, -1, -1, -1, 4, 999, 2;
1, 256, 1, 1, 1, 1, 6, 1001, 4;
1, 256, 0, -1, -1, -1, 4, 998, 1;
1, 256, 0, 1, 1, 1, 5, 1000, 3;
1, 256, 0, 0, 0, 0, 4, 999, 2;
1, 256, 0, 0, 0, 0, 5, 1000, 3;
1, 256, 0, 0, 0, 0, 5, 1000, 3;
1, 256, 0, -1, -1, -1, 4, 998, 2;
1, 256, 0, 0, 0, 0, 4, 999, 2;
1, 256, 1, 1, 1, 1, 6, 1001, 4;
1, 256, 0, 0, 0, 0, 5, 1000, 3;
1, 256, 0, 0, 0, 0, 5, 999, 3;
1, 256, 1, 1, 1, 1, 5, 1000, 3;
1, 256, 0, 0, 0, 0, 5, 1000, 3;
1, 256, 0, 0, 0, 0, 5, 999, 2;
1, 256, 0, 0, 0, 0, 5, 1000, 3;
1, 256, 0, 0, 0, 0, 5, 999, 3;
1, 256, 0, 0, 0, 0, 4, 999, 2;
0, 256, 0, -1, -1, -1, 3, 998, 1;
1, 256, 1, 1, 1, 1, 6, 1000, 3;
1, 256, 0, 1, 1, 1, 5, 1000, 3;
1, 256, 0, -1, -1, -1, 4, 999, 2;
1, 256, 0, -1, -1, -1, 4, 999, 2;
1, 256, 0, 0, 0, 0, 4, 999, 2;
1, 256, 0, 0, 0, 0, 5, 1000, 3;
1, 256, 0, -1, -1, -1, 4, 999, 2;
1, 256, 0, 0, 0, 0, 5, 1000, 3;
1, 256, 0, -1, -1, -1, 4, 999, 2;
1, 256, 0, -1, -1, -1, 3, 998, 1;
1, 256, 0, 0, 0, 0, 4, 999, 2;
1, 256, 0, -1, -1, -1, 4, 998, 2;
1, 256, 0, 0, 0, 0, 4, 999, 2;
1, 256, 0, 1, 1, 1, 5, 1000, 3;
1, 256, 0, -1, -1, -1, 4, 999, 2;
1, 256, 1, 1, 1, 1, 6, 1000, 4;
1, 256, 0, -1, -1, -1, 3, 998, 1;
1, 256, 0, 0, 0, 0, 4, 999, 2;
1, 256, 0, 0, 0, 0, 5, 999, 3;
1, 256, 0, -1, -1, -1, 4, 999, 2;
1, 256, 0, 0, 0, 0, 4, 999, 2;
1, 256, 1, 1, 1, 1, 6, 1000, 4;
1, 256, 0, 1, 1, 1, 5, 1000, 3;
1, 256, 0, 0, 0, 0, 5, 1000, 3;
1, 256, 1, 1, 1, 1, 6, 1001, 4;
1, 256, 0, 0, 0, 0, 4, 999, 2;
1, 256, 0, 0, 0, 0, 5, 1000, 3;
1, 256, 0, 0, 0, 0, 4, 999, 2;
1, 256, 0, 0, 0, 0, 4, 999, 2;
1, 256, 0, 0, 0, 0, 4, 999, 2;
1, 256, 0, 0, 0, 0, 4, 999, 2;
1, 256, 0, 0, 0, 0, 4, 999, 2;
1, 256, 0, -1, -1, -1, 4, 999, 2;
1, 256, 1, 1, 1, 1, 6, 1001, 4;
1, 256, 0, 0, 0, 0, 5, 999, 2;
1, 256, 0, 0, 0, 0, 5, 1000, 3;
1, 256, 0, 0, 0, 0, 5, 1000, 3;
1, 256, 0, -1, -1, -1, 4, 998, 1;
0, 256, 0, -1, -1, -1, 3, 998, 1;
1, 256, 0, 0, 0, 0, 4, 999, 2;
1, 256, 0, 1, 1, 1, 5, 1000, 3;
1, 256, 0, -1, -1, -1, 3, 998, 1;
1, 256, 0, 0, 0, 0, 4, 999, 2;
1, 256, 0, 0, 0, 0, 5, 1000, 3;
1, 256, 0, 0, 0, 0, 5, 1000, 3;
1, 256, 1, 1, 1, 1, 5, 1000, 3;
1, 256, 0, -1, -1, -1, 4, 999, 2;
1, 256, 0, 0, 0, 0, 5, 1000, 3;
1, 256, 0, -1, -1, -1, 4, 999, 2;
1, 256, 0, 0, 0, 0, 5, 1000, 3;
1, 256, 1, 1, 1, 1, 5, 1000, 3;
1, 256, 0, 0, 0, 0, 5, 1000, 3;
1, 256, 0, 0, 0, 0, 4, 999, 2;
1, 256, 0, 0, 0, 0, 5, 1000, 3;
1, 256, 0, -1, -1, -1, 4, 998, 1;
1, 256, 1, 1, 1, 1, 6, 1000, 4;
1, 256, 0, 0, 0, 0, 4, 999, 2;
1, 256, 0, -1, -1, -1, 4, 998, 2;
1, 256, 0, 0, 0, 0, 4, 999, 2;
1, 256, 1, 1, 1, 1, 6, 1001, 4;
1, 256, 0, 0, 0, 0, 4, 999, 2;
1, 256, 0, 0, 0, 0, 5, 1000, 3;
0, 256, 0, -1, -1, -1, 3, 998, 1;
1, 256, 0, 0, 0, 0, 5, 1000, 3;
1, 256, 0, 0, 0, 0, 4, 999, 2;
1, 256, 0, -1, -1, -1, 4, 999, 2;
1, 256, 0, 0, 0, 0, 5, 1000, 3;
1, 256, 0, 0, 0, 0, 5, 1000, 3;
1, 256, 1, 1, 1, 1, 6, 1001, 4;
1, 256, 0, 1, 1, 1, 5, 1000, 3;
1, 256, 0, 0, 0, 0, 5, 1000, 3;
1, 256, 0, 0, 0, 0, 5, 1000, 3;
1, 256, 0, 0, 0, 0, 5, 1000, 3;
1, 256, 0, 0, 0, 0, 5, 999, 3;
1, 256, 0, 0, 0, 0, 5, 1000, 3;
1, 256, 0, -1, -1, -1, 4, 999, 2;
1, 256, 0, 0, 0, 0, 5, 999, 2;
1, 256, 0, 0, 0, 0, 4, 999, 2;
1, 256, 0, -1, -1, -1, 4, 998, 1;
1, 256, 0, 0, 0, 0, 4, 999, 2;
1, 256, 0, 0, 0, 0, 4, 999, 2;
1, 256, 0, -1, -1, -1, 4, 999, 2;
1, 256, 0, -1, -1, -1, 4, 999, 2;
1, 256, 0, 0, 0, 0, 5, 1000, 3;
1, 256, 1, 1, 1, 1, 6, 1001, 4;
1, 256, 0, -1, -1, -1, 4, 998, 2;
1, 256, 0, 0, 0, 0, 4, 999, 2;
1, 256, 0, 0, 0, 0, 4, 999, 2;
1, 256, 0, 0, 0, 0, 4, 999, 2;
1, 256, 1, 1, 1, 1, 6, 1001, 4;
1, 256, 0, 0, 0, 0, 4, 999, 2;
1, 256, 1, 1, 1, 1, 6, 1000, 4;
1, 256, 0, 0, 0, 0, 4, 999, 2;
1, 256, 0, -1, -1, -1, 4, 999, 2;
1, 256, 0, 0, 0, 0, 4, 999, 2;
1, 256, 0, 1, 1, 1, 5, 1000, 3;
1, 256, 1, 1, 1, 1, 5, 1000, 3;
1, 256, 0, 0, 0, 0, 5, 1000, 3;
1, 256, 0, -1, -1, -1, 4, 998, 1;
1, 256, 0, 0, 0, 0, 5, 1000, 3;
1, 256, 0, 0, 0, 0, 4, 999, 2;
1, 256, 0, 0, 0, 0, 5, 1000, 3;
1, 256, 0, 0, 0, 0, 5, 1000, 3;
1, 256, 0, 0, 0, 0, 4, 999, 2;
1, 256, 0, 0, 0, 0, 4, 999, 2;
1, 256, 0, -1, -1, -1, 3, 998, 1;
1, 256, 0, 0, 0, 0, 5, 999, 2;
1, 256, 0, 0, 0, 0, 5, 999, 3;
1, 256, 0, 0, 0, 0, 4, 999, 2;
1, 256, 0, -1, -1, -1, 4, 999, 2;
1, 256, 0, 0, 0, 0, 4, 999, 2;
1, 256, 1, 1, 1, 1, 6, 1001, 4;
1, 256, 0, 0, 0, 0, 5, 1000, 3;
1, 256, 1, 1, 1, 1, 6, 1001, 4;
1, 256, 0, -1, -1, -1, 3, 998, 1;
1, 256, 0, 0, 0, 0, 5, 1000, 3;
1, 256, 0, -1, -1, -1, 3, 998, 1;
1, 256, 0, 1, 1, 1, 5, 1000, 3;
1, 256, 0, 1, 1, 1, 5, 1000, 3;
1, 256, 0, 0, 0, 0, 5, 1000, 3;
1, 256, 0, -1, -1, -1, 3, 998, 1;
1, 256, 0, -1, -1, -1, 3, 998, 1;
1, 256, 0, -1, -1, -1, 4, 999, 2;
1, 256, 0, 0, 0, 0, 4, 999, 2;
1, 256, 0, 1, 1, 1, 5, 1000, 3;
1, 256, 1, 1, 1, 1, 6, 1000, 4;
1, 256, 0, 0, 0, 0, 5, 999, 2;
1, 256, 0, 0, 0, 0, 4, 999, 2;
1, 256, 1, 1, 1, 1, 6, 1001, 4;
1, 256, 0, 0, 0, 0, 5, 1000, 3;
1, 256, 0, 0, 0, 0, 5, 1000, 3;
1, 256, 0, 0, 0, 0, 4, 999, 2;
1, 256, 1, 1, 1, 1, 5, 1000, 3;
1, 256, 0, 0, 0, 0, 4, 999, 2;
1, 256, 0, -1, -1, -1, 4, 999, 2;
1, 256, 0, 0, 0, 0, 5, 1000, 3;
1, 256, 0, 0, 0, 0, 4, 999, 2;
1, 256, 0, 0, 0, 0, 4, 999, 2;
1, 256, 0, -1, -1, -1, 4, 999, 2;
1, 256, 0, 0, 0, 0, 5, 1000, 3;
1, 256, 1, 1, 1, 1, 6, 1000, 3;
1, 256, 0, -1, -1, -1, 4, 998, 2;
1, 256, 0, -1, -1, -1, 4, 999, 2;
1, 256, 1, 1, 1, 1, 6, 1001, 4;
1, 256, 0, 0, 0, 0, 5, 1000, 3;
1, 256, 0, 0, 0, 0, 4, 999, 2;
1, 256, 0, 0, 0, 0, 5, 1000, 3;
1, 256, 0, 1, 1, 1, 5, 1000, 3;
1, 256, 1, 1, 1, 1, 5, 1000, 3;
1, 256, 1, 1, 1, 1, 6, 1001, 4;
1, 256, 0, 0, 0, 0, 4, 999, 2;
1, 256, 1, 1, 1, 1, 6, 1001, 4;
1, 256, 0, 0, 0, 0, 5, 1000, 3;
1, 256, 0, 0, 0, 0, 5, 1000, 3;
1, 256, 0, 1, 1, 1, 5, 1000, 3;
1, 256, 0, 0, 0, 0, 5, 999, 3;
1, 256, 0, 1, 1, 1, 5, 1000, 3;
1, 256, 0, -1, -1, -1, 4, 999, 2;
1, 256, 0, 0, 0, 0, 5, 999, 3;
1, 256, 1, 1, 1, 1, 6, 1001, 4;
1, 256, 0, 0, 0, 0, 4, 999, 2;
1, 256, 0, -1, -1, -1, 4, 999, 2;
1, 256, 0, -1, -1, -1, 3, 998, 1;
1, 256, 0, 0, 0, 0, 5, 1000, 3;
1, 256, 0, 0, 0, 0, 4, 999, 2;
1, 256, 0, -1, -1, -1, 3, 998, 1;
1, 256, 0, 0, 0, 0, 5, 1000, 3;
1, 256, 0, 0, 0, 0, 5, 999, 3;
1, 256, 1, 1, 1, 1, 6, 1000, 3;
1, 256, 0, 0, 0, 0, 5, 1000, 3;
1, 256, 0, 0, 0, 0, 5, 1000, 3;
1, 256, 0, 0, 0, 0, 5, 1000, 3;
1, 256, 0, 0, 0, 0, 5, 1000, 3;
1, 256, 0, 1, 1, 1, 5, 1000, 3;
1, 256, 0, 0, 0, 0, 5, 1000, 3;
1, 256, 1, 1, 1, 1, 6, 1000, 3;
1, 256, 0, 0, 0, 0, 5, 1000, 3;
1, 256, 0, 1, 1, 1, 5, 1000, 3;
1, 256, 0, 0, 0, 0, 4, 999, 2;
1, 256, 0, 1, 1, 1, 5, 1000, 3;
1, 256, 0, 0, 0, 0, 4, 999, 2;
1, 256, 0, -1, -1, -1, 4, 999, 2;
1, 256, 1, 1, 1, 1, 6, 1001, 4;
1, 256, 1, 1, 1, 1, 6, 1001, 4;
1, 256, 0, 0, 0, 0, 4, 999, 2;
1, 256, 0, 0, 0, 0, 4, 999, 2;
1, 256, 0, -1, -1, -1, 4, 999, 2;
1, 256, 0, 0, 0, 0, 4, 999, 2;
1, 256, 1, 1, 1, 1, 6, 1000, 3;
1, 256, 0, 0, 0, 0, 5, 1000, 3;
1, 256, 0, 0, 0, 0, 5, 1000, 3;
1, 256, 0, 0, 0, 0, 5, 999, 3;
0, 256, 0, -1, -1, -1, 3, 998, 1;
1, 256, 1, 1, 1, 1, 6, 1001, 4;
1, 256, 0, 1, 1, 1, 5, 1000, 3;
1, 256, 1, 1, 1, 1, 6, 1000, 3;
1, 256, 0, 0, 0, 0, 5, 1000, 3;
1, 256, 1, 1, 1, 1, 5, 1000, 3;
1, 256, 0, 1, 1, 1, 5, 1000, 3;
1, 256, 0, 0, 0, 0, 4, 999, 2;
1, 256, 1, 1, 1, 1, 6, 1001, 4;
1, 256, 0, 0, 0, 0, 5, 1000, 3;
1, 256, 0, -1, -1, -1, 3, 998, 1;
1, 256, 0, 0, 0, 0, 5, 999, 2;
1, 256, 0, -1, -1, -1, 4, 999, 2;
1, 256, 0, 0, 0, 0, 4, 999, 2;
1, 256, 0, 0, 0, 0, 4, 999, 2;
1, 256, 0, 0, 0, 0, 5, 1000, 3;
1, 256, 0, 0, 0, 0, 5, 1000, 3;
1, 256, 1, 1, 1, 1, 6, 1000, 4;
1, 256, 0, -1, -1, -1, 3, 998, 1;
1, 256, 0, 0, 0, 0, 5, 1000, 3;
1, 256, 0, 0, 0, 0, 4, 999, 2;
1, 256, 0, 0, 0, 0, 5, 1000, 3;
1, 256, 0, 0, 0, 0, 5, 1000, 3;
1, 256, 0, 0, 0, 0, 5, 1000, 3;
1, 256, 0, 0, 0, 0, 4, 999, 2;
1, 256, 0, -1, -1, -1, 3, 998, 1;
1, 256, 0, 0, 0, 0, 5, 1000, 3;
1, 256, 0, 1, 1, 1, 5, 1000, 3;
1, 256, 0, 0, 0, 0, 4, 999, 2;
0, 256, 0, -1, -1, -1, 3, 998, 1;
1, 256, 0, 0, 0, 0, 4, 999, 2;
1, 256, 0, -1, -1, -1, 4, 999, 2;
1, 256, 0, 0, 0, 0, 5, 1000, 3;
1, 256, 0, -1, -1, -1, 4, 999, 2;
0, 256, 0, -1, -1, -1, 3, 998, 1;
1, 256, 0, -1, -1, -1, 4, 999, 2;
1, 256, 0, 0, 0, 0, 5, 1000, 3;
1, 256, 0, 1, 1, 1, 5, 1000, 3;
1, 256, 0, 0, 0, 0, 4, 999, 2;
1, 256, 0, 0, 0, 0, 4, 999, 2;
1, 256, 1, 1, 1, 1, 6, 1001, 4;
1, 256, 0, 0, 0, 0, 4, 999, 2;
1, 256, 1, 1, 1, 1, 6, 1001, 4;
1, 256, 1, 1, 1, 1, 6, 1001, 4;
0, 256, 0, -1, -1, -1, 3, 998, 1;
1, 256, 0, 0, 0, 0, 4, 999, 2;
1, 256, 0, 0, 0, 0, 5, 1000, 3;
1, 256, 0, 0, 0, 0, 4, 999, 2;
1, 256, 0, -1, -1, -1, 4, 999, 2;
1, 256, 0, 0, 0, 0, 4, 999, 2;
1, 256, 0, 0, 0, 0, 4, 999, 2;
1, 256, 1, 1, 1, 1, 6, 1001, 4;
1, 256, 1, 1, 1, 1, 6, 1001, 4;
1, 256, 0, 0, 0, 0, 4, 999, 2;
1, 256, 0, -1, -1, -1, 4, 999, 2;
1, 256, 0, 1, 1, 1, 5, 1000, 3;
1, 256, 0, -1, -1, -1, 4, 999, 2;
1, 256, 0, 0, 0, 0, 4, 999, 2;
0, 256, 0, -1, -1, -1, 3, 998, 1;
1, 256, 0, -1, -1, -1, 4, 999, 2;
1, 256, 0, 0, 0, 0, 5, 1000, 3;
1, 256, 0, 0, 0, 0, 4, 999, 2;
1, 256, 1, 1, 1, 1, 6, 1001, 4;
1, 256, 0, 0, 0, 0, 5, 1000, 3;
1, 256, 0, 0, 0, 0, 4, 999, 2;
1, 256, 0, -1, -1, -1, 4, 999, 2;
1, 256, 0, 0, 0, 0, 4, 999, 2;
1, 256, 0, -1, -1, -1, 4, 999, 2;
1, 256, 0, 0, 0, 0, 5, 1000, 3;
1, 256, 0, 0, 0, 0, 5, 1000, 3;
1, 256, 0, 0, 0, 0, 5, 1000, 3;
1, 256, 0, 0, 0, 0, 5, 1000, 3;
1, 256, 1, 1, 1, 1, 6, 1001, 4;
1, 256, 0, 0, 0, 0, 4, 999, 2;
1, 256, 1, 1, 1, 1, 6, 1000, 4;
1, 256, 0, 0, 0, 0, 4, 999, 2;
1, 256, 0, -1, -1, -1, 4, 999, 2;
1, 256, 0, 1, 1, 1, 5, 1000, 3;
1, 256, 0, 0, 0, 0, 5, 1000, 3;
1, 256, 0, -1, -1, -1, 4, 999, 2;
1, 256, 0, -1, -1, -1, 4, 999, 2;
1, 256, 0, 0, 0, 0, 4, 999, 2;
1, 256, 1, 1, 1, 1, 6, 1001, 4;
1, 256, 0, -1, -1, -1, 4, 998, 2;
1, 256, 0, 0, 0, 0, 4, 999, 2;
1, 256, 0, 0, 0, 0, 5, 1000, 3;
1, 256, 1, 1, 1, 1, 6, 1000, 4;
1, 256, 0, 0, 0, 0, 4, 999, 2;
1, 256, 0, 0, 0, 0, 4, 999, 2;
1, 256, 0, -1, -1, -1, 4, 999, 2;
1, 256, 0, 0, 0, 0, 5, 1000, 3;
1, 256, 0, -1, -1, -1, 4, 999, 2;
1, 256, 0, 0, 0, 0, 5, 1000, 3;
1, 256, 1, 1, 1, 1, 6, 1000, 4;
1, 256, 0, 1, 1, 1, 5, 1000, 3;
1, 256, 0, 0, 0, 0, 5, 1000, 3;
1, 256, 0, 0, 0, 0, 4, 999, 2;
1, 256, 0, -1, -1, -1, 4, 999, 2;
1, 256, 0, 0, 0, 0, 5, 999, 3;
1, 256, 0, 0, 0, 0, 4, 999, 2;
1, 256, 0, 0, 0, 0, 4, 999, 2;
1, 256, 0, 0, 0, 0, 5, 1000, 3;
1, 256, 0, 0, 0, 0, 4, 999, 2;
1, 256, 0, 0, 0, 0, 5, 1000, 3;
1, 256, 0, -1, -1, -1, 4, 999, 2;
1, 256, 0, 1, 1, 1, 5, 1000, 3;
1, 256, 0, 0, 0, 0, 4, 999, 2;
1, 256, 0, -1, -1, -1, 4, 998, 1;
1, 256, 0, 0, 0, 0, 5, 1000, 3;
1, 256, 0, 0, 0, 0, 4, 999, 2;
1, 256, 0, -1, -1, -1, 4, 999, 2;
1, 256, 0, 0, 0, 0, 5, 999, 3;
1, 256, 0, 0, 0, 0, 5, 1000, 3;
1, 256, 0, -1, -1, -1, 4, 999, 2;
1, 256, 0, -1, -1, -1, 4, 999, 2;
1, 256, 1, 1, 1, 1, 6, 1001, 4;
0, 256, 0, -1, -1, -1, 3, 998, 1;
1, 256, 0, 0, 0, 0, 4, 999, 2;
1, 256, 0, 0, 0, 0, 4, 999, 2;
1, 256, 0, 0, 0, 0, 5, 1000, 3;
1, 256, 0, 0, 0, 0, 5, 1000, 3;
1, 256, 1, 1, 1, 1, 5, 1000, 3;
1, 256, 1, 1, 1, 1, 6, 1001, 4;
1, 256, 1, 1, 1, 1, 6, 1001, 4;
1, 256, 0, 0, 0, 0, 5, 1000, 3;
1, 256, 0, 0, 0, 0, 5, 1000, 3;
1, 256, 0, 0, 0, 0, 5, 1000, 3;
1, 256, 0, 0, 0, 0, 4, 999, 2;
1, 256, 0, 0, 0, 0, 5, 1000, 3;
1, 256, 0, 0, 0, 0, 5, 1000, 3;
1, 256, 0, 1, 1, 1, 5, 1000, 3;
1, 256, 0, -1, -1, -1, 3, 998, 1;
1, 256, 0, -1, -1, -1, 3, 998, 1;
1, 256, 0, 0, 0, 0, 4, 999, 2;
1, 256, 0, 0, 0, 0, 4, 999, 2;
1, 256, 0, -1, -1, -1, 4, 998, 1;
1, 256, 1, 1, 1, 1, 6, 1001, 4;
1, 256, 0, 0, 0, 0, 4, 999, 2;
1, 256, 0, -1, -1, -1, 4, 999, 2;
1, 256, 0, 0, 0, 0, 5, 1000, 3;
1, 256, 0, -1, -1, -1, 4, 999, 2;
1, 256, 0, -1, -1, -1, 4, 998, 1;
1, 256, 0, 0, 0, 0, 5, 1000, 3;
1, 256, 0, 0, 0, 0, 5, 1000, 3;
1, 256, 0, -1, -1, -1, 4, 999, 2;
1, 256, 0, -1, -1, -1, 3, 998, 1;
1, 256, 0, 0, 0, 0, 5, 1000, 3;
1, 256, 0, -1, -1, -1, 4, 999, 2;
1, 256, 0, 0, 0, 0, 4, 999, 2;
1, 256, 0, 1, 1, 1, 5, 1000, 3;
1, 256, 0, -1, -1, -1, 4, 998, 1;
1, 256, 0, 1, 1, 1, 5, 1000, 3;
1, 256, 0, -1, -1, -1, 4, 999, 2;
1, 256, 0, -1, -1, -1, 4, 999, 2;
1, 256, 1, 1, 1, 1, 6, 1000, 4;
1, 256, 0, 0, 0, 0, 5, 1000, 3;
1, 256, 0, 0, 0, 0, 4, 999, 2;
1, 256, 0, 0, 0, 0, 5, 1000, 3;
1, 256, 0, -1, -1, -1, 4, 998, 2;
1, 256, 0, 0, 0, 0, 4, 999, 2;
1, 256, 0, 0, 0, 0, 4, 999, 2;
1, 256, 0, -1, -1, -1, 4, 999, 2;
1, 256, 0, 0, 0, 0, 5, 1000, 3;
1, 256, 0, 0, 0, 0, 4, 999, 2;
1, 256, 0, 0, 0, 0, 5, 1000, 3;
1, 256, 0, 0, 0, 0, 5, 1000, 3;
1, 256, 0, -1, -1, -1, 4, 999, 2;
1, 256, 0, -1, -1, -1, 4, 999, 2;
1, 256, 0, -1, -1, -1, 4, 999, 2;
1, 256, 0, 1, 1, 1, 5, 1000, 3;
1, 256, 0, -1, -1, -1, 4, 999, 2;
1, 256, 0, -1, -1, -1, 4, 999, 2;
1, 256, 0, -1, -1, -1, 4, 998, 2;
1, 256, 0, -1, -1, -1, 4, 998, 1;
1, 256, 0, 0, 0, 0, 5, 999, 3;
1, 256, 1, 1, 1, 1, 6, 1001, 4;
1, 256, 0, 0, 0, 0, 5, 1000, 3;
1, 256, 0, 0, 0, 0, 5, 1000, 3;
1, 256, 0, 1, 1, 1, 5, 1000, 3;
1, 256, 0, 0, 0, 0, 5, 999, 3;
1, 256, 1, 1, 1, 1, 5, 1000, 3;
1, 256, 0, 0, 0, 0, 5, 1000, 3;
1, 256, 0, 1, 1, 1, 5, 1000, 3;
1, 256, 0, 0, 0, 0, 4, 999, 2;
1, 256, 0, 1, 1, 1, 5, 1000, 3;
1, 256, 0, 0, 0, 0, 5, 1000, 3;
1, 256, 1, 1, 1, 1, 6, 1000, 3;
1, 256, 0, 0, 0, 0, 5, 1000, 3;
1, 256, 0, 0, 0, 0, 5, 999, 2;
1, 256, 0, 1, 1, 1, 5, 1000, 3;
1, 256, 0, 1, 1, 1, 5, 1000, 3;
1, 256, 0, 0, 0, 0, 5, 1000, 3;
1, 256, 0, 0, 0, 0, 5, 1000, 3;
1, 256, 0, 0, 0, 0, 5, 1000, 3;
0, 256, 0, -1, -1, -1, 3, 998, 1;
1, 256, 1, 1, 1, 1, 6, 1001, 4;
1, 256, 0, -1, -1, -1, 4, 999, 2;
1, 256, 1, 1, 1, 1, 5, 1000, 3;
1, 256, 0, -1, -1, -1, 4, 999, 2;
1, 256, 1, 1, 1, 1, 5, 1000, 3;
1, 256, 0, -1, -1, -1, 4, 999, 2;
1, 256, 0, -1, -1, -1, 3, 998, 1;
1, 256, 0, -1, -1, -1, 4, 999, 2;
1, 256, 1, 1, 1, 1, 5, 1000, 3;
1, 256, 0, -1, -1, -1, 3, 998, 1;
1, 256, 0, 1, 1, 1, 5, 1000, 3;
1, 256, 0, 0, 0, 0, 4, 999, 2;
1, 256, 1, 1, 1, 1, 5, 1000, 3;
1, 256, 0, -1, -1, -1, 3, 998, 1;
1, 256, 0, 0, 0, 0, 4, 999, 2;
1, 256, 0, 0, 0, 0, 5, 999, 3;
1, 256, 0, 0, 0, 0, 5, 1000, 3;
1, 256, 1, 1, 1, 1, 6, 1000, 4;
1, 256, 0, -1, -1, -1, 4, 999, 2;
1, 256, 0, 0, 0, 0, 4, 999, 2;
1, 256, 0, 0, 0, 0, 5, 1000, 3;
1, 256, 0, -1, -1, -1, 4, 999, 2;
1, 256, 0, 0, 0, 0, 5, 1000, 3;
1, 256, 0, 0, 0, 0, 5, 1000, 3;
1, 256, 0, 0, 0, 0, 4, 999, 2;
1, 256, 0, 0, 0, 0, 4, 999, 2;
1, 256, 0, -1, -1, -1, 4, 999, 2;
1, 256, 0, -1, -1, -1, 4, 999, 2;
1, 256, 0, 0, 0, 0, 5, 1000, 3;
1, 256, 0, -1, -1, -1, 3, 998, 1;
1, 256, 1, 1, 1, 1, 6, 1000, 4;
1, 256, 0, 0, 0, 0, 5, 1000, 3;
1, 256, 0, -1, -1, -1, 4, 999, 2;
1, 256, 0, 0, 0, 0, 5, 999, 3;
1, 256, 0, 0, 0, 0, 5, 1000, 3;
1, 256, 0, -1, -1, -1, 4, 998, 2;
1, 256, 0, -1, -1, -1, 4, 998, 2;
1, 256, 0, 0, 0, 0, 5, 1000, 3;
1, 256, 0, 0, 0, 0, 5, 1000, 3;
1, 256, 0, 0, 0, 0, 4, 999, 2;
1, 256, 0, 0, 0, 0, 5, 999, 3;
1, 256, 0, 0, 0, 0, 5, 1000, 3;
1, 256, 0, -1, -1, -1, 4, 999, 2;
1, 256, 0, -1, -1, -1, 4, 998, 2;
1, 256, 0, 0, 0, 0, 4, 999, 2;
1, 256, 0, 0, 0, 0, 4, 999, 2;
1, 256, 0, -1, -1, -1, 4, 999, 2;
1, 256, 1, 1, 1, 1, 6, 1001, 4;
1, 256, 0, -1, -1, -1, 3, 998, 1;
1, 256, 0, 0, 0, 0, 4, 999, 2;
1, 256, 0, 0, 0, 0, 4, 999, 2;
1, 256, 0, -1, -1, -1, 3, 998, 1;
1, 256, 0, 0, 0, 0, 4, 999, 2;
1, 256, 0, 0, 0, 0, 4, 999, 2;
1, 256, 0, 1, 1, 1, 5, 1000, 3;
1, 256, 0, -1, -1, -1, 4, 999, 2;
1, 256, 0, 0, 0, 0, 5, 1000, 3;
1, 256, 0, 0, 0, 0, 5, 1000, 3;
1, 256, 1, 1, 1, 1, 6, 1000, 3;
1, 256, 0, 0, 0, 0, 4, 999, 2;
1, 256, 1, 1, 1, 1, 6, 1000, 3;
1, 256, 0, 0, 0, 0, 4, 999, 2;
1, 256, 0, 0, 0, 0, 4, 999, 2;
1, 256, 0, 0, 0, 0, 4, 999, 2;
1, 256, 0, 0, 0, 0, 5, 1000, 3;
1, 256, 0, 0, 0, 0, 5, 1000, 3;
1, 256, 0, 0, 0, 0, 4, 999, 2;
1, 256, 0, 0, 0, 0, 4, 999, 2;
1, 256, 1, 1, 1, 1, 5, 1000, 3;
1, 256, 1, 1, 1, 1, 6, 1001, 4;
1, 256, 0, 0, 0, 0, 5, 1000, 3;
1, 256, 0, -1, -1, -1, 4, 999, 2;
1, 256, 1, 1, 1, 1, 5, 1000, 3;
1, 256, 0, 0, 0, 0, 4, 999, 2;
1, 256, 0, 0, 0, 0, 5, 1000, 3;
1, 256, 0, 0, 0, 0, 5, 1000, 3;
1, 256, 0, 0, 0, 0, 4, 999, 2;
1, 256, 0, -1, -1, -1, 4, 999, 2;
1, 256, 0, 0, 0, 0, 5, 1000, 3;
1, 256, 0, 0, 0, 0, 5, 1000, 3;
1, 256, 0, 0, 0, 0, 4, 999, 2;
0, 256, 0, -1, -1, -1, 3, 998, 1;
1, 256, 0, -1, -1, -1, 4, 998, 2;
1, 256, 0, 0, 0, 0, 4, 999, 2;
1, 256, 0, 0, 0, 0, 5, 1000, 3;
1, 256, 0, -1, -1, -1, 4, 998, 2;
1, 256, 0, 1, 1, 1, 5, 1000, 3;
1, 256, 0, -1, -1, -1, 4, 998, 2;
1, 256, 0, 0, 0, 0, 4, 999, 2;
1, 256, 1, 1, 1, 1, 6, 1001, 4;
1, 256, 0, -1, -1, -1, 4, 999, 2;
1, 256, 0, -1, -1, -1, 3, 998, 1;
1, 256, 0, 0, 0, 0, 4, 999, 2;
1, 256, 0, -1, -1, -1, 4, 999, 2;
1, 256, 0, 0, 0, 0, 4, 999, 2;
1, 256, 1, 1, 1, 1, 6, 1001, 4;
1, 256, 0, -1, -1, -1, 4, 999, 2;
1, 256, 0, 0, 0, 0, 4, 999, 2;
1, 256, 0, 0, 0, 0, 4, 999, 2;
1, 256, 1, 1, 1, 1, 6, 1001, 4;
1, 256, 1, 1, 1, 1, 6, 1000, 3;
1, 256, 0, 1, 1, 1, 5, 1000, 3;
1, 256, 0, 0, 0, 0, 5, 1000, 3;
1, 256, 0, 0, 0, 0, 5, 1000, 3;
1, 256, 0, 0, 0, 0, 4, 999, 2;
1, 256, 1, 1, 1, 1, 5, 1000, 3;
1, 256, 0, 0, 0, 0, 5, 1000, 3;
1, 256, 0, 0, 0, 0, 5, 1000, 3;
1, 256, 0, 0, 0, 0, 4, 999, 2;
1, 256, 0, 0, 0, 0, 4, 999, 2;
1, 256, 0, 0, 0, 0, 5, 1000, 3;
1, 256, 1, 1, 1, 1, 6, 1001, 4;
1, 256, 1, 1, 1, 1, 6, 1001, 4;
1, 256, 1, 1, 1, 1, 6, 1000, 4;
1, 256, 0, 1, 1, 1, 5, 1000, 3;
1, 256, 0, -1, -1, -1, 4, 999, 2;
1, 256, 0, 0, 0, 0, 5, 1000, 3;
1, 256, 1, 1, 1, 1, 5, 1000, 3;
1, 256, 0, 0, 0, 0, 4, 999, 2;
1, 256, 0, -1, -1, -1, 4, 999, 2;
1, 256, 0, 0, 0, 0, 4, 999, 2;
1, 256, 0, 0, 0, 0, 4, 999, 2;
1, 256, 0, -1, -1, -1, 4, 998, 1;
1, 256, 0, 0, 0, 0, 4, 999, 2;
1, 256, 0, 0, 0, 0, 4, 999, 2;
1, 256, 0, 0, 0, 0, 5, 1000, 3;
1, 256, 0, 0, 0, 0, 5, 1000, 3;
1, 256, 0, 0, 0, 0, 4, 999, 2;
1, 256, 0, -1, -1, -1, 3, 998, 1;
1, 256, 0, 1, 1, 1, 5, 1000, 3;
1, 256, 0, 0, 0, 0, 5, 999, 3;
1, 256, 0, -1, -1, -1, 4, 999, 2;
1, 256, 0, 0, 0, 0, 4, 999, 2;
1, 256, 0, 0, 0, 0, 5, 1000, 3;
1, 256, 0, -1, -1, -1, 4, 999, 2;
1, 256, 1, 1, 1, 1, 6, 1001, 4;
1, 256, 0, 0, 0, 0, 5, 1000, 3;
1, 256, 0, 0, 0, 0, 4, 999, 2;
1, 256, 0, 0, 0, 0, 5, 1000, 3;
1, 256, 0, 0, 0, 0, 5, 1000, 3;
1, 256, 0, 0, 0, 0, 5, 1000, 3;
1, 256, 1, 1, 1, 1, 6, 1000, 4;
1, 256, 0, 0, 0, 0, 5, 999, 2;
1, 256, 0, 0, 0, 0, 5, 1000, 3;
1, 256, 0, 0, 0, 0, 5, 1000, 3;
1, 256, 0, 0, 0, 0, 4, 999, 2;
1, 256, 0, 0, 0, 0, 4, 999, 2;
1, 256, 1, 1, 1, 1, 6, 1001, 4;
1, 256, 0, -1, -1, -1, 4, 998, 2;
1, 256, 0, 1, 1, 1, 5, 1000, 3;
1, 256, 1, 1, 1, 1, 6, 1001, 4;
1, 256, 0, 0, 0, 0, 4, 999, 2;
1, 256, 0, 0, 0, 0, 5, 1000, 3;
1, 256, 0, 0, 0, 0, 5, 1000, 3;
1, 256, 0, 1, 1, 1, 5, 1000, 3;
1, 256, 0, 0, 0, 0, 4, 999, 2;
1, 256, 0, 0, 0, 0, 4, 999, 2;
1, 256, 0, 0, 0, 0, 5, 1000, 3;
1, 256, 0, 0, 0, 0, 4, 999, 2;
1, 256, 1, 1, 1, 1, 6, 1001, 4;
1, 256, 0, 0, 0, 0, 5, 1000, 3;
1, 256, 0, -1, -1, -1, 3, 998, 1;
1, 256, 1, 1, 1, 1, 5, 1000, 3;
1, 256, 0, 0, 0, 0, 4, 999, 2;
1, 256, 0, -1, -1, -1, 4, 999, 2;
1, 256, 0, 0, 0, 0, 4, 999, 2;
1, 256, 1, 1, 1, 1, 6, 1001, 4;
1, 256, 0, 1, 1, 1, 5, 1000, 3;
1, 256, 0, 1, 1, 1, 5, 1000, 3;
1, 256, 0, 0, 0, 0, 5, 1000, 3;
1, 256, 0, 0, 0, 0, 4, 999, 2;
1, 256, 0, -1, -1, -1, 3, 998, 1;
1, 256, 0, 0, 0, 0, 5, 1000, 3;
1, 256, 0, -1, -1, -1, 3, 998, 1;
1, 256, 0, 0, 0, 0, 4, 999, 2;
1, 256, 0, 0, 0, 0, 4, 999, 2;
1, 256, 0, 1, 1, 1, 5, 1000, 3;
1, 256, 1, 1, 1, 1, 6, 1001, 4;
1, 256, 1, 1, 1, 1, 6, 1001, 4;
1, 256, 0, 0, 0, 0, 5, 1000, 3;
1, 256, 0, 0, 0, 0, 5, 1000, 3;
1, 256, 0, 0, 0, 0, 5, 1000, 3;
1, 256, 1, 1, 1, 1, 6, 1001, 4;
1, 256, 0, 1, 1, 1, 5, 1000, 3;
1, 256, 0, -1, -1, -1, 3, 998, 1;
1, 256, 1, 1, 1, 1, 6, 1001, 4;
1, 256, 0, 0, 0, 0, 4, 999, 2;
1, 256, 0, 0, 0, 0, 4, 999, 2;
1, 256, 1, 1, 1, 1, 6, 1000, 3;
1, 256, 0, 0, 0, 0, 4, 999, 2;
1, 256, 0, -1, -1, -1, 4, 999, 2;
1, 256, 1, 1, 1, 1, 5, 1000, 3;
1, 256, 0, 0, 0, 0, 5, 1000, 3;
1, 256, 0, 0, 0, 0, 4, 999, 2;
1, 256, 0, 0, 0, 0, 5, 1000, 3;
1, 256, 0, -1, -1, -1, 4, 998, 1;
1, 256, 0, 0, 0, 0, 5, 1000, 3;
1, 256, 0, -1, -1, -1, 4, 999, 2;
1, 256, 0, 0, 0, 0, 4, 999, 2;
0, 256, 0, -1, -1, -1, 3, 998, 1;
1, 256, 0, 0, 0, 0, 4, 999, 2;
1, 256, 0, 1, 1, 1, 5, 1000, 3;
1, 256, 0, 0, 0, 0, 4, 999, 2;
1, 256, 0, 0, 0, 0, 5, 1000, 3;
1, 256, 0, 0, 0, 0, 4, 999, 2;
1, 256, 0, 0, 0, 0, 4, 999, 2;
1, 256, 0, 0, 0, 0, 5, 1000, 3;
1, 256, 0, 0, 0, 0, 5, 999, 3;
1, 256, 0, 0, 0, 0, 5, 1000, 3;
1, 256, 0, 0, 0, 0, 4, 999, 2;
1, 256, 0, 0, 0, 0, 4, 999, 2;
1, 256, 0, 0, 0, 0, 4, 999, 2;
1, 256, 0, 0, 0, 0, 4, 999, 2;
1, 256, 1, 1, 1, 1, 6, 1001, 4;
1, 256, 0, 0, 0, 0, 5, 1000, 3;
1, 256, 0, -1, -1, -1, 4, 999, 2;
1, 256, 0, 0, 0, 0, 5, 1000, 3;
1, 256, 0, 0, 0, 0, 4, 999, 2;
1, 256, 0, -1, -1, -1, 4, 999, 2;
1, 256, 0, 0, 0, 0, 5, 1000, 3;
1, 256, 0, 1, 1, 1, 5, 1000, 3;
1, 256, 0, -1, -1, -1, 4, 999, 2;
1, 256, 0, -1, -1, -1, 4, 999, 2;
1, 256, 0, -1, -1, -1, 3, 998, 1;
1, 256, 0, 0, 0, 0, 5, 1000, 3;
1, 256, 0, -1, -1, -1, 4, 999, 2;
1, 256, 0, 0, 0, 0, 4, 999, 2;
1, 256, 0, 0, 0, 0, 5, 1000, 3;
1, 256, 0, 0, 0, 0, 5, 1000, 3;
1, 256, 0, 0, 0, 0, 4, 999, 2;
1, 256, 0, 0, 0, 0, 4, 999, 2;
1, 256, 0, 0, 0, 0, 5, 1000, 3;
1, 256, 0, -1, -1, -1, 4, 999, 2;
1, 256, 0, 0, 0, 0, 5, 1000, 3;
1, 256, 0, 0, 0, 0, 4, 999, 2;
1, 256, 0, 0, 0, 0, 5, 1000, 3;
1, 256, 0, -1, -1, -1, 4, 999, 2;
1, 256, 0, -1, -1, -1, 4, 999, 2;
1, 256, 1, 1, 1, 1, 6, 1001, 4;
1, 256, 0, -1, -1, -1, 4, 999, 2;
1, 256, 1, 1, 1, 1, 6, 1000, 3;
1, 256, 0, 0, 0, 0, 5, 1000, 3;
1, 256, 0, 0, 0, 0, 4, 999, 2;
1, 256, 0, 0, 0, 0, 5, 1000, 3;
1, 256, 0, 1, 1, 1, 5, 1000, 3;
1, 256, 1, 1, 1, 1, 6, 1001, 4;
1, 256, 0, 0, 0, 0, 5, 1000, 3;
1, 256, 0, 0, 0, 0, 5, 1000, 3;
1, 256, 0, -1, -1, -1, 4, 999, 2;
1, 256, 0, 0, 0, 0, 4, 999, 2;
1, 256, 1, 1, 1, 1, 6, 1001, 4;
1, 256, 0, -1, -1, -1, 4, 999, 2;
1, 256, 0, 1, 1, 1, 5, 1000, 3;
1, 256, 0, 0, 0, 0, 5, 1000, 3;
1, 256, 0, -1, -1, -1, 4, 999, 2;
1, 256, 0, 0, 0, 0, 5, 1000, 3;
1, 256, 0, -1, -1, -1, 4, 999, 2;
1, 256, 0, 0, 0, 0, 4, 999, 2;
1, 256, 0, 1, 1, 1, 5, 1000, 3;
1, 256, 0, -1, -1, -1, 4, 999, 2;
1, 256, 0, 0, 0, 0, 5, 1000, 3;
1, 256, 0, 0, 0, 0, 5, 1000, 3;
1, 256, 0, 0, 0, 0, 5, 1000, 3;
1, 256, 1, 1, 1, 1, 6, 1001, 4;
1, 256, 0, 1, 1, 1, 5, 1000, 3;
1, 256, 0, 0, 0, 0, 5, 1000, 3;
1, 256, 0, -1, -1, -1, 4, 999, 2;
1, 256, 0, -1, -1, -1, 4, 999, 2;
1, 256, 0, -1, -1, -1, 4, 999, 2;
1, 256, 0, 0, 0, 0, 4, 999, 2;
1, 256, 1, 1, 1, 1, 5, 1000, 3;
0, 256, 0, -1, -1, -1, 3, 998, 1;
1, 256, 1, 1, 1, 1, 6, 1001, 4;
1, 256, 0, 0, 0, 0, 5, 1000, 3;
1, 256, 0, 0, 0, 0, 4, 999, 2;
1, 256, 0, 0, 0, 0, 4, 999, 2;
1, 256, 1, 1, 1, 1, 6, 1001, 4;
1, 256, 0, 1, 1, 1, 5, 1000, 3;
1, 256, 0, 0, 0, 0, 4, 999, 2;
1, 256, 0, 0, 0, 0, 5, 1000, 3;
1, 256, 0, 0, 0, 0, 5, 1000, 3;
1, 256, 0, 0, 0, 0, 4, 999, 2;
1, 256, 0, -1, -1, -1, 3, 998, 1;
1, 256, 1, 1, 1, 1, 6, 1001, 4;
1, 256, 0, 0, 0, 0, 4, 999, 2;
1, 256, 0, -1, -1, -1, 4, 999, 2;
1, 256, 0, 1, 1, 1, 5, 1000, 3;
1, 256, 0, 0, 0, 0, 5, 1000, 3;
1, 256, 0, 0, 0, 0, 5, 1000, 3;
1, 256, 0, 0, 0, 0, 5, 1000, 3;
1, 256, 0, 1, 1, 1, 5, 1000, 3;
1, 256, 0, 0, 0, 0, 4, 999, 2;
1, 256, 0, -1, -1, -1, 4, 999, 2;
1, 256, 0, 1, 1, 1, 5, 1000, 3;
1, 256, 0, 0, 0, 0, 4, 999, 2;
1, 256, 0, -1, -1, -1, 4, 999, 2;
1, 256, 0, -1, -1, -1, 3, 998, 1;
1, 256, 0, 0, 0, 0, 4, 999, 2;
1, 256, 0, 0, 0, 0, 5, 1000, 3;
1, 256, 0, 0, 0, 0, 4, 999, 2;
1, 256, 0, 0, 0, 0, 5, 999, 2;
1, 256, 0, -1, -1, -1, 4, 999, 2;
1, 256, 0, 0, 0, 0, 5, 1000, 3;
1, 256, 0, 0, 0, 0, 5, 1000, 3;
1, 256, 0, -1, -1, -1, 4, 998, 1;
1, 256, 0, -1, -1, -1, 3, 998, 1;
1, 256, 0, 0, 0, 0, 5, 1000, 3;
1, 256, 0, 0, 0, 0, 5, 1000, 3;
1, 256, 0, -1, -1, -1, 4, 999, 2;
1, 256, 0, 0, 0, 0, 5, 1000, 3;
1, 256, 0, 1, 1, 1, 5, 1000, 3;
1, 256, 0, -1, -1, -1, 3, 998, 1;
1, 256, 0, -1, -1, -1, 4, 999, 2;
1, 256, 0, 1, 1, 1, 5, 1000, 3;
1, 256, 1, 1, 1, 1, 6, 1000, 4;
1, 256, 1, 1, 1, 1, 6, 1001, 4;
1, 256, 0, 0, 0, 0, 4, 999, 2;
1, 256, 1, 1, 1, 1, 6, 1000, 4;
1, 256, 0, -1, -1, -1, 4, 999, 2;
1, 256, 0, -1, -1, -1, 4, 999, 2;
1, 256, 0, -1, -1, -1, 4, 999, 2;
1, 256, 0, 0, 0, 0, 5, 1000, 3;
1, 256, 1, 1, 1, 1, 5, 1000, 3;
1, 256, 1, 1, 1, 1, 6, 1001, 4;
1, 256, 0, 0, 0, 0, 5, 1000, 3;
1, 256, 0, 0, 0, 0, 5, 1000, 3;
1, 256, 0, -1, -1, -1, 4, 999, 2;
1, 256, 0, 1, 1, 1, 5, 1000, 3;
1, 256, 0, 0, 0, 0, 4, 999, 2;
1, 256, 0, 0, 0, 0, 4, 999, 2;
1, 256, 0, 0, 0, 0, 5, 1000, 3;
1, 256, 0, 0, 0, 0, 5, 1000, 3;
1, 256, 0, 1, 1, 1, 5, 1000, 3;
1, 256, 0, -1, -1, -1, 4, 999, 2;
1, 256, 1, 1, 1, 1, 6, 1001, 4;
1, 256, 0, 0, 0, 0, 5, 1000, 3;
1, 256, 0, 1, 1, 1, 5, 1000, 3;
1, 256, 0, 0, 0, 0, 5, 1000, 3;
1, 256, 0, 0, 0, 0, 5, 1000, 3;
0, 256, 0, -1, -1, -1, 3, 998, 1;
1, 256, 0, -1, -1, -1, 4, 999, 2;
1, 256, 0, -1, -1, -1, 4, 998, 2;
1, 256, 1, 1, 1, 1, 6, 1001, 4;
1, 256, 0, 0, 0, 0, 4, 999, 2;
1, 256, 0, -1, -1, -1, 4, 999, 2;
1, 256, 0, 0, 0, 0, 5, 1000, 3;
1, 256, 0, -1, -1, -1, 4, 999, 2;
1, 256, 0, 0, 0, 0, 5, 1000, 3;
1, 256, 0, -1, -1, -1, 4, 998, 1;
1, 256, 0, -1, -1, -1, 4, 999, 2;
1, 256, 0, 0, 0, 0, 5, 1000, 3;
1, 256, 0, 0, 0, 0, 4, 999, 2;
1, 256, 0, 0, 0, 0, 5, 1000, 3;
1, 256, 0, 0, 0, 0, 5, 999, 3;
1, 256, 0, 0, 0, 0, 5, 1000, 3;
1, 256, 0, 0, 0, 0, 5, 1000, 3;
1, 256, 0, 0, 0, 0, 5, 1000, 3;
1, 256, 0, 0, 0, 0, 4, 999, 2;
1, 256, 1, 1, 1, 1, 6, 1001, 4;
1, 256, 0, 1, 1, 1, 5, 1000, 3;
1, 256, 0, 0, 0, 0, 5, 1000, 3;
1, 256, 0, -1, -1, -1, 3, 998, 1;
1, 256, 0, 0, 0, 0, 5, 1000, 3;
1, 256, 0, 1, 1, 1, 5, 1000, 3;
1, 256, 1, 1, 1, 1, 6, 1001, 4;
1, 256, 0, 1, 1, 1, 5, 1000, 3;
1, 256, 0, -1, -1, -1, 4, 999, 2;
1, 256, 0, 0, 0, 0, 4, 999, 2;
1, 256, 0, -1, -1, -1, 4, 999, 2;
1, 256, 1, 1, 1, 1, 5, 1000, 3;
1, 256, 0, -1, -1, -1, 4, 998, 2;
1, 256, 0, 0, 0, 0, 5, 1000, 3;
1, 256, 0, 0, 0, 0, 4, 999, 2;
1, 256, 0, 0, 0, 0, 5, 1000, 3;
1, 256, 0, 0, 0, 0, 5, 1000, 3;
1, 256, 0, -1, -1, -1, 4, 998, 2;
1, 256, 0, -1, -1, -1, 4, 999, 2;
1, 256, 0, 0, 0, 0, 5, 999, 3;
1, 256, 0, 0, 0, 0, 4, 999, 2;
1, 256, 0, 0, 0, 0, 5, 1000, 3;
1, 256, 0, 0, 0, 0, 4, 999, 2;
1, 256, 1, 1, 1, 1, 6, 1001, 4;
1, 256, 0, -1, -1, -1, 4, 999, 2;
1, 256, 1, 1, 1, 1, 6, 1000, 4;
1, 256, 0, -1, -1, -1, 3, 998, 1;
1, 256, 0, -1, -1, -1, 4, 999, 2;
1, 256, 0, 0, 0, 0, 5, 1000, 3;
1, 256, 0, 1, 1, 1, 5, 1000, 3;
1, 256, 0, 0, 0, 0, 4, 999, 2;
1, 256, 1, 1, 1, 1, 6, 1001, 4;
1, 256, 0, 0, 0, 0, 5, 1000, 3;
1, 256, 0, -1, -1, -1, 4, 998, 2;
1, 256, 0, 0, 0, 0, 5, 1000, 3;
1, 256, 0, 0, 0, 0, 5, 1000, 3;
1, 256, 0, 0, 0, 0, 4, 999, 2;
1, 256, 0, 0, 0, 0, 5, 1000, 3;
1, 256, 1, 1, 1, 1, 6, 1001, 4;
1, 256, 0, 1, 1, 1, 5, 1000, 3;
1, 256, 0, -1, -1, -1, 4, 998, 1;
1, 256, 0, 0, 0, 0, 4, 999, 2;
1, 256, 0, 1, 1, 1, 5, 1000, 3;
1, 256, 0, -1, -1, -1, 4, 999, 2;
1, 256, 0, 0, 0, 0, 4, 999, 2;
1, 256, 1, 1, 1, 1, 6, 1000, 4;
1, 256, 0, 0, 0, 0, 4, 999, 2;
1, 256, 0, -1, -1, -1, 4, 998, 2;
1, 256, 0, 0, 0, 0, 5, 1000, 3;
1, 256, 0, -1, -1, -1, 4, 999, 2;
1, 256, 0, 1, 1, 1, 5, 1000, 3;
1, 256, 0, 0, 0, 0, 4, 999, 2;
1, 256, 0, 0, 0, 0, 4, 999, 2;
1, 256, 0, 1, 1, 1, 5, 1000, 3;
1, 256, 0, 0, 0, 0, 4, 999, 2;
0, 256, 0, -1, -1, -1, 3, 998, 1;
1, 256, 0, 0, 0, 0, 5, 999, 3;
1, 256, 0, 0, 0, 0, 5, 1000, 3;
1, 256, 0, 0, 0, 0, 5, 1000, 3;
1, 256, 0, 0, 0, 0, 5, 999, 2;
1, 256, 0, 0, 0, 0, 5, 1000, 3;
1, 256, 0, 0, 0, 0, 5, 1000, 3;
1, 256, 0, 0, 0, 0, 5, 1000, 3;
1, 256, 0, 1, 1, 1, 5, 1000, 3;
1, 256, 0, 0, 0, 0, 5, 1000, 3;
1, 256, 0, 1, 1, 1, 5, 1000, 3;
1, 256, 0, 0, 0, 0, 5, 999, 3;
1, 256, 0, -1, -1, -1, 4, 998, 1;
1, 256, 0, 1, 1, 1, 5, 1000, 3;
1, 256, 0, 0, 0, 0, 4, 999, 2;
1, 256, 0, 1, 1, 1, 5, 1000, 3;
1, 256, 0, -1, -1, -1, 4, 999, 2;
1, 256, 0, -1, -1, -1, 4, 999, 2;
1, 256, 0, -1, -1, -1, 4, 999, 2;
1, 256, 0, 0, 0, 0, 5, 1000, 3;
1, 256, 0, 0, 0, 0, 4, 999, 2;
1, 256, 0, -1, -1, -1, 4, 999, 2;
1, 256, 0, -1, -1, -1, 4, 999, 2;
1, 256, 0, 0, 0, 0, 4, 999, 2;
1, 256, 1, 1, 1, 1, 6, 1001, 4;
1, 256, 1, 1, 1, 1, 6, 1001, 4;
1, 256, 0, 1, 1, 1, 5, 1000, 3;
1, 256, 0, -1, -1, -1, 3, 998, 1;
1, 256, 0, 1, 1, 1, 5, 1000, 3;
1, 256, 0, 0, 0, 0, 5, 1000, 3;
1, 256, 0, -1, -1, -1, 3, 998, 1;
1, 256, 0, 0, 0, 0, 5, 1000, 3;
1, 256, 0, 1, 1, 1, 5, 1000, 3;
1, 256, 0, 0, 0, 0, 5, 999, 3;
1, 256, 0, 1, 1, 1, 5, 1000, 3;
1, 256, 0, -1, -1, -1, 4, 999, 2;
1, 256, 0, 1, 1, 1, 5, 1000, 3;
1, 256, 0, -1, -1, -1, 4, 999, 2;
1, 256, 1, 1, 1, 1, 6, 1000, 4;
1, 256, 1, 1, 1, 1, 6, 1001, 4;
1, 256, 0, 0, 0, 0, 4, 999, 2;
1, 256, 0, 0, 0, 0, 5, 1000, 3;
1, 256, 0, -1, -1, -1, 4, 999, 2;
1, 256, 0, 0, 0, 0, 5, 1000, 3;
1, 256, 0, 0, 0, 0, 5, 1000, 3;
1, 256, 1, 1, 1, 1, 6, 1001, 4;
1, 256, 0, 1, 1, 1, 5, 1000, 3;
1, 256, 1, 1, 1, 1, 6, 1001, 4;
1, 256, 0, -1, -1, -1, 4, 999, 2;
1, 256, 0, 0, 0, 0, 5, 999, 3;
0, 256, 0, -1, -1, -1, 3, 998, 1;
1, 256, 1, 1, 1, 1, 6, 1000, 3;
1, 256, 0, 0, 0, 0, 4, 999, 2;
1, 256, 0, 1, 1, 1, 5, 1000, 3;
1, 256, 1, 1, 1, 1, 6, 1000, 3;
1, 256, 0, -1, -1, -1, 4, 999, 2;
1, 256, 0, 1, 1, 1, 5, 1000, 3;
1, 256, 0, -1, -1, -1, 4, 998, 2;
1, 256, 1, 1, 1, 1, 6, 1000, 3;
1, 256, 1, 1, 1, 1, 5, 1000, 3;
1, 256, 0, -1, -1, -1, 4, 999, 2;
1, 256, 0, 0, 0, 0, 5, 1000, 3;
1, 256, 0, 0, 0, 0, 4, 999, 2;
1, 256, 0, -1, -1, -1, 4, 999, 2;
1, 256, 0, 0, 0, 0, 5, 1000, 3;
1, 256, 0, 0, 0, 0, 4, 999, 2;
1, 256, 0, 0, 0, 0, 4, 999, 2;
1, 256, 0, 0, 0, 0, 4, 999, 2;
1, 256, 0, -1, -1, -1, 4, 998, 1;
1, 256, 0, 0, 0, 0, 4, 999, 2;
1, 256, 0, 0, 0, 0, 4, 999, 2;
1, 256, 0, 0, 0, 0, 4, 999, 2;
1, 256, 0, 0, 0, 0, 5, 1000, 3;
1, 256, 0, 0, 0, 0, 5, 1000, 3;
1, 256, 0, -1, -1, -1, 4, 998, 1;
1, 256, 0, 0, 0, 0, 5, 1000, 3;
1, 256, 0, 0, 0, 0, 5, 1000, 3;
1, 256, 0, 0, 0, 0, 5, 1000, 3;
1, 256, 0, 1, 1, 1, 5, 1000, 3;
1, 256, 0, 0, 0, 0, 4, 999, 2;
1, 256, 0, 0, 0, 0, 5, 1000, 3;
1, 256, 0, 0, 0, 0, 5, 1000, 3;
1, 256, 0, -1, -1, -1, 4, 999, 2;
1, 256, 0, 1, 1, 1, 5, 1000, 3;
1, 256, 0, -1, -1, -1, 4, 999, 2;
1, 256, 0, 0, 0, 0, 5, 1000, 3;
1, 256, 0, 0, 0, 0, 5, 1000, 3;
1, 256, 0, 0, 0, 0, 5, 1000, 3;
1, 256, 0, 0, 0, 0, 5, 1000, 3;
1, 256, 0, 0, 0, 0, 5, 1000, 3;
1, 256, 0, 0, 0, 0, 5, 1000, 3;
1, 256, 0, 0, 0, 0, 5, 1000, 3;
1, 256, 0, 0, 0, 0, 5, 1000, 3;
1, 256, 0, -1, -1, -1, 4, 999, 2;
1, 256, 0, 0, 0, 0, 5, 1000, 3;
1, 256, 0, -1, -1, -1, 4, 999, 2;
1, 256, 1, 1, 1, 1, 6, 1000, 3;
1, 256, 0, 0, 0, 0, 5, 999, 2;
1, 256, 1, 1, 1, 1, 6, 1001, 4;
1, 256, 0, -1, -1, -1, 3, 998, 1;
1, 256, 0, 0, 0, 0, 5, 999, 3;
1, 256, 1, 1, 1, 1, 6, 1000, 4;
1, 256, 0, 0, 0, 0, 4, 999, 2;
1, 256, 0, 0, 0, 0, 4, 999, 2;
1, 256, 1, 1, 1, 1, 5, 1000, 3;
1, 256, 1, 1, 1, 1, 6, 1000, 4;
1, 256, 0, -1, -1, -1, 4, 998, 1;
1, 256, 0, 1, 1, 1, 5, 1000, 3;
1, 256, 1, 1, 1, 1, 6, 1000, 4;
1, 256, 0, -1, -1, -1, 4, 999, 2;
1, 256, 0, 0, 0, 0, 5, 1000, 3;
1, 256, 0, 0, 0, 0, 4, 999, 2;
1, 256, 0, -1, -1, -1, 4, 998, 2;
1, 256, 0, 0, 0, 0, 4, 999, 2;
1, 256, 0, 0, 0, 0, 4, 999, 2;
1, 256, 0, 1, 1, 1, 5, 1000, 3;
1, 256, 0, 0, 0, 0, 5, 999, 3;
1, 256, 1, 1, 1, 1, 6, 1000, 4;
1, 256, 0, -1, -1, -1, 4, 999, 2;
1, 256, 0, 0, 0, 0, 4, 999, 2;
1, 256, 1, 1, 1, 1, 6, 1001, 4;
1, 256, 0, 0, 0, 0, 4, 999, 2;
1, 256, 0, 0, 0, 0, 5, 1000, 3;
1, 256, 0, 0, 0, 0, 5, 1000, 3;
1, 256, 0, -1, -1, -1, 4, 999, 2;
1, 256, 1, 1, 1, 1, 6, 1000, 4;
1, 256, 0, -1, -1, -1, 4, 999, 2;
1, 256, 1, 1, 1, 1, 6, 1001, 4;
1, 256, 1, 1, 1, 1, 6, 1001, 4;
1, 256, 0, 0, 0, 0, 5, 999, 3;
1, 256, 0, -1, -1, -1, 4, 999, 2;
1, 256, 0, -1, -1, -1, 4, 999, 2;
1, 256, 1, 1, 1, 1, 6, 1001, 4;
1, 256, 0, 0, 0, 0, 5, 1000, 3;
1, 256, 1, 1, 1, 1, 6, 1001, 4;
1, 256, 1, 1, 1, 1, 6, 1000, 3;
1, 256, 0, 0, 0, 0, 4, 999, 2;
1, 256, 0, 0, 0, 0, 4, 999, 2;
1, 256, 0, 1, 1, 1, 5, 1000, 3;
1, 256, 0, 1, 1, 1, 5, 1000, 3;
1, 256, 0, 0, 0, 0, 5, 1000, 3;
1, 256, 0, -1, -1, -1, 3, 998, 1;
1, 256, 0, 0, 0, 0, 4, 999, 2;
1, 256, 1, 1, 1, 1, 6, 1001, 4;
1, 256, 0, 0, 0, 0, 4, 999, 2;
1, 256, 0, -1, -1, -1, 4, 999, 2;
1, 256, 0, 0, 0, 0, 5, 1000, 3;
1, 256, 0, -1, -1, -1, 4, 999, 2;
1, 256, 0, 0, 0, 0, 5, 1000, 3;
1, 256, 1, 1, 1, 1, 6, 1001, 4;
1, 256, 0, -1, -1, -1, 4, 999, 2;
1, 256, 0, 0, 0, 0, 5, 1000, 3;
1, 256, 0, -1, -1, -1, 4, 998, 2;
1, 256, 1, 1, 1, 1, 6, 1001, 4;
1, 256, 0, -1, -1, -1, 4, 999, 2;
1, 256, 1, 1, 1, 1, 6, 1001, 4;
1, 256, 0, -1, -1, -1, 4, 999, 2;
1, 256, 0, -1, -1, -1, 4, 999, 2;
1, 256, 0, 0, 0, 0, 5, 1000, 3;
1, 256, 0, 1, 1, 1, 5, 1000, 3;
1, 256, 0, 0, 0, 0, 4, 999, 2;
1, 256, 1, 1, 1, 1, 6, 1000, 3;
1, 256, 0, 1, 1, 1, 5, 1000, 3;
1, 256, 0, 0, 0, 0, 5, 1000, 3;
1, 256, 1, 1, 1, 1, 5, 1000, 3;
1, 256, 1, 1, 1, 1, 6, 1001, 4;
1, 256, 1, 1, 1, 1, 6, 1001, 4;
1, 256, 1, 1, 1, 1, 6, 1001, 4;
1, 256, 1, 1, 1, 1, 6, 1001, 4;
1, 256, 1, 1, 1, 1, 6, 1001, 4;
1, 256, 0, 0, 0, 0, 5, 1000, 3;
1, 256, 0, 0, 0, 0, 5, 1000, 3;
1, 256, 1, 1, 1, 1, 6, 1001, 4;
1, 256, 1, 1, 1, 1, 6, 1000, 3;
1, 256, 0, -1, -1, -1, 4, 999, 2;
1, 256, 0, 0, 0, 0, 4, 999, 2;
1, 256, 0, 0, 0, 0, 5, 1000, 3;
1, 256, 0, -1, -1, -1, 3, 998, 1;
1, 256, 0, 0, 0, 0, 5, 1000, 3;
1, 256, 1, 1, 1, 1, 6, 1000, 3;
1, 256, 0, 1, 1, 1, 5, 1000, 3;
1, 256, 0, 0, 0, 0, 4, 999, 2;
1, 256, 0, -1, -1, -1, 4, 999, 2;
1, 256, 0, 0, 0, 0, 5, 1000, 3;
1, 256, 0, 0, 0, 0, 5, 1000, 3;
1, 256, 0, 0, 0, 0, 5, 999, 3;
1, 256, 0, 0, 0, 0, 4, 999, 2;
1, 256, 0, 0, 0, 0, 5, 1000, 3;
1, 256, 0, 0, 0, 0, 4, 999, 2;
1, 256, 0, -1, -1, -1, 4, 999, 2;
1, 256, 0, 0, 0, 0, 4, 999, 2;
1, 256, 0, 0, 0, 0, 4, 999, 2;
1, 256, 0, 0, 0, 0, 5, 999, 3;
1, 256, 1, 1, 1, 1, 6, 1000, 3;
1, 256, 0, 0, 0, 0, 5, 1000, 3;
1, 256, 0, 0, 0, 0, 5, 1000, 3;
1, 256, 0, -1, -1, -1, 3, 998, 1;
1, 256, 0, 0, 0, 0, 5, 999, 2;
1, 256, 0, 0, 0, 0, 4, 999, 2;
1, 256, 1, 1, 1, 1, 5, 1000, 3;
1, 256, 0, -1, -1, -1, 3, 998, 1;
1, 256, 0, 0, 0, 0, 5, 1000, 3;
1, 256, 0, -1, -1, -1, 3, 998, 1;
1, 256, 0, 0, 0, 0, 4, 999, 2;
1, 256, 0, 1, 1, 1, 5, 1000, 3;
1, 256, 0, 0, 0, 0, 4, 999, 2;
1, 256, 1, 1, 1, 1, 6, 1001, 4;
1, 256, 0, 1, 1, 1, 5, 1000, 3;
1, 256, 0, 1, 1, 1, 5, 1000, 3;
1, 256, 0, -1, -1, -1, 4, 999, 2;
1, 256, 0, 0, 0, 0, 4, 999, 2;
1, 256, 0, 0, 0, 0, 4, 999, 2;
1, 256, 0, 0, 0, 0, 5, 1000, 3;
0, 256, 0, -1, -1, -1, 3, 998, 1;
1, 256, 0, 0, 0, 0, 4, 999, 2;
1, 256, 0, 0, 0, 0, 4, 999, 2;
1, 256, 0, -1, -1, -1, 4, 999, 2;
1, 256, 0, -1, -1, -1, 4, 999, 2;
1, 256, 0, 0, 0, 0, 4, 999, 2;
1, 256, 0, -1, -1, -1, 3, 998, 1;
1, 256, 0, 0, 0, 0, 4, 999, 2;
1, 256, 0, -1, -1, -1, 4, 999, 2;
1, 256, 0, 0, 0, 0, 4, 999, 2;
1, 256, 0, 0, 0, 0, 5, 1000, 3;
1, 256, 0, 0, 0, 0, 4, 999, 2;
1, 256, 1, 1, 1, 1, 6, 1001, 4;
1, 256, 0, -1, -1, -1, 4, 999, 2;
1, 256, 0, 1, 1, 1, 5, 1000, 3;
1, 256, 0, 0, 0, 0, 4, 999, 2;
1, 256, 0, 0, 0, 0, 5, 1000, 3;
1, 256, 1, 1, 1, 1, 6, 1000, 4;
1, 256, 0, 1, 1, 1, 5, 1000, 3;
1, 256, 0, 0, 0, 0, 5, 1000, 3;
1, 256, 0, -1, -1, -1, 4, 999, 2;
1, 256, 0, 0, 0, 0, 4, 999, 2;
1, 256, 0, 1, 1, 1, 5, 1000, 3;
1, 256, 0, -1, -1, -1, 4, 999, 2;
1, 256, 0, 1, 1, 1, 5, 1000, 3;
1, 256, 0, 0, 0, 0, 5, 1000, 3;
1, 256, 0, 0, 0, 0, 5, 1000, 3;
1, 256, 0, -1, -1, -1, 4, 999, 2;
1, 256, 0, 1, 1, 1, 5, 1000, 3;
1, 256, 0, -1, -1, -1, 4, 999, 2;
1, 256, 0, 0, 0, 0, 5, 999, 2;
1, 256, 0, 0, 0, 0, 4, 999, 2;
1, 256, 0, -1, -1, -1, 4, 999, 2;
1, 256, 0, -1, -1, -1, 4, 999, 2;
1, 256, 1, 1, 1, 1, 6, 1000, 3;
1, 256, 0, 0, 0, 0, 5, 1000, 3;
1, 256, 0, 0, 0, 0, 5, 1000, 3;
1, 256, 1, 1, 1, 1, 6, 1001, 4;
1, 256, 0, 0, 0, 0, 4, 999, 2;
1, 256, 0, -1, -1, -1, 3, 998, 1;
1, 256, 1, 1, 1, 1, 6, 1000, 4;
1, 256, 0, 0, 0, 0, 5, 1000, 3;
1, 256, 0, -1, -1, -1, 4, 999, 2;
1, 256, 0, 0, 0, 0, 4, 999, 2;
1, 256, 0, -1, -1, -1, 3, 998, 1;
1, 256, 0, 0, 0, 0, 5, 1000, 3;
1, 256, 0, 0, 0, 0, 4, 999, 2;
1, 256, 0, 0, 0, 0, 4, 999, 2;
1, 256, 0, 0, 0, 0, 5, 1000, 3;
1, 256, 0, 0, 0, 0, 5, 1000, 3;
1, 256, 0, 0, 0, 0, 5, 1000, 3;
1, 256, 1, 1, 1, 1, 6, 1001, 4;
1, 256, 0, 0, 0, 0, 4, 999, 2;
1, 256, 0, 0, 0, 0, 5, 1000, 3;
1, 256, 0, 0, 0, 0, 4, 999, 2;
1, 256, 0, 0, 0, 0, 4, 999, 2;
1, 256, 0, -1, -1, -1, 4, 999, 2;
1, 256, 0, -1, -1, -1, 3, 998, 1;
1, 256, 0, -1, -1, -1, 4, 999, 2;
1, 256, 1, 1, 1, 1, 6, 1001, 4;
1, 256, 1, 1, 1, 1, 5, 1000, 3;
1, 256, 1, 1, 1, 1, 6, 1000, 4;
1, 256, 0, 1, 1, 1, 5, 1000, 3;
1, 256, 0, 1, 1, 1, 5, 1000, 3;
1, 256, 0, 0, 0, 0, 4, 999, 2;
1, 256, 1, 1, 1, 1, 6, 1001, 4;
1, 256, 0, 1, 1, 1, 5, 1000, 3;
1, 256, 0, 0, 0, 0, 5, 1000, 3;
1, 256, 0, 0, 0, 0, 5, 1000, 3;
1, 256, 0, 0, 0, 0, 5, 1000, 3;
1, 256, 0, -1, -1, -1, 3, 998, 1;
1, 256, 0, 0, 0, 0, 5, 1000, 3;
1, 256, 0, 0, 0, 0, 5, 1000, 3;
1, 256, 0, 0, 0, 0, 5, 1000, 3;
1, 256, 0, 0, 0, 0, 4, 999, 2;
1, 256, 0, 1, 1, 1, 5, 1000, 3;
1, 256, 0, 0, 0, 0, 4, 999, 2;
1, 256, 0, 1, 1, 1, 5, 1000, 3;
1, 256, 1, 1, 1, 1, 6, 1001, 4;
1, 256, 0, -1, -1, -1, 4, 999, 2;
1, 256, 0, 0, 0, 0, 4, 999, 2;
1, 256, 0, 0, 0, 0, 4, 999, 2;
1, 256, 0, -1, -1, -1, 4, 999, 2;
1, 256, 0, 0, 0, 0, 4, 999, 2;
1, 256, 0, 1, 1, 1, 5, 1000, 3;
1, 256, 0, 0, 0, 0, 4, 999, 2;
1, 256, 0, 0, 0, 0, 5, 1000, 3;
1, 256, 0, 1, 1, 1, 5, 1000, 3;
1, 256, 0, 0, 0, 0, 5, 1000, 3;
1, 256, 0, 0, 0, 0, 4, 999, 2;
1, 256, 0, 0, 0, 0, 5, 1000, 3;
1, 256, 0, 0, 0, 0, 4, 999, 2;
1, 256, 0, 0, 0, 0, 4, 999, 2;
1, 256, 0, 0, 0, 0, 4, 999, 2;
1, 256, 1, 1, 1, 1, 6, 1001, 4;
1, 256, 0, 0, 0, 0, 5, 1000, 3;
1, 256, 0, 0, 0, 0, 4, 999, 2;
1, 256, 1, 1, 1, 1, 6, 1001, 4;
1, 256, 0, -1, -1, -1, 4, 999, 2;
1, 256, 0, 0, 0, 0, 4, 999, 2;
1, 256, 0, 0, 0, 0, 5, 1000, 3;
1, 256, 0, -1, -1, -1, 4, 999, 2;
1, 256, 0, 0, 0, 0, 5, 1000, 3;
1, 256, 1, 1, 1, 1, 6, 1001, 4;
1, 256, 0, -1, -1, -1, 3, 998, 1;
1, 256, 0, 0, 0, 0, 5, 1000, 3;
1, 256, 0, 0, 0, 0, 5, 1000, 3;
1, 256, 0, -1, -1, -1, 3, 998, 1;
1, 256, 0, -1, -1, -1, 4, 999, 2;
1, 256, 0, -1, -1, -1, 4, 999, 2;
1, 256, 0, 0, 0, 0, 5, 1000, 3;
1, 256, 0, 0, 0, 0, 5, 1000, 3;
1, 256, 0, 0, 0, 0, 5, 999, 3;
1, 256, 0, 1, 1, 1, 5, 1000, 3;
1, 256, 0, 0, 0, 0, 5, 1000, 3;
1, 256, 0, 0, 0, 0, 5, 999, 3;
1, 256, 0, 0, 0, 0, 5, 1000, 3;
1, 256, 0, -1, -1, -1, 3, 998, 1;
1, 256, 0, 0, 0, 0, 4, 999, 2;
1, 256, 0, -1, -1, -1, 4, 999, 2;
1, 256, 0, 1, 1, 1, 5, 1000, 3;
1, 256, 0, 0, 0, 0, 4, 999, 2;
1, 256, 1, 1, 1, 1, 6, 1000, 4;
1, 256, 0, -1, -1, -1, 4, 999, 2;
1, 256, 0, 0, 0, 0, 5, 1000, 3;
1, 256, 0, 0, 0, 0, 4, 999, 2;
1, 256, 1, 1, 1, 1, 6, 1000, 4;
1, 256, 0, 0, 0, 0, 5, 999, 2;
1, 256, 0, -1, -1, -1, 4, 999, 2;
1, 256, 0, 0, 0, 0, 5, 1000, 3;
1, 256, 0, 1, 1, 1, 5, 1000, 3;
1, 256, 0, -1, -1, -1, 4, 999, 2;
1, 256, 0, 0, 0, 0, 4, 999, 2;
1, 256, 1, 1, 1, 1, 6, 1001, 4;
1, 256, 0, 0, 0, 0, 4, 999, 2;
1, 256, 0, 0, 0, 0, 5, 999, 2;
1, 256, 0, 1, 1, 1, 5, 1000, 3;
1, 256, 1, 1, 1, 1, 6, 1001, 4;
1, 256, 0, 0, 0, 0, 4, 999, 2;
1, 256, 0, 0, 0, 0, 4, 999, 2;
1, 256, 0, 1, 1, 1, 5, 1000, 3;
1, 256, 0, 1, 1, 1, 5, 1000, 3;
1, 256, 0, -1, -1, -1, 4, 999, 2;
1, 256, 0, -1, -1, -1, 3, 998, 1;
1, 256, 1, 1, 1, 1, 6, 1001, 4;
1, 256, 0, -1, -1, -1, 4, 999, 2;
1, 256, 0, 0, 0, 0, 5, 1000, 3;
1, 256, 1, 1, 1, 1, 6, 1001, 4;
1, 256, 0, 0, 0, 0, 4, 999, 2;
1, 256, 0, 0, 0, 0, 4, 999, 2;
1, 256, 0, -1, -1, -1, 4, 998, 2;
1, 256, 0, -1, -1, -1, 4, 999, 2;
1, 256, 0, 0, 0, 0, 5, 1000, 3;
1, 256, 0, 0, 0, 0, 4, 999, 2;
1, 256, 1, 1, 1, 1, 6, 1001, 4;
1, 256, 0, -1, -1, -1, 4, 999, 2;
1, 256, 1, 1, 1, 1, 6, 1001, 4;
1, 256, 0, 0, 0, 0, 4, 999, 2;
1, 256, 0, 0, 0, 0, 5, 1000, 3;
1, 256, 1, 1, 1, 1, 6, 1001, 4;
1, 256, 0, 1, 1, 1, 5, 1000, 3;
1, 256, 0, 0, 0, 0, 4, 999, 2;
1, 256, 0, 0, 0, 0, 4, 999, 2;
1, 256, 1, 1, 1, 1, 5, 1000, 3;
1, 256, 0, 0, 0, 0, 4, 999, 2;
1, 256, 0, -1, -1, -1, 4, 998, 2;
1, 256, 1, 1, 1, 1, 6, 1001, 4;
1, 256, 0, 0, 0, 0, 5, 1000, 3;
1, 256, 0, 0, 0, 0, 5, 1000, 3;
1, 256, 0, -1, -1, -1, 4, 998, 2;
1, 256, 0, 0, 0, 0, 5, 1000, 3;
1, 256, 0, 0, 0, 0, 5, 1000, 3;
1, 256, 0, 0, 0, 0, 4, 999, 2;
1, 256, 0, -1, -1, -1, 4, 998, 1;
1, 256, 0, 0, 0, 0, 5, 1000, 3;
1, 256, 0, 0, 0, 0, 5, 1000, 3;
1, 256, 0, 0, 0, 0, 5, 1000, 3;
1, 256, 0, 1, 1, 1, 5, 1000, 3;
1, 256, 0, 1, 1, 1, 5, 1000, 3;
1, 256, 0, 0, 0, 0, 4, 999, 2;
1, 256, 0, 0, 0, 0, 5, 1000, 3;
1, 256, 0, 0, 0, 0, 4, 999, 2;
1, 256, 0, 0, 0, 0, 4, 999, 2;
1, 256, 0, 0, 0, 0, 4, 999, 2;
1, 256, 0, 0, 0, 0, 4, 999, 2;
1, 256, 0, 0, 0, 0, 5, 1000, 3;
1, 256, 0, 0, 0, 0, 4, 999, 2;
1, 256, 0, 0, 0, 0, 4, 999, 2;
1, 256, 0, -1, -1, -1, 4, 999, 2;
1, 256, 0, -1, -1, -1, 4, 999, 2;
1, 256, 0, 0, 0, 0, 5, 1000, 3;
1, 256, 0, -1, -1, -1, 4, 999, 2;
1, 256, 0, -1, -1, -1, 4, 998, 1;
1, 256, 0, 0, 0, 0, 5, 1000, 3;
1, 256, 0, -1, -1, -1, 4, 998, 1;
1, 256, 0, 0, 0, 0, 4, 999, 2;
1, 256, 0, -1, -1, -1, 4, 999, 2;
1, 256, 1, 1, 1, 1, 6, 1001, 4;
1, 256, 0, 0, 0, 0, 5, 1000, 3;
1, 256, 0, 0, 0, 0, 5, 1000, 3;
1, 256, 0, 0, 0, 0, 5, 1000, 3;
1, 256, 0, 0, 0, 0, 5, 1000, 3;
1, 256, 0, -1, -1, -1, 4, 999, 2;
1, 256, 0, 1, 1, 1, 5, 1000, 3;
1, 256, 0, 0, 0, 0, 5, 1000, 3;
1, 256, 0, 0, 0, 0, 5, 1000, 3;
1, 256, 0, -1, -1, -1, 4, 999, 2;
1, 256, 0, 0, 0, 0, 5, 1000, 3;
1, 256, 0, 0, 0, 0, 5, 1000, 3;
1, 256, 1, 1, 1, 1, 6, 1001, 4;
1, 256, 1, 1, 1, 1, 6, 1001, 4;
1, 256, 0, 0, 0, 0, 4, 999, 2;
1, 256, 0, -1, -1, -1, 4, 999, 2;
1, 256, 0, 0, 0, 0, 4, 999, 2;
1, 256, 0, 0, 0, 0, 4, 999, 2;
1, 256, 0, 0, 0, 0, 4, 999, 2;
1, 256, 0, 1, 1, 1, 5, 1000, 3;
1, 256, 0, 0, 0, 0, 5, 1000, 3;
1, 256, 0, 0, 0, 0, 4, 999, 2;
1, 256, 1, 1, 1, 1, 6, 1001, 4;
1, 256, 0, 0, 0, 0, 5, 1000, 3;
1, 256, 0, 1, 1, 1, 5, 1000, 3;
1, 256, 0, -1, -1, -1, 4, 998, 1;
0, 256, 0, -1, -1, -1, 3, 998, 1;
1, 256, 0, 0, 0, 0, 5, 1000, 3;
1, 256, 0, 0, 0, 0, 5, 1000, 3;
1, 256, 0, -1, -1, -1, 3, 998, 1;
1, 256, 0, 0, 0, 0, 4, 999, 2;
1, 256, 0, 0, 0, 0, 4, 999, 2;
1, 256, 1, 1, 1, 1, 6, 1001, 4;
1, 256, 1, 1, 1, 1, 6, 1001, 4;
1, 256, 0, 0, 0, 0, 5, 1000, 3;
1, 256, 0, 0, 0, 0, 4, 999, 2;
1, 256, 0, 0, 0, 0, 5, 1000, 3;
1, 256, 0, -1, -1, -1, 4, 998, 2;
1, 256, 1, 1, 1, 1, 5, 1000, 3;
1, 256, 0, -1, -1, -1, 3, 998, 1;
1, 256, 0, 0, 0, 0, 5, 1000, 3;
1, 256, 0, 0, 0, 0, 4, 999, 2;
1, 256, 1, 1, 1, 1, 6, 1001, 4;
1, 256, 0, 0, 0, 0, 5, 1000, 3;
1, 256, 0, 0, 0, 0, 5, 1000, 3;
1, 256, 0, 0, 0, 0, 5, 1000, 3;
1, 256, 0, 0, 0, 0, 4, 999, 2;
1, 256, 0, 0, 0, 0, 5, 1000, 3;
1, 256, 0, 0, 0, 0, 5, 1000, 3;
1, 256, 0, 1, 1, 1, 5, 1000, 3;
1, 256, 0, 0, 0, 0, 5, 1000, 3;
1, 256, 0, 0, 0, 0, 4, 999, 2;
1, 256, 1, 1, 1, 1, 5, 1000, 3;
1, 256, 0, 1, 1, 1, 5, 1000, 3;
1, 256, 0, 0, 0, 0, 4, 999, 2;
1, 256, 1, 1, 1, 1, 5, 1000, 3;
1, 256, 0, -1, -1, -1, 4, 999, 2;
1, 256, 0, -1, -1, -1, 4, 998, 2;
1, 256, 1, 1, 1, 1, 6, 1001, 4;
1, 256, 0, 0, 0, 0, 4, 999, 2;
1, 256, 0, 0, 0, 0, 5, 1000, 3;
1, 256, 0, 0, 0, 0, 5, 1000, 3;
1, 256, 1, 1, 1, 1, 6, 1000, 4;
1, 256, 0, -1, -1, -1, 3, 998, 1;
1, 256, 0, 0, 0, 0, 5, 1000, 3;
1, 256, 0, -1, -1, -1, 4, 999, 2;
1, 256, 0, 1, 1, 1, 5, 1000, 3;
1, 256, 0, 0, 0, 0, 4, 999, 2;
1, 256, 0, -1, -1, -1, 4, 998, 2;
1, 256, 0, 1, 1, 1, 5, 1000, 3;
1, 256, 1, 1, 1, 1, 6, 1001, 4;
1, 256, 0, -1, -1, -1, 4, 999, 2;
1, 256, 0, 0, 0, 0, 4, 999, 2;
1, 256, 0, 1, 1, 1, 5, 1000, 3;
1, 256, 0, 0, 0, 0, 5, 1000, 3;
1, 256, 1, 1, 1, 1, 5, 1000, 3;
1, 256, 0, 1, 1, 1, 5, 1000, 3;
1, 256, 0, 0, 0, 0, 5, 1000, 3;
1, 256, 1, 1, 1, 1, 6, 1001, 4;
1, 256, 0, -1, -1, -1, 4, 999, 2;
1, 256, 0, 0, 0, 0, 4, 999, 2;
1, 256, 0, -1, -1, -1, 3, 998, 1;
1, 256, 0, 0, 0, 0, 5, 1000, 3;
1, 256, 1, 1, 1, 1, 6, 1001, 4;
1, 256, 0, -1, -1, -1, 4, 999, 2;
1, 256, 0, 1, 1, 1, 5, 1000, 3;
1, 256, 0, 0, 0, 0, 4, 999, 2;
1, 256, 0, 1, 1, 1, 5, 1000, 3;
1, 256, 0, 0, 0, 0, 5, 999, 2;
1, 256, 0, 0, 0, 0, 4, 999, 2;
1, 256, 0, 0, 0, 0, 5, 999, 3;
1, 256, 1, 1, 1, 1, 5, 1000, 3;
1, 256, 1, 1, 1, 1, 6, 1001, 4;
1, 256, 1, 1, 1, 1, 6, 1001, 4;
1, 256, 0, 0, 0, 0, 5, 1000, 3;
1, 256, 1, 1, 1, 1, 5, 1000, 3;
1, 256, 1, 1, 1, 1, 6, 1001, 4;
1, 256, 0, 1, 1, 1, 5, 1000, 3;
1, 256, 0, 0, 0, 0, 5, 1000, 3;
1, 256, 0, -1, -1, -1, 4, 999, 2;
1, 256, 0, -1, -1, -1, 3, 998, 1;
1, 256, 1, 1, 1, 1, 6, 1000, 4;
1, 256, 0, -1, -1, -1, 4, 999, 2;
1, 256, 0, 0, 0, 0, 4, 999, 2;
1, 256, 1, 1, 1, 1, 6, 1000, 4;
1, 256, 0, -1, -1, -1, 4, 999, 2;
1, 256, 0, 0, 0, 0, 4, 999, 2;
1, 256, 0, -1, -1, -1, 4, 999, 2;
1, 256, 0, -1, -1, -1, 3, 998, 1;
1, 256, 0, 0, 0, 0, 5, 1000, 3;
1, 256, 0, 0, 0, 0, 4, 999, 2;
1, 256, 0, -1, -1, -1, 4, 999, 2;
1, 256, 0, -1, -1, -1, 4, 998, 2;
1, 256, 0, 0, 0, 0, 5, 1000, 3;
1, 256, 1, 1, 1, 1, 6, 1001, 4;
1, 256, 0, -1, -1, -1, 4, 998, 2;
1, 256, 0, 0, 0, 0, 4, 999, 2;
1, 256, 0, 0, 0, 0, 5, 1000, 3;
1, 256, 1, 1, 1, 1, 6, 1001, 4;
1, 256, 0, 0, 0, 0, 4, 999, 2;
1, 256, 0, -1, -1, -1, 4, 999, 2;
1, 256, 0, 0, 0, 0, 4, 999, 2;
1, 256, 0, 0, 0, 0, 5, 1000, 3;
1, 256, 1, 1, 1, 1, 6, 1001, 4;
1, 256, 1, 1, 1, 1, 6, 1001, 4;
1, 256, 0, -1, -1, -1, 4, 999, 2;
1, 256, 0, -1, -1, -1, 4, 999, 2;
1, 256, 0, 0, 0, 0, 5, 1000, 3;
1, 256, 0, 0, 0, 0, 5, 1000, 3;
1, 256, 0, 0, 0, 0, 4, 999, 2;
1, 256, 0, 0, 0, 0, 4, 999, 2;
1, 256, 1, 1, 1, 1, 6, 1001, 4;
1, 256, 0, 0, 0, 0, 5, 1000, 3;
1, 256, 0, -1, -1, -1, 4, 999, 2;
1, 256, 0, -1, -1, -1, 3, 998, 1;
1, 256, 0, -1, -1, -1, 4, 999, 2;
0, 256, 0, -1, -1, -1, 3, 998, 1;
1, 256, 0, 0, 0, 0, 4, 999, 2;
1, 256, 1, 1, 1, 1, 6, 1000, 3;
1, 256, 1, 1, 1, 1, 6, 1000, 4;
1, 256, 0, 1, 1, 1, 5, 1000, 3;
1, 256, 0, 0, 0, 0, 5, 1000, 3;
1, 256, 0, 1, 1, 1, 5, 1000, 3;
1, 256, 0, 0, 0, 0, 5, 1000, 3;
1, 256, 0, 0, 0, 0, 4, 999, 2;
1, 256, 1, 1, 1, 1, 6, 1001, 4;
1, 256, 0, 1, 1, 1, 5, 1000, 3;
1, 256, 0, 1, 1, 1, 5, 1000, 3;
1, 256, 0, 0, 0, 0, 4, 999, 2;
1, 256, 1, 1, 1, 1, 6, 1001, 4;
1, 256, 1, 1, 1, 1, 6, 1001, 4;
1, 256, 1, 1, 1, 1, 6, 1001, 4;
1, 256, 1, 1, 1, 1, 6, 1001, 4;
1, 256, 0, 1, 1, 1, 5, 1000, 3;
1, 256, 0, -1, -1, -1, 3, 998, 1;
1, 256, 0, 0, 0, 0, 4, 999, 2;
1, 256, 0, 0, 0, 0, 4, 999, 2;
1, 256, 0, 0, 0, 0, 4, 999, 2;
1, 256, 0, 0, 0, 0, 5, 1000, 3;
1, 256, 0, 0, 0, 0, 4, 999, 2;
1, 256, 1, 1, 1, 1, 5, 1000, 3;
1, 256, 0, -1, -1, -1, 4, 999, 2;
1, 256, 0, 0, 0, 0, 5, 1000, 3;
1, 256, 1, 1, 1, 1, 6, 1001, 4;
1, 256, 0, -1, -1, -1, 4, 999, 2;
1, 256, 1, 1, 1, 1, 6, 1001, 4;
1, 256, 0, -1, -1, -1, 4, 999, 2;
1, 256, 0, 0, 0, 0, 5, 1000, 3;
1, 256, 0, 1, 1, 1, 5, 1000, 3;
1, 256, 0, 0, 0, 0, 5, 1000, 3;
1, 256, 1, 1, 1, 1, 5, 1000, 3;
1, 256, 0, -1, -1, -1, 4, 998, 2;
1, 256, 0, 0, 0, 0, 5, 1000, 3;
1, 256, 0, -1, -1, -1, 4, 999, 2;
1, 256, 0, 0, 0, 0, 5, 1000, 3;
1, 256, 0, -1, -1, -1, 4, 999, 2;
1, 256, 1, 1, 1, 1, 6, 1000, 4;
1, 256, 0, 0, 0, 0, 4, 999, 2;
1, 256, 0, -1, -1, -1, 3, 998, 1;
1, 256, 0, 0, 0, 0, 5, 1000, 3;
1, 256, 0, -1, -1, -1, 3, 998, 1;
1, 256, 0, -1, -1, -1, 4, 999, 2;
1, 256, 0, -1, -1, -1, 3, 998, 1;
1, 256, 0, 0, 0, 0, 5, 1000, 3;
1, 256, 1, 1, 1, 1, 5, 1000, 3;
1, 256, 0, 0, 0, 0, 5, 999, 2;
1, 256, 1, 1, 1, 1, 5, 1000, 3;
1, 256, 0, 0, 0, 0, 4, 999, 2;
1, 256, 0, -1, -1, -1, 4, 999, 2;
1, 256, 0, 0, 0, 0, 4, 999, 2;
1, 256, 0, 0, 0, 0, 4, 999, 2;
1, 256, 1, 1, 1, 1, 6, 1001, 4;
1, 256, 0, -1, -1, -1, 4, 999, 2;
1, 256, 0, 0, 0, 0, 4, 999, 2;
1, 256, 0, 0, 0, 0, 5, 1000, 3;
1, 256, 1, 1, 1, 1, 5, 1000, 3;
1, 256, 0, -1, -1, -1, 4, 999, 2;
1, 256, 0, 0, 0, 0, 5, 1000, 3;
1, 256, 0, 0, 0, 0, 5, 1000, 3;
1, 256, 0, -1, -1, -1, 4, 999, 2;
1, 256, 0, 0, 0, 0, 4, 999, 2;
1, 256, 0, -1, -1, -1, 4, 999, 2;
1, 256, 0, 1, 1, 1, 5, 1000, 3;
1, 256, 0, 1, 1, 1, 5, 1000, 3;
1, 256, 0, -1, -1, -1, 4, 998, 1;
1, 256, 0, 0, 0, 0, 5, 1000, 3;
1, 256, 0, -1, -1, -1, 4, 999, 2;
1, 256, 0, 0, 0, 0, 5, 1000, 3;
1, 256, 0, -1, -1, -1, 4, 999, 2;
1, 256, 0, -1, -1, -1, 4, 999, 2;
1, 256, 0, -1, -1, -1, 4, 999, 2;
1, 256, 0, 1, 1, 1, 5, 1000, 3;
1, 256, 0, 0, 0, 0, 5, 1000, 3;
1, 256, 0, 0, 0, 0, 5, 1000, 3;
1, 256, 0, 0, 0, 0, 5, 1000, 3;
1, 256, 0, -1, -1, -1, 4, 999, 2;
1, 256, 0, -1, -1, -1, 4, 999, 2;
1, 256, 0, 0, 0, 0, 5, 1000, 3;
1, 256, 0, 0, 0, 0, 5, 1000, 3;
1, 256, 0, 1, 1, 1, 5, 1000, 3;
1, 256, 0, -1, -1, -1, 4, 999, 2;
1, 256, 0, 0, 0, 0, 4, 999, 2;
1, 256, 0, 1, 1, 1, 5, 1000, 3;
1, 256, 0, -1, -1, -1, 4, 999, 2;
1, 256, 0, 0, 0, 0, 5, 1000, 3;
1, 256, 0, -1, -1, -1, 4, 999, 2;
1, 256, 0, -1, -1, -1, 4, 999, 2;
1, 256, 0, 0, 0, 0, 5, 1000, 3;
1, 256, 0, -1, -1, -1, 3, 998, 1;
1, 256, 1, 1, 1, 1, 6, 1000, 4;
1, 256, 0, -1, -1, -1, 4, 999, 2;
1, 256, 0, 0, 0, 0, 5, 1000, 3;
1, 256, 0, 0, 0, 0, 4, 999, 2;
1, 256, 0, 0, 0, 0, 4, 999, 2;
1, 256, 0, -1, -1, -1, 4, 999, 2;
1, 256, 1, 1, 1, 1, 6, 1000, 3;
1, 256, 0, 0, 0, 0, 5, 1000, 3;
1, 256, 0, 1, 1, 1, 5, 1000, 3;
1, 256, 1, 1, 1, 1, 6, 1001, 4;
1, 256, 0, -1, -1, -1, 4, 999, 2;
1, 256, 0, 0, 0, 0, 5, 1000, 3;
1, 256, 0, -1, -1, -1, 3, 998, 1;
1, 256, 0, -1, -1, -1, 4, 999, 2;
1, 256, 0, 1, 1, 1, 5, 1000, 3;
1, 256, 0, 0, 0, 0, 5, 1000, 3;
1, 256, 0, -1, -1, -1, 4, 999, 2;
1, 256, 0, 0, 0, 0, 5, 1000, 3;
1, 256, 0, 0, 0, 0, 4, 999, 2;
1, 256, 0, 0, 0, 0, 5, 1000, 3;
1, 256, 0, -1, -1, -1, 4, 999, 2;
1, 256, 0, 0, 0, 0, 5, 1000, 3;
1, 256, 0, -1, -1, -1, 3, 998, 1;
1, 256, 0, 0, 0, 0, 5, 1000, 3;
1, 256, 1, 1, 1, 1, 6, 1001, 4;
1, 256, 0, 0, 0, 0, 5, 1000, 3;
1, 256, 0, 0, 0, 0, 5, 1000, 3;
1, 256, 0, 0, 0, 0, 4, 999, 2;
1, 256, 0, -1, -1, -1, 4, 998, 1;
1, 256, 0, 0, 0, 0, 4, 999, 2;
1, 256, 0, -1, -1, -1, 3, 998, 1;
1, 256, 0, 0, 0, 0, 4, 999, 2;
1, 256, 0, 0, 0, 0, 5, 1000, 3;
1, 256, 0, 1, 1, 1, 5, 1000, 3;
1, 256, 0, 0, 0, 0, 4, 999, 2;
1, 256, 0, 0, 0, 0, 5, 1000, 3;
1, 256, 0, -1, -1, -1, 4, 999, 2;
1, 256, 0, -1, -1, -1, 4, 999, 2;
1, 256, 0, 0, 0, 0, 5, 1000, 3;
1, 256, 0, -1, -1, -1, 4, 999, 2;
1, 256, 0, 1, 1, 1, 5, 1000, 3;
1, 256, 0, 0, 0, 0, 4, 999, 2;
1, 256, 0, 0, 0, 0, 4, 999, 2;
1, 256, 1, 1, 1, 1, 6, 1000, 4;
1, 256, 0, 0, 0, 0, 5, 1000, 3;
1, 256, 0, 0, 0, 0, 4, 999, 2;
1, 256, 0, 0, 0, 0, 4, 999, 2;
1, 256, 0, 0, 0, 0, 5, 1000, 3;
1, 256, 0, 1, 1, 1, 5, 1000, 3;
1, 256, 0, -1, -1, -1, 4, 999, 2;
1, 256, 0, -1, -1, -1, 4, 999, 2;
1, 256, 0, 0, 0, 0, 4, 999, 2;
1, 256, 0, 0, 0, 0, 4, 999, 2;
1, 256, 1, 1, 1, 1, 6, 1001, 4;
1, 256, 0, 0, 0, 0, 4, 999, 2;
1, 256, 0, -1, -1, -1, 4, 999, 2;
1, 256, 1, 1, 1, 1, 6, 1001, 4;
1, 256, 0, 0, 0, 0, 5, 1000, 3;
1, 256, 0, 0, 0, 0, 5, 1000, 3;
1, 256, 1, 1, 1, 1, 6, 1001, 4;
1, 256, 0, 0, 0, 0, 5, 1000, 3;
1, 256, 0, -1, -1, -1, 4, 999, 2;
1, 256, 0, -1, -1, -1, 4, 999, 2;
1, 256, 1, 1, 1, 1, 6, 1001, 4;
1, 256, 0, -1, -1, -1, 4, 999, 2;
1, 256, 1, 1, 1, 1, 6, 1000, 3;
1, 256, 0, 0, 0, 0, 4, 999, 2;
1, 256, 0, 0, 0, 0, 5, 999, 3;
1, 256, 0, 0, 0, 0, 5, 1000, 3;
1, 256, 0, -1, -1, -1, 4, 999, 2;
1, 256, 0, -1, -1, -1, 4, 998, 2;
1, 256, 0, 0, 0, 0, 5, 1000, 3;
1, 256, 0, 0, 0, 0, 4, 999, 2;
1, 256, 0, 0, 0, 0, 4, 999, 2;
1, 256, 1, 1, 1, 1, 6, 1001, 4;
1, 256, 1, 1, 1, 1, 5, 1000, 3;
1, 256, 0, -1, -1, -1, 3, 998, 1;
1, 256, 0, -1, -1, -1, 4, 999, 2;
1, 256, 0, 0, 0, 0, 4, 999, 2;
1, 256, 0, 0, 0, 0, 5, 1000, 3;
1, 256, 0, 0, 0, 0, 5, 1000, 3;
1, 256, 0, 1, 1, 1, 5, 1000, 3;
1, 256, 1, 1, 1, 1, 5, 1000, 3;
1, 256, 0, 0, 0, 0, 5, 1000, 3;
1, 256, 1, 1, 1, 1, 6, 1001, 4;
1, 256, 1, 1, 1, 1, 6, 1001, 4;
1, 256, 0, -1, -1, -1, 3, 998, 1;
1, 256, 0, 0, 0, 0, 5, 1000, 3;
1, 256, 0, 0, 0, 0, 5, 1000, 3;
1, 256, 0, 0, 0, 0, 5, 1000, 3;
1, 256, 0, 0, 0, 0, 5, 1000, 3;
1, 256, 0, 1, 1, 1, 5, 1000, 3;
1, 256, 0, -1, -1, -1, 4, 999, 2;
1, 256, 0, 1, 1, 1, 5, 1000, 3;
1, 256, 0, 0, 0, 0, 5, 1000, 3;
1, 256, 0, 0, 0, 0, 5, 1000, 3;
1, 256, 0, -1, -1, -1, 4, 999, 2;
1, 256, 0, 0, 0, 0, 5, 1000, 3;
1, 256, 0, -1, -1, -1, 3, 998, 1;
1, 256, 0, -1, -1, -1, 4, 999, 2;
1, 256, 0, 0, 0, 0, 5, 1000, 3;
1, 256, 0, 0, 0, 0, 5, 1000, 3;
1, 256, 0, -1, -1, -1, 4, 999, 2;
1, 256, 0, 0, 0, 0, 4, 999, 2;
1, 256, 0, -1, -1, -1, 4, 999, 2;
1, 256, 1, 1, 1, 1, 6, 1001, 4;
1, 256, 1, 1, 1, 1, 6, 1001, 4;
1, 256, 0, 1, 1, 1, 5, 1000, 3;
1, 256, 0, -1, -1, -1, 4, 999, 2;
1, 256, 0, 0, 0, 0, 4, 999, 2;
1, 256, 0, 0, 0, 0, 4, 999, 2;
1, 256, 1, 1, 1, 1, 6, 1001, 4;
1, 256, 0, -1, -1, -1, 4, 998, 2;
1, 256, 1, 1, 1, 1, 6, 1000, 4;
1, 256, 0, 0, 0, 0, 4, 999, 2;
1, 256, 0, 0, 0, 0, 5, 1000, 3;
1, 256, 0, 1, 1, 1, 5, 1000, 3;
1, 256, 1, 1, 1, 1, 6, 1001, 4;
1, 256, 0, 1, 1, 1, 5, 1000, 3;
1, 256, 0, 1, 1, 1, 5, 1000, 3;
1, 256, 0, 0, 0, 0, 4, 999, 2;