-1, 294, 11, -4, 405, -4, -5, 1146, 45;
3, 297, 15, 33, 416, 6, 15, 1161, 59;
6, 298, 15, 62, 416, 8, 23, 1162, 60;
3, 293, 10, 74, 399, -6, 11, 1143, 42;
9, 297, 16, 116, 411, 9, 38, 1161, 62;
10, 296, 14, 139, 403, 5, 39, 1154, 57;
6, 290, 9, 148, 381, -11, 25, 1132, 36;
13, 294, 14, 189, 391, 3, 50, 1149, 55;
16, 296, 16, 221, 390, 9, 64, 1154, 63;
11, 288, 9, 225, 362, -10, 45, 1126, 37;
14, 288, 10, 253, 357, -7, 55, 1126, 41;
17, 290, 12, 283, 354, -1, 69, 1131, 49;
16, 286, 9, 297, 335, -10, 63, 1116, 38;
24, 291, 16, 340, 346, 10, 95, 1138, 64;
19, 284, 10, 343, 315, -8, 77, 1110, 40;
25, 288, 15, 379, 318, 6, 100, 1124, 59;
24, 284, 12, 389, 295, -2, 93, 1107, 47;
26, 284, 13, 413, 286, 1, 104, 1108, 53;
28, 283, 14, 433, 274, 3, 111, 1105, 54;
25, 277, 9, 437, 245, -10, 98, 1082, 38;
32, 282, 16, 473, 250, 9, 126, 1101, 62;
33, 281, 16, 490, 235, 10, 132, 1097, 64;
32, 277, 14, 497, 212, 3, 127, 1082, 55;
32, 275, 13, 508, 193, 1, 128, 1073, 53;
32, 272, 12, 516, 171, -2, 125, 1061, 47;
36, 273, 15, 537, 163, 6, 140, 1067, 59;
37, 272, 16, 549, 148, 9, 146, 1063, 62;
35, 268, 13, 549, 122, 1, 138, 1046, 52;
32, 263, 10, 546, 93, -8, 127, 1026, 39;
36, 264, 13, 562, 83, 0, 140, 1031, 51;
37, 263, 14, 570, 68, 3, 145, 1028, 55;
38, 263, 15, 578, 52, 7, 151, 1026, 60;
33, 255, 9, 562, 15, -10, 129, 996, 38;
40, 260, 16, 585, 17, 11, 156, 1016, 65;
32, 251, 9, 561, -24, -11, 128, 980, 36;
39, 256, 15, 580, -23, 8, 153, 998, 61;
34, 249, 11, 564, -56, -5, 135, 974, 44;
37, 250, 14, 569, -66, 3, 145, 978, 55;
33, 245, 10, 553, -96, -6, 130, 958, 42;
39, 249, 16, 565, -96, 12, 152, 974, 65;
36, 246, 15, 551, -120, 6, 143, 960, 58;
30, 239, 9, 526, -155, -10, 120, 932, 37;
34, 241, 13, 529, -160, 2, 134, 942, 54;
33, 239, 13, 517, -178, 2, 130, 935, 53;
33, 238, 14, 505, -194, 3, 128, 930, 54;
29, 234, 11, 484, -218, -4, 116, 914, 45;
30, 234, 13, 474, -230, 0, 118, 914, 51;
30, 233, 13, 461, -243, 2, 117, 911, 54;
31, 234, 16, 453, -250, 10, 123, 916, 64;
27, 230, 13, 426, -273, 2, 108, 899, 53;
27, 230, 15, 411, -283, 6, 108, 899, 58;
26, 229, 14, 391, -297, 5, 103, 893, 58;
20, 223, 10, 357, -323, -8, 80, 872, 40;
22, 225, 13, 346, -325, 1, 88, 880, 53;
21, 224, 13, 324, -336, 2, 82, 876, 53;
15, 219, 9, 288, -360, -11, 60, 855, 37;
15, 219, 10, 269, -365, -6, 60, 857, 42;
13, 218, 10, 244, -375, -7, 53, 853, 41;
12, 218, 10, 220, -383, -6, 48, 851, 42;
15, 222, 15, 211, -374, 8, 61, 867, 61;
10, 218, 12, 174, -392, -2, 40, 850, 47;
10, 219, 13, 153, -393, 2, 40, 855, 53;
11, 221, 16, 136, -388, 11, 44, 864, 64;
9, 221, 16, 108, -393, 10, 37, 862, 63;
2, 215, 10, 64, -413, -6, 9, 839, 42;
1, 215, 11, 39, -414, -5, 4, 840, 44;
2, 218, 14, 22, -405, 4, 9, 852, 56;
0, 217, 13, -7, -408, 1, 0, 848, 52;
-3, 216, 11, -39, -412, -3, -13, 842, 46;
-7, 214, 9, -73, -417, -10, -28, 835, 38;
-2, 220, 15, -80, -395, 9, -11, 860, 62;
-3, 221, 16, -104, -389, 11, -14, 864, 65;
-12, 215, 9, -153, -407, -10, -48, 838, 37;
-8, 221, 15, -160, -383, 7, -32, 863, 60;
-10, 221, 15, -187, -378, 6, -39, 864, 59;
-13, 220, 13, -217, -376, 2, -51, 861, 53;
-18, 218, 10, -252, -379, -8, -71, 850, 40;
-13, 225, 16, -257, -351, 10, -53, 878, 64;
-16, 224, 14, -286, -346, 5, -65, 875, 58;
-20, 223, 13, -314, -342, 0, -78, 872, 51;
-25, 220, 9, -349, -343, -11, -98, 861, 36;
-20, 227, 15, -352, -313, 6, -81, 888, 59;
-27, 223, 9, -390, -318, -11, -108, 871, 37;
-21, 231, 16, -387, -282, 11, -84, 904, 65;
-25, 230, 13, -415, -277, 2, -100, 898, 54;
-31, 227, 9, -448, -278, -11, -123, 885, 36;
-26, 235, 15, -444, -242, 8, -102, 916, 61;
-30, 233, 12, -470, -236, 0, -117, 911, 50;
-27, 239, 16, -472, -207, 11, -106, 932, 65;
-30, 238, 14, -494, -198, 4, -118, 929, 56;
-32, 238, 12, -512, -187, -1, -128, 929, 49;
-31, 242, 14, -517, -163, 5, -123, 944, 57;
-33, 242, 13, -532, -149, 0, -131, 944, 52;
-36, 241, 11, -548, -138, -5, -142, 943, 43;
-36, 243, 11, -556, -119, -5, -143, 950, 44;
-35, 247, 12, -558, -96, 0, -139, 963, 50;
-37, 247, 11, -569, -83, -6, -148, 963, 43;
-36, 250, 12, -570, -59, -2, -143, 975, 48;
-38, 250, 10, -578, -45, -6, -150, 977, 42;
-40, 251, 9, -584, -30, -11, -156, 978, 37;
-39, 253, 10, -581, -8, -8, -152, 989, 40;
-33, 261, 16, -562, 30, 10, -129, 1020, 64;
-33, 262, 15, -562, 47, 8, -131, 1025, 61;
-35, 262, 13, -566, 58, 1, -139, 1023, 52;
-34, 265, 14, -559, 81, 4, -134, 1034, 56;
-32, 268, 16, -547, 106, 10, -125, 1048, 63;
-37, 264, 10, -558, 106, -7, -146, 1033, 41;
-31, 272, 16, -532, 142, 10, -122, 1061, 63;
-32, 272, 14, -528, 155, 4, -126, 1062, 56;
-32, 273, 14, -519, 172, 3, -125, 1067, 55;
-30, 276, 15, -504, 192, 6, -118, 1077, 59;
-28, 278, 16, -488, 212, 9, -112, 1087, 62;
-28, 279, 15, -476, 227, 7, -111, 1091, 60;
-32, 276, 10, -478, 226, -9, -128, 1076, 39;
-29, 279, 12, -455, 248, -2, -115, 1090, 48;
-25, 283, 15, -429, 272, 6, -100, 1107, 58;
-28, 281, 11, -423, 274, -5, -110, 1097, 44;
-24, 285, 13, -397, 296, 1, -97, 1112, 53;
-20, 289, 16, -369, 317, 10, -81, 1127, 63;
-23, 286, 12, -361, 317, -2, -92, 1116, 47;
-20, 289, 14, -332, 336, 4, -78, 1129, 56;
-21, 287, 11, -320, 337, -5, -85, 1120, 44;
-15, 292, 15, -283, 361, 8, -62, 1142, 61;
-16, 291, 13, -267, 363, 1, -65, 1136, 52;
-14, 292, 13, -241, 373, 2, -57, 1141, 54;
-13, 292, 13, -218, 379, 0, -53, 1142, 52;
-12, 292, 12, -195, 384, -1, -50, 1141, 49;
-13, 290, 9, -178, 382, -9, -53, 1134, 38;
-5, 298, 16, -130, 408, 11, -20, 1162, 65;
-4, 297, 16, -106, 410, 9, -17, 1161, 62;
-2, 298, 15, -80, 413, 9, -11, 1162, 62;
-1, 297, 15, -55, 415, 7, -5, 1161, 60;
-5, 292, 10, -44, 400, -8, -19, 1141, 40;
-3, 292, 9, -19, 399, -10, -15, 1139, 37;
3, 297, 15, 24, 416, 6, 13, 1161, 59;
1, 293, 11, 39, 403, -5, 4, 1145, 44;
7, 298, 16, 81, 415, 9, 29, 1163, 62;
2, 291, 9, 88, 393, -10, 11, 1137, 37;
7, 294, 12, 123, 398, -1, 29, 1147, 49;
11, 296, 15, 157, 401, 6, 45, 1155, 58;
8, 290, 10, 168, 381, -8, 33, 1134, 40;
15, 295, 15, 211, 391, 8, 60, 1153, 61;
12, 290, 10, 220, 368, -7, 47, 1131, 41;
18, 294, 15, 260, 375, 7, 72, 1147, 60;
16, 289, 11, 272, 355, -3, 64, 1129, 46;
16, 286, 10, 290, 339, -9, 62, 1118, 39;
18, 287, 11, 317, 333, -5, 73, 1119, 44;
22, 287, 13, 344, 328, 0, 86, 1122, 51;
23, 287, 13, 367, 317, 1, 93, 1120, 53;
25, 286, 14, 389, 306, 3, 100, 1117, 55;
22, 280, 9, 395, 279, -10, 88, 1095, 38;
26, 282, 12, 421, 273, -2, 102, 1099, 47;
31, 284, 16, 451, 270, 9, 121, 1109, 62;
26, 276, 9, 449, 236, -9, 102, 1079, 38;
29, 277, 12, 472, 228, -1, 115, 1083, 48;
33, 279, 15, 496, 221, 7, 131, 1089, 60;
31, 274, 12, 499, 194, -2, 121, 1070, 47;
33, 274, 13, 517, 182, 1, 130, 1069, 53;
30, 268, 10, 517, 153, -9, 119, 1049, 39;
34, 271, 13, 539, 147, 2, 136, 1056, 53;
37, 271, 15, 553, 134, 8, 145, 1057, 61;
34, 265, 12, 550, 105, -2, 133, 1036, 47;
37, 267, 15, 566, 95, 6, 147, 1041, 59;
38, 265, 15, 572, 77, 6, 149, 1034, 59;
34, 259, 11, 564, 46, -4, 135, 1013, 45;
33, 256, 10, 563, 23, -8, 131, 1000, 39;
36, 257, 12, 571, 11, -1, 140, 1002, 48;
39, 258, 15, 581, 1, 8, 153, 1007, 61;
39, 256, 15, 581, -17, 8, 152, 1000, 61;
39, 255, 16, 580, -35, 9, 154, 995, 63;
40, 254, 16, 578, -51, 12, 156, 991, 66;
31, 244, 9, 549, -95, -12, 124, 953, 35;
36, 247, 14, 559, -98, 3, 142, 966, 55;
35, 245, 13, 550, -118, 1, 138, 957, 53;
37, 246, 16, 549, -128, 9, 146, 960, 63;
31, 239, 10, 523, -163, -6, 123, 932, 42;
30, 236, 10, 510, -183, -8, 118, 924, 40;
35, 240, 15, 515, -183, 8, 136, 938, 61;
30, 235, 11, 490, -212, -3, 118, 917, 46;
29, 233, 11, 475, -229, -4, 113, 910, 45;
30, 234, 14, 467, -237, 3, 119, 913, 54;
25, 228, 9, 437, -266, -10, 98, 891, 38;
29, 232, 15, 437, -264, 6, 115, 907, 59;
30, 232, 16, 423, -273, 11, 117, 908, 65;
27, 230, 15, 401, -289, 9, 108, 899, 62;
25, 228, 14, 377, -306, 4, 98, 889, 56;
24, 227, 15, 358, -316, 7, 96, 888, 59;
23, 226, 15, 337, -327, 8, 92, 884, 60;
22, 226, 16, 317, -336, 9, 88, 882, 62;
17, 221, 12, 282, -357, -1, 68, 865, 49;
16, 221, 13, 261, -364, 0, 65, 864, 52;
14, 220, 12, 234, -374, -1, 57, 859, 49;
10, 217, 10, 202, -389, -8, 41, 847, 40;
13, 221, 15, 192, -381, 6, 54, 863, 58;
12, 221, 15, 167, -386, 7, 48, 862, 60;
7, 217, 12, 130, -401, -3, 29, 847, 47;
7, 218, 13, 108, -401, 0, 27, 850, 51;
7, 219, 15, 87, -398, 7, 28, 857, 59;
3, 217, 13, 55, -406, 1, 15, 849, 52;
0, 215, 11, 22, -413, -4, 1, 842, 45;
-3, 213, 9, -12, -422, -12, -15, 831, 35;
-2, 216, 12, -28, -410, -1, -8, 845, 49;
0, 221, 16, -41, -395, 12, 1, 862, 65;
-8, 214, 10, -90, -415, -9, -31, 836, 39;
-5, 219, 14, -103, -398, 3, -21, 854, 55;
-8, 218, 13, -133, -397, 0, -32, 852, 52;
-6, 222, 16, -149, -382, 11, -26, 866, 64;
-12, 218, 12, -189, -390, -3, -50, 851, 47;
-14, 219, 12, -213, -382, -1, -54, 855, 48;
-15, 220, 12, -237, -374, -1, -60, 859, 49;
-15, 222, 14, -256, -361, 4, -59, 868, 55;
-14, 226, 16, -271, -343, 12, -55, 882, 66;
-21, 220, 10, -314, -353, -7, -85, 861, 41;
-24, 220, 9, -341, -346, -11, -96, 860, 36;
-21, 226, 14, -347, -319, 3, -82, 883, 55;
-26, 224, 10, -380, -319, -7, -101, 874, 41;
-26, 226, 12, -395, -301, -3, -101, 884, 47;
-27, 228, 12, -414, -288, -2, -106, 890, 47;
-25, 232, 15, -423, -263, 7, -97, 907, 60;
-29, 230, 12, -450, -259, -3, -115, 900, 47;
-29, 233, 13, -463, -240, 0, -114, 910, 51;
-30, 235, 13, -478, -224, 0, -118, 917, 52;
-30, 237, 14, -489, -204, 4, -117, 927, 56;
-35, 234, 9, -517, -202, -10, -139, 915, 37;
-36, 236, 9, -528, -184, -9, -141, 922, 38;
-36, 238, 10, -538, -165, -8, -142, 931, 40;
-36, 241, 11, -545, -144, -5, -141, 940, 43;
-32, 246, 15, -541, -113, 6, -128, 963, 59;
-37, 244, 10, -562, -108, -6, -146, 953, 42;
-32, 251, 16, -550, -72, 11, -125, 982, 64;
-33, 252, 15, -558, -55, 8, -130, 986, 61;
-34, 254, 15, -563, -38, 6, -133, 991, 59;
-34, 256, 15, -565, -18, 7, -133, 999, 60;
-37, 254, 11, -577, -10, -4, -147, 992, 45;
-36, 257, 13, -572, 13, 0, -141, 1005, 52;
-36, 259, 13, -571, 32, 0, -141, 1012, 51;
-38, 258, 10, -577, 43, -8, -151, 1009, 40;
-35, 263, 13, -564, 71, 0, -139, 1027, 51;
-38, 261, 10, -569, 79, -9, -151, 1021, 39;
-36, 265, 11, -558, 103, -4, -143, 1034, 45;
-33, 269, 14, -541, 130, 4, -130, 1052, 56;
-33, 271, 14, -533, 148, 3, -129, 1057, 54;
-33, 272, 13, -526, 163, 0, -130, 1061, 51;
-36, 270, 9, -526, 169, -11, -142, 1053, 37;
-28, 278, 16, -492, 207, 10, -112, 1086, 64;
-30, 277, 13, -486, 216, 2, -118, 1083, 54;
-30, 278, 12, -475, 229, 0, -119, 1084, 49;
-27, 282, 15, -452, 252, 6, -105, 1100, 59;
-27, 282, 14, -438, 264, 3, -105, 1101, 54;
-30, 279, 9, -435, 265, -10, -118, 1089, 37;
-26, 283, 12, -406, 288, -1, -102, 1106, 49;
-20, 289, 16, -374, 315, 12, -81, 1128, 65;
-25, 284, 10, -372, 308, -6, -99, 1109, 42;
-25, 284, 9, -355, 316, -11, -99, 1108, 36;
-19, 289, 14, -319, 342, 3, -75, 1130, 55;
-19, 289, 12, -302, 347, -2, -77, 1127, 48;
-17, 290, 13, -276, 359, 0, -68, 1133, 50;
-18, 289, 10, -259, 360, -7, -72, 1127, 41;
-15, 291, 12, -229, 374, -1, -58, 1138, 49;
-13, 292, 12, -206, 380, -3, -54, 1138, 46;
-8, 296, 16, -167, 399, 9, -32, 1157, 62;
-7, 296, 15, -143, 403, 8, -27, 1157, 61;
-5, 297, 15, -117, 408, 8, -21, 1159, 61;
-9, 292, 10, -107, 395, -8, -35, 1139, 40;
-6, 293, 10, -78, 399, -6, -26, 1143, 42;
0, 298, 15, -37, 416, 7, -1, 1162, 60;
-1, 294, 12, -20, 407, -2, -7, 1150, 48;
-2, 292, 9, -1, 399, -10, -10, 1140, 38;
4, 298, 15, 43, 416, 7, 18, 1162, 60;
4, 296, 14, 66, 410, 3, 19, 1155, 54;
6, 295, 13, 90, 405, 1, 23, 1152, 52;
6, 294, 12, 113, 398, -2, 25, 1146, 47;
9, 295, 13, 145, 399, 2, 38, 1150, 53;
10, 293, 12, 167, 390, -1, 39, 1144, 48;
12, 293, 13, 195, 387, 1, 50, 1145, 52;
16, 295, 15, 227, 386, 7, 64, 1151, 60;
15, 292, 13, 244, 371, 0, 61, 1138, 51;
16, 290, 12, 266, 360, -2, 64, 1132, 48;
18, 289, 12, 291, 352, 0, 71, 1130, 50;
17, 286, 10, 306, 334, -8, 67, 1117, 40;
25, 291, 16, 348, 343, 11, 98, 1138, 65;
19, 283, 9, 346, 307, -11, 74, 1104, 36;
27, 289, 16, 389, 317, 10, 106, 1127, 63;
23, 282, 11, 392, 287, -6, 91, 1101, 43;
27, 284, 13, 420, 283, 2, 107, 1108, 54;
25, 279, 10, 428, 257, -8, 98, 1089, 40;
26, 277, 10, 445, 243, -8, 102, 1083, 40;
32, 281, 15, 477, 243, 8, 126, 1097, 60;
30, 276, 12, 482, 218, -1, 118, 1080, 49;
35, 279, 16, 509, 213, 10, 137, 1089, 64;
32, 274, 13, 512, 186, 0, 128, 1070, 52;
32, 271, 12, 520, 165, -2, 126, 1059, 47;
30, 267, 9, 523, 140, -10, 119, 1043, 38;
35, 270, 14, 546, 135, 3, 139, 1053, 55;
31, 263, 9, 539, 102, -11, 122, 1028, 36;
31, 261, 9, 546, 84, -11, 124, 1021, 36;
39, 267, 16, 574, 87, 10, 153, 1041, 64;
33, 259, 10, 558, 48, -9, 130, 1010, 39;
36, 260, 12, 570, 38, 0, 141, 1014, 50;
35, 257, 12, 571, 17, -1, 140, 1004, 48;
37, 256, 13, 575, 1, 1, 144, 1001, 52;
33, 251, 10, 564, -28, -8, 131, 981, 39;
39, 256, 16, 581, -27, 10, 155, 998, 64;
37, 251, 13, 570, -55, 2, 144, 981, 54;
36, 249, 13, 565, -74, 1, 142, 973, 53;
32, 244, 10, 549, -103, -8, 128, 953, 40;
36, 246, 14, 554, -111, 3, 141, 961, 55;
34, 243, 12, 541, -134, -1, 133, 948, 49;
34, 242, 14, 536, -147, 2, 136, 947, 54;
32, 239, 12, 519, -171, -3, 126, 933, 46;
28, 234, 9, 499, -198, -12, 112, 915, 35;
29, 234, 10, 490, -211, -8, 113, 914, 40;
34, 239, 16, 495, -208, 11, 134, 932, 65;
32, 236, 15, 477, -227, 7, 126, 921, 60;
27, 231, 11, 449, -254, -3, 108, 901, 46;
27, 230, 13, 436, -266, 0, 108, 900, 50;
28, 231, 14, 422, -275, 4, 109, 901, 56;
22, 225, 10, 391, -302, -7, 89, 880, 41;
26, 229, 15, 387, -299, 8, 104, 895, 61;
26, 229, 16, 369, -309, 10, 102, 893, 64;
25, 228, 16, 348, -320, 10, 97, 889, 64;
17, 220, 10, 305, -351, -9, 67, 860, 39;
18, 222, 13, 293, -351, 0, 73, 869, 52;
15, 220, 11, 264, -365, -3, 62, 860, 46;
16, 221, 13, 246, -368, 2, 63, 864, 54;
16, 223, 15, 228, -369, 8, 65, 869, 61;
14, 221, 15, 201, -378, 6, 56, 864, 59;
8, 216, 10, 160, -399, -8, 31, 843, 40;
12, 221, 16, 153, -385, 11, 49, 865, 64;
5, 216, 11, 110, -407, -6, 21, 842, 43;
6, 218, 13, 91, -403, 1, 23, 850, 52;
6, 219, 15, 70, -399, 7, 25, 857, 60;
0, 215, 11, 31, -413, -4, 2, 841, 44;
1, 218, 13, 11, -406, 2, 5, 850, 54;
2, 220, 16, -7, -398, 10, 8, 860, 64;
0, 219, 15, -38, -401, 6, -2, 855, 59;
0, 221, 16, -59, -394, 12, -2, 863, 66;
-8, 215, 10, -106, -412, -8, -34, 839, 40;
-5, 220, 15, -116, -391, 8, -20, 861, 62;
-9, 218, 12, -151, -395, 0, -38, 852, 50;
-9, 221, 15, -170, -383, 6, -35, 862, 59;
-15, 217, 10, -209, -390, -6, -58, 848, 42;
-12, 221, 14, -222, -371, 4, -50, 865, 57;
-16, 221, 12, -252, -368, 0, -63, 862, 50;
-18, 221, 12, -277, -360, -1, -70, 864, 49;
-19, 222, 12, -301, -350, -1, -76, 867, 49;
-23, 221, 10, -330, -347, -8, -90, 863, 40;
-19, 227, 15, -337, -320, 7, -76, 886, 59;
-25, 224, 11, -371, -321, -5, -97, 875, 44;
-21, 230, 16, -376, -293, 9, -84, 898, 62;
-26, 228, 12, -407, -291, -1, -102, 890, 49;
-26, 230, 13, -421, -272, 2, -101, 900, 54;
-27, 231, 13, -440, -259, 1, -107, 904, 52;
-27, 234, 14, -454, -241, 4, -108, 914, 56;
-28, 235, 14, -470, -226, 4, -112, 919, 56;
-34, 232, 9, -499, -224, -9, -134, 907, 38;
-31, 238, 14, -499, -194, 3, -121, 930, 54;
-34, 237, 11, -519, -184, -4, -133, 927, 45;
-33, 241, 13, -525, -161, 1, -129, 940, 52;
-32, 243, 14, -532, -140, 4, -127, 951, 56;
-32, 246, 15, -538, -119, 6, -127, 961, 59;
-35, 246, 13, -553, -108, 0, -137, 959, 50;
-35, 248, 13, -557, -87, 2, -136, 969, 53;
-32, 253, 16, -553, -58, 12, -125, 988, 66;
-32, 255, 16, -557, -39, 11, -127, 995, 65;
-38, 251, 10, -578, -38, -6, -150, 979, 42;
-39, 252, 10, -581, -21, -8, -152, 984, 40;
-37, 255, 11, -577, 2, -3, -147, 998, 46;
-37, 257, 11, -576, 22, -3, -146, 1005, 46;
-39, 257, 9, -581, 34, -10, -155, 1003, 37;
-36, 261, 12, -568, 61, -2, -143, 1021, 48;
-32, 267, 15, -552, 92, 9, -128, 1042, 62;
-37, 263, 10, -563, 94, -7, -148, 1028, 41;
-35, 267, 12, -549, 119, -1, -137, 1043, 49;
-31, 273, 16, -529, 149, 10, -121, 1064, 64;
-35, 269, 11, -535, 151, -5, -138, 1051, 44;
-29, 276, 16, -508, 185, 11, -115, 1078, 64;
-32, 274, 12, -507, 191, 0, -126, 1070, 50;
-29, 278, 15, -486, 216, 7, -113, 1087, 60;
-29, 279, 14, -475, 228, 3, -114, 1088, 55;
-30, 278, 12, -466, 238, -2, -118, 1086, 48;
-31, 277, 9, -457, 246, -9, -123, 1083, 38;
-29, 280, 10, -437, 264, -6, -115, 1092, 42;
-28, 281, 10, -419, 277, -7, -112, 1096, 41;
-24, 285, 13, -390, 300, 2, -95, 1114, 53;
-19, 290, 16, -360, 323, 11, -77, 1131, 65;
-20, 288, 14, -346, 328, 4, -81, 1127, 57;
-19, 290, 14, -324, 340, 5, -75, 1131, 57;
-22, 286, 10, -315, 337, -8, -86, 1118, 40;
-17, 290, 13, -283, 356, 0, -70, 1133, 51;
-18, 289, 11, -266, 359, -5, -71, 1129, 44;
-15, 291, 12, -236, 372, 0, -59, 1138, 49;
-16, 289, 9, -221, 370, -10, -65, 1129, 37;
-13, 291, 11, -191, 382, -5, -53, 1137, 43;
-10, 294, 13, -159, 393, 0, -39, 1147, 51;
-7, 295, 13, -131, 400, 2, -30, 1151, 53;
-3, 298, 16, -96, 413, 10, -13, 1163, 64;
-2, 297, 15, -72, 414, 8, -9, 1161, 61;
-5, 293, 11, -59, 402, -5, -20, 1145, 44;
-2, 294, 12, -29, 406, -2, -9, 1149, 47;
2, 298, 15, 7, 417, 7, 9, 1162, 60;
2, 296, 13, 28, 410, 1, 8, 1154, 52;
4, 296, 14, 57, 411, 3, 18, 1156, 55;
6, 296, 14, 84, 408, 3, 24, 1155, 54;
4, 292, 11, 101, 396, -6, 18, 1142, 43;
10, 296, 15, 140, 405, 6, 41, 1157, 59;
10, 294, 13, 160, 393, 0, 39, 1146, 51;
8, 290, 9, 175, 376, -10, 32, 1131, 37;
10, 290, 10, 202, 372, -8, 41, 1131, 40;
14, 291, 12, 234, 372, -1, 57, 1137, 49;
20, 295, 16, 272, 376, 11, 79, 1150, 65;
19, 292, 14, 289, 361, 5, 77, 1139, 58;
17, 287, 11, 302, 340, -5, 69, 1122, 44;
22, 289, 14, 333, 339, 3, 86, 1129, 55;
20, 285, 11, 346, 318, -5, 80, 1113, 44;
23, 285, 12, 371, 310, 0, 91, 1115, 49;
27, 287, 15, 399, 305, 7, 106, 1120, 59;
22, 280, 9, 401, 274, -10, 89, 1093, 37;
27, 282, 13, 431, 272, 1, 108, 1102, 52;
29, 282, 14, 451, 259, 3, 115, 1099, 55;
32, 282, 16, 474, 251, 10, 128, 1102, 63;
32, 279, 14, 485, 230, 5, 126, 1090, 57;
33, 278, 14, 499, 214, 5, 130, 1085, 58;
33, 276, 14, 512, 196, 5, 132, 1077, 57;
36, 276, 15, 528, 183, 9, 140, 1076, 62;
36, 274, 15, 538, 164, 8, 141, 1068, 61;
36, 271, 14, 544, 143, 5, 140, 1058, 57;
35, 268, 13, 548, 120, 0, 136, 1045, 51;
31, 262, 9, 544, 90, -11, 124, 1023, 36;
33, 262, 10, 554, 75, -7, 130, 1021, 41;
36, 263, 13, 568, 65, 1, 142, 1025, 52;
37, 261, 13, 572, 47, 2, 144, 1019, 53;
36, 258, 12, 572, 25, 0, 141, 1009, 50;
36, 256, 12, 572, 5, -1, 140, 1000, 49;
33, 252, 10, 565, -21, -8, 132, 984, 40;
38, 255, 15, 579, -24, 7, 151, 997, 60;
37, 253, 14, 574, -46, 4, 147, 986, 57;
34, 248, 11, 560, -75, -4, 134, 967, 45;
39, 251, 16, 570, -78, 10, 152, 979, 64;
31, 242, 9, 542, -118, -10, 124, 946, 37;
35, 244, 13, 547, -124, 2, 138, 955, 53;
34, 242, 12, 536, -145, 0, 132, 945, 50;
37, 244, 16, 538, -150, 12, 145, 954, 65;
31, 237, 11, 509, -185, -5, 121, 925, 44;
35, 241, 16, 514, -185, 12, 140, 941, 66;
34, 238, 15, 498, -205, 8, 132, 931, 62;
28, 232, 11, 470, -234, -4, 112, 908, 45;
27, 230, 10, 451, -253, -7, 105, 899, 42;
29, 232, 14, 445, -258, 3, 113, 906, 54;
26, 229, 12, 421, -278, -2, 101, 893, 47;
28, 231, 15, 414, -281, 8, 111, 902, 61;
24, 226, 12, 384, -304, -1, 94, 885, 49;
23, 225, 12, 364, -316, 0, 89, 881, 49;
18, 222, 10, 334, -337, -9, 73, 865, 39;
19, 223, 12, 320, -340, -1, 77, 871, 48;
18, 221, 12, 296, -352, -3, 70, 865, 46;
13, 218, 9, 264, -370, -11, 54, 851, 36;
18, 223, 15, 259, -361, 6, 71, 871, 59;
16, 222, 14, 233, -370, 5, 63, 866, 57;
10, 217, 10, 195, -390, -7, 41, 847, 41;
11, 219, 13, 179, -387, 2, 46, 857, 53;
11, 220, 14, 157, -389, 5, 44, 859, 58;
5, 216, 10, 118, -406, -6, 22, 842, 42;
9, 220, 15, 107, -395, 8, 35, 860, 61;
2, 215, 10, 65, -413, -6, 9, 840, 42;
0, 214, 10, 37, -416, -8, 1, 837, 41;
4, 220, 16, 29, -398, 11, 18, 860, 64;
1, 219, 15, -2, -402, 7, 6, 855, 59;
-2, 217, 13, -35, -408, 0, -8, 847, 51;
-3, 218, 13, -60, -405, 2, -12, 850, 53;
-5, 218, 13, -88, -403, 1, -20, 850, 52;
-10, 214, 9, -127, -412, -11, -42, 836, 37;
-6, 221, 15, -134, -388, 8, -25, 862, 61;
-14, 215, 9, -180, -403, -11, -56, 839, 36;
-12, 219, 12, -195, -386, 0, -49, 855, 49;
-10, 224, 16, -207, -366, 12, -39, 873, 66;
-13, 222, 14, -239, -365, 5, -54, 868, 57;
-16, 221, 13, -267, -361, 0, -65, 865, 51;
-22, 219, 9, -303, -363, -11, -86, 854, 37;
-21, 222, 11, -320, -347, -5, -84, 865, 44;
-21, 224, 12, -337, -332, 0, -84, 875, 50;
-23, 225, 12, -360, -321, -2, -91, 878, 48;
-22, 228, 14, -373, -301, 5, -87, 892, 57;
-26, 227, 12, -402, -297, -3, -103, 886, 47;
-26, 229, 13, -417, -279, 0, -103, 896, 51;
-29, 228, 10, -442, -272, -6, -116, 892, 42;
-32, 229, 9, -463, -261, -10, -125, 893, 37;
-29, 233, 13, -469, -235, 0, -116, 912, 50;
-29, 236, 14, -479, -214, 4, -114, 924, 57;
-34, 234, 10, -506, -211, -8, -133, 914, 40;
-35, 236, 10, -519, -193, -7, -136, 920, 41;
-36, 237, 10, -532, -178, -9, -141, 925, 39;
-34, 241, 12, -533, -151, 0, -133, 943, 50;
-38, 240, 9, -553, -143, -10, -148, 937, 37;
-33, 247, 15, -544, -108, 6, -129, 964, 58;
-33, 249, 15, -550, -88, 7, -129, 973, 60;
-33, 251, 15, -556, -69, 7, -131, 980, 59;
-34, 252, 14, -562, -52, 5, -134, 984, 57;
-40, 248, 9, -583, -50, -12, -157, 970, 35;
-36, 254, 12, -573, -19, 0, -142, 992, 50;
-37, 255, 11, -577, -3, -3, -147, 995, 46;
-36, 258, 13, -571, 20, 1, -140, 1008, 52;
-32, 263, 16, -560, 49, 11, -128, 1028, 64;
-38, 259, 10, -575, 49, -7, -151, 1011, 41;
-38, 261, 10, -570, 70, -6, -148, 1020, 42;
-32, 269, 16, -546, 106, 10, -125, 1049, 64;
-31, 270, 16, -540, 124, 10, -123, 1055, 64;
-30, 272, 16, -531, 144, 11, -120, 1063, 65;
-36, 268, 11, -539, 144, -6, -140, 1048, 43;
-35, 270, 10, -530, 161, -7, -139, 1053, 41;
-34, 272, 11, -517, 180, -5, -134, 1062, 43;
-33, 273, 10, -504, 196, -6, -132, 1067, 42;
-27, 281, 16, -473, 230, 11, -106, 1095, 64;
-31, 277, 11, -472, 232, -3, -121, 1083, 46;
-28, 280, 13, -452, 251, 0, -112, 1094, 51;
-27, 282, 13, -434, 268, 1, -106, 1101, 53;
-26, 283, 13, -416, 281, 1, -102, 1106, 52;
-28, 281, 9, -409, 284, -10, -112, 1096, 38;
-24, 285, 12, -381, 305, -2, -97, 1111, 47;
-23, 285, 11, -362, 316, -3, -93, 1115, 46;
-24, 284, 9, -348, 320, -10, -97, 1110, 37;
-21, 287, 11, -319, 338, -4, -83, 1122, 45;
-16, 292, 15, -285, 358, 6, -65, 1139, 58;
-13, 294, 16, -256, 373, 11, -52, 1149, 65;
-18, 289, 10, -252, 362, -8, -71, 1128, 40;
-11, 294, 15, -213, 384, 6, -46, 1149, 58;
-16, 289, 9, -205, 374, -11, -62, 1129, 36;
-9, 294, 13, -166, 394, 2, -38, 1149, 54;
-6, 297, 15, -134, 405, 8, -25, 1158, 61;
-5, 296, 14, -110, 407, 5, -21, 1156, 58;
-8, 292, 10, -98, 396, -8, -33, 1140, 40;
-3, 295, 13, -62, 408, 0, -14, 1152, 51;
-2, 295, 13, -35, 409, 0, -7, 1153, 51;
1, 297, 14, -3, 415, 5, 4, 1159, 57;
-1, 292, 10, 9, 401, -8, -5, 1142, 40;
6, 299, 16, 57, 420, 12, 26, 1167, 66;
2, 292, 10, 63, 398, -7, 8, 1141, 41;
6, 295, 13, 99, 404, 0, 25, 1151, 51;
8, 295, 13, 127, 402, 2, 33, 1151, 53;
10, 295, 13, 154, 397, 2, 40, 1150, 54;
9, 291, 11, 171, 383, -6, 36, 1137, 43;
13, 293, 13, 204, 384, 1, 52, 1144, 52;
12, 289, 10, 220, 368, -7, 46, 1130, 41;
13, 289, 10, 244, 360, -7, 52, 1127, 41;
14, 287, 9, 265, 348, -10, 55, 1120, 37;
15, 286, 9, 288, 338, -11, 60, 1116, 37;
23, 291, 15, 330, 346, 7, 89, 1135, 60;
19, 285, 10, 337, 320, -6, 77, 1113, 42;
20, 283, 10, 356, 306, -9, 79, 1106, 39;
25, 286, 14, 389, 306, 3, 99, 1116, 54;
27, 286, 15, 411, 295, 6, 108, 1115, 58;
23, 279, 9, 414, 266, -9, 93, 1090, 38;
26, 279, 11, 437, 256, -4, 104, 1091, 45;
26, 277, 10, 450, 238, -7, 104, 1081, 41;
29, 277, 12, 472, 228, -1, 115, 1083, 48;
31, 276, 13, 489, 214, 0, 121, 1080, 51;
33, 277, 14, 508, 202, 5, 131, 1080, 57;
35, 275, 15, 522, 187, 7, 137, 1076, 60;
30, 268, 9, 516, 153, -9, 118, 1048, 38;
33, 269, 12, 534, 142, -2, 130, 1051, 48;
32, 266, 11, 539, 120, -6, 128, 1039, 43;
35, 266, 13, 554, 108, 0, 138, 1041, 51;
39, 268, 16, 570, 100, 11, 152, 1047, 64;
34, 261, 11, 560, 65, -5, 134, 1019, 44;
34, 259, 11, 564, 46, -4, 135, 1013, 45;
39, 262, 16, 582, 42, 10, 155, 1025, 64;
40, 261, 16, 584, 24, 11, 156, 1018, 65;
39, 259, 16, 583, 3, 10, 155, 1010, 63;
37, 255, 14, 576, -21, 3, 147, 995, 55;
39, 255, 16, 581, -34, 10, 155, 996, 64;
32, 247, 9, 556, -74, -9, 128, 963, 38;
34, 247, 12, 559, -85, -2, 136, 965, 47;
33, 244, 11, 549, -108, -6, 130, 953, 42;
33, 243, 11, 542, -126, -5, 129, 948, 44;
31, 240, 10, 530, -147, -8, 123, 937, 39;
35, 243, 15, 536, -150, 6, 140, 949, 59;
36, 243, 16, 531, -162, 11, 143, 949, 65;
32, 238, 13, 509, -189, 2, 128, 931, 53;
33, 238, 15, 500, -201, 6, 131, 930, 59;
27, 231, 9, 469, -234, -9, 107, 903, 38;
30, 234, 13, 466, -238, 2, 118, 913, 54;
30, 234, 15, 454, -249, 6, 119, 912, 59;
26, 229, 11, 426, -274, -3, 102, 894, 46;
26, 228, 12, 411, -285, 0, 101, 892, 50;
24, 226, 12, 389, -301, -3, 93, 884, 47;
23, 225, 12, 370, -314, -2, 89, 880, 47;
25, 228, 15, 359, -315, 8, 97, 889, 61;
20, 223, 12, 327, -337, -2, 79, 872, 48;
17, 221, 10, 300, -352, -6, 68, 862, 42;
17, 221, 12, 282, -357, -1, 68, 865, 49;
12, 217, 9, 248, -376, -11, 50, 849, 36;
17, 223, 15, 243, -365, 7, 68, 870, 60;
14, 220, 13, 213, -378, 2, 55, 861, 54;
11, 219, 12, 184, -388, 0, 45, 854, 49;
13, 221, 15, 168, -384, 8, 50, 864, 61;
6, 215, 10, 126, -406, -7, 23, 841, 41;
7, 218, 13, 108, -401, 0, 27, 850, 51;
8, 221, 16, 92, -394, 11, 34, 863, 65;
0, 214, 10, 45, -416, -8, 2, 837, 40;
-1, 213, 9, 15, -420, -11, -7, 832, 36;
0, 217, 12, 0, -410, 0, 0, 846, 50;
0, 219, 15, -20, -402, 6, 1, 855, 59;
-3, 217, 12, -54, -408, 0, -14, 847, 50;
-8, 214, 9, -90, -415, -9, -32, 836, 38;
-5, 218, 14, -104, -399, 3, -22, 853, 55;
-5, 221, 16, -123, -388, 10, -20, 863, 63;
-13, 215, 10, -169, -402, -9, -51, 841, 39;
-11, 219, 13, -183, -385, 2, -43, 857, 53;
-11, 221, 14, -205, -375, 5, -45, 864, 57;
-12, 223, 15, -227, -364, 8, -48, 871, 61;
-16, 221, 12, -260, -365, 0, -65, 863, 50;
-20, 219, 10, -292, -364, -8, -81, 856, 40;
-16, 226, 15, -298, -336, 9, -65, 882, 62;
-24, 221, 10, -339, -344, -9, -93, 863, 39;
-20, 227, 15, -345, -317, 6, -79, 886, 58;
-24, 225, 12, -375, -314, -3, -96, 879, 47;
-25, 227, 12, -395, -301, -2, -100, 885, 47;
-25, 229, 13, -410, -284, 1, -101, 895, 52;
-26, 231, 13, -427, -268, 2, -103, 902, 54;
-31, 228, 9, -457, -266, -10, -123, 891, 38;
-25, 237, 16, -452, -228, 12, -100, 925, 65;
-31, 233, 11, -483, -228, -3, -123, 911, 46;
-28, 239, 16, -483, -197, 10, -109, 935, 64;
-34, 235, 10, -514, -199, -7, -135, 918, 41;
-33, 239, 12, -519, -175, 0, -130, 933, 50;
-32, 242, 14, -526, -153, 3, -127, 945, 55;
-36, 241, 11, -545, -144, -5, -140, 941, 44;
-37, 242, 10, -557, -129, -8, -147, 944, 40;
-35, 246, 12, -556, -102, 0, -139, 960, 49;
-34, 249, 13, -559, -80, 2, -136, 972, 54;
-33, 252, 15, -558, -56, 8, -130, 986, 61;
-37, 251, 12, -573, -48, -3, -145, 979, 47;
-33, 256, 16, -563, -16, 9, -130, 1001, 62;
-34, 257, 14, -568, -1, 5, -136, 1004, 57;
-39, 254, 10, -582, 3, -8, -153, 993, 39;
-36, 259, 13, -570, 33, 1, -141, 1013, 52;
-40, 257, 9, -580, 39, -11, -156, 1004, 36;
-35, 263, 13, -564, 71, 1, -139, 1027, 52;
-36, 264, 12, -561, 88, -1, -140, 1031, 49;
-37, 264, 11, -559, 102, -5, -144, 1033, 43;
-36, 266, 10, -552, 120, -6, -143, 1039, 42;
-35, 268, 11, -541, 140, -4, -138, 1048, 45;
-30, 275, 16, -515, 173, 10, -117, 1074, 64;
-36, 270, 9, -526, 169, -11, -142, 1053, 36;
-34, 272, 10, -510, 189, -8, -135, 1063, 40;
-28, 279, 15, -481, 221, 7, -112, 1089, 60;
-27, 281, 15, -466, 238, 8, -107, 1096, 61;
-30, 279, 12, -461, 243, -2, -117, 1088, 48;
-31, 277, 9, -453, 249, -11, -124, 1083, 36;
-28, 281, 11, -429, 270, -5, -112, 1095, 43;
-28, 281, 10, -412, 282, -7, -109, 1099, 42;
-26, 283, 11, -392, 296, -6, -104, 1105, 42;
-19, 290, 16, -354, 326, 10, -77, 1131, 64;
-18, 291, 16, -333, 339, 11, -71, 1136, 65;
-21, 287, 11, -326, 335, -3, -85, 1121, 46;
-15, 293, 16, -287, 361, 12, -59, 1145, 66;
-19, 289, 11, -281, 354, -5, -75, 1127, 44;
-15, 291, 13, -251, 369, 1, -61, 1138, 52;
-12, 294, 14, -222, 381, 5, -49, 1147, 58;
-15, 290, 10, -210, 376, -7, -59, 1133, 41;
-12, 292, 11, -181, 385, -3, -48, 1140, 46;
-11, 292, 11, -156, 390, -5, -43, 1141, 44;
-10, 291, 10, -134, 390, -9, -42, 1137, 39;
-2, 298, 16, -88, 414, 10, -11, 1163, 63;
-4, 295, 13, -71, 407, 0, -16, 1152, 51;
-2, 296, 13, -42, 411, 2, -8, 1155, 53;
-2, 293, 11, -23, 404, -5, -11, 1145, 44;
-1, 293, 10, 1, 402, -7, -7, 1143, 41;
4, 297, 15, 42, 415, 6, 16, 1160, 58;
5, 296, 14, 66, 410, 3, 19, 1155, 54;
3, 293, 10, 83, 398, -6, 14, 1142, 42;
5, 292, 10, 109, 394, -6, 20, 1141, 42;
8, 293, 12, 140, 395, -1, 33, 1145, 48;
9, 292, 11, 165, 388, -3, 37, 1141, 46;
11, 291, 11, 190, 381, -4, 43, 1138, 45;
13, 292, 12, 218, 377, 0, 53, 1140, 49;
17, 294, 15, 251, 377, 7, 69, 1147, 59;
14, 288, 10, 259, 353, -8, 56, 1124, 40;
21, 292, 15, 300, 360, 8, 82, 1141, 60;
16, 285, 9, 303, 330, -11, 63, 1113, 36;
21, 288, 12, 336, 331, 0, 83, 1123, 50;
24, 288, 14, 364, 325, 5, 96, 1126, 57;
26, 287, 15, 386, 314, 6, 102, 1122, 59;
22, 281, 9, 388, 283, -10, 86, 1096, 37;
29, 286, 16, 428, 290, 9, 116, 1117, 63;
25, 279, 10, 427, 257, -8, 98, 1088, 40;
31, 283, 15, 461, 259, 8, 122, 1103, 61;
32, 281, 15, 477, 244, 8, 127, 1098, 61;
27, 274, 9, 474, 209, -10, 108, 1069, 38;
28, 272, 9, 488, 193, -9, 111, 1063, 38;
36, 278, 16, 523, 198, 12, 142, 1084, 66;
34, 273, 13, 525, 171, 2, 133, 1065, 53;
33, 270, 12, 531, 149, -1, 130, 1054, 48;
38, 272, 16, 553, 143, 10, 148, 1062, 64;
33, 265, 11, 545, 108, -5, 130, 1035, 44;
32, 262, 10, 548, 86, -9, 127, 1024, 39;
35, 263, 12, 561, 74, -1, 137, 1026, 48;
33, 259, 10, 560, 50, -7, 131, 1012, 41;
38, 262, 15, 577, 45, 6, 150, 1022, 59;
40, 261, 16, 584, 30, 11, 156, 1021, 65;
35, 255, 12, 571, -2, -2, 139, 996, 47;
33, 251, 9, 562, -29, -10, 129, 979, 37;
33, 250, 10, 563, -46, -7, 132, 975, 41;
36, 250, 12, 567, -58, 0, 140, 977, 50;
36, 249, 13, 564, -76, 0, 141, 972, 51;
34, 245, 11, 553, -100, -4, 133, 958, 45;
32, 243, 10, 543, -121, -7, 127, 947, 41;
37, 246, 16, 552, -123, 9, 146, 962, 62;
31, 239, 10, 524, -159, -8, 121, 932, 40;
33, 240, 13, 524, -167, 1, 131, 938, 52;
29, 235, 9, 501, -196, -10, 114, 918, 38;
29, 234, 10, 491, -209, -6, 115, 915, 42;
34, 238, 16, 494, -209, 10, 133, 931, 63;
31, 235, 14, 473, -232, 3, 121, 916, 55;
27, 230, 11, 448, -255, -4, 106, 900, 45;
25, 228, 10, 427, -274, -8, 97, 889, 40;
28, 231, 14, 423, -275, 5, 110, 902, 57;
24, 226, 11, 394, -298, -4, 93, 884, 45;
22, 224, 10, 372, -313, -6, 86, 877, 42;
26, 229, 16, 369, -309, 10, 102, 893, 64;
24, 228, 16, 348, -320, 10, 97, 889, 64;
17, 221, 10, 307, -349, -7, 69, 863, 42;
21, 225, 15, 300, -344, 7, 82, 878, 60;
20, 225, 16, 279, -350, 11, 80, 878, 64;
12, 218, 10, 235, -379, -8, 49, 850, 40;
15, 222, 14, 225, -372, 5, 61, 866, 58;
9, 216, 9, 184, -395, -10, 35, 843, 38;
12, 220, 14, 173, -387, 4, 47, 859, 56;
12, 221, 16, 153, -385, 11, 49, 865, 64;
7, 218, 13, 116, -401, 0, 29, 850, 51;
2, 214, 9, 80, -414, -9, 10, 836, 38;
7, 220, 16, 73, -396, 11, 29, 861, 64;
5, 220, 16, 45, -399, 9, 20, 858, 62;
0, 216, 12, 6, -412, -2, -1, 843, 47;
2, 221, 16, -5, -397, 12, 10, 862, 66;
-6, 213, 9, -55, -419, -10, -24, 834, 37;
-2, 219, 14, -66, -401, 5, -11, 854, 57;
-8, 216, 11, -104, -409, -5, -31, 842, 44;
-9, 216, 11, -131, -405, -5, -38, 843, 43;
-6, 221, 15, -142, -386, 8, -27, 862, 61;
-14, 216, 10, -186, -399, -9, -55, 842, 39;
-9, 223, 16, -192, -372, 10, -37, 870, 64;
-16, 217, 10, -235, -383, -7, -66, 850, 41;
-13, 223, 15, -244, -360, 7, -53, 872, 60;
-15, 224, 15, -269, -352, 6, -60, 874, 59;
-16, 225, 15, -290, -340, 8, -63, 880, 62;
-23, 221, 10, -331, -347, -8, -91, 862, 39;
-20, 226, 14, -341, -324, 3, -81, 881, 54;
-21, 227, 14, -360, -311, 4, -85, 888, 56;
-21, 230, 16, -375, -292, 10, -82, 900, 64;
-26, 227, 12, -408, -292, -2, -103, 888, 47;
-24, 233, 16, -415, -266, 9, -93, 908, 62;
-30, 228, 10, -450, -269, -7, -119, 892, 41;
-31, 230, 10, -466, -253, -7, -123, 899, 42;
-29, 235, 14, -471, -227, 3, -114, 918, 54;
-27, 239, 16, -478, -203, 10, -108, 933, 63;
-35, 234, 9, -512, -207, -9, -137, 914, 38;
-32, 239, 12, -515, -180, 0, -128, 932, 50;
-34, 239, 12, -529, -165, -3, -134, 935, 47;
-31, 245, 16, -527, -135, 9, -121, 957, 62;
-34, 244, 13, -545, -126, 0, -135, 953, 51;
-33, 248, 15, -547, -102, 6, -130, 967, 58;
-33, 250, 15, -551, -81, 8, -128, 976, 61;
-37, 248, 11, -570, -75, -5, -146, 967, 44;
-38, 248, 10, -577, -59, -8, -151, 970, 40;
-36, 252, 12, -573, -33, -1, -144, 986, 49;
-33, 258, 16, -562, -1, 10, -129, 1008, 64;
-37, 256, 12, -575, 4, -1, -144, 1000, 48;
-33, 261, 16, -563, 34, 9, -130, 1021, 62;
-34, 262, 15, -563, 51, 6, -133, 1025, 59;
-36, 262, 13, -566, 63, 0, -141, 1023, 50;
-36, 263, 12, -564, 80, -2, -142, 1028, 48;
-31, 270, 16, -543, 114, 12, -123, 1053, 66;
-36, 266, 11, -552, 116, -4, -141, 1039, 45;
-32, 271, 15, -532, 145, 7, -125, 1060, 59;
-32, 273, 14, -524, 162, 5, -125, 1065, 57;
-34, 271, 11, -523, 170, -3, -134, 1060, 46;
-31, 275, 14, -503, 194, 3, -122, 1075, 54;
-28, 279, 16, -484, 218, 9, -110, 1090, 63;
-26, 281, 16, -467, 236, 11, -104, 1098, 65;
-27, 281, 15, -457, 247, 6, -107, 1097, 59;
-31, 277, 9, -458, 245, -10, -124, 1082, 37;
-30, 279, 9, -440, 260, -10, -119, 1088, 38;
-25, 284, 13, -410, 287, 1, -100, 1108, 53;
-21, 288, 16, -381, 309, 11, -83, 1125, 64;
-25, 284, 11, -377, 306, -4, -98, 1110, 44;
-20, 289, 15, -344, 331, 7, -78, 1130, 60;
-18, 290, 15, -322, 343, 7, -72, 1134, 60;
-20, 288, 11, -311, 342, -4, -81, 1124, 45;
-16, 291, 14, -280, 359, 3, -66, 1137, 55;
-16, 291, 13, -259, 366, 1, -63, 1137, 52;
-16, 290, 11, -239, 369, -3, -63, 1134, 46;
-12, 294, 14, -207, 385, 4, -47, 1147, 55;
-9, 296, 15, -177, 396, 8, -35, 1155, 61;
-14, 290, 9, -172, 381, -12, -55, 1131, 35;
-8, 294, 12, -135, 397, -1, -34, 1147, 49;
-5, 296, 14, -103, 406, 4, -21, 1155, 56;
-2, 297, 15, -73, 412, 7, -11, 1160, 59;
-4, 294, 12, -55, 406, -1, -15, 1149, 48;
0, 296, 13, -24, 412, 2, -3, 1156, 54;
4, 11, 8, 2119, 4079, 2465, 15, 45, 33;
10, 12, 6, 3584, 4879, 1627, 42, 47, 27;
6, 0, 3, 3231, 2898, 1949, 25, 3, 12;
14, 9, 7, 3302, 2068, 2679, 57, 35, 27;
2, 25, 5, 3491, 4771, 2704, 8, 98, 20;
12, 1, 11, 3710, 5288, 1974, 49, 4, 45;
3, 24, 8, 3622, 4376, 1305, 11, 95, 32;
7, 29, 11, 2013, 3268, 2349, 28, 113, 45;
4, 14, 3, 4269, 4010, 1981, 17, 56, 15;
12, 10, 11, 4113, 1919, 1787, 49, 39, 46;
19, 27, 7, 3063, 4618, 1568, 75, 105, 30;
15, 4, 11, 3803, 4162, 2805, 59, 19, 46;
12, 8, 2, 4187, 2638, 1421, 49, 33, 9;
17, 30, 10, 3021, 2498, 1031, 66, 117, 39;
20, 25, 0, 3011, 4240, 1562, 78, 97, 0;
18, 16, 2, 4256, 5244, 1001, 72, 64, 8;
3, 29, 10, 3768, 3340, 1972, 12, 113, 42;
3, 2, 0, 2742, 5063, 2717, 15, 8, 3;
3, 24, 12, 3180, 2710, 2505, 12, 94, 47;
20, 22, 10, 3059, 2304, 1998, 80, 87, 40;
14, 28, 6, 2280, 2893, 2899, 56, 112, 23;
0, 20, 11, 1785, 2142, 2812, 1, 80, 42;
14, 26, 8, 1755, 3450, 2180, 54, 103, 31;
2, 27, 8, 4217, 2723, 2018, 10, 105, 34;
3, 25, 4, 2814, 4811, 2185, 12, 98, 18;
15, 7, 9, 2997, 2175, 1629, 62, 30, 36;
19, 27, 11, 2406, 5047, 2217, 75, 106, 42;
8, 22, 7, 3058, 4411, 1157, 34, 88, 29;
4, 4, 11, 3100, 4904, 1029, 17, 15, 43;
15, 16, 11, 1735, 4392, 1404, 62, 65, 46;
4, 21, 5, 1485, 2376, 1061, 15, 83, 21;
5, 4, 0, 1927, 4700, 2863, 19, 17, 2;
20, 29, 7, 4318, 4392, 1069, 79, 114, 30;
1, 27, 2, 3625, 2007, 2930, 4, 106, 9;
9, 13, 6, 4015, 4477, 1915, 36, 51, 26;
16, 17, 8, 3074, 4586, 1187, 62, 68, 31;
18, 11, 4, 1635, 3824, 1634, 71, 45, 17;
13, 23, 5, 3575, 4136, 1479, 51, 92, 22;
14, 20, 10, 3689, 3348, 2705, 56, 81, 40;
14, 22, 8, 2022, 3907, 1903, 58, 86, 31;
2, 20, 5, 2365, 4728, 2360, 9, 80, 20;
7, 16, 8, 1497, 2832, 1430, 29, 64, 34;
11, 26, 12, 2289, 4737, 2342, 44, 102, 48;
17, 26, 8, 2143, 4669, 1007, 68, 103, 33;
9, 13, 7, 2497, 3613, 2532, 35, 50, 27;
9, 0, 2, 4035, 4022, 2039, 35, 2, 9;
12, 13, 5, 1941, 4064, 1821, 48, 51, 20;
3, 28, 3, 3436, 3878, 2874, 15, 110, 14;
10, 13, 7, 1605, 1827, 2317, 41, 51, 30;
16, 31, 12, 2073, 3504, 1870, 64, 121, 50;
0, 29, 2, 1609, 3372, 1417, 0, 114, 9;
0, 19, 10, 2222, 3224, 2588, 3, 76, 40;
0, 29, 6, 1480, 4216, 2920, 1, 113, 24;
15, 10, 10, 4344, 1978, 2322, 61, 40, 40;
20, 0, 0, 4157, 4899, 2182, 78, 1, 0;
16, 7, 3, 2911, 2921, 1764, 64, 30, 12;
9, 22, 4, 4386, 4618, 2607, 37, 86, 16;
16, 29, 8, 1996, 3096, 2596, 64, 115, 34;
13, 1, 5, 2528, 2780, 1968, 52, 5, 22;
3, 12, 6, 3640, 3051, 1527, 14, 48, 26;
13, 12, 5, 3917, 2025, 2913, 50, 46, 19;
16, 17, 12, 3209, 1929, 2630, 63, 67, 50;
16, 7, 0, 2559, 1819, 1882, 64, 30, 3;
1, 8, 10, 3372, 3534, 2238, 5, 32, 41;
6, 24, 11, 4021, 2627, 1934, 24, 96, 46;
6, 28, 5, 2724, 2686, 1698, 26, 111, 22;
15, 2, 10, 3807, 2092, 2424, 59, 8, 41;
11, 19, 1, 3037, 5053, 999, 44, 77, 4;
2, 17, 11, 1552, 2399, 1435, 10, 67, 43;
15, 24, 11, 4140, 5308, 1771, 62, 96, 44;
3, 15, 12, 1846, 3794, 2251, 11, 59, 47;
14, 5, 0, 2251, 4723, 2654, 56, 20, 3;
9, 5, 0, 2251, 2046, 1885, 36, 20, 3;
11, 0, 2, 3490, 1980, 1183, 46, 3, 11;
12, 12, 9, 3491, 4991, 2764, 46, 49, 38;
16, 21, 0, 2731, 3932, 1556, 63, 83, 3;
19, 15, 5, 2393, 4065, 2502, 77, 59, 21;
6, 7, 2, 2877, 3845, 2088, 23, 28, 8;
14, 26, 8, 1769, 3029, 2397, 56, 102, 33;
5, 9, 4, 4031, 3433, 1213, 22, 35, 18;
727, 1006, 518, 5255, 4600, 3124, 2838, 3924, 2022;
574, 986, 386, 5050, 4420, 3003, 2241, 3846, 1508;
559, 873, 429, 4825, 4220, 2858, 2182, 3408, 1673;
541, 694, 336, 4629, 4047, 2739, 2111, 2708, 1313;
571, 793, 334, 4457, 3898, 2641, 2230, 3096, 1304;
614, 844, 423, 4303, 3766, 2558, 2396, 3292, 1652;
541, 805, 400, 4112, 3597, 2436, 2113, 3139, 1561;
509, 822, 332, 3969, 3473, 2358, 1985, 3209, 1297;
541, 749, 378, 3829, 3352, 2281, 2111, 2921, 1476;
471, 646, 274, 3664, 3207, 2177, 1837, 2520, 1069;
449, 590, 277, 3521, 3081, 2092, 1753, 2301, 1083;
442, 703, 248, 3377, 2954, 2004, 1723, 2743, 970;
442, 719, 274, 3243, 2838, 1925, 1723, 2805, 1072;
399, 593, 232, 3099, 2709, 1832, 1556, 2312, 907;
327, 570, 222, 2985, 2610, 1768, 1277, 2223, 866;
344, 599, 232, 2870, 2510, 1700, 1343, 2338, 904;
407, 634, 201, 2769, 2423, 1645, 1590, 2475, 786;
290, 597, 240, 2636, 2304, 1556, 1131, 2330, 937;
367, 561, 245, 2529, 2210, 1492, 1434, 2187, 955;
294, 503, 195, 2432, 2125, 1435, 1146, 1963, 763;
259, 475, 172, 2345, 2050, 1387, 1010, 1856, 673;
280, 530, 159, 2268, 1985, 1348, 1095, 2069, 622;
309, 533, 151, 2155, 1883, 1271, 1207, 2082, 590;
274, 453, 168, 2100, 1838, 1250, 1070, 1768, 656;
237, 542, 154, 2003, 1752, 1187, 925, 2114, 603;
246, 451, 188, 1917, 1676, 1133, 960, 1760, 735;
253, 495, 143, 1861, 1629, 1108, 988, 1932, 558;
198, 446, 145, 1768, 1545, 1044, 775, 1741, 566;
201, 488, 129, 1735, 1521, 1040, 783, 1906, 506;
194, 481, 150, 1665, 1459, 997, 758, 1879, 586;
225, 488, 135, 1590, 1392, 948, 877, 1906, 527;
180, 444, 148, 1533, 1343, 916, 704, 1732, 580;
209, 433, 125, 1444, 1262, 852, 818, 1690, 487;
164, 383, 100, 1376, 1201, 807, 639, 1497, 393;
152, 434, 115, 1334, 1165, 787, 595, 1693, 448;
173, 381, 105, 1316, 1154, 790, 677, 1488, 410;
138, 439, 122, 1240, 1085, 735, 541, 1713, 478;
164, 417, 101, 1213, 1064, 728, 641, 1627, 396;
138, 420, 89, 1125, 982, 659, 539, 1640, 349;
140, 375, 88, 1080, 942, 632, 546, 1462, 345;
137, 404, 89, 1037, 905, 607, 536, 1577, 348;
130, 376, 81, 1003, 876, 590, 508, 1466, 319;
130, 387, 82, 981, 859, 584, 507, 1511, 321;
104, 392, 75, 931, 813, 549, 405, 1529, 295;
114, 392, 84, 908, 795, 542, 444, 1531, 329;
98, 350, 60, 860, 752, 508, 383, 1365, 237;
100, 366, 61, 840, 736, 501, 392, 1430, 240;
109, 364, 77, 808, 708, 483, 428, 1420, 301;
112, 344, 66, 755, 658, 442, 439, 1342, 258;
100, 359, 62, 748, 656, 448, 392, 1402, 242;
93, 348, 64, 685, 597, 397, 362, 1360, 252;
80, 333, 68, 691, 606, 414, 314, 1299, 268;
92, 329, 54, 641, 559, 375, 362, 1286, 211;
70, 338, 54, 622, 543, 366, 274, 1320, 213;
93, 337, 59, 626, 551, 381, 365, 1314, 231;
72, 315, 60, 602, 529, 366, 283, 1229, 235;
66, 319, 53, 556, 487, 330, 259, 1247, 210;
77, 322, 48, 525, 458, 307, 303, 1259, 187;
71, 307, 44, 498, 434, 289, 278, 1200, 173;
64, 320, 42, 486, 424, 284, 253, 1251, 164;
56, 324, 40, 474, 414, 280, 218, 1265, 159;
58, 307, 43, 470, 413, 284, 228, 1198, 167;
54, 323, 37, 453, 398, 274, 214, 1260, 147;
59, 311, 35, 438, 386, 267, 231, 1213, 139;
47, 312, 30, 396, 346, 232, 186, 1217, 119;
45, 302, 35, 401, 353, 243, 177, 1179, 139;
53, 305, 30, 384, 337, 232, 210, 1193, 120;
42, 296, 34, 370, 325, 223, 165, 1155, 133;
53, 308, 35, 369, 326, 228, 207, 1203, 138;
44, 293, 30, 329, 287, 194, 173, 1146, 117;
43, 282, 25, 301, 261, 171, 170, 1103, 101;
39, 296, 32, 327, 289, 203, 152, 1157, 124;
43, 296, 26, 298, 261, 178, 171, 1156, 103;
31, 291, 23, 265, 230, 150, 121, 1136, 93;
41, 294, 25, 281, 247, 170, 163, 1147, 98;
29, 290, 21, 250, 217, 144, 114, 1132, 83;
31, 280, 17, 234, 203, 133, 122, 1092, 67;
27, 289, 17, 242, 212, 144, 106, 1129, 67;
22, 285, 15, 207, 178, 113, 87, 1115, 59;
22, 284, 15, 209, 181, 119, 87, 1108, 61;
1, 256, 1, 1, 1, 1, 6, 1001, 4;
1, 256, 0, -1, -1, -1, 4, 999, 2;
1, 256, 0, 0, 0, 0, 5, 1000, 3;
1, 256, 0, 0, 0, 0, 4, 999, 2;
1, 256, 0, 0, 0, 0, 5, 999, 2;
1, 256, 0, 0, 0, 0, 5, 1000, 3;
1, 256, 0, 0, 0, 0, 5, 1000, 3;
1, 256, 0, 0, 0, 0, 4, 999, 2;
1, 256, 0, 0, 0, 0, 5, 1000, 3;
1, 256, 0, 0, 0, 0, 5, 1000, 3;
1, 256, 0, -1, -1, -1, 4, 999, 2;
1, 256, 0, 0, 0, 0, 5, 999, 2;
1, 256, 0, -1, -1, -1, 4, 998, 2;
1, 256, 1, 1, 1, 1, 6, 1001, 4;
0, 256, 0, -1, -1, -1, 3, 998, 1;
1, 256, 0, 0, 0, 0, 4, 999, 2;
1, 256, 0, 0, 0, 0, 5, 1000, 3;
1, 256, 1, 1, 1, 1, 5, 1000, 3;
1, 256, 0, -1, -1, -1, 3, 998, 1;
1, 256, 0, 0, 0, 0, 4, 999, 2;
1, 256, 0, 0, 0, 0, 5, 1000, 3;
1, 256, 0, -1, -1, -1, 4, 998, 2;
1, 256, 0, -1, -1, -1, 4, 998, 2;
1, 256, 0, 1, 1, 1, 5, 1000, 3;
1, 256, 1, 1, 1, 1, 6, 1001, 4;
1, 256, 0, 0, 0, 0, 4, 999, 2;
1, 256, 0, 0, 0, 0, 5, 1000, 3;
1, 256, 0, -1, -1, -1, 4, 999, 2;
1, 256, 0, 0, 0, 0, 5, 999, 3;
1, 256, 0, -1, -1, -1, 4, 999, 2;
1, 256, 0, -1, -1, -1, 4, 998, 1;
1, 256, 1, 1, 1, 1, 6, 1001, 4;
1, 256, 0, 0, 0, 0, 5, 1000, 3;
1, 256, 1, 1, 1, 1, 6, 1000, 4;
1, 256, 1, 1, 1, 1, 6, 1001, 4;
1, 256, 0, 0, 0, 0, 5, 1000, 3;
1, 256, 0, -1, -1, -1, 4, 999, 2;
1, 256, 0, -1, -1, -1, 4, 999, 2;
1, 256, 0, 0, 0, 0, 5, 999, 3;
1, 256, 0, -1, -1, -1, 4, 999, 2;
1, 256, 0, -1, -1, -1, 3, 998, 1;
1, 256, 0, 0, 0, 0, 5, 1000, 3;
1, 256, 0, 0, 0, 0, 4, 999, 2;
1, 256, 0, 0, 0, 0, 5, 1000, 3;
1, 256, 0, 0, 0, 0, 5, 1000, 3;
1, 256, 0, 0, 0, 0, 5, 1000, 3;
1, 256, 0, 0, 0, 0, 5, 1000, 3;
1, 256, 0, 0, 0, 0, 5, 1000, 3;
1, 256, 0, 0, 0, 0, 5, 1000, 3;
1, 256, 0, -1, -1, -1, 4, 999, 2;
1, 256, 1, 1, 1, 1, 5, 1000, 3;
1, 256, 1, 1, 1, 1, 6, 1001, 4;
1, 256, 0, 1, 1, 1, 5, 1000, 3;
1, 256, 1, 1, 1, 1, 6, 1001, 4;
1, 256, 1, 1, 1, 1, 6, 1001, 4;
1, 256, 0, -1, -1, -1, 4, 999, 2;
1, 256, 0, 0, 0, 0, 5, 1000, 3;
1, 256, 0, -1, -1, -1, 4, 998, 2;
1, 256, 0, 0, 0, 0, 5, 1000, 3;
1, 256, 0, 0, 0, 0, 4, 999, 2;
1, 256, 0, -1, -1, -1, 3, 998, 1;
1, 256, 0, 0, 0, 0, 5, 1000, 3;
1, 256, 0, 0, 0, 0, 5, 1000, 3;
1, 256, 0, -1, -1, -1, 4, 999, 2;
1, 256, 0, 1, 1, 1, 5, 1000, 3;
1, 256, 0, 1, 1, 1, 5, 1000, 3;
1, 256, 0, -1, -1, -1, 4, 999, 2;
1, 256, 0, 0, 0, 0, 5, 1000, 3;
1, 256, 0, 1, 1, 1, 5, 1000, 3;
1, 256, 0, -1, -1, -1, 4, 999, 2;
1, 256, 0, 0, 0, 0, 5, 1000, 3;
1, 256, 0, 0, 0, 0, 5, 1000, 3;
1, 256, 0, -1, -1, -1, 4, 998, 2;
1, 256, 0, 0, 0, 0, 4, 999, 2;
1, 256, 0, 0, 0, 0, 5, 999, 3;
1, 256, 0, 0, 0, 0, 4, 999, 2;
1, 256, 0, -1, -1, -1, 4, 999, 2;
1, 256, 1, 1, 1, 1, 6, 1001, 4;
1, 256, 0, 0, 0, 0, 4, 999, 2;
1, 256, 1, 1, 1, 1, 6, 1000, 4;
1, 256, 1, 1, 1, 1, 6, 1000, 3;
1, 256, 0, 0, 0, 0, 5, 999, 3;
1, 256, 1, 1, 1, 1, 6, 1001, 4;
1, 256, 1, 1, 1, 1, 6, 1001, 4;
1, 256, 0, 0, 0, 0, 4, 999, 2;
1, 256, 0, 0, 0, 0, 4, 999, 2;
1, 256, 0, 0, 0, 0, 5, 1000, 3;
1, 256, 0, 0, 0, 0, 5, 1000, 3;
1, 256, 0, -1, -1, -1, 4, 999, 2;
1, 256, 1, 1, 1, 1, 6, 1001, 4;
1, 256, 0, -1, -1, -1, 4, 999, 2;
1, 256, 1, 1, 1, 1, 6, 1001, 4;
1, 256, 0, 1, 1, 1, 5, 1000, 3;
1, 256, 1, 1, 1, 1, 6, 1001, 4;
1, 256, 0, 0, 0, 0, 4, 999, 2;
1, 256, 0, 0, 0, 0, 5, 1000, 3;
1, 256, 0, -1, -1, -1, 4, 999, 2;
1, 256, 0, -1, -1, -1, 4, 998, 2;
1, 256, 0, 0, 0, 0, 5, 999, 3;
1, 256, 0, 0, 0, 0, 4, 999, 2;
1, 256, 1, 1, 1, 1, 6, 1001, 4;
1, 256, 0, 1, 1, 1, 5, 1000, 3;
1, 256, 0, 0, 0, 0, 5, 1000, 3;
0, 256, 0, -1, -1, -1, 3, 998, 1;
1, 256, 0, 0, 0, 0, 5, 1000, 3;
1, 256, 1, 1, 1, 1, 6, 1000, 3;
1, 256, 0, 0, 0, 0, 5, 1000, 3;
1, 256, 1, 1, 1, 1, 5, 1000, 3;
1, 256, 0, 0, 0, 0, 4, 999, 2;
1, 256, 0, 0, 0, 0, 5, 1000, 3;
1, 256, 0, -1, -1, -1, 3, 998, 1;
1, 256, 0, 0, 0, 0, 4, 999, 2;
1, 256, 0, -1, -1, -1, 3, 998, 1;
1, 256, 0, 0, 0, 0, 4, 999, 2;
1, 256, 1, 1, 1, 1, 6, 1001, 4;
1, 256, 0, 0, 0, 0, 5, 1000, 3;
1, 256, 0, 0, 0, 0, 5, 1000, 3;
1, 256, 0, 0, 0, 0, 5, 1000, 3;
1, 256, 0, 0, 0, 0, 4, 999, 2;
1, 256, 0, 0, 0, 0, 5, 1000, 3;
1, 256, 0, 0, 0, 0, 5, 1000, 3;
1, 256, 0, 0, 0, 0, 5, 1000, 3;
1, 256, 1, 1, 1, 1, 6, 1001, 4;
1, 256, 0, -1, -1, -1, 4, 999, 2;
1, 256, 0, 0, 0, 0, 4, 999, 2;
1, 256, 0, 0, 0, 0, 4, 999, 2;
1, 256, 0, 1, 1, 1, 5, 1000, 3;
1, 256, 1, 1, 1, 1, 6, 1001, 4;
1, 256, 0, -1, -1, -1, 4, 999, 2;
1, 256, 0, 0, 0, 0, 5, 1000, 3;
1, 256, 0, -1, -1, -1, 4, 999, 2;
1, 256, 0, 0, 0, 0, 5, 1000, 3;
1, 256, 0, -1, -1, -1, 4, 998, 2;
1, 256, 0, 0, 0, 0, 4, 999, 2;
1, 256, 0, 0, 0, 0, 5, 999, 3;
1, 256, 0, 1, 1, 1, 5, 1000, 3;
1, 256, 0, 0, 0, 0, 5, 1000, 3;
1, 256, 0, -1, -1, -1, 4, 999, 2;
1, 256, 1, 1, 1, 1, 5, 1000, 3;
1, 256, 1, 1, 1, 1, 6, 1001, 4;
1, 256, 1, 1, 1, 1, 5, 1000, 3;
1, 256, 0, 0, 0, 0, 5, 1000, 3;
1, 256, 0, 0, 0, 0, 4, 999, 2;
1, 256, 0, 0, 0, 0, 5, 1000, 3;
1, 256, 1, 1, 1, 1, 6, 1001, 4;
1, 256, 0, 0, 0, 0, 5, 1000, 3;
1, 256, 0, 0, 0, 0, 4, 999, 2;
1, 256, 0, 1, 1, 1, 5, 1000, 3;
1, 256, 0, -1, -1, -1, 3, 998, 1;
1, 256, 0, 0, 0, 0, 4, 999, 2;
1, 256, 0, 0, 0, 0, 4, 999, 2;
1, 256, 1, 1, 1, 1, 6, 1001, 4;
1, 256, 0, 0, 0, 0, 5, 1000, 3;
1, 256, 0, -1, -1, -1, 4, 999, 2;
1, 256, 0, 0, 0, 0, 4, 999, 2;
1, 256, 0, 0, 0, 0, 4, 999, 2;
1, 256, 0, 1, 1, 1, 5, 1000, 3;
1, 256, 0, 1, 1, 1, 5, 1000, 3;
1, 256, 0, -1, -1, -1, 4, 999, 2;
1, 256, 0, -1, -1, -1, 4, 999, 2;
1, 256, 0, 0, 0, 0, 5, 1000, 3;
1, 256, 0, -1, -1, -1, 4, 999, 2;
1, 256, 0, 0, 0, 0, 5, 1000, 3;
1, 256, 0, 0, 0, 0, 5, 1000, 3;
1, 256, 0, 0, 0, 0, 5, 1000, 3;
1, 256, 0, 1, 1, 1, 5, 1000, 3;
1, 256, 0, -1, -1, -1, 4, 999, 2;
1, 256, 1, 1, 1, 1, 5, 1000, 3;
0, 256, 0, -1, -1, -1, 3, 998, 1;
1, 256, 0, 0, 0, 0, 4, 999, 2;
1, 256, 0, 0, 0, 0, 5, 999, 2;
1, 256, 0, -1, -1, -1, 4, 998, 1;
1, 256, 0, -1, -1, -1, 4, 999, 2;
1, 256, 0, 0, 0, 0, 5, 1000, 3;
1, 256, 0, 0, 0, 0, 5, 1000, 3;
1, 256, 0, 0, 0, 0, 5, 1000, 3;
1, 256, 0, 0, 0, 0, 4, 999, 2;
1, 256, 1, 1, 1, 1, 6, 1001, 4;
1, 256, 1, 1, 1, 1, 6, 1001, 4;
1, 256, 0, -1, -1, -1, 4, 999, 2;
1, 256, 0, 1, 1, 1, 5, 1000, 3;
1, 256, 1, 1, 1, 1, 5, 1000, 3;
1, 256, 0, 0, 0, 0, 5, 1000, 3;
1, 256, 0, 0, 0, 0, 5, 1000, 3;
1, 256, 0, 0, 0, 0, 4, 999, 2;
1, 256, 0, 0, 0, 0, 5, 1000, 3;
1, 256, 1, 1, 1, 1, 6, 1001, 4;
1, 256, 0, 0, 0, 0, 5, 999, 2;
1, 256, 0, 0, 0, 0, 4, 999, 2;
1, 256, 0, -1, -1, -1, 4, 999, 2;
1, 256, 0, 0, 0, 0, 5, 999, 2;
1, 256, 0, 0, 0, 0, 4, 999, 2;
1, 256, 0, -1, -1, -1, 3, 998, 1;
1, 256, 0, 0, 0, 0, 5, 1000, 3;
1, 256, 0, 1, 1, 1, 5, 1000, 3;
1, 256, 1, 1, 1, 1, 6, 1001, 4;
1, 256, 1, 1, 1, 1, 6, 1000, 3;
1, 256, 1, 1, 1, 1, 6, 1001, 4;
1, 256, 0, 0, 0, 0, 4, 999, 2;
1, 256, 0, 0, 0, 0, 5, 999, 2;
1, 256, 0, 0, 0, 0, 5, 1000, 3;
1, 256, 0, 0, 0, 0, 5, 1000, 3;
1, 256, 0, 0, 0, 0, 5, 1000, 3;
1, 256, 0, 0, 0, 0, 4, 999, 2;
1, 256, 1, 1, 1, 1, 6, 1001, 4;
1, 256, 0, -1, -1, -1, 4, 999, 2;
1, 256, 0, 1, 1, 1, 5, 1000, 3;
1, 256, 0, 1, 1, 1, 5, 1000, 3;
1, 256, 0, -1, -1, -1, 3, 998, 1;
1, 256, 0, 0, 0, 0, 5, 1000, 3;
1, 256, 0, 0, 0, 0, 5, 1000, 3;
1, 256, 0, 0, 0, 0, 5, 1000, 3;
1, 256, 0, 0, 0, 0, 5, 1000, 3;
1, 256, 0, 0, 0, 0, 5, 1000, 3;
1, 256, 0, 0, 0, 0, 4, 999, 2;
1, 256, 0, 0, 0, 0, 4, 999, 2;
1, 256, 0, -1, -1, -1, 4, 999, 2;
1, 256, 0, -1, -1, -1, 4, 999, 2;
1, 256, 0, -1, -1, -1, 4, 998, 1;
1, 256, 0, -1, -1, -1, 4, 999, 2;
1, 256, 0, -1, -1, -1, 4, 999, 2;
1, 256, 0, 0, 0, 0, 5, 1000, 3;
1, 256, 1, 1, 1, 1, 5, 1000, 3;
1, 256, 0, 0, 0, 0, 4, 999, 2;
1, 256, 1, 1, 1, 1, 6, 1001, 4;
1, 256, 1, 1, 1, 1, 6, 1001, 4;
1, 256, 0, 1, 1, 1, 5, 1000, 3;
1, 256, 1, 1, 1, 1, 6, 1001, 4;
1, 256, 0, 0, 0, 0, 4, 999, 2;
1, 256, 0, -1, -1, -1, 4, 999, 2;
1, 256, 0, 0, 0, 0, 4, 999, 2;
1, 256, 0, 1, 1, 1, 5, 1000, 3;
1, 256, 0, 0, 0, 0, 5, 1000, 3;
1, 256, 1, 1, 1, 1, 6, 1001, 4;
1, 256, 0, 1, 1, 1, 5, 1000, 3;
1, 256, 0, -1, -1, -1, 4, 999, 2;
1, 256, 0, 0, 0, 0, 4, 999, 2;
1, 256, 0, 0, 0, 0, 5, 1000, 3;
1, 256, 0, 0, 0, 0, 5, 1000, 3;
1, 256, 0, 0, 0, 0, 4, 999, 2;
1, 256, 0, 0, 0, 0, 4, 999, 2;
1, 256, 1, 1, 1, 1, 6, 1001, 4;
1, 256, 0, 0, 0, 0, 5, 1000, 3;
1, 256, 0, 0, 0, 0, 5, 1000, 3;
1, 256, 0, 1, 1, 1, 5, 1000, 3;
1, 256, 1, 1, 1, 1, 6, 1001, 4;
1, 256, 0, -1, -1, -1, 4, 998, 2;
1, 256, 1, 1, 1, 1, 6, 1001, 4;
1, 256, 0, 1, 1, 1, 5, 1000, 3;
1, 256, 0, 0, 0, 0, 5, 1000, 3;
1, 256, 0, 1, 1, 1, 5, 1000, 3;
1, 256, 0, 0, 0, 0, 5, 1000, 3;
1, 256, 1, 1, 1, 1, 6, 1000, 3;
1, 256, 0, 0, 0, 0, 4, 999, 2;
1, 256, 0, 0, 0, 0, 4, 999, 2;
1, 256, 0, 0, 0, 0, 5, 1000, 3;
1, 256, 0, 0, 0, 0, 5, 1000, 3;
1, 256, 0, 0, 0, 0, 5, 1000, 3;
1, 256, 0, 0, 0, 0, 5, 999, 3;
1, 256, 0, 0, 0, 0, 5, 1000, 3;
1, 256, 0, 0, 0, 0, 5, 1000, 3;
1, 256, 0, -1, -1, -1, 4, 999, 2;
1, 256, 0, 0, 0, 0, 5, 1000, 3;
1, 256, 0, -1, -1, -1, 4, 998, 2;
1, 256, 0, 0, 0, 0, 5, 1000, 3;
1, 256, 0, 0, 0, 0, 5, 1000, 3;
1, 256, 0, 0, 0, 0, 4, 999, 2;
1, 256, 0, 0, 0, 0, 4, 999, 2;
1, 256, 0, -1, -1, -1, 4, 998, 1;
1, 256, 1, 1, 1, 1, 5, 1000, 3;
1, 256, 0, 0, 0, 0, 5, 1000, 3;
1, 256, 0, 1, 1, 1, 5, 1000, 3;
1, 256, 0, 0, 0, 0, 5, 1000, 3;
1, 256, 0, 0, 0, 0, 5, 1000, 3;
1, 256, 0, 0, 0, 0, 4, 999, 2;
1, 256, 0, 0, 0, 0, 4, 999, 2;
1, 256, 0, 0, 0, 0, 5, 1000, 3;
1, 256, 0, -1, -1, -1, 4, 999, 2;
1, 256, 0, -1, -1, -1, 4, 999, 2;
1, 256, 0, -1, -1, -1, 4, 999, 2;
1, 256, 0, -1, -1, -1, 3, 998, 1;
1, 256, 0, -1, -1, -1, 4, 999, 2;
1, 256, 0, -1, -1, -1, 4, 999, 2;
1, 256, 1, 1, 1, 1, 6, 1001, 4;
1, 256, 0, 0, 0, 0, 5, 1000, 3;
1, 256, 0, 0, 0, 0, 5, 1000, 3;
1, 256, 0, 0, 0, 0, 4, 999, 2;
1, 256, 0, 0, 0, 0, 4, 999, 2;
1, 256, 0, -1, -1, -1, 3, 998, 1;
1, 256, 0, 1, 1, 1, 5, 1000, 3;
1, 256, 1, 1, 1, 1, 6, 1001, 4;
1, 256, 0, 0, 0, 0, 5, 1000, 3;
1, 256, 0, 0, 0, 0, 5, 1000, 3;
1, 256, 0, 1, 1, 1, 5, 1000, 3;
1, 256, 0, 0, 0, 0, 5, 1000, 3;
1, 256, 0, -1, -1, -1, 4, 999, 2;
1, 256, 0, 0, 0, 0, 5, 1000, 3;
1, 256, 0, 0, 0, 0, 5, 1000, 3;
1, 256, 1, 1, 1, 1, 6, 1001, 4;
1, 256, 0, -1, -1, -1, 4, 998, 2;
1, 256, 0, 0, 0, 0, 5, 1000, 3;
1, 256, 0, -1, -1, -1, 4, 999, 2;
1, 256, 0, 0, 0, 0, 4, 999, 2;
1, 256, 1, 1, 1, 1, 6, 1001, 4;
1, 256, 0, 0, 0, 0, 5, 1000, 3;
1, 256, 0, 1, 1, 1, 5, 1000, 3;
1, 256, 0, 0, 0, 0, 4, 999, 2;
1, 256, 0, 1, 1, 1, 5, 1000, 3;
1, 256, 0, 0, 0, 0, 4, 999, 2;
1, 256, 0, -1, -1, -1, 3, 998, 1;
1, 256, 0, 0, 0, 0, 4, 999, 2;
1, 256, 0, 0, 0, 0, 5, 1000, 3;
1, 256, 0, 0, 0, 0, 4, 999, 2;
1, 256, 1, 1, 1, 1, 6, 1001, 4;
1, 256, 0, 0, 0, 0, 5, 1000, 3;
1, 256, 0, -1, -1, -1, 4, 999, 2;
1, 256, 0, 0, 0, 0, 5, 1000, 3;
1, 256, 0, -1, -1, -1, 4, 999, 2;
1, 256, 0, -1, -1, -1, 4, 999, 2;
1, 256, 0, 0, 0, 0, 4, 999, 2;
1, 256, 0, 0, 0, 0, 5, 1000, 3;
1, 256, 0, -1, -1, -1, 4, 998, 1;
1, 256, 0, -1, -1, -1, 4, 998, 2;
1, 256, 1, 1, 1, 1, 6, 1000, 3;
1, 256, 0, -1, -1, -1, 4, 998, 1;
1, 256, 0, 0, 0, 0, 4, 999, 2;
1, 256, 0, -1, -1, -1, 4, 999, 2;
1, 256, 0, 0, 0, 0, 5, 1000, 3;
1, 256, 0, -1, -1, -1, 4, 998, 2;
1, 256, 1, 1, 1, 1, 5, 1000, 3;
1, 256, 0, 0, 0, 0, 5, 1000, 3;
1, 256, 0, 0, 0, 0, 4, 999, 2;
1, 256, 0, 0, 0, 0, 5, 1000, 3;
1, 256, 1, 1, 1, 1, 5, 1000, 3;
1, 256, 1, 1, 1, 1, 6, 1001, 4;
1, 256, 0, 0, 0, 0, 5, 1000, 3;
1, 256, 0, 0, 0, 0, 4, 999, 2;
1, 256, 1, 1, 1, 1, 6, 1000, 3;
1, 256, 0, 1, 1, 1, 5, 1000, 3;
1, 256, 0, -1, -1, -1, 4, 999, 2;
1, 256, 0, -1, -1, -1, 4, 999, 2;
1, 256, 1, 1, 1, 1, 6, 1001, 4;
1, 256, 0, -1, -1, -1, 3, 998, 1;
1, 256, 0, 0, 0, 0, 4, 999, 2;
1, 256, 0, 0, 0, 0, 5, 1000, 3;
1, 256, 0, -1, -1, -1, 3, 998, 1;
1, 256, 0, 0, 0, 0, 5, 1000, 3;
1, 256, 0, -1, -1, -1, 4, 999, 2;
1, 256, 1, 1, 1, 1, 6, 1001, 4;
1, 256, 0, -1, -1, -1, 4, 998, 1;
1, 256, 0, 0, 0, 0, 5, 1000, 3;
1, 256, 0, 0, 0, 0, 4, 999, 2;
1, 256, 0, 0, 0, 0, 5, 1000, 3;
1, 256, 1, 1, 1, 1, 6, 1001, 4;
1, 256, 0, -1, -1, -1, 4, 998, 2;
1, 256, 0, 0, 0, 0, 5, 1000, 3;
1, 256, 0, 0, 0, 0, 5, 1000, 3;
1, 256, 0, 0, 0, 0, 5, 1000, 3;
1, 256, 0, 0, 0, 0, 5, 1000, 3;
1, 256, 0, 0, 0, 0, 4, 999, 2;
0, 256, 0, -1, -1, -1, 3, 998, 1;
1, 256, 1, 1, 1, 1, 6, 1001, 4;
1, 256, 1, 1, 1, 1, 6, 1001, 4;
1, 256, 1, 1, 1, 1, 6, 1000, 3;
1, 256, 0, 0, 0, 0, 4, 999, 2;
1, 256, 0, -1, -1, -1, 3, 998, 1;
1, 256, 1, 1, 1, 1, 6, 1001, 4;
1, 256, 0, -1, -1, -1, 3, 998, 1;
1, 256, 0, -1, -1, -1, 4, 999, 2;
1, 256, 0, 0, 0, 0, 5, 1000, 3;
1, 256, 0, -1, -1, -1, 4, 999, 2;
1, 256, 0, -1, -1, -1, 3, 998, 1;
1, 256, 0, -1, -1, -1, 4, 999, 2;
1, 256, 0, 0, 0, 0, 5, 1000, 3;
1, 256, 1, 1, 1, 1, 6, 1000, 3;
1, 256, 0, -1, -1, -1, 4, 999, 2;
1, 256, 0, 0, 0, 0, 5, 1000, 3;
1, 256, 0, 0, 0, 0, 5, 1000, 3;
1, 256, 0, 0, 0, 0, 4, 999, 2;
1, 256, 0, 0, 0, 0, 5, 999, 2;
1, 256, 0, 0, 0, 0, 4, 999, 2;
1, 256, 0, 0, 0, 0, 4, 999, 2;
1, 256, 0, 0, 0, 0, 4, 999, 2;
1, 256, 0, -1, -1, -1, 4, 999, 2;
1, 256, 0, 0, 0, 0, 5, 1000, 3;
1, 256, 0, 0, 0, 0, 4, 999, 2;
1, 256, 1, 1, 1, 1, 5, 1000, 3;
1, 256, 0, 0, 0, 0, 4, 999, 2;
1, 256, 0, 1, 1, 1, 5, 1000, 3;
1, 256, 0, 1, 1, 1, 5, 1000, 3;
1, 256, 0, 0, 0, 0, 4, 999, 2;
1, 256, 0, 0, 0, 0, 4, 999, 2;
1, 256, 0, 0, 0, 0, 5, 1000, 3;
0, 256, 0, -1, -1, -1, 3, 998, 1;
1, 256, 1, 1, 1, 1, 6, 1001, 4;
1, 256, 1, 1, 1, 1, 6, 1001, 4;
1, 256, 0, 0, 0, 0, 5, 1000, 3;
1, 256, 1, 1, 1, 1, 6, 1001, 4;
1, 256, 0, 1, 1, 1, 5, 1000, 3;
1, 256, 0, -1, -1, -1, 4, 999, 2;
1, 256, 0, 0, 0, 0, 4, 999, 2;
1, 256, 0, 0, 0, 0, 5, 1000, 3;
1, 256, 0, 1, 1, 1, 5, 1000, 3;
1, 256, 0, -1, -1, -1, 4, 998, 2;
0, 256, 0, -1, -1, -1, 3, 998, 1;
1, 256, 1, 1, 1, 1, 6, 1000, 4;
1, 256, 1, 1, 1, 1, 5, 1000, 3;
1, 256, 1, 1, 1, 1, 6, 1001, 4;
1, 256, 0, 0, 0, 0, 4, 999, 2;
1, 256, 0, -1, -1, -1, 3, 998, 1;
1, 256, 0, 0, 0, 0, 5, 999, 3;
1, 256, 1, 1, 1, 1, 6, 1001, 4;
1, 256, 0, 0, 0, 0, 5, 1000, 3;
1, 256, 0, 0, 0, 0, 5, 1000, 3;
1, 256, 0, -1, -1, -1, 4, 999, 2;
1, 256, 0, 0, 0, 0, 5, 1000, 3;
1, 256, 0, -1, -1, -1, 3, 998, 1;
1, 256, 0, 0, 0, 0, 5, 999, 3;
1, 256, 0, -1, -1, -1, 3, 998, 1;
1, 256, 0, 0, 0, 0, 5, 1000, 3;
1, 256, 1, 1, 1, 1, 5, 1000, 3;
1, 256, 0, 1, 1, 1, 5, 1000, 3;
1, 256, 0, 0, 0, 0, 5, 1000, 3;
1, 256, 0, 0, 0, 0, 5, 1000, 3;
1, 256, 0, 0, 0, 0, 4, 999, 2;
1, 256, 0, -1, -1, -1, 4, 999, 2;
1, 256, 0, 0, 0, 0, 5, 1000, 3;
1, 256, 1, 1, 1, 1, 6, 1000, 3;
1, 256, 0, -1, -1, -1, 3, 998, 1;
1, 256, 1, 1, 1, 1, 5, 1000, 3;
1, 256, 0, 0, 0, 0, 5, 1000, 3;
1, 256, 0, -1, -1, -1, 4, 999, 2;
1, 256, 0, 0, 0, 0, 5, 1000, 3;
1, 256, 0, 0, 0, 0, 5, 1000, 3;
1, 256, 0, -1, -1, -1, 4, 999, 2;
1, 256, 1, 1, 1, 1, 6, 1001, 4;
1, 256, 0, 1, 1, 1, 5, 1000, 3;
1, 256, 0, 0, 0, 0, 4, 999, 2;
1, 256, 0, -1, -1, -1, 4, 999, 2;
1, 256, 0, -1, -1, -1, 4, 999, 2;
1, 256, 0, 0, 0, 0, 4, 999, 2;
1, 256, 0, 0, 0, 0, 5, 999, 3;
1, 256, 0, 0, 0, 0, 5, 1000, 3;
1, 256, 0, 0, 0, 0, 4, 999, 2;
1, 256, 0, -1, -1, -1, 4, 999, 2;
1, 256, 0, 0, 0, 0, 5, 999, 3;
1, 256, 1, 1, 1, 1, 5, 1000, 3;
1, 256, 1, 1, 1, 1, 6, 1000, 4;
1, 256, 1, 1, 1, 1, 6, 1001, 4;
1, 256, 0, 0, 0, 0, 5, 1000, 3;
1, 256, 0, -1, -1, -1, 4, 999, 2;
1, 256, 0, -1, -1, -1, 4, 998, 2;
1, 256, 0, 0, 0, 0, 4, 999, 2;
1, 256, 0, -1, -1, -1, 4, 999, 2;
1, 256, 0, 0, 0, 0, 4, 999, 2;
1, 256, 0, 0, 0, 0, 4, 999, 2;
1, 256, 0, 0, 0, 0, 5, 1000, 3;
1, 256, 0, 1, 1, 1, 5, 1000, 3;
1, 256, 0, -1, -1, -1, 3, 998, 1;
1, 256, 0, 0, 0, 0, 5, 1000, 3;
1, 256, 0, 0, 0, 0, 4, 999, 2;
1, 256, 0, 0, 0, 0, 5, 1000, 3;
1, 256, 0, 1, 1, 1, 5, 1000, 3;
1, 256, 0, 0, 0, 0, 4, 999, 2;
1, 256, 0, 0, 0, 0, 4, 999, 2;
1, 256, 0, -1, -1, -1, 4, 999, 2;
1, 256, 0, 1, 1, 1, 5, 1000, 3;
1, 256, 0, 0, 0, 0, 5, 1000, 3;
1, 256, 0, 0, 0, 0, 4, 999, 2;
1, 256, 0, -1, -1, -1, 4, 999, 2;
1, 256, 0, -1, -1, -1, 3, 998, 1;
1, 256, 0, 0, 0, 0, 5, 1000, 3;
1, 256, 0, 0, 0, 0, 5, 1000, 3;
1, 256, 0, -1, -1, -1, 3, 998, 1;
1, 256, 1, 1, 1, 1, 6, 1001, 4;
1, 256, 0, 0, 0, 0, 5, 1000, 3;
1, 256, 0, -1, -1, -1, 4, 999, 2;
1, 256, 0, -1, -1, -1, 4, 998, 2;
1, 256, 0, -1, -1, -1, 3, 998, 1;
1, 256, 0, 0, 0, 0, 5, 1000, 3;
1, 256, 0, 0, 0, 0, 5, 1000, 3;
1, 256, 0, -1, -1, -1, 4, 999, 2;
1, 256, 0, -1, -1, -1, 4, 999, 2;
1, 256, 1, 1, 1, 1, 6, 1001, 4;
1, 256, 0, 0, 0, 0, 4, 999, 2;
1, 256, 0, 0, 0, 0, 5, 1000, 3;
1, 256, 0, 0, 0, 0, 5, 1000, 3;
1, 256, 0, 1, 1, 1, 5, 1000, 3;
1, 256, 0, -1, -1, -1, 4, 999, 2;
1, 256, 0, 0, 0, 0, 4, 999, 2;
1, 256, 0, 0, 0, 0, 5, 1000, 3;
1, 256, 0, 1, 1, 1, 5, 1000, 3;
1, 256, 1, 1, 1, 1, 6, 1001, 4;
1, 256, 0, 1, 1, 1, 5, 1000, 3;
1, 256, 0, 1, 1, 1, 5, 1000, 3;
1, 256, 0, 1, 1, 1, 5, 1000, 3;
1, 256, 0, -1, -1, -1, 4, 999, 2;
1, 256, 0, -1, -1, -1, 3, 998, 1;
1, 256, 0, 1, 1, 1, 5, 1000, 3;
1, 256, 1, 1, 1, 1, 6, 1001, 4;
1, 256, 0, 0, 0, 0, 4, 999, 2;
1, 256, 0, 0, 0, 0, 5, 1000, 3;
1, 256, 0, -1, -1, -1, 4, 999, 2;
1, 256, 0, 0, 0, 0, 5, 1000, 3;
1, 256, 0, 0, 0, 0, 4, 999, 2;
1, 256, 0, -1, -1, -1, 3, 998, 1;
1, 256, 0, 0, 0, 0, 5, 1000, 3;
1, 256, 0, 0, 0, 0, 4, 999, 2;
1, 256, 0, 0, 0, 0, 5, 1000, 3;
1, 256, 0, -1, -1, -1, 3, 998, 1;
1, 256, 0, 0, 0, 0, 5, 1000, 3;
1, 256, 0, 0, 0, 0, 4, 999, 2;
1, 256, 0, 0, 0, 0, 4, 999, 2;
1, 256, 1, 1, 1, 1, 6, 1000, 3;
1, 256, 1, 1, 1, 1, 6, 1000, 3;
1, 256, 0, 0, 0, 0, 4, 999, 2;
1, 256, 0, 0, 0, 0, 4, 999, 2;
1, 256, 0, 0, 0, 0, 5, 1000, 3;
1, 256, 1, 1, 1, 1, 6, 1001, 4;
1, 256, 0, 0, 0, 0, 5, 1000, 3;
1, 256, 0, 0, 0, 0, 5, 1000, 3;
1, 256, 0, 1, 1, 1, 5, 1000, 3;
1, 256, 0, 0, 0, 0, 5, 1000, 3;
1, 256, 1, 1, 1, 1, 5, 1000, 3;
1, 256, 1, 1, 1, 1, 6, 1001, 4;
1, 256, 0, 0, 0, 0, 5, 1000, 3;
1, 256, 0, 0, 0, 0, 4, 999, 2;
1, 256, 0, 0, 0, 0, 4, 999, 2;
1, 256, 0, 0, 0, 0, 4, 999, 2;
1, 256, 0, -1, -1, -1, 4, 999, 2;
1, 256, 0, 0, 0, 0, 5, 1000, 3;
1, 256, 0, 0, 0, 0, 5, 1000, 3;
1, 256, 1, 1, 1, 1, 6, 1001, 4;
1, 256, 1, 1, 1, 1, 6, 1000, 4;
1, 256, 0, 0, 0, 0, 5, 1000, 3;
1, 256, 0, -1, -1, -1, 4, 999, 2;
1, 256, 0, 0, 0, 0, 4, 999, 2;
1, 256, 0, 0, 0, 0, 5, 1000, 3;
1, 256, 0, -1, -1, -1, 4, 999, 2;
1, 256, 0, 0, 0, 0, 5, 999, 3;
1, 256, 0, 0, 0, 0, 4, 999, 2;
1, 256, 0, 0, 0, 0, 4, 999, 2;
1, 256, 0, 0, 0, 0, 4, 999, 2;
1, 256, 0, 0, 0, 0, 5, 1000, 3;
1, 256, 1, 1, 1, 1, 6, 1001, 4;
1, 256, 0, -1, -1, -1, 4, 998, 1;
1, 256, 1, 1, 1, 1, 5, 1000, 3;
1, 256, 0, -1, -1, -1, 4, 999, 2;
1, 256, 0, 0, 0, 0, 4, 999, 2;
1, 256, 0, -1, -1, -1, 4, 998, 2;
1, 256, 0, 0, 0, 0, 5, 1000, 3;
1, 256, 0, 0, 0, 0, 5, 1000, 3;
1, 256, 0, -1, -1, -1, 4, 999, 2;
1, 256, 0, 0, 0, 0, 4, 999, 2;
1, 256, 0, -1, -1, -1, 4, 999, 2;
1, 256, 0, 0, 0, 0, 4, 999, 2;
1, 256, 0, 0, 0, 0, 5, 1000, 3;
1, 256, 0, 0, 0, 0, 4, 999, 2;
1, 256, 1, 1, 1, 1, 6, 1001, 4;
1, 256, 1, 1, 1, 1, 6, 1000, 4;
1, 256, 0, -1, -1, -1, 4, 999, 2;
1, 256, 1, 1, 1, 1, 6, 1001, 4;
1, 256, 0, 0, 0, 0, 5, 1000, 3;
1, 256, 1, 1, 1, 1, 6, 1001, 4;
1, 256, 0, 0, 0, 0, 4, 999, 2;
1, 256, 1, 1, 1, 1, 6, 1001, 4;
1, 256, 0, 0, 0, 0, 5, 1000, 3;
1, 256, 0, -1, -1, -1, 4, 999, 2;
1, 256, 0, 0, 0, 0, 5, 1000, 3;
1, 256, 0, 0, 0, 0, 4, 999, 2;
1, 256, 0, 1, 1, 1, 5, 1000, 3;
1, 256, 1, 1, 1, 1, 6, 1001, 4;
1, 256, 0, -1, -1, -1, 4, 999, 2;
1, 256, 0, 0, 0, 0, 4, 999, 2;
1, 256, 0, 1, 1, 1, 5, 1000, 3;
1, 256, 0, 0, 0, 0, 4, 999, 2;
1, 256, 0, -1, -1, -1, 4, 999, 2;
1, 256, 1, 1, 1, 1, 6, 1001, 4;
1, 256, 0, 0, 0, 0, 5, 1000, 3;
1, 256, 0, -1, -1, -1, 4, 999, 2;
1, 256, 0, 0, 0, 0, 4, 999, 2;
1, 256, 1, 1, 1, 1, 6, 1001, 4;
1, 256, 0, 0, 0, 0, 5, 1000, 3;
1, 256, 0, 0, 0, 0, 4, 999, 2;
1, 256, 0, 0, 0, 0, 4, 999, 2;
1, 256, 0, 0, 0, 0, 5, 1000, 3;
1, 256, 0, 1, 1, 1, 5, 1000, 3;
1, 256, 0, 0, 0, 0, 5, 1000, 3;
1, 256, 0, -1, -1, -1, 4, 999, 2;
1, 256, 0, -1, -1, -1, 4, 999, 2;
1, 256, 0, -1, -1, -1, 4, 999, 2;
1, 256, 0, -1, -1, -1, 4, 999, 2;
1, 256, 0, -1, -1, -1, 4, 999, 2;
1, 256, 0, 1, 1, 1, 5, 1000, 3;
1, 256, 1, 1, 1, 1, 6, 1000, 4;
1, 256, 0, -1, -1, -1, 4, 998, 2;
1, 256, 0, -1, -1, -1, 4, 999, 2;
1, 256, 0, 0, 0, 0, 4, 999, 2;
1, 256, 0, 1, 1, 1, 5, 1000, 3;
1, 256, 0, 0, 0, 0, 4, 999, 2;
1, 256, 0, 0, 0, 0, 5, 1000, 3;
1, 256, 1, 1, 1, 1, 6, 1001, 4;
1, 256, 0, 0, 0, 0, 5, 1000, 3;
1, 256, 0, 0, 0, 0, 5, 1000, 3;
1, 256, 0, -1, -1, -1, 3, 998, 1;
1, 256, 0, -1, -1, -1, 4, 998, 2;
1, 256, 0, -1, -1, -1, 3, 998, 1;
1, 256, 1, 1, 1, 1, 6, 1001, 4;
1, 256, 0, -1, -1, -1, 4, 998, 1;
1, 256, 0, 0, 0, 0, 5, 1000, 3;
0, 256, 0, -1, -1, -1, 3, 998, 1;
1, 256, 0, 0, 0, 0, 5, 1000, 3;
1, 256, 1, 1, 1, 1, 5, 1000, 3;
1, 256, 0, -1, -1, -1, 4, 999, 2;
1, 256, 0, 1, 1, 1, 5, 1000, 3;
1, 256, 0, 0, 0, 0, 5, 1000, 3;
1, 256, 0, 0, 0, 0, 4, 999, 2;
1, 256, 0, 0, 0, 0, 4, 999, 2;
1, 256, 0, -1, -1, -1, 4, 999, 2;
1, 256, 0, 0, 0, 0, 4, 999, 2;
1, 256, 0, 0, 0, 0, 5, 1000, 3;
1, 256, 0, 0, 0, 0, 5, 1000, 3;
1, 256, 0, 1, 1, 1, 5, 1000, 3;
1, 256, 1, 1, 1, 1, 6, 1001, 4;
1, 256, 0, 0, 0, 0, 4, 999, 2;
1, 256, 0, 1, 1, 1, 5, 1000, 3;
1, 256, 0, 0, 0, 0, 5, 1000, 3;
1, 256, 1, 1, 1, 1, 6, 1001, 4;
1, 256, 0, -1, -1, -1, 4, 999, 2;
1, 256, 1, 1, 1, 1, 6, 1001, 4;
1, 256, 0, 0, 0, 0, 5, 1000, 3;
1, 256, 0, 0, 0, 0, 4, 999, 2;
1, 256, 0, -1, -1, -1, 4, 998, 2;
1, 256, 0, -1, -1, -1, 4, 998, 1;
1, 256, 0, -1, -1, -1, 4, 999, 2;
1, 256, 1, 1, 1, 1, 6, 1000, 4;
1, 256, 1, 1, 1, 1, 5, 1000, 3;
1, 256, 1, 1, 1, 1, 6, 1001, 4;
1, 256, 0, -1, -1, -1, 4, 998, 1;
1, 256, 0, 1, 1, 1, 5, 1000, 3;
1, 256, 0, 0, 0, 0, 5, 1000, 3;
1, 256, 0, 0, 0, 0, 5, 999, 3;
0, 256, 0, -1, -1, -1, 3, 998, 1;
1, 256, 0, 0, 0, 0, 5, 1000, 3;
1, 256, 0, -1, -1, -1, 4, 999, 2;
1, 256, 0, -1, -1, -1, 4, 999, 2;
1, 256, 0, 1, 1, 1, 5, 1000, 3;
1, 256, 0, -1, -1, -1, 4, 999, 2;
1, 256, 0, -1, -1, -1, 4, 998, 1;
1, 256, 0, -1, -1, -1, 4, 999, 2;
1, 256, 0, 0, 0, 0, 5, 1000, 3;
1, 256, 0, -1, -1, -1, 4, 998, 2;
1, 256, 0, 0, 0, 0, 5, 1000, 3;
1, 256, 0, 0, 0, 0, 4, 999, 2;
1, 256, 0, 0, 0, 0, 4, 999, 2;
1, 256, 0, 0, 0, 0, 4, 999, 2;
1, 256, 0, -1, -1, -1, 4, 999, 2;
1, 256, 1, 1, 1, 1, 6, 1000, 3;
1, 256, 0, 0, 0, 0, 4, 999, 2;
1, 256, 0, 0, 0, 0, 4, 999, 2;
1, 256, 0, -1, -1, -1, 4, 999, 2;
1, 256, 0, -1, -1, -1, 4, 999, 2;
1, 256, 0, 0, 0, 0, 4, 999, 2;
1, 256, 0, -1, -1, -1, 3, 998, 1;
1, 256, 0, -1, -1, -1, 3, 998, 1;
1, 256, 0, -1, -1, -1, 4, 999, 2;
1, 256, 1, 1, 1, 1, 6, 1001, 4;
1, 256, 0, 0, 0, 0, 5, 1000, 3;
1, 256, 0, 0, 0, 0, 4, 999, 2;
1, 256, 0, 0, 0, 0, 5, 1000, 3;
1, 256, 0, 0, 0, 0, 5, 1000, 3;
1, 256, 0, 0, 0, 0, 5, 1000, 3;
1, 256, 1, 1, 1, 1, 6, 1001, 4;
1, 256, 0, 0, 0, 0, 4, 999, 2;
1, 256, 0, 0, 0, 0, 4, 999, 2;
1, 256, 1, 1, 1, 1, 6, 1000, 3;
1, 256, 0, 0, 0, 0, 4, 999, 2;
1, 256, 0, -1, -1, -1, 4, 999, 2;
1, 256, 0, 0, 0, 0, 4, 999, 2;
1, 256, 0, 0, 0, 0, 5, 1000, 3;
1, 256, 0, 0, 0, 0, 4, 999, 2;
1, 256, 0, -1, -1, -1, 4, 999, 2;
1, 256, 0, 0, 0, 0, 4, 999, 2;
1, 256, 1, 1, 1, 1, 6, 1001, 4;
1, 256, 0, 1, 1, 1, 5, 1000, 3;
1, 256, 0, 0, 0, 0, 5, 1000, 3;
1, 256, 0, 0, 0, 0, 5, 1000, 3;
1, 256, 0, -1, -1, -1, 4, 999, 2;
1, 256, 0, 1, 1, 1, 5, 1000, 3;
1, 256, 0, 0, 0, 0, 5, 1000, 3;
1, 256, 0, 0, 0, 0, 5, 1000, 3;
1, 256, 0, 0, 0, 0, 4, 999, 2;
1, 256, 0, 0, 0, 0, 5, 1000, 3;
1, 256, 1, 1, 1, 1, 6, 1000, 3;
1, 256, 1, 1, 1, 1, 6, 1001, 4;
1, 256, 0, 0, 0, 0, 5, 1000, 3;
1, 256, 0, -1, -1, -1, 4, 998, 2;
1, 256, 0, -1, -1, -1, 4, 998, 2;
1, 256, 0, -1, -1, -1, 4, 999, 2;
1, 256, 0, 0, 0, 0, 5, 1000, 3;
1, 256, 0, 0, 0, 0, 4, 999, 2;
1, 256, 1, 1, 1, 1, 6, 1001, 4;
1, 256, 1, 1, 1, 1, 6, 1001, 4;
1, 256, 0, 0, 0, 0, 4, 999, 2;
1, 256, 0, 0, 0, 0, 4, 999, 2;
1, 256, 1, 1, 1, 1, 6, 1001, 4;
1, 256, 1, 1, 1, 1, 6, 1000, 3;
1, 256, 0, 0, 0, 0, 5, 1000, 3;
1, 256, 0, 0, 0, 0, 5, 1000, 3;
1, 256, 0, -1, -1, -1, 4, 999, 2;
1, 256, 0, 0, 0, 0, 4, 999, 2;
1, 256, 0, 0, 0, 0, 4, 999, 2;
1, 256, 0, 0, 0, 0, 5, 1000, 3;
1, 256, 0, 1, 1, 1, 5, 1000, 3;
1, 256, 1, 1, 1, 1, 5, 1000, 3;
1, 256, 0, 0, 0, 0, 4, 999, 2;
1, 256, 0, 1, 1, 1, 5, 1000, 3;
1, 256, 0, -1, -1, -1, 4, 998, 1;
0, 256, 0, -1, -1, -1, 3, 998, 1;
1, 256, 1, 1, 1, 1, 6, 1001, 4;
1, 256, 0, -1, -1, -1, 4, 999, 2;
1, 256, 0, 0, 0, 0, 5, 1000, 3;
1, 256, 0, 0, 0, 0, 4, 999, 2;
1, 256, 0, -1, -1, -1, 4, 999, 2;
0, 256, 0, -1, -1, -1, 3, 998, 1;
1, 256, 1, 1, 1, 1, 6, 1001, 4;
1, 256, 0, 1, 1, 1, 5, 1000, 3;
1, 256, 0, 0, 0, 0, 5, 1000, 3;
1, 256, 0, 0, 0, 0, 5, 1000, 3;
1, 256, 0, 0, 0, 0, 4, 999, 2;
1, 256, 0, 0, 0, 0, 5, 1000, 3;
1, 256, 0, 0, 0, 0, 4, 999, 2;
1, 256, 0, 0, 0, 0, 4, 999, 2;
1, 256, 1, 1, 1, 1, 5, 1000, 3;
1, 256, 1, 1, 1, 1, 6, 1001, 4;
1, 256, 0, 0, 0, 0, 5, 1000, 3;
1, 256, 0, 0, 0, 0, 5, 1000, 3;
1, 256, 0, 0, 0, 0, 5, 1000, 3;
1, 256, 0, -1, -1, -1, 3, 998, 1;
1, 256, 1, 1, 1, 1, 6, 1001, 4;
1, 256, 1, 1, 1, 1, 6, 1001, 4;
1, 256, 0, 0, 0, 0, 5, 1000, 3;
1, 256, 0, -1, -1, -1, 4, 999, 2;
1, 256, 0, 0, 0, 0, 5, 1000, 3;
1, 256, 0, 1, 1, 1, 5, 1000, 3;
1, 256, 0, 1, 1, 1, 5, 1000, 3;
1, 256, 0, 0, 0, 0, 5, 1000, 3;
1, 256, 0, -1, -1, -1, 4, 999, 2;
1, 256, 0, -1, -1, -1, 4, 999, 2;
1, 256, 1, 1, 1, 1, 6, 1000, 3;
1, 256, 0, -1, -1, -1, 4, 999, 2;
1, 256, 0, -1, -1, -1, 4, 999, 2;
1, 256, 0, 0, 0, 0, 4, 999, 2;
1, 256, 0, 0, 0, 0, 5, 1000, 3;
1, 256, 0, 0, 0, 0, 5, 1000, 3;
0, 256, 0, -1, -1, -1, 3, 998, 1;
1, 256, 1, 1, 1, 1, 6, 1000, 3;
1, 256, 1, 1, 1, 1, 5, 1000, 3;
1, 256, 0, 0, 0, 0, 5, 1000, 3;
1, 256, 0, 0, 0, 0, 5, 1000, 3;
1, 256, 0, 0, 0, 0, 5, 1000, 3;
1, 256, 0, -1, -1, -1, 4, 999, 2;
1, 256, 0, 0, 0, 0, 5, 1000, 3;
1, 256, 1, 1, 1, 1, 6, 1001, 4;
1, 256, 0, -1, -1, -1, 4, 999, 2;
1, 256, 0, 0, 0, 0, 5, 1000, 3;
1, 256, 0, 0, 0, 0, 5, 999, 2;
1, 256, 0, 1, 1, 1, 5, 1000, 3;
1, 256, 0, 0, 0, 0, 4, 999, 2;
1, 256, 0, 0, 0, 0, 4, 999, 2;
1, 256, 0, 0, 0, 0, 4, 999, 2;
1, 256, 0, 0, 0, 0, 5, 1000, 3;
1, 256, 0, 1, 1, 1, 5, 1000, 3;
1, 256, 0, -1, -1, -1, 4, 999, 2;
1, 256, 0, 0, 0, 0, 5, 1000, 3;
1, 256, 1, 1, 1, 1, 6, 1000, 3;
1, 256, 0, 0, 0, 0, 5, 1000, 3;
1, 256, 0, 1, 1, 1, 5, 1000, 3;
1, 256, 0, 0, 0, 0, 5, 1000, 3;
1, 256, 0, -1, -1, -1, 3, 998, 1;
1, 256, 0, 0, 0, 0, 5, 1000, 3;
1, 256, 0, -1, -1, -1, 4, 999, 2;
1, 256, 0, 1, 1, 1, 5, 1000, 3;
1, 256, 0, 0, 0, 0, 5, 999, 2;
1, 256, 0, 0, 0, 0, 4, 999, 2;
1, 256, 1, 1, 1, 1, 6, 1001, 4;
1, 256, 0, -1, -1, -1, 4, 999, 2;
1, 256, 0, 1, 1, 1, 5, 1000, 3;
1, 256, 0, 1, 1, 1, 5, 1000, 3;
1, 256, 0, 0, 0, 0, 5, 1000, 3;
1, 256, 0, 1, 1, 1, 5, 1000, 3;
1, 256, 0, -1, -1, -1, 4, 999, 2;
1, 256, 0, 0, 0, 0, 4, 999, 2;
1, 256, 0, 0, 0, 0, 4, 999, 2;
1, 256, 0, 0, 0, 0, 4, 999, 2;
1, 256, 0, 0, 0, 0, 5, 1000, 3;
1, 256, 0, 0, 0, 0, 4, 999, 2;
1, 256, 0, 0, 0, 0, 5, 1000, 3;
1, 256, 0, -1, -1, -1, 4, 999, 2;
1, 256, 0, -1, -1, -1, 4, 999, 2;
1, 256, 1, 1, 1, 1, 6, 1000, 4;
1, 256, 0, -1, -1, -1, 4, 998, 2;
1, 256, 0, 0, 0, 0, 5, 1000, 3;
1, 256, 0, 0, 0, 0, 5, 1000, 3;
1, 256, 1, 1, 1, 1, 6, 1001, 4;
1, 256, 0, 1, 1, 1, 5, 1000, 3;
1, 256, 0, 0, 0, 0, 5, 1000, 3;
1, 256, 0, 0, 0, 0, 4, 999, 2;
1, 256, 0, 0, 0, 0, 5, 1000, 3;
1, 256, 0, -1, -1, -1, 4, 998, 1;
1, 256, 0, -1, -1, -1, 4, 999, 2;
1, 256, 0, 0, 0, 0, 5, 1000, 3;
1, 256, 0, 0, 0, 0, 5, 1000, 3;
1, 256, 0, -1, -1, -1, 3, 998, 1;
1, 256, 1, 1, 1, 1, 6, 1001, 4;
1, 256, 0, -1, -1, -1, 4, 999, 2;
1, 256, 1, 1, 1, 1, 6, 1001, 4;
1, 256, 0, -1, -1, -1, 4, 999, 2;
1, 256, 0, 1, 1, 1, 5, 1000, 3;
1, 256, 1, 1, 1, 1, 5, 1000, 3;
1, 256, 0, 0, 0, 0, 5, 1000, 3;
1, 256, 1, 1, 1, 1, 6, 1001, 4;
1, 256, 1, 1, 1, 1, 6, 1000, 3;
1, 256, 1, 1, 1, 1, 6, 1000, 4;
1, 256, 0, 0, 0, 0, 4, 999, 2;
1, 256, 0, 0, 0, 0, 4, 999, 2;
1, 256, 0, -1, -1, -1, 4, 998, 1;
1, 256, 0, 0, 0, 0, 4, 999, 2;
1, 256, 0, -1, -1, -1, 4, 999, 2;
1, 256, 1, 1, 1, 1, 6, 1001, 4;
1, 256, 0, -1, -1, -1, 4, 999, 2;
1, 256, 0, 1, 1, 1, 5, 1000, 3;
1, 256, 0, 0, 0, 0, 4, 999, 2;
1, 256, 0, 0, 0, 0, 5, 1000, 3;
1, 256, 0, -1, -1, -1, 4, 999, 2;
1, 256, 0, 0, 0, 0, 4, 999, 2;
1, 256, 0, 0, 0, 0, 4, 999, 2;
1, 256, 1, 1, 1, 1, 6, 1001, 4;
1, 256, 0, 0, 0, 0, 5, 1000, 3;
1, 256, 0, 0, 0, 0, 5, 999, 2;
1, 256, 1, 1, 1, 1, 6, 1000, 4;
1, 256, 0, 1, 1, 1, 5, 1000, 3;
1, 256, 0, 0, 0, 0, 5, 1000, 3;
1, 256, 0, 1, 1, 1, 5, 1000, 3;
1, 256, 1, 1, 1, 1, 6, 1000, 3;
1, 256, 0, -1, -1, -1, 4, 999, 2;
1, 256, 0, 0, 0, 0, 5, 1000, 3;
1, 256, 1, 1, 1, 1, 6, 1000, 4;
1, 256, 0, -1, -1, -1, 3, 998, 1;
1, 256, 0, -1, -1, -1, 4, 998, 2;
1, 256, 0, 0, 0, 0, 5, 1000, 3;
1, 256, 0, 0, 0, 0, 4, 999, 2;
1, 256, 0, 0, 0, 0, 5, 1000, 3;
1, 256, 0, 0, 0, 0, 5, 1000, 3;
1, 256, 0, 0, 0, 0, 5, 1000, 3;
1, 256, 0, 1, 1, 1, 5, 1000, 3;
1, 256, 0, 0, 0, 0, 5, 1000, 3;
1, 256, 0, 0, 0, 0, 5, 999, 3;
1, 256, 0, 0, 0, 0, 4, 999, 2;
1, 256, 0, 0, 0, 0, 4, 999, 2;
1, 256, 1, 1, 1, 1, 5, 1000, 3;
1, 256, 0, -1, -1, -1, 4, 999, 2;
1, 256, 1, 1, 1, 1, 6, 1001, 4;
1, 256, 0, 0, 0, 0, 5, 1000, 3;
1, 256, 0, 0, 0, 0, 5, 1000, 3;
1, 256, 0, -1, -1, -1, 3, 998, 1;
1, 256, 0, -1, -1, -1, 4, 999, 2;
1, 256, 0, -1, -1, -1, 4, 999, 2;
1, 256, 0, -1, -1, -1, 3, 998, 1;
1, 256, 0, 1, 1, 1, 5, 1000, 3;
1, 256, 0, -1, -1, -1, 4, 999, 2;
1, 256, 0, 0, 0, 0, 4, 999, 2;
1, 256, 0, 0, 0, 0, 4, 999, 2;
1, 256, 0, 0, 0, 0, 5, 1000, 3;
1, 256, 1, 1, 1, 1, 5, 1000, 3;
1, 256, 0, 0, 0, 0, 4, 999, 2;
1, 256, 0, 0, 0, 0, 4, 999, 2;
1, 256, 0, 0, 0, 0, 5, 1000, 3;
1, 256, 0, 1, 1, 1, 5, 1000, 3;
1, 256, 0, -1, -1, -1, 3, 998, 1;
1, 256, 0, -1, -1, -1, 4, 999, 2;
1, 256, 0, 0, 0, 0, 4, 999, 2;
1, 256, 0, 1, 1, 1, 5, 1000, 3;
1, 256, 0, 0, 0, 0, 5, 1000, 3;
1, 256, 0, -1, -1, -1, 3, 998, 1;
1, 256, 0, 0, 0, 0, 4, 999, 2;
1, 256, 0, 1, 1, 1, 5, 1000, 3;
1, 256, 0, -1, -1, -1, 4, 998, 2;
1, 256, 1, 1, 1, 1, 6, 1000, 4;
1, 256, 0, 0, 0, 0, 5, 1000, 3;
1, 256, 0, 1, 1, 1, 5, 1000, 3;
1, 256, 0, 0, 0, 0, 4, 999, 2;
1, 256, 0, 1, 1, 1, 5, 1000, 3;
1, 256, 0, 1, 1, 1, 5, 1000, 3;
1, 256, 1, 1, 1, 1, 6, 1001, 4;
1, 256, 0, -1, -1, -1, 4, 999, 2;
1, 256, 0, 1, 1, 1, 5, 1000, 3;
1, 256, 1, 1, 1, 1, 6, 1001, 4;
1, 256, 1, 1, 1, 1, 6, 1000, 3;
1, 256, 0, -1, -1, -1, 4, 998, 1;
1, 256, 0, 0, 0, 0, 5, 1000, 3;
1, 256, 1, 1, 1, 1, 6, 1000, 4;
1, 256, 1, 1, 1, 1, 6, 1001, 4;
1, 256, 0, 0, 0, 0, 5, 999, 2;
1, 256, 0, 0, 0, 0, 5, 1000, 3;
1, 256, 1, 1, 1, 1, 6, 1001, 4;
1, 256, 1, 1, 1, 1, 6, 1000, 4;
1, 256, 0, 0, 0, 0, 5, 999, 2;
1, 256, 0, 0, 0, 0, 4, 999, 2;
1, 256, 0, -1, -1, -1, 3, 998, 1;
1, 256, 0, -1, -1, -1, 4, 999, 2;
1, 256, 1, 1, 1, 1, 6, 1001, 4;
1, 256, 0, 0, 0, 0, 5, 1000, 3;
1, 256, 0, 1, 1, 1, 5, 1000, 3;
1, 256, 0, -1, -1, -1, 4, 999, 2;
1, 256, 0, 0, 0, 0, 5, 999, 3;
1, 256, 0, -1, -1, -1, 4, 998, 2;
1, 256, 0, 0, 0, 0, 4, 999, 2;
1, 256, 0, 0, 0, 0, 4, 999, 2;
1, 256, 1, 1, 1, 1, 6, 1000, 3;
1, 256, 0, -1, -1, -1, 3, 998, 1;
1, 256, 0, 1, 1, 1, 5, 1000, 3;
1, 256, 0, 0, 0, 0, 5, 1000, 3;
1, 256, 0, 0, 0, 0, 4, 999, 2;
1, 256, 1, 1, 1, 1, 5, 1000, 3;
1, 256, 1, 1, 1, 1, 6, 1001, 4;
1, 256, 0, 0, 0, 0, 4, 999, 2;
1, 256, 0, 1, 1, 1, 5, 1000, 3;
1, 256, 1, 1, 1, 1, 6, 1000, 4;
1, 256, 1, 1, 1, 1, 5, 1000, 3;
1, 256, 0, 0, 0, 0, 4, 999, 2;
1, 256, 0, 1, 1, 1, 5, 1000, 3;
1, 256, 0, -1, -1, -1, 4, 999, 2;
1, 256, 0, -1, -1, -1, 4, 998, 2;
1, 256, 0, -1, -1, -1, 4, 999, 2;
1, 256, 0, -1, -1, -1, 4, 999, 2;
1, 256, 0, 0, 0, 0, 5, 1000, 3;
1, 256, 1, 1, 1, 1, 6, 1001, 4;
1, 256, 1, 1, 1, 1, 6, 1001, 4;
1, 256, 0, -1, -1, -1, 4, 999, 2;
1, 256, 0, 0, 0, 0, 4, 999, 2;
1, 256, 0, 1, 1, 1, 5, 1000, 3;
1, 256, 1, 1, 1, 1, 6, 1000, 3;
1, 256, 0, 0, 0, 0, 5, 1000, 3;
1, 256, 0, -1, -1, -1, 3, 998, 1;
1, 256, 0, 0, 0, 0, 5, 1000, 3;
1, 256, 1, 1, 1, 1, 6, 1000, 4;
1, 256, 0, 1, 1, 1, 5, 1000, 3;
1, 256, 0, -1, -1, -1, 3, 998, 1;
1, 256, 0, -1, -1, -1, 4, 999, 2;
1, 256, 0, 0, 0, 0, 4, 999, 2;
1, 256, 0, -1, -1, -1, 4, 999, 2;
1, 256, 0, 1, 1, 1, 5, 1000, 3;
1, 256, 1, 1, 1, 1, 6, 1001, 4;
1, 256, 0, 0, 0, 0, 5, 1000, 3;
1, 256, 0, 0, 0, 0, 4, 999, 2;
1, 256, 1, 1, 1, 1, 6, 1001, 4;
1, 256, 0, 0, 0, 0, 5, 1000, 3;
1, 256, 0, 0, 0, 0, 5, 1000, 3;
1, 256, 1, 1, 1, 1, 6, 1000, 3;
1, 256, 0, -1, -1, -1, 4, 999, 2;
1, 256, 0, 0, 0, 0, 4, 999, 2;
1, 256, 0, -1, -1, -1, 4, 999, 2;
1, 256, 0, 1, 1, 1, 5, 1000, 3;
1, 256, 0, 0, 0, 0, 4, 999, 2;
1, 256, 0, 0, 0, 0, 5, 1000, 3;
1, 256, 0, 1, 1, 1, 5, 1000, 3;
1, 256, 0, -1, -1, -1, 4, 998, 2;
1, 256, 0, 0, 0, 0, 4, 999, 2;
1, 256, 0, 0, 0, 0, 5, 1000, 3;
1, 256, 0, -1, -1, -1, 4, 998, 2;
1, 256, 0, 0, 0, 0, 5, 1000, 3;
1, 256, 0, 0, 0, 0, 5, 1000, 3;
1, 256, 0, 0, 0, 0, 4, 999, 2;
1, 256, 1, 1, 1, 1, 6, 1001, 4;
1, 256, 0, 0, 0, 0, 4, 999, 2;
1, 256, 0, -1, -1, -1, 3, 998, 1;
1, 256, 0, -1, -1, -1, 4, 999, 2;
1, 256, 1, 1, 1, 1, 6, 1001, 4;
1, 256, 1, 1, 1, 1, 5, 1000, 3;
1, 256, 1, 1, 1, 1, 6, 1001, 4;
1, 256, 0, -1, -1, -1, 4, 999, 2;
1, 256, 0, -1, -1, -1, 4, 999, 2;
1, 256, 1, 1, 1, 1, 6, 1000, 3;
1, 256, 0, 0, 0, 0, 5, 1000, 3;
1, 256, 0, 0, 0, 0, 4, 999, 2;
1, 256, 1, 1, 1, 1, 6, 1001, 4;
1, 256, 0, 0, 0, 0, 4, 999, 2;
1, 256, 1, 1, 1, 1, 6, 1000, 4;
1, 256, 0, -1, -1, -1, 4, 999, 2;
1, 256, 0, 0, 0, 0, 4, 999, 2;
1, 256, 1, 1, 1, 1, 6, 1001, 4;
1, 256, 0, 0, 0, 0, 4, 999, 2;
1, 256, 0, 1, 1, 1, 5, 1000, 3;
1, 256, 0, 1, 1, 1, 5, 1000, 3;
1, 256, 1, 1, 1, 1, 6, 1000, 4;
1, 256, 0, 0, 0, 0, 5, 1000, 3;
1, 256, 0, 1, 1, 1, 5, 1000, 3;
1, 256, 0, -1, -1, -1, 4, 999, 2;
1, 256, 1, 1, 1, 1, 6, 1001, 4;
1, 256, 0, 0, 0, 0, 5, 1000, 3;
1, 256, 0, 0, 0, 0, 5, 1000, 3;
1, 256, 0, 0, 0, 0, 4, 999, 2;
1, 256, 0, 0, 0, 0, 4, 999, 2;
1, 256, 0, 0, 0, 0, 5, 1000, 3;
1, 256, 0, -1, -1, -1, 4, 999, 2;
1, 256, 0, 0, 0, 0, 4, 999, 2;
1, 256, 0, -1, -1, -1, 4, 999, 2;
1, 256, 0, -1, -1, -1, 4, 998, 2;
1, 256, 0, -1, -1, -1, 4, 998, 1;
1, 256, 0, 0, 0, 0, 5, 1000, 3;
1, 256, 0, 0, 0, 0, 4, 999, 2;
1, 256, 0, 0, 0, 0, 4, 999, 2;
1, 256, 0, 0, 0, 0, 4, 999, 2;
1, 256, 0, 0, 0, 0, 5, 1000, 3;
1, 256, 0, 0, 0, 0, 5, 1000, 3;
1, 256, 0, 0, 0, 0, 4, 999, 2;
1, 256, 0, -1, -1, -1, 4, 999, 2;
1, 256, 0, 0, 0, 0, 5, 1000, 3;
1, 256, 1, 1, 1, 1, 6, 1001, 4;
1, 256, 0, 0, 0, 0, 4, 999, 2;
1, 256, 0, 0, 0, 0, 5, 1000, 3;
1, 256, 0, -1, -1, -1, 4, 999, 2;
1, 256, 0, 0, 0, 0, 5, 1000, 3;
1, 256, 0, 0, 0, 0, 4, 999, 2;
1, 256, 0, 0, 0, 0, 5, 1000, 3;
1, 256, 0, 0, 0, 0, 4, 999, 2;
1, 256, 0, 0, 0, 0, 4, 999, 2;
1, 256, 0, 0, 0, 0, 4, 999, 2;
1, 256, 0, -1, -1, -1, 4, 998, 1;
1, 256, 0, 0, 0, 0, 4, 999, 2;
1, 256, 0, 0, 0, 0, 5, 999, 3;
1, 256, 0, -1, -1, -1, 4, 998, 1;
1, 256, 0, -1, -1, -1, 4, 999, 2;
1, 256, 1, 1, 1, 1, 6, 1001, 4;
1, 256, 0, 0, 0, 0, 5, 1000, 3;
1, 256, 0, 0, 0, 0, 5, 1000, 3;
1, 256, 0, 1, 1, 1, 5, 1000, 3;
1, 256, 0, 0, 0, 0, 4, 999, 2;
1, 256, 0, 0, 0, 0, 4, 999, 2;
1, 256, 1, 1, 1, 1, 6, 1001, 4;
1, 256, 0, 0, 0, 0, 5, 1000, 3;
1, 256, 0, 0, 0, 0, 4, 999, 2;
1, 256, 0, 0, 0, 0, 4, 999, 2;
1, 256, 0, 0, 0, 0, 5, 1000, 3;
1, 256, 0, 0, 0, 0, 5, 1000, 3;
1, 256, 0, -1, -1, -1, 4, 999, 2;
1, 256, 0, 1, 1, 1, 5, 1000, 3;
1, 256, 0, 0, 0, 0, 5, 1000, 3;
1, 256, 0, 0, 0, 0, 5, 1000, 3;
1, 256, 0, 0, 0, 0, 4, 999, 2;
1, 256, 0, 1, 1, 1, 5, 1000, 3;
1, 256, 0, 0, 0, 0, 4, 999, 2;
1, 256, 0, -1, -1, -1, 4, 999, 2;
1, 256, 0, 0, 0, 0, 4, 999, 2;
1, 256, 0, 0, 0, 0, 4, 999, 2;
1, 256, 0, 0, 0, 0, 4, 999, 2;
1, 256, 1, 1, 1, 1, 5, 1000, 3;
1, 256, 0, 0, 0, 0, 4, 999, 2;
1, 256, 1, 1, 1, 1, 6, 1001, 4;
1, 256, 0, 1, 1, 1, 5, 1000, 3;
1, 256, 0, -1, -1, -1, 4, 999, 2;
1, 256, 0, -1, -1, -1, 4, 998, 1;
1, 256, 1, 1, 1, 1, 5, 1000, 3;
1, 256, 1, 1, 1, 1, 6, 1000, 4;
1, 256, 0, 0, 0, 0, 4, 999, 2;
1, 256, 0, -1, -1, -1, 4, 999, 2;
1, 256, 1, 1, 1, 1, 5, 1000, 3;
1, 256, 0, 0, 0, 0, 5, 1000, 3;
1, 256, 0, -1, -1, -1, 4, 999, 2;
1, 256, 0, 0, 0, 0, 4, 999, 2;
1, 256, 0, 0, 0, 0, 4, 999, 2;
1, 256, 0, 0, 0, 0, 4, 999, 2;
1, 256, 1, 1, 1, 1, 6, 1000, 3;
1, 256, 0, 0, 0, 0, 5, 1000, 3;
1, 256, 0, 0, 0, 0, 5, 1000, 3;
1, 256, 0, -1, -1, -1, 3, 998, 1;
1, 256, 1, 1, 1, 1, 6, 1001, 4;
1, 256, 0, -1, -1, -1, 3, 998, 1;
1, 256, 0, 0, 0, 0, 5, 1000, 3;
1, 256, 0, 0, 0, 0, 4, 999, 2;
1, 256, 0, 0, 0, 0, 4, 999, 2;
1, 256, 0, -1, -1, -1, 4, 999, 2;
1, 256, 0, -1, -1, -1, 4, 999, 2;
1, 256, 0, 0, 0, 0, 5, 1000, 3;
1, 256, 0, -1, -1, -1, 4, 999, 2;
1, 256, 0, -1, -1, -1, 3, 998, 1;
1, 256, 0, 0, 0, 0, 4, 999, 2;
1, 256, 0, -1, -1, -1, 3, 998, 1;
1, 256, 0, 0, 0, 0, 5, 1000, 3;
1, 256, 0, -1, -1, -1, 4, 999, 2;
1, 256, 1, 1, 1, 1, 6, 1000, 4;
1, 256, 0, -1, -1, -1, 3, 998, 1;
1, 256, 0, 0, 0, 0, 4, 999, 2;
1, 256, 0, 0, 0, 0, 4, 999, 2;
1, 256, 0, 1, 1, 1, 5, 1000, 3;
1, 256, 0, 0, 0, 0, 4, 999, 2;
1, 256, 0, -1, -1, -1, 4, 999, 2;
1, 256, 0, 0, 0, 0, 4, 999, 2;
1, 256, 0, -1, -1, -1, 4, 999, 2;
1, 256, 1, 1, 1, 1, 6, 1001, 4;
1, 256, 0, 0, 0, 0, 4, 999, 2;
1, 256, 0, -1, -1, -1, 3, 998, 1;
1, 256, 0, 0, 0, 0, 5, 1000, 3;
1, 256, 0, -1, -1, -1, 3, 998, 1;
1, 256, 0, 0, 0, 0, 5, 1000, 3;
1, 256, 0, 0, 0, 0, 4, 999, 2;
1, 256, 0, 0, 0, 0, 4, 999, 2;
1, 256, 1, 1, 1, 1, 6, 1001, 4;
1, 256, 0, -1, -1, -1, 3, 998, 1;
1, 256, 0, -1, -1, -1, 3, 998, 1;
1, 256, 0, 0, 0, 0, 5, 1000, 3;
1, 256, 0, 0, 0, 0, 5, 1000, 3;
1, 256, 0, 1, 1, 1, 5, 1000, 3;
1, 256, 0, 0, 0, 0, 5, 1000, 3;
1, 256, 0, -1, -1, -1, 3, 998, 1;
1, 256, 0, -1, -1, -1, 4, 999, 2;
1, 256, 0, 0, 0, 0, 5, 1000, 3;
1, 256, 1, 1, 1, 1, 5, 1000, 3;
1, 256, 1, 1, 1, 1, 6, 1001, 4;
1, 256, 0, 0, 0, 0, 5, 1000, 3;
1, 256, 0, 0, 0, 0, 4, 999, 2;
1, 256, 0, 0, 0, 0, 5, 1000, 3;
1, 256, 0, 0, 0, 0, 4, 999, 2;
1, 256, 0, 1, 1, 1, 5, 1000, 3;
1, 256, 0, -1, -1, -1, 4, 999, 2;
1, 256, 0, -1, -1, -1, 3, 998, 1;
1, 256, 0, 0, 0, 0, 5, 999, 3;
1, 256, 0, -1, -1, -1, 4, 999, 2;
1, 256, 0, 0, 0, 0, 4, 999, 2;
1, 256, 0, 0, 0, 0, 5, 1000, 3;
1, 256, 0, -1, -1, -1, 4, 999, 2;
1, 256, 0, 0, 0, 0, 5, 1000, 3;
1, 256, 0, 0, 0, 0, 5, 1000, 3;
1, 256, 1, 1, 1, 1, 6, 1001, 4;
1, 256, 0, 1, 1, 1, 5, 1000, 3;
1, 256, 0, 1, 1, 1, 5, 1000, 3;
1, 256, 1, 1, 1, 1, 5, 1000, 3;
1, 256, 0, 0, 0, 0, 4, 999, 2;
1, 256, 0, 0, 0, 0, 4, 999, 2;
1, 256, 0, 0, 0, 0, 5, 999, 2;
1, 256, 0, 0, 0, 0, 5, 1000, 3;
1, 256, 0, 0, 0, 0, 5, 999, 2;
1, 256, 0, -1, -1, -1, 4, 999, 2;
1, 256, 0, 0, 0, 0, 4, 999, 2;
1, 256, 0, 0, 0, 0, 5, 999, 3;
1, 256, 0, 1, 1, 1, 5, 1000, 3;
1, 256, 0, 0, 0, 0, 5, 1000, 3;
1, 256, 0, 1, 1, 1, 5, 1000, 3;
1, 256, 1, 1, 1, 1, 6, 1000, 4;
1, 256, 0, 0, 0, 0, 4, 999, 2;
1, 256, 0, 0, 0, 0, 5, 1000, 3;
1, 256, 0, 0, 0, 0, 5, 999, 3;
1, 256, 0, -1, -1, -1, 4, 999, 2;
1, 256, 0, 1, 1, 1, 5, 1000, 3;
1, 256, 0, -1, -1, -1, 4, 999, 2;
1, 256, 0, 0, 0, 0, 4, 999, 2;
1, 256, 0, 0, 0, 0, 5, 1000, 3;
1, 256, 1, 1, 1, 1, 5, 1000, 3;
1, 256, 0, -1, -1, -1, 4, 999, 2;
1, 256, 0, 1, 1, 1, 5, 1000, 3;
1, 256, 0, -1, -1, -1, 4, 999, 2;
1, 256, 1, 1, 1, 1, 6, 1001, 4;
1, 256, 0, -1, -1, -1, 4, 999, 2;
1, 256, 0, 0, 0, 0, 5, 999, 3;
1, 256, 0, 0, 0, 0, 4, 999, 2;
1, 256, 0, 0, 0, 0, 5, 1000, 3;
1, 256, 1, 1, 1, 1, 6, 1001, 4;
1, 256, 0, 1, 1, 1, 5, 1000, 3;
1, 256, 0, 0, 0, 0, 5, 999, 3;
1, 256, 0, 0, 0, 0, 5, 999, 3;
1, 256, 0, 1, 1, 1, 5, 1000, 3;
1, 256, 0, 0, 0, 0, 5, 1000, 3;
1, 256, 0, -1, -1, -1, 4, 999, 2;
1, 256, 0, 0, 0, 0, 5, 1000, 3;
1, 256, 0, 0, 0, 0, 5, 1000, 3;
1, 256, 0, 0, 0, 0, 4, 999, 2;
1, 256, 1, 1, 1, 1, 6, 1001, 4;
1, 256, 0, 0, 0, 0, 5, 1000, 3;
1, 256, 0, -1, -1, -1, 4, 999, 2;
1, 256, 0, 0, 0, 0, 4, 999, 2;
1, 256, 0, 0, 0, 0, 5, 1000, 3;
1, 256, 0, 1, 1, 1, 5, 1000, 3;
1, 256, 0, -1, -1, -1, 4, 999, 2;
1, 256, 0, 0, 0, 0, 4, 999, 2;
1, 256, 0, 0, 0, 0, 5, 1000, 3;
1, 256, 0, 0, 0, 0, 5, 999, 2;
1, 256, 0, 0, 0, 0, 5, 1000, 3;
1, 256, 0, 0, 0, 0, 5, 999, 3;
1, 256, 0, 0, 0, 0, 5, 1000, 3;
1, 256, 0, 0, 0, 0, 5, 1000, 3;
1, 256, 0, 1, 1, 1, 5, 1000, 3;
1, 256, 1, 1, 1, 1, 5, 1000, 3;
1, 256, 1, 1, 1, 1, 6, 1000, 3;
1, 256, 1, 1, 1, 1, 6, 1000, 3;
1, 256, 1, 1, 1, 1, 6, 1001, 4;
1, 256, 0, 1, 1, 1, 5, 1000, 3;
1, 256, 0, 0, 0, 0, 5, 1000, 3;
1, 256, 0, 0, 0, 0, 4, 999, 2;
1, 256, 0, -1, -1, -1, 3, 998, 1;
1, 256, 0, -1, -1, -1, 4, 999, 2;
1, 256, 1, 1, 1, 1, 6, 1001, 4;
1, 256, 0, 0, 0, 0, 5, 1000, 3;
1, 256, 0, 0, 0, 0, 5, 1000, 3;
1, 256, 0, 0, 0, 0, 5, 1000, 3;
1, 256, 1, 1, 1, 1, 6, 1001, 4;
1, 256, 0, 0, 0, 0, 5, 1000, 3;
1, 256, 0, 1, 1, 1, 5, 1000, 3;
1, 256, 1, 1, 1, 1, 6, 1001, 4;
1, 256, 0, -1, -1, -1, 4, 999, 2;
1, 256, 1, 1, 1, 1, 6, 1000, 4;
1, 256, 0, -1, -1, -1, 4, 999, 2;
1, 256, 0, 0, 0, 0, 5, 1000, 3;
1, 256, 0, 0, 0, 0, 5, 1000, 3;
1, 256, 1, 1, 1, 1, 6, 1000, 4;
1, 256, 0, 1, 1, 1, 5, 1000, 3;
1, 256, 0, -1, -1, -1, 3, 998, 1;
1, 256, 0, -1, -1, -1, 4, 998, 2;
1, 256, 0, -1, -1, -1, 4, 999, 2;
1, 256, 0, 0, 0, 0, 4, 999, 2;
1, 256, 0, 0, 0, 0, 5, 1000, 3;
1, 256, 0, 0, 0, 0, 5, 1000, 3;
1, 256, 0, 0, 0, 0, 4, 999, 2;
1, 256, 0, 0, 0, 0, 5, 1000, 3;
1, 256, 1, 1, 1, 1, 6, 1001, 4;
1, 256, 0, 0, 0, 0, 4, 999, 2;
1, 256, 0, 0, 0, 0, 5, 1000, 3;
1, 256, 0, 0, 0, 0, 4, 999, 2;
1, 256, 0, 0, 0, 0, 5, 1000, 3;
1, 256, 0, 1, 1, 1, 5, 1000, 3;
1, 256, 0, 0, 0, 0, 4, 999, 2;
1, 256, 1, 1, 1, 1, 6, 1001, 4;
1, 256, 0, -1, -1, -1, 4, 999, 2;
1, 256, 0, 0, 0, 0, 5, 1000, 3;
1, 256, 1, 1, 1, 1, 6, 1001, 4;
1, 256, 0, -1, -1, -1, 3, 998, 1;
1, 256, 0, -1, -1, -1, 4, 999, 2;
1, 256, 0, -1, -1, -1, 4, 999, 2;
1, 256, 0, -1, -1, -1, 4, 999, 2;
1, 256, 0, 0, 0, 0, 5, 1000, 3;
1, 256, 0, 0, 0, 0, 5, 999, 3;
1, 256, 0, 0, 0, 0, 4, 999, 2;
1, 256, 0, 0, 0, 0, 5, 1000, 3;
1, 256, 0, 1, 1, 1, 5, 1000, 3;
0, 256, 0, -1, -1, -1, 3, 998, 1;
1, 256, 0, -1, -1, -1, 4, 999, 2;
1, 256, 0, 0, 0, 0, 5, 1000, 3;
1, 256, 0, 0, 0, 0, 5, 1000, 3;
1, 256, 1, 1, 1, 1, 6, 1001, 4;
1, 256, 0, 0, 0, 0, 4, 999, 2;
1, 256, 0, 0, 0, 0, 5, 1000, 3;
1, 256, 0, 0, 0, 0, 4, 999, 2;
1, 256, 0, 0, 0, 0, 4, 999, 2;
1, 256, 1, 1, 1, 1, 6, 1001, 4;
1, 256, 0, 1, 1, 1, 5, 1000, 3;
1, 256, 0, -1, -1, -1, 3, 998, 1;
1, 256, 0, -1, -1, -1, 4, 999, 2;
1, 256, 0, -1, -1, -1, 4, 999, 2;
1, 256, 0, 0, 0, 0, 4, 999, 2;
1, 256, 0, 0, 0, 0, 5, 1000, 3;
1, 256, 0, -1, -1, -1, 4, 999, 2;
1, 256, 0, -1, -1, -1, 4, 999, 2;
1, 256, 0, -1, -1, -1, 3, 998, 1;
1, 256, 0, 1, 1, 1, 5, 1000, 3;
1, 256, 0, -1, -1, -1, 4, 998, 1;
1, 256, 0, 0, 0, 0, 5, 1000, 3;
1, 256, 0, 0, 0, 0, 4, 999, 2;
1, 256, 0, -1, -1, -1, 4, 998, 2;
1, 256, 0, 0, 0, 0, 5, 1000, 3;
1, 256, 1, 1, 1, 1, 6, 1001, 4;
1, 256, 1, 1, 1, 1, 6, 1001, 4;
1, 256, 1, 1, 1, 1, 6, 1001, 4;
1, 256, 0, 0, 0, 0, 4, 999, 2;
1, 256, 0, -1, -1, -1, 4, 999, 2;
1, 256, 0, -1, -1, -1, 4, 998, 2;
1, 256, 0, 0, 0, 0, 4, 999, 2;
1, 256, 0, -1, -1, -1, 4, 999, 2;
1, 256, 0, 1, 1, 1, 5, 1000, 3;
1, 256, 1, 1, 1, 1, 6, 1000, 3;
1, 256, 0, 0, 0, 0, 4, 999, 2;
1, 256, 1, 1, 1, 1, 6, 1001, 4;
1, 256, 0, 0, 0, 0, 4, 999, 2;
1, 256, 0, 0, 0, 0, 5, 1000, 3;
1, 256, 0, -1, -1, -1, 4, 999, 2;
1, 256, 0, 0, 0, 0, 5, 1000, 3;
1, 256, 0, 0, 0, 0, 5, 1000, 3;
1, 256, 0, 0, 0, 0, 5, 1000, 3;
1, 256, 0, -1, -1, -1, 4, 999, 2;
1, 256, 0, 1, 1, 1, 5, 1000, 3;
1, 256, 0, -1, -1, -1, 3, 998, 1;
1, 256, 0, 1, 1, 1, 5, 1000, 3;
1, 256, 0, 0, 0, 0, 4, 999, 2;
1, 256, 0, -1, -1, -1, 4, 999, 2;
1, 256, 0, 0, 0, 0, 5, 1000, 3;
1, 256, 0, 0, 0, 0, 5, 1000, 3;
1, 256, 0, 0, 0, 0, 4, 999, 2;
1, 256, 0, 0, 0, 0, 5, 1000, 3;
1, 256, 0, 0, 0, 0, 4, 999, 2;
1, 256, 0, 1, 1, 1, 5, 1000, 3;
1, 256, 0, -1, -1, -1, 4, 998, 2;
1, 256, 1, 1, 1, 1, 6, 1000, 3;
1, 256, 0, 0, 0, 0, 5, 1000, 3;
1, 256, 1, 1, 1, 1, 6, 1001, 4;
1, 256, 0, 0, 0, 0, 5, 999, 3;
1, 256, 0, 0, 0, 0, 5, 1000, 3;
1, 256, 1, 1, 1, 1, 6, 1001, 4;
1, 256, 0, 0, 0, 0, 5, 1000, 3;
1, 256, 0, 1, 1, 1, 5, 1000, 3;
1, 256, 0, -1, -1, -1, 4, 998, 1;
1, 256, 1, 1, 1, 1, 6, 1001, 4;
1, 256, 0, 0, 0, 0, 5, 1000, 3;
1, 256, 0, 0, 0, 0, 4, 999, 2;
1, 256, 0, 0, 0, 0, 5, 1000, 3;
1, 256, 0, 0, 0, 0, 5, 1000, 3;
1, 256, 0, 0, 0, 0, 4, 999, 2;
1, 256, 0, 0, 0, 0, 5, 999, 2;
1, 256, 0, 0, 0, 0, 4, 999, 2;
1, 256, 1, 1, 1, 1, 6, 1001, 4;
1, 256, 1, 1, 1, 1, 6, 1000, 4;
1, 256, 0, 0, 0, 0, 4, 999, 2;
1, 256, 0, -1, -1, -1, 4, 999, 2;
1, 256, 0, -1, -1, -1, 3, 998, 1;
1, 256, 0, 0, 0, 0, 4, 999, 2;
1, 256, 1, 1, 1, 1, 5, 1000, 3;
1, 256, 0, 0, 0, 0, 4, 999, 2;
1, 256, 0, -1, -1, -1, 4, 999, 2;
1, 256, 0, -1, -1, -1, 4, 999, 2;
1, 256, 0, 0, 0, 0, 4, 999, 2;
1, 256, 0, 0, 0, 0, 5, 999, 2;
1, 256, 0, 1, 1, 1, 5, 1000, 3;
1, 256, 0, 0, 0, 0, 5, 999, 3;
1, 256, 0, 0, 0, 0, 4, 999, 2;
1, 256, 0, -1, -1, -1, 4, 999, 2;
1, 256, 0, -1, -1, -1, 3, 998, 1;
1, 256, 0, -1, -1, -1, 4, 999, 2;
1, 256, 1, 1, 1, 1, 5, 1000, 3;
1, 256, 1, 1, 1, 1, 6, 1001, 4;
1, 256, 0, -1, -1, -1, 4, 999, 2;
1, 256, 0, -1, -1, -1, 4, 998, 2;
1, 256, 0, 0, 0, 0, 4, 999, 2;
1, 256, 0, 0, 0, 0, 4, 999, 2;
1, 256, 0, 0, 0, 0, 4, 999, 2;
1, 256, 0, 0, 0, 0, 5, 1000, 3;
1, 256, 1, 1, 1, 1, 6, 1001, 4;
1, 256, 0, -1, -1, -1, 4, 998, 1;
1, 256, 0, 0, 0, 0, 5, 1000, 3;
1, 256, 0, -1, -1, -1, 4, 999, 2;
1, 256, 1, 1, 1, 1, 6, 1001, 4;
1, 256, 0, -1, -1, -1, 4, 999, 2;
1, 256, 0, -1, -1, -1, 4, 999, 2;
1, 256, 0, 0, 0, 0, 5, 1000, 3;
1, 256, 1, 1, 1, 1, 6, 1001, 4;
1, 256, 1, 1, 1, 1, 6, 1001, 4;
1, 256, 0, -1, -1, -1, 4, 999, 2;
1, 256, 0, 0, 0, 0, 5, 1000, 3;
0, 256, 0, -1, -1, -1, 3, 998, 1;
1, 256, 0, 0, 0, 0, 5, 1000, 3;
1, 256, 0, 0, 0, 0, 4, 999, 2;
1, 256, 0, 0, 0, 0, 5, 999, 3;
1, 256, 0, -1, -1, -1, 4, 999, 2;
1, 256, 0, -1, -1, -1, 4, 998, 2;
1, 256, 0, -1, -1, -1, 4, 999, 2;
1, 256, 0, 0, 0, 0, 5, 999, 3;
1, 256, 0, 0, 0, 0, 5, 1000, 3;
1, 256, 0, 0, 0, 0, 5, 1000, 3;
1, 256, 0, -1, -1, -1, 4, 999, 2;
1, 256, 0, 0, 0, 0, 5, 1000, 3;
1, 256, 0, 1, 1, 1, 5, 1000, 3;
1, 256, 1, 1, 1, 1, 6, 1001, 4;
1, 256, 0, -1, -1, -1, 3, 998, 1;
1, 256, 0, 0, 0, 0, 5, 999, 3;
1, 256, 1, 1, 1, 1, 6, 1001, 4;
1, 256, 1, 1, 1, 1, 6, 1001, 4;
1, 256, 0, -1, -1, -1, 4, 999, 2;
1, 256, 0, 0, 0, 0, 5, 1000, 3;
1, 256, 0, 0, 0, 0, 5, 1000, 3;
1, 256, 0, 0, 0, 0, 5, 1000, 3;
1, 256, 0, 0, 0, 0, 4, 999, 2;
1, 256, 0, 0, 0, 0, 5, 1000, 3;
1, 256, 0, 0, 0, 0, 5, 999, 2;
1, 256, 0, 0, 0, 0, 4, 999, 2;
1, 256, 1, 1, 1, 1, 6, 1001, 4;
1, 256, 0, -1, -1, -1, 4, 999, 2;
1, 256, 0, 0, 0, 0, 5, 1000, 3;
1, 256, 1, 1, 1, 1, 6, 1001, 4;
1, 256, 1, 1, 1, 1, 6, 1000, 4;
1, 256, 0, 0, 0, 0, 5, 1000, 3;
1, 256, 0, 0, 0, 0, 5, 1000, 3;
1, 256, 0, 0, 0, 0, 4, 999, 2;
1, 256, 0, -1, -1, -1, 4, 999, 2;
1, 256, 0, 0, 0, 0, 4, 999, 2;
1, 256, 0, 0, 0, 0, 4, 999, 2;
1, 256, 0, -1, -1, -1, 3, 998, 1;
1, 256, 0, 0, 0, 0, 4, 999, 2;
1, 256, 0, -1, -1, -1, 4, 999, 2;
1, 256, 0, 1, 1, 1, 5, 1000, 3;
1, 256, 1, 1, 1, 1, 5, 1000, 3;
1, 256, 0, 0, 0, 0, 5, 1000, 3;
1, 256, 1, 1, 1, 1, 6, 1001, 4;
1, 256, 0, 0, 0, 0, 5, 1000, 3;
1, 256, 0, -1, -1, -1, 4, 998, 2;
1, 256, 0, 0, 0, 0, 4, 999, 2;
1, 256, 0, 0, 0, 0, 5, 1000, 3;
1, 256, 0, 0, 0, 0, 4, 999, 2;
1, 256, 0, 0, 0, 0, 4, 999, 2;
1, 256, 0, 0, 0, 0, 4, 999, 2;
1, 256, 0, -1, -1, -1, 4, 999, 2;
1, 256, 0, 0, 0, 0, 5, 1000, 3;
1, 256, 0, -1, -1, -1, 4, 999, 2;
1, 256, 0, -1, -1, -1, 4, 998, 2;
1, 256, 0, 0, 0, 0, 5, 1000, 3;
1, 256, 0, -1, -1, -1, 4, 998, 2;
1, 256, 0, -1, -1, -1, 4, 998, 2;
1, 256, 0, 1, 1, 1, 5, 1000, 3;
1, 256, 0, 0, 0, 0, 4, 999, 2;
1, 256, 1, 1, 1, 1, 6, 1001, 4;
1, 256, 0, -1, -1, -1, 4, 998, 1;
1, 256, 0, 0, 0, 0, 4, 999, 2;
1, 256, 0, 0, 0, 0, 5, 1000, 3;
1, 256, 0, 0, 0, 0, 5, 1000, 3;
1, 256, 0, 1, 1, 1, 5, 1000, 3;
1, 256, 0, 0, 0, 0, 5, 999, 2;
1, 256, 0, 0, 0, 0, 5, 1000, 3;
1, 256, 0, 0, 0, 0, 4, 999, 2;
1, 256, 0, 0, 0, 0, 5, 1000, 3;
1, 256, 0, 0, 0, 0, 5, 1000, 3;
1, 256, 1, 1, 1, 1, 5, 1000, 3;
1, 256, 0, 0, 0, 0, 4, 999, 2;
1, 256, 0, 0, 0, 0, 5, 1000, 3;
1, 256, 0, -1, -1, -1, 4, 999, 2;
1, 256, 0, -1, -1, -1, 4, 999, 2;
1, 256, 0, -1, -1, -1, 3, 998, 1;
1, 256, 1, 1, 1, 1, 6, 1001, 4;
1, 256, 0, -1, -1, -1, 4, 999, 2;
1, 256, 0, 0, 0, 0, 4, 999, 2;
1, 256, 0, 0, 0, 0, 4, 999, 2;
1, 256, 0, 0, 0, 0, 4, 999, 2;
1, 256, 0, 0, 0, 0, 5, 1000, 3;
1, 256, 0, 0, 0, 0, 4, 999, 2;
1, 256, 0, 0, 0, 0, 4, 999, 2;
1, 256, 0, 0, 0, 0, 4, 999, 2;
1, 256, 0, 1, 1, 1, 5, 1000, 3;
1, 256, 0, -1, -1, -1, 3, 998, 1;
1, 256, 0, -1, -1, -1, 4, 999, 2;
1, 256, 0, -1, -1, -1, 4, 999, 2;
1, 256, 0, 0, 0, 0, 5, 1000, 3;
1, 256, 1, 1, 1, 1, 6, 1001, 4;
1, 256, 0, -1, -1, -1, 4, 999, 2;
1, 256, 0, 0, 0, 0, 5, 1000, 3;
1, 256, 0, -1, -1, -1, 4, 998, 2;
1, 256, 0, 0, 0, 0, 5, 1000, 3;
1, 256, 0, 0, 0, 0, 4, 999, 2;
1, 256, 0, -1, -1, -1, 4, 999, 2;
1, 256, 0, 0, 0, 0, 4, 999, 2;
1, 256, 1, 1, 1, 1, 6, 1001, 4;
1, 256, 0, -1, -1, -1, 4, 999, 2;
1, 256, 0, -1, -1, -1, 3, 998, 1;
1, 256, 0, 0, 0, 0, 5, 999, 2;
1, 256, 0, 0, 0, 0, 5, 1000, 3;
1, 256, 0, 0, 0, 0, 4, 999, 2;
1, 256, 0, 0, 0, 0, 5, 1000, 3;
1, 256, 0, 0, 0, 0, 4, 999, 2;
1, 256, 0, 0, 0, 0, 4, 999, 2;
1, 256, 0, -1, -1, -1, 4, 999, 2;
1, 256, 0, 0, 0, 0, 4, 999, 2;
1, 256, 0, 1, 1, 1, 5, 1000, 3;
1, 256, 0, 0, 0, 0, 5, 1000, 3;
1, 256, 0, 0, 0, 0, 5, 999, 2;
1, 256, 0, 0, 0, 0, 4, 999, 2;
1, 256, 0, -1, -1, -1, 3, 998, 1;
1, 256, 0, 0, 0, 0, 5, 999, 3;
1, 256, 0, -1, -1, -1, 4, 999, 2;
1, 256, 0, 0, 0, 0, 5, 1000, 3;
1, 256, 0, 0, 0, 0, 4, 999, 2;
1, 256, 0, 0, 0, 0, 5, 1000, 3;
1, 256, 0, 0, 0, 0, 5, 999, 2;
1, 256, 0, -1, -1, -1, 4, 998, 1;
1, 256, 0, -1, -1, -1, 3, 998, 1;
1, 256, 0, -1, -1, -1, 4, 998, 2;
1, 256, 0, -1, -1, -1, 3, 998, 1;
1, 256, 0, 0, 0, 0, 5, 1000, 3;
1, 256, 0, 0, 0, 0, 4, 999, 2;
1, 256, 0, 0, 0, 0, 4, 999, 2;
1, 256, 0, 0, 0, 0, 5, 1000, 3;
1, 256, 0, 1, 1, 1, 5, 1000, 3;
1, 256, 0, -1, -1, -1, 4, 999, 2;
1, 256, 0, 1, 1, 1, 5, 1000, 3;
1, 256, 0, 0, 0, 0, 4, 999, 2;
1, 256, 0, 0, 0, 0, 5, 1000, 3;
1, 256, 0, 1, 1, 1, 5, 1000, 3;
1, 256, 0, 0, 0, 0, 5, 1000, 3;
1, 256, 0, -1, -1, -1, 4, 999, 2;
1, 256, 0, 0, 0, 0, 5, 1000, 3;
1, 256, 0, -1, -1, -1, 4, 999, 2;
1, 256, 0, 0, 0, 0, 4, 999, 2;
1, 256, 0, -1, -1, -1, 4, 998, 1;
1, 256, 1, 1, 1, 1, 5, 1000, 3;
1, 256, 0, -1, -1, -1, 4, 998, 1;
1, 256, 0, 0, 0, 0, 5, 999, 2;
1, 256, 1, 1, 1, 1, 6, 1000, 4;
1, 256, 1, 1, 1, 1, 6, 1000, 4;
1, 256, 0, 0, 0, 0, 4, 999, 2;
1, 256, 0, 0, 0, 0, 5, 1000, 3;
1, 256, 1, 1, 1, 1, 6, 1001, 4;
1, 256, 0, 0, 0, 0, 5, 1000, 3;
1, 256, 0, 0, 0, 0, 5, 1000, 3;
1, 256, 0, 0, 0, 0, 5, 1000, 3;
1, 256, 0, 0, 0, 0, 4, 999, 2;
1, 256, 0, -1, -1, -1, 4, 999, 2;
1, 256, 0, 0, 0, 0, 5, 1000, 3;
1, 256, 0, 1, 1, 1, 5, 1000, 3;
1, 256, 0, 0, 0, 0, 4, 999, 2;
1, 256, 0, 0, 0, 0, 4, 999, 2;
1, 256, 0, 0, 0, 0, 4, 999, 2;
1, 256, 1, 1, 1, 1, 6, 1001, 4;
1, 256, 0, 0, 0, 0, 4, 999, 2;
1, 256, 0, 0, 0, 0, 4, 999, 2;
1, 256, 1, 1, 1, 1, 6, 1001, 4;
1, 256, 0, 0, 0, 0, 5, 1000, 3;
1, 256, 0, -1, -1, -1, 4, 999, 2;
1, 256, 0, 0, 0, 0, 4, 999, 2;
1, 256, 0, 0, 0, 0, 5, 1000, 3;
1, 256, 1, 1, 1, 1, 6, 1001, 4;
1, 256, 0, 0, 0, 0, 5, 1000, 3;
1, 256, 1, 1, 1, 1, 5, 1000, 3;
1, 256, 1, 1, 1, 1, 6, 1001, 4;
1, 256, 0, 0, 0, 0, 5, 1000, 3;
1, 256, 0, 0, 0, 0, 5, 1000, 3;
1, 256, 1, 1, 1, 1, 6, 1001, 4;
1, 256, 1, 1, 1, 1, 5, 1000, 3;
1, 256, 0, -1, -1, -1, 4, 998, 1;
1, 256, 0, 0, 0, 0, 5, 1000, 3;
1, 256, 1, 1, 1, 1, 6, 1000, 4;
1, 256, 0, -1, -1, -1, 4, 999, 2;
1, 256, 0, 0, 0, 0, 4, 999, 2;
1, 256, 1, 1, 1, 1, 6, 1001, 4;
1, 256, 0, 0, 0, 0, 4, 999, 2;
1, 256, 0, 0, 0, 0, 5, 1000, 3;
1, 256, 0, 0, 0, 0, 5, 1000, 3;
1, 256, 1, 1, 1, 1, 6, 1001, 4;
1, 256, 0, 0, 0, 0, 5, 999, 3;
1, 256, 0, 0, 0, 0, 4, 999, 2;
1, 256, 0, -1, -1, -1, 4, 998, 1;
1, 256, 1, 1, 1, 1, 6, 1000, 4;
1, 256, 0, -1, -1, -1, 4, 998, 2;
1, 256, 0, 0, 0, 0, 5, 1000, 3;
1, 256, 0, 0, 0, 0, 5, 1000, 3;
1, 256, 1, 1, 1, 1, 6, 1001, 4;
1, 256, 0, -1, -1, -1, 4, 998, 2;
1, 256, 0, -1, -1, -1, 4, 999, 2;
1, 256, 0, 0, 0, 0, 5, 1000, 3;
1, 256, 0, 0, 0, 0, 4, 999, 2;
1, 256, 0, -1, -1, -1, 4, 999, 2;
1, 256, 0, 0, 0, 0, 4, 999, 2;
1, 256, 0, -1, -1, -1, 3, 998, 1;
1, 256, 0, 0, 0, 0, 4, 999, 2;
1, 256, 0, 0, 0, 0, 5, 1000, 3;
1, 256, 0, 0, 0, 0, 5, 1000, 3;
1, 256, 0, -1, -1, -1, 4, 999, 2;
1, 256, 0, -1, -1, -1, 4, 999, 2;
1, 256, 0, 0, 0, 0, 5, 1000, 3;
1, 256, 0, 0, 0, 0, 4, 999, 2;
1, 256, 0, -1, -1, -1, 4, 999, 2;
1, 256, 0, -1, -1, -1, 4, 999, 2;
1, 256, 0, 0, 0, 0, 4, 999, 2;
1, 256, 0, -1, -1, -1, 3, 998, 1;
1, 256, 1, 1, 1, 1, 6, 1001, 4;
1, 256, 1, 1, 1, 1, 6, 1000, 4;
1, 256, 0, 0, 0, 0, 4, 999, 2;
1, 256, 1, 1, 1, 1, 6, 1000, 4;
1, 256, 0, 0, 0, 0, 4, 999, 2;
1, 256, 1, 1, 1, 1, 6, 1000, 4;
1, 256, 0, 0, 0, 0, 4, 999, 2;
1, 256, 0, 0, 0, 0, 5, 1000, 3;
1, 256, 1, 1, 1, 1, 6, 1001, 4;
1, 256, 0, -1, -1, -1, 4, 999, 2;
1, 256, 0, 0, 0, 0, 5, 1000, 3;
1, 256, 0, 1, 1, 1, 5, 1000, 3;
1, 256, 0, -1, -1, -1, 4, 999, 2;
1, 256, 0, 0, 0, 0, 5, 1000, 3;
1, 256, 0, -1, -1, -1, 3, 998, 1;
1, 256, 0, 1, 1, 1, 5, 1000, 3;
1, 256, 0, 0, 0, 0, 5, 1000, 3;
1, 256, 1, 1, 1, 1, 6, 1001, 4;
1, 256, 0, -1, -1, -1, 4, 998, 1;
1, 256, 0, 0, 0, 0, 5, 1000, 3;
1, 256, 0, 0, 0, 0, 5, 1000, 3;
1, 256, 0, 0, 0, 0, 4, 999, 2;
1, 256, 0, -1, -1, -1, 4, 998, 2;
1, 256, 0, 0, 0, 0, 4, 999, 2;
1, 256, 0, 0, 0, 0, 4, 999, 2;
1, 256, 0, 0, 0, 0, 5, 1000, 3;
1, 256, 0, -1, -1, -1, 4, 999, 2;
1, 256, 0, 0, 0, 0, 4, 999, 2;
1, 256, 0, 0, 0, 0, 4, 999, 2;
1, 256, 0, 0, 0, 0, 5, 1000, 3;
1, 256, 1, 1, 1, 1, 6, 1000, 3;
1, 256, 0, 0, 0, 0, 5, 1000, 3;
1, 256, 0, 0, 0, 0, 4, 999, 2;
1, 256, 1, 1, 1, 1, 6, 1001, 4;
1, 256, 0, 0, 0, 0, 4, 999, 2;
1, 256, 0, -1, -1, -1, 4, 998, 2;
1, 256, 0, 1, 1, 1, 5, 1000, 3;
1, 256, 0, 1, 1, 1, 5, 1000, 3;
1, 256, 1, 1, 1, 1, 6, 1001, 4;
1, 256, 0, -1, -1, -1, 4, 999, 2;
1, 256, 1, 1, 1, 1, 6, 1000, 4;
1, 256, 0, 0, 0, 0, 4, 999, 2;
1, 256, 0, 0, 0, 0, 4, 999, 2;
1, 256, 0, -1, -1, -1, 4, 999, 2;
1, 256, 0, -1, -1, -1, 4, 999, 2;
1, 256, 0, 0, 0, 0, 5, 1000, 3;
1, 256, 0, -1, -1, -1, 4, 998, 1;
1, 256, 0, 0, 0, 0, 5, 999, 3;
1, 256, 0, -1, -1, -1, 4, 999, 2;
1, 256, 0, -1, -1, -1, 4, 999, 2;
1, 256, 0, -1, -1, -1, 3, 998, 1;
1, 256, 0, 0, 0, 0, 5, 1000, 3;
1, 256, 0, 0, 0, 0, 5, 1000, 3;
1, 256, 0, -1, -1, -1, 4, 999, 2;
1, 256, 0, -1, -1, -1, 4, 999, 2;
1, 256, 0, 0, 0, 0, 5, 1000, 3;
1, 256, 0, 1, 1, 1, 5, 1000, 3;
1, 256, 0, 1, 1, 1, 5, 1000, 3;
1, 256, 1, 1, 1, 1, 6, 1001, 4;
1, 256, 0, 0, 0, 0, 5, 999, 3;
1, 256, 0, 1, 1, 1, 5, 1000, 3;
1, 256, 0, -1, -1, -1, 4, 998, 1;
1, 256, 0, -1, -1, -1, 3, 998, 1;
1, 256, 0, 0, 0, 0, 5, 1000, 3;
1, 256, 0, -1, -1, -1, 4, 999, 2;
1, 256, 0, 0, 0, 0, 5, 999, 3;
1, 256, 0, 1, 1, 1, 5, 1000, 3;
1, 256, 0, -1, -1, -1, 4, 998, 2;
1, 256, 0, 0, 0, 0, 4, 999, 2;
1, 256, 0, 0, 0, 0, 4, 999, 2;
1, 256, 0, 0, 0, 0, 4, 999, 2;
1, 256, 0, 0, 0, 0, 4, 999, 2;
1, 256, 0, 0, 0, 0, 5, 1000, 3;
1, 256, 0, 0, 0, 0, 4, 999, 2;
1, 256, 0, -1, -1, -1, 3, 998, 1;
1, 256, 0, 1, 1, 1, 5, 1000, 3;
1, 256, 0, 0, 0, 0, 5, 999, 3;
1, 256, 0, -1, -1, -1, 4, 998, 2;
1, 256, 0, 1, 1, 1, 5, 1000, 3;
1, 256, 0, 0, 0, 0, 4, 999, 2;
1, 256, 0, 0, 0, 0, 4, 999, 2;
1, 256, 0, 0, 0, 0, 5, 1000, 3;
1, 256, 0, 0, 0, 0, 4, 999, 2;
1, 256, 0, -1, -1, -1, 4, 998, 2;
1, 256, 0, 0, 0, 0, 4, 999, 2;
1, 256, 1, 1, 1, 1, 6, 1000, 4;
1, 256, 1, 1, 1, 1, 6, 1001, 4;
1, 256, 0, 0, 0, 0, 5, 1000, 3;
1, 256, 0, -1, -1, -1, 4, 998, 2;
1, 256, 1, 1, 1, 1, 6, 1000, 4;
1, 256, 0, 0, 0, 0, 5, 999, 3;
1, 256, 1, 1, 1, 1, 6, 1000, 4;
1, 256, 0, -1, -1, -1, 4, 999, 2;
1, 256, 0, 0, 0, 0, 5, 1000, 3;
1, 256, 0, 1, 1, 1, 5, 1000, 3;
1, 256, 1, 1, 1, 1, 6, 1001, 4;
1, 256, 0, 0, 0, 0, 5, 1000, 3;
1, 256, 0, 0, 0, 0, 4, 999, 2;
1, 256, 1, 1, 1, 1, 6, 1001, 4;
1, 256, 0, 0, 0, 0, 4, 999, 2;
1, 256, 0, 0, 0, 0, 4, 999, 2;
1, 256, 1, 1, 1, 1, 6, 1000, 4;
1, 256, 0, 0, 0, 0, 4, 999, 2;
1, 256, 0, 0, 0, 0, 4, 999, 2;
1, 256, 0, 0, 0, 0, 5, 1000, 3;
1, 256, 0, -1, -1, -1, 4, 999, 2;
1, 256, 0, 0, 0, 0, 4, 999, 2;
1, 256, 0, 1, 1, 1, 5, 1000, 3;
1, 256, 0, 0, 0, 0, 5, 1000, 3;
1, 256, 0, 0, 0, 0, 4, 999, 2;
1, 256, 0, 0, 0, 0, 4, 999, 2;
1, 256, 0, 0, 0, 0, 5, 1000, 3;
1, 256, 0, 1, 1, 1, 5, 1000, 3;
1, 256, 0, 0, 0, 0, 5, 999, 3;
1, 256, 0, -1, -1, -1, 4, 999, 2;
1, 256, 0, 0, 0, 0, 4, 999, 2;
1, 256, 0, -1, -1, -1, 3, 998, 1;
1, 256, 0, -1, -1, -1, 4, 999, 2;
1, 256, 1, 1, 1, 1, 6, 1001, 4;
1, 256, 0, -1, -1, -1, 4, 999, 2;
1, 256, 0, 0, 0, 0, 5, 1000, 3;
1, 256, 0, 0, 0, 0, 5, 1000, 3;
1, 256, 0, -1, -1, -1, 4, 998, 2;
1, 256, 0, 0, 0, 0, 5, 1000, 3;
1, 256, 0, 0, 0, 0, 5, 1000, 3;
1, 256, 0, -1, -1, -1, 4, 999, 2;
0, 256, 0, -1, -1, -1, 3, 998, 1;
1, 256, 0, -1, -1, -1, 4, 999, 2;
1, 256, 0, 0, 0, 0, 5, 1000, 3;
1, 256, 0, 0, 0, 0, 4, 999, 2;
1, 256, 1, 1, 1, 1, 6, 1001, 4;
1, 256, 0, 0, 0, 0, 5, 1000, 3;
1, 256, 0, 0, 0, 0, 4, 999, 2;
1, 256, 0, 0, 0, 0, 5, 1000, 3;
1, 256, 0, -1, -1, -1, 4, 999, 2;
1, 256, 0, 0, 0, 0, 4, 999, 2;
1, 256, 0, 0, 0, 0, 5, 1000, 3;
1, 256, 0, 0, 0, 0, 4, 999, 2;
1, 256, 0, 0, 0, 0, 4, 999, 2;
1, 256, 0, -1, -1, -1, 4, 999, 2;
1, 256, 0, 0, 0, 0, 5, 1000, 3;
1, 256, 0, 1, 1, 1, 5, 1000, 3;
1, 256, 0, 0, 0, 0, 4, 999, 2;
1, 256, 0, -1, -1, -1, 4, 998, 1;
1, 256, 0, 1, 1, 1, 5, 1000, 3;
1, 256, 0, 0, 0, 0, 5, 1000, 3;
1, 256, 0, 0, 0, 0, 4, 999, 2;
1, 256, 0, 0, 0, 0, 4, 999, 2;
1, 256, 0, 1, 1, 1, 5, 1000, 3;
1, 256, 0, 0, 0, 0, 5, 1000, 3;
1, 256, 0, 0, 0, 0, 5, 1000, 3;
1, 256, 0, 0, 0, 0, 5, 1000, 3;
1, 256, 0, 0, 0, 0, 5, 1000, 3;
1, 256, 0, -1, -1, -1, 4, 998, 1;
1, 256, 0, 0, 0, 0, 5, 1000, 3;
1, 256, 1, 1, 1, 1, 6, 1001, 4;
1, 256, 1, 1, 1, 1, 6, 1000, 4;
1, 256, 0, 0, 0, 0, 5, 999, 2;
1, 256, 0, 0, 0, 0, 5, 1000, 3;
1, 256, 0, -1, -1, -1, 4, 998, 2;
1, 256, 0, 0, 0, 0, 4, 999, 2;
1, 256, 0, 0, 0, 0, 4, 999, 2;
1, 256, 0, 0, 0, 0, 5, 1000, 3;
1, 256, 0, 1, 1, 1, 5, 1000, 3;
1, 256, 0, -1, -1, -1, 4, 999, 2;
1, 256, 0, -1, -1, -1, 3, 998, 1;
1, 256, 0, 0, 0, 0, 5, 1000, 3;
1, 256, 0, 0, 0, 0, 4, 999, 2;
1, 256, 0, 0, 0, 0, 5, 999, 3;
1, 256, 1, 1, 1, 1, 6, 1001, 4;
1, 256, 0, 0, 0, 0, 4, 999, 2;
1, 256, 0, 0, 0, 0, 4, 999, 2;
1, 256, 0, 0, 0, 0, 5, 1000, 3;
1, 256, 1, 1, 1, 1, 6, 1000, 3;
1, 256, 0, -1, -1, -1, 4, 999, 2;
1, 256, 0, -1, -1, -1, 3, 998, 1;
1, 256, 0, 0, 0, 0, 5, 1000, 3;
1, 256, 0, 0, 0, 0, 5, 1000, 3;
1, 256, 0, 0, 0, 0, 5, 1000, 3;
1, 256, 0, 0, 0, 0, 5, 999, 3;
1, 256, 0, 0, 0, 0, 5, 1000, 3;
1, 256, 1, 1, 1, 1, 6, 1001, 4;
1, 256, 0, -1, -1, -1, 4, 998, 2;
1, 256, 0, 0, 0, 0, 4, 999, 2;
1, 256, 0, 0, 0, 0, 4, 999, 2;
1, 256, 0, 1, 1, 1, 5, 1000, 3;
1, 256, 0, 0, 0, 0, 5, 1000, 3;
1, 256, 1, 1, 1, 1, 6, 1001, 4;
1, 256, 0, 0, 0, 0, 5, 1000, 3;
1, 256, 0, -1, -1, -1, 4, 999, 2;
1, 256, 0, 0, 0, 0, 4, 999, 2;
1, 256, 0, -1, -1, -1, 4, 999, 2;
1, 256, 0, 0, 0, 0, 5, 999, 2;
1, 256, 1, 1, 1, 1, 6, 1001, 4;
1, 256, 0, -1, -1, -1, 4, 998, 2;
1, 256, 0, -1, -1, -1, 4, 999, 2;
1, 256, 0, -1, -1, -1, 4, 999, 2;
1, 256, 0, 0, 0, 0, 4, 999, 2;
1, 256, 0, 0, 0, 0, 5, 1000, 3;
1, 256, 0, 0, 0, 0, 5, 1000, 3;
1, 256, 0, -1, -1, -1, 3, 998, 1;
1, 256, 0, 0, 0, 0, 5, 1000, 3;
1, 256, 0, 0, 0, 0, 5, 999, 2;
1, 256, 1, 1, 1, 1, 5, 1000, 3;
1, 256, 0, 0, 0, 0, 5, 1000, 3;
1, 256, 0, -1, -1, -1, 4, 999, 2;
1, 256, 0, 0, 0, 0, 4, 999, 2;
1, 256, 0, 0, 0, 0, 5, 999, 3;
1, 256, 0, 0, 0, 0, 5, 1000, 3;
1, 256, 0, 0, 0, 0, 5, 999, 2;
1, 256, 0, -1, -1, -1, 4, 999, 2;
1, 256, 0, -1, -1, -1, 4, 999, 2;
1, 256, 0, 0, 0, 0, 5, 1000, 3;
1, 256, 1, 1, 1, 1, 6, 1000, 3;
1, 256, 0, -1, -1, -1, 4, 999, 2;
1, 256, 0, 1, 1, 1, 5, 1000, 3;
1, 256, 0, -1, -1, -1, 4, 999, 2;
1, 256, 0, 1, 1, 1, 5, 1000, 3;
1, 256, 1, 1, 1, 1, 6, 1001, 4;
1, 256, 0, 0, 0, 0, 4, 999, 2;
1, 256, 0, 0, 0, 0, 4, 999, 2;
1, 256, 0, -1, -1, -1, 4, 999, 2;
1, 256, 0, 0, 0, 0, 4, 999, 2;
1, 256, 0, 0, 0, 0, 5, 1000, 3;
1, 256, 0, 0, 0, 0, 5, 1000, 3;
1, 256, 0, 0, 0, 0, 4, 999, 2;
1, 256, 0, 0, 0, 0, 4, 999, 2;
1, 256, 0, 0, 0, 0, 5, 999, 3;
1, 256, 0, -1, -1, -1, 4, 999, 2;
1, 256, 1, 1, 1, 1, 6, 1000, 4;
1, 256, 0, -1, -1, -1, 4, 999, 2;
1, 256, 0, 0, 0, 0, 5, 1000, 3;
1, 256, 0, -1, -1, -1, 4, 999, 2;
1, 256, 0, 0, 0, 0, 4, 999, 2;
1, 256, 1, 1, 1, 1, 6, 1001, 4;
1, 256, 0, 1, 1, 1, 5, 1000, 3;
1, 256, 0, 0, 0, 0, 5, 1000, 3;
1, 256, 0, 0, 0, 0, 5, 1000, 3;
1, 256, 0, 0, 0, 0, 4, 999, 2;
1, 256, 1, 1, 1, 1, 6, 1001, 4;
1, 256, 0, -1, -1, -1, 4, 999, 2;
1, 256, 0, 0, 0, 0, 5, 1000, 3;
1, 256, 0, -1, -1, -1, 4, 999, 2;
1, 256, 0, -1, -1, -1, 4, 999, 2;
1, 256, 0, 0, 0, 0, 5, 999, 2;
1, 256, 0, 0, 0, 0, 5, 999, 2;
1, 256, 0, -1, -1, -1, 3, 998, 1;
1, 256, 0, -1, -1, -1, 3, 998, 1;
1, 256, 0, -1, -1, -1, 4, 999, 2;
1, 256, 0, 0, 0, 0, 4, 999, 2;
1, 256, 0, 0, 0, 0, 4, 999, 2;
1, 256, 1, 1, 1, 1, 6, 1001, 4;
1, 256, 0, 0, 0, 0, 5, 999, 3;
1, 256, 0, -1, -1, -1, 3, 998, 1;
1, 256, 0, 0, 0, 0, 4, 999, 2;
1, 256, 0, 0, 0, 0, 4, 999, 2;
1, 256, 0, -1, -1, -1, 4, 999, 2;
1, 256, 0, -1, -1, -1, 3, 998, 1;
1, 256, 0, 0, 0, 0, 4, 999, 2;
1, 256, 0, 0, 0, 0, 5, 1000, 3;
1, 256, 0, 0, 0, 0, 4, 999, 2;
1, 256, 0, 1, 1, 1, 5, 1000, 3;
1, 256, 0, 0, 0, 0, 4, 999, 2;
1, 256, 0, -1, -1, -1, 4, 999, 2;
1, 256, 1, 1, 1, 1, 6, 1001, 4;
1, 256, 0, -1, -1, -1, 4, 999, 2;
1, 256, 0, 1, 1, 1, 5, 1000, 3;
1, 256, 0, 0, 0, 0, 5, 1000, 3;
1, 256, 1, 1, 1, 1, 5, 1000, 3;
1, 256, 0, 0, 0, 0, 4, 999, 2;
1, 256, 0, 0, 0, 0, 5, 1000, 3;
1, 256, 0, -1, -1, -1, 3, 998, 1;
1, 256, 0, 1, 1, 1, 5, 1000, 3;
1, 256, 0, -1, -1, -1, 3, 998, 1;
1, 256, 0, 0, 0, 0, 5, 1000, 3;
1, 256, 1, 1, 1, 1, 6, 1001, 4;
1, 256, 0, -1, -1, -1, 4, 999, 2;
1, 256, 0, 0, 0, 0, 5, 1000, 3;
1, 256, 0, 0, 0, 0, 4, 999, 2;
1, 256, 0, 0, 0, 0, 5, 1000, 3;
1, 256, 0, 0, 0, 0, 5, 1000, 3;
1, 256, 0, 0, 0, 0, 5, 1000, 3;
1, 256, 1, 1, 1, 1, 6, 1001, 4;
1, 256, 1, 1, 1, 1, 6, 1001, 4;
1, 256, 0, 0, 0, 0, 5, 1000, 3;
1, 256, 0, -1, -1, -1, 4, 999, 2;
1, 256, 0, 0, 0, 0, 4, 999, 2;
1, 256, 0, -1, -1, -1, 3, 998, 1;
1, 256, 0, -1, -1, -1, 4, 998, 2;
1, 256, 0, 0, 0, 0, 5, 999, 2;
1, 256, 0, 0, 0, 0, 4, 999, 2;
1, 256, 0, 0, 0, 0, 4, 999, 2;
1, 256, 0, -1, -1, -1, 4, 998, 2;
1, 256, 0, 0, 0, 0, 5, 1000, 3;
1, 256, 0, 0, 0, 0, 5, 1000, 3;
1, 256, 0, 0, 0, 0, 5, 1000, 3;
1, 256, 0, 0, 0, 0, 4, 999, 2;
1, 256, 0, -1, -1, -1, 4, 999, 2;
1, 256, 0, 0, 0, 0, 4, 999, 2;
1, 256, 0, 0, 0, 0, 5, 1000, 3;
1, 256, 0, 0, 0, 0, 5, 1000, 3;
1, 256, 0, 0, 0, 0, 5, 1000, 3;
1, 256, 0, -1, -1, -1, 4, 998, 2;
1, 256, 0, -1, -1, -1, 3, 998, 1;
1, 256, 0, -1, -1, -1, 4, 999, 2;
1, 256, 0, -1, -1, -1, 4, 999, 2;
1, 256, 0, 0, 0, 0, 4, 999, 2;
1, 256, 1, 1, 1, 1, 6, 1001, 4;
1, 256, 0, 1, 1, 1, 5, 1000, 3;
1, 256, 1, 1, 1, 1, 5, 1000, 3;
1, 256, 0, 0, 0, 0, 5, 1000, 3;
1, 256, 1, 1, 1, 1, 6, 1000, 4;
1, 256, 0, 0, 0, 0, 4, 999, 2;
1, 256, 0, -1, -1, -1, 4, 999, 2;
1, 256, 1, 1, 1, 1, 5, 1000, 3;
1, 256, 0, 0, 0, 0, 4, 999, 2;
1, 256, 0, -1, -1, -1, 4, 999, 2;
0, 256, 0, -1, -1, -1, 3, 998, 1;
1, 256, 0, 0, 0, 0, 4, 999, 2;
1, 256, 0, 0, 0, 0, 4, 999, 2;
1, 256, 0, -1, -1, -1, 4, 998, 1;
1, 256, 0, 0, 0, 0, 4, 999, 2;
1, 256, 0, 0, 0, 0, 5, 1000, 3;
1, 256, 0, 0, 0, 0, 5, 1000, 3;
1, 256, 0, 0, 0, 0, 5, 1000, 3;
1, 256, 0, 0, 0, 0, 5, 1000, 3;
1, 256, 1, 1, 1, 1, 6, 1000, 4;
1, 256, 0, 0, 0, 0, 5, 1000, 3;
1, 256, 0, 0, 0, 0, 4, 999, 2;
1, 256, 0, 0, 0, 0, 5, 1000, 3;
1, 256, 0, 0, 0, 0, 5, 1000, 3;
1, 256, 0, 0, 0, 0, 5, 1000, 3;
1, 256, 0, 0, 0, 0, 4, 999, 2;
1, 256, 0, 1, 1, 1, 5, 1000, 3;
1, 256, 0, 0, 0, 0, 4, 999, 2;
1, 256, 0, 0, 0, 0, 4, 999, 2;
1, 256, 0, 0, 0, 0, 5, 1000, 3;
1, 256, 0, 1, 1, 1, 5, 1000, 3;
1, 256, 0, 0, 0, 0, 4, 999, 2;
1, 256, 0, 0, 0, 0, 4, 999, 2;
1, 256, 0, 0, 0, 0, 5, 1000, 3;
1, 256, 0, 0, 0, 0, 4, 999, 2;
1, 256, 0, -1, -1, -1, 3, 998, 1;
1, 256, 0, 0, 0, 0, 4, 999, 2;
1, 256, 0, -1, -1, -1, 4, 998, 2;
1, 256, 0, 0, 0, 0, 5, 1000, 3;
1, 256, 1, 1, 1, 1, 6, 1001, 4;
1, 256, 0, 1, 1, 1, 5, 1000, 3;
1, 256, 1, 1, 1, 1, 6, 1001, 4;
1, 256, 0, 0, 0, 0, 5, 1000, 3;
1, 256, 0, 0, 0, 0, 4, 999, 2;
1, 256, 1, 1, 1, 1, 5, 1000, 3;
1, 256, 1, 1, 1, 1, 6, 1001, 4;
1, 256, 0, 0, 0, 0, 5, 1000, 3;
1, 256, 0, 0, 0, 0, 4, 999, 2;
1, 256, 0, 0, 0, 0, 5, 1000, 3;
1, 256, 0, 0, 0, 0, 5, 1000, 3;
1, 256, 0, 0, 0, 0, 5, 1000, 3;
1, 256, 0, 0, 0, 0, 5, 999, 2;
1, 256, 0, 0, 0, 0, 5, 999, 3;
1, 256, 0, 0, 0, 0, 4, 999, 2;
1, 256, 1, 1, 1, 1, 6, 1001, 4;
1, 256, 0, -1, -1, -1, 4, 999, 2;
1, 256, 0, 0, 0, 0, 5, 1000, 3;
1, 256, 0, -1, -1, -1, 4, 999, 2;
1, 256, 0, -1, -1, -1, 4, 999, 2;
1, 256, 0, 0, 0, 0, 5, 1000, 3;
1, 256, 0, 0, 0, 0, 4, 999, 2;
1, 256, 0, 0, 0, 0, 5, 1000, 3;
1, 256, 0, 0, 0, 0, 5, 1000, 3;
1, 256, 0, -1, -1, -1, 4, 999, 2;
1, 256, 0, 0, 0, 0, 5, 1000, 3;
1, 256, 0, 0, 0, 0, 5, 1000, 3;
1, 256, 0, 0, 0, 0, 5, 1000, 3;
1, 256, 0, 0, 0, 0, 5, 1000, 3;
1, 256, 0, 1, 1, 1, 5, 1000, 3;
1, 256, 0, -1, -1, -1, 4, 999, 2;
1, 256, 0, 0, 0, 0, 5, 1000, 3;
1, 256, 0, 0, 0, 0, 5, 1000, 3;
1, 256, 0, -1, -1, -1, 4, 998, 2;
1, 256, 0, 0, 0, 0, 5, 1000, 3;
1, 256, 0, -1, -1, -1, 4, 998, 2;
1, 256, 0, 0, 0, 0, 4, 999, 2;
1, 256, 0, 0, 0, 0, 5, 1000, 3;
1, 256, 0, -1, -1, -1, 4, 998, 2;
1, 256, 0, 0, 0, 0, 5, 1000, 3;
1, 256, 1, 1, 1, 1, 6, 1001, 4;
1, 256, 0, -1, -1, -1, 4, 999, 2;
1, 256, 0, -1, -1, -1, 4, 999, 2;
1, 256, 0, -1, -1, -1, 4, 998, 2;
1, 256, 0, -1, -1, -1, 4, 998, 1;
1, 256, 0, 0, 0, 0, 4, 999, 2;
1, 256, 1, 1, 1, 1, 6, 1001, 4;
1, 256, 0, -1, -1, -1, 3, 998, 1;
1, 256, 0, 1, 1, 1, 5, 1000, 3;
0, 256, 0, -1, -1, -1, 3, 998, 1;
1, 256, 0, -1, -1, -1, 3, 998, 1;
1, 256, 0, -1, -1, -1, 4, 999, 2;
1, 256, 0, 0, 0, 0, 4, 999, 2;
1, 256, 0, 0, 0, 0, 4, 999, 2;
1, 256, 0, 0, 0, 0, 5, 1000, 3;
1, 256, 0, -1, -1, -1, 3, 998, 1;
1, 256, 0, -1, -1, -1, 3, 998, 1;
1, 256, 0, -1, -1, -1, 4, 998, 2;
1, 256, 1, 1, 1, 1, 6, 1001, 4;
1, 256, 0, 0, 0, 0, 5, 1000, 3;
1, 256, 0, 0, 0, 0, 5, 1000, 3;
1, 256, 0, 0, 0, 0, 5, 1000, 3;
1, 256, 0, 0, 0, 0, 4, 999, 2;
1, 256, 0, 1, 1, 1, 5, 1000, 3;
1, 256, 0, -1, -1, -1, 4, 999, 2;
1, 256, 0, 0, 0, 0, 5, 999, 3;
1, 256, 0, 0, 0, 0, 5, 1000, 3;
1, 256, 1, 1, 1, 1, 6, 1001, 4;
1, 256, 0, -1, -1, -1, 4, 999, 2;
1, 256, 0, 0, 0, 0, 5, 1000, 3;
1, 256, 0, -1, -1, -1, 4, 999, 2;
1, 256, 0, -1, -1, -1, 4, 999, 2;
1, 256, 0, 0, 0, 0, 5, 999, 2;
1, 256, 1, 1, 1, 1, 6, 1001, 4;
1, 256, 0, -1, -1, -1, 3, 998, 1;
1, 256, 1, 1, 1, 1, 5, 1000, 3;
1, 256, 0, 0, 0, 0, 4, 999, 2;
1, 256, 0, 0, 0, 0, 4, 999, 2;
1, 256, 0, 0, 0, 0, 5, 1000, 3;
1, 256, 1, 1, 1, 1, 6, 1001, 4;
1, 256, 0, -1, -1, -1, 4, 999, 2;
1, 256, 0, 0, 0, 0, 5, 1000, 3;
1, 256, 1, 1, 1, 1, 6, 1001, 4;
1, 256, 0, 0, 0, 0, 5, 1000, 3;
1, 256, 0, 0, 0, 0, 5, 1000, 3;
1, 256, 0, 0, 0, 0, 5, 1000, 3;
1, 256, 0, 0, 0, 0, 4, 999, 2;
1, 256, 0, 0, 0, 0, 5, 1000, 3;
1, 256, 0, 0, 0, 0, 4, 999, 2;
1, 256, 0, 1, 1, 1, 5, 1000, 3;
1, 256, 1, 1, 1, 1, 6, 1001, 4;
1, 256, 0, -1, -1, -1, 3, 998, 1;
1, 256, 1, 1, 1, 1, 6, 1001, 4;
1, 256, 0, -1, -1, -1, 4, 999, 2;
1, 256, 0, -1, -1, -1, 4, 999, 2;
1, 256, 0, 0, 0, 0, 4, 999, 2;
1, 256, 0, -1, -1, -1, 4, 999, 2;
1, 256, 0, 0, 0, 0, 4, 999, 2;
1, 256, 0, -1, -1, -1, 4, 998, 1;
1, 256, 0, -1, -1, -1, 4, 999, 2;
1, 256, 0, 0, 0, 0, 4, 999, 2;
1, 256, 0, 1, 1, 1, 5, 1000, 3;
1, 256, 0, 0, 0, 0, 4, 999, 2;
1, 256, 0, 0, 0, 0, 4, 999, 2;
1, 256, 1, 1, 1, 1, 6, 1001, 4;
1, 256, 1, 1, 1, 1, 6, 1001, 4;
1, 256, 1, 1, 1, 1, 6, 1000, 4;
1, 256, 1, 1, 1, 1, 6, 1001, 4;
1, 256, 0, 0, 0, 0, 5, 1000, 3;
1, 256, 0, 0, 0, 0, 5, 1000, 3;
1, 256, 1, 1, 1, 1, 6, 1000, 4;
1, 256, 0, 0, 0, 0, 5, 1000, 3;
1, 256, 0, 0, 0, 0, 4, 999, 2;
1, 256, 0, 0, 0, 0, 5, 1000, 3;
1, 256, 0, 0, 0, 0, 5, 1000, 3;
1, 256, 1, 1, 1, 1, 6, 1000, 3;
1, 256, 0, 0, 0, 0, 4, 999, 2;
1, 256, 0, 0, 0, 0, 5, 1000, 3;
1, 256, 0, -1, -1, -1, 4, 999, 2;
1, 256, 0, 0, 0, 0, 4, 999, 2;
1, 256, 0, -1, -1, -1, 4, 998, 2;
1, 256, 0, 1, 1, 1, 5, 1000, 3;
1, 256, 0, 0, 0, 0, 4, 999, 2;
1, 256, 0, 1, 1, 1, 5, 1000, 3;
1, 256, 0, 0, 0, 0, 4, 999, 2;
1, 256, 0, -1, -1, -1, 4, 999, 2;
1, 256, 0, 0, 0, 0, 5, 1000, 3;
1, 256, 0, -1, -1, -1, 4, 999, 2;