0, 296, 13, 1, 411, 1, 2, 1154, 53;
1, 295, 12, 26, 408, 0, 6, 1152, 50;
3, 295, 13, 54, 408, 0, 14, 1153, 51;
1, 291, 9, 69, 394, -10, 6, 1137, 37;
3, 291, 9, 96, 391, -11, 13, 1136, 37;
10, 296, 15, 140, 404, 6, 41, 1156, 58;
13, 297, 16, 171, 404, 11, 53, 1160, 65;
10, 292, 12, 182, 384, -3, 42, 1140, 47;
14, 293, 13, 213, 383, 2, 55, 1145, 53;
14, 291, 12, 235, 372, 0, 57, 1138, 49;
17, 292, 14, 263, 368, 3, 68, 1140, 54;
21, 293, 16, 295, 366, 10, 84, 1146, 64;
17, 287, 11, 301, 339, -6, 68, 1121, 43;
21, 289, 13, 331, 337, 1, 84, 1127, 53;
21, 286, 12, 349, 321, -2, 84, 1117, 47;
21, 284, 10, 366, 305, -6, 84, 1108, 42;
28, 288, 16, 403, 309, 10, 110, 1124, 64;
29, 287, 16, 423, 296, 11, 116, 1120, 65;
23, 278, 9, 418, 258, -12, 91, 1086, 35;
28, 281, 13, 448, 257, 0, 112, 1096, 52;
28, 278, 11, 460, 237, -3, 110, 1085, 46;
27, 275, 10, 471, 216, -8, 109, 1073, 40;
34, 279, 16, 503, 217, 9, 134, 1089, 62;
33, 276, 14, 511, 196, 4, 131, 1077, 56;
34, 274, 14, 524, 179, 5, 135, 1071, 57;
30, 267, 9, 519, 145, -11, 118, 1044, 37;
35, 270, 14, 542, 141, 3, 138, 1055, 54;
36, 268, 14, 551, 123, 3, 140, 1048, 54;
35, 265, 12, 554, 101, 0, 137, 1036, 49;
34, 262, 11, 557, 78, -4, 133, 1025, 45;
40, 266, 16, 578, 76, 12, 156, 1039, 66;
39, 263, 16, 579, 54, 9, 153, 1028, 62;
37, 260, 14, 576, 29, 3, 147, 1014, 55;
35, 255, 11, 569, 2, -4, 137, 997, 45;
33, 252, 10, 564, -21, -8, 131, 984, 40;
33, 250, 9, 562, -41, -9, 130, 975, 38;
39, 254, 16, 579, -41, 10, 154, 993, 63;
38, 252, 15, 572, -62, 7, 150, 983, 60;
34, 246, 11, 554, -94, -5, 132, 960, 44;
38, 249, 16, 562, -98, 9, 149, 971, 62;
31, 241, 9, 535, -136, -9, 123, 940, 38;
34, 243, 13, 538, -143, 1, 135, 948, 53;
35, 242, 14, 532, -157, 5, 137, 946, 57;
34, 241, 14, 521, -174, 5, 135, 940, 58;
30, 236, 11, 498, -201, -4, 119, 921, 45;
33, 238, 15, 497, -206, 7, 131, 929, 60;
30, 234, 13, 475, -229, 1, 119, 915, 52;
29, 233, 13, 459, -245, 0, 115, 909, 51;
25, 228, 10, 433, -269, -8, 99, 892, 40;
24, 227, 10, 417, -282, -7, 96, 888, 42;
22, 225, 10, 396, -299, -9, 89, 880, 39;
28, 230, 16, 397, -292, 10, 109, 900, 64;
24, 227, 14, 368, -312, 3, 94, 886, 54;
22, 225, 13, 346, -325, 2, 88, 880, 53;
19, 223, 12, 320, -340, -1, 77, 871, 48;
20, 224, 14, 305, -344, 5, 81, 876, 57;
20, 224, 15, 284, -351, 7, 78, 875, 60;
19, 224, 16, 263, -356, 11, 76, 876, 64;
17, 223, 15, 236, -367, 8, 67, 870, 61;
15, 221, 15, 209, -376, 6, 58, 865, 59;
9, 217, 11, 173, -393, -4, 38, 849, 45;
8, 217, 11, 146, -399, -4, 31, 846, 45;
11, 221, 16, 136, -388, 11, 45, 865, 65;
3, 215, 10, 91, -411, -7, 15, 840, 41;
4, 217, 13, 73, -405, 1, 19, 849, 52;
0, 213, 9, 34, -419, -10, -1, 834, 37;
4, 220, 16, 29, -398, 11, 18, 861, 65;
-4, 213, 9, -20, -421, -11, -16, 832, 36;
-5, 214, 10, -45, -418, -9, -20, 835, 39;
-1, 219, 15, -56, -400, 6, -7, 856, 59;
-2, 220, 15, -81, -396, 8, -11, 859, 61;
-7, 217, 13, -116, -401, 0, -29, 850, 50;
-8, 219, 14, -139, -393, 3, -31, 855, 54;
-9, 219, 13, -165, -388, 2, -38, 857, 54;
-8, 223, 16, -182, -373, 12, -33, 871, 66;
-12, 221, 14, -214, -373, 4, -48, 864, 57;
-15, 221, 13, -243, -369, 1, -59, 863, 52;
-18, 220, 11, -273, -366, -4, -72, 858, 45;
-21, 219, 9, -301, -362, -9, -84, 856, 38;
-17, 226, 15, -306, -334, 8, -67, 882, 61;
-25, 221, 9, -348, -342, -10, -97, 862, 37;
-26, 222, 9, -368, -329, -9, -101, 868, 38;
-21, 230, 16, -369, -297, 9, -82, 897, 63;
-29, 224, 9, -410, -305, -11, -113, 875, 36;
-27, 228, 11, -421, -283, -3, -108, 891, 46;
-24, 233, 15, -427, -256, 9, -97, 912, 62;
-26, 234, 14, -447, -245, 6, -105, 913, 58;
-29, 234, 13, -468, -234, 1, -115, 913, 52;
-33, 232, 10, -492, -227, -7, -130, 908, 41;
-30, 237, 13, -495, -200, 2, -120, 927, 54;
-33, 237, 12, -513, -188, -2, -129, 927, 48;
-29, 244, 16, -511, -156, 11, -115, 951, 65;
-36, 239, 10, -541, -158, -7, -142, 933, 41;
-35, 242, 12, -545, -135, -2, -138, 947, 47;
-35, 244, 12, -552, -116, -1, -139, 954, 48;
-37, 245, 11, -563, -101, -5, -145, 957, 43;
-38, 246, 10, -572, -85, -8, -151, 960, 39;
-35, 251, 13, -567, -56, 0, -140, 979, 51;
-35, 254, 14, -567, -34, 4, -136, 990, 56;
-36, 254, 13, -572, -18, 0, -142, 993, 51;
-36, 256, 13, -572, 0, 0, -141, 1001, 52;
-39, 255, 9, -583, 9, -9, -154, 994, 38;
-36, 259, 12, -572, 37, 0, -143, 1013, 49;
-39, 258, 9, -579, 46, -11, -155, 1007, 37;
-37, 262, 11, -568, 71, -5, -146, 1022, 44;
-37, 263, 11, -563, 90, -5, -145, 1028, 44;
-36, 266, 12, -553, 111, -2, -140, 1039, 47;
-37, 265, 9, -553, 122, -10, -148, 1036, 37;
-34, 270, 12, -534, 149, -1, -134, 1054, 49;
-35, 270, 11, -529, 162, -6, -137, 1055, 43;
-36, 270, 9, -523, 174, -11, -142, 1054, 36;
-28, 278, 16, -488, 212, 9, -111, 1087, 63;
-28, 279, 15, -477, 226, 6, -112, 1090, 59;
-33, 275, 9, -481, 223, -12, -132, 1072, 35;
-30, 278, 11, -458, 245, -5, -119, 1087, 44;
-27, 282, 13, -433, 268, 2, -105, 1102, 53;
-25, 284, 14, -413, 285, 4, -98, 1110, 56;
-25, 284, 13, -398, 294, 0, -98, 1110, 51;
-22, 287, 14, -374, 312, 4, -88, 1120, 56;
-25, 284, 10, -367, 310, -9, -100, 1108, 39;
-23, 285, 10, -344, 324, -7, -92, 1114, 42;
-19, 289, 13, -313, 343, 1, -76, 1129, 52;
-21, 287, 10, -300, 344, -8, -83, 1120, 40;
-15, 292, 14, -263, 366, 4, -60, 1141, 56;
-15, 292, 13, -243, 371, 0, -59, 1139, 51;
-12, 293, 14, -216, 381, 3, -50, 1145, 54;
-8, 297, 16, -182, 397, 11, -33, 1158, 65;
-9, 295, 14, -163, 397, 5, -35, 1152, 57;
-7, 296, 15, -136, 403, 6, -27, 1155, 58;
-6, 295, 14, -112, 404, 3, -24, 1153, 55;
-4, 296, 14, -86, 408, 3, -18, 1155, 55;
-5, 294, 11, -67, 403, -4, -21, 1146, 45;
-3, 293, 11, -41, 403, -5, -15, 1146, 44;
0, 296, 13, -7, 411, 1, 0, 1154, 52;
2, 296, 14, 22, 413, 4, 9, 1157, 55;
1, 293, 11, 39, 403, -5, 4, 1145, 44;
8, 298, 16, 82, 417, 10, 31, 1165, 64;
7, 296, 14, 103, 408, 5, 30, 1156, 57;
7, 294, 13, 125, 399, 0, 31, 1149, 50;
8, 292, 11, 147, 391, -3, 32, 1142, 46;
10, 293, 12, 175, 388, -1, 41, 1143, 48;
16, 296, 16, 213, 394, 11, 64, 1156, 64;
16, 294, 15, 234, 382, 6, 65, 1148, 59;
15, 290, 12, 250, 365, -2, 60, 1134, 48;
15, 288, 10, 268, 351, -7, 59, 1124, 41;
22, 293, 16, 311, 361, 12, 89, 1145, 65;
23, 291, 15, 331, 347, 8, 90, 1137, 61;
23, 289, 14, 348, 331, 3, 90, 1127, 55;
25, 288, 15, 371, 321, 6, 98, 1125, 58;
28, 289, 16, 398, 315, 12, 110, 1128, 65;
27, 285, 14, 409, 293, 3, 105, 1112, 55;
24, 279, 10, 414, 266, -9, 93, 1091, 39;
26, 279, 11, 436, 255, -5, 102, 1090, 43;
33, 283, 16, 470, 257, 11, 128, 1106, 65;
29, 277, 12, 471, 227, -3, 114, 1081, 46;
30, 275, 12, 486, 211, -3, 117, 1076, 47;
32, 275, 13, 503, 198, 0, 126, 1074, 51;
34, 275, 14, 520, 185, 5, 134, 1073, 57;
31, 269, 10, 518, 154, -8, 120, 1050, 40;
37, 273, 16, 546, 154, 10, 145, 1066, 63;
31, 265, 10, 536, 117, -9, 124, 1035, 39;
36, 267, 14, 556, 111, 3, 141, 1044, 55;
34, 263, 11, 555, 84, -4, 133, 1027, 45;
33, 260, 10, 557, 63, -7, 131, 1017, 41;
34, 259, 11, 564, 47, -4, 136, 1013, 45;
39, 262, 16, 581, 41, 9, 154, 1024, 63;
37, 258, 13, 575, 15, 2, 145, 1007, 54;
32, 251, 9, 561, -18, -12, 127, 982, 35;
39, 256, 15, 581, -17, 8, 153, 1001, 61;
38, 254, 15, 577, -37, 7, 150, 992, 59;
37, 251, 14, 571, -59, 4, 146, 981, 56;
35, 248, 13, 561, -83, 0, 139, 969, 50;
38, 249, 15, 563, -93, 8, 148, 972, 61;
33, 243, 11, 544, -124, -4, 131, 950, 45;
34, 243, 13, 541, -137, 1, 135, 949, 52;
31, 238, 10, 522, -164, -7, 122, 931, 41;
29, 236, 9, 508, -185, -10, 115, 921, 37;
32, 238, 13, 508, -190, 1, 127, 929, 52;
34, 239, 15, 502, -200, 8, 132, 932, 61;
26, 231, 9, 467, -236, -11, 104, 901, 36;
26, 230, 9, 454, -250, -9, 103, 898, 38;
26, 229, 11, 441, -262, -6, 103, 896, 43;
23, 226, 9, 418, -282, -11, 92, 884, 36;
24, 226, 10, 405, -292, -6, 93, 885, 42;
27, 230, 15, 401, -290, 8, 108, 899, 61;
27, 229, 16, 383, -301, 10, 105, 896, 64;
18, 221, 9, 340, -334, -10, 73, 865, 37;
20, 224, 12, 329, -335, 0, 81, 874, 50;
18, 222, 12, 305, -348, -2, 73, 867, 47;
15, 220, 10, 277, -362, -6, 62, 858, 42;
20, 225, 16, 271, -353, 11, 79, 878, 65;
14, 220, 12, 235, -373, 0, 58, 860, 50;
15, 222, 15, 218, -374, 6, 61, 866, 59;
12, 220, 14, 189, -384, 3, 50, 859, 55;
10, 219, 13, 162, -391, 2, 42, 855, 53;
11, 221, 15, 142, -389, 8, 44, 862, 62;
6, 217, 12, 106, -403, 0, 25, 848, 50;
4, 217, 12, 80, -406, 0, 19, 847, 50;
1, 215, 11, 48, -413, -5, 6, 840, 43;
0, 215, 11, 21, -415, -5, 0, 840, 43;
-1, 215, 11, -4, -414, -4, -5, 841, 45;
-5, 213, 9, -37, -420, -10, -20, 833, 37;
-1, 219, 15, -47, -401, 6, -4, 856, 59;
-8, 214, 9, -91, -416, -10, -32, 835, 38;
-10, 214, 9, -119, -414, -12, -41, 834, 35;
-8, 217, 12, -135, -399, -1, -34, 849, 49;
-11, 217, 12, -162, -396, -2, -43, 849, 47;
-13, 217, 10, -192, -394, -6, -54, 847, 42;
-9, 223, 16, -200, -370, 10, -38, 871, 64;
-18, 217, 9, -246, -383, -9, -71, 848, 38;
-15, 222, 14, -255, -360, 4, -59, 869, 56;
-19, 221, 11, -288, -359, -3, -75, 862, 46;
-18, 224, 14, -303, -341, 4, -71, 876, 56;
-20, 224, 13, -328, -333, 1, -79, 877, 53;
-18, 229, 16, -340, -312, 11, -73, 893, 65;
-27, 223, 9, -383, -322, -11, -106, 869, 37;
-26, 225, 11, -398, -304, -5, -104, 881, 43;
-25, 229, 13, -409, -282, 2, -99, 896, 54;
-31, 226, 9, -442, -283, -12, -122, 883, 35;
-29, 230, 11, -451, -260, -3, -116, 899, 46;
-33, 229, 9, -475, -252, -11, -129, 895, 36;
-33, 232, 10, -487, -233, -8, -129, 905, 40;
-29, 238, 14, -488, -203, 5, -115, 929, 57;
-28, 241, 16, -495, -180, 11, -111, 942, 65;
-35, 237, 10, -526, -181, -7, -137, 926, 42;
-31, 243, 14, -524, -151, 5, -124, 948, 58;
-35, 241, 11, -544, -143, -4, -139, 942, 45;
-35, 244, 12, -549, -121, -1, -137, 953, 49;
-34, 247, 13, -553, -99, 2, -134, 965, 54;
-38, 245, 10, -569, -91, -8, -149, 958, 40;
-34, 251, 14, -562, -60, 3, -136, 981, 55;
-39, 248, 9, -580, -55, -10, -154, 970, 38;
-35, 254, 13, -570, -23, 2, -139, 993, 54;
-35, 257, 14, -568, -1, 4, -136, 1003, 57;
-40, 253, 9, -585, 1, -11, -156, 990, 36;
-38, 257, 10, -578, 25, -6, -150, 1003, 42;
-35, 262, 13, -566, 53, 2, -138, 1022, 53;
-32, 266, 16, -553, 82, 11, -126, 1040, 65;
-35, 265, 13, -559, 90, 0, -138, 1034, 52;
-38, 263, 9, -563, 97, -10, -150, 1027, 38;
-37, 265, 10, -554, 117, -8, -146, 1036, 39;
-31, 272, 15, -529, 152, 7, -124, 1063, 60;
-35, 269, 11, -532, 156, -6, -138, 1052, 43;
-29, 277, 16, -504, 190, 10, -114, 1080, 64;
-28, 279, 16, -491, 209, 11, -110, 1088, 65;
-32, 275, 11, -492, 210, -3, -125, 1075, 46;
-29, 279, 14, -470, 233, 3, -113, 1090, 55;
-25, 283, 16, -447, 257, 11, -100, 1105, 64;
-25, 283, 15, -434, 269, 7, -100, 1107, 60;
-29, 280, 10, -432, 267, -8, -116, 1092, 40;
-28, 281, 10, -414, 280, -8, -111, 1097, 39;
-25, 284, 12, -388, 300, -2, -98, 1110, 48;
-25, 284, 10, -373, 308, -7, -100, 1108, 41;
-18, 291, 16, -333, 338, 10, -72, 1135, 64;
-22, 287, 11, -327, 333, -4, -86, 1120, 44;
-15, 293, 16, -288, 360, 11, -60, 1144, 65;
-19, 288, 10, -283, 352, -6, -77, 1125, 42;
-19, 288, 9, -263, 356, -11, -76, 1123, 36;
-17, 289, 10, -235, 368, -7, -66, 1130, 41;
-12, 293, 13, -202, 383, 0, -49, 1143, 51;
-7, 297, 16, -165, 401, 12, -28, 1160, 66;
-9, 294, 13, -149, 396, 1, -35, 1149, 52;
-9, 293, 11, -128, 396, -3, -35, 1144, 46;
-6, 295, 13, -98, 403, 0, -24, 1150, 50;
-2, 296, 14, -66, 411, 5, -11, 1158, 57;
-1, 296, 14, -41, 411, 3, -7, 1156, 54;
-2, 294, 11, -21, 406, -3, -8, 1148, 46;
3, 298, 16, 19, 419, 10, 14, 1165, 63;
1, 294, 12, 32, 405, -3, 5, 1148, 47;
0, 291, 9, 51, 395, -11, 1, 1137, 36;
4, 294, 12, 87, 402, -2, 19, 1148, 48;
6, 293, 11, 112, 397, -3, 24, 1144, 46;
11, 297, 15, 151, 406, 9, 46, 1159, 62;
8, 291, 10, 161, 384, -7, 32, 1137, 41;
14, 294, 14, 199, 390, 5, 54, 1150, 57;
14, 293, 13, 221, 380, 1, 56, 1143, 53;
13, 289, 10, 236, 363, -7, 51, 1128, 41;
20, 294, 16, 280, 374, 12, 81, 1150, 65;
18, 289, 12, 290, 351, -1, 70, 1129, 48;
22, 291, 15, 322, 350, 7, 87, 1137, 60;
19, 285, 10, 330, 324, -6, 75, 1115, 42;
21, 285, 11, 353, 314, -4, 83, 1113, 44;
21, 282, 10, 370, 298, -8, 83, 1103, 39;
21, 281, 9, 388, 283, -11, 85, 1096, 37;
28, 285, 15, 424, 287, 6, 112, 1113, 59;
31, 285, 16, 447, 277, 11, 122, 1113, 65;
28, 280, 12, 452, 250, 0, 112, 1093, 50;
32, 281, 15, 476, 242, 7, 125, 1096, 59;
34, 280, 16, 494, 229, 10, 133, 1094, 63;
35, 279, 16, 509, 214, 10, 137, 1089, 64;
28, 270, 9, 498, 173, -12, 111, 1054, 35;
36, 275, 16, 533, 178, 10, 142, 1075, 63;
36, 273, 15, 541, 159, 8, 142, 1066, 61;
31, 265, 9, 532, 122, -9, 122, 1037, 38;
35, 267, 13, 552, 115, 1, 138, 1043, 52;
33, 263, 10, 550, 88, -7, 129, 1026, 41;
32, 260, 9, 552, 65, -11, 125, 1014, 36;
39, 265, 16, 578, 68, 10, 154, 1034, 64;
36, 260, 13, 571, 39, 0, 142, 1015, 51;
32, 254, 9, 561, 7, -11, 127, 992, 36;
39, 259, 15, 582, 8, 8, 153, 1010, 61;
35, 253, 12, 570, -22, -2, 139, 989, 47;
33, 249, 9, 561, -48, -10, 129, 973, 38;
35, 250, 12, 567, -58, 0, 140, 977, 49;
38, 251, 15, 570, -69, 6, 148, 979, 59;
32, 244, 10, 548, -105, -9, 126, 952, 39;
31, 241, 9, 539, -125, -11, 123, 943, 37;
34, 243, 13, 542, -132, 0, 135, 950, 51;
31, 239, 10, 524, -159, -8, 122, 933, 40;
33, 240, 13, 523, -168, 0, 130, 937, 51;
28, 234, 9, 499, -197, -11, 112, 915, 36;
35, 240, 16, 510, -190, 12, 139, 939, 66;
28, 233, 10, 477, -226, -7, 111, 908, 41;
32, 236, 15, 476, -228, 6, 125, 920, 59;
28, 232, 13, 453, -251, 0, 112, 906, 50;
31, 234, 16, 447, -254, 11, 122, 914, 65;
27, 230, 13, 420, -278, 2, 107, 898, 53;
24, 227, 12, 396, -297, -2, 95, 886, 47;
22, 225, 11, 374, -312, -4, 88, 879, 44;
24, 227, 14, 363, -314, 5, 95, 887, 57;
18, 222, 10, 329, -339, -8, 73, 866, 40;
18, 222, 11, 311, -346, -4, 73, 867, 45;
15, 219, 9, 282, -362, -9, 60, 856, 38;
17, 222, 13, 269, -360, 1, 68, 866, 52;
12, 217, 9, 234, -380, -10, 48, 849, 38;
12, 218, 11, 215, -383, -4, 49, 853, 45;
14, 221, 14, 199, -380, 5, 54, 862, 57;
8, 216, 10, 162, -398, -6, 33, 845, 42;
6, 216, 10, 135, -403, -6, 26, 843, 42;
9, 220, 15, 123, -394, 7, 37, 858, 59;
5, 217, 12, 87, -406, -2, 19, 846, 48;
1, 215, 10, 55, -414, -7, 6, 838, 41;
2, 217, 13, 37, -407, 1, 10, 849, 52;
-2, 214, 9, 0, -419, -9, -9, 834, 38;
-2, 215, 11, -22, -413, -4, -9, 842, 45;
-2, 217, 12, -45, -408, 0, -11, 847, 50;
-1, 220, 16, -61, -396, 10, -4, 861, 63;
-2, 221, 16, -87, -392, 11, -10, 863, 64;
-7, 218, 13, -123, -397, 2, -28, 853, 53;
-8, 220, 14, -146, -390, 4, -32, 858, 56;
-9, 220, 14, -172, -384, 4, -38, 860, 56;
-11, 221, 14, -198, -379, 4, -45, 862, 56;
-16, 218, 11, -233, -382, -5, -64, 852, 43;
-13, 224, 16, -243, -358, 9, -51, 874, 62;
-18, 220, 11, -279, -362, -3, -73, 861, 46;
-20, 221, 11, -304, -354, -4, -80, 863, 44;
-23, 221, 10, -330, -347, -8, -90, 863, 40;
-20, 226, 14, -340, -323, 4, -80, 883, 56;
-26, 223, 9, -375, -325, -9, -103, 870, 38;
-26, 225, 10, -392, -309, -6, -104, 878, 42;
-24, 229, 13, -402, -286, 2, -97, 895, 54;
-27, 229, 12, -425, -276, -1, -106, 895, 49;
-27, 232, 14, -438, -258, 3, -106, 906, 54;
-30, 231, 12, -461, -249, -3, -118, 904, 47;
-28, 236, 14, -468, -224, 6, -110, 921, 58;
-30, 236, 13, -486, -211, 2, -118, 923, 54;
-34, 235, 10, -509, -203, -6, -133, 918, 42;
-35, 236, 10, -523, -188, -7, -137, 922, 41;
-35, 238, 11, -532, -168, -6, -138, 931, 43;
-33, 243, 13, -535, -143, 1, -131, 948, 53;
-35, 243, 12, -548, -129, -2, -139, 949, 47;
-32, 248, 15, -545, -100, 7, -127, 969, 60;
-38, 244, 10, -569, -98, -9, -150, 955, 39;
-39, 245, 9, -576, -82, -11, -154, 959, 36;
-35, 252, 14, -565, -47, 3, -136, 985, 55;
-34, 255, 15, -564, -24, 7, -132, 997, 60;
-39, 252, 10, -581, -20, -7, -152, 985, 41;
-38, 255, 11, -579, 0, -5, -149, 995, 44;
-37, 258, 12, -574, 23, -2, -145, 1006, 48;
-33, 263, 15, -562, 53, 8, -131, 1026, 61;
-33, 265, 16, -557, 73, 9, -129, 1035, 62;
-34, 265, 14, -558, 86, 3, -135, 1035, 55;
-33, 268, 15, -548, 108, 6, -129, 1046, 59;
-37, 265, 10, -557, 111, -9, -147, 1033, 39;
-33, 270, 14, -536, 141, 2, -130, 1055, 54;
-37, 267, 9, -542, 144, -12, -146, 1043, 35;
-34, 271, 11, -523, 169, -4, -134, 1059, 45;
-34, 272, 10, -514, 184, -7, -134, 1062, 42;
-31, 276, 12, -494, 208, 0, -123, 1077, 50;
-27, 280, 15, -470, 234, 9, -108, 1095, 62;
-32, 276, 10, -471, 233, -7, -125, 1080, 41;
-30, 278, 10, -454, 249, -6, -119, 1087, 42;
-28, 280, 11, -434, 266, -4, -112, 1095, 45;
-24, 285, 14, -407, 290, 4, -96, 1112, 56;
-24, 285, 13, -391, 300, 1, -95, 1113, 52;
-26, 283, 10, -381, 302, -9, -104, 1104, 39;
-23, 286, 12, -354, 320, -3, -91, 1116, 46;
-22, 286, 11, -335, 329, -5, -88, 1118, 44;
-16, 292, 15, -298, 354, 8, -65, 1140, 62;
-14, 294, 16, -272, 368, 12, -55, 1147, 66;
-14, 293, 15, -254, 371, 6, -57, 1143, 58;
-16, 291, 11, -239, 369, -3, -63, 1134, 46;
-17, 289, 9, -223, 369, -11, -67, 1127, 36;
-11, 293, 13, -184, 389, 1, -44, 1146, 52;
-12, 292, 11, -165, 387, -5, -46, 1139, 43;
-7, 295, 14, -129, 402, 3, -28, 1153, 55;
-5, 296, 14, -102, 408, 5, -19, 1157, 57;
-1, 298, 16, -69, 416, 11, -6, 1165, 64;
-5, 293, 11, -60, 401, -6, -21, 1144, 43;
1, 298, 16, -16, 419, 10, 5, 1165, 63;
1, 297, 14, 5, 415, 5, 6, 1159, 57;
5, 299, 16, 38, 420, 11, 20, 1166, 64;
0, 292, 9, 44, 398, -9, 1, 1139, 38;
1, 291, 9, 70, 395, -10, 6, 1138, 37;
9, 297, 15, 115, 410, 7, 36, 1160, 60;
9, 295, 14, 138, 402, 4, 38, 1154, 56;
13, 297, 16, 171, 404, 11, 53, 1160, 64;
9, 291, 10, 178, 380, -7, 37, 1135, 42;
15, 294, 14, 216, 386, 5, 59, 1148, 57;
15, 292, 13, 237, 375, 1, 60, 1141, 52;
15, 290, 12, 258, 362, -2, 62, 1133, 48;
14, 287, 9, 274, 346, -9, 58, 1120, 38;
17, 287, 11, 301, 340, -5, 69, 1122, 44;
24, 291, 16, 340, 345, 10, 94, 1137, 63;
24, 289, 15, 359, 331, 7, 96, 1130, 60;
22, 285, 12, 370, 309, -2, 89, 1113, 47;
24, 284, 12, 389, 295, -2, 94, 1108, 47;
27, 284, 14, 415, 289, 3, 107, 1111, 55;
31, 285, 16, 441, 282, 11, 121, 1115, 65;
29, 281, 13, 450, 258, 2, 114, 1098, 53;
29, 279, 12, 463, 240, 0, 114, 1089, 50;
27, 274, 9, 469, 214, -10, 106, 1071, 38;
32, 276, 13, 495, 210, 1, 125, 1080, 53;
32, 275, 13, 508, 193, 1, 128, 1073, 53;
29, 269, 9, 507, 163, -11, 114, 1050, 36;
31, 269, 10, 522, 149, -7, 122, 1049, 41;
31, 267, 10, 531, 130, -8, 123, 1041, 40;
38, 271, 16, 560, 132, 11, 151, 1059, 65;
36, 267, 14, 559, 106, 4, 143, 1043, 56;
36, 265, 13, 564, 85, 2, 142, 1033, 53;
33, 259, 10, 557, 54, -9, 129, 1012, 39;
39, 264, 16, 581, 55, 10, 155, 1030, 64;
33, 255, 9, 562, 15, -9, 130, 997, 38;
35, 256, 12, 571, 4, -2, 139, 999, 48;
33, 251, 9, 562, -23, -10, 129, 981, 37;
35, 252, 12, 569, -34, -2, 139, 985, 48;
36, 251, 13, 569, -50, 0, 142, 981, 51;
32, 246, 9, 554, -80, -10, 127, 960, 37;
38, 250, 15, 568, -80, 8, 149, 977, 61;
33, 244, 11, 547, -114, -5, 130, 952, 43;
37, 246, 15, 554, -118, 8, 146, 963, 61;
31, 240, 10, 529, -151, -7, 124, 937, 42;
32, 239, 12, 523, -165, -2, 127, 935, 47;
32, 238, 12, 513, -182, -2, 125, 930, 48;
29, 235, 10, 496, -203, -6, 116, 918, 42;
28, 233, 10, 481, -221, -7, 112, 910, 41;
31, 235, 13, 477, -227, 2, 121, 917, 54;
25, 228, 9, 446, -258, -12, 99, 893, 35;
25, 229, 10, 435, -268, -7, 101, 893, 42;
25, 228, 11, 420, -279, -4, 100, 892, 45;
29, 232, 16, 417, -277, 12, 116, 907, 66;
20, 223, 9, 374, -315, -12, 81, 871, 35;
19, 222, 9, 354, -327, -11, 76, 868, 36;
20, 223, 11, 338, -333, -5, 78, 870, 43;
24, 227, 16, 334, -327, 11, 94, 888, 65;
22, 226, 16, 310, -338, 10, 88, 883, 64;
14, 219, 10, 268, -367, -8, 58, 855, 40;
14, 219, 11, 247, -372, -4, 56, 856, 45;
14, 220, 12, 227, -376, 0, 56, 859, 50;
13, 220, 13, 204, -381, 1, 52, 858, 52;
14, 222, 16, 186, -380, 9, 55, 866, 62;
11, 220, 15, 158, -388, 6, 45, 860, 59;
6, 216, 11, 120, -404, -4, 25, 845, 45;
8, 220, 15, 106, -395, 8, 34, 859, 61;
3, 216, 11, 68, -410, -3, 13, 843, 46;
4, 218, 14, 49, -403, 4, 17, 853, 56;
0, 215, 10, 11, -416, -6, -3, 838, 42;
1, 219, 15, -2, -403, 6, 5, 854, 58;
0, 220, 16, -26, -399, 9, 2, 859, 62;
0, 221, 16, -50, -395, 12, 0, 863, 66;
-4, 218, 13, -87, -402, 2, -18, 852, 54;
-10, 214, 9, -126, -411, -10, -42, 837, 37;
-10, 216, 11, -147, -402, -5, -41, 845, 44;
-12, 217, 11, -174, -397, -5, -49, 846, 43;
-13, 218, 11, -198, -389, -3, -53, 851, 46;
-16, 217, 10, -226, -385, -7, -63, 849, 41;
-15, 221, 13, -243, -370, 0, -59, 862, 51;
-15, 223, 14, -264, -358, 4, -61, 870, 56;
-15, 226, 16, -280, -341, 11, -58, 882, 64;
-22, 221, 10, -322, -349, -7, -87, 863, 41;
-19, 226, 15, -330, -324, 6, -75, 884, 59;
-20, 228, 15, -350, -311, 7, -79, 890, 60;
-23, 227, 13, -377, -305, 1, -92, 887, 53;
-22, 231, 16, -389, -284, 9, -86, 902, 63;
-28, 228, 11, -422, -284, -4, -109, 889, 45;
-24, 233, 15, -427, -257, 8, -97, 911, 62;
-27, 233, 14, -448, -246, 4, -106, 912, 57;
-26, 237, 16, -457, -223, 11, -102, 926, 65;
-27, 238, 16, -473, -208, 10, -107, 931, 64;
-29, 239, 15, -489, -194, 8, -113, 934, 61;
-33, 237, 12, -513, -188, -1, -129, 928, 48;
-29, 243, 16, -512, -157, 10, -116, 950, 64;
-35, 240, 11, -537, -155, -4, -138, 938, 45;
-37, 240, 9, -553, -143, -10, -147, 937, 38;
-35, 244, 12, -552, -115, -1, -138, 955, 49;
-39, 243, 9, -568, -106, -10, -152, 950, 37;
-34, 250, 14, -559, -72, 4, -134, 976, 56;
-35, 251, 14, -565, -54, 3, -137, 982, 54;
-33, 255, 16, -562, -29, 9, -130, 997, 62;
-36, 254, 12, -573, -19, 0, -142, 992, 50;
-35, 257, 14, -570, 2, 2, -139, 1003, 54;
-40, 254, 9, -584, 7, -11, -157, 992, 36;
-37, 258, 11, -575, 34, -3, -147, 1009, 45;
-38, 259, 11, -574, 51, -6, -149, 1013, 43;
-36, 263, 13, -563, 76, 0, -140, 1028, 50;
-34, 266, 13, -555, 98, 2, -135, 1039, 54;
-36, 265, 11, -556, 108, -5, -143, 1035, 44;
-38, 265, 9, -554, 120, -11, -149, 1034, 36;
-33, 271, 13, -531, 152, 1, -130, 1058, 53;
-36, 269, 10, -531, 160, -8, -140, 1052, 40;
-32, 274, 13, -511, 185, 0, -127, 1069, 50;
-28, 278, 16, -488, 212, 9, -111, 1087, 63;
-28, 280, 15, -475, 228, 8, -109, 1092, 61;
-30, 278, 12, -470, 234, 0, -117, 1086, 49;
-26, 282, 15, -445, 258, 7, -103, 1103, 60;
-26, 282, 14, -433, 269, 3, -104, 1103, 54;
-27, 282, 12, -420, 278, -2, -106, 1101, 48;
-25, 284, 12, -399, 293, 0, -100, 1108, 50;
-22, 287, 14, -374, 312, 5, -87, 1121, 57;
-20, 289, 15, -351, 327, 7, -79, 1128, 60;
-22, 286, 11, -341, 326, -4, -89, 1118, 45;
-19, 289, 13, -312, 345, 2, -75, 1130, 54;
-14, 293, 16, -280, 364, 11, -57, 1146, 65;
-17, 290, 12, -269, 361, 0, -67, 1134, 49;
-12, 294, 16, -234, 380, 9, -49, 1149, 62;
-16, 290, 11, -226, 372, -6, -62, 1133, 42;
-12, 293, 13, -193, 386, 0, -47, 1144, 51;
-8, 295, 14, -162, 397, 6, -34, 1153, 58;
-11, 291, 10, -151, 388, -8, -46, 1137, 40;
-11, 291, 9, -127, 389, -11, -43, 1135, 36;
-4, 296, 14, -85, 409, 4, -16, 1156, 56;
0, 298, 16, -53, 417, 9, -3, 1164, 63;
-5, 292, 9, -46, 398, -10, -22, 1139, 37;
0, 296, 13, -7, 411, 1, 0, 1155, 53;
1, 296, 13, 20, 412, 2, 7, 1156, 54;
5, 298, 16, 54, 418, 9, 23, 1164, 63;
7, 298, 16, 81, 416, 9, 29, 1163, 62;
6, 295, 13, 100, 405, 1, 26, 1153, 53;
7, 294, 12, 124, 398, -1, 29, 1147, 49;
10, 295, 13, 154, 398, 2, 41, 1151, 54;
8, 290, 10, 167, 380, -9, 32, 1133, 39;
10, 290, 10, 194, 374, -8, 39, 1132, 40;
13, 291, 11, 223, 372, -4, 51, 1135, 45;
18, 293, 15, 259, 375, 7, 71, 1146, 59;
17, 290, 13, 276, 359, 0, 69, 1134, 51;
17, 288, 11, 294, 343, -5, 67, 1123, 44;
20, 288, 12, 321, 338, 0, 79, 1125, 49;
23, 289, 14, 349, 332, 4, 91, 1128, 57;
23, 287, 13, 367, 317, 2, 93, 1120, 53;
26, 287, 15, 392, 309, 6, 104, 1121, 59;
28, 287, 16, 415, 299, 9, 112, 1120, 62;
24, 280, 10, 415, 267, -8, 94, 1092, 40;
27, 280, 12, 438, 257, -3, 105, 1093, 46;
29, 280, 13, 460, 247, 1, 116, 1094, 53;
33, 281, 16, 484, 240, 10, 130, 1098, 63;
34, 280, 16, 499, 224, 10, 134, 1092, 64;
33, 276, 14, 507, 201, 4, 130, 1078, 56;
34, 275, 15, 521, 186, 6, 135, 1075, 58;
34, 272, 13, 529, 165, 2, 134, 1064, 54;
36, 272, 15, 545, 153, 8, 143, 1064, 61;
34, 267, 12, 543, 124, -2, 133, 1044, 48;
33, 264, 11, 547, 102, -5, 130, 1033, 43;
36, 265, 13, 561, 91, 1, 141, 1035, 53;
36, 263, 13, 565, 70, 0, 140, 1026, 50;
36, 261, 13, 570, 52, 1, 143, 1021, 52;
35, 258, 11, 567, 27, -4, 136, 1006, 45;
34, 255, 10, 566, 6, -6, 134, 996, 42;
34, 253, 10, 566, -13, -6, 134, 988, 42;
37, 255, 14, 577, -21, 4, 148, 995, 56;
36, 252, 13, 570, -44, 0, 142, 983, 51;
32, 246, 9, 555, -75, -10, 127, 962, 37;
37, 250, 15, 568, -76, 6, 148, 977, 59;
31, 243, 9, 544, -112, -11, 124, 948, 37;
31, 241, 9, 537, -131, -10, 123, 941, 37;
32, 241, 11, 533, -145, -6, 126, 940, 43;
31, 239, 10, 522, -164, -7, 122, 932, 41;
29, 236, 9, 508, -184, -10, 116, 921, 38;
35, 241, 16, 517, -181, 10, 139, 941, 64;
30, 235, 12, 492, -210, -1, 120, 920, 48;
27, 232, 10, 470, -233, -8, 108, 905, 40;
28, 232, 12, 460, -244, -3, 111, 906, 46;
29, 233, 14, 451, -252, 4, 116, 909, 55;
27, 230, 13, 430, -270, 0, 107, 899, 51;
25, 228, 12, 410, -286, -1, 100, 892, 49;
21, 224, 9, 382, -308, -9, 85, 876, 38;
21, 224, 10, 364, -319, -7, 82, 874, 41;
25, 228, 15, 360, -314, 9, 98, 890, 62;
23, 227, 16, 339, -326, 9, 93, 886, 62;
19, 222, 12, 306, -347, -1, 74, 869, 49;
18, 222, 13, 285, -355, 0, 71, 868, 51;
17, 222, 13, 263, -362, 2, 67, 866, 54;
14, 219, 12, 233, -375, -2, 56, 857, 48;
16, 222, 15, 219, -372, 8, 62, 867, 61;
12, 219, 13, 187, -386, 1, 48, 857, 52;
11, 219, 13, 162, -390, 2, 43, 856, 54;
7, 217, 12, 131, -401, -2, 30, 848, 47;
5, 216, 11, 103, -407, -4, 21, 844, 45;
8, 220, 16, 91, -395, 10, 33, 861, 64;
3, 217, 12, 53, -408, 0, 12, 846, 50;
4, 219, 15, 34, -402, 7, 15, 856, 59;
-2, 214, 10, -7, -417, -7, -9, 837, 41;
-1, 217, 13, -26, -408, 0, -5, 848, 52;
-4, 216, 12, -56, -410, -2, -16, 844, 47;
-8, 213, 9, -92, -417, -11, -34, 834, 36;
-6, 217, 12, -107, -403, 0, -27, 849, 50;
-9, 216, 11, -138, -402, -4, -38, 846, 45;
-12, 216, 10, -166, -400, -6, -48, 844, 42;
-12, 218, 12, -187, -389, -1, -48, 852, 48;
-14, 218, 11, -214, -384, -3, -56, 853, 46;
-17, 217, 10, -244, -382, -8, -69, 849, 40;
-12, 225, 16, -248, -353, 11, -49, 878, 65;
-18, 221, 12, -286, -358, -2, -73, 864, 48;
-22, 220, 10, -315, -353, -7, -86, 861, 41;
-24, 220, 9, -341, -346, -11, -95, 861, 37;
-20, 227, 14, -346, -318, 5, -81, 885, 57;
-23, 227, 13, -371, -310, 1, -90, 885, 52;
-22, 230, 16, -383, -289, 9, -85, 900, 62;
-25, 229, 13, -410, -283, 1, -100, 895, 52;
-27, 230, 13, -429, -269, 1, -105, 900, 52;
-25, 234, 16, -438, -247, 9, -99, 915, 62;
-30, 232, 12, -467, -243, -2, -119, 906, 47;
-28, 236, 14, -473, -219, 5, -112, 923, 58;
-30, 237, 14, -490, -205, 3, -118, 926, 55;
-35, 235, 10, -516, -200, -8, -137, 917, 39;
-35, 237, 11, -525, -180, -6, -136, 927, 43;
-34, 240, 12, -532, -159, -2, -135, 937, 47;
-37, 239, 9, -549, -148, -9, -146, 935, 38;
-34, 245, 13, -547, -120, 0, -135, 955, 51;
-32, 249, 16, -546, -92, 9, -126, 973, 62;
-33, 250, 14, -555, -77, 5, -132, 976, 58;
-37, 249, 11, -570, -67, -3, -145, 971, 46;
-33, 254, 15, -561, -36, 8, -130, 994, 61;
-34, 256, 15, -565, -18, 7, -133, 999, 60;
-35, 256, 13, -570, -3, 2, -139, 1001, 54;
-37, 256, 11, -577, 9, -3, -147, 1000, 46;
-34, 261, 14, -565, 38, 6, -134, 1019, 58;
-35, 262, 14, -565, 54, 3, -137, 1023, 55;
-37, 261, 11, -569, 66, -4, -145, 1021, 45;
-35, 264, 12, -560, 88, 0, -140, 1032, 50;
-35, 266, 12, -554, 107, -1, -139, 1038, 49;
-34, 268, 13, -545, 127, 0, -135, 1047, 51;
-33, 271, 13, -534, 147, 2, -130, 1057, 53;
-30, 275, 16, -516, 172, 9, -118, 1072, 63;
-33, 273, 12, -517, 178, -1, -130, 1064, 48;
-32, 274, 12, -503, 196, -1, -126, 1072, 49;
-29, 278, 14, -485, 218, 3, -116, 1084, 55;
-27, 281, 16, -465, 239, 9, -106, 1097, 62;
-26, 282, 15, -450, 254, 8, -103, 1102, 61;
-24, 284, 16, -431, 271, 10, -96, 1110, 64;
-30, 279, 9, -436, 264, -11, -120, 1088, 36;
-27, 282, 10, -412, 283, -6, -109, 1099, 42;
-24, 285, 13, -386, 303, 0, -96, 1112, 50;
-25, 284, 10, -373, 307, -8, -100, 1107, 40;
-20, 289, 14, -339, 333, 5, -78, 1129, 57;
-17, 292, 16, -311, 349, 10, -66, 1139, 64;
-15, 293, 16, -288, 360, 11, -60, 1144, 65;
-17, 291, 13, -275, 360, 1, -67, 1135, 52;
-17, 290, 12, -255, 364, -3, -66, 1133, 47;
-13, 293, 14, -224, 379, 3, -51, 1145, 55;
-10, 295, 15, -194, 391, 7, -40, 1152, 60;
-11, 293, 12, -178, 388, -1, -45, 1144, 49;
-8, 295, 14, -146, 400, 5, -31, 1153, 57;
-6, 296, 14, -120, 404, 4, -25, 1154, 56;
-5, 295, 13, -97, 405, 1, -22, 1152, 52;
-2, 297, 15, -63, 414, 8, -7, 1161, 61;
0, 297, 15, -37, 415, 7, -2, 1161, 60;
-4, 292, 9, -28, 399, -10, -17, 1139, 37;
-2, 292, 9, -1, 398, -11, -11, 1139, 37;
0, 292, 10, 27, 400, -8, -1, 1141, 40;
4, 295, 13, 64, 408, 1, 17, 1153, 52;
2, 291, 9, 79, 394, -10, 9, 1137, 37;
4, 291, 9, 105, 390, -10, 15, 1136, 37;
6, 291, 10, 133, 387, -9, 24, 1136, 39;
7, 291, 10, 159, 382, -8, 30, 1135, 39;
8, 289, 9, 183, 374, -11, 34, 1130, 37;
14, 292, 13, 220, 379, 0, 55, 1142, 52;
17, 293, 14, 249, 376, 5, 67, 1144, 57;
17, 290, 12, 268, 361, 0, 66, 1134, 50;
17, 289, 12, 289, 350, -2, 69, 1128, 47;
17, 286, 10, 308, 335, -6, 69, 1119, 42;
21, 288, 13, 337, 332, 0, 84, 1124, 51;
20, 284, 10, 350, 311, -8, 79, 1109, 40;
28, 289, 16, 391, 319, 12, 109, 1129, 66;
23, 282, 11, 393, 289, -5, 92, 1103, 44;
25, 281, 11, 413, 276, -4, 98, 1099, 45;
29, 283, 14, 440, 269, 3, 113, 1104, 55;
26, 277, 10, 445, 243, -7, 103, 1084, 41;
29, 278, 12, 468, 234, -1, 115, 1086, 49;
31, 277, 13, 485, 220, 1, 121, 1083, 52;
32, 276, 14, 501, 206, 3, 128, 1080, 55;
32, 274, 13, 511, 186, 0, 127, 1069, 51;
33, 272, 13, 523, 169, 0, 131, 1064, 52;
30, 267, 9, 521, 139, -11, 118, 1041, 36;
35, 270, 14, 546, 136, 3, 139, 1054, 55;
33, 265, 11, 545, 109, -5, 130, 1036, 44;
33, 263, 10, 551, 89, -6, 130, 1027, 42;
32, 260, 9, 553, 66, -10, 127, 1015, 38;
38, 264, 15, 574, 64, 6, 149, 1029, 59;
33, 257, 10, 562, 30, -8, 131, 1004, 40;
39, 261, 16, 583, 30, 10, 155, 1020, 64;
38, 257, 14, 578, 4, 4, 148, 1005, 56;
37, 255, 13, 575, -17, 2, 145, 995, 53;
38, 254, 14, 576, -33, 5, 148, 992, 57;
33, 247, 9, 557, -67, -10, 128, 965, 38;
34, 248, 12, 560, -79, -2, 136, 967, 47;
35, 246, 12, 556, -97, -1, 137, 962, 49;
31, 241, 9, 538, -126, -12, 121, 942, 35;
34, 243, 12, 541, -133, 0, 133, 949, 49;
30, 238, 9, 523, -161, -10, 119, 931, 38;
32, 239, 12, 520, -171, -2, 126, 933, 47;
30, 236, 11, 504, -192, -6, 119, 922, 42;
34, 239, 15, 507, -194, 8, 134, 935, 61;
26, 231, 9, 472, -231, -12, 105, 902, 35;
27, 231, 10, 462, -242, -6, 108, 903, 42;
26, 229, 10, 444, -259, -8, 102, 895, 40;
30, 233, 15, 445, -257, 8, 119, 911, 61;
26, 229, 13, 418, -280, 0, 104, 895, 51;
26, 228, 13, 401, -292, 2, 101, 892, 53;
24, 226, 12, 379, -307, 0, 93, 884, 50;
26, 229, 16, 369, -308, 11, 103, 894, 64;
21, 225, 13, 338, -330, 1, 85, 878, 52;
21, 224, 14, 318, -338, 3, 82, 876, 55;
21, 225, 15, 299, -345, 7, 82, 877, 60;
16, 220, 12, 265, -365, -3, 62, 860, 46;
15, 220, 13, 244, -370, 0, 60, 861, 51;
10, 216, 9, 208, -389, -10, 41, 845, 37;
12, 219, 13, 194, -385, 0, 48, 856, 51;
10, 219, 13, 169, -391, 0, 42, 854, 51;
11, 221, 15, 151, -388, 8, 46, 862, 61;
3, 214, 9, 104, -412, -11, 14, 835, 36;
3, 215, 10, 81, -412, -8, 12, 838, 40;
5, 218, 14, 66, -403, 3, 20, 852, 55;
0, 215, 11, 29, -415, -6, 1, 839, 43;
0, 217, 13, 9, -408, 0, 3, 848, 52;
-2, 215, 11, -23, -414, -5, -11, 840, 44;
-6, 213, 9, -55, -419, -10, -24, 834, 37;
-4, 217, 13, -70, -405, 1, -16, 849, 52;
-5, 218, 14, -95, -400, 3, -20, 853, 55;
-8, 218, 12, -125, -400, 0, -31, 850, 50;
-6, 221, 16, -141, -385, 9, -25, 864, 62;
-14, 216, 10, -186, -398, -9, -55, 843, 39;
-11, 221, 14, -198, -378, 4, -44, 862, 56;
-16, 218, 11, -233, -381, -5, -63, 853, 44;
-17, 220, 12, -255, -371, -3, -66, 858, 46;
-19, 220, 11, -280, -363, -4, -74, 860, 45;
-19, 222, 12, -302, -351, -2, -77, 866, 48;
-18, 226, 15, -314, -331, 7, -70, 883, 60;
-23, 223, 11, -347, -331, -3, -90, 873, 46;
-20, 229, 16, -355, -305, 9, -78, 894, 63;
-23, 228, 14, -382, -299, 3, -91, 891, 55;
-24, 229, 14, -402, -286, 3, -96, 895, 55;
-24, 232, 15, -416, -267, 8, -95, 907, 61;
-27, 231, 13, -441, -260, 0, -109, 903, 51;
-28, 233, 13, -456, -243, 2, -110, 911, 54;
-32, 232, 10, -481, -237, -7, -127, 904, 41;
-28, 238, 15, -482, -207, 7, -112, 928, 59;
-33, 235, 11, -508, -203, -5, -132, 919, 43;
-35, 236, 10, -524, -189, -9, -139, 921, 39;
-33, 241, 13, -525, -161, 1, -129, 940, 52;
-33, 243, 13, -534, -142, 2, -130, 949, 54;
-35, 244, 12, -546, -127, 0, -136, 951, 50;
-38, 242, 9, -565, -119, -11, -152, 945, 36;
-37, 246, 11, -564, -93, -4, -144, 961, 45;
-34, 251, 14, -559, -64, 6, -133, 981, 58;
-33, 254, 15, -561, -43, 8, -131, 990, 61;
-35, 254, 14, -567, -28, 4, -137, 993, 56;
-37, 254, 11, -577, -16, -3, -147, 990, 46;
-35, 258, 14, -569, 10, 3, -138, 1007, 55;
-34, 260, 14, -567, 30, 5, -135, 1016, 57;
-35, 261, 14, -566, 48, 3, -137, 1021, 55;
-38, 260, 10, -574, 56, -7, -150, 1014, 41;
-36, 263, 11, -565, 79, -3, -144, 1026, 46;
-32, 269, 16, -545, 111, 9, -126, 1050, 63;
-32, 270, 15, -540, 128, 8, -126, 1055, 61;
-34, 269, 12, -540, 138, 0, -135, 1050, 50;
-33, 271, 13, -528, 158, 1, -129, 1060, 53;
-36, 270, 9, -528, 164, -9, -141, 1053, 38;
-35, 271, 9, -518, 180, -11, -140, 1057, 36;
-27, 280, 16, -482, 220, 11, -108, 1092, 65;
-28, 279, 14, -473, 230, 5, -112, 1091, 58;
-29, 279, 13, -464, 240, 0, -115, 1089, 50;
-26, 282, 14, -442, 261, 5, -104, 1102, 57;
-27, 281, 12, -431, 269, -1, -108, 1099, 49;
-25, 284, 13, -409, 287, 2, -99, 1109, 54;
-26, 283, 11, -396, 294, -3, -102, 1106, 46;
-22, 287, 14, -367, 316, 5, -86, 1122, 57;
-22, 286, 12, -352, 322, -1, -89, 1119, 49;
-21, 287, 12, -332, 333, -2, -84, 1122, 48;
-16, 292, 16, -297, 356, 10, -63, 1141, 63;
-17, 290, 13, -283, 356, 0, -69, 1134, 52;
-18, 289, 11, -266, 358, -6, -72, 1128, 43;
-11, 295, 16, -224, 385, 12, -43, 1154, 65;
-11, 294, 15, -204, 387, 6, -44, 1150, 58;
-11, 293, 13, -184, 389, 1, -44, 1146, 52;
-11, 292, 11, -165, 387, -5, -46, 1139, 44;
-11, 291, 9, -144, 388, -10, -45, 1136, 38;
-10, 291, 9, -118, 391, -11, -40, 1136, 36;
-2, 298, 16, -71, 415, 9, -8, 1163, 62;
-6, 292, 9, -64, 397, -10, -26, 1139, 38;
0, 297, 15, -20, 416, 6, 1, 1161, 59;
3, 20, 5, 2982, 3495, 2804, 12, 81, 20;
11, 15, 6, 2597, 3748, 2157, 44, 61, 25;
18, 5, 1, 2587, 4674, 2159, 72, 19, 5;
19, 5, 10, 2620, 5282, 1572, 76, 21, 42;
4, 25, 8, 3253, 5079, 2289, 18, 97, 31;
6, 23, 10, 3355, 2883, 2356, 26, 92, 42;
5, 10, 0, 3676, 2125, 1445, 22, 40, 3;
13, 0, 7, 4058, 5310, 2286, 51, 0, 29;
16, 18, 5, 1947, 2561, 2403, 65, 70, 21;
19, 15, 3, 2713, 5199, 2677, 76, 61, 15;
11, 27, 9, 2417, 4875, 2096, 43, 109, 38;
8, 13, 12, 2210, 5400, 1610, 34, 52, 50;
17, 24, 9, 3131, 3609, 2002, 68, 93, 37;
1, 3, 12, 4378, 2944, 2507, 5, 15, 50;
18, 7, 7, 1767, 4383, 1563, 70, 31, 28;
6, 22, 12, 3758, 2690, 2296, 24, 86, 50;
11, 28, 11, 3065, 3666, 2579, 45, 109, 46;
8, 9, 2, 2652, 3726, 1515, 34, 36, 11;
1, 0, 2, 2240, 2183, 1885, 7, 2, 8;
10, 25, 10, 3441, 3670, 2117, 42, 98, 42;
19, 29, 3, 3080, 2863, 1759, 77, 115, 14;
1, 2, 12, 1596, 5023, 1207, 5, 8, 47;
12, 1, 0, 2995, 3915, 1074, 48, 5, 2;
5, 22, 0, 1707, 2151, 1661, 23, 87, 2;
12, 27, 0, 2799, 2171, 2816, 48, 105, 1;
16, 14, 9, 2599, 3875, 2814, 65, 57, 35;
1, 28, 12, 1787, 5257, 1527, 7, 112, 50;
1, 20, 8, 4395, 4069, 1913, 6, 81, 32;
6, 8, 12, 3536, 5276, 1641, 25, 32, 49;
13, 14, 12, 2677, 3535, 988, 51, 57, 47;
14, 1, 0, 2824, 2825, 1458, 57, 6, 0;
14, 14, 7, 2392, 3275, 1565, 57, 56, 27;
19, 29, 1, 2647, 3775, 1451, 75, 113, 5;
11, 13, 11, 2696, 3788, 1963, 44, 53, 44;
4, 20, 5, 3794, 4048, 1001, 16, 81, 20;
6, 16, 2, 4014, 5278, 1237, 24, 62, 8;
5, 13, 6, 4205, 4960, 2538, 20, 52, 25;
3, 18, 2, 3889, 4508, 1916, 13, 72, 9;
19, 28, 2, 4350, 2699, 1805, 75, 109, 9;
9, 31, 3, 4265, 2132, 1105, 38, 120, 12;
19, 19, 5, 2267, 3223, 2551, 76, 76, 22;
0, 23, 2, 3750, 1864, 1502, 0, 91, 10;
1, 16, 1, 2406, 2347, 1960, 6, 62, 7;
10, 25, 6, 2651, 4694, 2230, 41, 98, 24;
8, 29, 10, 1912, 5351, 1146, 34, 115, 39;
10, 5, 9, 3895, 2619, 1093, 39, 21, 38;
3, 20, 9, 2111, 5091, 1556, 13, 80, 37;
11, 3, 10, 4307, 2039, 2136, 44, 14, 42;
14, 17, 4, 4071, 3135, 1677, 55, 68, 17;
4, 16, 12, 2718, 2652, 1335, 16, 66, 50;
19, 5, 10, 1710, 2555, 1231, 76, 21, 39;
14, 7, 8, 2224, 3518, 2137, 57, 30, 32;
20, 19, 12, 3838, 4230, 2106, 78, 74, 49;
5, 14, 3, 4189, 4209, 2116, 22, 54, 13;
14, 1, 12, 3295, 4807, 2511, 55, 6, 47;
10, 25, 11, 4228, 4567, 2195, 42, 98, 46;
1, 20, 8, 3042, 3847, 2819, 4, 80, 34;
9, 20, 10, 3959, 2703, 1127, 36, 79, 42;
6, 21, 12, 3300, 2334, 2190, 27, 84, 49;
0, 28, 10, 4035, 4654, 2125, 1, 109, 39;
3, 21, 2, 3102, 4490, 2930, 12, 83, 11;
10, 22, 6, 3198, 5114, 2761, 42, 86, 25;
8, 27, 11, 3652, 1975, 2211, 31, 107, 45;
7, 11, 3, 3453, 3722, 2077, 29, 46, 14;
4, 17, 11, 1648, 4291, 1161, 18, 68, 43;
9, 21, 8, 1571, 4018, 2748, 38, 84, 32;
4, 25, 0, 2328, 3586, 1089, 17, 98, 2;
20, 23, 12, 4147, 4687, 1275, 79, 92, 48;
3, 20, 1, 2446, 5346, 1073, 15, 78, 6;
14, 3, 12, 3575, 4226, 2059, 58, 12, 48;
4, 30, 5, 4353, 3623, 1400, 19, 118, 20;
16, 15, 10, 3056, 4208, 2052, 63, 61, 41;
3, 27, 12, 2439, 4186, 1153, 12, 106, 47;
5, 18, 8, 3135, 2130, 1672, 21, 73, 32;
14, 26, 6, 3228, 3478, 2126, 58, 105, 27;
17, 22, 8, 1805, 1829, 1415, 68, 86, 34;
2, 21, 5, 2326, 1883, 1258, 8, 83, 21;
12, 19, 6, 4072, 3251, 1201, 49, 76, 24;
20, 27, 12, 3327, 5148, 2689, 78, 106, 50;
12, 2, 4, 1989, 3088, 2647, 50, 11, 17;
587, 855, 468, 5255, 4599, 3124, 2292, 3335, 1828;
644, 810, 474, 5016, 4386, 2969, 2511, 3159, 1851;
552, 972, 352, 4851, 4246, 2884, 2153, 3792, 1375;
544, 934, 333, 4667, 4086, 2777, 2122, 3643, 1300;
656, 761, 312, 4466, 3908, 2650, 2562, 2971, 1216;
580, 759, 385, 4278, 3741, 2533, 2263, 2962, 1502;
606, 811, 316, 4115, 3599, 2438, 2366, 3163, 1233;
513, 679, 336, 3955, 3460, 2345, 2003, 2649, 1312;
433, 747, 367, 3825, 3348, 2277, 1691, 2916, 1435;
535, 694, 318, 3636, 3179, 2149, 2087, 2709, 1242;
417, 743, 314, 3517, 3078, 2089, 1628, 2897, 1225;
454, 745, 259, 3397, 2975, 2025, 1773, 2906, 1013;
449, 706, 231, 3242, 2836, 1923, 1754, 2755, 904;
387, 633, 287, 3107, 2717, 1840, 1509, 2470, 1121;
339, 651, 277, 2992, 2617, 1775, 1324, 2541, 1082;
409, 520, 228, 2895, 2535, 1725, 1598, 2029, 889;
371, 640, 208, 2779, 2433, 1655, 1450, 2499, 814;
393, 517, 212, 2634, 2302, 1554, 1533, 2016, 829;
318, 510, 208, 2541, 2222, 1504, 1242, 1989, 811;
312, 533, 198, 2443, 2136, 1446, 1217, 2080, 773;
258, 538, 179, 2351, 2057, 1394, 1008, 2098, 699;
329, 506, 210, 2242, 1959, 1322, 1284, 1974, 822;
276, 564, 215, 2200, 1928, 1316, 1076, 2201, 841;
307, 526, 154, 2107, 1845, 1257, 1201, 2051, 604;
261, 464, 145, 2030, 1779, 1214, 1018, 1811, 567;
225, 503, 191, 1948, 1706, 1164, 880, 1963, 744;
209, 446, 140, 1844, 1612, 1090, 817, 1741, 546;
248, 426, 126, 1789, 1566, 1065, 970, 1664, 494;
220, 484, 157, 1709, 1495, 1014, 860, 1888, 612;
243, 451, 144, 1666, 1461, 998, 948, 1761, 564;
198, 448, 114, 1586, 1389, 944, 773, 1748, 448;
210, 397, 112, 1500, 1310, 883, 820, 1549, 439;
206, 466, 121, 1434, 1252, 841, 807, 1819, 474;
185, 442, 129, 1416, 1241, 847, 725, 1727, 506;
154, 410, 131, 1362, 1194, 816, 602, 1601, 513;
180, 411, 97, 1276, 1115, 751, 705, 1606, 379;
176, 399, 105, 1250, 1094, 745, 689, 1556, 412;
149, 382, 85, 1185, 1036, 700, 581, 1490, 333;
130, 383, 110, 1123, 980, 657, 510, 1496, 430;
146, 399, 87, 1108, 971, 661, 570, 1558, 339;
124, 400, 100, 1065, 932, 634, 486, 1560, 390;
147, 369, 95, 1013, 886, 600, 576, 1439, 372;
141, 394, 77, 954, 832, 557, 552, 1539, 302;
110, 396, 73, 961, 844, 580, 432, 1545, 287;
114, 336, 74, 880, 767, 514, 445, 1311, 291;
126, 377, 65, 879, 770, 526, 493, 1473, 254;
110, 339, 76, 839, 735, 501, 430, 1323, 297;
116, 339, 73, 807, 707, 482, 453, 1323, 287;
106, 340, 63, 775, 679, 462, 414, 1328, 249;
87, 327, 57, 758, 666, 458, 339, 1275, 225;
87, 350, 57, 706, 617, 418, 342, 1368, 224;
82, 341, 59, 688, 603, 411, 323, 1331, 231;
81, 335, 54, 636, 554, 369, 316, 1306, 212;
90, 339, 60, 624, 546, 368, 352, 1322, 237;
79, 322, 48, 625, 549, 379, 309, 1255, 188;
82, 329, 49, 563, 491, 327, 320, 1286, 193;
66, 329, 53, 567, 497, 340, 260, 1284, 208;
68, 324, 48, 549, 482, 331, 265, 1267, 189;
66, 326, 41, 523, 459, 314, 258, 1274, 161;
73, 326, 50, 505, 443, 304, 285, 1274, 196;
62, 328, 48, 498, 439, 305, 241, 1280, 187;
69, 324, 41, 475, 418, 289, 272, 1265, 160;
65, 310, 45, 457, 402, 279, 254, 1209, 176;
62, 307, 32, 419, 367, 248, 243, 1198, 125;
61, 297, 34, 416, 365, 251, 239, 1160, 134;
40, 309, 27, 374, 325, 216, 157, 1205, 105;
46, 307, 26, 349, 303, 197, 181, 1199, 103;
47, 297, 31, 335, 290, 189, 185, 1160, 122;
40, 303, 29, 339, 295, 198, 156, 1184, 114;
45, 288, 25, 315, 273, 180, 178, 1123, 98;
46, 293, 24, 318, 278, 188, 183, 1143, 94;
48, 293, 31, 326, 287, 201, 188, 1144, 123;
38, 287, 32, 316, 279, 197, 148, 1119, 125;
31, 287, 20, 265, 230, 150, 124, 1122, 78;
41, 283, 27, 283, 249, 172, 159, 1103, 105;
31, 277, 21, 238, 205, 132, 121, 1081, 82;
35, 279, 22, 241, 209, 139, 136, 1089, 86;
27, 277, 16, 228, 198, 130, 108, 1083, 65;
29, 288, 20, 232, 203, 138, 113, 1126, 79;
28, 276, 17, 210, 182, 120, 111, 1076, 69;
1, 256, 0, 0, 0, 0, 4, 999, 2;
1, 256, 0, -1, -1, -1, 4, 999, 2;
1, 256, 0, -1, -1, -1, 4, 999, 2;
1, 256, 0, -1, -1, -1, 4, 999, 2;
1, 256, 0, -1, -1, -1, 4, 998, 2;
1, 256, 0, 0, 0, 0, 5, 1000, 3;
0, 256, 0, -1, -1, -1, 3, 998, 1;
1, 256, 1, 1, 1, 1, 6, 1001, 4;
1, 256, 0, 0, 0, 0, 5, 1000, 3;
1, 256, 1, 1, 1, 1, 6, 1001, 4;
1, 256, 0, -1, -1, -1, 4, 999, 2;
1, 256, 1, 1, 1, 1, 5, 1000, 3;
1, 256, 0, 0, 0, 0, 4, 999, 2;
1, 256, 0, 0, 0, 0, 5, 1000, 3;
1, 256, 0, 1, 1, 1, 5, 1000, 3;
1, 256, 0, -1, -1, -1, 4, 999, 2;
1, 256, 0, -1, -1, -1, 4, 999, 2;
1, 256, 0, 0, 0, 0, 4, 999, 2;
1, 256, 0, -1, -1, -1, 3, 998, 1;
1, 256, 1, 1, 1, 1, 6, 1001, 4;
1, 256, 0, -1, -1, -1, 4, 999, 2;
1, 256, 0, -1, -1, -1, 4, 999, 2;
1, 256, 0, 1, 1, 1, 5, 1000, 3;
1, 256, 0, 0, 0, 0, 5, 1000, 3;
1, 256, 1, 1, 1, 1, 6, 1001, 4;
1, 256, 0, 0, 0, 0, 5, 1000, 3;
1, 256, 0, 0, 0, 0, 5, 1000, 3;
1, 256, 0, -1, -1, -1, 4, 999, 2;
1, 256, 0, 0, 0, 0, 5, 1000, 3;
1, 256, 0, 0, 0, 0, 5, 1000, 3;
1, 256, 0, -1, -1, -1, 3, 998, 1;
1, 256, 0, 0, 0, 0, 4, 999, 2;
1, 256, 0, -1, -1, -1, 3, 998, 1;
1, 256, 0, 0, 0, 0, 4, 999, 2;
1, 256, 0, -1, -1, -1, 4, 999, 2;
1, 256, 0, 0, 0, 0, 4, 999, 2;
1, 256, 1, 1, 1, 1, 6, 1001, 4;
1, 256, 0, 0, 0, 0, 4, 999, 2;
1, 256, 0, -1, -1, -1, 4, 999, 2;
1, 256, 0, 0, 0, 0, 4, 999, 2;
1, 256, 0, 1, 1, 1, 5, 1000, 3;
1, 256, 0, -1, -1, -1, 4, 999, 2;
1, 256, 0, 0, 0, 0, 4, 999, 2;
1, 256, 0, 0, 0, 0, 4, 999, 2;
1, 256, 0, 0, 0, 0, 5, 1000, 3;
1, 256, 0, 0, 0, 0, 5, 1000, 3;
1, 256, 0, 0, 0, 0, 5, 1000, 3;
1, 256, 0, 0, 0, 0, 5, 1000, 3;
1, 256, 0, -1, -1, -1, 4, 999, 2;
1, 256, 0, 0, 0, 0, 4, 999, 2;
1, 256, 0, 0, 0, 0, 5, 1000, 3;
1, 256, 1, 1, 1, 1, 6, 1001, 4;
1, 256, 1, 1, 1, 1, 6, 1001, 4;
1, 256, 0, 0, 0, 0, 5, 1000, 3;
1, 256, 0, -1, -1, -1, 3, 998, 1;
1, 256, 0, -1, -1, -1, 4, 999, 2;
1, 256, 1, 1, 1, 1, 5, 1000, 3;
1, 256, 0, 1, 1, 1, 5, 1000, 3;
1, 256, 0, -1, -1, -1, 4, 999, 2;
1, 256, 0, 0, 0, 0, 4, 999, 2;
1, 256, 0, -1, -1, -1, 4, 999, 2;
1, 256, 0, 0, 0, 0, 4, 999, 2;
1, 256, 1, 1, 1, 1, 6, 1001, 4;
1, 256, 0, 0, 0, 0, 4, 999, 2;
1, 256, 1, 1, 1, 1, 6, 1001, 4;
1, 256, 0, 0, 0, 0, 4, 999, 2;
1, 256, 0, 0, 0, 0, 5, 1000, 3;
1, 256, 0, 0, 0, 0, 4, 999, 2;
1, 256, 1, 1, 1, 1, 6, 1001, 4;
1, 256, 0, 0, 0, 0, 5, 1000, 3;
1, 256, 0, -1, -1, -1, 4, 999, 2;
1, 256, 0, 0, 0, 0, 4, 999, 2;
1, 256, 0, 0, 0, 0, 5, 1000, 3;
1, 256, 1, 1, 1, 1, 6, 1001, 4;
1, 256, 0, -1, -1, -1, 4, 999, 2;
1, 256, 0, 0, 0, 0, 4, 999, 2;
1, 256, 0, 0, 0, 0, 5, 1000, 3;
1, 256, 0, 1, 1, 1, 5, 1000, 3;
1, 256, 0, 0, 0, 0, 4, 999, 2;
1, 256, 0, 0, 0, 0, 5, 999, 3;
1, 256, 0, -1, -1, -1, 3, 998, 1;
1, 256, 0, 0, 0, 0, 4, 999, 2;
1, 256, 0, 0, 0, 0, 4, 999, 2;
1, 256, 0, -1, -1, -1, 4, 999, 2;
1, 256, 0, 0, 0, 0, 5, 999, 2;
1, 256, 0, -1, -1, -1, 4, 999, 2;
1, 256, 0, 0, 0, 0, 5, 999, 3;
1, 256, 0, 0, 0, 0, 4, 999, 2;
1, 256, 0, 0, 0, 0, 5, 1000, 3;
1, 256, 0, 1, 1, 1, 5, 1000, 3;
1, 256, 0, 0, 0, 0, 5, 1000, 3;
1, 256, 0, 0, 0, 0, 5, 1000, 3;
1, 256, 0, 0, 0, 0, 5, 1000, 3;
1, 256, 0, 0, 0, 0, 5, 1000, 3;
1, 256, 0, 0, 0, 0, 5, 1000, 3;
1, 256, 1, 1, 1, 1, 6, 1001, 4;
1, 256, 1, 1, 1, 1, 6, 1000, 4;
1, 256, 0, -1, -1, -1, 4, 998, 2;
1, 256, 0, 0, 0, 0, 4, 999, 2;
1, 256, 0, 0, 0, 0, 4, 999, 2;
1, 256, 1, 1, 1, 1, 6, 1000, 4;
1, 256, 0, 0, 0, 0, 5, 1000, 3;
1, 256, 0, 0, 0, 0, 4, 999, 2;
1, 256, 0, 0, 0, 0, 5, 1000, 3;
1, 256, 1, 1, 1, 1, 5, 1000, 3;
1, 256, 0, 0, 0, 0, 4, 999, 2;
1, 256, 0, -1, -1, -1, 4, 999, 2;
0, 256, 0, -1, -1, -1, 3, 998, 1;
1, 256, 0, 1, 1, 1, 5, 1000, 3;
1, 256, 0, -1, -1, -1, 4, 999, 2;
1, 256, 0, 0, 0, 0, 4, 999, 2;
1, 256, 0, -1, -1, -1, 3, 998, 1;
1, 256, 0, -1, -1, -1, 4, 999, 2;
1, 256, 0, 1, 1, 1, 5, 1000, 3;
1, 256, 0, 0, 0, 0, 4, 999, 2;
1, 256, 0, 1, 1, 1, 5, 1000, 3;
1, 256, 1, 1, 1, 1, 6, 1001, 4;
1, 256, 0, -1, -1, -1, 4, 999, 2;
1, 256, 1, 1, 1, 1, 6, 1001, 4;
1, 256, 0, 0, 0, 0, 4, 999, 2;
1, 256, 0, 0, 0, 0, 5, 1000, 3;
1, 256, 0, 0, 0, 0, 4, 999, 2;
1, 256, 0, 0, 0, 0, 5, 999, 2;
1, 256, 1, 1, 1, 1, 6, 1001, 4;
1, 256, 0, -1, -1, -1, 3, 998, 1;
1, 256, 0, 0, 0, 0, 5, 1000, 3;
1, 256, 1, 1, 1, 1, 6, 1001, 4;
1, 256, 1, 1, 1, 1, 6, 1000, 4;
1, 256, 0, 0, 0, 0, 5, 1000, 3;
1, 256, 0, 0, 0, 0, 4, 999, 2;
1, 256, 0, 0, 0, 0, 5, 999, 2;
1, 256, 1, 1, 1, 1, 6, 1000, 3;
1, 256, 0, 0, 0, 0, 5, 1000, 3;
1, 256, 0, 0, 0, 0, 5, 1000, 3;
1, 256, 0, -1, -1, -1, 3, 998, 1;
1, 256, 1, 1, 1, 1, 5, 1000, 3;
1, 256, 0, 0, 0, 0, 5, 1000, 3;
1, 256, 0, -1, -1, -1, 4, 998, 2;
1, 256, 0, -1, -1, -1, 4, 998, 1;
1, 256, 0, 0, 0, 0, 5, 1000, 3;
1, 256, 0, -1, -1, -1, 4, 999, 2;
1, 256, 0, 0, 0, 0, 5, 999, 3;
1, 256, 0, -1, -1, -1, 4, 998, 1;
1, 256, 1, 1, 1, 1, 6, 1000, 4;
1, 256, 0, 0, 0, 0, 5, 1000, 3;
1, 256, 0, -1, -1, -1, 4, 999, 2;
1, 256, 1, 1, 1, 1, 5, 1000, 3;
1, 256, 0, -1, -1, -1, 4, 999, 2;
1, 256, 0, 0, 0, 0, 5, 1000, 3;
1, 256, 0, 0, 0, 0, 5, 1000, 3;
1, 256, 0, 0, 0, 0, 5, 1000, 3;
1, 256, 1, 1, 1, 1, 6, 1001, 4;
1, 256, 0, -1, -1, -1, 4, 998, 1;
1, 256, 0, 0, 0, 0, 5, 1000, 3;
1, 256, 0, 1, 1, 1, 5, 1000, 3;
1, 256, 0, -1, -1, -1, 3, 998, 1;
1, 256, 1, 1, 1, 1, 6, 1001, 4;
1, 256, 0, 0, 0, 0, 4, 999, 2;
1, 256, 0, 0, 0, 0, 5, 1000, 3;
1, 256, 0, -1, -1, -1, 4, 998, 1;
1, 256, 0, 0, 0, 0, 4, 999, 2;
1, 256, 0, -1, -1, -1, 4, 998, 2;
1, 256, 0, 0, 0, 0, 4, 999, 2;
1, 256, 1, 1, 1, 1, 6, 1000, 4;
1, 256, 0, 0, 0, 0, 5, 1000, 3;
1, 256, 0, 0, 0, 0, 4, 999, 2;
1, 256, 0, 0, 0, 0, 4, 999, 2;
1, 256, 0, 0, 0, 0, 5, 1000, 3;
1, 256, 0, 0, 0, 0, 5, 1000, 3;
1, 256, 0, 0, 0, 0, 4, 999, 2;
1, 256, 1, 1, 1, 1, 6, 1001, 4;
1, 256, 0, -1, -1, -1, 4, 999, 2;
1, 256, 0, 0, 0, 0, 4, 999, 2;
1, 256, 0, 0, 0, 0, 4, 999, 2;
1, 256, 0, 0, 0, 0, 5, 1000, 3;
1, 256, 0, -1, -1, -1, 4, 998, 1;
1, 256, 1, 1, 1, 1, 6, 1001, 4;
1, 256, 0, -1, -1, -1, 4, 998, 2;
1, 256, 0, 0, 0, 0, 4, 999, 2;
1, 256, 0, -1, -1, -1, 3, 998, 1;
1, 256, 1, 1, 1, 1, 6, 1001, 4;
1, 256, 0, 1, 1, 1, 5, 1000, 3;
1, 256, 0, 0, 0, 0, 4, 999, 2;
1, 256, 0, 0, 0, 0, 5, 1000, 3;
1, 256, 0, 0, 0, 0, 5, 999, 2;
1, 256, 0, 0, 0, 0, 5, 1000, 3;
1, 256, 0, -1, -1, -1, 4, 999, 2;
1, 256, 0, -1, -1, -1, 4, 999, 2;
1, 256, 1, 1, 1, 1, 5, 1000, 3;
1, 256, 0, -1, -1, -1, 4, 999, 2;
1, 256, 0, 0, 0, 0, 5, 1000, 3;
1, 256, 0, -1, -1, -1, 4, 998, 2;
1, 256, 0, -1, -1, -1, 4, 999, 2;
1, 256, 0, -1, -1, -1, 3, 998, 1;
1, 256, 0, 0, 0, 0, 4, 999, 2;
1, 256, 0, -1, -1, -1, 3, 998, 1;
1, 256, 0, -1, -1, -1, 4, 999, 2;
1, 256, 0, 0, 0, 0, 5, 1000, 3;
1, 256, 1, 1, 1, 1, 6, 1000, 3;
1, 256, 0, 0, 0, 0, 5, 1000, 3;
1, 256, 0, -1, -1, -1, 4, 999, 2;
1, 256, 0, 0, 0, 0, 5, 1000, 3;
1, 256, 0, 0, 0, 0, 4, 999, 2;
1, 256, 0, 0, 0, 0, 4, 999, 2;
1, 256, 0, -1, -1, -1, 4, 999, 2;
1, 256, 0, 1, 1, 1, 5, 1000, 3;
1, 256, 0, 0, 0, 0, 5, 1000, 3;
1, 256, 1, 1, 1, 1, 6, 1001, 4;
1, 256, 0, 0, 0, 0, 4, 999, 2;
1, 256, 0, -1, -1, -1, 4, 999, 2;
1, 256, 1, 1, 1, 1, 6, 1000, 4;
1, 256, 0, 0, 0, 0, 4, 999, 2;
1, 256, 0, 0, 0, 0, 5, 1000, 3;
1, 256, 0, 0, 0, 0, 5, 1000, 3;
1, 256, 0, -1, -1, -1, 4, 999, 2;
1, 256, 0, -1, -1, -1, 4, 998, 1;
1, 256, 0, 0, 0, 0, 4, 999, 2;
1, 256, 0, 0, 0, 0, 5, 1000, 3;
1, 256, 0, -1, -1, -1, 4, 998, 1;
1, 256, 0, -1, -1, -1, 4, 999, 2;
1, 256, 0, 1, 1, 1, 5, 1000, 3;
1, 256, 0, 0, 0, 0, 5, 999, 3;
1, 256, 0, 0, 0, 0, 4, 999, 2;
1, 256, 0, 1, 1, 1, 5, 1000, 3;
1, 256, 0, 0, 0, 0, 5, 1000, 3;
1, 256, 0, -1, -1, -1, 4, 999, 2;
1, 256, 1, 1, 1, 1, 6, 1001, 4;
1, 256, 0, -1, -1, -1, 4, 999, 2;
1, 256, 0, -1, -1, -1, 4, 999, 2;
1, 256, 0, 0, 0, 0, 5, 1000, 3;
1, 256, 0, -1, -1, -1, 3, 998, 1;
1, 256, 0, 0, 0, 0, 5, 999, 2;
1, 256, 1, 1, 1, 1, 6, 1001, 4;
1, 256, 0, 0, 0, 0, 5, 1000, 3;
1, 256, 0, 1, 1, 1, 5, 1000, 3;
1, 256, 0, 1, 1, 1, 5, 1000, 3;
1, 256, 0, 0, 0, 0, 5, 999, 3;
1, 256, 0, 1, 1, 1, 5, 1000, 3;
1, 256, 1, 1, 1, 1, 6, 1000, 3;
1, 256, 0, -1, -1, -1, 4, 999, 2;
1, 256, 0, 0, 0, 0, 4, 999, 2;
1, 256, 0, 1, 1, 1, 5, 1000, 3;
1, 256, 0, 0, 0, 0, 4, 999, 2;
1, 256, 0, -1, -1, -1, 4, 999, 2;
1, 256, 0, -1, -1, -1, 3, 998, 1;
1, 256, 1, 1, 1, 1, 6, 1001, 4;
1, 256, 0, 0, 0, 0, 5, 1000, 3;
1, 256, 0, 1, 1, 1, 5, 1000, 3;
1, 256, 0, 0, 0, 0, 5, 1000, 3;
1, 256, 0, 0, 0, 0, 4, 999, 2;
1, 256, 0, 0, 0, 0, 5, 1000, 3;
1, 256, 0, -1, -1, -1, 4, 999, 2;
1, 256, 1, 1, 1, 1, 6, 1001, 4;
1, 256, 0, 1, 1, 1, 5, 1000, 3;
1, 256, 0, 0, 0, 0, 4, 999, 2;
1, 256, 0, 0, 0, 0, 5, 1000, 3;
1, 256, 1, 1, 1, 1, 6, 1000, 4;
1, 256, 0, -1, -1, -1, 4, 999, 2;
1, 256, 0, 0, 0, 0, 5, 1000, 3;
1, 256, 0, 0, 0, 0, 4, 999, 2;
1, 256, 0, 0, 0, 0, 5, 1000, 3;
1, 256, 0, 0, 0, 0, 4, 999, 2;
1, 256, 0, -1, -1, -1, 4, 999, 2;
1, 256, 0, 0, 0, 0, 5, 999, 2;
1, 256, 0, 0, 0, 0, 5, 1000, 3;
1, 256, 0, 1, 1, 1, 5, 1000, 3;
1, 256, 0, -1, -1, -1, 3, 998, 1;
1, 256, 0, 1, 1, 1, 5, 1000, 3;
1, 256, 0, 0, 0, 0, 5, 999, 2;
1, 256, 1, 1, 1, 1, 6, 1001, 4;
1, 256, 0, -1, -1, -1, 4, 999, 2;
1, 256, 0, -1, -1, -1, 4, 999, 2;
1, 256, 0, 0, 0, 0, 4, 999, 2;
1, 256, 0, 0, 0, 0, 5, 1000, 3;
1, 256, 0, -1, -1, -1, 4, 999, 2;
1, 256, 0, -1, -1, -1, 4, 999, 2;
1, 256, 0, 1, 1, 1, 5, 1000, 3;
1, 256, 0, 0, 0, 0, 4, 999, 2;
1, 256, 0, 0, 0, 0, 5, 999, 2;
1, 256, 0, -1, -1, -1, 3, 998, 1;
1, 256, 1, 1, 1, 1, 6, 1000, 3;
1, 256, 0, -1, -1, -1, 4, 999, 2;
1, 256, 0, -1, -1, -1, 4, 999, 2;
1, 256, 0, -1, -1, -1, 4, 999, 2;
1, 256, 0, 0, 0, 0, 4, 999, 2;
1, 256, 1, 1, 1, 1, 6, 1000, 4;
1, 256, 0, 0, 0, 0, 5, 999, 2;
1, 256, 0, 0, 0, 0, 5, 1000, 3;
1, 256, 0, 0, 0, 0, 5, 1000, 3;
1, 256, 0, 1, 1, 1, 5, 1000, 3;
1, 256, 0, 0, 0, 0, 4, 999, 2;
1, 256, 0, -1, -1, -1, 4, 998, 2;
1, 256, 0, 0, 0, 0, 4, 999, 2;
0, 256, 0, -1, -1, -1, 3, 998, 1;
1, 256, 0, 0, 0, 0, 5, 1000, 3;
1, 256, 1, 1, 1, 1, 6, 1001, 4;
1, 256, 0, 0, 0, 0, 4, 999, 2;
1, 256, 0, 0, 0, 0, 4, 999, 2;
1, 256, 0, -1, -1, -1, 4, 999, 2;
1, 256, 0, 0, 0, 0, 4, 999, 2;
1, 256, 0, 0, 0, 0, 4, 999, 2;
1, 256, 0, 0, 0, 0, 5, 1000, 3;
1, 256, 0, 0, 0, 0, 5, 1000, 3;
1, 256, 0, 0, 0, 0, 4, 999, 2;
1, 256, 0, 0, 0, 0, 5, 1000, 3;
1, 256, 0, 0, 0, 0, 5, 1000, 3;
1, 256, 0, -1, -1, -1, 3, 998, 1;
1, 256, 0, 0, 0, 0, 5, 1000, 3;
1, 256, 0, 0, 0, 0, 4, 999, 2;
1, 256, 0, 0, 0, 0, 4, 999, 2;
1, 256, 0, 0, 0, 0, 5, 999, 3;
1, 256, 0, 0, 0, 0, 4, 999, 2;
1, 256, 0, 0, 0, 0, 4, 999, 2;
1, 256, 0, 0, 0, 0, 4, 999, 2;
1, 256, 0, -1, -1, -1, 3, 998, 1;
1, 256, 0, -1, -1, -1, 4, 999, 2;
1, 256, 1, 1, 1, 1, 5, 1000, 3;
1, 256, 0, -1, -1, -1, 3, 998, 1;
1, 256, 0, 1, 1, 1, 5, 1000, 3;
1, 256, 0, -1, -1, -1, 3, 998, 1;
1, 256, 0, -1, -1, -1, 4, 999, 2;
1, 256, 0, 0, 0, 0, 5, 1000, 3;
1, 256, 0, 0, 0, 0, 4, 999, 2;
1, 256, 0, -1, -1, -1, 4, 999, 2;
1, 256, 0, 0, 0, 0, 5, 1000, 3;
1, 256, 0, 0, 0, 0, 5, 1000, 3;
1, 256, 0, 0, 0, 0, 5, 999, 2;
1, 256, 0, 0, 0, 0, 5, 1000, 3;
1, 256, 0, -1, -1, -1, 4, 998, 2;
1, 256, 0, 0, 0, 0, 5, 1000, 3;
1, 256, 0, 1, 1, 1, 5, 1000, 3;
1, 256, 0, 0, 0, 0, 5, 1000, 3;
1, 256, 1, 1, 1, 1, 6, 1000, 3;
1, 256, 1, 1, 1, 1, 6, 1001, 4;
1, 256, 0, 0, 0, 0, 4, 999, 2;
1, 256, 0, 0, 0, 0, 5, 1000, 3;
1, 256, 0, -1, -1, -1, 4, 999, 2;
1, 256, 0, -1, -1, -1, 4, 999, 2;
1, 256, 0, -1, -1, -1, 3, 998, 1;
1, 256, 0, 0, 0, 0, 5, 1000, 3;
1, 256, 0, 0, 0, 0, 4, 999, 2;
1, 256, 0, 1, 1, 1, 5, 1000, 3;
1, 256, 1, 1, 1, 1, 6, 1000, 4;
1, 256, 0, 0, 0, 0, 5, 1000, 3;
1, 256, 1, 1, 1, 1, 5, 1000, 3;
1, 256, 0, -1, -1, -1, 4, 999, 2;
1, 256, 0, 0, 0, 0, 5, 999, 3;
1, 256, 0, -1, -1, -1, 4, 999, 2;
1, 256, 0, 0, 0, 0, 5, 1000, 3;
1, 256, 0, 1, 1, 1, 5, 1000, 3;
1, 256, 0, 1, 1, 1, 5, 1000, 3;
1, 256, 0, 0, 0, 0, 5, 1000, 3;
1, 256, 0, 1, 1, 1, 5, 1000, 3;
1, 256, 0, 1, 1, 1, 5, 1000, 3;
1, 256, 0, 0, 0, 0, 4, 999, 2;
1, 256, 0, -1, -1, -1, 4, 999, 2;
1, 256, 0, 0, 0, 0, 5, 1000, 3;
1, 256, 0, -1, -1, -1, 3, 998, 1;
1, 256, 0, 1, 1, 1, 5, 1000, 3;
1, 256, 0, 0, 0, 0, 5, 1000, 3;
1, 256, 0, 0, 0, 0, 4, 999, 2;
1, 256, 1, 1, 1, 1, 6, 1000, 4;
1, 256, 0, -1, -1, -1, 4, 999, 2;
1, 256, 0, 0, 0, 0, 5, 1000, 3;
1, 256, 0, 0, 0, 0, 4, 999, 2;
1, 256, 0, 0, 0, 0, 4, 999, 2;
1, 256, 0, 0, 0, 0, 4, 999, 2;
1, 256, 0, 0, 0, 0, 4, 999, 2;
1, 256, 0, 0, 0, 0, 4, 999, 2;
1, 256, 0, 0, 0, 0, 5, 1000, 3;
1, 256, 0, 0, 0, 0, 5, 1000, 3;
1, 256, 0, 0, 0, 0, 5, 1000, 3;
1, 256, 0, 0, 0, 0, 5, 1000, 3;
1, 256, 1, 1, 1, 1, 6, 1001, 4;
1, 256, 0, 0, 0, 0, 5, 1000, 3;
1, 256, 0, 0, 0, 0, 5, 1000, 3;
1, 256, 1, 1, 1, 1, 6, 1001, 4;
1, 256, 0, -1, -1, -1, 4, 999, 2;
1, 256, 1, 1, 1, 1, 5, 1000, 3;
1, 256, 0, 0, 0, 0, 4, 999, 2;
1, 256, 0, 0, 0, 0, 5, 1000, 3;
1, 256, 0, 0, 0, 0, 4, 999, 2;
1, 256, 0, 1, 1, 1, 5, 1000, 3;
1, 256, 0, -1, -1, -1, 4, 999, 2;
1, 256, 0, 0, 0, 0, 5, 1000, 3;
1, 256, 0, 0, 0, 0, 4, 999, 2;
1, 256, 0, 0, 0, 0, 4, 999, 2;
1, 256, 0, -1, -1, -1, 4, 999, 2;
0, 256, 0, -1, -1, -1, 3, 998, 1;
1, 256, 1, 1, 1, 1, 6, 1001, 4;
1, 256, 0, -1, -1, -1, 4, 999, 2;
1, 256, 1, 1, 1, 1, 6, 1001, 4;
1, 256, 0, 0, 0, 0, 4, 999, 2;
1, 256, 0, 0, 0, 0, 4, 999, 2;
1, 256, 0, -1, -1, -1, 4, 998, 1;
1, 256, 0, 0, 0, 0, 5, 1000, 3;
1, 256, 0, 0, 0, 0, 4, 999, 2;
1, 256, 0, -1, -1, -1, 4, 999, 2;
1, 256, 0, -1, -1, -1, 4, 998, 1;
1, 256, 0, 1, 1, 1, 5, 1000, 3;
1, 256, 0, 0, 0, 0, 4, 999, 2;
1, 256, 0, 0, 0, 0, 5, 1000, 3;
1, 256, 1, 1, 1, 1, 6, 1001, 4;
1, 256, 0, -1, -1, -1, 4, 999, 2;
1, 256, 0, 0, 0, 0, 5, 1000, 3;
1, 256, 1, 1, 1, 1, 5, 1000, 3;
1, 256, 1, 1, 1, 1, 6, 1001, 4;
1, 256, 0, 0, 0, 0, 5, 1000, 3;
1, 256, 0, -1, -1, -1, 4, 998, 2;
1, 256, 0, 0, 0, 0, 4, 999, 2;
1, 256, 0, -1, -1, -1, 4, 999, 2;
1, 256, 1, 1, 1, 1, 6, 1000, 4;
1, 256, 0, 0, 0, 0, 5, 1000, 3;
1, 256, 0, 0, 0, 0, 5, 1000, 3;
1, 256, 0, -1, -1, -1, 4, 999, 2;
1, 256, 0, -1, -1, -1, 3, 998, 1;
1, 256, 0, 1, 1, 1, 5, 1000, 3;
1, 256, 0, 0, 0, 0, 5, 1000, 3;
1, 256, 1, 1, 1, 1, 6, 1001, 4;
1, 256, 1, 1, 1, 1, 6, 1001, 4;
1, 256, 1, 1, 1, 1, 6, 1001, 4;
1, 256, 0, 0, 0, 0, 4, 999, 2;
1, 256, 1, 1, 1, 1, 6, 1001, 4;
1, 256, 0, 0, 0, 0, 4, 999, 2;
1, 256, 0, 0, 0, 0, 4, 999, 2;
1, 256, 0, -1, -1, -1, 4, 999, 2;
1, 256, 0, 0, 0, 0, 5, 1000, 3;
1, 256, 0, 1, 1, 1, 5, 1000, 3;
1, 256, 0, 0, 0, 0, 5, 1000, 3;
1, 256, 0, 0, 0, 0, 4, 999, 2;
1, 256, 1, 1, 1, 1, 5, 1000, 3;
1, 256, 0, -1, -1, -1, 3, 998, 1;
1, 256, 0, 0, 0, 0, 5, 1000, 3;
1, 256, 0, -1, -1, -1, 4, 999, 2;
1, 256, 0, 0, 0, 0, 5, 1000, 3;
1, 256, 0, 0, 0, 0, 5, 1000, 3;
1, 256, 0, -1, -1, -1, 4, 999, 2;
1, 256, 0, 0, 0, 0, 4, 999, 2;
1, 256, 1, 1, 1, 1, 6, 1000, 4;
1, 256, 0, -1, -1, -1, 3, 998, 1;
1, 256, 0, -1, -1, -1, 4, 998, 2;
1, 256, 0, 0, 0, 0, 4, 999, 2;
1, 256, 0, -1, -1, -1, 4, 998, 2;
1, 256, 0, -1, -1, -1, 4, 999, 2;
0, 256, 0, -1, -1, -1, 3, 998, 1;
1, 256, 0, -1, -1, -1, 4, 999, 2;
1, 256, 0, 0, 0, 0, 5, 1000, 3;
1, 256, 0, 0, 0, 0, 4, 999, 2;
1, 256, 0, 0, 0, 0, 4, 999, 2;
1, 256, 0, -1, -1, -1, 4, 999, 2;
1, 256, 0, 0, 0, 0, 5, 1000, 3;
1, 256, 0, 0, 0, 0, 4, 999, 2;
1, 256, 0, 1, 1, 1, 5, 1000, 3;
1, 256, 0, 0, 0, 0, 5, 1000, 3;
1, 256, 0, 0, 0, 0, 4, 999, 2;
1, 256, 0, 1, 1, 1, 5, 1000, 3;
1, 256, 1, 1, 1, 1, 6, 1001, 4;
1, 256, 0, 0, 0, 0, 4, 999, 2;
1, 256, 0, 0, 0, 0, 5, 1000, 3;
1, 256, 0, 0, 0, 0, 4, 999, 2;
1, 256, 0, 0, 0, 0, 5, 1000, 3;
1, 256, 0, 1, 1, 1, 5, 1000, 3;
1, 256, 1, 1, 1, 1, 6, 1001, 4;
1, 256, 0, 0, 0, 0, 5, 1000, 3;
1, 256, 0, 0, 0, 0, 4, 999, 2;
1, 256, 1, 1, 1, 1, 6, 1001, 4;
1, 256, 0, 0, 0, 0, 5, 1000, 3;
1, 256, 0, 0, 0, 0, 5, 999, 2;
1, 256, 0, 0, 0, 0, 5, 1000, 3;
1, 256, 0, -1, -1, -1, 4, 999, 2;
1, 256, 0, 0, 0, 0, 4, 999, 2;
1, 256, 0, -1, -1, -1, 4, 999, 2;
1, 256, 0, -1, -1, -1, 4, 999, 2;
1, 256, 0, 0, 0, 0, 5, 1000, 3;
1, 256, 0, 0, 0, 0, 4, 999, 2;
1, 256, 0, 0, 0, 0, 5, 1000, 3;
1, 256, 0, 0, 0, 0, 4, 999, 2;
1, 256, 0, 0, 0, 0, 5, 1000, 3;
1, 256, 0, -1, -1, -1, 4, 999, 2;
1, 256, 0, 0, 0, 0, 5, 999, 2;
1, 256, 0, -1, -1, -1, 4, 999, 2;
1, 256, 0, -1, -1, -1, 4, 999, 2;
1, 256, 0, 1, 1, 1, 5, 1000, 3;
1, 256, 1, 1, 1, 1, 6, 1001, 4;
1, 256, 1, 1, 1, 1, 6, 1000, 3;
1, 256, 1, 1, 1, 1, 6, 1001, 4;
1, 256, 0, 0, 0, 0, 5, 1000, 3;
1, 256, 0, 0, 0, 0, 5, 1000, 3;
1, 256, 1, 1, 1, 1, 6, 1000, 3;
1, 256, 0, -1, -1, -1, 4, 999, 2;
1, 256, 0, 0, 0, 0, 4, 999, 2;
1, 256, 1, 1, 1, 1, 5, 1000, 3;
1, 256, 0, 0, 0, 0, 4, 999, 2;
1, 256, 0, 0, 0, 0, 4, 999, 2;
1, 256, 0, 0, 0, 0, 5, 1000, 3;
1, 256, 0, 1, 1, 1, 5, 1000, 3;
1, 256, 0, 0, 0, 0, 5, 1000, 3;
1, 256, 0, -1, -1, -1, 4, 999, 2;
1, 256, 0, 0, 0, 0, 4, 999, 2;
1, 256, 0, -1, -1, -1, 4, 999, 2;
1, 256, 1, 1, 1, 1, 6, 1000, 3;
1, 256, 0, 1, 1, 1, 5, 1000, 3;
1, 256, 0, 1, 1, 1, 5, 1000, 3;
1, 256, 1, 1, 1, 1, 6, 1001, 4;
1, 256, 1, 1, 1, 1, 6, 1001, 4;
1, 256, 0, 1, 1, 1, 5, 1000, 3;
1, 256, 1, 1, 1, 1, 6, 1000, 3;
1, 256, 0, -1, -1, -1, 4, 999, 2;
1, 256, 1, 1, 1, 1, 5, 1000, 3;
1, 256, 0, -1, -1, -1, 4, 999, 2;
0, 256, 0, -1, -1, -1, 3, 998, 1;
1, 256, 0, 0, 0, 0, 5, 1000, 3;
1, 256, 0, -1, -1, -1, 4, 999, 2;
1, 256, 0, 1, 1, 1, 5, 1000, 3;
1, 256, 0, 0, 0, 0, 5, 999, 3;
1, 256, 0, 0, 0, 0, 5, 1000, 3;
1, 256, 0, 0, 0, 0, 4, 999, 2;
1, 256, 0, 0, 0, 0, 5, 1000, 3;
1, 256, 0, 1, 1, 1, 5, 1000, 3;
1, 256, 0, 0, 0, 0, 4, 999, 2;
1, 256, 0, 0, 0, 0, 5, 1000, 3;
1, 256, 1, 1, 1, 1, 6, 1001, 4;
1, 256, 0, 0, 0, 0, 5, 1000, 3;
1, 256, 0, 0, 0, 0, 4, 999, 2;
1, 256, 0, -1, -1, -1, 4, 999, 2;
1, 256, 0, 0, 0, 0, 5, 999, 3;
1, 256, 0, 0, 0, 0, 5, 999, 3;
1, 256, 0, -1, -1, -1, 4, 998, 2;
1, 256, 1, 1, 1, 1, 6, 1001, 4;
1, 256, 1, 1, 1, 1, 6, 1001, 4;
1, 256, 0, 0, 0, 0, 5, 1000, 3;
1, 256, 0, -1, -1, -1, 4, 998, 2;
1, 256, 0, -1, -1, -1, 4, 999, 2;
1, 256, 0, -1, -1, -1, 4, 998, 2;
1, 256, 0, 0, 0, 0, 5, 1000, 3;
1, 256, 1, 1, 1, 1, 6, 1001, 4;
1, 256, 0, 0, 0, 0, 5, 1000, 3;
1, 256, 0, 0, 0, 0, 5, 1000, 3;
1, 256, 0, 0, 0, 0, 5, 1000, 3;
1, 256, 0, 0, 0, 0, 4, 999, 2;
1, 256, 0, 1, 1, 1, 5, 1000, 3;
1, 256, 0, 0, 0, 0, 4, 999, 2;
1, 256, 0, -1, -1, -1, 4, 999, 2;
1, 256, 0, 1, 1, 1, 5, 1000, 3;
1, 256, 0, 1, 1, 1, 5, 1000, 3;
1, 256, 0, 0, 0, 0, 5, 1000, 3;
1, 256, 1, 1, 1, 1, 6, 1000, 4;
1, 256, 0, 0, 0, 0, 5, 999, 2;
1, 256, 0, -1, -1, -1, 4, 998, 1;
1, 256, 0, 0, 0, 0, 4, 999, 2;
1, 256, 0, 0, 0, 0, 5, 1000, 3;
1, 256, 0, -1, -1, -1, 4, 999, 2;
1, 256, 0, -1, -1, -1, 4, 998, 1;
1, 256, 0, -1, -1, -1, 4, 999, 2;
1, 256, 0, -1, -1, -1, 3, 998, 1;
1, 256, 0, 0, 0, 0, 4, 999, 2;
1, 256, 0, -1, -1, -1, 4, 999, 2;
1, 256, 0, -1, -1, -1, 4, 998, 1;
1, 256, 0, 0, 0, 0, 5, 1000, 3;
1, 256, 0, 1, 1, 1, 5, 1000, 3;
1, 256, 0, 1, 1, 1, 5, 1000, 3;
1, 256, 0, -1, -1, -1, 4, 999, 2;
1, 256, 0, -1, -1, -1, 4, 999, 2;
1, 256, 0, -1, -1, -1, 4, 999, 2;
1, 256, 0, 0, 0, 0, 5, 1000, 3;
1, 256, 0, 0, 0, 0, 4, 999, 2;
1, 256, 0, -1, -1, -1, 3, 998, 1;
1, 256, 1, 1, 1, 1, 6, 1000, 4;
1, 256, 1, 1, 1, 1, 6, 1001, 4;
1, 256, 0, -1, -1, -1, 3, 998, 1;
1, 256, 1, 1, 1, 1, 6, 1001, 4;
1, 256, 0, 0, 0, 0, 4, 999, 2;
1, 256, 0, 0, 0, 0, 4, 999, 2;
1, 256, 1, 1, 1, 1, 6, 1000, 3;
1, 256, 0, -1, -1, -1, 3, 998, 1;
1, 256, 0, 0, 0, 0, 5, 999, 3;
1, 256, 1, 1, 1, 1, 6, 1001, 4;
1, 256, 0, 0, 0, 0, 4, 999, 2;
1, 256, 0, 0, 0, 0, 4, 999, 2;
1, 256, 0, -1, -1, -1, 4, 999, 2;
1, 256, 1, 1, 1, 1, 6, 1001, 4;
1, 256, 0, 0, 0, 0, 4, 999, 2;
1, 256, 0, -1, -1, -1, 4, 999, 2;
1, 256, 0, -1, -1, -1, 3, 998, 1;
1, 256, 0, 0, 0, 0, 4, 999, 2;
1, 256, 0, 0, 0, 0, 5, 1000, 3;
1, 256, 0, 0, 0, 0, 4, 999, 2;
1, 256, 0, 0, 0, 0, 4, 999, 2;
1, 256, 0, 0, 0, 0, 5, 1000, 3;
1, 256, 0, -1, -1, -1, 4, 999, 2;
1, 256, 0, -1, -1, -1, 4, 999, 2;
1, 256, 0, 0, 0, 0, 4, 999, 2;
1, 256, 0, 1, 1, 1, 5, 1000, 3;
1, 256, 0, 0, 0, 0, 4, 999, 2;
1, 256, 0, -1, -1, -1, 3, 998, 1;
1, 256, 0, 0, 0, 0, 5, 1000, 3;
1, 256, 0, 0, 0, 0, 4, 999, 2;
1, 256, 0, 0, 0, 0, 5, 1000, 3;
1, 256, 0, 1, 1, 1, 5, 1000, 3;
1, 256, 1, 1, 1, 1, 5, 1000, 3;
1, 256, 0, 0, 0, 0, 4, 999, 2;
1, 256, 0, 0, 0, 0, 5, 1000, 3;
1, 256, 0, -1, -1, -1, 4, 999, 2;
1, 256, 0, 0, 0, 0, 5, 1000, 3;
1, 256, 0, 0, 0, 0, 5, 1000, 3;
1, 256, 0, -1, -1, -1, 4, 998, 2;
1, 256, 0, 0, 0, 0, 4, 999, 2;
1, 256, 0, 0, 0, 0, 4, 999, 2;
1, 256, 0, 0, 0, 0, 5, 1000, 3;
1, 256, 0, 0, 0, 0, 5, 1000, 3;
1, 256, 0, 1, 1, 1, 5, 1000, 3;
1, 256, 0, 0, 0, 0, 4, 999, 2;
1, 256, 0, 0, 0, 0, 5, 1000, 3;
1, 256, 0, 0, 0, 0, 5, 1000, 3;
1, 256, 0, 0, 0, 0, 5, 1000, 3;
1, 256, 0, -1, -1, -1, 4, 999, 2;
1, 256, 0, 0, 0, 0, 5, 1000, 3;
1, 256, 0, 0, 0, 0, 5, 999, 3;
1, 256, 0, -1, -1, -1, 4, 998, 2;
0, 256, 0, -1, -1, -1, 3, 998, 1;
1, 256, 1, 1, 1, 1, 6, 1001, 4;
0, 256, 0, -1, -1, -1, 3, 998, 1;
1, 256, 0, 0, 0, 0, 4, 999, 2;
1, 256, 0, -1, -1, -1, 4, 999, 2;
1, 256, 0, 0, 0, 0, 5, 999, 3;
1, 256, 1, 1, 1, 1, 5, 1000, 3;
1, 256, 0, 0, 0, 0, 4, 999, 2;
1, 256, 1, 1, 1, 1, 6, 1001, 4;
1, 256, 0, 0, 0, 0, 5, 1000, 3;
1, 256, 0, 0, 0, 0, 5, 1000, 3;
1, 256, 0, 0, 0, 0, 5, 1000, 3;
1, 256, 0, 0, 0, 0, 4, 999, 2;
1, 256, 0, -1, -1, -1, 3, 998, 1;
1, 256, 0, 0, 0, 0, 5, 1000, 3;
1, 256, 1, 1, 1, 1, 6, 1001, 4;
1, 256, 0, 0, 0, 0, 5, 1000, 3;
1, 256, 0, -1, -1, -1, 4, 999, 2;
1, 256, 0, 0, 0, 0, 4, 999, 2;
1, 256, 0, -1, -1, -1, 4, 998, 2;
1, 256, 0, -1, -1, -1, 4, 999, 2;
1, 256, 0, 0, 0, 0, 5, 1000, 3;
1, 256, 0, 0, 0, 0, 5, 1000, 3;
1, 256, 0, 0, 0, 0, 5, 1000, 3;
1, 256, 0, 0, 0, 0, 5, 999, 3;
1, 256, 0, -1, -1, -1, 3, 998, 1;
1, 256, 1, 1, 1, 1, 6, 1001, 4;
1, 256, 0, 0, 0, 0, 5, 1000, 3;
1, 256, 0, 0, 0, 0, 4, 999, 2;
1, 256, 0, 1, 1, 1, 5, 1000, 3;
1, 256, 0, -1, -1, -1, 4, 999, 2;
1, 256, 0, 0, 0, 0, 5, 1000, 3;
1, 256, 0, -1, -1, -1, 3, 998, 1;
1, 256, 0, -1, -1, -1, 4, 999, 2;
1, 256, 0, 0, 0, 0, 5, 1000, 3;
1, 256, 0, 0, 0, 0, 4, 999, 2;
1, 256, 0, -1, -1, -1, 3, 998, 1;
1, 256, 0, 0, 0, 0, 4, 999, 2;
1, 256, 0, -1, -1, -1, 4, 999, 2;
1, 256, 0, 0, 0, 0, 5, 1000, 3;
1, 256, 0, 0, 0, 0, 5, 1000, 3;
1, 256, 1, 1, 1, 1, 6, 1001, 4;
1, 256, 0, 0, 0, 0, 4, 999, 2;
1, 256, 0, 0, 0, 0, 4, 999, 2;
0, 256, 0, -1, -1, -1, 3, 998, 1;
1, 256, 0, -1, -1, -1, 4, 999, 2;
1, 256, 0, 0, 0, 0, 5, 1000, 3;
1, 256, 0, 0, 0, 0, 5, 1000, 3;
1, 256, 1, 1, 1, 1, 6, 1001, 4;
1, 256, 0, 0, 0, 0, 4, 999, 2;
1, 256, 0, 0, 0, 0, 5, 1000, 3;
1, 256, 1, 1, 1, 1, 6, 1000, 4;
1, 256, 0, 0, 0, 0, 5, 1000, 3;
1, 256, 0, -1, -1, -1, 4, 999, 2;
1, 256, 1, 1, 1, 1, 6, 1000, 3;
1, 256, 0, -1, -1, -1, 4, 999, 2;
1, 256, 0, -1, -1, -1, 3, 998, 1;
1, 256, 0, 0, 0, 0, 5, 1000, 3;
1, 256, 0, 0, 0, 0, 5, 1000, 3;
1, 256, 1, 1, 1, 1, 6, 1000, 3;
1, 256, 0, 0, 0, 0, 4, 999, 2;
1, 256, 0, 0, 0, 0, 5, 1000, 3;
1, 256, 0, 0, 0, 0, 5, 999, 3;
1, 256, 0, -1, -1, -1, 3, 998, 1;
1, 256, 0, 0, 0, 0, 4, 999, 2;
1, 256, 0, 0, 0, 0, 4, 999, 2;
0, 256, 0, -1, -1, -1, 3, 998, 1;
1, 256, 0, 0, 0, 0, 4, 999, 2;
1, 256, 0, 0, 0, 0, 4, 999, 2;
1, 256, 0, 0, 0, 0, 5, 1000, 3;
1, 256, 0, -1, -1, -1, 4, 998, 2;
1, 256, 0, -1, -1, -1, 3, 998, 1;
1, 256, 0, 0, 0, 0, 4, 999, 2;
1, 256, 0, 0, 0, 0, 5, 1000, 3;
1, 256, 0, -1, -1, -1, 4, 999, 2;
1, 256, 0, 0, 0, 0, 4, 999, 2;
1, 256, 0, 0, 0, 0, 4, 999, 2;
1, 256, 1, 1, 1, 1, 6, 1001, 4;
1, 256, 0, 0, 0, 0, 5, 1000, 3;
1, 256, 0, 0, 0, 0, 4, 999, 2;
1, 256, 0, -1, -1, -1, 3, 998, 1;
1, 256, 0, -1, -1, -1, 3, 998, 1;
1, 256, 1, 1, 1, 1, 6, 1001, 4;
1, 256, 0, 0, 0, 0, 4, 999, 2;
1, 256, 0, 0, 0, 0, 4, 999, 2;
1, 256, 0, 0, 0, 0, 5, 1000, 3;
1, 256, 0, 0, 0, 0, 4, 999, 2;
1, 256, 0, -1, -1, -1, 4, 998, 2;
1, 256, 0, -1, -1, -1, 4, 999, 2;
1, 256, 1, 1, 1, 1, 6, 1000, 3;
1, 256, 0, 1, 1, 1, 5, 1000, 3;
1, 256, 1, 1, 1, 1, 6, 1000, 3;
1, 256, 0, -1, -1, -1, 4, 999, 2;
1, 256, 0, 0, 0, 0, 4, 999, 2;
1, 256, 0, 0, 0, 0, 5, 1000, 3;
1, 256, 1, 1, 1, 1, 6, 1001, 4;
1, 256, 0, 0, 0, 0, 5, 1000, 3;
1, 256, 0, -1, -1, -1, 4, 999, 2;
1, 256, 0, -1, -1, -1, 4, 999, 2;
1, 256, 0, -1, -1, -1, 3, 998, 1;
1, 256, 0, 0, 0, 0, 5, 1000, 3;
1, 256, 0, 0, 0, 0, 4, 999, 2;
1, 256, 0, -1, -1, -1, 4, 998, 1;
1, 256, 0, 0, 0, 0, 5, 1000, 3;
1, 256, 0, 0, 0, 0, 4, 999, 2;
1, 256, 0, 0, 0, 0, 5, 1000, 3;
1, 256, 0, 0, 0, 0, 5, 1000, 3;
1, 256, 1, 1, 1, 1, 5, 1000, 3;
1, 256, 0, 0, 0, 0, 5, 1000, 3;
1, 256, 0, 0, 0, 0, 4, 999, 2;
1, 256, 0, 0, 0, 0, 5, 1000, 3;
1, 256, 0, 0, 0, 0, 5, 1000, 3;
1, 256, 0, 0, 0, 0, 4, 999, 2;
1, 256, 0, 0, 0, 0, 4, 999, 2;
1, 256, 0, 0, 0, 0, 4, 999, 2;
1, 256, 0, 0, 0, 0, 4, 999, 2;
1, 256, 0, -1, -1, -1, 4, 998, 1;
1, 256, 0, 0, 0, 0, 5, 1000, 3;
1, 256, 0, 0, 0, 0, 4, 999, 2;
1, 256, 0, 1, 1, 1, 5, 1000, 3;
1, 256, 0, 0, 0, 0, 4, 999, 2;
1, 256, 0, 0, 0, 0, 4, 999, 2;
1, 256, 0, 1, 1, 1, 5, 1000, 3;
1, 256, 0, -1, -1, -1, 3, 998, 1;
1, 256, 0, 0, 0, 0, 5, 1000, 3;
1, 256, 0, 0, 0, 0, 5, 1000, 3;
1, 256, 0, -1, -1, -1, 4, 999, 2;
1, 256, 0, 1, 1, 1, 5, 1000, 3;
1, 256, 0, 0, 0, 0, 5, 1000, 3;
1, 256, 0, 0, 0, 0, 4, 999, 2;
1, 256, 1, 1, 1, 1, 5, 1000, 3;
1, 256, 0, 0, 0, 0, 4, 999, 2;
1, 256, 0, 0, 0, 0, 5, 999, 2;
1, 256, 0, 0, 0, 0, 4, 999, 2;
1, 256, 0, 0, 0, 0, 4, 999, 2;
1, 256, 0, -1, -1, -1, 4, 999, 2;
1, 256, 0, -1, -1, -1, 3, 998, 1;
1, 256, 0, -1, -1, -1, 3, 998, 1;
1, 256, 0, 0, 0, 0, 4, 999, 2;
1, 256, 0, 0, 0, 0, 4, 999, 2;
1, 256, 0, 0, 0, 0, 5, 1000, 3;
1, 256, 0, 0, 0, 0, 5, 1000, 3;
1, 256, 0, -1, -1, -1, 4, 999, 2;
1, 256, 0, 1, 1, 1, 5, 1000, 3;
1, 256, 0, 0, 0, 0, 5, 1000, 3;
1, 256, 0, -1, -1, -1, 4, 999, 2;
1, 256, 0, 0, 0, 0, 4, 999, 2;
1, 256, 1, 1, 1, 1, 6, 1001, 4;
1, 256, 1, 1, 1, 1, 6, 1000, 4;
1, 256, 0, 1, 1, 1, 5, 1000, 3;
1, 256, 0, 0, 0, 0, 4, 999, 2;
1, 256, 0, -1, -1, -1, 4, 999, 2;
1, 256, 0, -1, -1, -1, 4, 999, 2;
1, 256, 0, 1, 1, 1, 5, 1000, 3;
1, 256, 1, 1, 1, 1, 6, 1001, 4;
1, 256, 0, 0, 0, 0, 5, 1000, 3;
1, 256, 0, 0, 0, 0, 5, 1000, 3;
1, 256, 0, 0, 0, 0, 5, 999, 3;
1, 256, 0, 0, 0, 0, 5, 1000, 3;
1, 256, 0, 0, 0, 0, 4, 999, 2;
1, 256, 0, 0, 0, 0, 5, 1000, 3;
1, 256, 0, 0, 0, 0, 4, 999, 2;
1, 256, 0, 0, 0, 0, 4, 999, 2;
1, 256, 0, 0, 0, 0, 4, 999, 2;
1, 256, 1, 1, 1, 1, 6, 1000, 3;
1, 256, 0, 1, 1, 1, 5, 1000, 3;
1, 256, 1, 1, 1, 1, 6, 1000, 3;
1, 256, 0, -1, -1, -1, 4, 999, 2;
1, 256, 1, 1, 1, 1, 6, 1000, 3;
1, 256, 0, -1, -1, -1, 4, 998, 1;
1, 256, 0, 0, 0, 0, 5, 999, 3;
1, 256, 0, 0, 0, 0, 5, 1000, 3;
1, 256, 0, -1, -1, -1, 4, 999, 2;
1, 256, 0, 0, 0, 0, 5, 1000, 3;
1, 256, 0, 0, 0, 0, 4, 999, 2;
1, 256, 0, -1, -1, -1, 4, 998, 2;
1, 256, 0, 0, 0, 0, 4, 999, 2;
1, 256, 0, 0, 0, 0, 5, 1000, 3;
1, 256, 0, -1, -1, -1, 4, 998, 2;
1, 256, 0, 1, 1, 1, 5, 1000, 3;
1, 256, 0, -1, -1, -1, 4, 998, 2;
1, 256, 0, 0, 0, 0, 5, 1000, 3;
1, 256, 0, -1, -1, -1, 3, 998, 1;
1, 256, 0, 0, 0, 0, 5, 999, 3;
1, 256, 0, 0, 0, 0, 4, 999, 2;
1, 256, 0, 0, 0, 0, 5, 999, 3;
1, 256, 0, 0, 0, 0, 5, 1000, 3;
1, 256, 1, 1, 1, 1, 5, 1000, 3;
1, 256, 1, 1, 1, 1, 5, 1000, 3;
1, 256, 0, 0, 0, 0, 4, 999, 2;
1, 256, 0, -1, -1, -1, 4, 999, 2;
1, 256, 0, -1, -1, -1, 4, 999, 2;
1, 256, 0, 0, 0, 0, 4, 999, 2;
0, 256, 0, -1, -1, -1, 3, 998, 1;
1, 256, 1, 1, 1, 1, 6, 1000, 3;
1, 256, 0, 0, 0, 0, 5, 999, 2;
1, 256, 0, 0, 0, 0, 5, 1000, 3;
1, 256, 0, 1, 1, 1, 5, 1000, 3;
1, 256, 0, -1, -1, -1, 4, 999, 2;
1, 256, 1, 1, 1, 1, 6, 1001, 4;
1, 256, 0, 0, 0, 0, 4, 999, 2;
1, 256, 0, 1, 1, 1, 5, 1000, 3;
1, 256, 0, 1, 1, 1, 5, 1000, 3;
1, 256, 0, 0, 0, 0, 4, 999, 2;
1, 256, 0, -1, -1, -1, 4, 999, 2;
1, 256, 0, 0, 0, 0, 5, 1000, 3;
1, 256, 0, 0, 0, 0, 5, 999, 2;
1, 256, 0, -1, -1, -1, 4, 999, 2;
1, 256, 0, 0, 0, 0, 5, 1000, 3;
1, 256, 0, 0, 0, 0, 5, 1000, 3;
1, 256, 0, 0, 0, 0, 5, 1000, 3;
1, 256, 0, -1, -1, -1, 4, 999, 2;
1, 256, 0, 0, 0, 0, 4, 999, 2;
1, 256, 0, 1, 1, 1, 5, 1000, 3;
1, 256, 0, 0, 0, 0, 4, 999, 2;
1, 256, 0, 0, 0, 0, 4, 999, 2;
1, 256, 0, 1, 1, 1, 5, 1000, 3;
1, 256, 0, 0, 0, 0, 5, 1000, 3;
1, 256, 1, 1, 1, 1, 6, 1001, 4;
1, 256, 0, -1, -1, -1, 4, 999, 2;
1, 256, 1, 1, 1, 1, 6, 1000, 4;
1, 256, 0, -1, -1, -1, 4, 999, 2;
1, 256, 0, 0, 0, 0, 5, 1000, 3;
1, 256, 0, 0, 0, 0, 4, 999, 2;
1, 256, 0, 0, 0, 0, 4, 999, 2;
1, 256, 0, 0, 0, 0, 4, 999, 2;
1, 256, 0, 0, 0, 0, 4, 999, 2;
1, 256, 0, 0, 0, 0, 5, 1000, 3;
1, 256, 0, 0, 0, 0, 5, 1000, 3;
1, 256, 0, -1, -1, -1, 4, 998, 1;
1, 256, 0, 0, 0, 0, 4, 999, 2;
1, 256, 1, 1, 1, 1, 6, 1000, 4;
1, 256, 0, 0, 0, 0, 4, 999, 2;
1, 256, 1, 1, 1, 1, 5, 1000, 3;
1, 256, 0, 0, 0, 0, 5, 1000, 3;
1, 256, 0, 0, 0, 0, 5, 1000, 3;
1, 256, 0, -1, -1, -1, 4, 999, 2;
1, 256, 0, -1, -1, -1, 3, 998, 1;
1, 256, 0, 0, 0, 0, 5, 1000, 3;
1, 256, 0, 0, 0, 0, 5, 999, 2;
1, 256, 0, 1, 1, 1, 5, 1000, 3;
1, 256, 1, 1, 1, 1, 6, 1000, 4;
1, 256, 1, 1, 1, 1, 6, 1000, 3;
1, 256, 0, 1, 1, 1, 5, 1000, 3;
1, 256, 0, -1, -1, -1, 3, 998, 1;
1, 256, 0, 0, 0, 0, 5, 1000, 3;
1, 256, 0, -1, -1, -1, 4, 999, 2;
1, 256, 0, 0, 0, 0, 5, 1000, 3;
1, 256, 0, 0, 0, 0, 4, 999, 2;
1, 256, 0, -1, -1, -1, 4, 999, 2;
1, 256, 1, 1, 1, 1, 6, 1001, 4;
1, 256, 0, 0, 0, 0, 5, 1000, 3;
1, 256, 0, 0, 0, 0, 4, 999, 2;
1, 256, 0, 0, 0, 0, 5, 1000, 3;
1, 256, 0, -1, -1, -1, 4, 998, 2;
1, 256, 0, 0, 0, 0, 4, 999, 2;
1, 256, 0, -1, -1, -1, 4, 999, 2;
1, 256, 0, 0, 0, 0, 4, 999, 2;
1, 256, 0, -1, -1, -1, 4, 999, 2;
1, 256, 0, -1, -1, -1, 4, 999, 2;
1, 256, 1, 1, 1, 1, 5, 1000, 3;
1, 256, 0, -1, -1, -1, 4, 999, 2;
1, 256, 0, 1, 1, 1, 5, 1000, 3;
1, 256, 0, -1, -1, -1, 4, 999, 2;
1, 256, 0, 0, 0, 0, 5, 1000, 3;
1, 256, 0, 0, 0, 0, 4, 999, 2;
1, 256, 0, 0, 0, 0, 5, 1000, 3;
1, 256, 0, -1, -1, -1, 4, 999, 2;
1, 256, 1, 1, 1, 1, 5, 1000, 3;
1, 256, 1, 1, 1, 1, 6, 1000, 4;
1, 256, 0, 0, 0, 0, 4, 999, 2;
1, 256, 0, 0, 0, 0, 4, 999, 2;
1, 256, 0, 0, 0, 0, 5, 1000, 3;
1, 256, 1, 1, 1, 1, 6, 1000, 4;
1, 256, 0, 1, 1, 1, 5, 1000, 3;
1, 256, 0, 0, 0, 0, 4, 999, 2;
1, 256, 1, 1, 1, 1, 6, 1001, 4;
1, 256, 0, -1, -1, -1, 4, 999, 2;
1, 256, 0, 0, 0, 0, 4, 999, 2;
1, 256, 1, 1, 1, 1, 5, 1000, 3;
1, 256, 0, 0, 0, 0, 4, 999, 2;
1, 256, 0, 0, 0, 0, 4, 999, 2;
1, 256, 1, 1, 1, 1, 6, 1001, 4;
1, 256, 1, 1, 1, 1, 6, 1001, 4;
1, 256, 0, 0, 0, 0, 5, 1000, 3;
1, 256, 0, 0, 0, 0, 4, 999, 2;
1, 256, 0, 0, 0, 0, 5, 1000, 3;
1, 256, 1, 1, 1, 1, 6, 1001, 4;
1, 256, 0, -1, -1, -1, 4, 999, 2;
1, 256, 0, 0, 0, 0, 5, 1000, 3;
1, 256, 0, 0, 0, 0, 4, 999, 2;
1, 256, 0, 0, 0, 0, 5, 1000, 3;
1, 256, 1, 1, 1, 1, 5, 1000, 3;
1, 256, 0, -1, -1, -1, 4, 999, 2;
1, 256, 0, 0, 0, 0, 4, 999, 2;
1, 256, 0, 0, 0, 0, 5, 1000, 3;
1, 256, 0, 0, 0, 0, 4, 999, 2;
1, 256, 0, 0, 0, 0, 4, 999, 2;
1, 256, 0, -1, -1, -1, 4, 999, 2;
1, 256, 1, 1, 1, 1, 6, 1001, 4;
1, 256, 0, -1, -1, -1, 4, 999, 2;
1, 256, 0, 0, 0, 0, 5, 1000, 3;
1, 256, 1, 1, 1, 1, 6, 1001, 4;
1, 256, 0, 0, 0, 0, 5, 1000, 3;
1, 256, 0, -1, -1, -1, 3, 998, 1;
1, 256, 0, 0, 0, 0, 4, 999, 2;
1, 256, 1, 1, 1, 1, 6, 1000, 4;
1, 256, 0, -1, -1, -1, 4, 999, 2;
1, 256, 0, -1, -1, -1, 4, 999, 2;
1, 256, 1, 1, 1, 1, 6, 1001, 4;
1, 256, 0, 0, 0, 0, 4, 999, 2;
1, 256, 0, 0, 0, 0, 4, 999, 2;
1, 256, 0, 0, 0, 0, 4, 999, 2;
1, 256, 0, 1, 1, 1, 5, 1000, 3;
1, 256, 1, 1, 1, 1, 5, 1000, 3;
1, 256, 0, 0, 0, 0, 4, 999, 2;
1, 256, 0, -1, -1, -1, 4, 999, 2;
1, 256, 0, 0, 0, 0, 5, 1000, 3;
1, 256, 0, 0, 0, 0, 4, 999, 2;
1, 256, 0, -1, -1, -1, 4, 999, 2;
1, 256, 0, -1, -1, -1, 4, 999, 2;
1, 256, 1, 1, 1, 1, 6, 1000, 3;
1, 256, 0, -1, -1, -1, 4, 999, 2;
1, 256, 1, 1, 1, 1, 6, 1001, 4;
1, 256, 0, 0, 0, 0, 4, 999, 2;
1, 256, 0, 0, 0, 0, 5, 1000, 3;
1, 256, 1, 1, 1, 1, 5, 1000, 3;
1, 256, 0, 0, 0, 0, 5, 1000, 3;
1, 256, 1, 1, 1, 1, 6, 1001, 4;
1, 256, 0, 0, 0, 0, 5, 1000, 3;
1, 256, 0, -1, -1, -1, 4, 999, 2;
1, 256, 0, 0, 0, 0, 5, 1000, 3;
1, 256, 0, 0, 0, 0, 4, 999, 2;
1, 256, 1, 1, 1, 1, 5, 1000, 3;
1, 256, 0, -1, -1, -1, 4, 999, 2;
1, 256, 0, 1, 1, 1, 5, 1000, 3;
1, 256, 0, -1, -1, -1, 3, 998, 1;
0, 256, 0, -1, -1, -1, 3, 998, 1;
1, 256, 0, 0, 0, 0, 5, 1000, 3;
1, 256, 0, 0, 0, 0, 5, 999, 2;
1, 256, 1, 1, 1, 1, 6, 1001, 4;
1, 256, 0, -1, -1, -1, 4, 998, 1;
1, 256, 0, 0, 0, 0, 5, 1000, 3;
1, 256, 0, 0, 0, 0, 5, 1000, 3;
1, 256, 0, 0, 0, 0, 4, 999, 2;
1, 256, 1, 1, 1, 1, 5, 1000, 3;
1, 256, 0, -1, -1, -1, 4, 999, 2;
1, 256, 0, 0, 0, 0, 4, 999, 2;
1, 256, 1, 1, 1, 1, 6, 1001, 4;
1, 256, 0, 0, 0, 0, 4, 999, 2;
1, 256, 0, 0, 0, 0, 4, 999, 2;
1, 256, 0, 1, 1, 1, 5, 1000, 3;
1, 256, 0, 0, 0, 0, 4, 999, 2;
1, 256, 1, 1, 1, 1, 6, 1001, 4;
1, 256, 0, -1, -1, -1, 4, 999, 2;
1, 256, 1, 1, 1, 1, 6, 1000, 4;
1, 256, 0, 0, 0, 0, 5, 1000, 3;
1, 256, 0, 0, 0, 0, 4, 999, 2;
1, 256, 0, 1, 1, 1, 5, 1000, 3;
1, 256, 0, 0, 0, 0, 5, 1000, 3;
1, 256, 0, 1, 1, 1, 5, 1000, 3;
1, 256, 0, 0, 0, 0, 5, 1000, 3;
1, 256, 0, -1, -1, -1, 4, 999, 2;
1, 256, 1, 1, 1, 1, 6, 1001, 4;
1, 256, 0, 0, 0, 0, 4, 999, 2;
1, 256, 0, 0, 0, 0, 4, 999, 2;
1, 256, 0, -1, -1, -1, 3, 998, 1;
1, 256, 0, 0, 0, 0, 5, 999, 2;
1, 256, 0, 0, 0, 0, 5, 1000, 3;
1, 256, 1, 1, 1, 1, 6, 1000, 4;
1, 256, 1, 1, 1, 1, 6, 1000, 4;
1, 256, 0, 0, 0, 0, 4, 999, 2;
1, 256, 0, -1, -1, -1, 4, 999, 2;
1, 256, 0, -1, -1, -1, 4, 999, 2;
1, 256, 0, 0, 0, 0, 4, 999, 2;
1, 256, 0, -1, -1, -1, 3, 998, 1;
1, 256, 0, 0, 0, 0, 5, 1000, 3;
1, 256, 0, 0, 0, 0, 5, 1000, 3;
1, 256, 0, -1, -1, -1, 4, 999, 2;
1, 256, 0, 0, 0, 0, 4, 999, 2;
1, 256, 0, 0, 0, 0, 4, 999, 2;
1, 256, 0, -1, -1, -1, 3, 998, 1;
1, 256, 0, -1, -1, -1, 4, 999, 2;
1, 256, 0, 0, 0, 0, 4, 999, 2;
1, 256, 0, 0, 0, 0, 5, 1000, 3;
1, 256, 0, -1, -1, -1, 4, 998, 1;
1, 256, 0, -1, -1, -1, 4, 998, 2;
1, 256, 0, -1, -1, -1, 4, 999, 2;
1, 256, 0, 0, 0, 0, 5, 1000, 3;
1, 256, 0, 0, 0, 0, 5, 1000, 3;
1, 256, 0, 1, 1, 1, 5, 1000, 3;
1, 256, 1, 1, 1, 1, 6, 1001, 4;
1, 256, 0, 0, 0, 0, 5, 1000, 3;
1, 256, 1, 1, 1, 1, 6, 1001, 4;
1, 256, 0, 1, 1, 1, 5, 1000, 3;
1, 256, 0, -1, -1, -1, 4, 999, 2;
1, 256, 0, 0, 0, 0, 5, 1000, 3;
1, 256, 0, 0, 0, 0, 5, 1000, 3;
1, 256, 1, 1, 1, 1, 6, 1001, 4;
1, 256, 1, 1, 1, 1, 6, 1000, 4;
1, 256, 0, -1, -1, -1, 4, 999, 2;
1, 256, 0, 1, 1, 1, 5, 1000, 3;
1, 256, 0, -1, -1, -1, 4, 998, 2;
1, 256, 0, 0, 0, 0, 5, 1000, 3;
1, 256, 1, 1, 1, 1, 6, 1001, 4;
1, 256, 0, 0, 0, 0, 5, 1000, 3;
1, 256, 0, 0, 0, 0, 5, 1000, 3;
1, 256, 0, 0, 0, 0, 4, 999, 2;
1, 256, 0, 0, 0, 0, 4, 999, 2;
1, 256, 0, 0, 0, 0, 4, 999, 2;
1, 256, 0, 0, 0, 0, 5, 1000, 3;
1, 256, 0, -1, -1, -1, 3, 998, 1;
1, 256, 0, -1, -1, -1, 3, 998, 1;
1, 256, 0, -1, -1, -1, 4, 998, 1;
1, 256, 0, 0, 0, 0, 5, 999, 3;
1, 256, 1, 1, 1, 1, 6, 1000, 4;
1, 256, 0, 0, 0, 0, 5, 1000, 3;
1, 256, 1, 1, 1, 1, 6, 1000, 4;
1, 256, 0, 0, 0, 0, 4, 999, 2;
1, 256, 1, 1, 1, 1, 5, 1000, 3;
1, 256, 1, 1, 1, 1, 6, 1000, 4;
1, 256, 0, 0, 0, 0, 5, 1000, 3;
1, 256, 0, -1, -1, -1, 4, 999, 2;
1, 256, 0, 0, 0, 0, 5, 1000, 3;
1, 256, 0, 0, 0, 0, 5, 999, 2;
1, 256, 0, -1, -1, -1, 4, 999, 2;
1, 256, 1, 1, 1, 1, 5, 1000, 3;
1, 256, 0, 0, 0, 0, 4, 999, 2;
1, 256, 0, 0, 0, 0, 5, 1000, 3;
1, 256, 0, 0, 0, 0, 5, 999, 3;
1, 256, 1, 1, 1, 1, 6, 1001, 4;
1, 256, 0, -1, -1, -1, 4, 998, 2;
1, 256, 0, 0, 0, 0, 5, 1000, 3;
1, 256, 0, -1, -1, -1, 4, 999, 2;
1, 256, 0, 0, 0, 0, 4, 999, 2;
1, 256, 1, 1, 1, 1, 6, 1001, 4;
1, 256, 1, 1, 1, 1, 6, 1001, 4;
1, 256, 0, 0, 0, 0, 4, 999, 2;
1, 256, 0, 0, 0, 0, 4, 999, 2;
1, 256, 0, -1, -1, -1, 4, 999, 2;
1, 256, 0, 1, 1, 1, 5, 1000, 3;
1, 256, 0, 0, 0, 0, 5, 1000, 3;
1, 256, 0, 1, 1, 1, 5, 1000, 3;
1, 256, 0, 0, 0, 0, 5, 1000, 3;
1, 256, 0, 0, 0, 0, 4, 999, 2;
1, 256, 0, 0, 0, 0, 5, 1000, 3;
1, 256, 0, -1, -1, -1, 4, 999, 2;
1, 256, 0, 0, 0, 0, 5, 1000, 3;
1, 256, 0, 0, 0, 0, 5, 999, 2;
1, 256, 0, 0, 0, 0, 5, 1000, 3;
1, 256, 0, 0, 0, 0, 4, 999, 2;
1, 256, 0, 1, 1, 1, 5, 1000, 3;
1, 256, 0, -1, -1, -1, 4, 999, 2;
1, 256, 0, 0, 0, 0, 5, 1000, 3;
1, 256, 0, 1, 1, 1, 5, 1000, 3;
1, 256, 0, -1, -1, -1, 4, 998, 2;
1, 256, 0, 0, 0, 0, 4, 999, 2;
1, 256, 0, -1, -1, -1, 4, 999, 2;
1, 256, 0, -1, -1, -1, 4, 998, 2;
1, 256, 0, -1, -1, -1, 3, 998, 1;
1, 256, 0, 0, 0, 0, 5, 1000, 3;
1, 256, 0, 0, 0, 0, 5, 1000, 3;
1, 256, 0, 0, 0, 0, 4, 999, 2;
1, 256, 0, 0, 0, 0, 4, 999, 2;
1, 256, 0, 0, 0, 0, 5, 1000, 3;
1, 256, 0, -1, -1, -1, 4, 999, 2;
1, 256, 0, -1, -1, -1, 4, 999, 2;
1, 256, 0, 1, 1, 1, 5, 1000, 3;
1, 256, 0, 0, 0, 0, 5, 1000, 3;
1, 256, 0, 0, 0, 0, 5, 1000, 3;
1, 256, 0, -1, -1, -1, 4, 999, 2;
1, 256, 0, 0, 0, 0, 4, 999, 2;
1, 256, 0, 0, 0, 0, 4, 999, 2;
1, 256, 0, 0, 0, 0, 5, 999, 3;
1, 256, 1, 1, 1, 1, 6, 1000, 4;
1, 256, 0, 0, 0, 0, 4, 999, 2;
1, 256, 0, -1, -1, -1, 4, 999, 2;
1, 256, 0, -1, -1, -1, 4, 999, 2;
1, 256, 0, -1, -1, -1, 4, 998, 1;
1, 256, 0, -1, -1, -1, 4, 999, 2;
1, 256, 1, 1, 1, 1, 6, 1000, 4;
1, 256, 0, 0, 0, 0, 5, 1000, 3;
1, 256, 0, -1, -1, -1, 4, 999, 2;
1, 256, 0, 0, 0, 0, 4, 999, 2;
1, 256, 0, 0, 0, 0, 5, 1000, 3;
1, 256, 0, 0, 0, 0, 5, 1000, 3;
1, 256, 0, -1, -1, -1, 3, 998, 1;
1, 256, 0, 1, 1, 1, 5, 1000, 3;
1, 256, 0, 0, 0, 0, 4, 999, 2;
1, 256, 0, 0, 0, 0, 5, 1000, 3;
1, 256, 0, 0, 0, 0, 4, 999, 2;
1, 256, 1, 1, 1, 1, 6, 1001, 4;
1, 256, 0, 0, 0, 0, 5, 1000, 3;
1, 256, 0, 0, 0, 0, 4, 999, 2;
1, 256, 0, -1, -1, -1, 4, 999, 2;
1, 256, 0, -1, -1, -1, 4, 999, 2;
1, 256, 0, -1, -1, -1, 4, 999, 2;
1, 256, 1, 1, 1, 1, 6, 1000, 3;
1, 256, 0, -1, -1, -1, 4, 998, 1;
1, 256, 0, 0, 0, 0, 4, 999, 2;
1, 256, 0, 0, 0, 0, 5, 1000, 3;
1, 256, 0, -1, -1, -1, 4, 999, 2;
1, 256, 0, -1, -1, -1, 4, 999, 2;
1, 256, 0, 0, 0, 0, 5, 999, 3;
1, 256, 0, -1, -1, -1, 3, 998, 1;
1, 256, 0, 0, 0, 0, 4, 999, 2;
1, 256, 0, 0, 0, 0, 5, 999, 3;
1, 256, 0, -1, -1, -1, 4, 999, 2;
1, 256, 0, 0, 0, 0, 4, 999, 2;
1, 256, 0, 1, 1, 1, 5, 1000, 3;
1, 256, 0, 0, 0, 0, 4, 999, 2;
1, 256, 0, 0, 0, 0, 5, 1000, 3;
1, 256, 0, 0, 0, 0, 4, 999, 2;
1, 256, 0, 0, 0, 0, 5, 1000, 3;
1, 256, 1, 1, 1, 1, 6, 1001, 4;
1, 256, 0, 0, 0, 0, 4, 999, 2;
1, 256, 0, -1, -1, -1, 4, 998, 1;
1, 256, 0, 0, 0, 0, 5, 1000, 3;
1, 256, 0, 0, 0, 0, 5, 1000, 3;
1, 256, 1, 1, 1, 1, 6, 1001, 4;
1, 256, 0, 0, 0, 0, 4, 999, 2;
1, 256, 0, 0, 0, 0, 4, 999, 2;
1, 256, 0, 0, 0, 0, 5, 1000, 3;
1, 256, 0, 0, 0, 0, 4, 999, 2;
1, 256, 0, 0, 0, 0, 5, 999, 2;
1, 256, 0, 0, 0, 0, 5, 1000, 3;
1, 256, 0, 0, 0, 0, 5, 1000, 3;
1, 256, 0, 1, 1, 1, 5, 1000, 3;
1, 256, 0, 0, 0, 0, 5, 1000, 3;
1, 256, 0, 0, 0, 0, 5, 1000, 3;
1, 256, 0, -1, -1, -1, 4, 999, 2;
1, 256, 0, 0, 0, 0, 5, 999, 3;
1, 256, 0, 0, 0, 0, 5, 1000, 3;
1, 256, 0, -1, -1, -1, 4, 999, 2;
1, 256, 1, 1, 1, 1, 6, 1001, 4;
1, 256, 0, 0, 0, 0, 4, 999, 2;
1, 256, 0, 0, 0, 0, 5, 999, 2;
1, 256, 0, 0, 0, 0, 4, 999, 2;
1, 256, 0, 0, 0, 0, 5, 999, 3;
1, 256, 0, -1, -1, -1, 4, 999, 2;
1, 256, 1, 1, 1, 1, 6, 1000, 4;
1, 256, 0, -1, -1, -1, 4, 999, 2;
1, 256, 0, 1, 1, 1, 5, 1000, 3;
1, 256, 0, 0, 0, 0, 5, 1000, 3;
1, 256, 0, 0, 0, 0, 5, 999, 3;
1, 256, 0, 0, 0, 0, 5, 1000, 3;
1, 256, 0, 0, 0, 0, 5, 1000, 3;
1, 256, 0, 0, 0, 0, 5, 1000, 3;
1, 256, 0, 0, 0, 0, 5, 1000, 3;
1, 256, 0, 0, 0, 0, 5, 999, 3;
1, 256, 0, -1, -1, -1, 4, 999, 2;
1, 256, 1, 1, 1, 1, 6, 1001, 4;
1, 256, 0, 1, 1, 1, 5, 1000, 3;
1, 256, 0, 0, 0, 0, 4, 999, 2;
1, 256, 0, 0, 0, 0, 5, 1000, 3;
1, 256, 0, 1, 1, 1, 5, 1000, 3;
1, 256, 0, 0, 0, 0, 5, 1000, 3;
1, 256, 0, -1, -1, -1, 4, 999, 2;
1, 256, 0, 0, 0, 0, 4, 999, 2;
1, 256, 0, -1, -1, -1, 4, 999, 2;
1, 256, 0, 1, 1, 1, 5, 1000, 3;
1, 256, 0, 0, 0, 0, 5, 1000, 3;
1, 256, 0, 0, 0, 0, 4, 999, 2;
1, 256, 0, 1, 1, 1, 5, 1000, 3;
1, 256, 0, 0, 0, 0, 4, 999, 2;
1, 256, 0, -1, -1, -1, 4, 999, 2;
1, 256, 0, 0, 0, 0, 4, 999, 2;
1, 256, 0, -1, -1, -1, 4, 998, 2;
1, 256, 0, 0, 0, 0, 5, 1000, 3;
1, 256, 0, 0, 0, 0, 5, 1000, 3;
1, 256, 0, 0, 0, 0, 5, 1000, 3;
1, 256, 0, 0, 0, 0, 4, 999, 2;
1, 256, 0, 0, 0, 0, 5, 1000, 3;
1, 256, 0, 0, 0, 0, 5, 1000, 3;
1, 256, 1, 1, 1, 1, 6, 1000, 4;
1, 256, 0, 0, 0, 0, 5, 1000, 3;
1, 256, 1, 1, 1, 1, 6, 1000, 4;
1, 256, 0, -1, -1, -1, 3, 998, 1;
1, 256, 0, 1, 1, 1, 5, 1000, 3;
1, 256, 0, 0, 0, 0, 4, 999, 2;
1, 256, 1, 1, 1, 1, 6, 1000, 4;
1, 256, 0, 0, 0, 0, 5, 1000, 3;
1, 256, 0, -1, -1, -1, 4, 998, 2;
1, 256, 0, 0, 0, 0, 4, 999, 2;
1, 256, 0, 0, 0, 0, 4, 999, 2;
1, 256, 0, 0, 0, 0, 4, 999, 2;
1, 256, 0, 0, 0, 0, 5, 1000, 3;
1, 256, 1, 1, 1, 1, 6, 1001, 4;
1, 256, 0, 0, 0, 0, 5, 999, 3;
1, 256, 0, 0, 0, 0, 5, 999, 2;
1, 256, 0, 0, 0, 0, 5, 999, 2;
1, 256, 0, -1, -1, -1, 4, 999, 2;
1, 256, 0, -1, -1, -1, 4, 999, 2;
1, 256, 0, 1, 1, 1, 5, 1000, 3;
1, 256, 1, 1, 1, 1, 6, 1001, 4;
1, 256, 0, 0, 0, 0, 4, 999, 2;
1, 256, 0, -1, -1, -1, 4, 999, 2;
1, 256, 0, -1, -1, -1, 3, 998, 1;
1, 256, 0, 1, 1, 1, 5, 1000, 3;
1, 256, 0, 0, 0, 0, 5, 1000, 3;
1, 256, 0, 0, 0, 0, 4, 999, 2;
1, 256, 0, 1, 1, 1, 5, 1000, 3;
1, 256, 0, 0, 0, 0, 4, 999, 2;
1, 256, 1, 1, 1, 1, 6, 1001, 4;
1, 256, 0, 0, 0, 0, 5, 999, 2;
1, 256, 0, 0, 0, 0, 5, 1000, 3;
1, 256, 0, 1, 1, 1, 5, 1000, 3;
1, 256, 0, -1, -1, -1, 3, 998, 1;
1, 256, 0, 1, 1, 1, 5, 1000, 3;
1, 256, 0, -1, -1, -1, 3, 998, 1;
1, 256, 0, 1, 1, 1, 5, 1000, 3;
1, 256, 0, 0, 0, 0, 4, 999, 2;
1, 256, 0, -1, -1, -1, 4, 998, 2;
1, 256, 0, 0, 0, 0, 4, 999, 2;
1, 256, 0, 0, 0, 0, 4, 999, 2;
1, 256, 1, 1, 1, 1, 6, 1000, 4;
1, 256, 0, -1, -1, -1, 4, 999, 2;
1, 256, 0, 0, 0, 0, 4, 999, 2;
1, 256, 0, 0, 0, 0, 4, 999, 2;
1, 256, 0, -1, -1, -1, 3, 998, 1;
1, 256, 0, 0, 0, 0, 5, 1000, 3;
1, 256, 0, 0, 0, 0, 4, 999, 2;
1, 256, 0, 0, 0, 0, 5, 1000, 3;
1, 256, 0, 0, 0, 0, 4, 999, 2;
1, 256, 0, 0, 0, 0, 5, 1000, 3;
1, 256, 0, 0, 0, 0, 5, 1000, 3;
1, 256, 0, 0, 0, 0, 5, 1000, 3;
1, 256, 0, -1, -1, -1, 4, 999, 2;
1, 256, 0, 0, 0, 0, 5, 1000, 3;
1, 256, 0, 0, 0, 0, 5, 1000, 3;
1, 256, 0, 0, 0, 0, 5, 1000, 3;
1, 256, 0, 1, 1, 1, 5, 1000, 3;
1, 256, 0, 0, 0, 0, 5, 1000, 3;
1, 256, 1, 1, 1, 1, 5, 1000, 3;
1, 256, 1, 1, 1, 1, 6, 1000, 4;
1, 256, 1, 1, 1, 1, 6, 1001, 4;
1, 256, 0, 0, 0, 0, 5, 1000, 3;
1, 256, 0, 0, 0, 0, 5, 1000, 3;
1, 256, 0, -1, -1, -1, 4, 999, 2;
1, 256, 0, 0, 0, 0, 5, 1000, 3;
1, 256, 0, 0, 0, 0, 5, 1000, 3;
1, 256, 0, 0, 0, 0, 5, 1000, 3;
1, 256, 0, -1, -1, -1, 4, 999, 2;
1, 256, 0, -1, -1, -1, 4, 998, 2;
1, 256, 1, 1, 1, 1, 6, 1001, 4;
1, 256, 1, 1, 1, 1, 6, 1000, 4;
1, 256, 0, 0, 0, 0, 5, 1000, 3;
1, 256, 0, 1, 1, 1, 5, 1000, 3;
1, 256, 0, 0, 0, 0, 5, 1000, 3;
0, 256, 0, -1, -1, -1, 3, 998, 1;
1, 256, 1, 1, 1, 1, 5, 1000, 3;
1, 256, 0, 0, 0, 0, 5, 1000, 3;
1, 256, 0, -1, -1, -1, 4, 999, 2;
1, 256, 1, 1, 1, 1, 6, 1001, 4;
1, 256, 1, 1, 1, 1, 6, 1001, 4;
1, 256, 0, 1, 1, 1, 5, 1000, 3;
1, 256, 0, 0, 0, 0, 5, 1000, 3;
1, 256, 1, 1, 1, 1, 6, 1000, 3;
1, 256, 0, 0, 0, 0, 5, 1000, 3;
1, 256, 1, 1, 1, 1, 6, 1001, 4;
1, 256, 0, 0, 0, 0, 4, 999, 2;
1, 256, 0, 0, 0, 0, 4, 999, 2;
1, 256, 0, 0, 0, 0, 5, 1000, 3;
1, 256, 0, 0, 0, 0, 4, 999, 2;
1, 256, 0, -1, -1, -1, 4, 999, 2;
1, 256, 0, -1, -1, -1, 4, 998, 2;
1, 256, 0, 0, 0, 0, 5, 1000, 3;
1, 256, 0, -1, -1, -1, 4, 999, 2;
1, 256, 0, 0, 0, 0, 5, 1000, 3;
1, 256, 0, 0, 0, 0, 4, 999, 2;
1, 256, 0, 0, 0, 0, 4, 999, 2;
1, 256, 0, 0, 0, 0, 5, 1000, 3;
1, 256, 0, 0, 0, 0, 5, 1000, 3;
1, 256, 0, 0, 0, 0, 4, 999, 2;
1, 256, 0, 1, 1, 1, 5, 1000, 3;
1, 256, 0, 0, 0, 0, 4, 999, 2;
1, 256, 1, 1, 1, 1, 6, 1001, 4;
1, 256, 0, 0, 0, 0, 5, 1000, 3;
1, 256, 0, 1, 1, 1, 5, 1000, 3;
1, 256, 0, -1, -1, -1, 4, 999, 2;
1, 256, 0, 0, 0, 0, 4, 999, 2;
1, 256, 1, 1, 1, 1, 6, 1000, 4;
1, 256, 1, 1, 1, 1, 6, 1001, 4;
1, 256, 0, 0, 0, 0, 4, 999, 2;
1, 256, 0, 0, 0, 0, 5, 1000, 3;
1, 256, 0, 0, 0, 0, 4, 999, 2;
1, 256, 1, 1, 1, 1, 5, 1000, 3;
1, 256, 0, 1, 1, 1, 5, 1000, 3;
1, 256, 1, 1, 1, 1, 6, 1001, 4;
1, 256, 1, 1, 1, 1, 6, 1000, 4;
1, 256, 1, 1, 1, 1, 6, 1001, 4;
1, 256, 1, 1, 1, 1, 5, 1000, 3;
1, 256, 0, -1, -1, -1, 4, 999, 2;
1, 256, 0, 0, 0, 0, 4, 999, 2;
1, 256, 0, -1, -1, -1, 3, 998, 1;
1, 256, 1, 1, 1, 1, 6, 1000, 3;
1, 256, 0, 0, 0, 0, 5, 999, 3;
1, 256, 0, 0, 0, 0, 4, 999, 2;
1, 256, 1, 1, 1, 1, 6, 1001, 4;
1, 256, 0, 1, 1, 1, 5, 1000, 3;
1, 256, 0, 0, 0, 0, 5, 1000, 3;
1, 256, 0, 0, 0, 0, 5, 1000, 3;
1, 256, 0, 1, 1, 1, 5, 1000, 3;
1, 256, 1, 1, 1, 1, 6, 1001, 4;
1, 256, 0, 0, 0, 0, 4, 999, 2;
1, 256, 0, 0, 0, 0, 4, 999, 2;
1, 256, 0, -1, -1, -1, 4, 999, 2;
1, 256, 0, -1, -1, -1, 4, 998, 1;
1, 256, 0, -1, -1, -1, 4, 999, 2;
1, 256, 0, -1, -1, -1, 4, 999, 2;
1, 256, 0, 0, 0, 0, 5, 1000, 3;
1, 256, 0, 0, 0, 0, 4, 999, 2;
1, 256, 0, 0, 0, 0, 5, 1000, 3;
1, 256, 0, 0, 0, 0, 4, 999, 2;
1, 256, 0, 0, 0, 0, 4, 999, 2;
1, 256, 0, -1, -1, -1, 4, 999, 2;
1, 256, 0, -1, -1, -1, 4, 998, 2;
1, 256, 0, 0, 0, 0, 5, 999, 3;
1, 256, 0, 0, 0, 0, 5, 1000, 3;
1, 256, 0, 0, 0, 0, 4, 999, 2;
1, 256, 0, 0, 0, 0, 5, 999, 2;
1, 256, 0, 0, 0, 0, 4, 999, 2;
1, 256, 0, 0, 0, 0, 5, 1000, 3;
1, 256, 0, -1, -1, -1, 4, 999, 2;
1, 256, 0, 0, 0, 0, 4, 999, 2;
1, 256, 0, 1, 1, 1, 5, 1000, 3;
1, 256, 1, 1, 1, 1, 6, 1000, 4;
1, 256, 0, 0, 0, 0, 4, 999, 2;
1, 256, 0, 0, 0, 0, 4, 999, 2;
1, 256, 0, 1, 1, 1, 5, 1000, 3;
1, 256, 0, -1, -1, -1, 4, 999, 2;
1, 256, 0, 0, 0, 0, 5, 1000, 3;
1, 256, 0, -1, -1, -1, 4, 998, 2;
1, 256, 0, 0, 0, 0, 5, 1000, 3;
1, 256, 1, 1, 1, 1, 6, 1000, 3;
1, 256, 0, -1, -1, -1, 4, 998, 1;
1, 256, 0, 0, 0, 0, 4, 999, 2;
1, 256, 0, -1, -1, -1, 4, 999, 2;
1, 256, 0, -1, -1, -1, 4, 998, 1;
1, 256, 0, -1, -1, -1, 4, 999, 2;
1, 256, 0, 0, 0, 0, 5, 1000, 3;
1, 256, 0, 0, 0, 0, 4, 999, 2;
1, 256, 0, 1, 1, 1, 5, 1000, 3;
1, 256, 0, 0, 0, 0, 5, 1000, 3;
1, 256, 1, 1, 1, 1, 6, 1001, 4;
1, 256, 0, 0, 0, 0, 5, 1000, 3;
1, 256, 0, -1, -1, -1, 4, 999, 2;
1, 256, 1, 1, 1, 1, 6, 1001, 4;
0, 256, 0, -1, -1, -1, 3, 998, 1;
1, 256, 0, 0, 0, 0, 5, 1000, 3;
1, 256, 0, 0, 0, 0, 5, 1000, 3;
1, 256, 0, 0, 0, 0, 5, 1000, 3;
1, 256, 0, 0, 0, 0, 5, 1000, 3;
1, 256, 0, 0, 0, 0, 5, 1000, 3;
1, 256, 0, -1, -1, -1, 3, 998, 1;
1, 256, 0, -1, -1, -1, 3, 998, 1;
1, 256, 1, 1, 1, 1, 6, 1001, 4;
1, 256, 1, 1, 1, 1, 6, 1001, 4;
1, 256, 1, 1, 1, 1, 5, 1000, 3;
1, 256, 0, 1, 1, 1, 5, 1000, 3;
1, 256, 0, 0, 0, 0, 4, 999, 2;
1, 256, 1, 1, 1, 1, 6, 1000, 4;
1, 256, 0, 0, 0, 0, 4, 999, 2;
1, 256, 1, 1, 1, 1, 6, 1001, 4;
1, 256, 0, 1, 1, 1, 5, 1000, 3;
1, 256, 0, -1, -1, -1, 4, 999, 2;
1, 256, 0, 0, 0, 0, 4, 999, 2;
1, 256, 0, 0, 0, 0, 5, 999, 3;
1, 256, 0, 0, 0, 0, 5, 999, 3;
1, 256, 0, 0, 0, 0, 4, 999, 2;
1, 256, 0, -1, -1, -1, 4, 999, 2;
1, 256, 0, 0, 0, 0, 5, 1000, 3;
1, 256, 0, -1, -1, -1, 3, 998, 1;
1, 256, 0, 0, 0, 0, 4, 999, 2;
1, 256, 0, 0, 0, 0, 4, 999, 2;
1, 256, 0, 0, 0, 0, 5, 1000, 3;
1, 256, 0, 1, 1, 1, 5, 1000, 3;
1, 256, 1, 1, 1, 1, 6, 1000, 4;
1, 256, 0, 1, 1, 1, 5, 1000, 3;
1, 256, 0, 0, 0, 0, 5, 1000, 3;
1, 256, 0, -1, -1, -1, 4, 999, 2;
1, 256, 0, 0, 0, 0, 4, 999, 2;
1, 256, 0, 0, 0, 0, 4, 999, 2;
1, 256, 0, -1, -1, -1, 4, 999, 2;
1, 256, 0, 0, 0, 0, 5, 1000, 3;
1, 256, 0, -1, -1, -1, 4, 999, 2;
1, 256, 0, 0, 0, 0, 5, 1000, 3;
1, 256, 0, -1, -1, -1, 4, 999, 2;
1, 256, 0, -1, -1, -1, 3, 998, 1;
0, 256, 0, -1, -1, -1, 3, 998, 1;
1, 256, 0, 0, 0, 0, 5, 999, 2;
1, 256, 0, 0, 0, 0, 5, 1000, 3;
1, 256, 1, 1, 1, 1, 6, 1001, 4;
1, 256, 0, 0, 0, 0, 4, 999, 2;
1, 256, 0, -1, -1, -1, 4, 999, 2;
1, 256, 0, 0, 0, 0, 5, 1000, 3;
1, 256, 0, -1, -1, -1, 4, 999, 2;
1, 256, 0, 0, 0, 0, 4, 999, 2;
1, 256, 0, 1, 1, 1, 5, 1000, 3;
1, 256, 0, 0, 0, 0, 5, 1000, 3;
1, 256, 0, 0, 0, 0, 5, 1000, 3;
1, 256, 1, 1, 1, 1, 6, 1000, 3;
1, 256, 1, 1, 1, 1, 6, 1001, 4;
1, 256, 0, 0, 0, 0, 5, 1000, 3;
1, 256, 0, 1, 1, 1, 5, 1000, 3;
1, 256, 0, -1, -1, -1, 4, 998, 1;
1, 256, 0, -1, -1, -1, 4, 999, 2;
1, 256, 0, 0, 0, 0, 4, 999, 2;
1, 256, 0, 0, 0, 0, 5, 1000, 3;
1, 256, 0, 0, 0, 0, 4, 999, 2;
1, 256, 0, 0, 0, 0, 4, 999, 2;
1, 256, 1, 1, 1, 1, 6, 1001, 4;
1, 256, 0, 0, 0, 0, 5, 1000, 3;
1, 256, 0, -1, -1, -1, 4, 999, 2;
1, 256, 0, -1, -1, -1, 4, 999, 2;
1, 256, 0, 0, 0, 0, 4, 999, 2;
1, 256, 0, -1, -1, -1, 4, 999, 2;
1, 256, 0, -1, -1, -1, 3, 998, 1;
1, 256, 1, 1, 1, 1, 6, 1001, 4;
1, 256, 0, 0, 0, 0, 4, 999, 2;
1, 256, 1, 1, 1, 1, 6, 1001, 4;
1, 256, 0, 0, 0, 0, 5, 1000, 3;
1, 256, 0, 0, 0, 0, 5, 1000, 3;
1, 256, 0, 0, 0, 0, 5, 1000, 3;
1, 256, 0, 0, 0, 0, 5, 1000, 3;
1, 256, 0, 0, 0, 0, 4, 999, 2;
1, 256, 0, 1, 1, 1, 5, 1000, 3;
1, 256, 0, 0, 0, 0, 4, 999, 2;
1, 256, 0, 0, 0, 0, 5, 1000, 3;
1, 256, 0, -1, -1, -1, 3, 998, 1;
1, 256, 0, 0, 0, 0, 5, 999, 2;
1, 256, 0, 1, 1, 1, 5, 1000, 3;
1, 256, 0, 0, 0, 0, 5, 1000, 3;
1, 256, 0, -1, -1, -1, 3, 998, 1;
1, 256, 0, 0, 0, 0, 5, 1000, 3;
1, 256, 1, 1, 1, 1, 6, 1001, 4;
1, 256, 0, 0, 0, 0, 4, 999, 2;
1, 256, 1, 1, 1, 1, 6, 1000, 3;
1, 256, 0, 0, 0, 0, 4, 999, 2;
1, 256, 0, 0, 0, 0, 5, 999, 3;
1, 256, 1, 1, 1, 1, 6, 1001, 4;
1, 256, 0, 0, 0, 0, 4, 999, 2;
1, 256, 0, 0, 0, 0, 5, 999, 3;
1, 256, 0, 0, 0, 0, 5, 999, 2;
1, 256, 0, 0, 0, 0, 5, 1000, 3;
1, 256, 0, 1, 1, 1, 5, 1000, 3;
1, 256, 1, 1, 1, 1, 6, 1000, 4;
1, 256, 0, -1, -1, -1, 4, 998, 2;
1, 256, 0, -1, -1, -1, 4, 999, 2;
1, 256, 0, 0, 0, 0, 5, 1000, 3;
1, 256, 0, 0, 0, 0, 4, 999, 2;
1, 256, 0, -1, -1, -1, 4, 999, 2;
1, 256, 0, 0, 0, 0, 5, 999, 2;
1, 256, 0, 0, 0, 0, 4, 999, 2;
1, 256, 0, 0, 0, 0, 4, 999, 2;
1, 256, 1, 1, 1, 1, 5, 1000, 3;
1, 256, 0, 1, 1, 1, 5, 1000, 3;
1, 256, 0, -1, -1, -1, 3, 998, 1;
1, 256, 0, 1, 1, 1, 5, 1000, 3;
1, 256, 0, 0, 0, 0, 5, 1000, 3;
1, 256, 0, 0, 0, 0, 5, 999, 3;
1, 256, 0, 0, 0, 0, 5, 1000, 3;
1, 256, 0, 0, 0, 0, 4, 999, 2;
1, 256, 1, 1, 1, 1, 6, 1001, 4;
1, 256, 0, 0, 0, 0, 5, 1000, 3;
1, 256, 0, -1, -1, -1, 4, 998, 2;
1, 256, 0, 1, 1, 1, 5, 1000, 3;
1, 256, 1, 1, 1, 1, 6, 1001, 4;
1, 256, 0, 1, 1, 1, 5, 1000, 3;
1, 256, 0, -1, -1, -1, 4, 998, 2;
1, 256, 0, 0, 0, 0, 4, 999, 2;
1, 256, 1, 1, 1, 1, 5, 1000, 3;
1, 256, 0, -1, -1, -1, 4, 999, 2;
1, 256, 0, 0, 0, 0, 5, 1000, 3;
1, 256, 0, 1, 1, 1, 5, 1000, 3;
1, 256, 0, 0, 0, 0, 5, 1000, 3;
1, 256, 1, 1, 1, 1, 6, 1000, 3;
1, 256, 0, -1, -1, -1, 4, 999, 2;
1, 256, 0, 0, 0, 0, 5, 1000, 3;
1, 256, 0, -1, -1, -1, 4, 999, 2;
1, 256, 0, 0, 0, 0, 5, 1000, 3;
1, 256, 0, 0, 0, 0, 5, 1000, 3;
1, 256, 0, 1, 1, 1, 5, 1000, 3;
1, 256, 0, 0, 0, 0, 5, 1000, 3;
1, 256, 0, 0, 0, 0, 4, 999, 2;
1, 256, 0, 1, 1, 1, 5, 1000, 3;
1, 256, 0, 0, 0, 0, 5, 1000, 3;
1, 256, 0, 0, 0, 0, 4, 999, 2;
1, 256, 0, 0, 0, 0, 5, 1000, 3;
1, 256, 0, 0, 0, 0, 5, 1000, 3;
1, 256, 0, -1, -1, -1, 4, 998, 1;
1, 256, 0, 0, 0, 0, 5, 1000, 3;
1, 256, 0, 0, 0, 0, 4, 999, 2;
1, 256, 0, 0, 0, 0, 4, 999, 2;
1, 256, 1, 1, 1, 1, 6, 1001, 4;
1, 256, 1, 1, 1, 1, 6, 1001, 4;
1, 256, 0, 1, 1, 1, 5, 1000, 3;
1, 256, 0, -1, -1, -1, 4, 999, 2;
1, 256, 0, -1, -1, -1, 4, 999, 2;
1, 256, 1, 1, 1, 1, 6, 1001, 4;
1, 256, 0, 0, 0, 0, 5, 1000, 3;
1, 256, 1, 1, 1, 1, 5, 1000, 3;
1, 256, 1, 1, 1, 1, 6, 1001, 4;
1, 256, 0, 0, 0, 0, 5, 1000, 3;
1, 256, 0, 1, 1, 1, 5, 1000, 3;
1, 256, 0, -1, -1, -1, 4, 999, 2;
1, 256, 1, 1, 1, 1, 6, 1001, 4;
1, 256, 1, 1, 1, 1, 6, 1000, 4;
1, 256, 0, -1, -1, -1, 4, 999, 2;
1, 256, 0, 0, 0, 0, 4, 999, 2;
1, 256, 0, 0, 0, 0, 5, 1000, 3;
1, 256, 1, 1, 1, 1, 6, 1001, 4;
1, 256, 0, -1, -1, -1, 4, 999, 2;
1, 256, 0, -1, -1, -1, 4, 999, 2;
1, 256, 0, 0, 0, 0, 4, 999, 2;
1, 256, 0, 1, 1, 1, 5, 1000, 3;
1, 256, 0, 0, 0, 0, 5, 1000, 3;
1, 256, 0, 0, 0, 0, 4, 999, 2;
1, 256, 0, 1, 1, 1, 5, 1000, 3;
1, 256, 0, -1, -1, -1, 4, 999, 2;
1, 256, 0, 0, 0, 0, 4, 999, 2;
1, 256, 0, 0, 0, 0, 5, 1000, 3;
1, 256, 0, 0, 0, 0, 5, 1000, 3;
1, 256, 0, 1, 1, 1, 5, 1000, 3;
1, 256, 0, 0, 0, 0, 5, 999, 2;
1, 256, 0, -1, -1, -1, 4, 998, 2;
1, 256, 0, 1, 1, 1, 5, 1000, 3;
1, 256, 0, 0, 0, 0, 5, 1000, 3;
1, 256, 0, -1, -1, -1, 4, 999, 2;
0, 256, 0, -1, -1, -1, 3, 998, 1;
1, 256, 0, 0, 0, 0, 4, 999, 2;
1, 256, 0, 0, 0, 0, 5, 1000, 3;
1, 256, 0, 0, 0, 0, 5, 1000, 3;
1, 256, 0, -1, -1, -1, 4, 998, 2;
1, 256, 0, 1, 1, 1, 5, 1000, 3;
1, 256, 0, 0, 0, 0, 5, 999, 3;
1, 256, 0, -1, -1, -1, 4, 999, 2;
1, 256, 0, -1, -1, -1, 4, 999, 2;
1, 256, 0, -1, -1, -1, 4, 999, 2;
1, 256, 0, 0, 0, 0, 5, 1000, 3;
1, 256, 0, -1, -1, -1, 4, 998, 2;
1, 256, 0, 0, 0, 0, 4, 999, 2;
1, 256, 1, 1, 1, 1, 6, 1000, 4;
1, 256, 0, 0, 0, 0, 4, 999, 2;
1, 256, 0, -1, -1, -1, 4, 999, 2;
1, 256, 0, -1, -1, -1, 4, 999, 2;
1, 256, 0, 0, 0, 0, 4, 999, 2;
1, 256, 0, -1, -1, -1, 4, 999, 2;
1, 256, 1, 1, 1, 1, 6, 1001, 4;
1, 256, 0, 0, 0, 0, 4, 999, 2;
1, 256, 1, 1, 1, 1, 6, 1001, 4;
1, 256, 0, 0, 0, 0, 4, 999, 2;
1, 256, 1, 1, 1, 1, 5, 1000, 3;
1, 256, 0, 0, 0, 0, 5, 1000, 3;
1, 256, 0, 0, 0, 0, 4, 999, 2;
1, 256, 1, 1, 1, 1, 6, 1001, 4;
1, 256, 1, 1, 1, 1, 6, 1001, 4;
1, 256, 1, 1, 1, 1, 6, 1000, 4;
1, 256, 0, 0, 0, 0, 5, 999, 2;
1, 256, 0, 0, 0, 0, 5, 1000, 3;
1, 256, 1, 1, 1, 1, 6, 1001, 4;
1, 256, 0, 0, 0, 0, 4, 999, 2;
1, 256, 1, 1, 1, 1, 6, 1001, 4;
1, 256, 0, -1, -1, -1, 4, 999, 2;
1, 256, 0, -1, -1, -1, 4, 998, 2;
1, 256, 0, 0, 0, 0, 4, 999, 2;
1, 256, 0, 0, 0, 0, 5, 1000, 3;
1, 256, 0, 0, 0, 0, 5, 999, 2;
1, 256, 0, 0, 0, 0, 4, 999, 2;
1, 256, 0, 0, 0, 0, 4, 999, 2;
1, 256, 0, 0, 0, 0, 4, 999, 2;
1, 256, 0, 1, 1, 1, 5, 1000, 3;
1, 256, 0, 0, 0, 0, 4, 999, 2;
1, 256, 1, 1, 1, 1, 6, 1001, 4;
1, 256, 1, 1, 1, 1, 6, 1000, 4;
1, 256, 0, 0, 0, 0, 4, 999, 2;
1, 256, 0, 0, 0, 0, 4, 999, 2;
1, 256, 0, 1, 1, 1, 5, 1000, 3;
1, 256, 0, 0, 0, 0, 5, 999, 3;
1, 256, 0, 0, 0, 0, 4, 999, 2;
1, 256, 0, -1, -1, -1, 4, 999, 2;
1, 256, 0, -1, -1, -1, 3, 998, 1;
1, 256, 0, 0, 0, 0, 4, 999, 2;
1, 256, 1, 1, 1, 1, 6, 1001, 4;
1, 256, 0, 1, 1, 1, 5, 1000, 3;
1, 256, 0, -1, -1, -1, 4, 998, 1;
1, 256, 0, -1, -1, -1, 3, 998, 1;
1, 256, 0, 0, 0, 0, 5, 1000, 3;
1, 256, 0, 0, 0, 0, 5, 1000, 3;
1, 256, 0, -1, -1, -1, 3, 998, 1;
1, 256, 0, -1, -1, -1, 4, 999, 2;
1, 256, 0, -1, -1, -1, 3, 998, 1;
1, 256, 0, 0, 0, 0, 4, 999, 2;
1, 256, 1, 1, 1, 1, 6, 1000, 3;
1, 256, 1, 1, 1, 1, 6, 1000, 3;
1, 256, 0, 0, 0, 0, 5, 1000, 3;
1, 256, 0, 0, 0, 0, 5, 1000, 3;
1, 256, 1, 1, 1, 1, 5, 1000, 3;
1, 256, 0, -1, -1, -1, 4, 999, 2;
1, 256, 0, 0, 0, 0, 5, 1000, 3;
1, 256, 0, 1, 1, 1, 5, 1000, 3;
1, 256, 0, 0, 0, 0, 5, 999, 3;
1, 256, 0, 0, 0, 0, 5, 1000, 3;
1, 256, 0, 1, 1, 1, 5, 1000, 3;
1, 256, 1, 1, 1, 1, 5, 1000, 3;
1, 256, 1, 1, 1, 1, 6, 1001, 4;
1, 256, 0, 0, 0, 0, 4, 999, 2;
1, 256, 0, -1, -1, -1, 4, 998, 2;
1, 256, 0, -1, -1, -1, 4, 998, 1;
1, 256, 0, -1, -1, -1, 4, 999, 2;
1, 256, 0, 0, 0, 0, 5, 1000, 3;
1, 256, 0, -1, -1, -1, 4, 998, 2;
1, 256, 0, 0, 0, 0, 4, 999, 2;
1, 256, 1, 1, 1, 1, 6, 1001, 4;
1, 256, 0, 0, 0, 0, 5, 999, 3;
1, 256, 0, 0, 0, 0, 4, 999, 2;
1, 256, 0, 1, 1, 1, 5, 1000, 3;
1, 256, 0, 0, 0, 0, 5, 1000, 3;
1, 256, 0, 0, 0, 0, 5, 1000, 3;
1, 256, 0, 0, 0, 0, 5, 1000, 3;
1, 256, 0, 0, 0, 0, 5, 1000, 3;
1, 256, 0, -1, -1, -1, 4, 999, 2;
1, 256, 0, 1, 1, 1, 5, 1000, 3;
1, 256, 0, 1, 1, 1, 5, 1000, 3;
1, 256, 0, -1, -1, -1, 4, 998, 2;
1, 256, 0, 1, 1, 1, 5, 1000, 3;
1, 256, 0, -1, -1, -1, 4, 999, 2;
1, 256, 1, 1, 1, 1, 5, 1000, 3;
1, 256, 0, 0, 0, 0, 5, 1000, 3;
1, 256, 0, -1, -1, -1, 4, 999, 2;
1, 256, 1, 1, 1, 1, 6, 1000, 3;
1, 256, 0, 0, 0, 0, 5, 1000, 3;
1, 256, 1, 1, 1, 1, 6, 1000, 4;
1, 256, 0, 0, 0, 0, 5, 1000, 3;
1, 256, 0, 1, 1, 1, 5, 1000, 3;
1, 256, 1, 1, 1, 1, 5, 1000, 3;
1, 256, 0, 0, 0, 0, 5, 1000, 3;
1, 256, 1, 1, 1, 1, 6, 1001, 4;
1, 256, 0, 0, 0, 0, 4, 999, 2;
1, 256, 0, 0, 0, 0, 4, 999, 2;
1, 256, 0, -1, -1, -1, 3, 998, 1;
1, 256, 0, 1, 1, 1, 5, 1000, 3;
1, 256, 0, -1, -1, -1, 4, 999, 2;
1, 256, 0, -1, -1, -1, 4, 999, 2;
1, 256, 0, 0, 0, 0, 5, 1000, 3;
1, 256, 0, -1, -1, -1, 4, 999, 2;
1, 256, 1, 1, 1, 1, 6, 1001, 4;
1, 256, 0, 0, 0, 0, 5, 1000, 3;
1, 256, 0, 0, 0, 0, 4, 999, 2;
1, 256, 0, 0, 0, 0, 5, 1000, 3;
1, 256, 0, 0, 0, 0, 5, 1000, 3;
1, 256, 0, 0, 0, 0, 5, 999, 2;
1, 256, 0, -1, -1, -1, 4, 998, 1;
1, 256, 0, 1, 1, 1, 5, 1000, 3;
1, 256, 0, 0, 0, 0, 5, 1000, 3;
1, 256, 0, 1, 1, 1, 5, 1000, 3;
1, 256, 0, 1, 1, 1, 5, 1000, 3;
1, 256, 0, 0, 0, 0, 5, 1000, 3;
1, 256, 0, 0, 0, 0, 4, 999, 2;
1, 256, 0, 0, 0, 0, 4, 999, 2;
1, 256, 0, 0, 0, 0, 5, 999, 3;
1, 256, 0, 0, 0, 0, 5, 1000, 3;
1, 256, 0, -1, -1, -1, 4, 999, 2;
1, 256, 0, -1, -1, -1, 4, 999, 2;
1, 256, 0, 0, 0, 0, 4, 999, 2;
1, 256, 1, 1, 1, 1, 6, 1001, 4;
1, 256, 0, 1, 1, 1, 5, 1000, 3;
1, 256, 0, 0, 0, 0, 4, 999, 2;
1, 256, 0, 0, 0, 0, 5, 1000, 3;
1, 256, 0, 0, 0, 0, 4, 999, 2;
1, 256, 0, 1, 1, 1, 5, 1000, 3;
1, 256, 1, 1, 1, 1, 6, 1000, 3;
1, 256, 0, 0, 0, 0, 5, 1000, 3;
1, 256, 0, -1, -1, -1, 4, 999, 2;
1, 256, 0, -1, -1, -1, 4, 999, 2;
1, 256, 0, 0, 0, 0, 5, 1000, 3;
1, 256, 0, 0, 0, 0, 4, 999, 2;
1, 256, 0, 0, 0, 0, 5, 1000, 3;
1, 256, 0, 1, 1, 1, 5, 1000, 3;
1, 256, 0, -1, -1, -1, 4, 999, 2;
1, 256, 1, 1, 1, 1, 6, 1000, 4;
1, 256, 1, 1, 1, 1, 5, 1000, 3;
1, 256, 0, 0, 0, 0, 5, 1000, 3;
1, 256, 0, 0, 0, 0, 5, 1000, 3;
1, 256, 0, -1, -1, -1, 4, 999, 2;
1, 256, 0, 0, 0, 0, 4, 999, 2;
1, 256, 0, -1, -1, -1, 3, 998, 1;
1, 256, 0, -1, -1, -1, 4, 998, 1;
1, 256, 0, -1, -1, -1, 4, 999, 2;
1, 256, 0, 1, 1, 1, 5, 1000, 3;
1, 256, 1, 1, 1, 1, 6, 1001, 4;
1, 256, 1, 1, 1, 1, 5, 1000, 3;
1, 256, 0, 0, 0, 0, 5, 1000, 3;
1, 256, 0, 0, 0, 0, 4, 999, 2;
1, 256, 0, -1, -1, -1, 4, 998, 2;
1, 256, 0, 0, 0, 0, 5, 1000, 3;
1, 256, 0, -1, -1, -1, 4, 999, 2;
1, 256, 0, 0, 0, 0, 4, 999, 2;
1, 256, 0, 0, 0, 0, 4, 999, 2;
1, 256, 0, 0, 0, 0, 5, 999, 2;
1, 256, 1, 1, 1, 1, 6, 1001, 4;
1, 256, 0, 0, 0, 0, 5, 1000, 3;
1, 256, 0, 1, 1, 1, 5, 1000, 3;
1, 256, 0, 0, 0, 0, 5, 1000, 3;
1, 256, 1, 1, 1, 1, 5, 1000, 3;
1, 256, 0, -1, -1, -1, 4, 998, 2;
1, 256, 0, 0, 0, 0, 5, 1000, 3;
1, 256, 0, 1, 1, 1, 5, 1000, 3;
1, 256, 0, 0, 0, 0, 4, 999, 2;
1, 256, 0, 0, 0, 0, 5, 1000, 3;
1, 256, 0, 0, 0, 0, 5, 1000, 3;
1, 256, 0, -1, -1, -1, 4, 998, 1;
1, 256, 0, 0, 0, 0, 5, 1000, 3;
1, 256, 0, -1, -1, -1, 4, 999, 2;
1, 256, 0, 0, 0, 0, 4, 999, 2;
1, 256, 0, 0, 0, 0, 4, 999, 2;
1, 256, 0, 0, 0, 0, 4, 999, 2;
1, 256, 0, 0, 0, 0, 4, 999, 2;
1, 256, 1, 1, 1, 1, 5, 1000, 3;
1, 256, 1, 1, 1, 1, 6, 1001, 4;
1, 256, 1, 1, 1, 1, 6, 1000, 4;
1, 256, 0, -1, -1, -1, 4, 999, 2;
1, 256, 0, 0, 0, 0, 4, 999, 2;
1, 256, 0, 1, 1, 1, 5, 1000, 3;
1, 256, 1, 1, 1, 1, 5, 1000, 3;
1, 256, 0, 0, 0, 0, 5, 999, 3;
1, 256, 0, 0, 0, 0, 4, 999, 2;
1, 256, 1, 1, 1, 1, 6, 1001, 4;
1, 256, 0, 0, 0, 0, 4, 999, 2;
1, 256, 1, 1, 1, 1, 6, 1001, 4;
1, 256, 1, 1, 1, 1, 5, 1000, 3;
1, 256, 0, 0, 0, 0, 4, 999, 2;
1, 256, 0, -1, -1, -1, 3, 998, 1;
1, 256, 0, 0, 0, 0, 5, 1000, 3;
1, 256, 0, -1, -1, -1, 4, 998, 1;
1, 256, 1, 1, 1, 1, 6, 1001, 4;
1, 256, 0, 1, 1, 1, 5, 1000, 3;
1, 256, 0, -1, -1, -1, 4, 999, 2;
1, 256, 0, 0, 0, 0, 4, 999, 2;
1, 256, 0, -1, -1, -1, 4, 999, 2;
1, 256, 0, 0, 0, 0, 5, 1000, 3;
1, 256, 0, -1, -1, -1, 3, 998, 1;
1, 256, 0, 0, 0, 0, 5, 999, 2;
1, 256, 0, -1, -1, -1, 4, 999, 2;
1, 256, 0, 0, 0, 0, 4, 999, 2;
1, 256, 0, 0, 0, 0, 5, 1000, 3;
1, 256, 1, 1, 1, 1, 6, 1001, 4;
1, 256, 0, 0, 0, 0, 5, 1000, 3;
1, 256, 0, 1, 1, 1, 5, 1000, 3;
1, 256, 0, -1, -1, -1, 4, 999, 2;
1, 256, 0, 1, 1, 1, 5, 1000, 3;
1, 256, 0, 0, 0, 0, 4, 999, 2;
1, 256, 1, 1, 1, 1, 6, 1000, 4;
1, 256, 0, 0, 0, 0, 4, 999, 2;
1, 256, 0, 0, 0, 0, 4, 999, 2;
1, 256, 0, -1, -1, -1, 4, 998, 2;
1, 256, 0, 1, 1, 1, 5, 1000, 3;
1, 256, 0, 0, 0, 0, 4, 999, 2;
1, 256, 0, -1, -1, -1, 3, 998, 1;
1, 256, 0, 0, 0, 0, 4, 999, 2;
1, 256, 0, 0, 0, 0, 4, 999, 2;
1, 256, 0, 0, 0, 0, 5, 1000, 3;
1, 256, 0, 0, 0, 0, 5, 1000, 3;
1, 256, 0, 0, 0, 0, 5, 1000, 3;
1, 256, 0, -1, -1, -1, 4, 999, 2;
1, 256, 0, 0, 0, 0, 4, 999, 2;
1, 256, 0, -1, -1, -1, 4, 999, 2;
0, 256, 0, -1, -1, -1, 3, 998, 1;
1, 256, 0, 0, 0, 0, 4, 999, 2;
1, 256, 1, 1, 1, 1, 6, 1000, 4;
1, 256, 0, -1, -1, -1, 4, 998, 1;
1, 256, 1, 1, 1, 1, 6, 1000, 4;
1, 256, 1, 1, 1, 1, 6, 1001, 4;
1, 256, 0, 0, 0, 0, 5, 1000, 3;
0, 256, 0, -1, -1, -1, 3, 998, 1;
1, 256, 0, 0, 0, 0, 4, 999, 2;
1, 256, 0, 1, 1, 1, 5, 1000, 3;
1, 256, 0, 0, 0, 0, 4, 999, 2;
1, 256, 0, 0, 0, 0, 5, 999, 2;
1, 256, 0, 0, 0, 0, 4, 999, 2;
1, 256, 0, 0, 0, 0, 4, 999, 2;
1, 256, 0, -1, -1, -1, 4, 999, 2;
1, 256, 0, 0, 0, 0, 5, 1000, 3;
1, 256, 0, -1, -1, -1, 4, 999, 2;
1, 256, 0, 1, 1, 1, 5, 1000, 3;
1, 256, 0, 0, 0, 0, 4, 999, 2;
1, 256, 0, 0, 0, 0, 5, 1000, 3;
1, 256, 0, 0, 0, 0, 5, 1000, 3;
1, 256, 0, 0, 0, 0, 4, 999, 2;
1, 256, 0, 0, 0, 0, 5, 1000, 3;
1, 256, 1, 1, 1, 1, 6, 1001, 4;
1, 256, 0, -1, -1, -1, 4, 999, 2;
1, 256, 0, -1, -1, -1, 4, 999, 2;
1, 256, 0, 0, 0, 0, 5, 1000, 3;
1, 256, 0, -1, -1, -1, 3, 998, 1;
1, 256, 0, 0, 0, 0, 5, 1000, 3;
1, 256, 0, 0, 0, 0, 5, 1000, 3;
1, 256, 0, 0, 0, 0, 5, 999, 3;
1, 256, 0, 0, 0, 0, 5, 1000, 3;
1, 256, 0, 0, 0, 0, 4, 999, 2;
1, 256, 0, 0, 0, 0, 4, 999, 2;
1, 256, 0, 0, 0, 0, 5, 1000, 3;
1, 256, 0, 1, 1, 1, 5, 1000, 3;
1, 256, 0, -1, -1, -1, 4, 999, 2;
1, 256, 0, 0, 0, 0, 4, 999, 2;
1, 256, 0, -1, -1, -1, 4, 999, 2;
1, 256, 0, 1, 1, 1, 5, 1000, 3;
1, 256, 0, 0, 0, 0, 4, 999, 2;
1, 256, 0, 0, 0, 0, 5, 1000, 3;
1, 256, 0, -1, -1, -1, 4, 999, 2;
1, 256, 0, 0, 0, 0, 4, 999, 2;
1, 256, 0, -1, -1, -1, 4, 999, 2;
1, 256, 0, 1, 1, 1, 5, 1000, 3;
1, 256, 0, 0, 0, 0, 5, 999, 3;
1, 256, 0, -1, -1, -1, 4, 999, 2;
1, 256, 0, 0, 0, 0, 4, 999, 2;
1, 256, 0, -1, -1, -1, 4, 999, 2;
1, 256, 0, 0, 0, 0, 5, 1000, 3;
1, 256, 0, -1, -1, -1, 4, 999, 2;
1, 256, 0, -1, -1, -1, 3, 998, 1;
1, 256, 0, -1, -1, -1, 4, 999, 2;
1, 256, 0, 1, 1, 1, 5, 1000, 3;
1, 256, 0, -1, -1, -1, 3, 998, 1;
1, 256, 0, 0, 0, 0, 5, 1000, 3;
1, 256, 0, -1, -1, -1, 4, 999, 2;
1, 256, 0, 0, 0, 0, 5, 1000, 3;
1, 256, 1, 1, 1, 1, 5, 1000, 3;
1, 256, 0, 1, 1, 1, 5, 1000, 3;
1, 256, 0, 0, 0, 0, 4, 999, 2;
1, 256, 1, 1, 1, 1, 6, 1001, 4;
1, 256, 0, 0, 0, 0, 4, 999, 2;
1, 256, 0, 0, 0, 0, 4, 999, 2;
1, 256, 0, 0, 0, 0, 5, 1000, 3;
1, 256, 0, 1, 1, 1, 5, 1000, 3;
1, 256, 0, 0, 0, 0, 4, 999, 2;
1, 256, 1, 1, 1, 1, 6, 1000, 4;
1, 256, 0, 0, 0, 0, 5, 1000, 3;
1, 256, 0, 0, 0, 0, 5, 1000, 3;
1, 256, 0, 1, 1, 1, 5, 1000, 3;
1, 256, 1, 1, 1, 1, 6, 1001, 4;
1, 256, 0, 0, 0, 0, 5, 1000, 3;
1, 256, 0, 0, 0, 0, 4, 999, 2;
1, 256, 0, 0, 0, 0, 4, 999, 2;
1, 256, 0, 0, 0, 0, 4, 999, 2;
1, 256, 1, 1, 1, 1, 6, 1001, 4;
1, 256, 0, 0, 0, 0, 4, 999, 2;
1, 256, 1, 1, 1, 1, 6, 1000, 4;
1, 256, 0, -1, -1, -1, 4, 999, 2;
1, 256, 0, 0, 0, 0, 5, 1000, 3;
1, 256, 0, 0, 0, 0, 4, 999, 2;
1, 256, 0, 1, 1, 1, 5, 1000, 3;
1, 256, 0, 1, 1, 1, 5, 1000, 3;
1, 256, 0, 0, 0, 0, 5, 1000, 3;
1, 256, 0, 0, 0, 0, 4, 999, 2;
1, 256, 0, -1, -1, -1, 4, 998, 1;
1, 256, 0, -1, -1, -1, 3, 998, 1;
1, 256, 0, -1, -1, -1, 3, 998, 1;
1, 256, 0, 1, 1, 1, 5, 1000, 3;
1, 256, 0, -1, -1, -1, 4, 999, 2;
1, 256, 1, 1, 1, 1, 6, 1001, 4;
1, 256, 0, 0, 0, 0, 5, 1000, 3;
1, 256, 1, 1, 1, 1, 6, 1001, 4;
1, 256, 0, 0, 0, 0, 5, 1000, 3;
1, 256, 0, -1, -1, -1, 4, 999, 2;
1, 256, 1, 1, 1, 1, 6, 1001, 4;
1, 256, 0, 0, 0, 0, 5, 1000, 3;
1, 256, 0, 0, 0, 0, 5, 1000, 3;
1, 256, 0, 1, 1, 1, 5, 1000, 3;
1, 256, 0, -1, -1, -1, 4, 999, 2;
1, 256, 0, 0, 0, 0, 5, 999, 2;
1, 256, 0, 0, 0, 0, 5, 1000, 3;
1, 256, 0, 1, 1, 1, 5, 1000, 3;
1, 256, 0, 0, 0, 0, 5, 999, 3;
1, 256, 0, 0, 0, 0, 5, 1000, 3;
1, 256, 1, 1, 1, 1, 6, 1001, 4;
1, 256, 0, -1, -1, -1, 4, 999, 2;
1, 256, 0, 0, 0, 0, 4, 999, 2;
1, 256, 0, 0, 0, 0, 4, 999, 2;
1, 256, 0, 0, 0, 0, 5, 1000, 3;
1, 256, 0, 0, 0, 0, 4, 999, 2;
1, 256, 0, 0, 0, 0, 5, 1000, 3;
1, 256, 0, 0, 0, 0, 5, 1000, 3;
0, 256, 0, -1, -1, -1, 3, 998, 1;
1, 256, 0, 0, 0, 0, 4, 999, 2;
1, 256, 0, 0, 0, 0, 5, 1000, 3;
1, 256, 0, -1, -1, -1, 4, 999, 2;
1, 256, 0, 0, 0, 0, 4, 999, 2;
1, 256, 0, 0, 0, 0, 5, 999, 3;
1, 256, 1, 1, 1, 1, 6, 1001, 4;
1, 256, 1, 1, 1, 1, 5, 1000, 3;
1, 256, 0, 0, 0, 0, 4, 999, 2;
1, 256, 0, -1, -1, -1, 4, 999, 2;
1, 256, 0, 0, 0, 0, 5, 1000, 3;
1, 256, 1, 1, 1, 1, 6, 1001, 4;
1, 256, 0, -1, -1, -1, 4, 998, 2;
1, 256, 1, 1, 1, 1, 6, 1001, 4;
1, 256, 1, 1, 1, 1, 6, 1001, 4;
1, 256, 0, 0, 0, 0, 5, 999, 2;
1, 256, 0, 0, 0, 0, 5, 1000, 3;
1, 256, 0, 1, 1, 1, 5, 1000, 3;
1, 256, 0, 0, 0, 0, 4, 999, 2;
1, 256, 0, 0, 0, 0, 5, 1000, 3;
1, 256, 0, 0, 0, 0, 5, 1000, 3;
1, 256, 1, 1, 1, 1, 6, 1001, 4;
1, 256, 0, 0, 0, 0, 4, 999, 2;
1, 256, 0, -1, -1, -1, 4, 999, 2;
1, 256, 0, 0, 0, 0, 5, 1000, 3;
1, 256, 0, -1, -1, -1, 4, 998, 1;
1, 256, 0, 0, 0, 0, 4, 999, 2;
1, 256, 0, 0, 0, 0, 4, 999, 2;
1, 256, 0, -1, -1, -1, 4, 999, 2;
1, 256, 0, 0, 0, 0, 5, 1000, 3;
1, 256, 0, -1, -1, -1, 3, 998, 1;
1, 256, 0, 1, 1, 1, 5, 1000, 3;
1, 256, 1, 1, 1, 1, 6, 1000, 4;
1, 256, 0, 0, 0, 0, 5, 1000, 3;
1, 256, 0, 1, 1, 1, 5, 1000, 3;
1, 256, 0, 0, 0, 0, 5, 1000, 3;
1, 256, 1, 1, 1, 1, 5, 1000, 3;
1, 256, 0, 0, 0, 0, 5, 1000, 3;
1, 256, 0, -1, -1, -1, 4, 999, 2;
1, 256, 0, 0, 0, 0, 5, 999, 2;
1, 256, 1, 1, 1, 1, 6, 1001, 4;
1, 256, 0, 1, 1, 1, 5, 1000, 3;
1, 256, 0, -1, -1, -1, 3, 998, 1;
1, 256, 0, -1, -1, -1, 4, 999, 2;
1, 256, 1, 1, 1, 1, 5, 1000, 3;
1, 256, 0, 0, 0, 0, 5, 1000, 3;
1, 256, 1, 1, 1, 1, 6, 1001, 4;
1, 256, 0, 0, 0, 0, 4, 999, 2;
1, 256, 0, 0, 0, 0, 4, 999, 2;
1, 256, 0, -1, -1, -1, 4, 999, 2;
1, 256, 0, -1, -1, -1, 4, 999, 2;
1, 256, 0, -1, -1, -1, 4, 999, 2;
1, 256, 0, 1, 1, 1, 5, 1000, 3;
1, 256, 1, 1, 1, 1, 6, 1001, 4;
1, 256, 1, 1, 1, 1, 6, 1001, 4;
1, 256, 0, 0, 0, 0, 5, 999, 3;
1, 256, 0, 0, 0, 0, 5, 999, 2;
1, 256, 0, 0, 0, 0, 4, 999, 2;
1, 256, 0, -1, -1, -1, 4, 999, 2;
1, 256, 1, 1, 1, 1, 6, 1001, 4;
1, 256, 1, 1, 1, 1, 5, 1000, 3;
1, 256, 0, 0, 0, 0, 4, 999, 2;
1, 256, 0, -1, -1, -1, 3, 998, 1;
1, 256, 0, 0, 0, 0, 5, 1000, 3;
1, 256, 0, 0, 0, 0, 5, 1000, 3;
0, 256, 0, -1, -1, -1, 3, 998, 1;
1, 256, 0, 0, 0, 0, 5, 1000, 3;
1, 256, 0, 0, 0, 0, 4, 999, 2;
1, 256, 0, 0, 0, 0, 4, 999, 2;
1, 256, 0, 0, 0, 0, 4, 999, 2;
1, 256, 0, -1, -1, -1, 3, 998, 1;
1, 256, 1, 1, 1, 1, 6, 1001, 4;
1, 256, 0, 0, 0, 0, 5, 1000, 3;
1, 256, 1, 1, 1, 1, 6, 1001, 4;
1, 256, 0, -1, -1, -1, 3, 998, 1;
1, 256, 0, 0, 0, 0, 5, 999, 2;
1, 256, 0, 0, 0, 0, 5, 999, 2;
1, 256, 0, 1, 1, 1, 5, 1000, 3;
1, 256, 0, -1, -1, -1, 4, 999, 2;
1, 256, 0, 0, 0, 0, 5, 999, 3;
1, 256, 0, -1, -1, -1, 4, 999, 2;
1, 256, 0, 0, 0, 0, 4, 999, 2;
1, 256, 0, -1, -1, -1, 4, 999, 2;
1, 256, 0, 0, 0, 0, 4, 999, 2;
1, 256, 0, 0, 0, 0, 5, 1000, 3;
1, 256, 0, 0, 0, 0, 4, 999, 2;
1, 256, 0, -1, -1, -1, 4, 999, 2;
1, 256, 0, -1, -1, -1, 4, 999, 2;
1, 256, 1, 1, 1, 1, 6, 1000, 4;
1, 256, 0, 0, 0, 0, 5, 1000, 3;
1, 256, 0, -1, -1, -1, 4, 999, 2;
1, 256, 0, -1, -1, -1, 4, 998, 2;
1, 256, 0, 0, 0, 0, 4, 999, 2;
1, 256, 0, 0, 0, 0, 5, 1000, 3;
1, 256, 1, 1, 1, 1, 6, 1001, 4;
1, 256, 0, 0, 0, 0, 5, 999, 2;
1, 256, 0, 0, 0, 0, 5, 1000, 3;
1, 256, 0, -1, -1, -1, 4, 999, 2;
1, 256, 1, 1, 1, 1, 6, 1001, 4;
1, 256, 0, 0, 0, 0, 5, 1000, 3;
1, 256, 0, 0, 0, 0, 4, 999, 2;
1, 256, 1, 1, 1, 1, 6, 1001, 4;
1, 256, 1, 1, 1, 1, 6, 1000, 3;
1, 256, 0, -1, -1, -1, 4, 998, 2;
1, 256, 0, 1, 1, 1, 5, 1000, 3;
1, 256, 0, -1, -1, -1, 4, 999, 2;
1, 256, 0, -1, -1, -1, 4, 999, 2;
1, 256, 1, 1, 1, 1, 5, 1000, 3;
1, 256, 0, 0, 0, 0, 4, 999, 2;
1, 256, 0, -1, -1, -1, 4, 999, 2;
1, 256, 0, 0, 0, 0, 5, 1000, 3;
1, 256, 0, 0, 0, 0, 5, 1000, 3;
1, 256, 0, -1, -1, -1, 4, 999, 2;
1, 256, 1, 1, 1, 1, 6, 1001, 4;
1, 256, 0, -1, -1, -1, 4, 999, 2;
1, 256, 0, -1, -1, -1, 3, 998, 1;
1, 256, 1, 1, 1, 1, 6, 1000, 4;
1, 256, 1, 1, 1, 1, 5, 1000, 3;
1, 256, 0, 0, 0, 0, 4, 999, 2;
1, 256, 0, 0, 0, 0, 5, 999, 3;
1, 256, 0, 0, 0, 0, 5, 1000, 3;
1, 256, 0, 0, 0, 0, 5, 1000, 3;
1, 256, 0, 0, 0, 0, 4, 999, 2;
1, 256, 1, 1, 1, 1, 6, 1001, 4;
1, 256, 0, 0, 0, 0, 5, 1000, 3;
1, 256, 0, 0, 0, 0, 4, 999, 2;
1, 256, 0, 0, 0, 0, 5, 1000, 3;
1, 256, 0, -1, -1, -1, 4, 999, 2;
1, 256, 1, 1, 1, 1, 6, 1001, 4;
1, 256, 1, 1, 1, 1, 6, 1000, 4;
1, 256, 0, 0, 0, 0, 5, 1000, 3;
1, 256, 0, 0, 0, 0, 5, 1000, 3;
1, 256, 0, 0, 0, 0, 4, 999, 2;
1, 256, 0, 0, 0, 0, 5, 1000, 3;
1, 256, 0, 0, 0, 0, 4, 999, 2;
1, 256, 0, 0, 0, 0, 5, 1000, 3;
1, 256, 0, 0, 0, 0, 4, 999, 2;
1, 256, 0, 0, 0, 0, 4, 999, 2;
1, 256, 0, 0, 0, 0, 5, 999, 3;