-3, 292, 9, -9, 400, -9, -11, 1140, 38;
0, 294, 11, 22, 404, -4, 1, 1147, 45;
6, 298, 16, 65, 419, 11, 27, 1166, 64;
2, 292, 10, 71, 396, -9, 8, 1140, 39;
10, 298, 16, 119, 414, 12, 41, 1165, 66;
5, 291, 9, 124, 388, -9, 21, 1136, 38;
8, 291, 10, 153, 386, -6, 31, 1138, 42;
14, 295, 15, 193, 395, 7, 55, 1154, 60;
12, 292, 12, 209, 378, -2, 49, 1139, 48;
15, 292, 13, 235, 373, 0, 58, 1139, 50;
16, 291, 13, 260, 365, 0, 64, 1136, 50;
18, 290, 13, 284, 355, 0, 70, 1132, 50;
21, 291, 14, 312, 351, 5, 82, 1135, 57;
22, 290, 14, 335, 340, 5, 88, 1131, 57;
25, 290, 16, 362, 334, 10, 101, 1134, 64;
23, 286, 13, 372, 311, 0, 92, 1116, 51;
22, 282, 10, 385, 291, -7, 88, 1102, 42;
22, 279, 9, 399, 273, -12, 87, 1091, 35;
23, 278, 9, 418, 259, -11, 92, 1086, 36;
27, 280, 12, 445, 253, -2, 108, 1092, 47;
27, 277, 11, 457, 234, -6, 107, 1082, 43;
30, 278, 13, 480, 225, 0, 120, 1084, 51;
34, 279, 16, 503, 218, 10, 135, 1090, 63;
35, 277, 16, 516, 201, 9, 138, 1083, 63;
36, 276, 15, 528, 183, 9, 140, 1076, 62;
35, 273, 15, 536, 163, 6, 140, 1066, 59;
30, 265, 9, 528, 127, -11, 119, 1037, 36;
33, 265, 11, 542, 114, -6, 128, 1037, 43;
31, 262, 9, 543, 89, -11, 123, 1023, 36;
38, 266, 15, 568, 90, 6, 148, 1039, 59;
37, 264, 14, 571, 69, 5, 147, 1030, 57;
33, 257, 9, 559, 34, -10, 128, 1003, 37;
34, 256, 10, 565, 18, -7, 133, 1000, 41;
33, 254, 10, 564, -2, -8, 131, 991, 39;
38, 256, 14, 578, -7, 5, 149, 1001, 57;
34, 251, 10, 565, -39, -6, 133, 979, 42;
34, 249, 11, 563, -57, -5, 134, 973, 43;
33, 246, 10, 556, -79, -9, 129, 962, 39;
32, 244, 10, 550, -98, -9, 127, 955, 39;
37, 248, 15, 561, -100, 7, 147, 969, 60;
34, 243, 12, 543, -129, -2, 132, 949, 47;
33, 241, 12, 534, -146, -1, 131, 943, 48;
37, 244, 16, 537, -152, 10, 144, 952, 64;
31, 238, 11, 511, -183, -3, 123, 928, 46;
33, 239, 14, 508, -191, 5, 132, 933, 58;
29, 234, 11, 483, -219, -5, 114, 913, 44;
30, 235, 13, 476, -228, 2, 120, 916, 53;
27, 230, 10, 452, -252, -6, 105, 899, 42;
29, 232, 14, 446, -256, 4, 115, 908, 56;
29, 231, 15, 430, -269, 6, 113, 904, 58;
24, 227, 12, 402, -293, -3, 96, 887, 46;
26, 229, 15, 392, -296, 6, 104, 894, 58;
19, 222, 9, 354, -327, -11, 76, 867, 36;
24, 228, 16, 353, -318, 9, 97, 889, 62;
23, 226, 15, 330, -330, 8, 90, 883, 61;
16, 220, 10, 290, -358, -8, 63, 858, 40;
18, 222, 13, 278, -356, 2, 71, 868, 53;
18, 223, 15, 259, -360, 7, 71, 871, 60;
10, 216, 9, 216, -387, -11, 41, 844, 36;
15, 222, 15, 211, -375, 8, 60, 867, 61;
8, 216, 10, 169, -397, -8, 33, 844, 40;
12, 221, 15, 158, -387, 7, 47, 861, 60;
4, 214, 9, 115, -410, -10, 18, 838, 38;
6, 217, 12, 98, -404, 0, 23, 848, 50;
6, 219, 15, 78, -400, 6, 25, 856, 58;
6, 220, 16, 54, -398, 9, 23, 859, 63;
1, 217, 13, 19, -408, 1, 5, 848, 52;
0, 217, 13, -7, -408, 1, 0, 849, 52;
-6, 213, 9, -48, -421, -12, -24, 832, 35;
-3, 218, 13, -60, -405, 2, -12, 850, 53;
-8, 215, 10, -98, -413, -8, -32, 838, 40;
-5, 220, 15, -109, -394, 6, -20, 858, 59;
-10, 217, 12, -145, -400, -3, -39, 847, 46;
-10, 219, 13, -168, -391, 0, -41, 854, 51;
-14, 217, 11, -200, -391, -6, -56, 848, 43;
-14, 219, 12, -222, -381, -3, -58, 854, 47;
-14, 222, 14, -239, -366, 4, -55, 867, 56;
-17, 221, 12, -268, -362, 0, -67, 864, 50;
-21, 219, 9, -301, -362, -9, -84, 856, 38;
-21, 222, 11, -320, -347, -5, -84, 865, 44;
-25, 220, 9, -349, -343, -11, -98, 861, 36;
-26, 222, 9, -368, -329, -9, -101, 868, 38;
-22, 228, 14, -374, -302, 5, -87, 891, 57;
-29, 224, 9, -411, -306, -12, -114, 874, 35;
-27, 228, 12, -421, -283, -3, -107, 891, 47;
-30, 227, 9, -446, -276, -9, -120, 888, 38;
-29, 231, 12, -455, -252, -1, -114, 904, 48;
-29, 234, 13, -467, -233, 2, -113, 915, 53;
-28, 238, 15, -476, -211, 8, -110, 928, 61;
-35, 233, 9, -509, -214, -11, -138, 910, 36;
-36, 235, 9, -522, -197, -10, -140, 916, 37;
-30, 242, 15, -514, -160, 7, -120, 946, 60;
-37, 238, 9, -543, -160, -9, -144, 931, 38;
-37, 241, 10, -551, -140, -8, -145, 940, 40;
-34, 245, 13, -550, -113, 0, -136, 958, 51;
-37, 245, 11, -563, -101, -5, -145, 957, 44;
-38, 246, 10, -570, -83, -7, -149, 962, 42;
-34, 252, 14, -562, -52, 5, -134, 984, 57;
-34, 254, 14, -565, -32, 6, -134, 993, 58;
-39, 251, 9, -583, -29, -10, -155, 979, 38;
-33, 259, 16, -563, 10, 10, -129, 1013, 64;
-38, 256, 11, -577, 14, -4, -148, 1001, 44;
-35, 260, 13, -568, 40, 2, -139, 1017, 53;
-37, 261, 12, -570, 54, -2, -144, 1018, 47;
-35, 264, 13, -562, 78, 1, -138, 1030, 52;
-38, 262, 10, -566, 86, -9, -149, 1024, 39;
-38, 264, 10, -559, 105, -8, -148, 1031, 39;
-36, 267, 11, -548, 126, -5, -142, 1042, 43;
-35, 269, 11, -538, 145, -5, -138, 1050, 44;
-36, 269, 9, -533, 157, -10, -143, 1049, 37;
-31, 275, 14, -506, 190, 4, -121, 1075, 56;
-31, 276, 13, -496, 205, 2, -121, 1078, 53;
-31, 276, 12, -487, 216, -3, -124, 1077, 47;
-31, 277, 11, -475, 229, -5, -124, 1080, 43;
-25, 283, 16, -443, 261, 9, -100, 1105, 63;
-25, 284, 15, -428, 274, 7, -98, 1109, 60;
-24, 285, 14, -412, 286, 5, -96, 1112, 58;
-25, 284, 12, -399, 293, 0, -99, 1109, 50;
-25, 284, 11, -382, 304, -3, -98, 1110, 46;
-23, 286, 12, -361, 317, -2, -92, 1116, 47;
-20, 289, 14, -333, 335, 4, -78, 1128, 56;
-16, 292, 16, -303, 354, 11, -63, 1142, 65;
-19, 289, 12, -294, 350, -2, -75, 1128, 48;
-13, 294, 16, -256, 374, 12, -51, 1150, 65;
-13, 293, 14, -238, 376, 5, -53, 1145, 58;
-10, 295, 16, -209, 388, 10, -41, 1154, 63;
-13, 291, 11, -199, 380, -4, -54, 1138, 45;
-12, 291, 10, -175, 384, -6, -50, 1137, 42;
-9, 294, 12, -143, 395, -1, -36, 1146, 49;
-6, 296, 14, -112, 405, 3, -24, 1154, 55;
-3, 297, 15, -83, 411, 6, -14, 1158, 58;
-3, 296, 13, -60, 409, 2, -12, 1154, 53;
-3, 293, 11, -41, 403, -5, -15, 1146, 44;
0, 295, 13, -9, 409, 0, -2, 1152, 50;
-1, 293, 10, 9, 401, -8, -5, 1142, 40;
5, 298, 16, 54, 417, 9, 22, 1163, 62;
7, 298, 16, 81, 416, 10, 30, 1164, 63;
3, 292, 10, 89, 394, -9, 13, 1139, 39;
8, 294, 13, 125, 400, 0, 31, 1149, 51;
13, 297, 16, 162, 406, 10, 51, 1160, 64;
10, 292, 11, 173, 386, -3, 39, 1140, 46;
9, 290, 10, 193, 374, -9, 38, 1131, 39;
16, 294, 15, 235, 383, 7, 65, 1149, 60;
18, 293, 15, 258, 374, 6, 70, 1145, 59;
15, 288, 10, 268, 351, -7, 59, 1124, 41;
20, 291, 14, 304, 353, 4, 80, 1135, 56;
22, 290, 15, 328, 345, 6, 88, 1134, 58;
19, 285, 10, 335, 319, -8, 74, 1111, 40;
25, 288, 14, 371, 321, 5, 98, 1124, 58;
21, 282, 9, 376, 293, -9, 83, 1100, 38;
26, 284, 13, 407, 291, 2, 103, 1110, 53;
27, 282, 13, 424, 275, 0, 105, 1102, 51;
25, 278, 10, 434, 253, -7, 100, 1087, 41;
28, 279, 12, 456, 243, -2, 110, 1088, 47;
27, 275, 10, 465, 221, -8, 107, 1075, 40;
33, 279, 15, 497, 222, 8, 131, 1090, 61;
35, 278, 16, 513, 207, 10, 137, 1086, 63;
35, 276, 16, 524, 189, 9, 139, 1078, 62;
32, 271, 12, 523, 159, -2, 127, 1057, 47;
30, 266, 9, 525, 133, -11, 119, 1039, 36;
31, 265, 9, 534, 115, -11, 122, 1033, 37;
38, 270, 16, 564, 119, 11, 151, 1054, 65;
33, 262, 10, 551, 81, -8, 129, 1023, 40;
39, 266, 16, 574, 79, 9, 152, 1037, 62;
39, 264, 16, 579, 61, 10, 154, 1032, 63;
32, 255, 9, 559, 20, -12, 127, 997, 35;
34, 255, 10, 566, 5, -7, 133, 995, 41;
37, 257, 14, 577, -2, 3, 147, 1002, 55;
40, 257, 16, 584, -14, 11, 156, 1004, 65;
32, 248, 9, 559, -55, -11, 128, 969, 37;
32, 246, 9, 556, -74, -10, 127, 962, 37;
34, 246, 11, 557, -87, -4, 133, 963, 45;
32, 243, 10, 546, -110, -9, 127, 950, 39;
35, 245, 13, 550, -118, 2, 139, 957, 53;
36, 245, 15, 547, -130, 8, 144, 958, 60;
35, 242, 14, 534, -152, 4, 137, 947, 56;
30, 237, 10, 512, -181, -6, 120, 926, 42;
36, 241, 16, 518, -180, 11, 140, 942, 65;
28, 233, 10, 484, -217, -9, 111, 910, 39;
27, 231, 9, 468, -235, -10, 106, 902, 37;
32, 236, 15, 473, -232, 8, 126, 921, 61;
28, 231, 12, 446, -257, -1, 109, 902, 49;
28, 231, 14, 434, -267, 3, 111, 903, 55;
29, 232, 16, 421, -275, 9, 114, 905, 62;
27, 230, 15, 401, -290, 8, 107, 898, 61;
21, 224, 10, 365, -318, -7, 83, 874, 41;
21, 224, 12, 349, -326, -2, 84, 876, 47;
18, 221, 10, 321, -343, -7, 72, 865, 41;
18, 222, 11, 303, -350, -4, 71, 865, 45;
16, 220, 11, 277, -362, -6, 62, 859, 42;
17, 221, 13, 261, -363, 1, 66, 865, 52;
11, 217, 9, 225, -384, -10, 45, 847, 37;
16, 222, 16, 220, -371, 9, 64, 869, 62;
15, 222, 16, 197, -376, 11, 60, 869, 65;
6, 215, 9, 149, -404, -11, 26, 839, 37;
10, 220, 15, 141, -390, 7, 42, 860, 60;
7, 218, 14, 110, -399, 3, 30, 853, 54;
6, 219, 14, 85, -400, 4, 26, 854, 57;
1, 215, 11, 49, -412, -4, 7, 842, 45;
3, 219, 14, 32, -403, 5, 13, 854, 57;
-2, 215, 10, -6, -416, -6, -8, 838, 42;
0, 219, 15, -20, -403, 6, 0, 854, 58;
-1, 219, 15, -47, -401, 6, -5, 856, 59;
-3, 219, 14, -76, -401, 4, -14, 854, 56;
-10, 214, 9, -119, -414, -11, -41, 834, 36;
-7, 219, 14, -129, -394, 4, -28, 856, 56;
-10, 218, 13, -159, -393, 0, -39, 853, 51;
-10, 221, 14, -180, -382, 5, -39, 862, 57;
-14, 218, 12, -214, -384, -3, -56, 854, 47;
-18, 216, 9, -247, -385, -11, -73, 846, 36;
-14, 223, 14, -255, -359, 5, -58, 870, 57;
-14, 226, 16, -272, -343, 12, -55, 882, 66;
-16, 226, 16, -297, -335, 10, -63, 883, 63;
-21, 223, 12, -332, -337, -2, -84, 871, 48;
-25, 222, 10, -360, -332, -8, -98, 868, 40;
-20, 229, 16, -363, -302, 9, -81, 895, 62;
-23, 229, 14, -388, -294, 3, -92, 893, 55;
-23, 232, 15, -402, -276, 9, -91, 904, 62;
-31, 226, 9, -441, -282, -11, -121, 884, 36;
-30, 229, 10, -454, -263, -6, -119, 895, 42;
-26, 236, 15, -455, -232, 8, -104, 921, 61;
-33, 231, 9, -490, -235, -10, -132, 902, 37;
-29, 238, 14, -487, -202, 5, -115, 929, 58;
-34, 235, 10, -513, -198, -6, -134, 920, 42;
-29, 243, 16, -507, -162, 11, -114, 949, 65;
-37, 237, 9, -540, -167, -10, -145, 928, 37;
-35, 241, 11, -543, -142, -3, -138, 943, 46;
-36, 243, 11, -552, -124, -3, -140, 950, 46;
-39, 242, 9, -567, -114, -12, -153, 946, 35;
-36, 248, 12, -563, -84, -1, -141, 967, 49;
-36, 249, 12, -569, -66, -2, -144, 972, 47;
-38, 249, 10, -578, -52, -8, -151, 973, 40;
-40, 250, 9, -583, -36, -10, -156, 976, 37;
-34, 257, 15, -567, 0, 6, -134, 1005, 59;
-39, 255, 10, -581, 4, -7, -152, 994, 41;
-35, 260, 14, -568, 36, 3, -137, 1016, 55;
-32, 264, 16, -557, 62, 11, -127, 1033, 65;
-35, 264, 14, -562, 73, 3, -136, 1030, 54;
-34, 266, 14, -555, 93, 3, -134, 1038, 55;
-35, 266, 12, -553, 107, 0, -138, 1039, 50;
-37, 265, 10, -554, 118, -8, -146, 1036, 40;
-35, 268, 11, -541, 140, -4, -139, 1048, 44;
-31, 274, 15, -519, 169, 6, -122, 1069, 59;
-35, 270, 10, -523, 171, -8, -138, 1056, 40;
-29, 277, 15, -494, 205, 8, -114, 1083, 61;
-28, 279, 15, -481, 222, 8, -111, 1089, 60;
-32, 276, 11, -480, 224, -5, -125, 1078, 43;
-29, 279, 13, -458, 246, 0, -114, 1091, 51;
-25, 283, 15, -435, 268, 6, -101, 1106, 59;
-27, 282, 12, -425, 275, 0, -106, 1101, 49;
-26, 283, 12, -408, 287, -2, -104, 1104, 47;
-24, 285, 13, -385, 303, 0, -95, 1113, 51;
-25, 284, 10, -373, 308, -7, -100, 1108, 41;
-24, 285, 10, -351, 320, -7, -94, 1113, 41;
-20, 288, 13, -322, 339, 0, -79, 1127, 51;
-16, 292, 15, -291, 357, 7, -64, 1140, 60;
-17, 291, 13, -274, 360, 1, -66, 1135, 52;
-16, 290, 12, -254, 366, -2, -65, 1134, 48;
-16, 290, 10, -235, 368, -7, -65, 1131, 41;
-10, 295, 15, -195, 390, 7, -41, 1151, 59;
-12, 292, 11, -181, 385, -4, -49, 1140, 45;
-10, 293, 12, -154, 392, -3, -41, 1143, 46;
-10, 291, 10, -134, 390, -9, -42, 1137, 39;
-4, 296, 14, -92, 409, 5, -17, 1158, 58;
-4, 295, 12, -72, 406, 0, -18, 1151, 50;
-3, 294, 12, -47, 405, -2, -14, 1148, 47;
0, 295, 13, -16, 410, 1, -2, 1154, 52;
-2, 292, 9, -1, 398, -10, -11, 1139, 37;
-1, 292, 9, 25, 398, -10, -4, 1138, 37;
3, 295, 12, 62, 406, 0, 14, 1151, 50;
8, 298, 16, 99, 414, 9, 34, 1163, 63;
10, 297, 16, 125, 410, 9, 40, 1161, 62;
10, 295, 14, 145, 400, 3, 39, 1151, 54;
13, 297, 16, 178, 401, 9, 54, 1158, 63;
14, 295, 14, 200, 391, 5, 55, 1150, 57;
17, 295, 16, 229, 388, 9, 66, 1153, 62;
13, 289, 10, 236, 363, -7, 51, 1128, 41;
20, 294, 16, 278, 372, 10, 79, 1147, 63;
18, 290, 13, 293, 353, 1, 73, 1132, 52;
23, 292, 16, 326, 354, 11, 92, 1142, 65;
22, 288, 13, 338, 333, 1, 85, 1125, 52;
24, 288, 14, 362, 323, 4, 94, 1124, 56;
23, 284, 12, 376, 304, -2, 90, 1111, 47;
25, 285, 13, 400, 295, 1, 101, 1111, 52;
29, 286, 16, 427, 289, 9, 115, 1116, 62;
23, 277, 9, 424, 253, -12, 93, 1084, 35;
28, 279, 12, 451, 249, -1, 110, 1091, 49;
29, 278, 12, 466, 233, -2, 113, 1084, 47;
27, 274, 9, 474, 209, -9, 108, 1069, 38;
33, 277, 14, 503, 208, 5, 130, 1082, 57;
29, 271, 10, 501, 176, -9, 115, 1057, 39;
32, 271, 12, 521, 166, -1, 127, 1060, 48;
34, 271, 13, 535, 152, 1, 134, 1058, 53;
31, 266, 10, 534, 124, -8, 124, 1038, 40;
35, 267, 13, 552, 115, 1, 138, 1044, 52;
34, 264, 12, 555, 93, -2, 135, 1032, 47;
33, 261, 11, 557, 70, -6, 132, 1020, 43;
35, 260, 12, 564, 54, -3, 137, 1017, 47;
35, 259, 11, 567, 35, -3, 137, 1010, 46;
36, 257, 12, 571, 18, -1, 141, 1005, 49;
34, 254, 10, 566, -7, -7, 133, 991, 42;
38, 256, 14, 578, -14, 4, 148, 998, 57;
35, 251, 12, 568, -41, -2, 138, 982, 47;
35, 250, 12, 565, -60, -2, 138, 975, 48;
36, 249, 13, 565, -74, 2, 142, 974, 53;
32, 243, 9, 546, -106, -11, 124, 950, 37;
38, 249, 16, 562, -102, 11, 151, 971, 65;
31, 240, 9, 533, -142, -9, 122, 938, 38;
35, 243, 14, 539, -145, 5, 139, 950, 57;
33, 240, 12, 522, -169, 0, 129, 936, 50;
31, 237, 11, 507, -189, -3, 122, 925, 46;
33, 238, 14, 503, -198, 4, 129, 930, 56;
33, 238, 15, 492, -211, 8, 130, 928, 61;
27, 231, 10, 462, -242, -6, 108, 903, 42;
31, 235, 15, 461, -242, 8, 123, 916, 61;
24, 227, 9, 424, -278, -11, 93, 885, 36;
30, 233, 16, 430, -268, 12, 119, 910, 66;
25, 227, 12, 398, -295, 0, 98, 889, 49;
21, 223, 9, 369, -317, -9, 82, 873, 38;
24, 227, 14, 363, -315, 4, 95, 886, 56;
21, 224, 13, 337, -331, 0, 83, 876, 51;
17, 221, 10, 307, -350, -7, 68, 862, 41;
16, 220, 10, 284, -359, -7, 63, 859, 42;
13, 218, 9, 258, -372, -9, 54, 852, 38;
16, 221, 13, 245, -369, 1, 62, 863, 52;
17, 223, 16, 231, -367, 11, 68, 873, 65;
12, 219, 13, 195, -384, 1, 50, 857, 52;
7, 215, 10, 159, -401, -9, 30, 842, 39;
12, 221, 16, 152, -387, 9, 47, 863, 62;
8, 219, 14, 120, -397, 3, 33, 855, 55;
8, 220, 15, 97, -396, 8, 32, 858, 60;
1, 215, 10, 55, -414, -6, 6, 839, 42;
0, 214, 10, 28, -416, -7, 0, 838, 42;
-3, 213, 9, -3, -421, -12, -12, 832, 35;
-2, 215, 11, -23, -415, -5, -11, 840, 43;
-6, 214, 9, -55, -418, -10, -23, 834, 38;
-5, 216, 11, -75, -410, -3, -22, 844, 46;
-7, 216, 12, -101, -406, -2, -27, 845, 47;
-5, 220, 15, -117, -392, 7, -21, 860, 60;
-7, 220, 15, -144, -387, 7, -28, 861, 60;
-14, 216, 10, -185, -398, -8, -54, 843, 40;
-13, 219, 12, -203, -383, 0, -51, 856, 50;
-13, 221, 14, -223, -371, 4, -50, 865, 56;
-18, 218, 10, -261, -377, -9, -74, 851, 39;
-16, 222, 13, -273, -356, 2, -65, 869, 54;
-22, 220, 10, -309, -358, -9, -86, 858, 39;
-19, 224, 13, -319, -336, 2, -76, 877, 54;
-25, 221, 9, -354, -337, -9, -97, 865, 38;
-21, 227, 14, -361, -311, 4, -85, 887, 56;
-22, 229, 15, -379, -296, 6, -87, 895, 59;
-24, 230, 14, -399, -284, 5, -93, 899, 58;
-26, 230, 13, -423, -274, 0, -104, 898, 52;
-31, 227, 9, -453, -272, -11, -124, 888, 36;
-30, 231, 11, -463, -250, -4, -120, 902, 44;
-32, 231, 10, -482, -237, -7, -127, 904, 41;
-30, 236, 13, -488, -212, 1, -120, 921, 52;
-28, 241, 16, -491, -186, 11, -111, 940, 64;
-30, 241, 15, -508, -173, 6, -119, 941, 59;
-31, 242, 15, -520, -156, 6, -122, 947, 59;
-34, 242, 12, -537, -145, 0, -134, 945, 50;
-38, 241, 9, -555, -136, -10, -148, 940, 38;
-37, 244, 11, -559, -113, -5, -144, 952, 43;
-34, 248, 13, -557, -86, 2, -135, 969, 54;
-32, 253, 16, -553, -59, 11, -126, 987, 65;
-32, 255, 16, -557, -39, 12, -126, 995, 65;
-34, 255, 14, -566, -26, 5, -134, 995, 58;
-34, 257, 15, -567, -6, 6, -134, 1003, 58;
-38, 255, 11, -579, 0, -5, -149, 995, 43;
-36, 259, 13, -571, 26, 0, -141, 1010, 51;
-40, 256, 9, -582, 33, -11, -156, 1001, 36;
-36, 262, 12, -568, 62, -1, -142, 1022, 49;
-34, 266, 14, -556, 88, 5, -133, 1037, 57;
-34, 266, 13, -554, 103, 1, -136, 1039, 52;
-36, 266, 11, -553, 115, -4, -142, 1039, 45;
-34, 269, 13, -539, 139, 0, -134, 1052, 51;
-36, 268, 10, -539, 147, -9, -143, 1047, 39;
-31, 274, 14, -513, 179, 5, -122, 1071, 57;
-29, 277, 15, -498, 200, 8, -115, 1082, 61;
-30, 276, 13, -492, 210, 1, -120, 1079, 53;
-28, 279, 14, -473, 230, 5, -112, 1090, 57;
-32, 276, 9, -474, 230, -10, -128, 1077, 38;
-26, 283, 15, -440, 263, 7, -102, 1104, 60;
-30, 279, 9, -440, 260, -10, -119, 1088, 38;
-23, 286, 15, -404, 292, 7, -93, 1115, 60;
-23, 286, 14, -388, 303, 4, -92, 1116, 56;
-23, 286, 13, -372, 312, 0, -91, 1116, 51;
-25, 284, 10, -360, 314, -9, -98, 1109, 39;
-19, 289, 14, -325, 340, 4, -76, 1130, 56;
-20, 288, 12, -309, 343, -2, -79, 1126, 48;
-16, 292, 15, -277, 362, 6, -62, 1140, 58;
-20, 287, 9, -271, 354, -10, -78, 1122, 37;
-12, 294, 15, -228, 380, 7, -49, 1148, 59;
-16, 290, 10, -219, 372, -8, -63, 1131, 40;
-13, 292, 11, -190, 383, -4, -51, 1139, 45;
-13, 291, 10, -169, 383, -9, -51, 1134, 39;
-5, 297, 16, -124, 407, 9, -21, 1160, 62;
-8, 293, 11, -111, 398, -3, -31, 1145, 46;
-1, 298, 16, -69, 416, 10, -6, 1164, 64;
-1, 297, 15, -47, 414, 6, -4, 1160, 59;
-2, 294, 12, -29, 406, -2, -9, 1149, 47;
0, 295, 12, 0, 409, 0, -1, 1151, 49;
3, 297, 15, 33, 415, 6, 14, 1160, 58;
4, 296, 14, 57, 411, 3, 17, 1156, 54;
7, 297, 15, 88, 413, 7, 29, 1161, 60;
10, 298, 16, 119, 414, 12, 41, 1165, 65;
11, 297, 15, 142, 407, 8, 44, 1159, 61;
12, 296, 15, 168, 402, 8, 50, 1157, 61;
9, 291, 10, 178, 380, -7, 36, 1135, 41;
14, 293, 14, 214, 384, 3, 56, 1146, 55;
18, 295, 16, 247, 384, 10, 72, 1152, 64;
19, 293, 15, 268, 373, 8, 74, 1146, 61;
16, 288, 10, 277, 349, -6, 62, 1124, 42;
20, 290, 13, 310, 348, 2, 79, 1132, 54;
20, 288, 12, 329, 334, 0, 81, 1124, 50;
22, 287, 12, 351, 323, 0, 86, 1120, 50;
23, 285, 12, 371, 310, 0, 91, 1115, 49;
23, 283, 11, 387, 293, -5, 90, 1104, 43;
25, 282, 11, 408, 281, -3, 97, 1101, 46;
29, 284, 15, 437, 278, 7, 116, 1110, 60;
31, 283, 15, 455, 263, 7, 120, 1105, 60;
26, 275, 9, 452, 229, -11, 101, 1075, 37;
34, 281, 16, 491, 236, 11, 133, 1098, 65;
31, 276, 12, 493, 207, 0, 121, 1076, 50;
32, 274, 12, 506, 191, 0, 125, 1070, 50;
34, 274, 14, 522, 178, 3, 133, 1069, 55;
33, 270, 12, 528, 154, -1, 129, 1056, 48;
34, 269, 13, 539, 138, 0, 134, 1051, 51;
38, 270, 16, 557, 130, 9, 148, 1056, 62;
33, 263, 10, 548, 94, -7, 129, 1028, 41;
32, 260, 9, 550, 71, -11, 125, 1017, 37;
32, 259, 9, 555, 53, -11, 127, 1010, 37;
36, 260, 13, 570, 45, 0, 142, 1017, 51;
39, 262, 16, 583, 36, 10, 155, 1022, 64;
39, 259, 15, 582, 15, 9, 154, 1013, 62;
37, 256, 13, 576, -10, 2, 145, 998, 54;
37, 254, 13, 574, -29, 2, 145, 991, 54;
35, 250, 11, 565, -55, -3, 137, 976, 46;
39, 253, 16, 577, -58, 11, 155, 988, 65;
36, 248, 13, 561, -87, 1, 141, 968, 52;
37, 248, 15, 561, -99, 8, 147, 969, 61;
36, 245, 14, 550, -122, 4, 141, 958, 56;
31, 239, 10, 528, -153, -8, 122, 935, 40;
31, 238, 11, 520, -169, -6, 122, 931, 42;
34, 240, 14, 519, -176, 3, 132, 937, 55;
34, 240, 15, 511, -188, 9, 136, 937, 62;
32, 237, 14, 493, -209, 4, 126, 925, 56;
32, 236, 15, 481, -223, 6, 126, 922, 59;
31, 234, 15, 465, -239, 6, 121, 916, 58;
30, 233, 15, 448, -254, 6, 118, 910, 59;
28, 231, 14, 427, -272, 3, 109, 901, 55;
22, 225, 9, 395, -299, -10, 88, 879, 38;
21, 224, 10, 377, -311, -8, 85, 876, 40;
22, 224, 11, 361, -319, -4, 85, 877, 45;
20, 223, 11, 340, -331, -3, 80, 873, 46;
23, 226, 15, 330, -330, 8, 90, 883, 61;
16, 220, 10, 291, -357, -8, 64, 859, 40;
16, 220, 11, 271, -364, -5, 62, 859, 44;
16, 221, 13, 252, -368, 0, 62, 862, 50;
15, 221, 13, 230, -373, 2, 59, 862, 53;
16, 223, 16, 213, -372, 10, 63, 869, 63;
10, 218, 12, 176, -391, -1, 42, 853, 49;
11, 220, 15, 158, -388, 6, 46, 861, 59;
10, 221, 15, 134, -390, 9, 42, 862, 62;
7, 219, 14, 103, -399, 4, 30, 854, 56;
8, 221, 16, 83, -395, 11, 31, 862, 64;
1, 215, 11, 39, -414, -5, 4, 840, 43;
1, 217, 13, 19, -408, 1, 6, 849, 52;
-1, 216, 12, -10, -411, -1, -4, 844, 48;
0, 219, 15, -29, -402, 6, 0, 855, 58;
-6, 215, 10, -69, -414, -6, -24, 839, 42;
-7, 216, 11, -94, -409, -4, -28, 843, 45;
-11, 214, 9, -128, -412, -11, -43, 835, 36;
-9, 217, 12, -145, -399, -2, -38, 848, 47;
-13, 216, 10, -177, -400, -8, -52, 843, 40;
-13, 218, 11, -198, -389, -3, -53, 851, 46;
-17, 216, 9, -231, -390, -12, -69, 843, 36;
-12, 224, 16, -233, -359, 10, -47, 875, 64;
-14, 224, 15, -261, -355, 7, -57, 873, 59;
-17, 223, 14, -289, -349, 3, -68, 872, 54;
-18, 225, 14, -309, -336, 5, -71, 879, 58;
-22, 223, 12, -339, -334, -2, -87, 873, 47;
-20, 227, 15, -352, -313, 6, -81, 888, 58;
-27, 223, 10, -389, -317, -9, -106, 873, 39;
-22, 231, 16, -390, -285, 9, -87, 901, 62;
-26, 229, 12, -418, -281, 0, -104, 894, 50;
-31, 227, 9, -447, -277, -11, -122, 886, 36;
-25, 235, 16, -443, -241, 9, -100, 918, 63;
-29, 234, 13, -468, -234, 1, -115, 913, 52;
-27, 238, 16, -474, -209, 10, -107, 930, 63;
-34, 234, 10, -506, -211, -7, -133, 914, 41;
-33, 237, 12, -514, -189, -3, -130, 926, 47;
-33, 240, 13, -522, -168, 0, -129, 937, 51;
-33, 242, 13, -532, -150, 0, -131, 944, 51;
-31, 246, 16, -532, -122, 10, -122, 963, 63;
-33, 246, 14, -546, -109, 4, -131, 962, 56;
-33, 249, 15, -551, -89, 6, -130, 972, 59;
-32, 252, 16, -553, -66, 10, -127, 984, 63;
-33, 253, 16, -558, -48, 9, -129, 990, 62;
-37, 251, 11, -575, -42, -3, -146, 980, 46;
-32, 258, 16, -560, -7, 12, -127, 1007, 66;
-34, 258, 15, -567, 6, 6, -134, 1008, 59;
-37, 257, 12, -575, 16, -2, -145, 1004, 47;
-33, 262, 15, -563, 46, 8, -132, 1024, 61;
-33, 264, 15, -560, 65, 7, -131, 1031, 60;
-39, 260, 9, -574, 65, -10, -153, 1015, 37;
-37, 263, 11, -564, 89, -6, -146, 1027, 42;
-37, 264, 10, -559, 105, -8, -147, 1032, 40;
-34, 268, 12, -543, 131, 0, -136, 1048, 49;
-36, 268, 10, -541, 143, -7, -142, 1046, 41;
-32, 273, 13, -520, 170, 2, -127, 1065, 53;
-30, 276, 15, -503, 193, 7, -117, 1079, 60;
-30, 277, 14, -492, 208, 5, -117, 1082, 57;
-33, 274, 10, -493, 211, -8, -131, 1071, 40;
-27, 281, 15, -460, 244, 9, -105, 1099, 62;
-31, 277, 10, -461, 243, -8, -122, 1083, 40;
-27, 282, 13, -435, 266, 0, -107, 1099, 51;
-30, 279, 9, -428, 270, -10, -117, 1091, 37;
-22, 287, 16, -389, 303, 9, -87, 1121, 62;
-28, 281, 9, -391, 295, -12, -109, 1099, 35;
-24, 285, 11, -362, 316, -3, -93, 1114, 46;
-23, 286, 11, -342, 326, -5, -90, 1117, 44;
-17, 291, 15, -307, 350, 7, -68, 1137, 60;
-15, 293, 16, -282, 362, 9, -60, 1143, 62;
-17, 291, 13, -268, 362, 0, -66, 1135, 51;
-15, 291, 12, -245, 369, -1, -62, 1136, 49;
-14, 292, 13, -219, 378, 0, -54, 1141, 50;
-9, 295, 15, -186, 393, 8, -38, 1154, 61;
-14, 290, 9, -179, 380, -11, -55, 1132, 37;
-5, 297, 16, -132, 407, 10, -22, 1161, 64;
-5, 296, 15, -109, 407, 6, -20, 1157, 59;
-3, 297, 15, -83, 411, 6, -14, 1159, 58;
-7, 291, 9, -74, 395, -11, -30, 1137, 36;
-3, 293, 11, -41, 404, -5, -15, 1146, 44;
0, 295, 12, -9, 409, 0, -2, 1152, 50;
0, 294, 11, 13, 405, -4, 0, 1147, 45;
2, 295, 12, 43, 407, -1, 9, 1150, 49;
2, 293, 11, 65, 400, -6, 10, 1144, 43;
8, 296, 14, 104, 409, 5, 31, 1157, 57;
5, 292, 10, 117, 392, -7, 21, 1139, 41;
12, 297, 16, 161, 405, 10, 50, 1160, 63;
8, 290, 10, 168, 380, -8, 33, 1134, 40;
10, 290, 10, 194, 375, -7, 40, 1133, 41;
12, 290, 11, 221, 369, -6, 48, 1132, 43;
19, 294, 16, 261, 377, 9, 74, 1149, 62;
19, 292, 14, 281, 363, 4, 74, 1139, 56;
17, 288, 11, 295, 344, -4, 69, 1124, 45;
21, 290, 14, 326, 343, 4, 85, 1131, 56;
25, 291, 16, 355, 338, 10, 98, 1135, 64;
26, 289, 16, 375, 325, 9, 102, 1129, 62;
28, 289, 16, 397, 314, 11, 110, 1127, 64;
29, 287, 16, 417, 301, 11, 115, 1122, 65;
26, 282, 12, 423, 274, -1, 104, 1101, 49;
28, 282, 13, 444, 263, 2, 113, 1100, 54;
28, 278, 11, 454, 242, -3, 109, 1087, 46;
30, 278, 13, 475, 231, 1, 119, 1087, 52;
27, 273, 9, 477, 202, -11, 107, 1065, 36;
33, 276, 14, 507, 202, 5, 131, 1079, 57;
36, 277, 16, 525, 190, 10, 141, 1080, 64;
36, 275, 16, 537, 173, 10, 144, 1073, 64;
34, 270, 13, 538, 146, 1, 135, 1056, 53;
30, 264, 9, 533, 114, -12, 120, 1032, 35;
33, 265, 11, 549, 103, -4, 132, 1035, 45;
38, 267, 15, 567, 96, 7, 148, 1042, 60;
39, 266, 16, 575, 81, 10, 153, 1039, 64;
38, 263, 15, 575, 58, 6, 149, 1027, 59;
35, 258, 12, 568, 28, -3, 138, 1007, 46;
35, 256, 11, 569, 8, -4, 137, 999, 45;
35, 254, 12, 570, -9, -3, 138, 993, 47;
36, 253, 12, 572, -26, 0, 142, 990, 50;
38, 253, 14, 575, -39, 5, 148, 989, 57;
34, 248, 11, 562, -68, -4, 135, 970, 45;
34, 247, 11, 558, -86, -3, 135, 964, 46;
38, 250, 16, 566, -91, 10, 151, 975, 64;
36, 246, 14, 553, -115, 5, 142, 961, 57;
31, 240, 9, 530, -148, -9, 122, 936, 38;
30, 237, 9, 518, -168, -11, 117, 927, 36;
32, 238, 12, 515, -177, -3, 125, 930, 46;
28, 234, 9, 495, -203, -12, 111, 913, 36;
32, 237, 14, 497, -205, 3, 126, 926, 54;
33, 237, 16, 489, -215, 9, 131, 928, 63;
32, 235, 15, 472, -232, 8, 125, 920, 61;
24, 228, 9, 436, -267, -11, 97, 890, 36;
25, 228, 11, 425, -275, -4, 101, 892, 44;
27, 230, 14, 415, -281, 3, 107, 898, 55;
21, 224, 9, 382, -309, -10, 84, 875, 37;
20, 222, 9, 361, -323, -11, 78, 869, 36;
22, 225, 12, 351, -324, 0, 86, 878, 50;
18, 221, 10, 321, -343, -8, 71, 864, 40;
19, 222, 12, 306, -347, -1, 74, 869, 49;
19, 223, 13, 287, -353, 2, 74, 870, 54;
15, 220, 11, 256, -368, -3, 60, 859, 46;
12, 218, 10, 228, -381, -7, 48, 850, 41;
11, 217, 10, 204, -388, -7, 43, 848, 42;
11, 219, 12, 185, -388, 0, 45, 854, 49;
12, 220, 15, 166, -386, 6, 48, 861, 59;
11, 221, 15, 143, -389, 9, 44, 862, 62;
5, 216, 11, 102, -407, -4, 21, 844, 45;
3, 216, 11, 76, -410, -4, 14, 842, 44;
7, 220, 16, 65, -396, 11, 27, 861, 64;
0, 215, 11, 20, -415, -6, 0, 839, 43;
-2, 214, 10, -8, -418, -8, -11, 836, 39;
0, 218, 14, -23, -405, 3, -1, 852, 55;
0, 220, 16, -43, -397, 10, 0, 860, 64;
-6, 216, 12, -83, -408, -2, -23, 845, 47;
-10, 214, 9, -118, -413, -11, -40, 835, 36;
-11, 215, 10, -143, -407, -9, -45, 839, 39;
-12, 216, 10, -168, -401, -8, -50, 842, 40;
-13, 217, 11, -191, -392, -5, -52, 848, 44;
-14, 219, 12, -213, -383, -2, -55, 854, 47;
-16, 219, 11, -241, -378, -5, -65, 854, 44;
-19, 218, 10, -269, -374, -8, -75, 852, 39;
-15, 224, 15, -276, -348, 7, -60, 877, 60;
-18, 224, 13, -305, -343, 2, -73, 873, 53;
-22, 222, 11, -335, -341, -5, -89, 867, 43;
-24, 223, 11, -356, -329, -5, -94, 872, 44;
-25, 224, 10, -379, -318, -6, -101, 875, 42;
-25, 227, 12, -395, -301, -2, -100, 885, 48;
-26, 228, 12, -413, -286, -1, -104, 891, 48;
-26, 231, 14, -426, -266, 4, -101, 904, 56;
-29, 230, 11, -451, -259, -3, -115, 899, 46;
-29, 233, 13, -462, -239, 1, -113, 912, 53;
-32, 233, 11, -484, -230, -5, -125, 909, 44;
-31, 235, 12, -495, -210, -1, -124, 920, 49;
-29, 240, 15, -499, -183, 7, -116, 938, 60;
-35, 236, 10, -527, -183, -8, -139, 924, 40;
-35, 240, 11, -534, -161, -4, -137, 936, 45;
-34, 242, 12, -540, -139, 0, -134, 947, 50;
-33, 246, 14, -544, -116, 3, -131, 959, 55;
-35, 247, 13, -554, -100, 1, -136, 963, 52;
-35, 248, 13, -560, -81, 1, -137, 971, 53;
-34, 252, 15, -560, -57, 6, -132, 984, 59;
-32, 255, 16, -559, -34, 10, -128, 996, 64;
-38, 251, 10, -580, -33, -7, -151, 981, 41;
-40, 252, 9, -584, -17, -10, -156, 984, 37;
-34, 259, 15, -566, 20, 7, -133, 1013, 60;
-39, 256, 9, -582, 21, -10, -155, 999, 38;
-36, 260, 12, -570, 49, -1, -143, 1017, 48;
-33, 265, 15, -557, 78, 7, -130, 1036, 60;
-37, 262, 10, -566, 82, -7, -148, 1024, 42;
-32, 269, 15, -545, 116, 8, -127, 1050, 61;
-30, 272, 16, -533, 138, 12, -120, 1062, 66;
-36, 267, 10, -544, 137, -7, -142, 1044, 41;
-37, 268, 9, -537, 151, -10, -144, 1047, 37;
-36, 270, 9, -525, 170, -10, -140, 1054, 38;
-33, 273, 11, -507, 192, -4, -130, 1067, 45;
-31, 276, 12, -491, 211, -2, -124, 1077, 48;
-28, 280, 14, -469, 235, 5, -111, 1092, 57;
-25, 283, 16, -446, 257, 11, -99, 1106, 65;
-25, 283, 15, -435, 268, 7, -101, 1106, 59;
-23, 286, 16, -413, 287, 11, -91, 1117, 65;
-29, 280, 9, -415, 279, -10, -113, 1095, 38;
-22, 287, 14, -380, 308, 5, -89, 1119, 57;
-26, 283, 10, -375, 306, -9, -102, 1106, 39;
-18, 291, 16, -334, 338, 10, -72, 1135, 64;
-17, 291, 15, -314, 347, 8, -70, 1136, 60;
-20, 288, 12, -302, 346, -3, -78, 1126, 47;
-14, 294, 16, -265, 370, 11, -54, 1147, 64;
-12, 295, 16, -241, 378, 10, -49, 1150, 64;
-17, 289, 10, -236, 367, -9, -67, 1129, 39;
-12, 293, 13, -202, 383, 0, -49, 1143, 51;
-7, 297, 16, -165, 401, 11, -29, 1160, 65;
-8, 295, 14, -148, 398, 3, -33, 1151, 54;
-10, 291, 10, -133, 391, -8, -41, 1138, 40;
-4, 296, 14, -93, 408, 5, -18, 1156, 57;
0, 299, 16, -59, 418, 12, -2, 1166, 66;
-2, 296, 13, -43, 410, 1, -8, 1154, 53;
0, 296, 14, -14, 413, 3, 0, 1157, 55;
-1, 293, 11, 2, 403, -6, -5, 1145, 43;
0, 293, 11, 29, 402, -6, 1, 1144, 43;
3, 294, 12, 60, 404, -2, 12, 1148, 47;
7, 296, 14, 94, 409, 4, 28, 1157, 57;
3, 290, 9, 104, 389, -12, 13, 1134, 35;
12, 297, 16, 153, 408, 11, 49, 1162, 64;
7, 290, 9, 158, 381, -9, 29, 1133, 38;
9, 290, 9, 184, 375, -9, 35, 1131, 38;
12, 291, 11, 215, 374, -3, 49, 1136, 46;
15, 292, 13, 245, 371, 0, 61, 1139, 52;
15, 289, 11, 262, 355, -6, 58, 1127, 43;
20, 292, 14, 297, 358, 5, 79, 1138, 58;
20, 289, 13, 316, 344, 1, 80, 1129, 53;
19, 286, 10, 330, 324, -6, 75, 1115, 42;
23, 287, 13, 361, 322, 2, 92, 1122, 54;
26, 288, 15, 388, 316, 8, 105, 1125, 61;
28, 287, 16, 408, 303, 9, 110, 1121, 62;
29, 286, 16, 427, 290, 9, 116, 1116, 62;
30, 284, 15, 444, 274, 8, 119, 1109, 61;
28, 280, 12, 452, 250, 0, 112, 1093, 50;
29, 278, 12, 468, 234, 0, 115, 1086, 50;
32, 279, 15, 490, 225, 6, 128, 1089, 58;
35, 279, 16, 510, 215, 12, 138, 1090, 65;
32, 273, 12, 510, 185, 0, 126, 1068, 50;
34, 273, 14, 526, 172, 3, 135, 1067, 55;
30, 267, 9, 523, 140, -10, 120, 1043, 38;
35, 270, 14, 546, 136, 3, 139, 1054, 55;
32, 264, 10, 541, 105, -9, 125, 1031, 39;
35, 265, 12, 556, 94, 0, 137, 1034, 49;
36, 264, 13, 566, 79, 2, 143, 1032, 54;
36, 262, 13, 570, 60, 2, 144, 1024, 53;
37, 261, 14, 574, 42, 3, 146, 1018, 55;
38, 260, 15, 579, 25, 6, 150, 1015, 59;
39, 259, 16, 583, 9, 9, 154, 1011, 62;
38, 256, 15, 579, -12, 6, 150, 1000, 59;
36, 252, 13, 571, -38, 0, 142, 985, 51;
39, 254, 16, 578, -46, 10, 154, 992, 64;
37, 250, 14, 567, -72, 4, 145, 976, 55;
31, 243, 9, 546, -107, -11, 124, 950, 36;
34, 244, 12, 548, -117, -2, 133, 953, 47;
33, 243, 12, 540, -134, -1, 132, 948, 48;
35, 243, 14, 537, -146, 4, 137, 948, 56;
30, 237, 10, 513, -178, -9, 118, 925, 39;
29, 235, 9, 500, -197, -10, 113, 916, 37;
29, 234, 10, 490, -211, -8, 113, 913, 40;
31, 236, 13, 486, -217, 2, 123, 920, 53;
26, 230, 9, 458, -246, -10, 103, 898, 37;
32, 235, 16, 463, -241, 10, 125, 918, 63;
27, 230, 12, 435, -267, 0, 107, 899, 49;
22, 225, 9, 406, -292, -12, 88, 880, 35;
29, 232, 16, 411, -282, 12, 114, 905, 66;
24, 227, 13, 380, -306, 1, 95, 886, 52;
23, 225, 13, 359, -319, 0, 89, 881, 51;
18, 221, 10, 328, -340, -9, 72, 865, 39;
18, 222, 11, 311, -346, -3, 73, 867, 46;
17, 221, 11, 287, -356, -4, 67, 863, 45;
13, 218, 9, 257, -372, -10, 53, 851, 37;
14, 219, 11, 240, -374, -3, 56, 857, 46;
13, 219, 12, 216, -381, -2, 51, 855, 47;
14, 221, 14, 199, -380, 5, 54, 862, 57;
11, 219, 13, 170, -389, 2, 44, 856, 53;
6, 215, 10, 134, -405, -8, 25, 841, 40;
11, 221, 16, 127, -389, 11, 43, 864, 65;
5, 217, 13, 90, -404, 0, 22, 849, 51;
3, 217, 12, 62, -407, 0, 15, 847, 50;
6, 221, 16, 48, -396, 12, 24, 862, 66;
1, 217, 13, 11, -407, 2, 5, 850, 54;
-3, 215, 10, -24, -416, -6, -12, 838, 42;
-3, 216, 12, -47, -411, -2, -14, 844, 47;
-5, 216, 12, -75, -409, -3, -21, 844, 47;
-6, 217, 13, -98, -403, 0, -24, 849, 51;
-8, 217, 12, -126, -401, -1, -32, 849, 49;
-10, 217, 12, -154, -398, -3, -41, 848, 47;
-13, 217, 11, -183, -395, -6, -51, 847, 43;
-16, 216, 9, -212, -393, -10, -63, 844, 38;
-13, 221, 14, -223, -372, 4, -51, 864, 56;
-14, 222, 14, -247, -363, 4, -56, 868, 57;
-18, 221, 12, -277, -360, -1, -70, 864, 49;
-16, 225, 15, -292, -342, 6, -65, 878, 59;
-19, 224, 13, -319, -336, 2, -77, 876, 54;
-23, 223, 11, -350, -333, -5, -92, 870, 43;
-26, 222, 9, -376, -326, -10, -104, 868, 37;
-25, 226, 11, -390, -307, -3, -100, 882, 46;
-27, 227, 11, -409, -293, -3, -105, 887, 46;
-28, 228, 11, -430, -281, -5, -112, 890, 43;
-26, 233, 15, -435, -254, 6, -102, 910, 58;
-31, 230, 11, -464, -252, -6, -121, 900, 43;
-29, 235, 13, -471, -227, 2, -114, 917, 54;
-28, 238, 15, -481, -206, 7, -112, 929, 60;
-34, 234, 10, -511, -206, -8, -136, 915, 39;
-28, 243, 16, -503, -168, 12, -113, 947, 66;
-33, 241, 13, -525, -161, 1, -129, 940, 52;
-33, 243, 13, -533, -142, 2, -130, 949, 54;
-36, 242, 11, -551, -132, -6, -143, 945, 43;
-38, 243, 10, -562, -117, -8, -148, 948, 39;
-37, 245, 10, -566, -96, -6, -147, 958, 42;
-39, 246, 9, -576, -81, -11, -154, 959, 36;
-37, 250, 11, -573, -55, -4, -147, 975, 45;
-38, 251, 11, -577, -37, -5, -149, 981, 44;
-35, 256, 14, -570, -9, 3, -138, 999, 54;
-34, 259, 15, -567, 12, 6, -134, 1010, 58;
-35, 260, 14, -568, 29, 3, -137, 1014, 55;
-39, 258, 10, -578, 36, -8, -152, 1006, 40;
-32, 266, 16, -555, 75, 11, -126, 1038, 65;
-33, 267, 15, -553, 91, 8, -129, 1041, 61;
-35, 266, 13, -554, 102, 0, -137, 1039, 52;
-32, 270, 15, -540, 128, 7, -126, 1054, 60;
-32, 272, 15, -532, 146, 7, -125, 1060, 60;
-33, 271, 13, -529, 157, 0, -130, 1059, 51;
-33, 272, 12, -521, 172, -2, -131, 1062, 48;
-36, 271, 9, -518, 180, -11, -140, 1057, 36;
-35, 272, 9, -505, 197, -11, -136, 1063, 37;
-29, 278, 14, -476, 228, 3, -115, 1087, 54;
-27, 281, 15, -458, 247, 6, -107, 1097, 58;
-28, 280, 12, -448, 255, 0, -111, 1095, 50;
-23, 285, 16, -419, 282, 11, -93, 1114, 64;
-24, 285, 15, -404, 292, 7, -93, 1115, 59;
-26, 283, 11, -398, 293, -5, -104, 1104, 44;
-23, 286, 13, -370, 313, 2, -89, 1119, 53;
-20, 289, 14, -345, 329, 6, -80, 1128, 58;
-17, 292, 16, -317, 347, 12, -66, 1140, 66;
-22, 286, 10, -315, 337, -8, -86, 1119, 40;
-18, 290, 12, -285, 354, -1, -72, 1131, 49;
-20, 287, 9, -271, 353, -11, -79, 1121, 36;
-13, 293, 14, -230, 379, 5, -51, 1146, 57;
-10, 295, 15, -202, 389, 8, -41, 1152, 61;
-13, 292, 11, -189, 383, -3, -51, 1139, 46;
-11, 292, 11, -163, 390, -3, -44, 1142, 46;
-10, 292, 10, -140, 391, -6, -41, 1140, 42;
-10, 291, 9, -118, 391, -11, -40, 1136, 37;
-7, 292, 10, -89, 397, -8, -30, 1141, 40;
-1, 297, 14, -48, 413, 5, -6, 1158, 57;
1, 298, 15, -17, 418, 9, 4, 1163, 62;
16, 27, 7, 2317, 4607, 1016, 65, 108, 30;
0, 26, 7, 2513, 4398, 2247, 3, 103, 29;
10, 6, 3, 3777, 2655, 1838, 39, 26, 15;
13, 29, 1, 3887, 4771, 2334, 51, 116, 7;
20, 24, 12, 1492, 2614, 1108, 78, 95, 46;
14, 16, 8, 1861, 4566, 2553, 54, 66, 32;
0, 7, 4, 2439, 4171, 1880, 3, 30, 16;
20, 16, 9, 3508, 2329, 1635, 79, 63, 36;
14, 20, 8, 4345, 2221, 2634, 55, 78, 32;
16, 6, 0, 3883, 2678, 1343, 64, 25, 0;
1, 18, 11, 4222, 2985, 1382, 7, 71, 43;
8, 3, 12, 3136, 4740, 2533, 34, 11, 49;
17, 4, 7, 2544, 3544, 2004, 67, 18, 29;
1, 11, 0, 2500, 3157, 2617, 5, 44, 3;
15, 4, 7, 2499, 3784, 1326, 60, 16, 27;
11, 30, 10, 3541, 4686, 1171, 43, 119, 39;
0, 15, 12, 2551, 4406, 1635, 2, 59, 49;
7, 0, 12, 1982, 5211, 2264, 29, 1, 50;
16, 17, 1, 2638, 3394, 1356, 64, 67, 5;
4, 17, 10, 3228, 2932, 1525, 17, 69, 41;
4, 22, 2, 1957, 1987, 2868, 18, 89, 10;
9, 10, 1, 2148, 2200, 1136, 38, 41, 4;
4, 28, 5, 1548, 3026, 2085, 16, 111, 22;
3, 17, 10, 3342, 5295, 2912, 14, 69, 41;
14, 14, 6, 3038, 2928, 2108, 56, 54, 24;
2, 15, 6, 4221, 5401, 1048, 8, 61, 26;
4, 20, 4, 1478, 4220, 1521, 16, 80, 16;
4, 19, 7, 2243, 3303, 1098, 16, 75, 28;
16, 1, 1, 1820, 3768, 1247, 62, 6, 4;
9, 3, 1, 1975, 2773, 1202, 38, 14, 7;
2, 7, 3, 1937, 5370, 1300, 9, 29, 14;
1, 28, 0, 3751, 3592, 1904, 4, 112, 2;
8, 28, 6, 3139, 3617, 2209, 32, 111, 24;
15, 4, 3, 3482, 2389, 1236, 59, 15, 13;
14, 17, 7, 3432, 3015, 1177, 54, 67, 29;
9, 3, 3, 2838, 3661, 2692, 36, 12, 15;
7, 9, 10, 3995, 5079, 2023, 29, 37, 41;
14, 20, 2, 3589, 2367, 1935, 58, 80, 8;
4, 3, 4, 2558, 5131, 2809, 16, 14, 18;
16, 2, 9, 3331, 1955, 1987, 64, 10, 37;
5, 15, 3, 3181, 2139, 1199, 23, 58, 13;
18, 7, 3, 4035, 3781, 1610, 72, 27, 15;
5, 30, 7, 2286, 2108, 1336, 20, 120, 28;
2, 9, 2, 3222, 3197, 1717, 9, 35, 11;
2, 17, 11, 2948, 3085, 2477, 9, 66, 44;
8, 21, 9, 3864, 3058, 2497, 33, 84, 36;
6, 30, 10, 2587, 2985, 2162, 23, 120, 42;
1, 1, 5, 2748, 2542, 1254, 7, 6, 23;
10, 24, 3, 3751, 3462, 998, 39, 95, 12;
18, 18, 6, 1957, 2746, 1244, 70, 71, 24;
6, 28, 5, 2357, 3774, 1282, 24, 110, 22;
1, 1, 1, 4163, 1847, 1059, 4, 4, 7;
7, 9, 6, 4038, 1992, 2601, 28, 36, 26;
12, 4, 7, 2547, 2833, 1297, 48, 17, 28;
5, 2, 4, 3991, 2018, 1369, 21, 9, 18;
6, 26, 8, 1690, 2214, 2445, 25, 102, 32;
17, 27, 12, 2744, 5328, 2407, 67, 105, 48;
11, 23, 1, 2084, 3048, 2493, 46, 92, 4;
14, 24, 9, 4091, 3632, 2728, 56, 94, 36;
20, 7, 6, 1825, 2011, 1800, 78, 27, 26;
20, 26, 1, 1912, 3115, 2115, 78, 103, 7;
11, 2, 7, 1748, 5397, 2327, 44, 10, 30;
8, 11, 9, 1850, 2528, 2376, 34, 45, 36;
10, 5, 2, 2029, 3566, 1513, 39, 19, 11;
14, 16, 5, 4329, 4855, 2854, 55, 66, 19;
12, 31, 10, 2445, 3076, 2900, 48, 122, 39;
13, 9, 5, 3586, 5088, 2304, 50, 35, 23;
17, 12, 1, 3770, 2402, 2617, 66, 48, 4;
8, 8, 5, 3685, 4254, 1837, 32, 33, 22;
9, 27, 6, 3626, 2216, 1857, 35, 105, 24;
0, 16, 5, 4397, 4123, 1370, 3, 62, 22;
13, 1, 7, 1963, 3618, 1596, 50, 4, 28;
9, 24, 10, 2378, 5350, 1721, 35, 94, 42;
4, 27, 2, 3597, 4370, 1971, 18, 108, 7;
6, 18, 5, 3412, 2748, 1110, 25, 72, 19;
5, 14, 3, 4057, 2603, 2040, 23, 56, 12;
19, 6, 12, 4372, 5122, 1794, 77, 23, 48;
3, 30, 0, 1671, 4381, 2049, 15, 120, 1;
18, 4, 4, 3824, 2864, 1011, 71, 17, 18;
20, 8, 5, 3335, 4521, 1620, 81, 33, 23;
636, 806, 519, 5246, 4591, 3115, 2482, 3144, 2026;
634, 799, 495, 5017, 4387, 2969, 2475, 3116, 1931;
572, 783, 437, 4862, 4257, 2895, 2233, 3056, 1707;
513, 904, 357, 4659, 4077, 2769, 2002, 3528, 1393;
603, 710, 314, 4451, 3892, 2635, 2351, 2772, 1225;
552, 841, 351, 4286, 3749, 2541, 2153, 3282, 1369;
579, 659, 337, 4107, 3592, 2431, 2258, 2572, 1317;
571, 730, 326, 3959, 3463, 2348, 2227, 2849, 1272;
518, 648, 375, 3797, 3320, 2249, 2023, 2530, 1466;
426, 780, 358, 3659, 3202, 2172, 1661, 3044, 1396;
443, 701, 251, 3523, 3083, 2094, 1728, 2734, 982;
394, 760, 256, 3368, 2946, 1996, 1537, 2964, 998;
359, 742, 311, 3254, 2848, 1935, 1400, 2894, 1215;
434, 594, 216, 3099, 2709, 1832, 1693, 2317, 846;
362, 558, 270, 2992, 2617, 1775, 1412, 2178, 1056;
419, 630, 262, 2902, 2542, 1733, 1635, 2458, 1024;
363, 596, 273, 2761, 2416, 1638, 1415, 2324, 1067;
349, 585, 229, 2648, 2316, 1568, 1361, 2283, 896;
364, 498, 187, 2576, 2257, 1539, 1421, 1943, 730;
326, 536, 216, 2464, 2158, 1468, 1271, 2092, 845;
334, 532, 173, 2338, 2044, 1381, 1305, 2076, 677;
283, 596, 163, 2264, 1981, 1344, 1106, 2328, 639;
300, 571, 179, 2177, 1905, 1293, 1170, 2228, 699;
240, 564, 187, 2067, 1806, 1218, 939, 2201, 732;
281, 460, 188, 2018, 1767, 1202, 1096, 1795, 733;
268, 445, 153, 1907, 1666, 1123, 1045, 1737, 598;
242, 504, 178, 1846, 1614, 1093, 945, 1969, 695;
193, 461, 172, 1759, 1536, 1035, 755, 1798, 671;
222, 434, 143, 1694, 1480, 999, 868, 1696, 560;
187, 495, 162, 1638, 1432, 969, 731, 1933, 633;
209, 417, 126, 1602, 1405, 960, 817, 1627, 494;
211, 424, 137, 1527, 1338, 911, 826, 1656, 538;
205, 440, 138, 1437, 1255, 844, 802, 1719, 539;
192, 415, 129, 1387, 1212, 818, 750, 1621, 505;
151, 394, 100, 1361, 1193, 814, 589, 1538, 392;
148, 440, 91, 1273, 1112, 748, 577, 1718, 358;
165, 433, 104, 1265, 1110, 760, 645, 1690, 405;
134, 423, 97, 1195, 1046, 710, 525, 1653, 378;
170, 428, 109, 1161, 1017, 695, 666, 1670, 427;
130, 413, 84, 1112, 974, 664, 508, 1612, 329;
130, 365, 100, 1051, 918, 621, 508, 1425, 391;
112, 367, 84, 1015, 887, 601, 440, 1435, 329;
121, 366, 88, 961, 838, 563, 472, 1430, 346;
123, 371, 65, 920, 802, 538, 482, 1447, 255;
104, 372, 87, 914, 801, 547, 407, 1452, 342;
104, 342, 75, 874, 765, 522, 405, 1336, 296;
97, 340, 64, 851, 747, 513, 379, 1326, 252;
117, 338, 58, 799, 698, 473, 459, 1318, 227;
105, 366, 68, 746, 650, 434, 410, 1429, 267;
100, 369, 59, 754, 661, 453, 392, 1441, 230;
77, 326, 54, 701, 612, 412, 302, 1275, 213;
77, 342, 49, 678, 592, 401, 300, 1336, 192;
88, 358, 51, 677, 595, 411, 343, 1396, 199;
74, 345, 56, 619, 540, 363, 289, 1345, 222;
79, 311, 55, 586, 510, 340, 309, 1214, 215;
63, 315, 42, 560, 488, 324, 247, 1231, 165;
66, 330, 43, 541, 471, 314, 259, 1287, 170;
55, 333, 37, 515, 448, 297, 217, 1300, 146;
73, 304, 35, 507, 442, 297, 286, 1187, 139;
64, 307, 44, 475, 413, 274, 251, 1201, 173;
72, 317, 44, 490, 430, 296, 281, 1238, 172;
59, 318, 41, 466, 409, 280, 231, 1243, 162;
58, 322, 33, 452, 397, 274, 227, 1256, 130;
48, 312, 30, 401, 349, 230, 190, 1218, 120;
53, 305, 36, 382, 331, 217, 209, 1190, 141;
55, 314, 34, 406, 357, 248, 215, 1228, 135;
50, 293, 35, 388, 341, 235, 195, 1144, 138;
53, 295, 37, 374, 329, 228, 207, 1150, 144;
42, 293, 24, 335, 291, 194, 165, 1144, 94;
45, 293, 30, 334, 293, 200, 176, 1143, 117;
36, 291, 26, 305, 265, 176, 142, 1138, 104;
35, 295, 19, 289, 250, 164, 137, 1151, 75;
42, 291, 27, 292, 255, 172, 164, 1137, 107;
35, 291, 23, 288, 253, 173, 139, 1138, 93;
31, 293, 19, 251, 217, 140, 124, 1145, 75;
31, 294, 24, 275, 242, 169, 124, 1148, 93;
34, 289, 20, 248, 217, 146, 133, 1128, 79;
32, 284, 24, 246, 216, 148, 125, 1110, 95;
29, 282, 25, 253, 224, 159, 115, 1101, 100;
32, 289, 19, 229, 201, 139, 128, 1130, 74;
1, 256, 0, -1, -1, -1, 4, 998, 2;
1, 256, 0, 0, 0, 0, 4, 999, 2;
1, 256, 0, 0, 0, 0, 4, 999, 2;
1, 256, 1, 1, 1, 1, 6, 1001, 4;
1, 256, 0, 0, 0, 0, 4, 999, 2;
1, 256, 0, 0, 0, 0, 5, 999, 3;
1, 256, 0, -1, -1, -1, 4, 999, 2;
1, 256, 0, 0, 0, 0, 5, 1000, 3;
1, 256, 1, 1, 1, 1, 6, 1001, 4;
1, 256, 0, 0, 0, 0, 4, 999, 2;
1, 256, 0, 0, 0, 0, 4, 999, 2;
1, 256, 1, 1, 1, 1, 6, 1001, 4;
1, 256, 0, -1, -1, -1, 4, 999, 2;
1, 256, 0, 0, 0, 0, 4, 999, 2;
1, 256, 0, -1, -1, -1, 4, 999, 2;
1, 256, 0, -1, -1, -1, 4, 999, 2;
1, 256, 0, 0, 0, 0, 5, 1000, 3;
1, 256, 0, 0, 0, 0, 5, 1000, 3;
1, 256, 0, 0, 0, 0, 5, 1000, 3;
1, 256, 0, -1, -1, -1, 3, 998, 1;
1, 256, 0, -1, -1, -1, 4, 999, 2;
1, 256, 0, 1, 1, 1, 5, 1000, 3;
1, 256, 0, 1, 1, 1, 5, 1000, 3;
1, 256, 0, 1, 1, 1, 5, 1000, 3;
1, 256, 0, 0, 0, 0, 5, 1000, 3;
1, 256, 0, 0, 0, 0, 5, 1000, 3;
1, 256, 0, -1, -1, -1, 4, 999, 2;
1, 256, 0, -1, -1, -1, 4, 999, 2;
1, 256, 1, 1, 1, 1, 6, 1001, 4;
1, 256, 1, 1, 1, 1, 5, 1000, 3;
1, 256, 0, 0, 0, 0, 5, 1000, 3;
1, 256, 0, -1, -1, -1, 4, 999, 2;
1, 256, 0, 0, 0, 0, 5, 1000, 3;
1, 256, 0, 0, 0, 0, 5, 1000, 3;
1, 256, 0, -1, -1, -1, 3, 998, 1;
1, 256, 0, 0, 0, 0, 5, 1000, 3;
1, 256, 1, 1, 1, 1, 6, 1000, 4;
1, 256, 1, 1, 1, 1, 6, 1001, 4;
1, 256, 0, 0, 0, 0, 5, 1000, 3;
1, 256, 0, 0, 0, 0, 4, 999, 2;
1, 256, 0, 0, 0, 0, 5, 1000, 3;
1, 256, 0, 0, 0, 0, 5, 1000, 3;
1, 256, 0, -1, -1, -1, 3, 998, 1;
1, 256, 0, -1, -1, -1, 3, 998, 1;
1, 256, 0, -1, -1, -1, 4, 999, 2;
1, 256, 0, 0, 0, 0, 5, 1000, 3;
1, 256, 0, 0, 0, 0, 5, 999, 2;
1, 256, 0, -1, -1, -1, 4, 999, 2;
1, 256, 0, -1, -1, -1, 4, 999, 2;
1, 256, 0, 0, 0, 0, 4, 999, 2;
1, 256, 0, 0, 0, 0, 4, 999, 2;
1, 256, 0, -1, -1, -1, 4, 999, 2;
1, 256, 0, 0, 0, 0, 5, 1000, 3;
1, 256, 1, 1, 1, 1, 6, 1000, 4;
1, 256, 0, -1, -1, -1, 4, 998, 2;
1, 256, 0, 1, 1, 1, 5, 1000, 3;
1, 256, 1, 1, 1, 1, 6, 1000, 4;
0, 256, 0, -1, -1, -1, 3, 998, 1;
1, 256, 0, -1, -1, -1, 4, 999, 2;
1, 256, 0, 1, 1, 1, 5, 1000, 3;
1, 256, 1, 1, 1, 1, 5, 1000, 3;
1, 256, 0, 0, 0, 0, 5, 999, 3;
1, 256, 0, 0, 0, 0, 5, 1000, 3;
1, 256, 0, 0, 0, 0, 4, 999, 2;
0, 256, 0, -1, -1, -1, 3, 998, 1;
1, 256, 0, -1, -1, -1, 4, 998, 1;
1, 256, 0, 1, 1, 1, 5, 1000, 3;
1, 256, 0, 1, 1, 1, 5, 1000, 3;
1, 256, 0, 1, 1, 1, 5, 1000, 3;
1, 256, 0, 0, 0, 0, 4, 999, 2;
1, 256, 0, 0, 0, 0, 4, 999, 2;
1, 256, 0, 0, 0, 0, 4, 999, 2;
1, 256, 0, 0, 0, 0, 4, 999, 2;
1, 256, 0, 1, 1, 1, 5, 1000, 3;
1, 256, 0, -1, -1, -1, 4, 999, 2;
1, 256, 0, -1, -1, -1, 4, 999, 2;
1, 256, 0, -1, -1, -1, 4, 999, 2;
1, 256, 1, 1, 1, 1, 5, 1000, 3;
1, 256, 0, 0, 0, 0, 4, 999, 2;
1, 256, 1, 1, 1, 1, 6, 1001, 4;
1, 256, 0, 0, 0, 0, 4, 999, 2;
1, 256, 0, 0, 0, 0, 4, 999, 2;
1, 256, 0, 0, 0, 0, 4, 999, 2;
1, 256, 0, -1, -1, -1, 4, 999, 2;
1, 256, 0, -1, -1, -1, 4, 999, 2;
1, 256, 0, 0, 0, 0, 4, 999, 2;
1, 256, 0, 1, 1, 1, 5, 1000, 3;
1, 256, 0, 0, 0, 0, 5, 999, 3;
1, 256, 1, 1, 1, 1, 6, 1001, 4;
1, 256, 1, 1, 1, 1, 6, 1000, 3;
1, 256, 0, 1, 1, 1, 5, 1000, 3;
1, 256, 0, -1, -1, -1, 4, 999, 2;
1, 256, 0, 0, 0, 0, 5, 1000, 3;
1, 256, 0, 0, 0, 0, 5, 1000, 3;
1, 256, 0, 1, 1, 1, 5, 1000, 3;
1, 256, 0, -1, -1, -1, 4, 998, 1;
1, 256, 0, 1, 1, 1, 5, 1000, 3;
1, 256, 0, 0, 0, 0, 4, 999, 2;
1, 256, 0, 0, 0, 0, 5, 1000, 3;
1, 256, 0, 0, 0, 0, 4, 999, 2;
1, 256, 0, 1, 1, 1, 5, 1000, 3;
1, 256, 0, 0, 0, 0, 4, 999, 2;
1, 256, 0, -1, -1, -1, 3, 998, 1;
1, 256, 0, -1, -1, -1, 3, 998, 1;
1, 256, 0, -1, -1, -1, 4, 999, 2;
1, 256, 0, -1, -1, -1, 4, 999, 2;
1, 256, 1, 1, 1, 1, 6, 1000, 3;
1, 256, 0, 1, 1, 1, 5, 1000, 3;
1, 256, 1, 1, 1, 1, 6, 1001, 4;
1, 256, 1, 1, 1, 1, 6, 1001, 4;
1, 256, 0, 1, 1, 1, 5, 1000, 3;
1, 256, 0, 0, 0, 0, 5, 1000, 3;
1, 256, 0, -1, -1, -1, 4, 999, 2;
1, 256, 0, -1, -1, -1, 4, 999, 2;
1, 256, 0, -1, -1, -1, 4, 999, 2;
1, 256, 0, 1, 1, 1, 5, 1000, 3;
1, 256, 0, 0, 0, 0, 4, 999, 2;
1, 256, 1, 1, 1, 1, 6, 1001, 4;
1, 256, 0, 0, 0, 0, 4, 999, 2;
1, 256, 0, 0, 0, 0, 5, 1000, 3;
1, 256, 0, 0, 0, 0, 5, 1000, 3;
1, 256, 0, 1, 1, 1, 5, 1000, 3;
1, 256, 0, 0, 0, 0, 4, 999, 2;
1, 256, 0, 0, 0, 0, 5, 1000, 3;
1, 256, 0, -1, -1, -1, 4, 999, 2;
1, 256, 0, -1, -1, -1, 3, 998, 1;
1, 256, 0, 0, 0, 0, 5, 999, 3;
1, 256, 0, 0, 0, 0, 5, 1000, 3;
1, 256, 0, 0, 0, 0, 4, 999, 2;
1, 256, 0, 0, 0, 0, 5, 1000, 3;
1, 256, 0, -1, -1, -1, 3, 998, 1;
1, 256, 0, -1, -1, -1, 4, 998, 2;
1, 256, 0, 0, 0, 0, 4, 999, 2;
1, 256, 0, 1, 1, 1, 5, 1000, 3;
1, 256, 0, 0, 0, 0, 5, 1000, 3;
1, 256, 0, -1, -1, -1, 4, 999, 2;
1, 256, 0, 1, 1, 1, 5, 1000, 3;
1, 256, 0, 0, 0, 0, 5, 1000, 3;
1, 256, 0, 0, 0, 0, 4, 999, 2;
1, 256, 0, 0, 0, 0, 5, 1000, 3;
1, 256, 1, 1, 1, 1, 6, 1001, 4;
1, 256, 0, -1, -1, -1, 4, 999, 2;
1, 256, 0, 0, 0, 0, 5, 1000, 3;
1, 256, 1, 1, 1, 1, 5, 1000, 3;
1, 256, 1, 1, 1, 1, 6, 1001, 4;
1, 256, 1, 1, 1, 1, 6, 1001, 4;
1, 256, 0, 0, 0, 0, 5, 1000, 3;
1, 256, 0, 0, 0, 0, 4, 999, 2;
1, 256, 0, 0, 0, 0, 4, 999, 2;
1, 256, 0, -1, -1, -1, 3, 998, 1;
1, 256, 1, 1, 1, 1, 6, 1001, 4;
1, 256, 0, 0, 0, 0, 5, 1000, 3;
1, 256, 0, -1, -1, -1, 4, 999, 2;
1, 256, 0, 1, 1, 1, 5, 1000, 3;
1, 256, 0, -1, -1, -1, 4, 999, 2;
1, 256, 1, 1, 1, 1, 6, 1000, 4;
1, 256, 0, 0, 0, 0, 4, 999, 2;
1, 256, 0, 0, 0, 0, 5, 1000, 3;
1, 256, 0, 0, 0, 0, 4, 999, 2;
1, 256, 0, 0, 0, 0, 5, 1000, 3;
1, 256, 0, -1, -1, -1, 3, 998, 1;
1, 256, 1, 1, 1, 1, 5, 1000, 3;
1, 256, 0, -1, -1, -1, 4, 999, 2;
1, 256, 0, -1, -1, -1, 4, 999, 2;
1, 256, 0, -1, -1, -1, 3, 998, 1;
1, 256, 0, -1, -1, -1, 4, 999, 2;
1, 256, 0, 0, 0, 0, 4, 999, 2;
1, 256, 1, 1, 1, 1, 6, 1001, 4;
1, 256, 0, 1, 1, 1, 5, 1000, 3;
1, 256, 1, 1, 1, 1, 5, 1000, 3;
1, 256, 0, 0, 0, 0, 5, 1000, 3;
1, 256, 0, 0, 0, 0, 4, 999, 2;
1, 256, 0, 0, 0, 0, 4, 999, 2;
1, 256, 1, 1, 1, 1, 5, 1000, 3;
1, 256, 0, 0, 0, 0, 5, 1000, 3;
1, 256, 1, 1, 1, 1, 5, 1000, 3;
1, 256, 0, -1, -1, -1, 3, 998, 1;
1, 256, 0, 0, 0, 0, 4, 999, 2;
1, 256, 0, -1, -1, -1, 4, 999, 2;
1, 256, 0, 0, 0, 0, 4, 999, 2;
1, 256, 0, 0, 0, 0, 5, 1000, 3;
1, 256, 1, 1, 1, 1, 6, 1000, 3;
1, 256, 0, 0, 0, 0, 5, 1000, 3;
1, 256, 0, 0, 0, 0, 5, 1000, 3;
1, 256, 0, 0, 0, 0, 5, 1000, 3;
1, 256, 1, 1, 1, 1, 6, 1001, 4;
1, 256, 0, 0, 0, 0, 4, 999, 2;
1, 256, 1, 1, 1, 1, 6, 1001, 4;
1, 256, 0, -1, -1, -1, 3, 998, 1;
1, 256, 0, 0, 0, 0, 5, 1000, 3;
1, 256, 0, 0, 0, 0, 5, 1000, 3;
1, 256, 0, 0, 0, 0, 5, 1000, 3;
1, 256, 0, 0, 0, 0, 4, 999, 2;
1, 256, 0, 0, 0, 0, 5, 1000, 3;
1, 256, 0, 1, 1, 1, 5, 1000, 3;
1, 256, 0, -1, -1, -1, 3, 998, 1;
1, 256, 1, 1, 1, 1, 5, 1000, 3;
1, 256, 0, 1, 1, 1, 5, 1000, 3;
1, 256, 0, -1, -1, -1, 4, 999, 2;
1, 256, 0, 0, 0, 0, 5, 1000, 3;
1, 256, 0, 0, 0, 0, 4, 999, 2;
1, 256, 0, 0, 0, 0, 4, 999, 2;
1, 256, 0, 0, 0, 0, 5, 1000, 3;
1, 256, 0, -1, -1, -1, 4, 999, 2;
1, 256, 0, -1, -1, -1, 4, 998, 1;
1, 256, 0, -1, -1, -1, 4, 999, 2;
1, 256, 1, 1, 1, 1, 6, 1001, 4;
1, 256, 0, 0, 0, 0, 4, 999, 2;
1, 256, 0, 1, 1, 1, 5, 1000, 3;
1, 256, 0, 1, 1, 1, 5, 1000, 3;
1, 256, 0, 1, 1, 1, 5, 1000, 3;
1, 256, 1, 1, 1, 1, 6, 1001, 4;
1, 256, 0, 0, 0, 0, 5, 1000, 3;
1, 256, 1, 1, 1, 1, 6, 1001, 4;
1, 256, 0, 0, 0, 0, 5, 1000, 3;
1, 256, 0, -1, -1, -1, 4, 999, 2;
1, 256, 0, 0, 0, 0, 5, 1000, 3;
1, 256, 0, 0, 0, 0, 5, 1000, 3;
1, 256, 0, 0, 0, 0, 5, 1000, 3;
1, 256, 0, 0, 0, 0, 4, 999, 2;
1, 256, 0, 0, 0, 0, 5, 1000, 3;
1, 256, 0, 0, 0, 0, 5, 1000, 3;
1, 256, 0, 0, 0, 0, 4, 999, 2;
1, 256, 0, 0, 0, 0, 5, 1000, 3;
1, 256, 0, -1, -1, -1, 4, 999, 2;
1, 256, 0, 1, 1, 1, 5, 1000, 3;
1, 256, 0, -1, -1, -1, 3, 998, 1;
1, 256, 1, 1, 1, 1, 6, 1000, 4;
1, 256, 1, 1, 1, 1, 6, 1001, 4;
1, 256, 0, 0, 0, 0, 5, 1000, 3;
1, 256, 0, -1, -1, -1, 3, 998, 1;
1, 256, 0, -1, -1, -1, 4, 999, 2;
1, 256, 1, 1, 1, 1, 6, 1001, 4;
1, 256, 0, 0, 0, 0, 4, 999, 2;
1, 256, 0, -1, -1, -1, 4, 999, 2;
1, 256, 0, 0, 0, 0, 4, 999, 2;
1, 256, 0, -1, -1, -1, 4, 999, 2;
1, 256, 0, 0, 0, 0, 4, 999, 2;
1, 256, 0, -1, -1, -1, 4, 998, 1;
1, 256, 0, 0, 0, 0, 4, 999, 2;
1, 256, 0, 0, 0, 0, 4, 999, 2;
1, 256, 0, -1, -1, -1, 4, 999, 2;
1, 256, 0, -1, -1, -1, 4, 999, 2;
1, 256, 0, 0, 0, 0, 5, 1000, 3;
1, 256, 1, 1, 1, 1, 6, 1001, 4;
1, 256, 0, 0, 0, 0, 4, 999, 2;
1, 256, 0, 0, 0, 0, 4, 999, 2;
1, 256, 0, 1, 1, 1, 5, 1000, 3;
1, 256, 0, 0, 0, 0, 5, 1000, 3;
1, 256, 0, 0, 0, 0, 4, 999, 2;
1, 256, 0, 0, 0, 0, 5, 999, 3;
1, 256, 0, 1, 1, 1, 5, 1000, 3;
1, 256, 0, -1, -1, -1, 4, 999, 2;
1, 256, 1, 1, 1, 1, 6, 1001, 4;
1, 256, 0, 0, 0, 0, 5, 1000, 3;
1, 256, 0, -1, -1, -1, 4, 999, 2;
1, 256, 0, 0, 0, 0, 4, 999, 2;
1, 256, 0, 0, 0, 0, 5, 1000, 3;
1, 256, 0, 0, 0, 0, 5, 1000, 3;
1, 256, 0, 0, 0, 0, 5, 1000, 3;
1, 256, 0, 0, 0, 0, 5, 1000, 3;
1, 256, 0, 0, 0, 0, 4, 999, 2;
1, 256, 1, 1, 1, 1, 6, 1001, 4;
1, 256, 0, -1, -1, -1, 4, 999, 2;
1, 256, 0, 0, 0, 0, 5, 999, 2;
1, 256, 0, 0, 0, 0, 4, 999, 2;
1, 256, 0, 0, 0, 0, 4, 999, 2;
1, 256, 0, 0, 0, 0, 5, 1000, 3;
1, 256, 0, 0, 0, 0, 4, 999, 2;
1, 256, 1, 1, 1, 1, 5, 1000, 3;
1, 256, 0, -1, -1, -1, 4, 999, 2;
1, 256, 1, 1, 1, 1, 5, 1000, 3;
1, 256, 0, 0, 0, 0, 5, 999, 3;
1, 256, 1, 1, 1, 1, 6, 1000, 4;
1, 256, 0, 0, 0, 0, 5, 1000, 3;
1, 256, 1, 1, 1, 1, 6, 1001, 4;
1, 256, 0, 0, 0, 0, 5, 1000, 3;
1, 256, 0, 0, 0, 0, 5, 1000, 3;
1, 256, 0, 0, 0, 0, 4, 999, 2;
1, 256, 0, 0, 0, 0, 5, 1000, 3;
1, 256, 0, -1, -1, -1, 3, 998, 1;
1, 256, 0, 0, 0, 0, 5, 1000, 3;
1, 256, 0, -1, -1, -1, 4, 999, 2;
1, 256, 0, -1, -1, -1, 4, 999, 2;
1, 256, 1, 1, 1, 1, 5, 1000, 3;
1, 256, 0, -1, -1, -1, 4, 999, 2;
1, 256, 1, 1, 1, 1, 5, 1000, 3;
1, 256, 1, 1, 1, 1, 5, 1000, 3;
1, 256, 0, -1, -1, -1, 4, 999, 2;
1, 256, 1, 1, 1, 1, 6, 1000, 4;
1, 256, 1, 1, 1, 1, 6, 1001, 4;
1, 256, 0, -1, -1, -1, 4, 998, 2;
1, 256, 0, 0, 0, 0, 4, 999, 2;
1, 256, 0, 0, 0, 0, 4, 999, 2;
1, 256, 0, -1, -1, -1, 4, 999, 2;
1, 256, 0, 0, 0, 0, 5, 1000, 3;
1, 256, 0, 0, 0, 0, 5, 1000, 3;
1, 256, 0, -1, -1, -1, 4, 999, 2;
1, 256, 0, -1, -1, -1, 4, 999, 2;
1, 256, 0, -1, -1, -1, 4, 999, 2;
1, 256, 0, 0, 0, 0, 5, 999, 3;
1, 256, 1, 1, 1, 1, 6, 1000, 4;
1, 256, 0, -1, -1, -1, 4, 999, 2;
1, 256, 0, 1, 1, 1, 5, 1000, 3;
1, 256, 0, 0, 0, 0, 5, 1000, 3;
1, 256, 0, 0, 0, 0, 4, 999, 2;
1, 256, 1, 1, 1, 1, 6, 1001, 4;
1, 256, 0, 0, 0, 0, 4, 999, 2;
1, 256, 1, 1, 1, 1, 6, 1001, 4;
1, 256, 1, 1, 1, 1, 6, 1001, 4;
1, 256, 0, -1, -1, -1, 4, 999, 2;
1, 256, 0, 0, 0, 0, 5, 999, 3;
1, 256, 0, 0, 0, 0, 5, 1000, 3;
1, 256, 0, 1, 1, 1, 5, 1000, 3;
1, 256, 1, 1, 1, 1, 6, 1001, 4;
1, 256, 1, 1, 1, 1, 6, 1001, 4;
1, 256, 0, 0, 0, 0, 5, 999, 2;
1, 256, 0, -1, -1, -1, 3, 998, 1;
1, 256, 0, 0, 0, 0, 5, 1000, 3;
1, 256, 0, -1, -1, -1, 4, 998, 2;
1, 256, 0, 0, 0, 0, 5, 1000, 3;
1, 256, 0, 1, 1, 1, 5, 1000, 3;
1, 256, 0, -1, -1, -1, 4, 998, 1;
1, 256, 1, 1, 1, 1, 5, 1000, 3;
1, 256, 1, 1, 1, 1, 6, 1001, 4;
1, 256, 0, 0, 0, 0, 5, 1000, 3;
1, 256, 1, 1, 1, 1, 5, 1000, 3;
1, 256, 0, 1, 1, 1, 5, 1000, 3;
1, 256, 0, 0, 0, 0, 5, 1000, 3;
1, 256, 0, 0, 0, 0, 4, 999, 2;
1, 256, 0, 1, 1, 1, 5, 1000, 3;
1, 256, 0, 0, 0, 0, 4, 999, 2;
1, 256, 0, 0, 0, 0, 5, 1000, 3;
1, 256, 0, 0, 0, 0, 5, 1000, 3;
1, 256, 0, 0, 0, 0, 4, 999, 2;
1, 256, 0, 0, 0, 0, 4, 999, 2;
1, 256, 1, 1, 1, 1, 6, 1001, 4;
1, 256, 0, 0, 0, 0, 5, 1000, 3;
1, 256, 1, 1, 1, 1, 6, 1001, 4;
1, 256, 0, 0, 0, 0, 5, 1000, 3;
1, 256, 0, 0, 0, 0, 5, 1000, 3;
1, 256, 0, 0, 0, 0, 5, 1000, 3;
1, 256, 1, 1, 1, 1, 6, 1000, 3;
1, 256, 0, 1, 1, 1, 5, 1000, 3;
1, 256, 0, 0, 0, 0, 4, 999, 2;
1, 256, 0, -1, -1, -1, 4, 999, 2;
1, 256, 0, 1, 1, 1, 5, 1000, 3;
1, 256, 0, 0, 0, 0, 5, 1000, 3;
1, 256, 0, 1, 1, 1, 5, 1000, 3;
1, 256, 1, 1, 1, 1, 6, 1000, 3;
1, 256, 0, 1, 1, 1, 5, 1000, 3;
1, 256, 0, 0, 0, 0, 4, 999, 2;
1, 256, 0, 1, 1, 1, 5, 1000, 3;
1, 256, 0, 0, 0, 0, 4, 999, 2;
1, 256, 0, 0, 0, 0, 5, 1000, 3;
1, 256, 1, 1, 1, 1, 6, 1001, 4;
1, 256, 0, 0, 0, 0, 5, 1000, 3;
1, 256, 0, 1, 1, 1, 5, 1000, 3;
1, 256, 0, 0, 0, 0, 5, 999, 3;
1, 256, 0, 0, 0, 0, 5, 1000, 3;
1, 256, 0, -1, -1, -1, 3, 998, 1;
1, 256, 0, 0, 0, 0, 4, 999, 2;
1, 256, 1, 1, 1, 1, 6, 1001, 4;
1, 256, 0, 0, 0, 0, 5, 1000, 3;
1, 256, 0, -1, -1, -1, 3, 998, 1;
1, 256, 0, 0, 0, 0, 5, 1000, 3;
1, 256, 0, 0, 0, 0, 4, 999, 2;
1, 256, 0, 0, 0, 0, 4, 999, 2;
1, 256, 0, 0, 0, 0, 5, 999, 3;
1, 256, 0, -1, -1, -1, 3, 998, 1;
1, 256, 0, 0, 0, 0, 5, 1000, 3;
1, 256, 0, -1, -1, -1, 4, 999, 2;
1, 256, 0, 1, 1, 1, 5, 1000, 3;
1, 256, 1, 1, 1, 1, 6, 1000, 4;
0, 256, 0, -1, -1, -1, 3, 998, 1;
1, 256, 0, 1, 1, 1, 5, 1000, 3;
1, 256, 0, 1, 1, 1, 5, 1000, 3;
1, 256, 0, 1, 1, 1, 5, 1000, 3;
1, 256, 0, 0, 0, 0, 4, 999, 2;
1, 256, 0, -1, -1, -1, 4, 999, 2;
1, 256, 0, -1, -1, -1, 4, 999, 2;
1, 256, 0, 0, 0, 0, 5, 1000, 3;
1, 256, 0, 1, 1, 1, 5, 1000, 3;
1, 256, 0, 0, 0, 0, 5, 1000, 3;
1, 256, 0, 0, 0, 0, 4, 999, 2;
1, 256, 0, 0, 0, 0, 5, 999, 2;
1, 256, 0, -1, -1, -1, 4, 998, 2;
1, 256, 1, 1, 1, 1, 6, 1001, 4;
1, 256, 1, 1, 1, 1, 6, 1001, 4;
1, 256, 0, 0, 0, 0, 5, 999, 2;
1, 256, 0, -1, -1, -1, 4, 998, 2;
1, 256, 1, 1, 1, 1, 6, 1000, 4;
1, 256, 0, -1, -1, -1, 4, 998, 2;
1, 256, 0, 1, 1, 1, 5, 1000, 3;
1, 256, 0, -1, -1, -1, 4, 999, 2;
1, 256, 0, -1, -1, -1, 4, 999, 2;
1, 256, 0, 0, 0, 0, 4, 999, 2;
0, 256, 0, -1, -1, -1, 3, 998, 1;
1, 256, 0, -1, -1, -1, 4, 999, 2;
1, 256, 0, -1, -1, -1, 4, 999, 2;
1, 256, 0, 0, 0, 0, 5, 999, 3;
1, 256, 0, 1, 1, 1, 5, 1000, 3;
1, 256, 0, 0, 0, 0, 5, 1000, 3;
1, 256, 0, 0, 0, 0, 5, 1000, 3;
1, 256, 0, 0, 0, 0, 5, 1000, 3;
1, 256, 1, 1, 1, 1, 6, 1001, 4;
1, 256, 0, -1, -1, -1, 4, 999, 2;
1, 256, 0, -1, -1, -1, 4, 999, 2;
1, 256, 0, 0, 0, 0, 4, 999, 2;
1, 256, 0, 0, 0, 0, 5, 1000, 3;
1, 256, 0, 0, 0, 0, 4, 999, 2;
1, 256, 0, 0, 0, 0, 4, 999, 2;
1, 256, 0, 0, 0, 0, 5, 999, 2;
1, 256, 0, 0, 0, 0, 5, 1000, 3;
1, 256, 0, 0, 0, 0, 5, 1000, 3;
1, 256, 0, 0, 0, 0, 4, 999, 2;
1, 256, 0, 0, 0, 0, 4, 999, 2;
1, 256, 0, 0, 0, 0, 5, 1000, 3;
1, 256, 0, 0, 0, 0, 5, 1000, 3;
1, 256, 0, 0, 0, 0, 4, 999, 2;
1, 256, 0, 0, 0, 0, 5, 1000, 3;
1, 256, 0, -1, -1, -1, 4, 999, 2;
1, 256, 1, 1, 1, 1, 5, 1000, 3;
1, 256, 0, 0, 0, 0, 5, 1000, 3;
1, 256, 0, 0, 0, 0, 5, 1000, 3;
1, 256, 1, 1, 1, 1, 6, 1001, 4;
1, 256, 0, 0, 0, 0, 4, 999, 2;
1, 256, 0, -1, -1, -1, 4, 998, 1;
1, 256, 0, 0, 0, 0, 5, 999, 2;
1, 256, 1, 1, 1, 1, 6, 1001, 4;
0, 256, 0, -1, -1, -1, 3, 998, 1;
1, 256, 0, -1, -1, -1, 4, 999, 2;
1, 256, 0, -1, -1, -1, 4, 999, 2;
1, 256, 0, -1, -1, -1, 4, 999, 2;
1, 256, 0, 0, 0, 0, 5, 1000, 3;
1, 256, 0, 0, 0, 0, 5, 1000, 3;
1, 256, 0, 0, 0, 0, 5, 1000, 3;
1, 256, 0, 0, 0, 0, 5, 1000, 3;
1, 256, 0, -1, -1, -1, 4, 999, 2;
1, 256, 0, 0, 0, 0, 5, 1000, 3;
1, 256, 1, 1, 1, 1, 6, 1000, 4;
1, 256, 1, 1, 1, 1, 5, 1000, 3;
1, 256, 0, -1, -1, -1, 3, 998, 1;
1, 256, 0, 0, 0, 0, 4, 999, 2;
1, 256, 0, -1, -1, -1, 3, 998, 1;
1, 256, 0, 0, 0, 0, 4, 999, 2;
1, 256, 0, 1, 1, 1, 5, 1000, 3;
1, 256, 0, -1, -1, -1, 3, 998, 1;
1, 256, 0, 0, 0, 0, 5, 1000, 3;
1, 256, 1, 1, 1, 1, 6, 1001, 4;
1, 256, 0, -1, -1, -1, 4, 999, 2;
1, 256, 0, -1, -1, -1, 4, 999, 2;
1, 256, 0, 0, 0, 0, 5, 1000, 3;
1, 256, 0, -1, -1, -1, 4, 999, 2;
1, 256, 0, 0, 0, 0, 4, 999, 2;
1, 256, 0, 0, 0, 0, 5, 1000, 3;
1, 256, 0, -1, -1, -1, 4, 999, 2;
1, 256, 0, 0, 0, 0, 4, 999, 2;
1, 256, 0, 0, 0, 0, 4, 999, 2;
1, 256, 1, 1, 1, 1, 6, 1001, 4;
1, 256, 0, 1, 1, 1, 5, 1000, 3;
1, 256, 0, -1, -1, -1, 3, 998, 1;
1, 256, 0, 1, 1, 1, 5, 1000, 3;
1, 256, 0, 0, 0, 0, 5, 1000, 3;
1, 256, 1, 1, 1, 1, 6, 1001, 4;
1, 256, 0, 0, 0, 0, 5, 1000, 3;
1, 256, 0, 1, 1, 1, 5, 1000, 3;
1, 256, 0, -1, -1, -1, 4, 999, 2;
1, 256, 0, 0, 0, 0, 4, 999, 2;
1, 256, 0, 0, 0, 0, 5, 1000, 3;
1, 256, 0, -1, -1, -1, 4, 999, 2;
1, 256, 0, 0, 0, 0, 5, 1000, 3;
1, 256, 1, 1, 1, 1, 5, 1000, 3;
1, 256, 0, 0, 0, 0, 4, 999, 2;
1, 256, 0, 0, 0, 0, 5, 1000, 3;
1, 256, 1, 1, 1, 1, 6, 1000, 4;
1, 256, 0, 0, 0, 0, 5, 1000, 3;
1, 256, 0, 0, 0, 0, 4, 999, 2;
1, 256, 0, 1, 1, 1, 5, 1000, 3;
1, 256, 0, -1, -1, -1, 3, 998, 1;
1, 256, 0, 0, 0, 0, 5, 1000, 3;
1, 256, 0, 0, 0, 0, 5, 1000, 3;
1, 256, 1, 1, 1, 1, 5, 1000, 3;
1, 256, 0, 0, 0, 0, 4, 999, 2;
1, 256, 0, 0, 0, 0, 4, 999, 2;
1, 256, 0, 0, 0, 0, 5, 1000, 3;
1, 256, 0, -1, -1, -1, 4, 999, 2;
1, 256, 0, 0, 0, 0, 4, 999, 2;
1, 256, 0, 0, 0, 0, 4, 999, 2;
1, 256, 1, 1, 1, 1, 6, 1000, 4;
1, 256, 0, 0, 0, 0, 4, 999, 2;
1, 256, 0, 0, 0, 0, 4, 999, 2;
1, 256, 0, -1, -1, -1, 4, 998, 2;
1, 256, 0, 1, 1, 1, 5, 1000, 3;
1, 256, 0, 0, 0, 0, 4, 999, 2;
1, 256, 1, 1, 1, 1, 6, 1000, 4;
1, 256, 1, 1, 1, 1, 6, 1000, 3;
1, 256, 0, -1, -1, -1, 4, 998, 1;
1, 256, 0, 0, 0, 0, 5, 1000, 3;
1, 256, 0, 0, 0, 0, 4, 999, 2;
1, 256, 1, 1, 1, 1, 6, 1001, 4;
1, 256, 0, -1, -1, -1, 3, 998, 1;
1, 256, 0, 0, 0, 0, 4, 999, 2;
1, 256, 0, 0, 0, 0, 5, 1000, 3;
1, 256, 0, 0, 0, 0, 5, 1000, 3;
1, 256, 1, 1, 1, 1, 6, 1001, 4;
1, 256, 0, 0, 0, 0, 4, 999, 2;
1, 256, 1, 1, 1, 1, 6, 1001, 4;
1, 256, 0, 0, 0, 0, 5, 1000, 3;
1, 256, 0, 0, 0, 0, 5, 1000, 3;
1, 256, 0, 0, 0, 0, 4, 999, 2;
1, 256, 0, -1, -1, -1, 4, 998, 1;
1, 256, 1, 1, 1, 1, 6, 1000, 4;
1, 256, 0, 0, 0, 0, 5, 1000, 3;
1, 256, 1, 1, 1, 1, 6, 1001, 4;
1, 256, 0, 0, 0, 0, 4, 999, 2;
1, 256, 0, 1, 1, 1, 5, 1000, 3;
1, 256, 1, 1, 1, 1, 5, 1000, 3;
1, 256, 1, 1, 1, 1, 5, 1000, 3;
1, 256, 0, 0, 0, 0, 4, 999, 2;
1, 256, 1, 1, 1, 1, 6, 1000, 3;
1, 256, 1, 1, 1, 1, 6, 1001, 4;
1, 256, 0, -1, -1, -1, 3, 998, 1;
1, 256, 0, 0, 0, 0, 4, 999, 2;
1, 256, 1, 1, 1, 1, 6, 1001, 4;
1, 256, 0, 0, 0, 0, 4, 999, 2;
1, 256, 1, 1, 1, 1, 6, 1000, 4;
1, 256, 0, -1, -1, -1, 3, 998, 1;
1, 256, 0, -1, -1, -1, 4, 999, 2;
1, 256, 0, 0, 0, 0, 4, 999, 2;
1, 256, 1, 1, 1, 1, 6, 1001, 4;
1, 256, 0, 0, 0, 0, 5, 1000, 3;
1, 256, 0, -1, -1, -1, 4, 999, 2;
1, 256, 1, 1, 1, 1, 6, 1001, 4;
1, 256, 0, 0, 0, 0, 4, 999, 2;
1, 256, 0, 0, 0, 0, 4, 999, 2;
1, 256, 0, 0, 0, 0, 5, 1000, 3;
1, 256, 1, 1, 1, 1, 5, 1000, 3;
1, 256, 0, 0, 0, 0, 5, 1000, 3;
1, 256, 1, 1, 1, 1, 5, 1000, 3;
1, 256, 0, 0, 0, 0, 4, 999, 2;
1, 256, 0, 0, 0, 0, 5, 1000, 3;
1, 256, 1, 1, 1, 1, 6, 1001, 4;
1, 256, 0, 0, 0, 0, 5, 1000, 3;
1, 256, 0, 0, 0, 0, 5, 1000, 3;
1, 256, 1, 1, 1, 1, 6, 1000, 4;
1, 256, 1, 1, 1, 1, 6, 1001, 4;
1, 256, 1, 1, 1, 1, 6, 1001, 4;
1, 256, 1, 1, 1, 1, 5, 1000, 3;
1, 256, 0, 0, 0, 0, 5, 1000, 3;
1, 256, 1, 1, 1, 1, 6, 1001, 4;
1, 256, 0, -1, -1, -1, 4, 998, 1;
1, 256, 0, -1, -1, -1, 4, 999, 2;
1, 256, 1, 1, 1, 1, 5, 1000, 3;
1, 256, 0, 0, 0, 0, 5, 1000, 3;
0, 256, 0, -1, -1, -1, 3, 998, 1;
1, 256, 0, -1, -1, -1, 4, 999, 2;
1, 256, 0, 1, 1, 1, 5, 1000, 3;
1, 256, 1, 1, 1, 1, 6, 1001, 4;
1, 256, 0, -1, -1, -1, 4, 999, 2;
1, 256, 0, 0, 0, 0, 5, 1000, 3;
1, 256, 0, -1, -1, -1, 3, 998, 1;
1, 256, 0, 0, 0, 0, 5, 1000, 3;
1, 256, 0, -1, -1, -1, 4, 998, 1;
1, 256, 0, 0, 0, 0, 5, 1000, 3;
1, 256, 0, 0, 0, 0, 4, 999, 2;
1, 256, 0, 0, 0, 0, 5, 999, 2;
1, 256, 0, -1, -1, -1, 4, 998, 1;
1, 256, 0, -1, -1, -1, 4, 999, 2;
1, 256, 1, 1, 1, 1, 6, 1001, 4;
1, 256, 0, 0, 0, 0, 5, 1000, 3;
1, 256, 0, 0, 0, 0, 5, 1000, 3;
1, 256, 0, 0, 0, 0, 4, 999, 2;
1, 256, 0, 0, 0, 0, 5, 1000, 3;
1, 256, 0, 0, 0, 0, 5, 999, 3;
1, 256, 0, 0, 0, 0, 4, 999, 2;
1, 256, 0, 0, 0, 0, 5, 1000, 3;
1, 256, 0, 0, 0, 0, 5, 999, 3;
1, 256, 0, 0, 0, 0, 5, 1000, 3;
1, 256, 0, 0, 0, 0, 4, 999, 2;
1, 256, 0, 0, 0, 0, 4, 999, 2;
1, 256, 0, -1, -1, -1, 4, 998, 1;
1, 256, 0, 0, 0, 0, 4, 999, 2;
1, 256, 0, 0, 0, 0, 5, 1000, 3;
0, 256, 0, -1, -1, -1, 3, 998, 1;
1, 256, 0, 1, 1, 1, 5, 1000, 3;
1, 256, 0, -1, -1, -1, 4, 999, 2;
1, 256, 0, 0, 0, 0, 4, 999, 2;
1, 256, 0, 0, 0, 0, 4, 999, 2;
1, 256, 1, 1, 1, 1, 6, 1000, 3;
1, 256, 1, 1, 1, 1, 5, 1000, 3;
1, 256, 0, 1, 1, 1, 5, 1000, 3;
1, 256, 0, 0, 0, 0, 5, 1000, 3;
1, 256, 0, 0, 0, 0, 4, 999, 2;
1, 256, 0, -1, -1, -1, 4, 999, 2;
1, 256, 0, 0, 0, 0, 5, 1000, 3;
1, 256, 0, 0, 0, 0, 4, 999, 2;
1, 256, 0, -1, -1, -1, 4, 999, 2;
1, 256, 0, -1, -1, -1, 4, 999, 2;
1, 256, 0, -1, -1, -1, 4, 999, 2;
1, 256, 0, 0, 0, 0, 5, 1000, 3;
1, 256, 1, 1, 1, 1, 6, 1001, 4;
1, 256, 0, -1, -1, -1, 4, 999, 2;
1, 256, 0, -1, -1, -1, 4, 999, 2;
1, 256, 0, 0, 0, 0, 4, 999, 2;
1, 256, 0, 0, 0, 0, 5, 1000, 3;
1, 256, 0, 0, 0, 0, 5, 1000, 3;
1, 256, 0, 0, 0, 0, 4, 999, 2;
1, 256, 1, 1, 1, 1, 6, 1001, 4;
1, 256, 0, -1, -1, -1, 4, 999, 2;
1, 256, 0, 0, 0, 0, 5, 1000, 3;
1, 256, 0, -1, -1, -1, 4, 999, 2;
1, 256, 0, -1, -1, -1, 4, 999, 2;
1, 256, 0, -1, -1, -1, 4, 999, 2;
1, 256, 0, 0, 0, 0, 5, 999, 2;
1, 256, 0, -1, -1, -1, 4, 998, 2;
1, 256, 1, 1, 1, 1, 5, 1000, 3;
1, 256, 1, 1, 1, 1, 6, 1000, 4;
1, 256, 0, 1, 1, 1, 5, 1000, 3;
1, 256, 0, 0, 0, 0, 5, 1000, 3;
1, 256, 0, 0, 0, 0, 4, 999, 2;
1, 256, 1, 1, 1, 1, 6, 1000, 4;
1, 256, 0, 0, 0, 0, 4, 999, 2;
1, 256, 0, -1, -1, -1, 3, 998, 1;
1, 256, 0, 0, 0, 0, 5, 999, 3;
1, 256, 1, 1, 1, 1, 6, 1001, 4;
1, 256, 0, 0, 0, 0, 4, 999, 2;
1, 256, 0, 0, 0, 0, 5, 1000, 3;
1, 256, 0, 0, 0, 0, 5, 1000, 3;
1, 256, 0, 0, 0, 0, 4, 999, 2;
1, 256, 0, -1, -1, -1, 4, 999, 2;
1, 256, 0, 0, 0, 0, 5, 1000, 3;
1, 256, 0, 1, 1, 1, 5, 1000, 3;
1, 256, 0, 0, 0, 0, 5, 1000, 3;
1, 256, 1, 1, 1, 1, 6, 1000, 3;
1, 256, 0, 0, 0, 0, 5, 1000, 3;
1, 256, 1, 1, 1, 1, 6, 1001, 4;
1, 256, 0, 0, 0, 0, 5, 1000, 3;
1, 256, 0, 0, 0, 0, 5, 1000, 3;
1, 256, 1, 1, 1, 1, 6, 1001, 4;
1, 256, 0, 0, 0, 0, 5, 1000, 3;
1, 256, 0, 0, 0, 0, 5, 1000, 3;
1, 256, 0, -1, -1, -1, 4, 998, 2;
1, 256, 0, 0, 0, 0, 5, 999, 3;
1, 256, 0, 0, 0, 0, 5, 1000, 3;
1, 256, 0, 1, 1, 1, 5, 1000, 3;
1, 256, 0, 0, 0, 0, 4, 999, 2;
1, 256, 0, 0, 0, 0, 4, 999, 2;
1, 256, 0, 0, 0, 0, 5, 1000, 3;
1, 256, 0, 0, 0, 0, 4, 999, 2;
1, 256, 0, -1, -1, -1, 3, 998, 1;
1, 256, 0, -1, -1, -1, 4, 999, 2;
1, 256, 0, 0, 0, 0, 4, 999, 2;
1, 256, 0, 0, 0, 0, 5, 1000, 3;
1, 256, 1, 1, 1, 1, 5, 1000, 3;
1, 256, 1, 1, 1, 1, 5, 1000, 3;
1, 256, 0, 0, 0, 0, 4, 999, 2;
1, 256, 0, 0, 0, 0, 5, 1000, 3;
1, 256, 0, -1, -1, -1, 4, 999, 2;
1, 256, 1, 1, 1, 1, 6, 1001, 4;
1, 256, 0, 1, 1, 1, 5, 1000, 3;
1, 256, 1, 1, 1, 1, 6, 1001, 4;
1, 256, 0, 1, 1, 1, 5, 1000, 3;
1, 256, 0, 0, 0, 0, 5, 1000, 3;
1, 256, 0, -1, -1, -1, 4, 999, 2;
1, 256, 0, -1, -1, -1, 4, 998, 1;
1, 256, 0, 0, 0, 0, 4, 999, 2;
1, 256, 0, 0, 0, 0, 4, 999, 2;
1, 256, 1, 1, 1, 1, 6, 1001, 4;
1, 256, 0, 1, 1, 1, 5, 1000, 3;
1, 256, 0, -1, -1, -1, 4, 999, 2;
1, 256, 0, -1, -1, -1, 4, 999, 2;
1, 256, 0, 0, 0, 0, 4, 999, 2;
1, 256, 0, -1, -1, -1, 4, 999, 2;
1, 256, 0, 0, 0, 0, 5, 1000, 3;
1, 256, 0, 0, 0, 0, 4, 999, 2;
1, 256, 0, 0, 0, 0, 5, 1000, 3;
1, 256, 0, 0, 0, 0, 5, 1000, 3;
1, 256, 0, -1, -1, -1, 4, 999, 2;
1, 256, 0, 0, 0, 0, 5, 1000, 3;
1, 256, 0, 1, 1, 1, 5, 1000, 3;
1, 256, 0, 0, 0, 0, 4, 999, 2;
1, 256, 0, 0, 0, 0, 5, 1000, 3;
1, 256, 0, 0, 0, 0, 5, 1000, 3;
1, 256, 0, 0, 0, 0, 5, 1000, 3;
1, 256, 0, 0, 0, 0, 4, 999, 2;
1, 256, 0, -1, -1, -1, 4, 999, 2;
1, 256, 1, 1, 1, 1, 6, 1001, 4;
1, 256, 0, 0, 0, 0, 5, 1000, 3;
1, 256, 0, 0, 0, 0, 4, 999, 2;
1, 256, 1, 1, 1, 1, 6, 1000, 4;
1, 256, 0, 0, 0, 0, 5, 1000, 3;
1, 256, 0, 0, 0, 0, 5, 1000, 3;
1, 256, 0, -1, -1, -1, 4, 999, 2;
1, 256, 1, 1, 1, 1, 5, 1000, 3;
1, 256, 0, -1, -1, -1, 4, 999, 2;
1, 256, 0, -1, -1, -1, 4, 999, 2;
1, 256, 0, 0, 0, 0, 5, 999, 2;
1, 256, 0, 0, 0, 0, 5, 1000, 3;
1, 256, 0, 1, 1, 1, 5, 1000, 3;
1, 256, 0, 0, 0, 0, 5, 1000, 3;
1, 256, 0, 0, 0, 0, 5, 1000, 3;
1, 256, 1, 1, 1, 1, 5, 1000, 3;
1, 256, 0, 0, 0, 0, 5, 1000, 3;
1, 256, 0, 0, 0, 0, 5, 1000, 3;
1, 256, 0, 0, 0, 0, 5, 1000, 3;
1, 256, 0, 1, 1, 1, 5, 1000, 3;
1, 256, 0, 0, 0, 0, 4, 999, 2;
1, 256, 0, 0, 0, 0, 5, 1000, 3;
1, 256, 0, 1, 1, 1, 5, 1000, 3;
1, 256, 1, 1, 1, 1, 6, 1001, 4;
1, 256, 0, 0, 0, 0, 4, 999, 2;
1, 256, 0, 0, 0, 0, 4, 999, 2;
1, 256, 0, -1, -1, -1, 4, 998, 1;
1, 256, 0, 0, 0, 0, 5, 1000, 3;
1, 256, 1, 1, 1, 1, 5, 1000, 3;
1, 256, 0, -1, -1, -1, 4, 999, 2;
1, 256, 0, 0, 0, 0, 5, 1000, 3;
1, 256, 0, -1, -1, -1, 3, 998, 1;
1, 256, 0, 1, 1, 1, 5, 1000, 3;
1, 256, 0, -1, -1, -1, 4, 999, 2;
1, 256, 0, -1, -1, -1, 4, 999, 2;
1, 256, 0, -1, -1, -1, 4, 999, 2;
1, 256, 0, 1, 1, 1, 5, 1000, 3;
1, 256, 0, 0, 0, 0, 5, 1000, 3;
1, 256, 0, 0, 0, 0, 5, 1000, 3;
1, 256, 0, 0, 0, 0, 4, 999, 2;
1, 256, 1, 1, 1, 1, 5, 1000, 3;
1, 256, 0, 0, 0, 0, 4, 999, 2;
1, 256, 0, 0, 0, 0, 4, 999, 2;
1, 256, 0, -1, -1, -1, 4, 998, 1;
1, 256, 0, 0, 0, 0, 5, 1000, 3;
1, 256, 0, -1, -1, -1, 3, 998, 1;
1, 256, 0, 0, 0, 0, 4, 999, 2;
1, 256, 0, -1, -1, -1, 4, 999, 2;
1, 256, 1, 1, 1, 1, 6, 1001, 4;
1, 256, 0, 0, 0, 0, 5, 1000, 3;
1, 256, 0, 0, 0, 0, 5, 1000, 3;
1, 256, 0, -1, -1, -1, 4, 999, 2;
1, 256, 0, 0, 0, 0, 5, 1000, 3;
1, 256, 0, 1, 1, 1, 5, 1000, 3;
1, 256, 0, 0, 0, 0, 4, 999, 2;
1, 256, 0, -1, -1, -1, 4, 999, 2;
1, 256, 0, -1, -1, -1, 4, 998, 2;
1, 256, 0, -1, -1, -1, 4, 999, 2;
1, 256, 0, 1, 1, 1, 5, 1000, 3;
1, 256, 0, 0, 0, 0, 5, 1000, 3;
1, 256, 0, 0, 0, 0, 4, 999, 2;
1, 256, 0, 0, 0, 0, 4, 999, 2;
1, 256, 0, -1, -1, -1, 4, 999, 2;
1, 256, 0, 0, 0, 0, 5, 1000, 3;
1, 256, 0, -1, -1, -1, 3, 998, 1;
1, 256, 0, 0, 0, 0, 4, 999, 2;
1, 256, 0, 0, 0, 0, 5, 1000, 3;
1, 256, 0, 0, 0, 0, 5, 999, 3;
1, 256, 0, -1, -1, -1, 4, 999, 2;
1, 256, 0, 0, 0, 0, 4, 999, 2;
1, 256, 0, 0, 0, 0, 4, 999, 2;
1, 256, 0, 0, 0, 0, 5, 1000, 3;
1, 256, 0, 0, 0, 0, 5, 1000, 3;
1, 256, 0, 0, 0, 0, 5, 999, 2;
1, 256, 0, 0, 0, 0, 5, 1000, 3;
1, 256, 0, 0, 0, 0, 4, 999, 2;
1, 256, 0, 0, 0, 0, 5, 999, 3;
1, 256, 0, 0, 0, 0, 4, 999, 2;
1, 256, 0, 0, 0, 0, 5, 1000, 3;
1, 256, 0, 0, 0, 0, 5, 1000, 3;
1, 256, 0, 0, 0, 0, 5, 1000, 3;
1, 256, 0, 0, 0, 0, 5, 1000, 3;
1, 256, 0, -1, -1, -1, 4, 999, 2;
1, 256, 0, 0, 0, 0, 5, 1000, 3;
1, 256, 0, 0, 0, 0, 5, 1000, 3;
1, 256, 0, 0, 0, 0, 5, 1000, 3;
1, 256, 0, 0, 0, 0, 4, 999, 2;
1, 256, 0, 0, 0, 0, 4, 999, 2;
1, 256, 0, 0, 0, 0, 4, 999, 2;
1, 256, 0, -1, -1, -1, 4, 999, 2;
1, 256, 0, 1, 1, 1, 5, 1000, 3;
1, 256, 0, 0, 0, 0, 4, 999, 2;
1, 256, 0, 0, 0, 0, 4, 999, 2;
1, 256, 0, 0, 0, 0, 5, 1000, 3;
1, 256, 0, 0, 0, 0, 4, 999, 2;
1, 256, 1, 1, 1, 1, 6, 1001, 4;
1, 256, 0, -1, -1, -1, 4, 999, 2;
1, 256, 1, 1, 1, 1, 6, 1000, 4;
1, 256, 1, 1, 1, 1, 6, 1001, 4;
1, 256, 0, -1, -1, -1, 4, 998, 1;
1, 256, 0, 0, 0, 0, 4, 999, 2;
1, 256, 1, 1, 1, 1, 6, 1001, 4;
1, 256, 0, -1, -1, -1, 4, 999, 2;
1, 256, 0, -1, -1, -1, 4, 999, 2;
1, 256, 0, -1, -1, -1, 4, 999, 2;
1, 256, 0, -1, -1, -1, 4, 998, 2;
1, 256, 0, 0, 0, 0, 4, 999, 2;
1, 256, 0, 0, 0, 0, 4, 999, 2;
1, 256, 0, -1, -1, -1, 4, 999, 2;
1, 256, 0, 0, 0, 0, 5, 1000, 3;
1, 256, 0, -1, -1, -1, 4, 999, 2;
1, 256, 0, -1, -1, -1, 4, 998, 1;
1, 256, 0, 0, 0, 0, 4, 999, 2;
1, 256, 0, -1, -1, -1, 4, 999, 2;
1, 256, 0, -1, -1, -1, 4, 999, 2;
1, 256, 0, 0, 0, 0, 5, 1000, 3;
1, 256, 1, 1, 1, 1, 6, 1001, 4;
1, 256, 0, 0, 0, 0, 5, 1000, 3;
1, 256, 0, -1, -1, -1, 4, 999, 2;
1, 256, 0, -1, -1, -1, 3, 998, 1;
1, 256, 0, 0, 0, 0, 4, 999, 2;
1, 256, 0, -1, -1, -1, 4, 999, 2;
1, 256, 0, -1, -1, -1, 4, 998, 1;
1, 256, 1, 1, 1, 1, 6, 1000, 3;
1, 256, 0, 0, 0, 0, 4, 999, 2;
1, 256, 1, 1, 1, 1, 5, 1000, 3;
1, 256, 0, 0, 0, 0, 4, 999, 2;
1, 256, 0, 0, 0, 0, 4, 999, 2;
1, 256, 0, -1, -1, -1, 4, 999, 2;
1, 256, 1, 1, 1, 1, 6, 1001, 4;
1, 256, 0, 0, 0, 0, 5, 1000, 3;
1, 256, 0, 1, 1, 1, 5, 1000, 3;
1, 256, 0, 0, 0, 0, 4, 999, 2;
1, 256, 0, 0, 0, 0, 4, 999, 2;
1, 256, 0, 0, 0, 0, 5, 999, 2;
1, 256, 0, 0, 0, 0, 5, 1000, 3;
1, 256, 0, -1, -1, -1, 4, 999, 2;
1, 256, 0, 0, 0, 0, 4, 999, 2;
1, 256, 0, 0, 0, 0, 5, 1000, 3;
1, 256, 0, -1, -1, -1, 3, 998, 1;
1, 256, 1, 1, 1, 1, 6, 1000, 4;
1, 256, 0, 0, 0, 0, 4, 999, 2;
1, 256, 0, 0, 0, 0, 4, 999, 2;
1, 256, 0, 0, 0, 0, 4, 999, 2;
1, 256, 0, 0, 0, 0, 5, 1000, 3;
1, 256, 0, 0, 0, 0, 4, 999, 2;
1, 256, 0, 0, 0, 0, 4, 999, 2;
1, 256, 0, 0, 0, 0, 5, 1000, 3;
1, 256, 1, 1, 1, 1, 6, 1000, 3;
1, 256, 0, -1, -1, -1, 3, 998, 1;
1, 256, 0, 1, 1, 1, 5, 1000, 3;
1, 256, 0, 0, 0, 0, 5, 1000, 3;
1, 256, 0, 1, 1, 1, 5, 1000, 3;
1, 256, 1, 1, 1, 1, 6, 1001, 4;
1, 256, 0, 1, 1, 1, 5, 1000, 3;
1, 256, 1, 1, 1, 1, 6, 1000, 3;
1, 256, 1, 1, 1, 1, 6, 1001, 4;
1, 256, 0, -1, -1, -1, 3, 998, 1;
1, 256, 0, -1, -1, -1, 4, 999, 2;
1, 256, 0, 0, 0, 0, 4, 999, 2;
1, 256, 0, -1, -1, -1, 4, 999, 2;
1, 256, 0, 0, 0, 0, 5, 1000, 3;
1, 256, 0, 0, 0, 0, 5, 1000, 3;
1, 256, 0, 0, 0, 0, 4, 999, 2;
1, 256, 0, -1, -1, -1, 4, 999, 2;
1, 256, 0, 1, 1, 1, 5, 1000, 3;
1, 256, 1, 1, 1, 1, 6, 1001, 4;
1, 256, 0, -1, -1, -1, 4, 998, 1;
1, 256, 0, 0, 0, 0, 4, 999, 2;
1, 256, 0, 0, 0, 0, 4, 999, 2;
1, 256, 0, 0, 0, 0, 4, 999, 2;
1, 256, 0, 0, 0, 0, 4, 999, 2;
1, 256, 1, 1, 1, 1, 6, 1001, 4;
1, 256, 0, 0, 0, 0, 5, 999, 3;
1, 256, 1, 1, 1, 1, 6, 1001, 4;
1, 256, 0, -1, -1, -1, 4, 998, 2;
1, 256, 0, 0, 0, 0, 5, 1000, 3;
1, 256, 0, 0, 0, 0, 5, 1000, 3;
1, 256, 0, 0, 0, 0, 5, 1000, 3;
1, 256, 0, 0, 0, 0, 5, 1000, 3;
1, 256, 0, -1, -1, -1, 4, 999, 2;
1, 256, 1, 1, 1, 1, 6, 1001, 4;
1, 256, 1, 1, 1, 1, 6, 1000, 3;
1, 256, 0, 0, 0, 0, 5, 1000, 3;
1, 256, 0, -1, -1, -1, 4, 999, 2;
1, 256, 0, -1, -1, -1, 4, 999, 2;
1, 256, 0, 0, 0, 0, 5, 1000, 3;
1, 256, 0, 0, 0, 0, 4, 999, 2;
1, 256, 0, -1, -1, -1, 4, 999, 2;
1, 256, 0, 0, 0, 0, 5, 1000, 3;
1, 256, 0, 0, 0, 0, 5, 1000, 3;
1, 256, 0, 0, 0, 0, 4, 999, 2;
1, 256, 0, 0, 0, 0, 4, 999, 2;
1, 256, 0, -1, -1, -1, 4, 999, 2;
1, 256, 0, -1, -1, -1, 4, 999, 2;
1, 256, 0, 0, 0, 0, 5, 1000, 3;
1, 256, 1, 1, 1, 1, 6, 1001, 4;
1, 256, 1, 1, 1, 1, 6, 1000, 3;
1, 256, 0, -1, -1, -1, 3, 998, 1;
1, 256, 0, 0, 0, 0, 5, 999, 3;
1, 256, 0, -1, -1, -1, 4, 999, 2;
1, 256, 0, -1, -1, -1, 3, 998, 1;
1, 256, 0, 0, 0, 0, 4, 999, 2;
1, 256, 0, 0, 0, 0, 5, 1000, 3;
1, 256, 1, 1, 1, 1, 6, 1000, 3;
1, 256, 0, 0, 0, 0, 5, 1000, 3;
1, 256, 0, 0, 0, 0, 4, 999, 2;
1, 256, 0, 0, 0, 0, 4, 999, 2;
1, 256, 0, 1, 1, 1, 5, 1000, 3;
1, 256, 0, 0, 0, 0, 4, 999, 2;
1, 256, 0, 0, 0, 0, 5, 1000, 3;
1, 256, 0, 0, 0, 0, 4, 999, 2;
1, 256, 0, 0, 0, 0, 4, 999, 2;
1, 256, 0, 0, 0, 0, 4, 999, 2;
1, 256, 0, 0, 0, 0, 4, 999, 2;
1, 256, 1, 1, 1, 1, 6, 1001, 4;
1, 256, 0, 0, 0, 0, 4, 999, 2;
1, 256, 0, 0, 0, 0, 5, 1000, 3;
1, 256, 0, -1, -1, -1, 3, 998, 1;
1, 256, 1, 1, 1, 1, 6, 1000, 3;
1, 256, 0, 1, 1, 1, 5, 1000, 3;
1, 256, 1, 1, 1, 1, 6, 1001, 4;
1, 256, 0, 0, 0, 0, 5, 999, 2;
1, 256, 0, 0, 0, 0, 4, 999, 2;
1, 256, 0, -1, -1, -1, 3, 998, 1;
1, 256, 0, -1, -1, -1, 4, 999, 2;
1, 256, 0, 0, 0, 0, 4, 999, 2;
1, 256, 0, 0, 0, 0, 5, 1000, 3;
1, 256, 0, -1, -1, -1, 4, 998, 2;
1, 256, 0, 0, 0, 0, 4, 999, 2;
1, 256, 1, 1, 1, 1, 6, 1001, 4;
1, 256, 0, 0, 0, 0, 5, 1000, 3;
1, 256, 0, -1, -1, -1, 4, 998, 2;
1, 256, 0, 0, 0, 0, 5, 1000, 3;
1, 256, 0, 0, 0, 0, 5, 1000, 3;
1, 256, 0, -1, -1, -1, 4, 999, 2;
1, 256, 0, 0, 0, 0, 5, 999, 2;
1, 256, 0, 0, 0, 0, 5, 1000, 3;
1, 256, 0, 0, 0, 0, 5, 999, 3;
1, 256, 0, 0, 0, 0, 5, 1000, 3;
1, 256, 0, 0, 0, 0, 5, 1000, 3;
1, 256, 0, 0, 0, 0, 4, 999, 2;
1, 256, 0, 0, 0, 0, 5, 1000, 3;
1, 256, 1, 1, 1, 1, 6, 1001, 4;
1, 256, 0, 0, 0, 0, 5, 1000, 3;
1, 256, 0, -1, -1, -1, 4, 999, 2;
1, 256, 0, 0, 0, 0, 5, 999, 3;
1, 256, 0, 0, 0, 0, 5, 1000, 3;
1, 256, 0, 0, 0, 0, 5, 1000, 3;
0, 256, 0, -1, -1, -1, 3, 998, 1;
1, 256, 0, 0, 0, 0, 5, 1000, 3;
1, 256, 0, 0, 0, 0, 4, 999, 2;
1, 256, 0, 1, 1, 1, 5, 1000, 3;
1, 256, 0, 0, 0, 0, 4, 999, 2;
1, 256, 0, 0, 0, 0, 5, 1000, 3;
1, 256, 0, 0, 0, 0, 4, 999, 2;
1, 256, 0, 0, 0, 0, 4, 999, 2;
1, 256, 0, 0, 0, 0, 5, 1000, 3;
1, 256, 0, 0, 0, 0, 5, 1000, 3;
1, 256, 0, -1, -1, -1, 4, 999, 2;
1, 256, 0, 0, 0, 0, 4, 999, 2;
1, 256, 0, -1, -1, -1, 4, 999, 2;
1, 256, 0, 0, 0, 0, 4, 999, 2;
1, 256, 0, 0, 0, 0, 5, 1000, 3;
1, 256, 0, 0, 0, 0, 4, 999, 2;
1, 256, 0, -1, -1, -1, 4, 999, 2;
1, 256, 0, 0, 0, 0, 4, 999, 2;
1, 256, 0, 0, 0, 0, 4, 999, 2;
1, 256, 0, 0, 0, 0, 4, 999, 2;
1, 256, 0, 0, 0, 0, 5, 1000, 3;
1, 256, 1, 1, 1, 1, 6, 1000, 4;
1, 256, 1, 1, 1, 1, 6, 1001, 4;
1, 256, 0, 0, 0, 0, 4, 999, 2;
1, 256, 0, 0, 0, 0, 5, 999, 2;
1, 256, 0, -1, -1, -1, 4, 999, 2;
1, 256, 0, -1, -1, -1, 4, 999, 2;
1, 256, 0, -1, -1, -1, 4, 999, 2;
1, 256, 0, 0, 0, 0, 5, 1000, 3;
1, 256, 1, 1, 1, 1, 6, 1001, 4;
1, 256, 0, 0, 0, 0, 5, 1000, 3;
1, 256, 0, 0, 0, 0, 5, 1000, 3;
1, 256, 1, 1, 1, 1, 6, 1001, 4;
1, 256, 0, 0, 0, 0, 5, 1000, 3;
1, 256, 0, -1, -1, -1, 4, 999, 2;
1, 256, 0, 0, 0, 0, 5, 1000, 3;
1, 256, 0, 0, 0, 0, 5, 1000, 3;
1, 256, 0, 0, 0, 0, 5, 1000, 3;
1, 256, 0, -1, -1, -1, 4, 999, 2;
1, 256, 0, 0, 0, 0, 4, 999, 2;
1, 256, 0, 0, 0, 0, 4, 999, 2;
1, 256, 0, -1, -1, -1, 4, 999, 2;
1, 256, 0, -1, -1, -1, 4, 999, 2;
1, 256, 1, 1, 1, 1, 6, 1001, 4;
1, 256, 0, 0, 0, 0, 4, 999, 2;
1, 256, 0, 0, 0, 0, 5, 1000, 3;
1, 256, 0, 0, 0, 0, 4, 999, 2;
1, 256, 1, 1, 1, 1, 6, 1000, 4;
1, 256, 0, 0, 0, 0, 4, 999, 2;
1, 256, 0, -1, -1, -1, 4, 999, 2;
1, 256, 0, 0, 0, 0, 4, 999, 2;
1, 256, 0, -1, -1, -1, 4, 999, 2;
1, 256, 0, 0, 0, 0, 4, 999, 2;
1, 256, 0, 1, 1, 1, 5, 1000, 3;
1, 256, 1, 1, 1, 1, 6, 1000, 3;
1, 256, 0, 0, 0, 0, 4, 999, 2;
1, 256, 0, 0, 0, 0, 4, 999, 2;
1, 256, 0, 0, 0, 0, 4, 999, 2;
1, 256, 0, -1, -1, -1, 4, 999, 2;
1, 256, 0, -1, -1, -1, 4, 999, 2;
1, 256, 0, 0, 0, 0, 4, 999, 2;
1, 256, 0, 0, 0, 0, 5, 1000, 3;
1, 256, 0, -1, -1, -1, 4, 999, 2;
1, 256, 0, 0, 0, 0, 4, 999, 2;
1, 256, 0, 1, 1, 1, 5, 1000, 3;
1, 256, 0, 0, 0, 0, 5, 1000, 3;
1, 256, 1, 1, 1, 1, 5, 1000, 3;
1, 256, 0, -1, -1, -1, 4, 998, 1;
1, 256, 0, 0, 0, 0, 4, 999, 2;
1, 256, 0, 0, 0, 0, 5, 1000, 3;
1, 256, 0, 1, 1, 1, 5, 1000, 3;
1, 256, 0, -1, -1, -1, 3, 998, 1;
1, 256, 0, 0, 0, 0, 4, 999, 2;
1, 256, 1, 1, 1, 1, 6, 1001, 4;
1, 256, 0, 1, 1, 1, 5, 1000, 3;
1, 256, 0, 0, 0, 0, 4, 999, 2;
1, 256, 0, 0, 0, 0, 5, 999, 2;
1, 256, 0, 0, 0, 0, 4, 999, 2;
1, 256, 0, -1, -1, -1, 4, 999, 2;
1, 256, 0, -1, -1, -1, 4, 999, 2;
1, 256, 0, 0, 0, 0, 4, 999, 2;
1, 256, 0, -1, -1, -1, 4, 998, 1;
1, 256, 1, 1, 1, 1, 5, 1000, 3;
1, 256, 0, 0, 0, 0, 5, 1000, 3;
1, 256, 0, 0, 0, 0, 5, 1000, 3;
1, 256, 1, 1, 1, 1, 5, 1000, 3;
1, 256, 0, 0, 0, 0, 4, 999, 2;
1, 256, 0, 0, 0, 0, 5, 1000, 3;
1, 256, 0, 0, 0, 0, 5, 1000, 3;
1, 256, 0, 1, 1, 1, 5, 1000, 3;
1, 256, 0, 0, 0, 0, 4, 999, 2;
1, 256, 0, 0, 0, 0, 5, 1000, 3;
1, 256, 0, -1, -1, -1, 4, 999, 2;
1, 256, 0, 1, 1, 1, 5, 1000, 3;
1, 256, 0, 0, 0, 0, 4, 999, 2;
1, 256, 0, 0, 0, 0, 4, 999, 2;
1, 256, 0, -1, -1, -1, 4, 999, 2;
1, 256, 0, -1, -1, -1, 3, 998, 1;
1, 256, 0, -1, -1, -1, 4, 999, 2;
1, 256, 0, -1, -1, -1, 4, 998, 2;
1, 256, 0, 0, 0, 0, 4, 999, 2;
1, 256, 0, 0, 0, 0, 5, 1000, 3;
1, 256, 0, 1, 1, 1, 5, 1000, 3;
1, 256, 0, 0, 0, 0, 5, 1000, 3;
1, 256, 1, 1, 1, 1, 6, 1001, 4;
1, 256, 1, 1, 1, 1, 6, 1001, 4;
1, 256, 1, 1, 1, 1, 6, 1000, 3;
1, 256, 0, 0, 0, 0, 4, 999, 2;
1, 256, 0, 1, 1, 1, 5, 1000, 3;
1, 256, 0, 0, 0, 0, 4, 999, 2;
1, 256, 0, 0, 0, 0, 4, 999, 2;
1, 256, 0, 0, 0, 0, 4, 999, 2;
1, 256, 0, -1, -1, -1, 4, 999, 2;
1, 256, 0, 0, 0, 0, 5, 1000, 3;
1, 256, 0, 0, 0, 0, 4, 999, 2;
1, 256, 1, 1, 1, 1, 6, 1001, 4;
1, 256, 0, -1, -1, -1, 3, 998, 1;
1, 256, 0, 0, 0, 0, 5, 1000, 3;
1, 256, 0, 0, 0, 0, 4, 999, 2;
1, 256, 1, 1, 1, 1, 5, 1000, 3;
1, 256, 1, 1, 1, 1, 6, 1001, 4;
1, 256, 0, -1, -1, -1, 4, 999, 2;
1, 256, 0, 0, 0, 0, 4, 999, 2;
1, 256, 0, 0, 0, 0, 5, 1000, 3;
1, 256, 0, 0, 0, 0, 4, 999, 2;
0, 256, 0, -1, -1, -1, 3, 998, 1;
1, 256, 1, 1, 1, 1, 6, 1001, 4;
1, 256, 0, -1, -1, -1, 4, 998, 2;
1, 256, 0, -1, -1, -1, 4, 998, 2;
1, 256, 0, -1, -1, -1, 4, 999, 2;
1, 256, 1, 1, 1, 1, 6, 1001, 4;
1, 256, 0, -1, -1, -1, 4, 999, 2;
1, 256, 0, 0, 0, 0, 5, 999, 3;
1, 256, 0, 0, 0, 0, 4, 999, 2;
1, 256, 1, 1, 1, 1, 6, 1000, 4;
1, 256, 0, 0, 0, 0, 4, 999, 2;
1, 256, 0, 0, 0, 0, 4, 999, 2;
1, 256, 0, -1, -1, -1, 4, 999, 2;
1, 256, 0, -1, -1, -1, 4, 999, 2;
1, 256, 0, 0, 0, 0, 4, 999, 2;
1, 256, 0, 0, 0, 0, 5, 1000, 3;
1, 256, 0, 0, 0, 0, 5, 999, 3;
1, 256, 0, -1, -1, -1, 4, 999, 2;
1, 256, 0, -1, -1, -1, 4, 999, 2;
1, 256, 0, -1, -1, -1, 4, 998, 1;
1, 256, 0, 1, 1, 1, 5, 1000, 3;
1, 256, 0, 0, 0, 0, 5, 999, 3;
1, 256, 0, 0, 0, 0, 4, 999, 2;
1, 256, 0, 0, 0, 0, 5, 1000, 3;
1, 256, 0, 0, 0, 0, 4, 999, 2;
1, 256, 0, 0, 0, 0, 5, 1000, 3;
1, 256, 1, 1, 1, 1, 6, 1001, 4;
1, 256, 0, 1, 1, 1, 5, 1000, 3;
1, 256, 0, 1, 1, 1, 5, 1000, 3;
1, 256, 0, -1, -1, -1, 4, 999, 2;
1, 256, 1, 1, 1, 1, 6, 1001, 4;
1, 256, 1, 1, 1, 1, 6, 1001, 4;
1, 256, 0, -1, -1, -1, 3, 998, 1;
1, 256, 0, -1, -1, -1, 4, 999, 2;
1, 256, 0, 0, 0, 0, 4, 999, 2;
1, 256, 1, 1, 1, 1, 6, 1001, 4;
1, 256, 0, -1, -1, -1, 4, 999, 2;
1, 256, 0, 0, 0, 0, 4, 999, 2;
1, 256, 0, 0, 0, 0, 5, 1000, 3;
1, 256, 0, 0, 0, 0, 5, 999, 3;
1, 256, 0, 0, 0, 0, 4, 999, 2;
1, 256, 1, 1, 1, 1, 6, 1001, 4;
1, 256, 0, 0, 0, 0, 4, 999, 2;
1, 256, 0, 0, 0, 0, 5, 1000, 3;
1, 256, 0, -1, -1, -1, 3, 998, 1;
1, 256, 0, -1, -1, -1, 3, 998, 1;
1, 256, 0, 1, 1, 1, 5, 1000, 3;
1, 256, 0, 0, 0, 0, 5, 1000, 3;
1, 256, 0, 0, 0, 0, 5, 1000, 3;
1, 256, 1, 1, 1, 1, 6, 1001, 4;
1, 256, 0, 0, 0, 0, 5, 1000, 3;
1, 256, 0, 0, 0, 0, 4, 999, 2;
1, 256, 0, 1, 1, 1, 5, 1000, 3;
1, 256, 0, -1, -1, -1, 4, 999, 2;
1, 256, 0, 0, 0, 0, 4, 999, 2;
1, 256, 0, 0, 0, 0, 5, 1000, 3;
1, 256, 0, -1, -1, -1, 4, 998, 1;
1, 256, 0, 0, 0, 0, 4, 999, 2;
1, 256, 0, 1, 1, 1, 5, 1000, 3;
1, 256, 0, -1, -1, -1, 4, 999, 2;
1, 256, 1, 1, 1, 1, 6, 1000, 3;
1, 256, 0, 0, 0, 0, 4, 999, 2;
1, 256, 0, 0, 0, 0, 5, 1000, 3;
1, 256, 0, -1, -1, -1, 4, 999, 2;
1, 256, 0, 1, 1, 1, 5, 1000, 3;
1, 256, 0, -1, -1, -1, 4, 999, 2;
1, 256, 0, 0, 0, 0, 5, 1000, 3;
1, 256, 0, -1, -1, -1, 4, 999, 2;
1, 256, 0, -1, -1, -1, 4, 999, 2;
1, 256, 0, 0, 0, 0, 4, 999, 2;
1, 256, 0, -1, -1, -1, 4, 999, 2;
1, 256, 1, 1, 1, 1, 6, 1000, 4;
1, 256, 0, 0, 0, 0, 4, 999, 2;
1, 256, 1, 1, 1, 1, 5, 1000, 3;
1, 256, 0, 0, 0, 0, 5, 1000, 3;
0, 256, 0, -1, -1, -1, 3, 998, 1;
1, 256, 0, 0, 0, 0, 5, 999, 2;
1, 256, 0, -1, -1, -1, 4, 999, 2;
1, 256, 0, 0, 0, 0, 5, 999, 3;
1, 256, 0, 0, 0, 0, 5, 1000, 3;
0, 256, 0, -1, -1, -1, 3, 998, 1;
1, 256, 0, 0, 0, 0, 5, 1000, 3;
1, 256, 0, -1, -1, -1, 4, 999, 2;
1, 256, 1, 1, 1, 1, 6, 1001, 4;
1, 256, 0, 0, 0, 0, 4, 999, 2;
1, 256, 1, 1, 1, 1, 6, 1001, 4;
1, 256, 0, 0, 0, 0, 4, 999, 2;
1, 256, 0, 0, 0, 0, 5, 1000, 3;
1, 256, 0, 0, 0, 0, 5, 1000, 3;
1, 256, 1, 1, 1, 1, 6, 1001, 4;
1, 256, 1, 1, 1, 1, 6, 1001, 4;
1, 256, 1, 1, 1, 1, 6, 1001, 4;
1, 256, 0, -1, -1, -1, 4, 999, 2;
1, 256, 1, 1, 1, 1, 5, 1000, 3;
1, 256, 0, 0, 0, 0, 5, 1000, 3;
1, 256, 0, 1, 1, 1, 5, 1000, 3;
1, 256, 0, 1, 1, 1, 5, 1000, 3;
1, 256, 0, 0, 0, 0, 5, 1000, 3;
1, 256, 0, 0, 0, 0, 5, 1000, 3;
1, 256, 1, 1, 1, 1, 6, 1001, 4;
1, 256, 0, -1, -1, -1, 4, 998, 1;
1, 256, 0, 0, 0, 0, 5, 1000, 3;
1, 256, 0, 1, 1, 1, 5, 1000, 3;
1, 256, 0, 0, 0, 0, 4, 999, 2;
1, 256, 1, 1, 1, 1, 6, 1000, 3;
1, 256, 1, 1, 1, 1, 6, 1001, 4;
1, 256, 0, 1, 1, 1, 5, 1000, 3;
1, 256, 0, 1, 1, 1, 5, 1000, 3;
1, 256, 0, 0, 0, 0, 4, 999, 2;
1, 256, 0, 0, 0, 0, 4, 999, 2;
1, 256, 0, 1, 1, 1, 5, 1000, 3;
1, 256, 0, 0, 0, 0, 4, 999, 2;
1, 256, 0, 0, 0, 0, 5, 1000, 3;
1, 256, 0, 0, 0, 0, 5, 999, 2;
1, 256, 0, -1, -1, -1, 4, 999, 2;
1, 256, 0, 0, 0, 0, 4, 999, 2;
1, 256, 0, -1, -1, -1, 4, 999, 2;
1, 256, 1, 1, 1, 1, 6, 1001, 4;
1, 256, 0, 0, 0, 0, 5, 999, 2;
1, 256, 0, 0, 0, 0, 5, 1000, 3;
1, 256, 0, -1, -1, -1, 4, 999, 2;
1, 256, 0, 0, 0, 0, 5, 1000, 3;
1, 256, 1, 1, 1, 1, 6, 1001, 4;
1, 256, 0, -1, -1, -1, 4, 998, 2;
1, 256, 0, 0, 0, 0, 5, 1000, 3;
1, 256, 0, -1, -1, -1, 4, 998, 1;
1, 256, 1, 1, 1, 1, 6, 1000, 4;
1, 256, 0, 0, 0, 0, 5, 1000, 3;
1, 256, 1, 1, 1, 1, 6, 1001, 4;
1, 256, 0, 0, 0, 0, 5, 1000, 3;
1, 256, 0, 0, 0, 0, 5, 1000, 3;
1, 256, 1, 1, 1, 1, 6, 1001, 4;
1, 256, 0, 0, 0, 0, 4, 999, 2;
1, 256, 0, 0, 0, 0, 5, 1000, 3;
1, 256, 1, 1, 1, 1, 5, 1000, 3;
1, 256, 0, 0, 0, 0, 4, 999, 2;
1, 256, 0, 1, 1, 1, 5, 1000, 3;
1, 256, 0, 0, 0, 0, 5, 1000, 3;
1, 256, 0, 0, 0, 0, 4, 999, 2;
1, 256, 0, 0, 0, 0, 4, 999, 2;
1, 256, 0, 0, 0, 0, 5, 1000, 3;
1, 256, 0, 0, 0, 0, 4, 999, 2;
1, 256, 0, 0, 0, 0, 5, 1000, 3;
1, 256, 0, 0, 0, 0, 5, 1000, 3;
1, 256, 1, 1, 1, 1, 6, 1001, 4;
1, 256, 0, 0, 0, 0, 4, 999, 2;
1, 256, 0, 0, 0, 0, 4, 999, 2;
1, 256, 0, 0, 0, 0, 5, 1000, 3;
1, 256, 0, 0, 0, 0, 5, 1000, 3;
1, 256, 0, 0, 0, 0, 4, 999, 2;
1, 256, 0, 0, 0, 0, 5, 1000, 3;
1, 256, 0, -1, -1, -1, 4, 999, 2;
1, 256, 1, 1, 1, 1, 6, 1001, 4;
1, 256, 0, 0, 0, 0, 4, 999, 2;
1, 256, 0, -1, -1, -1, 4, 999, 2;
1, 256, 1, 1, 1, 1, 6, 1001, 4;
1, 256, 1, 1, 1, 1, 6, 1001, 4;
1, 256, 1, 1, 1, 1, 6, 1001, 4;
1, 256, 0, 0, 0, 0, 4, 999, 2;
1, 256, 1, 1, 1, 1, 6, 1001, 4;
1, 256, 1, 1, 1, 1, 6, 1001, 4;
1, 256, 0, 0, 0, 0, 5, 999, 2;
1, 256, 0, -1, -1, -1, 4, 999, 2;
1, 256, 0, 1, 1, 1, 5, 1000, 3;
1, 256, 0, 0, 0, 0, 5, 999, 3;
1, 256, 0, 0, 0, 0, 4, 999, 2;
1, 256, 1, 1, 1, 1, 6, 1001, 4;
1, 256, 0, -1, -1, -1, 4, 999, 2;
1, 256, 0, 0, 0, 0, 4, 999, 2;
1, 256, 1, 1, 1, 1, 6, 1000, 4;
1, 256, 1, 1, 1, 1, 6, 1001, 4;
1, 256, 0, -1, -1, -1, 3, 998, 1;
1, 256, 1, 1, 1, 1, 6, 1001, 4;
1, 256, 0, 0, 0, 0, 5, 1000, 3;
1, 256, 0, -1, -1, -1, 3, 998, 1;
1, 256, 1, 1, 1, 1, 5, 1000, 3;
1, 256, 0, 0, 0, 0, 4, 999, 2;
1, 256, 1, 1, 1, 1, 6, 1000, 3;
1, 256, 0, -1, -1, -1, 4, 999, 2;
1, 256, 0, 0, 0, 0, 5, 1000, 3;
1, 256, 0, 1, 1, 1, 5, 1000, 3;
1, 256, 1, 1, 1, 1, 6, 1001, 4;
1, 256, 0, 0, 0, 0, 4, 999, 2;
1, 256, 0, 0, 0, 0, 5, 1000, 3;
1, 256, 1, 1, 1, 1, 5, 1000, 3;
1, 256, 0, -1, -1, -1, 4, 998, 2;
1, 256, 0, 1, 1, 1, 5, 1000, 3;
1, 256, 0, 0, 0, 0, 5, 1000, 3;
1, 256, 0, -1, -1, -1, 4, 999, 2;
1, 256, 0, -1, -1, -1, 4, 999, 2;
1, 256, 0, 0, 0, 0, 4, 999, 2;
1, 256, 0, -1, -1, -1, 4, 999, 2;
1, 256, 0, 0, 0, 0, 4, 999, 2;
1, 256, 0, 0, 0, 0, 5, 1000, 3;
1, 256, 0, 0, 0, 0, 4, 999, 2;
1, 256, 0, 0, 0, 0, 5, 1000, 3;
1, 256, 0, -1, -1, -1, 4, 998, 1;
1, 256, 0, 0, 0, 0, 4, 999, 2;
1, 256, 0, 0, 0, 0, 4, 999, 2;
1, 256, 1, 1, 1, 1, 6, 1001, 4;
1, 256, 0, 1, 1, 1, 5, 1000, 3;
1, 256, 0, 0, 0, 0, 4, 999, 2;
1, 256, 0, 0, 0, 0, 5, 1000, 3;
1, 256, 0, 0, 0, 0, 4, 999, 2;
1, 256, 0, 0, 0, 0, 4, 999, 2;
1, 256, 0, 1, 1, 1, 5, 1000, 3;
1, 256, 0, 1, 1, 1, 5, 1000, 3;
1, 256, 0, -1, -1, -1, 4, 999, 2;
1, 256, 0, -1, -1, -1, 3, 998, 1;
1, 256, 0, 0, 0, 0, 5, 1000, 3;
1, 256, 0, 0, 0, 0, 4, 999, 2;
1, 256, 0, 0, 0, 0, 5, 1000, 3;
1, 256, 0, -1, -1, -1, 4, 999, 2;
1, 256, 0, -1, -1, -1, 4, 999, 2;
1, 256, 1, 1, 1, 1, 5, 1000, 3;
1, 256, 0, 1, 1, 1, 5, 1000, 3;
1, 256, 0, 0, 0, 0, 5, 1000, 3;
1, 256, 0, -1, -1, -1, 4, 999, 2;
1, 256, 0, 0, 0, 0, 4, 999, 2;
1, 256, 0, -1, -1, -1, 4, 999, 2;
1, 256, 0, -1, -1, -1, 4, 999, 2;
1, 256, 0, 0, 0, 0, 4, 999, 2;
1, 256, 0, 0, 0, 0, 5, 999, 2;
1, 256, 0, 0, 0, 0, 4, 999, 2;
1, 256, 0, -1, -1, -1, 4, 999, 2;
1, 256, 1, 1, 1, 1, 6, 1001, 4;
1, 256, 0, 0, 0, 0, 4, 999, 2;
1, 256, 0, 0, 0, 0, 5, 999, 3;
1, 256, 0, 0, 0, 0, 5, 1000, 3;
0, 256, 0, -1, -1, -1, 3, 998, 1;
1, 256, 0, 0, 0, 0, 5, 999, 2;
1, 256, 0, -1, -1, -1, 4, 999, 2;
1, 256, 0, 0, 0, 0, 5, 1000, 3;
1, 256, 0, 0, 0, 0, 5, 1000, 3;
1, 256, 1, 1, 1, 1, 5, 1000, 3;
1, 256, 0, 0, 0, 0, 5, 1000, 3;
1, 256, 0, 0, 0, 0, 4, 999, 2;
1, 256, 1, 1, 1, 1, 6, 1001, 4;
1, 256, 0, 0, 0, 0, 4, 999, 2;
1, 256, 1, 1, 1, 1, 5, 1000, 3;
1, 256, 0, 0, 0, 0, 5, 1000, 3;
1, 256, 0, 1, 1, 1, 5, 1000, 3;
1, 256, 0, 0, 0, 0, 5, 999, 3;
1, 256, 0, 0, 0, 0, 5, 1000, 3;
1, 256, 0, -1, -1, -1, 4, 999, 2;
1, 256, 0, 0, 0, 0, 4, 999, 2;
1, 256, 0, -1, -1, -1, 4, 999, 2;
1, 256, 0, -1, -1, -1, 4, 999, 2;
1, 256, 0, 0, 0, 0, 5, 1000, 3;
1, 256, 1, 1, 1, 1, 6, 1000, 4;
1, 256, 0, -1, -1, -1, 4, 998, 2;
1, 256, 0, -1, -1, -1, 4, 999, 2;
1, 256, 1, 1, 1, 1, 5, 1000, 3;
1, 256, 0, -1, -1, -1, 3, 998, 1;
1, 256, 1, 1, 1, 1, 6, 1001, 4;
1, 256, 0, 0, 0, 0, 4, 999, 2;
1, 256, 0, 0, 0, 0, 5, 1000, 3;
1, 256, 0, -1, -1, -1, 4, 999, 2;
1, 256, 0, 0, 0, 0, 5, 1000, 3;
1, 256, 0, 0, 0, 0, 5, 1000, 3;
1, 256, 0, -1, -1, -1, 4, 998, 1;
1, 256, 0, 0, 0, 0, 5, 1000, 3;
1, 256, 1, 1, 1, 1, 5, 1000, 3;
1, 256, 0, 0, 0, 0, 5, 1000, 3;
1, 256, 1, 1, 1, 1, 6, 1001, 4;
1, 256, 0, 0, 0, 0, 5, 1000, 3;
1, 256, 0, -1, -1, -1, 3, 998, 1;
1, 256, 0, 0, 0, 0, 5, 1000, 3;
1, 256, 0, 0, 0, 0, 5, 1000, 3;
1, 256, 0, 0, 0, 0, 5, 1000, 3;
1, 256, 0, 0, 0, 0, 5, 999, 2;
1, 256, 1, 1, 1, 1, 6, 1001, 4;
1, 256, 0, 0, 0, 0, 5, 999, 3;
1, 256, 0, -1, -1, -1, 4, 999, 2;
1, 256, 0, 0, 0, 0, 5, 1000, 3;
1, 256, 0, -1, -1, -1, 3, 998, 1;
1, 256, 1, 1, 1, 1, 6, 1001, 4;
1, 256, 0, 0, 0, 0, 5, 1000, 3;
1, 256, 0, -1, -1, -1, 4, 999, 2;
1, 256, 1, 1, 1, 1, 6, 1001, 4;
1, 256, 0, 0, 0, 0, 5, 1000, 3;
1, 256, 0, 0, 0, 0, 5, 1000, 3;
1, 256, 0, 1, 1, 1, 5, 1000, 3;
1, 256, 1, 1, 1, 1, 6, 1001, 4;
1, 256, 0, 0, 0, 0, 5, 1000, 3;
1, 256, 0, 1, 1, 1, 5, 1000, 3;
1, 256, 0, -1, -1, -1, 4, 998, 2;
1, 256, 1, 1, 1, 1, 6, 1001, 4;
1, 256, 0, 0, 0, 0, 5, 1000, 3;
1, 256, 0, -1, -1, -1, 4, 998, 2;
1, 256, 0, -1, -1, -1, 4, 999, 2;
1, 256, 0, -1, -1, -1, 4, 999, 2;
1, 256, 0, 1, 1, 1, 5, 1000, 3;
1, 256, 1, 1, 1, 1, 5, 1000, 3;
1, 256, 0, 0, 0, 0, 4, 999, 2;
1, 256, 0, 0, 0, 0, 4, 999, 2;
1, 256, 0, 1, 1, 1, 5, 1000, 3;
1, 256, 0, 0, 0, 0, 5, 1000, 3;
1, 256, 1, 1, 1, 1, 6, 1001, 4;
1, 256, 0, 0, 0, 0, 4, 999, 2;
1, 256, 0, -1, -1, -1, 4, 999, 2;
1, 256, 1, 1, 1, 1, 6, 1001, 4;
1, 256, 0, 0, 0, 0, 4, 999, 2;
1, 256, 0, 0, 0, 0, 5, 1000, 3;
1, 256, 0, 0, 0, 0, 5, 1000, 3;
1, 256, 0, 1, 1, 1, 5, 1000, 3;
1, 256, 0, 0, 0, 0, 4, 999, 2;
1, 256, 0, 0, 0, 0, 5, 1000, 3;
1, 256, 0, 0, 0, 0, 4, 999, 2;
1, 256, 0, 0, 0, 0, 4, 999, 2;
1, 256, 0, 0, 0, 0, 5, 1000, 3;
1, 256, 0, 0, 0, 0, 4, 999, 2;
1, 256, 1, 1, 1, 1, 6, 1000, 4;
1, 256, 0, 0, 0, 0, 4, 999, 2;
1, 256, 0, 0, 0, 0, 4, 999, 2;
1, 256, 0, 0, 0, 0, 5, 1000, 3;
1, 256, 0, 0, 0, 0, 5, 1000, 3;
1, 256, 0, -1, -1, -1, 4, 999, 2;
1, 256, 0, 0, 0, 0, 5, 999, 3;
1, 256, 1, 1, 1, 1, 6, 1001, 4;
0, 256, 0, -1, -1, -1, 3, 998, 1;
1, 256, 0, 0, 0, 0, 4, 999, 2;
1, 256, 0, 0, 0, 0, 5, 999, 3;
1, 256, 0, -1, -1, -1, 4, 999, 2;
1, 256, 1, 1, 1, 1, 5, 1000, 3;
1, 256, 0, -1, -1, -1, 4, 999, 2;
1, 256, 0, -1, -1, -1, 4, 999, 2;
1, 256, 0, 0, 0, 0, 5, 999, 2;
1, 256, 0, 0, 0, 0, 4, 999, 2;
1, 256, 0, 0, 0, 0, 5, 1000, 3;
1, 256, 0, 0, 0, 0, 5, 1000, 3;
1, 256, 1, 1, 1, 1, 6, 1001, 4;
1, 256, 0, -1, -1, -1, 4, 998, 2;
1, 256, 0, 0, 0, 0, 4, 999, 2;
1, 256, 0, 0, 0, 0, 5, 1000, 3;
1, 256, 0, 0, 0, 0, 5, 1000, 3;
1, 256, 0, 1, 1, 1, 5, 1000, 3;
1, 256, 1, 1, 1, 1, 6, 1001, 4;
1, 256, 0, 0, 0, 0, 4, 999, 2;
1, 256, 0, 0, 0, 0, 5, 1000, 3;
1, 256, 0, 0, 0, 0, 5, 1000, 3;
1, 256, 0, -1, -1, -1, 3, 998, 1;
1, 256, 1, 1, 1, 1, 6, 1001, 4;
1, 256, 0, 0, 0, 0, 5, 1000, 3;
1, 256, 0, 0, 0, 0, 5, 999, 2;
1, 256, 0, 0, 0, 0, 5, 999, 3;
1, 256, 0, 0, 0, 0, 5, 999, 2;
1, 256, 0, -1, -1, -1, 4, 999, 2;
1, 256, 0, 1, 1, 1, 5, 1000, 3;
1, 256, 1, 1, 1, 1, 6, 1001, 4;
1, 256, 0, -1, -1, -1, 4, 999, 2;
1, 256, 0, 1, 1, 1, 5, 1000, 3;
1, 256, 0, -1, -1, -1, 4, 999, 2;
1, 256, 1, 1, 1, 1, 6, 1001, 4;
1, 256, 0, -1, -1, -1, 4, 999, 2;
1, 256, 0, 0, 0, 0, 5, 1000, 3;
1, 256, 0, -1, -1, -1, 3, 998, 1;
1, 256, 1, 1, 1, 1, 6, 1001, 4;
1, 256, 0, 0, 0, 0, 5, 1000, 3;
1, 256, 0, -1, -1, -1, 4, 999, 2;
1, 256, 0, 0, 0, 0, 5, 1000, 3;
1, 256, 1, 1, 1, 1, 5, 1000, 3;
1, 256, 0, 0, 0, 0, 4, 999, 2;
1, 256, 0, 0, 0, 0, 5, 1000, 3;
1, 256, 0, 0, 0, 0, 5, 1000, 3;
1, 256, 0, 0, 0, 0, 4, 999, 2;
1, 256, 0, -1, -1, -1, 3, 998, 1;
1, 256, 0, 0, 0, 0, 5, 1000, 3;
1, 256, 0, 0, 0, 0, 4, 999, 2;
1, 256, 0, 1, 1, 1, 5, 1000, 3;
1, 256, 0, 0, 0, 0, 5, 1000, 3;
1, 256, 0, 0, 0, 0, 5, 1000, 3;
1, 256, 1, 1, 1, 1, 6, 1000, 3;
1, 256, 1, 1, 1, 1, 5, 1000, 3;
1, 256, 0, -1, -1, -1, 4, 999, 2;
1, 256, 0, 0, 0, 0, 5, 1000, 3;
1, 256, 1, 1, 1, 1, 6, 1001, 4;
1, 256, 0, 0, 0, 0, 5, 1000, 3;
1, 256, 1, 1, 1, 1, 5, 1000, 3;
1, 256, 0, -1, -1, -1, 3, 998, 1;
1, 256, 0, 0, 0, 0, 5, 1000, 3;
1, 256, 0, 0, 0, 0, 5, 999, 2;
1, 256, 0, 0, 0, 0, 5, 1000, 3;
1, 256, 0, 0, 0, 0, 4, 999, 2;
1, 256, 0, 0, 0, 0, 5, 1000, 3;
1, 256, 0, 1, 1, 1, 5, 1000, 3;
1, 256, 0, -1, -1, -1, 4, 999, 2;
1, 256, 0, 1, 1, 1, 5, 1000, 3;
1, 256, 0, 1, 1, 1, 5, 1000, 3;
1, 256, 0, 0, 0, 0, 5, 1000, 3;
1, 256, 0, 0, 0, 0, 5, 1000, 3;
1, 256, 0, 0, 0, 0, 4, 999, 2;
1, 256, 0, 0, 0, 0, 5, 1000, 3;
1, 256, 0, 0, 0, 0, 5, 999, 3;
1, 256, 0, 0, 0, 0, 5, 1000, 3;
1, 256, 0, 0, 0, 0, 4, 999, 2;
1, 256, 0, 0, 0, 0, 4, 999, 2;
1, 256, 0, 0, 0, 0, 5, 1000, 3;
1, 256, 0, 0, 0, 0, 5, 999, 2;
1, 256, 0, -1, -1, -1, 4, 999, 2;
1, 256, 1, 1, 1, 1, 6, 1001, 4;
1, 256, 0, 0, 0, 0, 5, 1000, 3;
1, 256, 0, 0, 0, 0, 4, 999, 2;
1, 256, 0, 1, 1, 1, 5, 1000, 3;
1, 256, 0, 1, 1, 1, 5, 1000, 3;
1, 256, 0, 0, 0, 0, 4, 999, 2;
1, 256, 0, -1, -1, -1, 4, 999, 2;
1, 256, 0, 1, 1, 1, 5, 1000, 3;
1, 256, 0, 1, 1, 1, 5, 1000, 3;
1, 256, 0, 1, 1, 1, 5, 1000, 3;
1, 256, 0, 0, 0, 0, 4, 999, 2;
1, 256, 1, 1, 1, 1, 6, 1001, 4;
1, 256, 0, -1, -1, -1, 3, 998, 1;
1, 256, 0, 0, 0, 0, 4, 999, 2;
1, 256, 0, 0, 0, 0, 5, 999, 2;
1, 256, 1, 1, 1, 1, 6, 1001, 4;
1, 256, 0, 0, 0, 0, 4, 999, 2;
1, 256, 1, 1, 1, 1, 6, 1001, 4;
1, 256, 1, 1, 1, 1, 6, 1000, 4;
1, 256, 0, -1, -1, -1, 4, 998, 2;
1, 256, 1, 1, 1, 1, 6, 1001, 4;
1, 256, 0, 0, 0, 0, 5, 1000, 3;
0, 256, 0, -1, -1, -1, 3, 998, 1;
1, 256, 1, 1, 1, 1, 6, 1001, 4;
1, 256, 1, 1, 1, 1, 6, 1001, 4;
1, 256, 0, 0, 0, 0, 5, 1000, 3;
1, 256, 0, 0, 0, 0, 4, 999, 2;
1, 256, 0, 0, 0, 0, 4, 999, 2;
1, 256, 1, 1, 1, 1, 6, 1001, 4;
1, 256, 1, 1, 1, 1, 6, 1000, 4;
1, 256, 0, 0, 0, 0, 5, 1000, 3;
1, 256, 0, 0, 0, 0, 5, 1000, 3;
1, 256, 0, -1, -1, -1, 4, 999, 2;
1, 256, 0, -1, -1, -1, 3, 998, 1;
1, 256, 0, 0, 0, 0, 4, 999, 2;
1, 256, 0, 0, 0, 0, 5, 1000, 3;
1, 256, 0, 0, 0, 0, 5, 1000, 3;
1, 256, 0, -1, -1, -1, 3, 998, 1;
1, 256, 0, -1, -1, -1, 4, 999, 2;
1, 256, 0, 0, 0, 0, 4, 999, 2;
1, 256, 0, 0, 0, 0, 4, 999, 2;
1, 256, 0, 0, 0, 0, 5, 1000, 3;
1, 256, 0, 0, 0, 0, 4, 999, 2;
1, 256, 0, -1, -1, -1, 3, 998, 1;
1, 256, 0, 0, 0, 0, 4, 999, 2;
1, 256, 1, 1, 1, 1, 6, 1000, 3;
1, 256, 0, -1, -1, -1, 4, 998, 1;
1, 256, 0, 0, 0, 0, 5, 1000, 3;
1, 256, 0, -1, -1, -1, 4, 999, 2;
1, 256, 0, 0, 0, 0, 5, 1000, 3;
1, 256, 0, 0, 0, 0, 5, 1000, 3;
1, 256, 0, 0, 0, 0, 4, 999, 2;
1, 256, 0, 0, 0, 0, 5, 999, 3;
1, 256, 1, 1, 1, 1, 6, 1001, 4;
1, 256, 0, -1, -1, -1, 4, 999, 2;
1, 256, 1, 1, 1, 1, 5, 1000, 3;
1, 256, 0, -1, -1, -1, 4, 999, 2;
1, 256, 0, 0, 0, 0, 5, 1000, 3;
1, 256, 0, -1, -1, -1, 3, 998, 1;
1, 256, 1, 1, 1, 1, 6, 1001, 4;
1, 256, 0, 0, 0, 0, 4, 999, 2;
1, 256, 0, 1, 1, 1, 5, 1000, 3;
1, 256, 0, 1, 1, 1, 5, 1000, 3;
1, 256, 1, 1, 1, 1, 5, 1000, 3;
1, 256, 0, 0, 0, 0, 4, 999, 2;
1, 256, 0, -1, -1, -1, 4, 999, 2;
1, 256, 0, -1, -1, -1, 4, 999, 2;
1, 256, 0, -1, -1, -1, 4, 999, 2;
1, 256, 1, 1, 1, 1, 6, 1000, 4;
1, 256, 1, 1, 1, 1, 5, 1000, 3;
1, 256, 0, 0, 0, 0, 4, 999, 2;
1, 256, 0, 0, 0, 0, 4, 999, 2;
1, 256, 0, -1, -1, -1, 3, 998, 1;
1, 256, 0, -1, -1, -1, 4, 999, 2;
1, 256, 0, 0, 0, 0, 5, 1000, 3;
1, 256, 0, -1, -1, -1, 3, 998, 1;
1, 256, 0, 0, 0, 0, 5, 999, 3;
1, 256, 1, 1, 1, 1, 5, 1000, 3;
1, 256, 0, 0, 0, 0, 4, 999, 2;
1, 256, 1, 1, 1, 1, 6, 1001, 4;
1, 256, 0, -1, -1, -1, 4, 999, 2;
1, 256, 0, 0, 0, 0, 5, 1000, 3;
1, 256, 0, 0, 0, 0, 4, 999, 2;
1, 256, 0, 0, 0, 0, 4, 999, 2;
1, 256, 0, 0, 0, 0, 4, 999, 2;
1, 256, 0, 0, 0, 0, 5, 1000, 3;
1, 256, 1, 1, 1, 1, 6, 1001, 4;
1, 256, 1, 1, 1, 1, 5, 1000, 3;
1, 256, 1, 1, 1, 1, 6, 1001, 4;
1, 256, 0, 0, 0, 0, 5, 1000, 3;
1, 256, 0, 0, 0, 0, 4, 999, 2;
1, 256, 0, 0, 0, 0, 4, 999, 2;
1, 256, 0, -1, -1, -1, 4, 999, 2;
1, 256, 1, 1, 1, 1, 5, 1000, 3;
1, 256, 0, 0, 0, 0, 5, 1000, 3;
1, 256, 1, 1, 1, 1, 6, 1000, 4;
1, 256, 0, 0, 0, 0, 5, 999, 3;
1, 256, 0, -1, -1, -1, 4, 999, 2;
1, 256, 0, -1, -1, -1, 4, 999, 2;
1, 256, 0, 0, 0, 0, 5, 1000, 3;
1, 256, 1, 1, 1, 1, 6, 1000, 3;
1, 256, 0, 1, 1, 1, 5, 1000, 3;
1, 256, 0, 0, 0, 0, 5, 1000, 3;
1, 256, 0, 1, 1, 1, 5, 1000, 3;
1, 256, 0, 0, 0, 0, 5, 1000, 3;
1, 256, 0, -1, -1, -1, 4, 999, 2;
1, 256, 0, 0, 0, 0, 4, 999, 2;
1, 256, 0, 0, 0, 0, 5, 999, 3;
1, 256, 0, -1, -1, -1, 4, 999, 2;
1, 256, 0, 1, 1, 1, 5, 1000, 3;
1, 256, 0, 0, 0, 0, 4, 999, 2;
1, 256, 0, 0, 0, 0, 5, 1000, 3;
1, 256, 0, 0, 0, 0, 4, 999, 2;
1, 256, 1, 1, 1, 1, 6, 1001, 4;
1, 256, 0, 0, 0, 0, 4, 999, 2;
1, 256, 0, 1, 1, 1, 5, 1000, 3;
1, 256, 0, 0, 0, 0, 4, 999, 2;
1, 256, 0, -1, -1, -1, 4, 999, 2;
1, 256, 1, 1, 1, 1, 6, 1001, 4;
1, 256, 0, 0, 0, 0, 5, 1000, 3;
1, 256, 0, 0, 0, 0, 5, 1000, 3;
1, 256, 0, 0, 0, 0, 5, 1000, 3;
1, 256, 0, -1, -1, -1, 4, 998, 2;
1, 256, 0, 0, 0, 0, 5, 1000, 3;
1, 256, 0, -1, -1, -1, 4, 999, 2;
1, 256, 0, 0, 0, 0, 4, 999, 2;
1, 256, 1, 1, 1, 1, 6, 1000, 4;
1, 256, 0, 0, 0, 0, 5, 1000, 3;
1, 256, 0, 0, 0, 0, 4, 999, 2;
1, 256, 0, 0, 0, 0, 5, 999, 3;
1, 256, 1, 1, 1, 1, 5, 1000, 3;
1, 256, 0, 0, 0, 0, 4, 999, 2;
1, 256, 0, -1, -1, -1, 4, 999, 2;
1, 256, 0, 0, 0, 0, 5, 1000, 3;
0, 256, 0, -1, -1, -1, 3, 998, 1;
1, 256, 0, 1, 1, 1, 5, 1000, 3;
1, 256, 0, 0, 0, 0, 5, 1000, 3;
1, 256, 0, 0, 0, 0, 5, 1000, 3;
1, 256, 0, 1, 1, 1, 5, 1000, 3;
1, 256, 0, 0, 0, 0, 5, 1000, 3;
1, 256, 0, 0, 0, 0, 4, 999, 2;
1, 256, 0, 0, 0, 0, 5, 1000, 3;
1, 256, 0, 1, 1, 1, 5, 1000, 3;
1, 256, 0, -1, -1, -1, 3, 998, 1;
1, 256, 0, 1, 1, 1, 5, 1000, 3;
1, 256, 0, 0, 0, 0, 4, 999, 2;
1, 256, 1, 1, 1, 1, 6, 1000, 4;
1, 256, 0, 0, 0, 0, 5, 1000, 3;
1, 256, 0, 1, 1, 1, 5, 1000, 3;
1, 256, 0, 0, 0, 0, 4, 999, 2;
1, 256, 0, 0, 0, 0, 5, 1000, 3;
1, 256, 1, 1, 1, 1, 6, 1001, 4;
1, 256, 0, -1, -1, -1, 4, 999, 2;
1, 256, 0, 0, 0, 0, 5, 1000, 3;
1, 256, 0, 0, 0, 0, 4, 999, 2;
1, 256, 1, 1, 1, 1, 5, 1000, 3;
1, 256, 0, -1, -1, -1, 4, 998, 1;
1, 256, 0, -1, -1, -1, 4, 999, 2;
1, 256, 0, 0, 0, 0, 5, 1000, 3;
1, 256, 1, 1, 1, 1, 5, 1000, 3;
1, 256, 0, -1, -1, -1, 4, 999, 2;
1, 256, 0, 0, 0, 0, 4, 999, 2;
1, 256, 0, 0, 0, 0, 4, 999, 2;
1, 256, 1, 1, 1, 1, 6, 1000, 4;
1, 256, 0, -1, -1, -1, 4, 999, 2;
1, 256, 0, 1, 1, 1, 5, 1000, 3;
1, 256, 0, -1, -1, -1, 4, 999, 2;
1, 256, 1, 1, 1, 1, 6, 1001, 4;
1, 256, 0, 0, 0, 0, 5, 1000, 3;
1, 256, 0, 0, 0, 0, 4, 999, 2;
1, 256, 0, 0, 0, 0, 5, 1000, 3;
1, 256, 1, 1, 1, 1, 6, 1001, 4;
1, 256, 0, 0, 0, 0, 4, 999, 2;
1, 256, 0, 0, 0, 0, 4, 999, 2;
1, 256, 1, 1, 1, 1, 6, 1000, 4;
1, 256, 0, 0, 0, 0, 5, 1000, 3;
1, 256, 0, 0, 0, 0, 5, 1000, 3;
1, 256, 0, -1, -1, -1, 4, 999, 2;
1, 256, 0, -1, -1, -1, 4, 998, 2;
1, 256, 0, 0, 0, 0, 4, 999, 2;
1, 256, 0, 0, 0, 0, 5, 1000, 3;
1, 256, 0, -1, -1, -1, 3, 998, 1;
1, 256, 0, -1, -1, -1, 4, 999, 2;
1, 256, 1, 1, 1, 1, 6, 1001, 4;
1, 256, 0, 0, 0, 0, 4, 999, 2;
1, 256, 0, 0, 0, 0, 5, 1000, 3;
1, 256, 0, 1, 1, 1, 5, 1000, 3;
1, 256, 0, 0, 0, 0, 5, 999, 3;
1, 256, 0, -1, -1, -1, 4, 998, 1;
1, 256, 0, 0, 0, 0, 5, 999, 3;
1, 256, 0, -1, -1, -1, 3, 998, 1;
1, 256, 0, 1, 1, 1, 5, 1000, 3;
1, 256, 0, 1, 1, 1, 5, 1000, 3;
1, 256, 1, 1, 1, 1, 5, 1000, 3;
1, 256, 0, -1, -1, -1, 3, 998, 1;
1, 256, 0, -1, -1, -1, 4, 999, 2;
1, 256, 0, 0, 0, 0, 5, 1000, 3;
1, 256, 0, -1, -1, -1, 3, 998, 1;
1, 256, 0, 0, 0, 0, 4, 999, 2;
1, 256, 0, 0, 0, 0, 4, 999, 2;
1, 256, 0, 0, 0, 0, 5, 1000, 3;
1, 256, 0, 0, 0, 0, 5, 1000, 3;
1, 256, 0, 0, 0, 0, 4, 999, 2;
1, 256, 0, 1, 1, 1, 5, 1000, 3;
1, 256, 0, 0, 0, 0, 5, 1000, 3;
1, 256, 0, 0, 0, 0, 4, 999, 2;
1, 256, 0, 0, 0, 0, 5, 1000, 3;
1, 256, 0, 1, 1, 1, 5, 1000, 3;
1, 256, 0, 0, 0, 0, 5, 1000, 3;
1, 256, 0, 0, 0, 0, 4, 999, 2;
1, 256, 0, 0, 0, 0, 5, 1000, 3;
1, 256, 0, -1, -1, -1, 4, 999, 2;
1, 256, 0, 0, 0, 0, 5, 1000, 3;
1, 256, 0, 1, 1, 1, 5, 1000, 3;
1, 256, 0, -1, -1, -1, 4, 999, 2;
1, 256, 1, 1, 1, 1, 6, 1001, 4;
1, 256, 0, 1, 1, 1, 5, 1000, 3;
1, 256, 0, 0, 0, 0, 5, 1000, 3;
1, 256, 0, 0, 0, 0, 4, 999, 2;
1, 256, 0, 1, 1, 1, 5, 1000, 3;
1, 256, 0, 0, 0, 0, 5, 1000, 3;
1, 256, 0, 0, 0, 0, 5, 1000, 3;
1, 256, 0, -1, -1, -1, 3, 998, 1;
1, 256, 0, 0, 0, 0, 4, 999, 2;
1, 256, 1, 1, 1, 1, 6, 1001, 4;
1, 256, 0, 0, 0, 0, 4, 999, 2;
1, 256, 0, 0, 0, 0, 5, 1000, 3;
1, 256, 0, 0, 0, 0, 5, 1000, 3;
1, 256, 0, 0, 0, 0, 5, 999, 3;
1, 256, 0, -1, -1, -1, 3, 998, 1;
1, 256, 0, -1, -1, -1, 3, 998, 1;
1, 256, 0, 0, 0, 0, 4, 999, 2;
1, 256, 0, 0, 0, 0, 5, 1000, 3;
1, 256, 0, 0, 0, 0, 5, 1000, 3;
1, 256, 0, -1, -1, -1, 4, 999, 2;
1, 256, 0, -1, -1, -1, 4, 999, 2;
1, 256, 0, -1, -1, -1, 4, 999, 2;
1, 256, 0, 0, 0, 0, 5, 1000, 3;
1, 256, 0, 0, 0, 0, 5, 1000, 3;
1, 256, 0, 0, 0, 0, 4, 999, 2;
1, 256, 0, -1, -1, -1, 4, 999, 2;
1, 256, 0, 0, 0, 0, 5, 1000, 3;
1, 256, 0, 0, 0, 0, 5, 1000, 3;
1, 256, 0, -1, -1, -1, 4, 998, 2;
1, 256, 1, 1, 1, 1, 6, 1001, 4;
1, 256, 0, 0, 0, 0, 4, 999, 2;
1, 256, 0, -1, -1, -1, 4, 999, 2;
1, 256, 0, 0, 0, 0, 5, 1000, 3;
1, 256, 0, 0, 0, 0, 4, 999, 2;
1, 256, 0, 0, 0, 0, 4, 999, 2;
1, 256, 0, 0, 0, 0, 4, 999, 2;
1, 256, 1, 1, 1, 1, 5, 1000, 3;
1, 256, 0, -1, -1, -1, 4, 999, 2;
1, 256, 0, -1, -1, -1, 4, 999, 2;
1, 256, 0, -1, -1, -1, 4, 998, 2;
1, 256, 0, 0, 0, 0, 5, 1000, 3;
1, 256, 0, 0, 0, 0, 5, 1000, 3;
1, 256, 0, 1, 1, 1, 5, 1000, 3;
1, 256, 0, 0, 0, 0, 5, 999, 2;
1, 256, 0, 0, 0, 0, 5, 999, 2;
1, 256, 1, 1, 1, 1, 6, 1001, 4;
1, 256, 0, 1, 1, 1, 5, 1000, 3;
1, 256, 0, 0, 0, 0, 5, 1000, 3;
1, 256, 0, -1, -1, -1, 3, 998, 1;
1, 256, 0, 0, 0, 0, 4, 999, 2;
1, 256, 0, 1, 1, 1, 5, 1000, 3;
1, 256, 0, 0, 0, 0, 5, 1000, 3;
1, 256, 0, -1, -1, -1, 4, 998, 2;
1, 256, 0, -1, -1, -1, 4, 999, 2;
1, 256, 0, 0, 0, 0, 5, 999, 2;
1, 256, 0, 0, 0, 0, 4, 999, 2;
1, 256, 0, -1, -1, -1, 4, 999, 2;
1, 256, 0, -1, -1, -1, 4, 998, 2;
1, 256, 0, 0, 0, 0, 4, 999, 2;
1, 256, 0, 0, 0, 0, 4, 999, 2;
1, 256, 0, 1, 1, 1, 5, 1000, 3;
1, 256, 0, 0, 0, 0, 5, 1000, 3;
1, 256, 0, -1, -1, -1, 4, 999, 2;
1, 256, 0, 1, 1, 1, 5, 1000, 3;
1, 256, 0, 0, 0, 0, 5, 1000, 3;
1, 256, 0, 1, 1, 1, 5, 1000, 3;
1, 256, 0, -1, -1, -1, 3, 998, 1;
1, 256, 0, 0, 0, 0, 5, 1000, 3;
1, 256, 0, -1, -1, -1, 4, 999, 2;
1, 256, 0, 0, 0, 0, 4, 999, 2;
1, 256, 0, 0, 0, 0, 5, 1000, 3;
1, 256, 0, 0, 0, 0, 5, 1000, 3;
1, 256, 0, 0, 0, 0, 4, 999, 2;
1, 256, 0, 1, 1, 1, 5, 1000, 3;
1, 256, 0, 0, 0, 0, 5, 1000, 3;
1, 256, 0, 0, 0, 0, 5, 1000, 3;
1, 256, 0, -1, -1, -1, 4, 999, 2;
1, 256, 0, -1, -1, -1, 3, 998, 1;
1, 256, 0, -1, -1, -1, 4, 998, 1;
1, 256, 1, 1, 1, 1, 6, 1001, 4;
1, 256, 0, 0, 0, 0, 5, 999, 2;
1, 256, 0, -1, -1, -1, 4, 999, 2;
1, 256, 0, 1, 1, 1, 5, 1000, 3;
1, 256, 0, 0, 0, 0, 5, 1000, 3;
1, 256, 0, 0, 0, 0, 5, 1000, 3;
1, 256, 0, -1, -1, -1, 4, 999, 2;
1, 256, 0, 0, 0, 0, 5, 1000, 3;
1, 256, 0, 0, 0, 0, 5, 1000, 3;
1, 256, 0, 1, 1, 1, 5, 1000, 3;
1, 256, 0, -1, -1, -1, 4, 998, 1;
1, 256, 0, 0, 0, 0, 4, 999, 2;
1, 256, 0, 0, 0, 0, 4, 999, 2;
1, 256, 0, -1, -1, -1, 4, 999, 2;
1, 256, 0, -1, -1, -1, 4, 999, 2;
1, 256, 0, 1, 1, 1, 5, 1000, 3;
1, 256, 1, 1, 1, 1, 6, 1001, 4;
1, 256, 0, -1, -1, -1, 3, 998, 1;
1, 256, 0, 0, 0, 0, 5, 1000, 3;
1, 256, 0, 0, 0, 0, 5, 1000, 3;
1, 256, 0, 0, 0, 0, 5, 1000, 3;
1, 256, 0, 0, 0, 0, 5, 1000, 3;
1, 256, 0, 0, 0, 0, 5, 1000, 3;
1, 256, 0, 1, 1, 1, 5, 1000, 3;
1, 256, 0, 0, 0, 0, 4, 999, 2;
1, 256, 0, 0, 0, 0, 4, 999, 2;
1, 256, 0, 0, 0, 0, 5, 1000, 3;
1, 256, 1, 1, 1, 1, 6, 1000, 4;
1, 256, 0, 0, 0, 0, 5, 1000, 3;
1, 256, 0, 0, 0, 0, 5, 1000, 3;
1, 256, 0, 0, 0, 0, 4, 999, 2;
1, 256, 0, 0, 0, 0, 5, 1000, 3;
1, 256, 0, 1, 1, 1, 5, 1000, 3;
1, 256, 0, -1, -1, -1, 4, 998, 2;
1, 256, 0, 0, 0, 0, 4, 999, 2;
1, 256, 0, 0, 0, 0, 4, 999, 2;
1, 256, 0, 0, 0, 0, 5, 1000, 3;
1, 256, 0, 0, 0, 0, 5, 1000, 3;
1, 256, 0, 1, 1, 1, 5, 1000, 3;
1, 256, 0, -1, -1, -1, 4, 998, 1;
1, 256, 1, 1, 1, 1, 6, 1001, 4;
1, 256, 0, 0, 0, 0, 4, 999, 2;
1, 256, 0, -1, -1, -1, 4, 999, 2;
0, 256, 0, -1, -1, -1, 3, 998, 1;
1, 256, 0, 0, 0, 0, 5, 1000, 3;
1, 256, 0, 0, 0, 0, 5, 1000, 3;
1, 256, 0, 0, 0, 0, 4, 999, 2;
1, 256, 0, -1, -1, -1, 4, 998, 1;
1, 256, 0, 0, 0, 0, 5, 1000, 3;
1, 256, 0, 0, 0, 0, 5, 999, 3;
1, 256, 0, 0, 0, 0, 5, 1000, 3;
1, 256, 0, 0, 0, 0, 5, 1000, 3;
1, 256, 0, 0, 0, 0, 4, 999, 2;
1, 256, 0, 0, 0, 0, 5, 1000, 3;
1, 256, 1, 1, 1, 1, 5, 1000, 3;
1, 256, 0, 0, 0, 0, 5, 999, 3;
1, 256, 0, 0, 0, 0, 4, 999, 2;
1, 256, 1, 1, 1, 1, 6, 1001, 4;
1, 256, 0, 0, 0, 0, 5, 999, 3;
1, 256, 0, 0, 0, 0, 5, 1000, 3;
1, 256, 0, 0, 0, 0, 5, 1000, 3;
1, 256, 0, 0, 0, 0, 5, 1000, 3;
1, 256, 0, 0, 0, 0, 4, 999, 2;
1, 256, 0, 0, 0, 0, 5, 1000, 3;
1, 256, 0, 0, 0, 0, 4, 999, 2;
1, 256, 0, 0, 0, 0, 5, 1000, 3;
1, 256, 0, 0, 0, 0, 5, 1000, 3;
1, 256, 0, 0, 0, 0, 4, 999, 2;
1, 256, 0, 0, 0, 0, 4, 999, 2;
1, 256, 0, 0, 0, 0, 4, 999, 2;
1, 256, 0, -1, -1, -1, 4, 998, 1;
1, 256, 0, 0, 0, 0, 5, 1000, 3;
1, 256, 0, 0, 0, 0, 4, 999, 2;
1, 256, 0, 0, 0, 0, 4, 999, 2;
1, 256, 1, 1, 1, 1, 6, 1001, 4;
1, 256, 0, 0, 0, 0, 4, 999, 2;
1, 256, 1, 1, 1, 1, 6, 1000, 3;
1, 256, 0, 0, 0, 0, 5, 999, 3;
1, 256, 1, 1, 1, 1, 6, 1001, 4;
1, 256, 1, 1, 1, 1, 6, 1001, 4;
1, 256, 0, -1, -1, -1, 4, 999, 2;
1, 256, 0, 1, 1, 1, 5, 1000, 3;
1, 256, 0, 0, 0, 0, 4, 999, 2;
1, 256, 0, -1, -1, -1, 4, 999, 2;
1, 256, 0, 0, 0, 0, 4, 999, 2;
1, 256, 1, 1, 1, 1, 6, 1001, 4;
1, 256, 0, 0, 0, 0, 5, 1000, 3;
1, 256, 0, 0, 0, 0, 5, 1000, 3;
1, 256, 0, 0, 0, 0, 4, 999, 2;
1, 256, 0, 1, 1, 1, 5, 1000, 3;
1, 256, 0, -1, -1, -1, 3, 998, 1;
1, 256, 0, 1, 1, 1, 5, 1000, 3;
1, 256, 0, 1, 1, 1, 5, 1000, 3;
1, 256, 0, -1, -1, -1, 4, 998, 1;
1, 256, 0, -1, -1, -1, 3, 998, 1;
1, 256, 0, 1, 1, 1, 5, 1000, 3;
1, 256, 0, 1, 1, 1, 5, 1000, 3;
1, 256, 0, 0, 0, 0, 5, 1000, 3;
1, 256, 0, 0, 0, 0, 4, 999, 2;
1, 256, 0, 1, 1, 1, 5, 1000, 3;
1, 256, 0, -1, -1, -1, 4, 999, 2;
1, 256, 0, 1, 1, 1, 5, 1000, 3;
1, 256, 0, 0, 0, 0, 5, 1000, 3;
1, 256, 0, 0, 0, 0, 5, 999, 3;
1, 256, 0, 0, 0, 0, 5, 1000, 3;
1, 256, 0, 0, 0, 0, 4, 999, 2;
1, 256, 0, -1, -1, -1, 4, 999, 2;
1, 256, 0, 0, 0, 0, 5, 999, 3;
1, 256, 0, 0, 0, 0, 5, 1000, 3;
1, 256, 0, 0, 0, 0, 5, 999, 3;
1, 256, 0, 0, 0, 0, 5, 1000, 3;
1, 256, 0, 0, 0, 0, 5, 1000, 3;
1, 256, 0, 0, 0, 0, 4, 999, 2;
1, 256, 0, -1, -1, -1, 4, 999, 2;
1, 256, 0, 0, 0, 0, 5, 1000, 3;
1, 256, 1, 1, 1, 1, 6, 1001, 4;
1, 256, 0, -1, -1, -1, 4, 998, 1;
1, 256, 0, -1, -1, -1, 4, 999, 2;
1, 256, 0, 0, 0, 0, 4, 999, 2;
1, 256, 0, -1, -1, -1, 4, 999, 2;
1, 256, 0, -1, -1, -1, 4, 999, 2;
1, 256, 1, 1, 1, 1, 6, 1000, 4;
1, 256, 0, 0, 0, 0, 5, 999, 2;
1, 256, 0, 0, 0, 0, 4, 999, 2;
1, 256, 0, 0, 0, 0, 5, 1000, 3;
1, 256, 0, -1, -1, -1, 4, 999, 2;
1, 256, 0, -1, -1, -1, 3, 998, 1;
1, 256, 0, 0, 0, 0, 4, 999, 2;
1, 256, 0, 0, 0, 0, 5, 999, 3;
1, 256, 1, 1, 1, 1, 6, 1001, 4;
1, 256, 0, 0, 0, 0, 4, 999, 2;
1, 256, 0, -1, -1, -1, 4, 998, 1;
1, 256, 0, 0, 0, 0, 5, 1000, 3;
1, 256, 0, 0, 0, 0, 5, 1000, 3;
1, 256, 0, 0, 0, 0, 5, 1000, 3;
1, 256, 0, 0, 0, 0, 5, 1000, 3;
1, 256, 1, 1, 1, 1, 6, 1001, 4;
1, 256, 0, 0, 0, 0, 4, 999, 2;
1, 256, 0, 1, 1, 1, 5, 1000, 3;
1, 256, 0, 0, 0, 0, 5, 1000, 3;
1, 256, 0, -1, -1, -1, 4, 999, 2;
1, 256, 0, 0, 0, 0, 5, 1000, 3;
1, 256, 0, -1, -1, -1, 4, 999, 2;
1, 256, 1, 1, 1, 1, 6, 1001, 4;
1, 256, 0, 0, 0, 0, 4, 999, 2;
1, 256, 0, -1, -1, -1, 3, 998, 1;
1, 256, 0, 1, 1, 1, 5, 1000, 3;
1, 256, 0, 0, 0, 0, 4, 999, 2;
0, 256, 0, -1, -1, -1, 3, 998, 1;
1, 256, 0, 0, 0, 0, 5, 1000, 3;
1, 256, 0, -1, -1, -1, 4, 999, 2;
1, 256, 1, 1, 1, 1, 6, 1000, 3;
1, 256, 0, 0, 0, 0, 4, 999, 2;
1, 256, 0, 0, 0, 0, 4, 999, 2;
1, 256, 1, 1, 1, 1, 6, 1000, 3;
1, 256, 0, 1, 1, 1, 5, 1000, 3;
1, 256, 0, 0, 0, 0, 5, 1000, 3;
1, 256, 0, 0, 0, 0, 5, 1000, 3;
1, 256, 0, -1, -1, -1, 4, 999, 2;
1, 256, 1, 1, 1, 1, 6, 1000, 4;
1, 256, 0, -1, -1, -1, 4, 999, 2;
1, 256, 0, 1, 1, 1, 5, 1000, 3;
1, 256, 0, -1, -1, -1, 4, 999, 2;
1, 256, 0, 0, 0, 0, 5, 1000, 3;
1, 256, 0, 0, 0, 0, 5, 1000, 3;
1, 256, 0, 0, 0, 0, 4, 999, 2;
1, 256, 0, -1, -1, -1, 4, 999, 2;
1, 256, 0, -1, -1, -1, 4, 999, 2;
1, 256, 0, 0, 0, 0, 4, 999, 2;
1, 256, 1, 1, 1, 1, 6, 1001, 4;
1, 256, 0, -1, -1, -1, 4, 999, 2;
1, 256, 0, 0, 0, 0, 5, 999, 3;
1, 256, 0, 0, 0, 0, 5, 1000, 3;
1, 256, 0, 0, 0, 0, 5, 1000, 3;
1, 256, 0, -1, -1, -1, 4, 999, 2;
1, 256, 0, 0, 0, 0, 5, 1000, 3;
1, 256, 0, 0, 0, 0, 5, 1000, 3;
1, 256, 0, -1, -1, -1, 4, 999, 2;
1, 256, 0, 0, 0, 0, 5, 1000, 3;
1, 256, 0, 0, 0, 0, 5, 1000, 3;
1, 256, 0, 1, 1, 1, 5, 1000, 3;
1, 256, 0, 0, 0, 0, 5, 1000, 3;
1, 256, 0, 0, 0, 0, 5, 1000, 3;
1, 256, 1, 1, 1, 1, 6, 1001, 4;
1, 256, 0, 1, 1, 1, 5, 1000, 3;
1, 256, 1, 1, 1, 1, 6, 1001, 4;
1, 256, 0, -1, -1, -1, 4, 999, 2;
1, 256, 0, -1, -1, -1, 4, 999, 2;
1, 256, 0, 0, 0, 0, 4, 999, 2;
1, 256, 0, 0, 0, 0, 5, 999, 3;
1, 256, 0, 0, 0, 0, 4, 999, 2;
1, 256, 1, 1, 1, 1, 5, 1000, 3;
1, 256, 0, 0, 0, 0, 5, 1000, 3;
1, 256, 0, -1, -1, -1, 4, 999, 2;
1, 256, 0, 0, 0, 0, 5, 1000, 3;
1, 256, 1, 1, 1, 1, 6, 1001, 4;
1, 256, 0, -1, -1, -1, 4, 999, 2;
1, 256, 0, -1, -1, -1, 4, 999, 2;
1, 256, 0, 0, 0, 0, 5, 1000, 3;
1, 256, 1, 1, 1, 1, 5, 1000, 3;
1, 256, 0, 0, 0, 0, 4, 999, 2;
1, 256, 0, 0, 0, 0, 5, 1000, 3;
1, 256, 1, 1, 1, 1, 6, 1001, 4;
1, 256, 0, 1, 1, 1, 5, 1000, 3;
1, 256, 0, -1, -1, -1, 4, 999, 2;
1, 256, 0, 0, 0, 0, 4, 999, 2;
1, 256, 0, 0, 0, 0, 5, 1000, 3;
1, 256, 0, 1, 1, 1, 5, 1000, 3;
1, 256, 0, 0, 0, 0, 5, 999, 3;
1, 256, 0, -1, -1, -1, 4, 999, 2;
1, 256, 1, 1, 1, 1, 6, 1001, 4;
1, 256, 1, 1, 1, 1, 6, 1001, 4;
1, 256, 0, -1, -1, -1, 4, 999, 2;
1, 256, 0, 1, 1, 1, 5, 1000, 3;
1, 256, 0, -1, -1, -1, 4, 999, 2;
1, 256, 0, 0, 0, 0, 4, 999, 2;
1, 256, 0, 0, 0, 0, 4, 999, 2;
1, 256, 0, 0, 0, 0, 5, 1000, 3;
1, 256, 1, 1, 1, 1, 6, 1001, 4;
1, 256, 0, -1, -1, -1, 4, 999, 2;
1, 256, 0, -1, -1, -1, 3, 998, 1;
1, 256, 0, -1, -1, -1, 4, 999, 2;
1, 256, 0, 1, 1, 1, 5, 1000, 3;
0, 256, 0, -1, -1, -1, 3, 998, 1;
1, 256, 1, 1, 1, 1, 6, 1001, 4;
1, 256, 0, 0, 0, 0, 4, 999, 2;
1, 256, 0, 0, 0, 0, 5, 1000, 3;
1, 256, 0, 0, 0, 0, 4, 999, 2;
1, 256, 1, 1, 1, 1, 6, 1001, 4;
1, 256, 1, 1, 1, 1, 6, 1001, 4;
0, 256, 0, -1, -1, -1, 3, 998, 1;
1, 256, 0, 1, 1, 1, 5, 1000, 3;
1, 256, 1, 1, 1, 1, 6, 1001, 4;
1, 256, 0, -1, -1, -1, 4, 998, 1;
1, 256, 0, 0, 0, 0, 5, 1000, 3;
1, 256, 0, 0, 0, 0, 5, 1000, 3;
1, 256, 0, 0, 0, 0, 5, 1000, 3;
1, 256, 0, -1, -1, -1, 4, 998, 1;
1, 256, 0, 0, 0, 0, 5, 1000, 3;
1, 256, 0, 0, 0, 0, 5, 1000, 3;
1, 256, 0, 0, 0, 0, 5, 1000, 3;
1, 256, 1, 1, 1, 1, 6, 1001, 4;
1, 256, 1, 1, 1, 1, 6, 1001, 4;
1, 256, 0, 0, 0, 0, 4, 999, 2;
1, 256, 0, 0, 0, 0, 5, 1000, 3;
1, 256, 0, 0, 0, 0, 5, 1000, 3;
1, 256, 0, 0, 0, 0, 4, 999, 2;
1, 256, 0, 1, 1, 1, 5, 1000, 3;
1, 256, 0, 1, 1, 1, 5, 1000, 3;
1, 256, 0, 0, 0, 0, 4, 999, 2;
1, 256, 0, -1, -1, -1, 4, 999, 2;
1, 256, 0, -1, -1, -1, 3, 998, 1;
1, 256, 0, 0, 0, 0, 5, 1000, 3;
1, 256, 0, 0, 0, 0, 5, 1000, 3;
1, 256, 0, -1, -1, -1, 4, 999, 2;
1, 256, 0, -1, -1, -1, 4, 999, 2;
1, 256, 1, 1, 1, 1, 5, 1000, 3;
1, 256, 0, -1, -1, -1, 4, 999, 2;
1, 256, 0, 0, 0, 0, 5, 999, 2;
1, 256, 0, -1, -1, -1, 3, 998, 1;
1, 256, 0, 0, 0, 0, 5, 1000, 3;
1, 256, 0, -1, -1, -1, 4, 999, 2;
1, 256, 0, -1, -1, -1, 4, 999, 2;
1, 256, 0, -1, -1, -1, 4, 998, 1;
1, 256, 0, 0, 0, 0, 5, 1000, 3;
1, 256, 0, -1, -1, -1, 4, 999, 2;
1, 256, 0, 0, 0, 0, 5, 1000, 3;
1, 256, 1, 1, 1, 1, 6, 1001, 4;
1, 256, 0, -1, -1, -1, 4, 999, 2;
1, 256, 0, -1, -1, -1, 4, 999, 2;
1, 256, 0, -1, -1, -1, 3, 998, 1;
1, 256, 1, 1, 1, 1, 6, 1000, 4;
1, 256, 0, 0, 0, 0, 5, 1000, 3;
1, 256, 0, 0, 0, 0, 5, 1000, 3;
1, 256, 0, 0, 0, 0, 5, 1000, 3;
1, 256, 0, 1, 1, 1, 5, 1000, 3;
1, 256, 0, -1, -1, -1, 4, 999, 2;
1, 256, 0, 1, 1, 1, 5, 1000, 3;
1, 256, 0, -1, -1, -1, 4, 999, 2;
1, 256, 0, 0, 0, 0, 5, 1000, 3;
1, 256, 0, 0, 0, 0, 4, 999, 2;
1, 256, 1, 1, 1, 1, 6, 1001, 4;
1, 256, 0, 0, 0, 0, 5, 1000, 3;
1, 256, 0, 1, 1, 1, 5, 1000, 3;
1, 256, 0, 1, 1, 1, 5, 1000, 3;