1, 296, 14, 3, 413, 3, 4, 1157, 55;
2, 296, 13, 29, 411, 2, 9, 1155, 53;
0, 292, 10, 45, 399, -8, 2, 1141, 40;
2, 292, 10, 72, 397, -8, 9, 1140, 40;
6, 294, 12, 105, 400, -2, 23, 1147, 47;
11, 297, 15, 142, 406, 8, 43, 1159, 61;
8, 292, 11, 155, 389, -4, 34, 1141, 45;
10, 292, 12, 182, 384, -3, 42, 1140, 47;
11, 291, 11, 206, 376, -4, 46, 1136, 44;
17, 294, 15, 243, 380, 7, 67, 1148, 59;
13, 288, 10, 252, 356, -8, 54, 1125, 40;
14, 287, 9, 274, 345, -10, 58, 1120, 38;
17, 286, 10, 299, 337, -8, 66, 1119, 40;
21, 288, 13, 329, 335, 0, 82, 1125, 50;
24, 289, 15, 358, 331, 7, 96, 1129, 59;
20, 283, 10, 363, 302, -9, 80, 1104, 39;
27, 287, 15, 400, 306, 7, 107, 1121, 60;
23, 281, 10, 404, 277, -7, 93, 1096, 41;
27, 282, 12, 429, 270, 0, 105, 1100, 49;
28, 280, 12, 446, 255, 0, 110, 1094, 49;
27, 277, 10, 456, 233, -7, 106, 1080, 41;
33, 280, 15, 488, 233, 8, 129, 1094, 61;
30, 275, 11, 489, 204, -4, 117, 1072, 45;
34, 277, 15, 514, 199, 7, 135, 1081, 60;
32, 272, 12, 517, 172, -1, 127, 1063, 48;
31, 268, 10, 522, 149, -7, 122, 1048, 41;
37, 272, 16, 549, 148, 9, 146, 1063, 62;
34, 267, 13, 548, 120, 0, 136, 1044, 50;
36, 267, 14, 559, 105, 3, 142, 1042, 55;
38, 266, 15, 570, 91, 8, 149, 1041, 61;
39, 265, 16, 576, 73, 9, 152, 1035, 62;
35, 260, 12, 568, 43, -1, 139, 1014, 48;
34, 256, 10, 565, 18, -7, 133, 1000, 42;
35, 255, 12, 570, 3, -3, 138, 998, 46;
33, 251, 9, 562, -23, -10, 129, 981, 37;
34, 251, 11, 565, -38, -6, 134, 980, 43;
36, 251, 12, 568, -52, 0, 140, 979, 49;
33, 247, 10, 558, -77, -7, 131, 964, 42;
36, 248, 14, 563, -86, 3, 143, 970, 54;
35, 245, 12, 552, -108, 0, 136, 958, 50;
33, 242, 11, 541, -131, -4, 129, 947, 45;
33, 241, 12, 534, -146, -1, 131, 943, 48;
30, 238, 10, 518, -171, -8, 120, 928, 40;
30, 236, 10, 506, -188, -8, 117, 921, 40;
29, 234, 10, 494, -205, -8, 114, 915, 40;
34, 239, 16, 500, -202, 11, 136, 934, 65;
27, 231, 10, 465, -239, -9, 106, 902, 39;
32, 236, 16, 469, -234, 11, 127, 922, 64;
31, 234, 15, 451, -252, 8, 121, 913, 62;
30, 233, 16, 434, -265, 9, 117, 909, 63;
23, 226, 10, 397, -297, -8, 90, 881, 40;
27, 229, 15, 394, -295, 7, 105, 896, 60;
24, 226, 13, 368, -313, 2, 93, 885, 53;
24, 227, 15, 353, -319, 8, 96, 888, 61;
23, 226, 16, 331, -329, 9, 91, 885, 62;
19, 223, 13, 300, -348, 0, 75, 870, 51;
15, 220, 11, 271, -364, -5, 62, 859, 44;
18, 223, 15, 260, -360, 7, 72, 872, 60;
13, 219, 11, 223, -380, -4, 51, 854, 45;
10, 217, 10, 194, -391, -8, 40, 846, 40;
10, 218, 12, 175, -391, -2, 41, 851, 48;
6, 215, 9, 140, -406, -10, 24, 838, 37;
9, 219, 14, 129, -395, 4, 36, 856, 56;
9, 220, 15, 107, -395, 8, 35, 860, 61;
1, 214, 10, 62, -416, -9, 6, 836, 39;
0, 213, 9, 34, -419, -10, -2, 834, 37;
0, 216, 12, 15, -412, -2, 0, 843, 47;
1, 218, 14, -3, -404, 5, 4, 853, 57;
0, 219, 15, -29, -402, 6, 0, 855, 59;
-3, 218, 13, -60, -404, 2, -12, 851, 53;
-2, 220, 16, -80, -395, 9, -10, 860, 62;
-10, 214, 10, -125, -410, -9, -40, 838, 39;
-8, 219, 13, -140, -395, 1, -33, 854, 53;
-11, 217, 12, -171, -394, -3, -45, 849, 47;
-14, 216, 10, -202, -393, -8, -58, 845, 40;
-14, 220, 13, -219, -378, 0, -54, 858, 50;
-13, 222, 15, -238, -364, 6, -53, 869, 58;
-19, 218, 10, -277, -371, -8, -77, 853, 39;
-19, 222, 12, -293, -354, -1, -74, 866, 49;
-18, 224, 14, -310, -338, 4, -73, 877, 56;
-24, 221, 9, -347, -342, -10, -97, 863, 37;
-25, 223, 10, -367, -328, -8, -99, 870, 40;
-22, 229, 15, -372, -300, 6, -85, 893, 59;
-28, 225, 10, -408, -303, -9, -111, 878, 39;
-28, 227, 11, -424, -286, -6, -111, 887, 43;
-24, 233, 15, -427, -257, 8, -97, 911, 62;
-28, 232, 13, -451, -249, 1, -110, 908, 53;
-26, 236, 16, -460, -226, 9, -105, 923, 62;
-29, 237, 14, -479, -214, 5, -113, 924, 57;
-29, 239, 15, -489, -194, 8, -113, 934, 61;
-34, 236, 11, -517, -191, -5, -134, 923, 43;
-35, 237, 10, -530, -175, -7, -139, 928, 41;
-36, 239, 10, -542, -159, -9, -143, 932, 39;
-36, 241, 11, -548, -138, -5, -142, 943, 43;
-32, 248, 15, -542, -105, 8, -126, 968, 61;
-33, 249, 15, -551, -89, 6, -130, 972, 59;
-35, 249, 13, -563, -76, 0, -139, 971, 51;
-38, 248, 10, -576, -66, -8, -151, 967, 40;
-35, 254, 14, -566, -34, 4, -136, 991, 56;
-37, 253, 11, -577, -23, -4, -147, 987, 45;
-39, 253, 10, -582, -8, -8, -153, 989, 40;
-34, 260, 15, -565, 26, 7, -133, 1016, 60;
-35, 261, 14, -567, 42, 3, -137, 1018, 55;
-37, 260, 11, -571, 54, -3, -145, 1017, 46;
-33, 265, 15, -557, 83, 6, -132, 1036, 58;
-33, 267, 15, -551, 101, 6, -131, 1043, 58;
-35, 266, 12, -552, 112, -1, -138, 1040, 49;
-32, 271, 15, -535, 140, 7, -125, 1058, 60;
-33, 271, 13, -531, 153, 2, -129, 1059, 53;
-32, 273, 14, -519, 172, 3, -125, 1067, 55;
-35, 271, 9, -521, 176, -9, -139, 1057, 38;
-28, 278, 15, -489, 212, 9, -112, 1086, 62;
-29, 279, 14, -478, 225, 5, -113, 1089, 58;
-28, 279, 14, -466, 238, 3, -112, 1091, 54;
-29, 279, 12, -455, 249, -2, -115, 1091, 48;
-24, 285, 16, -425, 276, 10, -95, 1112, 64;
-27, 282, 12, -421, 277, -2, -107, 1101, 47;
-28, 281, 10, -408, 284, -9, -111, 1097, 39;
-21, 288, 15, -371, 315, 8, -83, 1125, 61;
-24, 285, 11, -364, 314, -5, -96, 1112, 43;
-22, 286, 11, -341, 327, -4, -89, 1118, 45;
-20, 288, 12, -316, 341, -1, -79, 1126, 49;
-16, 292, 15, -285, 359, 6, -64, 1139, 59;
-14, 293, 15, -261, 369, 6, -58, 1143, 59;
-12, 294, 15, -235, 379, 8, -49, 1149, 61;
-13, 292, 13, -219, 379, 0, -54, 1141, 51;
-12, 292, 12, -196, 383, -1, -50, 1141, 48;
-7, 297, 16, -158, 401, 10, -29, 1158, 63;
-12, 290, 9, -153, 386, -10, -48, 1134, 37;
-8, 293, 12, -119, 398, -3, -33, 1145, 46;
-6, 294, 12, -93, 401, -3, -26, 1146, 46;
-3, 296, 13, -60, 409, 2, -12, 1155, 54;
1, 299, 16, -24, 420, 11, 5, 1166, 65;
1, 297, 14, -4, 414, 4, 3, 1159, 57;
0, 294, 11, 14, 405, -4, 0, 1147, 45;
0, 293, 10, 37, 401, -7, 2, 1143, 42;
6, 297, 14, 77, 412, 6, 25, 1159, 58;
3, 291, 9, 88, 393, -10, 11, 1138, 38;
4, 291, 9, 115, 390, -9, 18, 1137, 38;
6, 291, 10, 142, 386, -8, 26, 1136, 40;
9, 291, 11, 171, 384, -5, 36, 1138, 43;
13, 293, 13, 205, 385, 2, 53, 1145, 53;
15, 293, 14, 231, 379, 3, 60, 1144, 55;
16, 291, 13, 252, 368, 0, 62, 1137, 51;
18, 292, 14, 280, 363, 4, 74, 1139, 56;
19, 289, 13, 299, 349, 0, 74, 1130, 51;
17, 285, 10, 313, 329, -9, 68, 1114, 39;
23, 289, 15, 350, 333, 6, 93, 1129, 58;
23, 286, 12, 364, 314, 0, 89, 1116, 49;
28, 289, 16, 398, 315, 12, 111, 1128, 65;
23, 281, 10, 398, 282, -7, 91, 1099, 41;
25, 280, 11, 418, 269, -6, 97, 1095, 43;
24, 277, 9, 430, 249, -11, 95, 1083, 36;
32, 283, 16, 468, 256, 9, 126, 1104, 63;
26, 274, 9, 463, 219, -11, 104, 1072, 37;
34, 280, 16, 499, 224, 10, 134, 1092, 63;
29, 272, 10, 495, 189, -7, 115, 1064, 41;
31, 272, 11, 511, 176, -3, 123, 1062, 46;
33, 271, 12, 525, 161, -1, 129, 1059, 49;
32, 268, 11, 532, 140, -4, 128, 1048, 45;
34, 268, 12, 544, 125, -1, 133, 1045, 49;
31, 262, 9, 541, 96, -12, 122, 1025, 35;
31, 261, 9, 548, 77, -11, 124, 1018, 36;
39, 266, 16, 576, 82, 11, 155, 1040, 65;
40, 265, 16, 580, 62, 11, 156, 1033, 65;
38, 261, 15, 579, 39, 7, 151, 1021, 60;
36, 257, 12, 572, 12, 0, 141, 1004, 50;
34, 254, 11, 568, -11, -5, 136, 991, 44;
32, 250, 9, 561, -37, -11, 128, 976, 36;
34, 250, 11, 563, -51, -6, 133, 975, 43;
35, 249, 12, 564, -66, -1, 138, 973, 48;
33, 245, 10, 553, -91, -8, 129, 958, 40;
32, 243, 9, 545, -112, -10, 125, 949, 38;
36, 246, 14, 552, -116, 4, 141, 960, 56;
38, 246, 16, 551, -126, 11, 149, 962, 65;
30, 238, 9, 520, -166, -9, 119, 929, 38;
35, 241, 14, 525, -168, 6, 136, 942, 58;
31, 237, 12, 504, -193, -2, 123, 925, 48;
34, 239, 16, 503, -199, 9, 134, 934, 62;
28, 233, 11, 473, -230, -5, 112, 909, 43;
32, 236, 16, 473, -231, 9, 127, 922, 63;
31, 234, 16, 457, -246, 9, 123, 916, 62;
23, 226, 9, 418, -282, -11, 92, 884, 36;
29, 232, 16, 423, -273, 11, 116, 907, 65;
26, 229, 14, 398, -293, 5, 104, 895, 57;
26, 229, 16, 382, -302, 9, 104, 895, 62;
20, 223, 10, 344, -331, -7, 78, 870, 41;
24, 228, 16, 342, -323, 12, 97, 890, 66;
22, 226, 16, 317, -336, 9, 88, 882, 62;
19, 223, 14, 287, -352, 3, 75, 871, 55;
19, 224, 16, 270, -355, 10, 77, 876, 63;
14, 220, 12, 234, -375, -1, 56, 858, 48;
16, 223, 16, 222, -370, 10, 66, 871, 64;
13, 221, 15, 192, -381, 6, 54, 863, 59;
12, 220, 15, 166, -387, 6, 47, 860, 58;
10, 220, 15, 140, -391, 6, 41, 859, 59;
6, 217, 12, 104, -405, -2, 23, 846, 47;
1, 213, 9, 68, -417, -11, 5, 833, 36;
0, 214, 10, 44, -417, -9, 1, 836, 39;
4, 220, 15, 36, -400, 9, 18, 858, 62;
0, 216, 12, -1, -411, -1, -1, 845, 49;
0, 219, 15, -18, -401, 8, 3, 857, 60;
0, 220, 16, -44, -398, 9, -1, 859, 62;
-1, 221, 16, -68, -393, 12, -5, 863, 65;
-4, 220, 15, -100, -395, 6, -18, 858, 59;
-6, 220, 14, -128, -392, 5, -25, 858, 58;
-8, 220, 15, -153, -387, 6, -32, 860, 58;
-10, 220, 14, -181, -383, 4, -40, 861, 56;
-16, 217, 10, -219, -389, -8, -63, 847, 40;
-12, 223, 15, -227, -364, 8, -47, 871, 62;
-16, 221, 13, -260, -365, 0, -64, 863, 51;
-21, 219, 10, -293, -365, -9, -82, 855, 39;
-18, 224, 14, -303, -342, 3, -71, 875, 55;
-17, 227, 16, -319, -325, 10, -69, 887, 63;
-22, 225, 12, -351, -324, 0, -87, 878, 50;
-21, 228, 15, -365, -304, 7, -83, 892, 59;
-27, 225, 10, -400, -306, -7, -106, 879, 41;
-23, 231, 15, -403, -276, 8, -91, 904, 61;
-26, 231, 14, -426, -266, 4, -101, 903, 56;
-30, 229, 10, -454, -263, -6, -120, 895, 42;
-25, 237, 16, -451, -228, 12, -100, 925, 66;
-31, 233, 12, -482, -228, -3, -123, 912, 47;
-31, 236, 13, -493, -208, 0, -122, 922, 51;
-35, 234, 9, -518, -202, -11, -139, 914, 37;
-35, 237, 10, -526, -181, -6, -137, 926, 42;
-34, 241, 12, -531, -157, -1, -133, 940, 49;
-32, 245, 15, -533, -132, 6, -126, 956, 58;
-33, 245, 14, -545, -117, 3, -132, 959, 55;
-36, 245, 11, -560, -106, -4, -144, 956, 45;
-36, 247, 12, -564, -86, -2, -143, 965, 47;
-37, 248, 11, -571, -68, -4, -146, 970, 45;
-34, 253, 14, -565, -40, 4, -136, 988, 56;
-37, 252, 11, -577, -30, -4, -147, 984, 45;
-39, 253, 10, -582, -15, -8, -153, 986, 40;
-36, 258, 13, -571, 14, 1, -140, 1006, 53;
-37, 258, 11, -575, 28, -3, -146, 1007, 46;
-40, 257, 9, -581, 39, -11, -156, 1004, 36;
-36, 262, 12, -566, 68, -1, -142, 1024, 49;
-32, 268, 16, -548, 100, 11, -125, 1047, 64;
-32, 269, 16, -543, 118, 9, -125, 1052, 63;
-32, 271, 15, -537, 134, 7, -125, 1057, 60;
-37, 267, 10, -545, 136, -8, -144, 1043, 40;
-33, 271, 12, -527, 161, 0, -132, 1059, 49;
-34, 272, 11, -519, 176, -3, -132, 1062, 46;
-29, 278, 16, -493, 206, 9, -113, 1085, 62;
-30, 277, 13, -486, 216, 2, -118, 1082, 53;
-32, 276, 10, -481, 223, -6, -126, 1077, 42;
-28, 280, 13, -457, 247, 1, -111, 1094, 53;
-29, 280, 12, -444, 258, -2, -113, 1093, 47;
-25, 284, 15, -418, 282, 6, -97, 1110, 58;
-23, 286, 15, -398, 296, 6, -92, 1116, 59;
-28, 281, 9, -398, 290, -12, -111, 1097, 35;
-21, 288, 14, -361, 320, 4, -85, 1123, 56;
-21, 288, 13, -342, 329, 1, -83, 1124, 53;
-21, 287, 11, -326, 335, -3, -84, 1121, 46;
-22, 286, 9, -309, 339, -10, -87, 1117, 38;
-18, 290, 12, -278, 356, -2, -71, 1131, 48;
-19, 287, 9, -263, 356, -11, -77, 1123, 36;
-17, 289, 9, -238, 365, -10, -69, 1127, 38;
-9, 296, 16, -191, 394, 11, -36, 1157, 64;
-13, 291, 10, -184, 382, -7, -53, 1136, 41;
-9, 294, 13, -150, 395, 0, -37, 1148, 51;
-7, 295, 13, -123, 401, 1, -29, 1150, 52;
-7, 293, 11, -103, 399, -4, -29, 1145, 45;
-4, 294, 12, -72, 405, -1, -19, 1150, 49;
-3, 294, 12, -47, 405, -2, -14, 1148, 47;
-3, 292, 10, -26, 401, -8, -14, 1142, 40;
-1, 293, 11, 2, 403, -6, -5, 1145, 43;
1, 294, 12, 34, 407, -1, 6, 1150, 48;
4, 296, 13, 65, 410, 2, 19, 1155, 54;
7, 296, 14, 94, 410, 5, 28, 1157, 57;
9, 297, 15, 124, 409, 7, 38, 1159, 60;
13, 298, 16, 154, 409, 12, 50, 1163, 66;
14, 297, 16, 179, 402, 10, 54, 1159, 63;
13, 294, 13, 197, 388, 2, 51, 1147, 54;
14, 292, 13, 219, 378, 0, 54, 1141, 51;
13, 290, 11, 238, 365, -5, 53, 1131, 43;
13, 287, 9, 257, 351, -10, 53, 1122, 37;
20, 291, 14, 296, 357, 4, 78, 1137, 56;
22, 291, 15, 322, 349, 7, 87, 1137, 60;
20, 286, 11, 332, 326, -4, 78, 1117, 45;
24, 289, 15, 365, 326, 6, 97, 1127, 59;
23, 285, 12, 377, 305, -2, 91, 1111, 48;
25, 284, 12, 398, 293, -1, 97, 1108, 49;
27, 283, 13, 420, 282, 2, 106, 1107, 53;
31, 285, 16, 447, 277, 11, 122, 1113, 64;
27, 279, 11, 449, 247, -3, 108, 1089, 46;
32, 281, 15, 477, 243, 8, 126, 1098, 61;
30, 276, 12, 481, 216, -2, 117, 1078, 47;
35, 279, 16, 510, 215, 12, 138, 1090, 65;
30, 271, 10, 503, 178, -8, 117, 1059, 40;
32, 271, 12, 521, 166, -1, 127, 1060, 48;
30, 267, 9, 523, 140, -9, 120, 1043, 38;
35, 270, 14, 546, 136, 3, 139, 1054, 55;
36, 269, 14, 556, 119, 5, 143, 1049, 57;
37, 267, 15, 564, 102, 6, 146, 1043, 58;
37, 265, 14, 568, 81, 4, 145, 1034, 56;
38, 263, 15, 574, 63, 6, 149, 1029, 58;
36, 260, 13, 571, 38, 0, 142, 1014, 50;
38, 260, 15, 580, 26, 7, 151, 1016, 60;
36, 256, 13, 574, 0, 0, 143, 1001, 52;
37, 255, 13, 574, -17, 1, 144, 994, 53;
35, 252, 12, 569, -40, -2, 139, 982, 48;
32, 247, 9, 556, -69, -11, 126, 963, 36;
34, 247, 11, 558, -81, -4, 134, 965, 45;
34, 246, 11, 554, -99, -3, 134, 959, 46;
37, 248, 15, 559, -106, 8, 147, 967, 61;
36, 245, 15, 549, -126, 6, 142, 958, 58;
31, 239, 10, 526, -157, -6, 124, 935, 42;
36, 243, 15, 532, -159, 9, 141, 948, 62;
33, 239, 13, 513, -183, 2, 130, 933, 53;
32, 237, 13, 499, -201, 1, 125, 925, 52;
29, 234, 11, 480, -223, -3, 115, 913, 46;
27, 231, 10, 462, -242, -7, 107, 902, 41;
28, 231, 12, 451, -252, -1, 110, 904, 49;
23, 227, 9, 424, -278, -12, 93, 885, 35;
24, 227, 11, 412, -285, -5, 97, 888, 44;
25, 227, 12, 398, -295, -1, 97, 888, 49;
24, 227, 13, 381, -305, 2, 97, 887, 53;
22, 225, 12, 357, -321, -1, 87, 878, 48;
22, 225, 14, 340, -328, 3, 88, 880, 55;
22, 226, 15, 323, -334, 8, 88, 882, 61;
19, 223, 13, 293, -351, 1, 74, 870, 52;
14, 219, 10, 259, -370, -8, 56, 854, 40;
18, 223, 15, 253, -361, 9, 72, 873, 62;
11, 218, 10, 212, -385, -6, 46, 850, 42;
15, 222, 16, 204, -375, 10, 61, 869, 63;
12, 220, 14, 173, -386, 5, 48, 860, 57;
5, 215, 9, 132, -407, -10, 22, 839, 38;
5, 216, 11, 111, -406, -5, 22, 843, 44;
2, 214, 9, 78, -415, -11, 8, 835, 37;
2, 215, 11, 57, -413, -5, 8, 840, 43;
4, 219, 15, 42, -402, 6, 17, 855, 59;
3, 220, 16, 18, -400, 9, 14, 859, 63;
0, 218, 14, -12, -404, 5, 2, 853, 57;
0, 219, 15, -37, -401, 7, -2, 856, 59;
-7, 214, 9, -82, -417, -10, -30, 835, 37;
-9, 214, 9, -109, -414, -11, -38, 835, 37;
-6, 219, 14, -120, -394, 5, -24, 857, 57;
-6, 222, 16, -140, -384, 10, -24, 865, 64;
-9, 220, 14, -173, -385, 4, -38, 859, 56;
-9, 222, 16, -192, -373, 10, -37, 869, 63;
-15, 219, 12, -231, -379, -3, -60, 855, 47;
-14, 223, 15, -246, -361, 6, -55, 870, 58;
-14, 224, 15, -267, -350, 8, -58, 876, 61;
-16, 225, 15, -291, -340, 8, -63, 880, 61;
-19, 225, 14, -319, -335, 3, -76, 877, 55;
-22, 224, 12, -347, -330, -2, -89, 874, 47;
-26, 222, 9, -376, -326, -10, -103, 869, 38;
-26, 225, 11, -391, -308, -5, -102, 880, 44;
-26, 227, 12, -408, -292, -2, -104, 888, 47;
-29, 227, 10, -433, -284, -9, -116, 885, 39;
-26, 233, 14, -436, -256, 5, -103, 909, 57;
-25, 236, 16, -447, -235, 11, -100, 921, 64;
-33, 231, 9, -484, -239, -9, -130, 902, 38;
-34, 232, 9, -499, -224, -10, -134, 906, 37;
-32, 237, 12, -503, -197, 0, -125, 925, 50;
-34, 237, 11, -520, -185, -5, -134, 926, 44;
-31, 243, 15, -519, -155, 6, -122, 947, 59;
-31, 245, 15, -528, -136, 7, -123, 955, 60;
-37, 241, 9, -555, -136, -9, -147, 940, 38;
-38, 243, 10, -563, -117, -9, -149, 947, 39;
-35, 248, 13, -558, -87, 1, -137, 968, 52;
-36, 249, 12, -566, -71, -1, -142, 972, 49;
-36, 251, 12, -569, -51, 0, -142, 980, 50;
-38, 251, 11, -576, -37, -4, -148, 981, 44;
-37, 254, 11, -577, -16, -3, -147, 990, 46;
-34, 259, 15, -565, 14, 7, -133, 1012, 60;
-37, 258, 12, -574, 23, -2, -145, 1006, 48;
-34, 262, 14, -565, 49, 4, -135, 1022, 57;
-36, 262, 12, -567, 63, 0, -141, 1023, 50;
-33, 266, 15, -555, 89, 6, -131, 1039, 59;
-32, 269, 16, -545, 112, 10, -125, 1050, 63;
-36, 266, 12, -551, 117, -3, -140, 1040, 46;
-33, 271, 14, -535, 142, 4, -129, 1056, 56;
-36, 268, 9, -539, 147, -9, -143, 1046, 38;
-31, 275, 15, -512, 180, 6, -121, 1073, 58;
-29, 277, 15, -498, 200, 9, -114, 1082, 62;
-32, 274, 11, -498, 204, -4, -128, 1072, 45;
-33, 274, 9, -489, 214, -10, -131, 1071, 38;
-32, 276, 10, -473, 231, -9, -126, 1078, 39;
-26, 283, 15, -441, 262, 6, -103, 1103, 59;
-28, 281, 12, -432, 269, -1, -109, 1098, 48;
-28, 281, 10, -419, 277, -7, -111, 1097, 41;
-21, 288, 16, -382, 308, 10, -84, 1124, 63;
-26, 283, 10, -380, 303, -7, -102, 1106, 41;
-24, 285, 10, -358, 317, -6, -95, 1112, 42;
-20, 289, 13, -327, 337, 2, -78, 1128, 54;
-19, 289, 13, -307, 345, 0, -76, 1128, 50;
-18, 290, 13, -284, 355, 0, -70, 1132, 50;
-14, 293, 15, -252, 373, 8, -54, 1146, 61;
-13, 294, 15, -230, 379, 6, -51, 1146, 58;
-9, 296, 16, -199, 393, 12, -37, 1157, 66;
-14, 290, 10, -193, 379, -8, -56, 1134, 40;
-7, 296, 15, -152, 400, 7, -30, 1155, 59;
-6, 296, 14, -128, 403, 5, -26, 1155, 57;
-10, 291, 9, -118, 391, -10, -40, 1136, 37;
-8, 291, 9, -91, 394, -10, -33, 1137, 37;
-6, 292, 10, -62, 399, -8, -24, 1141, 39;
-1, 295, 13, -26, 410, 0, -5, 1153, 51;
0, 296, 13, 1, 411, 1, 1, 1154, 52;
2, 296, 13, 28, 410, 1, 8, 1154, 52;
5, 297, 15, 61, 415, 7, 22, 1161, 60;
1, 291, 9, 70, 394, -10, 6, 1137, 37;
10, 298, 16, 117, 412, 10, 39, 1163, 63;
11, 296, 15, 141, 406, 7, 42, 1158, 60;
13, 297, 16, 169, 403, 9, 52, 1159, 63;
9, 290, 10, 177, 379, -8, 35, 1134, 40;
10, 290, 10, 202, 372, -8, 41, 1131, 40;
18, 295, 16, 247, 385, 11, 73, 1153, 65;
13, 288, 10, 251, 356, -8, 54, 1125, 40;
15, 287, 9, 274, 346, -9, 58, 1120, 38;
16, 286, 10, 297, 336, -9, 64, 1117, 39;
23, 291, 15, 338, 344, 8, 93, 1136, 62;
24, 289, 15, 358, 330, 7, 96, 1129, 59;
24, 287, 14, 375, 314, 3, 96, 1120, 54;
21, 281, 9, 381, 287, -11, 83, 1097, 37;
25, 283, 12, 410, 283, -1, 100, 1104, 48;
23, 278, 9, 418, 259, -11, 92, 1086, 36;
25, 278, 10, 439, 247, -8, 100, 1084, 40;
30, 280, 13, 466, 243, 2, 118, 1092, 53;
32, 279, 15, 485, 231, 6, 126, 1091, 58;
28, 273, 9, 484, 198, -9, 110, 1065, 38;
29, 272, 10, 499, 184, -7, 116, 1062, 41;
31, 271, 11, 514, 169, -5, 122, 1058, 44;
34, 272, 13, 532, 159, 2, 135, 1061, 54;
32, 267, 11, 533, 132, -6, 126, 1044, 43;
37, 270, 15, 557, 129, 9, 147, 1056, 62;
39, 269, 16, 567, 113, 11, 152, 1052, 65;
39, 267, 16, 572, 93, 10, 152, 1044, 64;
38, 264, 14, 572, 70, 6, 148, 1031, 58;
35, 259, 12, 567, 41, -3, 137, 1012, 46;
34, 256, 10, 565, 18, -7, 133, 1000, 41;
36, 257, 13, 574, 7, 0, 143, 1003, 52;
33, 252, 10, 564, -21, -8, 131, 984, 40;
36, 253, 13, 571, -32, 0, 142, 987, 50;
34, 249, 11, 563, -57, -6, 134, 973, 43;
34, 247, 11, 559, -76, -5, 133, 966, 43;
36, 249, 14, 563, -85, 3, 143, 971, 55;
34, 245, 12, 550, -111, -3, 133, 955, 47;
36, 246, 14, 551, -120, 5, 142, 959, 58;
35, 244, 14, 541, -140, 4, 139, 951, 56;
32, 239, 12, 523, -165, -2, 127, 935, 47;
30, 237, 11, 508, -186, -6, 120, 924, 42;
31, 237, 12, 502, -197, 0, 124, 925, 50;
31, 235, 13, 489, -213, 0, 121, 920, 51;
30, 234, 13, 475, -229, 0, 119, 915, 52;
28, 232, 12, 457, -246, 0, 112, 907, 49;
29, 232, 14, 445, -257, 3, 114, 906, 55;
29, 232, 15, 433, -267, 8, 116, 907, 61;
23, 225, 10, 396, -298, -8, 90, 880, 40;
27, 230, 16, 395, -293, 9, 108, 898, 63;
25, 228, 15, 373, -308, 7, 100, 891, 60;
24, 227, 15, 350, -321, 6, 93, 885, 59;
24, 227, 16, 334, -326, 11, 95, 888, 65;
16, 220, 10, 291, -358, -8, 63, 858, 40;
16, 220, 11, 272, -363, -4, 63, 860, 45;
16, 221, 13, 254, -365, 2, 65, 865, 53;
15, 221, 14, 231, -372, 3, 60, 863, 55;
11, 218, 11, 197, -388, -5, 44, 850, 44;
15, 222, 16, 188, -378, 11, 58, 869, 65;
10, 219, 13, 153, -393, 1, 39, 854, 52;
9, 219, 14, 129, -396, 3, 35, 855, 55;
8, 220, 15, 106, -396, 7, 33, 858, 60;
6, 219, 14, 77, -400, 5, 25, 855, 58;
6, 221, 16, 57, -396, 12, 26, 862, 66;
0, 216, 12, 15, -412, -2, 1, 844, 48;
-3, 214, 10, -17, -418, -8, -12, 836, 40;
-2, 216, 12, -37, -410, 0, -10, 846, 49;
-4, 217, 12, -63, -408, 0, -16, 847, 49;
-8, 214, 10, -98, -413, -8, -33, 838, 40;
-4, 221, 16, -106, -391, 9, -17, 861, 62;
-9, 218, 12, -143, -397, 0, -36, 850, 49;
-10, 219, 13, -166, -389, 2, -39, 856, 53;
-10, 221, 15, -187, -378, 7, -39, 864, 59;
-10, 223, 16, -209, -368, 10, -41, 871, 63;
-14, 221, 13, -242, -368, 2, -58, 864, 53;
-20, 218, 9, -279, -372, -10, -79, 851, 37;
-15, 226, 16, -281, -342, 10, -59, 881, 64;
-22, 221, 10, -323, -350, -8, -88, 862, 40;
-21, 224, 12, -337, -331, 0, -84, 875, 50;
-26, 222, 9, -369, -330, -10, -102, 867, 37;
-27, 223, 9, -389, -317, -9, -106, 873, 38;
-22, 231, 16, -389, -284, 9, -87, 902, 62;
-25, 231, 14, -413, -276, 4, -98, 900, 56;
-24, 234, 16, -424, -254, 11, -93, 915, 65;
-26, 235, 15, -444, -242, 8, -102, 917, 61;
-27, 236, 15, -460, -226, 9, -105, 923, 62;
-31, 234, 12, -486, -221, -2, -123, 915, 48;
-30, 237, 14, -495, -200, 3, -120, 928, 54;
-30, 240, 15, -504, -179, 6, -118, 938, 59;
-34, 239, 12, -525, -170, -2, -132, 934, 48;
-36, 239, 10, -542, -159, -8, -143, 932, 40;
-36, 241, 10, -549, -139, -6, -143, 942, 42;
-37, 242, 10, -559, -122, -8, -147, 947, 40;
-31, 251, 16, -546, -83, 11, -124, 978, 65;
-37, 247, 11, -567, -80, -3, -145, 966, 46;
-34, 252, 15, -561, -51, 6, -133, 986, 59;
-32, 256, 16, -560, -27, 11, -128, 999, 64;
-33, 257, 16, -563, -9, 9, -130, 1004, 62;
-37, 255, 12, -576, -2, -2, -146, 996, 47;
-38, 256, 10, -580, 12, -7, -151, 998, 42;
-33, 263, 16, -561, 47, 9, -130, 1025, 62;
-34, 263, 14, -564, 61, 3, -136, 1026, 55;
-38, 261, 10, -571, 69, -7, -149, 1019, 41;
-35, 265, 13, -557, 95, 0, -138, 1035, 51;
-35, 266, 12, -553, 112, -2, -139, 1039, 48;
-32, 271, 15, -535, 139, 7, -126, 1058, 59;
-34, 270, 12, -535, 148, -2, -135, 1053, 48;
-30, 275, 16, -513, 178, 9, -118, 1074, 62;
-31, 274, 13, -509, 188, 2, -124, 1072, 53;
-28, 278, 16, -489, 212, 9, -112, 1087, 62;
-29, 279, 14, -479, 224, 5, -114, 1088, 57;
-33, 275, 9, -479, 225, -9, -128, 1075, 38;
-28, 280, 13, -453, 251, 0, -112, 1093, 51;
-25, 284, 15, -427, 274, 8, -98, 1109, 61;
-27, 282, 12, -419, 279, -1, -105, 1103, 49;
-26, 283, 12, -401, 291, -2, -102, 1106, 47;
-26, 283, 10, -386, 300, -6, -102, 1106, 42;
-21, 287, 13, -355, 322, 2, -85, 1122, 54;
-20, 288, 13, -335, 333, 2, -81, 1126, 53;
-20, 289, 13, -315, 342, 0, -78, 1127, 50;
-14, 294, 16, -279, 364, 12, -57, 1146, 66;
-18, 289, 11, -271, 358, -3, -71, 1130, 46;
-11, 295, 16, -232, 382, 12, -45, 1153, 66;
-15, 291, 11, -223, 374, -3, -59, 1136, 46;
-9, 295, 15, -186, 393, 8, -38, 1154, 61;
-13, 290, 9, -178, 381, -10, -54, 1133, 38;
-10, 292, 11, -147, 391, -5, -41, 1141, 44;
-7, 294, 13, -116, 401, 0, -29, 1149, 50;
-5, 295, 13, -89, 404, 0, -22, 1150, 50;
-1, 297, 15, -55, 414, 7, -6, 1161, 60;
0, 297, 15, -28, 416, 7, 0, 1161, 60;
0, 295, 13, -8, 410, 1, 0, 1154, 52;
1, 295, 13, 18, 410, 0, 4, 1153, 51;
4, 297, 15, 51, 415, 6, 19, 1160, 59;
6, 297, 15, 79, 413, 7, 26, 1160, 59;
6, 294, 12, 98, 403, 0, 23, 1150, 50;
5, 291, 10, 116, 390, -9, 19, 1137, 39;
12, 297, 15, 160, 404, 8, 48, 1158, 61;
12, 295, 14, 181, 394, 4, 49, 1150, 56;
12, 293, 13, 202, 383, 0, 50, 1143, 51;
11, 289, 10, 219, 367, -8, 45, 1129, 40;
17, 292, 14, 256, 372, 4, 68, 1142, 56;
17, 290, 13, 276, 359, 0, 68, 1133, 50;
18, 288, 12, 296, 346, -3, 70, 1126, 47;
17, 286, 10, 314, 330, -8, 70, 1116, 40;
18, 284, 9, 334, 317, -10, 73, 1109, 38;
27, 290, 16, 377, 327, 11, 105, 1132, 65;
25, 286, 14, 389, 306, 3, 100, 1117, 55;
29, 287, 16, 415, 299, 10, 113, 1120, 63;
24, 280, 10, 416, 267, -8, 95, 1092, 40;
24, 278, 9, 431, 250, -10, 96, 1084, 37;
29, 279, 13, 458, 246, 0, 114, 1091, 51;
31, 279, 14, 478, 234, 4, 123, 1091, 56;
28, 273, 10, 479, 204, -9, 109, 1068, 39;
30, 273, 11, 496, 191, -6, 117, 1065, 43;
36, 277, 16, 526, 191, 11, 142, 1081, 65;
36, 274, 15, 535, 171, 8, 141, 1071, 61;
37, 273, 16, 547, 155, 10, 146, 1067, 64;
36, 270, 15, 551, 132, 6, 143, 1054, 58;
37, 269, 15, 560, 115, 7, 146, 1049, 59;
39, 268, 16, 571, 101, 12, 154, 1048, 65;
35, 263, 13, 565, 70, 0, 140, 1026, 50;
39, 264, 16, 579, 61, 10, 154, 1031, 63;
36, 259, 13, 571, 32, 0, 142, 1011, 50;
37, 258, 14, 577, 17, 4, 147, 1009, 56;
38, 257, 15, 580, 0, 6, 150, 1005, 59;
33, 250, 9, 562, -35, -9, 130, 978, 38;
36, 251, 12, 569, -46, -1, 140, 981, 49;
35, 249, 12, 565, -65, -1, 139, 974, 49;
36, 248, 13, 563, -81, 1, 141, 970, 52;
32, 243, 9, 545, -111, -9, 125, 949, 38;
33, 243, 11, 543, -125, -4, 130, 949, 44;
34, 242, 12, 538, -139, -1, 132, 946, 49;
35, 242, 14, 533, -153, 3, 136, 946, 55;
29, 235, 9, 506, -186, -12, 113, 919, 35;
31, 236, 11, 502, -195, -4, 120, 923, 45;
29, 234, 11, 487, -214, -6, 115, 914, 43;
28, 232, 10, 471, -233, -8, 109, 905, 40;
27, 230, 10, 456, -248, -7, 106, 900, 41;
25, 228, 9, 437, -266, -10, 98, 891, 38;
27, 230, 13, 430, -271, 0, 107, 898, 50;
28, 231, 15, 419, -277, 7, 111, 903, 60;
27, 229, 15, 399, -292, 6, 105, 896, 59;
23, 226, 13, 372, -311, 0, 92, 883, 51;
24, 227, 15, 358, -316, 6, 96, 887, 59;
23, 227, 16, 339, -326, 9, 93, 886, 62;
23, 227, 16, 319, -334, 11, 91, 885, 65;
20, 224, 15, 290, -349, 6, 78, 875, 59;
17, 221, 13, 261, -363, 1, 66, 865, 52;
14, 220, 12, 235, -374, -1, 57, 859, 49;
13, 219, 12, 210, -381, 0, 52, 857, 50;
9, 216, 10, 177, -396, -8, 35, 844, 40;
11, 219, 14, 163, -390, 3, 43, 857, 54;
9, 219, 14, 137, -394, 3, 37, 855, 55;
6, 217, 13, 107, -402, 0, 26, 849, 50;
6, 218, 14, 84, -402, 3, 24, 852, 55;
0, 214, 10, 45, -416, -8, 2, 837, 40;
3, 219, 15, 33, -402, 6, 15, 855, 59;
1, 218, 14, 3, -406, 3, 4, 851, 55;
-1, 217, 12, -27, -409, 0, -7, 846, 50;
0, 220, 16, -44, -398, 9, -1, 860, 63;
-6, 216, 11, -85, -410, -4, -26, 842, 44;
-6, 218, 13, -104, -399, 2, -23, 853, 54;
-11, 215, 10, -142, -407, -8, -44, 840, 40;
-10, 218, 12, -160, -394, 0, -40, 852, 50;
-14, 216, 10, -194, -396, -8, -56, 845, 40;
-10, 222, 15, -203, -372, 8, -42, 867, 61;
-12, 223, 15, -228, -366, 7, -49, 869, 60;
-16, 221, 13, -260, -365, 0, -64, 863, 51;
-15, 224, 15, -276, -347, 8, -60, 877, 61;
-19, 223, 13, -306, -344, 1, -74, 872, 52;
-20, 224, 13, -327, -333, 2, -79, 877, 53;
-22, 225, 13, -350, -322, 1, -86, 880, 52;
-27, 223, 9, -383, -322, -10, -106, 870, 37;
-22, 230, 15, -385, -291, 7, -88, 897, 59;
-28, 226, 10, -420, -293, -8, -112, 883, 40;
-25, 232, 14, -425, -265, 5, -100, 905, 57;
-30, 229, 10, -454, -262, -6, -119, 896, 42;
-30, 232, 12, -466, -243, -2, -118, 907, 48;
-28, 237, 15, -472, -217, 7, -110, 925, 60;
-28, 239, 15, -485, -200, 8, -112, 932, 61;
-34, 236, 11, -513, -197, -6, -133, 920, 43;
-30, 241, 15, -512, -167, 6, -120, 943, 59;
-31, 243, 15, -522, -149, 7, -122, 950, 60;
-32, 245, 15, -533, -132, 6, -126, 956, 58;
-37, 242, 10, -556, -128, -8, -146, 944, 40;
-36, 245, 12, -558, -104, -2, -141, 959, 48;
-34, 250, 14, -556, -77, 5, -132, 975, 57;
-33, 252, 15, -558, -56, 7, -131, 985, 60;
-38, 250, 11, -576, -51, -6, -149, 975, 42;
-32, 257, 16, -561, -14, 11, -128, 1004, 65;
-40, 252, 9, -584, -17, -11, -156, 983, 37;
-35, 258, 14, -570, 15, 3, -138, 1008, 54;
-33, 262, 15, -563, 40, 8, -131, 1022, 61;
-37, 260, 11, -573, 47, -3, -146, 1014, 46;
-34, 265, 15, -559, 76, 6, -132, 1033, 58;
-32, 268, 16, -549, 99, 10, -126, 1046, 63;
-35, 266, 13, -552, 108, 0, -137, 1040, 51;
-32, 271, 15, -537, 135, 8, -125, 1057, 61;
-34, 269, 12, -537, 143, -1, -134, 1052, 49;
-31, 274, 15, -519, 170, 7, -121, 1069, 60;
-33, 273, 12, -515, 179, 0, -129, 1066, 50;
-32, 275, 12, -503, 196, 0, -126, 1072, 49;
-33, 274, 10, -497, 205, -8, -132, 1069, 40;
-33, 275, 9, -484, 220, -9, -130, 1073, 38;
-30, 278, 12, -461, 243, -2, -117, 1088, 47;
-25, 284, 16, -432, 271, 9, -97, 1109, 63;
-29, 280, 10, -431, 268, -6, -114, 1094, 42;
-26, 283, 12, -407, 287, -1, -103, 1105, 48;
-26, 283, 10, -393, 295, -7, -104, 1104, 42;
-24, 285, 12, -368, 313, -2, -93, 1114, 48;
-21, 287, 13, -343, 328, 0, -84, 1123, 51;
-22, 287, 11, -327, 334, -4, -86, 1120, 44;
-19, 288, 12, -302, 346, -2, -77, 1126, 47;
-20, 287, 10, -285, 349, -9, -80, 1122, 39;
-19, 287, 9, -264, 356, -11, -77, 1122, 36;
-13, 293, 13, -225, 378, 2, -53, 1143, 54;
-10, 295, 15, -194, 391, 8, -40, 1153, 61;
-11, 293, 12, -178, 388, -1, -45, 1144, 49;
-13, 290, 9, -162, 384, -11, -51, 1133, 37;
-6, 296, 14, -120, 404, 4, -25, 1154, 56;
-7, 294, 12, -101, 401, -2, -27, 1147, 47;
-4, 295, 12, -72, 406, 0, -18, 1151, 50;
-1, 297, 14, -39, 413, 5, -4, 1158, 57;
0, 296, 14, -14, 413, 3, 0, 1157, 55;
2, 297, 14, 15, 415, 6, 9, 1160, 58;
0, 292, 10, 26, 399, -9, -2, 1141, 39;
1, 292, 10, 54, 399, -8, 5, 1141, 40;
8, 298, 16, 99, 414, 9, 33, 1162, 62;
5, 293, 11, 111, 396, -4, 22, 1143, 44;
5, 290, 9, 131, 386, -10, 21, 1134, 37;
12, 295, 15, 175, 398, 6, 49, 1154, 58;
14, 294, 14, 199, 390, 5, 54, 1150, 57;
11, 289, 10, 210, 369, -8, 43, 1130, 39;
13, 289, 10, 237, 364, -6, 52, 1130, 42;
15, 289, 11, 263, 357, -4, 60, 1128, 44;
19, 291, 14, 295, 356, 3, 77, 1136, 55;
22, 291, 15, 322, 349, 6, 87, 1136, 59;
19, 286, 11, 331, 326, -5, 77, 1116, 44;
22, 286, 12, 357, 318, -1, 87, 1117, 49;
23, 284, 12, 376, 304, -2, 91, 1111, 47;
24, 283, 11, 395, 290, -4, 94, 1104, 45;
26, 283, 13, 418, 280, 0, 104, 1104, 50;
28, 282, 13, 438, 268, 2, 111, 1102, 54;
32, 283, 16, 463, 261, 9, 125, 1106, 63;
32, 281, 16, 478, 245, 9, 128, 1099, 62;
33, 279, 15, 491, 226, 7, 129, 1090, 59;
35, 279, 16, 509, 213, 10, 137, 1089, 64;
29, 270, 9, 500, 175, -10, 113, 1056, 37;
35, 274, 14, 528, 174, 5, 137, 1070, 58;
31, 268, 11, 527, 144, -6, 124, 1048, 42;
36, 271, 15, 550, 140, 7, 144, 1058, 60;
37, 270, 15, 559, 123, 8, 147, 1053, 61;
33, 263, 11, 551, 89, -6, 130, 1027, 42;
38, 266, 15, 572, 85, 8, 151, 1039, 62;
34, 260, 11, 563, 53, -4, 135, 1015, 45;
39, 263, 16, 581, 48, 10, 155, 1027, 63;
35, 257, 12, 570, 16, -2, 139, 1004, 47;
38, 258, 15, 579, 6, 6, 150, 1007, 58;
39, 257, 16, 583, -9, 10, 155, 1005, 63;
32, 249, 9, 559, -50, -11, 127, 971, 36;
38, 252, 15, 574, -51, 6, 149, 986, 58;
38, 251, 15, 571, -69, 7, 149, 980, 60;
37, 248, 14, 562, -90, 5, 145, 970, 57;
38, 249, 16, 563, -102, 12, 152, 972, 65;
32, 241, 11, 537, -138, -5, 128, 943, 44;
37, 245, 16, 545, -138, 12, 147, 958, 65;
35, 242, 15, 530, -160, 8, 140, 947, 60;
30, 236, 11, 505, -191, -5, 120, 923, 44;
31, 236, 12, 496, -204, -1, 121, 921, 48;
34, 238, 16, 494, -209, 9, 132, 930, 63;
26, 230, 9, 459, -245, -10, 104, 899, 38;
31, 234, 15, 460, -243, 7, 121, 915, 59;
29, 233, 15, 443, -259, 6, 116, 909, 59;
24, 227, 11, 412, -286, -5, 97, 888, 44;
23, 226, 10, 392, -300, -6, 91, 882, 42;
26, 228, 15, 385, -301, 6, 101, 892, 58;
24, 227, 14, 364, -314, 5, 96, 887, 57;
20, 223, 11, 332, -336, -4, 78, 870, 45;
21, 224, 14, 318, -339, 3, 82, 876, 55;
19, 223, 14, 295, -349, 3, 76, 872, 55;
18, 223, 14, 273, -357, 5, 73, 871, 57;
16, 221, 13, 246, -368, 1, 63, 863, 53;
12, 218, 11, 215, -383, -4, 49, 853, 45;
13, 221, 14, 199, -380, 4, 54, 862, 57;
9, 217, 12, 165, -395, -3, 37, 849, 46;
9, 218, 12, 142, -397, 0, 35, 851, 50;
5, 216, 11, 111, -406, -4, 22, 844, 44;
8, 220, 15, 97, -397, 7, 31, 858, 60;
7, 221, 16, 75, -395, 12, 30, 863, 65;
0, 215, 11, 31, -413, -4, 3, 841, 45;
-3, 213, 9, -2, -421, -11, -12, 832, 36;
-2, 216, 12, -21, -412, -3, -8, 843, 46;
-4, 215, 11, -49, -412, -4, -16, 842, 45;
-6, 215, 11, -77, -411, -5, -24, 841, 44;
-6, 217, 12, -99, -404, 0, -25, 848, 50;
-4, 221, 16, -114, -388, 11, -17, 864, 64;
-6, 221, 15, -142, -386, 8, -26, 863, 61;
-9, 221, 15, -170, -382, 7, -35, 863, 59;
-12, 220, 13, -200, -380, 2, -47, 860, 54;
-15, 219, 12, -229, -377, -1, -58, 857, 48;
-15, 221, 13, -251, -367, 0, -61, 863, 52;
-16, 223, 14, -271, -354, 4, -62, 871, 56;
-19, 222, 12, -302, -351, -2, -77, 866, 48;
-22, 222, 11, -327, -343, -4, -86, 867, 44;
-24, 222, 10, -353, -336, -8, -96, 866, 40;
-20, 229, 16, -356, -306, 9, -79, 893, 62;
-22, 229, 14, -380, -297, 5, -89, 893, 57;
-24, 230, 14, -401, -285, 4, -95, 897, 56;
-23, 233, 16, -413, -265, 10, -92, 910, 63;
-25, 234, 16, -432, -251, 9, -98, 914, 62;
-30, 231, 12, -461, -248, -2, -117, 904, 47;
-32, 231, 10, -482, -238, -7, -127, 904, 41;
-31, 235, 12, -491, -216, -2, -124, 917, 48;
-33, 235, 11, -508, -203, -5, -132, 918, 43;
-35, 236, 10, -522, -187, -6, -136, 924, 42;
-35, 239, 11, -531, -167, -4, -137, 933, 44;
-37, 238, 9, -548, -156, -11, -147, 931, 36;
-34, 244, 13, -545, -126, 0, -135, 953, 51;
-38, 242, 9, -564, -119, -11, -151, 945, 37;
-34, 249, 14, -555, -85, 4, -133, 972, 56;
-36, 248, 12, -567, -72, -2, -143, 970, 48;
-32, 255, 16, -558, -40, 11, -127, 994, 64;
-34, 255, 14, -566, -26, 5, -135, 994, 57;
-37, 254, 12, -575, -15, -2, -145, 992, 48;
-34, 258, 14, -567, 12, 5, -135, 1009, 58;
-38, 256, 11, -578, 19, -5, -149, 1002, 43;
-33, 263, 15, -561, 53, 8, -131, 1027, 61;
-35, 263, 13, -564, 66, 2, -138, 1026, 53;
-36, 263, 12, -564, 80, -2, -142, 1027, 47;
-34, 266, 13, -554, 103, 1, -136, 1039, 52;
-32, 270, 15, -539, 128, 8, -125, 1055, 61;
-33, 270, 14, -535, 142, 4, -129, 1056, 55;
-32, 273, 14, -524, 162, 5, -125, 1064, 57;
-36, 269, 9, -529, 163, -10, -142, 1051, 37;
-35, 271, 9, -516, 181, -9, -138, 1059, 38;
-32, 274, 11, -498, 204, -4, -128, 1072, 45;
-34, 274, 9, -491, 213, -11, -134, 1069, 36;
-30, 278, 11, -468, 236, -3, -120, 1084, 46;
-30, 278, 11, -453, 250, -6, -119, 1087, 43;
-27, 282, 13, -429, 272, 1, -105, 1102, 52;
-28, 281, 10, -418, 278, -6, -111, 1097, 42;
-28, 281, 9, -405, 286, -12, -112, 1096, 35;
-19, 290, 16, -360, 323, 12, -77, 1131, 66;
-22, 287, 13, -350, 324, 0, -86, 1121, 52;
-22, 287, 11, -333, 331, -4, -87, 1120, 45;
-21, 287, 10, -314, 338, -7, -85, 1120, 42;
-16, 292, 14, -278, 362, 6, -63, 1140, 58;
-13, 294, 16, -249, 376, 11, -50, 1150, 64;
-14, 292, 13, -233, 375, 2, -56, 1142, 53;
-9, 296, 16, -200, 391, 10, -38, 1155, 64;
-9, 295, 15, -178, 394, 7, -37, 1153, 59;
-11, 292, 11, -164, 388, -4, -45, 1141, 45;
-5, 298, 16, -122, 409, 11, -19, 1162, 64;
-9, 292, 10, -115, 394, -8, -36, 1140, 40;
-7, 292, 10, -89, 397, -8, -30, 1140, 40;
-7, 291, 9, -65, 396, -11, -27, 1137, 36;
0, 297, 15, -20, 415, 6, 0, 1160, 58;
16, 2, 12, 2921, 4271, 1291, 64, 11, 49;
8, 0, 12, 2510, 3602, 2243, 34, 0, 50;
20, 6, 0, 3222, 4087, 2503, 79, 25, 1;
7, 12, 10, 3793, 5080, 2759, 30, 49, 41;
0, 6, 0, 4384, 2361, 1075, 0, 24, 3;
3, 22, 7, 1553, 3347, 2910, 15, 87, 29;
0, 0, 0, 4169, 3606, 1835, 0, 3, 0;
18, 27, 0, 1553, 4971, 2395, 71, 106, 1;
12, 13, 5, 4092, 3150, 2147, 50, 51, 21;
10, 21, 9, 1774, 3874, 2877, 42, 83, 37;
7, 27, 7, 2534, 3541, 2522, 28, 108, 29;
9, 1, 0, 3757, 5263, 1097, 38, 3, 2;
17, 25, 4, 1816, 2091, 2553, 66, 97, 17;
1, 6, 10, 4118, 4427, 1455, 6, 24, 41;
9, 28, 9, 2965, 2609, 1698, 38, 111, 38;
7, 10, 4, 1640, 4420, 2564, 29, 41, 17;
3, 23, 9, 3316, 4790, 1781, 15, 91, 35;
16, 15, 12, 2958, 3494, 1458, 64, 62, 48;
9, 17, 9, 3700, 3365, 1492, 35, 68, 36;
19, 22, 11, 2756, 3919, 1453, 77, 86, 45;
3, 24, 7, 4253, 3892, 1169, 14, 94, 28;
4, 1, 11, 4267, 4560, 1051, 18, 5, 44;
9, 15, 8, 2137, 2272, 2735, 38, 60, 32;
7, 22, 11, 1740, 5225, 1381, 28, 86, 46;
6, 28, 0, 4279, 2327, 2389, 25, 110, 0;
9, 15, 9, 3622, 5216, 2844, 38, 58, 37;
20, 4, 5, 1763, 3401, 2801, 80, 16, 21;
11, 7, 0, 1847, 4955, 1414, 43, 28, 0;
13, 22, 5, 2639, 2005, 2208, 51, 86, 22;
5, 1, 3, 3864, 4514, 984, 21, 4, 13;
10, 25, 0, 3693, 5085, 1659, 41, 99, 2;
15, 7, 3, 4413, 4276, 1127, 60, 30, 12;
18, 2, 6, 3840, 4776, 1450, 73, 8, 25;
14, 21, 3, 2849, 2063, 1923, 57, 83, 14;
8, 14, 8, 2785, 4458, 2247, 32, 55, 32;
20, 12, 6, 2879, 3000, 2125, 80, 49, 24;
13, 4, 13, 1875, 2443, 1129, 51, 17, 50;
1, 20, 8, 3791, 3250, 1419, 4, 80, 33;
13, 3, 8, 2838, 1829, 1994, 50, 14, 32;
13, 11, 2, 3448, 3171, 2050, 52, 46, 10;
15, 21, 5, 1849, 5240, 2005, 60, 82, 20;
20, 28, 10, 1553, 4303, 1803, 78, 112, 40;
3, 1, 12, 2187, 2185, 1753, 14, 4, 49;
6, 22, 2, 1704, 4054, 2655, 24, 86, 8;
18, 23, 8, 4053, 2053, 2933, 70, 93, 33;
6, 3, 2, 3200, 4818, 2529, 24, 12, 9;
11, 26, 4, 3229, 4270, 1770, 43, 101, 16;
13, 1, 0, 4046, 4906, 2791, 53, 5, 1;
20, 22, 3, 3752, 2592, 2608, 79, 87, 15;
0, 8, 10, 3739, 3285, 1072, 0, 34, 40;
6, 1, 10, 2710, 5311, 1892, 27, 6, 41;
3, 23, 5, 2961, 3105, 2125, 13, 90, 20;
3, 11, 1, 2930, 4232, 2817, 13, 44, 5;
14, 2, 3, 2684, 4459, 1009, 56, 10, 13;
14, 20, 1, 3844, 4847, 1568, 54, 79, 5;
10, 26, 5, 3565, 4742, 2112, 40, 103, 20;
5, 1, 12, 3506, 2046, 1045, 22, 6, 47;
2, 20, 10, 3983, 2871, 1390, 8, 78, 41;
15, 0, 6, 3975, 3859, 2030, 61, 1, 24;
11, 0, 1, 2332, 3817, 2809, 45, 3, 7;
3, 14, 5, 2372, 1854, 2650, 14, 58, 20;
0, 4, 0, 2612, 2863, 2370, 0, 17, 2;
14, 13, 3, 2418, 3833, 2178, 58, 51, 12;
6, 5, 12, 2579, 5007, 2335, 25, 20, 48;
11, 9, 11, 2952, 2548, 1919, 44, 38, 43;
4, 13, 8, 3669, 2181, 1591, 16, 53, 32;
7, 30, 6, 3589, 2588, 2784, 30, 119, 23;
5, 30, 5, 3738, 2878, 1833, 23, 120, 20;
13, 23, 5, 3559, 4883, 1096, 51, 93, 21;
7, 13, 6, 4347, 3247, 1953, 30, 51, 23;
8, 4, 11, 1592, 2017, 1820, 33, 16, 46;
13, 2, 8, 3886, 3132, 2599, 52, 8, 32;
3, 5, 4, 1833, 4563, 1451, 13, 22, 16;
18, 5, 0, 3338, 4368, 2490, 71, 22, 2;
2, 16, 2, 2938, 4481, 1176, 9, 62, 10;
7, 18, 0, 1637, 2846, 1148, 30, 71, 3;
7, 22, 7, 2969, 1978, 2681, 30, 89, 29;
10, 0, 5, 4069, 2454, 2487, 42, 2, 20;
17, 20, 8, 1534, 3807, 1319, 70, 80, 31;
12, 20, 1, 2643, 3583, 1129, 46, 78, 3;
610, 844, 487, 5245, 4589, 3113, 2379, 3294, 1901;
611, 980, 451, 5033, 4403, 2985, 2384, 3824, 1760;
608, 881, 439, 4860, 4255, 2893, 2373, 3438, 1715;
616, 907, 410, 4632, 4050, 2741, 2402, 3540, 1601;
645, 807, 399, 4452, 3893, 2636, 2516, 3150, 1557;
554, 825, 321, 4296, 3759, 2551, 2162, 3219, 1255;
537, 753, 408, 4127, 3611, 2450, 2095, 2937, 1593;
540, 775, 381, 3974, 3478, 2363, 2106, 3023, 1486;
539, 687, 345, 3801, 3325, 2253, 2102, 2682, 1345;
401, 648, 352, 3639, 3182, 2152, 1566, 2530, 1374;
463, 710, 270, 3524, 3085, 2096, 1806, 2770, 1056;
480, 578, 331, 3380, 2958, 2007, 1873, 2257, 1293;
419, 597, 270, 3247, 2841, 1928, 1636, 2329, 1055;
421, 726, 245, 3133, 2743, 1866, 1642, 2833, 957;
366, 659, 215, 2992, 2617, 1774, 1430, 2572, 839;
379, 570, 273, 2872, 2512, 1702, 1479, 2223, 1067;
389, 532, 261, 2743, 2397, 1619, 1520, 2077, 1020;
359, 577, 236, 2678, 2346, 1598, 1400, 2253, 921;
327, 570, 217, 2549, 2230, 1512, 1276, 2225, 850;
343, 560, 208, 2476, 2169, 1479, 1338, 2186, 812;
323, 513, 170, 2381, 2086, 1423, 1261, 2003, 663;
276, 478, 208, 2261, 1978, 1341, 1077, 1864, 811;
293, 536, 210, 2170, 1898, 1286, 1143, 2090, 822;
300, 536, 174, 2091, 1830, 1242, 1173, 2091, 680;
287, 483, 186, 1997, 1746, 1181, 1121, 1886, 729;
276, 437, 187, 1939, 1698, 1155, 1078, 1706, 729;
261, 478, 175, 1844, 1612, 1091, 1021, 1865, 684;
246, 418, 133, 1757, 1534, 1033, 960, 1630, 521;
243, 416, 166, 1717, 1503, 1021, 949, 1626, 650;
226, 485, 128, 1638, 1432, 970, 884, 1892, 501;
214, 445, 153, 1602, 1405, 960, 836, 1739, 600;
199, 452, 125, 1537, 1347, 920, 779, 1765, 490;
177, 472, 124, 1452, 1270, 860, 693, 1842, 486;
165, 418, 131, 1381, 1206, 812, 643, 1633, 511;
168, 423, 135, 1369, 1201, 822, 658, 1652, 528;
160, 381, 110, 1302, 1140, 776, 626, 1486, 431;
178, 370, 123, 1247, 1091, 742, 694, 1444, 482;
136, 393, 101, 1191, 1042, 706, 533, 1534, 397;
169, 393, 90, 1143, 1000, 677, 662, 1534, 354;
161, 409, 106, 1107, 969, 659, 630, 1598, 413;
143, 367, 85, 1043, 910, 612, 559, 1433, 331;
137, 354, 88, 1015, 887, 601, 535, 1381, 346;
135, 374, 87, 987, 865, 590, 529, 1461, 341;
104, 357, 86, 947, 829, 565, 407, 1392, 337;
112, 357, 68, 879, 766, 512, 437, 1392, 267;
129, 353, 75, 880, 772, 528, 504, 1377, 293;
117, 362, 78, 844, 740, 506, 459, 1413, 304;
88, 353, 61, 798, 698, 473, 344, 1376, 239;
109, 352, 70, 766, 670, 453, 426, 1374, 275;
82, 328, 57, 719, 627, 419, 319, 1282, 222;
101, 338, 63, 708, 619, 420, 395, 1319, 248;
83, 332, 57, 692, 607, 415, 325, 1297, 224;
83, 325, 61, 668, 586, 402, 325, 1270, 240;
91, 330, 55, 624, 545, 368, 356, 1287, 216;
89, 320, 61, 627, 551, 381, 349, 1251, 240;
74, 327, 56, 571, 499, 335, 291, 1277, 219;
73, 334, 40, 545, 476, 319, 286, 1305, 157;
77, 319, 48, 556, 489, 338, 302, 1244, 188;
79, 315, 54, 537, 473, 328, 311, 1230, 213;
60, 327, 36, 489, 427, 288, 236, 1278, 142;
63, 315, 37, 481, 422, 288, 245, 1229, 147;
59, 321, 38, 464, 407, 278, 233, 1254, 149;
48, 311, 40, 435, 380, 256, 190, 1214, 156;
53, 309, 36, 439, 387, 268, 208, 1208, 141;
50, 307, 36, 419, 369, 255, 195, 1200, 143;
53, 306, 27, 372, 323, 213, 208, 1194, 106;
43, 311, 29, 378, 331, 226, 171, 1216, 116;
44, 301, 24, 338, 293, 192, 173, 1176, 93;
49, 291, 31, 334, 291, 194, 193, 1136, 124;
37, 301, 24, 322, 280, 187, 145, 1174, 94;
42, 294, 33, 341, 301, 211, 165, 1147, 128;
42, 291, 27, 307, 268, 182, 165, 1135, 108;
31, 284, 19, 281, 244, 161, 123, 1108, 74;
37, 300, 26, 298, 262, 183, 146, 1171, 102;
37, 287, 29, 294, 260, 184, 146, 1122, 116;
25, 290, 17, 240, 208, 134, 99, 1131, 67;
35, 288, 17, 242, 211, 140, 140, 1123, 67;
27, 284, 21, 244, 214, 147, 108, 1111, 84;
28, 284, 16, 209, 180, 115, 111, 1110, 65;
33, 291, 24, 245, 217, 154, 131, 1135, 95;
1, 256, 0, 0, 0, 0, 5, 999, 3;
1, 256, 0, -1, -1, -1, 4, 999, 2;
1, 256, 0, 0, 0, 0, 5, 1000, 3;
1, 256, 0, 0, 0, 0, 5, 1000, 3;
1, 256, 0, 0, 0, 0, 5, 1000, 3;
1, 256, 0, 0, 0, 0, 5, 1000, 3;
1, 256, 0, 0, 0, 0, 4, 999, 2;
1, 256, 1, 1, 1, 1, 6, 1001, 4;
1, 256, 0, 0, 0, 0, 5, 1000, 3;
1, 256, 0, 0, 0, 0, 5, 1000, 3;
1, 256, 0, 0, 0, 0, 5, 1000, 3;
1, 256, 0, -1, -1, -1, 4, 999, 2;
1, 256, 0, 0, 0, 0, 5, 1000, 3;
1, 256, 0, 0, 0, 0, 5, 1000, 3;
1, 256, 0, -1, -1, -1, 4, 998, 2;
1, 256, 0, -1, -1, -1, 4, 999, 2;
1, 256, 0, 0, 0, 0, 5, 1000, 3;
1, 256, 0, 0, 0, 0, 5, 1000, 3;
1, 256, 0, 0, 0, 0, 5, 1000, 3;
1, 256, 1, 1, 1, 1, 6, 1000, 4;
1, 256, 1, 1, 1, 1, 6, 1001, 4;
1, 256, 0, -1, -1, -1, 4, 999, 2;
1, 256, 0, 0, 0, 0, 5, 1000, 3;
1, 256, 0, 0, 0, 0, 5, 1000, 3;
1, 256, 0, -1, -1, -1, 3, 998, 1;
1, 256, 0, 0, 0, 0, 5, 1000, 3;
1, 256, 0, 0, 0, 0, 4, 999, 2;
1, 256, 0, 0, 0, 0, 4, 999, 2;
1, 256, 1, 1, 1, 1, 6, 1001, 4;
1, 256, 0, 0, 0, 0, 5, 1000, 3;
1, 256, 1, 1, 1, 1, 5, 1000, 3;
1, 256, 0, 0, 0, 0, 4, 999, 2;
1, 256, 0, -1, -1, -1, 4, 998, 1;
1, 256, 1, 1, 1, 1, 5, 1000, 3;
1, 256, 0, 0, 0, 0, 5, 1000, 3;
1, 256, 1, 1, 1, 1, 5, 1000, 3;
1, 256, 1, 1, 1, 1, 6, 1001, 4;
1, 256, 1, 1, 1, 1, 6, 1001, 4;
1, 256, 0, 1, 1, 1, 5, 1000, 3;
1, 256, 0, 0, 0, 0, 5, 1000, 3;
1, 256, 0, 0, 0, 0, 5, 1000, 3;
1, 256, 0, -1, -1, -1, 4, 999, 2;
1, 256, 0, 1, 1, 1, 5, 1000, 3;
1, 256, 1, 1, 1, 1, 6, 1001, 4;
1, 256, 0, 0, 0, 0, 5, 1000, 3;
1, 256, 0, -1, -1, -1, 4, 999, 2;
1, 256, 0, 0, 0, 0, 5, 1000, 3;
1, 256, 0, -1, -1, -1, 3, 998, 1;
1, 256, 0, 1, 1, 1, 5, 1000, 3;
0, 256, 0, -1, -1, -1, 3, 998, 1;
1, 256, 1, 1, 1, 1, 6, 1001, 4;
1, 256, 1, 1, 1, 1, 6, 1001, 4;
1, 256, 0, -1, -1, -1, 4, 999, 2;
1, 256, 0, 0, 0, 0, 5, 1000, 3;
1, 256, 0, 1, 1, 1, 5, 1000, 3;
1, 256, 0, 0, 0, 0, 5, 1000, 3;
1, 256, 0, 1, 1, 1, 5, 1000, 3;
1, 256, 0, 0, 0, 0, 5, 999, 3;
1, 256, 0, 0, 0, 0, 4, 999, 2;
1, 256, 0, 0, 0, 0, 4, 999, 2;
1, 256, 0, 0, 0, 0, 4, 999, 2;
1, 256, 1, 1, 1, 1, 6, 1001, 4;
1, 256, 0, 1, 1, 1, 5, 1000, 3;
1, 256, 0, 0, 0, 0, 5, 1000, 3;
1, 256, 0, 0, 0, 0, 5, 1000, 3;
1, 256, 0, 0, 0, 0, 4, 999, 2;
1, 256, 0, -1, -1, -1, 4, 999, 2;
1, 256, 1, 1, 1, 1, 6, 1000, 4;
1, 256, 0, -1, -1, -1, 4, 999, 2;
1, 256, 0, 0, 0, 0, 5, 1000, 3;
1, 256, 0, 0, 0, 0, 4, 999, 2;
1, 256, 0, 0, 0, 0, 5, 1000, 3;
1, 256, 0, 0, 0, 0, 4, 999, 2;
1, 256, 0, 0, 0, 0, 5, 999, 3;
1, 256, 0, -1, -1, -1, 4, 999, 2;
1, 256, 0, 0, 0, 0, 5, 999, 2;
1, 256, 0, 0, 0, 0, 5, 1000, 3;
1, 256, 0, -1, -1, -1, 4, 999, 2;
1, 256, 0, 0, 0, 0, 4, 999, 2;
1, 256, 0, 0, 0, 0, 5, 1000, 3;
1, 256, 0, 0, 0, 0, 4, 999, 2;
1, 256, 0, 0, 0, 0, 4, 999, 2;
1, 256, 0, 0, 0, 0, 5, 1000, 3;
1, 256, 1, 1, 1, 1, 6, 1001, 4;
1, 256, 0, 0, 0, 0, 4, 999, 2;
1, 256, 0, 0, 0, 0, 4, 999, 2;
1, 256, 0, 0, 0, 0, 4, 999, 2;
1, 256, 0, 0, 0, 0, 4, 999, 2;
1, 256, 0, -1, -1, -1, 4, 999, 2;
1, 256, 1, 1, 1, 1, 6, 1001, 4;
1, 256, 1, 1, 1, 1, 5, 1000, 3;
1, 256, 0, 0, 0, 0, 5, 1000, 3;
1, 256, 1, 1, 1, 1, 6, 1000, 3;
1, 256, 0, 0, 0, 0, 4, 999, 2;
1, 256, 0, 0, 0, 0, 5, 1000, 3;
1, 256, 0, 0, 0, 0, 4, 999, 2;
1, 256, 0, -1, -1, -1, 4, 999, 2;
1, 256, 0, 0, 0, 0, 4, 999, 2;
1, 256, 0, 0, 0, 0, 4, 999, 2;
1, 256, 0, -1, -1, -1, 4, 999, 2;
1, 256, 0, 0, 0, 0, 5, 999, 3;
1, 256, 0, 0, 0, 0, 5, 1000, 3;
1, 256, 0, 1, 1, 1, 5, 1000, 3;
1, 256, 0, -1, -1, -1, 4, 999, 2;
1, 256, 0, -1, -1, -1, 4, 999, 2;
1, 256, 0, 0, 0, 0, 5, 1000, 3;
1, 256, 0, 0, 0, 0, 5, 999, 2;
1, 256, 0, 0, 0, 0, 5, 1000, 3;
1, 256, 0, 0, 0, 0, 4, 999, 2;
1, 256, 0, 0, 0, 0, 4, 999, 2;
1, 256, 0, 0, 0, 0, 5, 1000, 3;
1, 256, 0, 0, 0, 0, 5, 999, 3;
1, 256, 0, -1, -1, -1, 4, 998, 1;
1, 256, 0, 0, 0, 0, 5, 999, 3;
1, 256, 0, 1, 1, 1, 5, 1000, 3;
1, 256, 0, 0, 0, 0, 5, 1000, 3;
1, 256, 0, -1, -1, -1, 4, 999, 2;
1, 256, 0, 1, 1, 1, 5, 1000, 3;
1, 256, 0, 0, 0, 0, 4, 999, 2;
1, 256, 0, 0, 0, 0, 5, 1000, 3;
1, 256, 0, -1, -1, -1, 4, 999, 2;
1, 256, 0, 0, 0, 0, 4, 999, 2;
1, 256, 1, 1, 1, 1, 6, 1001, 4;
1, 256, 0, 1, 1, 1, 5, 1000, 3;
1, 256, 0, 0, 0, 0, 5, 1000, 3;
1, 256, 0, 0, 0, 0, 5, 1000, 3;
1, 256, 1, 1, 1, 1, 6, 1001, 4;
1, 256, 0, 0, 0, 0, 4, 999, 2;
1, 256, 0, 0, 0, 0, 5, 1000, 3;
1, 256, 0, 0, 0, 0, 4, 999, 2;
1, 256, 0, 0, 0, 0, 4, 999, 2;
1, 256, 0, 0, 0, 0, 4, 999, 2;
1, 256, 0, -1, -1, -1, 4, 999, 2;
1, 256, 0, 0, 0, 0, 4, 999, 2;
1, 256, 0, -1, -1, -1, 4, 998, 2;
1, 256, 0, 0, 0, 0, 5, 1000, 3;
1, 256, 0, -1, -1, -1, 4, 999, 2;
1, 256, 0, 0, 0, 0, 4, 999, 2;
1, 256, 0, -1, -1, -1, 4, 999, 2;
1, 256, 1, 1, 1, 1, 6, 1000, 4;
1, 256, 0, 0, 0, 0, 4, 999, 2;
1, 256, 0, 0, 0, 0, 5, 1000, 3;
1, 256, 0, 1, 1, 1, 5, 1000, 3;
1, 256, 0, 0, 0, 0, 4, 999, 2;
1, 256, 0, 0, 0, 0, 5, 1000, 3;
1, 256, 0, -1, -1, -1, 4, 998, 1;
1, 256, 0, 0, 0, 0, 5, 1000, 3;
1, 256, 0, 0, 0, 0, 4, 999, 2;
1, 256, 0, 0, 0, 0, 4, 999, 2;
1, 256, 0, -1, -1, -1, 4, 998, 2;
1, 256, 0, 0, 0, 0, 4, 999, 2;
1, 256, 0, 1, 1, 1, 5, 1000, 3;
1, 256, 0, -1, -1, -1, 4, 999, 2;
1, 256, 0, 0, 0, 0, 4, 999, 2;
1, 256, 0, -1, -1, -1, 4, 999, 2;
1, 256, 0, 0, 0, 0, 5, 1000, 3;
1, 256, 0, 0, 0, 0, 5, 1000, 3;
1, 256, 0, 1, 1, 1, 5, 1000, 3;
1, 256, 0, 1, 1, 1, 5, 1000, 3;
1, 256, 0, 0, 0, 0, 5, 1000, 3;
1, 256, 0, 0, 0, 0, 5, 1000, 3;
1, 256, 0, 0, 0, 0, 5, 1000, 3;
1, 256, 0, 0, 0, 0, 5, 1000, 3;
1, 256, 0, -1, -1, -1, 4, 999, 2;
1, 256, 0, -1, -1, -1, 4, 999, 2;
1, 256, 0, -1, -1, -1, 4, 998, 2;
1, 256, 0, 1, 1, 1, 5, 1000, 3;
1, 256, 0, 0, 0, 0, 4, 999, 2;
1, 256, 0, 0, 0, 0, 4, 999, 2;
1, 256, 1, 1, 1, 1, 6, 1001, 4;
1, 256, 0, -1, -1, -1, 4, 999, 2;
1, 256, 0, 0, 0, 0, 5, 1000, 3;
1, 256, 0, 0, 0, 0, 5, 1000, 3;
1, 256, 0, -1, -1, -1, 4, 999, 2;
1, 256, 0, -1, -1, -1, 4, 999, 2;
1, 256, 0, 0, 0, 0, 5, 1000, 3;
1, 256, 0, 0, 0, 0, 5, 1000, 3;
1, 256, 0, 1, 1, 1, 5, 1000, 3;
1, 256, 0, -1, -1, -1, 4, 999, 2;
1, 256, 0, 1, 1, 1, 5, 1000, 3;
1, 256, 0, 0, 0, 0, 5, 1000, 3;
1, 256, 0, 0, 0, 0, 5, 1000, 3;
1, 256, 0, 1, 1, 1, 5, 1000, 3;
1, 256, 0, 0, 0, 0, 5, 1000, 3;
1, 256, 0, 1, 1, 1, 5, 1000, 3;
1, 256, 1, 1, 1, 1, 6, 1001, 4;
1, 256, 1, 1, 1, 1, 6, 1001, 4;
1, 256, 0, 0, 0, 0, 5, 1000, 3;
1, 256, 1, 1, 1, 1, 6, 1001, 4;
1, 256, 0, 1, 1, 1, 5, 1000, 3;
1, 256, 0, 0, 0, 0, 5, 1000, 3;
1, 256, 0, 1, 1, 1, 5, 1000, 3;
1, 256, 1, 1, 1, 1, 5, 1000, 3;
1, 256, 0, 0, 0, 0, 5, 1000, 3;
1, 256, 0, 0, 0, 0, 4, 999, 2;
1, 256, 0, 0, 0, 0, 4, 999, 2;
1, 256, 1, 1, 1, 1, 6, 1000, 3;
1, 256, 0, 0, 0, 0, 4, 999, 2;
1, 256, 0, -1, -1, -1, 4, 999, 2;
1, 256, 0, 0, 0, 0, 4, 999, 2;
1, 256, 0, -1, -1, -1, 4, 999, 2;
1, 256, 1, 1, 1, 1, 6, 1001, 4;
0, 256, 0, -1, -1, -1, 3, 998, 1;
1, 256, 0, 0, 0, 0, 5, 999, 3;
1, 256, 0, 0, 0, 0, 5, 1000, 3;
1, 256, 0, 1, 1, 1, 5, 1000, 3;
1, 256, 0, 1, 1, 1, 5, 1000, 3;
1, 256, 0, -1, -1, -1, 4, 999, 2;
1, 256, 0, -1, -1, -1, 4, 999, 2;
1, 256, 0, -1, -1, -1, 4, 998, 2;
1, 256, 0, -1, -1, -1, 3, 998, 1;
1, 256, 0, 0, 0, 0, 4, 999, 2;
1, 256, 0, -1, -1, -1, 4, 999, 2;
1, 256, 0, -1, -1, -1, 4, 999, 2;
0, 256, 0, -1, -1, -1, 3, 998, 1;
1, 256, 0, -1, -1, -1, 4, 999, 2;
1, 256, 0, 1, 1, 1, 5, 1000, 3;
1, 256, 0, 0, 0, 0, 5, 1000, 3;
1, 256, 0, 0, 0, 0, 5, 1000, 3;
1, 256, 0, -1, -1, -1, 3, 998, 1;
1, 256, 0, 0, 0, 0, 5, 1000, 3;
1, 256, 0, 0, 0, 0, 5, 1000, 3;
1, 256, 1, 1, 1, 1, 6, 1001, 4;
1, 256, 0, 0, 0, 0, 5, 1000, 3;
1, 256, 0, 0, 0, 0, 4, 999, 2;
1, 256, 1, 1, 1, 1, 6, 1001, 4;
1, 256, 1, 1, 1, 1, 6, 1001, 4;
1, 256, 0, -1, -1, -1, 4, 998, 2;
1, 256, 0, 0, 0, 0, 4, 999, 2;
1, 256, 0, -1, -1, -1, 4, 999, 2;
1, 256, 0, 0, 0, 0, 5, 1000, 3;
1, 256, 0, 1, 1, 1, 5, 1000, 3;
1, 256, 0, -1, -1, -1, 4, 999, 2;
1, 256, 0, 0, 0, 0, 4, 999, 2;
1, 256, 0, 1, 1, 1, 5, 1000, 3;
1, 256, 0, 0, 0, 0, 5, 1000, 3;
1, 256, 0, 0, 0, 0, 5, 1000, 3;
1, 256, 0, -1, -1, -1, 4, 998, 2;
1, 256, 0, -1, -1, -1, 4, 999, 2;
1, 256, 0, 0, 0, 0, 4, 999, 2;
1, 256, 0, 1, 1, 1, 5, 1000, 3;
1, 256, 0, 1, 1, 1, 5, 1000, 3;
1, 256, 0, 0, 0, 0, 5, 999, 2;
1, 256, 0, 1, 1, 1, 5, 1000, 3;
1, 256, 0, 1, 1, 1, 5, 1000, 3;
1, 256, 1, 1, 1, 1, 6, 1001, 4;
1, 256, 0, 0, 0, 0, 4, 999, 2;
1, 256, 0, 0, 0, 0, 4, 999, 2;
1, 256, 0, 0, 0, 0, 5, 1000, 3;
1, 256, 0, 0, 0, 0, 4, 999, 2;
1, 256, 0, 0, 0, 0, 5, 1000, 3;
1, 256, 0, 0, 0, 0, 4, 999, 2;
1, 256, 1, 1, 1, 1, 6, 1000, 4;
1, 256, 0, 0, 0, 0, 5, 999, 2;
1, 256, 0, -1, -1, -1, 3, 998, 1;
1, 256, 0, 0, 0, 0, 4, 999, 2;
1, 256, 0, 0, 0, 0, 5, 999, 3;
1, 256, 0, 1, 1, 1, 5, 1000, 3;
1, 256, 0, 0, 0, 0, 4, 999, 2;
1, 256, 0, 0, 0, 0, 4, 999, 2;
1, 256, 0, -1, -1, -1, 4, 999, 2;
1, 256, 0, 1, 1, 1, 5, 1000, 3;
1, 256, 0, 0, 0, 0, 4, 999, 2;
1, 256, 0, -1, -1, -1, 3, 998, 1;
0, 256, 0, -1, -1, -1, 3, 998, 1;
1, 256, 0, -1, -1, -1, 4, 998, 2;
1, 256, 0, 0, 0, 0, 4, 999, 2;
1, 256, 0, 0, 0, 0, 5, 1000, 3;
1, 256, 0, 0, 0, 0, 4, 999, 2;
1, 256, 0, -1, -1, -1, 4, 999, 2;
1, 256, 0, -1, -1, -1, 4, 999, 2;
1, 256, 0, 0, 0, 0, 5, 999, 3;
1, 256, 1, 1, 1, 1, 6, 1001, 4;
1, 256, 0, 1, 1, 1, 5, 1000, 3;
1, 256, 0, -1, -1, -1, 4, 999, 2;
1, 256, 0, -1, -1, -1, 4, 998, 2;
1, 256, 0, -1, -1, -1, 4, 998, 2;
1, 256, 0, -1, -1, -1, 4, 999, 2;
1, 256, 0, -1, -1, -1, 4, 999, 2;
1, 256, 0, 0, 0, 0, 5, 1000, 3;
1, 256, 0, 0, 0, 0, 5, 1000, 3;
1, 256, 0, 1, 1, 1, 5, 1000, 3;
1, 256, 0, 0, 0, 0, 5, 1000, 3;
1, 256, 0, 1, 1, 1, 5, 1000, 3;
1, 256, 0, -1, -1, -1, 3, 998, 1;
0, 256, 0, -1, -1, -1, 3, 998, 1;
1, 256, 0, 0, 0, 0, 4, 999, 2;
1, 256, 0, -1, -1, -1, 4, 999, 2;
1, 256, 1, 1, 1, 1, 6, 1001, 4;
1, 256, 0, 0, 0, 0, 4, 999, 2;
1, 256, 0, 0, 0, 0, 5, 1000, 3;
1, 256, 0, -1, -1, -1, 4, 998, 2;
1, 256, 0, 0, 0, 0, 4, 999, 2;
1, 256, 0, -1, -1, -1, 4, 999, 2;
1, 256, 1, 1, 1, 1, 6, 1000, 3;
1, 256, 0, -1, -1, -1, 3, 998, 1;
1, 256, 0, 0, 0, 0, 5, 1000, 3;
1, 256, 0, 0, 0, 0, 4, 999, 2;
1, 256, 0, 0, 0, 0, 5, 1000, 3;
1, 256, 0, 0, 0, 0, 5, 1000, 3;
1, 256, 0, 1, 1, 1, 5, 1000, 3;
1, 256, 0, 0, 0, 0, 5, 999, 3;
1, 256, 0, 0, 0, 0, 5, 999, 3;
1, 256, 0, -1, -1, -1, 4, 999, 2;
1, 256, 1, 1, 1, 1, 6, 1001, 4;
1, 256, 0, 0, 0, 0, 4, 999, 2;
1, 256, 0, -1, -1, -1, 4, 998, 2;
1, 256, 0, -1, -1, -1, 4, 999, 2;
1, 256, 0, -1, -1, -1, 4, 999, 2;
0, 256, 0, -1, -1, -1, 3, 998, 1;
1, 256, 0, 0, 0, 0, 5, 999, 2;
1, 256, 0, 1, 1, 1, 5, 1000, 3;
1, 256, 0, 0, 0, 0, 5, 1000, 3;
1, 256, 0, -1, -1, -1, 4, 998, 2;
1, 256, 0, -1, -1, -1, 4, 998, 1;
1, 256, 0, 0, 0, 0, 4, 999, 2;
1, 256, 0, -1, -1, -1, 4, 999, 2;
1, 256, 0, 0, 0, 0, 4, 999, 2;
1, 256, 0, 0, 0, 0, 4, 999, 2;
1, 256, 0, 1, 1, 1, 5, 1000, 3;
1, 256, 0, 0, 0, 0, 5, 1000, 3;
1, 256, 0, 0, 0, 0, 5, 999, 2;
1, 256, 0, 0, 0, 0, 4, 999, 2;
1, 256, 0, 0, 0, 0, 5, 1000, 3;
1, 256, 0, 0, 0, 0, 5, 1000, 3;
1, 256, 0, -1, -1, -1, 4, 999, 2;
1, 256, 0, 0, 0, 0, 5, 1000, 3;
1, 256, 0, 0, 0, 0, 5, 1000, 3;
1, 256, 0, 0, 0, 0, 5, 1000, 3;
1, 256, 0, -1, -1, -1, 3, 998, 1;
1, 256, 0, 0, 0, 0, 4, 999, 2;
1, 256, 0, 1, 1, 1, 5, 1000, 3;
1, 256, 0, 0, 0, 0, 5, 1000, 3;
1, 256, 0, -1, -1, -1, 3, 998, 1;
1, 256, 0, -1, -1, -1, 3, 998, 1;
1, 256, 0, 1, 1, 1, 5, 1000, 3;
1, 256, 0, 0, 0, 0, 5, 1000, 3;
1, 256, 0, 0, 0, 0, 4, 999, 2;
1, 256, 0, 0, 0, 0, 4, 999, 2;
1, 256, 0, 0, 0, 0, 4, 999, 2;
1, 256, 0, 0, 0, 0, 4, 999, 2;
1, 256, 0, 0, 0, 0, 5, 1000, 3;
1, 256, 0, -1, -1, -1, 3, 998, 1;
1, 256, 0, 0, 0, 0, 4, 999, 2;
1, 256, 1, 1, 1, 1, 6, 1000, 4;
1, 256, 0, -1, -1, -1, 4, 999, 2;
1, 256, 0, -1, -1, -1, 4, 999, 2;
1, 256, 1, 1, 1, 1, 6, 1000, 3;
1, 256, 0, -1, -1, -1, 4, 999, 2;
1, 256, 0, -1, -1, -1, 4, 998, 2;
1, 256, 0, 0, 0, 0, 4, 999, 2;
1, 256, 0, -1, -1, -1, 4, 998, 2;
1, 256, 0, 0, 0, 0, 5, 1000, 3;
1, 256, 0, 0, 0, 0, 5, 999, 3;
1, 256, 0, 1, 1, 1, 5, 1000, 3;
1, 256, 0, 0, 0, 0, 4, 999, 2;
1, 256, 0, -1, -1, -1, 4, 999, 2;
1, 256, 0, 1, 1, 1, 5, 1000, 3;
1, 256, 0, 1, 1, 1, 5, 1000, 3;
1, 256, 0, -1, -1, -1, 3, 998, 1;
1, 256, 0, -1, -1, -1, 4, 999, 2;
1, 256, 0, 0, 0, 0, 5, 1000, 3;
1, 256, 0, 0, 0, 0, 5, 1000, 3;
1, 256, 0, 0, 0, 0, 4, 999, 2;
1, 256, 0, 1, 1, 1, 5, 1000, 3;
1, 256, 0, 0, 0, 0, 5, 1000, 3;
1, 256, 0, 0, 0, 0, 5, 1000, 3;
1, 256, 0, 0, 0, 0, 4, 999, 2;
1, 256, 0, 0, 0, 0, 5, 999, 2;
1, 256, 0, 0, 0, 0, 5, 1000, 3;
1, 256, 0, 0, 0, 0, 5, 999, 3;
1, 256, 0, 1, 1, 1, 5, 1000, 3;
1, 256, 0, -1, -1, -1, 4, 998, 2;
1, 256, 0, 0, 0, 0, 4, 999, 2;
1, 256, 0, 0, 0, 0, 4, 999, 2;
1, 256, 0, 0, 0, 0, 5, 1000, 3;
1, 256, 0, 0, 0, 0, 5, 999, 2;
1, 256, 0, 1, 1, 1, 5, 1000, 3;
1, 256, 0, 0, 0, 0, 5, 1000, 3;
1, 256, 0, 1, 1, 1, 5, 1000, 3;
1, 256, 1, 1, 1, 1, 5, 1000, 3;
0, 256, 0, -1, -1, -1, 3, 998, 1;
1, 256, 0, 0, 0, 0, 5, 1000, 3;
1, 256, 0, 0, 0, 0, 4, 999, 2;
1, 256, 0, 0, 0, 0, 5, 1000, 3;
1, 256, 0, -1, -1, -1, 4, 999, 2;
1, 256, 1, 1, 1, 1, 6, 1000, 3;
1, 256, 0, 0, 0, 0, 5, 1000, 3;
1, 256, 0, 0, 0, 0, 5, 1000, 3;
1, 256, 0, 0, 0, 0, 5, 999, 3;
1, 256, 0, -1, -1, -1, 4, 998, 2;
1, 256, 0, 0, 0, 0, 5, 1000, 3;
1, 256, 0, 0, 0, 0, 4, 999, 2;
1, 256, 0, 0, 0, 0, 5, 1000, 3;
1, 256, 0, 0, 0, 0, 4, 999, 2;
1, 256, 1, 1, 1, 1, 6, 1001, 4;
1, 256, 0, -1, -1, -1, 3, 998, 1;
1, 256, 0, 0, 0, 0, 4, 999, 2;
1, 256, 0, 0, 0, 0, 5, 1000, 3;
1, 256, 0, 0, 0, 0, 5, 1000, 3;
1, 256, 0, 0, 0, 0, 5, 1000, 3;
1, 256, 0, 0, 0, 0, 4, 999, 2;
1, 256, 0, -1, -1, -1, 4, 998, 1;
1, 256, 0, -1, -1, -1, 4, 999, 2;
1, 256, 0, -1, -1, -1, 4, 999, 2;
1, 256, 0, 0, 0, 0, 4, 999, 2;
1, 256, 1, 1, 1, 1, 6, 1001, 4;
1, 256, 0, 0, 0, 0, 4, 999, 2;
1, 256, 0, 0, 0, 0, 5, 999, 3;
1, 256, 1, 1, 1, 1, 6, 1001, 4;
1, 256, 0, 0, 0, 0, 5, 999, 2;
1, 256, 0, 0, 0, 0, 4, 999, 2;
1, 256, 0, 0, 0, 0, 4, 999, 2;
1, 256, 0, 0, 0, 0, 5, 1000, 3;
1, 256, 0, 0, 0, 0, 5, 1000, 3;
0, 256, 0, -1, -1, -1, 3, 998, 1;
1, 256, 1, 1, 1, 1, 6, 1001, 4;
1, 256, 0, -1, -1, -1, 4, 999, 2;
1, 256, 1, 1, 1, 1, 6, 1001, 4;
1, 256, 0, 0, 0, 0, 5, 1000, 3;
1, 256, 0, 0, 0, 0, 5, 999, 2;
1, 256, 0, -1, -1, -1, 4, 999, 2;
1, 256, 0, 0, 0, 0, 4, 999, 2;
1, 256, 1, 1, 1, 1, 6, 1001, 4;
1, 256, 0, 0, 0, 0, 5, 999, 3;
1, 256, 0, -1, -1, -1, 4, 999, 2;
1, 256, 0, 0, 0, 0, 5, 1000, 3;
1, 256, 0, 0, 0, 0, 5, 1000, 3;
1, 256, 0, -1, -1, -1, 4, 998, 2;
1, 256, 0, 0, 0, 0, 5, 1000, 3;
1, 256, 0, 0, 0, 0, 5, 1000, 3;
1, 256, 0, -1, -1, -1, 4, 999, 2;
1, 256, 0, 0, 0, 0, 5, 1000, 3;
1, 256, 0, -1, -1, -1, 4, 999, 2;
1, 256, 1, 1, 1, 1, 6, 1000, 4;
1, 256, 0, -1, -1, -1, 4, 999, 2;
1, 256, 1, 1, 1, 1, 6, 1001, 4;
1, 256, 0, 0, 0, 0, 5, 1000, 3;
1, 256, 0, 0, 0, 0, 5, 1000, 3;
1, 256, 0, -1, -1, -1, 4, 998, 2;
1, 256, 0, 0, 0, 0, 5, 1000, 3;
1, 256, 1, 1, 1, 1, 6, 1001, 4;
1, 256, 0, 0, 0, 0, 5, 1000, 3;
1, 256, 1, 1, 1, 1, 6, 1000, 4;
1, 256, 1, 1, 1, 1, 6, 1001, 4;
1, 256, 0, 0, 0, 0, 5, 999, 3;
1, 256, 0, 0, 0, 0, 5, 1000, 3;
1, 256, 0, 0, 0, 0, 4, 999, 2;
1, 256, 0, -1, -1, -1, 4, 999, 2;
1, 256, 0, 0, 0, 0, 4, 999, 2;
1, 256, 1, 1, 1, 1, 6, 1000, 4;
1, 256, 0, -1, -1, -1, 4, 999, 2;
1, 256, 0, 0, 0, 0, 5, 1000, 3;
1, 256, 0, 0, 0, 0, 5, 1000, 3;
1, 256, 1, 1, 1, 1, 6, 1000, 4;
1, 256, 0, 0, 0, 0, 4, 999, 2;
1, 256, 0, 1, 1, 1, 5, 1000, 3;
1, 256, 0, 0, 0, 0, 5, 1000, 3;
1, 256, 0, 0, 0, 0, 5, 1000, 3;
1, 256, 0, 0, 0, 0, 4, 999, 2;
1, 256, 0, 0, 0, 0, 5, 1000, 3;
1, 256, 0, 0, 0, 0, 4, 999, 2;
1, 256, 0, 0, 0, 0, 4, 999, 2;
1, 256, 0, 0, 0, 0, 4, 999, 2;
1, 256, 0, -1, -1, -1, 4, 999, 2;
1, 256, 0, -1, -1, -1, 4, 999, 2;
1, 256, 1, 1, 1, 1, 5, 1000, 3;
1, 256, 1, 1, 1, 1, 6, 1000, 4;
1, 256, 0, 1, 1, 1, 5, 1000, 3;
1, 256, 0, 0, 0, 0, 5, 1000, 3;
1, 256, 0, 0, 0, 0, 4, 999, 2;
1, 256, 0, 1, 1, 1, 5, 1000, 3;
1, 256, 1, 1, 1, 1, 5, 1000, 3;
1, 256, 0, -1, -1, -1, 4, 999, 2;
1, 256, 0, 0, 0, 0, 5, 1000, 3;
1, 256, 0, 0, 0, 0, 4, 999, 2;
1, 256, 0, 0, 0, 0, 4, 999, 2;
1, 256, 0, 0, 0, 0, 5, 1000, 3;
1, 256, 0, -1, -1, -1, 4, 999, 2;
1, 256, 0, 0, 0, 0, 4, 999, 2;
1, 256, 1, 1, 1, 1, 6, 1001, 4;
1, 256, 0, 0, 0, 0, 4, 999, 2;
1, 256, 0, 0, 0, 0, 5, 1000, 3;
1, 256, 0, -1, -1, -1, 4, 999, 2;
1, 256, 0, 0, 0, 0, 4, 999, 2;
1, 256, 0, -1, -1, -1, 4, 999, 2;
1, 256, 0, 0, 0, 0, 4, 999, 2;
1, 256, 0, 0, 0, 0, 5, 1000, 3;
1, 256, 0, 0, 0, 0, 4, 999, 2;
1, 256, 0, 0, 0, 0, 5, 1000, 3;
1, 256, 0, 0, 0, 0, 5, 1000, 3;
1, 256, 0, -1, -1, -1, 4, 999, 2;
1, 256, 0, -1, -1, -1, 4, 998, 1;
1, 256, 0, -1, -1, -1, 4, 999, 2;
1, 256, 0, 0, 0, 0, 4, 999, 2;
1, 256, 0, 0, 0, 0, 5, 999, 2;
1, 256, 1, 1, 1, 1, 5, 1000, 3;
1, 256, 0, 0, 0, 0, 5, 999, 2;
1, 256, 0, 1, 1, 1, 5, 1000, 3;
1, 256, 0, -1, -1, -1, 4, 998, 1;
1, 256, 0, -1, -1, -1, 4, 999, 2;
1, 256, 0, 0, 0, 0, 4, 999, 2;
1, 256, 0, -1, -1, -1, 4, 999, 2;
1, 256, 1, 1, 1, 1, 5, 1000, 3;
1, 256, 0, 0, 0, 0, 5, 1000, 3;
1, 256, 0, -1, -1, -1, 4, 998, 1;
1, 256, 0, -1, -1, -1, 4, 999, 2;
1, 256, 0, 0, 0, 0, 4, 999, 2;
1, 256, 0, 0, 0, 0, 5, 1000, 3;
1, 256, 0, 0, 0, 0, 5, 1000, 3;
1, 256, 0, 0, 0, 0, 5, 1000, 3;
1, 256, 0, 1, 1, 1, 5, 1000, 3;
1, 256, 0, 0, 0, 0, 5, 999, 3;
1, 256, 0, 1, 1, 1, 5, 1000, 3;
1, 256, 0, 0, 0, 0, 5, 999, 2;
1, 256, 0, 0, 0, 0, 5, 1000, 3;
1, 256, 0, -1, -1, -1, 4, 999, 2;
1, 256, 0, -1, -1, -1, 4, 998, 2;
1, 256, 0, 0, 0, 0, 5, 1000, 3;
1, 256, 1, 1, 1, 1, 5, 1000, 3;
1, 256, 0, 0, 0, 0, 5, 1000, 3;
1, 256, 0, -1, -1, -1, 4, 999, 2;
1, 256, 1, 1, 1, 1, 5, 1000, 3;
1, 256, 0, -1, -1, -1, 4, 999, 2;
1, 256, 0, 0, 0, 0, 4, 999, 2;
1, 256, 0, 0, 0, 0, 4, 999, 2;
1, 256, 0, -1, -1, -1, 4, 999, 2;
1, 256, 1, 1, 1, 1, 5, 1000, 3;
1, 256, 0, 0, 0, 0, 4, 999, 2;
1, 256, 0, 1, 1, 1, 5, 1000, 3;
1, 256, 0, 0, 0, 0, 5, 1000, 3;
1, 256, 0, -1, -1, -1, 4, 999, 2;
1, 256, 0, -1, -1, -1, 3, 998, 1;
1, 256, 0, 0, 0, 0, 5, 1000, 3;
1, 256, 1, 1, 1, 1, 6, 1001, 4;
1, 256, 1, 1, 1, 1, 6, 1001, 4;
1, 256, 0, 0, 0, 0, 4, 999, 2;
1, 256, 0, 0, 0, 0, 4, 999, 2;
1, 256, 0, -1, -1, -1, 3, 998, 1;
1, 256, 0, 0, 0, 0, 4, 999, 2;
1, 256, 0, 0, 0, 0, 4, 999, 2;
1, 256, 0, -1, -1, -1, 4, 999, 2;
1, 256, 1, 1, 1, 1, 6, 1001, 4;
1, 256, 0, 0, 0, 0, 5, 1000, 3;
1, 256, 0, 0, 0, 0, 5, 999, 3;
1, 256, 0, 0, 0, 0, 5, 1000, 3;
1, 256, 0, 0, 0, 0, 5, 1000, 3;
1, 256, 0, 0, 0, 0, 5, 999, 3;
1, 256, 0, -1, -1, -1, 4, 998, 2;
1, 256, 0, 0, 0, 0, 5, 1000, 3;
1, 256, 0, -1, -1, -1, 4, 998, 1;
1, 256, 0, 1, 1, 1, 5, 1000, 3;
1, 256, 0, -1, -1, -1, 4, 999, 2;
1, 256, 0, 0, 0, 0, 5, 1000, 3;
1, 256, 0, 1, 1, 1, 5, 1000, 3;
1, 256, 0, 0, 0, 0, 5, 1000, 3;
1, 256, 0, 0, 0, 0, 5, 1000, 3;
1, 256, 0, 0, 0, 0, 5, 1000, 3;
1, 256, 0, 0, 0, 0, 4, 999, 2;
1, 256, 0, -1, -1, -1, 4, 999, 2;
1, 256, 0, 0, 0, 0, 4, 999, 2;
1, 256, 0, 1, 1, 1, 5, 1000, 3;
1, 256, 1, 1, 1, 1, 6, 1001, 4;
1, 256, 0, 0, 0, 0, 5, 1000, 3;
1, 256, 0, 0, 0, 0, 4, 999, 2;
1, 256, 0, 0, 0, 0, 4, 999, 2;
1, 256, 0, -1, -1, -1, 4, 999, 2;
1, 256, 1, 1, 1, 1, 6, 1001, 4;
1, 256, 0, 0, 0, 0, 5, 1000, 3;
1, 256, 0, 0, 0, 0, 5, 999, 3;
1, 256, 0, 0, 0, 0, 4, 999, 2;
1, 256, 0, 0, 0, 0, 4, 999, 2;
1, 256, 0, 0, 0, 0, 5, 1000, 3;
1, 256, 0, -1, -1, -1, 4, 999, 2;
1, 256, 0, 0, 0, 0, 5, 1000, 3;
1, 256, 1, 1, 1, 1, 5, 1000, 3;
1, 256, 0, 0, 0, 0, 4, 999, 2;
1, 256, 0, 0, 0, 0, 4, 999, 2;
1, 256, 0, 0, 0, 0, 4, 999, 2;
1, 256, 0, 0, 0, 0, 5, 1000, 3;
1, 256, 0, 0, 0, 0, 4, 999, 2;
1, 256, 0, 1, 1, 1, 5, 1000, 3;
1, 256, 0, 0, 0, 0, 5, 1000, 3;
1, 256, 0, 0, 0, 0, 5, 1000, 3;
1, 256, 0, 0, 0, 0, 4, 999, 2;
1, 256, 0, 0, 0, 0, 4, 999, 2;
1, 256, 0, 1, 1, 1, 5, 1000, 3;
1, 256, 0, 1, 1, 1, 5, 1000, 3;
1, 256, 0, -1, -1, -1, 4, 999, 2;
1, 256, 0, 0, 0, 0, 5, 1000, 3;
1, 256, 0, -1, -1, -1, 4, 999, 2;
1, 256, 1, 1, 1, 1, 6, 1000, 4;
1, 256, 1, 1, 1, 1, 5, 1000, 3;
1, 256, 0, -1, -1, -1, 4, 999, 2;
1, 256, 0, 0, 0, 0, 5, 1000, 3;
1, 256, 0, -1, -1, -1, 4, 998, 2;
1, 256, 0, 0, 0, 0, 5, 1000, 3;
1, 256, 0, 0, 0, 0, 4, 999, 2;
1, 256, 0, 0, 0, 0, 4, 999, 2;
1, 256, 0, -1, -1, -1, 3, 998, 1;
1, 256, 0, 0, 0, 0, 4, 999, 2;
1, 256, 0, 0, 0, 0, 5, 1000, 3;
1, 256, 1, 1, 1, 1, 6, 1001, 4;
1, 256, 1, 1, 1, 1, 6, 1001, 4;
1, 256, 0, -1, -1, -1, 4, 999, 2;
1, 256, 0, 0, 0, 0, 4, 999, 2;
1, 256, 0, -1, -1, -1, 4, 999, 2;
1, 256, 0, -1, -1, -1, 4, 999, 2;
1, 256, 0, 0, 0, 0, 5, 1000, 3;
1, 256, 0, 0, 0, 0, 5, 1000, 3;
1, 256, 0, 0, 0, 0, 5, 1000, 3;
1, 256, 0, -1, -1, -1, 4, 999, 2;
1, 256, 0, 0, 0, 0, 4, 999, 2;
1, 256, 0, 0, 0, 0, 5, 1000, 3;
1, 256, 0, -1, -1, -1, 4, 999, 2;
1, 256, 0, -1, -1, -1, 4, 999, 2;
1, 256, 0, 0, 0, 0, 4, 999, 2;
1, 256, 1, 1, 1, 1, 5, 1000, 3;
1, 256, 0, -1, -1, -1, 4, 999, 2;
1, 256, 0, -1, -1, -1, 4, 999, 2;
1, 256, 0, -1, -1, -1, 4, 999, 2;
1, 256, 0, 0, 0, 0, 4, 999, 2;
1, 256, 0, 0, 0, 0, 5, 1000, 3;
1, 256, 0, 0, 0, 0, 5, 1000, 3;
1, 256, 0, 1, 1, 1, 5, 1000, 3;
1, 256, 0, -1, -1, -1, 3, 998, 1;
1, 256, 0, -1, -1, -1, 3, 998, 1;
1, 256, 0, -1, -1, -1, 4, 999, 2;
1, 256, 0, -1, -1, -1, 4, 999, 2;
1, 256, 0, -1, -1, -1, 4, 999, 2;
1, 256, 0, -1, -1, -1, 4, 998, 2;
1, 256, 0, -1, -1, -1, 3, 998, 1;
1, 256, 1, 1, 1, 1, 6, 1001, 4;
1, 256, 0, -1, -1, -1, 4, 999, 2;
1, 256, 0, 1, 1, 1, 5, 1000, 3;
1, 256, 0, -1, -1, -1, 3, 998, 1;
1, 256, 0, 0, 0, 0, 5, 1000, 3;
1, 256, 0, 0, 0, 0, 5, 1000, 3;
1, 256, 0, 0, 0, 0, 5, 1000, 3;
1, 256, 0, -1, -1, -1, 3, 998, 1;
1, 256, 0, 0, 0, 0, 4, 999, 2;
1, 256, 0, 0, 0, 0, 5, 1000, 3;
1, 256, 0, -1, -1, -1, 3, 998, 1;
1, 256, 1, 1, 1, 1, 6, 1001, 4;
1, 256, 0, 0, 0, 0, 5, 1000, 3;
1, 256, 0, 0, 0, 0, 5, 1000, 3;
1, 256, 0, 0, 0, 0, 5, 1000, 3;
1, 256, 0, -1, -1, -1, 4, 999, 2;
1, 256, 0, 0, 0, 0, 4, 999, 2;
1, 256, 0, 0, 0, 0, 5, 1000, 3;
1, 256, 1, 1, 1, 1, 6, 1001, 4;
1, 256, 0, 0, 0, 0, 4, 999, 2;
1, 256, 0, -1, -1, -1, 4, 998, 2;
1, 256, 0, -1, -1, -1, 3, 998, 1;
1, 256, 0, 0, 0, 0, 5, 1000, 3;
1, 256, 0, 1, 1, 1, 5, 1000, 3;
1, 256, 0, -1, -1, -1, 3, 998, 1;
1, 256, 0, -1, -1, -1, 4, 998, 2;
1, 256, 0, 0, 0, 0, 5, 1000, 3;
1, 256, 0, 1, 1, 1, 5, 1000, 3;
1, 256, 0, 0, 0, 0, 4, 999, 2;
1, 256, 0, 0, 0, 0, 4, 999, 2;
1, 256, 0, 0, 0, 0, 5, 1000, 3;
1, 256, 0, 0, 0, 0, 4, 999, 2;
1, 256, 0, -1, -1, -1, 4, 999, 2;
1, 256, 0, 0, 0, 0, 5, 1000, 3;
1, 256, 0, 0, 0, 0, 4, 999, 2;
1, 256, 0, 0, 0, 0, 5, 1000, 3;
1, 256, 0, -1, -1, -1, 4, 999, 2;
1, 256, 0, -1, -1, -1, 4, 999, 2;
1, 256, 0, 0, 0, 0, 5, 1000, 3;
1, 256, 0, 0, 0, 0, 5, 1000, 3;
1, 256, 0, 0, 0, 0, 4, 999, 2;
1, 256, 1, 1, 1, 1, 6, 1001, 4;
1, 256, 1, 1, 1, 1, 6, 1001, 4;
1, 256, 0, -1, -1, -1, 4, 998, 2;
1, 256, 0, 0, 0, 0, 5, 1000, 3;
1, 256, 0, 0, 0, 0, 5, 1000, 3;
1, 256, 0, 1, 1, 1, 5, 1000, 3;
1, 256, 0, 0, 0, 0, 4, 999, 2;
1, 256, 0, 0, 0, 0, 4, 999, 2;
1, 256, 0, -1, -1, -1, 4, 999, 2;
1, 256, 0, -1, -1, -1, 4, 999, 2;
1, 256, 0, -1, -1, -1, 4, 999, 2;
1, 256, 0, 0, 0, 0, 5, 1000, 3;
1, 256, 1, 1, 1, 1, 6, 1001, 4;
1, 256, 0, 0, 0, 0, 5, 1000, 3;
1, 256, 1, 1, 1, 1, 6, 1001, 4;
1, 256, 0, 0, 0, 0, 4, 999, 2;
1, 256, 1, 1, 1, 1, 6, 1001, 4;
1, 256, 0, -1, -1, -1, 3, 998, 1;
1, 256, 1, 1, 1, 1, 6, 1001, 4;
1, 256, 0, 0, 0, 0, 5, 1000, 3;
1, 256, 0, 0, 0, 0, 4, 999, 2;
1, 256, 0, 0, 0, 0, 5, 1000, 3;
1, 256, 0, 0, 0, 0, 4, 999, 2;
1, 256, 0, 0, 0, 0, 5, 1000, 3;
1, 256, 0, 0, 0, 0, 4, 999, 2;
1, 256, 0, 0, 0, 0, 5, 1000, 3;
1, 256, 1, 1, 1, 1, 5, 1000, 3;
1, 256, 0, 0, 0, 0, 5, 1000, 3;
1, 256, 0, 1, 1, 1, 5, 1000, 3;
1, 256, 0, 0, 0, 0, 4, 999, 2;
1, 256, 0, 0, 0, 0, 5, 1000, 3;
1, 256, 0, -1, -1, -1, 4, 999, 2;
1, 256, 0, -1, -1, -1, 4, 999, 2;
1, 256, 0, 0, 0, 0, 4, 999, 2;
1, 256, 0, 0, 0, 0, 5, 1000, 3;
1, 256, 0, 0, 0, 0, 5, 1000, 3;
1, 256, 0, -1, -1, -1, 3, 998, 1;
1, 256, 0, 0, 0, 0, 5, 1000, 3;
1, 256, 0, 0, 0, 0, 4, 999, 2;
1, 256, 0, 0, 0, 0, 5, 1000, 3;
1, 256, 0, -1, -1, -1, 4, 998, 2;
1, 256, 0, 1, 1, 1, 5, 1000, 3;
1, 256, 0, 1, 1, 1, 5, 1000, 3;
1, 256, 1, 1, 1, 1, 6, 1001, 4;
1, 256, 0, -1, -1, -1, 3, 998, 1;
1, 256, 0, -1, -1, -1, 4, 999, 2;
1, 256, 0, 0, 0, 0, 4, 999, 2;
1, 256, 0, 0, 0, 0, 5, 1000, 3;
1, 256, 0, 0, 0, 0, 5, 1000, 3;
1, 256, 0, 0, 0, 0, 5, 999, 3;
1, 256, 0, 0, 0, 0, 5, 1000, 3;
1, 256, 1, 1, 1, 1, 6, 1000, 3;
1, 256, 0, 0, 0, 0, 5, 1000, 3;
1, 256, 0, 0, 0, 0, 4, 999, 2;
1, 256, 0, 1, 1, 1, 5, 1000, 3;
1, 256, 0, 1, 1, 1, 5, 1000, 3;
1, 256, 0, 1, 1, 1, 5, 1000, 3;
1, 256, 0, 0, 0, 0, 4, 999, 2;
1, 256, 1, 1, 1, 1, 6, 1001, 4;
1, 256, 0, 0, 0, 0, 4, 999, 2;
1, 256, 1, 1, 1, 1, 6, 1001, 4;
1, 256, 0, 0, 0, 0, 4, 999, 2;
1, 256, 0, -1, -1, -1, 4, 998, 1;
1, 256, 0, 1, 1, 1, 5, 1000, 3;
1, 256, 0, -1, -1, -1, 4, 999, 2;
1, 256, 1, 1, 1, 1, 6, 1001, 4;
1, 256, 0, 0, 0, 0, 4, 999, 2;
1, 256, 0, -1, -1, -1, 4, 999, 2;
1, 256, 1, 1, 1, 1, 6, 1000, 4;
1, 256, 0, 0, 0, 0, 5, 1000, 3;
1, 256, 0, 0, 0, 0, 5, 1000, 3;
1, 256, 0, -1, -1, -1, 4, 999, 2;
1, 256, 0, 0, 0, 0, 4, 999, 2;
1, 256, 0, 0, 0, 0, 5, 1000, 3;
1, 256, 0, -1, -1, -1, 4, 999, 2;
0, 256, 0, -1, -1, -1, 3, 998, 1;
1, 256, 0, 0, 0, 0, 5, 999, 2;
1, 256, 0, 0, 0, 0, 5, 1000, 3;
1, 256, 0, 0, 0, 0, 5, 1000, 3;
1, 256, 0, 0, 0, 0, 5, 999, 2;
1, 256, 0, 0, 0, 0, 5, 1000, 3;
1, 256, 1, 1, 1, 1, 6, 1001, 4;
1, 256, 0, 0, 0, 0, 4, 999, 2;
1, 256, 0, 0, 0, 0, 5, 1000, 3;
1, 256, 0, -1, -1, -1, 4, 999, 2;
1, 256, 0, -1, -1, -1, 4, 999, 2;
1, 256, 0, 0, 0, 0, 5, 1000, 3;
1, 256, 0, 0, 0, 0, 4, 999, 2;
1, 256, 0, 0, 0, 0, 4, 999, 2;
1, 256, 0, 1, 1, 1, 5, 1000, 3;
1, 256, 0, 1, 1, 1, 5, 1000, 3;
1, 256, 0, -1, -1, -1, 4, 998, 1;
1, 256, 1, 1, 1, 1, 6, 1001, 4;
1, 256, 0, -1, -1, -1, 4, 999, 2;
1, 256, 0, 0, 0, 0, 5, 1000, 3;
1, 256, 0, -1, -1, -1, 4, 999, 2;
1, 256, 0, 0, 0, 0, 4, 999, 2;
1, 256, 0, -1, -1, -1, 4, 998, 1;
1, 256, 0, 0, 0, 0, 4, 999, 2;
1, 256, 0, -1, -1, -1, 4, 999, 2;
1, 256, 0, -1, -1, -1, 4, 999, 2;
1, 256, 0, 0, 0, 0, 5, 1000, 3;
1, 256, 0, 0, 0, 0, 5, 1000, 3;
1, 256, 1, 1, 1, 1, 6, 1001, 4;
1, 256, 0, -1, -1, -1, 4, 998, 2;
1, 256, 0, 1, 1, 1, 5, 1000, 3;
1, 256, 0, -1, -1, -1, 4, 999, 2;
1, 256, 0, -1, -1, -1, 4, 999, 2;
1, 256, 0, 0, 0, 0, 4, 999, 2;
1, 256, 0, 0, 0, 0, 4, 999, 2;
1, 256, 0, -1, -1, -1, 4, 998, 1;
1, 256, 0, 0, 0, 0, 5, 1000, 3;
1, 256, 1, 1, 1, 1, 6, 1001, 4;
1, 256, 0, 0, 0, 0, 4, 999, 2;
1, 256, 0, -1, -1, -1, 4, 999, 2;
1, 256, 0, 0, 0, 0, 4, 999, 2;
1, 256, 0, -1, -1, -1, 4, 998, 1;
1, 256, 0, 0, 0, 0, 5, 1000, 3;
1, 256, 0, -1, -1, -1, 4, 999, 2;
1, 256, 0, 0, 0, 0, 4, 999, 2;
1, 256, 0, 0, 0, 0, 5, 1000, 3;
1, 256, 0, 0, 0, 0, 5, 1000, 3;
1, 256, 0, 0, 0, 0, 5, 1000, 3;
1, 256, 0, 1, 1, 1, 5, 1000, 3;
1, 256, 0, 0, 0, 0, 5, 1000, 3;
1, 256, 0, -1, -1, -1, 4, 999, 2;
1, 256, 0, 0, 0, 0, 4, 999, 2;
1, 256, 0, 0, 0, 0, 5, 1000, 3;
1, 256, 0, 0, 0, 0, 4, 999, 2;
1, 256, 0, 0, 0, 0, 4, 999, 2;
1, 256, 0, 1, 1, 1, 5, 1000, 3;
1, 256, 0, -1, -1, -1, 4, 999, 2;
1, 256, 0, 0, 0, 0, 5, 1000, 3;
1, 256, 0, -1, -1, -1, 3, 998, 1;
1, 256, 0, -1, -1, -1, 4, 999, 2;
1, 256, 0, 0, 0, 0, 5, 1000, 3;
1, 256, 0, -1, -1, -1, 3, 998, 1;
1, 256, 0, 1, 1, 1, 5, 1000, 3;
1, 256, 0, 0, 0, 0, 5, 1000, 3;
1, 256, 1, 1, 1, 1, 6, 1000, 4;
1, 256, 0, -1, -1, -1, 4, 999, 2;
1, 256, 0, -1, -1, -1, 4, 998, 2;
1, 256, 0, 0, 0, 0, 4, 999, 2;
1, 256, 0, -1, -1, -1, 4, 999, 2;
1, 256, 0, 0, 0, 0, 5, 999, 2;
1, 256, 0, 0, 0, 0, 5, 1000, 3;
1, 256, 0, 0, 0, 0, 5, 1000, 3;
1, 256, 0, 1, 1, 1, 5, 1000, 3;
1, 256, 0, 0, 0, 0, 5, 1000, 3;
0, 256, 0, -1, -1, -1, 3, 998, 1;
1, 256, 1, 1, 1, 1, 6, 1001, 4;
1, 256, 0, -1, -1, -1, 4, 999, 2;
1, 256, 0, -1, -1, -1, 4, 999, 2;
1, 256, 0, 1, 1, 1, 5, 1000, 3;
1, 256, 0, 0, 0, 0, 4, 999, 2;
1, 256, 0, 1, 1, 1, 5, 1000, 3;
1, 256, 0, 0, 0, 0, 5, 1000, 3;
1, 256, 1, 1, 1, 1, 6, 1001, 4;
1, 256, 0, 0, 0, 0, 4, 999, 2;
1, 256, 0, 1, 1, 1, 5, 1000, 3;
1, 256, 0, 0, 0, 0, 4, 999, 2;
1, 256, 0, -1, -1, -1, 4, 998, 2;
1, 256, 1, 1, 1, 1, 6, 1001, 4;
1, 256, 0, 0, 0, 0, 5, 1000, 3;
1, 256, 1, 1, 1, 1, 6, 1000, 3;
1, 256, 1, 1, 1, 1, 6, 1000, 4;
1, 256, 0, 0, 0, 0, 5, 1000, 3;
1, 256, 0, 0, 0, 0, 4, 999, 2;
1, 256, 0, -1, -1, -1, 4, 998, 2;
1, 256, 1, 1, 1, 1, 6, 1001, 4;
1, 256, 0, 0, 0, 0, 5, 1000, 3;
1, 256, 0, 0, 0, 0, 4, 999, 2;
1, 256, 0, -1, -1, -1, 4, 999, 2;
1, 256, 0, 0, 0, 0, 4, 999, 2;
1, 256, 0, 1, 1, 1, 5, 1000, 3;
1, 256, 0, 1, 1, 1, 5, 1000, 3;
1, 256, 0, 0, 0, 0, 5, 1000, 3;
1, 256, 0, 0, 0, 0, 5, 999, 2;
1, 256, 0, 0, 0, 0, 4, 999, 2;
1, 256, 0, 1, 1, 1, 5, 1000, 3;
1, 256, 0, 0, 0, 0, 4, 999, 2;
1, 256, 0, 0, 0, 0, 4, 999, 2;
1, 256, 0, 0, 0, 0, 4, 999, 2;
1, 256, 0, -1, -1, -1, 4, 999, 2;
1, 256, 0, -1, -1, -1, 4, 999, 2;
1, 256, 0, 0, 0, 0, 5, 999, 2;
1, 256, 0, 0, 0, 0, 5, 1000, 3;
1, 256, 0, 0, 0, 0, 5, 1000, 3;
1, 256, 0, 0, 0, 0, 5, 1000, 3;
1, 256, 0, 0, 0, 0, 5, 1000, 3;
1, 256, 0, 0, 0, 0, 5, 1000, 3;
1, 256, 1, 1, 1, 1, 6, 1000, 3;
1, 256, 0, 0, 0, 0, 4, 999, 2;
1, 256, 0, 0, 0, 0, 5, 999, 3;
1, 256, 1, 1, 1, 1, 6, 1000, 3;
1, 256, 1, 1, 1, 1, 6, 1001, 4;
1, 256, 1, 1, 1, 1, 6, 1000, 4;
1, 256, 0, 0, 0, 0, 5, 1000, 3;
1, 256, 0, 0, 0, 0, 4, 999, 2;
1, 256, 0, 0, 0, 0, 4, 999, 2;
1, 256, 0, 0, 0, 0, 4, 999, 2;
1, 256, 0, 0, 0, 0, 4, 999, 2;
1, 256, 0, 0, 0, 0, 4, 999, 2;
1, 256, 0, 1, 1, 1, 5, 1000, 3;
1, 256, 0, -1, -1, -1, 4, 999, 2;
1, 256, 0, 0, 0, 0, 5, 1000, 3;
1, 256, 0, 0, 0, 0, 5, 1000, 3;
1, 256, 0, 0, 0, 0, 5, 1000, 3;
1, 256, 0, 0, 0, 0, 5, 1000, 3;
1, 256, 0, -1, -1, -1, 4, 999, 2;
1, 256, 0, -1, -1, -1, 4, 999, 2;
1, 256, 1, 1, 1, 1, 6, 1001, 4;
1, 256, 0, 0, 0, 0, 5, 1000, 3;
1, 256, 0, 0, 0, 0, 4, 999, 2;
1, 256, 0, -1, -1, -1, 4, 999, 2;
1, 256, 0, 0, 0, 0, 4, 999, 2;
1, 256, 0, 0, 0, 0, 5, 999, 3;
1, 256, 0, 0, 0, 0, 5, 1000, 3;
1, 256, 0, 0, 0, 0, 4, 999, 2;
1, 256, 0, -1, -1, -1, 4, 999, 2;
1, 256, 0, 0, 0, 0, 4, 999, 2;
1, 256, 0, 0, 0, 0, 4, 999, 2;
1, 256, 0, 0, 0, 0, 5, 999, 3;
1, 256, 0, 0, 0, 0, 4, 999, 2;
1, 256, 0, -1, -1, -1, 4, 999, 2;
1, 256, 0, -1, -1, -1, 4, 998, 1;
1, 256, 0, 0, 0, 0, 5, 999, 3;
1, 256, 0, 1, 1, 1, 5, 1000, 3;
1, 256, 0, 1, 1, 1, 5, 1000, 3;
1, 256, 0, -1, -1, -1, 4, 999, 2;
1, 256, 0, 0, 0, 0, 5, 999, 2;
1, 256, 0, 0, 0, 0, 4, 999, 2;
1, 256, 0, 1, 1, 1, 5, 1000, 3;
1, 256, 0, 0, 0, 0, 5, 1000, 3;
1, 256, 0, 0, 0, 0, 5, 1000, 3;
1, 256, 0, 0, 0, 0, 5, 1000, 3;
1, 256, 0, -1, -1, -1, 4, 999, 2;
1, 256, 0, 0, 0, 0, 4, 999, 2;
1, 256, 0, -1, -1, -1, 4, 999, 2;
1, 256, 0, -1, -1, -1, 4, 999, 2;
1, 256, 0, -1, -1, -1, 4, 999, 2;
1, 256, 0, 0, 0, 0, 5, 1000, 3;
1, 256, 1, 1, 1, 1, 5, 1000, 3;
1, 256, 0, -1, -1, -1, 4, 999, 2;
1, 256, 1, 1, 1, 1, 6, 1000, 3;
1, 256, 1, 1, 1, 1, 6, 1001, 4;
1, 256, 0, 0, 0, 0, 5, 999, 3;
1, 256, 0, -1, -1, -1, 4, 999, 2;
1, 256, 0, 0, 0, 0, 4, 999, 2;
1, 256, 1, 1, 1, 1, 5, 1000, 3;
1, 256, 0, -1, -1, -1, 4, 999, 2;
1, 256, 0, -1, -1, -1, 4, 999, 2;
1, 256, 0, 1, 1, 1, 5, 1000, 3;
1, 256, 1, 1, 1, 1, 6, 1000, 3;
1, 256, 0, -1, -1, -1, 4, 998, 1;
1, 256, 0, -1, -1, -1, 4, 999, 2;
1, 256, 1, 1, 1, 1, 5, 1000, 3;
1, 256, 0, 0, 0, 0, 4, 999, 2;
1, 256, 1, 1, 1, 1, 6, 1001, 4;
1, 256, 1, 1, 1, 1, 6, 1001, 4;
1, 256, 0, 0, 0, 0, 4, 999, 2;
1, 256, 0, -1, -1, -1, 4, 998, 2;
1, 256, 0, 0, 0, 0, 4, 999, 2;
1, 256, 0, 0, 0, 0, 5, 1000, 3;
1, 256, 0, 0, 0, 0, 5, 1000, 3;
1, 256, 0, 0, 0, 0, 5, 1000, 3;
1, 256, 0, 0, 0, 0, 4, 999, 2;
1, 256, 1, 1, 1, 1, 6, 1001, 4;
1, 256, 0, 0, 0, 0, 4, 999, 2;
1, 256, 0, -1, -1, -1, 4, 998, 1;
1, 256, 1, 1, 1, 1, 6, 1001, 4;
1, 256, 0, 1, 1, 1, 5, 1000, 3;
1, 256, 1, 1, 1, 1, 6, 1001, 4;
1, 256, 1, 1, 1, 1, 5, 1000, 3;
1, 256, 0, 0, 0, 0, 5, 1000, 3;
1, 256, 0, 0, 0, 0, 5, 1000, 3;
1, 256, 1, 1, 1, 1, 6, 1000, 4;
1, 256, 0, 0, 0, 0, 5, 1000, 3;
1, 256, 0, 0, 0, 0, 4, 999, 2;
1, 256, 0, -1, -1, -1, 4, 999, 2;
1, 256, 0, -1, -1, -1, 3, 998, 1;
1, 256, 0, 0, 0, 0, 5, 1000, 3;
1, 256, 1, 1, 1, 1, 6, 1001, 4;
1, 256, 0, 0, 0, 0, 5, 1000, 3;
1, 256, 0, 0, 0, 0, 5, 1000, 3;
1, 256, 0, 1, 1, 1, 5, 1000, 3;
1, 256, 0, 0, 0, 0, 4, 999, 2;
1, 256, 0, 0, 0, 0, 5, 1000, 3;
1, 256, 0, -1, -1, -1, 4, 998, 2;
1, 256, 0, -1, -1, -1, 4, 998, 1;
1, 256, 0, 0, 0, 0, 4, 999, 2;
1, 256, 0, 0, 0, 0, 4, 999, 2;
1, 256, 0, 0, 0, 0, 5, 1000, 3;
1, 256, 0, 0, 0, 0, 4, 999, 2;
1, 256, 0, 0, 0, 0, 5, 999, 3;
1, 256, 0, 0, 0, 0, 5, 1000, 3;
1, 256, 0, -1, -1, -1, 4, 999, 2;
1, 256, 0, 0, 0, 0, 4, 999, 2;
1, 256, 0, 0, 0, 0, 5, 1000, 3;
1, 256, 0, 0, 0, 0, 4, 999, 2;
1, 256, 0, 0, 0, 0, 4, 999, 2;
1, 256, 0, 0, 0, 0, 4, 999, 2;
1, 256, 0, -1, -1, -1, 4, 999, 2;
1, 256, 0, -1, -1, -1, 3, 998, 1;
1, 256, 0, 0, 0, 0, 5, 1000, 3;
1, 256, 1, 1, 1, 1, 6, 1000, 4;
1, 256, 0, 1, 1, 1, 5, 1000, 3;
1, 256, 1, 1, 1, 1, 5, 1000, 3;
1, 256, 0, 0, 0, 0, 5, 1000, 3;
1, 256, 1, 1, 1, 1, 5, 1000, 3;
1, 256, 0, 1, 1, 1, 5, 1000, 3;
1, 256, 0, 0, 0, 0, 5, 1000, 3;
1, 256, 0, 1, 1, 1, 5, 1000, 3;
1, 256, 1, 1, 1, 1, 6, 1001, 4;
1, 256, 0, 0, 0, 0, 4, 999, 2;
1, 256, 0, -1, -1, -1, 4, 999, 2;
1, 256, 0, 0, 0, 0, 4, 999, 2;
1, 256, 0, 0, 0, 0, 5, 999, 3;
1, 256, 0, 0, 0, 0, 5, 1000, 3;
1, 256, 0, 0, 0, 0, 4, 999, 2;
1, 256, 1, 1, 1, 1, 6, 1001, 4;
1, 256, 0, 0, 0, 0, 4, 999, 2;
1, 256, 1, 1, 1, 1, 5, 1000, 3;
1, 256, 1, 1, 1, 1, 6, 1000, 3;
1, 256, 0, 1, 1, 1, 5, 1000, 3;
1, 256, 0, 1, 1, 1, 5, 1000, 3;
1, 256, 0, -1, -1, -1, 4, 998, 1;
1, 256, 0, 0, 0, 0, 5, 999, 2;
1, 256, 0, 1, 1, 1, 5, 1000, 3;
1, 256, 0, 0, 0, 0, 5, 1000, 3;
1, 256, 0, 0, 0, 0, 5, 1000, 3;
1, 256, 0, 1, 1, 1, 5, 1000, 3;
1, 256, 0, 1, 1, 1, 5, 1000, 3;
1, 256, 0, 0, 0, 0, 4, 999, 2;
1, 256, 0, 0, 0, 0, 4, 999, 2;
1, 256, 0, 1, 1, 1, 5, 1000, 3;
1, 256, 0, 0, 0, 0, 4, 999, 2;
1, 256, 0, 0, 0, 0, 4, 999, 2;
1, 256, 0, 0, 0, 0, 4, 999, 2;
1, 256, 1, 1, 1, 1, 5, 1000, 3;
1, 256, 0, -1, -1, -1, 4, 999, 2;
1, 256, 0, 0, 0, 0, 5, 1000, 3;
1, 256, 0, 0, 0, 0, 5, 1000, 3;
1, 256, 0, 0, 0, 0, 4, 999, 2;
1, 256, 1, 1, 1, 1, 6, 1001, 4;
1, 256, 0, -1, -1, -1, 4, 998, 1;
1, 256, 1, 1, 1, 1, 6, 1001, 4;
1, 256, 1, 1, 1, 1, 6, 1000, 4;
1, 256, 0, -1, -1, -1, 4, 999, 2;
1, 256, 0, 0, 0, 0, 4, 999, 2;
1, 256, 1, 1, 1, 1, 6, 1000, 4;
1, 256, 0, 1, 1, 1, 5, 1000, 3;
1, 256, 0, 0, 0, 0, 4, 999, 2;
1, 256, 0, -1, -1, -1, 4, 999, 2;
1, 256, 0, -1, -1, -1, 4, 999, 2;
1, 256, 0, 0, 0, 0, 5, 999, 3;
1, 256, 0, 1, 1, 1, 5, 1000, 3;
1, 256, 0, 0, 0, 0, 4, 999, 2;
1, 256, 0, 0, 0, 0, 5, 999, 3;
1, 256, 0, 0, 0, 0, 4, 999, 2;
1, 256, 0, 0, 0, 0, 4, 999, 2;
1, 256, 0, 1, 1, 1, 5, 1000, 3;
1, 256, 0, 0, 0, 0, 5, 1000, 3;
1, 256, 0, 0, 0, 0, 4, 999, 2;
1, 256, 1, 1, 1, 1, 6, 1000, 4;
1, 256, 0, 0, 0, 0, 5, 1000, 3;
1, 256, 0, 0, 0, 0, 4, 999, 2;
1, 256, 0, -1, -1, -1, 4, 998, 1;
1, 256, 0, 0, 0, 0, 4, 999, 2;
1, 256, 0, 0, 0, 0, 4, 999, 2;
1, 256, 0, -1, -1, -1, 4, 999, 2;
1, 256, 0, -1, -1, -1, 4, 999, 2;
1, 256, 1, 1, 1, 1, 5, 1000, 3;
1, 256, 0, 0, 0, 0, 4, 999, 2;
1, 256, 0, -1, -1, -1, 4, 999, 2;
1, 256, 0, -1, -1, -1, 4, 999, 2;
1, 256, 0, 0, 0, 0, 5, 1000, 3;
1, 256, 0, 0, 0, 0, 5, 1000, 3;
1, 256, 1, 1, 1, 1, 6, 1001, 4;
1, 256, 0, 0, 0, 0, 5, 1000, 3;
1, 256, 0, -1, -1, -1, 3, 998, 1;
1, 256, 1, 1, 1, 1, 6, 1001, 4;
1, 256, 0, 0, 0, 0, 4, 999, 2;
1, 256, 1, 1, 1, 1, 6, 1000, 4;
1, 256, 0, 1, 1, 1, 5, 1000, 3;
1, 256, 0, 0, 0, 0, 4, 999, 2;
1, 256, 1, 1, 1, 1, 6, 1000, 4;
1, 256, 1, 1, 1, 1, 6, 1000, 3;
1, 256, 0, 0, 0, 0, 4, 999, 2;
1, 256, 0, -1, -1, -1, 3, 998, 1;
1, 256, 0, -1, -1, -1, 4, 999, 2;
1, 256, 0, -1, -1, -1, 4, 999, 2;
1, 256, 1, 1, 1, 1, 5, 1000, 3;
1, 256, 1, 1, 1, 1, 6, 1001, 4;
1, 256, 0, 1, 1, 1, 5, 1000, 3;
1, 256, 1, 1, 1, 1, 6, 1001, 4;
1, 256, 0, 0, 0, 0, 5, 1000, 3;
1, 256, 1, 1, 1, 1, 6, 1001, 4;
1, 256, 0, -1, -1, -1, 4, 999, 2;
1, 256, 0, 1, 1, 1, 5, 1000, 3;
1, 256, 0, 0, 0, 0, 4, 999, 2;
1, 256, 0, 0, 0, 0, 5, 1000, 3;
1, 256, 0, -1, -1, -1, 4, 999, 2;
1, 256, 0, 0, 0, 0, 4, 999, 2;
1, 256, 1, 1, 1, 1, 6, 1001, 4;
1, 256, 0, 0, 0, 0, 5, 1000, 3;
1, 256, 0, 0, 0, 0, 4, 999, 2;
1, 256, 0, 0, 0, 0, 5, 1000, 3;
1, 256, 0, 1, 1, 1, 5, 1000, 3;
1, 256, 0, 0, 0, 0, 5, 1000, 3;
1, 256, 0, 0, 0, 0, 5, 999, 3;
1, 256, 0, 0, 0, 0, 4, 999, 2;
1, 256, 0, -1, -1, -1, 4, 999, 2;
1, 256, 0, 0, 0, 0, 5, 1000, 3;
1, 256, 0, -1, -1, -1, 4, 999, 2;
1, 256, 0, -1, -1, -1, 4, 999, 2;
1, 256, 1, 1, 1, 1, 6, 1001, 4;
1, 256, 0, -1, -1, -1, 4, 999, 2;
1, 256, 0, -1, -1, -1, 4, 999, 2;
1, 256, 0, 0, 0, 0, 5, 1000, 3;
1, 256, 0, 0, 0, 0, 4, 999, 2;
1, 256, 0, -1, -1, -1, 3, 998, 1;
1, 256, 0, -1, -1, -1, 4, 999, 2;
1, 256, 1, 1, 1, 1, 5, 1000, 3;
1, 256, 0, -1, -1, -1, 4, 999, 2;
1, 256, 0, -1, -1, -1, 3, 998, 1;
1, 256, 0, 0, 0, 0, 5, 1000, 3;
1, 256, 0, 0, 0, 0, 4, 999, 2;
1, 256, 0, 1, 1, 1, 5, 1000, 3;
1, 256, 0, 0, 0, 0, 5, 1000, 3;
1, 256, 0, 1, 1, 1, 5, 1000, 3;
1, 256, 1, 1, 1, 1, 6, 1001, 4;
1, 256, 0, 0, 0, 0, 5, 1000, 3;
1, 256, 1, 1, 1, 1, 6, 1001, 4;
1, 256, 0, 1, 1, 1, 5, 1000, 3;
1, 256, 0, 1, 1, 1, 5, 1000, 3;
1, 256, 0, 0, 0, 0, 4, 999, 2;
1, 256, 0, 0, 0, 0, 4, 999, 2;
1, 256, 0, 0, 0, 0, 5, 1000, 3;
1, 256, 0, 0, 0, 0, 5, 1000, 3;
1, 256, 0, 0, 0, 0, 5, 1000, 3;
1, 256, 0, -1, -1, -1, 4, 998, 1;
1, 256, 0, 0, 0, 0, 4, 999, 2;
1, 256, 0, -1, -1, -1, 4, 999, 2;
1, 256, 0, 1, 1, 1, 5, 1000, 3;
1, 256, 0, 0, 0, 0, 4, 999, 2;
1, 256, 0, -1, -1, -1, 4, 998, 2;
1, 256, 0, 0, 0, 0, 5, 1000, 3;
1, 256, 0, 0, 0, 0, 4, 999, 2;
1, 256, 0, 1, 1, 1, 5, 1000, 3;
1, 256, 0, 1, 1, 1, 5, 1000, 3;
1, 256, 0, 0, 0, 0, 4, 999, 2;
1, 256, 1, 1, 1, 1, 6, 1000, 4;
1, 256, 0, 1, 1, 1, 5, 1000, 3;
1, 256, 0, 0, 0, 0, 4, 999, 2;
1, 256, 1, 1, 1, 1, 6, 1000, 3;
1, 256, 1, 1, 1, 1, 5, 1000, 3;
1, 256, 0, -1, -1, -1, 4, 999, 2;
1, 256, 0, -1, -1, -1, 3, 998, 1;
1, 256, 1, 1, 1, 1, 6, 1001, 4;
1, 256, 0, 0, 0, 0, 4, 999, 2;
1, 256, 0, 1, 1, 1, 5, 1000, 3;
1, 256, 0, 1, 1, 1, 5, 1000, 3;
1, 256, 0, 0, 0, 0, 4, 999, 2;
1, 256, 0, -1, -1, -1, 4, 999, 2;
1, 256, 0, 1, 1, 1, 5, 1000, 3;
1, 256, 0, 1, 1, 1, 5, 1000, 3;
1, 256, 0, 0, 0, 0, 5, 1000, 3;
1, 256, 1, 1, 1, 1, 6, 1000, 4;
1, 256, 0, 0, 0, 0, 5, 1000, 3;
1, 256, 1, 1, 1, 1, 6, 1001, 4;
1, 256, 0, 0, 0, 0, 5, 1000, 3;
1, 256, 0, 0, 0, 0, 5, 1000, 3;
1, 256, 0, -1, -1, -1, 4, 999, 2;
1, 256, 0, -1, -1, -1, 3, 998, 1;
1, 256, 0, 0, 0, 0, 5, 1000, 3;
1, 256, 0, 0, 0, 0, 4, 999, 2;
0, 256, 0, -1, -1, -1, 3, 998, 1;
1, 256, 0, 0, 0, 0, 5, 1000, 3;
1, 256, 1, 1, 1, 1, 6, 1001, 4;
1, 256, 0, -1, -1, -1, 3, 998, 1;
1, 256, 0, 0, 0, 0, 5, 1000, 3;
1, 256, 0, 0, 0, 0, 5, 1000, 3;
1, 256, 0, 0, 0, 0, 5, 1000, 3;
1, 256, 0, 0, 0, 0, 5, 1000, 3;
1, 256, 0, -1, -1, -1, 4, 999, 2;
1, 256, 0, 0, 0, 0, 5, 1000, 3;
1, 256, 0, 0, 0, 0, 4, 999, 2;
1, 256, 1, 1, 1, 1, 5, 1000, 3;
1, 256, 0, 0, 0, 0, 4, 999, 2;
1, 256, 0, 0, 0, 0, 4, 999, 2;
1, 256, 0, 0, 0, 0, 5, 1000, 3;
1, 256, 0, 0, 0, 0, 5, 1000, 3;
1, 256, 0, 0, 0, 0, 4, 999, 2;
1, 256, 0, 0, 0, 0, 4, 999, 2;
1, 256, 0, 1, 1, 1, 5, 1000, 3;
1, 256, 0, 0, 0, 0, 5, 1000, 3;
1, 256, 0, -1, -1, -1, 4, 998, 1;
1, 256, 0, 0, 0, 0, 4, 999, 2;
1, 256, 1, 1, 1, 1, 6, 1000, 4;
1, 256, 0, 0, 0, 0, 5, 1000, 3;
1, 256, 0, 0, 0, 0, 5, 1000, 3;
1, 256, 0, -1, -1, -1, 3, 998, 1;
1, 256, 1, 1, 1, 1, 6, 1001, 4;
1, 256, 0, 0, 0, 0, 5, 1000, 3;
1, 256, 0, 0, 0, 0, 5, 999, 3;
1, 256, 0, 0, 0, 0, 5, 999, 3;
1, 256, 0, 0, 0, 0, 4, 999, 2;
1, 256, 0, 0, 0, 0, 4, 999, 2;
1, 256, 0, -1, -1, -1, 3, 998, 1;
1, 256, 0, 0, 0, 0, 4, 999, 2;
1, 256, 1, 1, 1, 1, 6, 1000, 4;
1, 256, 0, -1, -1, -1, 4, 999, 2;
1, 256, 1, 1, 1, 1, 5, 1000, 3;
1, 256, 1, 1, 1, 1, 6, 1000, 3;
1, 256, 0, 0, 0, 0, 4, 999, 2;
1, 256, 0, -1, -1, -1, 4, 999, 2;
1, 256, 0, 0, 0, 0, 5, 1000, 3;
1, 256, 0, 0, 0, 0, 4, 999, 2;
1, 256, 1, 1, 1, 1, 6, 1000, 4;
1, 256, 0, -1, -1, -1, 4, 998, 2;
1, 256, 0, 0, 0, 0, 5, 1000, 3;
1, 256, 0, 0, 0, 0, 5, 1000, 3;
1, 256, 0, -1, -1, -1, 4, 998, 2;
1, 256, 0, 0, 0, 0, 5, 1000, 3;
1, 256, 0, -1, -1, -1, 4, 998, 2;
1, 256, 1, 1, 1, 1, 6, 1001, 4;
1, 256, 0, -1, -1, -1, 4, 999, 2;
1, 256, 0, 0, 0, 0, 4, 999, 2;
1, 256, 0, -1, -1, -1, 4, 999, 2;
1, 256, 1, 1, 1, 1, 6, 1001, 4;
1, 256, 0, 0, 0, 0, 5, 1000, 3;
0, 256, 0, -1, -1, -1, 3, 998, 1;
1, 256, 0, 0, 0, 0, 5, 1000, 3;
1, 256, 0, 0, 0, 0, 5, 1000, 3;
1, 256, 0, 0, 0, 0, 5, 1000, 3;
1, 256, 1, 1, 1, 1, 6, 1001, 4;
1, 256, 0, 0, 0, 0, 5, 1000, 3;
1, 256, 0, -1, -1, -1, 4, 999, 2;
1, 256, 0, 0, 0, 0, 5, 1000, 3;
1, 256, 0, 0, 0, 0, 5, 1000, 3;
1, 256, 0, 0, 0, 0, 4, 999, 2;
1, 256, 0, 0, 0, 0, 5, 1000, 3;
1, 256, 0, 0, 0, 0, 5, 999, 3;
1, 256, 0, 0, 0, 0, 4, 999, 2;
1, 256, 1, 1, 1, 1, 6, 1001, 4;
1, 256, 1, 1, 1, 1, 6, 1001, 4;
1, 256, 0, 0, 0, 0, 5, 1000, 3;
1, 256, 0, -1, -1, -1, 4, 999, 2;
1, 256, 0, 0, 0, 0, 5, 1000, 3;
1, 256, 1, 1, 1, 1, 6, 1001, 4;
1, 256, 0, 0, 0, 0, 4, 999, 2;
0, 256, 0, -1, -1, -1, 3, 998, 1;
1, 256, 0, 0, 0, 0, 5, 1000, 3;
1, 256, 1, 1, 1, 1, 6, 1000, 4;
1, 256, 0, 0, 0, 0, 4, 999, 2;
1, 256, 0, 0, 0, 0, 4, 999, 2;
1, 256, 0, -1, -1, -1, 4, 999, 2;
1, 256, 0, 1, 1, 1, 5, 1000, 3;
1, 256, 0, 1, 1, 1, 5, 1000, 3;
1, 256, 0, 0, 0, 0, 4, 999, 2;
1, 256, 0, 0, 0, 0, 5, 1000, 3;
1, 256, 0, 0, 0, 0, 5, 999, 2;
1, 256, 1, 1, 1, 1, 5, 1000, 3;
1, 256, 0, -1, -1, -1, 4, 999, 2;
1, 256, 0, 1, 1, 1, 5, 1000, 3;
1, 256, 0, 0, 0, 0, 4, 999, 2;
1, 256, 0, -1, -1, -1, 3, 998, 1;
1, 256, 0, -1, -1, -1, 4, 999, 2;
1, 256, 1, 1, 1, 1, 6, 1000, 4;
1, 256, 0, -1, -1, -1, 4, 998, 2;
1, 256, 1, 1, 1, 1, 6, 1000, 4;
1, 256, 0, 0, 0, 0, 4, 999, 2;
1, 256, 0, 0, 0, 0, 5, 1000, 3;
1, 256, 0, -1, -1, -1, 4, 999, 2;
1, 256, 0, 1, 1, 1, 5, 1000, 3;
1, 256, 0, 0, 0, 0, 4, 999, 2;
1, 256, 0, 0, 0, 0, 4, 999, 2;
1, 256, 1, 1, 1, 1, 6, 1001, 4;
1, 256, 0, 1, 1, 1, 5, 1000, 3;
1, 256, 0, -1, -1, -1, 3, 998, 1;
1, 256, 0, -1, -1, -1, 4, 999, 2;
1, 256, 1, 1, 1, 1, 6, 1000, 4;
1, 256, 0, -1, -1, -1, 4, 999, 2;
1, 256, 1, 1, 1, 1, 6, 1001, 4;
1, 256, 0, 0, 0, 0, 4, 999, 2;
1, 256, 0, 0, 0, 0, 4, 999, 2;
1, 256, 0, -1, -1, -1, 4, 999, 2;
1, 256, 0, 0, 0, 0, 4, 999, 2;
1, 256, 0, 1, 1, 1, 5, 1000, 3;
1, 256, 1, 1, 1, 1, 6, 1000, 4;
1, 256, 0, 0, 0, 0, 4, 999, 2;
1, 256, 0, 0, 0, 0, 4, 999, 2;
1, 256, 0, 0, 0, 0, 5, 1000, 3;
1, 256, 1, 1, 1, 1, 6, 1001, 4;
1, 256, 1, 1, 1, 1, 6, 1001, 4;
1, 256, 0, 0, 0, 0, 5, 1000, 3;
1, 256, 0, 0, 0, 0, 4, 999, 2;
1, 256, 0, 0, 0, 0, 5, 1000, 3;
1, 256, 0, 0, 0, 0, 4, 999, 2;
1, 256, 0, 0, 0, 0, 5, 1000, 3;
1, 256, 0, 0, 0, 0, 4, 999, 2;
1, 256, 0, 0, 0, 0, 4, 999, 2;
1, 256, 0, -1, -1, -1, 4, 998, 1;
1, 256, 0, 1, 1, 1, 5, 1000, 3;
1, 256, 0, 0, 0, 0, 4, 999, 2;
1, 256, 0, 1, 1, 1, 5, 1000, 3;
1, 256, 0, -1, -1, -1, 4, 999, 2;
1, 256, 0, 0, 0, 0, 5, 1000, 3;
1, 256, 1, 1, 1, 1, 5, 1000, 3;
1, 256, 0, 0, 0, 0, 5, 1000, 3;
1, 256, 0, 0, 0, 0, 5, 1000, 3;
1, 256, 0, 0, 0, 0, 4, 999, 2;
1, 256, 0, 0, 0, 0, 5, 1000, 3;
1, 256, 0, -1, -1, -1, 4, 998, 1;
1, 256, 0, 1, 1, 1, 5, 1000, 3;
1, 256, 1, 1, 1, 1, 6, 1001, 4;
1, 256, 0, 0, 0, 0, 5, 999, 3;
1, 256, 0, 0, 0, 0, 4, 999, 2;
1, 256, 0, 0, 0, 0, 4, 999, 2;
1, 256, 1, 1, 1, 1, 6, 1001, 4;
1, 256, 0, 0, 0, 0, 5, 999, 2;
1, 256, 1, 1, 1, 1, 6, 1001, 4;
1, 256, 0, 0, 0, 0, 4, 999, 2;
1, 256, 0, 0, 0, 0, 5, 1000, 3;
1, 256, 1, 1, 1, 1, 6, 1000, 3;
1, 256, 0, 0, 0, 0, 4, 999, 2;
1, 256, 0, 0, 0, 0, 4, 999, 2;
1, 256, 0, 0, 0, 0, 4, 999, 2;
0, 256, 0, -1, -1, -1, 3, 998, 1;
1, 256, 0, 0, 0, 0, 4, 999, 2;
1, 256, 0, -1, -1, -1, 4, 999, 2;
1, 256, 0, 0, 0, 0, 5, 1000, 3;
1, 256, 0, 0, 0, 0, 4, 999, 2;
1, 256, 0, -1, -1, -1, 4, 998, 2;
1, 256, 0, -1, -1, -1, 4, 999, 2;
1, 256, 0, -1, -1, -1, 4, 999, 2;
1, 256, 1, 1, 1, 1, 6, 1000, 3;
1, 256, 0, -1, -1, -1, 4, 999, 2;
1, 256, 0, 0, 0, 0, 5, 1000, 3;
1, 256, 0, 0, 0, 0, 4, 999, 2;
1, 256, 0, 0, 0, 0, 4, 999, 2;
1, 256, 1, 1, 1, 1, 6, 1001, 4;
1, 256, 1, 1, 1, 1, 6, 1001, 4;
1, 256, 0, 1, 1, 1, 5, 1000, 3;
1, 256, 0, -1, -1, -1, 3, 998, 1;
1, 256, 0, 0, 0, 0, 4, 999, 2;
1, 256, 0, 1, 1, 1, 5, 1000, 3;
1, 256, 0, -1, -1, -1, 4, 999, 2;
1, 256, 0, -1, -1, -1, 3, 998, 1;
1, 256, 0, 0, 0, 0, 4, 999, 2;
1, 256, 0, 0, 0, 0, 4, 999, 2;
1, 256, 1, 1, 1, 1, 6, 1000, 3;
1, 256, 0, 0, 0, 0, 5, 1000, 3;
1, 256, 0, 1, 1, 1, 5, 1000, 3;
1, 256, 0, 0, 0, 0, 4, 999, 2;
1, 256, 0, -1, -1, -1, 4, 999, 2;
1, 256, 0, 0, 0, 0, 4, 999, 2;
1, 256, 0, 0, 0, 0, 4, 999, 2;
1, 256, 1, 1, 1, 1, 6, 1000, 3;
1, 256, 1, 1, 1, 1, 6, 1000, 4;
1, 256, 0, -1, -1, -1, 4, 998, 1;
1, 256, 0, 0, 0, 0, 4, 999, 2;
1, 256, 0, 1, 1, 1, 5, 1000, 3;
1, 256, 0, 1, 1, 1, 5, 1000, 3;
1, 256, 0, -1, -1, -1, 4, 999, 2;
0, 256, 0, -1, -1, -1, 3, 998, 1;
1, 256, 0, 0, 0, 0, 5, 1000, 3;
1, 256, 0, 0, 0, 0, 4, 999, 2;
1, 256, 0, -1, -1, -1, 3, 998, 1;
1, 256, 0, 0, 0, 0, 4, 999, 2;
1, 256, 0, 0, 0, 0, 5, 1000, 3;
1, 256, 0, -1, -1, -1, 4, 999, 2;
1, 256, 1, 1, 1, 1, 6, 1001, 4;
1, 256, 0, -1, -1, -1, 4, 999, 2;
1, 256, 0, 0, 0, 0, 5, 1000, 3;
1, 256, 0, -1, -1, -1, 4, 999, 2;
1, 256, 0, 0, 0, 0, 5, 1000, 3;
1, 256, 0, 0, 0, 0, 5, 1000, 3;
1, 256, 1, 1, 1, 1, 6, 1000, 3;
1, 256, 0, 0, 0, 0, 5, 999, 3;
1, 256, 0, -1, -1, -1, 4, 999, 2;
1, 256, 0, 0, 0, 0, 5, 1000, 3;
1, 256, 0, 0, 0, 0, 5, 1000, 3;
1, 256, 0, 0, 0, 0, 5, 1000, 3;
1, 256, 0, 0, 0, 0, 5, 1000, 3;
1, 256, 0, 0, 0, 0, 4, 999, 2;
1, 256, 0, 0, 0, 0, 5, 999, 3;
1, 256, 0, 0, 0, 0, 4, 999, 2;
1, 256, 1, 1, 1, 1, 6, 1001, 4;
1, 256, 0, -1, -1, -1, 4, 999, 2;
1, 256, 0, 0, 0, 0, 4, 999, 2;
1, 256, 0, -1, -1, -1, 3, 998, 1;
1, 256, 0, 0, 0, 0, 4, 999, 2;
1, 256, 0, -1, -1, -1, 4, 999, 2;
1, 256, 0, -1, -1, -1, 3, 998, 1;
1, 256, 1, 1, 1, 1, 5, 1000, 3;
1, 256, 0, 1, 1, 1, 5, 1000, 3;
1, 256, 0, 0, 0, 0, 5, 1000, 3;
1, 256, 1, 1, 1, 1, 6, 1001, 4;
1, 256, 1, 1, 1, 1, 6, 1001, 4;
1, 256, 0, 1, 1, 1, 5, 1000, 3;
1, 256, 1, 1, 1, 1, 6, 1001, 4;
1, 256, 1, 1, 1, 1, 6, 1001, 4;
1, 256, 0, 0, 0, 0, 5, 1000, 3;
1, 256, 0, 1, 1, 1, 5, 1000, 3;
1, 256, 0, -1, -1, -1, 4, 999, 2;
1, 256, 0, -1, -1, -1, 4, 999, 2;
1, 256, 0, 0, 0, 0, 5, 1000, 3;
1, 256, 1, 1, 1, 1, 6, 1000, 3;
1, 256, 0, 0, 0, 0, 5, 1000, 3;
1, 256, 0, 0, 0, 0, 4, 999, 2;
1, 256, 0, 1, 1, 1, 5, 1000, 3;
1, 256, 0, 0, 0, 0, 5, 1000, 3;
1, 256, 0, 0, 0, 0, 5, 1000, 3;
1, 256, 1, 1, 1, 1, 6, 1001, 4;
1, 256, 0, 0, 0, 0, 4, 999, 2;
1, 256, 0, -1, -1, -1, 4, 999, 2;
1, 256, 0, -1, -1, -1, 3, 998, 1;
1, 256, 0, 0, 0, 0, 5, 1000, 3;
1, 256, 0, -1, -1, -1, 4, 999, 2;
1, 256, 0, 0, 0, 0, 4, 999, 2;
1, 256, 1, 1, 1, 1, 6, 1000, 4;
1, 256, 0, 1, 1, 1, 5, 1000, 3;
1, 256, 0, -1, -1, -1, 4, 999, 2;
1, 256, 0, 0, 0, 0, 5, 1000, 3;
1, 256, 0, 0, 0, 0, 5, 1000, 3;
1, 256, 0, 0, 0, 0, 5, 999, 3;
1, 256, 0, -1, -1, -1, 4, 999, 2;
1, 256, 0, 0, 0, 0, 5, 1000, 3;
1, 256, 0, -1, -1, -1, 4, 999, 2;
1, 256, 0, 0, 0, 0, 5, 1000, 3;
1, 256, 0, 0, 0, 0, 4, 999, 2;
1, 256, 0, 0, 0, 0, 4, 999, 2;
1, 256, 0, 0, 0, 0, 5, 1000, 3;
1, 256, 0, 0, 0, 0, 4, 999, 2;
1, 256, 0, 1, 1, 1, 5, 1000, 3;
1, 256, 0, 0, 0, 0, 5, 1000, 3;
1, 256, 0, 1, 1, 1, 5, 1000, 3;
1, 256, 0, 0, 0, 0, 5, 1000, 3;
1, 256, 1, 1, 1, 1, 5, 1000, 3;
1, 256, 0, 0, 0, 0, 4, 999, 2;
1, 256, 0, 0, 0, 0, 5, 1000, 3;
1, 256, 0, -1, -1, -1, 4, 999, 2;
1, 256, 0, 0, 0, 0, 4, 999, 2;
1, 256, 0, 0, 0, 0, 5, 1000, 3;
1, 256, 0, -1, -1, -1, 4, 999, 2;
1, 256, 0, 0, 0, 0, 5, 1000, 3;
1, 256, 0, 0, 0, 0, 4, 999, 2;
1, 256, 0, 0, 0, 0, 4, 999, 2;
1, 256, 0, 0, 0, 0, 5, 1000, 3;
1, 256, 0, 1, 1, 1, 5, 1000, 3;
1, 256, 1, 1, 1, 1, 6, 1000, 4;
1, 256, 0, -1, -1, -1, 4, 999, 2;
1, 256, 0, 0, 0, 0, 4, 999, 2;
1, 256, 0, 0, 0, 0, 5, 1000, 3;
1, 256, 0, 0, 0, 0, 5, 1000, 3;
1, 256, 0, -1, -1, -1, 4, 999, 2;
1, 256, 0, 0, 0, 0, 5, 1000, 3;
1, 256, 0, 0, 0, 0, 4, 999, 2;
1, 256, 0, 0, 0, 0, 5, 1000, 3;
1, 256, 0, 0, 0, 0, 5, 1000, 3;
1, 256, 0, 0, 0, 0, 5, 1000, 3;
1, 256, 1, 1, 1, 1, 6, 1001, 4;
1, 256, 1, 1, 1, 1, 6, 1000, 3;
1, 256, 0, -1, -1, -1, 4, 999, 2;
1, 256, 0, -1, -1, -1, 3, 998, 1;
1, 256, 0, 0, 0, 0, 5, 1000, 3;
1, 256, 1, 1, 1, 1, 6, 1000, 3;
1, 256, 0, -1, -1, -1, 4, 999, 2;
1, 256, 0, 0, 0, 0, 4, 999, 2;
1, 256, 0, 0, 0, 0, 4, 999, 2;
1, 256, 0, 0, 0, 0, 4, 999, 2;
1, 256, 0, 0, 0, 0, 5, 999, 3;
1, 256, 1, 1, 1, 1, 6, 1001, 4;
1, 256, 0, -1, -1, -1, 4, 999, 2;
1, 256, 0, 1, 1, 1, 5, 1000, 3;
1, 256, 0, 0, 0, 0, 5, 1000, 3;
1, 256, 0, 0, 0, 0, 4, 999, 2;
1, 256, 1, 1, 1, 1, 6, 1001, 4;
1, 256, 0, 0, 0, 0, 5, 1000, 3;
1, 256, 0, 0, 0, 0, 5, 999, 2;
1, 256, 1, 1, 1, 1, 6, 1001, 4;
1, 256, 0, 0, 0, 0, 4, 999, 2;
1, 256, 0, -1, -1, -1, 4, 999, 2;
1, 256, 0, 0, 0, 0, 5, 1000, 3;
1, 256, 0, -1, -1, -1, 4, 999, 2;
1, 256, 0, -1, -1, -1, 3, 998, 1;
1, 256, 1, 1, 1, 1, 6, 1001, 4;
1, 256, 0, 0, 0, 0, 5, 1000, 3;
1, 256, 0, -1, -1, -1, 3, 998, 1;
0, 256, 0, -1, -1, -1, 3, 998, 1;
1, 256, 0, -1, -1, -1, 4, 999, 2;
1, 256, 0, -1, -1, -1, 4, 999, 2;
1, 256, 0, 0, 0, 0, 5, 1000, 3;
1, 256, 0, -1, -1, -1, 4, 999, 2;
1, 256, 0, -1, -1, -1, 4, 999, 2;
1, 256, 0, 0, 0, 0, 4, 999, 2;
1, 256, 0, 0, 0, 0, 4, 999, 2;
1, 256, 0, 0, 0, 0, 5, 1000, 3;
1, 256, 0, 0, 0, 0, 5, 1000, 3;
1, 256, 0, 0, 0, 0, 4, 999, 2;
1, 256, 1, 1, 1, 1, 5, 1000, 3;
1, 256, 0, 1, 1, 1, 5, 1000, 3;
1, 256, 1, 1, 1, 1, 6, 1001, 4;
1, 256, 0, -1, -1, -1, 4, 999, 2;
1, 256, 0, 0, 0, 0, 4, 999, 2;
1, 256, 0, -1, -1, -1, 4, 999, 2;
1, 256, 0, 1, 1, 1, 5, 1000, 3;
1, 256, 0, 0, 0, 0, 5, 1000, 3;
1, 256, 1, 1, 1, 1, 6, 1001, 4;
1, 256, 0, 0, 0, 0, 5, 1000, 3;
1, 256, 0, 1, 1, 1, 5, 1000, 3;
1, 256, 1, 1, 1, 1, 6, 1001, 4;
1, 256, 0, 1, 1, 1, 5, 1000, 3;
1, 256, 0, -1, -1, -1, 4, 999, 2;
1, 256, 0, 0, 0, 0, 4, 999, 2;
1, 256, 1, 1, 1, 1, 5, 1000, 3;
1, 256, 0, 0, 0, 0, 4, 999, 2;
1, 256, 0, 0, 0, 0, 4, 999, 2;
1, 256, 0, -1, -1, -1, 4, 999, 2;
1, 256, 0, 0, 0, 0, 4, 999, 2;
1, 256, 0, 0, 0, 0, 5, 999, 2;
1, 256, 0, 0, 0, 0, 5, 1000, 3;
1, 256, 0, 0, 0, 0, 4, 999, 2;
1, 256, 1, 1, 1, 1, 6, 1001, 4;
1, 256, 0, -1, -1, -1, 4, 998, 1;
1, 256, 1, 1, 1, 1, 6, 1000, 3;
1, 256, 1, 1, 1, 1, 6, 1001, 4;
1, 256, 0, 0, 0, 0, 4, 999, 2;
1, 256, 0, -1, -1, -1, 4, 999, 2;
1, 256, 0, -1, -1, -1, 4, 999, 2;
1, 256, 0, 0, 0, 0, 5, 1000, 3;
1, 256, 0, 0, 0, 0, 4, 999, 2;
1, 256, 0, -1, -1, -1, 4, 999, 2;
1, 256, 0, 0, 0, 0, 5, 1000, 3;
1, 256, 0, -1, -1, -1, 4, 999, 2;
1, 256, 0, -1, -1, -1, 4, 998, 1;
1, 256, 0, 0, 0, 0, 5, 1000, 3;
1, 256, 0, -1, -1, -1, 3, 998, 1;
1, 256, 0, 0, 0, 0, 4, 999, 2;
1, 256, 0, 0, 0, 0, 4, 999, 2;
1, 256, 0, 0, 0, 0, 5, 1000, 3;
1, 256, 0, 0, 0, 0, 4, 999, 2;
1, 256, 0, 0, 0, 0, 5, 1000, 3;
1, 256, 0, -1, -1, -1, 4, 999, 2;
1, 256, 0, 0, 0, 0, 5, 1000, 3;
1, 256, 0, 0, 0, 0, 5, 1000, 3;
1, 256, 0, 0, 0, 0, 4, 999, 2;
1, 256, 0, 0, 0, 0, 5, 1000, 3;
1, 256, 0, 0, 0, 0, 5, 1000, 3;
1, 256, 0, 0, 0, 0, 5, 999, 3;
1, 256, 0, 0, 0, 0, 5, 1000, 3;
1, 256, 0, 0, 0, 0, 5, 1000, 3;
1, 256, 1, 1, 1, 1, 6, 1000, 3;
1, 256, 0, 0, 0, 0, 5, 1000, 3;
1, 256, 0, 0, 0, 0, 5, 1000, 3;
1, 256, 0, 1, 1, 1, 5, 1000, 3;
1, 256, 0, -1, -1, -1, 4, 999, 2;
1, 256, 0, 0, 0, 0, 5, 1000, 3;
1, 256, 0, 1, 1, 1, 5, 1000, 3;
1, 256, 0, -1, -1, -1, 4, 999, 2;
1, 256, 0, -1, -1, -1, 4, 998, 1;
1, 256, 0, 0, 0, 0, 5, 999, 2;
1, 256, 1, 1, 1, 1, 6, 1000, 4;
1, 256, 0, 0, 0, 0, 4, 999, 2;
1, 256, 0, 0, 0, 0, 5, 1000, 3;
1, 256, 0, -1, -1, -1, 4, 999, 2;
1, 256, 0, -1, -1, -1, 3, 998, 1;
1, 256, 1, 1, 1, 1, 6, 1001, 4;
1, 256, 0, -1, -1, -1, 4, 999, 2;
1, 256, 1, 1, 1, 1, 6, 1001, 4;
1, 256, 0, 0, 0, 0, 5, 999, 3;
1, 256, 0, 0, 0, 0, 5, 1000, 3;
1, 256, 0, 0, 0, 0, 4, 999, 2;
1, 256, 0, 0, 0, 0, 4, 999, 2;
1, 256, 0, -1, -1, -1, 4, 999, 2;
1, 256, 0, -1, -1, -1, 4, 998, 1;
1, 256, 0, 0, 0, 0, 5, 1000, 3;
1, 256, 0, 0, 0, 0, 4, 999, 2;
1, 256, 1, 1, 1, 1, 6, 1001, 4;
1, 256, 1, 1, 1, 1, 6, 1000, 3;
1, 256, 0, 1, 1, 1, 5, 1000, 3;
1, 256, 0, -1, -1, -1, 3, 998, 1;
0, 256, 0, -1, -1, -1, 3, 998, 1;
1, 256, 0, 0, 0, 0, 5, 1000, 3;
1, 256, 1, 1, 1, 1, 6, 1001, 4;
1, 256, 0, 0, 0, 0, 5, 1000, 3;
1, 256, 0, -1, -1, -1, 4, 999, 2;
0, 256, 0, -1, -1, -1, 3, 998, 1;
1, 256, 0, 0, 0, 0, 4, 999, 2;
1, 256, 1, 1, 1, 1, 6, 1000, 4;
1, 256, 1, 1, 1, 1, 5, 1000, 3;
1, 256, 1, 1, 1, 1, 6, 1001, 4;
1, 256, 0, -1, -1, -1, 3, 998, 1;
1, 256, 0, 0, 0, 0, 5, 1000, 3;
1, 256, 0, 0, 0, 0, 5, 1000, 3;
1, 256, 0, 0, 0, 0, 4, 999, 2;
1, 256, 0, -1, -1, -1, 4, 998, 2;
1, 256, 0, -1, -1, -1, 4, 999, 2;
1, 256, 0, -1, -1, -1, 4, 999, 2;
1, 256, 0, 0, 0, 0, 5, 1000, 3;
1, 256, 0, 0, 0, 0, 5, 1000, 3;
1, 256, 0, 0, 0, 0, 4, 999, 2;
1, 256, 0, 0, 0, 0, 4, 999, 2;
1, 256, 0, 0, 0, 0, 4, 999, 2;
1, 256, 1, 1, 1, 1, 6, 1001, 4;
1, 256, 0, 0, 0, 0, 4, 999, 2;
1, 256, 0, -1, -1, -1, 4, 998, 2;
1, 256, 0, -1, -1, -1, 4, 998, 1;
1, 256, 1, 1, 1, 1, 5, 1000, 3;
1, 256, 0, 0, 0, 0, 4, 999, 2;
1, 256, 1, 1, 1, 1, 6, 1000, 3;
1, 256, 0, 1, 1, 1, 5, 1000, 3;
1, 256, 1, 1, 1, 1, 6, 1001, 4;
1, 256, 0, 0, 0, 0, 4, 999, 2;
1, 256, 0, 0, 0, 0, 4, 999, 2;
1, 256, 0, 0, 0, 0, 4, 999, 2;
1, 256, 0, 0, 0, 0, 5, 1000, 3;
1, 256, 0, 1, 1, 1, 5, 1000, 3;
1, 256, 1, 1, 1, 1, 6, 1001, 4;
1, 256, 0, -1, -1, -1, 3, 998, 1;
1, 256, 0, 0, 0, 0, 5, 1000, 3;
1, 256, 0, -1, -1, -1, 4, 999, 2;
1, 256, 1, 1, 1, 1, 6, 1001, 4;
1, 256, 0, 0, 0, 0, 5, 1000, 3;
1, 256, 0, 0, 0, 0, 5, 1000, 3;
1, 256, 0, 0, 0, 0, 5, 1000, 3;
1, 256, 0, 0, 0, 0, 4, 999, 2;
1, 256, 0, 0, 0, 0, 5, 999, 2;
1, 256, 0, 0, 0, 0, 5, 1000, 3;
1, 256, 0, 0, 0, 0, 4, 999, 2;
1, 256, 0, 0, 0, 0, 5, 999, 2;
1, 256, 0, -1, -1, -1, 3, 998, 1;
1, 256, 0, 0, 0, 0, 5, 1000, 3;
1, 256, 0, -1, -1, -1, 4, 999, 2;
1, 256, 0, 0, 0, 0, 5, 1000, 3;
1, 256, 0, -1, -1, -1, 4, 999, 2;
1, 256, 0, -1, -1, -1, 4, 999, 2;
1, 256, 0, 0, 0, 0, 4, 999, 2;
1, 256, 0, -1, -1, -1, 4, 999, 2;
1, 256, 0, -1, -1, -1, 4, 998, 2;
1, 256, 0, 0, 0, 0, 4, 999, 2;
1, 256, 0, -1, -1, -1, 4, 999, 2;
1, 256, 0, 1, 1, 1, 5, 1000, 3;
1, 256, 0, 0, 0, 0, 4, 999, 2;
1, 256, 0, 1, 1, 1, 5, 1000, 3;
1, 256, 0, 1, 1, 1, 5, 1000, 3;
1, 256, 0, 0, 0, 0, 5, 1000, 3;
1, 256, 0, 0, 0, 0, 5, 1000, 3;
1, 256, 0, -1, -1, -1, 4, 998, 1;
1, 256, 0, 0, 0, 0, 5, 1000, 3;
1, 256, 1, 1, 1, 1, 6, 1001, 4;
1, 256, 0, 0, 0, 0, 5, 1000, 3;
1, 256, 1, 1, 1, 1, 5, 1000, 3;
1, 256, 0, -1, -1, -1, 3, 998, 1;
1, 256, 0, 0, 0, 0, 4, 999, 2;
1, 256, 0, 0, 0, 0, 4, 999, 2;
1, 256, 0, 0, 0, 0, 5, 1000, 3;
1, 256, 0, -1, -1, -1, 3, 998, 1;
1, 256, 0, 0, 0, 0, 5, 1000, 3;
1, 256, 0, -1, -1, -1, 4, 999, 2;
1, 256, 0, -1, -1, -1, 4, 999, 2;
1, 256, 0, 0, 0, 0, 4, 999, 2;
1, 256, 0, -1, -1, -1, 4, 998, 1;
1, 256, 0, -1, -1, -1, 4, 999, 2;
1, 256, 1, 1, 1, 1, 6, 1000, 4;
1, 256, 0, 0, 0, 0, 5, 1000, 3;
1, 256, 0, 0, 0, 0, 5, 1000, 3;
1, 256, 0, -1, -1, -1, 4, 999, 2;
1, 256, 1, 1, 1, 1, 6, 1001, 4;
1, 256, 1, 1, 1, 1, 6, 1001, 4;
1, 256, 0, 0, 0, 0, 4, 999, 2;
1, 256, 0, 0, 0, 0, 4, 999, 2;
1, 256, 0, 0, 0, 0, 5, 1000, 3;
1, 256, 0, 1, 1, 1, 5, 1000, 3;
1, 256, 0, 0, 0, 0, 4, 999, 2;
1, 256, 0, -1, -1, -1, 4, 999, 2;
1, 256, 0, 0, 0, 0, 5, 1000, 3;
1, 256, 0, -1, -1, -1, 4, 998, 1;
0, 256, 0, -1, -1, -1, 3, 998, 1;
1, 256, 1, 1, 1, 1, 6, 1001, 4;
1, 256, 1, 1, 1, 1, 6, 1001, 4;
1, 256, 0, 0, 0, 0, 4, 999, 2;
1, 256, 0, -1, -1, -1, 3, 998, 1;
1, 256, 0, 0, 0, 0, 5, 1000, 3;
1, 256, 0, -1, -1, -1, 4, 999, 2;
1, 256, 0, 0, 0, 0, 4, 999, 2;
1, 256, 0, 0, 0, 0, 4, 999, 2;
1, 256, 0, 0, 0, 0, 5, 1000, 3;
1, 256, 0, 0, 0, 0, 4, 999, 2;
1, 256, 0, 0, 0, 0, 4, 999, 2;
1, 256, 0, 0, 0, 0, 5, 1000, 3;
1, 256, 0, 0, 0, 0, 4, 999, 2;
1, 256, 0, -1, -1, -1, 3, 998, 1;
1, 256, 0, 0, 0, 0, 4, 999, 2;
1, 256, 0, 1, 1, 1, 5, 1000, 3;
1, 256, 1, 1, 1, 1, 6, 1001, 4;
1, 256, 0, 1, 1, 1, 5, 1000, 3;
1, 256, 0, 0, 0, 0, 4, 999, 2;
1, 256, 0, 0, 0, 0, 5, 1000, 3;
1, 256, 0, -1, -1, -1, 4, 999, 2;
1, 256, 0, 0, 0, 0, 5, 1000, 3;
1, 256, 0, 0, 0, 0, 5, 1000, 3;
1, 256, 0, -1, -1, -1, 3, 998, 1;
1, 256, 0, 0, 0, 0, 4, 999, 2;
1, 256, 0, 0, 0, 0, 5, 1000, 3;
1, 256, 0, 0, 0, 0, 5, 1000, 3;
1, 256, 0, 0, 0, 0, 5, 1000, 3;
1, 256, 0, 0, 0, 0, 5, 1000, 3;
1, 256, 0, -1, -1, -1, 3, 998, 1;
1, 256, 0, 0, 0, 0, 5, 1000, 3;
1, 256, 0, 0, 0, 0, 4, 999, 2;
1, 256, 0, -1, -1, -1, 4, 999, 2;
1, 256, 0, -1, -1, -1, 4, 999, 2;
1, 256, 0, 0, 0, 0, 4, 999, 2;
1, 256, 0, 0, 0, 0, 5, 1000, 3;
1, 256, 1, 1, 1, 1, 6, 1001, 4;
1, 256, 0, 1, 1, 1, 5, 1000, 3;
1, 256, 0, 1, 1, 1, 5, 1000, 3;
1, 256, 0, 0, 0, 0, 5, 1000, 3;
1, 256, 0, 0, 0, 0, 5, 1000, 3;
1, 256, 0, -1, -1, -1, 4, 999, 2;
1, 256, 0, 0, 0, 0, 4, 999, 2;
1, 256, 0, -1, -1, -1, 4, 999, 2;
1, 256, 0, 0, 0, 0, 5, 1000, 3;
1, 256, 1, 1, 1, 1, 6, 1000, 4;
1, 256, 0, 0, 0, 0, 5, 1000, 3;
1, 256, 0, -1, -1, -1, 4, 999, 2;
1, 256, 0, -1, -1, -1, 4, 999, 2;
1, 256, 0, -1, -1, -1, 3, 998, 1;
1, 256, 0, 1, 1, 1, 5, 1000, 3;
1, 256, 0, 0, 0, 0, 5, 999, 2;
1, 256, 0, -1, -1, -1, 4, 999, 2;
1, 256, 1, 1, 1, 1, 5, 1000, 3;
1, 256, 0, 0, 0, 0, 5, 999, 2;
1, 256, 0, 0, 0, 0, 5, 1000, 3;
1, 256, 0, 0, 0, 0, 4, 999, 2;
1, 256, 0, 0, 0, 0, 5, 1000, 3;
1, 256, 0, -1, -1, -1, 4, 998, 1;
1, 256, 1, 1, 1, 1, 6, 1000, 3;
1, 256, 0, 1, 1, 1, 5, 1000, 3;
1, 256, 0, 0, 0, 0, 4, 999, 2;
1, 256, 0, -1, -1, -1, 4, 999, 2;
1, 256, 0, -1, -1, -1, 4, 999, 2;
1, 256, 0, 0, 0, 0, 5, 1000, 3;
1, 256, 0, 0, 0, 0, 5, 1000, 3;
1, 256, 0, -1, -1, -1, 4, 999, 2;
1, 256, 0, 0, 0, 0, 4, 999, 2;
1, 256, 0, 0, 0, 0, 4, 999, 2;
1, 256, 0, 0, 0, 0, 5, 1000, 3;
1, 256, 0, 0, 0, 0, 5, 1000, 3;
1, 256, 0, -1, -1, -1, 4, 998, 2;
1, 256, 0, -1, -1, -1, 4, 999, 2;
1, 256, 0, -1, -1, -1, 4, 999, 2;
1, 256, 0, 0, 0, 0, 4, 999, 2;
1, 256, 0, -1, -1, -1, 4, 999, 2;
1, 256, 0, 0, 0, 0, 4, 999, 2;
1, 256, 0, -1, -1, -1, 3, 998, 1;
1, 256, 0, 0, 0, 0, 4, 999, 2;
1, 256, 0, 0, 0, 0, 4, 999, 2;
1, 256, 0, -1, -1, -1, 4, 999, 2;
1, 256, 0, 0, 0, 0, 5, 1000, 3;
1, 256, 0, 0, 0, 0, 5, 1000, 3;
1, 256, 0, 0, 0, 0, 4, 999, 2;
1, 256, 1, 1, 1, 1, 6, 1001, 4;
1, 256, 0, -1, -1, -1, 3, 998, 1;
1, 256, 0, 0, 0, 0, 5, 1000, 3;
1, 256, 1, 1, 1, 1, 6, 1000, 4;
1, 256, 0, 0, 0, 0, 5, 1000, 3;
1, 256, 0, 0, 0, 0, 5, 1000, 3;
1, 256, 0, 0, 0, 0, 4, 999, 2;
1, 256, 0, 0, 0, 0, 4, 999, 2;
1, 256, 0, -1, -1, -1, 4, 998, 2;
1, 256, 0, -1, -1, -1, 3, 998, 1;
1, 256, 0, 1, 1, 1, 5, 1000, 3;
1, 256, 0, -1, -1, -1, 4, 999, 2;
1, 256, 1, 1, 1, 1, 6, 1001, 4;
1, 256, 0, 0, 0, 0, 4, 999, 2;
1, 256, 0, 0, 0, 0, 4, 999, 2;
1, 256, 0, 0, 0, 0, 5, 1000, 3;
1, 256, 1, 1, 1, 1, 6, 1001, 4;
1, 256, 0, 0, 0, 0, 4, 999, 2;
1, 256, 0, 0, 0, 0, 5, 999, 2;
1, 256, 1, 1, 1, 1, 6, 1000, 3;
1, 256, 0, 0, 0, 0, 5, 1000, 3;
1, 256, 0, 0, 0, 0, 5, 1000, 3;
1, 256, 0, -1, -1, -1, 3, 998, 1;
1, 256, 0, 0, 0, 0, 4, 999, 2;
1, 256, 0, 0, 0, 0, 4, 999, 2;
1, 256, 0, 0, 0, 0, 4, 999, 2;
1, 256, 0, 0, 0, 0, 5, 1000, 3;
1, 256, 0, 0, 0, 0, 4, 999, 2;
1, 256, 0, 0, 0, 0, 5, 1000, 3;
1, 256, 0, 0, 0, 0, 4, 999, 2;
1, 256, 1, 1, 1, 1, 6, 1000, 3;
1, 256, 0, -1, -1, -1, 4, 999, 2;
1, 256, 0, -1, -1, -1, 3, 998, 1;
1, 256, 1, 1, 1, 1, 6, 1000, 3;
1, 256, 0, 0, 0, 0, 4, 999, 2;
1, 256, 1, 1, 1, 1, 6, 1000, 4;
1, 256, 0, 0, 0, 0, 5, 1000, 3;
1, 256, 1, 1, 1, 1, 6, 1001, 4;
1, 256, 0, 0, 0, 0, 5, 1000, 3;
1, 256, 0, -1, -1, -1, 3, 998, 1;
1, 256, 0, 0, 0, 0, 4, 999, 2;
1, 256, 0, 0, 0, 0, 5, 1000, 3;
1, 256, 0, -1, -1, -1, 3, 998, 1;
1, 256, 0, 0, 0, 0, 5, 999, 2;
1, 256, 1, 1, 1, 1, 5, 1000, 3;
1, 256, 0, 0, 0, 0, 4, 999, 2;
1, 256, 0, 1, 1, 1, 5, 1000, 3;
1, 256, 0, 0, 0, 0, 5, 1000, 3;
1, 256, 1, 1, 1, 1, 6, 1001, 4;
1, 256, 0, 0, 0, 0, 5, 1000, 3;
1, 256, 0, 0, 0, 0, 5, 1000, 3;
1, 256, 0, -1, -1, -1, 4, 999, 2;
1, 256, 0, -1, -1, -1, 4, 999, 2;
1, 256, 0, -1, -1, -1, 4, 999, 2;
1, 256, 0, -1, -1, -1, 4, 999, 2;
1, 256, 0, 0, 0, 0, 5, 1000, 3;
1, 256, 0, 0, 0, 0, 5, 1000, 3;
1, 256, 0, -1, -1, -1, 4, 999, 2;
1, 256, 0, 0, 0, 0, 4, 999, 2;
1, 256, 1, 1, 1, 1, 6, 1001, 4;
1, 256, 0, 0, 0, 0, 5, 1000, 3;
1, 256, 0, 0, 0, 0, 4, 999, 2;
1, 256, 0, 0, 0, 0, 5, 1000, 3;
1, 256, 0, 0, 0, 0, 4, 999, 2;
1, 256, 0, 1, 1, 1, 5, 1000, 3;
1, 256, 0, 0, 0, 0, 5, 1000, 3;
1, 256, 0, 0, 0, 0, 4, 999, 2;
1, 256, 1, 1, 1, 1, 6, 1001, 4;
1, 256, 0, 0, 0, 0, 5, 1000, 3;
1, 256, 0, 1, 1, 1, 5, 1000, 3;
1, 256, 0, -1, -1, -1, 3, 998, 1;
1, 256, 0, -1, -1, -1, 4, 999, 2;
1, 256, 0, 0, 0, 0, 5, 1000, 3;
1, 256, 1, 1, 1, 1, 6, 1001, 4;
1, 256, 0, 0, 0, 0, 5, 1000, 3;
1, 256, 1, 1, 1, 1, 6, 1001, 4;
1, 256, 0, -1, -1, -1, 4, 999, 2;
1, 256, 0, -1, -1, -1, 4, 998, 2;
1, 256, 1, 1, 1, 1, 6, 1000, 3;
1, 256, 0, 0, 0, 0, 4, 999, 2;
1, 256, 0, 0, 0, 0, 5, 1000, 3;
1, 256, 0, 1, 1, 1, 5, 1000, 3;
1, 256, 0, -1, -1, -1, 4, 999, 2;
1, 256, 0, -1, -1, -1, 4, 999, 2;
1, 256, 0, 0, 0, 0, 5, 1000, 3;
1, 256, 1, 1, 1, 1, 6, 1001, 4;
1, 256, 0, 1, 1, 1, 5, 1000, 3;
1, 256, 0, 0, 0, 0, 5, 1000, 3;
1, 256, 0, -1, -1, -1, 4, 999, 2;
1, 256, 0, 0, 0, 0, 5, 1000, 3;
1, 256, 1, 1, 1, 1, 5, 1000, 3;
1, 256, 0, 0, 0, 0, 5, 999, 2;
1, 256, 0, 0, 0, 0, 4, 999, 2;
1, 256, 1, 1, 1, 1, 6, 1001, 4;
1, 256, 1, 1, 1, 1, 6, 1000, 4;
1, 256, 0, 0, 0, 0, 5, 999, 3;
1, 256, 0, 0, 0, 0, 4, 999, 2;
1, 256, 0, 0, 0, 0, 5, 1000, 3;
1, 256, 1, 1, 1, 1, 5, 1000, 3;
1, 256, 1, 1, 1, 1, 6, 1000, 4;
1, 256, 0, 0, 0, 0, 4, 999, 2;
1, 256, 1, 1, 1, 1, 6, 1000, 4;
1, 256, 0, 0, 0, 0, 4, 999, 2;
1, 256, 0, 1, 1, 1, 5, 1000, 3;
1, 256, 0, 0, 0, 0, 4, 999, 2;
1, 256, 1, 1, 1, 1, 6, 1001, 4;
1, 256, 0, 1, 1, 1, 5, 1000, 3;
1, 256, 0, 0, 0, 0, 5, 1000, 3;
1, 256, 1, 1, 1, 1, 6, 1001, 4;
1, 256, 0, 1, 1, 1, 5, 1000, 3;
1, 256, 0, 0, 0, 0, 4, 999, 2;
1, 256, 0, -1, -1, -1, 4, 998, 2;
1, 256, 0, 0, 0, 0, 4, 999, 2;
1, 256, 0, 1, 1, 1, 5, 1000, 3;
1, 256, 0, -1, -1, -1, 3, 998, 1;
1, 256, 0, -1, -1, -1, 4, 998, 1;
1, 256, 0, 0, 0, 0, 4, 999, 2;
1, 256, 0, 0, 0, 0, 4, 999, 2;
1, 256, 0, 1, 1, 1, 5, 1000, 3;
1, 256, 0, -1, -1, -1, 4, 998, 1;
1, 256, 0, 0, 0, 0, 5, 999, 3;
1, 256, 0, 1, 1, 1, 5, 1000, 3;
1, 256, 0, 0, 0, 0, 4, 999, 2;
1, 256, 1, 1, 1, 1, 6, 1001, 4;
1, 256, 0, -1, -1, -1, 4, 999, 2;
1, 256, 0, 0, 0, 0, 5, 1000, 3;
1, 256, 1, 1, 1, 1, 6, 1000, 4;
1, 256, 0, 0, 0, 0, 5, 1000, 3;
1, 256, 0, 1, 1, 1, 5, 1000, 3;
1, 256, 0, 0, 0, 0, 5, 1000, 3;
1, 256, 0, -1, -1, -1, 4, 999, 2;
1, 256, 1, 1, 1, 1, 6, 1001, 4;
1, 256, 0, 0, 0, 0, 4, 999, 2;
0, 256, 0, -1, -1, -1, 3, 998, 1;
1, 256, 0, -1, -1, -1, 4, 998, 2;
1, 256, 0, 1, 1, 1, 5, 1000, 3;
1, 256, 0, 0, 0, 0, 5, 999, 3;
1, 256, 0, 0, 0, 0, 5, 999, 3;
1, 256, 0, -1, -1, -1, 3, 998, 1;
1, 256, 0, 0, 0, 0, 5, 1000, 3;
1, 256, 0, 0, 0, 0, 5, 1000, 3;
1, 256, 1, 1, 1, 1, 5, 1000, 3;
1, 256, 0, -1, -1, -1, 4, 999, 2;
1, 256, 1, 1, 1, 1, 6, 1000, 4;
1, 256, 0, 0, 0, 0, 5, 1000, 3;
1, 256, 0, 0, 0, 0, 4, 999, 2;
1, 256, 0, 0, 0, 0, 5, 1000, 3;
1, 256, 0, -1, -1, -1, 3, 998, 1;
1, 256, 1, 1, 1, 1, 6, 1001, 4;
1, 256, 0, 0, 0, 0, 5, 1000, 3;
1, 256, 0, -1, -1, -1, 4, 999, 2;
1, 256, 0, 0, 0, 0, 5, 1000, 3;
1, 256, 0, 1, 1, 1, 5, 1000, 3;
1, 256, 1, 1, 1, 1, 6, 1001, 4;
1, 256, 0, 1, 1, 1, 5, 1000, 3;
1, 256, 0, 0, 0, 0, 5, 1000, 3;
1, 256, 0, 0, 0, 0, 5, 1000, 3;
1, 256, 0, 0, 0, 0, 4, 999, 2;
1, 256, 0, 0, 0, 0, 5, 1000, 3;
1, 256, 0, 1, 1, 1, 5, 1000, 3;
1, 256, 0, 0, 0, 0, 5, 1000, 3;
1, 256, 0, 0, 0, 0, 5, 1000, 3;
1, 256, 0, 0, 0, 0, 5, 1000, 3;
1, 256, 0, -1, -1, -1, 3, 998, 1;
1, 256, 0, -1, -1, -1, 4, 999, 2;
1, 256, 0, -1, -1, -1, 4, 998, 1;
1, 256, 0, 0, 0, 0, 4, 999, 2;
1, 256, 0, -1, -1, -1, 4, 998, 2;
1, 256, 0, 0, 0, 0, 5, 1000, 3;
1, 256, 0, -1, -1, -1, 3, 998, 1;
1, 256, 1, 1, 1, 1, 6, 1000, 4;
1, 256, 0, 0, 0, 0, 5, 999, 2;
1, 256, 0, -1, -1, -1, 4, 999, 2;
1, 256, 0, 0, 0, 0, 4, 999, 2;
1, 256, 0, 0, 0, 0, 4, 999, 2;
1, 256, 0, 0, 0, 0, 5, 1000, 3;
1, 256, 0, 0, 0, 0, 4, 999, 2;
1, 256, 0, -1, -1, -1, 4, 998, 2;
1, 256, 0, 0, 0, 0, 4, 999, 2;
1, 256, 0, 0, 0, 0, 4, 999, 2;
1, 256, 0, 1, 1, 1, 5, 1000, 3;
1, 256, 0, 0, 0, 0, 4, 999, 2;
1, 256, 0, 1, 1, 1, 5, 1000, 3;
1, 256, 0, 0, 0, 0, 5, 999, 3;
1, 256, 0, 0, 0, 0, 5, 1000, 3;
1, 256, 0, 0, 0, 0, 5, 1000, 3;
1, 256, 0, 0, 0, 0, 4, 999, 2;
1, 256, 0, 0, 0, 0, 4, 999, 2;
1, 256, 0, 0, 0, 0, 4, 999, 2;
1, 256, 0, 0, 0, 0, 4, 999, 2;
1, 256, 0, 1, 1, 1, 5, 1000, 3;
1, 256, 0, 0, 0, 0, 4, 999, 2;
1, 256, 0, 0, 0, 0, 4, 999, 2;
1, 256, 0, 0, 0, 0, 5, 1000, 3;
1, 256, 1, 1, 1, 1, 6, 1001, 4;
1, 256, 0, 0, 0, 0, 5, 1000, 3;
1, 256, 0, 0, 0, 0, 5, 1000, 3;
1, 256, 1, 1, 1, 1, 6, 1001, 4;
1, 256, 1, 1, 1, 1, 6, 1001, 4;
1, 256, 0, 1, 1, 1, 5, 1000, 3;
1, 256, 0, 0, 0, 0, 5, 1000, 3;
1, 256, 0, -1, -1, -1, 4, 999, 2;
1, 256, 0, 0, 0, 0, 5, 1000, 3;
1, 256, 1, 1, 1, 1, 6, 1001, 4;
1, 256, 0, 1, 1, 1, 5, 1000, 3;
1, 256, 0, -1, -1, -1, 3, 998, 1;
1, 256, 0, 0, 0, 0, 5, 1000, 3;
1, 256, 0, -1, -1, -1, 4, 999, 2;
1, 256, 0, -1, -1, -1, 4, 999, 2;
1, 256, 0, 0, 0, 0, 5, 1000, 3;
1, 256, 0, 0, 0, 0, 5, 999, 3;
1, 256, 0, 0, 0, 0, 5, 1000, 3;
1, 256, 0, -1, -1, -1, 4, 999, 2;
0, 256, 0, -1, -1, -1, 3, 998, 1;
0, 256, 0, -1, -1, -1, 3, 998, 1;
1, 256, 0, 0, 0, 0, 5, 1000, 3;
1, 256, 0, 0, 0, 0, 4, 999, 2;
1, 256, 0, 0, 0, 0, 5, 999, 2;
1, 256, 0, 1, 1, 1, 5, 1000, 3;
1, 256, 1, 1, 1, 1, 6, 1000, 4;
1, 256, 0, -1, -1, -1, 4, 999, 2;
0, 256, 0, -1, -1, -1, 3, 998, 1;
1, 256, 0, -1, -1, -1, 3, 998, 1;
1, 256, 0, 0, 0, 0, 5, 1000, 3;
1, 256, 0, 0, 0, 0, 5, 1000, 3;
1, 256, 0, -1, -1, -1, 4, 999, 2;
1, 256, 1, 1, 1, 1, 6, 1000, 4;
1, 256, 0, 0, 0, 0, 4, 999, 2;
1, 256, 1, 1, 1, 1, 6, 1001, 4;
1, 256, 0, -1, -1, -1, 4, 999, 2;
1, 256, 0, 0, 0, 0, 5, 1000, 3;
1, 256, 0, 0, 0, 0, 5, 1000, 3;
1, 256, 0, 0, 0, 0, 4, 999, 2;
0, 256, 0, -1, -1, -1, 3, 998, 1;
1, 256, 0, 1, 1, 1, 5, 1000, 3;
1, 256, 0, 1, 1, 1, 5, 1000, 3;
1, 256, 0, 0, 0, 0, 4, 999, 2;
1, 256, 0, -1, -1, -1, 4, 999, 2;
1, 256, 0, 1, 1, 1, 5, 1000, 3;
1, 256, 0, 0, 0, 0, 5, 1000, 3;
1, 256, 1, 1, 1, 1, 6, 1001, 4;
1, 256, 0, 0, 0, 0, 5, 999, 3;
1, 256, 1, 1, 1, 1, 6, 1001, 4;
1, 256, 1, 1, 1, 1, 6, 1000, 4;
1, 256, 0, 0, 0, 0, 5, 1000, 3;
0, 256, 0, -1, -1, -1, 3, 998, 1;
1, 256, 0, 0, 0, 0, 4, 999, 2;
1, 256, 0, 0, 0, 0, 5, 1000, 3;
1, 256, 0, 0, 0, 0, 5, 1000, 3;
1, 256, 0, -1, -1, -1, 3, 998, 1;
1, 256, 0, 0, 0, 0, 5, 1000, 3;
1, 256, 0, -1, -1, -1, 4, 999, 2;
1, 256, 1, 1, 1, 1, 5, 1000, 3;
1, 256, 1, 1, 1, 1, 6, 1001, 4;
1, 256, 0, 1, 1, 1, 5, 1000, 3;
1, 256, 1, 1, 1, 1, 6, 1001, 4;
1, 256, 0, 0, 0, 0, 4, 999, 2;
1, 256, 0, 0, 0, 0, 5, 1000, 3;
1, 256, 0, 0, 0, 0, 5, 1000, 3;
1, 256, 1, 1, 1, 1, 5, 1000, 3;
1, 256, 0, 0, 0, 0, 5, 1000, 3;
1, 256, 0, 0, 0, 0, 5, 1000, 3;
1, 256, 0, 0, 0, 0, 4, 999, 2;
1, 256, 0, -1, -1, -1, 4, 999, 2;
1, 256, 0, 1, 1, 1, 5, 1000, 3;
1, 256, 0, 0, 0, 0, 4, 999, 2;
1, 256, 1, 1, 1, 1, 6, 1001, 4;
1, 256, 0, 0, 0, 0, 5, 999, 3;
1, 256, 1, 1, 1, 1, 6, 1001, 4;
1, 256, 1, 1, 1, 1, 6, 1001, 4;
1, 256, 0, -1, -1, -1, 4, 998, 1;
1, 256, 0, 0, 0, 0, 4, 999, 2;
1, 256, 0, -1, -1, -1, 4, 999, 2;
1, 256, 0, 0, 0, 0, 5, 1000, 3;
1, 256, 0, -1, -1, -1, 4, 999, 2;
1, 256, 0, 0, 0, 0, 5, 999, 3;
1, 256, 0, 0, 0, 0, 4, 999, 2;
1, 256, 0, 0, 0, 0, 5, 1000, 3;
1, 256, 0, 0, 0, 0, 5, 1000, 3;
1, 256, 0, 1, 1, 1, 5, 1000, 3;
1, 256, 0, -1, -1, -1, 4, 999, 2;
1, 256, 0, 1, 1, 1, 5, 1000, 3;
1, 256, 0, 1, 1, 1, 5, 1000, 3;
1, 256, 0, -1, -1, -1, 4, 999, 2;
1, 256, 1, 1, 1, 1, 6, 1000, 3;
1, 256, 0, 0, 0, 0, 4, 999, 2;
1, 256, 0, 0, 0, 0, 4, 999, 2;
1, 256, 0, -1, -1, -1, 4, 999, 2;
1, 256, 0, -1, -1, -1, 4, 999, 2;
1, 256, 0, 0, 0, 0, 5, 1000, 3;
1, 256, 0, 0, 0, 0, 4, 999, 2;
1, 256, 0, 0, 0, 0, 5, 1000, 3;
1, 256, 0, 0, 0, 0, 5, 1000, 3;
1, 256, 0, 1, 1, 1, 5, 1000, 3;
1, 256, 0, 0, 0, 0, 5, 999, 3;
1, 256, 0, -1, -1, -1, 4, 999, 2;
1, 256, 0, 0, 0, 0, 5, 1000, 3;
1, 256, 0, -1, -1, -1, 3, 998, 1;
1, 256, 1, 1, 1, 1, 6, 1001, 4;
1, 256, 0, 1, 1, 1, 5, 1000, 3;
1, 256, 0, -1, -1, -1, 3, 998, 1;
1, 256, 0, -1, -1, -1, 3, 998, 1;